X,Y,Z
0.0,0.0,-2727.4
100.0,0.0,-2739.2
200.0,0.0,-2743.3
300.0,0.0,-2737.4
400.0,0.0,-2743.6
500.0,0.0,-2747.5
600.0,0.0,-2744.9
700.0,0.0,-2752.1
800.0,0.0,-2755.3
900.0,0.0,-2750.4
1000.0,0.0,-2750.5
1100.0,0.0,-2749.1
1200.0,0.0,-2753.5
1300.0,0.0,-2755.2
1400.0,0.0,-2748.7
1500.0,0.0,-2749.8
1600.0,0.0,-2752.1
1700.0,0.0,-2743.4
1800.0,0.0,-2748.1
1900.0,0.0,-2740.2
2000.0,0.0,-2732.7
2100.0,0.0,-2729.6
2200.0,0.0,-2725.0
2300.0,0.0,-2723.5
2400.0,0.0,-2717.3
2500.0,0.0,-2706.4
2600.0,0.0,-2706.5
2700.0,0.0,-2700.5
2800.0,0.0,-2696.7
2900.0,0.0,-2691.0
3000.0,0.0,-2683.4
3100.0,0.0,-2672.2
3200.0,0.0,-2667.2
3300.0,0.0,-2657.1
3400.0,0.0,-2654.8
3500.0,0.0,-2649.6
3600.0,0.0,-2646.0
3700.0,0.0,-2639.4
3800.0,0.0,-2634.3
3900.0,0.0,-2634.1
4000.0,0.0,-2630.6
4100.0,0.0,-2632.7
4200.0,0.0,-2629.1
4300.0,0.0,-2624.3
4400.0,0.0,-2628.0
4500.0,0.0,-2622.9
4600.0,0.0,-2630.6
4700.0,0.0,-2623.9
4800.0,0.0,-2630.9
4900.0,0.0,-2627.5
5000.0,0.0,-2630.2
5100.0,0.0,-2633.8
5200.0,0.0,-2637.8
5300.0,0.0,-2639.1
5400.0,0.0,-2641.4
5500.0,0.0,-2648.6
5600.0,0.0,-2648.5
5700.0,0.0,-2658.5
5800.0,0.0,-2657.2
5900.0,0.0,-2658.4
6000.0,0.0,-2662.7
6100.0,0.0,-2663.1
6200.0,0.0,-2663.3
6300.0,0.0,-2668.3
6400.0,0.0,-2670.8
6500.0,0.0,-2669.5
6600.0,0.0,-2670.1
6700.0,0.0,-2668.6
6800.0,0.0,-2675.4
6900.0,0.0,-2675.0
7000.0,0.0,-2667.2
7100.0,0.0,-2666.7
7200.0,0.0,-2672.0
7300.0,0.0,-2670.3
7400.0,0.0,-2660.5
7500.0,0.0,-2663.7
7600.0,0.0,-2655.8
7700.0,0.0,-2657.3
7800.0,0.0,-2649.2
7900.0,0.0,-2649.0
8000.0,0.0,-2646.6
8100.0,0.0,-2646.3
8200.0,0.0,-2643.0
8300.0,0.0,-2638.8
8400.0,0.0,-2640.7
8500.0,0.0,-2639.3
8600.0,0.0,-2640.7
8700.0,0.0,-2638.2
8800.0,0.0,-2637.9
8900.0,0.0,-2642.6
9000.0,0.0,-2638.8
9100.0,0.0,-2635.1
9200.0,0.0,-2641.8
9300.0,0.0,-2639.2
9400.0,0.0,-2646.8
9500.0,0.0,-2647.3
9600.0,0.0,-2650.6
9700.0,0.0,-2648.5
9800.0,0.0,-2652.4
9900.0,0.0,-2659.8
10000.0,0.0,-2661.1
10100.0,0.0,-2667.4
10200.0,0.0,-2667.0
10300.0,0.0,-2669.0
10400.0,0.0,-2676.3
10500.0,0.0,-2675.7
10600.0,0.0,-2675.1
10700.0,0.0,-2668.5
10800.0,0.0,-2680.8
10900.0,0.0,-2679.5
11000.0,0.0,-2682.0
11100.0,0.0,-2688.8
11200.0,0.0,-2678.9
11300.0,0.0,-2685.8
11400.0,0.0,-2678.7
11500.0,0.0,-2683.0
11600.0,0.0,-2685.7
11700.0,0.0,-2686.3
11800.0,0.0,-2686.6
11900.0,0.0,-2680.8
12000.0,0.0,-2691.2
12100.0,0.0,-2689.0
12200.0,0.0,-2682.1
12300.0,0.0,-2678.9
12400.0,0.0,-2688.8
12500.0,0.0,-2674.3
12600.0,0.0,-2680.0
12700.0,0.0,-2680.1
12800.0,0.0,-2682.8
12900.0,0.0,-2680.5
13000.0,0.0,-2679.3
13100.0,0.0,-2680.4
13200.0,0.0,-2674.1
13300.0,0.0,-2678.7
13400.0,0.0,-2673.3
13500.0,0.0,-2676.0
13600.0,0.0,-2673.2
13700.0,0.0,-2666.3
13800.0,0.0,-2666.0
13900.0,0.0,-2670.2
14000.0,0.0,-2669.3
14100.0,0.0,-2664.2
14200.0,0.0,-2665.0
14300.0,0.0,-2662.1
14400.0,0.0,-2660.2
14500.0,0.0,-2659.4
14600.0,0.0,-2658.0
14700.0,0.0,-2647.3
14800.0,0.0,-2648.6
14900.0,0.0,-2643.4
15000.0,0.0,-2636.9
15100.0,0.0,-2631.8
15200.0,0.0,-2633.3
15300.0,0.0,-2628.6
15400.0,0.0,-2631.3
15500.0,0.0,-2619.3
15600.0,0.0,-2621.4
15700.0,0.0,-2616.8
15800.0,0.0,-2613.3
15900.0,0.0,-2609.1
16000.0,0.0,-2605.7
16100.0,0.0,-2604.2
16200.0,0.0,-2602.7
16300.0,0.0,-2605.6
16400.0,0.0,-2601.7
16500.0,0.0,-2596.1
16600.0,0.0,-2591.8
16700.0,0.0,-2596.0
16800.0,0.0,-2591.9
16900.0,0.0,-2587.3
17000.0,0.0,-2586.7
17100.0,0.0,-2586.9
17200.0,0.0,-2591.1
17300.0,0.0,-2582.5
17400.0,0.0,-2582.1
17500.0,0.0,-2578.6
17600.0,0.0,-2578.7
17700.0,0.0,-2583.9
17800.0,0.0,-2576.0
17900.0,0.0,-2571.3
18000.0,0.0,-2572.3
18100.0,0.0,-2569.6
18200.0,0.0,-2566.7
18300.0,0.0,-2562.0
18400.0,0.0,-2560.6
18500.0,0.0,-2559.8
18600.0,0.0,-2557.1
18700.0,0.0,-2557.7
18800.0,0.0,-2549.9
18900.0,0.0,-2549.7
19000.0,0.0,-2550.6
19100.0,0.0,-2546.0
19200.0,0.0,-2542.2
19300.0,0.0,-2545.3
19400.0,0.0,-2541.5
19500.0,0.0,-2541.2
19600.0,0.0,-2539.8
19700.0,0.0,-2545.1
19800.0,0.0,-2544.3
19900.0,0.0,-2550.3
20000.0,0.0,-2563.2
0.0,100.0,-2732.8
100.0,100.0,-2733.6
200.0,100.0,-2744.8
300.0,100.0,-2740.0
400.0,100.0,-2743.3
500.0,100.0,-2746.7
600.0,100.0,-2752.1
700.0,100.0,-2748.2
800.0,100.0,-2751.7
900.0,100.0,-2754.7
1000.0,100.0,-2755.7
1100.0,100.0,-2759.4
1200.0,100.0,-2754.4
1300.0,100.0,-2750.1
1400.0,100.0,-2751.1
1500.0,100.0,-2748.1
1600.0,100.0,-2753.9
1700.0,100.0,-2744.8
1800.0,100.0,-2743.3
1900.0,100.0,-2747.5
2000.0,100.0,-2741.8
2100.0,100.0,-2731.3
2200.0,100.0,-2728.2
2300.0,100.0,-2720.7
2400.0,100.0,-2717.9
2500.0,100.0,-2713.9
2600.0,100.0,-2707.5
2700.0,100.0,-2701.8
2800.0,100.0,-2699.7
2900.0,100.0,-2692.7
3000.0,100.0,-2684.9
3100.0,100.0,-2675.0
3200.0,100.0,-2667.3
3300.0,100.0,-2662.8
3400.0,100.0,-2660.9
3500.0,100.0,-2655.3
3600.0,100.0,-2647.6
3700.0,100.0,-2649.6
3800.0,100.0,-2643.0
3900.0,100.0,-2633.6
4000.0,100.0,-2639.0
4100.0,100.0,-2638.9
4200.0,100.0,-2628.3
4300.0,100.0,-2629.0
4400.0,100.0,-2626.7
4500.0,100.0,-2622.5
4600.0,100.0,-2624.4
4700.0,100.0,-2622.5
4800.0,100.0,-2626.9
4900.0,100.0,-2633.2
5000.0,100.0,-2632.5
5100.0,100.0,-2638.0
5200.0,100.0,-2637.8
5300.0,100.0,-2645.8
5400.0,100.0,-2641.3
5500.0,100.0,-2647.3
5600.0,100.0,-2648.2
5700.0,100.0,-2657.2
5800.0,100.0,-2657.3
5900.0,100.0,-2659.7
6000.0,100.0,-2666.8
6100.0,100.0,-2665.5
6200.0,100.0,-2669.1
6300.0,100.0,-2667.4
6400.0,100.0,-2668.6
6500.0,100.0,-2676.1
6600.0,100.0,-2680.3
6700.0,100.0,-2670.8
6800.0,100.0,-2676.7
6900.0,100.0,-2675.4
7000.0,100.0,-2674.4
7100.0,100.0,-2670.8
7200.0,100.0,-2662.2
7300.0,100.0,-2664.4
7400.0,100.0,-2662.9
7500.0,100.0,-2658.7
7600.0,100.0,-2649.8
7700.0,100.0,-2654.1
7800.0,100.0,-2656.2
7900.0,100.0,-2652.9
8000.0,100.0,-2650.5
8100.0,100.0,-2644.5
8200.0,100.0,-2645.6
8300.0,100.0,-2648.8
8400.0,100.0,-2639.7
8500.0,100.0,-2641.8
8600.0,100.0,-2638.9
8700.0,100.0,-2640.2
8800.0,100.0,-2639.6
8900.0,100.0,-2635.3
9000.0,100.0,-2639.6
9100.0,100.0,-2640.5
9200.0,100.0,-2646.7
9300.0,100.0,-2639.2
9400.0,100.0,-2646.6
9500.0,100.0,-2648.2
9600.0,100.0,-2650.7
9700.0,100.0,-2649.9
9800.0,100.0,-2652.2
9900.0,100.0,-2658.5
10000.0,100.0,-2661.8
10100.0,100.0,-2661.3
10200.0,100.0,-2665.7
10300.0,100.0,-2664.5
10400.0,100.0,-2664.9
10500.0,100.0,-2677.1
10600.0,100.0,-2675.7
10700.0,100.0,-2672.9
10800.0,100.0,-2678.4
10900.0,100.0,-2683.0
11000.0,100.0,-2678.1
11100.0,100.0,-2685.9
11200.0,100.0,-2679.0
11300.0,100.0,-2682.9
11400.0,100.0,-2683.1
11500.0,100.0,-2684.5
11600.0,100.0,-2685.0
11700.0,100.0,-2691.1
11800.0,100.0,-2689.6
11900.0,100.0,-2676.7
12000.0,100.0,-2684.1
12100.0,100.0,-2686.9
12200.0,100.0,-2682.2
12300.0,100.0,-2685.1
12400.0,100.0,-2684.9
12500.0,100.0,-2681.0
12600.0,100.0,-2678.8
12700.0,100.0,-2680.5
12800.0,100.0,-2675.4
12900.0,100.0,-2682.4
13000.0,100.0,-2682.4
13100.0,100.0,-2673.4
13200.0,100.0,-2678.0
13300.0,100.0,-2681.8
13400.0,100.0,-2676.8
13500.0,100.0,-2675.9
13600.0,100.0,-2673.1
13700.0,100.0,-2679.1
13800.0,100.0,-2669.7
13900.0,100.0,-2666.4
14000.0,100.0,-2666.0
14100.0,100.0,-2665.0
14200.0,100.0,-2656.2
14300.0,100.0,-2665.6
14400.0,100.0,-2659.6
14500.0,100.0,-2657.1
14600.0,100.0,-2646.0
14700.0,100.0,-2651.7
14800.0,100.0,-2649.6
14900.0,100.0,-2641.5
15000.0,100.0,-2643.9
15100.0,100.0,-2630.5
15200.0,100.0,-2626.2
15300.0,100.0,-2632.6
15400.0,100.0,-2622.7
15500.0,100.0,-2613.9
15600.0,100.0,-2611.5
15700.0,100.0,-2614.2
15800.0,100.0,-2612.8
15900.0,100.0,-2612.8
16000.0,100.0,-2601.1
16100.0,100.0,-2604.2
16200.0,100.0,-2601.8
16300.0,100.0,-2602.9
16400.0,100.0,-2596.4
16500.0,100.0,-2586.4
16600.0,100.0,-2592.7
16700.0,100.0,-2589.2
16800.0,100.0,-2584.8
16900.0,100.0,-2593.4
17000.0,100.0,-2588.0
17100.0,100.0,-2586.5
17200.0,100.0,-2589.6
17300.0,100.0,-2582.4
17400.0,100.0,-2583.5
17500.0,100.0,-2581.0
17600.0,100.0,-2582.5
17700.0,100.0,-2580.4
17800.0,100.0,-2580.5
17900.0,100.0,-2576.3
18000.0,100.0,-2570.8
18100.0,100.0,-2568.4
18200.0,100.0,-2564.9
18300.0,100.0,-2569.6
18400.0,100.0,-2571.8
18500.0,100.0,-2564.5
18600.0,100.0,-2568.5
18700.0,100.0,-2558.8
18800.0,100.0,-2554.3
18900.0,100.0,-2561.9
19000.0,100.0,-2556.2
19100.0,100.0,-2550.5
19200.0,100.0,-2547.4
19300.0,100.0,-2549.8
19400.0,100.0,-2548.5
19500.0,100.0,-2553.3
19600.0,100.0,-2552.6
19700.0,100.0,-2550.4
19800.0,100.0,-2547.9
19900.0,100.0,-2553.8
20000.0,100.0,-2563.0
0.0,200.0,-2733.1
100.0,200.0,-2741.5
200.0,200.0,-2739.9
300.0,200.0,-2738.4
400.0,200.0,-2746.8
500.0,200.0,-2746.3
600.0,200.0,-2744.4
700.0,200.0,-2748.6
800.0,200.0,-2753.3
900.0,200.0,-2753.0
1000.0,200.0,-2755.1
1100.0,200.0,-2753.2
1200.0,200.0,-2754.5
1300.0,200.0,-2753.7
1400.0,200.0,-2754.3
1500.0,200.0,-2753.0
1600.0,200.0,-2750.2
1700.0,200.0,-2750.7
1800.0,200.0,-2745.5
1900.0,200.0,-2733.2
2000.0,200.0,-2735.2
2100.0,200.0,-2740.0
2200.0,200.0,-2732.1
2300.0,200.0,-2726.2
2400.0,200.0,-2721.8
2500.0,200.0,-2716.9
2600.0,200.0,-2707.8
2700.0,200.0,-2704.9
2800.0,200.0,-2695.8
2900.0,200.0,-2695.8
3000.0,200.0,-2688.7
3100.0,200.0,-2677.7
3200.0,200.0,-2677.9
3300.0,200.0,-2671.3
3400.0,200.0,-2658.3
3500.0,200.0,-2658.4
3600.0,200.0,-2656.0
3700.0,200.0,-2652.2
3800.0,200.0,-2645.4
3900.0,200.0,-2644.1
4000.0,200.0,-2637.4
4100.0,200.0,-2632.6
4200.0,200.0,-2636.9
4300.0,200.0,-2626.6
4400.0,200.0,-2633.7
4500.0,200.0,-2632.0
4600.0,200.0,-2629.6
4700.0,200.0,-2633.9
4800.0,200.0,-2634.0
4900.0,200.0,-2634.9
5000.0,200.0,-2632.9
5100.0,200.0,-2640.3
5200.0,200.0,-2642.1
5300.0,200.0,-2643.2
5400.0,200.0,-2645.4
5500.0,200.0,-2649.3
5600.0,200.0,-2654.8
5700.0,200.0,-2660.1
5800.0,200.0,-2654.4
5900.0,200.0,-2663.0
6000.0,200.0,-2664.4
6100.0,200.0,-2668.2
6200.0,200.0,-2663.3
6300.0,200.0,-2674.3
6400.0,200.0,-2677.2
6500.0,200.0,-2677.9
6600.0,200.0,-2673.8
6700.0,200.0,-2685.3
6800.0,200.0,-2673.7
6900.0,200.0,-2675.7
7000.0,200.0,-2673.7
7100.0,200.0,-2670.9
7200.0,200.0,-2669.8
7300.0,200.0,-2667.6
7400.0,200.0,-2669.9
7500.0,200.0,-2662.2
7600.0,200.0,-2662.9
7700.0,200.0,-2654.1
7800.0,200.0,-2659.0
7900.0,200.0,-2654.2
8000.0,200.0,-2651.3
8100.0,200.0,-2650.4
8200.0,200.0,-2642.7
8300.0,200.0,-2648.5
8400.0,200.0,-2650.8
8500.0,200.0,-2638.2
8600.0,200.0,-2638.7
8700.0,200.0,-2637.6
8800.0,200.0,-2635.8
8900.0,200.0,-2635.3
9000.0,200.0,-2638.1
9100.0,200.0,-2636.7
9200.0,200.0,-2638.9
9300.0,200.0,-2640.7
9400.0,200.0,-2637.3
9500.0,200.0,-2646.3
9600.0,200.0,-2647.3
9700.0,200.0,-2653.3
9800.0,200.0,-2647.8
9900.0,200.0,-2655.1
10000.0,200.0,-2655.7
10100.0,200.0,-2659.1
10200.0,200.0,-2667.4
10300.0,200.0,-2662.5
10400.0,200.0,-2666.4
10500.0,200.0,-2674.5
10600.0,200.0,-2675.3
10700.0,200.0,-2675.8
10800.0,200.0,-2674.1
10900.0,200.0,-2676.6
11000.0,200.0,-2681.7
11100.0,200.0,-2686.7
11200.0,200.0,-2685.9
11300.0,200.0,-2680.0
11400.0,200.0,-2680.1
11500.0,200.0,-2682.2
11600.0,200.0,-2684.7
11700.0,200.0,-2685.2
11800.0,200.0,-2685.0
11900.0,200.0,-2683.5
12000.0,200.0,-2684.2
12100.0,200.0,-2683.3
12200.0,200.0,-2690.5
12300.0,200.0,-2685.7
12400.0,200.0,-2682.7
12500.0,200.0,-2683.1
12600.0,200.0,-2684.2
12700.0,200.0,-2688.2
12800.0,200.0,-2686.5
12900.0,200.0,-2681.9
13000.0,200.0,-2682.7
13100.0,200.0,-2680.6
13200.0,200.0,-2677.7
13300.0,200.0,-2682.8
13400.0,200.0,-2677.7
13500.0,200.0,-2675.4
13600.0,200.0,-2672.0
13700.0,200.0,-2674.9
13800.0,200.0,-2670.8
13900.0,200.0,-2672.0
14000.0,200.0,-2663.9
14100.0,200.0,-2665.9
14200.0,200.0,-2662.0
14300.0,200.0,-2659.9
14400.0,200.0,-2659.2
14500.0,200.0,-2652.5
14600.0,200.0,-2647.0
14700.0,200.0,-2646.5
14800.0,200.0,-2643.2
14900.0,200.0,-2645.3
15000.0,200.0,-2636.8
15100.0,200.0,-2635.4
15200.0,200.0,-2631.6
15300.0,200.0,-2625.7
15400.0,200.0,-2618.4
15500.0,200.0,-2614.4
15600.0,200.0,-2615.3
15700.0,200.0,-2610.4
15800.0,200.0,-2609.4
15900.0,200.0,-2601.1
16000.0,200.0,-2605.2
16100.0,200.0,-2599.4
16200.0,200.0,-2599.7
16300.0,200.0,-2592.9
16400.0,200.0,-2595.4
16500.0,200.0,-2587.8
16600.0,200.0,-2592.6
16700.0,200.0,-2586.6
16800.0,200.0,-2587.2
16900.0,200.0,-2586.9
17000.0,200.0,-2586.2
17100.0,200.0,-2585.0
17200.0,200.0,-2583.7
17300.0,200.0,-2584.5
17400.0,200.0,-2578.0
17500.0,200.0,-2580.9
17600.0,200.0,-2577.8
17700.0,200.0,-2572.8
17800.0,200.0,-2584.1
17900.0,200.0,-2578.3
18000.0,200.0,-2577.2
18100.0,200.0,-2572.4
18200.0,200.0,-2572.3
18300.0,200.0,-2570.9
18400.0,200.0,-2565.6
18500.0,200.0,-2569.6
18600.0,200.0,-2567.0
18700.0,200.0,-2561.2
18800.0,200.0,-2562.3
18900.0,200.0,-2563.6
19000.0,200.0,-2560.6
19100.0,200.0,-2558.7
19200.0,200.0,-2557.4
19300.0,200.0,-2553.5
19400.0,200.0,-2557.7
19500.0,200.0,-2549.0
19600.0,200.0,-2550.3
19700.0,200.0,-2555.1
19800.0,200.0,-2555.3
19900.0,200.0,-2561.2
20000.0,200.0,-2565.0
0.0,300.0,-2729.4
100.0,300.0,-2738.1
200.0,300.0,-2738.8
300.0,300.0,-2740.9
400.0,300.0,-2747.9
500.0,300.0,-2744.9
600.0,300.0,-2750.3
700.0,300.0,-2748.4
800.0,300.0,-2750.9
900.0,300.0,-2754.0
1000.0,300.0,-2752.2
1100.0,300.0,-2750.6
1200.0,300.0,-2756.2
1300.0,300.0,-2750.6
1400.0,300.0,-2747.5
1500.0,300.0,-2750.8
1600.0,300.0,-2746.9
1700.0,300.0,-2750.7
1800.0,300.0,-2745.9
1900.0,300.0,-2737.1
2000.0,300.0,-2740.7
2100.0,300.0,-2736.7
2200.0,300.0,-2729.2
2300.0,300.0,-2724.5
2400.0,300.0,-2721.3
2500.0,300.0,-2719.3
2600.0,300.0,-2711.7
2700.0,300.0,-2705.4
2800.0,300.0,-2697.8
2900.0,300.0,-2696.5
3000.0,300.0,-2687.9
3100.0,300.0,-2685.9
3200.0,300.0,-2677.5
3300.0,300.0,-2677.6
3400.0,300.0,-2665.8
3500.0,300.0,-2667.4
3600.0,300.0,-2657.1
3700.0,300.0,-2651.3
3800.0,300.0,-2645.1
3900.0,300.0,-2640.8
4000.0,300.0,-2643.3
4100.0,300.0,-2642.8
4200.0,300.0,-2636.1
4300.0,300.0,-2638.7
4400.0,300.0,-2636.8
4500.0,300.0,-2635.1
4600.0,300.0,-2637.1
4700.0,300.0,-2634.7
4800.0,300.0,-2636.4
4900.0,300.0,-2636.5
5000.0,300.0,-2638.3
5100.0,300.0,-2641.9
5200.0,300.0,-2641.1
5300.0,300.0,-2643.5
5400.0,300.0,-2654.0
5500.0,300.0,-2651.2
5600.0,300.0,-2653.2
5700.0,300.0,-2658.2
5800.0,300.0,-2657.4
5900.0,300.0,-2665.7
6000.0,300.0,-2668.9
6100.0,300.0,-2667.3
6200.0,300.0,-2670.5
6300.0,300.0,-2678.5
6400.0,300.0,-2677.3
6500.0,300.0,-2680.6
6600.0,300.0,-2677.2
6700.0,300.0,-2677.2
6800.0,300.0,-2679.7
6900.0,300.0,-2679.4
7000.0,300.0,-2674.7
7100.0,300.0,-2673.1
7200.0,300.0,-2667.3
7300.0,300.0,-2676.8
7400.0,300.0,-2673.2
7500.0,300.0,-2670.2
7600.0,300.0,-2664.4
7700.0,300.0,-2667.9
7800.0,300.0,-2662.6
7900.0,300.0,-2656.3
8000.0,300.0,-2651.9
8100.0,300.0,-2653.4
8200.0,300.0,-2656.2
8300.0,300.0,-2645.4
8400.0,300.0,-2642.9
8500.0,300.0,-2641.8
8600.0,300.0,-2639.5
8700.0,300.0,-2637.8
8800.0,300.0,-2639.9
8900.0,300.0,-2638.8
9000.0,300.0,-2632.8
9100.0,300.0,-2634.3
9200.0,300.0,-2635.0
9300.0,300.0,-2639.4
9400.0,300.0,-2635.4
9500.0,300.0,-2648.2
9600.0,300.0,-2646.4
9700.0,300.0,-2644.2
9800.0,300.0,-2641.6
9900.0,300.0,-2651.3
10000.0,300.0,-2656.7
10100.0,300.0,-2658.8
10200.0,300.0,-2658.6
10300.0,300.0,-2661.3
10400.0,300.0,-2671.1
10500.0,300.0,-2670.1
10600.0,300.0,-2672.7
10700.0,300.0,-2672.6
10800.0,300.0,-2673.6
10900.0,300.0,-2673.8
11000.0,300.0,-2682.7
11100.0,300.0,-2680.3
11200.0,300.0,-2685.8
11300.0,300.0,-2683.7
11400.0,300.0,-2693.5
11500.0,300.0,-2689.7
11600.0,300.0,-2686.1
11700.0,300.0,-2687.7
11800.0,300.0,-2685.3
11900.0,300.0,-2688.7
12000.0,300.0,-2688.4
12100.0,300.0,-2684.6
12200.0,300.0,-2684.9
12300.0,300.0,-2681.2
12400.0,300.0,-2685.5
12500.0,300.0,-2685.2
12600.0,300.0,-2687.5
12700.0,300.0,-2684.8
12800.0,300.0,-2682.2
12900.0,300.0,-2679.9
13000.0,300.0,-2681.2
13100.0,300.0,-2681.3
13200.0,300.0,-2681.9
13300.0,300.0,-2680.1
13400.0,300.0,-2676.4
13500.0,300.0,-2680.0
13600.0,300.0,-2678.1
13700.0,300.0,-2676.5
13800.0,300.0,-2679.2
13900.0,300.0,-2666.0
14000.0,300.0,-2665.9
14100.0,300.0,-2664.3
14200.0,300.0,-2661.4
14300.0,300.0,-2660.8
14400.0,300.0,-2657.7
14500.0,300.0,-2653.8
14600.0,300.0,-2652.5
14700.0,300.0,-2655.5
14800.0,300.0,-2639.2
14900.0,300.0,-2643.8
15000.0,300.0,-2636.8
15100.0,300.0,-2632.9
15200.0,300.0,-2628.4
15300.0,300.0,-2624.6
15400.0,300.0,-2621.5
15500.0,300.0,-2611.7
15600.0,300.0,-2617.3
15700.0,300.0,-2615.8
15800.0,300.0,-2606.1
15900.0,300.0,-2600.2
16000.0,300.0,-2604.2
16100.0,300.0,-2594.3
16200.0,300.0,-2593.2
16300.0,300.0,-2590.6
16400.0,300.0,-2585.7
16500.0,300.0,-2587.5
16600.0,300.0,-2587.5
16700.0,300.0,-2592.8
16800.0,300.0,-2585.9
16900.0,300.0,-2582.1
17000.0,300.0,-2587.3
17100.0,300.0,-2581.6
17200.0,300.0,-2586.1
17300.0,300.0,-2583.0
17400.0,300.0,-2584.8
17500.0,300.0,-2582.6
17600.0,300.0,-2582.0
17700.0,300.0,-2581.5
17800.0,300.0,-2581.1
17900.0,300.0,-2579.1
18000.0,300.0,-2578.0
18100.0,300.0,-2577.2
18200.0,300.0,-2572.4
18300.0,300.0,-2571.4
18400.0,300.0,-2566.6
18500.0,300.0,-2573.8
18600.0,300.0,-2568.7
18700.0,300.0,-2561.9
18800.0,300.0,-2560.6
18900.0,300.0,-2564.5
19000.0,300.0,-2565.7
19100.0,300.0,-2564.3
19200.0,300.0,-2562.5
19300.0,300.0,-2559.6
19400.0,300.0,-2558.3
19500.0,300.0,-2563.5
19600.0,300.0,-2563.4
19700.0,300.0,-2558.4
19800.0,300.0,-2565.4
19900.0,300.0,-2566.7
20000.0,300.0,-2568.9
0.0,400.0,-2736.5
100.0,400.0,-2735.9
200.0,400.0,-2735.8
300.0,400.0,-2740.6
400.0,400.0,-2742.2
500.0,400.0,-2745.9
600.0,400.0,-2749.1
700.0,400.0,-2753.4
800.0,400.0,-2748.2
900.0,400.0,-2750.2
1000.0,400.0,-2752.8
1100.0,400.0,-2753.7
1200.0,400.0,-2751.4
1300.0,400.0,-2750.6
1400.0,400.0,-2751.6
1500.0,400.0,-2749.3
1600.0,400.0,-2744.7
1700.0,400.0,-2748.2
1800.0,400.0,-2742.6
1900.0,400.0,-2742.0
2000.0,400.0,-2740.8
2100.0,400.0,-2736.2
2200.0,400.0,-2730.2
2300.0,400.0,-2726.4
2400.0,400.0,-2729.7
2500.0,400.0,-2717.9
2600.0,400.0,-2709.6
2700.0,400.0,-2705.5
2800.0,400.0,-2704.6
2900.0,400.0,-2693.0
3000.0,400.0,-2695.1
3100.0,400.0,-2688.9
3200.0,400.0,-2684.5
3300.0,400.0,-2680.0
3400.0,400.0,-2676.6
3500.0,400.0,-2669.3
3600.0,400.0,-2659.1
3700.0,400.0,-2659.6
3800.0,400.0,-2656.1
3900.0,400.0,-2653.1
4000.0,400.0,-2647.2
4100.0,400.0,-2643.3
4200.0,400.0,-2643.7
4300.0,400.0,-2639.6
4400.0,400.0,-2638.8
4500.0,400.0,-2633.2
4600.0,400.0,-2641.5
4700.0,400.0,-2638.4
4800.0,400.0,-2637.2
4900.0,400.0,-2641.3
5000.0,400.0,-2643.2
5100.0,400.0,-2648.8
5200.0,400.0,-2645.4
5300.0,400.0,-2646.4
5400.0,400.0,-2651.1
5500.0,400.0,-2656.8
5600.0,400.0,-2654.6
5700.0,400.0,-2662.4
5800.0,400.0,-2664.6
5900.0,400.0,-2664.0
6000.0,400.0,-2674.7
6100.0,400.0,-2667.9
6200.0,400.0,-2672.8
6300.0,400.0,-2673.8
6400.0,400.0,-2685.3
6500.0,400.0,-2686.1
6600.0,400.0,-2679.0
6700.0,400.0,-2681.5
6800.0,400.0,-2682.8
6900.0,400.0,-2683.0
7000.0,400.0,-2678.5
7100.0,400.0,-2676.3
7200.0,400.0,-2674.1
7300.0,400.0,-2675.2
7400.0,400.0,-2675.9
7500.0,400.0,-2663.5
7600.0,400.0,-2672.0
7700.0,400.0,-2667.6
7800.0,400.0,-2662.1
7900.0,400.0,-2660.8
8000.0,400.0,-2656.4
8100.0,400.0,-2653.8
8200.0,400.0,-2647.8
8300.0,400.0,-2642.6
8400.0,400.0,-2648.8
8500.0,400.0,-2641.4
8600.0,400.0,-2637.4
8700.0,400.0,-2640.5
8800.0,400.0,-2635.5
8900.0,400.0,-2639.3
9000.0,400.0,-2632.6
9100.0,400.0,-2637.3
9200.0,400.0,-2633.7
9300.0,400.0,-2637.0
9400.0,400.0,-2641.3
9500.0,400.0,-2638.3
9600.0,400.0,-2640.6
9700.0,400.0,-2646.1
9800.0,400.0,-2654.8
9900.0,400.0,-2646.8
10000.0,400.0,-2655.4
10100.0,400.0,-2659.7
10200.0,400.0,-2656.6
10300.0,400.0,-2661.3
10400.0,400.0,-2662.4
10500.0,400.0,-2668.4
10600.0,400.0,-2675.2
10700.0,400.0,-2672.8
10800.0,400.0,-2669.1
10900.0,400.0,-2679.2
11000.0,400.0,-2684.2
11100.0,400.0,-2684.3
11200.0,400.0,-2679.8
11300.0,400.0,-2679.0
11400.0,400.0,-2682.5
11500.0,400.0,-2684.2
11600.0,400.0,-2684.5
11700.0,400.0,-2684.6
11800.0,400.0,-2688.8
11900.0,400.0,-2685.8
12000.0,400.0,-2688.0
12100.0,400.0,-2689.3
12200.0,400.0,-2684.7
12300.0,400.0,-2686.0
12400.0,400.0,-2686.5
12500.0,400.0,-2687.5
12600.0,400.0,-2687.4
12700.0,400.0,-2690.3
12800.0,400.0,-2680.4
12900.0,400.0,-2679.6
13000.0,400.0,-2682.1
13100.0,400.0,-2683.3
13200.0,400.0,-2680.4
13300.0,400.0,-2680.2
13400.0,400.0,-2676.5
13500.0,400.0,-2683.5
13600.0,400.0,-2676.7
13700.0,400.0,-2675.6
13800.0,400.0,-2675.0
13900.0,400.0,-2667.8
14000.0,400.0,-2663.4
14100.0,400.0,-2662.4
14200.0,400.0,-2667.3
14300.0,400.0,-2658.4
14400.0,400.0,-2660.1
14500.0,400.0,-2652.1
14600.0,400.0,-2649.9
14700.0,400.0,-2653.2
14800.0,400.0,-2645.7
14900.0,400.0,-2640.9
15000.0,400.0,-2639.5
15100.0,400.0,-2627.1
15200.0,400.0,-2629.4
15300.0,400.0,-2623.5
15400.0,400.0,-2622.2
15500.0,400.0,-2616.7
15600.0,400.0,-2611.1
15700.0,400.0,-2601.2
15800.0,400.0,-2608.1
15900.0,400.0,-2599.6
16000.0,400.0,-2599.9
16100.0,400.0,-2592.5
16200.0,400.0,-2588.5
16300.0,400.0,-2590.1
16400.0,400.0,-2589.8
16500.0,400.0,-2581.9
16600.0,400.0,-2589.2
16700.0,400.0,-2581.0
16800.0,400.0,-2577.9
16900.0,400.0,-2571.6
17000.0,400.0,-2584.2
17100.0,400.0,-2578.9
17200.0,400.0,-2579.7
17300.0,400.0,-2587.4
17400.0,400.0,-2582.5
17500.0,400.0,-2579.4
17600.0,400.0,-2578.9
17700.0,400.0,-2584.7
17800.0,400.0,-2576.5
17900.0,400.0,-2581.0
18000.0,400.0,-2581.2
18100.0,400.0,-2574.7
18200.0,400.0,-2578.4
18300.0,400.0,-2578.6
18400.0,400.0,-2571.6
18500.0,400.0,-2573.7
18600.0,400.0,-2571.8
18700.0,400.0,-2573.8
18800.0,400.0,-2566.5
18900.0,400.0,-2569.7
19000.0,400.0,-2564.8
19100.0,400.0,-2560.5
19200.0,400.0,-2567.0
19300.0,400.0,-2568.4
19400.0,400.0,-2563.0
19500.0,400.0,-2571.5
19600.0,400.0,-2563.4
19700.0,400.0,-2567.6
19800.0,400.0,-2564.5
19900.0,400.0,-2567.5
20000.0,400.0,-2567.1
0.0,500.0,-2731.9
100.0,500.0,-2734.2
200.0,500.0,-2743.4
300.0,500.0,-2746.7
400.0,500.0,-2742.0
500.0,500.0,-2748.5
600.0,500.0,-2748.9
700.0,500.0,-2746.6
800.0,500.0,-2748.6
900.0,500.0,-2746.9
1000.0,500.0,-2752.8
1100.0,500.0,-2747.2
1200.0,500.0,-2754.8
1300.0,500.0,-2756.6
1400.0,500.0,-2752.5
1500.0,500.0,-2750.5
1600.0,500.0,-2745.5
1700.0,500.0,-2740.2
1800.0,500.0,-2742.1
1900.0,500.0,-2741.7
2000.0,500.0,-2737.7
2100.0,500.0,-2735.4
2200.0,500.0,-2733.5
2300.0,500.0,-2726.8
2400.0,500.0,-2724.8
2500.0,500.0,-2718.2
2600.0,500.0,-2721.2
2700.0,500.0,-2711.2
2800.0,500.0,-2708.5
2900.0,500.0,-2700.2
3000.0,500.0,-2699.1
3100.0,500.0,-2689.6
3200.0,500.0,-2683.8
3300.0,500.0,-2679.4
3400.0,500.0,-2673.6
3500.0,500.0,-2676.0
3600.0,500.0,-2664.1
3700.0,500.0,-2665.4
3800.0,500.0,-2662.3
3900.0,500.0,-2652.4
4000.0,500.0,-2654.2
4100.0,500.0,-2645.0
4200.0,500.0,-2639.3
4300.0,500.0,-2643.6
4400.0,500.0,-2642.3
4500.0,500.0,-2643.7
4600.0,500.0,-2638.0
4700.0,500.0,-2645.3
4800.0,500.0,-2641.7
4900.0,500.0,-2647.4
5000.0,500.0,-2645.4
5100.0,500.0,-2643.1
5200.0,500.0,-2651.9
5300.0,500.0,-2656.4
5400.0,500.0,-2658.9
5500.0,500.0,-2658.3
5600.0,500.0,-2657.6
5700.0,500.0,-2664.1
5800.0,500.0,-2669.8
5900.0,500.0,-2669.3
6000.0,500.0,-2671.4
6100.0,500.0,-2667.8
6200.0,500.0,-2675.4
6300.0,500.0,-2682.5
6400.0,500.0,-2680.8
6500.0,500.0,-2685.4
6600.0,500.0,-2683.5
6700.0,500.0,-2681.0
6800.0,500.0,-2685.7
6900.0,500.0,-2682.1
7000.0,500.0,-2683.0
7100.0,500.0,-2678.8
7200.0,500.0,-2683.6
7300.0,500.0,-2678.9
7400.0,500.0,-2673.5
7500.0,500.0,-2677.7
7600.0,500.0,-2666.6
7700.0,500.0,-2665.6
7800.0,500.0,-2666.8
7900.0,500.0,-2656.2
8000.0,500.0,-2659.8
8100.0,500.0,-2652.9
8200.0,500.0,-2651.3
8300.0,500.0,-2649.8
8400.0,500.0,-2649.2
8500.0,500.0,-2640.3
8600.0,500.0,-2638.4
8700.0,500.0,-2639.8
8800.0,500.0,-2635.0
8900.0,500.0,-2634.1
9000.0,500.0,-2629.1
9100.0,500.0,-2636.4
9200.0,500.0,-2634.5
9300.0,500.0,-2639.4
9400.0,500.0,-2637.9
9500.0,500.0,-2642.8
9600.0,500.0,-2644.1
9700.0,500.0,-2646.6
9800.0,500.0,-2647.6
9900.0,500.0,-2649.6
10000.0,500.0,-2650.1
10100.0,500.0,-2656.0
10200.0,500.0,-2660.6
10300.0,500.0,-2661.8
10400.0,500.0,-2666.9
10500.0,500.0,-2659.7
10600.0,500.0,-2672.8
10700.0,500.0,-2670.9
10800.0,500.0,-2675.0
10900.0,500.0,-2673.7
11000.0,500.0,-2679.3
11100.0,500.0,-2680.2
11200.0,500.0,-2685.7
11300.0,500.0,-2680.8
11400.0,500.0,-2685.8
11500.0,500.0,-2685.5
11600.0,500.0,-2682.4
11700.0,500.0,-2684.3
11800.0,500.0,-2683.7
11900.0,500.0,-2690.2
12000.0,500.0,-2684.4
12100.0,500.0,-2683.5
12200.0,500.0,-2691.3
12300.0,500.0,-2685.3
12400.0,500.0,-2686.2
12500.0,500.0,-2684.6
12600.0,500.0,-2682.0
12700.0,500.0,-2684.1
12800.0,500.0,-2682.4
12900.0,500.0,-2687.3
13000.0,500.0,-2677.6
13100.0,500.0,-2684.2
13200.0,500.0,-2677.8
13300.0,500.0,-2681.6
13400.0,500.0,-2679.9
13500.0,500.0,-2674.5
13600.0,500.0,-2678.0
13700.0,500.0,-2672.9
13800.0,500.0,-2669.7
13900.0,500.0,-2677.2
14000.0,500.0,-2672.2
14100.0,500.0,-2670.5
14200.0,500.0,-2662.6
14300.0,500.0,-2661.3
14400.0,500.0,-2656.3
14500.0,500.0,-2654.9
14600.0,500.0,-2649.7
14700.0,500.0,-2644.5
14800.0,500.0,-2645.0
14900.0,500.0,-2632.5
15000.0,500.0,-2633.1
15100.0,500.0,-2633.0
15200.0,500.0,-2630.1
15300.0,500.0,-2624.3
15400.0,500.0,-2613.5
15500.0,500.0,-2613.0
15600.0,500.0,-2614.2
15700.0,500.0,-2603.7
15800.0,500.0,-2596.4
15900.0,500.0,-2599.3
16000.0,500.0,-2600.3
16100.0,500.0,-2594.1
16200.0,500.0,-2588.0
16300.0,500.0,-2585.9
16400.0,500.0,-2581.9
16500.0,500.0,-2584.3
16600.0,500.0,-2584.1
16700.0,500.0,-2581.4
16800.0,500.0,-2578.2
16900.0,500.0,-2579.7
17000.0,500.0,-2574.6
17100.0,500.0,-2577.5
17200.0,500.0,-2580.5
17300.0,500.0,-2579.8
17400.0,500.0,-2581.3
17500.0,500.0,-2577.7
17600.0,500.0,-2576.6
17700.0,500.0,-2582.2
17800.0,500.0,-2577.6
17900.0,500.0,-2579.1
18000.0,500.0,-2581.7
18100.0,500.0,-2582.8
18200.0,500.0,-2583.8
18300.0,500.0,-2579.0
18400.0,500.0,-2575.1
18500.0,500.0,-2572.4
18600.0,500.0,-2577.0
18700.0,500.0,-2577.6
18800.0,500.0,-2575.4
18900.0,500.0,-2577.7
19000.0,500.0,-2572.1
19100.0,500.0,-2574.7
19200.0,500.0,-2569.7
19300.0,500.0,-2572.2
19400.0,500.0,-2570.6
19500.0,500.0,-2575.1
19600.0,500.0,-2571.5
19700.0,500.0,-2574.1
19800.0,500.0,-2576.2
19900.0,500.0,-2572.7
20000.0,500.0,-2576.2
0.0,600.0,-2734.9
100.0,600.0,-2734.3
200.0,600.0,-2733.9
300.0,600.0,-2743.3
400.0,600.0,-2742.4
500.0,600.0,-2744.4
600.0,600.0,-2748.0
700.0,600.0,-2749.3
800.0,600.0,-2750.3
900.0,600.0,-2749.9
1000.0,600.0,-2749.9
1100.0,600.0,-2746.6
1200.0,600.0,-2749.2
1300.0,600.0,-2747.7
1400.0,600.0,-2750.4
1500.0,600.0,-2748.9
1600.0,600.0,-2749.3
1700.0,600.0,-2746.3
1800.0,600.0,-2747.2
1900.0,600.0,-2740.9
2000.0,600.0,-2740.7
2100.0,600.0,-2741.1
2200.0,600.0,-2733.9
2300.0,600.0,-2727.4
2400.0,600.0,-2725.8
2500.0,600.0,-2718.5
2600.0,600.0,-2718.2
2700.0,600.0,-2712.0
2800.0,600.0,-2705.8
2900.0,600.0,-2705.8
3000.0,600.0,-2701.4
3100.0,600.0,-2696.5
3200.0,600.0,-2687.8
3300.0,600.0,-2688.6
3400.0,600.0,-2682.7
3500.0,600.0,-2681.1
3600.0,600.0,-2671.2
3700.0,600.0,-2666.9
3800.0,600.0,-2667.3
3900.0,600.0,-2663.6
4000.0,600.0,-2655.0
4100.0,600.0,-2658.6
4200.0,600.0,-2653.2
4300.0,600.0,-2651.8
4400.0,600.0,-2649.6
4500.0,600.0,-2646.0
4600.0,600.0,-2645.4
4700.0,600.0,-2650.3
4800.0,600.0,-2649.9
4900.0,600.0,-2648.1
5000.0,600.0,-2650.7
5100.0,600.0,-2650.2
5200.0,600.0,-2654.5
5300.0,600.0,-2657.2
5400.0,600.0,-2661.7
5500.0,600.0,-2654.9
5600.0,600.0,-2655.8
5700.0,600.0,-2662.4
5800.0,600.0,-2667.7
5900.0,600.0,-2673.5
6000.0,600.0,-2676.1
6100.0,600.0,-2673.3
6200.0,600.0,-2683.3
6300.0,600.0,-2682.4
6400.0,600.0,-2683.8
6500.0,600.0,-2686.6
6600.0,600.0,-2684.0
6700.0,600.0,-2688.3
6800.0,600.0,-2684.1
6900.0,600.0,-2687.6
7000.0,600.0,-2677.3
7100.0,600.0,-2686.3
7200.0,600.0,-2681.5
7300.0,600.0,-2675.7
7400.0,600.0,-2677.3
7500.0,600.0,-2672.1
7600.0,600.0,-2676.3
7700.0,600.0,-2667.9
7800.0,600.0,-2667.4
7900.0,600.0,-2664.2
8000.0,600.0,-2662.1
8100.0,600.0,-2655.8
8200.0,600.0,-2646.5
8300.0,600.0,-2652.2
8400.0,600.0,-2652.5
8500.0,600.0,-2642.3
8600.0,600.0,-2642.6
8700.0,600.0,-2637.7
8800.0,600.0,-2638.0
8900.0,600.0,-2633.7
9000.0,600.0,-2635.9
9100.0,600.0,-2641.0
9200.0,600.0,-2642.4
9300.0,600.0,-2635.5
9400.0,600.0,-2633.7
9500.0,600.0,-2643.4
9600.0,600.0,-2641.1
9700.0,600.0,-2641.7
9800.0,600.0,-2640.4
9900.0,600.0,-2652.1
10000.0,600.0,-2644.0
10100.0,600.0,-2649.7
10200.0,600.0,-2654.5
10300.0,600.0,-2656.6
10400.0,600.0,-2660.2
10500.0,600.0,-2662.1
10600.0,600.0,-2667.0
10700.0,600.0,-2670.5
10800.0,600.0,-2669.9
10900.0,600.0,-2676.9
11000.0,600.0,-2680.7
11100.0,600.0,-2676.7
11200.0,600.0,-2675.9
11300.0,600.0,-2675.0
11400.0,600.0,-2681.8
11500.0,600.0,-2680.1
11600.0,600.0,-2689.5
11700.0,600.0,-2686.4
11800.0,600.0,-2688.1
11900.0,600.0,-2687.8
12000.0,600.0,-2683.2
12100.0,600.0,-2688.6
12200.0,600.0,-2687.4
12300.0,600.0,-2682.7
12400.0,600.0,-2686.9
12500.0,600.0,-2684.0
12600.0,600.0,-2684.6
12700.0,600.0,-2688.3
12800.0,600.0,-2684.4
12900.0,600.0,-2686.8
13000.0,600.0,-2688.2
13100.0,600.0,-2681.5
13200.0,600.0,-2684.1
13300.0,600.0,-2680.5
13400.0,600.0,-2680.2
13500.0,600.0,-2675.2
13600.0,600.0,-2679.0
13700.0,600.0,-2677.2
13800.0,600.0,-2666.4
13900.0,600.0,-2668.6
14000.0,600.0,-2669.6
14100.0,600.0,-2665.9
14200.0,600.0,-2662.3
14300.0,600.0,-2659.0
14400.0,600.0,-2652.4
14500.0,600.0,-2655.0
14600.0,600.0,-2649.4
14700.0,600.0,-2648.7
14800.0,600.0,-2643.0
14900.0,600.0,-2638.4
15000.0,600.0,-2635.7
15100.0,600.0,-2633.2
15200.0,600.0,-2624.6
15300.0,600.0,-2619.4
15400.0,600.0,-2617.6
15500.0,600.0,-2607.4
15600.0,600.0,-2611.6
15700.0,600.0,-2603.5
15800.0,600.0,-2598.7
15900.0,600.0,-2603.3
16000.0,600.0,-2592.6
16100.0,600.0,-2587.1
16200.0,600.0,-2589.7
16300.0,600.0,-2587.7
16400.0,600.0,-2578.4
16500.0,600.0,-2583.0
16600.0,600.0,-2588.6
16700.0,600.0,-2574.6
16800.0,600.0,-2577.4
16900.0,600.0,-2573.0
17000.0,600.0,-2575.1
17100.0,600.0,-2573.2
17200.0,600.0,-2576.9
17300.0,600.0,-2578.0
17400.0,600.0,-2572.0
17500.0,600.0,-2578.3
17600.0,600.0,-2579.3
17700.0,600.0,-2583.4
17800.0,600.0,-2582.7
17900.0,600.0,-2585.1
18000.0,600.0,-2579.8
18100.0,600.0,-2583.8
18200.0,600.0,-2576.4
18300.0,600.0,-2585.4
18400.0,600.0,-2577.0
18500.0,600.0,-2579.9
18600.0,600.0,-2576.4
18700.0,600.0,-2579.2
18800.0,600.0,-2581.3
18900.0,600.0,-2574.6
19000.0,600.0,-2576.9
19100.0,600.0,-2577.4
19200.0,600.0,-2577.4
19300.0,600.0,-2577.9
19400.0,600.0,-2579.4
19500.0,600.0,-2575.0
19600.0,600.0,-2576.3
19700.0,600.0,-2578.5
19800.0,600.0,-2581.0
19900.0,600.0,-2577.9
20000.0,600.0,-2583.2
0.0,700.0,-2736.1
100.0,700.0,-2739.1
200.0,700.0,-2740.0
300.0,700.0,-2748.6
400.0,700.0,-2746.6
500.0,700.0,-2743.3
600.0,700.0,-2748.5
700.0,700.0,-2745.7
800.0,700.0,-2747.3
900.0,700.0,-2752.1
1000.0,700.0,-2752.4
1100.0,700.0,-2748.9
1200.0,700.0,-2747.0
1300.0,700.0,-2747.1
1400.0,700.0,-2750.6
1500.0,700.0,-2745.5
1600.0,700.0,-2753.7
1700.0,700.0,-2744.7
1800.0,700.0,-2739.4
1900.0,700.0,-2744.2
2000.0,700.0,-2735.8
2100.0,700.0,-2736.3
2200.0,700.0,-2741.9
2300.0,700.0,-2730.5
2400.0,700.0,-2727.2
2500.0,700.0,-2728.3
2600.0,700.0,-2723.3
2700.0,700.0,-2719.2
2800.0,700.0,-2709.0
2900.0,700.0,-2708.4
3000.0,700.0,-2705.0
3100.0,700.0,-2699.3
3200.0,700.0,-2692.3
3300.0,700.0,-2691.5
3400.0,700.0,-2687.3
3500.0,700.0,-2683.7
3600.0,700.0,-2678.0
3700.0,700.0,-2670.7
3800.0,700.0,-2672.8
3900.0,700.0,-2666.8
4000.0,700.0,-2669.0
4100.0,700.0,-2659.7
4200.0,700.0,-2659.6
4300.0,700.0,-2657.8
4400.0,700.0,-2656.2
4500.0,700.0,-2656.3
4600.0,700.0,-2653.1
4700.0,700.0,-2652.0
4800.0,700.0,-2656.7
4900.0,700.0,-2654.7
5000.0,700.0,-2651.7
5100.0,700.0,-2656.0
5200.0,700.0,-2658.5
5300.0,700.0,-2661.3
5400.0,700.0,-2657.9
5500.0,700.0,-2664.1
5600.0,700.0,-2666.4
5700.0,700.0,-2661.2
5800.0,700.0,-2669.8
5900.0,700.0,-2677.8
6000.0,700.0,-2681.3
6100.0,700.0,-2675.2
6200.0,700.0,-2684.6
6300.0,700.0,-2680.8
6400.0,700.0,-2680.6
6500.0,700.0,-2690.5
6600.0,700.0,-2685.0
6700.0,700.0,-2692.3
6800.0,700.0,-2689.8
6900.0,700.0,-2685.0
7000.0,700.0,-2687.2
7100.0,700.0,-2683.3
7200.0,700.0,-2686.2
7300.0,700.0,-2677.3
7400.0,700.0,-2680.1
7500.0,700.0,-2675.8
7600.0,700.0,-2673.2
7700.0,700.0,-2672.0
7800.0,700.0,-2664.5
7900.0,700.0,-2663.1
8000.0,700.0,-2663.3
8100.0,700.0,-2664.7
8200.0,700.0,-2651.3
8300.0,700.0,-2654.9
8400.0,700.0,-2650.8
8500.0,700.0,-2649.0
8600.0,700.0,-2638.6
8700.0,700.0,-2639.7
8800.0,700.0,-2634.3
8900.0,700.0,-2636.8
9000.0,700.0,-2636.2
9100.0,700.0,-2639.7
9200.0,700.0,-2634.6
9300.0,700.0,-2637.8
9400.0,700.0,-2631.7
9500.0,700.0,-2636.6
9600.0,700.0,-2643.4
9700.0,700.0,-2645.7
9800.0,700.0,-2640.4
9900.0,700.0,-2641.8
10000.0,700.0,-2648.4
10100.0,700.0,-2645.0
10200.0,700.0,-2647.5
10300.0,700.0,-2657.2
10400.0,700.0,-2655.6
10500.0,700.0,-2658.8
10600.0,700.0,-2667.1
10700.0,700.0,-2668.9
10800.0,700.0,-2668.3
10900.0,700.0,-2674.6
11000.0,700.0,-2677.8
11100.0,700.0,-2676.4
11200.0,700.0,-2684.5
11300.0,700.0,-2682.2
11400.0,700.0,-2680.7
11500.0,700.0,-2681.2
11600.0,700.0,-2682.9
11700.0,700.0,-2684.9
11800.0,700.0,-2685.7
11900.0,700.0,-2693.8
12000.0,700.0,-2685.5
12100.0,700.0,-2683.8
12200.0,700.0,-2687.0
12300.0,700.0,-2687.1
12400.0,700.0,-2688.7
12500.0,700.0,-2688.1
12600.0,700.0,-2684.3
12700.0,700.0,-2685.5
12800.0,700.0,-2688.3
12900.0,700.0,-2686.2
13000.0,700.0,-2688.7
13100.0,700.0,-2681.8
13200.0,700.0,-2683.2
13300.0,700.0,-2681.5
13400.0,700.0,-2676.1
13500.0,700.0,-2680.9
13600.0,700.0,-2679.1
13700.0,700.0,-2677.1
13800.0,700.0,-2668.1
13900.0,700.0,-2669.5
14000.0,700.0,-2668.1
14100.0,700.0,-2669.8
14200.0,700.0,-2659.1
14300.0,700.0,-2663.7
14400.0,700.0,-2658.7
14500.0,700.0,-2654.1
14600.0,700.0,-2647.9
14700.0,700.0,-2643.7
14800.0,700.0,-2641.5
14900.0,700.0,-2635.5
15000.0,700.0,-2629.6
15100.0,700.0,-2628.0
15200.0,700.0,-2626.6
15300.0,700.0,-2619.2
15400.0,700.0,-2611.6
15500.0,700.0,-2609.4
15600.0,700.0,-2605.6
15700.0,700.0,-2603.3
15800.0,700.0,-2602.2
15900.0,700.0,-2597.2
16000.0,700.0,-2589.4
16100.0,700.0,-2588.9
16200.0,700.0,-2583.5
16300.0,700.0,-2581.6
16400.0,700.0,-2580.4
16500.0,700.0,-2581.9
16600.0,700.0,-2578.1
16700.0,700.0,-2569.8
16800.0,700.0,-2576.9
16900.0,700.0,-2572.3
17000.0,700.0,-2572.6
17100.0,700.0,-2573.7
17200.0,700.0,-2575.9
17300.0,700.0,-2575.4
17400.0,700.0,-2575.0
17500.0,700.0,-2579.5
17600.0,700.0,-2576.9
17700.0,700.0,-2580.3
17800.0,700.0,-2580.2
17900.0,700.0,-2575.1
18000.0,700.0,-2579.1
18100.0,700.0,-2584.3
18200.0,700.0,-2584.8
18300.0,700.0,-2583.2
18400.0,700.0,-2587.8
18500.0,700.0,-2584.8
18600.0,700.0,-2584.4
18700.0,700.0,-2587.9
18800.0,700.0,-2588.0
18900.0,700.0,-2580.2
19000.0,700.0,-2585.4
19100.0,700.0,-2580.7
19200.0,700.0,-2585.9
19300.0,700.0,-2586.5
19400.0,700.0,-2583.4
19500.0,700.0,-2580.9
19600.0,700.0,-2584.0
19700.0,700.0,-2584.6
19800.0,700.0,-2586.0
19900.0,700.0,-2584.6
20000.0,700.0,-2587.8
0.0,800.0,-2737.4
100.0,800.0,-2732.9
200.0,800.0,-2738.0
300.0,800.0,-2738.9
400.0,800.0,-2746.1
500.0,800.0,-2746.2
600.0,800.0,-2748.5
700.0,800.0,-2745.8
800.0,800.0,-2747.6
900.0,800.0,-2744.7
1000.0,800.0,-2743.4
1100.0,800.0,-2748.3
1200.0,800.0,-2752.3
1300.0,800.0,-2752.7
1400.0,800.0,-2753.7
1500.0,800.0,-2749.5
1600.0,800.0,-2746.6
1700.0,800.0,-2742.2
1800.0,800.0,-2744.0
1900.0,800.0,-2741.8
2000.0,800.0,-2737.6
2100.0,800.0,-2738.1
2200.0,800.0,-2735.4
2300.0,800.0,-2731.5
2400.0,800.0,-2729.1
2500.0,800.0,-2719.7
2600.0,800.0,-2719.2
2700.0,800.0,-2718.4
2800.0,800.0,-2716.2
2900.0,800.0,-2712.2
3000.0,800.0,-2711.1
3100.0,800.0,-2706.3
3200.0,800.0,-2704.7
3300.0,800.0,-2699.5
3400.0,800.0,-2695.4
3500.0,800.0,-2688.9
3600.0,800.0,-2682.8
3700.0,800.0,-2677.4
3800.0,800.0,-2674.8
3900.0,800.0,-2675.2
4000.0,800.0,-2666.3
4100.0,800.0,-2671.2
4200.0,800.0,-2665.7
4300.0,800.0,-2664.0
4400.0,800.0,-2665.4
4500.0,800.0,-2657.7
4600.0,800.0,-2660.1
4700.0,800.0,-2652.5
4800.0,800.0,-2654.8
4900.0,800.0,-2660.2
5000.0,800.0,-2661.9
5100.0,800.0,-2659.5
5200.0,800.0,-2657.8
5300.0,800.0,-2659.7
5400.0,800.0,-2665.7
5500.0,800.0,-2670.1
5600.0,800.0,-2664.4
5700.0,800.0,-2667.4
5800.0,800.0,-2672.0
5900.0,800.0,-2681.5
6000.0,800.0,-2681.2
6100.0,800.0,-2680.5
6200.0,800.0,-2679.3
6300.0,800.0,-2686.3
6400.0,800.0,-2692.5
6500.0,800.0,-2689.8
6600.0,800.0,-2689.5
6700.0,800.0,-2689.5
6800.0,800.0,-2697.1
6900.0,800.0,-2690.8
7000.0,800.0,-2686.3
7100.0,800.0,-2686.2
7200.0,800.0,-2681.5
7300.0,800.0,-2683.2
7400.0,800.0,-2679.9
7500.0,800.0,-2677.9
7600.0,800.0,-2677.7
7700.0,800.0,-2672.1
7800.0,800.0,-2675.7
7900.0,800.0,-2663.5
8000.0,800.0,-2664.6
8100.0,800.0,-2657.4
8200.0,800.0,-2657.6
8300.0,800.0,-2648.7
8400.0,800.0,-2652.2
8500.0,800.0,-2645.1
8600.0,800.0,-2649.6
8700.0,800.0,-2644.7
8800.0,800.0,-2632.2
8900.0,800.0,-2638.7
9000.0,800.0,-2642.3
9100.0,800.0,-2637.2
9200.0,800.0,-2632.8
9300.0,800.0,-2636.7
9400.0,800.0,-2635.9
9500.0,800.0,-2635.2
9600.0,800.0,-2639.9
9700.0,800.0,-2635.5
9800.0,800.0,-2636.8
9900.0,800.0,-2642.7
10000.0,800.0,-2645.7
10100.0,800.0,-2648.2
10200.0,800.0,-2654.6
10300.0,800.0,-2654.9
10400.0,800.0,-2654.3
10500.0,800.0,-2663.4
10600.0,800.0,-2661.6
10700.0,800.0,-2667.5
10800.0,800.0,-2667.2
10900.0,800.0,-2676.5
11000.0,800.0,-2672.3
11100.0,800.0,-2677.7
11200.0,800.0,-2678.7
11300.0,800.0,-2677.9
11400.0,800.0,-2681.3
11500.0,800.0,-2685.8
11600.0,800.0,-2686.1
11700.0,800.0,-2684.4
11800.0,800.0,-2686.0
11900.0,800.0,-2683.6
12000.0,800.0,-2694.1
12100.0,800.0,-2689.5
12200.0,800.0,-2685.2
12300.0,800.0,-2683.5
12400.0,800.0,-2690.5
12500.0,800.0,-2685.6
12600.0,800.0,-2691.3
12700.0,800.0,-2687.9
12800.0,800.0,-2686.3
12900.0,800.0,-2682.5
13000.0,800.0,-2681.8
13100.0,800.0,-2677.5
13200.0,800.0,-2686.0
13300.0,800.0,-2682.9
13400.0,800.0,-2680.2
13500.0,800.0,-2673.0
13600.0,800.0,-2678.7
13700.0,800.0,-2677.6
13800.0,800.0,-2676.5
13900.0,800.0,-2670.0
14000.0,800.0,-2672.4
14100.0,800.0,-2669.9
14200.0,800.0,-2659.2
14300.0,800.0,-2660.5
14400.0,800.0,-2651.6
14500.0,800.0,-2652.8
14600.0,800.0,-2653.1
14700.0,800.0,-2639.5
14800.0,800.0,-2644.6
14900.0,800.0,-2635.4
15000.0,800.0,-2639.3
15100.0,800.0,-2629.7
15200.0,800.0,-2625.6
15300.0,800.0,-2618.5
15400.0,800.0,-2617.5
15500.0,800.0,-2611.0
15600.0,800.0,-2605.8
15700.0,800.0,-2602.2
15800.0,800.0,-2600.1
15900.0,800.0,-2595.2
16000.0,800.0,-2590.9
16100.0,800.0,-2589.8
16200.0,800.0,-2583.3
16300.0,800.0,-2581.5
16400.0,800.0,-2582.8
16500.0,800.0,-2575.8
16600.0,800.0,-2574.7
16700.0,800.0,-2575.0
16800.0,800.0,-2572.4
16900.0,800.0,-2580.7
17000.0,800.0,-2575.6
17100.0,800.0,-2576.4
17200.0,800.0,-2569.4
17300.0,800.0,-2575.3
17400.0,800.0,-2578.3
17500.0,800.0,-2577.6
17600.0,800.0,-2573.1
17700.0,800.0,-2578.8
17800.0,800.0,-2583.9
17900.0,800.0,-2580.6
18000.0,800.0,-2587.9
18100.0,800.0,-2583.5
18200.0,800.0,-2583.5
18300.0,800.0,-2586.5
18400.0,800.0,-2583.8
18500.0,800.0,-2584.0
18600.0,800.0,-2586.4
18700.0,800.0,-2586.2
18800.0,800.0,-2583.1
18900.0,800.0,-2589.7
19000.0,800.0,-2588.2
19100.0,800.0,-2593.5
19200.0,800.0,-2587.0
19300.0,800.0,-2586.0
19400.0,800.0,-2586.4
19500.0,800.0,-2590.8
19600.0,800.0,-2589.1
19700.0,800.0,-2585.0
19800.0,800.0,-2590.2
19900.0,800.0,-2594.2
20000.0,800.0,-2593.7
0.0,900.0,-2737.5
100.0,900.0,-2735.2
200.0,900.0,-2739.2
300.0,900.0,-2746.7
400.0,900.0,-2744.1
500.0,900.0,-2744.6
600.0,900.0,-2748.2
700.0,900.0,-2753.4
800.0,900.0,-2747.7
900.0,900.0,-2747.7
1000.0,900.0,-2747.0
1100.0,900.0,-2748.7
1200.0,900.0,-2747.3
1300.0,900.0,-2748.3
1400.0,900.0,-2745.8
1500.0,900.0,-2750.0
1600.0,900.0,-2745.4
1700.0,900.0,-2746.5
1800.0,900.0,-2745.8
1900.0,900.0,-2744.7
2000.0,900.0,-2743.8
2100.0,900.0,-2734.4
2200.0,900.0,-2728.8
2300.0,900.0,-2738.8
2400.0,900.0,-2731.0
2500.0,900.0,-2728.3
2600.0,900.0,-2719.6
2700.0,900.0,-2726.5
2800.0,900.0,-2717.9
2900.0,900.0,-2713.2
3000.0,900.0,-2713.1
3100.0,900.0,-2702.6
3200.0,900.0,-2701.8
3300.0,900.0,-2705.5
3400.0,900.0,-2698.0
3500.0,900.0,-2700.4
3600.0,900.0,-2689.5
3700.0,900.0,-2686.9
3800.0,900.0,-2682.5
3900.0,900.0,-2679.5
4000.0,900.0,-2677.3
4100.0,900.0,-2680.1
4200.0,900.0,-2674.2
4300.0,900.0,-2670.1
4400.0,900.0,-2673.4
4500.0,900.0,-2665.8
4600.0,900.0,-2669.6
4700.0,900.0,-2664.2
4800.0,900.0,-2664.4
4900.0,900.0,-2663.7
5000.0,900.0,-2665.6
5100.0,900.0,-2667.2
5200.0,900.0,-2667.0
5300.0,900.0,-2671.0
5400.0,900.0,-2670.8
5500.0,900.0,-2668.9
5600.0,900.0,-2675.5
5700.0,900.0,-2677.1
5800.0,900.0,-2676.8
5900.0,900.0,-2679.9
6000.0,900.0,-2680.1
6100.0,900.0,-2683.1
6200.0,900.0,-2681.4
6300.0,900.0,-2688.2
6400.0,900.0,-2688.4
6500.0,900.0,-2687.5
6600.0,900.0,-2694.3
6700.0,900.0,-2694.4
6800.0,900.0,-2689.7
6900.0,900.0,-2690.9
7000.0,900.0,-2688.4
7100.0,900.0,-2687.1
7200.0,900.0,-2687.2
7300.0,900.0,-2688.3
7400.0,900.0,-2676.5
7500.0,900.0,-2687.0
7600.0,900.0,-2685.8
7700.0,900.0,-2677.5
7800.0,900.0,-2677.5
7900.0,900.0,-2671.7
8000.0,900.0,-2667.2
8100.0,900.0,-2662.4
8200.0,900.0,-2656.7
8300.0,900.0,-2656.7
8400.0,900.0,-2653.0
8500.0,900.0,-2646.5
8600.0,900.0,-2648.6
8700.0,900.0,-2646.8
8800.0,900.0,-2643.2
8900.0,900.0,-2639.4
9000.0,900.0,-2637.6
9100.0,900.0,-2635.8
9200.0,900.0,-2634.9
9300.0,900.0,-2635.7
9400.0,900.0,-2638.8
9500.0,900.0,-2630.1
9600.0,900.0,-2638.1
9700.0,900.0,-2639.9
9800.0,900.0,-2641.6
9900.0,900.0,-2643.4
10000.0,900.0,-2645.3
10100.0,900.0,-2643.5
10200.0,900.0,-2653.9
10300.0,900.0,-2650.5
10400.0,900.0,-2657.3
10500.0,900.0,-2658.1
10600.0,900.0,-2661.1
10700.0,900.0,-2659.3
10800.0,900.0,-2668.0
10900.0,900.0,-2672.9
11000.0,900.0,-2669.5
11100.0,900.0,-2677.4
11200.0,900.0,-2677.9
11300.0,900.0,-2679.5
11400.0,900.0,-2682.4
11500.0,900.0,-2679.0
11600.0,900.0,-2682.5
11700.0,900.0,-2683.8
11800.0,900.0,-2685.2
11900.0,900.0,-2687.3
12000.0,900.0,-2686.2
12100.0,900.0,-2689.9
12200.0,900.0,-2688.0
12300.0,900.0,-2689.3
12400.0,900.0,-2688.7
12500.0,900.0,-2689.0
12600.0,900.0,-2686.3
12700.0,900.0,-2681.3
12800.0,900.0,-2687.2
12900.0,900.0,-2694.7
13000.0,900.0,-2685.1
13100.0,900.0,-2687.7
13200.0,900.0,-2681.6
13300.0,900.0,-2680.0
13400.0,900.0,-2683.1
13500.0,900.0,-2677.5
13600.0,900.0,-2676.0
13700.0,900.0,-2673.0
13800.0,900.0,-2675.9
13900.0,900.0,-2666.8
14000.0,900.0,-2670.0
14100.0,900.0,-2664.6
14200.0,900.0,-2667.1
14300.0,900.0,-2658.2
14400.0,900.0,-2656.6
14500.0,900.0,-2656.8
14600.0,900.0,-2653.0
14700.0,900.0,-2649.2
14800.0,900.0,-2644.4
14900.0,900.0,-2637.0
15000.0,900.0,-2633.1
15100.0,900.0,-2629.9
15200.0,900.0,-2625.5
15300.0,900.0,-2621.3
15400.0,900.0,-2615.6
15500.0,900.0,-2610.4
15600.0,900.0,-2607.0
15700.0,900.0,-2605.6
15800.0,900.0,-2602.6
15900.0,900.0,-2587.6
16000.0,900.0,-2587.9
16100.0,900.0,-2587.5
16200.0,900.0,-2585.4
16300.0,900.0,-2583.6
16400.0,900.0,-2581.5
16500.0,900.0,-2579.1
16600.0,900.0,-2573.1
16700.0,900.0,-2578.7
16800.0,900.0,-2573.2
16900.0,900.0,-2567.0
17000.0,900.0,-2573.6
17100.0,900.0,-2570.3
17200.0,900.0,-2573.8
17300.0,900.0,-2577.5
17400.0,900.0,-2575.9
17500.0,900.0,-2573.9
17600.0,900.0,-2580.1
17700.0,900.0,-2578.7
17800.0,900.0,-2578.7
17900.0,900.0,-2582.6
18000.0,900.0,-2588.9
18100.0,900.0,-2586.2
18200.0,900.0,-2590.4
18300.0,900.0,-2587.9
18400.0,900.0,-2587.8
18500.0,900.0,-2586.6
18600.0,900.0,-2590.2
18700.0,900.0,-2590.1
18800.0,900.0,-2585.8
18900.0,900.0,-2597.5
19000.0,900.0,-2598.3
19100.0,900.0,-2590.1
19200.0,900.0,-2592.3
19300.0,900.0,-2592.6
19400.0,900.0,-2589.4
19500.0,900.0,-2594.4
19600.0,900.0,-2594.7
19700.0,900.0,-2597.4
19800.0,900.0,-2593.4
19900.0,900.0,-2595.5
20000.0,900.0,-2595.6
0.0,1000.0,-2733.7
100.0,1000.0,-2741.1
200.0,1000.0,-2735.1
300.0,1000.0,-2742.7
400.0,1000.0,-2744.0
500.0,1000.0,-2743.8
600.0,1000.0,-2747.8
700.0,1000.0,-2747.6
800.0,1000.0,-2747.1
900.0,1000.0,-2750.3
1000.0,1000.0,-2746.0
1100.0,1000.0,-2747.7
1200.0,1000.0,-2744.7
1300.0,1000.0,-2747.4
1400.0,1000.0,-2744.5
1500.0,1000.0,-2744.7
1600.0,1000.0,-2743.6
1700.0,1000.0,-2742.7
1800.0,1000.0,-2747.9
1900.0,1000.0,-2740.7
2000.0,1000.0,-2741.3
2100.0,1000.0,-2739.1
2200.0,1000.0,-2735.1
2300.0,1000.0,-2734.7
2400.0,1000.0,-2733.1
2500.0,1000.0,-2736.6
2600.0,1000.0,-2733.3
2700.0,1000.0,-2725.9
2800.0,1000.0,-2718.0
2900.0,1000.0,-2713.1
3000.0,1000.0,-2719.1
3100.0,1000.0,-2719.2
3200.0,1000.0,-2710.3
3300.0,1000.0,-2705.6
3400.0,1000.0,-2705.9
3500.0,1000.0,-2704.6
3600.0,1000.0,-2699.6
3700.0,1000.0,-2691.9
3800.0,1000.0,-2690.3
3900.0,1000.0,-2688.5
4000.0,1000.0,-2686.2
4100.0,1000.0,-2676.6
4200.0,1000.0,-2679.9
4300.0,1000.0,-2671.9
4400.0,1000.0,-2672.7
4500.0,1000.0,-2674.9
4600.0,1000.0,-2675.9
4700.0,1000.0,-2670.5
4800.0,1000.0,-2675.5
4900.0,1000.0,-2673.5
5000.0,1000.0,-2673.7
5100.0,1000.0,-2678.1
5200.0,1000.0,-2674.4
5300.0,1000.0,-2671.2
5400.0,1000.0,-2673.6
5500.0,1000.0,-2679.9
5600.0,1000.0,-2684.4
5700.0,1000.0,-2679.6
5800.0,1000.0,-2677.5
5900.0,1000.0,-2682.1
6000.0,1000.0,-2687.0
6100.0,1000.0,-2686.9
6200.0,1000.0,-2682.7
6300.0,1000.0,-2694.5
6400.0,1000.0,-2688.0
6500.0,1000.0,-2692.2
6600.0,1000.0,-2692.7
6700.0,1000.0,-2689.2
6800.0,1000.0,-2696.1
6900.0,1000.0,-2694.6
7000.0,1000.0,-2693.2
7100.0,1000.0,-2695.2
7200.0,1000.0,-2688.4
7300.0,1000.0,-2689.4
7400.0,1000.0,-2689.2
7500.0,1000.0,-2686.2
7600.0,1000.0,-2682.5
7700.0,1000.0,-2678.1
7800.0,1000.0,-2671.7
7900.0,1000.0,-2674.8
8000.0,1000.0,-2667.7
8100.0,1000.0,-2657.5
8200.0,1000.0,-2659.9
8300.0,1000.0,-2663.5
8400.0,1000.0,-2657.1
8500.0,1000.0,-2649.8
8600.0,1000.0,-2649.5
8700.0,1000.0,-2645.0
8800.0,1000.0,-2633.9
8900.0,1000.0,-2643.0
9000.0,1000.0,-2635.7
9100.0,1000.0,-2628.3
9200.0,1000.0,-2634.0
9300.0,1000.0,-2631.5
9400.0,1000.0,-2636.9
9500.0,1000.0,-2632.8
9600.0,1000.0,-2634.2
9700.0,1000.0,-2633.2
9800.0,1000.0,-2636.4
9900.0,1000.0,-2641.8
10000.0,1000.0,-2642.8
10100.0,1000.0,-2647.8
10200.0,1000.0,-2645.6
10300.0,1000.0,-2656.2
10400.0,1000.0,-2654.2
10500.0,1000.0,-2663.6
10600.0,1000.0,-2657.5
10700.0,1000.0,-2660.3
10800.0,1000.0,-2666.8
10900.0,1000.0,-2668.4
11000.0,1000.0,-2674.3
11100.0,1000.0,-2680.9
11200.0,1000.0,-2675.8
11300.0,1000.0,-2681.5
11400.0,1000.0,-2681.7
11500.0,1000.0,-2680.1
11600.0,1000.0,-2684.6
11700.0,1000.0,-2682.2
11800.0,1000.0,-2685.5
11900.0,1000.0,-2690.4
12000.0,1000.0,-2693.5
12100.0,1000.0,-2689.0
12200.0,1000.0,-2690.7
12300.0,1000.0,-2687.5
12400.0,1000.0,-2685.5
12500.0,1000.0,-2685.9
12600.0,1000.0,-2692.2
12700.0,1000.0,-2679.0
12800.0,1000.0,-2692.7
12900.0,1000.0,-2692.8
13000.0,1000.0,-2689.6
13100.0,1000.0,-2682.9
13200.0,1000.0,-2686.1
13300.0,1000.0,-2683.4
13400.0,1000.0,-2680.7
13500.0,1000.0,-2678.0
13600.0,1000.0,-2673.0
13700.0,1000.0,-2676.4
13800.0,1000.0,-2676.0
13900.0,1000.0,-2673.3
14000.0,1000.0,-2666.2
14100.0,1000.0,-2668.2
14200.0,1000.0,-2661.0
14300.0,1000.0,-2660.0
14400.0,1000.0,-2656.7
14500.0,1000.0,-2656.8
14600.0,1000.0,-2650.1
14700.0,1000.0,-2648.8
14800.0,1000.0,-2641.5
14900.0,1000.0,-2630.6
15000.0,1000.0,-2633.3
15100.0,1000.0,-2626.4
15200.0,1000.0,-2624.6
15300.0,1000.0,-2624.3
15400.0,1000.0,-2611.1
15500.0,1000.0,-2610.3
15600.0,1000.0,-2605.4
15700.0,1000.0,-2601.7
15800.0,1000.0,-2598.1
15900.0,1000.0,-2592.8
16000.0,1000.0,-2588.5
16100.0,1000.0,-2589.0
16200.0,1000.0,-2581.6
16300.0,1000.0,-2582.5
16400.0,1000.0,-2573.6
16500.0,1000.0,-2575.7
16600.0,1000.0,-2573.0
16700.0,1000.0,-2571.9
16800.0,1000.0,-2573.1
16900.0,1000.0,-2571.7
17000.0,1000.0,-2571.0
17100.0,1000.0,-2569.1
17200.0,1000.0,-2573.0
17300.0,1000.0,-2572.4
17400.0,1000.0,-2571.1
17500.0,1000.0,-2575.2
17600.0,1000.0,-2577.1
17700.0,1000.0,-2581.2
17800.0,1000.0,-2577.2
17900.0,1000.0,-2584.4
18000.0,1000.0,-2582.8
18100.0,1000.0,-2589.9
18200.0,1000.0,-2590.4
18300.0,1000.0,-2587.1
18400.0,1000.0,-2587.6
18500.0,1000.0,-2594.2
18600.0,1000.0,-2587.0
18700.0,1000.0,-2593.3
18800.0,1000.0,-2591.4
18900.0,1000.0,-2590.8
19000.0,1000.0,-2597.6
19100.0,1000.0,-2604.8
19200.0,1000.0,-2604.0
19300.0,1000.0,-2597.0
19400.0,1000.0,-2605.7
19500.0,1000.0,-2602.4
19600.0,1000.0,-2597.3
19700.0,1000.0,-2603.2
19800.0,1000.0,-2600.0
19900.0,1000.0,-2597.4
20000.0,1000.0,-2602.5
0.0,1100.0,-2737.4
100.0,1100.0,-2733.5
200.0,1100.0,-2739.3
300.0,1100.0,-2739.5
400.0,1100.0,-2746.5
500.0,1100.0,-2738.4
600.0,1100.0,-2747.1
700.0,1100.0,-2744.0
800.0,1100.0,-2751.0
900.0,1100.0,-2747.5
1000.0,1100.0,-2751.3
1100.0,1100.0,-2742.1
1200.0,1100.0,-2746.9
1300.0,1100.0,-2750.7
1400.0,1100.0,-2746.0
1500.0,1100.0,-2746.8
1600.0,1100.0,-2745.7
1700.0,1100.0,-2741.8
1800.0,1100.0,-2744.4
1900.0,1100.0,-2743.1
2000.0,1100.0,-2739.0
2100.0,1100.0,-2735.1
2200.0,1100.0,-2737.0
2300.0,1100.0,-2734.7
2400.0,1100.0,-2733.8
2500.0,1100.0,-2730.8
2600.0,1100.0,-2730.1
2700.0,1100.0,-2724.8
2800.0,1100.0,-2723.5
2900.0,1100.0,-2719.9
3000.0,1100.0,-2718.6
3100.0,1100.0,-2721.0
3200.0,1100.0,-2716.5
3300.0,1100.0,-2711.6
3400.0,1100.0,-2707.7
3500.0,1100.0,-2699.6
3600.0,1100.0,-2700.0
3700.0,1100.0,-2699.7
3800.0,1100.0,-2694.9
3900.0,1100.0,-2691.1
4000.0,1100.0,-2692.8
4100.0,1100.0,-2690.4
4200.0,1100.0,-2684.6
4300.0,1100.0,-2686.1
4400.0,1100.0,-2683.3
4500.0,1100.0,-2682.4
4600.0,1100.0,-2687.2
4700.0,1100.0,-2680.9
4800.0,1100.0,-2685.1
4900.0,1100.0,-2685.4
5000.0,1100.0,-2679.6
5100.0,1100.0,-2675.3
5200.0,1100.0,-2676.9
5300.0,1100.0,-2678.2
5400.0,1100.0,-2679.4
5500.0,1100.0,-2680.4
5600.0,1100.0,-2677.9
5700.0,1100.0,-2683.8
5800.0,1100.0,-2681.7
5900.0,1100.0,-2685.2
6000.0,1100.0,-2684.9
6100.0,1100.0,-2690.5
6200.0,1100.0,-2692.0
6300.0,1100.0,-2691.2
6400.0,1100.0,-2695.0
6500.0,1100.0,-2697.6
6600.0,1100.0,-2703.2
6700.0,1100.0,-2692.2
6800.0,1100.0,-2696.4
6900.0,1100.0,-2697.9
7000.0,1100.0,-2694.4
7100.0,1100.0,-2686.8
7200.0,1100.0,-2689.9
7300.0,1100.0,-2689.1
7400.0,1100.0,-2689.3
7500.0,1100.0,-2687.6
7600.0,1100.0,-2686.8
7700.0,1100.0,-2680.7
7800.0,1100.0,-2674.6
7900.0,1100.0,-2669.1
8000.0,1100.0,-2666.7
8100.0,1100.0,-2667.7
8200.0,1100.0,-2661.6
8300.0,1100.0,-2655.2
8400.0,1100.0,-2653.7
8500.0,1100.0,-2654.8
8600.0,1100.0,-2651.3
8700.0,1100.0,-2644.5
8800.0,1100.0,-2642.5
8900.0,1100.0,-2637.5
9000.0,1100.0,-2637.2
9100.0,1100.0,-2636.0
9200.0,1100.0,-2634.5
9300.0,1100.0,-2634.6
9400.0,1100.0,-2634.6
9500.0,1100.0,-2636.1
9600.0,1100.0,-2636.4
9700.0,1100.0,-2636.3
9800.0,1100.0,-2644.3
9900.0,1100.0,-2642.7
10000.0,1100.0,-2636.2
10100.0,1100.0,-2643.2
10200.0,1100.0,-2648.5
10300.0,1100.0,-2642.6
10400.0,1100.0,-2657.6
10500.0,1100.0,-2661.0
10600.0,1100.0,-2658.2
10700.0,1100.0,-2665.0
10800.0,1100.0,-2665.5
10900.0,1100.0,-2671.2
11000.0,1100.0,-2670.0
11100.0,1100.0,-2673.7
11200.0,1100.0,-2673.5
11300.0,1100.0,-2675.0
11400.0,1100.0,-2685.0
11500.0,1100.0,-2683.4
11600.0,1100.0,-2680.2
11700.0,1100.0,-2688.3
11800.0,1100.0,-2692.9
11900.0,1100.0,-2684.3
12000.0,1100.0,-2686.2
12100.0,1100.0,-2687.3
12200.0,1100.0,-2686.2
12300.0,1100.0,-2695.1
12400.0,1100.0,-2690.2
12500.0,1100.0,-2693.7
12600.0,1100.0,-2686.9
12700.0,1100.0,-2687.6
12800.0,1100.0,-2694.8
12900.0,1100.0,-2684.4
13000.0,1100.0,-2686.0
13100.0,1100.0,-2685.6
13200.0,1100.0,-2687.0
13300.0,1100.0,-2681.6
13400.0,1100.0,-2679.5
13500.0,1100.0,-2679.1
13600.0,1100.0,-2679.3
13700.0,1100.0,-2680.4
13800.0,1100.0,-2673.8
13900.0,1100.0,-2673.7
14000.0,1100.0,-2665.8
14100.0,1100.0,-2660.7
14200.0,1100.0,-2665.6
14300.0,1100.0,-2660.9
14400.0,1100.0,-2654.2
14500.0,1100.0,-2652.6
14600.0,1100.0,-2651.7
14700.0,1100.0,-2648.2
14800.0,1100.0,-2646.6
14900.0,1100.0,-2635.5
15000.0,1100.0,-2634.0
15100.0,1100.0,-2625.1
15200.0,1100.0,-2620.7
15300.0,1100.0,-2619.0
15400.0,1100.0,-2618.2
15500.0,1100.0,-2610.9
15600.0,1100.0,-2601.4
15700.0,1100.0,-2598.2
15800.0,1100.0,-2595.4
15900.0,1100.0,-2594.3
16000.0,1100.0,-2591.3
16100.0,1100.0,-2586.6
16200.0,1100.0,-2577.3
16300.0,1100.0,-2578.9
16400.0,1100.0,-2577.1
16500.0,1100.0,-2573.2
16600.0,1100.0,-2577.9
16700.0,1100.0,-2572.1
16800.0,1100.0,-2573.5
16900.0,1100.0,-2570.8
17000.0,1100.0,-2572.4
17100.0,1100.0,-2572.3
17200.0,1100.0,-2575.1
17300.0,1100.0,-2575.2
17400.0,1100.0,-2575.2
17500.0,1100.0,-2576.1
17600.0,1100.0,-2579.9
17700.0,1100.0,-2572.6
17800.0,1100.0,-2584.7
17900.0,1100.0,-2585.1
18000.0,1100.0,-2586.4
18100.0,1100.0,-2587.8
18200.0,1100.0,-2589.9
18300.0,1100.0,-2591.0
18400.0,1100.0,-2597.8
18500.0,1100.0,-2594.3
18600.0,1100.0,-2602.4
18700.0,1100.0,-2598.8
18800.0,1100.0,-2605.2
18900.0,1100.0,-2602.7
19000.0,1100.0,-2599.3
19100.0,1100.0,-2609.8
19200.0,1100.0,-2601.1
19300.0,1100.0,-2601.2
19400.0,1100.0,-2603.6
19500.0,1100.0,-2607.5
19600.0,1100.0,-2599.2
19700.0,1100.0,-2600.1
19800.0,1100.0,-2608.7
19900.0,1100.0,-2607.6
20000.0,1100.0,-2605.3
0.0,1200.0,-2731.1
100.0,1200.0,-2737.9
200.0,1200.0,-2732.1
300.0,1200.0,-2740.2
400.0,1200.0,-2745.6
500.0,1200.0,-2748.1
600.0,1200.0,-2741.7
700.0,1200.0,-2748.2
800.0,1200.0,-2744.6
900.0,1200.0,-2746.7
1000.0,1200.0,-2745.3
1100.0,1200.0,-2746.0
1200.0,1200.0,-2747.7
1300.0,1200.0,-2746.4
1400.0,1200.0,-2743.1
1500.0,1200.0,-2743.6
1600.0,1200.0,-2743.5
1700.0,1200.0,-2743.2
1800.0,1200.0,-2739.4
1900.0,1200.0,-2742.4
2000.0,1200.0,-2741.3
2100.0,1200.0,-2735.0
2200.0,1200.0,-2735.2
2300.0,1200.0,-2733.9
2400.0,1200.0,-2731.2
2500.0,1200.0,-2731.1
2600.0,1200.0,-2729.5
2700.0,1200.0,-2727.3
2800.0,1200.0,-2729.0
2900.0,1200.0,-2728.0
3000.0,1200.0,-2724.7
3100.0,1200.0,-2718.7
3200.0,1200.0,-2718.5
3300.0,1200.0,-2716.1
3400.0,1200.0,-2717.8
3500.0,1200.0,-2713.8
3600.0,1200.0,-2714.0
3700.0,1200.0,-2706.6
3800.0,1200.0,-2707.9
3900.0,1200.0,-2698.9
4000.0,1200.0,-2699.6
4100.0,1200.0,-2694.8
4200.0,1200.0,-2692.9
4300.0,1200.0,-2695.1
4400.0,1200.0,-2690.5
4500.0,1200.0,-2689.5
4600.0,1200.0,-2688.8
4700.0,1200.0,-2679.9
4800.0,1200.0,-2685.9
4900.0,1200.0,-2683.4
5000.0,1200.0,-2682.1
5100.0,1200.0,-2678.7
5200.0,1200.0,-2686.5
5300.0,1200.0,-2684.5
5400.0,1200.0,-2685.4
5500.0,1200.0,-2682.7
5600.0,1200.0,-2684.5
5700.0,1200.0,-2684.8
5800.0,1200.0,-2691.1
5900.0,1200.0,-2693.0
6000.0,1200.0,-2688.2
6100.0,1200.0,-2696.1
6200.0,1200.0,-2691.1
6300.0,1200.0,-2692.9
6400.0,1200.0,-2690.3
6500.0,1200.0,-2701.4
6600.0,1200.0,-2696.8
6700.0,1200.0,-2692.6
6800.0,1200.0,-2697.1
6900.0,1200.0,-2693.1
7000.0,1200.0,-2693.6
7100.0,1200.0,-2696.0
7200.0,1200.0,-2688.2
7300.0,1200.0,-2691.4
7400.0,1200.0,-2686.6
7500.0,1200.0,-2681.4
7600.0,1200.0,-2684.9
7700.0,1200.0,-2689.9
7800.0,1200.0,-2678.0
7900.0,1200.0,-2671.7
8000.0,1200.0,-2669.8
8100.0,1200.0,-2666.7
8200.0,1200.0,-2662.0
8300.0,1200.0,-2659.1
8400.0,1200.0,-2655.0
8500.0,1200.0,-2652.6
8600.0,1200.0,-2645.2
8700.0,1200.0,-2643.7
8800.0,1200.0,-2640.3
8900.0,1200.0,-2640.4
9000.0,1200.0,-2634.4
9100.0,1200.0,-2636.9
9200.0,1200.0,-2637.7
9300.0,1200.0,-2635.4
9400.0,1200.0,-2634.1
9500.0,1200.0,-2634.0
9600.0,1200.0,-2629.6
9700.0,1200.0,-2638.3
9800.0,1200.0,-2638.5
9900.0,1200.0,-2636.4
10000.0,1200.0,-2646.2
10100.0,1200.0,-2643.7
10200.0,1200.0,-2645.9
10300.0,1200.0,-2652.3
10400.0,1200.0,-2652.2
10500.0,1200.0,-2658.6
10600.0,1200.0,-2663.2
10700.0,1200.0,-2664.8
10800.0,1200.0,-2666.0
10900.0,1200.0,-2667.2
11000.0,1200.0,-2668.6
11100.0,1200.0,-2673.7
11200.0,1200.0,-2678.3
11300.0,1200.0,-2674.0
11400.0,1200.0,-2677.4
11500.0,1200.0,-2678.9
11600.0,1200.0,-2679.2
11700.0,1200.0,-2684.6
11800.0,1200.0,-2683.4
11900.0,1200.0,-2683.0
12000.0,1200.0,-2686.7
12100.0,1200.0,-2692.3
12200.0,1200.0,-2691.9
12300.0,1200.0,-2692.3
12400.0,1200.0,-2690.6
12500.0,1200.0,-2688.4
12600.0,1200.0,-2691.8
12700.0,1200.0,-2694.5
12800.0,1200.0,-2688.5
12900.0,1200.0,-2683.8
13000.0,1200.0,-2685.1
13100.0,1200.0,-2688.7
13200.0,1200.0,-2681.5
13300.0,1200.0,-2683.0
13400.0,1200.0,-2684.6
13500.0,1200.0,-2684.5
13600.0,1200.0,-2678.4
13700.0,1200.0,-2675.1
13800.0,1200.0,-2679.1
13900.0,1200.0,-2674.0
14000.0,1200.0,-2670.3
14100.0,1200.0,-2665.6
14200.0,1200.0,-2664.4
14300.0,1200.0,-2662.7
14400.0,1200.0,-2660.1
14500.0,1200.0,-2653.7
14600.0,1200.0,-2648.4
14700.0,1200.0,-2642.1
14800.0,1200.0,-2641.2
14900.0,1200.0,-2631.9
15000.0,1200.0,-2632.1
15100.0,1200.0,-2628.4
15200.0,1200.0,-2620.4
15300.0,1200.0,-2621.7
15400.0,1200.0,-2612.6
15500.0,1200.0,-2608.9
15600.0,1200.0,-2597.8
15700.0,1200.0,-2597.3
15800.0,1200.0,-2591.4
15900.0,1200.0,-2592.9
16000.0,1200.0,-2587.5
16100.0,1200.0,-2586.8
16200.0,1200.0,-2586.3
16300.0,1200.0,-2579.1
16400.0,1200.0,-2579.3
16500.0,1200.0,-2567.3
16600.0,1200.0,-2578.6
16700.0,1200.0,-2571.9
16800.0,1200.0,-2571.3
16900.0,1200.0,-2574.7
17000.0,1200.0,-2575.6
17100.0,1200.0,-2572.2
17200.0,1200.0,-2573.0
17300.0,1200.0,-2572.0
17400.0,1200.0,-2568.4
17500.0,1200.0,-2573.7
17600.0,1200.0,-2580.1
17700.0,1200.0,-2577.7
17800.0,1200.0,-2582.8
17900.0,1200.0,-2584.5
18000.0,1200.0,-2592.3
18100.0,1200.0,-2585.9
18200.0,1200.0,-2590.4
18300.0,1200.0,-2596.2
18400.0,1200.0,-2594.6
18500.0,1200.0,-2603.0
18600.0,1200.0,-2594.2
18700.0,1200.0,-2605.2
18800.0,1200.0,-2602.5
18900.0,1200.0,-2601.8
19000.0,1200.0,-2604.5
19100.0,1200.0,-2606.6
19200.0,1200.0,-2607.3
19300.0,1200.0,-2609.7
19400.0,1200.0,-2609.8
19500.0,1200.0,-2608.5
19600.0,1200.0,-2612.4
19700.0,1200.0,-2613.0
19800.0,1200.0,-2605.8
19900.0,1200.0,-2615.5
20000.0,1200.0,-2617.0
0.0,1300.0,-2731.0
100.0,1300.0,-2734.3
200.0,1300.0,-2734.9
300.0,1300.0,-2742.4
400.0,1300.0,-2738.8
500.0,1300.0,-2741.8
600.0,1300.0,-2746.4
700.0,1300.0,-2747.8
800.0,1300.0,-2745.6
900.0,1300.0,-2742.4
1000.0,1300.0,-2743.3
1100.0,1300.0,-2745.3
1200.0,1300.0,-2751.8
1300.0,1300.0,-2744.8
1400.0,1300.0,-2742.9
1500.0,1300.0,-2742.6
1600.0,1300.0,-2744.6
1700.0,1300.0,-2741.9
1800.0,1300.0,-2741.0
1900.0,1300.0,-2740.3
2000.0,1300.0,-2741.4
2100.0,1300.0,-2735.6
2200.0,1300.0,-2742.8
2300.0,1300.0,-2731.8
2400.0,1300.0,-2737.0
2500.0,1300.0,-2729.7
2600.0,1300.0,-2737.3
2700.0,1300.0,-2730.7
2800.0,1300.0,-2725.4
2900.0,1300.0,-2728.4
3000.0,1300.0,-2724.5
3100.0,1300.0,-2724.7
3200.0,1300.0,-2721.6
3300.0,1300.0,-2726.2
3400.0,1300.0,-2713.5
3500.0,1300.0,-2720.0
3600.0,1300.0,-2718.5
3700.0,1300.0,-2713.8
3800.0,1300.0,-2709.9
3900.0,1300.0,-2703.3
4000.0,1300.0,-2707.6
4100.0,1300.0,-2704.3
4200.0,1300.0,-2703.4
4300.0,1300.0,-2699.3
4400.0,1300.0,-2698.8
4500.0,1300.0,-2698.8
4600.0,1300.0,-2698.4
4700.0,1300.0,-2692.6
4800.0,1300.0,-2685.9
4900.0,1300.0,-2691.2
5000.0,1300.0,-2693.3
5100.0,1300.0,-2684.0
5200.0,1300.0,-2687.6
5300.0,1300.0,-2696.5
5400.0,1300.0,-2688.5
5500.0,1300.0,-2691.7
5600.0,1300.0,-2689.7
5700.0,1300.0,-2690.1
5800.0,1300.0,-2691.9
5900.0,1300.0,-2694.5
6000.0,1300.0,-2696.3
6100.0,1300.0,-2692.8
6200.0,1300.0,-2692.7
6300.0,1300.0,-2695.6
6400.0,1300.0,-2696.6
6500.0,1300.0,-2697.4
6600.0,1300.0,-2702.2
6700.0,1300.0,-2702.2
6800.0,1300.0,-2704.4
6900.0,1300.0,-2692.9
7000.0,1300.0,-2697.9
7100.0,1300.0,-2698.9
7200.0,1300.0,-2692.2
7300.0,1300.0,-2690.2
7400.0,1300.0,-2693.8
7500.0,1300.0,-2685.1
7600.0,1300.0,-2684.1
7700.0,1300.0,-2679.0
7800.0,1300.0,-2681.8
7900.0,1300.0,-2681.1
8000.0,1300.0,-2668.1
8100.0,1300.0,-2669.7
8200.0,1300.0,-2663.7
8300.0,1300.0,-2660.1
8400.0,1300.0,-2656.5
8500.0,1300.0,-2655.6
8600.0,1300.0,-2649.3
8700.0,1300.0,-2648.7
8800.0,1300.0,-2646.0
8900.0,1300.0,-2641.8
9000.0,1300.0,-2638.5
9100.0,1300.0,-2635.2
9200.0,1300.0,-2637.3
9300.0,1300.0,-2635.5
9400.0,1300.0,-2643.8
9500.0,1300.0,-2636.5
9600.0,1300.0,-2638.2
9700.0,1300.0,-2638.7
9800.0,1300.0,-2637.4
9900.0,1300.0,-2637.9
10000.0,1300.0,-2640.7
10100.0,1300.0,-2645.2
10200.0,1300.0,-2647.3
10300.0,1300.0,-2652.0
10400.0,1300.0,-2647.7
10500.0,1300.0,-2654.4
10600.0,1300.0,-2656.4
10700.0,1300.0,-2658.0
10800.0,1300.0,-2666.4
10900.0,1300.0,-2664.0
11000.0,1300.0,-2667.2
11100.0,1300.0,-2669.6
11200.0,1300.0,-2676.5
11300.0,1300.0,-2681.7
11400.0,1300.0,-2684.2
11500.0,1300.0,-2684.0
11600.0,1300.0,-2679.7
11700.0,1300.0,-2684.8
11800.0,1300.0,-2687.1
11900.0,1300.0,-2684.5
12000.0,1300.0,-2683.7
12100.0,1300.0,-2690.9
12200.0,1300.0,-2692.6
12300.0,1300.0,-2688.9
12400.0,1300.0,-2689.4
12500.0,1300.0,-2691.4
12600.0,1300.0,-2684.8
12700.0,1300.0,-2685.9
12800.0,1300.0,-2693.6
12900.0,1300.0,-2687.0
13000.0,1300.0,-2693.8
13100.0,1300.0,-2688.7
13200.0,1300.0,-2682.5
13300.0,1300.0,-2684.7
13400.0,1300.0,-2683.0
13500.0,1300.0,-2680.7
13600.0,1300.0,-2679.4
13700.0,1300.0,-2677.4
13800.0,1300.0,-2671.2
13900.0,1300.0,-2671.6
14000.0,1300.0,-2668.4
14100.0,1300.0,-2668.2
14200.0,1300.0,-2668.4
14300.0,1300.0,-2665.6
14400.0,1300.0,-2658.7
14500.0,1300.0,-2661.4
14600.0,1300.0,-2653.8
14700.0,1300.0,-2644.2
14800.0,1300.0,-2645.5
14900.0,1300.0,-2644.0
15000.0,1300.0,-2631.5
15100.0,1300.0,-2634.9
15200.0,1300.0,-2620.5
15300.0,1300.0,-2620.3
15400.0,1300.0,-2617.3
15500.0,1300.0,-2608.6
15600.0,1300.0,-2607.5
15700.0,1300.0,-2597.7
15800.0,1300.0,-2595.9
15900.0,1300.0,-2590.2
16000.0,1300.0,-2588.7
16100.0,1300.0,-2585.6
16200.0,1300.0,-2581.2
16300.0,1300.0,-2576.0
16400.0,1300.0,-2575.3
16500.0,1300.0,-2576.9
16600.0,1300.0,-2571.8
16700.0,1300.0,-2574.1
16800.0,1300.0,-2566.8
16900.0,1300.0,-2573.0
17000.0,1300.0,-2568.4
17100.0,1300.0,-2570.6
17200.0,1300.0,-2571.6
17300.0,1300.0,-2576.3
17400.0,1300.0,-2578.0
17500.0,1300.0,-2583.5
17600.0,1300.0,-2574.0
17700.0,1300.0,-2577.5
17800.0,1300.0,-2588.6
17900.0,1300.0,-2591.8
18000.0,1300.0,-2593.0
18100.0,1300.0,-2591.3
18200.0,1300.0,-2590.3
18300.0,1300.0,-2599.2
18400.0,1300.0,-2598.0
18500.0,1300.0,-2600.5
18600.0,1300.0,-2602.4
18700.0,1300.0,-2607.3
18800.0,1300.0,-2609.1
18900.0,1300.0,-2605.1
19000.0,1300.0,-2609.0
19100.0,1300.0,-2605.9
19200.0,1300.0,-2615.3
19300.0,1300.0,-2617.7
19400.0,1300.0,-2615.8
19500.0,1300.0,-2611.8
19600.0,1300.0,-2616.7
19700.0,1300.0,-2620.0
19800.0,1300.0,-2613.9
19900.0,1300.0,-2611.1
20000.0,1300.0,-2619.1
0.0,1400.0,-2732.5
100.0,1400.0,-2738.8
200.0,1400.0,-2736.4
300.0,1400.0,-2742.1
400.0,1400.0,-2738.0
500.0,1400.0,-2742.5
600.0,1400.0,-2743.6
700.0,1400.0,-2750.0
800.0,1400.0,-2746.0
900.0,1400.0,-2746.9
1000.0,1400.0,-2748.8
1100.0,1400.0,-2743.3
1200.0,1400.0,-2747.7
1300.0,1400.0,-2747.4
1400.0,1400.0,-2746.1
1500.0,1400.0,-2745.1
1600.0,1400.0,-2739.7
1700.0,1400.0,-2744.1
1800.0,1400.0,-2739.5
1900.0,1400.0,-2740.9
2000.0,1400.0,-2737.6
2100.0,1400.0,-2739.3
2200.0,1400.0,-2735.7
2300.0,1400.0,-2739.9
2400.0,1400.0,-2736.3
2500.0,1400.0,-2739.7
2600.0,1400.0,-2734.5
2700.0,1400.0,-2731.9
2800.0,1400.0,-2728.3
2900.0,1400.0,-2731.8
3000.0,1400.0,-2728.0
3100.0,1400.0,-2726.7
3200.0,1400.0,-2727.3
3300.0,1400.0,-2724.1
3400.0,1400.0,-2724.9
3500.0,1400.0,-2720.5
3600.0,1400.0,-2718.7
3700.0,1400.0,-2721.1
3800.0,1400.0,-2713.6
3900.0,1400.0,-2714.0
4000.0,1400.0,-2713.1
4100.0,1400.0,-2714.8
4200.0,1400.0,-2709.4
4300.0,1400.0,-2700.7
4400.0,1400.0,-2708.6
4500.0,1400.0,-2695.9
4600.0,1400.0,-2702.3
4700.0,1400.0,-2701.3
4800.0,1400.0,-2699.2
4900.0,1400.0,-2699.3
5000.0,1400.0,-2697.8
5100.0,1400.0,-2699.5
5200.0,1400.0,-2703.6
5300.0,1400.0,-2695.1
5400.0,1400.0,-2692.9
5500.0,1400.0,-2696.0
5600.0,1400.0,-2701.7
5700.0,1400.0,-2695.1
5800.0,1400.0,-2697.3
5900.0,1400.0,-2697.6
6000.0,1400.0,-2696.0
6100.0,1400.0,-2697.3
6200.0,1400.0,-2697.1
6300.0,1400.0,-2701.1
6400.0,1400.0,-2695.0
6500.0,1400.0,-2700.8
6600.0,1400.0,-2697.8
6700.0,1400.0,-2702.5
6800.0,1400.0,-2699.3
6900.0,1400.0,-2697.5
7000.0,1400.0,-2697.0
7100.0,1400.0,-2701.0
7200.0,1400.0,-2691.7
7300.0,1400.0,-2698.7
7400.0,1400.0,-2691.1
7500.0,1400.0,-2693.4
7600.0,1400.0,-2682.3
7700.0,1400.0,-2678.3
7800.0,1400.0,-2681.0
7900.0,1400.0,-2677.0
8000.0,1400.0,-2669.6
8100.0,1400.0,-2671.4
8200.0,1400.0,-2663.0
8300.0,1400.0,-2666.6
8400.0,1400.0,-2659.5
8500.0,1400.0,-2660.8
8600.0,1400.0,-2658.2
8700.0,1400.0,-2652.8
8800.0,1400.0,-2643.6
8900.0,1400.0,-2643.3
9000.0,1400.0,-2640.4
9100.0,1400.0,-2632.9
9200.0,1400.0,-2636.3
9300.0,1400.0,-2641.0
9400.0,1400.0,-2635.4
9500.0,1400.0,-2635.8
9600.0,1400.0,-2639.7
9700.0,1400.0,-2641.8
9800.0,1400.0,-2635.3
9900.0,1400.0,-2645.5
10000.0,1400.0,-2638.1
10100.0,1400.0,-2646.5
10200.0,1400.0,-2644.8
10300.0,1400.0,-2648.1
10400.0,1400.0,-2647.8
10500.0,1400.0,-2654.0
10600.0,1400.0,-2656.7
10700.0,1400.0,-2658.5
10800.0,1400.0,-2660.6
10900.0,1400.0,-2662.2
11000.0,1400.0,-2665.9
11100.0,1400.0,-2666.2
11200.0,1400.0,-2675.7
11300.0,1400.0,-2679.8
11400.0,1400.0,-2676.5
11500.0,1400.0,-2679.9
11600.0,1400.0,-2684.6
11700.0,1400.0,-2684.3
11800.0,1400.0,-2679.1
11900.0,1400.0,-2684.3
12000.0,1400.0,-2688.5
12100.0,1400.0,-2696.2
12200.0,1400.0,-2692.6
12300.0,1400.0,-2693.1
12400.0,1400.0,-2692.7
12500.0,1400.0,-2692.3
12600.0,1400.0,-2688.3
12700.0,1400.0,-2690.0
12800.0,1400.0,-2694.3
12900.0,1400.0,-2688.2
13000.0,1400.0,-2686.4
13100.0,1400.0,-2689.0
13200.0,1400.0,-2684.2
13300.0,1400.0,-2684.2
13400.0,1400.0,-2673.5
13500.0,1400.0,-2684.0
13600.0,1400.0,-2677.3
13700.0,1400.0,-2673.1
13800.0,1400.0,-2678.7
13900.0,1400.0,-2670.4
14000.0,1400.0,-2673.2
14100.0,1400.0,-2669.1
14200.0,1400.0,-2672.4
14300.0,1400.0,-2665.2
14400.0,1400.0,-2656.2
14500.0,1400.0,-2658.4
14600.0,1400.0,-2648.8
14700.0,1400.0,-2645.9
14800.0,1400.0,-2647.0
14900.0,1400.0,-2635.1
15000.0,1400.0,-2631.3
15100.0,1400.0,-2627.1
15200.0,1400.0,-2618.2
15300.0,1400.0,-2615.8
15400.0,1400.0,-2616.6
15500.0,1400.0,-2609.2
15600.0,1400.0,-2601.1
15700.0,1400.0,-2595.9
15800.0,1400.0,-2596.7
15900.0,1400.0,-2592.9
16000.0,1400.0,-2589.7
16100.0,1400.0,-2582.9
16200.0,1400.0,-2582.0
16300.0,1400.0,-2575.1
16400.0,1400.0,-2579.6
16500.0,1400.0,-2576.8
16600.0,1400.0,-2572.0
16700.0,1400.0,-2574.6
16800.0,1400.0,-2566.0
16900.0,1400.0,-2571.3
17000.0,1400.0,-2571.6
17100.0,1400.0,-2568.2
17200.0,1400.0,-2573.2
17300.0,1400.0,-2572.0
17400.0,1400.0,-2575.0
17500.0,1400.0,-2579.0
17600.0,1400.0,-2581.7
17700.0,1400.0,-2579.4
17800.0,1400.0,-2586.3
17900.0,1400.0,-2586.1
18000.0,1400.0,-2586.5
18100.0,1400.0,-2591.9
18200.0,1400.0,-2594.6
18300.0,1400.0,-2598.9
18400.0,1400.0,-2601.5
18500.0,1400.0,-2601.1
18600.0,1400.0,-2603.4
18700.0,1400.0,-2603.5
18800.0,1400.0,-2613.6
18900.0,1400.0,-2612.1
19000.0,1400.0,-2617.3
19100.0,1400.0,-2613.8
19200.0,1400.0,-2614.5
19300.0,1400.0,-2611.0
19400.0,1400.0,-2621.1
19500.0,1400.0,-2618.3
19600.0,1400.0,-2621.7
19700.0,1400.0,-2623.0
19800.0,1400.0,-2625.0
19900.0,1400.0,-2618.8
20000.0,1400.0,-2618.5
0.0,1500.0,-2726.1
100.0,1500.0,-2736.2
200.0,1500.0,-2738.6
300.0,1500.0,-2739.0
400.0,1500.0,-2736.1
500.0,1500.0,-2743.9
600.0,1500.0,-2744.2
700.0,1500.0,-2748.4
800.0,1500.0,-2744.6
900.0,1500.0,-2742.5
1000.0,1500.0,-2752.4
1100.0,1500.0,-2744.1
1200.0,1500.0,-2747.3
1300.0,1500.0,-2741.1
1400.0,1500.0,-2747.9
1500.0,1500.0,-2741.9
1600.0,1500.0,-2744.4
1700.0,1500.0,-2738.5
1800.0,1500.0,-2741.6
1900.0,1500.0,-2736.7
2000.0,1500.0,-2742.9
2100.0,1500.0,-2738.5
2200.0,1500.0,-2737.5
2300.0,1500.0,-2736.0
2400.0,1500.0,-2740.1
2500.0,1500.0,-2737.5
2600.0,1500.0,-2732.0
2700.0,1500.0,-2740.6
2800.0,1500.0,-2731.1
2900.0,1500.0,-2737.5
3000.0,1500.0,-2733.5
3100.0,1500.0,-2732.0
3200.0,1500.0,-2730.2
3300.0,1500.0,-2728.5
3400.0,1500.0,-2725.3
3500.0,1500.0,-2728.8
3600.0,1500.0,-2734.2
3700.0,1500.0,-2730.1
3800.0,1500.0,-2724.7
3900.0,1500.0,-2724.3
4000.0,1500.0,-2721.3
4100.0,1500.0,-2717.6
4200.0,1500.0,-2720.6
4300.0,1500.0,-2713.0
4400.0,1500.0,-2716.9
4500.0,1500.0,-2713.5
4600.0,1500.0,-2705.8
4700.0,1500.0,-2705.4
4800.0,1500.0,-2704.7
4900.0,1500.0,-2709.0
5000.0,1500.0,-2703.9
5100.0,1500.0,-2702.1
5200.0,1500.0,-2697.8
5300.0,1500.0,-2702.3
5400.0,1500.0,-2704.9
5500.0,1500.0,-2707.2
5600.0,1500.0,-2698.2
5700.0,1500.0,-2701.3
5800.0,1500.0,-2702.7
5900.0,1500.0,-2699.1
6000.0,1500.0,-2702.4
6100.0,1500.0,-2702.3
6200.0,1500.0,-2698.4
6300.0,1500.0,-2706.4
6400.0,1500.0,-2699.3
6500.0,1500.0,-2708.3
6600.0,1500.0,-2701.0
6700.0,1500.0,-2702.4
6800.0,1500.0,-2701.9
6900.0,1500.0,-2703.2
7000.0,1500.0,-2702.0
7100.0,1500.0,-2695.3
7200.0,1500.0,-2695.6
7300.0,1500.0,-2697.2
7400.0,1500.0,-2689.4
7500.0,1500.0,-2693.8
7600.0,1500.0,-2689.2
7700.0,1500.0,-2683.3
7800.0,1500.0,-2673.8
7900.0,1500.0,-2680.3
8000.0,1500.0,-2679.0
8100.0,1500.0,-2671.7
8200.0,1500.0,-2666.0
8300.0,1500.0,-2665.1
8400.0,1500.0,-2658.0
8500.0,1500.0,-2658.9
8600.0,1500.0,-2652.2
8700.0,1500.0,-2657.4
8800.0,1500.0,-2640.9
8900.0,1500.0,-2646.9
9000.0,1500.0,-2642.8
9100.0,1500.0,-2643.4
9200.0,1500.0,-2639.2
9300.0,1500.0,-2637.6
9400.0,1500.0,-2639.3
9500.0,1500.0,-2634.5
9600.0,1500.0,-2635.7
9700.0,1500.0,-2644.3
9800.0,1500.0,-2636.5
9900.0,1500.0,-2640.5
10000.0,1500.0,-2640.6
10100.0,1500.0,-2641.9
10200.0,1500.0,-2641.4
10300.0,1500.0,-2645.5
10400.0,1500.0,-2647.1
10500.0,1500.0,-2651.5
10600.0,1500.0,-2652.9
10700.0,1500.0,-2655.4
10800.0,1500.0,-2660.9
10900.0,1500.0,-2667.5
11000.0,1500.0,-2662.8
11100.0,1500.0,-2672.3
11200.0,1500.0,-2673.6
11300.0,1500.0,-2675.9
11400.0,1500.0,-2678.8
11500.0,1500.0,-2683.6
11600.0,1500.0,-2681.5
11700.0,1500.0,-2683.0
11800.0,1500.0,-2689.6
11900.0,1500.0,-2683.7
12000.0,1500.0,-2691.2
12100.0,1500.0,-2691.0
12200.0,1500.0,-2695.5
12300.0,1500.0,-2684.2
12400.0,1500.0,-2693.7
12500.0,1500.0,-2695.0
12600.0,1500.0,-2693.1
12700.0,1500.0,-2686.8
12800.0,1500.0,-2691.4
12900.0,1500.0,-2688.8
13000.0,1500.0,-2690.2
13100.0,1500.0,-2687.2
13200.0,1500.0,-2685.6
13300.0,1500.0,-2683.3
13400.0,1500.0,-2682.2
13500.0,1500.0,-2688.3
13600.0,1500.0,-2678.0
13700.0,1500.0,-2682.7
13800.0,1500.0,-2674.5
13900.0,1500.0,-2669.6
14000.0,1500.0,-2674.6
14100.0,1500.0,-2668.8
14200.0,1500.0,-2667.6
14300.0,1500.0,-2662.1
14400.0,1500.0,-2661.2
14500.0,1500.0,-2660.1
14600.0,1500.0,-2654.7
14700.0,1500.0,-2645.6
14800.0,1500.0,-2637.5
14900.0,1500.0,-2636.8
15000.0,1500.0,-2634.0
15100.0,1500.0,-2628.3
15200.0,1500.0,-2623.7
15300.0,1500.0,-2619.3
15400.0,1500.0,-2613.8
15500.0,1500.0,-2606.1
15600.0,1500.0,-2607.6
15700.0,1500.0,-2603.2
15800.0,1500.0,-2595.1
15900.0,1500.0,-2591.9
16000.0,1500.0,-2590.6
16100.0,1500.0,-2582.5
16200.0,1500.0,-2580.6
16300.0,1500.0,-2576.6
16400.0,1500.0,-2577.7
16500.0,1500.0,-2579.1
16600.0,1500.0,-2572.9
16700.0,1500.0,-2569.1
16800.0,1500.0,-2576.9
16900.0,1500.0,-2568.7
17000.0,1500.0,-2561.7
17100.0,1500.0,-2577.0
17200.0,1500.0,-2572.9
17300.0,1500.0,-2574.5
17400.0,1500.0,-2575.7
17500.0,1500.0,-2580.7
17600.0,1500.0,-2578.1
17700.0,1500.0,-2578.7
17800.0,1500.0,-2589.4
17900.0,1500.0,-2589.3
18000.0,1500.0,-2597.4
18100.0,1500.0,-2595.2
18200.0,1500.0,-2598.4
18300.0,1500.0,-2603.3
18400.0,1500.0,-2605.7
18500.0,1500.0,-2607.9
18600.0,1500.0,-2610.8
18700.0,1500.0,-2607.6
18800.0,1500.0,-2612.2
18900.0,1500.0,-2606.4
19000.0,1500.0,-2615.7
19100.0,1500.0,-2622.4
19200.0,1500.0,-2622.8
19300.0,1500.0,-2623.0
19400.0,1500.0,-2618.1
19500.0,1500.0,-2626.8
19600.0,1500.0,-2622.8
19700.0,1500.0,-2625.1
19800.0,1500.0,-2624.7
19900.0,1500.0,-2626.8
20000.0,1500.0,-2624.7
0.0,1600.0,-2728.0
100.0,1600.0,-2731.3
200.0,1600.0,-2736.2
300.0,1600.0,-2739.2
400.0,1600.0,-2739.3
500.0,1600.0,-2740.6
600.0,1600.0,-2742.2
700.0,1600.0,-2745.0
800.0,1600.0,-2746.7
900.0,1600.0,-2747.4
1000.0,1600.0,-2747.2
1100.0,1600.0,-2743.2
1200.0,1600.0,-2745.7
1300.0,1600.0,-2741.9
1400.0,1600.0,-2746.8
1500.0,1600.0,-2743.4
1600.0,1600.0,-2738.5
1700.0,1600.0,-2736.4
1800.0,1600.0,-2740.4
1900.0,1600.0,-2745.6
2000.0,1600.0,-2739.0
2100.0,1600.0,-2739.2
2200.0,1600.0,-2739.2
2300.0,1600.0,-2733.6
2400.0,1600.0,-2737.5
2500.0,1600.0,-2741.8
2600.0,1600.0,-2737.5
2700.0,1600.0,-2734.5
2800.0,1600.0,-2730.7
2900.0,1600.0,-2737.4
3000.0,1600.0,-2733.2
3100.0,1600.0,-2735.6
3200.0,1600.0,-2736.3
3300.0,1600.0,-2735.7
3400.0,1600.0,-2732.0
3500.0,1600.0,-2731.8
3600.0,1600.0,-2726.2
3700.0,1600.0,-2729.2
3800.0,1600.0,-2732.0
3900.0,1600.0,-2725.5
4000.0,1600.0,-2723.5
4100.0,1600.0,-2726.3
4200.0,1600.0,-2720.1
4300.0,1600.0,-2724.7
4400.0,1600.0,-2718.4
4500.0,1600.0,-2716.8
4600.0,1600.0,-2718.2
4700.0,1600.0,-2715.3
4800.0,1600.0,-2715.3
4900.0,1600.0,-2713.9
5000.0,1600.0,-2707.0
5100.0,1600.0,-2718.3
5200.0,1600.0,-2711.2
5300.0,1600.0,-2707.7
5400.0,1600.0,-2708.8
5500.0,1600.0,-2708.1
5600.0,1600.0,-2709.3
5700.0,1600.0,-2706.1
5800.0,1600.0,-2705.6
5900.0,1600.0,-2705.9
6000.0,1600.0,-2706.9
6100.0,1600.0,-2707.1
6200.0,1600.0,-2706.2
6300.0,1600.0,-2708.1
6400.0,1600.0,-2707.3
6500.0,1600.0,-2703.6
6600.0,1600.0,-2701.9
6700.0,1600.0,-2699.7
6800.0,1600.0,-2697.8
6900.0,1600.0,-2705.6
7000.0,1600.0,-2706.0
7100.0,1600.0,-2695.4
7200.0,1600.0,-2700.4
7300.0,1600.0,-2697.0
7400.0,1600.0,-2693.0
7500.0,1600.0,-2694.6
7600.0,1600.0,-2690.0
7700.0,1600.0,-2684.4
7800.0,1600.0,-2682.1
7900.0,1600.0,-2675.3
8000.0,1600.0,-2681.9
8100.0,1600.0,-2671.9
8200.0,1600.0,-2669.0
8300.0,1600.0,-2663.2
8400.0,1600.0,-2668.7
8500.0,1600.0,-2657.6
8600.0,1600.0,-2656.1
8700.0,1600.0,-2648.9
8800.0,1600.0,-2649.8
8900.0,1600.0,-2650.5
9000.0,1600.0,-2645.6
9100.0,1600.0,-2639.2
9200.0,1600.0,-2639.9
9300.0,1600.0,-2643.0
9400.0,1600.0,-2637.6
9500.0,1600.0,-2633.0
9600.0,1600.0,-2640.9
9700.0,1600.0,-2637.8
9800.0,1600.0,-2630.8
9900.0,1600.0,-2637.7
10000.0,1600.0,-2641.9
10100.0,1600.0,-2642.4
10200.0,1600.0,-2643.3
10300.0,1600.0,-2651.2
10400.0,1600.0,-2654.5
10500.0,1600.0,-2648.7
10600.0,1600.0,-2657.5
10700.0,1600.0,-2659.1
10800.0,1600.0,-2660.9
10900.0,1600.0,-2664.5
11000.0,1600.0,-2663.0
11100.0,1600.0,-2669.8
11200.0,1600.0,-2666.0
11300.0,1600.0,-2674.0
11400.0,1600.0,-2677.9
11500.0,1600.0,-2675.0
11600.0,1600.0,-2685.8
11700.0,1600.0,-2684.2
11800.0,1600.0,-2685.0
11900.0,1600.0,-2684.8
12000.0,1600.0,-2684.8
12100.0,1600.0,-2688.4
12200.0,1600.0,-2679.5
12300.0,1600.0,-2689.4
12400.0,1600.0,-2697.1
12500.0,1600.0,-2690.7
12600.0,1600.0,-2693.5
12700.0,1600.0,-2689.2
12800.0,1600.0,-2690.6
12900.0,1600.0,-2695.2
13000.0,1600.0,-2690.8
13100.0,1600.0,-2690.4
13200.0,1600.0,-2692.7
13300.0,1600.0,-2687.6
13400.0,1600.0,-2686.3
13500.0,1600.0,-2687.6
13600.0,1600.0,-2679.1
13700.0,1600.0,-2674.5
13800.0,1600.0,-2676.9
13900.0,1600.0,-2672.6
14000.0,1600.0,-2668.2
14100.0,1600.0,-2671.0
14200.0,1600.0,-2662.7
14300.0,1600.0,-2661.4
14400.0,1600.0,-2658.9
14500.0,1600.0,-2653.0
14600.0,1600.0,-2650.7
14700.0,1600.0,-2651.6
14800.0,1600.0,-2645.1
14900.0,1600.0,-2640.7
15000.0,1600.0,-2635.1
15100.0,1600.0,-2631.7
15200.0,1600.0,-2625.8
15300.0,1600.0,-2619.3
15400.0,1600.0,-2615.4
15500.0,1600.0,-2606.2
15600.0,1600.0,-2604.5
15700.0,1600.0,-2602.3
15800.0,1600.0,-2599.0
15900.0,1600.0,-2599.7
16000.0,1600.0,-2590.9
16100.0,1600.0,-2585.2
16200.0,1600.0,-2583.9
16300.0,1600.0,-2578.1
16400.0,1600.0,-2579.3
16500.0,1600.0,-2576.2
16600.0,1600.0,-2571.1
16700.0,1600.0,-2574.1
16800.0,1600.0,-2569.6
16900.0,1600.0,-2569.0
17000.0,1600.0,-2567.8
17100.0,1600.0,-2571.9
17200.0,1600.0,-2576.4
17300.0,1600.0,-2571.5
17400.0,1600.0,-2581.4
17500.0,1600.0,-2572.9
17600.0,1600.0,-2583.8
17700.0,1600.0,-2581.2
17800.0,1600.0,-2581.9
17900.0,1600.0,-2580.8
18000.0,1600.0,-2595.0
18100.0,1600.0,-2598.8
18200.0,1600.0,-2600.4
18300.0,1600.0,-2599.0
18400.0,1600.0,-2605.5
18500.0,1600.0,-2607.6
18600.0,1600.0,-2613.4
18700.0,1600.0,-2612.1
18800.0,1600.0,-2617.7
18900.0,1600.0,-2619.0
19000.0,1600.0,-2615.9
19100.0,1600.0,-2622.7
19200.0,1600.0,-2621.5
19300.0,1600.0,-2625.0
19400.0,1600.0,-2627.4
19500.0,1600.0,-2627.6
19600.0,1600.0,-2625.6
19700.0,1600.0,-2629.3
19800.0,1600.0,-2626.3
19900.0,1600.0,-2625.8
20000.0,1600.0,-2629.6
0.0,1700.0,-2728.5
100.0,1700.0,-2732.4
200.0,1700.0,-2737.2
300.0,1700.0,-2733.6
400.0,1700.0,-2735.8
500.0,1700.0,-2738.5
600.0,1700.0,-2730.9
700.0,1700.0,-2742.6
800.0,1700.0,-2749.8
900.0,1700.0,-2746.3
1000.0,1700.0,-2749.2
1100.0,1700.0,-2748.7
1200.0,1700.0,-2747.2
1300.0,1700.0,-2744.5
1400.0,1700.0,-2741.0
1500.0,1700.0,-2742.0
1600.0,1700.0,-2738.7
1700.0,1700.0,-2736.9
1800.0,1700.0,-2745.0
1900.0,1700.0,-2738.0
2000.0,1700.0,-2743.9
2100.0,1700.0,-2738.4
2200.0,1700.0,-2738.6
2300.0,1700.0,-2740.3
2400.0,1700.0,-2739.2
2500.0,1700.0,-2735.4
2600.0,1700.0,-2737.7
2700.0,1700.0,-2745.8
2800.0,1700.0,-2731.1
2900.0,1700.0,-2737.3
3000.0,1700.0,-2739.8
3100.0,1700.0,-2739.2
3200.0,1700.0,-2735.1
3300.0,1700.0,-2743.6
3400.0,1700.0,-2742.2
3500.0,1700.0,-2735.2
3600.0,1700.0,-2741.7
3700.0,1700.0,-2739.1
3800.0,1700.0,-2737.6
3900.0,1700.0,-2731.3
4000.0,1700.0,-2734.9
4100.0,1700.0,-2728.0
4200.0,1700.0,-2728.7
4300.0,1700.0,-2725.7
4400.0,1700.0,-2729.9
4500.0,1700.0,-2722.4
4600.0,1700.0,-2728.6
4700.0,1700.0,-2725.4
4800.0,1700.0,-2722.9
4900.0,1700.0,-2720.8
5000.0,1700.0,-2721.1
5100.0,1700.0,-2724.1
5200.0,1700.0,-2714.5
5300.0,1700.0,-2716.0
5400.0,1700.0,-2716.3
5500.0,1700.0,-2710.8
5600.0,1700.0,-2714.1
5700.0,1700.0,-2712.7
5800.0,1700.0,-2707.1
5900.0,1700.0,-2709.6
6000.0,1700.0,-2715.5
6100.0,1700.0,-2706.2
6200.0,1700.0,-2703.7
6300.0,1700.0,-2710.6
6400.0,1700.0,-2708.2
6500.0,1700.0,-2709.5
6600.0,1700.0,-2704.7
6700.0,1700.0,-2701.6
6800.0,1700.0,-2708.6
6900.0,1700.0,-2704.7
7000.0,1700.0,-2701.4
7100.0,1700.0,-2706.3
7200.0,1700.0,-2698.9
7300.0,1700.0,-2698.7
7400.0,1700.0,-2694.1
7500.0,1700.0,-2695.8
7600.0,1700.0,-2686.1
7700.0,1700.0,-2686.7
7800.0,1700.0,-2680.8
7900.0,1700.0,-2679.3
8000.0,1700.0,-2680.2
8100.0,1700.0,-2676.5
8200.0,1700.0,-2666.2
8300.0,1700.0,-2670.0
8400.0,1700.0,-2662.2
8500.0,1700.0,-2656.7
8600.0,1700.0,-2658.0
8700.0,1700.0,-2655.0
8800.0,1700.0,-2647.1
8900.0,1700.0,-2645.2
9000.0,1700.0,-2641.2
9100.0,1700.0,-2643.0
9200.0,1700.0,-2641.0
9300.0,1700.0,-2638.6
9400.0,1700.0,-2638.3
9500.0,1700.0,-2637.6
9600.0,1700.0,-2639.7
9700.0,1700.0,-2642.4
9800.0,1700.0,-2633.4
9900.0,1700.0,-2639.2
10000.0,1700.0,-2640.5
10100.0,1700.0,-2645.3
10200.0,1700.0,-2642.1
10300.0,1700.0,-2642.4
10400.0,1700.0,-2646.5
10500.0,1700.0,-2643.4
10600.0,1700.0,-2650.8
10700.0,1700.0,-2657.3
10800.0,1700.0,-2661.4
10900.0,1700.0,-2663.1
11000.0,1700.0,-2668.1
11100.0,1700.0,-2669.4
11200.0,1700.0,-2676.0
11300.0,1700.0,-2664.5
11400.0,1700.0,-2678.7
11500.0,1700.0,-2675.5
11600.0,1700.0,-2683.8
11700.0,1700.0,-2682.9
11800.0,1700.0,-2685.2
11900.0,1700.0,-2683.0
12000.0,1700.0,-2692.0
12100.0,1700.0,-2682.8
12200.0,1700.0,-2690.1
12300.0,1700.0,-2695.6
12400.0,1700.0,-2685.7
12500.0,1700.0,-2694.4
12600.0,1700.0,-2694.1
12700.0,1700.0,-2688.2
12800.0,1700.0,-2689.6
12900.0,1700.0,-2687.4
13000.0,1700.0,-2689.3
13100.0,1700.0,-2690.1
13200.0,1700.0,-2687.7
13300.0,1700.0,-2693.4
13400.0,1700.0,-2689.3
13500.0,1700.0,-2680.1
13600.0,1700.0,-2682.9
13700.0,1700.0,-2679.8
13800.0,1700.0,-2675.3
13900.0,1700.0,-2679.1
14000.0,1700.0,-2673.7
14100.0,1700.0,-2668.6
14200.0,1700.0,-2662.5
14300.0,1700.0,-2662.6
14400.0,1700.0,-2661.4
14500.0,1700.0,-2654.7
14600.0,1700.0,-2651.8
14700.0,1700.0,-2650.8
14800.0,1700.0,-2648.2
14900.0,1700.0,-2635.9
15000.0,1700.0,-2632.0
15100.0,1700.0,-2624.4
15200.0,1700.0,-2618.6
15300.0,1700.0,-2624.7
15400.0,1700.0,-2614.2
15500.0,1700.0,-2607.6
15600.0,1700.0,-2600.1
15700.0,1700.0,-2603.4
15800.0,1700.0,-2592.2
15900.0,1700.0,-2593.2
16000.0,1700.0,-2593.8
16100.0,1700.0,-2585.0
16200.0,1700.0,-2582.5
16300.0,1700.0,-2574.7
16400.0,1700.0,-2581.7
16500.0,1700.0,-2575.9
16600.0,1700.0,-2575.7
16700.0,1700.0,-2573.1
16800.0,1700.0,-2569.0
16900.0,1700.0,-2568.7
17000.0,1700.0,-2566.6
17100.0,1700.0,-2576.1
17200.0,1700.0,-2574.8
17300.0,1700.0,-2576.6
17400.0,1700.0,-2574.5
17500.0,1700.0,-2577.4
17600.0,1700.0,-2580.3
17700.0,1700.0,-2589.5
17800.0,1700.0,-2587.6
17900.0,1700.0,-2589.2
18000.0,1700.0,-2595.3
18100.0,1700.0,-2592.8
18200.0,1700.0,-2597.0
18300.0,1700.0,-2603.2
18400.0,1700.0,-2603.9
18500.0,1700.0,-2606.4
18600.0,1700.0,-2616.8
18700.0,1700.0,-2617.8
18800.0,1700.0,-2622.1
18900.0,1700.0,-2622.1
19000.0,1700.0,-2628.4
19100.0,1700.0,-2623.4
19200.0,1700.0,-2624.2
19300.0,1700.0,-2629.7
19400.0,1700.0,-2623.8
19500.0,1700.0,-2631.6
19600.0,1700.0,-2629.3
19700.0,1700.0,-2627.8
19800.0,1700.0,-2630.0
19900.0,1700.0,-2638.6
20000.0,1700.0,-2635.9
0.0,1800.0,-2723.3
100.0,1800.0,-2731.1
200.0,1800.0,-2730.1
300.0,1800.0,-2740.5
400.0,1800.0,-2740.3
500.0,1800.0,-2741.8
600.0,1800.0,-2741.1
700.0,1800.0,-2739.6
800.0,1800.0,-2746.8
900.0,1800.0,-2743.1
1000.0,1800.0,-2744.9
1100.0,1800.0,-2745.2
1200.0,1800.0,-2735.2
1300.0,1800.0,-2748.8
1400.0,1800.0,-2742.8
1500.0,1800.0,-2739.1
1600.0,1800.0,-2739.5
1700.0,1800.0,-2739.3
1800.0,1800.0,-2742.5
1900.0,1800.0,-2744.6
2000.0,1800.0,-2735.6
2100.0,1800.0,-2741.3
2200.0,1800.0,-2741.3
2300.0,1800.0,-2733.1
2400.0,1800.0,-2733.9
2500.0,1800.0,-2737.3
2600.0,1800.0,-2739.3
2700.0,1800.0,-2735.3
2800.0,1800.0,-2738.8
2900.0,1800.0,-2739.7
3000.0,1800.0,-2746.1
3100.0,1800.0,-2735.0
3200.0,1800.0,-2738.6
3300.0,1800.0,-2741.8
3400.0,1800.0,-2739.1
3500.0,1800.0,-2739.0
3600.0,1800.0,-2742.7
3700.0,1800.0,-2737.3
3800.0,1800.0,-2738.5
3900.0,1800.0,-2746.6
4000.0,1800.0,-2735.7
4100.0,1800.0,-2738.8
4200.0,1800.0,-2736.2
4300.0,1800.0,-2735.7
4400.0,1800.0,-2739.1
4500.0,1800.0,-2731.5
4600.0,1800.0,-2733.4
4700.0,1800.0,-2728.8
4800.0,1800.0,-2728.8
4900.0,1800.0,-2732.0
5000.0,1800.0,-2726.7
5100.0,1800.0,-2729.3
5200.0,1800.0,-2722.9
5300.0,1800.0,-2722.8
5400.0,1800.0,-2722.1
5500.0,1800.0,-2716.3
5600.0,1800.0,-2718.9
5700.0,1800.0,-2718.1
5800.0,1800.0,-2712.3
5900.0,1800.0,-2715.0
6000.0,1800.0,-2712.9
6100.0,1800.0,-2715.2
6200.0,1800.0,-2723.1
6300.0,1800.0,-2711.9
6400.0,1800.0,-2716.7
6500.0,1800.0,-2710.0
6600.0,1800.0,-2708.9
6700.0,1800.0,-2709.8
6800.0,1800.0,-2710.0
6900.0,1800.0,-2709.7
7000.0,1800.0,-2705.0
7100.0,1800.0,-2703.2
7200.0,1800.0,-2701.0
7300.0,1800.0,-2702.1
7400.0,1800.0,-2697.8
7500.0,1800.0,-2691.1
7600.0,1800.0,-2689.1
7700.0,1800.0,-2690.7
7800.0,1800.0,-2686.0
7900.0,1800.0,-2679.6
8000.0,1800.0,-2680.5
8100.0,1800.0,-2674.9
8200.0,1800.0,-2676.0
8300.0,1800.0,-2668.2
8400.0,1800.0,-2665.7
8500.0,1800.0,-2665.6
8600.0,1800.0,-2663.1
8700.0,1800.0,-2656.2
8800.0,1800.0,-2656.4
8900.0,1800.0,-2645.9
9000.0,1800.0,-2644.0
9100.0,1800.0,-2642.1
9200.0,1800.0,-2642.1
9300.0,1800.0,-2643.3
9400.0,1800.0,-2638.7
9500.0,1800.0,-2639.0
9600.0,1800.0,-2636.0
9700.0,1800.0,-2641.5
9800.0,1800.0,-2635.7
9900.0,1800.0,-2645.8
10000.0,1800.0,-2643.2
10100.0,1800.0,-2641.3
10200.0,1800.0,-2642.4
10300.0,1800.0,-2643.3
10400.0,1800.0,-2648.7
10500.0,1800.0,-2653.5
10600.0,1800.0,-2649.9
10700.0,1800.0,-2647.2
10800.0,1800.0,-2659.8
10900.0,1800.0,-2661.8
11000.0,1800.0,-2662.6
11100.0,1800.0,-2665.4
11200.0,1800.0,-2672.6
11300.0,1800.0,-2670.4
11400.0,1800.0,-2680.7
11500.0,1800.0,-2679.7
11600.0,1800.0,-2678.5
11700.0,1800.0,-2685.1
11800.0,1800.0,-2683.2
11900.0,1800.0,-2683.8
12000.0,1800.0,-2688.3
12100.0,1800.0,-2692.1
12200.0,1800.0,-2694.3
12300.0,1800.0,-2687.4
12400.0,1800.0,-2687.4
12500.0,1800.0,-2693.1
12600.0,1800.0,-2684.9
12700.0,1800.0,-2694.1
12800.0,1800.0,-2689.1
12900.0,1800.0,-2688.0
13000.0,1800.0,-2693.7
13100.0,1800.0,-2687.6
13200.0,1800.0,-2683.2
13300.0,1800.0,-2684.7
13400.0,1800.0,-2688.4
13500.0,1800.0,-2681.2
13600.0,1800.0,-2683.1
13700.0,1800.0,-2677.8
13800.0,1800.0,-2680.1
13900.0,1800.0,-2673.2
14000.0,1800.0,-2673.2
14100.0,1800.0,-2666.3
14200.0,1800.0,-2664.2
14300.0,1800.0,-2664.5
14400.0,1800.0,-2664.2
14500.0,1800.0,-2659.0
14600.0,1800.0,-2648.7
14700.0,1800.0,-2646.0
14800.0,1800.0,-2649.4
14900.0,1800.0,-2641.8
15000.0,1800.0,-2636.6
15100.0,1800.0,-2627.9
15200.0,1800.0,-2625.0
15300.0,1800.0,-2624.7
15400.0,1800.0,-2614.3
15500.0,1800.0,-2610.6
15600.0,1800.0,-2610.3
15700.0,1800.0,-2601.4
15800.0,1800.0,-2601.3
15900.0,1800.0,-2593.8
16000.0,1800.0,-2594.0
16100.0,1800.0,-2591.2
16200.0,1800.0,-2584.6
16300.0,1800.0,-2583.8
16400.0,1800.0,-2582.8
16500.0,1800.0,-2575.7
16600.0,1800.0,-2574.5
16700.0,1800.0,-2573.7
16800.0,1800.0,-2575.4
16900.0,1800.0,-2571.0
17000.0,1800.0,-2571.2
17100.0,1800.0,-2579.7
17200.0,1800.0,-2572.5
17300.0,1800.0,-2576.8
17400.0,1800.0,-2576.9
17500.0,1800.0,-2579.9
17600.0,1800.0,-2583.2
17700.0,1800.0,-2585.7
17800.0,1800.0,-2586.4
17900.0,1800.0,-2591.6
18000.0,1800.0,-2599.7
18100.0,1800.0,-2596.6
18200.0,1800.0,-2600.5
18300.0,1800.0,-2602.2
18400.0,1800.0,-2605.3
18500.0,1800.0,-2614.0
18600.0,1800.0,-2616.5
18700.0,1800.0,-2619.0
18800.0,1800.0,-2618.4
18900.0,1800.0,-2623.0
19000.0,1800.0,-2626.9
19100.0,1800.0,-2629.2
19200.0,1800.0,-2629.1
19300.0,1800.0,-2632.2
19400.0,1800.0,-2630.6
19500.0,1800.0,-2632.8
19600.0,1800.0,-2638.3
19700.0,1800.0,-2634.3
19800.0,1800.0,-2633.7
19900.0,1800.0,-2641.3
20000.0,1800.0,-2639.3
0.0,1900.0,-2718.9
100.0,1900.0,-2729.7
200.0,1900.0,-2729.9
300.0,1900.0,-2733.9
400.0,1900.0,-2736.7
500.0,1900.0,-2738.6
600.0,1900.0,-2743.4
700.0,1900.0,-2743.8
800.0,1900.0,-2741.0
900.0,1900.0,-2743.6
1000.0,1900.0,-2741.3
1100.0,1900.0,-2746.0
1200.0,1900.0,-2745.9
1300.0,1900.0,-2743.8
1400.0,1900.0,-2739.5
1500.0,1900.0,-2741.0
1600.0,1900.0,-2744.7
1700.0,1900.0,-2741.3
1800.0,1900.0,-2742.8
1900.0,1900.0,-2735.6
2000.0,1900.0,-2733.5
2100.0,1900.0,-2744.2
2200.0,1900.0,-2735.7
2300.0,1900.0,-2736.7
2400.0,1900.0,-2734.9
2500.0,1900.0,-2733.7
2600.0,1900.0,-2735.9
2700.0,1900.0,-2741.9
2800.0,1900.0,-2738.7
2900.0,1900.0,-2741.4
3000.0,1900.0,-2735.8
3100.0,1900.0,-2746.4
3200.0,1900.0,-2743.5
3300.0,1900.0,-2738.6
3400.0,1900.0,-2745.9
3500.0,1900.0,-2743.3
3600.0,1900.0,-2745.5
3700.0,1900.0,-2746.7
3800.0,1900.0,-2743.6
3900.0,1900.0,-2744.2
4000.0,1900.0,-2745.1
4100.0,1900.0,-2746.8
4200.0,1900.0,-2742.5
4300.0,1900.0,-2744.2
4400.0,1900.0,-2740.6
4500.0,1900.0,-2738.7
4600.0,1900.0,-2738.7
4700.0,1900.0,-2737.4
4800.0,1900.0,-2736.6
4900.0,1900.0,-2741.1
5000.0,1900.0,-2733.4
5100.0,1900.0,-2733.3
5200.0,1900.0,-2734.7
5300.0,1900.0,-2726.9
5400.0,1900.0,-2728.7
5500.0,1900.0,-2725.4
5600.0,1900.0,-2728.5
5700.0,1900.0,-2722.8
5800.0,1900.0,-2720.2
5900.0,1900.0,-2718.1
6000.0,1900.0,-2722.9
6100.0,1900.0,-2712.8
6200.0,1900.0,-2714.4
6300.0,1900.0,-2714.1
6400.0,1900.0,-2713.0
6500.0,1900.0,-2714.1
6600.0,1900.0,-2710.1
6700.0,1900.0,-2711.9
6800.0,1900.0,-2709.4
6900.0,1900.0,-2705.2
7000.0,1900.0,-2705.4
7100.0,1900.0,-2700.8
7200.0,1900.0,-2711.7
7300.0,1900.0,-2696.9
7400.0,1900.0,-2702.4
7500.0,1900.0,-2695.8
7600.0,1900.0,-2693.6
7700.0,1900.0,-2696.7
7800.0,1900.0,-2684.2
7900.0,1900.0,-2685.5
8000.0,1900.0,-2687.3
8100.0,1900.0,-2674.4
8200.0,1900.0,-2672.1
8300.0,1900.0,-2672.2
8400.0,1900.0,-2666.7
8500.0,1900.0,-2657.1
8600.0,1900.0,-2658.0
8700.0,1900.0,-2658.1
8800.0,1900.0,-2661.0
8900.0,1900.0,-2650.8
9000.0,1900.0,-2644.0
9100.0,1900.0,-2647.4
9200.0,1900.0,-2638.6
9300.0,1900.0,-2643.0
9400.0,1900.0,-2635.3
9500.0,1900.0,-2637.0
9600.0,1900.0,-2634.2
9700.0,1900.0,-2639.5
9800.0,1900.0,-2642.9
9900.0,1900.0,-2643.4
10000.0,1900.0,-2642.9
10100.0,1900.0,-2643.7
10200.0,1900.0,-2638.9
10300.0,1900.0,-2648.2
10400.0,1900.0,-2649.3
10500.0,1900.0,-2653.7
10600.0,1900.0,-2649.5
10700.0,1900.0,-2652.0
10800.0,1900.0,-2656.2
10900.0,1900.0,-2665.4
11000.0,1900.0,-2661.1
11100.0,1900.0,-2669.7
11200.0,1900.0,-2670.9
11300.0,1900.0,-2679.0
11400.0,1900.0,-2672.6
11500.0,1900.0,-2674.7
11600.0,1900.0,-2681.4
11700.0,1900.0,-2683.4
11800.0,1900.0,-2682.5
11900.0,1900.0,-2682.5
12000.0,1900.0,-2684.9
12100.0,1900.0,-2689.9
12200.0,1900.0,-2686.6
12300.0,1900.0,-2685.4
12400.0,1900.0,-2687.0
12500.0,1900.0,-2691.4
12600.0,1900.0,-2689.6
12700.0,1900.0,-2690.8
12800.0,1900.0,-2689.1
12900.0,1900.0,-2691.2
13000.0,1900.0,-2688.9
13100.0,1900.0,-2695.4
13200.0,1900.0,-2691.1
13300.0,1900.0,-2688.6
13400.0,1900.0,-2685.3
13500.0,1900.0,-2681.3
13600.0,1900.0,-2680.9
13700.0,1900.0,-2678.7
13800.0,1900.0,-2681.2
13900.0,1900.0,-2671.8
14000.0,1900.0,-2673.4
14100.0,1900.0,-2671.4
14200.0,1900.0,-2667.9
14300.0,1900.0,-2664.8
14400.0,1900.0,-2657.4
14500.0,1900.0,-2653.8
14600.0,1900.0,-2646.7
14700.0,1900.0,-2651.9
14800.0,1900.0,-2638.4
14900.0,1900.0,-2638.5
15000.0,1900.0,-2633.5
15100.0,1900.0,-2629.3
15200.0,1900.0,-2622.9
15300.0,1900.0,-2618.3
15400.0,1900.0,-2612.9
15500.0,1900.0,-2615.5
15600.0,1900.0,-2601.5
15700.0,1900.0,-2600.8
15800.0,1900.0,-2592.8
15900.0,1900.0,-2597.1
16000.0,1900.0,-2586.0
16100.0,1900.0,-2579.5
16200.0,1900.0,-2590.6
16300.0,1900.0,-2578.9
16400.0,1900.0,-2570.3
16500.0,1900.0,-2572.4
16600.0,1900.0,-2572.3
16700.0,1900.0,-2572.2
16800.0,1900.0,-2575.0
16900.0,1900.0,-2570.9
17000.0,1900.0,-2574.9
17100.0,1900.0,-2573.3
17200.0,1900.0,-2574.8
17300.0,1900.0,-2578.1
17400.0,1900.0,-2579.2
17500.0,1900.0,-2575.2
17600.0,1900.0,-2578.4
17700.0,1900.0,-2592.7
17800.0,1900.0,-2588.5
17900.0,1900.0,-2593.5
18000.0,1900.0,-2596.9
18100.0,1900.0,-2598.9
18200.0,1900.0,-2605.9
18300.0,1900.0,-2606.2
18400.0,1900.0,-2606.7
18500.0,1900.0,-2614.1
18600.0,1900.0,-2617.5
18700.0,1900.0,-2619.8
18800.0,1900.0,-2624.3
18900.0,1900.0,-2624.3
19000.0,1900.0,-2628.6
19100.0,1900.0,-2633.6
19200.0,1900.0,-2631.0
19300.0,1900.0,-2635.2
19400.0,1900.0,-2633.3
19500.0,1900.0,-2635.1
19600.0,1900.0,-2642.2
19700.0,1900.0,-2635.7
19800.0,1900.0,-2642.4
19900.0,1900.0,-2645.9
20000.0,1900.0,-2646.9
0.0,2000.0,-2717.4
100.0,2000.0,-2721.5
200.0,2000.0,-2724.5
300.0,2000.0,-2735.0
400.0,2000.0,-2733.3
500.0,2000.0,-2733.8
600.0,2000.0,-2738.7
700.0,2000.0,-2741.6
800.0,2000.0,-2742.3
900.0,2000.0,-2742.2
1000.0,2000.0,-2740.3
1100.0,2000.0,-2743.7
1200.0,2000.0,-2740.7
1300.0,2000.0,-2744.7
1400.0,2000.0,-2747.1
1500.0,2000.0,-2737.9
1600.0,2000.0,-2735.8
1700.0,2000.0,-2738.6
1800.0,2000.0,-2743.2
1900.0,2000.0,-2739.6
2000.0,2000.0,-2744.2
2100.0,2000.0,-2744.1
2200.0,2000.0,-2731.7
2300.0,2000.0,-2739.0
2400.0,2000.0,-2738.3
2500.0,2000.0,-2737.3
2600.0,2000.0,-2741.2
2700.0,2000.0,-2740.4
2800.0,2000.0,-2740.9
2900.0,2000.0,-2743.2
3000.0,2000.0,-2742.9
3100.0,2000.0,-2745.3
3200.0,2000.0,-2747.3
3300.0,2000.0,-2746.5
3400.0,2000.0,-2749.5
3500.0,2000.0,-2750.1
3600.0,2000.0,-2750.5
3700.0,2000.0,-2748.8
3800.0,2000.0,-2747.3
3900.0,2000.0,-2747.0
4000.0,2000.0,-2751.5
4100.0,2000.0,-2753.5
4200.0,2000.0,-2753.7
4300.0,2000.0,-2745.7
4400.0,2000.0,-2753.5
4500.0,2000.0,-2747.2
4600.0,2000.0,-2744.7
4700.0,2000.0,-2744.4
4800.0,2000.0,-2746.3
4900.0,2000.0,-2743.3
5000.0,2000.0,-2739.4
5100.0,2000.0,-2739.4
5200.0,2000.0,-2735.5
5300.0,2000.0,-2735.8
5400.0,2000.0,-2735.5
5500.0,2000.0,-2730.3
5600.0,2000.0,-2727.9
5700.0,2000.0,-2726.2
5800.0,2000.0,-2721.0
5900.0,2000.0,-2721.0
6000.0,2000.0,-2722.3
6100.0,2000.0,-2723.1
6200.0,2000.0,-2721.2
6300.0,2000.0,-2721.2
6400.0,2000.0,-2715.5
6500.0,2000.0,-2716.0
6600.0,2000.0,-2710.5
6700.0,2000.0,-2712.1
6800.0,2000.0,-2712.5
6900.0,2000.0,-2707.9
7000.0,2000.0,-2703.3
7100.0,2000.0,-2704.7
7200.0,2000.0,-2702.0
7300.0,2000.0,-2701.7
7400.0,2000.0,-2705.3
7500.0,2000.0,-2694.1
7600.0,2000.0,-2691.5
7700.0,2000.0,-2687.9
7800.0,2000.0,-2688.0
7900.0,2000.0,-2685.4
8000.0,2000.0,-2680.9
8100.0,2000.0,-2679.4
8200.0,2000.0,-2672.5
8300.0,2000.0,-2670.8
8400.0,2000.0,-2666.1
8500.0,2000.0,-2663.3
8600.0,2000.0,-2664.3
8700.0,2000.0,-2656.0
8800.0,2000.0,-2649.3
8900.0,2000.0,-2652.6
9000.0,2000.0,-2647.5
9100.0,2000.0,-2641.0
9200.0,2000.0,-2645.3
9300.0,2000.0,-2640.4
9400.0,2000.0,-2641.0
9500.0,2000.0,-2637.4
9600.0,2000.0,-2634.9
9700.0,2000.0,-2643.3
9800.0,2000.0,-2639.9
9900.0,2000.0,-2635.1
10000.0,2000.0,-2638.7
10100.0,2000.0,-2640.5
10200.0,2000.0,-2642.9
10300.0,2000.0,-2643.1
10400.0,2000.0,-2645.5
10500.0,2000.0,-2651.8
10600.0,2000.0,-2653.6
10700.0,2000.0,-2659.2
10800.0,2000.0,-2656.3
10900.0,2000.0,-2659.9
11000.0,2000.0,-2668.4
11100.0,2000.0,-2668.8
11200.0,2000.0,-2670.9
11300.0,2000.0,-2669.5
11400.0,2000.0,-2676.6
11500.0,2000.0,-2677.0
11600.0,2000.0,-2673.4
11700.0,2000.0,-2685.7
11800.0,2000.0,-2683.1
11900.0,2000.0,-2686.6
12000.0,2000.0,-2687.9
12100.0,2000.0,-2688.6
12200.0,2000.0,-2691.8
12300.0,2000.0,-2693.8
12400.0,2000.0,-2692.5
12500.0,2000.0,-2684.3
12600.0,2000.0,-2690.8
12700.0,2000.0,-2694.8
12800.0,2000.0,-2692.6
12900.0,2000.0,-2689.9
13000.0,2000.0,-2695.1
13100.0,2000.0,-2687.1
13200.0,2000.0,-2690.2
13300.0,2000.0,-2691.5
13400.0,2000.0,-2689.0
13500.0,2000.0,-2683.9
13600.0,2000.0,-2678.3
13700.0,2000.0,-2682.6
13800.0,2000.0,-2675.7
13900.0,2000.0,-2672.8
14000.0,2000.0,-2674.6
14100.0,2000.0,-2670.5
14200.0,2000.0,-2665.7
14300.0,2000.0,-2669.4
14400.0,2000.0,-2662.6
14500.0,2000.0,-2655.1
14600.0,2000.0,-2652.9
14700.0,2000.0,-2644.5
14800.0,2000.0,-2641.9
14900.0,2000.0,-2641.3
15000.0,2000.0,-2635.1
15100.0,2000.0,-2634.7
15200.0,2000.0,-2622.1
15300.0,2000.0,-2626.1
15400.0,2000.0,-2618.9
15500.0,2000.0,-2610.4
15600.0,2000.0,-2601.8
15700.0,2000.0,-2604.8
15800.0,2000.0,-2592.5
15900.0,2000.0,-2592.2
16000.0,2000.0,-2590.2
16100.0,2000.0,-2586.8
16200.0,2000.0,-2585.0
16300.0,2000.0,-2578.6
16400.0,2000.0,-2580.0
16500.0,2000.0,-2570.2
16600.0,2000.0,-2573.0
16700.0,2000.0,-2576.9
16800.0,2000.0,-2571.3
16900.0,2000.0,-2569.8
17000.0,2000.0,-2569.6
17100.0,2000.0,-2576.8
17200.0,2000.0,-2573.5
17300.0,2000.0,-2575.0
17400.0,2000.0,-2580.7
17500.0,2000.0,-2575.2
17600.0,2000.0,-2584.7
17700.0,2000.0,-2588.1
17800.0,2000.0,-2593.1
17900.0,2000.0,-2594.8
18000.0,2000.0,-2599.1
18100.0,2000.0,-2598.3
18200.0,2000.0,-2598.7
18300.0,2000.0,-2607.5
18400.0,2000.0,-2614.5
18500.0,2000.0,-2619.4
18600.0,2000.0,-2620.6
18700.0,2000.0,-2622.8
18800.0,2000.0,-2625.2
18900.0,2000.0,-2627.8
19000.0,2000.0,-2627.9
19100.0,2000.0,-2630.7
19200.0,2000.0,-2636.7
19300.0,2000.0,-2637.0
19400.0,2000.0,-2638.2
19500.0,2000.0,-2641.1
19600.0,2000.0,-2638.9
19700.0,2000.0,-2646.3
19800.0,2000.0,-2642.7
19900.0,2000.0,-2636.0
20000.0,2000.0,-2642.1
0.0,2100.0,-2715.6
100.0,2100.0,-2722.5
200.0,2100.0,-2722.8
300.0,2100.0,-2723.4
400.0,2100.0,-2729.6
500.0,2100.0,-2733.6
600.0,2100.0,-2741.3
700.0,2100.0,-2739.4
800.0,2100.0,-2744.2
900.0,2100.0,-2738.3
1000.0,2100.0,-2747.0
1100.0,2100.0,-2740.1
1200.0,2100.0,-2744.7
1300.0,2100.0,-2737.4
1400.0,2100.0,-2737.0
1500.0,2100.0,-2740.2
1600.0,2100.0,-2739.0
1700.0,2100.0,-2738.1
1800.0,2100.0,-2733.6
1900.0,2100.0,-2742.5
2000.0,2100.0,-2739.8
2100.0,2100.0,-2738.5
2200.0,2100.0,-2735.1
2300.0,2100.0,-2739.1
2400.0,2100.0,-2740.0
2500.0,2100.0,-2736.1
2600.0,2100.0,-2742.4
2700.0,2100.0,-2737.4
2800.0,2100.0,-2739.8
2900.0,2100.0,-2747.8
3000.0,2100.0,-2744.8
3100.0,2100.0,-2747.5
3200.0,2100.0,-2737.8
3300.0,2100.0,-2751.5
3400.0,2100.0,-2750.7
3500.0,2100.0,-2754.5
3600.0,2100.0,-2753.9
3700.0,2100.0,-2756.1
3800.0,2100.0,-2752.5
3900.0,2100.0,-2751.4
4000.0,2100.0,-2753.4
4100.0,2100.0,-2755.3
4200.0,2100.0,-2752.9
4300.0,2100.0,-2754.1
4400.0,2100.0,-2756.4
4500.0,2100.0,-2756.0
4600.0,2100.0,-2754.4
4700.0,2100.0,-2752.8
4800.0,2100.0,-2749.5
4900.0,2100.0,-2755.7
5000.0,2100.0,-2751.5
5100.0,2100.0,-2749.2
5200.0,2100.0,-2746.3
5300.0,2100.0,-2740.1
5400.0,2100.0,-2741.5
5500.0,2100.0,-2739.5
5600.0,2100.0,-2741.3
5700.0,2100.0,-2734.3
5800.0,2100.0,-2734.5
5900.0,2100.0,-2729.1
6000.0,2100.0,-2725.1
6100.0,2100.0,-2729.8
6200.0,2100.0,-2718.8
6300.0,2100.0,-2721.5
6400.0,2100.0,-2723.1
6500.0,2100.0,-2716.3
6600.0,2100.0,-2718.7
6700.0,2100.0,-2713.1
6800.0,2100.0,-2710.2
6900.0,2100.0,-2709.2
7000.0,2100.0,-2707.8
7100.0,2100.0,-2706.5
7200.0,2100.0,-2705.0
7300.0,2100.0,-2703.7
7400.0,2100.0,-2693.5
7500.0,2100.0,-2693.7
7600.0,2100.0,-2698.2
7700.0,2100.0,-2697.5
7800.0,2100.0,-2693.2
7900.0,2100.0,-2688.9
8000.0,2100.0,-2684.6
8100.0,2100.0,-2677.3
8200.0,2100.0,-2674.7
8300.0,2100.0,-2677.1
8400.0,2100.0,-2671.8
8500.0,2100.0,-2661.5
8600.0,2100.0,-2666.1
8700.0,2100.0,-2661.6
8800.0,2100.0,-2660.7
8900.0,2100.0,-2657.4
9000.0,2100.0,-2648.3
9100.0,2100.0,-2649.7
9200.0,2100.0,-2641.2
9300.0,2100.0,-2639.2
9400.0,2100.0,-2645.0
9500.0,2100.0,-2644.1
9600.0,2100.0,-2639.1
9700.0,2100.0,-2641.6
9800.0,2100.0,-2641.9
9900.0,2100.0,-2637.8
10000.0,2100.0,-2643.4
10100.0,2100.0,-2646.1
10200.0,2100.0,-2640.8
10300.0,2100.0,-2649.5
10400.0,2100.0,-2652.0
10500.0,2100.0,-2651.7
10600.0,2100.0,-2650.5
10700.0,2100.0,-2652.1
10800.0,2100.0,-2659.5
10900.0,2100.0,-2655.3
11000.0,2100.0,-2659.8
11100.0,2100.0,-2666.2
11200.0,2100.0,-2670.7
11300.0,2100.0,-2670.9
11400.0,2100.0,-2679.0
11500.0,2100.0,-2674.9
11600.0,2100.0,-2681.0
11700.0,2100.0,-2679.3
11800.0,2100.0,-2682.3
11900.0,2100.0,-2689.5
12000.0,2100.0,-2681.1
12100.0,2100.0,-2687.4
12200.0,2100.0,-2687.8
12300.0,2100.0,-2688.6
12400.0,2100.0,-2696.4
12500.0,2100.0,-2685.1
12600.0,2100.0,-2690.4
12700.0,2100.0,-2689.4
12800.0,2100.0,-2688.6
12900.0,2100.0,-2690.9
13000.0,2100.0,-2690.8
13100.0,2100.0,-2694.7
13200.0,2100.0,-2687.6
13300.0,2100.0,-2690.0
13400.0,2100.0,-2681.6
13500.0,2100.0,-2688.2
13600.0,2100.0,-2681.1
13700.0,2100.0,-2684.4
13800.0,2100.0,-2680.0
13900.0,2100.0,-2679.2
14000.0,2100.0,-2676.8
14100.0,2100.0,-2669.2
14200.0,2100.0,-2666.3
14300.0,2100.0,-2668.4
14400.0,2100.0,-2659.9
14500.0,2100.0,-2655.8
14600.0,2100.0,-2653.9
14700.0,2100.0,-2651.0
14800.0,2100.0,-2647.2
14900.0,2100.0,-2642.6
15000.0,2100.0,-2638.4
15100.0,2100.0,-2630.1
15200.0,2100.0,-2624.9
15300.0,2100.0,-2616.7
15400.0,2100.0,-2619.8
15500.0,2100.0,-2609.0
15600.0,2100.0,-2610.9
15700.0,2100.0,-2608.1
15800.0,2100.0,-2600.2
15900.0,2100.0,-2594.9
16000.0,2100.0,-2590.5
16100.0,2100.0,-2589.9
16200.0,2100.0,-2589.0
16300.0,2100.0,-2575.8
16400.0,2100.0,-2577.9
16500.0,2100.0,-2579.4
16600.0,2100.0,-2569.8
16700.0,2100.0,-2577.6
16800.0,2100.0,-2578.1
16900.0,2100.0,-2581.0
17000.0,2100.0,-2574.1
17100.0,2100.0,-2568.6
17200.0,2100.0,-2576.4
17300.0,2100.0,-2578.3
17400.0,2100.0,-2573.5
17500.0,2100.0,-2583.8
17600.0,2100.0,-2581.8
17700.0,2100.0,-2591.0
17800.0,2100.0,-2590.8
17900.0,2100.0,-2599.9
18000.0,2100.0,-2598.2
18100.0,2100.0,-2601.7
18200.0,2100.0,-2606.5
18300.0,2100.0,-2612.7
18400.0,2100.0,-2614.4
18500.0,2100.0,-2612.6
18600.0,2100.0,-2622.3
18700.0,2100.0,-2626.8
18800.0,2100.0,-2631.3
18900.0,2100.0,-2635.1
19000.0,2100.0,-2637.1
19100.0,2100.0,-2638.4
19200.0,2100.0,-2641.7
19300.0,2100.0,-2645.4
19400.0,2100.0,-2644.7
19500.0,2100.0,-2648.8
19600.0,2100.0,-2643.9
19700.0,2100.0,-2645.7
19800.0,2100.0,-2646.7
19900.0,2100.0,-2653.1
20000.0,2100.0,-2649.7
0.0,2200.0,-2715.4
100.0,2200.0,-2719.8
200.0,2200.0,-2726.8
300.0,2200.0,-2726.4
400.0,2200.0,-2730.0
500.0,2200.0,-2725.9
600.0,2200.0,-2731.0
700.0,2200.0,-2735.3
800.0,2200.0,-2735.9
900.0,2200.0,-2740.9
1000.0,2200.0,-2737.0
1100.0,2200.0,-2740.5
1200.0,2200.0,-2740.4
1300.0,2200.0,-2745.2
1400.0,2200.0,-2740.3
1500.0,2200.0,-2742.1
1600.0,2200.0,-2739.0
1700.0,2200.0,-2742.4
1800.0,2200.0,-2740.5
1900.0,2200.0,-2737.3
2000.0,2200.0,-2737.0
2100.0,2200.0,-2737.7
2200.0,2200.0,-2739.8
2300.0,2200.0,-2740.9
2400.0,2200.0,-2734.1
2500.0,2200.0,-2738.1
2600.0,2200.0,-2738.8
2700.0,2200.0,-2739.2
2800.0,2200.0,-2744.7
2900.0,2200.0,-2743.7
3000.0,2200.0,-2743.9
3100.0,2200.0,-2748.9
3200.0,2200.0,-2748.8
3300.0,2200.0,-2751.7
3400.0,2200.0,-2751.6
3500.0,2200.0,-2753.8
3600.0,2200.0,-2752.4
3700.0,2200.0,-2759.6
3800.0,2200.0,-2759.5
3900.0,2200.0,-2758.5
4000.0,2200.0,-2763.2
4100.0,2200.0,-2757.3
4200.0,2200.0,-2764.9
4300.0,2200.0,-2762.7
4400.0,2200.0,-2759.9
4500.0,2200.0,-2761.0
4600.0,2200.0,-2758.4
4700.0,2200.0,-2755.8
4800.0,2200.0,-2760.2
4900.0,2200.0,-2752.6
5000.0,2200.0,-2761.0
5100.0,2200.0,-2748.2
5200.0,2200.0,-2748.4
5300.0,2200.0,-2749.2
5400.0,2200.0,-2739.8
5500.0,2200.0,-2740.7
5600.0,2200.0,-2744.4
5700.0,2200.0,-2740.2
5800.0,2200.0,-2741.4
5900.0,2200.0,-2729.0
6000.0,2200.0,-2734.3
6100.0,2200.0,-2732.3
6200.0,2200.0,-2729.6
6300.0,2200.0,-2723.6
6400.0,2200.0,-2726.2
6500.0,2200.0,-2714.8
6600.0,2200.0,-2719.4
6700.0,2200.0,-2719.7
6800.0,2200.0,-2720.0
6900.0,2200.0,-2712.1
7000.0,2200.0,-2709.6
7100.0,2200.0,-2705.2
7200.0,2200.0,-2704.9
7300.0,2200.0,-2706.8
7400.0,2200.0,-2700.6
7500.0,2200.0,-2696.6
7600.0,2200.0,-2695.9
7700.0,2200.0,-2692.3
7800.0,2200.0,-2695.9
7900.0,2200.0,-2683.3
8000.0,2200.0,-2681.0
8100.0,2200.0,-2677.7
8200.0,2200.0,-2673.8
8300.0,2200.0,-2669.0
8400.0,2200.0,-2675.0
8500.0,2200.0,-2668.5
8600.0,2200.0,-2666.9
8700.0,2200.0,-2661.1
8800.0,2200.0,-2661.3
8900.0,2200.0,-2657.6
9000.0,2200.0,-2647.8
9100.0,2200.0,-2650.7
9200.0,2200.0,-2649.2
9300.0,2200.0,-2642.5
9400.0,2200.0,-2645.4
9500.0,2200.0,-2643.6
9600.0,2200.0,-2641.9
9700.0,2200.0,-2645.4
9800.0,2200.0,-2638.0
9900.0,2200.0,-2638.7
10000.0,2200.0,-2639.5
10100.0,2200.0,-2647.7
10200.0,2200.0,-2645.5
10300.0,2200.0,-2647.4
10400.0,2200.0,-2647.6
10500.0,2200.0,-2647.0
10600.0,2200.0,-2652.1
10700.0,2200.0,-2649.2
10800.0,2200.0,-2654.2
10900.0,2200.0,-2661.5
11000.0,2200.0,-2661.0
11100.0,2200.0,-2664.6
11200.0,2200.0,-2665.0
11300.0,2200.0,-2673.4
11400.0,2200.0,-2670.8
11500.0,2200.0,-2676.3
11600.0,2200.0,-2673.3
11700.0,2200.0,-2679.0
11800.0,2200.0,-2677.6
11900.0,2200.0,-2679.3
12000.0,2200.0,-2685.9
12100.0,2200.0,-2684.4
12200.0,2200.0,-2691.8
12300.0,2200.0,-2687.7
12400.0,2200.0,-2686.3
12500.0,2200.0,-2692.0
12600.0,2200.0,-2688.8
12700.0,2200.0,-2684.7
12800.0,2200.0,-2687.8
12900.0,2200.0,-2694.5
13000.0,2200.0,-2685.4
13100.0,2200.0,-2687.6
13200.0,2200.0,-2688.1
13300.0,2200.0,-2687.0
13400.0,2200.0,-2685.9
13500.0,2200.0,-2681.6
13600.0,2200.0,-2684.9
13700.0,2200.0,-2679.9
13800.0,2200.0,-2681.5
13900.0,2200.0,-2678.1
14000.0,2200.0,-2671.9
14100.0,2200.0,-2670.8
14200.0,2200.0,-2667.3
14300.0,2200.0,-2659.8
14400.0,2200.0,-2660.4
14500.0,2200.0,-2661.2
14600.0,2200.0,-2652.1
14700.0,2200.0,-2647.6
14800.0,2200.0,-2648.1
14900.0,2200.0,-2639.2
15000.0,2200.0,-2641.6
15100.0,2200.0,-2635.8
15200.0,2200.0,-2634.1
15300.0,2200.0,-2626.9
15400.0,2200.0,-2611.8
15500.0,2200.0,-2615.5
15600.0,2200.0,-2603.6
15700.0,2200.0,-2603.7
15800.0,2200.0,-2597.2
15900.0,2200.0,-2590.4
16000.0,2200.0,-2589.4
16100.0,2200.0,-2585.7
16200.0,2200.0,-2584.0
16300.0,2200.0,-2583.6
16400.0,2200.0,-2576.6
16500.0,2200.0,-2577.3
16600.0,2200.0,-2572.2
16700.0,2200.0,-2570.9
16800.0,2200.0,-2580.6
16900.0,2200.0,-2572.6
17000.0,2200.0,-2572.6
17100.0,2200.0,-2573.6
17200.0,2200.0,-2574.4
17300.0,2200.0,-2581.3
17400.0,2200.0,-2584.1
17500.0,2200.0,-2581.0
17600.0,2200.0,-2586.5
17700.0,2200.0,-2592.9
17800.0,2200.0,-2589.7
17900.0,2200.0,-2593.7
18000.0,2200.0,-2604.7
18100.0,2200.0,-2604.1
18200.0,2200.0,-2608.8
18300.0,2200.0,-2617.3
18400.0,2200.0,-2615.3
18500.0,2200.0,-2618.9
18600.0,2200.0,-2624.0
18700.0,2200.0,-2626.1
18800.0,2200.0,-2629.7
18900.0,2200.0,-2636.5
19000.0,2200.0,-2637.3
19100.0,2200.0,-2640.2
19200.0,2200.0,-2637.1
19300.0,2200.0,-2645.1
19400.0,2200.0,-2643.1
19500.0,2200.0,-2648.5
19600.0,2200.0,-2648.2
19700.0,2200.0,-2649.0
19800.0,2200.0,-2652.3
19900.0,2200.0,-2652.5
20000.0,2200.0,-2652.0
0.0,2300.0,-2710.9
100.0,2300.0,-2719.2
200.0,2300.0,-2720.2
300.0,2300.0,-2726.7
400.0,2300.0,-2728.6
500.0,2300.0,-2730.1
600.0,2300.0,-2734.0
700.0,2300.0,-2735.2
800.0,2300.0,-2739.2
900.0,2300.0,-2737.1
1000.0,2300.0,-2738.6
1100.0,2300.0,-2739.5
1200.0,2300.0,-2738.0
1300.0,2300.0,-2741.1
1400.0,2300.0,-2741.4
1500.0,2300.0,-2736.0
1600.0,2300.0,-2740.4
1700.0,2300.0,-2740.4
1800.0,2300.0,-2736.2
1900.0,2300.0,-2735.7
2000.0,2300.0,-2738.2
2100.0,2300.0,-2737.4
2200.0,2300.0,-2737.0
2300.0,2300.0,-2735.3
2400.0,2300.0,-2737.2
2500.0,2300.0,-2739.6
2600.0,2300.0,-2744.1
2700.0,2300.0,-2740.5
2800.0,2300.0,-2747.2
2900.0,2300.0,-2741.4
3000.0,2300.0,-2742.0
3100.0,2300.0,-2744.7
3200.0,2300.0,-2748.5
3300.0,2300.0,-2750.2
3400.0,2300.0,-2750.7
3500.0,2300.0,-2747.6
3600.0,2300.0,-2758.1
3700.0,2300.0,-2760.6
3800.0,2300.0,-2760.2
3900.0,2300.0,-2765.0
4000.0,2300.0,-2757.4
4100.0,2300.0,-2764.2
4200.0,2300.0,-2759.1
4300.0,2300.0,-2762.5
4400.0,2300.0,-2768.4
4500.0,2300.0,-2762.5
4600.0,2300.0,-2764.6
4700.0,2300.0,-2766.3
4800.0,2300.0,-2763.8
4900.0,2300.0,-2762.7
5000.0,2300.0,-2760.0
5100.0,2300.0,-2757.1
5200.0,2300.0,-2762.6
5300.0,2300.0,-2752.6
5400.0,2300.0,-2756.0
5500.0,2300.0,-2749.9
5600.0,2300.0,-2753.5
5700.0,2300.0,-2740.0
5800.0,2300.0,-2746.4
5900.0,2300.0,-2742.8
6000.0,2300.0,-2738.8
6100.0,2300.0,-2735.2
6200.0,2300.0,-2731.9
6300.0,2300.0,-2727.3
6400.0,2300.0,-2730.9
6500.0,2300.0,-2726.2
6600.0,2300.0,-2720.4
6700.0,2300.0,-2720.7
6800.0,2300.0,-2719.1
6900.0,2300.0,-2712.3
7000.0,2300.0,-2709.4
7100.0,2300.0,-2719.3
7200.0,2300.0,-2703.7
7300.0,2300.0,-2704.5
7400.0,2300.0,-2702.9
7500.0,2300.0,-2693.7
7600.0,2300.0,-2700.0
7700.0,2300.0,-2694.8
7800.0,2300.0,-2691.0
7900.0,2300.0,-2682.6
8000.0,2300.0,-2690.3
8100.0,2300.0,-2681.2
8200.0,2300.0,-2674.2
8300.0,2300.0,-2673.8
8400.0,2300.0,-2667.7
8500.0,2300.0,-2664.6
8600.0,2300.0,-2668.5
8700.0,2300.0,-2661.9
8800.0,2300.0,-2656.4
8900.0,2300.0,-2653.6
9000.0,2300.0,-2650.6
9100.0,2300.0,-2652.3
9200.0,2300.0,-2647.9
9300.0,2300.0,-2644.8
9400.0,2300.0,-2649.0
9500.0,2300.0,-2647.9
9600.0,2300.0,-2641.7
9700.0,2300.0,-2641.1
9800.0,2300.0,-2645.3
9900.0,2300.0,-2646.2
10000.0,2300.0,-2645.5
10100.0,2300.0,-2649.2
10200.0,2300.0,-2639.9
10300.0,2300.0,-2641.9
10400.0,2300.0,-2649.0
10500.0,2300.0,-2650.2
10600.0,2300.0,-2652.6
10700.0,2300.0,-2653.1
10800.0,2300.0,-2653.8
10900.0,2300.0,-2660.5
11000.0,2300.0,-2662.5
11100.0,2300.0,-2661.2
11200.0,2300.0,-2662.5
11300.0,2300.0,-2672.1
11400.0,2300.0,-2672.5
11500.0,2300.0,-2674.7
11600.0,2300.0,-2678.6
11700.0,2300.0,-2677.4
11800.0,2300.0,-2687.2
11900.0,2300.0,-2685.8
12000.0,2300.0,-2681.6
12100.0,2300.0,-2683.7
12200.0,2300.0,-2683.6
12300.0,2300.0,-2685.9
12400.0,2300.0,-2690.5
12500.0,2300.0,-2688.4
12600.0,2300.0,-2688.7
12700.0,2300.0,-2691.2
12800.0,2300.0,-2690.6
12900.0,2300.0,-2693.4
13000.0,2300.0,-2687.5
13100.0,2300.0,-2695.8
13200.0,2300.0,-2691.8
13300.0,2300.0,-2694.7
13400.0,2300.0,-2686.6
13500.0,2300.0,-2684.7
13600.0,2300.0,-2679.0
13700.0,2300.0,-2684.9
13800.0,2300.0,-2681.1
13900.0,2300.0,-2677.7
14000.0,2300.0,-2673.0
14100.0,2300.0,-2670.8
14200.0,2300.0,-2668.2
14300.0,2300.0,-2661.5
14400.0,2300.0,-2660.4
14500.0,2300.0,-2655.0
14600.0,2300.0,-2653.5
14700.0,2300.0,-2651.0
14800.0,2300.0,-2642.6
14900.0,2300.0,-2642.8
15000.0,2300.0,-2640.7
15100.0,2300.0,-2633.2
15200.0,2300.0,-2622.4
15300.0,2300.0,-2620.1
15400.0,2300.0,-2614.9
15500.0,2300.0,-2614.1
15600.0,2300.0,-2606.1
15700.0,2300.0,-2602.9
15800.0,2300.0,-2601.6
15900.0,2300.0,-2594.5
16000.0,2300.0,-2593.7
16100.0,2300.0,-2587.4
16200.0,2300.0,-2588.5
16300.0,2300.0,-2580.5
16400.0,2300.0,-2585.5
16500.0,2300.0,-2575.3
16600.0,2300.0,-2571.1
16700.0,2300.0,-2565.5
16800.0,2300.0,-2569.1
16900.0,2300.0,-2576.9
17000.0,2300.0,-2573.2
17100.0,2300.0,-2576.6
17200.0,2300.0,-2575.3
17300.0,2300.0,-2574.9
17400.0,2300.0,-2580.3
17500.0,2300.0,-2582.2
17600.0,2300.0,-2582.2
17700.0,2300.0,-2589.9
17800.0,2300.0,-2591.9
17900.0,2300.0,-2598.0
18000.0,2300.0,-2598.6
18100.0,2300.0,-2605.8
18200.0,2300.0,-2611.3
18300.0,2300.0,-2614.1
18400.0,2300.0,-2617.9
18500.0,2300.0,-2623.0
18600.0,2300.0,-2624.9
18700.0,2300.0,-2631.1
18800.0,2300.0,-2630.9
18900.0,2300.0,-2641.9
19000.0,2300.0,-2635.7
19100.0,2300.0,-2639.9
19200.0,2300.0,-2648.3
19300.0,2300.0,-2654.4
19400.0,2300.0,-2648.6
19500.0,2300.0,-2649.2
19600.0,2300.0,-2650.1
19700.0,2300.0,-2651.1
19800.0,2300.0,-2654.1
19900.0,2300.0,-2658.7
20000.0,2300.0,-2657.2
0.0,2400.0,-2705.1
100.0,2400.0,-2708.4
200.0,2400.0,-2714.0
300.0,2400.0,-2719.1
400.0,2400.0,-2724.2
500.0,2400.0,-2727.7
600.0,2400.0,-2739.3
700.0,2400.0,-2731.1
800.0,2400.0,-2736.9
900.0,2400.0,-2739.1
1000.0,2400.0,-2739.6
1100.0,2400.0,-2742.2
1200.0,2400.0,-2739.5
1300.0,2400.0,-2742.8
1400.0,2400.0,-2739.2
1500.0,2400.0,-2732.9
1600.0,2400.0,-2738.8
1700.0,2400.0,-2738.5
1800.0,2400.0,-2742.5
1900.0,2400.0,-2739.2
2000.0,2400.0,-2733.0
2100.0,2400.0,-2736.8
2200.0,2400.0,-2737.4
2300.0,2400.0,-2737.4
2400.0,2400.0,-2733.2
2500.0,2400.0,-2737.5
2600.0,2400.0,-2740.1
2700.0,2400.0,-2738.6
2800.0,2400.0,-2740.0
2900.0,2400.0,-2749.2
3000.0,2400.0,-2746.3
3100.0,2400.0,-2748.3
3200.0,2400.0,-2753.2
3300.0,2400.0,-2754.8
3400.0,2400.0,-2759.3
3500.0,2400.0,-2757.2
3600.0,2400.0,-2764.2
3700.0,2400.0,-2754.3
3800.0,2400.0,-2770.9
3900.0,2400.0,-2762.7
4000.0,2400.0,-2763.8
4100.0,2400.0,-2768.6
4200.0,2400.0,-2773.6
4300.0,2400.0,-2773.8
4400.0,2400.0,-2770.6
4500.0,2400.0,-2773.4
4600.0,2400.0,-2771.7
4700.0,2400.0,-2764.8
4800.0,2400.0,-2769.5
4900.0,2400.0,-2771.9
5000.0,2400.0,-2770.9
5100.0,2400.0,-2771.5
5200.0,2400.0,-2764.7
5300.0,2400.0,-2764.3
5400.0,2400.0,-2756.7
5500.0,2400.0,-2750.4
5600.0,2400.0,-2755.4
5700.0,2400.0,-2752.6
5800.0,2400.0,-2744.6
5900.0,2400.0,-2742.2
6000.0,2400.0,-2743.5
6100.0,2400.0,-2738.8
6200.0,2400.0,-2739.9
6300.0,2400.0,-2733.7
6400.0,2400.0,-2726.9
6500.0,2400.0,-2727.5
6600.0,2400.0,-2721.8
6700.0,2400.0,-2721.3
6800.0,2400.0,-2713.8
6900.0,2400.0,-2719.0
7000.0,2400.0,-2720.1
7100.0,2400.0,-2708.3
7200.0,2400.0,-2713.3
7300.0,2400.0,-2707.9
7400.0,2400.0,-2701.5
7500.0,2400.0,-2703.9
7600.0,2400.0,-2695.1
7700.0,2400.0,-2697.0
7800.0,2400.0,-2693.9
7900.0,2400.0,-2688.3
8000.0,2400.0,-2678.8
8100.0,2400.0,-2681.8
8200.0,2400.0,-2675.5
8300.0,2400.0,-2676.7
8400.0,2400.0,-2674.7
8500.0,2400.0,-2672.6
8600.0,2400.0,-2658.5
8700.0,2400.0,-2656.9
8800.0,2400.0,-2656.0
8900.0,2400.0,-2659.1
9000.0,2400.0,-2652.0
9100.0,2400.0,-2653.0
9200.0,2400.0,-2650.2
9300.0,2400.0,-2649.3
9400.0,2400.0,-2645.4
9500.0,2400.0,-2645.1
9600.0,2400.0,-2644.3
9700.0,2400.0,-2643.7
9800.0,2400.0,-2644.6
9900.0,2400.0,-2642.0
10000.0,2400.0,-2638.6
10100.0,2400.0,-2650.5
10200.0,2400.0,-2642.7
10300.0,2400.0,-2641.2
10400.0,2400.0,-2647.4
10500.0,2400.0,-2650.2
10600.0,2400.0,-2649.3
10700.0,2400.0,-2649.5
10800.0,2400.0,-2652.0
10900.0,2400.0,-2656.2
11000.0,2400.0,-2658.5
11100.0,2400.0,-2666.5
11200.0,2400.0,-2667.2
11300.0,2400.0,-2667.5
11400.0,2400.0,-2670.4
11500.0,2400.0,-2677.5
11600.0,2400.0,-2672.5
11700.0,2400.0,-2672.3
11800.0,2400.0,-2677.4
11900.0,2400.0,-2683.5
12000.0,2400.0,-2682.0
12100.0,2400.0,-2689.2
12200.0,2400.0,-2687.2
12300.0,2400.0,-2686.2
12400.0,2400.0,-2685.5
12500.0,2400.0,-2685.3
12600.0,2400.0,-2689.1
12700.0,2400.0,-2688.3
12800.0,2400.0,-2690.0
12900.0,2400.0,-2690.9
13000.0,2400.0,-2693.4
13100.0,2400.0,-2690.5
13200.0,2400.0,-2690.4
13300.0,2400.0,-2688.2
13400.0,2400.0,-2688.6
13500.0,2400.0,-2685.3
13600.0,2400.0,-2686.3
13700.0,2400.0,-2681.1
13800.0,2400.0,-2677.6
13900.0,2400.0,-2682.8
14000.0,2400.0,-2675.4
14100.0,2400.0,-2672.7
14200.0,2400.0,-2666.2
14300.0,2400.0,-2667.4
14400.0,2400.0,-2658.5
14500.0,2400.0,-2660.9
14600.0,2400.0,-2651.5
14700.0,2400.0,-2656.3
14800.0,2400.0,-2639.2
14900.0,2400.0,-2644.8
15000.0,2400.0,-2641.9
15100.0,2400.0,-2630.2
15200.0,2400.0,-2621.4
15300.0,2400.0,-2622.7
15400.0,2400.0,-2608.7
15500.0,2400.0,-2612.1
15600.0,2400.0,-2605.3
15700.0,2400.0,-2602.2
15800.0,2400.0,-2601.1
15900.0,2400.0,-2593.7
16000.0,2400.0,-2589.7
16100.0,2400.0,-2584.9
16200.0,2400.0,-2586.4
16300.0,2400.0,-2583.0
16400.0,2400.0,-2579.6
16500.0,2400.0,-2578.7
16600.0,2400.0,-2574.8
16700.0,2400.0,-2573.1
16800.0,2400.0,-2575.3
16900.0,2400.0,-2573.2
17000.0,2400.0,-2571.8
17100.0,2400.0,-2575.7
17200.0,2400.0,-2573.8
17300.0,2400.0,-2583.4
17400.0,2400.0,-2582.4
17500.0,2400.0,-2575.5
17600.0,2400.0,-2587.1
17700.0,2400.0,-2588.0
17800.0,2400.0,-2592.5
17900.0,2400.0,-2597.7
18000.0,2400.0,-2602.5
18100.0,2400.0,-2607.3
18200.0,2400.0,-2608.0
18300.0,2400.0,-2611.6
18400.0,2400.0,-2614.7
18500.0,2400.0,-2620.3
18600.0,2400.0,-2628.0
18700.0,2400.0,-2632.1
18800.0,2400.0,-2631.2
18900.0,2400.0,-2639.1
19000.0,2400.0,-2641.0
19100.0,2400.0,-2638.2
19200.0,2400.0,-2647.4
19300.0,2400.0,-2648.6
19400.0,2400.0,-2656.2
19500.0,2400.0,-2651.1
19600.0,2400.0,-2648.0
19700.0,2400.0,-2651.9
19800.0,2400.0,-2655.9
19900.0,2400.0,-2655.9
20000.0,2400.0,-2659.9
0.0,2500.0,-2703.6
100.0,2500.0,-2709.3
200.0,2500.0,-2708.5
300.0,2500.0,-2714.6
400.0,2500.0,-2716.9
500.0,2500.0,-2724.4
600.0,2500.0,-2728.8
700.0,2500.0,-2730.4
800.0,2500.0,-2738.3
900.0,2500.0,-2734.4
1000.0,2500.0,-2729.0
1100.0,2500.0,-2735.8
1200.0,2500.0,-2733.9
1300.0,2500.0,-2734.3
1400.0,2500.0,-2745.3
1500.0,2500.0,-2734.8
1600.0,2500.0,-2735.2
1700.0,2500.0,-2733.0
1800.0,2500.0,-2738.0
1900.0,2500.0,-2740.8
2000.0,2500.0,-2737.1
2100.0,2500.0,-2735.7
2200.0,2500.0,-2736.7
2300.0,2500.0,-2738.9
2400.0,2500.0,-2732.7
2500.0,2500.0,-2739.6
2600.0,2500.0,-2741.0
2700.0,2500.0,-2741.1
2800.0,2500.0,-2742.7
2900.0,2500.0,-2736.9
3000.0,2500.0,-2744.0
3100.0,2500.0,-2750.6
3200.0,2500.0,-2746.5
3300.0,2500.0,-2753.7
3400.0,2500.0,-2759.2
3500.0,2500.0,-2760.1
3600.0,2500.0,-2763.3
3700.0,2500.0,-2765.3
3800.0,2500.0,-2768.1
3900.0,2500.0,-2762.1
4000.0,2500.0,-2774.5
4100.0,2500.0,-2768.5
4200.0,2500.0,-2772.9
4300.0,2500.0,-2778.2
4400.0,2500.0,-2772.7
4500.0,2500.0,-2773.0
4600.0,2500.0,-2767.2
4700.0,2500.0,-2772.7
4800.0,2500.0,-2776.7
4900.0,2500.0,-2772.6
5000.0,2500.0,-2772.8
5100.0,2500.0,-2768.2
5200.0,2500.0,-2763.8
5300.0,2500.0,-2762.0
5400.0,2500.0,-2763.7
5500.0,2500.0,-2760.9
5600.0,2500.0,-2761.0
5700.0,2500.0,-2753.4
5800.0,2500.0,-2748.9
5900.0,2500.0,-2745.0
6000.0,2500.0,-2747.0
6100.0,2500.0,-2742.3
6200.0,2500.0,-2738.1
6300.0,2500.0,-2733.0
6400.0,2500.0,-2734.8
6500.0,2500.0,-2729.0
6600.0,2500.0,-2729.0
6700.0,2500.0,-2727.7
6800.0,2500.0,-2724.1
6900.0,2500.0,-2714.5
7000.0,2500.0,-2713.9
7100.0,2500.0,-2710.2
7200.0,2500.0,-2712.6
7300.0,2500.0,-2706.6
7400.0,2500.0,-2706.2
7500.0,2500.0,-2698.6
7600.0,2500.0,-2694.8
7700.0,2500.0,-2691.8
7800.0,2500.0,-2690.2
7900.0,2500.0,-2686.0
8000.0,2500.0,-2684.6
8100.0,2500.0,-2682.2
8200.0,2500.0,-2679.4
8300.0,2500.0,-2674.3
8400.0,2500.0,-2667.9
8500.0,2500.0,-2671.4
8600.0,2500.0,-2667.6
8700.0,2500.0,-2664.7
8800.0,2500.0,-2657.9
8900.0,2500.0,-2660.7
9000.0,2500.0,-2652.3
9100.0,2500.0,-2650.7
9200.0,2500.0,-2652.6
9300.0,2500.0,-2650.8
9400.0,2500.0,-2647.8
9500.0,2500.0,-2646.1
9600.0,2500.0,-2647.6
9700.0,2500.0,-2644.1
9800.0,2500.0,-2644.9
9900.0,2500.0,-2645.3
10000.0,2500.0,-2635.8
10100.0,2500.0,-2645.6
10200.0,2500.0,-2644.5
10300.0,2500.0,-2648.5
10400.0,2500.0,-2645.1
10500.0,2500.0,-2651.7
10600.0,2500.0,-2652.1
10700.0,2500.0,-2653.5
10800.0,2500.0,-2657.7
10900.0,2500.0,-2659.9
11000.0,2500.0,-2658.7
11100.0,2500.0,-2662.3
11200.0,2500.0,-2665.6
11300.0,2500.0,-2667.9
11400.0,2500.0,-2674.1
11500.0,2500.0,-2675.5
11600.0,2500.0,-2669.9
11700.0,2500.0,-2679.0
11800.0,2500.0,-2678.7
11900.0,2500.0,-2680.1
12000.0,2500.0,-2682.0
12100.0,2500.0,-2686.9
12200.0,2500.0,-2685.7
12300.0,2500.0,-2688.8
12400.0,2500.0,-2683.3
12500.0,2500.0,-2684.8
12600.0,2500.0,-2687.4
12700.0,2500.0,-2688.3
12800.0,2500.0,-2690.6
12900.0,2500.0,-2689.6
13000.0,2500.0,-2686.4
13100.0,2500.0,-2687.8
13200.0,2500.0,-2689.0
13300.0,2500.0,-2684.2
13400.0,2500.0,-2686.0
13500.0,2500.0,-2685.8
13600.0,2500.0,-2681.7
13700.0,2500.0,-2682.8
13800.0,2500.0,-2679.4
13900.0,2500.0,-2677.2
14000.0,2500.0,-2680.1
14100.0,2500.0,-2667.0
14200.0,2500.0,-2667.9
14300.0,2500.0,-2661.4
14400.0,2500.0,-2659.1
14500.0,2500.0,-2662.7
14600.0,2500.0,-2652.2
14700.0,2500.0,-2652.4
14800.0,2500.0,-2648.8
14900.0,2500.0,-2642.2
15000.0,2500.0,-2638.4
15100.0,2500.0,-2633.4
15200.0,2500.0,-2626.4
15300.0,2500.0,-2627.8
15400.0,2500.0,-2616.5
15500.0,2500.0,-2609.3
15600.0,2500.0,-2612.7
15700.0,2500.0,-2607.1
15800.0,2500.0,-2596.9
15900.0,2500.0,-2601.1
16000.0,2500.0,-2593.2
16100.0,2500.0,-2584.5
16200.0,2500.0,-2581.5
16300.0,2500.0,-2578.2
16400.0,2500.0,-2580.5
16500.0,2500.0,-2582.3
16600.0,2500.0,-2571.9
16700.0,2500.0,-2566.0
16800.0,2500.0,-2571.5
16900.0,2500.0,-2572.6
17000.0,2500.0,-2570.0
17100.0,2500.0,-2576.9
17200.0,2500.0,-2574.6
17300.0,2500.0,-2578.6
17400.0,2500.0,-2578.9
17500.0,2500.0,-2581.4
17600.0,2500.0,-2587.7
17700.0,2500.0,-2589.3
17800.0,2500.0,-2588.6
17900.0,2500.0,-2592.4
18000.0,2500.0,-2602.2
18100.0,2500.0,-2605.4
18200.0,2500.0,-2609.4
18300.0,2500.0,-2613.5
18400.0,2500.0,-2622.3
18500.0,2500.0,-2618.3
18600.0,2500.0,-2627.1
18700.0,2500.0,-2627.2
18800.0,2500.0,-2630.1
18900.0,2500.0,-2639.0
19000.0,2500.0,-2640.1
19100.0,2500.0,-2636.3
19200.0,2500.0,-2645.1
19300.0,2500.0,-2649.8
19400.0,2500.0,-2650.8
19500.0,2500.0,-2658.4
19600.0,2500.0,-2653.4
19700.0,2500.0,-2655.3
19800.0,2500.0,-2657.2
19900.0,2500.0,-2660.5
20000.0,2500.0,-2657.4
0.0,2600.0,-2704.7
100.0,2600.0,-2705.0
200.0,2600.0,-2711.1
300.0,2600.0,-2712.3
400.0,2600.0,-2716.2
500.0,2600.0,-2727.3
600.0,2600.0,-2729.7
700.0,2600.0,-2729.1
800.0,2600.0,-2735.4
900.0,2600.0,-2732.8
1000.0,2600.0,-2733.1
1100.0,2600.0,-2737.9
1200.0,2600.0,-2733.3
1300.0,2600.0,-2737.2
1400.0,2600.0,-2736.3
1500.0,2600.0,-2737.1
1600.0,2600.0,-2734.9
1700.0,2600.0,-2728.8
1800.0,2600.0,-2731.8
1900.0,2600.0,-2739.2
2000.0,2600.0,-2736.4
2100.0,2600.0,-2729.8
2200.0,2600.0,-2736.1
2300.0,2600.0,-2735.2
2400.0,2600.0,-2734.8
2500.0,2600.0,-2737.8
2600.0,2600.0,-2738.8
2700.0,2600.0,-2741.7
2800.0,2600.0,-2745.8
2900.0,2600.0,-2745.0
3000.0,2600.0,-2745.7
3100.0,2600.0,-2751.4
3200.0,2600.0,-2745.1
3300.0,2600.0,-2750.3
3400.0,2600.0,-2758.0
3500.0,2600.0,-2755.9
3600.0,2600.0,-2758.2
3700.0,2600.0,-2761.7
3800.0,2600.0,-2766.0
3900.0,2600.0,-2770.2
4000.0,2600.0,-2769.8
4100.0,2600.0,-2773.8
4200.0,2600.0,-2770.9
4300.0,2600.0,-2774.4
4400.0,2600.0,-2775.5
4500.0,2600.0,-2779.8
4600.0,2600.0,-2777.5
4700.0,2600.0,-2785.3
4800.0,2600.0,-2774.8
4900.0,2600.0,-2777.4
5000.0,2600.0,-2779.8
5100.0,2600.0,-2770.7
5200.0,2600.0,-2767.0
5300.0,2600.0,-2775.7
5400.0,2600.0,-2768.3
5500.0,2600.0,-2766.9
5600.0,2600.0,-2760.9
5700.0,2600.0,-2763.8
5800.0,2600.0,-2757.2
5900.0,2600.0,-2755.1
6000.0,2600.0,-2753.2
6100.0,2600.0,-2747.4
6200.0,2600.0,-2738.2
6300.0,2600.0,-2742.6
6400.0,2600.0,-2738.4
6500.0,2600.0,-2731.2
6600.0,2600.0,-2728.1
6700.0,2600.0,-2726.6
6800.0,2600.0,-2730.3
6900.0,2600.0,-2720.4
7000.0,2600.0,-2719.1
7100.0,2600.0,-2710.6
7200.0,2600.0,-2711.1
7300.0,2600.0,-2702.4
7400.0,2600.0,-2706.1
7500.0,2600.0,-2697.3
7600.0,2600.0,-2699.1
7700.0,2600.0,-2694.9
7800.0,2600.0,-2689.0
7900.0,2600.0,-2686.8
8000.0,2600.0,-2685.8
8100.0,2600.0,-2681.4
8200.0,2600.0,-2685.4
8300.0,2600.0,-2675.5
8400.0,2600.0,-2670.8
8500.0,2600.0,-2667.9
8600.0,2600.0,-2657.4
8700.0,2600.0,-2659.7
8800.0,2600.0,-2660.3
8900.0,2600.0,-2659.6
9000.0,2600.0,-2653.4
9100.0,2600.0,-2650.2
9200.0,2600.0,-2645.9
9300.0,2600.0,-2640.5
9400.0,2600.0,-2642.3
9500.0,2600.0,-2651.5
9600.0,2600.0,-2644.8
9700.0,2600.0,-2647.9
9800.0,2600.0,-2640.1
9900.0,2600.0,-2647.7
10000.0,2600.0,-2641.1
10100.0,2600.0,-2642.4
10200.0,2600.0,-2643.5
10300.0,2600.0,-2645.6
10400.0,2600.0,-2648.2
10500.0,2600.0,-2646.5
10600.0,2600.0,-2652.7
10700.0,2600.0,-2643.8
10800.0,2600.0,-2658.0
10900.0,2600.0,-2659.0
11000.0,2600.0,-2657.4
11100.0,2600.0,-2660.2
11200.0,2600.0,-2665.3
11300.0,2600.0,-2664.8
11400.0,2600.0,-2670.3
11500.0,2600.0,-2669.9
11600.0,2600.0,-2674.6
11700.0,2600.0,-2672.4
11800.0,2600.0,-2674.3
11900.0,2600.0,-2681.6
12000.0,2600.0,-2681.7
12100.0,2600.0,-2685.0
12200.0,2600.0,-2684.5
12300.0,2600.0,-2687.6
12400.0,2600.0,-2686.4
12500.0,2600.0,-2686.9
12600.0,2600.0,-2683.2
12700.0,2600.0,-2691.8
12800.0,2600.0,-2694.3
12900.0,2600.0,-2683.7
13000.0,2600.0,-2691.1
13100.0,2600.0,-2688.7
13200.0,2600.0,-2682.2
13300.0,2600.0,-2687.5
13400.0,2600.0,-2685.4
13500.0,2600.0,-2684.2
13600.0,2600.0,-2679.0
13700.0,2600.0,-2682.9
13800.0,2600.0,-2678.5
13900.0,2600.0,-2680.3
14000.0,2600.0,-2677.1
14100.0,2600.0,-2675.4
14200.0,2600.0,-2666.8
14300.0,2600.0,-2661.5
14400.0,2600.0,-2662.3
14500.0,2600.0,-2656.7
14600.0,2600.0,-2656.0
14700.0,2600.0,-2651.2
14800.0,2600.0,-2648.5
14900.0,2600.0,-2642.6
15000.0,2600.0,-2633.7
15100.0,2600.0,-2636.0
15200.0,2600.0,-2626.2
15300.0,2600.0,-2624.1
15400.0,2600.0,-2613.1
15500.0,2600.0,-2612.4
15600.0,2600.0,-2610.8
15700.0,2600.0,-2607.6
15800.0,2600.0,-2605.8
15900.0,2600.0,-2591.1
16000.0,2600.0,-2589.3
16100.0,2600.0,-2591.0
16200.0,2600.0,-2583.1
16300.0,2600.0,-2576.1
16400.0,2600.0,-2584.3
16500.0,2600.0,-2578.2
16600.0,2600.0,-2572.5
16700.0,2600.0,-2573.4
16800.0,2600.0,-2574.3
16900.0,2600.0,-2569.6
17000.0,2600.0,-2572.7
17100.0,2600.0,-2571.3
17200.0,2600.0,-2577.2
17300.0,2600.0,-2571.6
17400.0,2600.0,-2582.0
17500.0,2600.0,-2577.9
17600.0,2600.0,-2583.8
17700.0,2600.0,-2588.8
17800.0,2600.0,-2591.4
17900.0,2600.0,-2594.4
18000.0,2600.0,-2604.1
18100.0,2600.0,-2604.7
18200.0,2600.0,-2608.5
18300.0,2600.0,-2616.6
18400.0,2600.0,-2623.4
18500.0,2600.0,-2626.5
18600.0,2600.0,-2626.0
18700.0,2600.0,-2631.2
18800.0,2600.0,-2640.6
18900.0,2600.0,-2640.2
19000.0,2600.0,-2643.7
19100.0,2600.0,-2643.7
19200.0,2600.0,-2650.0
19300.0,2600.0,-2649.6
19400.0,2600.0,-2653.4
19500.0,2600.0,-2656.2
19600.0,2600.0,-2653.6
19700.0,2600.0,-2658.1
19800.0,2600.0,-2658.8
19900.0,2600.0,-2659.0
20000.0,2600.0,-2661.4
0.0,2700.0,-2692.3
100.0,2700.0,-2701.4
200.0,2700.0,-2708.3
300.0,2700.0,-2710.6
400.0,2700.0,-2717.5
500.0,2700.0,-2715.3
600.0,2700.0,-2724.1
700.0,2700.0,-2725.7
800.0,2700.0,-2727.3
900.0,2700.0,-2731.9
1000.0,2700.0,-2732.6
1100.0,2700.0,-2735.5
1200.0,2700.0,-2739.7
1300.0,2700.0,-2737.1
1400.0,2700.0,-2734.2
1500.0,2700.0,-2732.5
1600.0,2700.0,-2730.7
1700.0,2700.0,-2733.4
1800.0,2700.0,-2728.8
1900.0,2700.0,-2735.0
2000.0,2700.0,-2734.9
2100.0,2700.0,-2731.8
2200.0,2700.0,-2741.7
2300.0,2700.0,-2736.5
2400.0,2700.0,-2740.8
2500.0,2700.0,-2735.3
2600.0,2700.0,-2736.9
2700.0,2700.0,-2740.9
2800.0,2700.0,-2738.8
2900.0,2700.0,-2743.2
3000.0,2700.0,-2744.4
3100.0,2700.0,-2743.4
3200.0,2700.0,-2750.2
3300.0,2700.0,-2754.8
3400.0,2700.0,-2756.7
3500.0,2700.0,-2759.6
3600.0,2700.0,-2763.4
3700.0,2700.0,-2762.1
3800.0,2700.0,-2774.2
3900.0,2700.0,-2768.1
4000.0,2700.0,-2776.1
4100.0,2700.0,-2778.0
4200.0,2700.0,-2774.3
4300.0,2700.0,-2772.6
4400.0,2700.0,-2780.8
4500.0,2700.0,-2781.4
4600.0,2700.0,-2781.5
4700.0,2700.0,-2782.0
4800.0,2700.0,-2780.5
4900.0,2700.0,-2780.2
5000.0,2700.0,-2777.6
5100.0,2700.0,-2775.9
5200.0,2700.0,-2772.5
5300.0,2700.0,-2778.0
5400.0,2700.0,-2774.6
5500.0,2700.0,-2768.0
5600.0,2700.0,-2766.2
5700.0,2700.0,-2762.3
5800.0,2700.0,-2763.5
5900.0,2700.0,-2759.7
6000.0,2700.0,-2756.8
6100.0,2700.0,-2749.3
6200.0,2700.0,-2744.9
6300.0,2700.0,-2741.0
6400.0,2700.0,-2742.6
6500.0,2700.0,-2742.2
6600.0,2700.0,-2734.8
6700.0,2700.0,-2731.0
6800.0,2700.0,-2724.9
6900.0,2700.0,-2718.6
7000.0,2700.0,-2720.2
7100.0,2700.0,-2716.1
7200.0,2700.0,-2711.9
7300.0,2700.0,-2706.5
7400.0,2700.0,-2709.4
7500.0,2700.0,-2700.2
7600.0,2700.0,-2699.6
7700.0,2700.0,-2693.4
7800.0,2700.0,-2690.1
7900.0,2700.0,-2689.8
8000.0,2700.0,-2689.0
8100.0,2700.0,-2687.9
8200.0,2700.0,-2674.9
8300.0,2700.0,-2676.8
8400.0,2700.0,-2672.3
8500.0,2700.0,-2667.2
8600.0,2700.0,-2664.9
8700.0,2700.0,-2661.5
8800.0,2700.0,-2664.6
8900.0,2700.0,-2658.5
9000.0,2700.0,-2653.6
9100.0,2700.0,-2652.5
9200.0,2700.0,-2649.0
9300.0,2700.0,-2653.0
9400.0,2700.0,-2646.6
9500.0,2700.0,-2645.8
9600.0,2700.0,-2651.0
9700.0,2700.0,-2643.8
9800.0,2700.0,-2640.9
9900.0,2700.0,-2644.0
10000.0,2700.0,-2642.8
10100.0,2700.0,-2645.6
10200.0,2700.0,-2653.8
10300.0,2700.0,-2647.3
10400.0,2700.0,-2649.3
10500.0,2700.0,-2648.8
10600.0,2700.0,-2653.1
10700.0,2700.0,-2651.7
10800.0,2700.0,-2651.4
10900.0,2700.0,-2658.4
11000.0,2700.0,-2656.4
11100.0,2700.0,-2662.9
11200.0,2700.0,-2663.7
11300.0,2700.0,-2666.4
11400.0,2700.0,-2665.6
11500.0,2700.0,-2671.4
11600.0,2700.0,-2672.8
11700.0,2700.0,-2674.0
11800.0,2700.0,-2678.8
11900.0,2700.0,-2677.9
12000.0,2700.0,-2682.8
12100.0,2700.0,-2681.2
12200.0,2700.0,-2686.6
12300.0,2700.0,-2687.1
12400.0,2700.0,-2684.5
12500.0,2700.0,-2684.9
12600.0,2700.0,-2686.9
12700.0,2700.0,-2688.0
12800.0,2700.0,-2689.3
12900.0,2700.0,-2690.9
13000.0,2700.0,-2689.4
13100.0,2700.0,-2691.8
13200.0,2700.0,-2686.5
13300.0,2700.0,-2684.0
13400.0,2700.0,-2688.4
13500.0,2700.0,-2683.5
13600.0,2700.0,-2679.9
13700.0,2700.0,-2681.4
13800.0,2700.0,-2682.6
13900.0,2700.0,-2675.8
14000.0,2700.0,-2671.0
14100.0,2700.0,-2675.3
14200.0,2700.0,-2670.7
14300.0,2700.0,-2658.9
14400.0,2700.0,-2660.5
14500.0,2700.0,-2658.9
14600.0,2700.0,-2649.9
14700.0,2700.0,-2652.1
14800.0,2700.0,-2646.2
14900.0,2700.0,-2641.7
15000.0,2700.0,-2634.0
15100.0,2700.0,-2635.0
15200.0,2700.0,-2629.8
15300.0,2700.0,-2624.6
15400.0,2700.0,-2617.3
15500.0,2700.0,-2614.5
15600.0,2700.0,-2606.2
15700.0,2700.0,-2606.1
15800.0,2700.0,-2601.2
15900.0,2700.0,-2595.8
16000.0,2700.0,-2595.6
16100.0,2700.0,-2586.7
16200.0,2700.0,-2585.8
16300.0,2700.0,-2578.1
16400.0,2700.0,-2576.5
16500.0,2700.0,-2578.7
16600.0,2700.0,-2578.3
16700.0,2700.0,-2574.7
16800.0,2700.0,-2574.1
16900.0,2700.0,-2572.4
17000.0,2700.0,-2576.3
17100.0,2700.0,-2571.4
17200.0,2700.0,-2575.1
17300.0,2700.0,-2578.4
17400.0,2700.0,-2574.9
17500.0,2700.0,-2587.4
17600.0,2700.0,-2591.8
17700.0,2700.0,-2588.6
17800.0,2700.0,-2590.6
17900.0,2700.0,-2598.7
18000.0,2700.0,-2599.6
18100.0,2700.0,-2604.2
18200.0,2700.0,-2612.2
18300.0,2700.0,-2611.4
18400.0,2700.0,-2624.3
18500.0,2700.0,-2625.5
18600.0,2700.0,-2631.2
18700.0,2700.0,-2635.9
18800.0,2700.0,-2637.2
18900.0,2700.0,-2646.6
19000.0,2700.0,-2641.4
19100.0,2700.0,-2647.7
19200.0,2700.0,-2655.2
19300.0,2700.0,-2659.0
19400.0,2700.0,-2658.1
19500.0,2700.0,-2657.8
19600.0,2700.0,-2659.8
19700.0,2700.0,-2661.4
19800.0,2700.0,-2665.2
19900.0,2700.0,-2666.9
20000.0,2700.0,-2661.1
0.0,2800.0,-2692.0
100.0,2800.0,-2694.9
200.0,2800.0,-2699.8
300.0,2800.0,-2705.9
400.0,2800.0,-2714.7
500.0,2800.0,-2712.1
600.0,2800.0,-2719.4
700.0,2800.0,-2718.4
800.0,2800.0,-2724.9
900.0,2800.0,-2725.2
1000.0,2800.0,-2730.7
1100.0,2800.0,-2736.0
1200.0,2800.0,-2732.9
1300.0,2800.0,-2730.3
1400.0,2800.0,-2736.4
1500.0,2800.0,-2737.5
1600.0,2800.0,-2737.6
1700.0,2800.0,-2734.3
1800.0,2800.0,-2728.6
1900.0,2800.0,-2733.6
2000.0,2800.0,-2736.0
2100.0,2800.0,-2736.7
2200.0,2800.0,-2732.3
2300.0,2800.0,-2733.2
2400.0,2800.0,-2730.9
2500.0,2800.0,-2735.2
2600.0,2800.0,-2735.1
2700.0,2800.0,-2735.8
2800.0,2800.0,-2744.8
2900.0,2800.0,-2741.0
3000.0,2800.0,-2745.3
3100.0,2800.0,-2751.0
3200.0,2800.0,-2747.4
3300.0,2800.0,-2754.6
3400.0,2800.0,-2745.5
3500.0,2800.0,-2758.2
3600.0,2800.0,-2756.1
3700.0,2800.0,-2764.7
3800.0,2800.0,-2762.0
3900.0,2800.0,-2768.9
4000.0,2800.0,-2771.5
4100.0,2800.0,-2771.0
4200.0,2800.0,-2778.6
4300.0,2800.0,-2779.3
4400.0,2800.0,-2779.3
4500.0,2800.0,-2788.2
4600.0,2800.0,-2778.5
4700.0,2800.0,-2786.9
4800.0,2800.0,-2785.2
4900.0,2800.0,-2780.6
5000.0,2800.0,-2772.3
5100.0,2800.0,-2779.6
5200.0,2800.0,-2779.6
5300.0,2800.0,-2778.6
5400.0,2800.0,-2778.3
5500.0,2800.0,-2769.3
5600.0,2800.0,-2768.9
5700.0,2800.0,-2767.9
5800.0,2800.0,-2763.1
5900.0,2800.0,-2761.2
6000.0,2800.0,-2758.8
6100.0,2800.0,-2756.2
6200.0,2800.0,-2747.7
6300.0,2800.0,-2742.7
6400.0,2800.0,-2742.6
6500.0,2800.0,-2740.4
6600.0,2800.0,-2737.2
6700.0,2800.0,-2732.2
6800.0,2800.0,-2724.6
6900.0,2800.0,-2727.8
7000.0,2800.0,-2718.6
7100.0,2800.0,-2717.4
7200.0,2800.0,-2714.0
7300.0,2800.0,-2711.4
7400.0,2800.0,-2705.1
7500.0,2800.0,-2705.5
7600.0,2800.0,-2704.4
7700.0,2800.0,-2697.3
7800.0,2800.0,-2689.4
7900.0,2800.0,-2686.5
8000.0,2800.0,-2690.1
8100.0,2800.0,-2680.1
8200.0,2800.0,-2678.1
8300.0,2800.0,-2670.9
8400.0,2800.0,-2673.1
8500.0,2800.0,-2674.5
8600.0,2800.0,-2672.4
8700.0,2800.0,-2668.4
8800.0,2800.0,-2659.7
8900.0,2800.0,-2661.2
9000.0,2800.0,-2655.3
9100.0,2800.0,-2653.6
9200.0,2800.0,-2654.1
9300.0,2800.0,-2651.3
9400.0,2800.0,-2650.3
9500.0,2800.0,-2649.0
9600.0,2800.0,-2641.7
9700.0,2800.0,-2640.4
9800.0,2800.0,-2642.5
9900.0,2800.0,-2646.3
10000.0,2800.0,-2641.0
10100.0,2800.0,-2643.5
10200.0,2800.0,-2646.9
10300.0,2800.0,-2648.4
10400.0,2800.0,-2646.9
10500.0,2800.0,-2650.9
10600.0,2800.0,-2654.6
10700.0,2800.0,-2647.4
10800.0,2800.0,-2651.5
10900.0,2800.0,-2654.1
11000.0,2800.0,-2659.8
11100.0,2800.0,-2657.8
11200.0,2800.0,-2656.0
11300.0,2800.0,-2661.6
11400.0,2800.0,-2668.1
11500.0,2800.0,-2672.8
11600.0,2800.0,-2668.1
11700.0,2800.0,-2672.3
11800.0,2800.0,-2670.9
11900.0,2800.0,-2680.4
12000.0,2800.0,-2673.2
12100.0,2800.0,-2679.4
12200.0,2800.0,-2685.0
12300.0,2800.0,-2679.2
12400.0,2800.0,-2686.2
12500.0,2800.0,-2689.5
12600.0,2800.0,-2687.9
12700.0,2800.0,-2687.0
12800.0,2800.0,-2683.2
12900.0,2800.0,-2685.6
13000.0,2800.0,-2685.3
13100.0,2800.0,-2690.6
13200.0,2800.0,-2691.2
13300.0,2800.0,-2684.1
13400.0,2800.0,-2682.9
13500.0,2800.0,-2684.2
13600.0,2800.0,-2686.3
13700.0,2800.0,-2678.6
13800.0,2800.0,-2675.2
13900.0,2800.0,-2676.5
14000.0,2800.0,-2674.9
14100.0,2800.0,-2671.0
14200.0,2800.0,-2669.4
14300.0,2800.0,-2671.1
14400.0,2800.0,-2663.3
14500.0,2800.0,-2660.8
14600.0,2800.0,-2658.3
14700.0,2800.0,-2651.1
14800.0,2800.0,-2645.6
14900.0,2800.0,-2646.0
15000.0,2800.0,-2639.1
15100.0,2800.0,-2630.8
15200.0,2800.0,-2627.2
15300.0,2800.0,-2624.4
15400.0,2800.0,-2621.3
15500.0,2800.0,-2609.2
15600.0,2800.0,-2610.9
15700.0,2800.0,-2610.1
15800.0,2800.0,-2599.1
15900.0,2800.0,-2595.8
16000.0,2800.0,-2594.5
16100.0,2800.0,-2590.1
16200.0,2800.0,-2584.4
16300.0,2800.0,-2580.6
16400.0,2800.0,-2574.5
16500.0,2800.0,-2578.1
16600.0,2800.0,-2580.5
16700.0,2800.0,-2571.1
16800.0,2800.0,-2575.2
16900.0,2800.0,-2568.7
17000.0,2800.0,-2572.0
17100.0,2800.0,-2573.3
17200.0,2800.0,-2584.2
17300.0,2800.0,-2576.6
17400.0,2800.0,-2585.4
17500.0,2800.0,-2585.2
17600.0,2800.0,-2582.3
17700.0,2800.0,-2592.1
17800.0,2800.0,-2595.8
17900.0,2800.0,-2596.8
18000.0,2800.0,-2598.7
18100.0,2800.0,-2600.6
18200.0,2800.0,-2613.6
18300.0,2800.0,-2617.9
18400.0,2800.0,-2620.3
18500.0,2800.0,-2624.6
18600.0,2800.0,-2627.2
18700.0,2800.0,-2635.3
18800.0,2800.0,-2632.4
18900.0,2800.0,-2642.1
19000.0,2800.0,-2650.4
19100.0,2800.0,-2650.8
19200.0,2800.0,-2652.8
19300.0,2800.0,-2652.8
19400.0,2800.0,-2663.1
19500.0,2800.0,-2653.0
19600.0,2800.0,-2661.6
19700.0,2800.0,-2661.0
19800.0,2800.0,-2662.5
19900.0,2800.0,-2660.8
20000.0,2800.0,-2664.0
0.0,2900.0,-2685.8
100.0,2900.0,-2693.0
200.0,2900.0,-2699.2
300.0,2900.0,-2700.2
400.0,2900.0,-2711.3
500.0,2900.0,-2714.0
600.0,2900.0,-2713.2
700.0,2900.0,-2719.2
800.0,2900.0,-2723.6
900.0,2900.0,-2732.2
1000.0,2900.0,-2728.0
1100.0,2900.0,-2728.1
1200.0,2900.0,-2734.5
1300.0,2900.0,-2728.6
1400.0,2900.0,-2734.4
1500.0,2900.0,-2724.9
1600.0,2900.0,-2732.8
1700.0,2900.0,-2734.9
1800.0,2900.0,-2735.8
1900.0,2900.0,-2732.0
2000.0,2900.0,-2732.0
2100.0,2900.0,-2735.4
2200.0,2900.0,-2732.1
2300.0,2900.0,-2732.8
2400.0,2900.0,-2738.2
2500.0,2900.0,-2735.2
2600.0,2900.0,-2735.1
2700.0,2900.0,-2736.7
2800.0,2900.0,-2739.7
2900.0,2900.0,-2745.7
3000.0,2900.0,-2742.5
3100.0,2900.0,-2745.6
3200.0,2900.0,-2749.0
3300.0,2900.0,-2751.5
3400.0,2900.0,-2753.0
3500.0,2900.0,-2757.8
3600.0,2900.0,-2754.8
3700.0,2900.0,-2763.3
3800.0,2900.0,-2764.2
3900.0,2900.0,-2767.8
4000.0,2900.0,-2776.0
4100.0,2900.0,-2781.3
4200.0,2900.0,-2780.7
4300.0,2900.0,-2787.3
4400.0,2900.0,-2775.2
4500.0,2900.0,-2780.8
4600.0,2900.0,-2787.3
4700.0,2900.0,-2784.3
4800.0,2900.0,-2781.1
4900.0,2900.0,-2783.3
5000.0,2900.0,-2784.9
5100.0,2900.0,-2785.4
5200.0,2900.0,-2787.2
5300.0,2900.0,-2780.7
5400.0,2900.0,-2778.1
5500.0,2900.0,-2777.0
5600.0,2900.0,-2774.6
5700.0,2900.0,-2769.4
5800.0,2900.0,-2769.3
5900.0,2900.0,-2767.1
6000.0,2900.0,-2766.7
6100.0,2900.0,-2752.0
6200.0,2900.0,-2756.7
6300.0,2900.0,-2749.5
6400.0,2900.0,-2752.0
6500.0,2900.0,-2738.6
6600.0,2900.0,-2744.4
6700.0,2900.0,-2730.3
6800.0,2900.0,-2730.7
6900.0,2900.0,-2729.6
7000.0,2900.0,-2722.8
7100.0,2900.0,-2717.8
7200.0,2900.0,-2715.6
7300.0,2900.0,-2712.5
7400.0,2900.0,-2708.6
7500.0,2900.0,-2702.8
7600.0,2900.0,-2696.1
7700.0,2900.0,-2693.7
7800.0,2900.0,-2699.1
7900.0,2900.0,-2689.9
8000.0,2900.0,-2684.2
8100.0,2900.0,-2680.1
8200.0,2900.0,-2680.2
8300.0,2900.0,-2680.5
8400.0,2900.0,-2671.8
8500.0,2900.0,-2664.8
8600.0,2900.0,-2661.6
8700.0,2900.0,-2660.4
8800.0,2900.0,-2666.3
8900.0,2900.0,-2657.2
9000.0,2900.0,-2654.8
9100.0,2900.0,-2649.4
9200.0,2900.0,-2651.7
9300.0,2900.0,-2646.8
9400.0,2900.0,-2646.0
9500.0,2900.0,-2644.6
9600.0,2900.0,-2642.4
9700.0,2900.0,-2643.2
9800.0,2900.0,-2644.9
9900.0,2900.0,-2645.2
10000.0,2900.0,-2641.7
10100.0,2900.0,-2642.3
10200.0,2900.0,-2644.0
10300.0,2900.0,-2639.8
10400.0,2900.0,-2651.2
10500.0,2900.0,-2651.6
10600.0,2900.0,-2654.1
10700.0,2900.0,-2647.3
10800.0,2900.0,-2652.6
10900.0,2900.0,-2656.8
11000.0,2900.0,-2650.4
11100.0,2900.0,-2658.6
11200.0,2900.0,-2660.6
11300.0,2900.0,-2663.3
11400.0,2900.0,-2667.1
11500.0,2900.0,-2660.4
11600.0,2900.0,-2670.1
11700.0,2900.0,-2670.3
11800.0,2900.0,-2667.3
11900.0,2900.0,-2678.3
12000.0,2900.0,-2675.9
12100.0,2900.0,-2682.6
12200.0,2900.0,-2682.4
12300.0,2900.0,-2687.8
12400.0,2900.0,-2683.3
12500.0,2900.0,-2683.9
12600.0,2900.0,-2679.9
12700.0,2900.0,-2685.3
12800.0,2900.0,-2684.5
12900.0,2900.0,-2686.5
13000.0,2900.0,-2686.8
13100.0,2900.0,-2678.2
13200.0,2900.0,-2685.5
13300.0,2900.0,-2686.7
13400.0,2900.0,-2688.7
13500.0,2900.0,-2684.8
13600.0,2900.0,-2683.3
13700.0,2900.0,-2681.7
13800.0,2900.0,-2682.9
13900.0,2900.0,-2680.1
14000.0,2900.0,-2674.3
14100.0,2900.0,-2672.9
14200.0,2900.0,-2668.7
14300.0,2900.0,-2668.1
14400.0,2900.0,-2660.8
14500.0,2900.0,-2658.0
14600.0,2900.0,-2659.6
14700.0,2900.0,-2655.8
14800.0,2900.0,-2651.2
14900.0,2900.0,-2643.9
15000.0,2900.0,-2634.4
15100.0,2900.0,-2637.4
15200.0,2900.0,-2625.9
15300.0,2900.0,-2628.6
15400.0,2900.0,-2616.7
15500.0,2900.0,-2613.8
15600.0,2900.0,-2612.9
15700.0,2900.0,-2601.9
15800.0,2900.0,-2607.0
15900.0,2900.0,-2598.9
16000.0,2900.0,-2593.6
16100.0,2900.0,-2593.1
16200.0,2900.0,-2585.4
16300.0,2900.0,-2585.0
16400.0,2900.0,-2582.0
16500.0,2900.0,-2580.4
16600.0,2900.0,-2572.9
16700.0,2900.0,-2572.2
16800.0,2900.0,-2575.3
16900.0,2900.0,-2571.6
17000.0,2900.0,-2572.1
17100.0,2900.0,-2571.0
17200.0,2900.0,-2578.9
17300.0,2900.0,-2570.8
17400.0,2900.0,-2574.7
17500.0,2900.0,-2589.1
17600.0,2900.0,-2585.6
17700.0,2900.0,-2592.1
17800.0,2900.0,-2591.7
17900.0,2900.0,-2596.5
18000.0,2900.0,-2598.8
18100.0,2900.0,-2603.0
18200.0,2900.0,-2610.2
18300.0,2900.0,-2618.4
18400.0,2900.0,-2626.3
18500.0,2900.0,-2627.2
18600.0,2900.0,-2634.3
18700.0,2900.0,-2636.0
18800.0,2900.0,-2633.0
18900.0,2900.0,-2644.7
19000.0,2900.0,-2646.7
19100.0,2900.0,-2646.8
19200.0,2900.0,-2650.8
19300.0,2900.0,-2650.4
19400.0,2900.0,-2659.8
19500.0,2900.0,-2668.9
19600.0,2900.0,-2660.8
19700.0,2900.0,-2663.3
19800.0,2900.0,-2659.4
19900.0,2900.0,-2664.3
20000.0,2900.0,-2662.3
0.0,3000.0,-2679.9
100.0,3000.0,-2687.5
200.0,3000.0,-2692.3
300.0,3000.0,-2693.0
400.0,3000.0,-2701.8
500.0,3000.0,-2708.0
600.0,3000.0,-2713.8
700.0,3000.0,-2717.7
800.0,3000.0,-2728.8
900.0,3000.0,-2719.2
1000.0,3000.0,-2725.1
1100.0,3000.0,-2727.1
1200.0,3000.0,-2725.3
1300.0,3000.0,-2731.1
1400.0,3000.0,-2732.3
1500.0,3000.0,-2731.1
1600.0,3000.0,-2732.0
1700.0,3000.0,-2734.1
1800.0,3000.0,-2729.3
1900.0,3000.0,-2728.6
2000.0,3000.0,-2732.9
2100.0,3000.0,-2729.6
2200.0,3000.0,-2736.3
2300.0,3000.0,-2729.6
2400.0,3000.0,-2732.1
2500.0,3000.0,-2732.2
2600.0,3000.0,-2728.6
2700.0,3000.0,-2739.7
2800.0,3000.0,-2740.6
2900.0,3000.0,-2738.4
3000.0,3000.0,-2742.0
3100.0,3000.0,-2743.9
3200.0,3000.0,-2748.0
3300.0,3000.0,-2750.9
3400.0,3000.0,-2749.5
3500.0,3000.0,-2753.0
3600.0,3000.0,-2761.3
3700.0,3000.0,-2764.2
3800.0,3000.0,-2771.5
3900.0,3000.0,-2769.6
4000.0,3000.0,-2773.6
4100.0,3000.0,-2775.2
4200.0,3000.0,-2774.8
4300.0,3000.0,-2780.9
4400.0,3000.0,-2787.9
4500.0,3000.0,-2780.4
4600.0,3000.0,-2782.4
4700.0,3000.0,-2786.4
4800.0,3000.0,-2785.8
4900.0,3000.0,-2789.8
5000.0,3000.0,-2789.5
5100.0,3000.0,-2782.5
5200.0,3000.0,-2786.1
5300.0,3000.0,-2787.6
5400.0,3000.0,-2778.1
5500.0,3000.0,-2773.0
5600.0,3000.0,-2772.2
5700.0,3000.0,-2768.2
5800.0,3000.0,-2768.8
5900.0,3000.0,-2763.7
6000.0,3000.0,-2773.1
6100.0,3000.0,-2761.7
6200.0,3000.0,-2759.4
6300.0,3000.0,-2754.4
6400.0,3000.0,-2742.1
6500.0,3000.0,-2741.6
6600.0,3000.0,-2741.2
6700.0,3000.0,-2732.4
6800.0,3000.0,-2731.5
6900.0,3000.0,-2727.4
7000.0,3000.0,-2721.0
7100.0,3000.0,-2722.4
7200.0,3000.0,-2712.0
7300.0,3000.0,-2713.7
7400.0,3000.0,-2712.1
7500.0,3000.0,-2704.8
7600.0,3000.0,-2695.7
7700.0,3000.0,-2696.3
7800.0,3000.0,-2695.0
7900.0,3000.0,-2691.8
8000.0,3000.0,-2689.4
8100.0,3000.0,-2685.8
8200.0,3000.0,-2681.3
8300.0,3000.0,-2683.6
8400.0,3000.0,-2669.6
8500.0,3000.0,-2675.0
8600.0,3000.0,-2668.6
8700.0,3000.0,-2661.6
8800.0,3000.0,-2663.4
8900.0,3000.0,-2656.0
9000.0,3000.0,-2658.7
9100.0,3000.0,-2653.2
9200.0,3000.0,-2649.4
9300.0,3000.0,-2650.5
9400.0,3000.0,-2646.6
9500.0,3000.0,-2649.1
9600.0,3000.0,-2648.3
9700.0,3000.0,-2643.0
9800.0,3000.0,-2643.5
9900.0,3000.0,-2643.8
10000.0,3000.0,-2650.2
10100.0,3000.0,-2639.6
10200.0,3000.0,-2646.9
10300.0,3000.0,-2645.0
10400.0,3000.0,-2647.6
10500.0,3000.0,-2647.8
10600.0,3000.0,-2652.5
10700.0,3000.0,-2650.3
10800.0,3000.0,-2652.7
10900.0,3000.0,-2655.7
11000.0,3000.0,-2657.3
11100.0,3000.0,-2655.9
11200.0,3000.0,-2661.7
11300.0,3000.0,-2662.2
11400.0,3000.0,-2662.1
11500.0,3000.0,-2664.2
11600.0,3000.0,-2669.7
11700.0,3000.0,-2669.3
11800.0,3000.0,-2673.2
11900.0,3000.0,-2674.5
12000.0,3000.0,-2679.3
12100.0,3000.0,-2676.9
12200.0,3000.0,-2679.2
12300.0,3000.0,-2683.0
12400.0,3000.0,-2686.1
12500.0,3000.0,-2683.1
12600.0,3000.0,-2686.2
12700.0,3000.0,-2685.8
12800.0,3000.0,-2682.1
12900.0,3000.0,-2682.2
13000.0,3000.0,-2686.3
13100.0,3000.0,-2689.1
13200.0,3000.0,-2683.5
13300.0,3000.0,-2682.1
13400.0,3000.0,-2683.1
13500.0,3000.0,-2686.5
13600.0,3000.0,-2678.1
13700.0,3000.0,-2680.7
13800.0,3000.0,-2681.7
13900.0,3000.0,-2676.6
14000.0,3000.0,-2672.7
14100.0,3000.0,-2670.3
14200.0,3000.0,-2672.7
14300.0,3000.0,-2667.7
14400.0,3000.0,-2664.3
14500.0,3000.0,-2662.6
14600.0,3000.0,-2653.7
14700.0,3000.0,-2653.2
14800.0,3000.0,-2649.3
14900.0,3000.0,-2644.9
15000.0,3000.0,-2638.1
15100.0,3000.0,-2635.1
15200.0,3000.0,-2630.6
15300.0,3000.0,-2623.0
15400.0,3000.0,-2617.7
15500.0,3000.0,-2613.4
15600.0,3000.0,-2605.4
15700.0,3000.0,-2607.7
15800.0,3000.0,-2602.5
15900.0,3000.0,-2595.8
16000.0,3000.0,-2593.6
16100.0,3000.0,-2587.5
16200.0,3000.0,-2586.4
16300.0,3000.0,-2585.2
16400.0,3000.0,-2575.8
16500.0,3000.0,-2573.9
16600.0,3000.0,-2582.2
16700.0,3000.0,-2573.2
16800.0,3000.0,-2568.7
16900.0,3000.0,-2574.2
17000.0,3000.0,-2569.0
17100.0,3000.0,-2572.2
17200.0,3000.0,-2574.4
17300.0,3000.0,-2574.9
17400.0,3000.0,-2579.2
17500.0,3000.0,-2580.7
17600.0,3000.0,-2586.8
17700.0,3000.0,-2590.7
17800.0,3000.0,-2598.3
17900.0,3000.0,-2596.8
18000.0,3000.0,-2597.3
18100.0,3000.0,-2605.7
18200.0,3000.0,-2607.9
18300.0,3000.0,-2611.3
18400.0,3000.0,-2621.4
18500.0,3000.0,-2631.0
18600.0,3000.0,-2627.0
18700.0,3000.0,-2633.8
18800.0,3000.0,-2638.9
18900.0,3000.0,-2643.5
19000.0,3000.0,-2645.2
19100.0,3000.0,-2647.9
19200.0,3000.0,-2653.3
19300.0,3000.0,-2654.1
19400.0,3000.0,-2653.3
19500.0,3000.0,-2661.0
19600.0,3000.0,-2660.1
19700.0,3000.0,-2666.6
19800.0,3000.0,-2665.3
19900.0,3000.0,-2665.1
20000.0,3000.0,-2662.0
0.0,3100.0,-2675.4
100.0,3100.0,-2681.6
200.0,3100.0,-2688.1
300.0,3100.0,-2693.7
400.0,3100.0,-2699.7
500.0,3100.0,-2706.9
600.0,3100.0,-2710.8
700.0,3100.0,-2712.8
800.0,3100.0,-2716.7
900.0,3100.0,-2723.0
1000.0,3100.0,-2716.9
1100.0,3100.0,-2725.1
1200.0,3100.0,-2727.2
1300.0,3100.0,-2727.0
1400.0,3100.0,-2729.9
1500.0,3100.0,-2729.0
1600.0,3100.0,-2729.3
1700.0,3100.0,-2729.2
1800.0,3100.0,-2725.8
1900.0,3100.0,-2732.5
2000.0,3100.0,-2726.1
2100.0,3100.0,-2730.5
2200.0,3100.0,-2728.6
2300.0,3100.0,-2727.9
2400.0,3100.0,-2731.1
2500.0,3100.0,-2730.1
2600.0,3100.0,-2733.1
2700.0,3100.0,-2737.4
2800.0,3100.0,-2737.2
2900.0,3100.0,-2737.0
3000.0,3100.0,-2738.1
3100.0,3100.0,-2747.8
3200.0,3100.0,-2745.4
3300.0,3100.0,-2746.2
3400.0,3100.0,-2748.8
3500.0,3100.0,-2751.1
3600.0,3100.0,-2758.5
3700.0,3100.0,-2756.1
3800.0,3100.0,-2756.6
3900.0,3100.0,-2764.6
4000.0,3100.0,-2765.3
4100.0,3100.0,-2770.9
4200.0,3100.0,-2774.5
4300.0,3100.0,-2778.6
4400.0,3100.0,-2782.1
4500.0,3100.0,-2781.4
4600.0,3100.0,-2783.0
4700.0,3100.0,-2785.5
4800.0,3100.0,-2783.9
4900.0,3100.0,-2786.8
5000.0,3100.0,-2782.9
5100.0,3100.0,-2782.5
5200.0,3100.0,-2782.4
5300.0,3100.0,-2781.8
5400.0,3100.0,-2785.3
5500.0,3100.0,-2779.7
5600.0,3100.0,-2777.2
5700.0,3100.0,-2770.2
5800.0,3100.0,-2776.1
5900.0,3100.0,-2775.6
6000.0,3100.0,-2764.8
6100.0,3100.0,-2757.9
6200.0,3100.0,-2761.1
6300.0,3100.0,-2756.3
6400.0,3100.0,-2751.5
6500.0,3100.0,-2742.7
6600.0,3100.0,-2739.4
6700.0,3100.0,-2743.4
6800.0,3100.0,-2737.2
6900.0,3100.0,-2729.8
7000.0,3100.0,-2726.1
7100.0,3100.0,-2723.6
7200.0,3100.0,-2718.8
7300.0,3100.0,-2714.0
7400.0,3100.0,-2708.3
7500.0,3100.0,-2703.6
7600.0,3100.0,-2702.8
7700.0,3100.0,-2699.7
7800.0,3100.0,-2688.4
7900.0,3100.0,-2690.1
8000.0,3100.0,-2693.6
8100.0,3100.0,-2680.5
8200.0,3100.0,-2675.1
8300.0,3100.0,-2677.1
8400.0,3100.0,-2669.2
8500.0,3100.0,-2676.1
8600.0,3100.0,-2668.1
8700.0,3100.0,-2667.3
8800.0,3100.0,-2660.0
8900.0,3100.0,-2656.8
9000.0,3100.0,-2654.0
9100.0,3100.0,-2654.1
9200.0,3100.0,-2649.0
9300.0,3100.0,-2650.2
9400.0,3100.0,-2643.9
9500.0,3100.0,-2648.5
9600.0,3100.0,-2645.5
9700.0,3100.0,-2642.9
9800.0,3100.0,-2643.3
9900.0,3100.0,-2644.5
10000.0,3100.0,-2640.3
10100.0,3100.0,-2641.1
10200.0,3100.0,-2646.1
10300.0,3100.0,-2641.8
10400.0,3100.0,-2649.2
10500.0,3100.0,-2646.2
10600.0,3100.0,-2644.6
10700.0,3100.0,-2650.7
10800.0,3100.0,-2648.4
10900.0,3100.0,-2652.5
11000.0,3100.0,-2649.5
11100.0,3100.0,-2657.6
11200.0,3100.0,-2659.6
11300.0,3100.0,-2659.5
11400.0,3100.0,-2666.3
11500.0,3100.0,-2662.3
11600.0,3100.0,-2668.6
11700.0,3100.0,-2665.3
11800.0,3100.0,-2663.9
11900.0,3100.0,-2671.9
12000.0,3100.0,-2678.4
12100.0,3100.0,-2677.4
12200.0,3100.0,-2677.6
12300.0,3100.0,-2678.8
12400.0,3100.0,-2680.1
12500.0,3100.0,-2680.9
12600.0,3100.0,-2682.3
12700.0,3100.0,-2682.7
12800.0,3100.0,-2686.4
12900.0,3100.0,-2682.8
13000.0,3100.0,-2685.1
13100.0,3100.0,-2683.6
13200.0,3100.0,-2684.7
13300.0,3100.0,-2682.8
13400.0,3100.0,-2686.7
13500.0,3100.0,-2682.6
13600.0,3100.0,-2678.7
13700.0,3100.0,-2683.1
13800.0,3100.0,-2680.6
13900.0,3100.0,-2677.4
14000.0,3100.0,-2678.9
14100.0,3100.0,-2674.9
14200.0,3100.0,-2666.8
14300.0,3100.0,-2668.9
14400.0,3100.0,-2661.9
14500.0,3100.0,-2661.3
14600.0,3100.0,-2654.1
14700.0,3100.0,-2651.9
14800.0,3100.0,-2644.9
14900.0,3100.0,-2641.3
15000.0,3100.0,-2639.7
15100.0,3100.0,-2638.7
15200.0,3100.0,-2627.8
15300.0,3100.0,-2622.9
15400.0,3100.0,-2618.6
15500.0,3100.0,-2618.8
15600.0,3100.0,-2605.4
15700.0,3100.0,-2607.5
15800.0,3100.0,-2604.7
15900.0,3100.0,-2597.3
16000.0,3100.0,-2592.7
16100.0,3100.0,-2592.4
16200.0,3100.0,-2587.5
16300.0,3100.0,-2586.6
16400.0,3100.0,-2581.0
16500.0,3100.0,-2579.7
16600.0,3100.0,-2574.0
16700.0,3100.0,-2570.9
16800.0,3100.0,-2577.5
16900.0,3100.0,-2573.2
17000.0,3100.0,-2571.8
17100.0,3100.0,-2573.7
17200.0,3100.0,-2574.3
17300.0,3100.0,-2578.5
17400.0,3100.0,-2579.8
17500.0,3100.0,-2572.7
17600.0,3100.0,-2583.0
17700.0,3100.0,-2588.0
17800.0,3100.0,-2588.9
17900.0,3100.0,-2592.2
18000.0,3100.0,-2601.8
18100.0,3100.0,-2597.0
18200.0,3100.0,-2611.5
18300.0,3100.0,-2615.5
18400.0,3100.0,-2617.5
18500.0,3100.0,-2623.1
18600.0,3100.0,-2628.1
18700.0,3100.0,-2629.3
18800.0,3100.0,-2640.6
18900.0,3100.0,-2647.2
19000.0,3100.0,-2647.0
19100.0,3100.0,-2647.2
19200.0,3100.0,-2654.8
19300.0,3100.0,-2655.4
19400.0,3100.0,-2663.3
19500.0,3100.0,-2656.5
19600.0,3100.0,-2663.8
19700.0,3100.0,-2665.0
19800.0,3100.0,-2664.3
19900.0,3100.0,-2660.9
20000.0,3100.0,-2666.4
0.0,3200.0,-2680.2
100.0,3200.0,-2674.0
200.0,3200.0,-2679.9
300.0,3200.0,-2686.1
400.0,3200.0,-2692.7
500.0,3200.0,-2697.5
600.0,3200.0,-2705.2
700.0,3200.0,-2713.7
800.0,3200.0,-2717.8
900.0,3200.0,-2715.7
1000.0,3200.0,-2720.9
1100.0,3200.0,-2723.5
1200.0,3200.0,-2724.3
1300.0,3200.0,-2724.5
1400.0,3200.0,-2731.5
1500.0,3200.0,-2728.0
1600.0,3200.0,-2731.0
1700.0,3200.0,-2727.7
1800.0,3200.0,-2726.4
1900.0,3200.0,-2727.2
2000.0,3200.0,-2729.1
2100.0,3200.0,-2733.5
2200.0,3200.0,-2727.5
2300.0,3200.0,-2726.9
2400.0,3200.0,-2733.9
2500.0,3200.0,-2728.2
2600.0,3200.0,-2731.6
2700.0,3200.0,-2733.1
2800.0,3200.0,-2735.3
2900.0,3200.0,-2733.7
3000.0,3200.0,-2740.1
3100.0,3200.0,-2740.7
3200.0,3200.0,-2747.2
3300.0,3200.0,-2745.4
3400.0,3200.0,-2744.8
3500.0,3200.0,-2751.3
3600.0,3200.0,-2755.5
3700.0,3200.0,-2764.0
3800.0,3200.0,-2757.3
3900.0,3200.0,-2758.7
4000.0,3200.0,-2762.4
4100.0,3200.0,-2770.0
4200.0,3200.0,-2775.6
4300.0,3200.0,-2776.9
4400.0,3200.0,-2775.5
4500.0,3200.0,-2783.9
4600.0,3200.0,-2783.8
4700.0,3200.0,-2785.0
4800.0,3200.0,-2785.7
4900.0,3200.0,-2780.0
5000.0,3200.0,-2784.2
5100.0,3200.0,-2785.6
5200.0,3200.0,-2785.7
5300.0,3200.0,-2785.2
5400.0,3200.0,-2786.4
5500.0,3200.0,-2787.8
5600.0,3200.0,-2779.0
5700.0,3200.0,-2777.8
5800.0,3200.0,-2771.5
5900.0,3200.0,-2772.1
6000.0,3200.0,-2770.5
6100.0,3200.0,-2767.3
6200.0,3200.0,-2758.9
6300.0,3200.0,-2755.3
6400.0,3200.0,-2754.2
6500.0,3200.0,-2744.9
6600.0,3200.0,-2745.0
6700.0,3200.0,-2744.3
6800.0,3200.0,-2733.8
6900.0,3200.0,-2726.5
7000.0,3200.0,-2727.8
7100.0,3200.0,-2722.0
7200.0,3200.0,-2715.3
7300.0,3200.0,-2715.5
7400.0,3200.0,-2710.3
7500.0,3200.0,-2708.8
7600.0,3200.0,-2707.1
7700.0,3200.0,-2701.6
7800.0,3200.0,-2697.4
7900.0,3200.0,-2692.0
8000.0,3200.0,-2689.2
8100.0,3200.0,-2683.4
8200.0,3200.0,-2680.2
8300.0,3200.0,-2673.2
8400.0,3200.0,-2674.6
8500.0,3200.0,-2672.2
8600.0,3200.0,-2669.7
8700.0,3200.0,-2671.6
8800.0,3200.0,-2665.4
8900.0,3200.0,-2657.9
9000.0,3200.0,-2647.4
9100.0,3200.0,-2660.2
9200.0,3200.0,-2651.2
9300.0,3200.0,-2645.2
9400.0,3200.0,-2650.1
9500.0,3200.0,-2644.6
9600.0,3200.0,-2644.1
9700.0,3200.0,-2646.5
9800.0,3200.0,-2642.9
9900.0,3200.0,-2640.7
10000.0,3200.0,-2638.8
10100.0,3200.0,-2638.2
10200.0,3200.0,-2641.8
10300.0,3200.0,-2641.5
10400.0,3200.0,-2644.8
10500.0,3200.0,-2640.1
10600.0,3200.0,-2646.1
10700.0,3200.0,-2646.8
10800.0,3200.0,-2646.7
10900.0,3200.0,-2649.3
11000.0,3200.0,-2649.1
11100.0,3200.0,-2650.7
11200.0,3200.0,-2656.5
11300.0,3200.0,-2651.9
11400.0,3200.0,-2655.6
11500.0,3200.0,-2662.8
11600.0,3200.0,-2663.5
11700.0,3200.0,-2668.1
11800.0,3200.0,-2664.2
11900.0,3200.0,-2669.9
12000.0,3200.0,-2676.2
12100.0,3200.0,-2674.0
12200.0,3200.0,-2677.0
12300.0,3200.0,-2678.7
12400.0,3200.0,-2675.7
12500.0,3200.0,-2681.4
12600.0,3200.0,-2686.0
12700.0,3200.0,-2681.6
12800.0,3200.0,-2682.2
12900.0,3200.0,-2682.3
13000.0,3200.0,-2685.3
13100.0,3200.0,-2684.1
13200.0,3200.0,-2682.4
13300.0,3200.0,-2678.2
13400.0,3200.0,-2683.7
13500.0,3200.0,-2681.2
13600.0,3200.0,-2677.6
13700.0,3200.0,-2681.7
13800.0,3200.0,-2676.8
13900.0,3200.0,-2678.8
14000.0,3200.0,-2676.0
14100.0,3200.0,-2672.0
14200.0,3200.0,-2667.9
14300.0,3200.0,-2668.2
14400.0,3200.0,-2663.6
14500.0,3200.0,-2659.4
14600.0,3200.0,-2654.0
14700.0,3200.0,-2650.5
14800.0,3200.0,-2650.6
14900.0,3200.0,-2644.2
15000.0,3200.0,-2636.0
15100.0,3200.0,-2636.1
15200.0,3200.0,-2629.3
15300.0,3200.0,-2626.6
15400.0,3200.0,-2621.5
15500.0,3200.0,-2620.4
15600.0,3200.0,-2614.9
15700.0,3200.0,-2609.5
15800.0,3200.0,-2604.5
15900.0,3200.0,-2597.8
16000.0,3200.0,-2594.9
16100.0,3200.0,-2586.7
16200.0,3200.0,-2588.5
16300.0,3200.0,-2583.9
16400.0,3200.0,-2586.3
16500.0,3200.0,-2572.7
16600.0,3200.0,-2574.7
16700.0,3200.0,-2577.4
16800.0,3200.0,-2573.3
16900.0,3200.0,-2571.5
17000.0,3200.0,-2572.0
17100.0,3200.0,-2570.3
17200.0,3200.0,-2570.5
17300.0,3200.0,-2573.2
17400.0,3200.0,-2578.2
17500.0,3200.0,-2579.8
17600.0,3200.0,-2589.6
17700.0,3200.0,-2582.0
17800.0,3200.0,-2589.4
17900.0,3200.0,-2593.1
18000.0,3200.0,-2594.6
18100.0,3200.0,-2601.2
18200.0,3200.0,-2605.3
18300.0,3200.0,-2611.9
18400.0,3200.0,-2615.5
18500.0,3200.0,-2623.3
18600.0,3200.0,-2630.6
18700.0,3200.0,-2629.7
18800.0,3200.0,-2635.6
18900.0,3200.0,-2641.6
19000.0,3200.0,-2648.6
19100.0,3200.0,-2647.5
19200.0,3200.0,-2656.8
19300.0,3200.0,-2658.1
19400.0,3200.0,-2656.2
19500.0,3200.0,-2659.5
19600.0,3200.0,-2658.9
19700.0,3200.0,-2661.3
19800.0,3200.0,-2667.0
19900.0,3200.0,-2662.7
20000.0,3200.0,-2662.8
0.0,3300.0,-2669.8
100.0,3300.0,-2677.2
200.0,3300.0,-2673.7
300.0,3300.0,-2679.1
400.0,3300.0,-2695.0
500.0,3300.0,-2698.6
600.0,3300.0,-2702.3
700.0,3300.0,-2710.1
800.0,3300.0,-2708.3
900.0,3300.0,-2715.8
1000.0,3300.0,-2718.6
1100.0,3300.0,-2720.3
1200.0,3300.0,-2719.5
1300.0,3300.0,-2722.8
1400.0,3300.0,-2719.5
1500.0,3300.0,-2726.2
1600.0,3300.0,-2720.9
1700.0,3300.0,-2725.4
1800.0,3300.0,-2726.6
1900.0,3300.0,-2728.2
2000.0,3300.0,-2722.3
2100.0,3300.0,-2729.1
2200.0,3300.0,-2725.7
2300.0,3300.0,-2723.6
2400.0,3300.0,-2729.5
2500.0,3300.0,-2732.7
2600.0,3300.0,-2728.1
2700.0,3300.0,-2728.2
2800.0,3300.0,-2731.3
2900.0,3300.0,-2735.1
3000.0,3300.0,-2740.7
3100.0,3300.0,-2739.2
3200.0,3300.0,-2738.0
3300.0,3300.0,-2747.5
3400.0,3300.0,-2746.4
3500.0,3300.0,-2752.4
3600.0,3300.0,-2754.8
3700.0,3300.0,-2754.1
3800.0,3300.0,-2761.4
3900.0,3300.0,-2758.2
4000.0,3300.0,-2759.9
4100.0,3300.0,-2773.2
4200.0,3300.0,-2771.9
4300.0,3300.0,-2771.8
4400.0,3300.0,-2777.3
4500.0,3300.0,-2779.9
4600.0,3300.0,-2783.9
4700.0,3300.0,-2785.0
4800.0,3300.0,-2781.3
4900.0,3300.0,-2780.7
5000.0,3300.0,-2781.6
5100.0,3300.0,-2784.2
5200.0,3300.0,-2780.4
5300.0,3300.0,-2777.7
5400.0,3300.0,-2787.2
5500.0,3300.0,-2783.0
5600.0,3300.0,-2769.4
5700.0,3300.0,-2782.2
5800.0,3300.0,-2773.9
5900.0,3300.0,-2773.6
6000.0,3300.0,-2767.2
6100.0,3300.0,-2764.1
6200.0,3300.0,-2765.0
6300.0,3300.0,-2756.1
6400.0,3300.0,-2758.3
6500.0,3300.0,-2749.3
6600.0,3300.0,-2748.7
6700.0,3300.0,-2745.5
6800.0,3300.0,-2741.8
6900.0,3300.0,-2737.0
7000.0,3300.0,-2730.6
7100.0,3300.0,-2726.0
7200.0,3300.0,-2725.2
7300.0,3300.0,-2717.7
7400.0,3300.0,-2708.8
7500.0,3300.0,-2709.3
7600.0,3300.0,-2706.4
7700.0,3300.0,-2701.5
7800.0,3300.0,-2696.8
7900.0,3300.0,-2692.6
8000.0,3300.0,-2685.5
8100.0,3300.0,-2688.5
8200.0,3300.0,-2687.2
8300.0,3300.0,-2677.1
8400.0,3300.0,-2672.6
8500.0,3300.0,-2671.2
8600.0,3300.0,-2666.2
8700.0,3300.0,-2665.5
8800.0,3300.0,-2662.0
8900.0,3300.0,-2658.4
9000.0,3300.0,-2661.5
9100.0,3300.0,-2645.8
9200.0,3300.0,-2648.1
9300.0,3300.0,-2646.3
9400.0,3300.0,-2644.9
9500.0,3300.0,-2644.6
9600.0,3300.0,-2644.1
9700.0,3300.0,-2644.1
9800.0,3300.0,-2638.3
9900.0,3300.0,-2637.1
10000.0,3300.0,-2641.5
10100.0,3300.0,-2636.8
10200.0,3300.0,-2638.8
10300.0,3300.0,-2645.4
10400.0,3300.0,-2644.4
10500.0,3300.0,-2648.2
10600.0,3300.0,-2642.3
10700.0,3300.0,-2644.6
10800.0,3300.0,-2641.5
10900.0,3300.0,-2648.2
11000.0,3300.0,-2647.6
11100.0,3300.0,-2655.1
11200.0,3300.0,-2657.4
11300.0,3300.0,-2652.8
11400.0,3300.0,-2656.2
11500.0,3300.0,-2662.7
11600.0,3300.0,-2664.9
11700.0,3300.0,-2667.7
11800.0,3300.0,-2665.7
11900.0,3300.0,-2672.4
12000.0,3300.0,-2671.2
12100.0,3300.0,-2672.7
12200.0,3300.0,-2677.0
12300.0,3300.0,-2678.2
12400.0,3300.0,-2682.5
12500.0,3300.0,-2676.4
12600.0,3300.0,-2671.7
12700.0,3300.0,-2681.6
12800.0,3300.0,-2678.7
12900.0,3300.0,-2680.8
13000.0,3300.0,-2684.0
13100.0,3300.0,-2680.6
13200.0,3300.0,-2677.1
13300.0,3300.0,-2687.1
13400.0,3300.0,-2678.0
13500.0,3300.0,-2684.3
13600.0,3300.0,-2678.0
13700.0,3300.0,-2676.5
13800.0,3300.0,-2679.0
13900.0,3300.0,-2672.8
14000.0,3300.0,-2677.0
14100.0,3300.0,-2668.4
14200.0,3300.0,-2663.2
14300.0,3300.0,-2667.2
14400.0,3300.0,-2665.1
14500.0,3300.0,-2659.0
14600.0,3300.0,-2653.6
14700.0,3300.0,-2659.9
14800.0,3300.0,-2651.9
14900.0,3300.0,-2645.0
15000.0,3300.0,-2638.0
15100.0,3300.0,-2635.4
15200.0,3300.0,-2631.5
15300.0,3300.0,-2630.2
15400.0,3300.0,-2623.5
15500.0,3300.0,-2620.9
15600.0,3300.0,-2617.4
15700.0,3300.0,-2604.3
15800.0,3300.0,-2601.9
15900.0,3300.0,-2600.9
16000.0,3300.0,-2593.4
16100.0,3300.0,-2589.3
16200.0,3300.0,-2588.7
16300.0,3300.0,-2585.8
16400.0,3300.0,-2583.0
16500.0,3300.0,-2580.6
16600.0,3300.0,-2569.9
16700.0,3300.0,-2574.7
16800.0,3300.0,-2580.2
16900.0,3300.0,-2575.7
17000.0,3300.0,-2572.3
17100.0,3300.0,-2576.0
17200.0,3300.0,-2573.8
17300.0,3300.0,-2571.9
17400.0,3300.0,-2578.9
17500.0,3300.0,-2576.9
17600.0,3300.0,-2578.2
17700.0,3300.0,-2587.1
17800.0,3300.0,-2585.9
17900.0,3300.0,-2594.2
18000.0,3300.0,-2597.3
18100.0,3300.0,-2597.5
18200.0,3300.0,-2602.7
18300.0,3300.0,-2614.2
18400.0,3300.0,-2617.4
18500.0,3300.0,-2625.6
18600.0,3300.0,-2627.8
18700.0,3300.0,-2632.6
18800.0,3300.0,-2638.1
18900.0,3300.0,-2642.0
19000.0,3300.0,-2647.0
19100.0,3300.0,-2653.1
19200.0,3300.0,-2653.0
19300.0,3300.0,-2652.7
19400.0,3300.0,-2662.0
19500.0,3300.0,-2663.5
19600.0,3300.0,-2666.2
19700.0,3300.0,-2665.3
19800.0,3300.0,-2666.4
19900.0,3300.0,-2664.2
20000.0,3300.0,-2668.6
0.0,3400.0,-2664.6
100.0,3400.0,-2663.6
200.0,3400.0,-2678.2
300.0,3400.0,-2682.8
400.0,3400.0,-2689.3
500.0,3400.0,-2693.3
600.0,3400.0,-2699.7
700.0,3400.0,-2700.7
800.0,3400.0,-2703.0
900.0,3400.0,-2713.5
1000.0,3400.0,-2715.8
1100.0,3400.0,-2715.3
1200.0,3400.0,-2716.4
1300.0,3400.0,-2731.2
1400.0,3400.0,-2717.9
1500.0,3400.0,-2725.2
1600.0,3400.0,-2724.2
1700.0,3400.0,-2722.6
1800.0,3400.0,-2723.6
1900.0,3400.0,-2717.1
2000.0,3400.0,-2727.0
2100.0,3400.0,-2723.2
2200.0,3400.0,-2726.5
2300.0,3400.0,-2725.5
2400.0,3400.0,-2722.0
2500.0,3400.0,-2727.0
2600.0,3400.0,-2725.5
2700.0,3400.0,-2729.1
2800.0,3400.0,-2733.7
2900.0,3400.0,-2730.1
3000.0,3400.0,-2736.1
3100.0,3400.0,-2734.5
3200.0,3400.0,-2739.2
3300.0,3400.0,-2744.8
3400.0,3400.0,-2747.0
3500.0,3400.0,-2748.3
3600.0,3400.0,-2750.8
3700.0,3400.0,-2751.4
3800.0,3400.0,-2756.6
3900.0,3400.0,-2760.6
4000.0,3400.0,-2763.0
4100.0,3400.0,-2767.9
4200.0,3400.0,-2772.9
4300.0,3400.0,-2769.0
4400.0,3400.0,-2772.5
4500.0,3400.0,-2775.0
4600.0,3400.0,-2779.3
4700.0,3400.0,-2774.9
4800.0,3400.0,-2784.2
4900.0,3400.0,-2783.5
5000.0,3400.0,-2780.6
5100.0,3400.0,-2787.4
5200.0,3400.0,-2784.0
5300.0,3400.0,-2786.4
5400.0,3400.0,-2779.3
5500.0,3400.0,-2783.0
5600.0,3400.0,-2778.5
5700.0,3400.0,-2777.7
5800.0,3400.0,-2777.5
5900.0,3400.0,-2775.9
6000.0,3400.0,-2767.4
6100.0,3400.0,-2766.2
6200.0,3400.0,-2760.4
6300.0,3400.0,-2760.6
6400.0,3400.0,-2753.6
6500.0,3400.0,-2753.8
6600.0,3400.0,-2748.9
6700.0,3400.0,-2742.2
6800.0,3400.0,-2736.3
6900.0,3400.0,-2736.7
7000.0,3400.0,-2733.9
7100.0,3400.0,-2722.9
7200.0,3400.0,-2721.5
7300.0,3400.0,-2715.5
7400.0,3400.0,-2715.1
7500.0,3400.0,-2710.1
7600.0,3400.0,-2702.8
7700.0,3400.0,-2700.0
7800.0,3400.0,-2700.1
7900.0,3400.0,-2690.9
8000.0,3400.0,-2693.6
8100.0,3400.0,-2685.7
8200.0,3400.0,-2684.9
8300.0,3400.0,-2673.1
8400.0,3400.0,-2674.7
8500.0,3400.0,-2667.4
8600.0,3400.0,-2666.6
8700.0,3400.0,-2664.8
8800.0,3400.0,-2663.4
8900.0,3400.0,-2651.0
9000.0,3400.0,-2656.6
9100.0,3400.0,-2651.7
9200.0,3400.0,-2644.7
9300.0,3400.0,-2645.9
9400.0,3400.0,-2642.6
9500.0,3400.0,-2640.7
9600.0,3400.0,-2637.3
9700.0,3400.0,-2643.4
9800.0,3400.0,-2638.1
9900.0,3400.0,-2637.1
10000.0,3400.0,-2637.7
10100.0,3400.0,-2635.5
10200.0,3400.0,-2643.8
10300.0,3400.0,-2642.8
10400.0,3400.0,-2639.0
10500.0,3400.0,-2641.1
10600.0,3400.0,-2642.4
10700.0,3400.0,-2644.7
10800.0,3400.0,-2644.1
10900.0,3400.0,-2647.6
11000.0,3400.0,-2644.3
11100.0,3400.0,-2645.8
11200.0,3400.0,-2650.8
11300.0,3400.0,-2650.4
11400.0,3400.0,-2654.8
11500.0,3400.0,-2661.8
11600.0,3400.0,-2654.6
11700.0,3400.0,-2657.6
11800.0,3400.0,-2664.3
11900.0,3400.0,-2663.8
12000.0,3400.0,-2668.1
12100.0,3400.0,-2668.0
12200.0,3400.0,-2671.6
12300.0,3400.0,-2672.5
12400.0,3400.0,-2677.3
12500.0,3400.0,-2675.4
12600.0,3400.0,-2679.0
12700.0,3400.0,-2682.4
12800.0,3400.0,-2679.5
12900.0,3400.0,-2680.6
13000.0,3400.0,-2680.7
13100.0,3400.0,-2681.1
13200.0,3400.0,-2680.1
13300.0,3400.0,-2682.5
13400.0,3400.0,-2684.0
13500.0,3400.0,-2678.6
13600.0,3400.0,-2680.2
13700.0,3400.0,-2673.6
13800.0,3400.0,-2678.3
13900.0,3400.0,-2674.1
14000.0,3400.0,-2673.5
14100.0,3400.0,-2674.1
14200.0,3400.0,-2670.6
14300.0,3400.0,-2669.1
14400.0,3400.0,-2665.2
14500.0,3400.0,-2661.2
14600.0,3400.0,-2649.8
14700.0,3400.0,-2658.5
14800.0,3400.0,-2652.7
14900.0,3400.0,-2647.2
15000.0,3400.0,-2641.6
15100.0,3400.0,-2634.2
15200.0,3400.0,-2632.8
15300.0,3400.0,-2627.2
15400.0,3400.0,-2625.6
15500.0,3400.0,-2620.8
15600.0,3400.0,-2611.8
15700.0,3400.0,-2611.3
15800.0,3400.0,-2605.9
15900.0,3400.0,-2602.6
16000.0,3400.0,-2593.9
16100.0,3400.0,-2589.2
16200.0,3400.0,-2588.9
16300.0,3400.0,-2583.0
16400.0,3400.0,-2582.6
16500.0,3400.0,-2580.7
16600.0,3400.0,-2569.8
16700.0,3400.0,-2571.4
16800.0,3400.0,-2575.3
16900.0,3400.0,-2576.2
17000.0,3400.0,-2575.0
17100.0,3400.0,-2568.8
17200.0,3400.0,-2576.0
17300.0,3400.0,-2574.1
17400.0,3400.0,-2578.7
17500.0,3400.0,-2579.9
17600.0,3400.0,-2579.8
17700.0,3400.0,-2583.1
17800.0,3400.0,-2591.6
17900.0,3400.0,-2592.2
18000.0,3400.0,-2597.1
18100.0,3400.0,-2605.4
18200.0,3400.0,-2604.7
18300.0,3400.0,-2612.1
18400.0,3400.0,-2612.8
18500.0,3400.0,-2618.4
18600.0,3400.0,-2625.0
18700.0,3400.0,-2625.8
18800.0,3400.0,-2637.0
18900.0,3400.0,-2639.1
19000.0,3400.0,-2646.7
19100.0,3400.0,-2651.6
19200.0,3400.0,-2644.6
19300.0,3400.0,-2654.4
19400.0,3400.0,-2658.5
19500.0,3400.0,-2664.7
19600.0,3400.0,-2665.6
19700.0,3400.0,-2664.1
19800.0,3400.0,-2664.1
19900.0,3400.0,-2670.7
20000.0,3400.0,-2668.2
0.0,3500.0,-2661.5
100.0,3500.0,-2661.2
200.0,3500.0,-2667.9
300.0,3500.0,-2678.3
400.0,3500.0,-2689.4
500.0,3500.0,-2686.8
600.0,3500.0,-2692.6
700.0,3500.0,-2702.9
800.0,3500.0,-2705.7
900.0,3500.0,-2706.8
1000.0,3500.0,-2710.0
1100.0,3500.0,-2713.8
1200.0,3500.0,-2713.7
1300.0,3500.0,-2722.7
1400.0,3500.0,-2723.6
1500.0,3500.0,-2721.8
1600.0,3500.0,-2726.3
1700.0,3500.0,-2718.8
1800.0,3500.0,-2724.8
1900.0,3500.0,-2720.3
2000.0,3500.0,-2717.9
2100.0,3500.0,-2718.0
2200.0,3500.0,-2722.9
2300.0,3500.0,-2723.1
2400.0,3500.0,-2726.6
2500.0,3500.0,-2724.0
2600.0,3500.0,-2724.1
2700.0,3500.0,-2724.0
2800.0,3500.0,-2725.8
2900.0,3500.0,-2723.6
3000.0,3500.0,-2735.4
3100.0,3500.0,-2734.4
3200.0,3500.0,-2743.6
3300.0,3500.0,-2739.3
3400.0,3500.0,-2739.3
3500.0,3500.0,-2745.8
3600.0,3500.0,-2741.8
3700.0,3500.0,-2752.5
3800.0,3500.0,-2752.2
3900.0,3500.0,-2749.3
4000.0,3500.0,-2759.1
4100.0,3500.0,-2756.2
4200.0,3500.0,-2766.2
4300.0,3500.0,-2767.0
4400.0,3500.0,-2774.8
4500.0,3500.0,-2773.3
4600.0,3500.0,-2776.4
4700.0,3500.0,-2775.8
4800.0,3500.0,-2779.8
4900.0,3500.0,-2785.6
5000.0,3500.0,-2782.4
5100.0,3500.0,-2783.8
5200.0,3500.0,-2780.7
5300.0,3500.0,-2779.6
5400.0,3500.0,-2779.8
5500.0,3500.0,-2782.2
5600.0,3500.0,-2778.9
5700.0,3500.0,-2781.0
5800.0,3500.0,-2778.1
5900.0,3500.0,-2773.3
6000.0,3500.0,-2770.7
6100.0,3500.0,-2763.2
6200.0,3500.0,-2761.9
6300.0,3500.0,-2756.5
6400.0,3500.0,-2758.4
6500.0,3500.0,-2754.7
6600.0,3500.0,-2746.1
6700.0,3500.0,-2743.6
6800.0,3500.0,-2739.0
6900.0,3500.0,-2741.5
7000.0,3500.0,-2730.8
7100.0,3500.0,-2728.6
7200.0,3500.0,-2721.1
7300.0,3500.0,-2721.7
7400.0,3500.0,-2715.4
7500.0,3500.0,-2708.6
7600.0,3500.0,-2708.5
7700.0,3500.0,-2708.7
7800.0,3500.0,-2702.4
7900.0,3500.0,-2692.9
8000.0,3500.0,-2688.8
8100.0,3500.0,-2684.7
8200.0,3500.0,-2680.3
8300.0,3500.0,-2677.8
8400.0,3500.0,-2677.0
8500.0,3500.0,-2674.6
8600.0,3500.0,-2670.6
8700.0,3500.0,-2666.8
8800.0,3500.0,-2663.4
8900.0,3500.0,-2655.2
9000.0,3500.0,-2655.6
9100.0,3500.0,-2648.1
9200.0,3500.0,-2652.2
9300.0,3500.0,-2640.0
9400.0,3500.0,-2647.1
9500.0,3500.0,-2634.7
9600.0,3500.0,-2642.9
9700.0,3500.0,-2638.4
9800.0,3500.0,-2636.0
9900.0,3500.0,-2635.4
10000.0,3500.0,-2638.0
10100.0,3500.0,-2633.4
10200.0,3500.0,-2638.0
10300.0,3500.0,-2632.8
10400.0,3500.0,-2639.5
10500.0,3500.0,-2632.6
10600.0,3500.0,-2642.9
10700.0,3500.0,-2639.6
10800.0,3500.0,-2636.8
10900.0,3500.0,-2637.9
11000.0,3500.0,-2639.4
11100.0,3500.0,-2643.8
11200.0,3500.0,-2649.0
11300.0,3500.0,-2646.4
11400.0,3500.0,-2656.3
11500.0,3500.0,-2654.4
11600.0,3500.0,-2661.0
11700.0,3500.0,-2655.5
11800.0,3500.0,-2662.3
11900.0,3500.0,-2666.7
12000.0,3500.0,-2661.7
12100.0,3500.0,-2669.0
12200.0,3500.0,-2670.8
12300.0,3500.0,-2667.5
12400.0,3500.0,-2672.2
12500.0,3500.0,-2668.2
12600.0,3500.0,-2674.6
12700.0,3500.0,-2669.1
12800.0,3500.0,-2678.2
12900.0,3500.0,-2677.5
13000.0,3500.0,-2683.2
13100.0,3500.0,-2683.4
13200.0,3500.0,-2680.9
13300.0,3500.0,-2675.5
13400.0,3500.0,-2676.6
13500.0,3500.0,-2677.9
13600.0,3500.0,-2679.6
13700.0,3500.0,-2676.0
13800.0,3500.0,-2677.0
13900.0,3500.0,-2674.9
14000.0,3500.0,-2667.7
14100.0,3500.0,-2674.1
14200.0,3500.0,-2670.1
14300.0,3500.0,-2665.7
14400.0,3500.0,-2668.2
14500.0,3500.0,-2656.7
14600.0,3500.0,-2656.5
14700.0,3500.0,-2656.2
14800.0,3500.0,-2646.0
14900.0,3500.0,-2645.6
15000.0,3500.0,-2646.1
15100.0,3500.0,-2639.5
15200.0,3500.0,-2633.5
15300.0,3500.0,-2629.1
15400.0,3500.0,-2624.6
15500.0,3500.0,-2617.0
15600.0,3500.0,-2621.7
15700.0,3500.0,-2613.2
15800.0,3500.0,-2605.5
15900.0,3500.0,-2599.9
16000.0,3500.0,-2592.5
16100.0,3500.0,-2590.6
16200.0,3500.0,-2594.9
16300.0,3500.0,-2586.4
16400.0,3500.0,-2584.3
16500.0,3500.0,-2574.8
16600.0,3500.0,-2578.5
16700.0,3500.0,-2570.3
16800.0,3500.0,-2575.7
16900.0,3500.0,-2571.9
17000.0,3500.0,-2575.0
17100.0,3500.0,-2567.8
17200.0,3500.0,-2571.0
17300.0,3500.0,-2570.7
17400.0,3500.0,-2572.0
17500.0,3500.0,-2576.5
17600.0,3500.0,-2583.1
17700.0,3500.0,-2580.5
17800.0,3500.0,-2583.9
17900.0,3500.0,-2589.0
18000.0,3500.0,-2592.8
18100.0,3500.0,-2606.3
18200.0,3500.0,-2607.6
18300.0,3500.0,-2606.0
18400.0,3500.0,-2613.3
18500.0,3500.0,-2621.2
18600.0,3500.0,-2624.9
18700.0,3500.0,-2627.1
18800.0,3500.0,-2637.9
18900.0,3500.0,-2641.9
19000.0,3500.0,-2645.5
19100.0,3500.0,-2647.9
19200.0,3500.0,-2655.4
19300.0,3500.0,-2651.7
19400.0,3500.0,-2656.8
19500.0,3500.0,-2660.1
19600.0,3500.0,-2657.0
19700.0,3500.0,-2663.3
19800.0,3500.0,-2664.8
19900.0,3500.0,-2660.8
20000.0,3500.0,-2661.1
0.0,3600.0,-2647.4
100.0,3600.0,-2662.4
200.0,3600.0,-2667.1
300.0,3600.0,-2674.2
400.0,3600.0,-2676.3
500.0,3600.0,-2688.9
600.0,3600.0,-2688.9
700.0,3600.0,-2696.7
800.0,3600.0,-2699.3
900.0,3600.0,-2699.8
1000.0,3600.0,-2712.7
1100.0,3600.0,-2713.4
1200.0,3600.0,-2712.3
1300.0,3600.0,-2713.4
1400.0,3600.0,-2714.1
1500.0,3600.0,-2715.5
1600.0,3600.0,-2717.7
1700.0,3600.0,-2716.8
1800.0,3600.0,-2720.8
1900.0,3600.0,-2714.3
2000.0,3600.0,-2721.6
2100.0,3600.0,-2718.9
2200.0,3600.0,-2718.9
2300.0,3600.0,-2721.9
2400.0,3600.0,-2724.8
2500.0,3600.0,-2717.9
2600.0,3600.0,-2724.3
2700.0,3600.0,-2723.5
2800.0,3600.0,-2727.4
2900.0,3600.0,-2722.9
3000.0,3600.0,-2727.5
3100.0,3600.0,-2731.8
3200.0,3600.0,-2736.4
3300.0,3600.0,-2732.3
3400.0,3600.0,-2735.7
3500.0,3600.0,-2744.7
3600.0,3600.0,-2739.7
3700.0,3600.0,-2745.5
3800.0,3600.0,-2755.4
3900.0,3600.0,-2749.6
4000.0,3600.0,-2760.8
4100.0,3600.0,-2754.6
4200.0,3600.0,-2758.2
4300.0,3600.0,-2771.4
4400.0,3600.0,-2767.6
4500.0,3600.0,-2772.1
4600.0,3600.0,-2774.3
4700.0,3600.0,-2772.6
4800.0,3600.0,-2782.0
4900.0,3600.0,-2781.9
5000.0,3600.0,-2778.1
5100.0,3600.0,-2781.5
5200.0,3600.0,-2780.4
5300.0,3600.0,-2780.6
5400.0,3600.0,-2780.5
5500.0,3600.0,-2775.2
5600.0,3600.0,-2774.1
5700.0,3600.0,-2776.8
5800.0,3600.0,-2775.5
5900.0,3600.0,-2774.7
6000.0,3600.0,-2773.4
6100.0,3600.0,-2764.7
6200.0,3600.0,-2766.9
6300.0,3600.0,-2759.7
6400.0,3600.0,-2756.1
6500.0,3600.0,-2750.7
6600.0,3600.0,-2752.5
6700.0,3600.0,-2743.0
6800.0,3600.0,-2740.3
6900.0,3600.0,-2736.9
7000.0,3600.0,-2736.0
7100.0,3600.0,-2726.7
7200.0,3600.0,-2718.0
7300.0,3600.0,-2722.8
7400.0,3600.0,-2719.1
7500.0,3600.0,-2709.6
7600.0,3600.0,-2706.8
7700.0,3600.0,-2712.1
7800.0,3600.0,-2701.2
7900.0,3600.0,-2695.6
8000.0,3600.0,-2687.1
8100.0,3600.0,-2686.2
8200.0,3600.0,-2679.3
8300.0,3600.0,-2675.7
8400.0,3600.0,-2677.1
8500.0,3600.0,-2673.6
8600.0,3600.0,-2666.2
8700.0,3600.0,-2661.0
8800.0,3600.0,-2658.6
8900.0,3600.0,-2653.7
9000.0,3600.0,-2655.9
9100.0,3600.0,-2644.8
9200.0,3600.0,-2646.7
9300.0,3600.0,-2641.3
9400.0,3600.0,-2646.1
9500.0,3600.0,-2643.4
9600.0,3600.0,-2638.6
9700.0,3600.0,-2637.1
9800.0,3600.0,-2641.1
9900.0,3600.0,-2635.4
10000.0,3600.0,-2631.5
10100.0,3600.0,-2633.2
10200.0,3600.0,-2636.4
10300.0,3600.0,-2629.3
10400.0,3600.0,-2633.3
10500.0,3600.0,-2637.9
10600.0,3600.0,-2636.7
10700.0,3600.0,-2631.4
10800.0,3600.0,-2638.5
10900.0,3600.0,-2636.0
11000.0,3600.0,-2637.9
11100.0,3600.0,-2645.8
11200.0,3600.0,-2650.2
11300.0,3600.0,-2645.7
11400.0,3600.0,-2646.7
11500.0,3600.0,-2652.9
11600.0,3600.0,-2656.7
11700.0,3600.0,-2656.2
11800.0,3600.0,-2654.3
11900.0,3600.0,-2658.4
12000.0,3600.0,-2655.4
12100.0,3600.0,-2663.8
12200.0,3600.0,-2667.7
12300.0,3600.0,-2667.9
12400.0,3600.0,-2669.6
12500.0,3600.0,-2673.2
12600.0,3600.0,-2664.0
12700.0,3600.0,-2671.9
12800.0,3600.0,-2669.8
12900.0,3600.0,-2671.2
13000.0,3600.0,-2675.5
13100.0,3600.0,-2673.7
13200.0,3600.0,-2676.6
13300.0,3600.0,-2675.0
13400.0,3600.0,-2676.3
13500.0,3600.0,-2675.1
13600.0,3600.0,-2675.9
13700.0,3600.0,-2671.2
13800.0,3600.0,-2671.7
13900.0,3600.0,-2668.0
14000.0,3600.0,-2673.7
14100.0,3600.0,-2670.9
14200.0,3600.0,-2669.3
14300.0,3600.0,-2662.9
14400.0,3600.0,-2662.6
14500.0,3600.0,-2665.1
14600.0,3600.0,-2655.3
14700.0,3600.0,-2662.0
14800.0,3600.0,-2655.2
14900.0,3600.0,-2642.0
15000.0,3600.0,-2642.5
15100.0,3600.0,-2638.9
15200.0,3600.0,-2639.4
15300.0,3600.0,-2630.0
15400.0,3600.0,-2623.7
15500.0,3600.0,-2623.9
15600.0,3600.0,-2617.9
15700.0,3600.0,-2613.9
15800.0,3600.0,-2606.3
15900.0,3600.0,-2603.2
16000.0,3600.0,-2597.2
16100.0,3600.0,-2593.3
16200.0,3600.0,-2593.4
16300.0,3600.0,-2585.2
16400.0,3600.0,-2583.0
16500.0,3600.0,-2582.0
16600.0,3600.0,-2577.1
16700.0,3600.0,-2573.7
16800.0,3600.0,-2576.3
16900.0,3600.0,-2571.0
17000.0,3600.0,-2570.0
17100.0,3600.0,-2577.6
17200.0,3600.0,-2574.2
17300.0,3600.0,-2570.8
17400.0,3600.0,-2572.0
17500.0,3600.0,-2576.6
17600.0,3600.0,-2578.2
17700.0,3600.0,-2584.9
17800.0,3600.0,-2583.4
17900.0,3600.0,-2589.9
18000.0,3600.0,-2592.3
18100.0,3600.0,-2597.6
18200.0,3600.0,-2603.3
18300.0,3600.0,-2610.9
18400.0,3600.0,-2614.1
18500.0,3600.0,-2620.6
18600.0,3600.0,-2623.4
18700.0,3600.0,-2632.2
18800.0,3600.0,-2631.2
18900.0,3600.0,-2638.5
19000.0,3600.0,-2640.6
19100.0,3600.0,-2648.3
19200.0,3600.0,-2654.9
19300.0,3600.0,-2655.6
19400.0,3600.0,-2649.2
19500.0,3600.0,-2659.8
19600.0,3600.0,-2660.0
19700.0,3600.0,-2664.4
19800.0,3600.0,-2663.4
19900.0,3600.0,-2666.7
20000.0,3600.0,-2670.2
0.0,3700.0,-2651.7
100.0,3700.0,-2655.5
200.0,3700.0,-2663.3
300.0,3700.0,-2675.6
400.0,3700.0,-2672.3
500.0,3700.0,-2682.7
600.0,3700.0,-2686.6
700.0,3700.0,-2694.0
800.0,3700.0,-2700.9
900.0,3700.0,-2702.5
1000.0,3700.0,-2701.8
1100.0,3700.0,-2707.5
1200.0,3700.0,-2712.4
1300.0,3700.0,-2710.9
1400.0,3700.0,-2714.5
1500.0,3700.0,-2717.4
1600.0,3700.0,-2717.2
1700.0,3700.0,-2713.7
1800.0,3700.0,-2722.3
1900.0,3700.0,-2716.4
2000.0,3700.0,-2717.7
2100.0,3700.0,-2724.6
2200.0,3700.0,-2716.5
2300.0,3700.0,-2718.6
2400.0,3700.0,-2718.3
2500.0,3700.0,-2714.3
2600.0,3700.0,-2720.7
2700.0,3700.0,-2723.2
2800.0,3700.0,-2724.2
2900.0,3700.0,-2720.8
3000.0,3700.0,-2725.6
3100.0,3700.0,-2718.9
3200.0,3700.0,-2726.0
3300.0,3700.0,-2735.3
3400.0,3700.0,-2728.8
3500.0,3700.0,-2732.4
3600.0,3700.0,-2739.2
3700.0,3700.0,-2744.3
3800.0,3700.0,-2742.7
3900.0,3700.0,-2743.4
4000.0,3700.0,-2752.7
4100.0,3700.0,-2754.4
4200.0,3700.0,-2759.8
4300.0,3700.0,-2764.8
4400.0,3700.0,-2767.0
4500.0,3700.0,-2764.0
4600.0,3700.0,-2766.8
4700.0,3700.0,-2774.6
4800.0,3700.0,-2780.8
4900.0,3700.0,-2777.3
5000.0,3700.0,-2779.4
5100.0,3700.0,-2775.9
5200.0,3700.0,-2774.9
5300.0,3700.0,-2784.2
5400.0,3700.0,-2777.1
5500.0,3700.0,-2777.7
5600.0,3700.0,-2771.0
5700.0,3700.0,-2775.2
5800.0,3700.0,-2770.2
5900.0,3700.0,-2770.3
6000.0,3700.0,-2762.8
6100.0,3700.0,-2767.8
6200.0,3700.0,-2760.3
6300.0,3700.0,-2760.0
6400.0,3700.0,-2758.4
6500.0,3700.0,-2752.7
6600.0,3700.0,-2748.6
6700.0,3700.0,-2742.5
6800.0,3700.0,-2748.6
6900.0,3700.0,-2736.1
7000.0,3700.0,-2732.9
7100.0,3700.0,-2733.1
7200.0,3700.0,-2720.3
7300.0,3700.0,-2726.4
7400.0,3700.0,-2715.9
7500.0,3700.0,-2715.1
7600.0,3700.0,-2710.4
7700.0,3700.0,-2706.9
7800.0,3700.0,-2700.2
7900.0,3700.0,-2695.5
8000.0,3700.0,-2685.5
8100.0,3700.0,-2683.3
8200.0,3700.0,-2675.6
8300.0,3700.0,-2678.6
8400.0,3700.0,-2680.3
8500.0,3700.0,-2669.9
8600.0,3700.0,-2665.0
8700.0,3700.0,-2663.0
8800.0,3700.0,-2656.9
8900.0,3700.0,-2656.1
9000.0,3700.0,-2653.1
9100.0,3700.0,-2653.3
9200.0,3700.0,-2644.9
9300.0,3700.0,-2641.0
9400.0,3700.0,-2646.7
9500.0,3700.0,-2636.8
9600.0,3700.0,-2639.9
9700.0,3700.0,-2634.9
9800.0,3700.0,-2631.7
9900.0,3700.0,-2630.1
10000.0,3700.0,-2628.1
10100.0,3700.0,-2629.1
10200.0,3700.0,-2633.3
10300.0,3700.0,-2625.6
10400.0,3700.0,-2628.8
10500.0,3700.0,-2627.9
10600.0,3700.0,-2631.1
10700.0,3700.0,-2630.1
10800.0,3700.0,-2635.8
10900.0,3700.0,-2631.7
11000.0,3700.0,-2634.8
11100.0,3700.0,-2640.3
11200.0,3700.0,-2645.5
11300.0,3700.0,-2635.2
11400.0,3700.0,-2647.1
11500.0,3700.0,-2644.8
11600.0,3700.0,-2652.8
11700.0,3700.0,-2653.5
11800.0,3700.0,-2653.8
11900.0,3700.0,-2654.6
12000.0,3700.0,-2658.7
12100.0,3700.0,-2659.1
12200.0,3700.0,-2662.9
12300.0,3700.0,-2668.0
12400.0,3700.0,-2667.5
12500.0,3700.0,-2664.5
12600.0,3700.0,-2666.2
12700.0,3700.0,-2673.7
12800.0,3700.0,-2672.0
12900.0,3700.0,-2680.6
13000.0,3700.0,-2674.2
13100.0,3700.0,-2671.6
13200.0,3700.0,-2673.4
13300.0,3700.0,-2677.9
13400.0,3700.0,-2674.7
13500.0,3700.0,-2672.9
13600.0,3700.0,-2681.3
13700.0,3700.0,-2673.4
13800.0,3700.0,-2668.8
13900.0,3700.0,-2672.3
14000.0,3700.0,-2669.3
14100.0,3700.0,-2668.9
14200.0,3700.0,-2666.7
14300.0,3700.0,-2665.9
14400.0,3700.0,-2665.1
14500.0,3700.0,-2659.0
14600.0,3700.0,-2657.0
14700.0,3700.0,-2658.5
14800.0,3700.0,-2654.3
14900.0,3700.0,-2651.3
15000.0,3700.0,-2641.3
15100.0,3700.0,-2637.2
15200.0,3700.0,-2630.9
15300.0,3700.0,-2634.6
15400.0,3700.0,-2626.9
15500.0,3700.0,-2623.8
15600.0,3700.0,-2611.2
15700.0,3700.0,-2613.8
15800.0,3700.0,-2611.4
15900.0,3700.0,-2601.2
16000.0,3700.0,-2602.7
16100.0,3700.0,-2595.1
16200.0,3700.0,-2590.3
16300.0,3700.0,-2590.2
16400.0,3700.0,-2590.7
16500.0,3700.0,-2585.0
16600.0,3700.0,-2579.8
16700.0,3700.0,-2579.4
16800.0,3700.0,-2571.2
16900.0,3700.0,-2570.2
17000.0,3700.0,-2576.8
17100.0,3700.0,-2570.2
17200.0,3700.0,-2574.9
17300.0,3700.0,-2579.7
17400.0,3700.0,-2577.3
17500.0,3700.0,-2573.8
17600.0,3700.0,-2578.9
17700.0,3700.0,-2578.3
17800.0,3700.0,-2586.3
17900.0,3700.0,-2583.4
18000.0,3700.0,-2591.1
18100.0,3700.0,-2594.9
18200.0,3700.0,-2601.6
18300.0,3700.0,-2600.6
18400.0,3700.0,-2607.8
18500.0,3700.0,-2617.8
18600.0,3700.0,-2617.9
18700.0,3700.0,-2626.4
18800.0,3700.0,-2631.1
18900.0,3700.0,-2635.7
19000.0,3700.0,-2641.5
19100.0,3700.0,-2649.6
19200.0,3700.0,-2642.1
19300.0,3700.0,-2647.5
19400.0,3700.0,-2655.0
19500.0,3700.0,-2661.6
19600.0,3700.0,-2661.3
19700.0,3700.0,-2656.8
19800.0,3700.0,-2663.8
19900.0,3700.0,-2662.4
20000.0,3700.0,-2660.4
0.0,3800.0,-2642.6
100.0,3800.0,-2653.2
200.0,3800.0,-2660.2
300.0,3800.0,-2665.5
400.0,3800.0,-2674.4
500.0,3800.0,-2679.2
600.0,3800.0,-2683.3
700.0,3800.0,-2688.2
800.0,3800.0,-2693.5
900.0,3800.0,-2693.8
1000.0,3800.0,-2699.4
1100.0,3800.0,-2703.3
1200.0,3800.0,-2709.1
1300.0,3800.0,-2710.9
1400.0,3800.0,-2706.1
1500.0,3800.0,-2714.2
1600.0,3800.0,-2711.7
1700.0,3800.0,-2714.7
1800.0,3800.0,-2714.8
1900.0,3800.0,-2712.1
2000.0,3800.0,-2718.1
2100.0,3800.0,-2713.0
2200.0,3800.0,-2714.3
2300.0,3800.0,-2717.0
2400.0,3800.0,-2714.7
2500.0,3800.0,-2717.9
2600.0,3800.0,-2719.1
2700.0,3800.0,-2720.4
2800.0,3800.0,-2718.8
2900.0,3800.0,-2718.1
3000.0,3800.0,-2721.9
3100.0,3800.0,-2727.1
3200.0,3800.0,-2722.0
3300.0,3800.0,-2731.1
3400.0,3800.0,-2725.4
3500.0,3800.0,-2731.7
3600.0,3800.0,-2736.8
3700.0,3800.0,-2738.6
3800.0,3800.0,-2732.0
3900.0,3800.0,-2741.3
4000.0,3800.0,-2746.8
4100.0,3800.0,-2750.1
4200.0,3800.0,-2750.9
4300.0,3800.0,-2757.4
4400.0,3800.0,-2762.8
4500.0,3800.0,-2760.0
4600.0,3800.0,-2765.4
4700.0,3800.0,-2769.0
4800.0,3800.0,-2765.5
4900.0,3800.0,-2771.1
5000.0,3800.0,-2777.4
5100.0,3800.0,-2772.5
5200.0,3800.0,-2773.6
5300.0,3800.0,-2772.2
5400.0,3800.0,-2776.7
5500.0,3800.0,-2775.3
5600.0,3800.0,-2773.8
5700.0,3800.0,-2773.3
5800.0,3800.0,-2776.6
5900.0,3800.0,-2773.1
6000.0,3800.0,-2765.9
6100.0,3800.0,-2766.2
6200.0,3800.0,-2763.8
6300.0,3800.0,-2759.4
6400.0,3800.0,-2759.2
6500.0,3800.0,-2755.9
6600.0,3800.0,-2752.5
6700.0,3800.0,-2747.8
6800.0,3800.0,-2735.8
6900.0,3800.0,-2740.5
7000.0,3800.0,-2733.1
7100.0,3800.0,-2732.9
7200.0,3800.0,-2728.4
7300.0,3800.0,-2719.6
7400.0,3800.0,-2718.8
7500.0,3800.0,-2712.9
7600.0,3800.0,-2708.9
7700.0,3800.0,-2710.1
7800.0,3800.0,-2704.2
7900.0,3800.0,-2692.8
8000.0,3800.0,-2691.1
8100.0,3800.0,-2687.9
8200.0,3800.0,-2685.3
8300.0,3800.0,-2679.2
8400.0,3800.0,-2677.9
8500.0,3800.0,-2669.7
8600.0,3800.0,-2673.2
8700.0,3800.0,-2661.5
8800.0,3800.0,-2655.5
8900.0,3800.0,-2652.1
9000.0,3800.0,-2651.6
9100.0,3800.0,-2652.2
9200.0,3800.0,-2639.3
9300.0,3800.0,-2638.6
9400.0,3800.0,-2638.4
9500.0,3800.0,-2636.2
9600.0,3800.0,-2631.8
9700.0,3800.0,-2627.8
9800.0,3800.0,-2633.1
9900.0,3800.0,-2630.5
10000.0,3800.0,-2629.8
10100.0,3800.0,-2629.5
10200.0,3800.0,-2624.9
10300.0,3800.0,-2623.1
10400.0,3800.0,-2627.1
10500.0,3800.0,-2623.2
10600.0,3800.0,-2628.8
10700.0,3800.0,-2632.2
10800.0,3800.0,-2629.1
10900.0,3800.0,-2631.5
11000.0,3800.0,-2629.1
11100.0,3800.0,-2636.5
11200.0,3800.0,-2633.6
11300.0,3800.0,-2637.5
11400.0,3800.0,-2640.4
11500.0,3800.0,-2639.6
11600.0,3800.0,-2650.9
11700.0,3800.0,-2646.6
11800.0,3800.0,-2653.3
11900.0,3800.0,-2655.7
12000.0,3800.0,-2662.0
12100.0,3800.0,-2659.3
12200.0,3800.0,-2659.9
12300.0,3800.0,-2657.1
12400.0,3800.0,-2663.8
12500.0,3800.0,-2663.5
12600.0,3800.0,-2662.1
12700.0,3800.0,-2671.6
12800.0,3800.0,-2672.4
12900.0,3800.0,-2670.9
13000.0,3800.0,-2669.4
13100.0,3800.0,-2672.6
13200.0,3800.0,-2675.9
13300.0,3800.0,-2672.1
13400.0,3800.0,-2671.6
13500.0,3800.0,-2669.7
13600.0,3800.0,-2672.6
13700.0,3800.0,-2678.8
13800.0,3800.0,-2676.5
13900.0,3800.0,-2669.2
14000.0,3800.0,-2668.1
14100.0,3800.0,-2664.5
14200.0,3800.0,-2670.3
14300.0,3800.0,-2670.9
14400.0,3800.0,-2660.9
14500.0,3800.0,-2666.4
14600.0,3800.0,-2666.2
14700.0,3800.0,-2654.7
14800.0,3800.0,-2652.5
14900.0,3800.0,-2652.6
15000.0,3800.0,-2642.8
15100.0,3800.0,-2649.5
15200.0,3800.0,-2641.0
15300.0,3800.0,-2636.0
15400.0,3800.0,-2623.4
15500.0,3800.0,-2619.2
15600.0,3800.0,-2623.4
15700.0,3800.0,-2618.3
15800.0,3800.0,-2607.9
15900.0,3800.0,-2606.6
16000.0,3800.0,-2600.0
16100.0,3800.0,-2600.4
16200.0,3800.0,-2594.1
16300.0,3800.0,-2591.6
16400.0,3800.0,-2583.0
16500.0,3800.0,-2584.4
16600.0,3800.0,-2579.3
16700.0,3800.0,-2579.8
16800.0,3800.0,-2572.8
16900.0,3800.0,-2574.4
17000.0,3800.0,-2574.3
17100.0,3800.0,-2574.0
17200.0,3800.0,-2570.9
17300.0,3800.0,-2570.0
17400.0,3800.0,-2572.8
17500.0,3800.0,-2583.9
17600.0,3800.0,-2576.5
17700.0,3800.0,-2580.1
17800.0,3800.0,-2581.8
17900.0,3800.0,-2580.3
18000.0,3800.0,-2591.4
18100.0,3800.0,-2590.5
18200.0,3800.0,-2602.3
18300.0,3800.0,-2599.8
18400.0,3800.0,-2606.8
18500.0,3800.0,-2608.8
18600.0,3800.0,-2621.2
18700.0,3800.0,-2622.1
18800.0,3800.0,-2629.4
18900.0,3800.0,-2629.0
19000.0,3800.0,-2633.0
19100.0,3800.0,-2644.6
19200.0,3800.0,-2649.7
19300.0,3800.0,-2648.6
19400.0,3800.0,-2658.5
19500.0,3800.0,-2650.8
19600.0,3800.0,-2650.6
19700.0,3800.0,-2662.5
19800.0,3800.0,-2661.1
19900.0,3800.0,-2663.3
20000.0,3800.0,-2661.5
0.0,3900.0,-2646.0
100.0,3900.0,-2656.4
200.0,3900.0,-2657.2
300.0,3900.0,-2664.0
400.0,3900.0,-2668.9
500.0,3900.0,-2673.1
600.0,3900.0,-2680.4
700.0,3900.0,-2682.2
800.0,3900.0,-2691.9
900.0,3900.0,-2693.5
1000.0,3900.0,-2696.4
1100.0,3900.0,-2699.6
1200.0,3900.0,-2706.6
1300.0,3900.0,-2704.2
1400.0,3900.0,-2709.5
1500.0,3900.0,-2707.6
1600.0,3900.0,-2711.2
1700.0,3900.0,-2711.3
1800.0,3900.0,-2711.4
1900.0,3900.0,-2711.4
2000.0,3900.0,-2715.4
2100.0,3900.0,-2711.4
2200.0,3900.0,-2711.9
2300.0,3900.0,-2714.4
2400.0,3900.0,-2714.9
2500.0,3900.0,-2714.9
2600.0,3900.0,-2714.1
2700.0,3900.0,-2721.4
2800.0,3900.0,-2714.4
2900.0,3900.0,-2713.3
3000.0,3900.0,-2715.8
3100.0,3900.0,-2726.8
3200.0,3900.0,-2729.2
3300.0,3900.0,-2722.4
3400.0,3900.0,-2727.4
3500.0,3900.0,-2726.8
3600.0,3900.0,-2731.1
3700.0,3900.0,-2735.0
3800.0,3900.0,-2733.8
3900.0,3900.0,-2737.3
4000.0,3900.0,-2743.7
4100.0,3900.0,-2744.6
4200.0,3900.0,-2745.0
4300.0,3900.0,-2748.5
4400.0,3900.0,-2747.4
4500.0,3900.0,-2758.2
4600.0,3900.0,-2763.3
4700.0,3900.0,-2762.7
4800.0,3900.0,-2763.5
4900.0,3900.0,-2767.8
5000.0,3900.0,-2768.9
5100.0,3900.0,-2769.0
5200.0,3900.0,-2772.9
5300.0,3900.0,-2766.4
5400.0,3900.0,-2775.5
5500.0,3900.0,-2771.1
5600.0,3900.0,-2775.5
5700.0,3900.0,-2767.8
5800.0,3900.0,-2769.1
5900.0,3900.0,-2763.8
6000.0,3900.0,-2768.9
6100.0,3900.0,-2766.3
6200.0,3900.0,-2760.6
6300.0,3900.0,-2757.4
6400.0,3900.0,-2750.9
6500.0,3900.0,-2755.8
6600.0,3900.0,-2752.2
6700.0,3900.0,-2745.2
6800.0,3900.0,-2749.0
6900.0,3900.0,-2747.3
7000.0,3900.0,-2736.8
7100.0,3900.0,-2734.0
7200.0,3900.0,-2725.4
7300.0,3900.0,-2724.5
7400.0,3900.0,-2719.7
7500.0,3900.0,-2712.5
7600.0,3900.0,-2709.4
7700.0,3900.0,-2701.3
7800.0,3900.0,-2699.0
7900.0,3900.0,-2696.8
8000.0,3900.0,-2693.4
8100.0,3900.0,-2688.6
8200.0,3900.0,-2688.1
8300.0,3900.0,-2677.9
8400.0,3900.0,-2674.5
8500.0,3900.0,-2671.8
8600.0,3900.0,-2676.1
8700.0,3900.0,-2660.0
8800.0,3900.0,-2661.8
8900.0,3900.0,-2656.1
9000.0,3900.0,-2647.2
9100.0,3900.0,-2644.7
9200.0,3900.0,-2644.1
9300.0,3900.0,-2641.3
9400.0,3900.0,-2635.6
9500.0,3900.0,-2634.6
9600.0,3900.0,-2627.3
9700.0,3900.0,-2627.6
9800.0,3900.0,-2631.3
9900.0,3900.0,-2621.5
10000.0,3900.0,-2625.6
10100.0,3900.0,-2626.9
10200.0,3900.0,-2623.1
10300.0,3900.0,-2623.6
10400.0,3900.0,-2628.8
10500.0,3900.0,-2626.1
10600.0,3900.0,-2626.6
10700.0,3900.0,-2623.1
10800.0,3900.0,-2621.4
10900.0,3900.0,-2623.7
11000.0,3900.0,-2631.4
11100.0,3900.0,-2633.7
11200.0,3900.0,-2631.3
11300.0,3900.0,-2632.3
11400.0,3900.0,-2637.3
11500.0,3900.0,-2637.9
11600.0,3900.0,-2636.8
11700.0,3900.0,-2643.9
11800.0,3900.0,-2650.1
11900.0,3900.0,-2651.2
12000.0,3900.0,-2655.0
12100.0,3900.0,-2651.6
12200.0,3900.0,-2661.4
12300.0,3900.0,-2657.2
12400.0,3900.0,-2665.3
12500.0,3900.0,-2662.2
12600.0,3900.0,-2663.0
12700.0,3900.0,-2660.8
12800.0,3900.0,-2669.1
12900.0,3900.0,-2665.1
13000.0,3900.0,-2674.4
13100.0,3900.0,-2671.4
13200.0,3900.0,-2670.5
13300.0,3900.0,-2675.4
13400.0,3900.0,-2672.9
13500.0,3900.0,-2667.7
13600.0,3900.0,-2672.0
13700.0,3900.0,-2674.2
13800.0,3900.0,-2670.2
13900.0,3900.0,-2673.3
14000.0,3900.0,-2661.4
14100.0,3900.0,-2668.1
14200.0,3900.0,-2659.0
14300.0,3900.0,-2666.7
14400.0,3900.0,-2667.5
14500.0,3900.0,-2662.7
14600.0,3900.0,-2658.2
14700.0,3900.0,-2652.6
14800.0,3900.0,-2650.9
14900.0,3900.0,-2651.3
15000.0,3900.0,-2649.9
15100.0,3900.0,-2649.6
15200.0,3900.0,-2635.6
15300.0,3900.0,-2633.9
15400.0,3900.0,-2632.3
15500.0,3900.0,-2627.0
15600.0,3900.0,-2622.1
15700.0,3900.0,-2617.4
15800.0,3900.0,-2608.8
15900.0,3900.0,-2605.5
16000.0,3900.0,-2603.1
16100.0,3900.0,-2595.6
16200.0,3900.0,-2596.9
16300.0,3900.0,-2590.5
16400.0,3900.0,-2590.8
16500.0,3900.0,-2584.7
16600.0,3900.0,-2582.2
16700.0,3900.0,-2574.7
16800.0,3900.0,-2577.1
16900.0,3900.0,-2578.7
17000.0,3900.0,-2577.2
17100.0,3900.0,-2577.0
17200.0,3900.0,-2570.1
17300.0,3900.0,-2573.8
17400.0,3900.0,-2570.5
17500.0,3900.0,-2570.8
17600.0,3900.0,-2578.1
17700.0,3900.0,-2578.2
17800.0,3900.0,-2582.9
17900.0,3900.0,-2584.8
18000.0,3900.0,-2587.1
18100.0,3900.0,-2589.8
18200.0,3900.0,-2597.8
18300.0,3900.0,-2600.7
18400.0,3900.0,-2609.2
18500.0,3900.0,-2611.9
18600.0,3900.0,-2612.6
18700.0,3900.0,-2625.5
18800.0,3900.0,-2624.1
18900.0,3900.0,-2632.1
19000.0,3900.0,-2634.4
19100.0,3900.0,-2642.4
19200.0,3900.0,-2645.1
19300.0,3900.0,-2645.3
19400.0,3900.0,-2647.7
19500.0,3900.0,-2653.6
19600.0,3900.0,-2653.0
19700.0,3900.0,-2657.0
19800.0,3900.0,-2656.1
19900.0,3900.0,-2660.2
20000.0,3900.0,-2662.6
0.0,4000.0,-2636.3
100.0,4000.0,-2649.3
200.0,4000.0,-2650.2
300.0,4000.0,-2664.0
400.0,4000.0,-2670.1
500.0,4000.0,-2671.4
600.0,4000.0,-2678.5
700.0,4000.0,-2681.4
800.0,4000.0,-2688.3
900.0,4000.0,-2684.7
1000.0,4000.0,-2697.0
1100.0,4000.0,-2700.7
1200.0,4000.0,-2699.3
1300.0,4000.0,-2706.6
1400.0,4000.0,-2706.8
1500.0,4000.0,-2705.4
1600.0,4000.0,-2712.8
1700.0,4000.0,-2708.0
1800.0,4000.0,-2705.5
1900.0,4000.0,-2714.3
2000.0,4000.0,-2718.9
2100.0,4000.0,-2708.5
2200.0,4000.0,-2713.0
2300.0,4000.0,-2708.9
2400.0,4000.0,-2707.1
2500.0,4000.0,-2707.2
2600.0,4000.0,-2710.6
2700.0,4000.0,-2711.0
2800.0,4000.0,-2710.1
2900.0,4000.0,-2712.8
3000.0,4000.0,-2714.6
3100.0,4000.0,-2715.5
3200.0,4000.0,-2717.8
3300.0,4000.0,-2714.3
3400.0,4000.0,-2720.2
3500.0,4000.0,-2725.0
3600.0,4000.0,-2727.0
3700.0,4000.0,-2730.6
3800.0,4000.0,-2736.1
3900.0,4000.0,-2730.5
4000.0,4000.0,-2737.3
4100.0,4000.0,-2742.3
4200.0,4000.0,-2748.3
4300.0,4000.0,-2749.5
4400.0,4000.0,-2747.2
4500.0,4000.0,-2748.7
4600.0,4000.0,-2752.0
4700.0,4000.0,-2757.6
4800.0,4000.0,-2757.0
4900.0,4000.0,-2761.7
5000.0,4000.0,-2763.6
5100.0,4000.0,-2760.7
5200.0,4000.0,-2766.0
5300.0,4000.0,-2765.8
5400.0,4000.0,-2771.6
5500.0,4000.0,-2766.5
5600.0,4000.0,-2768.8
5700.0,4000.0,-2766.7
5800.0,4000.0,-2765.0
5900.0,4000.0,-2764.3
6000.0,4000.0,-2760.9
6100.0,4000.0,-2755.6
6200.0,4000.0,-2763.3
6300.0,4000.0,-2752.8
6400.0,4000.0,-2754.7
6500.0,4000.0,-2758.4
6600.0,4000.0,-2751.4
6700.0,4000.0,-2746.6
6800.0,4000.0,-2743.4
6900.0,4000.0,-2740.5
7000.0,4000.0,-2736.7
7100.0,4000.0,-2730.7
7200.0,4000.0,-2729.9
7300.0,4000.0,-2722.9
7400.0,4000.0,-2720.4
7500.0,4000.0,-2717.7
7600.0,4000.0,-2710.7
7700.0,4000.0,-2707.0
7800.0,4000.0,-2699.1
7900.0,4000.0,-2697.2
8000.0,4000.0,-2690.9
8100.0,4000.0,-2688.2
8200.0,4000.0,-2682.4
8300.0,4000.0,-2680.0
8400.0,4000.0,-2675.6
8500.0,4000.0,-2669.3
8600.0,4000.0,-2665.9
8700.0,4000.0,-2665.1
8800.0,4000.0,-2655.3
8900.0,4000.0,-2654.3
9000.0,4000.0,-2648.1
9100.0,4000.0,-2643.4
9200.0,4000.0,-2638.5
9300.0,4000.0,-2634.1
9400.0,4000.0,-2634.6
9500.0,4000.0,-2630.7
9600.0,4000.0,-2630.2
9700.0,4000.0,-2625.3
9800.0,4000.0,-2624.3
9900.0,4000.0,-2622.5
10000.0,4000.0,-2618.9
10100.0,4000.0,-2617.1
10200.0,4000.0,-2615.9
10300.0,4000.0,-2617.4
10400.0,4000.0,-2620.6
10500.0,4000.0,-2616.9
10600.0,4000.0,-2620.4
10700.0,4000.0,-2615.1
10800.0,4000.0,-2623.6
10900.0,4000.0,-2628.3
11000.0,4000.0,-2624.4
11100.0,4000.0,-2624.1
11200.0,4000.0,-2627.9
11300.0,4000.0,-2630.1
11400.0,4000.0,-2630.9
11500.0,4000.0,-2630.3
11600.0,4000.0,-2639.0
11700.0,4000.0,-2635.5
11800.0,4000.0,-2640.0
11900.0,4000.0,-2643.3
12000.0,4000.0,-2647.6
12100.0,4000.0,-2642.7
12200.0,4000.0,-2644.0
12300.0,4000.0,-2648.1
12400.0,4000.0,-2658.0
12500.0,4000.0,-2651.5
12600.0,4000.0,-2660.1
12700.0,4000.0,-2665.2
12800.0,4000.0,-2667.4
12900.0,4000.0,-2663.3
13000.0,4000.0,-2666.9
13100.0,4000.0,-2664.9
13200.0,4000.0,-2665.9
13300.0,4000.0,-2667.2
13400.0,4000.0,-2665.7
13500.0,4000.0,-2669.1
13600.0,4000.0,-2662.3
13700.0,4000.0,-2672.7
13800.0,4000.0,-2671.5
13900.0,4000.0,-2666.1
14000.0,4000.0,-2663.1
14100.0,4000.0,-2666.9
14200.0,4000.0,-2665.4
14300.0,4000.0,-2661.9
14400.0,4000.0,-2661.1
14500.0,4000.0,-2661.6
14600.0,4000.0,-2658.3
14700.0,4000.0,-2653.6
14800.0,4000.0,-2653.3
14900.0,4000.0,-2648.8
15000.0,4000.0,-2648.5
15100.0,4000.0,-2649.7
15200.0,4000.0,-2639.3
15300.0,4000.0,-2639.6
15400.0,4000.0,-2630.8
15500.0,4000.0,-2630.9
15600.0,4000.0,-2627.2
15700.0,4000.0,-2618.2
15800.0,4000.0,-2616.1
15900.0,4000.0,-2607.0
16000.0,4000.0,-2602.9
16100.0,4000.0,-2605.4
16200.0,4000.0,-2598.2
16300.0,4000.0,-2592.0
16400.0,4000.0,-2590.5
16500.0,4000.0,-2585.1
16600.0,4000.0,-2590.6
16700.0,4000.0,-2586.5
16800.0,4000.0,-2579.9
16900.0,4000.0,-2578.7
17000.0,4000.0,-2567.9
17100.0,4000.0,-2576.9
17200.0,4000.0,-2573.4
17300.0,4000.0,-2568.8
17400.0,4000.0,-2571.5
17500.0,4000.0,-2573.1
17600.0,4000.0,-2580.4
17700.0,4000.0,-2580.3
17800.0,4000.0,-2583.5
17900.0,4000.0,-2585.2
18000.0,4000.0,-2586.7
18100.0,4000.0,-2591.7
18200.0,4000.0,-2594.2
18300.0,4000.0,-2606.3
18400.0,4000.0,-2606.8
18500.0,4000.0,-2608.9
18600.0,4000.0,-2616.3
18700.0,4000.0,-2618.6
18800.0,4000.0,-2623.4
18900.0,4000.0,-2627.3
19000.0,4000.0,-2632.2
19100.0,4000.0,-2638.0
19200.0,4000.0,-2640.0
19300.0,4000.0,-2646.9
19400.0,4000.0,-2648.6
19500.0,4000.0,-2648.7
19600.0,4000.0,-2655.8
19700.0,4000.0,-2658.9
19800.0,4000.0,-2659.4
19900.0,4000.0,-2657.0
20000.0,4000.0,-2655.2
0.0,4100.0,-2640.7
100.0,4100.0,-2646.1
200.0,4100.0,-2651.0
300.0,4100.0,-2660.1
400.0,4100.0,-2663.8
500.0,4100.0,-2666.3
600.0,4100.0,-2676.6
700.0,4100.0,-2682.3
800.0,4100.0,-2686.5
900.0,4100.0,-2686.7
1000.0,4100.0,-2689.2
1100.0,4100.0,-2699.2
1200.0,4100.0,-2698.0
1300.0,4100.0,-2699.7
1400.0,4100.0,-2704.4
1500.0,4100.0,-2706.4
1600.0,4100.0,-2702.1
1700.0,4100.0,-2702.5
1800.0,4100.0,-2704.4
1900.0,4100.0,-2702.8
2000.0,4100.0,-2702.4
2100.0,4100.0,-2706.9
2200.0,4100.0,-2708.8
2300.0,4100.0,-2703.4
2400.0,4100.0,-2706.3
2500.0,4100.0,-2711.1
2600.0,4100.0,-2709.3
2700.0,4100.0,-2706.2
2800.0,4100.0,-2710.1
2900.0,4100.0,-2714.3
3000.0,4100.0,-2713.6
3100.0,4100.0,-2708.4
3200.0,4100.0,-2712.6
3300.0,4100.0,-2711.1
3400.0,4100.0,-2719.3
3500.0,4100.0,-2715.9
3600.0,4100.0,-2721.0
3700.0,4100.0,-2725.3
3800.0,4100.0,-2729.4
3900.0,4100.0,-2732.1
4000.0,4100.0,-2734.1
4100.0,4100.0,-2729.8
4200.0,4100.0,-2736.4
4300.0,4100.0,-2737.9
4400.0,4100.0,-2749.2
4500.0,4100.0,-2742.6
4600.0,4100.0,-2750.9
4700.0,4100.0,-2746.6
4800.0,4100.0,-2747.4
4900.0,4100.0,-2758.2
5000.0,4100.0,-2755.5
5100.0,4100.0,-2759.4
5200.0,4100.0,-2761.4
5300.0,4100.0,-2765.0
5400.0,4100.0,-2763.7
5500.0,4100.0,-2764.6
5600.0,4100.0,-2760.6
5700.0,4100.0,-2760.6
5800.0,4100.0,-2759.2
5900.0,4100.0,-2761.7
6000.0,4100.0,-2762.2
6100.0,4100.0,-2756.1
6200.0,4100.0,-2752.8
6300.0,4100.0,-2751.3
6400.0,4100.0,-2752.0
6500.0,4100.0,-2752.2
6600.0,4100.0,-2748.7
6700.0,4100.0,-2746.4
6800.0,4100.0,-2735.3
6900.0,4100.0,-2740.8
7000.0,4100.0,-2736.3
7100.0,4100.0,-2733.2
7200.0,4100.0,-2728.2
7300.0,4100.0,-2723.8
7400.0,4100.0,-2718.0
7500.0,4100.0,-2708.4
7600.0,4100.0,-2703.4
7700.0,4100.0,-2705.9
7800.0,4100.0,-2697.0
7900.0,4100.0,-2698.3
8000.0,4100.0,-2691.4
8100.0,4100.0,-2689.0
8200.0,4100.0,-2679.5
8300.0,4100.0,-2679.4
8400.0,4100.0,-2677.5
8500.0,4100.0,-2668.9
8600.0,4100.0,-2660.5
8700.0,4100.0,-2660.1
8800.0,4100.0,-2651.6
8900.0,4100.0,-2654.3
9000.0,4100.0,-2644.9
9100.0,4100.0,-2643.3
9200.0,4100.0,-2638.8
9300.0,4100.0,-2638.1
9400.0,4100.0,-2636.1
9500.0,4100.0,-2629.0
9600.0,4100.0,-2626.6
9700.0,4100.0,-2622.1
9800.0,4100.0,-2614.2
9900.0,4100.0,-2619.9
10000.0,4100.0,-2616.9
10100.0,4100.0,-2614.3
10200.0,4100.0,-2614.9
10300.0,4100.0,-2612.3
10400.0,4100.0,-2611.2
10500.0,4100.0,-2613.1
10600.0,4100.0,-2609.3
10700.0,4100.0,-2615.9
10800.0,4100.0,-2612.0
10900.0,4100.0,-2619.2
11000.0,4100.0,-2617.8
11100.0,4100.0,-2624.4
11200.0,4100.0,-2619.7
11300.0,4100.0,-2619.9
11400.0,4100.0,-2624.3
11500.0,4100.0,-2628.7
11600.0,4100.0,-2630.6
11700.0,4100.0,-2629.5
11800.0,4100.0,-2637.8
11900.0,4100.0,-2639.5
12000.0,4100.0,-2636.5
12100.0,4100.0,-2643.7
12200.0,4100.0,-2650.2
12300.0,4100.0,-2651.4
12400.0,4100.0,-2653.4
12500.0,4100.0,-2655.6
12600.0,4100.0,-2655.9
12700.0,4100.0,-2656.2
12800.0,4100.0,-2666.5
12900.0,4100.0,-2663.4
13000.0,4100.0,-2659.5
13100.0,4100.0,-2665.0
13200.0,4100.0,-2662.4
13300.0,4100.0,-2662.1
13400.0,4100.0,-2668.1
13500.0,4100.0,-2657.9
13600.0,4100.0,-2671.9
13700.0,4100.0,-2666.7
13800.0,4100.0,-2667.5
13900.0,4100.0,-2672.8
14000.0,4100.0,-2665.2
14100.0,4100.0,-2668.0
14200.0,4100.0,-2671.6
14300.0,4100.0,-2659.9
14400.0,4100.0,-2661.4
14500.0,4100.0,-2662.3
14600.0,4100.0,-2655.4
14700.0,4100.0,-2658.1
14800.0,4100.0,-2653.9
14900.0,4100.0,-2640.6
15000.0,4100.0,-2645.7
15100.0,4100.0,-2645.2
15200.0,4100.0,-2641.8
15300.0,4100.0,-2635.7
15400.0,4100.0,-2636.1
15500.0,4100.0,-2634.8
15600.0,4100.0,-2629.8
15700.0,4100.0,-2620.0
15800.0,4100.0,-2620.3
15900.0,4100.0,-2613.1
16000.0,4100.0,-2609.6
16100.0,4100.0,-2605.1
16200.0,4100.0,-2600.1
16300.0,4100.0,-2596.0
16400.0,4100.0,-2591.2
16500.0,4100.0,-2587.9
16600.0,4100.0,-2587.9
16700.0,4100.0,-2579.8
16800.0,4100.0,-2574.5
16900.0,4100.0,-2584.8
17000.0,4100.0,-2575.5
17100.0,4100.0,-2579.0
17200.0,4100.0,-2574.5
17300.0,4100.0,-2571.2
17400.0,4100.0,-2571.7
17500.0,4100.0,-2571.4
17600.0,4100.0,-2574.2
17700.0,4100.0,-2574.6
17800.0,4100.0,-2575.2
17900.0,4100.0,-2585.5
18000.0,4100.0,-2588.8
18100.0,4100.0,-2590.3
18200.0,4100.0,-2588.9
18300.0,4100.0,-2594.0
18400.0,4100.0,-2602.5
18500.0,4100.0,-2613.1
18600.0,4100.0,-2606.9
18700.0,4100.0,-2612.1
18800.0,4100.0,-2624.0
18900.0,4100.0,-2625.8
19000.0,4100.0,-2628.0
19100.0,4100.0,-2632.8
19200.0,4100.0,-2637.2
19300.0,4100.0,-2646.8
19400.0,4100.0,-2646.6
19500.0,4100.0,-2646.1
19600.0,4100.0,-2653.0
19700.0,4100.0,-2651.2
19800.0,4100.0,-2653.5
19900.0,4100.0,-2658.4
20000.0,4100.0,-2661.9
0.0,4200.0,-2634.6
100.0,4200.0,-2644.7
200.0,4200.0,-2648.2
300.0,4200.0,-2656.6
400.0,4200.0,-2659.2
500.0,4200.0,-2666.8
600.0,4200.0,-2672.0
700.0,4200.0,-2671.0
800.0,4200.0,-2687.2
900.0,4200.0,-2685.6
1000.0,4200.0,-2685.4
1100.0,4200.0,-2692.9
1200.0,4200.0,-2693.6
1300.0,4200.0,-2698.8
1400.0,4200.0,-2699.5
1500.0,4200.0,-2705.0
1600.0,4200.0,-2703.1
1700.0,4200.0,-2699.9
1800.0,4200.0,-2697.5
1900.0,4200.0,-2704.3
2000.0,4200.0,-2706.1
2100.0,4200.0,-2703.0
2200.0,4200.0,-2704.8
2300.0,4200.0,-2703.5
2400.0,4200.0,-2705.9
2500.0,4200.0,-2702.4
2600.0,4200.0,-2700.9
2700.0,4200.0,-2704.6
2800.0,4200.0,-2706.0
2900.0,4200.0,-2706.3
3000.0,4200.0,-2701.5
3100.0,4200.0,-2710.6
3200.0,4200.0,-2709.4
3300.0,4200.0,-2715.6
3400.0,4200.0,-2710.0
3500.0,4200.0,-2718.2
3600.0,4200.0,-2714.7
3700.0,4200.0,-2719.7
3800.0,4200.0,-2724.8
3900.0,4200.0,-2721.8
4000.0,4200.0,-2732.2
4100.0,4200.0,-2730.6
4200.0,4200.0,-2735.6
4300.0,4200.0,-2736.4
4400.0,4200.0,-2738.9
4500.0,4200.0,-2740.6
4600.0,4200.0,-2741.2
4700.0,4200.0,-2742.2
4800.0,4200.0,-2741.8
4900.0,4200.0,-2747.2
5000.0,4200.0,-2746.5
5100.0,4200.0,-2753.0
5200.0,4200.0,-2761.3
5300.0,4200.0,-2751.2
5400.0,4200.0,-2754.7
5500.0,4200.0,-2758.7
5600.0,4200.0,-2756.8
5700.0,4200.0,-2757.8
5800.0,4200.0,-2757.9
5900.0,4200.0,-2761.1
6000.0,4200.0,-2753.6
6100.0,4200.0,-2754.9
6200.0,4200.0,-2757.6
6300.0,4200.0,-2748.8
6400.0,4200.0,-2749.3
6500.0,4200.0,-2749.7
6600.0,4200.0,-2746.0
6700.0,4200.0,-2744.1
6800.0,4200.0,-2740.4
6900.0,4200.0,-2734.4
7000.0,4200.0,-2732.0
7100.0,4200.0,-2730.0
7200.0,4200.0,-2735.5
7300.0,4200.0,-2720.1
7400.0,4200.0,-2719.6
7500.0,4200.0,-2711.1
7600.0,4200.0,-2710.1
7700.0,4200.0,-2705.3
7800.0,4200.0,-2697.3
7900.0,4200.0,-2705.1
8000.0,4200.0,-2695.9
8100.0,4200.0,-2689.6
8200.0,4200.0,-2681.8
8300.0,4200.0,-2679.4
8400.0,4200.0,-2671.4
8500.0,4200.0,-2673.7
8600.0,4200.0,-2666.5
8700.0,4200.0,-2661.0
8800.0,4200.0,-2652.6
8900.0,4200.0,-2648.9
9000.0,4200.0,-2643.2
9100.0,4200.0,-2643.9
9200.0,4200.0,-2637.6
9300.0,4200.0,-2634.1
9400.0,4200.0,-2628.7
9500.0,4200.0,-2626.4
9600.0,4200.0,-2623.8
9700.0,4200.0,-2616.0
9800.0,4200.0,-2614.8
9900.0,4200.0,-2613.6
10000.0,4200.0,-2613.6
10100.0,4200.0,-2613.4
10200.0,4200.0,-2603.4
10300.0,4200.0,-2609.3
10400.0,4200.0,-2607.1
10500.0,4200.0,-2611.2
10600.0,4200.0,-2603.4
10700.0,4200.0,-2615.6
10800.0,4200.0,-2607.8
10900.0,4200.0,-2611.0
11000.0,4200.0,-2617.6
11100.0,4200.0,-2613.3
11200.0,4200.0,-2613.5
11300.0,4200.0,-2621.0
11400.0,4200.0,-2616.5
11500.0,4200.0,-2620.6
11600.0,4200.0,-2631.5
11700.0,4200.0,-2627.9
11800.0,4200.0,-2632.8
11900.0,4200.0,-2634.6
12000.0,4200.0,-2636.9
12100.0,4200.0,-2642.0
12200.0,4200.0,-2640.9
12300.0,4200.0,-2640.7
12400.0,4200.0,-2649.8
12500.0,4200.0,-2647.4
12600.0,4200.0,-2651.8
12700.0,4200.0,-2652.5
12800.0,4200.0,-2656.0
12900.0,4200.0,-2661.4
13000.0,4200.0,-2659.8
13100.0,4200.0,-2665.7
13200.0,4200.0,-2664.4
13300.0,4200.0,-2659.2
13400.0,4200.0,-2661.7
13500.0,4200.0,-2666.7
13600.0,4200.0,-2666.1
13700.0,4200.0,-2669.0
13800.0,4200.0,-2664.1
13900.0,4200.0,-2666.8
14000.0,4200.0,-2663.2
14100.0,4200.0,-2666.4
14200.0,4200.0,-2664.1
14300.0,4200.0,-2661.7
14400.0,4200.0,-2666.3
14500.0,4200.0,-2654.0
14600.0,4200.0,-2659.1
14700.0,4200.0,-2653.4
14800.0,4200.0,-2656.4
14900.0,4200.0,-2655.2
15000.0,4200.0,-2650.8
15100.0,4200.0,-2643.1
15200.0,4200.0,-2640.9
15300.0,4200.0,-2635.2
15400.0,4200.0,-2635.9
15500.0,4200.0,-2633.3
15600.0,4200.0,-2621.9
15700.0,4200.0,-2623.8
15800.0,4200.0,-2619.2
15900.0,4200.0,-2622.4
16000.0,4200.0,-2608.8
16100.0,4200.0,-2606.4
16200.0,4200.0,-2606.5
16300.0,4200.0,-2597.5
16400.0,4200.0,-2594.4
16500.0,4200.0,-2591.0
16600.0,4200.0,-2586.8
16700.0,4200.0,-2587.7
16800.0,4200.0,-2583.4
16900.0,4200.0,-2580.0
17000.0,4200.0,-2577.3
17100.0,4200.0,-2583.0
17200.0,4200.0,-2579.8
17300.0,4200.0,-2576.1
17400.0,4200.0,-2575.1
17500.0,4200.0,-2575.8
17600.0,4200.0,-2577.1
17700.0,4200.0,-2577.1
17800.0,4200.0,-2578.8
17900.0,4200.0,-2581.6
18000.0,4200.0,-2585.3
18100.0,4200.0,-2589.7
18200.0,4200.0,-2595.2
18300.0,4200.0,-2594.6
18400.0,4200.0,-2597.8
18500.0,4200.0,-2603.3
18600.0,4200.0,-2614.0
18700.0,4200.0,-2613.0
18800.0,4200.0,-2608.5
18900.0,4200.0,-2628.6
19000.0,4200.0,-2623.8
19100.0,4200.0,-2632.4
19200.0,4200.0,-2636.3
19300.0,4200.0,-2640.9
19400.0,4200.0,-2640.5
19500.0,4200.0,-2648.0
19600.0,4200.0,-2648.1
19700.0,4200.0,-2652.7
19800.0,4200.0,-2655.2
19900.0,4200.0,-2658.6
20000.0,4200.0,-2654.5
0.0,4300.0,-2634.8
100.0,4300.0,-2640.7
200.0,4300.0,-2644.6
300.0,4300.0,-2652.8
400.0,4300.0,-2656.8
500.0,4300.0,-2665.1
600.0,4300.0,-2671.4
700.0,4300.0,-2674.3
800.0,4300.0,-2673.2
900.0,4300.0,-2683.8
1000.0,4300.0,-2684.1
1100.0,4300.0,-2687.5
1200.0,4300.0,-2692.9
1300.0,4300.0,-2694.4
1400.0,4300.0,-2689.9
1500.0,4300.0,-2692.8
1600.0,4300.0,-2696.2
1700.0,4300.0,-2695.2
1800.0,4300.0,-2699.0
1900.0,4300.0,-2706.9
2000.0,4300.0,-2699.6
2100.0,4300.0,-2702.4
2200.0,4300.0,-2700.9
2300.0,4300.0,-2700.6
2400.0,4300.0,-2704.3
2500.0,4300.0,-2697.9
2600.0,4300.0,-2700.3
2700.0,4300.0,-2695.5
2800.0,4300.0,-2706.5
2900.0,4300.0,-2702.4
3000.0,4300.0,-2700.3
3100.0,4300.0,-2704.2
3200.0,4300.0,-2712.2
3300.0,4300.0,-2710.2
3400.0,4300.0,-2706.9
3500.0,4300.0,-2715.5
3600.0,4300.0,-2714.1
3700.0,4300.0,-2713.4
3800.0,4300.0,-2716.2
3900.0,4300.0,-2721.3
4000.0,4300.0,-2716.7
4100.0,4300.0,-2729.8
4200.0,4300.0,-2726.4
4300.0,4300.0,-2730.2
4400.0,4300.0,-2733.0
4500.0,4300.0,-2735.0
4600.0,4300.0,-2735.2
4700.0,4300.0,-2738.2
4800.0,4300.0,-2744.3
4900.0,4300.0,-2745.6
5000.0,4300.0,-2745.5
5100.0,4300.0,-2745.1
5200.0,4300.0,-2749.6
5300.0,4300.0,-2747.6
5400.0,4300.0,-2749.2
5500.0,4300.0,-2751.4
5600.0,4300.0,-2754.2
5700.0,4300.0,-2748.5
5800.0,4300.0,-2750.3
5900.0,4300.0,-2753.6
6000.0,4300.0,-2755.4
6100.0,4300.0,-2743.5
6200.0,4300.0,-2748.3
6300.0,4300.0,-2746.4
6400.0,4300.0,-2751.6
6500.0,4300.0,-2747.8
6600.0,4300.0,-2741.3
6700.0,4300.0,-2736.7
6800.0,4300.0,-2740.2
6900.0,4300.0,-2735.0
7000.0,4300.0,-2733.8
7100.0,4300.0,-2725.8
7200.0,4300.0,-2726.4
7300.0,4300.0,-2725.0
7400.0,4300.0,-2716.4
7500.0,4300.0,-2714.4
7600.0,4300.0,-2711.4
7700.0,4300.0,-2707.6
7800.0,4300.0,-2700.8
7900.0,4300.0,-2699.8
8000.0,4300.0,-2690.7
8100.0,4300.0,-2687.8
8200.0,4300.0,-2685.1
8300.0,4300.0,-2678.4
8400.0,4300.0,-2678.0
8500.0,4300.0,-2669.2
8600.0,4300.0,-2660.5
8700.0,4300.0,-2660.6
8800.0,4300.0,-2657.1
8900.0,4300.0,-2645.1
9000.0,4300.0,-2645.2
9100.0,4300.0,-2634.8
9200.0,4300.0,-2633.8
9300.0,4300.0,-2631.2
9400.0,4300.0,-2627.3
9500.0,4300.0,-2619.9
9600.0,4300.0,-2624.1
9700.0,4300.0,-2616.0
9800.0,4300.0,-2613.2
9900.0,4300.0,-2612.2
10000.0,4300.0,-2608.4
10100.0,4300.0,-2606.3
10200.0,4300.0,-2606.2
10300.0,4300.0,-2602.4
10400.0,4300.0,-2598.1
10500.0,4300.0,-2603.6
10600.0,4300.0,-2605.6
10700.0,4300.0,-2600.6
10800.0,4300.0,-2608.5
10900.0,4300.0,-2608.3
11000.0,4300.0,-2605.3
11100.0,4300.0,-2607.6
11200.0,4300.0,-2609.1
11300.0,4300.0,-2610.5
11400.0,4300.0,-2610.5
11500.0,4300.0,-2615.3
11600.0,4300.0,-2617.0
11700.0,4300.0,-2622.2
11800.0,4300.0,-2621.3
11900.0,4300.0,-2627.8
12000.0,4300.0,-2628.4
12100.0,4300.0,-2635.9
12200.0,4300.0,-2640.7
12300.0,4300.0,-2637.0
12400.0,4300.0,-2639.3
12500.0,4300.0,-2645.6
12600.0,4300.0,-2646.9
12700.0,4300.0,-2647.6
12800.0,4300.0,-2651.0
12900.0,4300.0,-2653.1
13000.0,4300.0,-2651.3
13100.0,4300.0,-2657.3
13200.0,4300.0,-2657.9
13300.0,4300.0,-2654.7
13400.0,4300.0,-2660.9
13500.0,4300.0,-2669.2
13600.0,4300.0,-2669.2
13700.0,4300.0,-2662.3
13800.0,4300.0,-2672.1
13900.0,4300.0,-2666.1
14000.0,4300.0,-2667.0
14100.0,4300.0,-2664.2
14200.0,4300.0,-2664.7
14300.0,4300.0,-2662.2
14400.0,4300.0,-2660.7
14500.0,4300.0,-2662.2
14600.0,4300.0,-2651.9
14700.0,4300.0,-2654.5
14800.0,4300.0,-2654.7
14900.0,4300.0,-2654.2
15000.0,4300.0,-2649.5
15100.0,4300.0,-2644.8
15200.0,4300.0,-2647.1
15300.0,4300.0,-2638.2
15400.0,4300.0,-2641.5
15500.0,4300.0,-2633.5
15600.0,4300.0,-2628.9
15700.0,4300.0,-2628.4
15800.0,4300.0,-2623.0
15900.0,4300.0,-2617.6
16000.0,4300.0,-2614.0
16100.0,4300.0,-2612.5
16200.0,4300.0,-2604.9
16300.0,4300.0,-2597.4
16400.0,4300.0,-2596.1
16500.0,4300.0,-2599.1
16600.0,4300.0,-2594.6
16700.0,4300.0,-2590.6
16800.0,4300.0,-2586.7
16900.0,4300.0,-2583.0
17000.0,4300.0,-2580.1
17100.0,4300.0,-2573.0
17200.0,4300.0,-2578.8
17300.0,4300.0,-2575.5
17400.0,4300.0,-2578.2
17500.0,4300.0,-2576.2
17600.0,4300.0,-2580.0
17700.0,4300.0,-2574.6
17800.0,4300.0,-2577.3
17900.0,4300.0,-2582.8
18000.0,4300.0,-2577.2
18100.0,4300.0,-2587.8
18200.0,4300.0,-2590.3
18300.0,4300.0,-2592.2
18400.0,4300.0,-2601.1
18500.0,4300.0,-2605.5
18600.0,4300.0,-2605.8
18700.0,4300.0,-2618.5
18800.0,4300.0,-2612.7
18900.0,4300.0,-2622.3
19000.0,4300.0,-2625.3
19100.0,4300.0,-2629.8
19200.0,4300.0,-2631.2
19300.0,4300.0,-2638.6
19400.0,4300.0,-2643.8
19500.0,4300.0,-2648.5
19600.0,4300.0,-2645.6
19700.0,4300.0,-2648.6
19800.0,4300.0,-2651.7
19900.0,4300.0,-2654.4
20000.0,4300.0,-2652.1
0.0,4400.0,-2634.0
100.0,4400.0,-2641.3
200.0,4400.0,-2649.2
300.0,4400.0,-2651.7
400.0,4400.0,-2656.7
500.0,4400.0,-2659.7
600.0,4400.0,-2667.1
700.0,4400.0,-2675.3
800.0,4400.0,-2674.2
900.0,4400.0,-2680.5
1000.0,4400.0,-2682.3
1100.0,4400.0,-2687.9
1200.0,4400.0,-2692.8
1300.0,4400.0,-2688.2
1400.0,4400.0,-2691.5
1500.0,4400.0,-2693.2
1600.0,4400.0,-2694.3
1700.0,4400.0,-2698.9
1800.0,4400.0,-2696.8
1900.0,4400.0,-2699.6
2000.0,4400.0,-2691.0
2100.0,4400.0,-2702.4
2200.0,4400.0,-2698.4
2300.0,4400.0,-2700.5
2400.0,4400.0,-2699.8
2500.0,4400.0,-2693.4
2600.0,4400.0,-2695.1
2700.0,4400.0,-2698.1
2800.0,4400.0,-2699.1
2900.0,4400.0,-2695.2
3000.0,4400.0,-2694.3
3100.0,4400.0,-2697.9
3200.0,4400.0,-2703.6
3300.0,4400.0,-2705.9
3400.0,4400.0,-2700.9
3500.0,4400.0,-2701.8
3600.0,4400.0,-2714.3
3700.0,4400.0,-2710.8
3800.0,4400.0,-2714.4
3900.0,4400.0,-2710.8
4000.0,4400.0,-2711.5
4100.0,4400.0,-2715.5
4200.0,4400.0,-2722.0
4300.0,4400.0,-2721.2
4400.0,4400.0,-2726.4
4500.0,4400.0,-2731.1
4600.0,4400.0,-2733.1
4700.0,4400.0,-2731.3
4800.0,4400.0,-2740.1
4900.0,4400.0,-2729.9
5000.0,4400.0,-2742.7
5100.0,4400.0,-2743.5
5200.0,4400.0,-2742.8
5300.0,4400.0,-2739.9
5400.0,4400.0,-2746.4
5500.0,4400.0,-2748.1
5600.0,4400.0,-2744.8
5700.0,4400.0,-2746.2
5800.0,4400.0,-2748.9
5900.0,4400.0,-2749.2
6000.0,4400.0,-2745.7
6100.0,4400.0,-2741.7
6200.0,4400.0,-2746.3
6300.0,4400.0,-2739.7
6400.0,4400.0,-2742.2
6500.0,4400.0,-2741.0
6600.0,4400.0,-2738.9
6700.0,4400.0,-2735.2
6800.0,4400.0,-2732.5
6900.0,4400.0,-2734.7
7000.0,4400.0,-2728.6
7100.0,4400.0,-2727.7
7200.0,4400.0,-2727.2
7300.0,4400.0,-2720.1
7400.0,4400.0,-2726.3
7500.0,4400.0,-2713.9
7600.0,4400.0,-2703.0
7700.0,4400.0,-2706.7
7800.0,4400.0,-2700.5
7900.0,4400.0,-2699.7
8000.0,4400.0,-2687.9
8100.0,4400.0,-2688.1
8200.0,4400.0,-2681.4
8300.0,4400.0,-2674.9
8400.0,4400.0,-2671.2
8500.0,4400.0,-2667.0
8600.0,4400.0,-2661.7
8700.0,4400.0,-2658.2
8800.0,4400.0,-2655.7
8900.0,4400.0,-2647.9
9000.0,4400.0,-2644.3
9100.0,4400.0,-2633.1
9200.0,4400.0,-2628.5
9300.0,4400.0,-2633.1
9400.0,4400.0,-2620.6
9500.0,4400.0,-2622.1
9600.0,4400.0,-2617.8
9700.0,4400.0,-2613.8
9800.0,4400.0,-2612.8
9900.0,4400.0,-2603.9
10000.0,4400.0,-2600.6
10100.0,4400.0,-2602.9
10200.0,4400.0,-2599.5
10300.0,4400.0,-2599.6
10400.0,4400.0,-2600.3
10500.0,4400.0,-2597.0
10600.0,4400.0,-2597.9
10700.0,4400.0,-2593.5
10800.0,4400.0,-2591.9
10900.0,4400.0,-2601.0
11000.0,4400.0,-2600.6
11100.0,4400.0,-2598.4
11200.0,4400.0,-2605.1
11300.0,4400.0,-2605.5
11400.0,4400.0,-2615.5
11500.0,4400.0,-2613.6
11600.0,4400.0,-2617.2
11700.0,4400.0,-2620.0
11800.0,4400.0,-2621.5
11900.0,4400.0,-2622.3
12000.0,4400.0,-2625.8
12100.0,4400.0,-2629.9
12200.0,4400.0,-2628.1
12300.0,4400.0,-2633.0
12400.0,4400.0,-2641.0
12500.0,4400.0,-2637.7
12600.0,4400.0,-2640.2
12700.0,4400.0,-2642.6
12800.0,4400.0,-2648.2
12900.0,4400.0,-2647.2
13000.0,4400.0,-2653.3
13100.0,4400.0,-2653.0
13200.0,4400.0,-2654.9
13300.0,4400.0,-2662.3
13400.0,4400.0,-2659.7
13500.0,4400.0,-2665.4
13600.0,4400.0,-2661.9
13700.0,4400.0,-2660.3
13800.0,4400.0,-2665.1
13900.0,4400.0,-2660.5
14000.0,4400.0,-2658.7
14100.0,4400.0,-2660.6
14200.0,4400.0,-2661.9
14300.0,4400.0,-2658.2
14400.0,4400.0,-2653.8
14500.0,4400.0,-2658.5
14600.0,4400.0,-2657.4
14700.0,4400.0,-2660.7
14800.0,4400.0,-2656.7
14900.0,4400.0,-2650.8
15000.0,4400.0,-2646.2
15100.0,4400.0,-2645.9
15200.0,4400.0,-2641.9
15300.0,4400.0,-2639.2
15400.0,4400.0,-2643.8
15500.0,4400.0,-2637.9
15600.0,4400.0,-2635.0
15700.0,4400.0,-2628.5
15800.0,4400.0,-2623.6
15900.0,4400.0,-2629.7
16000.0,4400.0,-2617.3
16100.0,4400.0,-2615.3
16200.0,4400.0,-2603.1
16300.0,4400.0,-2604.3
16400.0,4400.0,-2600.0
16500.0,4400.0,-2600.7
16600.0,4400.0,-2592.8
16700.0,4400.0,-2591.7
16800.0,4400.0,-2590.8
16900.0,4400.0,-2590.9
17000.0,4400.0,-2583.9
17100.0,4400.0,-2578.8
17200.0,4400.0,-2581.6
17300.0,4400.0,-2579.2
17400.0,4400.0,-2579.6
17500.0,4400.0,-2581.0
17600.0,4400.0,-2578.1
17700.0,4400.0,-2580.9
17800.0,4400.0,-2579.9
17900.0,4400.0,-2578.4
18000.0,4400.0,-2589.0
18100.0,4400.0,-2587.0
18200.0,4400.0,-2590.3
18300.0,4400.0,-2594.5
18400.0,4400.0,-2597.2
18500.0,4400.0,-2599.9
18600.0,4400.0,-2606.0
18700.0,4400.0,-2612.0
18800.0,4400.0,-2612.9
18900.0,4400.0,-2615.2
19000.0,4400.0,-2624.6
19100.0,4400.0,-2627.3
19200.0,4400.0,-2629.5
19300.0,4400.0,-2636.5
19400.0,4400.0,-2635.5
19500.0,4400.0,-2640.0
19600.0,4400.0,-2641.0
19700.0,4400.0,-2641.9
19800.0,4400.0,-2652.1
19900.0,4400.0,-2655.9
20000.0,4400.0,-2653.2
0.0,4500.0,-2633.1
100.0,4500.0,-2647.8
200.0,4500.0,-2648.1
300.0,4500.0,-2650.1
400.0,4500.0,-2659.5
500.0,4500.0,-2658.3
600.0,4500.0,-2667.6
700.0,4500.0,-2666.7
800.0,4500.0,-2673.7
900.0,4500.0,-2677.0
1000.0,4500.0,-2680.8
1100.0,4500.0,-2685.7
1200.0,4500.0,-2688.2
1300.0,4500.0,-2690.6
1400.0,4500.0,-2693.2
1500.0,4500.0,-2692.4
1600.0,4500.0,-2691.0
1700.0,4500.0,-2692.3
1800.0,4500.0,-2700.4
1900.0,4500.0,-2690.3
2000.0,4500.0,-2692.0
2100.0,4500.0,-2693.8
2200.0,4500.0,-2695.0
2300.0,4500.0,-2689.4
2400.0,4500.0,-2694.7
2500.0,4500.0,-2697.9
2600.0,4500.0,-2697.9
2700.0,4500.0,-2696.6
2800.0,4500.0,-2691.0
2900.0,4500.0,-2693.2
3000.0,4500.0,-2695.3
3100.0,4500.0,-2697.3
3200.0,4500.0,-2694.0
3300.0,4500.0,-2701.7
3400.0,4500.0,-2703.0
3500.0,4500.0,-2703.1
3600.0,4500.0,-2697.7
3700.0,4500.0,-2706.4
3800.0,4500.0,-2711.0
3900.0,4500.0,-2708.6
4000.0,4500.0,-2714.4
4100.0,4500.0,-2711.6
4200.0,4500.0,-2710.4
4300.0,4500.0,-2714.0
4400.0,4500.0,-2722.7
4500.0,4500.0,-2724.0
4600.0,4500.0,-2728.6
4700.0,4500.0,-2730.4
4800.0,4500.0,-2726.8
4900.0,4500.0,-2729.6
5000.0,4500.0,-2728.8
5100.0,4500.0,-2734.2
5200.0,4500.0,-2734.4
5300.0,4500.0,-2742.6
5400.0,4500.0,-2739.8
5500.0,4500.0,-2739.7
5600.0,4500.0,-2746.2
5700.0,4500.0,-2749.2
5800.0,4500.0,-2742.0
5900.0,4500.0,-2742.0
6000.0,4500.0,-2745.6
6100.0,4500.0,-2740.7
6200.0,4500.0,-2740.0
6300.0,4500.0,-2740.5
6400.0,4500.0,-2737.7
6500.0,4500.0,-2739.8
6600.0,4500.0,-2731.8
6700.0,4500.0,-2735.0
6800.0,4500.0,-2731.6
6900.0,4500.0,-2731.4
7000.0,4500.0,-2724.3
7100.0,4500.0,-2728.2
7200.0,4500.0,-2723.6
7300.0,4500.0,-2717.3
7400.0,4500.0,-2712.5
7500.0,4500.0,-2716.1
7600.0,4500.0,-2711.8
7700.0,4500.0,-2704.5
7800.0,4500.0,-2699.3
7900.0,4500.0,-2702.0
8000.0,4500.0,-2690.4
8100.0,4500.0,-2680.9
8200.0,4500.0,-2683.9
8300.0,4500.0,-2671.7
8400.0,4500.0,-2668.7
8500.0,4500.0,-2663.7
8600.0,4500.0,-2661.8
8700.0,4500.0,-2651.4
8800.0,4500.0,-2646.1
8900.0,4500.0,-2642.3
9000.0,4500.0,-2641.5
9100.0,4500.0,-2638.2
9200.0,4500.0,-2637.8
9300.0,4500.0,-2629.8
9400.0,4500.0,-2618.5
9500.0,4500.0,-2619.2
9600.0,4500.0,-2614.3
9700.0,4500.0,-2606.8
9800.0,4500.0,-2609.1
9900.0,4500.0,-2602.6
10000.0,4500.0,-2597.3
10100.0,4500.0,-2596.6
10200.0,4500.0,-2598.3
10300.0,4500.0,-2590.8
10400.0,4500.0,-2592.3
10500.0,4500.0,-2589.5
10600.0,4500.0,-2587.6
10700.0,4500.0,-2592.1
10800.0,4500.0,-2593.0
10900.0,4500.0,-2593.6
11000.0,4500.0,-2590.5
11100.0,4500.0,-2600.2
11200.0,4500.0,-2595.3
11300.0,4500.0,-2595.9
11400.0,4500.0,-2601.3
11500.0,4500.0,-2606.4
11600.0,4500.0,-2599.7
11700.0,4500.0,-2608.7
11800.0,4500.0,-2612.9
11900.0,4500.0,-2612.7
12000.0,4500.0,-2617.6
12100.0,4500.0,-2616.1
12200.0,4500.0,-2626.5
12300.0,4500.0,-2625.6
12400.0,4500.0,-2629.3
12500.0,4500.0,-2634.8
12600.0,4500.0,-2635.1
12700.0,4500.0,-2637.9
12800.0,4500.0,-2638.6
12900.0,4500.0,-2647.1
13000.0,4500.0,-2644.7
13100.0,4500.0,-2646.6
13200.0,4500.0,-2647.6
13300.0,4500.0,-2652.2
13400.0,4500.0,-2657.1
13500.0,4500.0,-2657.7
13600.0,4500.0,-2655.2
13700.0,4500.0,-2664.3
13800.0,4500.0,-2660.0
13900.0,4500.0,-2662.2
14000.0,4500.0,-2659.1
14100.0,4500.0,-2662.4
14200.0,4500.0,-2662.1
14300.0,4500.0,-2660.0
14400.0,4500.0,-2658.6
14500.0,4500.0,-2656.8
14600.0,4500.0,-2657.4
14700.0,4500.0,-2659.6
14800.0,4500.0,-2652.7
14900.0,4500.0,-2656.0
15000.0,4500.0,-2649.5
15100.0,4500.0,-2648.8
15200.0,4500.0,-2641.4
15300.0,4500.0,-2643.4
15400.0,4500.0,-2636.2
15500.0,4500.0,-2633.7
15600.0,4500.0,-2633.8
15700.0,4500.0,-2626.8
15800.0,4500.0,-2626.3
15900.0,4500.0,-2619.7
16000.0,4500.0,-2617.0
16100.0,4500.0,-2614.0
16200.0,4500.0,-2610.3
16300.0,4500.0,-2609.5
16400.0,4500.0,-2601.2
16500.0,4500.0,-2606.5
16600.0,4500.0,-2596.7
16700.0,4500.0,-2592.5
16800.0,4500.0,-2599.3
16900.0,4500.0,-2586.0
17000.0,4500.0,-2583.6
17100.0,4500.0,-2586.5
17200.0,4500.0,-2577.3
17300.0,4500.0,-2584.8
17400.0,4500.0,-2577.1
17500.0,4500.0,-2578.4
17600.0,4500.0,-2578.3
17700.0,4500.0,-2585.0
17800.0,4500.0,-2580.7
17900.0,4500.0,-2583.8
18000.0,4500.0,-2587.9
18100.0,4500.0,-2589.6
18200.0,4500.0,-2588.0
18300.0,4500.0,-2592.9
18400.0,4500.0,-2595.9
18500.0,4500.0,-2593.3
18600.0,4500.0,-2605.1
18700.0,4500.0,-2606.2
18800.0,4500.0,-2614.6
18900.0,4500.0,-2611.7
19000.0,4500.0,-2621.5
19100.0,4500.0,-2618.6
19200.0,4500.0,-2627.9
19300.0,4500.0,-2630.4
19400.0,4500.0,-2640.5
19500.0,4500.0,-2636.1
19600.0,4500.0,-2643.5
19700.0,4500.0,-2641.1
19800.0,4500.0,-2651.8
19900.0,4500.0,-2652.8
20000.0,4500.0,-2650.5
0.0,4600.0,-2634.5
100.0,4600.0,-2641.5
200.0,4600.0,-2645.1
300.0,4600.0,-2647.8
400.0,4600.0,-2654.6
500.0,4600.0,-2663.7
600.0,4600.0,-2663.5
700.0,4600.0,-2668.3
800.0,4600.0,-2667.2
900.0,4600.0,-2673.4
1000.0,4600.0,-2680.7
1100.0,4600.0,-2674.9
1200.0,4600.0,-2682.1
1300.0,4600.0,-2683.9
1400.0,4600.0,-2685.8
1500.0,4600.0,-2684.6
1600.0,4600.0,-2690.6
1700.0,4600.0,-2692.4
1800.0,4600.0,-2689.5
1900.0,4600.0,-2694.4
2000.0,4600.0,-2692.9
2100.0,4600.0,-2689.2
2200.0,4600.0,-2687.9
2300.0,4600.0,-2693.4
2400.0,4600.0,-2691.7
2500.0,4600.0,-2691.0
2600.0,4600.0,-2687.5
2700.0,4600.0,-2690.1
2800.0,4600.0,-2689.1
2900.0,4600.0,-2688.2
3000.0,4600.0,-2689.7
3100.0,4600.0,-2694.0
3200.0,4600.0,-2696.4
3300.0,4600.0,-2688.5
3400.0,4600.0,-2694.8
3500.0,4600.0,-2696.5
3600.0,4600.0,-2698.7
3700.0,4600.0,-2699.9
3800.0,4600.0,-2704.1
3900.0,4600.0,-2696.7
4000.0,4600.0,-2703.4
4100.0,4600.0,-2709.9
4200.0,4600.0,-2716.0
4300.0,4600.0,-2713.4
4400.0,4600.0,-2714.6
4500.0,4600.0,-2715.9
4600.0,4600.0,-2720.9
4700.0,4600.0,-2718.7
4800.0,4600.0,-2724.5
4900.0,4600.0,-2726.7
5000.0,4600.0,-2726.4
5100.0,4600.0,-2728.8
5200.0,4600.0,-2727.0
5300.0,4600.0,-2725.6
5400.0,4600.0,-2732.6
5500.0,4600.0,-2734.5
5600.0,4600.0,-2730.8
5700.0,4600.0,-2735.8
5800.0,4600.0,-2739.9
5900.0,4600.0,-2739.4
6000.0,4600.0,-2736.2
6100.0,4600.0,-2738.1
6200.0,4600.0,-2731.9
6300.0,4600.0,-2732.4
6400.0,4600.0,-2734.0
6500.0,4600.0,-2732.2
6600.0,4600.0,-2732.1
6700.0,4600.0,-2731.6
6800.0,4600.0,-2728.3
6900.0,4600.0,-2731.5
7000.0,4600.0,-2722.2
7100.0,4600.0,-2723.9
7200.0,4600.0,-2719.4
7300.0,4600.0,-2716.8
7400.0,4600.0,-2711.0
7500.0,4600.0,-2714.8
7600.0,4600.0,-2703.8
7700.0,4600.0,-2700.0
7800.0,4600.0,-2701.1
7900.0,4600.0,-2706.8
8000.0,4600.0,-2697.2
8100.0,4600.0,-2685.6
8200.0,4600.0,-2686.8
8300.0,4600.0,-2678.5
8400.0,4600.0,-2674.6
8500.0,4600.0,-2662.6
8600.0,4600.0,-2665.3
8700.0,4600.0,-2661.2
8800.0,4600.0,-2653.4
8900.0,4600.0,-2646.5
9000.0,4600.0,-2638.6
9100.0,4600.0,-2634.1
9200.0,4600.0,-2624.6
9300.0,4600.0,-2620.8
9400.0,4600.0,-2617.1
9500.0,4600.0,-2618.9
9600.0,4600.0,-2609.6
9700.0,4600.0,-2606.1
9800.0,4600.0,-2599.2
9900.0,4600.0,-2604.0
10000.0,4600.0,-2597.9
10100.0,4600.0,-2594.1
10200.0,4600.0,-2591.1
10300.0,4600.0,-2589.8
10400.0,4600.0,-2580.8
10500.0,4600.0,-2580.0
10600.0,4600.0,-2582.4
10700.0,4600.0,-2585.6
10800.0,4600.0,-2582.4
10900.0,4600.0,-2584.4
11000.0,4600.0,-2584.8
11100.0,4600.0,-2584.3
11200.0,4600.0,-2586.2
11300.0,4600.0,-2588.0
11400.0,4600.0,-2594.1
11500.0,4600.0,-2592.8
11600.0,4600.0,-2599.5
11700.0,4600.0,-2600.8
11800.0,4600.0,-2604.8
11900.0,4600.0,-2610.0
12000.0,4600.0,-2611.8
12100.0,4600.0,-2615.6
12200.0,4600.0,-2617.0
12300.0,4600.0,-2616.8
12400.0,4600.0,-2626.4
12500.0,4600.0,-2630.5
12600.0,4600.0,-2625.2
12700.0,4600.0,-2635.7
12800.0,4600.0,-2634.2
12900.0,4600.0,-2641.0
13000.0,4600.0,-2646.9
13100.0,4600.0,-2643.2
13200.0,4600.0,-2652.2
13300.0,4600.0,-2644.4
13400.0,4600.0,-2648.4
13500.0,4600.0,-2651.5
13600.0,4600.0,-2653.1
13700.0,4600.0,-2657.0
13800.0,4600.0,-2655.8
13900.0,4600.0,-2654.2
14000.0,4600.0,-2654.6
14100.0,4600.0,-2662.6
14200.0,4600.0,-2657.1
14300.0,4600.0,-2658.4
14400.0,4600.0,-2661.1
14500.0,4600.0,-2655.5
14600.0,4600.0,-2650.7
14700.0,4600.0,-2652.4
14800.0,4600.0,-2652.0
14900.0,4600.0,-2651.1
15000.0,4600.0,-2654.5
15100.0,4600.0,-2646.2
15200.0,4600.0,-2641.4
15300.0,4600.0,-2644.9
15400.0,4600.0,-2646.1
15500.0,4600.0,-2640.3
15600.0,4600.0,-2635.6
15700.0,4600.0,-2630.8
15800.0,4600.0,-2628.5
15900.0,4600.0,-2620.7
16000.0,4600.0,-2621.8
16100.0,4600.0,-2613.5
16200.0,4600.0,-2611.6
16300.0,4600.0,-2610.2
16400.0,4600.0,-2604.0
16500.0,4600.0,-2606.6
16600.0,4600.0,-2601.7
16700.0,4600.0,-2597.0
16800.0,4600.0,-2590.7
16900.0,4600.0,-2589.5
17000.0,4600.0,-2585.3
17100.0,4600.0,-2591.6
17200.0,4600.0,-2583.4
17300.0,4600.0,-2579.4
17400.0,4600.0,-2586.2
17500.0,4600.0,-2588.4
17600.0,4600.0,-2580.2
17700.0,4600.0,-2578.6
17800.0,4600.0,-2579.8
17900.0,4600.0,-2579.0
18000.0,4600.0,-2585.9
18100.0,4600.0,-2587.0
18200.0,4600.0,-2584.5
18300.0,4600.0,-2586.6
18400.0,4600.0,-2592.9
18500.0,4600.0,-2590.9
18600.0,4600.0,-2598.0
18700.0,4600.0,-2605.6
18800.0,4600.0,-2609.5
18900.0,4600.0,-2613.3
19000.0,4600.0,-2616.2
19100.0,4600.0,-2618.7
19200.0,4600.0,-2622.8
19300.0,4600.0,-2625.0
19400.0,4600.0,-2631.4
19500.0,4600.0,-2636.7
19600.0,4600.0,-2636.4
19700.0,4600.0,-2633.7
19800.0,4600.0,-2641.2
19900.0,4600.0,-2643.9
20000.0,4600.0,-2651.4
0.0,4700.0,-2638.4
100.0,4700.0,-2645.0
200.0,4700.0,-2652.0
300.0,4700.0,-2644.6
400.0,4700.0,-2650.6
500.0,4700.0,-2659.5
600.0,4700.0,-2662.8
700.0,4700.0,-2670.1
800.0,4700.0,-2670.8
900.0,4700.0,-2677.5
1000.0,4700.0,-2679.3
1100.0,4700.0,-2679.4
1200.0,4700.0,-2684.5
1300.0,4700.0,-2683.1
1400.0,4700.0,-2692.0
1500.0,4700.0,-2690.3
1600.0,4700.0,-2685.2
1700.0,4700.0,-2688.2
1800.0,4700.0,-2685.9
1900.0,4700.0,-2686.4
2000.0,4700.0,-2687.5
2100.0,4700.0,-2688.9
2200.0,4700.0,-2686.9
2300.0,4700.0,-2687.3
2400.0,4700.0,-2688.9
2500.0,4700.0,-2689.0
2600.0,4700.0,-2682.7
2700.0,4700.0,-2690.8
2800.0,4700.0,-2687.5
2900.0,4700.0,-2691.5
3000.0,4700.0,-2693.9
3100.0,4700.0,-2693.0
3200.0,4700.0,-2685.4
3300.0,4700.0,-2689.3
3400.0,4700.0,-2686.5
3500.0,4700.0,-2689.8
3600.0,4700.0,-2688.9
3700.0,4700.0,-2693.4
3800.0,4700.0,-2701.7
3900.0,4700.0,-2705.4
4000.0,4700.0,-2700.8
4100.0,4700.0,-2700.6
4200.0,4700.0,-2705.2
4300.0,4700.0,-2704.3
4400.0,4700.0,-2709.3
4500.0,4700.0,-2716.2
4600.0,4700.0,-2712.1
4700.0,4700.0,-2716.4
4800.0,4700.0,-2714.4
4900.0,4700.0,-2718.3
5000.0,4700.0,-2716.9
5100.0,4700.0,-2722.9
5200.0,4700.0,-2723.0
5300.0,4700.0,-2722.8
5400.0,4700.0,-2728.1
5500.0,4700.0,-2725.5
5600.0,4700.0,-2729.3
5700.0,4700.0,-2725.4
5800.0,4700.0,-2733.8
5900.0,4700.0,-2729.2
6000.0,4700.0,-2732.4
6100.0,4700.0,-2734.4
6200.0,4700.0,-2729.3
6300.0,4700.0,-2729.6
6400.0,4700.0,-2727.3
6500.0,4700.0,-2732.9
6600.0,4700.0,-2729.5
6700.0,4700.0,-2723.7
6800.0,4700.0,-2721.2
6900.0,4700.0,-2725.5
7000.0,4700.0,-2722.6
7100.0,4700.0,-2718.8
7200.0,4700.0,-2723.3
7300.0,4700.0,-2718.8
7400.0,4700.0,-2707.9
7500.0,4700.0,-2703.1
7600.0,4700.0,-2704.7
7700.0,4700.0,-2705.4
7800.0,4700.0,-2695.6
7900.0,4700.0,-2694.6
8000.0,4700.0,-2689.4
8100.0,4700.0,-2688.7
8200.0,4700.0,-2680.5
8300.0,4700.0,-2677.3
8400.0,4700.0,-2667.6
8500.0,4700.0,-2665.8
8600.0,4700.0,-2657.7
8700.0,4700.0,-2656.6
8800.0,4700.0,-2654.5
8900.0,4700.0,-2639.3
9000.0,4700.0,-2635.6
9100.0,4700.0,-2633.7
9200.0,4700.0,-2626.5
9300.0,4700.0,-2617.5
9400.0,4700.0,-2613.5
9500.0,4700.0,-2611.7
9600.0,4700.0,-2601.7
9700.0,4700.0,-2598.2
9800.0,4700.0,-2597.2
9900.0,4700.0,-2593.0
10000.0,4700.0,-2585.3
10100.0,4700.0,-2584.7
10200.0,4700.0,-2581.0
10300.0,4700.0,-2575.6
10400.0,4700.0,-2579.6
10500.0,4700.0,-2579.1
10600.0,4700.0,-2582.2
10700.0,4700.0,-2576.8
10800.0,4700.0,-2575.0
10900.0,4700.0,-2579.5
11000.0,4700.0,-2576.0
11100.0,4700.0,-2582.5
11200.0,4700.0,-2578.7
11300.0,4700.0,-2581.0
11400.0,4700.0,-2587.7
11500.0,4700.0,-2586.2
11600.0,4700.0,-2593.2
11700.0,4700.0,-2595.8
11800.0,4700.0,-2594.8
11900.0,4700.0,-2595.6
12000.0,4700.0,-2598.4
12100.0,4700.0,-2604.1
12200.0,4700.0,-2610.6
12300.0,4700.0,-2618.9
12400.0,4700.0,-2615.6
12500.0,4700.0,-2617.8
12600.0,4700.0,-2623.4
12700.0,4700.0,-2635.5
12800.0,4700.0,-2636.9
12900.0,4700.0,-2632.0
13000.0,4700.0,-2641.5
13100.0,4700.0,-2643.5
13200.0,4700.0,-2643.3
13300.0,4700.0,-2636.7
13400.0,4700.0,-2646.1
13500.0,4700.0,-2646.0
13600.0,4700.0,-2654.2
13700.0,4700.0,-2653.3
13800.0,4700.0,-2654.5
13900.0,4700.0,-2655.2
14000.0,4700.0,-2650.9
14100.0,4700.0,-2652.9
14200.0,4700.0,-2653.5
14300.0,4700.0,-2658.5
14400.0,4700.0,-2656.3
14500.0,4700.0,-2653.3
14600.0,4700.0,-2656.2
14700.0,4700.0,-2656.4
14800.0,4700.0,-2656.4
14900.0,4700.0,-2655.0
15000.0,4700.0,-2651.5
15100.0,4700.0,-2647.7
15200.0,4700.0,-2651.1
15300.0,4700.0,-2639.6
15400.0,4700.0,-2641.5
15500.0,4700.0,-2640.8
15600.0,4700.0,-2635.6
15700.0,4700.0,-2633.9
15800.0,4700.0,-2626.5
15900.0,4700.0,-2627.9
16000.0,4700.0,-2625.0
16100.0,4700.0,-2616.8
16200.0,4700.0,-2621.9
16300.0,4700.0,-2619.8
16400.0,4700.0,-2610.7
16500.0,4700.0,-2609.3
16600.0,4700.0,-2611.4
16700.0,4700.0,-2606.3
16800.0,4700.0,-2599.3
16900.0,4700.0,-2600.4
17000.0,4700.0,-2590.6
17100.0,4700.0,-2585.8
17200.0,4700.0,-2583.3
17300.0,4700.0,-2588.1
17400.0,4700.0,-2586.0
17500.0,4700.0,-2586.1
17600.0,4700.0,-2582.8
17700.0,4700.0,-2577.1
17800.0,4700.0,-2587.7
17900.0,4700.0,-2583.9
18000.0,4700.0,-2586.7
18100.0,4700.0,-2587.2
18200.0,4700.0,-2592.7
18300.0,4700.0,-2586.3
18400.0,4700.0,-2594.0
18500.0,4700.0,-2599.2
18600.0,4700.0,-2600.8
18700.0,4700.0,-2603.6
18800.0,4700.0,-2603.3
18900.0,4700.0,-2612.4
19000.0,4700.0,-2614.5
19100.0,4700.0,-2620.1
19200.0,4700.0,-2623.8
19300.0,4700.0,-2623.1
19400.0,4700.0,-2629.0
19500.0,4700.0,-2631.5
19600.0,4700.0,-2629.5
19700.0,4700.0,-2640.0
19800.0,4700.0,-2639.5
19900.0,4700.0,-2643.0
20000.0,4700.0,-2641.6
0.0,4800.0,-2637.7
100.0,4800.0,-2638.1
200.0,4800.0,-2647.3
300.0,4800.0,-2649.1
400.0,4800.0,-2657.5
500.0,4800.0,-2659.8
600.0,4800.0,-2659.1
700.0,4800.0,-2664.4
800.0,4800.0,-2674.0
900.0,4800.0,-2679.1
1000.0,4800.0,-2677.4
1100.0,4800.0,-2676.5
1200.0,4800.0,-2683.1
1300.0,4800.0,-2679.3
1400.0,4800.0,-2679.2
1500.0,4800.0,-2687.8
1600.0,4800.0,-2685.3
1700.0,4800.0,-2686.2
1800.0,4800.0,-2681.6
1900.0,4800.0,-2686.9
2000.0,4800.0,-2689.5
2100.0,4800.0,-2685.4
2200.0,4800.0,-2689.0
2300.0,4800.0,-2691.9
2400.0,4800.0,-2684.9
2500.0,4800.0,-2687.7
2600.0,4800.0,-2685.9
2700.0,4800.0,-2677.7
2800.0,4800.0,-2683.4
2900.0,4800.0,-2687.8
3000.0,4800.0,-2680.0
3100.0,4800.0,-2683.5
3200.0,4800.0,-2684.1
3300.0,4800.0,-2685.5
3400.0,4800.0,-2684.1
3500.0,4800.0,-2691.2
3600.0,4800.0,-2684.8
3700.0,4800.0,-2686.8
3800.0,4800.0,-2692.2
3900.0,4800.0,-2692.8
4000.0,4800.0,-2691.9
4100.0,4800.0,-2693.9
4200.0,4800.0,-2701.7
4300.0,4800.0,-2693.6
4400.0,4800.0,-2701.4
4500.0,4800.0,-2703.5
4600.0,4800.0,-2709.6
4700.0,4800.0,-2707.5
4800.0,4800.0,-2709.4
4900.0,4800.0,-2705.3
5000.0,4800.0,-2714.8
5100.0,4800.0,-2709.3
5200.0,4800.0,-2717.3
5300.0,4800.0,-2717.1
5400.0,4800.0,-2720.5
5500.0,4800.0,-2719.3
5600.0,4800.0,-2729.1
5700.0,4800.0,-2724.5
5800.0,4800.0,-2720.0
5900.0,4800.0,-2725.4
6000.0,4800.0,-2724.3
6100.0,4800.0,-2728.2
6200.0,4800.0,-2727.5
6300.0,4800.0,-2728.5
6400.0,4800.0,-2726.9
6500.0,4800.0,-2726.3
6600.0,4800.0,-2722.3
6700.0,4800.0,-2720.0
6800.0,4800.0,-2717.9
6900.0,4800.0,-2715.8
7000.0,4800.0,-2718.0
7100.0,4800.0,-2715.6
7200.0,4800.0,-2716.1
7300.0,4800.0,-2717.1
7400.0,4800.0,-2708.2
7500.0,4800.0,-2708.2
7600.0,4800.0,-2702.1
7700.0,4800.0,-2696.8
7800.0,4800.0,-2696.3
7900.0,4800.0,-2694.8
8000.0,4800.0,-2684.5
8100.0,4800.0,-2685.9
8200.0,4800.0,-2675.8
8300.0,4800.0,-2669.3
8400.0,4800.0,-2669.4
8500.0,4800.0,-2667.2
8600.0,4800.0,-2655.5
8700.0,4800.0,-2654.4
8800.0,4800.0,-2647.6
8900.0,4800.0,-2641.9
9000.0,4800.0,-2633.4
9100.0,4800.0,-2628.1
9200.0,4800.0,-2627.4
9300.0,4800.0,-2616.1
9400.0,4800.0,-2612.1
9500.0,4800.0,-2608.2
9600.0,4800.0,-2603.8
9700.0,4800.0,-2601.1
9800.0,4800.0,-2590.8
9900.0,4800.0,-2588.5
10000.0,4800.0,-2582.9
10100.0,4800.0,-2585.0
10200.0,4800.0,-2573.0
10300.0,4800.0,-2573.6
10400.0,4800.0,-2573.3
10500.0,4800.0,-2573.1
10600.0,4800.0,-2571.6
10700.0,4800.0,-2566.8
10800.0,4800.0,-2568.6
10900.0,4800.0,-2564.6
11000.0,4800.0,-2572.0
11100.0,4800.0,-2573.4
11200.0,4800.0,-2569.5
11300.0,4800.0,-2577.0
11400.0,4800.0,-2577.0
11500.0,4800.0,-2583.2
11600.0,4800.0,-2581.5
11700.0,4800.0,-2585.8
11800.0,4800.0,-2585.8
11900.0,4800.0,-2592.2
12000.0,4800.0,-2594.7
12100.0,4800.0,-2598.9
12200.0,4800.0,-2606.5
12300.0,4800.0,-2608.1
12400.0,4800.0,-2609.4
12500.0,4800.0,-2614.0
12600.0,4800.0,-2620.0
12700.0,4800.0,-2627.7
12800.0,4800.0,-2627.2
12900.0,4800.0,-2628.7
13000.0,4800.0,-2628.0
13100.0,4800.0,-2639.5
13200.0,4800.0,-2635.7
13300.0,4800.0,-2639.2
13400.0,4800.0,-2644.0
13500.0,4800.0,-2643.5
13600.0,4800.0,-2644.9
13700.0,4800.0,-2648.7
13800.0,4800.0,-2652.2
13900.0,4800.0,-2650.0
14000.0,4800.0,-2653.2
14100.0,4800.0,-2655.0
14200.0,4800.0,-2651.3
14300.0,4800.0,-2653.8
14400.0,4800.0,-2651.8
14500.0,4800.0,-2656.9
14600.0,4800.0,-2653.0
14700.0,4800.0,-2647.5
14800.0,4800.0,-2652.5
14900.0,4800.0,-2647.0
15000.0,4800.0,-2652.9
15100.0,4800.0,-2643.3
15200.0,4800.0,-2649.7
15300.0,4800.0,-2647.1
15400.0,4800.0,-2642.2
15500.0,4800.0,-2646.1
15600.0,4800.0,-2642.6
15700.0,4800.0,-2634.9
15800.0,4800.0,-2629.3
15900.0,4800.0,-2635.1
16000.0,4800.0,-2631.4
16100.0,4800.0,-2627.4
16200.0,4800.0,-2617.4
16300.0,4800.0,-2619.1
16400.0,4800.0,-2615.8
16500.0,4800.0,-2613.7
16600.0,4800.0,-2608.8
16700.0,4800.0,-2602.0
16800.0,4800.0,-2602.9
16900.0,4800.0,-2603.0
17000.0,4800.0,-2593.6
17100.0,4800.0,-2596.2
17200.0,4800.0,-2594.6
17300.0,4800.0,-2589.6
17400.0,4800.0,-2591.2
17500.0,4800.0,-2582.9
17600.0,4800.0,-2586.3
17700.0,4800.0,-2586.5
17800.0,4800.0,-2584.0
17900.0,4800.0,-2581.6
18000.0,4800.0,-2589.7
18100.0,4800.0,-2587.4
18200.0,4800.0,-2584.1
18300.0,4800.0,-2596.3
18400.0,4800.0,-2596.0
18500.0,4800.0,-2595.2
18600.0,4800.0,-2600.7
18700.0,4800.0,-2603.1
18800.0,4800.0,-2603.2
18900.0,4800.0,-2603.0
19000.0,4800.0,-2612.5
19100.0,4800.0,-2614.3
19200.0,4800.0,-2619.8
19300.0,4800.0,-2622.4
19400.0,4800.0,-2625.3
19500.0,4800.0,-2626.0
19600.0,4800.0,-2634.5
19700.0,4800.0,-2635.9
19800.0,4800.0,-2637.7
19900.0,4800.0,-2638.2
20000.0,4800.0,-2638.1
0.0,4900.0,-2640.6
100.0,4900.0,-2642.9
200.0,4900.0,-2651.8
300.0,4900.0,-2648.4
400.0,4900.0,-2661.8
500.0,4900.0,-2659.3
600.0,4900.0,-2665.4
700.0,4900.0,-2670.0
800.0,4900.0,-2671.3
900.0,4900.0,-2677.2
1000.0,4900.0,-2676.2
1100.0,4900.0,-2678.5
1200.0,4900.0,-2682.9
1300.0,4900.0,-2682.7
1400.0,4900.0,-2680.4
1500.0,4900.0,-2681.1
1600.0,4900.0,-2684.9
1700.0,4900.0,-2685.2
1800.0,4900.0,-2682.1
1900.0,4900.0,-2686.5
2000.0,4900.0,-2686.1
2100.0,4900.0,-2681.9
2200.0,4900.0,-2685.4
2300.0,4900.0,-2680.7
2400.0,4900.0,-2685.1
2500.0,4900.0,-2683.9
2600.0,4900.0,-2683.9
2700.0,4900.0,-2684.2
2800.0,4900.0,-2681.2
2900.0,4900.0,-2679.7
3000.0,4900.0,-2679.8
3100.0,4900.0,-2682.8
3200.0,4900.0,-2683.8
3300.0,4900.0,-2683.8
3400.0,4900.0,-2680.4
3500.0,4900.0,-2682.0
3600.0,4900.0,-2679.3
3700.0,4900.0,-2679.5
3800.0,4900.0,-2683.4
3900.0,4900.0,-2689.9
4000.0,4900.0,-2687.7
4100.0,4900.0,-2690.3
4200.0,4900.0,-2690.9
4300.0,4900.0,-2697.9
4400.0,4900.0,-2695.8
4500.0,4900.0,-2699.3
4600.0,4900.0,-2697.0
4700.0,4900.0,-2696.6
4800.0,4900.0,-2699.4
4900.0,4900.0,-2710.1
5000.0,4900.0,-2708.8
5100.0,4900.0,-2708.4
5200.0,4900.0,-2711.5
5300.0,4900.0,-2716.7
5400.0,4900.0,-2714.8
5500.0,4900.0,-2711.5
5600.0,4900.0,-2713.7
5700.0,4900.0,-2713.5
5800.0,4900.0,-2715.8
5900.0,4900.0,-2720.8
6000.0,4900.0,-2715.7
6100.0,4900.0,-2722.2
6200.0,4900.0,-2721.8
6300.0,4900.0,-2723.8
6400.0,4900.0,-2724.6
6500.0,4900.0,-2723.4
6600.0,4900.0,-2717.4
6700.0,4900.0,-2718.9
6800.0,4900.0,-2722.1
6900.0,4900.0,-2719.8
7000.0,4900.0,-2714.4
7100.0,4900.0,-2715.6
7200.0,4900.0,-2711.0
7300.0,4900.0,-2704.7
7400.0,4900.0,-2708.1
7500.0,4900.0,-2704.1
7600.0,4900.0,-2699.1
7700.0,4900.0,-2699.3
7800.0,4900.0,-2698.2
7900.0,4900.0,-2689.6
8000.0,4900.0,-2686.0
8100.0,4900.0,-2686.4
8200.0,4900.0,-2683.9
8300.0,4900.0,-2669.7
8400.0,4900.0,-2664.0
8500.0,4900.0,-2660.1
8600.0,4900.0,-2653.9
8700.0,4900.0,-2648.2
8800.0,4900.0,-2647.1
8900.0,4900.0,-2635.5
9000.0,4900.0,-2635.4
9100.0,4900.0,-2623.8
9200.0,4900.0,-2620.4
9300.0,4900.0,-2615.4
9400.0,4900.0,-2614.6
9500.0,4900.0,-2603.6
9600.0,4900.0,-2602.0
9700.0,4900.0,-2592.1
9800.0,4900.0,-2588.7
9900.0,4900.0,-2580.6
10000.0,4900.0,-2588.0
10100.0,4900.0,-2579.2
10200.0,4900.0,-2576.6
10300.0,4900.0,-2567.7
10400.0,4900.0,-2571.6
10500.0,4900.0,-2558.2
10600.0,4900.0,-2565.7
10700.0,4900.0,-2559.7
10800.0,4900.0,-2557.6
10900.0,4900.0,-2560.7
11000.0,4900.0,-2560.4
11100.0,4900.0,-2563.4
11200.0,4900.0,-2561.8
11300.0,4900.0,-2571.2
11400.0,4900.0,-2566.7
11500.0,4900.0,-2569.7
11600.0,4900.0,-2570.5
11700.0,4900.0,-2578.5
11800.0,4900.0,-2578.5
11900.0,4900.0,-2583.8
12000.0,4900.0,-2589.3
12100.0,4900.0,-2591.7
12200.0,4900.0,-2593.8
12300.0,4900.0,-2599.3
12400.0,4900.0,-2606.3
12500.0,4900.0,-2602.5
12600.0,4900.0,-2616.9
12700.0,4900.0,-2616.5
12800.0,4900.0,-2618.2
12900.0,4900.0,-2622.1
13000.0,4900.0,-2626.6
13100.0,4900.0,-2632.2
13200.0,4900.0,-2637.8
13300.0,4900.0,-2638.3
13400.0,4900.0,-2640.7
13500.0,4900.0,-2636.1
13600.0,4900.0,-2640.3
13700.0,4900.0,-2638.7
13800.0,4900.0,-2646.5
13900.0,4900.0,-2648.0
14000.0,4900.0,-2646.3
14100.0,4900.0,-2647.4
14200.0,4900.0,-2651.7
14300.0,4900.0,-2654.2
14400.0,4900.0,-2649.6
14500.0,4900.0,-2650.5
14600.0,4900.0,-2653.3
14700.0,4900.0,-2654.2
14800.0,4900.0,-2650.0
14900.0,4900.0,-2648.4
15000.0,4900.0,-2656.5
15100.0,4900.0,-2652.8
15200.0,4900.0,-2645.6
15300.0,4900.0,-2648.2
15400.0,4900.0,-2645.4
15500.0,4900.0,-2642.4
15600.0,4900.0,-2638.7
15700.0,4900.0,-2641.9
15800.0,4900.0,-2640.3
15900.0,4900.0,-2630.2
16000.0,4900.0,-2628.1
16100.0,4900.0,-2624.5
16200.0,4900.0,-2623.4
16300.0,4900.0,-2624.3
16400.0,4900.0,-2616.1
16500.0,4900.0,-2617.2
16600.0,4900.0,-2611.7
16700.0,4900.0,-2608.9
16800.0,4900.0,-2606.2
16900.0,4900.0,-2608.8
17000.0,4900.0,-2605.6
17100.0,4900.0,-2598.8
17200.0,4900.0,-2594.7
17300.0,4900.0,-2597.2
17400.0,4900.0,-2592.0
17500.0,4900.0,-2588.9
17600.0,4900.0,-2588.4
17700.0,4900.0,-2588.4
17800.0,4900.0,-2584.4
17900.0,4900.0,-2590.0
18000.0,4900.0,-2587.1
18100.0,4900.0,-2587.9
18200.0,4900.0,-2589.4
18300.0,4900.0,-2591.2
18400.0,4900.0,-2595.0
18500.0,4900.0,-2596.8
18600.0,4900.0,-2599.1
18700.0,4900.0,-2597.2
18800.0,4900.0,-2601.5
18900.0,4900.0,-2605.9
19000.0,4900.0,-2609.0
19100.0,4900.0,-2613.3
19200.0,4900.0,-2618.1
19300.0,4900.0,-2620.3
19400.0,4900.0,-2624.2
19500.0,4900.0,-2627.1
19600.0,4900.0,-2623.2
19700.0,4900.0,-2632.4
19800.0,4900.0,-2638.9
19900.0,4900.0,-2638.7
20000.0,4900.0,-2636.5
0.0,5000.0,-2638.3
100.0,5000.0,-2645.8
200.0,5000.0,-2649.5
300.0,5000.0,-2654.0
400.0,5000.0,-2659.2
500.0,5000.0,-2660.1
600.0,5000.0,-2664.1
700.0,5000.0,-2667.1
800.0,5000.0,-2672.6
900.0,5000.0,-2674.0
1000.0,5000.0,-2679.4
1100.0,5000.0,-2676.2
1200.0,5000.0,-2678.2
1300.0,5000.0,-2681.8
1400.0,5000.0,-2684.4
1500.0,5000.0,-2679.1
1600.0,5000.0,-2680.5
1700.0,5000.0,-2676.7
1800.0,5000.0,-2682.3
1900.0,5000.0,-2684.3
2000.0,5000.0,-2676.4
2100.0,5000.0,-2682.2
2200.0,5000.0,-2679.5
2300.0,5000.0,-2680.9
2400.0,5000.0,-2676.9
2500.0,5000.0,-2679.8
2600.0,5000.0,-2675.6
2700.0,5000.0,-2677.0
2800.0,5000.0,-2676.0
2900.0,5000.0,-2678.3
3000.0,5000.0,-2672.8
3100.0,5000.0,-2680.0
3200.0,5000.0,-2677.3
3300.0,5000.0,-2676.4
3400.0,5000.0,-2680.6
3500.0,5000.0,-2679.7
3600.0,5000.0,-2676.5
3700.0,5000.0,-2680.6
3800.0,5000.0,-2686.1
3900.0,5000.0,-2686.3
4000.0,5000.0,-2682.0
4100.0,5000.0,-2682.6
4200.0,5000.0,-2685.6
4300.0,5000.0,-2685.7
4400.0,5000.0,-2693.9
4500.0,5000.0,-2688.6
4600.0,5000.0,-2695.8
4700.0,5000.0,-2697.9
4800.0,5000.0,-2698.2
4900.0,5000.0,-2693.9
5000.0,5000.0,-2701.2
5100.0,5000.0,-2701.5
5200.0,5000.0,-2705.6
5300.0,5000.0,-2705.1
5400.0,5000.0,-2705.4
5500.0,5000.0,-2705.6
5600.0,5000.0,-2713.4
5700.0,5000.0,-2711.2
5800.0,5000.0,-2710.1
5900.0,5000.0,-2714.5
6000.0,5000.0,-2709.4
6100.0,5000.0,-2713.1
6200.0,5000.0,-2713.7
6300.0,5000.0,-2712.2
6400.0,5000.0,-2712.6
6500.0,5000.0,-2713.3
6600.0,5000.0,-2717.8
6700.0,5000.0,-2710.1
6800.0,5000.0,-2709.3
6900.0,5000.0,-2709.5
7000.0,5000.0,-2710.0
7100.0,5000.0,-2713.7
7200.0,5000.0,-2709.6
7300.0,5000.0,-2704.5
7400.0,5000.0,-2702.7
7500.0,5000.0,-2702.7
7600.0,5000.0,-2696.3
7700.0,5000.0,-2690.8
7800.0,5000.0,-2689.7
7900.0,5000.0,-2686.0
8000.0,5000.0,-2686.9
8100.0,5000.0,-2683.0
8200.0,5000.0,-2678.3
8300.0,5000.0,-2671.1
8400.0,5000.0,-2666.1
8500.0,5000.0,-2660.1
8600.0,5000.0,-2653.1
8700.0,5000.0,-2652.9
8800.0,5000.0,-2643.6
8900.0,5000.0,-2633.9
9000.0,5000.0,-2628.6
9100.0,5000.0,-2626.6
9200.0,5000.0,-2617.9
9300.0,5000.0,-2608.4
9400.0,5000.0,-2608.7
9500.0,5000.0,-2603.2
9600.0,5000.0,-2601.6
9700.0,5000.0,-2594.9
9800.0,5000.0,-2584.6
9900.0,5000.0,-2579.9
10000.0,5000.0,-2575.2
10100.0,5000.0,-2570.1
10200.0,5000.0,-2564.7
10300.0,5000.0,-2564.9
10400.0,5000.0,-2565.9
10500.0,5000.0,-2559.4
10600.0,5000.0,-2553.2
10700.0,5000.0,-2558.5
10800.0,5000.0,-2551.7
10900.0,5000.0,-2556.9
11000.0,5000.0,-2549.0
11100.0,5000.0,-2555.5
11200.0,5000.0,-2559.7
11300.0,5000.0,-2560.3
11400.0,5000.0,-2559.7
11500.0,5000.0,-2559.0
11600.0,5000.0,-2562.3
11700.0,5000.0,-2574.0
11800.0,5000.0,-2573.1
11900.0,5000.0,-2585.1
12000.0,5000.0,-2578.2
12100.0,5000.0,-2582.6
12200.0,5000.0,-2582.5
12300.0,5000.0,-2593.8
12400.0,5000.0,-2596.3
12500.0,5000.0,-2602.1
12600.0,5000.0,-2606.3
12700.0,5000.0,-2605.1
12800.0,5000.0,-2617.2
12900.0,5000.0,-2615.5
13000.0,5000.0,-2621.1
13100.0,5000.0,-2627.3
13200.0,5000.0,-2628.0
13300.0,5000.0,-2631.9
13400.0,5000.0,-2632.1
13500.0,5000.0,-2634.9
13600.0,5000.0,-2636.3
13700.0,5000.0,-2644.1
13800.0,5000.0,-2641.0
13900.0,5000.0,-2646.3
14000.0,5000.0,-2650.6
14100.0,5000.0,-2643.6
14200.0,5000.0,-2648.9
14300.0,5000.0,-2651.8
14400.0,5000.0,-2648.8
14500.0,5000.0,-2651.8
14600.0,5000.0,-2647.6
14700.0,5000.0,-2657.9
14800.0,5000.0,-2650.4
14900.0,5000.0,-2652.4
15000.0,5000.0,-2646.1
15100.0,5000.0,-2653.8
15200.0,5000.0,-2646.7
15300.0,5000.0,-2650.1
15400.0,5000.0,-2644.0
15500.0,5000.0,-2644.5
15600.0,5000.0,-2648.2
15700.0,5000.0,-2644.9
15800.0,5000.0,-2639.6
15900.0,5000.0,-2635.4
16000.0,5000.0,-2636.1
16100.0,5000.0,-2633.2
16200.0,5000.0,-2627.3
16300.0,5000.0,-2625.0
16400.0,5000.0,-2625.1
16500.0,5000.0,-2619.5
16600.0,5000.0,-2618.0
16700.0,5000.0,-2610.6
16800.0,5000.0,-2614.6
16900.0,5000.0,-2611.9
17000.0,5000.0,-2607.4
17100.0,5000.0,-2609.2
17200.0,5000.0,-2605.2
17300.0,5000.0,-2596.7
17400.0,5000.0,-2594.8
17500.0,5000.0,-2595.4
17600.0,5000.0,-2590.5
17700.0,5000.0,-2587.3
17800.0,5000.0,-2594.9
17900.0,5000.0,-2592.5
18000.0,5000.0,-2590.0
18100.0,5000.0,-2592.3
18200.0,5000.0,-2591.4
18300.0,5000.0,-2591.0
18400.0,5000.0,-2593.8
18500.0,5000.0,-2592.1
18600.0,5000.0,-2598.1
18700.0,5000.0,-2602.6
18800.0,5000.0,-2605.1
18900.0,5000.0,-2606.9
19000.0,5000.0,-2606.3
19100.0,5000.0,-2607.6
19200.0,5000.0,-2613.5
19300.0,5000.0,-2613.2
19400.0,5000.0,-2618.9
19500.0,5000.0,-2625.5
19600.0,5000.0,-2624.4
19700.0,5000.0,-2631.6
19800.0,5000.0,-2627.6
19900.0,5000.0,-2633.6
20000.0,5000.0,-2634.5
0.0,5100.0,-2642.9
100.0,5100.0,-2647.5
200.0,5100.0,-2650.4
300.0,5100.0,-2651.4
400.0,5100.0,-2656.3
500.0,5100.0,-2663.8
600.0,5100.0,-2667.0
700.0,5100.0,-2672.2
800.0,5100.0,-2667.8
900.0,5100.0,-2671.7
1000.0,5100.0,-2676.6
1100.0,5100.0,-2676.5
1200.0,5100.0,-2677.4
1300.0,5100.0,-2673.9
1400.0,5100.0,-2684.0
1500.0,5100.0,-2673.5
1600.0,5100.0,-2679.6
1700.0,5100.0,-2674.8
1800.0,5100.0,-2676.9
1900.0,5100.0,-2680.0
2000.0,5100.0,-2676.8
2100.0,5100.0,-2677.3
2200.0,5100.0,-2681.5
2300.0,5100.0,-2678.8
2400.0,5100.0,-2676.6
2500.0,5100.0,-2681.1
2600.0,5100.0,-2675.1
2700.0,5100.0,-2671.5
2800.0,5100.0,-2671.5
2900.0,5100.0,-2670.9
3000.0,5100.0,-2668.3
3100.0,5100.0,-2676.5
3200.0,5100.0,-2677.6
3300.0,5100.0,-2673.8
3400.0,5100.0,-2671.9
3500.0,5100.0,-2672.0
3600.0,5100.0,-2679.0
3700.0,5100.0,-2671.6
3800.0,5100.0,-2680.5
3900.0,5100.0,-2679.0
4000.0,5100.0,-2676.4
4100.0,5100.0,-2681.7
4200.0,5100.0,-2677.0
4300.0,5100.0,-2681.1
4400.0,5100.0,-2686.6
4500.0,5100.0,-2680.8
4600.0,5100.0,-2691.2
4700.0,5100.0,-2688.1
4800.0,5100.0,-2694.0
4900.0,5100.0,-2694.1
5000.0,5100.0,-2698.6
5100.0,5100.0,-2692.3
5200.0,5100.0,-2691.7
5300.0,5100.0,-2702.3
5400.0,5100.0,-2701.6
5500.0,5100.0,-2702.3
5600.0,5100.0,-2699.8
5700.0,5100.0,-2704.2
5800.0,5100.0,-2699.2
5900.0,5100.0,-2706.4
6000.0,5100.0,-2704.7
6100.0,5100.0,-2708.5
6200.0,5100.0,-2703.0
6300.0,5100.0,-2709.5
6400.0,5100.0,-2710.0
6500.0,5100.0,-2707.6
6600.0,5100.0,-2707.3
6700.0,5100.0,-2708.3
6800.0,5100.0,-2706.2
6900.0,5100.0,-2706.9
7000.0,5100.0,-2704.2
7100.0,5100.0,-2702.7
7200.0,5100.0,-2701.4
7300.0,5100.0,-2696.9
7400.0,5100.0,-2699.5
7500.0,5100.0,-2700.8
7600.0,5100.0,-2693.9
7700.0,5100.0,-2690.8
7800.0,5100.0,-2689.2
7900.0,5100.0,-2683.5
8000.0,5100.0,-2682.8
8100.0,5100.0,-2674.3
8200.0,5100.0,-2676.9
8300.0,5100.0,-2669.5
8400.0,5100.0,-2666.1
8500.0,5100.0,-2662.9
8600.0,5100.0,-2650.8
8700.0,5100.0,-2646.0
8800.0,5100.0,-2635.2
8900.0,5100.0,-2631.8
9000.0,5100.0,-2629.0
9100.0,5100.0,-2624.6
9200.0,5100.0,-2615.2
9300.0,5100.0,-2611.4
9400.0,5100.0,-2605.9
9500.0,5100.0,-2596.9
9600.0,5100.0,-2594.2
9700.0,5100.0,-2586.8
9800.0,5100.0,-2579.7
9900.0,5100.0,-2572.8
10000.0,5100.0,-2569.0
10100.0,5100.0,-2565.1
10200.0,5100.0,-2556.9
10300.0,5100.0,-2555.2
10400.0,5100.0,-2557.1
10500.0,5100.0,-2553.8
10600.0,5100.0,-2550.8
10700.0,5100.0,-2551.5
10800.0,5100.0,-2549.6
10900.0,5100.0,-2541.9
11000.0,5100.0,-2548.8
11100.0,5100.0,-2545.7
11200.0,5100.0,-2549.5
11300.0,5100.0,-2551.8
11400.0,5100.0,-2553.5
11500.0,5100.0,-2556.7
11600.0,5100.0,-2560.9
11700.0,5100.0,-2556.7
11800.0,5100.0,-2563.4
11900.0,5100.0,-2564.7
12000.0,5100.0,-2570.3
12100.0,5100.0,-2572.4
12200.0,5100.0,-2581.5
12300.0,5100.0,-2586.9
12400.0,5100.0,-2588.9
12500.0,5100.0,-2589.7
12600.0,5100.0,-2603.1
12700.0,5100.0,-2600.2
12800.0,5100.0,-2610.3
12900.0,5100.0,-2616.1
13000.0,5100.0,-2617.5
13100.0,5100.0,-2621.9
13200.0,5100.0,-2625.5
13300.0,5100.0,-2627.2
13400.0,5100.0,-2633.4
13500.0,5100.0,-2636.9
13600.0,5100.0,-2633.6
13700.0,5100.0,-2632.5
13800.0,5100.0,-2639.7
13900.0,5100.0,-2638.8
14000.0,5100.0,-2642.9
14100.0,5100.0,-2645.8
14200.0,5100.0,-2651.0
14300.0,5100.0,-2641.9
14400.0,5100.0,-2644.8
14500.0,5100.0,-2653.7
14600.0,5100.0,-2646.6
14700.0,5100.0,-2649.9
14800.0,5100.0,-2650.4
14900.0,5100.0,-2652.1
15000.0,5100.0,-2645.7
15100.0,5100.0,-2650.4
15200.0,5100.0,-2651.1
15300.0,5100.0,-2651.4
15400.0,5100.0,-2653.2
15500.0,5100.0,-2644.2
15600.0,5100.0,-2647.9
15700.0,5100.0,-2642.3
15800.0,5100.0,-2642.1
15900.0,5100.0,-2642.9
16000.0,5100.0,-2638.0
16100.0,5100.0,-2638.7
16200.0,5100.0,-2633.4
16300.0,5100.0,-2631.6
16400.0,5100.0,-2624.2
16500.0,5100.0,-2619.4
16600.0,5100.0,-2620.2
16700.0,5100.0,-2619.5
16800.0,5100.0,-2613.7
16900.0,5100.0,-2614.3
17000.0,5100.0,-2611.1
17100.0,5100.0,-2608.9
17200.0,5100.0,-2603.4
17300.0,5100.0,-2602.6
17400.0,5100.0,-2603.0
17500.0,5100.0,-2596.0
17600.0,5100.0,-2592.5
17700.0,5100.0,-2596.5
17800.0,5100.0,-2596.9
17900.0,5100.0,-2592.2
18000.0,5100.0,-2600.3
18100.0,5100.0,-2595.4
18200.0,5100.0,-2593.3
18300.0,5100.0,-2592.1
18400.0,5100.0,-2588.6
18500.0,5100.0,-2590.0
18600.0,5100.0,-2595.4
18700.0,5100.0,-2601.7
18800.0,5100.0,-2600.0
18900.0,5100.0,-2604.4
19000.0,5100.0,-2600.0
19100.0,5100.0,-2603.1
19200.0,5100.0,-2606.3
19300.0,5100.0,-2618.2
19400.0,5100.0,-2617.3
19500.0,5100.0,-2622.9
19600.0,5100.0,-2624.0
19700.0,5100.0,-2626.8
19800.0,5100.0,-2627.1
19900.0,5100.0,-2623.5
20000.0,5100.0,-2634.3
0.0,5200.0,-2647.7
100.0,5200.0,-2646.5
200.0,5200.0,-2654.2
300.0,5200.0,-2655.2
400.0,5200.0,-2660.7
500.0,5200.0,-2661.4
600.0,5200.0,-2666.1
700.0,5200.0,-2672.5
800.0,5200.0,-2668.8
900.0,5200.0,-2673.9
1000.0,5200.0,-2671.2
1100.0,5200.0,-2675.3
1200.0,5200.0,-2676.3
1300.0,5200.0,-2673.5
1400.0,5200.0,-2675.8
1500.0,5200.0,-2679.6
1600.0,5200.0,-2675.5
1700.0,5200.0,-2679.0
1800.0,5200.0,-2678.7
1900.0,5200.0,-2677.1
2000.0,5200.0,-2679.6
2100.0,5200.0,-2674.4
2200.0,5200.0,-2686.2
2300.0,5200.0,-2673.3
2400.0,5200.0,-2674.1
2500.0,5200.0,-2670.2
2600.0,5200.0,-2673.1
2700.0,5200.0,-2675.3
2800.0,5200.0,-2675.6
2900.0,5200.0,-2667.0
3000.0,5200.0,-2672.9
3100.0,5200.0,-2668.3
3200.0,5200.0,-2672.4
3300.0,5200.0,-2678.9
3400.0,5200.0,-2676.3
3500.0,5200.0,-2668.7
3600.0,5200.0,-2672.6
3700.0,5200.0,-2674.1
3800.0,5200.0,-2669.9
3900.0,5200.0,-2669.2
4000.0,5200.0,-2673.4
4100.0,5200.0,-2669.9
4200.0,5200.0,-2673.7
4300.0,5200.0,-2682.8
4400.0,5200.0,-2673.1
4500.0,5200.0,-2672.9
4600.0,5200.0,-2679.4
4700.0,5200.0,-2683.4
4800.0,5200.0,-2689.5
4900.0,5200.0,-2684.6
5000.0,5200.0,-2687.2
5100.0,5200.0,-2683.5
5200.0,5200.0,-2689.2
5300.0,5200.0,-2688.0
5400.0,5200.0,-2691.3
5500.0,5200.0,-2691.1
5600.0,5200.0,-2690.2
5700.0,5200.0,-2701.2
5800.0,5200.0,-2693.9
5900.0,5200.0,-2694.6
6000.0,5200.0,-2698.3
6100.0,5200.0,-2704.4
6200.0,5200.0,-2706.5
6300.0,5200.0,-2697.9
6400.0,5200.0,-2702.2
6500.0,5200.0,-2705.8
6600.0,5200.0,-2701.2
6700.0,5200.0,-2702.3
6800.0,5200.0,-2698.1
6900.0,5200.0,-2698.6
7000.0,5200.0,-2704.4
7100.0,5200.0,-2699.9
7200.0,5200.0,-2700.2
7300.0,5200.0,-2695.8
7400.0,5200.0,-2697.6
7500.0,5200.0,-2692.8
7600.0,5200.0,-2689.6
7700.0,5200.0,-2691.9
7800.0,5200.0,-2680.2
7900.0,5200.0,-2679.6
8000.0,5200.0,-2680.4
8100.0,5200.0,-2671.1
8200.0,5200.0,-2667.3
8300.0,5200.0,-2670.8
8400.0,5200.0,-2661.6
8500.0,5200.0,-2655.1
8600.0,5200.0,-2651.1
8700.0,5200.0,-2650.9
8800.0,5200.0,-2640.7
8900.0,5200.0,-2629.6
9000.0,5200.0,-2626.5
9100.0,5200.0,-2621.8
9200.0,5200.0,-2620.6
9300.0,5200.0,-2610.5
9400.0,5200.0,-2601.9
9500.0,5200.0,-2594.6
9600.0,5200.0,-2589.2
9700.0,5200.0,-2582.9
9800.0,5200.0,-2576.6
9900.0,5200.0,-2578.1
10000.0,5200.0,-2566.4
10100.0,5200.0,-2560.3
10200.0,5200.0,-2554.1
10300.0,5200.0,-2554.4
10400.0,5200.0,-2549.7
10500.0,5200.0,-2547.5
10600.0,5200.0,-2541.0
10700.0,5200.0,-2543.2
10800.0,5200.0,-2539.0
10900.0,5200.0,-2537.3
11000.0,5200.0,-2536.3
11100.0,5200.0,-2542.2
11200.0,5200.0,-2537.3
11300.0,5200.0,-2542.9
11400.0,5200.0,-2541.7
11500.0,5200.0,-2548.1
11600.0,5200.0,-2545.7
11700.0,5200.0,-2550.4
11800.0,5200.0,-2553.4
11900.0,5200.0,-2559.5
12000.0,5200.0,-2569.2
12100.0,5200.0,-2570.5
12200.0,5200.0,-2568.3
12300.0,5200.0,-2577.8
12400.0,5200.0,-2583.6
12500.0,5200.0,-2579.6
12600.0,5200.0,-2588.1
12700.0,5200.0,-2592.5
12800.0,5200.0,-2595.5
12900.0,5200.0,-2614.1
13000.0,5200.0,-2611.8
13100.0,5200.0,-2612.0
13200.0,5200.0,-2618.4
13300.0,5200.0,-2624.0
13400.0,5200.0,-2626.3
13500.0,5200.0,-2620.9
13600.0,5200.0,-2624.3
13700.0,5200.0,-2635.3
13800.0,5200.0,-2634.5
13900.0,5200.0,-2638.9
14000.0,5200.0,-2642.3
14100.0,5200.0,-2643.6
14200.0,5200.0,-2643.9
14300.0,5200.0,-2644.0
14400.0,5200.0,-2644.7
14500.0,5200.0,-2648.7
14600.0,5200.0,-2649.4
14700.0,5200.0,-2647.1
14800.0,5200.0,-2650.0
14900.0,5200.0,-2650.8
15000.0,5200.0,-2648.8
15100.0,5200.0,-2651.6
15200.0,5200.0,-2650.1
15300.0,5200.0,-2645.0
15400.0,5200.0,-2648.5
15500.0,5200.0,-2645.7
15600.0,5200.0,-2643.8
15700.0,5200.0,-2643.1
15800.0,5200.0,-2642.3
15900.0,5200.0,-2643.9
16000.0,5200.0,-2637.4
16100.0,5200.0,-2640.4
16200.0,5200.0,-2634.8
16300.0,5200.0,-2636.3
16400.0,5200.0,-2631.9
16500.0,5200.0,-2632.3
16600.0,5200.0,-2627.7
16700.0,5200.0,-2622.7
16800.0,5200.0,-2624.0
16900.0,5200.0,-2619.3
17000.0,5200.0,-2614.2
17100.0,5200.0,-2620.2
17200.0,5200.0,-2610.8
17300.0,5200.0,-2605.8
17400.0,5200.0,-2605.8
17500.0,5200.0,-2603.7
17600.0,5200.0,-2602.4
17700.0,5200.0,-2595.6
17800.0,5200.0,-2600.4
17900.0,5200.0,-2598.3
18000.0,5200.0,-2597.8
18100.0,5200.0,-2595.7
18200.0,5200.0,-2595.1
18300.0,5200.0,-2596.3
18400.0,5200.0,-2598.1
18500.0,5200.0,-2598.5
18600.0,5200.0,-2595.5
18700.0,5200.0,-2597.7
18800.0,5200.0,-2601.1
18900.0,5200.0,-2604.4
19000.0,5200.0,-2604.2
19100.0,5200.0,-2609.2
19200.0,5200.0,-2610.1
19300.0,5200.0,-2612.6
19400.0,5200.0,-2618.0
19500.0,5200.0,-2623.9
19600.0,5200.0,-2617.1
19700.0,5200.0,-2618.5
19800.0,5200.0,-2626.1
19900.0,5200.0,-2622.3
20000.0,5200.0,-2626.9
0.0,5300.0,-2647.4
100.0,5300.0,-2661.9
200.0,5300.0,-2653.8
300.0,5300.0,-2660.2
400.0,5300.0,-2662.8
500.0,5300.0,-2663.9
600.0,5300.0,-2665.8
700.0,5300.0,-2665.2
800.0,5300.0,-2667.7
900.0,5300.0,-2672.4
1000.0,5300.0,-2673.1
1100.0,5300.0,-2675.0
1200.0,5300.0,-2672.5
1300.0,5300.0,-2675.8
1400.0,5300.0,-2676.4
1500.0,5300.0,-2673.6
1600.0,5300.0,-2676.1
1700.0,5300.0,-2678.3
1800.0,5300.0,-2677.8
1900.0,5300.0,-2678.5
2000.0,5300.0,-2676.7
2100.0,5300.0,-2678.5
2200.0,5300.0,-2668.7
2300.0,5300.0,-2674.4
2400.0,5300.0,-2671.4
2500.0,5300.0,-2672.2
2600.0,5300.0,-2672.0
2700.0,5300.0,-2666.8
2800.0,5300.0,-2668.0
2900.0,5300.0,-2666.9
3000.0,5300.0,-2664.8
3100.0,5300.0,-2666.0
3200.0,5300.0,-2665.3
3300.0,5300.0,-2663.6
3400.0,5300.0,-2670.4
3500.0,5300.0,-2667.4
3600.0,5300.0,-2665.4
3700.0,5300.0,-2662.9
3800.0,5300.0,-2667.7
3900.0,5300.0,-2663.7
4000.0,5300.0,-2673.9
4100.0,5300.0,-2668.9
4200.0,5300.0,-2666.7
4300.0,5300.0,-2677.1
4400.0,5300.0,-2677.2
4500.0,5300.0,-2676.3
4600.0,5300.0,-2676.2
4700.0,5300.0,-2673.3
4800.0,5300.0,-2677.3
4900.0,5300.0,-2675.7
5000.0,5300.0,-2684.2
5100.0,5300.0,-2682.8
5200.0,5300.0,-2686.2
5300.0,5300.0,-2684.8
5400.0,5300.0,-2685.8
5500.0,5300.0,-2685.7
5600.0,5300.0,-2688.9
5700.0,5300.0,-2690.4
5800.0,5300.0,-2689.6
5900.0,5300.0,-2693.5
6000.0,5300.0,-2690.2
6100.0,5300.0,-2691.5
6200.0,5300.0,-2694.3
6300.0,5300.0,-2695.8
6400.0,5300.0,-2694.0
6500.0,5300.0,-2693.6
6600.0,5300.0,-2692.0
6700.0,5300.0,-2696.4
6800.0,5300.0,-2697.5
6900.0,5300.0,-2693.6
7000.0,5300.0,-2699.5
7100.0,5300.0,-2692.7
7200.0,5300.0,-2690.9
7300.0,5300.0,-2688.6
7400.0,5300.0,-2688.2
7500.0,5300.0,-2690.5
7600.0,5300.0,-2689.2
7700.0,5300.0,-2684.7
7800.0,5300.0,-2682.0
7900.0,5300.0,-2679.2
8000.0,5300.0,-2682.0
8100.0,5300.0,-2669.9
8200.0,5300.0,-2666.2
8300.0,5300.0,-2672.2
8400.0,5300.0,-2662.8
8500.0,5300.0,-2655.7
8600.0,5300.0,-2655.9
8700.0,5300.0,-2643.9
8800.0,5300.0,-2637.2
8900.0,5300.0,-2633.7
9000.0,5300.0,-2626.2
9100.0,5300.0,-2616.5
9200.0,5300.0,-2612.8
9300.0,5300.0,-2603.5
9400.0,5300.0,-2595.7
9500.0,5300.0,-2592.2
9600.0,5300.0,-2586.1
9700.0,5300.0,-2583.0
9800.0,5300.0,-2569.5
9900.0,5300.0,-2565.0
10000.0,5300.0,-2557.1
10100.0,5300.0,-2557.7
10200.0,5300.0,-2546.6
10300.0,5300.0,-2542.1
10400.0,5300.0,-2544.4
10500.0,5300.0,-2542.2
10600.0,5300.0,-2541.1
10700.0,5300.0,-2532.0
10800.0,5300.0,-2535.1
10900.0,5300.0,-2532.3
11000.0,5300.0,-2532.8
11100.0,5300.0,-2530.2
11200.0,5300.0,-2534.8
11300.0,5300.0,-2530.7
11400.0,5300.0,-2534.3
11500.0,5300.0,-2540.5
11600.0,5300.0,-2533.8
11700.0,5300.0,-2543.0
11800.0,5300.0,-2543.9
11900.0,5300.0,-2550.3
12000.0,5300.0,-2555.7
12100.0,5300.0,-2558.6
12200.0,5300.0,-2562.8
12300.0,5300.0,-2570.0
12400.0,5300.0,-2570.9
12500.0,5300.0,-2575.7
12600.0,5300.0,-2581.1
12700.0,5300.0,-2589.8
12800.0,5300.0,-2591.7
12900.0,5300.0,-2594.1
13000.0,5300.0,-2602.5
13100.0,5300.0,-2611.3
13200.0,5300.0,-2607.9
13300.0,5300.0,-2619.9
13400.0,5300.0,-2621.5
13500.0,5300.0,-2619.7
13600.0,5300.0,-2619.8
13700.0,5300.0,-2625.9
13800.0,5300.0,-2631.3
13900.0,5300.0,-2635.2
14000.0,5300.0,-2633.2
14100.0,5300.0,-2637.1
14200.0,5300.0,-2639.5
14300.0,5300.0,-2643.2
14400.0,5300.0,-2644.2
14500.0,5300.0,-2652.4
14600.0,5300.0,-2646.0
14700.0,5300.0,-2655.0
14800.0,5300.0,-2643.6
14900.0,5300.0,-2646.9
15000.0,5300.0,-2648.3
15100.0,5300.0,-2640.7
15200.0,5300.0,-2648.0
15300.0,5300.0,-2654.5
15400.0,5300.0,-2649.2
15500.0,5300.0,-2651.2
15600.0,5300.0,-2646.6
15700.0,5300.0,-2644.8
15800.0,5300.0,-2648.9
15900.0,5300.0,-2643.7
16000.0,5300.0,-2646.9
16100.0,5300.0,-2644.3
16200.0,5300.0,-2636.1
16300.0,5300.0,-2637.6
16400.0,5300.0,-2636.6
16500.0,5300.0,-2633.2
16600.0,5300.0,-2634.0
16700.0,5300.0,-2625.3
16800.0,5300.0,-2628.0
16900.0,5300.0,-2623.5
17000.0,5300.0,-2621.6
17100.0,5300.0,-2615.5
17200.0,5300.0,-2614.4
17300.0,5300.0,-2609.2
17400.0,5300.0,-2607.5
17500.0,5300.0,-2607.9
17600.0,5300.0,-2607.4
17700.0,5300.0,-2608.6
17800.0,5300.0,-2605.2
17900.0,5300.0,-2602.2
18000.0,5300.0,-2599.3
18100.0,5300.0,-2602.4
18200.0,5300.0,-2595.8
18300.0,5300.0,-2598.6
18400.0,5300.0,-2593.4
18500.0,5300.0,-2595.4
18600.0,5300.0,-2601.0
18700.0,5300.0,-2595.6
18800.0,5300.0,-2603.8
18900.0,5300.0,-2603.1
19000.0,5300.0,-2604.4
19100.0,5300.0,-2607.4
19200.0,5300.0,-2605.8
19300.0,5300.0,-2611.3
19400.0,5300.0,-2616.5
19500.0,5300.0,-2611.0
19600.0,5300.0,-2610.8
19700.0,5300.0,-2612.8
19800.0,5300.0,-2621.9
19900.0,5300.0,-2625.1
20000.0,5300.0,-2626.2
0.0,5400.0,-2659.1
100.0,5400.0,-2656.8
200.0,5400.0,-2661.7
300.0,5400.0,-2663.7
400.0,5400.0,-2662.9
500.0,5400.0,-2668.8
600.0,5400.0,-2665.5
700.0,5400.0,-2664.4
800.0,5400.0,-2671.8
900.0,5400.0,-2670.6
1000.0,5400.0,-2673.8
1100.0,5400.0,-2673.7
1200.0,5400.0,-2673.2
1300.0,5400.0,-2678.9
1400.0,5400.0,-2680.5
1500.0,5400.0,-2679.3
1600.0,5400.0,-2676.8
1700.0,5400.0,-2677.3
1800.0,5400.0,-2682.5
1900.0,5400.0,-2672.2
2000.0,5400.0,-2668.8
2100.0,5400.0,-2669.8
2200.0,5400.0,-2671.0
2300.0,5400.0,-2675.6
2400.0,5400.0,-2667.1
2500.0,5400.0,-2668.0
2600.0,5400.0,-2668.2
2700.0,5400.0,-2666.7
2800.0,5400.0,-2667.8
2900.0,5400.0,-2663.0
3000.0,5400.0,-2658.7
3100.0,5400.0,-2661.1
3200.0,5400.0,-2661.6
3300.0,5400.0,-2658.3
3400.0,5400.0,-2662.9
3500.0,5400.0,-2662.9
3600.0,5400.0,-2659.7
3700.0,5400.0,-2657.7
3800.0,5400.0,-2662.5
3900.0,5400.0,-2660.1
4000.0,5400.0,-2663.4
4100.0,5400.0,-2662.4
4200.0,5400.0,-2670.0
4300.0,5400.0,-2662.9
4400.0,5400.0,-2670.8
4500.0,5400.0,-2667.1
4600.0,5400.0,-2672.4
4700.0,5400.0,-2668.4
4800.0,5400.0,-2674.7
4900.0,5400.0,-2674.8
5000.0,5400.0,-2671.2
5100.0,5400.0,-2679.7
5200.0,5400.0,-2677.0
5300.0,5400.0,-2675.6
5400.0,5400.0,-2680.9
5500.0,5400.0,-2684.2
5600.0,5400.0,-2681.0
5700.0,5400.0,-2686.5
5800.0,5400.0,-2686.0
5900.0,5400.0,-2689.8
6000.0,5400.0,-2685.4
6100.0,5400.0,-2685.6
6200.0,5400.0,-2691.0
6300.0,5400.0,-2684.9
6400.0,5400.0,-2686.7
6500.0,5400.0,-2689.6
6600.0,5400.0,-2686.9
6700.0,5400.0,-2688.8
6800.0,5400.0,-2692.9
6900.0,5400.0,-2691.5
7000.0,5400.0,-2690.8
7100.0,5400.0,-2691.0
7200.0,5400.0,-2690.8
7300.0,5400.0,-2684.2
7400.0,5400.0,-2685.7
7500.0,5400.0,-2685.7
7600.0,5400.0,-2681.6
7700.0,5400.0,-2680.3
7800.0,5400.0,-2676.4
7900.0,5400.0,-2673.2
8000.0,5400.0,-2670.9
8100.0,5400.0,-2668.2
8200.0,5400.0,-2665.7
8300.0,5400.0,-2658.6
8400.0,5400.0,-2656.8
8500.0,5400.0,-2653.6
8600.0,5400.0,-2644.2
8700.0,5400.0,-2638.0
8800.0,5400.0,-2629.7
8900.0,5400.0,-2627.8
9000.0,5400.0,-2621.6
9100.0,5400.0,-2615.6
9200.0,5400.0,-2611.0
9300.0,5400.0,-2607.8
9400.0,5400.0,-2594.9
9500.0,5400.0,-2594.5
9600.0,5400.0,-2582.5
9700.0,5400.0,-2573.4
9800.0,5400.0,-2569.8
9900.0,5400.0,-2559.0
10000.0,5400.0,-2556.8
10100.0,5400.0,-2546.2
10200.0,5400.0,-2545.0
10300.0,5400.0,-2542.8
10400.0,5400.0,-2536.3
10500.0,5400.0,-2533.3
10600.0,5400.0,-2530.7
10700.0,5400.0,-2525.4
10800.0,5400.0,-2518.9
10900.0,5400.0,-2523.6
11000.0,5400.0,-2522.1
11100.0,5400.0,-2525.0
11200.0,5400.0,-2519.9
11300.0,5400.0,-2525.7
11400.0,5400.0,-2523.1
11500.0,5400.0,-2536.4
11600.0,5400.0,-2532.6
11700.0,5400.0,-2533.5
11800.0,5400.0,-2535.7
11900.0,5400.0,-2538.5
12000.0,5400.0,-2543.5
12100.0,5400.0,-2551.7
12200.0,5400.0,-2554.9
12300.0,5400.0,-2557.9
12400.0,5400.0,-2567.0
12500.0,5400.0,-2568.1
12600.0,5400.0,-2576.7
12700.0,5400.0,-2578.9
12800.0,5400.0,-2580.9
12900.0,5400.0,-2590.9
13000.0,5400.0,-2595.9
13100.0,5400.0,-2605.8
13200.0,5400.0,-2604.9
13300.0,5400.0,-2608.2
13400.0,5400.0,-2610.0
13500.0,5400.0,-2618.7
13600.0,5400.0,-2620.8
13700.0,5400.0,-2619.7
13800.0,5400.0,-2627.0
13900.0,5400.0,-2624.3
14000.0,5400.0,-2630.5
14100.0,5400.0,-2637.2
14200.0,5400.0,-2634.1
14300.0,5400.0,-2636.1
14400.0,5400.0,-2636.4
14500.0,5400.0,-2644.7
14600.0,5400.0,-2636.9
14700.0,5400.0,-2648.0
14800.0,5400.0,-2649.0
14900.0,5400.0,-2645.4
15000.0,5400.0,-2646.0
15100.0,5400.0,-2649.5
15200.0,5400.0,-2646.5
15300.0,5400.0,-2643.8
15400.0,5400.0,-2650.5
15500.0,5400.0,-2651.1
15600.0,5400.0,-2654.0
15700.0,5400.0,-2645.7
15800.0,5400.0,-2645.1
15900.0,5400.0,-2644.5
16000.0,5400.0,-2643.4
16100.0,5400.0,-2645.7
16200.0,5400.0,-2641.3
16300.0,5400.0,-2641.9
16400.0,5400.0,-2636.7
16500.0,5400.0,-2637.4
16600.0,5400.0,-2635.2
16700.0,5400.0,-2628.0
16800.0,5400.0,-2631.5
16900.0,5400.0,-2631.0
17000.0,5400.0,-2630.7
17100.0,5400.0,-2630.0
17200.0,5400.0,-2623.1
17300.0,5400.0,-2617.1
17400.0,5400.0,-2615.3
17500.0,5400.0,-2607.7
17600.0,5400.0,-2609.8
17700.0,5400.0,-2609.5
17800.0,5400.0,-2609.6
17900.0,5400.0,-2602.6
18000.0,5400.0,-2602.5
18100.0,5400.0,-2603.5
18200.0,5400.0,-2600.0
18300.0,5400.0,-2598.2
18400.0,5400.0,-2598.3
18500.0,5400.0,-2599.2
18600.0,5400.0,-2596.0
18700.0,5400.0,-2596.4
18800.0,5400.0,-2598.6
18900.0,5400.0,-2600.5
19000.0,5400.0,-2600.7
19100.0,5400.0,-2603.5
19200.0,5400.0,-2607.8
19300.0,5400.0,-2603.1
19400.0,5400.0,-2609.5
19500.0,5400.0,-2613.0
19600.0,5400.0,-2618.6
19700.0,5400.0,-2615.3
19800.0,5400.0,-2622.8
19900.0,5400.0,-2621.8
20000.0,5400.0,-2620.9
0.0,5500.0,-2656.0
100.0,5500.0,-2659.8
200.0,5500.0,-2659.4
300.0,5500.0,-2664.7
400.0,5500.0,-2668.9
500.0,5500.0,-2668.3
600.0,5500.0,-2671.1
700.0,5500.0,-2675.1
800.0,5500.0,-2673.8
900.0,5500.0,-2680.6
1000.0,5500.0,-2672.0
1100.0,5500.0,-2673.3
1200.0,5500.0,-2677.7
1300.0,5500.0,-2678.8
1400.0,5500.0,-2676.0
1500.0,5500.0,-2677.0
1600.0,5500.0,-2672.7
1700.0,5500.0,-2674.7
1800.0,5500.0,-2673.9
1900.0,5500.0,-2674.6
2000.0,5500.0,-2671.7
2100.0,5500.0,-2669.5
2200.0,5500.0,-2669.0
2300.0,5500.0,-2676.0
2400.0,5500.0,-2670.0
2500.0,5500.0,-2661.0
2600.0,5500.0,-2664.9
2700.0,5500.0,-2663.7
2800.0,5500.0,-2661.5
2900.0,5500.0,-2656.5
3000.0,5500.0,-2666.5
3100.0,5500.0,-2664.2
3200.0,5500.0,-2655.0
3300.0,5500.0,-2661.4
3400.0,5500.0,-2658.4
3500.0,5500.0,-2658.8
3600.0,5500.0,-2659.9
3700.0,5500.0,-2656.8
3800.0,5500.0,-2659.9
3900.0,5500.0,-2665.1
4000.0,5500.0,-2657.9
4100.0,5500.0,-2660.4
4200.0,5500.0,-2663.5
4300.0,5500.0,-2667.4
4400.0,5500.0,-2663.8
4500.0,5500.0,-2659.1
4600.0,5500.0,-2664.5
4700.0,5500.0,-2667.8
4800.0,5500.0,-2671.8
4900.0,5500.0,-2667.6
5000.0,5500.0,-2673.1
5100.0,5500.0,-2672.0
5200.0,5500.0,-2673.4
5300.0,5500.0,-2672.3
5400.0,5500.0,-2676.5
5500.0,5500.0,-2676.6
5600.0,5500.0,-2675.2
5700.0,5500.0,-2675.1
5800.0,5500.0,-2679.0
5900.0,5500.0,-2679.0
6000.0,5500.0,-2680.4
6100.0,5500.0,-2677.5
6200.0,5500.0,-2680.6
6300.0,5500.0,-2682.4
6400.0,5500.0,-2679.9
6500.0,5500.0,-2684.7
6600.0,5500.0,-2682.5
6700.0,5500.0,-2676.5
6800.0,5500.0,-2687.6
6900.0,5500.0,-2683.9
7000.0,5500.0,-2681.5
7100.0,5500.0,-2689.2
7200.0,5500.0,-2679.8
7300.0,5500.0,-2680.3
7400.0,5500.0,-2679.0
7500.0,5500.0,-2676.1
7600.0,5500.0,-2680.5
7700.0,5500.0,-2670.1
7800.0,5500.0,-2676.8
7900.0,5500.0,-2672.3
8000.0,5500.0,-2669.4
8100.0,5500.0,-2665.8
8200.0,5500.0,-2662.3
8300.0,5500.0,-2655.0
8400.0,5500.0,-2652.2
8500.0,5500.0,-2642.7
8600.0,5500.0,-2644.1
8700.0,5500.0,-2642.9
8800.0,5500.0,-2635.0
8900.0,5500.0,-2625.2
9000.0,5500.0,-2617.9
9100.0,5500.0,-2616.5
9200.0,5500.0,-2609.5
9300.0,5500.0,-2606.6
9400.0,5500.0,-2599.7
9500.0,5500.0,-2591.8
9600.0,5500.0,-2575.0
9700.0,5500.0,-2571.2
9800.0,5500.0,-2563.1
9900.0,5500.0,-2557.4
10000.0,5500.0,-2551.4
10100.0,5500.0,-2547.5
10200.0,5500.0,-2539.9
10300.0,5500.0,-2538.3
10400.0,5500.0,-2532.6
10500.0,5500.0,-2524.2
10600.0,5500.0,-2526.7
10700.0,5500.0,-2518.8
10800.0,5500.0,-2517.2
10900.0,5500.0,-2518.4
11000.0,5500.0,-2513.8
11100.0,5500.0,-2509.5
11200.0,5500.0,-2513.1
11300.0,5500.0,-2512.7
11400.0,5500.0,-2521.2
11500.0,5500.0,-2515.4
11600.0,5500.0,-2517.4
11700.0,5500.0,-2520.5
11800.0,5500.0,-2527.5
11900.0,5500.0,-2529.4
12000.0,5500.0,-2534.6
12100.0,5500.0,-2539.1
12200.0,5500.0,-2543.7
12300.0,5500.0,-2551.7
12400.0,5500.0,-2558.7
12500.0,5500.0,-2560.8
12600.0,5500.0,-2563.6
12700.0,5500.0,-2565.9
12800.0,5500.0,-2573.4
12900.0,5500.0,-2579.8
13000.0,5500.0,-2587.9
13100.0,5500.0,-2592.9
13200.0,5500.0,-2594.2
13300.0,5500.0,-2601.1
13400.0,5500.0,-2609.0
13500.0,5500.0,-2610.1
13600.0,5500.0,-2616.5
13700.0,5500.0,-2617.8
13800.0,5500.0,-2623.5
13900.0,5500.0,-2630.7
14000.0,5500.0,-2625.9
14100.0,5500.0,-2628.0
14200.0,5500.0,-2631.2
14300.0,5500.0,-2637.5
14400.0,5500.0,-2637.8
14500.0,5500.0,-2638.0
14600.0,5500.0,-2642.8
14700.0,5500.0,-2643.1
14800.0,5500.0,-2640.5
14900.0,5500.0,-2644.1
15000.0,5500.0,-2645.6
15100.0,5500.0,-2644.9
15200.0,5500.0,-2647.6
15300.0,5500.0,-2645.9
15400.0,5500.0,-2646.8
15500.0,5500.0,-2649.7
15600.0,5500.0,-2647.1
15700.0,5500.0,-2648.7
15800.0,5500.0,-2651.1
15900.0,5500.0,-2643.0
16000.0,5500.0,-2648.9
16100.0,5500.0,-2646.1
16200.0,5500.0,-2650.0
16300.0,5500.0,-2645.4
16400.0,5500.0,-2639.2
16500.0,5500.0,-2637.9
16600.0,5500.0,-2637.1
16700.0,5500.0,-2636.8
16800.0,5500.0,-2635.3
16900.0,5500.0,-2633.8
17000.0,5500.0,-2633.1
17100.0,5500.0,-2626.3
17200.0,5500.0,-2621.5
17300.0,5500.0,-2623.0
17400.0,5500.0,-2622.0
17500.0,5500.0,-2621.8
17600.0,5500.0,-2615.3
17700.0,5500.0,-2611.5
17800.0,5500.0,-2611.9
17900.0,5500.0,-2604.4
18000.0,5500.0,-2606.6
18100.0,5500.0,-2604.0
18200.0,5500.0,-2602.7
18300.0,5500.0,-2609.4
18400.0,5500.0,-2603.3
18500.0,5500.0,-2602.6
18600.0,5500.0,-2595.4
18700.0,5500.0,-2599.2
18800.0,5500.0,-2600.7
18900.0,5500.0,-2598.5
19000.0,5500.0,-2602.5
19100.0,5500.0,-2608.9
19200.0,5500.0,-2606.4
19300.0,5500.0,-2603.1
19400.0,5500.0,-2606.4
19500.0,5500.0,-2607.1
19600.0,5500.0,-2612.4
19700.0,5500.0,-2613.8
19800.0,5500.0,-2613.9
19900.0,5500.0,-2619.8
20000.0,5500.0,-2618.2
0.0,5600.0,-2662.2
100.0,5600.0,-2662.3
200.0,5600.0,-2663.7
300.0,5600.0,-2661.8
400.0,5600.0,-2665.9
500.0,5600.0,-2671.0
600.0,5600.0,-2670.5
700.0,5600.0,-2677.9
800.0,5600.0,-2672.9
900.0,5600.0,-2670.2
1000.0,5600.0,-2675.3
1100.0,5600.0,-2679.1
1200.0,5600.0,-2672.4
1300.0,5600.0,-2678.4
1400.0,5600.0,-2680.4
1500.0,5600.0,-2677.9
1600.0,5600.0,-2674.4
1700.0,5600.0,-2671.1
1800.0,5600.0,-2671.4
1900.0,5600.0,-2674.6
2000.0,5600.0,-2670.1
2100.0,5600.0,-2671.7
2200.0,5600.0,-2670.0
2300.0,5600.0,-2671.1
2400.0,5600.0,-2662.9
2500.0,5600.0,-2665.8
2600.0,5600.0,-2660.6
2700.0,5600.0,-2664.7
2800.0,5600.0,-2661.6
2900.0,5600.0,-2654.8
3000.0,5600.0,-2658.8
3100.0,5600.0,-2657.7
3200.0,5600.0,-2658.9
3300.0,5600.0,-2661.9
3400.0,5600.0,-2656.6
3500.0,5600.0,-2652.8
3600.0,5600.0,-2656.9
3700.0,5600.0,-2652.8
3800.0,5600.0,-2654.7
3900.0,5600.0,-2650.1
4000.0,5600.0,-2656.0
4100.0,5600.0,-2651.0
4200.0,5600.0,-2658.4
4300.0,5600.0,-2651.5
4400.0,5600.0,-2655.8
4500.0,5600.0,-2659.2
4600.0,5600.0,-2655.0
4700.0,5600.0,-2660.6
4800.0,5600.0,-2661.5
4900.0,5600.0,-2659.3
5000.0,5600.0,-2662.2
5100.0,5600.0,-2666.4
5200.0,5600.0,-2662.5
5300.0,5600.0,-2669.8
5400.0,5600.0,-2662.3
5500.0,5600.0,-2669.4
5600.0,5600.0,-2665.5
5700.0,5600.0,-2669.7
5800.0,5600.0,-2676.5
5900.0,5600.0,-2670.9
6000.0,5600.0,-2673.0
6100.0,5600.0,-2674.6
6200.0,5600.0,-2670.7
6300.0,5600.0,-2678.7
6400.0,5600.0,-2677.6
6500.0,5600.0,-2674.9
6600.0,5600.0,-2673.5
6700.0,5600.0,-2673.4
6800.0,5600.0,-2677.5
6900.0,5600.0,-2680.3
7000.0,5600.0,-2676.3
7100.0,5600.0,-2675.3
7200.0,5600.0,-2677.8
7300.0,5600.0,-2676.8
7400.0,5600.0,-2675.7
7500.0,5600.0,-2670.2
7600.0,5600.0,-2672.4
7700.0,5600.0,-2672.3
7800.0,5600.0,-2664.1
7900.0,5600.0,-2669.8
8000.0,5600.0,-2666.7
8100.0,5600.0,-2658.9
8200.0,5600.0,-2651.8
8300.0,5600.0,-2655.2
8400.0,5600.0,-2646.1
8500.0,5600.0,-2641.3
8600.0,5600.0,-2644.2
8700.0,5600.0,-2628.4
8800.0,5600.0,-2629.8
8900.0,5600.0,-2623.1
9000.0,5600.0,-2620.7
9100.0,5600.0,-2611.7
9200.0,5600.0,-2605.4
9300.0,5600.0,-2597.5
9400.0,5600.0,-2587.8
9500.0,5600.0,-2581.9
9600.0,5600.0,-2579.0
9700.0,5600.0,-2563.6
9800.0,5600.0,-2566.1
9900.0,5600.0,-2556.5
10000.0,5600.0,-2546.9
10100.0,5600.0,-2539.0
10200.0,5600.0,-2541.2
10300.0,5600.0,-2529.5
10400.0,5600.0,-2523.6
10500.0,5600.0,-2518.4
10600.0,5600.0,-2515.0
10700.0,5600.0,-2511.5
10800.0,5600.0,-2508.5
10900.0,5600.0,-2508.0
11000.0,5600.0,-2506.0
11100.0,5600.0,-2510.3
11200.0,5600.0,-2508.2
11300.0,5600.0,-2506.6
11400.0,5600.0,-2507.8
11500.0,5600.0,-2506.2
11600.0,5600.0,-2515.0
11700.0,5600.0,-2513.8
11800.0,5600.0,-2513.3
11900.0,5600.0,-2519.0
12000.0,5600.0,-2525.5
12100.0,5600.0,-2532.3
12200.0,5600.0,-2536.1
12300.0,5600.0,-2535.4
12400.0,5600.0,-2550.5
12500.0,5600.0,-2553.6
12600.0,5600.0,-2560.1
12700.0,5600.0,-2558.6
12800.0,5600.0,-2568.1
12900.0,5600.0,-2574.9
13000.0,5600.0,-2577.5
13100.0,5600.0,-2588.3
13200.0,5600.0,-2590.2
13300.0,5600.0,-2597.7
13400.0,5600.0,-2602.8
13500.0,5600.0,-2603.9
13600.0,5600.0,-2610.0
13700.0,5600.0,-2602.7
13800.0,5600.0,-2616.9
13900.0,5600.0,-2618.7
14000.0,5600.0,-2627.7
14100.0,5600.0,-2623.0
14200.0,5600.0,-2630.4
14300.0,5600.0,-2634.8
14400.0,5600.0,-2633.5
14500.0,5600.0,-2633.4
14600.0,5600.0,-2639.8
14700.0,5600.0,-2642.8
14800.0,5600.0,-2644.9
14900.0,5600.0,-2646.8
15000.0,5600.0,-2651.0
15100.0,5600.0,-2642.8
15200.0,5600.0,-2645.7
15300.0,5600.0,-2649.3
15400.0,5600.0,-2645.7
15500.0,5600.0,-2647.8
15600.0,5600.0,-2650.7
15700.0,5600.0,-2646.3
15800.0,5600.0,-2650.1
15900.0,5600.0,-2650.5
16000.0,5600.0,-2645.6
16100.0,5600.0,-2642.5
16200.0,5600.0,-2646.7
16300.0,5600.0,-2643.0
16400.0,5600.0,-2640.7
16500.0,5600.0,-2642.0
16600.0,5600.0,-2644.9
16700.0,5600.0,-2641.5
16800.0,5600.0,-2637.3
16900.0,5600.0,-2644.6
17000.0,5600.0,-2638.9
17100.0,5600.0,-2636.5
17200.0,5600.0,-2626.7
17300.0,5600.0,-2632.6
17400.0,5600.0,-2628.0
17500.0,5600.0,-2622.1
17600.0,5600.0,-2620.5
17700.0,5600.0,-2618.9
17800.0,5600.0,-2618.9
17900.0,5600.0,-2611.8
18000.0,5600.0,-2606.4
18100.0,5600.0,-2614.5
18200.0,5600.0,-2609.8
18300.0,5600.0,-2607.2
18400.0,5600.0,-2604.7
18500.0,5600.0,-2604.2
18600.0,5600.0,-2607.1
18700.0,5600.0,-2599.3
18800.0,5600.0,-2603.7
18900.0,5600.0,-2607.1
19000.0,5600.0,-2604.6
19100.0,5600.0,-2609.8
19200.0,5600.0,-2607.1
19300.0,5600.0,-2605.9
19400.0,5600.0,-2604.6
19500.0,5600.0,-2611.3
19600.0,5600.0,-2612.0
19700.0,5600.0,-2611.1
19800.0,5600.0,-2611.8
19900.0,5600.0,-2621.1
20000.0,5600.0,-2616.4
0.0,5700.0,-2662.2
100.0,5700.0,-2667.0
200.0,5700.0,-2666.7
300.0,5700.0,-2671.2
400.0,5700.0,-2672.9
500.0,5700.0,-2674.2
600.0,5700.0,-2674.5
700.0,5700.0,-2678.1
800.0,5700.0,-2681.5
900.0,5700.0,-2674.8
1000.0,5700.0,-2673.5
1100.0,5700.0,-2677.8
1200.0,5700.0,-2681.8
1300.0,5700.0,-2677.8
1400.0,5700.0,-2677.5
1500.0,5700.0,-2676.8
1600.0,5700.0,-2675.6
1700.0,5700.0,-2671.0
1800.0,5700.0,-2675.7
1900.0,5700.0,-2673.6
2000.0,5700.0,-2673.2
2100.0,5700.0,-2669.5
2200.0,5700.0,-2666.3
2300.0,5700.0,-2664.1
2400.0,5700.0,-2662.7
2500.0,5700.0,-2664.9
2600.0,5700.0,-2659.4
2700.0,5700.0,-2656.7
2800.0,5700.0,-2660.9
2900.0,5700.0,-2657.2
3000.0,5700.0,-2652.7
3100.0,5700.0,-2656.1
3200.0,5700.0,-2657.1
3300.0,5700.0,-2656.7
3400.0,5700.0,-2653.6
3500.0,5700.0,-2648.2
3600.0,5700.0,-2649.6
3700.0,5700.0,-2652.2
3800.0,5700.0,-2655.0
3900.0,5700.0,-2648.8
4000.0,5700.0,-2652.0
4100.0,5700.0,-2656.1
4200.0,5700.0,-2652.6
4300.0,5700.0,-2654.8
4400.0,5700.0,-2652.4
4500.0,5700.0,-2651.3
4600.0,5700.0,-2653.4
4700.0,5700.0,-2656.6
4800.0,5700.0,-2660.9
4900.0,5700.0,-2653.2
5000.0,5700.0,-2658.9
5100.0,5700.0,-2657.4
5200.0,5700.0,-2662.5
5300.0,5700.0,-2663.0
5400.0,5700.0,-2664.9
5500.0,5700.0,-2659.2
5600.0,5700.0,-2658.2
5700.0,5700.0,-2663.0
5800.0,5700.0,-2663.3
5900.0,5700.0,-2667.5
6000.0,5700.0,-2668.6
6100.0,5700.0,-2663.6
6200.0,5700.0,-2667.9
6300.0,5700.0,-2665.5
6400.0,5700.0,-2668.2
6500.0,5700.0,-2667.4
6600.0,5700.0,-2668.8
6700.0,5700.0,-2672.4
6800.0,5700.0,-2663.8
6900.0,5700.0,-2670.5
7000.0,5700.0,-2674.1
7100.0,5700.0,-2665.3
7200.0,5700.0,-2670.4
7300.0,5700.0,-2671.1
7400.0,5700.0,-2672.6
7500.0,5700.0,-2672.7
7600.0,5700.0,-2666.2
7700.0,5700.0,-2665.1
7800.0,5700.0,-2664.6
7900.0,5700.0,-2660.4
8000.0,5700.0,-2659.3
8100.0,5700.0,-2653.0
8200.0,5700.0,-2653.8
8300.0,5700.0,-2648.9
8400.0,5700.0,-2646.1
8500.0,5700.0,-2642.6
8600.0,5700.0,-2635.6
8700.0,5700.0,-2633.4
8800.0,5700.0,-2631.5
8900.0,5700.0,-2625.2
9000.0,5700.0,-2613.8
9100.0,5700.0,-2608.1
9200.0,5700.0,-2605.3
9300.0,5700.0,-2592.7
9400.0,5700.0,-2584.0
9500.0,5700.0,-2578.0
9600.0,5700.0,-2569.7
9700.0,5700.0,-2563.9
9800.0,5700.0,-2556.7
9900.0,5700.0,-2548.7
10000.0,5700.0,-2540.9
10100.0,5700.0,-2541.5
10200.0,5700.0,-2534.2
10300.0,5700.0,-2519.4
10400.0,5700.0,-2520.0
10500.0,5700.0,-2513.7
10600.0,5700.0,-2506.5
10700.0,5700.0,-2502.9
10800.0,5700.0,-2511.3
10900.0,5700.0,-2506.7
11000.0,5700.0,-2497.2
11100.0,5700.0,-2495.8
11200.0,5700.0,-2496.1
11300.0,5700.0,-2499.6
11400.0,5700.0,-2498.7
11500.0,5700.0,-2497.0
11600.0,5700.0,-2503.6
11700.0,5700.0,-2499.2
11800.0,5700.0,-2512.3
11900.0,5700.0,-2514.0
12000.0,5700.0,-2518.6
12100.0,5700.0,-2523.8
12200.0,5700.0,-2530.0
12300.0,5700.0,-2529.9
12400.0,5700.0,-2537.3
12500.0,5700.0,-2540.8
12600.0,5700.0,-2548.8
12700.0,5700.0,-2554.4
12800.0,5700.0,-2559.6
12900.0,5700.0,-2566.5
13000.0,5700.0,-2574.9
13100.0,5700.0,-2577.8
13200.0,5700.0,-2586.5
13300.0,5700.0,-2589.7
13400.0,5700.0,-2590.5
13500.0,5700.0,-2596.1
13600.0,5700.0,-2601.6
13700.0,5700.0,-2612.0
13800.0,5700.0,-2612.4
13900.0,5700.0,-2610.7
14000.0,5700.0,-2614.0
14100.0,5700.0,-2624.3
14200.0,5700.0,-2624.0
14300.0,5700.0,-2627.4
14400.0,5700.0,-2633.0
14500.0,5700.0,-2639.9
14600.0,5700.0,-2640.6
14700.0,5700.0,-2639.6
14800.0,5700.0,-2644.4
14900.0,5700.0,-2638.3
15000.0,5700.0,-2644.2
15100.0,5700.0,-2646.7
15200.0,5700.0,-2642.9
15300.0,5700.0,-2642.0
15400.0,5700.0,-2644.4
15500.0,5700.0,-2650.7
15600.0,5700.0,-2649.8
15700.0,5700.0,-2649.4
15800.0,5700.0,-2651.2
15900.0,5700.0,-2650.6
16000.0,5700.0,-2653.9
16100.0,5700.0,-2646.0
16200.0,5700.0,-2649.4
16300.0,5700.0,-2645.1
16400.0,5700.0,-2649.7
16500.0,5700.0,-2649.2
16600.0,5700.0,-2643.5
16700.0,5700.0,-2643.3
16800.0,5700.0,-2644.1
16900.0,5700.0,-2647.1
17000.0,5700.0,-2643.8
17100.0,5700.0,-2638.8
17200.0,5700.0,-2638.2
17300.0,5700.0,-2639.7
17400.0,5700.0,-2627.8
17500.0,5700.0,-2631.1
17600.0,5700.0,-2624.1
17700.0,5700.0,-2626.9
17800.0,5700.0,-2620.9
17900.0,5700.0,-2614.7
18000.0,5700.0,-2622.8
18100.0,5700.0,-2613.9
18200.0,5700.0,-2609.7
18300.0,5700.0,-2616.3
18400.0,5700.0,-2611.6
18500.0,5700.0,-2609.1
18600.0,5700.0,-2604.8
18700.0,5700.0,-2607.5
18800.0,5700.0,-2607.5
18900.0,5700.0,-2607.2
19000.0,5700.0,-2603.0
19100.0,5700.0,-2606.6
19200.0,5700.0,-2602.3
19300.0,5700.0,-2603.2
19400.0,5700.0,-2602.3
19500.0,5700.0,-2602.1
19600.0,5700.0,-2607.5
19700.0,5700.0,-2604.7
19800.0,5700.0,-2603.8
19900.0,5700.0,-2613.8
20000.0,5700.0,-2613.6
0.0,5800.0,-2664.6
100.0,5800.0,-2667.3
200.0,5800.0,-2670.3
300.0,5800.0,-2672.0
400.0,5800.0,-2675.2
500.0,5800.0,-2678.7
600.0,5800.0,-2678.5
700.0,5800.0,-2681.2
800.0,5800.0,-2678.7
900.0,5800.0,-2675.0
1000.0,5800.0,-2680.8
1100.0,5800.0,-2680.7
1200.0,5800.0,-2680.6
1300.0,5800.0,-2677.3
1400.0,5800.0,-2678.5
1500.0,5800.0,-2679.2
1600.0,5800.0,-2675.6
1700.0,5800.0,-2675.8
1800.0,5800.0,-2672.3
1900.0,5800.0,-2669.0
2000.0,5800.0,-2670.2
2100.0,5800.0,-2667.4
2200.0,5800.0,-2666.2
2300.0,5800.0,-2654.5
2400.0,5800.0,-2664.2
2500.0,5800.0,-2655.5
2600.0,5800.0,-2658.2
2700.0,5800.0,-2661.8
2800.0,5800.0,-2656.4
2900.0,5800.0,-2655.0
3000.0,5800.0,-2653.6
3100.0,5800.0,-2659.0
3200.0,5800.0,-2652.6
3300.0,5800.0,-2652.5
3400.0,5800.0,-2651.5
3500.0,5800.0,-2649.2
3600.0,5800.0,-2654.8
3700.0,5800.0,-2643.3
3800.0,5800.0,-2648.9
3900.0,5800.0,-2651.1
4000.0,5800.0,-2646.7
4100.0,5800.0,-2650.6
4200.0,5800.0,-2645.7
4300.0,5800.0,-2652.6
4400.0,5800.0,-2651.4
4500.0,5800.0,-2654.1
4600.0,5800.0,-2653.3
4700.0,5800.0,-2650.5
4800.0,5800.0,-2646.3
4900.0,5800.0,-2649.1
5000.0,5800.0,-2650.2
5100.0,5800.0,-2653.9
5200.0,5800.0,-2655.8
5300.0,5800.0,-2653.7
5400.0,5800.0,-2656.5
5500.0,5800.0,-2653.1
5600.0,5800.0,-2656.5
5700.0,5800.0,-2659.9
5800.0,5800.0,-2656.7
5900.0,5800.0,-2660.0
6000.0,5800.0,-2658.4
6100.0,5800.0,-2656.7
6200.0,5800.0,-2660.7
6300.0,5800.0,-2656.8
6400.0,5800.0,-2663.0
6500.0,5800.0,-2654.0
6600.0,5800.0,-2661.1
6700.0,5800.0,-2657.7
6800.0,5800.0,-2659.4
6900.0,5800.0,-2668.6
7000.0,5800.0,-2665.6
7100.0,5800.0,-2663.6
7200.0,5800.0,-2667.6
7300.0,5800.0,-2670.6
7400.0,5800.0,-2664.8
7500.0,5800.0,-2664.5
7600.0,5800.0,-2657.5
7700.0,5800.0,-2660.1
7800.0,5800.0,-2660.9
7900.0,5800.0,-2656.0
8000.0,5800.0,-2650.5
8100.0,5800.0,-2646.7
8200.0,5800.0,-2651.0
8300.0,5800.0,-2641.8
8400.0,5800.0,-2637.6
8500.0,5800.0,-2633.2
8600.0,5800.0,-2635.3
8700.0,5800.0,-2627.0
8800.0,5800.0,-2628.8
8900.0,5800.0,-2616.3
9000.0,5800.0,-2605.8
9100.0,5800.0,-2605.2
9200.0,5800.0,-2599.7
9300.0,5800.0,-2594.0
9400.0,5800.0,-2587.2
9500.0,5800.0,-2573.2
9600.0,5800.0,-2565.8
9700.0,5800.0,-2562.3
9800.0,5800.0,-2547.8
9900.0,5800.0,-2549.2
10000.0,5800.0,-2537.5
10100.0,5800.0,-2531.8
10200.0,5800.0,-2528.9
10300.0,5800.0,-2521.0
10400.0,5800.0,-2514.8
10500.0,5800.0,-2514.4
10600.0,5800.0,-2497.6
10700.0,5800.0,-2498.9
10800.0,5800.0,-2503.2
10900.0,5800.0,-2493.4
11000.0,5800.0,-2495.2
11100.0,5800.0,-2490.8
11200.0,5800.0,-2495.9
11300.0,5800.0,-2493.1
11400.0,5800.0,-2487.5
11500.0,5800.0,-2489.2
11600.0,5800.0,-2493.0
11700.0,5800.0,-2498.0
11800.0,5800.0,-2507.1
11900.0,5800.0,-2508.1
12000.0,5800.0,-2507.1
12100.0,5800.0,-2513.9
12200.0,5800.0,-2519.3
12300.0,5800.0,-2522.0
12400.0,5800.0,-2525.6
12500.0,5800.0,-2539.6
12600.0,5800.0,-2540.6
12700.0,5800.0,-2545.6
12800.0,5800.0,-2551.5
12900.0,5800.0,-2554.2
13000.0,5800.0,-2556.8
13100.0,5800.0,-2570.7
13200.0,5800.0,-2578.0
13300.0,5800.0,-2580.0
13400.0,5800.0,-2589.2
13500.0,5800.0,-2592.2
13600.0,5800.0,-2601.1
13700.0,5800.0,-2603.9
13800.0,5800.0,-2612.1
13900.0,5800.0,-2613.0
14000.0,5800.0,-2616.2
14100.0,5800.0,-2617.8
14200.0,5800.0,-2616.3
14300.0,5800.0,-2628.2
14400.0,5800.0,-2629.2
14500.0,5800.0,-2628.4
14600.0,5800.0,-2632.9
14700.0,5800.0,-2634.4
14800.0,5800.0,-2633.5
14900.0,5800.0,-2638.0
15000.0,5800.0,-2645.7
15100.0,5800.0,-2642.9
15200.0,5800.0,-2643.2
15300.0,5800.0,-2640.9
15400.0,5800.0,-2646.1
15500.0,5800.0,-2651.0
15600.0,5800.0,-2650.4
15700.0,5800.0,-2651.7
15800.0,5800.0,-2650.9
15900.0,5800.0,-2653.7
16000.0,5800.0,-2652.8
16100.0,5800.0,-2648.9
16200.0,5800.0,-2655.5
16300.0,5800.0,-2657.5
16400.0,5800.0,-2650.1
16500.0,5800.0,-2648.0
16600.0,5800.0,-2649.0
16700.0,5800.0,-2649.8
16800.0,5800.0,-2647.4
16900.0,5800.0,-2644.1
17000.0,5800.0,-2642.0
17100.0,5800.0,-2639.9
17200.0,5800.0,-2640.8
17300.0,5800.0,-2641.5
17400.0,5800.0,-2641.5
17500.0,5800.0,-2633.7
17600.0,5800.0,-2627.4
17700.0,5800.0,-2625.7
17800.0,5800.0,-2629.2
17900.0,5800.0,-2626.2
18000.0,5800.0,-2620.6
18100.0,5800.0,-2621.9
18200.0,5800.0,-2615.1
18300.0,5800.0,-2611.5
18400.0,5800.0,-2615.2
18500.0,5800.0,-2604.9
18600.0,5800.0,-2606.4
18700.0,5800.0,-2608.7
18800.0,5800.0,-2610.3
18900.0,5800.0,-2609.1
19000.0,5800.0,-2609.4
19100.0,5800.0,-2599.5
19200.0,5800.0,-2603.2
19300.0,5800.0,-2600.8
19400.0,5800.0,-2604.7
19500.0,5800.0,-2608.0
19600.0,5800.0,-2604.6
19700.0,5800.0,-2609.6
19800.0,5800.0,-2605.0
19900.0,5800.0,-2605.6
20000.0,5800.0,-2605.9
0.0,5900.0,-2671.7
100.0,5900.0,-2673.6
200.0,5900.0,-2677.1
300.0,5900.0,-2676.4
400.0,5900.0,-2680.6
500.0,5900.0,-2683.0
600.0,5900.0,-2679.2
700.0,5900.0,-2680.1
800.0,5900.0,-2681.9
900.0,5900.0,-2683.9
1000.0,5900.0,-2683.8
1100.0,5900.0,-2680.6
1200.0,5900.0,-2679.7
1300.0,5900.0,-2685.6
1400.0,5900.0,-2688.7
1500.0,5900.0,-2677.8
1600.0,5900.0,-2678.9
1700.0,5900.0,-2675.5
1800.0,5900.0,-2675.7
1900.0,5900.0,-2663.0
2000.0,5900.0,-2671.7
2100.0,5900.0,-2670.0
2200.0,5900.0,-2660.9
2300.0,5900.0,-2664.6
2400.0,5900.0,-2666.3
2500.0,5900.0,-2661.5
2600.0,5900.0,-2662.2
2700.0,5900.0,-2658.1
2800.0,5900.0,-2662.1
2900.0,5900.0,-2651.7
3000.0,5900.0,-2649.7
3100.0,5900.0,-2645.7
3200.0,5900.0,-2648.7
3300.0,5900.0,-2648.3
3400.0,5900.0,-2643.8
3500.0,5900.0,-2645.8
3600.0,5900.0,-2651.9
3700.0,5900.0,-2643.4
3800.0,5900.0,-2642.8
3900.0,5900.0,-2650.6
4000.0,5900.0,-2647.3
4100.0,5900.0,-2647.2
4200.0,5900.0,-2643.6
4300.0,5900.0,-2642.4
4400.0,5900.0,-2640.6
4500.0,5900.0,-2647.1
4600.0,5900.0,-2648.7
4700.0,5900.0,-2646.9
4800.0,5900.0,-2645.8
4900.0,5900.0,-2648.5
5000.0,5900.0,-2646.3
5100.0,5900.0,-2648.4
5200.0,5900.0,-2641.5
5300.0,5900.0,-2645.0
5400.0,5900.0,-2651.1
5500.0,5900.0,-2649.6
5600.0,5900.0,-2652.9
5700.0,5900.0,-2657.1
5800.0,5900.0,-2650.7
5900.0,5900.0,-2655.9
6000.0,5900.0,-2651.6
6100.0,5900.0,-2654.1
6200.0,5900.0,-2658.6
6300.0,5900.0,-2654.8
6400.0,5900.0,-2652.8
6500.0,5900.0,-2657.6
6600.0,5900.0,-2653.4
6700.0,5900.0,-2656.2
6800.0,5900.0,-2660.2
6900.0,5900.0,-2659.5
7000.0,5900.0,-2658.7
7100.0,5900.0,-2660.1
7200.0,5900.0,-2659.9
7300.0,5900.0,-2658.4
7400.0,5900.0,-2653.4
7500.0,5900.0,-2656.8
7600.0,5900.0,-2658.6
7700.0,5900.0,-2657.5
7800.0,5900.0,-2658.2
7900.0,5900.0,-2654.4
8000.0,5900.0,-2651.6
8100.0,5900.0,-2646.3
8200.0,5900.0,-2645.4
8300.0,5900.0,-2636.6
8400.0,5900.0,-2639.7
8500.0,5900.0,-2634.4
8600.0,5900.0,-2627.5
8700.0,5900.0,-2624.2
8800.0,5900.0,-2619.4
8900.0,5900.0,-2610.5
9000.0,5900.0,-2605.9
9100.0,5900.0,-2601.3
9200.0,5900.0,-2595.9
9300.0,5900.0,-2589.1
9400.0,5900.0,-2580.7
9500.0,5900.0,-2572.8
9600.0,5900.0,-2564.4
9700.0,5900.0,-2560.1
9800.0,5900.0,-2549.6
9900.0,5900.0,-2550.3
10000.0,5900.0,-2542.1
10100.0,5900.0,-2527.1
10200.0,5900.0,-2521.4
10300.0,5900.0,-2514.5
10400.0,5900.0,-2510.8
10500.0,5900.0,-2506.5
10600.0,5900.0,-2501.9
10700.0,5900.0,-2497.5
10800.0,5900.0,-2498.7
10900.0,5900.0,-2488.7
11000.0,5900.0,-2487.8
11100.0,5900.0,-2488.9
11200.0,5900.0,-2484.0
11300.0,5900.0,-2491.6
11400.0,5900.0,-2485.3
11500.0,5900.0,-2484.0
11600.0,5900.0,-2487.2
11700.0,5900.0,-2491.2
11800.0,5900.0,-2493.7
11900.0,5900.0,-2500.3
12000.0,5900.0,-2497.1
12100.0,5900.0,-2507.3
12200.0,5900.0,-2510.6
12300.0,5900.0,-2517.4
12400.0,5900.0,-2515.1
12500.0,5900.0,-2527.5
12600.0,5900.0,-2533.3
12700.0,5900.0,-2536.3
12800.0,5900.0,-2547.2
12900.0,5900.0,-2546.4
13000.0,5900.0,-2554.5
13100.0,5900.0,-2561.9
13200.0,5900.0,-2570.0
13300.0,5900.0,-2575.2
13400.0,5900.0,-2582.0
13500.0,5900.0,-2583.5
13600.0,5900.0,-2585.5
13700.0,5900.0,-2601.2
13800.0,5900.0,-2604.8
13900.0,5900.0,-2606.2
14000.0,5900.0,-2608.0
14100.0,5900.0,-2611.8
14200.0,5900.0,-2615.6
14300.0,5900.0,-2621.8
14400.0,5900.0,-2626.5
14500.0,5900.0,-2625.1
14600.0,5900.0,-2629.6
14700.0,5900.0,-2633.9
14800.0,5900.0,-2631.9
14900.0,5900.0,-2634.1
15000.0,5900.0,-2636.2
15100.0,5900.0,-2639.4
15200.0,5900.0,-2645.8
15300.0,5900.0,-2643.0
15400.0,5900.0,-2650.0
15500.0,5900.0,-2643.8
15600.0,5900.0,-2646.2
15700.0,5900.0,-2650.8
15800.0,5900.0,-2653.0
15900.0,5900.0,-2649.5
16000.0,5900.0,-2646.5
16100.0,5900.0,-2653.5
16200.0,5900.0,-2648.9
16300.0,5900.0,-2653.9
16400.0,5900.0,-2651.2
16500.0,5900.0,-2651.4
16600.0,5900.0,-2651.3
16700.0,5900.0,-2651.9
16800.0,5900.0,-2652.7
16900.0,5900.0,-2650.8
17000.0,5900.0,-2654.1
17100.0,5900.0,-2646.8
17200.0,5900.0,-2642.5
17300.0,5900.0,-2644.1
17400.0,5900.0,-2642.4
17500.0,5900.0,-2637.1
17600.0,5900.0,-2635.9
17700.0,5900.0,-2630.7
17800.0,5900.0,-2625.6
17900.0,5900.0,-2631.6
18000.0,5900.0,-2626.8
18100.0,5900.0,-2622.3
18200.0,5900.0,-2613.8
18300.0,5900.0,-2614.5
18400.0,5900.0,-2613.4
18500.0,5900.0,-2616.2
18600.0,5900.0,-2611.9
18700.0,5900.0,-2610.4
18800.0,5900.0,-2608.7
18900.0,5900.0,-2611.6
19000.0,5900.0,-2610.8
19100.0,5900.0,-2606.2
19200.0,5900.0,-2604.2
19300.0,5900.0,-2605.8
19400.0,5900.0,-2608.3
19500.0,5900.0,-2603.9
19600.0,5900.0,-2603.0
19700.0,5900.0,-2611.1
19800.0,5900.0,-2605.4
19900.0,5900.0,-2606.2
20000.0,5900.0,-2606.3
0.0,6000.0,-2676.2
100.0,6000.0,-2676.9
200.0,6000.0,-2679.1
300.0,6000.0,-2673.9
400.0,6000.0,-2680.7
500.0,6000.0,-2680.9
600.0,6000.0,-2683.4
700.0,6000.0,-2682.6
800.0,6000.0,-2680.8
900.0,6000.0,-2687.8
1000.0,6000.0,-2682.1
1100.0,6000.0,-2687.0
1200.0,6000.0,-2683.5
1300.0,6000.0,-2681.8
1400.0,6000.0,-2681.7
1500.0,6000.0,-2677.9
1600.0,6000.0,-2675.5
1700.0,6000.0,-2672.2
1800.0,6000.0,-2676.8
1900.0,6000.0,-2669.4
2000.0,6000.0,-2662.3
2100.0,6000.0,-2670.4
2200.0,6000.0,-2663.6
2300.0,6000.0,-2661.1
2400.0,6000.0,-2661.0
2500.0,6000.0,-2655.2
2600.0,6000.0,-2658.1
2700.0,6000.0,-2657.5
2800.0,6000.0,-2653.7
2900.0,6000.0,-2653.6
3000.0,6000.0,-2645.5
3100.0,6000.0,-2650.0
3200.0,6000.0,-2650.2
3300.0,6000.0,-2649.4
3400.0,6000.0,-2645.0
3500.0,6000.0,-2649.6
3600.0,6000.0,-2646.8
3700.0,6000.0,-2645.9
3800.0,6000.0,-2643.3
3900.0,6000.0,-2642.4
4000.0,6000.0,-2642.6
4100.0,6000.0,-2637.0
4200.0,6000.0,-2642.2
4300.0,6000.0,-2633.9
4400.0,6000.0,-2636.8
4500.0,6000.0,-2642.9
4600.0,6000.0,-2639.5
4700.0,6000.0,-2643.8
4800.0,6000.0,-2641.7
4900.0,6000.0,-2641.3
5000.0,6000.0,-2642.9
5100.0,6000.0,-2640.7
5200.0,6000.0,-2641.6
5300.0,6000.0,-2640.8
5400.0,6000.0,-2645.0
5500.0,6000.0,-2643.3
5600.0,6000.0,-2641.7
5700.0,6000.0,-2644.4
5800.0,6000.0,-2647.7
5900.0,6000.0,-2648.6
6000.0,6000.0,-2645.4
6100.0,6000.0,-2646.9
6200.0,6000.0,-2651.6
6300.0,6000.0,-2648.1
6400.0,6000.0,-2646.4
6500.0,6000.0,-2645.2
6600.0,6000.0,-2647.7
6700.0,6000.0,-2647.4
6800.0,6000.0,-2645.7
6900.0,6000.0,-2651.7
7000.0,6000.0,-2645.9
7100.0,6000.0,-2645.4
7200.0,6000.0,-2655.8
7300.0,6000.0,-2649.4
7400.0,6000.0,-2660.4
7500.0,6000.0,-2643.6
7600.0,6000.0,-2646.6
7700.0,6000.0,-2649.2
7800.0,6000.0,-2649.0
7900.0,6000.0,-2643.0
8000.0,6000.0,-2644.1
8100.0,6000.0,-2637.9
8200.0,6000.0,-2637.4
8300.0,6000.0,-2635.5
8400.0,6000.0,-2633.8
8500.0,6000.0,-2629.1
8600.0,6000.0,-2620.9
8700.0,6000.0,-2622.3
8800.0,6000.0,-2616.9
8900.0,6000.0,-2614.2
9000.0,6000.0,-2602.6
9100.0,6000.0,-2593.5
9200.0,6000.0,-2594.1
9300.0,6000.0,-2588.5
9400.0,6000.0,-2575.5
9500.0,6000.0,-2568.7
9600.0,6000.0,-2560.3
9700.0,6000.0,-2554.2
9800.0,6000.0,-2550.9
9900.0,6000.0,-2546.8
10000.0,6000.0,-2532.3
10100.0,6000.0,-2529.2
10200.0,6000.0,-2520.7
10300.0,6000.0,-2513.7
10400.0,6000.0,-2514.7
10500.0,6000.0,-2503.4
10600.0,6000.0,-2495.5
10700.0,6000.0,-2488.2
10800.0,6000.0,-2496.3
10900.0,6000.0,-2485.1
11000.0,6000.0,-2485.8
11100.0,6000.0,-2476.3
11200.0,6000.0,-2478.9
11300.0,6000.0,-2477.6
11400.0,6000.0,-2476.3
11500.0,6000.0,-2478.4
11600.0,6000.0,-2481.4
11700.0,6000.0,-2482.1
11800.0,6000.0,-2483.7
11900.0,6000.0,-2491.2
12000.0,6000.0,-2491.5
12100.0,6000.0,-2500.2
12200.0,6000.0,-2504.4
12300.0,6000.0,-2500.0
12400.0,6000.0,-2509.2
12500.0,6000.0,-2520.3
12600.0,6000.0,-2520.6
12700.0,6000.0,-2525.8
12800.0,6000.0,-2536.3
12900.0,6000.0,-2546.3
13000.0,6000.0,-2547.7
13100.0,6000.0,-2558.3
13200.0,6000.0,-2566.6
13300.0,6000.0,-2567.3
13400.0,6000.0,-2569.2
13500.0,6000.0,-2576.6
13600.0,6000.0,-2587.0
13700.0,6000.0,-2591.7
13800.0,6000.0,-2597.2
13900.0,6000.0,-2602.1
14000.0,6000.0,-2602.9
14100.0,6000.0,-2610.5
14200.0,6000.0,-2612.6
14300.0,6000.0,-2617.9
14400.0,6000.0,-2620.3
14500.0,6000.0,-2620.8
14600.0,6000.0,-2624.5
14700.0,6000.0,-2626.4
14800.0,6000.0,-2633.5
14900.0,6000.0,-2630.5
15000.0,6000.0,-2636.6
15100.0,6000.0,-2642.5
15200.0,6000.0,-2645.2
15300.0,6000.0,-2640.1
15400.0,6000.0,-2645.8
15500.0,6000.0,-2645.7
15600.0,6000.0,-2650.9
15700.0,6000.0,-2650.3
15800.0,6000.0,-2651.7
15900.0,6000.0,-2654.1
16000.0,6000.0,-2644.5
16100.0,6000.0,-2652.2
16200.0,6000.0,-2655.6
16300.0,6000.0,-2658.1
16400.0,6000.0,-2650.8
16500.0,6000.0,-2652.1
16600.0,6000.0,-2654.8
16700.0,6000.0,-2654.3
16800.0,6000.0,-2650.3
16900.0,6000.0,-2654.0
17000.0,6000.0,-2651.8
17100.0,6000.0,-2651.9
17200.0,6000.0,-2654.5
17300.0,6000.0,-2656.9
17400.0,6000.0,-2643.2
17500.0,6000.0,-2646.7
17600.0,6000.0,-2642.9
17700.0,6000.0,-2640.6
17800.0,6000.0,-2630.9
17900.0,6000.0,-2637.1
18000.0,6000.0,-2636.0
18100.0,6000.0,-2626.6
18200.0,6000.0,-2623.3
18300.0,6000.0,-2619.1
18400.0,6000.0,-2622.0
18500.0,6000.0,-2617.2
18600.0,6000.0,-2618.9
18700.0,6000.0,-2616.5
18800.0,6000.0,-2611.6
18900.0,6000.0,-2606.2
19000.0,6000.0,-2612.2
19100.0,6000.0,-2608.3
19200.0,6000.0,-2605.1
19300.0,6000.0,-2609.4
19400.0,6000.0,-2607.4
19500.0,6000.0,-2609.5
19600.0,6000.0,-2602.5
19700.0,6000.0,-2606.1
19800.0,6000.0,-2605.3
19900.0,6000.0,-2608.3
20000.0,6000.0,-2608.7
0.0,6100.0,-2678.0
100.0,6100.0,-2681.9
200.0,6100.0,-2678.8
300.0,6100.0,-2684.2
400.0,6100.0,-2678.1
500.0,6100.0,-2685.9
600.0,6100.0,-2688.8
700.0,6100.0,-2681.4
800.0,6100.0,-2683.8
900.0,6100.0,-2692.1
1000.0,6100.0,-2681.3
1100.0,6100.0,-2683.1
1200.0,6100.0,-2684.0
1300.0,6100.0,-2684.3
1400.0,6100.0,-2682.9
1500.0,6100.0,-2676.9
1600.0,6100.0,-2677.0
1700.0,6100.0,-2679.4
1800.0,6100.0,-2671.1
1900.0,6100.0,-2672.4
2000.0,6100.0,-2665.3
2100.0,6100.0,-2669.0
2200.0,6100.0,-2665.1
2300.0,6100.0,-2663.3
2400.0,6100.0,-2663.9
2500.0,6100.0,-2656.3
2600.0,6100.0,-2657.9
2700.0,6100.0,-2656.7
2800.0,6100.0,-2654.1
2900.0,6100.0,-2650.7
3000.0,6100.0,-2653.0
3100.0,6100.0,-2646.9
3200.0,6100.0,-2641.0
3300.0,6100.0,-2646.3
3400.0,6100.0,-2641.3
3500.0,6100.0,-2638.5
3600.0,6100.0,-2639.5
3700.0,6100.0,-2639.1
3800.0,6100.0,-2636.8
3900.0,6100.0,-2638.5
4000.0,6100.0,-2637.6
4100.0,6100.0,-2640.6
4200.0,6100.0,-2632.7
4300.0,6100.0,-2633.3
4400.0,6100.0,-2634.5
4500.0,6100.0,-2635.4
4600.0,6100.0,-2637.7
4700.0,6100.0,-2637.0
4800.0,6100.0,-2638.4
4900.0,6100.0,-2634.9
5000.0,6100.0,-2640.3
5100.0,6100.0,-2635.9
5200.0,6100.0,-2640.0
5300.0,6100.0,-2637.2
5400.0,6100.0,-2636.8
5500.0,6100.0,-2638.6
5600.0,6100.0,-2638.1
5700.0,6100.0,-2644.0
5800.0,6100.0,-2639.8
5900.0,6100.0,-2640.2
6000.0,6100.0,-2637.4
6100.0,6100.0,-2646.5
6200.0,6100.0,-2639.8
6300.0,6100.0,-2643.5
6400.0,6100.0,-2638.1
6500.0,6100.0,-2645.0
6600.0,6100.0,-2643.5
6700.0,6100.0,-2651.0
6800.0,6100.0,-2649.9
6900.0,6100.0,-2647.6
7000.0,6100.0,-2646.3
7100.0,6100.0,-2644.3
7200.0,6100.0,-2648.6
7300.0,6100.0,-2647.3
7400.0,6100.0,-2643.6
7500.0,6100.0,-2646.6
7600.0,6100.0,-2647.0
7700.0,6100.0,-2640.7
7800.0,6100.0,-2638.7
7900.0,6100.0,-2639.6
8000.0,6100.0,-2636.3
8100.0,6100.0,-2635.7
8200.0,6100.0,-2632.5
8300.0,6100.0,-2630.6
8400.0,6100.0,-2631.5
8500.0,6100.0,-2619.5
8600.0,6100.0,-2622.1
8700.0,6100.0,-2618.4
8800.0,6100.0,-2611.9
8900.0,6100.0,-2602.1
9000.0,6100.0,-2594.6
9100.0,6100.0,-2590.2
9200.0,6100.0,-2583.6
9300.0,6100.0,-2584.2
9400.0,6100.0,-2576.5
9500.0,6100.0,-2564.4
9600.0,6100.0,-2559.8
9700.0,6100.0,-2553.8
9800.0,6100.0,-2544.7
9900.0,6100.0,-2536.9
10000.0,6100.0,-2528.7
10100.0,6100.0,-2522.0
10200.0,6100.0,-2515.2
10300.0,6100.0,-2515.1
10400.0,6100.0,-2508.1
10500.0,6100.0,-2494.2
10600.0,6100.0,-2493.6
10700.0,6100.0,-2486.4
10800.0,6100.0,-2484.7
10900.0,6100.0,-2480.6
11000.0,6100.0,-2478.5
11100.0,6100.0,-2476.3
11200.0,6100.0,-2469.2
11300.0,6100.0,-2475.2
11400.0,6100.0,-2461.9
11500.0,6100.0,-2478.9
11600.0,6100.0,-2478.0
11700.0,6100.0,-2475.3
11800.0,6100.0,-2478.4
11900.0,6100.0,-2484.2
12000.0,6100.0,-2481.8
12100.0,6100.0,-2487.9
12200.0,6100.0,-2487.2
12300.0,6100.0,-2494.3
12400.0,6100.0,-2498.4
12500.0,6100.0,-2510.8
12600.0,6100.0,-2516.3
12700.0,6100.0,-2522.8
12800.0,6100.0,-2532.0
12900.0,6100.0,-2531.5
13000.0,6100.0,-2543.7
13100.0,6100.0,-2547.7
13200.0,6100.0,-2551.7
13300.0,6100.0,-2565.3
13400.0,6100.0,-2566.3
13500.0,6100.0,-2574.2
13600.0,6100.0,-2579.7
13700.0,6100.0,-2577.6
13800.0,6100.0,-2586.8
13900.0,6100.0,-2593.6
14000.0,6100.0,-2601.8
14100.0,6100.0,-2605.9
14200.0,6100.0,-2609.2
14300.0,6100.0,-2611.7
14400.0,6100.0,-2612.1
14500.0,6100.0,-2622.6
14600.0,6100.0,-2624.9
14700.0,6100.0,-2624.6
14800.0,6100.0,-2624.8
14900.0,6100.0,-2634.1
15000.0,6100.0,-2636.6
15100.0,6100.0,-2634.4
15200.0,6100.0,-2636.1
15300.0,6100.0,-2638.1
15400.0,6100.0,-2641.3
15500.0,6100.0,-2644.5
15600.0,6100.0,-2640.9
15700.0,6100.0,-2647.8
15800.0,6100.0,-2650.4
15900.0,6100.0,-2649.2
16000.0,6100.0,-2650.6
16100.0,6100.0,-2653.2
16200.0,6100.0,-2655.9
16300.0,6100.0,-2660.1
16400.0,6100.0,-2658.8
16500.0,6100.0,-2658.2
16600.0,6100.0,-2657.6
16700.0,6100.0,-2657.5
16800.0,6100.0,-2656.9
16900.0,6100.0,-2654.9
17000.0,6100.0,-2654.2
17100.0,6100.0,-2656.0
17200.0,6100.0,-2652.7
17300.0,6100.0,-2656.0
17400.0,6100.0,-2649.8
17500.0,6100.0,-2648.8
17600.0,6100.0,-2644.9
17700.0,6100.0,-2646.3
17800.0,6100.0,-2641.9
17900.0,6100.0,-2638.3
18000.0,6100.0,-2638.1
18100.0,6100.0,-2635.0
18200.0,6100.0,-2625.6
18300.0,6100.0,-2626.8
18400.0,6100.0,-2632.4
18500.0,6100.0,-2620.1
18600.0,6100.0,-2619.1
18700.0,6100.0,-2615.1
18800.0,6100.0,-2610.0
18900.0,6100.0,-2614.4
19000.0,6100.0,-2613.0
19100.0,6100.0,-2607.6
19200.0,6100.0,-2608.4
19300.0,6100.0,-2599.9
19400.0,6100.0,-2602.7
19500.0,6100.0,-2604.8
19600.0,6100.0,-2601.6
19700.0,6100.0,-2611.2
19800.0,6100.0,-2606.9
19900.0,6100.0,-2609.2
20000.0,6100.0,-2611.7
0.0,6200.0,-2680.1
100.0,6200.0,-2681.0
200.0,6200.0,-2685.1
300.0,6200.0,-2685.7
400.0,6200.0,-2684.4
500.0,6200.0,-2685.2
600.0,6200.0,-2685.7
700.0,6200.0,-2687.7
800.0,6200.0,-2688.2
900.0,6200.0,-2684.6
1000.0,6200.0,-2690.3
1100.0,6200.0,-2685.2
1200.0,6200.0,-2689.8
1300.0,6200.0,-2687.3
1400.0,6200.0,-2682.0
1500.0,6200.0,-2683.3
1600.0,6200.0,-2682.9
1700.0,6200.0,-2674.3
1800.0,6200.0,-2673.5
1900.0,6200.0,-2672.9
2000.0,6200.0,-2674.2
2100.0,6200.0,-2670.0
2200.0,6200.0,-2668.7
2300.0,6200.0,-2664.4
2400.0,6200.0,-2659.4
2500.0,6200.0,-2654.9
2600.0,6200.0,-2658.6
2700.0,6200.0,-2651.9
2800.0,6200.0,-2651.8
2900.0,6200.0,-2651.1
3000.0,6200.0,-2645.2
3100.0,6200.0,-2649.1
3200.0,6200.0,-2646.5
3300.0,6200.0,-2642.2
3400.0,6200.0,-2640.8
3500.0,6200.0,-2636.5
3600.0,6200.0,-2632.4
3700.0,6200.0,-2640.6
3800.0,6200.0,-2639.6
3900.0,6200.0,-2630.4
4000.0,6200.0,-2636.2
4100.0,6200.0,-2638.3
4200.0,6200.0,-2636.2
4300.0,6200.0,-2634.7
4400.0,6200.0,-2631.9
4500.0,6200.0,-2632.9
4600.0,6200.0,-2626.2
4700.0,6200.0,-2633.0
4800.0,6200.0,-2634.6
4900.0,6200.0,-2636.0
5000.0,6200.0,-2636.7
5100.0,6200.0,-2633.7
5200.0,6200.0,-2631.5
5300.0,6200.0,-2633.2
5400.0,6200.0,-2633.5
5500.0,6200.0,-2635.7
5600.0,6200.0,-2633.3
5700.0,6200.0,-2630.5
5800.0,6200.0,-2631.4
5900.0,6200.0,-2634.7
6000.0,6200.0,-2633.7
6100.0,6200.0,-2629.8
6200.0,6200.0,-2636.9
6300.0,6200.0,-2634.8
6400.0,6200.0,-2638.0
6500.0,6200.0,-2634.7
6600.0,6200.0,-2634.9
6700.0,6200.0,-2634.1
6800.0,6200.0,-2642.6
6900.0,6200.0,-2633.1
7000.0,6200.0,-2635.4
7100.0,6200.0,-2639.3
7200.0,6200.0,-2637.7
7300.0,6200.0,-2635.2
7400.0,6200.0,-2639.1
7500.0,6200.0,-2637.8
7600.0,6200.0,-2631.1
7700.0,6200.0,-2635.8
7800.0,6200.0,-2640.9
7900.0,6200.0,-2631.0
8000.0,6200.0,-2629.9
8100.0,6200.0,-2630.5
8200.0,6200.0,-2625.7
8300.0,6200.0,-2625.6
8400.0,6200.0,-2624.9
8500.0,6200.0,-2612.0
8600.0,6200.0,-2615.5
8700.0,6200.0,-2614.7
8800.0,6200.0,-2608.0
8900.0,6200.0,-2603.0
9000.0,6200.0,-2595.3
9100.0,6200.0,-2589.4
9200.0,6200.0,-2585.2
9300.0,6200.0,-2576.3
9400.0,6200.0,-2569.1
9500.0,6200.0,-2565.2
9600.0,6200.0,-2561.0
9700.0,6200.0,-2551.8
9800.0,6200.0,-2540.6
9900.0,6200.0,-2531.6
10000.0,6200.0,-2524.5
10100.0,6200.0,-2522.5
10200.0,6200.0,-2517.6
10300.0,6200.0,-2507.9
10400.0,6200.0,-2500.8
10500.0,6200.0,-2495.7
10600.0,6200.0,-2487.8
10700.0,6200.0,-2484.0
10800.0,6200.0,-2475.9
10900.0,6200.0,-2477.5
11000.0,6200.0,-2470.4
11100.0,6200.0,-2464.7
11200.0,6200.0,-2465.6
11300.0,6200.0,-2465.6
11400.0,6200.0,-2468.4
11500.0,6200.0,-2465.7
11600.0,6200.0,-2463.4
11700.0,6200.0,-2465.1
11800.0,6200.0,-2469.3
11900.0,6200.0,-2473.0
12000.0,6200.0,-2474.4
12100.0,6200.0,-2481.6
12200.0,6200.0,-2483.5
12300.0,6200.0,-2489.1
12400.0,6200.0,-2497.6
12500.0,6200.0,-2501.5
12600.0,6200.0,-2508.0
12700.0,6200.0,-2515.9
12800.0,6200.0,-2521.3
12900.0,6200.0,-2523.1
13000.0,6200.0,-2529.7
13100.0,6200.0,-2542.0
13200.0,6200.0,-2540.5
13300.0,6200.0,-2551.2
13400.0,6200.0,-2559.6
13500.0,6200.0,-2567.1
13600.0,6200.0,-2573.6
13700.0,6200.0,-2579.0
13800.0,6200.0,-2586.6
13900.0,6200.0,-2590.9
14000.0,6200.0,-2594.5
14100.0,6200.0,-2593.2
14200.0,6200.0,-2602.7
14300.0,6200.0,-2611.8
14400.0,6200.0,-2611.1
14500.0,6200.0,-2619.4
14600.0,6200.0,-2622.2
14700.0,6200.0,-2619.6
14800.0,6200.0,-2625.0
14900.0,6200.0,-2628.7
15000.0,6200.0,-2626.6
15100.0,6200.0,-2631.3
15200.0,6200.0,-2633.1
15300.0,6200.0,-2642.3
15400.0,6200.0,-2639.0
15500.0,6200.0,-2649.3
15600.0,6200.0,-2649.3
15700.0,6200.0,-2647.0
15800.0,6200.0,-2645.5
15900.0,6200.0,-2646.4
16000.0,6200.0,-2649.0
16100.0,6200.0,-2657.4
16200.0,6200.0,-2660.3
16300.0,6200.0,-2656.3
16400.0,6200.0,-2659.3
16500.0,6200.0,-2656.6
16600.0,6200.0,-2659.4
16700.0,6200.0,-2657.9
16800.0,6200.0,-2661.4
16900.0,6200.0,-2657.5
17000.0,6200.0,-2658.8
17100.0,6200.0,-2661.0
17200.0,6200.0,-2655.6
17300.0,6200.0,-2660.6
17400.0,6200.0,-2657.2
17500.0,6200.0,-2650.8
17600.0,6200.0,-2650.0
17700.0,6200.0,-2650.1
17800.0,6200.0,-2648.8
17900.0,6200.0,-2642.4
18000.0,6200.0,-2643.3
18100.0,6200.0,-2638.1
18200.0,6200.0,-2633.7
18300.0,6200.0,-2630.0
18400.0,6200.0,-2624.4
18500.0,6200.0,-2622.7
18600.0,6200.0,-2619.5
18700.0,6200.0,-2615.3
18800.0,6200.0,-2609.3
18900.0,6200.0,-2617.6
19000.0,6200.0,-2613.5
19100.0,6200.0,-2611.4
19200.0,6200.0,-2606.2
19300.0,6200.0,-2607.1
19400.0,6200.0,-2604.7
19500.0,6200.0,-2600.0
19600.0,6200.0,-2609.8
19700.0,6200.0,-2602.7
19800.0,6200.0,-2602.5
19900.0,6200.0,-2610.5
20000.0,6200.0,-2603.5
0.0,6300.0,-2682.6
100.0,6300.0,-2686.8
200.0,6300.0,-2681.3
300.0,6300.0,-2693.7
400.0,6300.0,-2680.8
500.0,6300.0,-2688.3
600.0,6300.0,-2688.7
700.0,6300.0,-2692.7
800.0,6300.0,-2688.9
900.0,6300.0,-2686.9
1000.0,6300.0,-2692.0
1100.0,6300.0,-2689.3
1200.0,6300.0,-2678.4
1300.0,6300.0,-2685.3
1400.0,6300.0,-2685.9
1500.0,6300.0,-2679.4
1600.0,6300.0,-2681.8
1700.0,6300.0,-2683.1
1800.0,6300.0,-2674.4
1900.0,6300.0,-2669.0
2000.0,6300.0,-2670.8
2100.0,6300.0,-2662.3
2200.0,6300.0,-2667.7
2300.0,6300.0,-2661.6
2400.0,6300.0,-2660.0
2500.0,6300.0,-2653.8
2600.0,6300.0,-2656.9
2700.0,6300.0,-2653.3
2800.0,6300.0,-2656.0
2900.0,6300.0,-2649.8
3000.0,6300.0,-2647.0
3100.0,6300.0,-2645.1
3200.0,6300.0,-2641.7
3300.0,6300.0,-2641.4
3400.0,6300.0,-2638.4
3500.0,6300.0,-2640.1
3600.0,6300.0,-2636.1
3700.0,6300.0,-2636.4
3800.0,6300.0,-2637.2
3900.0,6300.0,-2630.5
4000.0,6300.0,-2634.4
4100.0,6300.0,-2634.5
4200.0,6300.0,-2631.9
4300.0,6300.0,-2633.3
4400.0,6300.0,-2632.7
4500.0,6300.0,-2627.7
4600.0,6300.0,-2632.0
4700.0,6300.0,-2633.7
4800.0,6300.0,-2626.3
4900.0,6300.0,-2628.7
5000.0,6300.0,-2628.1
5100.0,6300.0,-2626.2
5200.0,6300.0,-2627.7
5300.0,6300.0,-2626.7
5400.0,6300.0,-2629.8
5500.0,6300.0,-2626.2
5600.0,6300.0,-2624.1
5700.0,6300.0,-2627.9
5800.0,6300.0,-2630.7
5900.0,6300.0,-2631.8
6000.0,6300.0,-2629.0
6100.0,6300.0,-2630.9
6200.0,6300.0,-2630.9
6300.0,6300.0,-2632.6
6400.0,6300.0,-2628.0
6500.0,6300.0,-2638.6
6600.0,6300.0,-2629.2
6700.0,6300.0,-2632.9
6800.0,6300.0,-2633.6
6900.0,6300.0,-2630.1
7000.0,6300.0,-2635.0
7100.0,6300.0,-2629.7
7200.0,6300.0,-2630.4
7300.0,6300.0,-2633.1
7400.0,6300.0,-2632.7
7500.0,6300.0,-2629.1
7600.0,6300.0,-2633.1
7700.0,6300.0,-2631.6
7800.0,6300.0,-2629.7
7900.0,6300.0,-2624.0
8000.0,6300.0,-2623.7
8100.0,6300.0,-2618.9
8200.0,6300.0,-2617.7
8300.0,6300.0,-2618.1
8400.0,6300.0,-2614.9
8500.0,6300.0,-2609.6
8600.0,6300.0,-2617.3
8700.0,6300.0,-2601.5
8800.0,6300.0,-2597.3
8900.0,6300.0,-2591.9
9000.0,6300.0,-2585.9
9100.0,6300.0,-2581.7
9200.0,6300.0,-2577.9
9300.0,6300.0,-2567.6
9400.0,6300.0,-2567.1
9500.0,6300.0,-2559.5
9600.0,6300.0,-2553.1
9700.0,6300.0,-2539.6
9800.0,6300.0,-2539.3
9900.0,6300.0,-2535.1
10000.0,6300.0,-2526.0
10100.0,6300.0,-2516.6
10200.0,6300.0,-2513.0
10300.0,6300.0,-2504.9
10400.0,6300.0,-2498.6
10500.0,6300.0,-2489.2
10600.0,6300.0,-2484.1
10700.0,6300.0,-2481.7
10800.0,6300.0,-2470.0
10900.0,6300.0,-2475.0
11000.0,6300.0,-2467.1
11100.0,6300.0,-2465.8
11200.0,6300.0,-2464.3
11300.0,6300.0,-2464.5
11400.0,6300.0,-2457.4
11500.0,6300.0,-2458.3
11600.0,6300.0,-2458.5
11700.0,6300.0,-2458.5
11800.0,6300.0,-2468.1
11900.0,6300.0,-2465.7
12000.0,6300.0,-2468.9
12100.0,6300.0,-2473.5
12200.0,6300.0,-2483.4
12300.0,6300.0,-2481.3
12400.0,6300.0,-2481.1
12500.0,6300.0,-2488.1
12600.0,6300.0,-2496.7
12700.0,6300.0,-2511.2
12800.0,6300.0,-2516.3
12900.0,6300.0,-2522.7
13000.0,6300.0,-2526.7
13100.0,6300.0,-2536.2
13200.0,6300.0,-2541.2
13300.0,6300.0,-2543.1
13400.0,6300.0,-2551.8
13500.0,6300.0,-2561.5
13600.0,6300.0,-2566.1
13700.0,6300.0,-2571.8
13800.0,6300.0,-2581.0
13900.0,6300.0,-2587.3
14000.0,6300.0,-2586.1
14100.0,6300.0,-2593.2
14200.0,6300.0,-2599.0
14300.0,6300.0,-2599.4
14400.0,6300.0,-2607.0
14500.0,6300.0,-2611.3
14600.0,6300.0,-2617.0
14700.0,6300.0,-2616.0
14800.0,6300.0,-2617.3
14900.0,6300.0,-2620.8
15000.0,6300.0,-2625.4
15100.0,6300.0,-2635.4
15200.0,6300.0,-2634.3
15300.0,6300.0,-2640.0
15400.0,6300.0,-2639.0
15500.0,6300.0,-2640.9
15600.0,6300.0,-2643.6
15700.0,6300.0,-2640.9
15800.0,6300.0,-2646.2
15900.0,6300.0,-2647.8
16000.0,6300.0,-2652.5
16100.0,6300.0,-2651.9
16200.0,6300.0,-2662.0
16300.0,6300.0,-2657.4
16400.0,6300.0,-2660.1
16500.0,6300.0,-2658.1
16600.0,6300.0,-2653.9
16700.0,6300.0,-2661.9
16800.0,6300.0,-2661.0
16900.0,6300.0,-2663.5
17000.0,6300.0,-2663.3
17100.0,6300.0,-2659.4
17200.0,6300.0,-2663.4
17300.0,6300.0,-2659.6
17400.0,6300.0,-2656.9
17500.0,6300.0,-2660.3
17600.0,6300.0,-2651.8
17700.0,6300.0,-2653.7
17800.0,6300.0,-2652.8
17900.0,6300.0,-2647.5
18000.0,6300.0,-2646.9
18100.0,6300.0,-2642.8
18200.0,6300.0,-2637.4
18300.0,6300.0,-2640.5
18400.0,6300.0,-2634.7
18500.0,6300.0,-2633.0
18600.0,6300.0,-2624.8
18700.0,6300.0,-2629.3
18800.0,6300.0,-2624.8
18900.0,6300.0,-2613.2
19000.0,6300.0,-2617.3
19100.0,6300.0,-2613.8
19200.0,6300.0,-2613.1
19300.0,6300.0,-2611.0
19400.0,6300.0,-2605.2
19500.0,6300.0,-2605.5
19600.0,6300.0,-2606.9
19700.0,6300.0,-2602.4
19800.0,6300.0,-2607.0
19900.0,6300.0,-2602.7
20000.0,6300.0,-2604.0
0.0,6400.0,-2691.3
100.0,6400.0,-2688.3
200.0,6400.0,-2685.1
300.0,6400.0,-2691.5
400.0,6400.0,-2684.1
500.0,6400.0,-2692.2
600.0,6400.0,-2694.4
700.0,6400.0,-2694.4
800.0,6400.0,-2690.3
900.0,6400.0,-2693.2
1000.0,6400.0,-2690.0
1100.0,6400.0,-2685.0
1200.0,6400.0,-2686.6
1300.0,6400.0,-2690.5
1400.0,6400.0,-2687.9
1500.0,6400.0,-2679.5
1600.0,6400.0,-2687.3
1700.0,6400.0,-2680.2
1800.0,6400.0,-2672.4
1900.0,6400.0,-2670.3
2000.0,6400.0,-2666.5
2100.0,6400.0,-2668.1
2200.0,6400.0,-2665.5
2300.0,6400.0,-2663.0
2400.0,6400.0,-2660.2
2500.0,6400.0,-2653.9
2600.0,6400.0,-2651.0
2700.0,6400.0,-2652.5
2800.0,6400.0,-2650.7
2900.0,6400.0,-2653.6
3000.0,6400.0,-2649.0
3100.0,6400.0,-2641.8
3200.0,6400.0,-2639.3
3300.0,6400.0,-2640.5
3400.0,6400.0,-2633.5
3500.0,6400.0,-2632.2
3600.0,6400.0,-2632.9
3700.0,6400.0,-2636.8
3800.0,6400.0,-2633.9
3900.0,6400.0,-2628.0
4000.0,6400.0,-2630.7
4100.0,6400.0,-2630.4
4200.0,6400.0,-2624.0
4300.0,6400.0,-2628.3
4400.0,6400.0,-2630.2
4500.0,6400.0,-2626.2
4600.0,6400.0,-2622.8
4700.0,6400.0,-2628.9
4800.0,6400.0,-2623.4
4900.0,6400.0,-2623.7
5000.0,6400.0,-2625.2
5100.0,6400.0,-2621.5
5200.0,6400.0,-2628.8
5300.0,6400.0,-2623.4
5400.0,6400.0,-2628.2
5500.0,6400.0,-2628.6
5600.0,6400.0,-2624.8
5700.0,6400.0,-2619.5
5800.0,6400.0,-2626.8
5900.0,6400.0,-2626.7
6000.0,6400.0,-2625.6
6100.0,6400.0,-2622.4
6200.0,6400.0,-2620.3
6300.0,6400.0,-2620.1
6400.0,6400.0,-2625.8
6500.0,6400.0,-2625.0
6600.0,6400.0,-2624.4
6700.0,6400.0,-2625.2
6800.0,6400.0,-2622.3
6900.0,6400.0,-2626.6
7000.0,6400.0,-2630.7
7100.0,6400.0,-2621.6
7200.0,6400.0,-2627.3
7300.0,6400.0,-2627.7
7400.0,6400.0,-2622.6
7500.0,6400.0,-2620.3
7600.0,6400.0,-2623.0
7700.0,6400.0,-2622.5
7800.0,6400.0,-2620.1
7900.0,6400.0,-2620.6
8000.0,6400.0,-2618.4
8100.0,6400.0,-2621.7
8200.0,6400.0,-2614.7
8300.0,6400.0,-2614.0
8400.0,6400.0,-2612.3
8500.0,6400.0,-2609.2
8600.0,6400.0,-2600.8
8700.0,6400.0,-2600.2
8800.0,6400.0,-2597.4
8900.0,6400.0,-2589.2
9000.0,6400.0,-2582.7
9100.0,6400.0,-2579.6
9200.0,6400.0,-2574.3
9300.0,6400.0,-2568.8
9400.0,6400.0,-2559.9
9500.0,6400.0,-2553.8
9600.0,6400.0,-2543.6
9700.0,6400.0,-2540.3
9800.0,6400.0,-2535.3
9900.0,6400.0,-2526.8
10000.0,6400.0,-2521.2
10100.0,6400.0,-2513.4
10200.0,6400.0,-2505.8
10300.0,6400.0,-2501.5
10400.0,6400.0,-2499.0
10500.0,6400.0,-2487.8
10600.0,6400.0,-2478.0
10700.0,6400.0,-2481.6
10800.0,6400.0,-2471.2
10900.0,6400.0,-2473.9
11000.0,6400.0,-2460.2
11100.0,6400.0,-2463.3
11200.0,6400.0,-2460.5
11300.0,6400.0,-2454.5
11400.0,6400.0,-2454.2
11500.0,6400.0,-2456.9
11600.0,6400.0,-2457.6
11700.0,6400.0,-2454.3
11800.0,6400.0,-2452.3
11900.0,6400.0,-2455.2
12000.0,6400.0,-2456.1
12100.0,6400.0,-2470.6
12200.0,6400.0,-2475.2
12300.0,6400.0,-2477.4
12400.0,6400.0,-2484.7
12500.0,6400.0,-2486.9
12600.0,6400.0,-2496.9
12700.0,6400.0,-2495.8
12800.0,6400.0,-2504.4
12900.0,6400.0,-2507.7
13000.0,6400.0,-2521.1
13100.0,6400.0,-2527.1
13200.0,6400.0,-2528.9
13300.0,6400.0,-2534.9
13400.0,6400.0,-2543.4
13500.0,6400.0,-2554.4
13600.0,6400.0,-2562.4
13700.0,6400.0,-2564.3
13800.0,6400.0,-2568.6
13900.0,6400.0,-2576.1
14000.0,6400.0,-2581.8
14100.0,6400.0,-2587.4
14200.0,6400.0,-2594.0
14300.0,6400.0,-2600.8
14400.0,6400.0,-2605.3
14500.0,6400.0,-2611.2
14600.0,6400.0,-2608.6
14700.0,6400.0,-2614.5
14800.0,6400.0,-2617.3
14900.0,6400.0,-2621.2
15000.0,6400.0,-2626.9
15100.0,6400.0,-2623.5
15200.0,6400.0,-2631.8
15300.0,6400.0,-2635.6
15400.0,6400.0,-2632.9
15500.0,6400.0,-2638.2
15600.0,6400.0,-2643.6
15700.0,6400.0,-2639.7
15800.0,6400.0,-2651.0
15900.0,6400.0,-2647.6
16000.0,6400.0,-2653.6
16100.0,6400.0,-2654.6
16200.0,6400.0,-2652.5
16300.0,6400.0,-2650.9
16400.0,6400.0,-2656.5
16500.0,6400.0,-2663.2
16600.0,6400.0,-2665.2
16700.0,6400.0,-2663.9
16800.0,6400.0,-2668.7
16900.0,6400.0,-2664.5
17000.0,6400.0,-2659.7
17100.0,6400.0,-2664.7
17200.0,6400.0,-2661.0
17300.0,6400.0,-2662.6
17400.0,6400.0,-2656.9
17500.0,6400.0,-2661.3
17600.0,6400.0,-2657.7
17700.0,6400.0,-2660.3
17800.0,6400.0,-2655.1
17900.0,6400.0,-2650.4
18000.0,6400.0,-2648.5
18100.0,6400.0,-2645.2
18200.0,6400.0,-2647.0
18300.0,6400.0,-2642.5
18400.0,6400.0,-2638.0
18500.0,6400.0,-2634.8
18600.0,6400.0,-2628.9
18700.0,6400.0,-2627.0
18800.0,6400.0,-2619.6
18900.0,6400.0,-2617.0
19000.0,6400.0,-2617.1
19100.0,6400.0,-2616.6
19200.0,6400.0,-2613.9
19300.0,6400.0,-2609.8
19400.0,6400.0,-2611.3
19500.0,6400.0,-2610.4
19600.0,6400.0,-2606.1
19700.0,6400.0,-2602.7
19800.0,6400.0,-2609.3
19900.0,6400.0,-2603.3
20000.0,6400.0,-2606.8
0.0,6500.0,-2686.2
100.0,6500.0,-2686.4
200.0,6500.0,-2693.3
300.0,6500.0,-2694.9
400.0,6500.0,-2688.0
500.0,6500.0,-2689.8
600.0,6500.0,-2701.1
700.0,6500.0,-2692.1
800.0,6500.0,-2693.6
900.0,6500.0,-2686.4
1000.0,6500.0,-2689.1
1100.0,6500.0,-2687.3
1200.0,6500.0,-2683.0
1300.0,6500.0,-2684.5
1400.0,6500.0,-2687.8
1500.0,6500.0,-2685.0
1600.0,6500.0,-2677.9
1700.0,6500.0,-2678.3
1800.0,6500.0,-2675.5
1900.0,6500.0,-2673.5
2000.0,6500.0,-2666.6
2100.0,6500.0,-2665.5
2200.0,6500.0,-2666.9
2300.0,6500.0,-2658.7
2400.0,6500.0,-2663.2
2500.0,6500.0,-2659.5
2600.0,6500.0,-2654.2
2700.0,6500.0,-2653.3
2800.0,6500.0,-2647.3
2900.0,6500.0,-2643.0
3000.0,6500.0,-2643.2
3100.0,6500.0,-2642.8
3200.0,6500.0,-2641.5
3300.0,6500.0,-2645.6
3400.0,6500.0,-2634.0
3500.0,6500.0,-2635.0
3600.0,6500.0,-2634.5
3700.0,6500.0,-2631.6
3800.0,6500.0,-2632.1
3900.0,6500.0,-2627.0
4000.0,6500.0,-2628.4
4100.0,6500.0,-2625.4
4200.0,6500.0,-2621.7
4300.0,6500.0,-2623.1
4400.0,6500.0,-2625.4
4500.0,6500.0,-2623.2
4600.0,6500.0,-2620.0
4700.0,6500.0,-2623.9
4800.0,6500.0,-2617.7
4900.0,6500.0,-2619.1
5000.0,6500.0,-2622.1
5100.0,6500.0,-2616.0
5200.0,6500.0,-2616.8
5300.0,6500.0,-2617.9
5400.0,6500.0,-2621.1
5500.0,6500.0,-2621.4
5600.0,6500.0,-2620.8
5700.0,6500.0,-2618.8
5800.0,6500.0,-2616.1
5900.0,6500.0,-2617.8
6000.0,6500.0,-2621.6
6100.0,6500.0,-2614.8
6200.0,6500.0,-2620.7
6300.0,6500.0,-2616.9
6400.0,6500.0,-2617.6
6500.0,6500.0,-2620.5
6600.0,6500.0,-2623.0
6700.0,6500.0,-2620.0
6800.0,6500.0,-2617.1
6900.0,6500.0,-2620.5
7000.0,6500.0,-2616.9
7100.0,6500.0,-2615.7
7200.0,6500.0,-2613.3
7300.0,6500.0,-2615.6
7400.0,6500.0,-2625.1
7500.0,6500.0,-2621.1
7600.0,6500.0,-2620.1
7700.0,6500.0,-2615.2
7800.0,6500.0,-2618.3
7900.0,6500.0,-2607.9
8000.0,6500.0,-2612.2
8100.0,6500.0,-2613.9
8200.0,6500.0,-2611.4
8300.0,6500.0,-2608.0
8400.0,6500.0,-2599.4
8500.0,6500.0,-2600.6
8600.0,6500.0,-2596.4
8700.0,6500.0,-2594.1
8800.0,6500.0,-2594.2
8900.0,6500.0,-2589.5
9000.0,6500.0,-2579.4
9100.0,6500.0,-2569.1
9200.0,6500.0,-2575.6
9300.0,6500.0,-2563.7
9400.0,6500.0,-2563.1
9500.0,6500.0,-2549.5
9600.0,6500.0,-2545.3
9700.0,6500.0,-2539.0
9800.0,6500.0,-2533.1
9900.0,6500.0,-2519.9
10000.0,6500.0,-2520.4
10100.0,6500.0,-2508.9
10200.0,6500.0,-2496.4
10300.0,6500.0,-2491.6
10400.0,6500.0,-2489.2
10500.0,6500.0,-2487.9
10600.0,6500.0,-2483.9
10700.0,6500.0,-2471.3
10800.0,6500.0,-2466.8
10900.0,6500.0,-2460.1
11000.0,6500.0,-2454.7
11100.0,6500.0,-2454.0
11200.0,6500.0,-2454.6
11300.0,6500.0,-2450.9
11400.0,6500.0,-2450.8
11500.0,6500.0,-2448.1
11600.0,6500.0,-2449.6
11700.0,6500.0,-2448.4
11800.0,6500.0,-2452.6
11900.0,6500.0,-2451.6
12000.0,6500.0,-2454.3
12100.0,6500.0,-2464.0
12200.0,6500.0,-2465.1
12300.0,6500.0,-2467.4
12400.0,6500.0,-2473.9
12500.0,6500.0,-2475.8
12600.0,6500.0,-2485.5
12700.0,6500.0,-2487.2
12800.0,6500.0,-2492.9
12900.0,6500.0,-2501.6
13000.0,6500.0,-2507.9
13100.0,6500.0,-2520.4
13200.0,6500.0,-2527.2
13300.0,6500.0,-2524.8
13400.0,6500.0,-2533.8
13500.0,6500.0,-2545.6
13600.0,6500.0,-2551.5
13700.0,6500.0,-2553.1
13800.0,6500.0,-2559.5
13900.0,6500.0,-2571.7
14000.0,6500.0,-2574.6
14100.0,6500.0,-2582.9
14200.0,6500.0,-2588.9
14300.0,6500.0,-2584.4
14400.0,6500.0,-2594.3
14500.0,6500.0,-2605.2
14600.0,6500.0,-2609.5
14700.0,6500.0,-2606.3
14800.0,6500.0,-2610.8
14900.0,6500.0,-2613.5
15000.0,6500.0,-2615.6
15100.0,6500.0,-2626.1
15200.0,6500.0,-2624.8
15300.0,6500.0,-2626.7
15400.0,6500.0,-2636.0
15500.0,6500.0,-2632.2
15600.0,6500.0,-2637.6
15700.0,6500.0,-2642.5
15800.0,6500.0,-2643.1
15900.0,6500.0,-2651.3
16000.0,6500.0,-2646.0
16100.0,6500.0,-2652.9
16200.0,6500.0,-2653.7
16300.0,6500.0,-2655.5
16400.0,6500.0,-2661.6
16500.0,6500.0,-2659.7
16600.0,6500.0,-2668.9
16700.0,6500.0,-2657.0
16800.0,6500.0,-2664.4
16900.0,6500.0,-2669.7
17000.0,6500.0,-2667.2
17100.0,6500.0,-2670.5
17200.0,6500.0,-2661.0
17300.0,6500.0,-2665.4
17400.0,6500.0,-2663.9
17500.0,6500.0,-2662.7
17600.0,6500.0,-2664.6
17700.0,6500.0,-2662.4
17800.0,6500.0,-2664.2
17900.0,6500.0,-2660.8
18000.0,6500.0,-2654.1
18100.0,6500.0,-2651.0
18200.0,6500.0,-2650.1
18300.0,6500.0,-2642.7
18400.0,6500.0,-2645.2
18500.0,6500.0,-2637.9
18600.0,6500.0,-2631.4
18700.0,6500.0,-2631.2
18800.0,6500.0,-2623.3
18900.0,6500.0,-2627.3
19000.0,6500.0,-2619.0
19100.0,6500.0,-2615.3
19200.0,6500.0,-2619.9
19300.0,6500.0,-2609.3
19400.0,6500.0,-2613.7
19500.0,6500.0,-2609.7
19600.0,6500.0,-2612.0
19700.0,6500.0,-2606.7
19800.0,6500.0,-2605.5
19900.0,6500.0,-2606.6
20000.0,6500.0,-2596.0
0.0,6600.0,-2692.6
100.0,6600.0,-2694.8
200.0,6600.0,-2687.4
300.0,6600.0,-2691.4
400.0,6600.0,-2690.6
500.0,6600.0,-2697.2
600.0,6600.0,-2697.1
700.0,6600.0,-2691.8
800.0,6600.0,-2694.4
900.0,6600.0,-2693.6
1000.0,6600.0,-2695.0
1100.0,6600.0,-2694.0
1200.0,6600.0,-2691.4
1300.0,6600.0,-2687.2
1400.0,6600.0,-2688.1
1500.0,6600.0,-2682.3
1600.0,6600.0,-2681.0
1700.0,6600.0,-2676.3
1800.0,6600.0,-2675.1
1900.0,6600.0,-2670.8
2000.0,6600.0,-2669.7
2100.0,6600.0,-2673.0
2200.0,6600.0,-2671.1
2300.0,6600.0,-2662.3
2400.0,6600.0,-2665.3
2500.0,6600.0,-2658.6
2600.0,6600.0,-2654.0
2700.0,6600.0,-2648.7
2800.0,6600.0,-2654.4
2900.0,6600.0,-2646.6
3000.0,6600.0,-2645.7
3100.0,6600.0,-2641.5
3200.0,6600.0,-2635.3
3300.0,6600.0,-2639.2
3400.0,6600.0,-2630.8
3500.0,6600.0,-2634.7
3600.0,6600.0,-2627.7
3700.0,6600.0,-2633.8
3800.0,6600.0,-2625.6
3900.0,6600.0,-2623.9
4000.0,6600.0,-2625.8
4100.0,6600.0,-2621.8
4200.0,6600.0,-2621.6
4300.0,6600.0,-2622.9
4400.0,6600.0,-2619.7
4500.0,6600.0,-2621.0
4600.0,6600.0,-2622.7
4700.0,6600.0,-2621.4
4800.0,6600.0,-2617.0
4900.0,6600.0,-2619.0
5000.0,6600.0,-2616.8
5100.0,6600.0,-2616.0
5200.0,6600.0,-2615.0
5300.0,6600.0,-2616.0
5400.0,6600.0,-2618.4
5500.0,6600.0,-2613.8
5600.0,6600.0,-2611.0
5700.0,6600.0,-2618.0
5800.0,6600.0,-2610.8
5900.0,6600.0,-2614.0
6000.0,6600.0,-2617.5
6100.0,6600.0,-2611.3
6200.0,6600.0,-2613.1
6300.0,6600.0,-2616.1
6400.0,6600.0,-2610.6
6500.0,6600.0,-2614.5
6600.0,6600.0,-2610.9
6700.0,6600.0,-2607.0
6800.0,6600.0,-2612.3
6900.0,6600.0,-2608.6
7000.0,6600.0,-2612.2
7100.0,6600.0,-2616.0
7200.0,6600.0,-2607.5
7300.0,6600.0,-2615.0
7400.0,6600.0,-2609.2
7500.0,6600.0,-2610.5
7600.0,6600.0,-2608.5
7700.0,6600.0,-2611.3
7800.0,6600.0,-2609.0
7900.0,6600.0,-2602.4
8000.0,6600.0,-2602.2
8100.0,6600.0,-2607.2
8200.0,6600.0,-2599.4
8300.0,6600.0,-2595.8
8400.0,6600.0,-2591.3
8500.0,6600.0,-2592.5
8600.0,6600.0,-2591.7
8700.0,6600.0,-2587.3
8800.0,6600.0,-2581.2
8900.0,6600.0,-2580.8
9000.0,6600.0,-2572.0
9100.0,6600.0,-2575.0
9200.0,6600.0,-2567.3
9300.0,6600.0,-2552.8
9400.0,6600.0,-2552.2
9500.0,6600.0,-2549.6
9600.0,6600.0,-2541.8
9700.0,6600.0,-2529.2
9800.0,6600.0,-2525.9
9900.0,6600.0,-2525.2
10000.0,6600.0,-2515.6
10100.0,6600.0,-2510.1
10200.0,6600.0,-2506.0
10300.0,6600.0,-2492.9
10400.0,6600.0,-2485.3
10500.0,6600.0,-2480.0
10600.0,6600.0,-2476.9
10700.0,6600.0,-2473.0
10800.0,6600.0,-2466.4
10900.0,6600.0,-2464.3
11000.0,6600.0,-2454.0
11100.0,6600.0,-2449.9
11200.0,6600.0,-2446.9
11300.0,6600.0,-2443.1
11400.0,6600.0,-2444.7
11500.0,6600.0,-2443.1
11600.0,6600.0,-2444.1
11700.0,6600.0,-2441.8
11800.0,6600.0,-2444.4
11900.0,6600.0,-2444.1
12000.0,6600.0,-2450.3
12100.0,6600.0,-2447.7
12200.0,6600.0,-2458.0
12300.0,6600.0,-2463.9
12400.0,6600.0,-2468.1
12500.0,6600.0,-2474.7
12600.0,6600.0,-2474.8
12700.0,6600.0,-2482.3
12800.0,6600.0,-2488.5
12900.0,6600.0,-2494.5
13000.0,6600.0,-2503.4
13100.0,6600.0,-2509.2
13200.0,6600.0,-2515.3
13300.0,6600.0,-2523.5
13400.0,6600.0,-2529.1
13500.0,6600.0,-2542.4
13600.0,6600.0,-2541.1
13700.0,6600.0,-2546.5
13800.0,6600.0,-2554.4
13900.0,6600.0,-2566.6
14000.0,6600.0,-2565.3
14100.0,6600.0,-2575.3
14200.0,6600.0,-2579.9
14300.0,6600.0,-2585.7
14400.0,6600.0,-2590.3
14500.0,6600.0,-2598.7
14600.0,6600.0,-2602.3
14700.0,6600.0,-2603.0
14800.0,6600.0,-2605.7
14900.0,6600.0,-2609.0
15000.0,6600.0,-2615.9
15100.0,6600.0,-2624.5
15200.0,6600.0,-2623.7
15300.0,6600.0,-2628.8
15400.0,6600.0,-2632.1
15500.0,6600.0,-2628.7
15600.0,6600.0,-2636.3
15700.0,6600.0,-2641.4
15800.0,6600.0,-2643.6
15900.0,6600.0,-2644.5
16000.0,6600.0,-2646.3
16100.0,6600.0,-2648.7
16200.0,6600.0,-2657.8
16300.0,6600.0,-2655.6
16400.0,6600.0,-2660.1
16500.0,6600.0,-2663.2
16600.0,6600.0,-2660.9
16700.0,6600.0,-2665.1
16800.0,6600.0,-2669.8
16900.0,6600.0,-2669.9
17000.0,6600.0,-2668.1
17100.0,6600.0,-2665.1
17200.0,6600.0,-2673.1
17300.0,6600.0,-2669.7
17400.0,6600.0,-2670.0
17500.0,6600.0,-2667.0
17600.0,6600.0,-2666.1
17700.0,6600.0,-2660.8
17800.0,6600.0,-2668.2
17900.0,6600.0,-2662.6
18000.0,6600.0,-2658.7
18100.0,6600.0,-2655.2
18200.0,6600.0,-2650.3
18300.0,6600.0,-2647.7
18400.0,6600.0,-2647.6
18500.0,6600.0,-2637.8
18600.0,6600.0,-2637.6
18700.0,6600.0,-2642.0
18800.0,6600.0,-2631.2
18900.0,6600.0,-2628.1
19000.0,6600.0,-2624.5
19100.0,6600.0,-2622.9
19200.0,6600.0,-2616.6
19300.0,6600.0,-2617.1
19400.0,6600.0,-2613.6
19500.0,6600.0,-2608.9
19600.0,6600.0,-2611.2
19700.0,6600.0,-2603.1
19800.0,6600.0,-2609.1
19900.0,6600.0,-2610.4
20000.0,6600.0,-2600.7
0.0,6700.0,-2696.6
100.0,6700.0,-2694.3
200.0,6700.0,-2700.1
300.0,6700.0,-2692.8
400.0,6700.0,-2691.0
500.0,6700.0,-2696.3
600.0,6700.0,-2700.4
700.0,6700.0,-2698.6
800.0,6700.0,-2696.8
900.0,6700.0,-2697.1
1000.0,6700.0,-2696.8
1100.0,6700.0,-2689.4
1200.0,6700.0,-2691.9
1300.0,6700.0,-2685.6
1400.0,6700.0,-2683.7
1500.0,6700.0,-2680.7
1600.0,6700.0,-2684.2
1700.0,6700.0,-2679.8
1800.0,6700.0,-2677.7
1900.0,6700.0,-2674.9
2000.0,6700.0,-2672.1
2100.0,6700.0,-2668.6
2200.0,6700.0,-2663.0
2300.0,6700.0,-2668.3
2400.0,6700.0,-2666.0
2500.0,6700.0,-2661.4
2600.0,6700.0,-2651.1
2700.0,6700.0,-2651.5
2800.0,6700.0,-2650.1
2900.0,6700.0,-2652.0
3000.0,6700.0,-2648.2
3100.0,6700.0,-2641.2
3200.0,6700.0,-2641.5
3300.0,6700.0,-2639.7
3400.0,6700.0,-2636.3
3500.0,6700.0,-2624.8
3600.0,6700.0,-2632.9
3700.0,6700.0,-2626.0
3800.0,6700.0,-2631.9
3900.0,6700.0,-2625.9
4000.0,6700.0,-2621.9
4100.0,6700.0,-2617.8
4200.0,6700.0,-2625.6
4300.0,6700.0,-2620.3
4400.0,6700.0,-2619.3
4500.0,6700.0,-2613.8
4600.0,6700.0,-2613.5
4700.0,6700.0,-2620.5
4800.0,6700.0,-2611.8
4900.0,6700.0,-2610.2
5000.0,6700.0,-2609.9
5100.0,6700.0,-2612.9
5200.0,6700.0,-2617.1
5300.0,6700.0,-2610.4
5400.0,6700.0,-2609.0
5500.0,6700.0,-2612.3
5600.0,6700.0,-2604.8
5700.0,6700.0,-2606.0
5800.0,6700.0,-2615.9
5900.0,6700.0,-2605.4
6000.0,6700.0,-2608.8
6100.0,6700.0,-2600.9
6200.0,6700.0,-2600.8
6300.0,6700.0,-2608.9
6400.0,6700.0,-2611.8
6500.0,6700.0,-2607.2
6600.0,6700.0,-2612.8
6700.0,6700.0,-2607.3
6800.0,6700.0,-2606.3
6900.0,6700.0,-2604.3
7000.0,6700.0,-2605.8
7100.0,6700.0,-2605.8
7200.0,6700.0,-2605.7
7300.0,6700.0,-2605.3
7400.0,6700.0,-2605.9
7500.0,6700.0,-2601.6
7600.0,6700.0,-2602.7
7700.0,6700.0,-2603.8
7800.0,6700.0,-2603.6
7900.0,6700.0,-2595.7
8000.0,6700.0,-2595.1
8100.0,6700.0,-2599.6
8200.0,6700.0,-2595.9
8300.0,6700.0,-2593.8
8400.0,6700.0,-2590.4
8500.0,6700.0,-2591.6
8600.0,6700.0,-2586.0
8700.0,6700.0,-2577.1
8800.0,6700.0,-2578.0
8900.0,6700.0,-2577.6
9000.0,6700.0,-2570.7
9100.0,6700.0,-2561.5
9200.0,6700.0,-2554.6
9300.0,6700.0,-2555.8
9400.0,6700.0,-2545.7
9500.0,6700.0,-2542.7
9600.0,6700.0,-2541.2
9700.0,6700.0,-2529.3
9800.0,6700.0,-2526.1
9900.0,6700.0,-2519.7
10000.0,6700.0,-2513.8
10100.0,6700.0,-2506.5
10200.0,6700.0,-2495.7
10300.0,6700.0,-2491.9
10400.0,6700.0,-2484.9
10500.0,6700.0,-2476.4
10600.0,6700.0,-2468.1
10700.0,6700.0,-2469.8
10800.0,6700.0,-2461.5
10900.0,6700.0,-2459.2
11000.0,6700.0,-2449.6
11100.0,6700.0,-2446.3
11200.0,6700.0,-2457.9
11300.0,6700.0,-2445.6
11400.0,6700.0,-2441.5
11500.0,6700.0,-2439.1
11600.0,6700.0,-2448.0
11700.0,6700.0,-2438.5
11800.0,6700.0,-2440.0
11900.0,6700.0,-2436.4
12000.0,6700.0,-2441.1
12100.0,6700.0,-2448.6
12200.0,6700.0,-2453.3
12300.0,6700.0,-2449.9
12400.0,6700.0,-2460.7
12500.0,6700.0,-2461.7
12600.0,6700.0,-2470.4
12700.0,6700.0,-2474.0
12800.0,6700.0,-2484.5
12900.0,6700.0,-2485.6
13000.0,6700.0,-2492.5
13100.0,6700.0,-2499.0
13200.0,6700.0,-2507.8
13300.0,6700.0,-2512.4
13400.0,6700.0,-2520.7
13500.0,6700.0,-2531.9
13600.0,6700.0,-2539.9
13700.0,6700.0,-2548.0
13800.0,6700.0,-2555.4
13900.0,6700.0,-2557.6
14000.0,6700.0,-2561.5
14100.0,6700.0,-2568.2
14200.0,6700.0,-2570.9
14300.0,6700.0,-2578.4
14400.0,6700.0,-2589.1
14500.0,6700.0,-2586.6
14600.0,6700.0,-2594.9
14700.0,6700.0,-2599.1
14800.0,6700.0,-2598.3
14900.0,6700.0,-2603.4
15000.0,6700.0,-2616.0
15100.0,6700.0,-2615.4
15200.0,6700.0,-2616.8
15300.0,6700.0,-2620.1
15400.0,6700.0,-2621.8
15500.0,6700.0,-2626.0
15600.0,6700.0,-2628.6
15700.0,6700.0,-2635.9
15800.0,6700.0,-2637.5
15900.0,6700.0,-2639.6
16000.0,6700.0,-2647.5
16100.0,6700.0,-2655.1
16200.0,6700.0,-2649.5
16300.0,6700.0,-2658.1
16400.0,6700.0,-2658.3
16500.0,6700.0,-2664.1
16600.0,6700.0,-2657.1
16700.0,6700.0,-2668.4
16800.0,6700.0,-2666.9
16900.0,6700.0,-2669.9
17000.0,6700.0,-2674.6
17100.0,6700.0,-2666.7
17200.0,6700.0,-2667.2
17300.0,6700.0,-2669.1
17400.0,6700.0,-2673.7
17500.0,6700.0,-2667.5
17600.0,6700.0,-2668.7
17700.0,6700.0,-2665.1
17800.0,6700.0,-2669.5
17900.0,6700.0,-2662.4
18000.0,6700.0,-2655.7
18100.0,6700.0,-2664.0
18200.0,6700.0,-2662.4
18300.0,6700.0,-2655.2
18400.0,6700.0,-2646.4
18500.0,6700.0,-2644.7
18600.0,6700.0,-2646.7
18700.0,6700.0,-2640.3
18800.0,6700.0,-2631.8
18900.0,6700.0,-2634.5
19000.0,6700.0,-2623.1
19100.0,6700.0,-2626.2
19200.0,6700.0,-2626.3
19300.0,6700.0,-2620.9
19400.0,6700.0,-2612.5
19500.0,6700.0,-2610.3
19600.0,6700.0,-2610.3
19700.0,6700.0,-2607.8
19800.0,6700.0,-2604.8
19900.0,6700.0,-2603.9
20000.0,6700.0,-2600.8
0.0,6800.0,-2695.8
100.0,6800.0,-2695.1
200.0,6800.0,-2693.2
300.0,6800.0,-2697.7
400.0,6800.0,-2697.8
500.0,6800.0,-2695.2
600.0,6800.0,-2694.9
700.0,6800.0,-2699.0
800.0,6800.0,-2699.9
900.0,6800.0,-2690.9
1000.0,6800.0,-2695.0
1100.0,6800.0,-2691.5
1200.0,6800.0,-2688.3
1300.0,6800.0,-2686.1
1400.0,6800.0,-2688.7
1500.0,6800.0,-2683.3
1600.0,6800.0,-2687.4
1700.0,6800.0,-2683.2
1800.0,6800.0,-2679.1
1900.0,6800.0,-2676.8
2000.0,6800.0,-2666.9
2100.0,6800.0,-2664.4
2200.0,6800.0,-2663.6
2300.0,6800.0,-2665.0
2400.0,6800.0,-2658.9
2500.0,6800.0,-2664.3
2600.0,6800.0,-2659.9
2700.0,6800.0,-2651.7
2800.0,6800.0,-2647.6
2900.0,6800.0,-2649.8
3000.0,6800.0,-2643.8
3100.0,6800.0,-2643.7
3200.0,6800.0,-2641.6
3300.0,6800.0,-2634.8
3400.0,6800.0,-2635.0
3500.0,6800.0,-2636.2
3600.0,6800.0,-2639.0
3700.0,6800.0,-2626.4
3800.0,6800.0,-2624.9
3900.0,6800.0,-2623.3
4000.0,6800.0,-2624.6
4100.0,6800.0,-2621.7
4200.0,6800.0,-2619.0
4300.0,6800.0,-2615.5
4400.0,6800.0,-2609.5
4500.0,6800.0,-2617.5
4600.0,6800.0,-2612.2
4700.0,6800.0,-2610.2
4800.0,6800.0,-2605.4
4900.0,6800.0,-2605.7
5000.0,6800.0,-2612.0
5100.0,6800.0,-2603.0
5200.0,6800.0,-2610.7
5300.0,6800.0,-2607.2
5400.0,6800.0,-2611.2
5500.0,6800.0,-2607.9
5600.0,6800.0,-2601.6
5700.0,6800.0,-2607.3
5800.0,6800.0,-2604.1
5900.0,6800.0,-2605.5
6000.0,6800.0,-2605.2
6100.0,6800.0,-2602.9
6200.0,6800.0,-2604.7
6300.0,6800.0,-2598.8
6400.0,6800.0,-2603.3
6500.0,6800.0,-2601.3
6600.0,6800.0,-2598.5
6700.0,6800.0,-2599.4
6800.0,6800.0,-2601.6
6900.0,6800.0,-2603.3
7000.0,6800.0,-2601.6
7100.0,6800.0,-2604.9
7200.0,6800.0,-2599.2
7300.0,6800.0,-2598.2
7400.0,6800.0,-2600.9
7500.0,6800.0,-2599.3
7600.0,6800.0,-2594.2
7700.0,6800.0,-2595.1
7800.0,6800.0,-2597.3
7900.0,6800.0,-2596.4
8000.0,6800.0,-2593.7
8100.0,6800.0,-2586.5
8200.0,6800.0,-2586.5
8300.0,6800.0,-2585.0
8400.0,6800.0,-2582.3
8500.0,6800.0,-2583.3
8600.0,6800.0,-2577.3
8700.0,6800.0,-2578.7
8800.0,6800.0,-2575.4
8900.0,6800.0,-2568.9
9000.0,6800.0,-2563.7
9100.0,6800.0,-2557.9
9200.0,6800.0,-2556.9
9300.0,6800.0,-2550.9
9400.0,6800.0,-2547.8
9500.0,6800.0,-2534.8
9600.0,6800.0,-2530.1
9700.0,6800.0,-2530.0
9800.0,6800.0,-2523.0
9900.0,6800.0,-2511.8
10000.0,6800.0,-2509.1
10100.0,6800.0,-2502.5
10200.0,6800.0,-2490.3
10300.0,6800.0,-2489.8
10400.0,6800.0,-2476.6
10500.0,6800.0,-2474.9
10600.0,6800.0,-2469.8
10700.0,6800.0,-2468.2
10800.0,6800.0,-2456.5
10900.0,6800.0,-2455.4
11000.0,6800.0,-2458.1
11100.0,6800.0,-2448.7
11200.0,6800.0,-2445.8
11300.0,6800.0,-2443.7
11400.0,6800.0,-2441.9
11500.0,6800.0,-2434.7
11600.0,6800.0,-2437.0
11700.0,6800.0,-2432.0
11800.0,6800.0,-2436.9
11900.0,6800.0,-2433.6
12000.0,6800.0,-2440.8
12100.0,6800.0,-2441.4
12200.0,6800.0,-2447.7
12300.0,6800.0,-2448.2
12400.0,6800.0,-2459.6
12500.0,6800.0,-2459.2
12600.0,6800.0,-2468.9
12700.0,6800.0,-2473.9
12800.0,6800.0,-2475.2
12900.0,6800.0,-2484.0
13000.0,6800.0,-2485.5
13100.0,6800.0,-2500.4
13200.0,6800.0,-2504.5
13300.0,6800.0,-2507.3
13400.0,6800.0,-2517.3
13500.0,6800.0,-2524.7
13600.0,6800.0,-2531.1
13700.0,6800.0,-2537.7
13800.0,6800.0,-2542.3
13900.0,6800.0,-2551.2
14000.0,6800.0,-2559.4
14100.0,6800.0,-2557.9
14200.0,6800.0,-2570.3
14300.0,6800.0,-2575.9
14400.0,6800.0,-2580.1
14500.0,6800.0,-2588.9
14600.0,6800.0,-2590.0
14700.0,6800.0,-2592.0
14800.0,6800.0,-2599.9
14900.0,6800.0,-2607.0
15000.0,6800.0,-2603.5
15100.0,6800.0,-2609.7
15200.0,6800.0,-2615.4
15300.0,6800.0,-2621.0
15400.0,6800.0,-2618.6
15500.0,6800.0,-2630.0
15600.0,6800.0,-2628.7
15700.0,6800.0,-2637.1
15800.0,6800.0,-2632.9
15900.0,6800.0,-2637.1
16000.0,6800.0,-2646.1
16100.0,6800.0,-2642.7
16200.0,6800.0,-2651.2
16300.0,6800.0,-2651.2
16400.0,6800.0,-2650.7
16500.0,6800.0,-2655.2
16600.0,6800.0,-2658.0
16700.0,6800.0,-2667.9
16800.0,6800.0,-2667.3
16900.0,6800.0,-2667.1
17000.0,6800.0,-2665.0
17100.0,6800.0,-2671.8
17200.0,6800.0,-2668.6
17300.0,6800.0,-2672.6
17400.0,6800.0,-2671.1
17500.0,6800.0,-2667.8
17600.0,6800.0,-2669.7
17700.0,6800.0,-2671.9
17800.0,6800.0,-2670.4
17900.0,6800.0,-2660.6
18000.0,6800.0,-2671.7
18100.0,6800.0,-2662.5
18200.0,6800.0,-2660.3
18300.0,6800.0,-2657.8
18400.0,6800.0,-2654.2
18500.0,6800.0,-2651.1
18600.0,6800.0,-2647.4
18700.0,6800.0,-2640.5
18800.0,6800.0,-2645.0
18900.0,6800.0,-2636.7
19000.0,6800.0,-2629.7
19100.0,6800.0,-2629.3
19200.0,6800.0,-2625.3
19300.0,6800.0,-2613.3
19400.0,6800.0,-2614.3
19500.0,6800.0,-2616.2
19600.0,6800.0,-2610.3
19700.0,6800.0,-2609.6
19800.0,6800.0,-2604.8
19900.0,6800.0,-2604.0
20000.0,6800.0,-2604.5
0.0,6900.0,-2697.8
100.0,6900.0,-2694.1
200.0,6900.0,-2697.3
300.0,6900.0,-2697.3
400.0,6900.0,-2692.3
500.0,6900.0,-2699.7
600.0,6900.0,-2698.2
700.0,6900.0,-2696.8
800.0,6900.0,-2700.7
900.0,6900.0,-2693.0
1000.0,6900.0,-2689.0
1100.0,6900.0,-2691.4
1200.0,6900.0,-2692.1
1300.0,6900.0,-2682.0
1400.0,6900.0,-2687.6
1500.0,6900.0,-2685.5
1600.0,6900.0,-2689.4
1700.0,6900.0,-2687.1
1800.0,6900.0,-2680.8
1900.0,6900.0,-2680.1
2000.0,6900.0,-2673.2
2100.0,6900.0,-2675.6
2200.0,6900.0,-2669.9
2300.0,6900.0,-2666.0
2400.0,6900.0,-2668.5
2500.0,6900.0,-2660.7
2600.0,6900.0,-2651.2
2700.0,6900.0,-2652.4
2800.0,6900.0,-2648.1
2900.0,6900.0,-2641.2
3000.0,6900.0,-2645.2
3100.0,6900.0,-2645.5
3200.0,6900.0,-2636.9
3300.0,6900.0,-2636.3
3400.0,6900.0,-2635.6
3500.0,6900.0,-2632.4
3600.0,6900.0,-2628.3
3700.0,6900.0,-2624.3
3800.0,6900.0,-2625.6
3900.0,6900.0,-2623.7
4000.0,6900.0,-2618.5
4100.0,6900.0,-2620.7
4200.0,6900.0,-2613.6
4300.0,6900.0,-2608.6
4400.0,6900.0,-2614.8
4500.0,6900.0,-2609.7
4600.0,6900.0,-2611.5
4700.0,6900.0,-2611.1
4800.0,6900.0,-2610.9
4900.0,6900.0,-2606.4
5000.0,6900.0,-2603.8
5100.0,6900.0,-2604.7
5200.0,6900.0,-2603.5
5300.0,6900.0,-2605.3
5400.0,6900.0,-2602.0
5500.0,6900.0,-2594.3
5600.0,6900.0,-2605.1
5700.0,6900.0,-2599.7
5800.0,6900.0,-2595.6
5900.0,6900.0,-2604.6
6000.0,6900.0,-2599.8
6100.0,6900.0,-2598.9
6200.0,6900.0,-2596.4
6300.0,6900.0,-2593.9
6400.0,6900.0,-2596.2
6500.0,6900.0,-2597.5
6600.0,6900.0,-2590.7
6700.0,6900.0,-2597.5
6800.0,6900.0,-2595.2
6900.0,6900.0,-2592.4
7000.0,6900.0,-2597.5
7100.0,6900.0,-2593.9
7200.0,6900.0,-2590.8
7300.0,6900.0,-2595.0
7400.0,6900.0,-2589.6
7500.0,6900.0,-2587.4
7600.0,6900.0,-2588.3
7700.0,6900.0,-2592.1
7800.0,6900.0,-2584.4
7900.0,6900.0,-2589.2
8000.0,6900.0,-2585.4
8100.0,6900.0,-2581.2
8200.0,6900.0,-2581.8
8300.0,6900.0,-2582.3
8400.0,6900.0,-2573.0
8500.0,6900.0,-2568.8
8600.0,6900.0,-2575.3
8700.0,6900.0,-2567.7
8800.0,6900.0,-2561.5
8900.0,6900.0,-2561.9
9000.0,6900.0,-2559.6
9100.0,6900.0,-2554.3
9200.0,6900.0,-2555.3
9300.0,6900.0,-2542.7
9400.0,6900.0,-2538.2
9500.0,6900.0,-2536.1
9600.0,6900.0,-2524.7
9700.0,6900.0,-2523.0
9800.0,6900.0,-2517.9
9900.0,6900.0,-2511.6
10000.0,6900.0,-2506.8
10100.0,6900.0,-2502.9
10200.0,6900.0,-2494.0
10300.0,6900.0,-2484.5
10400.0,6900.0,-2481.4
10500.0,6900.0,-2477.0
10600.0,6900.0,-2469.9
10700.0,6900.0,-2462.0
10800.0,6900.0,-2458.8
10900.0,6900.0,-2456.6
11000.0,6900.0,-2443.1
11100.0,6900.0,-2446.4
11200.0,6900.0,-2449.7
11300.0,6900.0,-2434.1
11400.0,6900.0,-2436.7
11500.0,6900.0,-2432.9
11600.0,6900.0,-2429.1
11700.0,6900.0,-2437.6
11800.0,6900.0,-2435.3
11900.0,6900.0,-2436.6
12000.0,6900.0,-2437.3
12100.0,6900.0,-2438.0
12200.0,6900.0,-2445.4
12300.0,6900.0,-2445.0
12400.0,6900.0,-2448.7
12500.0,6900.0,-2450.5
12600.0,6900.0,-2457.3
12700.0,6900.0,-2469.4
12800.0,6900.0,-2473.4
12900.0,6900.0,-2481.2
13000.0,6900.0,-2488.4
13100.0,6900.0,-2488.5
13200.0,6900.0,-2495.2
13300.0,6900.0,-2507.7
13400.0,6900.0,-2513.9
13500.0,6900.0,-2518.2
13600.0,6900.0,-2520.5
13700.0,6900.0,-2535.3
13800.0,6900.0,-2533.8
13900.0,6900.0,-2547.0
14000.0,6900.0,-2550.9
14100.0,6900.0,-2556.1
14200.0,6900.0,-2561.1
14300.0,6900.0,-2571.8
14400.0,6900.0,-2574.5
14500.0,6900.0,-2578.2
14600.0,6900.0,-2584.8
14700.0,6900.0,-2585.1
14800.0,6900.0,-2593.6
14900.0,6900.0,-2598.0
15000.0,6900.0,-2602.0
15100.0,6900.0,-2611.4
15200.0,6900.0,-2612.9
15300.0,6900.0,-2614.7
15400.0,6900.0,-2617.2
15500.0,6900.0,-2618.2
15600.0,6900.0,-2620.1
15700.0,6900.0,-2631.1
15800.0,6900.0,-2629.9
15900.0,6900.0,-2635.5
16000.0,6900.0,-2644.1
16100.0,6900.0,-2639.2
16200.0,6900.0,-2647.5
16300.0,6900.0,-2646.1
16400.0,6900.0,-2649.4
16500.0,6900.0,-2654.1
16600.0,6900.0,-2659.5
16700.0,6900.0,-2668.2
16800.0,6900.0,-2661.0
16900.0,6900.0,-2664.8
17000.0,6900.0,-2660.3
17100.0,6900.0,-2667.8
17200.0,6900.0,-2672.4
17300.0,6900.0,-2670.9
17400.0,6900.0,-2662.1
17500.0,6900.0,-2674.3
17600.0,6900.0,-2669.0
17700.0,6900.0,-2670.3
17800.0,6900.0,-2669.1
17900.0,6900.0,-2671.0
18000.0,6900.0,-2670.1
18100.0,6900.0,-2669.7
18200.0,6900.0,-2667.8
18300.0,6900.0,-2662.3
18400.0,6900.0,-2654.6
18500.0,6900.0,-2656.5
18600.0,6900.0,-2649.6
18700.0,6900.0,-2645.4
18800.0,6900.0,-2645.7
18900.0,6900.0,-2644.8
19000.0,6900.0,-2632.4
19100.0,6900.0,-2625.0
19200.0,6900.0,-2626.5
19300.0,6900.0,-2621.9
19400.0,6900.0,-2622.8
19500.0,6900.0,-2616.8
19600.0,6900.0,-2609.3
19700.0,6900.0,-2614.2
19800.0,6900.0,-2607.0
19900.0,6900.0,-2602.0
20000.0,6900.0,-2610.6
0.0,7000.0,-2692.3
100.0,7000.0,-2695.7
200.0,7000.0,-2698.2
300.0,7000.0,-2698.5
400.0,7000.0,-2698.6
500.0,7000.0,-2696.2
600.0,7000.0,-2694.8
700.0,7000.0,-2698.9
800.0,7000.0,-2693.4
900.0,7000.0,-2692.0
1000.0,7000.0,-2692.6
1100.0,7000.0,-2690.7
1200.0,7000.0,-2691.7
1300.0,7000.0,-2689.9
1400.0,7000.0,-2688.0
1500.0,7000.0,-2683.2
1600.0,7000.0,-2687.3
1700.0,7000.0,-2677.6
1800.0,7000.0,-2678.7
1900.0,7000.0,-2671.3
2000.0,7000.0,-2669.8
2100.0,7000.0,-2667.0
2200.0,7000.0,-2665.9
2300.0,7000.0,-2664.9
2400.0,7000.0,-2663.2
2500.0,7000.0,-2658.9
2600.0,7000.0,-2656.3
2700.0,7000.0,-2652.5
2800.0,7000.0,-2651.6
2900.0,7000.0,-2649.4
3000.0,7000.0,-2648.1
3100.0,7000.0,-2641.8
3200.0,7000.0,-2635.0
3300.0,7000.0,-2639.9
3400.0,7000.0,-2635.3
3500.0,7000.0,-2627.8
3600.0,7000.0,-2627.0
3700.0,7000.0,-2629.7
3800.0,7000.0,-2626.2
3900.0,7000.0,-2619.2
4000.0,7000.0,-2622.3
4100.0,7000.0,-2614.0
4200.0,7000.0,-2615.9
4300.0,7000.0,-2616.2
4400.0,7000.0,-2609.1
4500.0,7000.0,-2607.3
4600.0,7000.0,-2606.3
4700.0,7000.0,-2608.9
4800.0,7000.0,-2603.7
4900.0,7000.0,-2604.6
5000.0,7000.0,-2604.3
5100.0,7000.0,-2598.6
5200.0,7000.0,-2599.0
5300.0,7000.0,-2599.1
5400.0,7000.0,-2600.9
5500.0,7000.0,-2594.8
5600.0,7000.0,-2597.5
5700.0,7000.0,-2592.6
5800.0,7000.0,-2595.6
5900.0,7000.0,-2594.7
6000.0,7000.0,-2591.8
6100.0,7000.0,-2585.5
6200.0,7000.0,-2591.1
6300.0,7000.0,-2593.5
6400.0,7000.0,-2590.7
6500.0,7000.0,-2590.3
6600.0,7000.0,-2597.5
6700.0,7000.0,-2590.6
6800.0,7000.0,-2588.9
6900.0,7000.0,-2593.9
7000.0,7000.0,-2586.8
7100.0,7000.0,-2586.6
7200.0,7000.0,-2586.3
7300.0,7000.0,-2587.5
7400.0,7000.0,-2588.6
7500.0,7000.0,-2586.8
7600.0,7000.0,-2585.4
7700.0,7000.0,-2586.2
7800.0,7000.0,-2581.7
7900.0,7000.0,-2579.2
8000.0,7000.0,-2573.9
8100.0,7000.0,-2576.1
8200.0,7000.0,-2573.9
8300.0,7000.0,-2568.1
8400.0,7000.0,-2566.1
8500.0,7000.0,-2568.4
8600.0,7000.0,-2571.4
8700.0,7000.0,-2559.6
8800.0,7000.0,-2555.8
8900.0,7000.0,-2557.8
9000.0,7000.0,-2554.9
9100.0,7000.0,-2552.7
9200.0,7000.0,-2543.9
9300.0,7000.0,-2540.8
9400.0,7000.0,-2539.9
9500.0,7000.0,-2532.2
9600.0,7000.0,-2526.3
9700.0,7000.0,-2519.1
9800.0,7000.0,-2512.6
9900.0,7000.0,-2508.5
10000.0,7000.0,-2496.5
10100.0,7000.0,-2493.7
10200.0,7000.0,-2490.2
10300.0,7000.0,-2478.9
10400.0,7000.0,-2482.2
10500.0,7000.0,-2470.9
10600.0,7000.0,-2462.1
10700.0,7000.0,-2464.7
10800.0,7000.0,-2460.5
10900.0,7000.0,-2455.0
11000.0,7000.0,-2448.5
11100.0,7000.0,-2446.0
11200.0,7000.0,-2435.1
11300.0,7000.0,-2438.5
11400.0,7000.0,-2434.5
11500.0,7000.0,-2438.6
11600.0,7000.0,-2432.6
11700.0,7000.0,-2427.7
11800.0,7000.0,-2428.3
11900.0,7000.0,-2436.9
12000.0,7000.0,-2427.8
12100.0,7000.0,-2437.9
12200.0,7000.0,-2436.7
12300.0,7000.0,-2441.9
12400.0,7000.0,-2443.3
12500.0,7000.0,-2447.2
12600.0,7000.0,-2449.3
12700.0,7000.0,-2465.6
12800.0,7000.0,-2469.1
12900.0,7000.0,-2468.4
13000.0,7000.0,-2469.8
13100.0,7000.0,-2486.2
13200.0,7000.0,-2495.5
13300.0,7000.0,-2503.3
13400.0,7000.0,-2510.8
13500.0,7000.0,-2512.5
13600.0,7000.0,-2516.1
13700.0,7000.0,-2524.0
13800.0,7000.0,-2531.0
13900.0,7000.0,-2540.4
14000.0,7000.0,-2539.8
14100.0,7000.0,-2555.0
14200.0,7000.0,-2553.4
14300.0,7000.0,-2567.0
14400.0,7000.0,-2570.5
14500.0,7000.0,-2581.9
14600.0,7000.0,-2575.5
14700.0,7000.0,-2580.2
14800.0,7000.0,-2588.4
14900.0,7000.0,-2595.9
15000.0,7000.0,-2602.6
15100.0,7000.0,-2605.8
15200.0,7000.0,-2608.3
15300.0,7000.0,-2616.0
15400.0,7000.0,-2614.5
15500.0,7000.0,-2615.2
15600.0,7000.0,-2624.0
15700.0,7000.0,-2629.6
15800.0,7000.0,-2629.5
15900.0,7000.0,-2626.5
16000.0,7000.0,-2631.7
16100.0,7000.0,-2641.1
16200.0,7000.0,-2647.0
16300.0,7000.0,-2654.2
16400.0,7000.0,-2649.4
16500.0,7000.0,-2653.8
16600.0,7000.0,-2657.0
16700.0,7000.0,-2658.6
16800.0,7000.0,-2661.1
16900.0,7000.0,-2666.4
17000.0,7000.0,-2663.3
17100.0,7000.0,-2666.4
17200.0,7000.0,-2668.9
17300.0,7000.0,-2677.2
17400.0,7000.0,-2672.3
17500.0,7000.0,-2671.3
17600.0,7000.0,-2674.5
17700.0,7000.0,-2675.1
17800.0,7000.0,-2667.8
17900.0,7000.0,-2670.0
18000.0,7000.0,-2664.0
18100.0,7000.0,-2668.5
18200.0,7000.0,-2668.3
18300.0,7000.0,-2662.2
18400.0,7000.0,-2657.0
18500.0,7000.0,-2655.7
18600.0,7000.0,-2650.6
18700.0,7000.0,-2645.4
18800.0,7000.0,-2643.4
18900.0,7000.0,-2643.2
19000.0,7000.0,-2640.1
19100.0,7000.0,-2629.4
19200.0,7000.0,-2630.7
19300.0,7000.0,-2627.0
19400.0,7000.0,-2619.9
19500.0,7000.0,-2619.2
19600.0,7000.0,-2617.6
19700.0,7000.0,-2605.9
19800.0,7000.0,-2607.2
19900.0,7000.0,-2606.8
20000.0,7000.0,-2602.9
0.0,7100.0,-2697.0
100.0,7100.0,-2695.6
200.0,7100.0,-2692.8
300.0,7100.0,-2697.4
400.0,7100.0,-2696.7
500.0,7100.0,-2696.1
600.0,7100.0,-2696.9
700.0,7100.0,-2691.7
800.0,7100.0,-2697.5
900.0,7100.0,-2696.8
1000.0,7100.0,-2700.4
1100.0,7100.0,-2692.8
1200.0,7100.0,-2698.3
1300.0,7100.0,-2692.9
1400.0,7100.0,-2684.6
1500.0,7100.0,-2687.3
1600.0,7100.0,-2679.3
1700.0,7100.0,-2684.8
1800.0,7100.0,-2679.3
1900.0,7100.0,-2671.1
2000.0,7100.0,-2671.1
2100.0,7100.0,-2669.5
2200.0,7100.0,-2661.3
2300.0,7100.0,-2660.1
2400.0,7100.0,-2659.1
2500.0,7100.0,-2664.2
2600.0,7100.0,-2655.5
2700.0,7100.0,-2652.6
2800.0,7100.0,-2647.8
2900.0,7100.0,-2647.3
3000.0,7100.0,-2639.9
3100.0,7100.0,-2642.5
3200.0,7100.0,-2642.0
3300.0,7100.0,-2637.3
3400.0,7100.0,-2632.4
3500.0,7100.0,-2633.5
3600.0,7100.0,-2633.8
3700.0,7100.0,-2626.8
3800.0,7100.0,-2624.2
3900.0,7100.0,-2622.2
4000.0,7100.0,-2619.8
4100.0,7100.0,-2612.1
4200.0,7100.0,-2618.3
4300.0,7100.0,-2612.1
4400.0,7100.0,-2612.1
4500.0,7100.0,-2606.9
4600.0,7100.0,-2608.2
4700.0,7100.0,-2597.7
4800.0,7100.0,-2601.4
4900.0,7100.0,-2602.9
5000.0,7100.0,-2596.8
5100.0,7100.0,-2595.8
5200.0,7100.0,-2594.7
5300.0,7100.0,-2590.8
5400.0,7100.0,-2595.8
5500.0,7100.0,-2592.7
5600.0,7100.0,-2590.2
5700.0,7100.0,-2591.2
5800.0,7100.0,-2585.6
5900.0,7100.0,-2582.8
6000.0,7100.0,-2585.3
6100.0,7100.0,-2592.7
6200.0,7100.0,-2587.1
6300.0,7100.0,-2584.4
6400.0,7100.0,-2584.9
6500.0,7100.0,-2586.7
6600.0,7100.0,-2583.5
6700.0,7100.0,-2586.2
6800.0,7100.0,-2587.2
6900.0,7100.0,-2585.6
7000.0,7100.0,-2579.0
7100.0,7100.0,-2583.5
7200.0,7100.0,-2578.3
7300.0,7100.0,-2576.2
7400.0,7100.0,-2579.7
7500.0,7100.0,-2573.4
7600.0,7100.0,-2576.3
7700.0,7100.0,-2579.3
7800.0,7100.0,-2574.3
7900.0,7100.0,-2572.5
8000.0,7100.0,-2571.6
8100.0,7100.0,-2569.3
8200.0,7100.0,-2566.0
8300.0,7100.0,-2567.5
8400.0,7100.0,-2562.3
8500.0,7100.0,-2558.5
8600.0,7100.0,-2556.4
8700.0,7100.0,-2553.6
8800.0,7100.0,-2553.9
8900.0,7100.0,-2546.7
9000.0,7100.0,-2542.3
9100.0,7100.0,-2540.8
9200.0,7100.0,-2536.0
9300.0,7100.0,-2529.0
9400.0,7100.0,-2526.0
9500.0,7100.0,-2526.6
9600.0,7100.0,-2517.5
9700.0,7100.0,-2517.8
9800.0,7100.0,-2508.4
9900.0,7100.0,-2498.6
10000.0,7100.0,-2493.6
10100.0,7100.0,-2492.5
10200.0,7100.0,-2482.9
10300.0,7100.0,-2475.3
10400.0,7100.0,-2476.6
10500.0,7100.0,-2471.5
10600.0,7100.0,-2464.3
10700.0,7100.0,-2459.5
10800.0,7100.0,-2445.3
10900.0,7100.0,-2456.8
11000.0,7100.0,-2450.1
11100.0,7100.0,-2446.4
11200.0,7100.0,-2436.7
11300.0,7100.0,-2436.0
11400.0,7100.0,-2433.0
11500.0,7100.0,-2439.7
11600.0,7100.0,-2432.7
11700.0,7100.0,-2429.2
11800.0,7100.0,-2425.0
11900.0,7100.0,-2430.1
12000.0,7100.0,-2427.2
12100.0,7100.0,-2431.0
12200.0,7100.0,-2429.1
12300.0,7100.0,-2437.0
12400.0,7100.0,-2440.6
12500.0,7100.0,-2441.8
12600.0,7100.0,-2449.0
12700.0,7100.0,-2456.3
12800.0,7100.0,-2461.2
12900.0,7100.0,-2462.6
13000.0,7100.0,-2476.6
13100.0,7100.0,-2472.5
13200.0,7100.0,-2487.9
13300.0,7100.0,-2490.6
13400.0,7100.0,-2499.7
13500.0,7100.0,-2508.8
13600.0,7100.0,-2512.9
13700.0,7100.0,-2515.8
13800.0,7100.0,-2520.6
13900.0,7100.0,-2530.8
14000.0,7100.0,-2545.2
14100.0,7100.0,-2548.1
14200.0,7100.0,-2548.9
14300.0,7100.0,-2554.7
14400.0,7100.0,-2564.2
14500.0,7100.0,-2571.1
14600.0,7100.0,-2572.1
14700.0,7100.0,-2580.6
14800.0,7100.0,-2586.6
14900.0,7100.0,-2589.6
15000.0,7100.0,-2591.0
15100.0,7100.0,-2595.0
15200.0,7100.0,-2601.3
15300.0,7100.0,-2605.6
15400.0,7100.0,-2609.6
15500.0,7100.0,-2614.7
15600.0,7100.0,-2613.2
15700.0,7100.0,-2621.0
15800.0,7100.0,-2624.1
15900.0,7100.0,-2629.5
16000.0,7100.0,-2633.6
16100.0,7100.0,-2635.7
16200.0,7100.0,-2641.4
16300.0,7100.0,-2641.2
16400.0,7100.0,-2642.3
16500.0,7100.0,-2648.5
16600.0,7100.0,-2651.8
16700.0,7100.0,-2654.0
16800.0,7100.0,-2660.0
16900.0,7100.0,-2665.5
17000.0,7100.0,-2669.0
17100.0,7100.0,-2665.5
17200.0,7100.0,-2670.0
17300.0,7100.0,-2670.9
17400.0,7100.0,-2670.5
17500.0,7100.0,-2674.5
17600.0,7100.0,-2671.6
17700.0,7100.0,-2668.9
17800.0,7100.0,-2668.9
17900.0,7100.0,-2669.4
18000.0,7100.0,-2669.7
18100.0,7100.0,-2669.2
18200.0,7100.0,-2670.9
18300.0,7100.0,-2664.0
18400.0,7100.0,-2661.3
18500.0,7100.0,-2659.0
18600.0,7100.0,-2654.6
18700.0,7100.0,-2657.7
18800.0,7100.0,-2646.1
18900.0,7100.0,-2649.8
19000.0,7100.0,-2640.4
19100.0,7100.0,-2636.7
19200.0,7100.0,-2628.0
19300.0,7100.0,-2624.7
19400.0,7100.0,-2623.2
19500.0,7100.0,-2619.6
19600.0,7100.0,-2614.8
19700.0,7100.0,-2613.5
19800.0,7100.0,-2609.7
19900.0,7100.0,-2604.3
20000.0,7100.0,-2607.3
0.0,7200.0,-2693.3
100.0,7200.0,-2700.7
200.0,7200.0,-2690.2
300.0,7200.0,-2693.5
400.0,7200.0,-2699.5
500.0,7200.0,-2699.2
600.0,7200.0,-2700.2
700.0,7200.0,-2698.8
800.0,7200.0,-2695.1
900.0,7200.0,-2695.0
1000.0,7200.0,-2694.1
1100.0,7200.0,-2693.4
1200.0,7200.0,-2688.2
1300.0,7200.0,-2690.5
1400.0,7200.0,-2684.0
1500.0,7200.0,-2690.9
1600.0,7200.0,-2683.9
1700.0,7200.0,-2684.7
1800.0,7200.0,-2672.4
1900.0,7200.0,-2675.3
2000.0,7200.0,-2673.4
2100.0,7200.0,-2669.3
2200.0,7200.0,-2664.0
2300.0,7200.0,-2661.4
2400.0,7200.0,-2662.7
2500.0,7200.0,-2662.1
2600.0,7200.0,-2659.3
2700.0,7200.0,-2655.9
2800.0,7200.0,-2645.7
2900.0,7200.0,-2652.1
3000.0,7200.0,-2645.6
3100.0,7200.0,-2643.0
3200.0,7200.0,-2637.3
3300.0,7200.0,-2637.1
3400.0,7200.0,-2634.7
3500.0,7200.0,-2630.8
3600.0,7200.0,-2628.3
3700.0,7200.0,-2621.5
3800.0,7200.0,-2627.6
3900.0,7200.0,-2616.7
4000.0,7200.0,-2618.3
4100.0,7200.0,-2614.2
4200.0,7200.0,-2615.9
4300.0,7200.0,-2609.7
4400.0,7200.0,-2603.5
4500.0,7200.0,-2600.9
4600.0,7200.0,-2603.5
4700.0,7200.0,-2604.3
4800.0,7200.0,-2599.2
4900.0,7200.0,-2595.7
5000.0,7200.0,-2594.9
5100.0,7200.0,-2591.4
5200.0,7200.0,-2590.5
5300.0,7200.0,-2587.2
5400.0,7200.0,-2589.2
5500.0,7200.0,-2590.4
5600.0,7200.0,-2584.7
5700.0,7200.0,-2577.0
5800.0,7200.0,-2583.4
5900.0,7200.0,-2586.0
6000.0,7200.0,-2584.0
6100.0,7200.0,-2580.4
6200.0,7200.0,-2586.9
6300.0,7200.0,-2579.4
6400.0,7200.0,-2576.6
6500.0,7200.0,-2578.7
6600.0,7200.0,-2578.4
6700.0,7200.0,-2577.7
6800.0,7200.0,-2576.0
6900.0,7200.0,-2574.6
7000.0,7200.0,-2574.1
7100.0,7200.0,-2576.4
7200.0,7200.0,-2576.7
7300.0,7200.0,-2574.3
7400.0,7200.0,-2571.3
7500.0,7200.0,-2567.3
7600.0,7200.0,-2571.9
7700.0,7200.0,-2571.5
7800.0,7200.0,-2566.5
7900.0,7200.0,-2566.6
8000.0,7200.0,-2569.2
8100.0,7200.0,-2560.2
8200.0,7200.0,-2563.6
8300.0,7200.0,-2560.0
8400.0,7200.0,-2556.7
8500.0,7200.0,-2555.2
8600.0,7200.0,-2550.0
8700.0,7200.0,-2546.0
8800.0,7200.0,-2544.1
8900.0,7200.0,-2544.7
9000.0,7200.0,-2540.5
9100.0,7200.0,-2541.3
9200.0,7200.0,-2528.6
9300.0,7200.0,-2528.7
9400.0,7200.0,-2517.7
9500.0,7200.0,-2519.1
9600.0,7200.0,-2515.1
9700.0,7200.0,-2510.6
9800.0,7200.0,-2507.9
9900.0,7200.0,-2495.5
10000.0,7200.0,-2496.0
10100.0,7200.0,-2483.7
10200.0,7200.0,-2483.6
10300.0,7200.0,-2480.3
10400.0,7200.0,-2471.5
10500.0,7200.0,-2468.9
10600.0,7200.0,-2463.0
10700.0,7200.0,-2461.0
10800.0,7200.0,-2453.6
10900.0,7200.0,-2443.7
11000.0,7200.0,-2447.8
11100.0,7200.0,-2438.3
11200.0,7200.0,-2441.4
11300.0,7200.0,-2439.3
11400.0,7200.0,-2433.2
11500.0,7200.0,-2429.9
11600.0,7200.0,-2431.1
11700.0,7200.0,-2427.8
11800.0,7200.0,-2427.6
11900.0,7200.0,-2428.8
12000.0,7200.0,-2429.7
12100.0,7200.0,-2433.1
12200.0,7200.0,-2430.6
12300.0,7200.0,-2439.3
12400.0,7200.0,-2434.4
12500.0,7200.0,-2438.1
12600.0,7200.0,-2445.8
12700.0,7200.0,-2446.5
12800.0,7200.0,-2458.2
12900.0,7200.0,-2466.6
13000.0,7200.0,-2464.9
13100.0,7200.0,-2477.1
13200.0,7200.0,-2478.5
13300.0,7200.0,-2481.3
13400.0,7200.0,-2488.5
13500.0,7200.0,-2502.1
13600.0,7200.0,-2502.7
13700.0,7200.0,-2510.9
13800.0,7200.0,-2515.6
13900.0,7200.0,-2528.5
14000.0,7200.0,-2530.1
14100.0,7200.0,-2541.9
14200.0,7200.0,-2552.7
14300.0,7200.0,-2551.9
14400.0,7200.0,-2560.1
14500.0,7200.0,-2562.1
14600.0,7200.0,-2570.8
14700.0,7200.0,-2574.0
14800.0,7200.0,-2586.2
14900.0,7200.0,-2585.4
15000.0,7200.0,-2587.7
15100.0,7200.0,-2592.1
15200.0,7200.0,-2603.1
15300.0,7200.0,-2604.4
15400.0,7200.0,-2604.6
15500.0,7200.0,-2613.4
15600.0,7200.0,-2613.2
15700.0,7200.0,-2619.7
15800.0,7200.0,-2623.7
15900.0,7200.0,-2624.7
16000.0,7200.0,-2629.5
16100.0,7200.0,-2638.8
16200.0,7200.0,-2630.9
16300.0,7200.0,-2642.1
16400.0,7200.0,-2640.7
16500.0,7200.0,-2652.1
16600.0,7200.0,-2657.5
16700.0,7200.0,-2654.4
16800.0,7200.0,-2662.7
16900.0,7200.0,-2659.5
17000.0,7200.0,-2663.4
17100.0,7200.0,-2667.7
17200.0,7200.0,-2666.2
17300.0,7200.0,-2675.6
17400.0,7200.0,-2679.0
17500.0,7200.0,-2669.7
17600.0,7200.0,-2670.6
17700.0,7200.0,-2671.6
17800.0,7200.0,-2673.7
17900.0,7200.0,-2665.3
18000.0,7200.0,-2673.5
18100.0,7200.0,-2671.9
18200.0,7200.0,-2669.0
18300.0,7200.0,-2663.6
18400.0,7200.0,-2661.5
18500.0,7200.0,-2661.2
18600.0,7200.0,-2662.0
18700.0,7200.0,-2658.9
18800.0,7200.0,-2654.2
18900.0,7200.0,-2652.1
19000.0,7200.0,-2639.0
19100.0,7200.0,-2638.8
19200.0,7200.0,-2631.6
19300.0,7200.0,-2632.6
19400.0,7200.0,-2626.8
19500.0,7200.0,-2625.3
19600.0,7200.0,-2620.9
19700.0,7200.0,-2617.0
19800.0,7200.0,-2615.9
19900.0,7200.0,-2611.5
20000.0,7200.0,-2609.8
0.0,7300.0,-2690.9
100.0,7300.0,-2693.9
200.0,7300.0,-2692.7
300.0,7300.0,-2695.3
400.0,7300.0,-2694.6
500.0,7300.0,-2700.0
600.0,7300.0,-2694.1
700.0,7300.0,-2689.9
800.0,7300.0,-2695.8
900.0,7300.0,-2692.2
1000.0,7300.0,-2688.8
1100.0,7300.0,-2692.3
1200.0,7300.0,-2691.0
1300.0,7300.0,-2684.3
1400.0,7300.0,-2686.4
1500.0,7300.0,-2680.9
1600.0,7300.0,-2679.8
1700.0,7300.0,-2675.0
1800.0,7300.0,-2677.1
1900.0,7300.0,-2677.9
2000.0,7300.0,-2670.1
2100.0,7300.0,-2669.7
2200.0,7300.0,-2668.0
2300.0,7300.0,-2666.0
2400.0,7300.0,-2663.7
2500.0,7300.0,-2660.0
2600.0,7300.0,-2657.1
2700.0,7300.0,-2654.9
2800.0,7300.0,-2654.8
2900.0,7300.0,-2650.6
3000.0,7300.0,-2648.3
3100.0,7300.0,-2641.8
3200.0,7300.0,-2638.0
3300.0,7300.0,-2639.1
3400.0,7300.0,-2631.2
3500.0,7300.0,-2629.0
3600.0,7300.0,-2628.5
3700.0,7300.0,-2625.0
3800.0,7300.0,-2626.7
3900.0,7300.0,-2618.4
4000.0,7300.0,-2616.8
4100.0,7300.0,-2615.2
4200.0,7300.0,-2607.3
4300.0,7300.0,-2610.3
4400.0,7300.0,-2609.3
4500.0,7300.0,-2604.2
4600.0,7300.0,-2600.4
4700.0,7300.0,-2595.8
4800.0,7300.0,-2596.3
4900.0,7300.0,-2596.1
5000.0,7300.0,-2590.4
5100.0,7300.0,-2591.4
5200.0,7300.0,-2589.5
5300.0,7300.0,-2582.2
5400.0,7300.0,-2586.8
5500.0,7300.0,-2583.7
5600.0,7300.0,-2582.2
5700.0,7300.0,-2579.5
5800.0,7300.0,-2578.9
5900.0,7300.0,-2582.7
6000.0,7300.0,-2584.4
6100.0,7300.0,-2575.6
6200.0,7300.0,-2572.5
6300.0,7300.0,-2572.1
6400.0,7300.0,-2573.8
6500.0,7300.0,-2573.4
6600.0,7300.0,-2570.4
6700.0,7300.0,-2579.6
6800.0,7300.0,-2571.0
6900.0,7300.0,-2573.0
7000.0,7300.0,-2569.4
7100.0,7300.0,-2566.5
7200.0,7300.0,-2568.0
7300.0,7300.0,-2567.4
7400.0,7300.0,-2566.1
7500.0,7300.0,-2563.9
7600.0,7300.0,-2567.4
7700.0,7300.0,-2565.2
7800.0,7300.0,-2566.0
7900.0,7300.0,-2563.0
8000.0,7300.0,-2558.8
8100.0,7300.0,-2553.8
8200.0,7300.0,-2556.4
8300.0,7300.0,-2556.4
8400.0,7300.0,-2551.2
8500.0,7300.0,-2547.6
8600.0,7300.0,-2545.7
8700.0,7300.0,-2543.9
8800.0,7300.0,-2537.5
8900.0,7300.0,-2538.0
9000.0,7300.0,-2526.4
9100.0,7300.0,-2524.5
9200.0,7300.0,-2530.0
9300.0,7300.0,-2521.5
9400.0,7300.0,-2517.2
9500.0,7300.0,-2518.4
9600.0,7300.0,-2507.0
9700.0,7300.0,-2505.6
9800.0,7300.0,-2498.1
9900.0,7300.0,-2494.3
10000.0,7300.0,-2491.4
10100.0,7300.0,-2487.7
10200.0,7300.0,-2484.4
10300.0,7300.0,-2476.9
10400.0,7300.0,-2469.5
10500.0,7300.0,-2467.0
10600.0,7300.0,-2458.8
10700.0,7300.0,-2457.5
10800.0,7300.0,-2456.0
10900.0,7300.0,-2446.8
11000.0,7300.0,-2440.1
11100.0,7300.0,-2437.9
11200.0,7300.0,-2433.6
11300.0,7300.0,-2437.8
11400.0,7300.0,-2424.5
11500.0,7300.0,-2426.1
11600.0,7300.0,-2426.5
11700.0,7300.0,-2425.7
11800.0,7300.0,-2426.3
11900.0,7300.0,-2423.5
12000.0,7300.0,-2427.5
12100.0,7300.0,-2427.5
12200.0,7300.0,-2429.1
12300.0,7300.0,-2431.2
12400.0,7300.0,-2437.0
12500.0,7300.0,-2437.4
12600.0,7300.0,-2442.8
12700.0,7300.0,-2445.4
12800.0,7300.0,-2448.0
12900.0,7300.0,-2454.5
13000.0,7300.0,-2467.5
13100.0,7300.0,-2462.6
13200.0,7300.0,-2473.8
13300.0,7300.0,-2478.6
13400.0,7300.0,-2489.8
13500.0,7300.0,-2494.3
13600.0,7300.0,-2503.6
13700.0,7300.0,-2508.0
13800.0,7300.0,-2513.8
13900.0,7300.0,-2522.8
14000.0,7300.0,-2523.9
14100.0,7300.0,-2534.2
14200.0,7300.0,-2539.1
14300.0,7300.0,-2544.8
14400.0,7300.0,-2545.9
14500.0,7300.0,-2555.1
14600.0,7300.0,-2561.2
14700.0,7300.0,-2571.4
14800.0,7300.0,-2576.4
14900.0,7300.0,-2581.3
15000.0,7300.0,-2587.0
15100.0,7300.0,-2584.5
15200.0,7300.0,-2592.2
15300.0,7300.0,-2600.1
15400.0,7300.0,-2603.8
15500.0,7300.0,-2609.2
15600.0,7300.0,-2604.3
15700.0,7300.0,-2609.9
15800.0,7300.0,-2619.6
15900.0,7300.0,-2624.6
16000.0,7300.0,-2626.0
16100.0,7300.0,-2631.4
16200.0,7300.0,-2636.9
16300.0,7300.0,-2632.8
16400.0,7300.0,-2639.2
16500.0,7300.0,-2644.4
16600.0,7300.0,-2646.0
16700.0,7300.0,-2653.8
16800.0,7300.0,-2649.1
16900.0,7300.0,-2654.9
17000.0,7300.0,-2658.1
17100.0,7300.0,-2662.1
17200.0,7300.0,-2666.8
17300.0,7300.0,-2668.0
17400.0,7300.0,-2673.2
17500.0,7300.0,-2668.8
17600.0,7300.0,-2670.4
17700.0,7300.0,-2673.7
17800.0,7300.0,-2664.3
17900.0,7300.0,-2673.4
18000.0,7300.0,-2668.1
18100.0,7300.0,-2671.8
18200.0,7300.0,-2666.9
18300.0,7300.0,-2670.0
18400.0,7300.0,-2664.7
18500.0,7300.0,-2661.6
18600.0,7300.0,-2658.7
18700.0,7300.0,-2657.8
18800.0,7300.0,-2653.3
18900.0,7300.0,-2647.9
19000.0,7300.0,-2646.0
19100.0,7300.0,-2637.8
19200.0,7300.0,-2637.3
19300.0,7300.0,-2633.3
19400.0,7300.0,-2628.9
19500.0,7300.0,-2623.9
19600.0,7300.0,-2620.6
19700.0,7300.0,-2612.5
19800.0,7300.0,-2610.1
19900.0,7300.0,-2614.0
20000.0,7300.0,-2604.1
0.0,7400.0,-2691.3
100.0,7400.0,-2691.0
200.0,7400.0,-2692.6
300.0,7400.0,-2692.0
400.0,7400.0,-2692.8
500.0,7400.0,-2696.2
600.0,7400.0,-2700.1
700.0,7400.0,-2692.7
800.0,7400.0,-2690.6
900.0,7400.0,-2693.0
1000.0,7400.0,-2688.9
1100.0,7400.0,-2691.2
1200.0,7400.0,-2691.6
1300.0,7400.0,-2683.3
1400.0,7400.0,-2687.2
1500.0,7400.0,-2686.4
1600.0,7400.0,-2683.1
1700.0,7400.0,-2680.0
1800.0,7400.0,-2675.4
1900.0,7400.0,-2669.5
2000.0,7400.0,-2667.4
2100.0,7400.0,-2671.0
2200.0,7400.0,-2670.1
2300.0,7400.0,-2662.8
2400.0,7400.0,-2656.6
2500.0,7400.0,-2658.0
2600.0,7400.0,-2652.0
2700.0,7400.0,-2653.6
2800.0,7400.0,-2657.8
2900.0,7400.0,-2649.9
3000.0,7400.0,-2638.5
3100.0,7400.0,-2639.3
3200.0,7400.0,-2640.1
3300.0,7400.0,-2638.6
3400.0,7400.0,-2634.8
3500.0,7400.0,-2632.1
3600.0,7400.0,-2626.0
3700.0,7400.0,-2622.9
3800.0,7400.0,-2619.4
3900.0,7400.0,-2619.3
4000.0,7400.0,-2617.9
4100.0,7400.0,-2609.4
4200.0,7400.0,-2606.0
4300.0,7400.0,-2610.9
4400.0,7400.0,-2606.1
4500.0,7400.0,-2604.8
4600.0,7400.0,-2599.0
4700.0,7400.0,-2594.4
4800.0,7400.0,-2591.2
4900.0,7400.0,-2589.6
5000.0,7400.0,-2588.6
5100.0,7400.0,-2590.2
5200.0,7400.0,-2581.5
5300.0,7400.0,-2584.0
5400.0,7400.0,-2577.6
5500.0,7400.0,-2581.0
5600.0,7400.0,-2574.2
5700.0,7400.0,-2570.6
5800.0,7400.0,-2578.9
5900.0,7400.0,-2576.6
6000.0,7400.0,-2575.4
6100.0,7400.0,-2576.1
6200.0,7400.0,-2573.3
6300.0,7400.0,-2566.8
6400.0,7400.0,-2570.3
6500.0,7400.0,-2567.7
6600.0,7400.0,-2566.9
6700.0,7400.0,-2564.2
6800.0,7400.0,-2567.1
6900.0,7400.0,-2567.4
7000.0,7400.0,-2565.8
7100.0,7400.0,-2562.9
7200.0,7400.0,-2564.5
7300.0,7400.0,-2562.5
7400.0,7400.0,-2564.0
7500.0,7400.0,-2552.4
7600.0,7400.0,-2556.6
7700.0,7400.0,-2561.7
7800.0,7400.0,-2556.5
7900.0,7400.0,-2552.6
8000.0,7400.0,-2547.3
8100.0,7400.0,-2548.4
8200.0,7400.0,-2547.3
8300.0,7400.0,-2548.3
8400.0,7400.0,-2547.8
8500.0,7400.0,-2543.4
8600.0,7400.0,-2537.3
8700.0,7400.0,-2537.4
8800.0,7400.0,-2542.7
8900.0,7400.0,-2528.5
9000.0,7400.0,-2527.2
9100.0,7400.0,-2521.4
9200.0,7400.0,-2517.2
9300.0,7400.0,-2517.6
9400.0,7400.0,-2508.6
9500.0,7400.0,-2509.2
9600.0,7400.0,-2503.5
9700.0,7400.0,-2498.8
9800.0,7400.0,-2498.2
9900.0,7400.0,-2491.5
10000.0,7400.0,-2492.3
10100.0,7400.0,-2484.7
10200.0,7400.0,-2470.7
10300.0,7400.0,-2470.0
10400.0,7400.0,-2471.2
10500.0,7400.0,-2469.5
10600.0,7400.0,-2457.6
10700.0,7400.0,-2455.1
10800.0,7400.0,-2456.5
10900.0,7400.0,-2443.5
11000.0,7400.0,-2441.8
11100.0,7400.0,-2436.6
11200.0,7400.0,-2436.4
11300.0,7400.0,-2432.0
11400.0,7400.0,-2426.2
11500.0,7400.0,-2432.7
11600.0,7400.0,-2423.1
11700.0,7400.0,-2424.4
11800.0,7400.0,-2421.8
11900.0,7400.0,-2422.0
12000.0,7400.0,-2423.3
12100.0,7400.0,-2428.1
12200.0,7400.0,-2427.8
12300.0,7400.0,-2433.3
12400.0,7400.0,-2432.2
12500.0,7400.0,-2432.9
12600.0,7400.0,-2441.3
12700.0,7400.0,-2441.4
12800.0,7400.0,-2451.3
12900.0,7400.0,-2455.8
13000.0,7400.0,-2464.3
13100.0,7400.0,-2463.2
13200.0,7400.0,-2467.8
13300.0,7400.0,-2478.7
13400.0,7400.0,-2486.3
13500.0,7400.0,-2492.3
13600.0,7400.0,-2496.0
13700.0,7400.0,-2503.4
13800.0,7400.0,-2510.8
13900.0,7400.0,-2510.8
14000.0,7400.0,-2523.0
14100.0,7400.0,-2532.1
14200.0,7400.0,-2536.7
14300.0,7400.0,-2536.4
14400.0,7400.0,-2547.7
14500.0,7400.0,-2547.7
14600.0,7400.0,-2559.9
14700.0,7400.0,-2564.5
14800.0,7400.0,-2569.0
14900.0,7400.0,-2570.2
15000.0,7400.0,-2580.3
15100.0,7400.0,-2578.0
15200.0,7400.0,-2589.5
15300.0,7400.0,-2592.2
15400.0,7400.0,-2593.7
15500.0,7400.0,-2602.4
15600.0,7400.0,-2609.3
15700.0,7400.0,-2606.2
15800.0,7400.0,-2611.7
15900.0,7400.0,-2613.9
16000.0,7400.0,-2623.7
16100.0,7400.0,-2619.1
16200.0,7400.0,-2620.7
16300.0,7400.0,-2636.7
16400.0,7400.0,-2629.3
16500.0,7400.0,-2641.3
16600.0,7400.0,-2643.0
16700.0,7400.0,-2649.8
16800.0,7400.0,-2651.2
16900.0,7400.0,-2659.2
17000.0,7400.0,-2658.8
17100.0,7400.0,-2657.8
17200.0,7400.0,-2665.4
17300.0,7400.0,-2665.6
17400.0,7400.0,-2666.4
17500.0,7400.0,-2665.2
17600.0,7400.0,-2671.8
17700.0,7400.0,-2660.5
17800.0,7400.0,-2674.6
17900.0,7400.0,-2674.5
18000.0,7400.0,-2671.8
18100.0,7400.0,-2669.8
18200.0,7400.0,-2666.9
18300.0,7400.0,-2665.0
18400.0,7400.0,-2669.2
18500.0,7400.0,-2661.8
18600.0,7400.0,-2664.7
18700.0,7400.0,-2658.2
18800.0,7400.0,-2653.9
18900.0,7400.0,-2655.5
19000.0,7400.0,-2649.7
19100.0,7400.0,-2644.2
19200.0,7400.0,-2640.5
19300.0,7400.0,-2631.2
19400.0,7400.0,-2627.8
19500.0,7400.0,-2631.0
19600.0,7400.0,-2619.1
19700.0,7400.0,-2620.6
19800.0,7400.0,-2616.2
19900.0,7400.0,-2612.7
20000.0,7400.0,-2610.3
0.0,7500.0,-2691.2
100.0,7500.0,-2695.4
200.0,7500.0,-2695.2
300.0,7500.0,-2698.1
400.0,7500.0,-2690.9
500.0,7500.0,-2697.4
600.0,7500.0,-2691.2
700.0,7500.0,-2693.3
800.0,7500.0,-2692.0
900.0,7500.0,-2689.3
1000.0,7500.0,-2688.0
1100.0,7500.0,-2686.7
1200.0,7500.0,-2677.6
1300.0,7500.0,-2686.0
1400.0,7500.0,-2680.6
1500.0,7500.0,-2680.1
1600.0,7500.0,-2676.1
1700.0,7500.0,-2674.8
1800.0,7500.0,-2672.6
1900.0,7500.0,-2673.2
2000.0,7500.0,-2670.7
2100.0,7500.0,-2668.6
2200.0,7500.0,-2664.0
2300.0,7500.0,-2663.4
2400.0,7500.0,-2657.9
2500.0,7500.0,-2654.2
2600.0,7500.0,-2657.1
2700.0,7500.0,-2653.8
2800.0,7500.0,-2652.0
2900.0,7500.0,-2641.9
3000.0,7500.0,-2642.5
3100.0,7500.0,-2638.8
3200.0,7500.0,-2645.0
3300.0,7500.0,-2637.4
3400.0,7500.0,-2631.3
3500.0,7500.0,-2632.3
3600.0,7500.0,-2619.1
3700.0,7500.0,-2623.4
3800.0,7500.0,-2621.8
3900.0,7500.0,-2618.0
4000.0,7500.0,-2614.5
4100.0,7500.0,-2608.0
4200.0,7500.0,-2612.0
4300.0,7500.0,-2604.6
4400.0,7500.0,-2601.5
4500.0,7500.0,-2599.6
4600.0,7500.0,-2592.8
4700.0,7500.0,-2592.0
4800.0,7500.0,-2592.9
4900.0,7500.0,-2585.8
5000.0,7500.0,-2579.7
5100.0,7500.0,-2581.0
5200.0,7500.0,-2581.0
5300.0,7500.0,-2577.5
5400.0,7500.0,-2573.3
5500.0,7500.0,-2579.7
5600.0,7500.0,-2575.6
5700.0,7500.0,-2568.4
5800.0,7500.0,-2568.4
5900.0,7500.0,-2569.1
6000.0,7500.0,-2568.5
6100.0,7500.0,-2569.2
6200.0,7500.0,-2569.0
6300.0,7500.0,-2572.0
6400.0,7500.0,-2567.8
6500.0,7500.0,-2565.6
6600.0,7500.0,-2562.3
6700.0,7500.0,-2562.1
6800.0,7500.0,-2559.5
6900.0,7500.0,-2562.3
7000.0,7500.0,-2558.3
7100.0,7500.0,-2565.0
7200.0,7500.0,-2553.0
7300.0,7500.0,-2553.3
7400.0,7500.0,-2559.3
7500.0,7500.0,-2549.8
7600.0,7500.0,-2546.8
7700.0,7500.0,-2555.6
7800.0,7500.0,-2547.3
7900.0,7500.0,-2547.3
8000.0,7500.0,-2543.5
8100.0,7500.0,-2541.8
8200.0,7500.0,-2541.8
8300.0,7500.0,-2539.1
8400.0,7500.0,-2539.0
8500.0,7500.0,-2533.6
8600.0,7500.0,-2539.4
8700.0,7500.0,-2529.9
8800.0,7500.0,-2529.0
8900.0,7500.0,-2522.8
9000.0,7500.0,-2523.6
9100.0,7500.0,-2516.6
9200.0,7500.0,-2515.7
9300.0,7500.0,-2512.0
9400.0,7500.0,-2506.4
9500.0,7500.0,-2503.4
9600.0,7500.0,-2502.7
9700.0,7500.0,-2498.7
9800.0,7500.0,-2487.8
9900.0,7500.0,-2481.8
10000.0,7500.0,-2480.8
10100.0,7500.0,-2480.5
10200.0,7500.0,-2477.1
10300.0,7500.0,-2471.1
10400.0,7500.0,-2464.5
10500.0,7500.0,-2463.2
10600.0,7500.0,-2455.4
10700.0,7500.0,-2448.5
10800.0,7500.0,-2447.6
10900.0,7500.0,-2446.4
11000.0,7500.0,-2434.5
11100.0,7500.0,-2438.4
11200.0,7500.0,-2431.8
11300.0,7500.0,-2431.6
11400.0,7500.0,-2428.0
11500.0,7500.0,-2424.3
11600.0,7500.0,-2424.8
11700.0,7500.0,-2419.6
11800.0,7500.0,-2422.8
11900.0,7500.0,-2427.4
12000.0,7500.0,-2424.9
12100.0,7500.0,-2420.6
12200.0,7500.0,-2424.3
12300.0,7500.0,-2427.7
12400.0,7500.0,-2431.0
12500.0,7500.0,-2436.0
12600.0,7500.0,-2439.6
12700.0,7500.0,-2437.8
12800.0,7500.0,-2447.2
12900.0,7500.0,-2454.2
13000.0,7500.0,-2455.5
13100.0,7500.0,-2463.1
13200.0,7500.0,-2468.9
13300.0,7500.0,-2469.9
13400.0,7500.0,-2478.1
13500.0,7500.0,-2485.0
13600.0,7500.0,-2494.4
13700.0,7500.0,-2494.5
13800.0,7500.0,-2504.2
13900.0,7500.0,-2505.9
14000.0,7500.0,-2515.4
14100.0,7500.0,-2522.9
14200.0,7500.0,-2535.0
14300.0,7500.0,-2533.8
14400.0,7500.0,-2542.8
14500.0,7500.0,-2546.4
14600.0,7500.0,-2553.4
14700.0,7500.0,-2556.9
14800.0,7500.0,-2556.4
14900.0,7500.0,-2565.1
15000.0,7500.0,-2570.5
15100.0,7500.0,-2576.0
15200.0,7500.0,-2578.6
15300.0,7500.0,-2585.2
15400.0,7500.0,-2589.5
15500.0,7500.0,-2597.5
15600.0,7500.0,-2601.7
15700.0,7500.0,-2604.9
15800.0,7500.0,-2609.5
15900.0,7500.0,-2606.8
16000.0,7500.0,-2613.3
16100.0,7500.0,-2618.0
16200.0,7500.0,-2628.9
16300.0,7500.0,-2625.8
16400.0,7500.0,-2632.7
16500.0,7500.0,-2634.9
16600.0,7500.0,-2633.4
16700.0,7500.0,-2642.4
16800.0,7500.0,-2652.2
16900.0,7500.0,-2652.5
17000.0,7500.0,-2649.9
17100.0,7500.0,-2654.4
17200.0,7500.0,-2660.9
17300.0,7500.0,-2663.7
17400.0,7500.0,-2668.6
17500.0,7500.0,-2666.8
17600.0,7500.0,-2664.1
17700.0,7500.0,-2665.4
17800.0,7500.0,-2669.2
17900.0,7500.0,-2670.4
18000.0,7500.0,-2671.6
18100.0,7500.0,-2669.1
18200.0,7500.0,-2669.7
18300.0,7500.0,-2666.8
18400.0,7500.0,-2666.0
18500.0,7500.0,-2665.6
18600.0,7500.0,-2662.3
18700.0,7500.0,-2657.4
18800.0,7500.0,-2654.8
18900.0,7500.0,-2648.7
19000.0,7500.0,-2644.9
19100.0,7500.0,-2647.2
19200.0,7500.0,-2633.7
19300.0,7500.0,-2632.8
19400.0,7500.0,-2635.4
19500.0,7500.0,-2629.8
19600.0,7500.0,-2619.1
19700.0,7500.0,-2621.2
19800.0,7500.0,-2609.4
19900.0,7500.0,-2610.6
20000.0,7500.0,-2610.3
0.0,7600.0,-2689.2
100.0,7600.0,-2691.6
200.0,7600.0,-2690.9
300.0,7600.0,-2690.2
400.0,7600.0,-2688.2
500.0,7600.0,-2688.1
600.0,7600.0,-2686.8
700.0,7600.0,-2693.1
800.0,7600.0,-2688.1
900.0,7600.0,-2688.6
1000.0,7600.0,-2683.9
1100.0,7600.0,-2686.7
1200.0,7600.0,-2681.2
1300.0,7600.0,-2687.5
1400.0,7600.0,-2680.9
1500.0,7600.0,-2682.2
1600.0,7600.0,-2678.5
1700.0,7600.0,-2673.3
1800.0,7600.0,-2674.8
1900.0,7600.0,-2671.3
2000.0,7600.0,-2667.7
2100.0,7600.0,-2661.8
2200.0,7600.0,-2665.6
2300.0,7600.0,-2663.6
2400.0,7600.0,-2656.1
2500.0,7600.0,-2652.8
2600.0,7600.0,-2656.3
2700.0,7600.0,-2650.6
2800.0,7600.0,-2651.3
2900.0,7600.0,-2652.1
3000.0,7600.0,-2649.2
3100.0,7600.0,-2644.5
3200.0,7600.0,-2640.4
3300.0,7600.0,-2637.3
3400.0,7600.0,-2632.3
3500.0,7600.0,-2631.3
3600.0,7600.0,-2623.7
3700.0,7600.0,-2622.4
3800.0,7600.0,-2623.6
3900.0,7600.0,-2622.0
4000.0,7600.0,-2607.9
4100.0,7600.0,-2611.7
4200.0,7600.0,-2603.0
4300.0,7600.0,-2603.9
4400.0,7600.0,-2606.1
4500.0,7600.0,-2599.7
4600.0,7600.0,-2590.5
4700.0,7600.0,-2592.5
4800.0,7600.0,-2591.8
4900.0,7600.0,-2588.5
5000.0,7600.0,-2584.6
5100.0,7600.0,-2578.9
5200.0,7600.0,-2577.8
5300.0,7600.0,-2574.6
5400.0,7600.0,-2573.9
5500.0,7600.0,-2571.1
5600.0,7600.0,-2573.1
5700.0,7600.0,-2568.0
5800.0,7600.0,-2566.7
5900.0,7600.0,-2566.0
6000.0,7600.0,-2565.6
6100.0,7600.0,-2563.0
6200.0,7600.0,-2564.7
6300.0,7600.0,-2558.8
6400.0,7600.0,-2554.2
6500.0,7600.0,-2553.5
6600.0,7600.0,-2556.7
6700.0,7600.0,-2561.9
6800.0,7600.0,-2559.9
6900.0,7600.0,-2562.3
7000.0,7600.0,-2554.8
7100.0,7600.0,-2553.4
7200.0,7600.0,-2552.7
7300.0,7600.0,-2549.5
7400.0,7600.0,-2541.1
7500.0,7600.0,-2549.0
7600.0,7600.0,-2550.2
7700.0,7600.0,-2548.6
7800.0,7600.0,-2540.7
7900.0,7600.0,-2541.3
8000.0,7600.0,-2540.5
8100.0,7600.0,-2540.7
8200.0,7600.0,-2535.9
8300.0,7600.0,-2528.7
8400.0,7600.0,-2529.9
8500.0,7600.0,-2525.5
8600.0,7600.0,-2524.4
8700.0,7600.0,-2522.8
8800.0,7600.0,-2523.8
8900.0,7600.0,-2521.2
9000.0,7600.0,-2515.7
9100.0,7600.0,-2512.7
9200.0,7600.0,-2509.3
9300.0,7600.0,-2502.4
9400.0,7600.0,-2497.6
9500.0,7600.0,-2495.8
9600.0,7600.0,-2494.9
9700.0,7600.0,-2489.4
9800.0,7600.0,-2486.0
9900.0,7600.0,-2483.7
10000.0,7600.0,-2480.2
10100.0,7600.0,-2475.1
10200.0,7600.0,-2471.8
10300.0,7600.0,-2464.9
10400.0,7600.0,-2456.4
10500.0,7600.0,-2457.2
10600.0,7600.0,-2456.0
10700.0,7600.0,-2449.3
10800.0,7600.0,-2444.0
10900.0,7600.0,-2447.6
11000.0,7600.0,-2439.2
11100.0,7600.0,-2435.0
11200.0,7600.0,-2436.3
11300.0,7600.0,-2431.8
11400.0,7600.0,-2427.7
11500.0,7600.0,-2424.4
11600.0,7600.0,-2428.8
11700.0,7600.0,-2427.2
11800.0,7600.0,-2419.0
11900.0,7600.0,-2421.6
12000.0,7600.0,-2424.7
12100.0,7600.0,-2424.7
12200.0,7600.0,-2425.5
12300.0,7600.0,-2425.4
12400.0,7600.0,-2430.6
12500.0,7600.0,-2429.8
12600.0,7600.0,-2430.5
12700.0,7600.0,-2438.5
12800.0,7600.0,-2446.5
12900.0,7600.0,-2445.4
13000.0,7600.0,-2454.1
13100.0,7600.0,-2459.1
13200.0,7600.0,-2462.7
13300.0,7600.0,-2468.4
13400.0,7600.0,-2469.8
13500.0,7600.0,-2481.5
13600.0,7600.0,-2487.2
13700.0,7600.0,-2492.0
13800.0,7600.0,-2502.5
13900.0,7600.0,-2505.3
14000.0,7600.0,-2512.0
14100.0,7600.0,-2517.8
14200.0,7600.0,-2524.5
14300.0,7600.0,-2531.1
14400.0,7600.0,-2531.5
14500.0,7600.0,-2542.7
14600.0,7600.0,-2545.7
14700.0,7600.0,-2550.4
14800.0,7600.0,-2556.0
14900.0,7600.0,-2561.6
15000.0,7600.0,-2561.0
15100.0,7600.0,-2573.2
15200.0,7600.0,-2573.0
15300.0,7600.0,-2582.6
15400.0,7600.0,-2585.0
15500.0,7600.0,-2587.1
15600.0,7600.0,-2601.2
15700.0,7600.0,-2602.5
15800.0,7600.0,-2604.3
15900.0,7600.0,-2608.8
16000.0,7600.0,-2610.7
16100.0,7600.0,-2617.1
16200.0,7600.0,-2615.7
16300.0,7600.0,-2621.6
16400.0,7600.0,-2622.1
16500.0,7600.0,-2633.5
16600.0,7600.0,-2632.8
16700.0,7600.0,-2645.0
16800.0,7600.0,-2642.9
16900.0,7600.0,-2649.2
17000.0,7600.0,-2651.0
17100.0,7600.0,-2651.8
17200.0,7600.0,-2652.0
17300.0,7600.0,-2659.2
17400.0,7600.0,-2660.8
17500.0,7600.0,-2660.2
17600.0,7600.0,-2666.9
17700.0,7600.0,-2668.8
17800.0,7600.0,-2663.8
17900.0,7600.0,-2667.3
18000.0,7600.0,-2674.9
18100.0,7600.0,-2669.3
18200.0,7600.0,-2667.1
18300.0,7600.0,-2667.3
18400.0,7600.0,-2667.6
18500.0,7600.0,-2665.9
18600.0,7600.0,-2658.8
18700.0,7600.0,-2658.9
18800.0,7600.0,-2659.0
18900.0,7600.0,-2654.5
19000.0,7600.0,-2646.4
19100.0,7600.0,-2647.2
19200.0,7600.0,-2641.7
19300.0,7600.0,-2635.8
19400.0,7600.0,-2632.8
19500.0,7600.0,-2631.9
19600.0,7600.0,-2626.6
19700.0,7600.0,-2626.2
19800.0,7600.0,-2617.3
19900.0,7600.0,-2615.8
20000.0,7600.0,-2607.6
0.0,7700.0,-2688.5
100.0,7700.0,-2686.7
200.0,7700.0,-2690.0
300.0,7700.0,-2685.6
400.0,7700.0,-2687.0
500.0,7700.0,-2690.4
600.0,7700.0,-2691.4
700.0,7700.0,-2689.7
800.0,7700.0,-2690.0
900.0,7700.0,-2688.8
1000.0,7700.0,-2690.2
1100.0,7700.0,-2683.9
1200.0,7700.0,-2683.0
1300.0,7700.0,-2678.6
1400.0,7700.0,-2677.7
1500.0,7700.0,-2678.4
1600.0,7700.0,-2671.3
1700.0,7700.0,-2675.4
1800.0,7700.0,-2671.3
1900.0,7700.0,-2667.8
2000.0,7700.0,-2662.9
2100.0,7700.0,-2664.2
2200.0,7700.0,-2664.2
2300.0,7700.0,-2663.2
2400.0,7700.0,-2663.8
2500.0,7700.0,-2656.6
2600.0,7700.0,-2648.5
2700.0,7700.0,-2645.5
2800.0,7700.0,-2649.8
2900.0,7700.0,-2649.0
3000.0,7700.0,-2643.8
3100.0,7700.0,-2640.9
3200.0,7700.0,-2643.2
3300.0,7700.0,-2633.8
3400.0,7700.0,-2634.8
3500.0,7700.0,-2629.7
3600.0,7700.0,-2628.6
3700.0,7700.0,-2626.0
3800.0,7700.0,-2621.9
3900.0,7700.0,-2618.7
4000.0,7700.0,-2615.0
4100.0,7700.0,-2610.1
4200.0,7700.0,-2604.2
4300.0,7700.0,-2603.1
4400.0,7700.0,-2601.9
4500.0,7700.0,-2599.1
4600.0,7700.0,-2591.9
4700.0,7700.0,-2590.0
4800.0,7700.0,-2589.2
4900.0,7700.0,-2580.7
5000.0,7700.0,-2579.4
5100.0,7700.0,-2578.4
5200.0,7700.0,-2572.2
5300.0,7700.0,-2572.7
5400.0,7700.0,-2570.8
5500.0,7700.0,-2568.8
5600.0,7700.0,-2564.3
5700.0,7700.0,-2564.1
5800.0,7700.0,-2560.0
5900.0,7700.0,-2562.2
6000.0,7700.0,-2561.5
6100.0,7700.0,-2554.8
6200.0,7700.0,-2550.8
6300.0,7700.0,-2554.8
6400.0,7700.0,-2549.7
6500.0,7700.0,-2553.3
6600.0,7700.0,-2557.3
6700.0,7700.0,-2555.3
6800.0,7700.0,-2548.2
6900.0,7700.0,-2550.0
7000.0,7700.0,-2549.3
7100.0,7700.0,-2545.0
7200.0,7700.0,-2549.7
7300.0,7700.0,-2547.8
7400.0,7700.0,-2543.7
7500.0,7700.0,-2540.9
7600.0,7700.0,-2541.5
7700.0,7700.0,-2542.2
7800.0,7700.0,-2537.8
7900.0,7700.0,-2531.5
8000.0,7700.0,-2536.5
8100.0,7700.0,-2535.4
8200.0,7700.0,-2526.4
8300.0,7700.0,-2527.9
8400.0,7700.0,-2531.1
8500.0,7700.0,-2523.7
8600.0,7700.0,-2517.1
8700.0,7700.0,-2518.1
8800.0,7700.0,-2512.7
8900.0,7700.0,-2511.6
9000.0,7700.0,-2506.9
9100.0,7700.0,-2503.9
9200.0,7700.0,-2500.3
9300.0,7700.0,-2505.0
9400.0,7700.0,-2495.9
9500.0,7700.0,-2490.7
9600.0,7700.0,-2486.0
9700.0,7700.0,-2485.3
9800.0,7700.0,-2483.8
9900.0,7700.0,-2477.0
10000.0,7700.0,-2474.4
10100.0,7700.0,-2468.7
10200.0,7700.0,-2468.0
10300.0,7700.0,-2462.1
10400.0,7700.0,-2454.9
10500.0,7700.0,-2455.6
10600.0,7700.0,-2453.6
10700.0,7700.0,-2450.8
10800.0,7700.0,-2442.5
10900.0,7700.0,-2446.0
11000.0,7700.0,-2439.1
11100.0,7700.0,-2428.7
11200.0,7700.0,-2429.4
11300.0,7700.0,-2433.2
11400.0,7700.0,-2431.6
11500.0,7700.0,-2424.0
11600.0,7700.0,-2426.0
11700.0,7700.0,-2420.3
11800.0,7700.0,-2420.2
11900.0,7700.0,-2426.3
12000.0,7700.0,-2419.4
12100.0,7700.0,-2423.3
12200.0,7700.0,-2421.6
12300.0,7700.0,-2428.8
12400.0,7700.0,-2422.5
12500.0,7700.0,-2425.6
12600.0,7700.0,-2433.4
12700.0,7700.0,-2433.9
12800.0,7700.0,-2441.7
12900.0,7700.0,-2445.7
13000.0,7700.0,-2449.0
13100.0,7700.0,-2452.0
13200.0,7700.0,-2458.0
13300.0,7700.0,-2466.3
13400.0,7700.0,-2467.1
13500.0,7700.0,-2472.6
13600.0,7700.0,-2486.0
13700.0,7700.0,-2492.4
13800.0,7700.0,-2493.3
13900.0,7700.0,-2502.8
14000.0,7700.0,-2506.9
14100.0,7700.0,-2510.5
14200.0,7700.0,-2521.2
14300.0,7700.0,-2523.8
14400.0,7700.0,-2532.0
14500.0,7700.0,-2534.0
14600.0,7700.0,-2543.6
14700.0,7700.0,-2552.4
14800.0,7700.0,-2549.5
14900.0,7700.0,-2560.0
15000.0,7700.0,-2561.7
15100.0,7700.0,-2565.3
15200.0,7700.0,-2573.8
15300.0,7700.0,-2571.7
15400.0,7700.0,-2582.4
15500.0,7700.0,-2587.4
15600.0,7700.0,-2591.2
15700.0,7700.0,-2596.1
15800.0,7700.0,-2602.4
15900.0,7700.0,-2601.2
16000.0,7700.0,-2606.7
16100.0,7700.0,-2610.5
16200.0,7700.0,-2616.4
16300.0,7700.0,-2618.1
16400.0,7700.0,-2620.9
16500.0,7700.0,-2628.4
16600.0,7700.0,-2628.5
16700.0,7700.0,-2628.7
16800.0,7700.0,-2641.1
16900.0,7700.0,-2642.9
17000.0,7700.0,-2649.5
17100.0,7700.0,-2648.7
17200.0,7700.0,-2656.7
17300.0,7700.0,-2660.4
17400.0,7700.0,-2654.5
17500.0,7700.0,-2661.2
17600.0,7700.0,-2671.7
17700.0,7700.0,-2666.0
17800.0,7700.0,-2666.3
17900.0,7700.0,-2669.3
18000.0,7700.0,-2663.4
18100.0,7700.0,-2666.6
18200.0,7700.0,-2674.7
18300.0,7700.0,-2670.0
18400.0,7700.0,-2663.9
18500.0,7700.0,-2663.7
18600.0,7700.0,-2662.9
18700.0,7700.0,-2661.2
18800.0,7700.0,-2655.6
18900.0,7700.0,-2655.1
19000.0,7700.0,-2648.9
19100.0,7700.0,-2642.6
19200.0,7700.0,-2642.3
19300.0,7700.0,-2634.5
19400.0,7700.0,-2631.5
19500.0,7700.0,-2629.4
19600.0,7700.0,-2626.5
19700.0,7700.0,-2622.3
19800.0,7700.0,-2615.2
19900.0,7700.0,-2616.8
20000.0,7700.0,-2613.2
0.0,7800.0,-2687.0
100.0,7800.0,-2686.5
200.0,7800.0,-2688.5
300.0,7800.0,-2684.9
400.0,7800.0,-2683.0
500.0,7800.0,-2688.4
600.0,7800.0,-2687.1
700.0,7800.0,-2685.1
800.0,7800.0,-2687.8
900.0,7800.0,-2685.9
1000.0,7800.0,-2676.7
1100.0,7800.0,-2673.1
1200.0,7800.0,-2674.1
1300.0,7800.0,-2678.8
1400.0,7800.0,-2681.2
1500.0,7800.0,-2678.6
1600.0,7800.0,-2669.4
1700.0,7800.0,-2668.7
1800.0,7800.0,-2669.2
1900.0,7800.0,-2672.1
2000.0,7800.0,-2666.9
2100.0,7800.0,-2666.8
2200.0,7800.0,-2665.8
2300.0,7800.0,-2660.6
2400.0,7800.0,-2656.4
2500.0,7800.0,-2655.4
2600.0,7800.0,-2653.4
2700.0,7800.0,-2647.4
2800.0,7800.0,-2644.7
2900.0,7800.0,-2648.2
3000.0,7800.0,-2643.3
3100.0,7800.0,-2641.3
3200.0,7800.0,-2637.7
3300.0,7800.0,-2640.8
3400.0,7800.0,-2629.6
3500.0,7800.0,-2635.8
3600.0,7800.0,-2625.5
3700.0,7800.0,-2617.4
3800.0,7800.0,-2615.3
3900.0,7800.0,-2619.1
4000.0,7800.0,-2612.5
4100.0,7800.0,-2613.4
4200.0,7800.0,-2606.9
4300.0,7800.0,-2598.3
4400.0,7800.0,-2599.9
4500.0,7800.0,-2600.5
4600.0,7800.0,-2590.7
4700.0,7800.0,-2589.7
4800.0,7800.0,-2582.2
4900.0,7800.0,-2581.1
5000.0,7800.0,-2577.4
5100.0,7800.0,-2576.2
5200.0,7800.0,-2569.6
5300.0,7800.0,-2567.1
5400.0,7800.0,-2564.3
5500.0,7800.0,-2565.0
5600.0,7800.0,-2562.9
5700.0,7800.0,-2561.8
5800.0,7800.0,-2559.1
5900.0,7800.0,-2554.1
6000.0,7800.0,-2552.4
6100.0,7800.0,-2553.5
6200.0,7800.0,-2547.6
6300.0,7800.0,-2548.9
6400.0,7800.0,-2550.8
6500.0,7800.0,-2545.8
6600.0,7800.0,-2542.6
6700.0,7800.0,-2550.6
6800.0,7800.0,-2542.5
6900.0,7800.0,-2550.1
7000.0,7800.0,-2541.5
7100.0,7800.0,-2541.2
7200.0,7800.0,-2538.5
7300.0,7800.0,-2537.3
7400.0,7800.0,-2540.6
7500.0,7800.0,-2531.6
7600.0,7800.0,-2533.8
7700.0,7800.0,-2535.1
7800.0,7800.0,-2533.0
7900.0,7800.0,-2530.5
8000.0,7800.0,-2527.7
8100.0,7800.0,-2524.2
8200.0,7800.0,-2525.8
8300.0,7800.0,-2520.5
8400.0,7800.0,-2520.1
8500.0,7800.0,-2518.3
8600.0,7800.0,-2511.6
8700.0,7800.0,-2512.0
8800.0,7800.0,-2503.1
8900.0,7800.0,-2509.1
9000.0,7800.0,-2506.4
9100.0,7800.0,-2498.6
9200.0,7800.0,-2496.5
9300.0,7800.0,-2488.8
9400.0,7800.0,-2487.3
9500.0,7800.0,-2485.7
9600.0,7800.0,-2481.2
9700.0,7800.0,-2475.9
9800.0,7800.0,-2475.3
9900.0,7800.0,-2469.2
10000.0,7800.0,-2469.4
10100.0,7800.0,-2464.1
10200.0,7800.0,-2460.3
10300.0,7800.0,-2463.5
10400.0,7800.0,-2450.6
10500.0,7800.0,-2451.0
10600.0,7800.0,-2445.6
10700.0,7800.0,-2443.6
10800.0,7800.0,-2440.9
10900.0,7800.0,-2444.7
11000.0,7800.0,-2436.0
11100.0,7800.0,-2432.8
11200.0,7800.0,-2427.9
11300.0,7800.0,-2432.5
11400.0,7800.0,-2426.0
11500.0,7800.0,-2422.4
11600.0,7800.0,-2428.8
11700.0,7800.0,-2426.5
11800.0,7800.0,-2414.8
11900.0,7800.0,-2422.6
12000.0,7800.0,-2423.7
12100.0,7800.0,-2421.4
12200.0,7800.0,-2424.5
12300.0,7800.0,-2427.6
12400.0,7800.0,-2428.7
12500.0,7800.0,-2429.9
12600.0,7800.0,-2427.6
12700.0,7800.0,-2432.6
12800.0,7800.0,-2442.7
12900.0,7800.0,-2442.9
13000.0,7800.0,-2447.2
13100.0,7800.0,-2452.6
13200.0,7800.0,-2457.2
13300.0,7800.0,-2463.9
13400.0,7800.0,-2470.9
13500.0,7800.0,-2470.6
13600.0,7800.0,-2480.4
13700.0,7800.0,-2486.6
13800.0,7800.0,-2490.2
13900.0,7800.0,-2495.5
14000.0,7800.0,-2506.4
14100.0,7800.0,-2510.5
14200.0,7800.0,-2506.4
14300.0,7800.0,-2515.0
14400.0,7800.0,-2516.9
14500.0,7800.0,-2525.0
14600.0,7800.0,-2535.9
14700.0,7800.0,-2546.8
14800.0,7800.0,-2547.5
14900.0,7800.0,-2551.4
15000.0,7800.0,-2556.1
15100.0,7800.0,-2564.1
15200.0,7800.0,-2564.5
15300.0,7800.0,-2566.7
15400.0,7800.0,-2569.3
15500.0,7800.0,-2580.3
15600.0,7800.0,-2586.1
15700.0,7800.0,-2586.4
15800.0,7800.0,-2599.2
15900.0,7800.0,-2602.4
16000.0,7800.0,-2602.2
16100.0,7800.0,-2608.5
16200.0,7800.0,-2605.9
16300.0,7800.0,-2611.3
16400.0,7800.0,-2614.8
16500.0,7800.0,-2621.6
16600.0,7800.0,-2631.4
16700.0,7800.0,-2628.2
16800.0,7800.0,-2636.4
16900.0,7800.0,-2641.8
17000.0,7800.0,-2639.6
17100.0,7800.0,-2647.0
17200.0,7800.0,-2652.1
17300.0,7800.0,-2657.3
17400.0,7800.0,-2654.9
17500.0,7800.0,-2661.8
17600.0,7800.0,-2654.9
17700.0,7800.0,-2660.1
17800.0,7800.0,-2663.7
17900.0,7800.0,-2665.8
18000.0,7800.0,-2666.3
18100.0,7800.0,-2657.6
18200.0,7800.0,-2663.3
18300.0,7800.0,-2658.1
18400.0,7800.0,-2664.8
18500.0,7800.0,-2660.9
18600.0,7800.0,-2664.0
18700.0,7800.0,-2656.8
18800.0,7800.0,-2654.8
18900.0,7800.0,-2649.7
19000.0,7800.0,-2646.0
19100.0,7800.0,-2647.3
19200.0,7800.0,-2646.4
19300.0,7800.0,-2636.7
19400.0,7800.0,-2635.2
19500.0,7800.0,-2635.4
19600.0,7800.0,-2627.0
19700.0,7800.0,-2626.3
19800.0,7800.0,-2620.8
19900.0,7800.0,-2618.2
20000.0,7800.0,-2612.1
0.0,7900.0,-2679.7
100.0,7900.0,-2686.6
200.0,7900.0,-2680.3
300.0,7900.0,-2685.8
400.0,7900.0,-2686.2
500.0,7900.0,-2686.5
600.0,7900.0,-2684.5
700.0,7900.0,-2683.6
800.0,7900.0,-2682.4
900.0,7900.0,-2679.8
1000.0,7900.0,-2678.3
1100.0,7900.0,-2675.8
1200.0,7900.0,-2675.6
1300.0,7900.0,-2675.3
1400.0,7900.0,-2677.6
1500.0,7900.0,-2673.5
1600.0,7900.0,-2675.3
1700.0,7900.0,-2665.7
1800.0,7900.0,-2660.5
1900.0,7900.0,-2664.0
2000.0,7900.0,-2664.8
2100.0,7900.0,-2664.3
2200.0,7900.0,-2661.6
2300.0,7900.0,-2659.3
2400.0,7900.0,-2653.7
2500.0,7900.0,-2657.1
2600.0,7900.0,-2646.3
2700.0,7900.0,-2645.2
2800.0,7900.0,-2645.8
2900.0,7900.0,-2647.8
3000.0,7900.0,-2641.6
3100.0,7900.0,-2640.6
3200.0,7900.0,-2638.4
3300.0,7900.0,-2633.7
3400.0,7900.0,-2635.2
3500.0,7900.0,-2634.5
3600.0,7900.0,-2628.8
3700.0,7900.0,-2622.5
3800.0,7900.0,-2618.6
3900.0,7900.0,-2619.1
4000.0,7900.0,-2616.1
4100.0,7900.0,-2610.2
4200.0,7900.0,-2609.0
4300.0,7900.0,-2601.6
4400.0,7900.0,-2599.3
4500.0,7900.0,-2596.3
4600.0,7900.0,-2591.3
4700.0,7900.0,-2584.1
4800.0,7900.0,-2578.2
4900.0,7900.0,-2576.8
5000.0,7900.0,-2570.1
5100.0,7900.0,-2566.5
5200.0,7900.0,-2565.5
5300.0,7900.0,-2566.7
5400.0,7900.0,-2567.1
5500.0,7900.0,-2561.6
5600.0,7900.0,-2562.2
5700.0,7900.0,-2557.1
5800.0,7900.0,-2559.8
5900.0,7900.0,-2551.3
6000.0,7900.0,-2546.2
6100.0,7900.0,-2545.8
6200.0,7900.0,-2538.7
6300.0,7900.0,-2545.8
6400.0,7900.0,-2542.8
6500.0,7900.0,-2545.9
6600.0,7900.0,-2543.1
6700.0,7900.0,-2538.8
6800.0,7900.0,-2539.0
6900.0,7900.0,-2533.8
7000.0,7900.0,-2535.3
7100.0,7900.0,-2535.3
7200.0,7900.0,-2530.3
7300.0,7900.0,-2534.6
7400.0,7900.0,-2531.4
7500.0,7900.0,-2534.3
7600.0,7900.0,-2529.6
7700.0,7900.0,-2525.9
7800.0,7900.0,-2526.3
7900.0,7900.0,-2526.2
8000.0,7900.0,-2520.1
8100.0,7900.0,-2514.7
8200.0,7900.0,-2517.2
8300.0,7900.0,-2506.3
8400.0,7900.0,-2508.6
8500.0,7900.0,-2506.9
8600.0,7900.0,-2505.2
8700.0,7900.0,-2508.0
8800.0,7900.0,-2501.8
8900.0,7900.0,-2501.2
9000.0,7900.0,-2496.4
9100.0,7900.0,-2494.6
9200.0,7900.0,-2485.8
9300.0,7900.0,-2483.9
9400.0,7900.0,-2480.9
9500.0,7900.0,-2477.1
9600.0,7900.0,-2472.1
9700.0,7900.0,-2475.3
9800.0,7900.0,-2468.6
9900.0,7900.0,-2472.5
10000.0,7900.0,-2465.1
10100.0,7900.0,-2460.3
10200.0,7900.0,-2459.3
10300.0,7900.0,-2453.1
10400.0,7900.0,-2450.4
10500.0,7900.0,-2448.3
10600.0,7900.0,-2441.6
10700.0,7900.0,-2448.4
10800.0,7900.0,-2441.9
10900.0,7900.0,-2437.1
11000.0,7900.0,-2432.9
11100.0,7900.0,-2435.5
11200.0,7900.0,-2429.4
11300.0,7900.0,-2427.4
11400.0,7900.0,-2429.1
11500.0,7900.0,-2422.2
11600.0,7900.0,-2424.2
11700.0,7900.0,-2420.9
11800.0,7900.0,-2425.2
11900.0,7900.0,-2420.1
12000.0,7900.0,-2420.1
12100.0,7900.0,-2424.2
12200.0,7900.0,-2420.5
12300.0,7900.0,-2426.4
12400.0,7900.0,-2426.7
12500.0,7900.0,-2429.7
12600.0,7900.0,-2436.2
12700.0,7900.0,-2434.0
12800.0,7900.0,-2438.8
12900.0,7900.0,-2440.7
13000.0,7900.0,-2433.8
13100.0,7900.0,-2449.8
13200.0,7900.0,-2455.0
13300.0,7900.0,-2460.8
13400.0,7900.0,-2466.3
13500.0,7900.0,-2469.2
13600.0,7900.0,-2472.6
13700.0,7900.0,-2482.1
13800.0,7900.0,-2486.4
13900.0,7900.0,-2490.2
14000.0,7900.0,-2492.2
14100.0,7900.0,-2504.8
14200.0,7900.0,-2506.3
14300.0,7900.0,-2513.6
14400.0,7900.0,-2509.9
14500.0,7900.0,-2527.7
14600.0,7900.0,-2532.1
14700.0,7900.0,-2541.7
14800.0,7900.0,-2543.4
14900.0,7900.0,-2544.0
15000.0,7900.0,-2549.4
15100.0,7900.0,-2555.9
15200.0,7900.0,-2555.7
15300.0,7900.0,-2566.8
15400.0,7900.0,-2572.7
15500.0,7900.0,-2575.6
15600.0,7900.0,-2580.6
15700.0,7900.0,-2581.3
15800.0,7900.0,-2584.0
15900.0,7900.0,-2591.2
16000.0,7900.0,-2596.3
16100.0,7900.0,-2599.5
16200.0,7900.0,-2601.2
16300.0,7900.0,-2609.3
16400.0,7900.0,-2611.7
16500.0,7900.0,-2620.2
16600.0,7900.0,-2619.9
16700.0,7900.0,-2625.4
16800.0,7900.0,-2629.5
16900.0,7900.0,-2627.4
17000.0,7900.0,-2635.3
17100.0,7900.0,-2641.8
17200.0,7900.0,-2645.5
17300.0,7900.0,-2648.6
17400.0,7900.0,-2649.9
17500.0,7900.0,-2656.8
17600.0,7900.0,-2656.2
17700.0,7900.0,-2655.8
17800.0,7900.0,-2660.3
17900.0,7900.0,-2666.1
18000.0,7900.0,-2663.0
18100.0,7900.0,-2662.7
18200.0,7900.0,-2660.2
18300.0,7900.0,-2664.1
18400.0,7900.0,-2662.8
18500.0,7900.0,-2667.3
18600.0,7900.0,-2660.7
18700.0,7900.0,-2658.0
18800.0,7900.0,-2652.4
18900.0,7900.0,-2655.0
19000.0,7900.0,-2650.2
19100.0,7900.0,-2646.6
19200.0,7900.0,-2640.4
19300.0,7900.0,-2638.4
19400.0,7900.0,-2634.6
19500.0,7900.0,-2630.6
19600.0,7900.0,-2629.4
19700.0,7900.0,-2625.6
19800.0,7900.0,-2626.4
19900.0,7900.0,-2614.5
20000.0,7900.0,-2615.0
0.0,8000.0,-2681.3
100.0,8000.0,-2683.1
200.0,8000.0,-2681.1
300.0,8000.0,-2682.2
400.0,8000.0,-2682.6
500.0,8000.0,-2683.4
600.0,8000.0,-2684.7
700.0,8000.0,-2678.1
800.0,8000.0,-2679.1
900.0,8000.0,-2677.2
1000.0,8000.0,-2676.9
1100.0,8000.0,-2676.7
1200.0,8000.0,-2671.6
1300.0,8000.0,-2673.6
1400.0,8000.0,-2669.6
1500.0,8000.0,-2667.8
1600.0,8000.0,-2661.9
1700.0,8000.0,-2666.0
1800.0,8000.0,-2666.9
1900.0,8000.0,-2661.6
2000.0,8000.0,-2661.4
2100.0,8000.0,-2662.6
2200.0,8000.0,-2657.8
2300.0,8000.0,-2653.2
2400.0,8000.0,-2653.9
2500.0,8000.0,-2651.4
2600.0,8000.0,-2649.6
2700.0,8000.0,-2650.3
2800.0,8000.0,-2650.7
2900.0,8000.0,-2645.5
3000.0,8000.0,-2642.8
3100.0,8000.0,-2642.9
3200.0,8000.0,-2639.1
3300.0,8000.0,-2638.1
3400.0,8000.0,-2636.4
3500.0,8000.0,-2631.2
3600.0,8000.0,-2623.0
3700.0,8000.0,-2625.9
3800.0,8000.0,-2618.3
3900.0,8000.0,-2619.5
4000.0,8000.0,-2615.3
4100.0,8000.0,-2609.4
4200.0,8000.0,-2603.5
4300.0,8000.0,-2601.0
4400.0,8000.0,-2596.2
4500.0,8000.0,-2591.7
4600.0,8000.0,-2587.5
4700.0,8000.0,-2581.8
4800.0,8000.0,-2575.0
4900.0,8000.0,-2576.5
5000.0,8000.0,-2575.3
5100.0,8000.0,-2565.5
5200.0,8000.0,-2560.8
5300.0,8000.0,-2562.0
5400.0,8000.0,-2559.2
5500.0,8000.0,-2560.6
5600.0,8000.0,-2548.2
5700.0,8000.0,-2546.3
5800.0,8000.0,-2547.9
5900.0,8000.0,-2543.1
6000.0,8000.0,-2546.9
6100.0,8000.0,-2541.4
6200.0,8000.0,-2538.3
6300.0,8000.0,-2543.2
6400.0,8000.0,-2532.9
6500.0,8000.0,-2534.4
6600.0,8000.0,-2533.9
6700.0,8000.0,-2536.2
6800.0,8000.0,-2534.4
6900.0,8000.0,-2528.7
7000.0,8000.0,-2532.0
7100.0,8000.0,-2527.2
7200.0,8000.0,-2531.4
7300.0,8000.0,-2525.3
7400.0,8000.0,-2521.9
7500.0,8000.0,-2522.5
7600.0,8000.0,-2518.3
7700.0,8000.0,-2526.9
7800.0,8000.0,-2520.5
7900.0,8000.0,-2516.1
8000.0,8000.0,-2517.4
8100.0,8000.0,-2513.8
8200.0,8000.0,-2510.4
8300.0,8000.0,-2503.0
8400.0,8000.0,-2508.1
8500.0,8000.0,-2506.5
8600.0,8000.0,-2500.4
8700.0,8000.0,-2497.7
8800.0,8000.0,-2496.6
8900.0,8000.0,-2486.0
9000.0,8000.0,-2494.1
9100.0,8000.0,-2487.3
9200.0,8000.0,-2488.8
9300.0,8000.0,-2480.9
9400.0,8000.0,-2481.9
9500.0,8000.0,-2472.0
9600.0,8000.0,-2475.7
9700.0,8000.0,-2463.2
9800.0,8000.0,-2464.7
9900.0,8000.0,-2460.2
10000.0,8000.0,-2461.7
10100.0,8000.0,-2454.9
10200.0,8000.0,-2452.7
10300.0,8000.0,-2452.6
10400.0,8000.0,-2448.3
10500.0,8000.0,-2444.7
10600.0,8000.0,-2437.0
10700.0,8000.0,-2441.9
10800.0,8000.0,-2440.7
10900.0,8000.0,-2439.2
11000.0,8000.0,-2431.8
11100.0,8000.0,-2428.7
11200.0,8000.0,-2427.8
11300.0,8000.0,-2423.2
11400.0,8000.0,-2424.2
11500.0,8000.0,-2427.8
11600.0,8000.0,-2419.4
11700.0,8000.0,-2420.1
11800.0,8000.0,-2421.3
11900.0,8000.0,-2419.0
12000.0,8000.0,-2424.3
12100.0,8000.0,-2413.6
12200.0,8000.0,-2421.6
12300.0,8000.0,-2424.0
12400.0,8000.0,-2429.6
12500.0,8000.0,-2429.0
12600.0,8000.0,-2429.9
12700.0,8000.0,-2433.1
12800.0,8000.0,-2440.3
12900.0,8000.0,-2440.4
13000.0,8000.0,-2451.1
13100.0,8000.0,-2449.2
13200.0,8000.0,-2450.2
13300.0,8000.0,-2452.5
13400.0,8000.0,-2456.2
13500.0,8000.0,-2467.6
13600.0,8000.0,-2472.8
13700.0,8000.0,-2474.9
13800.0,8000.0,-2480.2
13900.0,8000.0,-2493.0
14000.0,8000.0,-2494.0
14100.0,8000.0,-2499.7
14200.0,8000.0,-2499.4
14300.0,8000.0,-2513.0
14400.0,8000.0,-2522.4
14500.0,8000.0,-2515.6
14600.0,8000.0,-2529.9
14700.0,8000.0,-2526.4
14800.0,8000.0,-2537.2
14900.0,8000.0,-2540.9
15000.0,8000.0,-2550.1
15100.0,8000.0,-2551.1
15200.0,8000.0,-2559.7
15300.0,8000.0,-2557.7
15400.0,8000.0,-2562.1
15500.0,8000.0,-2569.2
15600.0,8000.0,-2574.3
15700.0,8000.0,-2584.4
15800.0,8000.0,-2586.3
15900.0,8000.0,-2588.4
16000.0,8000.0,-2590.4
16100.0,8000.0,-2600.5
16200.0,8000.0,-2596.5
16300.0,8000.0,-2604.8
16400.0,8000.0,-2609.8
16500.0,8000.0,-2608.9
16600.0,8000.0,-2615.2
16700.0,8000.0,-2621.4
16800.0,8000.0,-2621.5
16900.0,8000.0,-2625.7
17000.0,8000.0,-2633.0
17100.0,8000.0,-2634.8
17200.0,8000.0,-2638.5
17300.0,8000.0,-2643.0
17400.0,8000.0,-2647.4
17500.0,8000.0,-2649.9
17600.0,8000.0,-2653.6
17700.0,8000.0,-2652.7
17800.0,8000.0,-2658.7
17900.0,8000.0,-2655.5
18000.0,8000.0,-2660.1
18100.0,8000.0,-2655.1
18200.0,8000.0,-2656.9
18300.0,8000.0,-2663.2
18400.0,8000.0,-2660.5
18500.0,8000.0,-2663.3
18600.0,8000.0,-2655.8
18700.0,8000.0,-2658.9
18800.0,8000.0,-2654.1
18900.0,8000.0,-2651.9
19000.0,8000.0,-2650.0
19100.0,8000.0,-2641.3
19200.0,8000.0,-2643.4
19300.0,8000.0,-2639.2
19400.0,8000.0,-2637.0
19500.0,8000.0,-2629.5
19600.0,8000.0,-2624.9
19700.0,8000.0,-2622.2
19800.0,8000.0,-2618.8
19900.0,8000.0,-2614.4
20000.0,8000.0,-2616.9
0.0,8100.0,-2674.4
100.0,8100.0,-2684.2
200.0,8100.0,-2678.0
300.0,8100.0,-2679.7
400.0,8100.0,-2679.1
500.0,8100.0,-2679.4
600.0,8100.0,-2678.7
700.0,8100.0,-2675.7
800.0,8100.0,-2674.1
900.0,8100.0,-2681.5
1000.0,8100.0,-2674.3
1100.0,8100.0,-2673.8
1200.0,8100.0,-2670.3
1300.0,8100.0,-2673.2
1400.0,8100.0,-2672.1
1500.0,8100.0,-2663.4
1600.0,8100.0,-2671.8
1700.0,8100.0,-2667.1
1800.0,8100.0,-2661.6
1900.0,8100.0,-2659.5
2000.0,8100.0,-2660.4
2100.0,8100.0,-2660.5
2200.0,8100.0,-2659.4
2300.0,8100.0,-2654.3
2400.0,8100.0,-2658.8
2500.0,8100.0,-2651.2
2600.0,8100.0,-2650.3
2700.0,8100.0,-2648.9
2800.0,8100.0,-2645.5
2900.0,8100.0,-2648.2
3000.0,8100.0,-2636.0
3100.0,8100.0,-2637.3
3200.0,8100.0,-2639.5
3300.0,8100.0,-2637.4
3400.0,8100.0,-2629.3
3500.0,8100.0,-2627.8
3600.0,8100.0,-2629.7
3700.0,8100.0,-2619.0
3800.0,8100.0,-2625.2
3900.0,8100.0,-2609.8
4000.0,8100.0,-2613.2
4100.0,8100.0,-2604.0
4200.0,8100.0,-2606.7
4300.0,8100.0,-2597.5
4400.0,8100.0,-2591.4
4500.0,8100.0,-2592.7
4600.0,8100.0,-2589.3
4700.0,8100.0,-2584.7
4800.0,8100.0,-2577.2
4900.0,8100.0,-2574.8
5000.0,8100.0,-2574.8
5100.0,8100.0,-2564.9
5200.0,8100.0,-2556.8
5300.0,8100.0,-2553.6
5400.0,8100.0,-2556.0
5500.0,8100.0,-2550.4
5600.0,8100.0,-2548.4
5700.0,8100.0,-2547.6
5800.0,8100.0,-2547.4
5900.0,8100.0,-2543.6
6000.0,8100.0,-2539.8
6100.0,8100.0,-2537.0
6200.0,8100.0,-2532.5
6300.0,8100.0,-2535.5
6400.0,8100.0,-2528.9
6500.0,8100.0,-2533.3
6600.0,8100.0,-2528.5
6700.0,8100.0,-2529.1
6800.0,8100.0,-2525.0
6900.0,8100.0,-2524.0
7000.0,8100.0,-2527.0
7100.0,8100.0,-2522.0
7200.0,8100.0,-2522.2
7300.0,8100.0,-2524.8
7400.0,8100.0,-2519.4
7500.0,8100.0,-2517.8
7600.0,8100.0,-2515.6
7700.0,8100.0,-2518.8
7800.0,8100.0,-2515.3
7900.0,8100.0,-2513.6
8000.0,8100.0,-2510.4
8100.0,8100.0,-2503.7
8200.0,8100.0,-2504.4
8300.0,8100.0,-2503.1
8400.0,8100.0,-2495.5
8500.0,8100.0,-2498.7
8600.0,8100.0,-2488.7
8700.0,8100.0,-2496.0
8800.0,8100.0,-2490.6
8900.0,8100.0,-2491.5
9000.0,8100.0,-2480.8
9100.0,8100.0,-2478.3
9200.0,8100.0,-2480.2
9300.0,8100.0,-2475.8
9400.0,8100.0,-2470.0
9500.0,8100.0,-2470.1
9600.0,8100.0,-2466.4
9700.0,8100.0,-2458.6
9800.0,8100.0,-2459.1
9900.0,8100.0,-2452.2
10000.0,8100.0,-2455.0
10100.0,8100.0,-2451.0
10200.0,8100.0,-2447.7
10300.0,8100.0,-2445.3
10400.0,8100.0,-2443.5
10500.0,8100.0,-2442.0
10600.0,8100.0,-2440.6
10700.0,8100.0,-2435.9
10800.0,8100.0,-2438.3
10900.0,8100.0,-2432.3
11000.0,8100.0,-2430.5
11100.0,8100.0,-2433.7
11200.0,8100.0,-2430.5
11300.0,8100.0,-2430.3
11400.0,8100.0,-2427.7
11500.0,8100.0,-2422.3
11600.0,8100.0,-2417.2
11700.0,8100.0,-2423.7
11800.0,8100.0,-2419.6
11900.0,8100.0,-2416.6
12000.0,8100.0,-2418.0
12100.0,8100.0,-2423.8
12200.0,8100.0,-2426.9
12300.0,8100.0,-2427.9
12400.0,8100.0,-2429.0
12500.0,8100.0,-2426.4
12600.0,8100.0,-2424.0
12700.0,8100.0,-2430.5
12800.0,8100.0,-2431.2
12900.0,8100.0,-2442.2
13000.0,8100.0,-2439.0
13100.0,8100.0,-2443.4
13200.0,8100.0,-2446.8
13300.0,8100.0,-2449.9
13400.0,8100.0,-2466.7
13500.0,8100.0,-2465.3
13600.0,8100.0,-2470.7
13700.0,8100.0,-2475.4
13800.0,8100.0,-2475.9
13900.0,8100.0,-2484.4
14000.0,8100.0,-2488.7
14100.0,8100.0,-2498.4
14200.0,8100.0,-2498.0
14300.0,8100.0,-2505.2
14400.0,8100.0,-2506.5
14500.0,8100.0,-2513.7
14600.0,8100.0,-2523.8
14700.0,8100.0,-2527.3
14800.0,8100.0,-2526.4
14900.0,8100.0,-2532.0
15000.0,8100.0,-2539.7
15100.0,8100.0,-2545.9
15200.0,8100.0,-2549.7
15300.0,8100.0,-2558.1
15400.0,8100.0,-2559.7
15500.0,8100.0,-2560.8
15600.0,8100.0,-2567.5
15700.0,8100.0,-2574.0
15800.0,8100.0,-2573.1
15900.0,8100.0,-2580.0
16000.0,8100.0,-2581.1
16100.0,8100.0,-2583.3
16200.0,8100.0,-2594.2
16300.0,8100.0,-2598.7
16400.0,8100.0,-2602.8
16500.0,8100.0,-2602.4
16600.0,8100.0,-2613.8
16700.0,8100.0,-2610.6
16800.0,8100.0,-2619.4
16900.0,8100.0,-2624.2
17000.0,8100.0,-2621.3
17100.0,8100.0,-2631.0
17200.0,8100.0,-2632.2
17300.0,8100.0,-2636.8
17400.0,8100.0,-2644.3
17500.0,8100.0,-2639.9
17600.0,8100.0,-2648.2
17700.0,8100.0,-2645.0
17800.0,8100.0,-2659.5
17900.0,8100.0,-2656.2
18000.0,8100.0,-2652.8
18100.0,8100.0,-2655.0
18200.0,8100.0,-2657.1
18300.0,8100.0,-2659.2
18400.0,8100.0,-2653.5
18500.0,8100.0,-2654.9
18600.0,8100.0,-2652.8
18700.0,8100.0,-2650.9
18800.0,8100.0,-2654.1
18900.0,8100.0,-2652.0
19000.0,8100.0,-2645.7
19100.0,8100.0,-2642.7
19200.0,8100.0,-2639.3
19300.0,8100.0,-2636.7
19400.0,8100.0,-2638.8
19500.0,8100.0,-2636.2
19600.0,8100.0,-2625.2
19700.0,8100.0,-2624.6
19800.0,8100.0,-2620.0
19900.0,8100.0,-2618.3
20000.0,8100.0,-2611.9
0.0,8200.0,-2677.4
100.0,8200.0,-2675.2
200.0,8200.0,-2672.8
300.0,8200.0,-2673.5
400.0,8200.0,-2676.7
500.0,8200.0,-2674.9
600.0,8200.0,-2678.3
700.0,8200.0,-2675.3
800.0,8200.0,-2674.8
900.0,8200.0,-2672.2
1000.0,8200.0,-2670.8
1100.0,8200.0,-2671.1
1200.0,8200.0,-2666.9
1300.0,8200.0,-2668.9
1400.0,8200.0,-2667.5
1500.0,8200.0,-2664.2
1600.0,8200.0,-2658.4
1700.0,8200.0,-2659.1
1800.0,8200.0,-2662.7
1900.0,8200.0,-2657.5
2000.0,8200.0,-2653.5
2100.0,8200.0,-2654.0
2200.0,8200.0,-2655.4
2300.0,8200.0,-2653.0
2400.0,8200.0,-2654.0
2500.0,8200.0,-2644.1
2600.0,8200.0,-2651.5
2700.0,8200.0,-2645.4
2800.0,8200.0,-2642.1
2900.0,8200.0,-2637.2
3000.0,8200.0,-2635.5
3100.0,8200.0,-2637.3
3200.0,8200.0,-2639.1
3300.0,8200.0,-2633.6
3400.0,8200.0,-2630.3
3500.0,8200.0,-2631.0
3600.0,8200.0,-2622.4
3700.0,8200.0,-2620.9
3800.0,8200.0,-2620.8
3900.0,8200.0,-2620.4
4000.0,8200.0,-2608.9
4100.0,8200.0,-2604.8
4200.0,8200.0,-2605.1
4300.0,8200.0,-2598.8
4400.0,8200.0,-2590.9
4500.0,8200.0,-2587.8
4600.0,8200.0,-2579.8
4700.0,8200.0,-2585.7
4800.0,8200.0,-2575.4
4900.0,8200.0,-2571.1
5000.0,8200.0,-2566.6
5100.0,8200.0,-2559.6
5200.0,8200.0,-2552.6
5300.0,8200.0,-2562.6
5400.0,8200.0,-2546.4
5500.0,8200.0,-2547.8
5600.0,8200.0,-2539.1
5700.0,8200.0,-2539.8
5800.0,8200.0,-2540.7
5900.0,8200.0,-2538.1
6000.0,8200.0,-2532.7
6100.0,8200.0,-2525.3
6200.0,8200.0,-2529.2
6300.0,8200.0,-2526.0
6400.0,8200.0,-2524.9
6500.0,8200.0,-2522.2
6600.0,8200.0,-2521.0
6700.0,8200.0,-2525.3
6800.0,8200.0,-2521.1
6900.0,8200.0,-2517.6
7000.0,8200.0,-2522.0
7100.0,8200.0,-2510.7
7200.0,8200.0,-2515.2
7300.0,8200.0,-2513.2
7400.0,8200.0,-2509.6
7500.0,8200.0,-2511.0
7600.0,8200.0,-2507.2
7700.0,8200.0,-2506.5
7800.0,8200.0,-2512.0
7900.0,8200.0,-2507.7
8000.0,8200.0,-2506.4
8100.0,8200.0,-2504.8
8200.0,8200.0,-2497.2
8300.0,8200.0,-2495.3
8400.0,8200.0,-2490.5
8500.0,8200.0,-2491.3
8600.0,8200.0,-2487.1
8700.0,8200.0,-2487.6
8800.0,8200.0,-2479.6
8900.0,8200.0,-2480.2
9000.0,8200.0,-2477.3
9100.0,8200.0,-2473.1
9200.0,8200.0,-2474.3
9300.0,8200.0,-2465.7
9400.0,8200.0,-2463.1
9500.0,8200.0,-2462.2
9600.0,8200.0,-2463.7
9700.0,8200.0,-2458.4
9800.0,8200.0,-2454.4
9900.0,8200.0,-2453.6
10000.0,8200.0,-2451.1
10100.0,8200.0,-2444.4
10200.0,8200.0,-2441.2
10300.0,8200.0,-2441.5
10400.0,8200.0,-2442.8
10500.0,8200.0,-2435.6
10600.0,8200.0,-2437.1
10700.0,8200.0,-2430.9
10800.0,8200.0,-2433.1
10900.0,8200.0,-2427.7
11000.0,8200.0,-2431.5
11100.0,8200.0,-2422.2
11200.0,8200.0,-2424.8
11300.0,8200.0,-2421.5
11400.0,8200.0,-2424.8
11500.0,8200.0,-2423.0
11600.0,8200.0,-2420.3
11700.0,8200.0,-2423.3
11800.0,8200.0,-2415.6
11900.0,8200.0,-2422.2
12000.0,8200.0,-2420.5
12100.0,8200.0,-2424.0
12200.0,8200.0,-2424.5
12300.0,8200.0,-2423.3
12400.0,8200.0,-2427.4
12500.0,8200.0,-2429.7
12600.0,8200.0,-2430.8
12700.0,8200.0,-2432.4
12800.0,8200.0,-2435.5
12900.0,8200.0,-2433.7
13000.0,8200.0,-2437.6
13100.0,8200.0,-2434.2
13200.0,8200.0,-2446.1
13300.0,8200.0,-2453.0
13400.0,8200.0,-2455.2
13500.0,8200.0,-2458.2
13600.0,8200.0,-2467.6
13700.0,8200.0,-2467.0
13800.0,8200.0,-2475.0
13900.0,8200.0,-2478.3
14000.0,8200.0,-2483.9
14100.0,8200.0,-2496.6
14200.0,8200.0,-2496.0
14300.0,8200.0,-2502.1
14400.0,8200.0,-2512.0
14500.0,8200.0,-2513.1
14600.0,8200.0,-2518.7
14700.0,8200.0,-2523.7
14800.0,8200.0,-2526.7
14900.0,8200.0,-2527.9
15000.0,8200.0,-2536.9
15100.0,8200.0,-2535.3
15200.0,8200.0,-2547.4
15300.0,8200.0,-2552.8
15400.0,8200.0,-2550.1
15500.0,8200.0,-2561.1
15600.0,8200.0,-2565.3
15700.0,8200.0,-2565.0
15800.0,8200.0,-2574.4
15900.0,8200.0,-2574.0
16000.0,8200.0,-2575.8
16100.0,8200.0,-2585.6
16200.0,8200.0,-2594.6
16300.0,8200.0,-2591.9
16400.0,8200.0,-2598.5
16500.0,8200.0,-2606.7
16600.0,8200.0,-2605.4
16700.0,8200.0,-2608.1
16800.0,8200.0,-2612.4
16900.0,8200.0,-2619.2
17000.0,8200.0,-2617.1
17100.0,8200.0,-2628.8
17200.0,8200.0,-2631.9
17300.0,8200.0,-2634.9
17400.0,8200.0,-2636.9
17500.0,8200.0,-2644.8
17600.0,8200.0,-2644.7
17700.0,8200.0,-2652.1
17800.0,8200.0,-2646.9
17900.0,8200.0,-2655.8
18000.0,8200.0,-2652.5
18100.0,8200.0,-2654.2
18200.0,8200.0,-2654.2
18300.0,8200.0,-2652.7
18400.0,8200.0,-2651.8
18500.0,8200.0,-2648.4
18600.0,8200.0,-2655.5
18700.0,8200.0,-2650.1
18800.0,8200.0,-2648.4
18900.0,8200.0,-2650.4
19000.0,8200.0,-2647.8
19100.0,8200.0,-2641.5
19200.0,8200.0,-2638.8
19300.0,8200.0,-2635.1
19400.0,8200.0,-2632.4
19500.0,8200.0,-2631.9
19600.0,8200.0,-2626.8
19700.0,8200.0,-2630.2
19800.0,8200.0,-2617.2
19900.0,8200.0,-2622.8
20000.0,8200.0,-2614.9
0.0,8300.0,-2671.3
100.0,8300.0,-2672.3
200.0,8300.0,-2671.0
300.0,8300.0,-2672.1
400.0,8300.0,-2671.2
500.0,8300.0,-2675.2
600.0,8300.0,-2669.9
700.0,8300.0,-2667.4
800.0,8300.0,-2667.6
900.0,8300.0,-2667.8
1000.0,8300.0,-2670.6
1100.0,8300.0,-2664.9
1200.0,8300.0,-2666.1
1300.0,8300.0,-2662.9
1400.0,8300.0,-2665.4
1500.0,8300.0,-2665.2
1600.0,8300.0,-2657.8
1700.0,8300.0,-2656.3
1800.0,8300.0,-2653.6
1900.0,8300.0,-2654.7
2000.0,8300.0,-2649.5
2100.0,8300.0,-2652.8
2200.0,8300.0,-2651.1
2300.0,8300.0,-2653.0
2400.0,8300.0,-2652.1
2500.0,8300.0,-2653.1
2600.0,8300.0,-2642.2
2700.0,8300.0,-2643.8
2800.0,8300.0,-2648.1
2900.0,8300.0,-2639.9
3000.0,8300.0,-2642.3
3100.0,8300.0,-2639.2
3200.0,8300.0,-2633.5
3300.0,8300.0,-2630.4
3400.0,8300.0,-2629.7
3500.0,8300.0,-2623.8
3600.0,8300.0,-2627.1
3700.0,8300.0,-2624.5
3800.0,8300.0,-2615.4
3900.0,8300.0,-2617.9
4000.0,8300.0,-2616.8
4100.0,8300.0,-2605.9
4200.0,8300.0,-2600.6
4300.0,8300.0,-2600.0
4400.0,8300.0,-2599.8
4500.0,8300.0,-2593.9
4600.0,8300.0,-2584.8
4700.0,8300.0,-2578.6
4800.0,8300.0,-2574.6
4900.0,8300.0,-2566.6
5000.0,8300.0,-2562.0
5100.0,8300.0,-2559.6
5200.0,8300.0,-2555.1
5300.0,8300.0,-2548.3
5400.0,8300.0,-2552.0
5500.0,8300.0,-2542.5
5600.0,8300.0,-2540.7
5700.0,8300.0,-2536.5
5800.0,8300.0,-2537.0
5900.0,8300.0,-2528.1
6000.0,8300.0,-2527.2
6100.0,8300.0,-2527.4
6200.0,8300.0,-2531.4
6300.0,8300.0,-2521.6
6400.0,8300.0,-2520.5
6500.0,8300.0,-2518.2
6600.0,8300.0,-2512.7
6700.0,8300.0,-2515.5
6800.0,8300.0,-2520.0
6900.0,8300.0,-2514.1
7000.0,8300.0,-2513.0
7100.0,8300.0,-2511.0
7200.0,8300.0,-2510.2
7300.0,8300.0,-2506.5
7400.0,8300.0,-2504.9
7500.0,8300.0,-2505.7
7600.0,8300.0,-2504.4
7700.0,8300.0,-2503.7
7800.0,8300.0,-2509.5
7900.0,8300.0,-2494.2
8000.0,8300.0,-2491.2
8100.0,8300.0,-2490.8
8200.0,8300.0,-2491.7
8300.0,8300.0,-2490.6
8400.0,8300.0,-2484.6
8500.0,8300.0,-2488.9
8600.0,8300.0,-2482.4
8700.0,8300.0,-2481.5
8800.0,8300.0,-2479.1
8900.0,8300.0,-2473.8
9000.0,8300.0,-2474.1
9100.0,8300.0,-2469.3
9200.0,8300.0,-2464.8
9300.0,8300.0,-2468.7
9400.0,8300.0,-2460.9
9500.0,8300.0,-2457.4
9600.0,8300.0,-2454.3
9700.0,8300.0,-2452.1
9800.0,8300.0,-2449.4
9900.0,8300.0,-2451.0
10000.0,8300.0,-2446.1
10100.0,8300.0,-2444.5
10200.0,8300.0,-2439.9
10300.0,8300.0,-2440.5
10400.0,8300.0,-2436.1
10500.0,8300.0,-2437.8
10600.0,8300.0,-2426.7
10700.0,8300.0,-2430.0
10800.0,8300.0,-2427.7
10900.0,8300.0,-2427.1
11000.0,8300.0,-2426.6
11100.0,8300.0,-2427.6
11200.0,8300.0,-2416.8
11300.0,8300.0,-2418.7
11400.0,8300.0,-2425.2
11500.0,8300.0,-2421.0
11600.0,8300.0,-2416.9
11700.0,8300.0,-2418.3
11800.0,8300.0,-2417.9
11900.0,8300.0,-2423.1
12000.0,8300.0,-2422.0
12100.0,8300.0,-2420.2
12200.0,8300.0,-2423.4
12300.0,8300.0,-2424.4
12400.0,8300.0,-2417.3
12500.0,8300.0,-2427.6
12600.0,8300.0,-2431.7
12700.0,8300.0,-2434.3
12800.0,8300.0,-2426.8
12900.0,8300.0,-2437.7
13000.0,8300.0,-2441.2
13100.0,8300.0,-2437.0
13200.0,8300.0,-2447.3
13300.0,8300.0,-2452.0
13400.0,8300.0,-2451.2
13500.0,8300.0,-2457.5
13600.0,8300.0,-2462.2
13700.0,8300.0,-2470.9
13800.0,8300.0,-2473.4
13900.0,8300.0,-2471.4
14000.0,8300.0,-2484.4
14100.0,8300.0,-2483.2
14200.0,8300.0,-2489.9
14300.0,8300.0,-2497.1
14400.0,8300.0,-2502.6
14500.0,8300.0,-2503.8
14600.0,8300.0,-2508.7
14700.0,8300.0,-2515.8
14800.0,8300.0,-2520.3
14900.0,8300.0,-2529.0
15000.0,8300.0,-2535.4
15100.0,8300.0,-2535.5
15200.0,8300.0,-2541.8
15300.0,8300.0,-2543.2
15400.0,8300.0,-2551.0
15500.0,8300.0,-2548.9
15600.0,8300.0,-2549.6
15700.0,8300.0,-2562.9
15800.0,8300.0,-2567.5
15900.0,8300.0,-2568.8
16000.0,8300.0,-2573.7
16100.0,8300.0,-2576.4
16200.0,8300.0,-2584.7
16300.0,8300.0,-2588.2
16400.0,8300.0,-2595.6
16500.0,8300.0,-2592.8
16600.0,8300.0,-2605.7
16700.0,8300.0,-2605.7
16800.0,8300.0,-2610.7
16900.0,8300.0,-2614.4
17000.0,8300.0,-2619.3
17100.0,8300.0,-2618.3
17200.0,8300.0,-2626.4
17300.0,8300.0,-2626.7
17400.0,8300.0,-2631.6
17500.0,8300.0,-2636.3
17600.0,8300.0,-2638.4
17700.0,8300.0,-2641.8
17800.0,8300.0,-2645.9
17900.0,8300.0,-2651.6
18000.0,8300.0,-2650.2
18100.0,8300.0,-2643.8
18200.0,8300.0,-2647.0
18300.0,8300.0,-2646.0
18400.0,8300.0,-2649.9
18500.0,8300.0,-2650.6
18600.0,8300.0,-2648.9
18700.0,8300.0,-2648.0
18800.0,8300.0,-2645.5
18900.0,8300.0,-2643.3
19000.0,8300.0,-2638.8
19100.0,8300.0,-2637.0
19200.0,8300.0,-2635.2
19300.0,8300.0,-2638.1
19400.0,8300.0,-2627.6
19500.0,8300.0,-2626.6
19600.0,8300.0,-2631.6
19700.0,8300.0,-2619.0
19800.0,8300.0,-2619.8
19900.0,8300.0,-2619.7
20000.0,8300.0,-2615.7
0.0,8400.0,-2669.8
100.0,8400.0,-2669.2
200.0,8400.0,-2668.4
300.0,8400.0,-2673.5
400.0,8400.0,-2664.5
500.0,8400.0,-2669.1
600.0,8400.0,-2666.0
700.0,8400.0,-2665.0
800.0,8400.0,-2670.4
900.0,8400.0,-2661.7
1000.0,8400.0,-2665.5
1100.0,8400.0,-2666.3
1200.0,8400.0,-2666.2
1300.0,8400.0,-2663.2
1400.0,8400.0,-2656.9
1500.0,8400.0,-2656.1
1600.0,8400.0,-2655.8
1700.0,8400.0,-2658.1
1800.0,8400.0,-2648.7
1900.0,8400.0,-2656.7
2000.0,8400.0,-2650.5
2100.0,8400.0,-2648.2
2200.0,8400.0,-2651.4
2300.0,8400.0,-2647.1
2400.0,8400.0,-2651.9
2500.0,8400.0,-2649.9
2600.0,8400.0,-2639.7
2700.0,8400.0,-2647.1
2800.0,8400.0,-2640.3
2900.0,8400.0,-2644.5
3000.0,8400.0,-2634.0
3100.0,8400.0,-2634.8
3200.0,8400.0,-2632.2
3300.0,8400.0,-2635.1
3400.0,8400.0,-2628.8
3500.0,8400.0,-2623.5
3600.0,8400.0,-2624.7
3700.0,8400.0,-2619.9
3800.0,8400.0,-2622.1
3900.0,8400.0,-2614.0
4000.0,8400.0,-2603.7
4100.0,8400.0,-2607.1
4200.0,8400.0,-2598.6
4300.0,8400.0,-2597.3
4400.0,8400.0,-2591.3
4500.0,8400.0,-2587.9
4600.0,8400.0,-2585.6
4700.0,8400.0,-2578.0
4800.0,8400.0,-2572.3
4900.0,8400.0,-2569.5
5000.0,8400.0,-2560.2
5100.0,8400.0,-2556.0
5200.0,8400.0,-2549.9
5300.0,8400.0,-2545.7
5400.0,8400.0,-2541.5
5500.0,8400.0,-2536.4
5600.0,8400.0,-2530.8
5700.0,8400.0,-2533.6
5800.0,8400.0,-2529.7
5900.0,8400.0,-2530.0
6000.0,8400.0,-2522.3
6100.0,8400.0,-2519.6
6200.0,8400.0,-2518.6
6300.0,8400.0,-2517.9
6400.0,8400.0,-2521.1
6500.0,8400.0,-2511.3
6600.0,8400.0,-2510.8
6700.0,8400.0,-2506.7
6800.0,8400.0,-2515.1
6900.0,8400.0,-2513.7
7000.0,8400.0,-2506.9
7100.0,8400.0,-2512.5
7200.0,8400.0,-2501.1
7300.0,8400.0,-2503.6
7400.0,8400.0,-2506.6
7500.0,8400.0,-2501.9
7600.0,8400.0,-2500.9
7700.0,8400.0,-2496.5
7800.0,8400.0,-2493.4
7900.0,8400.0,-2493.7
8000.0,8400.0,-2489.0
8100.0,8400.0,-2495.0
8200.0,8400.0,-2491.9
8300.0,8400.0,-2488.4
8400.0,8400.0,-2482.3
8500.0,8400.0,-2479.0
8600.0,8400.0,-2482.6
8700.0,8400.0,-2475.9
8800.0,8400.0,-2469.1
8900.0,8400.0,-2472.7
9000.0,8400.0,-2463.9
9100.0,8400.0,-2467.2
9200.0,8400.0,-2463.4
9300.0,8400.0,-2455.8
9400.0,8400.0,-2453.4
9500.0,8400.0,-2449.4
9600.0,8400.0,-2448.8
9700.0,8400.0,-2445.4
9800.0,8400.0,-2450.3
9900.0,8400.0,-2437.0
10000.0,8400.0,-2439.0
10100.0,8400.0,-2435.3
10200.0,8400.0,-2432.0
10300.0,8400.0,-2438.3
10400.0,8400.0,-2435.2
10500.0,8400.0,-2428.3
10600.0,8400.0,-2428.2
10700.0,8400.0,-2424.4
10800.0,8400.0,-2428.2
10900.0,8400.0,-2427.9
11000.0,8400.0,-2419.1
11100.0,8400.0,-2422.0
11200.0,8400.0,-2428.7
11300.0,8400.0,-2422.1
11400.0,8400.0,-2417.5
11500.0,8400.0,-2420.0
11600.0,8400.0,-2419.0
11700.0,8400.0,-2417.1
11800.0,8400.0,-2416.9
11900.0,8400.0,-2414.7
12000.0,8400.0,-2419.2
12100.0,8400.0,-2423.5
12200.0,8400.0,-2425.9
12300.0,8400.0,-2423.8
12400.0,8400.0,-2430.3
12500.0,8400.0,-2423.7
12600.0,8400.0,-2429.5
12700.0,8400.0,-2430.7
12800.0,8400.0,-2430.7
12900.0,8400.0,-2435.4
13000.0,8400.0,-2441.2
13100.0,8400.0,-2440.6
13200.0,8400.0,-2442.7
13300.0,8400.0,-2449.2
13400.0,8400.0,-2456.5
13500.0,8400.0,-2454.7
13600.0,8400.0,-2453.5
13700.0,8400.0,-2466.2
13800.0,8400.0,-2468.9
13900.0,8400.0,-2471.7
14000.0,8400.0,-2474.5
14100.0,8400.0,-2484.8
14200.0,8400.0,-2484.8
14300.0,8400.0,-2491.6
14400.0,8400.0,-2498.5
14500.0,8400.0,-2503.2
14600.0,8400.0,-2504.2
14700.0,8400.0,-2510.6
14800.0,8400.0,-2515.7
14900.0,8400.0,-2520.8
15000.0,8400.0,-2524.8
15100.0,8400.0,-2531.1
15200.0,8400.0,-2535.4
15300.0,8400.0,-2540.1
15400.0,8400.0,-2546.3
15500.0,8400.0,-2552.8
15600.0,8400.0,-2553.1
15700.0,8400.0,-2554.5
15800.0,8400.0,-2556.1
15900.0,8400.0,-2571.0
16000.0,8400.0,-2568.7
16100.0,8400.0,-2572.0
16200.0,8400.0,-2579.2
16300.0,8400.0,-2582.3
16400.0,8400.0,-2588.6
16500.0,8400.0,-2589.1
16600.0,8400.0,-2596.9
16700.0,8400.0,-2601.3
16800.0,8400.0,-2603.6
16900.0,8400.0,-2608.7
17000.0,8400.0,-2610.3
17100.0,8400.0,-2616.7
17200.0,8400.0,-2620.1
17300.0,8400.0,-2622.9
17400.0,8400.0,-2620.6
17500.0,8400.0,-2628.0
17600.0,8400.0,-2630.4
17700.0,8400.0,-2637.4
17800.0,8400.0,-2640.1
17900.0,8400.0,-2637.6
18000.0,8400.0,-2632.7
18100.0,8400.0,-2642.6
18200.0,8400.0,-2644.5
18300.0,8400.0,-2649.5
18400.0,8400.0,-2643.9
18500.0,8400.0,-2639.9
18600.0,8400.0,-2647.1
18700.0,8400.0,-2642.7
18800.0,8400.0,-2635.4
18900.0,8400.0,-2643.4
19000.0,8400.0,-2641.2
19100.0,8400.0,-2640.7
19200.0,8400.0,-2633.6
19300.0,8400.0,-2630.0
19400.0,8400.0,-2635.4
19500.0,8400.0,-2628.6
19600.0,8400.0,-2626.8
19700.0,8400.0,-2618.1
19800.0,8400.0,-2619.4
19900.0,8400.0,-2610.0
20000.0,8400.0,-2614.4
0.0,8500.0,-2660.7
100.0,8500.0,-2663.9
200.0,8500.0,-2669.2
300.0,8500.0,-2665.1
400.0,8500.0,-2665.2
500.0,8500.0,-2666.2
600.0,8500.0,-2664.1
700.0,8500.0,-2663.2
800.0,8500.0,-2661.9
900.0,8500.0,-2664.5
1000.0,8500.0,-2662.5
1100.0,8500.0,-2661.3
1200.0,8500.0,-2665.0
1300.0,8500.0,-2660.6
1400.0,8500.0,-2655.0
1500.0,8500.0,-2649.8
1600.0,8500.0,-2648.7
1700.0,8500.0,-2655.3
1800.0,8500.0,-2653.4
1900.0,8500.0,-2649.1
2000.0,8500.0,-2649.6
2100.0,8500.0,-2649.1
2200.0,8500.0,-2646.5
2300.0,8500.0,-2641.6
2400.0,8500.0,-2644.5
2500.0,8500.0,-2638.4
2600.0,8500.0,-2638.6
2700.0,8500.0,-2641.2
2800.0,8500.0,-2636.0
2900.0,8500.0,-2642.9
3000.0,8500.0,-2637.4
3100.0,8500.0,-2636.2
3200.0,8500.0,-2632.8
3300.0,8500.0,-2635.8
3400.0,8500.0,-2633.0
3500.0,8500.0,-2631.6
3600.0,8500.0,-2627.9
3700.0,8500.0,-2622.9
3800.0,8500.0,-2619.5
3900.0,8500.0,-2615.9
4000.0,8500.0,-2608.8
4100.0,8500.0,-2604.1
4200.0,8500.0,-2600.3
4300.0,8500.0,-2592.6
4400.0,8500.0,-2587.8
4500.0,8500.0,-2586.6
4600.0,8500.0,-2587.4
4700.0,8500.0,-2575.5
4800.0,8500.0,-2568.0
4900.0,8500.0,-2565.4
5000.0,8500.0,-2562.9
5100.0,8500.0,-2558.1
5200.0,8500.0,-2550.0
5300.0,8500.0,-2547.3
5400.0,8500.0,-2547.0
5500.0,8500.0,-2536.4
5600.0,8500.0,-2535.3
5700.0,8500.0,-2523.5
5800.0,8500.0,-2527.6
5900.0,8500.0,-2523.0
6000.0,8500.0,-2518.2
6100.0,8500.0,-2513.6
6200.0,8500.0,-2507.3
6300.0,8500.0,-2503.9
6400.0,8500.0,-2512.0
6500.0,8500.0,-2507.9
6600.0,8500.0,-2500.5
6700.0,8500.0,-2502.3
6800.0,8500.0,-2500.0
6900.0,8500.0,-2502.5
7000.0,8500.0,-2495.1
7100.0,8500.0,-2492.2
7200.0,8500.0,-2497.2
7300.0,8500.0,-2495.2
7400.0,8500.0,-2498.8
7500.0,8500.0,-2496.7
7600.0,8500.0,-2492.6
7700.0,8500.0,-2496.2
7800.0,8500.0,-2488.3
7900.0,8500.0,-2478.9
8000.0,8500.0,-2481.4
8100.0,8500.0,-2483.0
8200.0,8500.0,-2483.0
8300.0,8500.0,-2481.9
8400.0,8500.0,-2472.0
8500.0,8500.0,-2474.7
8600.0,8500.0,-2468.8
8700.0,8500.0,-2465.3
8800.0,8500.0,-2462.0
8900.0,8500.0,-2462.9
9000.0,8500.0,-2463.7
9100.0,8500.0,-2457.0
9200.0,8500.0,-2449.1
9300.0,8500.0,-2450.2
9400.0,8500.0,-2447.5
9500.0,8500.0,-2446.2
9600.0,8500.0,-2448.6
9700.0,8500.0,-2440.9
9800.0,8500.0,-2442.0
9900.0,8500.0,-2438.2
10000.0,8500.0,-2432.6
10100.0,8500.0,-2432.6
10200.0,8500.0,-2432.6
10300.0,8500.0,-2428.0
10400.0,8500.0,-2429.0
10500.0,8500.0,-2429.6
10600.0,8500.0,-2428.6
10700.0,8500.0,-2422.1
10800.0,8500.0,-2423.8
10900.0,8500.0,-2421.0
11000.0,8500.0,-2413.1
11100.0,8500.0,-2414.8
11200.0,8500.0,-2420.1
11300.0,8500.0,-2417.1
11400.0,8500.0,-2415.8
11500.0,8500.0,-2415.3
11600.0,8500.0,-2420.2
11700.0,8500.0,-2417.2
11800.0,8500.0,-2419.2
11900.0,8500.0,-2417.4
12000.0,8500.0,-2419.1
12100.0,8500.0,-2424.2
12200.0,8500.0,-2421.5
12300.0,8500.0,-2425.7
12400.0,8500.0,-2427.9
12500.0,8500.0,-2426.8
12600.0,8500.0,-2426.5
12700.0,8500.0,-2433.4
12800.0,8500.0,-2432.1
12900.0,8500.0,-2438.2
13000.0,8500.0,-2435.5
13100.0,8500.0,-2436.6
13200.0,8500.0,-2436.8
13300.0,8500.0,-2446.0
13400.0,8500.0,-2448.9
13500.0,8500.0,-2450.6
13600.0,8500.0,-2461.9
13700.0,8500.0,-2457.8
13800.0,8500.0,-2465.5
13900.0,8500.0,-2471.0
14000.0,8500.0,-2473.3
14100.0,8500.0,-2477.5
14200.0,8500.0,-2486.1
14300.0,8500.0,-2485.0
14400.0,8500.0,-2495.9
14500.0,8500.0,-2498.5
14600.0,8500.0,-2505.7
14700.0,8500.0,-2512.3
14800.0,8500.0,-2512.6
14900.0,8500.0,-2521.5
15000.0,8500.0,-2521.6
15100.0,8500.0,-2521.3
15200.0,8500.0,-2533.0
15300.0,8500.0,-2534.2
15400.0,8500.0,-2541.6
15500.0,8500.0,-2541.8
15600.0,8500.0,-2548.6
15700.0,8500.0,-2553.7
15800.0,8500.0,-2559.2
15900.0,8500.0,-2557.2
16000.0,8500.0,-2567.6
16100.0,8500.0,-2565.9
16200.0,8500.0,-2571.7
16300.0,8500.0,-2572.6
16400.0,8500.0,-2584.7
16500.0,8500.0,-2588.3
16600.0,8500.0,-2590.3
16700.0,8500.0,-2590.7
16800.0,8500.0,-2599.4
16900.0,8500.0,-2605.3
17000.0,8500.0,-2604.8
17100.0,8500.0,-2616.2
17200.0,8500.0,-2613.8
17300.0,8500.0,-2615.9
17400.0,8500.0,-2623.4
17500.0,8500.0,-2623.6
17600.0,8500.0,-2625.7
17700.0,8500.0,-2628.9
17800.0,8500.0,-2637.4
17900.0,8500.0,-2632.5
18000.0,8500.0,-2638.2
18100.0,8500.0,-2641.2
18200.0,8500.0,-2640.4
18300.0,8500.0,-2637.5
18400.0,8500.0,-2648.5
18500.0,8500.0,-2641.1
18600.0,8500.0,-2642.8
18700.0,8500.0,-2635.0
18800.0,8500.0,-2644.0
18900.0,8500.0,-2639.6
19000.0,8500.0,-2635.8
19100.0,8500.0,-2634.8
19200.0,8500.0,-2630.2
19300.0,8500.0,-2636.5
19400.0,8500.0,-2633.1
19500.0,8500.0,-2632.1
19600.0,8500.0,-2624.6
19700.0,8500.0,-2621.4
19800.0,8500.0,-2617.0
19900.0,8500.0,-2614.6
20000.0,8500.0,-2609.3
0.0,8600.0,-2657.2
100.0,8600.0,-2665.6
200.0,8600.0,-2661.0
300.0,8600.0,-2662.2
400.0,8600.0,-2665.6
500.0,8600.0,-2660.2
600.0,8600.0,-2662.0
700.0,8600.0,-2666.0
800.0,8600.0,-2661.2
900.0,8600.0,-2661.9
1000.0,8600.0,-2655.5
1100.0,8600.0,-2652.1
1200.0,8600.0,-2654.9
1300.0,8600.0,-2653.5
1400.0,8600.0,-2650.2
1500.0,8600.0,-2651.0
1600.0,8600.0,-2650.0
1700.0,8600.0,-2645.3
1800.0,8600.0,-2648.4
1900.0,8600.0,-2645.1
2000.0,8600.0,-2643.9
2100.0,8600.0,-2640.4
2200.0,8600.0,-2647.0
2300.0,8600.0,-2647.7
2400.0,8600.0,-2645.1
2500.0,8600.0,-2637.7
2600.0,8600.0,-2637.3
2700.0,8600.0,-2642.4
2800.0,8600.0,-2642.5
2900.0,8600.0,-2636.9
3000.0,8600.0,-2643.9
3100.0,8600.0,-2641.3
3200.0,8600.0,-2637.7
3300.0,8600.0,-2629.5
3400.0,8600.0,-2632.1
3500.0,8600.0,-2629.1
3600.0,8600.0,-2623.9
3700.0,8600.0,-2623.1
3800.0,8600.0,-2619.5
3900.0,8600.0,-2611.4
4000.0,8600.0,-2612.4
4100.0,8600.0,-2605.6
4200.0,8600.0,-2598.1
4300.0,8600.0,-2597.5
4400.0,8600.0,-2590.0
4500.0,8600.0,-2588.3
4600.0,8600.0,-2584.3
4700.0,8600.0,-2575.5
4800.0,8600.0,-2570.0
4900.0,8600.0,-2561.0
5000.0,8600.0,-2558.4
5100.0,8600.0,-2552.7
5200.0,8600.0,-2549.1
5300.0,8600.0,-2541.1
5400.0,8600.0,-2536.5
5500.0,8600.0,-2538.1
5600.0,8600.0,-2531.0
5700.0,8600.0,-2522.0
5800.0,8600.0,-2521.3
5900.0,8600.0,-2511.7
6000.0,8600.0,-2514.4
6100.0,8600.0,-2506.2
6200.0,8600.0,-2508.7
6300.0,8600.0,-2504.8
6400.0,8600.0,-2495.9
6500.0,8600.0,-2500.0
6600.0,8600.0,-2494.6
6700.0,8600.0,-2496.0
6800.0,8600.0,-2493.6
6900.0,8600.0,-2490.3
7000.0,8600.0,-2489.2
7100.0,8600.0,-2491.2
7200.0,8600.0,-2494.5
7300.0,8600.0,-2489.2
7400.0,8600.0,-2489.2
7500.0,8600.0,-2486.2
7600.0,8600.0,-2484.9
7700.0,8600.0,-2485.8
7800.0,8600.0,-2483.8
7900.0,8600.0,-2480.5
8000.0,8600.0,-2481.1
8100.0,8600.0,-2478.3
8200.0,8600.0,-2475.4
8300.0,8600.0,-2476.1
8400.0,8600.0,-2471.9
8500.0,8600.0,-2471.1
8600.0,8600.0,-2464.9
8700.0,8600.0,-2461.9
8800.0,8600.0,-2462.3
8900.0,8600.0,-2455.5
9000.0,8600.0,-2453.6
9100.0,8600.0,-2448.0
9200.0,8600.0,-2450.3
9300.0,8600.0,-2448.2
9400.0,8600.0,-2440.0
9500.0,8600.0,-2439.1
9600.0,8600.0,-2436.2
9700.0,8600.0,-2432.8
9800.0,8600.0,-2425.9
9900.0,8600.0,-2429.8
10000.0,8600.0,-2424.8
10100.0,8600.0,-2427.1
10200.0,8600.0,-2425.3
10300.0,8600.0,-2418.3
10400.0,8600.0,-2419.7
10500.0,8600.0,-2420.3
10600.0,8600.0,-2420.9
10700.0,8600.0,-2419.5
10800.0,8600.0,-2418.6
10900.0,8600.0,-2424.3
11000.0,8600.0,-2417.5
11100.0,8600.0,-2415.0
11200.0,8600.0,-2412.4
11300.0,8600.0,-2412.9
11400.0,8600.0,-2415.4
11500.0,8600.0,-2412.3
11600.0,8600.0,-2414.9
11700.0,8600.0,-2417.4
11800.0,8600.0,-2416.9
11900.0,8600.0,-2424.7
12000.0,8600.0,-2418.5
12100.0,8600.0,-2421.7
12200.0,8600.0,-2417.9
12300.0,8600.0,-2419.1
12400.0,8600.0,-2421.9
12500.0,8600.0,-2428.8
12600.0,8600.0,-2430.4
12700.0,8600.0,-2436.1
12800.0,8600.0,-2432.8
12900.0,8600.0,-2437.8
13000.0,8600.0,-2440.0
13100.0,8600.0,-2439.8
13200.0,8600.0,-2443.4
13300.0,8600.0,-2447.0
13400.0,8600.0,-2453.0
13500.0,8600.0,-2455.4
13600.0,8600.0,-2461.1
13700.0,8600.0,-2455.7
13800.0,8600.0,-2464.7
13900.0,8600.0,-2467.7
14000.0,8600.0,-2473.0
14100.0,8600.0,-2474.3
14200.0,8600.0,-2481.3
14300.0,8600.0,-2490.6
14400.0,8600.0,-2494.4
14500.0,8600.0,-2493.9
14600.0,8600.0,-2501.5
14700.0,8600.0,-2503.5
14800.0,8600.0,-2505.1
14900.0,8600.0,-2509.0
15000.0,8600.0,-2519.0
15100.0,8600.0,-2522.0
15200.0,8600.0,-2523.6
15300.0,8600.0,-2530.8
15400.0,8600.0,-2540.4
15500.0,8600.0,-2539.2
15600.0,8600.0,-2547.5
15700.0,8600.0,-2544.9
15800.0,8600.0,-2552.5
15900.0,8600.0,-2554.9
16000.0,8600.0,-2559.7
16100.0,8600.0,-2559.8
16200.0,8600.0,-2566.8
16300.0,8600.0,-2575.1
16400.0,8600.0,-2576.1
16500.0,8600.0,-2581.3
16600.0,8600.0,-2585.5
16700.0,8600.0,-2582.1
16800.0,8600.0,-2594.4
16900.0,8600.0,-2594.9
17000.0,8600.0,-2599.6
17100.0,8600.0,-2603.6
17200.0,8600.0,-2607.5
17300.0,8600.0,-2613.5
17400.0,8600.0,-2617.5
17500.0,8600.0,-2619.4
17600.0,8600.0,-2619.2
17700.0,8600.0,-2626.0
17800.0,8600.0,-2625.9
17900.0,8600.0,-2624.1
18000.0,8600.0,-2633.8
18100.0,8600.0,-2630.1
18200.0,8600.0,-2637.3
18300.0,8600.0,-2639.0
18400.0,8600.0,-2639.4
18500.0,8600.0,-2639.8
18600.0,8600.0,-2639.1
18700.0,8600.0,-2635.4
18800.0,8600.0,-2639.6
18900.0,8600.0,-2636.5
19000.0,8600.0,-2632.6
19100.0,8600.0,-2626.3
19200.0,8600.0,-2636.7
19300.0,8600.0,-2627.7
19400.0,8600.0,-2628.4
19500.0,8600.0,-2625.9
19600.0,8600.0,-2611.2
19700.0,8600.0,-2615.1
19800.0,8600.0,-2613.3
19900.0,8600.0,-2608.0
20000.0,8600.0,-2601.6
0.0,8700.0,-2655.7
100.0,8700.0,-2657.5
200.0,8700.0,-2657.5
300.0,8700.0,-2657.7
400.0,8700.0,-2652.8
500.0,8700.0,-2660.8
600.0,8700.0,-2655.7
700.0,8700.0,-2659.6
800.0,8700.0,-2653.5
900.0,8700.0,-2656.9
1000.0,8700.0,-2657.2
1100.0,8700.0,-2657.9
1200.0,8700.0,-2649.9
1300.0,8700.0,-2655.9
1400.0,8700.0,-2649.6
1500.0,8700.0,-2647.7
1600.0,8700.0,-2645.6
1700.0,8700.0,-2642.9
1800.0,8700.0,-2646.9
1900.0,8700.0,-2644.1
2000.0,8700.0,-2644.8
2100.0,8700.0,-2641.4
2200.0,8700.0,-2643.2
2300.0,8700.0,-2643.7
2400.0,8700.0,-2641.0
2500.0,8700.0,-2640.5
2600.0,8700.0,-2642.3
2700.0,8700.0,-2637.3
2800.0,8700.0,-2635.1
2900.0,8700.0,-2641.9
3000.0,8700.0,-2630.5
3100.0,8700.0,-2630.8
3200.0,8700.0,-2629.0
3300.0,8700.0,-2627.1
3400.0,8700.0,-2626.3
3500.0,8700.0,-2626.8
3600.0,8700.0,-2626.0
3700.0,8700.0,-2623.9
3800.0,8700.0,-2615.8
3900.0,8700.0,-2614.9
4000.0,8700.0,-2607.0
4100.0,8700.0,-2605.4
4200.0,8700.0,-2596.3
4300.0,8700.0,-2593.8
4400.0,8700.0,-2594.5
4500.0,8700.0,-2588.4
4600.0,8700.0,-2571.5
4700.0,8700.0,-2573.2
4800.0,8700.0,-2568.3
4900.0,8700.0,-2560.8
5000.0,8700.0,-2556.2
5100.0,8700.0,-2548.1
5200.0,8700.0,-2546.0
5300.0,8700.0,-2537.3
5400.0,8700.0,-2534.0
5500.0,8700.0,-2529.8
5600.0,8700.0,-2529.0
5700.0,8700.0,-2517.9
5800.0,8700.0,-2519.0
5900.0,8700.0,-2508.7
6000.0,8700.0,-2507.0
6100.0,8700.0,-2508.1
6200.0,8700.0,-2506.9
6300.0,8700.0,-2502.2
6400.0,8700.0,-2496.1
6500.0,8700.0,-2494.0
6600.0,8700.0,-2493.0
6700.0,8700.0,-2493.2
6800.0,8700.0,-2486.4
6900.0,8700.0,-2489.1
7000.0,8700.0,-2486.9
7100.0,8700.0,-2482.5
7200.0,8700.0,-2487.1
7300.0,8700.0,-2484.0
7400.0,8700.0,-2483.3
7500.0,8700.0,-2481.8
7600.0,8700.0,-2479.5
7700.0,8700.0,-2480.3
7800.0,8700.0,-2477.1
7900.0,8700.0,-2471.9
8000.0,8700.0,-2471.8
8100.0,8700.0,-2471.2
8200.0,8700.0,-2474.6
8300.0,8700.0,-2469.0
8400.0,8700.0,-2467.7
8500.0,8700.0,-2465.1
8600.0,8700.0,-2458.7
8700.0,8700.0,-2455.7
8800.0,8700.0,-2453.3
8900.0,8700.0,-2454.0
9000.0,8700.0,-2452.8
9100.0,8700.0,-2446.9
9200.0,8700.0,-2442.5
9300.0,8700.0,-2438.3
9400.0,8700.0,-2435.6
9500.0,8700.0,-2432.5
9600.0,8700.0,-2427.5
9700.0,8700.0,-2429.3
9800.0,8700.0,-2428.9
9900.0,8700.0,-2430.4
10000.0,8700.0,-2428.5
10100.0,8700.0,-2417.3
10200.0,8700.0,-2416.8
10300.0,8700.0,-2410.7
10400.0,8700.0,-2424.2
10500.0,8700.0,-2418.4
10600.0,8700.0,-2417.8
10700.0,8700.0,-2416.0
10800.0,8700.0,-2418.2
10900.0,8700.0,-2411.5
11000.0,8700.0,-2414.3
11100.0,8700.0,-2412.9
11200.0,8700.0,-2413.1
11300.0,8700.0,-2411.2
11400.0,8700.0,-2413.0
11500.0,8700.0,-2414.9
11600.0,8700.0,-2415.1
11700.0,8700.0,-2415.2
11800.0,8700.0,-2410.2
11900.0,8700.0,-2418.5
12000.0,8700.0,-2421.1
12100.0,8700.0,-2420.2
12200.0,8700.0,-2417.8
12300.0,8700.0,-2417.9
12400.0,8700.0,-2424.0
12500.0,8700.0,-2426.2
12600.0,8700.0,-2428.8
12700.0,8700.0,-2430.8
12800.0,8700.0,-2429.8
12900.0,8700.0,-2437.3
13000.0,8700.0,-2433.3
13100.0,8700.0,-2438.5
13200.0,8700.0,-2441.4
13300.0,8700.0,-2443.3
13400.0,8700.0,-2451.2
13500.0,8700.0,-2452.8
13600.0,8700.0,-2457.1
13700.0,8700.0,-2464.4
13800.0,8700.0,-2465.1
13900.0,8700.0,-2462.7
14000.0,8700.0,-2470.0
14100.0,8700.0,-2478.3
14200.0,8700.0,-2478.1
14300.0,8700.0,-2485.6
14400.0,8700.0,-2487.3
14500.0,8700.0,-2490.8
14600.0,8700.0,-2499.5
14700.0,8700.0,-2503.3
14800.0,8700.0,-2504.9
14900.0,8700.0,-2513.6
15000.0,8700.0,-2516.0
15100.0,8700.0,-2515.9
15200.0,8700.0,-2515.6
15300.0,8700.0,-2524.6
15400.0,8700.0,-2529.6
15500.0,8700.0,-2535.3
15600.0,8700.0,-2538.9
15700.0,8700.0,-2542.1
15800.0,8700.0,-2544.4
15900.0,8700.0,-2549.7
16000.0,8700.0,-2556.0
16100.0,8700.0,-2559.3
16200.0,8700.0,-2563.6
16300.0,8700.0,-2563.5
16400.0,8700.0,-2571.7
16500.0,8700.0,-2577.5
16600.0,8700.0,-2581.3
16700.0,8700.0,-2584.4
16800.0,8700.0,-2584.3
16900.0,8700.0,-2594.4
17000.0,8700.0,-2597.4
17100.0,8700.0,-2602.3
17200.0,8700.0,-2602.9
17300.0,8700.0,-2606.0
17400.0,8700.0,-2614.3
17500.0,8700.0,-2618.5
17600.0,8700.0,-2618.8
17700.0,8700.0,-2620.9
17800.0,8700.0,-2627.1
17900.0,8700.0,-2627.3
18000.0,8700.0,-2628.3
18100.0,8700.0,-2630.2
18200.0,8700.0,-2631.1
18300.0,8700.0,-2633.4
18400.0,8700.0,-2640.0
18500.0,8700.0,-2640.7
18600.0,8700.0,-2632.4
18700.0,8700.0,-2628.1
18800.0,8700.0,-2632.4
18900.0,8700.0,-2632.5
19000.0,8700.0,-2628.8
19100.0,8700.0,-2628.5
19200.0,8700.0,-2630.1
19300.0,8700.0,-2626.5
19400.0,8700.0,-2626.6
19500.0,8700.0,-2622.3
19600.0,8700.0,-2622.4
19700.0,8700.0,-2615.6
19800.0,8700.0,-2617.6
19900.0,8700.0,-2610.9
20000.0,8700.0,-2610.2
0.0,8800.0,-2651.0
100.0,8800.0,-2650.2
200.0,8800.0,-2652.6
300.0,8800.0,-2655.7
400.0,8800.0,-2658.4
500.0,8800.0,-2656.9
600.0,8800.0,-2654.3
700.0,8800.0,-2650.2
800.0,8800.0,-2653.0
900.0,8800.0,-2647.8
1000.0,8800.0,-2651.1
1100.0,8800.0,-2645.5
1200.0,8800.0,-2651.7
1300.0,8800.0,-2651.9
1400.0,8800.0,-2646.4
1500.0,8800.0,-2643.8
1600.0,8800.0,-2646.4
1700.0,8800.0,-2644.4
1800.0,8800.0,-2644.3
1900.0,8800.0,-2643.6
2000.0,8800.0,-2642.3
2100.0,8800.0,-2636.4
2200.0,8800.0,-2639.3
2300.0,8800.0,-2636.2
2400.0,8800.0,-2639.6
2500.0,8800.0,-2641.5
2600.0,8800.0,-2636.4
2700.0,8800.0,-2632.5
2800.0,8800.0,-2635.9
2900.0,8800.0,-2637.5
3000.0,8800.0,-2635.6
3100.0,8800.0,-2631.7
3200.0,8800.0,-2628.5
3300.0,8800.0,-2628.1
3400.0,8800.0,-2626.5
3500.0,8800.0,-2625.1
3600.0,8800.0,-2622.6
3700.0,8800.0,-2623.9
3800.0,8800.0,-2618.7
3900.0,8800.0,-2613.3
4000.0,8800.0,-2605.2
4100.0,8800.0,-2601.6
4200.0,8800.0,-2598.7
4300.0,8800.0,-2596.9
4400.0,8800.0,-2589.2
4500.0,8800.0,-2585.1
4600.0,8800.0,-2577.1
4700.0,8800.0,-2570.9
4800.0,8800.0,-2560.6
4900.0,8800.0,-2562.1
5000.0,8800.0,-2554.9
5100.0,8800.0,-2546.1
5200.0,8800.0,-2543.9
5300.0,8800.0,-2536.5
5400.0,8800.0,-2537.3
5500.0,8800.0,-2524.1
5600.0,8800.0,-2522.6
5700.0,8800.0,-2517.4
5800.0,8800.0,-2513.6
5900.0,8800.0,-2508.5
6000.0,8800.0,-2501.0
6100.0,8800.0,-2499.4
6200.0,8800.0,-2496.8
6300.0,8800.0,-2497.5
6400.0,8800.0,-2489.8
6500.0,8800.0,-2487.9
6600.0,8800.0,-2484.7
6700.0,8800.0,-2479.8
6800.0,8800.0,-2485.0
6900.0,8800.0,-2482.7
7000.0,8800.0,-2479.2
7100.0,8800.0,-2480.3
7200.0,8800.0,-2479.5
7300.0,8800.0,-2480.0
7400.0,8800.0,-2478.4
7500.0,8800.0,-2477.4
7600.0,8800.0,-2475.3
7700.0,8800.0,-2473.3
7800.0,8800.0,-2466.7
7900.0,8800.0,-2474.2
8000.0,8800.0,-2468.1
8100.0,8800.0,-2465.1
8200.0,8800.0,-2457.5
8300.0,8800.0,-2462.6
8400.0,8800.0,-2455.8
8500.0,8800.0,-2457.7
8600.0,8800.0,-2453.8
8700.0,8800.0,-2447.3
8800.0,8800.0,-2442.9
8900.0,8800.0,-2446.8
9000.0,8800.0,-2442.9
9100.0,8800.0,-2434.9
9200.0,8800.0,-2436.0
9300.0,8800.0,-2431.8
9400.0,8800.0,-2428.8
9500.0,8800.0,-2430.7
9600.0,8800.0,-2424.8
9700.0,8800.0,-2426.5
9800.0,8800.0,-2419.4
9900.0,8800.0,-2415.2
10000.0,8800.0,-2420.8
10100.0,8800.0,-2416.3
10200.0,8800.0,-2413.6
10300.0,8800.0,-2412.0
10400.0,8800.0,-2413.2
10500.0,8800.0,-2413.5
10600.0,8800.0,-2409.1
10700.0,8800.0,-2404.1
10800.0,8800.0,-2410.2
10900.0,8800.0,-2411.4
11000.0,8800.0,-2409.8
11100.0,8800.0,-2408.1
11200.0,8800.0,-2410.6
11300.0,8800.0,-2412.2
11400.0,8800.0,-2411.7
11500.0,8800.0,-2414.9
11600.0,8800.0,-2410.6
11700.0,8800.0,-2416.2
11800.0,8800.0,-2414.6
11900.0,8800.0,-2415.3
12000.0,8800.0,-2418.2
12100.0,8800.0,-2419.4
12200.0,8800.0,-2417.0
12300.0,8800.0,-2424.8
12400.0,8800.0,-2416.5
12500.0,8800.0,-2425.9
12600.0,8800.0,-2431.3
12700.0,8800.0,-2432.3
12800.0,8800.0,-2432.6
12900.0,8800.0,-2434.2
13000.0,8800.0,-2436.9
13100.0,8800.0,-2437.9
13200.0,8800.0,-2445.1
13300.0,8800.0,-2448.5
13400.0,8800.0,-2450.0
13500.0,8800.0,-2456.0
13600.0,8800.0,-2449.9
13700.0,8800.0,-2463.8
13800.0,8800.0,-2459.1
13900.0,8800.0,-2459.7
14000.0,8800.0,-2472.6
14100.0,8800.0,-2475.6
14200.0,8800.0,-2482.2
14300.0,8800.0,-2487.9
14400.0,8800.0,-2483.2
14500.0,8800.0,-2488.8
14600.0,8800.0,-2490.6
14700.0,8800.0,-2497.8
14800.0,8800.0,-2500.8
14900.0,8800.0,-2502.9
15000.0,8800.0,-2511.7
15100.0,8800.0,-2510.5
15200.0,8800.0,-2512.9
15300.0,8800.0,-2518.0
15400.0,8800.0,-2523.4
15500.0,8800.0,-2528.0
15600.0,8800.0,-2529.8
15700.0,8800.0,-2537.0
15800.0,8800.0,-2546.8
15900.0,8800.0,-2547.1
16000.0,8800.0,-2552.9
16100.0,8800.0,-2550.0
16200.0,8800.0,-2561.5
16300.0,8800.0,-2562.6
16400.0,8800.0,-2570.1
16500.0,8800.0,-2573.1
16600.0,8800.0,-2566.0
16700.0,8800.0,-2582.2
16800.0,8800.0,-2587.5
16900.0,8800.0,-2585.7
17000.0,8800.0,-2587.2
17100.0,8800.0,-2595.9
17200.0,8800.0,-2596.8
17300.0,8800.0,-2601.8
17400.0,8800.0,-2603.0
17500.0,8800.0,-2610.6
17600.0,8800.0,-2612.2
17700.0,8800.0,-2616.7
17800.0,8800.0,-2615.8
17900.0,8800.0,-2623.9
18000.0,8800.0,-2622.4
18100.0,8800.0,-2622.6
18200.0,8800.0,-2630.2
18300.0,8800.0,-2634.2
18400.0,8800.0,-2632.5
18500.0,8800.0,-2631.4
18600.0,8800.0,-2630.0
18700.0,8800.0,-2632.2
18800.0,8800.0,-2632.5
18900.0,8800.0,-2631.1
19000.0,8800.0,-2626.2
19100.0,8800.0,-2624.4
19200.0,8800.0,-2626.8
19300.0,8800.0,-2618.9
19400.0,8800.0,-2621.8
19500.0,8800.0,-2619.6
19600.0,8800.0,-2611.4
19700.0,8800.0,-2613.3
19800.0,8800.0,-2610.2
19900.0,8800.0,-2609.5
20000.0,8800.0,-2604.7
0.0,8900.0,-2646.0
100.0,8900.0,-2651.5
200.0,8900.0,-2649.8
300.0,8900.0,-2650.2
400.0,8900.0,-2652.2
500.0,8900.0,-2647.6
600.0,8900.0,-2650.8
700.0,8900.0,-2651.2
800.0,8900.0,-2651.5
900.0,8900.0,-2645.2
1000.0,8900.0,-2656.1
1100.0,8900.0,-2645.9
1200.0,8900.0,-2645.2
1300.0,8900.0,-2645.9
1400.0,8900.0,-2645.4
1500.0,8900.0,-2645.0
1600.0,8900.0,-2639.8
1700.0,8900.0,-2637.1
1800.0,8900.0,-2641.2
1900.0,8900.0,-2639.9
2000.0,8900.0,-2639.2
2100.0,8900.0,-2637.2
2200.0,8900.0,-2639.6
2300.0,8900.0,-2635.1
2400.0,8900.0,-2630.7
2500.0,8900.0,-2634.5
2600.0,8900.0,-2634.6
2700.0,8900.0,-2636.7
2800.0,8900.0,-2632.2
2900.0,8900.0,-2631.6
3000.0,8900.0,-2630.9
3100.0,8900.0,-2631.6
3200.0,8900.0,-2625.8
3300.0,8900.0,-2628.4
3400.0,8900.0,-2623.2
3500.0,8900.0,-2627.3
3600.0,8900.0,-2624.4
3700.0,8900.0,-2618.9
3800.0,8900.0,-2613.5
3900.0,8900.0,-2610.0
4000.0,8900.0,-2611.0
4100.0,8900.0,-2606.8
4200.0,8900.0,-2594.9
4300.0,8900.0,-2593.9
4400.0,8900.0,-2586.2
4500.0,8900.0,-2585.6
4600.0,8900.0,-2580.3
4700.0,8900.0,-2570.8
4800.0,8900.0,-2566.3
4900.0,8900.0,-2564.0
5000.0,8900.0,-2551.3
5100.0,8900.0,-2551.1
5200.0,8900.0,-2531.0
5300.0,8900.0,-2531.0
5400.0,8900.0,-2535.4
5500.0,8900.0,-2519.4
5600.0,8900.0,-2512.2
5700.0,8900.0,-2512.4
5800.0,8900.0,-2511.1
5900.0,8900.0,-2512.6
6000.0,8900.0,-2499.1
6100.0,8900.0,-2493.7
6200.0,8900.0,-2498.2
6300.0,8900.0,-2487.0
6400.0,8900.0,-2488.3
6500.0,8900.0,-2483.9
6600.0,8900.0,-2484.0
6700.0,8900.0,-2473.6
6800.0,8900.0,-2477.4
6900.0,8900.0,-2475.2
7000.0,8900.0,-2472.3
7100.0,8900.0,-2474.4
7200.0,8900.0,-2472.8
7300.0,8900.0,-2469.8
7400.0,8900.0,-2470.2
7500.0,8900.0,-2464.9
7600.0,8900.0,-2463.6
7700.0,8900.0,-2464.4
7800.0,8900.0,-2464.1
7900.0,8900.0,-2465.8
8000.0,8900.0,-2463.3
8100.0,8900.0,-2456.4
8200.0,8900.0,-2456.3
8300.0,8900.0,-2449.1
8400.0,8900.0,-2451.1
8500.0,8900.0,-2450.6
8600.0,8900.0,-2449.2
8700.0,8900.0,-2447.9
8800.0,8900.0,-2440.9
8900.0,8900.0,-2445.7
9000.0,8900.0,-2438.4
9100.0,8900.0,-2432.4
9200.0,8900.0,-2431.7
9300.0,8900.0,-2434.2
9400.0,8900.0,-2425.1
9500.0,8900.0,-2417.2
9600.0,8900.0,-2416.8
9700.0,8900.0,-2421.4
9800.0,8900.0,-2417.4
9900.0,8900.0,-2415.6
10000.0,8900.0,-2408.2
10100.0,8900.0,-2409.0
10200.0,8900.0,-2411.1
10300.0,8900.0,-2408.9
10400.0,8900.0,-2405.0
10500.0,8900.0,-2409.3
10600.0,8900.0,-2404.8
10700.0,8900.0,-2402.3
10800.0,8900.0,-2403.1
10900.0,8900.0,-2412.0
11000.0,8900.0,-2406.2
11100.0,8900.0,-2409.6
11200.0,8900.0,-2406.7
11300.0,8900.0,-2411.6
11400.0,8900.0,-2408.4
11500.0,8900.0,-2411.4
11600.0,8900.0,-2411.7
11700.0,8900.0,-2404.7
11800.0,8900.0,-2416.4
11900.0,8900.0,-2419.2
12000.0,8900.0,-2418.0
12100.0,8900.0,-2419.8
12200.0,8900.0,-2420.9
12300.0,8900.0,-2417.5
12400.0,8900.0,-2421.8
12500.0,8900.0,-2422.0
12600.0,8900.0,-2430.0
12700.0,8900.0,-2426.7
12800.0,8900.0,-2431.9
12900.0,8900.0,-2429.6
13000.0,8900.0,-2434.8
13100.0,8900.0,-2443.7
13200.0,8900.0,-2442.2
13300.0,8900.0,-2450.0
13400.0,8900.0,-2448.0
13500.0,8900.0,-2449.2
13600.0,8900.0,-2458.4
13700.0,8900.0,-2451.8
13800.0,8900.0,-2463.5
13900.0,8900.0,-2464.3
14000.0,8900.0,-2468.8
14100.0,8900.0,-2476.0
14200.0,8900.0,-2474.7
14300.0,8900.0,-2476.2
14400.0,8900.0,-2483.1
14500.0,8900.0,-2484.3
14600.0,8900.0,-2490.7
14700.0,8900.0,-2496.4
14800.0,8900.0,-2495.3
14900.0,8900.0,-2504.9
15000.0,8900.0,-2507.8
15100.0,8900.0,-2510.4
15200.0,8900.0,-2515.2
15300.0,8900.0,-2513.9
15400.0,8900.0,-2520.5
15500.0,8900.0,-2529.4
15600.0,8900.0,-2525.2
15700.0,8900.0,-2534.8
15800.0,8900.0,-2541.7
15900.0,8900.0,-2546.5
16000.0,8900.0,-2543.7
16100.0,8900.0,-2546.9
16200.0,8900.0,-2556.7
16300.0,8900.0,-2553.5
16400.0,8900.0,-2558.4
16500.0,8900.0,-2572.9
16600.0,8900.0,-2573.1
16700.0,8900.0,-2574.4
16800.0,8900.0,-2578.3
16900.0,8900.0,-2589.7
17000.0,8900.0,-2585.9
17100.0,8900.0,-2589.9
17200.0,8900.0,-2595.5
17300.0,8900.0,-2593.2
17400.0,8900.0,-2601.0
17500.0,8900.0,-2606.4
17600.0,8900.0,-2609.6
17700.0,8900.0,-2618.7
17800.0,8900.0,-2610.2
17900.0,8900.0,-2618.2
18000.0,8900.0,-2617.8
18100.0,8900.0,-2620.4
18200.0,8900.0,-2615.3
18300.0,8900.0,-2626.7
18400.0,8900.0,-2623.1
18500.0,8900.0,-2616.7
18600.0,8900.0,-2625.1
18700.0,8900.0,-2625.4
18800.0,8900.0,-2623.7
18900.0,8900.0,-2619.6
19000.0,8900.0,-2623.4
19100.0,8900.0,-2618.7
19200.0,8900.0,-2624.2
19300.0,8900.0,-2613.7
19400.0,8900.0,-2618.3
19500.0,8900.0,-2614.7
19600.0,8900.0,-2615.6
19700.0,8900.0,-2606.2
19800.0,8900.0,-2606.6
19900.0,8900.0,-2604.2
20000.0,8900.0,-2604.8
0.0,9000.0,-2644.1
100.0,9000.0,-2644.9
200.0,9000.0,-2646.2
300.0,9000.0,-2645.5
400.0,9000.0,-2645.4
500.0,9000.0,-2648.1
600.0,9000.0,-2646.7
700.0,9000.0,-2643.9
800.0,9000.0,-2641.9
900.0,9000.0,-2649.6
1000.0,9000.0,-2642.2
1100.0,9000.0,-2647.4
1200.0,9000.0,-2645.9
1300.0,9000.0,-2646.2
1400.0,9000.0,-2637.6
1500.0,9000.0,-2640.0
1600.0,9000.0,-2640.4
1700.0,9000.0,-2638.0
1800.0,9000.0,-2631.1
1900.0,9000.0,-2639.8
2000.0,9000.0,-2637.7
2100.0,9000.0,-2628.7
2200.0,9000.0,-2631.9
2300.0,9000.0,-2634.3
2400.0,9000.0,-2633.5
2500.0,9000.0,-2631.2
2600.0,9000.0,-2628.1
2700.0,9000.0,-2628.1
2800.0,9000.0,-2627.7
2900.0,9000.0,-2631.1
3000.0,9000.0,-2628.1
3100.0,9000.0,-2627.1
3200.0,9000.0,-2633.7
3300.0,9000.0,-2628.2
3400.0,9000.0,-2623.3
3500.0,9000.0,-2627.7
3600.0,9000.0,-2620.2
3700.0,9000.0,-2616.0
3800.0,9000.0,-2612.8
3900.0,9000.0,-2613.9
4000.0,9000.0,-2605.8
4100.0,9000.0,-2596.2
4200.0,9000.0,-2596.2
4300.0,9000.0,-2594.4
4400.0,9000.0,-2584.2
4500.0,9000.0,-2585.2
4600.0,9000.0,-2574.5
4700.0,9000.0,-2570.8
4800.0,9000.0,-2562.1
4900.0,9000.0,-2560.0
5000.0,9000.0,-2550.6
5100.0,9000.0,-2544.1
5200.0,9000.0,-2542.3
5300.0,9000.0,-2527.5
5400.0,9000.0,-2524.5
5500.0,9000.0,-2523.9
5600.0,9000.0,-2510.3
5700.0,9000.0,-2510.2
5800.0,9000.0,-2499.8
5900.0,9000.0,-2499.5
6000.0,9000.0,-2494.1
6100.0,9000.0,-2486.5
6200.0,9000.0,-2487.6
6300.0,9000.0,-2481.4
6400.0,9000.0,-2479.6
6500.0,9000.0,-2475.5
6600.0,9000.0,-2473.7
6700.0,9000.0,-2476.0
6800.0,9000.0,-2466.2
6900.0,9000.0,-2470.6
7000.0,9000.0,-2468.0
7100.0,9000.0,-2469.3
7200.0,9000.0,-2457.5
7300.0,9000.0,-2464.0
7400.0,9000.0,-2471.5
7500.0,9000.0,-2461.8
7600.0,9000.0,-2458.5
7700.0,9000.0,-2464.5
7800.0,9000.0,-2459.6
7900.0,9000.0,-2458.8
8000.0,9000.0,-2454.8
8100.0,9000.0,-2449.0
8200.0,9000.0,-2449.5
8300.0,9000.0,-2447.0
8400.0,9000.0,-2448.7
8500.0,9000.0,-2445.4
8600.0,9000.0,-2442.3
8700.0,9000.0,-2446.9
8800.0,9000.0,-2437.4
8900.0,9000.0,-2430.2
9000.0,9000.0,-2431.6
9100.0,9000.0,-2428.6
9200.0,9000.0,-2428.0
9300.0,9000.0,-2420.9
9400.0,9000.0,-2423.0
9500.0,9000.0,-2416.9
9600.0,9000.0,-2409.6
9700.0,9000.0,-2416.3
9800.0,9000.0,-2409.9
9900.0,9000.0,-2413.3
10000.0,9000.0,-2403.8
10100.0,9000.0,-2403.5
10200.0,9000.0,-2401.5
10300.0,9000.0,-2404.5
10400.0,9000.0,-2399.7
10500.0,9000.0,-2397.7
10600.0,9000.0,-2400.1
10700.0,9000.0,-2398.8
10800.0,9000.0,-2405.9
10900.0,9000.0,-2398.0
11000.0,9000.0,-2399.1
11100.0,9000.0,-2403.7
11200.0,9000.0,-2403.3
11300.0,9000.0,-2405.5
11400.0,9000.0,-2407.4
11500.0,9000.0,-2407.5
11600.0,9000.0,-2409.4
11700.0,9000.0,-2408.4
11800.0,9000.0,-2405.2
11900.0,9000.0,-2407.2
12000.0,9000.0,-2409.3
12100.0,9000.0,-2414.0
12200.0,9000.0,-2423.0
12300.0,9000.0,-2422.5
12400.0,9000.0,-2423.5
12500.0,9000.0,-2423.4
12600.0,9000.0,-2424.6
12700.0,9000.0,-2434.2
12800.0,9000.0,-2426.6
12900.0,9000.0,-2433.4
13000.0,9000.0,-2433.0
13100.0,9000.0,-2442.2
13200.0,9000.0,-2437.4
13300.0,9000.0,-2446.3
13400.0,9000.0,-2448.8
13500.0,9000.0,-2448.4
13600.0,9000.0,-2453.0
13700.0,9000.0,-2458.7
13800.0,9000.0,-2459.5
13900.0,9000.0,-2463.2
14000.0,9000.0,-2470.5
14100.0,9000.0,-2469.0
14200.0,9000.0,-2470.8
14300.0,9000.0,-2472.8
14400.0,9000.0,-2481.9
14500.0,9000.0,-2481.7
14600.0,9000.0,-2485.2
14700.0,9000.0,-2491.2
14800.0,9000.0,-2493.1
14900.0,9000.0,-2500.0
15000.0,9000.0,-2500.6
15100.0,9000.0,-2508.9
15200.0,9000.0,-2503.4
15300.0,9000.0,-2516.5
15400.0,9000.0,-2520.7
15500.0,9000.0,-2522.7
15600.0,9000.0,-2527.1
15700.0,9000.0,-2529.7
15800.0,9000.0,-2527.4
15900.0,9000.0,-2529.8
16000.0,9000.0,-2541.8
16100.0,9000.0,-2546.9
16200.0,9000.0,-2551.1
16300.0,9000.0,-2554.6
16400.0,9000.0,-2558.6
16500.0,9000.0,-2568.6
16600.0,9000.0,-2561.8
16700.0,9000.0,-2568.6
16800.0,9000.0,-2573.8
16900.0,9000.0,-2579.5
17000.0,9000.0,-2584.5
17100.0,9000.0,-2587.8
17200.0,9000.0,-2589.3
17300.0,9000.0,-2594.1
17400.0,9000.0,-2592.3
17500.0,9000.0,-2588.2
17600.0,9000.0,-2598.0
17700.0,9000.0,-2604.4
17800.0,9000.0,-2609.5
17900.0,9000.0,-2609.0
18000.0,9000.0,-2620.0
18100.0,9000.0,-2612.4
18200.0,9000.0,-2616.8
18300.0,9000.0,-2621.6
18400.0,9000.0,-2614.4
18500.0,9000.0,-2613.7
18600.0,9000.0,-2628.3
18700.0,9000.0,-2618.0
18800.0,9000.0,-2620.7
18900.0,9000.0,-2622.6
19000.0,9000.0,-2618.8
19100.0,9000.0,-2622.5
19200.0,9000.0,-2617.2
19300.0,9000.0,-2615.5
19400.0,9000.0,-2619.8
19500.0,9000.0,-2611.8
19600.0,9000.0,-2609.1
19700.0,9000.0,-2608.6
19800.0,9000.0,-2605.2
19900.0,9000.0,-2604.4
20000.0,9000.0,-2603.2
0.0,9100.0,-2636.9
100.0,9100.0,-2638.6
200.0,9100.0,-2648.6
300.0,9100.0,-2648.7
400.0,9100.0,-2642.3
500.0,9100.0,-2642.2
600.0,9100.0,-2642.8
700.0,9100.0,-2643.2
800.0,9100.0,-2642.6
900.0,9100.0,-2641.7
1000.0,9100.0,-2638.3
1100.0,9100.0,-2637.2
1200.0,9100.0,-2639.6
1300.0,9100.0,-2638.2
1400.0,9100.0,-2637.4
1500.0,9100.0,-2632.1
1600.0,9100.0,-2636.3
1700.0,9100.0,-2630.6
1800.0,9100.0,-2639.7
1900.0,9100.0,-2633.9
2000.0,9100.0,-2632.0
2100.0,9100.0,-2630.1
2200.0,9100.0,-2627.6
2300.0,9100.0,-2635.2
2400.0,9100.0,-2637.0
2500.0,9100.0,-2627.8
2600.0,9100.0,-2635.2
2700.0,9100.0,-2629.4
2800.0,9100.0,-2628.3
2900.0,9100.0,-2631.9
3000.0,9100.0,-2624.6
3100.0,9100.0,-2628.6
3200.0,9100.0,-2624.2
3300.0,9100.0,-2622.2
3400.0,9100.0,-2625.4
3500.0,9100.0,-2620.9
3600.0,9100.0,-2616.0
3700.0,9100.0,-2612.1
3800.0,9100.0,-2618.1
3900.0,9100.0,-2609.7
4000.0,9100.0,-2603.1
4100.0,9100.0,-2600.5
4200.0,9100.0,-2589.1
4300.0,9100.0,-2600.3
4400.0,9100.0,-2587.7
4500.0,9100.0,-2579.2
4600.0,9100.0,-2573.0
4700.0,9100.0,-2572.1
4800.0,9100.0,-2564.7
4900.0,9100.0,-2554.0
5000.0,9100.0,-2546.9
5100.0,9100.0,-2542.4
5200.0,9100.0,-2536.9
5300.0,9100.0,-2529.2
5400.0,9100.0,-2523.8
5500.0,9100.0,-2519.9
5600.0,9100.0,-2512.0
5700.0,9100.0,-2500.0
5800.0,9100.0,-2503.5
5900.0,9100.0,-2489.2
6000.0,9100.0,-2491.6
6100.0,9100.0,-2487.5
6200.0,9100.0,-2481.9
6300.0,9100.0,-2482.5
6400.0,9100.0,-2476.9
6500.0,9100.0,-2474.5
6600.0,9100.0,-2468.2
6700.0,9100.0,-2464.5
6800.0,9100.0,-2466.3
6900.0,9100.0,-2463.4
7000.0,9100.0,-2466.7
7100.0,9100.0,-2462.8
7200.0,9100.0,-2458.5
7300.0,9100.0,-2458.0
7400.0,9100.0,-2458.4
7500.0,9100.0,-2454.1
7600.0,9100.0,-2452.5
7700.0,9100.0,-2453.4
7800.0,9100.0,-2456.6
7900.0,9100.0,-2451.3
8000.0,9100.0,-2448.3
8100.0,9100.0,-2446.4
8200.0,9100.0,-2443.8
8300.0,9100.0,-2450.3
8400.0,9100.0,-2441.5
8500.0,9100.0,-2437.2
8600.0,9100.0,-2432.6
8700.0,9100.0,-2433.3
8800.0,9100.0,-2440.0
8900.0,9100.0,-2432.0
9000.0,9100.0,-2426.4
9100.0,9100.0,-2425.7
9200.0,9100.0,-2416.7
9300.0,9100.0,-2420.1
9400.0,9100.0,-2417.9
9500.0,9100.0,-2410.3
9600.0,9100.0,-2411.1
9700.0,9100.0,-2405.1
9800.0,9100.0,-2403.2
9900.0,9100.0,-2401.4
10000.0,9100.0,-2402.0
10100.0,9100.0,-2403.2
10200.0,9100.0,-2401.2
10300.0,9100.0,-2395.4
10400.0,9100.0,-2397.0
10500.0,9100.0,-2394.5
10600.0,9100.0,-2395.5
10700.0,9100.0,-2398.8
10800.0,9100.0,-2395.8
10900.0,9100.0,-2389.5
11000.0,9100.0,-2392.8
11100.0,9100.0,-2394.2
11200.0,9100.0,-2399.6
11300.0,9100.0,-2406.4
11400.0,9100.0,-2400.3
11500.0,9100.0,-2400.4
11600.0,9100.0,-2403.0
11700.0,9100.0,-2406.4
11800.0,9100.0,-2409.2
11900.0,9100.0,-2404.7
12000.0,9100.0,-2412.6
12100.0,9100.0,-2410.9
12200.0,9100.0,-2414.9
12300.0,9100.0,-2414.1
12400.0,9100.0,-2419.9
12500.0,9100.0,-2422.9
12600.0,9100.0,-2428.2
12700.0,9100.0,-2429.7
12800.0,9100.0,-2427.8
12900.0,9100.0,-2434.7
13000.0,9100.0,-2435.7
13100.0,9100.0,-2436.9
13200.0,9100.0,-2439.2
13300.0,9100.0,-2444.1
13400.0,9100.0,-2444.9
13500.0,9100.0,-2448.1
13600.0,9100.0,-2450.4
13700.0,9100.0,-2459.2
13800.0,9100.0,-2457.2
13900.0,9100.0,-2460.7
14000.0,9100.0,-2462.4
14100.0,9100.0,-2468.2
14200.0,9100.0,-2473.6
14300.0,9100.0,-2474.3
14400.0,9100.0,-2472.4
14500.0,9100.0,-2476.1
14600.0,9100.0,-2480.3
14700.0,9100.0,-2482.7
14800.0,9100.0,-2494.2
14900.0,9100.0,-2492.4
15000.0,9100.0,-2498.9
15100.0,9100.0,-2499.1
15200.0,9100.0,-2502.7
15300.0,9100.0,-2512.2
15400.0,9100.0,-2519.9
15500.0,9100.0,-2515.7
15600.0,9100.0,-2524.5
15700.0,9100.0,-2527.5
15800.0,9100.0,-2530.9
15900.0,9100.0,-2527.7
16000.0,9100.0,-2531.9
16100.0,9100.0,-2545.9
16200.0,9100.0,-2547.2
16300.0,9100.0,-2549.2
16400.0,9100.0,-2549.6
16500.0,9100.0,-2555.6
16600.0,9100.0,-2557.4
16700.0,9100.0,-2565.1
16800.0,9100.0,-2567.1
16900.0,9100.0,-2576.9
17000.0,9100.0,-2576.2
17100.0,9100.0,-2580.3
17200.0,9100.0,-2586.1
17300.0,9100.0,-2583.5
17400.0,9100.0,-2592.9
17500.0,9100.0,-2598.7
17600.0,9100.0,-2595.8
17700.0,9100.0,-2601.4
17800.0,9100.0,-2602.6
17900.0,9100.0,-2609.0
18000.0,9100.0,-2604.8
18100.0,9100.0,-2612.3
18200.0,9100.0,-2610.1
18300.0,9100.0,-2619.9
18400.0,9100.0,-2612.5
18500.0,9100.0,-2615.2
18600.0,9100.0,-2614.3
18700.0,9100.0,-2612.9
18800.0,9100.0,-2617.0
18900.0,9100.0,-2613.6
19000.0,9100.0,-2616.6
19100.0,9100.0,-2613.5
19200.0,9100.0,-2615.7
19300.0,9100.0,-2614.7
19400.0,9100.0,-2614.8
19500.0,9100.0,-2603.0
19600.0,9100.0,-2603.8
19700.0,9100.0,-2604.1
19800.0,9100.0,-2602.6
19900.0,9100.0,-2600.9
20000.0,9100.0,-2594.5
0.0,9200.0,-2636.7
100.0,9200.0,-2632.9
200.0,9200.0,-2637.5
300.0,9200.0,-2637.5
400.0,9200.0,-2636.4
500.0,9200.0,-2644.6
600.0,9200.0,-2642.3
700.0,9200.0,-2641.5
800.0,9200.0,-2638.0
900.0,9200.0,-2644.7
1000.0,9200.0,-2636.0
1100.0,9200.0,-2636.0
1200.0,9200.0,-2635.6
1300.0,9200.0,-2633.3
1400.0,9200.0,-2635.4
1500.0,9200.0,-2633.2
1600.0,9200.0,-2632.3
1700.0,9200.0,-2631.8
1800.0,9200.0,-2634.4
1900.0,9200.0,-2622.6
2000.0,9200.0,-2636.5
2100.0,9200.0,-2631.4
2200.0,9200.0,-2628.0
2300.0,9200.0,-2622.7
2400.0,9200.0,-2629.8
2500.0,9200.0,-2628.7
2600.0,9200.0,-2627.7
2700.0,9200.0,-2630.1
2800.0,9200.0,-2623.2
2900.0,9200.0,-2628.6
3000.0,9200.0,-2627.8
3100.0,9200.0,-2623.3
3200.0,9200.0,-2622.8
3300.0,9200.0,-2629.2
3400.0,9200.0,-2620.2
3500.0,9200.0,-2617.1
3600.0,9200.0,-2617.6
3700.0,9200.0,-2615.5
3800.0,9200.0,-2613.2
3900.0,9200.0,-2609.2
4000.0,9200.0,-2608.3
4100.0,9200.0,-2603.0
4200.0,9200.0,-2597.4
4300.0,9200.0,-2590.8
4400.0,9200.0,-2583.0
4500.0,9200.0,-2581.4
4600.0,9200.0,-2574.6
4700.0,9200.0,-2569.7
4800.0,9200.0,-2566.2
4900.0,9200.0,-2558.8
5000.0,9200.0,-2548.4
5100.0,9200.0,-2532.1
5200.0,9200.0,-2533.5
5300.0,9200.0,-2524.6
5400.0,9200.0,-2524.0
5500.0,9200.0,-2516.8
5600.0,9200.0,-2507.3
5700.0,9200.0,-2498.9
5800.0,9200.0,-2494.8
5900.0,9200.0,-2489.2
6000.0,9200.0,-2488.6
6100.0,9200.0,-2482.8
6200.0,9200.0,-2479.8
6300.0,9200.0,-2472.8
6400.0,9200.0,-2471.4
6500.0,9200.0,-2465.1
6600.0,9200.0,-2462.0
6700.0,9200.0,-2462.3
6800.0,9200.0,-2461.1
6900.0,9200.0,-2455.4
7000.0,9200.0,-2452.1
7100.0,9200.0,-2455.1
7200.0,9200.0,-2452.3
7300.0,9200.0,-2452.7
7400.0,9200.0,-2450.4
7500.0,9200.0,-2449.4
7600.0,9200.0,-2448.0
7700.0,9200.0,-2452.4
7800.0,9200.0,-2447.2
7900.0,9200.0,-2444.6
8000.0,9200.0,-2442.6
8100.0,9200.0,-2445.0
8200.0,9200.0,-2442.3
8300.0,9200.0,-2435.9
8400.0,9200.0,-2437.8
8500.0,9200.0,-2435.8
8600.0,9200.0,-2435.2
8700.0,9200.0,-2423.7
8800.0,9200.0,-2426.2
8900.0,9200.0,-2430.0
9000.0,9200.0,-2426.0
9100.0,9200.0,-2413.7
9200.0,9200.0,-2410.7
9300.0,9200.0,-2413.5
9400.0,9200.0,-2410.4
9500.0,9200.0,-2406.5
9600.0,9200.0,-2407.3
9700.0,9200.0,-2404.8
9800.0,9200.0,-2405.4
9900.0,9200.0,-2397.8
10000.0,9200.0,-2397.5
10100.0,9200.0,-2392.7
10200.0,9200.0,-2395.6
10300.0,9200.0,-2391.3
10400.0,9200.0,-2393.8
10500.0,9200.0,-2392.1
10600.0,9200.0,-2388.5
10700.0,9200.0,-2394.5
10800.0,9200.0,-2391.1
10900.0,9200.0,-2392.0
11000.0,9200.0,-2397.7
11100.0,9200.0,-2394.8
11200.0,9200.0,-2396.1
11300.0,9200.0,-2396.8
11400.0,9200.0,-2391.2
11500.0,9200.0,-2398.6
11600.0,9200.0,-2406.7
11700.0,9200.0,-2403.1
11800.0,9200.0,-2408.3
11900.0,9200.0,-2406.4
12000.0,9200.0,-2409.5
12100.0,9200.0,-2410.2
12200.0,9200.0,-2420.0
12300.0,9200.0,-2414.4
12400.0,9200.0,-2419.4
12500.0,9200.0,-2418.3
12600.0,9200.0,-2425.4
12700.0,9200.0,-2426.5
12800.0,9200.0,-2427.2
12900.0,9200.0,-2430.4
13000.0,9200.0,-2434.3
13100.0,9200.0,-2437.9
13200.0,9200.0,-2437.9
13300.0,9200.0,-2445.4
13400.0,9200.0,-2445.6
13500.0,9200.0,-2449.3
13600.0,9200.0,-2452.5
13700.0,9200.0,-2452.6
13800.0,9200.0,-2460.8
13900.0,9200.0,-2463.8
14000.0,9200.0,-2470.3
14100.0,9200.0,-2468.4
14200.0,9200.0,-2468.7
14300.0,9200.0,-2471.9
14400.0,9200.0,-2477.0
14500.0,9200.0,-2479.5
14600.0,9200.0,-2484.8
14700.0,9200.0,-2481.8
14800.0,9200.0,-2488.1
14900.0,9200.0,-2494.1
15000.0,9200.0,-2497.8
15100.0,9200.0,-2504.1
15200.0,9200.0,-2500.5
15300.0,9200.0,-2510.3
15400.0,9200.0,-2511.0
15500.0,9200.0,-2511.5
15600.0,9200.0,-2514.4
15700.0,9200.0,-2527.0
15800.0,9200.0,-2527.0
15900.0,9200.0,-2526.3
16000.0,9200.0,-2530.3
16100.0,9200.0,-2536.1
16200.0,9200.0,-2539.8
16300.0,9200.0,-2546.9
16400.0,9200.0,-2549.2
16500.0,9200.0,-2551.6
16600.0,9200.0,-2556.3
16700.0,9200.0,-2558.4
16800.0,9200.0,-2565.5
16900.0,9200.0,-2567.3
17000.0,9200.0,-2569.6
17100.0,9200.0,-2577.9
17200.0,9200.0,-2579.9
17300.0,9200.0,-2587.1
17400.0,9200.0,-2586.3
17500.0,9200.0,-2591.0
17600.0,9200.0,-2596.9
17700.0,9200.0,-2599.3
17800.0,9200.0,-2600.5
17900.0,9200.0,-2601.1
18000.0,9200.0,-2602.0
18100.0,9200.0,-2607.9
18200.0,9200.0,-2605.2
18300.0,9200.0,-2608.1
18400.0,9200.0,-2611.4
18500.0,9200.0,-2613.3
18600.0,9200.0,-2614.2
18700.0,9200.0,-2609.7
18800.0,9200.0,-2612.2
18900.0,9200.0,-2612.8
19000.0,9200.0,-2612.0
19100.0,9200.0,-2608.1
19200.0,9200.0,-2612.4
19300.0,9200.0,-2610.5
19400.0,9200.0,-2607.9
19500.0,9200.0,-2601.9
19600.0,9200.0,-2600.7
19700.0,9200.0,-2598.3
19800.0,9200.0,-2595.8
19900.0,9200.0,-2592.0
20000.0,9200.0,-2592.6
0.0,9300.0,-2638.2
100.0,9300.0,-2637.1
200.0,9300.0,-2642.0
300.0,9300.0,-2638.4
400.0,9300.0,-2637.5
500.0,9300.0,-2639.5
600.0,9300.0,-2641.0
700.0,9300.0,-2638.2
800.0,9300.0,-2638.4
900.0,9300.0,-2638.3
1000.0,9300.0,-2635.3
1100.0,9300.0,-2632.9
1200.0,9300.0,-2633.5
1300.0,9300.0,-2631.7
1400.0,9300.0,-2630.8
1500.0,9300.0,-2632.5
1600.0,9300.0,-2632.9
1700.0,9300.0,-2631.3
1800.0,9300.0,-2630.3
1900.0,9300.0,-2625.1
2000.0,9300.0,-2625.3
2100.0,9300.0,-2625.9
2200.0,9300.0,-2625.4
2300.0,9300.0,-2630.9
2400.0,9300.0,-2625.7
2500.0,9300.0,-2624.7
2600.0,9300.0,-2625.2
2700.0,9300.0,-2626.2
2800.0,9300.0,-2621.6
2900.0,9300.0,-2626.7
3000.0,9300.0,-2620.4
3100.0,9300.0,-2624.1
3200.0,9300.0,-2624.9
3300.0,9300.0,-2622.2
3400.0,9300.0,-2620.9
3500.0,9300.0,-2616.1
3600.0,9300.0,-2616.4
3700.0,9300.0,-2610.4
3800.0,9300.0,-2618.3
3900.0,9300.0,-2601.0
4000.0,9300.0,-2596.4
4100.0,9300.0,-2602.7
4200.0,9300.0,-2597.5
4300.0,9300.0,-2586.8
4400.0,9300.0,-2585.1
4500.0,9300.0,-2579.7
4600.0,9300.0,-2568.7
4700.0,9300.0,-2566.6
4800.0,9300.0,-2554.0
4900.0,9300.0,-2546.3
5000.0,9300.0,-2546.2
5100.0,9300.0,-2537.7
5200.0,9300.0,-2535.3
5300.0,9300.0,-2523.9
5400.0,9300.0,-2513.4
5500.0,9300.0,-2513.1
5600.0,9300.0,-2503.4
5700.0,9300.0,-2499.9
5800.0,9300.0,-2489.6
5900.0,9300.0,-2490.8
6000.0,9300.0,-2486.5
6100.0,9300.0,-2473.8
6200.0,9300.0,-2472.7
6300.0,9300.0,-2466.0
6400.0,9300.0,-2461.0
6500.0,9300.0,-2464.6
6600.0,9300.0,-2457.5
6700.0,9300.0,-2455.1
6800.0,9300.0,-2454.3
6900.0,9300.0,-2449.0
7000.0,9300.0,-2456.1
7100.0,9300.0,-2448.5
7200.0,9300.0,-2443.7
7300.0,9300.0,-2445.3
7400.0,9300.0,-2442.3
7500.0,9300.0,-2446.6
7600.0,9300.0,-2444.0
7700.0,9300.0,-2443.5
7800.0,9300.0,-2438.5
7900.0,9300.0,-2443.0
8000.0,9300.0,-2435.8
8100.0,9300.0,-2437.3
8200.0,9300.0,-2437.1
8300.0,9300.0,-2435.5
8400.0,9300.0,-2424.1
8500.0,9300.0,-2423.3
8600.0,9300.0,-2426.2
8700.0,9300.0,-2421.8
8800.0,9300.0,-2425.9
8900.0,9300.0,-2417.2
9000.0,9300.0,-2412.5
9100.0,9300.0,-2411.2
9200.0,9300.0,-2410.8
9300.0,9300.0,-2406.4
9400.0,9300.0,-2402.1
9500.0,9300.0,-2395.9
9600.0,9300.0,-2399.1
9700.0,9300.0,-2394.0
9800.0,9300.0,-2386.7
9900.0,9300.0,-2391.3
10000.0,9300.0,-2390.6
10100.0,9300.0,-2384.6
10200.0,9300.0,-2385.9
10300.0,9300.0,-2387.2
10400.0,9300.0,-2391.1
10500.0,9300.0,-2380.9
10600.0,9300.0,-2386.3
10700.0,9300.0,-2386.5
10800.0,9300.0,-2386.6
10900.0,9300.0,-2386.7
11000.0,9300.0,-2393.4
11100.0,9300.0,-2391.6
11200.0,9300.0,-2384.0
11300.0,9300.0,-2390.0
11400.0,9300.0,-2390.3
11500.0,9300.0,-2391.0
11600.0,9300.0,-2396.6
11700.0,9300.0,-2401.1
11800.0,9300.0,-2399.5
11900.0,9300.0,-2400.3
12000.0,9300.0,-2400.1
12100.0,9300.0,-2407.0
12200.0,9300.0,-2409.6
12300.0,9300.0,-2415.2
12400.0,9300.0,-2414.5
12500.0,9300.0,-2419.1
12600.0,9300.0,-2420.6
12700.0,9300.0,-2428.6
12800.0,9300.0,-2420.6
12900.0,9300.0,-2435.1
13000.0,9300.0,-2426.2
13100.0,9300.0,-2439.2
13200.0,9300.0,-2440.8
13300.0,9300.0,-2450.0
13400.0,9300.0,-2446.4
13500.0,9300.0,-2451.0
13600.0,9300.0,-2450.9
13700.0,9300.0,-2451.3
13800.0,9300.0,-2458.1
13900.0,9300.0,-2457.2
14000.0,9300.0,-2464.5
14100.0,9300.0,-2468.4
14200.0,9300.0,-2467.8
14300.0,9300.0,-2470.6
14400.0,9300.0,-2476.8
14500.0,9300.0,-2479.8
14600.0,9300.0,-2480.5
14700.0,9300.0,-2488.8
14800.0,9300.0,-2484.1
14900.0,9300.0,-2490.7
15000.0,9300.0,-2494.6
15100.0,9300.0,-2495.2
15200.0,9300.0,-2504.9
15300.0,9300.0,-2501.3
15400.0,9300.0,-2509.9
15500.0,9300.0,-2507.1
15600.0,9300.0,-2515.4
15700.0,9300.0,-2520.6
15800.0,9300.0,-2525.3
15900.0,9300.0,-2524.7
16000.0,9300.0,-2525.6
16100.0,9300.0,-2530.0
16200.0,9300.0,-2534.8
16300.0,9300.0,-2536.7
16400.0,9300.0,-2540.2
16500.0,9300.0,-2550.9
16600.0,9300.0,-2548.3
16700.0,9300.0,-2558.9
16800.0,9300.0,-2561.2
16900.0,9300.0,-2565.5
17000.0,9300.0,-2569.7
17100.0,9300.0,-2575.2
17200.0,9300.0,-2582.3
17300.0,9300.0,-2575.5
17400.0,9300.0,-2584.0
17500.0,9300.0,-2581.0
17600.0,9300.0,-2594.3
17700.0,9300.0,-2590.7
17800.0,9300.0,-2596.2
17900.0,9300.0,-2599.1
18000.0,9300.0,-2602.2
18100.0,9300.0,-2602.8
18200.0,9300.0,-2605.7
18300.0,9300.0,-2604.7
18400.0,9300.0,-2605.5
18500.0,9300.0,-2608.5
18600.0,9300.0,-2609.9
18700.0,9300.0,-2608.5
18800.0,9300.0,-2609.3
18900.0,9300.0,-2604.5
19000.0,9300.0,-2609.3
19100.0,9300.0,-2604.9
19200.0,9300.0,-2604.7
19300.0,9300.0,-2601.5
19400.0,9300.0,-2601.9
19500.0,9300.0,-2600.7
19600.0,9300.0,-2600.7
19700.0,9300.0,-2599.4
19800.0,9300.0,-2590.3
19900.0,9300.0,-2588.3
20000.0,9300.0,-2588.7
0.0,9400.0,-2635.4
100.0,9400.0,-2635.1
200.0,9400.0,-2634.6
300.0,9400.0,-2631.7
400.0,9400.0,-2639.3
500.0,9400.0,-2635.3
600.0,9400.0,-2637.1
700.0,9400.0,-2634.3
800.0,9400.0,-2634.3
900.0,9400.0,-2638.5
1000.0,9400.0,-2632.4
1100.0,9400.0,-2628.9
1200.0,9400.0,-2632.4
1300.0,9400.0,-2634.6
1400.0,9400.0,-2637.7
1500.0,9400.0,-2629.4
1600.0,9400.0,-2624.0
1700.0,9400.0,-2626.6
1800.0,9400.0,-2627.2
1900.0,9400.0,-2636.2
2000.0,9400.0,-2632.9
2100.0,9400.0,-2620.7
2200.0,9400.0,-2625.3
2300.0,9400.0,-2626.7
2400.0,9400.0,-2628.2
2500.0,9400.0,-2628.1
2600.0,9400.0,-2617.7
2700.0,9400.0,-2625.5
2800.0,9400.0,-2626.2
2900.0,9400.0,-2622.0
3000.0,9400.0,-2626.2
3100.0,9400.0,-2621.5
3200.0,9400.0,-2624.8
3300.0,9400.0,-2622.2
3400.0,9400.0,-2618.9
3500.0,9400.0,-2621.3
3600.0,9400.0,-2616.0
3700.0,9400.0,-2607.7
3800.0,9400.0,-2615.4
3900.0,9400.0,-2604.3
4000.0,9400.0,-2602.1
4100.0,9400.0,-2598.5
4200.0,9400.0,-2591.8
4300.0,9400.0,-2587.4
4400.0,9400.0,-2584.2
4500.0,9400.0,-2575.5
4600.0,9400.0,-2574.4
4700.0,9400.0,-2564.7
4800.0,9400.0,-2557.6
4900.0,9400.0,-2554.6
5000.0,9400.0,-2540.8
5100.0,9400.0,-2538.4
5200.0,9400.0,-2522.2
5300.0,9400.0,-2519.3
5400.0,9400.0,-2518.8
5500.0,9400.0,-2511.4
5600.0,9400.0,-2498.2
5700.0,9400.0,-2499.1
5800.0,9400.0,-2486.8
5900.0,9400.0,-2486.1
6000.0,9400.0,-2478.4
6100.0,9400.0,-2477.8
6200.0,9400.0,-2471.6
6300.0,9400.0,-2465.6
6400.0,9400.0,-2460.9
6500.0,9400.0,-2461.0
6600.0,9400.0,-2454.9
6700.0,9400.0,-2449.9
6800.0,9400.0,-2448.5
6900.0,9400.0,-2444.4
7000.0,9400.0,-2451.4
7100.0,9400.0,-2446.8
7200.0,9400.0,-2441.0
7300.0,9400.0,-2442.5
7400.0,9400.0,-2437.4
7500.0,9400.0,-2437.2
7600.0,9400.0,-2438.0
7700.0,9400.0,-2432.2
7800.0,9400.0,-2436.6
7900.0,9400.0,-2434.4
8000.0,9400.0,-2435.8
8100.0,9400.0,-2433.1
8200.0,9400.0,-2431.8
8300.0,9400.0,-2425.2
8400.0,9400.0,-2426.9
8500.0,9400.0,-2424.8
8600.0,9400.0,-2423.1
8700.0,9400.0,-2417.0
8800.0,9400.0,-2416.9
8900.0,9400.0,-2409.8
9000.0,9400.0,-2413.5
9100.0,9400.0,-2406.5
9200.0,9400.0,-2404.4
9300.0,9400.0,-2403.9
9400.0,9400.0,-2395.9
9500.0,9400.0,-2393.5
9600.0,9400.0,-2395.7
9700.0,9400.0,-2387.6
9800.0,9400.0,-2386.9
9900.0,9400.0,-2388.3
10000.0,9400.0,-2385.5
10100.0,9400.0,-2386.1
10200.0,9400.0,-2386.2
10300.0,9400.0,-2383.2
10400.0,9400.0,-2379.8
10500.0,9400.0,-2378.6
10600.0,9400.0,-2383.2
10700.0,9400.0,-2379.8
10800.0,9400.0,-2378.7
10900.0,9400.0,-2380.8
11000.0,9400.0,-2386.3
11100.0,9400.0,-2383.6
11200.0,9400.0,-2383.8
11300.0,9400.0,-2389.5
11400.0,9400.0,-2385.9
11500.0,9400.0,-2386.5
11600.0,9400.0,-2391.7
11700.0,9400.0,-2393.3
11800.0,9400.0,-2394.7
11900.0,9400.0,-2397.0
12000.0,9400.0,-2403.3
12100.0,9400.0,-2405.9
12200.0,9400.0,-2407.0
12300.0,9400.0,-2410.2
12400.0,9400.0,-2416.2
12500.0,9400.0,-2409.8
12600.0,9400.0,-2414.4
12700.0,9400.0,-2420.5
12800.0,9400.0,-2424.3
12900.0,9400.0,-2431.7
13000.0,9400.0,-2432.2
13100.0,9400.0,-2437.0
13200.0,9400.0,-2441.8
13300.0,9400.0,-2441.1
13400.0,9400.0,-2444.0
13500.0,9400.0,-2451.8
13600.0,9400.0,-2448.6
13700.0,9400.0,-2457.7
13800.0,9400.0,-2454.5
13900.0,9400.0,-2459.2
14000.0,9400.0,-2461.9
14100.0,9400.0,-2465.7
14200.0,9400.0,-2466.0
14300.0,9400.0,-2476.5
14400.0,9400.0,-2476.1
14500.0,9400.0,-2474.6
14600.0,9400.0,-2483.1
14700.0,9400.0,-2487.5
14800.0,9400.0,-2486.9
14900.0,9400.0,-2496.6
15000.0,9400.0,-2496.3
15100.0,9400.0,-2497.4
15200.0,9400.0,-2492.8
15300.0,9400.0,-2498.1
15400.0,9400.0,-2507.8
15500.0,9400.0,-2504.6
15600.0,9400.0,-2508.8
15700.0,9400.0,-2518.0
15800.0,9400.0,-2516.2
15900.0,9400.0,-2527.1
16000.0,9400.0,-2525.1
16100.0,9400.0,-2532.2
16200.0,9400.0,-2535.2
16300.0,9400.0,-2537.5
16400.0,9400.0,-2541.2
16500.0,9400.0,-2542.9
16600.0,9400.0,-2546.4
16700.0,9400.0,-2554.7
16800.0,9400.0,-2556.7
16900.0,9400.0,-2559.1
17000.0,9400.0,-2565.3
17100.0,9400.0,-2567.8
17200.0,9400.0,-2570.4
17300.0,9400.0,-2579.6
17400.0,9400.0,-2578.0
17500.0,9400.0,-2584.2
17600.0,9400.0,-2582.9
17700.0,9400.0,-2592.9
17800.0,9400.0,-2594.8
17900.0,9400.0,-2595.6
18000.0,9400.0,-2599.3
18100.0,9400.0,-2595.3
18200.0,9400.0,-2602.8
18300.0,9400.0,-2597.6
18400.0,9400.0,-2600.3
18500.0,9400.0,-2605.1
18600.0,9400.0,-2605.6
18700.0,9400.0,-2604.9
18800.0,9400.0,-2600.6
18900.0,9400.0,-2602.9
19000.0,9400.0,-2604.6
19100.0,9400.0,-2605.1
19200.0,9400.0,-2602.5
19300.0,9400.0,-2601.6
19400.0,9400.0,-2600.1
19500.0,9400.0,-2593.3
19600.0,9400.0,-2596.5
19700.0,9400.0,-2591.7
19800.0,9400.0,-2587.3
19900.0,9400.0,-2591.3
20000.0,9400.0,-2588.4
0.0,9500.0,-2633.6
100.0,9500.0,-2630.2
200.0,9500.0,-2635.4
300.0,9500.0,-2633.2
400.0,9500.0,-2633.9
500.0,9500.0,-2629.1
600.0,9500.0,-2637.3
700.0,9500.0,-2629.3
800.0,9500.0,-2637.5
900.0,9500.0,-2632.9
1000.0,9500.0,-2634.6
1100.0,9500.0,-2629.2
1200.0,9500.0,-2631.5
1300.0,9500.0,-2629.2
1400.0,9500.0,-2624.9
1500.0,9500.0,-2622.2
1600.0,9500.0,-2632.9
1700.0,9500.0,-2625.2
1800.0,9500.0,-2625.6
1900.0,9500.0,-2620.0
2000.0,9500.0,-2620.0
2100.0,9500.0,-2617.7
2200.0,9500.0,-2621.3
2300.0,9500.0,-2621.9
2400.0,9500.0,-2619.7
2500.0,9500.0,-2623.4
2600.0,9500.0,-2624.7
2700.0,9500.0,-2621.7
2800.0,9500.0,-2626.5
2900.0,9500.0,-2615.6
3000.0,9500.0,-2623.8
3100.0,9500.0,-2620.1
3200.0,9500.0,-2621.5
3300.0,9500.0,-2615.3
3400.0,9500.0,-2621.3
3500.0,9500.0,-2613.8
3600.0,9500.0,-2609.7
3700.0,9500.0,-2609.3
3800.0,9500.0,-2609.4
3900.0,9500.0,-2603.4
4000.0,9500.0,-2600.9
4100.0,9500.0,-2595.3
4200.0,9500.0,-2592.7
4300.0,9500.0,-2586.8
4400.0,9500.0,-2582.5
4500.0,9500.0,-2579.1
4600.0,9500.0,-2572.9
4700.0,9500.0,-2565.3
4800.0,9500.0,-2555.6
4900.0,9500.0,-2551.0
5000.0,9500.0,-2542.0
5100.0,9500.0,-2528.0
5200.0,9500.0,-2530.4
5300.0,9500.0,-2523.0
5400.0,9500.0,-2519.6
5500.0,9500.0,-2511.3
5600.0,9500.0,-2497.3
5700.0,9500.0,-2490.1
5800.0,9500.0,-2487.5
5900.0,9500.0,-2483.5
6000.0,9500.0,-2478.9
6100.0,9500.0,-2469.9
6200.0,9500.0,-2463.7
6300.0,9500.0,-2458.0
6400.0,9500.0,-2455.6
6500.0,9500.0,-2452.2
6600.0,9500.0,-2447.2
6700.0,9500.0,-2451.4
6800.0,9500.0,-2440.4
6900.0,9500.0,-2447.6
7000.0,9500.0,-2436.9
7100.0,9500.0,-2438.4
7200.0,9500.0,-2435.4
7300.0,9500.0,-2433.9
7400.0,9500.0,-2432.6
7500.0,9500.0,-2434.5
7600.0,9500.0,-2434.0
7700.0,9500.0,-2434.6
7800.0,9500.0,-2431.9
7900.0,9500.0,-2430.1
8000.0,9500.0,-2422.8
8100.0,9500.0,-2426.9
8200.0,9500.0,-2424.5
8300.0,9500.0,-2418.6
8400.0,9500.0,-2420.0
8500.0,9500.0,-2419.3
8600.0,9500.0,-2414.3
8700.0,9500.0,-2418.2
8800.0,9500.0,-2408.3
8900.0,9500.0,-2412.2
9000.0,9500.0,-2398.8
9100.0,9500.0,-2405.1
9200.0,9500.0,-2402.9
9300.0,9500.0,-2399.0
9400.0,9500.0,-2392.3
9500.0,9500.0,-2388.5
9600.0,9500.0,-2389.5
9700.0,9500.0,-2386.1
9800.0,9500.0,-2383.4
9900.0,9500.0,-2381.4
10000.0,9500.0,-2377.8
10100.0,9500.0,-2378.4
10200.0,9500.0,-2373.9
10300.0,9500.0,-2375.4
10400.0,9500.0,-2377.9
10500.0,9500.0,-2380.2
10600.0,9500.0,-2373.2
10700.0,9500.0,-2378.9
10800.0,9500.0,-2374.4
10900.0,9500.0,-2381.8
11000.0,9500.0,-2378.2
11100.0,9500.0,-2380.7
11200.0,9500.0,-2383.3
11300.0,9500.0,-2385.9
11400.0,9500.0,-2386.7
11500.0,9500.0,-2388.1
11600.0,9500.0,-2394.7
11700.0,9500.0,-2393.0
11800.0,9500.0,-2391.1
11900.0,9500.0,-2395.7
12000.0,9500.0,-2392.5
12100.0,9500.0,-2396.5
12200.0,9500.0,-2404.8
12300.0,9500.0,-2405.8
12400.0,9500.0,-2408.6
12500.0,9500.0,-2415.1
12600.0,9500.0,-2417.9
12700.0,9500.0,-2422.2
12800.0,9500.0,-2424.1
12900.0,9500.0,-2431.6
13000.0,9500.0,-2423.2
13100.0,9500.0,-2434.0
13200.0,9500.0,-2431.4
13300.0,9500.0,-2443.6
13400.0,9500.0,-2444.2
13500.0,9500.0,-2444.9
13600.0,9500.0,-2449.8
13700.0,9500.0,-2452.5
13800.0,9500.0,-2458.5
13900.0,9500.0,-2458.6
14000.0,9500.0,-2462.1
14100.0,9500.0,-2466.7
14200.0,9500.0,-2472.4
14300.0,9500.0,-2474.2
14400.0,9500.0,-2470.7
14500.0,9500.0,-2469.1
14600.0,9500.0,-2472.4
14700.0,9500.0,-2480.3
14800.0,9500.0,-2485.7
14900.0,9500.0,-2488.1
15000.0,9500.0,-2486.4
15100.0,9500.0,-2491.5
15200.0,9500.0,-2499.2
15300.0,9500.0,-2503.8
15400.0,9500.0,-2507.8
15500.0,9500.0,-2512.0
15600.0,9500.0,-2510.3
15700.0,9500.0,-2513.4
15800.0,9500.0,-2515.9
15900.0,9500.0,-2519.1
16000.0,9500.0,-2527.6
16100.0,9500.0,-2533.8
16200.0,9500.0,-2531.7
16300.0,9500.0,-2537.2
16400.0,9500.0,-2540.5
16500.0,9500.0,-2542.9
16600.0,9500.0,-2546.3
16700.0,9500.0,-2553.7
16800.0,9500.0,-2560.6
16900.0,9500.0,-2559.9
17000.0,9500.0,-2565.5
17100.0,9500.0,-2567.1
17200.0,9500.0,-2577.2
17300.0,9500.0,-2569.2
17400.0,9500.0,-2578.4
17500.0,9500.0,-2579.6
17600.0,9500.0,-2582.9
17700.0,9500.0,-2585.5
17800.0,9500.0,-2591.9
17900.0,9500.0,-2591.3
18000.0,9500.0,-2597.4
18100.0,9500.0,-2589.8
18200.0,9500.0,-2594.3
18300.0,9500.0,-2600.3
18400.0,9500.0,-2601.7
18500.0,9500.0,-2600.2
18600.0,9500.0,-2595.8
18700.0,9500.0,-2596.6
18800.0,9500.0,-2599.4
18900.0,9500.0,-2594.2
19000.0,9500.0,-2598.4
19100.0,9500.0,-2599.7
19200.0,9500.0,-2595.2
19300.0,9500.0,-2594.9
19400.0,9500.0,-2596.2
19500.0,9500.0,-2590.9
19600.0,9500.0,-2586.2
19700.0,9500.0,-2587.9
19800.0,9500.0,-2592.3
19900.0,9500.0,-2582.9
20000.0,9500.0,-2584.6
0.0,9600.0,-2632.9
100.0,9600.0,-2633.8
200.0,9600.0,-2627.3
300.0,9600.0,-2628.7
400.0,9600.0,-2632.1
500.0,9600.0,-2629.1
600.0,9600.0,-2632.2
700.0,9600.0,-2628.6
800.0,9600.0,-2625.5
900.0,9600.0,-2633.0
1000.0,9600.0,-2631.6
1100.0,9600.0,-2630.2
1200.0,9600.0,-2627.5
1300.0,9600.0,-2630.6
1400.0,9600.0,-2625.4
1500.0,9600.0,-2625.5
1600.0,9600.0,-2628.0
1700.0,9600.0,-2624.5
1800.0,9600.0,-2618.4
1900.0,9600.0,-2626.2
2000.0,9600.0,-2622.1
2100.0,9600.0,-2618.6
2200.0,9600.0,-2620.9
2300.0,9600.0,-2625.0
2400.0,9600.0,-2616.8
2500.0,9600.0,-2623.4
2600.0,9600.0,-2615.9
2700.0,9600.0,-2619.6
2800.0,9600.0,-2617.7
2900.0,9600.0,-2614.8
3000.0,9600.0,-2618.9
3100.0,9600.0,-2618.6
3200.0,9600.0,-2620.7
3300.0,9600.0,-2613.8
3400.0,9600.0,-2612.7
3500.0,9600.0,-2610.6
3600.0,9600.0,-2608.1
3700.0,9600.0,-2607.7
3800.0,9600.0,-2606.3
3900.0,9600.0,-2605.9
4000.0,9600.0,-2602.3
4100.0,9600.0,-2587.4
4200.0,9600.0,-2592.1
4300.0,9600.0,-2585.1
4400.0,9600.0,-2575.8
4500.0,9600.0,-2574.5
4600.0,9600.0,-2569.6
4700.0,9600.0,-2564.1
4800.0,9600.0,-2556.3
4900.0,9600.0,-2542.8
5000.0,9600.0,-2535.4
5100.0,9600.0,-2535.7
5200.0,9600.0,-2522.1
5300.0,9600.0,-2519.5
5400.0,9600.0,-2513.1
5500.0,9600.0,-2505.2
5600.0,9600.0,-2496.4
5700.0,9600.0,-2489.9
5800.0,9600.0,-2484.1
5900.0,9600.0,-2482.6
6000.0,9600.0,-2475.6
6100.0,9600.0,-2467.3
6200.0,9600.0,-2464.1
6300.0,9600.0,-2464.8
6400.0,9600.0,-2455.9
6500.0,9600.0,-2449.0
6600.0,9600.0,-2440.3
6700.0,9600.0,-2442.6
6800.0,9600.0,-2435.0
6900.0,9600.0,-2436.1
7000.0,9600.0,-2435.8
7100.0,9600.0,-2432.2
7200.0,9600.0,-2431.2
7300.0,9600.0,-2429.4
7400.0,9600.0,-2429.8
7500.0,9600.0,-2431.5
7600.0,9600.0,-2421.8
7700.0,9600.0,-2424.9
7800.0,9600.0,-2424.6
7900.0,9600.0,-2421.4
8000.0,9600.0,-2425.3
8100.0,9600.0,-2420.9
8200.0,9600.0,-2417.3
8300.0,9600.0,-2414.0
8400.0,9600.0,-2417.2
8500.0,9600.0,-2413.2
8600.0,9600.0,-2406.1
8700.0,9600.0,-2407.8
8800.0,9600.0,-2404.9
8900.0,9600.0,-2404.1
9000.0,9600.0,-2403.6
9100.0,9600.0,-2400.4
9200.0,9600.0,-2397.9
9300.0,9600.0,-2387.5
9400.0,9600.0,-2391.7
9500.0,9600.0,-2381.5
9600.0,9600.0,-2385.5
9700.0,9600.0,-2382.5
9800.0,9600.0,-2381.6
9900.0,9600.0,-2376.9
10000.0,9600.0,-2378.3
10100.0,9600.0,-2372.0
10200.0,9600.0,-2372.2
10300.0,9600.0,-2372.1
10400.0,9600.0,-2374.5
10500.0,9600.0,-2365.7
10600.0,9600.0,-2369.9
10700.0,9600.0,-2372.6
10800.0,9600.0,-2372.6
10900.0,9600.0,-2372.0
11000.0,9600.0,-2376.4
11100.0,9600.0,-2374.1
11200.0,9600.0,-2382.0
11300.0,9600.0,-2376.9
11400.0,9600.0,-2372.4
11500.0,9600.0,-2383.5
11600.0,9600.0,-2383.8
11700.0,9600.0,-2381.4
11800.0,9600.0,-2390.1
11900.0,9600.0,-2394.2
12000.0,9600.0,-2395.5
12100.0,9600.0,-2397.5
12200.0,9600.0,-2404.9
12300.0,9600.0,-2405.9
12400.0,9600.0,-2404.5
12500.0,9600.0,-2412.7
12600.0,9600.0,-2415.5
12700.0,9600.0,-2415.9
12800.0,9600.0,-2419.3
12900.0,9600.0,-2424.9
13000.0,9600.0,-2423.1
13100.0,9600.0,-2430.2
13200.0,9600.0,-2435.8
13300.0,9600.0,-2435.4
13400.0,9600.0,-2438.2
13500.0,9600.0,-2442.8
13600.0,9600.0,-2449.8
13700.0,9600.0,-2450.0
13800.0,9600.0,-2459.0
13900.0,9600.0,-2461.1
14000.0,9600.0,-2460.7
14100.0,9600.0,-2465.4
14200.0,9600.0,-2465.9
14300.0,9600.0,-2476.1
14400.0,9600.0,-2473.5
14500.0,9600.0,-2476.8
14600.0,9600.0,-2473.1
14700.0,9600.0,-2481.7
14800.0,9600.0,-2489.3
14900.0,9600.0,-2486.3
15000.0,9600.0,-2488.6
15100.0,9600.0,-2492.4
15200.0,9600.0,-2501.6
15300.0,9600.0,-2502.8
15400.0,9600.0,-2503.9
15500.0,9600.0,-2501.5
15600.0,9600.0,-2504.3
15700.0,9600.0,-2513.2
15800.0,9600.0,-2515.2
15900.0,9600.0,-2516.6
16000.0,9600.0,-2522.2
16100.0,9600.0,-2519.6
16200.0,9600.0,-2529.8
16300.0,9600.0,-2533.3
16400.0,9600.0,-2530.7
16500.0,9600.0,-2542.7
16600.0,9600.0,-2536.1
16700.0,9600.0,-2547.5
16800.0,9600.0,-2555.1
16900.0,9600.0,-2557.3
17000.0,9600.0,-2560.0
17100.0,9600.0,-2561.0
17200.0,9600.0,-2563.8
17300.0,9600.0,-2572.9
17400.0,9600.0,-2575.5
17500.0,9600.0,-2568.5
17600.0,9600.0,-2578.5
17700.0,9600.0,-2580.5
17800.0,9600.0,-2586.5
17900.0,9600.0,-2586.6
18000.0,9600.0,-2596.3
18100.0,9600.0,-2590.7
18200.0,9600.0,-2592.9
18300.0,9600.0,-2596.4
18400.0,9600.0,-2597.4
18500.0,9600.0,-2592.9
18600.0,9600.0,-2594.3
18700.0,9600.0,-2598.5
18800.0,9600.0,-2597.5
18900.0,9600.0,-2597.4
19000.0,9600.0,-2593.5
19100.0,9600.0,-2597.7
19200.0,9600.0,-2592.6
19300.0,9600.0,-2589.6
19400.0,9600.0,-2587.7
19500.0,9600.0,-2588.0
19600.0,9600.0,-2592.5
19700.0,9600.0,-2585.2
19800.0,9600.0,-2578.5
19900.0,9600.0,-2576.8
20000.0,9600.0,-2579.9
0.0,9700.0,-2622.3
100.0,9700.0,-2622.6
200.0,9700.0,-2625.8
300.0,9700.0,-2630.0
400.0,9700.0,-2634.4
500.0,9700.0,-2630.9
600.0,9700.0,-2626.9
700.0,9700.0,-2627.5
800.0,9700.0,-2629.9
900.0,9700.0,-2624.5
1000.0,9700.0,-2623.2
1100.0,9700.0,-2619.7
1200.0,9700.0,-2627.3
1300.0,9700.0,-2625.6
1400.0,9700.0,-2625.7
1500.0,9700.0,-2630.2
1600.0,9700.0,-2622.2
1700.0,9700.0,-2621.6
1800.0,9700.0,-2619.9
1900.0,9700.0,-2616.1
2000.0,9700.0,-2621.4
2100.0,9700.0,-2621.6
2200.0,9700.0,-2611.7
2300.0,9700.0,-2616.2
2400.0,9700.0,-2621.6
2500.0,9700.0,-2613.7
2600.0,9700.0,-2611.1
2700.0,9700.0,-2619.5
2800.0,9700.0,-2611.6
2900.0,9700.0,-2612.4
3000.0,9700.0,-2616.5
3100.0,9700.0,-2616.1
3200.0,9700.0,-2614.5
3300.0,9700.0,-2614.6
3400.0,9700.0,-2611.8
3500.0,9700.0,-2607.0
3600.0,9700.0,-2612.0
3700.0,9700.0,-2606.6
3800.0,9700.0,-2606.2
3900.0,9700.0,-2599.1
4000.0,9700.0,-2598.2
4100.0,9700.0,-2590.1
4200.0,9700.0,-2588.3
4300.0,9700.0,-2581.7
4400.0,9700.0,-2578.2
4500.0,9700.0,-2568.3
4600.0,9700.0,-2566.0
4700.0,9700.0,-2561.2
4800.0,9700.0,-2553.3
4900.0,9700.0,-2544.0
5000.0,9700.0,-2538.6
5100.0,9700.0,-2530.2
5200.0,9700.0,-2526.2
5300.0,9700.0,-2512.6
5400.0,9700.0,-2507.6
5500.0,9700.0,-2503.2
5600.0,9700.0,-2495.8
5700.0,9700.0,-2494.1
5800.0,9700.0,-2480.7
5900.0,9700.0,-2479.6
6000.0,9700.0,-2470.0
6100.0,9700.0,-2457.9
6200.0,9700.0,-2464.2
6300.0,9700.0,-2454.6
6400.0,9700.0,-2444.2
6500.0,9700.0,-2441.8
6600.0,9700.0,-2441.3
6700.0,9700.0,-2440.9
6800.0,9700.0,-2433.3
6900.0,9700.0,-2433.0
7000.0,9700.0,-2427.4
7100.0,9700.0,-2424.6
7200.0,9700.0,-2427.9
7300.0,9700.0,-2419.6
7400.0,9700.0,-2424.4
7500.0,9700.0,-2422.9
7600.0,9700.0,-2421.8
7700.0,9700.0,-2427.5
7800.0,9700.0,-2418.8
7900.0,9700.0,-2414.1
8000.0,9700.0,-2418.6
8100.0,9700.0,-2408.8
8200.0,9700.0,-2411.4
8300.0,9700.0,-2413.7
8400.0,9700.0,-2405.9
8500.0,9700.0,-2405.3
8600.0,9700.0,-2407.1
8700.0,9700.0,-2404.2
8800.0,9700.0,-2400.7
8900.0,9700.0,-2401.7
9000.0,9700.0,-2399.7
9100.0,9700.0,-2395.4
9200.0,9700.0,-2389.4
9300.0,9700.0,-2388.6
9400.0,9700.0,-2382.0
9500.0,9700.0,-2380.3
9600.0,9700.0,-2384.3
9700.0,9700.0,-2380.0
9800.0,9700.0,-2376.5
9900.0,9700.0,-2377.1
10000.0,9700.0,-2372.2
10100.0,9700.0,-2368.9
10200.0,9700.0,-2370.9
10300.0,9700.0,-2366.7
10400.0,9700.0,-2365.7
10500.0,9700.0,-2365.4
10600.0,9700.0,-2368.9
10700.0,9700.0,-2368.5
10800.0,9700.0,-2375.5
10900.0,9700.0,-2371.0
11000.0,9700.0,-2372.4
11100.0,9700.0,-2372.9
11200.0,9700.0,-2373.9
11300.0,9700.0,-2371.0
11400.0,9700.0,-2378.0
11500.0,9700.0,-2380.5
11600.0,9700.0,-2376.5
11700.0,9700.0,-2382.9
11800.0,9700.0,-2392.3
11900.0,9700.0,-2392.9
12000.0,9700.0,-2392.0
12100.0,9700.0,-2394.0
12200.0,9700.0,-2398.2
12300.0,9700.0,-2401.1
12400.0,9700.0,-2408.7
12500.0,9700.0,-2410.8
12600.0,9700.0,-2410.9
12700.0,9700.0,-2414.8
12800.0,9700.0,-2421.3
12900.0,9700.0,-2424.8
13000.0,9700.0,-2426.6
13100.0,9700.0,-2427.4
13200.0,9700.0,-2428.2
13300.0,9700.0,-2436.6
13400.0,9700.0,-2440.8
13500.0,9700.0,-2444.2
13600.0,9700.0,-2449.0
13700.0,9700.0,-2451.6
13800.0,9700.0,-2453.8
13900.0,9700.0,-2458.6
14000.0,9700.0,-2455.7
14100.0,9700.0,-2458.8
14200.0,9700.0,-2465.3
14300.0,9700.0,-2467.4
14400.0,9700.0,-2471.9
14500.0,9700.0,-2473.5
14600.0,9700.0,-2477.7
14700.0,9700.0,-2483.4
14800.0,9700.0,-2478.5
14900.0,9700.0,-2485.5
15000.0,9700.0,-2487.9
15100.0,9700.0,-2490.2
15200.0,9700.0,-2494.8
15300.0,9700.0,-2497.3
15400.0,9700.0,-2500.4
15500.0,9700.0,-2501.8
15600.0,9700.0,-2508.6
15700.0,9700.0,-2509.8
15800.0,9700.0,-2510.8
15900.0,9700.0,-2514.9
16000.0,9700.0,-2517.7
16100.0,9700.0,-2523.0
16200.0,9700.0,-2527.3
16300.0,9700.0,-2532.5
16400.0,9700.0,-2529.5
16500.0,9700.0,-2535.5
16600.0,9700.0,-2542.0
16700.0,9700.0,-2541.7
16800.0,9700.0,-2547.5
16900.0,9700.0,-2549.6
17000.0,9700.0,-2558.2
17100.0,9700.0,-2555.1
17200.0,9700.0,-2564.2
17300.0,9700.0,-2563.6
17400.0,9700.0,-2569.9
17500.0,9700.0,-2571.9
17600.0,9700.0,-2579.4
17700.0,9700.0,-2580.2
17800.0,9700.0,-2579.9
17900.0,9700.0,-2582.6
18000.0,9700.0,-2589.4
18100.0,9700.0,-2590.1
18200.0,9700.0,-2588.4
18300.0,9700.0,-2590.3
18400.0,9700.0,-2588.4
18500.0,9700.0,-2594.4
18600.0,9700.0,-2596.9
18700.0,9700.0,-2595.4
18800.0,9700.0,-2593.0
18900.0,9700.0,-2595.8
19000.0,9700.0,-2589.0
19100.0,9700.0,-2594.5
19200.0,9700.0,-2585.8
19300.0,9700.0,-2590.9
19400.0,9700.0,-2592.3
19500.0,9700.0,-2582.0
19600.0,9700.0,-2580.4
19700.0,9700.0,-2579.9
19800.0,9700.0,-2579.2
19900.0,9700.0,-2577.4
20000.0,9700.0,-2578.4
0.0,9800.0,-2623.2
100.0,9800.0,-2620.2
200.0,9800.0,-2624.8
300.0,9800.0,-2627.3
400.0,9800.0,-2620.7
500.0,9800.0,-2629.0
600.0,9800.0,-2627.5
700.0,9800.0,-2624.2
800.0,9800.0,-2632.6
900.0,9800.0,-2631.5
1000.0,9800.0,-2623.2
1100.0,9800.0,-2627.7
1200.0,9800.0,-2620.3
1300.0,9800.0,-2616.5
1400.0,9800.0,-2619.2
1500.0,9800.0,-2624.7
1600.0,9800.0,-2618.0
1700.0,9800.0,-2628.3
1800.0,9800.0,-2623.1
1900.0,9800.0,-2619.1
2000.0,9800.0,-2614.6
2100.0,9800.0,-2620.4
2200.0,9800.0,-2617.0
2300.0,9800.0,-2615.6
2400.0,9800.0,-2616.0
2500.0,9800.0,-2610.1
2600.0,9800.0,-2616.2
2700.0,9800.0,-2615.3
2800.0,9800.0,-2617.9
2900.0,9800.0,-2615.1
3000.0,9800.0,-2616.2
3100.0,9800.0,-2611.3
3200.0,9800.0,-2613.6
3300.0,9800.0,-2612.1
3400.0,9800.0,-2613.8
3500.0,9800.0,-2608.2
3600.0,9800.0,-2606.6
3700.0,9800.0,-2599.8
3800.0,9800.0,-2601.1
3900.0,9800.0,-2597.8
4000.0,9800.0,-2591.9
4100.0,9800.0,-2595.7
4200.0,9800.0,-2586.5
4300.0,9800.0,-2579.8
4400.0,9800.0,-2574.7
4500.0,9800.0,-2570.6
4600.0,9800.0,-2564.9
4700.0,9800.0,-2564.5
4800.0,9800.0,-2551.2
4900.0,9800.0,-2544.4
5000.0,9800.0,-2537.0
5100.0,9800.0,-2533.2
5200.0,9800.0,-2520.6
5300.0,9800.0,-2518.9
5400.0,9800.0,-2503.3
5500.0,9800.0,-2501.7
5600.0,9800.0,-2496.2
5700.0,9800.0,-2487.6
5800.0,9800.0,-2485.0
5900.0,9800.0,-2474.1
6000.0,9800.0,-2462.9
6100.0,9800.0,-2464.6
6200.0,9800.0,-2457.0
6300.0,9800.0,-2449.0
6400.0,9800.0,-2443.5
6500.0,9800.0,-2440.5
6600.0,9800.0,-2435.3
6700.0,9800.0,-2437.2
6800.0,9800.0,-2434.9
6900.0,9800.0,-2426.9
7000.0,9800.0,-2423.7
7100.0,9800.0,-2424.4
7200.0,9800.0,-2418.7
7300.0,9800.0,-2418.5
7400.0,9800.0,-2422.3
7500.0,9800.0,-2416.9
7600.0,9800.0,-2415.3
7700.0,9800.0,-2420.4
7800.0,9800.0,-2412.6
7900.0,9800.0,-2409.8
8000.0,9800.0,-2412.1
8100.0,9800.0,-2409.7
8200.0,9800.0,-2413.6
8300.0,9800.0,-2406.5
8400.0,9800.0,-2402.4
8500.0,9800.0,-2401.9
8600.0,9800.0,-2394.3
8700.0,9800.0,-2397.0
8800.0,9800.0,-2396.5
8900.0,9800.0,-2393.1
9000.0,9800.0,-2395.4
9100.0,9800.0,-2387.4
9200.0,9800.0,-2384.1
9300.0,9800.0,-2382.6
9400.0,9800.0,-2376.8
9500.0,9800.0,-2381.5
9600.0,9800.0,-2371.6
9700.0,9800.0,-2374.0
9800.0,9800.0,-2367.8
9900.0,9800.0,-2374.7
10000.0,9800.0,-2370.6
10100.0,9800.0,-2365.9
10200.0,9800.0,-2362.4
10300.0,9800.0,-2363.3
10400.0,9800.0,-2365.5
10500.0,9800.0,-2361.1
10600.0,9800.0,-2360.8
10700.0,9800.0,-2363.9
10800.0,9800.0,-2360.2
10900.0,9800.0,-2359.9
11000.0,9800.0,-2367.3
11100.0,9800.0,-2366.6
11200.0,9800.0,-2366.5
11300.0,9800.0,-2371.5
11400.0,9800.0,-2374.0
11500.0,9800.0,-2377.0
11600.0,9800.0,-2377.1
11700.0,9800.0,-2373.5
11800.0,9800.0,-2383.3
11900.0,9800.0,-2383.1
12000.0,9800.0,-2385.8
12100.0,9800.0,-2389.6
12200.0,9800.0,-2392.9
12300.0,9800.0,-2395.8
12400.0,9800.0,-2403.2
12500.0,9800.0,-2406.3
12600.0,9800.0,-2412.9
12700.0,9800.0,-2415.4
12800.0,9800.0,-2416.7
12900.0,9800.0,-2420.6
13000.0,9800.0,-2423.0
13100.0,9800.0,-2422.9
13200.0,9800.0,-2429.9
13300.0,9800.0,-2430.9
13400.0,9800.0,-2432.8
13500.0,9800.0,-2438.8
13600.0,9800.0,-2440.5
13700.0,9800.0,-2445.4
13800.0,9800.0,-2454.0
13900.0,9800.0,-2457.3
14000.0,9800.0,-2459.5
14100.0,9800.0,-2463.7
14200.0,9800.0,-2461.3
14300.0,9800.0,-2469.5
14400.0,9800.0,-2470.3
14500.0,9800.0,-2474.9
14600.0,9800.0,-2478.4
14700.0,9800.0,-2478.5
14800.0,9800.0,-2484.0
14900.0,9800.0,-2486.7
15000.0,9800.0,-2490.9
15100.0,9800.0,-2492.5
15200.0,9800.0,-2493.9
15300.0,9800.0,-2494.7
15400.0,9800.0,-2499.9
15500.0,9800.0,-2502.0
15600.0,9800.0,-2506.1
15700.0,9800.0,-2509.9
15800.0,9800.0,-2512.5
15900.0,9800.0,-2510.0
16000.0,9800.0,-2521.9
16100.0,9800.0,-2521.6
16200.0,9800.0,-2520.5
16300.0,9800.0,-2530.6
16400.0,9800.0,-2533.7
16500.0,9800.0,-2537.6
16600.0,9800.0,-2534.5
16700.0,9800.0,-2542.9
16800.0,9800.0,-2541.9
16900.0,9800.0,-2552.0
17000.0,9800.0,-2552.6
17100.0,9800.0,-2565.5
17200.0,9800.0,-2562.9
17300.0,9800.0,-2560.6
17400.0,9800.0,-2569.9
17500.0,9800.0,-2569.0
17600.0,9800.0,-2575.5
17700.0,9800.0,-2574.5
17800.0,9800.0,-2577.6
17900.0,9800.0,-2585.3
18000.0,9800.0,-2583.3
18100.0,9800.0,-2583.2
18200.0,9800.0,-2587.1
18300.0,9800.0,-2591.0
18400.0,9800.0,-2591.2
18500.0,9800.0,-2596.1
18600.0,9800.0,-2582.4
18700.0,9800.0,-2593.2
18800.0,9800.0,-2586.8
18900.0,9800.0,-2592.7
19000.0,9800.0,-2587.5
19100.0,9800.0,-2586.6
19200.0,9800.0,-2592.9
19300.0,9800.0,-2588.8
19400.0,9800.0,-2580.7
19500.0,9800.0,-2584.6
19600.0,9800.0,-2584.1
19700.0,9800.0,-2575.7
19800.0,9800.0,-2573.7
19900.0,9800.0,-2571.4
20000.0,9800.0,-2571.2
0.0,9900.0,-2619.9
100.0,9900.0,-2623.7
200.0,9900.0,-2626.7
300.0,9900.0,-2621.4
400.0,9900.0,-2627.1
500.0,9900.0,-2629.0
600.0,9900.0,-2623.3
700.0,9900.0,-2625.7
800.0,9900.0,-2622.9
900.0,9900.0,-2625.8
1000.0,9900.0,-2623.7
1100.0,9900.0,-2622.6
1200.0,9900.0,-2621.9
1300.0,9900.0,-2623.5
1400.0,9900.0,-2625.7
1500.0,9900.0,-2615.6
1600.0,9900.0,-2614.9
1700.0,9900.0,-2614.4
1800.0,9900.0,-2619.3
1900.0,9900.0,-2621.0
2000.0,9900.0,-2613.7
2100.0,9900.0,-2617.8
2200.0,9900.0,-2617.6
2300.0,9900.0,-2616.2
2400.0,9900.0,-2617.5
2500.0,9900.0,-2617.1
2600.0,9900.0,-2616.8
2700.0,9900.0,-2616.4
2800.0,9900.0,-2616.3
2900.0,9900.0,-2609.6
3000.0,9900.0,-2613.9
3100.0,9900.0,-2614.6
3200.0,9900.0,-2615.0
3300.0,9900.0,-2611.9
3400.0,9900.0,-2605.3
3500.0,9900.0,-2605.9
3600.0,9900.0,-2603.7
3700.0,9900.0,-2604.1
3800.0,9900.0,-2596.0
3900.0,9900.0,-2598.5
4000.0,9900.0,-2593.0
4100.0,9900.0,-2586.9
4200.0,9900.0,-2586.8
4300.0,9900.0,-2583.0
4400.0,9900.0,-2577.0
4500.0,9900.0,-2571.0
4600.0,9900.0,-2568.8
4700.0,9900.0,-2557.6
4800.0,9900.0,-2547.6
4900.0,9900.0,-2544.7
5000.0,9900.0,-2538.2
5100.0,9900.0,-2527.4
5200.0,9900.0,-2519.4
5300.0,9900.0,-2511.0
5400.0,9900.0,-2507.3
5500.0,9900.0,-2504.9
5600.0,9900.0,-2493.6
5700.0,9900.0,-2481.8
5800.0,9900.0,-2480.0
5900.0,9900.0,-2472.0
6000.0,9900.0,-2460.2
6100.0,9900.0,-2454.0
6200.0,9900.0,-2449.1
6300.0,9900.0,-2449.2
6400.0,9900.0,-2444.5
6500.0,9900.0,-2440.2
6600.0,9900.0,-2433.5
6700.0,9900.0,-2432.3
6800.0,9900.0,-2432.2
6900.0,9900.0,-2427.6
7000.0,9900.0,-2422.4
7100.0,9900.0,-2421.1
7200.0,9900.0,-2417.8
7300.0,9900.0,-2416.7
7400.0,9900.0,-2412.8
7500.0,9900.0,-2418.2
7600.0,9900.0,-2413.4
7700.0,9900.0,-2412.3
7800.0,9900.0,-2409.4
7900.0,9900.0,-2407.1
8000.0,9900.0,-2414.8
8100.0,9900.0,-2406.8
8200.0,9900.0,-2403.1
8300.0,9900.0,-2402.4
8400.0,9900.0,-2398.5
8500.0,9900.0,-2395.4
8600.0,9900.0,-2398.2
8700.0,9900.0,-2396.0
8800.0,9900.0,-2388.3
8900.0,9900.0,-2395.7
9000.0,9900.0,-2391.1
9100.0,9900.0,-2380.3
9200.0,9900.0,-2385.5
9300.0,9900.0,-2379.1
9400.0,9900.0,-2383.0
9500.0,9900.0,-2374.6
9600.0,9900.0,-2375.5
9700.0,9900.0,-2375.4
9800.0,9900.0,-2366.1
9900.0,9900.0,-2368.3
10000.0,9900.0,-2365.7
10100.0,9900.0,-2363.8
10200.0,9900.0,-2363.0
10300.0,9900.0,-2359.6
10400.0,9900.0,-2357.5
10500.0,9900.0,-2352.6
10600.0,9900.0,-2353.7
10700.0,9900.0,-2355.5
10800.0,9900.0,-2362.5
10900.0,9900.0,-2362.5
11000.0,9900.0,-2359.7
11100.0,9900.0,-2355.4
11200.0,9900.0,-2362.3
11300.0,9900.0,-2362.7
11400.0,9900.0,-2367.2
11500.0,9900.0,-2370.3
11600.0,9900.0,-2371.3
11700.0,9900.0,-2377.3
11800.0,9900.0,-2376.3
11900.0,9900.0,-2377.9
12000.0,9900.0,-2386.8
12100.0,9900.0,-2384.9
12200.0,9900.0,-2387.9
12300.0,9900.0,-2396.7
12400.0,9900.0,-2396.1
12500.0,9900.0,-2403.2
12600.0,9900.0,-2406.2
12700.0,9900.0,-2409.3
12800.0,9900.0,-2413.5
12900.0,9900.0,-2414.0
13000.0,9900.0,-2415.7
13100.0,9900.0,-2428.4
13200.0,9900.0,-2427.8
13300.0,9900.0,-2435.0
13400.0,9900.0,-2433.0
13500.0,9900.0,-2443.7
13600.0,9900.0,-2442.4
13700.0,9900.0,-2446.5
13800.0,9900.0,-2452.6
13900.0,9900.0,-2451.2
14000.0,9900.0,-2458.6
14100.0,9900.0,-2457.6
14200.0,9900.0,-2465.3
14300.0,9900.0,-2468.9
14400.0,9900.0,-2463.2
14500.0,9900.0,-2469.2
14600.0,9900.0,-2474.4
14700.0,9900.0,-2479.3
14800.0,9900.0,-2481.0
14900.0,9900.0,-2483.6
15000.0,9900.0,-2488.5
15100.0,9900.0,-2495.8
15200.0,9900.0,-2490.6
15300.0,9900.0,-2495.3
15400.0,9900.0,-2496.3
15500.0,9900.0,-2497.9
15600.0,9900.0,-2504.5
15700.0,9900.0,-2506.9
15800.0,9900.0,-2514.2
15900.0,9900.0,-2515.3
16000.0,9900.0,-2519.1
16100.0,9900.0,-2524.6
16200.0,9900.0,-2524.2
16300.0,9900.0,-2524.1
16400.0,9900.0,-2529.9
16500.0,9900.0,-2533.2
16600.0,9900.0,-2540.3
16700.0,9900.0,-2538.0
16800.0,9900.0,-2543.4
16900.0,9900.0,-2548.7
17000.0,9900.0,-2557.9
17100.0,9900.0,-2561.9
17200.0,9900.0,-2557.3
17300.0,9900.0,-2563.4
17400.0,9900.0,-2561.7
17500.0,9900.0,-2566.8
17600.0,9900.0,-2568.7
17700.0,9900.0,-2578.0
17800.0,9900.0,-2577.6
17900.0,9900.0,-2579.6
18000.0,9900.0,-2584.1
18100.0,9900.0,-2582.3
18200.0,9900.0,-2578.1
18300.0,9900.0,-2585.6
18400.0,9900.0,-2584.1
18500.0,9900.0,-2581.3
18600.0,9900.0,-2585.7
18700.0,9900.0,-2586.0
18800.0,9900.0,-2584.7
18900.0,9900.0,-2586.4
19000.0,9900.0,-2588.4
19100.0,9900.0,-2577.7
19200.0,9900.0,-2585.8
19300.0,9900.0,-2581.6
19400.0,9900.0,-2580.9
19500.0,9900.0,-2575.0
19600.0,9900.0,-2580.8
19700.0,9900.0,-2574.1
19800.0,9900.0,-2573.4
19900.0,9900.0,-2571.9
20000.0,9900.0,-2567.7
0.0,10000.0,-2619.5
100.0,10000.0,-2621.6
200.0,10000.0,-2623.6
300.0,10000.0,-2622.4
400.0,10000.0,-2622.4
500.0,10000.0,-2621.4
600.0,10000.0,-2623.6
700.0,10000.0,-2623.2
800.0,10000.0,-2622.7
900.0,10000.0,-2617.6
1000.0,10000.0,-2624.6
1100.0,10000.0,-2621.6
1200.0,10000.0,-2615.5
1300.0,10000.0,-2616.8
1400.0,10000.0,-2618.2
1500.0,10000.0,-2619.8
1600.0,10000.0,-2615.4
1700.0,10000.0,-2621.5
1800.0,10000.0,-2622.1
1900.0,10000.0,-2616.0
2000.0,10000.0,-2612.8
2100.0,10000.0,-2611.5
2200.0,10000.0,-2615.2
2300.0,10000.0,-2612.6
2400.0,10000.0,-2614.4
2500.0,10000.0,-2614.6
2600.0,10000.0,-2618.7
2700.0,10000.0,-2614.0
2800.0,10000.0,-2611.7
2900.0,10000.0,-2618.3
3000.0,10000.0,-2610.7
3100.0,10000.0,-2615.5
3200.0,10000.0,-2607.8
3300.0,10000.0,-2602.3
3400.0,10000.0,-2605.8
3500.0,10000.0,-2607.3
3600.0,10000.0,-2604.0
3700.0,10000.0,-2598.3
3800.0,10000.0,-2603.6
3900.0,10000.0,-2593.3
4000.0,10000.0,-2595.8
4100.0,10000.0,-2587.2
4200.0,10000.0,-2585.3
4300.0,10000.0,-2579.1
4400.0,10000.0,-2574.3
4500.0,10000.0,-2566.7
4600.0,10000.0,-2564.7
4700.0,10000.0,-2551.9
4800.0,10000.0,-2550.6
4900.0,10000.0,-2544.6
5000.0,10000.0,-2535.6
5100.0,10000.0,-2527.4
5200.0,10000.0,-2519.4
5300.0,10000.0,-2507.5
5400.0,10000.0,-2506.6
5500.0,10000.0,-2496.5
5600.0,10000.0,-2487.4
5700.0,10000.0,-2483.1
5800.0,10000.0,-2478.5
5900.0,10000.0,-2467.9
6000.0,10000.0,-2458.3
6100.0,10000.0,-2459.8
6200.0,10000.0,-2447.1
6300.0,10000.0,-2442.7
6400.0,10000.0,-2443.3
6500.0,10000.0,-2436.1
6600.0,10000.0,-2430.7
6700.0,10000.0,-2428.0
6800.0,10000.0,-2426.4
6900.0,10000.0,-2409.0
7000.0,10000.0,-2415.1
7100.0,10000.0,-2423.4
7200.0,10000.0,-2409.8
7300.0,10000.0,-2414.2
7400.0,10000.0,-2411.8
7500.0,10000.0,-2410.0
7600.0,10000.0,-2409.9
7700.0,10000.0,-2410.8
7800.0,10000.0,-2405.3
7900.0,10000.0,-2406.5
8000.0,10000.0,-2401.6
8100.0,10000.0,-2390.9
8200.0,10000.0,-2398.7
8300.0,10000.0,-2401.0
8400.0,10000.0,-2397.2
8500.0,10000.0,-2393.9
8600.0,10000.0,-2394.5
8700.0,10000.0,-2395.5
8800.0,10000.0,-2383.6
8900.0,10000.0,-2383.6
9000.0,10000.0,-2384.0
9100.0,10000.0,-2383.6
9200.0,10000.0,-2381.2
9300.0,10000.0,-2380.0
9400.0,10000.0,-2380.5
9500.0,10000.0,-2370.3
9600.0,10000.0,-2370.1
9700.0,10000.0,-2362.9
9800.0,10000.0,-2364.1
9900.0,10000.0,-2358.2
10000.0,10000.0,-2361.5
10100.0,10000.0,-2357.8
10200.0,10000.0,-2357.9
10300.0,10000.0,-2359.9
10400.0,10000.0,-2355.1
10500.0,10000.0,-2358.7
10600.0,10000.0,-2358.7
10700.0,10000.0,-2353.0
10800.0,10000.0,-2353.3
10900.0,10000.0,-2359.3
11000.0,10000.0,-2357.5
11100.0,10000.0,-2358.2
11200.0,10000.0,-2363.1
11300.0,10000.0,-2367.2
11400.0,10000.0,-2366.5
11500.0,10000.0,-2364.3
11600.0,10000.0,-2365.7
11700.0,10000.0,-2363.2
11800.0,10000.0,-2378.5
11900.0,10000.0,-2375.6
12000.0,10000.0,-2378.8
12100.0,10000.0,-2380.7
12200.0,10000.0,-2388.0
12300.0,10000.0,-2383.3
12400.0,10000.0,-2392.1
12500.0,10000.0,-2397.8
12600.0,10000.0,-2400.2
12700.0,10000.0,-2398.8
12800.0,10000.0,-2410.1
12900.0,10000.0,-2413.1
13000.0,10000.0,-2419.7
13100.0,10000.0,-2419.8
13200.0,10000.0,-2418.6
13300.0,10000.0,-2431.6
13400.0,10000.0,-2437.6
13500.0,10000.0,-2434.8
13600.0,10000.0,-2441.4
13700.0,10000.0,-2445.6
13800.0,10000.0,-2449.6
13900.0,10000.0,-2454.9
14000.0,10000.0,-2455.6
14100.0,10000.0,-2457.5
14200.0,10000.0,-2462.5
14300.0,10000.0,-2462.1
14400.0,10000.0,-2466.4
14500.0,10000.0,-2464.8
14600.0,10000.0,-2473.8
14700.0,10000.0,-2480.7
14800.0,10000.0,-2474.3
14900.0,10000.0,-2476.4
15000.0,10000.0,-2487.0
15100.0,10000.0,-2486.9
15200.0,10000.0,-2491.6
15300.0,10000.0,-2495.3
15400.0,10000.0,-2501.4
15500.0,10000.0,-2499.2
15600.0,10000.0,-2500.4
15700.0,10000.0,-2503.9
15800.0,10000.0,-2513.6
15900.0,10000.0,-2512.4
16000.0,10000.0,-2517.2
16100.0,10000.0,-2517.2
16200.0,10000.0,-2523.5
16300.0,10000.0,-2525.8
16400.0,10000.0,-2532.8
16500.0,10000.0,-2527.3
16600.0,10000.0,-2531.8
16700.0,10000.0,-2541.1
16800.0,10000.0,-2549.6
16900.0,10000.0,-2549.2
17000.0,10000.0,-2550.4
17100.0,10000.0,-2555.5
17200.0,10000.0,-2557.1
17300.0,10000.0,-2561.7
17400.0,10000.0,-2564.8
17500.0,10000.0,-2563.8
17600.0,10000.0,-2571.2
17700.0,10000.0,-2570.4
17800.0,10000.0,-2579.0
17900.0,10000.0,-2580.6
18000.0,10000.0,-2581.2
18100.0,10000.0,-2585.9
18200.0,10000.0,-2579.9
18300.0,10000.0,-2579.7
18400.0,10000.0,-2580.9
18500.0,10000.0,-2587.0
18600.0,10000.0,-2582.2
18700.0,10000.0,-2582.5
18800.0,10000.0,-2583.9
18900.0,10000.0,-2574.3
19000.0,10000.0,-2582.1
19100.0,10000.0,-2579.5
19200.0,10000.0,-2580.7
19300.0,10000.0,-2572.7
19400.0,10000.0,-2571.4
19500.0,10000.0,-2576.5
19600.0,10000.0,-2569.2
19700.0,10000.0,-2573.9
19800.0,10000.0,-2566.8
19900.0,10000.0,-2568.6
20000.0,10000.0,-2566.3
0.0,10100.0,-2621.6
100.0,10100.0,-2622.2
200.0,10100.0,-2623.3
300.0,10100.0,-2624.8
400.0,10100.0,-2620.7
500.0,10100.0,-2623.5
600.0,10100.0,-2618.7
700.0,10100.0,-2623.6
800.0,10100.0,-2619.1
900.0,10100.0,-2624.3
1000.0,10100.0,-2619.6
1100.0,10100.0,-2620.5
1200.0,10100.0,-2618.1
1300.0,10100.0,-2625.5
1400.0,10100.0,-2616.9
1500.0,10100.0,-2617.1
1600.0,10100.0,-2616.2
1700.0,10100.0,-2616.8
1800.0,10100.0,-2611.6
1900.0,10100.0,-2617.2
2000.0,10100.0,-2617.8
2100.0,10100.0,-2614.0
2200.0,10100.0,-2610.6
2300.0,10100.0,-2614.3
2400.0,10100.0,-2613.4
2500.0,10100.0,-2612.0
2600.0,10100.0,-2613.9
2700.0,10100.0,-2607.7
2800.0,10100.0,-2613.5
2900.0,10100.0,-2608.8
3000.0,10100.0,-2606.1
3100.0,10100.0,-2609.5
3200.0,10100.0,-2606.5
3300.0,10100.0,-2607.1
3400.0,10100.0,-2607.7
3500.0,10100.0,-2611.2
3600.0,10100.0,-2596.5
3700.0,10100.0,-2593.7
3800.0,10100.0,-2599.5
3900.0,10100.0,-2595.2
4000.0,10100.0,-2585.9
4100.0,10100.0,-2585.1
4200.0,10100.0,-2584.1
4300.0,10100.0,-2580.6
4400.0,10100.0,-2571.6
4500.0,10100.0,-2568.9
4600.0,10100.0,-2563.0
4700.0,10100.0,-2545.8
4800.0,10100.0,-2542.8
4900.0,10100.0,-2541.7
5000.0,10100.0,-2535.2
5100.0,10100.0,-2532.1
5200.0,10100.0,-2518.6
5300.0,10100.0,-2510.2
5400.0,10100.0,-2498.2
5500.0,10100.0,-2490.2
5600.0,10100.0,-2486.1
5700.0,10100.0,-2477.1
5800.0,10100.0,-2471.2
5900.0,10100.0,-2465.9
6000.0,10100.0,-2459.9
6100.0,10100.0,-2458.6
6200.0,10100.0,-2452.5
6300.0,10100.0,-2446.7
6400.0,10100.0,-2442.8
6500.0,10100.0,-2434.9
6600.0,10100.0,-2434.1
6700.0,10100.0,-2430.2
6800.0,10100.0,-2420.9
6900.0,10100.0,-2420.7
7000.0,10100.0,-2417.7
7100.0,10100.0,-2413.5
7200.0,10100.0,-2404.7
7300.0,10100.0,-2412.3
7400.0,10100.0,-2407.9
7500.0,10100.0,-2405.4
7600.0,10100.0,-2404.7
7700.0,10100.0,-2403.6
7800.0,10100.0,-2402.0
7900.0,10100.0,-2400.1
8000.0,10100.0,-2401.4
8100.0,10100.0,-2399.7
8200.0,10100.0,-2400.5
8300.0,10100.0,-2401.1
8400.0,10100.0,-2390.6
8500.0,10100.0,-2395.7
8600.0,10100.0,-2388.3
8700.0,10100.0,-2393.5
8800.0,10100.0,-2388.6
8900.0,10100.0,-2387.1
9000.0,10100.0,-2380.7
9100.0,10100.0,-2376.0
9200.0,10100.0,-2374.8
9300.0,10100.0,-2372.1
9400.0,10100.0,-2371.5
9500.0,10100.0,-2370.3
9600.0,10100.0,-2368.4
9700.0,10100.0,-2365.9
9800.0,10100.0,-2360.0
9900.0,10100.0,-2355.8
10000.0,10100.0,-2355.1
10100.0,10100.0,-2358.3
10200.0,10100.0,-2355.7
10300.0,10100.0,-2357.3
10400.0,10100.0,-2355.0
10500.0,10100.0,-2356.0
10600.0,10100.0,-2350.2
10700.0,10100.0,-2348.9
10800.0,10100.0,-2359.1
10900.0,10100.0,-2349.2
11000.0,10100.0,-2350.3
11100.0,10100.0,-2355.0
11200.0,10100.0,-2361.0
11300.0,10100.0,-2357.5
11400.0,10100.0,-2357.7
11500.0,10100.0,-2361.2
11600.0,10100.0,-2365.3
11700.0,10100.0,-2374.9
11800.0,10100.0,-2370.9
11900.0,10100.0,-2375.8
12000.0,10100.0,-2374.8
12100.0,10100.0,-2384.9
12200.0,10100.0,-2378.8
12300.0,10100.0,-2383.6
12400.0,10100.0,-2388.7
12500.0,10100.0,-2392.0
12600.0,10100.0,-2396.9
12700.0,10100.0,-2402.1
12800.0,10100.0,-2408.7
12900.0,10100.0,-2409.0
13000.0,10100.0,-2414.1
13100.0,10100.0,-2413.5
13200.0,10100.0,-2423.2
13300.0,10100.0,-2428.0
13400.0,10100.0,-2427.3
13500.0,10100.0,-2441.4
13600.0,10100.0,-2440.5
13700.0,10100.0,-2445.5
13800.0,10100.0,-2441.3
13900.0,10100.0,-2450.6
14000.0,10100.0,-2456.5
14100.0,10100.0,-2460.4
14200.0,10100.0,-2466.6
14300.0,10100.0,-2466.1
14400.0,10100.0,-2468.2
14500.0,10100.0,-2469.5
14600.0,10100.0,-2476.6
14700.0,10100.0,-2481.7
14800.0,10100.0,-2483.1
14900.0,10100.0,-2487.2
15000.0,10100.0,-2489.8
15100.0,10100.0,-2488.6
15200.0,10100.0,-2490.1
15300.0,10100.0,-2495.4
15400.0,10100.0,-2493.6
15500.0,10100.0,-2504.2
15600.0,10100.0,-2502.9
15700.0,10100.0,-2504.7
15800.0,10100.0,-2507.8
15900.0,10100.0,-2516.5
16000.0,10100.0,-2510.8
16100.0,10100.0,-2518.5
16200.0,10100.0,-2522.0
16300.0,10100.0,-2527.8
16400.0,10100.0,-2530.9
16500.0,10100.0,-2529.1
16600.0,10100.0,-2535.1
16700.0,10100.0,-2537.6
16800.0,10100.0,-2545.2
16900.0,10100.0,-2543.4
17000.0,10100.0,-2547.8
17100.0,10100.0,-2551.2
17200.0,10100.0,-2551.1
17300.0,10100.0,-2555.1
17400.0,10100.0,-2563.8
17500.0,10100.0,-2569.9
17600.0,10100.0,-2568.2
17700.0,10100.0,-2568.5
17800.0,10100.0,-2573.0
17900.0,10100.0,-2580.3
18000.0,10100.0,-2580.0
18100.0,10100.0,-2575.2
18200.0,10100.0,-2583.8
18300.0,10100.0,-2585.6
18400.0,10100.0,-2580.4
18500.0,10100.0,-2578.0
18600.0,10100.0,-2585.1
18700.0,10100.0,-2587.2
18800.0,10100.0,-2581.8
18900.0,10100.0,-2581.1
19000.0,10100.0,-2579.4
19100.0,10100.0,-2582.6
19200.0,10100.0,-2578.8
19300.0,10100.0,-2576.3
19400.0,10100.0,-2577.0
19500.0,10100.0,-2569.9
19600.0,10100.0,-2571.5
19700.0,10100.0,-2564.2
19800.0,10100.0,-2564.1
19900.0,10100.0,-2560.6
20000.0,10100.0,-2556.7
0.0,10200.0,-2627.3
100.0,10200.0,-2623.5
200.0,10200.0,-2621.9
300.0,10200.0,-2630.9
400.0,10200.0,-2618.7
500.0,10200.0,-2628.4
600.0,10200.0,-2621.2
700.0,10200.0,-2621.7
800.0,10200.0,-2626.3
900.0,10200.0,-2624.5
1000.0,10200.0,-2619.4
1100.0,10200.0,-2618.0
1200.0,10200.0,-2619.5
1300.0,10200.0,-2615.4
1400.0,10200.0,-2619.1
1500.0,10200.0,-2614.5
1600.0,10200.0,-2617.7
1700.0,10200.0,-2615.8
1800.0,10200.0,-2615.7
1900.0,10200.0,-2613.6
2000.0,10200.0,-2611.1
2100.0,10200.0,-2612.4
2200.0,10200.0,-2613.4
2300.0,10200.0,-2614.4
2400.0,10200.0,-2607.0
2500.0,10200.0,-2609.5
2600.0,10200.0,-2610.7
2700.0,10200.0,-2611.2
2800.0,10200.0,-2611.5
2900.0,10200.0,-2608.8
3000.0,10200.0,-2614.0
3100.0,10200.0,-2607.6
3200.0,10200.0,-2605.0
3300.0,10200.0,-2602.9
3400.0,10200.0,-2611.6
3500.0,10200.0,-2599.7
3600.0,10200.0,-2596.5
3700.0,10200.0,-2598.5
3800.0,10200.0,-2595.7
3900.0,10200.0,-2593.5
4000.0,10200.0,-2592.4
4100.0,10200.0,-2580.2
4200.0,10200.0,-2577.6
4300.0,10200.0,-2573.5
4400.0,10200.0,-2568.0
4500.0,10200.0,-2567.8
4600.0,10200.0,-2561.2
4700.0,10200.0,-2554.8
4800.0,10200.0,-2545.6
4900.0,10200.0,-2538.3
5000.0,10200.0,-2528.3
5100.0,10200.0,-2524.4
5200.0,10200.0,-2516.3
5300.0,10200.0,-2515.0
5400.0,10200.0,-2502.5
5500.0,10200.0,-2494.2
5600.0,10200.0,-2489.3
5700.0,10200.0,-2477.5
5800.0,10200.0,-2470.9
5900.0,10200.0,-2468.8
6000.0,10200.0,-2457.6
6100.0,10200.0,-2451.8
6200.0,10200.0,-2445.8
6300.0,10200.0,-2438.9
6400.0,10200.0,-2435.9
6500.0,10200.0,-2431.9
6600.0,10200.0,-2422.5
6700.0,10200.0,-2422.8
6800.0,10200.0,-2418.9
6900.0,10200.0,-2416.4
7000.0,10200.0,-2416.3
7100.0,10200.0,-2409.9
7200.0,10200.0,-2406.8
7300.0,10200.0,-2405.5
7400.0,10200.0,-2411.4
7500.0,10200.0,-2404.3
7600.0,10200.0,-2401.3
7700.0,10200.0,-2402.2
7800.0,10200.0,-2398.7
7900.0,10200.0,-2398.4
8000.0,10200.0,-2394.9
8100.0,10200.0,-2398.0
8200.0,10200.0,-2390.7
8300.0,10200.0,-2395.5
8400.0,10200.0,-2391.0
8500.0,10200.0,-2387.0
8600.0,10200.0,-2388.9
8700.0,10200.0,-2382.3
8800.0,10200.0,-2377.8
8900.0,10200.0,-2383.5
9000.0,10200.0,-2375.2
9100.0,10200.0,-2368.5
9200.0,10200.0,-2372.8
9300.0,10200.0,-2368.9
9400.0,10200.0,-2368.9
9500.0,10200.0,-2365.4
9600.0,10200.0,-2365.8
9700.0,10200.0,-2356.6
9800.0,10200.0,-2362.4
9900.0,10200.0,-2357.5
10000.0,10200.0,-2350.8
10100.0,10200.0,-2345.7
10200.0,10200.0,-2350.0
10300.0,10200.0,-2353.3
10400.0,10200.0,-2354.6
10500.0,10200.0,-2355.4
10600.0,10200.0,-2351.6
10700.0,10200.0,-2353.0
10800.0,10200.0,-2345.7
10900.0,10200.0,-2354.5
11000.0,10200.0,-2350.5
11100.0,10200.0,-2346.8
11200.0,10200.0,-2351.0
11300.0,10200.0,-2354.3
11400.0,10200.0,-2354.7
11500.0,10200.0,-2358.5
11600.0,10200.0,-2360.7
11700.0,10200.0,-2363.2
11800.0,10200.0,-2365.3
11900.0,10200.0,-2374.7
12000.0,10200.0,-2376.1
12100.0,10200.0,-2378.5
12200.0,10200.0,-2382.2
12300.0,10200.0,-2384.2
12400.0,10200.0,-2386.9
12500.0,10200.0,-2390.7
12600.0,10200.0,-2399.9
12700.0,10200.0,-2401.2
12800.0,10200.0,-2402.2
12900.0,10200.0,-2411.8
13000.0,10200.0,-2414.7
13100.0,10200.0,-2419.7
13200.0,10200.0,-2426.4
13300.0,10200.0,-2421.6
13400.0,10200.0,-2432.2
13500.0,10200.0,-2436.0
13600.0,10200.0,-2432.1
13700.0,10200.0,-2435.2
13800.0,10200.0,-2443.5
13900.0,10200.0,-2450.4
14000.0,10200.0,-2454.4
14100.0,10200.0,-2458.0
14200.0,10200.0,-2458.1
14300.0,10200.0,-2455.3
14400.0,10200.0,-2466.9
14500.0,10200.0,-2469.1
14600.0,10200.0,-2473.4
14700.0,10200.0,-2475.7
14800.0,10200.0,-2482.6
14900.0,10200.0,-2481.2
15000.0,10200.0,-2490.8
15100.0,10200.0,-2490.3
15200.0,10200.0,-2496.8
15300.0,10200.0,-2496.4
15400.0,10200.0,-2498.7
15500.0,10200.0,-2500.3
15600.0,10200.0,-2507.3
15700.0,10200.0,-2504.8
15800.0,10200.0,-2508.0
15900.0,10200.0,-2515.3
16000.0,10200.0,-2510.8
16100.0,10200.0,-2516.7
16200.0,10200.0,-2518.5
16300.0,10200.0,-2527.5
16400.0,10200.0,-2528.5
16500.0,10200.0,-2532.1
16600.0,10200.0,-2532.2
16700.0,10200.0,-2536.3
16800.0,10200.0,-2545.4
16900.0,10200.0,-2542.2
17000.0,10200.0,-2553.3
17100.0,10200.0,-2551.4
17200.0,10200.0,-2560.3
17300.0,10200.0,-2558.4
17400.0,10200.0,-2560.2
17500.0,10200.0,-2567.5
17600.0,10200.0,-2565.5
17700.0,10200.0,-2567.1
17800.0,10200.0,-2570.7
17900.0,10200.0,-2575.6
18000.0,10200.0,-2570.9
18100.0,10200.0,-2579.6
18200.0,10200.0,-2575.9
18300.0,10200.0,-2577.3
18400.0,10200.0,-2580.3
18500.0,10200.0,-2578.0
18600.0,10200.0,-2582.2
18700.0,10200.0,-2580.6
18800.0,10200.0,-2582.1
18900.0,10200.0,-2583.2
19000.0,10200.0,-2577.9
19100.0,10200.0,-2574.1
19200.0,10200.0,-2574.4
19300.0,10200.0,-2573.7
19400.0,10200.0,-2571.6
19500.0,10200.0,-2568.3
19600.0,10200.0,-2568.2
19700.0,10200.0,-2559.2
19800.0,10200.0,-2565.6
19900.0,10200.0,-2562.7
20000.0,10200.0,-2557.3
0.0,10300.0,-2620.0
100.0,10300.0,-2626.0
200.0,10300.0,-2631.5
300.0,10300.0,-2624.5
400.0,10300.0,-2615.5
500.0,10300.0,-2622.2
600.0,10300.0,-2621.9
700.0,10300.0,-2615.7
800.0,10300.0,-2616.4
900.0,10300.0,-2622.4
1000.0,10300.0,-2616.4
1100.0,10300.0,-2618.4
1200.0,10300.0,-2617.6
1300.0,10300.0,-2618.4
1400.0,10300.0,-2616.9
1500.0,10300.0,-2616.8
1600.0,10300.0,-2615.1
1700.0,10300.0,-2616.3
1800.0,10300.0,-2611.2
1900.0,10300.0,-2613.5
2000.0,10300.0,-2611.3
2100.0,10300.0,-2612.0
2200.0,10300.0,-2615.7
2300.0,10300.0,-2609.0
2400.0,10300.0,-2613.1
2500.0,10300.0,-2609.7
2600.0,10300.0,-2608.9
2700.0,10300.0,-2607.7
2800.0,10300.0,-2610.3
2900.0,10300.0,-2607.7
3000.0,10300.0,-2603.3
3100.0,10300.0,-2601.6
3200.0,10300.0,-2606.4
3300.0,10300.0,-2603.2
3400.0,10300.0,-2599.9
3500.0,10300.0,-2598.1
3600.0,10300.0,-2598.5
3700.0,10300.0,-2594.1
3800.0,10300.0,-2595.0
3900.0,10300.0,-2591.3
4000.0,10300.0,-2586.9
4100.0,10300.0,-2582.8
4200.0,10300.0,-2580.6
4300.0,10300.0,-2572.8
4400.0,10300.0,-2569.1
4500.0,10300.0,-2560.8
4600.0,10300.0,-2552.2
4700.0,10300.0,-2551.5
4800.0,10300.0,-2552.5
4900.0,10300.0,-2538.5
5000.0,10300.0,-2537.2
5100.0,10300.0,-2524.5
5200.0,10300.0,-2517.9
5300.0,10300.0,-2507.3
5400.0,10300.0,-2502.1
5500.0,10300.0,-2494.8
5600.0,10300.0,-2479.7
5700.0,10300.0,-2477.3
5800.0,10300.0,-2469.6
5900.0,10300.0,-2465.6
6000.0,10300.0,-2458.5
6100.0,10300.0,-2452.9
6200.0,10300.0,-2444.6
6300.0,10300.0,-2440.3
6400.0,10300.0,-2437.8
6500.0,10300.0,-2422.9
6600.0,10300.0,-2430.5
6700.0,10300.0,-2419.8
6800.0,10300.0,-2415.5
6900.0,10300.0,-2416.4
7000.0,10300.0,-2413.6
7100.0,10300.0,-2404.1
7200.0,10300.0,-2406.3
7300.0,10300.0,-2404.6
7400.0,10300.0,-2397.7
7500.0,10300.0,-2403.6
7600.0,10300.0,-2397.0
7700.0,10300.0,-2398.3
7800.0,10300.0,-2398.3
7900.0,10300.0,-2394.5
8000.0,10300.0,-2393.4
8100.0,10300.0,-2392.3
8200.0,10300.0,-2393.8
8300.0,10300.0,-2387.7
8400.0,10300.0,-2386.0
8500.0,10300.0,-2381.3
8600.0,10300.0,-2385.3
8700.0,10300.0,-2380.0
8800.0,10300.0,-2380.7
8900.0,10300.0,-2375.1
9000.0,10300.0,-2379.1
9100.0,10300.0,-2378.6
9200.0,10300.0,-2371.8
9300.0,10300.0,-2367.8
9400.0,10300.0,-2367.1
9500.0,10300.0,-2361.6
9600.0,10300.0,-2360.7
9700.0,10300.0,-2363.7
9800.0,10300.0,-2358.5
9900.0,10300.0,-2351.2
10000.0,10300.0,-2353.5
10100.0,10300.0,-2351.6
10200.0,10300.0,-2348.6
10300.0,10300.0,-2350.1
10400.0,10300.0,-2352.5
10500.0,10300.0,-2344.2
10600.0,10300.0,-2342.6
10700.0,10300.0,-2346.0
10800.0,10300.0,-2346.1
10900.0,10300.0,-2344.9
11000.0,10300.0,-2350.1
11100.0,10300.0,-2347.0
11200.0,10300.0,-2347.6
11300.0,10300.0,-2350.3
11400.0,10300.0,-2356.0
11500.0,10300.0,-2357.0
11600.0,10300.0,-2351.8
11700.0,10300.0,-2358.3
11800.0,10300.0,-2360.6
11900.0,10300.0,-2364.7
12000.0,10300.0,-2368.2
12100.0,10300.0,-2373.3
12200.0,10300.0,-2373.4
12300.0,10300.0,-2379.9
12400.0,10300.0,-2387.8
12500.0,10300.0,-2389.2
12600.0,10300.0,-2388.4
12700.0,10300.0,-2396.4
12800.0,10300.0,-2395.9
12900.0,10300.0,-2404.2
13000.0,10300.0,-2411.7
13100.0,10300.0,-2411.2
13200.0,10300.0,-2417.3
13300.0,10300.0,-2418.9
13400.0,10300.0,-2420.3
13500.0,10300.0,-2430.6
13600.0,10300.0,-2436.6
13700.0,10300.0,-2437.1
13800.0,10300.0,-2443.5
13900.0,10300.0,-2448.3
14000.0,10300.0,-2440.8
14100.0,10300.0,-2449.5
14200.0,10300.0,-2453.4
14300.0,10300.0,-2456.9
14400.0,10300.0,-2461.7
14500.0,10300.0,-2469.5
14600.0,10300.0,-2476.4
14700.0,10300.0,-2471.2
14800.0,10300.0,-2482.5
14900.0,10300.0,-2483.6
15000.0,10300.0,-2482.0
15100.0,10300.0,-2490.9
15200.0,10300.0,-2487.8
15300.0,10300.0,-2495.7
15400.0,10300.0,-2498.4
15500.0,10300.0,-2502.6
15600.0,10300.0,-2507.3
15700.0,10300.0,-2508.1
15800.0,10300.0,-2507.8
15900.0,10300.0,-2515.1
16000.0,10300.0,-2518.8
16100.0,10300.0,-2519.6
16200.0,10300.0,-2519.8
16300.0,10300.0,-2529.1
16400.0,10300.0,-2531.0
16500.0,10300.0,-2534.5
16600.0,10300.0,-2536.7
16700.0,10300.0,-2536.6
16800.0,10300.0,-2544.7
16900.0,10300.0,-2542.4
17000.0,10300.0,-2547.8
17100.0,10300.0,-2554.2
17200.0,10300.0,-2554.3
17300.0,10300.0,-2553.6
17400.0,10300.0,-2562.1
17500.0,10300.0,-2567.8
17600.0,10300.0,-2565.0
17700.0,10300.0,-2565.5
17800.0,10300.0,-2570.8
17900.0,10300.0,-2573.8
18000.0,10300.0,-2572.1
18100.0,10300.0,-2574.7
18200.0,10300.0,-2580.8
18300.0,10300.0,-2579.1
18400.0,10300.0,-2578.7
18500.0,10300.0,-2581.1
18600.0,10300.0,-2580.4
18700.0,10300.0,-2577.7
18800.0,10300.0,-2577.1
18900.0,10300.0,-2577.5
19000.0,10300.0,-2580.4
19100.0,10300.0,-2571.6
19200.0,10300.0,-2576.2
19300.0,10300.0,-2568.9
19400.0,10300.0,-2566.4
19500.0,10300.0,-2568.9
19600.0,10300.0,-2563.8
19700.0,10300.0,-2557.8
19800.0,10300.0,-2561.4
19900.0,10300.0,-2552.0
20000.0,10300.0,-2551.6
0.0,10400.0,-2629.4
100.0,10400.0,-2626.4
200.0,10400.0,-2624.2
300.0,10400.0,-2623.6
400.0,10400.0,-2620.6
500.0,10400.0,-2626.2
600.0,10400.0,-2619.8
700.0,10400.0,-2623.2
800.0,10400.0,-2622.0
900.0,10400.0,-2619.6
1000.0,10400.0,-2615.9
1100.0,10400.0,-2619.1
1200.0,10400.0,-2619.4
1300.0,10400.0,-2619.6
1400.0,10400.0,-2619.6
1500.0,10400.0,-2624.4
1600.0,10400.0,-2621.1
1700.0,10400.0,-2616.7
1800.0,10400.0,-2615.8
1900.0,10400.0,-2614.1
2000.0,10400.0,-2615.7
2100.0,10400.0,-2611.9
2200.0,10400.0,-2614.4
2300.0,10400.0,-2610.2
2400.0,10400.0,-2611.5
2500.0,10400.0,-2612.3
2600.0,10400.0,-2607.3
2700.0,10400.0,-2611.6
2800.0,10400.0,-2612.3
2900.0,10400.0,-2609.4
3000.0,10400.0,-2608.6
3100.0,10400.0,-2607.0
3200.0,10400.0,-2601.7
3300.0,10400.0,-2602.1
3400.0,10400.0,-2601.5
3500.0,10400.0,-2604.6
3600.0,10400.0,-2590.3
3700.0,10400.0,-2593.7
3800.0,10400.0,-2591.1
3900.0,10400.0,-2588.0
4000.0,10400.0,-2582.8
4100.0,10400.0,-2582.6
4200.0,10400.0,-2574.6
4300.0,10400.0,-2568.7
4400.0,10400.0,-2564.9
4500.0,10400.0,-2562.8
4600.0,10400.0,-2552.3
4700.0,10400.0,-2546.9
4800.0,10400.0,-2541.6
4900.0,10400.0,-2540.1
5000.0,10400.0,-2527.9
5100.0,10400.0,-2520.1
5200.0,10400.0,-2513.8
5300.0,10400.0,-2504.6
5400.0,10400.0,-2502.4
5500.0,10400.0,-2492.4
5600.0,10400.0,-2481.0
5700.0,10400.0,-2478.0
5800.0,10400.0,-2472.3
5900.0,10400.0,-2463.1
6000.0,10400.0,-2455.9
6100.0,10400.0,-2449.1
6200.0,10400.0,-2445.4
6300.0,10400.0,-2446.8
6400.0,10400.0,-2432.8
6500.0,10400.0,-2428.4
6600.0,10400.0,-2424.0
6700.0,10400.0,-2423.6
6800.0,10400.0,-2421.0
6900.0,10400.0,-2414.4
7000.0,10400.0,-2405.7
7100.0,10400.0,-2405.0
7200.0,10400.0,-2403.6
7300.0,10400.0,-2397.9
7400.0,10400.0,-2402.9
7500.0,10400.0,-2406.8
7600.0,10400.0,-2397.3
7700.0,10400.0,-2396.1
7800.0,10400.0,-2393.7
7900.0,10400.0,-2396.9
8000.0,10400.0,-2388.9
8100.0,10400.0,-2388.9
8200.0,10400.0,-2384.1
8300.0,10400.0,-2386.5
8400.0,10400.0,-2380.6
8500.0,10400.0,-2384.4
8600.0,10400.0,-2380.2
8700.0,10400.0,-2378.7
8800.0,10400.0,-2375.9
8900.0,10400.0,-2379.7
9000.0,10400.0,-2373.2
9100.0,10400.0,-2374.1
9200.0,10400.0,-2369.4
9300.0,10400.0,-2366.0
9400.0,10400.0,-2365.0
9500.0,10400.0,-2361.1
9600.0,10400.0,-2362.2
9700.0,10400.0,-2360.0
9800.0,10400.0,-2352.7
9900.0,10400.0,-2350.7
10000.0,10400.0,-2356.5
10100.0,10400.0,-2348.0
10200.0,10400.0,-2343.6
10300.0,10400.0,-2353.2
10400.0,10400.0,-2347.9
10500.0,10400.0,-2344.2
10600.0,10400.0,-2340.6
10700.0,10400.0,-2339.0
10800.0,10400.0,-2348.0
10900.0,10400.0,-2345.1
11000.0,10400.0,-2346.4
11100.0,10400.0,-2344.4
11200.0,10400.0,-2347.7
11300.0,10400.0,-2344.4
11400.0,10400.0,-2346.8
11500.0,10400.0,-2353.1
11600.0,10400.0,-2350.9
11700.0,10400.0,-2356.9
11800.0,10400.0,-2361.4
11900.0,10400.0,-2359.7
12000.0,10400.0,-2361.7
12100.0,10400.0,-2368.0
12200.0,10400.0,-2365.6
12300.0,10400.0,-2375.6
12400.0,10400.0,-2376.3
12500.0,10400.0,-2385.3
12600.0,10400.0,-2393.6
12700.0,10400.0,-2398.4
12800.0,10400.0,-2394.8
12900.0,10400.0,-2396.1
13000.0,10400.0,-2408.0
13100.0,10400.0,-2409.1
13200.0,10400.0,-2412.7
13300.0,10400.0,-2416.4
13400.0,10400.0,-2419.0
13500.0,10400.0,-2428.2
13600.0,10400.0,-2428.7
13700.0,10400.0,-2441.5
13800.0,10400.0,-2440.5
13900.0,10400.0,-2438.2
14000.0,10400.0,-2451.0
14100.0,10400.0,-2458.4
14200.0,10400.0,-2458.6
14300.0,10400.0,-2458.1
14400.0,10400.0,-2466.8
14500.0,10400.0,-2471.8
14600.0,10400.0,-2474.7
14700.0,10400.0,-2481.5
14800.0,10400.0,-2476.6
14900.0,10400.0,-2482.6
15000.0,10400.0,-2482.4
15100.0,10400.0,-2490.4
15200.0,10400.0,-2492.5
15300.0,10400.0,-2492.6
15400.0,10400.0,-2501.4
15500.0,10400.0,-2501.5
15600.0,10400.0,-2503.6
15700.0,10400.0,-2508.3
15800.0,10400.0,-2513.4
15900.0,10400.0,-2513.8
16000.0,10400.0,-2516.5
16100.0,10400.0,-2516.3
16200.0,10400.0,-2522.6
16300.0,10400.0,-2521.9
16400.0,10400.0,-2528.4
16500.0,10400.0,-2537.8
16600.0,10400.0,-2533.9
16700.0,10400.0,-2540.9
16800.0,10400.0,-2541.2
16900.0,10400.0,-2552.0
17000.0,10400.0,-2545.7
17100.0,10400.0,-2547.9
17200.0,10400.0,-2559.2
17300.0,10400.0,-2563.2
17400.0,10400.0,-2564.4
17500.0,10400.0,-2565.3
17600.0,10400.0,-2568.7
17700.0,10400.0,-2562.4
17800.0,10400.0,-2566.8
17900.0,10400.0,-2569.7
18000.0,10400.0,-2574.4
18100.0,10400.0,-2572.9
18200.0,10400.0,-2573.3
18300.0,10400.0,-2576.1
18400.0,10400.0,-2578.0
18500.0,10400.0,-2576.4
18600.0,10400.0,-2580.6
18700.0,10400.0,-2574.8
18800.0,10400.0,-2578.7
18900.0,10400.0,-2571.5
19000.0,10400.0,-2570.3
19100.0,10400.0,-2572.1
19200.0,10400.0,-2563.7
19300.0,10400.0,-2566.6
19400.0,10400.0,-2567.2
19500.0,10400.0,-2560.9
19600.0,10400.0,-2556.4
19700.0,10400.0,-2559.7
19800.0,10400.0,-2552.8
19900.0,10400.0,-2550.8
20000.0,10400.0,-2551.8
0.0,10500.0,-2634.6
100.0,10500.0,-2626.0
200.0,10500.0,-2623.9
300.0,10500.0,-2622.7
400.0,10500.0,-2625.0
500.0,10500.0,-2622.5
600.0,10500.0,-2623.5
700.0,10500.0,-2616.0
800.0,10500.0,-2617.7
900.0,10500.0,-2621.7
1000.0,10500.0,-2617.6
1100.0,10500.0,-2616.0
1200.0,10500.0,-2616.7
1300.0,10500.0,-2619.8
1400.0,10500.0,-2618.5
1500.0,10500.0,-2619.4
1600.0,10500.0,-2617.5
1700.0,10500.0,-2616.3
1800.0,10500.0,-2611.7
1900.0,10500.0,-2612.4
2000.0,10500.0,-2612.7
2100.0,10500.0,-2610.9
2200.0,10500.0,-2612.8
2300.0,10500.0,-2611.7
2400.0,10500.0,-2609.7
2500.0,10500.0,-2609.1
2600.0,10500.0,-2612.3
2700.0,10500.0,-2610.5
2800.0,10500.0,-2606.0
2900.0,10500.0,-2600.5
3000.0,10500.0,-2608.0
3100.0,10500.0,-2601.7
3200.0,10500.0,-2597.8
3300.0,10500.0,-2601.5
3400.0,10500.0,-2599.3
3500.0,10500.0,-2594.0
3600.0,10500.0,-2595.9
3700.0,10500.0,-2592.5
3800.0,10500.0,-2583.4
3900.0,10500.0,-2586.2
4000.0,10500.0,-2574.6
4100.0,10500.0,-2580.0
4200.0,10500.0,-2570.2
4300.0,10500.0,-2572.1
4400.0,10500.0,-2561.5
4500.0,10500.0,-2559.9
4600.0,10500.0,-2552.9
4700.0,10500.0,-2548.0
4800.0,10500.0,-2537.6
4900.0,10500.0,-2537.4
5000.0,10500.0,-2523.0
5100.0,10500.0,-2524.7
5200.0,10500.0,-2510.9
5300.0,10500.0,-2504.8
5400.0,10500.0,-2503.5
5500.0,10500.0,-2489.0
5600.0,10500.0,-2479.0
5700.0,10500.0,-2479.2
5800.0,10500.0,-2470.2
5900.0,10500.0,-2463.5
6000.0,10500.0,-2453.9
6100.0,10500.0,-2448.1
6200.0,10500.0,-2449.0
6300.0,10500.0,-2437.6
6400.0,10500.0,-2433.1
6500.0,10500.0,-2427.9
6600.0,10500.0,-2424.3
6700.0,10500.0,-2422.2
6800.0,10500.0,-2414.0
6900.0,10500.0,-2408.2
7000.0,10500.0,-2409.8
7100.0,10500.0,-2412.8
7200.0,10500.0,-2402.4
7300.0,10500.0,-2399.9
7400.0,10500.0,-2402.7
7500.0,10500.0,-2398.6
7600.0,10500.0,-2392.4
7700.0,10500.0,-2393.0
7800.0,10500.0,-2395.6
7900.0,10500.0,-2396.1
8000.0,10500.0,-2389.9
8100.0,10500.0,-2387.6
8200.0,10500.0,-2384.9
8300.0,10500.0,-2381.7
8400.0,10500.0,-2381.5
8500.0,10500.0,-2379.6
8600.0,10500.0,-2379.5
8700.0,10500.0,-2384.1
8800.0,10500.0,-2373.2
8900.0,10500.0,-2372.7
9000.0,10500.0,-2373.1
9100.0,10500.0,-2366.7
9200.0,10500.0,-2367.9
9300.0,10500.0,-2365.5
9400.0,10500.0,-2364.5
9500.0,10500.0,-2365.5
9600.0,10500.0,-2359.9
9700.0,10500.0,-2350.5
9800.0,10500.0,-2357.4
9900.0,10500.0,-2353.1
10000.0,10500.0,-2349.3
10100.0,10500.0,-2343.2
10200.0,10500.0,-2349.4
10300.0,10500.0,-2348.1
10400.0,10500.0,-2347.0
10500.0,10500.0,-2345.2
10600.0,10500.0,-2339.0
10700.0,10500.0,-2339.1
10800.0,10500.0,-2340.1
10900.0,10500.0,-2342.9
11000.0,10500.0,-2338.5
11100.0,10500.0,-2344.8
11200.0,10500.0,-2351.2
11300.0,10500.0,-2341.2
11400.0,10500.0,-2349.2
11500.0,10500.0,-2352.6
11600.0,10500.0,-2349.7
11700.0,10500.0,-2354.9
11800.0,10500.0,-2357.4
11900.0,10500.0,-2360.6
12000.0,10500.0,-2368.6
12100.0,10500.0,-2363.0
12200.0,10500.0,-2368.8
12300.0,10500.0,-2372.6
12400.0,10500.0,-2375.9
12500.0,10500.0,-2381.4
12600.0,10500.0,-2387.2
12700.0,10500.0,-2393.4
12800.0,10500.0,-2389.7
12900.0,10500.0,-2402.1
13000.0,10500.0,-2403.3
13100.0,10500.0,-2406.4
13200.0,10500.0,-2411.0
13300.0,10500.0,-2412.3
13400.0,10500.0,-2417.0
13500.0,10500.0,-2422.6
13600.0,10500.0,-2427.3
13700.0,10500.0,-2431.6
13800.0,10500.0,-2437.6
13900.0,10500.0,-2440.3
14000.0,10500.0,-2450.7
14100.0,10500.0,-2442.9
14200.0,10500.0,-2459.1
14300.0,10500.0,-2459.0
14400.0,10500.0,-2464.3
14500.0,10500.0,-2466.0
14600.0,10500.0,-2471.5
14700.0,10500.0,-2476.3
14800.0,10500.0,-2482.2
14900.0,10500.0,-2484.4
15000.0,10500.0,-2489.6
15100.0,10500.0,-2489.7
15200.0,10500.0,-2486.8
15300.0,10500.0,-2495.9
15400.0,10500.0,-2498.2
15500.0,10500.0,-2505.4
15600.0,10500.0,-2504.8
15700.0,10500.0,-2506.3
15800.0,10500.0,-2513.2
15900.0,10500.0,-2519.0
16000.0,10500.0,-2519.0
16100.0,10500.0,-2515.1
16200.0,10500.0,-2518.3
16300.0,10500.0,-2531.9
16400.0,10500.0,-2532.3
16500.0,10500.0,-2533.8
16600.0,10500.0,-2541.1
16700.0,10500.0,-2542.1
16800.0,10500.0,-2543.2
16900.0,10500.0,-2542.1
17000.0,10500.0,-2550.4
17100.0,10500.0,-2558.1
17200.0,10500.0,-2551.8
17300.0,10500.0,-2557.3
17400.0,10500.0,-2562.9
17500.0,10500.0,-2559.2
17600.0,10500.0,-2564.4
17700.0,10500.0,-2565.4
17800.0,10500.0,-2566.4
17900.0,10500.0,-2574.6
18000.0,10500.0,-2575.6
18100.0,10500.0,-2580.7
18200.0,10500.0,-2569.9
18300.0,10500.0,-2575.5
18400.0,10500.0,-2574.6
18500.0,10500.0,-2579.7
18600.0,10500.0,-2579.1
18700.0,10500.0,-2577.8
18800.0,10500.0,-2573.7
18900.0,10500.0,-2580.5
19000.0,10500.0,-2576.9
19100.0,10500.0,-2570.3
19200.0,10500.0,-2575.1
19300.0,10500.0,-2568.8
19400.0,10500.0,-2562.5
19500.0,10500.0,-2559.4
19600.0,10500.0,-2562.5
19700.0,10500.0,-2561.0
19800.0,10500.0,-2552.3
19900.0,10500.0,-2552.4
20000.0,10500.0,-2547.4
0.0,10600.0,-2629.2
100.0,10600.0,-2632.7
200.0,10600.0,-2625.7
300.0,10600.0,-2627.7
400.0,10600.0,-2623.4
500.0,10600.0,-2626.5
600.0,10600.0,-2625.4
700.0,10600.0,-2621.4
800.0,10600.0,-2619.7
900.0,10600.0,-2620.5
1000.0,10600.0,-2622.2
1100.0,10600.0,-2619.2
1200.0,10600.0,-2616.1
1300.0,10600.0,-2614.1
1400.0,10600.0,-2613.1
1500.0,10600.0,-2609.5
1600.0,10600.0,-2614.5
1700.0,10600.0,-2610.0
1800.0,10600.0,-2614.7
1900.0,10600.0,-2611.3
2000.0,10600.0,-2612.2
2100.0,10600.0,-2609.1
2200.0,10600.0,-2609.9
2300.0,10600.0,-2610.2
2400.0,10600.0,-2603.2
2500.0,10600.0,-2610.2
2600.0,10600.0,-2604.6
2700.0,10600.0,-2604.0
2800.0,10600.0,-2606.0
2900.0,10600.0,-2599.7
3000.0,10600.0,-2595.7
3100.0,10600.0,-2599.7
3200.0,10600.0,-2602.5
3300.0,10600.0,-2601.0
3400.0,10600.0,-2596.6
3500.0,10600.0,-2593.9
3600.0,10600.0,-2588.0
3700.0,10600.0,-2586.0
3800.0,10600.0,-2583.2
3900.0,10600.0,-2578.4
4000.0,10600.0,-2579.3
4100.0,10600.0,-2572.6
4200.0,10600.0,-2567.3
4300.0,10600.0,-2567.1
4400.0,10600.0,-2557.5
4500.0,10600.0,-2556.2
4600.0,10600.0,-2548.1
4700.0,10600.0,-2542.3
4800.0,10600.0,-2539.9
4900.0,10600.0,-2524.3
5000.0,10600.0,-2523.8
5100.0,10600.0,-2518.6
5200.0,10600.0,-2511.2
5300.0,10600.0,-2507.0
5400.0,10600.0,-2497.3
5500.0,10600.0,-2488.8
5600.0,10600.0,-2480.7
5700.0,10600.0,-2474.0
5800.0,10600.0,-2470.8
5900.0,10600.0,-2458.6
6000.0,10600.0,-2458.0
6100.0,10600.0,-2446.4
6200.0,10600.0,-2442.3
6300.0,10600.0,-2438.2
6400.0,10600.0,-2436.8
6500.0,10600.0,-2430.6
6600.0,10600.0,-2422.6
6700.0,10600.0,-2420.6
6800.0,10600.0,-2414.6
6900.0,10600.0,-2405.3
7000.0,10600.0,-2408.5
7100.0,10600.0,-2411.1
7200.0,10600.0,-2405.4
7300.0,10600.0,-2399.0
7400.0,10600.0,-2399.9
7500.0,10600.0,-2399.8
7600.0,10600.0,-2395.0
7700.0,10600.0,-2394.3
7800.0,10600.0,-2389.0
7900.0,10600.0,-2386.2
8000.0,10600.0,-2387.6
8100.0,10600.0,-2386.2
8200.0,10600.0,-2386.9
8300.0,10600.0,-2390.4
8400.0,10600.0,-2382.8
8500.0,10600.0,-2381.7
8600.0,10600.0,-2384.2
8700.0,10600.0,-2380.1
8800.0,10600.0,-2373.8
8900.0,10600.0,-2372.1
9000.0,10600.0,-2372.7
9100.0,10600.0,-2372.8
9200.0,10600.0,-2367.6
9300.0,10600.0,-2357.9
9400.0,10600.0,-2362.4
9500.0,10600.0,-2359.3
9600.0,10600.0,-2357.7
9700.0,10600.0,-2355.2
9800.0,10600.0,-2351.4
9900.0,10600.0,-2351.7
10000.0,10600.0,-2353.1
10100.0,10600.0,-2353.5
10200.0,10600.0,-2348.0
10300.0,10600.0,-2349.6
10400.0,10600.0,-2343.1
10500.0,10600.0,-2343.4
10600.0,10600.0,-2339.1
10700.0,10600.0,-2339.6
10800.0,10600.0,-2339.5
10900.0,10600.0,-2340.1
11000.0,10600.0,-2344.8
11100.0,10600.0,-2340.6
11200.0,10600.0,-2349.0
11300.0,10600.0,-2345.8
11400.0,10600.0,-2345.1
11500.0,10600.0,-2349.4
11600.0,10600.0,-2349.1
11700.0,10600.0,-2346.4
11800.0,10600.0,-2360.1
11900.0,10600.0,-2350.1
12000.0,10600.0,-2362.3
12100.0,10600.0,-2360.5
12200.0,10600.0,-2366.6
12300.0,10600.0,-2370.2
12400.0,10600.0,-2371.5
12500.0,10600.0,-2375.6
12600.0,10600.0,-2384.4
12700.0,10600.0,-2381.5
12800.0,10600.0,-2391.0
12900.0,10600.0,-2389.4
13000.0,10600.0,-2402.0
13100.0,10600.0,-2402.8
13200.0,10600.0,-2405.4
13300.0,10600.0,-2411.3
13400.0,10600.0,-2410.6
13500.0,10600.0,-2415.1
13600.0,10600.0,-2425.1
13700.0,10600.0,-2427.2
13800.0,10600.0,-2430.2
13900.0,10600.0,-2441.7
14000.0,10600.0,-2439.9
14100.0,10600.0,-2452.2
14200.0,10600.0,-2451.3
14300.0,10600.0,-2458.0
14400.0,10600.0,-2466.1
14500.0,10600.0,-2467.1
14600.0,10600.0,-2473.0
14700.0,10600.0,-2478.2
14800.0,10600.0,-2478.3
14900.0,10600.0,-2482.7
15000.0,10600.0,-2489.2
15100.0,10600.0,-2488.6
15200.0,10600.0,-2493.8
15300.0,10600.0,-2496.8
15400.0,10600.0,-2499.0
15500.0,10600.0,-2499.8
15600.0,10600.0,-2508.5
15700.0,10600.0,-2506.3
15800.0,10600.0,-2514.8
15900.0,10600.0,-2520.2
16000.0,10600.0,-2517.3
16100.0,10600.0,-2521.4
16200.0,10600.0,-2527.7
16300.0,10600.0,-2532.3
16400.0,10600.0,-2533.2
16500.0,10600.0,-2532.6
16600.0,10600.0,-2541.5
16700.0,10600.0,-2536.9
16800.0,10600.0,-2546.9
16900.0,10600.0,-2545.0
17000.0,10600.0,-2545.7
17100.0,10600.0,-2547.9
17200.0,10600.0,-2552.9
17300.0,10600.0,-2557.9
17400.0,10600.0,-2562.2
17500.0,10600.0,-2561.9
17600.0,10600.0,-2566.6
17700.0,10600.0,-2565.0
17800.0,10600.0,-2568.6
17900.0,10600.0,-2569.2
18000.0,10600.0,-2572.1
18100.0,10600.0,-2574.2
18200.0,10600.0,-2570.9
18300.0,10600.0,-2573.6
18400.0,10600.0,-2578.5
18500.0,10600.0,-2580.3
18600.0,10600.0,-2575.2
18700.0,10600.0,-2576.7
18800.0,10600.0,-2575.6
18900.0,10600.0,-2570.9
19000.0,10600.0,-2570.2
19100.0,10600.0,-2569.9
19200.0,10600.0,-2572.4
19300.0,10600.0,-2567.8
19400.0,10600.0,-2562.0
19500.0,10600.0,-2558.9
19600.0,10600.0,-2555.8
19700.0,10600.0,-2551.1
19800.0,10600.0,-2551.5
19900.0,10600.0,-2552.0
20000.0,10600.0,-2545.4
0.0,10700.0,-2634.8
100.0,10700.0,-2634.1
200.0,10700.0,-2626.3
300.0,10700.0,-2625.4
400.0,10700.0,-2629.4
500.0,10700.0,-2628.3
600.0,10700.0,-2620.0
700.0,10700.0,-2624.9
800.0,10700.0,-2620.0
900.0,10700.0,-2621.7
1000.0,10700.0,-2622.0
1100.0,10700.0,-2620.8
1200.0,10700.0,-2620.0
1300.0,10700.0,-2615.3
1400.0,10700.0,-2613.5
1500.0,10700.0,-2616.8
1600.0,10700.0,-2618.5
1700.0,10700.0,-2615.0
1800.0,10700.0,-2616.4
1900.0,10700.0,-2613.8
2000.0,10700.0,-2612.7
2100.0,10700.0,-2607.6
2200.0,10700.0,-2612.3
2300.0,10700.0,-2606.9
2400.0,10700.0,-2613.8
2500.0,10700.0,-2604.3
2600.0,10700.0,-2608.0
2700.0,10700.0,-2606.1
2800.0,10700.0,-2602.7
2900.0,10700.0,-2595.1
3000.0,10700.0,-2602.0
3100.0,10700.0,-2597.3
3200.0,10700.0,-2594.6
3300.0,10700.0,-2598.3
3400.0,10700.0,-2592.3
3500.0,10700.0,-2588.6
3600.0,10700.0,-2599.8
3700.0,10700.0,-2587.9
3800.0,10700.0,-2582.2
3900.0,10700.0,-2579.4
4000.0,10700.0,-2574.2
4100.0,10700.0,-2568.2
4200.0,10700.0,-2572.0
4300.0,10700.0,-2560.1
4400.0,10700.0,-2554.0
4500.0,10700.0,-2552.8
4600.0,10700.0,-2544.6
4700.0,10700.0,-2540.8
4800.0,10700.0,-2538.9
4900.0,10700.0,-2528.1
5000.0,10700.0,-2519.1
5100.0,10700.0,-2512.7
5200.0,10700.0,-2509.3
5300.0,10700.0,-2503.4
5400.0,10700.0,-2495.1
5500.0,10700.0,-2483.8
5600.0,10700.0,-2479.4
5700.0,10700.0,-2469.1
5800.0,10700.0,-2468.6
5900.0,10700.0,-2456.5
6000.0,10700.0,-2453.3
6100.0,10700.0,-2452.5
6200.0,10700.0,-2444.9
6300.0,10700.0,-2437.6
6400.0,10700.0,-2431.5
6500.0,10700.0,-2425.2
6600.0,10700.0,-2427.2
6700.0,10700.0,-2415.0
6800.0,10700.0,-2412.3
6900.0,10700.0,-2408.7
7000.0,10700.0,-2406.1
7100.0,10700.0,-2405.1
7200.0,10700.0,-2402.1
7300.0,10700.0,-2392.6
7400.0,10700.0,-2398.4
7500.0,10700.0,-2399.4
7600.0,10700.0,-2398.7
7700.0,10700.0,-2393.1
7800.0,10700.0,-2390.3
7900.0,10700.0,-2388.1
8000.0,10700.0,-2389.7
8100.0,10700.0,-2386.4
8200.0,10700.0,-2383.3
8300.0,10700.0,-2391.0
8400.0,10700.0,-2383.1
8500.0,10700.0,-2379.3
8600.0,10700.0,-2377.4
8700.0,10700.0,-2380.6
8800.0,10700.0,-2375.0
8900.0,10700.0,-2377.3
9000.0,10700.0,-2369.5
9100.0,10700.0,-2373.6
9200.0,10700.0,-2369.7
9300.0,10700.0,-2365.1
9400.0,10700.0,-2360.6
9500.0,10700.0,-2369.7
9600.0,10700.0,-2354.0
9700.0,10700.0,-2356.8
9800.0,10700.0,-2353.8
9900.0,10700.0,-2354.5
10000.0,10700.0,-2351.5
10100.0,10700.0,-2347.7
10200.0,10700.0,-2349.2
10300.0,10700.0,-2342.5
10400.0,10700.0,-2339.4
10500.0,10700.0,-2339.0
10600.0,10700.0,-2338.4
10700.0,10700.0,-2344.1
10800.0,10700.0,-2336.0
10900.0,10700.0,-2337.3
11000.0,10700.0,-2343.4
11100.0,10700.0,-2338.5
11200.0,10700.0,-2344.4
11300.0,10700.0,-2343.2
11400.0,10700.0,-2343.5
11500.0,10700.0,-2344.7
11600.0,10700.0,-2350.7
11700.0,10700.0,-2349.1
11800.0,10700.0,-2352.3
11900.0,10700.0,-2361.0
12000.0,10700.0,-2356.3
12100.0,10700.0,-2360.7
12200.0,10700.0,-2363.6
12300.0,10700.0,-2367.1
12400.0,10700.0,-2375.4
12500.0,10700.0,-2369.5
12600.0,10700.0,-2376.3
12700.0,10700.0,-2381.6
12800.0,10700.0,-2383.8
12900.0,10700.0,-2393.3
13000.0,10700.0,-2396.4
13100.0,10700.0,-2397.2
13200.0,10700.0,-2398.8
13300.0,10700.0,-2409.9
13400.0,10700.0,-2413.1
13500.0,10700.0,-2418.2
13600.0,10700.0,-2418.2
13700.0,10700.0,-2424.1
13800.0,10700.0,-2430.3
13900.0,10700.0,-2436.1
14000.0,10700.0,-2438.9
14100.0,10700.0,-2443.6
14200.0,10700.0,-2450.6
14300.0,10700.0,-2455.5
14400.0,10700.0,-2458.9
14500.0,10700.0,-2469.8
14600.0,10700.0,-2463.0
14700.0,10700.0,-2476.2
14800.0,10700.0,-2474.4
14900.0,10700.0,-2474.4
15000.0,10700.0,-2487.3
15100.0,10700.0,-2495.1
15200.0,10700.0,-2494.4
15300.0,10700.0,-2491.5
15400.0,10700.0,-2505.4
15500.0,10700.0,-2507.1
15600.0,10700.0,-2503.2
15700.0,10700.0,-2510.3
15800.0,10700.0,-2514.1
15900.0,10700.0,-2518.2
16000.0,10700.0,-2522.4
16100.0,10700.0,-2527.1
16200.0,10700.0,-2523.8
16300.0,10700.0,-2533.2
16400.0,10700.0,-2527.7
16500.0,10700.0,-2535.2
16600.0,10700.0,-2537.2
16700.0,10700.0,-2540.8
16800.0,10700.0,-2549.0
16900.0,10700.0,-2547.4
17000.0,10700.0,-2542.6
17100.0,10700.0,-2551.7
17200.0,10700.0,-2556.4
17300.0,10700.0,-2559.8
17400.0,10700.0,-2561.8
17500.0,10700.0,-2558.2
17600.0,10700.0,-2566.3
17700.0,10700.0,-2564.2
17800.0,10700.0,-2571.5
17900.0,10700.0,-2571.5
18000.0,10700.0,-2567.7
18100.0,10700.0,-2570.8
18200.0,10700.0,-2577.3
18300.0,10700.0,-2575.4
18400.0,10700.0,-2571.6
18500.0,10700.0,-2577.7
18600.0,10700.0,-2570.2
18700.0,10700.0,-2575.2
18800.0,10700.0,-2579.9
18900.0,10700.0,-2572.9
19000.0,10700.0,-2573.0
19100.0,10700.0,-2569.4
19200.0,10700.0,-2566.6
19300.0,10700.0,-2562.4
19400.0,10700.0,-2559.4
19500.0,10700.0,-2558.5
19600.0,10700.0,-2554.0
19700.0,10700.0,-2553.4
19800.0,10700.0,-2551.5
19900.0,10700.0,-2543.2
20000.0,10700.0,-2543.7
0.0,10800.0,-2637.1
100.0,10800.0,-2632.4
200.0,10800.0,-2634.4
300.0,10800.0,-2624.2
400.0,10800.0,-2627.6
500.0,10800.0,-2626.4
600.0,10800.0,-2624.4
700.0,10800.0,-2624.2
800.0,10800.0,-2625.9
900.0,10800.0,-2623.0
1000.0,10800.0,-2624.8
1100.0,10800.0,-2624.6
1200.0,10800.0,-2616.6
1300.0,10800.0,-2615.7
1400.0,10800.0,-2618.8
1500.0,10800.0,-2612.5
1600.0,10800.0,-2617.6
1700.0,10800.0,-2617.5
1800.0,10800.0,-2613.1
1900.0,10800.0,-2607.4
2000.0,10800.0,-2614.6
2100.0,10800.0,-2609.1
2200.0,10800.0,-2606.6
2300.0,10800.0,-2605.2
2400.0,10800.0,-2603.6
2500.0,10800.0,-2606.1
2600.0,10800.0,-2602.7
2700.0,10800.0,-2608.8
2800.0,10800.0,-2599.4
2900.0,10800.0,-2601.0
3000.0,10800.0,-2602.6
3100.0,10800.0,-2598.3
3200.0,10800.0,-2592.0
3300.0,10800.0,-2600.8
3400.0,10800.0,-2589.9
3500.0,10800.0,-2594.2
3600.0,10800.0,-2587.2
3700.0,10800.0,-2581.1
3800.0,10800.0,-2580.2
3900.0,10800.0,-2576.8
4000.0,10800.0,-2571.4
4100.0,10800.0,-2568.9
4200.0,10800.0,-2568.6
4300.0,10800.0,-2560.1
4400.0,10800.0,-2555.8
4500.0,10800.0,-2554.1
4600.0,10800.0,-2543.7
4700.0,10800.0,-2542.0
4800.0,10800.0,-2537.1
4900.0,10800.0,-2522.4
5000.0,10800.0,-2521.7
5100.0,10800.0,-2511.8
5200.0,10800.0,-2499.8
5300.0,10800.0,-2500.3
5400.0,10800.0,-2492.5
5500.0,10800.0,-2484.3
5600.0,10800.0,-2476.5
5700.0,10800.0,-2472.6
5800.0,10800.0,-2466.3
5900.0,10800.0,-2459.9
6000.0,10800.0,-2452.8
6100.0,10800.0,-2445.3
6200.0,10800.0,-2444.0
6300.0,10800.0,-2437.5
6400.0,10800.0,-2431.2
6500.0,10800.0,-2431.1
6600.0,10800.0,-2417.7
6700.0,10800.0,-2422.2
6800.0,10800.0,-2420.0
6900.0,10800.0,-2411.1
7000.0,10800.0,-2407.2
7100.0,10800.0,-2413.7
7200.0,10800.0,-2402.3
7300.0,10800.0,-2405.0
7400.0,10800.0,-2402.5
7500.0,10800.0,-2397.2
7600.0,10800.0,-2399.2
7700.0,10800.0,-2392.2
7800.0,10800.0,-2396.3
7900.0,10800.0,-2392.3
8000.0,10800.0,-2390.3
8100.0,10800.0,-2382.4
8200.0,10800.0,-2386.4
8300.0,10800.0,-2385.9
8400.0,10800.0,-2386.3
8500.0,10800.0,-2383.4
8600.0,10800.0,-2379.4
8700.0,10800.0,-2374.2
8800.0,10800.0,-2372.9
8900.0,10800.0,-2374.7
9000.0,10800.0,-2374.6
9100.0,10800.0,-2366.7
9200.0,10800.0,-2366.9
9300.0,10800.0,-2365.5
9400.0,10800.0,-2359.7
9500.0,10800.0,-2366.1
9600.0,10800.0,-2356.0
9700.0,10800.0,-2352.8
9800.0,10800.0,-2356.1
9900.0,10800.0,-2353.5
10000.0,10800.0,-2349.1
10100.0,10800.0,-2345.3
10200.0,10800.0,-2347.4
10300.0,10800.0,-2346.1
10400.0,10800.0,-2346.3
10500.0,10800.0,-2343.5
10600.0,10800.0,-2335.2
10700.0,10800.0,-2346.0
10800.0,10800.0,-2338.4
10900.0,10800.0,-2339.4
11000.0,10800.0,-2340.3
11100.0,10800.0,-2340.4
11200.0,10800.0,-2334.5
11300.0,10800.0,-2342.9
11400.0,10800.0,-2342.4
11500.0,10800.0,-2345.8
11600.0,10800.0,-2353.0
11700.0,10800.0,-2354.9
11800.0,10800.0,-2353.4
11900.0,10800.0,-2350.9
12000.0,10800.0,-2352.9
12100.0,10800.0,-2357.2
12200.0,10800.0,-2362.9
12300.0,10800.0,-2366.9
12400.0,10800.0,-2369.1
12500.0,10800.0,-2369.9
12600.0,10800.0,-2375.5
12700.0,10800.0,-2376.6
12800.0,10800.0,-2381.9
12900.0,10800.0,-2388.4
13000.0,10800.0,-2388.8
13100.0,10800.0,-2392.7
13200.0,10800.0,-2399.2
13300.0,10800.0,-2400.2
13400.0,10800.0,-2405.4
13500.0,10800.0,-2406.2
13600.0,10800.0,-2415.2
13700.0,10800.0,-2418.3
13800.0,10800.0,-2425.1
13900.0,10800.0,-2436.0
14000.0,10800.0,-2437.8
14100.0,10800.0,-2450.6
14200.0,10800.0,-2447.6
14300.0,10800.0,-2450.5
14400.0,10800.0,-2456.6
14500.0,10800.0,-2460.2
14600.0,10800.0,-2465.4
14700.0,10800.0,-2468.4
14800.0,10800.0,-2476.3
14900.0,10800.0,-2480.9
15000.0,10800.0,-2491.4
15100.0,10800.0,-2492.4
15200.0,10800.0,-2494.0
15300.0,10800.0,-2497.5
15400.0,10800.0,-2495.9
15500.0,10800.0,-2504.6
15600.0,10800.0,-2506.5
15700.0,10800.0,-2517.2
15800.0,10800.0,-2515.2
15900.0,10800.0,-2525.7
16000.0,10800.0,-2522.5
16100.0,10800.0,-2528.8
16200.0,10800.0,-2531.0
16300.0,10800.0,-2530.9
16400.0,10800.0,-2529.9
16500.0,10800.0,-2536.6
16600.0,10800.0,-2536.3
16700.0,10800.0,-2544.0
16800.0,10800.0,-2546.5
16900.0,10800.0,-2547.5
17000.0,10800.0,-2552.9
17100.0,10800.0,-2554.6
17200.0,10800.0,-2553.6
17300.0,10800.0,-2563.0
17400.0,10800.0,-2560.1
17500.0,10800.0,-2558.0
17600.0,10800.0,-2571.1
17700.0,10800.0,-2561.5
17800.0,10800.0,-2573.7
17900.0,10800.0,-2571.5
18000.0,10800.0,-2568.6
18100.0,10800.0,-2580.6
18200.0,10800.0,-2574.0
18300.0,10800.0,-2567.9
18400.0,10800.0,-2576.6
18500.0,10800.0,-2572.0
18600.0,10800.0,-2572.3
18700.0,10800.0,-2577.2
18800.0,10800.0,-2570.5
18900.0,10800.0,-2569.7
19000.0,10800.0,-2571.7
19100.0,10800.0,-2570.2
19200.0,10800.0,-2564.0
19300.0,10800.0,-2563.8
19400.0,10800.0,-2563.1
19500.0,10800.0,-2559.2
19600.0,10800.0,-2554.2
19700.0,10800.0,-2558.5
19800.0,10800.0,-2546.1
19900.0,10800.0,-2542.1
20000.0,10800.0,-2543.5
0.0,10900.0,-2643.2
100.0,10900.0,-2640.3
200.0,10900.0,-2632.6
300.0,10900.0,-2631.0
400.0,10900.0,-2633.5
500.0,10900.0,-2626.3
600.0,10900.0,-2633.7
700.0,10900.0,-2629.6
800.0,10900.0,-2629.7
900.0,10900.0,-2626.0
1000.0,10900.0,-2623.1
1100.0,10900.0,-2617.8
1200.0,10900.0,-2622.2
1300.0,10900.0,-2616.4
1400.0,10900.0,-2618.0
1500.0,10900.0,-2614.3
1600.0,10900.0,-2616.0
1700.0,10900.0,-2610.8
1800.0,10900.0,-2611.2
1900.0,10900.0,-2616.7
2000.0,10900.0,-2608.8
2100.0,10900.0,-2606.8
2200.0,10900.0,-2607.0
2300.0,10900.0,-2604.1
2400.0,10900.0,-2601.4
2500.0,10900.0,-2605.8
2600.0,10900.0,-2605.6
2700.0,10900.0,-2603.8
2800.0,10900.0,-2604.9
2900.0,10900.0,-2596.7
3000.0,10900.0,-2598.8
3100.0,10900.0,-2602.7
3200.0,10900.0,-2593.7
3300.0,10900.0,-2590.4
3400.0,10900.0,-2587.8
3500.0,10900.0,-2590.4
3600.0,10900.0,-2588.6
3700.0,10900.0,-2585.4
3800.0,10900.0,-2584.4
3900.0,10900.0,-2576.3
4000.0,10900.0,-2573.8
4100.0,10900.0,-2569.6
4200.0,10900.0,-2567.7
4300.0,10900.0,-2560.7
4400.0,10900.0,-2552.5
4500.0,10900.0,-2550.4
4600.0,10900.0,-2542.5
4700.0,10900.0,-2536.0
4800.0,10900.0,-2527.7
4900.0,10900.0,-2529.0
5000.0,10900.0,-2515.7
5100.0,10900.0,-2511.5
5200.0,10900.0,-2505.6
5300.0,10900.0,-2498.4
5400.0,10900.0,-2496.6
5500.0,10900.0,-2490.2
5600.0,10900.0,-2477.1
5700.0,10900.0,-2470.1
5800.0,10900.0,-2465.4
5900.0,10900.0,-2460.5
6000.0,10900.0,-2455.0
6100.0,10900.0,-2446.7
6200.0,10900.0,-2437.8
6300.0,10900.0,-2434.5
6400.0,10900.0,-2435.3
6500.0,10900.0,-2430.5
6600.0,10900.0,-2428.4
6700.0,10900.0,-2421.3
6800.0,10900.0,-2411.5
6900.0,10900.0,-2414.4
7000.0,10900.0,-2413.5
7100.0,10900.0,-2403.7
7200.0,10900.0,-2406.2
7300.0,10900.0,-2399.3
7400.0,10900.0,-2400.8
7500.0,10900.0,-2400.3
7600.0,10900.0,-2398.5
7700.0,10900.0,-2393.0
7800.0,10900.0,-2391.1
7900.0,10900.0,-2387.0
8000.0,10900.0,-2391.2
8100.0,10900.0,-2389.4
8200.0,10900.0,-2388.1
8300.0,10900.0,-2382.6
8400.0,10900.0,-2388.4
8500.0,10900.0,-2382.8
8600.0,10900.0,-2382.1
8700.0,10900.0,-2382.6
8800.0,10900.0,-2379.4
8900.0,10900.0,-2374.7
9000.0,10900.0,-2373.4
9100.0,10900.0,-2380.8
9200.0,10900.0,-2370.7
9300.0,10900.0,-2365.0
9400.0,10900.0,-2362.9
9500.0,10900.0,-2364.9
9600.0,10900.0,-2359.7
9700.0,10900.0,-2362.2
9800.0,10900.0,-2359.2
9900.0,10900.0,-2356.1
10000.0,10900.0,-2348.7
10100.0,10900.0,-2349.2
10200.0,10900.0,-2345.5
10300.0,10900.0,-2346.9
10400.0,10900.0,-2338.5
10500.0,10900.0,-2348.7
10600.0,10900.0,-2343.8
10700.0,10900.0,-2341.9
10800.0,10900.0,-2341.1
10900.0,10900.0,-2336.8
11000.0,10900.0,-2340.3
11100.0,10900.0,-2339.9
11200.0,10900.0,-2341.8
11300.0,10900.0,-2343.5
11400.0,10900.0,-2347.1
11500.0,10900.0,-2343.6
11600.0,10900.0,-2350.4
11700.0,10900.0,-2345.2
11800.0,10900.0,-2351.9
11900.0,10900.0,-2348.6
12000.0,10900.0,-2350.8
12100.0,10900.0,-2357.0
12200.0,10900.0,-2358.1
12300.0,10900.0,-2366.0
12400.0,10900.0,-2368.6
12500.0,10900.0,-2365.7
12600.0,10900.0,-2368.3
12700.0,10900.0,-2376.7
12800.0,10900.0,-2379.1
12900.0,10900.0,-2385.2
13000.0,10900.0,-2385.5
13100.0,10900.0,-2393.2
13200.0,10900.0,-2393.4
13300.0,10900.0,-2403.0
13400.0,10900.0,-2400.9
13500.0,10900.0,-2412.1
13600.0,10900.0,-2413.4
13700.0,10900.0,-2420.0
13800.0,10900.0,-2423.9
13900.0,10900.0,-2429.7
14000.0,10900.0,-2436.4
14100.0,10900.0,-2443.9
14200.0,10900.0,-2441.6
14300.0,10900.0,-2455.1
14400.0,10900.0,-2458.3
14500.0,10900.0,-2458.5
14600.0,10900.0,-2463.6
14700.0,10900.0,-2473.6
14800.0,10900.0,-2474.4
14900.0,10900.0,-2480.7
15000.0,10900.0,-2487.8
15100.0,10900.0,-2486.3
15200.0,10900.0,-2495.6
15300.0,10900.0,-2498.9
15400.0,10900.0,-2497.9
15500.0,10900.0,-2502.5
15600.0,10900.0,-2512.9
15700.0,10900.0,-2515.3
15800.0,10900.0,-2521.0
15900.0,10900.0,-2518.9
16000.0,10900.0,-2525.3
16100.0,10900.0,-2527.7
16200.0,10900.0,-2525.1
16300.0,10900.0,-2534.2
16400.0,10900.0,-2537.8
16500.0,10900.0,-2539.7
16600.0,10900.0,-2543.0
16700.0,10900.0,-2540.3
16800.0,10900.0,-2545.8
16900.0,10900.0,-2549.6
17000.0,10900.0,-2549.9
17100.0,10900.0,-2556.2
17200.0,10900.0,-2557.3
17300.0,10900.0,-2563.2
17400.0,10900.0,-2555.6
17500.0,10900.0,-2564.2
17600.0,10900.0,-2566.3
17700.0,10900.0,-2571.9
17800.0,10900.0,-2569.1
17900.0,10900.0,-2571.9
18000.0,10900.0,-2569.9
18100.0,10900.0,-2575.4
18200.0,10900.0,-2574.4
18300.0,10900.0,-2576.0
18400.0,10900.0,-2577.1
18500.0,10900.0,-2576.3
18600.0,10900.0,-2576.9
18700.0,10900.0,-2571.3
18800.0,10900.0,-2573.9
18900.0,10900.0,-2566.3
19000.0,10900.0,-2571.9
19100.0,10900.0,-2569.0
19200.0,10900.0,-2567.3
19300.0,10900.0,-2559.8
19400.0,10900.0,-2562.1
19500.0,10900.0,-2557.8
19600.0,10900.0,-2554.8
19700.0,10900.0,-2550.5
19800.0,10900.0,-2544.5
19900.0,10900.0,-2541.3
20000.0,10900.0,-2542.4
0.0,11000.0,-2643.3
100.0,11000.0,-2643.0
200.0,11000.0,-2635.1
300.0,11000.0,-2633.4
400.0,11000.0,-2634.8
500.0,11000.0,-2640.6
600.0,11000.0,-2633.7
700.0,11000.0,-2628.6
800.0,11000.0,-2621.9
900.0,11000.0,-2624.0
1000.0,11000.0,-2624.6
1100.0,11000.0,-2630.0
1200.0,11000.0,-2620.9
1300.0,11000.0,-2618.8
1400.0,11000.0,-2622.8
1500.0,11000.0,-2624.3
1600.0,11000.0,-2619.4
1700.0,11000.0,-2612.9
1800.0,11000.0,-2618.3
1900.0,11000.0,-2616.3
2000.0,11000.0,-2606.3
2100.0,11000.0,-2605.9
2200.0,11000.0,-2612.8
2300.0,11000.0,-2609.8
2400.0,11000.0,-2603.0
2500.0,11000.0,-2598.5
2600.0,11000.0,-2606.0
2700.0,11000.0,-2606.9
2800.0,11000.0,-2596.4
2900.0,11000.0,-2600.9
3000.0,11000.0,-2599.8
3100.0,11000.0,-2591.6
3200.0,11000.0,-2597.5
3300.0,11000.0,-2592.5
3400.0,11000.0,-2594.7
3500.0,11000.0,-2586.0
3600.0,11000.0,-2578.0
3700.0,11000.0,-2582.4
3800.0,11000.0,-2577.3
3900.0,11000.0,-2573.2
4000.0,11000.0,-2573.3
4100.0,11000.0,-2566.8
4200.0,11000.0,-2561.3
4300.0,11000.0,-2555.3
4400.0,11000.0,-2551.3
4500.0,11000.0,-2542.0
4600.0,11000.0,-2537.4
4700.0,11000.0,-2530.1
4800.0,11000.0,-2526.8
4900.0,11000.0,-2516.8
5000.0,11000.0,-2519.6
5100.0,11000.0,-2509.0
5200.0,11000.0,-2501.2
5300.0,11000.0,-2495.2
5400.0,11000.0,-2486.4
5500.0,11000.0,-2481.3
5600.0,11000.0,-2477.9
5700.0,11000.0,-2482.6
5800.0,11000.0,-2465.1
5900.0,11000.0,-2460.6
6000.0,11000.0,-2453.6
6100.0,11000.0,-2445.4
6200.0,11000.0,-2438.7
6300.0,11000.0,-2434.4
6400.0,11000.0,-2430.7
6500.0,11000.0,-2427.3
6600.0,11000.0,-2423.4
6700.0,11000.0,-2415.8
6800.0,11000.0,-2416.3
6900.0,11000.0,-2410.5
7000.0,11000.0,-2412.9
7100.0,11000.0,-2411.2
7200.0,11000.0,-2405.6
7300.0,11000.0,-2406.2
7400.0,11000.0,-2410.8
7500.0,11000.0,-2396.2
7600.0,11000.0,-2396.4
7700.0,11000.0,-2395.4
7800.0,11000.0,-2397.8
7900.0,11000.0,-2395.2
8000.0,11000.0,-2389.3
8100.0,11000.0,-2387.1
8200.0,11000.0,-2393.6
8300.0,11000.0,-2386.9
8400.0,11000.0,-2384.2
8500.0,11000.0,-2385.4
8600.0,11000.0,-2385.8
8700.0,11000.0,-2381.4
8800.0,11000.0,-2384.7
8900.0,11000.0,-2382.1
9000.0,11000.0,-2369.4
9100.0,11000.0,-2371.9
9200.0,11000.0,-2369.1
9300.0,11000.0,-2372.9
9400.0,11000.0,-2369.0
9500.0,11000.0,-2367.4
9600.0,11000.0,-2361.6
9700.0,11000.0,-2358.6
9800.0,11000.0,-2356.7
9900.0,11000.0,-2353.9
10000.0,11000.0,-2352.1
10100.0,11000.0,-2349.2
10200.0,11000.0,-2352.7
10300.0,11000.0,-2353.3
10400.0,11000.0,-2343.7
10500.0,11000.0,-2350.0
10600.0,11000.0,-2344.2
10700.0,11000.0,-2345.2
10800.0,11000.0,-2348.0
10900.0,11000.0,-2346.6
11000.0,11000.0,-2345.3
11100.0,11000.0,-2340.2
11200.0,11000.0,-2345.6
11300.0,11000.0,-2347.2
11400.0,11000.0,-2339.3
11500.0,11000.0,-2346.9
11600.0,11000.0,-2347.2
11700.0,11000.0,-2347.5
11800.0,11000.0,-2351.2
11900.0,11000.0,-2348.4
12000.0,11000.0,-2347.9
12100.0,11000.0,-2355.7
12200.0,11000.0,-2355.4
12300.0,11000.0,-2356.4
12400.0,11000.0,-2365.3
12500.0,11000.0,-2372.3
12600.0,11000.0,-2369.5
12700.0,11000.0,-2371.8
12800.0,11000.0,-2378.7
12900.0,11000.0,-2381.6
13000.0,11000.0,-2382.6
13100.0,11000.0,-2393.3
13200.0,11000.0,-2394.0
13300.0,11000.0,-2390.3
13400.0,11000.0,-2402.8
13500.0,11000.0,-2412.1
13600.0,11000.0,-2410.4
13700.0,11000.0,-2418.5
13800.0,11000.0,-2419.4
13900.0,11000.0,-2425.4
14000.0,11000.0,-2435.5
14100.0,11000.0,-2442.1
14200.0,11000.0,-2442.0
14300.0,11000.0,-2446.2
14400.0,11000.0,-2455.2
14500.0,11000.0,-2458.8
14600.0,11000.0,-2460.5
14700.0,11000.0,-2464.7
14800.0,11000.0,-2476.5
14900.0,11000.0,-2471.1
15000.0,11000.0,-2487.0
15100.0,11000.0,-2487.7
15200.0,11000.0,-2494.3
15300.0,11000.0,-2495.2
15400.0,11000.0,-2507.4
15500.0,11000.0,-2508.3
15600.0,11000.0,-2505.3
15700.0,11000.0,-2511.8
15800.0,11000.0,-2518.5
15900.0,11000.0,-2523.2
16000.0,11000.0,-2529.0
16100.0,11000.0,-2532.8
16200.0,11000.0,-2535.6
16300.0,11000.0,-2538.6
16400.0,11000.0,-2537.7
16500.0,11000.0,-2539.3
16600.0,11000.0,-2546.3
16700.0,11000.0,-2547.9
16800.0,11000.0,-2544.4
16900.0,11000.0,-2553.8
17000.0,11000.0,-2555.7
17100.0,11000.0,-2557.6
17200.0,11000.0,-2561.6
17300.0,11000.0,-2563.3
17400.0,11000.0,-2565.7
17500.0,11000.0,-2569.4
17600.0,11000.0,-2574.1
17700.0,11000.0,-2566.9
17800.0,11000.0,-2570.8
17900.0,11000.0,-2573.5
18000.0,11000.0,-2570.2
18100.0,11000.0,-2579.8
18200.0,11000.0,-2576.8
18300.0,11000.0,-2572.7
18400.0,11000.0,-2576.8
18500.0,11000.0,-2573.7
18600.0,11000.0,-2577.5
18700.0,11000.0,-2575.5
18800.0,11000.0,-2573.2
18900.0,11000.0,-2571.3
19000.0,11000.0,-2570.4
19100.0,11000.0,-2571.0
19200.0,11000.0,-2565.0
19300.0,11000.0,-2560.2
19400.0,11000.0,-2561.6
19500.0,11000.0,-2559.0
19600.0,11000.0,-2555.0
19700.0,11000.0,-2548.4
19800.0,11000.0,-2543.6
19900.0,11000.0,-2538.7
20000.0,11000.0,-2536.7
0.0,11100.0,-2651.9
100.0,11100.0,-2645.9
200.0,11100.0,-2646.8
300.0,11100.0,-2636.5
400.0,11100.0,-2640.2
500.0,11100.0,-2638.6
600.0,11100.0,-2633.0
700.0,11100.0,-2631.0
800.0,11100.0,-2630.3
900.0,11100.0,-2631.7
1000.0,11100.0,-2627.0
1100.0,11100.0,-2625.7
1200.0,11100.0,-2622.6
1300.0,11100.0,-2619.1
1400.0,11100.0,-2620.2
1500.0,11100.0,-2616.6
1600.0,11100.0,-2614.6
1700.0,11100.0,-2610.0
1800.0,11100.0,-2608.3
1900.0,11100.0,-2611.2
2000.0,11100.0,-2612.7
2100.0,11100.0,-2608.5
2200.0,11100.0,-2610.0
2300.0,11100.0,-2604.9
2400.0,11100.0,-2606.5
2500.0,11100.0,-2600.8
2600.0,11100.0,-2601.7
2700.0,11100.0,-2606.5
2800.0,11100.0,-2595.7
2900.0,11100.0,-2599.5
3000.0,11100.0,-2598.3
3100.0,11100.0,-2593.7
3200.0,11100.0,-2592.4
3300.0,11100.0,-2590.0
3400.0,11100.0,-2593.8
3500.0,11100.0,-2581.4
3600.0,11100.0,-2586.9
3700.0,11100.0,-2580.0
3800.0,11100.0,-2575.6
3900.0,11100.0,-2574.1
4000.0,11100.0,-2568.1
4100.0,11100.0,-2565.7
4200.0,11100.0,-2554.1
4300.0,11100.0,-2556.0
4400.0,11100.0,-2543.6
4500.0,11100.0,-2546.3
4600.0,11100.0,-2536.4
4700.0,11100.0,-2529.7
4800.0,11100.0,-2526.6
4900.0,11100.0,-2522.7
5000.0,11100.0,-2513.6
5100.0,11100.0,-2506.5
5200.0,11100.0,-2498.8
5300.0,11100.0,-2490.6
5400.0,11100.0,-2489.9
5500.0,11100.0,-2480.1
5600.0,11100.0,-2475.4
5700.0,11100.0,-2467.9
5800.0,11100.0,-2461.9
5900.0,11100.0,-2454.5
6000.0,11100.0,-2450.5
6100.0,11100.0,-2443.0
6200.0,11100.0,-2439.3
6300.0,11100.0,-2436.8
6400.0,11100.0,-2433.2
6500.0,11100.0,-2430.4
6600.0,11100.0,-2422.0
6700.0,11100.0,-2419.3
6800.0,11100.0,-2417.4
6900.0,11100.0,-2413.8
7000.0,11100.0,-2408.2
7100.0,11100.0,-2406.2
7200.0,11100.0,-2406.0
7300.0,11100.0,-2405.7
7400.0,11100.0,-2403.1
7500.0,11100.0,-2405.1
7600.0,11100.0,-2400.1
7700.0,11100.0,-2396.5
7800.0,11100.0,-2397.9
7900.0,11100.0,-2395.7
8000.0,11100.0,-2392.7
8100.0,11100.0,-2393.4
8200.0,11100.0,-2391.4
8300.0,11100.0,-2393.1
8400.0,11100.0,-2385.6
8500.0,11100.0,-2391.0
8600.0,11100.0,-2389.1
8700.0,11100.0,-2386.1
8800.0,11100.0,-2381.6
8900.0,11100.0,-2377.3
9000.0,11100.0,-2377.1
9100.0,11100.0,-2375.8
9200.0,11100.0,-2374.8
9300.0,11100.0,-2371.8
9400.0,11100.0,-2368.7
9500.0,11100.0,-2369.8
9600.0,11100.0,-2365.6
9700.0,11100.0,-2361.6
9800.0,11100.0,-2361.5
9900.0,11100.0,-2362.0
10000.0,11100.0,-2361.1
10100.0,11100.0,-2353.2
10200.0,11100.0,-2351.4
10300.0,11100.0,-2345.0
10400.0,11100.0,-2355.5
10500.0,11100.0,-2345.6
10600.0,11100.0,-2345.4
10700.0,11100.0,-2342.8
10800.0,11100.0,-2343.2
10900.0,11100.0,-2345.2
11000.0,11100.0,-2343.0
11100.0,11100.0,-2345.8
11200.0,11100.0,-2348.7
11300.0,11100.0,-2344.7
11400.0,11100.0,-2341.9
11500.0,11100.0,-2344.9
11600.0,11100.0,-2343.2
11700.0,11100.0,-2344.9
11800.0,11100.0,-2352.3
11900.0,11100.0,-2350.0
12000.0,11100.0,-2349.6
12100.0,11100.0,-2353.7
12200.0,11100.0,-2350.5
12300.0,11100.0,-2358.7
12400.0,11100.0,-2361.7
12500.0,11100.0,-2369.3
12600.0,11100.0,-2372.9
12700.0,11100.0,-2369.2
12800.0,11100.0,-2373.6
12900.0,11100.0,-2383.8
13000.0,11100.0,-2382.5
13100.0,11100.0,-2383.7
13200.0,11100.0,-2389.6
13300.0,11100.0,-2395.5
13400.0,11100.0,-2400.0
13500.0,11100.0,-2398.5
13600.0,11100.0,-2413.1
13700.0,11100.0,-2408.7
13800.0,11100.0,-2418.6
13900.0,11100.0,-2417.0
14000.0,11100.0,-2428.0
14100.0,11100.0,-2444.1
14200.0,11100.0,-2437.7
14300.0,11100.0,-2445.4
14400.0,11100.0,-2454.5
14500.0,11100.0,-2452.3
14600.0,11100.0,-2461.4
14700.0,11100.0,-2463.8
14800.0,11100.0,-2468.5
14900.0,11100.0,-2481.1
15000.0,11100.0,-2478.1
15100.0,11100.0,-2488.6
15200.0,11100.0,-2495.3
15300.0,11100.0,-2497.5
15400.0,11100.0,-2502.0
15500.0,11100.0,-2498.9
15600.0,11100.0,-2511.6
15700.0,11100.0,-2516.7
15800.0,11100.0,-2516.6
15900.0,11100.0,-2524.2
16000.0,11100.0,-2523.9
16100.0,11100.0,-2530.0
16200.0,11100.0,-2536.2
16300.0,11100.0,-2536.5
16400.0,11100.0,-2540.2
16500.0,11100.0,-2547.9
16600.0,11100.0,-2547.7
16700.0,11100.0,-2542.7
16800.0,11100.0,-2548.5
16900.0,11100.0,-2556.6
17000.0,11100.0,-2556.2
17100.0,11100.0,-2557.9
17200.0,11100.0,-2568.9
17300.0,11100.0,-2566.2
17400.0,11100.0,-2563.1
17500.0,11100.0,-2570.7
17600.0,11100.0,-2566.4
17700.0,11100.0,-2576.8
17800.0,11100.0,-2572.6
17900.0,11100.0,-2570.2
18000.0,11100.0,-2573.2
18100.0,11100.0,-2573.4
18200.0,11100.0,-2578.9
18300.0,11100.0,-2581.3
18400.0,11100.0,-2574.6
18500.0,11100.0,-2578.2
18600.0,11100.0,-2568.7
18700.0,11100.0,-2574.5
18800.0,11100.0,-2574.1
18900.0,11100.0,-2574.5
19000.0,11100.0,-2572.0
19100.0,11100.0,-2569.7
19200.0,11100.0,-2562.4
19300.0,11100.0,-2561.7
19400.0,11100.0,-2563.4
19500.0,11100.0,-2558.1
19600.0,11100.0,-2555.4
19700.0,11100.0,-2549.9
19800.0,11100.0,-2543.9
19900.0,11100.0,-2540.0
20000.0,11100.0,-2538.7
0.0,11200.0,-2650.3
100.0,11200.0,-2653.1
200.0,11200.0,-2646.0
300.0,11200.0,-2642.5
400.0,11200.0,-2642.8
500.0,11200.0,-2640.8
600.0,11200.0,-2641.9
700.0,11200.0,-2640.6
800.0,11200.0,-2634.9
900.0,11200.0,-2635.8
1000.0,11200.0,-2634.5
1100.0,11200.0,-2626.2
1200.0,11200.0,-2622.4
1300.0,11200.0,-2620.2
1400.0,11200.0,-2618.8
1500.0,11200.0,-2618.5
1600.0,11200.0,-2610.8
1700.0,11200.0,-2617.1
1800.0,11200.0,-2614.2
1900.0,11200.0,-2616.4
2000.0,11200.0,-2609.0
2100.0,11200.0,-2612.0
2200.0,11200.0,-2610.1
2300.0,11200.0,-2602.8
2400.0,11200.0,-2603.4
2500.0,11200.0,-2608.1
2600.0,11200.0,-2600.0
2700.0,11200.0,-2603.2
2800.0,11200.0,-2602.5
2900.0,11200.0,-2595.3
3000.0,11200.0,-2594.1
3100.0,11200.0,-2599.9
3200.0,11200.0,-2589.1
3300.0,11200.0,-2589.7
3400.0,11200.0,-2587.2
3500.0,11200.0,-2579.3
3600.0,11200.0,-2579.3
3700.0,11200.0,-2573.8
3800.0,11200.0,-2573.8
3900.0,11200.0,-2570.4
4000.0,11200.0,-2565.1
4100.0,11200.0,-2560.3
4200.0,11200.0,-2555.7
4300.0,11200.0,-2547.9
4400.0,11200.0,-2543.4
4500.0,11200.0,-2539.5
4600.0,11200.0,-2536.6
4700.0,11200.0,-2526.6
4800.0,11200.0,-2521.6
4900.0,11200.0,-2517.1
5000.0,11200.0,-2513.4
5100.0,11200.0,-2506.9
5200.0,11200.0,-2500.0
5300.0,11200.0,-2487.8
5400.0,11200.0,-2483.9
5500.0,11200.0,-2475.7
5600.0,11200.0,-2478.8
5700.0,11200.0,-2471.8
5800.0,11200.0,-2463.7
5900.0,11200.0,-2462.0
6000.0,11200.0,-2453.7
6100.0,11200.0,-2448.7
6200.0,11200.0,-2441.2
6300.0,11200.0,-2440.0
6400.0,11200.0,-2433.0
6500.0,11200.0,-2427.7
6600.0,11200.0,-2421.6
6700.0,11200.0,-2419.0
6800.0,11200.0,-2417.0
6900.0,11200.0,-2425.1
7000.0,11200.0,-2415.6
7100.0,11200.0,-2411.2
7200.0,11200.0,-2413.5
7300.0,11200.0,-2407.1
7400.0,11200.0,-2406.0
7500.0,11200.0,-2400.1
7600.0,11200.0,-2408.3
7700.0,11200.0,-2402.4
7800.0,11200.0,-2397.3
7900.0,11200.0,-2400.7
8000.0,11200.0,-2396.0
8100.0,11200.0,-2403.0
8200.0,11200.0,-2398.8
8300.0,11200.0,-2397.0
8400.0,11200.0,-2392.5
8500.0,11200.0,-2389.4
8600.0,11200.0,-2382.5
8700.0,11200.0,-2392.0
8800.0,11200.0,-2385.8
8900.0,11200.0,-2380.4
9000.0,11200.0,-2379.8
9100.0,11200.0,-2380.7
9200.0,11200.0,-2375.7
9300.0,11200.0,-2373.4
9400.0,11200.0,-2372.8
9500.0,11200.0,-2363.5
9600.0,11200.0,-2369.1
9700.0,11200.0,-2364.2
9800.0,11200.0,-2361.5
9900.0,11200.0,-2363.5
10000.0,11200.0,-2357.9
10100.0,11200.0,-2362.0
10200.0,11200.0,-2357.6
10300.0,11200.0,-2351.6
10400.0,11200.0,-2355.3
10500.0,11200.0,-2352.7
10600.0,11200.0,-2347.5
10700.0,11200.0,-2348.5
10800.0,11200.0,-2352.3
10900.0,11200.0,-2348.2
11000.0,11200.0,-2343.3
11100.0,11200.0,-2341.4
11200.0,11200.0,-2345.1
11300.0,11200.0,-2343.2
11400.0,11200.0,-2348.4
11500.0,11200.0,-2344.8
11600.0,11200.0,-2345.8
11700.0,11200.0,-2348.0
11800.0,11200.0,-2350.9
11900.0,11200.0,-2347.0
12000.0,11200.0,-2351.2
12100.0,11200.0,-2356.5
12200.0,11200.0,-2351.5
12300.0,11200.0,-2355.4
12400.0,11200.0,-2362.4
12500.0,11200.0,-2362.1
12600.0,11200.0,-2364.5
12700.0,11200.0,-2367.6
12800.0,11200.0,-2370.4
12900.0,11200.0,-2376.9
13000.0,11200.0,-2379.3
13100.0,11200.0,-2376.8
13200.0,11200.0,-2388.0
13300.0,11200.0,-2392.4
13400.0,11200.0,-2399.6
13500.0,11200.0,-2402.3
13600.0,11200.0,-2407.7
13700.0,11200.0,-2406.8
13800.0,11200.0,-2415.4
13900.0,11200.0,-2420.2
14000.0,11200.0,-2431.6
14100.0,11200.0,-2428.8
14200.0,11200.0,-2432.4
14300.0,11200.0,-2440.1
14400.0,11200.0,-2448.0
14500.0,11200.0,-2454.9
14600.0,11200.0,-2458.4
14700.0,11200.0,-2466.1
14800.0,11200.0,-2472.1
14900.0,11200.0,-2478.1
15000.0,11200.0,-2480.7
15100.0,11200.0,-2483.6
15200.0,11200.0,-2494.5
15300.0,11200.0,-2500.3
15400.0,11200.0,-2497.7
15500.0,11200.0,-2506.1
15600.0,11200.0,-2510.9
15700.0,11200.0,-2519.0
15800.0,11200.0,-2518.4
15900.0,11200.0,-2524.2
16000.0,11200.0,-2528.1
16100.0,11200.0,-2530.5
16200.0,11200.0,-2542.1
16300.0,11200.0,-2540.3
16400.0,11200.0,-2545.3
16500.0,11200.0,-2546.5
16600.0,11200.0,-2544.1
16700.0,11200.0,-2547.8
16800.0,11200.0,-2554.3
16900.0,11200.0,-2554.3
17000.0,11200.0,-2556.0
17100.0,11200.0,-2566.4
17200.0,11200.0,-2564.3
17300.0,11200.0,-2563.3
17400.0,11200.0,-2567.8
17500.0,11200.0,-2567.2
17600.0,11200.0,-2567.0
17700.0,11200.0,-2574.2
17800.0,11200.0,-2569.7
17900.0,11200.0,-2580.5
18000.0,11200.0,-2577.9
18100.0,11200.0,-2581.9
18200.0,11200.0,-2582.0
18300.0,11200.0,-2578.6
18400.0,11200.0,-2576.3
18500.0,11200.0,-2577.5
18600.0,11200.0,-2577.0
18700.0,11200.0,-2574.6
18800.0,11200.0,-2579.4
18900.0,11200.0,-2568.6
19000.0,11200.0,-2563.3
19100.0,11200.0,-2569.2
19200.0,11200.0,-2567.5
19300.0,11200.0,-2566.6
19400.0,11200.0,-2556.9
19500.0,11200.0,-2554.4
19600.0,11200.0,-2555.0
19700.0,11200.0,-2545.5
19800.0,11200.0,-2544.1
19900.0,11200.0,-2544.6
20000.0,11200.0,-2536.5
0.0,11300.0,-2660.6
100.0,11300.0,-2658.5
200.0,11300.0,-2656.6
300.0,11300.0,-2654.2
400.0,11300.0,-2638.2
500.0,11300.0,-2644.3
600.0,11300.0,-2642.7
700.0,11300.0,-2634.9
800.0,11300.0,-2637.2
900.0,11300.0,-2635.6
1000.0,11300.0,-2633.9
1100.0,11300.0,-2629.8
1200.0,11300.0,-2625.8
1300.0,11300.0,-2622.1
1400.0,11300.0,-2622.5
1500.0,11300.0,-2620.3
1600.0,11300.0,-2616.9
1700.0,11300.0,-2621.1
1800.0,11300.0,-2618.4
1900.0,11300.0,-2612.6
2000.0,11300.0,-2609.0
2100.0,11300.0,-2618.3
2200.0,11300.0,-2611.4
2300.0,11300.0,-2605.6
2400.0,11300.0,-2606.3
2500.0,11300.0,-2605.9
2600.0,11300.0,-2601.4
2700.0,11300.0,-2599.8
2800.0,11300.0,-2600.8
2900.0,11300.0,-2597.3
3000.0,11300.0,-2591.9
3100.0,11300.0,-2594.5
3200.0,11300.0,-2590.5
3300.0,11300.0,-2589.7
3400.0,11300.0,-2588.2
3500.0,11300.0,-2587.8
3600.0,11300.0,-2586.1
3700.0,11300.0,-2576.5
3800.0,11300.0,-2575.8
3900.0,11300.0,-2562.4
4000.0,11300.0,-2556.8
4100.0,11300.0,-2559.8
4200.0,11300.0,-2556.3
4300.0,11300.0,-2552.7
4400.0,11300.0,-2545.2
4500.0,11300.0,-2539.0
4600.0,11300.0,-2529.4
4700.0,11300.0,-2532.8
4800.0,11300.0,-2522.3
4900.0,11300.0,-2520.0
5000.0,11300.0,-2505.1
5100.0,11300.0,-2502.4
5200.0,11300.0,-2495.7
5300.0,11300.0,-2491.4
5400.0,11300.0,-2487.0
5500.0,11300.0,-2468.6
5600.0,11300.0,-2472.3
5700.0,11300.0,-2472.3
5800.0,11300.0,-2462.2
5900.0,11300.0,-2455.7
6000.0,11300.0,-2455.7
6100.0,11300.0,-2455.7
6200.0,11300.0,-2445.9
6300.0,11300.0,-2432.8
6400.0,11300.0,-2441.2
6500.0,11300.0,-2429.0
6600.0,11300.0,-2429.0
6700.0,11300.0,-2424.6
6800.0,11300.0,-2423.4
6900.0,11300.0,-2421.8
7000.0,11300.0,-2414.4
7100.0,11300.0,-2413.6
7200.0,11300.0,-2411.4
7300.0,11300.0,-2409.3
7400.0,11300.0,-2412.5
7500.0,11300.0,-2406.7
7600.0,11300.0,-2405.4
7700.0,11300.0,-2406.5
7800.0,11300.0,-2402.0
7900.0,11300.0,-2400.9
8000.0,11300.0,-2400.8
8100.0,11300.0,-2402.9
8200.0,11300.0,-2394.4
8300.0,11300.0,-2397.3
8400.0,11300.0,-2396.1
8500.0,11300.0,-2390.1
8600.0,11300.0,-2395.2
8700.0,11300.0,-2390.1
8800.0,11300.0,-2391.1
8900.0,11300.0,-2389.4
9000.0,11300.0,-2384.8
9100.0,11300.0,-2380.3
9200.0,11300.0,-2385.1
9300.0,11300.0,-2378.5
9400.0,11300.0,-2375.3
9500.0,11300.0,-2375.6
9600.0,11300.0,-2371.4
9700.0,11300.0,-2372.6
9800.0,11300.0,-2375.1
9900.0,11300.0,-2363.4
10000.0,11300.0,-2361.5
10100.0,11300.0,-2358.0
10200.0,11300.0,-2359.4
10300.0,11300.0,-2362.1
10400.0,11300.0,-2349.5
10500.0,11300.0,-2357.8
10600.0,11300.0,-2349.7
10700.0,11300.0,-2352.7
10800.0,11300.0,-2353.9
10900.0,11300.0,-2350.4
11000.0,11300.0,-2346.3
11100.0,11300.0,-2349.8
11200.0,11300.0,-2350.0
11300.0,11300.0,-2342.8
11400.0,11300.0,-2344.3
11500.0,11300.0,-2351.8
11600.0,11300.0,-2346.5
11700.0,11300.0,-2350.9
11800.0,11300.0,-2348.0
11900.0,11300.0,-2352.3
12000.0,11300.0,-2348.2
12100.0,11300.0,-2354.8
12200.0,11300.0,-2357.2
12300.0,11300.0,-2356.3
12400.0,11300.0,-2363.2
12500.0,11300.0,-2355.9
12600.0,11300.0,-2367.7
12700.0,11300.0,-2369.6
12800.0,11300.0,-2367.7
12900.0,11300.0,-2374.4
13000.0,11300.0,-2382.7
13100.0,11300.0,-2380.6
13200.0,11300.0,-2381.1
13300.0,11300.0,-2387.7
13400.0,11300.0,-2397.1
13500.0,11300.0,-2397.7
13600.0,11300.0,-2401.2
13700.0,11300.0,-2409.6
13800.0,11300.0,-2407.2
13900.0,11300.0,-2418.6
14000.0,11300.0,-2426.2
14100.0,11300.0,-2428.0
14200.0,11300.0,-2436.8
14300.0,11300.0,-2440.5
14400.0,11300.0,-2447.1
14500.0,11300.0,-2454.2
14600.0,11300.0,-2459.1
14700.0,11300.0,-2463.9
14800.0,11300.0,-2469.1
14900.0,11300.0,-2476.0
15000.0,11300.0,-2479.4
15100.0,11300.0,-2490.0
15200.0,11300.0,-2492.0
15300.0,11300.0,-2495.2
15400.0,11300.0,-2508.2
15500.0,11300.0,-2511.2
15600.0,11300.0,-2510.1
15700.0,11300.0,-2521.1
15800.0,11300.0,-2522.4
15900.0,11300.0,-2528.1
16000.0,11300.0,-2527.4
16100.0,11300.0,-2536.9
16200.0,11300.0,-2537.7
16300.0,11300.0,-2544.1
16400.0,11300.0,-2544.1
16500.0,11300.0,-2549.3
16600.0,11300.0,-2549.0
16700.0,11300.0,-2550.9
16800.0,11300.0,-2555.7
16900.0,11300.0,-2554.0
17000.0,11300.0,-2562.1
17100.0,11300.0,-2566.4
17200.0,11300.0,-2562.3
17300.0,11300.0,-2562.4
17400.0,11300.0,-2567.9
17500.0,11300.0,-2570.5
17600.0,11300.0,-2572.5
17700.0,11300.0,-2573.5
17800.0,11300.0,-2574.6
17900.0,11300.0,-2572.3
18000.0,11300.0,-2575.5
18100.0,11300.0,-2576.9
18200.0,11300.0,-2580.7
18300.0,11300.0,-2578.4
18400.0,11300.0,-2577.9
18500.0,11300.0,-2576.0
18600.0,11300.0,-2577.6
18700.0,11300.0,-2580.1
18800.0,11300.0,-2578.0
18900.0,11300.0,-2572.2
19000.0,11300.0,-2571.1
19100.0,11300.0,-2568.7
19200.0,11300.0,-2569.7
19300.0,11300.0,-2566.7
19400.0,11300.0,-2561.3
19500.0,11300.0,-2559.4
19600.0,11300.0,-2552.2
19700.0,11300.0,-2547.9
19800.0,11300.0,-2544.2
19900.0,11300.0,-2544.1
20000.0,11300.0,-2535.6
0.0,11400.0,-2661.8
100.0,11400.0,-2664.4
200.0,11400.0,-2661.4
300.0,11400.0,-2652.1
400.0,11400.0,-2659.7
500.0,11400.0,-2646.0
600.0,11400.0,-2646.8
700.0,11400.0,-2646.0
800.0,11400.0,-2640.8
900.0,11400.0,-2639.0
1000.0,11400.0,-2636.7
1100.0,11400.0,-2637.2
1200.0,11400.0,-2628.5
1300.0,11400.0,-2621.3
1400.0,11400.0,-2622.0
1500.0,11400.0,-2623.9
1600.0,11400.0,-2624.6
1700.0,11400.0,-2618.6
1800.0,11400.0,-2614.8
1900.0,11400.0,-2609.3
2000.0,11400.0,-2610.5
2100.0,11400.0,-2607.0
2200.0,11400.0,-2609.7
2300.0,11400.0,-2613.0
2400.0,11400.0,-2604.0
2500.0,11400.0,-2611.7
2600.0,11400.0,-2602.0
2700.0,11400.0,-2603.3
2800.0,11400.0,-2604.6
2900.0,11400.0,-2600.2
3000.0,11400.0,-2593.1
3100.0,11400.0,-2593.0
3200.0,11400.0,-2590.0
3300.0,11400.0,-2585.0
3400.0,11400.0,-2589.0
3500.0,11400.0,-2583.6
3600.0,11400.0,-2580.5
3700.0,11400.0,-2575.4
3800.0,11400.0,-2570.4
3900.0,11400.0,-2570.2
4000.0,11400.0,-2561.9
4100.0,11400.0,-2557.4
4200.0,11400.0,-2551.3
4300.0,11400.0,-2546.7
4400.0,11400.0,-2540.2
4500.0,11400.0,-2539.3
4600.0,11400.0,-2531.2
4700.0,11400.0,-2525.1
4800.0,11400.0,-2512.6
4900.0,11400.0,-2511.6
5000.0,11400.0,-2503.2
5100.0,11400.0,-2498.9
5200.0,11400.0,-2496.3
5300.0,11400.0,-2489.3
5400.0,11400.0,-2485.2
5500.0,11400.0,-2474.8
5600.0,11400.0,-2467.7
5700.0,11400.0,-2468.5
5800.0,11400.0,-2462.8
5900.0,11400.0,-2455.9
6000.0,11400.0,-2452.9
6100.0,11400.0,-2446.8
6200.0,11400.0,-2445.1
6300.0,11400.0,-2437.9
6400.0,11400.0,-2436.1
6500.0,11400.0,-2432.0
6600.0,11400.0,-2430.2
6700.0,11400.0,-2423.6
6800.0,11400.0,-2422.1
6900.0,11400.0,-2415.1
7000.0,11400.0,-2413.7
7100.0,11400.0,-2412.9
7200.0,11400.0,-2417.4
7300.0,11400.0,-2418.6
7400.0,11400.0,-2413.0
7500.0,11400.0,-2409.7
7600.0,11400.0,-2407.3
7700.0,11400.0,-2409.7
7800.0,11400.0,-2408.4
7900.0,11400.0,-2411.0
8000.0,11400.0,-2402.5
8100.0,11400.0,-2408.2
8200.0,11400.0,-2402.7
8300.0,11400.0,-2402.8
8400.0,11400.0,-2403.1
8500.0,11400.0,-2401.9
8600.0,11400.0,-2397.4
8700.0,11400.0,-2399.8
8800.0,11400.0,-2397.0
8900.0,11400.0,-2392.9
9000.0,11400.0,-2388.2
9100.0,11400.0,-2386.0
9200.0,11400.0,-2383.8
9300.0,11400.0,-2383.7
9400.0,11400.0,-2386.1
9500.0,11400.0,-2385.4
9600.0,11400.0,-2376.1
9700.0,11400.0,-2374.8
9800.0,11400.0,-2374.6
9900.0,11400.0,-2369.1
10000.0,11400.0,-2368.4
10100.0,11400.0,-2370.5
10200.0,11400.0,-2368.6
10300.0,11400.0,-2359.7
10400.0,11400.0,-2363.9
10500.0,11400.0,-2357.2
10600.0,11400.0,-2353.1
10700.0,11400.0,-2357.3
10800.0,11400.0,-2359.6
10900.0,11400.0,-2353.9
11000.0,11400.0,-2352.9
11100.0,11400.0,-2352.5
11200.0,11400.0,-2350.9
11300.0,11400.0,-2359.5
11400.0,11400.0,-2350.2
11500.0,11400.0,-2355.7
11600.0,11400.0,-2353.1
11700.0,11400.0,-2354.6
11800.0,11400.0,-2348.9
11900.0,11400.0,-2360.0
12000.0,11400.0,-2353.8
12100.0,11400.0,-2356.8
12200.0,11400.0,-2360.1
12300.0,11400.0,-2361.9
12400.0,11400.0,-2358.5
12500.0,11400.0,-2354.8
12600.0,11400.0,-2366.9
12700.0,11400.0,-2363.9
12800.0,11400.0,-2374.8
12900.0,11400.0,-2369.4
13000.0,11400.0,-2379.7
13100.0,11400.0,-2380.5
13200.0,11400.0,-2380.2
13300.0,11400.0,-2387.0
13400.0,11400.0,-2387.0
13500.0,11400.0,-2398.9
13600.0,11400.0,-2396.1
13700.0,11400.0,-2401.0
13800.0,11400.0,-2411.9
13900.0,11400.0,-2413.6
14000.0,11400.0,-2418.0
14100.0,11400.0,-2426.5
14200.0,11400.0,-2431.9
14300.0,11400.0,-2441.1
14400.0,11400.0,-2438.6
14500.0,11400.0,-2451.5
14600.0,11400.0,-2457.3
14700.0,11400.0,-2461.4
14800.0,11400.0,-2463.0
14900.0,11400.0,-2471.0
15000.0,11400.0,-2476.6
15100.0,11400.0,-2484.7
15200.0,11400.0,-2494.1
15300.0,11400.0,-2498.0
15400.0,11400.0,-2499.5
15500.0,11400.0,-2507.5
15600.0,11400.0,-2516.8
15700.0,11400.0,-2519.2
15800.0,11400.0,-2523.0
15900.0,11400.0,-2529.2
16000.0,11400.0,-2532.2
16100.0,11400.0,-2530.5
16200.0,11400.0,-2541.7
16300.0,11400.0,-2547.2
16400.0,11400.0,-2544.3
16500.0,11400.0,-2547.7
16600.0,11400.0,-2554.5
16700.0,11400.0,-2554.9
16800.0,11400.0,-2558.4
16900.0,11400.0,-2564.6
17000.0,11400.0,-2562.6
17100.0,11400.0,-2565.5
17200.0,11400.0,-2568.7
17300.0,11400.0,-2568.8
17400.0,11400.0,-2568.4
17500.0,11400.0,-2577.1
17600.0,11400.0,-2568.3
17700.0,11400.0,-2574.5
17800.0,11400.0,-2580.8
17900.0,11400.0,-2575.1
18000.0,11400.0,-2579.8
18100.0,11400.0,-2573.2
18200.0,11400.0,-2578.9
18300.0,11400.0,-2580.1
18400.0,11400.0,-2577.9
18500.0,11400.0,-2582.2
18600.0,11400.0,-2579.8
18700.0,11400.0,-2576.9
18800.0,11400.0,-2577.7
18900.0,11400.0,-2572.0
19000.0,11400.0,-2574.3
19100.0,11400.0,-2571.2
19200.0,11400.0,-2561.9
19300.0,11400.0,-2561.6
19400.0,11400.0,-2558.5
19500.0,11400.0,-2558.4
19600.0,11400.0,-2554.5
19700.0,11400.0,-2550.9
19800.0,11400.0,-2551.1
19900.0,11400.0,-2536.1
20000.0,11400.0,-2534.7
0.0,11500.0,-2670.4
100.0,11500.0,-2668.9
200.0,11500.0,-2658.8
300.0,11500.0,-2666.0
400.0,11500.0,-2665.5
500.0,11500.0,-2654.3
600.0,11500.0,-2648.5
700.0,11500.0,-2649.2
800.0,11500.0,-2642.4
900.0,11500.0,-2644.9
1000.0,11500.0,-2645.2
1100.0,11500.0,-2631.7
1200.0,11500.0,-2631.1
1300.0,11500.0,-2632.3
1400.0,11500.0,-2629.7
1500.0,11500.0,-2628.2
1600.0,11500.0,-2623.9
1700.0,11500.0,-2621.2
1800.0,11500.0,-2620.4
1900.0,11500.0,-2613.4
2000.0,11500.0,-2614.0
2100.0,11500.0,-2612.4
2200.0,11500.0,-2605.5
2300.0,11500.0,-2607.0
2400.0,11500.0,-2608.4
2500.0,11500.0,-2607.8
2600.0,11500.0,-2604.4
2700.0,11500.0,-2599.2
2800.0,11500.0,-2592.9
2900.0,11500.0,-2600.4
3000.0,11500.0,-2593.3
3100.0,11500.0,-2593.0
3200.0,11500.0,-2588.8
3300.0,11500.0,-2585.2
3400.0,11500.0,-2587.2
3500.0,11500.0,-2582.4
3600.0,11500.0,-2575.3
3700.0,11500.0,-2577.3
3800.0,11500.0,-2568.6
3900.0,11500.0,-2565.5
4000.0,11500.0,-2560.3
4100.0,11500.0,-2555.6
4200.0,11500.0,-2551.8
4300.0,11500.0,-2549.2
4400.0,11500.0,-2544.2
4500.0,11500.0,-2529.6
4600.0,11500.0,-2522.2
4700.0,11500.0,-2521.4
4800.0,11500.0,-2515.8
4900.0,11500.0,-2513.4
5000.0,11500.0,-2504.9
5100.0,11500.0,-2501.0
5200.0,11500.0,-2493.8
5300.0,11500.0,-2489.5
5400.0,11500.0,-2480.6
5500.0,11500.0,-2476.1
5600.0,11500.0,-2468.6
5700.0,11500.0,-2464.8
5800.0,11500.0,-2459.4
5900.0,11500.0,-2455.8
6000.0,11500.0,-2456.0
6100.0,11500.0,-2450.8
6200.0,11500.0,-2441.1
6300.0,11500.0,-2439.9
6400.0,11500.0,-2436.1
6500.0,11500.0,-2429.1
6600.0,11500.0,-2425.8
6700.0,11500.0,-2421.4
6800.0,11500.0,-2422.1
6900.0,11500.0,-2422.6
7000.0,11500.0,-2423.6
7100.0,11500.0,-2417.1
7200.0,11500.0,-2418.5
7300.0,11500.0,-2415.6
7400.0,11500.0,-2413.7
7500.0,11500.0,-2419.3
7600.0,11500.0,-2417.5
7700.0,11500.0,-2408.3
7800.0,11500.0,-2408.1
7900.0,11500.0,-2411.7
8000.0,11500.0,-2406.9
8100.0,11500.0,-2412.9
8200.0,11500.0,-2406.9
8300.0,11500.0,-2406.0
8400.0,11500.0,-2404.5
8500.0,11500.0,-2404.3
8600.0,11500.0,-2404.7
8700.0,11500.0,-2403.1
8800.0,11500.0,-2403.1
8900.0,11500.0,-2399.7
9000.0,11500.0,-2397.8
9100.0,11500.0,-2393.6
9200.0,11500.0,-2393.7
9300.0,11500.0,-2391.7
9400.0,11500.0,-2389.6
9500.0,11500.0,-2385.3
9600.0,11500.0,-2385.2
9700.0,11500.0,-2380.5
9800.0,11500.0,-2379.7
9900.0,11500.0,-2374.7
10000.0,11500.0,-2374.9
10100.0,11500.0,-2371.2
10200.0,11500.0,-2375.0
10300.0,11500.0,-2369.3
10400.0,11500.0,-2368.8
10500.0,11500.0,-2362.5
10600.0,11500.0,-2363.0
10700.0,11500.0,-2361.0
10800.0,11500.0,-2359.2
10900.0,11500.0,-2359.7
11000.0,11500.0,-2363.3
11100.0,11500.0,-2356.4
11200.0,11500.0,-2354.4
11300.0,11500.0,-2353.3
11400.0,11500.0,-2352.8
11500.0,11500.0,-2349.7
11600.0,11500.0,-2353.3
11700.0,11500.0,-2355.6
11800.0,11500.0,-2353.7
11900.0,11500.0,-2353.0
12000.0,11500.0,-2354.2
12100.0,11500.0,-2357.0
12200.0,11500.0,-2351.9
12300.0,11500.0,-2357.3
12400.0,11500.0,-2359.9
12500.0,11500.0,-2361.4
12600.0,11500.0,-2359.6
12700.0,11500.0,-2366.7
12800.0,11500.0,-2369.0
12900.0,11500.0,-2372.9
13000.0,11500.0,-2379.3
13100.0,11500.0,-2386.8
13200.0,11500.0,-2382.1
13300.0,11500.0,-2386.7
13400.0,11500.0,-2390.5
13500.0,11500.0,-2392.4
13600.0,11500.0,-2400.3
13700.0,11500.0,-2400.0
13800.0,11500.0,-2402.8
13900.0,11500.0,-2413.1
14000.0,11500.0,-2421.9
14100.0,11500.0,-2419.5
14200.0,11500.0,-2428.1
14300.0,11500.0,-2437.9
14400.0,11500.0,-2439.2
14500.0,11500.0,-2451.7
14600.0,11500.0,-2452.9
14700.0,11500.0,-2464.3
14800.0,11500.0,-2463.3
14900.0,11500.0,-2471.7
15000.0,11500.0,-2474.8
15100.0,11500.0,-2486.3
15200.0,11500.0,-2491.5
15300.0,11500.0,-2498.1
15400.0,11500.0,-2498.9
15500.0,11500.0,-2507.0
15600.0,11500.0,-2508.5
15700.0,11500.0,-2522.4
15800.0,11500.0,-2516.5
15900.0,11500.0,-2530.6
16000.0,11500.0,-2530.5
16100.0,11500.0,-2539.2
16200.0,11500.0,-2538.1
16300.0,11500.0,-2544.4
16400.0,11500.0,-2549.9
16500.0,11500.0,-2547.9
16600.0,11500.0,-2554.6
16700.0,11500.0,-2552.8
16800.0,11500.0,-2559.4
16900.0,11500.0,-2563.2
17000.0,11500.0,-2569.4
17100.0,11500.0,-2559.9
17200.0,11500.0,-2575.4
17300.0,11500.0,-2567.5
17400.0,11500.0,-2576.1
17500.0,11500.0,-2579.6
17600.0,11500.0,-2577.9
17700.0,11500.0,-2576.3
17800.0,11500.0,-2583.0
17900.0,11500.0,-2580.8
18000.0,11500.0,-2582.6
18100.0,11500.0,-2578.0
18200.0,11500.0,-2580.5
18300.0,11500.0,-2580.5
18400.0,11500.0,-2583.7
18500.0,11500.0,-2575.7
18600.0,11500.0,-2576.1
18700.0,11500.0,-2577.3
18800.0,11500.0,-2573.5
18900.0,11500.0,-2577.4
19000.0,11500.0,-2572.2
19100.0,11500.0,-2570.2
19200.0,11500.0,-2565.2
19300.0,11500.0,-2564.3
19400.0,11500.0,-2557.1
19500.0,11500.0,-2558.6
19600.0,11500.0,-2548.0
19700.0,11500.0,-2555.0
19800.0,11500.0,-2543.2
19900.0,11500.0,-2539.9
20000.0,11500.0,-2545.2
0.0,11600.0,-2678.0
100.0,11600.0,-2672.7
200.0,11600.0,-2670.2
300.0,11600.0,-2669.4
400.0,11600.0,-2665.1
500.0,11600.0,-2660.9
600.0,11600.0,-2655.3
700.0,11600.0,-2653.4
800.0,11600.0,-2653.6
900.0,11600.0,-2649.4
1000.0,11600.0,-2641.9
1100.0,11600.0,-2635.4
1200.0,11600.0,-2631.6
1300.0,11600.0,-2630.6
1400.0,11600.0,-2627.7
1500.0,11600.0,-2623.7
1600.0,11600.0,-2624.7
1700.0,11600.0,-2625.7
1800.0,11600.0,-2616.2
1900.0,11600.0,-2617.8
2000.0,11600.0,-2612.9
2100.0,11600.0,-2613.6
2200.0,11600.0,-2609.2
2300.0,11600.0,-2614.0
2400.0,11600.0,-2606.6
2500.0,11600.0,-2599.9
2600.0,11600.0,-2602.1
2700.0,11600.0,-2603.0
2800.0,11600.0,-2601.3
2900.0,11600.0,-2595.8
3000.0,11600.0,-2597.5
3100.0,11600.0,-2594.9
3200.0,11600.0,-2592.5
3300.0,11600.0,-2588.7
3400.0,11600.0,-2585.1
3500.0,11600.0,-2579.1
3600.0,11600.0,-2576.2
3700.0,11600.0,-2572.4
3800.0,11600.0,-2575.4
3900.0,11600.0,-2564.6
4000.0,11600.0,-2560.2
4100.0,11600.0,-2555.9
4200.0,11600.0,-2548.4
4300.0,11600.0,-2547.6
4400.0,11600.0,-2539.6
4500.0,11600.0,-2531.8
4600.0,11600.0,-2522.4
4700.0,11600.0,-2521.9
4800.0,11600.0,-2515.7
4900.0,11600.0,-2509.5
5000.0,11600.0,-2506.0
5100.0,11600.0,-2500.1
5200.0,11600.0,-2489.4
5300.0,11600.0,-2487.9
5400.0,11600.0,-2480.6
5500.0,11600.0,-2473.3
5600.0,11600.0,-2468.1
5700.0,11600.0,-2468.9
5800.0,11600.0,-2458.5
5900.0,11600.0,-2453.2
6000.0,11600.0,-2450.0
6100.0,11600.0,-2441.2
6200.0,11600.0,-2440.5
6300.0,11600.0,-2438.7
6400.0,11600.0,-2436.6
6500.0,11600.0,-2430.7
6600.0,11600.0,-2433.4
6700.0,11600.0,-2427.8
6800.0,11600.0,-2424.6
6900.0,11600.0,-2419.1
7000.0,11600.0,-2426.7
7100.0,11600.0,-2420.3
7200.0,11600.0,-2417.1
7300.0,11600.0,-2419.6
7400.0,11600.0,-2416.3
7500.0,11600.0,-2419.3
7600.0,11600.0,-2417.7
7700.0,11600.0,-2410.2
7800.0,11600.0,-2410.7
7900.0,11600.0,-2411.0
8000.0,11600.0,-2414.1
8100.0,11600.0,-2413.5
8200.0,11600.0,-2413.1
8300.0,11600.0,-2410.1
8400.0,11600.0,-2410.8
8500.0,11600.0,-2409.3
8600.0,11600.0,-2406.9
8700.0,11600.0,-2411.6
8800.0,11600.0,-2402.0
8900.0,11600.0,-2401.7
9000.0,11600.0,-2403.5
9100.0,11600.0,-2402.0
9200.0,11600.0,-2404.1
9300.0,11600.0,-2392.8
9400.0,11600.0,-2391.3
9500.0,11600.0,-2388.6
9600.0,11600.0,-2393.2
9700.0,11600.0,-2383.9
9800.0,11600.0,-2385.4
9900.0,11600.0,-2386.1
10000.0,11600.0,-2382.4
10100.0,11600.0,-2380.9
10200.0,11600.0,-2383.6
10300.0,11600.0,-2375.5
10400.0,11600.0,-2374.9
10500.0,11600.0,-2373.4
10600.0,11600.0,-2371.4
10700.0,11600.0,-2370.6
10800.0,11600.0,-2370.2
10900.0,11600.0,-2363.9
11000.0,11600.0,-2364.2
11100.0,11600.0,-2362.8
11200.0,11600.0,-2367.5
11300.0,11600.0,-2362.6
11400.0,11600.0,-2361.4
11500.0,11600.0,-2355.7
11600.0,11600.0,-2353.9
11700.0,11600.0,-2359.7
11800.0,11600.0,-2362.4
11900.0,11600.0,-2357.3
12000.0,11600.0,-2360.0
12100.0,11600.0,-2359.9
12200.0,11600.0,-2362.7
12300.0,11600.0,-2364.6
12400.0,11600.0,-2356.5
12500.0,11600.0,-2365.5
12600.0,11600.0,-2366.4
12700.0,11600.0,-2368.6
12800.0,11600.0,-2368.6
12900.0,11600.0,-2369.4
13000.0,11600.0,-2369.9
13100.0,11600.0,-2374.8
13200.0,11600.0,-2377.0
13300.0,11600.0,-2387.2
13400.0,11600.0,-2390.7
13500.0,11600.0,-2390.1
13600.0,11600.0,-2395.5
13700.0,11600.0,-2401.6
13800.0,11600.0,-2404.7
13900.0,11600.0,-2411.7
14000.0,11600.0,-2413.1
14100.0,11600.0,-2419.1
14200.0,11600.0,-2431.4
14300.0,11600.0,-2437.0
14400.0,11600.0,-2437.3
14500.0,11600.0,-2445.3
14600.0,11600.0,-2453.5
14700.0,11600.0,-2458.8
14800.0,11600.0,-2462.1
14900.0,11600.0,-2471.9
15000.0,11600.0,-2477.6
15100.0,11600.0,-2480.3
15200.0,11600.0,-2495.6
15300.0,11600.0,-2502.0
15400.0,11600.0,-2501.4
15500.0,11600.0,-2508.7
15600.0,11600.0,-2509.8
15700.0,11600.0,-2514.3
15800.0,11600.0,-2526.5
15900.0,11600.0,-2526.4
16000.0,11600.0,-2528.7
16100.0,11600.0,-2532.5
16200.0,11600.0,-2542.3
16300.0,11600.0,-2544.2
16400.0,11600.0,-2556.6
16500.0,11600.0,-2554.9
16600.0,11600.0,-2554.2
16700.0,11600.0,-2564.1
16800.0,11600.0,-2556.1
16900.0,11600.0,-2566.8
17000.0,11600.0,-2569.9
17100.0,11600.0,-2566.8
17200.0,11600.0,-2575.8
17300.0,11600.0,-2575.4
17400.0,11600.0,-2577.0
17500.0,11600.0,-2576.7
17600.0,11600.0,-2576.0
17700.0,11600.0,-2574.8
17800.0,11600.0,-2585.9
17900.0,11600.0,-2587.6
18000.0,11600.0,-2582.0
18100.0,11600.0,-2581.9
18200.0,11600.0,-2577.4
18300.0,11600.0,-2577.6
18400.0,11600.0,-2587.9
18500.0,11600.0,-2574.3
18600.0,11600.0,-2578.3
18700.0,11600.0,-2577.3
18800.0,11600.0,-2574.0
18900.0,11600.0,-2575.6
19000.0,11600.0,-2571.5
19100.0,11600.0,-2566.1
19200.0,11600.0,-2565.3
19300.0,11600.0,-2563.0
19400.0,11600.0,-2557.7
19500.0,11600.0,-2556.4
19600.0,11600.0,-2552.6
19700.0,11600.0,-2546.6
19800.0,11600.0,-2547.5
19900.0,11600.0,-2547.7
20000.0,11600.0,-2538.4
0.0,11700.0,-2674.9
100.0,11700.0,-2681.1
200.0,11700.0,-2674.2
300.0,11700.0,-2672.9
400.0,11700.0,-2671.5
500.0,11700.0,-2664.7
600.0,11700.0,-2661.5
700.0,11700.0,-2660.2
800.0,11700.0,-2652.9
900.0,11700.0,-2648.5
1000.0,11700.0,-2644.1
1100.0,11700.0,-2643.5
1200.0,11700.0,-2638.0
1300.0,11700.0,-2637.8
1400.0,11700.0,-2628.7
1500.0,11700.0,-2631.6
1600.0,11700.0,-2624.4
1700.0,11700.0,-2617.9
1800.0,11700.0,-2621.6
1900.0,11700.0,-2618.9
2000.0,11700.0,-2614.7
2100.0,11700.0,-2616.1
2200.0,11700.0,-2615.2
2300.0,11700.0,-2603.7
2400.0,11700.0,-2607.7
2500.0,11700.0,-2606.1
2600.0,11700.0,-2601.5
2700.0,11700.0,-2599.1
2800.0,11700.0,-2596.5
2900.0,11700.0,-2596.6
3000.0,11700.0,-2597.0
3100.0,11700.0,-2595.0
3200.0,11700.0,-2593.7
3300.0,11700.0,-2586.5
3400.0,11700.0,-2585.0
3500.0,11700.0,-2584.9
3600.0,11700.0,-2571.2
3700.0,11700.0,-2574.8
3800.0,11700.0,-2568.6
3900.0,11700.0,-2563.4
4000.0,11700.0,-2554.2
4100.0,11700.0,-2555.0
4200.0,11700.0,-2552.5
4300.0,11700.0,-2538.7
4400.0,11700.0,-2539.8
4500.0,11700.0,-2532.6
4600.0,11700.0,-2530.7
4700.0,11700.0,-2514.9
4800.0,11700.0,-2515.6
4900.0,11700.0,-2505.2
5000.0,11700.0,-2500.7
5100.0,11700.0,-2492.4
5200.0,11700.0,-2487.1
5300.0,11700.0,-2483.1
5400.0,11700.0,-2482.2
5500.0,11700.0,-2467.4
5600.0,11700.0,-2461.0
5700.0,11700.0,-2462.0
5800.0,11700.0,-2459.5
5900.0,11700.0,-2451.8
6000.0,11700.0,-2452.0
6100.0,11700.0,-2444.8
6200.0,11700.0,-2444.4
6300.0,11700.0,-2447.5
6400.0,11700.0,-2432.9
6500.0,11700.0,-2435.2
6600.0,11700.0,-2436.3
6700.0,11700.0,-2435.9
6800.0,11700.0,-2429.3
6900.0,11700.0,-2423.0
7000.0,11700.0,-2425.9
7100.0,11700.0,-2419.6
7200.0,11700.0,-2425.0
7300.0,11700.0,-2426.3
7400.0,11700.0,-2422.6
7500.0,11700.0,-2420.4
7600.0,11700.0,-2424.1
7700.0,11700.0,-2423.9
7800.0,11700.0,-2424.0
7900.0,11700.0,-2415.7
8000.0,11700.0,-2415.8
8100.0,11700.0,-2417.1
8200.0,11700.0,-2418.3
8300.0,11700.0,-2419.3
8400.0,11700.0,-2411.9
8500.0,11700.0,-2416.6
8600.0,11700.0,-2414.4
8700.0,11700.0,-2407.2
8800.0,11700.0,-2412.3
8900.0,11700.0,-2414.4
9000.0,11700.0,-2404.8
9100.0,11700.0,-2408.8
9200.0,11700.0,-2403.0
9300.0,11700.0,-2402.0
9400.0,11700.0,-2401.5
9500.0,11700.0,-2401.0
9600.0,11700.0,-2398.2
9700.0,11700.0,-2396.5
9800.0,11700.0,-2390.3
9900.0,11700.0,-2388.7
10000.0,11700.0,-2392.8
10100.0,11700.0,-2392.8
10200.0,11700.0,-2380.1
10300.0,11700.0,-2383.2
10400.0,11700.0,-2377.4
10500.0,11700.0,-2375.5
10600.0,11700.0,-2379.5
10700.0,11700.0,-2365.4
10800.0,11700.0,-2366.5
10900.0,11700.0,-2365.5
11000.0,11700.0,-2363.2
11100.0,11700.0,-2367.7
11200.0,11700.0,-2363.1
11300.0,11700.0,-2363.0
11400.0,11700.0,-2361.8
11500.0,11700.0,-2361.5
11600.0,11700.0,-2362.5
11700.0,11700.0,-2363.5
11800.0,11700.0,-2363.1
11900.0,11700.0,-2358.0
12000.0,11700.0,-2362.1
12100.0,11700.0,-2363.2
12200.0,11700.0,-2363.9
12300.0,11700.0,-2358.8
12400.0,11700.0,-2367.8
12500.0,11700.0,-2364.3
12600.0,11700.0,-2366.2
12700.0,11700.0,-2365.4
12800.0,11700.0,-2371.2
12900.0,11700.0,-2374.8
13000.0,11700.0,-2375.4
13100.0,11700.0,-2375.8
13200.0,11700.0,-2381.3
13300.0,11700.0,-2382.9
13400.0,11700.0,-2388.7
13500.0,11700.0,-2390.1
13600.0,11700.0,-2394.5
13700.0,11700.0,-2403.5
13800.0,11700.0,-2409.6
13900.0,11700.0,-2412.9
14000.0,11700.0,-2414.3
14100.0,11700.0,-2413.5
14200.0,11700.0,-2424.6
14300.0,11700.0,-2433.7
14400.0,11700.0,-2434.9
14500.0,11700.0,-2439.6
14600.0,11700.0,-2448.3
14700.0,11700.0,-2460.6
14800.0,11700.0,-2459.8
14900.0,11700.0,-2467.2
15000.0,11700.0,-2477.2
15100.0,11700.0,-2486.2
15200.0,11700.0,-2486.4
15300.0,11700.0,-2496.4
15400.0,11700.0,-2502.0
15500.0,11700.0,-2505.7
15600.0,11700.0,-2511.6
15700.0,11700.0,-2523.0
15800.0,11700.0,-2527.8
15900.0,11700.0,-2525.6
16000.0,11700.0,-2534.9
16100.0,11700.0,-2540.8
16200.0,11700.0,-2547.1
16300.0,11700.0,-2547.3
16400.0,11700.0,-2548.0
16500.0,11700.0,-2552.3
16600.0,11700.0,-2557.8
16700.0,11700.0,-2561.5
16800.0,11700.0,-2567.0
16900.0,11700.0,-2564.7
17000.0,11700.0,-2568.8
17100.0,11700.0,-2570.4
17200.0,11700.0,-2570.6
17300.0,11700.0,-2577.7
17400.0,11700.0,-2578.6
17500.0,11700.0,-2579.5
17600.0,11700.0,-2573.8
17700.0,11700.0,-2583.7
17800.0,11700.0,-2578.7
17900.0,11700.0,-2581.0
18000.0,11700.0,-2577.1
18100.0,11700.0,-2581.3
18200.0,11700.0,-2583.1
18300.0,11700.0,-2583.6
18400.0,11700.0,-2579.8
18500.0,11700.0,-2580.9
18600.0,11700.0,-2577.4
18700.0,11700.0,-2576.1
18800.0,11700.0,-2579.9
18900.0,11700.0,-2574.2
19000.0,11700.0,-2578.9
19100.0,11700.0,-2569.8
19200.0,11700.0,-2568.6
19300.0,11700.0,-2565.3
19400.0,11700.0,-2560.8
19500.0,11700.0,-2563.3
19600.0,11700.0,-2558.6
19700.0,11700.0,-2555.5
19800.0,11700.0,-2543.0
19900.0,11700.0,-2540.5
20000.0,11700.0,-2537.7
0.0,11800.0,-2690.3
100.0,11800.0,-2685.9
200.0,11800.0,-2680.9
300.0,11800.0,-2681.0
400.0,11800.0,-2675.6
500.0,11800.0,-2664.5
600.0,11800.0,-2667.3
700.0,11800.0,-2666.3
800.0,11800.0,-2661.8
900.0,11800.0,-2653.8
1000.0,11800.0,-2649.7
1100.0,11800.0,-2642.3
1200.0,11800.0,-2650.8
1300.0,11800.0,-2637.1
1400.0,11800.0,-2638.6
1500.0,11800.0,-2635.7
1600.0,11800.0,-2631.9
1700.0,11800.0,-2629.6
1800.0,11800.0,-2622.3
1900.0,11800.0,-2621.6
2000.0,11800.0,-2618.3
2100.0,11800.0,-2614.9
2200.0,11800.0,-2612.2
2300.0,11800.0,-2611.2
2400.0,11800.0,-2613.7
2500.0,11800.0,-2605.5
2600.0,11800.0,-2607.5
2700.0,11800.0,-2601.1
2800.0,11800.0,-2606.7
2900.0,11800.0,-2594.9
3000.0,11800.0,-2595.1
3100.0,11800.0,-2592.9
3200.0,11800.0,-2584.9
3300.0,11800.0,-2588.0
3400.0,11800.0,-2578.1
3500.0,11800.0,-2574.2
3600.0,11800.0,-2570.7
3700.0,11800.0,-2568.6
3800.0,11800.0,-2565.3
3900.0,11800.0,-2559.6
4000.0,11800.0,-2558.2
4100.0,11800.0,-2553.1
4200.0,11800.0,-2547.2
4300.0,11800.0,-2544.0
4400.0,11800.0,-2533.1
4500.0,11800.0,-2526.7
4600.0,11800.0,-2521.1
4700.0,11800.0,-2519.4
4800.0,11800.0,-2508.1
4900.0,11800.0,-2504.4
5000.0,11800.0,-2503.6
5100.0,11800.0,-2494.5
5200.0,11800.0,-2490.6
5300.0,11800.0,-2482.4
5400.0,11800.0,-2472.4
5500.0,11800.0,-2472.8
5600.0,11800.0,-2467.4
5700.0,11800.0,-2467.8
5800.0,11800.0,-2461.1
5900.0,11800.0,-2452.5
6000.0,11800.0,-2449.2
6100.0,11800.0,-2452.3
6200.0,11800.0,-2440.5
6300.0,11800.0,-2447.9
6400.0,11800.0,-2441.1
6500.0,11800.0,-2441.7
6600.0,11800.0,-2433.5
6700.0,11800.0,-2434.8
6800.0,11800.0,-2425.8
6900.0,11800.0,-2426.2
7000.0,11800.0,-2431.6
7100.0,11800.0,-2422.8
7200.0,11800.0,-2426.6
7300.0,11800.0,-2425.4
7400.0,11800.0,-2427.1
7500.0,11800.0,-2420.2
7600.0,11800.0,-2422.0
7700.0,11800.0,-2428.6
7800.0,11800.0,-2428.9
7900.0,11800.0,-2428.6
8000.0,11800.0,-2424.3
8100.0,11800.0,-2424.1
8200.0,11800.0,-2423.2
8300.0,11800.0,-2427.5
8400.0,11800.0,-2429.4
8500.0,11800.0,-2423.7
8600.0,11800.0,-2421.3
8700.0,11800.0,-2422.7
8800.0,11800.0,-2417.2
8900.0,11800.0,-2417.9
9000.0,11800.0,-2416.3
9100.0,11800.0,-2415.6
9200.0,11800.0,-2408.6
9300.0,11800.0,-2408.4
9400.0,11800.0,-2405.2
9500.0,11800.0,-2408.3
9600.0,11800.0,-2401.0
9700.0,11800.0,-2401.9
9800.0,11800.0,-2397.4
9900.0,11800.0,-2395.3
10000.0,11800.0,-2397.7
10100.0,11800.0,-2390.0
10200.0,11800.0,-2390.8
10300.0,11800.0,-2383.5
10400.0,11800.0,-2384.3
10500.0,11800.0,-2389.0
10600.0,11800.0,-2381.5
10700.0,11800.0,-2381.1
10800.0,11800.0,-2378.1
10900.0,11800.0,-2377.3
11000.0,11800.0,-2375.4
11100.0,11800.0,-2374.2
11200.0,11800.0,-2378.5
11300.0,11800.0,-2369.9
11400.0,11800.0,-2363.6
11500.0,11800.0,-2371.1
11600.0,11800.0,-2365.5
11700.0,11800.0,-2368.8
11800.0,11800.0,-2366.6
11900.0,11800.0,-2368.3
12000.0,11800.0,-2371.6
12100.0,11800.0,-2366.5
12200.0,11800.0,-2364.3
12300.0,11800.0,-2364.7
12400.0,11800.0,-2366.3
12500.0,11800.0,-2368.5
12600.0,11800.0,-2362.8
12700.0,11800.0,-2368.4
12800.0,11800.0,-2371.7
12900.0,11800.0,-2370.1
13000.0,11800.0,-2377.3
13100.0,11800.0,-2373.8
13200.0,11800.0,-2377.4
13300.0,11800.0,-2386.6
13400.0,11800.0,-2386.6
13500.0,11800.0,-2392.5
13600.0,11800.0,-2390.0
13700.0,11800.0,-2395.6
13800.0,11800.0,-2400.3
13900.0,11800.0,-2407.3
14000.0,11800.0,-2412.6
14100.0,11800.0,-2417.8
14200.0,11800.0,-2423.9
14300.0,11800.0,-2428.0
14400.0,11800.0,-2439.0
14500.0,11800.0,-2439.3
14600.0,11800.0,-2447.4
14700.0,11800.0,-2452.3
14800.0,11800.0,-2461.8
14900.0,11800.0,-2470.6
15000.0,11800.0,-2474.0
15100.0,11800.0,-2477.0
15200.0,11800.0,-2489.8
15300.0,11800.0,-2492.1
15400.0,11800.0,-2504.9
15500.0,11800.0,-2505.2
15600.0,11800.0,-2512.4
15700.0,11800.0,-2519.2
15800.0,11800.0,-2522.6
15900.0,11800.0,-2526.6
16000.0,11800.0,-2535.0
16100.0,11800.0,-2542.3
16200.0,11800.0,-2541.9
16300.0,11800.0,-2549.8
16400.0,11800.0,-2552.2
16500.0,11800.0,-2554.9
16600.0,11800.0,-2565.5
16700.0,11800.0,-2570.3
16800.0,11800.0,-2569.9
16900.0,11800.0,-2575.8
17000.0,11800.0,-2573.6
17100.0,11800.0,-2574.2
17200.0,11800.0,-2577.9
17300.0,11800.0,-2578.4
17400.0,11800.0,-2578.9
17500.0,11800.0,-2577.0
17600.0,11800.0,-2583.3
17700.0,11800.0,-2585.8
17800.0,11800.0,-2584.7
17900.0,11800.0,-2584.5
18000.0,11800.0,-2585.4
18100.0,11800.0,-2582.9
18200.0,11800.0,-2585.8
18300.0,11800.0,-2582.9
18400.0,11800.0,-2574.2
18500.0,11800.0,-2583.1
18600.0,11800.0,-2576.2
18700.0,11800.0,-2583.6
18800.0,11800.0,-2575.7
18900.0,11800.0,-2575.5
19000.0,11800.0,-2576.7
19100.0,11800.0,-2567.6
19200.0,11800.0,-2569.2
19300.0,11800.0,-2565.7
19400.0,11800.0,-2563.2
19500.0,11800.0,-2561.0
19600.0,11800.0,-2554.1
19700.0,11800.0,-2548.9
19800.0,11800.0,-2549.1
19900.0,11800.0,-2544.3
20000.0,11800.0,-2538.9
0.0,11900.0,-2697.0
100.0,11900.0,-2692.6
200.0,11900.0,-2687.0
300.0,11900.0,-2685.9
400.0,11900.0,-2681.5
500.0,11900.0,-2678.6
600.0,11900.0,-2669.4
700.0,11900.0,-2669.7
800.0,11900.0,-2661.8
900.0,11900.0,-2658.2
1000.0,11900.0,-2652.6
1100.0,11900.0,-2652.5
1200.0,11900.0,-2642.8
1300.0,11900.0,-2645.9
1400.0,11900.0,-2637.3
1500.0,11900.0,-2635.6
1600.0,11900.0,-2637.4
1700.0,11900.0,-2629.3
1800.0,11900.0,-2623.0
1900.0,11900.0,-2624.4
2000.0,11900.0,-2616.3
2100.0,11900.0,-2616.3
2200.0,11900.0,-2620.8
2300.0,11900.0,-2614.4
2400.0,11900.0,-2607.4
2500.0,11900.0,-2610.0
2600.0,11900.0,-2608.5
2700.0,11900.0,-2602.5
2800.0,11900.0,-2599.9
2900.0,11900.0,-2597.1
3000.0,11900.0,-2593.0
3100.0,11900.0,-2594.1
3200.0,11900.0,-2590.1
3300.0,11900.0,-2583.7
3400.0,11900.0,-2582.2
3500.0,11900.0,-2578.2
3600.0,11900.0,-2578.8
3700.0,11900.0,-2568.9
3800.0,11900.0,-2571.1
3900.0,11900.0,-2563.0
4000.0,11900.0,-2555.9
4100.0,11900.0,-2549.6
4200.0,11900.0,-2548.1
4300.0,11900.0,-2538.0
4400.0,11900.0,-2534.3
4500.0,11900.0,-2525.8
4600.0,11900.0,-2520.2
4700.0,11900.0,-2515.4
4800.0,11900.0,-2512.1
4900.0,11900.0,-2504.2
5000.0,11900.0,-2492.8
5100.0,11900.0,-2493.7
5200.0,11900.0,-2488.3
5300.0,11900.0,-2481.3
5400.0,11900.0,-2478.6
5500.0,11900.0,-2476.5
5600.0,11900.0,-2465.2
5700.0,11900.0,-2462.6
5800.0,11900.0,-2454.8
5900.0,11900.0,-2455.4
6000.0,11900.0,-2448.2
6100.0,11900.0,-2448.6
6200.0,11900.0,-2450.3
6300.0,11900.0,-2443.2
6400.0,11900.0,-2434.7
6500.0,11900.0,-2439.7
6600.0,11900.0,-2442.0
6700.0,11900.0,-2428.8
6800.0,11900.0,-2432.5
6900.0,11900.0,-2435.4
7000.0,11900.0,-2431.6
7100.0,11900.0,-2426.5
7200.0,11900.0,-2436.0
7300.0,11900.0,-2433.5
7400.0,11900.0,-2431.8
7500.0,11900.0,-2427.2
7600.0,11900.0,-2427.7
7700.0,11900.0,-2436.0
7800.0,11900.0,-2426.8
7900.0,11900.0,-2430.8
8000.0,11900.0,-2434.0
8100.0,11900.0,-2437.8
8200.0,11900.0,-2429.3
8300.0,11900.0,-2426.3
8400.0,11900.0,-2431.4
8500.0,11900.0,-2431.9
8600.0,11900.0,-2433.0
8700.0,11900.0,-2429.3
8800.0,11900.0,-2429.5
8900.0,11900.0,-2424.7
9000.0,11900.0,-2422.2
9100.0,11900.0,-2418.9
9200.0,11900.0,-2418.5
9300.0,11900.0,-2416.8
9400.0,11900.0,-2420.0
9500.0,11900.0,-2412.1
9600.0,11900.0,-2411.5
9700.0,11900.0,-2411.1
9800.0,11900.0,-2405.7
9900.0,11900.0,-2399.8
10000.0,11900.0,-2401.5
10100.0,11900.0,-2399.4
10200.0,11900.0,-2396.0
10300.0,11900.0,-2396.9
10400.0,11900.0,-2396.7
10500.0,11900.0,-2390.4
10600.0,11900.0,-2391.8
10700.0,11900.0,-2386.4
10800.0,11900.0,-2388.4
10900.0,11900.0,-2384.2
11000.0,11900.0,-2378.8
11100.0,11900.0,-2378.4
11200.0,11900.0,-2379.2
11300.0,11900.0,-2381.3
11400.0,11900.0,-2370.2
11500.0,11900.0,-2376.0
11600.0,11900.0,-2368.8
11700.0,11900.0,-2372.2
11800.0,11900.0,-2372.1
11900.0,11900.0,-2371.7
12000.0,11900.0,-2368.8
12100.0,11900.0,-2373.0
12200.0,11900.0,-2367.7
12300.0,11900.0,-2364.8
12400.0,11900.0,-2370.3
12500.0,11900.0,-2367.9
12600.0,11900.0,-2369.7
12700.0,11900.0,-2371.0
12800.0,11900.0,-2372.5
12900.0,11900.0,-2373.8
13000.0,11900.0,-2376.1
13100.0,11900.0,-2376.8
13200.0,11900.0,-2375.6
13300.0,11900.0,-2372.0
13400.0,11900.0,-2380.6
13500.0,11900.0,-2393.3
13600.0,11900.0,-2390.0
13700.0,11900.0,-2398.2
13800.0,11900.0,-2398.3
13900.0,11900.0,-2403.2
14000.0,11900.0,-2411.7
14100.0,11900.0,-2409.6
14200.0,11900.0,-2423.2
14300.0,11900.0,-2430.0
14400.0,11900.0,-2435.3
14500.0,11900.0,-2437.1
14600.0,11900.0,-2443.3
14700.0,11900.0,-2451.1
14800.0,11900.0,-2465.3
14900.0,11900.0,-2465.9
15000.0,11900.0,-2471.2
15100.0,11900.0,-2476.6
15200.0,11900.0,-2481.8
15300.0,11900.0,-2495.1
15400.0,11900.0,-2498.9
15500.0,11900.0,-2510.2
15600.0,11900.0,-2516.0
15700.0,11900.0,-2515.5
15800.0,11900.0,-2526.7
15900.0,11900.0,-2534.9
16000.0,11900.0,-2535.5
16100.0,11900.0,-2538.2
16200.0,11900.0,-2546.4
16300.0,11900.0,-2550.2
16400.0,11900.0,-2551.1
16500.0,11900.0,-2557.4
16600.0,11900.0,-2563.5
16700.0,11900.0,-2566.9
16800.0,11900.0,-2564.4
16900.0,11900.0,-2569.5
17000.0,11900.0,-2575.9
17100.0,11900.0,-2573.2
17200.0,11900.0,-2582.6
17300.0,11900.0,-2576.2
17400.0,11900.0,-2578.6
17500.0,11900.0,-2584.3
17600.0,11900.0,-2580.8
17700.0,11900.0,-2583.6
17800.0,11900.0,-2585.5
17900.0,11900.0,-2593.4
18000.0,11900.0,-2582.5
18100.0,11900.0,-2586.8
18200.0,11900.0,-2584.3
18300.0,11900.0,-2585.8
18400.0,11900.0,-2583.4
18500.0,11900.0,-2583.2
18600.0,11900.0,-2579.6
18700.0,11900.0,-2581.3
18800.0,11900.0,-2578.7
18900.0,11900.0,-2580.2
19000.0,11900.0,-2569.0
19100.0,11900.0,-2570.0
19200.0,11900.0,-2572.1
19300.0,11900.0,-2564.4
19400.0,11900.0,-2568.0
19500.0,11900.0,-2561.3
19600.0,11900.0,-2560.9
19700.0,11900.0,-2555.4
19800.0,11900.0,-2545.1
19900.0,11900.0,-2543.4
20000.0,11900.0,-2544.4
0.0,12000.0,-2696.1
100.0,12000.0,-2700.5
200.0,12000.0,-2689.3
300.0,12000.0,-2695.1
400.0,12000.0,-2683.9
500.0,12000.0,-2683.2
600.0,12000.0,-2676.0
700.0,12000.0,-2671.9
800.0,12000.0,-2670.6
900.0,12000.0,-2666.2
1000.0,12000.0,-2661.5
1100.0,12000.0,-2657.1
1200.0,12000.0,-2652.9
1300.0,12000.0,-2649.1
1400.0,12000.0,-2641.7
1500.0,12000.0,-2640.5
1600.0,12000.0,-2635.7
1700.0,12000.0,-2634.4
1800.0,12000.0,-2630.5
1900.0,12000.0,-2628.3
2000.0,12000.0,-2619.3
2100.0,12000.0,-2619.2
2200.0,12000.0,-2620.8
2300.0,12000.0,-2617.5
2400.0,12000.0,-2613.1
2500.0,12000.0,-2608.2
2600.0,12000.0,-2604.9
2700.0,12000.0,-2607.5
2800.0,12000.0,-2599.4
2900.0,12000.0,-2602.2
3000.0,12000.0,-2602.2
3100.0,12000.0,-2597.0
3200.0,12000.0,-2591.2
3300.0,12000.0,-2586.4
3400.0,12000.0,-2584.5
3500.0,12000.0,-2578.9
3600.0,12000.0,-2580.9
3700.0,12000.0,-2573.6
3800.0,12000.0,-2569.6
3900.0,12000.0,-2565.4
4000.0,12000.0,-2559.4
4100.0,12000.0,-2553.0
4200.0,12000.0,-2541.6
4300.0,12000.0,-2535.1
4400.0,12000.0,-2535.5
4500.0,12000.0,-2529.9
4600.0,12000.0,-2519.8
4700.0,12000.0,-2516.0
4800.0,12000.0,-2511.3
4900.0,12000.0,-2508.1
5000.0,12000.0,-2505.7
5100.0,12000.0,-2495.3
5200.0,12000.0,-2487.7
5300.0,12000.0,-2480.5
5400.0,12000.0,-2472.3
5500.0,12000.0,-2472.5
5600.0,12000.0,-2468.1
5700.0,12000.0,-2465.5
5800.0,12000.0,-2454.9
5900.0,12000.0,-2454.2
6000.0,12000.0,-2449.6
6100.0,12000.0,-2448.3
6200.0,12000.0,-2451.1
6300.0,12000.0,-2446.6
6400.0,12000.0,-2437.7
6500.0,12000.0,-2439.9
6600.0,12000.0,-2433.5
6700.0,12000.0,-2436.3
6800.0,12000.0,-2434.7
6900.0,12000.0,-2432.8
7000.0,12000.0,-2433.0
7100.0,12000.0,-2434.4
7200.0,12000.0,-2430.8
7300.0,12000.0,-2435.1
7400.0,12000.0,-2431.4
7500.0,12000.0,-2433.9
7600.0,12000.0,-2436.1
7700.0,12000.0,-2437.4
7800.0,12000.0,-2436.7
7900.0,12000.0,-2436.8
8000.0,12000.0,-2434.5
8100.0,12000.0,-2440.8
8200.0,12000.0,-2439.2
8300.0,12000.0,-2435.3
8400.0,12000.0,-2442.6
8500.0,12000.0,-2437.8
8600.0,12000.0,-2432.1
8700.0,12000.0,-2433.5
8800.0,12000.0,-2436.4
8900.0,12000.0,-2431.9
9000.0,12000.0,-2432.0
9100.0,12000.0,-2430.4
9200.0,12000.0,-2429.3
9300.0,12000.0,-2423.8
9400.0,12000.0,-2424.7
9500.0,12000.0,-2420.1
9600.0,12000.0,-2418.8
9700.0,12000.0,-2415.1
9800.0,12000.0,-2422.9
9900.0,12000.0,-2420.5
10000.0,12000.0,-2413.1
10100.0,12000.0,-2408.7
10200.0,12000.0,-2408.3
10300.0,12000.0,-2401.2
10400.0,12000.0,-2402.1
10500.0,12000.0,-2397.6
10600.0,12000.0,-2392.8
10700.0,12000.0,-2391.4
10800.0,12000.0,-2391.7
10900.0,12000.0,-2390.3
11000.0,12000.0,-2384.9
11100.0,12000.0,-2391.5
11200.0,12000.0,-2386.7
11300.0,12000.0,-2382.5
11400.0,12000.0,-2383.8
11500.0,12000.0,-2380.3
11600.0,12000.0,-2381.1
11700.0,12000.0,-2374.8
11800.0,12000.0,-2378.7
11900.0,12000.0,-2374.0
12000.0,12000.0,-2372.8
12100.0,12000.0,-2369.2
12200.0,12000.0,-2373.6
12300.0,12000.0,-2371.5
12400.0,12000.0,-2373.3
12500.0,12000.0,-2375.1
12600.0,12000.0,-2371.6
12700.0,12000.0,-2373.1
12800.0,12000.0,-2379.3
12900.0,12000.0,-2367.0
13000.0,12000.0,-2369.9
13100.0,12000.0,-2379.1
13200.0,12000.0,-2379.0
13300.0,12000.0,-2380.0
13400.0,12000.0,-2385.6
13500.0,12000.0,-2386.2
13600.0,12000.0,-2389.7
13700.0,12000.0,-2394.3
13800.0,12000.0,-2399.0
13900.0,12000.0,-2401.0
14000.0,12000.0,-2404.8
14100.0,12000.0,-2417.7
14200.0,12000.0,-2416.7
14300.0,12000.0,-2421.1
14400.0,12000.0,-2433.7
14500.0,12000.0,-2436.8
14600.0,12000.0,-2442.1
14700.0,12000.0,-2446.5
14800.0,12000.0,-2465.8
14900.0,12000.0,-2464.0
15000.0,12000.0,-2471.3
15100.0,12000.0,-2479.0
15200.0,12000.0,-2478.8
15300.0,12000.0,-2487.7
15400.0,12000.0,-2495.9
15500.0,12000.0,-2504.5
15600.0,12000.0,-2511.1
15700.0,12000.0,-2518.2
15800.0,12000.0,-2521.4
15900.0,12000.0,-2531.3
16000.0,12000.0,-2541.2
16100.0,12000.0,-2543.4
16200.0,12000.0,-2541.5
16300.0,12000.0,-2553.9
16400.0,12000.0,-2554.6
16500.0,12000.0,-2560.4
16600.0,12000.0,-2566.1
16700.0,12000.0,-2573.3
16800.0,12000.0,-2569.4
16900.0,12000.0,-2576.4
17000.0,12000.0,-2574.3
17100.0,12000.0,-2580.6
17200.0,12000.0,-2580.1
17300.0,12000.0,-2581.0
17400.0,12000.0,-2579.5
17500.0,12000.0,-2578.8
17600.0,12000.0,-2584.4
17700.0,12000.0,-2584.1
17800.0,12000.0,-2585.8
17900.0,12000.0,-2591.5
18000.0,12000.0,-2585.7
18100.0,12000.0,-2586.2
18200.0,12000.0,-2580.3
18300.0,12000.0,-2587.9
18400.0,12000.0,-2588.3
18500.0,12000.0,-2586.2
18600.0,12000.0,-2582.7
18700.0,12000.0,-2576.4
18800.0,12000.0,-2577.3
18900.0,12000.0,-2577.3
19000.0,12000.0,-2571.4
19100.0,12000.0,-2576.3
19200.0,12000.0,-2573.3
19300.0,12000.0,-2566.5
19400.0,12000.0,-2568.6
19500.0,12000.0,-2562.6
19600.0,12000.0,-2560.2
19700.0,12000.0,-2554.9
19800.0,12000.0,-2548.7
19900.0,12000.0,-2550.1
20000.0,12000.0,-2545.8
0.0,12100.0,-2707.3
100.0,12100.0,-2701.7
200.0,12100.0,-2698.7
300.0,12100.0,-2702.3
400.0,12100.0,-2696.7
500.0,12100.0,-2689.6
600.0,12100.0,-2682.9
700.0,12100.0,-2680.3
800.0,12100.0,-2673.5
900.0,12100.0,-2674.6
1000.0,12100.0,-2667.0
1100.0,12100.0,-2664.0
1200.0,12100.0,-2656.9
1300.0,12100.0,-2653.5
1400.0,12100.0,-2652.9
1500.0,12100.0,-2647.6
1600.0,12100.0,-2641.1
1700.0,12100.0,-2641.2
1800.0,12100.0,-2638.1
1900.0,12100.0,-2638.2
2000.0,12100.0,-2623.7
2100.0,12100.0,-2626.9
2200.0,12100.0,-2619.6
2300.0,12100.0,-2621.1
2400.0,12100.0,-2617.9
2500.0,12100.0,-2613.4
2600.0,12100.0,-2608.0
2700.0,12100.0,-2603.8
2800.0,12100.0,-2597.8
2900.0,12100.0,-2598.4
3000.0,12100.0,-2590.8
3100.0,12100.0,-2591.9
3200.0,12100.0,-2592.5
3300.0,12100.0,-2589.6
3400.0,12100.0,-2586.2
3500.0,12100.0,-2580.4
3600.0,12100.0,-2578.4
3700.0,12100.0,-2568.8
3800.0,12100.0,-2567.1
3900.0,12100.0,-2557.2
4000.0,12100.0,-2559.7
4100.0,12100.0,-2550.1
4200.0,12100.0,-2548.0
4300.0,12100.0,-2534.9
4400.0,12100.0,-2534.2
4500.0,12100.0,-2527.2
4600.0,12100.0,-2521.9
4700.0,12100.0,-2519.0
4800.0,12100.0,-2507.4
4900.0,12100.0,-2502.9
5000.0,12100.0,-2494.6
5100.0,12100.0,-2491.0
5200.0,12100.0,-2490.2
5300.0,12100.0,-2480.0
5400.0,12100.0,-2478.5
5500.0,12100.0,-2471.2
5600.0,12100.0,-2475.5
5700.0,12100.0,-2463.2
5800.0,12100.0,-2458.2
5900.0,12100.0,-2454.4
6000.0,12100.0,-2451.3
6100.0,12100.0,-2445.0
6200.0,12100.0,-2441.1
6300.0,12100.0,-2445.5
6400.0,12100.0,-2440.9
6500.0,12100.0,-2438.6
6600.0,12100.0,-2440.6
6700.0,12100.0,-2433.4
6800.0,12100.0,-2440.4
6900.0,12100.0,-2440.1
7000.0,12100.0,-2437.6
7100.0,12100.0,-2434.9
7200.0,12100.0,-2438.7
7300.0,12100.0,-2436.9
7400.0,12100.0,-2440.3
7500.0,12100.0,-2435.8
7600.0,12100.0,-2440.9
7700.0,12100.0,-2433.6
7800.0,12100.0,-2438.2
7900.0,12100.0,-2435.8
8000.0,12100.0,-2441.0
8100.0,12100.0,-2443.9
8200.0,12100.0,-2444.3
8300.0,12100.0,-2446.3
8400.0,12100.0,-2438.9
8500.0,12100.0,-2439.0
8600.0,12100.0,-2444.8
8700.0,12100.0,-2443.6
8800.0,12100.0,-2439.7
8900.0,12100.0,-2441.5
9000.0,12100.0,-2440.9
9100.0,12100.0,-2439.4
9200.0,12100.0,-2439.7
9300.0,12100.0,-2434.9
9400.0,12100.0,-2432.4
9500.0,12100.0,-2430.0
9600.0,12100.0,-2431.9
9700.0,12100.0,-2424.7
9800.0,12100.0,-2421.9
9900.0,12100.0,-2417.1
10000.0,12100.0,-2416.4
10100.0,12100.0,-2420.4
10200.0,12100.0,-2416.1
10300.0,12100.0,-2418.4
10400.0,12100.0,-2418.1
10500.0,12100.0,-2411.2
10600.0,12100.0,-2402.9
10700.0,12100.0,-2400.9
10800.0,12100.0,-2395.6
10900.0,12100.0,-2404.5
11000.0,12100.0,-2394.4
11100.0,12100.0,-2394.4
11200.0,12100.0,-2390.2
11300.0,12100.0,-2382.8
11400.0,12100.0,-2394.2
11500.0,12100.0,-2384.9
11600.0,12100.0,-2383.1
11700.0,12100.0,-2383.1
11800.0,12100.0,-2388.5
11900.0,12100.0,-2379.1
12000.0,12100.0,-2377.5
12100.0,12100.0,-2371.0
12200.0,12100.0,-2376.8
12300.0,12100.0,-2380.1
12400.0,12100.0,-2373.5
12500.0,12100.0,-2373.8
12600.0,12100.0,-2373.5
12700.0,12100.0,-2380.7
12800.0,12100.0,-2376.0
12900.0,12100.0,-2382.5
13000.0,12100.0,-2379.1
13100.0,12100.0,-2374.8
13200.0,12100.0,-2386.0
13300.0,12100.0,-2382.0
13400.0,12100.0,-2385.3
13500.0,12100.0,-2387.7
13600.0,12100.0,-2389.2
13700.0,12100.0,-2390.7
13800.0,12100.0,-2398.7
13900.0,12100.0,-2403.5
14000.0,12100.0,-2407.8
14100.0,12100.0,-2408.0
14200.0,12100.0,-2419.3
14300.0,12100.0,-2425.0
14400.0,12100.0,-2429.1
14500.0,12100.0,-2434.1
14600.0,12100.0,-2440.5
14700.0,12100.0,-2445.2
14800.0,12100.0,-2452.5
14900.0,12100.0,-2467.3
15000.0,12100.0,-2467.5
15100.0,12100.0,-2477.2
15200.0,12100.0,-2479.7
15300.0,12100.0,-2488.4
15400.0,12100.0,-2498.0
15500.0,12100.0,-2503.8
15600.0,12100.0,-2507.3
15700.0,12100.0,-2519.9
15800.0,12100.0,-2525.1
15900.0,12100.0,-2530.0
16000.0,12100.0,-2533.4
16100.0,12100.0,-2539.3
16200.0,12100.0,-2547.7
16300.0,12100.0,-2549.1
16400.0,12100.0,-2563.9
16500.0,12100.0,-2555.7
16600.0,12100.0,-2567.9
16700.0,12100.0,-2568.9
16800.0,12100.0,-2571.7
16900.0,12100.0,-2573.3
17000.0,12100.0,-2569.7
17100.0,12100.0,-2577.4
17200.0,12100.0,-2580.7
17300.0,12100.0,-2586.4
17400.0,12100.0,-2586.0
17500.0,12100.0,-2591.6
17600.0,12100.0,-2586.8
17700.0,12100.0,-2589.5
17800.0,12100.0,-2588.2
17900.0,12100.0,-2582.2
18000.0,12100.0,-2581.2
18100.0,12100.0,-2590.3
18200.0,12100.0,-2590.8
18300.0,12100.0,-2589.1
18400.0,12100.0,-2581.4
18500.0,12100.0,-2586.1
18600.0,12100.0,-2583.1
18700.0,12100.0,-2582.5
18800.0,12100.0,-2585.4
18900.0,12100.0,-2585.1
19000.0,12100.0,-2576.5
19100.0,12100.0,-2576.7
19200.0,12100.0,-2577.1
19300.0,12100.0,-2569.8
19400.0,12100.0,-2565.7
19500.0,12100.0,-2559.9
19600.0,12100.0,-2558.2
19700.0,12100.0,-2557.2
19800.0,12100.0,-2554.1
19900.0,12100.0,-2550.0
20000.0,12100.0,-2542.3
0.0,12200.0,-2710.9
100.0,12200.0,-2706.9
200.0,12200.0,-2707.3
300.0,12200.0,-2699.9
400.0,12200.0,-2704.7
500.0,12200.0,-2697.5
600.0,12200.0,-2691.5
700.0,12200.0,-2682.9
800.0,12200.0,-2683.4
900.0,12200.0,-2673.7
1000.0,12200.0,-2673.3
1100.0,12200.0,-2666.8
1200.0,12200.0,-2666.6
1300.0,12200.0,-2652.9
1400.0,12200.0,-2656.6
1500.0,12200.0,-2650.7
1600.0,12200.0,-2647.3
1700.0,12200.0,-2642.3
1800.0,12200.0,-2633.8
1900.0,12200.0,-2635.0
2000.0,12200.0,-2629.9
2100.0,12200.0,-2625.7
2200.0,12200.0,-2632.1
2300.0,12200.0,-2617.0
2400.0,12200.0,-2623.1
2500.0,12200.0,-2617.0
2600.0,12200.0,-2613.6
2700.0,12200.0,-2604.0
2800.0,12200.0,-2606.0
2900.0,12200.0,-2604.2
3000.0,12200.0,-2596.7
3100.0,12200.0,-2598.4
3200.0,12200.0,-2595.9
3300.0,12200.0,-2584.7
3400.0,12200.0,-2583.0
3500.0,12200.0,-2581.2
3600.0,12200.0,-2572.3
3700.0,12200.0,-2569.2
3800.0,12200.0,-2567.1
3900.0,12200.0,-2561.4
4000.0,12200.0,-2547.7
4100.0,12200.0,-2551.4
4200.0,12200.0,-2543.8
4300.0,12200.0,-2547.0
4400.0,12200.0,-2530.9
4500.0,12200.0,-2530.1
4600.0,12200.0,-2523.6
4700.0,12200.0,-2521.8
4800.0,12200.0,-2514.0
4900.0,12200.0,-2507.2
5000.0,12200.0,-2500.5
5100.0,12200.0,-2492.8
5200.0,12200.0,-2487.0
5300.0,12200.0,-2487.0
5400.0,12200.0,-2480.7
5500.0,12200.0,-2470.3
5600.0,12200.0,-2474.2
5700.0,12200.0,-2466.1
5800.0,12200.0,-2456.9
5900.0,12200.0,-2454.1
6000.0,12200.0,-2454.5
6100.0,12200.0,-2450.7
6200.0,12200.0,-2448.2
6300.0,12200.0,-2444.4
6400.0,12200.0,-2440.6
6500.0,12200.0,-2441.0
6600.0,12200.0,-2441.6
6700.0,12200.0,-2444.8
6800.0,12200.0,-2436.8
6900.0,12200.0,-2438.4
7000.0,12200.0,-2440.7
7100.0,12200.0,-2440.9
7200.0,12200.0,-2439.7
7300.0,12200.0,-2438.3
7400.0,12200.0,-2443.0
7500.0,12200.0,-2439.7
7600.0,12200.0,-2447.2
7700.0,12200.0,-2444.8
7800.0,12200.0,-2449.8
7900.0,12200.0,-2449.9
8000.0,12200.0,-2455.1
8100.0,12200.0,-2454.2
8200.0,12200.0,-2449.3
8300.0,12200.0,-2451.1
8400.0,12200.0,-2451.7
8500.0,12200.0,-2451.1
8600.0,12200.0,-2455.0
8700.0,12200.0,-2454.7
8800.0,12200.0,-2443.5
8900.0,12200.0,-2451.0
9000.0,12200.0,-2444.1
9100.0,12200.0,-2448.1
9200.0,12200.0,-2442.1
9300.0,12200.0,-2444.1
9400.0,12200.0,-2443.8
9500.0,12200.0,-2442.0
9600.0,12200.0,-2436.5
9700.0,12200.0,-2432.8
9800.0,12200.0,-2435.7
9900.0,12200.0,-2432.7
10000.0,12200.0,-2436.6
10100.0,12200.0,-2424.1
10200.0,12200.0,-2422.3
10300.0,12200.0,-2420.0
10400.0,12200.0,-2424.4
10500.0,12200.0,-2415.1
10600.0,12200.0,-2413.4
10700.0,12200.0,-2413.6
10800.0,12200.0,-2409.6
10900.0,12200.0,-2408.4
11000.0,12200.0,-2401.4
11100.0,12200.0,-2402.3
11200.0,12200.0,-2393.6
11300.0,12200.0,-2396.5
11400.0,12200.0,-2391.7
11500.0,12200.0,-2392.9
11600.0,12200.0,-2389.4
11700.0,12200.0,-2387.9
11800.0,12200.0,-2390.4
11900.0,12200.0,-2386.5
12000.0,12200.0,-2385.8
12100.0,12200.0,-2377.8
12200.0,12200.0,-2384.6
12300.0,12200.0,-2380.4
12400.0,12200.0,-2382.6
12500.0,12200.0,-2376.8
12600.0,12200.0,-2373.4
12700.0,12200.0,-2380.4
12800.0,12200.0,-2378.6
12900.0,12200.0,-2379.8
13000.0,12200.0,-2381.4
13100.0,12200.0,-2380.0
13200.0,12200.0,-2382.1
13300.0,12200.0,-2382.1
13400.0,12200.0,-2380.7
13500.0,12200.0,-2391.5
13600.0,12200.0,-2393.7
13700.0,12200.0,-2396.6
13800.0,12200.0,-2401.2
13900.0,12200.0,-2402.4
14000.0,12200.0,-2411.3
14100.0,12200.0,-2414.9
14200.0,12200.0,-2419.6
14300.0,12200.0,-2423.4
14400.0,12200.0,-2428.3
14500.0,12200.0,-2435.6
14600.0,12200.0,-2440.8
14700.0,12200.0,-2454.4
14800.0,12200.0,-2456.8
14900.0,12200.0,-2462.5
15000.0,12200.0,-2465.6
15100.0,12200.0,-2478.1
15200.0,12200.0,-2483.6
15300.0,12200.0,-2491.2
15400.0,12200.0,-2495.8
15500.0,12200.0,-2504.8
15600.0,12200.0,-2509.1
15700.0,12200.0,-2515.3
15800.0,12200.0,-2527.3
15900.0,12200.0,-2535.4
16000.0,12200.0,-2536.2
16100.0,12200.0,-2543.6
16200.0,12200.0,-2545.2
16300.0,12200.0,-2554.4
16400.0,12200.0,-2553.0
16500.0,12200.0,-2559.5
16600.0,12200.0,-2566.2
16700.0,12200.0,-2571.8
16800.0,12200.0,-2575.6
16900.0,12200.0,-2580.5
17000.0,12200.0,-2577.6
17100.0,12200.0,-2574.5
17200.0,12200.0,-2584.6
17300.0,12200.0,-2587.6
17400.0,12200.0,-2586.4
17500.0,12200.0,-2587.3
17600.0,12200.0,-2587.5
17700.0,12200.0,-2589.8
17800.0,12200.0,-2587.3
17900.0,12200.0,-2590.1
18000.0,12200.0,-2590.4
18100.0,12200.0,-2586.0
18200.0,12200.0,-2587.8
18300.0,12200.0,-2589.2
18400.0,12200.0,-2585.4
18500.0,12200.0,-2588.6
18600.0,12200.0,-2584.1
18700.0,12200.0,-2579.8
18800.0,12200.0,-2582.7
18900.0,12200.0,-2579.1
19000.0,12200.0,-2578.5
19100.0,12200.0,-2573.2
19200.0,12200.0,-2566.3
19300.0,12200.0,-2568.9
19400.0,12200.0,-2568.3
19500.0,12200.0,-2564.0
19600.0,12200.0,-2561.1
19700.0,12200.0,-2554.7
19800.0,12200.0,-2554.1
19900.0,12200.0,-2551.5
20000.0,12200.0,-2551.8
0.0,12300.0,-2717.7
100.0,12300.0,-2715.6
200.0,12300.0,-2711.4
300.0,12300.0,-2705.1
400.0,12300.0,-2711.8
500.0,12300.0,-2703.0
600.0,12300.0,-2700.7
700.0,12300.0,-2692.7
800.0,12300.0,-2686.0
900.0,12300.0,-2685.9
1000.0,12300.0,-2682.5
1100.0,12300.0,-2674.2
1200.0,12300.0,-2673.3
1300.0,12300.0,-2662.1
1400.0,12300.0,-2659.8
1500.0,12300.0,-2658.9
1600.0,12300.0,-2653.8
1700.0,12300.0,-2646.8
1800.0,12300.0,-2641.8
1900.0,12300.0,-2637.2
2000.0,12300.0,-2634.1
2100.0,12300.0,-2627.2
2200.0,12300.0,-2628.7
2300.0,12300.0,-2632.2
2400.0,12300.0,-2619.3
2500.0,12300.0,-2613.0
2600.0,12300.0,-2611.3
2700.0,12300.0,-2612.8
2800.0,12300.0,-2607.4
2900.0,12300.0,-2596.7
3000.0,12300.0,-2599.4
3100.0,12300.0,-2599.7
3200.0,12300.0,-2591.6
3300.0,12300.0,-2595.6
3400.0,12300.0,-2589.6
3500.0,12300.0,-2581.8
3600.0,12300.0,-2572.0
3700.0,12300.0,-2571.2
3800.0,12300.0,-2566.1
3900.0,12300.0,-2560.0
4000.0,12300.0,-2556.8
4100.0,12300.0,-2548.2
4200.0,12300.0,-2545.5
4300.0,12300.0,-2541.1
4400.0,12300.0,-2538.1
4500.0,12300.0,-2523.8
4600.0,12300.0,-2521.0
4700.0,12300.0,-2516.6
4800.0,12300.0,-2509.8
4900.0,12300.0,-2509.3
5000.0,12300.0,-2493.1
5100.0,12300.0,-2496.0
5200.0,12300.0,-2489.8
5300.0,12300.0,-2481.7
5400.0,12300.0,-2474.5
5500.0,12300.0,-2471.2
5600.0,12300.0,-2468.5
5700.0,12300.0,-2466.6
5800.0,12300.0,-2457.0
5900.0,12300.0,-2459.1
6000.0,12300.0,-2457.7
6100.0,12300.0,-2451.3
6200.0,12300.0,-2448.8
6300.0,12300.0,-2447.0
6400.0,12300.0,-2448.4
6500.0,12300.0,-2445.6
6600.0,12300.0,-2436.2
6700.0,12300.0,-2437.9
6800.0,12300.0,-2441.1
6900.0,12300.0,-2442.5
7000.0,12300.0,-2441.3
7100.0,12300.0,-2442.4
7200.0,12300.0,-2437.8
7300.0,12300.0,-2447.7
7400.0,12300.0,-2447.3
7500.0,12300.0,-2446.0
7600.0,12300.0,-2450.5
7700.0,12300.0,-2450.1
7800.0,12300.0,-2451.3
7900.0,12300.0,-2456.4
8000.0,12300.0,-2458.6
8100.0,12300.0,-2454.3
8200.0,12300.0,-2461.2
8300.0,12300.0,-2450.5
8400.0,12300.0,-2457.8
8500.0,12300.0,-2462.2
8600.0,12300.0,-2458.9
8700.0,12300.0,-2464.3
8800.0,12300.0,-2459.6
8900.0,12300.0,-2454.3
9000.0,12300.0,-2455.7
9100.0,12300.0,-2456.6
9200.0,12300.0,-2452.4
9300.0,12300.0,-2452.4
9400.0,12300.0,-2454.5
9500.0,12300.0,-2447.2
9600.0,12300.0,-2447.7
9700.0,12300.0,-2447.2
9800.0,12300.0,-2438.7
9900.0,12300.0,-2442.4
10000.0,12300.0,-2439.4
10100.0,12300.0,-2440.0
10200.0,12300.0,-2432.1
10300.0,12300.0,-2427.5
10400.0,12300.0,-2434.2
10500.0,12300.0,-2420.6
10600.0,12300.0,-2422.7
10700.0,12300.0,-2418.2
10800.0,12300.0,-2415.3
10900.0,12300.0,-2414.5
11000.0,12300.0,-2413.1
11100.0,12300.0,-2412.6
11200.0,12300.0,-2403.5
11300.0,12300.0,-2399.0
11400.0,12300.0,-2401.9
11500.0,12300.0,-2397.6
11600.0,12300.0,-2395.3
11700.0,12300.0,-2401.1
11800.0,12300.0,-2392.8
11900.0,12300.0,-2393.6
12000.0,12300.0,-2393.3
12100.0,12300.0,-2385.7
12200.0,12300.0,-2387.3
12300.0,12300.0,-2385.4
12400.0,12300.0,-2384.7
12500.0,12300.0,-2384.9
12600.0,12300.0,-2383.8
12700.0,12300.0,-2377.7
12800.0,12300.0,-2382.6
12900.0,12300.0,-2384.0
13000.0,12300.0,-2381.8
13100.0,12300.0,-2380.7
13200.0,12300.0,-2380.3
13300.0,12300.0,-2387.0
13400.0,12300.0,-2388.7
13500.0,12300.0,-2394.6
13600.0,12300.0,-2389.1
13700.0,12300.0,-2394.3
13800.0,12300.0,-2400.4
13900.0,12300.0,-2399.2
14000.0,12300.0,-2411.7
14100.0,12300.0,-2408.7
14200.0,12300.0,-2418.4
14300.0,12300.0,-2415.0
14400.0,12300.0,-2420.7
14500.0,12300.0,-2432.2
14600.0,12300.0,-2438.9
14700.0,12300.0,-2443.0
14800.0,12300.0,-2452.3
14900.0,12300.0,-2462.4
15000.0,12300.0,-2466.5
15100.0,12300.0,-2477.4
15200.0,12300.0,-2480.8
15300.0,12300.0,-2490.4
15400.0,12300.0,-2494.7
15500.0,12300.0,-2499.6
15600.0,12300.0,-2515.4
15700.0,12300.0,-2516.1
15800.0,12300.0,-2525.4
15900.0,12300.0,-2528.0
16000.0,12300.0,-2535.2
16100.0,12300.0,-2544.0
16200.0,12300.0,-2552.9
16300.0,12300.0,-2553.6
16400.0,12300.0,-2558.3
16500.0,12300.0,-2561.4
16600.0,12300.0,-2566.6
16700.0,12300.0,-2568.0
16800.0,12300.0,-2575.2
16900.0,12300.0,-2576.4
17000.0,12300.0,-2582.8
17100.0,12300.0,-2582.6
17200.0,12300.0,-2585.0
17300.0,12300.0,-2588.3
17400.0,12300.0,-2585.5
17500.0,12300.0,-2584.0
17600.0,12300.0,-2584.5
17700.0,12300.0,-2590.7
17800.0,12300.0,-2594.6
17900.0,12300.0,-2590.3
18000.0,12300.0,-2592.9
18100.0,12300.0,-2597.9
18200.0,12300.0,-2592.1
18300.0,12300.0,-2582.3
18400.0,12300.0,-2588.1
18500.0,12300.0,-2583.0
18600.0,12300.0,-2590.6
18700.0,12300.0,-2578.7
18800.0,12300.0,-2586.7
18900.0,12300.0,-2578.3
19000.0,12300.0,-2577.0
19100.0,12300.0,-2577.6
19200.0,12300.0,-2574.3
19300.0,12300.0,-2571.9
19400.0,12300.0,-2572.3
19500.0,12300.0,-2563.5
19600.0,12300.0,-2558.7
19700.0,12300.0,-2559.9
19800.0,12300.0,-2560.0
19900.0,12300.0,-2552.1
20000.0,12300.0,-2558.6
0.0,12400.0,-2730.1
100.0,12400.0,-2719.4
200.0,12400.0,-2717.9
300.0,12400.0,-2715.4
400.0,12400.0,-2710.5
500.0,12400.0,-2707.6
600.0,12400.0,-2707.2
700.0,12400.0,-2698.7
800.0,12400.0,-2691.2
900.0,12400.0,-2689.5
1000.0,12400.0,-2684.6
1100.0,12400.0,-2680.5
1200.0,12400.0,-2674.9
1300.0,12400.0,-2663.2
1400.0,12400.0,-2663.4
1500.0,12400.0,-2662.2
1600.0,12400.0,-2655.9
1700.0,12400.0,-2654.0
1800.0,12400.0,-2646.4
1900.0,12400.0,-2638.3
2000.0,12400.0,-2637.2
2100.0,12400.0,-2639.9
2200.0,12400.0,-2634.1
2300.0,12400.0,-2626.9
2400.0,12400.0,-2621.1
2500.0,12400.0,-2619.6
2600.0,12400.0,-2619.7
2700.0,12400.0,-2616.5
2800.0,12400.0,-2610.6
2900.0,12400.0,-2612.0
3000.0,12400.0,-2605.0
3100.0,12400.0,-2602.8
3200.0,12400.0,-2591.9
3300.0,12400.0,-2598.4
3400.0,12400.0,-2586.6
3500.0,12400.0,-2584.4
3600.0,12400.0,-2574.0
3700.0,12400.0,-2572.2
3800.0,12400.0,-2568.0
3900.0,12400.0,-2563.9
4000.0,12400.0,-2553.2
4100.0,12400.0,-2552.1
4200.0,12400.0,-2547.8
4300.0,12400.0,-2542.8
4400.0,12400.0,-2541.3
4500.0,12400.0,-2534.8
4600.0,12400.0,-2515.6
4700.0,12400.0,-2517.2
4800.0,12400.0,-2510.5
4900.0,12400.0,-2498.3
5000.0,12400.0,-2502.3
5100.0,12400.0,-2494.5
5200.0,12400.0,-2491.1
5300.0,12400.0,-2481.0
5400.0,12400.0,-2481.3
5500.0,12400.0,-2472.1
5600.0,12400.0,-2469.3
5700.0,12400.0,-2462.8
5800.0,12400.0,-2460.3
5900.0,12400.0,-2455.4
6000.0,12400.0,-2458.2
6100.0,12400.0,-2454.5
6200.0,12400.0,-2445.9
6300.0,12400.0,-2450.6
6400.0,12400.0,-2447.5
6500.0,12400.0,-2444.3
6600.0,12400.0,-2443.1
6700.0,12400.0,-2443.7
6800.0,12400.0,-2446.2
6900.0,12400.0,-2443.7
7000.0,12400.0,-2448.4
7100.0,12400.0,-2447.8
7200.0,12400.0,-2450.4
7300.0,12400.0,-2452.3
7400.0,12400.0,-2450.6
7500.0,12400.0,-2454.7
7600.0,12400.0,-2452.3
7700.0,12400.0,-2459.0
7800.0,12400.0,-2459.4
7900.0,12400.0,-2461.4
8000.0,12400.0,-2455.7
8100.0,12400.0,-2458.5
8200.0,12400.0,-2463.5
8300.0,12400.0,-2466.6
8400.0,12400.0,-2463.2
8500.0,12400.0,-2466.5
8600.0,12400.0,-2464.1
8700.0,12400.0,-2465.5
8800.0,12400.0,-2461.4
8900.0,12400.0,-2465.6
9000.0,12400.0,-2462.0
9100.0,12400.0,-2469.0
9200.0,12400.0,-2463.6
9300.0,12400.0,-2462.0
9400.0,12400.0,-2471.1
9500.0,12400.0,-2458.0
9600.0,12400.0,-2459.1
9700.0,12400.0,-2454.9
9800.0,12400.0,-2455.9
9900.0,12400.0,-2454.2
10000.0,12400.0,-2452.1
10100.0,12400.0,-2447.7
10200.0,12400.0,-2436.4
10300.0,12400.0,-2446.2
10400.0,12400.0,-2441.3
10500.0,12400.0,-2430.6
10600.0,12400.0,-2433.1
10700.0,12400.0,-2431.5
10800.0,12400.0,-2428.6
10900.0,12400.0,-2426.4
11000.0,12400.0,-2419.2
11100.0,12400.0,-2419.5
11200.0,12400.0,-2414.2
11300.0,12400.0,-2411.9
11400.0,12400.0,-2413.2
11500.0,12400.0,-2408.7
11600.0,12400.0,-2404.0
11700.0,12400.0,-2402.3
11800.0,12400.0,-2398.8
11900.0,12400.0,-2398.7
12000.0,12400.0,-2399.7
12100.0,12400.0,-2393.7
12200.0,12400.0,-2388.5
12300.0,12400.0,-2393.1
12400.0,12400.0,-2389.5
12500.0,12400.0,-2387.3
12600.0,12400.0,-2391.4
12700.0,12400.0,-2396.5
12800.0,12400.0,-2383.7
12900.0,12400.0,-2382.7
13000.0,12400.0,-2391.1
13100.0,12400.0,-2388.7
13200.0,12400.0,-2387.6
13300.0,12400.0,-2388.5
13400.0,12400.0,-2392.7
13500.0,12400.0,-2391.5
13600.0,12400.0,-2391.8
13700.0,12400.0,-2395.5
13800.0,12400.0,-2400.9
13900.0,12400.0,-2402.6
14000.0,12400.0,-2410.9
14100.0,12400.0,-2412.5
14200.0,12400.0,-2413.5
14300.0,12400.0,-2418.4
14400.0,12400.0,-2426.2
14500.0,12400.0,-2433.8
14600.0,12400.0,-2445.2
14700.0,12400.0,-2444.4
14800.0,12400.0,-2453.5
14900.0,12400.0,-2458.9
15000.0,12400.0,-2465.4
15100.0,12400.0,-2472.0
15200.0,12400.0,-2479.6
15300.0,12400.0,-2486.6
15400.0,12400.0,-2495.0
15500.0,12400.0,-2502.6
15600.0,12400.0,-2508.9
15700.0,12400.0,-2514.4
15800.0,12400.0,-2521.8
15900.0,12400.0,-2532.5
16000.0,12400.0,-2539.7
16100.0,12400.0,-2546.4
16200.0,12400.0,-2547.7
16300.0,12400.0,-2559.4
16400.0,12400.0,-2557.9
16500.0,12400.0,-2564.0
16600.0,12400.0,-2576.3
16700.0,12400.0,-2573.7
16800.0,12400.0,-2575.6
16900.0,12400.0,-2577.0
17000.0,12400.0,-2581.8
17100.0,12400.0,-2587.7
17200.0,12400.0,-2587.1
17300.0,12400.0,-2592.1
17400.0,12400.0,-2586.3
17500.0,12400.0,-2592.4
17600.0,12400.0,-2590.8
17700.0,12400.0,-2596.1
17800.0,12400.0,-2591.3
17900.0,12400.0,-2591.8
18000.0,12400.0,-2592.7
18100.0,12400.0,-2587.5
18200.0,12400.0,-2591.8
18300.0,12400.0,-2589.7
18400.0,12400.0,-2585.5
18500.0,12400.0,-2587.9
18600.0,12400.0,-2585.4
18700.0,12400.0,-2584.5
18800.0,12400.0,-2581.7
18900.0,12400.0,-2580.6
19000.0,12400.0,-2573.0
19100.0,12400.0,-2579.2
19200.0,12400.0,-2571.2
19300.0,12400.0,-2567.7
19400.0,12400.0,-2565.4
19500.0,12400.0,-2568.1
19600.0,12400.0,-2557.3
19700.0,12400.0,-2560.7
19800.0,12400.0,-2558.1
19900.0,12400.0,-2555.9
20000.0,12400.0,-2550.6
0.0,12500.0,-2723.5
100.0,12500.0,-2725.5
200.0,12500.0,-2729.6
300.0,12500.0,-2720.0
400.0,12500.0,-2712.2
500.0,12500.0,-2710.1
600.0,12500.0,-2708.0
700.0,12500.0,-2702.4
800.0,12500.0,-2696.3
900.0,12500.0,-2697.7
1000.0,12500.0,-2689.3
1100.0,12500.0,-2684.6
1200.0,12500.0,-2684.7
1300.0,12500.0,-2676.4
1400.0,12500.0,-2676.5
1500.0,12500.0,-2665.4
1600.0,12500.0,-2659.8
1700.0,12500.0,-2658.2
1800.0,12500.0,-2657.4
1900.0,12500.0,-2644.6
2000.0,12500.0,-2644.6
2100.0,12500.0,-2644.3
2200.0,12500.0,-2635.0
2300.0,12500.0,-2636.5
2400.0,12500.0,-2633.6
2500.0,12500.0,-2628.5
2600.0,12500.0,-2619.0
2700.0,12500.0,-2616.8
2800.0,12500.0,-2614.5
2900.0,12500.0,-2607.6
3000.0,12500.0,-2606.2
3100.0,12500.0,-2601.0
3200.0,12500.0,-2595.0
3300.0,12500.0,-2594.1
3400.0,12500.0,-2584.6
3500.0,12500.0,-2588.1
3600.0,12500.0,-2578.1
3700.0,12500.0,-2576.2
3800.0,12500.0,-2568.3
3900.0,12500.0,-2566.5
4000.0,12500.0,-2559.9
4100.0,12500.0,-2553.2
4200.0,12500.0,-2550.5
4300.0,12500.0,-2541.1
4400.0,12500.0,-2537.9
4500.0,12500.0,-2530.6
4600.0,12500.0,-2524.2
4700.0,12500.0,-2513.0
4800.0,12500.0,-2510.8
4900.0,12500.0,-2508.6
5000.0,12500.0,-2497.7
5100.0,12500.0,-2490.0
5200.0,12500.0,-2485.7
5300.0,12500.0,-2483.5
5400.0,12500.0,-2481.8
5500.0,12500.0,-2472.2
5600.0,12500.0,-2465.4
5700.0,12500.0,-2459.7
5800.0,12500.0,-2463.0
5900.0,12500.0,-2455.9
6000.0,12500.0,-2458.6
6100.0,12500.0,-2447.5
6200.0,12500.0,-2453.6
6300.0,12500.0,-2447.7
6400.0,12500.0,-2444.6
6500.0,12500.0,-2449.4
6600.0,12500.0,-2448.0
6700.0,12500.0,-2448.1
6800.0,12500.0,-2447.9
6900.0,12500.0,-2447.2
7000.0,12500.0,-2448.2
7100.0,12500.0,-2450.5
7200.0,12500.0,-2452.4
7300.0,12500.0,-2456.3
7400.0,12500.0,-2450.7
7500.0,12500.0,-2454.5
7600.0,12500.0,-2458.2
7700.0,12500.0,-2458.1
7800.0,12500.0,-2461.8
7900.0,12500.0,-2465.8
8000.0,12500.0,-2466.3
8100.0,12500.0,-2460.3
8200.0,12500.0,-2471.4
8300.0,12500.0,-2473.5
8400.0,12500.0,-2468.4
8500.0,12500.0,-2473.3
8600.0,12500.0,-2470.3
8700.0,12500.0,-2472.1
8800.0,12500.0,-2473.4
8900.0,12500.0,-2473.7
9000.0,12500.0,-2472.7
9100.0,12500.0,-2471.1
9200.0,12500.0,-2475.4
9300.0,12500.0,-2469.5
9400.0,12500.0,-2470.4
9500.0,12500.0,-2467.8
9600.0,12500.0,-2467.0
9700.0,12500.0,-2464.1
9800.0,12500.0,-2466.7
9900.0,12500.0,-2464.4
10000.0,12500.0,-2463.7
10100.0,12500.0,-2457.9
10200.0,12500.0,-2458.0
10300.0,12500.0,-2450.4
10400.0,12500.0,-2446.9
10500.0,12500.0,-2443.5
10600.0,12500.0,-2442.5
10700.0,12500.0,-2438.9
10800.0,12500.0,-2439.3
10900.0,12500.0,-2431.6
11000.0,12500.0,-2434.2
11100.0,12500.0,-2430.4
11200.0,12500.0,-2424.5
11300.0,12500.0,-2424.0
11400.0,12500.0,-2417.3
11500.0,12500.0,-2418.9
11600.0,12500.0,-2407.7
11700.0,12500.0,-2413.2
11800.0,12500.0,-2413.4
11900.0,12500.0,-2400.4
12000.0,12500.0,-2402.8
12100.0,12500.0,-2400.4
12200.0,12500.0,-2401.7
12300.0,12500.0,-2399.3
12400.0,12500.0,-2396.1
12500.0,12500.0,-2389.2
12600.0,12500.0,-2397.6
12700.0,12500.0,-2389.3
12800.0,12500.0,-2389.7
12900.0,12500.0,-2389.7
13000.0,12500.0,-2391.0
13100.0,12500.0,-2391.8
13200.0,12500.0,-2389.8
13300.0,12500.0,-2389.9
13400.0,12500.0,-2394.1
13500.0,12500.0,-2394.0
13600.0,12500.0,-2399.9
13700.0,12500.0,-2398.7
13800.0,12500.0,-2403.1
13900.0,12500.0,-2407.6
14000.0,12500.0,-2405.2
14100.0,12500.0,-2413.6
14200.0,12500.0,-2420.0
14300.0,12500.0,-2422.5
14400.0,12500.0,-2424.4
14500.0,12500.0,-2434.3
14600.0,12500.0,-2440.7
14700.0,12500.0,-2444.8
14800.0,12500.0,-2446.1
14900.0,12500.0,-2454.0
15000.0,12500.0,-2463.2
15100.0,12500.0,-2468.2
15200.0,12500.0,-2478.3
15300.0,12500.0,-2486.5
15400.0,12500.0,-2499.3
15500.0,12500.0,-2503.5
15600.0,12500.0,-2511.9
15700.0,12500.0,-2515.5
15800.0,12500.0,-2519.5
15900.0,12500.0,-2528.5
16000.0,12500.0,-2534.2
16100.0,12500.0,-2535.0
16200.0,12500.0,-2545.2
16300.0,12500.0,-2551.6
16400.0,12500.0,-2555.1
16500.0,12500.0,-2571.3
16600.0,12500.0,-2569.8
16700.0,12500.0,-2570.8
16800.0,12500.0,-2576.0
16900.0,12500.0,-2583.0
17000.0,12500.0,-2578.3
17100.0,12500.0,-2581.0
17200.0,12500.0,-2586.0
17300.0,12500.0,-2588.8
17400.0,12500.0,-2590.8
17500.0,12500.0,-2587.5
17600.0,12500.0,-2585.5
17700.0,12500.0,-2593.1
17800.0,12500.0,-2594.0
17900.0,12500.0,-2591.8
18000.0,12500.0,-2589.0
18100.0,12500.0,-2587.9
18200.0,12500.0,-2584.9
18300.0,12500.0,-2590.9
18400.0,12500.0,-2586.6
18500.0,12500.0,-2593.2
18600.0,12500.0,-2583.0
18700.0,12500.0,-2582.7
18800.0,12500.0,-2584.4
18900.0,12500.0,-2578.5
19000.0,12500.0,-2584.4
19100.0,12500.0,-2576.0
19200.0,12500.0,-2576.4
19300.0,12500.0,-2571.4
19400.0,12500.0,-2568.0
19500.0,12500.0,-2568.4
19600.0,12500.0,-2566.0
19700.0,12500.0,-2561.4
19800.0,12500.0,-2559.9
19900.0,12500.0,-2560.3
20000.0,12500.0,-2557.3
0.0,12600.0,-2733.4
100.0,12600.0,-2735.9
200.0,12600.0,-2728.9
300.0,12600.0,-2725.7
400.0,12600.0,-2720.5
500.0,12600.0,-2718.7
600.0,12600.0,-2709.4
700.0,12600.0,-2709.5
800.0,12600.0,-2702.6
900.0,12600.0,-2700.5
1000.0,12600.0,-2692.0
1100.0,12600.0,-2689.0
1200.0,12600.0,-2685.8
1300.0,12600.0,-2686.1
1400.0,12600.0,-2677.5
1500.0,12600.0,-2671.7
1600.0,12600.0,-2671.4
1700.0,12600.0,-2663.3
1800.0,12600.0,-2659.2
1900.0,12600.0,-2649.4
2000.0,12600.0,-2647.9
2100.0,12600.0,-2643.5
2200.0,12600.0,-2637.7
2300.0,12600.0,-2641.5
2400.0,12600.0,-2635.1
2500.0,12600.0,-2625.5
2600.0,12600.0,-2624.0
2700.0,12600.0,-2621.5
2800.0,12600.0,-2613.4
2900.0,12600.0,-2619.0
3000.0,12600.0,-2609.1
3100.0,12600.0,-2605.9
3200.0,12600.0,-2601.4
3300.0,12600.0,-2597.1
3400.0,12600.0,-2595.7
3500.0,12600.0,-2581.1
3600.0,12600.0,-2584.1
3700.0,12600.0,-2577.2
3800.0,12600.0,-2567.2
3900.0,12600.0,-2565.5
4000.0,12600.0,-2557.0
4100.0,12600.0,-2554.3
4200.0,12600.0,-2548.5
4300.0,12600.0,-2549.6
4400.0,12600.0,-2532.8
4500.0,12600.0,-2528.3
4600.0,12600.0,-2527.7
4700.0,12600.0,-2524.9
4800.0,12600.0,-2512.5
4900.0,12600.0,-2504.9
5000.0,12600.0,-2505.9
5100.0,12600.0,-2492.2
5200.0,12600.0,-2490.4
5300.0,12600.0,-2489.9
5400.0,12600.0,-2476.9
5500.0,12600.0,-2472.5
5600.0,12600.0,-2467.8
5700.0,12600.0,-2469.4
5800.0,12600.0,-2463.1
5900.0,12600.0,-2460.2
6000.0,12600.0,-2456.7
6100.0,12600.0,-2455.5
6200.0,12600.0,-2451.9
6300.0,12600.0,-2455.6
6400.0,12600.0,-2447.7
6500.0,12600.0,-2452.9
6600.0,12600.0,-2447.8
6700.0,12600.0,-2447.3
6800.0,12600.0,-2444.1
6900.0,12600.0,-2453.4
7000.0,12600.0,-2450.4
7100.0,12600.0,-2450.1
7200.0,12600.0,-2452.0
7300.0,12600.0,-2456.4
7400.0,12600.0,-2458.5
7500.0,12600.0,-2452.9
7600.0,12600.0,-2462.1
7700.0,12600.0,-2472.5
7800.0,12600.0,-2467.9
7900.0,12600.0,-2471.3
8000.0,12600.0,-2470.6
8100.0,12600.0,-2472.0
8200.0,12600.0,-2471.8
8300.0,12600.0,-2480.0
8400.0,12600.0,-2479.9
8500.0,12600.0,-2480.7
8600.0,12600.0,-2486.0
8700.0,12600.0,-2485.8
8800.0,12600.0,-2481.4
8900.0,12600.0,-2481.4
9000.0,12600.0,-2484.4
9100.0,12600.0,-2482.4
9200.0,12600.0,-2482.4
9300.0,12600.0,-2480.4
9400.0,12600.0,-2479.5
9500.0,12600.0,-2479.6
9600.0,12600.0,-2476.8
9700.0,12600.0,-2473.8
9800.0,12600.0,-2474.9
9900.0,12600.0,-2472.0
10000.0,12600.0,-2469.2
10100.0,12600.0,-2467.1
10200.0,12600.0,-2463.9
10300.0,12600.0,-2460.6
10400.0,12600.0,-2457.9
10500.0,12600.0,-2456.5
10600.0,12600.0,-2448.3
10700.0,12600.0,-2449.3
10800.0,12600.0,-2448.8
10900.0,12600.0,-2448.5
11000.0,12600.0,-2438.7
11100.0,12600.0,-2437.3
11200.0,12600.0,-2436.9
11300.0,12600.0,-2428.9
11400.0,12600.0,-2427.1
11500.0,12600.0,-2421.0
11600.0,12600.0,-2423.6
11700.0,12600.0,-2414.6
11800.0,12600.0,-2419.2
11900.0,12600.0,-2412.4
12000.0,12600.0,-2408.7
12100.0,12600.0,-2408.8
12200.0,12600.0,-2409.1
12300.0,12600.0,-2403.8
12400.0,12600.0,-2402.3
12500.0,12600.0,-2396.7
12600.0,12600.0,-2401.3
12700.0,12600.0,-2399.9
12800.0,12600.0,-2397.9
12900.0,12600.0,-2391.1
13000.0,12600.0,-2394.7
13100.0,12600.0,-2393.8
13200.0,12600.0,-2397.0
13300.0,12600.0,-2389.3
13400.0,12600.0,-2398.3
13500.0,12600.0,-2396.9
13600.0,12600.0,-2396.0
13700.0,12600.0,-2404.1
13800.0,12600.0,-2405.1
13900.0,12600.0,-2404.6
14000.0,12600.0,-2404.8
14100.0,12600.0,-2414.3
14200.0,12600.0,-2418.1
14300.0,12600.0,-2423.9
14400.0,12600.0,-2421.8
14500.0,12600.0,-2433.5
14600.0,12600.0,-2443.2
14700.0,12600.0,-2448.2
14800.0,12600.0,-2451.9
14900.0,12600.0,-2457.0
15000.0,12600.0,-2465.6
15100.0,12600.0,-2467.4
15200.0,12600.0,-2481.2
15300.0,12600.0,-2489.5
15400.0,12600.0,-2494.1
15500.0,12600.0,-2499.2
15600.0,12600.0,-2507.0
15700.0,12600.0,-2509.8
15800.0,12600.0,-2523.2
15900.0,12600.0,-2529.2
16000.0,12600.0,-2535.3
16100.0,12600.0,-2548.8
16200.0,12600.0,-2543.1
16300.0,12600.0,-2552.5
16400.0,12600.0,-2555.7
16500.0,12600.0,-2561.9
16600.0,12600.0,-2567.9
16700.0,12600.0,-2574.6
16800.0,12600.0,-2574.8
16900.0,12600.0,-2579.5
17000.0,12600.0,-2586.8
17100.0,12600.0,-2586.0
17200.0,12600.0,-2589.7
17300.0,12600.0,-2590.3
17400.0,12600.0,-2585.9
17500.0,12600.0,-2593.4
17600.0,12600.0,-2595.6
17700.0,12600.0,-2588.9
17800.0,12600.0,-2593.9
17900.0,12600.0,-2597.1
18000.0,12600.0,-2595.3
18100.0,12600.0,-2590.9
18200.0,12600.0,-2594.8
18300.0,12600.0,-2592.7
18400.0,12600.0,-2595.7
18500.0,12600.0,-2593.8
18600.0,12600.0,-2590.6
18700.0,12600.0,-2587.7
18800.0,12600.0,-2588.2
18900.0,12600.0,-2582.4
19000.0,12600.0,-2576.8
19100.0,12600.0,-2578.0
19200.0,12600.0,-2578.6
19300.0,12600.0,-2566.5
19400.0,12600.0,-2570.7
19500.0,12600.0,-2567.6
19600.0,12600.0,-2559.9
19700.0,12600.0,-2565.2
19800.0,12600.0,-2561.0
19900.0,12600.0,-2556.5
20000.0,12600.0,-2557.6
0.0,12700.0,-2735.0
100.0,12700.0,-2734.5
200.0,12700.0,-2736.9
300.0,12700.0,-2725.9
400.0,12700.0,-2727.2
500.0,12700.0,-2721.8
600.0,12700.0,-2723.4
700.0,12700.0,-2715.3
800.0,12700.0,-2710.1
900.0,12700.0,-2706.0
1000.0,12700.0,-2704.4
1100.0,12700.0,-2699.9
1200.0,12700.0,-2693.8
1300.0,12700.0,-2691.6
1400.0,12700.0,-2685.5
1500.0,12700.0,-2673.1
1600.0,12700.0,-2671.3
1700.0,12700.0,-2667.0
1800.0,12700.0,-2663.2
1900.0,12700.0,-2657.2
2000.0,12700.0,-2649.2
2100.0,12700.0,-2648.4
2200.0,12700.0,-2652.1
2300.0,12700.0,-2635.1
2400.0,12700.0,-2638.6
2500.0,12700.0,-2632.8
2600.0,12700.0,-2631.9
2700.0,12700.0,-2623.4
2800.0,12700.0,-2617.6
2900.0,12700.0,-2618.1
3000.0,12700.0,-2614.2
3100.0,12700.0,-2606.8
3200.0,12700.0,-2611.4
3300.0,12700.0,-2606.3
3400.0,12700.0,-2595.2
3500.0,12700.0,-2593.3
3600.0,12700.0,-2589.3
3700.0,12700.0,-2581.7
3800.0,12700.0,-2576.7
3900.0,12700.0,-2567.0
4000.0,12700.0,-2562.7
4100.0,12700.0,-2558.1
4200.0,12700.0,-2547.0
4300.0,12700.0,-2548.3
4400.0,12700.0,-2547.8
4500.0,12700.0,-2528.6
4600.0,12700.0,-2526.2
4700.0,12700.0,-2516.3
4800.0,12700.0,-2513.5
4900.0,12700.0,-2506.2
5000.0,12700.0,-2501.2
5100.0,12700.0,-2496.3
5200.0,12700.0,-2489.2
5300.0,12700.0,-2488.3
5400.0,12700.0,-2481.6
5500.0,12700.0,-2480.7
5600.0,12700.0,-2470.7
5700.0,12700.0,-2469.5
5800.0,12700.0,-2461.0
5900.0,12700.0,-2458.7
6000.0,12700.0,-2463.9
6100.0,12700.0,-2457.2
6200.0,12700.0,-2456.5
6300.0,12700.0,-2453.4
6400.0,12700.0,-2452.6
6500.0,12700.0,-2453.4
6600.0,12700.0,-2450.9
6700.0,12700.0,-2449.5
6800.0,12700.0,-2453.9
6900.0,12700.0,-2453.2
7000.0,12700.0,-2452.0
7100.0,12700.0,-2462.6
7200.0,12700.0,-2457.8
7300.0,12700.0,-2457.2
7400.0,12700.0,-2463.6
7500.0,12700.0,-2466.9
7600.0,12700.0,-2467.1
7700.0,12700.0,-2468.2
7800.0,12700.0,-2465.1
7900.0,12700.0,-2472.9
8000.0,12700.0,-2476.0
8100.0,12700.0,-2477.2
8200.0,12700.0,-2483.7
8300.0,12700.0,-2487.2
8400.0,12700.0,-2483.8
8500.0,12700.0,-2487.4
8600.0,12700.0,-2488.6
8700.0,12700.0,-2493.6
8800.0,12700.0,-2488.7
8900.0,12700.0,-2494.4
9000.0,12700.0,-2489.8
9100.0,12700.0,-2490.5
9200.0,12700.0,-2494.7
9300.0,12700.0,-2487.9
9400.0,12700.0,-2489.2
9500.0,12700.0,-2487.5
9600.0,12700.0,-2484.2
9700.0,12700.0,-2484.1
9800.0,12700.0,-2483.9
9900.0,12700.0,-2476.3
10000.0,12700.0,-2480.7
10100.0,12700.0,-2476.2
10200.0,12700.0,-2472.6
10300.0,12700.0,-2471.7
10400.0,12700.0,-2473.0
10500.0,12700.0,-2471.1
10600.0,12700.0,-2466.1
10700.0,12700.0,-2462.6
10800.0,12700.0,-2459.0
10900.0,12700.0,-2457.9
11000.0,12700.0,-2446.9
11100.0,12700.0,-2447.5
11200.0,12700.0,-2439.1
11300.0,12700.0,-2442.5
11400.0,12700.0,-2438.6
11500.0,12700.0,-2437.3
11600.0,12700.0,-2429.5
11700.0,12700.0,-2428.0
11800.0,12700.0,-2422.0
11900.0,12700.0,-2424.5
12000.0,12700.0,-2418.2
12100.0,12700.0,-2413.7
12200.0,12700.0,-2413.0
12300.0,12700.0,-2412.3
12400.0,12700.0,-2410.4
12500.0,12700.0,-2406.5
12600.0,12700.0,-2398.5
12700.0,12700.0,-2403.4
12800.0,12700.0,-2397.4
12900.0,12700.0,-2399.8
13000.0,12700.0,-2397.1
13100.0,12700.0,-2398.6
13200.0,12700.0,-2400.9
13300.0,12700.0,-2395.8
13400.0,12700.0,-2400.2
13500.0,12700.0,-2401.3
13600.0,12700.0,-2401.5
13700.0,12700.0,-2397.7
13800.0,12700.0,-2408.1
13900.0,12700.0,-2412.7
14000.0,12700.0,-2414.1
14100.0,12700.0,-2413.5
14200.0,12700.0,-2417.0
14300.0,12700.0,-2424.9
14400.0,12700.0,-2429.1
14500.0,12700.0,-2433.1
14600.0,12700.0,-2436.9
14700.0,12700.0,-2446.2
14800.0,12700.0,-2453.8
14900.0,12700.0,-2452.6
15000.0,12700.0,-2466.2
15100.0,12700.0,-2465.3
15200.0,12700.0,-2477.9
15300.0,12700.0,-2487.3
15400.0,12700.0,-2491.4
15500.0,12700.0,-2496.6
15600.0,12700.0,-2505.1
15700.0,12700.0,-2509.0
15800.0,12700.0,-2520.9
15900.0,12700.0,-2526.7
16000.0,12700.0,-2533.8
16100.0,12700.0,-2539.2
16200.0,12700.0,-2549.3
16300.0,12700.0,-2554.5
16400.0,12700.0,-2564.8
16500.0,12700.0,-2557.3
16600.0,12700.0,-2566.3
16700.0,12700.0,-2574.8
16800.0,12700.0,-2575.5
16900.0,12700.0,-2582.1
17000.0,12700.0,-2578.7
17100.0,12700.0,-2593.4
17200.0,12700.0,-2586.9
17300.0,12700.0,-2589.9
17400.0,12700.0,-2595.0
17500.0,12700.0,-2596.0
17600.0,12700.0,-2595.4
17700.0,12700.0,-2598.3
17800.0,12700.0,-2590.6
17900.0,12700.0,-2594.0
18000.0,12700.0,-2596.8
18100.0,12700.0,-2594.6
18200.0,12700.0,-2594.3
18300.0,12700.0,-2588.7
18400.0,12700.0,-2590.8
18500.0,12700.0,-2589.2
18600.0,12700.0,-2587.6
18700.0,12700.0,-2588.5
18800.0,12700.0,-2585.8
18900.0,12700.0,-2586.1
19000.0,12700.0,-2572.4
19100.0,12700.0,-2577.6
19200.0,12700.0,-2581.8
19300.0,12700.0,-2575.3
19400.0,12700.0,-2574.1
19500.0,12700.0,-2570.7
19600.0,12700.0,-2564.8
19700.0,12700.0,-2561.9
19800.0,12700.0,-2565.2
19900.0,12700.0,-2557.2
20000.0,12700.0,-2556.3
0.0,12800.0,-2742.1
100.0,12800.0,-2740.9
200.0,12800.0,-2737.1
300.0,12800.0,-2732.5
400.0,12800.0,-2734.2
500.0,12800.0,-2732.4
600.0,12800.0,-2725.2
700.0,12800.0,-2719.2
800.0,12800.0,-2723.9
900.0,12800.0,-2713.5
1000.0,12800.0,-2705.1
1100.0,12800.0,-2703.7
1200.0,12800.0,-2704.0
1300.0,12800.0,-2692.5
1400.0,12800.0,-2689.2
1500.0,12800.0,-2681.3
1600.0,12800.0,-2676.9
1700.0,12800.0,-2674.7
1800.0,12800.0,-2670.3
1900.0,12800.0,-2665.2
2000.0,12800.0,-2659.2
2100.0,12800.0,-2646.1
2200.0,12800.0,-2647.2
2300.0,12800.0,-2650.3
2400.0,12800.0,-2639.0
2500.0,12800.0,-2637.5
2600.0,12800.0,-2634.9
2700.0,12800.0,-2635.0
2800.0,12800.0,-2620.6
2900.0,12800.0,-2617.1
3000.0,12800.0,-2614.0
3100.0,12800.0,-2611.4
3200.0,12800.0,-2605.7
3300.0,12800.0,-2602.8
3400.0,12800.0,-2599.4
3500.0,12800.0,-2595.8
3600.0,12800.0,-2587.4
3700.0,12800.0,-2587.3
3800.0,12800.0,-2578.5
3900.0,12800.0,-2570.0
4000.0,12800.0,-2563.4
4100.0,12800.0,-2561.1
4200.0,12800.0,-2557.3
4300.0,12800.0,-2550.4
4400.0,12800.0,-2545.0
4500.0,12800.0,-2536.5
4600.0,12800.0,-2528.2
4700.0,12800.0,-2527.4
4800.0,12800.0,-2519.8
4900.0,12800.0,-2510.5
5000.0,12800.0,-2506.5
5100.0,12800.0,-2499.2
5200.0,12800.0,-2498.7
5300.0,12800.0,-2494.3
5400.0,12800.0,-2483.6
5500.0,12800.0,-2476.5
5600.0,12800.0,-2475.7
5700.0,12800.0,-2470.8
5800.0,12800.0,-2470.5
5900.0,12800.0,-2461.7
6000.0,12800.0,-2460.9
6100.0,12800.0,-2457.2
6200.0,12800.0,-2461.3
6300.0,12800.0,-2452.9
6400.0,12800.0,-2452.8
6500.0,12800.0,-2457.9
6600.0,12800.0,-2455.0
6700.0,12800.0,-2457.4
6800.0,12800.0,-2453.0
6900.0,12800.0,-2452.5
7000.0,12800.0,-2457.1
7100.0,12800.0,-2460.9
7200.0,12800.0,-2468.3
7300.0,12800.0,-2460.9
7400.0,12800.0,-2462.9
7500.0,12800.0,-2467.9
7600.0,12800.0,-2468.7
7700.0,12800.0,-2474.1
7800.0,12800.0,-2472.9
7900.0,12800.0,-2471.9
8000.0,12800.0,-2483.6
8100.0,12800.0,-2484.3
8200.0,12800.0,-2484.0
8300.0,12800.0,-2481.3
8400.0,12800.0,-2490.0
8500.0,12800.0,-2491.3
8600.0,12800.0,-2498.7
8700.0,12800.0,-2499.2
8800.0,12800.0,-2495.0
8900.0,12800.0,-2504.0
9000.0,12800.0,-2496.1
9100.0,12800.0,-2503.7
9200.0,12800.0,-2495.6
9300.0,12800.0,-2501.1
9400.0,12800.0,-2497.6
9500.0,12800.0,-2500.0
9600.0,12800.0,-2496.2
9700.0,12800.0,-2493.7
9800.0,12800.0,-2494.4
9900.0,12800.0,-2492.3
10000.0,12800.0,-2496.1
10100.0,12800.0,-2489.7
10200.0,12800.0,-2485.6
10300.0,12800.0,-2478.2
10400.0,12800.0,-2485.9
10500.0,12800.0,-2479.5
10600.0,12800.0,-2468.6
10700.0,12800.0,-2471.1
10800.0,12800.0,-2469.1
10900.0,12800.0,-2459.4
11000.0,12800.0,-2456.2
11100.0,12800.0,-2462.4
11200.0,12800.0,-2450.9
11300.0,12800.0,-2445.0
11400.0,12800.0,-2446.8
11500.0,12800.0,-2443.8
11600.0,12800.0,-2438.2
11700.0,12800.0,-2436.0
11800.0,12800.0,-2434.3
11900.0,12800.0,-2427.4
12000.0,12800.0,-2428.1
12100.0,12800.0,-2429.0
12200.0,12800.0,-2422.3
12300.0,12800.0,-2416.1
12400.0,12800.0,-2413.1
12500.0,12800.0,-2414.9
12600.0,12800.0,-2409.6
12700.0,12800.0,-2409.5
12800.0,12800.0,-2402.4
12900.0,12800.0,-2406.8
13000.0,12800.0,-2403.8
13100.0,12800.0,-2406.8
13200.0,12800.0,-2401.8
13300.0,12800.0,-2404.6
13400.0,12800.0,-2406.0
13500.0,12800.0,-2399.9
13600.0,12800.0,-2408.5
13700.0,12800.0,-2410.2
13800.0,12800.0,-2401.3
13900.0,12800.0,-2409.1
14000.0,12800.0,-2415.8
14100.0,12800.0,-2413.1
14200.0,12800.0,-2425.6
14300.0,12800.0,-2425.1
14400.0,12800.0,-2433.2
14500.0,12800.0,-2435.7
14600.0,12800.0,-2435.0
14700.0,12800.0,-2444.4
14800.0,12800.0,-2450.1
14900.0,12800.0,-2461.6
15000.0,12800.0,-2467.3
15100.0,12800.0,-2473.1
15200.0,12800.0,-2476.5
15300.0,12800.0,-2480.1
15400.0,12800.0,-2494.9
15500.0,12800.0,-2497.0
15600.0,12800.0,-2510.2
15700.0,12800.0,-2514.1
15800.0,12800.0,-2521.0
15900.0,12800.0,-2526.4
16000.0,12800.0,-2534.5
16100.0,12800.0,-2536.3
16200.0,12800.0,-2550.1
16300.0,12800.0,-2552.7
16400.0,12800.0,-2558.8
16500.0,12800.0,-2569.1
16600.0,12800.0,-2573.4
16700.0,12800.0,-2574.2
16800.0,12800.0,-2578.1
16900.0,12800.0,-2576.6
17000.0,12800.0,-2585.4
17100.0,12800.0,-2592.0
17200.0,12800.0,-2589.8
17300.0,12800.0,-2589.3
17400.0,12800.0,-2595.6
17500.0,12800.0,-2595.0
17600.0,12800.0,-2593.5
17700.0,12800.0,-2597.7
17800.0,12800.0,-2597.1
17900.0,12800.0,-2594.3
18000.0,12800.0,-2599.1
18100.0,12800.0,-2598.8
18200.0,12800.0,-2592.7
18300.0,12800.0,-2590.8
18400.0,12800.0,-2592.6
18500.0,12800.0,-2591.6
18600.0,12800.0,-2589.8
18700.0,12800.0,-2589.7
18800.0,12800.0,-2584.8
18900.0,12800.0,-2584.4
19000.0,12800.0,-2582.7
19100.0,12800.0,-2575.3
19200.0,12800.0,-2577.6
19300.0,12800.0,-2578.0
19400.0,12800.0,-2575.1
19500.0,12800.0,-2568.7
19600.0,12800.0,-2568.2
19700.0,12800.0,-2564.4
19800.0,12800.0,-2560.0
19900.0,12800.0,-2560.5
20000.0,12800.0,-2558.3
0.0,12900.0,-2739.4
100.0,12900.0,-2741.8
200.0,12900.0,-2745.5
300.0,12900.0,-2741.6
400.0,12900.0,-2736.6
500.0,12900.0,-2732.9
600.0,12900.0,-2736.4
700.0,12900.0,-2724.8
800.0,12900.0,-2717.8
900.0,12900.0,-2718.8
1000.0,12900.0,-2718.3
1100.0,12900.0,-2712.7
1200.0,12900.0,-2707.1
1300.0,12900.0,-2696.3
1400.0,12900.0,-2692.6
1500.0,12900.0,-2690.5
1600.0,12900.0,-2685.3
1700.0,12900.0,-2677.7
1800.0,12900.0,-2679.0
1900.0,12900.0,-2669.7
2000.0,12900.0,-2667.8
2100.0,12900.0,-2660.4
2200.0,12900.0,-2653.8
2300.0,12900.0,-2649.1
2400.0,12900.0,-2644.6
2500.0,12900.0,-2643.6
2600.0,12900.0,-2630.9
2700.0,12900.0,-2633.4
2800.0,12900.0,-2627.4
2900.0,12900.0,-2624.2
3000.0,12900.0,-2618.9
3100.0,12900.0,-2617.3
3200.0,12900.0,-2612.2
3300.0,12900.0,-2613.3
3400.0,12900.0,-2596.1
3500.0,12900.0,-2600.3
3600.0,12900.0,-2591.8
3700.0,12900.0,-2585.2
3800.0,12900.0,-2578.1
3900.0,12900.0,-2574.9
4000.0,12900.0,-2573.1
4100.0,12900.0,-2562.5
4200.0,12900.0,-2557.8
4300.0,12900.0,-2551.8
4400.0,12900.0,-2542.5
4500.0,12900.0,-2538.1
4600.0,12900.0,-2528.7
4700.0,12900.0,-2529.4
4800.0,12900.0,-2519.2
4900.0,12900.0,-2514.5
5000.0,12900.0,-2510.7
5100.0,12900.0,-2505.5
5200.0,12900.0,-2502.7
5300.0,12900.0,-2492.7
5400.0,12900.0,-2486.3
5500.0,12900.0,-2482.0
5600.0,12900.0,-2479.4
5700.0,12900.0,-2476.5
5800.0,12900.0,-2469.1
5900.0,12900.0,-2472.1
6000.0,12900.0,-2462.1
6100.0,12900.0,-2466.8
6200.0,12900.0,-2463.0
6300.0,12900.0,-2455.9
6400.0,12900.0,-2458.2
6500.0,12900.0,-2457.7
6600.0,12900.0,-2462.3
6700.0,12900.0,-2454.4
6800.0,12900.0,-2455.6
6900.0,12900.0,-2460.9
7000.0,12900.0,-2457.8
7100.0,12900.0,-2459.9
7200.0,12900.0,-2465.8
7300.0,12900.0,-2466.0
7400.0,12900.0,-2467.5
7500.0,12900.0,-2469.0
7600.0,12900.0,-2477.7
7700.0,12900.0,-2478.9
7800.0,12900.0,-2476.0
7900.0,12900.0,-2481.8
8000.0,12900.0,-2485.8
8100.0,12900.0,-2492.1
8200.0,12900.0,-2493.7
8300.0,12900.0,-2497.1
8400.0,12900.0,-2499.4
8500.0,12900.0,-2503.9
8600.0,12900.0,-2504.4
8700.0,12900.0,-2502.1
8800.0,12900.0,-2505.8
8900.0,12900.0,-2508.0
9000.0,12900.0,-2504.9
9100.0,12900.0,-2513.4
9200.0,12900.0,-2505.4
9300.0,12900.0,-2508.7
9400.0,12900.0,-2508.5
9500.0,12900.0,-2505.8
9600.0,12900.0,-2510.4
9700.0,12900.0,-2501.0
9800.0,12900.0,-2506.2
9900.0,12900.0,-2497.7
10000.0,12900.0,-2504.6
10100.0,12900.0,-2500.3
10200.0,12900.0,-2496.0
10300.0,12900.0,-2493.6
10400.0,12900.0,-2485.0
10500.0,12900.0,-2485.7
10600.0,12900.0,-2484.6
10700.0,12900.0,-2482.6
10800.0,12900.0,-2481.5
10900.0,12900.0,-2474.5
11000.0,12900.0,-2468.2
11100.0,12900.0,-2467.7
11200.0,12900.0,-2470.1
11300.0,12900.0,-2456.7
11400.0,12900.0,-2460.7
11500.0,12900.0,-2453.7
11600.0,12900.0,-2456.6
11700.0,12900.0,-2443.2
11800.0,12900.0,-2447.1
11900.0,12900.0,-2436.9
12000.0,12900.0,-2433.7
12100.0,12900.0,-2427.9
12200.0,12900.0,-2428.0
12300.0,12900.0,-2425.7
12400.0,12900.0,-2423.2
12500.0,12900.0,-2415.4
12600.0,12900.0,-2419.4
12700.0,12900.0,-2413.0
12800.0,12900.0,-2411.6
12900.0,12900.0,-2407.3
13000.0,12900.0,-2404.1
13100.0,12900.0,-2410.3
13200.0,12900.0,-2409.5
13300.0,12900.0,-2408.0
13400.0,12900.0,-2402.3
13500.0,12900.0,-2406.1
13600.0,12900.0,-2407.6
13700.0,12900.0,-2411.0
13800.0,12900.0,-2409.3
13900.0,12900.0,-2417.2
14000.0,12900.0,-2415.1
14100.0,12900.0,-2419.6
14200.0,12900.0,-2422.4
14300.0,12900.0,-2423.5
14400.0,12900.0,-2430.9
14500.0,12900.0,-2439.3
14600.0,12900.0,-2445.6
14700.0,12900.0,-2443.3
14800.0,12900.0,-2453.4
14900.0,12900.0,-2460.6
15000.0,12900.0,-2459.4
15100.0,12900.0,-2471.7
15200.0,12900.0,-2473.6
15300.0,12900.0,-2488.6
15400.0,12900.0,-2491.7
15500.0,12900.0,-2492.4
15600.0,12900.0,-2502.6
15700.0,12900.0,-2511.2
15800.0,12900.0,-2520.2
15900.0,12900.0,-2523.9
16000.0,12900.0,-2538.8
16100.0,12900.0,-2550.5
16200.0,12900.0,-2547.0
16300.0,12900.0,-2554.1
16400.0,12900.0,-2560.2
16500.0,12900.0,-2563.2
16600.0,12900.0,-2571.0
16700.0,12900.0,-2573.2
16800.0,12900.0,-2577.8
16900.0,12900.0,-2577.4
17000.0,12900.0,-2581.6
17100.0,12900.0,-2593.1
17200.0,12900.0,-2587.2
17300.0,12900.0,-2590.6
17400.0,12900.0,-2596.0
17500.0,12900.0,-2592.5
17600.0,12900.0,-2593.2
17700.0,12900.0,-2597.7
17800.0,12900.0,-2598.6
17900.0,12900.0,-2595.5
18000.0,12900.0,-2593.2
18100.0,12900.0,-2600.9
18200.0,12900.0,-2590.4
18300.0,12900.0,-2600.0
18400.0,12900.0,-2590.8
18500.0,12900.0,-2593.6
18600.0,12900.0,-2590.3
18700.0,12900.0,-2585.3
18800.0,12900.0,-2591.2
18900.0,12900.0,-2583.4
19000.0,12900.0,-2584.8
19100.0,12900.0,-2581.9
19200.0,12900.0,-2580.6
19300.0,12900.0,-2569.7
19400.0,12900.0,-2570.9
19500.0,12900.0,-2563.3
19600.0,12900.0,-2570.5
19700.0,12900.0,-2564.2
19800.0,12900.0,-2568.2
19900.0,12900.0,-2564.7
20000.0,12900.0,-2560.3
0.0,13000.0,-2744.6
100.0,13000.0,-2748.4
200.0,13000.0,-2743.1
300.0,13000.0,-2739.6
400.0,13000.0,-2741.7
500.0,13000.0,-2738.6
600.0,13000.0,-2738.8
700.0,13000.0,-2731.0
800.0,13000.0,-2724.5
900.0,13000.0,-2720.5
1000.0,13000.0,-2719.9
1100.0,13000.0,-2715.9
1200.0,13000.0,-2712.3
1300.0,13000.0,-2709.2
1400.0,13000.0,-2702.5
1500.0,13000.0,-2691.8
1600.0,13000.0,-2689.5
1700.0,13000.0,-2686.2
1800.0,13000.0,-2678.8
1900.0,13000.0,-2671.5
2000.0,13000.0,-2672.2
2100.0,13000.0,-2665.6
2200.0,13000.0,-2661.9
2300.0,13000.0,-2651.9
2400.0,13000.0,-2652.3
2500.0,13000.0,-2647.8
2600.0,13000.0,-2646.2
2700.0,13000.0,-2634.0
2800.0,13000.0,-2635.8
2900.0,13000.0,-2637.1
3000.0,13000.0,-2625.5
3100.0,13000.0,-2621.2
3200.0,13000.0,-2612.3
3300.0,13000.0,-2607.0
3400.0,13000.0,-2607.4
3500.0,13000.0,-2602.6
3600.0,13000.0,-2595.7
3700.0,13000.0,-2591.4
3800.0,13000.0,-2581.8
3900.0,13000.0,-2585.9
4000.0,13000.0,-2569.6
4100.0,13000.0,-2573.0
4200.0,13000.0,-2564.8
4300.0,13000.0,-2553.8
4400.0,13000.0,-2545.2
4500.0,13000.0,-2541.7
4600.0,13000.0,-2545.1
4700.0,13000.0,-2529.2
4800.0,13000.0,-2526.6
4900.0,13000.0,-2520.1
5000.0,13000.0,-2506.7
5100.0,13000.0,-2509.1
5200.0,13000.0,-2502.9
5300.0,13000.0,-2491.5
5400.0,13000.0,-2493.0
5500.0,13000.0,-2483.8
5600.0,13000.0,-2482.9
5700.0,13000.0,-2475.4
5800.0,13000.0,-2474.4
5900.0,13000.0,-2470.5
6000.0,13000.0,-2472.7
6100.0,13000.0,-2463.2
6200.0,13000.0,-2463.9
6300.0,13000.0,-2460.8
6400.0,13000.0,-2459.2
6500.0,13000.0,-2460.8
6600.0,13000.0,-2456.4
6700.0,13000.0,-2456.2
6800.0,13000.0,-2461.5
6900.0,13000.0,-2464.1
7000.0,13000.0,-2465.4
7100.0,13000.0,-2465.6
7200.0,13000.0,-2466.7
7300.0,13000.0,-2473.4
7400.0,13000.0,-2473.9
7500.0,13000.0,-2477.5
7600.0,13000.0,-2474.0
7700.0,13000.0,-2486.4
7800.0,13000.0,-2489.0
7900.0,13000.0,-2491.0
8000.0,13000.0,-2484.8
8100.0,13000.0,-2491.3
8200.0,13000.0,-2496.9
8300.0,13000.0,-2503.2
8400.0,13000.0,-2502.1
8500.0,13000.0,-2506.6
8600.0,13000.0,-2506.1
8700.0,13000.0,-2510.9
8800.0,13000.0,-2512.5
8900.0,13000.0,-2520.3
9000.0,13000.0,-2520.1
9100.0,13000.0,-2519.4
9200.0,13000.0,-2514.7
9300.0,13000.0,-2515.0
9400.0,13000.0,-2515.1
9500.0,13000.0,-2515.5
9600.0,13000.0,-2516.8
9700.0,13000.0,-2520.4
9800.0,13000.0,-2513.2
9900.0,13000.0,-2508.7
10000.0,13000.0,-2506.7
10100.0,13000.0,-2505.6
10200.0,13000.0,-2504.0
10300.0,13000.0,-2506.5
10400.0,13000.0,-2500.6
10500.0,13000.0,-2498.0
10600.0,13000.0,-2492.4
10700.0,13000.0,-2492.5
10800.0,13000.0,-2489.0
10900.0,13000.0,-2485.6
11000.0,13000.0,-2479.5
11100.0,13000.0,-2475.0
11200.0,13000.0,-2476.3
11300.0,13000.0,-2471.2
11400.0,13000.0,-2467.9
11500.0,13000.0,-2464.5
11600.0,13000.0,-2456.4
11700.0,13000.0,-2453.3
11800.0,13000.0,-2448.5
11900.0,13000.0,-2447.1
12000.0,13000.0,-2445.8
12100.0,13000.0,-2437.5
12200.0,13000.0,-2439.4
12300.0,13000.0,-2428.2
12400.0,13000.0,-2428.6
12500.0,13000.0,-2424.7
12600.0,13000.0,-2428.9
12700.0,13000.0,-2424.2
12800.0,13000.0,-2417.6
12900.0,13000.0,-2413.2
13000.0,13000.0,-2411.4
13100.0,13000.0,-2413.7
13200.0,13000.0,-2411.3
13300.0,13000.0,-2416.2
13400.0,13000.0,-2414.8
13500.0,13000.0,-2421.0
13600.0,13000.0,-2412.4
13700.0,13000.0,-2414.1
13800.0,13000.0,-2420.6
13900.0,13000.0,-2417.2
14000.0,13000.0,-2420.5
14100.0,13000.0,-2425.2
14200.0,13000.0,-2424.2
14300.0,13000.0,-2424.5
14400.0,13000.0,-2437.4
14500.0,13000.0,-2436.4
14600.0,13000.0,-2441.0
14700.0,13000.0,-2448.4
14800.0,13000.0,-2455.1
14900.0,13000.0,-2458.2
15000.0,13000.0,-2464.5
15100.0,13000.0,-2479.1
15200.0,13000.0,-2481.9
15300.0,13000.0,-2487.6
15400.0,13000.0,-2489.9
15500.0,13000.0,-2502.6
15600.0,13000.0,-2504.4
15700.0,13000.0,-2514.6
15800.0,13000.0,-2518.1
15900.0,13000.0,-2531.4
16000.0,13000.0,-2532.1
16100.0,13000.0,-2536.5
16200.0,13000.0,-2546.2
16300.0,13000.0,-2548.7
16400.0,13000.0,-2561.0
16500.0,13000.0,-2557.0
16600.0,13000.0,-2568.8
16700.0,13000.0,-2569.9
16800.0,13000.0,-2575.8
16900.0,13000.0,-2579.6
17000.0,13000.0,-2587.1
17100.0,13000.0,-2592.2
17200.0,13000.0,-2591.9
17300.0,13000.0,-2597.5
17400.0,13000.0,-2594.0
17500.0,13000.0,-2596.6
17600.0,13000.0,-2597.3
17700.0,13000.0,-2598.7
17800.0,13000.0,-2597.1
17900.0,13000.0,-2603.7
18000.0,13000.0,-2593.6
18100.0,13000.0,-2595.7
18200.0,13000.0,-2600.5
18300.0,13000.0,-2594.2
18400.0,13000.0,-2591.6
18500.0,13000.0,-2589.4
18600.0,13000.0,-2587.3
18700.0,13000.0,-2585.4
18800.0,13000.0,-2582.5
18900.0,13000.0,-2590.6
19000.0,13000.0,-2586.5
19100.0,13000.0,-2577.2
19200.0,13000.0,-2578.4
19300.0,13000.0,-2580.5
19400.0,13000.0,-2575.7
19500.0,13000.0,-2576.0
19600.0,13000.0,-2570.7
19700.0,13000.0,-2566.5
19800.0,13000.0,-2561.1
19900.0,13000.0,-2560.8
20000.0,13000.0,-2565.0
0.0,13100.0,-2750.8
100.0,13100.0,-2748.4
200.0,13100.0,-2748.0
300.0,13100.0,-2747.8
400.0,13100.0,-2750.3
500.0,13100.0,-2746.9
600.0,13100.0,-2746.6
700.0,13100.0,-2739.3
800.0,13100.0,-2730.4
900.0,13100.0,-2730.6
1000.0,13100.0,-2722.6
1100.0,13100.0,-2722.1
1200.0,13100.0,-2721.0
1300.0,13100.0,-2713.7
1400.0,13100.0,-2701.9
1500.0,13100.0,-2698.4
1600.0,13100.0,-2701.4
1700.0,13100.0,-2689.6
1800.0,13100.0,-2682.2
1900.0,13100.0,-2679.7
2000.0,13100.0,-2680.9
2100.0,13100.0,-2666.9
2200.0,13100.0,-2674.3
2300.0,13100.0,-2656.6
2400.0,13100.0,-2659.1
2500.0,13100.0,-2655.0
2600.0,13100.0,-2644.3
2700.0,13100.0,-2642.9
2800.0,13100.0,-2635.2
2900.0,13100.0,-2638.9
3000.0,13100.0,-2633.9
3100.0,13100.0,-2623.5
3200.0,13100.0,-2622.7
3300.0,13100.0,-2615.7
3400.0,13100.0,-2609.9
3500.0,13100.0,-2604.3
3600.0,13100.0,-2598.5
3700.0,13100.0,-2598.7
3800.0,13100.0,-2597.4
3900.0,13100.0,-2581.8
4000.0,13100.0,-2579.4
4100.0,13100.0,-2579.0
4200.0,13100.0,-2566.7
4300.0,13100.0,-2552.5
4400.0,13100.0,-2550.7
4500.0,13100.0,-2549.8
4600.0,13100.0,-2539.4
4700.0,13100.0,-2531.0
4800.0,13100.0,-2532.4
4900.0,13100.0,-2525.2
5000.0,13100.0,-2510.6
5100.0,13100.0,-2507.3
5200.0,13100.0,-2503.2
5300.0,13100.0,-2498.3
5400.0,13100.0,-2492.9
5500.0,13100.0,-2491.4
5600.0,13100.0,-2484.5
5700.0,13100.0,-2476.4
5800.0,13100.0,-2482.0
5900.0,13100.0,-2471.6
6000.0,13100.0,-2471.0
6100.0,13100.0,-2469.0
6200.0,13100.0,-2467.8
6300.0,13100.0,-2472.4
6400.0,13100.0,-2467.5
6500.0,13100.0,-2463.0
6600.0,13100.0,-2462.9
6700.0,13100.0,-2458.7
6800.0,13100.0,-2464.7
6900.0,13100.0,-2462.7
7000.0,13100.0,-2465.0
7100.0,13100.0,-2468.6
7200.0,13100.0,-2464.3
7300.0,13100.0,-2473.1
7400.0,13100.0,-2473.1
7500.0,13100.0,-2474.4
7600.0,13100.0,-2482.0
7700.0,13100.0,-2492.2
7800.0,13100.0,-2487.8
7900.0,13100.0,-2490.4
8000.0,13100.0,-2499.5
8100.0,13100.0,-2491.9
8200.0,13100.0,-2500.9
8300.0,13100.0,-2504.6
8400.0,13100.0,-2508.4
8500.0,13100.0,-2507.1
8600.0,13100.0,-2513.7
8700.0,13100.0,-2513.5
8800.0,13100.0,-2527.5
8900.0,13100.0,-2525.8
9000.0,13100.0,-2520.5
9100.0,13100.0,-2526.5
9200.0,13100.0,-2522.7
9300.0,13100.0,-2522.1
9400.0,13100.0,-2525.5
9500.0,13100.0,-2528.0
9600.0,13100.0,-2524.7
9700.0,13100.0,-2529.6
9800.0,13100.0,-2526.4
9900.0,13100.0,-2525.9
10000.0,13100.0,-2526.4
10100.0,13100.0,-2520.7
10200.0,13100.0,-2516.5
10300.0,13100.0,-2520.8
10400.0,13100.0,-2517.1
10500.0,13100.0,-2512.4
10600.0,13100.0,-2507.3
10700.0,13100.0,-2504.3
10800.0,13100.0,-2500.2
10900.0,13100.0,-2491.4
11000.0,13100.0,-2486.9
11100.0,13100.0,-2485.8
11200.0,13100.0,-2481.7
11300.0,13100.0,-2473.7
11400.0,13100.0,-2472.8
11500.0,13100.0,-2477.9
11600.0,13100.0,-2464.1
11700.0,13100.0,-2459.0
11800.0,13100.0,-2459.1
11900.0,13100.0,-2452.7
12000.0,13100.0,-2448.8
12100.0,13100.0,-2444.8
12200.0,13100.0,-2435.7
12300.0,13100.0,-2439.1
12400.0,13100.0,-2433.3
12500.0,13100.0,-2431.1
12600.0,13100.0,-2423.8
12700.0,13100.0,-2429.6
12800.0,13100.0,-2418.0
12900.0,13100.0,-2417.8
13000.0,13100.0,-2419.0
13100.0,13100.0,-2420.7
13200.0,13100.0,-2419.4
13300.0,13100.0,-2418.0
13400.0,13100.0,-2416.6
13500.0,13100.0,-2411.1
13600.0,13100.0,-2412.9
13700.0,13100.0,-2416.8
13800.0,13100.0,-2420.7
13900.0,13100.0,-2428.3
14000.0,13100.0,-2429.8
14100.0,13100.0,-2426.3
14200.0,13100.0,-2429.7
14300.0,13100.0,-2429.6
14400.0,13100.0,-2435.9
14500.0,13100.0,-2436.4
14600.0,13100.0,-2443.6
14700.0,13100.0,-2454.5
14800.0,13100.0,-2464.5
14900.0,13100.0,-2468.1
15000.0,13100.0,-2473.7
15100.0,13100.0,-2472.1
15200.0,13100.0,-2479.3
15300.0,13100.0,-2488.7
15400.0,13100.0,-2499.5
15500.0,13100.0,-2499.2
15600.0,13100.0,-2500.8
15700.0,13100.0,-2514.4
15800.0,13100.0,-2522.3
15900.0,13100.0,-2528.8
16000.0,13100.0,-2526.9
16100.0,13100.0,-2545.2
16200.0,13100.0,-2549.5
16300.0,13100.0,-2554.3
16400.0,13100.0,-2556.7
16500.0,13100.0,-2565.3
16600.0,13100.0,-2570.8
16700.0,13100.0,-2575.1
16800.0,13100.0,-2583.4
16900.0,13100.0,-2583.2
17000.0,13100.0,-2588.0
17100.0,13100.0,-2589.3
17200.0,13100.0,-2585.0
17300.0,13100.0,-2596.2
17400.0,13100.0,-2594.9
17500.0,13100.0,-2593.8
17600.0,13100.0,-2597.9
17700.0,13100.0,-2600.5
17800.0,13100.0,-2603.8
17900.0,13100.0,-2599.1
18000.0,13100.0,-2602.1
18100.0,13100.0,-2592.6
18200.0,13100.0,-2597.8
18300.0,13100.0,-2597.6
18400.0,13100.0,-2596.1
18500.0,13100.0,-2592.2
18600.0,13100.0,-2587.0
18700.0,13100.0,-2588.6
18800.0,13100.0,-2586.7
18900.0,13100.0,-2590.3
19000.0,13100.0,-2586.3
19100.0,13100.0,-2582.3
19200.0,13100.0,-2582.5
19300.0,13100.0,-2582.1
19400.0,13100.0,-2577.5
19500.0,13100.0,-2573.3
19600.0,13100.0,-2567.1
19700.0,13100.0,-2573.7
19800.0,13100.0,-2566.7
19900.0,13100.0,-2564.5
20000.0,13100.0,-2568.0
0.0,13200.0,-2746.8
100.0,13200.0,-2750.0
200.0,13200.0,-2749.4
300.0,13200.0,-2747.4
400.0,13200.0,-2752.3
500.0,13200.0,-2744.5
600.0,13200.0,-2753.1
700.0,13200.0,-2743.8
800.0,13200.0,-2739.7
900.0,13200.0,-2736.8
1000.0,13200.0,-2735.5
1100.0,13200.0,-2736.1
1200.0,13200.0,-2723.5
1300.0,13200.0,-2720.6
1400.0,13200.0,-2716.8
1500.0,13200.0,-2711.0
1600.0,13200.0,-2696.3
1700.0,13200.0,-2696.7
1800.0,13200.0,-2694.8
1900.0,13200.0,-2692.4
2000.0,13200.0,-2680.3
2100.0,13200.0,-2682.6
2200.0,13200.0,-2678.0
2300.0,13200.0,-2675.0
2400.0,13200.0,-2667.6
2500.0,13200.0,-2660.9
2600.0,13200.0,-2656.0
2700.0,13200.0,-2646.3
2800.0,13200.0,-2644.6
2900.0,13200.0,-2641.8
3000.0,13200.0,-2638.5
3100.0,13200.0,-2632.4
3200.0,13200.0,-2630.3
3300.0,13200.0,-2624.4
3400.0,13200.0,-2609.5
3500.0,13200.0,-2609.0
3600.0,13200.0,-2608.9
3700.0,13200.0,-2598.6
3800.0,13200.0,-2592.8
3900.0,13200.0,-2590.4
4000.0,13200.0,-2576.9
4100.0,13200.0,-2572.0
4200.0,13200.0,-2568.0
4300.0,13200.0,-2560.7
4400.0,13200.0,-2551.6
4500.0,13200.0,-2554.9
4600.0,13200.0,-2550.8
4700.0,13200.0,-2538.5
4800.0,13200.0,-2529.3
4900.0,13200.0,-2533.3
5000.0,13200.0,-2526.3
5100.0,13200.0,-2509.9
5200.0,13200.0,-2510.5
5300.0,13200.0,-2500.5
5400.0,13200.0,-2497.4
5500.0,13200.0,-2488.6
5600.0,13200.0,-2482.7
5700.0,13200.0,-2480.3
5800.0,13200.0,-2483.5
5900.0,13200.0,-2475.7
6000.0,13200.0,-2478.1
6100.0,13200.0,-2473.3
6200.0,13200.0,-2469.2
6300.0,13200.0,-2468.5
6400.0,13200.0,-2463.4
6500.0,13200.0,-2469.8
6600.0,13200.0,-2467.0
6700.0,13200.0,-2464.9
6800.0,13200.0,-2467.7
6900.0,13200.0,-2469.1
7000.0,13200.0,-2467.4
7100.0,13200.0,-2467.6
7200.0,13200.0,-2472.4
7300.0,13200.0,-2475.9
7400.0,13200.0,-2478.5
7500.0,13200.0,-2477.1
7600.0,13200.0,-2488.2
7700.0,13200.0,-2488.8
7800.0,13200.0,-2492.3
7900.0,13200.0,-2500.2
8000.0,13200.0,-2504.3
8100.0,13200.0,-2499.8
8200.0,13200.0,-2510.2
8300.0,13200.0,-2518.5
8400.0,13200.0,-2506.2
8500.0,13200.0,-2513.9
8600.0,13200.0,-2522.8
8700.0,13200.0,-2521.3
8800.0,13200.0,-2527.7
8900.0,13200.0,-2529.1
9000.0,13200.0,-2522.9
9100.0,13200.0,-2529.1
9200.0,13200.0,-2530.4
9300.0,13200.0,-2533.4
9400.0,13200.0,-2534.0
9500.0,13200.0,-2534.4
9600.0,13200.0,-2533.6
9700.0,13200.0,-2529.7
9800.0,13200.0,-2531.6
9900.0,13200.0,-2534.0
10000.0,13200.0,-2531.8
10100.0,13200.0,-2528.9
10200.0,13200.0,-2531.4
10300.0,13200.0,-2522.8
10400.0,13200.0,-2519.3
10500.0,13200.0,-2516.4
10600.0,13200.0,-2517.6
10700.0,13200.0,-2512.5
10800.0,13200.0,-2510.8
10900.0,13200.0,-2502.9
11000.0,13200.0,-2498.5
11100.0,13200.0,-2496.9
11200.0,13200.0,-2495.5
11300.0,13200.0,-2488.3
11400.0,13200.0,-2486.3
11500.0,13200.0,-2475.8
11600.0,13200.0,-2475.5
11700.0,13200.0,-2470.1
11800.0,13200.0,-2467.1
11900.0,13200.0,-2461.2
12000.0,13200.0,-2456.0
12100.0,13200.0,-2453.4
12200.0,13200.0,-2452.1
12300.0,13200.0,-2450.4
12400.0,13200.0,-2445.1
12500.0,13200.0,-2440.9
12600.0,13200.0,-2434.7
12700.0,13200.0,-2436.3
12800.0,13200.0,-2432.4
12900.0,13200.0,-2426.3
13000.0,13200.0,-2425.7
13100.0,13200.0,-2424.7
13200.0,13200.0,-2415.8
13300.0,13200.0,-2420.9
13400.0,13200.0,-2423.2
13500.0,13200.0,-2416.1
13600.0,13200.0,-2422.0
13700.0,13200.0,-2425.9
13800.0,13200.0,-2422.8
13900.0,13200.0,-2418.4
14000.0,13200.0,-2429.6
14100.0,13200.0,-2433.3
14200.0,13200.0,-2429.5
14300.0,13200.0,-2432.5
14400.0,13200.0,-2439.1
14500.0,13200.0,-2448.6
14600.0,13200.0,-2447.7
14700.0,13200.0,-2452.0
14800.0,13200.0,-2457.8
14900.0,13200.0,-2466.1
15000.0,13200.0,-2466.0
15100.0,13200.0,-2474.3
15200.0,13200.0,-2478.7
15300.0,13200.0,-2495.8
15400.0,13200.0,-2492.7
15500.0,13200.0,-2495.6
15600.0,13200.0,-2513.1
15700.0,13200.0,-2515.2
15800.0,13200.0,-2517.7
15900.0,13200.0,-2524.6
16000.0,13200.0,-2537.4
16100.0,13200.0,-2540.1
16200.0,13200.0,-2548.7
16300.0,13200.0,-2555.5
16400.0,13200.0,-2561.1
16500.0,13200.0,-2560.2
16600.0,13200.0,-2571.8
16700.0,13200.0,-2574.3
16800.0,13200.0,-2582.2
16900.0,13200.0,-2581.2
17000.0,13200.0,-2586.2
17100.0,13200.0,-2591.0
17200.0,13200.0,-2589.7
17300.0,13200.0,-2594.6
17400.0,13200.0,-2596.6
17500.0,13200.0,-2599.9
17600.0,13200.0,-2598.0
17700.0,13200.0,-2600.5
17800.0,13200.0,-2598.6
17900.0,13200.0,-2598.6
18000.0,13200.0,-2596.0
18100.0,13200.0,-2593.9
18200.0,13200.0,-2593.2
18300.0,13200.0,-2597.3
18400.0,13200.0,-2595.3
18500.0,13200.0,-2599.3
18600.0,13200.0,-2589.6
18700.0,13200.0,-2589.4
18800.0,13200.0,-2592.3
18900.0,13200.0,-2589.9
19000.0,13200.0,-2582.8
19100.0,13200.0,-2583.2
19200.0,13200.0,-2580.3
19300.0,13200.0,-2580.6
19400.0,13200.0,-2570.6
19500.0,13200.0,-2572.1
19600.0,13200.0,-2572.9
19700.0,13200.0,-2575.4
19800.0,13200.0,-2569.2
19900.0,13200.0,-2565.0
20000.0,13200.0,-2560.5
0.0,13300.0,-2755.7
100.0,13300.0,-2751.0
200.0,13300.0,-2756.7
300.0,13300.0,-2756.4
400.0,13300.0,-2749.2
500.0,13300.0,-2754.5
600.0,13300.0,-2750.6
700.0,13300.0,-2749.3
800.0,13300.0,-2739.1
900.0,13300.0,-2740.0
1000.0,13300.0,-2735.9
1100.0,13300.0,-2733.3
1200.0,13300.0,-2733.5
1300.0,13300.0,-2724.0
1400.0,13300.0,-2718.8
1500.0,13300.0,-2717.6
1600.0,13300.0,-2710.0
1700.0,13300.0,-2702.2
1800.0,13300.0,-2704.4
1900.0,13300.0,-2691.3
2000.0,13300.0,-2690.2
2100.0,13300.0,-2688.7
2200.0,13300.0,-2678.7
2300.0,13300.0,-2677.9
2400.0,13300.0,-2672.7
2500.0,13300.0,-2669.2
2600.0,13300.0,-2659.1
2700.0,13300.0,-2656.7
2800.0,13300.0,-2655.4
2900.0,13300.0,-2645.5
3000.0,13300.0,-2647.8
3100.0,13300.0,-2633.8
3200.0,13300.0,-2631.3
3300.0,13300.0,-2624.4
3400.0,13300.0,-2619.6
3500.0,13300.0,-2612.0
3600.0,13300.0,-2609.0
3700.0,13300.0,-2603.8
3800.0,13300.0,-2596.7
3900.0,13300.0,-2592.9
4000.0,13300.0,-2585.8
4100.0,13300.0,-2578.6
4200.0,13300.0,-2572.3
4300.0,13300.0,-2570.5
4400.0,13300.0,-2562.6
4500.0,13300.0,-2558.2
4600.0,13300.0,-2544.5
4700.0,13300.0,-2545.4
4800.0,13300.0,-2541.2
4900.0,13300.0,-2527.5
5000.0,13300.0,-2527.2
5100.0,13300.0,-2520.7
5200.0,13300.0,-2510.6
5300.0,13300.0,-2507.9
5400.0,13300.0,-2500.4
5500.0,13300.0,-2502.0
5600.0,13300.0,-2493.3
5700.0,13300.0,-2492.8
5800.0,13300.0,-2487.7
5900.0,13300.0,-2482.1
6000.0,13300.0,-2473.7
6100.0,13300.0,-2477.2
6200.0,13300.0,-2475.3
6300.0,13300.0,-2469.7
6400.0,13300.0,-2473.5
6500.0,13300.0,-2463.7
6600.0,13300.0,-2472.3
6700.0,13300.0,-2473.0
6800.0,13300.0,-2471.6
6900.0,13300.0,-2472.3
7000.0,13300.0,-2471.1
7100.0,13300.0,-2478.0
7200.0,13300.0,-2471.1
7300.0,13300.0,-2478.6
7400.0,13300.0,-2485.1
7500.0,13300.0,-2484.0
7600.0,13300.0,-2485.3
7700.0,13300.0,-2493.4
7800.0,13300.0,-2495.0
7900.0,13300.0,-2500.7
8000.0,13300.0,-2503.7
8100.0,13300.0,-2505.9
8200.0,13300.0,-2511.8
8300.0,13300.0,-2513.6
8400.0,13300.0,-2514.0
8500.0,13300.0,-2516.9
8600.0,13300.0,-2521.3
8700.0,13300.0,-2524.5
8800.0,13300.0,-2532.8
8900.0,13300.0,-2535.4
9000.0,13300.0,-2537.2
9100.0,13300.0,-2533.6
9200.0,13300.0,-2538.0
9300.0,13300.0,-2545.5
9400.0,13300.0,-2543.6
9500.0,13300.0,-2539.6
9600.0,13300.0,-2538.5
9700.0,13300.0,-2541.5
9800.0,13300.0,-2539.3
9900.0,13300.0,-2538.7
10000.0,13300.0,-2541.0
10100.0,13300.0,-2537.4
10200.0,13300.0,-2537.6
10300.0,13300.0,-2531.0
10400.0,13300.0,-2531.9
10500.0,13300.0,-2527.5
10600.0,13300.0,-2514.3
10700.0,13300.0,-2523.2
10800.0,13300.0,-2519.7
10900.0,13300.0,-2517.6
11000.0,13300.0,-2508.8
11100.0,13300.0,-2505.8
11200.0,13300.0,-2501.4
11300.0,13300.0,-2497.5
11400.0,13300.0,-2494.3
11500.0,13300.0,-2488.2
11600.0,13300.0,-2483.2
11700.0,13300.0,-2482.0
11800.0,13300.0,-2473.2
11900.0,13300.0,-2466.8
12000.0,13300.0,-2465.7
12100.0,13300.0,-2459.3
12200.0,13300.0,-2460.8
12300.0,13300.0,-2453.8
12400.0,13300.0,-2451.9
12500.0,13300.0,-2446.3
12600.0,13300.0,-2444.4
12700.0,13300.0,-2438.0
12800.0,13300.0,-2431.1
12900.0,13300.0,-2437.3
13000.0,13300.0,-2426.7
13100.0,13300.0,-2427.7
13200.0,13300.0,-2425.3
13300.0,13300.0,-2429.2
13400.0,13300.0,-2422.2
13500.0,13300.0,-2432.2
13600.0,13300.0,-2427.2
13700.0,13300.0,-2430.9
13800.0,13300.0,-2426.5
13900.0,13300.0,-2429.0
14000.0,13300.0,-2428.9
14100.0,13300.0,-2437.3
14200.0,13300.0,-2432.2
14300.0,13300.0,-2434.7
14400.0,13300.0,-2448.0
14500.0,13300.0,-2447.3
14600.0,13300.0,-2456.3
14700.0,13300.0,-2456.8
14800.0,13300.0,-2463.2
14900.0,13300.0,-2469.1
15000.0,13300.0,-2475.7
15100.0,13300.0,-2479.2
15200.0,13300.0,-2483.4
15300.0,13300.0,-2487.9
15400.0,13300.0,-2496.9
15500.0,13300.0,-2509.8
15600.0,13300.0,-2505.7
15700.0,13300.0,-2514.9
15800.0,13300.0,-2520.3
15900.0,13300.0,-2526.1
16000.0,13300.0,-2538.4
16100.0,13300.0,-2547.0
16200.0,13300.0,-2549.1
16300.0,13300.0,-2556.5
16400.0,13300.0,-2561.9
16500.0,13300.0,-2566.4
16600.0,13300.0,-2570.1
16700.0,13300.0,-2579.5
16800.0,13300.0,-2581.6
16900.0,13300.0,-2587.2
17000.0,13300.0,-2589.2
17100.0,13300.0,-2597.1
17200.0,13300.0,-2592.9
17300.0,13300.0,-2596.2
17400.0,13300.0,-2599.7
17500.0,13300.0,-2597.6
17600.0,13300.0,-2598.9
17700.0,13300.0,-2599.5
17800.0,13300.0,-2601.8
17900.0,13300.0,-2600.6
18000.0,13300.0,-2595.9
18100.0,13300.0,-2599.8
18200.0,13300.0,-2603.3
18300.0,13300.0,-2593.4
18400.0,13300.0,-2595.6
18500.0,13300.0,-2593.3
18600.0,13300.0,-2592.9
18700.0,13300.0,-2592.3
18800.0,13300.0,-2586.5
18900.0,13300.0,-2584.0
19000.0,13300.0,-2585.9
19100.0,13300.0,-2581.6
19200.0,13300.0,-2579.2
19300.0,13300.0,-2580.8
19400.0,13300.0,-2574.8
19500.0,13300.0,-2575.0
19600.0,13300.0,-2573.7
19700.0,13300.0,-2569.8
19800.0,13300.0,-2574.3
19900.0,13300.0,-2564.5
20000.0,13300.0,-2566.5
0.0,13400.0,-2749.2
100.0,13400.0,-2757.0
200.0,13400.0,-2756.6
300.0,13400.0,-2758.1
400.0,13400.0,-2757.8
500.0,13400.0,-2759.0
600.0,13400.0,-2750.5
700.0,13400.0,-2750.5
800.0,13400.0,-2749.5
900.0,13400.0,-2746.0
1000.0,13400.0,-2740.8
1100.0,13400.0,-2738.7
1200.0,13400.0,-2730.9
1300.0,13400.0,-2728.7
1400.0,13400.0,-2727.9
1500.0,13400.0,-2717.9
1600.0,13400.0,-2716.6
1700.0,13400.0,-2712.3
1800.0,13400.0,-2712.2
1900.0,13400.0,-2704.5
2000.0,13400.0,-2698.6
2100.0,13400.0,-2697.5
2200.0,13400.0,-2689.0
2300.0,13400.0,-2678.3
2400.0,13400.0,-2679.7
2500.0,13400.0,-2675.5
2600.0,13400.0,-2663.9
2700.0,13400.0,-2662.0
2800.0,13400.0,-2653.4
2900.0,13400.0,-2653.8
3000.0,13400.0,-2647.8
3100.0,13400.0,-2646.6
3200.0,13400.0,-2639.0
3300.0,13400.0,-2630.6
3400.0,13400.0,-2629.8
3500.0,13400.0,-2619.7
3600.0,13400.0,-2615.1
3700.0,13400.0,-2606.8
3800.0,13400.0,-2606.3
3900.0,13400.0,-2601.4
4000.0,13400.0,-2594.6
4100.0,13400.0,-2583.8
4200.0,13400.0,-2579.0
4300.0,13400.0,-2573.3
4400.0,13400.0,-2567.4
4500.0,13400.0,-2558.1
4600.0,13400.0,-2552.5
4700.0,13400.0,-2544.4
4800.0,13400.0,-2546.0
4900.0,13400.0,-2537.9
5000.0,13400.0,-2533.0
5100.0,13400.0,-2520.5
5200.0,13400.0,-2514.1
5300.0,13400.0,-2513.1
5400.0,13400.0,-2507.1
5500.0,13400.0,-2504.8
5600.0,13400.0,-2498.7
5700.0,13400.0,-2491.0
5800.0,13400.0,-2488.9
5900.0,13400.0,-2487.2
6000.0,13400.0,-2484.2
6100.0,13400.0,-2479.1
6200.0,13400.0,-2484.3
6300.0,13400.0,-2479.6
6400.0,13400.0,-2471.6
6500.0,13400.0,-2475.3
6600.0,13400.0,-2472.9
6700.0,13400.0,-2478.4
6800.0,13400.0,-2476.2
6900.0,13400.0,-2476.6
7000.0,13400.0,-2474.8
7100.0,13400.0,-2478.0
7200.0,13400.0,-2480.0
7300.0,13400.0,-2483.6
7400.0,13400.0,-2485.8
7500.0,13400.0,-2491.2
7600.0,13400.0,-2493.2
7700.0,13400.0,-2492.8
7800.0,13400.0,-2500.9
7900.0,13400.0,-2503.0
8000.0,13400.0,-2509.0
8100.0,13400.0,-2503.7
8200.0,13400.0,-2514.3
8300.0,13400.0,-2515.7
8400.0,13400.0,-2520.2
8500.0,13400.0,-2524.1
8600.0,13400.0,-2525.5
8700.0,13400.0,-2530.1
8800.0,13400.0,-2534.0
8900.0,13400.0,-2532.6
9000.0,13400.0,-2546.1
9100.0,13400.0,-2544.3
9200.0,13400.0,-2545.8
9300.0,13400.0,-2546.1
9400.0,13400.0,-2545.0
9500.0,13400.0,-2547.8
9600.0,13400.0,-2554.8
9700.0,13400.0,-2547.0
9800.0,13400.0,-2549.8
9900.0,13400.0,-2551.9
10000.0,13400.0,-2551.1
10100.0,13400.0,-2549.6
10200.0,13400.0,-2547.5
10300.0,13400.0,-2546.1
10400.0,13400.0,-2539.7
10500.0,13400.0,-2541.2
10600.0,13400.0,-2538.7
10700.0,13400.0,-2534.6
10800.0,13400.0,-2528.8
10900.0,13400.0,-2528.5
11000.0,13400.0,-2519.4
11100.0,13400.0,-2517.7
11200.0,13400.0,-2516.3
11300.0,13400.0,-2505.9
11400.0,13400.0,-2500.5
11500.0,13400.0,-2497.7
11600.0,13400.0,-2493.2
11700.0,13400.0,-2490.0
11800.0,13400.0,-2486.5
11900.0,13400.0,-2477.1
12000.0,13400.0,-2470.4
12100.0,13400.0,-2469.9
12200.0,13400.0,-2469.5
12300.0,13400.0,-2459.0
12400.0,13400.0,-2460.3
12500.0,13400.0,-2449.6
12600.0,13400.0,-2453.6
12700.0,13400.0,-2441.2
12800.0,13400.0,-2437.7
12900.0,13400.0,-2441.5
13000.0,13400.0,-2438.1
13100.0,13400.0,-2437.9
13200.0,13400.0,-2435.6
13300.0,13400.0,-2437.8
13400.0,13400.0,-2431.7
13500.0,13400.0,-2429.2
13600.0,13400.0,-2436.8
13700.0,13400.0,-2427.6
13800.0,13400.0,-2431.8
13900.0,13400.0,-2440.5
14000.0,13400.0,-2436.8
14100.0,13400.0,-2433.6
14200.0,13400.0,-2438.7
14300.0,13400.0,-2436.5
14400.0,13400.0,-2445.9
14500.0,13400.0,-2446.0
14600.0,13400.0,-2450.4
14700.0,13400.0,-2454.7
14800.0,13400.0,-2463.1
14900.0,13400.0,-2467.0
15000.0,13400.0,-2475.6
15100.0,13400.0,-2482.4
15200.0,13400.0,-2489.4
15300.0,13400.0,-2496.3
15400.0,13400.0,-2504.1
15500.0,13400.0,-2509.7
15600.0,13400.0,-2512.2
15700.0,13400.0,-2518.4
15800.0,13400.0,-2519.9
15900.0,13400.0,-2530.1
16000.0,13400.0,-2539.9
16100.0,13400.0,-2547.4
16200.0,13400.0,-2548.0
16300.0,13400.0,-2556.2
16400.0,13400.0,-2560.8
16500.0,13400.0,-2561.9
16600.0,13400.0,-2574.4
16700.0,13400.0,-2579.3
16800.0,13400.0,-2577.8
16900.0,13400.0,-2583.3
17000.0,13400.0,-2588.6
17100.0,13400.0,-2584.7
17200.0,13400.0,-2591.9
17300.0,13400.0,-2595.5
17400.0,13400.0,-2596.6
17500.0,13400.0,-2597.5
17600.0,13400.0,-2598.7
17700.0,13400.0,-2598.8
17800.0,13400.0,-2594.9
17900.0,13400.0,-2604.2
18000.0,13400.0,-2598.7
18100.0,13400.0,-2595.1
18200.0,13400.0,-2598.2
18300.0,13400.0,-2599.9
18400.0,13400.0,-2599.3
18500.0,13400.0,-2598.9
18600.0,13400.0,-2595.9
18700.0,13400.0,-2592.1
18800.0,13400.0,-2595.1
18900.0,13400.0,-2588.0
19000.0,13400.0,-2587.4
19100.0,13400.0,-2585.1
19200.0,13400.0,-2584.9
19300.0,13400.0,-2580.4
19400.0,13400.0,-2584.4
19500.0,13400.0,-2580.1
19600.0,13400.0,-2578.8
19700.0,13400.0,-2574.6
19800.0,13400.0,-2572.1
19900.0,13400.0,-2570.9
20000.0,13400.0,-2568.0
0.0,13500.0,-2761.4
100.0,13500.0,-2757.4
200.0,13500.0,-2764.3
300.0,13500.0,-2752.7
400.0,13500.0,-2758.2
500.0,13500.0,-2757.5
600.0,13500.0,-2757.6
700.0,13500.0,-2752.7
800.0,13500.0,-2750.5
900.0,13500.0,-2750.9
1000.0,13500.0,-2746.7
1100.0,13500.0,-2740.9
1200.0,13500.0,-2747.1
1300.0,13500.0,-2742.8
1400.0,13500.0,-2729.7
1500.0,13500.0,-2723.2
1600.0,13500.0,-2725.1
1700.0,13500.0,-2721.5
1800.0,13500.0,-2712.0
1900.0,13500.0,-2706.8
2000.0,13500.0,-2703.9
2100.0,13500.0,-2702.5
2200.0,13500.0,-2694.1
2300.0,13500.0,-2690.9
2400.0,13500.0,-2683.4
2500.0,13500.0,-2683.0
2600.0,13500.0,-2674.6
2700.0,13500.0,-2671.1
2800.0,13500.0,-2662.4
2900.0,13500.0,-2661.7
3000.0,13500.0,-2653.6
3100.0,13500.0,-2650.7
3200.0,13500.0,-2644.0
3300.0,13500.0,-2632.2
3400.0,13500.0,-2633.9
3500.0,13500.0,-2627.2
3600.0,13500.0,-2622.2
3700.0,13500.0,-2614.8
3800.0,13500.0,-2607.0
3900.0,13500.0,-2607.8
4000.0,13500.0,-2593.1
4100.0,13500.0,-2589.3
4200.0,13500.0,-2590.2
4300.0,13500.0,-2577.1
4400.0,13500.0,-2576.6
4500.0,13500.0,-2569.0
4600.0,13500.0,-2561.2
4700.0,13500.0,-2552.6
4800.0,13500.0,-2546.3
4900.0,13500.0,-2542.6
5000.0,13500.0,-2530.1
5100.0,13500.0,-2526.2
5200.0,13500.0,-2519.0
5300.0,13500.0,-2521.2
5400.0,13500.0,-2517.3
5500.0,13500.0,-2508.4
5600.0,13500.0,-2501.3
5700.0,13500.0,-2492.5
5800.0,13500.0,-2498.9
5900.0,13500.0,-2494.6
6000.0,13500.0,-2487.7
6100.0,13500.0,-2480.5
6200.0,13500.0,-2487.2
6300.0,13500.0,-2485.8
6400.0,13500.0,-2477.9
6500.0,13500.0,-2476.3
6600.0,13500.0,-2477.4
6700.0,13500.0,-2477.5
6800.0,13500.0,-2476.8
6900.0,13500.0,-2473.2
7000.0,13500.0,-2480.1
7100.0,13500.0,-2477.6
7200.0,13500.0,-2485.4
7300.0,13500.0,-2488.0
7400.0,13500.0,-2488.7
7500.0,13500.0,-2498.8
7600.0,13500.0,-2494.7
7700.0,13500.0,-2500.2
7800.0,13500.0,-2500.8
7900.0,13500.0,-2506.4
8000.0,13500.0,-2511.3
8100.0,13500.0,-2511.1
8200.0,13500.0,-2511.5
8300.0,13500.0,-2519.5
8400.0,13500.0,-2521.4
8500.0,13500.0,-2526.0
8600.0,13500.0,-2530.8
8700.0,13500.0,-2535.4
8800.0,13500.0,-2538.6
8900.0,13500.0,-2542.5
9000.0,13500.0,-2540.2
9100.0,13500.0,-2549.1
9200.0,13500.0,-2547.3
9300.0,13500.0,-2551.6
9400.0,13500.0,-2555.9
9500.0,13500.0,-2557.4
9600.0,13500.0,-2554.1
9700.0,13500.0,-2556.3
9800.0,13500.0,-2559.6
9900.0,13500.0,-2556.4
10000.0,13500.0,-2557.5
10100.0,13500.0,-2554.6
10200.0,13500.0,-2553.9
10300.0,13500.0,-2549.7
10400.0,13500.0,-2555.2
10500.0,13500.0,-2549.7
10600.0,13500.0,-2543.4
10700.0,13500.0,-2546.3
10800.0,13500.0,-2536.8
10900.0,13500.0,-2531.6
11000.0,13500.0,-2532.2
11100.0,13500.0,-2527.0
11200.0,13500.0,-2518.9
11300.0,13500.0,-2519.7
11400.0,13500.0,-2521.6
11500.0,13500.0,-2506.8
11600.0,13500.0,-2501.7
11700.0,13500.0,-2496.8
11800.0,13500.0,-2494.8
11900.0,13500.0,-2490.2
12000.0,13500.0,-2484.1
12100.0,13500.0,-2478.1
12200.0,13500.0,-2473.9
12300.0,13500.0,-2470.9
12400.0,13500.0,-2464.6
12500.0,13500.0,-2460.5
12600.0,13500.0,-2459.7
12700.0,13500.0,-2453.9
12800.0,13500.0,-2448.8
12900.0,13500.0,-2449.1
13000.0,13500.0,-2444.1
13100.0,13500.0,-2440.6
13200.0,13500.0,-2437.4
13300.0,13500.0,-2438.4
13400.0,13500.0,-2441.5
13500.0,13500.0,-2443.0
13600.0,13500.0,-2438.7
13700.0,13500.0,-2434.4
13800.0,13500.0,-2437.3
13900.0,13500.0,-2438.4
14000.0,13500.0,-2443.9
14100.0,13500.0,-2438.7
14200.0,13500.0,-2447.2
14300.0,13500.0,-2452.2
14400.0,13500.0,-2448.8
14500.0,13500.0,-2455.2
14600.0,13500.0,-2460.3
14700.0,13500.0,-2458.3
14800.0,13500.0,-2466.1
14900.0,13500.0,-2471.3
15000.0,13500.0,-2471.9
15100.0,13500.0,-2477.2
15200.0,13500.0,-2488.0
15300.0,13500.0,-2493.2
15400.0,13500.0,-2498.9
15500.0,13500.0,-2508.7
15600.0,13500.0,-2509.4
15700.0,13500.0,-2518.9
15800.0,13500.0,-2517.0
15900.0,13500.0,-2528.4
16000.0,13500.0,-2536.6
16100.0,13500.0,-2540.6
16200.0,13500.0,-2549.0
16300.0,13500.0,-2555.3
16400.0,13500.0,-2558.7
16500.0,13500.0,-2567.8
16600.0,13500.0,-2565.3
16700.0,13500.0,-2577.4
16800.0,13500.0,-2578.0
16900.0,13500.0,-2578.7
17000.0,13500.0,-2582.5
17100.0,13500.0,-2589.1
17200.0,13500.0,-2588.7
17300.0,13500.0,-2596.5
17400.0,13500.0,-2599.6
17500.0,13500.0,-2599.4
17600.0,13500.0,-2596.7
17700.0,13500.0,-2601.5
17800.0,13500.0,-2598.1
17900.0,13500.0,-2599.3
18000.0,13500.0,-2605.8
18100.0,13500.0,-2599.2
18200.0,13500.0,-2595.4
18300.0,13500.0,-2594.2
18400.0,13500.0,-2598.5
18500.0,13500.0,-2599.9
18600.0,13500.0,-2592.9
18700.0,13500.0,-2588.6
18800.0,13500.0,-2588.1
18900.0,13500.0,-2586.9
19000.0,13500.0,-2590.3
19100.0,13500.0,-2588.6
19200.0,13500.0,-2583.9
19300.0,13500.0,-2577.5
19400.0,13500.0,-2581.5
19500.0,13500.0,-2576.4
19600.0,13500.0,-2573.6
19700.0,13500.0,-2570.4
19800.0,13500.0,-2581.3
19900.0,13500.0,-2571.3
20000.0,13500.0,-2570.1
0.0,13600.0,-2759.2
100.0,13600.0,-2755.6
200.0,13600.0,-2760.8
300.0,13600.0,-2763.2
400.0,13600.0,-2759.5
500.0,13600.0,-2759.1
600.0,13600.0,-2760.5
700.0,13600.0,-2758.3
800.0,13600.0,-2758.1
900.0,13600.0,-2757.3
1000.0,13600.0,-2749.7
1100.0,13600.0,-2750.0
1200.0,13600.0,-2748.5
1300.0,13600.0,-2739.4
1400.0,13600.0,-2740.4
1500.0,13600.0,-2731.6
1600.0,13600.0,-2727.1
1700.0,13600.0,-2728.0
1800.0,13600.0,-2717.8
1900.0,13600.0,-2722.1
2000.0,13600.0,-2711.9
2100.0,13600.0,-2713.2
2200.0,13600.0,-2704.5
2300.0,13600.0,-2696.4
2400.0,13600.0,-2685.7
2500.0,13600.0,-2684.2
2600.0,13600.0,-2681.9
2700.0,13600.0,-2671.0
2800.0,13600.0,-2671.9
2900.0,13600.0,-2665.9
3000.0,13600.0,-2665.6
3100.0,13600.0,-2656.2
3200.0,13600.0,-2653.1
3300.0,13600.0,-2646.1
3400.0,13600.0,-2639.8
3500.0,13600.0,-2637.0
3600.0,13600.0,-2631.7
3700.0,13600.0,-2623.9
3800.0,13600.0,-2619.8
3900.0,13600.0,-2611.1
4000.0,13600.0,-2603.8
4100.0,13600.0,-2591.8
4200.0,13600.0,-2589.4
4300.0,13600.0,-2586.6
4400.0,13600.0,-2576.4
4500.0,13600.0,-2577.2
4600.0,13600.0,-2562.1
4700.0,13600.0,-2562.1
4800.0,13600.0,-2555.3
4900.0,13600.0,-2547.2
5000.0,13600.0,-2540.0
5100.0,13600.0,-2536.9
5200.0,13600.0,-2522.0
5300.0,13600.0,-2518.9
5400.0,13600.0,-2515.9
5500.0,13600.0,-2513.2
5600.0,13600.0,-2509.3
5700.0,13600.0,-2505.5
5800.0,13600.0,-2499.8
5900.0,13600.0,-2496.4
6000.0,13600.0,-2489.8
6100.0,13600.0,-2494.1
6200.0,13600.0,-2492.5
6300.0,13600.0,-2487.7
6400.0,13600.0,-2481.0
6500.0,13600.0,-2486.2
6600.0,13600.0,-2484.4
6700.0,13600.0,-2478.6
6800.0,13600.0,-2483.5
6900.0,13600.0,-2480.3
7000.0,13600.0,-2483.0
7100.0,13600.0,-2485.4
7200.0,13600.0,-2485.4
7300.0,13600.0,-2484.1
7400.0,13600.0,-2495.4
7500.0,13600.0,-2495.5
7600.0,13600.0,-2499.1
7700.0,13600.0,-2507.2
7800.0,13600.0,-2504.9
7900.0,13600.0,-2508.9
8000.0,13600.0,-2516.7
8100.0,13600.0,-2513.6
8200.0,13600.0,-2524.5
8300.0,13600.0,-2527.9
8400.0,13600.0,-2525.4
8500.0,13600.0,-2532.3
8600.0,13600.0,-2539.2
8700.0,13600.0,-2540.7
8800.0,13600.0,-2541.4
8900.0,13600.0,-2541.4
9000.0,13600.0,-2553.0
9100.0,13600.0,-2555.4
9200.0,13600.0,-2550.2
9300.0,13600.0,-2552.4
9400.0,13600.0,-2556.1
9500.0,13600.0,-2557.9
9600.0,13600.0,-2559.6
9700.0,13600.0,-2563.8
9800.0,13600.0,-2562.3
9900.0,13600.0,-2565.2
10000.0,13600.0,-2567.2
10100.0,13600.0,-2561.7
10200.0,13600.0,-2569.0
10300.0,13600.0,-2560.0
10400.0,13600.0,-2559.4
10500.0,13600.0,-2559.1
10600.0,13600.0,-2552.9
10700.0,13600.0,-2558.1
10800.0,13600.0,-2548.1
10900.0,13600.0,-2538.3
11000.0,13600.0,-2539.9
11100.0,13600.0,-2536.6
11200.0,13600.0,-2532.3
11300.0,13600.0,-2531.3
11400.0,13600.0,-2516.8
11500.0,13600.0,-2518.2
11600.0,13600.0,-2515.6
11700.0,13600.0,-2504.5
11800.0,13600.0,-2501.7
11900.0,13600.0,-2497.9
12000.0,13600.0,-2491.3
12100.0,13600.0,-2492.5
12200.0,13600.0,-2482.2
12300.0,13600.0,-2476.3
12400.0,13600.0,-2471.9
12500.0,13600.0,-2463.8
12600.0,13600.0,-2462.0
12700.0,13600.0,-2462.8
12800.0,13600.0,-2461.5
12900.0,13600.0,-2451.4
13000.0,13600.0,-2450.1
13100.0,13600.0,-2449.0
13200.0,13600.0,-2448.3
13300.0,13600.0,-2450.0
13400.0,13600.0,-2441.4
13500.0,13600.0,-2445.3
13600.0,13600.0,-2440.9
13700.0,13600.0,-2437.0
13800.0,13600.0,-2444.9
13900.0,13600.0,-2437.5
14000.0,13600.0,-2447.1
14100.0,13600.0,-2448.2
14200.0,13600.0,-2452.4
14300.0,13600.0,-2448.8
14400.0,13600.0,-2453.1
14500.0,13600.0,-2459.7
14600.0,13600.0,-2466.2
14700.0,13600.0,-2462.3
14800.0,13600.0,-2469.2
14900.0,13600.0,-2474.5
15000.0,13600.0,-2473.9
15100.0,13600.0,-2489.8
15200.0,13600.0,-2493.8
15300.0,13600.0,-2498.4
15400.0,13600.0,-2501.6
15500.0,13600.0,-2502.9
15600.0,13600.0,-2514.5
15700.0,13600.0,-2524.9
15800.0,13600.0,-2521.1
15900.0,13600.0,-2531.9
16000.0,13600.0,-2538.5
16100.0,13600.0,-2545.5
16200.0,13600.0,-2552.0
16300.0,13600.0,-2558.0
16400.0,13600.0,-2564.7
16500.0,13600.0,-2569.7
16600.0,13600.0,-2569.1
16700.0,13600.0,-2576.5
16800.0,13600.0,-2580.2
16900.0,13600.0,-2588.2
17000.0,13600.0,-2587.5
17100.0,13600.0,-2589.6
17200.0,13600.0,-2597.4
17300.0,13600.0,-2594.2
17400.0,13600.0,-2594.6
17500.0,13600.0,-2596.0
17600.0,13600.0,-2598.0
17700.0,13600.0,-2599.6
17800.0,13600.0,-2600.0
17900.0,13600.0,-2601.9
18000.0,13600.0,-2601.4
18100.0,13600.0,-2593.5
18200.0,13600.0,-2596.8
18300.0,13600.0,-2603.1
18400.0,13600.0,-2595.9
18500.0,13600.0,-2601.1
18600.0,13600.0,-2593.4
18700.0,13600.0,-2590.6
18800.0,13600.0,-2592.4
18900.0,13600.0,-2589.7
19000.0,13600.0,-2587.1
19100.0,13600.0,-2586.9
19200.0,13600.0,-2581.2
19300.0,13600.0,-2578.6
19400.0,13600.0,-2582.5
19500.0,13600.0,-2580.5
19600.0,13600.0,-2583.5
19700.0,13600.0,-2578.4
19800.0,13600.0,-2571.3
19900.0,13600.0,-2567.0
20000.0,13600.0,-2572.7
0.0,13700.0,-2753.4
100.0,13700.0,-2756.1
200.0,13700.0,-2765.4
300.0,13700.0,-2767.7
400.0,13700.0,-2765.0
500.0,13700.0,-2768.0
600.0,13700.0,-2764.2
700.0,13700.0,-2762.2
800.0,13700.0,-2759.0
900.0,13700.0,-2756.4
1000.0,13700.0,-2750.7
1100.0,13700.0,-2750.4
1200.0,13700.0,-2748.7
1300.0,13700.0,-2747.2
1400.0,13700.0,-2744.8
1500.0,13700.0,-2738.4
1600.0,13700.0,-2739.7
1700.0,13700.0,-2731.0
1800.0,13700.0,-2729.2
1900.0,13700.0,-2718.9
2000.0,13700.0,-2713.6
2100.0,13700.0,-2706.8
2200.0,13700.0,-2707.3
2300.0,13700.0,-2704.2
2400.0,13700.0,-2693.2
2500.0,13700.0,-2697.8
2600.0,13700.0,-2690.1
2700.0,13700.0,-2687.2
2800.0,13700.0,-2676.9
2900.0,13700.0,-2675.3
3000.0,13700.0,-2671.7
3100.0,13700.0,-2668.8
3200.0,13700.0,-2662.2
3300.0,13700.0,-2654.3
3400.0,13700.0,-2651.8
3500.0,13700.0,-2637.2
3600.0,13700.0,-2636.7
3700.0,13700.0,-2632.1
3800.0,13700.0,-2626.0
3900.0,13700.0,-2613.5
4000.0,13700.0,-2611.1
4100.0,13700.0,-2601.9
4200.0,13700.0,-2598.2
4300.0,13700.0,-2592.4
4400.0,13700.0,-2580.4
4500.0,13700.0,-2578.2
4600.0,13700.0,-2569.0
4700.0,13700.0,-2569.3
4800.0,13700.0,-2560.6
4900.0,13700.0,-2553.5
5000.0,13700.0,-2548.2
5100.0,13700.0,-2545.5
5200.0,13700.0,-2535.1
5300.0,13700.0,-2529.1
5400.0,13700.0,-2524.3
5500.0,13700.0,-2521.7
5600.0,13700.0,-2512.5
5700.0,13700.0,-2509.5
5800.0,13700.0,-2514.3
5900.0,13700.0,-2503.3
6000.0,13700.0,-2498.8
6100.0,13700.0,-2493.9
6200.0,13700.0,-2489.8
6300.0,13700.0,-2485.0
6400.0,13700.0,-2491.2
6500.0,13700.0,-2491.8
6600.0,13700.0,-2487.1
6700.0,13700.0,-2490.3
6800.0,13700.0,-2486.7
6900.0,13700.0,-2489.7
7000.0,13700.0,-2487.7
7100.0,13700.0,-2496.5
7200.0,13700.0,-2487.6
7300.0,13700.0,-2494.1
7400.0,13700.0,-2498.4
7500.0,13700.0,-2490.0
7600.0,13700.0,-2506.5
7700.0,13700.0,-2503.5
7800.0,13700.0,-2503.3
7900.0,13700.0,-2511.8
8000.0,13700.0,-2512.7
8100.0,13700.0,-2516.1
8200.0,13700.0,-2520.3
8300.0,13700.0,-2522.8
8400.0,13700.0,-2529.6
8500.0,13700.0,-2535.7
8600.0,13700.0,-2534.9
8700.0,13700.0,-2542.8
8800.0,13700.0,-2545.9
8900.0,13700.0,-2554.2
9000.0,13700.0,-2556.8
9100.0,13700.0,-2556.2
9200.0,13700.0,-2551.7
9300.0,13700.0,-2558.0
9400.0,13700.0,-2563.8
9500.0,13700.0,-2562.0
9600.0,13700.0,-2564.9
9700.0,13700.0,-2568.0
9800.0,13700.0,-2571.9
9900.0,13700.0,-2573.8
10000.0,13700.0,-2569.0
10100.0,13700.0,-2572.6
10200.0,13700.0,-2571.1
10300.0,13700.0,-2566.5
10400.0,13700.0,-2568.1
10500.0,13700.0,-2563.8
10600.0,13700.0,-2564.8
10700.0,13700.0,-2562.1
10800.0,13700.0,-2562.2
10900.0,13700.0,-2555.2
11000.0,13700.0,-2551.9
11100.0,13700.0,-2543.1
11200.0,13700.0,-2541.1
11300.0,13700.0,-2533.7
11400.0,13700.0,-2537.0
11500.0,13700.0,-2519.1
11600.0,13700.0,-2515.9
11700.0,13700.0,-2514.2
11800.0,13700.0,-2507.7
11900.0,13700.0,-2507.6
12000.0,13700.0,-2502.7
12100.0,13700.0,-2498.7
12200.0,13700.0,-2489.6
12300.0,13700.0,-2487.7
12400.0,13700.0,-2480.3
12500.0,13700.0,-2482.9
12600.0,13700.0,-2477.3
12700.0,13700.0,-2466.9
12800.0,13700.0,-2465.5
12900.0,13700.0,-2463.5
13000.0,13700.0,-2461.8
13100.0,13700.0,-2455.8
13200.0,13700.0,-2454.9
13300.0,13700.0,-2452.4
13400.0,13700.0,-2457.2
13500.0,13700.0,-2446.4
13600.0,13700.0,-2449.3
13700.0,13700.0,-2450.7
13800.0,13700.0,-2448.0
13900.0,13700.0,-2449.0
14000.0,13700.0,-2451.5
14100.0,13700.0,-2457.3
14200.0,13700.0,-2455.5
14300.0,13700.0,-2455.7
14400.0,13700.0,-2459.1
14500.0,13700.0,-2467.5
14600.0,13700.0,-2473.1
14700.0,13700.0,-2472.8
14800.0,13700.0,-2475.8
14900.0,13700.0,-2478.0
15000.0,13700.0,-2487.8
15100.0,13700.0,-2484.1
15200.0,13700.0,-2492.9
15300.0,13700.0,-2504.5
15400.0,13700.0,-2507.3
15500.0,13700.0,-2510.3
15600.0,13700.0,-2515.4
15700.0,13700.0,-2524.8
15800.0,13700.0,-2533.5
15900.0,13700.0,-2534.7
16000.0,13700.0,-2537.0
16100.0,13700.0,-2546.2
16200.0,13700.0,-2549.1
16300.0,13700.0,-2558.3
16400.0,13700.0,-2565.1
16500.0,13700.0,-2569.3
16600.0,13700.0,-2575.6
16700.0,13700.0,-2575.1
16800.0,13700.0,-2581.6
16900.0,13700.0,-2585.9
17000.0,13700.0,-2589.6
17100.0,13700.0,-2589.8
17200.0,13700.0,-2596.8
17300.0,13700.0,-2595.0
17400.0,13700.0,-2599.6
17500.0,13700.0,-2602.4
17600.0,13700.0,-2603.8
17700.0,13700.0,-2601.8
17800.0,13700.0,-2598.6
17900.0,13700.0,-2601.5
18000.0,13700.0,-2607.5
18100.0,13700.0,-2602.4
18200.0,13700.0,-2599.0
18300.0,13700.0,-2602.2
18400.0,13700.0,-2600.9
18500.0,13700.0,-2598.8
18600.0,13700.0,-2596.8
18700.0,13700.0,-2596.9
18800.0,13700.0,-2594.2
18900.0,13700.0,-2590.0
19000.0,13700.0,-2591.1
19100.0,13700.0,-2585.1
19200.0,13700.0,-2585.1
19300.0,13700.0,-2580.1
19400.0,13700.0,-2584.3
19500.0,13700.0,-2577.4
19600.0,13700.0,-2582.5
19700.0,13700.0,-2580.4
19800.0,13700.0,-2578.4
19900.0,13700.0,-2575.6
20000.0,13700.0,-2579.2
0.0,13800.0,-2755.5
100.0,13800.0,-2756.1
200.0,13800.0,-2761.3
300.0,13800.0,-2761.0
400.0,13800.0,-2761.6
500.0,13800.0,-2764.4
600.0,13800.0,-2763.2
700.0,13800.0,-2758.2
800.0,13800.0,-2760.2
900.0,13800.0,-2761.5
1000.0,13800.0,-2755.9
1100.0,13800.0,-2752.4
1200.0,13800.0,-2758.5
1300.0,13800.0,-2750.9
1400.0,13800.0,-2747.9
1500.0,13800.0,-2737.0
1600.0,13800.0,-2745.2
1700.0,13800.0,-2734.5
1800.0,13800.0,-2728.9
1900.0,13800.0,-2726.4
2000.0,13800.0,-2722.6
2100.0,13800.0,-2720.3
2200.0,13800.0,-2722.0
2300.0,13800.0,-2706.0
2400.0,13800.0,-2700.6
2500.0,13800.0,-2705.3
2600.0,13800.0,-2694.8
2700.0,13800.0,-2694.3
2800.0,13800.0,-2686.3
2900.0,13800.0,-2682.3
3000.0,13800.0,-2682.5
3100.0,13800.0,-2668.3
3200.0,13800.0,-2670.2
3300.0,13800.0,-2659.1
3400.0,13800.0,-2654.0
3500.0,13800.0,-2645.5
3600.0,13800.0,-2639.4
3700.0,13800.0,-2632.5
3800.0,13800.0,-2633.6
3900.0,13800.0,-2628.5
4000.0,13800.0,-2619.0
4100.0,13800.0,-2613.1
4200.0,13800.0,-2604.7
4300.0,13800.0,-2601.6
4400.0,13800.0,-2591.1
4500.0,13800.0,-2587.8
4600.0,13800.0,-2575.5
4700.0,13800.0,-2574.0
4800.0,13800.0,-2564.7
4900.0,13800.0,-2561.8
5000.0,13800.0,-2552.8
5100.0,13800.0,-2545.7
5200.0,13800.0,-2540.9
5300.0,13800.0,-2537.2
5400.0,13800.0,-2531.3
5500.0,13800.0,-2524.9
5600.0,13800.0,-2517.3
5700.0,13800.0,-2519.9
5800.0,13800.0,-2512.5
5900.0,13800.0,-2506.5
6000.0,13800.0,-2501.1
6100.0,13800.0,-2500.8
6200.0,13800.0,-2493.9
6300.0,13800.0,-2497.2
6400.0,13800.0,-2494.6
6500.0,13800.0,-2492.4
6600.0,13800.0,-2488.3
6700.0,13800.0,-2491.5
6800.0,13800.0,-2493.8
6900.0,13800.0,-2492.8
7000.0,13800.0,-2489.5
7100.0,13800.0,-2494.2
7200.0,13800.0,-2496.7
7300.0,13800.0,-2491.4
7400.0,13800.0,-2490.9
7500.0,13800.0,-2506.1
7600.0,13800.0,-2505.3
7700.0,13800.0,-2509.9
7800.0,13800.0,-2507.6
7900.0,13800.0,-2514.2
8000.0,13800.0,-2514.1
8100.0,13800.0,-2517.5
8200.0,13800.0,-2524.9
8300.0,13800.0,-2528.6
8400.0,13800.0,-2530.9
8500.0,13800.0,-2540.9
8600.0,13800.0,-2540.6
8700.0,13800.0,-2548.6
8800.0,13800.0,-2551.4
8900.0,13800.0,-2552.6
9000.0,13800.0,-2556.0
9100.0,13800.0,-2561.7
9200.0,13800.0,-2562.4
9300.0,13800.0,-2565.5
9400.0,13800.0,-2575.0
9500.0,13800.0,-2564.2
9600.0,13800.0,-2577.0
9700.0,13800.0,-2574.5
9800.0,13800.0,-2573.6
9900.0,13800.0,-2569.3
10000.0,13800.0,-2578.6
10100.0,13800.0,-2576.0
10200.0,13800.0,-2579.8
10300.0,13800.0,-2577.8
10400.0,13800.0,-2575.0
10500.0,13800.0,-2568.6
10600.0,13800.0,-2574.0
10700.0,13800.0,-2570.4
10800.0,13800.0,-2566.0
10900.0,13800.0,-2563.8
11000.0,13800.0,-2560.5
11100.0,13800.0,-2557.0
11200.0,13800.0,-2548.4
11300.0,13800.0,-2545.8
11400.0,13800.0,-2546.1
11500.0,13800.0,-2536.6
11600.0,13800.0,-2530.8
11700.0,13800.0,-2526.7
11800.0,13800.0,-2525.2
11900.0,13800.0,-2517.2
12000.0,13800.0,-2509.4
12100.0,13800.0,-2502.6
12200.0,13800.0,-2497.0
12300.0,13800.0,-2492.2
12400.0,13800.0,-2490.5
12500.0,13800.0,-2483.4
12600.0,13800.0,-2478.6
12700.0,13800.0,-2478.1
12800.0,13800.0,-2472.7
12900.0,13800.0,-2464.3
13000.0,13800.0,-2464.2
13100.0,13800.0,-2455.0
13200.0,13800.0,-2463.5
13300.0,13800.0,-2457.4
13400.0,13800.0,-2461.6
13500.0,13800.0,-2452.6
13600.0,13800.0,-2456.4
13700.0,13800.0,-2454.7
13800.0,13800.0,-2455.5
13900.0,13800.0,-2462.7
14000.0,13800.0,-2455.9
14100.0,13800.0,-2456.9
14200.0,13800.0,-2458.0
14300.0,13800.0,-2467.6
14400.0,13800.0,-2462.7
14500.0,13800.0,-2467.6
14600.0,13800.0,-2467.6
14700.0,13800.0,-2480.8
14800.0,13800.0,-2480.3
14900.0,13800.0,-2479.4
15000.0,13800.0,-2489.7
15100.0,13800.0,-2493.6
15200.0,13800.0,-2499.9
15300.0,13800.0,-2498.4
15400.0,13800.0,-2505.5
15500.0,13800.0,-2512.5
15600.0,13800.0,-2522.6
15700.0,13800.0,-2523.2
15800.0,13800.0,-2527.6
15900.0,13800.0,-2536.8
16000.0,13800.0,-2541.6
16100.0,13800.0,-2545.7
16200.0,13800.0,-2558.3
16300.0,13800.0,-2556.1
16400.0,13800.0,-2561.5
16500.0,13800.0,-2565.1
16600.0,13800.0,-2577.1
16700.0,13800.0,-2577.5
16800.0,13800.0,-2580.4
16900.0,13800.0,-2584.8
17000.0,13800.0,-2589.9
17100.0,13800.0,-2590.1
17200.0,13800.0,-2593.2
17300.0,13800.0,-2597.2
17400.0,13800.0,-2601.2
17500.0,13800.0,-2601.1
17600.0,13800.0,-2600.5
17700.0,13800.0,-2600.0
17800.0,13800.0,-2595.1
17900.0,13800.0,-2598.3
18000.0,13800.0,-2603.3
18100.0,13800.0,-2601.8
18200.0,13800.0,-2602.6
18300.0,13800.0,-2601.8
18400.0,13800.0,-2595.1
18500.0,13800.0,-2590.5
18600.0,13800.0,-2601.4
18700.0,13800.0,-2598.3
18800.0,13800.0,-2595.6
18900.0,13800.0,-2593.3
19000.0,13800.0,-2593.2
19100.0,13800.0,-2588.5
19200.0,13800.0,-2583.7
19300.0,13800.0,-2586.1
19400.0,13800.0,-2584.3
19500.0,13800.0,-2582.3
19600.0,13800.0,-2581.2
19700.0,13800.0,-2581.6
19800.0,13800.0,-2573.5
19900.0,13800.0,-2577.3
20000.0,13800.0,-2574.6
0.0,13900.0,-2756.2
100.0,13900.0,-2757.4
200.0,13900.0,-2759.7
300.0,13900.0,-2758.4
400.0,13900.0,-2765.6
500.0,13900.0,-2770.0
600.0,13900.0,-2761.0
700.0,13900.0,-2761.9
800.0,13900.0,-2770.4
900.0,13900.0,-2767.5
1000.0,13900.0,-2763.0
1100.0,13900.0,-2763.3
1200.0,13900.0,-2756.5
1300.0,13900.0,-2759.6
1400.0,13900.0,-2757.8
1500.0,13900.0,-2749.4
1600.0,13900.0,-2751.8
1700.0,13900.0,-2750.4
1800.0,13900.0,-2741.8
1900.0,13900.0,-2733.7
2000.0,13900.0,-2731.2
2100.0,13900.0,-2727.7
2200.0,13900.0,-2718.7
2300.0,13900.0,-2717.6
2400.0,13900.0,-2714.4
2500.0,13900.0,-2706.5
2600.0,13900.0,-2706.2
2700.0,13900.0,-2694.8
2800.0,13900.0,-2693.0
2900.0,13900.0,-2692.6
3000.0,13900.0,-2678.8
3100.0,13900.0,-2679.3
3200.0,13900.0,-2669.7
3300.0,13900.0,-2666.5
3400.0,13900.0,-2660.8
3500.0,13900.0,-2656.2
3600.0,13900.0,-2647.5
3700.0,13900.0,-2642.4
3800.0,13900.0,-2641.7
3900.0,13900.0,-2636.1
4000.0,13900.0,-2622.7
4100.0,13900.0,-2619.3
4200.0,13900.0,-2613.9
4300.0,13900.0,-2603.9
4400.0,13900.0,-2602.0
4500.0,13900.0,-2589.8
4600.0,13900.0,-2582.3
4700.0,13900.0,-2578.1
4800.0,13900.0,-2570.2
4900.0,13900.0,-2564.2
5000.0,13900.0,-2558.3
5100.0,13900.0,-2550.2
5200.0,13900.0,-2547.5
5300.0,13900.0,-2541.3
5400.0,13900.0,-2533.4
5500.0,13900.0,-2535.3
5600.0,13900.0,-2527.5
5700.0,13900.0,-2519.7
5800.0,13900.0,-2518.9
5900.0,13900.0,-2514.7
6000.0,13900.0,-2505.1
6100.0,13900.0,-2511.4
6200.0,13900.0,-2500.1
6300.0,13900.0,-2500.3
6400.0,13900.0,-2499.1
6500.0,13900.0,-2498.3
6600.0,13900.0,-2496.8
6700.0,13900.0,-2494.6
6800.0,13900.0,-2499.5
6900.0,13900.0,-2494.5
7000.0,13900.0,-2493.5
7100.0,13900.0,-2495.0
7200.0,13900.0,-2495.3
7300.0,13900.0,-2498.0
7400.0,13900.0,-2500.5
7500.0,13900.0,-2497.5
7600.0,13900.0,-2506.0
7700.0,13900.0,-2508.0
7800.0,13900.0,-2514.4
7900.0,13900.0,-2514.8
8000.0,13900.0,-2518.4
8100.0,13900.0,-2524.9
8200.0,13900.0,-2522.1
8300.0,13900.0,-2530.3
8400.0,13900.0,-2529.8
8500.0,13900.0,-2537.2
8600.0,13900.0,-2543.9
8700.0,13900.0,-2548.4
8800.0,13900.0,-2553.2
8900.0,13900.0,-2553.9
9000.0,13900.0,-2556.5
9100.0,13900.0,-2559.1
9200.0,13900.0,-2567.3
9300.0,13900.0,-2570.2
9400.0,13900.0,-2568.7
9500.0,13900.0,-2576.1
9600.0,13900.0,-2577.7
9700.0,13900.0,-2579.9
9800.0,13900.0,-2585.9
9900.0,13900.0,-2581.9
10000.0,13900.0,-2583.6
10100.0,13900.0,-2584.7
10200.0,13900.0,-2589.0
10300.0,13900.0,-2588.2
10400.0,13900.0,-2585.4
10500.0,13900.0,-2576.5
10600.0,13900.0,-2576.3
10700.0,13900.0,-2575.1
10800.0,13900.0,-2575.1
10900.0,13900.0,-2573.3
11000.0,13900.0,-2569.3
11100.0,13900.0,-2564.0
11200.0,13900.0,-2561.7
11300.0,13900.0,-2552.7
11400.0,13900.0,-2555.1
11500.0,13900.0,-2545.1
11600.0,13900.0,-2533.9
11700.0,13900.0,-2533.3
11800.0,13900.0,-2531.0
11900.0,13900.0,-2523.0
12000.0,13900.0,-2521.1
12100.0,13900.0,-2515.2
12200.0,13900.0,-2510.8
12300.0,13900.0,-2502.5
12400.0,13900.0,-2496.2
12500.0,13900.0,-2493.8
12600.0,13900.0,-2486.2
12700.0,13900.0,-2485.6
12800.0,13900.0,-2482.4
12900.0,13900.0,-2478.0
13000.0,13900.0,-2469.3
13100.0,13900.0,-2472.7
13200.0,13900.0,-2467.1
13300.0,13900.0,-2466.9
13400.0,13900.0,-2463.4
13500.0,13900.0,-2462.2
13600.0,13900.0,-2455.1
13700.0,13900.0,-2460.8
13800.0,13900.0,-2465.4
13900.0,13900.0,-2465.3
14000.0,13900.0,-2464.5
14100.0,13900.0,-2459.3
14200.0,13900.0,-2464.2
14300.0,13900.0,-2467.0
14400.0,13900.0,-2469.4
14500.0,13900.0,-2472.6
14600.0,13900.0,-2474.8
14700.0,13900.0,-2484.5
14800.0,13900.0,-2482.8
14900.0,13900.0,-2485.4
15000.0,13900.0,-2495.5
15100.0,13900.0,-2496.7
15200.0,13900.0,-2506.0
15300.0,13900.0,-2507.3
15400.0,13900.0,-2513.6
15500.0,13900.0,-2517.8
15600.0,13900.0,-2522.5
15700.0,13900.0,-2528.8
15800.0,13900.0,-2532.0
15900.0,13900.0,-2537.0
16000.0,13900.0,-2541.3
16100.0,13900.0,-2549.8
16200.0,13900.0,-2556.2
16300.0,13900.0,-2559.6
16400.0,13900.0,-2565.4
16500.0,13900.0,-2568.8
16600.0,13900.0,-2577.2
16700.0,13900.0,-2574.8
16800.0,13900.0,-2579.0
16900.0,13900.0,-2585.0
17000.0,13900.0,-2590.3
17100.0,13900.0,-2590.0
17200.0,13900.0,-2602.4
17300.0,13900.0,-2599.0
17400.0,13900.0,-2597.3
17500.0,13900.0,-2595.9
17600.0,13900.0,-2596.2
17700.0,13900.0,-2596.3
17800.0,13900.0,-2598.3
17900.0,13900.0,-2607.2
18000.0,13900.0,-2598.9
18100.0,13900.0,-2599.5
18200.0,13900.0,-2598.3
18300.0,13900.0,-2598.2
18400.0,13900.0,-2599.9
18500.0,13900.0,-2604.4
18600.0,13900.0,-2606.4
18700.0,13900.0,-2593.0
18800.0,13900.0,-2591.0
18900.0,13900.0,-2592.3
19000.0,13900.0,-2588.4
19100.0,13900.0,-2590.6
19200.0,13900.0,-2583.5
19300.0,13900.0,-2583.6
19400.0,13900.0,-2583.1
19500.0,13900.0,-2587.9
19600.0,13900.0,-2577.9
19700.0,13900.0,-2580.3
19800.0,13900.0,-2582.1
19900.0,13900.0,-2584.0
20000.0,13900.0,-2576.9
0.0,14000.0,-2754.9
100.0,14000.0,-2762.9
200.0,14000.0,-2761.7
300.0,14000.0,-2760.0
400.0,14000.0,-2765.4
500.0,14000.0,-2769.1
600.0,14000.0,-2767.6
700.0,14000.0,-2770.7
800.0,14000.0,-2768.7
900.0,14000.0,-2771.2
1000.0,14000.0,-2766.8
1100.0,14000.0,-2760.4
1200.0,14000.0,-2761.4
1300.0,14000.0,-2760.8
1400.0,14000.0,-2762.7
1500.0,14000.0,-2756.2
1600.0,14000.0,-2749.6
1700.0,14000.0,-2743.4
1800.0,14000.0,-2749.7
1900.0,14000.0,-2736.9
2000.0,14000.0,-2737.0
2100.0,14000.0,-2738.2
2200.0,14000.0,-2731.6
2300.0,14000.0,-2724.9
2400.0,14000.0,-2722.0
2500.0,14000.0,-2714.4
2600.0,14000.0,-2717.6
2700.0,14000.0,-2709.9
2800.0,14000.0,-2704.4
2900.0,14000.0,-2692.1
3000.0,14000.0,-2690.6
3100.0,14000.0,-2688.3
3200.0,14000.0,-2685.5
3300.0,14000.0,-2672.3
3400.0,14000.0,-2669.4
3500.0,14000.0,-2662.9
3600.0,14000.0,-2650.8
3700.0,14000.0,-2643.0
3800.0,14000.0,-2648.7
3900.0,14000.0,-2638.3
4000.0,14000.0,-2625.4
4100.0,14000.0,-2621.9
4200.0,14000.0,-2619.6
4300.0,14000.0,-2609.2
4400.0,14000.0,-2604.0
4500.0,14000.0,-2598.6
4600.0,14000.0,-2595.9
4700.0,14000.0,-2579.6
4800.0,14000.0,-2574.9
4900.0,14000.0,-2571.7
5000.0,14000.0,-2563.2
5100.0,14000.0,-2551.1
5200.0,14000.0,-2554.7
5300.0,14000.0,-2547.3
5400.0,14000.0,-2540.6
5500.0,14000.0,-2533.7
5600.0,14000.0,-2530.4
5700.0,14000.0,-2530.6
5800.0,14000.0,-2524.8
5900.0,14000.0,-2524.1
6000.0,14000.0,-2520.0
6100.0,14000.0,-2514.4
6200.0,14000.0,-2512.4
6300.0,14000.0,-2508.9
6400.0,14000.0,-2501.3
6500.0,14000.0,-2505.4
6600.0,14000.0,-2500.2
6700.0,14000.0,-2505.7
6800.0,14000.0,-2497.6
6900.0,14000.0,-2504.6
7000.0,14000.0,-2500.5
7100.0,14000.0,-2499.1
7200.0,14000.0,-2503.4
7300.0,14000.0,-2500.1
7400.0,14000.0,-2505.3
7500.0,14000.0,-2508.7
7600.0,14000.0,-2509.7
7700.0,14000.0,-2510.6
7800.0,14000.0,-2517.9
7900.0,14000.0,-2513.1
8000.0,14000.0,-2517.5
8100.0,14000.0,-2527.1
8200.0,14000.0,-2529.9
8300.0,14000.0,-2530.3
8400.0,14000.0,-2529.7
8500.0,14000.0,-2542.1
8600.0,14000.0,-2539.2
8700.0,14000.0,-2551.7
8800.0,14000.0,-2546.8
8900.0,14000.0,-2560.6
9000.0,14000.0,-2561.7
9100.0,14000.0,-2568.7
9200.0,14000.0,-2569.0
9300.0,14000.0,-2572.9
9400.0,14000.0,-2578.5
9500.0,14000.0,-2575.4
9600.0,14000.0,-2580.9
9700.0,14000.0,-2586.2
9800.0,14000.0,-2586.3
9900.0,14000.0,-2587.3
10000.0,14000.0,-2592.2
10100.0,14000.0,-2591.3
10200.0,14000.0,-2589.1
10300.0,14000.0,-2591.3
10400.0,14000.0,-2584.6
10500.0,14000.0,-2587.2
10600.0,14000.0,-2587.5
10700.0,14000.0,-2591.7
10800.0,14000.0,-2582.2
10900.0,14000.0,-2576.9
11000.0,14000.0,-2573.3
11100.0,14000.0,-2573.5
11200.0,14000.0,-2568.2
11300.0,14000.0,-2563.2
11400.0,14000.0,-2557.4
11500.0,14000.0,-2551.5
11600.0,14000.0,-2553.8
11700.0,14000.0,-2546.7
11800.0,14000.0,-2539.8
11900.0,14000.0,-2531.6
12000.0,14000.0,-2529.5
12100.0,14000.0,-2525.0
12200.0,14000.0,-2513.4
12300.0,14000.0,-2509.8
12400.0,14000.0,-2504.0
12500.0,14000.0,-2500.1
12600.0,14000.0,-2494.9
12700.0,14000.0,-2495.8
12800.0,14000.0,-2486.8
12900.0,14000.0,-2482.7
13000.0,14000.0,-2482.6
13100.0,14000.0,-2477.5
13200.0,14000.0,-2474.4
13300.0,14000.0,-2471.3
13400.0,14000.0,-2473.3
13500.0,14000.0,-2472.6
13600.0,14000.0,-2465.0
13700.0,14000.0,-2471.4
13800.0,14000.0,-2466.3
13900.0,14000.0,-2467.2
14000.0,14000.0,-2471.0
14100.0,14000.0,-2468.7
14200.0,14000.0,-2470.9
14300.0,14000.0,-2478.7
14400.0,14000.0,-2481.3
14500.0,14000.0,-2483.5
14600.0,14000.0,-2483.9
14700.0,14000.0,-2484.4
14800.0,14000.0,-2487.0
14900.0,14000.0,-2490.9
15000.0,14000.0,-2499.5
15100.0,14000.0,-2500.5
15200.0,14000.0,-2505.0
15300.0,14000.0,-2507.2
15400.0,14000.0,-2516.1
15500.0,14000.0,-2522.1
15600.0,14000.0,-2527.3
15700.0,14000.0,-2531.3
15800.0,14000.0,-2538.6
15900.0,14000.0,-2543.0
16000.0,14000.0,-2543.6
16100.0,14000.0,-2547.5
16200.0,14000.0,-2557.6
16300.0,14000.0,-2562.4
16400.0,14000.0,-2574.2
16500.0,14000.0,-2570.6
16600.0,14000.0,-2574.0
16700.0,14000.0,-2581.3
16800.0,14000.0,-2584.3
16900.0,14000.0,-2581.9
17000.0,14000.0,-2582.5
17100.0,14000.0,-2586.4
17200.0,14000.0,-2593.4
17300.0,14000.0,-2599.1
17400.0,14000.0,-2599.1
17500.0,14000.0,-2601.4
17600.0,14000.0,-2607.1
17700.0,14000.0,-2597.8
17800.0,14000.0,-2607.8
17900.0,14000.0,-2602.0
18000.0,14000.0,-2606.5
18100.0,14000.0,-2601.3
18200.0,14000.0,-2601.9
18300.0,14000.0,-2602.9
18400.0,14000.0,-2599.8
18500.0,14000.0,-2601.2
18600.0,14000.0,-2595.6
18700.0,14000.0,-2602.7
18800.0,14000.0,-2599.2
18900.0,14000.0,-2593.8
19000.0,14000.0,-2600.7
19100.0,14000.0,-2585.9
19200.0,14000.0,-2586.8
19300.0,14000.0,-2584.8
19400.0,14000.0,-2592.9
19500.0,14000.0,-2588.1
19600.0,14000.0,-2587.9
19700.0,14000.0,-2583.8
19800.0,14000.0,-2583.1
19900.0,14000.0,-2579.5
20000.0,14000.0,-2582.5
0.0,14100.0,-2755.1
100.0,14100.0,-2758.5
200.0,14100.0,-2758.8
300.0,14100.0,-2761.3
400.0,14100.0,-2769.3
500.0,14100.0,-2763.7
600.0,14100.0,-2773.4
700.0,14100.0,-2766.0
800.0,14100.0,-2766.1
900.0,14100.0,-2769.2
1000.0,14100.0,-2771.6
1100.0,14100.0,-2766.6
1200.0,14100.0,-2767.2
1300.0,14100.0,-2760.2
1400.0,14100.0,-2758.4
1500.0,14100.0,-2759.8
1600.0,14100.0,-2758.0
1700.0,14100.0,-2755.1
1800.0,14100.0,-2753.6
1900.0,14100.0,-2747.8
2000.0,14100.0,-2736.4
2100.0,14100.0,-2739.2
2200.0,14100.0,-2739.1
2300.0,14100.0,-2734.7
2400.0,14100.0,-2728.5
2500.0,14100.0,-2724.6
2600.0,14100.0,-2719.6
2700.0,14100.0,-2717.0
2800.0,14100.0,-2710.5
2900.0,14100.0,-2709.6
3000.0,14100.0,-2699.8
3100.0,14100.0,-2695.7
3200.0,14100.0,-2688.7
3300.0,14100.0,-2682.3
3400.0,14100.0,-2678.0
3500.0,14100.0,-2670.2
3600.0,14100.0,-2668.2
3700.0,14100.0,-2658.6
3800.0,14100.0,-2653.0
3900.0,14100.0,-2644.1
4000.0,14100.0,-2635.4
4100.0,14100.0,-2635.3
4200.0,14100.0,-2625.2
4300.0,14100.0,-2618.9
4400.0,14100.0,-2607.5
4500.0,14100.0,-2605.7
4600.0,14100.0,-2601.7
4700.0,14100.0,-2593.3
4800.0,14100.0,-2586.6
4900.0,14100.0,-2579.1
5000.0,14100.0,-2572.0
5100.0,14100.0,-2570.8
5200.0,14100.0,-2561.3
5300.0,14100.0,-2552.7
5400.0,14100.0,-2546.7
5500.0,14100.0,-2548.4
5600.0,14100.0,-2542.3
5700.0,14100.0,-2539.0
5800.0,14100.0,-2529.2
5900.0,14100.0,-2530.4
6000.0,14100.0,-2523.8
6100.0,14100.0,-2521.2
6200.0,14100.0,-2519.1
6300.0,14100.0,-2510.8
6400.0,14100.0,-2509.3
6500.0,14100.0,-2505.5
6600.0,14100.0,-2503.5
6700.0,14100.0,-2506.9
6800.0,14100.0,-2508.8
6900.0,14100.0,-2501.0
7000.0,14100.0,-2503.5
7100.0,14100.0,-2506.3
7200.0,14100.0,-2507.3
7300.0,14100.0,-2509.6
7400.0,14100.0,-2503.2
7500.0,14100.0,-2509.1
7600.0,14100.0,-2510.6
7700.0,14100.0,-2517.1
7800.0,14100.0,-2516.3
7900.0,14100.0,-2517.4
8000.0,14100.0,-2517.5
8100.0,14100.0,-2529.1
8200.0,14100.0,-2530.0
8300.0,14100.0,-2532.6
8400.0,14100.0,-2535.5
8500.0,14100.0,-2539.5
8600.0,14100.0,-2538.9
8700.0,14100.0,-2555.4
8800.0,14100.0,-2555.0
8900.0,14100.0,-2560.7
9000.0,14100.0,-2563.0
9100.0,14100.0,-2562.4
9200.0,14100.0,-2569.5
9300.0,14100.0,-2577.7
9400.0,14100.0,-2574.4
9500.0,14100.0,-2586.9
9600.0,14100.0,-2579.7
9700.0,14100.0,-2587.1
9800.0,14100.0,-2588.8
9900.0,14100.0,-2593.6
10000.0,14100.0,-2595.9
10100.0,14100.0,-2599.9
10200.0,14100.0,-2601.1
10300.0,14100.0,-2591.6
10400.0,14100.0,-2597.5
10500.0,14100.0,-2592.5
10600.0,14100.0,-2597.2
10700.0,14100.0,-2593.3
10800.0,14100.0,-2589.8
10900.0,14100.0,-2589.7
11000.0,14100.0,-2580.7
11100.0,14100.0,-2578.4
11200.0,14100.0,-2580.5
11300.0,14100.0,-2570.6
11400.0,14100.0,-2566.3
11500.0,14100.0,-2560.6
11600.0,14100.0,-2560.8
11700.0,14100.0,-2552.2
11800.0,14100.0,-2547.1
11900.0,14100.0,-2544.9
12000.0,14100.0,-2540.6
12100.0,14100.0,-2528.6
12200.0,14100.0,-2526.1
12300.0,14100.0,-2518.0
12400.0,14100.0,-2517.7
12500.0,14100.0,-2510.4
12600.0,14100.0,-2497.8
12700.0,14100.0,-2502.7
12800.0,14100.0,-2491.3
12900.0,14100.0,-2493.6
13000.0,14100.0,-2483.9
13100.0,14100.0,-2487.4
13200.0,14100.0,-2484.5
13300.0,14100.0,-2480.1
13400.0,14100.0,-2479.4
13500.0,14100.0,-2474.1
13600.0,14100.0,-2481.2
13700.0,14100.0,-2475.0
13800.0,14100.0,-2475.7
13900.0,14100.0,-2477.0
14000.0,14100.0,-2477.7
14100.0,14100.0,-2476.1
14200.0,14100.0,-2483.8
14300.0,14100.0,-2478.1
14400.0,14100.0,-2489.5
14500.0,14100.0,-2483.0
14600.0,14100.0,-2487.4
14700.0,14100.0,-2493.2
14800.0,14100.0,-2497.2
14900.0,14100.0,-2495.6
15000.0,14100.0,-2500.5
15100.0,14100.0,-2510.2
15200.0,14100.0,-2509.7
15300.0,14100.0,-2517.9
15400.0,14100.0,-2520.8
15500.0,14100.0,-2525.0
15600.0,14100.0,-2529.2
15700.0,14100.0,-2536.8
15800.0,14100.0,-2540.3
15900.0,14100.0,-2546.0
16000.0,14100.0,-2550.6
16100.0,14100.0,-2556.6
16200.0,14100.0,-2559.8
16300.0,14100.0,-2566.9
16400.0,14100.0,-2563.5
16500.0,14100.0,-2568.1
16600.0,14100.0,-2578.9
16700.0,14100.0,-2576.2
16800.0,14100.0,-2582.3
16900.0,14100.0,-2584.9
17000.0,14100.0,-2593.1
17100.0,14100.0,-2591.9
17200.0,14100.0,-2596.7
17300.0,14100.0,-2596.5
17400.0,14100.0,-2597.9
17500.0,14100.0,-2598.3
17600.0,14100.0,-2599.9
17700.0,14100.0,-2604.7
17800.0,14100.0,-2605.2
17900.0,14100.0,-2608.7
18000.0,14100.0,-2605.8
18100.0,14100.0,-2605.1
18200.0,14100.0,-2602.5
18300.0,14100.0,-2599.2
18400.0,14100.0,-2605.9
18500.0,14100.0,-2601.0
18600.0,14100.0,-2599.0
18700.0,14100.0,-2600.1
18800.0,14100.0,-2599.4
18900.0,14100.0,-2596.6
19000.0,14100.0,-2598.2
19100.0,14100.0,-2593.3
19200.0,14100.0,-2587.8
19300.0,14100.0,-2590.7
19400.0,14100.0,-2590.6
19500.0,14100.0,-2590.5
19600.0,14100.0,-2579.8
19700.0,14100.0,-2584.6
19800.0,14100.0,-2587.7
19900.0,14100.0,-2590.1
20000.0,14100.0,-2581.8
0.0,14200.0,-2753.0
100.0,14200.0,-2753.2
200.0,14200.0,-2765.5
300.0,14200.0,-2760.1
400.0,14200.0,-2764.3
500.0,14200.0,-2761.7
600.0,14200.0,-2769.4
700.0,14200.0,-2769.8
800.0,14200.0,-2767.5
900.0,14200.0,-2768.8
1000.0,14200.0,-2774.0
1100.0,14200.0,-2768.9
1200.0,14200.0,-2765.6
1300.0,14200.0,-2767.2
1400.0,14200.0,-2764.4
1500.0,14200.0,-2766.5
1600.0,14200.0,-2756.8
1700.0,14200.0,-2765.2
1800.0,14200.0,-2756.8
1900.0,14200.0,-2751.7
2000.0,14200.0,-2753.0
2100.0,14200.0,-2745.5
2200.0,14200.0,-2743.6
2300.0,14200.0,-2733.1
2400.0,14200.0,-2733.6
2500.0,14200.0,-2728.0
2600.0,14200.0,-2723.6
2700.0,14200.0,-2720.6
2800.0,14200.0,-2712.9
2900.0,14200.0,-2706.7
3000.0,14200.0,-2706.4
3100.0,14200.0,-2704.0
3200.0,14200.0,-2694.7
3300.0,14200.0,-2688.2
3400.0,14200.0,-2682.6
3500.0,14200.0,-2677.6
3600.0,14200.0,-2673.7
3700.0,14200.0,-2666.3
3800.0,14200.0,-2660.4
3900.0,14200.0,-2653.8
4000.0,14200.0,-2651.6
4100.0,14200.0,-2644.3
4200.0,14200.0,-2637.0
4300.0,14200.0,-2628.3
4400.0,14200.0,-2617.7
4500.0,14200.0,-2617.7
4600.0,14200.0,-2610.3
4700.0,14200.0,-2600.8
4800.0,14200.0,-2588.8
4900.0,14200.0,-2587.9
5000.0,14200.0,-2588.9
5100.0,14200.0,-2572.8
5200.0,14200.0,-2566.2
5300.0,14200.0,-2558.5
5400.0,14200.0,-2554.8
5500.0,14200.0,-2548.2
5600.0,14200.0,-2547.9
5700.0,14200.0,-2538.6
5800.0,14200.0,-2535.6
5900.0,14200.0,-2527.3
6000.0,14200.0,-2526.0
6100.0,14200.0,-2525.2
6200.0,14200.0,-2520.6
6300.0,14200.0,-2523.8
6400.0,14200.0,-2518.1
6500.0,14200.0,-2517.2
6600.0,14200.0,-2511.0
6700.0,14200.0,-2515.7
6800.0,14200.0,-2505.5
6900.0,14200.0,-2508.5
7000.0,14200.0,-2513.7
7100.0,14200.0,-2507.1
7200.0,14200.0,-2510.2
7300.0,14200.0,-2520.2
7400.0,14200.0,-2512.7
7500.0,14200.0,-2515.5
7600.0,14200.0,-2511.9
7700.0,14200.0,-2513.9
7800.0,14200.0,-2520.2
7900.0,14200.0,-2512.4
8000.0,14200.0,-2524.5
8100.0,14200.0,-2528.8
8200.0,14200.0,-2532.9
8300.0,14200.0,-2532.6
8400.0,14200.0,-2535.0
8500.0,14200.0,-2547.9
8600.0,14200.0,-2547.7
8700.0,14200.0,-2547.5
8800.0,14200.0,-2555.5
8900.0,14200.0,-2555.2
9000.0,14200.0,-2567.4
9100.0,14200.0,-2569.7
9200.0,14200.0,-2570.0
9300.0,14200.0,-2575.1
9400.0,14200.0,-2583.9
9500.0,14200.0,-2582.8
9600.0,14200.0,-2581.6
9700.0,14200.0,-2584.9
9800.0,14200.0,-2588.1
9900.0,14200.0,-2593.5
10000.0,14200.0,-2594.7
10100.0,14200.0,-2596.3
10200.0,14200.0,-2600.4
10300.0,14200.0,-2595.8
10400.0,14200.0,-2600.4
10500.0,14200.0,-2600.4
10600.0,14200.0,-2602.9
10700.0,14200.0,-2597.4
10800.0,14200.0,-2598.7
10900.0,14200.0,-2597.2
11000.0,14200.0,-2595.6
11100.0,14200.0,-2589.3
11200.0,14200.0,-2586.0
11300.0,14200.0,-2582.7
11400.0,14200.0,-2580.0
11500.0,14200.0,-2571.7
11600.0,14200.0,-2570.3
11700.0,14200.0,-2556.8
11800.0,14200.0,-2557.9
11900.0,14200.0,-2549.2
12000.0,14200.0,-2549.1
12100.0,14200.0,-2541.6
12200.0,14200.0,-2536.9
12300.0,14200.0,-2527.7
12400.0,14200.0,-2517.5
12500.0,14200.0,-2519.2
12600.0,14200.0,-2510.3
12700.0,14200.0,-2509.3
12800.0,14200.0,-2498.8
12900.0,14200.0,-2501.9
13000.0,14200.0,-2491.5
13100.0,14200.0,-2490.4
13200.0,14200.0,-2489.9
13300.0,14200.0,-2484.8
13400.0,14200.0,-2484.1
13500.0,14200.0,-2482.6
13600.0,14200.0,-2482.7
13700.0,14200.0,-2481.4
13800.0,14200.0,-2484.0
13900.0,14200.0,-2477.0
14000.0,14200.0,-2480.4
14100.0,14200.0,-2480.0
14200.0,14200.0,-2485.6
14300.0,14200.0,-2488.4
14400.0,14200.0,-2485.2
14500.0,14200.0,-2490.8
14600.0,14200.0,-2492.9
14700.0,14200.0,-2497.0
14800.0,14200.0,-2503.3
14900.0,14200.0,-2506.4
15000.0,14200.0,-2515.0
15100.0,14200.0,-2506.3
15200.0,14200.0,-2518.0
15300.0,14200.0,-2514.9
15400.0,14200.0,-2523.9
15500.0,14200.0,-2527.2
15600.0,14200.0,-2535.9
15700.0,14200.0,-2532.5
15800.0,14200.0,-2542.6
15900.0,14200.0,-2547.1
16000.0,14200.0,-2551.6
16100.0,14200.0,-2549.0
16200.0,14200.0,-2562.5
16300.0,14200.0,-2567.7
16400.0,14200.0,-2571.4
16500.0,14200.0,-2576.6
16600.0,14200.0,-2579.3
16700.0,14200.0,-2577.7
16800.0,14200.0,-2577.9
16900.0,14200.0,-2584.9
17000.0,14200.0,-2593.1
17100.0,14200.0,-2591.9
17200.0,14200.0,-2596.5
17300.0,14200.0,-2595.8
17400.0,14200.0,-2603.0
17500.0,14200.0,-2599.3
17600.0,14200.0,-2603.2
17700.0,14200.0,-2605.4
17800.0,14200.0,-2607.4
17900.0,14200.0,-2607.5
18000.0,14200.0,-2600.1
18100.0,14200.0,-2608.0
18200.0,14200.0,-2602.9
18300.0,14200.0,-2608.4
18400.0,14200.0,-2601.4
18500.0,14200.0,-2600.7
18600.0,14200.0,-2599.8
18700.0,14200.0,-2602.4
18800.0,14200.0,-2601.7
18900.0,14200.0,-2597.1
19000.0,14200.0,-2596.0
19100.0,14200.0,-2589.9
19200.0,14200.0,-2598.1
19300.0,14200.0,-2593.0
19400.0,14200.0,-2589.0
19500.0,14200.0,-2585.6
19600.0,14200.0,-2589.9
19700.0,14200.0,-2591.5
19800.0,14200.0,-2582.9
19900.0,14200.0,-2579.8
20000.0,14200.0,-2584.0
0.0,14300.0,-2749.5
100.0,14300.0,-2753.8
200.0,14300.0,-2764.2
300.0,14300.0,-2759.6
400.0,14300.0,-2764.4
500.0,14300.0,-2768.6
600.0,14300.0,-2770.1
700.0,14300.0,-2768.9
800.0,14300.0,-2774.4
900.0,14300.0,-2777.9
1000.0,14300.0,-2770.5
1100.0,14300.0,-2771.4
1200.0,14300.0,-2775.2
1300.0,14300.0,-2769.4
1400.0,14300.0,-2772.8
1500.0,14300.0,-2769.6
1600.0,14300.0,-2768.9
1700.0,14300.0,-2766.0
1800.0,14300.0,-2759.5
1900.0,14300.0,-2757.3
2000.0,14300.0,-2754.4
2100.0,14300.0,-2752.2
2200.0,14300.0,-2746.4
2300.0,14300.0,-2746.2
2400.0,14300.0,-2738.2
2500.0,14300.0,-2737.2
2600.0,14300.0,-2732.7
2700.0,14300.0,-2719.8
2800.0,14300.0,-2730.5
2900.0,14300.0,-2718.7
3000.0,14300.0,-2713.9
3100.0,14300.0,-2709.9
3200.0,14300.0,-2702.6
3300.0,14300.0,-2702.2
3400.0,14300.0,-2689.7
3500.0,14300.0,-2687.3
3600.0,14300.0,-2686.8
3700.0,14300.0,-2674.4
3800.0,14300.0,-2677.0
3900.0,14300.0,-2661.3
4000.0,14300.0,-2661.1
4100.0,14300.0,-2649.0
4200.0,14300.0,-2647.0
4300.0,14300.0,-2635.2
4400.0,14300.0,-2628.3
4500.0,14300.0,-2619.2
4600.0,14300.0,-2612.4
4700.0,14300.0,-2608.4
4800.0,14300.0,-2606.0
4900.0,14300.0,-2591.2
5000.0,14300.0,-2584.2
5100.0,14300.0,-2584.1
5200.0,14300.0,-2576.7
5300.0,14300.0,-2571.8
5400.0,14300.0,-2567.3
5500.0,14300.0,-2555.3
5600.0,14300.0,-2556.2
5700.0,14300.0,-2545.2
5800.0,14300.0,-2539.9
5900.0,14300.0,-2537.2
6000.0,14300.0,-2544.3
6100.0,14300.0,-2530.8
6200.0,14300.0,-2527.6
6300.0,14300.0,-2524.9
6400.0,14300.0,-2523.8
6500.0,14300.0,-2518.9
6600.0,14300.0,-2511.5
6700.0,14300.0,-2514.4
6800.0,14300.0,-2511.6
6900.0,14300.0,-2517.4
7000.0,14300.0,-2518.2
7100.0,14300.0,-2508.3
7200.0,14300.0,-2515.1
7300.0,14300.0,-2513.9
7400.0,14300.0,-2515.6
7500.0,14300.0,-2513.4
7600.0,14300.0,-2517.2
7700.0,14300.0,-2523.4
7800.0,14300.0,-2518.0
7900.0,14300.0,-2525.2
8000.0,14300.0,-2525.9
8100.0,14300.0,-2528.3
8200.0,14300.0,-2530.7
8300.0,14300.0,-2535.3
8400.0,14300.0,-2535.3
8500.0,14300.0,-2543.1
8600.0,14300.0,-2549.1
8700.0,14300.0,-2545.7
8800.0,14300.0,-2554.8
8900.0,14300.0,-2556.4
9000.0,14300.0,-2561.2
9100.0,14300.0,-2568.7
9200.0,14300.0,-2573.3
9300.0,14300.0,-2576.9
9400.0,14300.0,-2579.5
9500.0,14300.0,-2581.1
9600.0,14300.0,-2589.6
9700.0,14300.0,-2587.2
9800.0,14300.0,-2592.9
9900.0,14300.0,-2595.0
10000.0,14300.0,-2604.7
10100.0,14300.0,-2599.2
10200.0,14300.0,-2598.2
10300.0,14300.0,-2600.5
10400.0,14300.0,-2606.5
10500.0,14300.0,-2611.4
10600.0,14300.0,-2606.3
10700.0,14300.0,-2605.6
10800.0,14300.0,-2601.0
10900.0,14300.0,-2603.1
11000.0,14300.0,-2601.9
11100.0,14300.0,-2598.1
11200.0,14300.0,-2592.5
11300.0,14300.0,-2595.0
11400.0,14300.0,-2585.3
11500.0,14300.0,-2574.0
11600.0,14300.0,-2573.4
11700.0,14300.0,-2569.5
11800.0,14300.0,-2563.0
11900.0,14300.0,-2557.3
12000.0,14300.0,-2552.1
12100.0,14300.0,-2543.6
12200.0,14300.0,-2543.0
12300.0,14300.0,-2536.9
12400.0,14300.0,-2533.3
12500.0,14300.0,-2524.9
12600.0,14300.0,-2522.4
12700.0,14300.0,-2518.5
12800.0,14300.0,-2508.5
12900.0,14300.0,-2507.2
13000.0,14300.0,-2503.6
13100.0,14300.0,-2496.4
13200.0,14300.0,-2493.2
13300.0,14300.0,-2494.4
13400.0,14300.0,-2494.0
13500.0,14300.0,-2493.2
13600.0,14300.0,-2491.8
13700.0,14300.0,-2489.5
13800.0,14300.0,-2487.4
13900.0,14300.0,-2487.0
14000.0,14300.0,-2487.1
14100.0,14300.0,-2492.7
14200.0,14300.0,-2493.9
14300.0,14300.0,-2494.4
14400.0,14300.0,-2494.7
14500.0,14300.0,-2500.7
14600.0,14300.0,-2499.4
14700.0,14300.0,-2501.9
14800.0,14300.0,-2509.8
14900.0,14300.0,-2511.8
15000.0,14300.0,-2512.4
15100.0,14300.0,-2516.5
15200.0,14300.0,-2521.1
15300.0,14300.0,-2521.4
15400.0,14300.0,-2526.0
15500.0,14300.0,-2535.3
15600.0,14300.0,-2539.4
15700.0,14300.0,-2546.8
15800.0,14300.0,-2542.6
15900.0,14300.0,-2549.7
16000.0,14300.0,-2552.3
16100.0,14300.0,-2558.1
16200.0,14300.0,-2561.8
16300.0,14300.0,-2563.2
16400.0,14300.0,-2571.2
16500.0,14300.0,-2571.6
16600.0,14300.0,-2580.8
16700.0,14300.0,-2581.0
16800.0,14300.0,-2590.7
16900.0,14300.0,-2591.4
17000.0,14300.0,-2591.6
17100.0,14300.0,-2590.8
17200.0,14300.0,-2602.0
17300.0,14300.0,-2598.8
17400.0,14300.0,-2602.0
17500.0,14300.0,-2607.3
17600.0,14300.0,-2610.5
17700.0,14300.0,-2603.7
17800.0,14300.0,-2599.7
17900.0,14300.0,-2603.4
18000.0,14300.0,-2602.4
18100.0,14300.0,-2603.3
18200.0,14300.0,-2607.8
18300.0,14300.0,-2608.0
18400.0,14300.0,-2600.6
18500.0,14300.0,-2599.2
18600.0,14300.0,-2600.6
18700.0,14300.0,-2601.1
18800.0,14300.0,-2597.4
18900.0,14300.0,-2599.8
19000.0,14300.0,-2598.8
19100.0,14300.0,-2596.5
19200.0,14300.0,-2593.4
19300.0,14300.0,-2593.0
19400.0,14300.0,-2591.1
19500.0,14300.0,-2591.1
19600.0,14300.0,-2589.9
19700.0,14300.0,-2593.0
19800.0,14300.0,-2586.9
19900.0,14300.0,-2588.9
20000.0,14300.0,-2586.4
0.0,14400.0,-2753.3
100.0,14400.0,-2753.6
200.0,14400.0,-2759.3
300.0,14400.0,-2763.8
400.0,14400.0,-2769.2
500.0,14400.0,-2771.7
600.0,14400.0,-2767.9
700.0,14400.0,-2770.3
800.0,14400.0,-2767.8
900.0,14400.0,-2779.6
1000.0,14400.0,-2774.5
1100.0,14400.0,-2776.7
1200.0,14400.0,-2778.1
1300.0,14400.0,-2776.7
1400.0,14400.0,-2771.8
1500.0,14400.0,-2767.7
1600.0,14400.0,-2769.6
1700.0,14400.0,-2770.8
1800.0,14400.0,-2758.9
1900.0,14400.0,-2766.9
2000.0,14400.0,-2757.2
2100.0,14400.0,-2755.3
2200.0,14400.0,-2752.2
2300.0,14400.0,-2755.8
2400.0,14400.0,-2746.1
2500.0,14400.0,-2740.7
2600.0,14400.0,-2741.8
2700.0,14400.0,-2729.9
2800.0,14400.0,-2734.4
2900.0,14400.0,-2727.2
3000.0,14400.0,-2724.0
3100.0,14400.0,-2725.8
3200.0,14400.0,-2715.9
3300.0,14400.0,-2707.7
3400.0,14400.0,-2699.6
3500.0,14400.0,-2694.1
3600.0,14400.0,-2692.2
3700.0,14400.0,-2688.7
3800.0,14400.0,-2680.0
3900.0,14400.0,-2673.0
4000.0,14400.0,-2668.8
4100.0,14400.0,-2661.5
4200.0,14400.0,-2651.1
4300.0,14400.0,-2645.0
4400.0,14400.0,-2633.9
4500.0,14400.0,-2629.3
4600.0,14400.0,-2620.8
4700.0,14400.0,-2616.0
4800.0,14400.0,-2609.2
4900.0,14400.0,-2600.5
5000.0,14400.0,-2599.0
5100.0,14400.0,-2590.6
5200.0,14400.0,-2582.1
5300.0,14400.0,-2578.9
5400.0,14400.0,-2569.1
5500.0,14400.0,-2561.6
5600.0,14400.0,-2553.4
5700.0,14400.0,-2551.0
5800.0,14400.0,-2552.6
5900.0,14400.0,-2543.5
6000.0,14400.0,-2543.1
6100.0,14400.0,-2534.6
6200.0,14400.0,-2533.5
6300.0,14400.0,-2530.8
6400.0,14400.0,-2529.9
6500.0,14400.0,-2526.7
6600.0,14400.0,-2526.1
6700.0,14400.0,-2519.0
6800.0,14400.0,-2520.3
6900.0,14400.0,-2521.0
7000.0,14400.0,-2515.2
7100.0,14400.0,-2519.9
7200.0,14400.0,-2519.9
7300.0,14400.0,-2522.7
7400.0,14400.0,-2518.8
7500.0,14400.0,-2509.8
7600.0,14400.0,-2519.4
7700.0,14400.0,-2522.0
7800.0,14400.0,-2521.3
7900.0,14400.0,-2523.3
8000.0,14400.0,-2521.9
8100.0,14400.0,-2530.5
8200.0,14400.0,-2532.9
8300.0,14400.0,-2539.3
8400.0,14400.0,-2534.2
8500.0,14400.0,-2543.3
8600.0,14400.0,-2548.1
8700.0,14400.0,-2544.9
8800.0,14400.0,-2553.3
8900.0,14400.0,-2561.4
9000.0,14400.0,-2562.8
9100.0,14400.0,-2574.6
9200.0,14400.0,-2573.6
9300.0,14400.0,-2573.7
9400.0,14400.0,-2578.4
9500.0,14400.0,-2585.7
9600.0,14400.0,-2589.6
9700.0,14400.0,-2594.3
9800.0,14400.0,-2594.8
9900.0,14400.0,-2597.6
10000.0,14400.0,-2605.4
10100.0,14400.0,-2603.2
10200.0,14400.0,-2609.5
10300.0,14400.0,-2608.7
10400.0,14400.0,-2607.6
10500.0,14400.0,-2612.4
10600.0,14400.0,-2611.8
10700.0,14400.0,-2613.2
10800.0,14400.0,-2609.1
10900.0,14400.0,-2612.7
11000.0,14400.0,-2607.4
11100.0,14400.0,-2600.6
11200.0,14400.0,-2607.2
11300.0,14400.0,-2598.7
11400.0,14400.0,-2592.6
11500.0,14400.0,-2589.7
11600.0,14400.0,-2583.6
11700.0,14400.0,-2581.5
11800.0,14400.0,-2572.3
11900.0,14400.0,-2567.0
12000.0,14400.0,-2569.2
12100.0,14400.0,-2562.1
12200.0,14400.0,-2546.6
12300.0,14400.0,-2543.0
12400.0,14400.0,-2538.7
12500.0,14400.0,-2531.9
12600.0,14400.0,-2530.4
12700.0,14400.0,-2526.3
12800.0,14400.0,-2521.4
12900.0,14400.0,-2520.2
13000.0,14400.0,-2509.7
13100.0,14400.0,-2506.2
13200.0,14400.0,-2502.5
13300.0,14400.0,-2499.6
13400.0,14400.0,-2499.4
13500.0,14400.0,-2493.6
13600.0,14400.0,-2495.0
13700.0,14400.0,-2492.3
13800.0,14400.0,-2496.6
13900.0,14400.0,-2494.5
14000.0,14400.0,-2492.9
14100.0,14400.0,-2496.4
14200.0,14400.0,-2499.6
14300.0,14400.0,-2499.3
14400.0,14400.0,-2506.2
14500.0,14400.0,-2502.5
14600.0,14400.0,-2506.6
14700.0,14400.0,-2508.9
14800.0,14400.0,-2512.6
14900.0,14400.0,-2515.8
15000.0,14400.0,-2516.9
15100.0,14400.0,-2527.0
15200.0,14400.0,-2523.1
15300.0,14400.0,-2528.5
15400.0,14400.0,-2533.1
15500.0,14400.0,-2535.9
15600.0,14400.0,-2532.8
15700.0,14400.0,-2549.2
15800.0,14400.0,-2553.5
15900.0,14400.0,-2552.2
16000.0,14400.0,-2559.0
16100.0,14400.0,-2559.3
16200.0,14400.0,-2565.0
16300.0,14400.0,-2567.9
16400.0,14400.0,-2571.6
16500.0,14400.0,-2576.6
16600.0,14400.0,-2583.3
16700.0,14400.0,-2575.1
16800.0,14400.0,-2582.7
16900.0,14400.0,-2582.7
17000.0,14400.0,-2589.9
17100.0,14400.0,-2598.2
17200.0,14400.0,-2597.7
17300.0,14400.0,-2601.0
17400.0,14400.0,-2598.5
17500.0,14400.0,-2597.6
17600.0,14400.0,-2605.9
17700.0,14400.0,-2605.5
17800.0,14400.0,-2604.4
17900.0,14400.0,-2607.7
18000.0,14400.0,-2604.8
18100.0,14400.0,-2602.0
18200.0,14400.0,-2604.4
18300.0,14400.0,-2597.4
18400.0,14400.0,-2600.5
18500.0,14400.0,-2605.3
18600.0,14400.0,-2604.3
18700.0,14400.0,-2605.8
18800.0,14400.0,-2599.9
18900.0,14400.0,-2600.2
19000.0,14400.0,-2599.0
19100.0,14400.0,-2598.7
19200.0,14400.0,-2599.3
19300.0,14400.0,-2590.4
19400.0,14400.0,-2591.9
19500.0,14400.0,-2591.7
19600.0,14400.0,-2594.8
19700.0,14400.0,-2592.1
19800.0,14400.0,-2587.3
19900.0,14400.0,-2590.2
20000.0,14400.0,-2590.4
0.0,14500.0,-2748.5
100.0,14500.0,-2753.5
200.0,14500.0,-2757.7
300.0,14500.0,-2762.0
400.0,14500.0,-2765.5
500.0,14500.0,-2766.6
600.0,14500.0,-2772.8
700.0,14500.0,-2775.4
800.0,14500.0,-2773.7
900.0,14500.0,-2776.7
1000.0,14500.0,-2776.2
1100.0,14500.0,-2779.7
1200.0,14500.0,-2774.7
1300.0,14500.0,-2776.8
1400.0,14500.0,-2781.5
1500.0,14500.0,-2774.5
1600.0,14500.0,-2778.9
1700.0,14500.0,-2770.5
1800.0,14500.0,-2770.6
1900.0,14500.0,-2768.6
2000.0,14500.0,-2772.1
2100.0,14500.0,-2765.2
2200.0,14500.0,-2758.2
2300.0,14500.0,-2755.6
2400.0,14500.0,-2752.5
2500.0,14500.0,-2752.3
2600.0,14500.0,-2749.9
2700.0,14500.0,-2746.7
2800.0,14500.0,-2742.2
2900.0,14500.0,-2733.3
3000.0,14500.0,-2735.0
3100.0,14500.0,-2722.9
3200.0,14500.0,-2721.8
3300.0,14500.0,-2716.5
3400.0,14500.0,-2706.8
3500.0,14500.0,-2698.8
3600.0,14500.0,-2699.3
3700.0,14500.0,-2693.9
3800.0,14500.0,-2684.4
3900.0,14500.0,-2672.7
4000.0,14500.0,-2672.0
4100.0,14500.0,-2663.7
4200.0,14500.0,-2654.5
4300.0,14500.0,-2646.9
4400.0,14500.0,-2641.6
4500.0,14500.0,-2638.0
4600.0,14500.0,-2635.3
4700.0,14500.0,-2622.1
4800.0,14500.0,-2618.8
4900.0,14500.0,-2605.3
5000.0,14500.0,-2603.4
5100.0,14500.0,-2594.5
5200.0,14500.0,-2590.5
5300.0,14500.0,-2580.6
5400.0,14500.0,-2582.7
5500.0,14500.0,-2568.5
5600.0,14500.0,-2559.2
5700.0,14500.0,-2554.0
5800.0,14500.0,-2559.9
5900.0,14500.0,-2551.8
6000.0,14500.0,-2547.8
6100.0,14500.0,-2545.5
6200.0,14500.0,-2544.7
6300.0,14500.0,-2535.3
6400.0,14500.0,-2533.8
6500.0,14500.0,-2531.7
6600.0,14500.0,-2525.6
6700.0,14500.0,-2526.9
6800.0,14500.0,-2527.7
6900.0,14500.0,-2530.1
7000.0,14500.0,-2519.5
7100.0,14500.0,-2520.9
7200.0,14500.0,-2522.2
7300.0,14500.0,-2522.4
7400.0,14500.0,-2518.6
7500.0,14500.0,-2518.7
7600.0,14500.0,-2520.8
7700.0,14500.0,-2526.3
7800.0,14500.0,-2526.9
7900.0,14500.0,-2529.4
8000.0,14500.0,-2534.5
8100.0,14500.0,-2530.9
8200.0,14500.0,-2534.7
8300.0,14500.0,-2538.5
8400.0,14500.0,-2537.6
8500.0,14500.0,-2546.1
8600.0,14500.0,-2547.5
8700.0,14500.0,-2555.2
8800.0,14500.0,-2555.8
8900.0,14500.0,-2560.1
9000.0,14500.0,-2566.5
9100.0,14500.0,-2569.2
9200.0,14500.0,-2575.3
9300.0,14500.0,-2578.1
9400.0,14500.0,-2580.3
9500.0,14500.0,-2585.2
9600.0,14500.0,-2592.1
9700.0,14500.0,-2597.7
9800.0,14500.0,-2605.1
9900.0,14500.0,-2600.6
10000.0,14500.0,-2602.8
10100.0,14500.0,-2608.6
10200.0,14500.0,-2616.4
10300.0,14500.0,-2614.2
10400.0,14500.0,-2614.1
10500.0,14500.0,-2613.6
10600.0,14500.0,-2613.9
10700.0,14500.0,-2616.7
10800.0,14500.0,-2614.0
10900.0,14500.0,-2620.5
11000.0,14500.0,-2612.2
11100.0,14500.0,-2612.1
11200.0,14500.0,-2609.7
11300.0,14500.0,-2604.1
11400.0,14500.0,-2598.6
11500.0,14500.0,-2596.7
11600.0,14500.0,-2589.8
11700.0,14500.0,-2585.1
11800.0,14500.0,-2582.1
11900.0,14500.0,-2576.1
12000.0,14500.0,-2563.7
12100.0,14500.0,-2560.5
12200.0,14500.0,-2562.9
12300.0,14500.0,-2558.0
12400.0,14500.0,-2545.5
12500.0,14500.0,-2544.7
12600.0,14500.0,-2533.6
12700.0,14500.0,-2533.7
12800.0,14500.0,-2529.7
12900.0,14500.0,-2528.9
13000.0,14500.0,-2518.4
13100.0,14500.0,-2514.9
13200.0,14500.0,-2516.6
13300.0,14500.0,-2512.6
13400.0,14500.0,-2505.7
13500.0,14500.0,-2505.8
13600.0,14500.0,-2503.8
13700.0,14500.0,-2502.9
13800.0,14500.0,-2506.6
13900.0,14500.0,-2500.1
14000.0,14500.0,-2504.4
14100.0,14500.0,-2498.9
14200.0,14500.0,-2506.8
14300.0,14500.0,-2503.3
14400.0,14500.0,-2503.9
14500.0,14500.0,-2507.5
14600.0,14500.0,-2517.3
14700.0,14500.0,-2511.9
14800.0,14500.0,-2517.9
14900.0,14500.0,-2519.7
15000.0,14500.0,-2528.0
15100.0,14500.0,-2527.2
15200.0,14500.0,-2529.4
15300.0,14500.0,-2534.9
15400.0,14500.0,-2540.7
15500.0,14500.0,-2546.0
15600.0,14500.0,-2546.2
15700.0,14500.0,-2551.6
15800.0,14500.0,-2555.1
15900.0,14500.0,-2552.5
16000.0,14500.0,-2569.1
16100.0,14500.0,-2567.0
16200.0,14500.0,-2562.5
16300.0,14500.0,-2567.2
16400.0,14500.0,-2570.9
16500.0,14500.0,-2581.9
16600.0,14500.0,-2583.1
16700.0,14500.0,-2584.3
16800.0,14500.0,-2583.3
16900.0,14500.0,-2588.1
17000.0,14500.0,-2594.0
17100.0,14500.0,-2596.1
17200.0,14500.0,-2594.0
17300.0,14500.0,-2599.5
17400.0,14500.0,-2600.0
17500.0,14500.0,-2598.6
17600.0,14500.0,-2597.9
17700.0,14500.0,-2606.3
17800.0,14500.0,-2602.4
17900.0,14500.0,-2605.6
18000.0,14500.0,-2609.0
18100.0,14500.0,-2606.5
18200.0,14500.0,-2606.5
18300.0,14500.0,-2609.0
18400.0,14500.0,-2605.3
18500.0,14500.0,-2608.5
18600.0,14500.0,-2604.5
18700.0,14500.0,-2608.1
18800.0,14500.0,-2603.3
18900.0,14500.0,-2598.1
19000.0,14500.0,-2599.8
19100.0,14500.0,-2598.9
19200.0,14500.0,-2598.7
19300.0,14500.0,-2593.2
19400.0,14500.0,-2592.2
19500.0,14500.0,-2593.1
19600.0,14500.0,-2598.3
19700.0,14500.0,-2592.5
19800.0,14500.0,-2591.1
19900.0,14500.0,-2587.6
20000.0,14500.0,-2592.8
0.0,14600.0,-2749.1
100.0,14600.0,-2752.4
200.0,14600.0,-2755.5
300.0,14600.0,-2760.4
400.0,14600.0,-2760.7
500.0,14600.0,-2768.4
600.0,14600.0,-2770.4
700.0,14600.0,-2772.1
800.0,14600.0,-2772.8
900.0,14600.0,-2775.9
1000.0,14600.0,-2781.5
1100.0,14600.0,-2773.3
1200.0,14600.0,-2775.4
1300.0,14600.0,-2781.8
1400.0,14600.0,-2777.4
1500.0,14600.0,-2777.6
1600.0,14600.0,-2778.7
1700.0,14600.0,-2779.3
1800.0,14600.0,-2770.1
1900.0,14600.0,-2772.2
2000.0,14600.0,-2766.6
2100.0,14600.0,-2775.6
2200.0,14600.0,-2772.2
2300.0,14600.0,-2768.3
2400.0,14600.0,-2757.0
2500.0,14600.0,-2762.7
2600.0,14600.0,-2750.6
2700.0,14600.0,-2753.2
2800.0,14600.0,-2746.0
2900.0,14600.0,-2742.0
3000.0,14600.0,-2736.5
3100.0,14600.0,-2733.5
3200.0,14600.0,-2727.0
3300.0,14600.0,-2725.5
3400.0,14600.0,-2713.8
3500.0,14600.0,-2710.0
3600.0,14600.0,-2707.1
3700.0,14600.0,-2700.2
3800.0,14600.0,-2690.2
3900.0,14600.0,-2686.5
4000.0,14600.0,-2678.8
4100.0,14600.0,-2672.5
4200.0,14600.0,-2669.3
4300.0,14600.0,-2658.6
4400.0,14600.0,-2652.0
4500.0,14600.0,-2644.7
4600.0,14600.0,-2638.3
4700.0,14600.0,-2626.2
4800.0,14600.0,-2627.8
4900.0,14600.0,-2618.5
5000.0,14600.0,-2609.2
5100.0,14600.0,-2602.4
5200.0,14600.0,-2600.9
5300.0,14600.0,-2585.5
5400.0,14600.0,-2584.8
5500.0,14600.0,-2581.1
5600.0,14600.0,-2575.9
5700.0,14600.0,-2564.3
5800.0,14600.0,-2563.1
5900.0,14600.0,-2564.7
6000.0,14600.0,-2561.0
6100.0,14600.0,-2551.9
6200.0,14600.0,-2551.2
6300.0,14600.0,-2543.9
6400.0,14600.0,-2546.9
6500.0,14600.0,-2538.2
6600.0,14600.0,-2533.7
6700.0,14600.0,-2531.0
6800.0,14600.0,-2529.6
6900.0,14600.0,-2529.5
7000.0,14600.0,-2529.3
7100.0,14600.0,-2522.7
7200.0,14600.0,-2524.3
7300.0,14600.0,-2522.4
7400.0,14600.0,-2526.2
7500.0,14600.0,-2526.7
7600.0,14600.0,-2523.7
7700.0,14600.0,-2526.7
7800.0,14600.0,-2522.7
7900.0,14600.0,-2528.7
8000.0,14600.0,-2532.8
8100.0,14600.0,-2532.1
8200.0,14600.0,-2536.3
8300.0,14600.0,-2541.5
8400.0,14600.0,-2537.1
8500.0,14600.0,-2538.8
8600.0,14600.0,-2547.3
8700.0,14600.0,-2552.4
8800.0,14600.0,-2552.7
8900.0,14600.0,-2562.9
9000.0,14600.0,-2563.7
9100.0,14600.0,-2562.4
9200.0,14600.0,-2570.5
9300.0,14600.0,-2576.3
9400.0,14600.0,-2583.1
9500.0,14600.0,-2583.6
9600.0,14600.0,-2589.1
9700.0,14600.0,-2595.6
9800.0,14600.0,-2595.1
9900.0,14600.0,-2601.0
10000.0,14600.0,-2607.0
10100.0,14600.0,-2615.3
10200.0,14600.0,-2618.4
10300.0,14600.0,-2622.9
10400.0,14600.0,-2614.7
10500.0,14600.0,-2616.3
10600.0,14600.0,-2620.7
10700.0,14600.0,-2621.4
10800.0,14600.0,-2621.0
10900.0,14600.0,-2615.1
11000.0,14600.0,-2626.8
11100.0,14600.0,-2616.1
11200.0,14600.0,-2617.8
11300.0,14600.0,-2615.6
11400.0,14600.0,-2612.5
11500.0,14600.0,-2599.7
11600.0,14600.0,-2597.4
11700.0,14600.0,-2598.5
11800.0,14600.0,-2586.4
11900.0,14600.0,-2587.9
12000.0,14600.0,-2581.5
12100.0,14600.0,-2576.1
12200.0,14600.0,-2570.4
12300.0,14600.0,-2568.3
12400.0,14600.0,-2555.4
12500.0,14600.0,-2551.6
12600.0,14600.0,-2546.4
12700.0,14600.0,-2542.4
12800.0,14600.0,-2532.3
12900.0,14600.0,-2533.4
13000.0,14600.0,-2533.4
13100.0,14600.0,-2525.7
13200.0,14600.0,-2522.7
13300.0,14600.0,-2517.8
13400.0,14600.0,-2515.2
13500.0,14600.0,-2510.2
13600.0,14600.0,-2507.6
13700.0,14600.0,-2517.0
13800.0,14600.0,-2514.2
13900.0,14600.0,-2506.8
14000.0,14600.0,-2508.5
14100.0,14600.0,-2509.9
14200.0,14600.0,-2508.1
14300.0,14600.0,-2516.0
14400.0,14600.0,-2507.5
14500.0,14600.0,-2520.4
14600.0,14600.0,-2519.5
14700.0,14600.0,-2520.7
14800.0,14600.0,-2519.1
14900.0,14600.0,-2527.9
15000.0,14600.0,-2537.5
15100.0,14600.0,-2532.3
15200.0,14600.0,-2537.3
15300.0,14600.0,-2541.3
15400.0,14600.0,-2543.5
15500.0,14600.0,-2547.0
15600.0,14600.0,-2550.0
15700.0,14600.0,-2553.1
15800.0,14600.0,-2557.3
15900.0,14600.0,-2566.7
16000.0,14600.0,-2559.4
16100.0,14600.0,-2564.6
16200.0,14600.0,-2571.9
16300.0,14600.0,-2572.9
16400.0,14600.0,-2580.4
16500.0,14600.0,-2580.0
16600.0,14600.0,-2578.6
16700.0,14600.0,-2586.7
16800.0,14600.0,-2589.1
16900.0,14600.0,-2590.2
17000.0,14600.0,-2593.2
17100.0,14600.0,-2601.8
17200.0,14600.0,-2599.3
17300.0,14600.0,-2601.5
17400.0,14600.0,-2601.4
17500.0,14600.0,-2605.4
17600.0,14600.0,-2601.6
17700.0,14600.0,-2600.3
17800.0,14600.0,-2605.8
17900.0,14600.0,-2608.7
18000.0,14600.0,-2601.5
18100.0,14600.0,-2603.4
18200.0,14600.0,-2611.0
18300.0,14600.0,-2605.7
18400.0,14600.0,-2606.0
18500.0,14600.0,-2606.4
18600.0,14600.0,-2603.3
18700.0,14600.0,-2601.7
18800.0,14600.0,-2600.2
18900.0,14600.0,-2602.2
19000.0,14600.0,-2605.7
19100.0,14600.0,-2599.8
19200.0,14600.0,-2596.2
19300.0,14600.0,-2595.1
19400.0,14600.0,-2599.4
19500.0,14600.0,-2595.9
19600.0,14600.0,-2597.5
19700.0,14600.0,-2592.0
19800.0,14600.0,-2592.5
19900.0,14600.0,-2594.4
20000.0,14600.0,-2595.4
0.0,14700.0,-2740.1
100.0,14700.0,-2756.2
200.0,14700.0,-2753.6
300.0,14700.0,-2758.4
400.0,14700.0,-2762.7
500.0,14700.0,-2767.7
600.0,14700.0,-2769.8
700.0,14700.0,-2772.8
800.0,14700.0,-2782.7
900.0,14700.0,-2783.9
1000.0,14700.0,-2782.3
1100.0,14700.0,-2780.4
1200.0,14700.0,-2779.8
1300.0,14700.0,-2781.4
1400.0,14700.0,-2786.4
1500.0,14700.0,-2771.6
1600.0,14700.0,-2784.9
1700.0,14700.0,-2777.0
1800.0,14700.0,-2772.3
1900.0,14700.0,-2778.2
2000.0,14700.0,-2774.5
2100.0,14700.0,-2775.5
2200.0,14700.0,-2768.5
2300.0,14700.0,-2767.9
2400.0,14700.0,-2762.3
2500.0,14700.0,-2771.5
2600.0,14700.0,-2763.2
2700.0,14700.0,-2757.3
2800.0,14700.0,-2752.9
2900.0,14700.0,-2746.3
3000.0,14700.0,-2750.7
3100.0,14700.0,-2745.0
3200.0,14700.0,-2735.2
3300.0,14700.0,-2737.3
3400.0,14700.0,-2727.7
3500.0,14700.0,-2721.8
3600.0,14700.0,-2713.8
3700.0,14700.0,-2705.4
3800.0,14700.0,-2701.3
3900.0,14700.0,-2689.6
4000.0,14700.0,-2684.2
4100.0,14700.0,-2689.1
4200.0,14700.0,-2674.2
4300.0,14700.0,-2663.6
4400.0,14700.0,-2659.1
4500.0,14700.0,-2650.4
4600.0,14700.0,-2645.1
4700.0,14700.0,-2632.8
4800.0,14700.0,-2626.4
4900.0,14700.0,-2625.7
5000.0,14700.0,-2612.4
5100.0,14700.0,-2611.6
5200.0,14700.0,-2607.9
5300.0,14700.0,-2600.5
5400.0,14700.0,-2595.2
5500.0,14700.0,-2588.7
5600.0,14700.0,-2579.6
5700.0,14700.0,-2571.4
5800.0,14700.0,-2570.7
5900.0,14700.0,-2564.8
6000.0,14700.0,-2559.0
6100.0,14700.0,-2557.6
6200.0,14700.0,-2549.5
6300.0,14700.0,-2550.0
6400.0,14700.0,-2545.6
6500.0,14700.0,-2542.7
6600.0,14700.0,-2540.4
6700.0,14700.0,-2537.3
6800.0,14700.0,-2533.7
6900.0,14700.0,-2533.2
7000.0,14700.0,-2536.4
7100.0,14700.0,-2532.0
7200.0,14700.0,-2525.8
7300.0,14700.0,-2529.5
7400.0,14700.0,-2530.2
7500.0,14700.0,-2522.4
7600.0,14700.0,-2531.7
7700.0,14700.0,-2532.0
7800.0,14700.0,-2530.3
7900.0,14700.0,-2530.2
8000.0,14700.0,-2534.2
8100.0,14700.0,-2529.1
8200.0,14700.0,-2538.7
8300.0,14700.0,-2537.5
8400.0,14700.0,-2541.3
8500.0,14700.0,-2545.8
8600.0,14700.0,-2549.8
8700.0,14700.0,-2553.2
8800.0,14700.0,-2554.4
8900.0,14700.0,-2560.4
9000.0,14700.0,-2562.6
9100.0,14700.0,-2570.6
9200.0,14700.0,-2571.4
9300.0,14700.0,-2575.5
9400.0,14700.0,-2573.2
9500.0,14700.0,-2583.9
9600.0,14700.0,-2590.3
9700.0,14700.0,-2598.5
9800.0,14700.0,-2601.1
9900.0,14700.0,-2608.3
10000.0,14700.0,-2607.0
10100.0,14700.0,-2606.6
10200.0,14700.0,-2616.5
10300.0,14700.0,-2617.0
10400.0,14700.0,-2621.3
10500.0,14700.0,-2626.0
10600.0,14700.0,-2627.6
10700.0,14700.0,-2624.9
10800.0,14700.0,-2627.2
10900.0,14700.0,-2622.0
11000.0,14700.0,-2622.9
11100.0,14700.0,-2622.7
11200.0,14700.0,-2620.6
11300.0,14700.0,-2615.4
11400.0,14700.0,-2612.2
11500.0,14700.0,-2612.7
11600.0,14700.0,-2608.9
11700.0,14700.0,-2607.3
11800.0,14700.0,-2600.2
11900.0,14700.0,-2593.9
12000.0,14700.0,-2585.2
12100.0,14700.0,-2584.0
12200.0,14700.0,-2579.0
12300.0,14700.0,-2571.8
12400.0,14700.0,-2568.4
12500.0,14700.0,-2560.8
12600.0,14700.0,-2554.3
12700.0,14700.0,-2552.5
12800.0,14700.0,-2548.0
12900.0,14700.0,-2537.0
13000.0,14700.0,-2543.4
13100.0,14700.0,-2533.4
13200.0,14700.0,-2532.3
13300.0,14700.0,-2526.8
13400.0,14700.0,-2516.5
13500.0,14700.0,-2518.2
13600.0,14700.0,-2519.5
13700.0,14700.0,-2519.8
13800.0,14700.0,-2521.8
13900.0,14700.0,-2512.5
14000.0,14700.0,-2523.7
14100.0,14700.0,-2522.8
14200.0,14700.0,-2514.7
14300.0,14700.0,-2523.9
14400.0,14700.0,-2518.3
14500.0,14700.0,-2526.2
14600.0,14700.0,-2520.9
14700.0,14700.0,-2530.9
14800.0,14700.0,-2530.4
14900.0,14700.0,-2534.7
15000.0,14700.0,-2533.9
15100.0,14700.0,-2540.9
15200.0,14700.0,-2542.5
15300.0,14700.0,-2547.8
15400.0,14700.0,-2548.4
15500.0,14700.0,-2546.7
15600.0,14700.0,-2553.5
15700.0,14700.0,-2558.7
15800.0,14700.0,-2568.0
15900.0,14700.0,-2566.6
16000.0,14700.0,-2570.6
16100.0,14700.0,-2568.7
16200.0,14700.0,-2575.6
16300.0,14700.0,-2573.7
16400.0,14700.0,-2579.1
16500.0,14700.0,-2583.0
16600.0,14700.0,-2583.3
16700.0,14700.0,-2588.1
16800.0,14700.0,-2592.4
16900.0,14700.0,-2593.9
17000.0,14700.0,-2596.3
17100.0,14700.0,-2593.8
17200.0,14700.0,-2596.9
17300.0,14700.0,-2602.3
17400.0,14700.0,-2602.4
17500.0,14700.0,-2606.3
17600.0,14700.0,-2602.2
17700.0,14700.0,-2600.7
17800.0,14700.0,-2604.7
17900.0,14700.0,-2609.5
18000.0,14700.0,-2607.2
18100.0,14700.0,-2605.1
18200.0,14700.0,-2612.2
18300.0,14700.0,-2602.6
18400.0,14700.0,-2603.3
18500.0,14700.0,-2601.8
18600.0,14700.0,-2601.7
18700.0,14700.0,-2606.8
18800.0,14700.0,-2605.6
18900.0,14700.0,-2597.8
19000.0,14700.0,-2601.3
19100.0,14700.0,-2600.6
19200.0,14700.0,-2596.7
19300.0,14700.0,-2599.8
19400.0,14700.0,-2595.5
19500.0,14700.0,-2595.6
19600.0,14700.0,-2591.9
19700.0,14700.0,-2601.3
19800.0,14700.0,-2599.3
19900.0,14700.0,-2594.9
20000.0,14700.0,-2592.6
0.0,14800.0,-2745.1
100.0,14800.0,-2747.6
200.0,14800.0,-2751.5
300.0,14800.0,-2757.7
400.0,14800.0,-2761.9
500.0,14800.0,-2770.3
600.0,14800.0,-2770.1
700.0,14800.0,-2777.0
800.0,14800.0,-2774.3
900.0,14800.0,-2776.9
1000.0,14800.0,-2778.7
1100.0,14800.0,-2781.8
1200.0,14800.0,-2784.2
1300.0,14800.0,-2779.3
1400.0,14800.0,-2780.9
1500.0,14800.0,-2784.0
1600.0,14800.0,-2784.0
1700.0,14800.0,-2784.3
1800.0,14800.0,-2781.7
1900.0,14800.0,-2777.9
2000.0,14800.0,-2778.5
2100.0,14800.0,-2774.4
2200.0,14800.0,-2774.7
2300.0,14800.0,-2766.9
2400.0,14800.0,-2770.9
2500.0,14800.0,-2764.6
2600.0,14800.0,-2761.6
2700.0,14800.0,-2763.6
2800.0,14800.0,-2759.5
2900.0,14800.0,-2763.1
3000.0,14800.0,-2748.2
3100.0,14800.0,-2755.9
3200.0,14800.0,-2739.8
3300.0,14800.0,-2737.0
3400.0,14800.0,-2732.8
3500.0,14800.0,-2725.2
3600.0,14800.0,-2721.4
3700.0,14800.0,-2721.0
3800.0,14800.0,-2714.1
3900.0,14800.0,-2701.7
4000.0,14800.0,-2696.0
4100.0,14800.0,-2684.9
4200.0,14800.0,-2692.9
4300.0,14800.0,-2671.3
4400.0,14800.0,-2669.6
4500.0,14800.0,-2663.7
4600.0,14800.0,-2646.3
4700.0,14800.0,-2646.6
4800.0,14800.0,-2641.4
4900.0,14800.0,-2638.7
5000.0,14800.0,-2616.7
5100.0,14800.0,-2619.4
5200.0,14800.0,-2608.9
5300.0,14800.0,-2605.9
5400.0,14800.0,-2599.2
5500.0,14800.0,-2594.6
5600.0,14800.0,-2585.5
5700.0,14800.0,-2577.8
5800.0,14800.0,-2575.9
5900.0,14800.0,-2573.1
6000.0,14800.0,-2564.5
6100.0,14800.0,-2568.5
6200.0,14800.0,-2559.8
6300.0,14800.0,-2556.5
6400.0,14800.0,-2552.3
6500.0,14800.0,-2545.8
6600.0,14800.0,-2545.4
6700.0,14800.0,-2544.9
6800.0,14800.0,-2539.6
6900.0,14800.0,-2540.4
7000.0,14800.0,-2534.6
7100.0,14800.0,-2536.9
7200.0,14800.0,-2535.5
7300.0,14800.0,-2538.8
7400.0,14800.0,-2537.0
7500.0,14800.0,-2531.3
7600.0,14800.0,-2530.6
7700.0,14800.0,-2535.1
7800.0,14800.0,-2540.8
7900.0,14800.0,-2531.0
8000.0,14800.0,-2539.6
8100.0,14800.0,-2538.6
8200.0,14800.0,-2543.7
8300.0,14800.0,-2533.2
8400.0,14800.0,-2544.6
8500.0,14800.0,-2548.0
8600.0,14800.0,-2548.7
8700.0,14800.0,-2551.8
8800.0,14800.0,-2553.3
8900.0,14800.0,-2561.5
9000.0,14800.0,-2560.7
9100.0,14800.0,-2568.2
9200.0,14800.0,-2573.3
9300.0,14800.0,-2578.9
9400.0,14800.0,-2580.9
9500.0,14800.0,-2589.6
9600.0,14800.0,-2587.6
9700.0,14800.0,-2594.0
9800.0,14800.0,-2601.7
9900.0,14800.0,-2603.4
10000.0,14800.0,-2608.3
10100.0,14800.0,-2617.5
10200.0,14800.0,-2619.5
10300.0,14800.0,-2614.7
10400.0,14800.0,-2623.2
10500.0,14800.0,-2620.7
10600.0,14800.0,-2625.4
10700.0,14800.0,-2624.6
10800.0,14800.0,-2628.8
10900.0,14800.0,-2630.1
11000.0,14800.0,-2636.1
11100.0,14800.0,-2625.2
11200.0,14800.0,-2622.0
11300.0,14800.0,-2625.7
11400.0,14800.0,-2625.2
11500.0,14800.0,-2616.6
11600.0,14800.0,-2613.7
11700.0,14800.0,-2609.8
11800.0,14800.0,-2601.8
11900.0,14800.0,-2599.6
12000.0,14800.0,-2599.5
12100.0,14800.0,-2597.1
12200.0,14800.0,-2586.2
12300.0,14800.0,-2580.8
12400.0,14800.0,-2576.9
12500.0,14800.0,-2571.6
12600.0,14800.0,-2560.6
12700.0,14800.0,-2555.4
12800.0,14800.0,-2554.1
12900.0,14800.0,-2550.3
13000.0,14800.0,-2545.0
13100.0,14800.0,-2538.1
13200.0,14800.0,-2539.0
13300.0,14800.0,-2538.7
13400.0,14800.0,-2533.5
13500.0,14800.0,-2528.6
13600.0,14800.0,-2523.8
13700.0,14800.0,-2521.6
13800.0,14800.0,-2534.1
13900.0,14800.0,-2523.5
14000.0,14800.0,-2523.2
14100.0,14800.0,-2525.3
14200.0,14800.0,-2522.1
14300.0,14800.0,-2525.9
14400.0,14800.0,-2530.8
14500.0,14800.0,-2525.2
14600.0,14800.0,-2531.7
14700.0,14800.0,-2529.2
14800.0,14800.0,-2535.1
14900.0,14800.0,-2538.0
15000.0,14800.0,-2541.1
15100.0,14800.0,-2546.1
15200.0,14800.0,-2549.0
15300.0,14800.0,-2555.8
15400.0,14800.0,-2556.3
15500.0,14800.0,-2558.8
15600.0,14800.0,-2561.6
15700.0,14800.0,-2563.1
15800.0,14800.0,-2565.8
15900.0,14800.0,-2571.0
16000.0,14800.0,-2569.8
16100.0,14800.0,-2580.5
16200.0,14800.0,-2576.1
16300.0,14800.0,-2581.9
16400.0,14800.0,-2579.4
16500.0,14800.0,-2585.4
16600.0,14800.0,-2584.5
16700.0,14800.0,-2589.4
16800.0,14800.0,-2589.1
16900.0,14800.0,-2594.0
17000.0,14800.0,-2601.1
17100.0,14800.0,-2594.8
17200.0,14800.0,-2598.2
17300.0,14800.0,-2601.5
17400.0,14800.0,-2602.5
17500.0,14800.0,-2601.2
17600.0,14800.0,-2600.6
17700.0,14800.0,-2609.4
17800.0,14800.0,-2604.9
17900.0,14800.0,-2607.5
18000.0,14800.0,-2607.8
18100.0,14800.0,-2604.9
18200.0,14800.0,-2607.1
18300.0,14800.0,-2612.0
18400.0,14800.0,-2602.7
18500.0,14800.0,-2605.8
18600.0,14800.0,-2601.7
18700.0,14800.0,-2604.8
18800.0,14800.0,-2597.9
18900.0,14800.0,-2605.8
19000.0,14800.0,-2600.4
19100.0,14800.0,-2608.9
19200.0,14800.0,-2600.8
19300.0,14800.0,-2604.9
19400.0,14800.0,-2604.1
19500.0,14800.0,-2600.1
19600.0,14800.0,-2597.5
19700.0,14800.0,-2591.8
19800.0,14800.0,-2602.8
19900.0,14800.0,-2599.0
20000.0,14800.0,-2598.4
0.0,14900.0,-2750.2
100.0,14900.0,-2757.3
200.0,14900.0,-2759.9
300.0,14900.0,-2758.0
400.0,14900.0,-2766.4
500.0,14900.0,-2767.4
600.0,14900.0,-2773.1
700.0,14900.0,-2775.5
800.0,14900.0,-2776.9
900.0,14900.0,-2766.6
1000.0,14900.0,-2782.2
1100.0,14900.0,-2775.3
1200.0,14900.0,-2775.2
1300.0,14900.0,-2785.7
1400.0,14900.0,-2786.7
1500.0,14900.0,-2780.3
1600.0,14900.0,-2782.7
1700.0,14900.0,-2788.8
1800.0,14900.0,-2784.4
1900.0,14900.0,-2788.6
2000.0,14900.0,-2783.9
2100.0,14900.0,-2784.0
2200.0,14900.0,-2777.9
2300.0,14900.0,-2778.9
2400.0,14900.0,-2776.0
2500.0,14900.0,-2770.6
2600.0,14900.0,-2777.3
2700.0,14900.0,-2773.8
2800.0,14900.0,-2766.9
2900.0,14900.0,-2757.4
3000.0,14900.0,-2757.4
3100.0,14900.0,-2755.9
3200.0,14900.0,-2743.3
3300.0,14900.0,-2744.3
3400.0,14900.0,-2744.5
3500.0,14900.0,-2732.3
3600.0,14900.0,-2731.7
3700.0,14900.0,-2723.4
3800.0,14900.0,-2718.9
3900.0,14900.0,-2704.9
4000.0,14900.0,-2707.1
4100.0,14900.0,-2698.3
4200.0,14900.0,-2696.5
4300.0,14900.0,-2682.4
4400.0,14900.0,-2678.7
4500.0,14900.0,-2674.6
4600.0,14900.0,-2661.9
4700.0,14900.0,-2655.2
4800.0,14900.0,-2646.2
4900.0,14900.0,-2639.3
5000.0,14900.0,-2636.3
5100.0,14900.0,-2629.6
5200.0,14900.0,-2619.6
5300.0,14900.0,-2612.9
5400.0,14900.0,-2608.1
5500.0,14900.0,-2598.1
5600.0,14900.0,-2598.2
5700.0,14900.0,-2587.6
5800.0,14900.0,-2583.0
5900.0,14900.0,-2578.4
6000.0,14900.0,-2574.1
6100.0,14900.0,-2574.0
6200.0,14900.0,-2560.8
6300.0,14900.0,-2555.3
6400.0,14900.0,-2557.8
6500.0,14900.0,-2552.2
6600.0,14900.0,-2554.6
6700.0,14900.0,-2550.9
6800.0,14900.0,-2550.0
6900.0,14900.0,-2541.5
7000.0,14900.0,-2542.3
7100.0,14900.0,-2536.6
7200.0,14900.0,-2538.7
7300.0,14900.0,-2529.9
7400.0,14900.0,-2539.5
7500.0,14900.0,-2539.1
7600.0,14900.0,-2540.7
7700.0,14900.0,-2533.8
7800.0,14900.0,-2539.3
7900.0,14900.0,-2533.2
8000.0,14900.0,-2530.0
8100.0,14900.0,-2537.1
8200.0,14900.0,-2538.7
8300.0,14900.0,-2541.3
8400.0,14900.0,-2541.7
8500.0,14900.0,-2543.8
8600.0,14900.0,-2548.9
8700.0,14900.0,-2551.7
8800.0,14900.0,-2552.2
8900.0,14900.0,-2559.5
9000.0,14900.0,-2557.9
9100.0,14900.0,-2568.6
9200.0,14900.0,-2570.1
9300.0,14900.0,-2570.0
9400.0,14900.0,-2577.8
9500.0,14900.0,-2582.8
9600.0,14900.0,-2591.8
9700.0,14900.0,-2596.7
9800.0,14900.0,-2601.5
9900.0,14900.0,-2601.6
10000.0,14900.0,-2610.7
10100.0,14900.0,-2614.1
10200.0,14900.0,-2613.5
10300.0,14900.0,-2620.2
10400.0,14900.0,-2629.1
10500.0,14900.0,-2626.2
10600.0,14900.0,-2630.9
10700.0,14900.0,-2628.5
10800.0,14900.0,-2628.9
10900.0,14900.0,-2632.6
11000.0,14900.0,-2626.9
11100.0,14900.0,-2638.2
11200.0,14900.0,-2629.6
11300.0,14900.0,-2632.2
11400.0,14900.0,-2623.1
11500.0,14900.0,-2626.3
11600.0,14900.0,-2626.8
11700.0,14900.0,-2616.6
11800.0,14900.0,-2618.4
11900.0,14900.0,-2612.8
12000.0,14900.0,-2605.0
12100.0,14900.0,-2606.1
12200.0,14900.0,-2592.8
12300.0,14900.0,-2587.0
12400.0,14900.0,-2583.5
12500.0,14900.0,-2579.5
12600.0,14900.0,-2575.9
12700.0,14900.0,-2569.2
12800.0,14900.0,-2559.6
12900.0,14900.0,-2550.6
13000.0,14900.0,-2553.1
13100.0,14900.0,-2549.7
13200.0,14900.0,-2548.4
13300.0,14900.0,-2539.8
13400.0,14900.0,-2539.5
13500.0,14900.0,-2539.7
13600.0,14900.0,-2534.4
13700.0,14900.0,-2531.7
13800.0,14900.0,-2533.7
13900.0,14900.0,-2527.9
14000.0,14900.0,-2528.8
14100.0,14900.0,-2531.6
14200.0,14900.0,-2533.6
14300.0,14900.0,-2528.2
14400.0,14900.0,-2532.3
14500.0,14900.0,-2536.3
14600.0,14900.0,-2542.6
14700.0,14900.0,-2535.7
14800.0,14900.0,-2542.6
14900.0,14900.0,-2545.3
15000.0,14900.0,-2547.6
15100.0,14900.0,-2546.8
15200.0,14900.0,-2547.6
15300.0,14900.0,-2550.5
15400.0,14900.0,-2557.5
15500.0,14900.0,-2559.0
15600.0,14900.0,-2571.6
15700.0,14900.0,-2569.8
15800.0,14900.0,-2573.0
15900.0,14900.0,-2577.0
16000.0,14900.0,-2574.7
16100.0,14900.0,-2579.4
16200.0,14900.0,-2581.5
16300.0,14900.0,-2585.4
16400.0,14900.0,-2586.5
16500.0,14900.0,-2588.2
16600.0,14900.0,-2589.1
16700.0,14900.0,-2592.4
16800.0,14900.0,-2597.3
16900.0,14900.0,-2596.3
17000.0,14900.0,-2597.7
17100.0,14900.0,-2594.1
17200.0,14900.0,-2603.4
17300.0,14900.0,-2604.6
17400.0,14900.0,-2609.4
17500.0,14900.0,-2610.7
17600.0,14900.0,-2605.4
17700.0,14900.0,-2601.0
17800.0,14900.0,-2605.1
17900.0,14900.0,-2600.8
18000.0,14900.0,-2605.3
18100.0,14900.0,-2608.7
18200.0,14900.0,-2600.2
18300.0,14900.0,-2600.1
18400.0,14900.0,-2603.8
18500.0,14900.0,-2609.3
18600.0,14900.0,-2606.5
18700.0,14900.0,-2605.9
18800.0,14900.0,-2603.3
18900.0,14900.0,-2601.4
19000.0,14900.0,-2598.6
19100.0,14900.0,-2601.0
19200.0,14900.0,-2602.8
19300.0,14900.0,-2601.1
19400.0,14900.0,-2599.6
19500.0,14900.0,-2601.9
19600.0,14900.0,-2595.8
19700.0,14900.0,-2597.5
19800.0,14900.0,-2598.4
19900.0,14900.0,-2601.4
20000.0,14900.0,-2599.4
0.0,15000.0,-2745.7
100.0,15000.0,-2743.4
200.0,15000.0,-2751.7
300.0,15000.0,-2764.9
400.0,15000.0,-2761.0
500.0,15000.0,-2768.1
600.0,15000.0,-2766.3
700.0,15000.0,-2769.8
800.0,15000.0,-2777.5
900.0,15000.0,-2779.3
1000.0,15000.0,-2777.0
1100.0,15000.0,-2777.2
1200.0,15000.0,-2784.0
1300.0,15000.0,-2779.7
1400.0,15000.0,-2788.8
1500.0,15000.0,-2785.8
1600.0,15000.0,-2786.6
1700.0,15000.0,-2786.9
1800.0,15000.0,-2784.7
1900.0,15000.0,-2787.1
2000.0,15000.0,-2783.4
2100.0,15000.0,-2780.3
2200.0,15000.0,-2788.6
2300.0,15000.0,-2779.9
2400.0,15000.0,-2781.6
2500.0,15000.0,-2776.2
2600.0,15000.0,-2775.6
2700.0,15000.0,-2777.8
2800.0,15000.0,-2770.7
2900.0,15000.0,-2765.4
3000.0,15000.0,-2762.4
3100.0,15000.0,-2763.0
3200.0,15000.0,-2758.1
3300.0,15000.0,-2758.0
3400.0,15000.0,-2748.3
3500.0,15000.0,-2737.5
3600.0,15000.0,-2739.4
3700.0,15000.0,-2732.8
3800.0,15000.0,-2723.9
3900.0,15000.0,-2721.8
4000.0,15000.0,-2712.6
4100.0,15000.0,-2705.0
4200.0,15000.0,-2700.8
4300.0,15000.0,-2689.6
4400.0,15000.0,-2686.2
4500.0,15000.0,-2672.6
4600.0,15000.0,-2670.2
4700.0,15000.0,-2659.0
4800.0,15000.0,-2654.7
4900.0,15000.0,-2644.4
5000.0,15000.0,-2638.9
5100.0,15000.0,-2628.7
5200.0,15000.0,-2630.7
5300.0,15000.0,-2617.5
5400.0,15000.0,-2617.5
5500.0,15000.0,-2607.7
5600.0,15000.0,-2601.1
5700.0,15000.0,-2593.7
5800.0,15000.0,-2581.5
5900.0,15000.0,-2588.2
6000.0,15000.0,-2579.4
6100.0,15000.0,-2572.1
6200.0,15000.0,-2570.1
6300.0,15000.0,-2563.5
6400.0,15000.0,-2558.3
6500.0,15000.0,-2560.4
6600.0,15000.0,-2559.5
6700.0,15000.0,-2551.8
6800.0,15000.0,-2547.8
6900.0,15000.0,-2548.5
7000.0,15000.0,-2547.6
7100.0,15000.0,-2540.2
7200.0,15000.0,-2544.6
7300.0,15000.0,-2548.0
7400.0,15000.0,-2541.4
7500.0,15000.0,-2540.3
7600.0,15000.0,-2540.6
7700.0,15000.0,-2547.0
7800.0,15000.0,-2541.1
7900.0,15000.0,-2534.8
8000.0,15000.0,-2542.0
8100.0,15000.0,-2541.3
8200.0,15000.0,-2541.0
8300.0,15000.0,-2543.9
8400.0,15000.0,-2545.2
8500.0,15000.0,-2546.6
8600.0,15000.0,-2549.7
8700.0,15000.0,-2551.4
8800.0,15000.0,-2551.4
8900.0,15000.0,-2556.6
9000.0,15000.0,-2560.7
9100.0,15000.0,-2561.5
9200.0,15000.0,-2567.3
9300.0,15000.0,-2571.7
9400.0,15000.0,-2580.1
9500.0,15000.0,-2578.6
9600.0,15000.0,-2585.6
9700.0,15000.0,-2597.8
9800.0,15000.0,-2597.7
9900.0,15000.0,-2606.1
10000.0,15000.0,-2607.8
10100.0,15000.0,-2609.8
10200.0,15000.0,-2617.8
10300.0,15000.0,-2620.7
10400.0,15000.0,-2625.6
10500.0,15000.0,-2627.1
10600.0,15000.0,-2628.2
10700.0,15000.0,-2629.1
10800.0,15000.0,-2633.1
10900.0,15000.0,-2638.7
11000.0,15000.0,-2641.4
11100.0,15000.0,-2637.8
11200.0,15000.0,-2637.1
11300.0,15000.0,-2635.9
11400.0,15000.0,-2631.8
11500.0,15000.0,-2626.4
11600.0,15000.0,-2630.6
11700.0,15000.0,-2625.0
11800.0,15000.0,-2620.4
11900.0,15000.0,-2612.9
12000.0,15000.0,-2612.9
12100.0,15000.0,-2607.7
12200.0,15000.0,-2602.2
12300.0,15000.0,-2597.3
12400.0,15000.0,-2591.8
12500.0,15000.0,-2583.4
12600.0,15000.0,-2582.1
12700.0,15000.0,-2577.8
12800.0,15000.0,-2568.7
12900.0,15000.0,-2566.2
13000.0,15000.0,-2564.8
13100.0,15000.0,-2554.6
13200.0,15000.0,-2551.0
13300.0,15000.0,-2551.0
13400.0,15000.0,-2548.7
13500.0,15000.0,-2542.1
13600.0,15000.0,-2543.7
13700.0,15000.0,-2541.1
13800.0,15000.0,-2547.3
13900.0,15000.0,-2533.6
14000.0,15000.0,-2544.0
14100.0,15000.0,-2540.7
14200.0,15000.0,-2539.0
14300.0,15000.0,-2539.8
14400.0,15000.0,-2543.9
14500.0,15000.0,-2542.6
14600.0,15000.0,-2539.0
14700.0,15000.0,-2542.2
14800.0,15000.0,-2551.8
14900.0,15000.0,-2548.9
15000.0,15000.0,-2553.7
15100.0,15000.0,-2552.4
15200.0,15000.0,-2561.2
15300.0,15000.0,-2560.2
15400.0,15000.0,-2561.8
15500.0,15000.0,-2561.2
15600.0,15000.0,-2568.1
15700.0,15000.0,-2573.8
15800.0,15000.0,-2568.7
15900.0,15000.0,-2575.5
16000.0,15000.0,-2577.8
16100.0,15000.0,-2582.7
16200.0,15000.0,-2582.9
16300.0,15000.0,-2589.5
16400.0,15000.0,-2580.7
16500.0,15000.0,-2588.6
16600.0,15000.0,-2594.7
16700.0,15000.0,-2591.5
16800.0,15000.0,-2594.9
16900.0,15000.0,-2597.8
17000.0,15000.0,-2600.0
17100.0,15000.0,-2599.3
17200.0,15000.0,-2597.4
17300.0,15000.0,-2604.5
17400.0,15000.0,-2610.5
17500.0,15000.0,-2612.1
17600.0,15000.0,-2604.0
17700.0,15000.0,-2608.4
17800.0,15000.0,-2605.6
17900.0,15000.0,-2611.1
18000.0,15000.0,-2605.1
18100.0,15000.0,-2605.2
18200.0,15000.0,-2608.0
18300.0,15000.0,-2612.3
18400.0,15000.0,-2612.4
18500.0,15000.0,-2606.4
18600.0,15000.0,-2609.6
18700.0,15000.0,-2610.4
18800.0,15000.0,-2602.7
18900.0,15000.0,-2607.7
19000.0,15000.0,-2614.6
19100.0,15000.0,-2601.4
19200.0,15000.0,-2600.7
19300.0,15000.0,-2604.6
19400.0,15000.0,-2603.0
19500.0,15000.0,-2600.7
19600.0,15000.0,-2605.5
19700.0,15000.0,-2602.9
19800.0,15000.0,-2599.5
19900.0,15000.0,-2599.4
20000.0,15000.0,-2602.0
0.0,15100.0,-2741.4
100.0,15100.0,-2748.2
200.0,15100.0,-2751.0
300.0,15100.0,-2759.0
400.0,15100.0,-2757.2
500.0,15100.0,-2764.2
600.0,15100.0,-2766.3
700.0,15100.0,-2777.1
800.0,15100.0,-2768.0
900.0,15100.0,-2775.1
1000.0,15100.0,-2777.1
1100.0,15100.0,-2784.8
1200.0,15100.0,-2781.2
1300.0,15100.0,-2781.2
1400.0,15100.0,-2787.3
1500.0,15100.0,-2789.4
1600.0,15100.0,-2790.2
1700.0,15100.0,-2785.0
1800.0,15100.0,-2788.0
1900.0,15100.0,-2790.4
2000.0,15100.0,-2788.6
2100.0,15100.0,-2784.4
2200.0,15100.0,-2790.3
2300.0,15100.0,-2784.2
2400.0,15100.0,-2785.1
2500.0,15100.0,-2778.6
2600.0,15100.0,-2780.6
2700.0,15100.0,-2774.5
2800.0,15100.0,-2775.3
2900.0,15100.0,-2777.3
3000.0,15100.0,-2770.9
3100.0,15100.0,-2766.9
3200.0,15100.0,-2761.6
3300.0,15100.0,-2754.1
3400.0,15100.0,-2754.7
3500.0,15100.0,-2749.6
3600.0,15100.0,-2747.0
3700.0,15100.0,-2735.9
3800.0,15100.0,-2730.7
3900.0,15100.0,-2729.8
4000.0,15100.0,-2719.4
4100.0,15100.0,-2716.4
4200.0,15100.0,-2703.1
4300.0,15100.0,-2701.6
4400.0,15100.0,-2688.8
4500.0,15100.0,-2691.3
4600.0,15100.0,-2675.7
4700.0,15100.0,-2672.6
4800.0,15100.0,-2661.3
4900.0,15100.0,-2653.0
5000.0,15100.0,-2649.4
5100.0,15100.0,-2639.5
5200.0,15100.0,-2630.2
5300.0,15100.0,-2627.9
5400.0,15100.0,-2621.0
5500.0,15100.0,-2609.6
5600.0,15100.0,-2605.2
5700.0,15100.0,-2602.5
5800.0,15100.0,-2597.9
5900.0,15100.0,-2590.3
6000.0,15100.0,-2585.7
6100.0,15100.0,-2580.4
6200.0,15100.0,-2576.2
6300.0,15100.0,-2569.5
6400.0,15100.0,-2569.5
6500.0,15100.0,-2561.2
6600.0,15100.0,-2557.7
6700.0,15100.0,-2556.6
6800.0,15100.0,-2556.5
6900.0,15100.0,-2553.0
7000.0,15100.0,-2544.9
7100.0,15100.0,-2546.5
7200.0,15100.0,-2547.6
7300.0,15100.0,-2547.3
7400.0,15100.0,-2547.6
7500.0,15100.0,-2536.7
7600.0,15100.0,-2540.7
7700.0,15100.0,-2539.7
7800.0,15100.0,-2542.5
7900.0,15100.0,-2542.0
8000.0,15100.0,-2542.6
8100.0,15100.0,-2542.1
8200.0,15100.0,-2540.7
8300.0,15100.0,-2538.1
8400.0,15100.0,-2548.9
8500.0,15100.0,-2545.7
8600.0,15100.0,-2546.2
8700.0,15100.0,-2553.6
8800.0,15100.0,-2550.6
8900.0,15100.0,-2556.0
9000.0,15100.0,-2558.4
9100.0,15100.0,-2562.9
9200.0,15100.0,-2567.0
9300.0,15100.0,-2571.4
9400.0,15100.0,-2579.1
9500.0,15100.0,-2582.4
9600.0,15100.0,-2589.9
9700.0,15100.0,-2591.1
9800.0,15100.0,-2596.0
9900.0,15100.0,-2600.1
10000.0,15100.0,-2614.1
10100.0,15100.0,-2610.7
10200.0,15100.0,-2617.8
10300.0,15100.0,-2621.1
10400.0,15100.0,-2628.0
10500.0,15100.0,-2628.9
10600.0,15100.0,-2631.7
10700.0,15100.0,-2634.5
10800.0,15100.0,-2633.5
10900.0,15100.0,-2639.5
11000.0,15100.0,-2644.3
11100.0,15100.0,-2643.2
11200.0,15100.0,-2643.4
11300.0,15100.0,-2637.2
11400.0,15100.0,-2638.1
11500.0,15100.0,-2634.5
11600.0,15100.0,-2633.8
11700.0,15100.0,-2628.5
11800.0,15100.0,-2630.7
11900.0,15100.0,-2626.1
12000.0,15100.0,-2618.5
12100.0,15100.0,-2612.7
12200.0,15100.0,-2607.1
12300.0,15100.0,-2608.4
12400.0,15100.0,-2602.3
12500.0,15100.0,-2593.0
12600.0,15100.0,-2593.7
12700.0,15100.0,-2585.3
12800.0,15100.0,-2578.2
12900.0,15100.0,-2577.0
13000.0,15100.0,-2572.0
13100.0,15100.0,-2565.8
13200.0,15100.0,-2559.9
13300.0,15100.0,-2563.4
13400.0,15100.0,-2558.2
13500.0,15100.0,-2551.6
13600.0,15100.0,-2556.2
13700.0,15100.0,-2554.9
13800.0,15100.0,-2546.5
13900.0,15100.0,-2542.7
14000.0,15100.0,-2543.0
14100.0,15100.0,-2550.1
14200.0,15100.0,-2545.8
14300.0,15100.0,-2550.7
14400.0,15100.0,-2549.6
14500.0,15100.0,-2547.4
14600.0,15100.0,-2552.3
14700.0,15100.0,-2546.4
14800.0,15100.0,-2553.0
14900.0,15100.0,-2550.8
15000.0,15100.0,-2558.3
15100.0,15100.0,-2564.8
15200.0,15100.0,-2561.0
15300.0,15100.0,-2563.2
15400.0,15100.0,-2568.5
15500.0,15100.0,-2568.0
15600.0,15100.0,-2573.9
15700.0,15100.0,-2580.7
15800.0,15100.0,-2576.0
15900.0,15100.0,-2578.4
16000.0,15100.0,-2580.1
16100.0,15100.0,-2591.1
16200.0,15100.0,-2586.3
16300.0,15100.0,-2590.0
16400.0,15100.0,-2595.5
16500.0,15100.0,-2589.9
16600.0,15100.0,-2589.1
16700.0,15100.0,-2592.4
16800.0,15100.0,-2597.0
16900.0,15100.0,-2602.9
17000.0,15100.0,-2600.2
17100.0,15100.0,-2599.6
17200.0,15100.0,-2603.0
17300.0,15100.0,-2606.4
17400.0,15100.0,-2599.8
17500.0,15100.0,-2603.8
17600.0,15100.0,-2607.8
17700.0,15100.0,-2606.4
17800.0,15100.0,-2601.4
17900.0,15100.0,-2605.7
18000.0,15100.0,-2608.0
18100.0,15100.0,-2609.6
18200.0,15100.0,-2615.0
18300.0,15100.0,-2607.1
18400.0,15100.0,-2609.3
18500.0,15100.0,-2607.5
18600.0,15100.0,-2609.0
18700.0,15100.0,-2607.6
18800.0,15100.0,-2606.0
18900.0,15100.0,-2602.0
19000.0,15100.0,-2603.6
19100.0,15100.0,-2601.7
19200.0,15100.0,-2606.8
19300.0,15100.0,-2603.6
19400.0,15100.0,-2606.7
19500.0,15100.0,-2604.7
19600.0,15100.0,-2603.6
19700.0,15100.0,-2604.6
19800.0,15100.0,-2604.6
19900.0,15100.0,-2602.7
20000.0,15100.0,-2604.4
0.0,15200.0,-2739.5
100.0,15200.0,-2746.2
200.0,15200.0,-2753.0
300.0,15200.0,-2757.6
400.0,15200.0,-2758.0
500.0,15200.0,-2761.2
600.0,15200.0,-2769.4
700.0,15200.0,-2764.8
800.0,15200.0,-2776.7
900.0,15200.0,-2778.2
1000.0,15200.0,-2783.0
1100.0,15200.0,-2780.1
1200.0,15200.0,-2778.0
1300.0,15200.0,-2778.0
1400.0,15200.0,-2784.7
1500.0,15200.0,-2792.5
1600.0,15200.0,-2789.8
1700.0,15200.0,-2788.3
1800.0,15200.0,-2785.1
1900.0,15200.0,-2788.3
2000.0,15200.0,-2788.9
2100.0,15200.0,-2790.5
2200.0,15200.0,-2789.4
2300.0,15200.0,-2790.7
2400.0,15200.0,-2788.3
2500.0,15200.0,-2784.8
2600.0,15200.0,-2787.2
2700.0,15200.0,-2788.4
2800.0,15200.0,-2782.4
2900.0,15200.0,-2779.9
3000.0,15200.0,-2780.6
3100.0,15200.0,-2778.5
3200.0,15200.0,-2771.5
3300.0,15200.0,-2767.5
3400.0,15200.0,-2761.7
3500.0,15200.0,-2754.5
3600.0,15200.0,-2749.7
3700.0,15200.0,-2747.6
3800.0,15200.0,-2735.3
3900.0,15200.0,-2732.5
4000.0,15200.0,-2729.3
4100.0,15200.0,-2719.5
4200.0,15200.0,-2713.8
4300.0,15200.0,-2705.1
4400.0,15200.0,-2700.5
4500.0,15200.0,-2687.6
4600.0,15200.0,-2687.1
4700.0,15200.0,-2674.9
4800.0,15200.0,-2673.2
4900.0,15200.0,-2661.1
5000.0,15200.0,-2654.7
5100.0,15200.0,-2647.8
5200.0,15200.0,-2643.4
5300.0,15200.0,-2628.1
5400.0,15200.0,-2628.1
5500.0,15200.0,-2614.3
5600.0,15200.0,-2615.1
5700.0,15200.0,-2603.1
5800.0,15200.0,-2604.7
5900.0,15200.0,-2595.0
6000.0,15200.0,-2596.3
6100.0,15200.0,-2586.3
6200.0,15200.0,-2581.6
6300.0,15200.0,-2577.6
6400.0,15200.0,-2576.4
6500.0,15200.0,-2569.5
6600.0,15200.0,-2563.1
6700.0,15200.0,-2560.8
6800.0,15200.0,-2556.1
6900.0,15200.0,-2556.4
7000.0,15200.0,-2555.0
7100.0,15200.0,-2557.8
7200.0,15200.0,-2550.9
7300.0,15200.0,-2549.5
7400.0,15200.0,-2552.7
7500.0,15200.0,-2547.1
7600.0,15200.0,-2546.0
7700.0,15200.0,-2542.4
7800.0,15200.0,-2546.0
7900.0,15200.0,-2539.6
8000.0,15200.0,-2540.5
8100.0,15200.0,-2538.8
8200.0,15200.0,-2541.2
8300.0,15200.0,-2550.8
8400.0,15200.0,-2549.4
8500.0,15200.0,-2543.2
8600.0,15200.0,-2549.0
8700.0,15200.0,-2550.6
8800.0,15200.0,-2550.3
8900.0,15200.0,-2559.4
9000.0,15200.0,-2558.7
9100.0,15200.0,-2557.7
9200.0,15200.0,-2564.2
9300.0,15200.0,-2572.3
9400.0,15200.0,-2582.3
9500.0,15200.0,-2578.2
9600.0,15200.0,-2584.6
9700.0,15200.0,-2587.4
9800.0,15200.0,-2594.2
9900.0,15200.0,-2601.0
10000.0,15200.0,-2604.5
10100.0,15200.0,-2607.2
10200.0,15200.0,-2616.7
10300.0,15200.0,-2620.1
10400.0,15200.0,-2626.3
10500.0,15200.0,-2630.2
10600.0,15200.0,-2634.0
10700.0,15200.0,-2635.1
10800.0,15200.0,-2640.1
10900.0,15200.0,-2644.6
11000.0,15200.0,-2641.4
11100.0,15200.0,-2652.4
11200.0,15200.0,-2641.9
11300.0,15200.0,-2642.1
11400.0,15200.0,-2648.1
11500.0,15200.0,-2646.0
11600.0,15200.0,-2637.0
11700.0,15200.0,-2638.5
11800.0,15200.0,-2638.5
11900.0,15200.0,-2626.4
12000.0,15200.0,-2628.9
12100.0,15200.0,-2628.3
12200.0,15200.0,-2622.0
12300.0,15200.0,-2615.5
12400.0,15200.0,-2610.7
12500.0,15200.0,-2608.3
12600.0,15200.0,-2598.6
12700.0,15200.0,-2599.5
12800.0,15200.0,-2585.2
12900.0,15200.0,-2580.7
13000.0,15200.0,-2580.8
13100.0,15200.0,-2577.4
13200.0,15200.0,-2569.9
13300.0,15200.0,-2567.5
13400.0,15200.0,-2559.6
13500.0,15200.0,-2563.5
13600.0,15200.0,-2563.2
13700.0,15200.0,-2559.2
13800.0,15200.0,-2555.7
13900.0,15200.0,-2554.3
14000.0,15200.0,-2552.0
14100.0,15200.0,-2556.7
14200.0,15200.0,-2549.2
14300.0,15200.0,-2555.1
14400.0,15200.0,-2555.8
14500.0,15200.0,-2555.5
14600.0,15200.0,-2556.8
14700.0,15200.0,-2553.8
14800.0,15200.0,-2561.5
14900.0,15200.0,-2561.6
15000.0,15200.0,-2564.5
15100.0,15200.0,-2566.8
15200.0,15200.0,-2569.2
15300.0,15200.0,-2569.8
15400.0,15200.0,-2574.2
15500.0,15200.0,-2574.6
15600.0,15200.0,-2572.5
15700.0,15200.0,-2581.3
15800.0,15200.0,-2581.9
15900.0,15200.0,-2584.8
16000.0,15200.0,-2587.8
16100.0,15200.0,-2585.4
16200.0,15200.0,-2589.0
16300.0,15200.0,-2592.0
16400.0,15200.0,-2593.4
16500.0,15200.0,-2592.3
16600.0,15200.0,-2595.1
16700.0,15200.0,-2601.0
16800.0,15200.0,-2597.6
16900.0,15200.0,-2593.1
17000.0,15200.0,-2601.2
17100.0,15200.0,-2601.2
17200.0,15200.0,-2594.6
17300.0,15200.0,-2603.7
17400.0,15200.0,-2605.9
17500.0,15200.0,-2602.6
17600.0,15200.0,-2605.9
17700.0,15200.0,-2608.2
17800.0,15200.0,-2607.8
17900.0,15200.0,-2600.7
18000.0,15200.0,-2603.4
18100.0,15200.0,-2612.8
18200.0,15200.0,-2608.6
18300.0,15200.0,-2609.9
18400.0,15200.0,-2612.5
18500.0,15200.0,-2609.9
18600.0,15200.0,-2614.3
18700.0,15200.0,-2602.6
18800.0,15200.0,-2606.3
18900.0,15200.0,-2607.3
19000.0,15200.0,-2608.7
19100.0,15200.0,-2608.5
19200.0,15200.0,-2609.4
19300.0,15200.0,-2604.8
19400.0,15200.0,-2610.4
19500.0,15200.0,-2607.7
19600.0,15200.0,-2605.2
19700.0,15200.0,-2603.1
19800.0,15200.0,-2609.2
19900.0,15200.0,-2605.3
20000.0,15200.0,-2605.3
0.0,15300.0,-2737.2
100.0,15300.0,-2746.7
200.0,15300.0,-2751.1
300.0,15300.0,-2753.1
400.0,15300.0,-2758.1
500.0,15300.0,-2761.9
600.0,15300.0,-2768.6
700.0,15300.0,-2773.4
800.0,15300.0,-2774.4
900.0,15300.0,-2778.7
1000.0,15300.0,-2781.1
1100.0,15300.0,-2775.3
1200.0,15300.0,-2788.7
1300.0,15300.0,-2787.8
1400.0,15300.0,-2784.3
1500.0,15300.0,-2791.5
1600.0,15300.0,-2790.4
1700.0,15300.0,-2786.1
1800.0,15300.0,-2790.6
1900.0,15300.0,-2791.2
2000.0,15300.0,-2793.2
2100.0,15300.0,-2795.5
2200.0,15300.0,-2795.7
2300.0,15300.0,-2790.4
2400.0,15300.0,-2795.1
2500.0,15300.0,-2791.3
2600.0,15300.0,-2790.7
2700.0,15300.0,-2786.3
2800.0,15300.0,-2787.9
2900.0,15300.0,-2779.2
3000.0,15300.0,-2784.0
3100.0,15300.0,-2778.5
3200.0,15300.0,-2773.5
3300.0,15300.0,-2771.1
3400.0,15300.0,-2770.1
3500.0,15300.0,-2766.3
3600.0,15300.0,-2753.0
3700.0,15300.0,-2759.0
3800.0,15300.0,-2746.9
3900.0,15300.0,-2739.8
4000.0,15300.0,-2737.7
4100.0,15300.0,-2728.0
4200.0,15300.0,-2716.5
4300.0,15300.0,-2708.8
4400.0,15300.0,-2708.3
4500.0,15300.0,-2700.4
4600.0,15300.0,-2694.3
4700.0,15300.0,-2683.3
4800.0,15300.0,-2675.5
4900.0,15300.0,-2672.5
5000.0,15300.0,-2661.6
5100.0,15300.0,-2654.2
5200.0,15300.0,-2646.5
5300.0,15300.0,-2636.6
5400.0,15300.0,-2631.3
5500.0,15300.0,-2622.4
5600.0,15300.0,-2623.7
5700.0,15300.0,-2615.9
5800.0,15300.0,-2607.5
5900.0,15300.0,-2599.6
6000.0,15300.0,-2592.7
6100.0,15300.0,-2590.1
6200.0,15300.0,-2585.0
6300.0,15300.0,-2580.2
6400.0,15300.0,-2580.6
6500.0,15300.0,-2573.7
6600.0,15300.0,-2574.3
6700.0,15300.0,-2564.5
6800.0,15300.0,-2564.8
6900.0,15300.0,-2567.7
7000.0,15300.0,-2561.8
7100.0,15300.0,-2560.0
7200.0,15300.0,-2558.6
7300.0,15300.0,-2551.8
7400.0,15300.0,-2556.0
7500.0,15300.0,-2546.6
7600.0,15300.0,-2549.1
7700.0,15300.0,-2548.5
7800.0,15300.0,-2547.6
7900.0,15300.0,-2544.5
8000.0,15300.0,-2544.2
8100.0,15300.0,-2550.8
8200.0,15300.0,-2546.3
8300.0,15300.0,-2545.0
8400.0,15300.0,-2547.3
8500.0,15300.0,-2551.3
8600.0,15300.0,-2543.8
8700.0,15300.0,-2551.0
8800.0,15300.0,-2552.3
8900.0,15300.0,-2556.0
9000.0,15300.0,-2561.0
9100.0,15300.0,-2560.8
9200.0,15300.0,-2567.7
9300.0,15300.0,-2570.3
9400.0,15300.0,-2572.9
9500.0,15300.0,-2577.8
9600.0,15300.0,-2589.7
9700.0,15300.0,-2589.8
9800.0,15300.0,-2599.8
9900.0,15300.0,-2607.8
10000.0,15300.0,-2602.2
10100.0,15300.0,-2610.5
10200.0,15300.0,-2620.7
10300.0,15300.0,-2625.5
10400.0,15300.0,-2621.2
10500.0,15300.0,-2630.5
10600.0,15300.0,-2636.0
10700.0,15300.0,-2643.3
10800.0,15300.0,-2639.5
10900.0,15300.0,-2640.4
11000.0,15300.0,-2648.9
11100.0,15300.0,-2647.0
11200.0,15300.0,-2651.2
11300.0,15300.0,-2647.8
11400.0,15300.0,-2648.4
11500.0,15300.0,-2650.1
11600.0,15300.0,-2647.0
11700.0,15300.0,-2645.1
11800.0,15300.0,-2640.2
11900.0,15300.0,-2637.9
12000.0,15300.0,-2637.8
12100.0,15300.0,-2634.6
12200.0,15300.0,-2626.2
12300.0,15300.0,-2618.0
12400.0,15300.0,-2616.0
12500.0,15300.0,-2615.7
12600.0,15300.0,-2613.0
12700.0,15300.0,-2600.9
12800.0,15300.0,-2598.3
12900.0,15300.0,-2588.9
13000.0,15300.0,-2593.6
13100.0,15300.0,-2590.8
13200.0,15300.0,-2578.3
13300.0,15300.0,-2578.6
13400.0,15300.0,-2582.0
13500.0,15300.0,-2571.3
13600.0,15300.0,-2568.8
13700.0,15300.0,-2566.1
13800.0,15300.0,-2564.7
13900.0,15300.0,-2560.9
14000.0,15300.0,-2568.4
14100.0,15300.0,-2561.1
14200.0,15300.0,-2565.7
14300.0,15300.0,-2564.5
14400.0,15300.0,-2566.1
14500.0,15300.0,-2561.6
14600.0,15300.0,-2561.4
14700.0,15300.0,-2561.7
14800.0,15300.0,-2563.7
14900.0,15300.0,-2568.0
15000.0,15300.0,-2573.7
15100.0,15300.0,-2576.4
15200.0,15300.0,-2575.6
15300.0,15300.0,-2577.9
15400.0,15300.0,-2578.4
15500.0,15300.0,-2579.0
15600.0,15300.0,-2580.0
15700.0,15300.0,-2588.5
15800.0,15300.0,-2585.7
15900.0,15300.0,-2588.9
16000.0,15300.0,-2595.9
16100.0,15300.0,-2589.6
16200.0,15300.0,-2590.3
16300.0,15300.0,-2590.0
16400.0,15300.0,-2596.1
16500.0,15300.0,-2597.3
16600.0,15300.0,-2596.8
16700.0,15300.0,-2602.3
16800.0,15300.0,-2600.2
16900.0,15300.0,-2600.8
17000.0,15300.0,-2601.8
17100.0,15300.0,-2598.6
17200.0,15300.0,-2603.7
17300.0,15300.0,-2603.1
17400.0,15300.0,-2602.2
17500.0,15300.0,-2607.9
17600.0,15300.0,-2606.7
17700.0,15300.0,-2605.7
17800.0,15300.0,-2606.2
17900.0,15300.0,-2609.4
18000.0,15300.0,-2607.0
18100.0,15300.0,-2608.6
18200.0,15300.0,-2607.0
18300.0,15300.0,-2608.6
18400.0,15300.0,-2607.5
18500.0,15300.0,-2609.0
18600.0,15300.0,-2608.7
18700.0,15300.0,-2605.7
18800.0,15300.0,-2607.5
18900.0,15300.0,-2605.1
19000.0,15300.0,-2613.4
19100.0,15300.0,-2605.9
19200.0,15300.0,-2609.2
19300.0,15300.0,-2608.3
19400.0,15300.0,-2605.5
19500.0,15300.0,-2611.2
19600.0,15300.0,-2612.1
19700.0,15300.0,-2610.2
19800.0,15300.0,-2611.0
19900.0,15300.0,-2600.4
20000.0,15300.0,-2606.1
0.0,15400.0,-2738.4
100.0,15400.0,-2745.3
200.0,15400.0,-2749.9
300.0,15400.0,-2752.9
400.0,15400.0,-2761.6
500.0,15400.0,-2758.5
600.0,15400.0,-2764.1
700.0,15400.0,-2769.1
800.0,15400.0,-2771.4
900.0,15400.0,-2781.5
1000.0,15400.0,-2777.1
1100.0,15400.0,-2779.8
1200.0,15400.0,-2782.9
1300.0,15400.0,-2784.1
1400.0,15400.0,-2793.6
1500.0,15400.0,-2792.3
1600.0,15400.0,-2785.0
1700.0,15400.0,-2792.3
1800.0,15400.0,-2794.5
1900.0,15400.0,-2796.2
2000.0,15400.0,-2789.4
2100.0,15400.0,-2794.7
2200.0,15400.0,-2791.7
2300.0,15400.0,-2789.8
2400.0,15400.0,-2793.9
2500.0,15400.0,-2801.3
2600.0,15400.0,-2793.6
2700.0,15400.0,-2786.2
2800.0,15400.0,-2790.2
2900.0,15400.0,-2791.0
3000.0,15400.0,-2783.7
3100.0,15400.0,-2783.7
3200.0,15400.0,-2782.4
3300.0,15400.0,-2778.1
3400.0,15400.0,-2776.7
3500.0,15400.0,-2769.7
3600.0,15400.0,-2759.2
3700.0,15400.0,-2758.0
3800.0,15400.0,-2753.6
3900.0,15400.0,-2742.7
4000.0,15400.0,-2735.5
4100.0,15400.0,-2734.6
4200.0,15400.0,-2723.5
4300.0,15400.0,-2720.8
4400.0,15400.0,-2709.8
4500.0,15400.0,-2702.2
4600.0,15400.0,-2699.6
4700.0,15400.0,-2687.5
4800.0,15400.0,-2680.2
4900.0,15400.0,-2673.7
5000.0,15400.0,-2669.7
5100.0,15400.0,-2664.3
5200.0,15400.0,-2655.3
5300.0,15400.0,-2649.8
5400.0,15400.0,-2634.1
5500.0,15400.0,-2630.3
5600.0,15400.0,-2629.2
5700.0,15400.0,-2620.1
5800.0,15400.0,-2613.5
5900.0,15400.0,-2606.0
6000.0,15400.0,-2600.8
6100.0,15400.0,-2594.9
6200.0,15400.0,-2589.7
6300.0,15400.0,-2590.9
6400.0,15400.0,-2582.5
6500.0,15400.0,-2582.6
6600.0,15400.0,-2580.0
6700.0,15400.0,-2571.1
6800.0,15400.0,-2574.3
6900.0,15400.0,-2566.5
7000.0,15400.0,-2558.2
7100.0,15400.0,-2567.3
7200.0,15400.0,-2558.2
7300.0,15400.0,-2558.2
7400.0,15400.0,-2546.5
7500.0,15400.0,-2547.2
7600.0,15400.0,-2551.7
7700.0,15400.0,-2556.8
7800.0,15400.0,-2551.4
7900.0,15400.0,-2544.9
8000.0,15400.0,-2551.2
8100.0,15400.0,-2548.4
8200.0,15400.0,-2545.4
8300.0,15400.0,-2548.4
8400.0,15400.0,-2552.7
8500.0,15400.0,-2549.0
8600.0,15400.0,-2548.3
8700.0,15400.0,-2555.1
8800.0,15400.0,-2553.3
8900.0,15400.0,-2556.9
9000.0,15400.0,-2562.9
9100.0,15400.0,-2560.5
9200.0,15400.0,-2561.3
9300.0,15400.0,-2568.5
9400.0,15400.0,-2577.0
9500.0,15400.0,-2581.7
9600.0,15400.0,-2581.1
9700.0,15400.0,-2591.0
9800.0,15400.0,-2593.5
9900.0,15400.0,-2598.8
10000.0,15400.0,-2604.8
10100.0,15400.0,-2606.6
10200.0,15400.0,-2612.2
10300.0,15400.0,-2618.8
10400.0,15400.0,-2626.2
10500.0,15400.0,-2632.1
10600.0,15400.0,-2637.5
10700.0,15400.0,-2638.6
10800.0,15400.0,-2642.0
10900.0,15400.0,-2650.3
11000.0,15400.0,-2649.3
11100.0,15400.0,-2651.3
11200.0,15400.0,-2645.8
11300.0,15400.0,-2649.8
11400.0,15400.0,-2652.6
11500.0,15400.0,-2652.0
11600.0,15400.0,-2654.1
11700.0,15400.0,-2651.0
11800.0,15400.0,-2648.9
11900.0,15400.0,-2641.1
12000.0,15400.0,-2647.0
12100.0,15400.0,-2638.8
12200.0,15400.0,-2634.1
12300.0,15400.0,-2627.5
12400.0,15400.0,-2629.9
12500.0,15400.0,-2621.1
12600.0,15400.0,-2618.4
12700.0,15400.0,-2614.3
12800.0,15400.0,-2610.1
12900.0,15400.0,-2606.0
13000.0,15400.0,-2599.2
13100.0,15400.0,-2592.0
13200.0,15400.0,-2592.0
13300.0,15400.0,-2592.0
13400.0,15400.0,-2585.1
13500.0,15400.0,-2576.2
13600.0,15400.0,-2573.0
13700.0,15400.0,-2573.2
13800.0,15400.0,-2576.0
13900.0,15400.0,-2568.2
14000.0,15400.0,-2570.5
14100.0,15400.0,-2571.9
14200.0,15400.0,-2569.2
14300.0,15400.0,-2568.7
14400.0,15400.0,-2573.5
14500.0,15400.0,-2569.4
14600.0,15400.0,-2574.4
14700.0,15400.0,-2572.8
14800.0,15400.0,-2571.9
14900.0,15400.0,-2575.9
15000.0,15400.0,-2574.5
15100.0,15400.0,-2579.6
15200.0,15400.0,-2579.5
15300.0,15400.0,-2576.7
15400.0,15400.0,-2582.7
15500.0,15400.0,-2580.6
15600.0,15400.0,-2588.5
15700.0,15400.0,-2593.0
15800.0,15400.0,-2593.0
15900.0,15400.0,-2591.7
16000.0,15400.0,-2593.3
16100.0,15400.0,-2598.8
16200.0,15400.0,-2589.2
16300.0,15400.0,-2598.0
16400.0,15400.0,-2600.8
16500.0,15400.0,-2598.5
16600.0,15400.0,-2595.7
16700.0,15400.0,-2603.1
16800.0,15400.0,-2602.2
16900.0,15400.0,-2601.8
17000.0,15400.0,-2602.6
17100.0,15400.0,-2603.6
17200.0,15400.0,-2602.0
17300.0,15400.0,-2599.8
17400.0,15400.0,-2605.9
17500.0,15400.0,-2599.6
17600.0,15400.0,-2605.1
17700.0,15400.0,-2605.0
17800.0,15400.0,-2607.9
17900.0,15400.0,-2602.9
18000.0,15400.0,-2607.0
18100.0,15400.0,-2601.8
18200.0,15400.0,-2605.8
18300.0,15400.0,-2604.8
18400.0,15400.0,-2607.2
18500.0,15400.0,-2606.8
18600.0,15400.0,-2609.0
18700.0,15400.0,-2607.0
18800.0,15400.0,-2606.2
18900.0,15400.0,-2610.4
19000.0,15400.0,-2609.7
19100.0,15400.0,-2609.8
19200.0,15400.0,-2608.4
19300.0,15400.0,-2610.6
19400.0,15400.0,-2607.6
19500.0,15400.0,-2611.0
19600.0,15400.0,-2606.2
19700.0,15400.0,-2600.4
19800.0,15400.0,-2611.0
19900.0,15400.0,-2607.3
20000.0,15400.0,-2609.7
0.0,15500.0,-2739.4
100.0,15500.0,-2744.2
200.0,15500.0,-2748.6
300.0,15500.0,-2752.0
400.0,15500.0,-2752.0
500.0,15500.0,-2757.5
600.0,15500.0,-2760.6
700.0,15500.0,-2766.4
800.0,15500.0,-2771.6
900.0,15500.0,-2776.9
1000.0,15500.0,-2779.5
1100.0,15500.0,-2775.8
1200.0,15500.0,-2781.7
1300.0,15500.0,-2791.0
1400.0,15500.0,-2785.3
1500.0,15500.0,-2791.5
1600.0,15500.0,-2796.8
1700.0,15500.0,-2792.3
1800.0,15500.0,-2795.1
1900.0,15500.0,-2795.2
2000.0,15500.0,-2792.6
2100.0,15500.0,-2796.0
2200.0,15500.0,-2797.9
2300.0,15500.0,-2796.0
2400.0,15500.0,-2798.4
2500.0,15500.0,-2802.4
2600.0,15500.0,-2797.7
2700.0,15500.0,-2794.5
2800.0,15500.0,-2787.9
2900.0,15500.0,-2792.0
3000.0,15500.0,-2782.2
3100.0,15500.0,-2786.7
3200.0,15500.0,-2788.0
3300.0,15500.0,-2781.9
3400.0,15500.0,-2778.1
3500.0,15500.0,-2775.2
3600.0,15500.0,-2769.2
3700.0,15500.0,-2764.0
3800.0,15500.0,-2761.8
3900.0,15500.0,-2756.7
4000.0,15500.0,-2747.9
4100.0,15500.0,-2738.3
4200.0,15500.0,-2726.9
4300.0,15500.0,-2725.8
4400.0,15500.0,-2720.2
4500.0,15500.0,-2714.1
4600.0,15500.0,-2703.0
4700.0,15500.0,-2689.1
4800.0,15500.0,-2684.7
4900.0,15500.0,-2682.0
5000.0,15500.0,-2676.2
5100.0,15500.0,-2667.9
5200.0,15500.0,-2659.9
5300.0,15500.0,-2652.3
5400.0,15500.0,-2647.8
5500.0,15500.0,-2639.2
5600.0,15500.0,-2633.4
5700.0,15500.0,-2629.6
5800.0,15500.0,-2619.4
5900.0,15500.0,-2612.7
6000.0,15500.0,-2603.9
6100.0,15500.0,-2607.6
6200.0,15500.0,-2601.3
6300.0,15500.0,-2593.7
6400.0,15500.0,-2585.0
6500.0,15500.0,-2581.2
6600.0,15500.0,-2580.5
6700.0,15500.0,-2576.4
6800.0,15500.0,-2575.0
6900.0,15500.0,-2576.0
7000.0,15500.0,-2567.3
7100.0,15500.0,-2562.6
7200.0,15500.0,-2567.5
7300.0,15500.0,-2558.8
7400.0,15500.0,-2558.4
7500.0,15500.0,-2553.5
7600.0,15500.0,-2555.6
7700.0,15500.0,-2556.9
7800.0,15500.0,-2549.6
7900.0,15500.0,-2554.5
8000.0,15500.0,-2547.9
8100.0,15500.0,-2552.9
8200.0,15500.0,-2547.4
8300.0,15500.0,-2547.1
8400.0,15500.0,-2551.8
8500.0,15500.0,-2554.0
8600.0,15500.0,-2547.8
8700.0,15500.0,-2554.3
8800.0,15500.0,-2550.8
8900.0,15500.0,-2556.1
9000.0,15500.0,-2559.5
9100.0,15500.0,-2563.0
9200.0,15500.0,-2563.5
9300.0,15500.0,-2568.6
9400.0,15500.0,-2570.7
9500.0,15500.0,-2579.6
9600.0,15500.0,-2577.8
9700.0,15500.0,-2585.5
9800.0,15500.0,-2591.5
9900.0,15500.0,-2597.3
10000.0,15500.0,-2597.8
10100.0,15500.0,-2608.6
10200.0,15500.0,-2615.3
10300.0,15500.0,-2624.8
10400.0,15500.0,-2625.7
10500.0,15500.0,-2627.6
10600.0,15500.0,-2639.8
10700.0,15500.0,-2638.1
10800.0,15500.0,-2643.3
10900.0,15500.0,-2644.7
11000.0,15500.0,-2644.8
11100.0,15500.0,-2645.1
11200.0,15500.0,-2657.1
11300.0,15500.0,-2656.3
11400.0,15500.0,-2654.9
11500.0,15500.0,-2660.5
11600.0,15500.0,-2651.6
11700.0,15500.0,-2657.0
11800.0,15500.0,-2651.3
11900.0,15500.0,-2657.2
12000.0,15500.0,-2653.6
12100.0,15500.0,-2644.2
12200.0,15500.0,-2645.7
12300.0,15500.0,-2640.0
12400.0,15500.0,-2632.8
12500.0,15500.0,-2633.3
12600.0,15500.0,-2628.5
12700.0,15500.0,-2625.6
12800.0,15500.0,-2619.6
12900.0,15500.0,-2611.7
13000.0,15500.0,-2611.4
13100.0,15500.0,-2602.0
13200.0,15500.0,-2601.7
13300.0,15500.0,-2593.4
13400.0,15500.0,-2595.2
13500.0,15500.0,-2593.6
13600.0,15500.0,-2591.1
13700.0,15500.0,-2581.4
13800.0,15500.0,-2577.6
13900.0,15500.0,-2583.6
14000.0,15500.0,-2581.3
14100.0,15500.0,-2579.0
14200.0,15500.0,-2579.2
14300.0,15500.0,-2582.0
14400.0,15500.0,-2578.9
14500.0,15500.0,-2581.2
14600.0,15500.0,-2570.2
14700.0,15500.0,-2575.5
14800.0,15500.0,-2582.3
14900.0,15500.0,-2578.5
15000.0,15500.0,-2576.6
15100.0,15500.0,-2585.7
15200.0,15500.0,-2589.6
15300.0,15500.0,-2584.3
15400.0,15500.0,-2583.3
15500.0,15500.0,-2589.6
15600.0,15500.0,-2588.3
15700.0,15500.0,-2592.7
15800.0,15500.0,-2595.9
15900.0,15500.0,-2594.3
16000.0,15500.0,-2590.8
16100.0,15500.0,-2591.2
16200.0,15500.0,-2597.8
16300.0,15500.0,-2599.9
16400.0,15500.0,-2594.3
16500.0,15500.0,-2596.8
16600.0,15500.0,-2598.0
16700.0,15500.0,-2598.6
16800.0,15500.0,-2600.6
16900.0,15500.0,-2605.7
17000.0,15500.0,-2603.1
17100.0,15500.0,-2605.9
17200.0,15500.0,-2601.3
17300.0,15500.0,-2608.6
17400.0,15500.0,-2606.8
17500.0,15500.0,-2602.5
17600.0,15500.0,-2602.4
17700.0,15500.0,-2603.1
17800.0,15500.0,-2604.9
17900.0,15500.0,-2603.5
18000.0,15500.0,-2601.6
18100.0,15500.0,-2604.1
18200.0,15500.0,-2599.7
18300.0,15500.0,-2604.3
18400.0,15500.0,-2607.8
18500.0,15500.0,-2607.2
18600.0,15500.0,-2603.1
18700.0,15500.0,-2609.3
18800.0,15500.0,-2613.2
18900.0,15500.0,-2610.0
19000.0,15500.0,-2605.6
19100.0,15500.0,-2609.9
19200.0,15500.0,-2611.3
19300.0,15500.0,-2606.7
19400.0,15500.0,-2609.3
19500.0,15500.0,-2608.4
19600.0,15500.0,-2603.8
19700.0,15500.0,-2608.4
19800.0,15500.0,-2610.3
19900.0,15500.0,-2611.2
20000.0,15500.0,-2608.1
0.0,15600.0,-2737.5
100.0,15600.0,-2741.3
200.0,15600.0,-2746.0
300.0,15600.0,-2751.3
400.0,15600.0,-2760.3
500.0,15600.0,-2762.6
600.0,15600.0,-2760.3
700.0,15600.0,-2762.7
800.0,15600.0,-2767.3
900.0,15600.0,-2775.0
1000.0,15600.0,-2775.7
1100.0,15600.0,-2780.6
1200.0,15600.0,-2781.1
1300.0,15600.0,-2786.3
1400.0,15600.0,-2786.2
1500.0,15600.0,-2791.4
1600.0,15600.0,-2796.2
1700.0,15600.0,-2789.9
1800.0,15600.0,-2791.3
1900.0,15600.0,-2792.3
2000.0,15600.0,-2796.1
2100.0,15600.0,-2798.1
2200.0,15600.0,-2797.8
2300.0,15600.0,-2796.6
2400.0,15600.0,-2800.7
2500.0,15600.0,-2801.7
2600.0,15600.0,-2801.3
2700.0,15600.0,-2799.1
2800.0,15600.0,-2800.7
2900.0,15600.0,-2797.2
3000.0,15600.0,-2793.2
3100.0,15600.0,-2787.7
3200.0,15600.0,-2788.1
3300.0,15600.0,-2787.5
3400.0,15600.0,-2777.5
3500.0,15600.0,-2782.3
3600.0,15600.0,-2777.4
3700.0,15600.0,-2767.1
3800.0,15600.0,-2763.8
3900.0,15600.0,-2757.2
4000.0,15600.0,-2755.9
4100.0,15600.0,-2750.0
4200.0,15600.0,-2737.6
4300.0,15600.0,-2735.6
4400.0,15600.0,-2724.3
4500.0,15600.0,-2714.8
4600.0,15600.0,-2713.8
4700.0,15600.0,-2697.8
4800.0,15600.0,-2695.8
4900.0,15600.0,-2688.5
5000.0,15600.0,-2680.2
5100.0,15600.0,-2671.5
5200.0,15600.0,-2670.6
5300.0,15600.0,-2662.8
5400.0,15600.0,-2652.0
5500.0,15600.0,-2640.3
5600.0,15600.0,-2634.8
5700.0,15600.0,-2628.3
5800.0,15600.0,-2620.3
5900.0,15600.0,-2621.5
6000.0,15600.0,-2612.1
6100.0,15600.0,-2604.3
6200.0,15600.0,-2601.3
6300.0,15600.0,-2595.4
6400.0,15600.0,-2593.8
6500.0,15600.0,-2580.0
6600.0,15600.0,-2582.5
6700.0,15600.0,-2580.5
6800.0,15600.0,-2580.7
6900.0,15600.0,-2579.0
7000.0,15600.0,-2569.6
7100.0,15600.0,-2570.1
7200.0,15600.0,-2563.8
7300.0,15600.0,-2561.3
7400.0,15600.0,-2559.3
7500.0,15600.0,-2559.6
7600.0,15600.0,-2562.6
7700.0,15600.0,-2556.3
7800.0,15600.0,-2558.1
7900.0,15600.0,-2557.1
8000.0,15600.0,-2553.2
8100.0,15600.0,-2549.1
8200.0,15600.0,-2554.8
8300.0,15600.0,-2549.6
8400.0,15600.0,-2547.9
8500.0,15600.0,-2557.5
8600.0,15600.0,-2550.3
8700.0,15600.0,-2553.9
8800.0,15600.0,-2560.7
8900.0,15600.0,-2551.8
9000.0,15600.0,-2560.5
9100.0,15600.0,-2557.3
9200.0,15600.0,-2571.5
9300.0,15600.0,-2569.3
9400.0,15600.0,-2574.4
9500.0,15600.0,-2572.4
9600.0,15600.0,-2583.8
9700.0,15600.0,-2589.8
9800.0,15600.0,-2589.6
9900.0,15600.0,-2600.5
10000.0,15600.0,-2604.0
10100.0,15600.0,-2606.3
10200.0,15600.0,-2614.5
10300.0,15600.0,-2616.9
10400.0,15600.0,-2625.3
10500.0,15600.0,-2626.1
10600.0,15600.0,-2636.4
10700.0,15600.0,-2640.7
10800.0,15600.0,-2645.7
10900.0,15600.0,-2646.8
11000.0,15600.0,-2655.3
11100.0,15600.0,-2652.0
11200.0,15600.0,-2652.1
11300.0,15600.0,-2661.3
11400.0,15600.0,-2656.3
11500.0,15600.0,-2659.9
11600.0,15600.0,-2661.1
11700.0,15600.0,-2656.0
11800.0,15600.0,-2659.8
11900.0,15600.0,-2658.4
12000.0,15600.0,-2657.3
12100.0,15600.0,-2652.0
12200.0,15600.0,-2649.9
12300.0,15600.0,-2646.1
12400.0,15600.0,-2640.5
12500.0,15600.0,-2641.2
12600.0,15600.0,-2633.3
12700.0,15600.0,-2628.1
12800.0,15600.0,-2627.6
12900.0,15600.0,-2617.9
13000.0,15600.0,-2616.1
13100.0,15600.0,-2615.9
13200.0,15600.0,-2605.7
13300.0,15600.0,-2610.0
13400.0,15600.0,-2602.0
13500.0,15600.0,-2597.1
13600.0,15600.0,-2596.2
13700.0,15600.0,-2591.5
13800.0,15600.0,-2591.2
13900.0,15600.0,-2591.0
14000.0,15600.0,-2581.1
14100.0,15600.0,-2586.3
14200.0,15600.0,-2585.8
14300.0,15600.0,-2584.4
14400.0,15600.0,-2590.1
14500.0,15600.0,-2584.0
14600.0,15600.0,-2579.5
14700.0,15600.0,-2584.4
14800.0,15600.0,-2584.5
14900.0,15600.0,-2582.9
15000.0,15600.0,-2591.5
15100.0,15600.0,-2588.8
15200.0,15600.0,-2588.6
15300.0,15600.0,-2585.4
15400.0,15600.0,-2591.4
15500.0,15600.0,-2595.1
15600.0,15600.0,-2594.1
15700.0,15600.0,-2599.7
15800.0,15600.0,-2595.5
15900.0,15600.0,-2595.7
16000.0,15600.0,-2597.3
16100.0,15600.0,-2602.0
16200.0,15600.0,-2603.7
16300.0,15600.0,-2597.8
16400.0,15600.0,-2601.0
16500.0,15600.0,-2601.7
16600.0,15600.0,-2597.3
16700.0,15600.0,-2600.3
16800.0,15600.0,-2604.1
16900.0,15600.0,-2603.6
17000.0,15600.0,-2602.3
17100.0,15600.0,-2603.1
17200.0,15600.0,-2602.8
17300.0,15600.0,-2606.7
17400.0,15600.0,-2609.7
17500.0,15600.0,-2606.0
17600.0,15600.0,-2608.5
17700.0,15600.0,-2603.3
17800.0,15600.0,-2606.0
17900.0,15600.0,-2601.7
18000.0,15600.0,-2613.1
18100.0,15600.0,-2609.8
18200.0,15600.0,-2607.1
18300.0,15600.0,-2610.7
18400.0,15600.0,-2608.2
18500.0,15600.0,-2604.4
18600.0,15600.0,-2607.7
18700.0,15600.0,-2612.2
18800.0,15600.0,-2609.3
18900.0,15600.0,-2613.2
19000.0,15600.0,-2605.1
19100.0,15600.0,-2612.7
19200.0,15600.0,-2612.4
19300.0,15600.0,-2611.8
19400.0,15600.0,-2608.4
19500.0,15600.0,-2612.6
19600.0,15600.0,-2609.6
19700.0,15600.0,-2609.4
19800.0,15600.0,-2612.4
19900.0,15600.0,-2618.4
20000.0,15600.0,-2614.1
0.0,15700.0,-2738.8
100.0,15700.0,-2743.7
200.0,15700.0,-2741.8
300.0,15700.0,-2749.1
400.0,15700.0,-2757.0
500.0,15700.0,-2757.7
600.0,15700.0,-2766.4
700.0,15700.0,-2765.4
800.0,15700.0,-2769.6
900.0,15700.0,-2779.0
1000.0,15700.0,-2773.3
1100.0,15700.0,-2782.3
1200.0,15700.0,-2782.9
1300.0,15700.0,-2782.5
1400.0,15700.0,-2782.9
1500.0,15700.0,-2789.2
1600.0,15700.0,-2789.4
1700.0,15700.0,-2796.2
1800.0,15700.0,-2790.9
1900.0,15700.0,-2796.6
2000.0,15700.0,-2795.4
2100.0,15700.0,-2798.4
2200.0,15700.0,-2800.6
2300.0,15700.0,-2802.6
2400.0,15700.0,-2798.1
2500.0,15700.0,-2800.1
2600.0,15700.0,-2798.4
2700.0,15700.0,-2801.1
2800.0,15700.0,-2797.8
2900.0,15700.0,-2799.8
3000.0,15700.0,-2799.6
3100.0,15700.0,-2792.9
3200.0,15700.0,-2793.3
3300.0,15700.0,-2785.5
3400.0,15700.0,-2791.5
3500.0,15700.0,-2783.0
3600.0,15700.0,-2781.1
3700.0,15700.0,-2769.7
3800.0,15700.0,-2769.9
3900.0,15700.0,-2764.4
4000.0,15700.0,-2760.2
4100.0,15700.0,-2755.3
4200.0,15700.0,-2742.4
4300.0,15700.0,-2741.3
4400.0,15700.0,-2730.8
4500.0,15700.0,-2728.1
4600.0,15700.0,-2718.2
4700.0,15700.0,-2709.2
4800.0,15700.0,-2702.0
4900.0,15700.0,-2694.5
5000.0,15700.0,-2685.6
5100.0,15700.0,-2679.3
5200.0,15700.0,-2670.2
5300.0,15700.0,-2661.6
5400.0,15700.0,-2658.6
5500.0,15700.0,-2649.8
5600.0,15700.0,-2643.0
5700.0,15700.0,-2637.7
5800.0,15700.0,-2630.1
5900.0,15700.0,-2624.8
6000.0,15700.0,-2615.1
6100.0,15700.0,-2615.8
6200.0,15700.0,-2603.8
6300.0,15700.0,-2602.0
6400.0,15700.0,-2596.5
6500.0,15700.0,-2596.0
6600.0,15700.0,-2595.9
6700.0,15700.0,-2583.2
6800.0,15700.0,-2583.9
6900.0,15700.0,-2577.4
7000.0,15700.0,-2576.1
7100.0,15700.0,-2573.6
7200.0,15700.0,-2568.8
7300.0,15700.0,-2565.3
7400.0,15700.0,-2565.8
7500.0,15700.0,-2565.1
7600.0,15700.0,-2560.9
7700.0,15700.0,-2561.7
7800.0,15700.0,-2557.7
7900.0,15700.0,-2560.6
8000.0,15700.0,-2555.0
8100.0,15700.0,-2563.7
8200.0,15700.0,-2551.5
8300.0,15700.0,-2551.3
8400.0,15700.0,-2550.9
8500.0,15700.0,-2550.6
8600.0,15700.0,-2556.0
8700.0,15700.0,-2551.4
8800.0,15700.0,-2558.7
8900.0,15700.0,-2559.7
9000.0,15700.0,-2562.5
9100.0,15700.0,-2565.3
9200.0,15700.0,-2565.5
9300.0,15700.0,-2568.4
9400.0,15700.0,-2571.6
9500.0,15700.0,-2583.4
9600.0,15700.0,-2579.8
9700.0,15700.0,-2589.3
9800.0,15700.0,-2587.4
9900.0,15700.0,-2591.6
10000.0,15700.0,-2602.3
10100.0,15700.0,-2605.9
10200.0,15700.0,-2612.9
10300.0,15700.0,-2618.1
10400.0,15700.0,-2625.2
10500.0,15700.0,-2629.1
10600.0,15700.0,-2634.8
10700.0,15700.0,-2639.9
10800.0,15700.0,-2645.2
10900.0,15700.0,-2653.6
11000.0,15700.0,-2652.1
11100.0,15700.0,-2659.6
11200.0,15700.0,-2658.8
11300.0,15700.0,-2664.6
11400.0,15700.0,-2662.0
11500.0,15700.0,-2661.5
11600.0,15700.0,-2667.1
11700.0,15700.0,-2660.7
11800.0,15700.0,-2662.2
11900.0,15700.0,-2664.0
12000.0,15700.0,-2660.9
12100.0,15700.0,-2652.0
12200.0,15700.0,-2661.8
12300.0,15700.0,-2658.7
12400.0,15700.0,-2645.7
12500.0,15700.0,-2644.0
12600.0,15700.0,-2641.2
12700.0,15700.0,-2640.2
12800.0,15700.0,-2632.3
12900.0,15700.0,-2634.4
13000.0,15700.0,-2625.7
13100.0,15700.0,-2617.8
13200.0,15700.0,-2622.7
13300.0,15700.0,-2612.2
13400.0,15700.0,-2613.2
13500.0,15700.0,-2610.8
13600.0,15700.0,-2610.5
13700.0,15700.0,-2599.4
13800.0,15700.0,-2599.3
13900.0,15700.0,-2600.0
14000.0,15700.0,-2597.7
14100.0,15700.0,-2597.4
14200.0,15700.0,-2596.4
14300.0,15700.0,-2593.1
14400.0,15700.0,-2596.9
14500.0,15700.0,-2591.4
14600.0,15700.0,-2591.3
14700.0,15700.0,-2594.2
14800.0,15700.0,-2591.6
14900.0,15700.0,-2595.7
15000.0,15700.0,-2592.7
15100.0,15700.0,-2592.6
15200.0,15700.0,-2600.2
15300.0,15700.0,-2596.1
15400.0,15700.0,-2596.8
15500.0,15700.0,-2597.8
15600.0,15700.0,-2595.9
15700.0,15700.0,-2601.1
15800.0,15700.0,-2603.1
15900.0,15700.0,-2600.1
16000.0,15700.0,-2599.2
16100.0,15700.0,-2610.2
16200.0,15700.0,-2597.6
16300.0,15700.0,-2605.3
16400.0,15700.0,-2599.9
16500.0,15700.0,-2606.7
16600.0,15700.0,-2603.5
16700.0,15700.0,-2606.1
16800.0,15700.0,-2607.3
16900.0,15700.0,-2602.4
17000.0,15700.0,-2602.1
17100.0,15700.0,-2603.3
17200.0,15700.0,-2605.3
17300.0,15700.0,-2608.6
17400.0,15700.0,-2602.7
17500.0,15700.0,-2608.0
17600.0,15700.0,-2602.0
17700.0,15700.0,-2602.2
17800.0,15700.0,-2606.3
17900.0,15700.0,-2605.0
18000.0,15700.0,-2605.7
18100.0,15700.0,-2603.7
18200.0,15700.0,-2611.5
18300.0,15700.0,-2610.7
18400.0,15700.0,-2608.2
18500.0,15700.0,-2612.2
18600.0,15700.0,-2607.7
18700.0,15700.0,-2605.9
18800.0,15700.0,-2606.8
18900.0,15700.0,-2606.8
19000.0,15700.0,-2607.5
19100.0,15700.0,-2608.9
19200.0,15700.0,-2614.0
19300.0,15700.0,-2612.4
19400.0,15700.0,-2611.6
19500.0,15700.0,-2611.0
19600.0,15700.0,-2613.1
19700.0,15700.0,-2612.5
19800.0,15700.0,-2615.2
19900.0,15700.0,-2612.9
20000.0,15700.0,-2617.1
0.0,15800.0,-2731.9
100.0,15800.0,-2739.6
200.0,15800.0,-2746.1
300.0,15800.0,-2752.5
400.0,15800.0,-2756.1
500.0,15800.0,-2759.0
600.0,15800.0,-2766.0
700.0,15800.0,-2764.7
800.0,15800.0,-2772.2
900.0,15800.0,-2768.6
1000.0,15800.0,-2775.9
1100.0,15800.0,-2782.0
1200.0,15800.0,-2776.6
1300.0,15800.0,-2784.3
1400.0,15800.0,-2789.5
1500.0,15800.0,-2786.2
1600.0,15800.0,-2792.0
1700.0,15800.0,-2786.1
1800.0,15800.0,-2789.2
1900.0,15800.0,-2792.6
2000.0,15800.0,-2799.2
2100.0,15800.0,-2797.7
2200.0,15800.0,-2803.1
2300.0,15800.0,-2800.3
2400.0,15800.0,-2796.1
2500.0,15800.0,-2800.3
2600.0,15800.0,-2802.0
2700.0,15800.0,-2800.0
2800.0,15800.0,-2802.2
2900.0,15800.0,-2798.9
3000.0,15800.0,-2795.6
3100.0,15800.0,-2793.6
3200.0,15800.0,-2795.0
3300.0,15800.0,-2794.6
3400.0,15800.0,-2786.2
3500.0,15800.0,-2784.3
3600.0,15800.0,-2782.6
3700.0,15800.0,-2774.5
3800.0,15800.0,-2771.2
3900.0,15800.0,-2770.3
4000.0,15800.0,-2762.1
4100.0,15800.0,-2760.9
4200.0,15800.0,-2754.7
4300.0,15800.0,-2741.5
4400.0,15800.0,-2737.3
4500.0,15800.0,-2731.7
4600.0,15800.0,-2721.8
4700.0,15800.0,-2716.6
4800.0,15800.0,-2705.0
4900.0,15800.0,-2698.6
5000.0,15800.0,-2698.0
5100.0,15800.0,-2689.7
5200.0,15800.0,-2676.9
5300.0,15800.0,-2666.3
5400.0,15800.0,-2664.5
5500.0,15800.0,-2657.4
5600.0,15800.0,-2646.1
5700.0,15800.0,-2641.4
5800.0,15800.0,-2638.8
5900.0,15800.0,-2627.3
6000.0,15800.0,-2622.5
6100.0,15800.0,-2613.6
6200.0,15800.0,-2614.1
6300.0,15800.0,-2610.1
6400.0,15800.0,-2603.7
6500.0,15800.0,-2603.4
6600.0,15800.0,-2597.4
6700.0,15800.0,-2588.5
6800.0,15800.0,-2585.7
6900.0,15800.0,-2577.8
7000.0,15800.0,-2580.1
7100.0,15800.0,-2584.7
7200.0,15800.0,-2572.8
7300.0,15800.0,-2573.9
7400.0,15800.0,-2568.9
7500.0,15800.0,-2567.2
7600.0,15800.0,-2561.8
7700.0,15800.0,-2567.2
7800.0,15800.0,-2563.3
7900.0,15800.0,-2560.5
8000.0,15800.0,-2559.5
8100.0,15800.0,-2559.2
8200.0,15800.0,-2557.5
8300.0,15800.0,-2563.3
8400.0,15800.0,-2557.8
8500.0,15800.0,-2553.4
8600.0,15800.0,-2554.9
8700.0,15800.0,-2562.9
8800.0,15800.0,-2556.0
8900.0,15800.0,-2557.1
9000.0,15800.0,-2560.0
9100.0,15800.0,-2561.1
9200.0,15800.0,-2564.0
9300.0,15800.0,-2571.6
9400.0,15800.0,-2572.4
9500.0,15800.0,-2573.8
9600.0,15800.0,-2585.1
9700.0,15800.0,-2579.8
9800.0,15800.0,-2590.8
9900.0,15800.0,-2590.7
10000.0,15800.0,-2598.3
10100.0,15800.0,-2602.0
10200.0,15800.0,-2607.4
10300.0,15800.0,-2619.0
10400.0,15800.0,-2621.7
10500.0,15800.0,-2631.8
10600.0,15800.0,-2639.0
10700.0,15800.0,-2639.2
10800.0,15800.0,-2639.5
10900.0,15800.0,-2647.5
11000.0,15800.0,-2654.0
11100.0,15800.0,-2657.6
11200.0,15800.0,-2664.2
11300.0,15800.0,-2661.6
11400.0,15800.0,-2664.9
11500.0,15800.0,-2668.1
11600.0,15800.0,-2669.8
11700.0,15800.0,-2672.7
11800.0,15800.0,-2669.7
11900.0,15800.0,-2671.8
12000.0,15800.0,-2670.0
12100.0,15800.0,-2671.6
12200.0,15800.0,-2661.6
12300.0,15800.0,-2660.4
12400.0,15800.0,-2657.3
12500.0,15800.0,-2653.8
12600.0,15800.0,-2649.6
12700.0,15800.0,-2646.4
12800.0,15800.0,-2641.6
12900.0,15800.0,-2642.9
13000.0,15800.0,-2635.8
13100.0,15800.0,-2633.4
13200.0,15800.0,-2631.1
13300.0,15800.0,-2624.5
13400.0,15800.0,-2624.8
13500.0,15800.0,-2615.4
13600.0,15800.0,-2611.1
13700.0,15800.0,-2609.2
13800.0,15800.0,-2610.2
13900.0,15800.0,-2608.5
14000.0,15800.0,-2604.6
14100.0,15800.0,-2601.6
14200.0,15800.0,-2607.9
14300.0,15800.0,-2600.5
14400.0,15800.0,-2598.9
14500.0,15800.0,-2602.5
14600.0,15800.0,-2597.4
14700.0,15800.0,-2599.0
14800.0,15800.0,-2595.0
14900.0,15800.0,-2597.1
15000.0,15800.0,-2594.3
15100.0,15800.0,-2597.9
15200.0,15800.0,-2600.8
15300.0,15800.0,-2599.7
15400.0,15800.0,-2602.7
15500.0,15800.0,-2594.8
15600.0,15800.0,-2602.1
15700.0,15800.0,-2599.9
15800.0,15800.0,-2605.7
15900.0,15800.0,-2601.6
16000.0,15800.0,-2604.5
16100.0,15800.0,-2606.2
16200.0,15800.0,-2600.2
16300.0,15800.0,-2602.5
16400.0,15800.0,-2603.4
16500.0,15800.0,-2610.0
16600.0,15800.0,-2602.4
16700.0,15800.0,-2598.4
16800.0,15800.0,-2599.3
16900.0,15800.0,-2607.5
17000.0,15800.0,-2603.1
17100.0,15800.0,-2597.4
17200.0,15800.0,-2605.5
17300.0,15800.0,-2610.0
17400.0,15800.0,-2599.0
17500.0,15800.0,-2605.9
17600.0,15800.0,-2610.1
17700.0,15800.0,-2607.5
17800.0,15800.0,-2604.3
17900.0,15800.0,-2607.0
18000.0,15800.0,-2603.5
18100.0,15800.0,-2605.4
18200.0,15800.0,-2607.0
18300.0,15800.0,-2606.9
18400.0,15800.0,-2602.6
18500.0,15800.0,-2608.9
18600.0,15800.0,-2608.6
18700.0,15800.0,-2612.4
18800.0,15800.0,-2605.6
18900.0,15800.0,-2609.4
19000.0,15800.0,-2612.2
19100.0,15800.0,-2603.5
19200.0,15800.0,-2612.8
19300.0,15800.0,-2607.8
19400.0,15800.0,-2607.6
19500.0,15800.0,-2608.8
19600.0,15800.0,-2610.1
19700.0,15800.0,-2618.3
19800.0,15800.0,-2611.4
19900.0,15800.0,-2611.9
20000.0,15800.0,-2614.3
0.0,15900.0,-2734.7
100.0,15900.0,-2736.2
200.0,15900.0,-2746.0
300.0,15900.0,-2752.2
400.0,15900.0,-2753.1
500.0,15900.0,-2755.5
600.0,15900.0,-2762.9
700.0,15900.0,-2766.0
800.0,15900.0,-2766.9
900.0,15900.0,-2775.7
1000.0,15900.0,-2770.2
1100.0,15900.0,-2775.5
1200.0,15900.0,-2781.5
1300.0,15900.0,-2778.4
1400.0,15900.0,-2791.5
1500.0,15900.0,-2789.9
1600.0,15900.0,-2789.1
1700.0,15900.0,-2790.1
1800.0,15900.0,-2789.3
1900.0,15900.0,-2796.7
2000.0,15900.0,-2800.2
2100.0,15900.0,-2792.4
2200.0,15900.0,-2798.5
2300.0,15900.0,-2802.5
2400.0,15900.0,-2801.6
2500.0,15900.0,-2799.6
2600.0,15900.0,-2799.6
2700.0,15900.0,-2804.7
2800.0,15900.0,-2803.5
2900.0,15900.0,-2806.3
3000.0,15900.0,-2798.9
3100.0,15900.0,-2802.7
3200.0,15900.0,-2794.3
3300.0,15900.0,-2794.4
3400.0,15900.0,-2792.4
3500.0,15900.0,-2792.6
3600.0,15900.0,-2788.7
3700.0,15900.0,-2776.4
3800.0,15900.0,-2779.3
3900.0,15900.0,-2778.9
4000.0,15900.0,-2772.7
4100.0,15900.0,-2761.9
4200.0,15900.0,-2758.0
4300.0,15900.0,-2750.9
4400.0,15900.0,-2746.2
4500.0,15900.0,-2739.0
4600.0,15900.0,-2725.1
4700.0,15900.0,-2720.8
4800.0,15900.0,-2713.8
4900.0,15900.0,-2700.5
5000.0,15900.0,-2698.5
5100.0,15900.0,-2692.1
5200.0,15900.0,-2678.5
5300.0,15900.0,-2672.1
5400.0,15900.0,-2669.7
5500.0,15900.0,-2661.9
5600.0,15900.0,-2651.1
5700.0,15900.0,-2650.1
5800.0,15900.0,-2641.1
5900.0,15900.0,-2630.6
6000.0,15900.0,-2625.9
6100.0,15900.0,-2619.5
6200.0,15900.0,-2614.3
6300.0,15900.0,-2609.0
6400.0,15900.0,-2601.5
6500.0,15900.0,-2598.8
6600.0,15900.0,-2595.0
6700.0,15900.0,-2595.2
6800.0,15900.0,-2590.8
6900.0,15900.0,-2584.8
7000.0,15900.0,-2578.0
7100.0,15900.0,-2583.8
7200.0,15900.0,-2579.1
7300.0,15900.0,-2573.3
7400.0,15900.0,-2567.9
7500.0,15900.0,-2570.5
7600.0,15900.0,-2568.8
7700.0,15900.0,-2566.0
7800.0,15900.0,-2570.2
7900.0,15900.0,-2567.5
8000.0,15900.0,-2560.7
8100.0,15900.0,-2562.5
8200.0,15900.0,-2561.5
8300.0,15900.0,-2558.2
8400.0,15900.0,-2560.2
8500.0,15900.0,-2558.6
8600.0,15900.0,-2559.1
8700.0,15900.0,-2556.8
8800.0,15900.0,-2556.4
8900.0,15900.0,-2559.6
9000.0,15900.0,-2559.7
9100.0,15900.0,-2559.5
9200.0,15900.0,-2573.1
9300.0,15900.0,-2569.3
9400.0,15900.0,-2575.3
9500.0,15900.0,-2576.4
9600.0,15900.0,-2583.7
9700.0,15900.0,-2584.6
9800.0,15900.0,-2589.9
9900.0,15900.0,-2592.4
10000.0,15900.0,-2609.4
10100.0,15900.0,-2605.6
10200.0,15900.0,-2610.8
10300.0,15900.0,-2610.5
10400.0,15900.0,-2624.8
10500.0,15900.0,-2625.0
10600.0,15900.0,-2637.0
10700.0,15900.0,-2640.3
10800.0,15900.0,-2648.9
10900.0,15900.0,-2647.4
11000.0,15900.0,-2656.8
11100.0,15900.0,-2660.3
11200.0,15900.0,-2659.5
11300.0,15900.0,-2664.7
11400.0,15900.0,-2663.9
11500.0,15900.0,-2665.6
11600.0,15900.0,-2671.3
11700.0,15900.0,-2673.7
11800.0,15900.0,-2673.6
11900.0,15900.0,-2671.0
12000.0,15900.0,-2674.6
12100.0,15900.0,-2676.1
12200.0,15900.0,-2673.9
12300.0,15900.0,-2674.2
12400.0,15900.0,-2665.6
12500.0,15900.0,-2662.8
12600.0,15900.0,-2657.0
12700.0,15900.0,-2654.3
12800.0,15900.0,-2657.2
12900.0,15900.0,-2649.9
13000.0,15900.0,-2643.7
13100.0,15900.0,-2644.5
13200.0,15900.0,-2639.5
13300.0,15900.0,-2637.5
13400.0,15900.0,-2624.3
13500.0,15900.0,-2627.0
13600.0,15900.0,-2626.3
13700.0,15900.0,-2624.9
13800.0,15900.0,-2615.1
13900.0,15900.0,-2615.7
14000.0,15900.0,-2606.0
14100.0,15900.0,-2604.4
14200.0,15900.0,-2611.9
14300.0,15900.0,-2604.0
14400.0,15900.0,-2607.2
14500.0,15900.0,-2606.2
14600.0,15900.0,-2604.4
14700.0,15900.0,-2599.3
14800.0,15900.0,-2607.6
14900.0,15900.0,-2602.1
15000.0,15900.0,-2600.4
15100.0,15900.0,-2605.6
15200.0,15900.0,-2600.8
15300.0,15900.0,-2606.3
15400.0,15900.0,-2601.5
15500.0,15900.0,-2612.4
15600.0,15900.0,-2603.8
15700.0,15900.0,-2604.3
15800.0,15900.0,-2601.9
15900.0,15900.0,-2601.0
16000.0,15900.0,-2606.6
16100.0,15900.0,-2608.5
16200.0,15900.0,-2606.8
16300.0,15900.0,-2601.2
16400.0,15900.0,-2613.3
16500.0,15900.0,-2603.4
16600.0,15900.0,-2606.7
16700.0,15900.0,-2600.9
16800.0,15900.0,-2605.1
16900.0,15900.0,-2609.8
17000.0,15900.0,-2605.5
17100.0,15900.0,-2599.7
17200.0,15900.0,-2610.6
17300.0,15900.0,-2604.7
17400.0,15900.0,-2605.2
17500.0,15900.0,-2600.4
17600.0,15900.0,-2604.2
17700.0,15900.0,-2610.5
17800.0,15900.0,-2601.4
17900.0,15900.0,-2604.1
18000.0,15900.0,-2607.3
18100.0,15900.0,-2603.2
18200.0,15900.0,-2609.6
18300.0,15900.0,-2603.6
18400.0,15900.0,-2599.9
18500.0,15900.0,-2605.8
18600.0,15900.0,-2609.0
18700.0,15900.0,-2610.5
18800.0,15900.0,-2607.1
18900.0,15900.0,-2604.5
19000.0,15900.0,-2610.0
19100.0,15900.0,-2604.1
19200.0,15900.0,-2608.7
19300.0,15900.0,-2616.9
19400.0,15900.0,-2616.1
19500.0,15900.0,-2612.7
19600.0,15900.0,-2618.0
19700.0,15900.0,-2616.9
19800.0,15900.0,-2612.7
19900.0,15900.0,-2618.4
20000.0,15900.0,-2621.9
0.0,16000.0,-2736.3
100.0,16000.0,-2740.9
200.0,16000.0,-2747.6
300.0,16000.0,-2749.3
400.0,16000.0,-2755.0
500.0,16000.0,-2757.4
600.0,16000.0,-2762.4
700.0,16000.0,-2763.1
800.0,16000.0,-2768.1
900.0,16000.0,-2771.5
1000.0,16000.0,-2771.1
1100.0,16000.0,-2778.7
1200.0,16000.0,-2775.5
1300.0,16000.0,-2782.8
1400.0,16000.0,-2783.1
1500.0,16000.0,-2789.3
1600.0,16000.0,-2788.7
1700.0,16000.0,-2790.7
1800.0,16000.0,-2795.4
1900.0,16000.0,-2796.3
2000.0,16000.0,-2797.5
2100.0,16000.0,-2798.8
2200.0,16000.0,-2800.8
2300.0,16000.0,-2798.1
2400.0,16000.0,-2801.2
2500.0,16000.0,-2799.4
2600.0,16000.0,-2793.5
2700.0,16000.0,-2805.1
2800.0,16000.0,-2805.0
2900.0,16000.0,-2800.5
3000.0,16000.0,-2803.4
3100.0,16000.0,-2798.6
3200.0,16000.0,-2799.8
3300.0,16000.0,-2795.5
3400.0,16000.0,-2798.3
3500.0,16000.0,-2793.4
3600.0,16000.0,-2787.7
3700.0,16000.0,-2786.5
3800.0,16000.0,-2782.9
3900.0,16000.0,-2775.4
4000.0,16000.0,-2769.5
4100.0,16000.0,-2765.2
4200.0,16000.0,-2761.1
4300.0,16000.0,-2753.4
4400.0,16000.0,-2746.9
4500.0,16000.0,-2738.0
4600.0,16000.0,-2733.4
4700.0,16000.0,-2726.4
4800.0,16000.0,-2720.2
4900.0,16000.0,-2707.9
5000.0,16000.0,-2708.7
5100.0,16000.0,-2695.1
5200.0,16000.0,-2687.7
5300.0,16000.0,-2683.0
5400.0,16000.0,-2674.5
5500.0,16000.0,-2656.1
5600.0,16000.0,-2665.8
5700.0,16000.0,-2646.9
5800.0,16000.0,-2635.8
5900.0,16000.0,-2635.8
6000.0,16000.0,-2631.2
6100.0,16000.0,-2626.0
6200.0,16000.0,-2619.0
6300.0,16000.0,-2617.8
6400.0,16000.0,-2607.4
6500.0,16000.0,-2602.0
6600.0,16000.0,-2597.6
6700.0,16000.0,-2600.1
6800.0,16000.0,-2588.3
6900.0,16000.0,-2588.0
7000.0,16000.0,-2583.8
7100.0,16000.0,-2585.3
7200.0,16000.0,-2577.0
7300.0,16000.0,-2571.6
7400.0,16000.0,-2578.2
7500.0,16000.0,-2578.8
7600.0,16000.0,-2574.4
7700.0,16000.0,-2568.0
7800.0,16000.0,-2567.8
7900.0,16000.0,-2558.3
8000.0,16000.0,-2562.9
8100.0,16000.0,-2561.2
8200.0,16000.0,-2561.9
8300.0,16000.0,-2562.1
8400.0,16000.0,-2562.0
8500.0,16000.0,-2560.5
8600.0,16000.0,-2560.4
8700.0,16000.0,-2571.4
8800.0,16000.0,-2564.5
8900.0,16000.0,-2560.6
9000.0,16000.0,-2566.6
9100.0,16000.0,-2560.4
9200.0,16000.0,-2566.8
9300.0,16000.0,-2573.5
9400.0,16000.0,-2570.3
9500.0,16000.0,-2581.2
9600.0,16000.0,-2583.7
9700.0,16000.0,-2592.5
9800.0,16000.0,-2593.1
9900.0,16000.0,-2593.6
10000.0,16000.0,-2606.4
10100.0,16000.0,-2607.8
10200.0,16000.0,-2617.4
10300.0,16000.0,-2617.8
10400.0,16000.0,-2621.8
10500.0,16000.0,-2626.0
10600.0,16000.0,-2635.7
10700.0,16000.0,-2640.2
10800.0,16000.0,-2644.7
10900.0,16000.0,-2652.2
11000.0,16000.0,-2656.6
11100.0,16000.0,-2655.4
11200.0,16000.0,-2664.6
11300.0,16000.0,-2657.6
11400.0,16000.0,-2671.9
11500.0,16000.0,-2677.5
11600.0,16000.0,-2676.1
11700.0,16000.0,-2674.8
11800.0,16000.0,-2680.3
11900.0,16000.0,-2680.1
12000.0,16000.0,-2673.7
12100.0,16000.0,-2676.4
12200.0,16000.0,-2671.1
12300.0,16000.0,-2672.0
12400.0,16000.0,-2672.9
12500.0,16000.0,-2666.6
12600.0,16000.0,-2670.5
12700.0,16000.0,-2663.7
12800.0,16000.0,-2663.1
12900.0,16000.0,-2657.8
13000.0,16000.0,-2652.8
13100.0,16000.0,-2643.9
13200.0,16000.0,-2644.7
13300.0,16000.0,-2640.6
13400.0,16000.0,-2635.8
13500.0,16000.0,-2633.3
13600.0,16000.0,-2630.3
13700.0,16000.0,-2627.1
13800.0,16000.0,-2624.2
13900.0,16000.0,-2626.0
14000.0,16000.0,-2621.6
14100.0,16000.0,-2618.5
14200.0,16000.0,-2613.7
14300.0,16000.0,-2617.8
14400.0,16000.0,-2614.6
14500.0,16000.0,-2611.7
14600.0,16000.0,-2611.9
14700.0,16000.0,-2605.2
14800.0,16000.0,-2612.6
14900.0,16000.0,-2611.0
15000.0,16000.0,-2612.5
15100.0,16000.0,-2611.3
15200.0,16000.0,-2610.7
15300.0,16000.0,-2611.2
15400.0,16000.0,-2605.5
15500.0,16000.0,-2604.9
15600.0,16000.0,-2609.4
15700.0,16000.0,-2612.5
15800.0,16000.0,-2612.0
15900.0,16000.0,-2610.5
16000.0,16000.0,-2608.2
16100.0,16000.0,-2607.6
16200.0,16000.0,-2611.1
16300.0,16000.0,-2602.6
16400.0,16000.0,-2606.0
16500.0,16000.0,-2601.1
16600.0,16000.0,-2606.5
16700.0,16000.0,-2607.1
16800.0,16000.0,-2604.7
16900.0,16000.0,-2608.1
17000.0,16000.0,-2602.9
17100.0,16000.0,-2600.1
17200.0,16000.0,-2603.1
17300.0,16000.0,-2608.1
17400.0,16000.0,-2604.9
17500.0,16000.0,-2598.2
17600.0,16000.0,-2602.7
17700.0,16000.0,-2606.3
17800.0,16000.0,-2602.0
17900.0,16000.0,-2604.0
18000.0,16000.0,-2606.7
18100.0,16000.0,-2600.2
18200.0,16000.0,-2602.7
18300.0,16000.0,-2608.1
18400.0,16000.0,-2604.8
18500.0,16000.0,-2608.5
18600.0,16000.0,-2610.3
18700.0,16000.0,-2610.8
18800.0,16000.0,-2606.1
18900.0,16000.0,-2610.6
19000.0,16000.0,-2614.0
19100.0,16000.0,-2608.6
19200.0,16000.0,-2609.5
19300.0,16000.0,-2613.8
19400.0,16000.0,-2607.9
19500.0,16000.0,-2613.8
19600.0,16000.0,-2610.4
19700.0,16000.0,-2612.0
19800.0,16000.0,-2617.8
19900.0,16000.0,-2620.5
20000.0,16000.0,-2612.1
0.0,16100.0,-2733.4
100.0,16100.0,-2736.9
200.0,16100.0,-2737.7
300.0,16100.0,-2747.2
400.0,16100.0,-2751.3
500.0,16100.0,-2759.1
600.0,16100.0,-2760.3
700.0,16100.0,-2762.3
800.0,16100.0,-2771.3
900.0,16100.0,-2768.3
1000.0,16100.0,-2775.0
1100.0,16100.0,-2778.0
1200.0,16100.0,-2772.3
1300.0,16100.0,-2782.3
1400.0,16100.0,-2775.6
1500.0,16100.0,-2780.8
1600.0,16100.0,-2785.4
1700.0,16100.0,-2786.0
1800.0,16100.0,-2796.3
1900.0,16100.0,-2791.1
2000.0,16100.0,-2800.3
2100.0,16100.0,-2798.0
2200.0,16100.0,-2800.9
2300.0,16100.0,-2795.7
2400.0,16100.0,-2804.5
2500.0,16100.0,-2801.1
2600.0,16100.0,-2804.1
2700.0,16100.0,-2804.8
2800.0,16100.0,-2805.6
2900.0,16100.0,-2803.1
3000.0,16100.0,-2800.0
3100.0,16100.0,-2799.9
3200.0,16100.0,-2802.3
3300.0,16100.0,-2797.0
3400.0,16100.0,-2798.2
3500.0,16100.0,-2798.1
3600.0,16100.0,-2794.8
3700.0,16100.0,-2782.3
3800.0,16100.0,-2782.4
3900.0,16100.0,-2785.0
4000.0,16100.0,-2773.3
4100.0,16100.0,-2772.2
4200.0,16100.0,-2763.4
4300.0,16100.0,-2758.7
4400.0,16100.0,-2747.7
4500.0,16100.0,-2746.6
4600.0,16100.0,-2741.8
4700.0,16100.0,-2733.3
4800.0,16100.0,-2726.2
4900.0,16100.0,-2717.3
5000.0,16100.0,-2707.7
5100.0,16100.0,-2700.2
5200.0,16100.0,-2691.9
5300.0,16100.0,-2680.1
5400.0,16100.0,-2677.1
5500.0,16100.0,-2672.3
5600.0,16100.0,-2668.0
5700.0,16100.0,-2657.5
5800.0,16100.0,-2645.6
5900.0,16100.0,-2638.8
6000.0,16100.0,-2640.4
6100.0,16100.0,-2631.6
6200.0,16100.0,-2631.8
6300.0,16100.0,-2617.5
6400.0,16100.0,-2611.9
6500.0,16100.0,-2609.8
6600.0,16100.0,-2605.4
6700.0,16100.0,-2600.0
6800.0,16100.0,-2592.2
6900.0,16100.0,-2593.2
7000.0,16100.0,-2587.8
7100.0,16100.0,-2589.2
7200.0,16100.0,-2582.4
7300.0,16100.0,-2578.8
7400.0,16100.0,-2577.2
7500.0,16100.0,-2579.4
7600.0,16100.0,-2572.9
7700.0,16100.0,-2572.2
7800.0,16100.0,-2571.4
7900.0,16100.0,-2569.4
8000.0,16100.0,-2568.9
8100.0,16100.0,-2567.1
8200.0,16100.0,-2563.6
8300.0,16100.0,-2560.6
8400.0,16100.0,-2565.4
8500.0,16100.0,-2561.4
8600.0,16100.0,-2562.5
8700.0,16100.0,-2561.6
8800.0,16100.0,-2560.9
8900.0,16100.0,-2557.6
9000.0,16100.0,-2562.4
9100.0,16100.0,-2565.9
9200.0,16100.0,-2569.7
9300.0,16100.0,-2570.2
9400.0,16100.0,-2574.0
9500.0,16100.0,-2574.9
9600.0,16100.0,-2583.9
9700.0,16100.0,-2589.6
9800.0,16100.0,-2593.8
9900.0,16100.0,-2592.6
10000.0,16100.0,-2603.3
10100.0,16100.0,-2600.8
10200.0,16100.0,-2603.3
10300.0,16100.0,-2619.0
10400.0,16100.0,-2623.1
10500.0,16100.0,-2631.5
10600.0,16100.0,-2635.5
10700.0,16100.0,-2638.3
10800.0,16100.0,-2645.4
10900.0,16100.0,-2652.6
11000.0,16100.0,-2655.0
11100.0,16100.0,-2664.3
11200.0,16100.0,-2667.6
11300.0,16100.0,-2669.6
11400.0,16100.0,-2671.7
11500.0,16100.0,-2679.0
11600.0,16100.0,-2681.4
11700.0,16100.0,-2678.6
11800.0,16100.0,-2681.5
11900.0,16100.0,-2678.2
12000.0,16100.0,-2678.1
12100.0,16100.0,-2680.7
12200.0,16100.0,-2683.2
12300.0,16100.0,-2678.1
12400.0,16100.0,-2681.2
12500.0,16100.0,-2673.7
12600.0,16100.0,-2674.4
12700.0,16100.0,-2668.9
12800.0,16100.0,-2667.9
12900.0,16100.0,-2663.0
13000.0,16100.0,-2660.0
13100.0,16100.0,-2663.0
13200.0,16100.0,-2660.3
13300.0,16100.0,-2649.0
13400.0,16100.0,-2647.6
13500.0,16100.0,-2641.7
13600.0,16100.0,-2637.8
13700.0,16100.0,-2639.3
13800.0,16100.0,-2634.7
13900.0,16100.0,-2628.0
14000.0,16100.0,-2625.0
14100.0,16100.0,-2630.1
14200.0,16100.0,-2626.1
14300.0,16100.0,-2619.7
14400.0,16100.0,-2619.6
14500.0,16100.0,-2619.4
14600.0,16100.0,-2617.0
14700.0,16100.0,-2609.9
14800.0,16100.0,-2618.8
14900.0,16100.0,-2614.3
15000.0,16100.0,-2614.1
15100.0,16100.0,-2617.4
15200.0,16100.0,-2610.6
15300.0,16100.0,-2616.7
15400.0,16100.0,-2618.4
15500.0,16100.0,-2615.7
15600.0,16100.0,-2610.2
15700.0,16100.0,-2617.5
15800.0,16100.0,-2612.5
15900.0,16100.0,-2613.1
16000.0,16100.0,-2608.0
16100.0,16100.0,-2611.6
16200.0,16100.0,-2612.0
16300.0,16100.0,-2612.2
16400.0,16100.0,-2610.0
16500.0,16100.0,-2606.6
16600.0,16100.0,-2608.7
16700.0,16100.0,-2606.1
16800.0,16100.0,-2603.5
16900.0,16100.0,-2604.5
17000.0,16100.0,-2608.5
17100.0,16100.0,-2605.8
17200.0,16100.0,-2600.6
17300.0,16100.0,-2602.3
17400.0,16100.0,-2603.3
17500.0,16100.0,-2594.7
17600.0,16100.0,-2603.8
17700.0,16100.0,-2599.1
17800.0,16100.0,-2608.0
17900.0,16100.0,-2603.9
18000.0,16100.0,-2606.6
18100.0,16100.0,-2604.8
18200.0,16100.0,-2604.7
18300.0,16100.0,-2602.5
18400.0,16100.0,-2599.5
18500.0,16100.0,-2599.1
18600.0,16100.0,-2606.6
18700.0,16100.0,-2608.8
18800.0,16100.0,-2611.8
18900.0,16100.0,-2608.8
19000.0,16100.0,-2611.4
19100.0,16100.0,-2611.4
19200.0,16100.0,-2607.2
19300.0,16100.0,-2607.7
19400.0,16100.0,-2615.5
19500.0,16100.0,-2609.9
19600.0,16100.0,-2615.8
19700.0,16100.0,-2613.6
19800.0,16100.0,-2614.3
19900.0,16100.0,-2615.2
20000.0,16100.0,-2612.6
0.0,16200.0,-2733.2
100.0,16200.0,-2737.3
200.0,16200.0,-2743.0
300.0,16200.0,-2746.6
400.0,16200.0,-2748.2
500.0,16200.0,-2753.0
600.0,16200.0,-2758.0
700.0,16200.0,-2758.8
800.0,16200.0,-2764.6
900.0,16200.0,-2771.4
1000.0,16200.0,-2772.1
1100.0,16200.0,-2776.2
1200.0,16200.0,-2776.4
1300.0,16200.0,-2785.5
1400.0,16200.0,-2772.4
1500.0,16200.0,-2784.1
1600.0,16200.0,-2784.3
1700.0,16200.0,-2789.8
1800.0,16200.0,-2789.4
1900.0,16200.0,-2796.0
2000.0,16200.0,-2796.1
2100.0,16200.0,-2795.8
2200.0,16200.0,-2796.9
2300.0,16200.0,-2796.3
2400.0,16200.0,-2801.2
2500.0,16200.0,-2797.1
2600.0,16200.0,-2796.9
2700.0,16200.0,-2804.7
2800.0,16200.0,-2808.0
2900.0,16200.0,-2798.8
3000.0,16200.0,-2808.3
3100.0,16200.0,-2803.8
3200.0,16200.0,-2800.5
3300.0,16200.0,-2799.6
3400.0,16200.0,-2799.7
3500.0,16200.0,-2792.8
3600.0,16200.0,-2794.0
3700.0,16200.0,-2788.7
3800.0,16200.0,-2789.8
3900.0,16200.0,-2781.2
4000.0,16200.0,-2783.0
4100.0,16200.0,-2773.4
4200.0,16200.0,-2767.9
4300.0,16200.0,-2763.4
4400.0,16200.0,-2755.0
4500.0,16200.0,-2750.8
4600.0,16200.0,-2743.7
4700.0,16200.0,-2738.2
4800.0,16200.0,-2728.9
4900.0,16200.0,-2723.5
5000.0,16200.0,-2713.2
5100.0,16200.0,-2700.3
5200.0,16200.0,-2697.2
5300.0,16200.0,-2689.3
5400.0,16200.0,-2677.7
5500.0,16200.0,-2667.3
5600.0,16200.0,-2669.3
5700.0,16200.0,-2659.8
5800.0,16200.0,-2654.5
5900.0,16200.0,-2648.7
6000.0,16200.0,-2630.9
6100.0,16200.0,-2637.0
6200.0,16200.0,-2627.8
6300.0,16200.0,-2618.2
6400.0,16200.0,-2620.9
6500.0,16200.0,-2611.8
6600.0,16200.0,-2610.2
6700.0,16200.0,-2599.1
6800.0,16200.0,-2594.4
6900.0,16200.0,-2586.9
7000.0,16200.0,-2593.4
7100.0,16200.0,-2591.1
7200.0,16200.0,-2585.5
7300.0,16200.0,-2585.0
7400.0,16200.0,-2583.0
7500.0,16200.0,-2574.5
7600.0,16200.0,-2571.9
7700.0,16200.0,-2577.9
7800.0,16200.0,-2569.3
7900.0,16200.0,-2574.1
8000.0,16200.0,-2571.3
8100.0,16200.0,-2566.8
8200.0,16200.0,-2564.1
8300.0,16200.0,-2569.4
8400.0,16200.0,-2559.9
8500.0,16200.0,-2561.5
8600.0,16200.0,-2563.9
8700.0,16200.0,-2559.5
8800.0,16200.0,-2563.9
8900.0,16200.0,-2567.6
9000.0,16200.0,-2562.8
9100.0,16200.0,-2563.9
9200.0,16200.0,-2570.4
9300.0,16200.0,-2569.4
9400.0,16200.0,-2569.2
9500.0,16200.0,-2579.5
9600.0,16200.0,-2580.9
9700.0,16200.0,-2588.1
9800.0,16200.0,-2589.3
9900.0,16200.0,-2596.5
10000.0,16200.0,-2601.8
10100.0,16200.0,-2605.7
10200.0,16200.0,-2609.2
10300.0,16200.0,-2615.2
10400.0,16200.0,-2626.6
10500.0,16200.0,-2632.6
10600.0,16200.0,-2635.0
10700.0,16200.0,-2639.5
10800.0,16200.0,-2649.8
10900.0,16200.0,-2647.8
11000.0,16200.0,-2661.0
11100.0,16200.0,-2659.9
11200.0,16200.0,-2665.2
11300.0,16200.0,-2670.6
11400.0,16200.0,-2677.6
11500.0,16200.0,-2677.7
11600.0,16200.0,-2674.7
11700.0,16200.0,-2684.3
11800.0,16200.0,-2686.0
11900.0,16200.0,-2684.8
12000.0,16200.0,-2684.2
12100.0,16200.0,-2690.1
12200.0,16200.0,-2685.7
12300.0,16200.0,-2686.9
12400.0,16200.0,-2687.6
12500.0,16200.0,-2679.8
12600.0,16200.0,-2684.8
12700.0,16200.0,-2680.8
12800.0,16200.0,-2683.5
12900.0,16200.0,-2674.9
13000.0,16200.0,-2670.5
13100.0,16200.0,-2659.8
13200.0,16200.0,-2657.3
13300.0,16200.0,-2661.6
13400.0,16200.0,-2652.2
13500.0,16200.0,-2656.3
13600.0,16200.0,-2653.7
13700.0,16200.0,-2647.8
13800.0,16200.0,-2639.8
13900.0,16200.0,-2643.0
14000.0,16200.0,-2639.8
14100.0,16200.0,-2636.0
14200.0,16200.0,-2628.7
14300.0,16200.0,-2634.4
14400.0,16200.0,-2631.8
14500.0,16200.0,-2626.8
14600.0,16200.0,-2626.2
14700.0,16200.0,-2622.7
14800.0,16200.0,-2618.1
14900.0,16200.0,-2621.7
15000.0,16200.0,-2623.8
15100.0,16200.0,-2617.1
15200.0,16200.0,-2619.2
15300.0,16200.0,-2621.9
15400.0,16200.0,-2622.5
15500.0,16200.0,-2618.4
15600.0,16200.0,-2616.6
15700.0,16200.0,-2614.1
15800.0,16200.0,-2611.9
15900.0,16200.0,-2608.9
16000.0,16200.0,-2611.0
16100.0,16200.0,-2608.4
16200.0,16200.0,-2609.9
16300.0,16200.0,-2617.5
16400.0,16200.0,-2608.5
16500.0,16200.0,-2608.3
16600.0,16200.0,-2597.8
16700.0,16200.0,-2607.5
16800.0,16200.0,-2604.0
16900.0,16200.0,-2601.1
17000.0,16200.0,-2606.3
17100.0,16200.0,-2602.6
17200.0,16200.0,-2601.4
17300.0,16200.0,-2605.4
17400.0,16200.0,-2602.3
17500.0,16200.0,-2604.1
17600.0,16200.0,-2605.0
17700.0,16200.0,-2599.8
17800.0,16200.0,-2595.5
17900.0,16200.0,-2604.3
18000.0,16200.0,-2604.7
18100.0,16200.0,-2602.1
18200.0,16200.0,-2602.8
18300.0,16200.0,-2601.3
18400.0,16200.0,-2598.0
18500.0,16200.0,-2601.9
18600.0,16200.0,-2605.4
18700.0,16200.0,-2600.1
18800.0,16200.0,-2609.6
18900.0,16200.0,-2608.2
19000.0,16200.0,-2606.9
19100.0,16200.0,-2609.7
19200.0,16200.0,-2605.3
19300.0,16200.0,-2609.4
19400.0,16200.0,-2609.0
19500.0,16200.0,-2613.3
19600.0,16200.0,-2612.7
19700.0,16200.0,-2611.2
19800.0,16200.0,-2616.0
19900.0,16200.0,-2614.7
20000.0,16200.0,-2619.7
0.0,16300.0,-2729.0
100.0,16300.0,-2732.7
200.0,16300.0,-2737.9
300.0,16300.0,-2745.1
400.0,16300.0,-2749.6
500.0,16300.0,-2754.5
600.0,16300.0,-2758.1
700.0,16300.0,-2757.9
800.0,16300.0,-2766.5
900.0,16300.0,-2769.9
1000.0,16300.0,-2770.9
1100.0,16300.0,-2772.8
1200.0,16300.0,-2777.5
1300.0,16300.0,-2779.7
1400.0,16300.0,-2781.2
1500.0,16300.0,-2782.4
1600.0,16300.0,-2784.8
1700.0,16300.0,-2791.6
1800.0,16300.0,-2792.4
1900.0,16300.0,-2792.0
2000.0,16300.0,-2795.2
2100.0,16300.0,-2799.0
2200.0,16300.0,-2803.2
2300.0,16300.0,-2800.3
2400.0,16300.0,-2797.5
2500.0,16300.0,-2800.3
2600.0,16300.0,-2801.0
2700.0,16300.0,-2803.1
2800.0,16300.0,-2801.6
2900.0,16300.0,-2805.4
3000.0,16300.0,-2805.6
3100.0,16300.0,-2803.5
3200.0,16300.0,-2802.1
3300.0,16300.0,-2804.1
3400.0,16300.0,-2799.3
3500.0,16300.0,-2800.6
3600.0,16300.0,-2793.1
3700.0,16300.0,-2795.3
3800.0,16300.0,-2783.5
3900.0,16300.0,-2780.8
4000.0,16300.0,-2779.7
4100.0,16300.0,-2777.6
4200.0,16300.0,-2773.9
4300.0,16300.0,-2766.0
4400.0,16300.0,-2756.8
4500.0,16300.0,-2754.5
4600.0,16300.0,-2745.4
4700.0,16300.0,-2738.7
4800.0,16300.0,-2730.1
4900.0,16300.0,-2720.2
5000.0,16300.0,-2714.8
5100.0,16300.0,-2704.3
5200.0,16300.0,-2703.9
5300.0,16300.0,-2687.0
5400.0,16300.0,-2686.3
5500.0,16300.0,-2677.0
5600.0,16300.0,-2667.0
5700.0,16300.0,-2666.4
5800.0,16300.0,-2660.3
5900.0,16300.0,-2644.5
6000.0,16300.0,-2646.3
6100.0,16300.0,-2635.1
6200.0,16300.0,-2627.2
6300.0,16300.0,-2625.3
6400.0,16300.0,-2619.0
6500.0,16300.0,-2612.2
6600.0,16300.0,-2612.6
6700.0,16300.0,-2600.6
6800.0,16300.0,-2600.5
6900.0,16300.0,-2601.5
7000.0,16300.0,-2587.9
7100.0,16300.0,-2593.5
7200.0,16300.0,-2589.9
7300.0,16300.0,-2586.2
7400.0,16300.0,-2583.6
7500.0,16300.0,-2581.4
7600.0,16300.0,-2574.4
7700.0,16300.0,-2574.8
7800.0,16300.0,-2577.4
7900.0,16300.0,-2568.9
8000.0,16300.0,-2571.6
8100.0,16300.0,-2567.5
8200.0,16300.0,-2566.7
8300.0,16300.0,-2573.6
8400.0,16300.0,-2568.8
8500.0,16300.0,-2558.8
8600.0,16300.0,-2568.1
8700.0,16300.0,-2567.5
8800.0,16300.0,-2569.2
8900.0,16300.0,-2569.5
9000.0,16300.0,-2562.6
9100.0,16300.0,-2569.1
9200.0,16300.0,-2572.8
9300.0,16300.0,-2574.6
9400.0,16300.0,-2580.3
9500.0,16300.0,-2585.1
9600.0,16300.0,-2583.2
9700.0,16300.0,-2586.4
9800.0,16300.0,-2590.7
9900.0,16300.0,-2599.7
10000.0,16300.0,-2597.0
10100.0,16300.0,-2606.6
10200.0,16300.0,-2614.7
10300.0,16300.0,-2614.8
10400.0,16300.0,-2616.9
10500.0,16300.0,-2629.2
10600.0,16300.0,-2632.6
10700.0,16300.0,-2642.6
10800.0,16300.0,-2643.3
10900.0,16300.0,-2647.9
11000.0,16300.0,-2659.7
11100.0,16300.0,-2661.8
11200.0,16300.0,-2667.5
11300.0,16300.0,-2671.9
11400.0,16300.0,-2676.4
11500.0,16300.0,-2681.7
11600.0,16300.0,-2681.6
11700.0,16300.0,-2684.8
11800.0,16300.0,-2688.7
11900.0,16300.0,-2685.6
12000.0,16300.0,-2691.4
12100.0,16300.0,-2689.2
12200.0,16300.0,-2694.3
12300.0,16300.0,-2695.2
12400.0,16300.0,-2693.4
12500.0,16300.0,-2685.7
12600.0,16300.0,-2687.2
12700.0,16300.0,-2685.9
12800.0,16300.0,-2681.4
12900.0,16300.0,-2687.5
13000.0,16300.0,-2675.8
13100.0,16300.0,-2672.6
13200.0,16300.0,-2669.7
13300.0,16300.0,-2672.3
13400.0,16300.0,-2663.5
13500.0,16300.0,-2662.9
13600.0,16300.0,-2657.5
13700.0,16300.0,-2657.9
13800.0,16300.0,-2655.3
13900.0,16300.0,-2652.8
14000.0,16300.0,-2646.0
14100.0,16300.0,-2645.4
14200.0,16300.0,-2641.0
14300.0,16300.0,-2637.7
14400.0,16300.0,-2639.5
14500.0,16300.0,-2634.3
14600.0,16300.0,-2633.2
14700.0,16300.0,-2629.6
14800.0,16300.0,-2625.6
14900.0,16300.0,-2628.4
15000.0,16300.0,-2625.1
15100.0,16300.0,-2625.1
15200.0,16300.0,-2623.1
15300.0,16300.0,-2620.2
15400.0,16300.0,-2618.1
15500.0,16300.0,-2621.9
15600.0,16300.0,-2618.1
15700.0,16300.0,-2624.8
15800.0,16300.0,-2613.3
15900.0,16300.0,-2615.3
16000.0,16300.0,-2611.0
16100.0,16300.0,-2615.7
16200.0,16300.0,-2610.6
16300.0,16300.0,-2608.1
16400.0,16300.0,-2607.2
16500.0,16300.0,-2610.4
16600.0,16300.0,-2612.9
16700.0,16300.0,-2604.8
16800.0,16300.0,-2606.4
16900.0,16300.0,-2606.7
17000.0,16300.0,-2606.4
17100.0,16300.0,-2600.0
17200.0,16300.0,-2601.9
17300.0,16300.0,-2598.8
17400.0,16300.0,-2602.7
17500.0,16300.0,-2603.6
17600.0,16300.0,-2594.8
17700.0,16300.0,-2601.0
17800.0,16300.0,-2602.2
17900.0,16300.0,-2603.3
18000.0,16300.0,-2598.3
18100.0,16300.0,-2601.4
18200.0,16300.0,-2603.0
18300.0,16300.0,-2601.8
18400.0,16300.0,-2597.4
18500.0,16300.0,-2603.3
18600.0,16300.0,-2605.9
18700.0,16300.0,-2607.4
18800.0,16300.0,-2607.1
18900.0,16300.0,-2606.4
19000.0,16300.0,-2608.3
19100.0,16300.0,-2610.3
19200.0,16300.0,-2608.3
19300.0,16300.0,-2609.4
19400.0,16300.0,-2610.0
19500.0,16300.0,-2610.9
19600.0,16300.0,-2614.0
19700.0,16300.0,-2610.2
19800.0,16300.0,-2616.1
19900.0,16300.0,-2621.4
20000.0,16300.0,-2620.5
0.0,16400.0,-2731.3
100.0,16400.0,-2741.5
200.0,16400.0,-2746.4
300.0,16400.0,-2748.2
400.0,16400.0,-2748.3
500.0,16400.0,-2753.8
600.0,16400.0,-2756.0
700.0,16400.0,-2759.3
800.0,16400.0,-2763.4
900.0,16400.0,-2770.2
1000.0,16400.0,-2766.9
1100.0,16400.0,-2772.3
1200.0,16400.0,-2769.2
1300.0,16400.0,-2779.6
1400.0,16400.0,-2781.7
1500.0,16400.0,-2784.8
1600.0,16400.0,-2783.2
1700.0,16400.0,-2788.1
1800.0,16400.0,-2793.3
1900.0,16400.0,-2795.5
2000.0,16400.0,-2795.9
2100.0,16400.0,-2798.2
2200.0,16400.0,-2803.3
2300.0,16400.0,-2807.4
2400.0,16400.0,-2795.1
2500.0,16400.0,-2801.8
2600.0,16400.0,-2797.5
2700.0,16400.0,-2798.0
2800.0,16400.0,-2805.9
2900.0,16400.0,-2805.8
3000.0,16400.0,-2805.6
3100.0,16400.0,-2799.5
3200.0,16400.0,-2801.0
3300.0,16400.0,-2799.3
3400.0,16400.0,-2802.5
3500.0,16400.0,-2801.3
3600.0,16400.0,-2795.5
3700.0,16400.0,-2796.6
3800.0,16400.0,-2790.3
3900.0,16400.0,-2787.5
4000.0,16400.0,-2783.2
4100.0,16400.0,-2780.8
4200.0,16400.0,-2773.9
4300.0,16400.0,-2770.2
4400.0,16400.0,-2760.2
4500.0,16400.0,-2752.8
4600.0,16400.0,-2747.2
4700.0,16400.0,-2746.3
4800.0,16400.0,-2735.7
4900.0,16400.0,-2723.2
5000.0,16400.0,-2718.3
5100.0,16400.0,-2711.8
5200.0,16400.0,-2698.4
5300.0,16400.0,-2695.3
5400.0,16400.0,-2686.6
5500.0,16400.0,-2683.1
5600.0,16400.0,-2670.3
5700.0,16400.0,-2660.3
5800.0,16400.0,-2657.5
5900.0,16400.0,-2653.1
6000.0,16400.0,-2646.2
6100.0,16400.0,-2637.9
6200.0,16400.0,-2636.1
6300.0,16400.0,-2628.6
6400.0,16400.0,-2617.6
6500.0,16400.0,-2617.7
6600.0,16400.0,-2611.4
6700.0,16400.0,-2612.5
6800.0,16400.0,-2598.4
6900.0,16400.0,-2595.6
7000.0,16400.0,-2597.6
7100.0,16400.0,-2594.4
7200.0,16400.0,-2588.2
7300.0,16400.0,-2590.8
7400.0,16400.0,-2586.6
7500.0,16400.0,-2573.9
7600.0,16400.0,-2583.9
7700.0,16400.0,-2576.4
7800.0,16400.0,-2576.3
7900.0,16400.0,-2576.2
8000.0,16400.0,-2567.5
8100.0,16400.0,-2576.7
8200.0,16400.0,-2571.3
8300.0,16400.0,-2562.7
8400.0,16400.0,-2567.5
8500.0,16400.0,-2573.9
8600.0,16400.0,-2569.4
8700.0,16400.0,-2565.5
8800.0,16400.0,-2573.9
8900.0,16400.0,-2572.5
9000.0,16400.0,-2570.5
9100.0,16400.0,-2569.7
9200.0,16400.0,-2576.4
9300.0,16400.0,-2576.5
9400.0,16400.0,-2578.1
9500.0,16400.0,-2581.5
9600.0,16400.0,-2580.5
9700.0,16400.0,-2586.2
9800.0,16400.0,-2594.3
9900.0,16400.0,-2595.8
10000.0,16400.0,-2601.7
10100.0,16400.0,-2608.1
10200.0,16400.0,-2610.9
10300.0,16400.0,-2617.8
10400.0,16400.0,-2621.3
10500.0,16400.0,-2624.9
10600.0,16400.0,-2632.3
10700.0,16400.0,-2639.8
10800.0,16400.0,-2644.8
10900.0,16400.0,-2649.0
11000.0,16400.0,-2658.5
11100.0,16400.0,-2662.2
11200.0,16400.0,-2666.2
11300.0,16400.0,-2673.0
11400.0,16400.0,-2672.0
11500.0,16400.0,-2677.8
11600.0,16400.0,-2685.8
11700.0,16400.0,-2687.4
11800.0,16400.0,-2689.2
11900.0,16400.0,-2694.1
12000.0,16400.0,-2693.5
12100.0,16400.0,-2696.1
12200.0,16400.0,-2696.8
12300.0,16400.0,-2697.1
12400.0,16400.0,-2693.5
12500.0,16400.0,-2693.1
12600.0,16400.0,-2694.9
12700.0,16400.0,-2691.1
12800.0,16400.0,-2681.1
12900.0,16400.0,-2686.7
13000.0,16400.0,-2682.7
13100.0,16400.0,-2676.5
13200.0,16400.0,-2680.5
13300.0,16400.0,-2676.6
13400.0,16400.0,-2671.3
13500.0,16400.0,-2672.9
13600.0,16400.0,-2667.1
13700.0,16400.0,-2659.9
13800.0,16400.0,-2660.5
13900.0,16400.0,-2659.0
14000.0,16400.0,-2654.1
14100.0,16400.0,-2654.4
14200.0,16400.0,-2649.0
14300.0,16400.0,-2645.8
14400.0,16400.0,-2643.9
14500.0,16400.0,-2642.4
14600.0,16400.0,-2646.7
14700.0,16400.0,-2633.9
14800.0,16400.0,-2638.0
14900.0,16400.0,-2627.2
15000.0,16400.0,-2633.6
15100.0,16400.0,-2634.0
15200.0,16400.0,-2628.8
15300.0,16400.0,-2622.4
15400.0,16400.0,-2631.4
15500.0,16400.0,-2622.8
15600.0,16400.0,-2626.3
15700.0,16400.0,-2619.1
15800.0,16400.0,-2617.6
15900.0,16400.0,-2619.3
16000.0,16400.0,-2616.2
16100.0,16400.0,-2613.4
16200.0,16400.0,-2613.2
16300.0,16400.0,-2606.3
16400.0,16400.0,-2607.1
16500.0,16400.0,-2609.1
16600.0,16400.0,-2603.8
16700.0,16400.0,-2610.2
16800.0,16400.0,-2603.3
16900.0,16400.0,-2600.3
17000.0,16400.0,-2602.6
17100.0,16400.0,-2600.6
17200.0,16400.0,-2605.3
17300.0,16400.0,-2603.2
17400.0,16400.0,-2598.7
17500.0,16400.0,-2601.0
17600.0,16400.0,-2605.9
17700.0,16400.0,-2599.2
17800.0,16400.0,-2603.9
17900.0,16400.0,-2599.9
18000.0,16400.0,-2601.6
18100.0,16400.0,-2595.6
18200.0,16400.0,-2595.3
18300.0,16400.0,-2595.5
18400.0,16400.0,-2601.6
18500.0,16400.0,-2599.9
18600.0,16400.0,-2601.9
18700.0,16400.0,-2602.2
18800.0,16400.0,-2602.2
18900.0,16400.0,-2599.8
19000.0,16400.0,-2601.6
19100.0,16400.0,-2608.2
19200.0,16400.0,-2610.0
19300.0,16400.0,-2609.7
19400.0,16400.0,-2613.2
19500.0,16400.0,-2611.7
19600.0,16400.0,-2613.7
19700.0,16400.0,-2620.8
19800.0,16400.0,-2619.9
19900.0,16400.0,-2616.7
20000.0,16400.0,-2618.8
0.0,16500.0,-2730.7
100.0,16500.0,-2732.0
200.0,16500.0,-2737.6
300.0,16500.0,-2742.4
400.0,16500.0,-2743.9
500.0,16500.0,-2748.1
600.0,16500.0,-2749.6
700.0,16500.0,-2761.4
800.0,16500.0,-2757.4
900.0,16500.0,-2763.4
1000.0,16500.0,-2764.4
1100.0,16500.0,-2771.4
1200.0,16500.0,-2770.6
1300.0,16500.0,-2775.8
1400.0,16500.0,-2783.9
1500.0,16500.0,-2786.0
1600.0,16500.0,-2785.3
1700.0,16500.0,-2788.8
1800.0,16500.0,-2791.0
1900.0,16500.0,-2790.4
2000.0,16500.0,-2795.7
2100.0,16500.0,-2800.2
2200.0,16500.0,-2797.7
2300.0,16500.0,-2798.0
2400.0,16500.0,-2802.5
2500.0,16500.0,-2798.8
2600.0,16500.0,-2799.1
2700.0,16500.0,-2804.4
2800.0,16500.0,-2805.2
2900.0,16500.0,-2799.5
3000.0,16500.0,-2802.4
3100.0,16500.0,-2803.0
3200.0,16500.0,-2805.0
3300.0,16500.0,-2804.6
3400.0,16500.0,-2805.0
3500.0,16500.0,-2803.1
3600.0,16500.0,-2797.2
3700.0,16500.0,-2791.8
3800.0,16500.0,-2790.4
3900.0,16500.0,-2789.6
4000.0,16500.0,-2783.0
4100.0,16500.0,-2782.7
4200.0,16500.0,-2771.3
4300.0,16500.0,-2772.4
4400.0,16500.0,-2767.1
4500.0,16500.0,-2754.4
4600.0,16500.0,-2748.6
4700.0,16500.0,-2740.1
4800.0,16500.0,-2742.7
4900.0,16500.0,-2733.2
5000.0,16500.0,-2721.8
5100.0,16500.0,-2707.9
5200.0,16500.0,-2710.4
5300.0,16500.0,-2695.2
5400.0,16500.0,-2697.9
5500.0,16500.0,-2683.4
5600.0,16500.0,-2679.4
5700.0,16500.0,-2674.4
5800.0,16500.0,-2663.7
5900.0,16500.0,-2649.4
6000.0,16500.0,-2650.1
6100.0,16500.0,-2642.3
6200.0,16500.0,-2632.0
6300.0,16500.0,-2630.1
6400.0,16500.0,-2620.8
6500.0,16500.0,-2622.9
6600.0,16500.0,-2611.9
6700.0,16500.0,-2608.3
6800.0,16500.0,-2604.9
6900.0,16500.0,-2604.9
7000.0,16500.0,-2598.6
7100.0,16500.0,-2595.1
7200.0,16500.0,-2596.7
7300.0,16500.0,-2585.7
7400.0,16500.0,-2584.2
7500.0,16500.0,-2586.6
7600.0,16500.0,-2575.8
7700.0,16500.0,-2580.2
7800.0,16500.0,-2580.8
7900.0,16500.0,-2579.9
8000.0,16500.0,-2580.5
8100.0,16500.0,-2576.9
8200.0,16500.0,-2573.2
8300.0,16500.0,-2575.3
8400.0,16500.0,-2566.8
8500.0,16500.0,-2569.0
8600.0,16500.0,-2570.5
8700.0,16500.0,-2572.4
8800.0,16500.0,-2573.5
8900.0,16500.0,-2575.7
9000.0,16500.0,-2573.7
9100.0,16500.0,-2570.8
9200.0,16500.0,-2570.9
9300.0,16500.0,-2575.2
9400.0,16500.0,-2582.7
9500.0,16500.0,-2581.1
9600.0,16500.0,-2585.1
9700.0,16500.0,-2591.1
9800.0,16500.0,-2592.0
9900.0,16500.0,-2596.2
10000.0,16500.0,-2602.3
10100.0,16500.0,-2610.6
10200.0,16500.0,-2609.2
10300.0,16500.0,-2617.9
10400.0,16500.0,-2616.1
10500.0,16500.0,-2628.0
10600.0,16500.0,-2638.6
10700.0,16500.0,-2638.1
10800.0,16500.0,-2643.7
10900.0,16500.0,-2644.0
11000.0,16500.0,-2660.3
11100.0,16500.0,-2662.6
11200.0,16500.0,-2673.3
11300.0,16500.0,-2676.6
11400.0,16500.0,-2678.6
11500.0,16500.0,-2680.1
11600.0,16500.0,-2687.0
11700.0,16500.0,-2686.8
11800.0,16500.0,-2692.5
11900.0,16500.0,-2694.5
12000.0,16500.0,-2696.0
12100.0,16500.0,-2700.9
12200.0,16500.0,-2696.3
12300.0,16500.0,-2702.8
12400.0,16500.0,-2695.3
12500.0,16500.0,-2699.3
12600.0,16500.0,-2697.3
12700.0,16500.0,-2692.2
12800.0,16500.0,-2692.3
12900.0,16500.0,-2696.2
13000.0,16500.0,-2691.7
13100.0,16500.0,-2691.5
13200.0,16500.0,-2686.7
13300.0,16500.0,-2687.3
13400.0,16500.0,-2678.6
13500.0,16500.0,-2677.1
13600.0,16500.0,-2668.6
13700.0,16500.0,-2673.4
13800.0,16500.0,-2670.0
13900.0,16500.0,-2663.4
14000.0,16500.0,-2662.5
14100.0,16500.0,-2656.3
14200.0,16500.0,-2659.0
14300.0,16500.0,-2660.5
14400.0,16500.0,-2648.4
14500.0,16500.0,-2644.7
14600.0,16500.0,-2647.7
14700.0,16500.0,-2643.7
14800.0,16500.0,-2637.4
14900.0,16500.0,-2644.1
15000.0,16500.0,-2642.3
15100.0,16500.0,-2638.0
15200.0,16500.0,-2637.1
15300.0,16500.0,-2633.9
15400.0,16500.0,-2631.8
15500.0,16500.0,-2629.4
15600.0,16500.0,-2628.0
15700.0,16500.0,-2623.2
15800.0,16500.0,-2622.6
15900.0,16500.0,-2622.0
16000.0,16500.0,-2617.3
16100.0,16500.0,-2617.2
16200.0,16500.0,-2616.0
16300.0,16500.0,-2612.6
16400.0,16500.0,-2611.3
16500.0,16500.0,-2605.3
16600.0,16500.0,-2609.2
16700.0,16500.0,-2602.6
16800.0,16500.0,-2602.6
16900.0,16500.0,-2607.9
17000.0,16500.0,-2601.7
17100.0,16500.0,-2599.2
17200.0,16500.0,-2604.5
17300.0,16500.0,-2599.4
17400.0,16500.0,-2597.6
17500.0,16500.0,-2601.2
17600.0,16500.0,-2597.2
17700.0,16500.0,-2599.5
17800.0,16500.0,-2601.6
17900.0,16500.0,-2599.6
18000.0,16500.0,-2597.9
18100.0,16500.0,-2597.9
18200.0,16500.0,-2605.3
18300.0,16500.0,-2594.2
18400.0,16500.0,-2600.0
18500.0,16500.0,-2599.4
18600.0,16500.0,-2595.0
18700.0,16500.0,-2599.2
18800.0,16500.0,-2604.2
18900.0,16500.0,-2603.3
19000.0,16500.0,-2605.5
19100.0,16500.0,-2613.8
19200.0,16500.0,-2611.8
19300.0,16500.0,-2609.1
19400.0,16500.0,-2607.7
19500.0,16500.0,-2610.6
19600.0,16500.0,-2616.9
19700.0,16500.0,-2605.6
19800.0,16500.0,-2622.0
19900.0,16500.0,-2612.6
20000.0,16500.0,-2617.1
0.0,16600.0,-2728.7
100.0,16600.0,-2734.1
200.0,16600.0,-2740.5
300.0,16600.0,-2746.1
400.0,16600.0,-2743.8
500.0,16600.0,-2747.0
600.0,16600.0,-2755.4
700.0,16600.0,-2759.7
800.0,16600.0,-2761.3
900.0,16600.0,-2765.2
1000.0,16600.0,-2764.8
1100.0,16600.0,-2763.6
1200.0,16600.0,-2775.0
1300.0,16600.0,-2777.8
1400.0,16600.0,-2780.8
1500.0,16600.0,-2779.5
1600.0,16600.0,-2778.6
1700.0,16600.0,-2782.7
1800.0,16600.0,-2790.6
1900.0,16600.0,-2792.4
2000.0,16600.0,-2790.9
2100.0,16600.0,-2795.9
2200.0,16600.0,-2794.2
2300.0,16600.0,-2801.8
2400.0,16600.0,-2799.4
2500.0,16600.0,-2796.8
2600.0,16600.0,-2797.6
2700.0,16600.0,-2800.3
2800.0,16600.0,-2805.5
2900.0,16600.0,-2799.3
3000.0,16600.0,-2808.6
3100.0,16600.0,-2801.5
3200.0,16600.0,-2804.1
3300.0,16600.0,-2806.6
3400.0,16600.0,-2799.3
3500.0,16600.0,-2798.7
3600.0,16600.0,-2794.0
3700.0,16600.0,-2790.8
3800.0,16600.0,-2794.2
3900.0,16600.0,-2784.3
4000.0,16600.0,-2783.9
4100.0,16600.0,-2780.2
4200.0,16600.0,-2775.8
4300.0,16600.0,-2768.6
4400.0,16600.0,-2768.1
4500.0,16600.0,-2762.6
4600.0,16600.0,-2744.3
4700.0,16600.0,-2749.9
4800.0,16600.0,-2741.1
4900.0,16600.0,-2731.6
5000.0,16600.0,-2725.5
5100.0,16600.0,-2722.6
5200.0,16600.0,-2706.5
5300.0,16600.0,-2708.6
5400.0,16600.0,-2693.3
5500.0,16600.0,-2686.2
5600.0,16600.0,-2681.9
5700.0,16600.0,-2667.8
5800.0,16600.0,-2667.2
5900.0,16600.0,-2663.3
6000.0,16600.0,-2651.7
6100.0,16600.0,-2640.0
6200.0,16600.0,-2639.3
6300.0,16600.0,-2636.4
6400.0,16600.0,-2630.8
6500.0,16600.0,-2624.9
6600.0,16600.0,-2614.9
6700.0,16600.0,-2613.7
6800.0,16600.0,-2608.3
6900.0,16600.0,-2604.2
7000.0,16600.0,-2604.3
7100.0,16600.0,-2594.1
7200.0,16600.0,-2595.0
7300.0,16600.0,-2589.6
7400.0,16600.0,-2590.4
7500.0,16600.0,-2583.1
7600.0,16600.0,-2582.8
7700.0,16600.0,-2584.1
7800.0,16600.0,-2581.9
7900.0,16600.0,-2578.5
8000.0,16600.0,-2580.1
8100.0,16600.0,-2582.0
8200.0,16600.0,-2576.8
8300.0,16600.0,-2575.9
8400.0,16600.0,-2572.0
8500.0,16600.0,-2570.9
8600.0,16600.0,-2573.7
8700.0,16600.0,-2575.7
8800.0,16600.0,-2577.5
8900.0,16600.0,-2575.7
9000.0,16600.0,-2574.4
9100.0,16600.0,-2573.1
9200.0,16600.0,-2582.9
9300.0,16600.0,-2579.5
9400.0,16600.0,-2580.1
9500.0,16600.0,-2587.0
9600.0,16600.0,-2586.7
9700.0,16600.0,-2588.3
9800.0,16600.0,-2593.0
9900.0,16600.0,-2597.4
10000.0,16600.0,-2602.2
10100.0,16600.0,-2609.3
10200.0,16600.0,-2615.2
10300.0,16600.0,-2625.8
10400.0,16600.0,-2624.4
10500.0,16600.0,-2630.3
10600.0,16600.0,-2637.0
10700.0,16600.0,-2641.5
10800.0,16600.0,-2647.6
10900.0,16600.0,-2646.9
11000.0,16600.0,-2655.8
11100.0,16600.0,-2663.3
11200.0,16600.0,-2666.2
11300.0,16600.0,-2676.1
11400.0,16600.0,-2681.6
11500.0,16600.0,-2683.6
11600.0,16600.0,-2685.5
11700.0,16600.0,-2689.9
11800.0,16600.0,-2692.6
11900.0,16600.0,-2699.5
12000.0,16600.0,-2699.8
12100.0,16600.0,-2700.4
12200.0,16600.0,-2695.9
12300.0,16600.0,-2703.1
12400.0,16600.0,-2703.6
12500.0,16600.0,-2701.2
12600.0,16600.0,-2705.8
12700.0,16600.0,-2698.2
12800.0,16600.0,-2699.7
12900.0,16600.0,-2704.0
13000.0,16600.0,-2694.9
13100.0,16600.0,-2691.4
13200.0,16600.0,-2688.2
13300.0,16600.0,-2684.0
13400.0,16600.0,-2689.2
13500.0,16600.0,-2683.5
13600.0,16600.0,-2687.5
13700.0,16600.0,-2679.9
13800.0,16600.0,-2674.9
13900.0,16600.0,-2675.6
14000.0,16600.0,-2673.0
14100.0,16600.0,-2671.6
14200.0,16600.0,-2667.0
14300.0,16600.0,-2656.2
14400.0,16600.0,-2657.0
14500.0,16600.0,-2656.0
14600.0,16600.0,-2656.3
14700.0,16600.0,-2649.0
14800.0,16600.0,-2642.2
14900.0,16600.0,-2645.4
15000.0,16600.0,-2643.4
15100.0,16600.0,-2643.7
15200.0,16600.0,-2636.3
15300.0,16600.0,-2636.9
15400.0,16600.0,-2629.4
15500.0,16600.0,-2634.5
15600.0,16600.0,-2630.8
15700.0,16600.0,-2630.9
15800.0,16600.0,-2627.1
15900.0,16600.0,-2623.0
16000.0,16600.0,-2623.2
16100.0,16600.0,-2619.6
16200.0,16600.0,-2612.2
16300.0,16600.0,-2615.2
16400.0,16600.0,-2619.6
16500.0,16600.0,-2603.1
16600.0,16600.0,-2606.0
16700.0,16600.0,-2609.1
16800.0,16600.0,-2606.1
16900.0,16600.0,-2600.0
17000.0,16600.0,-2605.9
17100.0,16600.0,-2600.4
17200.0,16600.0,-2601.6
17300.0,16600.0,-2597.3
17400.0,16600.0,-2601.0
17500.0,16600.0,-2596.0
17600.0,16600.0,-2597.6
17700.0,16600.0,-2597.7
17800.0,16600.0,-2595.1
17900.0,16600.0,-2594.7
18000.0,16600.0,-2600.3
18100.0,16600.0,-2596.6
18200.0,16600.0,-2598.0
18300.0,16600.0,-2602.8
18400.0,16600.0,-2597.8
18500.0,16600.0,-2601.5
18600.0,16600.0,-2599.1
18700.0,16600.0,-2600.4
18800.0,16600.0,-2600.3
18900.0,16600.0,-2604.9
19000.0,16600.0,-2601.8
19100.0,16600.0,-2603.9
19200.0,16600.0,-2606.6
19300.0,16600.0,-2619.4
19400.0,16600.0,-2616.4
19500.0,16600.0,-2615.5
19600.0,16600.0,-2615.6
19700.0,16600.0,-2619.6
19800.0,16600.0,-2619.7
19900.0,16600.0,-2620.1
20000.0,16600.0,-2620.1
0.0,16700.0,-2729.7
100.0,16700.0,-2734.6
200.0,16700.0,-2732.2
300.0,16700.0,-2745.1
400.0,16700.0,-2735.2
500.0,16700.0,-2746.0
600.0,16700.0,-2754.9
700.0,16700.0,-2758.1
800.0,16700.0,-2760.1
900.0,16700.0,-2760.1
1000.0,16700.0,-2763.3
1100.0,16700.0,-2765.7
1200.0,16700.0,-2778.1
1300.0,16700.0,-2776.2
1400.0,16700.0,-2779.4
1500.0,16700.0,-2780.8
1600.0,16700.0,-2785.7
1700.0,16700.0,-2783.0
1800.0,16700.0,-2787.8
1900.0,16700.0,-2790.7
2000.0,16700.0,-2791.3
2100.0,16700.0,-2788.9
2200.0,16700.0,-2796.1
2300.0,16700.0,-2799.2
2400.0,16700.0,-2793.6
2500.0,16700.0,-2800.1
2600.0,16700.0,-2796.0
2700.0,16700.0,-2799.0
2800.0,16700.0,-2805.2
2900.0,16700.0,-2801.1
3000.0,16700.0,-2800.6
3100.0,16700.0,-2802.3
3200.0,16700.0,-2802.4
3300.0,16700.0,-2802.9
3400.0,16700.0,-2801.6
3500.0,16700.0,-2800.1
3600.0,16700.0,-2792.7
3700.0,16700.0,-2796.3
3800.0,16700.0,-2796.0
3900.0,16700.0,-2784.2
4000.0,16700.0,-2784.0
4100.0,16700.0,-2782.1
4200.0,16700.0,-2781.0
4300.0,16700.0,-2770.2
4400.0,16700.0,-2766.4
4500.0,16700.0,-2758.0
4600.0,16700.0,-2753.2
4700.0,16700.0,-2749.5
4800.0,16700.0,-2747.2
4900.0,16700.0,-2737.9
5000.0,16700.0,-2728.1
5100.0,16700.0,-2718.0
5200.0,16700.0,-2718.7
5300.0,16700.0,-2706.5
5400.0,16700.0,-2701.7
5500.0,16700.0,-2687.8
5600.0,16700.0,-2686.3
5700.0,16700.0,-2678.6
5800.0,16700.0,-2671.0
5900.0,16700.0,-2662.0
6000.0,16700.0,-2652.0
6100.0,16700.0,-2651.7
6200.0,16700.0,-2641.9
6300.0,16700.0,-2642.3
6400.0,16700.0,-2629.3
6500.0,16700.0,-2625.0
6600.0,16700.0,-2618.3
6700.0,16700.0,-2615.9
6800.0,16700.0,-2607.1
6900.0,16700.0,-2604.0
7000.0,16700.0,-2608.1
7100.0,16700.0,-2598.9
7200.0,16700.0,-2590.4
7300.0,16700.0,-2593.9
7400.0,16700.0,-2589.2
7500.0,16700.0,-2591.4
7600.0,16700.0,-2585.8
7700.0,16700.0,-2583.2
7800.0,16700.0,-2582.5
7900.0,16700.0,-2582.1
8000.0,16700.0,-2572.9
8100.0,16700.0,-2576.1
8200.0,16700.0,-2575.7
8300.0,16700.0,-2586.0
8400.0,16700.0,-2573.8
8500.0,16700.0,-2579.6
8600.0,16700.0,-2575.7
8700.0,16700.0,-2576.8
8800.0,16700.0,-2574.1
8900.0,16700.0,-2574.8
9000.0,16700.0,-2579.8
9100.0,16700.0,-2576.8
9200.0,16700.0,-2575.6
9300.0,16700.0,-2580.7
9400.0,16700.0,-2581.6
9500.0,16700.0,-2586.3
9600.0,16700.0,-2590.5
9700.0,16700.0,-2597.6
9800.0,16700.0,-2598.0
9900.0,16700.0,-2603.6
10000.0,16700.0,-2610.4
10100.0,16700.0,-2613.5
10200.0,16700.0,-2621.8
10300.0,16700.0,-2622.9
10400.0,16700.0,-2625.1
10500.0,16700.0,-2629.9
10600.0,16700.0,-2635.5
10700.0,16700.0,-2641.3
10800.0,16700.0,-2646.7
10900.0,16700.0,-2658.0
11000.0,16700.0,-2657.6
11100.0,16700.0,-2659.1
11200.0,16700.0,-2670.0
11300.0,16700.0,-2670.9
11400.0,16700.0,-2676.0
11500.0,16700.0,-2684.2
11600.0,16700.0,-2688.7
11700.0,16700.0,-2686.5
11800.0,16700.0,-2699.5
11900.0,16700.0,-2695.0
12000.0,16700.0,-2699.2
12100.0,16700.0,-2705.2
12200.0,16700.0,-2699.4
12300.0,16700.0,-2701.6
12400.0,16700.0,-2705.4
12500.0,16700.0,-2706.8
12600.0,16700.0,-2712.6
12700.0,16700.0,-2702.4
12800.0,16700.0,-2710.2
12900.0,16700.0,-2707.7
13000.0,16700.0,-2706.8
13100.0,16700.0,-2701.3
13200.0,16700.0,-2696.9
13300.0,16700.0,-2703.3
13400.0,16700.0,-2700.5
13500.0,16700.0,-2699.8
13600.0,16700.0,-2692.4
13700.0,16700.0,-2687.1
13800.0,16700.0,-2686.0
13900.0,16700.0,-2680.2
14000.0,16700.0,-2676.1
14100.0,16700.0,-2675.6
14200.0,16700.0,-2673.9
14300.0,16700.0,-2670.0
14400.0,16700.0,-2662.6
14500.0,16700.0,-2662.9
14600.0,16700.0,-2656.8
14700.0,16700.0,-2658.3
14800.0,16700.0,-2658.5
14900.0,16700.0,-2653.7
15000.0,16700.0,-2647.2
15100.0,16700.0,-2647.4
15200.0,16700.0,-2645.3
15300.0,16700.0,-2636.4
15400.0,16700.0,-2639.5
15500.0,16700.0,-2639.9
15600.0,16700.0,-2630.1
15700.0,16700.0,-2628.2
15800.0,16700.0,-2624.9
15900.0,16700.0,-2626.2
16000.0,16700.0,-2616.5
16100.0,16700.0,-2618.1
16200.0,16700.0,-2623.8
16300.0,16700.0,-2613.9
16400.0,16700.0,-2612.8
16500.0,16700.0,-2613.1
16600.0,16700.0,-2610.4
16700.0,16700.0,-2608.4
16800.0,16700.0,-2603.7
16900.0,16700.0,-2603.1
17000.0,16700.0,-2596.9
17100.0,16700.0,-2604.2
17200.0,16700.0,-2595.9
17300.0,16700.0,-2595.3
17400.0,16700.0,-2593.8
17500.0,16700.0,-2597.4
17600.0,16700.0,-2595.2
17700.0,16700.0,-2597.0
17800.0,16700.0,-2597.0
17900.0,16700.0,-2593.5
18000.0,16700.0,-2587.9
18100.0,16700.0,-2599.3
18200.0,16700.0,-2591.1
18300.0,16700.0,-2593.7
18400.0,16700.0,-2602.4
18500.0,16700.0,-2600.8
18600.0,16700.0,-2596.8
18700.0,16700.0,-2600.0
18800.0,16700.0,-2600.4
18900.0,16700.0,-2603.4
19000.0,16700.0,-2603.8
19100.0,16700.0,-2603.5
19200.0,16700.0,-2608.3
19300.0,16700.0,-2611.2
19400.0,16700.0,-2614.2
19500.0,16700.0,-2617.7
19600.0,16700.0,-2609.9
19700.0,16700.0,-2612.7
19800.0,16700.0,-2612.8
19900.0,16700.0,-2618.9
20000.0,16700.0,-2624.5
0.0,16800.0,-2729.3
100.0,16800.0,-2736.0
200.0,16800.0,-2739.3
300.0,16800.0,-2739.5
400.0,16800.0,-2741.1
500.0,16800.0,-2752.7
600.0,16800.0,-2748.7
700.0,16800.0,-2760.1
800.0,16800.0,-2759.2
900.0,16800.0,-2758.1
1000.0,16800.0,-2761.0
1100.0,16800.0,-2770.4
1200.0,16800.0,-2775.4
1300.0,16800.0,-2769.3
1400.0,16800.0,-2773.4
1500.0,16800.0,-2779.2
1600.0,16800.0,-2783.0
1700.0,16800.0,-2786.5
1800.0,16800.0,-2783.1
1900.0,16800.0,-2785.3
2000.0,16800.0,-2787.6
2100.0,16800.0,-2798.3
2200.0,16800.0,-2794.0
2300.0,16800.0,-2789.0
2400.0,16800.0,-2798.9
2500.0,16800.0,-2793.9
2600.0,16800.0,-2799.3
2700.0,16800.0,-2799.5
2800.0,16800.0,-2804.3
2900.0,16800.0,-2795.0
3000.0,16800.0,-2803.2
3100.0,16800.0,-2805.2
3200.0,16800.0,-2800.7
3300.0,16800.0,-2799.9
3400.0,16800.0,-2802.7
3500.0,16800.0,-2802.2
3600.0,16800.0,-2797.0
3700.0,16800.0,-2800.1
3800.0,16800.0,-2793.2
3900.0,16800.0,-2792.3
4000.0,16800.0,-2783.5
4100.0,16800.0,-2785.2
4200.0,16800.0,-2779.1
4300.0,16800.0,-2773.8
4400.0,16800.0,-2768.7
4500.0,16800.0,-2760.4
4600.0,16800.0,-2759.5
4700.0,16800.0,-2754.1
4800.0,16800.0,-2747.9
4900.0,16800.0,-2739.0
5000.0,16800.0,-2729.9
5100.0,16800.0,-2726.2
5200.0,16800.0,-2716.9
5300.0,16800.0,-2712.7
5400.0,16800.0,-2701.2
5500.0,16800.0,-2694.7
5600.0,16800.0,-2687.0
5700.0,16800.0,-2678.9
5800.0,16800.0,-2671.9
5900.0,16800.0,-2661.1
6000.0,16800.0,-2658.3
6100.0,16800.0,-2649.7
6200.0,16800.0,-2647.0
6300.0,16800.0,-2636.7
6400.0,16800.0,-2631.2
6500.0,16800.0,-2622.5
6600.0,16800.0,-2619.9
6700.0,16800.0,-2613.7
6800.0,16800.0,-2608.8
6900.0,16800.0,-2606.1
7000.0,16800.0,-2598.9
7100.0,16800.0,-2602.3
7200.0,16800.0,-2599.7
7300.0,16800.0,-2598.5
7400.0,16800.0,-2587.6
7500.0,16800.0,-2590.4
7600.0,16800.0,-2586.3
7700.0,16800.0,-2588.2
7800.0,16800.0,-2581.4
7900.0,16800.0,-2583.0
8000.0,16800.0,-2580.1
8100.0,16800.0,-2579.9
8200.0,16800.0,-2578.8
8300.0,16800.0,-2573.0
8400.0,16800.0,-2572.4
8500.0,16800.0,-2575.9
8600.0,16800.0,-2583.2
8700.0,16800.0,-2582.5
8800.0,16800.0,-2581.9
8900.0,16800.0,-2581.2
9000.0,16800.0,-2577.0
9100.0,16800.0,-2584.4
9200.0,16800.0,-2584.4
9300.0,16800.0,-2587.6
9400.0,16800.0,-2589.9
9500.0,16800.0,-2592.9
9600.0,16800.0,-2591.6
9700.0,16800.0,-2593.4
9800.0,16800.0,-2598.2
9900.0,16800.0,-2605.5
10000.0,16800.0,-2608.7
10100.0,16800.0,-2614.1
10200.0,16800.0,-2617.7
10300.0,16800.0,-2625.1
10400.0,16800.0,-2630.5
10500.0,16800.0,-2631.3
10600.0,16800.0,-2637.5
10700.0,16800.0,-2645.0
10800.0,16800.0,-2652.3
10900.0,16800.0,-2657.1
11000.0,16800.0,-2659.7
11100.0,16800.0,-2665.5
11200.0,16800.0,-2665.1
11300.0,16800.0,-2672.8
11400.0,16800.0,-2680.3
11500.0,16800.0,-2682.2
11600.0,16800.0,-2685.8
11700.0,16800.0,-2695.0
11800.0,16800.0,-2691.5
11900.0,16800.0,-2698.3
12000.0,16800.0,-2707.6
12100.0,16800.0,-2702.9
12200.0,16800.0,-2703.6
12300.0,16800.0,-2709.9
12400.0,16800.0,-2713.1
12500.0,16800.0,-2706.9
12600.0,16800.0,-2711.6
12700.0,16800.0,-2707.3
12800.0,16800.0,-2709.7
12900.0,16800.0,-2710.6
13000.0,16800.0,-2710.7
13100.0,16800.0,-2708.3
13200.0,16800.0,-2707.4
13300.0,16800.0,-2705.5
13400.0,16800.0,-2702.2
13500.0,16800.0,-2693.1
13600.0,16800.0,-2694.8
13700.0,16800.0,-2690.3
13800.0,16800.0,-2691.6
13900.0,16800.0,-2693.3
14000.0,16800.0,-2685.5
14100.0,16800.0,-2682.9
14200.0,16800.0,-2680.5
14300.0,16800.0,-2676.6
14400.0,16800.0,-2673.8
14500.0,16800.0,-2672.1
14600.0,16800.0,-2666.5
14700.0,16800.0,-2663.6
14800.0,16800.0,-2655.2
14900.0,16800.0,-2659.7
15000.0,16800.0,-2651.4
15100.0,16800.0,-2654.3
15200.0,16800.0,-2648.6
15300.0,16800.0,-2639.4
15400.0,16800.0,-2642.3
15500.0,16800.0,-2635.1
15600.0,16800.0,-2630.9
15700.0,16800.0,-2630.7
15800.0,16800.0,-2625.4
15900.0,16800.0,-2628.2
16000.0,16800.0,-2623.1
16100.0,16800.0,-2617.6
16200.0,16800.0,-2618.9
16300.0,16800.0,-2613.9
16400.0,16800.0,-2609.7
16500.0,16800.0,-2610.4
16600.0,16800.0,-2610.1
16700.0,16800.0,-2606.0
16800.0,16800.0,-2602.7
16900.0,16800.0,-2603.6
17000.0,16800.0,-2600.1
17100.0,16800.0,-2600.1
17200.0,16800.0,-2598.9
17300.0,16800.0,-2598.7
17400.0,16800.0,-2593.6
17500.0,16800.0,-2594.8
17600.0,16800.0,-2598.1
17700.0,16800.0,-2586.0
17800.0,16800.0,-2598.1
17900.0,16800.0,-2591.8
18000.0,16800.0,-2590.0
18100.0,16800.0,-2594.7
18200.0,16800.0,-2588.7
18300.0,16800.0,-2594.4
18400.0,16800.0,-2593.6
18500.0,16800.0,-2599.5
18600.0,16800.0,-2597.4
18700.0,16800.0,-2598.6
18800.0,16800.0,-2595.8
18900.0,16800.0,-2600.5
19000.0,16800.0,-2604.1
19100.0,16800.0,-2605.3
19200.0,16800.0,-2605.6
19300.0,16800.0,-2610.4
19400.0,16800.0,-2607.9
19500.0,16800.0,-2607.5
19600.0,16800.0,-2608.7
19700.0,16800.0,-2617.0
19800.0,16800.0,-2617.2
19900.0,16800.0,-2620.0
20000.0,16800.0,-2626.8
0.0,16900.0,-2729.1
100.0,16900.0,-2735.9
200.0,16900.0,-2736.8
300.0,16900.0,-2740.0
400.0,16900.0,-2745.3
500.0,16900.0,-2743.6
600.0,16900.0,-2748.5
700.0,16900.0,-2753.0
800.0,16900.0,-2755.4
900.0,16900.0,-2760.8
1000.0,16900.0,-2769.1
1100.0,16900.0,-2762.2
1200.0,16900.0,-2769.4
1300.0,16900.0,-2768.6
1400.0,16900.0,-2773.0
1500.0,16900.0,-2775.7
1600.0,16900.0,-2775.0
1700.0,16900.0,-2780.4
1800.0,16900.0,-2782.5
1900.0,16900.0,-2788.0
2000.0,16900.0,-2786.0
2100.0,16900.0,-2791.3
2200.0,16900.0,-2794.7
2300.0,16900.0,-2796.9
2400.0,16900.0,-2800.1
2500.0,16900.0,-2797.1
2600.0,16900.0,-2796.9
2700.0,16900.0,-2799.8
2800.0,16900.0,-2796.7
2900.0,16900.0,-2804.4
3000.0,16900.0,-2804.8
3100.0,16900.0,-2800.7
3200.0,16900.0,-2802.4
3300.0,16900.0,-2802.7
3400.0,16900.0,-2802.1
3500.0,16900.0,-2797.8
3600.0,16900.0,-2795.4
3700.0,16900.0,-2789.9
3800.0,16900.0,-2783.4
3900.0,16900.0,-2791.6
4000.0,16900.0,-2786.2
4100.0,16900.0,-2786.1
4200.0,16900.0,-2778.9
4300.0,16900.0,-2773.8
4400.0,16900.0,-2766.3
4500.0,16900.0,-2766.9
4600.0,16900.0,-2756.6
4700.0,16900.0,-2747.6
4800.0,16900.0,-2748.5
4900.0,16900.0,-2739.4
5000.0,16900.0,-2730.4
5100.0,16900.0,-2721.2
5200.0,16900.0,-2716.0
5300.0,16900.0,-2712.8
5400.0,16900.0,-2696.9
5500.0,16900.0,-2697.0
5600.0,16900.0,-2688.2
5700.0,16900.0,-2681.1
5800.0,16900.0,-2668.2
5900.0,16900.0,-2662.4
6000.0,16900.0,-2656.9
6100.0,16900.0,-2650.0
6200.0,16900.0,-2645.4
6300.0,16900.0,-2636.5
6400.0,16900.0,-2638.3
6500.0,16900.0,-2628.5
6600.0,16900.0,-2630.2
6700.0,16900.0,-2618.3
6800.0,16900.0,-2615.0
6900.0,16900.0,-2610.7
7000.0,16900.0,-2603.3
7100.0,16900.0,-2600.2
7200.0,16900.0,-2602.4
7300.0,16900.0,-2594.9
7400.0,16900.0,-2588.7
7500.0,16900.0,-2592.2
7600.0,16900.0,-2588.0
7700.0,16900.0,-2589.8
7800.0,16900.0,-2590.4
7900.0,16900.0,-2581.0
8000.0,16900.0,-2585.2
8100.0,16900.0,-2575.3
8200.0,16900.0,-2587.1
8300.0,16900.0,-2579.2
8400.0,16900.0,-2577.1
8500.0,16900.0,-2576.9
8600.0,16900.0,-2577.4
8700.0,16900.0,-2575.9
8800.0,16900.0,-2583.2
8900.0,16900.0,-2578.9
9000.0,16900.0,-2585.1
9100.0,16900.0,-2590.7
9200.0,16900.0,-2586.6
9300.0,16900.0,-2590.6
9400.0,16900.0,-2590.0
9500.0,16900.0,-2595.3
9600.0,16900.0,-2600.2
9700.0,16900.0,-2596.6
9800.0,16900.0,-2602.9
9900.0,16900.0,-2603.8
10000.0,16900.0,-2610.9
10100.0,16900.0,-2611.4
10200.0,16900.0,-2619.8
10300.0,16900.0,-2627.5
10400.0,16900.0,-2629.0
10500.0,16900.0,-2630.7
10600.0,16900.0,-2637.9
10700.0,16900.0,-2646.8
10800.0,16900.0,-2645.7
10900.0,16900.0,-2656.1
11000.0,16900.0,-2663.2
11100.0,16900.0,-2664.5
11200.0,16900.0,-2665.4
11300.0,16900.0,-2679.2
11400.0,16900.0,-2683.8
11500.0,16900.0,-2680.3
11600.0,16900.0,-2689.2
11700.0,16900.0,-2694.5
11800.0,16900.0,-2696.2
11900.0,16900.0,-2699.6
12000.0,16900.0,-2700.3
12100.0,16900.0,-2709.0
12200.0,16900.0,-2710.2
12300.0,16900.0,-2711.6
12400.0,16900.0,-2709.3
12500.0,16900.0,-2715.3
12600.0,16900.0,-2718.6
12700.0,16900.0,-2714.4
12800.0,16900.0,-2713.4
12900.0,16900.0,-2713.5
13000.0,16900.0,-2714.9
13100.0,16900.0,-2713.6
13200.0,16900.0,-2710.6
13300.0,16900.0,-2708.3
13400.0,16900.0,-2712.2
13500.0,16900.0,-2705.3
13600.0,16900.0,-2700.6
13700.0,16900.0,-2702.8
13800.0,16900.0,-2696.4
13900.0,16900.0,-2693.0
14000.0,16900.0,-2687.2
14100.0,16900.0,-2692.2
14200.0,16900.0,-2689.6
14300.0,16900.0,-2687.2
14400.0,16900.0,-2683.7
14500.0,16900.0,-2676.4
14600.0,16900.0,-2676.3
14700.0,16900.0,-2670.7
14800.0,16900.0,-2668.2
14900.0,16900.0,-2664.9
15000.0,16900.0,-2656.6
15100.0,16900.0,-2657.8
15200.0,16900.0,-2649.2
15300.0,16900.0,-2646.3
15400.0,16900.0,-2647.5
15500.0,16900.0,-2643.6
15600.0,16900.0,-2639.2
15700.0,16900.0,-2636.1
15800.0,16900.0,-2637.3
15900.0,16900.0,-2630.5
16000.0,16900.0,-2627.2
16100.0,16900.0,-2622.6
16200.0,16900.0,-2622.2
16300.0,16900.0,-2624.7
16400.0,16900.0,-2608.7
16500.0,16900.0,-2612.7
16600.0,16900.0,-2605.7
16700.0,16900.0,-2598.8
16800.0,16900.0,-2608.3
16900.0,16900.0,-2604.5
17000.0,16900.0,-2597.7
17100.0,16900.0,-2599.2
17200.0,16900.0,-2597.1
17300.0,16900.0,-2591.9
17400.0,16900.0,-2599.6
17500.0,16900.0,-2588.4
17600.0,16900.0,-2593.9
17700.0,16900.0,-2590.3
17800.0,16900.0,-2594.0
17900.0,16900.0,-2590.4
18000.0,16900.0,-2589.6
18100.0,16900.0,-2590.1
18200.0,16900.0,-2589.5
18300.0,16900.0,-2588.8
18400.0,16900.0,-2599.6
18500.0,16900.0,-2597.0
18600.0,16900.0,-2595.2
18700.0,16900.0,-2598.8
18800.0,16900.0,-2603.4
18900.0,16900.0,-2605.3
19000.0,16900.0,-2597.6
19100.0,16900.0,-2604.2
19200.0,16900.0,-2604.2
19300.0,16900.0,-2607.1
19400.0,16900.0,-2608.5
19500.0,16900.0,-2617.3
19600.0,16900.0,-2610.4
19700.0,16900.0,-2618.8
19800.0,16900.0,-2617.6
19900.0,16900.0,-2620.7
20000.0,16900.0,-2615.3
0.0,17000.0,-2729.9
100.0,17000.0,-2727.1
200.0,17000.0,-2728.9
300.0,17000.0,-2739.3
400.0,17000.0,-2737.2
500.0,17000.0,-2745.7
600.0,17000.0,-2752.7
700.0,17000.0,-2751.7
800.0,17000.0,-2753.1
900.0,17000.0,-2756.1
1000.0,17000.0,-2762.0
1100.0,17000.0,-2770.2
1200.0,17000.0,-2769.1
1300.0,17000.0,-2771.9
1400.0,17000.0,-2774.7
1500.0,17000.0,-2774.6
1600.0,17000.0,-2776.6
1700.0,17000.0,-2780.8
1800.0,17000.0,-2787.3
1900.0,17000.0,-2782.5
2000.0,17000.0,-2787.6
2100.0,17000.0,-2790.7
2200.0,17000.0,-2791.0
2300.0,17000.0,-2787.7
2400.0,17000.0,-2795.8
2500.0,17000.0,-2795.7
2600.0,17000.0,-2797.2
2700.0,17000.0,-2796.9
2800.0,17000.0,-2796.5
2900.0,17000.0,-2793.9
3000.0,17000.0,-2796.5
3100.0,17000.0,-2799.5
3200.0,17000.0,-2797.5
3300.0,17000.0,-2800.1
3400.0,17000.0,-2793.0
3500.0,17000.0,-2796.7
3600.0,17000.0,-2794.7
3700.0,17000.0,-2788.4
3800.0,17000.0,-2792.2
3900.0,17000.0,-2789.5
4000.0,17000.0,-2787.5
4100.0,17000.0,-2781.9
4200.0,17000.0,-2778.0
4300.0,17000.0,-2774.2
4400.0,17000.0,-2773.6
4500.0,17000.0,-2763.4
4600.0,17000.0,-2760.1
4700.0,17000.0,-2752.6
4800.0,17000.0,-2748.7
4900.0,17000.0,-2735.8
5000.0,17000.0,-2730.3
5100.0,17000.0,-2725.5
5200.0,17000.0,-2717.1
5300.0,17000.0,-2709.1
5400.0,17000.0,-2701.2
5500.0,17000.0,-2700.3
5600.0,17000.0,-2687.1
5700.0,17000.0,-2679.2
5800.0,17000.0,-2668.2
5900.0,17000.0,-2667.4
6000.0,17000.0,-2663.6
6100.0,17000.0,-2657.2
6200.0,17000.0,-2643.4
6300.0,17000.0,-2644.7
6400.0,17000.0,-2636.8
6500.0,17000.0,-2626.1
6600.0,17000.0,-2621.6
6700.0,17000.0,-2618.3
6800.0,17000.0,-2612.2
6900.0,17000.0,-2608.9
7000.0,17000.0,-2609.1
7100.0,17000.0,-2599.0
7200.0,17000.0,-2600.6
7300.0,17000.0,-2599.0
7400.0,17000.0,-2595.6
7500.0,17000.0,-2595.5
7600.0,17000.0,-2590.8
7700.0,17000.0,-2587.7
7800.0,17000.0,-2585.2
7900.0,17000.0,-2583.9
8000.0,17000.0,-2583.7
8100.0,17000.0,-2583.4
8200.0,17000.0,-2584.0
8300.0,17000.0,-2582.3
8400.0,17000.0,-2584.5
8500.0,17000.0,-2586.3
8600.0,17000.0,-2580.8
8700.0,17000.0,-2585.4
8800.0,17000.0,-2583.0
8900.0,17000.0,-2583.4
9000.0,17000.0,-2587.9
9100.0,17000.0,-2584.0
9200.0,17000.0,-2587.9
9300.0,17000.0,-2587.1
9400.0,17000.0,-2586.6
9500.0,17000.0,-2600.2
9600.0,17000.0,-2598.5
9700.0,17000.0,-2600.6
9800.0,17000.0,-2603.3
9900.0,17000.0,-2609.7
10000.0,17000.0,-2613.9
10100.0,17000.0,-2620.1
10200.0,17000.0,-2622.7
10300.0,17000.0,-2627.2
10400.0,17000.0,-2626.6
10500.0,17000.0,-2636.1
10600.0,17000.0,-2640.7
10700.0,17000.0,-2647.4
10800.0,17000.0,-2649.2
10900.0,17000.0,-2654.8
11000.0,17000.0,-2657.9
11100.0,17000.0,-2664.4
11200.0,17000.0,-2669.5
11300.0,17000.0,-2675.0
11400.0,17000.0,-2680.5
11500.0,17000.0,-2681.9
11600.0,17000.0,-2690.5
11700.0,17000.0,-2694.3
11800.0,17000.0,-2694.8
11900.0,17000.0,-2703.1
12000.0,17000.0,-2706.3
12100.0,17000.0,-2708.5
12200.0,17000.0,-2709.6
12300.0,17000.0,-2715.0
12400.0,17000.0,-2715.3
12500.0,17000.0,-2721.5
12600.0,17000.0,-2717.4
12700.0,17000.0,-2713.8
12800.0,17000.0,-2719.4
12900.0,17000.0,-2714.4
13000.0,17000.0,-2713.7
13100.0,17000.0,-2722.0
13200.0,17000.0,-2719.5
13300.0,17000.0,-2719.8
13400.0,17000.0,-2717.5
13500.0,17000.0,-2710.4
13600.0,17000.0,-2709.5
13700.0,17000.0,-2705.3
13800.0,17000.0,-2701.5
13900.0,17000.0,-2701.5
14000.0,17000.0,-2702.5
14100.0,17000.0,-2701.5
14200.0,17000.0,-2693.3
14300.0,17000.0,-2686.3
14400.0,17000.0,-2682.2
14500.0,17000.0,-2683.0
14600.0,17000.0,-2681.7
14700.0,17000.0,-2667.9
14800.0,17000.0,-2674.3
14900.0,17000.0,-2670.6
15000.0,17000.0,-2665.2
15100.0,17000.0,-2666.3
15200.0,17000.0,-2660.2
15300.0,17000.0,-2654.0
15400.0,17000.0,-2651.6
15500.0,17000.0,-2648.7
15600.0,17000.0,-2638.6
15700.0,17000.0,-2637.1
15800.0,17000.0,-2639.8
15900.0,17000.0,-2629.4
16000.0,17000.0,-2634.5
16100.0,17000.0,-2626.2
16200.0,17000.0,-2621.6
16300.0,17000.0,-2617.8
16400.0,17000.0,-2612.5
16500.0,17000.0,-2615.1
16600.0,17000.0,-2608.4
16700.0,17000.0,-2605.5
16800.0,17000.0,-2600.6
16900.0,17000.0,-2600.6
17000.0,17000.0,-2599.6
17100.0,17000.0,-2599.0
17200.0,17000.0,-2595.5
17300.0,17000.0,-2592.5
17400.0,17000.0,-2594.3
17500.0,17000.0,-2594.4
17600.0,17000.0,-2587.5
17700.0,17000.0,-2590.8
17800.0,17000.0,-2583.0
17900.0,17000.0,-2590.0
18000.0,17000.0,-2591.7
18100.0,17000.0,-2589.1
18200.0,17000.0,-2590.0
18300.0,17000.0,-2589.4
18400.0,17000.0,-2590.9
18500.0,17000.0,-2597.7
18600.0,17000.0,-2592.8
18700.0,17000.0,-2591.1
18800.0,17000.0,-2596.1
18900.0,17000.0,-2601.2
19000.0,17000.0,-2603.9
19100.0,17000.0,-2601.6
19200.0,17000.0,-2603.3
19300.0,17000.0,-2600.9
19400.0,17000.0,-2606.7
19500.0,17000.0,-2611.9
19600.0,17000.0,-2610.3
19700.0,17000.0,-2621.8
19800.0,17000.0,-2626.0
19900.0,17000.0,-2615.4
20000.0,17000.0,-2622.6
0.0,17100.0,-2726.0
100.0,17100.0,-2732.4
200.0,17100.0,-2727.5
300.0,17100.0,-2738.0
400.0,17100.0,-2743.3
500.0,17100.0,-2742.1
600.0,17100.0,-2743.2
700.0,17100.0,-2753.5
800.0,17100.0,-2756.3
900.0,17100.0,-2760.1
1000.0,17100.0,-2765.3
1100.0,17100.0,-2762.2
1200.0,17100.0,-2767.2
1300.0,17100.0,-2766.3
1400.0,17100.0,-2777.0
1500.0,17100.0,-2776.4
1600.0,17100.0,-2774.3
1700.0,17100.0,-2780.3
1800.0,17100.0,-2780.7
1900.0,17100.0,-2782.2
2000.0,17100.0,-2780.7
2100.0,17100.0,-2783.2
2200.0,17100.0,-2787.8
2300.0,17100.0,-2794.5
2400.0,17100.0,-2792.8
2500.0,17100.0,-2791.5
2600.0,17100.0,-2796.1
2700.0,17100.0,-2791.0
2800.0,17100.0,-2797.6
2900.0,17100.0,-2800.0
3000.0,17100.0,-2797.6
3100.0,17100.0,-2797.1
3200.0,17100.0,-2792.5
3300.0,17100.0,-2799.1
3400.0,17100.0,-2801.1
3500.0,17100.0,-2787.4
3600.0,17100.0,-2794.8
3700.0,17100.0,-2791.2
3800.0,17100.0,-2791.0
3900.0,17100.0,-2791.0
4000.0,17100.0,-2788.1
4100.0,17100.0,-2779.5
4200.0,17100.0,-2778.0
4300.0,17100.0,-2772.3
4400.0,17100.0,-2766.6
4500.0,17100.0,-2762.1
4600.0,17100.0,-2765.1
4700.0,17100.0,-2751.1
4800.0,17100.0,-2747.3
4900.0,17100.0,-2745.7
5000.0,17100.0,-2734.4
5100.0,17100.0,-2728.5
5200.0,17100.0,-2720.8
5300.0,17100.0,-2717.2
5400.0,17100.0,-2711.8
5500.0,17100.0,-2692.0
5600.0,17100.0,-2689.4
5700.0,17100.0,-2687.0
5800.0,17100.0,-2679.6
5900.0,17100.0,-2669.8
6000.0,17100.0,-2669.2
6100.0,17100.0,-2650.4
6200.0,17100.0,-2648.3
6300.0,17100.0,-2642.9
6400.0,17100.0,-2640.7
6500.0,17100.0,-2624.6
6600.0,17100.0,-2624.6
6700.0,17100.0,-2621.7
6800.0,17100.0,-2619.9
6900.0,17100.0,-2617.7
7000.0,17100.0,-2605.0
7100.0,17100.0,-2611.1
7200.0,17100.0,-2595.4
7300.0,17100.0,-2604.5
7400.0,17100.0,-2594.5
7500.0,17100.0,-2595.4
7600.0,17100.0,-2592.4
7700.0,17100.0,-2597.0
7800.0,17100.0,-2589.6
7900.0,17100.0,-2589.6
8000.0,17100.0,-2585.5
8100.0,17100.0,-2581.1
8200.0,17100.0,-2586.8
8300.0,17100.0,-2579.0
8400.0,17100.0,-2585.0
8500.0,17100.0,-2582.7
8600.0,17100.0,-2583.0
8700.0,17100.0,-2581.4
8800.0,17100.0,-2585.2
8900.0,17100.0,-2589.1
9000.0,17100.0,-2589.2
9100.0,17100.0,-2593.6
9200.0,17100.0,-2592.5
9300.0,17100.0,-2595.9
9400.0,17100.0,-2598.6
9500.0,17100.0,-2592.3
9600.0,17100.0,-2602.6
9700.0,17100.0,-2606.0
9800.0,17100.0,-2606.0
9900.0,17100.0,-2608.2
10000.0,17100.0,-2611.4
10100.0,17100.0,-2608.8
10200.0,17100.0,-2623.5
10300.0,17100.0,-2624.1
10400.0,17100.0,-2638.1
10500.0,17100.0,-2639.7
10600.0,17100.0,-2646.1
10700.0,17100.0,-2642.3
10800.0,17100.0,-2645.5
10900.0,17100.0,-2654.4
11000.0,17100.0,-2659.3
11100.0,17100.0,-2666.1
11200.0,17100.0,-2670.6
11300.0,17100.0,-2672.7
11400.0,17100.0,-2677.6
11500.0,17100.0,-2687.3
11600.0,17100.0,-2687.9
11700.0,17100.0,-2694.3
11800.0,17100.0,-2697.9
11900.0,17100.0,-2703.9
12000.0,17100.0,-2707.4
12100.0,17100.0,-2705.4
12200.0,17100.0,-2718.5
12300.0,17100.0,-2718.9
12400.0,17100.0,-2712.0
12500.0,17100.0,-2720.1
12600.0,17100.0,-2720.9
12700.0,17100.0,-2720.0
12800.0,17100.0,-2725.1
12900.0,17100.0,-2720.1
13000.0,17100.0,-2716.7
13100.0,17100.0,-2718.7
13200.0,17100.0,-2717.9
13300.0,17100.0,-2716.0
13400.0,17100.0,-2716.7
13500.0,17100.0,-2714.3
13600.0,17100.0,-2713.2
13700.0,17100.0,-2714.6
13800.0,17100.0,-2705.4
13900.0,17100.0,-2708.7
14000.0,17100.0,-2705.8
14100.0,17100.0,-2700.1
14200.0,17100.0,-2702.7
14300.0,17100.0,-2696.8
14400.0,17100.0,-2694.1
14500.0,17100.0,-2693.4
14600.0,17100.0,-2686.7
14700.0,17100.0,-2679.3
14800.0,17100.0,-2681.1
14900.0,17100.0,-2675.4
15000.0,17100.0,-2671.9
15100.0,17100.0,-2672.1
15200.0,17100.0,-2671.1
15300.0,17100.0,-2659.9
15400.0,17100.0,-2658.8
15500.0,17100.0,-2647.3
15600.0,17100.0,-2647.3
15700.0,17100.0,-2644.4
15800.0,17100.0,-2634.7
15900.0,17100.0,-2630.6
16000.0,17100.0,-2627.4
16100.0,17100.0,-2621.9
16200.0,17100.0,-2626.0
16300.0,17100.0,-2615.3
16400.0,17100.0,-2612.0
16500.0,17100.0,-2612.3
16600.0,17100.0,-2610.1
16700.0,17100.0,-2607.0
16800.0,17100.0,-2602.7
16900.0,17100.0,-2599.6
17000.0,17100.0,-2599.1
17100.0,17100.0,-2595.7
17200.0,17100.0,-2591.5
17300.0,17100.0,-2591.4
17400.0,17100.0,-2591.7
17500.0,17100.0,-2588.0
17600.0,17100.0,-2591.9
17700.0,17100.0,-2587.8
17800.0,17100.0,-2590.1
17900.0,17100.0,-2588.5
18000.0,17100.0,-2586.8
18100.0,17100.0,-2591.4
18200.0,17100.0,-2587.8
18300.0,17100.0,-2588.3
18400.0,17100.0,-2590.6
18500.0,17100.0,-2592.2
18600.0,17100.0,-2592.7
18700.0,17100.0,-2589.1
18800.0,17100.0,-2599.4
18900.0,17100.0,-2596.6
19000.0,17100.0,-2599.6
19100.0,17100.0,-2601.4
19200.0,17100.0,-2605.0
19300.0,17100.0,-2611.1
19400.0,17100.0,-2609.9
19500.0,17100.0,-2609.6
19600.0,17100.0,-2612.9
19700.0,17100.0,-2614.3
19800.0,17100.0,-2622.9
19900.0,17100.0,-2624.0
20000.0,17100.0,-2622.6
0.0,17200.0,-2725.1
100.0,17200.0,-2734.9
200.0,17200.0,-2732.9
300.0,17200.0,-2742.5
400.0,17200.0,-2733.6
500.0,17200.0,-2742.3
600.0,17200.0,-2747.1
700.0,17200.0,-2748.2
800.0,17200.0,-2750.8
900.0,17200.0,-2756.7
1000.0,17200.0,-2756.6
1100.0,17200.0,-2769.9
1200.0,17200.0,-2767.0
1300.0,17200.0,-2770.0
1400.0,17200.0,-2769.3
1500.0,17200.0,-2773.7
1600.0,17200.0,-2780.6
1700.0,17200.0,-2778.0
1800.0,17200.0,-2778.9
1900.0,17200.0,-2785.0
2000.0,17200.0,-2783.0
2100.0,17200.0,-2783.8
2200.0,17200.0,-2786.8
2300.0,17200.0,-2794.1
2400.0,17200.0,-2785.3
2500.0,17200.0,-2792.4
2600.0,17200.0,-2794.0
2700.0,17200.0,-2795.0
2800.0,17200.0,-2796.1
2900.0,17200.0,-2794.0
3000.0,17200.0,-2798.6
3100.0,17200.0,-2794.7
3200.0,17200.0,-2795.7
3300.0,17200.0,-2791.9
3400.0,17200.0,-2793.9
3500.0,17200.0,-2791.1
3600.0,17200.0,-2793.1
3700.0,17200.0,-2793.7
3800.0,17200.0,-2782.3
3900.0,17200.0,-2785.9
4000.0,17200.0,-2787.2
4100.0,17200.0,-2779.7
4200.0,17200.0,-2772.4
4300.0,17200.0,-2777.3
4400.0,17200.0,-2768.4
4500.0,17200.0,-2767.0
4600.0,17200.0,-2759.3
4700.0,17200.0,-2757.0
4800.0,17200.0,-2746.6
4900.0,17200.0,-2744.2
5000.0,17200.0,-2737.1
5100.0,17200.0,-2727.7
5200.0,17200.0,-2719.3
5300.0,17200.0,-2711.5
5400.0,17200.0,-2705.2
5500.0,17200.0,-2700.8
5600.0,17200.0,-2691.9
5700.0,17200.0,-2681.2
5800.0,17200.0,-2682.7
5900.0,17200.0,-2675.4
6000.0,17200.0,-2667.4
6100.0,17200.0,-2662.3
6200.0,17200.0,-2656.7
6300.0,17200.0,-2644.6
6400.0,17200.0,-2632.3
6500.0,17200.0,-2632.8
6600.0,17200.0,-2627.0
6700.0,17200.0,-2620.2
6800.0,17200.0,-2614.9
6900.0,17200.0,-2620.0
7000.0,17200.0,-2610.8
7100.0,17200.0,-2609.7
7200.0,17200.0,-2598.7
7300.0,17200.0,-2602.1
7400.0,17200.0,-2595.2
7500.0,17200.0,-2597.1
7600.0,17200.0,-2596.9
7700.0,17200.0,-2590.1
7800.0,17200.0,-2592.1
7900.0,17200.0,-2597.4
8000.0,17200.0,-2589.7
8100.0,17200.0,-2591.2
8200.0,17200.0,-2585.3
8300.0,17200.0,-2584.2
8400.0,17200.0,-2590.1
8500.0,17200.0,-2589.7
8600.0,17200.0,-2582.9
8700.0,17200.0,-2592.1
8800.0,17200.0,-2585.7
8900.0,17200.0,-2587.3
9000.0,17200.0,-2591.3
9100.0,17200.0,-2589.7
9200.0,17200.0,-2591.9
9300.0,17200.0,-2597.0
9400.0,17200.0,-2592.4
9500.0,17200.0,-2600.7
9600.0,17200.0,-2599.6
9700.0,17200.0,-2609.1
9800.0,17200.0,-2611.6
9900.0,17200.0,-2610.6
10000.0,17200.0,-2615.0
10100.0,17200.0,-2616.7
10200.0,17200.0,-2624.8
10300.0,17200.0,-2629.3
10400.0,17200.0,-2631.5
10500.0,17200.0,-2641.7
10600.0,17200.0,-2641.0
10700.0,17200.0,-2648.2
10800.0,17200.0,-2656.3
10900.0,17200.0,-2657.5
11000.0,17200.0,-2662.9
11100.0,17200.0,-2673.5
11200.0,17200.0,-2674.5
11300.0,17200.0,-2674.6
11400.0,17200.0,-2685.3
11500.0,17200.0,-2685.9
11600.0,17200.0,-2690.0
11700.0,17200.0,-2696.0
11800.0,17200.0,-2699.4
11900.0,17200.0,-2700.0
12000.0,17200.0,-2705.9
12100.0,17200.0,-2710.6
12200.0,17200.0,-2715.6
12300.0,17200.0,-2719.0
12400.0,17200.0,-2723.1
12500.0,17200.0,-2722.0
12600.0,17200.0,-2725.2
12700.0,17200.0,-2724.7
12800.0,17200.0,-2728.1
12900.0,17200.0,-2726.4
13000.0,17200.0,-2724.8
13100.0,17200.0,-2725.6
13200.0,17200.0,-2721.5
13300.0,17200.0,-2719.4
13400.0,17200.0,-2720.0
13500.0,17200.0,-2718.3
13600.0,17200.0,-2719.8
13700.0,17200.0,-2717.2
13800.0,17200.0,-2717.6
13900.0,17200.0,-2718.7
14000.0,17200.0,-2708.8
14100.0,17200.0,-2710.9
14200.0,17200.0,-2706.9
14300.0,17200.0,-2705.5
14400.0,17200.0,-2700.0
14500.0,17200.0,-2699.5
14600.0,17200.0,-2690.3
14700.0,17200.0,-2689.5
14800.0,17200.0,-2682.8
14900.0,17200.0,-2681.8
15000.0,17200.0,-2677.0
15100.0,17200.0,-2671.6
15200.0,17200.0,-2671.2
15300.0,17200.0,-2664.2
15400.0,17200.0,-2662.0
15500.0,17200.0,-2649.1
15600.0,17200.0,-2653.7
15700.0,17200.0,-2645.6
15800.0,17200.0,-2643.5
15900.0,17200.0,-2640.9
16000.0,17200.0,-2632.2
16100.0,17200.0,-2626.7
16200.0,17200.0,-2622.4
16300.0,17200.0,-2619.3
16400.0,17200.0,-2611.4
16500.0,17200.0,-2612.2
16600.0,17200.0,-2610.7
16700.0,17200.0,-2607.2
16800.0,17200.0,-2603.3
16900.0,17200.0,-2597.4
17000.0,17200.0,-2598.9
17100.0,17200.0,-2594.5
17200.0,17200.0,-2588.1
17300.0,17200.0,-2589.1
17400.0,17200.0,-2583.3
17500.0,17200.0,-2590.5
17600.0,17200.0,-2588.1
17700.0,17200.0,-2587.8
17800.0,17200.0,-2586.9
17900.0,17200.0,-2586.7
18000.0,17200.0,-2584.9
18100.0,17200.0,-2580.8
18200.0,17200.0,-2590.7
18300.0,17200.0,-2589.0
18400.0,17200.0,-2590.7
18500.0,17200.0,-2590.5
18600.0,17200.0,-2595.1
18700.0,17200.0,-2598.6
18800.0,17200.0,-2599.1
18900.0,17200.0,-2596.5
19000.0,17200.0,-2599.2
19100.0,17200.0,-2603.2
19200.0,17200.0,-2601.4
19300.0,17200.0,-2606.3
19400.0,17200.0,-2612.1
19500.0,17200.0,-2612.0
19600.0,17200.0,-2612.5
19700.0,17200.0,-2615.8
19800.0,17200.0,-2621.4
19900.0,17200.0,-2627.0
20000.0,17200.0,-2620.4
0.0,17300.0,-2730.4
100.0,17300.0,-2728.7
200.0,17300.0,-2729.8
300.0,17300.0,-2741.2
400.0,17300.0,-2738.6
500.0,17300.0,-2747.1
600.0,17300.0,-2746.7
700.0,17300.0,-2748.6
800.0,17300.0,-2755.7
900.0,17300.0,-2756.9
1000.0,17300.0,-2763.6
1100.0,17300.0,-2759.4
1200.0,17300.0,-2761.2
1300.0,17300.0,-2766.7
1400.0,17300.0,-2770.8
1500.0,17300.0,-2771.2
1600.0,17300.0,-2777.5
1700.0,17300.0,-2777.0
1800.0,17300.0,-2771.4
1900.0,17300.0,-2780.3
2000.0,17300.0,-2774.9
2100.0,17300.0,-2786.9
2200.0,17300.0,-2786.5
2300.0,17300.0,-2780.7
2400.0,17300.0,-2787.7
2500.0,17300.0,-2790.0
2600.0,17300.0,-2791.2
2700.0,17300.0,-2794.5
2800.0,17300.0,-2792.1
2900.0,17300.0,-2792.9
3000.0,17300.0,-2796.0
3100.0,17300.0,-2795.3
3200.0,17300.0,-2791.7
3300.0,17300.0,-2793.8
3400.0,17300.0,-2791.5
3500.0,17300.0,-2791.7
3600.0,17300.0,-2793.4
3700.0,17300.0,-2787.6
3800.0,17300.0,-2787.2
3900.0,17300.0,-2777.7
4000.0,17300.0,-2784.3
4100.0,17300.0,-2780.0
4200.0,17300.0,-2777.7
4300.0,17300.0,-2769.8
4400.0,17300.0,-2770.6
4500.0,17300.0,-2765.1
4600.0,17300.0,-2756.4
4700.0,17300.0,-2754.2
4800.0,17300.0,-2750.4
4900.0,17300.0,-2741.8
5000.0,17300.0,-2736.5
5100.0,17300.0,-2729.1
5200.0,17300.0,-2720.2
5300.0,17300.0,-2718.7
5400.0,17300.0,-2706.3
5500.0,17300.0,-2696.2
5600.0,17300.0,-2692.7
5700.0,17300.0,-2684.9
5800.0,17300.0,-2684.0
5900.0,17300.0,-2672.8
6000.0,17300.0,-2661.9
6100.0,17300.0,-2657.5
6200.0,17300.0,-2655.7
6300.0,17300.0,-2648.0
6400.0,17300.0,-2643.3
6500.0,17300.0,-2630.2
6600.0,17300.0,-2628.6
6700.0,17300.0,-2624.4
6800.0,17300.0,-2619.8
6900.0,17300.0,-2619.1
7000.0,17300.0,-2609.7
7100.0,17300.0,-2606.0
7200.0,17300.0,-2604.7
7300.0,17300.0,-2599.7
7400.0,17300.0,-2600.3
7500.0,17300.0,-2593.3
7600.0,17300.0,-2593.9
7700.0,17300.0,-2591.3
7800.0,17300.0,-2591.5
7900.0,17300.0,-2587.9
8000.0,17300.0,-2588.1
8100.0,17300.0,-2583.6
8200.0,17300.0,-2587.8
8300.0,17300.0,-2587.3
8400.0,17300.0,-2593.9
8500.0,17300.0,-2595.8
8600.0,17300.0,-2590.0
8700.0,17300.0,-2591.7
8800.0,17300.0,-2586.4
8900.0,17300.0,-2594.0
9000.0,17300.0,-2593.0
9100.0,17300.0,-2595.0
9200.0,17300.0,-2600.0
9300.0,17300.0,-2596.8
9400.0,17300.0,-2600.8
9500.0,17300.0,-2607.9
9600.0,17300.0,-2608.4
9700.0,17300.0,-2611.9
9800.0,17300.0,-2615.0
9900.0,17300.0,-2615.0
10000.0,17300.0,-2624.1
10100.0,17300.0,-2625.9
10200.0,17300.0,-2627.6
10300.0,17300.0,-2627.9
10400.0,17300.0,-2633.4
10500.0,17300.0,-2637.6
10600.0,17300.0,-2646.4
10700.0,17300.0,-2650.0
10800.0,17300.0,-2657.7
10900.0,17300.0,-2663.4
11000.0,17300.0,-2664.0
11100.0,17300.0,-2669.7
11200.0,17300.0,-2679.2
11300.0,17300.0,-2679.7
11400.0,17300.0,-2681.3
11500.0,17300.0,-2686.9
11600.0,17300.0,-2691.9
11700.0,17300.0,-2697.9
11800.0,17300.0,-2695.9
11900.0,17300.0,-2706.2
12000.0,17300.0,-2703.2
12100.0,17300.0,-2709.4
12200.0,17300.0,-2714.1
12300.0,17300.0,-2711.8
12400.0,17300.0,-2717.3
12500.0,17300.0,-2729.8
12600.0,17300.0,-2725.4
12700.0,17300.0,-2722.6
12800.0,17300.0,-2723.6
12900.0,17300.0,-2728.4
13000.0,17300.0,-2724.9
13100.0,17300.0,-2723.6
13200.0,17300.0,-2725.4
13300.0,17300.0,-2724.8
13400.0,17300.0,-2725.5
13500.0,17300.0,-2725.4
13600.0,17300.0,-2726.8
13700.0,17300.0,-2726.3
13800.0,17300.0,-2714.6
13900.0,17300.0,-2722.4
14000.0,17300.0,-2715.9
14100.0,17300.0,-2707.9
14200.0,17300.0,-2719.6
14300.0,17300.0,-2707.5
14400.0,17300.0,-2708.7
14500.0,17300.0,-2705.2
14600.0,17300.0,-2697.8
14700.0,17300.0,-2692.2
14800.0,17300.0,-2691.5
14900.0,17300.0,-2688.4
15000.0,17300.0,-2682.9
15100.0,17300.0,-2681.3
15200.0,17300.0,-2674.4
15300.0,17300.0,-2664.0
15400.0,17300.0,-2663.9
15500.0,17300.0,-2663.6
15600.0,17300.0,-2654.7
15700.0,17300.0,-2646.7
15800.0,17300.0,-2647.2
15900.0,17300.0,-2641.2
16000.0,17300.0,-2634.9
16100.0,17300.0,-2629.5
16200.0,17300.0,-2626.1
16300.0,17300.0,-2623.3
16400.0,17300.0,-2618.7
16500.0,17300.0,-2616.4
16600.0,17300.0,-2603.8
16700.0,17300.0,-2607.9
16800.0,17300.0,-2597.2
16900.0,17300.0,-2596.9
17000.0,17300.0,-2596.8
17100.0,17300.0,-2587.1
17200.0,17300.0,-2592.6
17300.0,17300.0,-2594.8
17400.0,17300.0,-2588.7
17500.0,17300.0,-2588.5
17600.0,17300.0,-2589.2
17700.0,17300.0,-2588.2
17800.0,17300.0,-2584.2
17900.0,17300.0,-2579.5
18000.0,17300.0,-2587.0
18100.0,17300.0,-2582.1
18200.0,17300.0,-2588.7
18300.0,17300.0,-2583.6
18400.0,17300.0,-2588.1
18500.0,17300.0,-2586.0
18600.0,17300.0,-2582.9
18700.0,17300.0,-2592.4
18800.0,17300.0,-2596.6
18900.0,17300.0,-2596.2
19000.0,17300.0,-2600.5
19100.0,17300.0,-2598.8
19200.0,17300.0,-2603.9
19300.0,17300.0,-2605.4
19400.0,17300.0,-2606.3
19500.0,17300.0,-2610.2
19600.0,17300.0,-2609.6
19700.0,17300.0,-2616.1
19800.0,17300.0,-2622.0
19900.0,17300.0,-2619.2
20000.0,17300.0,-2623.1
0.0,17400.0,-2728.4
100.0,17400.0,-2728.7
200.0,17400.0,-2731.3
300.0,17400.0,-2734.2
400.0,17400.0,-2741.9
500.0,17400.0,-2738.7
600.0,17400.0,-2742.9
700.0,17400.0,-2753.6
800.0,17400.0,-2746.1
900.0,17400.0,-2754.9
1000.0,17400.0,-2758.9
1100.0,17400.0,-2764.1
1200.0,17400.0,-2770.1
1300.0,17400.0,-2763.2
1400.0,17400.0,-2762.3
1500.0,17400.0,-2768.4
1600.0,17400.0,-2770.2
1700.0,17400.0,-2777.8
1800.0,17400.0,-2777.4
1900.0,17400.0,-2774.8
2000.0,17400.0,-2779.3
2100.0,17400.0,-2782.2
2200.0,17400.0,-2783.5
2300.0,17400.0,-2784.6
2400.0,17400.0,-2783.0
2500.0,17400.0,-2786.5
2600.0,17400.0,-2788.7
2700.0,17400.0,-2793.6
2800.0,17400.0,-2790.4
2900.0,17400.0,-2790.5
3000.0,17400.0,-2793.7
3100.0,17400.0,-2792.9
3200.0,17400.0,-2791.0
3300.0,17400.0,-2788.0
3400.0,17400.0,-2792.3
3500.0,17400.0,-2786.3
3600.0,17400.0,-2791.2
3700.0,17400.0,-2782.7
3800.0,17400.0,-2789.0
3900.0,17400.0,-2788.2
4000.0,17400.0,-2782.0
4100.0,17400.0,-2775.6
4200.0,17400.0,-2776.5
4300.0,17400.0,-2771.8
4400.0,17400.0,-2769.7
4500.0,17400.0,-2757.4
4600.0,17400.0,-2760.8
4700.0,17400.0,-2753.4
4800.0,17400.0,-2749.1
4900.0,17400.0,-2737.5
5000.0,17400.0,-2733.9
5100.0,17400.0,-2723.5
5200.0,17400.0,-2724.1
5300.0,17400.0,-2706.6
5400.0,17400.0,-2711.1
5500.0,17400.0,-2706.9
5600.0,17400.0,-2696.8
5700.0,17400.0,-2685.0
5800.0,17400.0,-2681.0
5900.0,17400.0,-2670.2
6000.0,17400.0,-2665.7
6100.0,17400.0,-2665.9
6200.0,17400.0,-2651.4
6300.0,17400.0,-2654.3
6400.0,17400.0,-2639.2
6500.0,17400.0,-2636.9
6600.0,17400.0,-2636.1
6700.0,17400.0,-2620.6
6800.0,17400.0,-2620.7
6900.0,17400.0,-2612.4
7000.0,17400.0,-2616.9
7100.0,17400.0,-2605.0
7200.0,17400.0,-2608.4
7300.0,17400.0,-2603.2
7400.0,17400.0,-2602.2
7500.0,17400.0,-2594.0
7600.0,17400.0,-2596.8
7700.0,17400.0,-2596.4
7800.0,17400.0,-2592.5
7900.0,17400.0,-2590.6
8000.0,17400.0,-2589.6
8100.0,17400.0,-2584.8
8200.0,17400.0,-2591.4
8300.0,17400.0,-2592.4
8400.0,17400.0,-2586.8
8500.0,17400.0,-2586.9
8600.0,17400.0,-2588.1
8700.0,17400.0,-2592.0
8800.0,17400.0,-2597.5
8900.0,17400.0,-2589.5
9000.0,17400.0,-2596.9
9100.0,17400.0,-2595.4
9200.0,17400.0,-2600.4
9300.0,17400.0,-2600.5
9400.0,17400.0,-2603.9
9500.0,17400.0,-2606.5
9600.0,17400.0,-2613.0
9700.0,17400.0,-2611.9
9800.0,17400.0,-2619.8
9900.0,17400.0,-2619.1
10000.0,17400.0,-2622.3
10100.0,17400.0,-2629.1
10200.0,17400.0,-2636.2
10300.0,17400.0,-2635.9
10400.0,17400.0,-2639.9
10500.0,17400.0,-2649.3
10600.0,17400.0,-2649.9
10700.0,17400.0,-2655.0
10800.0,17400.0,-2660.7
10900.0,17400.0,-2662.0
11000.0,17400.0,-2671.4
11100.0,17400.0,-2669.3
11200.0,17400.0,-2677.8
11300.0,17400.0,-2686.3
11400.0,17400.0,-2684.6
11500.0,17400.0,-2687.4
11600.0,17400.0,-2697.5
11700.0,17400.0,-2703.0
11800.0,17400.0,-2706.1
11900.0,17400.0,-2708.6
12000.0,17400.0,-2707.8
12100.0,17400.0,-2714.3
12200.0,17400.0,-2714.7
12300.0,17400.0,-2717.3
12400.0,17400.0,-2721.2
12500.0,17400.0,-2720.8
12600.0,17400.0,-2722.6
12700.0,17400.0,-2723.7
12800.0,17400.0,-2721.6
12900.0,17400.0,-2723.7
13000.0,17400.0,-2727.5
13100.0,17400.0,-2728.7
13200.0,17400.0,-2732.8
13300.0,17400.0,-2729.5
13400.0,17400.0,-2727.9
13500.0,17400.0,-2727.4
13600.0,17400.0,-2717.9
13700.0,17400.0,-2726.4
13800.0,17400.0,-2727.3
13900.0,17400.0,-2722.2
14000.0,17400.0,-2721.3
14100.0,17400.0,-2711.8
14200.0,17400.0,-2719.8
14300.0,17400.0,-2712.4
14400.0,17400.0,-2711.7
14500.0,17400.0,-2706.5
14600.0,17400.0,-2708.1
14700.0,17400.0,-2700.1
14800.0,17400.0,-2696.6
14900.0,17400.0,-2691.2
15000.0,17400.0,-2684.9
15100.0,17400.0,-2680.7
15200.0,17400.0,-2679.8
15300.0,17400.0,-2672.9
15400.0,17400.0,-2664.8
15500.0,17400.0,-2664.7
15600.0,17400.0,-2656.1
15700.0,17400.0,-2653.7
15800.0,17400.0,-2647.6
15900.0,17400.0,-2641.3
16000.0,17400.0,-2639.6
16100.0,17400.0,-2633.3
16200.0,17400.0,-2630.5
16300.0,17400.0,-2621.2
16400.0,17400.0,-2624.5
16500.0,17400.0,-2618.2
16600.0,17400.0,-2605.7
16700.0,17400.0,-2610.5
16800.0,17400.0,-2604.6
16900.0,17400.0,-2603.0
17000.0,17400.0,-2596.8
17100.0,17400.0,-2598.7
17200.0,17400.0,-2593.4
17300.0,17400.0,-2583.0
17400.0,17400.0,-2592.8
17500.0,17400.0,-2593.9
17600.0,17400.0,-2586.5
17700.0,17400.0,-2582.5
17800.0,17400.0,-2578.3
17900.0,17400.0,-2579.9
18000.0,17400.0,-2579.7
18100.0,17400.0,-2583.2
18200.0,17400.0,-2585.6
18300.0,17400.0,-2581.3
18400.0,17400.0,-2587.1
18500.0,17400.0,-2589.6
18600.0,17400.0,-2589.8
18700.0,17400.0,-2586.3
18800.0,17400.0,-2597.5
18900.0,17400.0,-2589.3
19000.0,17400.0,-2600.5
19100.0,17400.0,-2599.7
19200.0,17400.0,-2598.2
19300.0,17400.0,-2604.8
19400.0,17400.0,-2604.6
19500.0,17400.0,-2613.5
19600.0,17400.0,-2607.7
19700.0,17400.0,-2614.3
19800.0,17400.0,-2615.5
19900.0,17400.0,-2622.8
20000.0,17400.0,-2621.7
0.0,17500.0,-2728.5
100.0,17500.0,-2728.3
200.0,17500.0,-2734.1
300.0,17500.0,-2735.6
400.0,17500.0,-2742.7
500.0,17500.0,-2738.4
600.0,17500.0,-2747.4
700.0,17500.0,-2749.2
800.0,17500.0,-2748.8
900.0,17500.0,-2754.4
1000.0,17500.0,-2760.9
1100.0,17500.0,-2763.6
1200.0,17500.0,-2759.8
1300.0,17500.0,-2763.5
1400.0,17500.0,-2764.8
1500.0,17500.0,-2769.1
1600.0,17500.0,-2769.6
1700.0,17500.0,-2770.7
1800.0,17500.0,-2775.9
1900.0,17500.0,-2776.4
2000.0,17500.0,-2782.8
2100.0,17500.0,-2781.9
2200.0,17500.0,-2785.3
2300.0,17500.0,-2790.2
2400.0,17500.0,-2783.6
2500.0,17500.0,-2779.3
2600.0,17500.0,-2791.1
2700.0,17500.0,-2785.2
2800.0,17500.0,-2790.5
2900.0,17500.0,-2784.3
3000.0,17500.0,-2790.3
3100.0,17500.0,-2786.3
3200.0,17500.0,-2788.9
3300.0,17500.0,-2791.8
3400.0,17500.0,-2786.2
3500.0,17500.0,-2793.1
3600.0,17500.0,-2783.6
3700.0,17500.0,-2785.6
3800.0,17500.0,-2783.3
3900.0,17500.0,-2777.9
4000.0,17500.0,-2775.9
4100.0,17500.0,-2768.1
4200.0,17500.0,-2775.8
4300.0,17500.0,-2769.8
4400.0,17500.0,-2766.2
4500.0,17500.0,-2761.5
4600.0,17500.0,-2757.7
4700.0,17500.0,-2751.8
4800.0,17500.0,-2746.5
4900.0,17500.0,-2740.1
5000.0,17500.0,-2732.5
5100.0,17500.0,-2728.2
5200.0,17500.0,-2720.4
5300.0,17500.0,-2715.1
5400.0,17500.0,-2702.6
5500.0,17500.0,-2700.7
5600.0,17500.0,-2696.7
5700.0,17500.0,-2692.3
5800.0,17500.0,-2682.6
5900.0,17500.0,-2679.3
6000.0,17500.0,-2667.5
6100.0,17500.0,-2662.6
6200.0,17500.0,-2652.9
6300.0,17500.0,-2651.2
6400.0,17500.0,-2645.0
6500.0,17500.0,-2638.9
6600.0,17500.0,-2627.3
6700.0,17500.0,-2624.1
6800.0,17500.0,-2615.2
6900.0,17500.0,-2622.5
7000.0,17500.0,-2614.4
7100.0,17500.0,-2606.8
7200.0,17500.0,-2607.2
7300.0,17500.0,-2601.9
7400.0,17500.0,-2598.1
7500.0,17500.0,-2598.7
7600.0,17500.0,-2597.0
7700.0,17500.0,-2595.1
7800.0,17500.0,-2585.6
7900.0,17500.0,-2592.9
8000.0,17500.0,-2591.4
8100.0,17500.0,-2585.6
8200.0,17500.0,-2592.5
8300.0,17500.0,-2587.1
8400.0,17500.0,-2592.6
8500.0,17500.0,-2587.3
8600.0,17500.0,-2594.6
8700.0,17500.0,-2594.4
8800.0,17500.0,-2593.9
8900.0,17500.0,-2596.3
9000.0,17500.0,-2596.1
9100.0,17500.0,-2601.0
9200.0,17500.0,-2601.7
9300.0,17500.0,-2607.3
9400.0,17500.0,-2608.5
9500.0,17500.0,-2615.3
9600.0,17500.0,-2616.6
9700.0,17500.0,-2618.7
9800.0,17500.0,-2617.3
9900.0,17500.0,-2621.0
10000.0,17500.0,-2623.8
10100.0,17500.0,-2626.2
10200.0,17500.0,-2633.2
10300.0,17500.0,-2637.4
10400.0,17500.0,-2644.3
10500.0,17500.0,-2647.7
10600.0,17500.0,-2649.6
10700.0,17500.0,-2656.9
10800.0,17500.0,-2660.3
10900.0,17500.0,-2666.4
11000.0,17500.0,-2670.2
11100.0,17500.0,-2670.9
11200.0,17500.0,-2675.2
11300.0,17500.0,-2679.6
11400.0,17500.0,-2686.9
11500.0,17500.0,-2688.2
11600.0,17500.0,-2692.9
11700.0,17500.0,-2696.0
11800.0,17500.0,-2706.3
11900.0,17500.0,-2704.2
12000.0,17500.0,-2706.3
12100.0,17500.0,-2713.2
12200.0,17500.0,-2705.4
12300.0,17500.0,-2721.7
12400.0,17500.0,-2721.9
12500.0,17500.0,-2721.9
12600.0,17500.0,-2728.9
12700.0,17500.0,-2720.1
12800.0,17500.0,-2722.5
12900.0,17500.0,-2724.6
13000.0,17500.0,-2731.0
13100.0,17500.0,-2735.7
13200.0,17500.0,-2727.8
13300.0,17500.0,-2727.4
13400.0,17500.0,-2726.5
13500.0,17500.0,-2727.9
13600.0,17500.0,-2729.1
13700.0,17500.0,-2729.3
13800.0,17500.0,-2722.4
13900.0,17500.0,-2722.4
14000.0,17500.0,-2725.6
14100.0,17500.0,-2720.6
14200.0,17500.0,-2714.1
14300.0,17500.0,-2718.3
14400.0,17500.0,-2708.0
14500.0,17500.0,-2713.5
14600.0,17500.0,-2707.9
14700.0,17500.0,-2702.8
14800.0,17500.0,-2701.5
14900.0,17500.0,-2700.1
15000.0,17500.0,-2690.2
15100.0,17500.0,-2685.7
15200.0,17500.0,-2683.7
15300.0,17500.0,-2676.8
15400.0,17500.0,-2674.3
15500.0,17500.0,-2675.1
15600.0,17500.0,-2662.1
15700.0,17500.0,-2658.4
15800.0,17500.0,-2650.6
15900.0,17500.0,-2646.5
16000.0,17500.0,-2637.2
16100.0,17500.0,-2632.2
16200.0,17500.0,-2626.4
16300.0,17500.0,-2624.8
16400.0,17500.0,-2628.2
16500.0,17500.0,-2613.3
16600.0,17500.0,-2614.3
16700.0,17500.0,-2609.5
16800.0,17500.0,-2603.6
16900.0,17500.0,-2599.7
17000.0,17500.0,-2597.6
17100.0,17500.0,-2589.2
17200.0,17500.0,-2592.1
17300.0,17500.0,-2590.5
17400.0,17500.0,-2584.6
17500.0,17500.0,-2588.3
17600.0,17500.0,-2580.9
17700.0,17500.0,-2581.8
17800.0,17500.0,-2580.0
17900.0,17500.0,-2578.8
18000.0,17500.0,-2583.4
18100.0,17500.0,-2582.1
18200.0,17500.0,-2585.3
18300.0,17500.0,-2582.1
18400.0,17500.0,-2588.3
18500.0,17500.0,-2589.5
18600.0,17500.0,-2585.4
18700.0,17500.0,-2594.8
18800.0,17500.0,-2594.3
18900.0,17500.0,-2596.7
19000.0,17500.0,-2592.0
19100.0,17500.0,-2598.9
19200.0,17500.0,-2596.7
19300.0,17500.0,-2603.4
19400.0,17500.0,-2608.8
19500.0,17500.0,-2614.1
19600.0,17500.0,-2612.1
19700.0,17500.0,-2622.2
19800.0,17500.0,-2614.6
19900.0,17500.0,-2624.4
20000.0,17500.0,-2626.1
0.0,17600.0,-2727.9
100.0,17600.0,-2730.7
200.0,17600.0,-2729.9
300.0,17600.0,-2739.4
400.0,17600.0,-2739.0
500.0,17600.0,-2742.0
600.0,17600.0,-2747.3
700.0,17600.0,-2747.4
800.0,17600.0,-2747.1
900.0,17600.0,-2748.7
1000.0,17600.0,-2757.7
1100.0,17600.0,-2756.1
1200.0,17600.0,-2757.1
1300.0,17600.0,-2760.5
1400.0,17600.0,-2763.9
1500.0,17600.0,-2764.7
1600.0,17600.0,-2770.7
1700.0,17600.0,-2775.4
1800.0,17600.0,-2773.8
1900.0,17600.0,-2768.9
2000.0,17600.0,-2777.0
2100.0,17600.0,-2777.6
2200.0,17600.0,-2780.4
2300.0,17600.0,-2779.9
2400.0,17600.0,-2783.1
2500.0,17600.0,-2785.3
2600.0,17600.0,-2779.8
2700.0,17600.0,-2786.7
2800.0,17600.0,-2787.0
2900.0,17600.0,-2790.1
3000.0,17600.0,-2783.4
3100.0,17600.0,-2786.5
3200.0,17600.0,-2791.3
3300.0,17600.0,-2778.8
3400.0,17600.0,-2787.9
3500.0,17600.0,-2787.1
3600.0,17600.0,-2789.7
3700.0,17600.0,-2783.7
3800.0,17600.0,-2778.3
3900.0,17600.0,-2782.5
4000.0,17600.0,-2775.5
4100.0,17600.0,-2775.5
4200.0,17600.0,-2773.2
4300.0,17600.0,-2769.9
4400.0,17600.0,-2764.9
4500.0,17600.0,-2758.8
4600.0,17600.0,-2755.0
4700.0,17600.0,-2755.6
4800.0,17600.0,-2741.2
4900.0,17600.0,-2742.2
5000.0,17600.0,-2737.0
5100.0,17600.0,-2729.9
5200.0,17600.0,-2723.8
5300.0,17600.0,-2721.5
5400.0,17600.0,-2709.0
5500.0,17600.0,-2708.8
5600.0,17600.0,-2696.6
5700.0,17600.0,-2694.1
5800.0,17600.0,-2685.6
5900.0,17600.0,-2676.9
6000.0,17600.0,-2674.3
6100.0,17600.0,-2670.5
6200.0,17600.0,-2657.5
6300.0,17600.0,-2655.5
6400.0,17600.0,-2644.9
6500.0,17600.0,-2632.9
6600.0,17600.0,-2635.9
6700.0,17600.0,-2626.7
6800.0,17600.0,-2623.2
6900.0,17600.0,-2616.9
7000.0,17600.0,-2613.2
7100.0,17600.0,-2611.4
7200.0,17600.0,-2603.6
7300.0,17600.0,-2600.7
7400.0,17600.0,-2597.8
7500.0,17600.0,-2596.7
7600.0,17600.0,-2599.5
7700.0,17600.0,-2595.9
7800.0,17600.0,-2595.4
7900.0,17600.0,-2593.9
8000.0,17600.0,-2593.9
8100.0,17600.0,-2590.2
8200.0,17600.0,-2593.2
8300.0,17600.0,-2584.2
8400.0,17600.0,-2592.7
8500.0,17600.0,-2586.6
8600.0,17600.0,-2590.5
8700.0,17600.0,-2594.2
8800.0,17600.0,-2597.8
8900.0,17600.0,-2593.8
9000.0,17600.0,-2603.1
9100.0,17600.0,-2592.7
9200.0,17600.0,-2600.5
9300.0,17600.0,-2608.0
9400.0,17600.0,-2607.7
9500.0,17600.0,-2611.2
9600.0,17600.0,-2615.4
9700.0,17600.0,-2621.8
9800.0,17600.0,-2622.1
9900.0,17600.0,-2626.9
10000.0,17600.0,-2627.6
10100.0,17600.0,-2632.1
10200.0,17600.0,-2638.3
10300.0,17600.0,-2636.6
10400.0,17600.0,-2643.2
10500.0,17600.0,-2650.1
10600.0,17600.0,-2661.8
10700.0,17600.0,-2665.0
10800.0,17600.0,-2665.5
10900.0,17600.0,-2670.1
11000.0,17600.0,-2674.7
11100.0,17600.0,-2679.2
11200.0,17600.0,-2684.1
11300.0,17600.0,-2685.4
11400.0,17600.0,-2689.3
11500.0,17600.0,-2688.2
11600.0,17600.0,-2695.2
11700.0,17600.0,-2700.6
11800.0,17600.0,-2695.7
11900.0,17600.0,-2707.3
12000.0,17600.0,-2710.4
12100.0,17600.0,-2712.8
12200.0,17600.0,-2713.5
12300.0,17600.0,-2721.6
12400.0,17600.0,-2722.3
12500.0,17600.0,-2723.1
12600.0,17600.0,-2730.6
12700.0,17600.0,-2731.8
12800.0,17600.0,-2729.8
12900.0,17600.0,-2733.6
13000.0,17600.0,-2735.3
13100.0,17600.0,-2733.5
13200.0,17600.0,-2734.4
13300.0,17600.0,-2736.2
13400.0,17600.0,-2732.0
13500.0,17600.0,-2731.9
13600.0,17600.0,-2726.6
13700.0,17600.0,-2733.4
13800.0,17600.0,-2729.5
13900.0,17600.0,-2725.8
14000.0,17600.0,-2736.0
14100.0,17600.0,-2725.2
14200.0,17600.0,-2720.4
14300.0,17600.0,-2721.1
14400.0,17600.0,-2714.5
14500.0,17600.0,-2718.0
14600.0,17600.0,-2709.4
14700.0,17600.0,-2710.0
14800.0,17600.0,-2707.8
14900.0,17600.0,-2699.5
15000.0,17600.0,-2694.8
15100.0,17600.0,-2690.9
15200.0,17600.0,-2685.1
15300.0,17600.0,-2683.8
15400.0,17600.0,-2680.5
15500.0,17600.0,-2670.4
15600.0,17600.0,-2666.9
15700.0,17600.0,-2660.1
15800.0,17600.0,-2652.0
15900.0,17600.0,-2651.6
16000.0,17600.0,-2640.6
16100.0,17600.0,-2641.2
16200.0,17600.0,-2631.5
16300.0,17600.0,-2632.7
16400.0,17600.0,-2619.9
16500.0,17600.0,-2620.2
16600.0,17600.0,-2614.9
16700.0,17600.0,-2607.1
16800.0,17600.0,-2603.2
16900.0,17600.0,-2601.7
17000.0,17600.0,-2601.2
17100.0,17600.0,-2596.9
17200.0,17600.0,-2586.4
17300.0,17600.0,-2586.2
17400.0,17600.0,-2579.0
17500.0,17600.0,-2579.7
17600.0,17600.0,-2584.8
17700.0,17600.0,-2577.0
17800.0,17600.0,-2585.1
17900.0,17600.0,-2582.8
18000.0,17600.0,-2579.0
18100.0,17600.0,-2578.0
18200.0,17600.0,-2578.5
18300.0,17600.0,-2581.2
18400.0,17600.0,-2579.2
18500.0,17600.0,-2581.4
18600.0,17600.0,-2586.0
18700.0,17600.0,-2587.6
18800.0,17600.0,-2588.7
18900.0,17600.0,-2592.3
19000.0,17600.0,-2598.9
19100.0,17600.0,-2601.5
19200.0,17600.0,-2599.3
19300.0,17600.0,-2604.1
19400.0,17600.0,-2604.9
19500.0,17600.0,-2605.6
19600.0,17600.0,-2611.8
19700.0,17600.0,-2619.3
19800.0,17600.0,-2617.0
19900.0,17600.0,-2619.4
20000.0,17600.0,-2623.8
0.0,17700.0,-2732.8
100.0,17700.0,-2733.4
200.0,17700.0,-2730.4
300.0,17700.0,-2742.9
400.0,17700.0,-2738.0
500.0,17700.0,-2742.4
600.0,17700.0,-2744.0
700.0,17700.0,-2743.0
800.0,17700.0,-2746.3
900.0,17700.0,-2749.5
1000.0,17700.0,-2742.9
1100.0,17700.0,-2756.5
1200.0,17700.0,-2759.6
1300.0,17700.0,-2760.6
1400.0,17700.0,-2764.0
1500.0,17700.0,-2767.5
1600.0,17700.0,-2769.3
1700.0,17700.0,-2778.1
1800.0,17700.0,-2771.5
1900.0,17700.0,-2776.9
2000.0,17700.0,-2772.1
2100.0,17700.0,-2782.4
2200.0,17700.0,-2777.1
2300.0,17700.0,-2777.4
2400.0,17700.0,-2781.4
2500.0,17700.0,-2779.8
2600.0,17700.0,-2783.0
2700.0,17700.0,-2790.9
2800.0,17700.0,-2777.6
2900.0,17700.0,-2786.3
3000.0,17700.0,-2784.4
3100.0,17700.0,-2788.4
3200.0,17700.0,-2785.6
3300.0,17700.0,-2784.7
3400.0,17700.0,-2787.6
3500.0,17700.0,-2778.4
3600.0,17700.0,-2781.2
3700.0,17700.0,-2777.5
3800.0,17700.0,-2780.5
3900.0,17700.0,-2776.1
4000.0,17700.0,-2774.1
4100.0,17700.0,-2768.6
4200.0,17700.0,-2769.1
4300.0,17700.0,-2763.3
4400.0,17700.0,-2759.3
4500.0,17700.0,-2757.7
4600.0,17700.0,-2750.3
4700.0,17700.0,-2754.5
4800.0,17700.0,-2742.9
4900.0,17700.0,-2740.2
5000.0,17700.0,-2737.4
5100.0,17700.0,-2726.1
5200.0,17700.0,-2722.6
5300.0,17700.0,-2709.3
5400.0,17700.0,-2708.9
5500.0,17700.0,-2702.2
5600.0,17700.0,-2692.8
5700.0,17700.0,-2691.9
5800.0,17700.0,-2685.8
5900.0,17700.0,-2675.7
6000.0,17700.0,-2672.3
6100.0,17700.0,-2664.8
6200.0,17700.0,-2658.4
6300.0,17700.0,-2647.2
6400.0,17700.0,-2642.7
6500.0,17700.0,-2638.3
6600.0,17700.0,-2637.9
6700.0,17700.0,-2630.2
6800.0,17700.0,-2618.7
6900.0,17700.0,-2617.7
7000.0,17700.0,-2617.1
7100.0,17700.0,-2610.3
7200.0,17700.0,-2602.8
7300.0,17700.0,-2609.6
7400.0,17700.0,-2600.0
7500.0,17700.0,-2594.4
7600.0,17700.0,-2599.0
7700.0,17700.0,-2589.4
7800.0,17700.0,-2592.6
7900.0,17700.0,-2582.6
8000.0,17700.0,-2588.6
8100.0,17700.0,-2594.5
8200.0,17700.0,-2594.8
8300.0,17700.0,-2594.3
8400.0,17700.0,-2587.6
8500.0,17700.0,-2596.3
8600.0,17700.0,-2597.0
8700.0,17700.0,-2599.6
8800.0,17700.0,-2594.1
8900.0,17700.0,-2599.7
9000.0,17700.0,-2603.3
9100.0,17700.0,-2602.7
9200.0,17700.0,-2606.2
9300.0,17700.0,-2609.1
9400.0,17700.0,-2610.5
9500.0,17700.0,-2616.8
9600.0,17700.0,-2616.3
9700.0,17700.0,-2620.7
9800.0,17700.0,-2624.5
9900.0,17700.0,-2628.0
10000.0,17700.0,-2635.5
10100.0,17700.0,-2637.8
10200.0,17700.0,-2636.5
10300.0,17700.0,-2647.4
10400.0,17700.0,-2652.1
10500.0,17700.0,-2652.9
10600.0,17700.0,-2649.8
10700.0,17700.0,-2657.8
10800.0,17700.0,-2666.7
10900.0,17700.0,-2671.8
11000.0,17700.0,-2671.2
11100.0,17700.0,-2675.2
11200.0,17700.0,-2678.0
11300.0,17700.0,-2685.7
11400.0,17700.0,-2692.2
11500.0,17700.0,-2691.8
11600.0,17700.0,-2698.7
11700.0,17700.0,-2702.2
11800.0,17700.0,-2704.3
11900.0,17700.0,-2705.1
12000.0,17700.0,-2708.5
12100.0,17700.0,-2715.1
12200.0,17700.0,-2714.4
12300.0,17700.0,-2719.6
12400.0,17700.0,-2721.2
12500.0,17700.0,-2721.1
12600.0,17700.0,-2729.8
12700.0,17700.0,-2731.5
12800.0,17700.0,-2727.4
12900.0,17700.0,-2730.5
13000.0,17700.0,-2731.7
13100.0,17700.0,-2738.4
13200.0,17700.0,-2735.7
13300.0,17700.0,-2734.3
13400.0,17700.0,-2736.1
13500.0,17700.0,-2735.9
13600.0,17700.0,-2734.6
13700.0,17700.0,-2738.4
13800.0,17700.0,-2731.9
13900.0,17700.0,-2732.3
14000.0,17700.0,-2729.1
14100.0,17700.0,-2728.0
14200.0,17700.0,-2731.1
14300.0,17700.0,-2725.8
14400.0,17700.0,-2717.5
14500.0,17700.0,-2717.2
14600.0,17700.0,-2713.3
14700.0,17700.0,-2717.0
14800.0,17700.0,-2705.3
14900.0,17700.0,-2706.8
15000.0,17700.0,-2699.6
15100.0,17700.0,-2699.2
15200.0,17700.0,-2685.1
15300.0,17700.0,-2682.9
15400.0,17700.0,-2687.7
15500.0,17700.0,-2672.7
15600.0,17700.0,-2671.6
15700.0,17700.0,-2662.0
15800.0,17700.0,-2655.7
15900.0,17700.0,-2654.3
16000.0,17700.0,-2648.9
16100.0,17700.0,-2644.8
16200.0,17700.0,-2634.9
16300.0,17700.0,-2630.2
16400.0,17700.0,-2625.0
16500.0,17700.0,-2617.3
16600.0,17700.0,-2609.9
16700.0,17700.0,-2613.1
16800.0,17700.0,-2605.9
16900.0,17700.0,-2602.8
17000.0,17700.0,-2592.3
17100.0,17700.0,-2595.8
17200.0,17700.0,-2590.1
17300.0,17700.0,-2587.7
17400.0,17700.0,-2582.3
17500.0,17700.0,-2583.9
17600.0,17700.0,-2582.7
17700.0,17700.0,-2578.5
17800.0,17700.0,-2580.9
17900.0,17700.0,-2583.4
18000.0,17700.0,-2577.2
18100.0,17700.0,-2585.9
18200.0,17700.0,-2577.5
18300.0,17700.0,-2580.9
18400.0,17700.0,-2584.0
18500.0,17700.0,-2588.8
18600.0,17700.0,-2584.0
18700.0,17700.0,-2583.6
18800.0,17700.0,-2591.7
18900.0,17700.0,-2594.5
19000.0,17700.0,-2595.1
19100.0,17700.0,-2599.2
19200.0,17700.0,-2600.0
19300.0,17700.0,-2604.5
19400.0,17700.0,-2607.5
19500.0,17700.0,-2611.9
19600.0,17700.0,-2613.1
19700.0,17700.0,-2618.6
19800.0,17700.0,-2617.1
19900.0,17700.0,-2621.5
20000.0,17700.0,-2628.4
0.0,17800.0,-2729.0
100.0,17800.0,-2733.3
200.0,17800.0,-2735.6
300.0,17800.0,-2739.7
400.0,17800.0,-2741.4
500.0,17800.0,-2737.4
600.0,17800.0,-2745.1
700.0,17800.0,-2742.1
800.0,17800.0,-2748.5
900.0,17800.0,-2753.9
1000.0,17800.0,-2754.8
1100.0,17800.0,-2752.8
1200.0,17800.0,-2754.5
1300.0,17800.0,-2754.4
1400.0,17800.0,-2763.2
1500.0,17800.0,-2760.5
1600.0,17800.0,-2765.8
1700.0,17800.0,-2767.8
1800.0,17800.0,-2767.8
1900.0,17800.0,-2769.6
2000.0,17800.0,-2767.5
2100.0,17800.0,-2776.2
2200.0,17800.0,-2771.0
2300.0,17800.0,-2780.2
2400.0,17800.0,-2779.4
2500.0,17800.0,-2774.7
2600.0,17800.0,-2781.7
2700.0,17800.0,-2777.3
2800.0,17800.0,-2782.7
2900.0,17800.0,-2783.6
3000.0,17800.0,-2790.5
3100.0,17800.0,-2787.5
3200.0,17800.0,-2782.6
3300.0,17800.0,-2783.1
3400.0,17800.0,-2785.6
3500.0,17800.0,-2780.6
3600.0,17800.0,-2780.6
3700.0,17800.0,-2780.5
3800.0,17800.0,-2775.7
3900.0,17800.0,-2771.7
4000.0,17800.0,-2775.6
4100.0,17800.0,-2768.7
4200.0,17800.0,-2766.6
4300.0,17800.0,-2764.7
4400.0,17800.0,-2760.4
4500.0,17800.0,-2755.5
4600.0,17800.0,-2755.5
4700.0,17800.0,-2747.6
4800.0,17800.0,-2747.6
4900.0,17800.0,-2732.7
5000.0,17800.0,-2728.5
5100.0,17800.0,-2730.2
5200.0,17800.0,-2714.7
5300.0,17800.0,-2720.4
5400.0,17800.0,-2713.2
5500.0,17800.0,-2702.4
5600.0,17800.0,-2692.8
5700.0,17800.0,-2694.0
5800.0,17800.0,-2684.2
5900.0,17800.0,-2675.0
6000.0,17800.0,-2678.4
6100.0,17800.0,-2666.2
6200.0,17800.0,-2657.6
6300.0,17800.0,-2652.5
6400.0,17800.0,-2645.3
6500.0,17800.0,-2640.6
6600.0,17800.0,-2636.5
6700.0,17800.0,-2625.3
6800.0,17800.0,-2623.7
6900.0,17800.0,-2614.7
7000.0,17800.0,-2620.4
7100.0,17800.0,-2611.7
7200.0,17800.0,-2605.1
7300.0,17800.0,-2608.0
7400.0,17800.0,-2600.2
7500.0,17800.0,-2597.6
7600.0,17800.0,-2599.1
7700.0,17800.0,-2591.3
7800.0,17800.0,-2594.9
7900.0,17800.0,-2597.8
8000.0,17800.0,-2588.4
8100.0,17800.0,-2590.7
8200.0,17800.0,-2591.2
8300.0,17800.0,-2594.9
8400.0,17800.0,-2594.5
8500.0,17800.0,-2592.4
8600.0,17800.0,-2593.5
8700.0,17800.0,-2595.7
8800.0,17800.0,-2595.1
8900.0,17800.0,-2603.6
9000.0,17800.0,-2607.9
9100.0,17800.0,-2608.2
9200.0,17800.0,-2606.2
9300.0,17800.0,-2611.3
9400.0,17800.0,-2616.2
9500.0,17800.0,-2613.2
9600.0,17800.0,-2614.7
9700.0,17800.0,-2620.8
9800.0,17800.0,-2627.9
9900.0,17800.0,-2629.1
10000.0,17800.0,-2625.3
10100.0,17800.0,-2636.5
10200.0,17800.0,-2644.1
10300.0,17800.0,-2644.7
10400.0,17800.0,-2652.5
10500.0,17800.0,-2653.9
10600.0,17800.0,-2658.7
10700.0,17800.0,-2661.9
10800.0,17800.0,-2664.4
10900.0,17800.0,-2667.9
11000.0,17800.0,-2676.6
11100.0,17800.0,-2683.3
11200.0,17800.0,-2680.3
11300.0,17800.0,-2687.0
11400.0,17800.0,-2687.3
11500.0,17800.0,-2695.9
11600.0,17800.0,-2696.3
11700.0,17800.0,-2698.1
11800.0,17800.0,-2709.4
11900.0,17800.0,-2709.5
12000.0,17800.0,-2707.4
12100.0,17800.0,-2719.3
12200.0,17800.0,-2719.3
12300.0,17800.0,-2720.3
12400.0,17800.0,-2716.7
12500.0,17800.0,-2728.9
12600.0,17800.0,-2725.4
12700.0,17800.0,-2727.9
12800.0,17800.0,-2733.1
12900.0,17800.0,-2736.4
13000.0,17800.0,-2739.1
13100.0,17800.0,-2736.4
13200.0,17800.0,-2737.3
13300.0,17800.0,-2733.0
13400.0,17800.0,-2735.8
13500.0,17800.0,-2733.6
13600.0,17800.0,-2734.6
13700.0,17800.0,-2737.8
13800.0,17800.0,-2741.6
13900.0,17800.0,-2736.9
14000.0,17800.0,-2736.7
14100.0,17800.0,-2736.9
14200.0,17800.0,-2729.6
14300.0,17800.0,-2728.9
14400.0,17800.0,-2723.3
14500.0,17800.0,-2719.9
14600.0,17800.0,-2721.9
14700.0,17800.0,-2712.8
14800.0,17800.0,-2716.3
14900.0,17800.0,-2704.3
15000.0,17800.0,-2709.4
15100.0,17800.0,-2702.6
15200.0,17800.0,-2697.0
15300.0,17800.0,-2688.0
15400.0,17800.0,-2685.3
15500.0,17800.0,-2680.0
15600.0,17800.0,-2667.7
15700.0,17800.0,-2666.8
15800.0,17800.0,-2662.8
15900.0,17800.0,-2660.2
16000.0,17800.0,-2646.9
16100.0,17800.0,-2646.4
16200.0,17800.0,-2636.6
16300.0,17800.0,-2630.9
16400.0,17800.0,-2628.3
16500.0,17800.0,-2620.4
16600.0,17800.0,-2615.0
16700.0,17800.0,-2611.4
16800.0,17800.0,-2609.9
16900.0,17800.0,-2599.4
17000.0,17800.0,-2599.8
17100.0,17800.0,-2591.5
17200.0,17800.0,-2587.5
17300.0,17800.0,-2591.3
17400.0,17800.0,-2585.5
17500.0,17800.0,-2582.8
17600.0,17800.0,-2580.2
17700.0,17800.0,-2582.3
17800.0,17800.0,-2578.8
17900.0,17800.0,-2579.6
18000.0,17800.0,-2578.2
18100.0,17800.0,-2576.8
18200.0,17800.0,-2578.4
18300.0,17800.0,-2578.7
18400.0,17800.0,-2581.7
18500.0,17800.0,-2588.7
18600.0,17800.0,-2586.4
18700.0,17800.0,-2592.3
18800.0,17800.0,-2591.9
18900.0,17800.0,-2591.1
19000.0,17800.0,-2591.7
19100.0,17800.0,-2597.8
19200.0,17800.0,-2603.2
19300.0,17800.0,-2608.5
19400.0,17800.0,-2605.2
19500.0,17800.0,-2606.3
19600.0,17800.0,-2614.6
19700.0,17800.0,-2618.6
19800.0,17800.0,-2624.4
19900.0,17800.0,-2626.2
20000.0,17800.0,-2625.9
0.0,17900.0,-2728.9
100.0,17900.0,-2736.9
200.0,17900.0,-2737.2
300.0,17900.0,-2741.8
400.0,17900.0,-2743.4
500.0,17900.0,-2746.6
600.0,17900.0,-2736.9
700.0,17900.0,-2746.4
800.0,17900.0,-2746.4
900.0,17900.0,-2751.3
1000.0,17900.0,-2748.6
1100.0,17900.0,-2754.0
1200.0,17900.0,-2749.8
1300.0,17900.0,-2759.2
1400.0,17900.0,-2759.7
1500.0,17900.0,-2764.8
1600.0,17900.0,-2764.3
1700.0,17900.0,-2769.0
1800.0,17900.0,-2764.2
1900.0,17900.0,-2769.5
2000.0,17900.0,-2771.0
2100.0,17900.0,-2769.7
2200.0,17900.0,-2774.4
2300.0,17900.0,-2777.1
2400.0,17900.0,-2775.3
2500.0,17900.0,-2776.9
2600.0,17900.0,-2779.5
2700.0,17900.0,-2782.9
2800.0,17900.0,-2782.8
2900.0,17900.0,-2780.3
3000.0,17900.0,-2786.3
3100.0,17900.0,-2779.0
3200.0,17900.0,-2783.3
3300.0,17900.0,-2784.0
3400.0,17900.0,-2778.8
3500.0,17900.0,-2780.5
3600.0,17900.0,-2780.1
3700.0,17900.0,-2778.2
3800.0,17900.0,-2771.8
3900.0,17900.0,-2768.6
4000.0,17900.0,-2771.9
4100.0,17900.0,-2772.7
4200.0,17900.0,-2769.6
4300.0,17900.0,-2767.6
4400.0,17900.0,-2753.0
4500.0,17900.0,-2753.9
4600.0,17900.0,-2750.5
4700.0,17900.0,-2744.7
4800.0,17900.0,-2744.9
4900.0,17900.0,-2736.9
5000.0,17900.0,-2736.2
5100.0,17900.0,-2723.5
5200.0,17900.0,-2716.0
5300.0,17900.0,-2712.4
5400.0,17900.0,-2709.9
5500.0,17900.0,-2702.1
5600.0,17900.0,-2694.0
5700.0,17900.0,-2689.2
5800.0,17900.0,-2685.1
5900.0,17900.0,-2676.6
6000.0,17900.0,-2674.6
6100.0,17900.0,-2662.7
6200.0,17900.0,-2654.1
6300.0,17900.0,-2651.6
6400.0,17900.0,-2649.9
6500.0,17900.0,-2640.4
6600.0,17900.0,-2634.0
6700.0,17900.0,-2630.2
6800.0,17900.0,-2624.3
6900.0,17900.0,-2619.7
7000.0,17900.0,-2618.8
7100.0,17900.0,-2612.1
7200.0,17900.0,-2607.7
7300.0,17900.0,-2606.9
7400.0,17900.0,-2594.8
7500.0,17900.0,-2602.3
7600.0,17900.0,-2596.7
7700.0,17900.0,-2595.4
7800.0,17900.0,-2599.5
7900.0,17900.0,-2596.3
8000.0,17900.0,-2590.8
8100.0,17900.0,-2591.2
8200.0,17900.0,-2593.3
8300.0,17900.0,-2589.4
8400.0,17900.0,-2591.5
8500.0,17900.0,-2590.1
8600.0,17900.0,-2595.3
8700.0,17900.0,-2595.6
8800.0,17900.0,-2596.8
8900.0,17900.0,-2598.8
9000.0,17900.0,-2604.4
9100.0,17900.0,-2606.2
9200.0,17900.0,-2598.9
9300.0,17900.0,-2614.0
9400.0,17900.0,-2616.2
9500.0,17900.0,-2619.7
9600.0,17900.0,-2628.3
9700.0,17900.0,-2623.4
9800.0,17900.0,-2629.3
9900.0,17900.0,-2631.9
10000.0,17900.0,-2637.4
10100.0,17900.0,-2637.4
10200.0,17900.0,-2642.4
10300.0,17900.0,-2646.5
10400.0,17900.0,-2652.4
10500.0,17900.0,-2650.0
10600.0,17900.0,-2655.5
10700.0,17900.0,-2668.8
10800.0,17900.0,-2671.2
10900.0,17900.0,-2675.1
11000.0,17900.0,-2675.4
11100.0,17900.0,-2686.5
11200.0,17900.0,-2682.7
11300.0,17900.0,-2692.0
11400.0,17900.0,-2693.4
11500.0,17900.0,-2695.3
11600.0,17900.0,-2697.1
11700.0,17900.0,-2705.2
11800.0,17900.0,-2707.0
11900.0,17900.0,-2709.3
12000.0,17900.0,-2705.0
12100.0,17900.0,-2718.5
12200.0,17900.0,-2717.2
12300.0,17900.0,-2719.9
12400.0,17900.0,-2726.7
12500.0,17900.0,-2729.5
12600.0,17900.0,-2725.7
12700.0,17900.0,-2726.3
12800.0,17900.0,-2729.5
12900.0,17900.0,-2729.5
13000.0,17900.0,-2731.7
13100.0,17900.0,-2735.2
13200.0,17900.0,-2735.1
13300.0,17900.0,-2738.0
13400.0,17900.0,-2741.0
13500.0,17900.0,-2737.0
13600.0,17900.0,-2743.5
13700.0,17900.0,-2735.8
13800.0,17900.0,-2738.3
13900.0,17900.0,-2736.9
14000.0,17900.0,-2729.2
14100.0,17900.0,-2737.7
14200.0,17900.0,-2738.2
14300.0,17900.0,-2728.5
14400.0,17900.0,-2731.5
14500.0,17900.0,-2726.8
14600.0,17900.0,-2716.6
14700.0,17900.0,-2717.0
14800.0,17900.0,-2719.4
14900.0,17900.0,-2712.5
15000.0,17900.0,-2716.9
15100.0,17900.0,-2701.9
15200.0,17900.0,-2696.7
15300.0,17900.0,-2696.9
15400.0,17900.0,-2686.9
15500.0,17900.0,-2682.7
15600.0,17900.0,-2678.3
15700.0,17900.0,-2674.5
15800.0,17900.0,-2669.4
15900.0,17900.0,-2657.4
16000.0,17900.0,-2651.4
16100.0,17900.0,-2648.4
16200.0,17900.0,-2640.7
16300.0,17900.0,-2632.5
16400.0,17900.0,-2628.3
16500.0,17900.0,-2622.7
16600.0,17900.0,-2621.0
16700.0,17900.0,-2614.4
16800.0,17900.0,-2612.7
16900.0,17900.0,-2606.7
17000.0,17900.0,-2597.4
17100.0,17900.0,-2591.0
17200.0,17900.0,-2584.8
17300.0,17900.0,-2587.4
17400.0,17900.0,-2580.9
17500.0,17900.0,-2581.6
17600.0,17900.0,-2572.2
17700.0,17900.0,-2579.8
17800.0,17900.0,-2574.0
17900.0,17900.0,-2577.4
18000.0,17900.0,-2576.0
18100.0,17900.0,-2576.8
18200.0,17900.0,-2574.8
18300.0,17900.0,-2581.3
18400.0,17900.0,-2586.5
18500.0,17900.0,-2593.5
18600.0,17900.0,-2583.0
18700.0,17900.0,-2585.8
18800.0,17900.0,-2585.7
18900.0,17900.0,-2594.5
19000.0,17900.0,-2594.6
19100.0,17900.0,-2595.4
19200.0,17900.0,-2603.3
19300.0,17900.0,-2599.8
19400.0,17900.0,-2607.2
19500.0,17900.0,-2612.1
19600.0,17900.0,-2617.2
19700.0,17900.0,-2619.5
19800.0,17900.0,-2619.6
19900.0,17900.0,-2624.7
20000.0,17900.0,-2633.9
0.0,18000.0,-2734.0
100.0,18000.0,-2736.5
200.0,18000.0,-2740.3
300.0,18000.0,-2741.6
400.0,18000.0,-2737.7
500.0,18000.0,-2745.6
600.0,18000.0,-2745.0
700.0,18000.0,-2745.7
800.0,18000.0,-2750.5
900.0,18000.0,-2746.9
1000.0,18000.0,-2750.7
1100.0,18000.0,-2750.1
1200.0,18000.0,-2756.5
1300.0,18000.0,-2758.7
1400.0,18000.0,-2756.9
1500.0,18000.0,-2758.7
1600.0,18000.0,-2765.1
1700.0,18000.0,-2763.8
1800.0,18000.0,-2765.8
1900.0,18000.0,-2770.3
2000.0,18000.0,-2762.3
2100.0,18000.0,-2770.1
2200.0,18000.0,-2774.4
2300.0,18000.0,-2765.9
2400.0,18000.0,-2769.0
2500.0,18000.0,-2775.6
2600.0,18000.0,-2775.0
2700.0,18000.0,-2776.8
2800.0,18000.0,-2777.3
2900.0,18000.0,-2774.3
3000.0,18000.0,-2779.5
3100.0,18000.0,-2781.4
3200.0,18000.0,-2777.8
3300.0,18000.0,-2777.4
3400.0,18000.0,-2775.1
3500.0,18000.0,-2778.4
3600.0,18000.0,-2772.7
3700.0,18000.0,-2771.0
3800.0,18000.0,-2768.4
3900.0,18000.0,-2769.1
4000.0,18000.0,-2764.1
4100.0,18000.0,-2760.6
4200.0,18000.0,-2766.1
4300.0,18000.0,-2761.2
4400.0,18000.0,-2757.2
4500.0,18000.0,-2750.6
4600.0,18000.0,-2746.4
4700.0,18000.0,-2749.7
4800.0,18000.0,-2745.4
4900.0,18000.0,-2739.5
5000.0,18000.0,-2737.2
5100.0,18000.0,-2726.8
5200.0,18000.0,-2719.8
5300.0,18000.0,-2718.0
5400.0,18000.0,-2712.3
5500.0,18000.0,-2700.4
5600.0,18000.0,-2694.0
5700.0,18000.0,-2690.9
5800.0,18000.0,-2686.0
5900.0,18000.0,-2685.0
6000.0,18000.0,-2674.8
6100.0,18000.0,-2668.4
6200.0,18000.0,-2662.6
6300.0,18000.0,-2644.7
6400.0,18000.0,-2642.7
6500.0,18000.0,-2639.0
6600.0,18000.0,-2635.6
6700.0,18000.0,-2633.7
6800.0,18000.0,-2620.6
6900.0,18000.0,-2624.5
7000.0,18000.0,-2618.3
7100.0,18000.0,-2613.1
7200.0,18000.0,-2607.1
7300.0,18000.0,-2602.5
7400.0,18000.0,-2597.9
7500.0,18000.0,-2601.2
7600.0,18000.0,-2599.5
7700.0,18000.0,-2596.2
7800.0,18000.0,-2597.8
7900.0,18000.0,-2592.4
8000.0,18000.0,-2590.3
8100.0,18000.0,-2589.0
8200.0,18000.0,-2596.8
8300.0,18000.0,-2591.9
8400.0,18000.0,-2595.7
8500.0,18000.0,-2596.3
8600.0,18000.0,-2593.6
8700.0,18000.0,-2598.1
8800.0,18000.0,-2597.1
8900.0,18000.0,-2599.3
9000.0,18000.0,-2608.0
9100.0,18000.0,-2608.0
9200.0,18000.0,-2611.2
9300.0,18000.0,-2609.9
9400.0,18000.0,-2613.8
9500.0,18000.0,-2619.6
9600.0,18000.0,-2620.1
9700.0,18000.0,-2629.4
9800.0,18000.0,-2634.4
9900.0,18000.0,-2639.0
10000.0,18000.0,-2638.1
10100.0,18000.0,-2642.0
10200.0,18000.0,-2645.9
10300.0,18000.0,-2656.2
10400.0,18000.0,-2657.9
10500.0,18000.0,-2656.7
10600.0,18000.0,-2655.6
10700.0,18000.0,-2670.6
10800.0,18000.0,-2678.3
10900.0,18000.0,-2671.0
11000.0,18000.0,-2686.3
11100.0,18000.0,-2681.0
11200.0,18000.0,-2680.9
11300.0,18000.0,-2689.2
11400.0,18000.0,-2697.2
11500.0,18000.0,-2699.4
11600.0,18000.0,-2699.6
11700.0,18000.0,-2704.6
11800.0,18000.0,-2706.5
11900.0,18000.0,-2710.0
12000.0,18000.0,-2712.9
12100.0,18000.0,-2716.2
12200.0,18000.0,-2723.1
12300.0,18000.0,-2716.7
12400.0,18000.0,-2718.2
12500.0,18000.0,-2722.6
12600.0,18000.0,-2729.1
12700.0,18000.0,-2734.1
12800.0,18000.0,-2728.9
12900.0,18000.0,-2734.5
13000.0,18000.0,-2734.2
13100.0,18000.0,-2740.7
13200.0,18000.0,-2736.6
13300.0,18000.0,-2739.3
13400.0,18000.0,-2736.6
13500.0,18000.0,-2736.3
13600.0,18000.0,-2736.3
13700.0,18000.0,-2745.3
13800.0,18000.0,-2739.6
13900.0,18000.0,-2733.3
14000.0,18000.0,-2738.3
14100.0,18000.0,-2734.2
14200.0,18000.0,-2734.5
14300.0,18000.0,-2733.2
14400.0,18000.0,-2729.3
14500.0,18000.0,-2727.8
14600.0,18000.0,-2724.8
14700.0,18000.0,-2725.9
14800.0,18000.0,-2722.5
14900.0,18000.0,-2711.9
15000.0,18000.0,-2708.2
15100.0,18000.0,-2706.6
15200.0,18000.0,-2701.3
15300.0,18000.0,-2694.9
15400.0,18000.0,-2689.6
15500.0,18000.0,-2685.5
15600.0,18000.0,-2684.1
15700.0,18000.0,-2677.2
15800.0,18000.0,-2668.3
15900.0,18000.0,-2662.5
16000.0,18000.0,-2659.8
16100.0,18000.0,-2647.3
16200.0,18000.0,-2636.1
16300.0,18000.0,-2637.0
16400.0,18000.0,-2630.6
16500.0,18000.0,-2626.9
16600.0,18000.0,-2622.9
16700.0,18000.0,-2614.2
16800.0,18000.0,-2607.6
16900.0,18000.0,-2605.6
17000.0,18000.0,-2602.4
17100.0,18000.0,-2590.1
17200.0,18000.0,-2587.2
17300.0,18000.0,-2585.0
17400.0,18000.0,-2583.5
17500.0,18000.0,-2586.7
17600.0,18000.0,-2579.1
17700.0,18000.0,-2579.3
17800.0,18000.0,-2577.9
17900.0,18000.0,-2576.0
18000.0,18000.0,-2576.0
18100.0,18000.0,-2578.9
18200.0,18000.0,-2576.9
18300.0,18000.0,-2580.6
18400.0,18000.0,-2574.9
18500.0,18000.0,-2588.0
18600.0,18000.0,-2583.5
18700.0,18000.0,-2592.7
18800.0,18000.0,-2591.4
18900.0,18000.0,-2589.3
19000.0,18000.0,-2586.6
19100.0,18000.0,-2599.8
19200.0,18000.0,-2604.7
19300.0,18000.0,-2604.5
19400.0,18000.0,-2606.8
19500.0,18000.0,-2611.9
19600.0,18000.0,-2618.4
19700.0,18000.0,-2615.5
19800.0,18000.0,-2616.5
19900.0,18000.0,-2631.6
20000.0,18000.0,-2623.5
0.0,18100.0,-2739.8
100.0,18100.0,-2741.5
200.0,18100.0,-2741.4
300.0,18100.0,-2733.8
400.0,18100.0,-2744.8
500.0,18100.0,-2739.9
600.0,18100.0,-2745.0
700.0,18100.0,-2745.0
800.0,18100.0,-2747.2
900.0,18100.0,-2746.8
1000.0,18100.0,-2746.3
1100.0,18100.0,-2750.2
1200.0,18100.0,-2757.7
1300.0,18100.0,-2755.7
1400.0,18100.0,-2752.5
1500.0,18100.0,-2762.5
1600.0,18100.0,-2759.5
1700.0,18100.0,-2760.4
1800.0,18100.0,-2760.0
1900.0,18100.0,-2770.4
2000.0,18100.0,-2770.7
2100.0,18100.0,-2763.9
2200.0,18100.0,-2769.2
2300.0,18100.0,-2770.8
2400.0,18100.0,-2770.0
2500.0,18100.0,-2769.6
2600.0,18100.0,-2771.6
2700.0,18100.0,-2781.6
2800.0,18100.0,-2776.7
2900.0,18100.0,-2780.4
3000.0,18100.0,-2779.3
3100.0,18100.0,-2777.9
3200.0,18100.0,-2774.9
3300.0,18100.0,-2776.7
3400.0,18100.0,-2772.3
3500.0,18100.0,-2770.0
3600.0,18100.0,-2775.7
3700.0,18100.0,-2776.8
3800.0,18100.0,-2765.0
3900.0,18100.0,-2767.4
4000.0,18100.0,-2761.0
4100.0,18100.0,-2768.8
4200.0,18100.0,-2761.9
4300.0,18100.0,-2757.1
4400.0,18100.0,-2753.2
4500.0,18100.0,-2747.1
4600.0,18100.0,-2743.2
4700.0,18100.0,-2737.7
4800.0,18100.0,-2740.2
4900.0,18100.0,-2733.3
5000.0,18100.0,-2731.5
5100.0,18100.0,-2726.6
5200.0,18100.0,-2718.7
5300.0,18100.0,-2709.9
5400.0,18100.0,-2710.6
5500.0,18100.0,-2702.2
5600.0,18100.0,-2697.0
5700.0,18100.0,-2691.5
5800.0,18100.0,-2681.9
5900.0,18100.0,-2679.4
6000.0,18100.0,-2671.7
6100.0,18100.0,-2666.5
6200.0,18100.0,-2656.5
6300.0,18100.0,-2650.9
6400.0,18100.0,-2652.7
6500.0,18100.0,-2647.4
6600.0,18100.0,-2640.1
6700.0,18100.0,-2628.5
6800.0,18100.0,-2627.5
6900.0,18100.0,-2622.1
7000.0,18100.0,-2618.8
7100.0,18100.0,-2618.9
7200.0,18100.0,-2610.2
7300.0,18100.0,-2610.0
7400.0,18100.0,-2602.6
7500.0,18100.0,-2596.4
7600.0,18100.0,-2602.0
7700.0,18100.0,-2596.4
7800.0,18100.0,-2603.5
7900.0,18100.0,-2592.5
8000.0,18100.0,-2589.0
8100.0,18100.0,-2588.7
8200.0,18100.0,-2584.0
8300.0,18100.0,-2589.5
8400.0,18100.0,-2593.4
8500.0,18100.0,-2592.5
8600.0,18100.0,-2594.7
8700.0,18100.0,-2594.5
8800.0,18100.0,-2601.5
8900.0,18100.0,-2602.4
9000.0,18100.0,-2602.3
9100.0,18100.0,-2614.9
9200.0,18100.0,-2615.7
9300.0,18100.0,-2610.4
9400.0,18100.0,-2619.5
9500.0,18100.0,-2617.3
9600.0,18100.0,-2630.4
9700.0,18100.0,-2631.8
9800.0,18100.0,-2629.9
9900.0,18100.0,-2637.2
10000.0,18100.0,-2644.3
10100.0,18100.0,-2647.0
10200.0,18100.0,-2654.7
10300.0,18100.0,-2654.1
10400.0,18100.0,-2657.1
10500.0,18100.0,-2662.5
10600.0,18100.0,-2664.6
10700.0,18100.0,-2673.3
10800.0,18100.0,-2672.4
10900.0,18100.0,-2676.3
11000.0,18100.0,-2677.8
11100.0,18100.0,-2684.6
11200.0,18100.0,-2682.1
11300.0,18100.0,-2688.4
11400.0,18100.0,-2691.9
11500.0,18100.0,-2705.5
11600.0,18100.0,-2704.2
11700.0,18100.0,-2702.3
11800.0,18100.0,-2707.9
11900.0,18100.0,-2711.8
12000.0,18100.0,-2718.3
12100.0,18100.0,-2718.9
12200.0,18100.0,-2716.3
12300.0,18100.0,-2719.3
12400.0,18100.0,-2723.1
12500.0,18100.0,-2725.6
12600.0,18100.0,-2721.6
12700.0,18100.0,-2722.9
12800.0,18100.0,-2733.7
12900.0,18100.0,-2731.4
13000.0,18100.0,-2733.5
13100.0,18100.0,-2738.0
13200.0,18100.0,-2730.4
13300.0,18100.0,-2734.8
13400.0,18100.0,-2731.8
13500.0,18100.0,-2740.0
13600.0,18100.0,-2740.3
13700.0,18100.0,-2741.4
13800.0,18100.0,-2739.5
13900.0,18100.0,-2736.9
14000.0,18100.0,-2737.3
14100.0,18100.0,-2743.1
14200.0,18100.0,-2730.8
14300.0,18100.0,-2732.0
14400.0,18100.0,-2734.9
14500.0,18100.0,-2732.0
14600.0,18100.0,-2723.8
14700.0,18100.0,-2724.2
14800.0,18100.0,-2727.8
14900.0,18100.0,-2719.2
15000.0,18100.0,-2711.3
15100.0,18100.0,-2715.7
15200.0,18100.0,-2704.4
15300.0,18100.0,-2706.3
15400.0,18100.0,-2694.1
15500.0,18100.0,-2689.9
15600.0,18100.0,-2685.5
15700.0,18100.0,-2678.7
15800.0,18100.0,-2671.1
15900.0,18100.0,-2662.9
16000.0,18100.0,-2659.5
16100.0,18100.0,-2651.2
16200.0,18100.0,-2643.7
16300.0,18100.0,-2639.2
16400.0,18100.0,-2638.6
16500.0,18100.0,-2627.6
16600.0,18100.0,-2622.5
16700.0,18100.0,-2616.7
16800.0,18100.0,-2610.9
16900.0,18100.0,-2605.0
17000.0,18100.0,-2598.4
17100.0,18100.0,-2595.2
17200.0,18100.0,-2587.7
17300.0,18100.0,-2587.5
17400.0,18100.0,-2580.7
17500.0,18100.0,-2581.2
17600.0,18100.0,-2583.3
17700.0,18100.0,-2581.6
17800.0,18100.0,-2578.3
17900.0,18100.0,-2581.5
18000.0,18100.0,-2578.6
18100.0,18100.0,-2580.4
18200.0,18100.0,-2578.3
18300.0,18100.0,-2578.3
18400.0,18100.0,-2579.7
18500.0,18100.0,-2581.7
18600.0,18100.0,-2582.3
18700.0,18100.0,-2587.2
18800.0,18100.0,-2585.2
18900.0,18100.0,-2588.4
19000.0,18100.0,-2591.6
19100.0,18100.0,-2594.8
19200.0,18100.0,-2602.1
19300.0,18100.0,-2602.5
19400.0,18100.0,-2608.4
19500.0,18100.0,-2613.7
19600.0,18100.0,-2616.5
19700.0,18100.0,-2619.7
19800.0,18100.0,-2620.7
19900.0,18100.0,-2624.7
20000.0,18100.0,-2629.8
0.0,18200.0,-2735.2
100.0,18200.0,-2736.2
200.0,18200.0,-2740.1
300.0,18200.0,-2742.3
400.0,18200.0,-2744.5
500.0,18200.0,-2745.1
600.0,18200.0,-2743.5
700.0,18200.0,-2745.1
800.0,18200.0,-2753.9
900.0,18200.0,-2751.2
1000.0,18200.0,-2751.0
1100.0,18200.0,-2756.4
1200.0,18200.0,-2752.5
1300.0,18200.0,-2756.2
1400.0,18200.0,-2749.3
1500.0,18200.0,-2767.6
1600.0,18200.0,-2761.4
1700.0,18200.0,-2758.2
1800.0,18200.0,-2763.9
1900.0,18200.0,-2764.9
2000.0,18200.0,-2765.0
2100.0,18200.0,-2763.5
2200.0,18200.0,-2765.6
2300.0,18200.0,-2765.8
2400.0,18200.0,-2770.5
2500.0,18200.0,-2773.9
2600.0,18200.0,-2770.5
2700.0,18200.0,-2768.7
2800.0,18200.0,-2773.3
2900.0,18200.0,-2775.4
3000.0,18200.0,-2776.0
3100.0,18200.0,-2775.9
3200.0,18200.0,-2766.3
3300.0,18200.0,-2771.3
3400.0,18200.0,-2772.3
3500.0,18200.0,-2772.8
3600.0,18200.0,-2771.9
3700.0,18200.0,-2772.8
3800.0,18200.0,-2764.8
3900.0,18200.0,-2767.6
4000.0,18200.0,-2763.0
4100.0,18200.0,-2759.8
4200.0,18200.0,-2759.3
4300.0,18200.0,-2752.2
4400.0,18200.0,-2755.5
4500.0,18200.0,-2749.7
4600.0,18200.0,-2746.6
4700.0,18200.0,-2737.9
4800.0,18200.0,-2738.8
4900.0,18200.0,-2735.5
5000.0,18200.0,-2731.7
5100.0,18200.0,-2722.9
5200.0,18200.0,-2710.8
5300.0,18200.0,-2712.4
5400.0,18200.0,-2701.5
5500.0,18200.0,-2697.3
5600.0,18200.0,-2698.5
5700.0,18200.0,-2690.4
5800.0,18200.0,-2684.3
5900.0,18200.0,-2682.4
6000.0,18200.0,-2667.4
6100.0,18200.0,-2664.4
6200.0,18200.0,-2659.5
6300.0,18200.0,-2655.5
6400.0,18200.0,-2646.8
6500.0,18200.0,-2648.8
6600.0,18200.0,-2637.2
6700.0,18200.0,-2630.3
6800.0,18200.0,-2621.9
6900.0,18200.0,-2623.7
7000.0,18200.0,-2614.1
7100.0,18200.0,-2614.2
7200.0,18200.0,-2611.5
7300.0,18200.0,-2602.5
7400.0,18200.0,-2597.0
7500.0,18200.0,-2596.6
7600.0,18200.0,-2597.5
7700.0,18200.0,-2601.0
7800.0,18200.0,-2596.3
7900.0,18200.0,-2591.9
8000.0,18200.0,-2593.3
8100.0,18200.0,-2593.5
8200.0,18200.0,-2591.4
8300.0,18200.0,-2591.1
8400.0,18200.0,-2594.4
8500.0,18200.0,-2595.4
8600.0,18200.0,-2591.0
8700.0,18200.0,-2594.6
8800.0,18200.0,-2598.7
8900.0,18200.0,-2601.8
9000.0,18200.0,-2608.1
9100.0,18200.0,-2613.8
9200.0,18200.0,-2612.6
9300.0,18200.0,-2614.2
9400.0,18200.0,-2619.2
9500.0,18200.0,-2623.1
9600.0,18200.0,-2622.0
9700.0,18200.0,-2629.3
9800.0,18200.0,-2636.0
9900.0,18200.0,-2637.3
10000.0,18200.0,-2642.5
10100.0,18200.0,-2648.3
10200.0,18200.0,-2650.8
10300.0,18200.0,-2653.8
10400.0,18200.0,-2660.8
10500.0,18200.0,-2664.5
10600.0,18200.0,-2662.8
10700.0,18200.0,-2671.9
10800.0,18200.0,-2677.7
10900.0,18200.0,-2683.1
11000.0,18200.0,-2683.0
11100.0,18200.0,-2689.3
11200.0,18200.0,-2687.6
11300.0,18200.0,-2695.2
11400.0,18200.0,-2692.4
11500.0,18200.0,-2703.1
11600.0,18200.0,-2706.2
11700.0,18200.0,-2712.3
11800.0,18200.0,-2707.3
11900.0,18200.0,-2711.1
12000.0,18200.0,-2713.8
12100.0,18200.0,-2716.0
12200.0,18200.0,-2715.6
12300.0,18200.0,-2719.5
12400.0,18200.0,-2728.7
12500.0,18200.0,-2724.1
12600.0,18200.0,-2725.0
12700.0,18200.0,-2726.7
12800.0,18200.0,-2725.6
12900.0,18200.0,-2737.9
13000.0,18200.0,-2730.8
13100.0,18200.0,-2736.4
13200.0,18200.0,-2735.4
13300.0,18200.0,-2741.1
13400.0,18200.0,-2736.1
13500.0,18200.0,-2739.0
13600.0,18200.0,-2742.6
13700.0,18200.0,-2742.6
13800.0,18200.0,-2743.4
13900.0,18200.0,-2741.1
14000.0,18200.0,-2739.3
14100.0,18200.0,-2735.9
14200.0,18200.0,-2742.7
14300.0,18200.0,-2735.8
14400.0,18200.0,-2737.0
14500.0,18200.0,-2732.1
14600.0,18200.0,-2729.3
14700.0,18200.0,-2726.8
14800.0,18200.0,-2724.1
14900.0,18200.0,-2716.3
15000.0,18200.0,-2720.3
15100.0,18200.0,-2710.0
15200.0,18200.0,-2713.2
15300.0,18200.0,-2708.1
15400.0,18200.0,-2695.4
15500.0,18200.0,-2695.3
15600.0,18200.0,-2689.0
15700.0,18200.0,-2685.1
15800.0,18200.0,-2676.7
15900.0,18200.0,-2674.7
16000.0,18200.0,-2663.7
16100.0,18200.0,-2654.3
16200.0,18200.0,-2651.0
16300.0,18200.0,-2644.8
16400.0,18200.0,-2635.9
16500.0,18200.0,-2623.9
16600.0,18200.0,-2623.9
16700.0,18200.0,-2619.2
16800.0,18200.0,-2613.2
16900.0,18200.0,-2603.7
17000.0,18200.0,-2606.9
17100.0,18200.0,-2596.7
17200.0,18200.0,-2594.3
17300.0,18200.0,-2589.3
17400.0,18200.0,-2586.0
17500.0,18200.0,-2577.5
17600.0,18200.0,-2584.5
17700.0,18200.0,-2580.2
17800.0,18200.0,-2572.5
17900.0,18200.0,-2576.9
18000.0,18200.0,-2579.8
18100.0,18200.0,-2578.3
18200.0,18200.0,-2579.8
18300.0,18200.0,-2579.5
18400.0,18200.0,-2578.0
18500.0,18200.0,-2580.3
18600.0,18200.0,-2586.2
18700.0,18200.0,-2585.1
18800.0,18200.0,-2587.0
18900.0,18200.0,-2592.3
19000.0,18200.0,-2591.0
19100.0,18200.0,-2598.0
19200.0,18200.0,-2600.9
19300.0,18200.0,-2602.1
19400.0,18200.0,-2604.7
19500.0,18200.0,-2616.5
19600.0,18200.0,-2615.0
19700.0,18200.0,-2617.0
19800.0,18200.0,-2619.8
19900.0,18200.0,-2622.7
20000.0,18200.0,-2632.1
0.0,18300.0,-2741.3
100.0,18300.0,-2740.0
200.0,18300.0,-2741.0
300.0,18300.0,-2744.4
400.0,18300.0,-2743.0
500.0,18300.0,-2743.2
600.0,18300.0,-2742.3
700.0,18300.0,-2745.2
800.0,18300.0,-2744.6
900.0,18300.0,-2745.4
1000.0,18300.0,-2750.8
1100.0,18300.0,-2745.4
1200.0,18300.0,-2755.6
1300.0,18300.0,-2752.3
1400.0,18300.0,-2751.2
1500.0,18300.0,-2753.0
1600.0,18300.0,-2761.7
1700.0,18300.0,-2755.6
1800.0,18300.0,-2758.5
1900.0,18300.0,-2757.8
2000.0,18300.0,-2759.3
2100.0,18300.0,-2768.8
2200.0,18300.0,-2763.3
2300.0,18300.0,-2769.7
2400.0,18300.0,-2770.9
2500.0,18300.0,-2766.9
2600.0,18300.0,-2769.1
2700.0,18300.0,-2769.8
2800.0,18300.0,-2769.6
2900.0,18300.0,-2776.4
3000.0,18300.0,-2771.7
3100.0,18300.0,-2773.7
3200.0,18300.0,-2770.6
3300.0,18300.0,-2770.5
3400.0,18300.0,-2768.3
3500.0,18300.0,-2769.5
3600.0,18300.0,-2769.3
3700.0,18300.0,-2764.2
3800.0,18300.0,-2764.1
3900.0,18300.0,-2766.8
4000.0,18300.0,-2761.0
4100.0,18300.0,-2755.5
4200.0,18300.0,-2756.7
4300.0,18300.0,-2749.8
4400.0,18300.0,-2751.3
4500.0,18300.0,-2743.5
4600.0,18300.0,-2741.2
4700.0,18300.0,-2740.6
4800.0,18300.0,-2738.3
4900.0,18300.0,-2728.2
5000.0,18300.0,-2727.8
5100.0,18300.0,-2722.9
5200.0,18300.0,-2718.7
5300.0,18300.0,-2713.0
5400.0,18300.0,-2708.5
5500.0,18300.0,-2704.7
5600.0,18300.0,-2694.0
5700.0,18300.0,-2685.8
5800.0,18300.0,-2679.8
5900.0,18300.0,-2673.0
6000.0,18300.0,-2672.6
6100.0,18300.0,-2666.7
6200.0,18300.0,-2661.0
6300.0,18300.0,-2658.2
6400.0,18300.0,-2651.5
6500.0,18300.0,-2643.2
6600.0,18300.0,-2634.1
6700.0,18300.0,-2628.2
6800.0,18300.0,-2625.0
6900.0,18300.0,-2624.8
7000.0,18300.0,-2618.8
7100.0,18300.0,-2614.2
7200.0,18300.0,-2610.2
7300.0,18300.0,-2607.4
7400.0,18300.0,-2598.6
7500.0,18300.0,-2600.9
7600.0,18300.0,-2595.3
7700.0,18300.0,-2596.2
7800.0,18300.0,-2596.7
7900.0,18300.0,-2592.3
8000.0,18300.0,-2589.8
8100.0,18300.0,-2586.7
8200.0,18300.0,-2594.2
8300.0,18300.0,-2595.6
8400.0,18300.0,-2590.1
8500.0,18300.0,-2589.7
8600.0,18300.0,-2600.7
8700.0,18300.0,-2601.0
8800.0,18300.0,-2596.4
8900.0,18300.0,-2606.7
9000.0,18300.0,-2604.1
9100.0,18300.0,-2606.8
9200.0,18300.0,-2611.5
9300.0,18300.0,-2616.1
9400.0,18300.0,-2619.6
9500.0,18300.0,-2625.2
9600.0,18300.0,-2623.6
9700.0,18300.0,-2629.5
9800.0,18300.0,-2637.3
9900.0,18300.0,-2642.5
10000.0,18300.0,-2641.7
10100.0,18300.0,-2646.4
10200.0,18300.0,-2649.2
10300.0,18300.0,-2656.6
10400.0,18300.0,-2658.8
10500.0,18300.0,-2661.2
10600.0,18300.0,-2668.2
10700.0,18300.0,-2673.1
10800.0,18300.0,-2679.9
10900.0,18300.0,-2687.6
11000.0,18300.0,-2683.2
11100.0,18300.0,-2691.9
11200.0,18300.0,-2692.6
11300.0,18300.0,-2698.9
11400.0,18300.0,-2694.2
11500.0,18300.0,-2702.2
11600.0,18300.0,-2703.5
11700.0,18300.0,-2716.6
11800.0,18300.0,-2709.0
11900.0,18300.0,-2712.5
12000.0,18300.0,-2721.8
12100.0,18300.0,-2716.0
12200.0,18300.0,-2723.1
12300.0,18300.0,-2721.3
12400.0,18300.0,-2723.5
12500.0,18300.0,-2720.8
12600.0,18300.0,-2724.7
12700.0,18300.0,-2728.0
12800.0,18300.0,-2727.7
12900.0,18300.0,-2734.5
13000.0,18300.0,-2735.1
13100.0,18300.0,-2735.9
13200.0,18300.0,-2732.3
13300.0,18300.0,-2744.3
13400.0,18300.0,-2736.8
13500.0,18300.0,-2739.3
13600.0,18300.0,-2735.3
13700.0,18300.0,-2744.9
13800.0,18300.0,-2741.4
13900.0,18300.0,-2742.9
14000.0,18300.0,-2743.5
14100.0,18300.0,-2738.3
14200.0,18300.0,-2740.2
14300.0,18300.0,-2741.6
14400.0,18300.0,-2734.2
14500.0,18300.0,-2732.6
14600.0,18300.0,-2731.2
14700.0,18300.0,-2732.5
14800.0,18300.0,-2726.4
14900.0,18300.0,-2723.9
15000.0,18300.0,-2724.2
15100.0,18300.0,-2718.5
15200.0,18300.0,-2711.4
15300.0,18300.0,-2708.9
15400.0,18300.0,-2704.1
15500.0,18300.0,-2699.5
15600.0,18300.0,-2694.5
15700.0,18300.0,-2688.3
15800.0,18300.0,-2679.6
15900.0,18300.0,-2677.4
16000.0,18300.0,-2662.9
16100.0,18300.0,-2660.3
16200.0,18300.0,-2653.8
16300.0,18300.0,-2644.0
16400.0,18300.0,-2638.9
16500.0,18300.0,-2629.0
16600.0,18300.0,-2625.2
16700.0,18300.0,-2620.3
16800.0,18300.0,-2618.6
16900.0,18300.0,-2614.7
17000.0,18300.0,-2603.3
17100.0,18300.0,-2599.3
17200.0,18300.0,-2597.6
17300.0,18300.0,-2591.4
17400.0,18300.0,-2594.5
17500.0,18300.0,-2591.0
17600.0,18300.0,-2582.9
17700.0,18300.0,-2578.2
17800.0,18300.0,-2572.7
17900.0,18300.0,-2577.7
18000.0,18300.0,-2574.1
18100.0,18300.0,-2579.7
18200.0,18300.0,-2579.7
18300.0,18300.0,-2577.8
18400.0,18300.0,-2581.5
18500.0,18300.0,-2580.8
18600.0,18300.0,-2576.9
18700.0,18300.0,-2586.6
18800.0,18300.0,-2592.4
18900.0,18300.0,-2589.2
19000.0,18300.0,-2601.1
19100.0,18300.0,-2600.7
19200.0,18300.0,-2603.0
19300.0,18300.0,-2604.9
19400.0,18300.0,-2610.1
19500.0,18300.0,-2608.5
19600.0,18300.0,-2619.5
19700.0,18300.0,-2617.0
19800.0,18300.0,-2622.2
19900.0,18300.0,-2631.9
20000.0,18300.0,-2635.7
0.0,18400.0,-2741.4
100.0,18400.0,-2747.5
200.0,18400.0,-2739.9
300.0,18400.0,-2743.3
400.0,18400.0,-2746.7
500.0,18400.0,-2739.2
600.0,18400.0,-2747.9
700.0,18400.0,-2750.3
800.0,18400.0,-2744.5
900.0,18400.0,-2749.2
1000.0,18400.0,-2744.8
1100.0,18400.0,-2752.6
1200.0,18400.0,-2754.6
1300.0,18400.0,-2751.6
1400.0,18400.0,-2753.5
1500.0,18400.0,-2757.5
1600.0,18400.0,-2754.0
1700.0,18400.0,-2758.6
1800.0,18400.0,-2759.7
1900.0,18400.0,-2758.0
2000.0,18400.0,-2761.3
2100.0,18400.0,-2769.9
2200.0,18400.0,-2766.2
2300.0,18400.0,-2769.7
2400.0,18400.0,-2762.0
2500.0,18400.0,-2763.4
2600.0,18400.0,-2765.1
2700.0,18400.0,-2764.5
2800.0,18400.0,-2767.5
2900.0,18400.0,-2767.9
3000.0,18400.0,-2771.8
3100.0,18400.0,-2767.2
3200.0,18400.0,-2768.4
3300.0,18400.0,-2766.0
3400.0,18400.0,-2766.8
3500.0,18400.0,-2763.3
3600.0,18400.0,-2759.3
3700.0,18400.0,-2765.1
3800.0,18400.0,-2769.9
3900.0,18400.0,-2755.1
4000.0,18400.0,-2757.6
4100.0,18400.0,-2757.4
4200.0,18400.0,-2758.8
4300.0,18400.0,-2749.2
4400.0,18400.0,-2750.6
4500.0,18400.0,-2745.9
4600.0,18400.0,-2742.4
4700.0,18400.0,-2738.9
4800.0,18400.0,-2732.5
4900.0,18400.0,-2726.9
5000.0,18400.0,-2726.8
5100.0,18400.0,-2718.5
5200.0,18400.0,-2710.9
5300.0,18400.0,-2716.6
5400.0,18400.0,-2705.2
5500.0,18400.0,-2701.0
5600.0,18400.0,-2694.0
5700.0,18400.0,-2688.2
5800.0,18400.0,-2681.9
5900.0,18400.0,-2674.5
6000.0,18400.0,-2671.5
6100.0,18400.0,-2662.8
6200.0,18400.0,-2657.9
6300.0,18400.0,-2654.8
6400.0,18400.0,-2652.1
6500.0,18400.0,-2644.0
6600.0,18400.0,-2635.7
6700.0,18400.0,-2633.4
6800.0,18400.0,-2623.9
6900.0,18400.0,-2621.5
7000.0,18400.0,-2617.4
7100.0,18400.0,-2613.3
7200.0,18400.0,-2608.2
7300.0,18400.0,-2601.5
7400.0,18400.0,-2605.3
7500.0,18400.0,-2603.2
7600.0,18400.0,-2599.1
7700.0,18400.0,-2598.1
7800.0,18400.0,-2595.0
7900.0,18400.0,-2589.6
8000.0,18400.0,-2591.1
8100.0,18400.0,-2586.2
8200.0,18400.0,-2592.8
8300.0,18400.0,-2593.1
8400.0,18400.0,-2589.6
8500.0,18400.0,-2593.9
8600.0,18400.0,-2591.7
8700.0,18400.0,-2600.3
8800.0,18400.0,-2601.6
8900.0,18400.0,-2600.0
9000.0,18400.0,-2599.8
9100.0,18400.0,-2610.6
9200.0,18400.0,-2611.3
9300.0,18400.0,-2616.6
9400.0,18400.0,-2617.1
9500.0,18400.0,-2620.4
9600.0,18400.0,-2626.1
9700.0,18400.0,-2637.3
9800.0,18400.0,-2636.6
9900.0,18400.0,-2640.2
10000.0,18400.0,-2645.4
10100.0,18400.0,-2657.1
10200.0,18400.0,-2655.0
10300.0,18400.0,-2656.2
10400.0,18400.0,-2661.3
10500.0,18400.0,-2666.0
10600.0,18400.0,-2670.8
10700.0,18400.0,-2674.5
10800.0,18400.0,-2679.1
10900.0,18400.0,-2686.0
11000.0,18400.0,-2689.7
11100.0,18400.0,-2692.0
11200.0,18400.0,-2696.8
11300.0,18400.0,-2698.2
11400.0,18400.0,-2697.6
11500.0,18400.0,-2707.8
11600.0,18400.0,-2700.8
11700.0,18400.0,-2707.4
11800.0,18400.0,-2709.4
11900.0,18400.0,-2713.5
12000.0,18400.0,-2718.6
12100.0,18400.0,-2716.6
12200.0,18400.0,-2713.9
12300.0,18400.0,-2719.5
12400.0,18400.0,-2728.8
12500.0,18400.0,-2722.1
12600.0,18400.0,-2727.1
12700.0,18400.0,-2724.4
12800.0,18400.0,-2728.7
12900.0,18400.0,-2731.1
13000.0,18400.0,-2736.3
13100.0,18400.0,-2734.4
13200.0,18400.0,-2736.9
13300.0,18400.0,-2736.1
13400.0,18400.0,-2737.9
13500.0,18400.0,-2741.9
13600.0,18400.0,-2739.1
13700.0,18400.0,-2746.0
13800.0,18400.0,-2739.6
13900.0,18400.0,-2737.2
14000.0,18400.0,-2745.0
14100.0,18400.0,-2745.3
14200.0,18400.0,-2737.8
14300.0,18400.0,-2737.8
14400.0,18400.0,-2736.1
14500.0,18400.0,-2738.4
14600.0,18400.0,-2736.0
14700.0,18400.0,-2733.9
14800.0,18400.0,-2726.1
14900.0,18400.0,-2723.8
15000.0,18400.0,-2723.1
15100.0,18400.0,-2721.5
15200.0,18400.0,-2713.3
15300.0,18400.0,-2708.7
15400.0,18400.0,-2705.2
15500.0,18400.0,-2702.4
15600.0,18400.0,-2694.8
15700.0,18400.0,-2687.8
15800.0,18400.0,-2682.1
15900.0,18400.0,-2678.1
16000.0,18400.0,-2671.7
16100.0,18400.0,-2662.9
16200.0,18400.0,-2654.7
16300.0,18400.0,-2650.5
16400.0,18400.0,-2645.0
16500.0,18400.0,-2639.5
16600.0,18400.0,-2628.3
16700.0,18400.0,-2621.6
16800.0,18400.0,-2616.4
16900.0,18400.0,-2619.6
17000.0,18400.0,-2609.9
17100.0,18400.0,-2605.0
17200.0,18400.0,-2602.3
17300.0,18400.0,-2591.8
17400.0,18400.0,-2590.5
17500.0,18400.0,-2586.8
17600.0,18400.0,-2580.9
17700.0,18400.0,-2580.4
17800.0,18400.0,-2576.5
17900.0,18400.0,-2579.0
18000.0,18400.0,-2578.5
18100.0,18400.0,-2578.2
18200.0,18400.0,-2576.7
18300.0,18400.0,-2579.1
18400.0,18400.0,-2582.2
18500.0,18400.0,-2582.5
18600.0,18400.0,-2579.7
18700.0,18400.0,-2589.0
18800.0,18400.0,-2585.3
18900.0,18400.0,-2590.5
19000.0,18400.0,-2595.3
19100.0,18400.0,-2601.3
19200.0,18400.0,-2600.1
19300.0,18400.0,-2602.9
19400.0,18400.0,-2614.6
19500.0,18400.0,-2615.1
19600.0,18400.0,-2622.5
19700.0,18400.0,-2620.7
19800.0,18400.0,-2628.6
19900.0,18400.0,-2628.6
20000.0,18400.0,-2635.3
0.0,18500.0,-2741.7
100.0,18500.0,-2742.6
200.0,18500.0,-2745.8
300.0,18500.0,-2742.5
400.0,18500.0,-2749.5
500.0,18500.0,-2746.7
600.0,18500.0,-2748.1
700.0,18500.0,-2747.0
800.0,18500.0,-2743.3
900.0,18500.0,-2747.3
1000.0,18500.0,-2754.1
1100.0,18500.0,-2750.5
1200.0,18500.0,-2751.1
1300.0,18500.0,-2754.3
1400.0,18500.0,-2752.1
1500.0,18500.0,-2749.2
1600.0,18500.0,-2755.2
1700.0,18500.0,-2753.9
1800.0,18500.0,-2750.9
1900.0,18500.0,-2759.5
2000.0,18500.0,-2753.1
2100.0,18500.0,-2759.4
2200.0,18500.0,-2761.1
2300.0,18500.0,-2763.7
2400.0,18500.0,-2764.5
2500.0,18500.0,-2761.2
2600.0,18500.0,-2762.8
2700.0,18500.0,-2766.7
2800.0,18500.0,-2768.2
2900.0,18500.0,-2759.7
3000.0,18500.0,-2764.3
3100.0,18500.0,-2767.9
3200.0,18500.0,-2763.0
3300.0,18500.0,-2766.2
3400.0,18500.0,-2764.4
3500.0,18500.0,-2764.5
3600.0,18500.0,-2766.4
3700.0,18500.0,-2757.3
3800.0,18500.0,-2759.6
3900.0,18500.0,-2763.8
4000.0,18500.0,-2754.6
4100.0,18500.0,-2756.0
4200.0,18500.0,-2751.3
4300.0,18500.0,-2746.4
4400.0,18500.0,-2746.0
4500.0,18500.0,-2743.4
4600.0,18500.0,-2734.3
4700.0,18500.0,-2736.7
4800.0,18500.0,-2729.2
4900.0,18500.0,-2729.7
5000.0,18500.0,-2721.1
5100.0,18500.0,-2720.6
5200.0,18500.0,-2716.3
5300.0,18500.0,-2712.9
5400.0,18500.0,-2702.4
5500.0,18500.0,-2700.2
5600.0,18500.0,-2695.6
5700.0,18500.0,-2689.3
5800.0,18500.0,-2686.6
5900.0,18500.0,-2680.8
6000.0,18500.0,-2669.2
6100.0,18500.0,-2663.1
6200.0,18500.0,-2660.4
6300.0,18500.0,-2658.0
6400.0,18500.0,-2648.7
6500.0,18500.0,-2642.8
6600.0,18500.0,-2641.7
6700.0,18500.0,-2629.9
6800.0,18500.0,-2625.2
6900.0,18500.0,-2619.5
7000.0,18500.0,-2617.9
7100.0,18500.0,-2615.2
7200.0,18500.0,-2608.5
7300.0,18500.0,-2605.7
7400.0,18500.0,-2607.7
7500.0,18500.0,-2598.0
7600.0,18500.0,-2600.1
7700.0,18500.0,-2593.7
7800.0,18500.0,-2592.1
7900.0,18500.0,-2595.7
8000.0,18500.0,-2590.6
8100.0,18500.0,-2592.4
8200.0,18500.0,-2595.0
8300.0,18500.0,-2586.9
8400.0,18500.0,-2595.8
8500.0,18500.0,-2594.8
8600.0,18500.0,-2596.0
8700.0,18500.0,-2598.8
8800.0,18500.0,-2601.7
8900.0,18500.0,-2596.0
9000.0,18500.0,-2601.7
9100.0,18500.0,-2605.9
9200.0,18500.0,-2611.2
9300.0,18500.0,-2615.5
9400.0,18500.0,-2623.1
9500.0,18500.0,-2621.8
9600.0,18500.0,-2630.3
9700.0,18500.0,-2638.2
9800.0,18500.0,-2631.5
9900.0,18500.0,-2640.8
10000.0,18500.0,-2648.5
10100.0,18500.0,-2653.8
10200.0,18500.0,-2656.2
10300.0,18500.0,-2661.7
10400.0,18500.0,-2672.1
10500.0,18500.0,-2666.7
10600.0,18500.0,-2677.2
10700.0,18500.0,-2679.8
10800.0,18500.0,-2679.7
10900.0,18500.0,-2688.4
11000.0,18500.0,-2686.9
11100.0,18500.0,-2691.8
11200.0,18500.0,-2698.3
11300.0,18500.0,-2693.5
11400.0,18500.0,-2705.1
11500.0,18500.0,-2704.2
11600.0,18500.0,-2707.2
11700.0,18500.0,-2713.3
11800.0,18500.0,-2715.2
11900.0,18500.0,-2715.0
12000.0,18500.0,-2716.7
12100.0,18500.0,-2719.2
12200.0,18500.0,-2718.8
12300.0,18500.0,-2723.3
12400.0,18500.0,-2722.3
12500.0,18500.0,-2728.2
12600.0,18500.0,-2731.1
12700.0,18500.0,-2727.4
12800.0,18500.0,-2733.1
12900.0,18500.0,-2731.6
13000.0,18500.0,-2737.4
13100.0,18500.0,-2737.9
13200.0,18500.0,-2734.5
13300.0,18500.0,-2731.0
13400.0,18500.0,-2736.8
13500.0,18500.0,-2744.3
13600.0,18500.0,-2738.5
13700.0,18500.0,-2737.8
13800.0,18500.0,-2738.9
13900.0,18500.0,-2741.0
14000.0,18500.0,-2744.6
14100.0,18500.0,-2740.6
14200.0,18500.0,-2736.9
14300.0,18500.0,-2741.3
14400.0,18500.0,-2739.6
14500.0,18500.0,-2737.8
14600.0,18500.0,-2733.9
14700.0,18500.0,-2730.7
14800.0,18500.0,-2731.5
14900.0,18500.0,-2725.8
15000.0,18500.0,-2723.8
15100.0,18500.0,-2721.3
15200.0,18500.0,-2717.3
15300.0,18500.0,-2710.9
15400.0,18500.0,-2708.3
15500.0,18500.0,-2703.0
15600.0,18500.0,-2699.1
15700.0,18500.0,-2694.3
15800.0,18500.0,-2687.7
15900.0,18500.0,-2676.6
16000.0,18500.0,-2675.5
16100.0,18500.0,-2670.2
16200.0,18500.0,-2659.7
16300.0,18500.0,-2650.2
16400.0,18500.0,-2642.9
16500.0,18500.0,-2639.0
16600.0,18500.0,-2632.2
16700.0,18500.0,-2630.3
16800.0,18500.0,-2622.1
16900.0,18500.0,-2613.2
17000.0,18500.0,-2606.9
17100.0,18500.0,-2602.5
17200.0,18500.0,-2597.8
17300.0,18500.0,-2595.6
17400.0,18500.0,-2586.9
17500.0,18500.0,-2591.2
17600.0,18500.0,-2585.6
17700.0,18500.0,-2585.8
17800.0,18500.0,-2577.9
17900.0,18500.0,-2577.4
18000.0,18500.0,-2576.7
18100.0,18500.0,-2581.9
18200.0,18500.0,-2585.7
18300.0,18500.0,-2582.3
18400.0,18500.0,-2582.7
18500.0,18500.0,-2583.4
18600.0,18500.0,-2581.3
18700.0,18500.0,-2588.8
18800.0,18500.0,-2593.5
18900.0,18500.0,-2593.3
19000.0,18500.0,-2595.3
19100.0,18500.0,-2596.9
19200.0,18500.0,-2596.9
19300.0,18500.0,-2603.5
19400.0,18500.0,-2609.9
19500.0,18500.0,-2620.1
19600.0,18500.0,-2616.5
19700.0,18500.0,-2618.3
19800.0,18500.0,-2628.8
19900.0,18500.0,-2632.0
20000.0,18500.0,-2636.3
0.0,18600.0,-2747.9
100.0,18600.0,-2748.2
200.0,18600.0,-2751.4
300.0,18600.0,-2746.1
400.0,18600.0,-2752.1
500.0,18600.0,-2750.7
600.0,18600.0,-2747.6
700.0,18600.0,-2743.4
800.0,18600.0,-2751.6
900.0,18600.0,-2753.0
1000.0,18600.0,-2742.8
1100.0,18600.0,-2747.6
1200.0,18600.0,-2751.1
1300.0,18600.0,-2752.9
1400.0,18600.0,-2746.4
1500.0,18600.0,-2753.0
1600.0,18600.0,-2751.4
1700.0,18600.0,-2746.2
1800.0,18600.0,-2753.3
1900.0,18600.0,-2753.9
2000.0,18600.0,-2754.8
2100.0,18600.0,-2760.8
2200.0,18600.0,-2753.0
2300.0,18600.0,-2763.6
2400.0,18600.0,-2761.2
2500.0,18600.0,-2755.3
2600.0,18600.0,-2767.4
2700.0,18600.0,-2764.1
2800.0,18600.0,-2762.3
2900.0,18600.0,-2768.6
3000.0,18600.0,-2761.5
3100.0,18600.0,-2762.7
3200.0,18600.0,-2760.0
3300.0,18600.0,-2762.3
3400.0,18600.0,-2770.3
3500.0,18600.0,-2761.8
3600.0,18600.0,-2761.8
3700.0,18600.0,-2754.3
3800.0,18600.0,-2756.0
3900.0,18600.0,-2752.5
4000.0,18600.0,-2756.4
4100.0,18600.0,-2749.4
4200.0,18600.0,-2747.8
4300.0,18600.0,-2753.6
4400.0,18600.0,-2746.2
4500.0,18600.0,-2742.1
4600.0,18600.0,-2736.5
4700.0,18600.0,-2734.7
4800.0,18600.0,-2733.3
4900.0,18600.0,-2725.4
5000.0,18600.0,-2725.7
5100.0,18600.0,-2717.0
5200.0,18600.0,-2706.4
5300.0,18600.0,-2705.8
5400.0,18600.0,-2700.7
5500.0,18600.0,-2696.1
5600.0,18600.0,-2686.6
5700.0,18600.0,-2689.8
5800.0,18600.0,-2681.0
5900.0,18600.0,-2674.8
6000.0,18600.0,-2677.3
6100.0,18600.0,-2670.9
6200.0,18600.0,-2663.4
6300.0,18600.0,-2655.5
6400.0,18600.0,-2651.2
6500.0,18600.0,-2647.8
6600.0,18600.0,-2634.6
6700.0,18600.0,-2626.9
6800.0,18600.0,-2633.8
6900.0,18600.0,-2619.6
7000.0,18600.0,-2616.5
7100.0,18600.0,-2612.2
7200.0,18600.0,-2605.7
7300.0,18600.0,-2602.8
7400.0,18600.0,-2599.9
7500.0,18600.0,-2600.2
7600.0,18600.0,-2603.3
7700.0,18600.0,-2599.0
7800.0,18600.0,-2600.0
7900.0,18600.0,-2589.6
8000.0,18600.0,-2591.6
8100.0,18600.0,-2593.8
8200.0,18600.0,-2586.2
8300.0,18600.0,-2586.0
8400.0,18600.0,-2584.9
8500.0,18600.0,-2589.9
8600.0,18600.0,-2591.9
8700.0,18600.0,-2593.8
8800.0,18600.0,-2596.3
8900.0,18600.0,-2601.0
9000.0,18600.0,-2603.5
9100.0,18600.0,-2606.5
9200.0,18600.0,-2611.5
9300.0,18600.0,-2620.7
9400.0,18600.0,-2619.9
9500.0,18600.0,-2622.7
9600.0,18600.0,-2635.1
9700.0,18600.0,-2633.9
9800.0,18600.0,-2640.8
9900.0,18600.0,-2643.6
10000.0,18600.0,-2647.7
10100.0,18600.0,-2658.5
10200.0,18600.0,-2660.7
10300.0,18600.0,-2662.0
10400.0,18600.0,-2671.1
10500.0,18600.0,-2673.7
10600.0,18600.0,-2677.1
10700.0,18600.0,-2675.6
10800.0,18600.0,-2689.9
10900.0,18600.0,-2683.8
11000.0,18600.0,-2686.6
11100.0,18600.0,-2692.6
11200.0,18600.0,-2696.3
11300.0,18600.0,-2704.2
11400.0,18600.0,-2707.8
11500.0,18600.0,-2710.9
11600.0,18600.0,-2711.1
11700.0,18600.0,-2710.4
11800.0,18600.0,-2715.3
11900.0,18600.0,-2721.8
12000.0,18600.0,-2718.9
12100.0,18600.0,-2723.6
12200.0,18600.0,-2726.1
12300.0,18600.0,-2722.6
12400.0,18600.0,-2724.6
12500.0,18600.0,-2727.7
12600.0,18600.0,-2729.3
12700.0,18600.0,-2733.3
12800.0,18600.0,-2734.7
12900.0,18600.0,-2728.8
13000.0,18600.0,-2739.0
13100.0,18600.0,-2742.1
13200.0,18600.0,-2741.4
13300.0,18600.0,-2739.2
13400.0,18600.0,-2741.0
13500.0,18600.0,-2739.9
13600.0,18600.0,-2738.2
13700.0,18600.0,-2744.7
13800.0,18600.0,-2732.7
13900.0,18600.0,-2740.3
14000.0,18600.0,-2743.3
14100.0,18600.0,-2746.1
14200.0,18600.0,-2746.0
14300.0,18600.0,-2735.7
14400.0,18600.0,-2741.6
14500.0,18600.0,-2740.4
14600.0,18600.0,-2734.6
14700.0,18600.0,-2736.5
14800.0,18600.0,-2728.5
14900.0,18600.0,-2724.1
15000.0,18600.0,-2730.1
15100.0,18600.0,-2723.3
15200.0,18600.0,-2724.3
15300.0,18600.0,-2715.6
15400.0,18600.0,-2706.3
15500.0,18600.0,-2705.1
15600.0,18600.0,-2702.1
15700.0,18600.0,-2690.0
15800.0,18600.0,-2688.5
15900.0,18600.0,-2686.6
16000.0,18600.0,-2675.2
16100.0,18600.0,-2675.6
16200.0,18600.0,-2666.7
16300.0,18600.0,-2651.8
16400.0,18600.0,-2655.2
16500.0,18600.0,-2646.3
16600.0,18600.0,-2634.1
16700.0,18600.0,-2631.6
16800.0,18600.0,-2619.0
16900.0,18600.0,-2620.4
17000.0,18600.0,-2619.0
17100.0,18600.0,-2609.2
17200.0,18600.0,-2606.4
17300.0,18600.0,-2600.2
17400.0,18600.0,-2593.1
17500.0,18600.0,-2590.9
17600.0,18600.0,-2587.2
17700.0,18600.0,-2587.3
17800.0,18600.0,-2579.0
17900.0,18600.0,-2581.9
18000.0,18600.0,-2583.1
18100.0,18600.0,-2574.7
18200.0,18600.0,-2582.4
18300.0,18600.0,-2585.1
18400.0,18600.0,-2583.1
18500.0,18600.0,-2583.8
18600.0,18600.0,-2582.6
18700.0,18600.0,-2590.1
18800.0,18600.0,-2593.1
18900.0,18600.0,-2590.5
19000.0,18600.0,-2597.4
19100.0,18600.0,-2599.3
19200.0,18600.0,-2603.6
19300.0,18600.0,-2608.4
19400.0,18600.0,-2612.7
19500.0,18600.0,-2612.1
19600.0,18600.0,-2616.1
19700.0,18600.0,-2624.7
19800.0,18600.0,-2631.5
19900.0,18600.0,-2637.7
20000.0,18600.0,-2639.6
0.0,18700.0,-2751.1
100.0,18700.0,-2751.5
200.0,18700.0,-2753.5
300.0,18700.0,-2752.8
400.0,18700.0,-2754.1
500.0,18700.0,-2750.7
600.0,18700.0,-2747.8
700.0,18700.0,-2749.2
800.0,18700.0,-2755.0
900.0,18700.0,-2747.7
1000.0,18700.0,-2744.9
1100.0,18700.0,-2744.2
1200.0,18700.0,-2749.9
1300.0,18700.0,-2745.7
1400.0,18700.0,-2747.0
1500.0,18700.0,-2753.7
1600.0,18700.0,-2749.5
1700.0,18700.0,-2751.6
1800.0,18700.0,-2754.4
1900.0,18700.0,-2745.9
2000.0,18700.0,-2755.7
2100.0,18700.0,-2755.4
2200.0,18700.0,-2751.5
2300.0,18700.0,-2752.2
2400.0,18700.0,-2754.5
2500.0,18700.0,-2764.4
2600.0,18700.0,-2761.5
2700.0,18700.0,-2756.8
2800.0,18700.0,-2763.8
2900.0,18700.0,-2761.9
3000.0,18700.0,-2765.8
3100.0,18700.0,-2759.4
3200.0,18700.0,-2758.1
3300.0,18700.0,-2757.4
3400.0,18700.0,-2759.5
3500.0,18700.0,-2757.0
3600.0,18700.0,-2756.0
3700.0,18700.0,-2748.4
3800.0,18700.0,-2752.1
3900.0,18700.0,-2749.7
4000.0,18700.0,-2754.5
4100.0,18700.0,-2749.5
4200.0,18700.0,-2746.2
4300.0,18700.0,-2743.1
4400.0,18700.0,-2742.5
4500.0,18700.0,-2735.4
4600.0,18700.0,-2734.4
4700.0,18700.0,-2735.8
4800.0,18700.0,-2732.5
4900.0,18700.0,-2726.5
5000.0,18700.0,-2717.0
5100.0,18700.0,-2713.1
5200.0,18700.0,-2709.2
5300.0,18700.0,-2702.7
5400.0,18700.0,-2701.3
5500.0,18700.0,-2699.2
5600.0,18700.0,-2691.4
5700.0,18700.0,-2686.8
5800.0,18700.0,-2683.8
5900.0,18700.0,-2676.5
6000.0,18700.0,-2666.1
6100.0,18700.0,-2661.6
6200.0,18700.0,-2663.7
6300.0,18700.0,-2653.7
6400.0,18700.0,-2647.1
6500.0,18700.0,-2646.3
6600.0,18700.0,-2637.9
6700.0,18700.0,-2632.0
6800.0,18700.0,-2628.9
6900.0,18700.0,-2621.8
7000.0,18700.0,-2619.5
7100.0,18700.0,-2613.0
7200.0,18700.0,-2608.6
7300.0,18700.0,-2606.1
7400.0,18700.0,-2600.1
7500.0,18700.0,-2598.2
7600.0,18700.0,-2596.3
7700.0,18700.0,-2597.6
7800.0,18700.0,-2592.1
7900.0,18700.0,-2593.0
8000.0,18700.0,-2594.6
8100.0,18700.0,-2588.0
8200.0,18700.0,-2590.7
8300.0,18700.0,-2586.4
8400.0,18700.0,-2589.4
8500.0,18700.0,-2592.7
8600.0,18700.0,-2592.5
8700.0,18700.0,-2594.1
8800.0,18700.0,-2598.0
8900.0,18700.0,-2600.0
9000.0,18700.0,-2605.7
9100.0,18700.0,-2604.7
9200.0,18700.0,-2612.5
9300.0,18700.0,-2613.7
9400.0,18700.0,-2617.8
9500.0,18700.0,-2621.9
9600.0,18700.0,-2630.3
9700.0,18700.0,-2626.7
9800.0,18700.0,-2635.7
9900.0,18700.0,-2644.7
10000.0,18700.0,-2645.8
10100.0,18700.0,-2655.3
10200.0,18700.0,-2652.3
10300.0,18700.0,-2660.5
10400.0,18700.0,-2670.7
10500.0,18700.0,-2674.2
10600.0,18700.0,-2676.1
10700.0,18700.0,-2676.9
10800.0,18700.0,-2684.0
10900.0,18700.0,-2689.8
11000.0,18700.0,-2691.9
11100.0,18700.0,-2696.5
11200.0,18700.0,-2697.6
11300.0,18700.0,-2707.8
11400.0,18700.0,-2706.9
11500.0,18700.0,-2711.8
11600.0,18700.0,-2716.5
11700.0,18700.0,-2713.3
11800.0,18700.0,-2717.9
11900.0,18700.0,-2728.6
12000.0,18700.0,-2718.0
12100.0,18700.0,-2723.3
12200.0,18700.0,-2721.4
12300.0,18700.0,-2725.4
12400.0,18700.0,-2729.6
12500.0,18700.0,-2730.8
12600.0,18700.0,-2727.8
12700.0,18700.0,-2731.4
12800.0,18700.0,-2733.0
12900.0,18700.0,-2732.9
13000.0,18700.0,-2734.3
13100.0,18700.0,-2738.4
13200.0,18700.0,-2738.8
13300.0,18700.0,-2735.6
13400.0,18700.0,-2736.7
13500.0,18700.0,-2737.9
13600.0,18700.0,-2735.0
13700.0,18700.0,-2739.7
13800.0,18700.0,-2740.5
13900.0,18700.0,-2743.2
14000.0,18700.0,-2743.0
14100.0,18700.0,-2740.0
14200.0,18700.0,-2743.0
14300.0,18700.0,-2739.4
14400.0,18700.0,-2743.1
14500.0,18700.0,-2737.7
14600.0,18700.0,-2738.8
14700.0,18700.0,-2731.7
14800.0,18700.0,-2732.7
14900.0,18700.0,-2732.0
15000.0,18700.0,-2729.5
15100.0,18700.0,-2725.0
15200.0,18700.0,-2718.5
15300.0,18700.0,-2718.6
15400.0,18700.0,-2714.4
15500.0,18700.0,-2706.1
15600.0,18700.0,-2702.1
15700.0,18700.0,-2694.1
15800.0,18700.0,-2690.2
15900.0,18700.0,-2685.1
16000.0,18700.0,-2677.6
16100.0,18700.0,-2674.7
16200.0,18700.0,-2668.3
16300.0,18700.0,-2660.0
16400.0,18700.0,-2651.3
16500.0,18700.0,-2650.9
16600.0,18700.0,-2642.7
16700.0,18700.0,-2632.3
16800.0,18700.0,-2628.2
16900.0,18700.0,-2619.2
17000.0,18700.0,-2609.2
17100.0,18700.0,-2607.7
17200.0,18700.0,-2604.9
17300.0,18700.0,-2596.5
17400.0,18700.0,-2598.7
17500.0,18700.0,-2591.2
17600.0,18700.0,-2584.7
17700.0,18700.0,-2582.3
17800.0,18700.0,-2588.9
17900.0,18700.0,-2585.0
18000.0,18700.0,-2579.9
18100.0,18700.0,-2583.6
18200.0,18700.0,-2581.8
18300.0,18700.0,-2575.7
18400.0,18700.0,-2586.4
18500.0,18700.0,-2582.7
18600.0,18700.0,-2587.8
18700.0,18700.0,-2590.6
18800.0,18700.0,-2590.7
18900.0,18700.0,-2594.1
19000.0,18700.0,-2597.1
19100.0,18700.0,-2597.1
19200.0,18700.0,-2598.8
19300.0,18700.0,-2601.9
19400.0,18700.0,-2615.4
19500.0,18700.0,-2614.5
19600.0,18700.0,-2615.4
19700.0,18700.0,-2627.6
19800.0,18700.0,-2631.0
19900.0,18700.0,-2632.9
20000.0,18700.0,-2635.3
0.0,18800.0,-2753.3
100.0,18800.0,-2758.2
200.0,18800.0,-2756.5
300.0,18800.0,-2748.8
400.0,18800.0,-2759.2
500.0,18800.0,-2752.9
600.0,18800.0,-2753.8
700.0,18800.0,-2752.2
800.0,18800.0,-2749.2
900.0,18800.0,-2747.5
1000.0,18800.0,-2751.5
1100.0,18800.0,-2747.0
1200.0,18800.0,-2742.1
1300.0,18800.0,-2750.3
1400.0,18800.0,-2747.6
1500.0,18800.0,-2748.9
1600.0,18800.0,-2751.6
1700.0,18800.0,-2756.0
1800.0,18800.0,-2754.8
1900.0,18800.0,-2752.6
2000.0,18800.0,-2754.6
2100.0,18800.0,-2750.2
2200.0,18800.0,-2750.1
2300.0,18800.0,-2760.1
2400.0,18800.0,-2757.7
2500.0,18800.0,-2754.9
2600.0,18800.0,-2753.3
2700.0,18800.0,-2751.2
2800.0,18800.0,-2758.1
2900.0,18800.0,-2754.3
3000.0,18800.0,-2759.3
3100.0,18800.0,-2756.8
3200.0,18800.0,-2757.2
3300.0,18800.0,-2759.8
3400.0,18800.0,-2754.4
3500.0,18800.0,-2758.1
3600.0,18800.0,-2752.4
3700.0,18800.0,-2753.3
3800.0,18800.0,-2751.4
3900.0,18800.0,-2750.6
4000.0,18800.0,-2749.8
4100.0,18800.0,-2737.5
4200.0,18800.0,-2744.5
4300.0,18800.0,-2744.2
4400.0,18800.0,-2740.1
4500.0,18800.0,-2733.2
4600.0,18800.0,-2740.4
4700.0,18800.0,-2732.1
4800.0,18800.0,-2729.4
4900.0,18800.0,-2723.8
5000.0,18800.0,-2721.1
5100.0,18800.0,-2713.1
5200.0,18800.0,-2707.0
5300.0,18800.0,-2702.2
5400.0,18800.0,-2703.0
5500.0,18800.0,-2695.7
5600.0,18800.0,-2692.0
5700.0,18800.0,-2686.0
5800.0,18800.0,-2679.1
5900.0,18800.0,-2677.1
6000.0,18800.0,-2674.7
6100.0,18800.0,-2667.0
6200.0,18800.0,-2657.5
6300.0,18800.0,-2649.7
6400.0,18800.0,-2649.5
6500.0,18800.0,-2643.9
6600.0,18800.0,-2635.7
6700.0,18800.0,-2635.7
6800.0,18800.0,-2624.6
6900.0,18800.0,-2621.6
7000.0,18800.0,-2615.0
7100.0,18800.0,-2613.3
7200.0,18800.0,-2610.2
7300.0,18800.0,-2605.0
7400.0,18800.0,-2600.2
7500.0,18800.0,-2596.6
7600.0,18800.0,-2599.3
7700.0,18800.0,-2593.0
7800.0,18800.0,-2588.4
7900.0,18800.0,-2591.4
8000.0,18800.0,-2588.1
8100.0,18800.0,-2587.8
8200.0,18800.0,-2588.5
8300.0,18800.0,-2586.8
8400.0,18800.0,-2589.0
8500.0,18800.0,-2588.4
8600.0,18800.0,-2593.1
8700.0,18800.0,-2591.9
8800.0,18800.0,-2594.6
8900.0,18800.0,-2602.7
9000.0,18800.0,-2603.5
9100.0,18800.0,-2604.8
9200.0,18800.0,-2610.4
9300.0,18800.0,-2611.9
9400.0,18800.0,-2619.3
9500.0,18800.0,-2622.8
9600.0,18800.0,-2629.6
9700.0,18800.0,-2632.2
9800.0,18800.0,-2636.0
9900.0,18800.0,-2640.3
10000.0,18800.0,-2649.6
10100.0,18800.0,-2657.8
10200.0,18800.0,-2656.4
10300.0,18800.0,-2660.7
10400.0,18800.0,-2671.9
10500.0,18800.0,-2676.4
10600.0,18800.0,-2678.2
10700.0,18800.0,-2686.2
10800.0,18800.0,-2688.0
10900.0,18800.0,-2686.6
11000.0,18800.0,-2693.5
11100.0,18800.0,-2700.5
11200.0,18800.0,-2700.3
11300.0,18800.0,-2698.7
11400.0,18800.0,-2705.8
11500.0,18800.0,-2709.1
11600.0,18800.0,-2713.3
11700.0,18800.0,-2710.7
11800.0,18800.0,-2714.8
11900.0,18800.0,-2723.7
12000.0,18800.0,-2721.8
12100.0,18800.0,-2718.2
12200.0,18800.0,-2733.7
12300.0,18800.0,-2722.3
12400.0,18800.0,-2728.6
12500.0,18800.0,-2728.4
12600.0,18800.0,-2726.8
12700.0,18800.0,-2730.6
12800.0,18800.0,-2736.4
12900.0,18800.0,-2732.1
13000.0,18800.0,-2733.3
13100.0,18800.0,-2738.7
13200.0,18800.0,-2740.0
13300.0,18800.0,-2742.7
13400.0,18800.0,-2738.7
13500.0,18800.0,-2738.8
13600.0,18800.0,-2736.9
13700.0,18800.0,-2737.8
13800.0,18800.0,-2748.6
13900.0,18800.0,-2741.3
14000.0,18800.0,-2739.1
14100.0,18800.0,-2737.7
14200.0,18800.0,-2741.8
14300.0,18800.0,-2743.0
14400.0,18800.0,-2741.6
14500.0,18800.0,-2735.3
14600.0,18800.0,-2740.1
14700.0,18800.0,-2739.4
14800.0,18800.0,-2737.0
14900.0,18800.0,-2732.2
15000.0,18800.0,-2732.8
15100.0,18800.0,-2723.6
15200.0,18800.0,-2724.0
15300.0,18800.0,-2717.3
15400.0,18800.0,-2709.3
15500.0,18800.0,-2710.2
15600.0,18800.0,-2709.5
15700.0,18800.0,-2698.2
15800.0,18800.0,-2692.8
15900.0,18800.0,-2687.8
16000.0,18800.0,-2682.4
16100.0,18800.0,-2682.3
16200.0,18800.0,-2670.0
16300.0,18800.0,-2663.6
16400.0,18800.0,-2660.5
16500.0,18800.0,-2654.3
16600.0,18800.0,-2648.2
16700.0,18800.0,-2635.4
16800.0,18800.0,-2628.7
16900.0,18800.0,-2626.8
17000.0,18800.0,-2620.9
17100.0,18800.0,-2609.2
17200.0,18800.0,-2613.9
17300.0,18800.0,-2601.8
17400.0,18800.0,-2598.1
17500.0,18800.0,-2594.9
17600.0,18800.0,-2591.9
17700.0,18800.0,-2589.4
17800.0,18800.0,-2587.4
17900.0,18800.0,-2579.6
18000.0,18800.0,-2581.8
18100.0,18800.0,-2579.2
18200.0,18800.0,-2581.6
18300.0,18800.0,-2585.3
18400.0,18800.0,-2585.5
18500.0,18800.0,-2585.1
18600.0,18800.0,-2592.4
18700.0,18800.0,-2593.3
18800.0,18800.0,-2584.4
18900.0,18800.0,-2598.2
19000.0,18800.0,-2593.0
19100.0,18800.0,-2597.7
19200.0,18800.0,-2602.2
19300.0,18800.0,-2610.5
19400.0,18800.0,-2613.9
19500.0,18800.0,-2614.2
19600.0,18800.0,-2622.7
19700.0,18800.0,-2624.1
19800.0,18800.0,-2629.3
19900.0,18800.0,-2634.6
20000.0,18800.0,-2639.9
0.0,18900.0,-2756.9
100.0,18900.0,-2756.1
200.0,18900.0,-2753.6
300.0,18900.0,-2758.2
400.0,18900.0,-2753.7
500.0,18900.0,-2751.0
600.0,18900.0,-2754.0
700.0,18900.0,-2752.9
800.0,18900.0,-2749.6
900.0,18900.0,-2751.7
1000.0,18900.0,-2749.6
1100.0,18900.0,-2748.0
1200.0,18900.0,-2750.8
1300.0,18900.0,-2747.0
1400.0,18900.0,-2752.2
1500.0,18900.0,-2744.6
1600.0,18900.0,-2741.9
1700.0,18900.0,-2748.1
1800.0,18900.0,-2749.4
1900.0,18900.0,-2749.9
2000.0,18900.0,-2753.4
2100.0,18900.0,-2750.3
2200.0,18900.0,-2752.5
2300.0,18900.0,-2750.0
2400.0,18900.0,-2753.0
2500.0,18900.0,-2755.7
2600.0,18900.0,-2752.8
2700.0,18900.0,-2749.1
2800.0,18900.0,-2755.8
2900.0,18900.0,-2756.2
3000.0,18900.0,-2754.3
3100.0,18900.0,-2753.0
3200.0,18900.0,-2757.6
3300.0,18900.0,-2755.3
3400.0,18900.0,-2751.3
3500.0,18900.0,-2748.3
3600.0,18900.0,-2750.9
3700.0,18900.0,-2748.8
3800.0,18900.0,-2745.5
3900.0,18900.0,-2747.0
4000.0,18900.0,-2747.7
4100.0,18900.0,-2742.9
4200.0,18900.0,-2736.9
4300.0,18900.0,-2738.9
4400.0,18900.0,-2732.2
4500.0,18900.0,-2733.8
4600.0,18900.0,-2730.1
4700.0,18900.0,-2725.6
4800.0,18900.0,-2724.0
4900.0,18900.0,-2715.6
5000.0,18900.0,-2718.8
5100.0,18900.0,-2708.0
5200.0,18900.0,-2708.1
5300.0,18900.0,-2701.9
5400.0,18900.0,-2696.7
5500.0,18900.0,-2692.9
5600.0,18900.0,-2690.6
5700.0,18900.0,-2691.2
5800.0,18900.0,-2684.3
5900.0,18900.0,-2672.9
6000.0,18900.0,-2668.9
6100.0,18900.0,-2666.1
6200.0,18900.0,-2664.4
6300.0,18900.0,-2657.6
6400.0,18900.0,-2645.1
6500.0,18900.0,-2638.8
6600.0,18900.0,-2633.2
6700.0,18900.0,-2637.9
6800.0,18900.0,-2628.9
6900.0,18900.0,-2620.5
7000.0,18900.0,-2616.1
7100.0,18900.0,-2610.7
7200.0,18900.0,-2606.7
7300.0,18900.0,-2605.2
7400.0,18900.0,-2607.1
7500.0,18900.0,-2595.6
7600.0,18900.0,-2595.1
7700.0,18900.0,-2593.8
7800.0,18900.0,-2588.5
7900.0,18900.0,-2588.3
8000.0,18900.0,-2588.4
8100.0,18900.0,-2587.6
8200.0,18900.0,-2593.5
8300.0,18900.0,-2587.3
8400.0,18900.0,-2586.0
8500.0,18900.0,-2589.7
8600.0,18900.0,-2590.2
8700.0,18900.0,-2592.6
8800.0,18900.0,-2597.7
8900.0,18900.0,-2593.5
9000.0,18900.0,-2603.7
9100.0,18900.0,-2605.6
9200.0,18900.0,-2607.1
9300.0,18900.0,-2612.8
9400.0,18900.0,-2619.2
9500.0,18900.0,-2622.4
9600.0,18900.0,-2622.5
9700.0,18900.0,-2629.7
9800.0,18900.0,-2634.1
9900.0,18900.0,-2640.6
10000.0,18900.0,-2646.7
10100.0,18900.0,-2647.0
10200.0,18900.0,-2658.5
10300.0,18900.0,-2662.3
10400.0,18900.0,-2669.2
10500.0,18900.0,-2676.0
10600.0,18900.0,-2676.8
10700.0,18900.0,-2687.9
10800.0,18900.0,-2688.7
10900.0,18900.0,-2693.1
11000.0,18900.0,-2699.2
11100.0,18900.0,-2699.8
11200.0,18900.0,-2704.9
11300.0,18900.0,-2708.0
11400.0,18900.0,-2708.3
11500.0,18900.0,-2715.0
11600.0,18900.0,-2714.5
11700.0,18900.0,-2716.4
11800.0,18900.0,-2720.4
11900.0,18900.0,-2720.3
12000.0,18900.0,-2725.7
12100.0,18900.0,-2722.9
12200.0,18900.0,-2725.6
12300.0,18900.0,-2727.8
12400.0,18900.0,-2724.1
12500.0,18900.0,-2730.3
12600.0,18900.0,-2730.9
12700.0,18900.0,-2734.5
12800.0,18900.0,-2733.8
12900.0,18900.0,-2733.7
13000.0,18900.0,-2738.9
13100.0,18900.0,-2738.0
13200.0,18900.0,-2735.8
13300.0,18900.0,-2737.6
13400.0,18900.0,-2739.0
13500.0,18900.0,-2736.5
13600.0,18900.0,-2744.5
13700.0,18900.0,-2739.8
13800.0,18900.0,-2740.0
13900.0,18900.0,-2737.4
14000.0,18900.0,-2740.2
14100.0,18900.0,-2740.9
14200.0,18900.0,-2743.6
14300.0,18900.0,-2742.0
14400.0,18900.0,-2737.7
14500.0,18900.0,-2738.2
14600.0,18900.0,-2737.2
14700.0,18900.0,-2739.9
14800.0,18900.0,-2735.3
14900.0,18900.0,-2729.1
15000.0,18900.0,-2728.6
15100.0,18900.0,-2732.5
15200.0,18900.0,-2722.5
15300.0,18900.0,-2723.3
15400.0,18900.0,-2718.1
15500.0,18900.0,-2714.7
15600.0,18900.0,-2706.4
15700.0,18900.0,-2702.5
15800.0,18900.0,-2693.1
15900.0,18900.0,-2692.5
16000.0,18900.0,-2689.5
16100.0,18900.0,-2678.6
16200.0,18900.0,-2670.7
16300.0,18900.0,-2668.3
16400.0,18900.0,-2659.0
16500.0,18900.0,-2655.1
16600.0,18900.0,-2646.9
16700.0,18900.0,-2643.3
16800.0,18900.0,-2632.5
16900.0,18900.0,-2624.7
17000.0,18900.0,-2620.4
17100.0,18900.0,-2615.0
17200.0,18900.0,-2609.4
17300.0,18900.0,-2609.2
17400.0,18900.0,-2602.3
17500.0,18900.0,-2599.5
17600.0,18900.0,-2596.1
17700.0,18900.0,-2588.2
17800.0,18900.0,-2589.9
17900.0,18900.0,-2592.2
18000.0,18900.0,-2582.0
18100.0,18900.0,-2586.8
18200.0,18900.0,-2582.6
18300.0,18900.0,-2583.4
18400.0,18900.0,-2585.1
18500.0,18900.0,-2586.2
18600.0,18900.0,-2587.6
18700.0,18900.0,-2591.6
18800.0,18900.0,-2591.0
18900.0,18900.0,-2590.3
19000.0,18900.0,-2599.4
19100.0,18900.0,-2598.6
19200.0,18900.0,-2604.0
19300.0,18900.0,-2612.2
19400.0,18900.0,-2615.4
19500.0,18900.0,-2624.0
19600.0,18900.0,-2623.5
19700.0,18900.0,-2630.0
19800.0,18900.0,-2631.3
19900.0,18900.0,-2635.1
20000.0,18900.0,-2643.3
0.0,19000.0,-2760.2
100.0,19000.0,-2764.6
200.0,19000.0,-2759.8
300.0,19000.0,-2758.0
400.0,19000.0,-2761.2
500.0,19000.0,-2757.8
600.0,19000.0,-2752.5
700.0,19000.0,-2751.3
800.0,19000.0,-2746.5
900.0,19000.0,-2752.5
1000.0,19000.0,-2752.9
1100.0,19000.0,-2751.7
1200.0,19000.0,-2749.9
1300.0,19000.0,-2743.6
1400.0,19000.0,-2747.1
1500.0,19000.0,-2750.1
1600.0,19000.0,-2745.9
1700.0,19000.0,-2749.6
1800.0,19000.0,-2746.8
1900.0,19000.0,-2754.2
2000.0,19000.0,-2751.0
2100.0,19000.0,-2744.6
2200.0,19000.0,-2754.9
2300.0,19000.0,-2749.6
2400.0,19000.0,-2746.1
2500.0,19000.0,-2752.0
2600.0,19000.0,-2748.4
2700.0,19000.0,-2753.5
2800.0,19000.0,-2752.4
2900.0,19000.0,-2746.6
3000.0,19000.0,-2749.5
3100.0,19000.0,-2748.9
3200.0,19000.0,-2747.5
3300.0,19000.0,-2752.1
3400.0,19000.0,-2746.9
3500.0,19000.0,-2750.4
3600.0,19000.0,-2744.7
3700.0,19000.0,-2746.4
3800.0,19000.0,-2744.2
3900.0,19000.0,-2747.0
4000.0,19000.0,-2745.5
4100.0,19000.0,-2742.2
4200.0,19000.0,-2743.7
4300.0,19000.0,-2734.2
4400.0,19000.0,-2734.5
4500.0,19000.0,-2728.9
4600.0,19000.0,-2726.2
4700.0,19000.0,-2719.7
4800.0,19000.0,-2719.1
4900.0,19000.0,-2714.4
5000.0,19000.0,-2713.7
5100.0,19000.0,-2711.7
5200.0,19000.0,-2706.9
5300.0,19000.0,-2708.1
5400.0,19000.0,-2696.4
5500.0,19000.0,-2690.7
5600.0,19000.0,-2690.3
5700.0,19000.0,-2683.4
5800.0,19000.0,-2685.1
5900.0,19000.0,-2675.4
6000.0,19000.0,-2663.9
6100.0,19000.0,-2668.4
6200.0,19000.0,-2663.8
6300.0,19000.0,-2652.1
6400.0,19000.0,-2644.2
6500.0,19000.0,-2641.2
6600.0,19000.0,-2639.1
6700.0,19000.0,-2632.4
6800.0,19000.0,-2627.7
6900.0,19000.0,-2621.5
7000.0,19000.0,-2617.1
7100.0,19000.0,-2612.5
7200.0,19000.0,-2608.6
7300.0,19000.0,-2604.1
7400.0,19000.0,-2602.2
7500.0,19000.0,-2600.9
7600.0,19000.0,-2593.6
7700.0,19000.0,-2595.5
7800.0,19000.0,-2590.5
7900.0,19000.0,-2596.8
8000.0,19000.0,-2583.0
8100.0,19000.0,-2590.7
8200.0,19000.0,-2587.6
8300.0,19000.0,-2584.7
8400.0,19000.0,-2585.0
8500.0,19000.0,-2583.2
8600.0,19000.0,-2588.7
8700.0,19000.0,-2587.2
8800.0,19000.0,-2594.5
8900.0,19000.0,-2596.9
9000.0,19000.0,-2596.3
9100.0,19000.0,-2608.0
9200.0,19000.0,-2606.2
9300.0,19000.0,-2609.3
9400.0,19000.0,-2615.4
9500.0,19000.0,-2620.6
9600.0,19000.0,-2623.9
9700.0,19000.0,-2633.0
9800.0,19000.0,-2638.0
9900.0,19000.0,-2644.9
10000.0,19000.0,-2647.6
10100.0,19000.0,-2649.5
10200.0,19000.0,-2651.6
10300.0,19000.0,-2665.1
10400.0,19000.0,-2672.9
10500.0,19000.0,-2671.2
10600.0,19000.0,-2683.1
10700.0,19000.0,-2682.3
10800.0,19000.0,-2687.1
10900.0,19000.0,-2697.9
11000.0,19000.0,-2698.2
11100.0,19000.0,-2699.9
11200.0,19000.0,-2707.8
11300.0,19000.0,-2712.0
11400.0,19000.0,-2712.8
11500.0,19000.0,-2710.9
11600.0,19000.0,-2713.2
11700.0,19000.0,-2713.3
11800.0,19000.0,-2724.8
11900.0,19000.0,-2725.0
12000.0,19000.0,-2724.8
12100.0,19000.0,-2725.0
12200.0,19000.0,-2728.1
12300.0,19000.0,-2728.7
12400.0,19000.0,-2733.4
12500.0,19000.0,-2729.3
12600.0,19000.0,-2735.6
12700.0,19000.0,-2729.9
12800.0,19000.0,-2736.2
12900.0,19000.0,-2734.9
13000.0,19000.0,-2740.3
13100.0,19000.0,-2741.1
13200.0,19000.0,-2738.4
13300.0,19000.0,-2739.5
13400.0,19000.0,-2733.4
13500.0,19000.0,-2736.3
13600.0,19000.0,-2739.2
13700.0,19000.0,-2738.8
13800.0,19000.0,-2741.8
13900.0,19000.0,-2743.1
14000.0,19000.0,-2741.4
14100.0,19000.0,-2741.8
14200.0,19000.0,-2745.2
14300.0,19000.0,-2736.3
14400.0,19000.0,-2740.2
14500.0,19000.0,-2738.3
14600.0,19000.0,-2735.9
14700.0,19000.0,-2739.1
14800.0,19000.0,-2730.6
14900.0,19000.0,-2735.5
15000.0,19000.0,-2730.4
15100.0,19000.0,-2732.7
15200.0,19000.0,-2726.9
15300.0,19000.0,-2723.9
15400.0,19000.0,-2720.3
15500.0,19000.0,-2718.0
15600.0,19000.0,-2708.0
15700.0,19000.0,-2706.1
15800.0,19000.0,-2701.6
15900.0,19000.0,-2694.6
16000.0,19000.0,-2682.3
16100.0,19000.0,-2678.4
16200.0,19000.0,-2670.4
16300.0,19000.0,-2664.0
16400.0,19000.0,-2661.0
16500.0,19000.0,-2654.2
16600.0,19000.0,-2647.5
16700.0,19000.0,-2642.7
16800.0,19000.0,-2638.6
16900.0,19000.0,-2631.9
17000.0,19000.0,-2620.9
17100.0,19000.0,-2621.0
17200.0,19000.0,-2608.6
17300.0,19000.0,-2609.0
17400.0,19000.0,-2604.4
17500.0,19000.0,-2598.8
17600.0,19000.0,-2598.3
17700.0,19000.0,-2592.7
17800.0,19000.0,-2592.5
17900.0,19000.0,-2586.0
18000.0,19000.0,-2589.6
18100.0,19000.0,-2583.3
18200.0,19000.0,-2583.6
18300.0,19000.0,-2584.4
18400.0,19000.0,-2588.7
18500.0,19000.0,-2586.3
18600.0,19000.0,-2590.5
18700.0,19000.0,-2594.5
18800.0,19000.0,-2591.2
18900.0,19000.0,-2598.7
19000.0,19000.0,-2602.3
19100.0,19000.0,-2602.1
19200.0,19000.0,-2608.4
19300.0,19000.0,-2613.4
19400.0,19000.0,-2617.2
19500.0,19000.0,-2621.3
19600.0,19000.0,-2628.2
19700.0,19000.0,-2631.4
19800.0,19000.0,-2634.5
19900.0,19000.0,-2635.7
20000.0,19000.0,-2644.7
0.0,19100.0,-2763.8
100.0,19100.0,-2761.0
200.0,19100.0,-2763.6
300.0,19100.0,-2762.7
400.0,19100.0,-2757.2
500.0,19100.0,-2759.0
600.0,19100.0,-2762.5
700.0,19100.0,-2756.8
800.0,19100.0,-2749.4
900.0,19100.0,-2753.6
1000.0,19100.0,-2755.6
1100.0,19100.0,-2748.3
1200.0,19100.0,-2744.2
1300.0,19100.0,-2750.5
1400.0,19100.0,-2747.0
1500.0,19100.0,-2746.5
1600.0,19100.0,-2738.5
1700.0,19100.0,-2746.8
1800.0,19100.0,-2739.9
1900.0,19100.0,-2742.2
2000.0,19100.0,-2751.6
2100.0,19100.0,-2745.4
2200.0,19100.0,-2741.1
2300.0,19100.0,-2746.4
2400.0,19100.0,-2747.5
2500.0,19100.0,-2745.0
2600.0,19100.0,-2747.3
2700.0,19100.0,-2740.7
2800.0,19100.0,-2750.5
2900.0,19100.0,-2742.7
3000.0,19100.0,-2741.8
3100.0,19100.0,-2746.1
3200.0,19100.0,-2744.5
3300.0,19100.0,-2749.8
3400.0,19100.0,-2744.7
3500.0,19100.0,-2741.9
3600.0,19100.0,-2744.7
3700.0,19100.0,-2741.6
3800.0,19100.0,-2740.9
3900.0,19100.0,-2740.4
4000.0,19100.0,-2733.4
4100.0,19100.0,-2737.1
4200.0,19100.0,-2734.6
4300.0,19100.0,-2727.8
4400.0,19100.0,-2726.8
4500.0,19100.0,-2725.7
4600.0,19100.0,-2727.3
4700.0,19100.0,-2722.2
4800.0,19100.0,-2717.2
4900.0,19100.0,-2718.0
5000.0,19100.0,-2713.7
5100.0,19100.0,-2710.6
5200.0,19100.0,-2706.8
5300.0,19100.0,-2698.5
5400.0,19100.0,-2692.1
5500.0,19100.0,-2690.2
5600.0,19100.0,-2685.1
5700.0,19100.0,-2686.2
5800.0,19100.0,-2680.8
5900.0,19100.0,-2676.8
6000.0,19100.0,-2674.0
6100.0,19100.0,-2667.3
6200.0,19100.0,-2656.1
6300.0,19100.0,-2653.8
6400.0,19100.0,-2644.5
6500.0,19100.0,-2639.5
6600.0,19100.0,-2639.4
6700.0,19100.0,-2627.5
6800.0,19100.0,-2633.8
6900.0,19100.0,-2621.2
7000.0,19100.0,-2617.9
7100.0,19100.0,-2612.4
7200.0,19100.0,-2610.3
7300.0,19100.0,-2604.2
7400.0,19100.0,-2595.7
7500.0,19100.0,-2597.3
7600.0,19100.0,-2589.9
7700.0,19100.0,-2589.9
7800.0,19100.0,-2591.5
7900.0,19100.0,-2587.3
8000.0,19100.0,-2580.8
8100.0,19100.0,-2586.6
8200.0,19100.0,-2585.8
8300.0,19100.0,-2588.3
8400.0,19100.0,-2582.6
8500.0,19100.0,-2583.7
8600.0,19100.0,-2587.4
8700.0,19100.0,-2593.3
8800.0,19100.0,-2589.3
8900.0,19100.0,-2595.9
9000.0,19100.0,-2596.2
9100.0,19100.0,-2604.9
9200.0,19100.0,-2605.5
9300.0,19100.0,-2605.5
9400.0,19100.0,-2615.2
9500.0,19100.0,-2616.8
9600.0,19100.0,-2616.5
9700.0,19100.0,-2632.6
9800.0,19100.0,-2636.1
9900.0,19100.0,-2643.7
10000.0,19100.0,-2640.4
10100.0,19100.0,-2651.6
10200.0,19100.0,-2655.3
10300.0,19100.0,-2664.2
10400.0,19100.0,-2671.6
10500.0,19100.0,-2668.0
10600.0,19100.0,-2679.9
10700.0,19100.0,-2684.1
10800.0,19100.0,-2689.7
10900.0,19100.0,-2698.9
11000.0,19100.0,-2706.2
11100.0,19100.0,-2706.9
11200.0,19100.0,-2706.8
11300.0,19100.0,-2711.9
11400.0,19100.0,-2715.7
11500.0,19100.0,-2714.7
11600.0,19100.0,-2720.8
11700.0,19100.0,-2725.0
11800.0,19100.0,-2724.8
11900.0,19100.0,-2724.0
12000.0,19100.0,-2723.7
12100.0,19100.0,-2728.0
12200.0,19100.0,-2735.0
12300.0,19100.0,-2738.3
12400.0,19100.0,-2739.6
12500.0,19100.0,-2736.9
12600.0,19100.0,-2733.6
12700.0,19100.0,-2734.6
12800.0,19100.0,-2736.5
12900.0,19100.0,-2743.8
13000.0,19100.0,-2734.3
13100.0,19100.0,-2734.4
13200.0,19100.0,-2736.6
13300.0,19100.0,-2739.4
13400.0,19100.0,-2738.1
13500.0,19100.0,-2741.7
13600.0,19100.0,-2744.3
13700.0,19100.0,-2744.9
13800.0,19100.0,-2737.6
13900.0,19100.0,-2740.4
14000.0,19100.0,-2740.3
14100.0,19100.0,-2740.8
14200.0,19100.0,-2742.1
14300.0,19100.0,-2745.3
14400.0,19100.0,-2742.5
14500.0,19100.0,-2741.5
14600.0,19100.0,-2737.5
14700.0,19100.0,-2740.3
14800.0,19100.0,-2736.5
14900.0,19100.0,-2737.8
15000.0,19100.0,-2730.6
15100.0,19100.0,-2729.4
15200.0,19100.0,-2721.9
15300.0,19100.0,-2719.8
15400.0,19100.0,-2714.1
15500.0,19100.0,-2712.1
15600.0,19100.0,-2714.8
15700.0,19100.0,-2708.8
15800.0,19100.0,-2696.3
15900.0,19100.0,-2698.6
16000.0,19100.0,-2685.3
16100.0,19100.0,-2685.8
16200.0,19100.0,-2676.4
16300.0,19100.0,-2669.6
16400.0,19100.0,-2666.7
16500.0,19100.0,-2663.1
16600.0,19100.0,-2652.7
16700.0,19100.0,-2644.2
16800.0,19100.0,-2640.2
16900.0,19100.0,-2635.3
17000.0,19100.0,-2630.5
17100.0,19100.0,-2620.1
17200.0,19100.0,-2619.2
17300.0,19100.0,-2616.2
17400.0,19100.0,-2609.7
17500.0,19100.0,-2603.4
17600.0,19100.0,-2599.3
17700.0,19100.0,-2591.1
17800.0,19100.0,-2600.1
17900.0,19100.0,-2591.9
18000.0,19100.0,-2587.0
18100.0,19100.0,-2588.3
18200.0,19100.0,-2586.3
18300.0,19100.0,-2587.1
18400.0,19100.0,-2593.0
18500.0,19100.0,-2592.7
18600.0,19100.0,-2593.2
18700.0,19100.0,-2593.6
18800.0,19100.0,-2594.2
18900.0,19100.0,-2594.1
19000.0,19100.0,-2600.9
19100.0,19100.0,-2602.9
19200.0,19100.0,-2611.0
19300.0,19100.0,-2612.0
19400.0,19100.0,-2618.6
19500.0,19100.0,-2623.6
19600.0,19100.0,-2626.3
19700.0,19100.0,-2633.6
19800.0,19100.0,-2637.1
19900.0,19100.0,-2642.1
20000.0,19100.0,-2643.5
0.0,19200.0,-2770.8
100.0,19200.0,-2764.0
200.0,19200.0,-2771.0
300.0,19200.0,-2765.7
400.0,19200.0,-2764.7
500.0,19200.0,-2762.0
600.0,19200.0,-2760.8
700.0,19200.0,-2757.6
800.0,19200.0,-2756.9
900.0,19200.0,-2756.5
1000.0,19200.0,-2753.2
1100.0,19200.0,-2753.3
1200.0,19200.0,-2746.8
1300.0,19200.0,-2745.7
1400.0,19200.0,-2752.6
1500.0,19200.0,-2747.9
1600.0,19200.0,-2742.0
1700.0,19200.0,-2744.0
1800.0,19200.0,-2739.5
1900.0,19200.0,-2746.7
2000.0,19200.0,-2746.5
2100.0,19200.0,-2746.1
2200.0,19200.0,-2737.3
2300.0,19200.0,-2741.8
2400.0,19200.0,-2746.9
2500.0,19200.0,-2742.2
2600.0,19200.0,-2743.6
2700.0,19200.0,-2741.7
2800.0,19200.0,-2739.6
2900.0,19200.0,-2747.1
3000.0,19200.0,-2741.4
3100.0,19200.0,-2745.9
3200.0,19200.0,-2745.0
3300.0,19200.0,-2745.5
3400.0,19200.0,-2740.0
3500.0,19200.0,-2751.4
3600.0,19200.0,-2740.7
3700.0,19200.0,-2740.6
3800.0,19200.0,-2737.4
3900.0,19200.0,-2745.7
4000.0,19200.0,-2738.1
4100.0,19200.0,-2735.8
4200.0,19200.0,-2732.1
4300.0,19200.0,-2733.9
4400.0,19200.0,-2726.6
4500.0,19200.0,-2725.4
4600.0,19200.0,-2722.6
4700.0,19200.0,-2718.7
4800.0,19200.0,-2720.1
4900.0,19200.0,-2709.7
5000.0,19200.0,-2711.4
5100.0,19200.0,-2706.8
5200.0,19200.0,-2702.0
5300.0,19200.0,-2698.3
5400.0,19200.0,-2693.8
5500.0,19200.0,-2691.6
5600.0,19200.0,-2691.8
5700.0,19200.0,-2683.7
5800.0,19200.0,-2679.7
5900.0,19200.0,-2671.5
6000.0,19200.0,-2672.0
6100.0,19200.0,-2663.5
6200.0,19200.0,-2659.0
6300.0,19200.0,-2651.8
6400.0,19200.0,-2648.1
6500.0,19200.0,-2640.8
6600.0,19200.0,-2630.9
6700.0,19200.0,-2627.2
6800.0,19200.0,-2632.2
6900.0,19200.0,-2626.1
7000.0,19200.0,-2615.6
7100.0,19200.0,-2613.3
7200.0,19200.0,-2608.9
7300.0,19200.0,-2606.3
7400.0,19200.0,-2601.6
7500.0,19200.0,-2596.9
7600.0,19200.0,-2594.2
7700.0,19200.0,-2592.6
7800.0,19200.0,-2589.1
7900.0,19200.0,-2587.2
8000.0,19200.0,-2585.4
8100.0,19200.0,-2579.9
8200.0,19200.0,-2582.7
8300.0,19200.0,-2580.5
8400.0,19200.0,-2580.1
8500.0,19200.0,-2583.2
8600.0,19200.0,-2589.3
8700.0,19200.0,-2585.5
8800.0,19200.0,-2585.4
8900.0,19200.0,-2592.9
9000.0,19200.0,-2596.7
9100.0,19200.0,-2598.7
9200.0,19200.0,-2598.4
9300.0,19200.0,-2608.5
9400.0,19200.0,-2608.5
9500.0,19200.0,-2618.7
9600.0,19200.0,-2619.2
9700.0,19200.0,-2628.5
9800.0,19200.0,-2636.8
9900.0,19200.0,-2648.4
10000.0,19200.0,-2641.0
10100.0,19200.0,-2648.9
10200.0,19200.0,-2652.6
10300.0,19200.0,-2661.8
10400.0,19200.0,-2665.3
10500.0,19200.0,-2669.9
10600.0,19200.0,-2672.3
10700.0,19200.0,-2685.9
10800.0,19200.0,-2686.6
10900.0,19200.0,-2696.0
11000.0,19200.0,-2695.1
11100.0,19200.0,-2704.7
11200.0,19200.0,-2709.3
11300.0,19200.0,-2710.2
11400.0,19200.0,-2716.8
11500.0,19200.0,-2714.1
11600.0,19200.0,-2722.9
11700.0,19200.0,-2724.2
11800.0,19200.0,-2725.8
11900.0,19200.0,-2725.5
12000.0,19200.0,-2731.0
12100.0,19200.0,-2734.2
12200.0,19200.0,-2733.3
12300.0,19200.0,-2734.2
12400.0,19200.0,-2739.6
12500.0,19200.0,-2739.6
12600.0,19200.0,-2736.3
12700.0,19200.0,-2733.7
12800.0,19200.0,-2738.4
12900.0,19200.0,-2747.2
13000.0,19200.0,-2736.8
13100.0,19200.0,-2742.7
13200.0,19200.0,-2744.2
13300.0,19200.0,-2742.8
13400.0,19200.0,-2737.4
13500.0,19200.0,-2745.1
13600.0,19200.0,-2741.0
13700.0,19200.0,-2746.3
13800.0,19200.0,-2741.0
13900.0,19200.0,-2740.4
14000.0,19200.0,-2740.6
14100.0,19200.0,-2740.6
14200.0,19200.0,-2745.1
14300.0,19200.0,-2746.7
14400.0,19200.0,-2743.4
14500.0,19200.0,-2732.9
14600.0,19200.0,-2743.1
14700.0,19200.0,-2743.8
14800.0,19200.0,-2736.5
14900.0,19200.0,-2736.5
15000.0,19200.0,-2733.3
15100.0,19200.0,-2726.1
15200.0,19200.0,-2727.1
15300.0,19200.0,-2721.6
15400.0,19200.0,-2719.7
15500.0,19200.0,-2722.8
15600.0,19200.0,-2710.3
15700.0,19200.0,-2706.9
15800.0,19200.0,-2700.9
15900.0,19200.0,-2695.1
16000.0,19200.0,-2685.7
16100.0,19200.0,-2691.8
16200.0,19200.0,-2683.7
16300.0,19200.0,-2671.7
16400.0,19200.0,-2670.7
16500.0,19200.0,-2659.5
16600.0,19200.0,-2653.9
16700.0,19200.0,-2650.8
16800.0,19200.0,-2642.3
16900.0,19200.0,-2640.1
17000.0,19200.0,-2626.3
17100.0,19200.0,-2624.5
17200.0,19200.0,-2619.6
17300.0,19200.0,-2612.4
17400.0,19200.0,-2607.2
17500.0,19200.0,-2603.5
17600.0,19200.0,-2598.3
17700.0,19200.0,-2598.9
17800.0,19200.0,-2591.8
17900.0,19200.0,-2594.5
18000.0,19200.0,-2594.6
18100.0,19200.0,-2589.6
18200.0,19200.0,-2590.0
18300.0,19200.0,-2586.6
18400.0,19200.0,-2585.0
18500.0,19200.0,-2596.1
18600.0,19200.0,-2595.1
18700.0,19200.0,-2596.8
18800.0,19200.0,-2594.3
18900.0,19200.0,-2598.8
19000.0,19200.0,-2605.4
19100.0,19200.0,-2609.1
19200.0,19200.0,-2608.5
19300.0,19200.0,-2615.5
19400.0,19200.0,-2622.3
19500.0,19200.0,-2621.7
19600.0,19200.0,-2630.3
19700.0,19200.0,-2633.5
19800.0,19200.0,-2632.7
19900.0,19200.0,-2644.5
20000.0,19200.0,-2652.3
0.0,19300.0,-2773.8
100.0,19300.0,-2769.2
200.0,19300.0,-2764.6
300.0,19300.0,-2762.8
400.0,19300.0,-2757.7
500.0,19300.0,-2764.4
600.0,19300.0,-2756.5
700.0,19300.0,-2763.3
800.0,19300.0,-2753.3
900.0,19300.0,-2759.7
1000.0,19300.0,-2758.1
1100.0,19300.0,-2751.8
1200.0,19300.0,-2753.2
1300.0,19300.0,-2748.1
1400.0,19300.0,-2747.8
1500.0,19300.0,-2745.4
1600.0,19300.0,-2746.2
1700.0,19300.0,-2743.0
1800.0,19300.0,-2739.9
1900.0,19300.0,-2740.9
2000.0,19300.0,-2746.5
2100.0,19300.0,-2737.7
2200.0,19300.0,-2742.9
2300.0,19300.0,-2739.3
2400.0,19300.0,-2744.1
2500.0,19300.0,-2736.5
2600.0,19300.0,-2740.6
2700.0,19300.0,-2737.8
2800.0,19300.0,-2738.9
2900.0,19300.0,-2740.4
3000.0,19300.0,-2743.3
3100.0,19300.0,-2738.0
3200.0,19300.0,-2739.9
3300.0,19300.0,-2737.4
3400.0,19300.0,-2740.1
3500.0,19300.0,-2735.7
3600.0,19300.0,-2737.7
3700.0,19300.0,-2734.7
3800.0,19300.0,-2737.0
3900.0,19300.0,-2735.8
4000.0,19300.0,-2727.8
4100.0,19300.0,-2730.6
4200.0,19300.0,-2729.3
4300.0,19300.0,-2729.8
4400.0,19300.0,-2726.6
4500.0,19300.0,-2718.8
4600.0,19300.0,-2717.0
4700.0,19300.0,-2718.7
4800.0,19300.0,-2714.7
4900.0,19300.0,-2715.2
5000.0,19300.0,-2708.2
5100.0,19300.0,-2705.1
5200.0,19300.0,-2696.7
5300.0,19300.0,-2692.1
5400.0,19300.0,-2694.7
5500.0,19300.0,-2690.0
5600.0,19300.0,-2686.1
5700.0,19300.0,-2688.8
5800.0,19300.0,-2676.3
5900.0,19300.0,-2672.7
6000.0,19300.0,-2667.9
6100.0,19300.0,-2662.7
6200.0,19300.0,-2657.1
6300.0,19300.0,-2649.9
6400.0,19300.0,-2653.0
6500.0,19300.0,-2645.2
6600.0,19300.0,-2642.0
6700.0,19300.0,-2638.0
6800.0,19300.0,-2631.3
6900.0,19300.0,-2617.9
7000.0,19300.0,-2616.1
7100.0,19300.0,-2614.3
7200.0,19300.0,-2611.1
7300.0,19300.0,-2606.3
7400.0,19300.0,-2600.5
7500.0,19300.0,-2596.2
7600.0,19300.0,-2596.0
7700.0,19300.0,-2590.8
7800.0,19300.0,-2585.5
7900.0,19300.0,-2586.4
8000.0,19300.0,-2581.7
8100.0,19300.0,-2587.8
8200.0,19300.0,-2582.4
8300.0,19300.0,-2582.7
8400.0,19300.0,-2579.4
8500.0,19300.0,-2578.3
8600.0,19300.0,-2586.5
8700.0,19300.0,-2586.0
8800.0,19300.0,-2595.6
8900.0,19300.0,-2590.3
9000.0,19300.0,-2595.6
9100.0,19300.0,-2599.8
9200.0,19300.0,-2604.4
9300.0,19300.0,-2607.8
9400.0,19300.0,-2611.0
9500.0,19300.0,-2619.4
9600.0,19300.0,-2620.4
9700.0,19300.0,-2632.9
9800.0,19300.0,-2630.1
9900.0,19300.0,-2639.0
10000.0,19300.0,-2648.0
10100.0,19300.0,-2646.0
10200.0,19300.0,-2654.3
10300.0,19300.0,-2660.6
10400.0,19300.0,-2667.2
10500.0,19300.0,-2669.6
10600.0,19300.0,-2678.3
10700.0,19300.0,-2683.5
10800.0,19300.0,-2690.5
10900.0,19300.0,-2691.9
11000.0,19300.0,-2702.0
11100.0,19300.0,-2708.9
11200.0,19300.0,-2708.4
11300.0,19300.0,-2712.8
11400.0,19300.0,-2710.2
11500.0,19300.0,-2714.6
11600.0,19300.0,-2720.9
11700.0,19300.0,-2724.6
11800.0,19300.0,-2729.2
11900.0,19300.0,-2729.8
12000.0,19300.0,-2728.5
12100.0,19300.0,-2734.0
12200.0,19300.0,-2733.5
12300.0,19300.0,-2738.3
12400.0,19300.0,-2737.3
12500.0,19300.0,-2736.3
12600.0,19300.0,-2734.8
12700.0,19300.0,-2740.0
12800.0,19300.0,-2741.3
12900.0,19300.0,-2739.2
13000.0,19300.0,-2737.9
13100.0,19300.0,-2748.7
13200.0,19300.0,-2744.6
13300.0,19300.0,-2747.5
13400.0,19300.0,-2740.5
13500.0,19300.0,-2743.5
13600.0,19300.0,-2745.6
13700.0,19300.0,-2741.3
13800.0,19300.0,-2743.0
13900.0,19300.0,-2742.1
14000.0,19300.0,-2738.9
14100.0,19300.0,-2740.4
14200.0,19300.0,-2744.0
14300.0,19300.0,-2741.3
14400.0,19300.0,-2744.8
14500.0,19300.0,-2740.9
14600.0,19300.0,-2740.5
14700.0,19300.0,-2739.3
14800.0,19300.0,-2735.0
14900.0,19300.0,-2734.9
15000.0,19300.0,-2734.3
15100.0,19300.0,-2726.2
15200.0,19300.0,-2730.8
15300.0,19300.0,-2727.6
15400.0,19300.0,-2714.8
15500.0,19300.0,-2714.7
15600.0,19300.0,-2707.4
15700.0,19300.0,-2708.0
15800.0,19300.0,-2701.5
15900.0,19300.0,-2693.3
16000.0,19300.0,-2691.0
16100.0,19300.0,-2688.4
16200.0,19300.0,-2686.5
16300.0,19300.0,-2676.6
16400.0,19300.0,-2673.3
16500.0,19300.0,-2661.5
16600.0,19300.0,-2656.7
16700.0,19300.0,-2650.5
16800.0,19300.0,-2649.2
16900.0,19300.0,-2638.9
17000.0,19300.0,-2639.9
17100.0,19300.0,-2627.6
17200.0,19300.0,-2623.8
17300.0,19300.0,-2616.9
17400.0,19300.0,-2616.5
17500.0,19300.0,-2609.2
17600.0,19300.0,-2599.6
17700.0,19300.0,-2606.2
17800.0,19300.0,-2600.4
17900.0,19300.0,-2600.5
18000.0,19300.0,-2594.7
18100.0,19300.0,-2597.9
18200.0,19300.0,-2594.5
18300.0,19300.0,-2593.5
18400.0,19300.0,-2592.5
18500.0,19300.0,-2590.2
18600.0,19300.0,-2593.8
18700.0,19300.0,-2596.3
18800.0,19300.0,-2597.8
18900.0,19300.0,-2601.9
19000.0,19300.0,-2604.5
19100.0,19300.0,-2609.8
19200.0,19300.0,-2611.5
19300.0,19300.0,-2615.7
19400.0,19300.0,-2621.4
19500.0,19300.0,-2624.5
19600.0,19300.0,-2626.2
19700.0,19300.0,-2636.0
19800.0,19300.0,-2636.5
19900.0,19300.0,-2641.7
20000.0,19300.0,-2647.1
0.0,19400.0,-2771.8
100.0,19400.0,-2775.0
200.0,19400.0,-2769.2
300.0,19400.0,-2775.3
400.0,19400.0,-2765.9
500.0,19400.0,-2763.8
600.0,19400.0,-2755.8
700.0,19400.0,-2758.6
800.0,19400.0,-2750.8
900.0,19400.0,-2755.1
1000.0,19400.0,-2763.7
1100.0,19400.0,-2749.5
1200.0,19400.0,-2751.5
1300.0,19400.0,-2747.3
1400.0,19400.0,-2751.1
1500.0,19400.0,-2748.1
1600.0,19400.0,-2742.2
1700.0,19400.0,-2742.9
1800.0,19400.0,-2742.4
1900.0,19400.0,-2737.8
2000.0,19400.0,-2737.8
2100.0,19400.0,-2739.3
2200.0,19400.0,-2741.2
2300.0,19400.0,-2735.3
2400.0,19400.0,-2738.7
2500.0,19400.0,-2738.5
2600.0,19400.0,-2737.2
2700.0,19400.0,-2737.8
2800.0,19400.0,-2739.3
2900.0,19400.0,-2733.9
3000.0,19400.0,-2736.5
3100.0,19400.0,-2742.0
3200.0,19400.0,-2731.8
3300.0,19400.0,-2731.6
3400.0,19400.0,-2731.1
3500.0,19400.0,-2738.5
3600.0,19400.0,-2734.1
3700.0,19400.0,-2732.0
3800.0,19400.0,-2733.1
3900.0,19400.0,-2734.5
4000.0,19400.0,-2725.2
4100.0,19400.0,-2730.6
4200.0,19400.0,-2724.3
4300.0,19400.0,-2721.9
4400.0,19400.0,-2725.6
4500.0,19400.0,-2721.7
4600.0,19400.0,-2718.9
4700.0,19400.0,-2711.8
4800.0,19400.0,-2711.5
4900.0,19400.0,-2712.2
5000.0,19400.0,-2709.4
5100.0,19400.0,-2707.3
5200.0,19400.0,-2696.7
5300.0,19400.0,-2693.3
5400.0,19400.0,-2691.6
5500.0,19400.0,-2682.3
5600.0,19400.0,-2688.6
5700.0,19400.0,-2679.4
5800.0,19400.0,-2682.7
5900.0,19400.0,-2670.2
6000.0,19400.0,-2668.8
6100.0,19400.0,-2663.9
6200.0,19400.0,-2656.3
6300.0,19400.0,-2655.3
6400.0,19400.0,-2649.4
6500.0,19400.0,-2644.0
6600.0,19400.0,-2631.3
6700.0,19400.0,-2633.5
6800.0,19400.0,-2624.7
6900.0,19400.0,-2623.8
7000.0,19400.0,-2618.6
7100.0,19400.0,-2612.3
7200.0,19400.0,-2606.3
7300.0,19400.0,-2602.8
7400.0,19400.0,-2597.3
7500.0,19400.0,-2595.3
7600.0,19400.0,-2599.2
7700.0,19400.0,-2583.5
7800.0,19400.0,-2587.3
7900.0,19400.0,-2584.5
8000.0,19400.0,-2585.1
8100.0,19400.0,-2578.5
8200.0,19400.0,-2580.7
8300.0,19400.0,-2579.8
8400.0,19400.0,-2581.2
8500.0,19400.0,-2582.0
8600.0,19400.0,-2577.6
8700.0,19400.0,-2588.0
8800.0,19400.0,-2584.5
8900.0,19400.0,-2592.2
9000.0,19400.0,-2598.1
9100.0,19400.0,-2599.0
9200.0,19400.0,-2598.6
9300.0,19400.0,-2604.6
9400.0,19400.0,-2610.0
9500.0,19400.0,-2618.6
9600.0,19400.0,-2621.5
9700.0,19400.0,-2620.8
9800.0,19400.0,-2627.4
9900.0,19400.0,-2635.2
10000.0,19400.0,-2646.9
10100.0,19400.0,-2652.6
10200.0,19400.0,-2649.6
10300.0,19400.0,-2660.7
10400.0,19400.0,-2669.2
10500.0,19400.0,-2674.2
10600.0,19400.0,-2679.3
10700.0,19400.0,-2681.1
10800.0,19400.0,-2690.5
10900.0,19400.0,-2694.6
11000.0,19400.0,-2699.7
11100.0,19400.0,-2701.9
11200.0,19400.0,-2706.4
11300.0,19400.0,-2709.3
11400.0,19400.0,-2713.8
11500.0,19400.0,-2713.4
11600.0,19400.0,-2727.0
11700.0,19400.0,-2721.9
11800.0,19400.0,-2727.3
11900.0,19400.0,-2732.2
12000.0,19400.0,-2731.4
12100.0,19400.0,-2734.9
12200.0,19400.0,-2740.5
12300.0,19400.0,-2737.9
12400.0,19400.0,-2738.9
12500.0,19400.0,-2744.5
12600.0,19400.0,-2747.5
12700.0,19400.0,-2741.1
12800.0,19400.0,-2744.7
12900.0,19400.0,-2742.5
13000.0,19400.0,-2744.6
13100.0,19400.0,-2750.1
13200.0,19400.0,-2746.7
13300.0,19400.0,-2738.9
13400.0,19400.0,-2743.4
13500.0,19400.0,-2741.8
13600.0,19400.0,-2744.7
13700.0,19400.0,-2749.6
13800.0,19400.0,-2741.9
13900.0,19400.0,-2747.3
14000.0,19400.0,-2748.8
14100.0,19400.0,-2745.9
14200.0,19400.0,-2746.9
14300.0,19400.0,-2740.6
14400.0,19400.0,-2740.7
14500.0,19400.0,-2739.9
14600.0,19400.0,-2736.1
14700.0,19400.0,-2734.6
14800.0,19400.0,-2736.9
14900.0,19400.0,-2731.3
15000.0,19400.0,-2736.6
15100.0,19400.0,-2732.6
15200.0,19400.0,-2725.2
15300.0,19400.0,-2718.4
15400.0,19400.0,-2719.5
15500.0,19400.0,-2720.2
15600.0,19400.0,-2712.1
15700.0,19400.0,-2716.6
15800.0,19400.0,-2704.5
15900.0,19400.0,-2702.6
16000.0,19400.0,-2695.7
16100.0,19400.0,-2692.3
16200.0,19400.0,-2690.2
16300.0,19400.0,-2679.4
16400.0,19400.0,-2675.0
16500.0,19400.0,-2668.5
16600.0,19400.0,-2659.6
16700.0,19400.0,-2654.9
16800.0,19400.0,-2648.9
16900.0,19400.0,-2642.3
17000.0,19400.0,-2639.5
17100.0,19400.0,-2634.8
17200.0,19400.0,-2631.0
17300.0,19400.0,-2621.3
17400.0,19400.0,-2617.6
17500.0,19400.0,-2618.5
17600.0,19400.0,-2609.4
17700.0,19400.0,-2609.7
17800.0,19400.0,-2599.7
17900.0,19400.0,-2602.9
18000.0,19400.0,-2600.7
18100.0,19400.0,-2597.7
18200.0,19400.0,-2599.0
18300.0,19400.0,-2596.8
18400.0,19400.0,-2595.7
18500.0,19400.0,-2597.5
18600.0,19400.0,-2602.2
18700.0,19400.0,-2598.1
18800.0,19400.0,-2609.1
18900.0,19400.0,-2606.8
19000.0,19400.0,-2608.0
19100.0,19400.0,-2609.2
19200.0,19400.0,-2611.4
19300.0,19400.0,-2616.0
19400.0,19400.0,-2622.2
19500.0,19400.0,-2627.6
19600.0,19400.0,-2628.0
19700.0,19400.0,-2630.4
19800.0,19400.0,-2643.9
19900.0,19400.0,-2642.5
20000.0,19400.0,-2649.1
0.0,19500.0,-2778.6
100.0,19500.0,-2779.4
200.0,19500.0,-2773.7
300.0,19500.0,-2775.1
400.0,19500.0,-2774.9
500.0,19500.0,-2771.6
600.0,19500.0,-2769.2
700.0,19500.0,-2764.5
800.0,19500.0,-2769.0
900.0,19500.0,-2760.8
1000.0,19500.0,-2755.5
1100.0,19500.0,-2754.6
1200.0,19500.0,-2754.2
1300.0,19500.0,-2744.3
1400.0,19500.0,-2745.2
1500.0,19500.0,-2744.8
1600.0,19500.0,-2741.1
1700.0,19500.0,-2737.8
1800.0,19500.0,-2732.6
1900.0,19500.0,-2736.9
2000.0,19500.0,-2729.7
2100.0,19500.0,-2742.5
2200.0,19500.0,-2736.0
2300.0,19500.0,-2737.4
2400.0,19500.0,-2735.0
2500.0,19500.0,-2733.8
2600.0,19500.0,-2741.1
2700.0,19500.0,-2738.2
2800.0,19500.0,-2731.2
2900.0,19500.0,-2732.7
3000.0,19500.0,-2729.7
3100.0,19500.0,-2731.5
3200.0,19500.0,-2730.4
3300.0,19500.0,-2729.4
3400.0,19500.0,-2725.0
3500.0,19500.0,-2731.3
3600.0,19500.0,-2732.8
3700.0,19500.0,-2732.3
3800.0,19500.0,-2724.2
3900.0,19500.0,-2728.1
4000.0,19500.0,-2725.8
4100.0,19500.0,-2723.4
4200.0,19500.0,-2721.6
4300.0,19500.0,-2720.0
4400.0,19500.0,-2721.4
4500.0,19500.0,-2717.0
4600.0,19500.0,-2711.9
4700.0,19500.0,-2714.3
4800.0,19500.0,-2712.7
4900.0,19500.0,-2711.2
5000.0,19500.0,-2699.6
5100.0,19500.0,-2702.6
5200.0,19500.0,-2699.8
5300.0,19500.0,-2696.5
5400.0,19500.0,-2691.1
5500.0,19500.0,-2685.9
5600.0,19500.0,-2687.0
5700.0,19500.0,-2682.2
5800.0,19500.0,-2675.6
5900.0,19500.0,-2670.8
6000.0,19500.0,-2662.1
6100.0,19500.0,-2665.7
6200.0,19500.0,-2654.1
6300.0,19500.0,-2652.0
6400.0,19500.0,-2639.9
6500.0,19500.0,-2647.2
6600.0,19500.0,-2638.0
6700.0,19500.0,-2633.8
6800.0,19500.0,-2630.7
6900.0,19500.0,-2622.8
7000.0,19500.0,-2622.2
7100.0,19500.0,-2612.6
7200.0,19500.0,-2606.3
7300.0,19500.0,-2599.8
7400.0,19500.0,-2596.7
7500.0,19500.0,-2594.0
7600.0,19500.0,-2592.7
7700.0,19500.0,-2592.0
7800.0,19500.0,-2585.6
7900.0,19500.0,-2586.2
8000.0,19500.0,-2579.3
8100.0,19500.0,-2581.6
8200.0,19500.0,-2584.5
8300.0,19500.0,-2580.5
8400.0,19500.0,-2579.1
8500.0,19500.0,-2582.8
8600.0,19500.0,-2583.8
8700.0,19500.0,-2582.0
8800.0,19500.0,-2585.7
8900.0,19500.0,-2587.6
9000.0,19500.0,-2592.5
9100.0,19500.0,-2598.4
9200.0,19500.0,-2601.4
9300.0,19500.0,-2603.2
9400.0,19500.0,-2607.5
9500.0,19500.0,-2613.3
9600.0,19500.0,-2617.6
9700.0,19500.0,-2622.8
9800.0,19500.0,-2629.2
9900.0,19500.0,-2638.1
10000.0,19500.0,-2642.6
10100.0,19500.0,-2643.4
10200.0,19500.0,-2652.9
10300.0,19500.0,-2659.0
10400.0,19500.0,-2656.5
10500.0,19500.0,-2672.8
10600.0,19500.0,-2673.5
10700.0,19500.0,-2690.3
10800.0,19500.0,-2687.0
10900.0,19500.0,-2694.4
11000.0,19500.0,-2700.2
11100.0,19500.0,-2701.0
11200.0,19500.0,-2711.1
11300.0,19500.0,-2715.9
11400.0,19500.0,-2719.7
11500.0,19500.0,-2718.7
11600.0,19500.0,-2723.4
11700.0,19500.0,-2726.2
11800.0,19500.0,-2729.3
11900.0,19500.0,-2731.9
12000.0,19500.0,-2729.8
12100.0,19500.0,-2740.7
12200.0,19500.0,-2732.0
12300.0,19500.0,-2738.2
12400.0,19500.0,-2740.1
12500.0,19500.0,-2738.3
12600.0,19500.0,-2744.1
12700.0,19500.0,-2744.6
12800.0,19500.0,-2743.6
12900.0,19500.0,-2747.8
13000.0,19500.0,-2746.3
13100.0,19500.0,-2743.2
13200.0,19500.0,-2745.0
13300.0,19500.0,-2744.8
13400.0,19500.0,-2745.3
13500.0,19500.0,-2742.7
13600.0,19500.0,-2746.5
13700.0,19500.0,-2747.0
13800.0,19500.0,-2750.4
13900.0,19500.0,-2743.3
14000.0,19500.0,-2742.8
14100.0,19500.0,-2744.6
14200.0,19500.0,-2745.9
14300.0,19500.0,-2744.8
14400.0,19500.0,-2745.1
14500.0,19500.0,-2739.5
14600.0,19500.0,-2744.6
14700.0,19500.0,-2738.2
14800.0,19500.0,-2734.9
14900.0,19500.0,-2734.3
15000.0,19500.0,-2732.7
15100.0,19500.0,-2728.0
15200.0,19500.0,-2721.3
15300.0,19500.0,-2725.6
15400.0,19500.0,-2722.6
15500.0,19500.0,-2717.2
15600.0,19500.0,-2713.9
15700.0,19500.0,-2715.5
15800.0,19500.0,-2706.7
15900.0,19500.0,-2697.2
16000.0,19500.0,-2694.7
16100.0,19500.0,-2685.3
16200.0,19500.0,-2682.8
16300.0,19500.0,-2675.2
16400.0,19500.0,-2679.6
16500.0,19500.0,-2671.5
16600.0,19500.0,-2664.5
16700.0,19500.0,-2664.2
16800.0,19500.0,-2648.4
16900.0,19500.0,-2646.0
17000.0,19500.0,-2642.7
17100.0,19500.0,-2644.3
17200.0,19500.0,-2632.1
17300.0,19500.0,-2628.8
17400.0,19500.0,-2621.0
17500.0,19500.0,-2613.6
17600.0,19500.0,-2615.2
17700.0,19500.0,-2609.1
17800.0,19500.0,-2606.5
17900.0,19500.0,-2609.5
18000.0,19500.0,-2602.7
18100.0,19500.0,-2602.8
18200.0,19500.0,-2597.7
18300.0,19500.0,-2602.8
18400.0,19500.0,-2602.1
18500.0,19500.0,-2599.3
18600.0,19500.0,-2600.4
18700.0,19500.0,-2599.0
18800.0,19500.0,-2602.5
18900.0,19500.0,-2607.7
19000.0,19500.0,-2612.2
19100.0,19500.0,-2608.9
19200.0,19500.0,-2617.3
19300.0,19500.0,-2618.0
19400.0,19500.0,-2620.4
19500.0,19500.0,-2627.9
19600.0,19500.0,-2630.1
19700.0,19500.0,-2632.1
19800.0,19500.0,-2649.0
19900.0,19500.0,-2643.0
20000.0,19500.0,-2650.3
0.0,19600.0,-2787.9
100.0,19600.0,-2778.3
200.0,19600.0,-2775.1
300.0,19600.0,-2779.6
400.0,19600.0,-2768.2
500.0,19600.0,-2773.5
600.0,19600.0,-2771.7
700.0,19600.0,-2766.9
800.0,19600.0,-2760.3
900.0,19600.0,-2759.6
1000.0,19600.0,-2760.2
1100.0,19600.0,-2755.0
1200.0,19600.0,-2752.7
1300.0,19600.0,-2750.2
1400.0,19600.0,-2745.8
1500.0,19600.0,-2742.3
1600.0,19600.0,-2739.9
1700.0,19600.0,-2742.0
1800.0,19600.0,-2738.6
1900.0,19600.0,-2741.2
2000.0,19600.0,-2739.4
2100.0,19600.0,-2732.9
2200.0,19600.0,-2740.9
2300.0,19600.0,-2735.0
2400.0,19600.0,-2727.7
2500.0,19600.0,-2732.6
2600.0,19600.0,-2730.9
2700.0,19600.0,-2732.0
2800.0,19600.0,-2730.5
2900.0,19600.0,-2727.1
3000.0,19600.0,-2725.6
3100.0,19600.0,-2724.8
3200.0,19600.0,-2731.1
3300.0,19600.0,-2726.8
3400.0,19600.0,-2727.0
3500.0,19600.0,-2726.1
3600.0,19600.0,-2724.8
3700.0,19600.0,-2731.0
3800.0,19600.0,-2723.1
3900.0,19600.0,-2722.0
4000.0,19600.0,-2718.3
4100.0,19600.0,-2718.2
4200.0,19600.0,-2716.0
4300.0,19600.0,-2714.0
4400.0,19600.0,-2713.2
4500.0,19600.0,-2715.6
4600.0,19600.0,-2712.9
4700.0,19600.0,-2708.8
4800.0,19600.0,-2707.9
4900.0,19600.0,-2702.5
5000.0,19600.0,-2702.7
5100.0,19600.0,-2702.7
5200.0,19600.0,-2694.8
5300.0,19600.0,-2700.3
5400.0,19600.0,-2691.5
5500.0,19600.0,-2689.4
5600.0,19600.0,-2681.0
5700.0,19600.0,-2673.0
5800.0,19600.0,-2673.9
5900.0,19600.0,-2670.8
6000.0,19600.0,-2664.2
6100.0,19600.0,-2655.2
6200.0,19600.0,-2658.6
6300.0,19600.0,-2654.3
6400.0,19600.0,-2646.4
6500.0,19600.0,-2643.3
6600.0,19600.0,-2634.8
6700.0,19600.0,-2634.3
6800.0,19600.0,-2625.2
6900.0,19600.0,-2625.2
7000.0,19600.0,-2623.0
7100.0,19600.0,-2612.6
7200.0,19600.0,-2612.7
7300.0,19600.0,-2605.2
7400.0,19600.0,-2599.0
7500.0,19600.0,-2597.1
7600.0,19600.0,-2592.0
7700.0,19600.0,-2591.6
7800.0,19600.0,-2586.8
7900.0,19600.0,-2588.0
8000.0,19600.0,-2582.3
8100.0,19600.0,-2582.4
8200.0,19600.0,-2579.2
8300.0,19600.0,-2576.4
8400.0,19600.0,-2578.5
8500.0,19600.0,-2580.3
8600.0,19600.0,-2582.1
8700.0,19600.0,-2580.8
8800.0,19600.0,-2583.4
8900.0,19600.0,-2580.0
9000.0,19600.0,-2589.0
9100.0,19600.0,-2588.1
9200.0,19600.0,-2594.0
9300.0,19600.0,-2602.6
9400.0,19600.0,-2601.4
9500.0,19600.0,-2603.5
9600.0,19600.0,-2619.0
9700.0,19600.0,-2622.4
9800.0,19600.0,-2625.6
9900.0,19600.0,-2631.9
10000.0,19600.0,-2638.6
10100.0,19600.0,-2647.7
10200.0,19600.0,-2648.2
10300.0,19600.0,-2658.6
10400.0,19600.0,-2663.5
10500.0,19600.0,-2674.1
10600.0,19600.0,-2669.4
10700.0,19600.0,-2685.8
10800.0,19600.0,-2686.7
10900.0,19600.0,-2696.7
11000.0,19600.0,-2694.3
11100.0,19600.0,-2705.1
11200.0,19600.0,-2710.5
11300.0,19600.0,-2709.7
11400.0,19600.0,-2718.6
11500.0,19600.0,-2723.1
11600.0,19600.0,-2725.3
11700.0,19600.0,-2728.0
11800.0,19600.0,-2731.5
11900.0,19600.0,-2727.1
12000.0,19600.0,-2735.4
12100.0,19600.0,-2738.5
12200.0,19600.0,-2741.8
12300.0,19600.0,-2745.8
12400.0,19600.0,-2743.8
12500.0,19600.0,-2743.8
12600.0,19600.0,-2748.8
12700.0,19600.0,-2743.2
12800.0,19600.0,-2743.0
12900.0,19600.0,-2750.5
13000.0,19600.0,-2749.5
13100.0,19600.0,-2751.7
13200.0,19600.0,-2747.8
13300.0,19600.0,-2748.0
13400.0,19600.0,-2747.6
13500.0,19600.0,-2754.4
13600.0,19600.0,-2747.7
13700.0,19600.0,-2754.4
13800.0,19600.0,-2746.6
13900.0,19600.0,-2741.2
14000.0,19600.0,-2746.7
14100.0,19600.0,-2747.4
14200.0,19600.0,-2744.9
14300.0,19600.0,-2745.6
14400.0,19600.0,-2752.5
14500.0,19600.0,-2744.4
14600.0,19600.0,-2744.9
14700.0,19600.0,-2738.9
14800.0,19600.0,-2738.0
14900.0,19600.0,-2730.7
15000.0,19600.0,-2733.7
15100.0,19600.0,-2731.1
15200.0,19600.0,-2727.2
15300.0,19600.0,-2720.5
15400.0,19600.0,-2720.2
15500.0,19600.0,-2715.9
15600.0,19600.0,-2711.5
15700.0,19600.0,-2716.2
15800.0,19600.0,-2712.0
15900.0,19600.0,-2704.6
16000.0,19600.0,-2694.4
16100.0,19600.0,-2692.5
16200.0,19600.0,-2682.5
16300.0,19600.0,-2682.5
16400.0,19600.0,-2677.9
16500.0,19600.0,-2674.8
16600.0,19600.0,-2666.7
16700.0,19600.0,-2659.6
16800.0,19600.0,-2653.2
16900.0,19600.0,-2647.5
17000.0,19600.0,-2640.0
17100.0,19600.0,-2641.4
17200.0,19600.0,-2629.8
17300.0,19600.0,-2630.2
17400.0,19600.0,-2624.8
17500.0,19600.0,-2622.8
17600.0,19600.0,-2620.0
17700.0,19600.0,-2616.7
17800.0,19600.0,-2608.4
17900.0,19600.0,-2602.5
18000.0,19600.0,-2609.7
18100.0,19600.0,-2604.0
18200.0,19600.0,-2597.2
18300.0,19600.0,-2599.7
18400.0,19600.0,-2603.5
18500.0,19600.0,-2605.1
18600.0,19600.0,-2606.7
18700.0,19600.0,-2608.3
18800.0,19600.0,-2607.4
18900.0,19600.0,-2608.9
19000.0,19600.0,-2615.8
19100.0,19600.0,-2614.3
19200.0,19600.0,-2614.3
19300.0,19600.0,-2621.1
19400.0,19600.0,-2626.1
19500.0,19600.0,-2632.4
19600.0,19600.0,-2635.1
19700.0,19600.0,-2639.2
19800.0,19600.0,-2645.2
19900.0,19600.0,-2647.6
20000.0,19600.0,-2649.7
0.0,19700.0,-2782.5
100.0,19700.0,-2785.0
200.0,19700.0,-2781.4
300.0,19700.0,-2782.4
400.0,19700.0,-2774.5
500.0,19700.0,-2771.5
600.0,19700.0,-2767.7
700.0,19700.0,-2768.9
800.0,19700.0,-2771.3
900.0,19700.0,-2759.0
1000.0,19700.0,-2751.1
1100.0,19700.0,-2755.0
1200.0,19700.0,-2753.4
1300.0,19700.0,-2751.6
1400.0,19700.0,-2753.4
1500.0,19700.0,-2745.9
1600.0,19700.0,-2746.1
1700.0,19700.0,-2735.9
1800.0,19700.0,-2738.6
1900.0,19700.0,-2735.7
2000.0,19700.0,-2738.4
2100.0,19700.0,-2736.3
2200.0,19700.0,-2732.9
2300.0,19700.0,-2730.5
2400.0,19700.0,-2728.7
2500.0,19700.0,-2729.9
2600.0,19700.0,-2729.2
2700.0,19700.0,-2723.6
2800.0,19700.0,-2721.5
2900.0,19700.0,-2722.0
3000.0,19700.0,-2720.4
3100.0,19700.0,-2721.5
3200.0,19700.0,-2720.4
3300.0,19700.0,-2725.8
3400.0,19700.0,-2724.6
3500.0,19700.0,-2720.0
3600.0,19700.0,-2718.3
3700.0,19700.0,-2715.9
3800.0,19700.0,-2718.6
3900.0,19700.0,-2712.6
4000.0,19700.0,-2715.5
4100.0,19700.0,-2712.3
4200.0,19700.0,-2716.9
4300.0,19700.0,-2720.0
4400.0,19700.0,-2711.8
4500.0,19700.0,-2714.8
4600.0,19700.0,-2706.5
4700.0,19700.0,-2700.9
4800.0,19700.0,-2707.8
4900.0,19700.0,-2699.8
5000.0,19700.0,-2696.2
5100.0,19700.0,-2699.1
5200.0,19700.0,-2696.0
5300.0,19700.0,-2689.2
5400.0,19700.0,-2689.7
5500.0,19700.0,-2683.3
5600.0,19700.0,-2682.2
5700.0,19700.0,-2678.9
5800.0,19700.0,-2671.9
5900.0,19700.0,-2668.3
6000.0,19700.0,-2663.4
6100.0,19700.0,-2658.1
6200.0,19700.0,-2658.7
6300.0,19700.0,-2650.1
6400.0,19700.0,-2643.8
6500.0,19700.0,-2640.6
6600.0,19700.0,-2639.3
6700.0,19700.0,-2633.2
6800.0,19700.0,-2621.3
6900.0,19700.0,-2621.2
7000.0,19700.0,-2621.7
7100.0,19700.0,-2615.7
7200.0,19700.0,-2613.1
7300.0,19700.0,-2599.2
7400.0,19700.0,-2597.5
7500.0,19700.0,-2602.8
7600.0,19700.0,-2587.1
7700.0,19700.0,-2594.5
7800.0,19700.0,-2590.7
7900.0,19700.0,-2581.1
8000.0,19700.0,-2581.5
8100.0,19700.0,-2577.7
8200.0,19700.0,-2576.4
8300.0,19700.0,-2575.9
8400.0,19700.0,-2573.5
8500.0,19700.0,-2575.3
8600.0,19700.0,-2576.9
8700.0,19700.0,-2584.8
8800.0,19700.0,-2580.7
8900.0,19700.0,-2573.5
9000.0,19700.0,-2578.5
9100.0,19700.0,-2587.8
9200.0,19700.0,-2592.5
9300.0,19700.0,-2602.7
9400.0,19700.0,-2596.4
9500.0,19700.0,-2608.0
9600.0,19700.0,-2607.0
9700.0,19700.0,-2619.1
9800.0,19700.0,-2626.5
9900.0,19700.0,-2633.2
10000.0,19700.0,-2637.4
10100.0,19700.0,-2648.8
10200.0,19700.0,-2655.4
10300.0,19700.0,-2654.4
10400.0,19700.0,-2661.4
10500.0,19700.0,-2665.5
10600.0,19700.0,-2673.9
10700.0,19700.0,-2679.9
10800.0,19700.0,-2686.6
10900.0,19700.0,-2692.1
11000.0,19700.0,-2699.3
11100.0,19700.0,-2704.8
11200.0,19700.0,-2709.6
11300.0,19700.0,-2718.8
11400.0,19700.0,-2714.5
11500.0,19700.0,-2712.8
11600.0,19700.0,-2725.2
11700.0,19700.0,-2726.5
11800.0,19700.0,-2730.5
11900.0,19700.0,-2735.8
12000.0,19700.0,-2737.9
12100.0,19700.0,-2737.2
12200.0,19700.0,-2742.3
12300.0,19700.0,-2742.8
12400.0,19700.0,-2749.2
12500.0,19700.0,-2744.3
12600.0,19700.0,-2748.1
12700.0,19700.0,-2750.0
12800.0,19700.0,-2742.9
12900.0,19700.0,-2750.7
13000.0,19700.0,-2748.8
13100.0,19700.0,-2753.4
13200.0,19700.0,-2754.7
13300.0,19700.0,-2748.4
13400.0,19700.0,-2752.5
13500.0,19700.0,-2745.2
13600.0,19700.0,-2757.3
13700.0,19700.0,-2754.1
13800.0,19700.0,-2749.6
13900.0,19700.0,-2747.6
14000.0,19700.0,-2751.2
14100.0,19700.0,-2754.7
14200.0,19700.0,-2748.7
14300.0,19700.0,-2743.8
14400.0,19700.0,-2743.8
14500.0,19700.0,-2740.8
14600.0,19700.0,-2743.2
14700.0,19700.0,-2735.5
14800.0,19700.0,-2736.7
14900.0,19700.0,-2734.9
15000.0,19700.0,-2731.3
15100.0,19700.0,-2727.1
15200.0,19700.0,-2725.2
15300.0,19700.0,-2732.1
15400.0,19700.0,-2718.5
15500.0,19700.0,-2718.0
15600.0,19700.0,-2709.7
15700.0,19700.0,-2711.3
15800.0,19700.0,-2712.8
15900.0,19700.0,-2703.1
16000.0,19700.0,-2694.9
16100.0,19700.0,-2693.3
16200.0,19700.0,-2685.2
16300.0,19700.0,-2681.9
16400.0,19700.0,-2674.5
16500.0,19700.0,-2679.4
16600.0,19700.0,-2670.5
16700.0,19700.0,-2668.8
16800.0,19700.0,-2655.6
16900.0,19700.0,-2650.4
17000.0,19700.0,-2645.5
17100.0,19700.0,-2642.2
17200.0,19700.0,-2644.7
17300.0,19700.0,-2632.7
17400.0,19700.0,-2633.5
17500.0,19700.0,-2627.2
17600.0,19700.0,-2616.2
17700.0,19700.0,-2611.4
17800.0,19700.0,-2617.5
17900.0,19700.0,-2607.9
18000.0,19700.0,-2614.0
18100.0,19700.0,-2610.5
18200.0,19700.0,-2611.9
18300.0,19700.0,-2605.0
18400.0,19700.0,-2610.4
18500.0,19700.0,-2607.2
18600.0,19700.0,-2608.1
18700.0,19700.0,-2613.4
18800.0,19700.0,-2612.0
18900.0,19700.0,-2612.2
19000.0,19700.0,-2610.3
19100.0,19700.0,-2619.7
19200.0,19700.0,-2620.6
19300.0,19700.0,-2628.5
19400.0,19700.0,-2624.9
19500.0,19700.0,-2631.1
19600.0,19700.0,-2633.8
19700.0,19700.0,-2645.6
19800.0,19700.0,-2648.7
19900.0,19700.0,-2650.8
20000.0,19700.0,-2654.4
0.0,19800.0,-2790.1
100.0,19800.0,-2788.3
200.0,19800.0,-2779.3
300.0,19800.0,-2779.6
400.0,19800.0,-2777.7
500.0,19800.0,-2774.6
600.0,19800.0,-2776.6
700.0,19800.0,-2776.8
800.0,19800.0,-2774.3
900.0,19800.0,-2761.8
1000.0,19800.0,-2762.7
1100.0,19800.0,-2757.2
1200.0,19800.0,-2754.3
1300.0,19800.0,-2750.3
1400.0,19800.0,-2747.6
1500.0,19800.0,-2746.1
1600.0,19800.0,-2746.6
1700.0,19800.0,-2740.3
1800.0,19800.0,-2737.8
1900.0,19800.0,-2734.7
2000.0,19800.0,-2732.1
2100.0,19800.0,-2731.9
2200.0,19800.0,-2727.3
2300.0,19800.0,-2726.5
2400.0,19800.0,-2723.5
2500.0,19800.0,-2728.9
2600.0,19800.0,-2729.9
2700.0,19800.0,-2716.5
2800.0,19800.0,-2721.1
2900.0,19800.0,-2719.3
3000.0,19800.0,-2721.6
3100.0,19800.0,-2719.5
3200.0,19800.0,-2712.0
3300.0,19800.0,-2716.0
3400.0,19800.0,-2716.9
3500.0,19800.0,-2715.1
3600.0,19800.0,-2713.1
3700.0,19800.0,-2714.3
3800.0,19800.0,-2716.2
3900.0,19800.0,-2712.5
4000.0,19800.0,-2713.0
4100.0,19800.0,-2712.3
4200.0,19800.0,-2711.4
4300.0,19800.0,-2705.0
4400.0,19800.0,-2705.7
4500.0,19800.0,-2707.3
4600.0,19800.0,-2700.1
4700.0,19800.0,-2704.8
4800.0,19800.0,-2701.7
4900.0,19800.0,-2694.0
5000.0,19800.0,-2695.8
5100.0,19800.0,-2696.5
5200.0,19800.0,-2686.8
5300.0,19800.0,-2691.2
5400.0,19800.0,-2681.9
5500.0,19800.0,-2683.0
5600.0,19800.0,-2676.7
5700.0,19800.0,-2668.8
5800.0,19800.0,-2668.1
5900.0,19800.0,-2669.0
6000.0,19800.0,-2668.2
6100.0,19800.0,-2658.5
6200.0,19800.0,-2652.9
6300.0,19800.0,-2653.7
6400.0,19800.0,-2640.8
6500.0,19800.0,-2644.1
6600.0,19800.0,-2637.9
6700.0,19800.0,-2637.4
6800.0,19800.0,-2626.5
6900.0,19800.0,-2622.6
7000.0,19800.0,-2619.3
7100.0,19800.0,-2616.9
7200.0,19800.0,-2605.1
7300.0,19800.0,-2599.4
7400.0,19800.0,-2595.7
7500.0,19800.0,-2590.9
7600.0,19800.0,-2594.1
7700.0,19800.0,-2586.9
7800.0,19800.0,-2582.5
7900.0,19800.0,-2583.9
8000.0,19800.0,-2579.1
8100.0,19800.0,-2580.9
8200.0,19800.0,-2576.4
8300.0,19800.0,-2576.2
8400.0,19800.0,-2573.7
8500.0,19800.0,-2578.5
8600.0,19800.0,-2575.4
8700.0,19800.0,-2578.4
8800.0,19800.0,-2575.4
8900.0,19800.0,-2587.7
9000.0,19800.0,-2585.3
9100.0,19800.0,-2582.0
9200.0,19800.0,-2593.3
9300.0,19800.0,-2594.9
9400.0,19800.0,-2599.8
9500.0,19800.0,-2606.0
9600.0,19800.0,-2613.1
9700.0,19800.0,-2614.1
9800.0,19800.0,-2619.7
9900.0,19800.0,-2628.6
10000.0,19800.0,-2636.3
10100.0,19800.0,-2637.8
10200.0,19800.0,-2649.5
10300.0,19800.0,-2650.8
10400.0,19800.0,-2661.0
10500.0,19800.0,-2672.1
10600.0,19800.0,-2665.5
10700.0,19800.0,-2678.4
10800.0,19800.0,-2691.1
10900.0,19800.0,-2689.3
11000.0,19800.0,-2691.7
11100.0,19800.0,-2697.5
11200.0,19800.0,-2707.3
11300.0,19800.0,-2712.0
11400.0,19800.0,-2721.7
11500.0,19800.0,-2723.2
11600.0,19800.0,-2722.5
11700.0,19800.0,-2730.0
11800.0,19800.0,-2730.6
11900.0,19800.0,-2732.8
12000.0,19800.0,-2740.9
12100.0,19800.0,-2736.8
12200.0,19800.0,-2743.0
12300.0,19800.0,-2740.3
12400.0,19800.0,-2748.4
12500.0,19800.0,-2745.8
12600.0,19800.0,-2746.3
12700.0,19800.0,-2750.7
12800.0,19800.0,-2750.3
12900.0,19800.0,-2750.2
13000.0,19800.0,-2750.4
13100.0,19800.0,-2753.8
13200.0,19800.0,-2759.1
13300.0,19800.0,-2757.6
13400.0,19800.0,-2752.0
13500.0,19800.0,-2749.9
13600.0,19800.0,-2753.2
13700.0,19800.0,-2750.2
13800.0,19800.0,-2750.4
13900.0,19800.0,-2748.5
14000.0,19800.0,-2749.7
14100.0,19800.0,-2746.4
14200.0,19800.0,-2745.1
14300.0,19800.0,-2748.9
14400.0,19800.0,-2748.9
14500.0,19800.0,-2740.5
14600.0,19800.0,-2741.1
14700.0,19800.0,-2740.5
14800.0,19800.0,-2736.5
14900.0,19800.0,-2734.5
15000.0,19800.0,-2733.7
15100.0,19800.0,-2726.9
15200.0,19800.0,-2724.3
15300.0,19800.0,-2725.8
15400.0,19800.0,-2720.1
15500.0,19800.0,-2716.9
15600.0,19800.0,-2719.2
15700.0,19800.0,-2708.7
15800.0,19800.0,-2709.6
15900.0,19800.0,-2704.0
16000.0,19800.0,-2701.6
16100.0,19800.0,-2694.4
16200.0,19800.0,-2686.2
16300.0,19800.0,-2684.8
16400.0,19800.0,-2681.3
16500.0,19800.0,-2671.3
16600.0,19800.0,-2667.9
16700.0,19800.0,-2668.6
16800.0,19800.0,-2663.3
16900.0,19800.0,-2652.9
17000.0,19800.0,-2651.3
17100.0,19800.0,-2649.5
17200.0,19800.0,-2633.2
17300.0,19800.0,-2637.2
17400.0,19800.0,-2631.5
17500.0,19800.0,-2626.7
17600.0,19800.0,-2623.5
17700.0,19800.0,-2621.1
17800.0,19800.0,-2619.5
17900.0,19800.0,-2621.2
18000.0,19800.0,-2612.4
18100.0,19800.0,-2615.6
18200.0,19800.0,-2611.8
18300.0,19800.0,-2606.1
18400.0,19800.0,-2611.3
18500.0,19800.0,-2608.5
18600.0,19800.0,-2611.0
18700.0,19800.0,-2612.5
18800.0,19800.0,-2619.7
18900.0,19800.0,-2615.4
19000.0,19800.0,-2621.8
19100.0,19800.0,-2622.9
19200.0,19800.0,-2617.1
19300.0,19800.0,-2623.4
19400.0,19800.0,-2627.7
19500.0,19800.0,-2631.8
19600.0,19800.0,-2638.5
19700.0,19800.0,-2649.5
19800.0,19800.0,-2649.1
19900.0,19800.0,-2653.6
20000.0,19800.0,-2655.0
0.0,19900.0,-2791.3
100.0,19900.0,-2788.6
200.0,19900.0,-2785.9
300.0,19900.0,-2784.7
400.0,19900.0,-2783.0
500.0,19900.0,-2783.2
600.0,19900.0,-2774.0
700.0,19900.0,-2776.6
800.0,19900.0,-2768.6
900.0,19900.0,-2765.4
1000.0,19900.0,-2769.3
1100.0,19900.0,-2758.3
1200.0,19900.0,-2758.4
1300.0,19900.0,-2752.7
1400.0,19900.0,-2748.8
1500.0,19900.0,-2747.5
1600.0,19900.0,-2746.4
1700.0,19900.0,-2743.4
1800.0,19900.0,-2734.5
1900.0,19900.0,-2731.4
2000.0,19900.0,-2726.8
2100.0,19900.0,-2733.4
2200.0,19900.0,-2731.9
2300.0,19900.0,-2726.1
2400.0,19900.0,-2725.4
2500.0,19900.0,-2717.7
2600.0,19900.0,-2720.8
2700.0,19900.0,-2713.9
2800.0,19900.0,-2717.5
2900.0,19900.0,-2712.9
3000.0,19900.0,-2719.0
3100.0,19900.0,-2712.0
3200.0,19900.0,-2715.0
3300.0,19900.0,-2711.4
3400.0,19900.0,-2704.5
3500.0,19900.0,-2706.3
3600.0,19900.0,-2713.0
3700.0,19900.0,-2704.6
3800.0,19900.0,-2705.8
3900.0,19900.0,-2700.9
4000.0,19900.0,-2709.1
4100.0,19900.0,-2709.3
4200.0,19900.0,-2704.7
4300.0,19900.0,-2704.8
4400.0,19900.0,-2700.9
4500.0,19900.0,-2702.2
4600.0,19900.0,-2699.4
4700.0,19900.0,-2699.0
4800.0,19900.0,-2698.4
4900.0,19900.0,-2693.2
5000.0,19900.0,-2689.7
5100.0,19900.0,-2688.2
5200.0,19900.0,-2689.8
5300.0,19900.0,-2682.3
5400.0,19900.0,-2687.9
5500.0,19900.0,-2682.3
5600.0,19900.0,-2676.7
5700.0,19900.0,-2679.5
5800.0,19900.0,-2671.1
5900.0,19900.0,-2663.4
6000.0,19900.0,-2662.5
6100.0,19900.0,-2665.4
6200.0,19900.0,-2657.7
6300.0,19900.0,-2650.5
6400.0,19900.0,-2648.6
6500.0,19900.0,-2642.4
6600.0,19900.0,-2641.5
6700.0,19900.0,-2630.9
6800.0,19900.0,-2627.0
6900.0,19900.0,-2624.2
7000.0,19900.0,-2619.9
7100.0,19900.0,-2614.0
7200.0,19900.0,-2601.6
7300.0,19900.0,-2601.3
7400.0,19900.0,-2596.5
7500.0,19900.0,-2599.1
7600.0,19900.0,-2588.5
7700.0,19900.0,-2588.1
7800.0,19900.0,-2583.9
7900.0,19900.0,-2578.3
8000.0,19900.0,-2577.6
8100.0,19900.0,-2574.8
8200.0,19900.0,-2575.5
8300.0,19900.0,-2572.0
8400.0,19900.0,-2569.6
8500.0,19900.0,-2569.9
8600.0,19900.0,-2577.1
8700.0,19900.0,-2576.5
8800.0,19900.0,-2578.3
8900.0,19900.0,-2573.5
9000.0,19900.0,-2583.0
9100.0,19900.0,-2583.2
9200.0,19900.0,-2590.3
9300.0,19900.0,-2593.4
9400.0,19900.0,-2598.4
9500.0,19900.0,-2601.5
9600.0,19900.0,-2609.7
9700.0,19900.0,-2612.6
9800.0,19900.0,-2620.8
9900.0,19900.0,-2626.9
10000.0,19900.0,-2627.7
10100.0,19900.0,-2636.9
10200.0,19900.0,-2645.4
10300.0,19900.0,-2655.3
10400.0,19900.0,-2661.7
10500.0,19900.0,-2664.5
10600.0,19900.0,-2670.2
10700.0,19900.0,-2676.9
10800.0,19900.0,-2674.0
10900.0,19900.0,-2685.0
11000.0,19900.0,-2689.9
11100.0,19900.0,-2703.4
11200.0,19900.0,-2708.3
11300.0,19900.0,-2710.1
11400.0,19900.0,-2715.0
11500.0,19900.0,-2722.8
11600.0,19900.0,-2721.8
11700.0,19900.0,-2730.3
11800.0,19900.0,-2737.5
11900.0,19900.0,-2734.2
12000.0,19900.0,-2740.5
12100.0,19900.0,-2742.2
12200.0,19900.0,-2744.9
12300.0,19900.0,-2745.4
12400.0,19900.0,-2747.4
12500.0,19900.0,-2751.0
12600.0,19900.0,-2748.2
12700.0,19900.0,-2752.3
12800.0,19900.0,-2750.3
12900.0,19900.0,-2756.2
13000.0,19900.0,-2757.6
13100.0,19900.0,-2754.9
13200.0,19900.0,-2758.8
13300.0,19900.0,-2755.3
13400.0,19900.0,-2757.9
13500.0,19900.0,-2755.6
13600.0,19900.0,-2754.4
13700.0,19900.0,-2753.9
13800.0,19900.0,-2755.1
13900.0,19900.0,-2749.5
14000.0,19900.0,-2754.7
14100.0,19900.0,-2749.3
14200.0,19900.0,-2752.1
14300.0,19900.0,-2749.0
14400.0,19900.0,-2752.4
14500.0,19900.0,-2743.7
14600.0,19900.0,-2744.1
14700.0,19900.0,-2739.8
14800.0,19900.0,-2739.0
14900.0,19900.0,-2734.1
15000.0,19900.0,-2736.5
15100.0,19900.0,-2736.8
15200.0,19900.0,-2727.3
15300.0,19900.0,-2721.7
15400.0,19900.0,-2715.5
15500.0,19900.0,-2720.8
15600.0,19900.0,-2713.2
15700.0,19900.0,-2712.1
15800.0,19900.0,-2705.9
15900.0,19900.0,-2701.2
16000.0,19900.0,-2691.5
16100.0,19900.0,-2693.7
16200.0,19900.0,-2690.5
16300.0,19900.0,-2685.6
16400.0,19900.0,-2684.2
16500.0,19900.0,-2683.1
16600.0,19900.0,-2671.9
16700.0,19900.0,-2668.1
16800.0,19900.0,-2655.1
16900.0,19900.0,-2653.7
17000.0,19900.0,-2649.2
17100.0,19900.0,-2652.5
17200.0,19900.0,-2644.2
17300.0,19900.0,-2637.9
17400.0,19900.0,-2629.6
17500.0,19900.0,-2630.4
17600.0,19900.0,-2627.0
17700.0,19900.0,-2622.8
17800.0,19900.0,-2619.3
17900.0,19900.0,-2619.1
18000.0,19900.0,-2619.7
18100.0,19900.0,-2612.8
18200.0,19900.0,-2615.9
18300.0,19900.0,-2611.9
18400.0,19900.0,-2617.9
18500.0,19900.0,-2613.1
18600.0,19900.0,-2620.0
18700.0,19900.0,-2618.6
18800.0,19900.0,-2627.2
18900.0,19900.0,-2620.8
19000.0,19900.0,-2620.5
19100.0,19900.0,-2622.2
19200.0,19900.0,-2627.9
19300.0,19900.0,-2632.9
19400.0,19900.0,-2633.3
19500.0,19900.0,-2638.4
19600.0,19900.0,-2638.1
19700.0,19900.0,-2643.8
19800.0,19900.0,-2653.8
19900.0,19900.0,-2652.9
20000.0,19900.0,-2655.8
0.0,20000.0,-2789.6
100.0,20000.0,-2788.7
200.0,20000.0,-2785.8
300.0,20000.0,-2781.4
400.0,20000.0,-2782.7
500.0,20000.0,-2784.4
600.0,20000.0,-2781.5
700.0,20000.0,-2782.3
800.0,20000.0,-2774.1
900.0,20000.0,-2763.3
1000.0,20000.0,-2767.0
1100.0,20000.0,-2764.2
1200.0,20000.0,-2758.5
1300.0,20000.0,-2751.9
1400.0,20000.0,-2753.7
1500.0,20000.0,-2750.8
1600.0,20000.0,-2742.7
1700.0,20000.0,-2741.8
1800.0,20000.0,-2737.4
1900.0,20000.0,-2732.6
2000.0,20000.0,-2731.3
2100.0,20000.0,-2726.0
2200.0,20000.0,-2721.4
2300.0,20000.0,-2719.9
2400.0,20000.0,-2718.2
2500.0,20000.0,-2721.8
2600.0,20000.0,-2719.5
2700.0,20000.0,-2714.6
2800.0,20000.0,-2713.8
2900.0,20000.0,-2714.6
3000.0,20000.0,-2715.4
3100.0,20000.0,-2709.9
3200.0,20000.0,-2710.4
3300.0,20000.0,-2704.6
3400.0,20000.0,-2710.4
3500.0,20000.0,-2710.3
3600.0,20000.0,-2705.4
3700.0,20000.0,-2707.3
3800.0,20000.0,-2698.9
3900.0,20000.0,-2697.4
4000.0,20000.0,-2700.5
4100.0,20000.0,-2704.5
4200.0,20000.0,-2704.7
4300.0,20000.0,-2696.0
4400.0,20000.0,-2697.6
4500.0,20000.0,-2694.8
4600.0,20000.0,-2692.9
4700.0,20000.0,-2697.8
4800.0,20000.0,-2691.5
4900.0,20000.0,-2697.9
5000.0,20000.0,-2688.6
5100.0,20000.0,-2688.6
5200.0,20000.0,-2686.6
5300.0,20000.0,-2685.0
5400.0,20000.0,-2684.1
5500.0,20000.0,-2678.3
5600.0,20000.0,-2676.5
5700.0,20000.0,-2672.7
5800.0,20000.0,-2671.3
5900.0,20000.0,-2667.8
6000.0,20000.0,-2662.2
6100.0,20000.0,-2657.5
6200.0,20000.0,-2653.0
6300.0,20000.0,-2650.7
6400.0,20000.0,-2643.5
6500.0,20000.0,-2641.1
6600.0,20000.0,-2636.0
6700.0,20000.0,-2632.2
6800.0,20000.0,-2626.0
6900.0,20000.0,-2620.8
7000.0,20000.0,-2615.0
7100.0,20000.0,-2615.3
7200.0,20000.0,-2603.2
7300.0,20000.0,-2600.9
7400.0,20000.0,-2609.1
7500.0,20000.0,-2599.2
7600.0,20000.0,-2596.8
7700.0,20000.0,-2587.8
7800.0,20000.0,-2582.7
7900.0,20000.0,-2581.3
8000.0,20000.0,-2574.8
8100.0,20000.0,-2574.4
8200.0,20000.0,-2573.0
8300.0,20000.0,-2572.2
8400.0,20000.0,-2568.6
8500.0,20000.0,-2570.8
8600.0,20000.0,-2571.0
8700.0,20000.0,-2573.0
8800.0,20000.0,-2577.2
8900.0,20000.0,-2580.4
9000.0,20000.0,-2580.6
9100.0,20000.0,-2583.7
9200.0,20000.0,-2585.1
9300.0,20000.0,-2590.7
9400.0,20000.0,-2587.9
9500.0,20000.0,-2609.6
9600.0,20000.0,-2606.0
9700.0,20000.0,-2609.5
9800.0,20000.0,-2615.0
9900.0,20000.0,-2620.9
10000.0,20000.0,-2629.1
10100.0,20000.0,-2634.4
10200.0,20000.0,-2641.8
10300.0,20000.0,-2648.3
10400.0,20000.0,-2656.8
10500.0,20000.0,-2658.9
10600.0,20000.0,-2670.3
10700.0,20000.0,-2671.6
10800.0,20000.0,-2685.6
10900.0,20000.0,-2692.1
11000.0,20000.0,-2687.9
11100.0,20000.0,-2697.2
11200.0,20000.0,-2708.6
11300.0,20000.0,-2713.3
11400.0,20000.0,-2717.2
11500.0,20000.0,-2717.6
11600.0,20000.0,-2721.2
11700.0,20000.0,-2724.8
11800.0,20000.0,-2737.4
11900.0,20000.0,-2734.7
12000.0,20000.0,-2742.1
12100.0,20000.0,-2741.5
12200.0,20000.0,-2743.6
12300.0,20000.0,-2748.4
12400.0,20000.0,-2755.7
12500.0,20000.0,-2754.5
12600.0,20000.0,-2754.2
12700.0,20000.0,-2752.9
12800.0,20000.0,-2761.1
12900.0,20000.0,-2760.5
13000.0,20000.0,-2754.1
13100.0,20000.0,-2752.7
13200.0,20000.0,-2762.2
13300.0,20000.0,-2760.0
13400.0,20000.0,-2759.9
13500.0,20000.0,-2756.5
13600.0,20000.0,-2754.4
13700.0,20000.0,-2757.6
13800.0,20000.0,-2759.3
13900.0,20000.0,-2752.9
14000.0,20000.0,-2753.4
14100.0,20000.0,-2753.7
14200.0,20000.0,-2749.6
14300.0,20000.0,-2753.3
14400.0,20000.0,-2747.2
14500.0,20000.0,-2749.7
14600.0,20000.0,-2744.7
14700.0,20000.0,-2739.9
14800.0,20000.0,-2738.6
14900.0,20000.0,-2737.8
15000.0,20000.0,-2736.2
15100.0,20000.0,-2735.7
15200.0,20000.0,-2724.0
15300.0,20000.0,-2725.9
15400.0,20000.0,-2723.4
15500.0,20000.0,-2715.1
15600.0,20000.0,-2711.3
15700.0,20000.0,-2711.1
15800.0,20000.0,-2707.8
15900.0,20000.0,-2697.4
16000.0,20000.0,-2696.8
16100.0,20000.0,-2695.5
16200.0,20000.0,-2684.6
16300.0,20000.0,-2685.5
16400.0,20000.0,-2678.3
16500.0,20000.0,-2673.1
16600.0,20000.0,-2670.8
16700.0,20000.0,-2665.7
16800.0,20000.0,-2660.8
16900.0,20000.0,-2662.7
17000.0,20000.0,-2651.6
17100.0,20000.0,-2648.3
17200.0,20000.0,-2646.9
17300.0,20000.0,-2638.5
17400.0,20000.0,-2635.9
17500.0,20000.0,-2637.2
17600.0,20000.0,-2630.6
17700.0,20000.0,-2630.4
17800.0,20000.0,-2622.9
17900.0,20000.0,-2620.7
18000.0,20000.0,-2629.3
18100.0,20000.0,-2623.6
18200.0,20000.0,-2613.8
18300.0,20000.0,-2619.6
18400.0,20000.0,-2620.2
18500.0,20000.0,-2617.5
18600.0,20000.0,-2614.8
18700.0,20000.0,-2621.0
18800.0,20000.0,-2619.7
18900.0,20000.0,-2622.4
19000.0,20000.0,-2623.7
19100.0,20000.0,-2628.6
19200.0,20000.0,-2632.4
19300.0,20000.0,-2634.7
19400.0,20000.0,-2633.2
19500.0,20000.0,-2641.4
19600.0,20000.0,-2643.3
19700.0,20000.0,-2645.5
19800.0,20000.0,-2648.8
19900.0,20000.0,-2657.9
20000.0,20000.0,-2656.3
