X,Y,Z
43500.0,6500.0,524.3
43525.0,6500.0,524.6
43550.0,6500.0,524.9
43575.0,6500.0,525.0
43600.0,6500.0,525.1
43625.0,6500.0,525.0
43650.0,6500.0,524.8
43675.0,6500.0,524.4
43700.0,6500.0,524.0
43725.0,6500.0,523.5
43750.0,6500.0,523.0
43775.0,6500.0,522.5
43800.0,6500.0,522.0
43825.0,6500.0,521.6
43850.0,6500.0,521.4
43875.0,6500.0,521.3
43900.0,6500.0,521.3
43925.0,6500.0,521.4
43950.0,6500.0,521.7
43975.0,6500.0,522.0
44000.0,6500.0,522.4
44025.0,6500.0,522.9
44050.0,6500.0,523.4
44075.0,6500.0,523.8
44100.0,6500.0,524.2
44125.0,6500.0,524.5
44150.0,6500.0,524.8
44175.0,6500.0,525.0
44200.0,6500.0,525.2
44225.0,6500.0,525.3
44250.0,6500.0,525.4
44275.0,6500.0,525.5
44300.0,6500.0,525.7
44325.0,6500.0,525.8
44350.0,6500.0,526.0
44375.0,6500.0,526.2
44400.0,6500.0,526.4
44425.0,6500.0,526.7
44450.0,6500.0,526.9
44475.0,6500.0,527.1
44500.0,6500.0,527.3
44525.0,6500.0,527.4
44550.0,6500.0,527.4
44575.0,6500.0,527.3
44600.0,6500.0,527.1
44625.0,6500.0,526.8
44650.0,6500.0,526.4
44675.0,6500.0,525.8
44700.0,6500.0,525.2
44725.0,6500.0,524.4
44750.0,6500.0,523.6
44775.0,6500.0,522.7
44800.0,6500.0,521.9
44825.0,6500.0,521.0
44850.0,6500.0,520.1
44875.0,6500.0,519.4
44900.0,6500.0,518.7
44925.0,6500.0,518.1
44950.0,6500.0,517.7
44975.0,6500.0,517.4
45000.0,6500.0,517.3
45025.0,6500.0,517.3
45050.0,6500.0,517.6
45075.0,6500.0,518.1
45100.0,6500.0,518.7
45125.0,6500.0,519.4
45150.0,6500.0,520.3
45175.0,6500.0,521.3
45200.0,6500.0,522.4
45225.0,6500.0,523.5
45250.0,6500.0,524.5
45275.0,6500.0,525.5
45300.0,6500.0,526.4
45325.0,6500.0,527.2
45350.0,6500.0,527.8
45375.0,6500.0,528.3
45400.0,6500.0,528.7
45425.0,6500.0,528.9
45450.0,6500.0,529.0
45475.0,6500.0,529.0
45500.0,6500.0,528.9
45525.0,6500.0,528.8
45550.0,6500.0,528.6
45575.0,6500.0,528.6
45600.0,6500.0,528.5
45625.0,6500.0,528.6
45650.0,6500.0,528.7
45675.0,6500.0,528.9
45700.0,6500.0,529.1
45725.0,6500.0,529.5
45750.0,6500.0,529.9
45775.0,6500.0,530.3
45800.0,6500.0,530.8
45825.0,6500.0,531.3
45850.0,6500.0,531.8
45875.0,6500.0,532.3
45900.0,6500.0,532.8
45925.0,6500.0,533.4
45950.0,6500.0,533.8
45975.0,6500.0,534.3
46000.0,6500.0,534.8
46025.0,6500.0,535.2
46050.0,6500.0,535.6
46075.0,6500.0,535.9
46100.0,6500.0,536.0
46125.0,6500.0,536.1
46150.0,6500.0,536.0
46175.0,6500.0,535.7
46200.0,6500.0,535.2
46225.0,6500.0,534.4
46250.0,6500.0,533.5
46275.0,6500.0,532.3
46300.0,6500.0,530.9
46325.0,6500.0,529.3
46350.0,6500.0,527.6
46375.0,6500.0,525.9
46400.0,6500.0,524.1
46425.0,6500.0,522.4
46450.0,6500.0,520.8
46475.0,6500.0,519.3
46500.0,6500.0,518.0
43500.0,6525.0,524.0
43525.0,6525.0,524.3
43550.0,6525.0,524.4
43575.0,6525.0,524.5
43600.0,6525.0,524.5
43625.0,6525.0,524.3
43650.0,6525.0,524.0
43675.0,6525.0,523.6
43700.0,6525.0,523.2
43725.0,6525.0,522.7
43750.0,6525.0,522.2
43775.0,6525.0,521.8
43800.0,6525.0,521.4
43825.0,6525.0,521.2
43850.0,6525.0,521.1
43875.0,6525.0,521.1
43900.0,6525.0,521.2
43925.0,6525.0,521.5
43950.0,6525.0,521.8
43975.0,6525.0,522.2
44000.0,6525.0,522.7
44025.0,6525.0,523.2
44050.0,6525.0,523.6
44075.0,6525.0,524.1
44100.0,6525.0,524.4
44125.0,6525.0,524.7
44150.0,6525.0,524.9
44175.0,6525.0,525.1
44200.0,6525.0,525.2
44225.0,6525.0,525.3
44250.0,6525.0,525.4
44275.0,6525.0,525.4
44300.0,6525.0,525.6
44325.0,6525.0,525.7
44350.0,6525.0,525.9
44375.0,6525.0,526.2
44400.0,6525.0,526.5
44425.0,6525.0,526.7
44450.0,6525.0,527.0
44475.0,6525.0,527.3
44500.0,6525.0,527.5
44525.0,6525.0,527.6
44550.0,6525.0,527.6
44575.0,6525.0,527.5
44600.0,6525.0,527.2
44625.0,6525.0,526.9
44650.0,6525.0,526.4
44675.0,6525.0,525.7
44700.0,6525.0,525.0
44725.0,6525.0,524.2
44750.0,6525.0,523.3
44775.0,6525.0,522.4
44800.0,6525.0,521.4
44825.0,6525.0,520.5
44850.0,6525.0,519.6
44875.0,6525.0,518.9
44900.0,6525.0,518.2
44925.0,6525.0,517.6
44950.0,6525.0,517.2
44975.0,6525.0,517.0
45000.0,6525.0,517.0
45025.0,6525.0,517.1
45050.0,6525.0,517.5
45075.0,6525.0,518.0
45100.0,6525.0,518.8
45125.0,6525.0,519.6
45150.0,6525.0,520.6
45175.0,6525.0,521.7
45200.0,6525.0,522.8
45225.0,6525.0,523.9
45250.0,6525.0,525.0
45275.0,6525.0,526.0
45300.0,6525.0,526.9
45325.0,6525.0,527.6
45350.0,6525.0,528.2
45375.0,6525.0,528.6
45400.0,6525.0,528.9
45425.0,6525.0,529.1
45450.0,6525.0,529.1
45475.0,6525.0,529.0
45500.0,6525.0,528.9
45525.0,6525.0,528.8
45550.0,6525.0,528.6
45575.0,6525.0,528.5
45600.0,6525.0,528.5
45625.0,6525.0,528.5
45650.0,6525.0,528.7
45675.0,6525.0,528.9
45700.0,6525.0,529.2
45725.0,6525.0,529.5
45750.0,6525.0,530.0
45775.0,6525.0,530.5
45800.0,6525.0,531.0
45825.0,6525.0,531.5
45850.0,6525.0,532.1
45875.0,6525.0,532.7
45900.0,6525.0,533.2
45925.0,6525.0,533.8
45950.0,6525.0,534.3
45975.0,6525.0,534.9
46000.0,6525.0,535.3
46025.0,6525.0,535.8
46050.0,6525.0,536.1
46075.0,6525.0,536.4
46100.0,6525.0,536.5
46125.0,6525.0,536.5
46150.0,6525.0,536.3
46175.0,6525.0,535.8
46200.0,6525.0,535.2
46225.0,6525.0,534.3
46250.0,6525.0,533.1
46275.0,6525.0,531.8
46300.0,6525.0,530.2
46325.0,6525.0,528.5
46350.0,6525.0,526.8
46375.0,6525.0,524.9
46400.0,6525.0,523.1
46425.0,6525.0,521.4
46450.0,6525.0,519.8
46475.0,6525.0,518.4
46500.0,6525.0,517.2
43500.0,6550.0,523.9
43525.0,6550.0,524.1
43550.0,6550.0,524.1
43575.0,6550.0,524.1
43600.0,6550.0,524.0
43625.0,6550.0,523.7
43650.0,6550.0,523.4
43675.0,6550.0,523.0
43700.0,6550.0,522.5
43725.0,6550.0,522.1
43750.0,6550.0,521.7
43775.0,6550.0,521.3
43800.0,6550.0,521.0
43825.0,6550.0,520.9
43850.0,6550.0,520.9
43875.0,6550.0,521.0
43900.0,6550.0,521.3
43925.0,6550.0,521.6
43950.0,6550.0,522.1
43975.0,6550.0,522.5
44000.0,6550.0,523.0
44025.0,6550.0,523.5
44050.0,6550.0,523.9
44075.0,6550.0,524.3
44100.0,6550.0,524.5
44125.0,6550.0,524.8
44150.0,6550.0,524.9
44175.0,6550.0,525.0
44200.0,6550.0,525.0
44225.0,6550.0,525.1
44250.0,6550.0,525.1
44275.0,6550.0,525.2
44300.0,6550.0,525.3
44325.0,6550.0,525.5
44350.0,6550.0,525.8
44375.0,6550.0,526.0
44400.0,6550.0,526.3
44425.0,6550.0,526.7
44450.0,6550.0,527.0
44475.0,6550.0,527.2
44500.0,6550.0,527.4
44525.0,6550.0,527.5
44550.0,6550.0,527.5
44575.0,6550.0,527.3
44600.0,6550.0,527.1
44625.0,6550.0,526.6
44650.0,6550.0,526.1
44675.0,6550.0,525.4
44700.0,6550.0,524.6
44725.0,6550.0,523.7
44750.0,6550.0,522.8
44775.0,6550.0,521.9
44800.0,6550.0,520.9
44825.0,6550.0,520.0
44850.0,6550.0,519.1
44875.0,6550.0,518.3
44900.0,6550.0,517.7
44925.0,6550.0,517.2
44950.0,6550.0,516.9
44975.0,6550.0,516.7
45000.0,6550.0,516.8
45025.0,6550.0,517.0
45050.0,6550.0,517.5
45075.0,6550.0,518.1
45100.0,6550.0,518.9
45125.0,6550.0,519.9
45150.0,6550.0,520.9
45175.0,6550.0,522.1
45200.0,6550.0,523.2
45225.0,6550.0,524.3
45250.0,6550.0,525.4
45275.0,6550.0,526.4
45300.0,6550.0,527.2
45325.0,6550.0,527.9
45350.0,6550.0,528.5
45375.0,6550.0,528.8
45400.0,6550.0,529.1
45425.0,6550.0,529.1
45450.0,6550.0,529.1
45475.0,6550.0,529.0
45500.0,6550.0,528.8
45525.0,6550.0,528.6
45550.0,6550.0,528.5
45575.0,6550.0,528.3
45600.0,6550.0,528.3
45625.0,6550.0,528.3
45650.0,6550.0,528.5
45675.0,6550.0,528.7
45700.0,6550.0,529.0
45725.0,6550.0,529.4
45750.0,6550.0,529.9
45775.0,6550.0,530.4
45800.0,6550.0,531.0
45825.0,6550.0,531.6
45850.0,6550.0,532.2
45875.0,6550.0,532.8
45900.0,6550.0,533.5
45925.0,6550.0,534.1
45950.0,6550.0,534.7
45975.0,6550.0,535.2
46000.0,6550.0,535.7
46025.0,6550.0,536.2
46050.0,6550.0,536.5
46075.0,6550.0,536.7
46100.0,6550.0,536.8
46125.0,6550.0,536.6
46150.0,6550.0,536.3
46175.0,6550.0,535.7
46200.0,6550.0,534.9
46225.0,6550.0,533.8
46250.0,6550.0,532.6
46275.0,6550.0,531.1
46300.0,6550.0,529.4
46325.0,6550.0,527.6
46350.0,6550.0,525.8
46375.0,6550.0,523.9
46400.0,6550.0,522.1
46425.0,6550.0,520.4
46450.0,6550.0,518.9
46475.0,6550.0,517.6
46500.0,6550.0,516.6
43500.0,6575.0,523.9
43525.0,6575.0,523.9
43550.0,6575.0,523.9
43575.0,6575.0,523.8
43600.0,6575.0,523.6
43625.0,6575.0,523.3
43650.0,6575.0,522.9
43675.0,6575.0,522.4
43700.0,6575.0,522.0
43725.0,6575.0,521.6
43750.0,6575.0,521.2
43775.0,6575.0,521.0
43800.0,6575.0,520.8
43825.0,6575.0,520.8
43850.0,6575.0,520.9
43875.0,6575.0,521.1
43900.0,6575.0,521.5
43925.0,6575.0,521.9
43950.0,6575.0,522.3
43975.0,6575.0,522.8
44000.0,6575.0,523.3
44025.0,6575.0,523.7
44050.0,6575.0,524.1
44075.0,6575.0,524.4
44100.0,6575.0,524.6
44125.0,6575.0,524.7
44150.0,6575.0,524.7
44175.0,6575.0,524.8
44200.0,6575.0,524.8
44225.0,6575.0,524.8
44250.0,6575.0,524.8
44275.0,6575.0,524.9
44300.0,6575.0,525.0
44325.0,6575.0,525.2
44350.0,6575.0,525.4
44375.0,6575.0,525.7
44400.0,6575.0,526.0
44425.0,6575.0,526.4
44450.0,6575.0,526.7
44475.0,6575.0,526.9
44500.0,6575.0,527.1
44525.0,6575.0,527.2
44550.0,6575.0,527.2
44575.0,6575.0,527.0
44600.0,6575.0,526.6
44625.0,6575.0,526.2
44650.0,6575.0,525.6
44675.0,6575.0,524.9
44700.0,6575.0,524.0
44725.0,6575.0,523.1
44750.0,6575.0,522.2
44775.0,6575.0,521.2
44800.0,6575.0,520.3
44825.0,6575.0,519.4
44850.0,6575.0,518.5
44875.0,6575.0,517.8
44900.0,6575.0,517.2
44925.0,6575.0,516.8
44950.0,6575.0,516.5
44975.0,6575.0,516.5
45000.0,6575.0,516.6
45025.0,6575.0,517.0
45050.0,6575.0,517.5
45075.0,6575.0,518.3
45100.0,6575.0,519.1
45125.0,6575.0,520.2
45150.0,6575.0,521.3
45175.0,6575.0,522.4
45200.0,6575.0,523.6
45225.0,6575.0,524.7
45250.0,6575.0,525.8
45275.0,6575.0,526.7
45300.0,6575.0,527.5
45325.0,6575.0,528.2
45350.0,6575.0,528.6
45375.0,6575.0,528.9
45400.0,6575.0,529.0
45425.0,6575.0,529.0
45450.0,6575.0,528.9
45475.0,6575.0,528.8
45500.0,6575.0,528.5
45525.0,6575.0,528.3
45550.0,6575.0,528.1
45575.0,6575.0,528.0
45600.0,6575.0,527.9
45625.0,6575.0,528.0
45650.0,6575.0,528.1
45675.0,6575.0,528.4
45700.0,6575.0,528.7
45725.0,6575.0,529.2
45750.0,6575.0,529.7
45775.0,6575.0,530.2
45800.0,6575.0,530.9
45825.0,6575.0,531.5
45850.0,6575.0,532.2
45875.0,6575.0,532.9
45900.0,6575.0,533.6
45925.0,6575.0,534.2
45950.0,6575.0,534.9
45975.0,6575.0,535.4
46000.0,6575.0,536.0
46025.0,6575.0,536.4
46050.0,6575.0,536.7
46075.0,6575.0,536.8
46100.0,6575.0,536.8
46125.0,6575.0,536.6
46150.0,6575.0,536.1
46175.0,6575.0,535.4
46200.0,6575.0,534.4
46225.0,6575.0,533.2
46250.0,6575.0,531.8
46275.0,6575.0,530.2
46300.0,6575.0,528.4
46325.0,6575.0,526.6
46350.0,6575.0,524.7
46375.0,6575.0,522.9
46400.0,6575.0,521.1
46425.0,6575.0,519.5
46450.0,6575.0,518.1
46475.0,6575.0,516.9
46500.0,6575.0,516.0
43500.0,6600.0,524.0
43525.0,6600.0,523.9
43550.0,6600.0,523.8
43575.0,6600.0,523.6
43600.0,6600.0,523.3
43625.0,6600.0,522.9
43650.0,6600.0,522.5
43675.0,6600.0,522.0
43700.0,6600.0,521.6
43725.0,6600.0,521.3
43750.0,6600.0,521.0
43775.0,6600.0,520.8
43800.0,6600.0,520.7
43825.0,6600.0,520.8
43850.0,6600.0,521.0
43875.0,6600.0,521.3
43900.0,6600.0,521.7
43925.0,6600.0,522.2
43950.0,6600.0,522.6
43975.0,6600.0,523.1
44000.0,6600.0,523.5
44025.0,6600.0,523.9
44050.0,6600.0,524.2
44075.0,6600.0,524.3
44100.0,6600.0,524.5
44125.0,6600.0,524.5
44150.0,6600.0,524.5
44175.0,6600.0,524.4
44200.0,6600.0,524.3
44225.0,6600.0,524.3
44250.0,6600.0,524.3
44275.0,6600.0,524.4
44300.0,6600.0,524.5
44325.0,6600.0,524.7
44350.0,6600.0,524.9
44375.0,6600.0,525.2
44400.0,6600.0,525.6
44425.0,6600.0,525.9
44450.0,6600.0,526.2
44475.0,6600.0,526.5
44500.0,6600.0,526.6
44525.0,6600.0,526.7
44550.0,6600.0,526.6
44575.0,6600.0,526.4
44600.0,6600.0,526.0
44625.0,6600.0,525.5
44650.0,6600.0,524.9
44675.0,6600.0,524.1
44700.0,6600.0,523.3
44725.0,6600.0,522.4
44750.0,6600.0,521.5
44775.0,6600.0,520.6
44800.0,6600.0,519.6
44825.0,6600.0,518.8
44850.0,6600.0,518.0
44875.0,6600.0,517.3
44900.0,6600.0,516.8
44925.0,6600.0,516.5
44950.0,6600.0,516.3
44975.0,6600.0,516.3
45000.0,6600.0,516.6
45025.0,6600.0,517.0
45050.0,6600.0,517.6
45075.0,6600.0,518.4
45100.0,6600.0,519.4
45125.0,6600.0,520.5
45150.0,6600.0,521.6
45175.0,6600.0,522.8
45200.0,6600.0,524.0
45225.0,6600.0,525.1
45250.0,6600.0,526.1
45275.0,6600.0,527.0
45300.0,6600.0,527.7
45325.0,6600.0,528.3
45350.0,6600.0,528.7
45375.0,6600.0,528.9
45400.0,6600.0,528.9
45425.0,6600.0,528.8
45450.0,6600.0,528.6
45475.0,6600.0,528.4
45500.0,6600.0,528.1
45525.0,6600.0,527.8
45550.0,6600.0,527.6
45575.0,6600.0,527.5
45600.0,6600.0,527.4
45625.0,6600.0,527.4
45650.0,6600.0,527.6
45675.0,6600.0,527.9
45700.0,6600.0,528.3
45725.0,6600.0,528.7
45750.0,6600.0,529.3
45775.0,6600.0,529.9
45800.0,6600.0,530.6
45825.0,6600.0,531.3
45850.0,6600.0,532.0
45875.0,6600.0,532.8
45900.0,6600.0,533.5
45925.0,6600.0,534.2
45950.0,6600.0,534.9
45975.0,6600.0,535.5
46000.0,6600.0,536.0
46025.0,6600.0,536.4
46050.0,6600.0,536.6
46075.0,6600.0,536.7
46100.0,6600.0,536.6
46125.0,6600.0,536.3
46150.0,6600.0,535.7
46175.0,6600.0,534.8
46200.0,6600.0,533.7
46225.0,6600.0,532.4
46250.0,6600.0,530.9
46275.0,6600.0,529.2
46300.0,6600.0,527.4
46325.0,6600.0,525.5
46350.0,6600.0,523.6
46375.0,6600.0,521.8
46400.0,6600.0,520.1
46425.0,6600.0,518.6
46450.0,6600.0,517.3
46475.0,6600.0,516.3
46500.0,6600.0,515.5
43500.0,6625.0,524.1
43525.0,6625.0,524.0
43550.0,6625.0,523.7
43575.0,6625.0,523.4
43600.0,6625.0,523.1
43625.0,6625.0,522.6
43650.0,6625.0,522.2
43675.0,6625.0,521.8
43700.0,6625.0,521.4
43725.0,6625.0,521.1
43750.0,6625.0,520.9
43775.0,6625.0,520.8
43800.0,6625.0,520.8
43825.0,6625.0,521.0
43850.0,6625.0,521.2
43875.0,6625.0,521.6
43900.0,6625.0,522.0
43925.0,6625.0,522.5
43950.0,6625.0,522.9
43975.0,6625.0,523.4
44000.0,6625.0,523.7
44025.0,6625.0,524.0
44050.0,6625.0,524.2
44075.0,6625.0,524.2
44100.0,6625.0,524.2
44125.0,6625.0,524.2
44150.0,6625.0,524.1
44175.0,6625.0,523.9
44200.0,6625.0,523.8
44225.0,6625.0,523.7
44250.0,6625.0,523.7
44275.0,6625.0,523.7
44300.0,6625.0,523.9
44325.0,6625.0,524.1
44350.0,6625.0,524.3
44375.0,6625.0,524.6
44400.0,6625.0,525.0
44425.0,6625.0,525.3
44450.0,6625.0,525.6
44475.0,6625.0,525.8
44500.0,6625.0,525.9
44525.0,6625.0,525.9
44550.0,6625.0,525.8
44575.0,6625.0,525.6
44600.0,6625.0,525.2
44625.0,6625.0,524.7
44650.0,6625.0,524.0
44675.0,6625.0,523.3
44700.0,6625.0,522.5
44725.0,6625.0,521.7
44750.0,6625.0,520.8
44775.0,6625.0,519.9
44800.0,6625.0,519.0
44825.0,6625.0,518.3
44850.0,6625.0,517.6
44875.0,6625.0,517.0
44900.0,6625.0,516.6
44925.0,6625.0,516.3
44950.0,6625.0,516.2
44975.0,6625.0,516.3
45000.0,6625.0,516.6
45025.0,6625.0,517.1
45050.0,6625.0,517.8
45075.0,6625.0,518.7
45100.0,6625.0,519.7
45125.0,6625.0,520.8
45150.0,6625.0,521.9
45175.0,6625.0,523.1
45200.0,6625.0,524.3
45225.0,6625.0,525.3
45250.0,6625.0,526.3
45275.0,6625.0,527.1
45300.0,6625.0,527.8
45325.0,6625.0,528.3
45350.0,6625.0,528.5
45375.0,6625.0,528.7
45400.0,6625.0,528.6
45425.0,6625.0,528.4
45450.0,6625.0,528.2
45475.0,6625.0,527.8
45500.0,6625.0,527.5
45525.0,6625.0,527.2
45550.0,6625.0,526.9
45575.0,6625.0,526.8
45600.0,6625.0,526.7
45625.0,6625.0,526.7
45650.0,6625.0,526.9
45675.0,6625.0,527.2
45700.0,6625.0,527.6
45725.0,6625.0,528.2
45750.0,6625.0,528.8
45775.0,6625.0,529.4
45800.0,6625.0,530.2
45825.0,6625.0,530.9
45850.0,6625.0,531.7
45875.0,6625.0,532.5
45900.0,6625.0,533.3
45925.0,6625.0,534.1
45950.0,6625.0,534.7
45975.0,6625.0,535.3
46000.0,6625.0,535.8
46025.0,6625.0,536.2
46050.0,6625.0,536.4
46075.0,6625.0,536.4
46100.0,6625.0,536.2
46125.0,6625.0,535.7
46150.0,6625.0,535.0
46175.0,6625.0,534.1
46200.0,6625.0,532.9
46225.0,6625.0,531.4
46250.0,6625.0,529.8
46275.0,6625.0,528.1
46300.0,6625.0,526.2
46325.0,6625.0,524.4
46350.0,6625.0,522.5
46375.0,6625.0,520.8
46400.0,6625.0,519.2
46425.0,6625.0,517.8
46450.0,6625.0,516.6
46475.0,6625.0,515.7
46500.0,6625.0,515.1
43500.0,6650.0,524.3
43525.0,6650.0,524.0
43550.0,6650.0,523.7
43575.0,6650.0,523.4
43600.0,6650.0,522.9
43625.0,6650.0,522.5
43650.0,6650.0,522.0
43675.0,6650.0,521.6
43700.0,6650.0,521.3
43725.0,6650.0,521.0
43750.0,6650.0,520.9
43775.0,6650.0,520.9
43800.0,6650.0,521.0
43825.0,6650.0,521.2
43850.0,6650.0,521.6
43875.0,6650.0,522.0
43900.0,6650.0,522.4
43925.0,6650.0,522.8
43950.0,6650.0,523.2
43975.0,6650.0,523.6
44000.0,6650.0,523.8
44025.0,6650.0,524.0
44050.0,6650.0,524.1
44075.0,6650.0,524.0
44100.0,6650.0,523.9
44125.0,6650.0,523.8
44150.0,6650.0,523.6
44175.0,6650.0,523.4
44200.0,6650.0,523.2
44225.0,6650.0,523.1
44250.0,6650.0,523.0
44275.0,6650.0,523.0
44300.0,6650.0,523.1
44325.0,6650.0,523.3
44350.0,6650.0,523.6
44375.0,6650.0,523.9
44400.0,6650.0,524.2
44425.0,6650.0,524.5
44450.0,6650.0,524.7
44475.0,6650.0,524.9
44500.0,6650.0,525.0
44525.0,6650.0,525.0
44550.0,6650.0,524.9
44575.0,6650.0,524.6
44600.0,6650.0,524.2
44625.0,6650.0,523.8
44650.0,6650.0,523.2
44675.0,6650.0,522.5
44700.0,6650.0,521.7
44725.0,6650.0,520.9
44750.0,6650.0,520.1
44775.0,6650.0,519.3
44800.0,6650.0,518.5
44825.0,6650.0,517.8
44850.0,6650.0,517.2
44875.0,6650.0,516.7
44900.0,6650.0,516.4
44925.0,6650.0,516.2
44950.0,6650.0,516.2
44975.0,6650.0,516.4
45000.0,6650.0,516.8
45025.0,6650.0,517.3
45050.0,6650.0,518.1
45075.0,6650.0,519.0
45100.0,6650.0,520.0
45125.0,6650.0,521.1
45150.0,6650.0,522.3
45175.0,6650.0,523.4
45200.0,6650.0,524.5
45225.0,6650.0,525.6
45250.0,6650.0,526.5
45275.0,6650.0,527.2
45300.0,6650.0,527.8
45325.0,6650.0,528.1
45350.0,6650.0,528.3
45375.0,6650.0,528.3
45400.0,6650.0,528.2
45425.0,6650.0,527.9
45450.0,6650.0,527.5
45475.0,6650.0,527.1
45500.0,6650.0,526.7
45525.0,6650.0,526.4
45550.0,6650.0,526.1
45575.0,6650.0,525.9
45600.0,6650.0,525.8
45625.0,6650.0,525.9
45650.0,6650.0,526.1
45675.0,6650.0,526.4
45700.0,6650.0,526.9
45725.0,6650.0,527.5
45750.0,6650.0,528.1
45775.0,6650.0,528.9
45800.0,6650.0,529.6
45825.0,6650.0,530.5
45850.0,6650.0,531.3
45875.0,6650.0,532.2
45900.0,6650.0,533.0
45925.0,6650.0,533.7
45950.0,6650.0,534.4
45975.0,6650.0,535.0
46000.0,6650.0,535.5
46025.0,6650.0,535.8
46050.0,6650.0,536.0
46075.0,6650.0,535.9
46100.0,6650.0,535.6
46125.0,6650.0,535.0
46150.0,6650.0,534.2
46175.0,6650.0,533.2
46200.0,6650.0,531.9
46225.0,6650.0,530.4
46250.0,6650.0,528.7
46275.0,6650.0,526.9
46300.0,6650.0,525.1
46325.0,6650.0,523.2
46350.0,6650.0,521.5
46375.0,6650.0,519.8
46400.0,6650.0,518.3
46425.0,6650.0,517.0
46450.0,6650.0,516.0
46475.0,6650.0,515.2
46500.0,6650.0,514.7
43500.0,6675.0,524.5
43525.0,6675.0,524.2
43550.0,6675.0,523.8
43575.0,6675.0,523.3
43600.0,6675.0,522.9
43625.0,6675.0,522.4
43650.0,6675.0,522.0
43675.0,6675.0,521.6
43700.0,6675.0,521.3
43725.0,6675.0,521.1
43750.0,6675.0,521.1
43775.0,6675.0,521.1
43800.0,6675.0,521.3
43825.0,6675.0,521.6
43850.0,6675.0,521.9
43875.0,6675.0,522.3
43900.0,6675.0,522.8
43925.0,6675.0,523.1
43950.0,6675.0,523.5
43975.0,6675.0,523.7
44000.0,6675.0,523.9
44025.0,6675.0,523.9
44050.0,6675.0,523.9
44075.0,6675.0,523.8
44100.0,6675.0,523.5
44125.0,6675.0,523.3
44150.0,6675.0,523.0
44175.0,6675.0,522.7
44200.0,6675.0,522.5
44225.0,6675.0,522.3
44250.0,6675.0,522.3
44275.0,6675.0,522.3
44300.0,6675.0,522.3
44325.0,6675.0,522.5
44350.0,6675.0,522.7
44375.0,6675.0,523.0
44400.0,6675.0,523.3
44425.0,6675.0,523.5
44450.0,6675.0,523.8
44475.0,6675.0,523.9
44500.0,6675.0,524.0
44525.0,6675.0,524.0
44550.0,6675.0,523.9
44575.0,6675.0,523.6
44600.0,6675.0,523.3
44625.0,6675.0,522.8
44650.0,6675.0,522.3
44675.0,6675.0,521.7
44700.0,6675.0,521.0
44725.0,6675.0,520.3
44750.0,6675.0,519.6
44775.0,6675.0,518.9
44800.0,6675.0,518.2
44825.0,6675.0,517.6
44850.0,6675.0,517.1
44875.0,6675.0,516.7
44900.0,6675.0,516.4
44925.0,6675.0,516.3
44950.0,6675.0,516.3
44975.0,6675.0,516.6
45000.0,6675.0,517.0
45025.0,6675.0,517.6
45050.0,6675.0,518.4
45075.0,6675.0,519.3
45100.0,6675.0,520.3
45125.0,6675.0,521.4
45150.0,6675.0,522.6
45175.0,6675.0,523.7
45200.0,6675.0,524.7
45225.0,6675.0,525.7
45250.0,6675.0,526.5
45275.0,6675.0,527.1
45300.0,6675.0,527.6
45325.0,6675.0,527.8
45350.0,6675.0,527.9
45375.0,6675.0,527.8
45400.0,6675.0,527.5
45425.0,6675.0,527.1
45450.0,6675.0,526.7
45475.0,6675.0,526.2
45500.0,6675.0,525.8
45525.0,6675.0,525.4
45550.0,6675.0,525.1
45575.0,6675.0,524.9
45600.0,6675.0,524.8
45625.0,6675.0,524.9
45650.0,6675.0,525.1
45675.0,6675.0,525.5
45700.0,6675.0,526.0
45725.0,6675.0,526.6
45750.0,6675.0,527.4
45775.0,6675.0,528.2
45800.0,6675.0,529.0
45825.0,6675.0,529.9
45850.0,6675.0,530.8
45875.0,6675.0,531.7
45900.0,6675.0,532.5
45925.0,6675.0,533.3
45950.0,6675.0,534.0
45975.0,6675.0,534.6
46000.0,6675.0,535.0
46025.0,6675.0,535.3
46050.0,6675.0,535.3
46075.0,6675.0,535.2
46100.0,6675.0,534.8
46125.0,6675.0,534.1
46150.0,6675.0,533.3
46175.0,6675.0,532.1
46200.0,6675.0,530.8
46225.0,6675.0,529.2
46250.0,6675.0,527.6
46275.0,6675.0,525.8
46300.0,6675.0,524.0
46325.0,6675.0,522.2
46350.0,6675.0,520.5
46375.0,6675.0,518.9
46400.0,6675.0,517.5
46425.0,6675.0,516.4
46450.0,6675.0,515.5
46475.0,6675.0,514.8
46500.0,6675.0,514.4
43500.0,6700.0,524.7
43525.0,6700.0,524.3
43550.0,6700.0,523.9
43575.0,6700.0,523.4
43600.0,6700.0,522.9
43625.0,6700.0,522.5
43650.0,6700.0,522.1
43675.0,6700.0,521.7
43700.0,6700.0,521.5
43725.0,6700.0,521.4
43750.0,6700.0,521.4
43775.0,6700.0,521.5
43800.0,6700.0,521.7
43825.0,6700.0,522.0
43850.0,6700.0,522.4
43875.0,6700.0,522.8
43900.0,6700.0,523.1
43925.0,6700.0,523.5
43950.0,6700.0,523.7
43975.0,6700.0,523.9
44000.0,6700.0,523.9
44025.0,6700.0,523.9
44050.0,6700.0,523.7
44075.0,6700.0,523.4
44100.0,6700.0,523.1
44125.0,6700.0,522.8
44150.0,6700.0,522.4
44175.0,6700.0,522.1
44200.0,6700.0,521.8
44225.0,6700.0,521.6
44250.0,6700.0,521.5
44275.0,6700.0,521.5
44300.0,6700.0,521.5
44325.0,6700.0,521.6
44350.0,6700.0,521.8
44375.0,6700.0,522.1
44400.0,6700.0,522.3
44425.0,6700.0,522.5
44450.0,6700.0,522.7
44475.0,6700.0,522.9
44500.0,6700.0,523.0
44525.0,6700.0,522.9
44550.0,6700.0,522.8
44575.0,6700.0,522.6
44600.0,6700.0,522.3
44625.0,6700.0,522.0
44650.0,6700.0,521.5
44675.0,6700.0,521.0
44700.0,6700.0,520.4
44725.0,6700.0,519.8
44750.0,6700.0,519.2
44775.0,6700.0,518.6
44800.0,6700.0,518.0
44825.0,6700.0,517.5
44850.0,6700.0,517.1
44875.0,6700.0,516.7
44900.0,6700.0,516.5
44925.0,6700.0,516.5
44950.0,6700.0,516.6
44975.0,6700.0,516.9
45000.0,6700.0,517.3
45025.0,6700.0,517.9
45050.0,6700.0,518.7
45075.0,6700.0,519.6
45100.0,6700.0,520.7
45125.0,6700.0,521.7
45150.0,6700.0,522.8
45175.0,6700.0,523.9
45200.0,6700.0,524.9
45225.0,6700.0,525.7
45250.0,6700.0,526.4
45275.0,6700.0,527.0
45300.0,6700.0,527.3
45325.0,6700.0,527.4
45350.0,6700.0,527.3
45375.0,6700.0,527.1
45400.0,6700.0,526.7
45425.0,6700.0,526.2
45450.0,6700.0,525.7
45475.0,6700.0,525.2
45500.0,6700.0,524.6
45525.0,6700.0,524.2
45550.0,6700.0,523.9
45575.0,6700.0,523.7
45600.0,6700.0,523.7
45625.0,6700.0,523.8
45650.0,6700.0,524.1
45675.0,6700.0,524.5
45700.0,6700.0,525.1
45725.0,6700.0,525.8
45750.0,6700.0,526.5
45775.0,6700.0,527.4
45800.0,6700.0,528.3
45825.0,6700.0,529.2
45850.0,6700.0,530.2
45875.0,6700.0,531.1
45900.0,6700.0,531.9
45925.0,6700.0,532.7
45950.0,6700.0,533.4
45975.0,6700.0,533.9
46000.0,6700.0,534.3
46025.0,6700.0,534.5
46050.0,6700.0,534.5
46075.0,6700.0,534.3
46100.0,6700.0,533.8
46125.0,6700.0,533.1
46150.0,6700.0,532.2
46175.0,6700.0,531.0
46200.0,6700.0,529.6
46225.0,6700.0,528.1
46250.0,6700.0,526.4
46275.0,6700.0,524.7
46300.0,6700.0,522.9
46325.0,6700.0,521.2
46350.0,6700.0,519.6
46375.0,6700.0,518.1
46400.0,6700.0,516.9
46425.0,6700.0,515.8
46450.0,6700.0,515.0
46475.0,6700.0,514.5
46500.0,6700.0,514.2
43500.0,6725.0,525.0
43525.0,6725.0,524.5
43550.0,6725.0,524.0
43575.0,6725.0,523.5
43600.0,6725.0,523.1
43625.0,6725.0,522.6
43650.0,6725.0,522.2
43675.0,6725.0,521.9
43700.0,6725.0,521.8
43725.0,6725.0,521.7
43750.0,6725.0,521.8
43775.0,6725.0,521.9
43800.0,6725.0,522.2
43825.0,6725.0,522.5
43850.0,6725.0,522.9
43875.0,6725.0,523.2
43900.0,6725.0,523.5
43925.0,6725.0,523.8
43950.0,6725.0,524.0
43975.0,6725.0,524.0
44000.0,6725.0,523.9
44025.0,6725.0,523.8
44050.0,6725.0,523.5
44075.0,6725.0,523.1
44100.0,6725.0,522.7
44125.0,6725.0,522.3
44150.0,6725.0,521.9
44175.0,6725.0,521.5
44200.0,6725.0,521.1
44225.0,6725.0,520.9
44250.0,6725.0,520.7
44275.0,6725.0,520.7
44300.0,6725.0,520.7
44325.0,6725.0,520.8
44350.0,6725.0,520.9
44375.0,6725.0,521.1
44400.0,6725.0,521.3
44425.0,6725.0,521.5
44450.0,6725.0,521.7
44475.0,6725.0,521.8
44500.0,6725.0,521.9
44525.0,6725.0,521.9
44550.0,6725.0,521.9
44575.0,6725.0,521.7
44600.0,6725.0,521.5
44625.0,6725.0,521.2
44650.0,6725.0,520.9
44675.0,6725.0,520.5
44700.0,6725.0,520.0
44725.0,6725.0,519.5
44750.0,6725.0,519.0
44775.0,6725.0,518.5
44800.0,6725.0,518.0
44825.0,6725.0,517.6
44850.0,6725.0,517.2
44875.0,6725.0,517.0
44900.0,6725.0,516.8
44925.0,6725.0,516.8
44950.0,6725.0,516.9
44975.0,6725.0,517.2
45000.0,6725.0,517.7
45025.0,6725.0,518.3
45050.0,6725.0,519.1
45075.0,6725.0,520.0
45100.0,6725.0,521.0
45125.0,6725.0,522.0
45150.0,6725.0,523.0
45175.0,6725.0,524.0
45200.0,6725.0,524.9
45225.0,6725.0,525.7
45250.0,6725.0,526.2
45275.0,6725.0,526.6
45300.0,6725.0,526.8
45325.0,6725.0,526.8
45350.0,6725.0,526.6
45375.0,6725.0,526.2
45400.0,6725.0,525.7
45425.0,6725.0,525.1
45450.0,6725.0,524.5
45475.0,6725.0,523.9
45500.0,6725.0,523.4
45525.0,6725.0,522.9
45550.0,6725.0,522.6
45575.0,6725.0,522.4
45600.0,6725.0,522.4
45625.0,6725.0,522.6
45650.0,6725.0,522.9
45675.0,6725.0,523.4
45700.0,6725.0,524.1
45725.0,6725.0,524.8
45750.0,6725.0,525.6
45775.0,6725.0,526.6
45800.0,6725.0,527.5
45825.0,6725.0,528.5
45850.0,6725.0,529.4
45875.0,6725.0,530.3
45900.0,6725.0,531.2
45925.0,6725.0,532.0
45950.0,6725.0,532.6
45975.0,6725.0,533.1
46000.0,6725.0,533.5
46025.0,6725.0,533.6
46050.0,6725.0,533.6
46075.0,6725.0,533.3
46100.0,6725.0,532.8
46125.0,6725.0,532.1
46150.0,6725.0,531.1
46175.0,6725.0,529.9
46200.0,6725.0,528.5
46225.0,6725.0,527.0
46250.0,6725.0,525.3
46275.0,6725.0,523.6
46300.0,6725.0,522.0
46325.0,6725.0,520.3
46350.0,6725.0,518.8
46375.0,6725.0,517.5
46400.0,6725.0,516.3
46425.0,6725.0,515.4
46450.0,6725.0,514.7
46475.0,6725.0,514.2
46500.0,6725.0,513.9
43500.0,6750.0,525.2
43525.0,6750.0,524.7
43550.0,6750.0,524.2
43575.0,6750.0,523.7
43600.0,6750.0,523.3
43625.0,6750.0,522.8
43650.0,6750.0,522.5
43675.0,6750.0,522.3
43700.0,6750.0,522.2
43725.0,6750.0,522.2
43750.0,6750.0,522.3
43775.0,6750.0,522.5
43800.0,6750.0,522.8
43825.0,6750.0,523.1
43850.0,6750.0,523.4
43875.0,6750.0,523.7
43900.0,6750.0,524.0
43925.0,6750.0,524.1
43950.0,6750.0,524.2
43975.0,6750.0,524.2
44000.0,6750.0,524.0
44025.0,6750.0,523.7
44050.0,6750.0,523.3
44075.0,6750.0,522.9
44100.0,6750.0,522.4
44125.0,6750.0,521.9
44150.0,6750.0,521.4
44175.0,6750.0,520.9
44200.0,6750.0,520.5
44225.0,6750.0,520.2
44250.0,6750.0,520.0
44275.0,6750.0,519.9
44300.0,6750.0,519.9
44325.0,6750.0,519.9
44350.0,6750.0,520.0
44375.0,6750.0,520.2
44400.0,6750.0,520.4
44425.0,6750.0,520.5
44450.0,6750.0,520.7
44475.0,6750.0,520.9
44500.0,6750.0,521.0
44525.0,6750.0,521.1
44550.0,6750.0,521.1
44575.0,6750.0,521.0
44600.0,6750.0,520.9
44625.0,6750.0,520.7
44650.0,6750.0,520.5
44675.0,6750.0,520.2
44700.0,6750.0,519.9
44725.0,6750.0,519.5
44750.0,6750.0,519.1
44775.0,6750.0,518.7
44800.0,6750.0,518.3
44825.0,6750.0,517.9
44850.0,6750.0,517.6
44875.0,6750.0,517.4
44900.0,6750.0,517.2
44925.0,6750.0,517.2
44950.0,6750.0,517.4
44975.0,6750.0,517.7
45000.0,6750.0,518.1
45025.0,6750.0,518.8
45050.0,6750.0,519.5
45075.0,6750.0,520.4
45100.0,6750.0,521.3
45125.0,6750.0,522.2
45150.0,6750.0,523.2
45175.0,6750.0,524.1
45200.0,6750.0,524.8
45225.0,6750.0,525.5
45250.0,6750.0,525.9
45275.0,6750.0,526.1
45300.0,6750.0,526.2
45325.0,6750.0,526.0
45350.0,6750.0,525.7
45375.0,6750.0,525.1
45400.0,6750.0,524.5
45425.0,6750.0,523.9
45450.0,6750.0,523.2
45475.0,6750.0,522.5
45500.0,6750.0,521.9
45525.0,6750.0,521.5
45550.0,6750.0,521.2
45575.0,6750.0,521.0
45600.0,6750.0,521.1
45625.0,6750.0,521.3
45650.0,6750.0,521.7
45675.0,6750.0,522.3
45700.0,6750.0,523.0
45725.0,6750.0,523.8
45750.0,6750.0,524.7
45775.0,6750.0,525.7
45800.0,6750.0,526.7
45825.0,6750.0,527.6
45850.0,6750.0,528.6
45875.0,6750.0,529.5
45900.0,6750.0,530.4
45925.0,6750.0,531.1
45950.0,6750.0,531.7
45975.0,6750.0,532.2
46000.0,6750.0,532.5
46025.0,6750.0,532.6
46050.0,6750.0,532.6
46075.0,6750.0,532.2
46100.0,6750.0,531.7
46125.0,6750.0,530.9
46150.0,6750.0,529.9
46175.0,6750.0,528.8
46200.0,6750.0,527.4
46225.0,6750.0,525.9
46250.0,6750.0,524.3
46275.0,6750.0,522.7
46300.0,6750.0,521.1
46325.0,6750.0,519.6
46350.0,6750.0,518.2
46375.0,6750.0,516.9
46400.0,6750.0,515.8
46425.0,6750.0,515.0
46450.0,6750.0,514.3
46475.0,6750.0,513.9
46500.0,6750.0,513.7
43500.0,6775.0,525.5
43525.0,6775.0,525.0
43550.0,6775.0,524.5
43575.0,6775.0,524.0
43600.0,6775.0,523.5
43625.0,6775.0,523.2
43650.0,6775.0,522.9
43675.0,6775.0,522.7
43700.0,6775.0,522.7
43725.0,6775.0,522.7
43750.0,6775.0,522.9
43775.0,6775.0,523.1
43800.0,6775.0,523.4
43825.0,6775.0,523.7
43850.0,6775.0,524.0
43875.0,6775.0,524.3
43900.0,6775.0,524.4
43925.0,6775.0,524.5
43950.0,6775.0,524.5
43975.0,6775.0,524.4
44000.0,6775.0,524.1
44025.0,6775.0,523.7
44050.0,6775.0,523.2
44075.0,6775.0,522.7
44100.0,6775.0,522.1
44125.0,6775.0,521.5
44150.0,6775.0,521.0
44175.0,6775.0,520.4
44200.0,6775.0,520.0
44225.0,6775.0,519.6
44250.0,6775.0,519.4
44275.0,6775.0,519.2
44300.0,6775.0,519.1
44325.0,6775.0,519.1
44350.0,6775.0,519.2
44375.0,6775.0,519.3
44400.0,6775.0,519.5
44425.0,6775.0,519.7
44450.0,6775.0,519.9
44475.0,6775.0,520.1
44500.0,6775.0,520.2
44525.0,6775.0,520.4
44550.0,6775.0,520.5
44575.0,6775.0,520.5
44600.0,6775.0,520.5
44625.0,6775.0,520.5
44650.0,6775.0,520.4
44675.0,6775.0,520.2
44700.0,6775.0,520.0
44725.0,6775.0,519.7
44750.0,6775.0,519.4
44775.0,6775.0,519.1
44800.0,6775.0,518.7
44825.0,6775.0,518.4
44850.0,6775.0,518.1
44875.0,6775.0,517.9
44900.0,6775.0,517.8
44925.0,6775.0,517.8
44950.0,6775.0,517.9
44975.0,6775.0,518.2
45000.0,6775.0,518.6
45025.0,6775.0,519.2
45050.0,6775.0,519.9
45075.0,6775.0,520.7
45100.0,6775.0,521.5
45125.0,6775.0,522.4
45150.0,6775.0,523.3
45175.0,6775.0,524.0
45200.0,6775.0,524.6
45225.0,6775.0,525.1
45250.0,6775.0,525.4
45275.0,6775.0,525.5
45300.0,6775.0,525.4
45325.0,6775.0,525.0
45350.0,6775.0,524.5
45375.0,6775.0,523.9
45400.0,6775.0,523.2
45425.0,6775.0,522.4
45450.0,6775.0,521.7
45475.0,6775.0,521.0
45500.0,6775.0,520.4
45525.0,6775.0,520.0
45550.0,6775.0,519.7
45575.0,6775.0,519.6
45600.0,6775.0,519.7
45625.0,6775.0,520.0
45650.0,6775.0,520.5
45675.0,6775.0,521.2
45700.0,6775.0,521.9
45725.0,6775.0,522.8
45750.0,6775.0,523.7
45775.0,6775.0,524.7
45800.0,6775.0,525.7
45825.0,6775.0,526.7
45850.0,6775.0,527.7
45875.0,6775.0,528.6
45900.0,6775.0,529.4
45925.0,6775.0,530.2
45950.0,6775.0,530.8
45975.0,6775.0,531.2
46000.0,6775.0,531.5
46025.0,6775.0,531.6
46050.0,6775.0,531.5
46075.0,6775.0,531.1
46100.0,6775.0,530.6
46125.0,6775.0,529.8
46150.0,6775.0,528.8
46175.0,6775.0,527.7
46200.0,6775.0,526.4
46225.0,6775.0,524.9
46250.0,6775.0,523.4
46275.0,6775.0,521.9
46300.0,6775.0,520.4
46325.0,6775.0,518.9
46350.0,6775.0,517.6
46375.0,6775.0,516.4
46400.0,6775.0,515.4
46425.0,6775.0,514.6
46450.0,6775.0,514.1
46475.0,6775.0,513.7
46500.0,6775.0,513.5
43500.0,6800.0,525.8
43525.0,6800.0,525.3
43550.0,6800.0,524.8
43575.0,6800.0,524.3
43600.0,6800.0,523.9
43625.0,6800.0,523.6
43650.0,6800.0,523.4
43675.0,6800.0,523.2
43700.0,6800.0,523.2
43725.0,6800.0,523.3
43750.0,6800.0,523.5
43775.0,6800.0,523.8
43800.0,6800.0,524.1
43825.0,6800.0,524.4
43850.0,6800.0,524.6
43875.0,6800.0,524.9
43900.0,6800.0,525.0
43925.0,6800.0,525.0
43950.0,6800.0,524.9
43975.0,6800.0,524.6
44000.0,6800.0,524.3
44025.0,6800.0,523.8
44050.0,6800.0,523.2
44075.0,6800.0,522.6
44100.0,6800.0,521.9
44125.0,6800.0,521.3
44150.0,6800.0,520.7
44175.0,6800.0,520.1
44200.0,6800.0,519.6
44225.0,6800.0,519.2
44250.0,6800.0,518.8
44275.0,6800.0,518.6
44300.0,6800.0,518.5
44325.0,6800.0,518.5
44350.0,6800.0,518.5
44375.0,6800.0,518.6
44400.0,6800.0,518.8
44425.0,6800.0,519.0
44450.0,6800.0,519.2
44475.0,6800.0,519.4
44500.0,6800.0,519.7
44525.0,6800.0,519.9
44550.0,6800.0,520.1
44575.0,6800.0,520.3
44600.0,6800.0,520.4
44625.0,6800.0,520.5
44650.0,6800.0,520.6
44675.0,6800.0,520.5
44700.0,6800.0,520.4
44725.0,6800.0,520.2
44750.0,6800.0,520.0
44775.0,6800.0,519.7
44800.0,6800.0,519.4
44825.0,6800.0,519.1
44850.0,6800.0,518.8
44875.0,6800.0,518.6
44900.0,6800.0,518.4
44925.0,6800.0,518.4
44950.0,6800.0,518.5
44975.0,6800.0,518.7
45000.0,6800.0,519.1
45025.0,6800.0,519.6
45050.0,6800.0,520.3
45075.0,6800.0,521.0
45100.0,6800.0,521.7
45125.0,6800.0,522.5
45150.0,6800.0,523.2
45175.0,6800.0,523.8
45200.0,6800.0,524.3
45225.0,6800.0,524.6
45250.0,6800.0,524.7
45275.0,6800.0,524.7
45300.0,6800.0,524.4
45325.0,6800.0,523.9
45350.0,6800.0,523.2
45375.0,6800.0,522.5
45400.0,6800.0,521.7
45425.0,6800.0,520.9
45450.0,6800.0,520.1
45475.0,6800.0,519.4
45500.0,6800.0,518.8
45525.0,6800.0,518.4
45550.0,6800.0,518.2
45575.0,6800.0,518.2
45600.0,6800.0,518.4
45625.0,6800.0,518.8
45650.0,6800.0,519.3
45675.0,6800.0,520.0
45700.0,6800.0,520.8
45725.0,6800.0,521.8
45750.0,6800.0,522.7
45775.0,6800.0,523.7
45800.0,6800.0,524.8
45825.0,6800.0,525.8
45850.0,6800.0,526.7
45875.0,6800.0,527.6
45900.0,6800.0,528.4
45925.0,6800.0,529.1
45950.0,6800.0,529.7
45975.0,6800.0,530.1
46000.0,6800.0,530.4
46025.0,6800.0,530.5
46050.0,6800.0,530.3
46075.0,6800.0,530.0
46100.0,6800.0,529.5
46125.0,6800.0,528.8
46150.0,6800.0,527.8
46175.0,6800.0,526.7
46200.0,6800.0,525.5
46225.0,6800.0,524.1
46250.0,6800.0,522.7
46275.0,6800.0,521.2
46300.0,6800.0,519.8
46325.0,6800.0,518.4
46350.0,6800.0,517.2
46375.0,6800.0,516.0
46400.0,6800.0,515.1
46425.0,6800.0,514.4
46450.0,6800.0,513.8
46475.0,6800.0,513.5
46500.0,6800.0,513.4
43500.0,6825.0,526.2
43525.0,6825.0,525.6
43550.0,6825.0,525.2
43575.0,6825.0,524.7
43600.0,6825.0,524.4
43625.0,6825.0,524.1
43650.0,6825.0,523.9
43675.0,6825.0,523.9
43700.0,6825.0,523.9
43725.0,6825.0,524.1
43750.0,6825.0,524.3
43775.0,6825.0,524.6
43800.0,6825.0,524.9
43825.0,6825.0,525.1
43850.0,6825.0,525.4
43875.0,6825.0,525.5
43900.0,6825.0,525.6
43925.0,6825.0,525.5
43950.0,6825.0,525.3
43975.0,6825.0,525.0
44000.0,6825.0,524.5
44025.0,6825.0,524.0
44050.0,6825.0,523.3
44075.0,6825.0,522.6
44100.0,6825.0,521.9
44125.0,6825.0,521.2
44150.0,6825.0,520.5
44175.0,6825.0,519.8
44200.0,6825.0,519.3
44225.0,6825.0,518.8
44250.0,6825.0,518.4
44275.0,6825.0,518.2
44300.0,6825.0,518.0
44325.0,6825.0,517.9
44350.0,6825.0,518.0
44375.0,6825.0,518.1
44400.0,6825.0,518.2
44425.0,6825.0,518.5
44450.0,6825.0,518.8
44475.0,6825.0,519.1
44500.0,6825.0,519.4
44525.0,6825.0,519.8
44550.0,6825.0,520.1
44575.0,6825.0,520.4
44600.0,6825.0,520.7
44625.0,6825.0,520.9
44650.0,6825.0,521.0
44675.0,6825.0,521.1
44700.0,6825.0,521.1
44725.0,6825.0,520.9
44750.0,6825.0,520.7
44775.0,6825.0,520.5
44800.0,6825.0,520.2
44825.0,6825.0,519.9
44850.0,6825.0,519.6
44875.0,6825.0,519.3
44900.0,6825.0,519.1
44925.0,6825.0,519.1
44950.0,6825.0,519.1
44975.0,6825.0,519.3
45000.0,6825.0,519.6
45025.0,6825.0,520.1
45050.0,6825.0,520.6
45075.0,6825.0,521.2
45100.0,6825.0,521.9
45125.0,6825.0,522.5
45150.0,6825.0,523.1
45175.0,6825.0,523.5
45200.0,6825.0,523.9
45225.0,6825.0,524.0
45250.0,6825.0,523.9
45275.0,6825.0,523.6
45300.0,6825.0,523.2
45325.0,6825.0,522.6
45350.0,6825.0,521.8
45375.0,6825.0,520.9
45400.0,6825.0,520.1
45425.0,6825.0,519.2
45450.0,6825.0,518.4
45475.0,6825.0,517.7
45500.0,6825.0,517.2
45525.0,6825.0,516.8
45550.0,6825.0,516.7
45575.0,6825.0,516.8
45600.0,6825.0,517.0
45625.0,6825.0,517.5
45650.0,6825.0,518.1
45675.0,6825.0,518.9
45700.0,6825.0,519.8
45725.0,6825.0,520.7
45750.0,6825.0,521.7
45775.0,6825.0,522.7
45800.0,6825.0,523.8
45825.0,6825.0,524.7
45850.0,6825.0,525.7
45875.0,6825.0,526.5
45900.0,6825.0,527.3
45925.0,6825.0,528.0
45950.0,6825.0,528.6
45975.0,6825.0,529.0
46000.0,6825.0,529.2
46025.0,6825.0,529.3
46050.0,6825.0,529.2
46075.0,6825.0,528.9
46100.0,6825.0,528.4
46125.0,6825.0,527.8
46150.0,6825.0,526.9
46175.0,6825.0,525.8
46200.0,6825.0,524.6
46225.0,6825.0,523.4
46250.0,6825.0,522.0
46275.0,6825.0,520.6
46300.0,6825.0,519.3
46325.0,6825.0,518.0
46350.0,6825.0,516.8
46375.0,6825.0,515.7
46400.0,6825.0,514.9
46425.0,6825.0,514.2
46450.0,6825.0,513.7
46475.0,6825.0,513.3
46500.0,6825.0,513.2
43500.0,6850.0,526.5
43525.0,6850.0,526.0
43550.0,6850.0,525.6
43575.0,6850.0,525.2
43600.0,6850.0,524.9
43625.0,6850.0,524.7
43650.0,6850.0,524.6
43675.0,6850.0,524.6
43700.0,6850.0,524.7
43725.0,6850.0,524.9
43750.0,6850.0,525.1
43775.0,6850.0,525.4
43800.0,6850.0,525.7
43825.0,6850.0,526.0
43850.0,6850.0,526.2
43875.0,6850.0,526.3
43900.0,6850.0,526.3
43925.0,6850.0,526.1
43950.0,6850.0,525.9
43975.0,6850.0,525.5
44000.0,6850.0,524.9
44025.0,6850.0,524.3
44050.0,6850.0,523.6
44075.0,6850.0,522.8
44100.0,6850.0,522.0
44125.0,6850.0,521.2
44150.0,6850.0,520.4
44175.0,6850.0,519.7
44200.0,6850.0,519.1
44225.0,6850.0,518.6
44250.0,6850.0,518.2
44275.0,6850.0,517.9
44300.0,6850.0,517.7
44325.0,6850.0,517.6
44350.0,6850.0,517.6
44375.0,6850.0,517.7
44400.0,6850.0,518.0
44425.0,6850.0,518.3
44450.0,6850.0,518.6
44475.0,6850.0,519.1
44500.0,6850.0,519.5
44525.0,6850.0,520.0
44550.0,6850.0,520.4
44575.0,6850.0,520.9
44600.0,6850.0,521.3
44625.0,6850.0,521.6
44650.0,6850.0,521.8
44675.0,6850.0,521.9
44700.0,6850.0,522.0
44725.0,6850.0,521.9
44750.0,6850.0,521.7
44775.0,6850.0,521.5
44800.0,6850.0,521.1
44825.0,6850.0,520.8
44850.0,6850.0,520.4
44875.0,6850.0,520.1
44900.0,6850.0,519.9
44925.0,6850.0,519.8
44950.0,6850.0,519.7
44975.0,6850.0,519.8
45000.0,6850.0,520.1
45025.0,6850.0,520.4
45050.0,6850.0,520.9
45075.0,6850.0,521.4
45100.0,6850.0,521.9
45125.0,6850.0,522.4
45150.0,6850.0,522.8
45175.0,6850.0,523.1
45200.0,6850.0,523.2
45225.0,6850.0,523.2
45250.0,6850.0,522.9
45275.0,6850.0,522.5
45300.0,6850.0,521.8
45325.0,6850.0,521.1
45350.0,6850.0,520.2
45375.0,6850.0,519.3
45400.0,6850.0,518.3
45425.0,6850.0,517.4
45450.0,6850.0,516.7
45475.0,6850.0,516.0
45500.0,6850.0,515.6
45525.0,6850.0,515.3
45550.0,6850.0,515.2
45575.0,6850.0,515.4
45600.0,6850.0,515.8
45625.0,6850.0,516.3
45650.0,6850.0,517.0
45675.0,6850.0,517.8
45700.0,6850.0,518.7
45725.0,6850.0,519.7
45750.0,6850.0,520.7
45775.0,6850.0,521.7
45800.0,6850.0,522.7
45825.0,6850.0,523.7
45850.0,6850.0,524.6
45875.0,6850.0,525.4
45900.0,6850.0,526.2
45925.0,6850.0,526.9
45950.0,6850.0,527.4
45975.0,6850.0,527.8
46000.0,6850.0,528.1
46025.0,6850.0,528.2
46050.0,6850.0,528.2
46075.0,6850.0,527.9
46100.0,6850.0,527.5
46125.0,6850.0,526.8
46150.0,6850.0,526.0
46175.0,6850.0,525.1
46200.0,6850.0,524.0
46225.0,6850.0,522.7
46250.0,6850.0,521.5
46275.0,6850.0,520.1
46300.0,6850.0,518.9
46325.0,6850.0,517.6
46350.0,6850.0,516.5
46375.0,6850.0,515.5
46400.0,6850.0,514.6
46425.0,6850.0,514.0
46450.0,6850.0,513.5
46475.0,6850.0,513.2
46500.0,6850.0,513.1
43500.0,6875.0,526.9
43525.0,6875.0,526.5
43550.0,6875.0,526.1
43575.0,6875.0,525.7
43600.0,6875.0,525.5
43625.0,6875.0,525.3
43650.0,6875.0,525.3
43675.0,6875.0,525.4
43700.0,6875.0,525.5
43725.0,6875.0,525.8
43750.0,6875.0,526.1
43775.0,6875.0,526.4
43800.0,6875.0,526.7
43825.0,6875.0,526.9
43850.0,6875.0,527.1
43875.0,6875.0,527.1
43900.0,6875.0,527.1
43925.0,6875.0,526.9
43950.0,6875.0,526.5
43975.0,6875.0,526.1
44000.0,6875.0,525.4
44025.0,6875.0,524.7
44050.0,6875.0,523.9
44075.0,6875.0,523.1
44100.0,6875.0,522.2
44125.0,6875.0,521.4
44150.0,6875.0,520.5
44175.0,6875.0,519.8
44200.0,6875.0,519.1
44225.0,6875.0,518.5
44250.0,6875.0,518.1
44275.0,6875.0,517.7
44300.0,6875.0,517.5
44325.0,6875.0,517.5
44350.0,6875.0,517.5
44375.0,6875.0,517.7
44400.0,6875.0,517.9
44425.0,6875.0,518.3
44450.0,6875.0,518.8
44475.0,6875.0,519.3
44500.0,6875.0,519.9
44525.0,6875.0,520.5
44550.0,6875.0,521.1
44575.0,6875.0,521.6
44600.0,6875.0,522.1
44625.0,6875.0,522.5
44650.0,6875.0,522.9
44675.0,6875.0,523.0
44700.0,6875.0,523.1
44725.0,6875.0,523.0
44750.0,6875.0,522.8
44775.0,6875.0,522.5
44800.0,6875.0,522.2
44825.0,6875.0,521.8
44850.0,6875.0,521.3
44875.0,6875.0,521.0
44900.0,6875.0,520.7
44925.0,6875.0,520.5
44950.0,6875.0,520.4
44975.0,6875.0,520.4
45000.0,6875.0,520.5
45025.0,6875.0,520.8
45050.0,6875.0,521.1
45075.0,6875.0,521.5
45100.0,6875.0,521.9
45125.0,6875.0,522.2
45150.0,6875.0,522.4
45175.0,6875.0,522.5
45200.0,6875.0,522.5
45225.0,6875.0,522.2
45250.0,6875.0,521.8
45275.0,6875.0,521.2
45300.0,6875.0,520.4
45325.0,6875.0,519.5
45350.0,6875.0,518.5
45375.0,6875.0,517.5
45400.0,6875.0,516.6
45425.0,6875.0,515.7
45450.0,6875.0,514.9
45475.0,6875.0,514.4
45500.0,6875.0,514.0
45525.0,6875.0,513.8
45550.0,6875.0,513.9
45575.0,6875.0,514.1
45600.0,6875.0,514.6
45625.0,6875.0,515.2
45650.0,6875.0,515.9
45675.0,6875.0,516.8
45700.0,6875.0,517.7
45725.0,6875.0,518.7
45750.0,6875.0,519.7
45775.0,6875.0,520.7
45800.0,6875.0,521.6
45825.0,6875.0,522.6
45850.0,6875.0,523.4
45875.0,6875.0,524.3
45900.0,6875.0,525.0
45925.0,6875.0,525.7
45950.0,6875.0,526.3
45975.0,6875.0,526.7
46000.0,6875.0,527.0
46025.0,6875.0,527.2
46050.0,6875.0,527.2
46075.0,6875.0,527.0
46100.0,6875.0,526.6
46125.0,6875.0,526.0
46150.0,6875.0,525.3
46175.0,6875.0,524.4
46200.0,6875.0,523.4
46225.0,6875.0,522.2
46250.0,6875.0,521.0
46275.0,6875.0,519.7
46300.0,6875.0,518.5
46325.0,6875.0,517.3
46350.0,6875.0,516.2
46375.0,6875.0,515.3
46400.0,6875.0,514.5
46425.0,6875.0,513.8
46450.0,6875.0,513.3
46475.0,6875.0,513.1
46500.0,6875.0,513.0
43500.0,6900.0,527.4
43525.0,6900.0,527.0
43550.0,6900.0,526.6
43575.0,6900.0,526.3
43600.0,6900.0,526.2
43625.0,6900.0,526.1
43650.0,6900.0,526.1
43675.0,6900.0,526.2
43700.0,6900.0,526.5
43725.0,6900.0,526.7
43750.0,6900.0,527.1
43775.0,6900.0,527.4
43800.0,6900.0,527.7
43825.0,6900.0,527.9
43850.0,6900.0,528.1
43875.0,6900.0,528.1
43900.0,6900.0,528.0
43925.0,6900.0,527.7
43950.0,6900.0,527.3
43975.0,6900.0,526.7
44000.0,6900.0,526.1
44025.0,6900.0,525.3
44050.0,6900.0,524.4
44075.0,6900.0,523.5
44100.0,6900.0,522.6
44125.0,6900.0,521.6
44150.0,6900.0,520.7
44175.0,6900.0,519.9
44200.0,6900.0,519.2
44225.0,6900.0,518.6
44250.0,6900.0,518.1
44275.0,6900.0,517.8
44300.0,6900.0,517.6
44325.0,6900.0,517.5
44350.0,6900.0,517.6
44375.0,6900.0,517.9
44400.0,6900.0,518.2
44425.0,6900.0,518.7
44450.0,6900.0,519.3
44475.0,6900.0,519.9
44500.0,6900.0,520.6
44525.0,6900.0,521.3
44550.0,6900.0,522.0
44575.0,6900.0,522.7
44600.0,6900.0,523.3
44625.0,6900.0,523.8
44650.0,6900.0,524.1
44675.0,6900.0,524.3
44700.0,6900.0,524.4
44725.0,6900.0,524.3
44750.0,6900.0,524.0
44775.0,6900.0,523.7
44800.0,6900.0,523.2
44825.0,6900.0,522.8
44850.0,6900.0,522.3
44875.0,6900.0,521.8
44900.0,6900.0,521.4
44925.0,6900.0,521.1
44950.0,6900.0,520.9
44975.0,6900.0,520.9
45000.0,6900.0,520.9
45025.0,6900.0,521.1
45050.0,6900.0,521.3
45075.0,6900.0,521.5
45100.0,6900.0,521.7
45125.0,6900.0,521.9
45150.0,6900.0,521.9
45175.0,6900.0,521.8
45200.0,6900.0,521.5
45225.0,6900.0,521.1
45250.0,6900.0,520.5
45275.0,6900.0,519.7
45300.0,6900.0,518.8
45325.0,6900.0,517.8
45350.0,6900.0,516.8
45375.0,6900.0,515.8
45400.0,6900.0,514.8
45425.0,6900.0,514.0
45450.0,6900.0,513.3
45475.0,6900.0,512.8
45500.0,6900.0,512.5
45525.0,6900.0,512.4
45550.0,6900.0,512.6
45575.0,6900.0,512.9
45600.0,6900.0,513.4
45625.0,6900.0,514.1
45650.0,6900.0,514.9
45675.0,6900.0,515.8
45700.0,6900.0,516.7
45725.0,6900.0,517.7
45750.0,6900.0,518.6
45775.0,6900.0,519.6
45800.0,6900.0,520.5
45825.0,6900.0,521.4
45850.0,6900.0,522.3
45875.0,6900.0,523.1
45900.0,6900.0,523.9
45925.0,6900.0,524.5
45950.0,6900.0,525.1
45975.0,6900.0,525.6
46000.0,6900.0,526.0
46025.0,6900.0,526.2
46050.0,6900.0,526.2
46075.0,6900.0,526.1
46100.0,6900.0,525.8
46125.0,6900.0,525.3
46150.0,6900.0,524.6
46175.0,6900.0,523.8
46200.0,6900.0,522.8
46225.0,6900.0,521.8
46250.0,6900.0,520.6
46275.0,6900.0,519.4
46300.0,6900.0,518.2
46325.0,6900.0,517.1
46350.0,6900.0,516.0
46375.0,6900.0,515.1
46400.0,6900.0,514.3
46425.0,6900.0,513.7
46450.0,6900.0,513.2
46475.0,6900.0,513.0
46500.0,6900.0,512.9
43500.0,6925.0,527.9
43525.0,6925.0,527.5
43550.0,6925.0,527.2
43575.0,6925.0,527.0
43600.0,6925.0,526.9
43625.0,6925.0,526.9
43650.0,6925.0,527.0
43675.0,6925.0,527.2
43700.0,6925.0,527.5
43725.0,6925.0,527.8
43750.0,6925.0,528.1
43775.0,6925.0,528.5
43800.0,6925.0,528.8
43825.0,6925.0,529.0
43850.0,6925.0,529.1
43875.0,6925.0,529.1
43900.0,6925.0,528.9
43925.0,6925.0,528.6
43950.0,6925.0,528.1
43975.0,6925.0,527.5
44000.0,6925.0,526.8
44025.0,6925.0,525.9
44050.0,6925.0,525.0
44075.0,6925.0,524.0
44100.0,6925.0,523.0
44125.0,6925.0,522.0
44150.0,6925.0,521.1
44175.0,6925.0,520.2
44200.0,6925.0,519.4
44225.0,6925.0,518.8
44250.0,6925.0,518.3
44275.0,6925.0,518.0
44300.0,6925.0,517.8
44325.0,6925.0,517.8
44350.0,6925.0,518.0
44375.0,6925.0,518.3
44400.0,6925.0,518.8
44425.0,6925.0,519.4
44450.0,6925.0,520.1
44475.0,6925.0,520.8
44500.0,6925.0,521.6
44525.0,6925.0,522.5
44550.0,6925.0,523.3
44575.0,6925.0,524.0
44600.0,6925.0,524.6
44625.0,6925.0,525.2
44650.0,6925.0,525.5
44675.0,6925.0,525.7
44700.0,6925.0,525.7
44725.0,6925.0,525.6
44750.0,6925.0,525.3
44775.0,6925.0,524.9
44800.0,6925.0,524.3
44825.0,6925.0,523.8
44850.0,6925.0,523.2
44875.0,6925.0,522.7
44900.0,6925.0,522.2
44925.0,6925.0,521.8
44950.0,6925.0,521.5
44975.0,6925.0,521.3
45000.0,6925.0,521.3
45025.0,6925.0,521.3
45050.0,6925.0,521.3
45075.0,6925.0,521.4
45100.0,6925.0,521.4
45125.0,6925.0,521.4
45150.0,6925.0,521.2
45175.0,6925.0,520.9
45200.0,6925.0,520.5
45225.0,6925.0,519.9
45250.0,6925.0,519.1
45275.0,6925.0,518.2
45300.0,6925.0,517.2
45325.0,6925.0,516.1
45350.0,6925.0,515.0
45375.0,6925.0,514.0
45400.0,6925.0,513.1
45425.0,6925.0,512.3
45450.0,6925.0,511.7
45475.0,6925.0,511.3
45500.0,6925.0,511.2
45525.0,6925.0,511.2
45550.0,6925.0,511.4
45575.0,6925.0,511.8
45600.0,6925.0,512.4
45625.0,6925.0,513.1
45650.0,6925.0,513.9
45675.0,6925.0,514.8
45700.0,6925.0,515.7
45725.0,6925.0,516.9
45750.0,6925.0,518.3
45775.0,6925.0,519.7
45800.0,6925.0,520.9
45825.0,6925.0,521.9
45850.0,6925.0,522.7
45875.0,6925.0,523.2
45900.0,6925.0,523.6
45925.0,6925.0,523.9
45950.0,6925.0,524.2
45975.0,6925.0,524.5
46000.0,6925.0,525.0
46025.0,6925.0,525.2
46050.0,6925.0,525.4
46075.0,6925.0,525.3
46100.0,6925.0,525.1
46125.0,6925.0,524.7
46150.0,6925.0,524.1
46175.0,6925.0,523.3
46200.0,6925.0,522.4
46225.0,6925.0,521.3
46250.0,6925.0,520.2
46275.0,6925.0,519.1
46300.0,6925.0,517.9
46325.0,6925.0,516.8
46350.0,6925.0,515.8
46375.0,6925.0,514.9
46400.0,6925.0,514.2
46425.0,6925.0,513.6
46450.0,6925.0,513.2
46475.0,6925.0,512.9
46500.0,6925.0,512.9
43500.0,6950.0,528.4
43525.0,6950.0,528.1
43550.0,6950.0,527.9
43575.0,6950.0,527.7
43600.0,6950.0,527.7
43625.0,6950.0,527.8
43650.0,6950.0,527.9
43675.0,6950.0,528.2
43700.0,6950.0,528.5
43725.0,6950.0,528.9
43750.0,6950.0,529.3
43775.0,6950.0,529.6
43800.0,6950.0,529.9
43825.0,6950.0,530.1
43850.0,6950.0,530.2
43875.0,6950.0,530.2
43900.0,6950.0,530.0
43925.0,6950.0,529.6
43950.0,6950.0,529.0
43975.0,6950.0,528.3
44000.0,6950.0,527.5
44025.0,6950.0,526.6
44050.0,6950.0,525.6
44075.0,6950.0,524.5
44100.0,6950.0,523.4
44125.0,6950.0,522.4
44150.0,6950.0,521.4
44175.0,6950.0,520.6
44200.0,6950.0,519.8
44225.0,6950.0,519.2
44250.0,6950.0,518.7
44275.0,6950.0,518.4
44300.0,6950.0,518.3
44325.0,6950.0,518.4
44350.0,6950.0,518.6
44375.0,6950.0,519.0
44400.0,6950.0,519.6
44425.0,6950.0,520.3
44450.0,6950.0,521.1
44475.0,6950.0,522.0
44500.0,6950.0,522.9
44525.0,6950.0,523.8
44550.0,6950.0,524.7
44575.0,6950.0,525.5
44600.0,6950.0,526.2
44625.0,6950.0,526.7
44650.0,6950.0,527.0
44675.0,6950.0,527.2
44700.0,6950.0,527.1
44725.0,6950.0,526.9
44750.0,6950.0,526.5
44775.0,6950.0,526.0
44800.0,6950.0,525.4
44825.0,6950.0,524.8
44850.0,6950.0,524.1
44875.0,6950.0,523.5
44900.0,6950.0,522.9
44925.0,6950.0,522.4
44950.0,6950.0,522.0
44975.0,6950.0,521.7
45000.0,6950.0,521.5
45025.0,6950.0,521.4
45050.0,6950.0,521.3
45075.0,6950.0,521.2
45100.0,6950.0,521.0
45125.0,6950.0,520.8
45150.0,6950.0,520.4
45175.0,6950.0,520.0
45200.0,6950.0,519.3
45225.0,6950.0,518.5
45250.0,6950.0,517.6
45275.0,6950.0,516.6
45300.0,6950.0,515.5
45325.0,6950.0,514.4
45350.0,6950.0,513.3
45375.0,6950.0,512.3
45400.0,6950.0,511.5
45425.0,6950.0,510.8
45450.0,6950.0,510.3
45475.0,6950.0,510.0
45500.0,6950.0,509.9
45525.0,6950.0,510.1
45550.0,6950.0,510.4
45575.0,6950.0,510.9
45600.0,6950.0,511.5
45625.0,6950.0,512.2
45650.0,6950.0,513.3
45675.0,6950.0,515.2
45700.0,6950.0,517.5
45725.0,6950.0,520.0
45750.0,6950.0,522.3
45775.0,6950.0,524.3
45800.0,6950.0,525.8
45825.0,6950.0,526.8
45850.0,6950.0,527.3
45875.0,6950.0,527.5
45900.0,6950.0,527.3
45925.0,6950.0,526.8
45950.0,6950.0,526.3
45975.0,6950.0,525.7
46000.0,6950.0,525.2
46025.0,6950.0,524.8
46050.0,6950.0,524.6
46075.0,6950.0,524.6
46100.0,6950.0,524.4
46125.0,6950.0,524.1
46150.0,6950.0,523.5
46175.0,6950.0,522.8
46200.0,6950.0,521.9
46225.0,6950.0,521.0
46250.0,6950.0,519.9
46275.0,6950.0,518.8
46300.0,6950.0,517.7
46325.0,6950.0,516.6
46350.0,6950.0,515.6
46375.0,6950.0,514.8
46400.0,6950.0,514.1
46425.0,6950.0,513.5
46450.0,6950.0,513.2
46475.0,6950.0,513.0
46500.0,6950.0,513.0
43500.0,6975.0,529.0
43525.0,6975.0,528.7
43550.0,6975.0,528.6
43575.0,6975.0,528.5
43600.0,6975.0,528.5
43625.0,6975.0,528.7
43650.0,6975.0,528.9
43675.0,6975.0,529.2
43700.0,6975.0,529.6
43725.0,6975.0,530.0
43750.0,6975.0,530.5
43775.0,6975.0,530.8
43800.0,6975.0,531.1
43825.0,6975.0,531.3
43850.0,6975.0,531.4
43875.0,6975.0,531.3
43900.0,6975.0,531.0
43925.0,6975.0,530.5
43950.0,6975.0,529.9
43975.0,6975.0,529.2
44000.0,6975.0,528.2
44025.0,6975.0,527.2
44050.0,6975.0,526.2
44075.0,6975.0,525.0
44100.0,6975.0,523.9
44125.0,6975.0,522.9
44150.0,6975.0,521.9
44175.0,6975.0,521.0
44200.0,6975.0,520.2
44225.0,6975.0,519.6
44250.0,6975.0,519.2
44275.0,6975.0,519.0
44300.0,6975.0,518.9
44325.0,6975.0,519.1
44350.0,6975.0,519.4
44375.0,6975.0,520.0
44400.0,6975.0,520.7
44425.0,6975.0,521.5
44450.0,6975.0,522.4
44475.0,6975.0,523.4
44500.0,6975.0,524.4
44525.0,6975.0,525.4
44550.0,6975.0,526.3
44575.0,6975.0,527.1
44600.0,6975.0,527.8
44625.0,6975.0,528.3
44650.0,6975.0,528.6
44675.0,6975.0,528.7
44700.0,6975.0,528.6
44725.0,6975.0,528.2
44750.0,6975.0,527.8
44775.0,6975.0,527.2
44800.0,6975.0,526.5
44825.0,6975.0,525.7
44850.0,6975.0,524.9
44875.0,6975.0,524.2
44900.0,6975.0,523.5
44925.0,6975.0,522.9
44950.0,6975.0,522.4
44975.0,6975.0,522.0
45000.0,6975.0,521.7
45025.0,6975.0,521.4
45050.0,6975.0,521.2
45075.0,6975.0,520.9
45100.0,6975.0,520.5
45125.0,6975.0,520.1
45150.0,6975.0,519.6
45175.0,6975.0,518.9
45200.0,6975.0,518.1
45225.0,6975.0,517.1
45250.0,6975.0,516.1
45275.0,6975.0,515.0
45300.0,6975.0,513.9
45325.0,6975.0,512.8
45350.0,6975.0,511.7
45375.0,6975.0,510.8
45400.0,6975.0,510.0
45425.0,6975.0,509.4
45450.0,6975.0,509.1
45475.0,6975.0,508.9
45500.0,6975.0,508.9
45525.0,6975.0,509.1
45550.0,6975.0,509.5
45575.0,6975.0,510.1
45600.0,6975.0,511.2
45625.0,6975.0,513.8
45650.0,6975.0,517.1
45675.0,6975.0,520.9
45700.0,6975.0,524.6
45725.0,6975.0,528.1
45750.0,6975.0,531.0
45775.0,6975.0,533.3
45800.0,6975.0,534.9
45825.0,6975.0,535.8
45850.0,6975.0,536.1
45875.0,6975.0,535.8
45900.0,6975.0,535.0
45925.0,6975.0,533.8
45950.0,6975.0,532.4
45975.0,6975.0,530.8
46000.0,6975.0,529.1
46025.0,6975.0,527.5
46050.0,6975.0,526.0
46075.0,6975.0,524.8
46100.0,6975.0,523.9
46125.0,6975.0,523.5
46150.0,6975.0,523.0
46175.0,6975.0,522.3
46200.0,6975.0,521.5
46225.0,6975.0,520.6
46250.0,6975.0,519.5
46275.0,6975.0,518.5
46300.0,6975.0,517.4
46325.0,6975.0,516.4
46350.0,6975.0,515.5
46375.0,6975.0,514.7
46400.0,6975.0,514.0
46425.0,6975.0,513.5
46450.0,6975.0,513.2
46475.0,6975.0,513.1
46500.0,6975.0,513.1
43500.0,7000.0,529.6
43525.0,7000.0,529.4
43550.0,7000.0,529.3
43575.0,7000.0,529.3
43600.0,7000.0,529.4
43625.0,7000.0,529.6
43650.0,7000.0,529.9
43675.0,7000.0,530.3
43700.0,7000.0,530.8
43725.0,7000.0,531.2
43750.0,7000.0,531.7
43775.0,7000.0,532.1
43800.0,7000.0,532.3
43825.0,7000.0,532.5
43850.0,7000.0,532.5
43875.0,7000.0,532.3
43900.0,7000.0,532.0
43925.0,7000.0,531.5
43950.0,7000.0,530.8
43975.0,7000.0,529.9
44000.0,7000.0,528.9
44025.0,7000.0,527.8
44050.0,7000.0,526.7
44075.0,7000.0,525.5
44100.0,7000.0,524.4
44125.0,7000.0,523.3
44150.0,7000.0,522.3
44175.0,7000.0,521.4
44200.0,7000.0,520.7
44225.0,7000.0,520.2
44250.0,7000.0,519.8
44275.0,7000.0,519.7
44300.0,7000.0,519.7
44325.0,7000.0,520.0
44350.0,7000.0,520.5
44375.0,7000.0,521.1
44400.0,7000.0,521.9
44425.0,7000.0,522.8
44450.0,7000.0,523.9
44475.0,7000.0,524.9
44500.0,7000.0,526.0
44525.0,7000.0,527.0
44550.0,7000.0,528.0
44575.0,7000.0,528.8
44600.0,7000.0,529.4
44625.0,7000.0,529.9
44650.0,7000.0,530.1
44675.0,7000.0,530.1
44700.0,7000.0,529.9
44725.0,7000.0,529.5
44750.0,7000.0,528.9
44775.0,7000.0,528.2
44800.0,7000.0,527.4
44825.0,7000.0,526.6
44850.0,7000.0,525.7
44875.0,7000.0,524.9
44900.0,7000.0,524.1
44925.0,7000.0,523.4
44950.0,7000.0,522.8
44975.0,7000.0,522.3
45000.0,7000.0,521.8
45025.0,7000.0,521.4
45050.0,7000.0,520.9
45075.0,7000.0,520.5
45100.0,7000.0,519.9
45125.0,7000.0,519.3
45150.0,7000.0,518.6
45175.0,7000.0,517.8
45200.0,7000.0,516.8
45225.0,7000.0,515.7
45250.0,7000.0,514.6
45275.0,7000.0,513.5
45300.0,7000.0,512.3
45325.0,7000.0,511.2
45350.0,7000.0,510.2
45375.0,7000.0,509.4
45400.0,7000.0,508.7
45425.0,7000.0,508.3
45450.0,7000.0,508.0
45475.0,7000.0,507.9
45500.0,7000.0,508.1
45525.0,7000.0,508.4
45550.0,7000.0,509.6
45575.0,7000.0,512.5
45600.0,7000.0,516.6
45625.0,7000.0,521.5
45650.0,7000.0,526.7
45675.0,7000.0,531.8
45700.0,7000.0,536.5
45725.0,7000.0,540.6
45750.0,7000.0,543.9
45775.0,7000.0,546.3
45800.0,7000.0,547.9
45825.0,7000.0,548.6
45850.0,7000.0,548.5
45875.0,7000.0,547.7
45900.0,7000.0,546.3
45925.0,7000.0,544.4
45950.0,7000.0,542.1
45975.0,7000.0,539.5
46000.0,7000.0,536.7
46025.0,7000.0,533.8
46050.0,7000.0,530.9
46075.0,7000.0,528.2
46100.0,7000.0,525.8
46125.0,7000.0,523.9
46150.0,7000.0,522.5
46175.0,7000.0,521.8
46200.0,7000.0,521.1
46225.0,7000.0,520.2
46250.0,7000.0,519.2
46275.0,7000.0,518.2
46300.0,7000.0,517.2
46325.0,7000.0,516.2
46350.0,7000.0,515.3
46375.0,7000.0,514.6
46400.0,7000.0,514.0
46425.0,7000.0,513.6
46450.0,7000.0,513.3
46475.0,7000.0,513.3
46500.0,7000.0,513.4
43500.0,7025.0,530.2
43525.0,7025.0,530.0
43550.0,7025.0,530.0
43575.0,7025.0,530.1
43600.0,7025.0,530.3
43625.0,7025.0,530.6
43650.0,7025.0,531.0
43675.0,7025.0,531.4
43700.0,7025.0,531.9
43725.0,7025.0,532.4
43750.0,7025.0,532.9
43775.0,7025.0,533.3
43800.0,7025.0,533.5
43825.0,7025.0,533.6
43850.0,7025.0,533.6
43875.0,7025.0,533.4
43900.0,7025.0,532.9
43925.0,7025.0,532.3
43950.0,7025.0,531.5
43975.0,7025.0,530.6
44000.0,7025.0,529.5
44025.0,7025.0,528.4
44050.0,7025.0,527.2
44075.0,7025.0,526.0
44100.0,7025.0,524.8
44125.0,7025.0,523.7
44150.0,7025.0,522.7
44175.0,7025.0,521.9
44200.0,7025.0,521.3
44225.0,7025.0,520.8
44250.0,7025.0,520.5
44275.0,7025.0,520.5
44300.0,7025.0,520.7
44325.0,7025.0,521.1
44350.0,7025.0,521.6
44375.0,7025.0,522.4
44400.0,7025.0,523.3
44425.0,7025.0,524.3
44450.0,7025.0,525.5
44475.0,7025.0,526.6
44500.0,7025.0,527.7
44525.0,7025.0,528.8
44550.0,7025.0,529.7
44575.0,7025.0,530.5
44600.0,7025.0,531.1
44625.0,7025.0,531.4
44650.0,7025.0,531.6
44675.0,7025.0,531.5
44700.0,7025.0,531.2
44725.0,7025.0,530.7
44750.0,7025.0,530.0
44775.0,7025.0,529.2
44800.0,7025.0,528.3
44825.0,7025.0,527.3
44850.0,7025.0,526.4
44875.0,7025.0,525.5
44900.0,7025.0,524.6
44925.0,7025.0,523.8
44950.0,7025.0,523.1
44975.0,7025.0,522.4
45000.0,7025.0,521.8
45025.0,7025.0,521.2
45050.0,7025.0,520.6
45075.0,7025.0,520.0
45100.0,7025.0,519.3
45125.0,7025.0,518.5
45150.0,7025.0,517.6
45175.0,7025.0,516.6
45200.0,7025.0,515.5
45225.0,7025.0,514.4
45250.0,7025.0,513.2
45275.0,7025.0,512.0
45300.0,7025.0,510.9
45325.0,7025.0,509.9
45350.0,7025.0,509.0
45375.0,7025.0,508.2
45400.0,7025.0,507.6
45425.0,7025.0,507.3
45450.0,7025.0,507.1
45475.0,7025.0,507.2
45500.0,7025.0,508.5
45525.0,7025.0,511.6
45550.0,7025.0,516.2
45575.0,7025.0,522.0
45600.0,7025.0,528.3
45625.0,7025.0,534.9
45650.0,7025.0,541.3
45675.0,7025.0,547.2
45700.0,7025.0,552.4
45725.0,7025.0,556.8
45750.0,7025.0,560.1
45775.0,7025.0,562.5
45800.0,7025.0,563.8
45825.0,7025.0,564.2
45850.0,7025.0,563.7
45875.0,7025.0,562.5
45900.0,7025.0,560.5
45925.0,7025.0,557.9
45950.0,7025.0,554.7
45975.0,7025.0,551.1
46000.0,7025.0,547.2
46025.0,7025.0,543.0
46050.0,7025.0,538.8
46075.0,7025.0,534.5
46100.0,7025.0,530.5
46125.0,7025.0,526.9
46150.0,7025.0,523.8
46175.0,7025.0,521.7
46200.0,7025.0,520.6
46225.0,7025.0,519.7
46250.0,7025.0,518.8
46275.0,7025.0,517.8
46300.0,7025.0,516.9
46325.0,7025.0,516.0
46350.0,7025.0,515.2
46375.0,7025.0,514.6
46400.0,7025.0,514.1
46425.0,7025.0,513.7
46450.0,7025.0,513.6
46475.0,7025.0,513.6
46500.0,7025.0,513.8
43500.0,7050.0,530.8
43525.0,7050.0,530.7
43550.0,7050.0,530.8
43575.0,7050.0,530.9
43600.0,7050.0,531.2
43625.0,7050.0,531.6
43650.0,7050.0,532.0
43675.0,7050.0,532.6
43700.0,7050.0,533.1
43725.0,7050.0,533.6
43750.0,7050.0,534.0
43775.0,7050.0,534.4
43800.0,7050.0,534.6
43825.0,7050.0,534.7
43850.0,7050.0,534.6
43875.0,7050.0,534.2
43900.0,7050.0,533.7
43925.0,7050.0,533.0
43950.0,7050.0,532.1
43975.0,7050.0,531.1
44000.0,7050.0,529.9
44025.0,7050.0,528.7
44050.0,7050.0,527.5
44075.0,7050.0,526.3
44100.0,7050.0,525.1
44125.0,7050.0,524.1
44150.0,7050.0,523.2
44175.0,7050.0,522.4
44200.0,7050.0,521.8
44225.0,7050.0,521.5
44250.0,7050.0,521.3
44275.0,7050.0,521.4
44300.0,7050.0,521.7
44325.0,7050.0,522.2
44350.0,7050.0,522.9
44375.0,7050.0,523.8
44400.0,7050.0,524.8
44425.0,7050.0,525.9
44450.0,7050.0,527.1
44475.0,7050.0,528.3
44500.0,7050.0,529.4
44525.0,7050.0,530.4
44550.0,7050.0,531.3
44575.0,7050.0,532.1
44600.0,7050.0,532.6
44625.0,7050.0,532.9
44650.0,7050.0,532.9
44675.0,7050.0,532.7
44700.0,7050.0,532.3
44725.0,7050.0,531.7
44750.0,7050.0,531.0
44775.0,7050.0,530.1
44800.0,7050.0,529.1
44825.0,7050.0,528.0
44850.0,7050.0,527.0
44875.0,7050.0,526.0
44900.0,7050.0,525.0
44925.0,7050.0,524.1
44950.0,7050.0,523.3
44975.0,7050.0,522.5
45000.0,7050.0,521.8
45025.0,7050.0,521.0
45050.0,7050.0,520.2
45075.0,7050.0,519.4
45100.0,7050.0,518.5
45125.0,7050.0,517.6
45150.0,7050.0,516.6
45175.0,7050.0,515.4
45200.0,7050.0,514.3
45225.0,7050.0,513.1
45250.0,7050.0,511.9
45275.0,7050.0,510.7
45300.0,7050.0,509.6
45325.0,7050.0,508.7
45350.0,7050.0,507.9
45375.0,7050.0,507.2
45400.0,7050.0,506.8
45425.0,7050.0,506.7
45450.0,7050.0,508.2
45475.0,7050.0,511.5
45500.0,7050.0,516.4
45525.0,7050.0,522.6
45550.0,7050.0,529.8
45575.0,7050.0,537.5
45600.0,7050.0,545.3
45625.0,7050.0,552.8
45650.0,7050.0,559.8
45675.0,7050.0,566.0
45700.0,7050.0,571.3
45725.0,7050.0,575.5
45750.0,7050.0,578.7
45775.0,7050.0,580.8
45800.0,7050.0,581.8
45825.0,7050.0,581.8
45850.0,7050.0,581.0
45875.0,7050.0,579.2
45900.0,7050.0,576.7
45925.0,7050.0,573.4
45950.0,7050.0,569.5
45975.0,7050.0,565.0
46000.0,7050.0,560.0
46025.0,7050.0,554.7
46050.0,7050.0,549.0
46075.0,7050.0,543.3
46100.0,7050.0,537.6
46125.0,7050.0,532.2
46150.0,7050.0,527.4
46175.0,7050.0,523.4
46200.0,7050.0,520.6
46225.0,7050.0,519.3
46250.0,7050.0,518.4
46275.0,7050.0,517.5
46300.0,7050.0,516.7
46325.0,7050.0,515.9
46350.0,7050.0,515.2
46375.0,7050.0,514.6
46400.0,7050.0,514.2
46425.0,7050.0,514.0
46450.0,7050.0,513.9
46475.0,7050.0,514.0
46500.0,7050.0,514.3
43500.0,7075.0,531.4
43525.0,7075.0,531.4
43550.0,7075.0,531.6
43575.0,7075.0,531.8
43600.0,7075.0,532.1
43625.0,7075.0,532.6
43650.0,7075.0,533.1
43675.0,7075.0,533.6
43700.0,7075.0,534.2
43725.0,7075.0,534.7
43750.0,7075.0,535.1
43775.0,7075.0,535.4
43800.0,7075.0,535.6
43825.0,7075.0,535.6
43850.0,7075.0,535.4
43875.0,7075.0,534.9
43900.0,7075.0,534.3
43925.0,7075.0,533.5
43950.0,7075.0,532.5
43975.0,7075.0,531.4
44000.0,7075.0,530.2
44025.0,7075.0,528.9
44050.0,7075.0,527.7
44075.0,7075.0,526.5
44100.0,7075.0,525.4
44125.0,7075.0,524.4
44150.0,7075.0,523.5
44175.0,7075.0,522.9
44200.0,7075.0,522.4
44225.0,7075.0,522.2
44250.0,7075.0,522.2
44275.0,7075.0,522.4
44300.0,7075.0,522.8
44325.0,7075.0,523.4
44350.0,7075.0,524.3
44375.0,7075.0,525.2
44400.0,7075.0,526.3
44425.0,7075.0,527.5
44450.0,7075.0,528.7
44475.0,7075.0,529.9
44500.0,7075.0,531.0
44525.0,7075.0,532.0
44550.0,7075.0,532.9
44575.0,7075.0,533.5
44600.0,7075.0,534.0
44625.0,7075.0,534.2
44650.0,7075.0,534.1
44675.0,7075.0,533.9
44700.0,7075.0,533.4
44725.0,7075.0,532.7
44750.0,7075.0,531.8
44775.0,7075.0,530.8
44800.0,7075.0,529.8
44825.0,7075.0,528.7
44850.0,7075.0,527.5
44875.0,7075.0,526.5
44900.0,7075.0,525.4
44925.0,7075.0,524.4
44950.0,7075.0,523.4
44975.0,7075.0,522.5
45000.0,7075.0,521.6
45025.0,7075.0,520.7
45050.0,7075.0,519.8
45075.0,7075.0,518.8
45100.0,7075.0,517.8
45125.0,7075.0,516.7
45150.0,7075.0,515.5
45175.0,7075.0,514.3
45200.0,7075.0,513.1
45225.0,7075.0,511.9
45250.0,7075.0,510.7
45275.0,7075.0,509.6
45300.0,7075.0,508.6
45325.0,7075.0,507.7
45350.0,7075.0,507.0
45375.0,7075.0,507.3
45400.0,7075.0,509.2
45425.0,7075.0,512.7
45450.0,7075.0,517.7
45475.0,7075.0,524.2
45500.0,7075.0,531.7
45525.0,7075.0,540.1
45550.0,7075.0,548.8
45575.0,7075.0,557.6
45600.0,7075.0,566.0
45625.0,7075.0,573.9
45650.0,7075.0,580.9
45675.0,7075.0,586.9
45700.0,7075.0,591.8
45725.0,7075.0,595.7
45750.0,7075.0,598.4
45775.0,7075.0,600.1
45800.0,7075.0,600.7
45825.0,7075.0,600.3
45850.0,7075.0,599.1
45875.0,7075.0,596.9
45900.0,7075.0,593.9
45925.0,7075.0,590.1
45950.0,7075.0,585.5
45975.0,7075.0,580.2
46000.0,7075.0,574.3
46025.0,7075.0,567.8
46050.0,7075.0,561.0
46075.0,7075.0,553.8
46100.0,7075.0,546.6
46125.0,7075.0,539.5
46150.0,7075.0,532.8
46175.0,7075.0,527.0
46200.0,7075.0,522.3
46225.0,7075.0,519.2
46250.0,7075.0,518.0
46275.0,7075.0,517.2
46300.0,7075.0,516.5
46325.0,7075.0,515.8
46350.0,7075.0,515.3
46375.0,7075.0,514.8
46400.0,7075.0,514.5
46425.0,7075.0,514.4
46450.0,7075.0,514.4
46475.0,7075.0,514.6
46500.0,7075.0,514.9
43500.0,7100.0,532.0
43525.0,7100.0,532.1
43550.0,7100.0,532.3
43575.0,7100.0,532.6
43600.0,7100.0,533.1
43625.0,7100.0,533.6
43650.0,7100.0,534.1
43675.0,7100.0,534.7
43700.0,7100.0,535.2
43725.0,7100.0,535.7
43750.0,7100.0,536.1
43775.0,7100.0,536.3
43800.0,7100.0,536.4
43825.0,7100.0,536.3
43850.0,7100.0,535.9
43875.0,7100.0,535.4
43900.0,7100.0,534.6
43925.0,7100.0,533.7
43950.0,7100.0,532.6
43975.0,7100.0,531.5
44000.0,7100.0,530.2
44025.0,7100.0,529.0
44050.0,7100.0,527.7
44075.0,7100.0,526.5
44100.0,7100.0,525.5
44125.0,7100.0,524.6
44150.0,7100.0,523.8
44175.0,7100.0,523.3
44200.0,7100.0,523.0
44225.0,7100.0,522.9
44250.0,7100.0,523.0
44275.0,7100.0,523.4
44300.0,7100.0,523.9
44325.0,7100.0,524.7
44350.0,7100.0,525.6
44375.0,7100.0,526.7
44400.0,7100.0,527.8
44425.0,7100.0,529.0
44450.0,7100.0,530.3
44475.0,7100.0,531.4
44500.0,7100.0,532.5
44525.0,7100.0,533.5
44550.0,7100.0,534.3
44575.0,7100.0,534.9
44600.0,7100.0,535.2
44625.0,7100.0,535.3
44650.0,7100.0,535.2
44675.0,7100.0,534.8
44700.0,7100.0,534.2
44725.0,7100.0,533.5
44750.0,7100.0,532.5
44775.0,7100.0,531.5
44800.0,7100.0,530.3
44825.0,7100.0,529.2
44850.0,7100.0,528.0
44875.0,7100.0,526.8
44900.0,7100.0,525.7
44925.0,7100.0,524.6
44950.0,7100.0,523.5
44975.0,7100.0,522.5
45000.0,7100.0,521.4
45025.0,7100.0,520.4
45050.0,7100.0,519.3
45075.0,7100.0,518.2
45100.0,7100.0,517.0
45125.0,7100.0,515.8
45150.0,7100.0,514.6
45175.0,7100.0,513.3
45200.0,7100.0,512.1
45225.0,7100.0,510.8
45250.0,7100.0,509.7
45275.0,7100.0,508.7
45300.0,7100.0,508.6
45325.0,7100.0,509.7
45350.0,7100.0,512.0
45375.0,7100.0,515.8
45400.0,7100.0,520.9
45425.0,7100.0,527.4
45450.0,7100.0,535.0
45475.0,7100.0,543.6
45500.0,7100.0,552.8
45525.0,7100.0,562.3
45550.0,7100.0,571.7
45575.0,7100.0,580.7
45600.0,7100.0,589.0
45625.0,7100.0,596.5
45650.0,7100.0,603.0
45675.0,7100.0,608.4
45700.0,7100.0,612.6
45725.0,7100.0,615.9
45750.0,7100.0,618.0
45775.0,7100.0,619.2
45800.0,7100.0,619.4
45825.0,7100.0,618.6
45850.0,7100.0,617.0
45875.0,7100.0,614.5
45900.0,7100.0,611.1
45925.0,7100.0,606.8
45950.0,7100.0,601.8
45975.0,7100.0,595.8
46000.0,7100.0,589.2
46025.0,7100.0,581.8
46050.0,7100.0,573.8
46075.0,7100.0,565.3
46100.0,7100.0,556.7
46125.0,7100.0,548.0
46150.0,7100.0,539.6
46175.0,7100.0,532.0
46200.0,7100.0,525.5
46225.0,7100.0,520.6
46250.0,7100.0,517.8
46275.0,7100.0,517.0
46300.0,7100.0,516.4
46325.0,7100.0,515.9
46350.0,7100.0,515.4
46375.0,7100.0,515.1
46400.0,7100.0,514.9
46425.0,7100.0,514.9
46450.0,7100.0,515.0
46475.0,7100.0,515.3
46500.0,7100.0,515.6
43500.0,7125.0,532.7
43525.0,7125.0,532.8
43550.0,7125.0,533.1
43575.0,7125.0,533.5
43600.0,7125.0,533.9
43625.0,7125.0,534.5
43650.0,7125.0,535.1
43675.0,7125.0,535.6
43700.0,7125.0,536.2
43725.0,7125.0,536.6
43750.0,7125.0,536.9
43775.0,7125.0,537.0
43800.0,7125.0,537.0
43825.0,7125.0,536.7
43850.0,7125.0,536.3
43875.0,7125.0,535.6
43900.0,7125.0,534.7
43925.0,7125.0,533.7
43950.0,7125.0,532.5
43975.0,7125.0,531.3
44000.0,7125.0,530.0
44025.0,7125.0,528.8
44050.0,7125.0,527.6
44075.0,7125.0,526.5
44100.0,7125.0,525.5
44125.0,7125.0,524.7
44150.0,7125.0,524.1
44175.0,7125.0,523.7
44200.0,7125.0,523.5
44225.0,7125.0,523.6
44250.0,7125.0,523.9
44275.0,7125.0,524.3
44300.0,7125.0,525.0
44325.0,7125.0,525.9
44350.0,7125.0,526.9
44375.0,7125.0,528.0
44400.0,7125.0,529.2
44425.0,7125.0,530.5
44450.0,7125.0,531.7
44475.0,7125.0,532.8
44500.0,7125.0,533.9
44525.0,7125.0,534.8
44550.0,7125.0,535.5
44575.0,7125.0,536.0
44600.0,7125.0,536.3
44625.0,7125.0,536.3
44650.0,7125.0,536.1
44675.0,7125.0,535.6
44700.0,7125.0,535.0
44725.0,7125.0,534.1
44750.0,7125.0,533.1
44775.0,7125.0,532.0
44800.0,7125.0,530.8
44825.0,7125.0,529.6
44850.0,7125.0,528.4
44875.0,7125.0,527.1
44900.0,7125.0,525.9
44925.0,7125.0,524.7
44950.0,7125.0,523.5
44975.0,7125.0,522.3
45000.0,7125.0,521.2
45025.0,7125.0,520.0
45050.0,7125.0,518.8
45075.0,7125.0,517.6
45100.0,7125.0,516.3
45125.0,7125.0,515.0
45150.0,7125.0,513.7
45175.0,7125.0,512.5
45200.0,7125.0,511.9
45225.0,7125.0,511.9
45250.0,7125.0,512.8
45275.0,7125.0,514.6
45300.0,7125.0,517.4
45325.0,7125.0,521.4
45350.0,7125.0,526.6
45375.0,7125.0,532.9
45400.0,7125.0,540.4
45425.0,7125.0,548.9
45450.0,7125.0,558.1
45475.0,7125.0,567.8
45500.0,7125.0,577.6
45525.0,7125.0,587.2
45550.0,7125.0,596.4
45575.0,7125.0,604.8
45600.0,7125.0,612.4
45625.0,7125.0,619.0
45650.0,7125.0,624.5
45675.0,7125.0,629.0
45700.0,7125.0,632.4
45725.0,7125.0,634.8
45750.0,7125.0,636.3
45775.0,7125.0,637.0
45800.0,7125.0,636.7
45825.0,7125.0,635.7
45850.0,7125.0,633.8
45875.0,7125.0,631.0
45900.0,7125.0,627.4
45925.0,7125.0,622.9
45950.0,7125.0,617.4
45975.0,7125.0,611.1
46000.0,7125.0,603.8
46025.0,7125.0,595.7
46050.0,7125.0,586.8
46075.0,7125.0,577.2
46100.0,7125.0,567.3
46125.0,7125.0,557.1
46150.0,7125.0,547.2
46175.0,7125.0,537.9
46200.0,7125.0,529.7
46225.0,7125.0,523.1
46250.0,7125.0,518.6
46275.0,7125.0,516.9
46300.0,7125.0,516.5
46325.0,7125.0,516.1
46350.0,7125.0,515.8
46375.0,7125.0,515.6
46400.0,7125.0,515.5
46425.0,7125.0,515.6
46450.0,7125.0,515.8
46475.0,7125.0,516.1
46500.0,7125.0,516.5
43500.0,7150.0,533.3
43525.0,7150.0,533.5
43550.0,7150.0,533.8
43575.0,7150.0,534.3
43600.0,7150.0,534.8
43625.0,7150.0,535.3
43650.0,7150.0,535.9
43675.0,7150.0,536.5
43700.0,7150.0,536.9
43725.0,7150.0,537.3
43750.0,7150.0,537.5
43775.0,7150.0,537.5
43800.0,7150.0,537.3
43825.0,7150.0,536.9
43850.0,7150.0,536.3
43875.0,7150.0,535.5
43900.0,7150.0,534.5
43925.0,7150.0,533.4
43950.0,7150.0,532.2
43975.0,7150.0,530.9
44000.0,7150.0,529.6
44025.0,7150.0,528.4
44050.0,7150.0,527.3
44075.0,7150.0,526.2
44100.0,7150.0,525.4
44125.0,7150.0,524.7
44150.0,7150.0,524.3
44175.0,7150.0,524.0
44200.0,7150.0,524.0
44225.0,7150.0,524.2
44250.0,7150.0,524.7
44275.0,7150.0,525.3
44300.0,7150.0,526.1
44325.0,7150.0,527.1
44350.0,7150.0,528.1
44375.0,7150.0,529.3
44400.0,7150.0,530.5
44425.0,7150.0,531.7
44450.0,7150.0,532.9
44475.0,7150.0,534.0
44500.0,7150.0,535.0
44525.0,7150.0,535.9
44550.0,7150.0,536.5
44575.0,7150.0,536.9
44600.0,7150.0,537.1
44625.0,7150.0,537.1
44650.0,7150.0,536.8
44675.0,7150.0,536.3
44700.0,7150.0,535.6
44725.0,7150.0,534.7
44750.0,7150.0,533.6
44775.0,7150.0,532.5
44800.0,7150.0,531.2
44825.0,7150.0,529.9
44850.0,7150.0,528.6
44875.0,7150.0,527.3
44900.0,7150.0,526.0
44925.0,7150.0,524.7
44950.0,7150.0,523.5
44975.0,7150.0,522.2
45000.0,7150.0,520.9
45025.0,7150.0,519.6
45050.0,7150.0,518.3
45075.0,7150.0,517.1
45100.0,7150.0,516.4
45125.0,7150.0,516.5
45150.0,7150.0,517.1
45175.0,7150.0,518.3
45200.0,7150.0,520.2
45225.0,7150.0,522.7
45250.0,7150.0,526.0
45275.0,7150.0,530.2
45300.0,7150.0,535.3
45325.0,7150.0,541.5
45350.0,7150.0,548.6
45375.0,7150.0,556.7
45400.0,7150.0,565.5
45425.0,7150.0,574.9
45450.0,7150.0,584.6
45475.0,7150.0,594.4
45500.0,7150.0,603.8
45525.0,7150.0,612.7
45550.0,7150.0,620.9
45575.0,7150.0,628.2
45600.0,7150.0,634.4
45625.0,7150.0,639.7
45650.0,7150.0,644.0
45675.0,7150.0,647.3
45700.0,7150.0,649.7
45725.0,7150.0,651.4
45750.0,7150.0,652.2
45775.0,7150.0,652.4
45800.0,7150.0,651.9
45825.0,7150.0,650.6
45850.0,7150.0,648.6
45875.0,7150.0,645.8
45900.0,7150.0,642.1
45925.0,7150.0,637.5
45950.0,7150.0,631.9
45975.0,7150.0,625.2
46000.0,7150.0,617.6
46025.0,7150.0,608.9
46050.0,7150.0,599.2
46075.0,7150.0,588.8
46100.0,7150.0,577.8
46125.0,7150.0,566.4
46150.0,7150.0,555.1
46175.0,7150.0,544.2
46200.0,7150.0,534.4
46225.0,7150.0,526.2
46250.0,7150.0,520.2
46275.0,7150.0,517.1
46300.0,7150.0,516.6
46325.0,7150.0,516.4
46350.0,7150.0,516.2
46375.0,7150.0,516.2
46400.0,7150.0,516.2
46425.0,7150.0,516.4
46450.0,7150.0,516.7
46475.0,7150.0,517.0
46500.0,7150.0,517.5
43500.0,7175.0,533.9
43525.0,7175.0,534.2
43550.0,7175.0,534.5
43575.0,7175.0,535.0
43600.0,7175.0,535.6
43625.0,7175.0,536.1
43650.0,7175.0,536.7
43675.0,7175.0,537.2
43700.0,7175.0,537.5
43725.0,7175.0,537.8
43750.0,7175.0,537.8
43775.0,7175.0,537.7
43800.0,7175.0,537.4
43825.0,7175.0,536.8
43850.0,7175.0,536.0
43875.0,7175.0,535.1
43900.0,7175.0,534.0
43925.0,7175.0,532.8
43950.0,7175.0,531.5
43975.0,7175.0,530.2
44000.0,7175.0,529.0
44025.0,7175.0,527.8
44050.0,7175.0,526.8
44075.0,7175.0,525.9
44100.0,7175.0,525.2
44125.0,7175.0,524.7
44150.0,7175.0,524.4
44175.0,7175.0,524.4
44200.0,7175.0,524.5
44225.0,7175.0,524.9
44250.0,7175.0,525.4
44275.0,7175.0,526.2
44300.0,7175.0,527.1
44325.0,7175.0,528.1
44350.0,7175.0,529.2
44375.0,7175.0,530.4
44400.0,7175.0,531.6
44425.0,7175.0,532.8
44450.0,7175.0,534.0
44475.0,7175.0,535.1
44500.0,7175.0,536.0
44525.0,7175.0,536.8
44550.0,7175.0,537.3
44575.0,7175.0,537.7
44600.0,7175.0,537.8
44625.0,7175.0,537.7
44650.0,7175.0,537.4
44675.0,7175.0,536.8
44700.0,7175.0,536.0
44725.0,7175.0,535.1
44750.0,7175.0,534.0
44775.0,7175.0,532.8
44800.0,7175.0,531.5
44825.0,7175.0,530.2
44850.0,7175.0,528.8
44875.0,7175.0,527.5
44900.0,7175.0,526.1
44925.0,7175.0,524.7
44950.0,7175.0,523.4
44975.0,7175.0,522.0
45000.0,7175.0,520.8
45025.0,7175.0,520.6
45050.0,7175.0,521.5
45075.0,7175.0,523.0
45100.0,7175.0,525.1
45125.0,7175.0,527.6
45150.0,7175.0,530.5
45175.0,7175.0,533.8
45200.0,7175.0,537.7
45225.0,7175.0,542.2
45250.0,7175.0,547.3
45275.0,7175.0,553.3
45300.0,7175.0,560.0
45325.0,7175.0,567.5
45350.0,7175.0,575.7
45375.0,7175.0,584.5
45400.0,7175.0,593.6
45425.0,7175.0,602.9
45450.0,7175.0,612.1
45475.0,7175.0,620.9
45500.0,7175.0,629.1
45525.0,7175.0,636.5
45550.0,7175.0,643.1
45575.0,7175.0,648.7
45600.0,7175.0,653.3
45625.0,7175.0,657.1
45650.0,7175.0,659.9
45675.0,7175.0,662.1
45700.0,7175.0,663.6
45725.0,7175.0,664.5
45750.0,7175.0,664.9
45775.0,7175.0,664.7
45800.0,7175.0,664.1
45825.0,7175.0,662.8
45850.0,7175.0,660.9
45875.0,7175.0,658.2
45900.0,7175.0,654.6
45925.0,7175.0,650.1
45950.0,7175.0,644.5
45975.0,7175.0,637.8
46000.0,7175.0,629.9
46025.0,7175.0,620.9
46050.0,7175.0,610.7
46075.0,7175.0,599.6
46100.0,7175.0,587.6
46125.0,7175.0,575.2
46150.0,7175.0,562.6
46175.0,7175.0,550.4
46200.0,7175.0,539.2
46225.0,7175.0,529.5
46250.0,7175.0,522.2
46275.0,7175.0,517.9
46300.0,7175.0,517.0
46325.0,7175.0,516.9
46350.0,7175.0,516.9
46375.0,7175.0,517.0
46400.0,7175.0,517.1
46425.0,7175.0,517.4
46450.0,7175.0,517.7
46475.0,7175.0,518.1
46500.0,7175.0,518.7
43500.0,7200.0,534.5
43525.0,7200.0,534.8
43550.0,7200.0,535.2
43575.0,7200.0,535.7
43600.0,7200.0,536.3
43625.0,7200.0,536.8
43650.0,7200.0,537.3
43675.0,7200.0,537.7
43700.0,7200.0,537.9
43725.0,7200.0,538.0
43750.0,7200.0,537.9
43775.0,7200.0,537.6
43800.0,7200.0,537.1
43825.0,7200.0,536.3
43850.0,7200.0,535.4
43875.0,7200.0,534.3
43900.0,7200.0,533.2
43925.0,7200.0,531.9
43950.0,7200.0,530.6
43975.0,7200.0,529.4
44000.0,7200.0,528.2
44025.0,7200.0,527.1
44050.0,7200.0,526.2
44075.0,7200.0,525.5
44100.0,7200.0,524.9
44125.0,7200.0,524.6
44150.0,7200.0,524.5
44175.0,7200.0,524.6
44200.0,7200.0,524.9
44225.0,7200.0,525.4
44250.0,7200.0,526.1
44275.0,7200.0,527.0
44300.0,7200.0,527.9
44325.0,7200.0,529.0
44350.0,7200.0,530.2
44375.0,7200.0,531.4
44400.0,7200.0,532.6
44425.0,7200.0,533.7
44450.0,7200.0,534.9
44475.0,7200.0,535.9
44500.0,7200.0,536.7
44525.0,7200.0,537.5
44550.0,7200.0,538.0
44575.0,7200.0,538.3
44600.0,7200.0,538.3
44625.0,7200.0,538.2
44650.0,7200.0,537.8
44675.0,7200.0,537.2
44700.0,7200.0,536.4
44725.0,7200.0,535.4
44750.0,7200.0,534.3
44775.0,7200.0,533.1
44800.0,7200.0,531.7
44825.0,7200.0,530.4
44850.0,7200.0,529.0
44875.0,7200.0,527.5
44900.0,7200.0,526.1
44925.0,7200.0,524.7
44950.0,7200.0,524.0
44975.0,7200.0,525.1
45000.0,7200.0,527.5
45025.0,7200.0,530.7
45050.0,7200.0,534.4
45075.0,7200.0,538.5
45100.0,7200.0,542.7
45125.0,7200.0,547.2
45150.0,7200.0,551.8
45175.0,7200.0,556.8
45200.0,7200.0,562.2
45225.0,7200.0,568.0
45250.0,7200.0,574.3
45275.0,7200.0,581.2
45300.0,7200.0,588.6
45325.0,7200.0,596.5
45350.0,7200.0,604.8
45375.0,7200.0,613.2
45400.0,7200.0,621.7
45425.0,7200.0,629.9
45450.0,7200.0,637.6
45475.0,7200.0,644.7
45500.0,7200.0,651.0
45525.0,7200.0,656.5
45550.0,7200.0,661.0
45575.0,7200.0,664.7
45600.0,7200.0,667.5
45625.0,7200.0,669.7
45650.0,7200.0,671.3
45675.0,7200.0,672.4
45700.0,7200.0,673.1
45725.0,7200.0,673.6
45750.0,7200.0,673.7
45775.0,7200.0,673.5
45800.0,7200.0,673.0
45825.0,7200.0,671.9
45850.0,7200.0,670.3
45875.0,7200.0,667.9
45900.0,7200.0,664.7
45925.0,7200.0,660.5
45950.0,7200.0,655.1
45975.0,7200.0,648.5
46000.0,7200.0,640.6
46025.0,7200.0,631.4
46050.0,7200.0,620.9
46075.0,7200.0,609.2
46100.0,7200.0,596.5
46125.0,7200.0,583.1
46150.0,7200.0,569.5
46175.0,7200.0,556.1
46200.0,7200.0,543.6
46225.0,7200.0,532.7
46250.0,7200.0,524.2
46275.0,7200.0,518.9
46300.0,7200.0,517.6
46325.0,7200.0,517.6
46350.0,7200.0,517.7
46375.0,7200.0,517.9
46400.0,7200.0,518.2
46425.0,7200.0,518.5
46450.0,7200.0,518.9
46475.0,7200.0,519.3
46500.0,7200.0,519.9
43500.0,7225.0,535.0
43525.0,7225.0,535.4
43550.0,7225.0,535.9
43575.0,7225.0,536.4
43600.0,7225.0,536.9
43625.0,7225.0,537.3
43650.0,7225.0,537.7
43675.0,7225.0,538.0
43700.0,7225.0,538.1
43725.0,7225.0,538.0
43750.0,7225.0,537.7
43775.0,7225.0,537.2
43800.0,7225.0,536.5
43825.0,7225.0,535.6
43850.0,7225.0,534.5
43875.0,7225.0,533.3
43900.0,7225.0,532.1
43925.0,7225.0,530.8
43950.0,7225.0,529.5
43975.0,7225.0,528.3
44000.0,7225.0,527.2
44025.0,7225.0,526.3
44050.0,7225.0,525.5
44075.0,7225.0,525.0
44100.0,7225.0,524.6
44125.0,7225.0,524.5
44150.0,7225.0,524.6
44175.0,7225.0,524.8
44200.0,7225.0,525.3
44225.0,7225.0,525.9
44250.0,7225.0,526.7
44275.0,7225.0,527.6
44300.0,7225.0,528.7
44325.0,7225.0,529.8
44350.0,7225.0,530.9
44375.0,7225.0,532.1
44400.0,7225.0,533.3
44425.0,7225.0,534.4
44450.0,7225.0,535.5
44475.0,7225.0,536.5
44500.0,7225.0,537.3
44525.0,7225.0,537.9
44550.0,7225.0,538.4
44575.0,7225.0,538.7
44600.0,7225.0,538.7
44625.0,7225.0,538.5
44650.0,7225.0,538.1
44675.0,7225.0,537.4
44700.0,7225.0,536.6
44725.0,7225.0,535.6
44750.0,7225.0,534.5
44775.0,7225.0,533.2
44800.0,7225.0,531.9
44825.0,7225.0,530.5
44850.0,7225.0,529.0
44875.0,7225.0,527.6
44900.0,7225.0,527.1
44925.0,7225.0,529.2
44950.0,7225.0,533.0
44975.0,7225.0,537.9
45000.0,7225.0,543.5
45025.0,7225.0,549.3
45050.0,7225.0,555.2
45075.0,7225.0,561.1
45100.0,7225.0,567.0
45125.0,7225.0,572.8
45150.0,7225.0,578.6
45175.0,7225.0,584.6
45200.0,7225.0,590.7
45225.0,7225.0,597.1
45250.0,7225.0,603.8
45275.0,7225.0,610.8
45300.0,7225.0,618.0
45325.0,7225.0,625.3
45350.0,7225.0,632.7
45375.0,7225.0,639.8
45400.0,7225.0,646.7
45425.0,7225.0,653.0
45450.0,7225.0,658.6
45475.0,7225.0,663.4
45500.0,7225.0,667.4
45525.0,7225.0,670.5
45550.0,7225.0,672.9
45575.0,7225.0,674.6
45600.0,7225.0,675.8
45625.0,7225.0,676.6
45650.0,7225.0,677.1
45675.0,7225.0,677.5
45700.0,7225.0,677.9
45725.0,7225.0,678.2
45750.0,7225.0,678.4
45775.0,7225.0,678.5
45800.0,7225.0,678.4
45825.0,7225.0,677.9
45850.0,7225.0,676.8
45875.0,7225.0,675.0
45900.0,7225.0,672.3
45925.0,7225.0,668.6
45950.0,7225.0,663.7
45975.0,7225.0,657.3
46000.0,7225.0,649.6
46025.0,7225.0,640.3
46050.0,7225.0,629.6
46075.0,7225.0,617.5
46100.0,7225.0,604.2
46125.0,7225.0,590.0
46150.0,7225.0,575.4
46175.0,7225.0,560.9
46200.0,7225.0,547.3
46225.0,7225.0,535.4
46250.0,7225.0,525.9
46275.0,7225.0,520.0
46300.0,7225.0,518.3
46325.0,7225.0,518.5
46350.0,7225.0,518.7
46375.0,7225.0,519.0
46400.0,7225.0,519.4
46425.0,7225.0,519.7
46450.0,7225.0,520.2
46475.0,7225.0,520.6
46500.0,7225.0,521.2
43500.0,7250.0,535.6
43525.0,7250.0,536.0
43550.0,7250.0,536.5
43575.0,7250.0,536.9
43600.0,7250.0,537.4
43625.0,7250.0,537.7
43650.0,7250.0,538.0
43675.0,7250.0,538.1
43700.0,7250.0,538.0
43725.0,7250.0,537.7
43750.0,7250.0,537.2
43775.0,7250.0,536.5
43800.0,7250.0,535.6
43825.0,7250.0,534.6
43850.0,7250.0,533.4
43875.0,7250.0,532.1
43900.0,7250.0,530.8
43925.0,7250.0,529.5
43950.0,7250.0,528.3
43975.0,7250.0,527.1
44000.0,7250.0,526.2
44025.0,7250.0,525.4
44050.0,7250.0,524.8
44075.0,7250.0,524.4
44100.0,7250.0,524.3
44125.0,7250.0,524.3
44150.0,7250.0,524.6
44175.0,7250.0,525.0
44200.0,7250.0,525.6
44225.0,7250.0,526.3
44250.0,7250.0,527.2
44275.0,7250.0,528.2
44300.0,7250.0,529.2
44325.0,7250.0,530.4
44350.0,7250.0,531.5
44375.0,7250.0,532.7
44400.0,7250.0,533.8
44425.0,7250.0,534.9
44450.0,7250.0,536.0
44475.0,7250.0,536.9
44500.0,7250.0,537.7
44525.0,7250.0,538.3
44550.0,7250.0,538.7
44575.0,7250.0,538.9
44600.0,7250.0,538.9
44625.0,7250.0,538.6
44650.0,7250.0,538.2
44675.0,7250.0,537.5
44700.0,7250.0,536.7
44725.0,7250.0,535.7
44750.0,7250.0,534.5
44775.0,7250.0,533.3
44800.0,7250.0,531.9
44825.0,7250.0,530.5
44850.0,7250.0,529.7
44875.0,7250.0,532.0
44900.0,7250.0,536.8
44925.0,7250.0,543.2
44950.0,7250.0,550.6
44975.0,7250.0,558.3
45000.0,7250.0,566.2
45025.0,7250.0,573.8
45050.0,7250.0,581.2
45075.0,7250.0,588.2
45100.0,7250.0,594.9
45125.0,7250.0,601.4
45150.0,7250.0,607.6
45175.0,7250.0,613.8
45200.0,7250.0,620.0
45225.0,7250.0,626.1
45250.0,7250.0,632.3
45275.0,7250.0,638.5
45300.0,7250.0,644.6
45325.0,7250.0,650.5
45350.0,7250.0,656.1
45375.0,7250.0,661.2
45400.0,7250.0,665.7
45425.0,7250.0,669.5
45450.0,7250.0,672.5
45475.0,7250.0,674.7
45500.0,7250.0,676.2
45525.0,7250.0,677.1
45550.0,7250.0,677.4
45575.0,7250.0,677.5
45600.0,7250.0,677.7
45625.0,7250.0,677.8
45650.0,7250.0,678.0
45675.0,7250.0,678.2
45700.0,7250.0,678.5
45725.0,7250.0,678.9
45750.0,7250.0,679.3
45775.0,7250.0,679.9
45800.0,7250.0,680.5
45825.0,7250.0,680.8
45850.0,7250.0,680.6
45875.0,7250.0,679.6
45900.0,7250.0,677.7
45925.0,7250.0,674.6
45950.0,7250.0,670.2
45975.0,7250.0,664.4
46000.0,7250.0,656.8
46025.0,7250.0,647.7
46050.0,7250.0,636.8
46075.0,7250.0,624.3
46100.0,7250.0,610.5
46125.0,7250.0,595.5
46150.0,7250.0,580.1
46175.0,7250.0,564.6
46200.0,7250.0,550.1
46225.0,7250.0,537.2
46250.0,7250.0,527.2
46275.0,7250.0,520.9
46300.0,7250.0,519.3
46325.0,7250.0,519.6
46350.0,7250.0,519.9
46375.0,7250.0,520.3
46400.0,7250.0,520.7
46425.0,7250.0,521.1
46450.0,7250.0,521.5
46475.0,7250.0,522.0
46500.0,7250.0,522.6
43500.0,7275.0,536.2
43525.0,7275.0,536.6
43550.0,7275.0,537.0
43575.0,7275.0,537.4
43600.0,7275.0,537.7
43625.0,7275.0,538.0
43650.0,7275.0,538.0
43675.0,7275.0,538.0
43700.0,7275.0,537.7
43725.0,7275.0,537.2
43750.0,7275.0,536.5
43775.0,7275.0,535.6
43800.0,7275.0,534.5
43825.0,7275.0,533.3
43850.0,7275.0,532.0
43875.0,7275.0,530.6
43900.0,7275.0,529.3
43925.0,7275.0,528.1
43950.0,7275.0,526.9
43975.0,7275.0,525.9
44000.0,7275.0,525.1
44025.0,7275.0,524.5
44050.0,7275.0,524.1
44075.0,7275.0,523.9
44100.0,7275.0,523.9
44125.0,7275.0,524.2
44150.0,7275.0,524.6
44175.0,7275.0,525.1
44200.0,7275.0,525.8
44225.0,7275.0,526.7
44250.0,7275.0,527.6
44275.0,7275.0,528.6
44300.0,7275.0,529.7
44325.0,7275.0,530.8
44350.0,7275.0,532.0
44375.0,7275.0,533.1
44400.0,7275.0,534.2
44425.0,7275.0,535.3
44450.0,7275.0,536.2
44475.0,7275.0,537.1
44500.0,7275.0,537.8
44525.0,7275.0,538.4
44550.0,7275.0,538.8
44575.0,7275.0,539.0
44600.0,7275.0,538.9
44625.0,7275.0,538.7
44650.0,7275.0,538.2
44675.0,7275.0,537.6
44700.0,7275.0,536.7
44725.0,7275.0,535.7
44750.0,7275.0,534.5
44775.0,7275.0,533.3
44800.0,7275.0,531.9
44825.0,7275.0,533.3
44850.0,7275.0,538.3
44875.0,7275.0,545.6
44900.0,7275.0,554.5
44925.0,7275.0,564.1
44950.0,7275.0,573.9
44975.0,7275.0,583.5
45000.0,7275.0,592.7
45025.0,7275.0,601.3
45050.0,7275.0,609.2
45075.0,7275.0,616.6
45100.0,7275.0,623.4
45125.0,7275.0,629.7
45150.0,7275.0,635.6
45175.0,7275.0,641.1
45200.0,7275.0,646.5
45225.0,7275.0,651.6
45250.0,7275.0,656.4
45275.0,7275.0,660.9
45300.0,7275.0,665.1
45325.0,7275.0,668.8
45350.0,7275.0,671.9
45375.0,7275.0,674.3
45400.0,7275.0,676.0
45425.0,7275.0,677.0
45450.0,7275.0,677.3
45475.0,7275.0,677.5
45500.0,7275.0,677.6
45525.0,7275.0,677.8
45550.0,7275.0,677.9
45575.0,7275.0,678.0
45600.0,7275.0,678.1
45625.0,7275.0,678.3
45650.0,7275.0,678.5
45675.0,7275.0,678.7
45700.0,7275.0,679.0
45725.0,7275.0,679.3
45750.0,7275.0,679.7
45775.0,7275.0,680.2
45800.0,7275.0,680.7
45825.0,7275.0,681.3
45850.0,7275.0,682.0
45875.0,7275.0,682.0
45900.0,7275.0,681.1
45925.0,7275.0,678.8
45950.0,7275.0,675.1
45975.0,7275.0,669.8
46000.0,7275.0,662.6
46025.0,7275.0,653.5
46050.0,7275.0,642.6
46075.0,7275.0,629.8
46100.0,7275.0,615.4
46125.0,7275.0,599.7
46150.0,7275.0,583.4
46175.0,7275.0,567.1
46200.0,7275.0,551.7
46225.0,7275.0,538.2
46250.0,7275.0,527.7
46275.0,7275.0,521.5
46300.0,7275.0,520.5
46325.0,7275.0,520.9
46350.0,7275.0,521.3
46375.0,7275.0,521.7
46400.0,7275.0,522.1
46425.0,7275.0,522.5
46450.0,7275.0,523.0
46475.0,7275.0,523.4
46500.0,7275.0,524.0
43500.0,7300.0,536.7
43525.0,7300.0,537.1
43550.0,7300.0,537.4
43575.0,7300.0,537.7
43600.0,7300.0,537.9
43625.0,7300.0,538.0
43650.0,7300.0,537.9
43675.0,7300.0,537.6
43700.0,7300.0,537.1
43725.0,7300.0,536.4
43750.0,7300.0,535.4
43775.0,7300.0,534.3
43800.0,7300.0,533.1
43825.0,7300.0,531.8
43850.0,7300.0,530.4
43875.0,7300.0,529.0
43900.0,7300.0,527.7
43925.0,7300.0,526.6
43950.0,7300.0,525.5
43975.0,7300.0,524.7
44000.0,7300.0,524.0
44025.0,7300.0,523.6
44050.0,7300.0,523.4
44075.0,7300.0,523.4
44100.0,7300.0,523.6
44125.0,7300.0,524.0
44150.0,7300.0,524.5
44175.0,7300.0,525.2
44200.0,7300.0,526.0
44225.0,7300.0,526.9
44250.0,7300.0,527.9
44275.0,7300.0,528.9
44300.0,7300.0,530.0
44325.0,7300.0,531.1
44350.0,7300.0,532.2
44375.0,7300.0,533.3
44400.0,7300.0,534.4
44425.0,7300.0,535.4
44450.0,7300.0,536.4
44475.0,7300.0,537.2
44500.0,7300.0,537.9
44525.0,7300.0,538.4
44550.0,7300.0,538.8
44575.0,7300.0,539.0
44600.0,7300.0,538.9
44625.0,7300.0,538.6
44650.0,7300.0,538.2
44675.0,7300.0,537.5
44700.0,7300.0,536.6
44725.0,7300.0,535.6
44750.0,7300.0,534.4
44775.0,7300.0,533.9
44800.0,7300.0,537.7
44825.0,7300.0,545.0
44850.0,7300.0,554.7
44875.0,7300.0,565.7
44900.0,7300.0,577.3
44925.0,7300.0,588.9
44950.0,7300.0,600.1
44975.0,7300.0,610.5
45000.0,7300.0,620.0
45025.0,7300.0,628.6
45050.0,7300.0,636.3
45075.0,7300.0,643.1
45100.0,7300.0,649.1
45125.0,7300.0,654.4
45150.0,7300.0,659.1
45175.0,7300.0,663.3
45200.0,7300.0,666.9
45225.0,7300.0,670.1
45250.0,7300.0,672.8
45275.0,7300.0,674.9
45300.0,7300.0,676.4
45325.0,7300.0,677.3
45350.0,7300.0,677.5
45375.0,7300.0,677.5
45400.0,7300.0,677.6
45425.0,7300.0,677.8
45450.0,7300.0,677.9
45475.0,7300.0,678.1
45500.0,7300.0,678.3
45525.0,7300.0,678.4
45550.0,7300.0,678.6
45575.0,7300.0,678.7
45600.0,7300.0,678.8
45625.0,7300.0,679.0
45650.0,7300.0,679.2
45675.0,7300.0,679.4
45700.0,7300.0,679.6
45725.0,7300.0,679.9
45750.0,7300.0,680.3
45775.0,7300.0,680.7
45800.0,7300.0,681.2
45825.0,7300.0,681.7
45850.0,7300.0,682.2
45875.0,7300.0,682.8
45900.0,7300.0,682.9
45925.0,7300.0,681.6
45950.0,7300.0,678.7
45975.0,7300.0,673.9
46000.0,7300.0,667.0
46025.0,7300.0,658.1
46050.0,7300.0,647.0
46075.0,7300.0,633.9
46100.0,7300.0,618.9
46125.0,7300.0,602.6
46150.0,7300.0,585.4
46175.0,7300.0,568.2
46200.0,7300.0,552.1
46225.0,7300.0,538.1
46250.0,7300.0,527.7
46275.0,7300.0,522.1
46300.0,7300.0,521.8
46325.0,7300.0,522.3
46350.0,7300.0,522.7
46375.0,7300.0,523.2
46400.0,7300.0,523.6
46425.0,7300.0,524.0
46450.0,7300.0,524.4
46475.0,7300.0,524.9
46500.0,7300.0,525.4
43500.0,7325.0,537.2
43525.0,7325.0,537.5
43550.0,7325.0,537.8
43575.0,7325.0,537.9
43600.0,7325.0,538.0
43625.0,7325.0,537.8
43650.0,7325.0,537.5
43675.0,7325.0,537.0
43700.0,7325.0,536.3
43725.0,7325.0,535.3
43750.0,7325.0,534.2
43775.0,7325.0,532.9
43800.0,7325.0,531.5
43825.0,7325.0,530.1
43850.0,7325.0,528.7
43875.0,7325.0,527.4
43900.0,7325.0,526.1
43925.0,7325.0,525.0
43950.0,7325.0,524.2
43975.0,7325.0,523.5
44000.0,7325.0,523.0
44025.0,7325.0,522.8
44050.0,7325.0,522.8
44075.0,7325.0,523.0
44100.0,7325.0,523.3
44125.0,7325.0,523.8
44150.0,7325.0,524.5
44175.0,7325.0,525.3
44200.0,7325.0,526.1
44225.0,7325.0,527.1
44250.0,7325.0,528.1
44275.0,7325.0,529.1
44300.0,7325.0,530.2
44325.0,7325.0,531.2
44350.0,7325.0,532.3
44375.0,7325.0,533.4
44400.0,7325.0,534.5
44425.0,7325.0,535.4
44450.0,7325.0,536.4
44475.0,7325.0,537.2
44500.0,7325.0,537.8
44525.0,7325.0,538.4
44550.0,7325.0,538.7
44575.0,7325.0,538.8
44600.0,7325.0,538.8
44625.0,7325.0,538.5
44650.0,7325.0,538.0
44675.0,7325.0,537.3
44700.0,7325.0,536.5
44725.0,7325.0,535.4
44750.0,7325.0,536.3
44775.0,7325.0,542.1
44800.0,7325.0,551.5
44825.0,7325.0,563.2
44850.0,7325.0,576.1
44875.0,7325.0,589.5
44900.0,7325.0,602.6
44925.0,7325.0,615.0
44950.0,7325.0,626.3
44975.0,7325.0,636.5
45000.0,7325.0,645.4
45025.0,7325.0,653.0
45050.0,7325.0,659.5
45075.0,7325.0,664.8
45100.0,7325.0,669.2
45125.0,7325.0,672.7
45150.0,7325.0,675.3
45175.0,7325.0,677.2
45200.0,7325.0,678.4
45225.0,7325.0,678.9
45250.0,7325.0,678.8
45275.0,7325.0,678.4
45300.0,7325.0,678.2
45325.0,7325.0,678.1
45350.0,7325.0,678.1
45375.0,7325.0,678.2
45400.0,7325.0,678.3
45425.0,7325.0,678.5
45450.0,7325.0,678.7
45475.0,7325.0,678.9
45500.0,7325.0,679.1
45525.0,7325.0,679.3
45550.0,7325.0,679.5
45575.0,7325.0,679.6
45600.0,7325.0,679.8
45625.0,7325.0,679.9
45650.0,7325.0,680.1
45675.0,7325.0,680.3
45700.0,7325.0,680.5
45725.0,7325.0,680.8
45750.0,7325.0,681.1
45775.0,7325.0,681.5
45800.0,7325.0,681.8
45825.0,7325.0,682.3
45850.0,7325.0,682.7
45875.0,7325.0,683.2
45900.0,7325.0,683.6
45925.0,7325.0,683.3
45950.0,7325.0,681.2
45975.0,7325.0,677.0
46000.0,7325.0,670.5
46025.0,7325.0,661.6
46050.0,7325.0,650.4
46075.0,7325.0,636.8
46100.0,7325.0,621.2
46125.0,7325.0,604.0
46150.0,7325.0,586.0
46175.0,7325.0,568.0
46200.0,7325.0,551.3
46225.0,7325.0,537.2
46250.0,7325.0,527.2
46275.0,7325.0,522.9
46300.0,7325.0,523.3
46325.0,7325.0,523.8
46350.0,7325.0,524.2
46375.0,7325.0,524.7
46400.0,7325.0,525.1
46425.0,7325.0,525.5
46450.0,7325.0,525.9
46475.0,7325.0,526.3
46500.0,7325.0,526.8
43500.0,7350.0,537.6
43525.0,7350.0,537.9
43550.0,7350.0,538.0
43575.0,7350.0,538.0
43600.0,7350.0,537.9
43625.0,7350.0,537.5
43650.0,7350.0,537.0
43675.0,7350.0,536.2
43700.0,7350.0,535.2
43725.0,7350.0,534.1
43750.0,7350.0,532.8
43775.0,7350.0,531.4
43800.0,7350.0,529.9
43825.0,7350.0,528.4
43850.0,7350.0,527.0
43875.0,7350.0,525.7
43900.0,7350.0,524.6
43925.0,7350.0,523.6
43950.0,7350.0,522.9
43975.0,7350.0,522.4
44000.0,7350.0,522.1
44025.0,7350.0,522.1
44050.0,7350.0,522.2
44075.0,7350.0,522.6
44100.0,7350.0,523.1
44125.0,7350.0,523.7
44150.0,7350.0,524.5
44175.0,7350.0,525.3
44200.0,7350.0,526.2
44225.0,7350.0,527.2
44250.0,7350.0,528.2
44275.0,7350.0,529.2
44300.0,7350.0,530.2
44325.0,7350.0,531.3
44350.0,7350.0,532.3
44375.0,7350.0,533.4
44400.0,7350.0,534.4
44425.0,7350.0,535.4
44450.0,7350.0,536.2
44475.0,7350.0,537.0
44500.0,7350.0,537.7
44525.0,7350.0,538.2
44550.0,7350.0,538.5
44575.0,7350.0,538.6
44600.0,7350.0,538.5
44625.0,7350.0,538.3
44650.0,7350.0,537.8
44675.0,7350.0,537.1
44700.0,7350.0,536.2
44725.0,7350.0,538.6
44750.0,7350.0,546.1
44775.0,7350.0,557.2
44800.0,7350.0,570.6
44825.0,7350.0,585.2
44850.0,7350.0,600.0
44875.0,7350.0,614.4
44900.0,7350.0,627.7
44925.0,7350.0,639.8
44950.0,7350.0,650.3
44975.0,7350.0,659.2
45000.0,7350.0,666.5
45025.0,7350.0,672.3
45050.0,7350.0,676.6
45075.0,7350.0,679.6
45100.0,7350.0,681.4
45125.0,7350.0,682.1
45150.0,7350.0,681.9
45175.0,7350.0,681.0
45200.0,7350.0,680.3
45225.0,7350.0,679.7
45250.0,7350.0,679.2
45275.0,7350.0,678.9
45300.0,7350.0,678.8
45325.0,7350.0,678.7
45350.0,7350.0,678.8
45375.0,7350.0,679.0
45400.0,7350.0,679.2
45425.0,7350.0,679.4
45450.0,7350.0,679.6
45475.0,7350.0,679.9
45500.0,7350.0,680.1
45525.0,7350.0,680.3
45550.0,7350.0,680.5
45575.0,7350.0,680.7
45600.0,7350.0,680.9
45625.0,7350.0,681.1
45650.0,7350.0,681.2
45675.0,7350.0,681.4
45700.0,7350.0,681.6
45725.0,7350.0,681.8
45750.0,7350.0,682.1
45775.0,7350.0,682.4
45800.0,7350.0,682.7
45825.0,7350.0,683.0
45850.0,7350.0,683.4
45875.0,7350.0,683.7
45900.0,7350.0,684.1
45925.0,7350.0,684.4
45950.0,7350.0,683.0
45975.0,7350.0,679.3
46000.0,7350.0,673.1
46025.0,7350.0,664.2
46050.0,7350.0,652.7
46075.0,7350.0,638.6
46100.0,7350.0,622.3
46125.0,7350.0,604.2
46150.0,7350.0,585.3
46175.0,7350.0,566.6
46200.0,7350.0,549.5
46225.0,7350.0,535.6
46250.0,7350.0,526.6
46275.0,7350.0,524.2
46300.0,7350.0,524.8
46325.0,7350.0,525.3
46350.0,7350.0,525.8
46375.0,7350.0,526.2
46400.0,7350.0,526.6
46425.0,7350.0,526.9
46450.0,7350.0,527.3
46475.0,7350.0,527.7
46500.0,7350.0,528.2
43500.0,7375.0,538.0
43525.0,7375.0,538.1
43550.0,7375.0,538.1
43575.0,7375.0,537.9
43600.0,7375.0,537.6
43625.0,7375.0,537.0
43650.0,7375.0,536.2
43675.0,7375.0,535.2
43700.0,7375.0,534.0
43725.0,7375.0,532.7
43750.0,7375.0,531.2
43775.0,7375.0,529.7
43800.0,7375.0,528.2
43825.0,7375.0,526.7
43850.0,7375.0,525.3
43875.0,7375.0,524.1
43900.0,7375.0,523.1
43925.0,7375.0,522.3
43950.0,7375.0,521.7
43975.0,7375.0,521.4
44000.0,7375.0,521.3
44025.0,7375.0,521.5
44050.0,7375.0,521.8
44075.0,7375.0,522.3
44100.0,7375.0,522.9
44125.0,7375.0,523.6
44150.0,7375.0,524.5
44175.0,7375.0,525.3
44200.0,7375.0,526.3
44225.0,7375.0,527.2
44250.0,7375.0,528.2
44275.0,7375.0,529.2
44300.0,7375.0,530.2
44325.0,7375.0,531.2
44350.0,7375.0,532.3
44375.0,7375.0,533.3
44400.0,7375.0,534.3
44425.0,7375.0,535.2
44450.0,7375.0,536.1
44475.0,7375.0,536.8
44500.0,7375.0,537.4
44525.0,7375.0,537.9
44550.0,7375.0,538.2
44575.0,7375.0,538.3
44600.0,7375.0,538.2
44625.0,7375.0,537.9
44650.0,7375.0,537.4
44675.0,7375.0,536.9
44700.0,7375.0,540.5
44725.0,7375.0,549.5
44750.0,7375.0,562.1
44775.0,7375.0,576.9
44800.0,7375.0,592.8
44825.0,7375.0,608.8
44850.0,7375.0,624.2
44875.0,7375.0,638.3
44900.0,7375.0,650.8
44925.0,7375.0,661.4
44950.0,7375.0,670.1
44975.0,7375.0,676.7
45000.0,7375.0,681.5
45025.0,7375.0,684.4
45050.0,7375.0,685.7
45075.0,7375.0,685.5
45100.0,7375.0,684.3
45125.0,7375.0,683.2
45150.0,7375.0,682.3
45175.0,7375.0,681.4
45200.0,7375.0,680.7
45225.0,7375.0,680.2
45250.0,7375.0,679.8
45275.0,7375.0,679.6
45300.0,7375.0,679.5
45325.0,7375.0,679.5
45350.0,7375.0,679.6
45375.0,7375.0,679.8
45400.0,7375.0,680.1
45425.0,7375.0,680.4
45450.0,7375.0,680.7
45475.0,7375.0,681.0
45500.0,7375.0,681.3
45525.0,7375.0,681.6
45550.0,7375.0,681.8
45575.0,7375.0,682.1
45600.0,7375.0,682.3
45625.0,7375.0,682.4
45650.0,7375.0,682.6
45675.0,7375.0,682.8
45700.0,7375.0,682.9
45725.0,7375.0,683.1
45750.0,7375.0,683.3
45775.0,7375.0,683.5
45800.0,7375.0,683.7
45825.0,7375.0,683.9
45850.0,7375.0,684.2
45875.0,7375.0,684.5
45900.0,7375.0,684.8
45925.0,7375.0,685.2
45950.0,7375.0,684.5
45975.0,7375.0,681.2
46000.0,7375.0,675.1
46025.0,7375.0,666.0
46050.0,7375.0,654.1
46075.0,7375.0,639.3
46100.0,7375.0,622.1
46125.0,7375.0,603.1
46150.0,7375.0,583.3
46175.0,7375.0,564.0
46200.0,7375.0,546.8
46225.0,7375.0,533.6
46250.0,7375.0,526.3
46275.0,7375.0,525.8
46300.0,7375.0,526.4
46325.0,7375.0,526.9
46350.0,7375.0,527.3
46375.0,7375.0,527.7
46400.0,7375.0,528.0
46425.0,7375.0,528.3
46450.0,7375.0,528.6
46475.0,7375.0,529.0
46500.0,7375.0,529.5
43500.0,7400.0,538.3
43525.0,7400.0,538.3
43550.0,7400.0,538.1
43575.0,7400.0,537.7
43600.0,7400.0,537.1
43625.0,7400.0,536.3
43650.0,7400.0,535.3
43675.0,7400.0,534.1
43700.0,7400.0,532.7
43725.0,7400.0,531.2
43750.0,7400.0,529.7
43775.0,7400.0,528.1
43800.0,7400.0,526.5
43825.0,7400.0,525.1
43850.0,7400.0,523.8
43875.0,7400.0,522.7
43900.0,7400.0,521.8
43925.0,7400.0,521.1
43950.0,7400.0,520.8
43975.0,7400.0,520.6
44000.0,7400.0,520.7
44025.0,7400.0,521.0
44050.0,7400.0,521.5
44075.0,7400.0,522.1
44100.0,7400.0,522.8
44125.0,7400.0,523.6
44150.0,7400.0,524.5
44175.0,7400.0,525.4
44200.0,7400.0,526.3
44225.0,7400.0,527.2
44250.0,7400.0,528.2
44275.0,7400.0,529.1
44300.0,7400.0,530.1
44325.0,7400.0,531.1
44350.0,7400.0,532.1
44375.0,7400.0,533.1
44400.0,7400.0,534.1
44425.0,7400.0,535.0
44450.0,7400.0,535.8
44475.0,7400.0,536.5
44500.0,7400.0,537.1
44525.0,7400.0,537.6
44550.0,7400.0,537.9
44575.0,7400.0,538.0
44600.0,7400.0,537.9
44625.0,7400.0,537.6
44650.0,7400.0,537.3
44675.0,7400.0,542.1
44700.0,7400.0,552.2
44725.0,7400.0,565.9
44750.0,7400.0,582.0
44775.0,7400.0,599.0
44800.0,7400.0,615.9
44825.0,7400.0,632.1
44850.0,7400.0,646.7
44875.0,7400.0,659.5
44900.0,7400.0,670.1
44925.0,7400.0,678.3
44950.0,7400.0,684.2
44975.0,7400.0,687.7
45000.0,7400.0,689.1
45025.0,7400.0,688.4
45050.0,7400.0,687.0
45075.0,7400.0,685.8
45100.0,7400.0,684.6
45125.0,7400.0,683.6
45150.0,7400.0,682.6
45175.0,7400.0,681.8
45200.0,7400.0,681.2
45225.0,7400.0,680.7
45250.0,7400.0,680.4
45275.0,7400.0,680.2
45300.0,7400.0,680.2
45325.0,7400.0,680.3
45350.0,7400.0,680.5
45375.0,7400.0,680.8
45400.0,7400.0,681.2
45425.0,7400.0,681.5
45450.0,7400.0,681.9
45475.0,7400.0,682.3
45500.0,7400.0,682.7
45525.0,7400.0,683.1
45550.0,7400.0,683.4
45575.0,7400.0,683.6
45600.0,7400.0,683.8
45625.0,7400.0,684.0
45650.0,7400.0,684.2
45675.0,7400.0,684.3
45700.0,7400.0,684.4
45725.0,7400.0,684.5
45750.0,7400.0,684.6
45775.0,7400.0,684.8
45800.0,7400.0,684.9
45825.0,7400.0,685.0
45850.0,7400.0,685.2
45875.0,7400.0,685.4
45900.0,7400.0,685.7
45925.0,7400.0,686.1
45950.0,7400.0,685.8
45975.0,7400.0,682.7
46000.0,7400.0,676.5
46025.0,7400.0,667.2
46050.0,7400.0,654.6
46075.0,7400.0,639.0
46100.0,7400.0,620.9
46125.0,7400.0,600.9
46150.0,7400.0,580.3
46175.0,7400.0,560.5
46200.0,7400.0,543.6
46225.0,7400.0,531.6
46250.0,7400.0,526.8
46275.0,7400.0,527.4
46300.0,7400.0,527.9
46325.0,7400.0,528.4
46350.0,7400.0,528.8
46375.0,7400.0,529.1
46400.0,7400.0,529.4
46425.0,7400.0,529.6
46450.0,7400.0,529.9
46475.0,7400.0,530.2
46500.0,7400.0,530.6
43500.0,7425.0,538.5
43525.0,7425.0,538.3
43550.0,7425.0,537.9
43575.0,7425.0,537.3
43600.0,7425.0,536.5
43625.0,7425.0,535.5
43650.0,7425.0,534.3
43675.0,7425.0,532.9
43700.0,7425.0,531.4
43725.0,7425.0,529.7
43750.0,7425.0,528.1
43775.0,7425.0,526.5
43800.0,7425.0,524.9
43825.0,7425.0,523.5
43850.0,7425.0,522.4
43875.0,7425.0,521.4
43900.0,7425.0,520.7
43925.0,7425.0,520.2
43950.0,7425.0,520.0
43975.0,7425.0,520.0
44000.0,7425.0,520.3
44025.0,7425.0,520.7
44050.0,7425.0,521.3
44075.0,7425.0,522.0
44100.0,7425.0,522.8
44125.0,7425.0,523.6
44150.0,7425.0,524.5
44175.0,7425.0,525.4
44200.0,7425.0,526.3
44225.0,7425.0,527.2
44250.0,7425.0,528.1
44275.0,7425.0,529.1
44300.0,7425.0,530.0
44325.0,7425.0,531.0
44350.0,7425.0,531.9
44375.0,7425.0,532.9
44400.0,7425.0,533.8
44425.0,7425.0,534.7
44450.0,7425.0,535.5
44475.0,7425.0,536.2
44500.0,7425.0,536.8
44525.0,7425.0,537.2
44550.0,7425.0,537.5
44575.0,7425.0,537.5
44600.0,7425.0,537.4
44625.0,7425.0,537.6
44650.0,7425.0,543.1
44675.0,7425.0,554.1
44700.0,7425.0,568.9
44725.0,7425.0,585.8
44750.0,7425.0,603.7
44775.0,7425.0,621.5
44800.0,7425.0,638.3
44825.0,7425.0,653.4
44850.0,7425.0,666.3
44875.0,7425.0,676.8
44900.0,7425.0,684.5
44925.0,7425.0,689.5
44950.0,7425.0,691.7
44975.0,7425.0,691.3
45000.0,7425.0,689.9
45025.0,7425.0,688.6
45050.0,7425.0,687.3
45075.0,7425.0,686.1
45100.0,7425.0,685.0
45125.0,7425.0,683.9
45150.0,7425.0,683.0
45175.0,7425.0,682.3
45200.0,7425.0,681.7
45225.0,7425.0,681.3
45250.0,7425.0,681.0
45275.0,7425.0,680.9
45300.0,7425.0,681.0
45325.0,7425.0,681.2
45350.0,7425.0,681.5
45375.0,7425.0,681.9
45400.0,7425.0,682.4
45425.0,7425.0,682.9
45450.0,7425.0,683.3
45475.0,7425.0,683.8
45500.0,7425.0,684.3
45525.0,7425.0,684.7
45550.0,7425.0,685.0
45575.0,7425.0,685.3
45600.0,7425.0,685.6
45625.0,7425.0,685.8
45650.0,7425.0,685.9
45675.0,7425.0,686.0
45700.0,7425.0,686.1
45725.0,7425.0,686.1
45750.0,7425.0,686.2
45775.0,7425.0,686.2
45800.0,7425.0,686.2
45825.0,7425.0,686.3
45850.0,7425.0,686.4
45875.0,7425.0,686.6
45900.0,7425.0,686.8
45925.0,7425.0,687.1
45950.0,7425.0,687.0
45975.0,7425.0,683.9
46000.0,7425.0,677.5
46025.0,7425.0,667.6
46050.0,7425.0,654.2
46075.0,7425.0,637.7
46100.0,7425.0,618.5
46125.0,7425.0,597.5
46150.0,7425.0,576.2
46175.0,7425.0,556.3
46200.0,7425.0,540.1
46225.0,7425.0,530.0
46250.0,7425.0,528.2
46275.0,7425.0,528.9
46300.0,7425.0,529.4
46325.0,7425.0,529.9
46350.0,7425.0,530.2
46375.0,7425.0,530.4
46400.0,7425.0,530.6
46425.0,7425.0,530.8
46450.0,7425.0,531.0
46475.0,7425.0,531.3
46500.0,7425.0,531.6
43500.0,7450.0,538.6
43525.0,7450.0,538.2
43550.0,7450.0,537.6
43575.0,7450.0,536.8
43600.0,7450.0,535.8
43625.0,7450.0,534.6
43650.0,7450.0,533.2
43675.0,7450.0,531.6
43700.0,7450.0,530.0
43725.0,7450.0,528.3
43750.0,7450.0,526.6
43775.0,7450.0,525.0
43800.0,7450.0,523.5
43825.0,7450.0,522.2
43850.0,7450.0,521.2
43875.0,7450.0,520.3
43900.0,7450.0,519.8
43925.0,7450.0,519.5
43950.0,7450.0,519.5
43975.0,7450.0,519.7
44000.0,7450.0,520.0
44025.0,7450.0,520.6
44050.0,7450.0,521.3
44075.0,7450.0,522.0
44100.0,7450.0,522.8
44125.0,7450.0,523.7
44150.0,7450.0,524.5
44175.0,7450.0,525.4
44200.0,7450.0,526.3
44225.0,7450.0,527.2
44250.0,7450.0,528.0
44275.0,7450.0,528.9
44300.0,7450.0,529.9
44325.0,7450.0,530.8
44350.0,7450.0,531.7
44375.0,7450.0,532.7
44400.0,7450.0,533.6
44425.0,7450.0,534.4
44450.0,7450.0,535.2
44475.0,7450.0,535.9
44500.0,7450.0,536.4
44525.0,7450.0,536.8
44550.0,7450.0,537.0
44575.0,7450.0,537.1
44600.0,7450.0,537.5
44625.0,7450.0,543.7
44650.0,7450.0,555.4
44675.0,7450.0,570.9
44700.0,7450.0,588.7
44725.0,7450.0,607.3
44750.0,7450.0,625.7
44775.0,7450.0,643.0
44800.0,7450.0,658.5
44825.0,7450.0,671.6
44850.0,7450.0,681.9
44875.0,7450.0,689.1
44900.0,7450.0,693.2
44925.0,7450.0,694.1
44950.0,7450.0,692.9
44975.0,7450.0,691.5
45000.0,7450.0,690.2
45025.0,7450.0,688.9
45050.0,7450.0,687.6
45075.0,7450.0,686.4
45100.0,7450.0,685.3
45125.0,7450.0,684.3
45150.0,7450.0,683.5
45175.0,7450.0,682.8
45200.0,7450.0,682.3
45225.0,7450.0,681.9
45250.0,7450.0,681.7
45275.0,7450.0,681.7
45300.0,7450.0,681.9
45325.0,7450.0,682.2
45350.0,7450.0,682.6
45375.0,7450.0,683.1
45400.0,7450.0,683.7
45425.0,7450.0,684.3
45450.0,7450.0,684.9
45475.0,7450.0,685.5
45500.0,7450.0,686.0
45525.0,7450.0,686.5
45550.0,7450.0,686.9
45575.0,7450.0,687.2
45600.0,7450.0,687.5
45625.0,7450.0,687.7
45650.0,7450.0,687.8
45675.0,7450.0,687.9
45700.0,7450.0,687.9
45725.0,7450.0,687.8
45750.0,7450.0,687.8
45775.0,7450.0,687.7
45800.0,7450.0,687.7
45825.0,7450.0,687.7
45850.0,7450.0,687.7
45875.0,7450.0,687.8
45900.0,7450.0,688.0
45925.0,7450.0,688.4
45950.0,7450.0,688.2
45975.0,7450.0,684.8
46000.0,7450.0,677.9
46025.0,7450.0,667.2
46050.0,7450.0,652.9
46075.0,7450.0,635.3
46100.0,7450.0,615.0
46125.0,7450.0,593.1
46150.0,7450.0,571.3
46175.0,7450.0,551.7
46200.0,7450.0,536.8
46225.0,7450.0,529.5
46250.0,7450.0,529.7
46275.0,7450.0,530.3
46300.0,7450.0,530.8
46325.0,7450.0,531.1
46350.0,7450.0,531.4
46375.0,7450.0,531.5
46400.0,7450.0,531.7
46425.0,7450.0,531.8
46450.0,7450.0,531.9
46475.0,7450.0,532.2
46500.0,7450.0,532.5
43500.0,7475.0,538.5
43525.0,7475.0,538.0
43550.0,7475.0,537.2
43575.0,7475.0,536.2
43600.0,7475.0,535.0
43625.0,7475.0,533.6
43650.0,7475.0,532.0
43675.0,7475.0,530.4
43700.0,7475.0,528.6
43725.0,7475.0,526.9
43750.0,7475.0,525.2
43775.0,7475.0,523.7
43800.0,7475.0,522.3
43825.0,7475.0,521.1
43850.0,7475.0,520.2
43875.0,7475.0,519.5
43900.0,7475.0,519.2
43925.0,7475.0,519.0
43950.0,7475.0,519.2
43975.0,7475.0,519.5
44000.0,7475.0,520.0
44025.0,7475.0,520.6
44050.0,7475.0,521.3
44075.0,7475.0,522.1
44100.0,7475.0,522.9
44125.0,7475.0,523.8
44150.0,7475.0,524.6
44175.0,7475.0,525.5
44200.0,7475.0,526.3
44225.0,7475.0,527.1
44250.0,7475.0,528.0
44275.0,7475.0,528.8
44300.0,7475.0,529.7
44325.0,7475.0,530.6
44350.0,7475.0,531.5
44375.0,7475.0,532.4
44400.0,7475.0,533.3
44425.0,7475.0,534.1
44450.0,7475.0,534.8
44475.0,7475.0,535.5
44500.0,7475.0,536.0
44525.0,7475.0,536.3
44550.0,7475.0,536.5
44575.0,7475.0,537.1
44600.0,7475.0,543.7
44625.0,7475.0,556.0
44650.0,7475.0,572.2
44675.0,7475.0,590.6
44700.0,7475.0,609.9
44725.0,7475.0,628.9
44750.0,7475.0,646.7
44775.0,7475.0,662.4
44800.0,7475.0,675.6
44825.0,7475.0,685.7
44850.0,7475.0,692.6
44875.0,7475.0,695.9
44900.0,7475.0,695.7
44925.0,7475.0,694.4
44950.0,7475.0,693.1
44975.0,7475.0,691.8
45000.0,7475.0,690.5
45025.0,7475.0,689.2
45050.0,7475.0,688.0
45075.0,7475.0,686.8
45100.0,7475.0,685.7
45125.0,7475.0,684.7
45150.0,7475.0,683.9
45175.0,7475.0,683.3
45200.0,7475.0,682.8
45225.0,7475.0,682.6
45250.0,7475.0,682.5
45275.0,7475.0,682.6
45300.0,7475.0,682.9
45325.0,7475.0,683.3
45350.0,7475.0,683.9
45375.0,7475.0,684.5
45400.0,7475.0,685.2
45425.0,7475.0,685.9
45450.0,7475.0,686.6
45475.0,7475.0,687.3
45500.0,7475.0,687.9
45525.0,7475.0,688.4
45550.0,7475.0,688.9
45575.0,7475.0,689.2
45600.0,7475.0,689.5
45625.0,7475.0,689.7
45650.0,7475.0,689.8
45675.0,7475.0,689.8
45700.0,7475.0,689.7
45725.0,7475.0,689.6
45750.0,7475.0,689.5
45775.0,7475.0,689.4
45800.0,7475.0,689.2
45825.0,7475.0,689.2
45850.0,7475.0,689.1
45875.0,7475.0,689.2
45900.0,7475.0,689.4
45925.0,7475.0,689.7
45950.0,7475.0,689.2
45975.0,7475.0,685.3
46000.0,7475.0,677.6
46025.0,7475.0,666.0
46050.0,7475.0,650.6
46075.0,7475.0,631.7
46100.0,7475.0,610.4
46125.0,7475.0,587.7
46150.0,7475.0,565.7
46175.0,7475.0,546.9
46200.0,7475.0,534.1
46225.0,7475.0,530.4
46250.0,7475.0,531.1
46275.0,7475.0,531.6
46300.0,7475.0,532.0
46325.0,7475.0,532.3
46350.0,7475.0,532.4
46375.0,7475.0,532.5
46400.0,7475.0,532.5
46425.0,7475.0,532.6
46450.0,7475.0,532.7
46475.0,7475.0,532.9
46500.0,7475.0,533.1
43500.0,7500.0,538.3
43525.0,7500.0,537.6
43550.0,7500.0,536.7
43575.0,7500.0,535.5
43600.0,7500.0,534.1
43625.0,7500.0,532.6
43650.0,7500.0,530.9
43675.0,7500.0,529.2
43700.0,7500.0,527.4
43725.0,7500.0,525.7
43750.0,7500.0,524.0
43775.0,7500.0,522.6
43800.0,7500.0,521.3
43825.0,7500.0,520.3
43850.0,7500.0,519.5
43875.0,7500.0,519.0
43900.0,7500.0,518.8
43925.0,7500.0,518.8
43950.0,7500.0,519.1
43975.0,7500.0,519.5
44000.0,7500.0,520.1
44025.0,7500.0,520.8
44050.0,7500.0,521.5
44075.0,7500.0,522.3
44100.0,7500.0,523.1
44125.0,7500.0,523.9
44150.0,7500.0,524.7
44175.0,7500.0,525.5
44200.0,7500.0,526.3
44225.0,7500.0,527.1
44250.0,7500.0,527.9
44275.0,7500.0,528.8
44300.0,7500.0,529.6
44325.0,7500.0,530.5
44350.0,7500.0,531.3
44375.0,7500.0,532.2
44400.0,7500.0,533.0
44425.0,7500.0,533.8
44450.0,7500.0,534.5
44475.0,7500.0,535.0
44500.0,7500.0,535.5
44525.0,7500.0,535.8
44550.0,7500.0,536.5
44575.0,7500.0,543.3
44600.0,7500.0,556.0
44625.0,7500.0,572.7
44650.0,7500.0,591.7
44675.0,7500.0,611.6
44700.0,7500.0,631.1
44725.0,7500.0,649.3
44750.0,7500.0,665.4
44775.0,7500.0,678.7
44800.0,7500.0,688.7
44825.0,7500.0,695.2
44850.0,7500.0,697.8
44875.0,7500.0,697.1
44900.0,7500.0,695.9
44925.0,7500.0,694.7
44950.0,7500.0,693.4
44975.0,7500.0,692.1
45000.0,7500.0,690.8
45025.0,7500.0,689.5
45050.0,7500.0,688.3
45075.0,7500.0,687.1
45100.0,7500.0,686.1
45125.0,7500.0,685.2
45150.0,7500.0,684.4
45175.0,7500.0,683.8
45200.0,7500.0,683.5
45225.0,7500.0,683.3
45250.0,7500.0,683.4
45275.0,7500.0,683.6
45300.0,7500.0,684.0
45325.0,7500.0,684.6
45350.0,7500.0,685.2
45375.0,7500.0,686.0
45400.0,7500.0,686.8
45425.0,7500.0,687.6
45450.0,7500.0,688.4
45475.0,7500.0,689.2
45500.0,7500.0,689.9
45525.0,7500.0,690.4
45550.0,7500.0,690.9
45575.0,7500.0,691.3
45600.0,7500.0,691.6
45625.0,7500.0,691.7
45650.0,7500.0,691.8
45675.0,7500.0,691.7
45700.0,7500.0,691.6
45725.0,7500.0,691.4
45750.0,7500.0,691.2
45775.0,7500.0,691.0
45800.0,7500.0,690.9
45825.0,7500.0,690.7
45850.0,7500.0,690.6
45875.0,7500.0,690.7
45900.0,7500.0,690.8
45925.0,7500.0,691.1
45950.0,7500.0,690.1
45975.0,7500.0,685.3
46000.0,7500.0,676.5
46025.0,7500.0,663.7
46050.0,7500.0,647.0
46075.0,7500.0,627.0
46100.0,7500.0,604.7
46125.0,7500.0,581.5
46150.0,7500.0,559.8
46175.0,7500.0,542.3
46200.0,7500.0,532.4
46225.0,7500.0,531.7
46250.0,7500.0,532.3
46275.0,7500.0,532.7
46300.0,7500.0,533.0
46325.0,7500.0,533.2
46350.0,7500.0,533.2
46375.0,7500.0,533.2
46400.0,7500.0,533.2
46425.0,7500.0,533.2
46450.0,7500.0,533.2
46475.0,7500.0,533.3
46500.0,7500.0,533.6
43500.0,7525.0,538.0
43525.0,7525.0,537.2
43550.0,7525.0,536.1
43575.0,7525.0,534.7
43600.0,7525.0,533.2
43625.0,7525.0,531.6
43650.0,7525.0,529.9
43675.0,7525.0,528.1
43700.0,7525.0,526.3
43725.0,7525.0,524.6
43750.0,7525.0,523.1
43775.0,7525.0,521.7
43800.0,7525.0,520.6
43825.0,7525.0,519.7
43850.0,7525.0,519.1
43875.0,7525.0,518.8
43900.0,7525.0,518.7
43925.0,7525.0,518.9
43950.0,7525.0,519.2
43975.0,7525.0,519.7
44000.0,7525.0,520.4
44025.0,7525.0,521.1
44050.0,7525.0,521.8
44075.0,7525.0,522.6
44100.0,7525.0,523.4
44125.0,7525.0,524.2
44150.0,7525.0,524.9
44175.0,7525.0,525.7
44200.0,7525.0,526.4
44225.0,7525.0,527.2
44250.0,7525.0,527.9
44275.0,7525.0,528.7
44300.0,7525.0,529.5
44325.0,7525.0,530.3
44350.0,7525.0,531.1
44375.0,7525.0,531.9
44400.0,7525.0,532.7
44425.0,7525.0,533.4
44450.0,7525.0,534.0
44475.0,7525.0,534.6
44500.0,7525.0,535.0
44525.0,7525.0,535.7
44550.0,7525.0,542.3
44575.0,7525.0,555.2
44600.0,7525.0,572.4
44625.0,7525.0,591.9
44650.0,7525.0,612.4
44675.0,7525.0,632.5
44700.0,7525.0,651.2
44725.0,7525.0,667.6
44750.0,7525.0,681.0
44775.0,7525.0,691.1
44800.0,7525.0,697.2
44825.0,7525.0,699.3
44850.0,7525.0,698.4
44875.0,7525.0,697.3
44900.0,7525.0,696.2
44925.0,7525.0,695.0
44950.0,7525.0,693.7
44975.0,7525.0,692.4
45000.0,7525.0,691.1
45025.0,7525.0,689.9
45050.0,7525.0,688.7
45075.0,7525.0,687.5
45100.0,7525.0,686.5
45125.0,7525.0,685.6
45150.0,7525.0,684.9
45175.0,7525.0,684.4
45200.0,7525.0,684.2
45225.0,7525.0,684.1
45250.0,7525.0,684.3
45275.0,7525.0,684.6
45300.0,7525.0,685.2
45325.0,7525.0,685.9
45350.0,7525.0,686.7
45375.0,7525.0,687.6
45400.0,7525.0,688.5
45425.0,7525.0,689.4
45450.0,7525.0,690.3
45475.0,7525.0,691.1
45500.0,7525.0,691.9
45525.0,7525.0,692.5
45550.0,7525.0,693.0
45575.0,7525.0,693.4
45600.0,7525.0,693.6
45625.0,7525.0,693.8
45650.0,7525.0,693.8
45675.0,7525.0,693.7
45700.0,7525.0,693.5
45725.0,7525.0,693.3
45750.0,7525.0,693.0
45775.0,7525.0,692.7
45800.0,7525.0,692.5
45825.0,7525.0,692.3
45850.0,7525.0,692.2
45875.0,7525.0,692.2
45900.0,7525.0,692.3
45925.0,7525.0,692.5
45950.0,7525.0,690.5
45975.0,7525.0,684.4
46000.0,7525.0,674.3
46025.0,7525.0,660.2
46050.0,7525.0,642.2
46075.0,7525.0,621.1
46100.0,7525.0,597.9
46125.0,7525.0,574.7
46150.0,7525.0,553.7
46175.0,7525.0,538.3
46200.0,7525.0,532.1
46225.0,7525.0,532.7
46250.0,7525.0,533.2
46275.0,7525.0,533.6
46300.0,7525.0,533.8
46325.0,7525.0,533.8
46350.0,7525.0,533.8
46375.0,7525.0,533.7
46400.0,7525.0,533.6
46425.0,7525.0,533.6
46450.0,7525.0,533.5
46475.0,7525.0,533.6
46500.0,7525.0,533.8
43500.0,7550.0,537.6
43525.0,7550.0,536.6
43550.0,7550.0,535.4
43575.0,7550.0,533.9
43600.0,7550.0,532.4
43625.0,7550.0,530.7
43650.0,7550.0,528.9
43675.0,7550.0,527.1
43700.0,7550.0,525.4
43725.0,7550.0,523.8
43750.0,7550.0,522.4
43775.0,7550.0,521.2
43800.0,7550.0,520.2
43825.0,7550.0,519.5
43850.0,7550.0,519.0
43875.0,7550.0,518.8
43900.0,7550.0,518.9
43925.0,7550.0,519.1
43950.0,7550.0,519.6
43975.0,7550.0,520.1
44000.0,7550.0,520.8
44025.0,7550.0,521.5
44050.0,7550.0,522.2
44075.0,7550.0,523.0
44100.0,7550.0,523.7
44125.0,7550.0,524.4
44150.0,7550.0,525.1
44175.0,7550.0,525.8
44200.0,7550.0,526.5
44225.0,7550.0,527.2
44250.0,7550.0,527.9
44275.0,7550.0,528.7
44300.0,7550.0,529.4
44325.0,7550.0,530.2
44350.0,7550.0,530.9
44375.0,7550.0,531.7
44400.0,7550.0,532.4
44425.0,7550.0,533.0
44450.0,7550.0,533.6
44475.0,7550.0,534.1
44500.0,7550.0,534.6
44525.0,7550.0,540.8
44550.0,7550.0,553.7
44575.0,7550.0,571.2
44600.0,7550.0,591.2
44625.0,7550.0,612.3
44650.0,7550.0,633.0
44675.0,7550.0,652.2
44700.0,7550.0,669.0
44725.0,7550.0,682.7
44750.0,7550.0,692.8
44775.0,7550.0,698.8
44800.0,7550.0,700.4
44825.0,7550.0,699.5
44850.0,7550.0,698.6
44875.0,7550.0,697.6
44900.0,7550.0,696.5
44925.0,7550.0,695.3
44950.0,7550.0,694.1
44975.0,7550.0,692.8
45000.0,7550.0,691.5
45025.0,7550.0,690.2
45050.0,7550.0,689.0
45075.0,7550.0,687.9
45100.0,7550.0,686.9
45125.0,7550.0,686.1
45150.0,7550.0,685.5
45175.0,7550.0,685.1
45200.0,7550.0,684.9
45225.0,7550.0,685.0
45250.0,7550.0,685.3
45275.0,7550.0,685.8
45300.0,7550.0,686.5
45325.0,7550.0,687.3
45350.0,7550.0,688.2
45375.0,7550.0,689.2
45400.0,7550.0,690.3
45425.0,7550.0,691.3
45450.0,7550.0,692.2
45475.0,7550.0,693.1
45500.0,7550.0,693.9
45525.0,7550.0,694.6
45550.0,7550.0,695.1
45575.0,7550.0,695.5
45600.0,7550.0,695.7
45625.0,7550.0,695.8
45650.0,7550.0,695.7
45675.0,7550.0,695.6
45700.0,7550.0,695.4
45725.0,7550.0,695.1
45750.0,7550.0,694.7
45775.0,7550.0,694.4
45800.0,7550.0,694.1
45825.0,7550.0,693.8
45850.0,7550.0,693.7
45875.0,7550.0,693.6
45900.0,7550.0,693.7
45925.0,7550.0,693.5
45950.0,7550.0,690.0
45975.0,7550.0,682.5
46000.0,7550.0,670.9
46025.0,7550.0,655.3
46050.0,7550.0,636.0
46075.0,7550.0,613.9
46100.0,7550.0,590.3
46125.0,7550.0,567.3
46150.0,7550.0,547.8
46175.0,7550.0,535.3
46200.0,7550.0,532.9
46225.0,7550.0,533.5
46250.0,7550.0,533.9
46275.0,7550.0,534.2
46300.0,7550.0,534.3
46325.0,7550.0,534.3
46350.0,7550.0,534.2
46375.0,7550.0,534.0
46400.0,7550.0,533.9
46425.0,7550.0,533.7
46450.0,7550.0,533.6
46475.0,7550.0,533.6
46500.0,7550.0,533.7
43500.0,7575.0,537.2
43525.0,7575.0,536.0
43550.0,7575.0,534.7
43575.0,7575.0,533.2
43600.0,7575.0,531.5
43625.0,7575.0,529.8
43650.0,7575.0,528.1
43675.0,7575.0,526.4
43700.0,7575.0,524.7
43725.0,7575.0,523.2
43750.0,7575.0,521.9
43775.0,7575.0,520.9
43800.0,7575.0,520.0
43825.0,7575.0,519.5
43850.0,7575.0,519.1
43875.0,7575.0,519.1
43900.0,7575.0,519.2
43925.0,7575.0,519.6
43950.0,7575.0,520.1
43975.0,7575.0,520.7
44000.0,7575.0,521.3
44025.0,7575.0,522.0
44050.0,7575.0,522.7
44075.0,7575.0,523.4
44100.0,7575.0,524.1
44125.0,7575.0,524.8
44150.0,7575.0,525.4
44175.0,7575.0,526.0
44200.0,7575.0,526.7
44225.0,7575.0,527.3
44250.0,7575.0,528.0
44275.0,7575.0,528.6
44300.0,7575.0,529.3
44325.0,7575.0,530.0
44350.0,7575.0,530.7
44375.0,7575.0,531.4
44400.0,7575.0,532.1
44425.0,7575.0,532.6
44450.0,7575.0,533.2
44475.0,7575.0,533.6
44500.0,7575.0,538.9
44525.0,7575.0,551.5
44550.0,7575.0,569.1
44575.0,7575.0,589.6
44600.0,7575.0,611.3
44625.0,7575.0,632.7
44650.0,7575.0,652.5
44675.0,7575.0,669.8
44700.0,7575.0,683.9
44725.0,7575.0,694.1
44750.0,7575.0,700.0
44775.0,7575.0,701.3
44800.0,7575.0,700.5
44825.0,7575.0,699.8
44850.0,7575.0,698.9
44875.0,7575.0,697.9
44900.0,7575.0,696.8
44925.0,7575.0,695.6
44950.0,7575.0,694.4
44975.0,7575.0,693.1
45000.0,7575.0,691.8
45025.0,7575.0,690.6
45050.0,7575.0,689.4
45075.0,7575.0,688.3
45100.0,7575.0,687.4
45125.0,7575.0,686.6
45150.0,7575.0,686.1
45175.0,7575.0,685.8
45200.0,7575.0,685.8
45225.0,7575.0,685.9
45250.0,7575.0,686.4
45275.0,7575.0,687.0
45300.0,7575.0,687.8
45325.0,7575.0,688.8
45350.0,7575.0,689.8
45375.0,7575.0,690.9
45400.0,7575.0,692.0
45425.0,7575.0,693.1
45450.0,7575.0,694.2
45475.0,7575.0,695.1
45500.0,7575.0,695.9
45525.0,7575.0,696.6
45550.0,7575.0,697.1
45575.0,7575.0,697.4
45600.0,7575.0,697.6
45625.0,7575.0,697.7
45650.0,7575.0,697.6
45675.0,7575.0,697.4
45700.0,7575.0,697.1
45725.0,7575.0,696.8
45750.0,7575.0,696.4
45775.0,7575.0,696.0
45800.0,7575.0,695.6
45825.0,7575.0,695.3
45850.0,7575.0,695.1
45875.0,7575.0,695.0
45900.0,7575.0,695.0
45925.0,7575.0,693.7
45950.0,7575.0,688.5
45975.0,7575.0,679.2
46000.0,7575.0,665.9
46025.0,7575.0,648.8
46050.0,7575.0,628.3
46075.0,7575.0,605.5
46100.0,7575.0,581.8
46125.0,7575.0,559.8
46150.0,7575.0,542.4
46175.0,7575.0,533.5
46200.0,7575.0,533.6
46225.0,7575.0,534.1
46250.0,7575.0,534.4
46275.0,7575.0,534.5
46300.0,7575.0,534.6
46325.0,7575.0,534.5
46350.0,7575.0,534.3
46375.0,7575.0,534.1
46400.0,7575.0,533.9
46425.0,7575.0,533.7
46450.0,7575.0,533.5
46475.0,7575.0,533.5
46500.0,7575.0,533.5
43500.0,7600.0,536.6
43525.0,7600.0,535.4
43550.0,7600.0,534.0
43575.0,7600.0,532.4
43600.0,7600.0,530.8
43625.0,7600.0,529.1
43650.0,7600.0,527.4
43675.0,7600.0,525.8
43700.0,7600.0,524.3
43725.0,7600.0,522.9
43750.0,7600.0,521.7
43775.0,7600.0,520.8
43800.0,7600.0,520.1
43825.0,7600.0,519.7
43850.0,7600.0,519.5
43875.0,7600.0,519.6
43900.0,7600.0,519.8
43925.0,7600.0,520.2
43950.0,7600.0,520.7
43975.0,7600.0,521.3
44000.0,7600.0,522.0
44025.0,7600.0,522.6
44050.0,7600.0,523.3
44075.0,7600.0,523.9
44100.0,7600.0,524.6
44125.0,7600.0,525.2
44150.0,7600.0,525.7
44175.0,7600.0,526.3
44200.0,7600.0,526.9
44225.0,7600.0,527.4
44250.0,7600.0,528.0
44275.0,7600.0,528.6
44300.0,7600.0,529.3
44325.0,7600.0,529.9
44350.0,7600.0,530.5
44375.0,7600.0,531.1
44400.0,7600.0,531.7
44425.0,7600.0,532.2
44450.0,7600.0,532.7
44475.0,7600.0,536.7
44500.0,7600.0,548.6
44525.0,7600.0,566.0
44550.0,7600.0,586.9
44575.0,7600.0,609.2
44600.0,7600.0,631.3
44625.0,7600.0,651.9
44650.0,7600.0,669.9
44675.0,7600.0,684.5
44700.0,7600.0,694.9
44725.0,7600.0,700.9
44750.0,7600.0,701.9
44775.0,7600.0,701.4
44800.0,7600.0,700.8
44825.0,7600.0,700.0
44850.0,7600.0,699.2
44875.0,7600.0,698.2
44900.0,7600.0,697.2
44925.0,7600.0,696.0
44950.0,7600.0,694.8
44975.0,7600.0,693.5
45000.0,7600.0,692.2
45025.0,7600.0,691.0
45050.0,7600.0,689.8
45075.0,7600.0,688.8
45100.0,7600.0,687.9
45125.0,7600.0,687.2
45150.0,7600.0,686.8
45175.0,7600.0,686.6
45200.0,7600.0,686.7
45225.0,7600.0,687.0
45250.0,7600.0,687.5
45275.0,7600.0,688.3
45300.0,7600.0,689.2
45325.0,7600.0,690.3
45350.0,7600.0,691.4
45375.0,7600.0,692.6
45400.0,7600.0,693.8
45425.0,7600.0,695.0
45450.0,7600.0,696.0
45475.0,7600.0,697.0
45500.0,7600.0,697.8
45525.0,7600.0,698.5
45550.0,7600.0,699.0
45575.0,7600.0,699.3
45600.0,7600.0,699.5
45625.0,7600.0,699.5
45650.0,7600.0,699.4
45675.0,7600.0,699.1
45700.0,7600.0,698.8
45725.0,7600.0,698.4
45750.0,7600.0,697.9
45775.0,7600.0,697.5
45800.0,7600.0,697.0
45825.0,7600.0,696.6
45850.0,7600.0,696.4
45875.0,7600.0,696.2
45900.0,7600.0,696.0
45925.0,7600.0,692.6
45950.0,7600.0,685.4
45975.0,7600.0,674.2
46000.0,7600.0,659.2
46025.0,7600.0,640.7
46050.0,7600.0,619.2
46075.0,7600.0,596.0
46100.0,7600.0,572.8
46125.0,7600.0,552.3
46150.0,7600.0,537.9
46175.0,7600.0,533.4
46200.0,7600.0,534.0
46225.0,7600.0,534.3
46250.0,7600.0,534.6
46275.0,7600.0,534.7
46300.0,7600.0,534.6
46325.0,7600.0,534.4
46350.0,7600.0,534.2
46375.0,7600.0,533.9
46400.0,7600.0,533.6
46425.0,7600.0,533.4
46450.0,7600.0,533.2
46475.0,7600.0,533.1
46500.0,7600.0,533.1
43500.0,7625.0,536.0
43525.0,7625.0,534.7
43550.0,7625.0,533.3
43575.0,7625.0,531.8
43600.0,7625.0,530.2
43625.0,7625.0,528.5
43650.0,7625.0,526.9
43675.0,7625.0,525.4
43700.0,7625.0,524.0
43725.0,7625.0,522.8
43750.0,7625.0,521.8
43775.0,7625.0,521.0
43800.0,7625.0,520.5
43825.0,7625.0,520.2
43850.0,7625.0,520.1
43875.0,7625.0,520.3
43900.0,7625.0,520.5
43925.0,7625.0,521.0
43950.0,7625.0,521.5
43975.0,7625.0,522.1
44000.0,7625.0,522.7
44025.0,7625.0,523.3
44050.0,7625.0,523.9
44075.0,7625.0,524.5
44100.0,7625.0,525.0
44125.0,7625.0,525.6
44150.0,7625.0,526.1
44175.0,7625.0,526.6
44200.0,7625.0,527.1
44225.0,7625.0,527.6
44250.0,7625.0,528.1
44275.0,7625.0,528.6
44300.0,7625.0,529.2
44325.0,7625.0,529.7
44350.0,7625.0,530.3
44375.0,7625.0,530.8
44400.0,7625.0,531.3
44425.0,7625.0,531.8
44450.0,7625.0,534.5
44475.0,7625.0,545.2
44500.0,7625.0,562.2
44525.0,7625.0,583.2
44550.0,7625.0,606.0
44575.0,7625.0,629.0
44600.0,7625.0,650.4
44625.0,7625.0,669.2
44650.0,7625.0,684.4
44675.0,7625.0,695.3
44700.0,7625.0,701.4
44725.0,7625.0,702.4
44750.0,7625.0,702.1
44775.0,7625.0,701.6
44800.0,7625.0,701.1
44825.0,7625.0,700.4
44850.0,7625.0,699.5
44875.0,7625.0,698.6
44900.0,7625.0,697.5
44925.0,7625.0,696.4
44950.0,7625.0,695.1
44975.0,7625.0,693.8
45000.0,7625.0,692.6
45025.0,7625.0,691.3
45050.0,7625.0,690.2
45075.0,7625.0,689.2
45100.0,7625.0,688.4
45125.0,7625.0,687.8
45150.0,7625.0,687.5
45175.0,7625.0,687.4
45200.0,7625.0,687.6
45225.0,7625.0,688.1
45250.0,7625.0,688.7
45275.0,7625.0,689.6
45300.0,7625.0,690.7
45325.0,7625.0,691.8
45350.0,7625.0,693.0
45375.0,7625.0,694.3
45400.0,7625.0,695.5
45425.0,7625.0,696.7
45450.0,7625.0,697.8
45475.0,7625.0,698.8
45500.0,7625.0,699.6
45525.0,7625.0,700.2
45550.0,7625.0,700.7
45575.0,7625.0,701.1
45600.0,7625.0,701.2
45625.0,7625.0,701.2
45650.0,7625.0,701.0
45675.0,7625.0,700.7
45700.0,7625.0,700.3
45725.0,7625.0,699.8
45750.0,7625.0,699.3
45775.0,7625.0,698.8
45800.0,7625.0,698.3
45825.0,7625.0,697.8
45850.0,7625.0,697.5
45875.0,7625.0,697.3
45900.0,7625.0,695.5
45925.0,7625.0,689.9
45950.0,7625.0,680.5
45975.0,7625.0,667.3
46000.0,7625.0,650.7
46025.0,7625.0,630.9
46050.0,7625.0,608.7
46075.0,7625.0,585.6
46100.0,7625.0,563.6
46125.0,7625.0,545.4
46150.0,7625.0,534.6
46175.0,7625.0,533.6
46200.0,7625.0,534.1
46225.0,7625.0,534.4
46250.0,7625.0,534.5
46275.0,7625.0,534.6
46300.0,7625.0,534.4
46325.0,7625.0,534.2
46350.0,7625.0,533.9
46375.0,7625.0,533.5
46400.0,7625.0,533.2
46425.0,7625.0,532.9
46450.0,7625.0,532.7
46475.0,7625.0,532.5
46500.0,7625.0,532.5
43500.0,7650.0,535.4
43525.0,7650.0,534.1
43550.0,7650.0,532.7
43575.0,7650.0,531.2
43600.0,7650.0,529.7
43625.0,7650.0,528.1
43650.0,7650.0,526.7
43675.0,7650.0,525.3
43700.0,7650.0,524.0
43725.0,7650.0,523.0
43750.0,7650.0,522.1
43775.0,7650.0,521.5
43800.0,7650.0,521.1
43825.0,7650.0,520.9
43850.0,7650.0,520.9
43875.0,7650.0,521.1
43900.0,7650.0,521.4
43925.0,7650.0,521.9
43950.0,7650.0,522.4
43975.0,7650.0,522.9
44000.0,7650.0,523.5
44025.0,7650.0,524.1
44050.0,7650.0,524.6
44075.0,7650.0,525.1
44100.0,7650.0,525.6
44125.0,7650.0,526.0
44150.0,7650.0,526.4
44175.0,7650.0,526.9
44200.0,7650.0,527.3
44225.0,7650.0,527.7
44250.0,7650.0,528.1
44275.0,7650.0,528.6
44300.0,7650.0,529.1
44325.0,7650.0,529.6
44350.0,7650.0,530.0
44375.0,7650.0,530.5
44400.0,7650.0,530.9
44425.0,7650.0,532.4
44450.0,7650.0,541.6
44475.0,7650.0,557.7
44500.0,7650.0,578.6
44525.0,7650.0,601.8
44550.0,7650.0,625.5
44575.0,7650.0,647.9
44600.0,7650.0,667.7
44625.0,7650.0,683.7
44650.0,7650.0,695.3
44675.0,7650.0,701.6
44700.0,7650.0,702.8
44725.0,7650.0,702.6
44750.0,7650.0,702.3
44775.0,7650.0,701.9
44800.0,7650.0,701.4
44825.0,7650.0,700.7
44850.0,7650.0,699.9
44875.0,7650.0,699.0
44900.0,7650.0,697.9
44925.0,7650.0,696.7
44950.0,7650.0,695.5
44975.0,7650.0,694.2
45000.0,7650.0,692.9
45025.0,7650.0,691.7
45050.0,7650.0,690.6
45075.0,7650.0,689.7
45100.0,7650.0,689.0
45125.0,7650.0,688.5
45150.0,7650.0,688.3
45175.0,7650.0,688.3
45200.0,7650.0,688.7
45225.0,7650.0,689.2
45250.0,7650.0,690.0
45275.0,7650.0,691.0
45300.0,7650.0,692.1
45325.0,7650.0,693.3
45350.0,7650.0,694.6
45375.0,7650.0,695.9
45400.0,7650.0,697.2
45425.0,7650.0,698.4
45450.0,7650.0,699.5
45475.0,7650.0,700.4
45500.0,7650.0,701.2
45525.0,7650.0,701.9
45550.0,7650.0,702.3
45575.0,7650.0,702.6
45600.0,7650.0,702.7
45625.0,7650.0,702.7
45650.0,7650.0,702.5
45675.0,7650.0,702.1
45700.0,7650.0,701.6
45725.0,7650.0,701.1
45750.0,7650.0,700.5
45775.0,7650.0,699.9
45800.0,7650.0,699.3
45825.0,7650.0,698.8
45850.0,7650.0,698.4
45875.0,7650.0,697.5
45900.0,7650.0,693.2
45925.0,7650.0,685.1
45950.0,7650.0,673.5
45975.0,7650.0,658.4
46000.0,7650.0,640.2
46025.0,7650.0,619.5
46050.0,7650.0,597.1
46075.0,7650.0,574.7
46100.0,7650.0,554.5
46125.0,7650.0,539.4
46150.0,7650.0,533.1
46175.0,7650.0,533.6
46200.0,7650.0,534.0
46225.0,7650.0,534.2
46250.0,7650.0,534.3
46275.0,7650.0,534.2
46300.0,7650.0,534.0
46325.0,7650.0,533.7
46350.0,7650.0,533.4
46375.0,7650.0,533.0
46400.0,7650.0,532.6
46425.0,7650.0,532.3
46450.0,7650.0,532.0
46475.0,7650.0,531.8
46500.0,7650.0,531.8
43500.0,7675.0,534.8
43525.0,7675.0,533.5
43550.0,7675.0,532.2
43575.0,7675.0,530.8
43600.0,7675.0,529.3
43625.0,7675.0,527.9
43650.0,7675.0,526.6
43675.0,7675.0,525.3
43700.0,7675.0,524.2
43725.0,7675.0,523.3
43750.0,7675.0,522.6
43775.0,7675.0,522.1
43800.0,7675.0,521.8
43825.0,7675.0,521.7
43850.0,7675.0,521.8
43875.0,7675.0,522.0
43900.0,7675.0,522.4
43925.0,7675.0,522.8
43950.0,7675.0,523.3
43975.0,7675.0,523.8
44000.0,7675.0,524.3
44025.0,7675.0,524.8
44050.0,7675.0,525.3
44075.0,7675.0,525.7
44100.0,7675.0,526.1
44125.0,7675.0,526.5
44150.0,7675.0,526.8
44175.0,7675.0,527.1
44200.0,7675.0,527.5
44225.0,7675.0,527.8
44250.0,7675.0,528.2
44275.0,7675.0,528.6
44300.0,7675.0,528.9
44325.0,7675.0,529.3
44350.0,7675.0,529.7
44375.0,7675.0,530.1
44400.0,7675.0,530.8
44425.0,7675.0,538.0
44450.0,7675.0,552.9
44475.0,7675.0,573.3
44500.0,7675.0,596.7
44525.0,7675.0,621.0
44550.0,7675.0,644.4
44575.0,7675.0,665.3
44600.0,7675.0,682.3
44625.0,7675.0,694.7
44650.0,7675.0,701.6
44675.0,7675.0,702.9
44700.0,7675.0,702.9
44725.0,7675.0,702.8
44750.0,7675.0,702.6
44775.0,7675.0,702.2
44800.0,7675.0,701.7
44825.0,7675.0,701.1
44850.0,7675.0,700.3
44875.0,7675.0,699.3
44900.0,7675.0,698.3
44925.0,7675.0,697.1
44950.0,7675.0,695.8
44975.0,7675.0,694.5
45000.0,7675.0,693.3
45025.0,7675.0,692.1
45050.0,7675.0,691.1
45075.0,7675.0,690.3
45100.0,7675.0,689.7
45125.0,7675.0,689.3
45150.0,7675.0,689.2
45175.0,7675.0,689.3
45200.0,7675.0,689.7
45225.0,7675.0,690.4
45250.0,7675.0,691.3
45275.0,7675.0,692.3
45300.0,7675.0,693.5
45325.0,7675.0,694.8
45350.0,7675.0,696.1
45375.0,7675.0,697.4
45400.0,7675.0,698.7
45425.0,7675.0,699.9
45450.0,7675.0,701.0
45475.0,7675.0,701.9
45500.0,7675.0,702.7
45525.0,7675.0,703.3
45550.0,7675.0,703.8
45575.0,7675.0,704.0
45600.0,7675.0,704.1
45625.0,7675.0,704.0
45650.0,7675.0,703.7
45675.0,7675.0,703.3
45700.0,7675.0,702.8
45725.0,7675.0,702.2
45750.0,7675.0,701.5
45775.0,7675.0,700.8
45800.0,7675.0,700.2
45825.0,7675.0,699.5
45850.0,7675.0,699.0
45875.0,7675.0,695.7
45900.0,7675.0,688.6
45925.0,7675.0,678.0
45950.0,7675.0,664.2
45975.0,7675.0,647.4
46000.0,7675.0,628.0
46025.0,7675.0,606.7
46050.0,7675.0,584.8
46075.0,7675.0,563.8
46100.0,7675.0,546.1
46125.0,7675.0,534.8
46150.0,7675.0,532.9
46175.0,7675.0,533.3
46200.0,7675.0,533.7
46225.0,7675.0,533.8
46250.0,7675.0,533.9
46275.0,7675.0,533.7
46300.0,7675.0,533.5
46325.0,7675.0,533.1
46350.0,7675.0,532.7
46375.0,7675.0,532.3
46400.0,7675.0,531.9
46425.0,7675.0,531.5
46450.0,7675.0,531.2
46475.0,7675.0,531.0
46500.0,7675.0,530.9
43500.0,7700.0,534.2
43525.0,7700.0,533.0
43550.0,7700.0,531.8
43575.0,7700.0,530.5
43600.0,7700.0,529.1
43625.0,7700.0,527.9
43650.0,7700.0,526.6
43675.0,7700.0,525.6
43700.0,7700.0,524.6
43725.0,7700.0,523.8
43750.0,7700.0,523.3
43775.0,7700.0,522.9
43800.0,7700.0,522.7
43825.0,7700.0,522.7
43850.0,7700.0,522.8
43875.0,7700.0,523.1
43900.0,7700.0,523.4
43925.0,7700.0,523.9
43950.0,7700.0,524.3
43975.0,7700.0,524.8
44000.0,7700.0,525.2
44025.0,7700.0,525.6
44050.0,7700.0,526.0
44075.0,7700.0,526.3
44100.0,7700.0,526.6
44125.0,7700.0,526.9
44150.0,7700.0,527.1
44175.0,7700.0,527.4
44200.0,7700.0,527.6
44225.0,7700.0,527.9
44250.0,7700.0,528.2
44275.0,7700.0,528.5
44300.0,7700.0,528.8
44325.0,7700.0,529.1
44350.0,7700.0,529.4
44375.0,7700.0,529.7
44400.0,7700.0,534.8
44425.0,7700.0,548.2
44450.0,7700.0,567.6
44475.0,7700.0,590.9
44500.0,7700.0,615.6
44525.0,7700.0,639.9
44550.0,7700.0,661.9
44575.0,7700.0,680.2
44600.0,7700.0,693.6
44625.0,7700.0,701.2
44650.0,7700.0,702.8
44675.0,7700.0,703.0
44700.0,7700.0,703.1
44725.0,7700.0,703.0
44750.0,7700.0,702.9
44775.0,7700.0,702.6
44800.0,7700.0,702.1
44825.0,7700.0,701.5
44850.0,7700.0,700.6
44875.0,7700.0,699.7
44900.0,7700.0,698.6
44925.0,7700.0,697.4
44950.0,7700.0,696.1
44975.0,7700.0,694.9
45000.0,7700.0,693.7
45025.0,7700.0,692.6
45050.0,7700.0,691.6
45075.0,7700.0,690.9
45100.0,7700.0,690.4
45125.0,7700.0,690.1
45150.0,7700.0,690.1
45175.0,7700.0,690.3
45200.0,7700.0,690.9
45225.0,7700.0,691.6
45250.0,7700.0,692.5
45275.0,7700.0,693.7
45300.0,7700.0,694.9
45325.0,7700.0,696.2
45350.0,7700.0,697.5
45375.0,7700.0,698.8
45400.0,7700.0,700.1
45425.0,7700.0,701.3
45450.0,7700.0,702.3
45475.0,7700.0,703.3
45500.0,7700.0,704.0
45525.0,7700.0,704.6
45550.0,7700.0,705.0
45575.0,7700.0,705.3
45600.0,7700.0,705.3
45625.0,7700.0,705.1
45650.0,7700.0,704.8
45675.0,7700.0,704.3
45700.0,7700.0,703.8
45725.0,7700.0,703.1
45750.0,7700.0,702.3
45775.0,7700.0,701.5
45800.0,7700.0,700.8
45825.0,7700.0,700.1
45850.0,7700.0,697.7
45875.0,7700.0,691.4
45900.0,7700.0,681.6
45925.0,7700.0,668.6
45950.0,7700.0,652.7
45975.0,7700.0,634.4
46000.0,7700.0,614.3
46025.0,7700.0,593.1
46050.0,7700.0,572.2
46075.0,7700.0,553.3
46100.0,7700.0,538.9
46125.0,7700.0,532.2
46150.0,7700.0,532.5
46175.0,7700.0,532.9
46200.0,7700.0,533.2
46225.0,7700.0,533.3
46250.0,7700.0,533.3
46275.0,7700.0,533.1
46300.0,7700.0,532.8
46325.0,7700.0,532.4
46350.0,7700.0,531.9
46375.0,7700.0,531.5
46400.0,7700.0,531.0
46425.0,7700.0,530.6
46450.0,7700.0,530.3
46475.0,7700.0,530.1
46500.0,7700.0,530.0
43500.0,7725.0,533.7
43525.0,7725.0,532.6
43550.0,7725.0,531.5
43575.0,7725.0,530.3
43600.0,7725.0,529.1
43625.0,7725.0,527.9
43650.0,7725.0,526.9
43675.0,7725.0,525.9
43700.0,7725.0,525.1
43725.0,7725.0,524.5
43750.0,7725.0,524.1
43775.0,7725.0,523.8
43800.0,7725.0,523.7
43825.0,7725.0,523.7
43850.0,7725.0,523.9
43875.0,7725.0,524.2
43900.0,7725.0,524.5
43925.0,7725.0,524.9
43950.0,7725.0,525.3
43975.0,7725.0,525.7
44000.0,7725.0,526.1
44025.0,7725.0,526.4
44050.0,7725.0,526.7
44075.0,7725.0,526.9
44100.0,7725.0,527.1
44125.0,7725.0,527.3
44150.0,7725.0,527.5
44175.0,7725.0,527.6
44200.0,7725.0,527.8
44225.0,7725.0,527.9
44250.0,7725.0,528.1
44275.0,7725.0,528.3
44300.0,7725.0,528.6
44325.0,7725.0,528.8
44350.0,7725.0,529.1
44375.0,7725.0,532.2
44400.0,7725.0,543.8
44425.0,7725.0,562.0
44450.0,7725.0,584.7
44475.0,7725.0,609.7
44500.0,7725.0,634.7
44525.0,7725.0,657.8
44550.0,7725.0,677.3
44575.0,7725.0,691.9
44600.0,7725.0,700.5
44625.0,7725.0,702.7
44650.0,7725.0,702.9
44675.0,7725.0,703.2
44700.0,7725.0,703.3
44725.0,7725.0,703.3
44750.0,7725.0,703.2
44775.0,7725.0,702.9
44800.0,7725.0,702.4
44825.0,7725.0,701.8
44850.0,7725.0,701.0
44875.0,7725.0,700.0
44900.0,7725.0,698.9
44925.0,7725.0,697.7
44950.0,7725.0,696.5
44975.0,7725.0,695.3
45000.0,7725.0,694.1
45025.0,7725.0,693.1
45050.0,7725.0,692.2
45075.0,7725.0,691.6
45100.0,7725.0,691.1
45125.0,7725.0,691.0
45150.0,7725.0,691.1
45175.0,7725.0,691.4
45200.0,7725.0,692.0
45225.0,7725.0,692.8
45250.0,7725.0,693.8
45275.0,7725.0,694.9
45300.0,7725.0,696.2
45325.0,7725.0,697.5
45350.0,7725.0,698.8
45375.0,7725.0,700.1
45400.0,7725.0,701.3
45425.0,7725.0,702.5
45450.0,7725.0,703.5
45475.0,7725.0,704.4
45500.0,7725.0,705.2
45525.0,7725.0,705.8
45550.0,7725.0,706.1
45575.0,7725.0,706.3
45600.0,7725.0,706.3
45625.0,7725.0,706.1
45650.0,7725.0,705.7
45675.0,7725.0,705.2
45700.0,7725.0,704.5
45725.0,7725.0,703.7
45750.0,7725.0,702.9
45775.0,7725.0,702.0
45800.0,7725.0,701.1
45825.0,7725.0,699.5
45850.0,7725.0,693.8
45875.0,7725.0,684.5
45900.0,7725.0,672.0
45925.0,7725.0,656.7
45950.0,7725.0,639.2
45975.0,7725.0,620.0
46000.0,7725.0,599.6
46025.0,7725.0,579.1
46050.0,7725.0,559.9
46075.0,7725.0,543.9
46100.0,7725.0,533.6
46125.0,7725.0,531.5
46150.0,7725.0,532.0
46175.0,7725.0,532.3
46200.0,7725.0,532.5
46225.0,7725.0,532.6
46250.0,7725.0,532.5
46275.0,7725.0,532.3
46300.0,7725.0,531.9
46325.0,7725.0,531.5
46350.0,7725.0,531.0
46375.0,7725.0,530.5
46400.0,7725.0,530.1
46425.0,7725.0,529.7
46450.0,7725.0,529.4
46475.0,7725.0,529.2
46500.0,7725.0,529.1
43500.0,7750.0,533.3
43525.0,7750.0,532.3
43550.0,7750.0,531.2
43575.0,7750.0,530.2
43600.0,7750.0,529.1
43625.0,7750.0,528.1
43650.0,7750.0,527.2
43675.0,7750.0,526.4
43700.0,7750.0,525.8
43725.0,7750.0,525.3
43750.0,7750.0,524.9
43775.0,7750.0,524.7
43800.0,7750.0,524.7
43825.0,7750.0,524.8
43850.0,7750.0,525.0
43875.0,7750.0,525.3
43900.0,7750.0,525.6
43925.0,7750.0,525.9
43950.0,7750.0,526.3
43975.0,7750.0,526.6
44000.0,7750.0,526.9
44025.0,7750.0,527.1
44050.0,7750.0,527.3
44075.0,7750.0,527.5
44100.0,7750.0,527.6
44125.0,7750.0,527.6
44150.0,7750.0,527.7
44175.0,7750.0,527.8
44200.0,7750.0,527.8
44225.0,7750.0,527.9
44250.0,7750.0,528.0
44275.0,7750.0,528.2
44300.0,7750.0,528.3
44325.0,7750.0,528.5
44350.0,7750.0,530.3
44375.0,7750.0,540.1
44400.0,7750.0,556.8
44425.0,7750.0,578.7
44450.0,7750.0,603.5
44475.0,7750.0,628.9
44500.0,7750.0,652.9
44525.0,7750.0,673.7
44550.0,7750.0,689.6
44575.0,7750.0,699.4
44600.0,7750.0,702.3
44625.0,7750.0,702.7
44650.0,7750.0,703.1
44675.0,7750.0,703.4
44700.0,7750.0,703.6
44725.0,7750.0,703.6
44750.0,7750.0,703.5
44775.0,7750.0,703.2
44800.0,7750.0,702.8
44825.0,7750.0,702.1
44850.0,7750.0,701.3
44875.0,7750.0,700.3
44900.0,7750.0,699.2
44925.0,7750.0,698.0
44950.0,7750.0,696.8
44975.0,7750.0,695.7
45000.0,7750.0,694.6
45025.0,7750.0,693.6
45050.0,7750.0,692.9
45075.0,7750.0,692.3
45100.0,7750.0,692.0
45125.0,7750.0,691.9
45150.0,7750.0,692.1
45175.0,7750.0,692.5
45200.0,7750.0,693.1
45225.0,7750.0,694.0
45250.0,7750.0,695.0
45275.0,7750.0,696.2
45300.0,7750.0,697.4
45325.0,7750.0,698.7
45350.0,7750.0,700.0
45375.0,7750.0,701.3
45400.0,7750.0,702.5
45425.0,7750.0,703.6
45450.0,7750.0,704.6
45475.0,7750.0,705.5
45500.0,7750.0,706.2
45525.0,7750.0,706.7
45550.0,7750.0,707.1
45575.0,7750.0,707.2
45600.0,7750.0,707.2
45625.0,7750.0,706.9
45650.0,7750.0,706.5
45675.0,7750.0,705.8
45700.0,7750.0,705.1
45725.0,7750.0,704.2
45750.0,7750.0,703.2
45775.0,7750.0,702.2
45800.0,7750.0,701.0
45825.0,7750.0,696.1
45850.0,7750.0,687.2
45875.0,7750.0,674.9
45900.0,7750.0,660.0
45925.0,7750.0,642.9
45950.0,7750.0,624.2
45975.0,7750.0,604.5
46000.0,7750.0,584.6
46025.0,7750.0,565.5
46050.0,7750.0,548.7
46075.0,7750.0,536.2
46100.0,7750.0,530.6
46125.0,7750.0,530.9
46150.0,7750.0,531.3
46175.0,7750.0,531.6
46200.0,7750.0,531.8
46225.0,7750.0,531.8
46250.0,7750.0,531.7
46275.0,7750.0,531.4
46300.0,7750.0,531.0
46325.0,7750.0,530.6
46350.0,7750.0,530.1
46375.0,7750.0,529.6
46400.0,7750.0,529.1
46425.0,7750.0,528.7
46450.0,7750.0,528.4
46475.0,7750.0,528.2
46500.0,7750.0,528.2
43500.0,7775.0,532.9
43525.0,7775.0,532.0
43550.0,7775.0,531.1
43575.0,7775.0,530.2
43600.0,7775.0,529.3
43625.0,7775.0,528.4
43650.0,7775.0,527.7
43675.0,7775.0,527.0
43700.0,7775.0,526.5
43725.0,7775.0,526.1
43750.0,7775.0,525.9
43775.0,7775.0,525.7
43800.0,7775.0,525.8
43825.0,7775.0,525.9
43850.0,7775.0,526.1
43875.0,7775.0,526.3
43900.0,7775.0,526.6
43925.0,7775.0,526.9
43950.0,7775.0,527.2
43975.0,7775.0,527.4
44000.0,7775.0,527.6
44025.0,7775.0,527.8
44050.0,7775.0,527.9
44075.0,7775.0,527.9
44100.0,7775.0,527.9
44125.0,7775.0,527.9
44150.0,7775.0,527.9
44175.0,7775.0,527.9
44200.0,7775.0,527.8
44225.0,7775.0,527.8
44250.0,7775.0,527.9
44275.0,7775.0,527.9
44300.0,7775.0,528.0
44325.0,7775.0,529.1
44350.0,7775.0,537.2
44375.0,7775.0,552.4
44400.0,7775.0,573.2
44425.0,7775.0,597.4
44450.0,7775.0,623.0
44475.0,7775.0,647.7
44500.0,7775.0,669.6
44525.0,7775.0,686.8
44550.0,7775.0,697.9
44575.0,7775.0,701.9
44600.0,7775.0,702.4
44625.0,7775.0,702.9
44650.0,7775.0,703.3
44675.0,7775.0,703.7
44700.0,7775.0,703.9
44725.0,7775.0,703.9
44750.0,7775.0,703.8
44775.0,7775.0,703.5
44800.0,7775.0,703.1
44825.0,7775.0,702.4
44850.0,7775.0,701.6
44875.0,7775.0,700.6
44900.0,7775.0,699.5
44925.0,7775.0,698.4
44950.0,7775.0,697.2
44975.0,7775.0,696.1
45000.0,7775.0,695.1
45025.0,7775.0,694.2
45050.0,7775.0,693.6
45075.0,7775.0,693.1
45100.0,7775.0,692.9
45125.0,7775.0,692.9
45150.0,7775.0,693.1
45175.0,7775.0,693.6
45200.0,7775.0,694.3
45225.0,7775.0,695.2
45250.0,7775.0,696.2
45275.0,7775.0,697.3
45300.0,7775.0,698.5
45325.0,7775.0,699.8
45350.0,7775.0,701.1
45375.0,7775.0,702.3
45400.0,7775.0,703.5
45425.0,7775.0,704.6
45450.0,7775.0,705.6
45475.0,7775.0,706.4
45500.0,7775.0,707.1
45525.0,7775.0,707.6
45550.0,7775.0,707.9
45575.0,7775.0,708.0
45600.0,7775.0,707.9
45625.0,7775.0,707.5
45650.0,7775.0,707.0
45675.0,7775.0,706.3
45700.0,7775.0,705.4
45725.0,7775.0,704.4
45750.0,7775.0,703.3
45775.0,7775.0,702.2
45800.0,7775.0,698.3
45825.0,7775.0,689.9
45850.0,7775.0,677.8
45875.0,7775.0,663.0
45900.0,7775.0,646.1
45925.0,7775.0,627.6
45950.0,7775.0,608.3
45975.0,7775.0,588.7
46000.0,7775.0,569.9
46025.0,7775.0,552.9
46050.0,7775.0,539.3
46075.0,7775.0,531.0
46100.0,7775.0,529.7
46125.0,7775.0,530.2
46150.0,7775.0,530.6
46175.0,7775.0,530.9
46200.0,7775.0,531.0
46225.0,7775.0,531.0
46250.0,7775.0,530.8
46275.0,7775.0,530.5
46300.0,7775.0,530.0
46325.0,7775.0,529.6
46350.0,7775.0,529.0
46375.0,7775.0,528.5
46400.0,7775.0,528.1
46425.0,7775.0,527.7
46450.0,7775.0,527.4
46475.0,7775.0,527.3
46500.0,7775.0,527.3
43500.0,7800.0,532.6
43525.0,7800.0,531.8
43550.0,7800.0,531.0
43575.0,7800.0,530.3
43600.0,7800.0,529.5
43625.0,7800.0,528.8
43650.0,7800.0,528.2
43675.0,7800.0,527.6
43700.0,7800.0,527.2
43725.0,7800.0,526.9
43750.0,7800.0,526.8
43775.0,7800.0,526.7
43800.0,7800.0,526.8
43825.0,7800.0,526.9
43850.0,7800.0,527.1
43875.0,7800.0,527.4
43900.0,7800.0,527.6
43925.0,7800.0,527.9
43950.0,7800.0,528.1
43975.0,7800.0,528.2
44000.0,7800.0,528.3
44025.0,7800.0,528.4
44050.0,7800.0,528.4
44075.0,7800.0,528.3
44100.0,7800.0,528.2
44125.0,7800.0,528.1
44150.0,7800.0,528.0
44175.0,7800.0,527.9
44200.0,7800.0,527.8
44225.0,7800.0,527.7
44250.0,7800.0,527.7
44275.0,7800.0,527.7
44300.0,7800.0,528.3
44325.0,7800.0,535.1
44350.0,7800.0,549.0
44375.0,7800.0,568.5
44400.0,7800.0,591.9
44425.0,7800.0,617.2
44450.0,7800.0,642.3
44475.0,7800.0,665.1
44500.0,7800.0,683.6
44525.0,7800.0,696.1
44550.0,7800.0,701.3
44575.0,7800.0,701.9
44600.0,7800.0,702.5
44625.0,7800.0,703.1
44650.0,7800.0,703.5
44675.0,7800.0,703.9
44700.0,7800.0,704.1
44725.0,7800.0,704.2
44750.0,7800.0,704.1
44775.0,7800.0,703.8
44800.0,7800.0,703.3
44825.0,7800.0,702.6
44850.0,7800.0,701.8
44875.0,7800.0,700.8
44900.0,7800.0,699.8
44925.0,7800.0,698.7
44950.0,7800.0,697.6
44975.0,7800.0,696.6
45000.0,7800.0,695.7
45025.0,7800.0,694.9
45050.0,7800.0,694.3
45075.0,7800.0,693.9
45100.0,7800.0,693.8
45125.0,7800.0,693.9
45150.0,7800.0,694.2
45175.0,7800.0,694.7
45200.0,7800.0,695.4
45225.0,7800.0,696.3
45250.0,7800.0,697.3
45275.0,7800.0,698.4
45300.0,7800.0,699.6
45325.0,7800.0,700.8
45350.0,7800.0,702.1
45375.0,7800.0,703.3
45400.0,7800.0,704.4
45425.0,7800.0,705.5
45450.0,7800.0,706.4
45475.0,7800.0,707.2
45500.0,7800.0,707.9
45525.0,7800.0,708.4
45550.0,7800.0,708.6
45575.0,7800.0,708.6
45600.0,7800.0,708.5
45625.0,7800.0,708.0
45650.0,7800.0,707.4
45675.0,7800.0,706.6
45700.0,7800.0,705.6
45725.0,7800.0,704.5
45750.0,7800.0,703.3
45775.0,7800.0,700.4
45800.0,7800.0,692.7
45825.0,7800.0,681.0
45850.0,7800.0,666.2
45875.0,7800.0,649.2
45900.0,7800.0,630.7
45925.0,7800.0,611.4
45950.0,7800.0,592.1
45975.0,7800.0,573.5
46000.0,7800.0,556.4
46025.0,7800.0,542.2
46050.0,7800.0,532.2
46075.0,7800.0,528.5
46100.0,7800.0,529.0
46125.0,7800.0,529.4
46150.0,7800.0,529.8
46175.0,7800.0,530.0
46200.0,7800.0,530.1
46225.0,7800.0,530.0
46250.0,7800.0,529.8
46275.0,7800.0,529.5
46300.0,7800.0,529.0
46325.0,7800.0,528.5
46350.0,7800.0,528.0
46375.0,7800.0,527.5
46400.0,7800.0,527.1
46425.0,7800.0,526.8
46450.0,7800.0,526.5
46475.0,7800.0,526.5
46500.0,7800.0,526.6
43500.0,7825.0,532.3
43525.0,7825.0,531.6
43550.0,7825.0,531.0
43575.0,7825.0,530.4
43600.0,7825.0,529.7
43625.0,7825.0,529.2
43650.0,7825.0,528.7
43675.0,7825.0,528.3
43700.0,7825.0,528.0
43725.0,7825.0,527.8
43750.0,7825.0,527.7
43775.0,7825.0,527.7
43800.0,7825.0,527.8
43825.0,7825.0,527.9
43850.0,7825.0,528.1
43875.0,7825.0,528.3
43900.0,7825.0,528.5
43925.0,7825.0,528.7
43950.0,7825.0,528.8
43975.0,7825.0,528.9
44000.0,7825.0,528.9
44025.0,7825.0,528.8
44050.0,7825.0,528.7
44075.0,7825.0,528.6
44100.0,7825.0,528.4
44125.0,7825.0,528.2
44150.0,7825.0,528.0
44175.0,7825.0,527.8
44200.0,7825.0,527.6
44225.0,7825.0,527.5
44250.0,7825.0,527.4
44275.0,7825.0,527.8
44300.0,7825.0,534.0
44325.0,7825.0,546.6
44350.0,7825.0,564.9
44375.0,7825.0,587.3
44400.0,7825.0,612.1
44425.0,7825.0,637.2
44450.0,7825.0,660.5
44475.0,7825.0,680.0
44500.0,7825.0,693.9
44525.0,7825.0,700.5
44550.0,7825.0,701.4
44575.0,7825.0,702.1
44600.0,7825.0,702.7
44625.0,7825.0,703.3
44650.0,7825.0,703.8
44675.0,7825.0,704.2
44700.0,7825.0,704.4
44725.0,7825.0,704.5
44750.0,7825.0,704.3
44775.0,7825.0,704.0
44800.0,7825.0,703.5
44825.0,7825.0,702.9
44850.0,7825.0,702.1
44875.0,7825.0,701.1
44900.0,7825.0,700.1
44925.0,7825.0,699.1
44950.0,7825.0,698.1
44975.0,7825.0,697.1
45000.0,7825.0,696.3
45025.0,7825.0,695.7
45050.0,7825.0,695.2
45075.0,7825.0,694.9
45100.0,7825.0,694.8
45125.0,7825.0,694.9
45150.0,7825.0,695.3
45175.0,7825.0,695.8
45200.0,7825.0,696.5
45225.0,7825.0,697.4
45250.0,7825.0,698.4
45275.0,7825.0,699.5
45300.0,7825.0,700.6
45325.0,7825.0,701.8
45350.0,7825.0,703.0
45375.0,7825.0,704.2
45400.0,7825.0,705.3
45425.0,7825.0,706.3
45450.0,7825.0,707.2
45475.0,7825.0,708.0
45500.0,7825.0,708.6
45525.0,7825.0,709.0
45550.0,7825.0,709.2
45575.0,7825.0,709.2
45600.0,7825.0,708.9
45625.0,7825.0,708.4
45650.0,7825.0,707.7
45675.0,7825.0,706.7
45700.0,7825.0,705.6
45725.0,7825.0,704.3
45750.0,7825.0,702.4
45775.0,7825.0,695.7
45800.0,7825.0,684.4
45825.0,7825.0,669.7
45850.0,7825.0,652.6
45875.0,7825.0,634.0
45900.0,7825.0,614.6
45925.0,7825.0,595.2
45950.0,7825.0,576.6
45975.0,7825.0,559.5
46000.0,7825.0,544.8
46025.0,7825.0,533.8
46050.0,7825.0,527.9
46075.0,7825.0,527.7
46100.0,7825.0,528.2
46125.0,7825.0,528.6
46150.0,7825.0,529.0
46175.0,7825.0,529.1
46200.0,7825.0,529.2
46225.0,7825.0,529.1
46250.0,7825.0,528.8
46275.0,7825.0,528.4
46300.0,7825.0,528.0
46325.0,7825.0,527.5
46350.0,7825.0,527.0
46375.0,7825.0,526.5
46400.0,7825.0,526.1
46425.0,7825.0,525.9
46450.0,7825.0,525.7
46475.0,7825.0,525.7
46500.0,7825.0,525.9
43500.0,7850.0,532.0
43525.0,7850.0,531.5
43550.0,7850.0,531.0
43575.0,7850.0,530.4
43600.0,7850.0,530.0
43625.0,7850.0,529.5
43650.0,7850.0,529.1
43675.0,7850.0,528.8
43700.0,7850.0,528.6
43725.0,7850.0,528.5
43750.0,7850.0,528.5
43775.0,7850.0,528.6
43800.0,7850.0,528.7
43825.0,7850.0,528.9
43850.0,7850.0,529.0
43875.0,7850.0,529.2
43900.0,7850.0,529.3
43925.0,7850.0,529.4
43950.0,7850.0,529.5
43975.0,7850.0,529.5
44000.0,7850.0,529.4
44025.0,7850.0,529.2
44050.0,7850.0,529.0
44075.0,7850.0,528.7
44100.0,7850.0,528.5
44125.0,7850.0,528.2
44150.0,7850.0,527.9
44175.0,7850.0,527.6
44200.0,7850.0,527.4
44225.0,7850.0,527.3
44250.0,7850.0,527.7
44275.0,7850.0,533.5
44300.0,7850.0,545.4
44325.0,7850.0,562.5
44350.0,7850.0,583.9
44375.0,7850.0,607.8
44400.0,7850.0,632.6
44425.0,7850.0,656.1
44450.0,7850.0,676.4
44475.0,7850.0,691.4
44500.0,7850.0,699.5
44525.0,7850.0,700.8
44550.0,7850.0,701.6
44575.0,7850.0,702.2
44600.0,7850.0,702.9
44625.0,7850.0,703.5
44650.0,7850.0,704.0
44675.0,7850.0,704.4
44700.0,7850.0,704.6
44725.0,7850.0,704.7
44750.0,7850.0,704.6
44775.0,7850.0,704.2
44800.0,7850.0,703.7
44825.0,7850.0,703.1
44850.0,7850.0,702.3
44875.0,7850.0,701.4
44900.0,7850.0,700.5
44925.0,7850.0,699.5
44950.0,7850.0,698.6
44975.0,7850.0,697.8
45000.0,7850.0,697.1
45025.0,7850.0,696.5
45050.0,7850.0,696.1
45075.0,7850.0,695.9
45100.0,7850.0,695.8
45125.0,7850.0,696.0
45150.0,7850.0,696.4
45175.0,7850.0,697.0
45200.0,7850.0,697.7
45225.0,7850.0,698.5
45250.0,7850.0,699.5
45275.0,7850.0,700.5
45300.0,7850.0,701.6
45325.0,7850.0,702.8
45350.0,7850.0,703.9
45375.0,7850.0,705.1
45400.0,7850.0,706.1
45425.0,7850.0,707.1
45450.0,7850.0,708.0
45475.0,7850.0,708.8
45500.0,7850.0,709.3
45525.0,7850.0,709.7
45550.0,7850.0,709.8
45575.0,7850.0,709.7
45600.0,7850.0,709.3
45625.0,7850.0,708.6
45650.0,7850.0,707.8
45675.0,7850.0,706.7
45700.0,7850.0,705.4
45725.0,7850.0,704.0
45750.0,7850.0,698.6
45775.0,7850.0,688.2
45800.0,7850.0,673.8
45825.0,7850.0,656.7
45850.0,7850.0,637.8
45875.0,7850.0,618.2
45900.0,7850.0,598.6
45925.0,7850.0,579.7
45950.0,7850.0,562.4
45975.0,7850.0,547.4
46000.0,7850.0,535.6
46025.0,7850.0,528.2
46050.0,7850.0,526.5
46075.0,7850.0,527.0
46100.0,7850.0,527.5
46125.0,7850.0,527.8
46150.0,7850.0,528.1
46175.0,7850.0,528.3
46200.0,7850.0,528.2
46225.0,7850.0,528.1
46250.0,7850.0,527.8
46275.0,7850.0,527.4
46300.0,7850.0,527.0
46325.0,7850.0,526.5
46350.0,7850.0,526.0
46375.0,7850.0,525.6
46400.0,7850.0,525.3
46425.0,7850.0,525.1
46450.0,7850.0,525.0
46475.0,7850.0,525.1
46500.0,7850.0,525.3
43500.0,7875.0,531.7
43525.0,7875.0,531.3
43550.0,7875.0,530.9
43575.0,7875.0,530.5
43600.0,7875.0,530.1
43625.0,7875.0,529.8
43650.0,7875.0,529.5
43675.0,7875.0,529.3
43700.0,7875.0,529.2
43725.0,7875.0,529.2
43750.0,7875.0,529.3
43775.0,7875.0,529.4
43800.0,7875.0,529.5
43825.0,7875.0,529.7
43850.0,7875.0,529.8
43875.0,7875.0,529.9
43900.0,7875.0,530.0
43925.0,7875.0,530.0
43950.0,7875.0,530.0
43975.0,7875.0,529.9
44000.0,7875.0,529.7
44025.0,7875.0,529.4
44050.0,7875.0,529.1
44075.0,7875.0,528.8
44100.0,7875.0,528.4
44125.0,7875.0,528.1
44150.0,7875.0,527.7
44175.0,7875.0,527.4
44200.0,7875.0,527.2
44225.0,7875.0,528.0
44250.0,7875.0,533.8
44275.0,7875.0,545.1
44300.0,7875.0,561.3
44325.0,7875.0,581.6
44350.0,7875.0,604.6
44375.0,7875.0,628.7
44400.0,7875.0,652.1
44425.0,7875.0,672.8
44450.0,7875.0,688.8
44475.0,7875.0,698.2
44500.0,7875.0,700.3
44525.0,7875.0,701.0
44550.0,7875.0,701.7
44575.0,7875.0,702.5
44600.0,7875.0,703.1
44625.0,7875.0,703.7
44650.0,7875.0,704.2
44675.0,7875.0,704.6
44700.0,7875.0,704.8
44725.0,7875.0,704.9
44750.0,7875.0,704.7
44775.0,7875.0,704.4
44800.0,7875.0,704.0
44825.0,7875.0,703.3
44850.0,7875.0,702.6
44875.0,7875.0,701.8
44900.0,7875.0,700.9
44925.0,7875.0,700.0
44950.0,7875.0,699.2
44975.0,7875.0,698.5
45000.0,7875.0,697.9
45025.0,7875.0,697.4
45050.0,7875.0,697.1
45075.0,7875.0,696.9
45100.0,7875.0,696.9
45125.0,7875.0,697.2
45150.0,7875.0,697.6
45175.0,7875.0,698.1
45200.0,7875.0,698.8
45225.0,7875.0,699.6
45250.0,7875.0,700.5
45275.0,7875.0,701.6
45300.0,7875.0,702.6
45325.0,7875.0,703.7
45350.0,7875.0,704.8
45375.0,7875.0,705.9
45400.0,7875.0,707.0
45425.0,7875.0,707.9
45450.0,7875.0,708.8
45475.0,7875.0,709.5
45500.0,7875.0,710.0
45525.0,7875.0,710.2
45550.0,7875.0,710.3
45575.0,7875.0,710.0
45600.0,7875.0,709.5
45625.0,7875.0,708.8
45650.0,7875.0,707.8
45675.0,7875.0,706.6
45700.0,7875.0,705.2
45725.0,7875.0,701.4
45750.0,7875.0,692.1
45775.0,7875.0,678.3
45800.0,7875.0,661.3
45825.0,7875.0,642.4
45850.0,7875.0,622.5
45875.0,7875.0,602.5
45900.0,7875.0,583.3
45925.0,7875.0,565.6
45950.0,7875.0,550.1
45975.0,7875.0,537.6
46000.0,7875.0,529.0
46025.0,7875.0,525.4
46050.0,7875.0,525.8
46075.0,7875.0,526.3
46100.0,7875.0,526.7
46125.0,7875.0,527.0
46150.0,7875.0,527.3
46175.0,7875.0,527.3
46200.0,7875.0,527.3
46225.0,7875.0,527.1
46250.0,7875.0,526.8
46275.0,7875.0,526.4
46300.0,7875.0,525.9
46325.0,7875.0,525.5
46350.0,7875.0,525.1
46375.0,7875.0,524.7
46400.0,7875.0,524.5
46425.0,7875.0,524.3
46450.0,7875.0,524.4
46475.0,7875.0,524.5
46500.0,7875.0,524.8
43500.0,7900.0,531.3
43525.0,7900.0,531.0
43550.0,7900.0,530.7
43575.0,7900.0,530.5
43600.0,7900.0,530.2
43625.0,7900.0,530.0
43650.0,7900.0,529.8
43675.0,7900.0,529.8
43700.0,7900.0,529.7
43725.0,7900.0,529.8
43750.0,7900.0,529.9
43775.0,7900.0,530.0
43800.0,7900.0,530.2
43825.0,7900.0,530.3
43850.0,7900.0,530.4
43875.0,7900.0,530.5
43900.0,7900.0,530.5
43925.0,7900.0,530.5
43950.0,7900.0,530.3
43975.0,7900.0,530.1
44000.0,7900.0,529.8
44025.0,7900.0,529.5
44050.0,7900.0,529.1
44075.0,7900.0,528.7
44100.0,7900.0,528.3
44125.0,7900.0,527.9
44150.0,7900.0,527.5
44175.0,7900.0,527.2
44200.0,7900.0,528.6
44225.0,7900.0,534.8
44250.0,7900.0,545.8
44275.0,7900.0,561.2
44300.0,7900.0,580.5
44325.0,7900.0,602.4
44350.0,7900.0,625.7
44375.0,7900.0,648.7
44400.0,7900.0,669.5
44425.0,7900.0,686.2
44450.0,7900.0,696.8
44475.0,7900.0,699.8
44500.0,7900.0,700.5
44525.0,7900.0,701.2
44550.0,7900.0,702.0
44575.0,7900.0,702.7
44600.0,7900.0,703.4
44625.0,7900.0,704.0
44650.0,7900.0,704.4
44675.0,7900.0,704.8
44700.0,7900.0,705.0
44725.0,7900.0,705.0
44750.0,7900.0,704.9
44775.0,7900.0,704.6
44800.0,7900.0,704.2
44825.0,7900.0,703.6
44850.0,7900.0,702.9
44875.0,7900.0,702.2
44900.0,7900.0,701.4
44925.0,7900.0,700.6
44950.0,7900.0,699.9
44975.0,7900.0,699.3
45000.0,7900.0,698.7
45025.0,7900.0,698.3
45050.0,7900.0,698.1
45075.0,7900.0,698.0
45100.0,7900.0,698.1
45125.0,7900.0,698.3
45150.0,7900.0,698.7
45175.0,7900.0,699.3
45200.0,7900.0,700.0
45225.0,7900.0,700.7
45250.0,7900.0,701.6
45275.0,7900.0,702.6
45300.0,7900.0,703.6
45325.0,7900.0,704.7
45350.0,7900.0,705.8
45375.0,7900.0,706.8
45400.0,7900.0,707.9
45425.0,7900.0,708.8
45450.0,7900.0,709.6
45475.0,7900.0,710.2
45500.0,7900.0,710.6
45525.0,7900.0,710.8
45550.0,7900.0,710.7
45575.0,7900.0,710.3
45600.0,7900.0,709.7
45625.0,7900.0,708.8
45650.0,7900.0,707.7
45675.0,7900.0,706.3
45700.0,7900.0,703.8
45725.0,7900.0,695.9
45750.0,7900.0,683.0
45775.0,7900.0,666.5
45800.0,7900.0,647.6
45825.0,7900.0,627.5
45850.0,7900.0,607.2
45875.0,7900.0,587.6
45900.0,7900.0,569.4
45925.0,7900.0,553.4
45950.0,7900.0,540.2
45975.0,7900.0,530.5
46000.0,7900.0,525.2
46025.0,7900.0,524.7
46050.0,7900.0,525.1
46075.0,7900.0,525.5
46100.0,7900.0,525.9
46125.0,7900.0,526.2
46150.0,7900.0,526.4
46175.0,7900.0,526.4
46200.0,7900.0,526.3
46225.0,7900.0,526.1
46250.0,7900.0,525.8
46275.0,7900.0,525.4
46300.0,7900.0,524.9
46325.0,7900.0,524.5
46350.0,7900.0,524.2
46375.0,7900.0,523.9
46400.0,7900.0,523.8
46425.0,7900.0,523.7
46450.0,7900.0,523.8
46475.0,7900.0,524.1
46500.0,7900.0,524.5
43500.0,7925.0,530.9
43525.0,7925.0,530.7
43550.0,7925.0,530.5
43575.0,7925.0,530.3
43600.0,7925.0,530.2
43625.0,7925.0,530.1
43650.0,7925.0,530.0
43675.0,7925.0,530.0
43700.0,7925.0,530.1
43725.0,7925.0,530.2
43750.0,7925.0,530.4
43775.0,7925.0,530.5
43800.0,7925.0,530.7
43825.0,7925.0,530.8
43850.0,7925.0,530.9
43875.0,7925.0,530.9
43900.0,7925.0,530.9
43925.0,7925.0,530.7
43950.0,7925.0,530.5
43975.0,7925.0,530.2
44000.0,7925.0,529.8
44025.0,7925.0,529.4
44050.0,7925.0,528.9
44075.0,7925.0,528.5
44100.0,7925.0,528.0
44125.0,7925.0,527.6
44150.0,7925.0,527.3
44175.0,7925.0,529.6
44200.0,7925.0,536.3
44225.0,7925.0,547.2
44250.0,7925.0,562.0
44275.0,7925.0,580.3
44300.0,7925.0,601.2
44325.0,7925.0,623.6
44350.0,7925.0,645.9
44375.0,7925.0,666.6
44400.0,7925.0,683.7
44425.0,7925.0,695.2
44450.0,7925.0,699.3
44475.0,7925.0,700.0
44500.0,7925.0,700.7
44525.0,7925.0,701.5
44550.0,7925.0,702.2
44575.0,7925.0,702.9
44600.0,7925.0,703.6
44625.0,7925.0,704.2
44650.0,7925.0,704.6
44675.0,7925.0,705.0
44700.0,7925.0,705.2
44725.0,7925.0,705.2
44750.0,7925.0,705.1
44775.0,7925.0,704.8
44800.0,7925.0,704.4
44825.0,7925.0,703.9
44850.0,7925.0,703.3
44875.0,7925.0,702.7
44900.0,7925.0,702.0
44925.0,7925.0,701.3
44950.0,7925.0,700.7
44975.0,7925.0,700.2
45000.0,7925.0,699.7
45025.0,7925.0,699.4
45050.0,7925.0,699.2
45075.0,7925.0,699.2
45100.0,7925.0,699.3
45125.0,7925.0,699.6
45150.0,7925.0,699.9
45175.0,7925.0,700.5
45200.0,7925.0,701.1
45225.0,7925.0,701.9
45250.0,7925.0,702.8
45275.0,7925.0,703.7
45300.0,7925.0,704.7
45325.0,7925.0,705.7
45350.0,7925.0,706.8
45375.0,7925.0,707.8
45400.0,7925.0,708.8
45425.0,7925.0,709.6
45450.0,7925.0,710.3
45475.0,7925.0,710.9
45500.0,7925.0,711.2
45525.0,7925.0,711.3
45550.0,7925.0,711.1
45575.0,7925.0,710.6
45600.0,7925.0,709.8
45625.0,7925.0,708.7
45650.0,7925.0,707.4
45675.0,7925.0,705.7
45700.0,7925.0,699.4
45725.0,7925.0,687.6
45750.0,7925.0,671.8
45775.0,7925.0,653.3
45800.0,7925.0,633.2
45825.0,7925.0,612.7
45850.0,7925.0,592.7
45875.0,7925.0,574.0
45900.0,7925.0,557.4
45925.0,7925.0,543.3
45950.0,7925.0,532.6
45975.0,7925.0,525.8
46000.0,7925.0,523.7
46025.0,7925.0,524.0
46050.0,7925.0,524.4
46075.0,7925.0,524.8
46100.0,7925.0,525.2
46125.0,7925.0,525.4
46150.0,7925.0,525.5
46175.0,7925.0,525.5
46200.0,7925.0,525.3
46225.0,7925.0,525.1
46250.0,7925.0,524.8
46275.0,7925.0,524.4
46300.0,7925.0,524.0
46325.0,7925.0,523.7
46350.0,7925.0,523.4
46375.0,7925.0,523.2
46400.0,7925.0,523.2
46425.0,7925.0,523.2
46450.0,7925.0,523.4
46475.0,7925.0,523.8
46500.0,7925.0,524.2
43500.0,7950.0,530.3
43525.0,7950.0,530.2
43550.0,7950.0,530.1
43575.0,7950.0,530.1
43600.0,7950.0,530.0
43625.0,7950.0,530.0
43650.0,7950.0,530.1
43675.0,7950.0,530.2
43700.0,7950.0,530.3
43725.0,7950.0,530.5
43750.0,7950.0,530.7
43775.0,7950.0,530.9
43800.0,7950.0,531.0
43825.0,7950.0,531.1
43850.0,7950.0,531.2
43875.0,7950.0,531.1
43900.0,7950.0,531.0
43925.0,7950.0,530.8
43950.0,7950.0,530.5
43975.0,7950.0,530.1
44000.0,7950.0,529.7
44025.0,7950.0,529.2
44050.0,7950.0,528.7
44075.0,7950.0,528.2
44100.0,7950.0,527.8
44125.0,7950.0,527.7
44150.0,7950.0,530.9
44175.0,7950.0,538.1
44200.0,7950.0,549.0
44225.0,7950.0,563.4
44250.0,7950.0,580.9
44275.0,7950.0,600.8
44300.0,7950.0,622.1
44325.0,7950.0,643.7
44350.0,7950.0,664.0
44375.0,7950.0,681.2
44400.0,7950.0,693.5
44425.0,7950.0,699.0
44450.0,7950.0,699.6
44475.0,7950.0,700.3
44500.0,7950.0,701.0
44525.0,7950.0,701.8
44550.0,7950.0,702.5
44575.0,7950.0,703.2
44600.0,7950.0,703.8
44625.0,7950.0,704.4
44650.0,7950.0,704.8
44675.0,7950.0,705.2
44700.0,7950.0,705.3
44725.0,7950.0,705.4
44750.0,7950.0,705.3
44775.0,7950.0,705.1
44800.0,7950.0,704.7
44825.0,7950.0,704.3
44850.0,7950.0,703.8
44875.0,7950.0,703.2
44900.0,7950.0,702.6
44925.0,7950.0,702.1
44950.0,7950.0,701.6
44975.0,7950.0,701.1
45000.0,7950.0,700.8
45025.0,7950.0,700.5
45050.0,7950.0,700.4
45075.0,7950.0,700.4
45100.0,7950.0,700.5
45125.0,7950.0,700.8
45150.0,7950.0,701.2
45175.0,7950.0,701.7
45200.0,7950.0,702.4
45225.0,7950.0,703.1
45250.0,7950.0,703.9
45275.0,7950.0,704.8
45300.0,7950.0,705.8
45325.0,7950.0,706.8
45350.0,7950.0,707.8
45375.0,7950.0,708.8
45400.0,7950.0,709.7
45425.0,7950.0,710.5
45450.0,7950.0,711.1
45475.0,7950.0,711.6
45500.0,7950.0,711.8
45525.0,7950.0,711.7
45550.0,7950.0,711.3
45575.0,7950.0,710.7
45600.0,7950.0,709.7
45625.0,7950.0,708.5
45650.0,7950.0,707.1
45675.0,7950.0,702.4
45700.0,7950.0,691.9
45725.0,7950.0,677.0
45750.0,7950.0,659.0
45775.0,7950.0,639.2
45800.0,7950.0,618.7
45825.0,7950.0,598.5
45850.0,7950.0,579.4
45875.0,7950.0,562.1
45900.0,7950.0,547.3
45925.0,7950.0,535.5
45950.0,7950.0,527.3
45975.0,7950.0,523.2
46000.0,7950.0,523.1
46025.0,7950.0,523.4
46050.0,7950.0,523.8
46075.0,7950.0,524.1
46100.0,7950.0,524.4
46125.0,7950.0,524.5
46150.0,7950.0,524.6
46175.0,7950.0,524.5
46200.0,7950.0,524.4
46225.0,7950.0,524.1
46250.0,7950.0,523.8
46275.0,7950.0,523.4
46300.0,7950.0,523.1
46325.0,7950.0,522.9
46350.0,7950.0,522.7
46375.0,7950.0,522.6
46400.0,7950.0,522.7
46425.0,7950.0,522.9
46450.0,7950.0,523.2
46475.0,7950.0,523.6
46500.0,7950.0,524.1
43500.0,7975.0,529.7
43525.0,7975.0,529.6
43550.0,7975.0,529.6
43575.0,7975.0,529.7
43600.0,7975.0,529.7
43625.0,7975.0,529.9
43650.0,7975.0,530.0
43675.0,7975.0,530.2
43700.0,7975.0,530.4
43725.0,7975.0,530.7
43750.0,7975.0,530.9
43775.0,7975.0,531.1
43800.0,7975.0,531.2
43825.0,7975.0,531.3
43850.0,7975.0,531.3
43875.0,7975.0,531.2
43900.0,7975.0,531.0
43925.0,7975.0,530.7
43950.0,7975.0,530.3
43975.0,7975.0,529.9
44000.0,7975.0,529.4
44025.0,7975.0,528.9
44050.0,7975.0,528.4
44075.0,7975.0,527.9
44100.0,7975.0,528.3
44125.0,7975.0,532.4
44150.0,7975.0,540.0
44175.0,7975.0,551.0
44200.0,7975.0,565.0
44225.0,7975.0,581.8
44250.0,7975.0,600.8
44275.0,7975.0,621.2
44300.0,7975.0,641.9
44325.0,7975.0,661.7
44350.0,7975.0,678.9
44375.0,7975.0,691.8
44400.0,7975.0,698.4
44425.0,7975.0,699.4
44450.0,7975.0,700.0
44475.0,7975.0,700.7
44500.0,7975.0,701.4
44525.0,7975.0,702.1
44550.0,7975.0,702.8
44575.0,7975.0,703.5
44600.0,7975.0,704.1
44625.0,7975.0,704.6
44650.0,7975.0,705.0
44675.0,7975.0,705.3
44700.0,7975.0,705.6
44725.0,7975.0,705.6
44750.0,7975.0,705.6
44775.0,7975.0,705.4
44800.0,7975.0,705.1
44825.0,7975.0,704.8
44850.0,7975.0,704.3
44875.0,7975.0,703.9
44900.0,7975.0,703.4
44925.0,7975.0,702.9
44950.0,7975.0,702.5
44975.0,7975.0,702.2
45000.0,7975.0,701.9
45025.0,7975.0,701.7
45050.0,7975.0,701.6
45075.0,7975.0,701.7
45100.0,7975.0,701.8
45125.0,7975.0,702.1
45150.0,7975.0,702.5
45175.0,7975.0,703.0
45200.0,7975.0,703.6
45225.0,7975.0,704.4
45250.0,7975.0,705.2
45275.0,7975.0,706.1
45300.0,7975.0,707.0
45325.0,7975.0,707.9
45350.0,7975.0,708.9
45375.0,7975.0,709.8
45400.0,7975.0,710.6
45425.0,7975.0,711.3
45450.0,7975.0,711.9
45475.0,7975.0,712.2
45500.0,7975.0,712.2
45525.0,7975.0,712.0
45550.0,7975.0,711.5
45575.0,7975.0,710.7
45600.0,7975.0,709.6
45625.0,7975.0,708.2
45650.0,7975.0,704.9
45675.0,7975.0,695.7
45700.0,7975.0,681.8
45725.0,7975.0,664.5
45750.0,7975.0,645.1
45775.0,7975.0,624.8
45800.0,7975.0,604.6
45825.0,7975.0,585.2
45850.0,7975.0,567.5
45875.0,7975.0,552.1
45900.0,7975.0,539.3
45925.0,7975.0,529.8
45950.0,7975.0,523.9
45975.0,7975.0,522.2
46000.0,7975.0,522.5
46025.0,7975.0,522.8
46050.0,7975.0,523.1
46075.0,7975.0,523.4
46100.0,7975.0,523.6
46125.0,7975.0,523.7
46150.0,7975.0,523.7
46175.0,7975.0,523.6
46200.0,7975.0,523.4
46225.0,7975.0,523.1
46250.0,7975.0,522.8
46275.0,7975.0,522.6
46300.0,7975.0,522.3
46325.0,7975.0,522.2
46350.0,7975.0,522.1
46375.0,7975.0,522.1
46400.0,7975.0,522.3
46425.0,7975.0,522.6
46450.0,7975.0,523.0
46475.0,7975.0,523.5
46500.0,7975.0,524.0
43500.0,8000.0,528.8
43525.0,8000.0,528.9
43550.0,8000.0,529.0
43575.0,8000.0,529.1
43600.0,8000.0,529.3
43625.0,8000.0,529.5
43650.0,8000.0,529.8
43675.0,8000.0,530.1
43700.0,8000.0,530.4
43725.0,8000.0,530.6
43750.0,8000.0,530.9
43775.0,8000.0,531.1
43800.0,8000.0,531.2
43825.0,8000.0,531.2
43850.0,8000.0,531.2
43875.0,8000.0,531.0
43900.0,8000.0,530.7
43925.0,8000.0,530.4
43950.0,8000.0,530.0
43975.0,8000.0,529.5
44000.0,8000.0,529.0
44025.0,8000.0,528.5
44050.0,8000.0,528.0
44075.0,8000.0,529.1
44100.0,8000.0,533.7
44125.0,8000.0,541.7
44150.0,8000.0,552.8
44175.0,8000.0,566.5
44200.0,8000.0,582.7
44225.0,8000.0,600.9
44250.0,8000.0,620.3
44275.0,8000.0,640.2
44300.0,8000.0,659.4
44325.0,8000.0,676.5
44350.0,8000.0,689.9
44375.0,8000.0,697.7
44400.0,8000.0,699.3
44425.0,8000.0,699.9
44450.0,8000.0,700.5
44475.0,8000.0,701.1
44500.0,8000.0,701.8
44525.0,8000.0,702.5
44550.0,8000.0,703.1
44575.0,8000.0,703.7
44600.0,8000.0,704.3
44625.0,8000.0,704.8
44650.0,8000.0,705.3
44675.0,8000.0,705.6
44700.0,8000.0,705.8
44725.0,8000.0,705.9
44750.0,8000.0,705.9
44775.0,8000.0,705.8
44800.0,8000.0,705.6
44825.0,8000.0,705.3
44850.0,8000.0,705.0
44875.0,8000.0,704.6
44900.0,8000.0,704.2
44925.0,8000.0,703.9
44950.0,8000.0,703.5
44975.0,8000.0,703.3
45000.0,8000.0,703.1
45025.0,8000.0,703.0
45050.0,8000.0,702.9
45075.0,8000.0,703.0
45100.0,8000.0,703.2
45125.0,8000.0,703.5
45150.0,8000.0,703.9
45175.0,8000.0,704.4
45200.0,8000.0,705.0
45225.0,8000.0,705.7
45250.0,8000.0,706.5
45275.0,8000.0,707.3
45300.0,8000.0,708.2
45325.0,8000.0,709.1
45350.0,8000.0,710.0
45375.0,8000.0,710.8
45400.0,8000.0,711.6
45425.0,8000.0,712.2
45450.0,8000.0,712.6
45475.0,8000.0,712.7
45500.0,8000.0,712.6
45525.0,8000.0,712.2
45550.0,8000.0,711.6
45575.0,8000.0,710.6
45600.0,8000.0,709.3
45625.0,8000.0,706.9
45650.0,8000.0,698.9
45675.0,8000.0,685.9
45700.0,8000.0,669.4
45725.0,8000.0,650.6
45750.0,8000.0,630.7
45775.0,8000.0,610.6
45800.0,8000.0,591.2
45825.0,8000.0,573.3
45850.0,8000.0,557.3
45875.0,8000.0,543.9
45900.0,8000.0,533.2
45925.0,8000.0,525.8
45950.0,8000.0,522.0
45975.0,8000.0,521.7
46000.0,8000.0,521.9
46025.0,8000.0,522.1
46050.0,8000.0,522.4
46075.0,8000.0,522.6
46100.0,8000.0,522.7
46125.0,8000.0,522.8
46150.0,8000.0,522.7
46175.0,8000.0,522.6
46200.0,8000.0,522.4
46225.0,8000.0,522.2
46250.0,8000.0,521.9
46275.0,8000.0,521.7
46300.0,8000.0,521.6
46325.0,8000.0,521.6
46350.0,8000.0,521.6
46375.0,8000.0,521.8
46400.0,8000.0,522.1
46425.0,8000.0,522.5
46450.0,8000.0,522.9
46475.0,8000.0,523.5
46500.0,8000.0,524.0
43500.0,8025.0,527.9
43525.0,8025.0,528.0
43550.0,8025.0,528.2
43575.0,8025.0,528.5
43600.0,8025.0,528.8
43625.0,8025.0,529.1
43650.0,8025.0,529.4
43675.0,8025.0,529.8
43700.0,8025.0,530.2
43725.0,8025.0,530.5
43750.0,8025.0,530.7
43775.0,8025.0,530.9
43800.0,8025.0,531.0
43825.0,8025.0,531.0
43850.0,8025.0,530.9
43875.0,8025.0,530.7
43900.0,8025.0,530.4
43925.0,8025.0,530.0
43950.0,8025.0,529.5
43975.0,8025.0,529.0
44000.0,8025.0,528.5
44025.0,8025.0,528.1
44050.0,8025.0,529.6
44075.0,8025.0,534.8
44100.0,8025.0,543.0
44125.0,8025.0,554.1
44150.0,8025.0,567.6
44175.0,8025.0,583.3
44200.0,8025.0,600.7
44225.0,8025.0,619.4
44250.0,8025.0,638.5
44275.0,8025.0,657.1
44300.0,8025.0,674.1
44325.0,8025.0,687.8
44350.0,8025.0,696.7
44375.0,8025.0,699.3
44400.0,8025.0,699.8
44425.0,8025.0,700.4
44450.0,8025.0,701.0
44475.0,8025.0,701.6
44500.0,8025.0,702.2
44525.0,8025.0,702.8
44550.0,8025.0,703.5
44575.0,8025.0,704.1
44600.0,8025.0,704.6
44625.0,8025.0,705.1
44650.0,8025.0,705.5
44675.0,8025.0,705.9
44700.0,8025.0,706.1
44725.0,8025.0,706.3
44750.0,8025.0,706.3
44775.0,8025.0,706.3
44800.0,8025.0,706.1
44825.0,8025.0,705.9
44850.0,8025.0,705.7
44875.0,8025.0,705.4
44900.0,8025.0,705.1
44925.0,8025.0,704.9
44950.0,8025.0,704.6
44975.0,8025.0,704.4
45000.0,8025.0,704.3
45025.0,8025.0,704.2
45050.0,8025.0,704.3
45075.0,8025.0,704.4
45100.0,8025.0,704.6
45125.0,8025.0,704.9
45150.0,8025.0,705.3
45175.0,8025.0,705.8
45200.0,8025.0,706.4
45225.0,8025.0,707.1
45250.0,8025.0,707.8
45275.0,8025.0,708.6
45300.0,8025.0,709.4
45325.0,8025.0,710.3
45350.0,8025.0,711.1
45375.0,8025.0,711.8
45400.0,8025.0,712.4
45425.0,8025.0,712.9
45450.0,8025.0,713.2
45475.0,8025.0,713.2
45500.0,8025.0,712.9
45525.0,8025.0,712.3
45550.0,8025.0,711.5
45575.0,8025.0,710.3
45600.0,8025.0,708.4
45625.0,8025.0,701.4
45650.0,8025.0,689.2
45675.0,8025.0,673.5
45700.0,8025.0,655.2
45725.0,8025.0,635.8
45750.0,8025.0,616.0
45775.0,8025.0,596.8
45800.0,8025.0,578.9
45825.0,8025.0,562.8
45850.0,8025.0,548.8
45875.0,8025.0,537.4
45900.0,8025.0,528.7
45925.0,8025.0,523.2
45950.0,8025.0,521.1
45975.0,8025.0,521.1
46000.0,8025.0,521.3
46025.0,8025.0,521.5
46050.0,8025.0,521.6
46075.0,8025.0,521.8
46100.0,8025.0,521.8
46125.0,8025.0,521.8
46150.0,8025.0,521.8
46175.0,8025.0,521.6
46200.0,8025.0,521.4
46225.0,8025.0,521.3
46250.0,8025.0,521.1
46275.0,8025.0,521.0
46300.0,8025.0,521.0
46325.0,8025.0,521.1
46350.0,8025.0,521.3
46375.0,8025.0,521.5
46400.0,8025.0,521.9
46425.0,8025.0,522.4
46450.0,8025.0,523.0
46475.0,8025.0,523.5
46500.0,8025.0,524.1
43500.0,8050.0,526.8
43525.0,8050.0,527.1
43550.0,8050.0,527.4
43575.0,8050.0,527.7
43600.0,8050.0,528.1
43625.0,8050.0,528.5
43650.0,8050.0,529.0
43675.0,8050.0,529.4
43700.0,8050.0,529.8
43725.0,8050.0,530.1
43750.0,8050.0,530.4
43775.0,8050.0,530.6
43800.0,8050.0,530.7
43825.0,8050.0,530.6
43850.0,8050.0,530.5
43875.0,8050.0,530.2
43900.0,8050.0,529.8
43925.0,8050.0,529.4
43950.0,8050.0,529.0
43975.0,8050.0,528.5
44000.0,8050.0,528.1
44025.0,8050.0,529.9
44050.0,8050.0,535.3
44075.0,8050.0,543.7
44100.0,8050.0,554.8
44125.0,8050.0,568.0
44150.0,8050.0,583.3
44175.0,8050.0,600.1
44200.0,8050.0,618.0
44225.0,8050.0,636.4
44250.0,8050.0,654.5
44275.0,8050.0,671.3
44300.0,8050.0,685.4
44325.0,8050.0,695.4
44350.0,8050.0,699.5
44375.0,8050.0,700.0
44400.0,8050.0,700.5
44425.0,8050.0,701.0
44450.0,8050.0,701.5
44475.0,8050.0,702.1
44500.0,8050.0,702.7
44525.0,8050.0,703.3
44550.0,8050.0,703.8
44575.0,8050.0,704.4
44600.0,8050.0,704.9
44625.0,8050.0,705.4
44650.0,8050.0,705.9
44675.0,8050.0,706.2
44700.0,8050.0,706.5
44725.0,8050.0,706.7
44750.0,8050.0,706.8
44775.0,8050.0,706.8
44800.0,8050.0,706.8
44825.0,8050.0,706.7
44850.0,8050.0,706.5
44875.0,8050.0,706.3
44900.0,8050.0,706.1
44925.0,8050.0,705.9
44950.0,8050.0,705.8
44975.0,8050.0,705.6
45000.0,8050.0,705.6
45025.0,8050.0,705.6
45050.0,8050.0,705.6
45075.0,8050.0,705.8
45100.0,8050.0,706.0
45125.0,8050.0,706.3
45150.0,8050.0,706.7
45175.0,8050.0,707.2
45200.0,8050.0,707.8
45225.0,8050.0,708.4
45250.0,8050.0,709.2
45275.0,8050.0,709.9
45300.0,8050.0,710.7
45325.0,8050.0,711.4
45350.0,8050.0,712.1
45375.0,8050.0,712.7
45400.0,8050.0,713.2
45425.0,8050.0,713.5
45450.0,8050.0,713.6
45475.0,8050.0,713.4
45500.0,8050.0,713.0
45525.0,8050.0,712.2
45550.0,8050.0,711.2
45575.0,8050.0,709.6
45600.0,8050.0,703.3
45625.0,8050.0,691.8
45650.0,8050.0,676.5
45675.0,8050.0,658.8
45700.0,8050.0,639.8
45725.0,8050.0,620.5
45750.0,8050.0,601.6
45775.0,8050.0,583.9
45800.0,8050.0,567.8
45825.0,8050.0,553.7
45850.0,8050.0,541.8
45875.0,8050.0,532.3
45900.0,8050.0,525.5
45925.0,8050.0,521.5
45950.0,8050.0,520.5
45975.0,8050.0,520.5
46000.0,8050.0,520.6
46025.0,8050.0,520.7
46050.0,8050.0,520.8
46075.0,8050.0,520.9
46100.0,8050.0,520.9
46125.0,8050.0,520.9
46150.0,8050.0,520.8
46175.0,8050.0,520.7
46200.0,8050.0,520.5
46225.0,8050.0,520.4
46250.0,8050.0,520.4
46275.0,8050.0,520.4
46300.0,8050.0,520.5
46325.0,8050.0,520.7
46350.0,8050.0,521.0
46375.0,8050.0,521.5
46400.0,8050.0,521.9
46425.0,8050.0,522.5
46450.0,8050.0,523.1
46475.0,8050.0,523.7
46500.0,8050.0,524.3
43500.0,8075.0,525.7
43525.0,8075.0,526.0
43550.0,8075.0,526.4
43575.0,8075.0,526.9
43600.0,8075.0,527.4
43625.0,8075.0,527.9
43650.0,8075.0,528.4
43675.0,8075.0,528.9
43700.0,8075.0,529.3
43725.0,8075.0,529.7
43750.0,8075.0,529.9
43775.0,8075.0,530.1
43800.0,8075.0,530.1
43825.0,8075.0,530.1
43850.0,8075.0,529.9
43875.0,8075.0,529.6
43900.0,8075.0,529.2
43925.0,8075.0,528.8
43950.0,8075.0,528.4
43975.0,8075.0,528.0
44000.0,8075.0,530.0
44025.0,8075.0,535.4
44050.0,8075.0,543.8
44075.0,8075.0,554.7
44100.0,8075.0,567.7
44125.0,8075.0,582.5
44150.0,8075.0,598.7
44175.0,8075.0,615.9
44200.0,8075.0,633.7
44225.0,8075.0,651.4
44250.0,8075.0,668.0
44275.0,8075.0,682.5
44300.0,8075.0,693.5
44325.0,8075.0,699.4
44350.0,8075.0,700.3
44375.0,8075.0,700.7
44400.0,8075.0,701.2
44425.0,8075.0,701.7
44450.0,8075.0,702.1
44475.0,8075.0,702.7
44500.0,8075.0,703.2
44525.0,8075.0,703.7
44550.0,8075.0,704.3
44575.0,8075.0,704.8
44600.0,8075.0,705.3
44625.0,8075.0,705.8
44650.0,8075.0,706.2
44675.0,8075.0,706.6
44700.0,8075.0,706.9
44725.0,8075.0,707.2
44750.0,8075.0,707.3
44775.0,8075.0,707.4
44800.0,8075.0,707.5
44825.0,8075.0,707.4
44850.0,8075.0,707.3
44875.0,8075.0,707.2
44900.0,8075.0,707.1
44925.0,8075.0,707.0
44950.0,8075.0,706.9
44975.0,8075.0,706.9
45000.0,8075.0,706.9
45025.0,8075.0,706.9
45050.0,8075.0,707.0
45075.0,8075.0,707.2
45100.0,8075.0,707.4
45125.0,8075.0,707.8
45150.0,8075.0,708.2
45175.0,8075.0,708.7
45200.0,8075.0,709.2
45225.0,8075.0,709.8
45250.0,8075.0,710.5
45275.0,8075.0,711.1
45300.0,8075.0,711.8
45325.0,8075.0,712.5
45350.0,8075.0,713.0
45375.0,8075.0,713.5
45400.0,8075.0,713.8
45425.0,8075.0,714.0
45450.0,8075.0,713.8
45475.0,8075.0,713.5
45500.0,8075.0,712.8
45525.0,8075.0,711.9
45550.0,8075.0,710.6
45575.0,8075.0,704.7
45600.0,8075.0,693.6
45625.0,8075.0,678.6
45650.0,8075.0,661.3
45675.0,8075.0,642.6
45700.0,8075.0,623.7
45725.0,8075.0,605.2
45750.0,8075.0,587.9
45775.0,8075.0,572.1
45800.0,8075.0,558.0
45825.0,8075.0,546.0
45850.0,8075.0,536.2
45875.0,8075.0,528.5
45900.0,8075.0,523.2
45925.0,8075.0,520.3
45950.0,8075.0,519.9
45975.0,8075.0,519.9
46000.0,8075.0,519.9
46025.0,8075.0,520.0
46050.0,8075.0,520.0
46075.0,8075.0,520.0
46100.0,8075.0,520.0
46125.0,8075.0,519.9
46150.0,8075.0,519.8
46175.0,8075.0,519.8
46200.0,8075.0,519.7
46225.0,8075.0,519.7
46250.0,8075.0,519.8
46275.0,8075.0,519.9
46300.0,8075.0,520.2
46325.0,8075.0,520.5
46350.0,8075.0,521.0
46375.0,8075.0,521.5
46400.0,8075.0,522.1
46425.0,8075.0,522.7
46450.0,8075.0,523.4
46475.0,8075.0,524.0
46500.0,8075.0,524.6
43500.0,8100.0,524.4
43525.0,8100.0,524.9
43550.0,8100.0,525.4
43575.0,8100.0,525.9
43600.0,8100.0,526.5
43625.0,8100.0,527.1
43650.0,8100.0,527.7
43675.0,8100.0,528.3
43700.0,8100.0,528.7
43725.0,8100.0,529.1
43750.0,8100.0,529.4
43775.0,8100.0,529.5
43800.0,8100.0,529.5
43825.0,8100.0,529.4
43850.0,8100.0,529.2
43875.0,8100.0,528.9
43900.0,8100.0,528.5
43925.0,8100.0,528.1
43950.0,8100.0,527.8
43975.0,8100.0,529.8
44000.0,8100.0,535.2
44025.0,8100.0,543.4
44050.0,8100.0,554.0
44075.0,8100.0,566.6
44100.0,8100.0,580.9
44125.0,8100.0,596.5
44150.0,8100.0,613.2
44175.0,8100.0,630.4
44200.0,8100.0,647.6
44225.0,8100.0,664.1
44250.0,8100.0,678.9
44275.0,8100.0,690.9
44300.0,8100.0,698.6
44325.0,8100.0,700.8
44350.0,8100.0,701.2
44375.0,8100.0,701.5
44400.0,8100.0,701.9
44425.0,8100.0,702.3
44450.0,8100.0,702.8
44475.0,8100.0,703.2
44500.0,8100.0,703.7
44525.0,8100.0,704.2
44550.0,8100.0,704.7
44575.0,8100.0,705.2
44600.0,8100.0,705.7
44625.0,8100.0,706.2
44650.0,8100.0,706.7
44675.0,8100.0,707.1
44700.0,8100.0,707.5
44725.0,8100.0,707.7
44750.0,8100.0,708.0
44775.0,8100.0,708.1
44800.0,8100.0,708.2
44825.0,8100.0,708.2
44850.0,8100.0,708.2
44875.0,8100.0,708.2
44900.0,8100.0,708.2
44925.0,8100.0,708.1
44950.0,8100.0,708.1
44975.0,8100.0,708.1
45000.0,8100.0,708.2
45025.0,8100.0,708.3
45050.0,8100.0,708.4
45075.0,8100.0,708.6
45100.0,8100.0,708.9
45125.0,8100.0,709.2
45150.0,8100.0,709.6
45175.0,8100.0,710.1
45200.0,8100.0,710.6
45225.0,8100.0,711.1
45250.0,8100.0,711.7
45275.0,8100.0,712.3
45300.0,8100.0,712.9
45325.0,8100.0,713.4
45350.0,8100.0,713.8
45375.0,8100.0,714.1
45400.0,8100.0,714.2
45425.0,8100.0,714.2
45450.0,8100.0,713.9
45475.0,8100.0,713.3
45500.0,8100.0,712.5
45525.0,8100.0,711.3
45550.0,8100.0,705.7
45575.0,8100.0,694.7
45600.0,8100.0,679.9
45625.0,8100.0,662.6
45650.0,8100.0,644.1
45675.0,8100.0,625.5
45700.0,8100.0,607.4
45725.0,8100.0,590.4
45750.0,8100.0,575.0
45775.0,8100.0,561.3
45800.0,8100.0,549.5
45825.0,8100.0,539.6
45850.0,8100.0,531.7
45875.0,8100.0,525.6
45900.0,8100.0,521.5
45925.0,8100.0,519.5
45950.0,8100.0,519.2
45975.0,8100.0,519.2
46000.0,8100.0,519.1
46025.0,8100.0,519.1
46050.0,8100.0,519.1
46075.0,8100.0,519.1
46100.0,8100.0,519.1
46125.0,8100.0,519.0
46150.0,8100.0,519.0
46175.0,8100.0,518.9
46200.0,8100.0,519.0
46225.0,8100.0,519.1
46250.0,8100.0,519.3
46275.0,8100.0,519.6
46300.0,8100.0,520.0
46325.0,8100.0,520.5
46350.0,8100.0,521.0
46375.0,8100.0,521.7
46400.0,8100.0,522.3
46425.0,8100.0,523.0
46450.0,8100.0,523.7
46475.0,8100.0,524.3
46500.0,8100.0,524.9
43500.0,8125.0,523.2
43525.0,8125.0,523.7
43550.0,8125.0,524.4
43575.0,8125.0,525.0
43600.0,8125.0,525.7
43625.0,8125.0,526.4
43650.0,8125.0,527.0
43675.0,8125.0,527.6
43700.0,8125.0,528.1
43725.0,8125.0,528.4
43750.0,8125.0,528.7
43775.0,8125.0,528.8
43800.0,8125.0,528.7
43825.0,8125.0,528.6
43850.0,8125.0,528.4
43875.0,8125.0,528.1
43900.0,8125.0,527.8
43925.0,8125.0,527.5
43950.0,8125.0,529.5
43975.0,8125.0,534.7
44000.0,8125.0,542.6
44025.0,8125.0,552.8
44050.0,8125.0,564.9
44075.0,8125.0,578.7
44100.0,8125.0,593.7
44125.0,8125.0,609.7
44150.0,8125.0,626.3
44175.0,8125.0,643.1
44200.0,8125.0,659.4
44225.0,8125.0,674.5
44250.0,8125.0,687.4
44275.0,8125.0,696.8
44300.0,8125.0,701.2
44325.0,8125.0,701.7
44350.0,8125.0,702.1
44375.0,8125.0,702.4
44400.0,8125.0,702.7
44425.0,8125.0,703.1
44450.0,8125.0,703.4
44475.0,8125.0,703.8
44500.0,8125.0,704.2
44525.0,8125.0,704.7
44550.0,8125.0,705.2
44575.0,8125.0,705.7
44600.0,8125.0,706.2
44625.0,8125.0,706.7
44650.0,8125.0,707.2
44675.0,8125.0,707.6
44700.0,8125.0,708.0
44725.0,8125.0,708.3
44750.0,8125.0,708.6
44775.0,8125.0,708.8
44800.0,8125.0,708.9
44825.0,8125.0,709.0
44850.0,8125.0,709.1
44875.0,8125.0,709.2
44900.0,8125.0,709.2
44925.0,8125.0,709.2
44950.0,8125.0,709.3
44975.0,8125.0,709.3
45000.0,8125.0,709.4
45025.0,8125.0,709.6
45050.0,8125.0,709.8
45075.0,8125.0,710.0
45100.0,8125.0,710.3
45125.0,8125.0,710.6
45150.0,8125.0,711.0
45175.0,8125.0,711.4
45200.0,8125.0,711.8
45225.0,8125.0,712.3
45250.0,8125.0,712.8
45275.0,8125.0,713.3
45300.0,8125.0,713.7
45325.0,8125.0,714.1
45350.0,8125.0,714.3
45375.0,8125.0,714.4
45400.0,8125.0,714.4
45425.0,8125.0,714.1
45450.0,8125.0,713.6
45475.0,8125.0,712.9
45500.0,8125.0,711.8
45525.0,8125.0,706.5
45550.0,8125.0,695.5
45575.0,8125.0,680.5
45600.0,8125.0,663.1
45625.0,8125.0,644.5
45650.0,8125.0,625.9
45675.0,8125.0,608.1
45700.0,8125.0,591.4
45725.0,8125.0,576.4
45750.0,8125.0,563.2
45775.0,8125.0,551.8
45800.0,8125.0,542.2
45825.0,8125.0,534.3
45850.0,8125.0,528.0
45875.0,8125.0,523.3
45900.0,8125.0,520.2
45925.0,8125.0,518.7
45950.0,8125.0,518.5
45975.0,8125.0,518.4
46000.0,8125.0,518.3
46025.0,8125.0,518.3
46050.0,8125.0,518.2
46075.0,8125.0,518.2
46100.0,8125.0,518.2
46125.0,8125.0,518.1
46150.0,8125.0,518.2
46175.0,8125.0,518.2
46200.0,8125.0,518.4
46225.0,8125.0,518.6
46250.0,8125.0,518.9
46275.0,8125.0,519.4
46300.0,8125.0,519.9
46325.0,8125.0,520.6
46350.0,8125.0,521.3
46375.0,8125.0,522.0
46400.0,8125.0,522.7
46425.0,8125.0,523.5
46450.0,8125.0,524.2
46475.0,8125.0,524.8
46500.0,8125.0,525.3
43500.0,8150.0,522.0
43525.0,8150.0,522.6
43550.0,8150.0,523.3
43575.0,8150.0,524.1
43600.0,8150.0,524.8
43625.0,8150.0,525.6
43650.0,8150.0,526.3
43675.0,8150.0,526.8
43700.0,8150.0,527.3
43725.0,8150.0,527.7
43750.0,8150.0,527.9
43775.0,8150.0,528.0
43800.0,8150.0,527.9
43825.0,8150.0,527.8
43850.0,8150.0,527.6
43875.0,8150.0,527.4
43900.0,8150.0,527.2
43925.0,8150.0,529.2
43950.0,8150.0,534.2
43975.0,8150.0,541.7
44000.0,8150.0,551.4
44025.0,8150.0,562.9
44050.0,8150.0,576.0
44075.0,8150.0,590.4
44100.0,8150.0,605.7
44125.0,8150.0,621.7
44150.0,8150.0,637.9
44175.0,8150.0,654.0
44200.0,8150.0,669.3
44225.0,8150.0,682.8
44250.0,8150.0,693.7
44275.0,8150.0,700.6
44300.0,8150.0,702.4
44325.0,8150.0,702.7
44350.0,8150.0,703.0
44375.0,8150.0,703.2
44400.0,8150.0,703.5
44425.0,8150.0,703.8
44450.0,8150.0,704.1
44475.0,8150.0,704.4
44500.0,8150.0,704.8
44525.0,8150.0,705.3
44550.0,8150.0,705.7
44575.0,8150.0,706.2
44600.0,8150.0,706.7
44625.0,8150.0,707.3
44650.0,8150.0,707.7
44675.0,8150.0,708.2
44700.0,8150.0,708.6
44725.0,8150.0,709.0
44750.0,8150.0,709.3
44775.0,8150.0,709.5
44800.0,8150.0,709.7
44825.0,8150.0,709.9
44850.0,8150.0,710.0
44875.0,8150.0,710.1
44900.0,8150.0,710.2
44925.0,8150.0,710.3
44950.0,8150.0,710.4
44975.0,8150.0,710.5
45000.0,8150.0,710.6
45025.0,8150.0,710.8
45050.0,8150.0,711.0
45075.0,8150.0,711.3
45100.0,8150.0,711.6
45125.0,8150.0,711.9
45150.0,8150.0,712.2
45175.0,8150.0,712.6
45200.0,8150.0,713.0
45225.0,8150.0,713.4
45250.0,8150.0,713.7
45275.0,8150.0,714.0
45300.0,8150.0,714.3
45325.0,8150.0,714.5
45350.0,8150.0,714.6
45375.0,8150.0,714.5
45400.0,8150.0,714.2
45425.0,8150.0,713.8
45450.0,8150.0,713.1
45475.0,8150.0,712.2
45500.0,8150.0,707.2
45525.0,8150.0,696.1
45550.0,8150.0,680.8
45575.0,8150.0,663.0
45600.0,8150.0,644.1
45625.0,8150.0,625.4
45650.0,8150.0,607.5
45675.0,8150.0,591.0
45700.0,8150.0,576.3
45725.0,8150.0,563.5
45750.0,8150.0,552.6
45775.0,8150.0,543.4
45800.0,8150.0,535.9
45825.0,8150.0,529.8
45850.0,8150.0,525.0
45875.0,8150.0,521.4
45900.0,8150.0,519.1
45925.0,8150.0,518.0
45950.0,8150.0,517.8
45975.0,8150.0,517.6
46000.0,8150.0,517.5
46025.0,8150.0,517.4
46050.0,8150.0,517.4
46075.0,8150.0,517.3
46100.0,8150.0,517.3
46125.0,8150.0,517.4
46150.0,8150.0,517.5
46175.0,8150.0,517.6
46200.0,8150.0,517.9
46225.0,8150.0,518.3
46250.0,8150.0,518.8
46275.0,8150.0,519.4
46300.0,8150.0,520.1
46325.0,8150.0,520.8
46350.0,8150.0,521.6
46375.0,8150.0,522.5
46400.0,8150.0,523.3
46425.0,8150.0,524.1
46450.0,8150.0,524.8
46475.0,8150.0,525.4
46500.0,8150.0,525.9
43500.0,8175.0,520.9
43525.0,8175.0,521.6
43550.0,8175.0,522.4
43575.0,8175.0,523.2
43600.0,8175.0,524.0
43625.0,8175.0,524.8
43650.0,8175.0,525.5
43675.0,8175.0,526.1
43700.0,8175.0,526.5
43725.0,8175.0,526.9
43750.0,8175.0,527.1
43775.0,8175.0,527.1
43800.0,8175.0,527.1
43825.0,8175.0,527.0
43850.0,8175.0,526.8
43875.0,8175.0,526.8
43900.0,8175.0,529.0
43925.0,8175.0,533.7
43950.0,8175.0,540.8
43975.0,8175.0,549.9
44000.0,8175.0,560.8
44025.0,8175.0,573.2
44050.0,8175.0,586.8
44075.0,8175.0,601.4
44100.0,8175.0,616.6
44125.0,8175.0,632.3
44150.0,8175.0,648.0
44175.0,8175.0,663.2
44200.0,8175.0,677.3
44225.0,8175.0,689.4
44250.0,8175.0,698.3
44275.0,8175.0,702.9
44300.0,8175.0,703.4
44325.0,8175.0,703.7
44350.0,8175.0,703.9
44375.0,8175.0,704.1
44400.0,8175.0,704.3
44425.0,8175.0,704.5
44450.0,8175.0,704.7
44475.0,8175.0,705.0
44500.0,8175.0,705.4
44525.0,8175.0,705.8
44550.0,8175.0,706.3
44575.0,8175.0,706.8
44600.0,8175.0,707.3
44625.0,8175.0,707.8
44650.0,8175.0,708.3
44675.0,8175.0,708.8
44700.0,8175.0,709.2
44725.0,8175.0,709.6
44750.0,8175.0,709.9
44775.0,8175.0,710.2
44800.0,8175.0,710.4
44825.0,8175.0,710.6
44850.0,8175.0,710.8
44875.0,8175.0,710.9
44900.0,8175.0,711.1
44925.0,8175.0,711.2
44950.0,8175.0,711.4
44975.0,8175.0,711.6
45000.0,8175.0,711.8
45025.0,8175.0,712.0
45050.0,8175.0,712.2
45075.0,8175.0,712.5
45100.0,8175.0,712.8
45125.0,8175.0,713.0
45150.0,8175.0,713.3
45175.0,8175.0,713.6
45200.0,8175.0,713.9
45225.0,8175.0,714.2
45250.0,8175.0,714.4
45275.0,8175.0,714.5
45300.0,8175.0,714.6
45325.0,8175.0,714.6
45350.0,8175.0,714.5
45375.0,8175.0,714.2
45400.0,8175.0,713.8
45425.0,8175.0,713.1
45450.0,8175.0,712.3
45475.0,8175.0,707.8
45500.0,8175.0,696.7
45525.0,8175.0,681.1
45550.0,8175.0,662.8
45575.0,8175.0,643.4
45600.0,8175.0,624.1
45625.0,8175.0,606.0
45650.0,8175.0,589.5
45675.0,8175.0,574.9
45700.0,8175.0,562.4
45725.0,8175.0,552.0
45750.0,8175.0,543.3
45775.0,8175.0,536.3
45800.0,8175.0,530.6
45825.0,8175.0,526.0
45850.0,8175.0,522.5
45875.0,8175.0,519.8
45900.0,8175.0,518.1
45925.0,8175.0,517.2
45950.0,8175.0,517.0
45975.0,8175.0,516.8
46000.0,8175.0,516.7
46025.0,8175.0,516.6
46050.0,8175.0,516.5
46075.0,8175.0,516.5
46100.0,8175.0,516.6
46125.0,8175.0,516.7
46150.0,8175.0,516.9
46175.0,8175.0,517.2
46200.0,8175.0,517.7
46225.0,8175.0,518.2
46250.0,8175.0,518.8
46275.0,8175.0,519.6
46300.0,8175.0,520.4
46325.0,8175.0,521.3
46350.0,8175.0,522.2
46375.0,8175.0,523.1
46400.0,8175.0,524.0
46425.0,8175.0,524.8
46450.0,8175.0,525.5
46475.0,8175.0,526.1
46500.0,8175.0,526.6
43500.0,8200.0,519.8
43525.0,8200.0,520.7
43550.0,8200.0,521.5
43575.0,8200.0,522.4
43600.0,8200.0,523.3
43625.0,8200.0,524.1
43650.0,8200.0,524.8
43675.0,8200.0,525.3
43700.0,8200.0,525.8
43725.0,8200.0,526.1
43750.0,8200.0,526.3
43775.0,8200.0,526.3
43800.0,8200.0,526.3
43825.0,8200.0,526.2
43850.0,8200.0,526.5
43875.0,8200.0,528.9
43900.0,8200.0,533.5
43925.0,8200.0,540.1
43950.0,8200.0,548.6
43975.0,8200.0,558.8
44000.0,8200.0,570.4
44025.0,8200.0,583.2
44050.0,8200.0,596.9
44075.0,8200.0,611.4
44100.0,8200.0,626.3
44125.0,8200.0,641.5
44150.0,8200.0,656.5
44175.0,8200.0,670.8
44200.0,8200.0,683.8
44225.0,8200.0,694.4
44250.0,8200.0,701.7
44275.0,8200.0,704.2
44300.0,8200.0,704.5
44325.0,8200.0,704.6
44350.0,8200.0,704.7
44375.0,8200.0,704.9
44400.0,8200.0,705.0
44425.0,8200.0,705.1
44450.0,8200.0,705.4
44475.0,8200.0,705.6
44500.0,8200.0,706.0
44525.0,8200.0,706.4
44550.0,8200.0,706.8
44575.0,8200.0,707.3
44600.0,8200.0,707.8
44625.0,8200.0,708.3
44650.0,8200.0,708.8
44675.0,8200.0,709.3
44700.0,8200.0,709.7
44725.0,8200.0,710.1
44750.0,8200.0,710.5
44775.0,8200.0,710.8
44800.0,8200.0,711.1
44825.0,8200.0,711.3
44850.0,8200.0,711.5
44875.0,8200.0,711.7
44900.0,8200.0,711.9
44925.0,8200.0,712.1
44950.0,8200.0,712.4
44975.0,8200.0,712.6
45000.0,8200.0,712.8
45025.0,8200.0,713.1
45050.0,8200.0,713.3
45075.0,8200.0,713.6
45100.0,8200.0,713.8
45125.0,8200.0,714.0
45150.0,8200.0,714.2
45175.0,8200.0,714.4
45200.0,8200.0,714.6
45225.0,8200.0,714.7
45250.0,8200.0,714.7
45275.0,8200.0,714.7
45300.0,8200.0,714.6
45325.0,8200.0,714.4
45350.0,8200.0,714.1
45375.0,8200.0,713.6
45400.0,8200.0,713.0
45425.0,8200.0,712.2
45450.0,8200.0,708.5
45475.0,8200.0,697.7
45500.0,8200.0,681.8
45525.0,8200.0,662.9
45550.0,8200.0,642.8
45575.0,8200.0,622.9
45600.0,8200.0,604.1
45625.0,8200.0,587.3
45650.0,8200.0,572.6
45675.0,8200.0,560.3
45700.0,8200.0,550.1
45725.0,8200.0,541.9
45750.0,8200.0,535.3
45775.0,8200.0,530.1
45800.0,8200.0,526.1
45825.0,8200.0,522.8
45850.0,8200.0,520.3
45875.0,8200.0,518.4
45900.0,8200.0,517.1
45925.0,8200.0,516.5
45950.0,8200.0,516.2
45975.0,8200.0,516.0
46000.0,8200.0,515.9
46025.0,8200.0,515.8
46050.0,8200.0,515.8
46075.0,8200.0,515.9
46100.0,8200.0,516.0
46125.0,8200.0,516.2
46150.0,8200.0,516.6
46175.0,8200.0,517.0
46200.0,8200.0,517.6
46225.0,8200.0,518.3
46250.0,8200.0,519.1
46275.0,8200.0,520.0
46300.0,8200.0,520.9
46325.0,8200.0,521.9
46350.0,8200.0,522.9
46375.0,8200.0,523.9
46400.0,8200.0,524.8
46425.0,8200.0,525.6
46450.0,8200.0,526.3
46475.0,8200.0,526.9
46500.0,8200.0,527.4
43500.0,8225.0,519.0
43525.0,8225.0,519.9
43550.0,8225.0,520.8
43575.0,8225.0,521.7
43600.0,8225.0,522.6
43625.0,8225.0,523.4
43650.0,8225.0,524.1
43675.0,8225.0,524.6
43700.0,8225.0,525.0
43725.0,8225.0,525.3
43750.0,8225.0,525.5
43775.0,8225.0,525.6
43800.0,8225.0,525.6
43825.0,8225.0,526.4
43850.0,8225.0,529.0
43875.0,8225.0,533.4
43900.0,8225.0,539.6
43925.0,8225.0,547.5
43950.0,8225.0,557.0
43975.0,8225.0,567.8
44000.0,8225.0,579.7
44025.0,8225.0,592.5
44050.0,8225.0,606.1
44075.0,8225.0,620.3
44100.0,8225.0,634.8
44125.0,8225.0,649.4
44150.0,8225.0,663.6
44175.0,8225.0,677.0
44200.0,8225.0,688.9
44225.0,8225.0,698.2
44250.0,8225.0,704.0
44275.0,8225.0,705.3
44300.0,8225.0,705.4
44325.0,8225.0,705.5
44350.0,8225.0,705.6
44375.0,8225.0,705.6
44400.0,8225.0,705.7
44425.0,8225.0,705.8
44450.0,8225.0,705.9
44475.0,8225.0,706.2
44500.0,8225.0,706.5
44525.0,8225.0,706.9
44550.0,8225.0,707.3
44575.0,8225.0,707.8
44600.0,8225.0,708.3
44625.0,8225.0,708.8
44650.0,8225.0,709.3
44675.0,8225.0,709.8
44700.0,8225.0,710.2
44725.0,8225.0,710.6
44750.0,8225.0,711.0
44775.0,8225.0,711.3
44800.0,8225.0,711.6
44825.0,8225.0,711.9
44850.0,8225.0,712.2
44875.0,8225.0,712.4
44900.0,8225.0,712.7
44925.0,8225.0,712.9
44950.0,8225.0,713.2
44975.0,8225.0,713.5
45000.0,8225.0,713.7
45025.0,8225.0,714.0
45050.0,8225.0,714.2
45075.0,8225.0,714.4
45100.0,8225.0,714.6
45125.0,8225.0,714.8
45150.0,8225.0,714.9
45175.0,8225.0,714.9
45200.0,8225.0,715.0
45225.0,8225.0,714.9
45250.0,8225.0,714.8
45275.0,8225.0,714.6
45300.0,8225.0,714.3
45325.0,8225.0,713.9
45350.0,8225.0,713.4
45375.0,8225.0,712.7
45400.0,8225.0,711.9
45425.0,8225.0,709.2
45450.0,8225.0,699.1
45475.0,8225.0,683.2
45500.0,8225.0,663.9
45525.0,8225.0,642.9
45550.0,8225.0,622.1
45575.0,8225.0,602.5
45600.0,8225.0,585.0
45625.0,8225.0,570.0
45650.0,8225.0,557.5
45675.0,8225.0,547.5
45700.0,8225.0,539.6
45725.0,8225.0,533.4
45750.0,8225.0,528.7
45775.0,8225.0,525.1
45800.0,8225.0,522.3
45825.0,8225.0,520.1
45850.0,8225.0,518.4
45875.0,8225.0,517.1
45900.0,8225.0,516.2
45925.0,8225.0,515.8
45950.0,8225.0,515.5
45975.0,8225.0,515.3
46000.0,8225.0,515.2
46025.0,8225.0,515.2
46050.0,8225.0,515.2
46075.0,8225.0,515.4
46100.0,8225.0,515.6
46125.0,8225.0,516.0
46150.0,8225.0,516.4
46175.0,8225.0,517.0
46200.0,8225.0,517.8
46225.0,8225.0,518.6
46250.0,8225.0,519.6
46275.0,8225.0,520.6
46300.0,8225.0,521.6
46325.0,8225.0,522.7
46350.0,8225.0,523.8
46375.0,8225.0,524.8
46400.0,8225.0,525.7
46425.0,8225.0,526.6
46450.0,8225.0,527.3
46475.0,8225.0,527.9
46500.0,8225.0,528.3
43500.0,8250.0,518.3
43525.0,8250.0,519.3
43550.0,8250.0,520.2
43575.0,8250.0,521.2
43600.0,8250.0,522.0
43625.0,8250.0,522.8
43650.0,8250.0,523.5
43675.0,8250.0,524.0
43700.0,8250.0,524.4
43725.0,8250.0,524.6
43750.0,8250.0,524.8
43775.0,8250.0,525.0
43800.0,8250.0,526.4
43825.0,8250.0,529.2
43850.0,8250.0,533.5
43875.0,8250.0,539.4
43900.0,8250.0,546.7
43925.0,8250.0,555.4
43950.0,8250.0,565.4
43975.0,8250.0,576.4
44000.0,8250.0,588.4
44025.0,8250.0,601.1
44050.0,8250.0,614.4
44075.0,8250.0,628.2
44100.0,8250.0,642.1
44125.0,8250.0,656.0
44150.0,8250.0,669.5
44175.0,8250.0,682.0
44200.0,8250.0,692.9
44225.0,8250.0,701.1
44250.0,8250.0,705.7
44275.0,8250.0,706.2
44300.0,8250.0,706.3
44325.0,8250.0,706.3
44350.0,8250.0,706.3
44375.0,8250.0,706.3
44400.0,8250.0,706.3
44425.0,8250.0,706.3
44450.0,8250.0,706.5
44475.0,8250.0,706.7
44500.0,8250.0,707.0
44525.0,8250.0,707.4
44550.0,8250.0,707.8
44575.0,8250.0,708.3
44600.0,8250.0,708.8
44625.0,8250.0,709.3
44650.0,8250.0,709.7
44675.0,8250.0,710.2
44700.0,8250.0,710.6
44725.0,8250.0,711.0
44750.0,8250.0,711.4
44775.0,8250.0,711.7
44800.0,8250.0,712.1
44825.0,8250.0,712.4
44850.0,8250.0,712.7
44875.0,8250.0,713.0
44900.0,8250.0,713.3
44925.0,8250.0,713.6
44950.0,8250.0,713.9
44975.0,8250.0,714.2
45000.0,8250.0,714.5
45025.0,8250.0,714.7
45050.0,8250.0,714.9
45075.0,8250.0,715.1
45100.0,8250.0,715.2
45125.0,8250.0,715.3
45150.0,8250.0,715.2
45175.0,8250.0,715.2
45200.0,8250.0,715.0
45225.0,8250.0,714.8
45250.0,8250.0,714.5
45275.0,8250.0,714.1
45300.0,8250.0,713.6
45325.0,8250.0,713.0
45350.0,8250.0,712.3
45375.0,8250.0,711.5
45400.0,8250.0,709.8
45425.0,8250.0,700.9
45450.0,8250.0,685.5
45475.0,8250.0,665.9
45500.0,8250.0,644.2
45525.0,8250.0,622.4
45550.0,8250.0,601.8
45575.0,8250.0,583.3
45600.0,8250.0,567.6
45625.0,8250.0,554.8
45650.0,8250.0,544.6
45675.0,8250.0,536.9
45700.0,8250.0,531.0
45725.0,8250.0,526.7
45750.0,8250.0,523.5
45775.0,8250.0,521.1
45800.0,8250.0,519.3
45825.0,8250.0,517.9
45850.0,8250.0,516.8
45875.0,8250.0,516.0
45900.0,8250.0,515.4
45925.0,8250.0,515.1
45950.0,8250.0,514.9
45975.0,8250.0,514.7
46000.0,8250.0,514.7
46025.0,8250.0,514.7
46050.0,8250.0,514.8
46075.0,8250.0,515.1
46100.0,8250.0,515.4
46125.0,8250.0,515.9
46150.0,8250.0,516.5
46175.0,8250.0,517.3
46200.0,8250.0,518.2
46225.0,8250.0,519.1
46250.0,8250.0,520.2
46275.0,8250.0,521.4
46300.0,8250.0,522.5
46325.0,8250.0,523.7
46350.0,8250.0,524.8
46375.0,8250.0,525.9
46400.0,8250.0,526.8
46425.0,8250.0,527.7
46450.0,8250.0,528.4
46475.0,8250.0,529.0
46500.0,8250.0,529.4
43500.0,8275.0,517.9
43525.0,8275.0,518.8
43550.0,8275.0,519.8
43575.0,8275.0,520.7
43600.0,8275.0,521.6
43625.0,8275.0,522.3
43650.0,8275.0,522.9
43675.0,8275.0,523.4
43700.0,8275.0,523.8
43725.0,8275.0,524.0
43750.0,8275.0,524.7
43775.0,8275.0,526.5
43800.0,8275.0,529.4
43825.0,8275.0,533.6
43850.0,8275.0,539.1
43875.0,8275.0,545.9
43900.0,8275.0,553.9
43925.0,8275.0,563.1
43950.0,8275.0,573.3
43975.0,8275.0,584.4
44000.0,8275.0,596.3
44025.0,8275.0,608.7
44050.0,8275.0,621.6
44075.0,8275.0,634.9
44100.0,8275.0,648.3
44125.0,8275.0,661.5
44150.0,8275.0,674.3
44175.0,8275.0,686.0
44200.0,8275.0,696.0
44225.0,8275.0,703.3
44250.0,8275.0,706.9
44275.0,8275.0,707.1
44300.0,8275.0,707.1
44325.0,8275.0,707.0
44350.0,8275.0,706.9
44375.0,8275.0,706.8
44400.0,8275.0,706.8
44425.0,8275.0,706.8
44450.0,8275.0,707.0
44475.0,8275.0,707.2
44500.0,8275.0,707.5
44525.0,8275.0,707.8
44550.0,8275.0,708.2
44575.0,8275.0,708.7
44600.0,8275.0,709.1
44625.0,8275.0,709.6
44650.0,8275.0,710.1
44675.0,8275.0,710.5
44700.0,8275.0,710.9
44725.0,8275.0,711.3
44750.0,8275.0,711.7
44775.0,8275.0,712.0
44800.0,8275.0,712.4
44825.0,8275.0,712.7
44850.0,8275.0,713.1
44875.0,8275.0,713.4
44900.0,8275.0,713.8
44925.0,8275.0,714.1
44950.0,8275.0,714.5
44975.0,8275.0,714.8
45000.0,8275.0,715.0
45025.0,8275.0,715.3
45050.0,8275.0,715.4
45075.0,8275.0,715.5
45100.0,8275.0,715.5
45125.0,8275.0,715.5
45150.0,8275.0,715.3
45175.0,8275.0,715.1
45200.0,8275.0,714.7
45225.0,8275.0,714.3
45250.0,8275.0,713.9
45275.0,8275.0,713.3
45300.0,8275.0,712.6
45325.0,8275.0,711.9
45350.0,8275.0,711.0
45375.0,8275.0,710.0
45400.0,8275.0,703.0
45425.0,8275.0,688.6
45450.0,8275.0,669.2
45475.0,8275.0,647.0
45500.0,8275.0,624.2
45525.0,8275.0,602.4
45550.0,8275.0,582.8
45575.0,8275.0,566.1
45600.0,8275.0,552.6
45625.0,8275.0,542.1
45650.0,8275.0,534.3
45675.0,8275.0,528.6
45700.0,8275.0,524.7
45725.0,8275.0,521.8
45750.0,8275.0,519.8
45775.0,8275.0,518.4
45800.0,8275.0,517.3
45825.0,8275.0,516.4
45850.0,8275.0,515.7
45875.0,8275.0,515.2
45900.0,8275.0,514.8
45925.0,8275.0,514.6
45950.0,8275.0,514.4
45975.0,8275.0,514.3
46000.0,8275.0,514.3
46025.0,8275.0,514.4
46050.0,8275.0,514.6
46075.0,8275.0,515.0
46100.0,8275.0,515.5
46125.0,8275.0,516.1
46150.0,8275.0,516.8
46175.0,8275.0,517.7
46200.0,8275.0,518.7
46225.0,8275.0,519.9
46250.0,8275.0,521.1
46275.0,8275.0,522.3
46300.0,8275.0,523.5
46325.0,8275.0,524.8
46350.0,8275.0,525.9
46375.0,8275.0,527.0
46400.0,8275.0,528.0
46425.0,8275.0,528.9
46450.0,8275.0,529.6
46475.0,8275.0,530.1
46500.0,8275.0,530.6
43500.0,8300.0,517.6
43525.0,8300.0,518.6
43550.0,8300.0,519.6
43575.0,8300.0,520.5
43600.0,8300.0,521.3
43625.0,8300.0,522.0
43650.0,8300.0,522.5
43675.0,8300.0,523.0
43700.0,8300.0,523.4
43725.0,8300.0,524.5
43750.0,8300.0,526.5
43775.0,8300.0,529.5
43800.0,8300.0,533.5
43825.0,8300.0,538.7
43850.0,8300.0,545.0
43875.0,8300.0,552.4
43900.0,8300.0,560.9
43925.0,8300.0,570.3
43950.0,8300.0,580.6
43975.0,8300.0,591.6
44000.0,8300.0,603.2
44025.0,8300.0,615.3
44050.0,8300.0,627.8
44075.0,8300.0,640.5
44100.0,8300.0,653.3
44125.0,8300.0,665.9
44150.0,8300.0,678.0
44175.0,8300.0,689.0
44200.0,8300.0,698.2
44225.0,8300.0,704.9
44250.0,8300.0,707.8
44275.0,8300.0,707.8
44300.0,8300.0,707.7
44325.0,8300.0,707.6
44350.0,8300.0,707.4
44375.0,8300.0,707.3
44400.0,8300.0,707.2
44425.0,8300.0,707.3
44450.0,8300.0,707.4
44475.0,8300.0,707.6
44500.0,8300.0,707.8
44525.0,8300.0,708.2
44550.0,8300.0,708.5
44575.0,8300.0,709.0
44600.0,8300.0,709.4
44625.0,8300.0,709.8
44650.0,8300.0,710.3
44675.0,8300.0,710.7
44700.0,8300.0,711.1
44725.0,8300.0,711.4
44750.0,8300.0,711.8
44775.0,8300.0,712.2
44800.0,8300.0,712.6
44825.0,8300.0,712.9
44850.0,8300.0,713.3
44875.0,8300.0,713.7
44900.0,8300.0,714.1
44925.0,8300.0,714.5
44950.0,8300.0,714.8
44975.0,8300.0,715.1
45000.0,8300.0,715.4
45025.0,8300.0,715.6
45050.0,8300.0,715.7
45075.0,8300.0,715.7
45100.0,8300.0,715.5
45125.0,8300.0,715.3
45150.0,8300.0,715.0
45175.0,8300.0,714.6
45200.0,8300.0,714.1
45225.0,8300.0,713.6
45250.0,8300.0,712.9
45275.0,8300.0,712.2
45300.0,8300.0,711.4
45325.0,8300.0,710.5
45350.0,8300.0,709.5
45375.0,8300.0,704.9
45400.0,8300.0,692.3
45425.0,8300.0,673.7
45450.0,8300.0,651.4
45475.0,8300.0,627.8
45500.0,8300.0,604.8
45525.0,8300.0,583.8
45550.0,8300.0,565.8
45575.0,8300.0,551.3
45600.0,8300.0,540.2
45625.0,8300.0,532.2
45650.0,8300.0,526.7
45675.0,8300.0,523.1
45700.0,8300.0,520.7
45725.0,8300.0,519.1
45750.0,8300.0,518.0
45775.0,8300.0,517.1
45800.0,8300.0,516.3
45825.0,8300.0,515.7
45850.0,8300.0,515.1
45875.0,8300.0,514.7
45900.0,8300.0,514.4
45925.0,8300.0,514.2
45950.0,8300.0,514.0
45975.0,8300.0,514.0
46000.0,8300.0,514.1
46025.0,8300.0,514.3
46050.0,8300.0,514.6
46075.0,8300.0,515.1
46100.0,8300.0,515.7
46125.0,8300.0,516.5
46150.0,8300.0,517.4
46175.0,8300.0,518.4
46200.0,8300.0,519.5
46225.0,8300.0,520.8
46250.0,8300.0,522.1
46275.0,8300.0,523.4
46300.0,8300.0,524.7
46325.0,8300.0,526.0
46350.0,8300.0,527.2
46375.0,8300.0,528.3
46400.0,8300.0,529.3
46425.0,8300.0,530.1
46450.0,8300.0,530.8
46475.0,8300.0,531.4
46500.0,8300.0,531.8
43500.0,8325.0,517.6
43525.0,8325.0,518.6
43550.0,8325.0,519.5
43575.0,8325.0,520.4
43600.0,8325.0,521.1
43625.0,8325.0,521.8
43650.0,8325.0,522.3
43675.0,8325.0,522.8
43700.0,8325.0,524.1
43725.0,8325.0,526.2
43750.0,8325.0,529.1
43775.0,8325.0,533.0
43800.0,8325.0,537.8
43825.0,8325.0,543.7
43850.0,8325.0,550.5
43875.0,8325.0,558.3
43900.0,8325.0,567.1
43925.0,8325.0,576.7
43950.0,8325.0,586.9
43975.0,8325.0,597.8
44000.0,8325.0,609.2
44025.0,8325.0,620.9
44050.0,8325.0,632.9
44075.0,8325.0,645.1
44100.0,8325.0,657.3
44125.0,8325.0,669.3
44150.0,8325.0,680.8
44175.0,8325.0,691.2
44200.0,8325.0,699.8
44225.0,8325.0,706.0
44250.0,8325.0,708.5
44275.0,8325.0,708.4
44300.0,8325.0,708.2
44325.0,8325.0,708.0
44350.0,8325.0,707.8
44375.0,8325.0,707.7
44400.0,8325.0,707.6
44425.0,8325.0,707.6
44450.0,8325.0,707.7
44475.0,8325.0,707.8
44500.0,8325.0,708.1
44525.0,8325.0,708.4
44550.0,8325.0,708.7
44575.0,8325.0,709.1
44600.0,8325.0,709.5
44625.0,8325.0,709.9
44650.0,8325.0,710.3
44675.0,8325.0,710.7
44700.0,8325.0,711.1
44725.0,8325.0,711.5
44750.0,8325.0,711.8
44775.0,8325.0,712.2
44800.0,8325.0,712.6
44825.0,8325.0,713.0
44850.0,8325.0,713.5
44875.0,8325.0,713.9
44900.0,8325.0,714.3
44925.0,8325.0,714.7
44950.0,8325.0,715.0
44975.0,8325.0,715.3
45000.0,8325.0,715.5
45025.0,8325.0,715.6
45050.0,8325.0,715.6
45075.0,8325.0,715.5
45100.0,8325.0,715.3
45125.0,8325.0,714.9
45150.0,8325.0,714.5
45175.0,8325.0,713.9
45200.0,8325.0,713.2
45225.0,8325.0,712.5
45250.0,8325.0,711.7
45275.0,8325.0,710.8
45300.0,8325.0,709.9
45325.0,8325.0,708.9
45350.0,8325.0,706.4
45375.0,8325.0,696.1
45400.0,8325.0,679.0
45425.0,8325.0,657.3
45450.0,8325.0,633.3
45475.0,8325.0,609.2
45500.0,8325.0,586.7
45525.0,8325.0,567.2
45550.0,8325.0,551.3
45575.0,8325.0,539.3
45600.0,8325.0,530.9
45625.0,8325.0,525.4
45650.0,8325.0,522.2
45675.0,8325.0,520.4
45700.0,8325.0,519.2
45725.0,8325.0,518.2
45750.0,8325.0,517.2
45775.0,8325.0,516.4
45800.0,8325.0,515.8
45825.0,8325.0,515.2
45850.0,8325.0,514.7
45875.0,8325.0,514.4
45900.0,8325.0,514.1
45925.0,8325.0,514.0
45950.0,8325.0,513.9
45975.0,8325.0,514.0
46000.0,8325.0,514.1
46025.0,8325.0,514.4
46050.0,8325.0,514.9
46075.0,8325.0,515.5
46100.0,8325.0,516.2
46125.0,8325.0,517.1
46150.0,8325.0,518.1
46175.0,8325.0,519.3
46200.0,8325.0,520.5
46225.0,8325.0,521.8
46250.0,8325.0,523.2
46275.0,8325.0,524.6
46300.0,8325.0,526.0
46325.0,8325.0,527.3
46350.0,8325.0,528.5
46375.0,8325.0,529.6
46400.0,8325.0,530.6
46425.0,8325.0,531.4
46450.0,8325.0,532.1
46475.0,8325.0,532.6
46500.0,8325.0,533.0
43500.0,8350.0,517.8
43525.0,8350.0,518.7
43550.0,8350.0,519.6
43575.0,8350.0,520.4
43600.0,8350.0,521.1
43625.0,8350.0,521.7
43650.0,8350.0,522.2
43675.0,8350.0,523.3
43700.0,8350.0,525.3
43725.0,8350.0,528.1
43750.0,8350.0,531.7
43775.0,8350.0,536.2
43800.0,8350.0,541.7
43825.0,8350.0,548.0
43850.0,8350.0,555.3
43875.0,8350.0,563.4
43900.0,8350.0,572.4
43925.0,8350.0,582.0
43950.0,8350.0,592.2
43975.0,8350.0,602.9
44000.0,8350.0,614.0
44025.0,8350.0,625.4
44050.0,8350.0,637.0
44075.0,8350.0,648.7
44100.0,8350.0,660.4
44125.0,8350.0,671.8
44150.0,8350.0,682.7
44175.0,8350.0,692.6
44200.0,8350.0,700.8
44225.0,8350.0,706.6
44250.0,8350.0,708.9
44275.0,8350.0,708.8
44300.0,8350.0,708.5
44325.0,8350.0,708.3
44350.0,8350.0,708.1
44375.0,8350.0,707.9
44400.0,8350.0,707.8
44425.0,8350.0,707.8
44450.0,8350.0,707.8
44475.0,8350.0,708.0
44500.0,8350.0,708.2
44525.0,8350.0,708.5
44550.0,8350.0,708.8
44575.0,8350.0,709.2
44600.0,8350.0,709.5
44625.0,8350.0,709.9
44650.0,8350.0,710.2
44675.0,8350.0,710.6
44700.0,8350.0,711.0
44725.0,8350.0,711.3
44750.0,8350.0,711.7
44775.0,8350.0,712.1
44800.0,8350.0,712.6
44825.0,8350.0,713.0
44850.0,8350.0,713.5
44875.0,8350.0,713.9
44900.0,8350.0,714.3
44925.0,8350.0,714.7
44950.0,8350.0,715.1
44975.0,8350.0,715.3
45000.0,8350.0,715.4
45025.0,8350.0,715.5
45050.0,8350.0,715.4
45075.0,8350.0,715.1
45100.0,8350.0,714.7
45125.0,8350.0,714.2
45150.0,8350.0,713.6
45175.0,8350.0,712.9
45200.0,8350.0,712.1
45225.0,8350.0,711.2
45250.0,8350.0,710.2
45275.0,8350.0,709.2
45300.0,8350.0,708.2
45325.0,8350.0,706.9
45350.0,8350.0,699.5
45375.0,8350.0,684.6
45400.0,8350.0,664.1
45425.0,8350.0,640.4
45450.0,8350.0,615.6
45475.0,8350.0,591.7
45500.0,8350.0,570.5
45525.0,8350.0,553.0
45550.0,8350.0,539.7
45575.0,8350.0,530.4
45600.0,8350.0,524.8
45625.0,8350.0,521.9
45650.0,8350.0,520.6
45675.0,8350.0,519.5
45700.0,8350.0,518.4
45725.0,8350.0,517.5
45750.0,8350.0,516.7
45775.0,8350.0,516.0
45800.0,8350.0,515.4
45825.0,8350.0,514.9
45850.0,8350.0,514.5
45875.0,8350.0,514.2
45900.0,8350.0,514.0
45925.0,8350.0,514.0
45950.0,8350.0,514.0
45975.0,8350.0,514.1
46000.0,8350.0,514.4
46025.0,8350.0,514.8
46050.0,8350.0,515.4
46075.0,8350.0,516.1
46100.0,8350.0,516.9
46125.0,8350.0,517.9
46150.0,8350.0,519.0
46175.0,8350.0,520.3
46200.0,8350.0,521.6
46225.0,8350.0,523.0
46250.0,8350.0,524.4
46275.0,8350.0,525.9
46300.0,8350.0,527.3
46325.0,8350.0,528.6
46350.0,8350.0,529.8
46375.0,8350.0,531.0
46400.0,8350.0,531.9
46425.0,8350.0,532.7
46450.0,8350.0,533.4
46475.0,8350.0,533.8
46500.0,8350.0,534.1
43500.0,8375.0,518.2
43525.0,8375.0,519.1
43550.0,8375.0,519.9
43575.0,8375.0,520.6
43600.0,8375.0,521.2
43625.0,8375.0,521.8
43650.0,8375.0,522.4
43675.0,8375.0,524.0
43700.0,8375.0,526.5
43725.0,8375.0,529.8
43750.0,8375.0,533.9
43775.0,8375.0,538.8
43800.0,8375.0,544.7
43825.0,8375.0,551.4
43850.0,8375.0,559.0
43875.0,8375.0,567.4
43900.0,8375.0,576.5
43925.0,8375.0,586.2
43950.0,8375.0,596.4
43975.0,8375.0,606.9
44000.0,8375.0,617.8
44025.0,8375.0,628.8
44050.0,8375.0,640.0
44075.0,8375.0,651.3
44100.0,8375.0,662.5
44125.0,8375.0,673.4
44150.0,8375.0,683.9
44175.0,8375.0,693.3
44200.0,8375.0,701.3
44225.0,8375.0,706.9
44250.0,8375.0,709.2
44275.0,8375.0,709.0
44300.0,8375.0,708.7
44325.0,8375.0,708.4
44350.0,8375.0,708.2
44375.0,8375.0,708.0
44400.0,8375.0,707.9
44425.0,8375.0,707.9
44450.0,8375.0,707.9
44475.0,8375.0,708.0
44500.0,8375.0,708.2
44525.0,8375.0,708.5
44550.0,8375.0,708.8
44575.0,8375.0,709.1
44600.0,8375.0,709.4
44625.0,8375.0,709.7
44650.0,8375.0,710.0
44675.0,8375.0,710.4
44700.0,8375.0,710.7
44725.0,8375.0,711.1
44750.0,8375.0,711.5
44775.0,8375.0,711.9
44800.0,8375.0,712.4
44825.0,8375.0,712.9
44850.0,8375.0,713.3
44875.0,8375.0,713.8
44900.0,8375.0,714.2
44925.0,8375.0,714.6
44950.0,8375.0,714.9
44975.0,8375.0,715.1
45000.0,8375.0,715.1
45025.0,8375.0,715.1
45050.0,8375.0,714.8
45075.0,8375.0,714.5
45100.0,8375.0,713.9
45125.0,8375.0,713.3
45150.0,8375.0,712.5
45175.0,8375.0,711.7
45200.0,8375.0,710.7
45225.0,8375.0,709.7
45250.0,8375.0,708.7
45275.0,8375.0,707.6
45300.0,8375.0,706.5
45325.0,8375.0,702.1
45350.0,8375.0,689.9
45375.0,8375.0,671.4
45400.0,8375.0,648.7
45425.0,8375.0,623.7
45450.0,8375.0,598.9
45475.0,8375.0,576.0
45500.0,8375.0,556.5
45525.0,8375.0,541.4
45550.0,8375.0,530.9
45575.0,8375.0,524.7
45600.0,8375.0,522.0
45625.0,8375.0,520.8
45650.0,8375.0,519.7
45675.0,8375.0,518.7
45700.0,8375.0,517.8
45725.0,8375.0,517.0
45750.0,8375.0,516.3
45775.0,8375.0,515.7
45800.0,8375.0,515.2
45825.0,8375.0,514.8
45850.0,8375.0,514.5
45875.0,8375.0,514.3
45900.0,8375.0,514.2
45925.0,8375.0,514.2
45950.0,8375.0,514.3
45975.0,8375.0,514.5
46000.0,8375.0,514.9
46025.0,8375.0,515.4
46050.0,8375.0,516.0
46075.0,8375.0,516.8
46100.0,8375.0,517.8
46125.0,8375.0,518.9
46150.0,8375.0,520.1
46175.0,8375.0,521.4
46200.0,8375.0,522.8
46225.0,8375.0,524.2
46250.0,8375.0,525.7
46275.0,8375.0,527.2
46300.0,8375.0,528.6
46325.0,8375.0,529.9
46350.0,8375.0,531.2
46375.0,8375.0,532.3
46400.0,8375.0,533.2
46425.0,8375.0,534.0
46450.0,8375.0,534.6
46475.0,8375.0,535.0
46500.0,8375.0,535.2
43500.0,8400.0,518.7
43525.0,8400.0,519.5
43550.0,8400.0,520.3
43575.0,8400.0,521.0
43600.0,8400.0,521.5
43625.0,8400.0,522.0
43650.0,8400.0,522.7
43675.0,8400.0,524.5
43700.0,8400.0,527.2
43725.0,8400.0,530.8
43750.0,8400.0,535.3
43775.0,8400.0,540.6
43800.0,8400.0,546.8
43825.0,8400.0,553.8
43850.0,8400.0,561.7
43875.0,8400.0,570.3
43900.0,8400.0,579.5
43925.0,8400.0,589.3
43950.0,8400.0,599.4
43975.0,8400.0,609.8
44000.0,8400.0,620.4
44025.0,8400.0,631.2
44050.0,8400.0,642.1
44075.0,8400.0,652.9
44100.0,8400.0,663.7
44125.0,8400.0,674.2
44150.0,8400.0,684.3
44175.0,8400.0,693.4
44200.0,8400.0,701.1
44225.0,8400.0,706.7
44250.0,8400.0,709.3
44275.0,8400.0,709.1
44300.0,8400.0,708.8
44325.0,8400.0,708.5
44350.0,8400.0,708.2
44375.0,8400.0,708.0
44400.0,8400.0,707.9
44425.0,8400.0,707.8
44450.0,8400.0,707.9
44475.0,8400.0,708.0
44500.0,8400.0,708.1
44525.0,8400.0,708.4
44550.0,8400.0,708.6
44575.0,8400.0,708.8
44600.0,8400.0,709.1
44625.0,8400.0,709.4
44650.0,8400.0,709.7
44675.0,8400.0,710.0
44700.0,8400.0,710.4
44725.0,8400.0,710.8
44750.0,8400.0,711.2
44775.0,8400.0,711.6
44800.0,8400.0,712.1
44825.0,8400.0,712.6
44850.0,8400.0,713.1
44875.0,8400.0,713.6
44900.0,8400.0,714.0
44925.0,8400.0,714.3
44950.0,8400.0,714.6
44975.0,8400.0,714.7
45000.0,8400.0,714.6
45025.0,8400.0,714.4
45050.0,8400.0,714.1
45075.0,8400.0,713.6
45100.0,8400.0,712.9
45125.0,8400.0,712.1
45150.0,8400.0,711.2
45175.0,8400.0,710.2
45200.0,8400.0,709.2
45225.0,8400.0,708.1
45250.0,8400.0,707.0
45275.0,8400.0,705.9
45300.0,8400.0,703.6
45325.0,8400.0,694.4
45350.0,8400.0,678.5
45375.0,8400.0,657.4
45400.0,8400.0,633.2
45425.0,8400.0,607.9
45450.0,8400.0,583.6
45475.0,8400.0,562.1
45500.0,8400.0,544.9
45525.0,8400.0,532.5
45550.0,8400.0,525.1
45575.0,8400.0,522.2
45600.0,8400.0,521.1
45625.0,8400.0,520.1
45650.0,8400.0,519.1
45675.0,8400.0,518.2
45700.0,8400.0,517.4
45725.0,8400.0,516.7
45750.0,8400.0,516.1
45775.0,8400.0,515.6
45800.0,8400.0,515.2
45825.0,8400.0,514.9
45850.0,8400.0,514.6
45875.0,8400.0,514.5
45900.0,8400.0,514.5
45925.0,8400.0,514.6
45950.0,8400.0,514.8
45975.0,8400.0,515.1
46000.0,8400.0,515.6
46025.0,8400.0,516.2
46050.0,8400.0,516.9
46075.0,8400.0,517.8
46100.0,8400.0,518.8
46125.0,8400.0,519.9
46150.0,8400.0,521.2
46175.0,8400.0,522.6
46200.0,8400.0,524.0
46225.0,8400.0,525.5
46250.0,8400.0,527.0
46275.0,8400.0,528.5
46300.0,8400.0,529.9
46325.0,8400.0,531.2
46350.0,8400.0,532.4
46375.0,8400.0,533.5
46400.0,8400.0,534.4
46425.0,8400.0,535.1
46450.0,8400.0,535.6
46475.0,8400.0,536.0
46500.0,8400.0,536.1
43500.0,8425.0,519.4
43525.0,8425.0,520.2
43550.0,8425.0,520.8
43575.0,8425.0,521.4
43600.0,8425.0,521.9
43625.0,8425.0,522.4
43650.0,8425.0,523.0
43675.0,8425.0,524.8
43700.0,8425.0,527.5
43725.0,8425.0,531.2
43750.0,8425.0,535.9
43775.0,8425.0,541.4
43800.0,8425.0,547.9
43825.0,8425.0,555.2
43850.0,8425.0,563.2
43875.0,8425.0,572.0
43900.0,8425.0,581.4
43925.0,8425.0,591.2
43950.0,8425.0,601.3
43975.0,8425.0,611.6
44000.0,8425.0,622.0
44025.0,8425.0,632.6
44050.0,8425.0,643.1
44075.0,8425.0,653.7
44100.0,8425.0,664.1
44125.0,8425.0,674.3
44150.0,8425.0,684.0
44175.0,8425.0,692.9
44200.0,8425.0,700.5
44225.0,8425.0,706.2
44250.0,8425.0,709.1
44275.0,8425.0,709.1
44300.0,8425.0,708.7
44325.0,8425.0,708.4
44350.0,8425.0,708.1
44375.0,8425.0,707.9
44400.0,8425.0,707.7
44425.0,8425.0,707.7
44450.0,8425.0,707.7
44475.0,8425.0,707.8
44500.0,8425.0,707.9
44525.0,8425.0,708.1
44550.0,8425.0,708.3
44575.0,8425.0,708.5
44600.0,8425.0,708.8
44625.0,8425.0,709.0
44650.0,8425.0,709.3
44675.0,8425.0,709.6
44700.0,8425.0,710.0
44725.0,8425.0,710.4
44750.0,8425.0,710.8
44775.0,8425.0,711.3
44800.0,8425.0,711.8
44825.0,8425.0,712.3
44850.0,8425.0,712.8
44875.0,8425.0,713.2
44900.0,8425.0,713.6
44925.0,8425.0,713.9
44950.0,8425.0,714.1
44975.0,8425.0,714.1
45000.0,8425.0,713.9
45025.0,8425.0,713.6
45050.0,8425.0,713.1
45075.0,8425.0,712.5
45100.0,8425.0,711.7
45125.0,8425.0,710.8
45150.0,8425.0,709.8
45175.0,8425.0,708.8
45200.0,8425.0,707.7
45225.0,8425.0,706.5
45250.0,8425.0,705.4
45275.0,8425.0,704.1
45300.0,8425.0,697.7
45325.0,8425.0,684.7
45350.0,8425.0,666.0
45375.0,8425.0,643.2
45400.0,8425.0,618.2
45425.0,8425.0,593.1
45450.0,8425.0,569.9
45475.0,8425.0,550.3
45500.0,8425.0,535.6
45525.0,8425.0,526.3
45550.0,8425.0,522.4
45575.0,8425.0,521.4
45600.0,8425.0,520.4
45625.0,8425.0,519.5
45650.0,8425.0,518.6
45675.0,8425.0,517.9
45700.0,8425.0,517.2
45725.0,8425.0,516.6
45750.0,8425.0,516.1
45775.0,8425.0,515.7
45800.0,8425.0,515.4
45825.0,8425.0,515.2
45850.0,8425.0,515.0
45875.0,8425.0,515.0
45900.0,8425.0,515.1
45925.0,8425.0,515.2
45950.0,8425.0,515.5
45975.0,8425.0,515.9
46000.0,8425.0,516.4
46025.0,8425.0,517.1
46050.0,8425.0,517.8
46075.0,8425.0,518.8
46100.0,8425.0,519.9
46125.0,8425.0,521.1
46150.0,8425.0,522.4
46175.0,8425.0,523.8
46200.0,8425.0,525.3
46225.0,8425.0,526.8
46250.0,8425.0,528.3
46275.0,8425.0,529.7
46300.0,8425.0,531.1
46325.0,8425.0,532.4
46350.0,8425.0,533.6
46375.0,8425.0,534.6
46400.0,8425.0,535.4
46425.0,8425.0,536.0
46450.0,8425.0,536.5
46475.0,8425.0,536.7
46500.0,8425.0,536.8
43500.0,8450.0,520.2
43525.0,8450.0,520.9
43550.0,8450.0,521.5
43575.0,8450.0,522.0
43600.0,8450.0,522.5
43625.0,8450.0,522.9
43650.0,8450.0,523.3
43675.0,8450.0,524.8
43700.0,8450.0,527.5
43725.0,8450.0,531.2
43750.0,8450.0,535.8
43775.0,8450.0,541.5
43800.0,8450.0,548.1
43825.0,8450.0,555.5
43850.0,8450.0,563.8
43875.0,8450.0,572.7
43900.0,8450.0,582.1
43925.0,8450.0,592.0
43950.0,8450.0,602.1
43975.0,8450.0,612.3
44000.0,8450.0,622.7
44025.0,8450.0,633.0
44050.0,8450.0,643.3
44075.0,8450.0,653.6
44100.0,8450.0,663.7
44125.0,8450.0,673.6
44150.0,8450.0,683.1
44175.0,8450.0,691.8
44200.0,8450.0,699.4
44225.0,8450.0,705.2
44250.0,8450.0,708.6
44275.0,8450.0,708.9
44300.0,8450.0,708.5
44325.0,8450.0,708.2
44350.0,8450.0,707.9
44375.0,8450.0,707.7
44400.0,8450.0,707.5
44425.0,8450.0,707.5
44450.0,8450.0,707.5
44475.0,8450.0,707.5
44500.0,8450.0,707.6
44525.0,8450.0,707.8
44550.0,8450.0,707.9
44575.0,8450.0,708.1
44600.0,8450.0,708.3
44625.0,8450.0,708.6
44650.0,8450.0,708.8
44675.0,8450.0,709.2
44700.0,8450.0,709.5
44725.0,8450.0,709.9
44750.0,8450.0,710.4
44775.0,8450.0,710.9
44800.0,8450.0,711.4
44825.0,8450.0,711.9
44850.0,8450.0,712.4
44875.0,8450.0,712.8
44900.0,8450.0,713.1
44925.0,8450.0,713.3
44950.0,8450.0,713.4
44975.0,8450.0,713.3
45000.0,8450.0,713.1
45025.0,8450.0,712.6
45050.0,8450.0,712.0
45075.0,8450.0,711.3
45100.0,8450.0,710.4
45125.0,8450.0,709.4
45150.0,8450.0,708.4
45175.0,8450.0,707.2
45200.0,8450.0,706.1
45225.0,8450.0,705.0
45250.0,8450.0,703.8
45275.0,8450.0,699.9
45300.0,8450.0,689.7
45325.0,8450.0,673.6
45350.0,8450.0,652.9
45375.0,8450.0,629.1
45400.0,8450.0,603.9
45425.0,8450.0,579.6
45450.0,8450.0,557.9
45475.0,8450.0,540.6
45500.0,8450.0,528.7
45525.0,8450.0,522.9
45550.0,8450.0,521.7
45575.0,8450.0,520.8
45600.0,8450.0,519.9
45625.0,8450.0,519.1
45650.0,8450.0,518.4
45675.0,8450.0,517.7
45700.0,8450.0,517.1
45725.0,8450.0,516.7
45750.0,8450.0,516.3
45775.0,8450.0,516.0
45800.0,8450.0,515.8
45825.0,8450.0,515.6
45850.0,8450.0,515.6
45875.0,8450.0,515.6
45900.0,8450.0,515.8
45925.0,8450.0,516.0
45950.0,8450.0,516.3
45975.0,8450.0,516.8
46000.0,8450.0,517.3
46025.0,8450.0,518.0
46050.0,8450.0,518.9
46075.0,8450.0,519.9
46100.0,8450.0,521.0
46125.0,8450.0,522.2
46150.0,8450.0,523.6
46175.0,8450.0,525.0
46200.0,8450.0,526.5
46225.0,8450.0,528.0
46250.0,8450.0,529.5
46275.0,8450.0,530.9
46300.0,8450.0,532.2
46325.0,8450.0,533.5
46350.0,8450.0,534.6
46375.0,8450.0,535.5
46400.0,8450.0,536.2
46425.0,8450.0,536.8
46450.0,8450.0,537.1
46475.0,8450.0,537.2
46500.0,8450.0,537.1
43500.0,8475.0,521.1
43525.0,8475.0,521.7
43550.0,8475.0,522.3
43575.0,8475.0,522.7
43600.0,8475.0,523.1
43625.0,8475.0,523.5
43650.0,8475.0,523.8
43675.0,8475.0,524.9
43700.0,8475.0,527.3
43725.0,8475.0,530.8
43750.0,8475.0,535.3
43775.0,8475.0,540.9
43800.0,8475.0,547.6
43825.0,8475.0,555.1
43850.0,8475.0,563.4
43875.0,8475.0,572.4
43900.0,8475.0,582.0
43925.0,8475.0,591.8
43950.0,8475.0,601.9
43975.0,8475.0,612.1
44000.0,8475.0,622.4
44025.0,8475.0,632.6
44050.0,8475.0,642.7
44075.0,8475.0,652.7
44100.0,8475.0,662.6
44125.0,8475.0,672.3
44150.0,8475.0,681.6
44175.0,8475.0,690.2
44200.0,8475.0,697.8
44225.0,8475.0,703.9
44250.0,8475.0,707.7
44275.0,8475.0,708.6
44300.0,8475.0,708.3
44325.0,8475.0,707.9
44350.0,8475.0,707.6
44375.0,8475.0,707.4
44400.0,8475.0,707.3
44425.0,8475.0,707.2
44450.0,8475.0,707.2
44475.0,8475.0,707.2
44500.0,8475.0,707.3
44525.0,8475.0,707.4
44550.0,8475.0,707.5
44575.0,8475.0,707.7
44600.0,8475.0,707.8
44625.0,8475.0,708.1
44650.0,8475.0,708.4
44675.0,8475.0,708.7
44700.0,8475.0,709.0
44725.0,8475.0,709.5
44750.0,8475.0,709.9
44775.0,8475.0,710.4
44800.0,8475.0,710.9
44825.0,8475.0,711.4
44850.0,8475.0,711.9
44875.0,8475.0,712.2
44900.0,8475.0,712.5
44925.0,8475.0,712.6
44950.0,8475.0,712.6
44975.0,8475.0,712.4
45000.0,8475.0,712.1
45025.0,8475.0,711.5
45050.0,8475.0,710.8
45075.0,8475.0,710.0
45100.0,8475.0,709.1
45125.0,8475.0,708.0
45150.0,8475.0,706.9
45175.0,8475.0,705.8
45200.0,8475.0,704.7
45225.0,8475.0,703.6
45250.0,8475.0,701.1
45275.0,8475.0,693.3
45300.0,8475.0,679.9
45325.0,8475.0,661.7
45350.0,8475.0,639.7
45375.0,8475.0,615.4
45400.0,8475.0,590.6
45425.0,8475.0,567.3
45450.0,8475.0,547.5
45475.0,8475.0,532.8
45500.0,8475.0,524.3
45525.0,8475.0,522.0
45550.0,8475.0,521.2
45575.0,8475.0,520.4
45600.0,8475.0,519.6
45625.0,8475.0,518.9
45650.0,8475.0,518.3
45675.0,8475.0,517.8
45700.0,8475.0,517.3
45725.0,8475.0,516.9
45750.0,8475.0,516.7
45775.0,8475.0,516.5
45800.0,8475.0,516.3
45825.0,8475.0,516.3
45850.0,8475.0,516.3
45875.0,8475.0,516.4
45900.0,8475.0,516.6
45925.0,8475.0,516.9
45950.0,8475.0,517.2
45975.0,8475.0,517.7
46000.0,8475.0,518.3
46025.0,8475.0,519.1
46050.0,8475.0,520.0
46075.0,8475.0,521.0
46100.0,8475.0,522.1
46125.0,8475.0,523.3
46150.0,8475.0,524.7
46175.0,8475.0,526.1
46200.0,8475.0,527.6
46225.0,8475.0,529.1
46250.0,8475.0,530.5
46275.0,8475.0,531.9
46300.0,8475.0,533.2
46325.0,8475.0,534.3
46350.0,8475.0,535.3
46375.0,8475.0,536.2
46400.0,8475.0,536.8
46425.0,8475.0,537.2
46450.0,8475.0,537.4
46475.0,8475.0,537.4
46500.0,8475.0,537.2
43500.0,8500.0,522.1
43525.0,8500.0,522.6
43550.0,8500.0,523.1
43575.0,8500.0,523.5
43600.0,8500.0,523.9
43625.0,8500.0,524.2
43650.0,8500.0,524.6
43675.0,8500.0,525.2
43700.0,8500.0,527.1
43725.0,8500.0,530.2
43750.0,8500.0,534.6
43775.0,8500.0,540.1
43800.0,8500.0,546.6
43825.0,8500.0,554.1
43850.0,8500.0,562.4
43875.0,8500.0,571.5
43900.0,8500.0,581.0
43925.0,8500.0,590.9
43950.0,8500.0,601.0
43975.0,8500.0,611.1
44000.0,8500.0,621.3
44025.0,8500.0,631.4
44050.0,8500.0,641.3
44075.0,8500.0,651.2
44100.0,8500.0,660.9
44125.0,8500.0,670.4
44150.0,8500.0,679.6
44175.0,8500.0,688.2
44200.0,8500.0,695.8
44225.0,8500.0,702.1
44250.0,8500.0,706.4
44275.0,8500.0,708.3
44300.0,8500.0,707.9
44325.0,8500.0,707.6
44350.0,8500.0,707.3
44375.0,8500.0,707.1
44400.0,8500.0,706.9
44425.0,8500.0,706.8
44450.0,8500.0,706.8
44475.0,8500.0,706.8
44500.0,8500.0,706.9
44525.0,8500.0,706.9
44550.0,8500.0,707.1
44575.0,8500.0,707.2
44600.0,8500.0,707.4
44625.0,8500.0,707.6
44650.0,8500.0,707.9
44675.0,8500.0,708.2
44700.0,8500.0,708.6
44725.0,8500.0,709.0
44750.0,8500.0,709.5
44775.0,8500.0,710.0
44800.0,8500.0,710.5
44825.0,8500.0,710.9
44850.0,8500.0,711.3
44875.0,8500.0,711.6
44900.0,8500.0,711.8
44925.0,8500.0,711.9
44950.0,8500.0,711.7
44975.0,8500.0,711.5
45000.0,8500.0,711.0
45025.0,8500.0,710.4
45050.0,8500.0,709.6
45075.0,8500.0,708.7
45100.0,8500.0,707.7
45125.0,8500.0,706.7
45150.0,8500.0,705.6
45175.0,8500.0,704.5
45200.0,8500.0,703.4
45225.0,8500.0,701.6
45250.0,8500.0,695.6
45275.0,8500.0,684.7
45300.0,8500.0,669.1
45325.0,8500.0,649.3
45350.0,8500.0,626.6
45375.0,8500.0,602.3
45400.0,8500.0,578.2
45425.0,8500.0,556.5
45450.0,8500.0,538.9
45475.0,8500.0,527.2
45500.0,8500.0,522.5
45525.0,8500.0,521.7
45550.0,8500.0,520.9
45575.0,8500.0,520.2
45600.0,8500.0,519.5
45625.0,8500.0,518.9
45650.0,8500.0,518.4
45675.0,8500.0,518.0
45700.0,8500.0,517.6
45725.0,8500.0,517.4
45750.0,8500.0,517.2
45775.0,8500.0,517.1
45800.0,8500.0,517.0
45825.0,8500.0,517.0
45850.0,8500.0,517.1
45875.0,8500.0,517.3
45900.0,8500.0,517.5
45925.0,8500.0,517.8
45950.0,8500.0,518.2
45975.0,8500.0,518.7
46000.0,8500.0,519.3
46025.0,8500.0,520.1
46050.0,8500.0,521.0
46075.0,8500.0,522.0
46100.0,8500.0,523.1
46125.0,8500.0,524.4
46150.0,8500.0,525.7
46175.0,8500.0,527.1
46200.0,8500.0,528.6
46225.0,8500.0,530.0
46250.0,8500.0,531.4
46275.0,8500.0,532.7
46300.0,8500.0,533.9
46325.0,8500.0,535.0
46350.0,8500.0,535.9
46375.0,8500.0,536.6
46400.0,8500.0,537.1
46425.0,8500.0,537.3
46450.0,8500.0,537.4
46475.0,8500.0,537.3
46500.0,8500.0,536.9
43500.0,8525.0,523.0
43525.0,8525.0,523.5
43550.0,8525.0,523.9
43575.0,8525.0,524.3
43600.0,8525.0,524.7
43625.0,8525.0,525.0
43650.0,8525.0,525.4
43675.0,8525.0,525.8
43700.0,8525.0,527.1
43725.0,8525.0,529.8
43750.0,8525.0,533.8
43775.0,8525.0,539.0
43800.0,8525.0,545.3
43825.0,8525.0,552.7
43850.0,8525.0,561.0
43875.0,8525.0,569.9
43900.0,8525.0,579.4
43925.0,8525.0,589.3
43950.0,8525.0,599.3
43975.0,8525.0,609.4
44000.0,8525.0,619.5
44025.0,8525.0,629.5
44050.0,8525.0,639.4
44075.0,8525.0,649.1
44100.0,8525.0,658.7
44125.0,8525.0,668.1
44150.0,8525.0,677.2
44175.0,8525.0,685.7
44200.0,8525.0,693.4
44225.0,8525.0,699.9
44250.0,8525.0,704.8
44275.0,8525.0,707.5
44300.0,8525.0,707.6
44325.0,8525.0,707.3
44350.0,8525.0,707.0
44375.0,8525.0,706.8
44400.0,8525.0,706.6
44425.0,8525.0,706.5
44450.0,8525.0,706.5
44475.0,8525.0,706.4
44500.0,8525.0,706.5
44525.0,8525.0,706.5
44550.0,8525.0,706.6
44575.0,8525.0,706.8
44600.0,8525.0,707.0
44625.0,8525.0,707.2
44650.0,8525.0,707.5
44675.0,8525.0,707.8
44700.0,8525.0,708.2
44725.0,8525.0,708.6
44750.0,8525.0,709.1
44775.0,8525.0,709.6
44800.0,8525.0,710.0
44825.0,8525.0,710.4
44850.0,8525.0,710.8
44875.0,8525.0,711.0
44900.0,8525.0,711.1
44925.0,8525.0,711.0
44950.0,8525.0,710.8
44975.0,8525.0,710.4
45000.0,8525.0,709.9
45025.0,8525.0,709.2
45050.0,8525.0,708.4
45075.0,8525.0,707.5
45100.0,8525.0,706.5
45125.0,8525.0,705.4
45150.0,8525.0,704.4
45175.0,8525.0,703.3
45200.0,8525.0,701.8
45225.0,8525.0,697.0
45250.0,8525.0,688.0
45275.0,8525.0,674.7
45300.0,8525.0,657.4
45325.0,8525.0,636.7
45350.0,8525.0,613.7
45375.0,8525.0,589.8
45400.0,8525.0,566.8
45425.0,8525.0,546.9
45450.0,8525.0,532.0
45475.0,8525.0,523.7
45500.0,8525.0,522.2
45525.0,8525.0,521.4
45550.0,8525.0,520.8
45575.0,8525.0,520.1
45600.0,8525.0,519.6
45625.0,8525.0,519.1
45650.0,8525.0,518.7
45675.0,8525.0,518.3
45700.0,8525.0,518.1
45725.0,8525.0,517.9
45750.0,8525.0,517.8
45775.0,8525.0,517.8
45800.0,8525.0,517.8
45825.0,8525.0,517.9
45850.0,8525.0,518.0
45875.0,8525.0,518.2
45900.0,8525.0,518.4
45925.0,8525.0,518.7
45950.0,8525.0,519.2
45975.0,8525.0,519.7
46000.0,8525.0,520.3
46025.0,8525.0,521.1
46050.0,8525.0,521.9
46075.0,8525.0,523.0
46100.0,8525.0,524.1
46125.0,8525.0,525.3
46150.0,8525.0,526.6
46175.0,8525.0,528.0
46200.0,8525.0,529.4
46225.0,8525.0,530.7
46250.0,8525.0,532.1
46275.0,8525.0,533.3
46300.0,8525.0,534.4
46325.0,8525.0,535.3
46350.0,8525.0,536.1
46375.0,8525.0,536.7
46400.0,8525.0,537.0
46425.0,8525.0,537.1
46450.0,8525.0,537.1
46475.0,8525.0,536.7
46500.0,8525.0,536.2
43500.0,8550.0,524.0
43525.0,8550.0,524.4
43550.0,8550.0,524.8
43575.0,8550.0,525.2
43600.0,8550.0,525.6
43625.0,8550.0,525.9
43650.0,8550.0,526.3
43675.0,8550.0,526.7
43700.0,8550.0,527.5
43725.0,8550.0,529.6
43750.0,8550.0,533.2
43775.0,8550.0,538.0
43800.0,8550.0,544.0
43825.0,8550.0,551.1
43850.0,8550.0,559.2
43875.0,8550.0,568.0
43900.0,8550.0,577.4
43925.0,8550.0,587.2
43950.0,8550.0,597.1
43975.0,8550.0,607.2
44000.0,8550.0,617.2
44025.0,8550.0,627.2
44050.0,8550.0,637.0
44075.0,8550.0,646.6
44100.0,8550.0,656.1
44125.0,8550.0,665.4
44150.0,8550.0,674.4
44175.0,8550.0,682.9
44200.0,8550.0,690.7
44225.0,8550.0,697.4
44250.0,8550.0,702.8
44275.0,8550.0,706.2
44300.0,8550.0,707.3
44325.0,8550.0,707.0
44350.0,8550.0,706.7
44375.0,8550.0,706.5
44400.0,8550.0,706.3
44425.0,8550.0,706.2
44450.0,8550.0,706.1
44475.0,8550.0,706.1
44500.0,8550.0,706.1
44525.0,8550.0,706.2
44550.0,8550.0,706.3
44575.0,8550.0,706.4
44600.0,8550.0,706.6
44625.0,8550.0,706.8
44650.0,8550.0,707.1
44675.0,8550.0,707.4
44700.0,8550.0,707.8
44725.0,8550.0,708.3
44750.0,8550.0,708.7
44775.0,8550.0,709.1
44800.0,8550.0,709.5
44825.0,8550.0,709.9
44850.0,8550.0,710.1
44875.0,8550.0,710.3
44900.0,8550.0,710.3
44925.0,8550.0,710.2
44950.0,8550.0,709.9
44975.0,8550.0,709.4
45000.0,8550.0,708.8
45025.0,8550.0,708.1
45050.0,8550.0,707.3
45075.0,8550.0,706.3
45100.0,8550.0,705.4
45125.0,8550.0,704.4
45150.0,8550.0,703.4
45175.0,8550.0,701.9
45200.0,8550.0,697.6
45225.0,8550.0,689.9
45250.0,8550.0,678.7
45275.0,8550.0,663.7
45300.0,8550.0,645.2
45325.0,8550.0,624.0
45350.0,8550.0,601.0
45375.0,8550.0,577.9
45400.0,8550.0,556.4
45425.0,8550.0,538.7
45450.0,8550.0,526.9
45475.0,8550.0,522.7
45500.0,8550.0,522.0
45525.0,8550.0,521.4
45550.0,8550.0,520.8
45575.0,8550.0,520.2
45600.0,8550.0,519.8
45625.0,8550.0,519.4
45650.0,8550.0,519.1
45675.0,8550.0,518.8
45700.0,8550.0,518.7
45725.0,8550.0,518.6
45750.0,8550.0,518.5
45775.0,8550.0,518.6
45800.0,8550.0,518.6
45825.0,8550.0,518.7
45850.0,8550.0,518.9
45875.0,8550.0,519.1
45900.0,8550.0,519.3
45925.0,8550.0,519.6
45950.0,8550.0,520.0
45975.0,8550.0,520.6
46000.0,8550.0,521.2
46025.0,8550.0,521.9
46050.0,8550.0,522.8
46075.0,8550.0,523.8
46100.0,8550.0,524.9
46125.0,8550.0,526.1
46150.0,8550.0,527.4
46175.0,8550.0,528.7
46200.0,8550.0,530.0
46225.0,8550.0,531.3
46250.0,8550.0,532.5
46275.0,8550.0,533.6
46300.0,8550.0,534.6
46325.0,8550.0,535.4
46350.0,8550.0,536.0
46375.0,8550.0,536.4
46400.0,8550.0,536.6
46425.0,8550.0,536.6
46450.0,8550.0,536.3
46475.0,8550.0,535.9
46500.0,8550.0,535.2
43500.0,8575.0,524.9
43525.0,8575.0,525.3
43550.0,8575.0,525.7
43575.0,8575.0,526.1
43600.0,8575.0,526.4
43625.0,8575.0,526.8
43650.0,8575.0,527.2
43675.0,8575.0,527.6
43700.0,8575.0,528.1
43725.0,8575.0,529.7
43750.0,8575.0,532.8
43775.0,8575.0,537.2
43800.0,8575.0,542.8
43825.0,8575.0,549.6
43850.0,8575.0,557.3
43875.0,8575.0,565.9
43900.0,8575.0,575.1
43925.0,8575.0,584.8
43950.0,8575.0,594.6
43975.0,8575.0,604.6
44000.0,8575.0,614.6
44025.0,8575.0,624.5
44050.0,8575.0,634.2
44075.0,8575.0,643.8
44100.0,8575.0,653.2
44125.0,8575.0,662.4
44150.0,8575.0,671.3
44175.0,8575.0,679.8
44200.0,8575.0,687.7
44225.0,8575.0,694.7
44250.0,8575.0,700.4
44275.0,8575.0,704.5
44300.0,8575.0,706.7
44325.0,8575.0,706.7
44350.0,8575.0,706.4
44375.0,8575.0,706.2
44400.0,8575.0,706.1
44425.0,8575.0,706.0
44450.0,8575.0,705.9
44475.0,8575.0,705.9
44500.0,8575.0,705.9
44525.0,8575.0,705.9
44550.0,8575.0,706.0
44575.0,8575.0,706.2
44600.0,8575.0,706.3
44625.0,8575.0,706.6
44650.0,8575.0,706.9
44675.0,8575.0,707.2
44700.0,8575.0,707.6
44725.0,8575.0,707.9
44750.0,8575.0,708.3
44775.0,8575.0,708.7
44800.0,8575.0,709.1
44825.0,8575.0,709.4
44850.0,8575.0,709.5
44875.0,8575.0,709.6
44900.0,8575.0,709.5
44925.0,8575.0,709.3
44950.0,8575.0,708.9
44975.0,8575.0,708.4
45000.0,8575.0,707.8
45025.0,8575.0,707.1
45050.0,8575.0,706.2
45075.0,8575.0,705.3
45100.0,8575.0,704.4
45125.0,8575.0,703.5
45150.0,8575.0,701.6
45175.0,8575.0,697.5
45200.0,8575.0,690.7
45225.0,8575.0,680.9
45250.0,8575.0,667.9
45275.0,8575.0,651.7
45300.0,8575.0,632.5
45325.0,8575.0,611.2
45350.0,8575.0,588.7
45375.0,8575.0,566.7
45400.0,8575.0,547.1
45425.0,8575.0,532.1
45450.0,8575.0,523.9
45475.0,8575.0,522.7
45500.0,8575.0,522.0
45525.0,8575.0,521.4
45550.0,8575.0,520.9
45575.0,8575.0,520.4
45600.0,8575.0,520.0
45625.0,8575.0,519.7
45650.0,8575.0,519.5
45675.0,8575.0,519.4
45700.0,8575.0,519.3
45725.0,8575.0,519.3
45750.0,8575.0,519.3
45775.0,8575.0,519.3
45800.0,8575.0,519.4
45825.0,8575.0,519.5
45850.0,8575.0,519.7
45875.0,8575.0,519.9
45900.0,8575.0,520.1
45925.0,8575.0,520.4
45950.0,8575.0,520.8
45975.0,8575.0,521.3
46000.0,8575.0,521.9
46025.0,8575.0,522.7
46050.0,8575.0,523.5
46075.0,8575.0,524.5
46100.0,8575.0,525.6
46125.0,8575.0,526.7
46150.0,8575.0,527.9
46175.0,8575.0,529.2
46200.0,8575.0,530.4
46225.0,8575.0,531.6
46250.0,8575.0,532.7
46275.0,8575.0,533.7
46300.0,8575.0,534.5
46325.0,8575.0,535.2
46350.0,8575.0,535.6
46375.0,8575.0,535.9
46400.0,8575.0,535.9
46425.0,8575.0,535.7
46450.0,8575.0,535.3
46475.0,8575.0,534.6
46500.0,8575.0,533.8
43500.0,8600.0,525.8
43525.0,8600.0,526.2
43550.0,8600.0,526.6
43575.0,8600.0,527.0
43600.0,8600.0,527.3
43625.0,8600.0,527.7
43650.0,8600.0,528.1
43675.0,8600.0,528.5
43700.0,8600.0,529.0
43725.0,8600.0,530.1
43750.0,8600.0,532.6
43775.0,8600.0,536.5
43800.0,8600.0,541.7
43825.0,8600.0,548.1
43850.0,8600.0,555.5
43875.0,8600.0,563.8
43900.0,8600.0,572.8
43925.0,8600.0,582.2
43950.0,8600.0,592.0
43975.0,8600.0,601.8
44000.0,8600.0,611.7
44025.0,8600.0,621.6
44050.0,8600.0,631.3
44075.0,8600.0,640.8
44100.0,8600.0,650.2
44125.0,8600.0,659.3
44150.0,8600.0,668.2
44175.0,8600.0,676.7
44200.0,8600.0,684.6
44225.0,8600.0,691.7
44250.0,8600.0,697.8
44275.0,8600.0,702.5
44300.0,8600.0,705.5
44325.0,8600.0,706.5
44350.0,8600.0,706.3
44375.0,8600.0,706.1
44400.0,8600.0,705.9
44425.0,8600.0,705.8
44450.0,8600.0,705.8
44475.0,8600.0,705.7
44500.0,8600.0,705.7
44525.0,8600.0,705.8
44550.0,8600.0,705.9
44575.0,8600.0,706.0
44600.0,8600.0,706.2
44625.0,8600.0,706.4
44650.0,8600.0,706.7
44675.0,8600.0,707.0
44700.0,8600.0,707.3
44725.0,8600.0,707.7
44750.0,8600.0,708.0
44775.0,8600.0,708.4
44800.0,8600.0,708.6
44825.0,8600.0,708.8
44850.0,8600.0,708.9
44875.0,8600.0,708.9
44900.0,8600.0,708.7
44925.0,8600.0,708.5
44950.0,8600.0,708.1
44975.0,8600.0,707.5
45000.0,8600.0,706.9
45025.0,8600.0,706.2
45050.0,8600.0,705.4
45075.0,8600.0,704.6
45100.0,8600.0,703.4
45125.0,8600.0,700.8
45150.0,8600.0,696.6
45175.0,8600.0,690.3
45200.0,8600.0,681.6
45225.0,8600.0,670.2
45250.0,8600.0,656.0
45275.0,8600.0,639.0
45300.0,8600.0,619.5
45325.0,8600.0,598.3
45350.0,8600.0,576.6
45375.0,8600.0,556.1
45400.0,8600.0,538.8
45425.0,8600.0,527.2
45450.0,8600.0,523.4
45475.0,8600.0,522.7
45500.0,8600.0,522.1
45525.0,8600.0,521.5
45550.0,8600.0,521.1
45575.0,8600.0,520.7
45600.0,8600.0,520.4
45625.0,8600.0,520.1
45650.0,8600.0,520.0
45675.0,8600.0,519.9
45700.0,8600.0,519.9
45725.0,8600.0,519.9
45750.0,8600.0,520.0
45775.0,8600.0,520.0
45800.0,8600.0,520.1
45825.0,8600.0,520.3
45850.0,8600.0,520.4
45875.0,8600.0,520.6
45900.0,8600.0,520.8
45925.0,8600.0,521.1
45950.0,8600.0,521.5
45975.0,8600.0,521.9
46000.0,8600.0,522.5
46025.0,8600.0,523.2
46050.0,8600.0,524.1
46075.0,8600.0,525.0
46100.0,8600.0,526.0
46125.0,8600.0,527.2
46150.0,8600.0,528.3
46175.0,8600.0,529.5
46200.0,8600.0,530.6
46225.0,8600.0,531.7
46250.0,8600.0,532.7
46275.0,8600.0,533.5
46300.0,8600.0,534.2
46325.0,8600.0,534.7
46350.0,8600.0,534.9
46375.0,8600.0,535.0
46400.0,8600.0,534.9
46425.0,8600.0,534.5
46450.0,8600.0,533.9
46475.0,8600.0,533.1
46500.0,8600.0,532.2
43500.0,8625.0,526.7
43525.0,8625.0,527.1
43550.0,8625.0,527.5
43575.0,8625.0,527.8
43600.0,8625.0,528.2
43625.0,8625.0,528.6
43650.0,8625.0,528.9
43675.0,8625.0,529.4
43700.0,8625.0,529.8
43725.0,8625.0,530.6
43750.0,8625.0,532.7
43775.0,8625.0,536.2
43800.0,8625.0,540.9
43825.0,8625.0,546.9
43850.0,8625.0,553.9
43875.0,8625.0,561.9
43900.0,8625.0,570.5
43925.0,8625.0,579.7
43950.0,8625.0,589.3
43975.0,8625.0,599.0
44000.0,8625.0,608.8
44025.0,8625.0,618.6
44050.0,8625.0,628.3
44075.0,8625.0,637.8
44100.0,8625.0,647.1
44125.0,8625.0,656.2
44150.0,8625.0,665.1
44175.0,8625.0,673.5
44200.0,8625.0,681.5
44225.0,8625.0,688.7
44250.0,8625.0,695.0
44275.0,8625.0,700.1
44300.0,8625.0,703.8
44325.0,8625.0,705.9
44350.0,8625.0,706.2
44375.0,8625.0,706.0
44400.0,8625.0,705.9
44425.0,8625.0,705.8
44450.0,8625.0,705.8
44475.0,8625.0,705.7
44500.0,8625.0,705.8
44525.0,8625.0,705.8
44550.0,8625.0,705.9
44575.0,8625.0,706.0
44600.0,8625.0,706.2
44625.0,8625.0,706.4
44650.0,8625.0,706.6
44675.0,8625.0,706.9
44700.0,8625.0,707.2
44725.0,8625.0,707.5
44750.0,8625.0,707.8
44775.0,8625.0,708.0
44800.0,8625.0,708.2
44825.0,8625.0,708.3
44850.0,8625.0,708.3
44875.0,8625.0,708.2
44900.0,8625.0,708.0
44925.0,8625.0,707.7
44950.0,8625.0,707.3
44975.0,8625.0,706.7
45000.0,8625.0,706.1
45025.0,8625.0,705.4
45050.0,8625.0,704.3
45075.0,8625.0,702.2
45100.0,8625.0,699.1
45125.0,8625.0,694.6
45150.0,8625.0,688.6
45175.0,8625.0,680.7
45200.0,8625.0,670.6
45225.0,8625.0,658.1
45250.0,8625.0,643.0
45275.0,8625.0,625.6
45300.0,8625.0,606.1
45325.0,8625.0,585.5
45350.0,8625.0,565.0
45375.0,8625.0,546.4
45400.0,8625.0,532.0
45425.0,8625.0,524.4
45450.0,8625.0,523.4
45475.0,8625.0,522.8
45500.0,8625.0,522.2
45525.0,8625.0,521.7
45550.0,8625.0,521.3
45575.0,8625.0,520.9
45600.0,8625.0,520.7
45625.0,8625.0,520.5
45650.0,8625.0,520.4
45675.0,8625.0,520.4
45700.0,8625.0,520.4
45725.0,8625.0,520.5
45750.0,8625.0,520.6
45775.0,8625.0,520.6
45800.0,8625.0,520.7
45825.0,8625.0,520.8
45850.0,8625.0,521.0
45875.0,8625.0,521.1
45900.0,8625.0,521.3
45925.0,8625.0,521.6
45950.0,8625.0,521.9
45975.0,8625.0,522.4
46000.0,8625.0,523.0
46025.0,8625.0,523.7
46050.0,8625.0,524.5
46075.0,8625.0,525.4
46100.0,8625.0,526.4
46125.0,8625.0,527.4
46150.0,8625.0,528.5
46175.0,8625.0,529.6
46200.0,8625.0,530.6
46225.0,8625.0,531.6
46250.0,8625.0,532.4
46275.0,8625.0,533.1
46300.0,8625.0,533.6
46325.0,8625.0,533.9
46350.0,8625.0,534.0
46375.0,8625.0,533.8
46400.0,8625.0,533.5
46425.0,8625.0,533.0
46450.0,8625.0,532.3
46475.0,8625.0,531.4
46500.0,8625.0,530.3
43500.0,8650.0,527.4
43525.0,8650.0,527.9
43550.0,8650.0,528.3
43575.0,8650.0,528.7
43600.0,8650.0,529.0
43625.0,8650.0,529.4
43650.0,8650.0,529.8
43675.0,8650.0,530.2
43700.0,8650.0,530.7
43725.0,8650.0,531.3
43750.0,8650.0,533.0
43775.0,8650.0,536.1
43800.0,8650.0,540.4
43825.0,8650.0,545.9
43850.0,8650.0,552.6
43875.0,8650.0,560.1
43900.0,8650.0,568.5
43925.0,8650.0,577.4
43950.0,8650.0,586.7
43975.0,8650.0,596.3
44000.0,8650.0,606.0
44025.0,8650.0,615.8
44050.0,8650.0,625.4
44075.0,8650.0,634.9
44100.0,8650.0,644.2
44125.0,8650.0,653.3
44150.0,8650.0,662.1
44175.0,8650.0,670.5
44200.0,8650.0,678.4
44225.0,8650.0,685.7
44250.0,8650.0,692.2
44275.0,8650.0,697.6
44300.0,8650.0,701.8
44325.0,8650.0,704.7
44350.0,8650.0,706.1
44375.0,8650.0,706.1
44400.0,8650.0,706.0
44425.0,8650.0,705.9
44450.0,8650.0,705.9
44475.0,8650.0,705.9
44500.0,8650.0,705.9
44525.0,8650.0,706.0
44550.0,8650.0,706.0
44575.0,8650.0,706.2
44600.0,8650.0,706.3
44625.0,8650.0,706.5
44650.0,8650.0,706.7
44675.0,8650.0,706.9
44700.0,8650.0,707.1
44725.0,8650.0,707.4
44750.0,8650.0,707.6
44775.0,8650.0,707.7
44800.0,8650.0,707.8
44825.0,8650.0,707.8
44850.0,8650.0,707.8
44875.0,8650.0,707.6
44900.0,8650.0,707.4
44925.0,8650.0,707.0
44950.0,8650.0,706.6
44975.0,8650.0,705.8
45000.0,8650.0,704.3
45025.0,8650.0,702.2
45050.0,8650.0,699.4
45075.0,8650.0,695.8
45100.0,8650.0,691.2
45125.0,8650.0,685.4
45150.0,8650.0,678.1
45175.0,8650.0,669.0
45200.0,8650.0,657.9
45225.0,8650.0,644.7
45250.0,8650.0,629.1
45275.0,8650.0,611.5
45300.0,8650.0,592.4
45325.0,8650.0,572.7
45350.0,8650.0,553.9
45375.0,8650.0,537.9
45400.0,8650.0,527.2
45425.0,8650.0,524.2
45450.0,8650.0,523.5
45475.0,8650.0,522.8
45500.0,8650.0,522.3
45525.0,8650.0,521.8
45550.0,8650.0,521.4
45575.0,8650.0,521.2
45600.0,8650.0,521.0
45625.0,8650.0,520.9
45650.0,8650.0,520.8
45675.0,8650.0,520.8
45700.0,8650.0,520.9
45725.0,8650.0,520.9
45750.0,8650.0,521.0
45775.0,8650.0,521.1
45800.0,8650.0,521.2
45825.0,8650.0,521.3
45850.0,8650.0,521.3
45875.0,8650.0,521.5
45900.0,8650.0,521.7
45925.0,8650.0,521.9
45950.0,8650.0,522.2
45975.0,8650.0,522.7
46000.0,8650.0,523.3
46025.0,8650.0,523.9
46050.0,8650.0,524.7
46075.0,8650.0,525.6
46100.0,8650.0,526.5
46125.0,8650.0,527.5
46150.0,8650.0,528.5
46175.0,8650.0,529.5
46200.0,8650.0,530.4
46225.0,8650.0,531.2
46250.0,8650.0,531.9
46275.0,8650.0,532.4
46300.0,8650.0,532.7
46325.0,8650.0,532.8
46350.0,8650.0,532.7
46375.0,8650.0,532.4
46400.0,8650.0,531.9
46425.0,8650.0,531.3
46450.0,8650.0,530.4
46475.0,8650.0,529.4
46500.0,8650.0,528.3
43500.0,8675.0,528.2
43525.0,8675.0,528.6
43550.0,8675.0,529.0
43575.0,8675.0,529.4
43600.0,8675.0,529.8
43625.0,8675.0,530.1
43650.0,8675.0,530.5
43675.0,8675.0,530.9
43700.0,8675.0,531.4
43725.0,8675.0,532.0
43750.0,8675.0,533.4
43775.0,8675.0,536.1
43800.0,8675.0,540.1
43825.0,8675.0,545.3
43850.0,8675.0,551.5
43875.0,8675.0,558.7
43900.0,8675.0,566.7
43925.0,8675.0,575.3
43950.0,8675.0,584.4
43975.0,8675.0,593.9
44000.0,8675.0,603.5
44025.0,8675.0,613.1
44050.0,8675.0,622.7
44075.0,8675.0,632.2
44100.0,8675.0,641.5
44125.0,8675.0,650.5
44150.0,8675.0,659.3
44175.0,8675.0,667.7
44200.0,8675.0,675.6
44225.0,8675.0,682.8
44250.0,8675.0,689.4
44275.0,8675.0,695.0
44300.0,8675.0,699.6
44325.0,8675.0,703.1
44350.0,8675.0,705.3
44375.0,8675.0,706.3
44400.0,8675.0,706.3
44425.0,8675.0,706.3
44450.0,8675.0,706.2
44475.0,8675.0,706.2
44500.0,8675.0,706.2
44525.0,8675.0,706.3
44550.0,8675.0,706.3
44575.0,8675.0,706.4
44600.0,8675.0,706.5
44625.0,8675.0,706.7
44650.0,8675.0,706.8
44675.0,8675.0,707.0
44700.0,8675.0,707.1
44725.0,8675.0,707.3
44750.0,8675.0,707.4
44775.0,8675.0,707.4
44800.0,8675.0,707.5
44825.0,8675.0,707.4
44850.0,8675.0,707.3
44875.0,8675.0,707.0
44900.0,8675.0,706.2
44925.0,8675.0,704.8
44950.0,8675.0,703.0
44975.0,8675.0,700.6
45000.0,8675.0,697.8
45025.0,8675.0,694.5
45050.0,8675.0,690.6
45075.0,8675.0,685.9
45100.0,8675.0,680.3
45125.0,8675.0,673.5
45150.0,8675.0,665.3
45175.0,8675.0,655.5
45200.0,8675.0,643.7
45225.0,8675.0,630.0
45250.0,8675.0,614.3
45275.0,8675.0,596.9
45300.0,8675.0,578.5
45325.0,8675.0,560.2
45350.0,8675.0,543.6
45375.0,8675.0,531.0
45400.0,8675.0,525.0
45425.0,8675.0,524.2
45450.0,8675.0,523.5
45475.0,8675.0,522.9
45500.0,8675.0,522.3
45525.0,8675.0,521.9
45550.0,8675.0,521.6
45575.0,8675.0,521.3
45600.0,8675.0,521.2
45625.0,8675.0,521.1
45650.0,8675.0,521.1
45675.0,8675.0,521.1
45700.0,8675.0,521.2
45725.0,8675.0,521.3
45750.0,8675.0,521.3
45775.0,8675.0,521.4
45800.0,8675.0,521.4
45825.0,8675.0,521.5
45850.0,8675.0,521.6
45875.0,8675.0,521.7
45900.0,8675.0,521.8
45925.0,8675.0,522.1
45950.0,8675.0,522.4
45975.0,8675.0,522.8
46000.0,8675.0,523.4
46025.0,8675.0,524.1
46050.0,8675.0,524.8
46075.0,8675.0,525.7
46100.0,8675.0,526.6
46125.0,8675.0,527.5
46150.0,8675.0,528.4
46175.0,8675.0,529.2
46200.0,8675.0,530.0
46225.0,8675.0,530.6
46250.0,8675.0,531.1
46275.0,8675.0,531.4
46300.0,8675.0,531.6
46325.0,8675.0,531.5
46350.0,8675.0,531.2
46375.0,8675.0,530.8
46400.0,8675.0,530.2
46425.0,8675.0,529.4
46450.0,8675.0,528.5
46475.0,8675.0,527.4
46500.0,8675.0,526.2
43500.0,8700.0,528.8
43525.0,8700.0,529.3
43550.0,8700.0,529.7
43575.0,8700.0,530.1
43600.0,8700.0,530.4
43625.0,8700.0,530.8
43650.0,8700.0,531.2
43675.0,8700.0,531.6
43700.0,8700.0,532.0
43725.0,8700.0,532.6
43750.0,8700.0,533.9
43775.0,8700.0,536.4
43800.0,8700.0,540.0
43825.0,8700.0,544.8
43850.0,8700.0,550.7
43875.0,8700.0,557.5
43900.0,8700.0,565.2
43925.0,8700.0,573.6
43950.0,8700.0,582.4
43975.0,8700.0,591.7
44000.0,8700.0,601.2
44025.0,8700.0,610.8
44050.0,8700.0,620.3
44075.0,8700.0,629.8
44100.0,8700.0,639.0
44125.0,8700.0,648.1
44150.0,8700.0,656.8
44175.0,8700.0,665.1
44200.0,8700.0,673.0
44225.0,8700.0,680.2
44250.0,8700.0,686.8
44275.0,8700.0,692.5
44300.0,8700.0,697.3
44325.0,8700.0,701.1
44350.0,8700.0,703.9
44375.0,8700.0,705.7
44400.0,8700.0,706.6
44425.0,8700.0,706.7
44450.0,8700.0,706.7
44475.0,8700.0,706.7
44500.0,8700.0,706.7
44525.0,8700.0,706.7
44550.0,8700.0,706.7
44575.0,8700.0,706.8
44600.0,8700.0,706.8
44625.0,8700.0,706.9
44650.0,8700.0,707.0
44675.0,8700.0,707.1
44700.0,8700.0,707.1
44725.0,8700.0,707.2
44750.0,8700.0,707.2
44775.0,8700.0,707.1
44800.0,8700.0,706.6
44825.0,8700.0,705.6
44850.0,8700.0,704.1
44875.0,8700.0,702.2
44900.0,8700.0,699.8
44925.0,8700.0,697.1
44950.0,8700.0,694.1
44975.0,8700.0,690.8
45000.0,8700.0,687.1
45025.0,8700.0,683.0
45050.0,8700.0,678.3
45075.0,8700.0,673.0
45100.0,8700.0,666.7
45125.0,8700.0,659.3
45150.0,8700.0,650.6
45175.0,8700.0,640.2
45200.0,8700.0,628.2
45225.0,8700.0,614.3
45250.0,8700.0,598.7
45275.0,8700.0,582.0
45300.0,8700.0,564.8
45325.0,8700.0,548.5
45350.0,8700.0,534.9
45375.0,8700.0,526.6
45400.0,8700.0,524.9
45425.0,8700.0,524.1
45450.0,8700.0,523.5
45475.0,8700.0,522.8
45500.0,8700.0,522.3
45525.0,8700.0,521.9
45550.0,8700.0,521.6
45575.0,8700.0,521.4
45600.0,8700.0,521.3
45625.0,8700.0,521.2
45650.0,8700.0,521.2
45675.0,8700.0,521.3
45700.0,8700.0,521.3
45725.0,8700.0,521.4
45750.0,8700.0,521.4
45775.0,8700.0,521.5
45800.0,8700.0,521.5
45825.0,8700.0,521.5
45850.0,8700.0,521.6
45875.0,8700.0,521.7
45900.0,8700.0,521.8
45925.0,8700.0,522.1
45950.0,8700.0,522.4
45975.0,8700.0,522.9
46000.0,8700.0,523.4
46025.0,8700.0,524.1
46050.0,8700.0,524.8
46075.0,8700.0,525.6
46100.0,8700.0,526.4
46125.0,8700.0,527.3
46150.0,8700.0,528.1
46175.0,8700.0,528.8
46200.0,8700.0,529.4
46225.0,8700.0,529.9
46250.0,8700.0,530.2
46275.0,8700.0,530.3
46300.0,8700.0,530.3
46325.0,8700.0,530.0
46350.0,8700.0,529.6
46375.0,8700.0,529.0
46400.0,8700.0,528.3
46425.0,8700.0,527.4
46450.0,8700.0,526.4
46475.0,8700.0,525.3
46500.0,8700.0,524.2
43500.0,8725.0,529.3
43525.0,8725.0,529.8
43550.0,8725.0,530.2
43575.0,8725.0,530.6
43600.0,8725.0,531.0
43625.0,8725.0,531.3
43650.0,8725.0,531.7
43675.0,8725.0,532.1
43700.0,8725.0,532.6
43725.0,8725.0,533.2
43750.0,8725.0,534.4
43775.0,8725.0,536.7
43800.0,8725.0,540.2
43825.0,8725.0,544.7
43850.0,8725.0,550.2
43875.0,8725.0,556.7
43900.0,8725.0,564.1
43925.0,8725.0,572.2
43950.0,8725.0,580.8
43975.0,8725.0,589.9
44000.0,8725.0,599.2
44025.0,8725.0,608.7
44050.0,8725.0,618.3
44075.0,8725.0,627.7
44100.0,8725.0,637.0
44125.0,8725.0,646.0
44150.0,8725.0,654.7
44175.0,8725.0,663.0
44200.0,8725.0,670.7
44225.0,8725.0,677.9
44250.0,8725.0,684.4
44275.0,8725.0,690.1
44300.0,8725.0,695.0
44325.0,8725.0,699.0
44350.0,8725.0,702.1
44375.0,8725.0,704.4
44400.0,8725.0,705.9
44425.0,8725.0,706.8
44450.0,8725.0,707.2
44475.0,8725.0,707.3
44500.0,8725.0,707.3
44525.0,8725.0,707.3
44550.0,8725.0,707.3
44575.0,8725.0,707.2
44600.0,8725.0,707.2
44625.0,8725.0,707.2
44650.0,8725.0,707.2
44675.0,8725.0,707.0
44700.0,8725.0,706.5
44725.0,8725.0,705.7
44750.0,8725.0,704.4
44775.0,8725.0,702.6
44800.0,8725.0,700.4
44825.0,8725.0,697.8
44850.0,8725.0,694.8
44875.0,8725.0,691.6
44900.0,8725.0,688.2
44925.0,8725.0,684.6
44950.0,8725.0,680.9
44975.0,8725.0,677.0
45000.0,8725.0,672.8
45025.0,8725.0,668.3
45050.0,8725.0,663.2
45075.0,8725.0,657.5
45100.0,8725.0,650.9
45125.0,8725.0,643.2
45150.0,8725.0,634.1
45175.0,8725.0,623.6
45200.0,8725.0,611.4
45225.0,8725.0,597.7
45250.0,8725.0,582.7
45275.0,8725.0,567.0
45300.0,8725.0,551.7
45325.0,8725.0,538.2
45350.0,8725.0,528.7
45375.0,8725.0,525.6
45400.0,8725.0,524.8
45425.0,8725.0,524.0
45450.0,8725.0,523.3
45475.0,8725.0,522.7
45500.0,8725.0,522.2
45525.0,8725.0,521.8
45550.0,8725.0,521.5
45575.0,8725.0,521.3
45600.0,8725.0,521.2
45625.0,8725.0,521.2
45650.0,8725.0,521.2
45675.0,8725.0,521.2
45700.0,8725.0,521.3
45725.0,8725.0,521.3
45750.0,8725.0,521.3
45775.0,8725.0,521.3
45800.0,8725.0,521.4
45825.0,8725.0,521.4
45850.0,8725.0,521.4
45875.0,8725.0,521.5
45900.0,8725.0,521.7
45925.0,8725.0,522.0
45950.0,8725.0,522.3
45975.0,8725.0,522.8
46000.0,8725.0,523.3
46025.0,8725.0,524.0
46050.0,8725.0,524.7
46075.0,8725.0,525.5
46100.0,8725.0,526.2
46125.0,8725.0,527.0
46150.0,8725.0,527.7
46175.0,8725.0,528.2
46200.0,8725.0,528.7
46225.0,8725.0,529.0
46250.0,8725.0,529.1
46275.0,8725.0,529.1
46300.0,8725.0,528.9
46325.0,8725.0,528.5
46350.0,8725.0,527.9
46375.0,8725.0,527.2
46400.0,8725.0,526.4
46425.0,8725.0,525.4
46450.0,8725.0,524.4
46475.0,8725.0,523.3
46500.0,8725.0,522.2
43500.0,8750.0,529.8
43525.0,8750.0,530.2
43550.0,8750.0,530.7
43575.0,8750.0,531.1
43600.0,8750.0,531.4
43625.0,8750.0,531.8
43650.0,8750.0,532.1
43675.0,8750.0,532.6
43700.0,8750.0,533.1
43725.0,8750.0,533.6
43750.0,8750.0,534.9
43775.0,8750.0,537.2
43800.0,8750.0,540.5
43825.0,8750.0,544.8
43850.0,8750.0,550.0
43875.0,8750.0,556.2
43900.0,8750.0,563.3
43925.0,8750.0,571.1
43950.0,8750.0,579.5
43975.0,8750.0,588.4
44000.0,8750.0,597.6
44025.0,8750.0,607.1
44050.0,8750.0,616.6
44075.0,8750.0,626.0
44100.0,8750.0,635.3
44125.0,8750.0,644.3
44150.0,8750.0,653.0
44175.0,8750.0,661.2
44200.0,8750.0,668.9
44225.0,8750.0,675.9
44250.0,8750.0,682.3
44275.0,8750.0,687.9
44300.0,8750.0,692.8
44325.0,8750.0,696.8
44350.0,8750.0,700.0
44375.0,8750.0,702.5
44400.0,8750.0,704.4
44425.0,8750.0,705.7
44450.0,8750.0,706.5
44475.0,8750.0,706.9
44500.0,8750.0,707.1
44525.0,8750.0,707.2
44550.0,8750.0,707.0
44575.0,8750.0,706.7
44600.0,8750.0,706.2
44625.0,8750.0,705.4
44650.0,8750.0,704.2
44675.0,8750.0,702.7
44700.0,8750.0,700.6
44725.0,8750.0,698.1
44750.0,8750.0,695.2
44775.0,8750.0,691.9
44800.0,8750.0,688.2
44825.0,8750.0,684.3
44850.0,8750.0,680.3
44875.0,8750.0,676.2
44900.0,8750.0,672.2
44925.0,8750.0,668.1
44950.0,8750.0,664.0
44975.0,8750.0,659.9
45000.0,8750.0,655.6
45025.0,8750.0,650.9
45050.0,8750.0,645.8
45075.0,8750.0,640.0
45100.0,8750.0,633.3
45125.0,8750.0,625.4
45150.0,8750.0,616.3
45175.0,8750.0,605.8
45200.0,8750.0,593.9
45225.0,8750.0,580.7
45250.0,8750.0,566.7
45275.0,8750.0,552.8
45300.0,8750.0,540.1
45325.0,8750.0,530.5
45350.0,8750.0,526.4
45375.0,8750.0,525.5
45400.0,8750.0,524.6
45425.0,8750.0,523.8
45450.0,8750.0,523.1
45475.0,8750.0,522.5
45500.0,8750.0,522.0
45525.0,8750.0,521.6
45550.0,8750.0,521.3
45575.0,8750.0,521.2
45600.0,8750.0,521.1
45625.0,8750.0,521.0
45650.0,8750.0,521.0
45675.0,8750.0,521.0
45700.0,8750.0,521.1
45725.0,8750.0,521.1
45750.0,8750.0,521.1
45775.0,8750.0,521.1
45800.0,8750.0,521.1
45825.0,8750.0,521.1
45850.0,8750.0,521.1
45875.0,8750.0,521.3
45900.0,8750.0,521.5
45925.0,8750.0,521.8
45950.0,8750.0,522.1
45975.0,8750.0,522.6
46000.0,8750.0,523.2
46025.0,8750.0,523.8
46050.0,8750.0,524.5
46075.0,8750.0,525.2
46100.0,8750.0,525.9
46125.0,8750.0,526.6
46150.0,8750.0,527.1
46175.0,8750.0,527.6
46200.0,8750.0,527.9
46225.0,8750.0,528.0
46250.0,8750.0,527.9
46275.0,8750.0,527.7
46300.0,8750.0,527.4
46325.0,8750.0,526.8
46350.0,8750.0,526.2
46375.0,8750.0,525.4
46400.0,8750.0,524.5
46425.0,8750.0,523.5
46450.0,8750.0,522.5
46475.0,8750.0,521.4
46500.0,8750.0,520.3
43500.0,8775.0,530.1
43525.0,8775.0,530.6
43550.0,8775.0,531.0
43575.0,8775.0,531.4
43600.0,8775.0,531.7
43625.0,8775.0,532.1
43650.0,8775.0,532.5
43675.0,8775.0,532.9
43700.0,8775.0,533.4
43725.0,8775.0,534.1
43750.0,8775.0,535.4
43775.0,8775.0,537.7
43800.0,8775.0,540.9
43825.0,8775.0,545.0
43850.0,8775.0,550.1
43875.0,8775.0,556.0
43900.0,8775.0,562.8
43925.0,8775.0,570.3
43950.0,8775.0,578.5
43975.0,8775.0,587.3
44000.0,8775.0,596.4
44025.0,8775.0,605.8
44050.0,8775.0,615.2
44075.0,8775.0,624.7
44100.0,8775.0,634.0
44125.0,8775.0,643.0
44150.0,8775.0,651.6
44175.0,8775.0,659.8
44200.0,8775.0,667.3
44225.0,8775.0,674.3
44250.0,8775.0,680.5
44275.0,8775.0,686.0
44300.0,8775.0,690.6
44325.0,8775.0,694.6
44350.0,8775.0,697.7
44375.0,8775.0,700.2
44400.0,8775.0,702.0
44425.0,8775.0,703.3
44450.0,8775.0,704.1
44475.0,8775.0,704.5
44500.0,8775.0,704.5
44525.0,8775.0,704.2
44550.0,8775.0,703.4
44575.0,8775.0,702.3
44600.0,8775.0,700.7
44625.0,8775.0,698.6
44650.0,8775.0,696.0
44675.0,8775.0,692.8
44700.0,8775.0,689.1
44725.0,8775.0,685.0
44750.0,8775.0,680.6
44775.0,8775.0,675.9
44800.0,8775.0,671.1
44825.0,8775.0,666.3
44850.0,8775.0,661.6
44875.0,8775.0,657.1
44900.0,8775.0,652.7
44925.0,8775.0,648.6
44950.0,8775.0,644.5
44975.0,8775.0,640.4
45000.0,8775.0,636.2
45025.0,8775.0,631.7
45050.0,8775.0,626.7
45075.0,8775.0,620.9
45100.0,8775.0,614.3
45125.0,8775.0,606.6
45150.0,8775.0,597.6
45175.0,8775.0,587.4
45200.0,8775.0,576.1
45225.0,8775.0,564.0
45250.0,8775.0,551.8
45275.0,8775.0,540.4
45300.0,8775.0,531.5
45325.0,8775.0,527.2
45350.0,8775.0,526.2
45375.0,8775.0,525.2
45400.0,8775.0,524.3
45425.0,8775.0,523.5
45450.0,8775.0,522.7
45475.0,8775.0,522.1
45500.0,8775.0,521.6
45525.0,8775.0,521.3
45550.0,8775.0,521.0
45575.0,8775.0,520.8
45600.0,8775.0,520.7
45625.0,8775.0,520.7
45650.0,8775.0,520.7
45675.0,8775.0,520.7
45700.0,8775.0,520.7
45725.0,8775.0,520.7
45750.0,8775.0,520.6
45775.0,8775.0,520.6
45800.0,8775.0,520.6
45825.0,8775.0,520.7
45850.0,8775.0,520.8
45875.0,8775.0,520.9
45900.0,8775.0,521.2
45925.0,8775.0,521.5
45950.0,8775.0,521.9
45975.0,8775.0,522.4
46000.0,8775.0,523.0
46025.0,8775.0,523.7
46050.0,8775.0,524.3
46075.0,8775.0,525.0
46100.0,8775.0,525.6
46125.0,8775.0,526.1
46150.0,8775.0,526.5
46175.0,8775.0,526.8
46200.0,8775.0,526.9
46225.0,8775.0,526.9
46250.0,8775.0,526.7
46275.0,8775.0,526.4
46300.0,8775.0,525.8
46325.0,8775.0,525.2
46350.0,8775.0,524.5
46375.0,8775.0,523.6
46400.0,8775.0,522.7
46425.0,8775.0,521.7
46450.0,8775.0,520.7
46475.0,8775.0,519.7
46500.0,8775.0,518.6
43500.0,8800.0,530.3
43525.0,8800.0,530.8
43550.0,8800.0,531.2
43575.0,8800.0,531.6
43600.0,8800.0,531.9
43625.0,8800.0,532.3
43650.0,8800.0,532.7
43675.0,8800.0,533.2
43700.0,8800.0,533.7
43725.0,8800.0,534.5
43750.0,8800.0,536.0
43775.0,8800.0,538.3
43800.0,8800.0,541.5
43825.0,8800.0,545.5
43850.0,8800.0,550.3
43875.0,8800.0,556.0
43900.0,8800.0,562.5
43925.0,8800.0,569.8
43950.0,8800.0,577.8
43975.0,8800.0,586.4
44000.0,8800.0,595.4
44025.0,8800.0,604.7
44050.0,8800.0,614.1
44075.0,8800.0,623.6
44100.0,8800.0,632.9
44125.0,8800.0,641.9
44150.0,8800.0,650.5
44175.0,8800.0,658.6
44200.0,8800.0,666.1
44225.0,8800.0,672.9
44250.0,8800.0,678.9
44275.0,8800.0,684.1
44300.0,8800.0,688.6
44325.0,8800.0,692.3
44350.0,8800.0,695.2
44375.0,8800.0,697.4
44400.0,8800.0,699.0
44425.0,8800.0,700.0
44450.0,8800.0,700.4
44475.0,8800.0,700.2
44500.0,8800.0,699.6
44525.0,8800.0,698.3
44550.0,8800.0,696.5
44575.0,8800.0,694.1
44600.0,8800.0,691.1
44625.0,8800.0,687.4
44650.0,8800.0,683.1
44675.0,8800.0,678.2
44700.0,8800.0,672.9
44725.0,8800.0,667.4
44750.0,8800.0,661.6
44775.0,8800.0,655.9
44800.0,8800.0,650.3
44825.0,8800.0,645.0
44850.0,8800.0,640.0
44875.0,8800.0,635.4
44900.0,8800.0,631.1
44925.0,8800.0,627.1
44950.0,8800.0,623.3
44975.0,8800.0,619.5
45000.0,8800.0,615.6
45025.0,8800.0,611.4
45050.0,8800.0,606.6
45075.0,8800.0,601.1
45100.0,8800.0,594.7
45125.0,8800.0,587.3
45150.0,8800.0,578.8
45175.0,8800.0,569.4
45200.0,8800.0,559.2
45225.0,8800.0,548.8
45250.0,8800.0,539.2
45275.0,8800.0,531.6
45300.0,8800.0,528.0
45325.0,8800.0,526.9
45350.0,8800.0,525.8
45375.0,8800.0,524.8
45400.0,8800.0,523.9
45425.0,8800.0,523.0
45450.0,8800.0,522.3
45475.0,8800.0,521.7
45500.0,8800.0,521.2
45525.0,8800.0,520.8
45550.0,8800.0,520.5
45575.0,8800.0,520.4
45600.0,8800.0,520.3
45625.0,8800.0,520.2
45650.0,8800.0,520.2
45675.0,8800.0,520.1
45700.0,8800.0,520.1
45725.0,8800.0,520.1
45750.0,8800.0,520.1
45775.0,8800.0,520.1
45800.0,8800.0,520.1
45825.0,8800.0,520.2
45850.0,8800.0,520.3
45875.0,8800.0,520.6
45900.0,8800.0,520.9
45925.0,8800.0,521.2
45950.0,8800.0,521.7
45975.0,8800.0,522.3
46000.0,8800.0,522.9
46025.0,8800.0,523.5
46050.0,8800.0,524.1
46075.0,8800.0,524.7
46100.0,8800.0,525.2
46125.0,8800.0,525.6
46150.0,8800.0,525.9
46175.0,8800.0,526.0
46200.0,8800.0,526.0
46225.0,8800.0,525.8
46250.0,8800.0,525.5
46275.0,8800.0,525.0
46300.0,8800.0,524.4
46325.0,8800.0,523.6
46350.0,8800.0,522.8
46375.0,8800.0,522.0
46400.0,8800.0,521.0
46425.0,8800.0,520.1
46450.0,8800.0,519.1
46475.0,8800.0,518.1
46500.0,8800.0,517.2
43500.0,8825.0,530.4
43525.0,8825.0,530.9
43550.0,8825.0,531.3
43575.0,8825.0,531.6
43600.0,8825.0,532.0
43625.0,8825.0,532.4
43650.0,8825.0,532.8
43675.0,8825.0,533.4
43700.0,8825.0,534.0
43725.0,8825.0,534.9
43750.0,8825.0,536.5
43775.0,8825.0,538.9
43800.0,8825.0,542.1
43825.0,8825.0,546.0
43850.0,8825.0,550.7
43875.0,8825.0,556.1
43900.0,8825.0,562.4
43925.0,8825.0,569.5
43950.0,8825.0,577.3
43975.0,8825.0,585.7
44000.0,8825.0,594.5
44025.0,8825.0,603.8
44050.0,8825.0,613.2
44075.0,8825.0,622.7
44100.0,8825.0,632.0
44125.0,8825.0,641.0
44150.0,8825.0,649.6
44175.0,8825.0,657.6
44200.0,8825.0,665.0
44225.0,8825.0,671.6
44250.0,8825.0,677.4
44275.0,8825.0,682.4
44300.0,8825.0,686.5
44325.0,8825.0,689.8
44350.0,8825.0,692.4
44375.0,8825.0,694.1
44400.0,8825.0,695.2
44425.0,8825.0,695.5
44450.0,8825.0,695.2
44475.0,8825.0,694.2
44500.0,8825.0,692.4
44525.0,8825.0,689.9
44550.0,8825.0,686.7
44575.0,8825.0,682.7
44600.0,8825.0,677.9
44625.0,8825.0,672.4
44650.0,8825.0,666.4
44675.0,8825.0,659.9
44700.0,8825.0,653.2
44725.0,8825.0,646.4
44750.0,8825.0,639.8
44775.0,8825.0,633.4
44800.0,8825.0,627.4
44825.0,8825.0,621.9
44850.0,8825.0,617.0
44875.0,8825.0,612.6
44900.0,8825.0,608.6
44925.0,8825.0,605.0
44950.0,8825.0,601.7
44975.0,8825.0,598.3
45000.0,8825.0,594.8
45025.0,8825.0,591.0
45050.0,8825.0,586.6
45075.0,8825.0,581.5
45100.0,8825.0,575.6
45125.0,8825.0,568.8
45150.0,8825.0,561.1
45175.0,8825.0,552.9
45200.0,8825.0,544.6
45225.0,8825.0,537.0
45250.0,8825.0,531.2
45275.0,8825.0,528.8
45300.0,8825.0,527.7
45325.0,8825.0,526.5
45350.0,8825.0,525.4
45375.0,8825.0,524.3
45400.0,8825.0,523.4
45425.0,8825.0,522.5
45450.0,8825.0,521.7
45475.0,8825.0,521.1
45500.0,8825.0,520.6
45525.0,8825.0,520.2
45550.0,8825.0,520.0
45575.0,8825.0,519.8
45600.0,8825.0,519.7
45625.0,8825.0,519.6
45650.0,8825.0,519.5
45675.0,8825.0,519.5
45700.0,8825.0,519.5
45725.0,8825.0,519.5
45750.0,8825.0,519.5
45775.0,8825.0,519.5
45800.0,8825.0,519.6
45825.0,8825.0,519.7
45850.0,8825.0,519.9
45875.0,8825.0,520.2
45900.0,8825.0,520.6
45925.0,8825.0,521.0
45950.0,8825.0,521.5
45975.0,8825.0,522.1
46000.0,8825.0,522.7
46025.0,8825.0,523.3
46050.0,8825.0,523.9
46075.0,8825.0,524.4
46100.0,8825.0,524.8
46125.0,8825.0,525.1
46150.0,8825.0,525.2
46175.0,8825.0,525.2
46200.0,8825.0,525.0
46225.0,8825.0,524.7
46250.0,8825.0,524.2
46275.0,8825.0,523.6
46300.0,8825.0,523.0
46325.0,8825.0,522.2
46350.0,8825.0,521.4
46375.0,8825.0,520.5
46400.0,8825.0,519.6
46425.0,8825.0,518.7
46450.0,8825.0,517.8
46475.0,8825.0,516.8
46500.0,8825.0,516.0
43500.0,8850.0,530.4
43525.0,8850.0,530.8
43550.0,8850.0,531.2
43575.0,8850.0,531.6
43600.0,8850.0,532.0
43625.0,8850.0,532.4
43650.0,8850.0,532.9
43675.0,8850.0,533.5
43700.0,8850.0,534.2
43725.0,8850.0,535.3
43750.0,8850.0,537.1
43775.0,8850.0,539.6
43800.0,8850.0,542.7
43825.0,8850.0,546.5
43850.0,8850.0,551.1
43875.0,8850.0,556.4
43900.0,8850.0,562.4
43925.0,8850.0,569.3
43950.0,8850.0,576.8
43975.0,8850.0,585.0
44000.0,8850.0,593.8
44025.0,8850.0,602.9
44050.0,8850.0,612.3
44075.0,8850.0,621.7
44100.0,8850.0,631.1
44125.0,8850.0,640.1
44150.0,8850.0,648.6
44175.0,8850.0,656.6
44200.0,8850.0,663.8
44225.0,8850.0,670.2
44250.0,8850.0,675.8
44275.0,8850.0,680.4
44300.0,8850.0,684.2
44325.0,8850.0,687.1
44350.0,8850.0,689.1
44375.0,8850.0,690.2
44400.0,8850.0,690.6
44425.0,8850.0,690.1
44450.0,8850.0,688.7
44475.0,8850.0,686.4
44500.0,8850.0,683.3
44525.0,8850.0,679.2
44550.0,8850.0,674.2
44575.0,8850.0,668.4
44600.0,8850.0,661.8
44625.0,8850.0,654.6
44650.0,8850.0,647.0
44675.0,8850.0,639.1
44700.0,8850.0,631.3
44725.0,8850.0,623.7
44750.0,8850.0,616.5
44775.0,8850.0,609.9
44800.0,8850.0,603.9
44825.0,8850.0,598.7
44850.0,8850.0,594.2
44875.0,8850.0,590.2
44900.0,8850.0,586.8
44925.0,8850.0,583.8
44950.0,8850.0,581.0
44975.0,8850.0,578.1
45000.0,8850.0,575.1
45025.0,8850.0,571.8
45050.0,8850.0,567.9
45075.0,8850.0,563.4
45100.0,8850.0,558.2
45125.0,8850.0,552.4
45150.0,8850.0,546.1
45175.0,8850.0,540.0
45200.0,8850.0,534.6
45225.0,8850.0,531.0
45250.0,8850.0,529.7
45275.0,8850.0,528.5
45300.0,8850.0,527.3
45325.0,8850.0,526.0
45350.0,8850.0,524.9
45375.0,8850.0,523.8
45400.0,8850.0,522.8
45425.0,8850.0,521.9
45450.0,8850.0,521.1
45475.0,8850.0,520.5
45500.0,8850.0,520.0
45525.0,8850.0,519.6
45550.0,8850.0,519.3
45575.0,8850.0,519.1
45600.0,8850.0,519.0
45625.0,8850.0,518.9
45650.0,8850.0,518.9
45675.0,8850.0,518.8
45700.0,8850.0,518.8
45725.0,8850.0,518.8
45750.0,8850.0,518.9
45775.0,8850.0,518.9
45800.0,8850.0,519.1
45825.0,8850.0,519.3
45850.0,8850.0,519.5
45875.0,8850.0,519.9
45900.0,8850.0,520.3
45925.0,8850.0,520.8
45950.0,8850.0,521.4
45975.0,8850.0,522.0
46000.0,8850.0,522.6
46025.0,8850.0,523.2
46050.0,8850.0,523.7
46075.0,8850.0,524.1
46100.0,8850.0,524.4
46125.0,8850.0,524.5
46150.0,8850.0,524.5
46175.0,8850.0,524.4
46200.0,8850.0,524.1
46225.0,8850.0,523.6
46250.0,8850.0,523.1
46275.0,8850.0,522.4
46300.0,8850.0,521.7
46325.0,8850.0,520.9
46350.0,8850.0,520.1
46375.0,8850.0,519.2
46400.0,8850.0,518.4
46425.0,8850.0,517.5
46450.0,8850.0,516.7
46475.0,8850.0,515.8
46500.0,8850.0,515.0
43500.0,8875.0,530.2
43525.0,8875.0,530.6
43550.0,8875.0,531.0
43575.0,8875.0,531.4
43600.0,8875.0,531.8
43625.0,8875.0,532.3
43650.0,8875.0,532.9
43675.0,8875.0,533.5
43700.0,8875.0,534.3
43725.0,8875.0,535.7
43750.0,8875.0,537.7
43775.0,8875.0,540.2
43800.0,8875.0,543.4
43825.0,8875.0,547.1
43850.0,8875.0,551.5
43875.0,8875.0,556.6
43900.0,8875.0,562.4
43925.0,8875.0,569.0
43950.0,8875.0,576.3
43975.0,8875.0,584.3
44000.0,8875.0,592.9
44025.0,8875.0,601.9
44050.0,8875.0,611.2
44075.0,8875.0,620.6
44100.0,8875.0,629.9
44125.0,8875.0,638.9
44150.0,8875.0,647.4
44175.0,8875.0,655.3
44200.0,8875.0,662.4
44225.0,8875.0,668.6
44250.0,8875.0,673.8
44275.0,8875.0,678.2
44300.0,8875.0,681.5
44325.0,8875.0,683.8
44350.0,8875.0,685.2
44375.0,8875.0,685.6
44400.0,8875.0,685.0
44425.0,8875.0,683.3
44450.0,8875.0,680.7
44475.0,8875.0,677.0
44500.0,8875.0,672.2
44525.0,8875.0,666.4
44550.0,8875.0,659.6
44575.0,8875.0,652.0
44600.0,8875.0,643.7
44625.0,8875.0,634.9
44650.0,8875.0,626.0
44675.0,8875.0,617.1
44700.0,8875.0,608.7
44725.0,8875.0,600.7
44750.0,8875.0,593.6
44775.0,8875.0,587.2
44800.0,8875.0,581.7
44825.0,8875.0,577.1
44850.0,8875.0,573.2
44875.0,8875.0,570.0
44900.0,8875.0,567.3
44925.0,8875.0,564.9
44950.0,8875.0,562.7
44975.0,8875.0,560.4
45000.0,8875.0,558.0
45025.0,8875.0,555.2
45050.0,8875.0,552.1
45075.0,8875.0,548.4
45100.0,8875.0,544.3
45125.0,8875.0,540.1
45150.0,8875.0,536.2
45175.0,8875.0,533.1
45200.0,8875.0,531.7
45225.0,8875.0,530.5
45250.0,8875.0,529.3
45275.0,8875.0,528.0
45300.0,8875.0,526.8
45325.0,8875.0,525.5
45350.0,8875.0,524.3
45375.0,8875.0,523.2
45400.0,8875.0,522.1
45425.0,8875.0,521.2
45450.0,8875.0,520.5
45475.0,8875.0,519.8
45500.0,8875.0,519.3
45525.0,8875.0,518.9
45550.0,8875.0,518.6
45575.0,8875.0,518.4
45600.0,8875.0,518.3
45625.0,8875.0,518.2
45650.0,8875.0,518.1
45675.0,8875.0,518.1
45700.0,8875.0,518.1
45725.0,8875.0,518.2
45750.0,8875.0,518.3
45775.0,8875.0,518.4
45800.0,8875.0,518.6
45825.0,8875.0,518.9
45850.0,8875.0,519.2
45875.0,8875.0,519.7
45900.0,8875.0,520.2
45925.0,8875.0,520.7
45950.0,8875.0,521.3
45975.0,8875.0,521.9
46000.0,8875.0,522.5
46025.0,8875.0,523.0
46050.0,8875.0,523.5
46075.0,8875.0,523.8
46100.0,8875.0,524.0
46125.0,8875.0,524.0
46150.0,8875.0,523.9
46175.0,8875.0,523.6
46200.0,8875.0,523.2
46225.0,8875.0,522.7
46250.0,8875.0,522.0
46275.0,8875.0,521.3
46300.0,8875.0,520.6
46325.0,8875.0,519.8
46350.0,8875.0,519.0
46375.0,8875.0,518.2
46400.0,8875.0,517.4
46425.0,8875.0,516.6
46450.0,8875.0,515.8
46475.0,8875.0,515.1
46500.0,8875.0,514.3
43500.0,8900.0,530.0
43525.0,8900.0,530.4
43550.0,8900.0,530.8
43575.0,8900.0,531.2
43600.0,8900.0,531.6
43625.0,8900.0,532.2
43650.0,8900.0,532.8
43675.0,8900.0,533.6
43700.0,8900.0,534.5
43725.0,8900.0,536.1
43750.0,8900.0,538.2
43775.0,8900.0,540.8
43800.0,8900.0,544.0
43825.0,8900.0,547.6
43850.0,8900.0,551.9
43875.0,8900.0,556.8
43900.0,8900.0,562.4
43925.0,8900.0,568.7
43950.0,8900.0,575.7
43975.0,8900.0,583.5
44000.0,8900.0,591.8
44025.0,8900.0,600.7
44050.0,8900.0,609.8
44075.0,8900.0,619.1
44100.0,8900.0,628.3
44125.0,8900.0,637.3
44150.0,8900.0,645.7
44175.0,8900.0,653.4
44200.0,8900.0,660.3
44225.0,8900.0,666.3
44250.0,8900.0,671.3
44275.0,8900.0,675.2
44300.0,8900.0,678.0
44325.0,8900.0,679.7
44350.0,8900.0,680.3
44375.0,8900.0,679.8
44400.0,8900.0,678.1
44425.0,8900.0,675.3
44450.0,8900.0,671.2
44475.0,8900.0,665.9
44500.0,8900.0,659.4
44525.0,8900.0,651.8
44550.0,8900.0,643.3
44575.0,8900.0,634.0
44600.0,8900.0,624.3
44625.0,8900.0,614.4
44650.0,8900.0,604.7
44675.0,8900.0,595.5
44700.0,8900.0,587.0
44725.0,8900.0,579.4
44750.0,8900.0,572.8
44775.0,8900.0,567.2
44800.0,8900.0,562.6
44825.0,8900.0,558.9
44850.0,8900.0,556.0
44875.0,8900.0,553.6
44900.0,8900.0,551.7
44925.0,8900.0,550.0
44950.0,8900.0,548.4
44975.0,8900.0,546.8
45000.0,8900.0,545.1
45025.0,8900.0,543.1
45050.0,8900.0,540.9
45075.0,8900.0,538.6
45100.0,8900.0,536.3
45125.0,8900.0,534.6
45150.0,8900.0,533.6
45175.0,8900.0,532.6
45200.0,8900.0,531.4
45225.0,8900.0,530.2
45250.0,8900.0,528.9
45275.0,8900.0,527.6
45300.0,8900.0,526.2
45325.0,8900.0,524.9
45350.0,8900.0,523.7
45375.0,8900.0,522.5
45400.0,8900.0,521.5
45425.0,8900.0,520.6
45450.0,8900.0,519.8
45475.0,8900.0,519.1
45500.0,8900.0,518.6
45525.0,8900.0,518.2
45550.0,8900.0,517.9
45575.0,8900.0,517.7
45600.0,8900.0,517.5
45625.0,8900.0,517.5
45650.0,8900.0,517.4
45675.0,8900.0,517.4
45700.0,8900.0,517.5
45725.0,8900.0,517.6
45750.0,8900.0,517.7
45775.0,8900.0,517.9
45800.0,8900.0,518.2
45825.0,8900.0,518.6
45850.0,8900.0,519.1
45875.0,8900.0,519.6
45900.0,8900.0,520.1
45925.0,8900.0,520.7
45950.0,8900.0,521.4
45975.0,8900.0,521.9
46000.0,8900.0,522.5
46025.0,8900.0,522.9
46050.0,8900.0,523.3
46075.0,8900.0,523.5
46100.0,8900.0,523.6
46125.0,8900.0,523.5
46150.0,8900.0,523.3
46175.0,8900.0,522.9
46200.0,8900.0,522.4
46225.0,8900.0,521.8
46250.0,8900.0,521.1
46275.0,8900.0,520.4
46300.0,8900.0,519.7
46325.0,8900.0,518.9
46350.0,8900.0,518.1
46375.0,8900.0,517.4
46400.0,8900.0,516.7
46425.0,8900.0,515.9
46450.0,8900.0,515.2
46475.0,8900.0,514.5
46500.0,8900.0,513.9
43500.0,8925.0,529.6
43525.0,8925.0,530.0
43550.0,8925.0,530.4
43575.0,8925.0,530.9
43600.0,8925.0,531.4
43625.0,8925.0,532.0
43650.0,8925.0,532.7
43675.0,8925.0,533.6
43700.0,8925.0,534.7
43725.0,8925.0,536.5
43750.0,8925.0,538.7
43775.0,8925.0,541.4
43800.0,8925.0,544.5
43825.0,8925.0,548.1
43850.0,8925.0,552.2
43875.0,8925.0,556.9
43900.0,8925.0,562.2
43925.0,8925.0,568.2
43950.0,8925.0,574.9
43975.0,8925.0,582.3
44000.0,8925.0,590.4
44025.0,8925.0,599.0
44050.0,8925.0,607.9
44075.0,8925.0,617.0
44100.0,8925.0,626.1
44125.0,8925.0,634.9
44150.0,8925.0,643.1
44175.0,8925.0,650.7
44200.0,8925.0,657.4
44225.0,8925.0,663.1
44250.0,8925.0,667.7
44275.0,8925.0,671.1
44300.0,8925.0,673.4
44325.0,8925.0,674.4
44350.0,8925.0,674.2
44375.0,8925.0,672.6
44400.0,8925.0,669.8
44425.0,8925.0,665.6
44450.0,8925.0,660.0
44475.0,8925.0,653.1
44500.0,8925.0,645.0
44525.0,8925.0,635.8
44550.0,8925.0,625.8
44575.0,8925.0,615.3
44600.0,8925.0,604.7
44625.0,8925.0,594.3
44650.0,8925.0,584.5
44675.0,8925.0,575.6
44700.0,8925.0,567.8
44725.0,8925.0,561.2
44750.0,8925.0,555.8
44775.0,8925.0,551.6
44800.0,8925.0,548.3
44825.0,8925.0,545.8
44850.0,8925.0,544.0
44875.0,8925.0,542.7
44900.0,8925.0,541.6
44925.0,8925.0,540.7
44950.0,8925.0,539.9
44975.0,8925.0,539.1
45000.0,8925.0,538.2
45025.0,8925.0,537.4
45050.0,8925.0,536.7
45075.0,8925.0,536.1
45100.0,8925.0,535.3
45125.0,8925.0,534.5
45150.0,8925.0,533.5
45175.0,8925.0,532.4
45200.0,8925.0,531.1
45225.0,8925.0,529.8
45250.0,8925.0,528.5
45275.0,8925.0,527.1
45300.0,8925.0,525.7
45325.0,8925.0,524.4
45350.0,8925.0,523.1
45375.0,8925.0,521.9
45400.0,8925.0,520.9
45425.0,8925.0,519.9
45450.0,8925.0,519.1
45475.0,8925.0,518.5
45500.0,8925.0,517.9
45525.0,8925.0,517.5
45550.0,8925.0,517.2
45575.0,8925.0,517.0
45600.0,8925.0,516.9
45625.0,8925.0,516.8
45650.0,8925.0,516.8
45675.0,8925.0,516.8
45700.0,8925.0,516.9
45725.0,8925.0,517.1
45750.0,8925.0,517.3
45775.0,8925.0,517.6
45800.0,8925.0,518.0
45825.0,8925.0,518.5
45850.0,8925.0,519.0
45875.0,8925.0,519.6
45900.0,8925.0,520.2
45925.0,8925.0,520.8
45950.0,8925.0,521.4
45975.0,8925.0,522.0
46000.0,8925.0,522.5
46025.0,8925.0,522.9
46050.0,8925.0,523.2
46075.0,8925.0,523.3
46100.0,8925.0,523.3
46125.0,8925.0,523.1
46150.0,8925.0,522.7
46175.0,8925.0,522.3
46200.0,8925.0,521.7
46225.0,8925.0,521.1
46250.0,8925.0,520.4
46275.0,8925.0,519.7
46300.0,8925.0,519.0
46325.0,8925.0,518.2
46350.0,8925.0,517.5
46375.0,8925.0,516.8
46400.0,8925.0,516.2
46425.0,8925.0,515.5
46450.0,8925.0,514.9
46475.0,8925.0,514.3
46500.0,8925.0,513.6
43500.0,8950.0,529.2
43525.0,8950.0,529.6
43550.0,8950.0,530.0
43575.0,8950.0,530.5
43600.0,8950.0,531.1
43625.0,8950.0,531.8
43650.0,8950.0,532.6
43675.0,8950.0,533.6
43700.0,8950.0,534.9
43725.0,8950.0,536.8
43750.0,8950.0,539.2
43775.0,8950.0,541.9
43800.0,8950.0,545.0
43825.0,8950.0,548.4
43850.0,8950.0,552.3
43875.0,8950.0,556.7
43900.0,8950.0,561.7
43925.0,8950.0,567.4
43950.0,8950.0,573.7
43975.0,8950.0,580.8
44000.0,8950.0,588.5
44025.0,8950.0,596.7
44050.0,8950.0,605.3
44075.0,8950.0,614.1
44100.0,8950.0,622.9
44125.0,8950.0,631.5
44150.0,8950.0,639.5
44175.0,8950.0,646.8
44200.0,8950.0,653.2
44225.0,8950.0,658.5
44250.0,8950.0,662.7
44275.0,8950.0,665.6
44300.0,8950.0,667.2
44325.0,8950.0,667.5
44350.0,8950.0,666.4
44375.0,8950.0,663.8
44400.0,8950.0,659.7
44425.0,8950.0,654.1
44450.0,8950.0,647.1
44475.0,8950.0,638.7
44500.0,8950.0,629.2
44525.0,8950.0,618.7
44550.0,8950.0,607.7
44575.0,8950.0,596.6
44600.0,8950.0,585.8
44625.0,8950.0,575.7
44650.0,8950.0,566.7
44675.0,8950.0,559.0
44700.0,8950.0,552.7
44725.0,8950.0,547.8
44750.0,8950.0,544.3
44775.0,8950.0,541.9
44800.0,8950.0,540.3
44825.0,8950.0,539.4
44850.0,8950.0,538.9
44875.0,8950.0,538.7
44900.0,8950.0,538.6
44925.0,8950.0,538.5
44950.0,8950.0,538.3
44975.0,8950.0,538.1
45000.0,8950.0,537.8
45025.0,8950.0,537.3
45050.0,8950.0,536.8
45075.0,8950.0,536.1
45100.0,8950.0,535.3
45125.0,8950.0,534.3
45150.0,8950.0,533.3
45175.0,8950.0,532.1
45200.0,8950.0,530.8
45225.0,8950.0,529.4
45250.0,8950.0,528.0
45275.0,8950.0,526.6
45300.0,8950.0,525.2
45325.0,8950.0,523.8
45350.0,8950.0,522.5
45375.0,8950.0,521.3
45400.0,8950.0,520.3
45425.0,8950.0,519.3
45450.0,8950.0,518.5
45475.0,8950.0,517.9
45500.0,8950.0,517.3
45525.0,8950.0,516.9
45550.0,8950.0,516.6
45575.0,8950.0,516.4
45600.0,8950.0,516.3
45625.0,8950.0,516.2
45650.0,8950.0,516.3
45675.0,8950.0,516.4
45700.0,8950.0,516.5
45725.0,8950.0,516.8
45750.0,8950.0,517.1
45775.0,8950.0,517.5
45800.0,8950.0,517.9
45825.0,8950.0,518.5
45850.0,8950.0,519.1
45875.0,8950.0,519.7
45900.0,8950.0,520.4
45925.0,8950.0,521.0
45950.0,8950.0,521.6
45975.0,8950.0,522.1
46000.0,8950.0,522.6
46025.0,8950.0,522.9
46050.0,8950.0,523.1
46075.0,8950.0,523.1
46100.0,8950.0,523.0
46125.0,8950.0,522.7
46150.0,8950.0,522.3
46175.0,8950.0,521.8
46200.0,8950.0,521.2
46225.0,8950.0,520.5
46250.0,8950.0,519.8
46275.0,8950.0,519.1
46300.0,8950.0,518.5
46325.0,8950.0,517.8
46350.0,8950.0,517.1
46375.0,8950.0,516.5
46400.0,8950.0,515.9
46425.0,8950.0,515.3
46450.0,8950.0,514.7
46475.0,8950.0,514.2
46500.0,8950.0,513.6
43500.0,8975.0,528.7
43525.0,8975.0,529.1
43550.0,8975.0,529.6
43575.0,8975.0,530.1
43600.0,8975.0,530.8
43625.0,8975.0,531.6
43650.0,8975.0,532.5
43675.0,8975.0,533.6
43700.0,8975.0,535.1
43725.0,8975.0,537.2
43750.0,8975.0,539.6
43775.0,8975.0,542.3
43800.0,8975.0,545.3
43825.0,8975.0,548.6
43850.0,8975.0,552.3
43875.0,8975.0,556.4
43900.0,8975.0,561.0
43925.0,8975.0,566.3
43950.0,8975.0,572.2
43975.0,8975.0,578.7
44000.0,8975.0,585.9
44025.0,8975.0,593.7
44050.0,8975.0,601.8
44075.0,8975.0,610.2
44100.0,8975.0,618.6
44125.0,8975.0,626.7
44150.0,8975.0,634.4
44175.0,8975.0,641.3
44200.0,8975.0,647.3
44225.0,8975.0,652.2
44250.0,8975.0,655.9
44275.0,8975.0,658.2
44300.0,8975.0,659.2
44325.0,8975.0,658.6
44350.0,8975.0,656.5
44375.0,8975.0,652.8
44400.0,8975.0,647.5
44425.0,8975.0,640.7
44450.0,8975.0,632.4
44475.0,8975.0,622.8
44500.0,8975.0,612.3
44525.0,8975.0,601.1
44550.0,8975.0,589.8
44575.0,8975.0,578.9
44600.0,8975.0,568.8
44625.0,8975.0,559.9
44650.0,8975.0,552.6
44675.0,8975.0,547.0
44700.0,8975.0,543.1
44725.0,8975.0,540.7
44750.0,8975.0,539.6
44775.0,8975.0,539.4
44800.0,8975.0,539.4
44825.0,8975.0,539.3
44850.0,8975.0,539.3
44875.0,8975.0,539.2
44900.0,8975.0,539.1
44925.0,8975.0,538.9
44950.0,8975.0,538.7
44975.0,8975.0,538.4
45000.0,8975.0,538.0
45025.0,8975.0,537.5
45050.0,8975.0,536.8
45075.0,8975.0,536.1
45100.0,8975.0,535.2
45125.0,8975.0,534.2
45150.0,8975.0,533.0
45175.0,8975.0,531.8
45200.0,8975.0,530.4
45225.0,8975.0,529.0
45250.0,8975.0,527.6
45275.0,8975.0,526.1
45300.0,8975.0,524.7
45325.0,8975.0,523.3
45350.0,8975.0,522.0
45375.0,8975.0,520.8
45400.0,8975.0,519.7
45425.0,8975.0,518.8
45450.0,8975.0,518.0
45475.0,8975.0,517.3
45500.0,8975.0,516.8
45525.0,8975.0,516.4
45550.0,8975.0,516.1
45575.0,8975.0,515.9
45600.0,8975.0,515.8
45625.0,8975.0,515.8
45650.0,8975.0,515.9
45675.0,8975.0,516.1
45700.0,8975.0,516.3
45725.0,8975.0,516.6
45750.0,8975.0,517.0
45775.0,8975.0,517.5
45800.0,8975.0,518.0
45825.0,8975.0,518.6
45850.0,8975.0,519.3
45875.0,8975.0,520.0
45900.0,8975.0,520.6
45925.0,8975.0,521.3
45950.0,8975.0,521.8
45975.0,8975.0,522.3
46000.0,8975.0,522.7
46025.0,8975.0,522.9
46050.0,8975.0,523.0
46075.0,8975.0,522.9
46100.0,8975.0,522.7
46125.0,8975.0,522.4
46150.0,8975.0,521.9
46175.0,8975.0,521.4
46200.0,8975.0,520.8
46225.0,8975.0,520.1
46250.0,8975.0,519.4
46275.0,8975.0,518.8
46300.0,8975.0,518.2
46325.0,8975.0,517.6
46350.0,8975.0,517.0
46375.0,8975.0,516.4
46400.0,8975.0,515.9
46425.0,8975.0,515.3
46450.0,8975.0,514.8
46475.0,8975.0,514.2
46500.0,8975.0,513.7
43500.0,9000.0,528.2
43525.0,9000.0,528.7
43550.0,9000.0,529.2
43575.0,9000.0,529.8
43600.0,9000.0,530.5
43625.0,9000.0,531.4
43650.0,9000.0,532.5
43675.0,9000.0,533.6
43700.0,9000.0,535.3
43725.0,9000.0,537.4
43750.0,9000.0,539.9
43775.0,9000.0,542.6
43800.0,9000.0,545.5
43825.0,9000.0,548.6
43850.0,9000.0,552.0
43875.0,9000.0,555.8
43900.0,9000.0,560.0
43925.0,9000.0,564.8
43950.0,9000.0,570.1
43975.0,9000.0,576.1
44000.0,9000.0,582.7
44025.0,9000.0,589.8
44050.0,9000.0,597.3
44075.0,9000.0,605.1
44100.0,9000.0,612.9
44125.0,9000.0,620.5
44150.0,9000.0,627.6
44175.0,9000.0,634.0
44200.0,9000.0,639.5
44225.0,9000.0,643.8
44250.0,9000.0,646.9
44275.0,9000.0,648.6
44300.0,9000.0,648.7
44325.0,9000.0,647.3
44350.0,9000.0,644.2
44375.0,9000.0,639.5
44400.0,9000.0,633.2
44425.0,9000.0,625.3
44450.0,9000.0,616.1
44475.0,9000.0,605.8
44500.0,9000.0,594.9
44525.0,9000.0,583.8
44550.0,9000.0,573.0
44575.0,9000.0,563.2
44600.0,9000.0,554.9
44625.0,9000.0,548.3
44650.0,9000.0,543.7
44675.0,9000.0,541.1
44700.0,9000.0,540.3
44725.0,9000.0,540.2
44750.0,9000.0,540.1
44775.0,9000.0,540.0
44800.0,9000.0,539.9
44825.0,9000.0,539.9
44850.0,9000.0,539.8
44875.0,9000.0,539.6
44900.0,9000.0,539.5
44925.0,9000.0,539.3
44950.0,9000.0,539.0
44975.0,9000.0,538.6
45000.0,9000.0,538.1
45025.0,9000.0,537.5
45050.0,9000.0,536.8
45075.0,9000.0,536.0
45100.0,9000.0,535.1
45125.0,9000.0,534.0
45150.0,9000.0,532.8
45175.0,9000.0,531.5
45200.0,9000.0,530.1
45225.0,9000.0,528.6
45250.0,9000.0,527.2
45275.0,9000.0,525.7
45300.0,9000.0,524.2
45325.0,9000.0,522.9
45350.0,9000.0,521.6
45375.0,9000.0,520.4
45400.0,9000.0,519.3
45425.0,9000.0,518.4
45450.0,9000.0,517.6
45475.0,9000.0,516.9
45500.0,9000.0,516.4
45525.0,9000.0,516.0
45550.0,9000.0,515.8
45575.0,9000.0,515.6
45600.0,9000.0,515.5
45625.0,9000.0,515.6
45650.0,9000.0,515.7
45675.0,9000.0,516.0
45700.0,9000.0,516.3
45725.0,9000.0,516.7
45750.0,9000.0,517.1
45775.0,9000.0,517.7
45800.0,9000.0,518.3
45825.0,9000.0,518.9
45850.0,9000.0,519.6
45875.0,9000.0,520.3
45900.0,9000.0,521.0
45925.0,9000.0,521.6
45950.0,9000.0,522.1
45975.0,9000.0,522.5
46000.0,9000.0,522.8
46025.0,9000.0,523.0
46050.0,9000.0,523.0
46075.0,9000.0,522.8
46100.0,9000.0,522.5
46125.0,9000.0,522.1
46150.0,9000.0,521.6
46175.0,9000.0,521.1
46200.0,9000.0,520.5
46225.0,9000.0,519.8
46250.0,9000.0,519.2
46275.0,9000.0,518.6
46300.0,9000.0,518.0
46325.0,9000.0,517.5
46350.0,9000.0,517.0
46375.0,9000.0,516.5
46400.0,9000.0,516.0
46425.0,9000.0,515.5
46450.0,9000.0,515.0
46475.0,9000.0,514.5
46500.0,9000.0,513.9
43500.0,9025.0,527.8
43525.0,9025.0,528.2
43550.0,9025.0,528.8
43575.0,9025.0,529.5
43600.0,9025.0,530.3
43625.0,9025.0,531.3
43650.0,9025.0,532.4
43675.0,9025.0,533.7
43700.0,9025.0,535.5
43725.0,9025.0,537.7
43750.0,9025.0,540.2
43775.0,9025.0,542.8
43800.0,9025.0,545.6
43825.0,9025.0,548.5
43850.0,9025.0,551.6
43875.0,9025.0,555.0
43900.0,9025.0,558.7
43925.0,9025.0,562.9
43950.0,9025.0,567.6
43975.0,9025.0,572.9
44000.0,9025.0,578.7
44025.0,9025.0,585.1
44050.0,9025.0,591.8
44075.0,9025.0,598.8
44100.0,9025.0,605.8
44125.0,9025.0,612.6
44150.0,9025.0,619.0
44175.0,9025.0,624.7
44200.0,9025.0,629.4
44225.0,9025.0,633.1
44250.0,9025.0,635.4
44275.0,9025.0,636.3
44300.0,9025.0,635.7
44325.0,9025.0,633.4
44350.0,9025.0,629.5
44375.0,9025.0,623.9
44400.0,9025.0,616.8
44425.0,9025.0,608.3
44450.0,9025.0,598.7
44475.0,9025.0,588.3
44500.0,9025.0,577.8
44525.0,9025.0,567.7
44550.0,9025.0,558.6
44575.0,9025.0,551.0
44600.0,9025.0,545.4
44625.0,9025.0,542.2
44650.0,9025.0,541.2
44675.0,9025.0,541.0
44700.0,9025.0,540.9
44725.0,9025.0,540.8
44750.0,9025.0,540.7
44775.0,9025.0,540.6
44800.0,9025.0,540.5
44825.0,9025.0,540.4
44850.0,9025.0,540.2
44875.0,9025.0,540.0
44900.0,9025.0,539.8
44925.0,9025.0,539.5
44950.0,9025.0,539.1
44975.0,9025.0,538.7
45000.0,9025.0,538.2
45025.0,9025.0,537.5
45050.0,9025.0,536.8
45075.0,9025.0,535.9
45100.0,9025.0,534.9
45125.0,9025.0,533.8
45150.0,9025.0,532.5
45175.0,9025.0,531.2
45200.0,9025.0,529.8
45225.0,9025.0,528.3
45250.0,9025.0,526.8
45275.0,9025.0,525.4
45300.0,9025.0,523.9
45325.0,9025.0,522.5
45350.0,9025.0,521.2
45375.0,9025.0,520.0
45400.0,9025.0,519.0
45425.0,9025.0,518.1
45450.0,9025.0,517.3
45475.0,9025.0,516.6
45500.0,9025.0,516.2
45525.0,9025.0,515.8
45550.0,9025.0,515.6
45575.0,9025.0,515.5
45600.0,9025.0,515.5
45625.0,9025.0,515.6
45650.0,9025.0,515.8
45675.0,9025.0,516.0
45700.0,9025.0,516.4
45725.0,9025.0,516.9
45750.0,9025.0,517.4
45775.0,9025.0,518.0
45800.0,9025.0,518.7
45825.0,9025.0,519.4
45850.0,9025.0,520.1
45875.0,9025.0,520.7
45900.0,9025.0,521.4
45925.0,9025.0,521.9
45950.0,9025.0,522.4
45975.0,9025.0,522.8
46000.0,9025.0,523.0
46025.0,9025.0,523.0
46050.0,9025.0,523.0
46075.0,9025.0,522.8
46100.0,9025.0,522.4
46125.0,9025.0,522.0
46150.0,9025.0,521.5
46175.0,9025.0,520.9
46200.0,9025.0,520.3
46225.0,9025.0,519.7
46250.0,9025.0,519.2
46275.0,9025.0,518.6
46300.0,9025.0,518.1
46325.0,9025.0,517.6
46350.0,9025.0,517.1
46375.0,9025.0,516.7
46400.0,9025.0,516.2
46425.0,9025.0,515.8
46450.0,9025.0,515.3
46475.0,9025.0,514.8
46500.0,9025.0,514.3
43500.0,9050.0,527.3
43525.0,9050.0,527.8
43550.0,9050.0,528.5
43575.0,9050.0,529.2
43600.0,9050.0,530.2
43625.0,9050.0,531.2
43650.0,9050.0,532.5
43675.0,9050.0,533.8
43700.0,9050.0,535.6
43725.0,9050.0,537.9
43750.0,9050.0,540.3
43775.0,9050.0,542.9
43800.0,9050.0,545.5
43825.0,9050.0,548.1
43850.0,9050.0,550.9
43875.0,9050.0,553.9
43900.0,9050.0,557.1
43925.0,9050.0,560.7
43950.0,9050.0,564.7
43975.0,9050.0,569.2
44000.0,9050.0,574.1
44025.0,9050.0,579.5
44050.0,9050.0,585.2
44075.0,9050.0,591.1
44100.0,9050.0,597.2
44125.0,9050.0,603.0
44150.0,9050.0,608.4
44175.0,9050.0,613.2
44200.0,9050.0,617.1
44225.0,9050.0,619.9
44250.0,9050.0,621.4
44275.0,9050.0,621.5
44300.0,9050.0,620.1
44325.0,9050.0,617.1
44350.0,9050.0,612.4
44375.0,9050.0,606.3
44400.0,9050.0,598.8
44425.0,9050.0,590.2
44450.0,9050.0,580.9
44475.0,9050.0,571.5
44500.0,9050.0,562.4
44525.0,9050.0,554.3
44550.0,9050.0,547.9
44575.0,9050.0,543.7
44600.0,9050.0,542.1
44625.0,9050.0,541.9
44650.0,9050.0,541.7
44675.0,9050.0,541.6
44700.0,9050.0,541.5
44725.0,9050.0,541.4
44750.0,9050.0,541.3
44775.0,9050.0,541.1
44800.0,9050.0,541.0
44825.0,9050.0,540.8
44850.0,9050.0,540.6
44875.0,9050.0,540.3
44900.0,9050.0,540.0
44925.0,9050.0,539.7
44950.0,9050.0,539.2
44975.0,9050.0,538.7
45000.0,9050.0,538.1
45025.0,9050.0,537.5
45050.0,9050.0,536.7
45075.0,9050.0,535.7
45100.0,9050.0,534.7
45125.0,9050.0,533.6
45150.0,9050.0,532.3
45175.0,9050.0,531.0
45200.0,9050.0,529.6
45225.0,9050.0,528.1
45250.0,9050.0,526.6
45275.0,9050.0,525.1
45300.0,9050.0,523.7
45325.0,9050.0,522.3
45350.0,9050.0,521.0
45375.0,9050.0,519.8
45400.0,9050.0,518.8
45425.0,9050.0,517.9
45450.0,9050.0,517.1
45475.0,9050.0,516.5
45500.0,9050.0,516.1
45525.0,9050.0,515.8
45550.0,9050.0,515.6
45575.0,9050.0,515.5
45600.0,9050.0,515.6
45625.0,9050.0,515.7
45650.0,9050.0,516.0
45675.0,9050.0,516.3
45700.0,9050.0,516.8
45725.0,9050.0,517.3
45750.0,9050.0,517.9
45775.0,9050.0,518.5
45800.0,9050.0,519.2
45825.0,9050.0,519.9
45850.0,9050.0,520.6
45875.0,9050.0,521.2
45900.0,9050.0,521.8
45925.0,9050.0,522.3
45950.0,9050.0,522.7
45975.0,9050.0,523.0
46000.0,9050.0,523.1
46025.0,9050.0,523.1
46050.0,9050.0,523.0
46075.0,9050.0,522.7
46100.0,9050.0,522.4
46125.0,9050.0,521.9
46150.0,9050.0,521.4
46175.0,9050.0,520.8
46200.0,9050.0,520.3
46225.0,9050.0,519.7
46250.0,9050.0,519.2
46275.0,9050.0,518.7
46300.0,9050.0,518.3
46325.0,9050.0,517.8
46350.0,9050.0,517.4
46375.0,9050.0,517.0
46400.0,9050.0,516.6
46425.0,9050.0,516.1
46450.0,9050.0,515.7
46475.0,9050.0,515.2
46500.0,9050.0,514.8
43500.0,9075.0,527.0
43525.0,9075.0,527.5
43550.0,9075.0,528.2
43575.0,9075.0,529.1
43600.0,9075.0,530.1
43625.0,9075.0,531.2
43650.0,9075.0,532.5
43675.0,9075.0,534.0
43700.0,9075.0,535.8
43725.0,9075.0,538.0
43750.0,9075.0,540.4
43775.0,9075.0,542.8
43800.0,9075.0,545.2
43825.0,9075.0,547.6
43850.0,9075.0,550.1
43875.0,9075.0,552.6
43900.0,9075.0,555.3
43925.0,9075.0,558.2
43950.0,9075.0,561.4
43975.0,9075.0,565.0
44000.0,9075.0,568.9
44025.0,9075.0,573.2
44050.0,9075.0,577.7
44075.0,9075.0,582.5
44100.0,9075.0,587.3
44125.0,9075.0,591.9
44150.0,9075.0,596.2
44175.0,9075.0,599.8
44200.0,9075.0,602.7
44225.0,9075.0,604.5
44250.0,9075.0,605.1
44275.0,9075.0,604.4
44300.0,9075.0,602.3
44325.0,9075.0,598.7
44350.0,9075.0,593.8
44375.0,9075.0,587.6
44400.0,9075.0,580.3
44425.0,9075.0,572.5
44450.0,9075.0,564.4
44475.0,9075.0,556.8
44500.0,9075.0,550.3
44525.0,9075.0,545.5
44550.0,9075.0,543.0
44575.0,9075.0,542.6
44600.0,9075.0,542.5
44625.0,9075.0,542.3
44650.0,9075.0,542.2
44675.0,9075.0,542.1
44700.0,9075.0,542.0
44725.0,9075.0,541.9
44750.0,9075.0,541.7
44775.0,9075.0,541.6
44800.0,9075.0,541.4
44825.0,9075.0,541.1
44850.0,9075.0,540.8
44875.0,9075.0,540.5
44900.0,9075.0,540.1
44925.0,9075.0,539.7
44950.0,9075.0,539.2
44975.0,9075.0,538.7
45000.0,9075.0,538.1
45025.0,9075.0,537.3
45050.0,9075.0,536.5
45075.0,9075.0,535.6
45100.0,9075.0,534.5
45125.0,9075.0,533.4
45150.0,9075.0,532.1
45175.0,9075.0,530.8
45200.0,9075.0,529.4
45225.0,9075.0,527.9
45250.0,9075.0,526.4
45275.0,9075.0,525.0
45300.0,9075.0,523.5
45325.0,9075.0,522.2
45350.0,9075.0,520.9
45375.0,9075.0,519.8
45400.0,9075.0,518.7
45425.0,9075.0,517.9
45450.0,9075.0,517.2
45475.0,9075.0,516.6
45500.0,9075.0,516.2
45525.0,9075.0,515.9
45550.0,9075.0,515.8
45575.0,9075.0,515.8
45600.0,9075.0,515.9
45625.0,9075.0,516.1
45650.0,9075.0,516.4
45675.0,9075.0,516.8
45700.0,9075.0,517.3
45725.0,9075.0,517.9
45750.0,9075.0,518.5
45775.0,9075.0,519.1
45800.0,9075.0,519.8
45825.0,9075.0,520.5
45850.0,9075.0,521.2
45875.0,9075.0,521.8
45900.0,9075.0,522.3
45925.0,9075.0,522.7
45950.0,9075.0,523.1
45975.0,9075.0,523.3
46000.0,9075.0,523.3
46025.0,9075.0,523.3
46050.0,9075.0,523.1
46075.0,9075.0,522.8
46100.0,9075.0,522.4
46125.0,9075.0,521.9
46150.0,9075.0,521.4
46175.0,9075.0,520.9
46200.0,9075.0,520.4
46225.0,9075.0,519.9
46250.0,9075.0,519.4
46275.0,9075.0,518.9
46300.0,9075.0,518.5
46325.0,9075.0,518.1
46350.0,9075.0,517.7
46375.0,9075.0,517.3
46400.0,9075.0,517.0
46425.0,9075.0,516.5
46450.0,9075.0,516.1
46475.0,9075.0,515.7
46500.0,9075.0,515.3
43500.0,9100.0,526.7
43525.0,9100.0,527.3
43550.0,9100.0,528.1
43575.0,9100.0,529.0
43600.0,9100.0,530.1
43625.0,9100.0,531.3
43650.0,9100.0,532.7
43675.0,9100.0,534.2
43700.0,9100.0,536.0
43725.0,9100.0,538.2
43750.0,9100.0,540.4
43775.0,9100.0,542.7
43800.0,9100.0,544.9
43825.0,9100.0,547.0
43850.0,9100.0,549.0
43875.0,9100.0,551.1
43900.0,9100.0,553.2
43925.0,9100.0,555.5
43950.0,9100.0,557.9
43975.0,9100.0,560.5
44000.0,9100.0,563.4
44025.0,9100.0,566.5
44050.0,9100.0,569.8
44075.0,9100.0,573.2
44100.0,9100.0,576.6
44125.0,9100.0,579.9
44150.0,9100.0,582.8
44175.0,9100.0,585.2
44200.0,9100.0,586.9
44225.0,9100.0,587.7
44250.0,9100.0,587.5
44275.0,9100.0,586.1
44300.0,9100.0,583.5
44325.0,9100.0,579.7
44350.0,9100.0,574.9
44375.0,9100.0,569.3
44400.0,9100.0,563.1
44425.0,9100.0,556.9
44450.0,9100.0,551.2
44475.0,9100.0,546.6
44500.0,9100.0,543.9
44525.0,9100.0,543.2
44550.0,9100.0,543.1
44575.0,9100.0,542.9
44600.0,9100.0,542.8
44625.0,9100.0,542.7
44650.0,9100.0,542.7
44675.0,9100.0,542.6
44700.0,9100.0,542.5
44725.0,9100.0,542.3
44750.0,9100.0,542.1
44775.0,9100.0,541.9
44800.0,9100.0,541.6
44825.0,9100.0,541.3
44850.0,9100.0,540.9
44875.0,9100.0,540.5
44900.0,9100.0,540.1
44925.0,9100.0,539.7
44950.0,9100.0,539.1
44975.0,9100.0,538.6
45000.0,9100.0,537.9
45025.0,9100.0,537.2
45050.0,9100.0,536.4
45075.0,9100.0,535.4
45100.0,9100.0,534.4
45125.0,9100.0,533.3
45150.0,9100.0,532.0
45175.0,9100.0,530.7
45200.0,9100.0,529.3
45225.0,9100.0,527.8
45250.0,9100.0,526.4
45275.0,9100.0,524.9
45300.0,9100.0,523.5
45325.0,9100.0,522.2
45350.0,9100.0,520.9
45375.0,9100.0,519.8
45400.0,9100.0,518.9
45425.0,9100.0,518.0
45450.0,9100.0,517.4
45475.0,9100.0,516.9
45500.0,9100.0,516.5
45525.0,9100.0,516.3
45550.0,9100.0,516.2
45575.0,9100.0,516.3
45600.0,9100.0,516.4
45625.0,9100.0,516.7
45650.0,9100.0,517.1
45675.0,9100.0,517.5
45700.0,9100.0,518.0
45725.0,9100.0,518.6
45750.0,9100.0,519.2
45775.0,9100.0,519.8
45800.0,9100.0,520.5
45825.0,9100.0,521.1
45850.0,9100.0,521.7
45875.0,9100.0,522.3
45900.0,9100.0,522.8
45925.0,9100.0,523.1
45950.0,9100.0,523.4
45975.0,9100.0,523.5
46000.0,9100.0,523.5
46025.0,9100.0,523.4
46050.0,9100.0,523.2
46075.0,9100.0,522.8
46100.0,9100.0,522.4
46125.0,9100.0,522.0
46150.0,9100.0,521.5
46175.0,9100.0,521.0
46200.0,9100.0,520.5
46225.0,9100.0,520.0
46250.0,9100.0,519.6
46275.0,9100.0,519.2
46300.0,9100.0,518.8
46325.0,9100.0,518.5
46350.0,9100.0,518.1
46375.0,9100.0,517.8
46400.0,9100.0,517.4
46425.0,9100.0,517.0
46450.0,9100.0,516.6
46475.0,9100.0,516.3
46500.0,9100.0,515.9
43500.0,9125.0,526.6
43525.0,9125.0,527.3
43550.0,9125.0,528.1
43575.0,9125.0,529.1
43600.0,9125.0,530.2
43625.0,9125.0,531.5
43650.0,9125.0,532.9
43675.0,9125.0,534.5
43700.0,9125.0,536.2
43725.0,9125.0,538.2
43750.0,9125.0,540.4
43775.0,9125.0,542.4
43800.0,9125.0,544.4
43825.0,9125.0,546.2
43850.0,9125.0,547.9
43875.0,9125.0,549.5
43900.0,9125.0,551.1
43925.0,9125.0,552.8
43950.0,9125.0,554.4
43975.0,9125.0,556.1
44000.0,9125.0,558.0
44025.0,9125.0,559.9
44050.0,9125.0,562.0
44075.0,9125.0,564.0
44100.0,9125.0,566.0
44125.0,9125.0,567.9
44150.0,9125.0,569.5
44175.0,9125.0,570.6
44200.0,9125.0,571.2
44225.0,9125.0,571.0
44250.0,9125.0,570.1
44275.0,9125.0,568.2
44300.0,9125.0,565.6
44325.0,9125.0,562.2
44350.0,9125.0,558.2
44375.0,9125.0,553.9
44400.0,9125.0,549.8
44425.0,9125.0,546.4
44450.0,9125.0,544.2
44475.0,9125.0,543.6
44500.0,9125.0,543.4
44525.0,9125.0,543.3
44550.0,9125.0,543.2
44575.0,9125.0,543.2
44600.0,9125.0,543.1
44625.0,9125.0,543.1
44650.0,9125.0,543.0
44675.0,9125.0,542.9
44700.0,9125.0,542.8
44725.0,9125.0,542.6
44750.0,9125.0,542.3
44775.0,9125.0,542.0
44800.0,9125.0,541.7
44825.0,9125.0,541.3
44850.0,9125.0,540.9
44875.0,9125.0,540.5
44900.0,9125.0,540.0
44925.0,9125.0,539.5
44950.0,9125.0,539.0
44975.0,9125.0,538.4
45000.0,9125.0,537.7
45025.0,9125.0,537.0
45050.0,9125.0,536.2
45075.0,9125.0,535.3
45100.0,9125.0,534.3
45125.0,9125.0,533.2
45150.0,9125.0,531.9
45175.0,9125.0,530.6
45200.0,9125.0,529.2
45225.0,9125.0,527.8
45250.0,9125.0,526.4
45275.0,9125.0,524.9
45300.0,9125.0,523.6
45325.0,9125.0,522.3
45350.0,9125.0,521.1
45375.0,9125.0,520.0
45400.0,9125.0,519.1
45425.0,9125.0,518.4
45450.0,9125.0,517.8
45475.0,9125.0,517.3
45500.0,9125.0,517.0
45525.0,9125.0,516.9
45550.0,9125.0,516.9
45575.0,9125.0,516.9
45600.0,9125.0,517.1
45625.0,9125.0,517.4
45650.0,9125.0,517.8
45675.0,9125.0,518.3
45700.0,9125.0,518.8
45725.0,9125.0,519.4
45750.0,9125.0,520.0
45775.0,9125.0,520.6
45800.0,9125.0,521.2
45825.0,9125.0,521.8
45850.0,9125.0,522.3
45875.0,9125.0,522.8
45900.0,9125.0,523.2
45925.0,9125.0,523.5
45950.0,9125.0,523.7
45975.0,9125.0,523.8
46000.0,9125.0,523.7
46025.0,9125.0,523.6
46050.0,9125.0,523.3
46075.0,9125.0,523.0
46100.0,9125.0,522.6
46125.0,9125.0,522.1
46150.0,9125.0,521.6
46175.0,9125.0,521.2
46200.0,9125.0,520.7
46225.0,9125.0,520.3
46250.0,9125.0,519.9
46275.0,9125.0,519.5
46300.0,9125.0,519.2
46325.0,9125.0,518.8
46350.0,9125.0,518.5
46375.0,9125.0,518.2
46400.0,9125.0,517.9
46425.0,9125.0,517.5
46450.0,9125.0,517.2
46475.0,9125.0,516.9
46500.0,9125.0,516.6
43500.0,9150.0,526.6
43525.0,9150.0,527.4
43550.0,9150.0,528.2
43575.0,9150.0,529.3
43600.0,9150.0,530.5
43625.0,9150.0,531.8
43650.0,9150.0,533.3
43675.0,9150.0,534.8
43700.0,9150.0,536.4
43725.0,9150.0,538.3
43750.0,9150.0,540.3
43775.0,9150.0,542.1
43800.0,9150.0,543.8
43825.0,9150.0,545.4
43850.0,9150.0,546.8
43875.0,9150.0,548.1
43900.0,9150.0,549.2
43925.0,9150.0,550.3
43950.0,9150.0,551.3
43975.0,9150.0,552.3
44000.0,9150.0,553.3
44025.0,9150.0,554.2
44050.0,9150.0,555.1
44075.0,9150.0,556.0
44100.0,9150.0,556.8
44125.0,9150.0,557.4
44150.0,9150.0,557.7
44175.0,9150.0,557.8
44200.0,9150.0,557.4
44225.0,9150.0,556.6
44250.0,9150.0,555.4
44275.0,9150.0,553.6
44300.0,9150.0,551.5
44325.0,9150.0,549.2
44350.0,9150.0,546.9
44375.0,9150.0,545.0
44400.0,9150.0,544.1
44425.0,9150.0,543.8
44450.0,9150.0,543.5
44475.0,9150.0,543.4
44500.0,9150.0,543.3
44525.0,9150.0,543.3
44550.0,9150.0,543.3
44575.0,9150.0,543.4
44600.0,9150.0,543.4
44625.0,9150.0,543.4
44650.0,9150.0,543.3
44675.0,9150.0,543.2
44700.0,9150.0,543.0
44725.0,9150.0,542.7
44750.0,9150.0,542.4
44775.0,9150.0,542.0
44800.0,9150.0,541.6
44825.0,9150.0,541.2
44850.0,9150.0,540.7
44875.0,9150.0,540.2
44900.0,9150.0,539.8
44925.0,9150.0,539.3
44950.0,9150.0,538.7
44975.0,9150.0,538.2
45000.0,9150.0,537.5
45025.0,9150.0,536.8
45050.0,9150.0,536.1
45075.0,9150.0,535.2
45100.0,9150.0,534.2
45125.0,9150.0,533.1
45150.0,9150.0,531.9
45175.0,9150.0,530.6
45200.0,9150.0,529.3
45225.0,9150.0,527.9
45250.0,9150.0,526.5
45275.0,9150.0,525.1
45300.0,9150.0,523.8
45325.0,9150.0,522.5
45350.0,9150.0,521.4
45375.0,9150.0,520.4
45400.0,9150.0,519.6
45425.0,9150.0,518.9
45450.0,9150.0,518.3
45475.0,9150.0,518.0
45500.0,9150.0,517.7
45525.0,9150.0,517.6
45550.0,9150.0,517.7
45575.0,9150.0,517.8
45600.0,9150.0,518.0
45625.0,9150.0,518.3
45650.0,9150.0,518.7
45675.0,9150.0,519.2
45700.0,9150.0,519.7
45725.0,9150.0,520.2
45750.0,9150.0,520.8
45775.0,9150.0,521.4
45800.0,9150.0,521.9
45825.0,9150.0,522.4
45850.0,9150.0,522.9
45875.0,9150.0,523.3
45900.0,9150.0,523.7
45925.0,9150.0,523.9
45950.0,9150.0,524.0
45975.0,9150.0,524.0
46000.0,9150.0,523.9
46025.0,9150.0,523.7
46050.0,9150.0,523.5
46075.0,9150.0,523.1
46100.0,9150.0,522.7
46125.0,9150.0,522.3
46150.0,9150.0,521.8
46175.0,9150.0,521.4
46200.0,9150.0,521.0
46225.0,9150.0,520.6
46250.0,9150.0,520.2
46275.0,9150.0,519.8
46300.0,9150.0,519.5
46325.0,9150.0,519.2
46350.0,9150.0,518.9
46375.0,9150.0,518.6
46400.0,9150.0,518.3
46425.0,9150.0,518.1
46450.0,9150.0,517.8
46475.0,9150.0,517.6
46500.0,9150.0,517.4
43500.0,9175.0,526.8
43525.0,9175.0,527.6
43550.0,9175.0,528.5
43575.0,9175.0,529.6
43600.0,9175.0,530.8
43625.0,9175.0,532.2
43650.0,9175.0,533.7
43675.0,9175.0,535.2
43700.0,9175.0,536.8
43725.0,9175.0,538.4
43750.0,9175.0,540.2
43775.0,9175.0,541.8
43800.0,9175.0,543.4
43825.0,9175.0,544.7
43850.0,9175.0,545.9
43875.0,9175.0,546.9
43900.0,9175.0,547.8
43925.0,9175.0,548.6
43950.0,9175.0,549.2
43975.0,9175.0,549.7
44000.0,9175.0,550.1
44025.0,9175.0,550.4
44050.0,9175.0,550.6
44075.0,9175.0,550.6
44100.0,9175.0,550.5
44125.0,9175.0,550.3
44150.0,9175.0,549.9
44175.0,9175.0,549.4
44200.0,9175.0,548.7
44225.0,9175.0,547.8
44250.0,9175.0,546.8
44275.0,9175.0,545.9
44300.0,9175.0,545.1
44325.0,9175.0,544.6
44350.0,9175.0,544.1
44375.0,9175.0,543.7
44400.0,9175.0,543.4
44425.0,9175.0,543.2
44450.0,9175.0,543.1
44475.0,9175.0,543.1
44500.0,9175.0,543.2
44525.0,9175.0,543.3
44550.0,9175.0,543.4
44575.0,9175.0,543.5
44600.0,9175.0,543.5
44625.0,9175.0,543.5
44650.0,9175.0,543.4
44675.0,9175.0,543.2
44700.0,9175.0,543.0
44725.0,9175.0,542.7
44750.0,9175.0,542.3
44775.0,9175.0,541.8
44800.0,9175.0,541.4
44825.0,9175.0,540.9
44850.0,9175.0,540.4
44875.0,9175.0,539.9
44900.0,9175.0,539.4
44925.0,9175.0,538.9
44950.0,9175.0,538.4
44975.0,9175.0,537.9
45000.0,9175.0,537.3
45025.0,9175.0,536.7
45050.0,9175.0,535.9
45075.0,9175.0,535.1
45100.0,9175.0,534.1
45125.0,9175.0,533.1
45150.0,9175.0,531.9
45175.0,9175.0,530.7
45200.0,9175.0,529.3
45225.0,9175.0,528.0
45250.0,9175.0,526.6
45275.0,9175.0,525.3
45300.0,9175.0,524.0
45325.0,9175.0,522.9
45350.0,9175.0,521.8
45375.0,9175.0,520.9
45400.0,9175.0,520.1
45425.0,9175.0,519.5
45450.0,9175.0,519.1
45475.0,9175.0,518.8
45500.0,9175.0,518.6
45525.0,9175.0,518.5
45550.0,9175.0,518.6
45575.0,9175.0,518.8
45600.0,9175.0,519.0
45625.0,9175.0,519.3
45650.0,9175.0,519.7
45675.0,9175.0,520.1
45700.0,9175.0,520.6
45725.0,9175.0,521.1
45750.0,9175.0,521.6
45775.0,9175.0,522.1
45800.0,9175.0,522.6
45825.0,9175.0,523.1
45850.0,9175.0,523.5
45875.0,9175.0,523.8
45900.0,9175.0,524.1
45925.0,9175.0,524.3
45950.0,9175.0,524.3
45975.0,9175.0,524.3
46000.0,9175.0,524.2
46025.0,9175.0,523.9
46050.0,9175.0,523.6
46075.0,9175.0,523.3
46100.0,9175.0,522.9
46125.0,9175.0,522.4
46150.0,9175.0,522.0
46175.0,9175.0,521.6
46200.0,9175.0,521.2
46225.0,9175.0,520.8
46250.0,9175.0,520.5
46275.0,9175.0,520.2
46300.0,9175.0,519.9
46325.0,9175.0,519.6
46350.0,9175.0,519.3
46375.0,9175.0,519.1
46400.0,9175.0,518.8
46425.0,9175.0,518.6
46450.0,9175.0,518.4
46475.0,9175.0,518.3
46500.0,9175.0,518.2
43500.0,9200.0,527.1
43525.0,9200.0,527.9
43550.0,9200.0,528.9
43575.0,9200.0,530.0
43600.0,9200.0,531.3
43625.0,9200.0,532.7
43650.0,9200.0,534.1
43675.0,9200.0,535.6
43700.0,9200.0,537.2
43725.0,9200.0,538.8
43750.0,9200.0,540.3
43775.0,9200.0,541.8
43800.0,9200.0,543.2
43825.0,9200.0,544.4
43850.0,9200.0,545.6
43875.0,9200.0,546.6
43900.0,9200.0,547.4
43925.0,9200.0,548.1
43950.0,9200.0,548.7
43975.0,9200.0,549.1
44000.0,9200.0,549.3
44025.0,9200.0,549.4
44050.0,9200.0,549.4
44075.0,9200.0,549.2
44100.0,9200.0,548.9
44125.0,9200.0,548.4
44150.0,9200.0,547.9
44175.0,9200.0,547.3
44200.0,9200.0,546.6
44225.0,9200.0,545.9
44250.0,9200.0,545.2
44275.0,9200.0,544.6
44300.0,9200.0,544.0
44325.0,9200.0,543.5
44350.0,9200.0,543.1
44375.0,9200.0,542.9
44400.0,9200.0,542.7
44425.0,9200.0,542.7
44450.0,9200.0,542.7
44475.0,9200.0,542.9
44500.0,9200.0,543.0
44525.0,9200.0,543.2
44550.0,9200.0,543.4
44575.0,9200.0,543.5
44600.0,9200.0,543.5
44625.0,9200.0,543.5
44650.0,9200.0,543.4
44675.0,9200.0,543.1
44700.0,9200.0,542.8
44725.0,9200.0,542.4
44750.0,9200.0,541.9
44775.0,9200.0,541.4
44800.0,9200.0,540.9
44825.0,9200.0,540.4
44850.0,9200.0,539.9
44875.0,9200.0,539.5
44900.0,9200.0,539.0
44925.0,9200.0,538.5
44950.0,9200.0,538.1
44975.0,9200.0,537.6
45000.0,9200.0,537.1
45025.0,9200.0,536.5
45050.0,9200.0,535.8
45075.0,9200.0,535.0
45100.0,9200.0,534.1
45125.0,9200.0,533.1
45150.0,9200.0,531.9
45175.0,9200.0,530.7
45200.0,9200.0,529.5
45225.0,9200.0,528.2
45250.0,9200.0,526.9
45275.0,9200.0,525.6
45300.0,9200.0,524.4
45325.0,9200.0,523.3
45350.0,9200.0,522.4
45375.0,9200.0,521.5
45400.0,9200.0,520.9
45425.0,9200.0,520.3
45450.0,9200.0,519.9
45475.0,9200.0,519.7
45500.0,9200.0,519.6
45525.0,9200.0,519.6
45550.0,9200.0,519.7
45575.0,9200.0,519.8
45600.0,9200.0,520.1
45625.0,9200.0,520.4
45650.0,9200.0,520.7
45675.0,9200.0,521.1
45700.0,9200.0,521.5
45725.0,9200.0,522.0
45750.0,9200.0,522.4
45775.0,9200.0,522.9
45800.0,9200.0,523.3
45825.0,9200.0,523.7
45850.0,9200.0,524.0
45875.0,9200.0,524.3
45900.0,9200.0,524.5
45925.0,9200.0,524.6
45950.0,9200.0,524.6
45975.0,9200.0,524.5
46000.0,9200.0,524.4
46025.0,9200.0,524.1
46050.0,9200.0,523.8
46075.0,9200.0,523.4
46100.0,9200.0,523.0
46125.0,9200.0,522.6
46150.0,9200.0,522.2
46175.0,9200.0,521.8
46200.0,9200.0,521.4
46225.0,9200.0,521.1
46250.0,9200.0,520.7
46275.0,9200.0,520.4
46300.0,9200.0,520.2
46325.0,9200.0,519.9
46350.0,9200.0,519.7
46375.0,9200.0,519.5
46400.0,9200.0,519.3
46425.0,9200.0,519.2
46450.0,9200.0,519.1
46475.0,9200.0,519.1
46500.0,9200.0,519.1
43500.0,9225.0,527.6
43525.0,9225.0,528.4
43550.0,9225.0,529.4
43575.0,9225.0,530.6
43600.0,9225.0,531.8
43625.0,9225.0,533.2
43650.0,9225.0,534.6
43675.0,9225.0,536.1
43700.0,9225.0,537.7
43725.0,9225.0,539.2
43750.0,9225.0,540.7
43775.0,9225.0,542.1
43800.0,9225.0,543.4
43825.0,9225.0,544.6
43850.0,9225.0,545.7
43875.0,9225.0,546.6
43900.0,9225.0,547.4
43925.0,9225.0,548.0
43950.0,9225.0,548.5
43975.0,9225.0,548.8
44000.0,9225.0,548.9
44025.0,9225.0,548.9
44050.0,9225.0,548.7
44075.0,9225.0,548.4
44100.0,9225.0,547.9
44125.0,9225.0,547.4
44150.0,9225.0,546.7
44175.0,9225.0,546.0
44200.0,9225.0,545.3
44225.0,9225.0,544.6
44250.0,9225.0,543.9
44275.0,9225.0,543.3
44300.0,9225.0,542.8
44325.0,9225.0,542.4
44350.0,9225.0,542.1
44375.0,9225.0,542.0
44400.0,9225.0,542.0
44425.0,9225.0,542.1
44450.0,9225.0,542.3
44475.0,9225.0,542.5
44500.0,9225.0,542.8
44525.0,9225.0,543.0
44550.0,9225.0,543.2
44575.0,9225.0,543.4
44600.0,9225.0,543.4
44625.0,9225.0,543.3
44650.0,9225.0,543.1
44675.0,9225.0,542.8
44700.0,9225.0,542.4
44725.0,9225.0,542.0
44750.0,9225.0,541.4
44775.0,9225.0,540.9
44800.0,9225.0,540.4
44825.0,9225.0,539.9
44850.0,9225.0,539.4
44875.0,9225.0,538.9
44900.0,9225.0,538.5
44925.0,9225.0,538.1
44950.0,9225.0,537.7
44975.0,9225.0,537.3
45000.0,9225.0,536.8
45025.0,9225.0,536.3
45050.0,9225.0,535.7
45075.0,9225.0,534.9
45100.0,9225.0,534.1
45125.0,9225.0,533.1
45150.0,9225.0,532.0
45175.0,9225.0,530.8
45200.0,9225.0,529.6
45225.0,9225.0,528.4
45250.0,9225.0,527.2
45275.0,9225.0,526.0
45300.0,9225.0,524.9
45325.0,9225.0,523.9
45350.0,9225.0,523.0
45375.0,9225.0,522.3
45400.0,9225.0,521.7
45425.0,9225.0,521.2
45450.0,9225.0,520.9
45475.0,9225.0,520.7
45500.0,9225.0,520.7
45525.0,9225.0,520.7
45550.0,9225.0,520.8
45575.0,9225.0,521.0
45600.0,9225.0,521.2
45625.0,9225.0,521.5
45650.0,9225.0,521.8
45675.0,9225.0,522.1
45700.0,9225.0,522.5
45725.0,9225.0,522.8
45750.0,9225.0,523.2
45775.0,9225.0,523.6
45800.0,9225.0,523.9
45825.0,9225.0,524.2
45850.0,9225.0,524.5
45875.0,9225.0,524.7
45900.0,9225.0,524.8
45925.0,9225.0,524.9
45950.0,9225.0,524.9
45975.0,9225.0,524.8
46000.0,9225.0,524.6
46025.0,9225.0,524.3
46050.0,9225.0,524.0
46075.0,9225.0,523.6
46100.0,9225.0,523.2
46125.0,9225.0,522.8
46150.0,9225.0,522.4
46175.0,9225.0,522.0
46200.0,9225.0,521.6
46225.0,9225.0,521.2
46250.0,9225.0,520.9
46275.0,9225.0,520.7
46300.0,9225.0,520.4
46325.0,9225.0,520.2
46350.0,9225.0,520.0
46375.0,9225.0,519.9
46400.0,9225.0,519.8
46425.0,9225.0,519.8
46450.0,9225.0,519.8
46475.0,9225.0,519.9
46500.0,9225.0,520.1
43500.0,9250.0,528.2
43525.0,9250.0,529.1
43550.0,9250.0,530.1
43575.0,9250.0,531.2
43600.0,9250.0,532.4
43625.0,9250.0,533.8
43650.0,9250.0,535.2
43675.0,9250.0,536.7
43700.0,9250.0,538.1
43725.0,9250.0,539.6
43750.0,9250.0,541.0
43775.0,9250.0,542.4
43800.0,9250.0,543.6
43825.0,9250.0,544.7
43850.0,9250.0,545.7
43875.0,9250.0,546.6
43900.0,9250.0,547.3
43925.0,9250.0,547.8
43950.0,9250.0,548.1
43975.0,9250.0,548.3
44000.0,9250.0,548.3
44025.0,9250.0,548.1
44050.0,9250.0,547.8
44075.0,9250.0,547.3
44100.0,9250.0,546.8
44125.0,9250.0,546.1
44150.0,9250.0,545.4
44175.0,9250.0,544.6
44200.0,9250.0,543.8
44225.0,9250.0,543.1
44250.0,9250.0,542.5
44275.0,9250.0,541.9
44300.0,9250.0,541.5
44325.0,9250.0,541.3
44350.0,9250.0,541.1
44375.0,9250.0,541.1
44400.0,9250.0,541.3
44425.0,9250.0,541.5
44450.0,9250.0,541.8
44475.0,9250.0,542.2
44500.0,9250.0,542.5
44525.0,9250.0,542.8
44550.0,9250.0,543.0
44575.0,9250.0,543.1
44600.0,9250.0,543.1
44625.0,9250.0,542.9
44650.0,9250.0,542.7
44675.0,9250.0,542.3
44700.0,9250.0,541.8
44725.0,9250.0,541.3
44750.0,9250.0,540.8
44775.0,9250.0,540.2
44800.0,9250.0,539.7
44825.0,9250.0,539.2
44850.0,9250.0,538.7
44875.0,9250.0,538.4
44900.0,9250.0,538.0
44925.0,9250.0,537.7
44950.0,9250.0,537.4
44975.0,9250.0,537.0
45000.0,9250.0,536.6
45025.0,9250.0,536.1
45050.0,9250.0,535.6
45075.0,9250.0,534.9
45100.0,9250.0,534.1
45125.0,9250.0,533.1
45150.0,9250.0,532.1
45175.0,9250.0,531.0
45200.0,9250.0,529.8
45225.0,9250.0,528.7
45250.0,9250.0,527.5
45275.0,9250.0,526.4
45300.0,9250.0,525.4
45325.0,9250.0,524.5
45350.0,9250.0,523.8
45375.0,9250.0,523.1
45400.0,9250.0,522.6
45425.0,9250.0,522.3
45450.0,9250.0,522.0
45475.0,9250.0,521.9
45500.0,9250.0,521.8
45525.0,9250.0,521.9
45550.0,9250.0,522.0
45575.0,9250.0,522.1
45600.0,9250.0,522.3
45625.0,9250.0,522.5
45650.0,9250.0,522.8
45675.0,9250.0,523.0
45700.0,9250.0,523.3
45725.0,9250.0,523.6
45750.0,9250.0,523.9
45775.0,9250.0,524.2
45800.0,9250.0,524.5
45825.0,9250.0,524.7
45850.0,9250.0,524.9
45875.0,9250.0,525.1
45900.0,9250.0,525.2
45925.0,9250.0,525.2
45950.0,9250.0,525.1
45975.0,9250.0,525.0
46000.0,9250.0,524.8
46025.0,9250.0,524.5
46050.0,9250.0,524.1
46075.0,9250.0,523.7
46100.0,9250.0,523.3
46125.0,9250.0,522.9
46150.0,9250.0,522.5
46175.0,9250.0,522.1
46200.0,9250.0,521.7
46225.0,9250.0,521.4
46250.0,9250.0,521.1
46275.0,9250.0,520.8
46300.0,9250.0,520.6
46325.0,9250.0,520.5
46350.0,9250.0,520.4
46375.0,9250.0,520.3
46400.0,9250.0,520.3
46425.0,9250.0,520.4
46450.0,9250.0,520.6
46475.0,9250.0,520.8
46500.0,9250.0,521.1
43500.0,9275.0,528.9
43525.0,9275.0,529.8
43550.0,9275.0,530.8
43575.0,9275.0,531.9
43600.0,9275.0,533.1
43625.0,9275.0,534.4
43650.0,9275.0,535.8
43675.0,9275.0,537.2
43700.0,9275.0,538.6
43725.0,9275.0,540.0
43750.0,9275.0,541.4
43775.0,9275.0,542.6
43800.0,9275.0,543.8
43825.0,9275.0,544.8
43850.0,9275.0,545.7
43875.0,9275.0,546.4
43900.0,9275.0,547.0
43925.0,9275.0,547.4
43950.0,9275.0,547.6
43975.0,9275.0,547.6
44000.0,9275.0,547.5
44025.0,9275.0,547.2
44050.0,9275.0,546.7
44075.0,9275.0,546.1
44100.0,9275.0,545.4
44125.0,9275.0,544.6
44150.0,9275.0,543.8
44175.0,9275.0,543.0
44200.0,9275.0,542.3
44225.0,9275.0,541.6
44250.0,9275.0,541.0
44275.0,9275.0,540.5
44300.0,9275.0,540.2
44325.0,9275.0,540.1
44350.0,9275.0,540.1
44375.0,9275.0,540.3
44400.0,9275.0,540.6
44425.0,9275.0,540.9
44450.0,9275.0,541.3
44475.0,9275.0,541.7
44500.0,9275.0,542.1
44525.0,9275.0,542.4
44550.0,9275.0,542.6
44575.0,9275.0,542.7
44600.0,9275.0,542.6
44625.0,9275.0,542.4
44650.0,9275.0,542.1
44675.0,9275.0,541.6
44700.0,9275.0,541.1
44725.0,9275.0,540.5
44750.0,9275.0,540.0
44775.0,9275.0,539.4
44800.0,9275.0,538.9
44825.0,9275.0,538.5
44850.0,9275.0,538.1
44875.0,9275.0,537.8
44900.0,9275.0,537.5
44925.0,9275.0,537.2
44950.0,9275.0,537.0
44975.0,9275.0,536.7
45000.0,9275.0,536.4
45025.0,9275.0,536.0
45050.0,9275.0,535.5
45075.0,9275.0,534.8
45100.0,9275.0,534.1
45125.0,9275.0,533.2
45150.0,9275.0,532.2
45175.0,9275.0,531.2
45200.0,9275.0,530.1
45225.0,9275.0,529.0
45250.0,9275.0,527.9
45275.0,9275.0,527.0
45300.0,9275.0,526.1
45325.0,9275.0,525.3
45350.0,9275.0,524.6
45375.0,9275.0,524.1
45400.0,9275.0,523.7
45425.0,9275.0,523.4
45450.0,9275.0,523.2
45475.0,9275.0,523.1
45500.0,9275.0,523.0
45525.0,9275.0,523.1
45550.0,9275.0,523.1
45575.0,9275.0,523.2
45600.0,9275.0,523.4
45625.0,9275.0,523.5
45650.0,9275.0,523.7
45675.0,9275.0,523.9
45700.0,9275.0,524.1
45725.0,9275.0,524.3
45750.0,9275.0,524.6
45775.0,9275.0,524.8
45800.0,9275.0,525.0
45825.0,9275.0,525.2
45850.0,9275.0,525.3
45875.0,9275.0,525.4
45900.0,9275.0,525.5
45925.0,9275.0,525.5
45950.0,9275.0,525.3
45975.0,9275.0,525.2
46000.0,9275.0,524.9
46025.0,9275.0,524.6
46050.0,9275.0,524.2
46075.0,9275.0,523.8
46100.0,9275.0,523.4
46125.0,9275.0,522.9
46150.0,9275.0,522.5
46175.0,9275.0,522.1
46200.0,9275.0,521.8
46225.0,9275.0,521.5
46250.0,9275.0,521.2
46275.0,9275.0,521.0
46300.0,9275.0,520.8
46325.0,9275.0,520.8
46350.0,9275.0,520.7
46375.0,9275.0,520.8
46400.0,9275.0,520.9
46425.0,9275.0,521.1
46450.0,9275.0,521.3
46475.0,9275.0,521.7
46500.0,9275.0,522.1
43500.0,9300.0,529.7
43525.0,9300.0,530.5
43550.0,9300.0,531.5
43575.0,9300.0,532.6
43600.0,9300.0,533.8
43625.0,9300.0,535.1
43650.0,9300.0,536.4
43675.0,9300.0,537.7
43700.0,9300.0,539.1
43725.0,9300.0,540.4
43750.0,9300.0,541.6
43775.0,9300.0,542.8
43800.0,9300.0,543.9
43825.0,9300.0,544.8
43850.0,9300.0,545.5
43875.0,9300.0,546.2
43900.0,9300.0,546.6
43925.0,9300.0,546.8
43950.0,9300.0,546.9
43975.0,9300.0,546.7
44000.0,9300.0,546.4
44025.0,9300.0,546.0
44050.0,9300.0,545.4
44075.0,9300.0,544.7
44100.0,9300.0,543.9
44125.0,9300.0,543.0
44150.0,9300.0,542.2
44175.0,9300.0,541.4
44200.0,9300.0,540.6
44225.0,9300.0,540.0
44250.0,9300.0,539.5
44275.0,9300.0,539.2
44300.0,9300.0,539.0
44325.0,9300.0,539.0
44350.0,9300.0,539.1
44375.0,9300.0,539.4
44400.0,9300.0,539.8
44425.0,9300.0,540.3
44450.0,9300.0,540.8
44475.0,9300.0,541.2
44500.0,9300.0,541.6
44525.0,9300.0,541.9
44550.0,9300.0,542.1
44575.0,9300.0,542.1
44600.0,9300.0,542.0
44625.0,9300.0,541.7
44650.0,9300.0,541.3
44675.0,9300.0,540.8
44700.0,9300.0,540.2
44725.0,9300.0,539.6
44750.0,9300.0,539.1
44775.0,9300.0,538.5
44800.0,9300.0,538.1
44825.0,9300.0,537.7
44850.0,9300.0,537.4
44875.0,9300.0,537.2
44900.0,9300.0,537.0
44925.0,9300.0,536.8
44950.0,9300.0,536.7
44975.0,9300.0,536.5
45000.0,9300.0,536.2
45025.0,9300.0,535.8
45050.0,9300.0,535.4
45075.0,9300.0,534.8
45100.0,9300.0,534.1
45125.0,9300.0,533.2
45150.0,9300.0,532.3
45175.0,9300.0,531.4
45200.0,9300.0,530.4
45225.0,9300.0,529.4
45250.0,9300.0,528.4
45275.0,9300.0,527.5
45300.0,9300.0,526.7
45325.0,9300.0,526.1
45350.0,9300.0,525.5
45375.0,9300.0,525.1
45400.0,9300.0,524.7
45425.0,9300.0,524.5
45450.0,9300.0,524.3
45475.0,9300.0,524.3
45500.0,9300.0,524.2
45525.0,9300.0,524.2
45550.0,9300.0,524.3
45575.0,9300.0,524.3
45600.0,9300.0,524.4
45625.0,9300.0,524.5
45650.0,9300.0,524.6
45675.0,9300.0,524.7
45700.0,9300.0,524.8
45725.0,9300.0,525.0
45750.0,9300.0,525.2
45775.0,9300.0,525.3
45800.0,9300.0,525.5
45825.0,9300.0,525.6
45850.0,9300.0,525.7
45875.0,9300.0,525.8
45900.0,9300.0,525.8
45925.0,9300.0,525.7
45950.0,9300.0,525.5
45975.0,9300.0,525.3
46000.0,9300.0,525.0
46025.0,9300.0,524.7
46050.0,9300.0,524.2
46075.0,9300.0,523.8
46100.0,9300.0,523.4
46125.0,9300.0,522.9
46150.0,9300.0,522.5
46175.0,9300.0,522.1
46200.0,9300.0,521.8
46225.0,9300.0,521.5
46250.0,9300.0,521.3
46275.0,9300.0,521.1
46300.0,9300.0,521.0
46325.0,9300.0,521.0
46350.0,9300.0,521.1
46375.0,9300.0,521.2
46400.0,9300.0,521.4
46425.0,9300.0,521.7
46450.0,9300.0,522.1
46475.0,9300.0,522.6
46500.0,9300.0,523.1
43500.0,9325.0,530.5
43525.0,9325.0,531.4
43550.0,9325.0,532.3
43575.0,9325.0,533.4
43600.0,9325.0,534.5
43625.0,9325.0,535.7
43650.0,9325.0,537.0
43675.0,9325.0,538.2
43700.0,9325.0,539.5
43725.0,9325.0,540.7
43750.0,9325.0,541.8
43775.0,9325.0,542.9
43800.0,9325.0,543.8
43825.0,9325.0,544.6
43850.0,9325.0,545.2
43875.0,9325.0,545.7
43900.0,9325.0,546.0
43925.0,9325.0,546.1
43950.0,9325.0,546.0
43975.0,9325.0,545.7
44000.0,9325.0,545.2
44025.0,9325.0,544.6
44050.0,9325.0,543.9
44075.0,9325.0,543.1
44100.0,9325.0,542.2
44125.0,9325.0,541.3
44150.0,9325.0,540.5
44175.0,9325.0,539.7
44200.0,9325.0,539.0
44225.0,9325.0,538.4
44250.0,9325.0,538.0
44275.0,9325.0,537.8
44300.0,9325.0,537.8
44325.0,9325.0,537.9
44350.0,9325.0,538.2
44375.0,9325.0,538.6
44400.0,9325.0,539.1
44425.0,9325.0,539.7
44450.0,9325.0,540.2
44475.0,9325.0,540.7
44500.0,9325.0,541.0
44525.0,9325.0,541.3
44550.0,9325.0,541.4
44575.0,9325.0,541.4
44600.0,9325.0,541.2
44625.0,9325.0,540.8
44650.0,9325.0,540.4
44675.0,9325.0,539.8
44700.0,9325.0,539.2
44725.0,9325.0,538.7
44750.0,9325.0,538.1
44775.0,9325.0,537.6
44800.0,9325.0,537.2
44825.0,9325.0,536.9
44850.0,9325.0,536.7
44875.0,9325.0,536.6
44900.0,9325.0,536.5
44925.0,9325.0,536.4
44950.0,9325.0,536.4
44975.0,9325.0,536.2
45000.0,9325.0,536.0
45025.0,9325.0,535.7
45050.0,9325.0,535.3
45075.0,9325.0,534.8
45100.0,9325.0,534.1
45125.0,9325.0,533.3
45150.0,9325.0,532.5
45175.0,9325.0,531.6
45200.0,9325.0,530.7
45225.0,9325.0,529.8
45250.0,9325.0,528.9
45275.0,9325.0,528.2
45300.0,9325.0,527.5
45325.0,9325.0,526.9
45350.0,9325.0,526.5
45375.0,9325.0,526.1
45400.0,9325.0,525.8
45425.0,9325.0,525.6
45450.0,9325.0,525.5
45475.0,9325.0,525.4
45500.0,9325.0,525.4
45525.0,9325.0,525.4
45550.0,9325.0,525.3
45575.0,9325.0,525.3
45600.0,9325.0,525.3
45625.0,9325.0,525.4
45650.0,9325.0,525.4
45675.0,9325.0,525.4
45700.0,9325.0,525.5
45725.0,9325.0,525.6
45750.0,9325.0,525.7
45775.0,9325.0,525.8
45800.0,9325.0,525.9
45825.0,9325.0,526.0
45850.0,9325.0,526.0
45875.0,9325.0,526.0
45900.0,9325.0,526.0
45925.0,9325.0,525.8
45950.0,9325.0,525.6
45975.0,9325.0,525.4
46000.0,9325.0,525.0
46025.0,9325.0,524.6
46050.0,9325.0,524.2
46075.0,9325.0,523.7
46100.0,9325.0,523.3
46125.0,9325.0,522.8
46150.0,9325.0,522.4
46175.0,9325.0,522.0
46200.0,9325.0,521.7
46225.0,9325.0,521.5
46250.0,9325.0,521.3
46275.0,9325.0,521.2
46300.0,9325.0,521.2
46325.0,9325.0,521.3
46350.0,9325.0,521.5
46375.0,9325.0,521.7
46400.0,9325.0,522.0
46425.0,9325.0,522.4
46450.0,9325.0,522.9
46475.0,9325.0,523.5
46500.0,9325.0,524.1
43500.0,9350.0,531.4
43525.0,9350.0,532.2
43550.0,9350.0,533.1
43575.0,9350.0,534.1
43600.0,9350.0,535.2
43625.0,9350.0,536.3
43650.0,9350.0,537.5
43675.0,9350.0,538.7
43700.0,9350.0,539.8
43725.0,9350.0,540.9
43750.0,9350.0,541.9
43775.0,9350.0,542.9
43800.0,9350.0,543.7
43825.0,9350.0,544.3
43850.0,9350.0,544.8
43875.0,9350.0,545.1
43900.0,9350.0,545.2
43925.0,9350.0,545.1
43950.0,9350.0,544.9
43975.0,9350.0,544.5
44000.0,9350.0,543.9
44025.0,9350.0,543.1
44050.0,9350.0,542.3
44075.0,9350.0,541.4
44100.0,9350.0,540.5
44125.0,9350.0,539.6
44150.0,9350.0,538.7
44175.0,9350.0,538.0
44200.0,9350.0,537.4
44225.0,9350.0,536.9
44250.0,9350.0,536.6
44275.0,9350.0,536.6
44300.0,9350.0,536.7
44325.0,9350.0,536.9
44350.0,9350.0,537.3
44375.0,9350.0,537.8
44400.0,9350.0,538.4
44425.0,9350.0,539.0
44450.0,9350.0,539.6
44475.0,9350.0,540.0
44500.0,9350.0,540.4
44525.0,9350.0,540.6
44550.0,9350.0,540.6
44575.0,9350.0,540.5
44600.0,9350.0,540.2
44625.0,9350.0,539.8
44650.0,9350.0,539.3
44675.0,9350.0,538.8
44700.0,9350.0,538.2
44725.0,9350.0,537.7
44750.0,9350.0,537.2
44775.0,9350.0,536.8
44800.0,9350.0,536.4
44825.0,9350.0,536.2
44850.0,9350.0,536.1
44875.0,9350.0,536.1
44900.0,9350.0,536.1
44925.0,9350.0,536.1
44950.0,9350.0,536.1
44975.0,9350.0,536.0
45000.0,9350.0,535.9
45025.0,9350.0,535.6
45050.0,9350.0,535.3
45075.0,9350.0,534.8
45100.0,9350.0,534.1
45125.0,9350.0,533.4
45150.0,9350.0,532.7
45175.0,9350.0,531.9
45200.0,9350.0,531.0
45225.0,9350.0,530.3
45250.0,9350.0,529.5
45275.0,9350.0,528.9
45300.0,9350.0,528.3
45325.0,9350.0,527.8
45350.0,9350.0,527.4
45375.0,9350.0,527.1
45400.0,9350.0,526.9
45425.0,9350.0,526.8
45450.0,9350.0,526.6
45475.0,9350.0,526.6
45500.0,9350.0,526.5
45525.0,9350.0,526.4
45550.0,9350.0,526.3
45575.0,9350.0,526.3
45600.0,9350.0,526.2
45625.0,9350.0,526.1
45650.0,9350.0,526.1
45675.0,9350.0,526.1
45700.0,9350.0,526.1
45725.0,9350.0,526.1
45750.0,9350.0,526.1
45775.0,9350.0,526.2
45800.0,9350.0,526.3
45825.0,9350.0,526.3
45850.0,9350.0,526.3
45875.0,9350.0,526.2
45900.0,9350.0,526.1
45925.0,9350.0,525.9
45950.0,9350.0,525.7
45975.0,9350.0,525.4
46000.0,9350.0,525.0
46025.0,9350.0,524.5
46050.0,9350.0,524.1
46075.0,9350.0,523.6
46100.0,9350.0,523.1
46125.0,9350.0,522.6
46150.0,9350.0,522.2
46175.0,9350.0,521.9
46200.0,9350.0,521.6
46225.0,9350.0,521.4
46250.0,9350.0,521.3
46275.0,9350.0,521.3
46300.0,9350.0,521.4
46325.0,9350.0,521.6
46350.0,9350.0,521.8
46375.0,9350.0,522.2
46400.0,9350.0,522.6
46425.0,9350.0,523.1
46450.0,9350.0,523.7
46475.0,9350.0,524.3
46500.0,9350.0,525.0
43500.0,9375.0,532.2
43525.0,9375.0,533.0
43550.0,9375.0,533.9
43575.0,9375.0,534.8
43600.0,9375.0,535.8
43625.0,9375.0,536.9
43650.0,9375.0,537.9
43675.0,9375.0,539.0
43700.0,9375.0,540.0
43725.0,9375.0,541.0
43750.0,9375.0,541.9
43775.0,9375.0,542.7
43800.0,9375.0,543.4
43825.0,9375.0,543.9
43850.0,9375.0,544.2
43875.0,9375.0,544.3
43900.0,9375.0,544.3
43925.0,9375.0,544.1
43950.0,9375.0,543.7
43975.0,9375.0,543.1
44000.0,9375.0,542.4
44025.0,9375.0,541.6
44050.0,9375.0,540.7
44075.0,9375.0,539.7
44100.0,9375.0,538.8
44125.0,9375.0,537.9
44150.0,9375.0,537.1
44175.0,9375.0,536.4
44200.0,9375.0,535.9
44225.0,9375.0,535.5
44250.0,9375.0,535.4
44275.0,9375.0,535.4
44300.0,9375.0,535.6
44325.0,9375.0,536.0
44350.0,9375.0,536.5
44375.0,9375.0,537.1
44400.0,9375.0,537.7
44425.0,9375.0,538.3
44450.0,9375.0,538.9
44475.0,9375.0,539.3
44500.0,9375.0,539.6
44525.0,9375.0,539.8
44550.0,9375.0,539.8
44575.0,9375.0,539.6
44600.0,9375.0,539.2
44625.0,9375.0,538.8
44650.0,9375.0,538.3
44675.0,9375.0,537.7
44700.0,9375.0,537.2
44725.0,9375.0,536.7
44750.0,9375.0,536.3
44775.0,9375.0,535.9
44800.0,9375.0,535.7
44825.0,9375.0,535.6
44850.0,9375.0,535.6
44875.0,9375.0,535.7
44900.0,9375.0,535.7
44925.0,9375.0,535.8
44950.0,9375.0,535.9
44975.0,9375.0,535.9
45000.0,9375.0,535.8
45025.0,9375.0,535.6
45050.0,9375.0,535.3
45075.0,9375.0,534.8
45100.0,9375.0,534.2
45125.0,9375.0,533.6
45150.0,9375.0,532.9
45175.0,9375.0,532.2
45200.0,9375.0,531.5
45225.0,9375.0,530.8
45250.0,9375.0,530.1
45275.0,9375.0,529.6
45300.0,9375.0,529.1
45325.0,9375.0,528.7
45350.0,9375.0,528.4
45375.0,9375.0,528.2
45400.0,9375.0,528.0
45425.0,9375.0,527.9
45450.0,9375.0,527.7
45475.0,9375.0,527.6
45500.0,9375.0,527.5
45525.0,9375.0,527.3
45550.0,9375.0,527.2
45575.0,9375.0,527.1
45600.0,9375.0,526.9
45625.0,9375.0,526.8
45650.0,9375.0,526.7
45675.0,9375.0,526.6
45700.0,9375.0,526.6
45725.0,9375.0,526.6
45750.0,9375.0,526.5
45775.0,9375.0,526.6
45800.0,9375.0,526.6
45825.0,9375.0,526.5
45850.0,9375.0,526.5
45875.0,9375.0,526.4
45900.0,9375.0,526.2
45925.0,9375.0,526.0
45950.0,9375.0,525.6
45975.0,9375.0,525.3
46000.0,9375.0,524.8
46025.0,9375.0,524.3
46050.0,9375.0,523.8
46075.0,9375.0,523.3
46100.0,9375.0,522.8
46125.0,9375.0,522.4
46150.0,9375.0,522.0
46175.0,9375.0,521.7
46200.0,9375.0,521.5
46225.0,9375.0,521.4
46250.0,9375.0,521.3
46275.0,9375.0,521.4
46300.0,9375.0,521.6
46325.0,9375.0,521.9
46350.0,9375.0,522.3
46375.0,9375.0,522.7
46400.0,9375.0,523.2
46425.0,9375.0,523.8
46450.0,9375.0,524.5
46475.0,9375.0,525.2
46500.0,9375.0,525.9
43500.0,9400.0,533.0
43525.0,9400.0,533.8
43550.0,9400.0,534.6
43575.0,9400.0,535.5
43600.0,9400.0,536.4
43625.0,9400.0,537.3
43650.0,9400.0,538.3
43675.0,9400.0,539.3
43700.0,9400.0,540.2
43725.0,9400.0,541.0
43750.0,9400.0,541.8
43775.0,9400.0,542.4
43800.0,9400.0,542.9
43825.0,9400.0,543.2
43850.0,9400.0,543.4
43875.0,9400.0,543.4
43900.0,9400.0,543.2
43925.0,9400.0,542.8
43950.0,9400.0,542.3
43975.0,9400.0,541.6
44000.0,9400.0,540.8
44025.0,9400.0,539.9
44050.0,9400.0,539.0
44075.0,9400.0,538.1
44100.0,9400.0,537.1
44125.0,9400.0,536.3
44150.0,9400.0,535.5
44175.0,9400.0,534.9
44200.0,9400.0,534.5
44225.0,9400.0,534.3
44250.0,9400.0,534.3
44275.0,9400.0,534.4
44300.0,9400.0,534.7
44325.0,9400.0,535.2
44350.0,9400.0,535.8
44375.0,9400.0,536.4
44400.0,9400.0,537.1
44425.0,9400.0,537.7
44450.0,9400.0,538.2
44475.0,9400.0,538.6
44500.0,9400.0,538.8
44525.0,9400.0,538.9
44550.0,9400.0,538.8
44575.0,9400.0,538.6
44600.0,9400.0,538.2
44625.0,9400.0,537.8
44650.0,9400.0,537.2
44675.0,9400.0,536.7
44700.0,9400.0,536.2
44725.0,9400.0,535.8
44750.0,9400.0,535.4
44775.0,9400.0,535.2
44800.0,9400.0,535.1
44825.0,9400.0,535.1
44850.0,9400.0,535.2
44875.0,9400.0,535.3
44900.0,9400.0,535.5
44925.0,9400.0,535.7
44950.0,9400.0,535.8
44975.0,9400.0,535.8
45000.0,9400.0,535.8
45025.0,9400.0,535.6
45050.0,9400.0,535.3
45075.0,9400.0,534.9
45100.0,9400.0,534.4
45125.0,9400.0,533.8
45150.0,9400.0,533.2
45175.0,9400.0,532.6
45200.0,9400.0,531.9
45225.0,9400.0,531.3
45250.0,9400.0,530.8
45275.0,9400.0,530.4
45300.0,9400.0,530.0
45325.0,9400.0,529.7
45350.0,9400.0,529.4
45375.0,9400.0,529.2
45400.0,9400.0,529.0
45425.0,9400.0,528.9
45450.0,9400.0,528.7
45475.0,9400.0,528.6
45500.0,9400.0,528.4
45525.0,9400.0,528.2
45550.0,9400.0,528.0
45575.0,9400.0,527.8
45600.0,9400.0,527.6
45625.0,9400.0,527.4
45650.0,9400.0,527.2
45675.0,9400.0,527.1
45700.0,9400.0,527.0
45725.0,9400.0,526.9
45750.0,9400.0,526.9
45775.0,9400.0,526.8
45800.0,9400.0,526.8
45825.0,9400.0,526.7
45850.0,9400.0,526.6
45875.0,9400.0,526.4
45900.0,9400.0,526.2
45925.0,9400.0,525.9
45950.0,9400.0,525.5
45975.0,9400.0,525.0
46000.0,9400.0,524.6
46025.0,9400.0,524.0
46050.0,9400.0,523.5
46075.0,9400.0,523.0
46100.0,9400.0,522.5
46125.0,9400.0,522.1
46150.0,9400.0,521.7
46175.0,9400.0,521.5
46200.0,9400.0,521.4
46225.0,9400.0,521.3
46250.0,9400.0,521.4
46275.0,9400.0,521.6
46300.0,9400.0,521.9
46325.0,9400.0,522.2
46350.0,9400.0,522.7
46375.0,9400.0,523.3
46400.0,9400.0,523.9
46425.0,9400.0,524.5
46450.0,9400.0,525.2
46475.0,9400.0,525.9
46500.0,9400.0,526.6
43500.0,9425.0,533.8
43525.0,9425.0,534.5
43550.0,9425.0,535.2
43575.0,9425.0,536.0
43600.0,9425.0,536.8
43625.0,9425.0,537.7
43650.0,9425.0,538.6
43675.0,9425.0,539.4
43700.0,9425.0,540.2
43725.0,9425.0,540.9
43750.0,9425.0,541.5
43775.0,9425.0,542.0
43800.0,9425.0,542.3
43825.0,9425.0,542.5
43850.0,9425.0,542.5
43875.0,9425.0,542.4
43900.0,9425.0,542.0
43925.0,9425.0,541.6
43950.0,9425.0,540.9
43975.0,9425.0,540.2
44000.0,9425.0,539.3
44025.0,9425.0,538.4
44050.0,9425.0,537.4
44075.0,9425.0,536.5
44100.0,9425.0,535.6
44125.0,9425.0,534.8
44150.0,9425.0,534.1
44175.0,9425.0,533.6
44200.0,9425.0,533.3
44225.0,9425.0,533.2
44250.0,9425.0,533.3
44275.0,9425.0,533.6
44300.0,9425.0,534.0
44325.0,9425.0,534.5
44350.0,9425.0,535.1
44375.0,9425.0,535.8
44400.0,9425.0,536.4
44425.0,9425.0,537.0
44450.0,9425.0,537.5
44475.0,9425.0,537.8
44500.0,9425.0,538.0
44525.0,9425.0,538.0
44550.0,9425.0,537.9
44575.0,9425.0,537.6
44600.0,9425.0,537.2
44625.0,9425.0,536.8
44650.0,9425.0,536.3
44675.0,9425.0,535.8
44700.0,9425.0,535.3
44725.0,9425.0,535.0
44750.0,9425.0,534.8
44775.0,9425.0,534.6
44800.0,9425.0,534.6
44825.0,9425.0,534.7
44850.0,9425.0,534.9
44875.0,9425.0,535.2
44900.0,9425.0,535.4
44925.0,9425.0,535.6
44950.0,9425.0,535.8
44975.0,9425.0,535.9
45000.0,9425.0,535.8
45025.0,9425.0,535.7
45050.0,9425.0,535.4
45075.0,9425.0,535.1
45100.0,9425.0,534.6
45125.0,9425.0,534.1
45150.0,9425.0,533.6
45175.0,9425.0,533.0
45200.0,9425.0,532.5
45225.0,9425.0,532.0
45250.0,9425.0,531.5
45275.0,9425.0,531.2
45300.0,9425.0,530.8
45325.0,9425.0,530.6
45350.0,9425.0,530.4
45375.0,9425.0,530.2
45400.0,9425.0,530.0
45425.0,9425.0,529.8
45450.0,9425.0,529.6
45475.0,9425.0,529.4
45500.0,9425.0,529.2
45525.0,9425.0,528.9
45550.0,9425.0,528.7
45575.0,9425.0,528.4
45600.0,9425.0,528.2
45625.0,9425.0,527.9
45650.0,9425.0,527.7
45675.0,9425.0,527.5
45700.0,9425.0,527.4
45725.0,9425.0,527.3
45750.0,9425.0,527.2
45775.0,9425.0,527.1
45800.0,9425.0,526.9
45825.0,9425.0,526.8
45850.0,9425.0,526.6
45875.0,9425.0,526.4
45900.0,9425.0,526.0
45925.0,9425.0,525.7
45950.0,9425.0,525.2
45975.0,9425.0,524.7
46000.0,9425.0,524.2
46025.0,9425.0,523.6
46050.0,9425.0,523.1
46075.0,9425.0,522.6
46100.0,9425.0,522.1
46125.0,9425.0,521.8
46150.0,9425.0,521.5
46175.0,9425.0,521.3
46200.0,9425.0,521.3
46225.0,9425.0,521.3
46250.0,9425.0,521.5
46275.0,9425.0,521.8
46300.0,9425.0,522.2
46325.0,9425.0,522.6
46350.0,9425.0,523.2
46375.0,9425.0,523.8
46400.0,9425.0,524.5
46425.0,9425.0,525.2
46450.0,9425.0,525.9
46475.0,9425.0,526.6
46500.0,9425.0,527.3
43500.0,9450.0,534.5
43525.0,9450.0,535.1
43550.0,9450.0,535.7
43575.0,9450.0,536.5
43600.0,9450.0,537.2
43625.0,9450.0,537.9
43650.0,9450.0,538.7
43675.0,9450.0,539.4
43700.0,9450.0,540.0
43725.0,9450.0,540.6
43750.0,9450.0,541.1
43775.0,9450.0,541.4
43800.0,9450.0,541.6
43825.0,9450.0,541.6
43850.0,9450.0,541.5
43875.0,9450.0,541.2
43900.0,9450.0,540.8
43925.0,9450.0,540.2
43950.0,9450.0,539.5
43975.0,9450.0,538.7
44000.0,9450.0,537.8
44025.0,9450.0,536.9
44050.0,9450.0,536.0
44075.0,9450.0,535.1
44100.0,9450.0,534.2
44125.0,9450.0,533.5
44150.0,9450.0,533.0
44175.0,9450.0,532.6
44200.0,9450.0,532.4
44225.0,9450.0,532.3
44250.0,9450.0,532.5
44275.0,9450.0,532.9
44300.0,9450.0,533.3
44325.0,9450.0,533.9
44350.0,9450.0,534.6
44375.0,9450.0,535.2
44400.0,9450.0,535.8
44425.0,9450.0,536.4
44450.0,9450.0,536.8
44475.0,9450.0,537.1
44500.0,9450.0,537.2
44525.0,9450.0,537.2
44550.0,9450.0,537.0
44575.0,9450.0,536.7
44600.0,9450.0,536.3
44625.0,9450.0,535.8
44650.0,9450.0,535.4
44675.0,9450.0,535.0
44700.0,9450.0,534.6
44725.0,9450.0,534.4
44750.0,9450.0,534.2
44775.0,9450.0,534.2
44800.0,9450.0,534.3
44825.0,9450.0,534.5
44850.0,9450.0,534.8
44875.0,9450.0,535.1
44900.0,9450.0,535.4
44925.0,9450.0,535.7
44950.0,9450.0,535.9
44975.0,9450.0,536.0
45000.0,9450.0,536.0
45025.0,9450.0,535.9
45050.0,9450.0,535.7
45075.0,9450.0,535.3
45100.0,9450.0,534.9
45125.0,9450.0,534.5
45150.0,9450.0,534.0
45175.0,9450.0,533.5
45200.0,9450.0,533.1
45225.0,9450.0,532.7
45250.0,9450.0,532.3
45275.0,9450.0,532.0
45300.0,9450.0,531.7
45325.0,9450.0,531.5
45350.0,9450.0,531.3
45375.0,9450.0,531.1
45400.0,9450.0,530.9
45425.0,9450.0,530.7
45450.0,9450.0,530.5
45475.0,9450.0,530.2
45500.0,9450.0,529.9
45525.0,9450.0,529.6
45550.0,9450.0,529.3
45575.0,9450.0,529.0
45600.0,9450.0,528.6
45625.0,9450.0,528.4
45650.0,9450.0,528.1
45675.0,9450.0,527.9
45700.0,9450.0,527.7
45725.0,9450.0,527.5
45750.0,9450.0,527.3
45775.0,9450.0,527.2
45800.0,9450.0,527.0
45825.0,9450.0,526.8
45850.0,9450.0,526.5
45875.0,9450.0,526.2
45900.0,9450.0,525.8
45925.0,9450.0,525.3
45950.0,9450.0,524.8
45975.0,9450.0,524.3
46000.0,9450.0,523.7
46025.0,9450.0,523.1
46050.0,9450.0,522.6
46075.0,9450.0,522.1
46100.0,9450.0,521.7
46125.0,9450.0,521.4
46150.0,9450.0,521.2
46175.0,9450.0,521.2
46200.0,9450.0,521.2
46225.0,9450.0,521.4
46250.0,9450.0,521.6
46275.0,9450.0,522.0
46300.0,9450.0,522.5
46325.0,9450.0,523.1
46350.0,9450.0,523.7
46375.0,9450.0,524.4
46400.0,9450.0,525.1
46425.0,9450.0,525.8
46450.0,9450.0,526.5
46475.0,9450.0,527.2
46500.0,9450.0,527.8
43500.0,9475.0,535.1
43525.0,9475.0,535.6
43550.0,9475.0,536.2
43575.0,9475.0,536.8
43600.0,9475.0,537.4
43625.0,9475.0,538.1
43650.0,9475.0,538.7
43675.0,9475.0,539.2
43700.0,9475.0,539.8
43725.0,9475.0,540.2
43750.0,9475.0,540.5
43775.0,9475.0,540.7
43800.0,9475.0,540.8
43825.0,9475.0,540.7
43850.0,9475.0,540.5
43875.0,9475.0,540.1
43900.0,9475.0,539.6
43925.0,9475.0,538.9
43950.0,9475.0,538.2
43975.0,9475.0,537.4
44000.0,9475.0,536.5
44025.0,9475.0,535.6
44050.0,9475.0,534.7
44075.0,9475.0,533.9
44100.0,9475.0,533.1
44125.0,9475.0,532.5
44150.0,9475.0,532.0
44175.0,9475.0,531.7
44200.0,9475.0,531.6
44225.0,9475.0,531.7
44250.0,9475.0,531.9
44275.0,9475.0,532.3
44300.0,9475.0,532.8
44325.0,9475.0,533.5
44350.0,9475.0,534.1
44375.0,9475.0,534.7
44400.0,9475.0,535.3
44425.0,9475.0,535.8
44450.0,9475.0,536.2
44475.0,9475.0,536.4
44500.0,9475.0,536.5
44525.0,9475.0,536.4
44550.0,9475.0,536.2
44575.0,9475.0,535.9
44600.0,9475.0,535.5
44625.0,9475.0,535.1
44650.0,9475.0,534.7
44675.0,9475.0,534.3
44700.0,9475.0,534.1
44725.0,9475.0,533.9
44750.0,9475.0,533.9
44775.0,9475.0,534.0
44800.0,9475.0,534.2
44825.0,9475.0,534.5
44850.0,9475.0,534.9
44875.0,9475.0,535.2
44900.0,9475.0,535.6
44925.0,9475.0,535.9
44950.0,9475.0,536.1
44975.0,9475.0,536.3
45000.0,9475.0,536.3
45025.0,9475.0,536.2
45050.0,9475.0,536.0
45075.0,9475.0,535.7
45100.0,9475.0,535.4
45125.0,9475.0,535.0
45150.0,9475.0,534.5
45175.0,9475.0,534.1
45200.0,9475.0,533.7
45225.0,9475.0,533.4
45250.0,9475.0,533.1
45275.0,9475.0,532.8
45300.0,9475.0,532.6
45325.0,9475.0,532.4
45350.0,9475.0,532.2
45375.0,9475.0,532.0
45400.0,9475.0,531.7
45425.0,9475.0,531.5
45450.0,9475.0,531.2
45475.0,9475.0,530.9
45500.0,9475.0,530.5
45525.0,9475.0,530.2
45550.0,9475.0,529.8
45575.0,9475.0,529.4
45600.0,9475.0,529.1
45625.0,9475.0,528.7
45650.0,9475.0,528.4
45675.0,9475.0,528.2
45700.0,9475.0,527.9
45725.0,9475.0,527.7
45750.0,9475.0,527.5
45775.0,9475.0,527.2
45800.0,9475.0,527.0
45825.0,9475.0,526.6
45850.0,9475.0,526.3
45875.0,9475.0,525.9
45900.0,9475.0,525.4
45925.0,9475.0,524.9
45950.0,9475.0,524.3
45975.0,9475.0,523.7
46000.0,9475.0,523.1
46025.0,9475.0,522.6
46050.0,9475.0,522.1
46075.0,9475.0,521.7
46100.0,9475.0,521.3
46125.0,9475.0,521.1
46150.0,9475.0,521.0
46175.0,9475.0,521.0
46200.0,9475.0,521.2
46225.0,9475.0,521.5
46250.0,9475.0,521.9
46275.0,9475.0,522.3
46300.0,9475.0,522.9
46325.0,9475.0,523.5
46350.0,9475.0,524.2
46375.0,9475.0,524.9
46400.0,9475.0,525.6
46425.0,9475.0,526.3
46450.0,9475.0,527.0
46475.0,9475.0,527.7
46500.0,9475.0,528.3
43500.0,9500.0,535.5
43525.0,9500.0,536.0
43550.0,9500.0,536.5
43575.0,9500.0,537.0
43600.0,9500.0,537.5
43625.0,9500.0,538.1
43650.0,9500.0,538.5
43675.0,9500.0,539.0
43700.0,9500.0,539.4
43725.0,9500.0,539.7
43750.0,9500.0,539.9
43775.0,9500.0,539.9
43800.0,9500.0,539.9
43825.0,9500.0,539.7
43850.0,9500.0,539.4
43875.0,9500.0,539.0
43900.0,9500.0,538.4
43925.0,9500.0,537.8
43950.0,9500.0,537.0
43975.0,9500.0,536.2
44000.0,9500.0,535.3
44025.0,9500.0,534.5
44050.0,9500.0,533.7
44075.0,9500.0,532.9
44100.0,9500.0,532.2
44125.0,9500.0,531.7
44150.0,9500.0,531.3
44175.0,9500.0,531.1
44200.0,9500.0,531.1
44225.0,9500.0,531.2
44250.0,9500.0,531.5
44275.0,9500.0,532.0
44300.0,9500.0,532.5
44325.0,9500.0,533.1
44350.0,9500.0,533.7
44375.0,9500.0,534.3
44400.0,9500.0,534.9
44425.0,9500.0,535.3
44450.0,9500.0,535.6
44475.0,9500.0,535.8
44500.0,9500.0,535.8
44525.0,9500.0,535.7
44550.0,9500.0,535.5
44575.0,9500.0,535.2
44600.0,9500.0,534.8
44625.0,9500.0,534.5
44650.0,9500.0,534.2
44675.0,9500.0,533.9
44700.0,9500.0,533.8
44725.0,9500.0,533.7
44750.0,9500.0,533.8
44775.0,9500.0,534.0
44800.0,9500.0,534.3
44825.0,9500.0,534.7
44850.0,9500.0,535.1
44875.0,9500.0,535.5
44900.0,9500.0,535.9
44925.0,9500.0,536.2
44950.0,9500.0,536.5
44975.0,9500.0,536.6
45000.0,9500.0,536.7
45025.0,9500.0,536.6
45050.0,9500.0,536.4
45075.0,9500.0,536.2
45100.0,9500.0,535.9
45125.0,9500.0,535.5
45150.0,9500.0,535.2
45175.0,9500.0,534.8
45200.0,9500.0,534.5
45225.0,9500.0,534.2
45250.0,9500.0,533.9
45275.0,9500.0,533.6
45300.0,9500.0,533.4
45325.0,9500.0,533.2
45350.0,9500.0,533.0
45375.0,9500.0,532.8
45400.0,9500.0,532.5
45425.0,9500.0,532.2
45450.0,9500.0,531.9
45475.0,9500.0,531.5
45500.0,9500.0,531.1
45525.0,9500.0,530.7
45550.0,9500.0,530.2
45575.0,9500.0,529.8
45600.0,9500.0,529.4
45625.0,9500.0,529.1
45650.0,9500.0,528.7
45675.0,9500.0,528.4
45700.0,9500.0,528.1
45725.0,9500.0,527.8
45750.0,9500.0,527.5
45775.0,9500.0,527.1
45800.0,9500.0,526.8
45825.0,9500.0,526.4
45850.0,9500.0,525.9
45875.0,9500.0,525.4
45900.0,9500.0,524.9
45925.0,9500.0,524.3
45950.0,9500.0,523.7
45975.0,9500.0,523.1
46000.0,9500.0,522.5
46025.0,9500.0,522.0
46050.0,9500.0,521.5
46075.0,9500.0,521.2
46100.0,9500.0,521.0
46125.0,9500.0,520.8
46150.0,9500.0,520.9
46175.0,9500.0,521.0
46200.0,9500.0,521.3
46225.0,9500.0,521.7
46250.0,9500.0,522.1
46275.0,9500.0,522.7
46300.0,9500.0,523.3
46325.0,9500.0,524.0
46350.0,9500.0,524.7
46375.0,9500.0,525.4
46400.0,9500.0,526.1
46425.0,9500.0,526.8
46450.0,9500.0,527.5
46475.0,9500.0,528.1
46500.0,9500.0,528.6
