HOLE_ID,DEPTH,DIP,AZIMUTH
DD0001,0.0,61.4,291.21
DD0001,30.0,60.84,291.12
DD0001,60.0,60.77,291.54
DD0001,90.0,60.47,291.83
DD0001,102.5,60.58,291.73
DD0002,0.0,55.28,290.24
DD0002,30.0,54.65,289.31
DD0002,60.0,54.24,289.73
DD0002,90.0,53.42,290.05
DD0002,120.0,53.01,290.57
DD0002,150.0,52.34,291.24
DD0002,180.0,51.84,291.13
DD0002,210.0,51.41,291.74
DD0002,240.0,50.93,291.99
DD0002,240.1,51.0,291.08
DD0003,0.0,59.66,289.77
DD0003,30.0,59.3,290.19
DD0003,60.0,58.79,290.26
DD0003,90.0,58.68,290.81
DD0003,120.0,57.73,291.2
DD0003,150.0,56.57,291.36
DD0003,180.0,55.85,292.13
DD0003,210.0,55.59,291.66
DD0003,240.0,55.26,292.71
DD0003,270.0,54.92,294.27
DD0003,300.0,54.37,295.84
DD0003,305.04,54.41,296.07
DD0004,0.0,65.66,290.98
DD0004,30.0,66.24,291.93
DD0004,60.0,66.08,292.38
DD0004,90.0,65.92,292.76
DD0004,120.0,65.53,292.74
DD0004,150.0,65.59,294.69
DD0004,180.0,65.42,295.75
DD0004,210.0,65.13,295.6
DD0004,240.0,64.83,296.39
DD0004,270.0,64.49,297.08
DD0004,300.0,64.11,299.2
DD0004,330.0,63.83,299.59
DD0004,360.0,63.5,300.14
DD0004,390.0,63.11,299.54
DD0004,420.0,63.08,300.93
DD0004,445.14,62.66,300.86
DD0005,0.0,69.76,289.27
DD0005,30.0,69.3,290.29
DD0005,60.0,69.08,291.71
DD0005,90.0,68.49,292.41
DD0005,120.0,68.36,292.59
DD0005,150.0,68.03,293.28
DD0005,180.0,67.64,294.27
DD0005,210.0,67.85,294.75
DD0005,240.0,67.59,294.41
DD0005,270.0,67.92,295.3
DD0005,300.0,67.47,295.55
DD0005,330.0,67.34,296.19
DD0005,360.0,66.66,297.62
DD0005,390.0,66.36,298.44
DD0005,420.0,66.08,298.54
DD0005,450.0,65.66,298.83
DD0005,480.0,65.26,299.08
DD0005,510.0,65.24,300.81
DD0005,540.0,64.76,301.57
DD0005,570.0,63.95,302.22
DD0005,600.0,63.42,301.51
DD0005,630.0,63.18,301.72
DD0005,636.32,63.08,301.77
DD0006,0.0,67.18,289.69
DD0006,30.0,66.97,290.37
DD0006,60.0,66.52,290.21
DD0006,90.0,66.77,290.59
DD0006,120.0,66.81,290.78
DD0006,150.0,66.46,290.99
DD0006,180.0,66.12,291.73
DD0006,210.0,65.39,291.56
DD0006,240.0,65.07,292.92
DD0006,270.0,64.67,293.65
DD0006,300.0,64.49,293.23
DD0006,330.0,63.65,294.58
DD0006,360.0,63.57,293.93
DD0006,390.0,63.3,294.5
DD0006,420.0,62.45,293.76
DD0006,450.0,61.43,294.43
DD0006,480.0,61.32,294.49
DD0006,510.0,61.0,294.95
DD0006,540.0,60.63,296.37
DD0006,570.0,60.23,296.87
DD0006,600.0,59.56,296.16
DD0006,630.0,59.4,296.87
DD0006,660.0,59.33,297.92
DD0006,690.0,58.71,297.55
DD0006,720.0,59.09,297.53
DD0006,750.0,58.97,298.66
DD0006,780.0,58.76,300.02
DD0006,782.53,58.57,299.19
DD0007,0.0,71.34,289.95
DD0007,30.0,70.53,291.11
DD0007,60.0,70.27,291.92
DD0007,90.0,69.73,292.44
DD0007,120.0,69.3,292.73
DD0007,150.0,68.95,292.85
DD0007,180.0,68.5,293.01
DD0007,210.0,68.29,293.33
DD0007,240.0,68.25,294.09
DD0007,270.0,67.65,294.91
DD0007,300.0,67.28,296.08
DD0007,330.0,66.73,296.16
DD0007,360.0,66.52,298.08
DD0007,390.0,65.68,298.51
DD0007,420.0,65.21,300.09
DD0007,450.0,65.12,300.04
DD0007,480.0,64.52,300.58
DD0007,510.0,63.99,301.43
DD0007,540.0,63.15,301.06
DD0007,570.0,62.53,302.25
DD0007,600.0,61.94,302.96
DD0007,630.0,60.94,303.38
DD0007,660.0,61.04,304.11
DD0007,690.0,60.66,304.02
DD0007,720.0,60.18,304.25
DD0007,750.0,60.04,305.03
DD0007,780.0,60.17,305.27
DD0007,810.0,59.69,305.43
DD0007,826.12,59.62,305.34
DD0008,0.0,56.55,289.43
DD0008,30.0,55.86,289.2
DD0008,60.0,55.31,290.55
DD0008,88.37,54.32,290.55
DD0009,0.0,58.0,289.53
DD0009,30.0,57.4,290.33
DD0009,60.0,57.43,290.38
DD0009,90.0,56.95,290.66
DD0009,120.0,57.07,290.84
DD0009,150.0,56.51,290.54
DD0009,180.0,55.56,290.62
DD0009,210.0,55.23,290.33
DD0009,227.6,54.75,290.4
DD0010,0.0,57.08,289.42
DD0010,30.0,57.14,289.32
DD0010,60.0,56.73,290.06
DD0010,90.0,56.42,290.96
DD0010,120.0,56.39,291.35
DD0010,150.0,55.58,291.58
DD0010,180.0,55.15,291.08
DD0010,210.0,54.58,290.23
DD0010,240.0,53.97,290.75
DD0010,270.0,53.37,291.08
DD0010,300.0,53.12,292.03
DD0010,330.0,53.21,292.48
DD0010,357.18,53.16,293.01
DD0011,0.0,60.69,290.51
DD0011,30.0,60.32,291.04
DD0011,60.0,59.87,291.59
DD0011,90.0,59.28,293.08
DD0011,120.0,58.93,293.17
DD0011,150.0,58.61,293.14
DD0011,180.0,58.09,294.26
DD0011,210.0,57.38,295.25
DD0011,240.0,57.41,295.44
DD0011,270.0,56.91,295.28
DD0011,300.0,56.6,296.28
DD0011,330.0,56.64,296.37
DD0011,360.0,56.34,296.58
DD0011,390.0,55.8,297.39
DD0011,420.0,55.41,297.41
DD0011,450.0,55.0,296.8
DD0011,467.01,54.66,296.96
DD0012,0.0,59.03,290.83
DD0012,30.0,58.36,291.36
DD0012,60.0,57.98,291.88
DD0012,90.0,57.15,292.84
DD0012,120.0,56.56,293.57
DD0012,150.0,56.28,293.79
DD0012,180.0,56.19,294.47
DD0012,210.0,56.17,293.26
DD0012,240.0,55.62,293.49
DD0012,270.0,55.24,294.99
DD0012,300.0,55.07,295.88
DD0012,330.0,54.2,296.28
DD0012,360.0,54.24,296.94
DD0012,390.0,53.88,296.68
DD0012,420.0,53.8,296.53
DD0012,450.0,53.44,296.38
DD0012,480.0,52.61,297.54
DD0012,510.0,52.64,298.31
DD0012,540.0,52.66,298.19
DD0012,565.83,52.47,299.11
DD0013,0.0,59.75,290.66
DD0013,30.0,58.7,291.01
DD0013,60.0,58.37,290.81
DD0013,90.0,57.78,290.35
DD0013,120.0,57.06,291.45
DD0013,150.0,57.11,291.29
DD0013,180.0,56.48,291.74
DD0013,210.0,56.36,293.44
DD0013,240.0,55.86,295.7
DD0013,270.0,55.42,295.61
DD0013,300.0,55.04,295.83
DD0013,330.0,54.92,295.65
DD0013,360.0,53.98,294.79
DD0013,390.0,53.37,294.25
DD0013,420.0,53.07,295.03
DD0013,450.0,53.11,295.2
DD0013,480.0,52.52,295.63
DD0013,510.0,51.98,295.54
DD0013,540.0,51.18,295.99
DD0013,570.0,50.26,296.78
DD0013,600.0,49.7,297.43
DD0013,630.0,49.27,297.26
DD0013,648.78,49.57,296.95
DD0014,0.0,68.81,290.03
DD0014,30.0,68.27,290.88
DD0014,60.0,67.99,291.24
DD0014,90.0,67.9,292.3
DD0014,120.0,67.64,292.76
DD0014,150.0,67.36,293.45
DD0014,180.0,67.56,293.56
DD0014,210.0,67.29,293.98
DD0014,240.0,67.03,295.5
DD0014,270.0,66.91,296.14
DD0014,300.0,66.36,297.29
DD0014,330.0,65.89,297.8
DD0014,360.0,65.88,298.13
DD0014,390.0,65.51,298.65
DD0014,420.0,65.07,299.77
DD0014,450.0,65.09,299.28
DD0014,480.0,64.68,299.25
DD0014,510.0,64.41,300.01
DD0014,540.0,64.03,300.87
DD0014,570.0,63.22,299.84
DD0014,600.0,63.43,299.83
DD0014,630.0,63.74,301.91
DD0014,660.0,63.33,301.62
DD0014,690.0,63.43,302.22
DD0014,720.0,62.9,303.39
DD0014,740.92,62.58,304.26
DD0015,0.0,70.8,291.16
DD0015,30.0,70.66,291.38
DD0015,60.0,70.0,292.5
DD0015,90.0,70.03,292.72
DD0015,120.0,69.6,293.34
DD0015,150.0,69.21,293.13
DD0015,180.0,68.78,294.04
DD0015,210.0,68.16,294.81
DD0015,240.0,68.07,295.66
DD0015,270.0,67.94,296.25
DD0015,300.0,67.6,296.24
DD0015,330.0,66.91,295.28
DD0015,360.0,66.44,295.63
DD0015,390.0,66.26,296.27
DD0015,420.0,66.24,296.76
DD0015,450.0,66.61,297.29
DD0015,480.0,66.65,297.53
DD0015,510.0,66.03,297.73
DD0015,540.0,66.2,298.79
DD0015,570.0,66.13,298.8
DD0015,600.0,65.8,298.55
DD0015,630.0,65.4,299.25
DD0015,660.0,64.92,300.14
DD0015,690.0,64.86,300.16
DD0015,720.0,64.02,299.33
DD0015,750.0,63.61,299.53
DD0015,780.0,62.73,300.38
DD0015,810.0,62.69,301.71
DD0015,840.0,62.92,303.02
DD0015,846.79,62.8,302.81
DD0016,0.0,74.13,289.59
DD0016,30.0,73.77,290.03
DD0016,60.0,73.35,291.22
DD0016,72.65,73.25,291.84
DD0017,0.0,64.11,289.18
DD0017,30.0,64.05,290.22
DD0017,60.0,63.5,290.65
DD0017,90.0,63.14,291.2
DD0017,120.0,62.88,291.79
DD0017,131.98,62.73,292.71
DD0018,0.0,70.84,289.97
DD0018,30.0,70.64,290.5
DD0018,60.0,69.89,292.19
DD0018,90.0,69.69,291.94
DD0018,120.0,69.49,292.3
DD0018,150.0,68.74,292.26
DD0018,180.0,68.8,293.0
DD0018,210.0,68.99,293.21
DD0018,210.99,69.38,293.85
DD0019,0.0,66.78,289.99
DD0019,30.0,66.42,290.36
DD0019,60.0,66.05,290.93
DD0019,90.0,65.76,291.95
DD0019,120.0,65.0,292.14
DD0019,150.0,65.15,292.25
DD0019,180.0,64.39,292.04
DD0019,210.0,64.68,291.79
DD0019,240.0,64.22,291.59
DD0019,270.0,63.6,291.36
DD0019,300.0,63.28,291.93
DD0019,330.0,63.29,292.57
DD0019,335.33,63.0,292.48
DD0020,0.0,62.78,289.15
DD0020,30.0,62.57,290.21
DD0020,60.0,62.36,290.51
DD0020,90.0,61.96,290.56
DD0020,120.0,61.34,290.11
DD0020,150.0,61.18,291.2
DD0020,180.0,60.91,290.88
DD0020,210.0,60.72,291.52
DD0020,240.0,59.92,293.53
DD0020,270.0,59.84,293.55
DD0020,300.0,59.49,293.92
DD0020,330.0,59.02,294.43
DD0020,351.21,58.76,294.09
DD0021,0.0,59.02,290.37
DD0021,30.0,58.77,290.08
DD0021,60.0,58.24,290.67
DD0021,90.0,58.11,290.88
DD0021,120.0,57.96,291.9
DD0021,150.0,57.43,292.08
DD0021,180.0,56.9,291.99
DD0021,210.0,56.32,292.6
DD0021,240.0,56.17,293.59
DD0021,270.0,55.94,295.71
DD0021,300.0,55.84,296.61
DD0021,330.0,55.69,296.87
DD0021,360.0,55.18,297.51
DD0021,390.0,54.39,297.12
DD0021,420.0,54.31,298.23
DD0021,450.0,53.58,297.53
DD0021,464.88,53.5,298.42
DD0022,0.0,64.52,289.85
DD0022,30.0,64.59,290.02
DD0022,60.0,63.78,290.2
DD0022,90.0,63.48,291.17
DD0022,120.0,62.93,292.45
DD0022,150.0,63.05,292.46
DD0022,180.0,63.02,292.42
DD0022,210.0,63.06,293.79
DD0022,240.0,61.89,294.17
DD0022,270.0,61.63,295.13
DD0022,300.0,61.3,295.86
DD0022,330.0,61.04,296.44
DD0022,360.0,60.75,297.58
DD0022,390.0,60.79,297.51
DD0022,420.0,60.83,297.7
DD0022,450.0,60.66,298.08
DD0022,480.0,60.71,298.47
DD0022,480.98,61.09,298.08
DD0023,0.0,60.73,288.79
DD0023,30.0,60.45,289.4
DD0023,60.0,60.22,290.63
DD0023,90.0,59.84,291.68
DD0023,120.0,59.89,291.82
DD0023,150.0,59.73,291.95
DD0023,180.0,59.85,292.08
DD0023,210.0,59.26,293.26
DD0023,240.0,58.63,294.53
DD0023,270.0,58.35,296.0
DD0023,300.0,57.89,296.68
DD0023,330.0,57.53,296.75
DD0023,360.0,56.62,297.43
DD0023,390.0,55.81,298.25
DD0023,420.0,55.26,298.82
DD0023,450.0,55.13,299.56
DD0023,480.0,55.34,300.45
DD0023,510.0,54.46,300.2
DD0023,540.0,54.09,299.58
DD0023,570.0,53.5,299.7
DD0023,573.41,53.98,299.0
DD0024,0.0,63.72,289.1
DD0024,30.0,63.21,289.91
DD0024,60.0,62.75,291.34
DD0024,90.0,62.09,292.24
DD0024,120.0,61.84,293.17
DD0024,150.0,61.62,293.26
DD0024,180.0,61.64,293.03
DD0024,210.0,61.15,293.47
DD0024,240.0,60.75,293.47
DD0024,270.0,60.64,292.89
DD0024,300.0,60.33,294.23
DD0024,330.0,59.99,294.67
DD0024,360.0,59.89,295.67
DD0024,390.0,59.85,295.74
DD0024,420.0,60.06,296.78
DD0024,450.0,59.25,297.51
DD0024,480.0,59.36,296.93
DD0024,510.0,59.1,296.75
DD0024,540.0,58.79,297.9
DD0024,570.0,58.03,299.01
DD0024,600.0,57.3,300.16
DD0024,630.0,56.79,300.61
DD0024,641.42,56.43,300.72
DD0025,0.0,64.14,290.23
DD0025,30.0,64.02,289.42
DD0025,60.0,63.7,289.85
DD0025,90.0,63.21,289.9
DD0025,120.0,63.18,290.5
DD0025,150.0,62.69,290.55
DD0025,180.0,62.24,291.77
DD0025,210.0,62.39,292.23
DD0025,240.0,61.82,292.33
DD0025,270.0,61.07,293.74
DD0025,300.0,60.86,293.61
DD0025,330.0,60.12,293.56
DD0025,360.0,59.69,293.7
DD0025,390.0,59.55,294.57
DD0025,420.0,59.0,295.32
DD0025,450.0,58.6,296.54
DD0025,480.0,58.54,297.04
DD0025,510.0,57.83,297.32
DD0025,540.0,57.73,298.49
DD0025,570.0,57.51,298.65
DD0025,600.0,57.3,300.11
DD0025,630.0,57.15,300.37
DD0025,660.0,56.9,300.92
DD0025,690.0,56.81,301.14
DD0025,718.1,56.29,301.63
DD0026,0.0,64.54,289.99
DD0026,30.0,64.62,290.51
DD0026,60.0,63.7,289.76
DD0026,90.0,63.56,290.34
DD0026,120.0,62.86,289.99
DD0026,150.0,62.19,290.68
DD0026,180.0,61.18,290.98
DD0026,210.0,60.9,292.39
DD0026,240.0,60.85,291.89
DD0026,270.0,60.61,292.57
DD0026,300.0,60.51,292.86
DD0026,330.0,60.11,293.25
DD0026,360.0,59.82,294.29
DD0026,390.0,59.39,295.57
DD0026,420.0,59.02,295.88
DD0026,450.0,58.66,295.93
DD0026,480.0,58.38,295.17
DD0026,510.0,57.88,296.2
DD0026,540.0,57.61,296.62
DD0026,570.0,57.02,297.42
DD0026,600.0,57.02,297.48
DD0026,630.0,56.37,297.77
DD0026,660.0,56.35,297.32
DD0026,690.0,56.44,297.43
DD0026,720.0,56.2,298.33
DD0026,750.0,56.19,297.84
DD0026,780.0,56.2,298.92
DD0026,810.0,55.9,299.06
DD0026,840.0,55.06,299.56
DD0026,848.97,55.17,300.19
DD0027,0.0,55.18,289.92
DD0027,30.0,54.71,290.76
DD0027,60.0,54.43,289.93
DD0027,90.0,53.87,290.57
DD0027,120.0,53.75,290.34
DD0027,150.0,53.62,291.43
DD0027,180.0,53.08,291.5
DD0027,210.0,52.83,292.05
DD0027,240.0,52.84,291.85
DD0027,270.0,52.54,291.26
DD0027,300.0,52.53,291.61
DD0027,330.0,52.41,291.88
DD0027,360.0,51.85,291.66
DD0027,390.0,51.48,291.86
DD0027,420.0,51.03,293.09
DD0027,450.0,50.39,292.16
DD0027,480.0,50.23,292.79
DD0027,510.0,49.8,293.0
DD0027,540.0,49.75,294.3
DD0027,570.0,49.23,294.73
DD0027,600.0,48.95,295.22
DD0027,630.0,48.76,296.09
DD0027,660.0,48.39,296.03
DD0027,690.0,47.79,296.31
DD0027,720.0,47.88,296.58
DD0027,750.0,47.0,296.97
DD0027,780.0,47.08,297.1
DD0027,810.0,47.08,297.22
DD0027,840.0,46.79,296.08
DD0027,870.0,46.4,296.83
DD0027,900.0,46.13,296.41
DD0027,930.0,46.08,296.88
DD0027,958.12,45.68,296.29
DD0028,0.0,72.16,290.2
DD0028,30.0,71.47,290.57
DD0028,60.0,71.22,292.04
DD0028,88.09,70.63,293.05
DD0029,0.0,59.62,290.63
DD0029,30.0,59.56,290.59
DD0029,60.0,59.3,290.5
DD0029,90.0,59.36,291.02
DD0029,120.0,58.63,290.91
DD0029,150.0,58.56,290.47
DD0029,180.0,57.53,290.0
DD0029,202.19,56.98,290.18
DD0030,0.0,72.11,290.08
DD0030,30.0,71.49,290.2
DD0030,60.0,71.03,290.64
DD0030,90.0,70.28,291.61
DD0030,120.0,69.59,292.55
DD0030,150.0,69.14,292.74
DD0030,180.0,68.9,293.47
DD0030,210.0,68.9,293.42
DD0030,240.0,68.73,294.34
DD0030,254.35,68.49,294.32
DD0031,0.0,61.31,290.91
DD0031,30.0,61.94,292.01
DD0031,60.0,61.47,292.45
DD0031,90.0,61.17,293.05
DD0031,120.0,60.7,294.12
DD0031,150.0,60.29,293.12
DD0031,180.0,60.05,293.6
DD0031,210.0,59.4,293.92
DD0031,240.0,58.98,293.49
DD0031,270.0,58.47,293.93
DD0031,300.0,57.96,294.94
DD0031,330.0,57.06,295.64
DD0031,335.17,56.94,296.23
DD0032,0.0,65.33,289.47
DD0032,30.0,64.72,289.68
DD0032,60.0,64.51,290.8
DD0032,90.0,63.95,291.82
DD0032,120.0,63.25,292.58
DD0032,150.0,63.24,292.14
DD0032,180.0,62.69,292.94
DD0032,210.0,61.89,293.49
DD0032,240.0,61.66,294.29
DD0032,270.0,61.45,294.85
DD0032,300.0,61.7,294.91
DD0032,330.0,61.41,296.12
DD0032,348.98,61.23,296.66
DD0033,0.0,59.8,289.58
DD0033,30.0,59.62,289.97
DD0033,60.0,59.58,291.4
DD0033,90.0,58.88,291.94
DD0033,120.0,58.85,292.46
DD0033,150.0,58.23,292.7
DD0033,180.0,57.84,292.99
DD0033,210.0,57.65,293.01
DD0033,240.0,57.59,294.16
DD0033,270.0,57.04,294.62
DD0033,300.0,57.38,295.51
DD0033,330.0,57.12,296.35
DD0033,360.0,56.91,296.55
DD0033,390.0,56.8,297.11
DD0033,420.0,56.58,296.86
DD0033,424.43,56.64,297.26
DD0034,0.0,71.19,289.65
DD0034,30.0,70.43,290.43
DD0034,60.0,69.81,291.16
DD0034,90.0,69.57,291.15
DD0034,120.0,69.4,291.34
DD0034,150.0,69.14,292.64
DD0034,180.0,68.82,292.55
DD0034,210.0,68.97,293.98
DD0034,240.0,68.4,294.17
DD0034,270.0,68.35,294.05
DD0034,300.0,67.47,294.14
DD0034,330.0,67.06,296.02
DD0034,360.0,66.38,296.65
DD0034,390.0,65.97,297.86
DD0034,420.0,65.92,297.63
DD0034,450.0,66.01,298.2
DD0034,480.0,65.64,297.64
DD0034,510.0,65.26,297.83
DD0034,533.55,64.64,298.28
DD0035,0.0,66.24,289.37
DD0035,30.0,65.86,289.48
DD0035,60.0,65.47,289.27
DD0035,90.0,64.45,289.47
DD0035,120.0,63.89,289.55
DD0035,150.0,63.52,290.22
DD0035,180.0,63.26,290.83
DD0035,210.0,63.23,291.85
DD0035,240.0,62.85,292.22
DD0035,270.0,63.15,293.86
DD0035,300.0,62.29,294.72
DD0035,330.0,61.36,295.89
DD0035,360.0,61.22,296.11
DD0035,390.0,60.75,296.87
DD0035,420.0,60.17,297.34
DD0035,450.0,59.68,296.92
DD0035,480.0,59.71,297.77
DD0035,510.0,59.27,298.53
DD0035,540.0,59.79,298.6
DD0035,570.0,59.28,299.52
DD0035,574.49,58.8,298.83
DD0036,0.0,70.47,290.64
DD0036,30.0,69.46,291.0
DD0036,60.0,69.54,291.77
DD0036,90.0,69.37,292.88
DD0036,120.0,68.59,293.5
DD0036,150.0,68.32,293.39
DD0036,180.0,68.2,294.55
DD0036,210.0,68.29,295.58
DD0036,240.0,67.24,297.08
DD0036,270.0,66.44,297.95
DD0036,300.0,66.18,299.1
DD0036,330.0,65.86,299.81
DD0036,360.0,65.19,299.94
DD0036,390.0,65.18,299.52
DD0036,420.0,64.55,301.0
DD0036,450.0,64.0,301.6
DD0036,480.0,63.46,301.62
DD0036,510.0,63.35,301.83
DD0036,540.0,63.0,302.76
DD0036,570.0,62.35,303.8
DD0036,595.3,62.25,305.17
DD0037,0.0,74.48,289.46
DD0037,30.0,74.47,290.41
DD0037,60.0,73.87,290.6
DD0037,90.0,73.15,291.7
DD0037,120.0,72.21,292.4
DD0037,150.0,71.9,293.34
DD0037,180.0,71.6,293.85
DD0037,210.0,71.51,294.31
DD0037,240.0,70.93,295.31
DD0037,270.0,70.28,297.34
DD0037,300.0,69.67,297.95
DD0037,330.0,69.41,297.71
DD0037,360.0,68.79,297.95
DD0037,390.0,68.21,298.33
DD0037,420.0,67.39,298.39
DD0037,450.0,66.78,298.22
DD0037,480.0,66.38,298.81
DD0037,510.0,66.45,299.55
DD0037,540.0,66.0,299.29
DD0037,570.0,65.81,299.0
DD0037,600.0,65.22,299.79
DD0037,630.0,64.67,301.5
DD0037,660.0,64.11,302.43
DD0037,690.0,63.53,302.79
DD0037,694.49,63.66,303.36
DD0038,0.0,69.18,289.55
DD0038,30.0,68.79,289.87
DD0038,60.0,68.41,290.58
DD0038,90.0,67.82,291.12
DD0038,120.0,67.18,291.72
DD0038,150.0,66.82,292.34
DD0038,180.0,66.16,292.31
DD0038,210.0,66.18,291.89
DD0038,240.0,65.9,291.93
DD0038,270.0,65.37,292.75
DD0038,300.0,65.03,293.66
DD0038,330.0,64.28,294.5
DD0038,360.0,63.92,295.17
DD0038,390.0,63.05,296.03
DD0038,420.0,62.58,296.81
DD0038,450.0,62.21,297.41
DD0038,480.0,62.27,298.34
DD0038,510.0,61.55,298.8
DD0038,540.0,61.67,298.84
DD0038,570.0,61.53,298.83
DD0038,600.0,61.09,299.59
DD0038,630.0,60.84,299.72
DD0038,660.0,60.46,299.37
DD0038,690.0,59.52,299.67
DD0038,720.0,59.0,300.78
DD0038,750.0,57.68,301.67
DD0038,773.45,57.72,302.14
DD0039,0.0,73.13,288.99
DD0039,30.0,72.65,289.23
DD0039,60.0,72.09,289.78
DD0039,90.0,71.88,290.68
DD0039,120.0,71.79,291.23
DD0039,150.0,71.15,291.47
DD0039,180.0,70.99,292.89
DD0039,210.0,70.52,294.3
DD0039,240.0,69.58,294.46
DD0039,270.0,68.55,294.79
DD0039,300.0,68.06,295.57
DD0039,330.0,67.81,296.17
DD0039,360.0,67.13,296.41
DD0039,390.0,66.73,296.99
DD0039,420.0,66.51,297.39
DD0039,450.0,65.99,298.45
DD0039,480.0,65.56,298.68
DD0039,510.0,65.13,298.85
DD0039,540.0,65.01,299.25
DD0039,570.0,64.78,299.54
DD0039,600.0,64.73,301.75
DD0039,630.0,64.55,301.72
DD0039,660.0,64.49,301.78
DD0039,690.0,64.05,301.72
DD0039,720.0,63.95,301.63
DD0039,750.0,63.34,302.28
DD0039,780.0,62.6,302.53
DD0039,792.18,62.21,302.86
DD0040,0.0,74.51,290.89
DD0040,30.0,74.12,290.72
DD0040,60.0,72.93,292.17
DD0040,70.84,73.29,292.05
DD0041,0.0,64.01,289.54
DD0041,30.0,63.97,289.82
DD0041,60.0,63.35,291.03
DD0041,90.0,62.88,291.48
DD0041,120.0,62.61,293.21
DD0041,150.0,61.88,292.58
DD0041,180.0,61.49,292.7
DD0041,184.12,61.44,292.61
DD0042,0.0,58.79,289.32
DD0042,30.0,58.51,289.52
DD0042,60.0,58.33,290.24
DD0042,90.0,57.7,291.87
DD0042,120.0,57.59,292.57
DD0042,150.0,57.36,293.45
DD0042,180.0,57.01,293.95
DD0042,210.0,56.7,294.84
DD0042,240.0,56.62,294.99
DD0042,270.0,56.18,294.99
DD0042,288.36,56.0,295.42
DD0043,0.0,58.79,290.32
DD0043,30.0,58.12,291.09
DD0043,60.0,57.8,290.64
DD0043,90.0,57.52,290.84
DD0043,120.0,57.39,292.16
DD0043,150.0,56.69,293.03
DD0043,180.0,56.26,292.99
DD0043,210.0,55.28,293.14
DD0043,240.0,54.58,293.12
DD0043,270.0,54.06,293.89
DD0043,300.0,53.75,294.15
DD0043,330.0,53.35,295.7
DD0043,360.0,53.39,296.9
DD0043,377.52,53.5,296.47
DD0044,0.0,66.37,289.96
DD0044,30.0,65.76,290.1
DD0044,60.0,65.46,289.79
DD0044,90.0,65.33,290.16
DD0044,120.0,65.16,290.76
DD0044,150.0,64.72,291.51
DD0044,180.0,64.3,292.06
DD0044,210.0,64.23,292.4
DD0044,240.0,64.62,293.9
DD0044,270.0,63.72,294.92
DD0044,300.0,63.44,295.09
DD0044,330.0,62.89,295.91
DD0044,360.0,62.9,296.49
DD0044,390.0,62.5,297.35
DD0044,420.0,62.3,297.78
DD0044,450.0,62.18,298.74
DD0044,480.0,61.87,300.66
DD0044,487.85,61.99,301.27
DD0045,0.0,58.62,290.56
DD0045,30.0,58.54,289.97
DD0045,60.0,58.85,290.88
DD0045,90.0,58.17,293.04
DD0045,120.0,57.89,294.07
DD0045,150.0,57.73,294.04
DD0045,180.0,57.07,293.68
DD0045,210.0,56.29,293.66
DD0045,240.0,55.49,293.97
DD0045,270.0,54.92,294.57
DD0045,300.0,54.48,293.96
DD0045,330.0,54.3,293.86
DD0045,360.0,53.73,293.3
DD0045,390.0,53.7,293.14
DD0045,420.0,52.93,294.67
DD0045,450.0,51.99,294.94
DD0045,480.0,51.98,295.22
DD0045,510.0,51.98,295.2
DD0045,540.0,51.35,294.89
DD0045,546.75,51.26,294.14
DD0046,0.0,63.48,289.99
DD0046,30.0,63.04,290.39
DD0046,60.0,62.79,290.97
DD0046,90.0,62.85,291.71
DD0046,120.0,62.8,292.91
DD0046,150.0,62.87,292.88
DD0046,180.0,62.45,292.85
DD0046,210.0,62.58,292.5
DD0046,240.0,62.08,292.99
DD0046,270.0,61.48,293.37
DD0046,300.0,61.36,293.08
DD0046,330.0,60.94,294.36
DD0046,360.0,60.99,295.22
DD0046,390.0,60.11,295.14
DD0046,420.0,59.86,295.28
DD0046,450.0,59.08,295.56
DD0046,480.0,58.49,294.99
DD0046,510.0,58.37,295.42
DD0046,540.0,58.24,295.08
DD0046,570.0,57.94,296.22
DD0046,600.0,57.83,296.25
DD0046,630.0,57.14,296.56
DD0046,660.0,56.66,296.31
DD0046,683.33,55.99,297.88
DD0047,0.0,63.48,289.57
DD0047,30.0,63.47,289.58
DD0047,60.0,62.53,290.25
DD0047,90.0,62.4,291.46
DD0047,120.0,61.57,291.54
DD0047,150.0,60.81,291.08
DD0047,180.0,60.89,291.69
DD0047,210.0,60.79,292.44
DD0047,240.0,60.37,292.31
DD0047,270.0,59.82,293.45
DD0047,300.0,59.19,294.27
DD0047,330.0,58.72,294.99
DD0047,360.0,58.06,295.85
DD0047,390.0,57.76,297.27
DD0047,420.0,57.88,297.72
DD0047,450.0,57.97,295.97
DD0047,480.0,57.4,296.55
DD0047,510.0,57.35,297.31
DD0047,540.0,57.15,297.63
DD0047,570.0,56.07,297.76
DD0047,600.0,55.68,298.27
DD0047,630.0,55.22,298.39
DD0047,660.0,54.8,298.59
DD0047,690.0,54.42,299.56
DD0047,699.94,54.62,298.88
DD0048,0.0,66.6,290.08
DD0048,30.0,66.73,290.49
DD0048,60.0,65.96,290.92
DD0048,90.0,65.72,291.23
DD0048,120.0,65.22,291.17
DD0048,150.0,64.34,292.04
DD0048,180.0,63.55,293.04
DD0048,210.0,63.5,292.76
DD0048,240.0,62.95,293.45
DD0048,270.0,62.04,294.94
DD0048,300.0,61.65,293.8
DD0048,330.0,60.93,294.57
DD0048,360.0,61.34,295.52
DD0048,390.0,61.05,296.11
DD0048,420.0,61.12,297.05
DD0048,450.0,61.04,296.73
DD0048,480.0,60.96,297.34
DD0048,510.0,60.35,297.91
DD0048,540.0,59.56,298.01
DD0048,570.0,59.2,298.52
DD0048,600.0,59.28,298.62
DD0048,630.0,58.91,300.08
DD0048,660.0,59.07,300.06
DD0048,690.0,58.85,300.82
DD0048,720.0,58.38,300.54
DD0048,750.0,58.11,300.92
DD0048,780.0,57.62,300.78
DD0048,803.62,57.84,301.48
DD0049,0.0,58.07,289.71
DD0049,30.0,57.35,289.6
DD0049,60.0,56.96,290.17
DD0049,68.17,57.27,289.81
DD0050,0.0,65.14,289.67
DD0050,30.0,64.66,289.24
DD0050,60.0,64.1,288.69
DD0050,90.0,63.82,290.0
DD0050,120.0,63.07,290.35
DD0050,150.0,63.0,290.76
DD0050,180.0,62.27,290.47
DD0050,189.53,62.09,290.41
DD0051,0.0,64.78,289.63
DD0051,30.0,64.41,290.25
DD0051,60.0,63.78,292.26
DD0051,90.0,63.2,292.64
DD0051,120.0,62.87,293.79
DD0051,150.0,62.59,292.91
DD0051,180.0,62.41,292.78
DD0051,210.0,61.87,294.4
DD0051,240.0,62.02,295.25
DD0051,263.36,61.55,295.95
DD0052,0.0,68.2,290.28
DD0052,30.0,67.37,291.11
DD0052,60.0,66.94,291.15
DD0052,90.0,67.42,290.65
DD0052,120.0,67.02,291.63
DD0052,150.0,66.7,292.8
DD0052,180.0,66.57,293.22
DD0052,210.0,66.39,293.07
DD0052,240.0,66.31,294.16
DD0052,270.0,65.68,295.01
DD0052,300.0,65.42,295.24
DD0052,330.0,64.68,296.05
DD0052,360.0,64.24,295.35
DD0052,385.88,63.89,295.32
DD0053,0.0,61.66,290.47
DD0053,30.0,61.24,289.68
DD0053,60.0,60.55,290.11
DD0053,90.0,59.63,290.37
DD0053,120.0,59.26,291.26
DD0053,150.0,58.96,291.8
DD0053,180.0,58.32,292.4
DD0053,210.0,57.76,292.27
DD0053,240.0,57.69,293.19
DD0053,270.0,57.27,293.01
DD0053,300.0,57.27,294.01
DD0053,330.0,56.79,294.91
DD0053,360.0,56.73,294.19
DD0053,390.0,56.2,294.08
DD0053,420.0,56.05,293.56
DD0053,434.35,55.88,293.93
DD0054,0.0,67.97,289.57
DD0054,30.0,68.17,290.63
DD0054,60.0,67.33,291.76
DD0054,90.0,66.75,292.36
DD0054,120.0,66.34,292.71
DD0054,150.0,66.11,292.41
DD0054,180.0,65.08,293.91
DD0054,210.0,65.1,293.22
DD0054,240.0,64.42,293.82
DD0054,270.0,63.87,295.58
DD0054,300.0,63.21,297.44
DD0054,330.0,62.81,297.7
DD0054,360.0,62.41,297.96
DD0054,390.0,62.09,298.06
DD0054,420.0,61.55,298.25
DD0054,450.0,61.38,299.15
DD0054,480.0,60.81,299.51
DD0054,510.0,60.66,300.47
DD0054,540.0,60.44,300.67
DD0054,570.0,59.82,300.49
DD0054,600.0,60.03,301.31
DD0054,630.0,58.95,303.35
DD0054,643.01,58.68,302.95
DD0055,0.0,55.02,290.59
DD0055,30.0,55.35,290.54
DD0055,60.0,54.77,291.66
DD0055,90.0,54.18,291.78
DD0055,120.0,53.69,292.13
DD0055,150.0,52.94,292.68
DD0055,180.0,52.96,294.38
DD0055,210.0,52.39,295.44
DD0055,240.0,52.01,296.33
DD0055,270.0,51.42,297.62
DD0055,300.0,51.03,299.07
DD0055,330.0,51.23,299.03
DD0055,360.0,50.91,299.7
DD0055,390.0,51.37,299.85
DD0055,420.0,51.75,300.17
DD0055,450.0,51.25,299.89
DD0055,480.0,51.13,300.21
DD0055,510.0,50.83,300.26
DD0055,540.0,50.17,300.26
DD0055,570.0,49.74,301.16
DD0055,600.0,49.15,300.85
DD0055,630.0,48.21,300.85
DD0055,660.0,47.58,301.4
DD0055,690.0,46.84,302.05
DD0055,720.0,46.42,302.42
DD0055,750.0,45.77,302.18
DD0055,780.0,45.57,302.69
DD0055,810.0,45.3,303.1
DD0055,812.56,45.79,303.32
DD0056,0.0,74.19,290.2
DD0056,30.0,74.2,291.5
DD0056,60.0,73.72,291.36
DD0056,90.0,73.3,291.8
DD0056,99.5,73.73,292.05
DD0057,0.0,58.18,289.84
DD0057,30.0,57.49,290.32
DD0057,60.0,56.86,290.66
DD0057,90.0,57.45,291.19
DD0057,120.0,57.16,291.77
DD0057,150.0,56.82,291.72
DD0057,180.0,56.92,291.41
DD0057,195.03,56.67,291.62
DD0058,0.0,67.9,290.7
DD0058,30.0,67.34,291.26
DD0058,60.0,67.08,291.0
DD0058,90.0,67.25,291.38
DD0058,120.0,67.11,290.88
DD0058,150.0,66.4,290.66
DD0058,180.0,65.86,290.55
DD0058,210.0,65.46,290.79
DD0058,240.0,65.13,291.09
DD0058,263.17,64.83,291.95
DD0059,0.0,67.22,289.46
DD0059,30.0,66.54,289.7
DD0059,60.0,66.36,289.5
DD0059,90.0,65.98,290.17
DD0059,120.0,65.56,289.15
DD0059,150.0,64.58,289.7
DD0059,180.0,64.38,289.88
DD0059,210.0,64.14,290.12
DD0059,240.0,64.12,291.26
DD0059,270.0,63.39,291.81
DD0059,300.0,63.13,291.73
DD0059,322.33,63.34,291.66
DD0060,0.0,63.16,290.7
DD0060,30.0,62.96,291.17
DD0060,60.0,62.71,291.83
DD0060,90.0,62.45,292.54
DD0060,120.0,61.89,294.04
DD0060,150.0,62.06,294.47
DD0060,180.0,61.62,296.19
DD0060,210.0,61.15,296.11
DD0060,240.0,60.56,296.99
DD0060,270.0,59.73,297.73
DD0060,300.0,59.52,298.4
DD0060,330.0,59.43,298.72
DD0060,360.0,59.24,299.16
DD0060,390.0,58.58,299.45
DD0060,416.52,58.16,299.15
DD0061,0.0,57.94,290.09
DD0061,30.0,58.05,291.43
DD0061,60.0,57.64,290.49
DD0061,90.0,57.67,290.92
DD0061,120.0,57.57,291.71
DD0061,150.0,57.12,291.84
DD0061,180.0,56.66,291.52
DD0061,210.0,55.9,292.6
DD0061,240.0,55.35,293.08
DD0061,270.0,55.26,293.34
DD0061,300.0,55.08,292.98
DD0061,330.0,55.04,293.78
DD0061,360.0,54.87,294.17
DD0061,390.0,54.63,294.77
DD0061,420.0,54.3,295.61
DD0061,450.0,54.39,295.9
DD0061,480.0,54.19,296.48
DD0061,510.0,54.4,297.28
DD0061,540.0,54.28,298.03
DD0061,570.0,53.31,298.5
DD0061,600.0,53.38,299.78
DD0061,600.97,53.48,299.8
DD0062,0.0,62.28,290.35
DD0062,30.0,62.27,291.76
DD0062,60.0,61.96,291.89
DD0062,90.0,60.82,292.0
DD0062,120.0,61.03,292.35
DD0062,150.0,60.55,292.68
DD0062,180.0,60.23,294.22
DD0062,210.0,59.37,293.06
DD0062,240.0,58.94,293.1
DD0062,270.0,58.49,292.84
DD0062,300.0,58.13,293.04
DD0062,330.0,57.39,293.58
DD0062,360.0,57.11,294.57
DD0062,390.0,56.71,295.76
DD0062,420.0,56.07,295.97
DD0062,450.0,56.31,296.04
DD0062,480.0,55.81,297.11
DD0062,510.0,55.3,296.75
DD0062,540.0,54.55,297.97
DD0062,570.0,54.24,298.15
DD0062,600.0,53.45,297.79
DD0062,630.0,52.95,297.94
DD0062,660.0,52.26,298.89
DD0062,690.0,51.63,297.85
DD0062,699.52,51.73,297.87
DD0063,0.0,60.39,289.51
DD0063,30.0,60.15,289.68
DD0063,60.0,59.86,290.13
DD0063,90.0,59.34,290.26
DD0063,120.0,58.89,291.82
DD0063,150.0,58.36,293.62
DD0063,180.0,57.82,294.06
DD0063,210.0,57.0,295.11
DD0063,240.0,56.54,295.44
DD0063,270.0,56.61,295.34
DD0063,300.0,56.38,296.61
DD0063,330.0,56.35,297.23
DD0063,360.0,55.88,297.47
DD0063,390.0,55.66,296.72
DD0063,420.0,55.63,296.88
DD0063,450.0,54.68,297.64
DD0063,480.0,54.01,297.24
DD0063,510.0,53.64,297.02
DD0063,540.0,53.21,298.47
DD0063,570.0,52.99,299.6
DD0063,600.0,52.39,301.52
DD0063,630.0,51.88,301.76
DD0063,660.0,51.38,301.99
DD0063,690.0,51.05,302.69
DD0063,720.0,51.02,303.58
DD0063,750.0,50.66,303.44
DD0063,780.0,50.45,303.85
DD0063,782.01,50.36,304.18
DD0064,0.0,64.43,289.35
DD0064,30.0,64.17,290.36
DD0064,60.0,63.72,289.3
DD0064,90.0,63.42,290.23
DD0064,120.0,62.82,291.62
DD0064,150.0,62.81,292.2
DD0064,180.0,62.4,293.01
DD0064,210.0,61.35,292.97
DD0064,240.0,60.45,293.26
DD0064,270.0,60.16,293.93
DD0064,300.0,59.59,294.42
DD0064,330.0,59.42,293.3
DD0064,360.0,59.38,294.82
DD0064,390.0,59.22,295.15
DD0064,420.0,58.25,294.51
DD0064,450.0,58.2,294.07
DD0064,480.0,57.44,295.07
DD0064,510.0,57.31,295.87
DD0064,540.0,57.12,296.46
DD0064,570.0,56.87,296.84
DD0064,600.0,56.47,298.26
DD0064,630.0,56.73,299.28
DD0064,660.0,56.86,299.03
DD0064,690.0,56.45,298.87
DD0064,720.0,56.23,299.32
DD0064,750.0,55.99,299.29
DD0064,780.0,55.79,299.92
DD0064,801.65,55.6,300.02
DD0065,0.0,67.2,290.08
DD0065,30.0,66.7,291.29
DD0065,60.0,66.19,291.52
DD0065,90.0,65.89,291.93
DD0065,120.0,65.47,292.9
DD0065,124.89,65.27,292.81
DD0066,0.0,58.74,290.12
DD0066,30.0,59.01,290.66
DD0066,60.0,58.59,291.67
DD0066,90.0,58.39,291.38
DD0066,120.0,58.3,292.01
DD0066,150.0,58.37,291.8
DD0066,180.0,58.03,292.71
DD0066,210.0,57.6,292.59
DD0066,240.0,56.98,292.81
DD0066,264.77,56.58,293.79
DD0067,0.0,61.31,290.13
DD0067,30.0,61.33,290.68
DD0067,60.0,60.45,291.53
DD0067,90.0,59.96,292.7
DD0067,120.0,59.7,294.02
DD0067,150.0,59.59,293.8
DD0067,180.0,59.68,294.27
DD0067,210.0,58.75,294.27
DD0067,240.0,57.79,294.38
DD0067,270.0,57.63,293.62
DD0067,273.51,57.69,294.7
DD0068,0.0,57.47,289.79
DD0068,30.0,57.35,290.56
DD0068,60.0,56.77,290.53
DD0068,90.0,57.17,290.68
DD0068,120.0,56.84,291.44
DD0068,150.0,56.44,290.58
DD0068,180.0,55.69,291.4
DD0068,210.0,55.3,292.2
DD0068,240.0,55.41,292.91
DD0068,270.0,54.89,293.08
DD0068,300.0,54.15,293.76
DD0068,330.0,53.77,294.46
DD0068,360.0,53.44,295.47
DD0068,390.0,53.12,295.74
DD0068,420.0,52.34,295.88
DD0068,450.0,52.06,296.13
DD0068,457.68,51.74,296.24
DD0069,0.0,69.93,290.15
DD0069,30.0,69.32,291.1
DD0069,60.0,68.62,290.9
DD0069,90.0,68.06,291.23
DD0069,120.0,67.88,291.81
DD0069,150.0,67.4,292.53
DD0069,180.0,66.57,292.58
DD0069,210.0,66.08,292.6
DD0069,240.0,65.0,293.89
DD0069,270.0,64.54,294.96
DD0069,300.0,64.26,295.48
DD0069,330.0,64.07,294.76
DD0069,360.0,63.0,295.88
DD0069,390.0,62.91,297.22
DD0069,420.0,62.46,296.36
DD0069,450.0,61.72,297.45
DD0069,480.0,61.71,298.18
DD0069,495.89,61.5,298.36
DD0070,0.0,66.79,290.69
DD0070,30.0,66.61,290.55
DD0070,60.0,66.43,290.77
DD0070,90.0,65.75,292.19
DD0070,120.0,65.24,292.36
DD0070,150.0,64.96,293.67
DD0070,180.0,64.92,294.34
DD0070,210.0,64.79,295.86
DD0070,240.0,64.51,297.45
DD0070,270.0,64.2,297.92
DD0070,300.0,63.86,297.62
DD0070,330.0,63.45,298.27
DD0070,360.0,63.16,299.54
DD0070,390.0,62.46,300.16
DD0070,420.0,61.84,301.01
DD0070,450.0,61.33,300.27
DD0070,480.0,60.9,299.8
DD0070,510.0,60.43,300.06
DD0070,540.0,60.23,300.06
DD0070,570.0,60.11,301.29
DD0070,600.0,59.73,301.0
DD0070,602.66,59.88,299.86
DD0071,0.0,59.54,289.55
DD0071,30.0,58.64,290.11
DD0071,60.0,58.1,289.54
DD0071,90.0,57.96,290.45
DD0071,120.0,57.21,291.81
DD0071,150.0,56.66,292.57
DD0071,180.0,56.28,293.97
DD0071,210.0,55.85,293.91
DD0071,240.0,55.54,294.13
DD0071,270.0,55.24,294.46
DD0071,300.0,55.02,294.46
DD0071,330.0,54.67,295.43
DD0071,360.0,54.07,295.74
DD0071,390.0,53.86,296.31
DD0071,420.0,53.25,296.79
DD0071,450.0,52.59,296.59
DD0071,480.0,52.04,297.34
DD0071,510.0,51.36,297.85
DD0071,540.0,50.66,298.12
DD0071,570.0,50.23,297.04
DD0071,600.0,49.48,298.05
DD0071,630.0,48.81,298.37
DD0071,660.0,48.68,298.98
DD0071,690.0,47.99,298.37
DD0071,720.0,47.93,298.54
DD0071,748.9,47.49,298.94
DD0072,0.0,58.01,290.03
DD0072,30.0,57.25,290.73
DD0072,60.0,56.4,290.67
DD0072,90.0,55.8,291.36
DD0072,120.0,55.25,290.73
DD0072,150.0,54.91,291.23
DD0072,180.0,54.55,292.37
DD0072,210.0,53.98,291.9
DD0072,240.0,53.52,293.08
DD0072,270.0,53.43,293.9
DD0072,300.0,53.26,294.7
DD0072,330.0,52.67,295.36
DD0072,360.0,52.11,295.73
DD0072,390.0,51.89,295.41
DD0072,420.0,51.64,296.2
DD0072,450.0,51.04,296.44
DD0072,480.0,50.86,296.42
DD0072,510.0,51.12,296.21
DD0072,540.0,50.69,295.14
DD0072,570.0,50.49,294.78
DD0072,600.0,49.85,295.07
DD0072,630.0,49.47,296.7
DD0072,660.0,49.18,296.57
DD0072,690.0,48.44,298.14
DD0072,720.0,48.13,298.99
DD0072,750.0,47.7,299.77
DD0072,780.0,47.09,300.16
DD0072,810.0,46.8,299.39
DD0072,840.0,46.39,299.99
DD0072,857.17,46.23,300.34
DD0073,0.0,70.98,290.09
DD0073,30.0,70.85,290.47
DD0073,60.0,69.88,290.86
DD0073,90.0,70.2,290.79
DD0073,96.49,70.19,292.59
DD0074,0.0,59.66,290.34
DD0074,30.0,59.23,290.47
DD0074,60.0,59.19,290.35
DD0074,90.0,58.9,291.3
DD0074,120.0,58.18,291.01
DD0074,120.87,58.36,291.07
DD0075,0.0,56.27,290.53
DD0075,30.0,55.5,290.22
DD0075,60.0,54.82,290.59
DD0075,90.0,54.41,291.74
DD0075,120.0,54.49,292.21
DD0075,150.0,53.95,292.65
DD0075,180.0,53.5,292.97
DD0075,210.0,53.15,293.09
DD0075,240.0,52.08,294.2
DD0075,248.94,51.74,295.22
DD0076,0.0,62.52,289.95
DD0076,30.0,62.01,290.02
DD0076,60.0,61.05,289.77
DD0076,90.0,60.12,290.04
DD0076,120.0,59.63,290.48
DD0076,150.0,59.39,290.83
DD0076,180.0,58.61,290.42
DD0076,210.0,58.07,289.46
DD0076,240.0,57.63,290.26
DD0076,270.0,57.57,289.88
DD0076,300.0,57.0,289.91
DD0076,307.74,57.14,289.32
DD0077,0.0,57.89,290.35
DD0077,30.0,57.15,291.52
DD0077,60.0,56.72,291.35
DD0077,90.0,56.12,291.03
DD0077,120.0,55.93,290.5
DD0077,150.0,55.63,292.24
DD0077,180.0,55.33,291.65
DD0077,210.0,55.1,292.47
DD0077,240.0,54.88,292.6
DD0077,270.0,54.24,293.15
DD0077,300.0,53.78,294.26
DD0077,330.0,53.7,295.65
DD0077,346.36,53.58,295.88
DD0078,0.0,58.86,289.84
DD0078,30.0,58.6,290.17
DD0078,60.0,57.86,289.69
DD0078,90.0,57.61,290.29
DD0078,120.0,56.72,290.88
DD0078,150.0,55.96,291.63
DD0078,180.0,55.15,292.83
DD0078,210.0,54.97,293.55
DD0078,240.0,54.51,294.28
DD0078,270.0,54.16,294.38
DD0078,300.0,54.02,295.22
DD0078,330.0,53.87,295.87
DD0078,360.0,53.8,297.21
DD0078,390.0,53.04,297.75
DD0078,420.0,52.59,298.88
DD0078,450.0,52.47,298.74
DD0078,451.2,52.86,299.05
DD0079,0.0,74.43,290.96
DD0079,30.0,74.59,291.59
DD0079,60.0,74.67,292.43
DD0079,90.0,74.41,291.95
DD0079,120.0,73.81,292.09
DD0079,150.0,73.3,292.17
DD0079,180.0,73.43,291.69
DD0079,210.0,72.71,292.41
DD0079,240.0,72.18,292.5
DD0079,270.0,71.97,293.53
DD0079,300.0,71.36,293.18
DD0079,330.0,71.19,293.35
DD0079,360.0,71.05,294.2
DD0079,390.0,70.97,293.97
DD0079,420.0,70.85,294.11
DD0079,450.0,70.91,295.65
DD0079,480.0,70.89,295.87
DD0079,507.87,71.26,296.06
DD0080,0.0,55.42,289.38
DD0080,30.0,55.01,289.58
DD0080,60.0,54.44,289.97
DD0080,90.0,53.84,290.08
DD0080,120.0,53.51,289.76
DD0080,150.0,53.59,290.63
DD0080,180.0,53.19,290.29
DD0080,210.0,52.88,291.54
DD0080,240.0,52.65,291.54
DD0080,270.0,52.24,292.17
DD0080,300.0,51.75,291.95
DD0080,330.0,51.29,292.43
DD0080,360.0,50.9,292.89
DD0080,390.0,50.57,293.15
DD0080,420.0,49.91,293.92
DD0080,450.0,49.44,294.36
DD0080,480.0,49.9,294.47
DD0080,510.0,49.15,295.22
DD0080,540.0,48.98,295.79
DD0080,570.0,49.12,295.81
DD0080,600.0,49.76,296.31
DD0080,630.0,49.78,296.48
DD0080,651.46,49.6,297.27
DD0081,0.0,67.92,290.54
DD0081,30.0,67.42,291.08
DD0081,60.0,66.83,291.98
DD0081,90.0,66.69,291.72
DD0081,120.0,66.44,292.44
DD0081,150.0,65.94,293.45
DD0081,180.0,65.85,295.11
DD0081,210.0,65.75,295.74
DD0081,240.0,65.16,296.06
DD0081,270.0,65.06,295.63
DD0081,300.0,64.82,295.93
DD0081,330.0,64.24,296.82
DD0081,360.0,63.91,296.89
DD0081,390.0,63.83,297.66
DD0081,420.0,63.38,297.45
DD0081,450.0,62.9,296.59
DD0081,480.0,62.14,298.13
DD0081,510.0,61.97,298.65
DD0081,540.0,62.0,299.24
DD0081,570.0,61.13,299.74
DD0081,600.0,60.95,300.43
DD0081,630.0,60.22,301.47
DD0081,632.25,59.57,301.36
DD0082,0.0,67.87,290.01
DD0082,30.0,67.07,289.86
DD0082,60.0,66.95,290.35
DD0082,90.0,66.54,289.05
DD0082,120.0,66.01,289.08
DD0082,150.0,65.65,289.53
DD0082,180.0,64.96,290.5
DD0082,210.0,65.04,290.55
DD0082,240.0,64.9,291.32
DD0082,270.0,63.99,292.02
DD0082,300.0,63.5,291.57
DD0082,330.0,62.79,292.55
DD0082,360.0,62.66,292.75
DD0082,390.0,62.13,292.22
DD0082,420.0,62.11,292.32
DD0082,450.0,61.78,292.57
DD0082,480.0,61.57,294.1
DD0082,510.0,61.28,294.94
DD0082,540.0,60.64,295.05
DD0082,570.0,60.82,296.37
DD0082,600.0,60.57,296.99
DD0082,630.0,60.55,297.98
DD0082,660.0,59.58,299.31
DD0082,679.03,59.05,299.2
DD0083,0.0,67.75,290.1
DD0083,30.0,67.21,291.53
DD0083,60.0,66.81,291.97
DD0083,90.0,66.3,292.41
DD0083,120.0,65.96,292.86
DD0083,150.0,65.81,293.87
DD0083,180.0,65.38,293.19
DD0083,210.0,65.01,293.35
DD0083,240.0,64.29,293.69
DD0083,270.0,63.91,293.83
DD0083,300.0,63.53,294.62
DD0083,330.0,63.53,295.91
DD0083,360.0,63.68,296.08
DD0083,390.0,63.34,296.69
DD0083,420.0,62.94,297.49
DD0083,450.0,62.77,298.23
DD0083,480.0,62.22,299.04
DD0083,510.0,61.8,299.52
DD0083,540.0,60.9,300.46
DD0083,570.0,60.45,300.86
DD0083,600.0,60.42,302.34
DD0083,630.0,60.09,303.54
DD0083,660.0,59.87,303.19
DD0083,690.0,59.41,304.28
DD0083,720.0,59.15,304.31
DD0083,750.0,58.1,305.18
DD0083,775.16,57.51,304.91
DD0084,0.0,69.49,289.98
DD0084,30.0,69.66,290.16
DD0084,60.0,69.31,291.06
DD0084,90.0,68.89,291.64
DD0084,120.0,68.48,292.55
DD0084,150.0,67.95,291.91
DD0084,180.0,67.37,292.48
DD0084,210.0,67.09,293.41
DD0084,240.0,66.65,295.04
DD0084,270.0,66.63,295.19
DD0084,300.0,65.97,295.54
DD0084,330.0,66.28,296.41
DD0084,360.0,66.05,296.12
DD0084,390.0,65.77,297.57
DD0084,420.0,64.81,298.07
DD0084,450.0,64.69,299.05
DD0084,480.0,64.3,298.85
DD0084,510.0,63.65,299.26
DD0084,540.0,63.53,299.55
DD0084,570.0,62.79,300.04
DD0084,600.0,62.12,300.55
DD0084,630.0,61.7,301.18
DD0084,660.0,61.37,302.36
DD0084,690.0,60.84,302.46
DD0084,720.0,60.37,302.48
DD0084,750.0,59.86,302.49
DD0084,780.0,59.63,303.39
DD0084,796.63,59.64,304.27
DD0085,0.0,73.01,289.68
DD0085,30.0,72.47,290.51
DD0085,60.0,71.86,290.72
DD0085,90.0,71.02,291.86
DD0085,109.36,70.71,293.1
DD0086,0.0,73.21,289.57
DD0086,30.0,72.56,289.3
DD0086,60.0,72.02,288.61
DD0086,90.0,71.28,289.07
DD0086,120.0,70.99,289.95
DD0086,150.0,70.65,290.0
DD0086,180.0,70.25,290.26
DD0086,210.0,70.09,289.74
DD0086,227.28,69.89,289.35
DD0087,0.0,72.65,289.61
DD0087,30.0,72.12,289.6
DD0087,60.0,71.8,290.86
DD0087,90.0,71.71,290.72
DD0087,120.0,71.58,291.04
DD0087,150.0,71.29,291.23
DD0087,180.0,71.08,291.92
DD0087,210.0,69.9,291.84
DD0087,240.0,69.73,292.41
DD0087,257.84,69.79,292.81
DD0088,0.0,64.55,290.48
DD0088,30.0,64.33,291.06
DD0088,60.0,63.53,291.02
DD0088,90.0,63.42,291.53
DD0088,120.0,63.02,292.37
DD0088,150.0,62.74,292.91
DD0088,180.0,62.04,293.41
DD0088,210.0,61.77,292.68
DD0088,240.0,61.39,293.25
DD0088,270.0,61.34,294.89
DD0088,300.0,61.13,295.65
DD0088,330.0,60.72,295.56
DD0088,360.0,60.62,296.71
DD0088,389.7,60.2,296.83
DD0089,0.0,55.95,291.67
DD0089,30.0,55.41,292.8
DD0089,60.0,54.73,293.23
DD0089,90.0,54.08,293.68
DD0089,120.0,53.62,293.14
DD0089,150.0,53.01,294.02
DD0089,180.0,52.79,294.87
DD0089,210.0,52.61,295.58
DD0089,240.0,52.36,295.28
DD0089,270.0,52.48,295.02
DD0089,300.0,52.62,294.88
DD0089,330.0,51.8,295.79
DD0089,360.0,51.31,295.44
DD0089,390.0,50.53,296.49
DD0089,420.0,49.64,298.15
DD0089,450.0,48.93,299.38
DD0089,480.0,48.83,299.85
DD0089,510.0,48.02,300.32
DD0089,540.0,47.78,301.99
DD0089,566.12,47.12,301.88
DD0090,0.0,71.77,290.78
DD0090,30.0,71.57,290.96
DD0090,60.0,71.27,291.01
DD0090,90.0,70.94,291.16
DD0090,120.0,70.46,291.45
DD0090,150.0,70.03,291.69
DD0090,180.0,69.58,291.81
DD0090,210.0,69.09,291.33
DD0090,240.0,69.18,291.72
DD0090,270.0,68.61,291.67
DD0090,300.0,68.67,292.01
DD0090,330.0,68.74,292.95
DD0090,360.0,68.58,293.18
DD0090,390.0,67.69,294.03
DD0090,420.0,67.7,294.04
DD0090,450.0,67.28,293.56
DD0090,480.0,67.06,293.41
DD0090,510.0,66.79,295.6
DD0090,540.0,66.46,297.12
DD0090,570.0,65.83,297.89
DD0090,585.3,65.98,298.7
DD0091,0.0,68.32,290.24
DD0091,30.0,67.64,290.39
DD0091,60.0,66.93,291.34
DD0091,90.0,66.19,292.33
DD0091,120.0,65.76,292.61
DD0091,150.0,65.46,292.69
DD0091,180.0,65.48,293.5
DD0091,210.0,65.93,294.06
DD0091,240.0,65.18,294.62
DD0091,270.0,65.25,294.99
DD0091,300.0,64.64,295.97
DD0091,330.0,64.01,296.13
DD0091,360.0,63.93,296.38
DD0091,390.0,63.46,297.12
DD0091,420.0,63.91,297.79
DD0091,450.0,63.79,298.52
DD0091,480.0,63.44,297.74
DD0091,510.0,63.02,297.32
DD0091,540.0,62.59,297.85
DD0091,570.0,61.8,298.05
DD0091,600.0,61.86,298.07
DD0091,630.0,61.37,299.01
DD0091,660.0,60.76,299.6
DD0091,690.0,60.14,300.18
DD0091,720.0,59.79,299.85
DD0091,750.0,59.99,299.24
DD0091,780.0,59.13,300.16
DD0091,801.06,59.21,301.9
DD0092,0.0,69.81,289.74
DD0092,30.0,69.32,290.93
DD0092,60.0,68.31,291.57
DD0092,75.94,68.52,292.53
DD0093,0.0,70.53,289.41
DD0093,30.0,70.06,290.31
DD0093,60.0,69.66,291.83
DD0093,90.0,69.17,292.37
DD0093,120.0,68.9,293.54
DD0093,150.0,68.17,293.56
DD0093,180.0,67.47,292.86
DD0093,189.18,67.16,292.93
DD0094,0.0,61.94,289.94
DD0094,30.0,61.35,291.45
DD0094,60.0,61.06,291.38
DD0094,90.0,60.8,291.37
DD0094,120.0,60.63,291.48
DD0094,150.0,61.0,292.26
DD0094,180.0,61.15,292.84
DD0094,210.0,60.95,293.0
DD0094,240.0,60.56,293.57
DD0094,263.43,60.8,295.19
DD0095,0.0,55.54,290.58
DD0095,30.0,54.93,290.31
DD0095,60.0,54.49,291.98
DD0095,90.0,54.43,292.94
DD0095,120.0,54.68,292.88
DD0095,150.0,54.34,292.39
DD0095,180.0,54.39,292.9
DD0095,210.0,53.53,291.94
DD0095,240.0,52.94,293.02
DD0095,270.0,52.6,293.25
DD0095,300.0,52.57,294.81
DD0095,330.0,52.47,296.52
DD0095,360.0,51.84,296.67
DD0095,367.72,51.9,296.56
DD0096,0.0,60.27,291.11
DD0096,30.0,59.56,291.34
DD0096,60.0,59.2,290.67
DD0096,90.0,58.88,290.73
DD0096,120.0,58.58,292.32
DD0096,150.0,57.86,293.56
DD0096,180.0,57.94,293.62
DD0096,210.0,57.48,294.38
DD0096,240.0,57.41,294.51
DD0096,270.0,57.31,295.21
DD0096,300.0,56.94,296.56
DD0096,330.0,56.4,296.69
DD0096,360.0,55.97,297.68
DD0096,390.0,55.21,297.22
DD0096,420.0,55.01,297.21
DD0096,450.0,54.61,296.69
DD0096,480.0,54.55,297.27
DD0096,482.17,54.45,296.98
DD0097,0.0,65.71,289.98
DD0097,30.0,65.75,290.37
DD0097,60.0,65.58,291.3
DD0097,90.0,65.3,290.77
DD0097,120.0,64.68,290.38
DD0097,150.0,64.87,291.78
DD0097,180.0,64.01,292.7
DD0097,210.0,63.12,292.52
DD0097,240.0,62.03,293.09
DD0097,270.0,62.39,293.33
DD0097,300.0,62.28,294.19
DD0097,330.0,61.75,296.24
DD0097,360.0,61.68,296.12
DD0097,390.0,61.27,296.16
DD0097,420.0,61.03,297.15
DD0097,450.0,60.5,297.72
DD0097,480.0,60.05,297.31
DD0097,493.16,60.15,297.57
DD0098,0.0,70.13,291.67
DD0098,30.0,70.17,291.95
DD0098,60.0,69.98,292.14
DD0098,90.0,69.55,292.82
DD0098,120.0,69.11,293.63
DD0098,150.0,68.49,294.63
DD0098,180.0,68.81,294.65
DD0098,210.0,68.61,295.35
DD0098,240.0,68.29,296.42
DD0098,270.0,67.96,297.29
DD0098,300.0,67.72,298.21
DD0098,330.0,67.79,298.6
DD0098,360.0,67.22,298.21
DD0098,390.0,66.47,298.54
DD0098,420.0,66.23,298.39
DD0098,450.0,65.92,298.78
DD0098,480.0,65.18,298.53
DD0098,510.0,64.9,298.45
DD0098,540.0,64.0,299.21
DD0098,570.0,63.25,298.79
DD0098,600.0,63.09,299.47
DD0098,630.0,62.99,300.9
DD0098,638.61,63.01,300.16
DD0099,0.0,63.86,289.69
DD0099,30.0,63.4,290.28
DD0099,60.0,62.82,291.35
DD0099,90.0,62.4,291.7
DD0099,120.0,62.62,291.31
DD0099,150.0,62.55,292.34
DD0099,180.0,62.41,293.39
DD0099,210.0,61.98,293.6
DD0099,240.0,62.16,293.53
DD0099,270.0,62.04,293.77
DD0099,300.0,62.36,294.62
DD0099,330.0,62.17,295.03
DD0099,360.0,61.6,295.62
DD0099,390.0,61.14,296.98
DD0099,420.0,60.89,297.09
DD0099,450.0,59.87,297.43
DD0099,480.0,59.57,297.69
DD0099,510.0,59.4,298.25
DD0099,540.0,58.93,299.4
DD0099,570.0,58.45,299.41
DD0099,600.0,57.7,299.72
DD0099,630.0,57.85,298.62
DD0099,660.0,57.34,298.65
DD0099,690.0,56.86,298.46
DD0099,696.45,57.2,298.73
DD0100,0.0,61.92,289.28
DD0100,30.0,61.44,289.43
DD0100,60.0,60.93,290.64
DD0100,90.0,60.72,291.73
DD0100,120.0,60.2,292.75
DD0100,150.0,59.57,292.16
DD0100,180.0,59.51,292.94
DD0100,210.0,59.19,293.09
DD0100,240.0,59.06,293.72
DD0100,270.0,58.33,294.67
DD0100,300.0,57.99,295.51
DD0100,330.0,57.31,295.72
DD0100,360.0,57.17,296.43
DD0100,390.0,56.95,297.69
DD0100,420.0,56.45,298.26
DD0100,450.0,55.99,298.08
DD0100,480.0,55.91,298.89
DD0100,510.0,55.89,299.88
DD0100,540.0,55.37,299.81
DD0100,570.0,55.45,300.1
DD0100,600.0,54.95,300.81
DD0100,630.0,54.41,301.01
DD0100,660.0,54.13,300.94
DD0100,690.0,53.47,301.45
DD0100,720.0,53.47,302.2
DD0100,750.0,53.12,302.5
DD0100,780.0,52.6,302.98
DD0100,810.0,52.4,303.14
DD0100,839.2,51.41,304.18
DD0101,0.0,70.77,289.93
DD0101,30.0,70.86,289.95
DD0101,60.0,70.06,290.68
DD0101,86.2,69.95,291.79
DD0102,0.0,61.87,291.09
DD0102,30.0,60.99,292.55
DD0102,60.0,60.54,292.75
DD0102,90.0,60.37,293.47
DD0102,120.0,60.31,293.0
DD0102,150.0,59.93,293.16
DD0102,180.0,59.67,293.38
DD0102,191.4,59.12,293.98
DD0103,0.0,71.77,289.87
DD0103,30.0,71.63,290.01
DD0103,60.0,71.8,290.24
DD0103,90.0,71.56,290.96
DD0103,120.0,71.16,291.94
DD0103,150.0,71.19,293.01
DD0103,180.0,71.28,292.91
DD0103,210.0,70.97,293.42
DD0103,240.0,70.62,294.51
DD0103,270.0,70.33,294.18
DD0103,281.32,70.72,295.12
DD0104,0.0,67.91,290.48
DD0104,30.0,67.19,291.15
DD0104,60.0,66.51,292.5
DD0104,90.0,66.05,292.89
DD0104,120.0,66.32,294.14
DD0104,150.0,66.56,294.99
DD0104,180.0,66.2,295.2
DD0104,210.0,65.51,295.74
DD0104,240.0,65.04,296.4
DD0104,270.0,64.47,295.86
DD0104,300.0,64.11,296.42
DD0104,330.0,63.87,296.15
DD0104,343.6,63.57,296.67
DD0105,0.0,72.04,289.87
DD0105,30.0,71.5,290.35
DD0105,60.0,71.1,289.53
DD0105,90.0,70.84,291.05
DD0105,120.0,69.95,291.95
DD0105,150.0,69.47,292.0
DD0105,180.0,69.06,291.47
DD0105,210.0,68.53,291.75
DD0105,240.0,68.14,291.61
DD0105,270.0,68.38,292.43
DD0105,300.0,68.19,292.91
DD0105,330.0,67.99,293.19
DD0105,360.0,67.79,293.32
DD0105,385.43,67.42,293.45
DD0106,0.0,57.79,290.23
DD0106,30.0,57.19,290.63
DD0106,60.0,57.05,290.34
DD0106,90.0,56.95,290.96
DD0106,120.0,57.01,289.87
DD0106,150.0,56.63,290.35
DD0106,180.0,56.4,291.15
DD0106,210.0,56.48,291.31
DD0106,240.0,56.29,290.67
DD0106,270.0,56.27,290.54
DD0106,300.0,56.1,291.6
DD0106,330.0,56.52,292.31
DD0106,360.0,55.96,293.18
DD0106,390.0,55.45,294.08
DD0106,420.0,54.81,294.41
DD0106,450.0,54.83,294.19
DD0106,480.0,54.3,294.61
DD0106,510.0,54.15,294.35
DD0106,540.0,53.58,294.39
DD0106,570.0,52.64,294.84
DD0106,573.88,52.58,295.45
DD0107,0.0,56.59,289.92
DD0107,30.0,56.14,289.97
DD0107,60.0,54.97,289.54
DD0107,90.0,54.33,290.19
DD0107,120.0,53.42,290.46
DD0107,150.0,52.59,291.42
DD0107,180.0,51.77,291.76
DD0107,210.0,51.26,292.34
DD0107,240.0,50.41,293.08
DD0107,270.0,50.01,293.79
DD0107,300.0,49.92,294.78
DD0107,330.0,48.73,295.57
DD0107,360.0,48.35,296.78
DD0107,390.0,48.12,297.06
DD0107,420.0,48.22,296.99
DD0107,450.0,47.79,297.41
DD0107,480.0,47.07,297.89
DD0107,510.0,46.39,297.49
DD0107,540.0,45.9,298.04
DD0107,570.0,45.68,298.68
DD0107,600.0,45.51,297.89
DD0107,630.0,44.9,297.98
DD0107,648.14,44.85,298.29
DD0108,0.0,59.2,290.11
DD0108,30.0,58.85,290.8
DD0108,60.0,58.32,291.8
DD0108,90.0,57.99,292.77
DD0108,120.0,57.84,292.87
DD0108,150.0,57.04,292.64
DD0108,180.0,56.48,293.19
DD0108,210.0,56.34,293.2
DD0108,240.0,55.89,293.43
DD0108,270.0,55.4,294.42
DD0108,300.0,55.51,295.31
DD0108,330.0,55.3,296.33
DD0108,360.0,55.66,297.98
DD0108,390.0,54.72,298.98
DD0108,420.0,54.61,300.66
DD0108,450.0,54.14,300.68
DD0108,480.0,54.03,301.07
DD0108,510.0,53.73,302.27
DD0108,540.0,53.18,301.51
DD0108,570.0,52.93,301.84
DD0108,600.0,52.23,303.41
DD0108,630.0,51.64,303.84
DD0108,660.0,50.97,304.47
DD0108,690.0,50.33,305.77
DD0108,720.0,50.45,305.37
DD0108,730.54,50.48,306.13
DD0109,0.0,67.89,290.8
DD0109,30.0,68.13,290.53
DD0109,60.0,67.8,291.01
DD0109,90.0,67.14,291.02
DD0109,120.0,67.16,291.92
DD0109,150.0,67.01,293.34
DD0109,180.0,66.59,293.89
DD0109,210.0,66.2,295.66
DD0109,240.0,65.88,295.67
DD0109,270.0,65.53,295.68
DD0109,300.0,64.64,295.88
DD0109,330.0,63.8,295.71
DD0109,360.0,63.94,295.55
DD0109,390.0,63.64,295.67
DD0109,420.0,63.12,296.08
DD0109,450.0,62.73,296.33
DD0109,480.0,61.79,296.59
DD0109,510.0,60.94,296.59
DD0109,540.0,60.51,296.42
DD0109,570.0,60.16,296.47
DD0109,600.0,59.5,296.78
DD0109,630.0,58.96,296.44
DD0109,660.0,58.35,296.58
DD0109,690.0,58.18,297.24
DD0109,720.0,57.69,297.34
DD0109,749.73,57.11,298.48
DD0110,0.0,70.26,290.27
DD0110,30.0,69.9,292.09
DD0110,60.0,69.97,291.56
DD0110,90.0,69.59,292.47
DD0110,114.84,69.02,293.32
DD0111,0.0,67.36,290.1
DD0111,30.0,67.12,290.05
DD0111,60.0,67.15,289.8
DD0111,90.0,66.71,290.52
DD0111,120.0,65.99,291.25
DD0111,150.0,65.63,291.65
DD0111,180.0,65.21,291.98
DD0111,206.82,64.95,292.04
DD0112,0.0,60.98,289.76
DD0112,30.0,60.77,289.71
DD0112,60.0,60.82,289.24
DD0112,90.0,60.26,288.67
DD0112,120.0,59.02,288.05
DD0112,150.0,58.54,289.37
DD0112,180.0,57.88,290.67
DD0112,210.0,57.56,291.25
DD0112,233.34,57.22,292.36
DD0113,0.0,62.8,290.42
DD0113,30.0,62.07,290.72
DD0113,60.0,61.78,291.74
DD0113,90.0,61.96,293.31
DD0113,120.0,61.7,293.42
DD0113,150.0,61.96,294.37
DD0113,180.0,61.71,294.52
DD0113,210.0,61.27,295.26
DD0113,240.0,61.13,295.5
DD0113,270.0,60.89,296.48
DD0113,300.0,60.16,298.49
DD0113,330.0,59.85,299.42
DD0113,345.68,59.06,300.13
DD0114,0.0,61.0,290.22
DD0114,30.0,60.87,290.8
DD0114,60.0,60.56,291.14
DD0114,90.0,60.41,291.2
DD0114,120.0,59.72,292.56
DD0114,150.0,58.46,292.46
DD0114,180.0,58.15,292.66
DD0114,210.0,57.67,293.13
DD0114,240.0,57.59,293.33
DD0114,270.0,57.24,293.61
DD0114,300.0,56.93,293.46
DD0114,330.0,56.56,294.14
DD0114,360.0,55.81,296.0
DD0114,390.0,55.53,296.37
DD0114,420.0,55.23,296.65
DD0114,450.0,54.81,297.34
DD0114,459.45,54.83,297.74
DD0115,0.0,70.08,291.41
DD0115,30.0,69.87,292.48
DD0115,60.0,69.3,292.17
DD0115,90.0,68.87,293.0
DD0115,120.0,68.82,293.84
DD0115,150.0,68.93,294.31
DD0115,180.0,68.8,295.27
DD0115,210.0,68.43,295.47
DD0115,240.0,68.5,296.39
DD0115,270.0,67.92,298.27
DD0115,300.0,67.49,299.38
DD0115,330.0,66.73,298.81
DD0115,360.0,66.44,299.47
DD0115,390.0,66.09,300.31
DD0115,420.0,65.66,301.48
DD0115,450.0,65.03,301.53
DD0115,480.0,64.76,302.63
DD0115,510.0,64.29,302.75
DD0115,540.0,63.71,303.38
DD0115,570.0,63.29,304.17
DD0115,600.0,62.52,303.77
DD0115,630.0,62.25,304.23
DD0115,660.0,62.1,303.66
DD0115,690.0,61.64,302.93
DD0115,708.36,61.57,303.14
DD0116,0.0,63.65,290.55
DD0116,30.0,63.81,290.55
DD0116,60.0,63.64,290.38
DD0116,90.0,63.1,291.4
DD0116,120.0,63.16,291.9
DD0116,150.0,62.78,291.73
DD0116,180.0,62.68,292.06
DD0116,210.0,62.0,291.48
DD0116,240.0,61.87,291.35
DD0116,270.0,61.08,291.42
DD0116,300.0,60.97,291.41
DD0116,330.0,60.81,291.47
DD0116,360.0,59.89,291.97
DD0116,390.0,59.57,292.0
DD0116,420.0,59.02,291.87
DD0116,450.0,58.32,292.0
DD0116,480.0,58.04,292.52
DD0116,510.0,57.58,293.16
DD0116,540.0,57.2,294.23
DD0116,570.0,57.08,294.5
DD0116,600.0,56.41,294.34
DD0116,630.0,56.0,294.5
DD0116,660.0,55.56,294.75
DD0116,690.0,55.62,294.03
DD0116,720.0,54.74,293.99
DD0116,750.0,54.51,295.81
DD0116,780.0,54.1,297.06
DD0116,807.03,53.8,298.14
DD0117,0.0,74.33,290.01
DD0117,30.0,73.74,290.12
DD0117,60.0,73.59,289.3
DD0117,90.0,73.32,289.72
DD0117,120.0,73.05,289.51
DD0117,133.95,72.61,289.3
DD0118,0.0,60.21,290.79
DD0118,30.0,59.92,290.85
DD0118,60.0,60.0,291.88
DD0118,90.0,59.48,292.33
DD0118,120.0,59.41,293.4
DD0118,150.0,58.67,295.0
DD0118,180.0,58.54,295.78
DD0118,210.0,57.99,296.12
DD0118,235.76,57.58,296.8
DD0119,0.0,70.04,290.68
DD0119,30.0,69.94,291.74
DD0119,60.0,69.73,293.22
DD0119,90.0,69.86,292.83
DD0119,120.0,69.42,292.81
DD0119,150.0,69.24,292.86
DD0119,180.0,68.82,293.1
DD0119,210.0,68.9,294.02
DD0119,240.0,68.3,293.87
DD0119,270.0,67.93,294.98
DD0119,300.0,67.24,295.58
DD0119,323.38,66.24,296.06
DD0120,0.0,65.36,290.29
DD0120,30.0,64.4,291.46
DD0120,60.0,64.07,291.6
DD0120,90.0,64.27,292.09
DD0120,120.0,63.54,292.8
DD0120,150.0,62.93,292.91
DD0120,180.0,62.73,292.62
DD0120,210.0,62.36,293.05
DD0120,240.0,62.0,293.68
DD0120,270.0,61.94,294.01
DD0120,300.0,61.7,293.87
DD0120,330.0,61.12,294.88
DD0120,358.43,61.4,295.11
DD0121,0.0,68.54,290.0
DD0121,30.0,68.45,290.13
DD0121,60.0,67.89,290.68
DD0121,90.0,67.54,289.98
DD0121,120.0,66.66,290.73
DD0121,150.0,66.05,292.32
DD0121,180.0,65.89,292.81
DD0121,210.0,65.56,293.33
DD0121,240.0,65.11,294.13
DD0121,270.0,64.12,294.93
DD0121,300.0,63.87,294.13
DD0121,330.0,63.7,294.31
DD0121,360.0,63.97,294.73
DD0121,390.0,63.86,294.89
DD0121,420.0,63.75,295.07
DD0121,429.19,63.82,294.93
DD0122,0.0,63.72,289.28
DD0122,30.0,63.17,289.89
DD0122,60.0,63.2,291.17
DD0122,90.0,62.58,291.83
DD0122,120.0,62.86,291.9
DD0122,150.0,61.98,293.14
DD0122,180.0,61.29,292.73
DD0122,210.0,60.76,292.72
DD0122,240.0,60.66,293.79
DD0122,270.0,60.44,293.55
DD0122,300.0,59.56,294.44
DD0122,330.0,59.34,294.31
DD0122,360.0,58.9,295.31
DD0122,390.0,58.6,294.44
DD0122,420.0,58.09,295.44
DD0122,450.0,57.85,295.73
DD0122,480.0,57.21,296.36
DD0122,510.0,56.68,297.78
DD0122,540.0,56.04,298.99
DD0122,541.58,55.52,299.79
DD0123,0.0,69.54,290.51
DD0123,30.0,68.88,291.55
DD0123,60.0,68.87,292.08
DD0123,90.0,68.94,291.98
DD0123,120.0,68.57,292.93
DD0123,150.0,68.55,293.65
DD0123,180.0,68.67,294.54
DD0123,210.0,68.25,293.68
DD0123,240.0,67.68,293.15
DD0123,270.0,67.44,294.82
DD0123,300.0,67.45,296.3
DD0123,330.0,67.45,296.42
DD0123,360.0,66.34,296.17
DD0123,390.0,65.84,297.0
DD0123,420.0,65.61,297.08
DD0123,450.0,65.4,298.1
DD0123,480.0,64.17,297.97
DD0123,510.0,63.71,298.7
DD0123,523.24,63.68,298.19
DD0124,0.0,56.71,290.78
DD0124,30.0,55.97,290.73
DD0124,60.0,55.28,291.1
DD0124,90.0,55.02,292.29
DD0124,120.0,53.95,292.99
DD0124,150.0,53.47,292.76
DD0124,180.0,53.34,293.31
DD0124,210.0,53.28,293.32
DD0124,240.0,53.33,294.34
DD0124,270.0,53.07,294.95
DD0124,300.0,52.23,295.26
DD0124,330.0,51.69,296.04
DD0124,360.0,50.98,296.54
DD0124,390.0,51.0,297.1
DD0124,420.0,51.2,298.21
DD0124,450.0,51.02,297.73
DD0124,480.0,50.32,299.28
DD0124,510.0,49.64,298.63
DD0124,540.0,48.78,299.66
DD0124,570.0,47.84,300.02
DD0124,600.0,47.21,300.05
DD0124,630.0,47.42,300.08
DD0124,657.51,46.94,301.32
DD0125,0.0,72.01,290.36
DD0125,30.0,72.28,290.67
DD0125,60.0,71.55,290.69
DD0125,90.0,71.11,290.75
DD0125,120.0,70.86,290.87
DD0125,150.0,70.11,292.2
DD0125,180.0,69.79,292.47
DD0125,210.0,69.59,291.8
DD0125,240.0,69.74,292.41
DD0125,270.0,69.53,291.61
DD0125,300.0,68.72,291.38
DD0125,330.0,68.2,292.23
DD0125,360.0,67.65,291.96
DD0125,390.0,67.16,292.17
DD0125,420.0,66.41,291.96
DD0125,450.0,65.94,291.81
DD0125,480.0,65.22,292.95
DD0125,510.0,64.84,292.4
DD0125,540.0,65.1,293.41
DD0125,570.0,65.03,293.29
DD0125,600.0,64.48,293.4
DD0125,630.0,64.14,293.36
DD0125,660.0,64.16,293.39
DD0125,690.0,63.73,294.12
DD0125,720.0,62.93,294.07
DD0125,750.0,62.54,294.18
DD0125,780.0,61.93,294.2
DD0125,781.37,61.32,294.39
DD0126,0.0,69.52,289.47
DD0126,30.0,69.48,288.93
DD0126,60.0,68.97,289.8
DD0126,90.0,68.76,291.71
DD0126,115.02,68.42,291.48
DD0127,0.0,60.78,290.51
DD0127,30.0,60.16,291.14
DD0127,60.0,59.73,292.18
DD0127,90.0,59.69,294.39
DD0127,120.0,58.83,295.23
DD0127,150.0,58.04,296.05
DD0127,171.76,58.06,295.89
DD0128,0.0,66.72,290.16
DD0128,30.0,66.22,290.59
DD0128,60.0,66.23,290.85
DD0128,90.0,65.85,290.64
DD0128,120.0,65.81,289.91
DD0128,150.0,65.19,289.68
DD0128,180.0,64.61,289.23
DD0128,210.0,64.63,290.99
DD0128,240.0,63.8,289.7
DD0128,251.19,63.72,289.78
DD0129,0.0,67.29,288.97
DD0129,30.0,66.91,288.94
DD0129,60.0,66.18,288.93
DD0129,90.0,65.54,290.06
DD0129,120.0,65.49,290.84
DD0129,150.0,65.05,291.07
DD0129,180.0,65.28,292.2
DD0129,210.0,64.79,292.25
DD0129,240.0,65.2,293.08
DD0129,270.0,64.76,292.49
DD0129,300.0,65.05,293.17
DD0129,330.0,65.36,294.01
DD0129,360.0,65.25,294.2
DD0129,366.26,65.41,294.22
DD0130,0.0,61.17,289.0
DD0130,30.0,60.85,290.13
DD0130,60.0,60.32,289.67
DD0130,90.0,59.92,289.95
DD0130,120.0,59.55,289.12
DD0130,150.0,59.12,290.02
DD0130,180.0,58.63,289.18
DD0130,210.0,57.9,289.0
DD0130,240.0,57.69,288.58
DD0130,270.0,57.63,289.35
DD0130,300.0,57.26,289.92
DD0130,330.0,57.11,290.11
DD0130,360.0,56.63,289.47
DD0130,390.0,55.8,289.61
DD0130,420.0,55.27,289.44
DD0130,450.0,54.85,289.75
DD0130,480.0,54.66,290.68
DD0130,487.69,54.94,291.38
DD0131,0.0,69.71,290.85
DD0131,30.0,69.14,291.34
DD0131,60.0,69.06,290.57
DD0131,90.0,68.5,291.48
DD0131,120.0,68.69,291.23
DD0131,150.0,68.43,292.01
DD0131,180.0,68.33,292.63
DD0131,210.0,68.21,292.2
DD0131,240.0,68.01,293.07
DD0131,270.0,67.82,293.91
DD0131,300.0,67.69,294.44
DD0131,330.0,67.87,295.56
DD0131,360.0,67.5,296.52
DD0131,390.0,67.34,297.34
DD0131,420.0,66.87,298.43
DD0131,450.0,65.88,299.18
DD0131,480.0,65.24,300.41
DD0131,510.0,64.36,301.26
DD0131,540.0,64.03,301.66
DD0131,570.0,63.36,301.52
DD0131,600.0,63.44,302.13
DD0131,621.86,63.58,301.92
DD0132,0.0,68.84,289.1
DD0132,30.0,68.68,290.53
DD0132,60.0,68.16,291.53
DD0132,90.0,67.77,292.15
DD0132,120.0,67.59,292.84
DD0132,150.0,66.59,293.41
DD0132,180.0,66.08,293.73
DD0132,210.0,65.36,295.37
DD0132,240.0,65.32,295.71
DD0132,270.0,64.85,296.01
DD0132,300.0,64.75,296.06
DD0132,330.0,63.56,297.09
DD0132,360.0,63.32,297.33
DD0132,390.0,63.25,297.56
DD0132,420.0,62.62,297.74
DD0132,450.0,62.2,298.67
DD0132,480.0,61.54,298.52
DD0132,510.0,60.87,298.42
DD0132,540.0,60.27,298.58
DD0132,570.0,59.73,299.3
DD0132,600.0,59.51,300.03
DD0132,630.0,58.74,300.51
DD0132,660.0,59.02,300.43
DD0132,663.91,59.02,301.24
DD0133,0.0,70.8,290.05
DD0133,30.0,70.9,290.62
DD0133,60.0,70.21,291.32
DD0133,90.0,70.4,291.23
DD0133,120.0,70.02,291.78
DD0133,150.0,69.32,292.51
DD0133,180.0,69.21,292.86
DD0133,210.0,68.4,293.57
DD0133,240.0,67.61,294.86
DD0133,270.0,66.63,296.18
DD0133,300.0,66.06,296.15
DD0133,330.0,65.68,296.02
DD0133,360.0,65.8,296.75
DD0133,390.0,65.52,297.65
DD0133,420.0,65.37,297.21
DD0133,450.0,65.51,296.81
DD0133,480.0,64.94,296.64
DD0133,510.0,64.38,297.41
DD0133,540.0,64.18,297.37
DD0133,570.0,63.88,298.13
DD0133,600.0,63.03,298.35
DD0133,630.0,62.83,299.05
DD0133,660.0,61.75,300.03
DD0133,690.0,61.12,300.76
DD0133,720.0,60.79,300.23
DD0133,735.46,60.61,301.17
DD0134,0.0,55.4,289.32
DD0134,30.0,55.15,289.22
DD0134,60.0,54.74,290.71
DD0134,90.0,54.17,290.69
DD0134,105.98,53.88,289.91
DD0135,0.0,56.62,289.56
DD0135,30.0,56.03,289.34
DD0135,60.0,55.52,289.67
DD0135,90.0,55.21,290.65
DD0135,120.0,55.18,290.5
DD0135,150.0,54.75,290.77
DD0135,180.0,54.5,290.93
DD0135,210.0,53.75,292.18
DD0135,240.0,53.28,292.33
DD0135,266.07,52.96,292.72
DD0136,0.0,69.38,289.24
DD0136,30.0,68.7,289.34
DD0136,60.0,68.38,289.29
DD0136,90.0,68.07,290.65
DD0136,120.0,67.26,291.36
DD0136,150.0,66.4,292.34
DD0136,180.0,66.14,292.39
DD0136,210.0,66.19,292.64
DD0136,240.0,65.61,292.86
DD0136,270.0,65.5,291.68
DD0136,300.0,64.79,292.38
DD0136,330.0,64.26,293.22
DD0136,360.0,63.84,294.16
DD0136,368.48,63.84,295.57
DD0137,0.0,72.76,289.41
DD0137,30.0,72.39,290.6
DD0137,60.0,72.07,291.63
DD0137,90.0,72.1,292.88
DD0137,120.0,71.85,293.85
DD0137,150.0,71.18,294.09
DD0137,180.0,70.8,294.06
DD0137,210.0,71.06,293.76
DD0137,240.0,70.33,294.59
DD0137,270.0,69.66,295.88
DD0137,300.0,68.97,297.66
DD0137,330.0,68.91,297.84
DD0137,360.0,68.24,299.43
DD0137,382.95,68.01,299.22
DD0138,0.0,58.38,290.09
DD0138,30.0,57.87,290.45
DD0138,60.0,57.15,291.3
DD0138,90.0,57.1,291.4
DD0138,120.0,57.04,292.14
DD0138,150.0,56.51,292.95
DD0138,180.0,56.33,293.2
DD0138,210.0,56.4,293.49
DD0138,240.0,55.69,294.9
DD0138,270.0,55.26,294.43
DD0138,300.0,55.33,294.85
DD0138,330.0,55.25,294.91
DD0138,360.0,55.46,295.31
DD0138,390.0,55.26,294.41
DD0138,420.0,54.59,294.65
DD0138,450.0,54.6,294.23
DD0138,480.0,54.51,294.05
DD0138,510.0,54.06,294.84
DD0138,540.0,53.72,295.27
DD0138,570.0,53.01,296.43
DD0138,600.0,52.9,295.69
DD0138,630.0,52.71,295.29
DD0138,660.0,52.55,295.69
DD0138,672.16,52.2,296.32
DD0139,0.0,70.65,289.05
DD0139,30.0,70.39,290.82
DD0139,60.0,69.63,291.43
DD0139,90.0,68.62,291.56
DD0139,120.0,68.41,291.79
DD0139,150.0,68.14,291.94
DD0139,180.0,67.8,292.44
DD0139,210.0,67.34,292.77
DD0139,240.0,67.25,293.54
DD0139,270.0,66.96,293.28
DD0139,300.0,66.79,294.06
DD0139,330.0,66.58,294.66
DD0139,360.0,65.82,296.19
DD0139,390.0,65.95,296.5
DD0139,420.0,65.89,296.71
DD0139,450.0,65.42,298.07
DD0139,480.0,64.88,299.03
DD0139,510.0,64.71,299.3
DD0139,540.0,64.12,300.47
DD0139,570.0,63.75,301.39
DD0139,600.0,63.64,300.93
DD0139,630.0,63.08,300.56
DD0139,660.0,62.66,299.21
DD0139,690.0,62.13,299.46
DD0139,700.5,61.72,299.61
DD0140,0.0,55.58,290.0
DD0140,30.0,55.15,290.67
DD0140,60.0,54.59,291.89
DD0140,90.0,54.51,292.89
DD0140,120.0,53.78,293.57
DD0140,150.0,53.58,294.86
DD0140,180.0,53.04,294.82
DD0140,210.0,52.74,295.34
DD0140,240.0,52.11,296.51
DD0140,270.0,52.02,296.52
DD0140,300.0,51.55,297.03
DD0140,330.0,51.98,296.78
DD0140,360.0,51.7,297.02
DD0140,390.0,51.93,297.47
DD0140,420.0,51.42,297.44
DD0140,450.0,51.56,298.08
DD0140,480.0,51.5,298.51
DD0140,510.0,51.35,297.83
DD0140,540.0,50.98,298.07
DD0140,570.0,50.83,298.0
DD0140,600.0,50.75,297.49
DD0140,630.0,50.78,298.93
DD0140,660.0,50.17,300.17
DD0140,690.0,50.0,300.7
DD0140,720.0,49.99,301.06
DD0140,750.0,49.82,302.78
DD0140,780.0,49.71,303.76
DD0140,810.0,49.11,304.35
DD0140,840.0,48.13,306.01
DD0140,870.0,47.38,306.71
DD0140,889.93,47.01,305.92
DD0141,0.0,65.16,289.72
DD0141,30.0,64.63,289.25
DD0141,47.41,64.24,289.25
DD0142,0.0,65.26,289.7
DD0142,30.0,64.9,290.17
DD0142,60.0,64.47,290.95
DD0142,90.0,63.89,292.61
DD0142,120.0,63.8,293.42
DD0142,150.0,63.45,294.19
DD0142,180.0,62.95,294.85
DD0142,210.0,62.5,296.0
DD0142,212.52,62.2,295.93
DD0143,0.0,60.0,290.75
DD0143,30.0,59.26,291.52
DD0143,60.0,58.52,291.59
DD0143,90.0,58.11,292.2
DD0143,120.0,57.86,292.31
DD0143,150.0,57.28,292.0
DD0143,180.0,56.84,292.35
DD0143,210.0,56.48,292.51
DD0143,240.0,56.0,293.59
DD0143,270.0,55.41,293.18
DD0143,292.28,55.51,293.67
DD0144,0.0,71.23,290.66
DD0144,30.0,70.76,289.74
DD0144,60.0,70.52,290.43
DD0144,90.0,69.68,290.45
DD0144,120.0,69.24,289.72
DD0144,150.0,69.32,289.94
DD0144,180.0,69.09,290.71
DD0144,210.0,68.5,291.09
DD0144,240.0,67.75,292.56
DD0144,270.0,67.36,292.31
DD0144,300.0,67.74,292.75
DD0144,330.0,67.26,294.02
DD0144,360.0,66.22,293.8
DD0144,390.0,65.5,294.19
DD0144,410.01,65.22,294.51
DD0145,0.0,67.21,290.13
DD0145,30.0,66.93,290.59
DD0145,60.0,66.52,289.93
DD0145,90.0,66.49,291.41
DD0145,120.0,65.9,291.04
DD0145,150.0,65.75,291.38
DD0145,180.0,65.07,291.91
DD0145,210.0,64.74,292.26
DD0145,240.0,64.55,292.84
DD0145,270.0,64.44,293.39
DD0145,300.0,64.07,294.65
DD0145,330.0,63.7,294.7
DD0145,360.0,63.43,295.44
DD0145,390.0,63.0,296.16
DD0145,420.0,62.56,296.85
DD0145,450.0,61.74,297.81
DD0145,480.0,61.44,298.49
DD0145,510.0,61.1,298.61
DD0145,511.07,60.61,298.0
DD0146,0.0,74.06,290.59
DD0146,30.0,73.56,291.28
DD0146,60.0,73.8,291.68
DD0146,90.0,73.32,291.04
DD0146,120.0,72.57,292.21
DD0146,150.0,72.18,293.65
DD0146,180.0,71.36,294.35
DD0146,210.0,70.66,294.17
DD0146,240.0,70.09,295.7
DD0146,270.0,69.27,295.85
DD0146,300.0,69.34,297.17
DD0146,330.0,68.34,298.34
DD0146,360.0,68.28,297.76
DD0146,390.0,67.92,297.66
DD0146,420.0,67.54,299.48
DD0146,450.0,67.54,299.87
DD0146,480.0,66.91,301.65
DD0146,510.0,66.45,302.6
DD0146,540.0,65.81,302.57
DD0146,570.0,65.7,302.59
DD0146,600.0,65.49,302.96
DD0146,630.0,65.44,303.66
DD0146,660.0,64.68,304.75
DD0146,681.14,64.39,305.53
DD0147,0.0,68.49,290.19
DD0147,30.0,68.63,290.46
DD0147,60.0,68.56,290.56
DD0147,90.0,68.09,290.29
DD0147,120.0,67.31,290.95
DD0147,150.0,67.52,292.06
DD0147,180.0,67.18,292.29
DD0147,210.0,67.29,292.4
DD0147,240.0,66.85,292.65
DD0147,270.0,66.28,292.96
DD0147,300.0,65.59,293.07
DD0147,330.0,65.32,293.42
DD0147,360.0,64.99,294.03
DD0147,390.0,64.29,293.81
DD0147,420.0,63.64,293.45
DD0147,450.0,63.29,293.96
DD0147,480.0,62.75,294.97
DD0147,510.0,62.29,295.62
DD0147,540.0,61.83,297.06
DD0147,570.0,61.63,297.33
DD0147,600.0,61.6,297.36
DD0147,630.0,61.25,297.93
DD0147,660.0,60.63,299.46
DD0147,690.0,59.83,300.15
DD0147,720.0,58.91,301.41
DD0147,750.0,58.75,301.9
DD0147,780.0,57.98,302.0
DD0147,810.0,57.39,301.68
DD0147,818.34,57.26,301.52
DD0148,0.0,57.53,289.43
DD0148,30.0,56.95,289.09
DD0148,60.0,56.9,289.01
DD0148,85.01,56.44,288.52
DD0149,0.0,69.01,290.0
DD0149,30.0,68.72,290.2
DD0149,60.0,69.01,290.27
DD0149,90.0,68.45,289.91
DD0149,120.0,68.28,290.36
DD0149,150.0,67.36,290.26
DD0149,156.25,66.87,290.79
DD0150,0.0,55.91,289.61
DD0150,30.0,56.19,290.01
DD0150,60.0,56.22,290.07
DD0150,90.0,56.04,290.34
DD0150,120.0,55.18,290.28
DD0150,150.0,54.75,291.89
DD0150,180.0,54.29,292.77
DD0150,210.0,53.98,292.11
DD0150,240.0,53.45,292.51
DD0150,270.0,53.08,292.11
DD0150,300.0,53.45,293.09
DD0150,328.26,54.01,293.33
DD0151,0.0,68.58,288.13
DD0151,30.0,68.37,287.83
DD0151,60.0,68.36,288.99
DD0151,90.0,68.31,288.65
DD0151,120.0,67.64,289.44
DD0151,150.0,67.2,289.19
DD0151,180.0,67.16,289.61
DD0151,210.0,66.9,289.87
DD0151,240.0,66.55,288.96
DD0151,270.0,66.24,290.74
DD0151,300.0,65.87,290.85
DD0151,330.0,65.56,290.75
DD0151,360.0,64.86,291.99
DD0151,390.0,64.74,292.41
DD0151,420.0,64.21,293.31
DD0151,450.0,64.04,294.19
DD0151,480.0,63.68,295.14
DD0151,510.0,63.26,294.82
DD0151,540.0,63.3,294.64
DD0151,570.0,62.39,295.18
DD0151,600.0,61.92,295.14
DD0151,620.65,61.79,295.14
DD0152,0.0,71.05,290.66
DD0152,30.0,70.64,291.22
DD0152,60.0,70.07,292.62
DD0152,90.0,69.7,292.78
DD0152,120.0,69.34,292.63
DD0152,150.0,68.71,291.59
DD0152,180.0,68.77,293.56
DD0152,210.0,68.64,293.58
DD0152,240.0,68.71,293.76
DD0152,270.0,68.33,293.7
DD0152,300.0,68.19,294.15
DD0152,330.0,67.96,294.27
DD0152,360.0,67.6,296.0
DD0152,390.0,67.33,296.55
DD0152,420.0,67.59,296.73
DD0152,450.0,67.22,297.68
DD0152,480.0,66.71,297.96
DD0152,510.0,66.87,298.94
DD0152,540.0,66.21,299.78
DD0152,570.0,65.57,300.34
DD0152,600.0,65.72,300.72
DD0152,630.0,65.49,300.43
DD0152,660.0,65.49,300.26
DD0152,690.0,64.93,301.88
DD0152,720.0,64.59,301.91
DD0152,738.93,64.41,302.16
DD0153,0.0,62.8,290.23
DD0153,30.0,62.63,291.33
DD0153,60.0,62.67,292.1
DD0153,90.0,62.46,293.76
DD0153,120.0,62.01,292.99
DD0153,150.0,62.27,294.19
DD0153,180.0,61.62,296.07
DD0153,210.0,61.25,296.88
DD0153,240.0,61.61,297.27
DD0153,270.0,61.43,296.14
DD0153,300.0,61.21,297.08
DD0153,330.0,60.52,296.59
DD0153,360.0,60.66,296.86
DD0153,390.0,59.82,295.34
DD0153,420.0,59.7,295.11
DD0153,450.0,59.66,295.97
DD0153,480.0,59.66,296.09
DD0153,510.0,59.42,295.85
DD0153,540.0,58.81,296.02
DD0153,570.0,59.01,295.58
DD0153,600.0,58.45,296.17
DD0153,630.0,57.8,297.49
DD0153,660.0,56.79,297.61
DD0153,690.0,56.37,297.72
DD0153,720.0,56.67,298.06
DD0153,750.0,56.69,298.99
DD0153,780.0,56.33,299.32
DD0153,810.0,55.52,299.47
DD0153,840.0,55.41,298.85
DD0153,856.94,55.09,298.72
DD0154,0.0,56.3,289.66
DD0154,30.0,55.99,289.71
DD0154,53.77,55.63,289.83
DD0155,0.0,63.85,289.78
DD0155,30.0,63.57,289.91
DD0155,60.0,63.53,290.62
DD0155,90.0,63.32,291.18
DD0155,120.0,62.72,291.47
DD0155,150.0,62.06,291.55
DD0155,180.0,62.01,291.16
DD0155,206.95,61.81,291.55
DD0156,0.0,67.74,288.36
DD0156,30.0,67.06,289.67
DD0156,60.0,66.3,290.47
DD0156,90.0,66.0,291.16
DD0156,120.0,65.78,291.46
DD0156,150.0,65.31,292.7
DD0156,180.0,65.38,292.87
DD0156,210.0,64.88,294.09
DD0156,227.97,64.59,295.69
DD0157,0.0,61.96,290.96
DD0157,30.0,61.52,291.14
DD0157,60.0,61.43,292.53
DD0157,90.0,61.35,291.85
DD0157,120.0,61.04,291.79
DD0157,150.0,60.73,292.5
DD0157,180.0,60.11,293.52
DD0157,210.0,60.28,294.89
DD0157,240.0,59.44,295.81
DD0157,270.0,58.93,296.59
DD0157,300.0,58.6,298.46
DD0157,330.0,58.41,299.4
DD0157,330.04,58.53,298.89
DD0158,0.0,57.83,289.92
DD0158,30.0,57.1,290.82
DD0158,60.0,57.58,291.82
DD0158,90.0,57.51,292.41
DD0158,120.0,57.77,293.11
DD0158,150.0,57.27,293.67
DD0158,180.0,57.02,294.37
DD0158,210.0,56.56,294.43
DD0158,240.0,56.21,294.32
DD0158,270.0,56.01,295.16
DD0158,300.0,55.74,294.59
DD0158,330.0,55.06,294.38
DD0158,360.0,54.32,295.88
DD0158,390.0,53.68,296.62
DD0158,420.0,53.61,297.4
DD0158,450.0,53.2,297.33
DD0158,480.0,52.97,298.35
DD0158,506.56,52.43,298.62
DD0159,0.0,61.26,288.39
DD0159,30.0,60.88,289.01
DD0159,60.0,59.97,289.28
DD0159,90.0,59.38,290.65
DD0159,120.0,59.6,290.73
DD0159,150.0,59.19,292.07
DD0159,180.0,58.77,292.75
DD0159,210.0,58.34,293.21
DD0159,240.0,57.97,293.52
DD0159,270.0,57.28,293.29
DD0159,300.0,56.88,293.93
DD0159,330.0,56.13,294.02
DD0159,360.0,55.64,294.99
DD0159,390.0,54.83,296.27
DD0159,420.0,54.44,296.69
DD0159,450.0,53.43,297.36
DD0159,480.0,53.83,297.08
DD0159,510.0,53.03,297.54
DD0159,525.68,52.46,298.06
DD0160,0.0,65.73,289.51
DD0160,30.0,65.36,290.08
DD0160,60.0,64.93,290.49
DD0160,90.0,64.26,290.88
DD0160,120.0,63.65,291.39
DD0160,150.0,63.12,292.58
DD0160,180.0,62.7,293.42
DD0160,210.0,61.96,292.3
DD0160,240.0,61.56,292.4
DD0160,270.0,61.02,292.73
DD0160,300.0,60.64,293.87
DD0160,330.0,60.48,294.7
DD0160,360.0,60.26,294.66
DD0160,390.0,59.67,295.09
DD0160,420.0,59.34,296.93
DD0160,450.0,58.73,296.7
DD0160,480.0,58.56,296.94
DD0160,510.0,58.36,297.73
DD0160,540.0,57.93,298.76
DD0160,570.0,57.26,299.15
DD0160,600.0,56.74,299.21
DD0160,630.0,56.28,300.63
DD0160,646.13,56.08,300.73
DD0161,0.0,60.7,288.88
DD0161,30.0,60.16,288.77
DD0161,60.0,59.98,289.5
DD0161,90.0,59.14,289.33
DD0161,120.0,59.02,289.09
DD0161,150.0,58.47,289.29
DD0161,180.0,58.14,289.19
DD0161,210.0,57.68,289.88
DD0161,240.0,57.09,289.69
DD0161,270.0,57.17,290.26
DD0161,300.0,56.66,290.57
DD0161,330.0,56.76,290.96
DD0161,360.0,56.85,290.79
DD0161,390.0,56.46,291.82
DD0161,420.0,56.22,292.14
DD0161,450.0,56.04,292.93
DD0161,480.0,55.94,293.38
DD0161,510.0,56.23,294.25
DD0161,540.0,55.56,293.94
DD0161,570.0,55.58,294.32
DD0161,600.0,55.16,294.77
DD0161,630.0,55.0,295.62
DD0161,660.0,54.75,295.12
DD0161,690.0,54.48,295.12
DD0161,720.0,54.24,295.88
DD0161,750.0,53.56,296.02
DD0161,755.91,53.41,295.15
DD0162,0.0,71.38,290.64
DD0162,30.0,70.74,291.54
DD0162,60.0,70.42,292.73
DD0162,90.0,70.05,293.01
DD0162,120.0,69.82,294.11
DD0162,150.0,69.68,294.72
DD0162,180.0,69.33,295.46
DD0162,210.0,68.84,295.45
DD0162,240.0,68.73,295.55
DD0162,270.0,68.26,295.4
DD0162,300.0,68.25,295.56
DD0162,330.0,67.92,295.63
DD0162,360.0,67.66,295.93
DD0162,390.0,67.26,296.49
DD0162,420.0,67.28,297.01
DD0162,450.0,67.14,299.01
DD0162,480.0,66.58,299.58
DD0162,510.0,66.42,300.13
DD0162,540.0,66.24,301.18
DD0162,570.0,65.98,302.88
DD0162,600.0,65.09,304.28
DD0162,630.0,64.85,305.33
DD0162,660.0,64.35,305.22
DD0162,690.0,63.76,305.49
DD0162,720.0,63.5,305.29
DD0162,750.0,63.15,305.28
DD0162,759.04,62.6,304.76
DD0163,0.0,75.05,288.88
DD0163,30.0,74.84,288.56
DD0163,60.0,75.17,288.24
DD0163,90.0,74.82,289.45
DD0163,98.66,74.63,289.58
DD0164,0.0,59.51,290.08
DD0164,30.0,59.03,289.92
DD0164,60.0,58.71,290.27
DD0164,90.0,58.57,291.54
DD0164,120.0,58.34,292.45
DD0164,150.0,57.65,293.17
DD0164,171.97,57.48,293.46
DD0165,0.0,63.02,289.51
DD0165,30.0,62.98,288.63
DD0165,60.0,62.67,289.22
DD0165,90.0,62.48,289.15
DD0165,120.0,62.42,289.34
DD0165,150.0,62.32,290.63
DD0165,180.0,61.92,290.5
DD0165,210.0,62.13,289.27
DD0165,240.0,61.47,290.46
DD0165,245.39,61.09,290.9
DD0166,0.0,56.34,289.89
DD0166,30.0,55.86,290.88
DD0166,60.0,55.46,291.87
DD0166,90.0,55.12,290.84
DD0166,120.0,54.5,290.1
DD0166,150.0,54.25,290.11
DD0166,180.0,53.83,289.81
DD0166,210.0,53.59,290.53
DD0166,240.0,53.5,291.6
DD0166,270.0,53.4,292.71
DD0166,300.0,53.28,293.54
DD0166,330.0,53.05,293.83
DD0166,360.0,52.71,295.19
DD0166,390.0,51.86,295.64
DD0166,409.23,51.61,295.72
DD0167,0.0,69.11,290.15
DD0167,30.0,69.07,290.12
DD0167,60.0,68.77,290.52
DD0167,90.0,68.42,290.56
DD0167,120.0,68.08,290.21
DD0167,150.0,67.28,291.47
DD0167,180.0,66.99,292.23
DD0167,210.0,66.42,292.36
DD0167,240.0,66.22,292.68
DD0167,270.0,65.34,293.97
DD0167,300.0,64.77,294.7
DD0167,330.0,64.82,295.92
DD0167,360.0,64.15,296.34
DD0167,390.0,63.64,295.75
DD0167,420.0,63.57,297.64
DD0167,445.04,63.3,298.06
DD0168,0.0,64.51,289.0
DD0168,30.0,63.87,289.54
DD0168,60.0,63.2,290.08
DD0168,90.0,62.84,291.14
DD0168,120.0,62.07,291.27
DD0168,150.0,61.45,291.17
DD0168,180.0,61.28,292.9
DD0168,210.0,61.1,293.38
DD0168,240.0,60.37,294.04
DD0168,270.0,60.33,293.98
DD0168,300.0,60.25,293.18
DD0168,330.0,60.19,293.22
DD0168,360.0,59.46,293.21
DD0168,390.0,58.56,292.99
DD0168,420.0,58.58,293.75
DD0168,450.0,58.52,294.73
DD0168,480.0,58.74,294.73
DD0168,510.0,58.09,296.21
DD0168,513.7,57.75,295.96
DD0169,0.0,64.26,289.98
DD0169,30.0,64.52,289.71
DD0169,60.0,64.36,289.93
DD0169,90.0,63.59,291.01
DD0169,120.0,63.74,291.06
DD0169,150.0,63.13,291.96
DD0169,180.0,62.76,291.72
DD0169,210.0,62.2,292.97
DD0169,240.0,61.39,293.35
DD0169,270.0,60.55,295.26
DD0169,300.0,60.31,295.96
DD0169,330.0,60.48,296.92
DD0169,360.0,60.3,296.96
DD0169,390.0,59.81,296.89
DD0169,420.0,59.31,297.25
DD0169,450.0,58.62,296.73
DD0169,480.0,58.39,297.85
DD0169,510.0,58.12,298.67
DD0169,535.74,57.52,298.38
DD0170,0.0,73.43,290.53
DD0170,30.0,72.93,290.77
DD0170,60.0,72.58,291.42
DD0170,90.0,72.09,292.33
DD0170,120.0,71.87,292.63
DD0170,150.0,71.52,292.74
DD0170,180.0,71.23,293.38
DD0170,210.0,71.1,293.21
DD0170,240.0,70.87,293.39
DD0170,270.0,70.33,292.22
DD0170,300.0,70.0,293.47
DD0170,330.0,69.64,293.34
DD0170,360.0,69.28,293.8
DD0170,390.0,69.25,293.66
DD0170,420.0,68.74,294.32
DD0170,450.0,68.22,296.05
DD0170,480.0,67.93,295.21
DD0170,510.0,67.83,295.36
DD0170,540.0,67.54,295.82
DD0170,570.0,66.76,296.45
DD0170,575.06,67.08,296.93
DD0171,0.0,61.79,289.97
DD0171,30.0,61.4,290.93
DD0171,60.0,61.35,290.67
DD0171,90.0,60.38,290.48
DD0171,120.0,60.2,290.86
DD0171,150.0,59.83,291.02
DD0171,180.0,59.0,291.97
DD0171,210.0,58.58,292.69
DD0171,240.0,58.15,292.87
DD0171,270.0,57.82,293.18
DD0171,300.0,57.57,294.32
DD0171,330.0,57.39,295.69
DD0171,360.0,57.48,296.22
DD0171,390.0,56.78,296.11
DD0171,420.0,56.66,296.48
DD0171,450.0,56.48,295.98
DD0171,480.0,56.07,296.38
DD0171,510.0,55.75,296.85
DD0171,540.0,55.06,297.69
DD0171,570.0,54.64,297.82
DD0171,600.0,53.98,298.37
DD0171,630.0,53.97,299.23
DD0171,660.0,53.61,298.41
DD0171,690.0,53.13,298.93
DD0171,707.21,52.94,299.24
DD0172,0.0,66.89,290.6
DD0172,30.0,66.1,291.1
DD0172,60.0,65.93,291.24
DD0172,90.0,65.34,292.33
DD0172,120.0,65.32,293.12
DD0172,150.0,65.21,293.16
DD0172,180.0,64.69,293.81
DD0172,210.0,64.23,294.37
DD0172,240.0,64.12,294.5
DD0172,270.0,64.09,295.57
DD0172,300.0,64.01,296.17
DD0172,330.0,63.49,296.33
DD0172,360.0,63.2,297.55
DD0172,390.0,62.71,297.09
DD0172,420.0,62.35,297.31
DD0172,450.0,62.4,296.79
DD0172,480.0,62.19,297.47
DD0172,510.0,61.77,297.82
DD0172,540.0,61.47,299.17
DD0172,570.0,61.52,299.37
DD0172,600.0,60.99,299.9
DD0172,630.0,60.28,300.28
DD0172,660.0,59.7,301.66
DD0172,690.0,59.24,302.37
DD0172,720.0,58.83,302.91
DD0172,750.0,58.44,303.12
DD0172,780.0,58.18,304.08
DD0172,810.0,57.77,305.18
DD0172,840.0,57.58,305.64
DD0172,844.61,57.64,305.32
DD0173,0.0,62.13,289.99
DD0173,30.0,62.13,290.46
DD0173,60.0,61.75,290.46
DD0173,90.0,61.6,291.51
DD0173,107.38,61.31,291.81
DD0174,0.0,60.82,288.7
DD0174,30.0,60.0,289.37
DD0174,60.0,59.58,290.89
DD0174,90.0,59.3,291.79
DD0174,120.0,59.58,290.75
DD0174,150.0,59.13,292.03
DD0174,180.0,58.6,291.99
DD0174,190.01,58.83,292.15
DD0175,0.0,56.57,290.31
DD0175,30.0,56.12,290.36
DD0175,60.0,55.84,290.51
DD0175,90.0,56.08,291.06
DD0175,120.0,55.84,291.46
DD0175,150.0,55.73,292.43
DD0175,180.0,55.52,292.23
DD0175,210.0,55.69,292.3
DD0175,240.0,54.31,294.01
DD0175,254.05,54.36,294.2
DD0176,0.0,66.53,289.72
DD0176,30.0,66.28,289.9
DD0176,60.0,65.76,290.77
DD0176,90.0,65.13,291.91
DD0176,120.0,64.89,292.5
DD0176,150.0,64.27,292.2
DD0176,180.0,63.55,293.45
DD0176,210.0,62.95,294.61
DD0176,240.0,62.96,294.91
DD0176,270.0,62.28,295.09
DD0176,300.0,62.17,295.92
DD0176,330.0,61.78,295.68
DD0176,360.0,61.47,295.89
DD0176,390.0,61.49,297.17
DD0176,420.0,61.16,297.23
DD0176,450.0,60.69,296.79
DD0176,480.0,60.47,296.97
DD0176,510.0,60.43,296.42
DD0176,540.0,59.8,296.9
DD0176,570.0,59.23,297.5
DD0176,592.55,58.38,298.35
DD0177,0.0,69.56,289.8
DD0177,30.0,69.42,290.7
DD0177,60.0,69.13,291.43
DD0177,90.0,68.54,292.52
DD0177,120.0,67.96,293.24
DD0177,150.0,68.06,293.54
DD0177,180.0,67.43,293.15
DD0177,210.0,66.73,293.19
DD0177,240.0,66.09,294.14
DD0177,270.0,65.7,295.36
DD0177,300.0,65.58,295.21
DD0177,330.0,65.35,295.04
DD0177,360.0,65.38,296.01
DD0177,390.0,64.56,296.77
DD0177,420.0,64.64,297.35
DD0177,450.0,64.2,297.73
DD0177,480.0,63.59,297.73
DD0177,510.0,63.77,298.54
DD0177,540.0,63.46,299.17
DD0177,570.0,63.33,299.38
DD0177,600.0,62.7,300.48
DD0177,630.0,62.23,300.21
DD0177,653.54,61.58,301.06
DD0178,0.0,69.02,290.2
DD0178,30.0,68.44,289.55
DD0178,60.0,67.81,289.72
DD0178,90.0,67.84,289.73
DD0178,120.0,67.22,289.4
DD0178,150.0,67.01,290.03
DD0178,180.0,66.84,290.98
DD0178,210.0,66.61,291.17
DD0178,240.0,66.29,291.81
DD0178,270.0,65.81,292.19
DD0178,300.0,65.24,291.52
DD0178,330.0,64.58,292.36
DD0178,360.0,64.3,293.97
DD0178,390.0,63.32,293.5
DD0178,420.0,62.94,293.54
DD0178,450.0,62.92,294.57
DD0178,480.0,62.78,295.21
DD0178,510.0,62.49,296.24
DD0178,540.0,61.89,296.5
DD0178,570.0,61.38,297.24
DD0178,600.0,61.41,297.18
DD0178,630.0,61.22,297.57
DD0178,660.0,60.93,297.73
DD0178,690.0,60.53,298.26
DD0178,720.0,60.06,298.75
DD0178,737.95,59.39,298.94
DD0179,0.0,66.01,290.31
DD0179,30.0,65.51,291.0
DD0179,60.0,65.63,290.83
DD0179,90.0,64.8,291.96
DD0179,114.73,64.88,293.25
DD0180,0.0,60.64,289.18
DD0180,30.0,60.42,288.46
DD0180,60.0,60.18,288.44
DD0180,90.0,60.15,288.96
DD0180,120.0,59.92,289.19
DD0180,150.0,59.78,289.99
DD0180,165.43,59.59,290.44
DD0181,0.0,60.57,290.11
DD0181,30.0,60.02,290.01
DD0181,60.0,59.43,289.99
DD0181,90.0,59.41,290.03
DD0181,120.0,58.62,289.86
DD0181,150.0,58.2,290.37
DD0181,180.0,57.57,290.73
DD0181,210.0,56.72,291.98
DD0181,240.0,56.88,292.48
DD0181,270.0,56.66,292.65
DD0181,300.0,56.5,293.7
DD0181,330.0,56.51,294.0
DD0181,348.59,56.14,294.8
DD0182,0.0,69.28,290.14
DD0182,30.0,68.82,290.04
DD0182,60.0,68.55,290.37
DD0182,90.0,68.53,291.21
DD0182,120.0,67.97,291.78
DD0182,150.0,67.49,292.61
DD0182,180.0,67.29,293.08
DD0182,210.0,66.86,293.31
DD0182,240.0,66.22,294.28
DD0182,270.0,65.58,295.06
DD0182,300.0,64.73,295.64
DD0182,330.0,64.28,296.89
DD0182,360.0,63.7,296.67
DD0182,379.22,63.54,298.38
DD0183,0.0,55.29,290.47
DD0183,30.0,55.08,291.03
DD0183,60.0,55.19,290.74
DD0183,90.0,54.46,291.69
DD0183,120.0,54.06,292.32
DD0183,150.0,53.28,293.0
DD0183,180.0,52.95,293.26
DD0183,210.0,52.12,293.76
DD0183,240.0,51.4,293.33
DD0183,270.0,50.99,294.14
DD0183,300.0,50.6,293.64
DD0183,330.0,50.27,293.75
DD0183,360.0,49.84,293.85
DD0183,390.0,49.44,293.22
DD0183,420.0,49.68,293.74
DD0183,450.0,49.25,293.85
DD0183,480.0,48.72,294.92
DD0183,510.0,48.44,294.75
DD0183,540.0,48.27,295.08
DD0183,555.52,48.14,295.3
DD0184,0.0,67.96,290.38
DD0184,30.0,67.65,291.69
DD0184,60.0,67.13,292.48
DD0184,90.0,66.1,292.41
DD0184,120.0,65.77,293.69
DD0184,150.0,65.84,293.86
DD0184,180.0,65.79,294.26
DD0184,210.0,65.19,294.86
DD0184,240.0,64.53,295.45
DD0184,270.0,64.64,296.37
DD0184,300.0,64.71,297.05
DD0184,330.0,64.05,297.86
DD0184,360.0,63.55,299.66
DD0184,390.0,63.56,300.4
DD0184,420.0,62.71,301.29
DD0184,450.0,62.44,302.05
DD0184,480.0,62.86,302.61
DD0184,510.0,62.4,304.23
DD0184,540.0,62.01,303.67
DD0184,570.0,61.59,304.17
DD0184,600.0,61.49,304.19
DD0184,605.28,61.37,304.73
DD0185,0.0,64.52,291.14
DD0185,30.0,64.43,292.06
DD0185,60.0,63.92,293.33
DD0185,90.0,63.1,294.45
DD0185,120.0,62.67,294.83
DD0185,150.0,61.69,296.07
DD0185,180.0,61.89,296.83
DD0185,210.0,61.54,296.57
DD0185,240.0,61.07,296.99
DD0185,270.0,60.65,298.5
DD0185,300.0,60.23,298.82
DD0185,330.0,60.33,300.47
DD0185,360.0,59.99,300.6
DD0185,390.0,60.03,302.15
DD0185,420.0,59.67,301.86
DD0185,450.0,59.02,302.8
DD0185,480.0,58.6,304.24
DD0185,510.0,58.51,304.77
DD0185,540.0,58.72,304.06
DD0185,570.0,58.67,304.44
DD0185,600.0,58.5,303.63
DD0185,630.0,58.04,304.37
DD0185,660.0,57.87,304.21
DD0185,690.0,57.32,303.61
DD0185,720.0,56.76,304.83
DD0185,745.38,57.09,305.51
DD0186,0.0,68.11,289.95
DD0186,30.0,67.1,290.67
DD0186,60.0,66.7,289.96
DD0186,90.0,66.11,291.01
DD0186,120.0,65.7,289.67
DD0186,150.0,65.65,290.17
DD0186,180.0,65.29,291.75
DD0186,210.0,64.81,292.89
DD0186,240.0,64.2,293.52
DD0186,270.0,63.44,294.14
DD0186,300.0,63.2,295.41
DD0186,330.0,62.92,296.26
DD0186,360.0,61.96,296.32
DD0186,390.0,60.99,297.15
DD0186,420.0,61.18,297.25
DD0186,450.0,61.14,297.45
DD0186,480.0,60.93,298.42
DD0186,510.0,60.5,298.29
DD0186,540.0,60.3,298.69
DD0186,570.0,59.72,299.36
DD0186,600.0,59.75,299.71
DD0186,630.0,59.19,300.14
DD0186,660.0,59.14,300.88
DD0186,690.0,59.07,302.7
DD0186,720.0,58.74,302.42
DD0186,750.0,58.58,302.52
DD0186,780.0,57.87,302.78
DD0186,810.0,57.62,302.45
DD0186,814.5,57.14,302.56
DD0187,0.0,73.78,290.47
DD0187,30.0,73.22,290.6
DD0187,60.0,72.79,290.38
DD0187,90.0,72.07,290.76
DD0187,120.0,71.31,291.98
DD0187,150.0,71.2,292.09
DD0187,155.38,70.54,293.55
DD0188,0.0,61.77,289.83
DD0188,30.0,61.11,290.61
DD0188,60.0,61.08,290.08
DD0188,90.0,60.13,290.55
DD0188,120.0,59.8,290.87
DD0188,150.0,59.65,290.99
DD0188,180.0,59.41,291.49
DD0188,210.0,58.68,291.94
DD0188,240.0,58.64,292.58
DD0188,270.0,58.17,293.06
DD0188,283.3,57.75,292.1
DD0189,0.0,61.37,290.09
DD0189,30.0,60.95,290.59
DD0189,60.0,60.72,292.14
DD0189,90.0,60.08,292.7
DD0189,120.0,59.78,292.93
DD0189,150.0,59.21,293.23
DD0189,180.0,58.63,293.93
DD0189,210.0,58.27,294.7
DD0189,240.0,57.58,295.53
DD0189,270.0,57.14,295.15
DD0189,300.0,57.06,295.9
DD0189,330.0,56.89,295.19
DD0189,360.0,56.25,295.22
DD0189,389.31,55.68,296.24
DD0190,0.0,73.22,290.3
DD0190,30.0,72.38,290.92
DD0190,60.0,72.38,291.21
DD0190,90.0,72.12,291.09
DD0190,120.0,71.92,290.98
DD0190,150.0,71.79,291.76
DD0190,180.0,71.51,292.22
DD0190,210.0,70.88,292.68
DD0190,240.0,71.38,293.04
DD0190,270.0,71.17,292.47
DD0190,300.0,70.34,292.38
DD0190,330.0,69.83,292.9
DD0190,360.0,69.4,292.98
DD0190,390.0,69.66,293.94
DD0190,420.0,69.66,294.67
DD0190,420.78,69.45,294.72
DD0191,0.0,71.22,290.23
DD0191,30.0,70.92,291.57
DD0191,60.0,70.81,292.46
DD0191,90.0,70.33,293.01
DD0191,120.0,69.69,293.44
DD0191,150.0,68.7,293.78
DD0191,180.0,68.16,295.12
DD0191,210.0,67.82,294.92
DD0191,240.0,67.5,294.3
DD0191,270.0,66.54,294.43
DD0191,300.0,66.62,295.01
DD0191,330.0,66.52,295.67
DD0191,360.0,65.61,296.01
DD0191,390.0,64.9,296.36
DD0191,420.0,64.48,297.67
DD0191,450.0,64.14,297.28
DD0191,480.0,63.19,298.4
DD0191,510.0,62.6,298.13
DD0191,529.95,62.31,298.33
DD0192,0.0,64.84,291.34
DD0192,30.0,64.2,291.71
DD0192,60.0,63.91,292.58
DD0192,90.0,63.37,294.05
DD0192,120.0,63.1,295.21
DD0192,150.0,62.82,295.97
DD0192,180.0,62.45,295.71
DD0192,210.0,62.03,296.75
DD0192,240.0,61.51,297.91
DD0192,270.0,61.12,298.11
DD0192,300.0,61.06,298.41
DD0192,330.0,61.18,298.64
DD0192,360.0,61.0,297.94
DD0192,390.0,60.69,299.19
DD0192,420.0,60.08,300.23
DD0192,450.0,59.4,301.56
DD0192,480.0,58.99,301.82
DD0192,510.0,59.05,302.24
DD0192,540.0,59.08,303.36
DD0192,570.0,58.61,304.51
DD0192,600.0,58.31,304.18
DD0192,629.4,58.19,304.76
DD0193,0.0,70.97,290.01
DD0193,30.0,70.47,290.79
DD0193,60.0,70.16,290.8
DD0193,90.0,69.3,291.69
DD0193,120.0,69.68,292.23
DD0193,150.0,69.27,292.76
DD0193,180.0,68.98,292.64
DD0193,210.0,69.09,293.01
DD0193,240.0,68.15,293.04
DD0193,270.0,67.77,293.05
DD0193,300.0,67.73,294.23
DD0193,330.0,67.68,294.39
DD0193,360.0,67.23,294.78
DD0193,390.0,67.26,294.89
DD0193,420.0,66.82,295.15
DD0193,450.0,66.19,295.02
DD0193,480.0,66.2,296.12
DD0193,510.0,65.6,297.2
DD0193,540.0,64.84,297.25
DD0193,570.0,64.01,297.52
DD0193,600.0,63.41,297.75
DD0193,630.0,63.14,299.36
DD0193,660.0,62.18,299.15
DD0193,663.9,62.31,299.58
DD0194,0.0,59.89,289.55
DD0194,30.0,59.81,290.51
DD0194,51.94,59.98,290.81
DD0195,0.0,74.4,288.58
DD0195,30.0,73.91,289.26
DD0195,60.0,73.61,290.73
DD0195,90.0,72.94,289.98
DD0195,120.0,71.97,290.39
DD0195,150.0,71.45,289.99
DD0195,180.0,71.01,290.35
DD0195,210.0,70.95,290.17
DD0195,218.65,70.8,289.94
DD0196,0.0,61.81,290.79
DD0196,30.0,61.65,292.1
DD0196,60.0,61.39,293.78
DD0196,90.0,61.04,293.2
DD0196,120.0,60.81,293.07
DD0196,150.0,60.63,292.69
DD0196,180.0,60.35,293.07
DD0196,210.0,60.22,293.37
DD0196,240.0,60.03,293.8
DD0196,270.0,60.15,293.94
DD0196,297.9,59.68,294.6
DD0197,0.0,67.24,290.15
DD0197,30.0,66.35,290.89
DD0197,60.0,65.94,290.99
DD0197,90.0,65.69,291.7
DD0197,120.0,65.57,291.63
DD0197,150.0,65.5,292.14
DD0197,180.0,65.48,291.81
DD0197,210.0,65.67,291.9
DD0197,240.0,65.55,292.69
DD0197,270.0,64.78,292.95
DD0197,300.0,64.65,292.39
DD0197,330.0,64.26,291.5
DD0197,354.49,63.78,291.93
DD0198,0.0,63.0,290.16
DD0198,30.0,62.18,291.07
DD0198,60.0,61.56,291.72
DD0198,90.0,60.59,292.36
DD0198,120.0,60.35,292.38
DD0198,150.0,59.57,292.73
DD0198,180.0,58.83,291.74
DD0198,210.0,58.81,292.22
DD0198,240.0,58.44,292.53
DD0198,270.0,57.67,292.67
DD0198,300.0,57.29,294.41
DD0198,330.0,57.3,295.69
DD0198,360.0,56.45,296.42
DD0198,390.0,55.76,296.44
DD0198,420.0,55.19,297.58
DD0198,450.0,54.43,297.48
DD0198,463.4,53.93,296.84
DD0199,0.0,69.49,289.69
DD0199,30.0,69.36,290.21
DD0199,60.0,69.24,292.47
DD0199,90.0,68.28,294.12
DD0199,120.0,68.19,295.26
DD0199,150.0,67.86,295.93
DD0199,180.0,67.42,295.75
DD0199,210.0,67.07,296.8
DD0199,240.0,66.09,297.41
DD0199,270.0,66.27,297.75
DD0199,300.0,66.21,298.53
DD0199,330.0,65.7,298.27
DD0199,360.0,65.59,298.95
DD0199,390.0,65.14,299.22
DD0199,420.0,65.03,299.2
DD0199,450.0,64.84,298.99
DD0199,480.0,64.26,298.94
DD0199,502.07,63.53,299.36
DD0200,0.0,68.93,289.88
DD0200,30.0,68.91,290.19
DD0200,60.0,68.53,290.83
DD0200,90.0,67.94,290.95
DD0200,120.0,67.55,290.01
DD0200,150.0,67.5,289.88
DD0200,180.0,67.23,290.48
DD0200,210.0,66.81,290.62
DD0200,240.0,65.9,291.46
DD0200,270.0,65.99,292.39
DD0200,300.0,65.31,292.43
DD0200,330.0,65.22,293.62
DD0200,360.0,64.63,293.2
DD0200,390.0,64.22,294.49
DD0200,420.0,64.11,295.22
DD0200,450.0,63.91,295.22
DD0200,480.0,64.55,295.25
DD0200,510.0,64.09,296.68
DD0200,526.35,64.26,296.31
DD0201,0.0,73.45,289.22
DD0201,30.0,73.48,290.04
DD0201,60.0,73.06,290.3
DD0201,90.0,72.25,291.19
DD0201,120.0,71.87,291.38
DD0201,150.0,71.53,291.38
DD0201,180.0,71.17,292.06
DD0201,210.0,71.0,292.71
DD0201,240.0,70.59,293.42
DD0201,270.0,70.49,293.22
DD0201,300.0,70.27,293.41
DD0201,330.0,70.5,293.77
DD0201,360.0,70.37,294.15
DD0201,390.0,69.79,295.54
DD0201,420.0,69.28,295.81
DD0201,450.0,69.03,297.2
DD0201,480.0,68.22,297.12
DD0201,510.0,67.8,298.28
DD0201,540.0,67.8,298.68
DD0201,570.0,67.82,298.4
DD0201,600.0,67.34,299.88
DD0201,607.69,67.78,300.5
DD0202,0.0,57.63,291.02
DD0202,30.0,57.09,291.08
DD0202,60.0,56.76,291.01
DD0202,90.0,56.37,291.78
DD0202,120.0,55.97,292.96
DD0202,150.0,56.01,293.99
DD0202,180.0,55.0,295.35
DD0202,210.0,54.86,295.31
DD0202,240.0,54.65,294.98
DD0202,270.0,54.63,294.2
DD0202,300.0,54.12,294.56
DD0202,330.0,53.91,294.36
DD0202,360.0,53.46,295.09
DD0202,390.0,52.78,296.08
DD0202,420.0,52.11,297.0
DD0202,450.0,51.84,296.96
DD0202,480.0,51.23,297.12
DD0202,510.0,50.75,298.61
DD0202,540.0,50.06,299.96
DD0202,570.0,50.14,299.69
DD0202,600.0,49.32,299.77
DD0202,630.0,49.05,299.34
DD0202,660.0,48.41,299.55
DD0202,690.0,48.16,300.14
DD0202,720.0,47.72,300.86
DD0202,750.0,47.49,301.7
DD0202,780.0,47.0,301.63
DD0202,810.0,46.52,301.43
DD0202,840.0,46.07,302.61
DD0202,852.19,46.07,303.32
DD0203,0.0,70.71,289.78
DD0203,30.0,70.31,290.64
DD0203,60.0,70.08,291.41
DD0203,89.69,69.6,292.03
DD0204,0.0,58.98,290.22
DD0204,30.0,58.1,291.58
DD0204,60.0,57.86,291.94
DD0204,90.0,57.81,291.18
DD0204,120.0,57.66,291.51
DD0204,150.0,57.35,291.34
DD0204,180.0,57.32,292.22
DD0204,210.0,56.8,293.03
DD0204,240.0,56.81,294.15
DD0204,240.59,56.86,293.56
DD0205,0.0,57.86,289.84
DD0205,30.0,57.37,290.98
DD0205,60.0,57.72,290.76
DD0205,90.0,57.5,291.61
DD0205,120.0,56.8,291.92
DD0205,150.0,57.0,293.06
DD0205,180.0,56.67,293.18
DD0205,210.0,56.1,292.93
DD0205,240.0,55.7,294.93
DD0205,270.0,55.1,294.87
DD0205,300.0,54.96,294.63
DD0205,319.27,54.12,294.5
DD0206,0.0,55.88,289.25
DD0206,30.0,56.53,289.25
DD0206,60.0,55.81,288.96
DD0206,90.0,55.19,289.68
DD0206,120.0,55.08,289.71
DD0206,150.0,54.79,290.08
DD0206,180.0,54.17,290.28
DD0206,210.0,54.16,289.98
DD0206,240.0,53.93,290.04
DD0206,270.0,53.62,289.74
DD0206,300.0,53.24,289.97
DD0206,330.0,52.39,290.24
DD0206,360.0,52.03,289.92
DD0206,390.0,51.47,289.53
DD0206,413.94,51.49,290.09
DD0207,0.0,68.36,290.19
DD0207,30.0,68.39,291.12
DD0207,60.0,67.93,291.24
DD0207,90.0,67.4,292.86
DD0207,120.0,67.35,294.33
DD0207,150.0,67.01,294.05
DD0207,180.0,66.82,294.32
DD0207,210.0,66.42,294.97
DD0207,240.0,65.82,294.91
DD0207,270.0,65.9,294.17
DD0207,300.0,65.47,295.24
DD0207,330.0,64.79,294.59
DD0207,360.0,64.61,295.6
DD0207,390.0,64.32,297.26
DD0207,420.0,64.01,297.75
DD0207,450.0,63.83,298.71
DD0207,480.0,63.54,298.97
DD0207,484.87,63.42,298.97
DD0208,0.0,74.98,289.27
DD0208,30.0,74.4,289.12
DD0208,60.0,74.22,289.99
DD0208,90.0,74.24,289.72
DD0208,120.0,73.62,289.72
DD0208,150.0,73.33,288.83
DD0208,180.0,73.23,289.21
DD0208,210.0,72.94,289.11
DD0208,240.0,72.32,290.31
DD0208,270.0,72.17,292.03
DD0208,300.0,72.27,291.95
DD0208,330.0,71.96,291.98
DD0208,360.0,71.22,292.09
DD0208,390.0,70.85,292.51
DD0208,420.0,70.52,293.36
DD0208,450.0,70.11,294.42
DD0208,480.0,69.96,294.91
DD0208,503.42,69.26,295.76
DD0209,0.0,71.11,289.91
DD0209,30.0,70.59,289.85
DD0209,60.0,70.56,290.69
DD0209,90.0,70.44,291.11
DD0209,120.0,69.95,291.43
DD0209,150.0,70.09,293.63
DD0209,180.0,69.83,294.26
DD0209,210.0,69.73,294.5
DD0209,240.0,69.32,295.91
DD0209,270.0,68.92,296.18
DD0209,300.0,68.2,296.06
DD0209,330.0,68.11,295.86
DD0209,360.0,67.46,296.59
DD0209,390.0,66.86,297.08
DD0209,420.0,66.49,297.22
DD0209,450.0,66.17,297.06
DD0209,480.0,66.24,297.06
DD0209,510.0,66.48,297.94
DD0209,540.0,65.56,297.96
DD0209,570.0,65.16,298.91
DD0209,600.0,64.83,299.08
DD0209,630.0,64.53,299.85
DD0209,636.89,64.28,300.58
DD0210,0.0,61.6,290.74
DD0210,30.0,61.0,292.21
DD0210,60.0,60.77,291.88
DD0210,90.0,60.43,292.83
DD0210,120.0,59.99,292.89
DD0210,150.0,59.69,292.84
DD0210,180.0,59.5,293.25
DD0210,210.0,59.6,293.96
DD0210,240.0,59.41,294.63
DD0210,270.0,59.43,295.22
DD0210,300.0,59.05,295.24
DD0210,330.0,58.21,294.94
DD0210,360.0,58.5,294.46
DD0210,390.0,58.32,294.77
DD0210,420.0,58.47,294.46
DD0210,450.0,58.03,294.45
DD0210,480.0,57.88,294.74
DD0210,510.0,57.91,294.62
DD0210,540.0,57.15,294.7
DD0210,570.0,56.77,294.99
DD0210,600.0,56.89,296.15
DD0210,630.0,56.56,296.69
DD0210,660.0,56.01,295.34
DD0210,690.0,55.82,295.03
DD0210,720.0,55.56,294.3
DD0210,741.54,55.06,294.75
DD0211,0.0,58.36,290.35
DD0211,30.0,58.36,291.58
DD0211,60.0,58.42,293.25
DD0211,90.0,57.91,293.38
DD0211,120.0,57.24,293.13
DD0211,150.0,57.37,292.73
DD0211,180.0,56.75,293.36
DD0211,210.0,56.13,292.98
DD0211,240.0,55.95,294.2
DD0211,270.0,56.04,293.61
DD0211,300.0,55.49,292.63
DD0211,330.0,55.26,293.49
DD0211,360.0,55.01,293.25
DD0211,390.0,54.81,293.9
DD0211,420.0,54.4,293.95
DD0211,450.0,53.28,294.35
DD0211,480.0,52.55,294.51
DD0211,510.0,52.73,293.6
DD0211,540.0,52.42,292.91
DD0211,570.0,52.34,293.73
DD0211,600.0,52.64,295.23
DD0211,630.0,52.75,295.49
DD0211,660.0,52.51,295.51
DD0211,690.0,52.79,294.85
DD0211,720.0,52.22,296.12
DD0211,750.0,51.98,296.42
DD0211,780.0,52.31,296.81
DD0211,806.3,51.92,297.77
DD0212,0.0,64.42,289.81
DD0212,30.0,63.83,290.01
DD0212,60.0,63.14,290.84
DD0212,90.0,63.19,291.31
DD0212,120.0,63.41,291.62
DD0212,150.0,62.95,291.66
DD0212,180.0,62.59,291.63
DD0212,210.0,62.03,292.61
DD0212,240.0,61.83,293.73
DD0212,270.0,61.25,294.34
DD0212,300.0,60.58,295.39
DD0212,330.0,60.12,295.56
DD0212,360.0,59.89,295.38
DD0212,390.0,59.25,296.52
DD0212,420.0,58.9,296.37
DD0212,450.0,58.76,295.69
DD0212,480.0,58.69,296.29
DD0212,510.0,58.58,296.85
DD0212,540.0,58.54,296.57
DD0212,570.0,57.91,297.4
DD0212,600.0,57.29,297.71
DD0212,630.0,57.06,298.91
DD0212,660.0,56.47,300.04
DD0212,690.0,56.55,301.05
DD0212,720.0,55.75,301.62
DD0212,750.0,55.15,302.3
DD0212,780.0,54.37,302.99
DD0212,810.0,53.74,303.97
DD0212,821.9,53.31,303.79
DD0213,0.0,64.22,289.91
DD0213,30.0,63.62,290.45
DD0213,60.0,63.26,289.36
DD0213,90.0,62.65,290.18
DD0213,120.0,61.69,289.9
DD0213,150.0,61.02,290.71
DD0213,180.0,60.81,291.0
DD0213,199.27,60.75,292.04
DD0214,0.0,57.21,290.52
DD0214,30.0,57.09,291.1
DD0214,60.0,56.63,291.4
DD0214,90.0,56.07,292.13
DD0214,120.0,55.71,292.16
DD0214,150.0,55.49,293.39
DD0214,180.0,55.29,294.61
DD0214,210.0,55.1,295.2
DD0214,240.0,54.57,294.61
DD0214,257.35,54.37,294.85
DD0215,0.0,73.04,290.32
DD0215,30.0,72.79,290.17
DD0215,60.0,72.16,289.23
DD0215,90.0,71.42,289.34
DD0215,120.0,71.25,289.2
DD0215,150.0,70.98,289.56
DD0215,180.0,70.71,290.78
DD0215,210.0,70.06,291.42
DD0215,240.0,69.48,291.75
DD0215,270.0,69.04,293.05
DD0215,300.0,68.27,294.58
DD0215,330.0,67.64,294.82
DD0215,333.96,67.88,294.61
DD0216,0.0,74.78,290.12
DD0216,30.0,74.48,289.73
DD0216,60.0,74.3,289.83
DD0216,90.0,74.2,290.42
DD0216,120.0,73.91,291.3
DD0216,150.0,73.16,291.61
DD0216,180.0,73.05,292.31
DD0216,210.0,73.08,293.48
DD0216,240.0,72.77,293.49
DD0216,270.0,72.28,294.45
DD0216,300.0,72.14,294.89
DD0216,330.0,72.3,295.33
DD0216,360.0,71.72,294.02
DD0216,390.0,71.86,294.52
DD0216,420.0,71.94,296.11
DD0216,450.0,71.41,296.55
DD0216,463.11,71.21,296.92
DD0217,0.0,72.08,289.32
DD0217,30.0,71.72,289.28
DD0217,60.0,71.48,289.74
DD0217,90.0,70.87,290.73
DD0217,120.0,70.78,291.26
DD0217,150.0,70.53,291.64
DD0217,180.0,70.37,292.61
DD0217,210.0,70.36,292.17
DD0217,240.0,70.22,292.71
DD0217,270.0,69.83,293.74
DD0217,300.0,69.4,293.52
DD0217,330.0,68.9,294.37
DD0217,360.0,68.77,293.98
DD0217,390.0,68.28,294.41
DD0217,420.0,68.33,295.42
DD0217,450.0,68.33,295.6
DD0217,480.0,68.2,296.18
DD0217,510.0,68.01,297.23
DD0217,517.79,68.4,296.36
DD0218,0.0,70.76,289.08
DD0218,30.0,70.31,289.71
DD0218,60.0,70.28,290.68
DD0218,90.0,70.28,291.14
DD0218,120.0,69.76,291.07
DD0218,150.0,69.38,291.82
DD0218,180.0,68.02,291.44
DD0218,210.0,67.11,291.8
DD0218,240.0,66.57,291.56
DD0218,270.0,66.74,290.99
DD0218,300.0,66.3,291.08
DD0218,330.0,65.91,290.88
DD0218,360.0,65.64,291.19
DD0218,390.0,64.77,290.94
DD0218,420.0,64.26,290.55
DD0218,450.0,64.36,291.24
DD0218,480.0,64.17,290.03
DD0218,510.0,63.65,289.58
DD0218,540.0,63.61,289.09
DD0218,570.0,63.51,290.07
DD0218,600.0,62.95,290.8
DD0218,622.78,62.56,291.47
DD0219,0.0,67.25,291.31
DD0219,30.0,66.82,291.15
DD0219,60.0,66.35,292.76
DD0219,90.0,66.07,293.75
DD0219,120.0,64.83,294.35
DD0219,150.0,64.72,294.94
DD0219,180.0,64.58,296.02
DD0219,210.0,64.66,296.54
DD0219,240.0,63.89,296.88
DD0219,270.0,62.88,296.77
DD0219,300.0,63.17,297.35
DD0219,330.0,63.24,298.38
DD0219,360.0,62.94,299.56
DD0219,390.0,62.67,300.15
DD0219,420.0,62.58,300.4
DD0219,450.0,62.18,300.94
DD0219,480.0,61.78,300.88
DD0219,510.0,61.37,300.73
DD0219,540.0,61.06,302.11
DD0219,570.0,60.76,303.1
DD0219,600.0,60.5,303.29
DD0219,630.0,59.87,303.99
DD0219,660.0,59.45,304.6
DD0219,690.0,58.67,304.94
DD0219,710.85,58.17,305.48
DD0220,0.0,59.73,291.19
DD0220,30.0,59.27,291.17
DD0220,60.0,58.73,291.34
DD0220,90.0,58.75,290.84
DD0220,120.0,58.14,292.03
DD0220,150.0,57.81,292.64
DD0220,180.0,57.42,294.05
DD0220,210.0,57.1,293.93
DD0220,240.0,56.75,294.6
DD0220,270.0,56.47,295.19
DD0220,300.0,56.29,296.67
DD0220,330.0,55.55,296.49
DD0220,360.0,54.65,295.85
DD0220,390.0,54.42,296.66
DD0220,420.0,54.09,296.68
DD0220,450.0,53.14,298.15
DD0220,480.0,53.14,297.68
DD0220,510.0,52.94,298.16
DD0220,540.0,53.6,297.8
DD0220,570.0,52.49,297.59
DD0220,600.0,52.12,297.62
DD0220,630.0,51.67,297.69
DD0220,660.0,51.6,299.19
DD0220,690.0,51.15,300.69
DD0220,720.0,50.67,299.96
DD0220,750.0,50.21,300.39
DD0220,780.0,50.08,300.53
DD0220,810.0,49.66,300.76
DD0220,828.27,48.87,302.6
DD0221,0.0,57.0,289.89
DD0221,30.0,56.71,290.47
DD0221,60.0,55.83,291.15
DD0221,90.0,54.75,289.92
DD0221,120.0,54.32,291.27
DD0221,150.0,54.16,291.89
DD0221,180.0,54.0,291.62
DD0221,204.86,53.84,291.78
DD0222,0.0,71.16,289.64
DD0222,30.0,70.93,289.75
DD0222,60.0,70.69,289.51
DD0222,90.0,70.3,289.03
DD0222,120.0,70.11,289.8
DD0222,150.0,69.71,289.34
DD0222,180.0,69.1,289.98
DD0222,210.0,69.03,291.61
DD0222,240.0,68.53,292.14
DD0222,252.83,68.16,292.15
DD0223,0.0,60.23,290.5
DD0223,30.0,59.94,290.78
DD0223,60.0,59.86,289.57
DD0223,90.0,59.33,290.29
DD0223,120.0,58.98,290.57
DD0223,150.0,58.49,290.8
DD0223,180.0,58.26,292.14
DD0223,210.0,57.95,292.88
DD0223,240.0,57.57,294.56
DD0223,270.0,57.43,294.98
DD0223,300.0,57.01,294.83
DD0223,330.0,56.38,295.07
DD0223,360.0,55.8,294.44
DD0223,376.79,55.54,294.26
DD0224,0.0,65.19,290.8
DD0224,30.0,64.81,290.9
DD0224,60.0,65.17,291.52
DD0224,90.0,64.97,292.62
DD0224,120.0,64.23,292.32
DD0224,150.0,63.76,292.28
DD0224,180.0,63.33,293.05
DD0224,210.0,63.48,293.31
DD0224,240.0,62.84,293.33
DD0224,270.0,62.56,293.45
DD0224,300.0,62.18,293.16
DD0224,330.0,61.8,293.23
DD0224,360.0,61.49,293.15
DD0224,390.0,61.26,293.45
DD0224,420.0,61.07,294.19
DD0224,450.0,60.36,294.92
DD0224,477.09,59.85,296.27
DD0225,0.0,70.3,290.52
DD0225,30.0,69.95,291.17
DD0225,60.0,69.43,291.48
DD0225,90.0,68.67,292.65
DD0225,120.0,68.01,293.71
DD0225,150.0,67.96,294.17
DD0225,180.0,67.63,295.64
DD0225,210.0,67.19,295.99
DD0225,240.0,67.16,296.13
DD0225,270.0,67.11,295.61
DD0225,300.0,67.1,296.86
DD0225,330.0,66.31,297.84
DD0225,360.0,67.02,298.8
DD0225,390.0,66.73,300.17
DD0225,420.0,66.49,300.42
DD0225,450.0,65.77,300.81
DD0225,480.0,65.59,300.99
DD0225,508.82,65.49,301.83
DD0226,0.0,62.94,289.64
DD0226,30.0,62.35,289.3
DD0226,60.0,62.22,288.69
DD0226,90.0,62.01,288.97
DD0226,120.0,61.67,289.33
DD0226,150.0,61.03,289.66
DD0226,180.0,60.59,289.43
DD0226,210.0,60.56,290.75
DD0226,240.0,60.36,291.6
DD0226,270.0,60.0,291.89
DD0226,300.0,59.66,291.7
DD0226,330.0,58.96,291.8
DD0226,360.0,58.87,292.58
DD0226,390.0,58.81,293.08
DD0226,420.0,58.24,293.42
DD0226,450.0,57.92,294.1
DD0226,480.0,57.55,293.24
DD0226,510.0,57.05,294.23
DD0226,540.0,56.36,294.18
DD0226,570.0,55.81,295.6
DD0226,588.88,55.44,296.07
DD0227,0.0,61.03,290.13
DD0227,30.0,60.51,290.08
DD0227,60.0,59.93,291.62
DD0227,90.0,59.52,291.1
DD0227,120.0,58.92,291.18
DD0227,150.0,58.68,291.49
DD0227,180.0,58.48,292.13
DD0227,210.0,57.95,291.27
DD0227,240.0,57.31,291.21
DD0227,270.0,56.72,290.75
DD0227,300.0,56.32,291.19
DD0227,330.0,55.72,291.4
DD0227,360.0,55.27,292.46
DD0227,390.0,54.6,292.33
DD0227,420.0,53.99,293.06
DD0227,450.0,53.52,293.13
DD0227,480.0,53.49,293.5
DD0227,510.0,53.02,293.64
DD0227,540.0,52.86,294.39
DD0227,570.0,52.75,293.94
DD0227,600.0,52.48,293.65
DD0227,630.0,52.2,292.96
DD0227,660.0,51.76,293.63
DD0227,690.0,51.88,294.81
DD0227,720.0,51.38,296.13
DD0227,750.0,50.91,295.97
DD0227,751.35,50.86,295.57
DD0228,0.0,65.87,290.22
DD0228,30.0,65.43,290.44
DD0228,60.0,65.28,291.65
DD0228,90.0,65.4,291.94
DD0228,120.0,65.14,292.93
DD0228,150.0,65.01,293.42
DD0228,180.0,64.5,294.15
DD0228,210.0,64.28,294.56
DD0228,240.0,63.76,295.64
DD0228,270.0,63.46,294.19
DD0228,300.0,63.46,294.84
DD0228,330.0,62.94,295.5
DD0228,360.0,62.84,294.87
DD0228,390.0,62.75,295.49
DD0228,420.0,62.71,296.21
DD0228,450.0,62.33,296.6
DD0228,480.0,61.86,297.48
DD0228,510.0,61.24,298.14
DD0228,540.0,60.88,298.56
DD0228,570.0,60.03,298.92
DD0228,600.0,59.44,299.52
DD0228,630.0,59.22,300.45
DD0228,660.0,58.53,301.11
DD0228,690.0,58.42,301.66
DD0228,720.0,58.11,302.28
DD0228,750.0,57.65,302.26
DD0228,756.35,57.66,302.14
DD0229,0.0,66.27,290.9
DD0229,30.0,66.32,291.4
DD0229,60.0,65.39,292.65
DD0229,90.0,65.14,292.98
DD0229,120.0,65.29,292.5
DD0229,150.0,65.37,293.14
DD0229,171.33,65.58,293.11
DD0230,0.0,60.64,289.27
DD0230,30.0,60.95,288.95
DD0230,60.0,61.12,289.16
DD0230,90.0,60.69,289.5
DD0230,120.0,60.11,290.08
DD0230,150.0,59.75,290.64
DD0230,180.0,59.27,290.99
DD0230,210.0,58.88,292.04
DD0230,240.0,58.57,292.55
DD0230,270.0,58.15,292.88
DD0230,300.0,57.73,291.99
DD0230,330.0,57.49,291.43
DD0230,360.0,56.76,291.19
DD0230,390.0,56.0,290.84
DD0230,414.29,55.85,291.64
DD0231,0.0,65.59,290.8
DD0231,30.0,65.08,291.42
DD0231,60.0,64.28,291.85
DD0231,90.0,63.79,292.09
DD0231,120.0,63.35,291.23
DD0231,150.0,63.27,291.8
DD0231,180.0,62.38,293.43
DD0231,210.0,62.62,293.52
DD0231,240.0,62.54,293.78
DD0231,270.0,62.11,294.95
DD0231,300.0,62.06,295.62
DD0231,330.0,61.48,296.52
DD0231,360.0,60.84,297.06
DD0231,390.0,60.24,298.52
DD0231,420.0,60.06,299.32
DD0231,448.38,59.38,300.02
DD0232,0.0,63.26,290.44
DD0232,30.0,62.89,291.14
DD0232,60.0,62.98,291.28
DD0232,90.0,62.67,291.45
DD0232,120.0,62.65,292.24
DD0232,150.0,62.62,292.39
DD0232,180.0,61.46,291.65
DD0232,210.0,61.37,292.61
DD0232,240.0,60.92,291.85
DD0232,270.0,60.69,291.88
DD0232,300.0,60.41,292.45
DD0232,330.0,59.92,292.94
DD0232,360.0,59.6,293.78
DD0232,390.0,59.98,293.52
DD0232,420.0,59.43,293.99
DD0232,450.0,59.13,294.16
DD0232,480.0,59.25,293.62
DD0232,499.81,58.96,293.55
DD0233,0.0,72.2,290.46
DD0233,30.0,71.81,290.0
DD0233,60.0,71.51,290.63
DD0233,90.0,71.15,291.79
DD0233,120.0,71.1,291.8
DD0233,150.0,70.79,291.71
DD0233,180.0,70.63,290.27
DD0233,210.0,70.14,290.46
DD0233,240.0,69.73,291.24
DD0233,270.0,69.3,291.4
DD0233,300.0,68.93,290.91
DD0233,330.0,68.6,291.77
DD0233,360.0,67.88,291.42
DD0233,390.0,67.55,291.81
DD0233,420.0,67.24,292.64
DD0233,450.0,66.72,293.29
DD0233,480.0,66.67,294.39
DD0233,510.0,66.69,294.54
DD0233,540.0,66.43,294.29
DD0233,570.0,66.25,295.08
DD0233,600.0,65.93,295.55
DD0233,612.88,65.88,295.88
DD0234,0.0,55.62,289.96
DD0234,30.0,54.86,290.39
DD0234,60.0,54.72,290.54
DD0234,90.0,54.25,290.69
DD0234,120.0,53.94,290.64
DD0234,150.0,54.0,291.28
DD0234,180.0,53.05,291.49
DD0234,210.0,52.81,292.37
DD0234,240.0,52.54,292.02
DD0234,270.0,52.26,291.81
DD0234,300.0,52.05,292.57
DD0234,330.0,51.14,292.79
DD0234,360.0,51.24,293.03
DD0234,390.0,51.04,293.29
DD0234,420.0,50.58,292.86
DD0234,450.0,50.56,292.33
DD0234,480.0,50.59,293.19
DD0234,510.0,50.43,293.9
DD0234,540.0,49.74,293.96
DD0234,570.0,49.77,294.36
DD0234,600.0,49.81,294.22
DD0234,630.0,49.42,294.82
DD0234,660.0,49.41,294.37
DD0234,690.0,49.26,295.18
DD0234,720.0,48.95,296.16
DD0234,745.54,48.54,296.57
DD0235,0.0,73.79,290.07
DD0235,30.0,73.52,289.72
DD0235,60.0,73.43,290.48
DD0235,90.0,72.98,290.76
DD0235,120.0,72.9,291.13
DD0235,150.0,72.61,291.85
DD0235,180.0,71.95,291.96
DD0235,210.0,71.13,292.62
DD0235,240.0,70.89,293.04
DD0235,270.0,70.28,292.78
DD0235,300.0,70.26,293.25
DD0235,330.0,69.69,293.53
DD0235,360.0,69.42,293.96
DD0235,390.0,68.78,293.31
DD0235,420.0,68.43,294.59
DD0235,450.0,68.71,295.14
DD0235,480.0,68.45,295.71
DD0235,510.0,67.81,296.22
DD0235,540.0,67.62,296.1
DD0235,570.0,66.44,296.82
DD0235,600.0,66.2,298.15
DD0235,630.0,65.69,299.08
DD0235,660.0,65.4,301.17
DD0235,690.0,65.23,301.14
DD0235,720.0,64.86,301.72
DD0235,750.0,64.96,303.03
DD0235,771.39,64.92,302.41
DD0236,0.0,58.61,290.26
DD0236,30.0,58.38,290.04
DD0236,60.0,58.09,291.0
DD0236,90.0,57.85,292.25
DD0236,120.0,57.4,293.44
DD0236,150.0,57.16,293.5
DD0236,180.0,56.77,294.31
DD0236,210.0,56.43,294.77
DD0236,240.0,56.22,294.47
DD0236,270.0,55.5,295.07
DD0236,300.0,55.36,295.37
DD0236,330.0,54.88,294.93
DD0236,360.0,54.48,294.67
DD0236,390.0,54.04,295.64
DD0236,420.0,53.71,295.8
DD0236,450.0,53.31,295.34
DD0236,480.0,53.12,295.88
DD0236,510.0,52.86,296.5
DD0236,540.0,52.37,297.15
DD0236,570.0,51.91,298.05
DD0236,600.0,51.57,297.98
DD0236,630.0,51.02,298.7
DD0236,660.0,50.31,299.5
DD0236,690.0,50.1,300.45
DD0236,720.0,49.99,301.73
DD0236,750.0,49.79,302.34
DD0236,780.0,49.14,302.61
DD0236,810.0,48.71,302.54
DD0236,840.0,48.2,303.66
DD0236,870.0,47.42,304.48
DD0236,900.0,47.05,304.77
DD0236,909.84,46.82,305.49
DD0237,0.0,69.25,290.11
DD0237,30.0,68.95,289.96
DD0237,60.0,68.96,289.87
DD0237,90.0,69.18,290.94
DD0237,120.0,69.07,291.64
DD0237,136.87,68.78,291.71
DD0238,0.0,72.34,289.88
DD0238,30.0,72.28,290.9
DD0238,60.0,71.3,290.94
DD0238,90.0,71.39,292.08
DD0238,120.0,71.04,290.59
DD0238,150.0,70.57,291.4
DD0238,180.0,69.83,292.31
DD0238,210.0,69.68,292.94
DD0238,234.35,69.29,293.28
DD0239,0.0,56.65,289.58
DD0239,30.0,56.46,289.99
DD0239,60.0,55.74,290.72
DD0239,90.0,55.08,291.41
DD0239,120.0,54.82,292.3
DD0239,150.0,54.44,291.88
DD0239,180.0,54.03,292.75
DD0239,210.0,53.53,293.61
DD0239,240.0,53.44,294.29
DD0239,270.0,52.89,294.12
DD0239,300.0,52.22,293.94
DD0239,330.0,51.45,294.59
DD0239,360.0,50.68,294.49
DD0239,390.0,50.22,294.72
DD0239,417.66,50.25,296.17
DD0240,0.0,64.21,290.37
DD0240,30.0,64.03,290.15
DD0240,60.0,63.42,289.85
DD0240,90.0,63.56,291.25
DD0240,120.0,62.62,290.58
DD0240,150.0,61.92,291.7
DD0240,180.0,61.7,292.07
DD0240,210.0,60.73,292.43
DD0240,240.0,60.22,292.62
DD0240,270.0,59.6,293.39
DD0240,300.0,59.56,293.23
DD0240,330.0,58.51,294.08
DD0240,360.0,58.29,294.56
DD0240,390.0,58.35,294.44
DD0240,407.59,58.32,294.77
DD0241,0.0,61.12,289.55
DD0241,30.0,60.5,290.46
DD0241,60.0,59.83,290.03
DD0241,90.0,59.83,289.42
DD0241,120.0,59.29,290.74
DD0241,150.0,59.0,291.21
DD0241,180.0,58.84,291.68
DD0241,210.0,58.43,293.13
DD0241,240.0,58.04,293.69
DD0241,270.0,57.57,293.39
DD0241,300.0,57.3,294.8
DD0241,330.0,56.87,295.77
DD0241,360.0,56.73,296.35
DD0241,390.0,56.1,297.41
DD0241,420.0,55.86,297.85
DD0241,450.0,55.51,298.51
DD0241,480.0,55.24,299.55
DD0241,490.14,54.42,299.7
DD0242,0.0,71.59,289.97
DD0242,30.0,71.36,290.34
DD0242,60.0,70.44,291.3
DD0242,90.0,69.76,291.81
DD0242,120.0,69.16,291.56
DD0242,150.0,69.05,291.58
DD0242,180.0,67.74,292.22
DD0242,210.0,67.13,293.9
DD0242,240.0,66.66,294.13
DD0242,270.0,66.39,295.32
DD0242,300.0,65.94,296.75
DD0242,330.0,65.61,297.72
DD0242,360.0,65.28,298.46
DD0242,390.0,64.17,299.33
DD0242,420.0,63.59,299.56
DD0242,450.0,62.8,300.03
DD0242,480.0,62.44,300.66
DD0242,510.0,61.94,300.26
DD0242,540.0,61.99,300.29
DD0242,570.0,61.52,301.21
DD0242,600.0,60.92,301.86
DD0242,630.0,60.72,302.4
DD0242,645.76,60.75,302.79
DD0243,0.0,57.04,289.91
DD0243,30.0,56.63,289.83
DD0243,60.0,56.55,289.76
DD0243,90.0,56.41,289.3
DD0243,120.0,55.81,289.48
DD0243,150.0,55.68,290.68
DD0243,180.0,55.17,292.88
DD0243,210.0,54.35,292.82
DD0243,240.0,54.26,292.89
DD0243,270.0,54.29,292.23
DD0243,300.0,53.93,292.83
DD0243,330.0,53.94,293.29
DD0243,360.0,53.0,294.17
DD0243,390.0,52.84,294.29
DD0243,420.0,52.02,295.69
DD0243,450.0,51.52,296.08
DD0243,480.0,50.83,297.27
DD0243,510.0,50.27,298.15
DD0243,540.0,50.07,299.15
DD0243,570.0,49.4,299.47
DD0243,600.0,49.21,300.98
DD0243,630.0,48.79,301.13
DD0243,660.0,48.71,301.54
DD0243,690.0,48.28,301.71
DD0243,720.0,47.85,301.08
DD0243,750.0,47.6,302.13
DD0243,780.0,47.44,302.3
DD0243,803.03,47.55,303.41
DD0244,0.0,58.1,289.65
DD0244,30.0,57.89,290.72
DD0244,60.0,57.73,291.52
DD0244,90.0,57.09,291.54
DD0244,120.0,56.97,292.58
DD0244,150.0,56.26,293.12
DD0244,180.0,55.44,293.44
DD0244,210.0,54.93,294.85
DD0244,240.0,54.51,295.72
DD0244,270.0,53.68,296.11
DD0244,300.0,53.11,296.67
DD0244,330.0,52.77,296.96
DD0244,360.0,52.04,297.73
DD0244,390.0,51.56,297.85
DD0244,420.0,51.38,298.86
DD0244,450.0,51.49,300.35
DD0244,480.0,50.72,299.62
DD0244,510.0,50.06,300.99
DD0244,540.0,49.68,301.55
DD0244,570.0,49.3,301.48
DD0244,600.0,48.74,302.1
DD0244,630.0,48.49,302.34
DD0244,660.0,48.45,302.83
DD0244,690.0,48.36,303.72
DD0244,720.0,47.85,304.9
DD0244,750.0,47.88,306.41
DD0244,780.0,47.79,307.11
DD0244,810.0,47.41,307.14
DD0244,840.0,46.73,307.17
DD0244,870.0,46.27,307.91
DD0244,879.42,46.22,307.45
RC0001,0.0,60.06,289.71
RC0001,30.0,60.34,289.65
RC0001,60.0,60.34,289.81
RC0001,63.88,60.34,289.9
RC0002,0.0,60.05,290.19
RC0002,30.0,60.21,290.0
RC0002,60.0,60.02,290.19
RC0002,90.0,60.33,289.79
RC0002,120.0,59.96,289.48
RC0002,139.74,59.64,289.62
RC0003,0.0,60.01,290.11
RC0003,30.0,60.26,290.37
RC0003,60.0,60.04,290.62
RC0003,90.0,60.09,291.01
RC0003,95.67,60.24,290.91
RC0004,0.0,60.05,290.25
RC0004,30.0,60.28,290.44
RC0004,60.0,60.03,290.57
RC0004,65.83,59.98,290.38
RC0005,0.0,59.82,289.62
RC0005,30.0,59.87,290.09
RC0005,60.0,59.9,290.71
RC0005,90.0,59.9,290.8
RC0005,99.04,60.0,291.37
RC0006,0.0,59.85,290.33
RC0006,30.0,60.1,289.94
RC0006,60.0,60.15,289.79
RC0006,90.0,60.13,290.63
RC0006,91.04,60.44,291.16
RC0007,0.0,60.2,289.39
RC0007,30.0,60.22,289.0
RC0007,60.0,60.04,289.32
RC0007,90.0,60.01,289.86
RC0007,116.64,59.83,289.66
RC0008,0.0,59.88,289.76
RC0008,30.0,60.03,289.92
RC0008,60.0,60.17,289.94
RC0008,63.6,60.13,289.89
RC0009,0.0,59.8,290.26
RC0009,30.0,60.14,289.98
RC0009,60.0,60.46,290.43
RC0009,74.58,60.7,290.64
RC0010,0.0,59.99,290.27
RC0010,30.0,60.1,289.89
RC0010,60.0,60.52,290.1
RC0010,90.0,60.34,290.37
RC0010,120.0,60.33,289.17
RC0010,128.48,60.34,288.64
RC0011,0.0,59.93,290.45
RC0011,30.0,59.81,291.16
RC0011,60.0,59.86,290.76
RC0011,90.0,59.67,290.64
RC0011,100.28,59.61,291.14
RC0012,0.0,59.87,289.63
RC0012,30.0,59.56,289.33
RC0012,60.0,59.54,289.09
RC0012,60.42,59.39,290.16
RC0013,0.0,60.04,290.28
RC0013,30.0,59.99,290.47
RC0013,60.0,59.65,290.54
RC0013,90.0,59.88,291.02
RC0013,120.0,60.0,291.09
RC0013,135.19,59.95,291.14
RC0014,0.0,59.99,290.23
RC0014,30.0,59.99,290.46
RC0014,60.0,59.92,290.6
RC0014,90.0,59.8,290.46
RC0014,120.0,59.96,290.62
RC0014,128.41,59.94,290.85
RC0015,0.0,59.97,290.83
RC0015,30.0,59.7,290.78
RC0015,60.0,59.7,290.85
RC0015,90.0,59.69,290.92
RC0015,120.0,59.67,291.93
RC0015,128.71,59.6,292.57
RC0016,0.0,60.41,290.08
RC0016,30.0,60.18,290.31
RC0016,60.0,60.03,290.65
RC0016,85.46,59.93,289.89
RC0017,0.0,59.86,289.56
RC0017,30.0,60.1,289.2
RC0017,60.0,59.84,288.62
RC0017,83.3,60.14,288.52
RC0018,0.0,60.14,290.41
RC0018,30.0,60.3,290.04
RC0018,60.0,60.44,289.71
RC0018,90.0,60.3,289.9
RC0018,120.0,60.33,289.34
RC0018,130.57,60.11,289.08
RC0019,0.0,60.21,290.15
RC0019,30.0,59.96,289.94
RC0019,60.0,59.72,289.8
RC0019,60.38,59.8,290.5
RC0020,0.0,59.81,289.06
RC0020,30.0,59.79,288.81
RC0020,60.0,59.64,288.91
RC0020,90.0,59.71,289.39
RC0020,107.12,59.87,289.88
RC0021,0.0,60.09,290.21
RC0021,30.0,60.27,290.01
RC0021,60.0,60.36,290.29
RC0021,90.0,60.45,289.54
RC0021,120.0,60.77,288.95
RC0021,124.99,60.6,289.43
RC0022,0.0,59.87,289.61
RC0022,30.0,60.06,289.47
RC0022,60.0,60.07,290.19
RC0022,90.0,60.02,290.23
RC0022,120.0,60.09,289.88
RC0022,130.8,60.24,290.45
RC0023,0.0,59.93,290.57
RC0023,30.0,59.66,290.67
RC0023,60.0,59.55,291.21
RC0023,90.0,59.49,291.48
RC0023,114.32,59.18,291.89
RC0024,0.0,60.06,289.85
RC0024,30.0,60.47,290.08
RC0024,60.0,60.48,289.78
RC0024,90.0,60.65,289.58
RC0024,100.88,60.68,288.87
RC0025,0.0,59.89,289.69
RC0025,30.0,59.77,290.07
RC0025,60.0,59.7,289.85
RC0025,87.02,60.0,289.97
RC0026,0.0,59.82,290.17
RC0026,30.0,59.64,289.97
RC0026,60.0,59.49,290.38
RC0026,90.0,59.52,291.09
RC0026,109.37,59.43,291.33
RC0027,0.0,59.91,290.88
RC0027,30.0,59.86,290.94
RC0027,60.0,59.89,290.69
RC0027,90.0,59.84,290.7
RC0027,120.0,59.71,290.95
RC0027,126.92,59.84,290.78
RC0028,0.0,60.07,289.98
RC0028,30.0,60.14,290.81
RC0028,60.0,60.08,290.78
RC0028,90.0,60.18,290.02
RC0028,120.0,59.68,290.52
RC0028,124.35,59.56,290.95
RC0029,0.0,59.77,289.6
RC0029,30.0,59.69,289.7
RC0029,60.0,59.67,289.18
RC0029,90.0,59.81,288.36
RC0029,117.7,59.69,289.02
RC0030,0.0,59.99,289.77
RC0030,30.0,60.32,290.08
RC0030,60.0,60.25,289.47
RC0030,90.0,60.22,289.93
RC0030,120.0,60.31,289.71
RC0030,122.63,60.48,289.06
RC0031,0.0,60.44,289.83
RC0031,30.0,60.78,290.1
RC0031,60.0,60.77,290.03
RC0031,90.0,60.82,289.85
RC0031,118.59,60.79,289.57
RC0032,0.0,59.64,289.69
RC0032,30.0,59.52,289.64
RC0032,60.0,59.78,289.53
RC0032,63.97,59.81,290.04
RC0033,0.0,59.72,290.76
RC0033,30.0,59.71,291.16
RC0033,60.0,59.68,291.54
RC0033,74.01,59.82,291.41
RC0034,0.0,59.94,290.19
RC0034,30.0,59.96,289.71
RC0034,60.0,59.9,289.17
RC0034,90.0,59.58,289.18
RC0034,120.0,59.69,289.01
RC0034,139.49,59.47,288.54
RC0035,0.0,60.17,290.34
RC0035,30.0,60.26,289.89
RC0035,60.0,60.14,289.7
RC0035,90.0,60.12,290.24
RC0035,112.62,59.93,290.75
RC0036,0.0,60.16,290.18
RC0036,30.0,60.17,290.21
RC0036,60.0,60.12,289.97
RC0036,90.0,60.18,290.11
RC0036,92.23,60.32,290.28
RC0037,0.0,59.87,288.74
RC0037,30.0,59.87,288.77
RC0037,60.0,59.73,288.58
RC0037,90.0,59.71,289.33
RC0037,120.0,59.87,289.46
RC0037,136.61,59.87,289.77
RC0038,0.0,60.12,290.15
RC0038,30.0,59.99,289.39
RC0038,60.0,59.58,289.19
RC0038,83.43,59.35,289.21
RC0039,0.0,59.91,290.17
RC0039,30.0,59.98,290.06
RC0039,60.0,60.04,289.82
RC0039,90.0,59.82,290.62
RC0039,120.0,59.67,290.69
RC0039,139.35,59.46,291.04
RC0040,0.0,59.96,288.75
RC0040,30.0,60.14,288.16
RC0040,60.0,60.28,288.89
RC0040,90.0,60.15,288.86
RC0040,118.24,60.14,288.85
RC0041,0.0,60.09,290.49
RC0041,30.0,59.55,291.21
RC0041,60.0,59.73,291.18
RC0041,90.0,59.68,291.5
RC0041,118.16,59.7,291.97
RC0042,0.0,60.34,290.27
RC0042,30.0,60.37,289.95
RC0042,60.0,60.08,289.24
RC0042,62.65,60.14,289.73
RC0043,0.0,59.98,289.49
RC0043,30.0,60.16,289.22
RC0043,60.0,60.16,289.47
RC0043,90.0,59.88,289.41
RC0043,113.69,59.95,289.12
RC0044,0.0,60.27,291.1
RC0044,30.0,60.28,291.01
RC0044,60.0,60.07,291.93
RC0044,62.73,59.74,292.13
RC0045,0.0,59.75,289.39
RC0045,30.0,59.5,289.37
RC0045,60.0,59.67,289.55
RC0045,63.44,59.53,288.93
