X,Y,Z
10800.0,28900.0,388.6
10820.0,28900.0,389.3
10840.0,28900.0,390.0
10860.0,28900.0,390.7
10880.0,28900.0,391.4
10900.0,28900.0,392.0
10920.0,28900.0,392.7
10940.0,28900.0,393.3
10960.0,28900.0,393.9
10980.0,28900.0,394.5
11000.0,28900.0,395.0
11020.0,28900.0,395.5
11040.0,28900.0,396.0
11060.0,28900.0,396.4
11080.0,28900.0,396.8
11100.0,28900.0,397.2
11120.0,28900.0,397.6
11140.0,28900.0,397.9
11160.0,28900.0,398.2
11180.0,28900.0,398.4
11200.0,28900.0,398.7
11220.0,28900.0,398.8
11240.0,28900.0,399.0
11260.0,28900.0,399.1
11280.0,28900.0,399.2
11300.0,28900.0,399.3
11320.0,28900.0,399.3
11340.0,28900.0,399.3
11360.0,28900.0,399.3
11380.0,28900.0,399.3
11400.0,28900.0,399.2
11420.0,28900.0,399.2
11440.0,28900.0,399.1
11460.0,28900.0,399.0
11480.0,28900.0,398.9
11500.0,28900.0,398.7
11520.0,28900.0,398.6
11540.0,28900.0,398.5
11560.0,28900.0,398.4
11580.0,28900.0,398.2
11600.0,28900.0,398.1
11620.0,28900.0,398.0
11640.0,28900.0,397.9
11660.0,28900.0,397.8
11680.0,28900.0,397.7
11700.0,28900.0,397.6
11720.0,28900.0,397.6
11740.0,28900.0,397.6
11760.0,28900.0,397.6
11780.0,28900.0,397.6
11800.0,28900.0,397.7
11820.0,28900.0,397.8
11840.0,28900.0,397.9
11860.0,28900.0,398.0
11880.0,28900.0,398.2
11900.0,28900.0,398.4
11920.0,28900.0,398.6
11940.0,28900.0,398.9
11960.0,28900.0,399.2
11980.0,28900.0,399.6
12000.0,28900.0,399.9
12020.0,28900.0,400.3
12040.0,28900.0,400.8
12060.0,28900.0,401.2
12080.0,28900.0,401.7
12100.0,28900.0,402.2
12120.0,28900.0,402.8
12140.0,28900.0,403.3
12160.0,28900.0,403.9
12180.0,28900.0,404.5
12200.0,28900.0,405.1
12220.0,28900.0,405.8
12240.0,28900.0,406.4
12260.0,28900.0,407.0
12280.0,28900.0,407.6
12300.0,28900.0,408.3
12320.0,28900.0,408.9
12340.0,28900.0,409.5
12360.0,28900.0,410.1
12380.0,28900.0,410.6
12400.0,28900.0,411.2
12420.0,28900.0,411.7
12440.0,28900.0,412.2
12460.0,28900.0,412.6
12480.0,28900.0,413.0
12500.0,28900.0,413.4
12520.0,28900.0,413.7
12540.0,28900.0,414.0
12560.0,28900.0,414.2
12580.0,28900.0,414.4
12600.0,28900.0,414.5
12620.0,28900.0,414.6
12640.0,28900.0,414.6
12660.0,28900.0,414.6
12680.0,28900.0,414.4
12700.0,28900.0,414.3
12720.0,28900.0,414.0
12740.0,28900.0,413.8
12760.0,28900.0,413.4
12780.0,28900.0,413.0
12800.0,28900.0,412.5
12820.0,28900.0,412.0
12840.0,28900.0,411.4
12860.0,28900.0,410.8
12880.0,28900.0,410.1
12900.0,28900.0,409.4
12920.0,28900.0,408.7
12940.0,28900.0,407.9
12960.0,28900.0,407.0
12980.0,28900.0,406.2
13000.0,28900.0,405.3
13020.0,28900.0,404.4
13040.0,28900.0,403.5
13060.0,28900.0,402.5
13080.0,28900.0,401.6
13100.0,28900.0,400.7
13120.0,28900.0,399.7
13140.0,28900.0,398.8
13160.0,28900.0,397.9
13180.0,28900.0,397.0
13200.0,28900.0,396.1
13220.0,28900.0,395.3
13240.0,28900.0,394.5
13260.0,28900.0,393.7
13280.0,28900.0,392.9
13300.0,28900.0,392.2
13320.0,28900.0,391.6
13340.0,28900.0,391.0
13360.0,28900.0,390.4
13380.0,28900.0,389.9
13400.0,28900.0,389.5
13420.0,28900.0,389.1
13440.0,28900.0,388.8
13460.0,28900.0,388.5
13480.0,28900.0,388.2
13500.0,28900.0,388.1
13520.0,28900.0,388.0
13540.0,28900.0,387.9
13560.0,28900.0,387.9
13580.0,28900.0,387.9
13600.0,28900.0,388.0
10800.0,28920.0,388.0
10820.0,28920.0,388.7
10840.0,28920.0,389.4
10860.0,28920.0,390.0
10880.0,28920.0,390.7
10900.0,28920.0,391.4
10920.0,28920.0,392.0
10940.0,28920.0,392.6
10960.0,28920.0,393.2
10980.0,28920.0,393.8
11000.0,28920.0,394.3
11020.0,28920.0,394.8
11040.0,28920.0,395.3
11060.0,28920.0,395.7
11080.0,28920.0,396.1
11100.0,28920.0,396.5
11120.0,28920.0,396.9
11140.0,28920.0,397.2
11160.0,28920.0,397.5
11180.0,28920.0,397.7
11200.0,28920.0,398.0
11220.0,28920.0,398.1
11240.0,28920.0,398.3
11260.0,28920.0,398.4
11280.0,28920.0,398.5
11300.0,28920.0,398.6
11320.0,28920.0,398.6
11340.0,28920.0,398.7
11360.0,28920.0,398.7
11380.0,28920.0,398.6
11400.0,28920.0,398.6
11420.0,28920.0,398.5
11440.0,28920.0,398.4
11460.0,28920.0,398.4
11480.0,28920.0,398.3
11500.0,28920.0,398.1
11520.0,28920.0,398.0
11540.0,28920.0,397.9
11560.0,28920.0,397.8
11580.0,28920.0,397.7
11600.0,28920.0,397.6
11620.0,28920.0,397.4
11640.0,28920.0,397.4
11660.0,28920.0,397.3
11680.0,28920.0,397.2
11700.0,28920.0,397.1
11720.0,28920.0,397.1
11740.0,28920.0,397.1
11760.0,28920.0,397.1
11780.0,28920.0,397.1
11800.0,28920.0,397.2
11820.0,28920.0,397.3
11840.0,28920.0,397.4
11860.0,28920.0,397.6
11880.0,28920.0,397.7
11900.0,28920.0,398.0
11920.0,28920.0,398.2
11940.0,28920.0,398.5
11960.0,28920.0,398.8
11980.0,28920.0,399.1
12000.0,28920.0,399.5
12020.0,28920.0,399.9
12040.0,28920.0,400.4
12060.0,28920.0,400.8
12080.0,28920.0,401.3
12100.0,28920.0,401.8
12120.0,28920.0,402.4
12140.0,28920.0,403.0
12160.0,28920.0,403.5
12180.0,28920.0,404.1
12200.0,28920.0,404.7
12220.0,28920.0,405.3
12240.0,28920.0,406.0
12260.0,28920.0,406.6
12280.0,28920.0,407.2
12300.0,28920.0,407.8
12320.0,28920.0,408.4
12340.0,28920.0,409.0
12360.0,28920.0,409.6
12380.0,28920.0,410.2
12400.0,28920.0,410.7
12420.0,28920.0,411.2
12440.0,28920.0,411.7
12460.0,28920.0,412.2
12480.0,28920.0,412.6
12500.0,28920.0,412.9
12520.0,28920.0,413.2
12540.0,28920.0,413.5
12560.0,28920.0,413.7
12580.0,28920.0,413.9
12600.0,28920.0,414.0
12620.0,28920.0,414.1
12640.0,28920.0,414.1
12660.0,28920.0,414.0
12680.0,28920.0,413.9
12700.0,28920.0,413.7
12720.0,28920.0,413.4
12740.0,28920.0,413.1
12760.0,28920.0,412.8
12780.0,28920.0,412.4
12800.0,28920.0,411.9
12820.0,28920.0,411.3
12840.0,28920.0,410.8
12860.0,28920.0,410.1
12880.0,28920.0,409.4
12900.0,28920.0,408.7
12920.0,28920.0,407.9
12940.0,28920.0,407.1
12960.0,28920.0,406.3
12980.0,28920.0,405.4
13000.0,28920.0,404.5
13020.0,28920.0,403.6
13040.0,28920.0,402.6
13060.0,28920.0,401.7
13080.0,28920.0,400.7
13100.0,28920.0,399.8
13120.0,28920.0,398.8
13140.0,28920.0,397.9
13160.0,28920.0,397.0
13180.0,28920.0,396.1
13200.0,28920.0,395.2
13220.0,28920.0,394.3
13240.0,28920.0,393.5
13260.0,28920.0,392.7
13280.0,28920.0,392.0
13300.0,28920.0,391.3
13320.0,28920.0,390.6
13340.0,28920.0,390.0
13360.0,28920.0,389.4
13380.0,28920.0,388.9
13400.0,28920.0,388.5
13420.0,28920.0,388.1
13440.0,28920.0,387.7
13460.0,28920.0,387.5
13480.0,28920.0,387.2
13500.0,28920.0,387.1
13520.0,28920.0,386.9
13540.0,28920.0,386.9
13560.0,28920.0,386.9
13580.0,28920.0,386.9
13600.0,28920.0,387.0
10800.0,28940.0,387.4
10820.0,28940.0,388.1
10840.0,28940.0,388.8
10860.0,28940.0,389.4
10880.0,28940.0,390.1
10900.0,28940.0,390.7
10920.0,28940.0,391.4
10940.0,28940.0,392.0
10960.0,28940.0,392.5
10980.0,28940.0,393.1
11000.0,28940.0,393.6
11020.0,28940.0,394.1
11040.0,28940.0,394.6
11060.0,28940.0,395.1
11080.0,28940.0,395.5
11100.0,28940.0,395.9
11120.0,28940.0,396.2
11140.0,28940.0,396.5
11160.0,28940.0,396.8
11180.0,28940.0,397.1
11200.0,28940.0,397.3
11220.0,28940.0,397.5
11240.0,28940.0,397.6
11260.0,28940.0,397.8
11280.0,28940.0,397.9
11300.0,28940.0,397.9
11320.0,28940.0,398.0
11340.0,28940.0,398.0
11360.0,28940.0,398.0
11380.0,28940.0,398.0
11400.0,28940.0,397.9
11420.0,28940.0,397.9
11440.0,28940.0,397.8
11460.0,28940.0,397.7
11480.0,28940.0,397.6
11500.0,28940.0,397.5
11520.0,28940.0,397.4
11540.0,28940.0,397.3
11560.0,28940.0,397.2
11580.0,28940.0,397.1
11600.0,28940.0,397.0
11620.0,28940.0,396.9
11640.0,28940.0,396.8
11660.0,28940.0,396.7
11680.0,28940.0,396.6
11700.0,28940.0,396.6
11720.0,28940.0,396.6
11740.0,28940.0,396.6
11760.0,28940.0,396.6
11780.0,28940.0,396.6
11800.0,28940.0,396.7
11820.0,28940.0,396.8
11840.0,28940.0,396.9
11860.0,28940.0,397.1
11880.0,28940.0,397.3
11900.0,28940.0,397.5
11920.0,28940.0,397.7
11940.0,28940.0,398.0
11960.0,28940.0,398.3
11980.0,28940.0,398.7
12000.0,28940.0,399.1
12020.0,28940.0,399.5
12040.0,28940.0,399.9
12060.0,28940.0,400.4
12080.0,28940.0,400.9
12100.0,28940.0,401.4
12120.0,28940.0,401.9
12140.0,28940.0,402.5
12160.0,28940.0,403.1
12180.0,28940.0,403.7
12200.0,28940.0,404.3
12220.0,28940.0,404.9
12240.0,28940.0,405.5
12260.0,28940.0,406.1
12280.0,28940.0,406.8
12300.0,28940.0,407.4
12320.0,28940.0,408.0
12340.0,28940.0,408.6
12360.0,28940.0,409.1
12380.0,28940.0,409.7
12400.0,28940.0,410.2
12420.0,28940.0,410.7
12440.0,28940.0,411.2
12460.0,28940.0,411.6
12480.0,28940.0,412.0
12500.0,28940.0,412.4
12520.0,28940.0,412.7
12540.0,28940.0,413.0
12560.0,28940.0,413.2
12580.0,28940.0,413.3
12600.0,28940.0,413.4
12620.0,28940.0,413.5
12640.0,28940.0,413.5
12660.0,28940.0,413.4
12680.0,28940.0,413.3
12700.0,28940.0,413.1
12720.0,28940.0,412.8
12740.0,28940.0,412.5
12760.0,28940.0,412.2
12780.0,28940.0,411.7
12800.0,28940.0,411.2
12820.0,28940.0,410.7
12840.0,28940.0,410.1
12860.0,28940.0,409.4
12880.0,28940.0,408.7
12900.0,28940.0,408.0
12920.0,28940.0,407.2
12940.0,28940.0,406.4
12960.0,28940.0,405.5
12980.0,28940.0,404.7
13000.0,28940.0,403.7
13020.0,28940.0,402.8
13040.0,28940.0,401.9
13060.0,28940.0,400.9
13080.0,28940.0,399.9
13100.0,28940.0,399.0
13120.0,28940.0,398.0
13140.0,28940.0,397.1
13160.0,28940.0,396.1
13180.0,28940.0,395.2
13200.0,28940.0,394.3
13220.0,28940.0,393.4
13240.0,28940.0,392.6
13260.0,28940.0,391.8
13280.0,28940.0,391.0
13300.0,28940.0,390.3
13320.0,28940.0,389.7
13340.0,28940.0,389.0
13360.0,28940.0,388.5
13380.0,28940.0,388.0
13400.0,28940.0,387.5
13420.0,28940.0,387.1
13440.0,28940.0,386.8
13460.0,28940.0,386.5
13480.0,28940.0,386.2
13500.0,28940.0,386.1
13520.0,28940.0,386.0
13540.0,28940.0,385.9
13560.0,28940.0,385.9
13580.0,28940.0,386.0
13600.0,28940.0,386.1
10800.0,28960.0,386.9
10820.0,28960.0,387.5
10840.0,28960.0,388.2
10860.0,28960.0,388.9
10880.0,28960.0,389.5
10900.0,28960.0,390.2
10920.0,28960.0,390.8
10940.0,28960.0,391.4
10960.0,28960.0,392.0
10980.0,28960.0,392.5
11000.0,28960.0,393.0
11020.0,28960.0,393.5
11040.0,28960.0,394.0
11060.0,28960.0,394.4
11080.0,28960.0,394.8
11100.0,28960.0,395.2
11120.0,28960.0,395.6
11140.0,28960.0,395.9
11160.0,28960.0,396.2
11180.0,28960.0,396.4
11200.0,28960.0,396.6
11220.0,28960.0,396.8
11240.0,28960.0,397.0
11260.0,28960.0,397.1
11280.0,28960.0,397.2
11300.0,28960.0,397.3
11320.0,28960.0,397.3
11340.0,28960.0,397.4
11360.0,28960.0,397.4
11380.0,28960.0,397.3
11400.0,28960.0,397.3
11420.0,28960.0,397.3
11440.0,28960.0,397.2
11460.0,28960.0,397.1
11480.0,28960.0,397.0
11500.0,28960.0,396.9
11520.0,28960.0,396.8
11540.0,28960.0,396.7
11560.0,28960.0,396.6
11580.0,28960.0,396.5
11600.0,28960.0,396.4
11620.0,28960.0,396.3
11640.0,28960.0,396.2
11660.0,28960.0,396.1
11680.0,28960.0,396.1
11700.0,28960.0,396.0
11720.0,28960.0,396.0
11740.0,28960.0,396.0
11760.0,28960.0,396.0
11780.0,28960.0,396.1
11800.0,28960.0,396.1
11820.0,28960.0,396.2
11840.0,28960.0,396.4
11860.0,28960.0,396.5
11880.0,28960.0,396.7
11900.0,28960.0,396.9
11920.0,28960.0,397.2
11940.0,28960.0,397.5
11960.0,28960.0,397.8
11980.0,28960.0,398.2
12000.0,28960.0,398.5
12020.0,28960.0,398.9
12040.0,28960.0,399.4
12060.0,28960.0,399.9
12080.0,28960.0,400.4
12100.0,28960.0,400.9
12120.0,28960.0,401.4
12140.0,28960.0,402.0
12160.0,28960.0,402.6
12180.0,28960.0,403.2
12200.0,28960.0,403.8
12220.0,28960.0,404.4
12240.0,28960.0,405.0
12260.0,28960.0,405.6
12280.0,28960.0,406.2
12300.0,28960.0,406.8
12320.0,28960.0,407.5
12340.0,28960.0,408.0
12360.0,28960.0,408.6
12380.0,28960.0,409.2
12400.0,28960.0,409.7
12420.0,28960.0,410.2
12440.0,28960.0,410.7
12460.0,28960.0,411.1
12480.0,28960.0,411.5
12500.0,28960.0,411.8
12520.0,28960.0,412.2
12540.0,28960.0,412.4
12560.0,28960.0,412.6
12580.0,28960.0,412.8
12600.0,28960.0,412.9
12620.0,28960.0,412.9
12640.0,28960.0,412.9
12660.0,28960.0,412.8
12680.0,28960.0,412.7
12700.0,28960.0,412.5
12720.0,28960.0,412.2
12740.0,28960.0,411.9
12760.0,28960.0,411.5
12780.0,28960.0,411.1
12800.0,28960.0,410.6
12820.0,28960.0,410.0
12840.0,28960.0,409.4
12860.0,28960.0,408.8
12880.0,28960.0,408.1
12900.0,28960.0,407.3
12920.0,28960.0,406.5
12940.0,28960.0,405.7
12960.0,28960.0,404.8
12980.0,28960.0,403.9
13000.0,28960.0,403.0
13020.0,28960.0,402.1
13040.0,28960.0,401.1
13060.0,28960.0,400.2
13080.0,28960.0,399.2
13100.0,28960.0,398.2
13120.0,28960.0,397.2
13140.0,28960.0,396.3
13160.0,28960.0,395.3
13180.0,28960.0,394.4
13200.0,28960.0,393.5
13220.0,28960.0,392.6
13240.0,28960.0,391.8
13260.0,28960.0,390.9
13280.0,28960.0,390.2
13300.0,28960.0,389.4
13320.0,28960.0,388.8
13340.0,28960.0,388.1
13360.0,28960.0,387.6
13380.0,28960.0,387.0
13400.0,28960.0,386.6
13420.0,28960.0,386.2
13440.0,28960.0,385.8
13460.0,28960.0,385.5
13480.0,28960.0,385.3
13500.0,28960.0,385.1
13520.0,28960.0,385.0
13540.0,28960.0,385.0
13560.0,28960.0,385.0
13580.0,28960.0,385.0
13600.0,28960.0,385.1
10800.0,28980.0,386.4
10820.0,28980.0,387.1
10840.0,28980.0,387.7
10860.0,28980.0,388.4
10880.0,28980.0,389.0
10900.0,28980.0,389.6
10920.0,28980.0,390.3
10940.0,28980.0,390.8
10960.0,28980.0,391.4
10980.0,28980.0,392.0
11000.0,28980.0,392.5
11020.0,28980.0,393.0
11040.0,28980.0,393.4
11060.0,28980.0,393.9
11080.0,28980.0,394.3
11100.0,28980.0,394.6
11120.0,28980.0,395.0
11140.0,28980.0,395.3
11160.0,28980.0,395.6
11180.0,28980.0,395.8
11200.0,28980.0,396.0
11220.0,28980.0,396.2
11240.0,28980.0,396.4
11260.0,28980.0,396.5
11280.0,28980.0,396.6
11300.0,28980.0,396.7
11320.0,28980.0,396.7
11340.0,28980.0,396.7
11360.0,28980.0,396.7
11380.0,28980.0,396.7
11400.0,28980.0,396.7
11420.0,28980.0,396.6
11440.0,28980.0,396.5
11460.0,28980.0,396.5
11480.0,28980.0,396.4
11500.0,28980.0,396.3
11520.0,28980.0,396.2
11540.0,28980.0,396.1
11560.0,28980.0,395.9
11580.0,28980.0,395.8
11600.0,28980.0,395.7
11620.0,28980.0,395.6
11640.0,28980.0,395.6
11660.0,28980.0,395.5
11680.0,28980.0,395.4
11700.0,28980.0,395.4
11720.0,28980.0,395.4
11740.0,28980.0,395.4
11760.0,28980.0,395.4
11780.0,28980.0,395.4
11800.0,28980.0,395.5
11820.0,28980.0,395.6
11840.0,28980.0,395.8
11860.0,28980.0,395.9
11880.0,28980.0,396.1
11900.0,28980.0,396.3
11920.0,28980.0,396.6
11940.0,28980.0,396.9
11960.0,28980.0,397.2
11980.0,28980.0,397.6
12000.0,28980.0,397.9
12020.0,28980.0,398.4
12040.0,28980.0,398.8
12060.0,28980.0,399.3
12080.0,28980.0,399.8
12100.0,28980.0,400.3
12120.0,28980.0,400.8
12140.0,28980.0,401.4
12160.0,28980.0,402.0
12180.0,28980.0,402.6
12200.0,28980.0,403.2
12220.0,28980.0,403.8
12240.0,28980.0,404.4
12260.0,28980.0,405.0
12280.0,28980.0,405.7
12300.0,28980.0,406.3
12320.0,28980.0,406.9
12340.0,28980.0,407.5
12360.0,28980.0,408.0
12380.0,28980.0,408.6
12400.0,28980.0,409.1
12420.0,28980.0,409.6
12440.0,28980.0,410.1
12460.0,28980.0,410.5
12480.0,28980.0,410.9
12500.0,28980.0,411.3
12520.0,28980.0,411.6
12540.0,28980.0,411.8
12560.0,28980.0,412.0
12580.0,28980.0,412.2
12600.0,28980.0,412.3
12620.0,28980.0,412.3
12640.0,28980.0,412.3
12660.0,28980.0,412.2
12680.0,28980.0,412.1
12700.0,28980.0,411.9
12720.0,28980.0,411.6
12740.0,28980.0,411.3
12760.0,28980.0,410.9
12780.0,28980.0,410.5
12800.0,28980.0,410.0
12820.0,28980.0,409.4
12840.0,28980.0,408.8
12860.0,28980.0,408.1
12880.0,28980.0,407.4
12900.0,28980.0,406.7
12920.0,28980.0,405.9
12940.0,28980.0,405.0
12960.0,28980.0,404.2
12980.0,28980.0,403.3
13000.0,28980.0,402.3
13020.0,28980.0,401.4
13040.0,28980.0,400.4
13060.0,28980.0,399.4
13080.0,28980.0,398.5
13100.0,28980.0,397.5
13120.0,28980.0,396.5
13140.0,28980.0,395.5
13160.0,28980.0,394.6
13180.0,28980.0,393.6
13200.0,28980.0,392.7
13220.0,28980.0,391.8
13240.0,28980.0,391.0
13260.0,28980.0,390.1
13280.0,28980.0,389.4
13300.0,28980.0,388.6
13320.0,28980.0,387.9
13340.0,28980.0,387.3
13360.0,28980.0,386.7
13380.0,28980.0,386.2
13400.0,28980.0,385.7
13420.0,28980.0,385.3
13440.0,28980.0,384.9
13460.0,28980.0,384.6
13480.0,28980.0,384.4
13500.0,28980.0,384.2
13520.0,28980.0,384.1
13540.0,28980.0,384.0
13560.0,28980.0,384.1
13580.0,28980.0,384.1
13600.0,28980.0,384.2
10800.0,29000.0,386.0
10820.0,29000.0,386.6
10840.0,29000.0,387.3
10860.0,29000.0,387.9
10880.0,29000.0,388.6
10900.0,29000.0,389.2
10920.0,29000.0,389.8
10940.0,29000.0,390.4
10960.0,29000.0,390.9
10980.0,29000.0,391.5
11000.0,29000.0,392.0
11020.0,29000.0,392.5
11040.0,29000.0,392.9
11060.0,29000.0,393.3
11080.0,29000.0,393.7
11100.0,29000.0,394.1
11120.0,29000.0,394.4
11140.0,29000.0,394.7
11160.0,29000.0,395.0
11180.0,29000.0,395.2
11200.0,29000.0,395.5
11220.0,29000.0,395.6
11240.0,29000.0,395.8
11260.0,29000.0,395.9
11280.0,29000.0,396.0
11300.0,29000.0,396.1
11320.0,29000.0,396.1
11340.0,29000.0,396.1
11360.0,29000.0,396.1
11380.0,29000.0,396.1
11400.0,29000.0,396.0
11420.0,29000.0,396.0
11440.0,29000.0,395.9
11460.0,29000.0,395.8
11480.0,29000.0,395.7
11500.0,29000.0,395.6
11520.0,29000.0,395.5
11540.0,29000.0,395.4
11560.0,29000.0,395.3
11580.0,29000.0,395.2
11600.0,29000.0,395.1
11620.0,29000.0,395.0
11640.0,29000.0,394.9
11660.0,29000.0,394.8
11680.0,29000.0,394.8
11700.0,29000.0,394.7
11720.0,29000.0,394.7
11740.0,29000.0,394.7
11760.0,29000.0,394.7
11780.0,29000.0,394.8
11800.0,29000.0,394.9
11820.0,29000.0,395.0
11840.0,29000.0,395.1
11860.0,29000.0,395.3
11880.0,29000.0,395.5
11900.0,29000.0,395.7
11920.0,29000.0,396.0
11940.0,29000.0,396.2
11960.0,29000.0,396.6
11980.0,29000.0,396.9
12000.0,29000.0,397.3
12020.0,29000.0,397.7
12040.0,29000.0,398.2
12060.0,29000.0,398.6
12080.0,29000.0,399.1
12100.0,29000.0,399.7
12120.0,29000.0,400.2
12140.0,29000.0,400.8
12160.0,29000.0,401.3
12180.0,29000.0,401.9
12200.0,29000.0,402.5
12220.0,29000.0,403.2
12240.0,29000.0,403.8
12260.0,29000.0,404.4
12280.0,29000.0,405.0
12300.0,29000.0,405.6
12320.0,29000.0,406.2
12340.0,29000.0,406.8
12360.0,29000.0,407.4
12380.0,29000.0,408.0
12400.0,29000.0,408.5
12420.0,29000.0,409.0
12440.0,29000.0,409.5
12460.0,29000.0,409.9
12480.0,29000.0,410.3
12500.0,29000.0,410.6
12520.0,29000.0,411.0
12540.0,29000.0,411.2
12560.0,29000.0,411.4
12580.0,29000.0,411.6
12600.0,29000.0,411.7
12620.0,29000.0,411.7
12640.0,29000.0,411.7
12660.0,29000.0,411.6
12680.0,29000.0,411.5
12700.0,29000.0,411.3
12720.0,29000.0,411.0
12740.0,29000.0,410.7
12760.0,29000.0,410.3
12780.0,29000.0,409.9
12800.0,29000.0,409.4
12820.0,29000.0,408.8
12840.0,29000.0,408.2
12860.0,29000.0,407.5
12880.0,29000.0,406.8
12900.0,29000.0,406.1
12920.0,29000.0,405.2
12940.0,29000.0,404.4
12960.0,29000.0,403.5
12980.0,29000.0,402.6
13000.0,29000.0,401.7
13020.0,29000.0,400.7
13040.0,29000.0,399.8
13060.0,29000.0,398.8
13080.0,29000.0,397.8
13100.0,29000.0,396.8
13120.0,29000.0,395.8
13140.0,29000.0,394.8
13160.0,29000.0,393.8
13180.0,29000.0,392.9
13200.0,29000.0,392.0
13220.0,29000.0,391.1
13240.0,29000.0,390.2
13260.0,29000.0,389.4
13280.0,29000.0,388.6
13300.0,29000.0,387.8
13320.0,29000.0,387.1
13340.0,29000.0,386.5
13360.0,29000.0,385.9
13380.0,29000.0,385.3
13400.0,29000.0,384.9
13420.0,29000.0,384.4
13440.0,29000.0,384.1
13460.0,29000.0,383.8
13480.0,29000.0,383.5
13500.0,29000.0,383.3
13520.0,29000.0,383.2
13540.0,29000.0,383.2
13560.0,29000.0,383.2
13580.0,29000.0,383.2
13600.0,29000.0,383.3
10800.0,29020.0,385.6
10820.0,29020.0,386.3
10840.0,29020.0,386.9
10860.0,29020.0,387.6
10880.0,29020.0,388.2
10900.0,29020.0,388.8
10920.0,29020.0,389.4
10940.0,29020.0,390.0
10960.0,29020.0,390.5
10980.0,29020.0,391.0
11000.0,29020.0,391.5
11020.0,29020.0,392.0
11040.0,29020.0,392.4
11060.0,29020.0,392.9
11080.0,29020.0,393.2
11100.0,29020.0,393.6
11120.0,29020.0,393.9
11140.0,29020.0,394.2
11160.0,29020.0,394.5
11180.0,29020.0,394.7
11200.0,29020.0,394.9
11220.0,29020.0,395.1
11240.0,29020.0,395.2
11260.0,29020.0,395.3
11280.0,29020.0,395.4
11300.0,29020.0,395.5
11320.0,29020.0,395.5
11340.0,29020.0,395.5
11360.0,29020.0,395.5
11380.0,29020.0,395.5
11400.0,29020.0,395.4
11420.0,29020.0,395.4
11440.0,29020.0,395.3
11460.0,29020.0,395.2
11480.0,29020.0,395.1
11500.0,29020.0,395.0
11520.0,29020.0,394.9
11540.0,29020.0,394.7
11560.0,29020.0,394.6
11580.0,29020.0,394.5
11600.0,29020.0,394.4
11620.0,29020.0,394.3
11640.0,29020.0,394.2
11660.0,29020.0,394.2
11680.0,29020.0,394.1
11700.0,29020.0,394.1
11720.0,29020.0,394.0
11740.0,29020.0,394.0
11760.0,29020.0,394.1
11780.0,29020.0,394.1
11800.0,29020.0,394.2
11820.0,29020.0,394.3
11840.0,29020.0,394.4
11860.0,29020.0,394.6
11880.0,29020.0,394.8
11900.0,29020.0,395.0
11920.0,29020.0,395.2
11940.0,29020.0,395.5
11960.0,29020.0,395.9
11980.0,29020.0,396.2
12000.0,29020.0,396.6
12020.0,29020.0,397.0
12040.0,29020.0,397.5
12060.0,29020.0,397.9
12080.0,29020.0,398.4
12100.0,29020.0,399.0
12120.0,29020.0,399.5
12140.0,29020.0,400.1
12160.0,29020.0,400.6
12180.0,29020.0,401.2
12200.0,29020.0,401.9
12220.0,29020.0,402.5
12240.0,29020.0,403.1
12260.0,29020.0,403.7
12280.0,29020.0,404.3
12300.0,29020.0,405.0
12320.0,29020.0,405.6
12340.0,29020.0,406.2
12360.0,29020.0,406.7
12380.0,29020.0,407.3
12400.0,29020.0,407.8
12420.0,29020.0,408.3
12440.0,29020.0,408.8
12460.0,29020.0,409.2
12480.0,29020.0,409.6
12500.0,29020.0,410.0
12520.0,29020.0,410.3
12540.0,29020.0,410.6
12560.0,29020.0,410.8
12580.0,29020.0,410.9
12600.0,29020.0,411.0
12620.0,29020.0,411.1
12640.0,29020.0,411.1
12660.0,29020.0,411.0
12680.0,29020.0,410.9
12700.0,29020.0,410.7
12720.0,29020.0,410.4
12740.0,29020.0,410.1
12760.0,29020.0,409.7
12780.0,29020.0,409.3
12800.0,29020.0,408.8
12820.0,29020.0,408.2
12840.0,29020.0,407.6
12860.0,29020.0,406.9
12880.0,29020.0,406.2
12900.0,29020.0,405.4
12920.0,29020.0,404.6
12940.0,29020.0,403.8
12960.0,29020.0,402.9
12980.0,29020.0,402.0
13000.0,29020.0,401.1
13020.0,29020.0,400.1
13040.0,29020.0,399.1
13060.0,29020.0,398.1
13080.0,29020.0,397.1
13100.0,29020.0,396.1
13120.0,29020.0,395.1
13140.0,29020.0,394.1
13160.0,29020.0,393.2
13180.0,29020.0,392.2
13200.0,29020.0,391.3
13220.0,29020.0,390.4
13240.0,29020.0,389.5
13260.0,29020.0,388.6
13280.0,29020.0,387.8
13300.0,29020.0,387.1
13320.0,29020.0,386.4
13340.0,29020.0,385.7
13360.0,29020.0,385.1
13380.0,29020.0,384.5
13400.0,29020.0,384.1
13420.0,29020.0,383.6
13440.0,29020.0,383.2
13460.0,29020.0,382.9
13480.0,29020.0,382.7
13500.0,29020.0,382.5
13520.0,29020.0,382.4
13540.0,29020.0,382.3
13560.0,29020.0,382.3
13580.0,29020.0,382.3
13600.0,29020.0,382.5
10800.0,29040.0,385.4
10820.0,29040.0,386.0
10840.0,29040.0,386.6
10860.0,29040.0,387.3
10880.0,29040.0,387.9
10900.0,29040.0,388.5
10920.0,29040.0,389.0
10940.0,29040.0,389.6
10960.0,29040.0,390.1
10980.0,29040.0,390.6
11000.0,29040.0,391.1
11020.0,29040.0,391.6
11040.0,29040.0,392.0
11060.0,29040.0,392.4
11080.0,29040.0,392.8
11100.0,29040.0,393.1
11120.0,29040.0,393.5
11140.0,29040.0,393.7
11160.0,29040.0,394.0
11180.0,29040.0,394.2
11200.0,29040.0,394.4
11220.0,29040.0,394.6
11240.0,29040.0,394.7
11260.0,29040.0,394.8
11280.0,29040.0,394.9
11300.0,29040.0,394.9
11320.0,29040.0,394.9
11340.0,29040.0,394.9
11360.0,29040.0,394.9
11380.0,29040.0,394.9
11400.0,29040.0,394.8
11420.0,29040.0,394.7
11440.0,29040.0,394.6
11460.0,29040.0,394.5
11480.0,29040.0,394.4
11500.0,29040.0,394.3
11520.0,29040.0,394.2
11540.0,29040.0,394.1
11560.0,29040.0,394.0
11580.0,29040.0,393.8
11600.0,29040.0,393.7
11620.0,29040.0,393.6
11640.0,29040.0,393.5
11660.0,29040.0,393.4
11680.0,29040.0,393.4
11700.0,29040.0,393.3
11720.0,29040.0,393.3
11740.0,29040.0,393.3
11760.0,29040.0,393.3
11780.0,29040.0,393.4
11800.0,29040.0,393.4
11820.0,29040.0,393.5
11840.0,29040.0,393.7
11860.0,29040.0,393.8
11880.0,29040.0,394.0
11900.0,29040.0,394.2
11920.0,29040.0,394.5
11940.0,29040.0,394.8
11960.0,29040.0,395.1
11980.0,29040.0,395.5
12000.0,29040.0,395.8
12020.0,29040.0,396.3
12040.0,29040.0,396.7
12060.0,29040.0,397.2
12080.0,29040.0,397.7
12100.0,29040.0,398.2
12120.0,29040.0,398.7
12140.0,29040.0,399.3
12160.0,29040.0,399.9
12180.0,29040.0,400.5
12200.0,29040.0,401.1
12220.0,29040.0,401.7
12240.0,29040.0,402.3
12260.0,29040.0,403.0
12280.0,29040.0,403.6
12300.0,29040.0,404.2
12320.0,29040.0,404.8
12340.0,29040.0,405.4
12360.0,29040.0,406.0
12380.0,29040.0,406.6
12400.0,29040.0,407.1
12420.0,29040.0,407.6
12440.0,29040.0,408.1
12460.0,29040.0,408.5
12480.0,29040.0,408.9
12500.0,29040.0,409.3
12520.0,29040.0,409.6
12540.0,29040.0,409.9
12560.0,29040.0,410.1
12580.0,29040.0,410.3
12600.0,29040.0,410.4
12620.0,29040.0,410.4
12640.0,29040.0,410.4
12660.0,29040.0,410.4
12680.0,29040.0,410.2
12700.0,29040.0,410.0
12720.0,29040.0,409.8
12740.0,29040.0,409.5
12760.0,29040.0,409.1
12780.0,29040.0,408.7
12800.0,29040.0,408.2
12820.0,29040.0,407.6
12840.0,29040.0,407.0
12860.0,29040.0,406.3
12880.0,29040.0,405.6
12900.0,29040.0,404.9
12920.0,29040.0,404.1
12940.0,29040.0,403.2
12960.0,29040.0,402.3
12980.0,29040.0,401.4
13000.0,29040.0,400.5
13020.0,29040.0,399.5
13040.0,29040.0,398.5
13060.0,29040.0,397.5
13080.0,29040.0,396.5
13100.0,29040.0,395.5
13120.0,29040.0,394.5
13140.0,29040.0,393.5
13160.0,29040.0,392.5
13180.0,29040.0,391.6
13200.0,29040.0,390.6
13220.0,29040.0,389.7
13240.0,29040.0,388.8
13260.0,29040.0,388.0
13280.0,29040.0,387.1
13300.0,29040.0,386.4
13320.0,29040.0,385.7
13340.0,29040.0,385.0
13360.0,29040.0,384.4
13380.0,29040.0,383.8
13400.0,29040.0,383.3
13420.0,29040.0,382.8
13440.0,29040.0,382.5
13460.0,29040.0,382.1
13480.0,29040.0,381.9
13500.0,29040.0,381.7
13520.0,29040.0,381.5
13540.0,29040.0,381.5
13560.0,29040.0,381.5
13580.0,29040.0,381.5
13600.0,29040.0,381.6
10800.0,29060.0,385.2
10820.0,29060.0,385.8
10840.0,29060.0,386.4
10860.0,29060.0,387.0
10880.0,29060.0,387.6
10900.0,29060.0,388.2
10920.0,29060.0,388.8
10940.0,29060.0,389.3
10960.0,29060.0,389.8
10980.0,29060.0,390.3
11000.0,29060.0,390.8
11020.0,29060.0,391.3
11040.0,29060.0,391.7
11060.0,29060.0,392.1
11080.0,29060.0,392.4
11100.0,29060.0,392.8
11120.0,29060.0,393.1
11140.0,29060.0,393.3
11160.0,29060.0,393.6
11180.0,29060.0,393.8
11200.0,29060.0,393.9
11220.0,29060.0,394.1
11240.0,29060.0,394.2
11260.0,29060.0,394.3
11280.0,29060.0,394.3
11300.0,29060.0,394.4
11320.0,29060.0,394.4
11340.0,29060.0,394.4
11360.0,29060.0,394.3
11380.0,29060.0,394.3
11400.0,29060.0,394.2
11420.0,29060.0,394.1
11440.0,29060.0,394.0
11460.0,29060.0,393.9
11480.0,29060.0,393.8
11500.0,29060.0,393.7
11520.0,29060.0,393.5
11540.0,29060.0,393.4
11560.0,29060.0,393.3
11580.0,29060.0,393.1
11600.0,29060.0,393.0
11620.0,29060.0,392.9
11640.0,29060.0,392.8
11660.0,29060.0,392.7
11680.0,29060.0,392.6
11700.0,29060.0,392.6
11720.0,29060.0,392.6
11740.0,29060.0,392.5
11760.0,29060.0,392.6
11780.0,29060.0,392.6
11800.0,29060.0,392.7
11820.0,29060.0,392.7
11840.0,29060.0,392.9
11860.0,29060.0,393.0
11880.0,29060.0,393.2
11900.0,29060.0,393.4
11920.0,29060.0,393.7
11940.0,29060.0,394.0
11960.0,29060.0,394.3
11980.0,29060.0,394.6
12000.0,29060.0,395.0
12020.0,29060.0,395.4
12040.0,29060.0,395.9
12060.0,29060.0,396.4
12080.0,29060.0,396.9
12100.0,29060.0,397.4
12120.0,29060.0,397.9
12140.0,29060.0,398.5
12160.0,29060.0,399.1
12180.0,29060.0,399.7
12200.0,29060.0,400.3
12220.0,29060.0,400.9
12240.0,29060.0,401.5
12260.0,29060.0,402.2
12280.0,29060.0,402.8
12300.0,29060.0,403.4
12320.0,29060.0,404.0
12340.0,29060.0,404.7
12360.0,29060.0,405.2
12380.0,29060.0,405.8
12400.0,29060.0,406.4
12420.0,29060.0,406.9
12440.0,29060.0,407.4
12460.0,29060.0,407.8
12480.0,29060.0,408.2
12500.0,29060.0,408.6
12520.0,29060.0,408.9
12540.0,29060.0,409.2
12560.0,29060.0,409.4
12580.0,29060.0,409.6
12600.0,29060.0,409.7
12620.0,29060.0,409.8
12640.0,29060.0,409.8
12660.0,29060.0,409.7
12680.0,29060.0,409.6
12700.0,29060.0,409.4
12720.0,29060.0,409.2
12740.0,29060.0,408.8
12760.0,29060.0,408.5
12780.0,29060.0,408.0
12800.0,29060.0,407.6
12820.0,29060.0,407.0
12840.0,29060.0,406.4
12860.0,29060.0,405.8
12880.0,29060.0,405.0
12900.0,29060.0,404.3
12920.0,29060.0,403.5
12940.0,29060.0,402.6
12960.0,29060.0,401.8
12980.0,29060.0,400.9
13000.0,29060.0,399.9
13020.0,29060.0,398.9
13040.0,29060.0,398.0
13060.0,29060.0,397.0
13080.0,29060.0,396.0
13100.0,29060.0,394.9
13120.0,29060.0,393.9
13140.0,29060.0,392.9
13160.0,29060.0,391.9
13180.0,29060.0,391.0
13200.0,29060.0,390.0
13220.0,29060.0,389.1
13240.0,29060.0,388.2
13260.0,29060.0,387.3
13280.0,29060.0,386.5
13300.0,29060.0,385.7
13320.0,29060.0,385.0
13340.0,29060.0,384.3
13360.0,29060.0,383.7
13380.0,29060.0,383.1
13400.0,29060.0,382.6
13420.0,29060.0,382.1
13440.0,29060.0,381.7
13460.0,29060.0,381.4
13480.0,29060.0,381.1
13500.0,29060.0,380.9
13520.0,29060.0,380.8
13540.0,29060.0,380.7
13560.0,29060.0,380.6
13580.0,29060.0,380.7
13600.0,29060.0,380.8
10800.0,29080.0,385.0
10820.0,29080.0,385.7
10840.0,29080.0,386.3
10860.0,29080.0,386.9
10880.0,29080.0,387.4
10900.0,29080.0,388.0
10920.0,29080.0,388.6
10940.0,29080.0,389.1
10960.0,29080.0,389.6
10980.0,29080.0,390.1
11000.0,29080.0,390.5
11020.0,29080.0,391.0
11040.0,29080.0,391.4
11060.0,29080.0,391.7
11080.0,29080.0,392.1
11100.0,29080.0,392.4
11120.0,29080.0,392.7
11140.0,29080.0,392.9
11160.0,29080.0,393.2
11180.0,29080.0,393.4
11200.0,29080.0,393.5
11220.0,29080.0,393.6
11240.0,29080.0,393.7
11260.0,29080.0,393.8
11280.0,29080.0,393.9
11300.0,29080.0,393.9
11320.0,29080.0,393.9
11340.0,29080.0,393.8
11360.0,29080.0,393.8
11380.0,29080.0,393.7
11400.0,29080.0,393.6
11420.0,29080.0,393.5
11440.0,29080.0,393.4
11460.0,29080.0,393.3
11480.0,29080.0,393.1
11500.0,29080.0,393.0
11520.0,29080.0,392.9
11540.0,29080.0,392.7
11560.0,29080.0,392.6
11580.0,29080.0,392.4
11600.0,29080.0,392.3
11620.0,29080.0,392.2
11640.0,29080.0,392.1
11660.0,29080.0,392.0
11680.0,29080.0,391.9
11700.0,29080.0,391.8
11720.0,29080.0,391.8
11740.0,29080.0,391.7
11760.0,29080.0,391.7
11780.0,29080.0,391.8
11800.0,29080.0,391.8
11820.0,29080.0,391.9
11840.0,29080.0,392.0
11860.0,29080.0,392.2
11880.0,29080.0,392.4
11900.0,29080.0,392.6
11920.0,29080.0,392.8
11940.0,29080.0,393.1
11960.0,29080.0,393.4
11980.0,29080.0,393.8
12000.0,29080.0,394.2
12020.0,29080.0,394.6
12040.0,29080.0,395.0
12060.0,29080.0,395.5
12080.0,29080.0,396.0
12100.0,29080.0,396.5
12120.0,29080.0,397.0
12140.0,29080.0,397.6
12160.0,29080.0,398.2
12180.0,29080.0,398.8
12200.0,29080.0,399.4
12220.0,29080.0,400.1
12240.0,29080.0,400.7
12260.0,29080.0,401.3
12280.0,29080.0,402.0
12300.0,29080.0,402.6
12320.0,29080.0,403.2
12340.0,29080.0,403.8
12360.0,29080.0,404.4
12380.0,29080.0,405.0
12400.0,29080.0,405.5
12420.0,29080.0,406.1
12440.0,29080.0,406.6
12460.0,29080.0,407.0
12480.0,29080.0,407.5
12500.0,29080.0,407.8
12520.0,29080.0,408.2
12540.0,29080.0,408.5
12560.0,29080.0,408.7
12580.0,29080.0,408.9
12600.0,29080.0,409.0
12620.0,29080.0,409.1
12640.0,29080.0,409.1
12660.0,29080.0,409.0
12680.0,29080.0,408.9
12700.0,29080.0,408.8
12720.0,29080.0,408.5
12740.0,29080.0,408.2
12760.0,29080.0,407.9
12780.0,29080.0,407.4
12800.0,29080.0,407.0
12820.0,29080.0,406.4
12840.0,29080.0,405.8
12860.0,29080.0,405.2
12880.0,29080.0,404.5
12900.0,29080.0,403.7
12920.0,29080.0,402.9
12940.0,29080.0,402.1
12960.0,29080.0,401.2
12980.0,29080.0,400.3
13000.0,29080.0,399.4
13020.0,29080.0,398.4
13040.0,29080.0,397.4
13060.0,29080.0,396.4
13080.0,29080.0,395.4
13100.0,29080.0,394.4
13120.0,29080.0,393.4
13140.0,29080.0,392.4
13160.0,29080.0,391.4
13180.0,29080.0,390.4
13200.0,29080.0,389.4
13220.0,29080.0,388.5
13240.0,29080.0,387.6
13260.0,29080.0,386.7
13280.0,29080.0,385.9
13300.0,29080.0,385.1
13320.0,29080.0,384.3
13340.0,29080.0,383.6
13360.0,29080.0,383.0
13380.0,29080.0,382.4
13400.0,29080.0,381.9
13420.0,29080.0,381.4
13440.0,29080.0,381.0
13460.0,29080.0,380.7
13480.0,29080.0,380.4
13500.0,29080.0,380.1
13520.0,29080.0,380.0
13540.0,29080.0,379.9
13560.0,29080.0,379.9
13580.0,29080.0,379.9
13600.0,29080.0,380.0
10800.0,29100.0,385.0
10820.0,29100.0,385.6
10840.0,29100.0,386.2
10860.0,29100.0,386.7
10880.0,29100.0,387.3
10900.0,29100.0,387.9
10920.0,29100.0,388.4
10940.0,29100.0,388.9
10960.0,29100.0,389.4
10980.0,29100.0,389.9
11000.0,29100.0,390.3
11020.0,29100.0,390.7
11040.0,29100.0,391.1
11060.0,29100.0,391.5
11080.0,29100.0,391.8
11100.0,29100.0,392.1
11120.0,29100.0,392.4
11140.0,29100.0,392.6
11160.0,29100.0,392.8
11180.0,29100.0,393.0
11200.0,29100.0,393.1
11220.0,29100.0,393.2
11240.0,29100.0,393.3
11260.0,29100.0,393.4
11280.0,29100.0,393.4
11300.0,29100.0,393.4
11320.0,29100.0,393.4
11340.0,29100.0,393.3
11360.0,29100.0,393.3
11380.0,29100.0,393.2
11400.0,29100.0,393.1
11420.0,29100.0,392.9
11440.0,29100.0,392.8
11460.0,29100.0,392.7
11480.0,29100.0,392.5
11500.0,29100.0,392.4
11520.0,29100.0,392.2
11540.0,29100.0,392.0
11560.0,29100.0,391.9
11580.0,29100.0,391.7
11600.0,29100.0,391.6
11620.0,29100.0,391.4
11640.0,29100.0,391.3
11660.0,29100.0,391.2
11680.0,29100.0,391.1
11700.0,29100.0,391.0
11720.0,29100.0,391.0
11740.0,29100.0,390.9
11760.0,29100.0,390.9
11780.0,29100.0,390.9
11800.0,29100.0,391.0
11820.0,29100.0,391.1
11840.0,29100.0,391.2
11860.0,29100.0,391.3
11880.0,29100.0,391.5
11900.0,29100.0,391.7
11920.0,29100.0,391.9
11940.0,29100.0,392.2
11960.0,29100.0,392.5
11980.0,29100.0,392.9
12000.0,29100.0,393.2
12020.0,29100.0,393.6
12040.0,29100.0,394.1
12060.0,29100.0,394.5
12080.0,29100.0,395.0
12100.0,29100.0,395.6
12120.0,29100.0,396.1
12140.0,29100.0,396.7
12160.0,29100.0,397.3
12180.0,29100.0,397.9
12200.0,29100.0,398.5
12220.0,29100.0,399.1
12240.0,29100.0,399.8
12260.0,29100.0,400.4
12280.0,29100.0,401.1
12300.0,29100.0,401.7
12320.0,29100.0,402.3
12340.0,29100.0,402.9
12360.0,29100.0,403.6
12380.0,29100.0,404.1
12400.0,29100.0,404.7
12420.0,29100.0,405.2
12440.0,29100.0,405.7
12460.0,29100.0,406.2
12480.0,29100.0,406.7
12500.0,29100.0,407.0
12520.0,29100.0,407.4
12540.0,29100.0,407.7
12560.0,29100.0,407.9
12580.0,29100.0,408.1
12600.0,29100.0,408.3
12620.0,29100.0,408.4
12640.0,29100.0,408.4
12660.0,29100.0,408.4
12680.0,29100.0,408.3
12700.0,29100.0,408.1
12720.0,29100.0,407.9
12740.0,29100.0,407.6
12760.0,29100.0,407.3
12780.0,29100.0,406.9
12800.0,29100.0,406.4
12820.0,29100.0,405.9
12840.0,29100.0,405.3
12860.0,29100.0,404.6
12880.0,29100.0,403.9
12900.0,29100.0,403.2
12920.0,29100.0,402.4
12940.0,29100.0,401.6
12960.0,29100.0,400.7
12980.0,29100.0,399.8
13000.0,29100.0,398.9
13020.0,29100.0,397.9
13040.0,29100.0,396.9
13060.0,29100.0,395.9
13080.0,29100.0,394.9
13100.0,29100.0,393.9
13120.0,29100.0,392.9
13140.0,29100.0,391.9
13160.0,29100.0,390.9
13180.0,29100.0,389.9
13200.0,29100.0,388.9
13220.0,29100.0,388.0
13240.0,29100.0,387.0
13260.0,29100.0,386.2
13280.0,29100.0,385.3
13300.0,29100.0,384.5
13320.0,29100.0,383.7
13340.0,29100.0,383.0
13360.0,29100.0,382.4
13380.0,29100.0,381.8
13400.0,29100.0,381.2
13420.0,29100.0,380.7
13440.0,29100.0,380.3
13460.0,29100.0,380.0
13480.0,29100.0,379.7
13500.0,29100.0,379.4
13520.0,29100.0,379.2
13540.0,29100.0,379.1
13560.0,29100.0,379.1
13580.0,29100.0,379.1
13600.0,29100.0,379.2
10800.0,29120.0,385.0
10820.0,29120.0,385.6
10840.0,29120.0,386.1
10860.0,29120.0,386.7
10880.0,29120.0,387.3
10900.0,29120.0,387.8
10920.0,29120.0,388.3
10940.0,29120.0,388.8
10960.0,29120.0,389.3
10980.0,29120.0,389.8
11000.0,29120.0,390.2
11020.0,29120.0,390.6
11040.0,29120.0,390.9
11060.0,29120.0,391.3
11080.0,29120.0,391.6
11100.0,29120.0,391.9
11120.0,29120.0,392.1
11140.0,29120.0,392.3
11160.0,29120.0,392.5
11180.0,29120.0,392.7
11200.0,29120.0,392.8
11220.0,29120.0,392.9
11240.0,29120.0,392.9
11260.0,29120.0,393.0
11280.0,29120.0,393.0
11300.0,29120.0,393.0
11320.0,29120.0,392.9
11340.0,29120.0,392.8
11360.0,29120.0,392.8
11380.0,29120.0,392.6
11400.0,29120.0,392.5
11420.0,29120.0,392.4
11440.0,29120.0,392.2
11460.0,29120.0,392.1
11480.0,29120.0,391.9
11500.0,29120.0,391.7
11520.0,29120.0,391.5
11540.0,29120.0,391.3
11560.0,29120.0,391.2
11580.0,29120.0,391.0
11600.0,29120.0,390.8
11620.0,29120.0,390.7
11640.0,29120.0,390.5
11660.0,29120.0,390.4
11680.0,29120.0,390.3
11700.0,29120.0,390.2
11720.0,29120.0,390.1
11740.0,29120.0,390.1
11760.0,29120.0,390.0
11780.0,29120.0,390.0
11800.0,29120.0,390.1
11820.0,29120.0,390.1
11840.0,29120.0,390.2
11860.0,29120.0,390.4
11880.0,29120.0,390.5
11900.0,29120.0,390.7
11920.0,29120.0,391.0
11940.0,29120.0,391.2
11960.0,29120.0,391.5
11980.0,29120.0,391.9
12000.0,29120.0,392.3
12020.0,29120.0,392.7
12040.0,29120.0,393.1
12060.0,29120.0,393.6
12080.0,29120.0,394.1
12100.0,29120.0,394.6
12120.0,29120.0,395.1
12140.0,29120.0,395.7
12160.0,29120.0,396.3
12180.0,29120.0,396.9
12200.0,29120.0,397.5
12220.0,29120.0,398.2
12240.0,29120.0,398.8
12260.0,29120.0,399.5
12280.0,29120.0,400.1
12300.0,29120.0,400.8
12320.0,29120.0,401.4
12340.0,29120.0,402.0
12360.0,29120.0,402.6
12380.0,29120.0,403.2
12400.0,29120.0,403.8
12420.0,29120.0,404.4
12440.0,29120.0,404.9
12460.0,29120.0,405.4
12480.0,29120.0,405.8
12500.0,29120.0,406.2
12520.0,29120.0,406.6
12540.0,29120.0,406.9
12560.0,29120.0,407.2
12580.0,29120.0,407.4
12600.0,29120.0,407.5
12620.0,29120.0,407.6
12640.0,29120.0,407.7
12660.0,29120.0,407.7
12680.0,29120.0,407.6
12700.0,29120.0,407.4
12720.0,29120.0,407.2
12740.0,29120.0,407.0
12760.0,29120.0,406.6
12780.0,29120.0,406.3
12800.0,29120.0,405.8
12820.0,29120.0,405.3
12840.0,29120.0,404.7
12860.0,29120.0,404.1
12880.0,29120.0,403.4
12900.0,29120.0,402.7
12920.0,29120.0,401.9
12940.0,29120.0,401.1
12960.0,29120.0,400.2
12980.0,29120.0,399.3
13000.0,29120.0,398.4
13020.0,29120.0,397.4
13040.0,29120.0,396.4
13060.0,29120.0,395.4
13080.0,29120.0,394.4
13100.0,29120.0,393.4
13120.0,29120.0,392.4
13140.0,29120.0,391.4
13160.0,29120.0,390.4
13180.0,29120.0,389.4
13200.0,29120.0,388.4
13220.0,29120.0,387.5
13240.0,29120.0,386.5
13260.0,29120.0,385.6
13280.0,29120.0,384.8
13300.0,29120.0,384.0
13320.0,29120.0,383.2
13340.0,29120.0,382.5
13360.0,29120.0,381.8
13380.0,29120.0,381.2
13400.0,29120.0,380.6
13420.0,29120.0,380.1
13440.0,29120.0,379.7
13460.0,29120.0,379.3
13480.0,29120.0,379.0
13500.0,29120.0,378.7
13520.0,29120.0,378.5
13540.0,29120.0,378.4
13560.0,29120.0,378.3
13580.0,29120.0,378.3
13600.0,29120.0,378.4
10800.0,29140.0,385.0
10820.0,29140.0,385.6
10840.0,29140.0,386.2
10860.0,29140.0,386.7
10880.0,29140.0,387.3
10900.0,29140.0,387.8
10920.0,29140.0,388.3
10940.0,29140.0,388.8
10960.0,29140.0,389.3
10980.0,29140.0,389.7
11000.0,29140.0,390.1
11020.0,29140.0,390.5
11040.0,29140.0,390.8
11060.0,29140.0,391.1
11080.0,29140.0,391.4
11100.0,29140.0,391.7
11120.0,29140.0,391.9
11140.0,29140.0,392.1
11160.0,29140.0,392.3
11180.0,29140.0,392.4
11200.0,29140.0,392.5
11220.0,29140.0,392.6
11240.0,29140.0,392.6
11260.0,29140.0,392.6
11280.0,29140.0,392.6
11300.0,29140.0,392.6
11320.0,29140.0,392.5
11340.0,29140.0,392.4
11360.0,29140.0,392.3
11380.0,29140.0,392.1
11400.0,29140.0,392.0
11420.0,29140.0,391.8
11440.0,29140.0,391.6
11460.0,29140.0,391.5
11480.0,29140.0,391.3
11500.0,29140.0,391.1
11520.0,29140.0,390.9
11540.0,29140.0,390.7
11560.0,29140.0,390.5
11580.0,29140.0,390.3
11600.0,29140.0,390.1
11620.0,29140.0,389.9
11640.0,29140.0,389.7
11660.0,29140.0,389.6
11680.0,29140.0,389.4
11700.0,29140.0,389.3
11720.0,29140.0,389.2
11740.0,29140.0,389.2
11760.0,29140.0,389.1
11780.0,29140.0,389.1
11800.0,29140.0,389.2
11820.0,29140.0,389.2
11840.0,29140.0,389.3
11860.0,29140.0,389.4
11880.0,29140.0,389.6
11900.0,29140.0,389.8
11920.0,29140.0,390.0
11940.0,29140.0,390.2
11960.0,29140.0,390.5
11980.0,29140.0,390.9
12000.0,29140.0,391.2
12020.0,29140.0,391.6
12040.0,29140.0,392.1
12060.0,29140.0,392.5
12080.0,29140.0,393.0
12100.0,29140.0,393.6
12120.0,29140.0,394.1
12140.0,29140.0,394.7
12160.0,29140.0,395.3
12180.0,29140.0,395.9
12200.0,29140.0,396.5
12220.0,29140.0,397.2
12240.0,29140.0,397.8
12260.0,29140.0,398.5
12280.0,29140.0,399.1
12300.0,29140.0,399.8
12320.0,29140.0,400.4
12340.0,29140.0,401.1
12360.0,29140.0,401.7
12380.0,29140.0,402.3
12400.0,29140.0,402.9
12420.0,29140.0,403.5
12440.0,29140.0,404.0
12460.0,29140.0,404.5
12480.0,29140.0,405.0
12500.0,29140.0,405.4
12520.0,29140.0,405.8
12540.0,29140.0,406.1
12560.0,29140.0,406.4
12580.0,29140.0,406.6
12600.0,29140.0,406.8
12620.0,29140.0,406.9
12640.0,29140.0,407.0
12660.0,29140.0,407.0
12680.0,29140.0,406.9
12700.0,29140.0,406.8
12720.0,29140.0,406.6
12740.0,29140.0,406.3
12760.0,29140.0,406.0
12780.0,29140.0,405.7
12800.0,29140.0,405.2
12820.0,29140.0,404.7
12840.0,29140.0,404.2
12860.0,29140.0,403.5
12880.0,29140.0,402.9
12900.0,29140.0,402.2
12920.0,29140.0,401.4
12940.0,29140.0,400.6
12960.0,29140.0,399.7
12980.0,29140.0,398.8
13000.0,29140.0,397.9
13020.0,29140.0,397.0
13040.0,29140.0,396.0
13060.0,29140.0,395.0
13080.0,29140.0,394.0
13100.0,29140.0,393.0
13120.0,29140.0,392.0
13140.0,29140.0,390.9
13160.0,29140.0,389.9
13180.0,29140.0,388.9
13200.0,29140.0,387.9
13220.0,29140.0,387.0
13240.0,29140.0,386.0
13260.0,29140.0,385.1
13280.0,29140.0,384.3
13300.0,29140.0,383.4
13320.0,29140.0,382.7
13340.0,29140.0,381.9
13360.0,29140.0,381.2
13380.0,29140.0,380.6
13400.0,29140.0,380.0
13420.0,29140.0,379.5
13440.0,29140.0,379.0
13460.0,29140.0,378.6
13480.0,29140.0,378.3
13500.0,29140.0,378.0
13520.0,29140.0,377.8
13540.0,29140.0,377.7
13560.0,29140.0,377.6
13580.0,29140.0,377.6
13600.0,29140.0,377.6
10800.0,29160.0,385.2
10820.0,29160.0,385.7
10840.0,29160.0,386.3
10860.0,29160.0,386.8
10880.0,29160.0,387.4
10900.0,29160.0,387.9
10920.0,29160.0,388.4
10940.0,29160.0,388.8
10960.0,29160.0,389.3
10980.0,29160.0,389.7
11000.0,29160.0,390.1
11020.0,29160.0,390.4
11040.0,29160.0,390.8
11060.0,29160.0,391.1
11080.0,29160.0,391.3
11100.0,29160.0,391.6
11120.0,29160.0,391.8
11140.0,29160.0,391.9
11160.0,29160.0,392.1
11180.0,29160.0,392.2
11200.0,29160.0,392.3
11220.0,29160.0,392.3
11240.0,29160.0,392.3
11260.0,29160.0,392.3
11280.0,29160.0,392.2
11300.0,29160.0,392.2
11320.0,29160.0,392.1
11340.0,29160.0,392.0
11360.0,29160.0,391.8
11380.0,29160.0,391.7
11400.0,29160.0,391.5
11420.0,29160.0,391.3
11440.0,29160.0,391.1
11460.0,29160.0,390.9
11480.0,29160.0,390.6
11500.0,29160.0,390.4
11520.0,29160.0,390.2
11540.0,29160.0,390.0
11560.0,29160.0,389.7
11580.0,29160.0,389.5
11600.0,29160.0,389.3
11620.0,29160.0,389.1
11640.0,29160.0,388.9
11660.0,29160.0,388.8
11680.0,29160.0,388.6
11700.0,29160.0,388.5
11720.0,29160.0,388.4
11740.0,29160.0,388.3
11760.0,29160.0,388.2
11780.0,29160.0,388.2
11800.0,29160.0,388.2
11820.0,29160.0,388.2
11840.0,29160.0,388.3
11860.0,29160.0,388.4
11880.0,29160.0,388.6
11900.0,29160.0,388.7
11920.0,29160.0,389.0
11940.0,29160.0,389.2
11960.0,29160.0,389.5
11980.0,29160.0,389.8
12000.0,29160.0,390.2
12020.0,29160.0,390.6
12040.0,29160.0,391.0
12060.0,29160.0,391.5
12080.0,29160.0,392.0
12100.0,29160.0,392.5
12120.0,29160.0,393.0
12140.0,29160.0,393.6
12160.0,29160.0,394.2
12180.0,29160.0,394.8
12200.0,29160.0,395.5
12220.0,29160.0,396.1
12240.0,29160.0,396.8
12260.0,29160.0,397.4
12280.0,29160.0,398.1
12300.0,29160.0,398.8
12320.0,29160.0,399.4
12340.0,29160.0,400.1
12360.0,29160.0,400.7
12380.0,29160.0,401.3
12400.0,29160.0,401.9
12420.0,29160.0,402.5
12440.0,29160.0,403.1
12460.0,29160.0,403.6
12480.0,29160.0,404.1
12500.0,29160.0,404.5
12520.0,29160.0,404.9
12540.0,29160.0,405.2
12560.0,29160.0,405.6
12580.0,29160.0,405.8
12600.0,29160.0,406.0
12620.0,29160.0,406.1
12640.0,29160.0,406.2
12660.0,29160.0,406.2
12680.0,29160.0,406.2
12700.0,29160.0,406.1
12720.0,29160.0,405.9
12740.0,29160.0,405.7
12760.0,29160.0,405.4
12780.0,29160.0,405.1
12800.0,29160.0,404.6
12820.0,29160.0,404.2
12840.0,29160.0,403.6
12860.0,29160.0,403.0
12880.0,29160.0,402.4
12900.0,29160.0,401.7
12920.0,29160.0,400.9
12940.0,29160.0,400.1
12960.0,29160.0,399.3
12980.0,29160.0,398.4
13000.0,29160.0,397.5
13020.0,29160.0,396.5
13040.0,29160.0,395.6
13060.0,29160.0,394.6
13080.0,29160.0,393.6
13100.0,29160.0,392.6
13120.0,29160.0,391.5
13140.0,29160.0,390.5
13160.0,29160.0,389.5
13180.0,29160.0,388.5
13200.0,29160.0,387.5
13220.0,29160.0,386.5
13240.0,29160.0,385.6
13260.0,29160.0,384.7
13280.0,29160.0,383.8
13300.0,29160.0,383.0
13320.0,29160.0,382.2
13340.0,29160.0,381.4
13360.0,29160.0,380.7
13380.0,29160.0,380.1
13400.0,29160.0,379.5
13420.0,29160.0,378.9
13440.0,29160.0,378.5
13460.0,29160.0,378.0
13480.0,29160.0,377.7
13500.0,29160.0,377.4
13520.0,29160.0,377.2
13540.0,29160.0,377.0
13560.0,29160.0,376.9
13580.0,29160.0,376.9
13600.0,29160.0,376.9
10800.0,29180.0,385.4
10820.0,29180.0,385.9
10840.0,29180.0,386.5
10860.0,29180.0,387.0
10880.0,29180.0,387.5
10900.0,29180.0,388.0
10920.0,29180.0,388.5
10940.0,29180.0,388.9
10960.0,29180.0,389.3
10980.0,29180.0,389.7
11000.0,29180.0,390.1
11020.0,29180.0,390.4
11040.0,29180.0,390.8
11060.0,29180.0,391.0
11080.0,29180.0,391.3
11100.0,29180.0,391.5
11120.0,29180.0,391.7
11140.0,29180.0,391.8
11160.0,29180.0,391.9
11180.0,29180.0,392.0
11200.0,29180.0,392.0
11220.0,29180.0,392.1
11240.0,29180.0,392.0
11260.0,29180.0,392.0
11280.0,29180.0,391.9
11300.0,29180.0,391.8
11320.0,29180.0,391.7
11340.0,29180.0,391.6
11360.0,29180.0,391.4
11380.0,29180.0,391.2
11400.0,29180.0,391.0
11420.0,29180.0,390.8
11440.0,29180.0,390.5
11460.0,29180.0,390.3
11480.0,29180.0,390.1
11500.0,29180.0,389.8
11520.0,29180.0,389.5
11540.0,29180.0,389.3
11560.0,29180.0,389.0
11580.0,29180.0,388.8
11600.0,29180.0,388.5
11620.0,29180.0,388.3
11640.0,29180.0,388.1
11660.0,29180.0,387.9
11680.0,29180.0,387.7
11700.0,29180.0,387.6
11720.0,29180.0,387.5
11740.0,29180.0,387.4
11760.0,29180.0,387.3
11780.0,29180.0,387.2
11800.0,29180.0,387.2
11820.0,29180.0,387.3
11840.0,29180.0,387.3
11860.0,29180.0,387.4
11880.0,29180.0,387.5
11900.0,29180.0,387.7
11920.0,29180.0,387.9
11940.0,29180.0,388.1
11960.0,29180.0,388.4
11980.0,29180.0,388.7
12000.0,29180.0,389.1
12020.0,29180.0,389.5
12040.0,29180.0,389.9
12060.0,29180.0,390.4
12080.0,29180.0,390.8
12100.0,29180.0,391.4
12120.0,29180.0,391.9
12140.0,29180.0,392.5
12160.0,29180.0,393.1
12180.0,29180.0,393.7
12200.0,29180.0,394.3
12220.0,29180.0,395.0
12240.0,29180.0,395.7
12260.0,29180.0,396.3
12280.0,29180.0,397.0
12300.0,29180.0,397.7
12320.0,29180.0,398.4
12340.0,29180.0,399.0
12360.0,29180.0,399.7
12380.0,29180.0,400.3
12400.0,29180.0,400.9
12420.0,29180.0,401.5
12440.0,29180.0,402.1
12460.0,29180.0,402.6
12480.0,29180.0,403.1
12500.0,29180.0,403.6
12520.0,29180.0,404.0
12540.0,29180.0,404.4
12560.0,29180.0,404.7
12580.0,29180.0,405.0
12600.0,29180.0,405.2
12620.0,29180.0,405.4
12640.0,29180.0,405.5
12660.0,29180.0,405.5
12680.0,29180.0,405.5
12700.0,29180.0,405.4
12720.0,29180.0,405.3
12740.0,29180.0,405.1
12760.0,29180.0,404.8
12780.0,29180.0,404.4
12800.0,29180.0,404.1
12820.0,29180.0,403.6
12840.0,29180.0,403.1
12860.0,29180.0,402.5
12880.0,29180.0,401.9
12900.0,29180.0,401.2
12920.0,29180.0,400.4
12940.0,29180.0,399.6
12960.0,29180.0,398.8
12980.0,29180.0,398.0
13000.0,29180.0,397.0
13020.0,29180.0,396.1
13040.0,29180.0,395.2
13060.0,29180.0,394.2
13080.0,29180.0,393.2
13100.0,29180.0,392.2
13120.0,29180.0,391.1
13140.0,29180.0,390.1
13160.0,29180.0,389.1
13180.0,29180.0,388.1
13200.0,29180.0,387.1
13220.0,29180.0,386.1
13240.0,29180.0,385.2
13260.0,29180.0,384.3
13280.0,29180.0,383.4
13300.0,29180.0,382.5
13320.0,29180.0,381.7
13340.0,29180.0,380.9
13360.0,29180.0,380.2
13380.0,29180.0,379.5
13400.0,29180.0,378.9
13420.0,29180.0,378.4
13440.0,29180.0,377.9
13460.0,29180.0,377.5
13480.0,29180.0,377.1
13500.0,29180.0,376.8
13520.0,29180.0,376.5
13540.0,29180.0,376.3
13560.0,29180.0,376.2
13580.0,29180.0,376.2
13600.0,29180.0,376.2
10800.0,29200.0,385.6
10820.0,29200.0,386.2
10840.0,29200.0,386.7
10860.0,29200.0,387.2
10880.0,29200.0,387.7
10900.0,29200.0,388.2
10920.0,29200.0,388.6
10940.0,29200.0,389.1
10960.0,29200.0,389.5
10980.0,29200.0,389.8
11000.0,29200.0,390.2
11020.0,29200.0,390.5
11040.0,29200.0,390.8
11060.0,29200.0,391.1
11080.0,29200.0,391.3
11100.0,29200.0,391.5
11120.0,29200.0,391.6
11140.0,29200.0,391.7
11160.0,29200.0,391.8
11180.0,29200.0,391.9
11200.0,29200.0,391.9
11220.0,29200.0,391.9
11240.0,29200.0,391.8
11260.0,29200.0,391.8
11280.0,29200.0,391.7
11300.0,29200.0,391.5
11320.0,29200.0,391.4
11340.0,29200.0,391.2
11360.0,29200.0,391.0
11380.0,29200.0,390.8
11400.0,29200.0,390.5
11420.0,29200.0,390.3
11440.0,29200.0,390.0
11460.0,29200.0,389.7
11480.0,29200.0,389.5
11500.0,29200.0,389.2
11520.0,29200.0,388.9
11540.0,29200.0,388.6
11560.0,29200.0,388.3
11580.0,29200.0,388.1
11600.0,29200.0,387.8
11620.0,29200.0,387.5
11640.0,29200.0,387.3
11660.0,29200.0,387.1
11680.0,29200.0,386.9
11700.0,29200.0,386.7
11720.0,29200.0,386.5
11740.0,29200.0,386.4
11760.0,29200.0,386.3
11780.0,29200.0,386.3
11800.0,29200.0,386.2
11820.0,29200.0,386.2
11840.0,29200.0,386.3
11860.0,29200.0,386.3
11880.0,29200.0,386.5
11900.0,29200.0,386.6
11920.0,29200.0,386.8
11940.0,29200.0,387.0
11960.0,29200.0,387.3
11980.0,29200.0,387.6
12000.0,29200.0,387.9
12020.0,29200.0,388.3
12040.0,29200.0,388.7
12060.0,29200.0,389.2
12080.0,29200.0,389.7
12100.0,29200.0,390.2
12120.0,29200.0,390.8
12140.0,29200.0,391.3
12160.0,29200.0,391.9
12180.0,29200.0,392.6
12200.0,29200.0,393.2
12220.0,29200.0,393.9
12240.0,29200.0,394.5
12260.0,29200.0,395.2
12280.0,29200.0,395.9
12300.0,29200.0,396.6
12320.0,29200.0,397.3
12340.0,29200.0,397.9
12360.0,29200.0,398.6
12380.0,29200.0,399.3
12400.0,29200.0,399.9
12420.0,29200.0,400.5
12440.0,29200.0,401.1
12460.0,29200.0,401.6
12480.0,29200.0,402.2
12500.0,29200.0,402.6
12520.0,29200.0,403.1
12540.0,29200.0,403.5
12560.0,29200.0,403.8
12580.0,29200.0,404.1
12600.0,29200.0,404.4
12620.0,29200.0,404.6
12640.0,29200.0,404.7
12660.0,29200.0,404.8
12680.0,29200.0,404.8
12700.0,29200.0,404.7
12720.0,29200.0,404.6
12740.0,29200.0,404.4
12760.0,29200.0,404.2
12780.0,29200.0,403.8
12800.0,29200.0,403.5
12820.0,29200.0,403.0
12840.0,29200.0,402.5
12860.0,29200.0,402.0
12880.0,29200.0,401.4
12900.0,29200.0,400.7
12920.0,29200.0,400.0
12940.0,29200.0,399.2
12960.0,29200.0,398.4
12980.0,29200.0,397.5
13000.0,29200.0,396.6
13020.0,29200.0,395.7
13040.0,29200.0,394.8
13060.0,29200.0,393.8
13080.0,29200.0,392.8
13100.0,29200.0,391.8
13120.0,29200.0,390.8
13140.0,29200.0,389.7
13160.0,29200.0,388.7
13180.0,29200.0,387.7
13200.0,29200.0,386.7
13220.0,29200.0,385.7
13240.0,29200.0,384.8
13260.0,29200.0,383.9
13280.0,29200.0,383.0
13300.0,29200.0,382.1
13320.0,29200.0,381.3
13340.0,29200.0,380.5
13360.0,29200.0,379.7
13380.0,29200.0,379.1
13400.0,29200.0,378.4
13420.0,29200.0,377.9
13440.0,29200.0,377.3
13460.0,29200.0,376.9
13480.0,29200.0,376.5
13500.0,29200.0,376.2
13520.0,29200.0,375.9
13540.0,29200.0,375.7
13560.0,29200.0,375.6
13580.0,29200.0,375.5
13600.0,29200.0,375.5
10800.0,29220.0,385.9
10820.0,29220.0,386.5
10840.0,29220.0,387.0
10860.0,29220.0,387.5
10880.0,29220.0,388.0
10900.0,29220.0,388.4
10920.0,29220.0,388.9
10940.0,29220.0,389.3
10960.0,29220.0,389.7
10980.0,29220.0,390.0
11000.0,29220.0,390.3
11020.0,29220.0,390.6
11040.0,29220.0,390.9
11060.0,29220.0,391.1
11080.0,29220.0,391.3
11100.0,29220.0,391.5
11120.0,29220.0,391.6
11140.0,29220.0,391.7
11160.0,29220.0,391.8
11180.0,29220.0,391.8
11200.0,29220.0,391.8
11220.0,29220.0,391.7
11240.0,29220.0,391.7
11260.0,29220.0,391.6
11280.0,29220.0,391.4
11300.0,29220.0,391.3
11320.0,29220.0,391.1
11340.0,29220.0,390.9
11360.0,29220.0,390.6
11380.0,29220.0,390.4
11400.0,29220.0,390.1
11420.0,29220.0,389.8
11440.0,29220.0,389.5
11460.0,29220.0,389.2
11480.0,29220.0,388.9
11500.0,29220.0,388.6
11520.0,29220.0,388.3
11540.0,29220.0,387.9
11560.0,29220.0,387.6
11580.0,29220.0,387.3
11600.0,29220.0,387.0
11620.0,29220.0,386.7
11640.0,29220.0,386.5
11660.0,29220.0,386.2
11680.0,29220.0,386.0
11700.0,29220.0,385.8
11720.0,29220.0,385.6
11740.0,29220.0,385.5
11760.0,29220.0,385.4
11780.0,29220.0,385.3
11800.0,29220.0,385.2
11820.0,29220.0,385.2
11840.0,29220.0,385.2
11860.0,29220.0,385.3
11880.0,29220.0,385.4
11900.0,29220.0,385.5
11920.0,29220.0,385.7
11940.0,29220.0,385.9
11960.0,29220.0,386.1
11980.0,29220.0,386.4
12000.0,29220.0,386.8
12020.0,29220.0,387.1
12040.0,29220.0,387.6
12060.0,29220.0,388.0
12080.0,29220.0,388.5
12100.0,29220.0,389.0
12120.0,29220.0,389.6
12140.0,29220.0,390.1
12160.0,29220.0,390.7
12180.0,29220.0,391.4
12200.0,29220.0,392.0
12220.0,29220.0,392.7
12240.0,29220.0,393.4
12260.0,29220.0,394.0
12280.0,29220.0,394.7
12300.0,29220.0,395.4
12320.0,29220.0,396.1
12340.0,29220.0,396.8
12360.0,29220.0,397.5
12380.0,29220.0,398.2
12400.0,29220.0,398.8
12420.0,29220.0,399.5
12440.0,29220.0,400.1
12460.0,29220.0,400.6
12480.0,29220.0,401.2
12500.0,29220.0,401.7
12520.0,29220.0,402.2
12540.0,29220.0,402.6
12560.0,29220.0,402.9
12580.0,29220.0,403.3
12600.0,29220.0,403.5
12620.0,29220.0,403.7
12640.0,29220.0,403.9
12660.0,29220.0,404.0
12680.0,29220.0,404.0
12700.0,29220.0,404.0
12720.0,29220.0,403.9
12740.0,29220.0,403.7
12760.0,29220.0,403.5
12780.0,29220.0,403.2
12800.0,29220.0,402.9
12820.0,29220.0,402.5
12840.0,29220.0,402.0
12860.0,29220.0,401.5
12880.0,29220.0,400.9
12900.0,29220.0,400.2
12920.0,29220.0,399.5
12940.0,29220.0,398.8
12960.0,29220.0,398.0
12980.0,29220.0,397.1
13000.0,29220.0,396.2
13020.0,29220.0,395.3
13040.0,29220.0,394.4
13060.0,29220.0,393.4
13080.0,29220.0,392.4
13100.0,29220.0,391.4
13120.0,29220.0,390.4
13140.0,29220.0,389.4
13160.0,29220.0,388.4
13180.0,29220.0,387.4
13200.0,29220.0,386.4
13220.0,29220.0,385.4
13240.0,29220.0,384.4
13260.0,29220.0,383.5
13280.0,29220.0,382.6
13300.0,29220.0,381.7
13320.0,29220.0,380.9
13340.0,29220.0,380.1
13360.0,29220.0,379.3
13380.0,29220.0,378.6
13400.0,29220.0,378.0
13420.0,29220.0,377.4
13440.0,29220.0,376.8
13460.0,29220.0,376.4
13480.0,29220.0,375.9
13500.0,29220.0,375.6
13520.0,29220.0,375.3
13540.0,29220.0,375.1
13560.0,29220.0,374.9
13580.0,29220.0,374.8
13600.0,29220.0,374.8
10800.0,29240.0,386.3
10820.0,29240.0,386.8
10840.0,29240.0,387.3
10860.0,29240.0,387.8
10880.0,29240.0,388.3
10900.0,29240.0,388.7
10920.0,29240.0,389.1
10940.0,29240.0,389.5
10960.0,29240.0,389.9
10980.0,29240.0,390.2
11000.0,29240.0,390.5
11020.0,29240.0,390.8
11040.0,29240.0,391.1
11060.0,29240.0,391.3
11080.0,29240.0,391.4
11100.0,29240.0,391.6
11120.0,29240.0,391.7
11140.0,29240.0,391.7
11160.0,29240.0,391.8
11180.0,29240.0,391.7
11200.0,29240.0,391.7
11220.0,29240.0,391.6
11240.0,29240.0,391.5
11260.0,29240.0,391.4
11280.0,29240.0,391.2
11300.0,29240.0,391.0
11320.0,29240.0,390.8
11340.0,29240.0,390.5
11360.0,29240.0,390.3
11380.0,29240.0,390.0
11400.0,29240.0,389.7
11420.0,29240.0,389.4
11440.0,29240.0,389.0
11460.0,29240.0,388.7
11480.0,29240.0,388.3
11500.0,29240.0,388.0
11520.0,29240.0,387.6
11540.0,29240.0,387.3
11560.0,29240.0,386.9
11580.0,29240.0,386.6
11600.0,29240.0,386.3
11620.0,29240.0,386.0
11640.0,29240.0,385.7
11660.0,29240.0,385.4
11680.0,29240.0,385.1
11700.0,29240.0,384.9
11720.0,29240.0,384.7
11740.0,29240.0,384.5
11760.0,29240.0,384.4
11780.0,29240.0,384.2
11800.0,29240.0,384.2
11820.0,29240.0,384.1
11840.0,29240.0,384.1
11860.0,29240.0,384.2
11880.0,29240.0,384.2
11900.0,29240.0,384.4
11920.0,29240.0,384.5
11940.0,29240.0,384.7
11960.0,29240.0,385.0
11980.0,29240.0,385.2
12000.0,29240.0,385.6
12020.0,29240.0,385.9
12040.0,29240.0,386.3
12060.0,29240.0,386.8
12080.0,29240.0,387.3
12100.0,29240.0,387.8
12120.0,29240.0,388.3
12140.0,29240.0,388.9
12160.0,29240.0,389.5
12180.0,29240.0,390.1
12200.0,29240.0,390.8
12220.0,29240.0,391.5
12240.0,29240.0,392.1
12260.0,29240.0,392.8
12280.0,29240.0,393.6
12300.0,29240.0,394.3
12320.0,29240.0,395.0
12340.0,29240.0,395.7
12360.0,29240.0,396.4
12380.0,29240.0,397.1
12400.0,29240.0,397.7
12420.0,29240.0,398.4
12440.0,29240.0,399.0
12460.0,29240.0,399.6
12480.0,29240.0,400.2
12500.0,29240.0,400.7
12520.0,29240.0,401.2
12540.0,29240.0,401.6
12560.0,29240.0,402.0
12580.0,29240.0,402.4
12600.0,29240.0,402.7
12620.0,29240.0,402.9
12640.0,29240.0,403.1
12660.0,29240.0,403.2
12680.0,29240.0,403.3
12700.0,29240.0,403.3
12720.0,29240.0,403.2
12740.0,29240.0,403.1
12760.0,29240.0,402.9
12780.0,29240.0,402.6
12800.0,29240.0,402.3
12820.0,29240.0,401.9
12840.0,29240.0,401.5
12860.0,29240.0,400.9
12880.0,29240.0,400.4
12900.0,29240.0,399.7
12920.0,29240.0,399.1
12940.0,29240.0,398.3
12960.0,29240.0,397.5
12980.0,29240.0,396.7
13000.0,29240.0,395.9
13020.0,29240.0,395.0
13040.0,29240.0,394.0
13060.0,29240.0,393.1
13080.0,29240.0,392.1
13100.0,29240.0,391.1
13120.0,29240.0,390.1
13140.0,29240.0,389.1
13160.0,29240.0,388.1
13180.0,29240.0,387.0
13200.0,29240.0,386.0
13220.0,29240.0,385.0
13240.0,29240.0,384.1
13260.0,29240.0,383.1
13280.0,29240.0,382.2
13300.0,29240.0,381.3
13320.0,29240.0,380.5
13340.0,29240.0,379.7
13360.0,29240.0,378.9
13380.0,29240.0,378.2
13400.0,29240.0,377.5
13420.0,29240.0,376.9
13440.0,29240.0,376.3
13460.0,29240.0,375.8
13480.0,29240.0,375.4
13500.0,29240.0,375.0
13520.0,29240.0,374.7
13540.0,29240.0,374.5
13560.0,29240.0,374.3
13580.0,29240.0,374.2
13600.0,29240.0,374.1
10800.0,29260.0,386.7
10820.0,29260.0,387.2
10840.0,29260.0,387.7
10860.0,29260.0,388.2
10880.0,29260.0,388.6
10900.0,29260.0,389.1
10920.0,29260.0,389.5
10940.0,29260.0,389.9
10960.0,29260.0,390.2
10980.0,29260.0,390.5
11000.0,29260.0,390.8
11020.0,29260.0,391.1
11040.0,29260.0,391.3
11060.0,29260.0,391.4
11080.0,29260.0,391.6
11100.0,29260.0,391.7
11120.0,29260.0,391.8
11140.0,29260.0,391.8
11160.0,29260.0,391.8
11180.0,29260.0,391.8
11200.0,29260.0,391.7
11220.0,29260.0,391.6
11240.0,29260.0,391.4
11260.0,29260.0,391.3
11280.0,29260.0,391.0
11300.0,29260.0,390.8
11320.0,29260.0,390.6
11340.0,29260.0,390.3
11360.0,29260.0,390.0
11380.0,29260.0,389.6
11400.0,29260.0,389.3
11420.0,29260.0,388.9
11440.0,29260.0,388.6
11460.0,29260.0,388.2
11480.0,29260.0,387.8
11500.0,29260.0,387.4
11520.0,29260.0,387.0
11540.0,29260.0,386.6
11560.0,29260.0,386.3
11580.0,29260.0,385.9
11600.0,29260.0,385.5
11620.0,29260.0,385.2
11640.0,29260.0,384.8
11660.0,29260.0,384.5
11680.0,29260.0,384.2
11700.0,29260.0,384.0
11720.0,29260.0,383.7
11740.0,29260.0,383.5
11760.0,29260.0,383.4
11780.0,29260.0,383.2
11800.0,29260.0,383.1
11820.0,29260.0,383.1
11840.0,29260.0,383.0
11860.0,29260.0,383.0
11880.0,29260.0,383.1
11900.0,29260.0,383.2
11920.0,29260.0,383.3
11940.0,29260.0,383.5
11960.0,29260.0,383.8
11980.0,29260.0,384.0
12000.0,29260.0,384.3
12020.0,29260.0,384.7
12040.0,29260.0,385.1
12060.0,29260.0,385.5
12080.0,29260.0,386.0
12100.0,29260.0,386.5
12120.0,29260.0,387.1
12140.0,29260.0,387.6
12160.0,29260.0,388.3
12180.0,29260.0,388.9
12200.0,29260.0,389.5
12220.0,29260.0,390.2
12240.0,29260.0,390.9
12260.0,29260.0,391.6
12280.0,29260.0,392.3
12300.0,29260.0,393.1
12320.0,29260.0,393.8
12340.0,29260.0,394.5
12360.0,29260.0,395.2
12380.0,29260.0,395.9
12400.0,29260.0,396.6
12420.0,29260.0,397.3
12440.0,29260.0,397.9
12460.0,29260.0,398.6
12480.0,29260.0,399.1
12500.0,29260.0,399.7
12520.0,29260.0,400.2
12540.0,29260.0,400.7
12560.0,29260.0,401.1
12580.0,29260.0,401.5
12600.0,29260.0,401.8
12620.0,29260.0,402.1
12640.0,29260.0,402.3
12660.0,29260.0,402.4
12680.0,29260.0,402.5
12700.0,29260.0,402.5
12720.0,29260.0,402.5
12740.0,29260.0,402.4
12760.0,29260.0,402.2
12780.0,29260.0,402.0
12800.0,29260.0,401.7
12820.0,29260.0,401.3
12840.0,29260.0,400.9
12860.0,29260.0,400.4
12880.0,29260.0,399.9
12900.0,29260.0,399.3
12920.0,29260.0,398.6
12940.0,29260.0,397.9
12960.0,29260.0,397.1
12980.0,29260.0,396.3
13000.0,29260.0,395.5
13020.0,29260.0,394.6
13040.0,29260.0,393.7
13060.0,29260.0,392.7
13080.0,29260.0,391.8
13100.0,29260.0,390.8
13120.0,29260.0,389.8
13140.0,29260.0,388.8
13160.0,29260.0,387.7
13180.0,29260.0,386.7
13200.0,29260.0,385.7
13220.0,29260.0,384.7
13240.0,29260.0,383.8
13260.0,29260.0,382.8
13280.0,29260.0,381.9
13300.0,29260.0,381.0
13320.0,29260.0,380.1
13340.0,29260.0,379.3
13360.0,29260.0,378.5
13380.0,29260.0,377.8
13400.0,29260.0,377.1
13420.0,29260.0,376.4
13440.0,29260.0,375.9
13460.0,29260.0,375.4
13480.0,29260.0,374.9
13500.0,29260.0,374.5
13520.0,29260.0,374.2
13540.0,29260.0,373.9
13560.0,29260.0,373.7
13580.0,29260.0,373.5
13600.0,29260.0,373.4
10800.0,29280.0,387.2
10820.0,29280.0,387.7
10840.0,29280.0,388.2
10860.0,29280.0,388.6
10880.0,29280.0,389.1
10900.0,29280.0,389.5
10920.0,29280.0,389.9
10940.0,29280.0,390.2
10960.0,29280.0,390.6
10980.0,29280.0,390.8
11000.0,29280.0,391.1
11020.0,29280.0,391.3
11040.0,29280.0,391.5
11060.0,29280.0,391.7
11080.0,29280.0,391.8
11100.0,29280.0,391.9
11120.0,29280.0,391.9
11140.0,29280.0,391.9
11160.0,29280.0,391.9
11180.0,29280.0,391.8
11200.0,29280.0,391.7
11220.0,29280.0,391.5
11240.0,29280.0,391.4
11260.0,29280.0,391.2
11280.0,29280.0,390.9
11300.0,29280.0,390.6
11320.0,29280.0,390.4
11340.0,29280.0,390.0
11360.0,29280.0,389.7
11380.0,29280.0,389.3
11400.0,29280.0,388.9
11420.0,29280.0,388.5
11440.0,29280.0,388.1
11460.0,29280.0,387.7
11480.0,29280.0,387.3
11500.0,29280.0,386.9
11520.0,29280.0,386.4
11540.0,29280.0,386.0
11560.0,29280.0,385.6
11580.0,29280.0,385.2
11600.0,29280.0,384.8
11620.0,29280.0,384.4
11640.0,29280.0,384.0
11660.0,29280.0,383.7
11680.0,29280.0,383.4
11700.0,29280.0,383.1
11720.0,29280.0,382.8
11740.0,29280.0,382.6
11760.0,29280.0,382.4
11780.0,29280.0,382.2
11800.0,29280.0,382.1
11820.0,29280.0,382.0
11840.0,29280.0,381.9
11860.0,29280.0,381.9
11880.0,29280.0,382.0
11900.0,29280.0,382.0
11920.0,29280.0,382.2
11940.0,29280.0,382.3
11960.0,29280.0,382.5
11980.0,29280.0,382.8
12000.0,29280.0,383.1
12020.0,29280.0,383.4
12040.0,29280.0,383.8
12060.0,29280.0,384.3
12080.0,29280.0,384.7
12100.0,29280.0,385.2
12120.0,29280.0,385.8
12140.0,29280.0,386.4
12160.0,29280.0,387.0
12180.0,29280.0,387.6
12200.0,29280.0,388.3
12220.0,29280.0,389.0
12240.0,29280.0,389.7
12260.0,29280.0,390.4
12280.0,29280.0,391.1
12300.0,29280.0,391.8
12320.0,29280.0,392.6
12340.0,29280.0,393.3
12360.0,29280.0,394.0
12380.0,29280.0,394.8
12400.0,29280.0,395.5
12420.0,29280.0,396.2
12440.0,29280.0,396.8
12460.0,29280.0,397.5
12480.0,29280.0,398.1
12500.0,29280.0,398.7
12520.0,29280.0,399.2
12540.0,29280.0,399.7
12560.0,29280.0,400.2
12580.0,29280.0,400.6
12600.0,29280.0,400.9
12620.0,29280.0,401.2
12640.0,29280.0,401.5
12660.0,29280.0,401.6
12680.0,29280.0,401.8
12700.0,29280.0,401.8
12720.0,29280.0,401.8
12740.0,29280.0,401.7
12760.0,29280.0,401.6
12780.0,29280.0,401.4
12800.0,29280.0,401.1
12820.0,29280.0,400.8
12840.0,29280.0,400.4
12860.0,29280.0,399.9
12880.0,29280.0,399.4
12900.0,29280.0,398.8
12920.0,29280.0,398.2
12940.0,29280.0,397.5
12960.0,29280.0,396.7
12980.0,29280.0,396.0
13000.0,29280.0,395.1
13020.0,29280.0,394.3
13040.0,29280.0,393.4
13060.0,29280.0,392.4
13080.0,29280.0,391.5
13100.0,29280.0,390.5
13120.0,29280.0,389.5
13140.0,29280.0,388.5
13160.0,29280.0,387.5
13180.0,29280.0,386.4
13200.0,29280.0,385.4
13220.0,29280.0,384.4
13240.0,29280.0,383.5
13260.0,29280.0,382.5
13280.0,29280.0,381.5
13300.0,29280.0,380.6
13320.0,29280.0,379.8
13340.0,29280.0,378.9
13360.0,29280.0,378.1
13380.0,29280.0,377.4
13400.0,29280.0,376.7
13420.0,29280.0,376.0
13440.0,29280.0,375.4
13460.0,29280.0,374.9
13480.0,29280.0,374.4
13500.0,29280.0,374.0
13520.0,29280.0,373.6
13540.0,29280.0,373.3
13560.0,29280.0,373.1
13580.0,29280.0,372.9
13600.0,29280.0,372.8
10800.0,29300.0,387.7
10820.0,29300.0,388.2
10840.0,29300.0,388.7
10860.0,29300.0,389.1
10880.0,29300.0,389.5
10900.0,29300.0,389.9
10920.0,29300.0,390.3
10940.0,29300.0,390.6
10960.0,29300.0,391.0
10980.0,29300.0,391.2
11000.0,29300.0,391.5
11020.0,29300.0,391.7
11040.0,29300.0,391.8
11060.0,29300.0,392.0
11080.0,29300.0,392.0
11100.0,29300.0,392.1
11120.0,29300.0,392.1
11140.0,29300.0,392.1
11160.0,29300.0,392.0
11180.0,29300.0,391.9
11200.0,29300.0,391.7
11220.0,29300.0,391.6
11240.0,29300.0,391.4
11260.0,29300.0,391.1
11280.0,29300.0,390.8
11300.0,29300.0,390.5
11320.0,29300.0,390.2
11340.0,29300.0,389.8
11360.0,29300.0,389.4
11380.0,29300.0,389.0
11400.0,29300.0,388.6
11420.0,29300.0,388.2
11440.0,29300.0,387.7
11460.0,29300.0,387.3
11480.0,29300.0,386.8
11500.0,29300.0,386.3
11520.0,29300.0,385.9
11540.0,29300.0,385.4
11560.0,29300.0,384.9
11580.0,29300.0,384.5
11600.0,29300.0,384.0
11620.0,29300.0,383.6
11640.0,29300.0,383.2
11660.0,29300.0,382.8
11680.0,29300.0,382.5
11700.0,29300.0,382.2
11720.0,29300.0,381.9
11740.0,29300.0,381.6
11760.0,29300.0,381.4
11780.0,29300.0,381.2
11800.0,29300.0,381.0
11820.0,29300.0,380.9
11840.0,29300.0,380.8
11860.0,29300.0,380.8
11880.0,29300.0,380.8
11900.0,29300.0,380.9
11920.0,29300.0,381.0
11940.0,29300.0,381.1
11960.0,29300.0,381.3
11980.0,29300.0,381.6
12000.0,29300.0,381.8
12020.0,29300.0,382.2
12040.0,29300.0,382.6
12060.0,29300.0,383.0
12080.0,29300.0,383.4
12100.0,29300.0,383.9
12120.0,29300.0,384.5
12140.0,29300.0,385.1
12160.0,29300.0,385.7
12180.0,29300.0,386.3
12200.0,29300.0,387.0
12220.0,29300.0,387.7
12240.0,29300.0,388.4
12260.0,29300.0,389.1
12280.0,29300.0,389.8
12300.0,29300.0,390.6
12320.0,29300.0,391.3
12340.0,29300.0,392.1
12360.0,29300.0,392.8
12380.0,29300.0,393.6
12400.0,29300.0,394.3
12420.0,29300.0,395.0
12440.0,29300.0,395.7
12460.0,29300.0,396.4
12480.0,29300.0,397.0
12500.0,29300.0,397.6
12520.0,29300.0,398.2
12540.0,29300.0,398.7
12560.0,29300.0,399.2
12580.0,29300.0,399.6
12600.0,29300.0,400.0
12620.0,29300.0,400.3
12640.0,29300.0,400.6
12660.0,29300.0,400.8
12680.0,29300.0,401.0
12700.0,29300.0,401.1
12720.0,29300.0,401.1
12740.0,29300.0,401.0
12760.0,29300.0,400.9
12780.0,29300.0,400.8
12800.0,29300.0,400.5
12820.0,29300.0,400.2
12840.0,29300.0,399.8
12860.0,29300.0,399.4
12880.0,29300.0,398.9
12900.0,29300.0,398.4
12920.0,29300.0,397.7
12940.0,29300.0,397.1
12960.0,29300.0,396.3
12980.0,29300.0,395.6
13000.0,29300.0,394.8
13020.0,29300.0,393.9
13040.0,29300.0,393.0
13060.0,29300.0,392.1
13080.0,29300.0,391.2
13100.0,29300.0,390.2
13120.0,29300.0,389.2
13140.0,29300.0,388.2
13160.0,29300.0,387.2
13180.0,29300.0,386.2
13200.0,29300.0,385.2
13220.0,29300.0,384.2
13240.0,29300.0,383.2
13260.0,29300.0,382.2
13280.0,29300.0,381.2
13300.0,29300.0,380.3
13320.0,29300.0,379.4
13340.0,29300.0,378.6
13360.0,29300.0,377.8
13380.0,29300.0,377.0
13400.0,29300.0,376.3
13420.0,29300.0,375.6
13440.0,29300.0,375.0
13460.0,29300.0,374.4
13480.0,29300.0,373.9
13500.0,29300.0,373.5
13520.0,29300.0,373.1
13540.0,29300.0,372.8
13560.0,29300.0,372.5
13580.0,29300.0,372.3
13600.0,29300.0,372.2
10800.0,29320.0,388.3
10820.0,29320.0,388.8
10840.0,29320.0,389.2
10860.0,29320.0,389.6
10880.0,29320.0,390.1
10900.0,29320.0,390.4
10920.0,29320.0,390.8
10940.0,29320.0,391.1
10960.0,29320.0,391.4
10980.0,29320.0,391.6
11000.0,29320.0,391.9
11020.0,29320.0,392.0
11040.0,29320.0,392.2
11060.0,29320.0,392.3
11080.0,29320.0,392.3
11100.0,29320.0,392.4
11120.0,29320.0,392.3
11140.0,29320.0,392.3
11160.0,29320.0,392.2
11180.0,29320.0,392.0
11200.0,29320.0,391.8
11220.0,29320.0,391.6
11240.0,29320.0,391.4
11260.0,29320.0,391.1
11280.0,29320.0,390.8
11300.0,29320.0,390.4
11320.0,29320.0,390.0
11340.0,29320.0,389.6
11360.0,29320.0,389.2
11380.0,29320.0,388.8
11400.0,29320.0,388.3
11420.0,29320.0,387.8
11440.0,29320.0,387.3
11460.0,29320.0,386.8
11480.0,29320.0,386.3
11500.0,29320.0,385.8
11520.0,29320.0,385.3
11540.0,29320.0,384.8
11560.0,29320.0,384.3
11580.0,29320.0,383.8
11600.0,29320.0,383.3
11620.0,29320.0,382.9
11640.0,29320.0,382.4
11660.0,29320.0,382.0
11680.0,29320.0,381.6
11700.0,29320.0,381.2
11720.0,29320.0,380.9
11740.0,29320.0,380.6
11760.0,29320.0,380.3
11780.0,29320.0,380.1
11800.0,29320.0,379.9
11820.0,29320.0,379.8
11840.0,29320.0,379.7
11860.0,29320.0,379.6
11880.0,29320.0,379.6
11900.0,29320.0,379.7
11920.0,29320.0,379.7
11940.0,29320.0,379.9
11960.0,29320.0,380.1
11980.0,29320.0,380.3
12000.0,29320.0,380.6
12020.0,29320.0,380.9
12040.0,29320.0,381.3
12060.0,29320.0,381.7
12080.0,29320.0,382.1
12100.0,29320.0,382.6
12120.0,29320.0,383.2
12140.0,29320.0,383.7
12160.0,29320.0,384.4
12180.0,29320.0,385.0
12200.0,29320.0,385.7
12220.0,29320.0,386.4
12240.0,29320.0,387.1
12260.0,29320.0,387.8
12280.0,29320.0,388.6
12300.0,29320.0,389.3
12320.0,29320.0,390.1
12340.0,29320.0,390.9
12360.0,29320.0,391.6
12380.0,29320.0,392.4
12400.0,29320.0,393.1
12420.0,29320.0,393.9
12440.0,29320.0,394.6
12460.0,29320.0,395.3
12480.0,29320.0,395.9
12500.0,29320.0,396.6
12520.0,29320.0,397.2
12540.0,29320.0,397.7
12560.0,29320.0,398.2
12580.0,29320.0,398.7
12600.0,29320.0,399.1
12620.0,29320.0,399.5
12640.0,29320.0,399.8
12660.0,29320.0,400.0
12680.0,29320.0,400.2
12700.0,29320.0,400.3
12720.0,29320.0,400.4
12740.0,29320.0,400.3
12760.0,29320.0,400.3
12780.0,29320.0,400.1
12800.0,29320.0,399.9
12820.0,29320.0,399.6
12840.0,29320.0,399.3
12860.0,29320.0,398.9
12880.0,29320.0,398.4
12900.0,29320.0,397.9
12920.0,29320.0,397.3
12940.0,29320.0,396.7
12960.0,29320.0,396.0
12980.0,29320.0,395.2
13000.0,29320.0,394.4
13020.0,29320.0,393.6
13040.0,29320.0,392.7
13060.0,29320.0,391.8
13080.0,29320.0,390.9
13100.0,29320.0,389.9
13120.0,29320.0,388.9
13140.0,29320.0,387.9
13160.0,29320.0,386.9
13180.0,29320.0,385.9
13200.0,29320.0,384.9
13220.0,29320.0,383.9
13240.0,29320.0,382.9
13260.0,29320.0,381.9
13280.0,29320.0,381.0
13300.0,29320.0,380.0
13320.0,29320.0,379.1
13340.0,29320.0,378.3
13360.0,29320.0,377.4
13380.0,29320.0,376.6
13400.0,29320.0,375.9
13420.0,29320.0,375.2
13440.0,29320.0,374.6
13460.0,29320.0,374.0
13480.0,29320.0,373.5
13500.0,29320.0,373.0
13520.0,29320.0,372.6
13540.0,29320.0,372.2
13560.0,29320.0,371.9
13580.0,29320.0,371.7
13600.0,29320.0,371.5
10800.0,29340.0,388.9
10820.0,29340.0,389.4
10840.0,29340.0,389.8
10860.0,29340.0,390.2
10880.0,29340.0,390.6
10900.0,29340.0,391.0
10920.0,29340.0,391.3
10940.0,29340.0,391.6
10960.0,29340.0,391.9
10980.0,29340.0,392.1
11000.0,29340.0,392.3
11020.0,29340.0,392.5
11040.0,29340.0,392.6
11060.0,29340.0,392.6
11080.0,29340.0,392.7
11100.0,29340.0,392.7
11120.0,29340.0,392.6
11140.0,29340.0,392.5
11160.0,29340.0,392.4
11180.0,29340.0,392.2
11200.0,29340.0,392.0
11220.0,29340.0,391.7
11240.0,29340.0,391.4
11260.0,29340.0,391.1
11280.0,29340.0,390.7
11300.0,29340.0,390.3
11320.0,29340.0,389.9
11340.0,29340.0,389.5
11360.0,29340.0,389.0
11380.0,29340.0,388.5
11400.0,29340.0,388.0
11420.0,29340.0,387.5
11440.0,29340.0,387.0
11460.0,29340.0,386.4
11480.0,29340.0,385.9
11500.0,29340.0,385.3
11520.0,29340.0,384.8
11540.0,29340.0,384.2
11560.0,29340.0,383.7
11580.0,29340.0,383.1
11600.0,29340.0,382.6
11620.0,29340.0,382.1
11640.0,29340.0,381.6
11660.0,29340.0,381.2
11680.0,29340.0,380.7
11700.0,29340.0,380.3
11720.0,29340.0,380.0
11740.0,29340.0,379.6
11760.0,29340.0,379.3
11780.0,29340.0,379.1
11800.0,29340.0,378.9
11820.0,29340.0,378.7
11840.0,29340.0,378.6
11860.0,29340.0,378.5
11880.0,29340.0,378.5
11900.0,29340.0,378.5
11920.0,29340.0,378.5
11940.0,29340.0,378.6
11960.0,29340.0,378.8
11980.0,29340.0,379.0
12000.0,29340.0,379.3
12020.0,29340.0,379.6
12040.0,29340.0,380.0
12060.0,29340.0,380.4
12080.0,29340.0,380.8
12100.0,29340.0,381.3
12120.0,29340.0,381.8
12140.0,29340.0,382.4
12160.0,29340.0,383.0
12180.0,29340.0,383.7
12200.0,29340.0,384.3
12220.0,29340.0,385.0
12240.0,29340.0,385.8
12260.0,29340.0,386.5
12280.0,29340.0,387.3
12300.0,29340.0,388.1
12320.0,29340.0,388.8
12340.0,29340.0,389.6
12360.0,29340.0,390.4
12380.0,29340.0,391.2
12400.0,29340.0,392.0
12420.0,29340.0,392.7
12440.0,29340.0,393.4
12460.0,29340.0,394.2
12480.0,29340.0,394.8
12500.0,29340.0,395.5
12520.0,29340.0,396.1
12540.0,29340.0,396.7
12560.0,29340.0,397.2
12580.0,29340.0,397.7
12600.0,29340.0,398.2
12620.0,29340.0,398.6
12640.0,29340.0,398.9
12660.0,29340.0,399.2
12680.0,29340.0,399.4
12700.0,29340.0,399.5
12720.0,29340.0,399.6
12740.0,29340.0,399.6
12760.0,29340.0,399.6
12780.0,29340.0,399.5
12800.0,29340.0,399.3
12820.0,29340.0,399.1
12840.0,29340.0,398.7
12860.0,29340.0,398.4
12880.0,29340.0,397.9
12900.0,29340.0,397.4
12920.0,29340.0,396.9
12940.0,29340.0,396.2
12960.0,29340.0,395.6
12980.0,29340.0,394.8
13000.0,29340.0,394.1
13020.0,29340.0,393.3
13040.0,29340.0,392.4
13060.0,29340.0,391.5
13080.0,29340.0,390.6
13100.0,29340.0,389.6
13120.0,29340.0,388.7
13140.0,29340.0,387.7
13160.0,29340.0,386.7
13180.0,29340.0,385.7
13200.0,29340.0,384.6
13220.0,29340.0,383.6
13240.0,29340.0,382.6
13260.0,29340.0,381.7
13280.0,29340.0,380.7
13300.0,29340.0,379.8
13320.0,29340.0,378.8
13340.0,29340.0,378.0
13360.0,29340.0,377.1
13380.0,29340.0,376.3
13400.0,29340.0,375.6
13420.0,29340.0,374.8
13440.0,29340.0,374.2
13460.0,29340.0,373.6
13480.0,29340.0,373.0
13500.0,29340.0,372.5
13520.0,29340.0,372.1
13540.0,29340.0,371.7
13560.0,29340.0,371.4
13580.0,29340.0,371.1
13600.0,29340.0,370.9
10800.0,29360.0,389.5
10820.0,29360.0,390.0
10840.0,29360.0,390.4
10860.0,29360.0,390.8
10880.0,29360.0,391.2
10900.0,29360.0,391.6
10920.0,29360.0,391.9
10940.0,29360.0,392.2
10960.0,29360.0,392.4
10980.0,29360.0,392.6
11000.0,29360.0,392.8
11020.0,29360.0,392.9
11040.0,29360.0,393.0
11060.0,29360.0,393.0
11080.0,29360.0,393.0
11100.0,29360.0,393.0
11120.0,29360.0,392.9
11140.0,29360.0,392.8
11160.0,29360.0,392.6
11180.0,29360.0,392.4
11200.0,29360.0,392.1
11220.0,29360.0,391.8
11240.0,29360.0,391.5
11260.0,29360.0,391.1
11280.0,29360.0,390.7
11300.0,29360.0,390.3
11320.0,29360.0,389.8
11340.0,29360.0,389.4
11360.0,29360.0,388.8
11380.0,29360.0,388.3
11400.0,29360.0,387.8
11420.0,29360.0,387.2
11440.0,29360.0,386.6
11460.0,29360.0,386.0
11480.0,29360.0,385.4
11500.0,29360.0,384.8
11520.0,29360.0,384.2
11540.0,29360.0,383.6
11560.0,29360.0,383.0
11580.0,29360.0,382.5
11600.0,29360.0,381.9
11620.0,29360.0,381.4
11640.0,29360.0,380.9
11660.0,29360.0,380.4
11680.0,29360.0,379.9
11700.0,29360.0,379.5
11720.0,29360.0,379.0
11740.0,29360.0,378.7
11760.0,29360.0,378.3
11780.0,29360.0,378.1
11800.0,29360.0,377.8
11820.0,29360.0,377.6
11840.0,29360.0,377.5
11860.0,29360.0,377.3
11880.0,29360.0,377.3
11900.0,29360.0,377.3
11920.0,29360.0,377.3
11940.0,29360.0,377.4
11960.0,29360.0,377.6
11980.0,29360.0,377.8
12000.0,29360.0,378.0
12020.0,29360.0,378.3
12040.0,29360.0,378.7
12060.0,29360.0,379.0
12080.0,29360.0,379.5
12100.0,29360.0,380.0
12120.0,29360.0,380.5
12140.0,29360.0,381.1
12160.0,29360.0,381.7
12180.0,29360.0,382.3
12200.0,29360.0,383.0
12220.0,29360.0,383.7
12240.0,29360.0,384.5
12260.0,29360.0,385.2
12280.0,29360.0,386.0
12300.0,29360.0,386.8
12320.0,29360.0,387.6
12340.0,29360.0,388.4
12360.0,29360.0,389.2
12380.0,29360.0,390.0
12400.0,29360.0,390.8
12420.0,29360.0,391.5
12440.0,29360.0,392.3
12460.0,29360.0,393.0
12480.0,29360.0,393.7
12500.0,29360.0,394.4
12520.0,29360.0,395.1
12540.0,29360.0,395.7
12560.0,29360.0,396.3
12580.0,29360.0,396.8
12600.0,29360.0,397.2
12620.0,29360.0,397.7
12640.0,29360.0,398.0
12660.0,29360.0,398.3
12680.0,29360.0,398.6
12700.0,29360.0,398.8
12720.0,29360.0,398.9
12740.0,29360.0,398.9
12760.0,29360.0,398.9
12780.0,29360.0,398.8
12800.0,29360.0,398.7
12820.0,29360.0,398.5
12840.0,29360.0,398.2
12860.0,29360.0,397.9
12880.0,29360.0,397.4
12900.0,29360.0,397.0
12920.0,29360.0,396.4
12940.0,29360.0,395.8
12960.0,29360.0,395.2
12980.0,29360.0,394.5
13000.0,29360.0,393.7
13020.0,29360.0,392.9
13040.0,29360.0,392.1
13060.0,29360.0,391.2
13080.0,29360.0,390.3
13100.0,29360.0,389.4
13120.0,29360.0,388.4
13140.0,29360.0,387.4
13160.0,29360.0,386.4
13180.0,29360.0,385.4
13200.0,29360.0,384.4
13220.0,29360.0,383.4
13240.0,29360.0,382.4
13260.0,29360.0,381.4
13280.0,29360.0,380.4
13300.0,29360.0,379.5
13320.0,29360.0,378.6
13340.0,29360.0,377.7
13360.0,29360.0,376.8
13380.0,29360.0,376.0
13400.0,29360.0,375.2
13420.0,29360.0,374.5
13440.0,29360.0,373.8
13460.0,29360.0,373.2
13480.0,29360.0,372.6
13500.0,29360.0,372.1
13520.0,29360.0,371.6
13540.0,29360.0,371.2
13560.0,29360.0,370.9
13580.0,29360.0,370.6
13600.0,29360.0,370.3
10800.0,29380.0,390.2
10820.0,29380.0,390.6
10840.0,29380.0,391.1
10860.0,29380.0,391.5
10880.0,29380.0,391.8
10900.0,29380.0,392.2
10920.0,29380.0,392.5
10940.0,29380.0,392.7
10960.0,29380.0,393.0
10980.0,29380.0,393.1
11000.0,29380.0,393.3
11020.0,29380.0,393.4
11040.0,29380.0,393.4
11060.0,29380.0,393.5
11080.0,29380.0,393.4
11100.0,29380.0,393.4
11120.0,29380.0,393.2
11140.0,29380.0,393.1
11160.0,29380.0,392.9
11180.0,29380.0,392.6
11200.0,29380.0,392.3
11220.0,29380.0,392.0
11240.0,29380.0,391.6
11260.0,29380.0,391.2
11280.0,29380.0,390.8
11300.0,29380.0,390.3
11320.0,29380.0,389.8
11340.0,29380.0,389.3
11360.0,29380.0,388.7
11380.0,29380.0,388.1
11400.0,29380.0,387.5
11420.0,29380.0,386.9
11440.0,29380.0,386.3
11460.0,29380.0,385.7
11480.0,29380.0,385.0
11500.0,29380.0,384.4
11520.0,29380.0,383.7
11540.0,29380.0,383.1
11560.0,29380.0,382.5
11580.0,29380.0,381.8
11600.0,29380.0,381.2
11620.0,29380.0,380.7
11640.0,29380.0,380.1
11660.0,29380.0,379.6
11680.0,29380.0,379.0
11700.0,29380.0,378.6
11720.0,29380.0,378.1
11740.0,29380.0,377.7
11760.0,29380.0,377.4
11780.0,29380.0,377.0
11800.0,29380.0,376.8
11820.0,29380.0,376.5
11840.0,29380.0,376.3
11860.0,29380.0,376.2
11880.0,29380.0,376.1
11900.0,29380.0,376.1
11920.0,29380.0,376.1
11940.0,29380.0,376.2
11960.0,29380.0,376.3
11980.0,29380.0,376.5
12000.0,29380.0,376.7
12020.0,29380.0,377.0
12040.0,29380.0,377.3
12060.0,29380.0,377.7
12080.0,29380.0,378.2
12100.0,29380.0,378.7
12120.0,29380.0,379.2
12140.0,29380.0,379.7
12160.0,29380.0,380.4
12180.0,29380.0,381.0
12200.0,29380.0,381.7
12220.0,29380.0,382.4
12240.0,29380.0,383.1
12260.0,29380.0,383.9
12280.0,29380.0,384.7
12300.0,29380.0,385.5
12320.0,29380.0,386.3
12340.0,29380.0,387.1
12360.0,29380.0,387.9
12380.0,29380.0,388.7
12400.0,29380.0,389.5
12420.0,29380.0,390.3
12440.0,29380.0,391.1
12460.0,29380.0,391.9
12480.0,29380.0,392.6
12500.0,29380.0,393.3
12520.0,29380.0,394.0
12540.0,29380.0,394.7
12560.0,29380.0,395.3
12580.0,29380.0,395.8
12600.0,29380.0,396.3
12620.0,29380.0,396.8
12640.0,29380.0,397.2
12660.0,29380.0,397.5
12680.0,29380.0,397.8
12700.0,29380.0,398.0
12720.0,29380.0,398.1
12740.0,29380.0,398.2
12760.0,29380.0,398.2
12780.0,29380.0,398.2
12800.0,29380.0,398.1
12820.0,29380.0,397.9
12840.0,29380.0,397.6
12860.0,29380.0,397.3
12880.0,29380.0,396.9
12900.0,29380.0,396.5
12920.0,29380.0,396.0
12940.0,29380.0,395.4
12960.0,29380.0,394.8
12980.0,29380.0,394.1
13000.0,29380.0,393.4
13020.0,29380.0,392.6
13040.0,29380.0,391.8
13060.0,29380.0,390.9
13080.0,29380.0,390.0
13100.0,29380.0,389.1
13120.0,29380.0,388.1
13140.0,29380.0,387.2
13160.0,29380.0,386.2
13180.0,29380.0,385.2
13200.0,29380.0,384.2
13220.0,29380.0,383.2
13240.0,29380.0,382.2
13260.0,29380.0,381.2
13280.0,29380.0,380.2
13300.0,29380.0,379.2
13320.0,29380.0,378.3
13340.0,29380.0,377.4
13360.0,29380.0,376.5
13380.0,29380.0,375.7
13400.0,29380.0,374.9
13420.0,29380.0,374.1
13440.0,29380.0,373.4
13460.0,29380.0,372.8
13480.0,29380.0,372.2
13500.0,29380.0,371.6
13520.0,29380.0,371.1
13540.0,29380.0,370.7
13560.0,29380.0,370.3
13580.0,29380.0,370.0
13600.0,29380.0,369.8
10800.0,29400.0,390.9
10820.0,29400.0,391.3
10840.0,29400.0,391.7
10860.0,29400.0,392.1
10880.0,29400.0,392.5
10900.0,29400.0,392.8
10920.0,29400.0,393.1
10940.0,29400.0,393.3
10960.0,29400.0,393.5
10980.0,29400.0,393.7
11000.0,29400.0,393.8
11020.0,29400.0,393.9
11040.0,29400.0,393.9
11060.0,29400.0,393.9
11080.0,29400.0,393.9
11100.0,29400.0,393.8
11120.0,29400.0,393.6
11140.0,29400.0,393.4
11160.0,29400.0,393.2
11180.0,29400.0,392.9
11200.0,29400.0,392.6
11220.0,29400.0,392.2
11240.0,29400.0,391.8
11260.0,29400.0,391.3
11280.0,29400.0,390.8
11300.0,29400.0,390.3
11320.0,29400.0,389.8
11340.0,29400.0,389.2
11360.0,29400.0,388.6
11380.0,29400.0,388.0
11400.0,29400.0,387.3
11420.0,29400.0,386.7
11440.0,29400.0,386.0
11460.0,29400.0,385.3
11480.0,29400.0,384.6
11500.0,29400.0,383.9
11520.0,29400.0,383.2
11540.0,29400.0,382.6
11560.0,29400.0,381.9
11580.0,29400.0,381.2
11600.0,29400.0,380.6
11620.0,29400.0,380.0
11640.0,29400.0,379.3
11660.0,29400.0,378.8
11680.0,29400.0,378.2
11700.0,29400.0,377.7
11720.0,29400.0,377.2
11740.0,29400.0,376.8
11760.0,29400.0,376.4
11780.0,29400.0,376.0
11800.0,29400.0,375.7
11820.0,29400.0,375.5
11840.0,29400.0,375.2
11860.0,29400.0,375.1
11880.0,29400.0,375.0
11900.0,29400.0,374.9
11920.0,29400.0,374.9
11940.0,29400.0,375.0
11960.0,29400.0,375.1
11980.0,29400.0,375.2
12000.0,29400.0,375.4
12020.0,29400.0,375.7
12040.0,29400.0,376.0
12060.0,29400.0,376.4
12080.0,29400.0,376.8
12100.0,29400.0,377.3
12120.0,29400.0,377.8
12140.0,29400.0,378.4
12160.0,29400.0,379.0
12180.0,29400.0,379.7
12200.0,29400.0,380.4
12220.0,29400.0,381.1
12240.0,29400.0,381.8
12260.0,29400.0,382.6
12280.0,29400.0,383.4
12300.0,29400.0,384.2
12320.0,29400.0,385.0
12340.0,29400.0,385.8
12360.0,29400.0,386.7
12380.0,29400.0,387.5
12400.0,29400.0,388.3
12420.0,29400.0,389.2
12440.0,29400.0,390.0
12460.0,29400.0,390.8
12480.0,29400.0,391.5
12500.0,29400.0,392.2
12520.0,29400.0,393.0
12540.0,29400.0,393.6
12560.0,29400.0,394.2
12580.0,29400.0,394.8
12600.0,29400.0,395.4
12620.0,29400.0,395.8
12640.0,29400.0,396.3
12660.0,29400.0,396.6
12680.0,29400.0,397.0
12700.0,29400.0,397.2
12720.0,29400.0,397.4
12740.0,29400.0,397.5
12760.0,29400.0,397.6
12780.0,29400.0,397.5
12800.0,29400.0,397.5
12820.0,29400.0,397.3
12840.0,29400.0,397.1
12860.0,29400.0,396.8
12880.0,29400.0,396.4
12900.0,29400.0,396.0
12920.0,29400.0,395.5
12940.0,29400.0,395.0
12960.0,29400.0,394.4
12980.0,29400.0,393.7
13000.0,29400.0,393.0
13020.0,29400.0,392.3
13040.0,29400.0,391.5
13060.0,29400.0,390.6
13080.0,29400.0,389.7
13100.0,29400.0,388.8
13120.0,29400.0,387.9
13140.0,29400.0,386.9
13160.0,29400.0,385.9
13180.0,29400.0,384.9
13200.0,29400.0,383.9
13220.0,29400.0,382.9
13240.0,29400.0,381.9
13260.0,29400.0,380.9
13280.0,29400.0,380.0
13300.0,29400.0,379.0
13320.0,29400.0,378.0
13340.0,29400.0,377.1
13360.0,29400.0,376.2
13380.0,29400.0,375.4
13400.0,29400.0,374.6
13420.0,29400.0,373.8
13440.0,29400.0,373.1
13460.0,29400.0,372.4
13480.0,29400.0,371.8
13500.0,29400.0,371.2
13520.0,29400.0,370.7
13540.0,29400.0,370.2
13560.0,29400.0,369.8
13580.0,29400.0,369.5
13600.0,29400.0,369.2
10800.0,29420.0,391.6
10820.0,29420.0,392.0
10840.0,29420.0,392.4
10860.0,29420.0,392.8
10880.0,29420.0,393.2
10900.0,29420.0,393.5
10920.0,29420.0,393.7
10940.0,29420.0,394.0
10960.0,29420.0,394.1
10980.0,29420.0,394.3
11000.0,29420.0,394.4
11020.0,29420.0,394.4
11040.0,29420.0,394.4
11060.0,29420.0,394.4
11080.0,29420.0,394.3
11100.0,29420.0,394.2
11120.0,29420.0,394.0
11140.0,29420.0,393.8
11160.0,29420.0,393.5
11180.0,29420.0,393.2
11200.0,29420.0,392.8
11220.0,29420.0,392.4
11240.0,29420.0,391.9
11260.0,29420.0,391.4
11280.0,29420.0,390.9
11300.0,29420.0,390.4
11320.0,29420.0,389.8
11340.0,29420.0,389.1
11360.0,29420.0,388.5
11380.0,29420.0,387.8
11400.0,29420.0,387.1
11420.0,29420.0,386.4
11440.0,29420.0,385.7
11460.0,29420.0,385.0
11480.0,29420.0,384.3
11500.0,29420.0,383.5
11520.0,29420.0,382.8
11540.0,29420.0,382.1
11560.0,29420.0,381.3
11580.0,29420.0,380.6
11600.0,29420.0,379.9
11620.0,29420.0,379.3
11640.0,29420.0,378.6
11660.0,29420.0,378.0
11680.0,29420.0,377.4
11700.0,29420.0,376.9
11720.0,29420.0,376.3
11740.0,29420.0,375.9
11760.0,29420.0,375.4
11780.0,29420.0,375.0
11800.0,29420.0,374.7
11820.0,29420.0,374.4
11840.0,29420.0,374.2
11860.0,29420.0,374.0
11880.0,29420.0,373.8
11900.0,29420.0,373.7
11920.0,29420.0,373.7
11940.0,29420.0,373.7
11960.0,29420.0,373.8
11980.0,29420.0,374.0
12000.0,29420.0,374.2
12020.0,29420.0,374.4
12040.0,29420.0,374.7
12060.0,29420.0,375.1
12080.0,29420.0,375.5
12100.0,29420.0,376.0
12120.0,29420.0,376.5
12140.0,29420.0,377.1
12160.0,29420.0,377.7
12180.0,29420.0,378.3
12200.0,29420.0,379.0
12220.0,29420.0,379.7
12240.0,29420.0,380.5
12260.0,29420.0,381.3
12280.0,29420.0,382.1
12300.0,29420.0,382.9
12320.0,29420.0,383.7
12340.0,29420.0,384.6
12360.0,29420.0,385.4
12380.0,29420.0,386.3
12400.0,29420.0,387.1
12420.0,29420.0,388.0
12440.0,29420.0,388.8
12460.0,29420.0,389.6
12480.0,29420.0,390.4
12500.0,29420.0,391.2
12520.0,29420.0,391.9
12540.0,29420.0,392.6
12560.0,29420.0,393.2
12580.0,29420.0,393.8
12600.0,29420.0,394.4
12620.0,29420.0,394.9
12640.0,29420.0,395.4
12660.0,29420.0,395.8
12680.0,29420.0,396.1
12700.0,29420.0,396.4
12720.0,29420.0,396.6
12740.0,29420.0,396.8
12760.0,29420.0,396.9
12780.0,29420.0,396.9
12800.0,29420.0,396.8
12820.0,29420.0,396.7
12840.0,29420.0,396.5
12860.0,29420.0,396.3
12880.0,29420.0,395.9
12900.0,29420.0,395.5
12920.0,29420.0,395.1
12940.0,29420.0,394.6
12960.0,29420.0,394.0
12980.0,29420.0,393.4
13000.0,29420.0,392.7
13020.0,29420.0,391.9
13040.0,29420.0,391.2
13060.0,29420.0,390.3
13080.0,29420.0,389.5
13100.0,29420.0,388.6
13120.0,29420.0,387.6
13140.0,29420.0,386.7
13160.0,29420.0,385.7
13180.0,29420.0,384.7
13200.0,29420.0,383.7
13220.0,29420.0,382.7
13240.0,29420.0,381.7
13260.0,29420.0,380.7
13280.0,29420.0,379.7
13300.0,29420.0,378.7
13320.0,29420.0,377.8
13340.0,29420.0,376.9
13360.0,29420.0,376.0
13380.0,29420.0,375.1
13400.0,29420.0,374.3
13420.0,29420.0,373.5
13440.0,29420.0,372.7
13460.0,29420.0,372.0
13480.0,29420.0,371.4
13500.0,29420.0,370.8
13520.0,29420.0,370.3
13540.0,29420.0,369.8
13560.0,29420.0,369.4
13580.0,29420.0,369.0
13600.0,29420.0,368.7
10800.0,29440.0,392.3
10820.0,29440.0,392.8
10840.0,29440.0,393.1
10860.0,29440.0,393.5
10880.0,29440.0,393.8
10900.0,29440.0,394.1
10920.0,29440.0,394.4
10940.0,29440.0,394.6
10960.0,29440.0,394.8
10980.0,29440.0,394.9
11000.0,29440.0,395.0
11020.0,29440.0,395.0
11040.0,29440.0,395.0
11060.0,29440.0,394.9
11080.0,29440.0,394.8
11100.0,29440.0,394.6
11120.0,29440.0,394.4
11140.0,29440.0,394.1
11160.0,29440.0,393.8
11180.0,29440.0,393.5
11200.0,29440.0,393.1
11220.0,29440.0,392.6
11240.0,29440.0,392.1
11260.0,29440.0,391.6
11280.0,29440.0,391.0
11300.0,29440.0,390.4
11320.0,29440.0,389.8
11340.0,29440.0,389.1
11360.0,29440.0,388.4
11380.0,29440.0,387.7
11400.0,29440.0,387.0
11420.0,29440.0,386.2
11440.0,29440.0,385.5
11460.0,29440.0,384.7
11480.0,29440.0,383.9
11500.0,29440.0,383.1
11520.0,29440.0,382.3
11540.0,29440.0,381.6
11560.0,29440.0,380.8
11580.0,29440.0,380.1
11600.0,29440.0,379.3
11620.0,29440.0,378.6
11640.0,29440.0,377.9
11660.0,29440.0,377.3
11680.0,29440.0,376.6
11700.0,29440.0,376.0
11720.0,29440.0,375.5
11740.0,29440.0,375.0
11760.0,29440.0,374.5
11780.0,29440.0,374.1
11800.0,29440.0,373.7
11820.0,29440.0,373.4
11840.0,29440.0,373.1
11860.0,29440.0,372.9
11880.0,29440.0,372.7
11900.0,29440.0,372.6
11920.0,29440.0,372.5
11940.0,29440.0,372.5
11960.0,29440.0,372.6
11980.0,29440.0,372.7
12000.0,29440.0,372.9
12020.0,29440.0,373.2
12040.0,29440.0,373.5
12060.0,29440.0,373.8
12080.0,29440.0,374.2
12100.0,29440.0,374.7
12120.0,29440.0,375.2
12140.0,29440.0,375.8
12160.0,29440.0,376.4
12180.0,29440.0,377.0
12200.0,29440.0,377.7
12220.0,29440.0,378.4
12240.0,29440.0,379.2
12260.0,29440.0,380.0
12280.0,29440.0,380.8
12300.0,29440.0,381.6
12320.0,29440.0,382.5
12340.0,29440.0,383.3
12360.0,29440.0,384.2
12380.0,29440.0,385.1
12400.0,29440.0,385.9
12420.0,29440.0,386.8
12440.0,29440.0,387.6
12460.0,29440.0,388.5
12480.0,29440.0,389.3
12500.0,29440.0,390.1
12520.0,29440.0,390.8
12540.0,29440.0,391.5
12560.0,29440.0,392.2
12580.0,29440.0,392.9
12600.0,29440.0,393.5
12620.0,29440.0,394.0
12640.0,29440.0,394.5
12660.0,29440.0,394.9
12680.0,29440.0,395.3
12700.0,29440.0,395.6
12720.0,29440.0,395.9
12740.0,29440.0,396.1
12760.0,29440.0,396.2
12780.0,29440.0,396.2
12800.0,29440.0,396.2
12820.0,29440.0,396.1
12840.0,29440.0,396.0
12860.0,29440.0,395.7
12880.0,29440.0,395.4
12900.0,29440.0,395.1
12920.0,29440.0,394.6
12940.0,29440.0,394.1
12960.0,29440.0,393.6
12980.0,29440.0,393.0
13000.0,29440.0,392.3
13020.0,29440.0,391.6
13040.0,29440.0,390.8
13060.0,29440.0,390.0
13080.0,29440.0,389.2
13100.0,29440.0,388.3
13120.0,29440.0,387.4
13140.0,29440.0,386.4
13160.0,29440.0,385.5
13180.0,29440.0,384.5
13200.0,29440.0,383.5
13220.0,29440.0,382.5
13240.0,29440.0,381.5
13260.0,29440.0,380.5
13280.0,29440.0,379.5
13300.0,29440.0,378.5
13320.0,29440.0,377.6
13340.0,29440.0,376.6
13360.0,29440.0,375.7
13380.0,29440.0,374.8
13400.0,29440.0,374.0
13420.0,29440.0,373.2
13440.0,29440.0,372.4
13460.0,29440.0,371.7
13480.0,29440.0,371.0
13500.0,29440.0,370.4
13520.0,29440.0,369.8
13540.0,29440.0,369.3
13560.0,29440.0,368.9
13580.0,29440.0,368.5
13600.0,29440.0,368.2
10800.0,29460.0,393.1
10820.0,29460.0,393.5
10840.0,29460.0,393.9
10860.0,29460.0,394.2
10880.0,29460.0,394.5
10900.0,29460.0,394.8
10920.0,29460.0,395.1
10940.0,29460.0,395.3
10960.0,29460.0,395.4
10980.0,29460.0,395.5
11000.0,29460.0,395.6
11020.0,29460.0,395.6
11040.0,29460.0,395.5
11060.0,29460.0,395.4
11080.0,29460.0,395.3
11100.0,29460.0,395.1
11120.0,29460.0,394.8
11140.0,29460.0,394.5
11160.0,29460.0,394.2
11180.0,29460.0,393.8
11200.0,29460.0,393.4
11220.0,29460.0,392.9
11240.0,29460.0,392.3
11260.0,29460.0,391.8
11280.0,29460.0,391.2
11300.0,29460.0,390.5
11320.0,29460.0,389.8
11340.0,29460.0,389.1
11360.0,29460.0,388.4
11380.0,29460.0,387.6
11400.0,29460.0,386.8
11420.0,29460.0,386.0
11440.0,29460.0,385.2
11460.0,29460.0,384.4
11480.0,29460.0,383.6
11500.0,29460.0,382.8
11520.0,29460.0,381.9
11540.0,29460.0,381.1
11560.0,29460.0,380.3
11580.0,29460.0,379.5
11600.0,29460.0,378.7
11620.0,29460.0,378.0
11640.0,29460.0,377.2
11660.0,29460.0,376.5
11680.0,29460.0,375.9
11700.0,29460.0,375.2
11720.0,29460.0,374.6
11740.0,29460.0,374.1
11760.0,29460.0,373.6
11780.0,29460.0,373.1
11800.0,29460.0,372.7
11820.0,29460.0,372.3
11840.0,29460.0,372.0
11860.0,29460.0,371.8
11880.0,29460.0,371.6
11900.0,29460.0,371.5
11920.0,29460.0,371.4
11940.0,29460.0,371.4
11960.0,29460.0,371.4
11980.0,29460.0,371.5
12000.0,29460.0,371.7
12020.0,29460.0,371.9
12040.0,29460.0,372.2
12060.0,29460.0,372.6
12080.0,29460.0,373.0
12100.0,29460.0,373.4
12120.0,29460.0,373.9
12140.0,29460.0,374.5
12160.0,29460.0,375.1
12180.0,29460.0,375.7
12200.0,29460.0,376.4
12220.0,29460.0,377.1
12240.0,29460.0,377.9
12260.0,29460.0,378.7
12280.0,29460.0,379.5
12300.0,29460.0,380.4
12320.0,29460.0,381.2
12340.0,29460.0,382.1
12360.0,29460.0,383.0
12380.0,29460.0,383.9
12400.0,29460.0,384.7
12420.0,29460.0,385.6
12440.0,29460.0,386.5
12460.0,29460.0,387.3
12480.0,29460.0,388.2
12500.0,29460.0,389.0
12520.0,29460.0,389.8
12540.0,29460.0,390.5
12560.0,29460.0,391.2
12580.0,29460.0,391.9
12600.0,29460.0,392.5
12620.0,29460.0,393.1
12640.0,29460.0,393.6
12660.0,29460.0,394.1
12680.0,29460.0,394.5
12700.0,29460.0,394.8
12720.0,29460.0,395.1
12740.0,29460.0,395.3
12760.0,29460.0,395.5
12780.0,29460.0,395.6
12800.0,29460.0,395.6
12820.0,29460.0,395.5
12840.0,29460.0,395.4
12860.0,29460.0,395.2
12880.0,29460.0,394.9
12900.0,29460.0,394.6
12920.0,29460.0,394.2
12940.0,29460.0,393.7
12960.0,29460.0,393.2
12980.0,29460.0,392.6
13000.0,29460.0,392.0
13020.0,29460.0,391.3
13040.0,29460.0,390.5
13060.0,29460.0,389.7
13080.0,29460.0,388.9
13100.0,29460.0,388.0
13120.0,29460.0,387.1
13140.0,29460.0,386.2
13160.0,29460.0,385.2
13180.0,29460.0,384.3
13200.0,29460.0,383.3
13220.0,29460.0,382.3
13240.0,29460.0,381.3
13260.0,29460.0,380.3
13280.0,29460.0,379.3
13300.0,29460.0,378.3
13320.0,29460.0,377.3
13340.0,29460.0,376.4
13360.0,29460.0,375.4
13380.0,29460.0,374.6
13400.0,29460.0,373.7
13420.0,29460.0,372.9
13440.0,29460.0,372.1
13460.0,29460.0,371.4
13480.0,29460.0,370.7
13500.0,29460.0,370.0
13520.0,29460.0,369.4
13540.0,29460.0,368.9
13560.0,29460.0,368.4
13580.0,29460.0,368.0
13600.0,29460.0,367.6
10800.0,29480.0,393.8
10820.0,29480.0,394.2
10840.0,29480.0,394.6
10860.0,29480.0,395.0
10880.0,29480.0,395.3
10900.0,29480.0,395.5
10920.0,29480.0,395.8
10940.0,29480.0,395.9
10960.0,29480.0,396.1
10980.0,29480.0,396.1
11000.0,29480.0,396.2
11020.0,29480.0,396.2
11040.0,29480.0,396.1
11060.0,29480.0,396.0
11080.0,29480.0,395.8
11100.0,29480.0,395.6
11120.0,29480.0,395.3
11140.0,29480.0,395.0
11160.0,29480.0,394.6
11180.0,29480.0,394.2
11200.0,29480.0,393.7
11220.0,29480.0,393.1
11240.0,29480.0,392.6
11260.0,29480.0,392.0
11280.0,29480.0,391.3
11300.0,29480.0,390.6
11320.0,29480.0,389.9
11340.0,29480.0,389.1
11360.0,29480.0,388.4
11380.0,29480.0,387.5
11400.0,29480.0,386.7
11420.0,29480.0,385.9
11440.0,29480.0,385.0
11460.0,29480.0,384.1
11480.0,29480.0,383.3
11500.0,29480.0,382.4
11520.0,29480.0,381.5
11540.0,29480.0,380.7
11560.0,29480.0,379.8
11580.0,29480.0,379.0
11600.0,29480.0,378.1
11620.0,29480.0,377.3
11640.0,29480.0,376.6
11660.0,29480.0,375.8
11680.0,29480.0,375.1
11700.0,29480.0,374.4
11720.0,29480.0,373.8
11740.0,29480.0,373.2
11760.0,29480.0,372.7
11780.0,29480.0,372.2
11800.0,29480.0,371.7
11820.0,29480.0,371.3
11840.0,29480.0,371.0
11860.0,29480.0,370.7
11880.0,29480.0,370.5
11900.0,29480.0,370.3
11920.0,29480.0,370.3
11940.0,29480.0,370.2
11960.0,29480.0,370.2
11980.0,29480.0,370.3
12000.0,29480.0,370.5
12020.0,29480.0,370.7
12040.0,29480.0,371.0
12060.0,29480.0,371.3
12080.0,29480.0,371.7
12100.0,29480.0,372.1
12120.0,29480.0,372.6
12140.0,29480.0,373.2
12160.0,29480.0,373.8
12180.0,29480.0,374.4
12200.0,29480.0,375.1
12220.0,29480.0,375.9
12240.0,29480.0,376.6
12260.0,29480.0,377.4
12280.0,29480.0,378.2
12300.0,29480.0,379.1
12320.0,29480.0,380.0
12340.0,29480.0,380.9
12360.0,29480.0,381.8
12380.0,29480.0,382.7
12400.0,29480.0,383.6
12420.0,29480.0,384.5
12440.0,29480.0,385.3
12460.0,29480.0,386.2
12480.0,29480.0,387.1
12500.0,29480.0,387.9
12520.0,29480.0,388.7
12540.0,29480.0,389.5
12560.0,29480.0,390.2
12580.0,29480.0,390.9
12600.0,29480.0,391.6
12620.0,29480.0,392.2
12640.0,29480.0,392.7
12660.0,29480.0,393.2
12680.0,29480.0,393.7
12700.0,29480.0,394.0
12720.0,29480.0,394.3
12740.0,29480.0,394.6
12760.0,29480.0,394.8
12780.0,29480.0,394.9
12800.0,29480.0,394.9
12820.0,29480.0,394.9
12840.0,29480.0,394.8
12860.0,29480.0,394.6
12880.0,29480.0,394.4
12900.0,29480.0,394.1
12920.0,29480.0,393.7
12940.0,29480.0,393.3
12960.0,29480.0,392.8
12980.0,29480.0,392.2
13000.0,29480.0,391.6
13020.0,29480.0,390.9
13040.0,29480.0,390.2
13060.0,29480.0,389.4
13080.0,29480.0,388.6
13100.0,29480.0,387.7
13120.0,29480.0,386.9
13140.0,29480.0,385.9
13160.0,29480.0,385.0
13180.0,29480.0,384.0
13200.0,29480.0,383.0
13220.0,29480.0,382.0
13240.0,29480.0,381.0
13260.0,29480.0,380.0
13280.0,29480.0,379.0
13300.0,29480.0,378.1
13320.0,29480.0,377.1
13340.0,29480.0,376.1
13360.0,29480.0,375.2
13380.0,29480.0,374.3
13400.0,29480.0,373.4
13420.0,29480.0,372.6
13440.0,29480.0,371.8
13460.0,29480.0,371.0
13480.0,29480.0,370.3
13500.0,29480.0,369.7
13520.0,29480.0,369.1
13540.0,29480.0,368.5
13560.0,29480.0,368.0
13580.0,29480.0,367.5
13600.0,29480.0,367.2
10800.0,29500.0,394.6
10820.0,29500.0,395.0
10840.0,29500.0,395.3
10860.0,29500.0,395.7
10880.0,29500.0,396.0
10900.0,29500.0,396.2
10920.0,29500.0,396.4
10940.0,29500.0,396.6
10960.0,29500.0,396.7
10980.0,29500.0,396.8
11000.0,29500.0,396.8
11020.0,29500.0,396.8
11040.0,29500.0,396.7
11060.0,29500.0,396.5
11080.0,29500.0,396.3
11100.0,29500.0,396.1
11120.0,29500.0,395.8
11140.0,29500.0,395.4
11160.0,29500.0,395.0
11180.0,29500.0,394.5
11200.0,29500.0,394.0
11220.0,29500.0,393.4
11240.0,29500.0,392.8
11260.0,29500.0,392.2
11280.0,29500.0,391.5
11300.0,29500.0,390.7
11320.0,29500.0,390.0
11340.0,29500.0,389.2
11360.0,29500.0,388.3
11380.0,29500.0,387.5
11400.0,29500.0,386.6
11420.0,29500.0,385.7
11440.0,29500.0,384.8
11460.0,29500.0,383.9
11480.0,29500.0,383.0
11500.0,29500.0,382.1
11520.0,29500.0,381.2
11540.0,29500.0,380.2
11560.0,29500.0,379.3
11580.0,29500.0,378.5
11600.0,29500.0,377.6
11620.0,29500.0,376.7
11640.0,29500.0,375.9
11660.0,29500.0,375.1
11680.0,29500.0,374.4
11700.0,29500.0,373.7
11720.0,29500.0,373.0
11740.0,29500.0,372.4
11760.0,29500.0,371.8
11780.0,29500.0,371.3
11800.0,29500.0,370.8
11820.0,29500.0,370.4
11840.0,29500.0,370.0
11860.0,29500.0,369.7
11880.0,29500.0,369.5
11900.0,29500.0,369.3
11920.0,29500.0,369.1
11940.0,29500.0,369.1
11960.0,29500.0,369.1
11980.0,29500.0,369.2
12000.0,29500.0,369.3
12020.0,29500.0,369.5
12040.0,29500.0,369.8
12060.0,29500.0,370.1
12080.0,29500.0,370.5
12100.0,29500.0,370.9
12120.0,29500.0,371.4
12140.0,29500.0,371.9
12160.0,29500.0,372.5
12180.0,29500.0,373.2
12200.0,29500.0,373.9
12220.0,29500.0,374.6
12240.0,29500.0,375.4
12260.0,29500.0,376.2
12280.0,29500.0,377.0
12300.0,29500.0,377.9
12320.0,29500.0,378.7
12340.0,29500.0,379.6
12360.0,29500.0,380.6
12380.0,29500.0,381.5
12400.0,29500.0,382.4
12420.0,29500.0,383.3
12440.0,29500.0,384.2
12460.0,29500.0,385.1
12480.0,29500.0,386.0
12500.0,29500.0,386.8
12520.0,29500.0,387.7
12540.0,29500.0,388.5
12560.0,29500.0,389.2
12580.0,29500.0,389.9
12600.0,29500.0,390.6
12620.0,29500.0,391.3
12640.0,29500.0,391.8
12660.0,29500.0,392.4
12680.0,29500.0,392.8
12700.0,29500.0,393.2
12720.0,29500.0,393.6
12740.0,29500.0,393.9
12760.0,29500.0,394.1
12780.0,29500.0,394.2
12800.0,29500.0,394.3
12820.0,29500.0,394.3
12840.0,29500.0,394.2
12860.0,29500.0,394.1
12880.0,29500.0,393.9
12900.0,29500.0,393.6
12920.0,29500.0,393.2
12940.0,29500.0,392.8
12960.0,29500.0,392.3
12980.0,29500.0,391.8
13000.0,29500.0,391.2
13020.0,29500.0,390.6
13040.0,29500.0,389.9
13060.0,29500.0,389.1
13080.0,29500.0,388.3
13100.0,29500.0,387.5
13120.0,29500.0,386.6
13140.0,29500.0,385.7
13160.0,29500.0,384.7
13180.0,29500.0,383.8
13200.0,29500.0,382.8
13220.0,29500.0,381.8
13240.0,29500.0,380.8
13260.0,29500.0,379.8
13280.0,29500.0,378.8
13300.0,29500.0,377.8
13320.0,29500.0,376.9
13340.0,29500.0,375.9
13360.0,29500.0,375.0
13380.0,29500.0,374.0
13400.0,29500.0,373.2
13420.0,29500.0,372.3
13440.0,29500.0,371.5
13460.0,29500.0,370.7
13480.0,29500.0,370.0
13500.0,29500.0,369.3
13520.0,29500.0,368.7
13540.0,29500.0,368.1
13560.0,29500.0,367.6
13580.0,29500.0,367.1
13600.0,29500.0,366.7
10800.0,29520.0,395.3
10820.0,29520.0,395.7
10840.0,29520.0,396.1
10860.0,29520.0,396.4
10880.0,29520.0,396.7
10900.0,29520.0,396.9
10920.0,29520.0,397.1
10940.0,29520.0,397.3
10960.0,29520.0,397.4
10980.0,29520.0,397.4
11000.0,29520.0,397.4
11020.0,29520.0,397.4
11040.0,29520.0,397.2
11060.0,29520.0,397.1
11080.0,29520.0,396.8
11100.0,29520.0,396.6
11120.0,29520.0,396.2
11140.0,29520.0,395.8
11160.0,29520.0,395.4
11180.0,29520.0,394.9
11200.0,29520.0,394.3
11220.0,29520.0,393.7
11240.0,29520.0,393.1
11260.0,29520.0,392.4
11280.0,29520.0,391.6
11300.0,29520.0,390.9
11320.0,29520.0,390.1
11340.0,29520.0,389.2
11360.0,29520.0,388.3
11380.0,29520.0,387.5
11400.0,29520.0,386.5
11420.0,29520.0,385.6
11440.0,29520.0,384.6
11460.0,29520.0,383.7
11480.0,29520.0,382.7
11500.0,29520.0,381.8
11520.0,29520.0,380.8
11540.0,29520.0,379.8
11560.0,29520.0,378.9
11580.0,29520.0,378.0
11600.0,29520.0,377.1
11620.0,29520.0,376.2
11640.0,29520.0,375.3
11660.0,29520.0,374.5
11680.0,29520.0,373.7
11700.0,29520.0,372.9
11720.0,29520.0,372.2
11740.0,29520.0,371.6
11760.0,29520.0,371.0
11780.0,29520.0,370.4
11800.0,29520.0,369.9
11820.0,29520.0,369.4
11840.0,29520.0,369.0
11860.0,29520.0,368.7
11880.0,29520.0,368.4
11900.0,29520.0,368.2
11920.0,29520.0,368.1
11940.0,29520.0,368.0
11960.0,29520.0,368.0
11980.0,29520.0,368.0
12000.0,29520.0,368.1
12020.0,29520.0,368.3
12040.0,29520.0,368.6
12060.0,29520.0,368.9
12080.0,29520.0,369.2
12100.0,29520.0,369.7
12120.0,29520.0,370.2
12140.0,29520.0,370.7
12160.0,29520.0,371.3
12180.0,29520.0,371.9
12200.0,29520.0,372.6
12220.0,29520.0,373.4
12240.0,29520.0,374.1
12260.0,29520.0,374.9
12280.0,29520.0,375.8
12300.0,29520.0,376.7
12320.0,29520.0,377.5
12340.0,29520.0,378.5
12360.0,29520.0,379.4
12380.0,29520.0,380.3
12400.0,29520.0,381.2
12420.0,29520.0,382.2
12440.0,29520.0,383.1
12460.0,29520.0,384.0
12480.0,29520.0,384.9
12500.0,29520.0,385.8
12520.0,29520.0,386.6
12540.0,29520.0,387.5
12560.0,29520.0,388.2
12580.0,29520.0,389.0
12600.0,29520.0,389.7
12620.0,29520.0,390.3
12640.0,29520.0,391.0
12660.0,29520.0,391.5
12680.0,29520.0,392.0
12700.0,29520.0,392.4
12720.0,29520.0,392.8
12740.0,29520.0,393.1
12760.0,29520.0,393.4
12780.0,29520.0,393.5
12800.0,29520.0,393.6
12820.0,29520.0,393.7
12840.0,29520.0,393.6
12860.0,29520.0,393.5
12880.0,29520.0,393.3
12900.0,29520.0,393.1
12920.0,29520.0,392.8
12940.0,29520.0,392.4
12960.0,29520.0,391.9
12980.0,29520.0,391.4
13000.0,29520.0,390.8
13020.0,29520.0,390.2
13040.0,29520.0,389.5
13060.0,29520.0,388.8
13080.0,29520.0,388.0
13100.0,29520.0,387.2
13120.0,29520.0,386.3
13140.0,29520.0,385.4
13160.0,29520.0,384.5
13180.0,29520.0,383.5
13200.0,29520.0,382.6
13220.0,29520.0,381.6
13240.0,29520.0,380.6
13260.0,29520.0,379.6
13280.0,29520.0,378.6
13300.0,29520.0,377.6
13320.0,29520.0,376.6
13340.0,29520.0,375.7
13360.0,29520.0,374.7
13380.0,29520.0,373.8
13400.0,29520.0,372.9
13420.0,29520.0,372.0
13440.0,29520.0,371.2
13460.0,29520.0,370.4
13480.0,29520.0,369.7
13500.0,29520.0,369.0
13520.0,29520.0,368.3
13540.0,29520.0,367.7
13560.0,29520.0,367.2
13580.0,29520.0,366.7
13600.0,29520.0,366.2
10800.0,29540.0,396.0
10820.0,29540.0,396.4
10840.0,29540.0,396.8
10860.0,29540.0,397.1
10880.0,29540.0,397.4
10900.0,29540.0,397.6
10920.0,29540.0,397.8
10940.0,29540.0,398.0
10960.0,29540.0,398.0
10980.0,29540.0,398.1
11000.0,29540.0,398.0
11020.0,29540.0,398.0
11040.0,29540.0,397.8
11060.0,29540.0,397.6
11080.0,29540.0,397.4
11100.0,29540.0,397.1
11120.0,29540.0,396.7
11140.0,29540.0,396.3
11160.0,29540.0,395.8
11180.0,29540.0,395.2
11200.0,29540.0,394.7
11220.0,29540.0,394.0
11240.0,29540.0,393.3
11260.0,29540.0,392.6
11280.0,29540.0,391.8
11300.0,29540.0,391.0
11320.0,29540.0,390.2
11340.0,29540.0,389.3
11360.0,29540.0,388.4
11380.0,29540.0,387.4
11400.0,29540.0,386.5
11420.0,29540.0,385.5
11440.0,29540.0,384.5
11460.0,29540.0,383.5
11480.0,29540.0,382.5
11500.0,29540.0,381.5
11520.0,29540.0,380.5
11540.0,29540.0,379.5
11560.0,29540.0,378.5
11580.0,29540.0,377.5
11600.0,29540.0,376.5
11620.0,29540.0,375.6
11640.0,29540.0,374.7
11660.0,29540.0,373.9
11680.0,29540.0,373.0
11700.0,29540.0,372.2
11720.0,29540.0,371.5
11740.0,29540.0,370.8
11760.0,29540.0,370.1
11780.0,29540.0,369.5
11800.0,29540.0,369.0
11820.0,29540.0,368.5
11840.0,29540.0,368.1
11860.0,29540.0,367.7
11880.0,29540.0,367.4
11900.0,29540.0,367.2
11920.0,29540.0,367.0
11940.0,29540.0,366.9
11960.0,29540.0,366.9
11980.0,29540.0,366.9
12000.0,29540.0,367.0
12020.0,29540.0,367.2
12040.0,29540.0,367.4
12060.0,29540.0,367.7
12080.0,29540.0,368.1
12100.0,29540.0,368.5
12120.0,29540.0,369.0
12140.0,29540.0,369.5
12160.0,29540.0,370.1
12180.0,29540.0,370.7
12200.0,29540.0,371.4
12220.0,29540.0,372.2
12240.0,29540.0,372.9
12260.0,29540.0,373.8
12280.0,29540.0,374.6
12300.0,29540.0,375.5
12320.0,29540.0,376.4
12340.0,29540.0,377.3
12360.0,29540.0,378.2
12380.0,29540.0,379.2
12400.0,29540.0,380.1
12420.0,29540.0,381.1
12440.0,29540.0,382.0
12460.0,29540.0,382.9
12480.0,29540.0,383.8
12500.0,29540.0,384.7
12520.0,29540.0,385.6
12540.0,29540.0,386.5
12560.0,29540.0,387.3
12580.0,29540.0,388.0
12600.0,29540.0,388.8
12620.0,29540.0,389.4
12640.0,29540.0,390.1
12660.0,29540.0,390.7
12680.0,29540.0,391.2
12700.0,29540.0,391.6
12720.0,29540.0,392.0
12740.0,29540.0,392.4
12760.0,29540.0,392.6
12780.0,29540.0,392.8
12800.0,29540.0,393.0
12820.0,29540.0,393.0
12840.0,29540.0,393.0
12860.0,29540.0,392.9
12880.0,29540.0,392.8
12900.0,29540.0,392.6
12920.0,29540.0,392.3
12940.0,29540.0,391.9
12960.0,29540.0,391.5
12980.0,29540.0,391.0
13000.0,29540.0,390.4
13020.0,29540.0,389.8
13040.0,29540.0,389.2
13060.0,29540.0,388.4
13080.0,29540.0,387.7
13100.0,29540.0,386.9
13120.0,29540.0,386.0
13140.0,29540.0,385.1
13160.0,29540.0,384.2
13180.0,29540.0,383.3
13200.0,29540.0,382.3
13220.0,29540.0,381.4
13240.0,29540.0,380.4
13260.0,29540.0,379.4
13280.0,29540.0,378.4
13300.0,29540.0,377.4
13320.0,29540.0,376.4
13340.0,29540.0,375.4
13360.0,29540.0,374.5
13380.0,29540.0,373.5
13400.0,29540.0,372.6
13420.0,29540.0,371.8
13440.0,29540.0,370.9
13460.0,29540.0,370.1
13480.0,29540.0,369.4
13500.0,29540.0,368.6
13520.0,29540.0,368.0
13540.0,29540.0,367.4
13560.0,29540.0,366.8
13580.0,29540.0,366.3
13600.0,29540.0,365.8
10800.0,29560.0,396.8
10820.0,29560.0,397.2
10840.0,29560.0,397.5
10860.0,29560.0,397.8
10880.0,29560.0,398.1
10900.0,29560.0,398.3
10920.0,29560.0,398.5
10940.0,29560.0,398.6
10960.0,29560.0,398.7
10980.0,29560.0,398.7
11000.0,29560.0,398.7
11020.0,29560.0,398.6
11040.0,29560.0,398.4
11060.0,29560.0,398.2
11080.0,29560.0,397.9
11100.0,29560.0,397.6
11120.0,29560.0,397.2
11140.0,29560.0,396.7
11160.0,29560.0,396.2
11180.0,29560.0,395.6
11200.0,29560.0,395.0
11220.0,29560.0,394.3
11240.0,29560.0,393.6
11260.0,29560.0,392.8
11280.0,29560.0,392.0
11300.0,29560.0,391.2
11320.0,29560.0,390.3
11340.0,29560.0,389.3
11360.0,29560.0,388.4
11380.0,29560.0,387.4
11400.0,29560.0,386.4
11420.0,29560.0,385.4
11440.0,29560.0,384.3
11460.0,29560.0,383.3
11480.0,29560.0,382.2
11500.0,29560.0,381.2
11520.0,29560.0,380.1
11540.0,29560.0,379.1
11560.0,29560.0,378.1
11580.0,29560.0,377.1
11600.0,29560.0,376.1
11620.0,29560.0,375.1
11640.0,29560.0,374.2
11660.0,29560.0,373.2
11680.0,29560.0,372.4
11700.0,29560.0,371.6
11720.0,29560.0,370.8
11740.0,29560.0,370.0
11760.0,29560.0,369.4
11780.0,29560.0,368.7
11800.0,29560.0,368.1
11820.0,29560.0,367.6
11840.0,29560.0,367.2
11860.0,29560.0,366.8
11880.0,29560.0,366.5
11900.0,29560.0,366.2
11920.0,29560.0,366.0
11940.0,29560.0,365.9
11960.0,29560.0,365.8
11980.0,29560.0,365.9
12000.0,29560.0,365.9
12020.0,29560.0,366.1
12040.0,29560.0,366.3
12060.0,29560.0,366.6
12080.0,29560.0,366.9
12100.0,29560.0,367.3
12120.0,29560.0,367.8
12140.0,29560.0,368.3
12160.0,29560.0,368.9
12180.0,29560.0,369.6
12200.0,29560.0,370.3
12220.0,29560.0,371.0
12240.0,29560.0,371.8
12260.0,29560.0,372.6
12280.0,29560.0,373.4
12300.0,29560.0,374.3
12320.0,29560.0,375.2
12340.0,29560.0,376.1
12360.0,29560.0,377.1
12380.0,29560.0,378.0
12400.0,29560.0,379.0
12420.0,29560.0,380.0
12440.0,29560.0,380.9
12460.0,29560.0,381.9
12480.0,29560.0,382.8
12500.0,29560.0,383.7
12520.0,29560.0,384.6
12540.0,29560.0,385.5
12560.0,29560.0,386.3
12580.0,29560.0,387.1
12600.0,29560.0,387.8
12620.0,29560.0,388.5
12640.0,29560.0,389.2
12660.0,29560.0,389.8
12680.0,29560.0,390.4
12700.0,29560.0,390.8
12720.0,29560.0,391.3
12740.0,29560.0,391.6
12760.0,29560.0,391.9
12780.0,29560.0,392.1
12800.0,29560.0,392.3
12820.0,29560.0,392.4
12840.0,29560.0,392.4
12860.0,29560.0,392.3
12880.0,29560.0,392.2
12900.0,29560.0,392.0
12920.0,29560.0,391.8
12940.0,29560.0,391.4
12960.0,29560.0,391.0
12980.0,29560.0,390.6
13000.0,29560.0,390.0
13020.0,29560.0,389.4
13040.0,29560.0,388.8
13060.0,29560.0,388.1
13080.0,29560.0,387.4
13100.0,29560.0,386.6
13120.0,29560.0,385.7
13140.0,29560.0,384.9
13160.0,29560.0,384.0
13180.0,29560.0,383.0
13200.0,29560.0,382.1
13220.0,29560.0,381.1
13240.0,29560.0,380.1
13260.0,29560.0,379.1
13280.0,29560.0,378.1
13300.0,29560.0,377.2
13320.0,29560.0,376.2
13340.0,29560.0,375.2
13360.0,29560.0,374.2
13380.0,29560.0,373.3
13400.0,29560.0,372.4
13420.0,29560.0,371.5
13440.0,29560.0,370.7
13460.0,29560.0,369.8
13480.0,29560.0,369.1
13500.0,29560.0,368.3
13520.0,29560.0,367.6
13540.0,29560.0,367.0
13560.0,29560.0,366.4
13580.0,29560.0,365.9
13600.0,29560.0,365.4
10800.0,29580.0,397.5
10820.0,29580.0,397.9
10840.0,29580.0,398.2
10860.0,29580.0,398.5
10880.0,29580.0,398.8
10900.0,29580.0,399.0
10920.0,29580.0,399.2
10940.0,29580.0,399.3
10960.0,29580.0,399.3
10980.0,29580.0,399.3
11000.0,29580.0,399.3
11020.0,29580.0,399.1
11040.0,29580.0,399.0
11060.0,29580.0,398.7
11080.0,29580.0,398.4
11100.0,29580.0,398.0
11120.0,29580.0,397.6
11140.0,29580.0,397.1
11160.0,29580.0,396.6
11180.0,29580.0,396.0
11200.0,29580.0,395.3
11220.0,29580.0,394.6
11240.0,29580.0,393.9
11260.0,29580.0,393.1
11280.0,29580.0,392.2
11300.0,29580.0,391.3
11320.0,29580.0,390.4
11340.0,29580.0,389.4
11360.0,29580.0,388.4
11380.0,29580.0,387.4
11400.0,29580.0,386.4
11420.0,29580.0,385.3
11440.0,29580.0,384.2
11460.0,29580.0,383.1
11480.0,29580.0,382.0
11500.0,29580.0,380.9
11520.0,29580.0,379.8
11540.0,29580.0,378.8
11560.0,29580.0,377.7
11580.0,29580.0,376.6
11600.0,29580.0,375.6
11620.0,29580.0,374.6
11640.0,29580.0,373.6
11660.0,29580.0,372.7
11680.0,29580.0,371.8
11700.0,29580.0,370.9
11720.0,29580.0,370.1
11740.0,29580.0,369.3
11760.0,29580.0,368.6
11780.0,29580.0,367.9
11800.0,29580.0,367.3
11820.0,29580.0,366.8
11840.0,29580.0,366.3
11860.0,29580.0,365.9
11880.0,29580.0,365.5
11900.0,29580.0,365.3
11920.0,29580.0,365.0
11940.0,29580.0,364.9
11960.0,29580.0,364.8
11980.0,29580.0,364.8
12000.0,29580.0,364.9
12020.0,29580.0,365.0
12040.0,29580.0,365.2
12060.0,29580.0,365.5
12080.0,29580.0,365.8
12100.0,29580.0,366.2
12120.0,29580.0,366.7
12140.0,29580.0,367.2
12160.0,29580.0,367.8
12180.0,29580.0,368.4
12200.0,29580.0,369.1
12220.0,29580.0,369.9
12240.0,29580.0,370.6
12260.0,29580.0,371.5
12280.0,29580.0,372.3
12300.0,29580.0,373.2
12320.0,29580.0,374.1
12340.0,29580.0,375.0
12360.0,29580.0,376.0
12380.0,29580.0,376.9
12400.0,29580.0,377.9
12420.0,29580.0,378.9
12440.0,29580.0,379.9
12460.0,29580.0,380.8
12480.0,29580.0,381.8
12500.0,29580.0,382.7
12520.0,29580.0,383.6
12540.0,29580.0,384.5
12560.0,29580.0,385.3
12580.0,29580.0,386.2
12600.0,29580.0,386.9
12620.0,29580.0,387.7
12640.0,29580.0,388.3
12660.0,29580.0,389.0
12680.0,29580.0,389.5
12700.0,29580.0,390.0
12720.0,29580.0,390.5
12740.0,29580.0,390.9
12760.0,29580.0,391.2
12780.0,29580.0,391.5
12800.0,29580.0,391.6
12820.0,29580.0,391.8
12840.0,29580.0,391.8
12860.0,29580.0,391.8
12880.0,29580.0,391.7
12900.0,29580.0,391.5
12920.0,29580.0,391.2
12940.0,29580.0,390.9
12960.0,29580.0,390.6
12980.0,29580.0,390.1
13000.0,29580.0,389.6
13020.0,29580.0,389.0
13040.0,29580.0,388.4
13060.0,29580.0,387.7
13080.0,29580.0,387.0
13100.0,29580.0,386.2
13120.0,29580.0,385.4
13140.0,29580.0,384.6
13160.0,29580.0,383.7
13180.0,29580.0,382.8
13200.0,29580.0,381.8
13220.0,29580.0,380.9
13240.0,29580.0,379.9
13260.0,29580.0,378.9
13280.0,29580.0,377.9
13300.0,29580.0,376.9
13320.0,29580.0,375.9
13340.0,29580.0,375.0
13360.0,29580.0,374.0
13380.0,29580.0,373.1
13400.0,29580.0,372.1
13420.0,29580.0,371.3
13440.0,29580.0,370.4
13460.0,29580.0,369.6
13480.0,29580.0,368.8
13500.0,29580.0,368.0
13520.0,29580.0,367.3
13540.0,29580.0,366.7
13560.0,29580.0,366.1
13580.0,29580.0,365.5
13600.0,29580.0,365.0
10800.0,29600.0,398.2
10820.0,29600.0,398.5
10840.0,29600.0,398.9
10860.0,29600.0,399.2
10880.0,29600.0,399.5
10900.0,29600.0,399.7
10920.0,29600.0,399.8
10940.0,29600.0,399.9
10960.0,29600.0,400.0
10980.0,29600.0,399.9
11000.0,29600.0,399.9
11020.0,29600.0,399.7
11040.0,29600.0,399.5
11060.0,29600.0,399.2
11080.0,29600.0,398.9
11100.0,29600.0,398.5
11120.0,29600.0,398.1
11140.0,29600.0,397.6
11160.0,29600.0,397.0
11180.0,29600.0,396.4
11200.0,29600.0,395.7
11220.0,29600.0,394.9
11240.0,29600.0,394.1
11260.0,29600.0,393.3
11280.0,29600.0,392.4
11300.0,29600.0,391.5
11320.0,29600.0,390.5
11340.0,29600.0,389.5
11360.0,29600.0,388.5
11380.0,29600.0,387.4
11400.0,29600.0,386.3
11420.0,29600.0,385.2
11440.0,29600.0,384.1
11460.0,29600.0,383.0
11480.0,29600.0,381.8
11500.0,29600.0,380.7
11520.0,29600.0,379.6
11540.0,29600.0,378.4
11560.0,29600.0,377.3
11580.0,29600.0,376.2
11600.0,29600.0,375.2
11620.0,29600.0,374.1
11640.0,29600.0,373.1
11660.0,29600.0,372.1
11680.0,29600.0,371.2
11700.0,29600.0,370.3
11720.0,29600.0,369.4
11740.0,29600.0,368.6
11760.0,29600.0,367.9
11780.0,29600.0,367.2
11800.0,29600.0,366.6
11820.0,29600.0,366.0
11840.0,29600.0,365.5
11860.0,29600.0,365.0
11880.0,29600.0,364.7
11900.0,29600.0,364.4
11920.0,29600.0,364.1
11940.0,29600.0,364.0
11960.0,29600.0,363.9
11980.0,29600.0,363.8
12000.0,29600.0,363.9
12020.0,29600.0,364.0
12040.0,29600.0,364.2
12060.0,29600.0,364.5
12080.0,29600.0,364.8
12100.0,29600.0,365.2
12120.0,29600.0,365.6
12140.0,29600.0,366.1
12160.0,29600.0,366.7
12180.0,29600.0,367.4
12200.0,29600.0,368.0
12220.0,29600.0,368.8
12240.0,29600.0,369.5
12260.0,29600.0,370.4
12280.0,29600.0,371.2
12300.0,29600.0,372.1
12320.0,29600.0,373.0
12340.0,29600.0,374.0
12360.0,29600.0,374.9
12380.0,29600.0,375.9
12400.0,29600.0,376.9
12420.0,29600.0,377.9
12440.0,29600.0,378.8
12460.0,29600.0,379.8
12480.0,29600.0,380.8
12500.0,29600.0,381.7
12520.0,29600.0,382.6
12540.0,29600.0,383.5
12560.0,29600.0,384.4
12580.0,29600.0,385.2
12600.0,29600.0,386.0
12620.0,29600.0,386.8
12640.0,29600.0,387.5
12660.0,29600.0,388.1
12680.0,29600.0,388.7
12700.0,29600.0,389.3
12720.0,29600.0,389.7
12740.0,29600.0,390.1
12760.0,29600.0,390.5
12780.0,29600.0,390.8
12800.0,29600.0,391.0
12820.0,29600.0,391.1
12840.0,29600.0,391.2
12860.0,29600.0,391.2
12880.0,29600.0,391.1
12900.0,29600.0,390.9
12920.0,29600.0,390.7
12940.0,29600.0,390.4
12960.0,29600.0,390.1
12980.0,29600.0,389.7
13000.0,29600.0,389.2
13020.0,29600.0,388.6
13040.0,29600.0,388.0
13060.0,29600.0,387.4
13080.0,29600.0,386.7
13100.0,29600.0,385.9
13120.0,29600.0,385.1
13140.0,29600.0,384.3
13160.0,29600.0,383.4
13180.0,29600.0,382.5
13200.0,29600.0,381.6
13220.0,29600.0,380.6
13240.0,29600.0,379.6
13260.0,29600.0,378.7
13280.0,29600.0,377.7
13300.0,29600.0,376.7
13320.0,29600.0,375.7
13340.0,29600.0,374.7
13360.0,29600.0,373.8
13380.0,29600.0,372.8
13400.0,29600.0,371.9
13420.0,29600.0,371.0
13440.0,29600.0,370.1
13460.0,29600.0,369.3
13480.0,29600.0,368.5
13500.0,29600.0,367.7
13520.0,29600.0,367.0
13540.0,29600.0,366.3
13560.0,29600.0,365.7
13580.0,29600.0,365.1
13600.0,29600.0,364.6
10800.0,29620.0,398.8
10820.0,29620.0,399.2
10840.0,29620.0,399.5
10860.0,29620.0,399.8
10880.0,29620.0,400.1
10900.0,29620.0,400.3
10920.0,29620.0,400.4
10940.0,29620.0,400.5
10960.0,29620.0,400.6
10980.0,29620.0,400.5
11000.0,29620.0,400.4
11020.0,29620.0,400.3
11040.0,29620.0,400.0
11060.0,29620.0,399.8
11080.0,29620.0,399.4
11100.0,29620.0,399.0
11120.0,29620.0,398.5
11140.0,29620.0,398.0
11160.0,29620.0,397.4
11180.0,29620.0,396.7
11200.0,29620.0,396.0
11220.0,29620.0,395.2
11240.0,29620.0,394.4
11260.0,29620.0,393.5
11280.0,29620.0,392.6
11300.0,29620.0,391.6
11320.0,29620.0,390.6
11340.0,29620.0,389.6
11360.0,29620.0,388.5
11380.0,29620.0,387.4
11400.0,29620.0,386.3
11420.0,29620.0,385.1
11440.0,29620.0,384.0
11460.0,29620.0,382.8
11480.0,29620.0,381.6
11500.0,29620.0,380.5
11520.0,29620.0,379.3
11540.0,29620.0,378.1
11560.0,29620.0,377.0
11580.0,29620.0,375.9
11600.0,29620.0,374.7
11620.0,29620.0,373.7
11640.0,29620.0,372.6
11660.0,29620.0,371.6
11680.0,29620.0,370.6
11700.0,29620.0,369.7
11720.0,29620.0,368.8
11740.0,29620.0,368.0
11760.0,29620.0,367.2
11780.0,29620.0,366.5
11800.0,29620.0,365.8
11820.0,29620.0,365.2
11840.0,29620.0,364.7
11860.0,29620.0,364.2
11880.0,29620.0,363.8
11900.0,29620.0,363.5
11920.0,29620.0,363.2
11940.0,29620.0,363.0
11960.0,29620.0,362.9
11980.0,29620.0,362.9
12000.0,29620.0,362.9
12020.0,29620.0,363.0
12040.0,29620.0,363.2
12060.0,29620.0,363.5
12080.0,29620.0,363.8
12100.0,29620.0,364.2
12120.0,29620.0,364.6
12140.0,29620.0,365.1
12160.0,29620.0,365.7
12180.0,29620.0,366.3
12200.0,29620.0,367.0
12220.0,29620.0,367.7
12240.0,29620.0,368.5
12260.0,29620.0,369.3
12280.0,29620.0,370.2
12300.0,29620.0,371.1
12320.0,29620.0,372.0
12340.0,29620.0,372.9
12360.0,29620.0,373.9
12380.0,29620.0,374.9
12400.0,29620.0,375.9
12420.0,29620.0,376.8
12440.0,29620.0,377.8
12460.0,29620.0,378.8
12480.0,29620.0,379.8
12500.0,29620.0,380.8
12520.0,29620.0,381.7
12540.0,29620.0,382.6
12560.0,29620.0,383.5
12580.0,29620.0,384.3
12600.0,29620.0,385.2
12620.0,29620.0,385.9
12640.0,29620.0,386.6
12660.0,29620.0,387.3
12680.0,29620.0,387.9
12700.0,29620.0,388.5
12720.0,29620.0,389.0
12740.0,29620.0,389.4
12760.0,29620.0,389.8
12780.0,29620.0,390.1
12800.0,29620.0,390.3
12820.0,29620.0,390.5
12840.0,29620.0,390.5
12860.0,29620.0,390.6
12880.0,29620.0,390.5
12900.0,29620.0,390.4
12920.0,29620.0,390.2
12940.0,29620.0,389.9
12960.0,29620.0,389.6
12980.0,29620.0,389.2
13000.0,29620.0,388.7
13020.0,29620.0,388.2
13040.0,29620.0,387.6
13060.0,29620.0,387.0
13080.0,29620.0,386.3
13100.0,29620.0,385.6
13120.0,29620.0,384.8
13140.0,29620.0,383.9
13160.0,29620.0,383.1
13180.0,29620.0,382.2
13200.0,29620.0,381.3
13220.0,29620.0,380.3
13240.0,29620.0,379.4
13260.0,29620.0,378.4
13280.0,29620.0,377.4
13300.0,29620.0,376.5
13320.0,29620.0,375.5
13340.0,29620.0,374.5
13360.0,29620.0,373.5
13380.0,29620.0,372.6
13400.0,29620.0,371.7
13420.0,29620.0,370.8
13440.0,29620.0,369.9
13460.0,29620.0,369.0
13480.0,29620.0,368.2
13500.0,29620.0,367.5
13520.0,29620.0,366.7
13540.0,29620.0,366.0
13560.0,29620.0,365.4
13580.0,29620.0,364.8
13600.0,29620.0,364.3
10800.0,29640.0,399.4
10820.0,29640.0,399.8
10840.0,29640.0,400.2
10860.0,29640.0,400.5
10880.0,29640.0,400.7
10900.0,29640.0,400.9
10920.0,29640.0,401.0
10940.0,29640.0,401.1
10960.0,29640.0,401.1
10980.0,29640.0,401.1
11000.0,29640.0,401.0
11020.0,29640.0,400.8
11040.0,29640.0,400.6
11060.0,29640.0,400.3
11080.0,29640.0,399.9
11100.0,29640.0,399.4
11120.0,29640.0,398.9
11140.0,29640.0,398.4
11160.0,29640.0,397.7
11180.0,29640.0,397.1
11200.0,29640.0,396.3
11220.0,29640.0,395.5
11240.0,29640.0,394.6
11260.0,29640.0,393.7
11280.0,29640.0,392.8
11300.0,29640.0,391.8
11320.0,29640.0,390.7
11340.0,29640.0,389.7
11360.0,29640.0,388.6
11380.0,29640.0,387.4
11400.0,29640.0,386.3
11420.0,29640.0,385.1
11440.0,29640.0,383.9
11460.0,29640.0,382.7
11480.0,29640.0,381.5
11500.0,29640.0,380.3
11520.0,29640.0,379.0
11540.0,29640.0,377.9
11560.0,29640.0,376.7
11580.0,29640.0,375.5
11600.0,29640.0,374.4
11620.0,29640.0,373.2
11640.0,29640.0,372.2
11660.0,29640.0,371.1
11680.0,29640.0,370.1
11700.0,29640.0,369.1
11720.0,29640.0,368.2
11740.0,29640.0,367.4
11760.0,29640.0,366.5
11780.0,29640.0,365.8
11800.0,29640.0,365.1
11820.0,29640.0,364.5
11840.0,29640.0,363.9
11860.0,29640.0,363.4
11880.0,29640.0,363.0
11900.0,29640.0,362.7
11920.0,29640.0,362.4
11940.0,29640.0,362.2
11960.0,29640.0,362.1
11980.0,29640.0,362.0
12000.0,29640.0,362.0
12020.0,29640.0,362.1
12040.0,29640.0,362.3
12060.0,29640.0,362.5
12080.0,29640.0,362.8
12100.0,29640.0,363.2
12120.0,29640.0,363.6
12140.0,29640.0,364.1
12160.0,29640.0,364.7
12180.0,29640.0,365.3
12200.0,29640.0,366.0
12220.0,29640.0,366.7
12240.0,29640.0,367.5
12260.0,29640.0,368.3
12280.0,29640.0,369.2
12300.0,29640.0,370.1
12320.0,29640.0,371.0
12340.0,29640.0,371.9
12360.0,29640.0,372.9
12380.0,29640.0,373.9
12400.0,29640.0,374.9
12420.0,29640.0,375.9
12440.0,29640.0,376.9
12460.0,29640.0,377.9
12480.0,29640.0,378.9
12500.0,29640.0,379.8
12520.0,29640.0,380.8
12540.0,29640.0,381.7
12560.0,29640.0,382.6
12580.0,29640.0,383.5
12600.0,29640.0,384.3
12620.0,29640.0,385.1
12640.0,29640.0,385.8
12660.0,29640.0,386.5
12680.0,29640.0,387.1
12700.0,29640.0,387.7
12720.0,29640.0,388.2
12740.0,29640.0,388.7
12760.0,29640.0,389.1
12780.0,29640.0,389.4
12800.0,29640.0,389.6
12820.0,29640.0,389.8
12840.0,29640.0,389.9
12860.0,29640.0,390.0
12880.0,29640.0,389.9
12900.0,29640.0,389.8
12920.0,29640.0,389.6
12940.0,29640.0,389.4
12960.0,29640.0,389.1
12980.0,29640.0,388.7
13000.0,29640.0,388.3
13020.0,29640.0,387.8
13040.0,29640.0,387.2
13060.0,29640.0,386.6
13080.0,29640.0,385.9
13100.0,29640.0,385.2
13120.0,29640.0,384.4
13140.0,29640.0,383.6
13160.0,29640.0,382.8
13180.0,29640.0,381.9
13200.0,29640.0,381.0
13220.0,29640.0,380.1
13240.0,29640.0,379.1
13260.0,29640.0,378.2
13280.0,29640.0,377.2
13300.0,29640.0,376.2
13320.0,29640.0,375.2
13340.0,29640.0,374.3
13360.0,29640.0,373.3
13380.0,29640.0,372.4
13400.0,29640.0,371.4
13420.0,29640.0,370.5
13440.0,29640.0,369.6
13460.0,29640.0,368.8
13480.0,29640.0,368.0
13500.0,29640.0,367.2
13520.0,29640.0,366.4
13540.0,29640.0,365.8
13560.0,29640.0,365.1
13580.0,29640.0,364.5
13600.0,29640.0,363.9
10800.0,29660.0,400.0
10820.0,29660.0,400.4
10840.0,29660.0,400.8
10860.0,29660.0,401.1
10880.0,29660.0,401.3
10900.0,29660.0,401.5
10920.0,29660.0,401.6
10940.0,29660.0,401.7
10960.0,29660.0,401.7
10980.0,29660.0,401.6
11000.0,29660.0,401.5
11020.0,29660.0,401.3
11040.0,29660.0,401.0
11060.0,29660.0,400.7
11080.0,29660.0,400.3
11100.0,29660.0,399.9
11120.0,29660.0,399.3
11140.0,29660.0,398.8
11160.0,29660.0,398.1
11180.0,29660.0,397.4
11200.0,29660.0,396.6
11220.0,29660.0,395.8
11240.0,29660.0,394.9
11260.0,29660.0,394.0
11280.0,29660.0,393.0
11300.0,29660.0,391.9
11320.0,29660.0,390.9
11340.0,29660.0,389.7
11360.0,29660.0,388.6
11380.0,29660.0,387.4
11400.0,29660.0,386.2
11420.0,29660.0,385.0
11440.0,29660.0,383.8
11460.0,29660.0,382.6
11480.0,29660.0,381.3
11500.0,29660.0,380.1
11520.0,29660.0,378.8
11540.0,29660.0,377.6
11560.0,29660.0,376.4
11580.0,29660.0,375.2
11600.0,29660.0,374.0
11620.0,29660.0,372.8
11640.0,29660.0,371.7
11660.0,29660.0,370.6
11680.0,29660.0,369.6
11700.0,29660.0,368.6
11720.0,29660.0,367.7
11740.0,29660.0,366.8
11760.0,29660.0,365.9
11780.0,29660.0,365.2
11800.0,29660.0,364.4
11820.0,29660.0,363.8
11840.0,29660.0,363.2
11860.0,29660.0,362.7
11880.0,29660.0,362.3
11900.0,29660.0,361.9
11920.0,29660.0,361.6
11940.0,29660.0,361.4
11960.0,29660.0,361.2
11980.0,29660.0,361.2
12000.0,29660.0,361.2
12020.0,29660.0,361.2
12040.0,29660.0,361.4
12060.0,29660.0,361.6
12080.0,29660.0,361.9
12100.0,29660.0,362.3
12120.0,29660.0,362.7
12140.0,29660.0,363.2
12160.0,29660.0,363.7
12180.0,29660.0,364.4
12200.0,29660.0,365.0
12220.0,29660.0,365.8
12240.0,29660.0,366.5
12260.0,29660.0,367.3
12280.0,29660.0,368.2
12300.0,29660.0,369.1
12320.0,29660.0,370.0
12340.0,29660.0,371.0
12360.0,29660.0,371.9
12380.0,29660.0,372.9
12400.0,29660.0,373.9
12420.0,29660.0,374.9
12440.0,29660.0,375.9
12460.0,29660.0,376.9
12480.0,29660.0,377.9
12500.0,29660.0,378.9
12520.0,29660.0,379.9
12540.0,29660.0,380.8
12560.0,29660.0,381.7
12580.0,29660.0,382.6
12600.0,29660.0,383.4
12620.0,29660.0,384.2
12640.0,29660.0,385.0
12660.0,29660.0,385.7
12680.0,29660.0,386.3
12700.0,29660.0,386.9
12720.0,29660.0,387.5
12740.0,29660.0,387.9
12760.0,29660.0,388.3
12780.0,29660.0,388.7
12800.0,29660.0,388.9
12820.0,29660.0,389.1
12840.0,29660.0,389.3
12860.0,29660.0,389.3
12880.0,29660.0,389.3
12900.0,29660.0,389.2
12920.0,29660.0,389.1
12940.0,29660.0,388.9
12960.0,29660.0,388.6
12980.0,29660.0,388.2
13000.0,29660.0,387.8
13020.0,29660.0,387.3
13040.0,29660.0,386.8
13060.0,29660.0,386.2
13080.0,29660.0,385.5
13100.0,29660.0,384.8
13120.0,29660.0,384.1
13140.0,29660.0,383.3
13160.0,29660.0,382.4
13180.0,29660.0,381.6
13200.0,29660.0,380.7
13220.0,29660.0,379.8
13240.0,29660.0,378.8
13260.0,29660.0,377.9
13280.0,29660.0,376.9
13300.0,29660.0,376.0
13320.0,29660.0,375.0
13340.0,29660.0,374.0
13360.0,29660.0,373.1
13380.0,29660.0,372.1
13400.0,29660.0,371.2
13420.0,29660.0,370.3
13440.0,29660.0,369.4
13460.0,29660.0,368.5
13480.0,29660.0,367.7
13500.0,29660.0,366.9
13520.0,29660.0,366.2
13540.0,29660.0,365.5
13560.0,29660.0,364.8
13580.0,29660.0,364.2
13600.0,29660.0,363.6
10800.0,29680.0,400.6
10820.0,29680.0,401.0
10840.0,29680.0,401.3
10860.0,29680.0,401.6
10880.0,29680.0,401.8
10900.0,29680.0,402.0
10920.0,29680.0,402.1
10940.0,29680.0,402.2
10960.0,29680.0,402.2
10980.0,29680.0,402.1
11000.0,29680.0,402.0
11020.0,29680.0,401.8
11040.0,29680.0,401.5
11060.0,29680.0,401.2
11080.0,29680.0,400.7
11100.0,29680.0,400.3
11120.0,29680.0,399.7
11140.0,29680.0,399.1
11160.0,29680.0,398.4
11180.0,29680.0,397.7
11200.0,29680.0,396.9
11220.0,29680.0,396.0
11240.0,29680.0,395.1
11260.0,29680.0,394.1
11280.0,29680.0,393.1
11300.0,29680.0,392.1
11320.0,29680.0,391.0
11340.0,29680.0,389.8
11360.0,29680.0,388.6
11380.0,29680.0,387.4
11400.0,29680.0,386.2
11420.0,29680.0,385.0
11440.0,29680.0,383.7
11460.0,29680.0,382.4
11480.0,29680.0,381.1
11500.0,29680.0,379.9
11520.0,29680.0,378.6
11540.0,29680.0,377.3
11560.0,29680.0,376.1
11580.0,29680.0,374.8
11600.0,29680.0,373.6
11620.0,29680.0,372.5
11640.0,29680.0,371.3
11660.0,29680.0,370.2
11680.0,29680.0,369.1
11700.0,29680.0,368.1
11720.0,29680.0,367.1
11740.0,29680.0,366.2
11760.0,29680.0,365.4
11780.0,29680.0,364.6
11800.0,29680.0,363.8
11820.0,29680.0,363.1
11840.0,29680.0,362.5
11860.0,29680.0,362.0
11880.0,29680.0,361.5
11900.0,29680.0,361.2
11920.0,29680.0,360.8
11940.0,29680.0,360.6
11960.0,29680.0,360.4
11980.0,29680.0,360.4
12000.0,29680.0,360.3
12020.0,29680.0,360.4
12040.0,29680.0,360.5
12060.0,29680.0,360.8
12080.0,29680.0,361.0
12100.0,29680.0,361.4
12120.0,29680.0,361.8
12140.0,29680.0,362.3
12160.0,29680.0,362.9
12180.0,29680.0,363.5
12200.0,29680.0,364.1
12220.0,29680.0,364.9
12240.0,29680.0,365.6
12260.0,29680.0,366.4
12280.0,29680.0,367.3
12300.0,29680.0,368.2
12320.0,29680.0,369.1
12340.0,29680.0,370.1
12360.0,29680.0,371.0
12380.0,29680.0,372.0
12400.0,29680.0,373.0
12420.0,29680.0,374.0
12440.0,29680.0,375.0
12460.0,29680.0,376.0
12480.0,29680.0,377.0
12500.0,29680.0,378.0
12520.0,29680.0,379.0
12540.0,29680.0,380.0
12560.0,29680.0,380.9
12580.0,29680.0,381.8
12600.0,29680.0,382.6
12620.0,29680.0,383.4
12640.0,29680.0,384.2
12660.0,29680.0,384.9
12680.0,29680.0,385.6
12700.0,29680.0,386.2
12720.0,29680.0,386.7
12740.0,29680.0,387.2
12760.0,29680.0,387.6
12780.0,29680.0,388.0
12800.0,29680.0,388.3
12820.0,29680.0,388.5
12840.0,29680.0,388.6
12860.0,29680.0,388.7
12880.0,29680.0,388.7
12900.0,29680.0,388.7
12920.0,29680.0,388.5
12940.0,29680.0,388.3
12960.0,29680.0,388.1
12980.0,29680.0,387.7
13000.0,29680.0,387.3
13020.0,29680.0,386.8
13040.0,29680.0,386.3
13060.0,29680.0,385.7
13080.0,29680.0,385.1
13100.0,29680.0,384.4
13120.0,29680.0,383.7
13140.0,29680.0,382.9
13160.0,29680.0,382.1
13180.0,29680.0,381.3
13200.0,29680.0,380.4
13220.0,29680.0,379.5
13240.0,29680.0,378.6
13260.0,29680.0,377.6
13280.0,29680.0,376.7
13300.0,29680.0,375.7
13320.0,29680.0,374.7
13340.0,29680.0,373.8
13360.0,29680.0,372.8
13380.0,29680.0,371.9
13400.0,29680.0,371.0
13420.0,29680.0,370.0
13440.0,29680.0,369.2
13460.0,29680.0,368.3
13480.0,29680.0,367.5
13500.0,29680.0,366.7
13520.0,29680.0,365.9
13540.0,29680.0,365.2
13560.0,29680.0,364.5
13580.0,29680.0,363.9
13600.0,29680.0,363.3
10800.0,29700.0,401.1
10820.0,29700.0,401.5
10840.0,29700.0,401.8
10860.0,29700.0,402.1
10880.0,29700.0,402.4
10900.0,29700.0,402.5
10920.0,29700.0,402.6
10940.0,29700.0,402.7
10960.0,29700.0,402.7
10980.0,29700.0,402.6
11000.0,29700.0,402.4
11020.0,29700.0,402.2
11040.0,29700.0,401.9
11060.0,29700.0,401.6
11080.0,29700.0,401.1
11100.0,29700.0,400.6
11120.0,29700.0,400.1
11140.0,29700.0,399.4
11160.0,29700.0,398.7
11180.0,29700.0,398.0
11200.0,29700.0,397.2
11220.0,29700.0,396.3
11240.0,29700.0,395.3
11260.0,29700.0,394.3
11280.0,29700.0,393.3
11300.0,29700.0,392.2
11320.0,29700.0,391.1
11340.0,29700.0,389.9
11360.0,29700.0,388.7
11380.0,29700.0,387.4
11400.0,29700.0,386.2
11420.0,29700.0,384.9
11440.0,29700.0,383.6
11460.0,29700.0,382.3
11480.0,29700.0,381.0
11500.0,29700.0,379.7
11520.0,29700.0,378.4
11540.0,29700.0,377.1
11560.0,29700.0,375.8
11580.0,29700.0,374.5
11600.0,29700.0,373.3
11620.0,29700.0,372.1
11640.0,29700.0,370.9
11660.0,29700.0,369.8
11680.0,29700.0,368.7
11700.0,29700.0,367.6
11720.0,29700.0,366.6
11740.0,29700.0,365.7
11760.0,29700.0,364.8
11780.0,29700.0,364.0
11800.0,29700.0,363.2
11820.0,29700.0,362.5
11840.0,29700.0,361.9
11860.0,29700.0,361.4
11880.0,29700.0,360.9
11900.0,29700.0,360.5
11920.0,29700.0,360.1
11940.0,29700.0,359.9
11960.0,29700.0,359.7
11980.0,29700.0,359.6
12000.0,29700.0,359.6
12020.0,29700.0,359.6
12040.0,29700.0,359.8
12060.0,29700.0,360.0
12080.0,29700.0,360.2
12100.0,29700.0,360.6
12120.0,29700.0,361.0
12140.0,29700.0,361.5
12160.0,29700.0,362.0
12180.0,29700.0,362.6
12200.0,29700.0,363.3
12220.0,29700.0,364.0
12240.0,29700.0,364.8
12260.0,29700.0,365.6
12280.0,29700.0,366.4
12300.0,29700.0,367.3
12320.0,29700.0,368.2
12340.0,29700.0,369.2
12360.0,29700.0,370.2
12380.0,29700.0,371.1
12400.0,29700.0,372.1
12420.0,29700.0,373.2
12440.0,29700.0,374.2
12460.0,29700.0,375.2
12480.0,29700.0,376.2
12500.0,29700.0,377.2
12520.0,29700.0,378.2
12540.0,29700.0,379.1
12560.0,29700.0,380.0
12580.0,29700.0,380.9
12600.0,29700.0,381.8
12620.0,29700.0,382.6
12640.0,29700.0,383.4
12660.0,29700.0,384.1
12680.0,29700.0,384.8
12700.0,29700.0,385.4
12720.0,29700.0,386.0
12740.0,29700.0,386.5
12760.0,29700.0,386.9
12780.0,29700.0,387.3
12800.0,29700.0,387.6
12820.0,29700.0,387.8
12840.0,29700.0,388.0
12860.0,29700.0,388.1
12880.0,29700.0,388.1
12900.0,29700.0,388.1
12920.0,29700.0,388.0
12940.0,29700.0,387.8
12960.0,29700.0,387.5
12980.0,29700.0,387.2
13000.0,29700.0,386.8
13020.0,29700.0,386.4
13040.0,29700.0,385.9
13060.0,29700.0,385.3
13080.0,29700.0,384.7
13100.0,29700.0,384.0
13120.0,29700.0,383.3
13140.0,29700.0,382.5
13160.0,29700.0,381.7
13180.0,29700.0,380.9
13200.0,29700.0,380.1
13220.0,29700.0,379.2
13240.0,29700.0,378.3
13260.0,29700.0,377.3
13280.0,29700.0,376.4
13300.0,29700.0,375.4
13320.0,29700.0,374.5
13340.0,29700.0,373.5
13360.0,29700.0,372.6
13380.0,29700.0,371.6
13400.0,29700.0,370.7
13420.0,29700.0,369.8
13440.0,29700.0,368.9
13460.0,29700.0,368.1
13480.0,29700.0,367.3
13500.0,29700.0,366.5
13520.0,29700.0,365.7
13540.0,29700.0,365.0
13560.0,29700.0,364.3
13580.0,29700.0,363.7
13600.0,29700.0,363.1
10800.0,29720.0,401.6
10820.0,29720.0,402.0
10840.0,29720.0,402.3
10860.0,29720.0,402.6
10880.0,29720.0,402.8
10900.0,29720.0,403.0
10920.0,29720.0,403.1
10940.0,29720.0,403.1
10960.0,29720.0,403.1
10980.0,29720.0,403.0
11000.0,29720.0,402.9
11020.0,29720.0,402.6
11040.0,29720.0,402.3
11060.0,29720.0,401.9
11080.0,29720.0,401.5
11100.0,29720.0,401.0
11120.0,29720.0,400.4
11140.0,29720.0,399.7
11160.0,29720.0,399.0
11180.0,29720.0,398.2
11200.0,29720.0,397.4
11220.0,29720.0,396.5
11240.0,29720.0,395.5
11260.0,29720.0,394.5
11280.0,29720.0,393.4
11300.0,29720.0,392.3
11320.0,29720.0,391.1
11340.0,29720.0,389.9
11360.0,29720.0,388.7
11380.0,29720.0,387.4
11400.0,29720.0,386.2
11420.0,29720.0,384.9
11440.0,29720.0,383.5
11460.0,29720.0,382.2
11480.0,29720.0,380.9
11500.0,29720.0,379.5
11520.0,29720.0,378.2
11540.0,29720.0,376.9
11560.0,29720.0,375.6
11580.0,29720.0,374.3
11600.0,29720.0,373.0
11620.0,29720.0,371.8
11640.0,29720.0,370.6
11660.0,29720.0,369.4
11680.0,29720.0,368.3
11700.0,29720.0,367.2
11720.0,29720.0,366.2
11740.0,29720.0,365.2
11760.0,29720.0,364.3
11780.0,29720.0,363.5
11800.0,29720.0,362.7
11820.0,29720.0,362.0
11840.0,29720.0,361.3
11860.0,29720.0,360.8
11880.0,29720.0,360.3
11900.0,29720.0,359.8
11920.0,29720.0,359.5
11940.0,29720.0,359.2
11960.0,29720.0,359.0
11980.0,29720.0,358.9
12000.0,29720.0,358.9
12020.0,29720.0,358.9
12040.0,29720.0,359.0
12060.0,29720.0,359.2
12080.0,29720.0,359.5
12100.0,29720.0,359.8
12120.0,29720.0,360.2
12140.0,29720.0,360.7
12160.0,29720.0,361.2
12180.0,29720.0,361.8
12200.0,29720.0,362.5
12220.0,29720.0,363.2
12240.0,29720.0,364.0
12260.0,29720.0,364.8
12280.0,29720.0,365.6
12300.0,29720.0,366.5
12320.0,29720.0,367.4
12340.0,29720.0,368.4
12360.0,29720.0,369.3
12380.0,29720.0,370.3
12400.0,29720.0,371.3
12420.0,29720.0,372.3
12440.0,29720.0,373.4
12460.0,29720.0,374.4
12480.0,29720.0,375.4
12500.0,29720.0,376.4
12520.0,29720.0,377.4
12540.0,29720.0,378.3
12560.0,29720.0,379.2
12580.0,29720.0,380.1
12600.0,29720.0,381.0
12620.0,29720.0,381.8
12640.0,29720.0,382.6
12660.0,29720.0,383.4
12680.0,29720.0,384.0
12700.0,29720.0,384.7
12720.0,29720.0,385.2
12740.0,29720.0,385.8
12760.0,29720.0,386.2
12780.0,29720.0,386.6
12800.0,29720.0,386.9
12820.0,29720.0,387.2
12840.0,29720.0,387.3
12860.0,29720.0,387.5
12880.0,29720.0,387.5
12900.0,29720.0,387.5
12920.0,29720.0,387.4
12940.0,29720.0,387.2
12960.0,29720.0,387.0
12980.0,29720.0,386.7
13000.0,29720.0,386.3
13020.0,29720.0,385.9
13040.0,29720.0,385.4
13060.0,29720.0,384.8
13080.0,29720.0,384.2
13100.0,29720.0,383.6
13120.0,29720.0,382.9
13140.0,29720.0,382.2
13160.0,29720.0,381.4
13180.0,29720.0,380.6
13200.0,29720.0,379.7
13220.0,29720.0,378.8
13240.0,29720.0,377.9
13260.0,29720.0,377.0
13280.0,29720.0,376.1
13300.0,29720.0,375.2
13320.0,29720.0,374.2
13340.0,29720.0,373.3
13360.0,29720.0,372.3
13380.0,29720.0,371.4
13400.0,29720.0,370.5
13420.0,29720.0,369.6
13440.0,29720.0,368.7
13460.0,29720.0,367.9
13480.0,29720.0,367.0
13500.0,29720.0,366.2
13520.0,29720.0,365.5
13540.0,29720.0,364.8
13560.0,29720.0,364.1
13580.0,29720.0,363.4
13600.0,29720.0,362.8
10800.0,29740.0,402.1
10820.0,29740.0,402.4
10840.0,29740.0,402.8
10860.0,29740.0,403.0
10880.0,29740.0,403.3
10900.0,29740.0,403.4
10920.0,29740.0,403.5
10940.0,29740.0,403.6
10960.0,29740.0,403.5
10980.0,29740.0,403.4
11000.0,29740.0,403.2
11020.0,29740.0,403.0
11040.0,29740.0,402.7
11060.0,29740.0,402.3
11080.0,29740.0,401.8
11100.0,29740.0,401.3
11120.0,29740.0,400.7
11140.0,29740.0,400.0
11160.0,29740.0,399.3
11180.0,29740.0,398.5
11200.0,29740.0,397.6
11220.0,29740.0,396.7
11240.0,29740.0,395.7
11260.0,29740.0,394.6
11280.0,29740.0,393.5
11300.0,29740.0,392.4
11320.0,29740.0,391.2
11340.0,29740.0,390.0
11360.0,29740.0,388.7
11380.0,29740.0,387.4
11400.0,29740.0,386.1
11420.0,29740.0,384.8
11440.0,29740.0,383.4
11460.0,29740.0,382.1
11480.0,29740.0,380.7
11500.0,29740.0,379.4
11520.0,29740.0,378.0
11540.0,29740.0,376.6
11560.0,29740.0,375.3
11580.0,29740.0,374.0
11600.0,29740.0,372.7
11620.0,29740.0,371.5
11640.0,29740.0,370.2
11660.0,29740.0,369.0
11680.0,29740.0,367.9
11700.0,29740.0,366.8
11720.0,29740.0,365.8
11740.0,29740.0,364.8
11760.0,29740.0,363.9
11780.0,29740.0,363.0
11800.0,29740.0,362.2
11820.0,29740.0,361.5
11840.0,29740.0,360.8
11860.0,29740.0,360.2
11880.0,29740.0,359.7
11900.0,29740.0,359.3
11920.0,29740.0,358.9
11940.0,29740.0,358.6
11960.0,29740.0,358.4
11980.0,29740.0,358.3
12000.0,29740.0,358.2
12020.0,29740.0,358.3
12040.0,29740.0,358.4
12060.0,29740.0,358.5
12080.0,29740.0,358.8
12100.0,29740.0,359.1
12120.0,29740.0,359.5
12140.0,29740.0,360.0
12160.0,29740.0,360.5
12180.0,29740.0,361.1
12200.0,29740.0,361.7
12220.0,29740.0,362.4
12240.0,29740.0,363.2
12260.0,29740.0,364.0
12280.0,29740.0,364.8
12300.0,29740.0,365.7
12320.0,29740.0,366.6
12340.0,29740.0,367.6
12360.0,29740.0,368.6
12380.0,29740.0,369.5
12400.0,29740.0,370.5
12420.0,29740.0,371.6
12440.0,29740.0,372.6
12460.0,29740.0,373.6
12480.0,29740.0,374.6
12500.0,29740.0,375.6
12520.0,29740.0,376.6
12540.0,29740.0,377.5
12560.0,29740.0,378.5
12580.0,29740.0,379.4
12600.0,29740.0,380.2
12620.0,29740.0,381.1
12640.0,29740.0,381.9
12660.0,29740.0,382.6
12680.0,29740.0,383.3
12700.0,29740.0,383.9
12720.0,29740.0,384.5
12740.0,29740.0,385.0
12760.0,29740.0,385.5
12780.0,29740.0,385.9
12800.0,29740.0,386.2
12820.0,29740.0,386.5
12840.0,29740.0,386.7
12860.0,29740.0,386.8
12880.0,29740.0,386.9
12900.0,29740.0,386.9
12920.0,29740.0,386.8
12940.0,29740.0,386.6
12960.0,29740.0,386.4
12980.0,29740.0,386.1
13000.0,29740.0,385.8
13020.0,29740.0,385.4
13040.0,29740.0,384.9
13060.0,29740.0,384.4
13080.0,29740.0,383.8
13100.0,29740.0,383.2
13120.0,29740.0,382.5
13140.0,29740.0,381.8
13160.0,29740.0,381.0
13180.0,29740.0,380.2
13200.0,29740.0,379.4
13220.0,29740.0,378.5
13240.0,29740.0,377.6
13260.0,29740.0,376.7
13280.0,29740.0,375.8
13300.0,29740.0,374.9
13320.0,29740.0,373.9
13340.0,29740.0,373.0
13360.0,29740.0,372.1
13380.0,29740.0,371.2
13400.0,29740.0,370.3
13420.0,29740.0,369.4
13440.0,29740.0,368.5
13460.0,29740.0,367.6
13480.0,29740.0,366.8
13500.0,29740.0,366.0
13520.0,29740.0,365.3
13540.0,29740.0,364.5
13560.0,29740.0,363.9
13580.0,29740.0,363.2
13600.0,29740.0,362.6
10800.0,29760.0,402.5
10820.0,29760.0,402.8
10840.0,29760.0,403.2
10860.0,29760.0,403.4
10880.0,29760.0,403.7
10900.0,29760.0,403.8
10920.0,29760.0,403.9
10940.0,29760.0,403.9
10960.0,29760.0,403.9
10980.0,29760.0,403.8
11000.0,29760.0,403.6
11020.0,29760.0,403.3
11040.0,29760.0,403.0
11060.0,29760.0,402.6
11080.0,29760.0,402.1
11100.0,29760.0,401.6
11120.0,29760.0,400.9
11140.0,29760.0,400.3
11160.0,29760.0,399.5
11180.0,29760.0,398.7
11200.0,29760.0,397.8
11220.0,29760.0,396.8
11240.0,29760.0,395.8
11260.0,29760.0,394.8
11280.0,29760.0,393.6
11300.0,29760.0,392.5
11320.0,29760.0,391.3
11340.0,29760.0,390.0
11360.0,29760.0,388.7
11380.0,29760.0,387.4
11400.0,29760.0,386.1
11420.0,29760.0,384.7
11440.0,29760.0,383.4
11460.0,29760.0,382.0
11480.0,29760.0,380.6
11500.0,29760.0,379.2
11520.0,29760.0,377.8
11540.0,29760.0,376.4
11560.0,29760.0,375.1
11580.0,29760.0,373.8
11600.0,29760.0,372.4
11620.0,29760.0,371.2
11640.0,29760.0,369.9
11660.0,29760.0,368.7
11680.0,29760.0,367.6
11700.0,29760.0,366.4
11720.0,29760.0,365.4
11740.0,29760.0,364.4
11760.0,29760.0,363.4
11780.0,29760.0,362.6
11800.0,29760.0,361.7
11820.0,29760.0,361.0
11840.0,29760.0,360.3
11860.0,29760.0,359.7
11880.0,29760.0,359.2
11900.0,29760.0,358.7
11920.0,29760.0,358.4
11940.0,29760.0,358.1
11960.0,29760.0,357.8
11980.0,29760.0,357.7
12000.0,29760.0,357.6
12020.0,29760.0,357.7
12040.0,29760.0,357.8
12060.0,29760.0,357.9
12080.0,29760.0,358.2
12100.0,29760.0,358.5
12120.0,29760.0,358.9
12140.0,29760.0,359.3
12160.0,29760.0,359.8
12180.0,29760.0,360.4
12200.0,29760.0,361.1
12220.0,29760.0,361.8
12240.0,29760.0,362.5
12260.0,29760.0,363.3
12280.0,29760.0,364.1
12300.0,29760.0,365.0
12320.0,29760.0,365.9
12340.0,29760.0,366.9
12360.0,29760.0,367.8
12380.0,29760.0,368.8
12400.0,29760.0,369.8
12420.0,29760.0,370.8
12440.0,29760.0,371.8
12460.0,29760.0,372.8
12480.0,29760.0,373.8
12500.0,29760.0,374.8
12520.0,29760.0,375.8
12540.0,29760.0,376.8
12560.0,29760.0,377.7
12580.0,29760.0,378.6
12600.0,29760.0,379.5
12620.0,29760.0,380.3
12640.0,29760.0,381.1
12660.0,29760.0,381.9
12680.0,29760.0,382.6
12700.0,29760.0,383.2
12720.0,29760.0,383.8
12740.0,29760.0,384.3
12760.0,29760.0,384.8
12780.0,29760.0,385.2
12800.0,29760.0,385.5
12820.0,29760.0,385.8
12840.0,29760.0,386.0
12860.0,29760.0,386.2
12880.0,29760.0,386.2
12900.0,29760.0,386.2
12920.0,29760.0,386.2
12940.0,29760.0,386.0
12960.0,29760.0,385.8
12980.0,29760.0,385.6
13000.0,29760.0,385.2
13020.0,29760.0,384.8
13040.0,29760.0,384.4
13060.0,29760.0,383.9
13080.0,29760.0,383.3
13100.0,29760.0,382.7
13120.0,29760.0,382.0
13140.0,29760.0,381.3
13160.0,29760.0,380.6
13180.0,29760.0,379.8
13200.0,29760.0,379.0
13220.0,29760.0,378.2
13240.0,29760.0,377.3
13260.0,29760.0,376.4
13280.0,29760.0,375.5
13300.0,29760.0,374.6
13320.0,29760.0,373.7
13340.0,29760.0,372.8
13360.0,29760.0,371.8
13380.0,29760.0,370.9
13400.0,29760.0,370.0
13420.0,29760.0,369.1
13440.0,29760.0,368.3
13460.0,29760.0,367.4
13480.0,29760.0,366.6
13500.0,29760.0,365.8
13520.0,29760.0,365.1
13540.0,29760.0,364.3
13560.0,29760.0,363.7
13580.0,29760.0,363.0
13600.0,29760.0,362.4
10800.0,29780.0,402.8
10820.0,29780.0,403.2
10840.0,29780.0,403.5
10860.0,29780.0,403.8
10880.0,29780.0,404.0
10900.0,29780.0,404.1
10920.0,29780.0,404.2
10940.0,29780.0,404.2
10960.0,29780.0,404.2
10980.0,29780.0,404.1
11000.0,29780.0,403.9
11020.0,29780.0,403.6
11040.0,29780.0,403.3
11060.0,29780.0,402.9
11080.0,29780.0,402.4
11100.0,29780.0,401.8
11120.0,29780.0,401.2
11140.0,29780.0,400.5
11160.0,29780.0,399.7
11180.0,29780.0,398.8
11200.0,29780.0,397.9
11220.0,29780.0,397.0
11240.0,29780.0,395.9
11260.0,29780.0,394.8
11280.0,29780.0,393.7
11300.0,29780.0,392.5
11320.0,29780.0,391.3
11340.0,29780.0,390.0
11360.0,29780.0,388.7
11380.0,29780.0,387.4
11400.0,29780.0,386.0
11420.0,29780.0,384.7
11440.0,29780.0,383.3
11460.0,29780.0,381.9
11480.0,29780.0,380.5
11500.0,29780.0,379.0
11520.0,29780.0,377.6
11540.0,29780.0,376.2
11560.0,29780.0,374.9
11580.0,29780.0,373.5
11600.0,29780.0,372.2
11620.0,29780.0,370.9
11640.0,29780.0,369.6
11660.0,29780.0,368.4
11680.0,29780.0,367.2
11700.0,29780.0,366.1
11720.0,29780.0,365.0
11740.0,29780.0,364.0
11760.0,29780.0,363.0
11780.0,29780.0,362.1
11800.0,29780.0,361.3
11820.0,29780.0,360.6
11840.0,29780.0,359.9
11860.0,29780.0,359.3
11880.0,29780.0,358.7
11900.0,29780.0,358.2
11920.0,29780.0,357.9
11940.0,29780.0,357.6
11960.0,29780.0,357.3
11980.0,29780.0,357.2
12000.0,29780.0,357.1
12020.0,29780.0,357.1
12040.0,29780.0,357.2
12060.0,29780.0,357.4
12080.0,29780.0,357.6
12100.0,29780.0,357.9
12120.0,29780.0,358.3
12140.0,29780.0,358.7
12160.0,29780.0,359.2
12180.0,29780.0,359.8
12200.0,29780.0,360.4
12220.0,29780.0,361.1
12240.0,29780.0,361.9
12260.0,29780.0,362.6
12280.0,29780.0,363.5
12300.0,29780.0,364.3
12320.0,29780.0,365.2
12340.0,29780.0,366.2
12360.0,29780.0,367.1
12380.0,29780.0,368.1
12400.0,29780.0,369.1
12420.0,29780.0,370.1
12440.0,29780.0,371.1
12460.0,29780.0,372.1
12480.0,29780.0,373.1
12500.0,29780.0,374.1
12520.0,29780.0,375.1
12540.0,29780.0,376.1
12560.0,29780.0,377.0
12580.0,29780.0,377.9
12600.0,29780.0,378.8
12620.0,29780.0,379.6
12640.0,29780.0,380.4
12660.0,29780.0,381.2
12680.0,29780.0,381.9
12700.0,29780.0,382.5
12720.0,29780.0,383.1
12740.0,29780.0,383.6
12760.0,29780.0,384.1
12780.0,29780.0,384.5
12800.0,29780.0,384.9
12820.0,29780.0,385.2
12840.0,29780.0,385.4
12860.0,29780.0,385.5
12880.0,29780.0,385.6
12900.0,29780.0,385.6
12920.0,29780.0,385.6
12940.0,29780.0,385.4
12960.0,29780.0,385.2
12980.0,29780.0,385.0
13000.0,29780.0,384.7
13020.0,29780.0,384.3
13040.0,29780.0,383.9
13060.0,29780.0,383.4
13080.0,29780.0,382.8
13100.0,29780.0,382.2
13120.0,29780.0,381.6
13140.0,29780.0,380.9
13160.0,29780.0,380.2
13180.0,29780.0,379.4
13200.0,29780.0,378.6
13220.0,29780.0,377.8
13240.0,29780.0,376.9
13260.0,29780.0,376.1
13280.0,29780.0,375.2
13300.0,29780.0,374.3
13320.0,29780.0,373.4
13340.0,29780.0,372.5
13360.0,29780.0,371.6
13380.0,29780.0,370.7
13400.0,29780.0,369.8
13420.0,29780.0,368.9
13440.0,29780.0,368.1
13460.0,29780.0,367.2
13480.0,29780.0,366.4
13500.0,29780.0,365.6
13520.0,29780.0,364.9
13540.0,29780.0,364.2
13560.0,29780.0,363.5
13580.0,29780.0,362.8
13600.0,29780.0,362.2
10800.0,29800.0,403.1
10820.0,29800.0,403.5
10840.0,29800.0,403.8
10860.0,29800.0,404.1
10880.0,29800.0,404.3
10900.0,29800.0,404.4
10920.0,29800.0,404.5
10940.0,29800.0,404.5
10960.0,29800.0,404.5
10980.0,29800.0,404.3
11000.0,29800.0,404.1
11020.0,29800.0,403.8
11040.0,29800.0,403.5
11060.0,29800.0,403.1
11080.0,29800.0,402.6
11100.0,29800.0,402.0
11120.0,29800.0,401.3
11140.0,29800.0,400.6
11160.0,29800.0,399.8
11180.0,29800.0,399.0
11200.0,29800.0,398.0
11220.0,29800.0,397.1
11240.0,29800.0,396.0
11260.0,29800.0,394.9
11280.0,29800.0,393.8
11300.0,29800.0,392.6
11320.0,29800.0,391.3
11340.0,29800.0,390.0
11360.0,29800.0,388.7
11380.0,29800.0,387.4
11400.0,29800.0,386.0
11420.0,29800.0,384.6
11440.0,29800.0,383.2
11460.0,29800.0,381.7
11480.0,29800.0,380.3
11500.0,29800.0,378.9
11520.0,29800.0,377.5
11540.0,29800.0,376.1
11560.0,29800.0,374.7
11580.0,29800.0,373.3
11600.0,29800.0,372.0
11620.0,29800.0,370.6
11640.0,29800.0,369.4
11660.0,29800.0,368.1
11680.0,29800.0,366.9
11700.0,29800.0,365.8
11720.0,29800.0,364.7
11740.0,29800.0,363.7
11760.0,29800.0,362.7
11780.0,29800.0,361.8
11800.0,29800.0,360.9
11820.0,29800.0,360.2
11840.0,29800.0,359.5
11860.0,29800.0,358.8
11880.0,29800.0,358.3
11900.0,29800.0,357.8
11920.0,29800.0,357.4
11940.0,29800.0,357.1
11960.0,29800.0,356.9
11980.0,29800.0,356.7
12000.0,29800.0,356.6
12020.0,29800.0,356.6
12040.0,29800.0,356.7
12060.0,29800.0,356.8
12080.0,29800.0,357.1
12100.0,29800.0,357.4
12120.0,29800.0,357.7
12140.0,29800.0,358.2
12160.0,29800.0,358.7
12180.0,29800.0,359.2
12200.0,29800.0,359.9
12220.0,29800.0,360.5
12240.0,29800.0,361.3
12260.0,29800.0,362.1
12280.0,29800.0,362.9
12300.0,29800.0,363.7
12320.0,29800.0,364.6
12340.0,29800.0,365.6
12360.0,29800.0,366.5
12380.0,29800.0,367.5
12400.0,29800.0,368.5
12420.0,29800.0,369.5
12440.0,29800.0,370.5
12460.0,29800.0,371.5
12480.0,29800.0,372.5
12500.0,29800.0,373.4
12520.0,29800.0,374.4
12540.0,29800.0,375.4
12560.0,29800.0,376.3
12580.0,29800.0,377.2
12600.0,29800.0,378.1
12620.0,29800.0,378.9
12640.0,29800.0,379.7
12660.0,29800.0,380.5
12680.0,29800.0,381.2
12700.0,29800.0,381.8
12720.0,29800.0,382.4
12740.0,29800.0,382.9
12760.0,29800.0,383.4
12780.0,29800.0,383.8
12800.0,29800.0,384.2
12820.0,29800.0,384.5
12840.0,29800.0,384.7
12860.0,29800.0,384.9
12880.0,29800.0,385.0
12900.0,29800.0,385.0
12920.0,29800.0,384.9
12940.0,29800.0,384.8
12960.0,29800.0,384.7
12980.0,29800.0,384.4
13000.0,29800.0,384.1
13020.0,29800.0,383.8
13040.0,29800.0,383.3
13060.0,29800.0,382.9
13080.0,29800.0,382.3
13100.0,29800.0,381.7
13120.0,29800.0,381.1
13140.0,29800.0,380.5
13160.0,29800.0,379.7
13180.0,29800.0,379.0
13200.0,29800.0,378.2
13220.0,29800.0,377.4
13240.0,29800.0,376.6
13260.0,29800.0,375.7
13280.0,29800.0,374.9
13300.0,29800.0,374.0
13320.0,29800.0,373.1
13340.0,29800.0,372.2
13360.0,29800.0,371.3
13380.0,29800.0,370.4
13400.0,29800.0,369.6
13420.0,29800.0,368.7
13440.0,29800.0,367.9
13460.0,29800.0,367.0
13480.0,29800.0,366.2
13500.0,29800.0,365.5
13520.0,29800.0,364.7
13540.0,29800.0,364.0
13560.0,29800.0,363.3
13580.0,29800.0,362.7
13600.0,29800.0,362.1
10800.0,29820.0,403.4
10820.0,29820.0,403.7
10840.0,29820.0,404.1
10860.0,29820.0,404.3
10880.0,29820.0,404.5
10900.0,29820.0,404.7
10920.0,29820.0,404.7
10940.0,29820.0,404.7
10960.0,29820.0,404.7
10980.0,29820.0,404.5
11000.0,29820.0,404.3
11020.0,29820.0,404.0
11040.0,29820.0,403.7
11060.0,29820.0,403.2
11080.0,29820.0,402.7
11100.0,29820.0,402.1
11120.0,29820.0,401.5
11140.0,29820.0,400.7
11160.0,29820.0,399.9
11180.0,29820.0,399.1
11200.0,29820.0,398.1
11220.0,29820.0,397.1
11240.0,29820.0,396.1
11260.0,29820.0,395.0
11280.0,29820.0,393.8
11300.0,29820.0,392.6
11320.0,29820.0,391.3
11340.0,29820.0,390.0
11360.0,29820.0,388.7
11380.0,29820.0,387.3
11400.0,29820.0,385.9
11420.0,29820.0,384.5
11440.0,29820.0,383.1
11460.0,29820.0,381.6
11480.0,29820.0,380.2
11500.0,29820.0,378.7
11520.0,29820.0,377.3
11540.0,29820.0,375.9
11560.0,29820.0,374.5
11580.0,29820.0,373.1
11600.0,29820.0,371.7
11620.0,29820.0,370.4
11640.0,29820.0,369.1
11660.0,29820.0,367.9
11680.0,29820.0,366.7
11700.0,29820.0,365.5
11720.0,29820.0,364.4
11740.0,29820.0,363.4
11760.0,29820.0,362.4
11780.0,29820.0,361.5
11800.0,29820.0,360.6
11820.0,29820.0,359.8
11840.0,29820.0,359.1
11860.0,29820.0,358.5
11880.0,29820.0,357.9
11900.0,29820.0,357.4
11920.0,29820.0,357.0
11940.0,29820.0,356.7
11960.0,29820.0,356.5
11980.0,29820.0,356.3
12000.0,29820.0,356.2
12020.0,29820.0,356.2
12040.0,29820.0,356.3
12060.0,29820.0,356.4
12080.0,29820.0,356.6
12100.0,29820.0,356.9
12120.0,29820.0,357.3
12140.0,29820.0,357.7
12160.0,29820.0,358.2
12180.0,29820.0,358.7
12200.0,29820.0,359.4
12220.0,29820.0,360.0
12240.0,29820.0,360.7
12260.0,29820.0,361.5
12280.0,29820.0,362.3
12300.0,29820.0,363.2
12320.0,29820.0,364.1
12340.0,29820.0,365.0
12360.0,29820.0,365.9
12380.0,29820.0,366.9
12400.0,29820.0,367.9
12420.0,29820.0,368.9
12440.0,29820.0,369.8
12460.0,29820.0,370.8
12480.0,29820.0,371.8
12500.0,29820.0,372.8
12520.0,29820.0,373.8
12540.0,29820.0,374.7
12560.0,29820.0,375.6
12580.0,29820.0,376.5
12600.0,29820.0,377.4
12620.0,29820.0,378.2
12640.0,29820.0,379.0
12660.0,29820.0,379.8
12680.0,29820.0,380.5
12700.0,29820.0,381.1
12720.0,29820.0,381.7
12740.0,29820.0,382.3
12760.0,29820.0,382.7
12780.0,29820.0,383.2
12800.0,29820.0,383.5
12820.0,29820.0,383.8
12840.0,29820.0,384.0
12860.0,29820.0,384.2
12880.0,29820.0,384.3
12900.0,29820.0,384.3
12920.0,29820.0,384.3
12940.0,29820.0,384.2
12960.0,29820.0,384.0
12980.0,29820.0,383.8
13000.0,29820.0,383.5
13020.0,29820.0,383.2
13040.0,29820.0,382.8
13060.0,29820.0,382.3
13080.0,29820.0,381.8
13100.0,29820.0,381.3
13120.0,29820.0,380.6
13140.0,29820.0,380.0
13160.0,29820.0,379.3
13180.0,29820.0,378.6
13200.0,29820.0,377.8
13220.0,29820.0,377.0
13240.0,29820.0,376.2
13260.0,29820.0,375.4
13280.0,29820.0,374.5
13300.0,29820.0,373.7
13320.0,29820.0,372.8
13340.0,29820.0,371.9
13360.0,29820.0,371.1
13380.0,29820.0,370.2
13400.0,29820.0,369.3
13420.0,29820.0,368.5
13440.0,29820.0,367.7
13460.0,29820.0,366.9
13480.0,29820.0,366.1
13500.0,29820.0,365.3
13520.0,29820.0,364.6
13540.0,29820.0,363.9
13560.0,29820.0,363.2
13580.0,29820.0,362.6
13600.0,29820.0,362.0
10800.0,29840.0,403.6
10820.0,29840.0,403.9
10840.0,29840.0,404.2
10860.0,29840.0,404.5
10880.0,29840.0,404.7
10900.0,29840.0,404.8
10920.0,29840.0,404.9
10940.0,29840.0,404.9
10960.0,29840.0,404.8
10980.0,29840.0,404.7
11000.0,29840.0,404.5
11020.0,29840.0,404.2
11040.0,29840.0,403.8
11060.0,29840.0,403.4
11080.0,29840.0,402.8
11100.0,29840.0,402.2
11120.0,29840.0,401.6
11140.0,29840.0,400.8
11160.0,29840.0,400.0
11180.0,29840.0,399.1
11200.0,29840.0,398.2
11220.0,29840.0,397.2
11240.0,29840.0,396.1
11260.0,29840.0,395.0
11280.0,29840.0,393.8
11300.0,29840.0,392.5
11320.0,29840.0,391.3
11340.0,29840.0,390.0
11360.0,29840.0,388.6
11380.0,29840.0,387.2
11400.0,29840.0,385.8
11420.0,29840.0,384.4
11440.0,29840.0,383.0
11460.0,29840.0,381.5
11480.0,29840.0,380.0
11500.0,29840.0,378.6
11520.0,29840.0,377.1
11540.0,29840.0,375.7
11560.0,29840.0,374.3
11580.0,29840.0,372.9
11600.0,29840.0,371.5
11620.0,29840.0,370.2
11640.0,29840.0,368.9
11660.0,29840.0,367.6
11680.0,29840.0,366.4
11700.0,29840.0,365.2
11720.0,29840.0,364.1
11740.0,29840.0,363.1
11760.0,29840.0,362.1
11780.0,29840.0,361.2
11800.0,29840.0,360.3
11820.0,29840.0,359.5
11840.0,29840.0,358.8
11860.0,29840.0,358.2
11880.0,29840.0,357.6
11900.0,29840.0,357.1
11920.0,29840.0,356.7
11940.0,29840.0,356.4
11960.0,29840.0,356.1
11980.0,29840.0,355.9
12000.0,29840.0,355.8
12020.0,29840.0,355.8
12040.0,29840.0,355.9
12060.0,29840.0,356.0
12080.0,29840.0,356.2
12100.0,29840.0,356.5
12120.0,29840.0,356.8
12140.0,29840.0,357.3
12160.0,29840.0,357.8
12180.0,29840.0,358.3
12200.0,29840.0,358.9
12220.0,29840.0,359.6
12240.0,29840.0,360.3
12260.0,29840.0,361.0
12280.0,29840.0,361.8
12300.0,29840.0,362.7
12320.0,29840.0,363.6
12340.0,29840.0,364.5
12360.0,29840.0,365.4
12380.0,29840.0,366.3
12400.0,29840.0,367.3
12420.0,29840.0,368.3
12440.0,29840.0,369.3
12460.0,29840.0,370.3
12480.0,29840.0,371.2
12500.0,29840.0,372.2
12520.0,29840.0,373.2
12540.0,29840.0,374.1
12560.0,29840.0,375.0
12580.0,29840.0,375.9
12600.0,29840.0,376.8
12620.0,29840.0,377.6
12640.0,29840.0,378.4
12660.0,29840.0,379.1
12680.0,29840.0,379.8
12700.0,29840.0,380.5
12720.0,29840.0,381.0
12740.0,29840.0,381.6
12760.0,29840.0,382.1
12780.0,29840.0,382.5
12800.0,29840.0,382.9
12820.0,29840.0,383.1
12840.0,29840.0,383.4
12860.0,29840.0,383.6
12880.0,29840.0,383.7
12900.0,29840.0,383.7
12920.0,29840.0,383.7
12940.0,29840.0,383.6
12960.0,29840.0,383.4
12980.0,29840.0,383.2
13000.0,29840.0,382.9
13020.0,29840.0,382.6
13040.0,29840.0,382.2
13060.0,29840.0,381.8
13080.0,29840.0,381.3
13100.0,29840.0,380.7
13120.0,29840.0,380.2
13140.0,29840.0,379.5
13160.0,29840.0,378.8
13180.0,29840.0,378.1
13200.0,29840.0,377.4
13220.0,29840.0,376.6
13240.0,29840.0,375.8
13260.0,29840.0,375.0
13280.0,29840.0,374.2
13300.0,29840.0,373.4
13320.0,29840.0,372.5
13340.0,29840.0,371.7
13360.0,29840.0,370.8
13380.0,29840.0,370.0
13400.0,29840.0,369.1
13420.0,29840.0,368.3
13440.0,29840.0,367.5
13460.0,29840.0,366.7
13480.0,29840.0,365.9
13500.0,29840.0,365.2
13520.0,29840.0,364.4
13540.0,29840.0,363.7
13560.0,29840.0,363.1
13580.0,29840.0,362.4
13600.0,29840.0,361.8
10800.0,29860.0,403.7
10820.0,29860.0,404.1
10840.0,29860.0,404.4
10860.0,29860.0,404.7
10880.0,29860.0,404.9
10900.0,29860.0,405.0
10920.0,29860.0,405.0
10940.0,29860.0,405.0
10960.0,29860.0,405.0
10980.0,29860.0,404.8
11000.0,29860.0,404.6
11020.0,29860.0,404.3
11040.0,29860.0,403.9
11060.0,29860.0,403.4
11080.0,29860.0,402.9
11100.0,29860.0,402.3
11120.0,29860.0,401.6
11140.0,29860.0,400.9
11160.0,29860.0,400.0
11180.0,29860.0,399.1
11200.0,29860.0,398.2
11220.0,29860.0,397.2
11240.0,29860.0,396.1
11260.0,29860.0,394.9
11280.0,29860.0,393.7
11300.0,29860.0,392.5
11320.0,29860.0,391.2
11340.0,29860.0,389.9
11360.0,29860.0,388.5
11380.0,29860.0,387.1
11400.0,29860.0,385.7
11420.0,29860.0,384.3
11440.0,29860.0,382.8
11460.0,29860.0,381.4
11480.0,29860.0,379.9
11500.0,29860.0,378.4
11520.0,29860.0,377.0
11540.0,29860.0,375.5
11560.0,29860.0,374.1
11580.0,29860.0,372.7
11600.0,29860.0,371.3
11620.0,29860.0,370.0
11640.0,29860.0,368.7
11660.0,29860.0,367.4
11680.0,29860.0,366.2
11700.0,29860.0,365.0
11720.0,29860.0,363.9
11740.0,29860.0,362.8
11760.0,29860.0,361.8
11780.0,29860.0,360.9
11800.0,29860.0,360.0
11820.0,29860.0,359.3
11840.0,29860.0,358.5
11860.0,29860.0,357.9
11880.0,29860.0,357.3
11900.0,29860.0,356.8
11920.0,29860.0,356.4
11940.0,29860.0,356.1
11960.0,29860.0,355.8
11980.0,29860.0,355.6
12000.0,29860.0,355.5
12020.0,29860.0,355.5
12040.0,29860.0,355.5
12060.0,29860.0,355.7
12080.0,29860.0,355.9
12100.0,29860.0,356.1
12120.0,29860.0,356.5
12140.0,29860.0,356.9
12160.0,29860.0,357.4
12180.0,29860.0,357.9
12200.0,29860.0,358.5
12220.0,29860.0,359.2
12240.0,29860.0,359.9
12260.0,29860.0,360.6
12280.0,29860.0,361.4
12300.0,29860.0,362.2
12320.0,29860.0,363.1
12340.0,29860.0,364.0
12360.0,29860.0,364.9
12380.0,29860.0,365.8
12400.0,29860.0,366.8
12420.0,29860.0,367.8
12440.0,29860.0,368.7
12460.0,29860.0,369.7
12480.0,29860.0,370.7
12500.0,29860.0,371.6
12520.0,29860.0,372.6
12540.0,29860.0,373.5
12560.0,29860.0,374.4
12580.0,29860.0,375.3
12600.0,29860.0,376.1
12620.0,29860.0,377.0
12640.0,29860.0,377.7
12660.0,29860.0,378.5
12680.0,29860.0,379.2
12700.0,29860.0,379.8
12720.0,29860.0,380.4
12740.0,29860.0,380.9
12760.0,29860.0,381.4
12780.0,29860.0,381.8
12800.0,29860.0,382.2
12820.0,29860.0,382.5
12840.0,29860.0,382.7
12860.0,29860.0,382.9
12880.0,29860.0,383.0
12900.0,29860.0,383.1
12920.0,29860.0,383.0
12940.0,29860.0,383.0
12960.0,29860.0,382.8
12980.0,29860.0,382.6
13000.0,29860.0,382.4
13020.0,29860.0,382.0
13040.0,29860.0,381.7
13060.0,29860.0,381.2
13080.0,29860.0,380.7
13100.0,29860.0,380.2
13120.0,29860.0,379.6
13140.0,29860.0,379.0
13160.0,29860.0,378.4
13180.0,29860.0,377.7
13200.0,29860.0,377.0
13220.0,29860.0,376.2
13240.0,29860.0,375.5
13260.0,29860.0,374.7
13280.0,29860.0,373.9
13300.0,29860.0,373.0
13320.0,29860.0,372.2
13340.0,29860.0,371.4
13360.0,29860.0,370.5
13380.0,29860.0,369.7
13400.0,29860.0,368.9
13420.0,29860.0,368.1
13440.0,29860.0,367.3
13460.0,29860.0,366.5
13480.0,29860.0,365.8
13500.0,29860.0,365.0
13520.0,29860.0,364.3
13540.0,29860.0,363.6
13560.0,29860.0,363.0
13580.0,29860.0,362.4
13600.0,29860.0,361.8
10800.0,29880.0,403.8
10820.0,29880.0,404.2
10840.0,29880.0,404.5
10860.0,29880.0,404.7
10880.0,29880.0,404.9
10900.0,29880.0,405.1
10920.0,29880.0,405.1
10940.0,29880.0,405.1
10960.0,29880.0,405.0
10980.0,29880.0,404.9
11000.0,29880.0,404.6
11020.0,29880.0,404.3
11040.0,29880.0,403.9
11060.0,29880.0,403.5
11080.0,29880.0,402.9
11100.0,29880.0,402.3
11120.0,29880.0,401.6
11140.0,29880.0,400.9
11160.0,29880.0,400.0
11180.0,29880.0,399.1
11200.0,29880.0,398.2
11220.0,29880.0,397.1
11240.0,29880.0,396.0
11260.0,29880.0,394.9
11280.0,29880.0,393.7
11300.0,29880.0,392.4
11320.0,29880.0,391.1
11340.0,29880.0,389.8
11360.0,29880.0,388.4
11380.0,29880.0,387.0
11400.0,29880.0,385.6
11420.0,29880.0,384.2
11440.0,29880.0,382.7
11460.0,29880.0,381.2
11480.0,29880.0,379.8
11500.0,29880.0,378.3
11520.0,29880.0,376.8
11540.0,29880.0,375.4
11560.0,29880.0,373.9
11580.0,29880.0,372.5
11600.0,29880.0,371.1
11620.0,29880.0,369.8
11640.0,29880.0,368.5
11660.0,29880.0,367.2
11680.0,29880.0,366.0
11700.0,29880.0,364.8
11720.0,29880.0,363.7
11740.0,29880.0,362.6
11760.0,29880.0,361.6
11780.0,29880.0,360.7
11800.0,29880.0,359.8
11820.0,29880.0,359.0
11840.0,29880.0,358.3
11860.0,29880.0,357.6
11880.0,29880.0,357.1
11900.0,29880.0,356.6
11920.0,29880.0,356.2
11940.0,29880.0,355.8
11960.0,29880.0,355.5
11980.0,29880.0,355.4
12000.0,29880.0,355.3
12020.0,29880.0,355.2
12040.0,29880.0,355.3
12060.0,29880.0,355.4
12080.0,29880.0,355.6
12100.0,29880.0,355.9
12120.0,29880.0,356.2
12140.0,29880.0,356.6
12160.0,29880.0,357.1
12180.0,29880.0,357.6
12200.0,29880.0,358.2
12220.0,29880.0,358.8
12240.0,29880.0,359.5
12260.0,29880.0,360.2
12280.0,29880.0,361.0
12300.0,29880.0,361.8
12320.0,29880.0,362.7
12340.0,29880.0,363.6
12360.0,29880.0,364.5
12380.0,29880.0,365.4
12400.0,29880.0,366.3
12420.0,29880.0,367.3
12440.0,29880.0,368.2
12460.0,29880.0,369.2
12480.0,29880.0,370.2
12500.0,29880.0,371.1
12520.0,29880.0,372.0
12540.0,29880.0,373.0
12560.0,29880.0,373.9
12580.0,29880.0,374.7
12600.0,29880.0,375.6
12620.0,29880.0,376.4
12640.0,29880.0,377.1
12660.0,29880.0,377.9
12680.0,29880.0,378.5
12700.0,29880.0,379.2
12720.0,29880.0,379.7
12740.0,29880.0,380.3
12760.0,29880.0,380.8
12780.0,29880.0,381.2
12800.0,29880.0,381.5
12820.0,29880.0,381.8
12840.0,29880.0,382.1
12860.0,29880.0,382.2
12880.0,29880.0,382.4
12900.0,29880.0,382.4
12920.0,29880.0,382.4
12940.0,29880.0,382.3
12960.0,29880.0,382.2
12980.0,29880.0,382.0
13000.0,29880.0,381.7
13020.0,29880.0,381.4
13040.0,29880.0,381.1
13060.0,29880.0,380.7
13080.0,29880.0,380.2
13100.0,29880.0,379.7
13120.0,29880.0,379.1
13140.0,29880.0,378.5
13160.0,29880.0,377.9
13180.0,29880.0,377.2
13200.0,29880.0,376.5
13220.0,29880.0,375.8
13240.0,29880.0,375.1
13260.0,29880.0,374.3
13280.0,29880.0,373.5
13300.0,29880.0,372.7
13320.0,29880.0,371.9
13340.0,29880.0,371.1
13360.0,29880.0,370.3
13380.0,29880.0,369.5
13400.0,29880.0,368.7
13420.0,29880.0,367.9
13440.0,29880.0,367.1
13460.0,29880.0,366.3
13480.0,29880.0,365.6
13500.0,29880.0,364.9
13520.0,29880.0,364.2
13540.0,29880.0,363.5
13560.0,29880.0,362.9
13580.0,29880.0,362.3
13600.0,29880.0,361.7
10800.0,29900.0,403.9
10820.0,29900.0,404.2
10840.0,29900.0,404.5
10860.0,29900.0,404.8
10880.0,29900.0,405.0
10900.0,29900.0,405.1
10920.0,29900.0,405.2
10940.0,29900.0,405.1
10960.0,29900.0,405.0
10980.0,29900.0,404.9
11000.0,29900.0,404.6
11020.0,29900.0,404.3
11040.0,29900.0,403.9
11060.0,29900.0,403.5
11080.0,29900.0,402.9
11100.0,29900.0,402.3
11120.0,29900.0,401.6
11140.0,29900.0,400.8
11160.0,29900.0,400.0
11180.0,29900.0,399.1
11200.0,29900.0,398.1
11220.0,29900.0,397.0
11240.0,29900.0,395.9
11260.0,29900.0,394.8
11280.0,29900.0,393.6
11300.0,29900.0,392.3
11320.0,29900.0,391.0
11340.0,29900.0,389.7
11360.0,29900.0,388.3
11380.0,29900.0,386.9
11400.0,29900.0,385.5
11420.0,29900.0,384.0
11440.0,29900.0,382.6
11460.0,29900.0,381.1
11480.0,29900.0,379.6
11500.0,29900.0,378.1
11520.0,29900.0,376.7
11540.0,29900.0,375.2
11560.0,29900.0,373.8
11580.0,29900.0,372.4
11600.0,29900.0,371.0
11620.0,29900.0,369.6
11640.0,29900.0,368.3
11660.0,29900.0,367.0
11680.0,29900.0,365.8
11700.0,29900.0,364.6
11720.0,29900.0,363.5
11740.0,29900.0,362.4
11760.0,29900.0,361.4
11780.0,29900.0,360.5
11800.0,29900.0,359.6
11820.0,29900.0,358.8
11840.0,29900.0,358.1
11860.0,29900.0,357.5
11880.0,29900.0,356.9
11900.0,29900.0,356.4
11920.0,29900.0,356.0
11940.0,29900.0,355.6
11960.0,29900.0,355.3
11980.0,29900.0,355.2
12000.0,29900.0,355.0
12020.0,29900.0,355.0
12040.0,29900.0,355.0
12060.0,29900.0,355.2
12080.0,29900.0,355.4
12100.0,29900.0,355.6
12120.0,29900.0,355.9
12140.0,29900.0,356.3
12160.0,29900.0,356.8
12180.0,29900.0,357.3
12200.0,29900.0,357.9
12220.0,29900.0,358.5
12240.0,29900.0,359.2
12260.0,29900.0,359.9
12280.0,29900.0,360.7
12300.0,29900.0,361.5
12320.0,29900.0,362.3
12340.0,29900.0,363.2
12360.0,29900.0,364.1
12380.0,29900.0,365.0
12400.0,29900.0,365.9
12420.0,29900.0,366.9
12440.0,29900.0,367.8
12460.0,29900.0,368.7
12480.0,29900.0,369.7
12500.0,29900.0,370.6
12520.0,29900.0,371.5
12540.0,29900.0,372.4
12560.0,29900.0,373.3
12580.0,29900.0,374.2
12600.0,29900.0,375.0
12620.0,29900.0,375.8
12640.0,29900.0,376.5
12660.0,29900.0,377.3
12680.0,29900.0,377.9
12700.0,29900.0,378.5
12720.0,29900.0,379.1
12740.0,29900.0,379.6
12760.0,29900.0,380.1
12780.0,29900.0,380.5
12800.0,29900.0,380.9
12820.0,29900.0,381.2
12840.0,29900.0,381.4
12860.0,29900.0,381.6
12880.0,29900.0,381.7
12900.0,29900.0,381.8
12920.0,29900.0,381.7
12940.0,29900.0,381.7
12960.0,29900.0,381.6
12980.0,29900.0,381.4
13000.0,29900.0,381.1
13020.0,29900.0,380.8
13040.0,29900.0,380.5
13060.0,29900.0,380.1
13080.0,29900.0,379.6
13100.0,29900.0,379.1
13120.0,29900.0,378.6
13140.0,29900.0,378.0
13160.0,29900.0,377.4
13180.0,29900.0,376.8
13200.0,29900.0,376.1
13220.0,29900.0,375.4
13240.0,29900.0,374.7
13260.0,29900.0,373.9
13280.0,29900.0,373.2
13300.0,29900.0,372.4
13320.0,29900.0,371.6
13340.0,29900.0,370.8
13360.0,29900.0,370.0
13380.0,29900.0,369.2
13400.0,29900.0,368.5
13420.0,29900.0,367.7
13440.0,29900.0,366.9
13460.0,29900.0,366.2
13480.0,29900.0,365.5
13500.0,29900.0,364.8
13520.0,29900.0,364.1
13540.0,29900.0,363.4
13560.0,29900.0,362.8
13580.0,29900.0,362.2
13600.0,29900.0,361.7
10800.0,29920.0,403.9
10820.0,29920.0,404.2
10840.0,29920.0,404.5
10860.0,29920.0,404.8
10880.0,29920.0,405.0
10900.0,29920.0,405.1
10920.0,29920.0,405.1
10940.0,29920.0,405.1
10960.0,29920.0,405.0
10980.0,29920.0,404.8
11000.0,29920.0,404.6
11020.0,29920.0,404.3
11040.0,29920.0,403.9
11060.0,29920.0,403.4
11080.0,29920.0,402.8
11100.0,29920.0,402.2
11120.0,29920.0,401.5
11140.0,29920.0,400.7
11160.0,29920.0,399.9
11180.0,29920.0,399.0
11200.0,29920.0,398.0
11220.0,29920.0,396.9
11240.0,29920.0,395.8
11260.0,29920.0,394.7
11280.0,29920.0,393.5
11300.0,29920.0,392.2
11320.0,29920.0,390.9
11340.0,29920.0,389.5
11360.0,29920.0,388.2
11380.0,29920.0,386.8
11400.0,29920.0,385.3
11420.0,29920.0,383.9
11440.0,29920.0,382.4
11460.0,29920.0,380.9
11480.0,29920.0,379.4
11500.0,29920.0,378.0
11520.0,29920.0,376.5
11540.0,29920.0,375.1
11560.0,29920.0,373.6
11580.0,29920.0,372.2
11600.0,29920.0,370.8
11620.0,29920.0,369.5
11640.0,29920.0,368.1
11660.0,29920.0,366.9
11680.0,29920.0,365.7
11700.0,29920.0,364.5
11720.0,29920.0,363.4
11740.0,29920.0,362.3
11760.0,29920.0,361.3
11780.0,29920.0,360.4
11800.0,29920.0,359.5
11820.0,29920.0,358.7
11840.0,29920.0,358.0
11860.0,29920.0,357.3
11880.0,29920.0,356.7
11900.0,29920.0,356.2
11920.0,29920.0,355.8
11940.0,29920.0,355.5
11960.0,29920.0,355.2
11980.0,29920.0,355.0
12000.0,29920.0,354.9
12020.0,29920.0,354.8
12040.0,29920.0,354.9
12060.0,29920.0,355.0
12080.0,29920.0,355.2
12100.0,29920.0,355.4
12120.0,29920.0,355.8
12140.0,29920.0,356.1
12160.0,29920.0,356.6
12180.0,29920.0,357.1
12200.0,29920.0,357.7
12220.0,29920.0,358.3
12240.0,29920.0,359.0
12260.0,29920.0,359.7
12280.0,29920.0,360.4
12300.0,29920.0,361.2
12320.0,29920.0,362.0
12340.0,29920.0,362.9
12360.0,29920.0,363.8
12380.0,29920.0,364.6
12400.0,29920.0,365.6
12420.0,29920.0,366.5
12440.0,29920.0,367.4
12460.0,29920.0,368.3
12480.0,29920.0,369.2
12500.0,29920.0,370.2
12520.0,29920.0,371.1
12540.0,29920.0,371.9
12560.0,29920.0,372.8
12580.0,29920.0,373.6
12600.0,29920.0,374.5
12620.0,29920.0,375.2
12640.0,29920.0,376.0
12660.0,29920.0,376.7
12680.0,29920.0,377.3
12700.0,29920.0,377.9
12720.0,29920.0,378.5
12740.0,29920.0,379.0
12760.0,29920.0,379.5
12780.0,29920.0,379.9
12800.0,29920.0,380.2
12820.0,29920.0,380.5
12840.0,29920.0,380.8
12860.0,29920.0,380.9
12880.0,29920.0,381.0
12900.0,29920.0,381.1
12920.0,29920.0,381.1
12940.0,29920.0,381.0
12960.0,29920.0,380.9
12980.0,29920.0,380.7
13000.0,29920.0,380.5
13020.0,29920.0,380.2
13040.0,29920.0,379.9
13060.0,29920.0,379.5
13080.0,29920.0,379.1
13100.0,29920.0,378.6
13120.0,29920.0,378.1
13140.0,29920.0,377.5
13160.0,29920.0,376.9
13180.0,29920.0,376.3
13200.0,29920.0,375.6
13220.0,29920.0,375.0
13240.0,29920.0,374.3
13260.0,29920.0,373.5
13280.0,29920.0,372.8
13300.0,29920.0,372.0
13320.0,29920.0,371.3
13340.0,29920.0,370.5
13360.0,29920.0,369.8
13380.0,29920.0,369.0
13400.0,29920.0,368.2
13420.0,29920.0,367.5
13440.0,29920.0,366.8
13460.0,29920.0,366.1
13480.0,29920.0,365.4
13500.0,29920.0,364.7
13520.0,29920.0,364.0
13540.0,29920.0,363.4
13560.0,29920.0,362.8
13580.0,29920.0,362.2
13600.0,29920.0,361.7
10800.0,29940.0,403.8
10820.0,29940.0,404.2
10840.0,29940.0,404.5
10860.0,29940.0,404.7
10880.0,29940.0,404.9
10900.0,29940.0,405.0
10920.0,29940.0,405.0
10940.0,29940.0,405.0
10960.0,29940.0,404.9
10980.0,29940.0,404.7
11000.0,29940.0,404.5
11020.0,29940.0,404.2
11040.0,29940.0,403.8
11060.0,29940.0,403.3
11080.0,29940.0,402.7
11100.0,29940.0,402.1
11120.0,29940.0,401.4
11140.0,29940.0,400.6
11160.0,29940.0,399.7
11180.0,29940.0,398.8
11200.0,29940.0,397.8
11220.0,29940.0,396.8
11240.0,29940.0,395.7
11260.0,29940.0,394.5
11280.0,29940.0,393.3
11300.0,29940.0,392.0
11320.0,29940.0,390.7
11340.0,29940.0,389.4
11360.0,29940.0,388.0
11380.0,29940.0,386.6
11400.0,29940.0,385.2
11420.0,29940.0,383.7
11440.0,29940.0,382.2
11460.0,29940.0,380.8
11480.0,29940.0,379.3
11500.0,29940.0,377.8
11520.0,29940.0,376.3
11540.0,29940.0,374.9
11560.0,29940.0,373.5
11580.0,29940.0,372.0
11600.0,29940.0,370.7
11620.0,29940.0,369.3
11640.0,29940.0,368.0
11660.0,29940.0,366.7
11680.0,29940.0,365.5
11700.0,29940.0,364.3
11720.0,29940.0,363.2
11740.0,29940.0,362.2
11760.0,29940.0,361.2
11780.0,29940.0,360.2
11800.0,29940.0,359.4
11820.0,29940.0,358.6
11840.0,29940.0,357.9
11860.0,29940.0,357.2
11880.0,29940.0,356.6
11900.0,29940.0,356.1
11920.0,29940.0,355.7
11940.0,29940.0,355.4
11960.0,29940.0,355.1
11980.0,29940.0,354.9
12000.0,29940.0,354.8
12020.0,29940.0,354.7
12040.0,29940.0,354.8
12060.0,29940.0,354.9
12080.0,29940.0,355.1
12100.0,29940.0,355.3
12120.0,29940.0,355.6
12140.0,29940.0,356.0
12160.0,29940.0,356.4
12180.0,29940.0,356.9
12200.0,29940.0,357.5
12220.0,29940.0,358.1
12240.0,29940.0,358.8
12260.0,29940.0,359.5
12280.0,29940.0,360.2
12300.0,29940.0,361.0
12320.0,29940.0,361.8
12340.0,29940.0,362.6
12360.0,29940.0,363.5
12380.0,29940.0,364.3
12400.0,29940.0,365.2
12420.0,29940.0,366.1
12440.0,29940.0,367.0
12460.0,29940.0,367.9
12480.0,29940.0,368.9
12500.0,29940.0,369.7
12520.0,29940.0,370.6
12540.0,29940.0,371.5
12560.0,29940.0,372.3
12580.0,29940.0,373.2
12600.0,29940.0,373.9
12620.0,29940.0,374.7
12640.0,29940.0,375.4
12660.0,29940.0,376.1
12680.0,29940.0,376.8
12700.0,29940.0,377.4
12720.0,29940.0,377.9
12740.0,29940.0,378.4
12760.0,29940.0,378.9
12780.0,29940.0,379.3
12800.0,29940.0,379.6
12820.0,29940.0,379.9
12840.0,29940.0,380.1
12860.0,29940.0,380.3
12880.0,29940.0,380.4
12900.0,29940.0,380.5
12920.0,29940.0,380.5
12940.0,29940.0,380.4
12960.0,29940.0,380.3
12980.0,29940.0,380.1
13000.0,29940.0,379.9
13020.0,29940.0,379.6
13040.0,29940.0,379.3
13060.0,29940.0,378.9
13080.0,29940.0,378.5
13100.0,29940.0,378.0
13120.0,29940.0,377.5
13140.0,29940.0,377.0
13160.0,29940.0,376.4
13180.0,29940.0,375.8
13200.0,29940.0,375.2
13220.0,29940.0,374.5
13240.0,29940.0,373.8
13260.0,29940.0,373.1
13280.0,29940.0,372.4
13300.0,29940.0,371.7
13320.0,29940.0,371.0
13340.0,29940.0,370.2
13360.0,29940.0,369.5
13380.0,29940.0,368.8
13400.0,29940.0,368.0
13420.0,29940.0,367.3
13440.0,29940.0,366.6
13460.0,29940.0,365.9
13480.0,29940.0,365.2
13500.0,29940.0,364.6
13520.0,29940.0,364.0
13540.0,29940.0,363.3
13560.0,29940.0,362.8
13580.0,29940.0,362.2
13600.0,29940.0,361.7
10800.0,29960.0,403.7
10820.0,29960.0,404.1
10840.0,29960.0,404.4
10860.0,29960.0,404.6
10880.0,29960.0,404.8
10900.0,29960.0,404.9
10920.0,29960.0,404.9
10940.0,29960.0,404.9
10960.0,29960.0,404.8
10980.0,29960.0,404.6
11000.0,29960.0,404.3
11020.0,29960.0,404.0
11040.0,29960.0,403.6
11060.0,29960.0,403.1
11080.0,29960.0,402.6
11100.0,29960.0,401.9
11120.0,29960.0,401.2
11140.0,29960.0,400.4
11160.0,29960.0,399.6
11180.0,29960.0,398.6
11200.0,29960.0,397.7
11220.0,29960.0,396.6
11240.0,29960.0,395.5
11260.0,29960.0,394.3
11280.0,29960.0,393.1
11300.0,29960.0,391.8
11320.0,29960.0,390.5
11340.0,29960.0,389.2
11360.0,29960.0,387.8
11380.0,29960.0,386.4
11400.0,29960.0,385.0
11420.0,29960.0,383.5
11440.0,29960.0,382.1
11460.0,29960.0,380.6
11480.0,29960.0,379.1
11500.0,29960.0,377.6
11520.0,29960.0,376.2
11540.0,29960.0,374.7
11560.0,29960.0,373.3
11580.0,29960.0,371.9
11600.0,29960.0,370.5
11620.0,29960.0,369.2
11640.0,29960.0,367.9
11660.0,29960.0,366.6
11680.0,29960.0,365.4
11700.0,29960.0,364.2
11720.0,29960.0,363.1
11740.0,29960.0,362.1
11760.0,29960.0,361.1
11780.0,29960.0,360.2
11800.0,29960.0,359.3
11820.0,29960.0,358.5
11840.0,29960.0,357.8
11860.0,29960.0,357.1
11880.0,29960.0,356.6
11900.0,29960.0,356.1
11920.0,29960.0,355.6
11940.0,29960.0,355.3
11960.0,29960.0,355.0
11980.0,29960.0,354.8
12000.0,29960.0,354.7
12020.0,29960.0,354.7
12040.0,29960.0,354.7
12060.0,29960.0,354.8
12080.0,29960.0,355.0
12100.0,29960.0,355.2
12120.0,29960.0,355.5
12140.0,29960.0,355.9
12160.0,29960.0,356.3
12180.0,29960.0,356.8
12200.0,29960.0,357.4
12220.0,29960.0,358.0
12240.0,29960.0,358.6
12260.0,29960.0,359.3
12280.0,29960.0,360.0
12300.0,29960.0,360.8
12320.0,29960.0,361.6
12340.0,29960.0,362.4
12360.0,29960.0,363.2
12380.0,29960.0,364.1
12400.0,29960.0,365.0
12420.0,29960.0,365.8
12440.0,29960.0,366.7
12460.0,29960.0,367.6
12480.0,29960.0,368.5
12500.0,29960.0,369.4
12520.0,29960.0,370.2
12540.0,29960.0,371.1
12560.0,29960.0,371.9
12580.0,29960.0,372.7
12600.0,29960.0,373.5
12620.0,29960.0,374.2
12640.0,29960.0,374.9
12660.0,29960.0,375.6
12680.0,29960.0,376.2
12700.0,29960.0,376.8
12720.0,29960.0,377.3
12740.0,29960.0,377.8
12760.0,29960.0,378.3
12780.0,29960.0,378.6
12800.0,29960.0,379.0
12820.0,29960.0,379.3
12840.0,29960.0,379.5
12860.0,29960.0,379.6
12880.0,29960.0,379.8
12900.0,29960.0,379.8
12920.0,29960.0,379.8
12940.0,29960.0,379.8
12960.0,29960.0,379.6
12980.0,29960.0,379.5
13000.0,29960.0,379.3
13020.0,29960.0,379.0
13040.0,29960.0,378.7
13060.0,29960.0,378.3
13080.0,29960.0,377.9
13100.0,29960.0,377.5
13120.0,29960.0,377.0
13140.0,29960.0,376.5
13160.0,29960.0,375.9
13180.0,29960.0,375.3
13200.0,29960.0,374.7
13220.0,29960.0,374.1
13240.0,29960.0,373.4
13260.0,29960.0,372.8
13280.0,29960.0,372.1
13300.0,29960.0,371.4
13320.0,29960.0,370.7
13340.0,29960.0,370.0
13360.0,29960.0,369.2
13380.0,29960.0,368.5
13400.0,29960.0,367.8
13420.0,29960.0,367.1
13440.0,29960.0,366.5
13460.0,29960.0,365.8
13480.0,29960.0,365.1
13500.0,29960.0,364.5
13520.0,29960.0,363.9
13540.0,29960.0,363.3
13560.0,29960.0,362.8
13580.0,29960.0,362.2
13600.0,29960.0,361.7
10800.0,29980.0,403.6
10820.0,29980.0,403.9
10840.0,29980.0,404.2
10860.0,29980.0,404.4
10880.0,29980.0,404.6
10900.0,29980.0,404.7
10920.0,29980.0,404.7
10940.0,29980.0,404.7
10960.0,29980.0,404.6
10980.0,29980.0,404.4
11000.0,29980.0,404.2
11020.0,29980.0,403.8
11040.0,29980.0,403.4
11060.0,29980.0,402.9
11080.0,29980.0,402.3
11100.0,29980.0,401.7
11120.0,29980.0,401.0
11140.0,29980.0,400.2
11160.0,29980.0,399.3
11180.0,29980.0,398.4
11200.0,29980.0,397.4
11220.0,29980.0,396.4
11240.0,29980.0,395.3
11260.0,29980.0,394.1
11280.0,29980.0,392.9
11300.0,29980.0,391.6
11320.0,29980.0,390.3
11340.0,29980.0,389.0
11360.0,29980.0,387.6
11380.0,29980.0,386.2
11400.0,29980.0,384.8
11420.0,29980.0,383.3
11440.0,29980.0,381.9
11460.0,29980.0,380.4
11480.0,29980.0,378.9
11500.0,29980.0,377.5
11520.0,29980.0,376.0
11540.0,29980.0,374.6
11560.0,29980.0,373.2
11580.0,29980.0,371.8
11600.0,29980.0,370.4
11620.0,29980.0,369.1
11640.0,29980.0,367.8
11660.0,29980.0,366.5
11680.0,29980.0,365.3
11700.0,29980.0,364.1
11720.0,29980.0,363.0
11740.0,29980.0,362.0
11760.0,29980.0,361.0
11780.0,29980.0,360.1
11800.0,29980.0,359.2
11820.0,29980.0,358.5
11840.0,29980.0,357.7
11860.0,29980.0,357.1
11880.0,29980.0,356.5
11900.0,29980.0,356.0
11920.0,29980.0,355.6
11940.0,29980.0,355.3
11960.0,29980.0,355.0
11980.0,29980.0,354.8
12000.0,29980.0,354.7
12020.0,29980.0,354.7
12040.0,29980.0,354.7
12060.0,29980.0,354.8
12080.0,29980.0,355.0
12100.0,29980.0,355.2
12120.0,29980.0,355.5
12140.0,29980.0,355.9
12160.0,29980.0,356.3
12180.0,29980.0,356.8
12200.0,29980.0,357.3
12220.0,29980.0,357.9
12240.0,29980.0,358.5
12260.0,29980.0,359.2
12280.0,29980.0,359.9
12300.0,29980.0,360.6
12320.0,29980.0,361.4
12340.0,29980.0,362.2
12360.0,29980.0,363.0
12380.0,29980.0,363.9
12400.0,29980.0,364.7
12420.0,29980.0,365.6
12440.0,29980.0,366.4
12460.0,29980.0,367.3
12480.0,29980.0,368.2
12500.0,29980.0,369.0
12520.0,29980.0,369.9
12540.0,29980.0,370.7
12560.0,29980.0,371.5
12580.0,29980.0,372.3
12600.0,29980.0,373.0
12620.0,29980.0,373.7
12640.0,29980.0,374.4
12660.0,29980.0,375.1
12680.0,29980.0,375.7
12700.0,29980.0,376.2
12720.0,29980.0,376.8
12740.0,29980.0,377.2
12760.0,29980.0,377.7
12780.0,29980.0,378.0
12800.0,29980.0,378.4
12820.0,29980.0,378.6
12840.0,29980.0,378.8
12860.0,29980.0,379.0
12880.0,29980.0,379.1
12900.0,29980.0,379.2
12920.0,29980.0,379.2
12940.0,29980.0,379.1
12960.0,29980.0,379.0
12980.0,29980.0,378.8
13000.0,29980.0,378.6
13020.0,29980.0,378.4
13040.0,29980.0,378.1
13060.0,29980.0,377.7
13080.0,29980.0,377.3
13100.0,29980.0,376.9
13120.0,29980.0,376.4
13140.0,29980.0,375.9
13160.0,29980.0,375.4
13180.0,29980.0,374.8
13200.0,29980.0,374.3
13220.0,29980.0,373.6
13240.0,29980.0,373.0
13260.0,29980.0,372.4
13280.0,29980.0,371.7
13300.0,29980.0,371.0
13320.0,29980.0,370.3
13340.0,29980.0,369.7
13360.0,29980.0,369.0
13380.0,29980.0,368.3
13400.0,29980.0,367.6
13420.0,29980.0,367.0
13440.0,29980.0,366.3
13460.0,29980.0,365.7
13480.0,29980.0,365.1
13500.0,29980.0,364.5
13520.0,29980.0,363.9
13540.0,29980.0,363.3
13560.0,29980.0,362.8
13580.0,29980.0,362.3
13600.0,29980.0,361.8
10800.0,30000.0,403.4
10820.0,30000.0,403.7
10840.0,30000.0,404.0
10860.0,30000.0,404.2
10880.0,30000.0,404.4
10900.0,30000.0,404.5
10920.0,30000.0,404.5
10940.0,30000.0,404.5
10960.0,30000.0,404.4
10980.0,30000.0,404.2
11000.0,30000.0,403.9
11020.0,30000.0,403.6
11040.0,30000.0,403.1
11060.0,30000.0,402.7
11080.0,30000.0,402.1
11100.0,30000.0,401.4
11120.0,30000.0,400.7
11140.0,30000.0,399.9
11160.0,30000.0,399.1
11180.0,30000.0,398.2
11200.0,30000.0,397.2
11220.0,30000.0,396.1
11240.0,30000.0,395.0
11260.0,30000.0,393.8
11280.0,30000.0,392.6
11300.0,30000.0,391.4
11320.0,30000.0,390.1
11340.0,30000.0,388.7
11360.0,30000.0,387.4
11380.0,30000.0,386.0
11400.0,30000.0,384.5
11420.0,30000.0,383.1
11440.0,30000.0,381.7
11460.0,30000.0,380.2
11480.0,30000.0,378.7
11500.0,30000.0,377.3
11520.0,30000.0,375.8
11540.0,30000.0,374.4
11560.0,30000.0,373.0
11580.0,30000.0,371.6
11600.0,30000.0,370.3
11620.0,30000.0,368.9
11640.0,30000.0,367.7
11660.0,30000.0,366.4
11680.0,30000.0,365.2
11700.0,30000.0,364.1
11720.0,30000.0,363.0
11740.0,30000.0,361.9
11760.0,30000.0,361.0
11780.0,30000.0,360.1
11800.0,30000.0,359.2
11820.0,30000.0,358.5
11840.0,30000.0,357.7
11860.0,30000.0,357.1
11880.0,30000.0,356.6
11900.0,30000.0,356.1
11920.0,30000.0,355.7
11940.0,30000.0,355.3
11960.0,30000.0,355.1
11980.0,30000.0,354.9
12000.0,30000.0,354.7
12020.0,30000.0,354.7
12040.0,30000.0,354.7
12060.0,30000.0,354.8
12080.0,30000.0,355.0
12100.0,30000.0,355.2
12120.0,30000.0,355.5
12140.0,30000.0,355.9
12160.0,30000.0,356.3
12180.0,30000.0,356.8
12200.0,30000.0,357.3
12220.0,30000.0,357.9
12240.0,30000.0,358.5
12260.0,30000.0,359.1
12280.0,30000.0,359.8
12300.0,30000.0,360.5
12320.0,30000.0,361.3
12340.0,30000.0,362.1
12360.0,30000.0,362.9
12380.0,30000.0,363.7
12400.0,30000.0,364.5
12420.0,30000.0,365.4
12440.0,30000.0,366.2
12460.0,30000.0,367.0
12480.0,30000.0,367.9
12500.0,30000.0,368.7
12520.0,30000.0,369.5
12540.0,30000.0,370.3
12560.0,30000.0,371.1
12580.0,30000.0,371.9
12600.0,30000.0,372.6
12620.0,30000.0,373.3
12640.0,30000.0,374.0
12660.0,30000.0,374.6
12680.0,30000.0,375.2
12700.0,30000.0,375.7
12720.0,30000.0,376.2
12740.0,30000.0,376.7
12760.0,30000.0,377.1
12780.0,30000.0,377.4
12800.0,30000.0,377.8
12820.0,30000.0,378.0
12840.0,30000.0,378.2
12860.0,30000.0,378.4
12880.0,30000.0,378.5
12900.0,30000.0,378.5
12920.0,30000.0,378.5
12940.0,30000.0,378.5
12960.0,30000.0,378.4
12980.0,30000.0,378.2
13000.0,30000.0,378.0
13020.0,30000.0,377.8
13040.0,30000.0,377.5
13060.0,30000.0,377.1
13080.0,30000.0,376.8
13100.0,30000.0,376.3
13120.0,30000.0,375.9
13140.0,30000.0,375.4
13160.0,30000.0,374.9
13180.0,30000.0,374.3
13200.0,30000.0,373.8
13220.0,30000.0,373.2
13240.0,30000.0,372.6
13260.0,30000.0,372.0
13280.0,30000.0,371.3
13300.0,30000.0,370.7
13320.0,30000.0,370.0
13340.0,30000.0,369.4
13360.0,30000.0,368.7
13380.0,30000.0,368.1
13400.0,30000.0,367.4
13420.0,30000.0,366.8
13440.0,30000.0,366.2
13460.0,30000.0,365.6
13480.0,30000.0,365.0
13500.0,30000.0,364.4
13520.0,30000.0,363.8
13540.0,30000.0,363.3
13560.0,30000.0,362.8
13580.0,30000.0,362.3
13600.0,30000.0,361.9
10800.0,30020.0,403.2
10820.0,30020.0,403.5
10840.0,30020.0,403.8
10860.0,30020.0,404.0
10880.0,30020.0,404.1
10900.0,30020.0,404.2
10920.0,30020.0,404.3
10940.0,30020.0,404.2
10960.0,30020.0,404.1
10980.0,30020.0,403.9
11000.0,30020.0,403.6
11020.0,30020.0,403.3
11040.0,30020.0,402.9
11060.0,30020.0,402.4
11080.0,30020.0,401.8
11100.0,30020.0,401.1
11120.0,30020.0,400.4
11140.0,30020.0,399.6
11160.0,30020.0,398.8
11180.0,30020.0,397.9
11200.0,30020.0,396.9
11220.0,30020.0,395.8
11240.0,30020.0,394.7
11260.0,30020.0,393.6
11280.0,30020.0,392.3
11300.0,30020.0,391.1
11320.0,30020.0,389.8
11340.0,30020.0,388.5
11360.0,30020.0,387.1
11380.0,30020.0,385.7
11400.0,30020.0,384.3
11420.0,30020.0,382.9
11440.0,30020.0,381.4
11460.0,30020.0,380.0
11480.0,30020.0,378.5
11500.0,30020.0,377.1
11520.0,30020.0,375.7
11540.0,30020.0,374.3
11560.0,30020.0,372.9
11580.0,30020.0,371.5
11600.0,30020.0,370.1
11620.0,30020.0,368.8
11640.0,30020.0,367.6
11660.0,30020.0,366.3
11680.0,30020.0,365.1
11700.0,30020.0,364.0
11720.0,30020.0,362.9
11740.0,30020.0,361.9
11760.0,30020.0,361.0
11780.0,30020.0,360.1
11800.0,30020.0,359.2
11820.0,30020.0,358.5
11840.0,30020.0,357.8
11860.0,30020.0,357.2
11880.0,30020.0,356.6
11900.0,30020.0,356.1
11920.0,30020.0,355.7
11940.0,30020.0,355.4
11960.0,30020.0,355.1
11980.0,30020.0,354.9
12000.0,30020.0,354.8
12020.0,30020.0,354.8
12040.0,30020.0,354.8
12060.0,30020.0,354.9
12080.0,30020.0,355.1
12100.0,30020.0,355.3
12120.0,30020.0,355.6
12140.0,30020.0,355.9
12160.0,30020.0,356.3
12180.0,30020.0,356.8
12200.0,30020.0,357.3
12220.0,30020.0,357.9
12240.0,30020.0,358.5
12260.0,30020.0,359.1
12280.0,30020.0,359.8
12300.0,30020.0,360.5
12320.0,30020.0,361.2
12340.0,30020.0,362.0
12360.0,30020.0,362.8
12380.0,30020.0,363.6
12400.0,30020.0,364.4
12420.0,30020.0,365.2
12440.0,30020.0,366.0
12460.0,30020.0,366.8
12480.0,30020.0,367.6
12500.0,30020.0,368.4
12520.0,30020.0,369.2
12540.0,30020.0,370.0
12560.0,30020.0,370.8
12580.0,30020.0,371.5
12600.0,30020.0,372.2
12620.0,30020.0,372.9
12640.0,30020.0,373.5
12660.0,30020.0,374.1
12680.0,30020.0,374.7
12700.0,30020.0,375.2
12720.0,30020.0,375.7
12740.0,30020.0,376.1
12760.0,30020.0,376.5
12780.0,30020.0,376.9
12800.0,30020.0,377.2
12820.0,30020.0,377.4
12840.0,30020.0,377.6
12860.0,30020.0,377.8
12880.0,30020.0,377.9
12900.0,30020.0,377.9
12920.0,30020.0,377.9
12940.0,30020.0,377.8
12960.0,30020.0,377.7
12980.0,30020.0,377.6
13000.0,30020.0,377.4
13020.0,30020.0,377.1
13040.0,30020.0,376.9
13060.0,30020.0,376.5
13080.0,30020.0,376.2
13100.0,30020.0,375.8
13120.0,30020.0,375.3
13140.0,30020.0,374.9
13160.0,30020.0,374.4
13180.0,30020.0,373.9
13200.0,30020.0,373.3
13220.0,30020.0,372.8
13240.0,30020.0,372.2
13260.0,30020.0,371.6
13280.0,30020.0,371.0
13300.0,30020.0,370.4
13320.0,30020.0,369.7
13340.0,30020.0,369.1
13360.0,30020.0,368.5
13380.0,30020.0,367.9
13400.0,30020.0,367.3
13420.0,30020.0,366.7
13440.0,30020.0,366.1
13460.0,30020.0,365.5
13480.0,30020.0,364.9
13500.0,30020.0,364.4
13520.0,30020.0,363.8
13540.0,30020.0,363.3
13560.0,30020.0,362.9
13580.0,30020.0,362.4
13600.0,30020.0,362.0
10800.0,30040.0,402.9
10820.0,30040.0,403.2
10840.0,30040.0,403.5
10860.0,30040.0,403.7
10880.0,30040.0,403.9
10900.0,30040.0,403.9
10920.0,30040.0,403.9
10940.0,30040.0,403.9
10960.0,30040.0,403.8
10980.0,30040.0,403.6
11000.0,30040.0,403.3
11020.0,30040.0,402.9
11040.0,30040.0,402.5
11060.0,30040.0,402.0
11080.0,30040.0,401.4
11100.0,30040.0,400.8
11120.0,30040.0,400.1
11140.0,30040.0,399.3
11160.0,30040.0,398.4
11180.0,30040.0,397.5
11200.0,30040.0,396.5
11220.0,30040.0,395.5
11240.0,30040.0,394.4
11260.0,30040.0,393.2
11280.0,30040.0,392.0
11300.0,30040.0,390.8
11320.0,30040.0,389.5
11340.0,30040.0,388.2
11360.0,30040.0,386.8
11380.0,30040.0,385.4
11400.0,30040.0,384.0
11420.0,30040.0,382.6
11440.0,30040.0,381.2
11460.0,30040.0,379.8
11480.0,30040.0,378.3
11500.0,30040.0,376.9
11520.0,30040.0,375.5
11540.0,30040.0,374.1
11560.0,30040.0,372.7
11580.0,30040.0,371.4
11600.0,30040.0,370.0
11620.0,30040.0,368.7
11640.0,30040.0,367.5
11660.0,30040.0,366.3
11680.0,30040.0,365.1
11700.0,30040.0,364.0
11720.0,30040.0,362.9
11740.0,30040.0,361.9
11760.0,30040.0,361.0
11780.0,30040.0,360.1
11800.0,30040.0,359.3
11820.0,30040.0,358.5
11840.0,30040.0,357.8
11860.0,30040.0,357.2
11880.0,30040.0,356.7
11900.0,30040.0,356.2
11920.0,30040.0,355.8
11940.0,30040.0,355.5
11960.0,30040.0,355.2
11980.0,30040.0,355.1
12000.0,30040.0,354.9
12020.0,30040.0,354.9
12040.0,30040.0,354.9
12060.0,30040.0,355.0
12080.0,30040.0,355.2
12100.0,30040.0,355.4
12120.0,30040.0,355.7
12140.0,30040.0,356.0
12160.0,30040.0,356.4
12180.0,30040.0,356.9
12200.0,30040.0,357.4
12220.0,30040.0,357.9
12240.0,30040.0,358.5
12260.0,30040.0,359.1
12280.0,30040.0,359.8
12300.0,30040.0,360.5
12320.0,30040.0,361.2
12340.0,30040.0,361.9
12360.0,30040.0,362.7
12380.0,30040.0,363.5
12400.0,30040.0,364.3
12420.0,30040.0,365.0
12440.0,30040.0,365.8
12460.0,30040.0,366.6
12480.0,30040.0,367.4
12500.0,30040.0,368.2
12520.0,30040.0,369.0
12540.0,30040.0,369.7
12560.0,30040.0,370.4
12580.0,30040.0,371.1
12600.0,30040.0,371.8
12620.0,30040.0,372.5
12640.0,30040.0,373.1
12660.0,30040.0,373.7
12680.0,30040.0,374.2
12700.0,30040.0,374.7
12720.0,30040.0,375.2
12740.0,30040.0,375.6
12760.0,30040.0,376.0
12780.0,30040.0,376.3
12800.0,30040.0,376.6
12820.0,30040.0,376.8
12840.0,30040.0,377.0
12860.0,30040.0,377.1
12880.0,30040.0,377.2
12900.0,30040.0,377.3
12920.0,30040.0,377.3
12940.0,30040.0,377.2
12960.0,30040.0,377.1
12980.0,30040.0,377.0
13000.0,30040.0,376.8
13020.0,30040.0,376.5
13040.0,30040.0,376.3
13060.0,30040.0,375.9
13080.0,30040.0,375.6
13100.0,30040.0,375.2
13120.0,30040.0,374.8
13140.0,30040.0,374.3
13160.0,30040.0,373.9
13180.0,30040.0,373.4
13200.0,30040.0,372.9
13220.0,30040.0,372.3
13240.0,30040.0,371.8
13260.0,30040.0,371.2
13280.0,30040.0,370.6
13300.0,30040.0,370.0
13320.0,30040.0,369.4
13340.0,30040.0,368.8
13360.0,30040.0,368.3
13380.0,30040.0,367.7
13400.0,30040.0,367.1
13420.0,30040.0,366.5
13440.0,30040.0,366.0
13460.0,30040.0,365.4
13480.0,30040.0,364.9
13500.0,30040.0,364.4
13520.0,30040.0,363.9
13540.0,30040.0,363.4
13560.0,30040.0,362.9
13580.0,30040.0,362.5
13600.0,30040.0,362.1
10800.0,30060.0,402.6
10820.0,30060.0,402.9
10840.0,30060.0,403.2
10860.0,30060.0,403.4
10880.0,30060.0,403.5
10900.0,30060.0,403.6
10920.0,30060.0,403.6
10940.0,30060.0,403.5
10960.0,30060.0,403.4
10980.0,30060.0,403.2
11000.0,30060.0,402.9
11020.0,30060.0,402.6
11040.0,30060.0,402.1
11060.0,30060.0,401.6
11080.0,30060.0,401.1
11100.0,30060.0,400.4
11120.0,30060.0,399.7
11140.0,30060.0,398.9
11160.0,30060.0,398.1
11180.0,30060.0,397.1
11200.0,30060.0,396.2
11220.0,30060.0,395.1
11240.0,30060.0,394.0
11260.0,30060.0,392.9
11280.0,30060.0,391.7
11300.0,30060.0,390.5
11320.0,30060.0,389.2
11340.0,30060.0,387.9
11360.0,30060.0,386.5
11380.0,30060.0,385.2
11400.0,30060.0,383.8
11420.0,30060.0,382.4
11440.0,30060.0,381.0
11460.0,30060.0,379.5
11480.0,30060.0,378.1
11500.0,30060.0,376.7
11520.0,30060.0,375.3
11540.0,30060.0,373.9
11560.0,30060.0,372.6
11580.0,30060.0,371.2
11600.0,30060.0,369.9
11620.0,30060.0,368.6
11640.0,30060.0,367.4
11660.0,30060.0,366.2
11680.0,30060.0,365.1
11700.0,30060.0,364.0
11720.0,30060.0,362.9
11740.0,30060.0,361.9
11760.0,30060.0,361.0
11780.0,30060.0,360.1
11800.0,30060.0,359.3
11820.0,30060.0,358.6
11840.0,30060.0,357.9
11860.0,30060.0,357.3
11880.0,30060.0,356.8
11900.0,30060.0,356.3
11920.0,30060.0,355.9
11940.0,30060.0,355.6
11960.0,30060.0,355.4
11980.0,30060.0,355.2
12000.0,30060.0,355.1
12020.0,30060.0,355.1
12040.0,30060.0,355.1
12060.0,30060.0,355.2
12080.0,30060.0,355.4
12100.0,30060.0,355.6
12120.0,30060.0,355.9
12140.0,30060.0,356.2
12160.0,30060.0,356.6
12180.0,30060.0,357.0
12200.0,30060.0,357.5
12220.0,30060.0,358.0
12240.0,30060.0,358.6
12260.0,30060.0,359.2
12280.0,30060.0,359.9
12300.0,30060.0,360.5
12320.0,30060.0,361.2
12340.0,30060.0,361.9
12360.0,30060.0,362.7
12380.0,30060.0,363.4
12400.0,30060.0,364.2
12420.0,30060.0,364.9
12440.0,30060.0,365.7
12460.0,30060.0,366.5
12480.0,30060.0,367.2
12500.0,30060.0,368.0
12520.0,30060.0,368.7
12540.0,30060.0,369.4
12560.0,30060.0,370.1
12580.0,30060.0,370.8
12600.0,30060.0,371.5
12620.0,30060.0,372.1
12640.0,30060.0,372.7
12660.0,30060.0,373.2
12680.0,30060.0,373.8
12700.0,30060.0,374.3
12720.0,30060.0,374.7
12740.0,30060.0,375.1
12760.0,30060.0,375.5
12780.0,30060.0,375.8
12800.0,30060.0,376.0
12820.0,30060.0,376.2
12840.0,30060.0,376.4
12860.0,30060.0,376.6
12880.0,30060.0,376.6
12900.0,30060.0,376.7
12920.0,30060.0,376.7
12940.0,30060.0,376.6
12960.0,30060.0,376.5
12980.0,30060.0,376.3
13000.0,30060.0,376.2
13020.0,30060.0,375.9
13040.0,30060.0,375.7
13060.0,30060.0,375.4
13080.0,30060.0,375.0
13100.0,30060.0,374.7
13120.0,30060.0,374.2
13140.0,30060.0,373.8
13160.0,30060.0,373.4
13180.0,30060.0,372.9
13200.0,30060.0,372.4
13220.0,30060.0,371.9
13240.0,30060.0,371.3
13260.0,30060.0,370.8
13280.0,30060.0,370.3
13300.0,30060.0,369.7
13320.0,30060.0,369.1
13340.0,30060.0,368.6
13360.0,30060.0,368.0
13380.0,30060.0,367.5
13400.0,30060.0,366.9
13420.0,30060.0,366.4
13440.0,30060.0,365.9
13460.0,30060.0,365.3
13480.0,30060.0,364.8
13500.0,30060.0,364.4
13520.0,30060.0,363.9
13540.0,30060.0,363.4
13560.0,30060.0,363.0
13580.0,30060.0,362.6
13600.0,30060.0,362.2
10800.0,30080.0,402.3
10820.0,30080.0,402.6
10840.0,30080.0,402.8
10860.0,30080.0,403.0
10880.0,30080.0,403.1
10900.0,30080.0,403.2
10920.0,30080.0,403.2
10940.0,30080.0,403.1
10960.0,30080.0,403.0
10980.0,30080.0,402.8
11000.0,30080.0,402.5
11020.0,30080.0,402.1
11040.0,30080.0,401.7
11060.0,30080.0,401.2
11080.0,30080.0,400.6
11100.0,30080.0,400.0
11120.0,30080.0,399.3
11140.0,30080.0,398.5
11160.0,30080.0,397.6
11180.0,30080.0,396.7
11200.0,30080.0,395.8
11220.0,30080.0,394.7
11240.0,30080.0,393.6
11260.0,30080.0,392.5
11280.0,30080.0,391.3
11300.0,30080.0,390.1
11320.0,30080.0,388.8
11340.0,30080.0,387.5
11360.0,30080.0,386.2
11380.0,30080.0,384.9
11400.0,30080.0,383.5
11420.0,30080.0,382.1
11440.0,30080.0,380.7
11460.0,30080.0,379.3
11480.0,30080.0,377.9
11500.0,30080.0,376.5
11520.0,30080.0,375.1
11540.0,30080.0,373.8
11560.0,30080.0,372.4
11580.0,30080.0,371.1
11600.0,30080.0,369.8
11620.0,30080.0,368.6
11640.0,30080.0,367.3
11660.0,30080.0,366.2
11680.0,30080.0,365.0
11700.0,30080.0,364.0
11720.0,30080.0,362.9
11740.0,30080.0,362.0
11760.0,30080.0,361.0
11780.0,30080.0,360.2
11800.0,30080.0,359.4
11820.0,30080.0,358.7
11840.0,30080.0,358.0
11860.0,30080.0,357.5
11880.0,30080.0,356.9
11900.0,30080.0,356.5
11920.0,30080.0,356.1
11940.0,30080.0,355.8
11960.0,30080.0,355.6
11980.0,30080.0,355.4
12000.0,30080.0,355.3
12020.0,30080.0,355.3
12040.0,30080.0,355.3
12060.0,30080.0,355.4
12080.0,30080.0,355.6
12100.0,30080.0,355.8
12120.0,30080.0,356.0
12140.0,30080.0,356.4
12160.0,30080.0,356.8
12180.0,30080.0,357.2
12200.0,30080.0,357.7
12220.0,30080.0,358.2
12240.0,30080.0,358.7
12260.0,30080.0,359.3
12280.0,30080.0,359.9
12300.0,30080.0,360.6
12320.0,30080.0,361.3
12340.0,30080.0,362.0
12360.0,30080.0,362.7
12380.0,30080.0,363.4
12400.0,30080.0,364.1
12420.0,30080.0,364.9
12440.0,30080.0,365.6
12460.0,30080.0,366.4
12480.0,30080.0,367.1
12500.0,30080.0,367.8
12520.0,30080.0,368.5
12540.0,30080.0,369.2
12560.0,30080.0,369.9
12580.0,30080.0,370.5
12600.0,30080.0,371.2
12620.0,30080.0,371.8
12640.0,30080.0,372.3
12660.0,30080.0,372.9
12680.0,30080.0,373.3
12700.0,30080.0,373.8
12720.0,30080.0,374.2
12740.0,30080.0,374.6
12760.0,30080.0,374.9
12780.0,30080.0,375.2
12800.0,30080.0,375.5
12820.0,30080.0,375.7
12840.0,30080.0,375.9
12860.0,30080.0,376.0
12880.0,30080.0,376.0
12900.0,30080.0,376.1
12920.0,30080.0,376.0
12940.0,30080.0,376.0
12960.0,30080.0,375.9
12980.0,30080.0,375.7
13000.0,30080.0,375.6
13020.0,30080.0,375.3
13040.0,30080.0,375.1
13060.0,30080.0,374.8
13080.0,30080.0,374.5
13100.0,30080.0,374.1
13120.0,30080.0,373.7
13140.0,30080.0,373.3
13160.0,30080.0,372.9
13180.0,30080.0,372.4
13200.0,30080.0,371.9
13220.0,30080.0,371.5
13240.0,30080.0,370.9
13260.0,30080.0,370.4
13280.0,30080.0,369.9
13300.0,30080.0,369.4
13320.0,30080.0,368.9
13340.0,30080.0,368.3
13360.0,30080.0,367.8
13380.0,30080.0,367.3
13400.0,30080.0,366.8
13420.0,30080.0,366.3
13440.0,30080.0,365.8
13460.0,30080.0,365.3
13480.0,30080.0,364.8
13500.0,30080.0,364.4
13520.0,30080.0,363.9
13540.0,30080.0,363.5
13560.0,30080.0,363.1
13580.0,30080.0,362.8
13600.0,30080.0,362.4
10800.0,30100.0,401.9
10820.0,30100.0,402.2
10840.0,30100.0,402.4
10860.0,30100.0,402.6
10880.0,30100.0,402.7
10900.0,30100.0,402.8
10920.0,30100.0,402.8
10940.0,30100.0,402.7
10960.0,30100.0,402.6
10980.0,30100.0,402.3
11000.0,30100.0,402.1
11020.0,30100.0,401.7
11040.0,30100.0,401.3
11060.0,30100.0,400.8
11080.0,30100.0,400.2
11100.0,30100.0,399.5
11120.0,30100.0,398.8
11140.0,30100.0,398.0
11160.0,30100.0,397.2
11180.0,30100.0,396.3
11200.0,30100.0,395.3
11220.0,30100.0,394.3
11240.0,30100.0,393.2
11260.0,30100.0,392.1
11280.0,30100.0,390.9
11300.0,30100.0,389.7
11320.0,30100.0,388.5
11340.0,30100.0,387.2
11360.0,30100.0,385.9
11380.0,30100.0,384.5
11400.0,30100.0,383.2
11420.0,30100.0,381.8
11440.0,30100.0,380.4
11460.0,30100.0,379.1
11480.0,30100.0,377.7
11500.0,30100.0,376.3
11520.0,30100.0,374.9
11540.0,30100.0,373.6
11560.0,30100.0,372.3
11580.0,30100.0,371.0
11600.0,30100.0,369.7
11620.0,30100.0,368.5
11640.0,30100.0,367.3
11660.0,30100.0,366.1
11680.0,30100.0,365.0
11700.0,30100.0,364.0
11720.0,30100.0,363.0
11740.0,30100.0,362.0
11760.0,30100.0,361.1
11780.0,30100.0,360.3
11800.0,30100.0,359.5
11820.0,30100.0,358.8
11840.0,30100.0,358.2
11860.0,30100.0,357.6
11880.0,30100.0,357.1
11900.0,30100.0,356.7
11920.0,30100.0,356.3
11940.0,30100.0,356.0
11960.0,30100.0,355.8
11980.0,30100.0,355.6
12000.0,30100.0,355.5
12020.0,30100.0,355.5
12040.0,30100.0,355.5
12060.0,30100.0,355.6
12080.0,30100.0,355.8
12100.0,30100.0,356.0
12120.0,30100.0,356.3
12140.0,30100.0,356.6
12160.0,30100.0,357.0
12180.0,30100.0,357.4
12200.0,30100.0,357.8
12220.0,30100.0,358.4
12240.0,30100.0,358.9
12260.0,30100.0,359.5
12280.0,30100.0,360.1
12300.0,30100.0,360.7
12320.0,30100.0,361.4
12340.0,30100.0,362.0
12360.0,30100.0,362.7
12380.0,30100.0,363.4
12400.0,30100.0,364.1
12420.0,30100.0,364.8
12440.0,30100.0,365.6
12460.0,30100.0,366.3
12480.0,30100.0,367.0
12500.0,30100.0,367.7
12520.0,30100.0,368.3
12540.0,30100.0,369.0
12560.0,30100.0,369.7
12580.0,30100.0,370.3
12600.0,30100.0,370.9
12620.0,30100.0,371.4
12640.0,30100.0,372.0
12660.0,30100.0,372.5
12680.0,30100.0,373.0
12700.0,30100.0,373.4
12720.0,30100.0,373.8
12740.0,30100.0,374.1
12760.0,30100.0,374.5
12780.0,30100.0,374.7
12800.0,30100.0,375.0
12820.0,30100.0,375.1
12840.0,30100.0,375.3
12860.0,30100.0,375.4
12880.0,30100.0,375.5
12900.0,30100.0,375.5
12920.0,30100.0,375.5
12940.0,30100.0,375.4
12960.0,30100.0,375.3
12980.0,30100.0,375.1
13000.0,30100.0,375.0
13020.0,30100.0,374.7
13040.0,30100.0,374.5
13060.0,30100.0,374.2
13080.0,30100.0,373.9
13100.0,30100.0,373.6
13120.0,30100.0,373.2
13140.0,30100.0,372.8
13160.0,30100.0,372.4
13180.0,30100.0,371.9
13200.0,30100.0,371.5
13220.0,30100.0,371.0
13240.0,30100.0,370.6
13260.0,30100.0,370.1
13280.0,30100.0,369.6
13300.0,30100.0,369.1
13320.0,30100.0,368.6
13340.0,30100.0,368.1
13360.0,30100.0,367.6
13380.0,30100.0,367.1
13400.0,30100.0,366.6
13420.0,30100.0,366.2
13440.0,30100.0,365.7
13460.0,30100.0,365.3
13480.0,30100.0,364.8
13500.0,30100.0,364.4
13520.0,30100.0,364.0
13540.0,30100.0,363.6
13560.0,30100.0,363.3
13580.0,30100.0,362.9
13600.0,30100.0,362.6
10800.0,30120.0,401.5
10820.0,30120.0,401.8
10840.0,30120.0,402.0
10860.0,30120.0,402.2
10880.0,30120.0,402.3
10900.0,30120.0,402.3
10920.0,30120.0,402.3
10940.0,30120.0,402.2
10960.0,30120.0,402.1
10980.0,30120.0,401.9
11000.0,30120.0,401.6
11020.0,30120.0,401.2
11040.0,30120.0,400.8
11060.0,30120.0,400.3
11080.0,30120.0,399.7
11100.0,30120.0,399.1
11120.0,30120.0,398.3
11140.0,30120.0,397.6
11160.0,30120.0,396.7
11180.0,30120.0,395.8
11200.0,30120.0,394.9
11220.0,30120.0,393.9
11240.0,30120.0,392.8
11260.0,30120.0,391.7
11280.0,30120.0,390.5
11300.0,30120.0,389.3
11320.0,30120.0,388.1
11340.0,30120.0,386.8
11360.0,30120.0,385.5
11380.0,30120.0,384.2
11400.0,30120.0,382.9
11420.0,30120.0,381.5
11440.0,30120.0,380.2
11460.0,30120.0,378.8
11480.0,30120.0,377.4
11500.0,30120.0,376.1
11520.0,30120.0,374.7
11540.0,30120.0,373.4
11560.0,30120.0,372.1
11580.0,30120.0,370.9
11600.0,30120.0,369.6
11620.0,30120.0,368.4
11640.0,30120.0,367.2
11660.0,30120.0,366.1
11680.0,30120.0,365.0
11700.0,30120.0,364.0
11720.0,30120.0,363.0
11740.0,30120.0,362.1
11760.0,30120.0,361.2
11780.0,30120.0,360.4
11800.0,30120.0,359.7
11820.0,30120.0,359.0
11840.0,30120.0,358.3
11860.0,30120.0,357.8
11880.0,30120.0,357.3
11900.0,30120.0,356.9
11920.0,30120.0,356.5
11940.0,30120.0,356.2
11960.0,30120.0,356.0
11980.0,30120.0,355.9
12000.0,30120.0,355.8
12020.0,30120.0,355.8
12040.0,30120.0,355.8
12060.0,30120.0,355.9
12080.0,30120.0,356.1
12100.0,30120.0,356.3
12120.0,30120.0,356.5
12140.0,30120.0,356.8
12160.0,30120.0,357.2
12180.0,30120.0,357.6
12200.0,30120.0,358.1
12220.0,30120.0,358.6
12240.0,30120.0,359.1
12260.0,30120.0,359.7
12280.0,30120.0,360.2
12300.0,30120.0,360.9
12320.0,30120.0,361.5
12340.0,30120.0,362.1
12360.0,30120.0,362.8
12380.0,30120.0,363.5
12400.0,30120.0,364.2
12420.0,30120.0,364.8
12440.0,30120.0,365.5
12460.0,30120.0,366.2
12480.0,30120.0,366.9
12500.0,30120.0,367.6
12520.0,30120.0,368.2
12540.0,30120.0,368.8
12560.0,30120.0,369.5
12580.0,30120.0,370.0
12600.0,30120.0,370.6
12620.0,30120.0,371.1
12640.0,30120.0,371.7
12660.0,30120.0,372.1
12680.0,30120.0,372.6
12700.0,30120.0,373.0
12720.0,30120.0,373.4
12740.0,30120.0,373.7
12760.0,30120.0,374.0
12780.0,30120.0,374.2
12800.0,30120.0,374.5
12820.0,30120.0,374.6
12840.0,30120.0,374.8
12860.0,30120.0,374.9
12880.0,30120.0,374.9
12900.0,30120.0,374.9
12920.0,30120.0,374.9
12940.0,30120.0,374.8
12960.0,30120.0,374.7
12980.0,30120.0,374.6
13000.0,30120.0,374.4
13020.0,30120.0,374.2
13040.0,30120.0,373.9
13060.0,30120.0,373.7
13080.0,30120.0,373.4
13100.0,30120.0,373.0
13120.0,30120.0,372.7
13140.0,30120.0,372.3
13160.0,30120.0,371.9
13180.0,30120.0,371.5
13200.0,30120.0,371.1
13220.0,30120.0,370.6
13240.0,30120.0,370.2
13260.0,30120.0,369.7
13280.0,30120.0,369.3
13300.0,30120.0,368.8
13320.0,30120.0,368.3
13340.0,30120.0,367.9
13360.0,30120.0,367.4
13380.0,30120.0,367.0
13400.0,30120.0,366.5
13420.0,30120.0,366.1
13440.0,30120.0,365.7
13460.0,30120.0,365.2
13480.0,30120.0,364.8
13500.0,30120.0,364.5
13520.0,30120.0,364.1
13540.0,30120.0,363.8
13560.0,30120.0,363.4
13580.0,30120.0,363.1
13600.0,30120.0,362.8
10800.0,30140.0,401.1
10820.0,30140.0,401.3
10840.0,30140.0,401.6
10860.0,30140.0,401.7
10880.0,30140.0,401.8
10900.0,30140.0,401.9
10920.0,30140.0,401.8
10940.0,30140.0,401.7
10960.0,30140.0,401.6
10980.0,30140.0,401.4
11000.0,30140.0,401.1
11020.0,30140.0,400.7
11040.0,30140.0,400.3
11060.0,30140.0,399.8
11080.0,30140.0,399.2
11100.0,30140.0,398.5
11120.0,30140.0,397.8
11140.0,30140.0,397.1
11160.0,30140.0,396.2
11180.0,30140.0,395.3
11200.0,30140.0,394.4
11220.0,30140.0,393.4
11240.0,30140.0,392.3
11260.0,30140.0,391.2
11280.0,30140.0,390.1
11300.0,30140.0,388.9
11320.0,30140.0,387.7
11340.0,30140.0,386.4
11360.0,30140.0,385.1
11380.0,30140.0,383.8
11400.0,30140.0,382.5
11420.0,30140.0,381.2
11440.0,30140.0,379.9
11460.0,30140.0,378.5
11480.0,30140.0,377.2
11500.0,30140.0,375.9
11520.0,30140.0,374.6
11540.0,30140.0,373.3
11560.0,30140.0,372.0
11580.0,30140.0,370.7
11600.0,30140.0,369.5
11620.0,30140.0,368.3
11640.0,30140.0,367.2
11660.0,30140.0,366.1
11680.0,30140.0,365.0
11700.0,30140.0,364.0
11720.0,30140.0,363.1
11740.0,30140.0,362.2
11760.0,30140.0,361.3
11780.0,30140.0,360.5
11800.0,30140.0,359.8
11820.0,30140.0,359.1
11840.0,30140.0,358.5
11860.0,30140.0,358.0
11880.0,30140.0,357.5
11900.0,30140.0,357.1
11920.0,30140.0,356.8
11940.0,30140.0,356.5
11960.0,30140.0,356.3
11980.0,30140.0,356.2
12000.0,30140.0,356.1
12020.0,30140.0,356.1
12040.0,30140.0,356.1
12060.0,30140.0,356.2
12080.0,30140.0,356.4
12100.0,30140.0,356.6
12120.0,30140.0,356.8
12140.0,30140.0,357.1
12160.0,30140.0,357.5
12180.0,30140.0,357.9
12200.0,30140.0,358.3
12220.0,30140.0,358.8
12240.0,30140.0,359.3
12260.0,30140.0,359.9
12280.0,30140.0,360.4
12300.0,30140.0,361.0
12320.0,30140.0,361.6
12340.0,30140.0,362.3
12360.0,30140.0,362.9
12380.0,30140.0,363.6
12400.0,30140.0,364.2
12420.0,30140.0,364.9
12440.0,30140.0,365.5
12460.0,30140.0,366.2
12480.0,30140.0,366.8
12500.0,30140.0,367.5
12520.0,30140.0,368.1
12540.0,30140.0,368.7
12560.0,30140.0,369.3
12580.0,30140.0,369.8
12600.0,30140.0,370.4
12620.0,30140.0,370.9
12640.0,30140.0,371.4
12660.0,30140.0,371.8
12680.0,30140.0,372.2
12700.0,30140.0,372.6
12720.0,30140.0,373.0
12740.0,30140.0,373.3
12760.0,30140.0,373.5
12780.0,30140.0,373.8
12800.0,30140.0,374.0
12820.0,30140.0,374.1
12840.0,30140.0,374.2
12860.0,30140.0,374.3
12880.0,30140.0,374.4
12900.0,30140.0,374.4
12920.0,30140.0,374.3
12940.0,30140.0,374.2
12960.0,30140.0,374.1
12980.0,30140.0,374.0
13000.0,30140.0,373.8
13020.0,30140.0,373.6
13040.0,30140.0,373.4
13060.0,30140.0,373.1
13080.0,30140.0,372.8
13100.0,30140.0,372.5
13120.0,30140.0,372.2
13140.0,30140.0,371.8
13160.0,30140.0,371.4
13180.0,30140.0,371.1
13200.0,30140.0,370.7
13220.0,30140.0,370.2
13240.0,30140.0,369.8
13260.0,30140.0,369.4
13280.0,30140.0,369.0
13300.0,30140.0,368.5
13320.0,30140.0,368.1
13340.0,30140.0,367.7
13360.0,30140.0,367.2
13380.0,30140.0,366.8
13400.0,30140.0,366.4
13420.0,30140.0,366.0
13440.0,30140.0,365.6
13460.0,30140.0,365.2
13480.0,30140.0,364.9
13500.0,30140.0,364.5
13520.0,30140.0,364.2
13540.0,30140.0,363.9
13560.0,30140.0,363.6
13580.0,30140.0,363.3
13600.0,30140.0,363.1
10800.0,30160.0,400.6
10820.0,30160.0,400.9
10840.0,30160.0,401.1
10860.0,30160.0,401.2
10880.0,30160.0,401.3
10900.0,30160.0,401.3
10920.0,30160.0,401.3
10940.0,30160.0,401.2
10960.0,30160.0,401.0
10980.0,30160.0,400.8
11000.0,30160.0,400.5
11020.0,30160.0,400.1
11040.0,30160.0,399.7
11060.0,30160.0,399.2
11080.0,30160.0,398.6
11100.0,30160.0,398.0
11120.0,30160.0,397.3
11140.0,30160.0,396.5
11160.0,30160.0,395.7
11180.0,30160.0,394.8
11200.0,30160.0,393.9
11220.0,30160.0,392.9
11240.0,30160.0,391.8
11260.0,30160.0,390.7
11280.0,30160.0,389.6
11300.0,30160.0,388.4
11320.0,30160.0,387.2
11340.0,30160.0,386.0
11360.0,30160.0,384.8
11380.0,30160.0,383.5
11400.0,30160.0,382.2
11420.0,30160.0,380.9
11440.0,30160.0,379.6
11460.0,30160.0,378.3
11480.0,30160.0,376.9
11500.0,30160.0,375.6
11520.0,30160.0,374.4
11540.0,30160.0,373.1
11560.0,30160.0,371.8
11580.0,30160.0,370.6
11600.0,30160.0,369.4
11620.0,30160.0,368.3
11640.0,30160.0,367.2
11660.0,30160.0,366.1
11680.0,30160.0,365.0
11700.0,30160.0,364.1
11720.0,30160.0,363.1
11740.0,30160.0,362.3
11760.0,30160.0,361.4
11780.0,30160.0,360.7
11800.0,30160.0,360.0
11820.0,30160.0,359.3
11840.0,30160.0,358.7
11860.0,30160.0,358.2
11880.0,30160.0,357.8
11900.0,30160.0,357.4
11920.0,30160.0,357.1
11940.0,30160.0,356.8
11960.0,30160.0,356.6
11980.0,30160.0,356.5
12000.0,30160.0,356.4
12020.0,30160.0,356.4
12040.0,30160.0,356.4
12060.0,30160.0,356.5
12080.0,30160.0,356.7
12100.0,30160.0,356.9
12120.0,30160.0,357.2
12140.0,30160.0,357.5
12160.0,30160.0,357.8
12180.0,30160.0,358.2
12200.0,30160.0,358.6
12220.0,30160.0,359.1
12240.0,30160.0,359.6
12260.0,30160.0,360.1
12280.0,30160.0,360.7
12300.0,30160.0,361.2
12320.0,30160.0,361.8
12340.0,30160.0,362.4
12360.0,30160.0,363.1
12380.0,30160.0,363.7
12400.0,30160.0,364.3
12420.0,30160.0,364.9
12440.0,30160.0,365.6
12460.0,30160.0,366.2
12480.0,30160.0,366.8
12500.0,30160.0,367.4
12520.0,30160.0,368.0
12540.0,30160.0,368.6
12560.0,30160.0,369.1
12580.0,30160.0,369.7
12600.0,30160.0,370.2
12620.0,30160.0,370.6
12640.0,30160.0,371.1
12660.0,30160.0,371.5
12680.0,30160.0,371.9
12700.0,30160.0,372.3
12720.0,30160.0,372.6
12740.0,30160.0,372.9
12760.0,30160.0,373.1
12780.0,30160.0,373.3
12800.0,30160.0,373.5
12820.0,30160.0,373.6
12840.0,30160.0,373.7
12860.0,30160.0,373.8
12880.0,30160.0,373.8
12900.0,30160.0,373.8
12920.0,30160.0,373.8
12940.0,30160.0,373.7
12960.0,30160.0,373.6
12980.0,30160.0,373.5
13000.0,30160.0,373.3
13020.0,30160.0,373.1
13040.0,30160.0,372.8
13060.0,30160.0,372.6
13080.0,30160.0,372.3
13100.0,30160.0,372.0
13120.0,30160.0,371.7
13140.0,30160.0,371.4
13160.0,30160.0,371.0
13180.0,30160.0,370.6
13200.0,30160.0,370.3
13220.0,30160.0,369.9
13240.0,30160.0,369.5
13260.0,30160.0,369.1
13280.0,30160.0,368.7
13300.0,30160.0,368.3
13320.0,30160.0,367.9
13340.0,30160.0,367.5
13360.0,30160.0,367.1
13380.0,30160.0,366.7
13400.0,30160.0,366.3
13420.0,30160.0,366.0
13440.0,30160.0,365.6
13460.0,30160.0,365.3
13480.0,30160.0,364.9
13500.0,30160.0,364.6
13520.0,30160.0,364.3
13540.0,30160.0,364.1
13560.0,30160.0,363.8
13580.0,30160.0,363.5
13600.0,30160.0,363.3
10800.0,30180.0,400.2
10820.0,30180.0,400.4
10840.0,30180.0,400.6
10860.0,30180.0,400.7
10880.0,30180.0,400.8
10900.0,30180.0,400.8
10920.0,30180.0,400.8
10940.0,30180.0,400.7
10960.0,30180.0,400.5
10980.0,30180.0,400.3
11000.0,30180.0,399.9
11020.0,30180.0,399.6
11040.0,30180.0,399.1
11060.0,30180.0,398.6
11080.0,30180.0,398.1
11100.0,30180.0,397.4
11120.0,30180.0,396.7
11140.0,30180.0,396.0
11160.0,30180.0,395.1
11180.0,30180.0,394.3
11200.0,30180.0,393.3
11220.0,30180.0,392.4
11240.0,30180.0,391.3
11260.0,30180.0,390.3
11280.0,30180.0,389.1
11300.0,30180.0,388.0
11320.0,30180.0,386.8
11340.0,30180.0,385.6
11360.0,30180.0,384.4
11380.0,30180.0,383.1
11400.0,30180.0,381.8
11420.0,30180.0,380.5
11440.0,30180.0,379.3
11460.0,30180.0,378.0
11480.0,30180.0,376.7
11500.0,30180.0,375.4
11520.0,30180.0,374.2
11540.0,30180.0,372.9
11560.0,30180.0,371.7
11580.0,30180.0,370.5
11600.0,30180.0,369.3
11620.0,30180.0,368.2
11640.0,30180.0,367.1
11660.0,30180.0,366.1
11680.0,30180.0,365.1
11700.0,30180.0,364.1
11720.0,30180.0,363.2
11740.0,30180.0,362.4
11760.0,30180.0,361.6
11780.0,30180.0,360.8
11800.0,30180.0,360.1
11820.0,30180.0,359.5
11840.0,30180.0,359.0
11860.0,30180.0,358.5
11880.0,30180.0,358.0
11900.0,30180.0,357.7
11920.0,30180.0,357.4
11940.0,30180.0,357.1
11960.0,30180.0,356.9
11980.0,30180.0,356.8
12000.0,30180.0,356.7
12020.0,30180.0,356.7
12040.0,30180.0,356.8
12060.0,30180.0,356.9
12080.0,30180.0,357.0
12100.0,30180.0,357.2
12120.0,30180.0,357.5
12140.0,30180.0,357.8
12160.0,30180.0,358.1
12180.0,30180.0,358.5
12200.0,30180.0,358.9
12220.0,30180.0,359.4
12240.0,30180.0,359.9
12260.0,30180.0,360.4
12280.0,30180.0,360.9
12300.0,30180.0,361.5
12320.0,30180.0,362.0
12340.0,30180.0,362.6
12360.0,30180.0,363.2
12380.0,30180.0,363.8
12400.0,30180.0,364.4
12420.0,30180.0,365.0
12440.0,30180.0,365.6
12460.0,30180.0,366.2
12480.0,30180.0,366.8
12500.0,30180.0,367.4
12520.0,30180.0,367.9
12540.0,30180.0,368.5
12560.0,30180.0,369.0
12580.0,30180.0,369.5
12600.0,30180.0,370.0
12620.0,30180.0,370.4
12640.0,30180.0,370.8
12660.0,30180.0,371.2
12680.0,30180.0,371.6
12700.0,30180.0,371.9
12720.0,30180.0,372.2
12740.0,30180.0,372.5
12760.0,30180.0,372.7
12780.0,30180.0,372.9
12800.0,30180.0,373.1
12820.0,30180.0,373.2
12840.0,30180.0,373.3
12860.0,30180.0,373.3
12880.0,30180.0,373.3
12900.0,30180.0,373.3
12920.0,30180.0,373.3
12940.0,30180.0,373.2
12960.0,30180.0,373.1
12980.0,30180.0,372.9
13000.0,30180.0,372.8
13020.0,30180.0,372.6
13040.0,30180.0,372.3
13060.0,30180.0,372.1
13080.0,30180.0,371.8
13100.0,30180.0,371.5
13120.0,30180.0,371.2
13140.0,30180.0,370.9
13160.0,30180.0,370.6
13180.0,30180.0,370.2
13200.0,30180.0,369.9
13220.0,30180.0,369.5
13240.0,30180.0,369.1
13260.0,30180.0,368.8
13280.0,30180.0,368.4
13300.0,30180.0,368.0
13320.0,30180.0,367.7
13340.0,30180.0,367.3
13360.0,30180.0,366.9
13380.0,30180.0,366.6
13400.0,30180.0,366.3
13420.0,30180.0,365.9
13440.0,30180.0,365.6
13460.0,30180.0,365.3
13480.0,30180.0,365.0
13500.0,30180.0,364.7
13520.0,30180.0,364.5
13540.0,30180.0,364.2
13560.0,30180.0,364.0
13580.0,30180.0,363.8
13600.0,30180.0,363.6
10800.0,30200.0,399.7
10820.0,30200.0,399.9
10840.0,30200.0,400.1
10860.0,30200.0,400.2
10880.0,30200.0,400.3
10900.0,30200.0,400.3
10920.0,30200.0,400.2
10940.0,30200.0,400.1
10960.0,30200.0,399.9
10980.0,30200.0,399.7
11000.0,30200.0,399.4
11020.0,30200.0,399.0
11040.0,30200.0,398.5
11060.0,30200.0,398.0
11080.0,30200.0,397.5
11100.0,30200.0,396.8
11120.0,30200.0,396.1
11140.0,30200.0,395.4
11160.0,30200.0,394.6
11180.0,30200.0,393.7
11200.0,30200.0,392.8
11220.0,30200.0,391.8
11240.0,30200.0,390.8
11260.0,30200.0,389.7
11280.0,30200.0,388.6
11300.0,30200.0,387.5
11320.0,30200.0,386.3
11340.0,30200.0,385.2
11360.0,30200.0,383.9
11380.0,30200.0,382.7
11400.0,30200.0,381.5
11420.0,30200.0,380.2
11440.0,30200.0,379.0
11460.0,30200.0,377.7
11480.0,30200.0,376.4
11500.0,30200.0,375.2
11520.0,30200.0,374.0
11540.0,30200.0,372.7
11560.0,30200.0,371.6
11580.0,30200.0,370.4
11600.0,30200.0,369.3
11620.0,30200.0,368.2
11640.0,30200.0,367.1
11660.0,30200.0,366.1
11680.0,30200.0,365.1
11700.0,30200.0,364.2
11720.0,30200.0,363.3
11740.0,30200.0,362.5
11760.0,30200.0,361.7
11780.0,30200.0,361.0
11800.0,30200.0,360.3
11820.0,30200.0,359.7
11840.0,30200.0,359.2
11860.0,30200.0,358.7
11880.0,30200.0,358.3
11900.0,30200.0,358.0
11920.0,30200.0,357.7
11940.0,30200.0,357.4
11960.0,30200.0,357.3
11980.0,30200.0,357.2
12000.0,30200.0,357.1
12020.0,30200.0,357.1
12040.0,30200.0,357.2
12060.0,30200.0,357.3
12080.0,30200.0,357.4
12100.0,30200.0,357.6
12120.0,30200.0,357.9
12140.0,30200.0,358.2
12160.0,30200.0,358.5
12180.0,30200.0,358.9
12200.0,30200.0,359.3
12220.0,30200.0,359.7
12240.0,30200.0,360.2
12260.0,30200.0,360.7
12280.0,30200.0,361.2
12300.0,30200.0,361.7
12320.0,30200.0,362.3
12340.0,30200.0,362.8
12360.0,30200.0,363.4
12380.0,30200.0,364.0
12400.0,30200.0,364.6
12420.0,30200.0,365.1
12440.0,30200.0,365.7
12460.0,30200.0,366.3
12480.0,30200.0,366.8
12500.0,30200.0,367.4
12520.0,30200.0,367.9
12540.0,30200.0,368.4
12560.0,30200.0,368.9
12580.0,30200.0,369.4
12600.0,30200.0,369.8
12620.0,30200.0,370.2
12640.0,30200.0,370.6
12660.0,30200.0,371.0
12680.0,30200.0,371.3
12700.0,30200.0,371.6
12720.0,30200.0,371.9
12740.0,30200.0,372.1
12760.0,30200.0,372.3
12780.0,30200.0,372.5
12800.0,30200.0,372.6
12820.0,30200.0,372.7
12840.0,30200.0,372.8
12860.0,30200.0,372.9
12880.0,30200.0,372.9
12900.0,30200.0,372.8
12920.0,30200.0,372.8
12940.0,30200.0,372.7
12960.0,30200.0,372.6
12980.0,30200.0,372.4
13000.0,30200.0,372.3
13020.0,30200.0,372.1
13040.0,30200.0,371.8
13060.0,30200.0,371.6
13080.0,30200.0,371.3
13100.0,30200.0,371.1
13120.0,30200.0,370.8
13140.0,30200.0,370.5
13160.0,30200.0,370.2
13180.0,30200.0,369.8
13200.0,30200.0,369.5
13220.0,30200.0,369.2
13240.0,30200.0,368.8
13260.0,30200.0,368.5
13280.0,30200.0,368.2
13300.0,30200.0,367.8
13320.0,30200.0,367.5
13340.0,30200.0,367.2
13360.0,30200.0,366.8
13380.0,30200.0,366.5
13400.0,30200.0,366.2
13420.0,30200.0,365.9
13440.0,30200.0,365.6
13460.0,30200.0,365.4
13480.0,30200.0,365.1
13500.0,30200.0,364.9
13520.0,30200.0,364.7
13540.0,30200.0,364.4
13560.0,30200.0,364.3
13580.0,30200.0,364.1
13600.0,30200.0,363.9
10800.0,30220.0,399.2
10820.0,30220.0,399.4
10840.0,30220.0,399.5
10860.0,30220.0,399.6
10880.0,30220.0,399.7
10900.0,30220.0,399.7
10920.0,30220.0,399.6
10940.0,30220.0,399.5
10960.0,30220.0,399.3
10980.0,30220.0,399.1
11000.0,30220.0,398.8
11020.0,30220.0,398.4
11040.0,30220.0,397.9
11060.0,30220.0,397.4
11080.0,30220.0,396.9
11100.0,30220.0,396.2
11120.0,30220.0,395.5
11140.0,30220.0,394.8
11160.0,30220.0,394.0
11180.0,30220.0,393.1
11200.0,30220.0,392.2
11220.0,30220.0,391.3
11240.0,30220.0,390.3
11260.0,30220.0,389.2
11280.0,30220.0,388.1
11300.0,30220.0,387.0
11320.0,30220.0,385.9
11340.0,30220.0,384.7
11360.0,30220.0,383.5
11380.0,30220.0,382.3
11400.0,30220.0,381.1
11420.0,30220.0,379.9
11440.0,30220.0,378.6
11460.0,30220.0,377.4
11480.0,30220.0,376.2
11500.0,30220.0,375.0
11520.0,30220.0,373.8
11540.0,30220.0,372.6
11560.0,30220.0,371.4
11580.0,30220.0,370.3
11600.0,30220.0,369.2
11620.0,30220.0,368.1
11640.0,30220.0,367.1
11660.0,30220.0,366.1
11680.0,30220.0,365.2
11700.0,30220.0,364.3
11720.0,30220.0,363.4
11740.0,30220.0,362.6
11760.0,30220.0,361.9
11780.0,30220.0,361.2
11800.0,30220.0,360.6
11820.0,30220.0,360.0
11840.0,30220.0,359.5
11860.0,30220.0,359.0
11880.0,30220.0,358.6
11900.0,30220.0,358.3
11920.0,30220.0,358.0
11940.0,30220.0,357.8
11960.0,30220.0,357.6
11980.0,30220.0,357.5
12000.0,30220.0,357.5
12020.0,30220.0,357.5
12040.0,30220.0,357.5
12060.0,30220.0,357.7
12080.0,30220.0,357.8
12100.0,30220.0,358.0
12120.0,30220.0,358.3
12140.0,30220.0,358.6
12160.0,30220.0,358.9
12180.0,30220.0,359.3
12200.0,30220.0,359.6
12220.0,30220.0,360.1
12240.0,30220.0,360.5
12260.0,30220.0,361.0
12280.0,30220.0,361.5
12300.0,30220.0,362.0
12320.0,30220.0,362.5
12340.0,30220.0,363.1
12360.0,30220.0,363.6
12380.0,30220.0,364.2
12400.0,30220.0,364.7
12420.0,30220.0,365.3
12440.0,30220.0,365.8
12460.0,30220.0,366.3
12480.0,30220.0,366.9
12500.0,30220.0,367.4
12520.0,30220.0,367.9
12540.0,30220.0,368.4
12560.0,30220.0,368.8
12580.0,30220.0,369.3
12600.0,30220.0,369.7
12620.0,30220.0,370.1
12640.0,30220.0,370.4
12660.0,30220.0,370.8
12680.0,30220.0,371.1
12700.0,30220.0,371.3
12720.0,30220.0,371.6
12740.0,30220.0,371.8
12760.0,30220.0,372.0
12780.0,30220.0,372.1
12800.0,30220.0,372.3
12820.0,30220.0,372.3
12840.0,30220.0,372.4
12860.0,30220.0,372.4
12880.0,30220.0,372.4
12900.0,30220.0,372.4
12920.0,30220.0,372.3
12940.0,30220.0,372.2
12960.0,30220.0,372.1
12980.0,30220.0,371.9
13000.0,30220.0,371.8
13020.0,30220.0,371.6
13040.0,30220.0,371.4
13060.0,30220.0,371.2
13080.0,30220.0,370.9
13100.0,30220.0,370.6
13120.0,30220.0,370.4
13140.0,30220.0,370.1
13160.0,30220.0,369.8
13180.0,30220.0,369.5
13200.0,30220.0,369.2
13220.0,30220.0,368.9
13240.0,30220.0,368.6
13260.0,30220.0,368.2
13280.0,30220.0,367.9
13300.0,30220.0,367.6
13320.0,30220.0,367.3
13340.0,30220.0,367.0
13360.0,30220.0,366.7
13380.0,30220.0,366.5
13400.0,30220.0,366.2
13420.0,30220.0,365.9
13440.0,30220.0,365.7
13460.0,30220.0,365.5
13480.0,30220.0,365.2
13500.0,30220.0,365.0
13520.0,30220.0,364.9
13540.0,30220.0,364.7
13560.0,30220.0,364.5
13580.0,30220.0,364.4
13600.0,30220.0,364.2
10800.0,30240.0,398.6
10820.0,30240.0,398.8
10840.0,30240.0,399.0
10860.0,30240.0,399.1
10880.0,30240.0,399.1
10900.0,30240.0,399.1
10920.0,30240.0,399.0
10940.0,30240.0,398.9
10960.0,30240.0,398.7
10980.0,30240.0,398.4
11000.0,30240.0,398.1
11020.0,30240.0,397.7
11040.0,30240.0,397.3
11060.0,30240.0,396.8
11080.0,30240.0,396.2
11100.0,30240.0,395.6
11120.0,30240.0,394.9
11140.0,30240.0,394.2
11160.0,30240.0,393.4
11180.0,30240.0,392.5
11200.0,30240.0,391.6
11220.0,30240.0,390.7
11240.0,30240.0,389.7
11260.0,30240.0,388.7
11280.0,30240.0,387.6
11300.0,30240.0,386.5
11320.0,30240.0,385.4
11340.0,30240.0,384.3
11360.0,30240.0,383.1
11380.0,30240.0,381.9
11400.0,30240.0,380.7
11420.0,30240.0,379.5
11440.0,30240.0,378.3
11460.0,30240.0,377.1
11480.0,30240.0,375.9
11500.0,30240.0,374.7
11520.0,30240.0,373.6
11540.0,30240.0,372.4
11560.0,30240.0,371.3
11580.0,30240.0,370.2
11600.0,30240.0,369.1
11620.0,30240.0,368.1
11640.0,30240.0,367.1
11660.0,30240.0,366.1
11680.0,30240.0,365.2
11700.0,30240.0,364.3
11720.0,30240.0,363.5
11740.0,30240.0,362.8
11760.0,30240.0,362.0
11780.0,30240.0,361.4
11800.0,30240.0,360.8
11820.0,30240.0,360.2
11840.0,30240.0,359.7
11860.0,30240.0,359.3
11880.0,30240.0,358.9
11900.0,30240.0,358.6
11920.0,30240.0,358.4
11940.0,30240.0,358.1
11960.0,30240.0,358.0
11980.0,30240.0,357.9
12000.0,30240.0,357.9
12020.0,30240.0,357.9
12040.0,30240.0,358.0
12060.0,30240.0,358.1
12080.0,30240.0,358.2
12100.0,30240.0,358.4
12120.0,30240.0,358.7
12140.0,30240.0,359.0
12160.0,30240.0,359.3
12180.0,30240.0,359.6
12200.0,30240.0,360.0
12220.0,30240.0,360.4
12240.0,30240.0,360.9
12260.0,30240.0,361.3
12280.0,30240.0,361.8
12300.0,30240.0,362.3
12320.0,30240.0,362.8
12340.0,30240.0,363.3
12360.0,30240.0,363.9
12380.0,30240.0,364.4
12400.0,30240.0,364.9
12420.0,30240.0,365.4
12440.0,30240.0,365.9
12460.0,30240.0,366.4
12480.0,30240.0,366.9
12500.0,30240.0,367.4
12520.0,30240.0,367.9
12540.0,30240.0,368.3
12560.0,30240.0,368.8
12580.0,30240.0,369.2
12600.0,30240.0,369.6
12620.0,30240.0,369.9
12640.0,30240.0,370.3
12660.0,30240.0,370.6
12680.0,30240.0,370.8
12700.0,30240.0,371.1
12720.0,30240.0,371.3
12740.0,30240.0,371.5
12760.0,30240.0,371.7
12780.0,30240.0,371.8
12800.0,30240.0,371.9
12820.0,30240.0,372.0
12840.0,30240.0,372.0
12860.0,30240.0,372.0
12880.0,30240.0,372.0
12900.0,30240.0,371.9
12920.0,30240.0,371.9
12940.0,30240.0,371.8
12960.0,30240.0,371.6
12980.0,30240.0,371.5
13000.0,30240.0,371.3
13020.0,30240.0,371.1
13040.0,30240.0,370.9
13060.0,30240.0,370.7
13080.0,30240.0,370.5
13100.0,30240.0,370.2
13120.0,30240.0,370.0
13140.0,30240.0,369.7
13160.0,30240.0,369.4
13180.0,30240.0,369.2
13200.0,30240.0,368.9
13220.0,30240.0,368.6
13240.0,30240.0,368.3
13260.0,30240.0,368.0
13280.0,30240.0,367.7
13300.0,30240.0,367.5
13320.0,30240.0,367.2
13340.0,30240.0,366.9
13360.0,30240.0,366.7
13380.0,30240.0,366.4
13400.0,30240.0,366.2
13420.0,30240.0,366.0
13440.0,30240.0,365.8
13460.0,30240.0,365.6
13480.0,30240.0,365.4
13500.0,30240.0,365.2
13520.0,30240.0,365.1
13540.0,30240.0,364.9
13560.0,30240.0,364.8
13580.0,30240.0,364.7
13600.0,30240.0,364.6
10800.0,30260.0,398.1
10820.0,30260.0,398.3
10840.0,30260.0,398.4
10860.0,30260.0,398.5
10880.0,30260.0,398.5
10900.0,30260.0,398.5
10920.0,30260.0,398.4
10940.0,30260.0,398.3
10960.0,30260.0,398.1
10980.0,30260.0,397.8
11000.0,30260.0,397.5
11020.0,30260.0,397.1
11040.0,30260.0,396.7
11060.0,30260.0,396.2
11080.0,30260.0,395.6
11100.0,30260.0,395.0
11120.0,30260.0,394.3
11140.0,30260.0,393.6
11160.0,30260.0,392.8
11180.0,30260.0,391.9
11200.0,30260.0,391.1
11220.0,30260.0,390.1
11240.0,30260.0,389.2
11260.0,30260.0,388.2
11280.0,30260.0,387.1
11300.0,30260.0,386.0
11320.0,30260.0,384.9
11340.0,30260.0,383.8
11360.0,30260.0,382.7
11380.0,30260.0,381.5
11400.0,30260.0,380.3
11420.0,30260.0,379.2
11440.0,30260.0,378.0
11460.0,30260.0,376.8
11480.0,30260.0,375.7
11500.0,30260.0,374.5
11520.0,30260.0,373.4
11540.0,30260.0,372.3
11560.0,30260.0,371.2
11580.0,30260.0,370.1
11600.0,30260.0,369.1
11620.0,30260.0,368.0
11640.0,30260.0,367.1
11660.0,30260.0,366.2
11680.0,30260.0,365.3
11700.0,30260.0,364.4
11720.0,30260.0,363.6
11740.0,30260.0,362.9
11760.0,30260.0,362.2
11780.0,30260.0,361.6
11800.0,30260.0,361.0
11820.0,30260.0,360.5
11840.0,30260.0,360.0
11860.0,30260.0,359.6
11880.0,30260.0,359.3
11900.0,30260.0,359.0
11920.0,30260.0,358.7
11940.0,30260.0,358.5
11960.0,30260.0,358.4
11980.0,30260.0,358.3
12000.0,30260.0,358.3
12020.0,30260.0,358.3
12040.0,30260.0,358.4
12060.0,30260.0,358.5
12080.0,30260.0,358.7
12100.0,30260.0,358.9
12120.0,30260.0,359.1
12140.0,30260.0,359.4
12160.0,30260.0,359.7
12180.0,30260.0,360.1
12200.0,30260.0,360.4
12220.0,30260.0,360.8
12240.0,30260.0,361.3
12260.0,30260.0,361.7
12280.0,30260.0,362.2
12300.0,30260.0,362.6
12320.0,30260.0,363.1
12340.0,30260.0,363.6
12360.0,30260.0,364.1
12380.0,30260.0,364.6
12400.0,30260.0,365.1
12420.0,30260.0,365.6
12440.0,30260.0,366.1
12460.0,30260.0,366.6
12480.0,30260.0,367.0
12500.0,30260.0,367.5
12520.0,30260.0,367.9
12540.0,30260.0,368.3
12560.0,30260.0,368.7
12580.0,30260.0,369.1
12600.0,30260.0,369.5
12620.0,30260.0,369.8
12640.0,30260.0,370.1
12660.0,30260.0,370.4
12680.0,30260.0,370.6
12700.0,30260.0,370.9
12720.0,30260.0,371.1
12740.0,30260.0,371.2
12760.0,30260.0,371.4
12780.0,30260.0,371.5
12800.0,30260.0,371.5
12820.0,30260.0,371.6
12840.0,30260.0,371.6
12860.0,30260.0,371.6
12880.0,30260.0,371.6
12900.0,30260.0,371.5
12920.0,30260.0,371.5
12940.0,30260.0,371.4
12960.0,30260.0,371.2
12980.0,30260.0,371.1
13000.0,30260.0,370.9
13020.0,30260.0,370.7
13040.0,30260.0,370.5
13060.0,30260.0,370.3
13080.0,30260.0,370.1
13100.0,30260.0,369.9
13120.0,30260.0,369.6
13140.0,30260.0,369.4
13160.0,30260.0,369.1
13180.0,30260.0,368.9
13200.0,30260.0,368.6
13220.0,30260.0,368.3
13240.0,30260.0,368.1
13260.0,30260.0,367.8
13280.0,30260.0,367.6
13300.0,30260.0,367.3
13320.0,30260.0,367.1
13340.0,30260.0,366.9
13360.0,30260.0,366.6
13380.0,30260.0,366.4
13400.0,30260.0,366.2
13420.0,30260.0,366.0
13440.0,30260.0,365.9
13460.0,30260.0,365.7
13480.0,30260.0,365.6
13500.0,30260.0,365.4
13520.0,30260.0,365.3
13540.0,30260.0,365.2
13560.0,30260.0,365.1
13580.0,30260.0,365.0
13600.0,30260.0,365.0
10800.0,30280.0,397.6
10820.0,30280.0,397.8
10840.0,30280.0,397.9
10860.0,30280.0,397.9
10880.0,30280.0,397.9
10900.0,30280.0,397.9
10920.0,30280.0,397.8
10940.0,30280.0,397.7
10960.0,30280.0,397.4
10980.0,30280.0,397.2
11000.0,30280.0,396.8
11020.0,30280.0,396.5
11040.0,30280.0,396.0
11060.0,30280.0,395.5
11080.0,30280.0,394.9
11100.0,30280.0,394.3
11120.0,30280.0,393.7
11140.0,30280.0,392.9
11160.0,30280.0,392.2
11180.0,30280.0,391.3
11200.0,30280.0,390.5
11220.0,30280.0,389.5
11240.0,30280.0,388.6
11260.0,30280.0,387.6
11280.0,30280.0,386.6
11300.0,30280.0,385.5
11320.0,30280.0,384.5
11340.0,30280.0,383.4
11360.0,30280.0,382.2
11380.0,30280.0,381.1
11400.0,30280.0,380.0
11420.0,30280.0,378.8
11440.0,30280.0,377.7
11460.0,30280.0,376.5
11480.0,30280.0,375.4
11500.0,30280.0,374.3
11520.0,30280.0,373.2
11540.0,30280.0,372.1
11560.0,30280.0,371.0
11580.0,30280.0,370.0
11600.0,30280.0,369.0
11620.0,30280.0,368.0
11640.0,30280.0,367.1
11660.0,30280.0,366.2
11680.0,30280.0,365.3
11700.0,30280.0,364.5
11720.0,30280.0,363.8
11740.0,30280.0,363.1
11760.0,30280.0,362.4
11780.0,30280.0,361.8
11800.0,30280.0,361.3
11820.0,30280.0,360.8
11840.0,30280.0,360.3
11860.0,30280.0,359.9
11880.0,30280.0,359.6
11900.0,30280.0,359.3
11920.0,30280.0,359.1
11940.0,30280.0,358.9
11960.0,30280.0,358.8
11980.0,30280.0,358.7
12000.0,30280.0,358.7
12020.0,30280.0,358.7
12040.0,30280.0,358.8
12060.0,30280.0,358.9
12080.0,30280.0,359.1
12100.0,30280.0,359.3
12120.0,30280.0,359.6
12140.0,30280.0,359.8
12160.0,30280.0,360.1
12180.0,30280.0,360.5
12200.0,30280.0,360.8
12220.0,30280.0,361.2
12240.0,30280.0,361.6
12260.0,30280.0,362.1
12280.0,30280.0,362.5
12300.0,30280.0,363.0
12320.0,30280.0,363.4
12340.0,30280.0,363.9
12360.0,30280.0,364.4
12380.0,30280.0,364.9
12400.0,30280.0,365.3
12420.0,30280.0,365.8
12440.0,30280.0,366.3
12460.0,30280.0,366.7
12480.0,30280.0,367.1
12500.0,30280.0,367.6
12520.0,30280.0,368.0
12540.0,30280.0,368.4
12560.0,30280.0,368.7
12580.0,30280.0,369.1
12600.0,30280.0,369.4
12620.0,30280.0,369.7
12640.0,30280.0,370.0
12660.0,30280.0,370.2
12680.0,30280.0,370.5
12700.0,30280.0,370.7
12720.0,30280.0,370.8
12740.0,30280.0,371.0
12760.0,30280.0,371.1
12780.0,30280.0,371.2
12800.0,30280.0,371.2
12820.0,30280.0,371.3
12840.0,30280.0,371.3
12860.0,30280.0,371.3
12880.0,30280.0,371.2
12900.0,30280.0,371.2
12920.0,30280.0,371.1
12940.0,30280.0,371.0
12960.0,30280.0,370.8
12980.0,30280.0,370.7
13000.0,30280.0,370.5
13020.0,30280.0,370.4
13040.0,30280.0,370.2
13060.0,30280.0,370.0
13080.0,30280.0,369.7
13100.0,30280.0,369.5
13120.0,30280.0,369.3
13140.0,30280.0,369.1
13160.0,30280.0,368.8
13180.0,30280.0,368.6
13200.0,30280.0,368.4
13220.0,30280.0,368.1
13240.0,30280.0,367.9
13260.0,30280.0,367.7
13280.0,30280.0,367.4
13300.0,30280.0,367.2
13320.0,30280.0,367.0
13340.0,30280.0,366.8
13360.0,30280.0,366.6
13380.0,30280.0,366.5
13400.0,30280.0,366.3
13420.0,30280.0,366.1
13440.0,30280.0,366.0
13460.0,30280.0,365.9
13480.0,30280.0,365.8
13500.0,30280.0,365.7
13520.0,30280.0,365.6
13540.0,30280.0,365.5
13560.0,30280.0,365.5
13580.0,30280.0,365.4
13600.0,30280.0,365.4
10800.0,30300.0,397.1
10820.0,30300.0,397.2
10840.0,30300.0,397.3
10860.0,30300.0,397.4
10880.0,30300.0,397.4
10900.0,30300.0,397.3
10920.0,30300.0,397.2
10940.0,30300.0,397.0
10960.0,30300.0,396.8
10980.0,30300.0,396.5
11000.0,30300.0,396.2
11020.0,30300.0,395.8
11040.0,30300.0,395.4
11060.0,30300.0,394.9
11080.0,30300.0,394.3
11100.0,30300.0,393.7
11120.0,30300.0,393.0
11140.0,30300.0,392.3
11160.0,30300.0,391.5
11180.0,30300.0,390.7
11200.0,30300.0,389.9
11220.0,30300.0,389.0
11240.0,30300.0,388.0
11260.0,30300.0,387.1
11280.0,30300.0,386.1
11300.0,30300.0,385.0
11320.0,30300.0,384.0
11340.0,30300.0,382.9
11360.0,30300.0,381.8
11380.0,30300.0,380.7
11400.0,30300.0,379.6
11420.0,30300.0,378.5
11440.0,30300.0,377.4
11460.0,30300.0,376.3
11480.0,30300.0,375.2
11500.0,30300.0,374.1
11520.0,30300.0,373.0
11540.0,30300.0,371.9
11560.0,30300.0,370.9
11580.0,30300.0,369.9
11600.0,30300.0,368.9
11620.0,30300.0,368.0
11640.0,30300.0,367.1
11660.0,30300.0,366.2
11680.0,30300.0,365.4
11700.0,30300.0,364.6
11720.0,30300.0,363.9
11740.0,30300.0,363.2
11760.0,30300.0,362.6
11780.0,30300.0,362.0
11800.0,30300.0,361.5
11820.0,30300.0,361.0
11840.0,30300.0,360.6
11860.0,30300.0,360.2
11880.0,30300.0,359.9
11900.0,30300.0,359.7
11920.0,30300.0,359.5
11940.0,30300.0,359.3
11960.0,30300.0,359.2
11980.0,30300.0,359.2
12000.0,30300.0,359.1
12020.0,30300.0,359.2
12040.0,30300.0,359.3
12060.0,30300.0,359.4
12080.0,30300.0,359.6
12100.0,30300.0,359.8
12120.0,30300.0,360.0
12140.0,30300.0,360.3
12160.0,30300.0,360.6
12180.0,30300.0,360.9
12200.0,30300.0,361.3
12220.0,30300.0,361.6
12240.0,30300.0,362.0
12260.0,30300.0,362.5
12280.0,30300.0,362.9
12300.0,30300.0,363.3
12320.0,30300.0,363.8
12340.0,30300.0,364.2
12360.0,30300.0,364.7
12380.0,30300.0,365.1
12400.0,30300.0,365.6
12420.0,30300.0,366.0
12440.0,30300.0,366.4
12460.0,30300.0,366.9
12480.0,30300.0,367.3
12500.0,30300.0,367.7
12520.0,30300.0,368.0
12540.0,30300.0,368.4
12560.0,30300.0,368.7
12580.0,30300.0,369.1
12600.0,30300.0,369.4
12620.0,30300.0,369.6
12640.0,30300.0,369.9
12660.0,30300.0,370.1
12680.0,30300.0,370.3
12700.0,30300.0,370.5
12720.0,30300.0,370.6
12740.0,30300.0,370.8
12760.0,30300.0,370.8
12780.0,30300.0,370.9
12800.0,30300.0,371.0
12820.0,30300.0,371.0
12840.0,30300.0,371.0
12860.0,30300.0,370.9
12880.0,30300.0,370.9
12900.0,30300.0,370.8
12920.0,30300.0,370.7
12940.0,30300.0,370.6
12960.0,30300.0,370.5
12980.0,30300.0,370.3
13000.0,30300.0,370.2
13020.0,30300.0,370.0
13040.0,30300.0,369.8
13060.0,30300.0,369.6
13080.0,30300.0,369.4
13100.0,30300.0,369.2
13120.0,30300.0,369.0
13140.0,30300.0,368.8
13160.0,30300.0,368.6
13180.0,30300.0,368.4
13200.0,30300.0,368.1
13220.0,30300.0,367.9
13240.0,30300.0,367.7
13260.0,30300.0,367.5
13280.0,30300.0,367.3
13300.0,30300.0,367.1
13320.0,30300.0,367.0
13340.0,30300.0,366.8
13360.0,30300.0,366.7
13380.0,30300.0,366.5
13400.0,30300.0,366.4
13420.0,30300.0,366.3
13440.0,30300.0,366.2
13460.0,30300.0,366.1
13480.0,30300.0,366.0
13500.0,30300.0,365.9
13520.0,30300.0,365.9
13540.0,30300.0,365.9
13560.0,30300.0,365.8
13580.0,30300.0,365.8
13600.0,30300.0,365.8
10800.0,30320.0,396.5
10820.0,30320.0,396.7
10840.0,30320.0,396.7
10860.0,30320.0,396.8
10880.0,30320.0,396.8
10900.0,30320.0,396.7
10920.0,30320.0,396.6
10940.0,30320.0,396.4
10960.0,30320.0,396.2
10980.0,30320.0,395.9
11000.0,30320.0,395.5
11020.0,30320.0,395.1
11040.0,30320.0,394.7
11060.0,30320.0,394.2
11080.0,30320.0,393.6
11100.0,30320.0,393.0
11120.0,30320.0,392.4
11140.0,30320.0,391.7
11160.0,30320.0,390.9
11180.0,30320.0,390.1
11200.0,30320.0,389.3
11220.0,30320.0,388.4
11240.0,30320.0,387.5
11260.0,30320.0,386.5
11280.0,30320.0,385.5
11300.0,30320.0,384.5
11320.0,30320.0,383.5
11340.0,30320.0,382.4
11360.0,30320.0,381.4
11380.0,30320.0,380.3
11400.0,30320.0,379.2
11420.0,30320.0,378.1
11440.0,30320.0,377.1
11460.0,30320.0,376.0
11480.0,30320.0,374.9
11500.0,30320.0,373.8
11520.0,30320.0,372.8
11540.0,30320.0,371.8
11560.0,30320.0,370.8
11580.0,30320.0,369.8
11600.0,30320.0,368.9
11620.0,30320.0,368.0
11640.0,30320.0,367.1
11660.0,30320.0,366.3
11680.0,30320.0,365.5
11700.0,30320.0,364.8
11720.0,30320.0,364.1
11740.0,30320.0,363.4
11760.0,30320.0,362.8
11780.0,30320.0,362.3
11800.0,30320.0,361.8
11820.0,30320.0,361.3
11840.0,30320.0,360.9
11860.0,30320.0,360.6
11880.0,30320.0,360.3
11900.0,30320.0,360.1
11920.0,30320.0,359.9
11940.0,30320.0,359.7
11960.0,30320.0,359.6
11980.0,30320.0,359.6
12000.0,30320.0,359.6
12020.0,30320.0,359.6
12040.0,30320.0,359.7
12060.0,30320.0,359.9
12080.0,30320.0,360.0
12100.0,30320.0,360.2
12120.0,30320.0,360.5
12140.0,30320.0,360.7
12160.0,30320.0,361.0
12180.0,30320.0,361.4
12200.0,30320.0,361.7
12220.0,30320.0,362.1
12240.0,30320.0,362.5
12260.0,30320.0,362.9
12280.0,30320.0,363.3
12300.0,30320.0,363.7
12320.0,30320.0,364.1
12340.0,30320.0,364.5
12360.0,30320.0,365.0
12380.0,30320.0,365.4
12400.0,30320.0,365.8
12420.0,30320.0,366.2
12440.0,30320.0,366.6
12460.0,30320.0,367.0
12480.0,30320.0,367.4
12500.0,30320.0,367.8
12520.0,30320.0,368.1
12540.0,30320.0,368.5
12560.0,30320.0,368.8
12580.0,30320.0,369.1
12600.0,30320.0,369.3
12620.0,30320.0,369.6
12640.0,30320.0,369.8
12660.0,30320.0,370.0
12680.0,30320.0,370.2
12700.0,30320.0,370.3
12720.0,30320.0,370.5
12740.0,30320.0,370.6
12760.0,30320.0,370.6
12780.0,30320.0,370.7
12800.0,30320.0,370.7
12820.0,30320.0,370.7
12840.0,30320.0,370.7
12860.0,30320.0,370.7
12880.0,30320.0,370.6
12900.0,30320.0,370.5
12920.0,30320.0,370.4
12940.0,30320.0,370.3
12960.0,30320.0,370.2
12980.0,30320.0,370.0
13000.0,30320.0,369.9
13020.0,30320.0,369.7
13040.0,30320.0,369.5
13060.0,30320.0,369.3
13080.0,30320.0,369.2
13100.0,30320.0,369.0
13120.0,30320.0,368.8
13140.0,30320.0,368.6
13160.0,30320.0,368.4
13180.0,30320.0,368.2
13200.0,30320.0,368.0
13220.0,30320.0,367.8
13240.0,30320.0,367.6
13260.0,30320.0,367.4
13280.0,30320.0,367.3
13300.0,30320.0,367.1
13320.0,30320.0,367.0
13340.0,30320.0,366.8
13360.0,30320.0,366.7
13380.0,30320.0,366.6
13400.0,30320.0,366.5
13420.0,30320.0,366.4
13440.0,30320.0,366.4
13460.0,30320.0,366.3
13480.0,30320.0,366.3
13500.0,30320.0,366.2
13520.0,30320.0,366.2
13540.0,30320.0,366.2
13560.0,30320.0,366.2
13580.0,30320.0,366.2
13600.0,30320.0,366.3
10800.0,30340.0,396.0
10820.0,30340.0,396.1
10840.0,30340.0,396.2
10860.0,30340.0,396.2
10880.0,30340.0,396.2
10900.0,30340.0,396.1
10920.0,30340.0,395.9
10940.0,30340.0,395.8
10960.0,30340.0,395.5
10980.0,30340.0,395.2
11000.0,30340.0,394.9
11020.0,30340.0,394.5
11040.0,30340.0,394.0
11060.0,30340.0,393.5
11080.0,30340.0,393.0
11100.0,30340.0,392.4
11120.0,30340.0,391.7
11140.0,30340.0,391.0
11160.0,30340.0,390.3
11180.0,30340.0,389.5
11200.0,30340.0,388.7
11220.0,30340.0,387.8
11240.0,30340.0,386.9
11260.0,30340.0,386.0
11280.0,30340.0,385.0
11300.0,30340.0,384.0
11320.0,30340.0,383.0
11340.0,30340.0,382.0
11360.0,30340.0,381.0
11380.0,30340.0,379.9
11400.0,30340.0,378.9
11420.0,30340.0,377.8
11440.0,30340.0,376.7
11460.0,30340.0,375.7
11480.0,30340.0,374.7
11500.0,30340.0,373.6
11520.0,30340.0,372.6
11540.0,30340.0,371.6
11560.0,30340.0,370.7
11580.0,30340.0,369.8
11600.0,30340.0,368.8
11620.0,30340.0,368.0
11640.0,30340.0,367.1
11660.0,30340.0,366.4
11680.0,30340.0,365.6
11700.0,30340.0,364.9
11720.0,30340.0,364.2
11740.0,30340.0,363.6
11760.0,30340.0,363.0
11780.0,30340.0,362.5
11800.0,30340.0,362.0
11820.0,30340.0,361.6
11840.0,30340.0,361.2
11860.0,30340.0,360.9
11880.0,30340.0,360.7
11900.0,30340.0,360.4
11920.0,30340.0,360.3
11940.0,30340.0,360.1
11960.0,30340.0,360.1
11980.0,30340.0,360.0
12000.0,30340.0,360.0
12020.0,30340.0,360.1
12040.0,30340.0,360.2
12060.0,30340.0,360.3
12080.0,30340.0,360.5
12100.0,30340.0,360.7
12120.0,30340.0,360.9
12140.0,30340.0,361.2
12160.0,30340.0,361.5
12180.0,30340.0,361.8
12200.0,30340.0,362.1
12220.0,30340.0,362.5
12240.0,30340.0,362.9
12260.0,30340.0,363.3
12280.0,30340.0,363.6
12300.0,30340.0,364.0
12320.0,30340.0,364.5
12340.0,30340.0,364.9
12360.0,30340.0,365.3
12380.0,30340.0,365.7
12400.0,30340.0,366.1
12420.0,30340.0,366.5
12440.0,30340.0,366.8
12460.0,30340.0,367.2
12480.0,30340.0,367.6
12500.0,30340.0,367.9
12520.0,30340.0,368.2
12540.0,30340.0,368.5
12560.0,30340.0,368.8
12580.0,30340.0,369.1
12600.0,30340.0,369.3
12620.0,30340.0,369.6
12640.0,30340.0,369.8
12660.0,30340.0,369.9
12680.0,30340.0,370.1
12700.0,30340.0,370.2
12720.0,30340.0,370.3
12740.0,30340.0,370.4
12760.0,30340.0,370.4
12780.0,30340.0,370.5
12800.0,30340.0,370.5
12820.0,30340.0,370.5
12840.0,30340.0,370.5
12860.0,30340.0,370.4
12880.0,30340.0,370.3
12900.0,30340.0,370.2
12920.0,30340.0,370.1
12940.0,30340.0,370.0
12960.0,30340.0,369.9
12980.0,30340.0,369.8
13000.0,30340.0,369.6
13020.0,30340.0,369.4
13040.0,30340.0,369.3
13060.0,30340.0,369.1
13080.0,30340.0,368.9
13100.0,30340.0,368.7
13120.0,30340.0,368.6
13140.0,30340.0,368.4
13160.0,30340.0,368.2
13180.0,30340.0,368.0
13200.0,30340.0,367.8
13220.0,30340.0,367.7
13240.0,30340.0,367.5
13260.0,30340.0,367.4
13280.0,30340.0,367.2
13300.0,30340.0,367.1
13320.0,30340.0,367.0
13340.0,30340.0,366.9
13360.0,30340.0,366.8
13380.0,30340.0,366.7
13400.0,30340.0,366.7
13420.0,30340.0,366.6
13440.0,30340.0,366.6
13460.0,30340.0,366.6
13480.0,30340.0,366.6
13500.0,30340.0,366.6
13520.0,30340.0,366.6
13540.0,30340.0,366.6
13560.0,30340.0,366.6
13580.0,30340.0,366.7
13600.0,30340.0,366.8
10800.0,30360.0,395.5
10820.0,30360.0,395.6
10840.0,30360.0,395.6
10860.0,30360.0,395.6
10880.0,30360.0,395.6
10900.0,30360.0,395.5
10920.0,30360.0,395.3
10940.0,30360.0,395.1
10960.0,30360.0,394.9
10980.0,30360.0,394.6
11000.0,30360.0,394.2
11020.0,30360.0,393.8
11040.0,30360.0,393.4
11060.0,30360.0,392.9
11080.0,30360.0,392.3
11100.0,30360.0,391.7
11120.0,30360.0,391.1
11140.0,30360.0,390.4
11160.0,30360.0,389.7
11180.0,30360.0,388.9
11200.0,30360.0,388.1
11220.0,30360.0,387.2
11240.0,30360.0,386.3
11260.0,30360.0,385.4
11280.0,30360.0,384.5
11300.0,30360.0,383.5
11320.0,30360.0,382.5
11340.0,30360.0,381.5
11360.0,30360.0,380.5
11380.0,30360.0,379.5
11400.0,30360.0,378.5
11420.0,30360.0,377.5
11440.0,30360.0,376.4
11460.0,30360.0,375.4
11480.0,30360.0,374.4
11500.0,30360.0,373.4
11520.0,30360.0,372.5
11540.0,30360.0,371.5
11560.0,30360.0,370.6
11580.0,30360.0,369.7
11600.0,30360.0,368.8
11620.0,30360.0,368.0
11640.0,30360.0,367.2
11660.0,30360.0,366.4
11680.0,30360.0,365.7
11700.0,30360.0,365.0
11720.0,30360.0,364.4
11740.0,30360.0,363.8
11760.0,30360.0,363.3
11780.0,30360.0,362.8
11800.0,30360.0,362.3
11820.0,30360.0,361.9
11840.0,30360.0,361.6
11860.0,30360.0,361.3
11880.0,30360.0,361.0
11900.0,30360.0,360.8
11920.0,30360.0,360.7
11940.0,30360.0,360.6
11960.0,30360.0,360.5
11980.0,30360.0,360.5
12000.0,30360.0,360.5
12020.0,30360.0,360.6
12040.0,30360.0,360.7
12060.0,30360.0,360.8
12080.0,30360.0,361.0
12100.0,30360.0,361.2
12120.0,30360.0,361.4
12140.0,30360.0,361.7
12160.0,30360.0,362.0
12180.0,30360.0,362.3
12200.0,30360.0,362.6
12220.0,30360.0,362.9
12240.0,30360.0,363.3
12260.0,30360.0,363.7
12280.0,30360.0,364.0
12300.0,30360.0,364.4
12320.0,30360.0,364.8
12340.0,30360.0,365.2
12360.0,30360.0,365.6
12380.0,30360.0,366.0
12400.0,30360.0,366.3
12420.0,30360.0,366.7
12440.0,30360.0,367.1
12460.0,30360.0,367.4
12480.0,30360.0,367.7
12500.0,30360.0,368.1
12520.0,30360.0,368.4
12540.0,30360.0,368.6
12560.0,30360.0,368.9
12580.0,30360.0,369.1
12600.0,30360.0,369.4
12620.0,30360.0,369.6
12640.0,30360.0,369.7
12660.0,30360.0,369.9
12680.0,30360.0,370.0
12700.0,30360.0,370.1
12720.0,30360.0,370.2
12740.0,30360.0,370.3
12760.0,30360.0,370.3
12780.0,30360.0,370.3
12800.0,30360.0,370.3
12820.0,30360.0,370.3
12840.0,30360.0,370.2
12860.0,30360.0,370.2
12880.0,30360.0,370.1
12900.0,30360.0,370.0
12920.0,30360.0,369.9
12940.0,30360.0,369.8
12960.0,30360.0,369.7
12980.0,30360.0,369.5
13000.0,30360.0,369.4
13020.0,30360.0,369.2
13040.0,30360.0,369.0
13060.0,30360.0,368.9
13080.0,30360.0,368.7
13100.0,30360.0,368.5
13120.0,30360.0,368.4
13140.0,30360.0,368.2
13160.0,30360.0,368.1
13180.0,30360.0,367.9
13200.0,30360.0,367.8
13220.0,30360.0,367.6
13240.0,30360.0,367.5
13260.0,30360.0,367.4
13280.0,30360.0,367.3
13300.0,30360.0,367.2
13320.0,30360.0,367.1
13340.0,30360.0,367.0
13360.0,30360.0,366.9
13380.0,30360.0,366.9
13400.0,30360.0,366.9
13420.0,30360.0,366.8
13440.0,30360.0,366.8
13460.0,30360.0,366.9
13480.0,30360.0,366.9
13500.0,30360.0,366.9
13520.0,30360.0,367.0
13540.0,30360.0,367.0
13560.0,30360.0,367.1
13580.0,30360.0,367.2
13600.0,30360.0,367.3
10800.0,30380.0,395.0
10820.0,30380.0,395.0
10840.0,30380.0,395.1
10860.0,30380.0,395.1
10880.0,30380.0,395.0
10900.0,30380.0,394.9
10920.0,30380.0,394.7
10940.0,30380.0,394.5
10960.0,30380.0,394.3
10980.0,30380.0,394.0
11000.0,30380.0,393.6
11020.0,30380.0,393.2
11040.0,30380.0,392.7
11060.0,30380.0,392.2
11080.0,30380.0,391.7
11100.0,30380.0,391.1
11120.0,30380.0,390.5
11140.0,30380.0,389.8
11160.0,30380.0,389.0
11180.0,30380.0,388.3
11200.0,30380.0,387.5
11220.0,30380.0,386.6
11240.0,30380.0,385.8
11260.0,30380.0,384.9
11280.0,30380.0,384.0
11300.0,30380.0,383.0
11320.0,30380.0,382.1
11340.0,30380.0,381.1
11360.0,30380.0,380.1
11380.0,30380.0,379.1
11400.0,30380.0,378.1
11420.0,30380.0,377.1
11440.0,30380.0,376.2
11460.0,30380.0,375.2
11480.0,30380.0,374.2
11500.0,30380.0,373.2
11520.0,30380.0,372.3
11540.0,30380.0,371.4
11560.0,30380.0,370.5
11580.0,30380.0,369.6
11600.0,30380.0,368.8
11620.0,30380.0,368.0
11640.0,30380.0,367.2
11660.0,30380.0,366.5
11680.0,30380.0,365.8
11700.0,30380.0,365.2
11720.0,30380.0,364.6
11740.0,30380.0,364.0
11760.0,30380.0,363.5
11780.0,30380.0,363.0
11800.0,30380.0,362.6
11820.0,30380.0,362.2
11840.0,30380.0,361.9
11860.0,30380.0,361.6
11880.0,30380.0,361.4
11900.0,30380.0,361.2
11920.0,30380.0,361.1
11940.0,30380.0,361.0
11960.0,30380.0,360.9
11980.0,30380.0,360.9
12000.0,30380.0,361.0
12020.0,30380.0,361.0
12040.0,30380.0,361.1
12060.0,30380.0,361.3
12080.0,30380.0,361.4
12100.0,30380.0,361.7
12120.0,30380.0,361.9
12140.0,30380.0,362.1
12160.0,30380.0,362.4
12180.0,30380.0,362.7
12200.0,30380.0,363.0
12220.0,30380.0,363.4
12240.0,30380.0,363.7
12260.0,30380.0,364.1
12280.0,30380.0,364.4
12300.0,30380.0,364.8
12320.0,30380.0,365.2
12340.0,30380.0,365.5
12360.0,30380.0,365.9
12380.0,30380.0,366.3
12400.0,30380.0,366.6
12420.0,30380.0,367.0
12440.0,30380.0,367.3
12460.0,30380.0,367.6
12480.0,30380.0,367.9
12500.0,30380.0,368.2
12520.0,30380.0,368.5
12540.0,30380.0,368.7
12560.0,30380.0,369.0
12580.0,30380.0,369.2
12600.0,30380.0,369.4
12620.0,30380.0,369.6
12640.0,30380.0,369.7
12660.0,30380.0,369.8
12680.0,30380.0,370.0
12700.0,30380.0,370.0
12720.0,30380.0,370.1
12740.0,30380.0,370.2
12760.0,30380.0,370.2
12780.0,30380.0,370.2
12800.0,30380.0,370.2
12820.0,30380.0,370.1
12840.0,30380.0,370.1
12860.0,30380.0,370.0
12880.0,30380.0,369.9
12900.0,30380.0,369.8
12920.0,30380.0,369.7
12940.0,30380.0,369.6
12960.0,30380.0,369.5
12980.0,30380.0,369.3
13000.0,30380.0,369.2
13020.0,30380.0,369.0
13040.0,30380.0,368.9
13060.0,30380.0,368.7
13080.0,30380.0,368.6
13100.0,30380.0,368.4
13120.0,30380.0,368.3
13140.0,30380.0,368.1
13160.0,30380.0,368.0
13180.0,30380.0,367.8
13200.0,30380.0,367.7
13220.0,30380.0,367.6
13240.0,30380.0,367.5
13260.0,30380.0,367.4
13280.0,30380.0,367.3
13300.0,30380.0,367.2
13320.0,30380.0,367.2
13340.0,30380.0,367.1
13360.0,30380.0,367.1
13380.0,30380.0,367.1
13400.0,30380.0,367.1
13420.0,30380.0,367.1
13440.0,30380.0,367.1
13460.0,30380.0,367.2
13480.0,30380.0,367.2
13500.0,30380.0,367.3
13520.0,30380.0,367.4
13540.0,30380.0,367.5
13560.0,30380.0,367.6
13580.0,30380.0,367.7
13600.0,30380.0,367.8
10800.0,30400.0,394.5
10820.0,30400.0,394.5
10840.0,30400.0,394.5
10860.0,30400.0,394.5
10880.0,30400.0,394.4
10900.0,30400.0,394.3
10920.0,30400.0,394.1
10940.0,30400.0,393.9
10960.0,30400.0,393.6
10980.0,30400.0,393.3
11000.0,30400.0,393.0
11020.0,30400.0,392.6
11040.0,30400.0,392.1
11060.0,30400.0,391.6
11080.0,30400.0,391.1
11100.0,30400.0,390.5
11120.0,30400.0,389.8
11140.0,30400.0,389.2
11160.0,30400.0,388.4
11180.0,30400.0,387.7
11200.0,30400.0,386.9
11220.0,30400.0,386.1
11240.0,30400.0,385.2
11260.0,30400.0,384.4
11280.0,30400.0,383.5
11300.0,30400.0,382.6
11320.0,30400.0,381.6
11340.0,30400.0,380.7
11360.0,30400.0,379.7
11380.0,30400.0,378.8
11400.0,30400.0,377.8
11420.0,30400.0,376.8
11440.0,30400.0,375.9
11460.0,30400.0,374.9
11480.0,30400.0,374.0
11500.0,30400.0,373.1
11520.0,30400.0,372.2
11540.0,30400.0,371.3
11560.0,30400.0,370.4
11580.0,30400.0,369.6
11600.0,30400.0,368.8
11620.0,30400.0,368.0
11640.0,30400.0,367.3
11660.0,30400.0,366.6
11680.0,30400.0,365.9
11700.0,30400.0,365.3
11720.0,30400.0,364.7
11740.0,30400.0,364.2
11760.0,30400.0,363.7
11780.0,30400.0,363.3
11800.0,30400.0,362.9
11820.0,30400.0,362.5
11840.0,30400.0,362.2
11860.0,30400.0,362.0
11880.0,30400.0,361.8
11900.0,30400.0,361.6
11920.0,30400.0,361.5
11940.0,30400.0,361.4
11960.0,30400.0,361.4
11980.0,30400.0,361.4
12000.0,30400.0,361.4
12020.0,30400.0,361.5
12040.0,30400.0,361.6
12060.0,30400.0,361.7
12080.0,30400.0,361.9
12100.0,30400.0,362.1
12120.0,30400.0,362.4
12140.0,30400.0,362.6
12160.0,30400.0,362.9
12180.0,30400.0,363.2
12200.0,30400.0,363.5
12220.0,30400.0,363.8
12240.0,30400.0,364.1
12260.0,30400.0,364.5
12280.0,30400.0,364.8
12300.0,30400.0,365.2
12320.0,30400.0,365.5
12340.0,30400.0,365.9
12360.0,30400.0,366.2
12380.0,30400.0,366.6
12400.0,30400.0,366.9
12420.0,30400.0,367.2
12440.0,30400.0,367.5
12460.0,30400.0,367.8
12480.0,30400.0,368.1
12500.0,30400.0,368.4
12520.0,30400.0,368.6
12540.0,30400.0,368.9
12560.0,30400.0,369.1
12580.0,30400.0,369.3
12600.0,30400.0,369.5
12620.0,30400.0,369.6
12640.0,30400.0,369.7
12660.0,30400.0,369.8
12680.0,30400.0,369.9
12700.0,30400.0,370.0
12720.0,30400.0,370.0
12740.0,30400.0,370.1
12760.0,30400.0,370.1
12780.0,30400.0,370.1
12800.0,30400.0,370.0
12820.0,30400.0,370.0
12840.0,30400.0,369.9
12860.0,30400.0,369.9
12880.0,30400.0,369.8
12900.0,30400.0,369.7
12920.0,30400.0,369.6
12940.0,30400.0,369.4
12960.0,30400.0,369.3
12980.0,30400.0,369.2
13000.0,30400.0,369.0
13020.0,30400.0,368.9
13040.0,30400.0,368.7
13060.0,30400.0,368.6
13080.0,30400.0,368.5
13100.0,30400.0,368.3
13120.0,30400.0,368.2
13140.0,30400.0,368.1
13160.0,30400.0,367.9
13180.0,30400.0,367.8
13200.0,30400.0,367.7
13220.0,30400.0,367.6
13240.0,30400.0,367.5
13260.0,30400.0,367.5
13280.0,30400.0,367.4
13300.0,30400.0,367.4
13320.0,30400.0,367.3
13340.0,30400.0,367.3
13360.0,30400.0,367.3
13380.0,30400.0,367.3
13400.0,30400.0,367.4
13420.0,30400.0,367.4
13440.0,30400.0,367.5
13460.0,30400.0,367.5
13480.0,30400.0,367.6
13500.0,30400.0,367.7
13520.0,30400.0,367.8
13540.0,30400.0,368.0
13560.0,30400.0,368.1
13580.0,30400.0,368.2
13600.0,30400.0,368.4
10800.0,30420.0,394.0
10820.0,30420.0,394.0
10840.0,30420.0,394.0
10860.0,30420.0,393.9
10880.0,30420.0,393.8
10900.0,30420.0,393.7
10920.0,30420.0,393.5
10940.0,30420.0,393.3
10960.0,30420.0,393.0
10980.0,30420.0,392.7
11000.0,30420.0,392.3
11020.0,30420.0,391.9
11040.0,30420.0,391.5
11060.0,30420.0,391.0
11080.0,30420.0,390.4
11100.0,30420.0,389.8
11120.0,30420.0,389.2
11140.0,30420.0,388.6
11160.0,30420.0,387.9
11180.0,30420.0,387.1
11200.0,30420.0,386.3
11220.0,30420.0,385.5
11240.0,30420.0,384.7
11260.0,30420.0,383.9
11280.0,30420.0,383.0
11300.0,30420.0,382.1
11320.0,30420.0,381.2
11340.0,30420.0,380.3
11360.0,30420.0,379.3
11380.0,30420.0,378.4
11400.0,30420.0,377.5
11420.0,30420.0,376.5
11440.0,30420.0,375.6
11460.0,30420.0,374.7
11480.0,30420.0,373.8
11500.0,30420.0,372.9
11520.0,30420.0,372.0
11540.0,30420.0,371.2
11560.0,30420.0,370.3
11580.0,30420.0,369.5
11600.0,30420.0,368.8
11620.0,30420.0,368.0
11640.0,30420.0,367.3
11660.0,30420.0,366.7
11680.0,30420.0,366.1
11700.0,30420.0,365.5
11720.0,30420.0,364.9
11740.0,30420.0,364.4
11760.0,30420.0,364.0
11780.0,30420.0,363.5
11800.0,30420.0,363.2
11820.0,30420.0,362.9
11840.0,30420.0,362.6
11860.0,30420.0,362.3
11880.0,30420.0,362.1
11900.0,30420.0,362.0
11920.0,30420.0,361.9
11940.0,30420.0,361.8
11960.0,30420.0,361.8
11980.0,30420.0,361.8
12000.0,30420.0,361.9
12020.0,30420.0,361.9
12040.0,30420.0,362.1
12060.0,30420.0,362.2
12080.0,30420.0,362.4
12100.0,30420.0,362.6
12120.0,30420.0,362.8
12140.0,30420.0,363.1
12160.0,30420.0,363.4
12180.0,30420.0,363.6
12200.0,30420.0,363.9
12220.0,30420.0,364.3
12240.0,30420.0,364.6
12260.0,30420.0,364.9
12280.0,30420.0,365.2
12300.0,30420.0,365.6
12320.0,30420.0,365.9
12340.0,30420.0,366.2
12360.0,30420.0,366.6
12380.0,30420.0,366.9
12400.0,30420.0,367.2
12420.0,30420.0,367.5
12440.0,30420.0,367.8
12460.0,30420.0,368.1
12480.0,30420.0,368.3
12500.0,30420.0,368.6
12520.0,30420.0,368.8
12540.0,30420.0,369.0
12560.0,30420.0,369.2
12580.0,30420.0,369.4
12600.0,30420.0,369.5
12620.0,30420.0,369.7
12640.0,30420.0,369.8
12660.0,30420.0,369.9
12680.0,30420.0,369.9
12700.0,30420.0,370.0
12720.0,30420.0,370.0
12740.0,30420.0,370.0
12760.0,30420.0,370.0
12780.0,30420.0,370.0
12800.0,30420.0,370.0
12820.0,30420.0,369.9
12840.0,30420.0,369.8
12860.0,30420.0,369.8
12880.0,30420.0,369.7
12900.0,30420.0,369.6
12920.0,30420.0,369.4
12940.0,30420.0,369.3
12960.0,30420.0,369.2
12980.0,30420.0,369.1
13000.0,30420.0,368.9
13020.0,30420.0,368.8
13040.0,30420.0,368.7
13060.0,30420.0,368.5
13080.0,30420.0,368.4
13100.0,30420.0,368.3
13120.0,30420.0,368.2
13140.0,30420.0,368.0
13160.0,30420.0,367.9
13180.0,30420.0,367.8
13200.0,30420.0,367.8
13220.0,30420.0,367.7
13240.0,30420.0,367.6
13260.0,30420.0,367.6
13280.0,30420.0,367.6
13300.0,30420.0,367.5
13320.0,30420.0,367.5
13340.0,30420.0,367.6
13360.0,30420.0,367.6
13380.0,30420.0,367.6
13400.0,30420.0,367.7
13420.0,30420.0,367.8
13440.0,30420.0,367.8
13460.0,30420.0,367.9
13480.0,30420.0,368.1
13500.0,30420.0,368.2
13520.0,30420.0,368.3
13540.0,30420.0,368.5
13560.0,30420.0,368.6
13580.0,30420.0,368.8
13600.0,30420.0,369.0
10800.0,30440.0,393.5
10820.0,30440.0,393.5
10840.0,30440.0,393.5
10860.0,30440.0,393.4
10880.0,30440.0,393.3
10900.0,30440.0,393.1
10920.0,30440.0,392.9
10940.0,30440.0,392.7
10960.0,30440.0,392.4
10980.0,30440.0,392.1
11000.0,30440.0,391.7
11020.0,30440.0,391.3
11040.0,30440.0,390.9
11060.0,30440.0,390.4
11080.0,30440.0,389.8
11100.0,30440.0,389.2
11120.0,30440.0,388.6
11140.0,30440.0,388.0
11160.0,30440.0,387.3
11180.0,30440.0,386.5
11200.0,30440.0,385.8
11220.0,30440.0,385.0
11240.0,30440.0,384.2
11260.0,30440.0,383.4
11280.0,30440.0,382.5
11300.0,30440.0,381.6
11320.0,30440.0,380.8
11340.0,30440.0,379.9
11360.0,30440.0,379.0
11380.0,30440.0,378.1
11400.0,30440.0,377.2
11420.0,30440.0,376.3
11440.0,30440.0,375.4
11460.0,30440.0,374.5
11480.0,30440.0,373.6
11500.0,30440.0,372.7
11520.0,30440.0,371.9
11540.0,30440.0,371.1
11560.0,30440.0,370.3
11580.0,30440.0,369.5
11600.0,30440.0,368.8
11620.0,30440.0,368.1
11640.0,30440.0,367.4
11660.0,30440.0,366.8
11680.0,30440.0,366.2
11700.0,30440.0,365.6
11720.0,30440.0,365.1
11740.0,30440.0,364.6
11760.0,30440.0,364.2
11780.0,30440.0,363.8
11800.0,30440.0,363.5
11820.0,30440.0,363.2
11840.0,30440.0,362.9
11860.0,30440.0,362.7
11880.0,30440.0,362.5
11900.0,30440.0,362.4
11920.0,30440.0,362.3
11940.0,30440.0,362.2
11960.0,30440.0,362.2
11980.0,30440.0,362.3
12000.0,30440.0,362.3
12020.0,30440.0,362.4
12040.0,30440.0,362.5
12060.0,30440.0,362.7
12080.0,30440.0,362.9
12100.0,30440.0,363.1
12120.0,30440.0,363.3
12140.0,30440.0,363.5
12160.0,30440.0,363.8
12180.0,30440.0,364.1
12200.0,30440.0,364.4
12220.0,30440.0,364.7
12240.0,30440.0,365.0
12260.0,30440.0,365.3
12280.0,30440.0,365.6
12300.0,30440.0,366.0
12320.0,30440.0,366.3
12340.0,30440.0,366.6
12360.0,30440.0,366.9
12380.0,30440.0,367.2
12400.0,30440.0,367.5
12420.0,30440.0,367.8
12440.0,30440.0,368.1
12460.0,30440.0,368.3
12480.0,30440.0,368.5
12500.0,30440.0,368.8
12520.0,30440.0,369.0
12540.0,30440.0,369.2
12560.0,30440.0,369.3
12580.0,30440.0,369.5
12600.0,30440.0,369.6
12620.0,30440.0,369.7
12640.0,30440.0,369.8
12660.0,30440.0,369.9
12680.0,30440.0,370.0
12700.0,30440.0,370.0
12720.0,30440.0,370.0
12740.0,30440.0,370.0
12760.0,30440.0,370.0
12780.0,30440.0,370.0
12800.0,30440.0,369.9
12820.0,30440.0,369.9
12840.0,30440.0,369.8
12860.0,30440.0,369.7
12880.0,30440.0,369.6
12900.0,30440.0,369.5
12920.0,30440.0,369.4
12940.0,30440.0,369.3
12960.0,30440.0,369.1
12980.0,30440.0,369.0
13000.0,30440.0,368.9
13020.0,30440.0,368.8
13040.0,30440.0,368.6
13060.0,30440.0,368.5
13080.0,30440.0,368.4
13100.0,30440.0,368.3
13120.0,30440.0,368.2
13140.0,30440.0,368.1
13160.0,30440.0,368.0
13180.0,30440.0,367.9
13200.0,30440.0,367.9
13220.0,30440.0,367.8
13240.0,30440.0,367.8
13260.0,30440.0,367.8
13280.0,30440.0,367.8
13300.0,30440.0,367.8
13320.0,30440.0,367.8
13340.0,30440.0,367.8
13360.0,30440.0,367.9
13380.0,30440.0,368.0
13400.0,30440.0,368.0
13420.0,30440.0,368.1
13440.0,30440.0,368.3
13460.0,30440.0,368.4
13480.0,30440.0,368.5
13500.0,30440.0,368.7
13520.0,30440.0,368.8
13540.0,30440.0,369.0
13560.0,30440.0,369.2
13580.0,30440.0,369.4
13600.0,30440.0,369.6
10800.0,30460.0,393.0
10820.0,30460.0,393.0
10840.0,30460.0,393.0
10860.0,30460.0,392.9
10880.0,30460.0,392.8
10900.0,30460.0,392.6
10920.0,30460.0,392.4
10940.0,30460.0,392.1
10960.0,30460.0,391.8
10980.0,30460.0,391.5
11000.0,30460.0,391.1
11020.0,30460.0,390.7
11040.0,30460.0,390.3
11060.0,30460.0,389.8
11080.0,30460.0,389.2
11100.0,30460.0,388.7
11120.0,30460.0,388.0
11140.0,30460.0,387.4
11160.0,30460.0,386.7
11180.0,30460.0,386.0
11200.0,30460.0,385.3
11220.0,30460.0,384.5
11240.0,30460.0,383.7
11260.0,30460.0,382.9
11280.0,30460.0,382.1
11300.0,30460.0,381.2
11320.0,30460.0,380.4
11340.0,30460.0,379.5
11360.0,30460.0,378.6
11380.0,30460.0,377.7
11400.0,30460.0,376.9
11420.0,30460.0,376.0
11440.0,30460.0,375.1
11460.0,30460.0,374.3
11480.0,30460.0,373.4
11500.0,30460.0,372.6
11520.0,30460.0,371.8
11540.0,30460.0,371.0
11560.0,30460.0,370.2
11580.0,30460.0,369.5
11600.0,30460.0,368.8
11620.0,30460.0,368.1
11640.0,30460.0,367.5
11660.0,30460.0,366.9
11680.0,30460.0,366.3
11700.0,30460.0,365.8
11720.0,30460.0,365.3
11740.0,30460.0,364.9
11760.0,30460.0,364.5
11780.0,30460.0,364.1
11800.0,30460.0,363.8
11820.0,30460.0,363.5
11840.0,30460.0,363.3
11860.0,30460.0,363.1
11880.0,30460.0,362.9
11900.0,30460.0,362.8
11920.0,30460.0,362.7
11940.0,30460.0,362.7
11960.0,30460.0,362.7
11980.0,30460.0,362.7
12000.0,30460.0,362.8
12020.0,30460.0,362.9
12040.0,30460.0,363.0
12060.0,30460.0,363.2
12080.0,30460.0,363.3
12100.0,30460.0,363.5
12120.0,30460.0,363.8
12140.0,30460.0,364.0
12160.0,30460.0,364.3
12180.0,30460.0,364.5
12200.0,30460.0,364.8
12220.0,30460.0,365.1
12240.0,30460.0,365.4
12260.0,30460.0,365.7
12280.0,30460.0,366.0
12300.0,30460.0,366.3
12320.0,30460.0,366.6
12340.0,30460.0,366.9
12360.0,30460.0,367.2
12380.0,30460.0,367.5
12400.0,30460.0,367.8
12420.0,30460.0,368.1
12440.0,30460.0,368.3
12460.0,30460.0,368.6
12480.0,30460.0,368.8
12500.0,30460.0,369.0
12520.0,30460.0,369.2
12540.0,30460.0,369.3
12560.0,30460.0,369.5
12580.0,30460.0,369.6
12600.0,30460.0,369.7
12620.0,30460.0,369.8
12640.0,30460.0,369.9
12660.0,30460.0,370.0
12680.0,30460.0,370.0
12700.0,30460.0,370.0
12720.0,30460.0,370.0
12740.0,30460.0,370.0
12760.0,30460.0,370.0
12780.0,30460.0,370.0
12800.0,30460.0,369.9
12820.0,30460.0,369.8
12840.0,30460.0,369.8
12860.0,30460.0,369.7
12880.0,30460.0,369.6
12900.0,30460.0,369.5
12920.0,30460.0,369.4
12940.0,30460.0,369.2
12960.0,30460.0,369.1
12980.0,30460.0,369.0
13000.0,30460.0,368.9
13020.0,30460.0,368.8
13040.0,30460.0,368.6
13060.0,30460.0,368.5
13080.0,30460.0,368.4
13100.0,30460.0,368.3
13120.0,30460.0,368.3
13140.0,30460.0,368.2
13160.0,30460.0,368.1
13180.0,30460.0,368.1
13200.0,30460.0,368.0
13220.0,30460.0,368.0
13240.0,30460.0,368.0
13260.0,30460.0,368.0
13280.0,30460.0,368.0
13300.0,30460.0,368.0
13320.0,30460.0,368.1
13340.0,30460.0,368.1
13360.0,30460.0,368.2
13380.0,30460.0,368.3
13400.0,30460.0,368.4
13420.0,30460.0,368.6
13440.0,30460.0,368.7
13460.0,30460.0,368.9
13480.0,30460.0,369.0
13500.0,30460.0,369.2
13520.0,30460.0,369.4
13540.0,30460.0,369.6
13560.0,30460.0,369.8
13580.0,30460.0,370.0
13600.0,30460.0,370.2
10800.0,30480.0,392.6
10820.0,30480.0,392.6
10840.0,30480.0,392.5
10860.0,30480.0,392.4
10880.0,30480.0,392.2
10900.0,30480.0,392.1
10920.0,30480.0,391.8
10940.0,30480.0,391.6
10960.0,30480.0,391.3
10980.0,30480.0,390.9
11000.0,30480.0,390.6
11020.0,30480.0,390.1
11040.0,30480.0,389.7
11060.0,30480.0,389.2
11080.0,30480.0,388.7
11100.0,30480.0,388.1
11120.0,30480.0,387.5
11140.0,30480.0,386.8
11160.0,30480.0,386.2
11180.0,30480.0,385.5
11200.0,30480.0,384.8
11220.0,30480.0,384.0
11240.0,30480.0,383.2
11260.0,30480.0,382.4
11280.0,30480.0,381.6
11300.0,30480.0,380.8
11320.0,30480.0,380.0
11340.0,30480.0,379.1
11360.0,30480.0,378.3
11380.0,30480.0,377.4
11400.0,30480.0,376.6
11420.0,30480.0,375.7
11440.0,30480.0,374.9
11460.0,30480.0,374.1
11480.0,30480.0,373.3
11500.0,30480.0,372.5
11520.0,30480.0,371.7
11540.0,30480.0,370.9
11560.0,30480.0,370.2
11580.0,30480.0,369.5
11600.0,30480.0,368.8
11620.0,30480.0,368.2
11640.0,30480.0,367.6
11660.0,30480.0,367.0
11680.0,30480.0,366.5
11700.0,30480.0,366.0
11720.0,30480.0,365.5
11740.0,30480.0,365.1
11760.0,30480.0,364.7
11780.0,30480.0,364.4
11800.0,30480.0,364.1
11820.0,30480.0,363.8
11840.0,30480.0,363.6
11860.0,30480.0,363.4
11880.0,30480.0,363.3
11900.0,30480.0,363.2
11920.0,30480.0,363.1
11940.0,30480.0,363.1
11960.0,30480.0,363.1
11980.0,30480.0,363.1
12000.0,30480.0,363.2
12020.0,30480.0,363.3
12040.0,30480.0,363.5
12060.0,30480.0,363.6
12080.0,30480.0,363.8
12100.0,30480.0,364.0
12120.0,30480.0,364.2
12140.0,30480.0,364.5
12160.0,30480.0,364.7
12180.0,30480.0,365.0
12200.0,30480.0,365.3
12220.0,30480.0,365.5
12240.0,30480.0,365.8
12260.0,30480.0,366.1
12280.0,30480.0,366.4
12300.0,30480.0,366.7
12320.0,30480.0,367.0
12340.0,30480.0,367.3
12360.0,30480.0,367.6
12380.0,30480.0,367.8
12400.0,30480.0,368.1
12420.0,30480.0,368.3
12440.0,30480.0,368.6
12460.0,30480.0,368.8
12480.0,30480.0,369.0
12500.0,30480.0,369.2
12520.0,30480.0,369.4
12540.0,30480.0,369.5
12560.0,30480.0,369.7
12580.0,30480.0,369.8
12600.0,30480.0,369.9
12620.0,30480.0,370.0
12640.0,30480.0,370.0
12660.0,30480.0,370.1
12680.0,30480.0,370.1
12700.0,30480.0,370.1
12720.0,30480.0,370.1
12740.0,30480.0,370.1
12760.0,30480.0,370.0
12780.0,30480.0,370.0
12800.0,30480.0,369.9
12820.0,30480.0,369.9
12840.0,30480.0,369.8
12860.0,30480.0,369.7
12880.0,30480.0,369.6
12900.0,30480.0,369.5
12920.0,30480.0,369.4
12940.0,30480.0,369.3
12960.0,30480.0,369.1
12980.0,30480.0,369.0
13000.0,30480.0,368.9
13020.0,30480.0,368.8
13040.0,30480.0,368.7
13060.0,30480.0,368.6
13080.0,30480.0,368.5
13100.0,30480.0,368.5
13120.0,30480.0,368.4
13140.0,30480.0,368.3
13160.0,30480.0,368.3
13180.0,30480.0,368.2
13200.0,30480.0,368.2
13220.0,30480.0,368.2
13240.0,30480.0,368.2
13260.0,30480.0,368.3
13280.0,30480.0,368.3
13300.0,30480.0,368.4
13320.0,30480.0,368.4
13340.0,30480.0,368.5
13360.0,30480.0,368.6
13380.0,30480.0,368.7
13400.0,30480.0,368.9
13420.0,30480.0,369.0
13440.0,30480.0,369.2
13460.0,30480.0,369.4
13480.0,30480.0,369.6
13500.0,30480.0,369.8
13520.0,30480.0,370.0
13540.0,30480.0,370.2
13560.0,30480.0,370.4
13580.0,30480.0,370.7
13600.0,30480.0,370.9
10800.0,30500.0,392.2
10820.0,30500.0,392.1
10840.0,30500.0,392.0
10860.0,30500.0,391.9
10880.0,30500.0,391.7
10900.0,30500.0,391.6
10920.0,30500.0,391.3
10940.0,30500.0,391.1
10960.0,30500.0,390.7
10980.0,30500.0,390.4
11000.0,30500.0,390.0
11020.0,30500.0,389.6
11040.0,30500.0,389.1
11060.0,30500.0,388.6
11080.0,30500.0,388.1
11100.0,30500.0,387.5
11120.0,30500.0,386.9
11140.0,30500.0,386.3
11160.0,30500.0,385.7
11180.0,30500.0,385.0
11200.0,30500.0,384.3
11220.0,30500.0,383.5
11240.0,30500.0,382.8
11260.0,30500.0,382.0
11280.0,30500.0,381.2
11300.0,30500.0,380.4
11320.0,30500.0,379.6
11340.0,30500.0,378.8
11360.0,30500.0,378.0
11380.0,30500.0,377.1
11400.0,30500.0,376.3
11420.0,30500.0,375.5
11440.0,30500.0,374.7
11460.0,30500.0,373.9
11480.0,30500.0,373.1
11500.0,30500.0,372.4
11520.0,30500.0,371.6
11540.0,30500.0,370.9
11560.0,30500.0,370.2
11580.0,30500.0,369.5
11600.0,30500.0,368.9
11620.0,30500.0,368.3
11640.0,30500.0,367.7
11660.0,30500.0,367.1
11680.0,30500.0,366.6
11700.0,30500.0,366.2
11720.0,30500.0,365.7
11740.0,30500.0,365.3
11760.0,30500.0,365.0
11780.0,30500.0,364.7
11800.0,30500.0,364.4
11820.0,30500.0,364.1
11840.0,30500.0,363.9
11860.0,30500.0,363.8
11880.0,30500.0,363.7
11900.0,30500.0,363.6
11920.0,30500.0,363.5
11940.0,30500.0,363.5
11960.0,30500.0,363.5
11980.0,30500.0,363.6
12000.0,30500.0,363.7
12020.0,30500.0,363.8
12040.0,30500.0,363.9
12060.0,30500.0,364.1
12080.0,30500.0,364.2
12100.0,30500.0,364.4
12120.0,30500.0,364.7
12140.0,30500.0,364.9
12160.0,30500.0,365.2
12180.0,30500.0,365.4
12200.0,30500.0,365.7
12220.0,30500.0,366.0
12240.0,30500.0,366.2
12260.0,30500.0,366.5
12280.0,30500.0,366.8
12300.0,30500.0,367.1
12320.0,30500.0,367.4
12340.0,30500.0,367.6
12360.0,30500.0,367.9
12380.0,30500.0,368.2
12400.0,30500.0,368.4
12420.0,30500.0,368.6
12440.0,30500.0,368.9
12460.0,30500.0,369.1
12480.0,30500.0,369.2
12500.0,30500.0,369.4
12520.0,30500.0,369.6
12540.0,30500.0,369.7
12560.0,30500.0,369.8
12580.0,30500.0,369.9
12600.0,30500.0,370.0
12620.0,30500.0,370.1
12640.0,30500.0,370.1
12660.0,30500.0,370.2
12680.0,30500.0,370.2
12700.0,30500.0,370.2
12720.0,30500.0,370.2
12740.0,30500.0,370.2
12760.0,30500.0,370.1
12780.0,30500.0,370.1
12800.0,30500.0,370.0
12820.0,30500.0,369.9
12840.0,30500.0,369.8
12860.0,30500.0,369.7
12880.0,30500.0,369.6
12900.0,30500.0,369.5
12920.0,30500.0,369.4
12940.0,30500.0,369.3
12960.0,30500.0,369.2
12980.0,30500.0,369.1
13000.0,30500.0,369.0
13020.0,30500.0,368.9
13040.0,30500.0,368.8
13060.0,30500.0,368.8
13080.0,30500.0,368.7
13100.0,30500.0,368.6
13120.0,30500.0,368.6
13140.0,30500.0,368.5
13160.0,30500.0,368.5
13180.0,30500.0,368.5
13200.0,30500.0,368.5
13220.0,30500.0,368.5
13240.0,30500.0,368.5
13260.0,30500.0,368.6
13280.0,30500.0,368.6
13300.0,30500.0,368.7
13320.0,30500.0,368.8
13340.0,30500.0,368.9
13360.0,30500.0,369.1
13380.0,30500.0,369.2
13400.0,30500.0,369.4
13420.0,30500.0,369.5
13440.0,30500.0,369.7
13460.0,30500.0,369.9
13480.0,30500.0,370.2
13500.0,30500.0,370.4
13520.0,30500.0,370.6
13540.0,30500.0,370.9
13560.0,30500.0,371.1
13580.0,30500.0,371.4
13600.0,30500.0,371.6
10800.0,30520.0,391.8
10820.0,30520.0,391.7
10840.0,30520.0,391.6
10860.0,30520.0,391.4
10880.0,30520.0,391.3
10900.0,30520.0,391.1
10920.0,30520.0,390.8
10940.0,30520.0,390.5
10960.0,30520.0,390.2
10980.0,30520.0,389.9
11000.0,30520.0,389.5
11020.0,30520.0,389.1
11040.0,30520.0,388.6
11060.0,30520.0,388.1
11080.0,30520.0,387.6
11100.0,30520.0,387.0
11120.0,30520.0,386.4
11140.0,30520.0,385.8
11160.0,30520.0,385.2
11180.0,30520.0,384.5
11200.0,30520.0,383.8
11220.0,30520.0,383.1
11240.0,30520.0,382.3
11260.0,30520.0,381.6
11280.0,30520.0,380.8
11300.0,30520.0,380.1
11320.0,30520.0,379.3
11340.0,30520.0,378.5
11360.0,30520.0,377.7
11380.0,30520.0,376.9
11400.0,30520.0,376.1
11420.0,30520.0,375.3
11440.0,30520.0,374.5
11460.0,30520.0,373.8
11480.0,30520.0,373.0
11500.0,30520.0,372.3
11520.0,30520.0,371.6
11540.0,30520.0,370.9
11560.0,30520.0,370.2
11580.0,30520.0,369.6
11600.0,30520.0,368.9
11620.0,30520.0,368.4
11640.0,30520.0,367.8
11660.0,30520.0,367.3
11680.0,30520.0,366.8
11700.0,30520.0,366.4
11720.0,30520.0,366.0
11740.0,30520.0,365.6
11760.0,30520.0,365.2
11780.0,30520.0,364.9
11800.0,30520.0,364.7
11820.0,30520.0,364.5
11840.0,30520.0,364.3
11860.0,30520.0,364.1
11880.0,30520.0,364.0
11900.0,30520.0,364.0
11920.0,30520.0,363.9
11940.0,30520.0,363.9
11960.0,30520.0,363.9
11980.0,30520.0,364.0
12000.0,30520.0,364.1
12020.0,30520.0,364.2
12040.0,30520.0,364.3
12060.0,30520.0,364.5
12080.0,30520.0,364.7
12100.0,30520.0,364.9
12120.0,30520.0,365.1
12140.0,30520.0,365.3
12160.0,30520.0,365.6
12180.0,30520.0,365.8
12200.0,30520.0,366.1
12220.0,30520.0,366.4
12240.0,30520.0,366.6
12260.0,30520.0,366.9
12280.0,30520.0,367.2
12300.0,30520.0,367.5
12320.0,30520.0,367.7
12340.0,30520.0,368.0
12360.0,30520.0,368.2
12380.0,30520.0,368.5
12400.0,30520.0,368.7
12420.0,30520.0,368.9
12440.0,30520.0,369.1
12460.0,30520.0,369.3
12480.0,30520.0,369.5
12500.0,30520.0,369.6
12520.0,30520.0,369.8
12540.0,30520.0,369.9
12560.0,30520.0,370.0
12580.0,30520.0,370.1
12600.0,30520.0,370.2
12620.0,30520.0,370.3
12640.0,30520.0,370.3
12660.0,30520.0,370.3
12680.0,30520.0,370.3
12700.0,30520.0,370.3
12720.0,30520.0,370.3
12740.0,30520.0,370.3
12760.0,30520.0,370.2
12780.0,30520.0,370.2
12800.0,30520.0,370.1
12820.0,30520.0,370.0
12840.0,30520.0,369.9
12860.0,30520.0,369.8
12880.0,30520.0,369.7
12900.0,30520.0,369.7
12920.0,30520.0,369.6
12940.0,30520.0,369.5
12960.0,30520.0,369.4
12980.0,30520.0,369.3
13000.0,30520.0,369.2
13020.0,30520.0,369.1
13040.0,30520.0,369.0
13060.0,30520.0,368.9
13080.0,30520.0,368.9
13100.0,30520.0,368.8
13120.0,30520.0,368.8
13140.0,30520.0,368.8
13160.0,30520.0,368.8
13180.0,30520.0,368.8
13200.0,30520.0,368.8
13220.0,30520.0,368.8
13240.0,30520.0,368.9
13260.0,30520.0,369.0
13280.0,30520.0,369.0
13300.0,30520.0,369.1
13320.0,30520.0,369.3
13340.0,30520.0,369.4
13360.0,30520.0,369.6
13380.0,30520.0,369.7
13400.0,30520.0,369.9
13420.0,30520.0,370.1
13440.0,30520.0,370.3
13460.0,30520.0,370.5
13480.0,30520.0,370.8
13500.0,30520.0,371.0
13520.0,30520.0,371.3
13540.0,30520.0,371.5
13560.0,30520.0,371.8
13580.0,30520.0,372.1
13600.0,30520.0,372.4
10800.0,30540.0,391.4
10820.0,30540.0,391.3
10840.0,30540.0,391.2
10860.0,30540.0,391.0
10880.0,30540.0,390.8
10900.0,30540.0,390.6
10920.0,30540.0,390.3
10940.0,30540.0,390.0
10960.0,30540.0,389.7
10980.0,30540.0,389.4
11000.0,30540.0,389.0
11020.0,30540.0,388.6
11040.0,30540.0,388.1
11060.0,30540.0,387.6
11080.0,30540.0,387.1
11100.0,30540.0,386.5
11120.0,30540.0,385.9
11140.0,30540.0,385.3
11160.0,30540.0,384.7
11180.0,30540.0,384.0
11200.0,30540.0,383.4
11220.0,30540.0,382.7
11240.0,30540.0,381.9
11260.0,30540.0,381.2
11280.0,30540.0,380.5
11300.0,30540.0,379.7
11320.0,30540.0,378.9
11340.0,30540.0,378.2
11360.0,30540.0,377.4
11380.0,30540.0,376.6
11400.0,30540.0,375.9
11420.0,30540.0,375.1
11440.0,30540.0,374.4
11460.0,30540.0,373.6
11480.0,30540.0,372.9
11500.0,30540.0,372.2
11520.0,30540.0,371.5
11540.0,30540.0,370.9
11560.0,30540.0,370.2
11580.0,30540.0,369.6
11600.0,30540.0,369.0
11620.0,30540.0,368.5
11640.0,30540.0,367.9
11660.0,30540.0,367.4
11680.0,30540.0,367.0
11700.0,30540.0,366.6
11720.0,30540.0,366.2
11740.0,30540.0,365.8
11760.0,30540.0,365.5
11780.0,30540.0,365.2
11800.0,30540.0,365.0
11820.0,30540.0,364.8
11840.0,30540.0,364.6
11860.0,30540.0,364.5
11880.0,30540.0,364.4
11900.0,30540.0,364.3
11920.0,30540.0,364.3
11940.0,30540.0,364.3
11960.0,30540.0,364.4
11980.0,30540.0,364.4
12000.0,30540.0,364.5
12020.0,30540.0,364.6
12040.0,30540.0,364.8
12060.0,30540.0,364.9
12080.0,30540.0,365.1
12100.0,30540.0,365.3
12120.0,30540.0,365.5
12140.0,30540.0,365.8
12160.0,30540.0,366.0
12180.0,30540.0,366.2
12200.0,30540.0,366.5
12220.0,30540.0,366.8
12240.0,30540.0,367.0
12260.0,30540.0,367.3
12280.0,30540.0,367.6
12300.0,30540.0,367.8
12320.0,30540.0,368.1
12340.0,30540.0,368.3
12360.0,30540.0,368.6
12380.0,30540.0,368.8
12400.0,30540.0,369.0
12420.0,30540.0,369.2
12440.0,30540.0,369.4
12460.0,30540.0,369.6
12480.0,30540.0,369.7
12500.0,30540.0,369.9
12520.0,30540.0,370.0
12540.0,30540.0,370.1
12560.0,30540.0,370.2
12580.0,30540.0,370.3
12600.0,30540.0,370.4
12620.0,30540.0,370.4
12640.0,30540.0,370.5
12660.0,30540.0,370.5
12680.0,30540.0,370.5
12700.0,30540.0,370.5
12720.0,30540.0,370.4
12740.0,30540.0,370.4
12760.0,30540.0,370.4
12780.0,30540.0,370.3
12800.0,30540.0,370.2
12820.0,30540.0,370.2
12840.0,30540.0,370.1
12860.0,30540.0,370.0
12880.0,30540.0,369.9
12900.0,30540.0,369.8
12920.0,30540.0,369.7
12940.0,30540.0,369.6
12960.0,30540.0,369.5
12980.0,30540.0,369.4
13000.0,30540.0,369.4
13020.0,30540.0,369.3
13040.0,30540.0,369.2
13060.0,30540.0,369.2
13080.0,30540.0,369.1
13100.0,30540.0,369.1
13120.0,30540.0,369.1
13140.0,30540.0,369.1
13160.0,30540.0,369.1
13180.0,30540.0,369.1
13200.0,30540.0,369.2
13220.0,30540.0,369.2
13240.0,30540.0,369.3
13260.0,30540.0,369.4
13280.0,30540.0,369.5
13300.0,30540.0,369.6
13320.0,30540.0,369.8
13340.0,30540.0,369.9
13360.0,30540.0,370.1
13380.0,30540.0,370.3
13400.0,30540.0,370.5
13420.0,30540.0,370.7
13440.0,30540.0,370.9
13460.0,30540.0,371.2
13480.0,30540.0,371.4
13500.0,30540.0,371.7
13520.0,30540.0,372.0
13540.0,30540.0,372.3
13560.0,30540.0,372.5
13580.0,30540.0,372.8
13600.0,30540.0,373.1
10800.0,30560.0,391.0
10820.0,30560.0,390.9
10840.0,30560.0,390.7
10860.0,30560.0,390.6
10880.0,30560.0,390.4
10900.0,30560.0,390.1
10920.0,30560.0,389.9
10940.0,30560.0,389.6
10960.0,30560.0,389.3
10980.0,30560.0,388.9
11000.0,30560.0,388.5
11020.0,30560.0,388.1
11040.0,30560.0,387.6
11060.0,30560.0,387.1
11080.0,30560.0,386.6
11100.0,30560.0,386.1
11120.0,30560.0,385.5
11140.0,30560.0,384.9
11160.0,30560.0,384.3
11180.0,30560.0,383.6
11200.0,30560.0,383.0
11220.0,30560.0,382.3
11240.0,30560.0,381.6
11260.0,30560.0,380.9
11280.0,30560.0,380.1
11300.0,30560.0,379.4
11320.0,30560.0,378.7
11340.0,30560.0,377.9
11360.0,30560.0,377.2
11380.0,30560.0,376.4
11400.0,30560.0,375.7
11420.0,30560.0,375.0
11440.0,30560.0,374.2
11460.0,30560.0,373.5
11480.0,30560.0,372.8
11500.0,30560.0,372.2
11520.0,30560.0,371.5
11540.0,30560.0,370.9
11560.0,30560.0,370.3
11580.0,30560.0,369.7
11600.0,30560.0,369.1
11620.0,30560.0,368.6
11640.0,30560.0,368.1
11660.0,30560.0,367.6
11680.0,30560.0,367.2
11700.0,30560.0,366.8
11720.0,30560.0,366.4
11740.0,30560.0,366.1
11760.0,30560.0,365.8
11780.0,30560.0,365.5
11800.0,30560.0,365.3
11820.0,30560.0,365.1
11840.0,30560.0,365.0
11860.0,30560.0,364.9
11880.0,30560.0,364.8
11900.0,30560.0,364.7
11920.0,30560.0,364.7
11940.0,30560.0,364.7
11960.0,30560.0,364.8
11980.0,30560.0,364.8
12000.0,30560.0,364.9
12020.0,30560.0,365.1
12040.0,30560.0,365.2
12060.0,30560.0,365.4
12080.0,30560.0,365.5
12100.0,30560.0,365.7
12120.0,30560.0,366.0
12140.0,30560.0,366.2
12160.0,30560.0,366.4
12180.0,30560.0,366.7
12200.0,30560.0,366.9
12220.0,30560.0,367.2
12240.0,30560.0,367.4
12260.0,30560.0,367.7
12280.0,30560.0,367.9
12300.0,30560.0,368.2
12320.0,30560.0,368.4
12340.0,30560.0,368.6
12360.0,30560.0,368.9
12380.0,30560.0,369.1
12400.0,30560.0,369.3
12420.0,30560.0,369.5
12440.0,30560.0,369.7
12460.0,30560.0,369.8
12480.0,30560.0,370.0
12500.0,30560.0,370.1
12520.0,30560.0,370.2
12540.0,30560.0,370.4
12560.0,30560.0,370.4
12580.0,30560.0,370.5
12600.0,30560.0,370.6
12620.0,30560.0,370.6
12640.0,30560.0,370.6
12660.0,30560.0,370.7
12680.0,30560.0,370.7
12700.0,30560.0,370.6
12720.0,30560.0,370.6
12740.0,30560.0,370.6
12760.0,30560.0,370.5
12780.0,30560.0,370.5
12800.0,30560.0,370.4
12820.0,30560.0,370.3
12840.0,30560.0,370.2
12860.0,30560.0,370.2
12880.0,30560.0,370.1
12900.0,30560.0,370.0
12920.0,30560.0,369.9
12940.0,30560.0,369.8
12960.0,30560.0,369.8
12980.0,30560.0,369.7
13000.0,30560.0,369.6
13020.0,30560.0,369.6
13040.0,30560.0,369.5
13060.0,30560.0,369.5
13080.0,30560.0,369.5
13100.0,30560.0,369.4
13120.0,30560.0,369.4
13140.0,30560.0,369.4
13160.0,30560.0,369.5
13180.0,30560.0,369.5
13200.0,30560.0,369.6
13220.0,30560.0,369.7
13240.0,30560.0,369.8
13260.0,30560.0,369.9
13280.0,30560.0,370.0
13300.0,30560.0,370.1
13320.0,30560.0,370.3
13340.0,30560.0,370.5
13360.0,30560.0,370.7
13380.0,30560.0,370.9
13400.0,30560.0,371.1
13420.0,30560.0,371.4
13440.0,30560.0,371.6
13460.0,30560.0,371.9
13480.0,30560.0,372.2
13500.0,30560.0,372.4
13520.0,30560.0,372.7
13540.0,30560.0,373.0
13560.0,30560.0,373.3
13580.0,30560.0,373.6
13600.0,30560.0,373.9
10800.0,30580.0,390.6
10820.0,30580.0,390.5
10840.0,30580.0,390.4
10860.0,30580.0,390.2
10880.0,30580.0,390.0
10900.0,30580.0,389.7
10920.0,30580.0,389.4
10940.0,30580.0,389.1
10960.0,30580.0,388.8
10980.0,30580.0,388.4
11000.0,30580.0,388.0
11020.0,30580.0,387.6
11040.0,30580.0,387.2
11060.0,30580.0,386.7
11080.0,30580.0,386.2
11100.0,30580.0,385.6
11120.0,30580.0,385.1
11140.0,30580.0,384.5
11160.0,30580.0,383.9
11180.0,30580.0,383.2
11200.0,30580.0,382.6
11220.0,30580.0,381.9
11240.0,30580.0,381.2
11260.0,30580.0,380.5
11280.0,30580.0,379.8
11300.0,30580.0,379.1
11320.0,30580.0,378.4
11340.0,30580.0,377.7
11360.0,30580.0,377.0
11380.0,30580.0,376.2
11400.0,30580.0,375.5
11420.0,30580.0,374.8
11440.0,30580.0,374.1
11460.0,30580.0,373.4
11480.0,30580.0,372.8
11500.0,30580.0,372.1
11520.0,30580.0,371.5
11540.0,30580.0,370.9
11560.0,30580.0,370.3
11580.0,30580.0,369.7
11600.0,30580.0,369.2
11620.0,30580.0,368.7
11640.0,30580.0,368.2
11660.0,30580.0,367.8
11680.0,30580.0,367.4
11700.0,30580.0,367.0
11720.0,30580.0,366.7
11740.0,30580.0,366.4
11760.0,30580.0,366.1
11780.0,30580.0,365.8
11800.0,30580.0,365.6
11820.0,30580.0,365.5
11840.0,30580.0,365.3
11860.0,30580.0,365.2
11880.0,30580.0,365.2
11900.0,30580.0,365.1
11920.0,30580.0,365.1
11940.0,30580.0,365.1
11960.0,30580.0,365.2
11980.0,30580.0,365.2
12000.0,30580.0,365.3
12020.0,30580.0,365.5
12040.0,30580.0,365.6
12060.0,30580.0,365.8
12080.0,30580.0,366.0
12100.0,30580.0,366.1
12120.0,30580.0,366.4
12140.0,30580.0,366.6
12160.0,30580.0,366.8
12180.0,30580.0,367.0
12200.0,30580.0,367.3
12220.0,30580.0,367.5
12240.0,30580.0,367.8
12260.0,30580.0,368.0
12280.0,30580.0,368.3
12300.0,30580.0,368.5
12320.0,30580.0,368.7
12340.0,30580.0,369.0
12360.0,30580.0,369.2
12380.0,30580.0,369.4
12400.0,30580.0,369.6
12420.0,30580.0,369.8
12440.0,30580.0,369.9
12460.0,30580.0,370.1
12480.0,30580.0,370.2
12500.0,30580.0,370.4
12520.0,30580.0,370.5
12540.0,30580.0,370.6
12560.0,30580.0,370.7
12580.0,30580.0,370.7
12600.0,30580.0,370.8
12620.0,30580.0,370.8
12640.0,30580.0,370.8
12660.0,30580.0,370.9
12680.0,30580.0,370.8
12700.0,30580.0,370.8
12720.0,30580.0,370.8
12740.0,30580.0,370.8
12760.0,30580.0,370.7
12780.0,30580.0,370.7
12800.0,30580.0,370.6
12820.0,30580.0,370.5
12840.0,30580.0,370.5
12860.0,30580.0,370.4
12880.0,30580.0,370.3
12900.0,30580.0,370.2
12920.0,30580.0,370.2
12940.0,30580.0,370.1
12960.0,30580.0,370.0
12980.0,30580.0,370.0
13000.0,30580.0,369.9
13020.0,30580.0,369.9
13040.0,30580.0,369.9
13060.0,30580.0,369.8
13080.0,30580.0,369.8
13100.0,30580.0,369.8
13120.0,30580.0,369.8
13140.0,30580.0,369.9
13160.0,30580.0,369.9
13180.0,30580.0,370.0
13200.0,30580.0,370.1
13220.0,30580.0,370.2
13240.0,30580.0,370.3
13260.0,30580.0,370.4
13280.0,30580.0,370.6
13300.0,30580.0,370.7
13320.0,30580.0,370.9
13340.0,30580.0,371.1
13360.0,30580.0,371.3
13380.0,30580.0,371.6
13400.0,30580.0,371.8
13420.0,30580.0,372.1
13440.0,30580.0,372.3
13460.0,30580.0,372.6
13480.0,30580.0,372.9
13500.0,30580.0,373.2
13520.0,30580.0,373.5
13540.0,30580.0,373.8
13560.0,30580.0,374.1
13580.0,30580.0,374.4
13600.0,30580.0,374.8
10800.0,30600.0,390.3
10820.0,30600.0,390.2
10840.0,30600.0,390.0
10860.0,30600.0,389.8
10880.0,30600.0,389.6
10900.0,30600.0,389.3
10920.0,30600.0,389.0
10940.0,30600.0,388.7
10960.0,30600.0,388.4
10980.0,30600.0,388.0
11000.0,30600.0,387.6
11020.0,30600.0,387.2
11040.0,30600.0,386.7
11060.0,30600.0,386.2
11080.0,30600.0,385.7
11100.0,30600.0,385.2
11120.0,30600.0,384.6
11140.0,30600.0,384.1
11160.0,30600.0,383.5
11180.0,30600.0,382.9
11200.0,30600.0,382.2
11220.0,30600.0,381.6
11240.0,30600.0,380.9
11260.0,30600.0,380.2
11280.0,30600.0,379.5
11300.0,30600.0,378.9
11320.0,30600.0,378.2
11340.0,30600.0,377.5
11360.0,30600.0,376.8
11380.0,30600.0,376.1
11400.0,30600.0,375.4
11420.0,30600.0,374.7
11440.0,30600.0,374.0
11460.0,30600.0,373.4
11480.0,30600.0,372.7
11500.0,30600.0,372.1
11520.0,30600.0,371.5
11540.0,30600.0,370.9
11560.0,30600.0,370.4
11580.0,30600.0,369.8
11600.0,30600.0,369.3
11620.0,30600.0,368.9
11640.0,30600.0,368.4
11660.0,30600.0,368.0
11680.0,30600.0,367.6
11700.0,30600.0,367.2
11720.0,30600.0,366.9
11740.0,30600.0,366.6
11760.0,30600.0,366.4
11780.0,30600.0,366.1
11800.0,30600.0,366.0
11820.0,30600.0,365.8
11840.0,30600.0,365.7
11860.0,30600.0,365.6
11880.0,30600.0,365.5
11900.0,30600.0,365.5
11920.0,30600.0,365.5
11940.0,30600.0,365.5
11960.0,30600.0,365.6
11980.0,30600.0,365.6
12000.0,30600.0,365.7
12020.0,30600.0,365.9
12040.0,30600.0,366.0
12060.0,30600.0,366.2
12080.0,30600.0,366.4
12100.0,30600.0,366.5
12120.0,30600.0,366.8
12140.0,30600.0,367.0
12160.0,30600.0,367.2
12180.0,30600.0,367.4
12200.0,30600.0,367.7
12220.0,30600.0,367.9
12240.0,30600.0,368.1
12260.0,30600.0,368.4
12280.0,30600.0,368.6
12300.0,30600.0,368.8
12320.0,30600.0,369.1
12340.0,30600.0,369.3
12360.0,30600.0,369.5
12380.0,30600.0,369.7
12400.0,30600.0,369.9
12420.0,30600.0,370.0
12440.0,30600.0,370.2
12460.0,30600.0,370.4
12480.0,30600.0,370.5
12500.0,30600.0,370.6
12520.0,30600.0,370.7
12540.0,30600.0,370.8
12560.0,30600.0,370.9
12580.0,30600.0,371.0
12600.0,30600.0,371.0
12620.0,30600.0,371.0
12640.0,30600.0,371.1
12660.0,30600.0,371.1
12680.0,30600.0,371.1
12700.0,30600.0,371.1
12720.0,30600.0,371.0
12740.0,30600.0,371.0
12760.0,30600.0,370.9
12780.0,30600.0,370.9
12800.0,30600.0,370.8
12820.0,30600.0,370.8
12840.0,30600.0,370.7
12860.0,30600.0,370.7
12880.0,30600.0,370.6
12900.0,30600.0,370.5
12920.0,30600.0,370.5
12940.0,30600.0,370.4
12960.0,30600.0,370.4
12980.0,30600.0,370.3
13000.0,30600.0,370.3
13020.0,30600.0,370.3
13040.0,30600.0,370.2
13060.0,30600.0,370.2
13080.0,30600.0,370.2
13100.0,30600.0,370.3
13120.0,30600.0,370.3
13140.0,30600.0,370.3
13160.0,30600.0,370.4
13180.0,30600.0,370.5
13200.0,30600.0,370.6
13220.0,30600.0,370.7
13240.0,30600.0,370.9
13260.0,30600.0,371.0
13280.0,30600.0,371.2
13300.0,30600.0,371.4
13320.0,30600.0,371.6
13340.0,30600.0,371.8
13360.0,30600.0,372.0
13380.0,30600.0,372.3
13400.0,30600.0,372.5
13420.0,30600.0,372.8
13440.0,30600.0,373.1
13460.0,30600.0,373.4
13480.0,30600.0,373.7
13500.0,30600.0,374.0
13520.0,30600.0,374.3
13540.0,30600.0,374.6
13560.0,30600.0,375.0
13580.0,30600.0,375.3
13600.0,30600.0,375.6
10800.0,30620.0,390.0
10820.0,30620.0,389.8
10840.0,30620.0,389.7
10860.0,30620.0,389.5
10880.0,30620.0,389.2
10900.0,30620.0,388.9
10920.0,30620.0,388.7
10940.0,30620.0,388.3
10960.0,30620.0,388.0
10980.0,30620.0,387.6
11000.0,30620.0,387.2
11020.0,30620.0,386.8
11040.0,30620.0,386.3
11060.0,30620.0,385.9
11080.0,30620.0,385.3
11100.0,30620.0,384.8
11120.0,30620.0,384.3
11140.0,30620.0,383.7
11160.0,30620.0,383.1
11180.0,30620.0,382.5
11200.0,30620.0,381.9
11220.0,30620.0,381.3
11240.0,30620.0,380.6
11260.0,30620.0,380.0
11280.0,30620.0,379.3
11300.0,30620.0,378.6
11320.0,30620.0,378.0
11340.0,30620.0,377.3
11360.0,30620.0,376.6
11380.0,30620.0,375.9
11400.0,30620.0,375.3
11420.0,30620.0,374.6
11440.0,30620.0,374.0
11460.0,30620.0,373.4
11480.0,30620.0,372.7
11500.0,30620.0,372.1
11520.0,30620.0,371.6
11540.0,30620.0,371.0
11560.0,30620.0,370.5
11580.0,30620.0,370.0
11600.0,30620.0,369.5
11620.0,30620.0,369.0
11640.0,30620.0,368.6
11660.0,30620.0,368.2
11680.0,30620.0,367.8
11700.0,30620.0,367.5
11720.0,30620.0,367.2
11740.0,30620.0,366.9
11760.0,30620.0,366.7
11780.0,30620.0,366.5
11800.0,30620.0,366.3
11820.0,30620.0,366.1
11840.0,30620.0,366.0
11860.0,30620.0,365.9
11880.0,30620.0,365.9
11900.0,30620.0,365.9
11920.0,30620.0,365.9
11940.0,30620.0,365.9
11960.0,30620.0,366.0
11980.0,30620.0,366.0
12000.0,30620.0,366.1
12020.0,30620.0,366.3
12040.0,30620.0,366.4
12060.0,30620.0,366.6
12080.0,30620.0,366.7
12100.0,30620.0,366.9
12120.0,30620.0,367.1
12140.0,30620.0,367.3
12160.0,30620.0,367.6
12180.0,30620.0,367.8
12200.0,30620.0,368.0
12220.0,30620.0,368.2
12240.0,30620.0,368.5
12260.0,30620.0,368.7
12280.0,30620.0,368.9
12300.0,30620.0,369.2
12320.0,30620.0,369.4
12340.0,30620.0,369.6
12360.0,30620.0,369.8
12380.0,30620.0,370.0
12400.0,30620.0,370.2
12420.0,30620.0,370.3
12440.0,30620.0,370.5
12460.0,30620.0,370.6
12480.0,30620.0,370.8
12500.0,30620.0,370.9
12520.0,30620.0,371.0
12540.0,30620.0,371.1
12560.0,30620.0,371.1
12580.0,30620.0,371.2
12600.0,30620.0,371.2
12620.0,30620.0,371.3
12640.0,30620.0,371.3
12660.0,30620.0,371.3
12680.0,30620.0,371.3
12700.0,30620.0,371.3
12720.0,30620.0,371.3
12740.0,30620.0,371.2
12760.0,30620.0,371.2
12780.0,30620.0,371.2
12800.0,30620.0,371.1
12820.0,30620.0,371.1
12840.0,30620.0,371.0
12860.0,30620.0,371.0
12880.0,30620.0,370.9
12900.0,30620.0,370.9
12920.0,30620.0,370.8
12940.0,30620.0,370.8
12960.0,30620.0,370.7
12980.0,30620.0,370.7
13000.0,30620.0,370.7
13020.0,30620.0,370.7
13040.0,30620.0,370.7
13060.0,30620.0,370.7
13080.0,30620.0,370.7
13100.0,30620.0,370.8
13120.0,30620.0,370.8
13140.0,30620.0,370.9
13160.0,30620.0,371.0
13180.0,30620.0,371.1
13200.0,30620.0,371.2
13220.0,30620.0,371.3
13240.0,30620.0,371.5
13260.0,30620.0,371.7
13280.0,30620.0,371.8
13300.0,30620.0,372.0
13320.0,30620.0,372.3
13340.0,30620.0,372.5
13360.0,30620.0,372.8
13380.0,30620.0,373.0
13400.0,30620.0,373.3
13420.0,30620.0,373.6
13440.0,30620.0,373.9
13460.0,30620.0,374.2
13480.0,30620.0,374.5
13500.0,30620.0,374.8
13520.0,30620.0,375.2
13540.0,30620.0,375.5
13560.0,30620.0,375.8
13580.0,30620.0,376.2
13600.0,30620.0,376.5
10800.0,30640.0,389.7
10820.0,30640.0,389.5
10840.0,30640.0,389.3
10860.0,30640.0,389.1
10880.0,30640.0,388.9
10900.0,30640.0,388.6
10920.0,30640.0,388.3
10940.0,30640.0,388.0
10960.0,30640.0,387.6
10980.0,30640.0,387.2
11000.0,30640.0,386.8
11020.0,30640.0,386.4
11040.0,30640.0,386.0
11060.0,30640.0,385.5
11080.0,30640.0,385.0
11100.0,30640.0,384.5
11120.0,30640.0,383.9
11140.0,30640.0,383.4
11160.0,30640.0,382.8
11180.0,30640.0,382.2
11200.0,30640.0,381.6
11220.0,30640.0,381.0
11240.0,30640.0,380.4
11260.0,30640.0,379.7
11280.0,30640.0,379.1
11300.0,30640.0,378.4
11320.0,30640.0,377.8
11340.0,30640.0,377.1
11360.0,30640.0,376.5
11380.0,30640.0,375.8
11400.0,30640.0,375.2
11420.0,30640.0,374.6
11440.0,30640.0,374.0
11460.0,30640.0,373.3
11480.0,30640.0,372.8
11500.0,30640.0,372.2
11520.0,30640.0,371.6
11540.0,30640.0,371.1
11560.0,30640.0,370.6
11580.0,30640.0,370.1
11600.0,30640.0,369.6
11620.0,30640.0,369.2
11640.0,30640.0,368.8
11660.0,30640.0,368.4
11680.0,30640.0,368.1
11700.0,30640.0,367.7
11720.0,30640.0,367.5
11740.0,30640.0,367.2
11760.0,30640.0,367.0
11780.0,30640.0,366.8
11800.0,30640.0,366.6
11820.0,30640.0,366.5
11840.0,30640.0,366.4
11860.0,30640.0,366.3
11880.0,30640.0,366.3
11900.0,30640.0,366.2
11920.0,30640.0,366.2
11940.0,30640.0,366.3
11960.0,30640.0,366.3
11980.0,30640.0,366.4
12000.0,30640.0,366.5
12020.0,30640.0,366.6
12040.0,30640.0,366.8
12060.0,30640.0,366.9
12080.0,30640.0,367.1
12100.0,30640.0,367.3
12120.0,30640.0,367.5
12140.0,30640.0,367.7
12160.0,30640.0,367.9
12180.0,30640.0,368.1
12200.0,30640.0,368.4
12220.0,30640.0,368.6
12240.0,30640.0,368.8
12260.0,30640.0,369.0
12280.0,30640.0,369.2
12300.0,30640.0,369.5
12320.0,30640.0,369.7
12340.0,30640.0,369.9
12360.0,30640.0,370.1
12380.0,30640.0,370.3
12400.0,30640.0,370.4
12420.0,30640.0,370.6
12440.0,30640.0,370.7
12460.0,30640.0,370.9
12480.0,30640.0,371.0
12500.0,30640.0,371.1
12520.0,30640.0,371.2
12540.0,30640.0,371.3
12560.0,30640.0,371.4
12580.0,30640.0,371.4
12600.0,30640.0,371.5
12620.0,30640.0,371.5
12640.0,30640.0,371.6
12660.0,30640.0,371.6
12680.0,30640.0,371.6
12700.0,30640.0,371.6
12720.0,30640.0,371.5
12740.0,30640.0,371.5
12760.0,30640.0,371.5
12780.0,30640.0,371.5
12800.0,30640.0,371.4
12820.0,30640.0,371.4
12840.0,30640.0,371.3
12860.0,30640.0,371.3
12880.0,30640.0,371.3
12900.0,30640.0,371.2
12920.0,30640.0,371.2
12940.0,30640.0,371.2
12960.0,30640.0,371.2
12980.0,30640.0,371.1
13000.0,30640.0,371.1
13020.0,30640.0,371.1
13040.0,30640.0,371.2
13060.0,30640.0,371.2
13080.0,30640.0,371.2
13100.0,30640.0,371.3
13120.0,30640.0,371.4
13140.0,30640.0,371.5
13160.0,30640.0,371.6
13180.0,30640.0,371.7
13200.0,30640.0,371.8
13220.0,30640.0,372.0
13240.0,30640.0,372.2
13260.0,30640.0,372.4
13280.0,30640.0,372.6
13300.0,30640.0,372.8
13320.0,30640.0,373.0
13340.0,30640.0,373.3
13360.0,30640.0,373.5
13380.0,30640.0,373.8
13400.0,30640.0,374.1
13420.0,30640.0,374.4
13440.0,30640.0,374.7
13460.0,30640.0,375.1
13480.0,30640.0,375.4
13500.0,30640.0,375.7
13520.0,30640.0,376.1
13540.0,30640.0,376.4
13560.0,30640.0,376.8
13580.0,30640.0,377.1
13600.0,30640.0,377.4
10800.0,30660.0,389.5
10820.0,30660.0,389.3
10840.0,30660.0,389.1
10860.0,30660.0,388.8
10880.0,30660.0,388.6
10900.0,30660.0,388.3
10920.0,30660.0,388.0
10940.0,30660.0,387.6
10960.0,30660.0,387.3
10980.0,30660.0,386.9
11000.0,30660.0,386.5
11020.0,30660.0,386.1
11040.0,30660.0,385.6
11060.0,30660.0,385.2
11080.0,30660.0,384.7
11100.0,30660.0,384.1
11120.0,30660.0,383.6
11140.0,30660.0,383.1
11160.0,30660.0,382.5
11180.0,30660.0,381.9
11200.0,30660.0,381.3
11220.0,30660.0,380.7
11240.0,30660.0,380.1
11260.0,30660.0,379.5
11280.0,30660.0,378.9
11300.0,30660.0,378.3
11320.0,30660.0,377.6
11340.0,30660.0,377.0
11360.0,30660.0,376.4
11380.0,30660.0,375.8
11400.0,30660.0,375.1
11420.0,30660.0,374.5
11440.0,30660.0,373.9
11460.0,30660.0,373.4
11480.0,30660.0,372.8
11500.0,30660.0,372.3
11520.0,30660.0,371.7
11540.0,30660.0,371.2
11560.0,30660.0,370.7
11580.0,30660.0,370.3
11600.0,30660.0,369.8
11620.0,30660.0,369.4
11640.0,30660.0,369.0
11660.0,30660.0,368.6
11680.0,30660.0,368.3
11700.0,30660.0,368.0
11720.0,30660.0,367.7
11740.0,30660.0,367.5
11760.0,30660.0,367.3
11780.0,30660.0,367.1
11800.0,30660.0,366.9
11820.0,30660.0,366.8
11840.0,30660.0,366.7
11860.0,30660.0,366.7
11880.0,30660.0,366.6
11900.0,30660.0,366.6
11920.0,30660.0,366.6
11940.0,30660.0,366.7
11960.0,30660.0,366.7
11980.0,30660.0,366.8
12000.0,30660.0,366.9
12020.0,30660.0,367.0
12040.0,30660.0,367.2
12060.0,30660.0,367.3
12080.0,30660.0,367.5
12100.0,30660.0,367.7
12120.0,30660.0,367.9
12140.0,30660.0,368.1
12160.0,30660.0,368.3
12180.0,30660.0,368.5
12200.0,30660.0,368.7
12220.0,30660.0,368.9
12240.0,30660.0,369.1
12260.0,30660.0,369.3
12280.0,30660.0,369.6
12300.0,30660.0,369.8
12320.0,30660.0,370.0
12340.0,30660.0,370.2
12360.0,30660.0,370.4
12380.0,30660.0,370.5
12400.0,30660.0,370.7
12420.0,30660.0,370.9
12440.0,30660.0,371.0
12460.0,30660.0,371.1
12480.0,30660.0,371.3
12500.0,30660.0,371.4
12520.0,30660.0,371.5
12540.0,30660.0,371.6
12560.0,30660.0,371.6
12580.0,30660.0,371.7
12600.0,30660.0,371.8
12620.0,30660.0,371.8
12640.0,30660.0,371.8
12660.0,30660.0,371.8
12680.0,30660.0,371.9
12700.0,30660.0,371.9
12720.0,30660.0,371.8
12740.0,30660.0,371.8
12760.0,30660.0,371.8
12780.0,30660.0,371.8
12800.0,30660.0,371.8
12820.0,30660.0,371.7
12840.0,30660.0,371.7
12860.0,30660.0,371.7
12880.0,30660.0,371.7
12900.0,30660.0,371.6
12920.0,30660.0,371.6
12940.0,30660.0,371.6
12960.0,30660.0,371.6
12980.0,30660.0,371.6
13000.0,30660.0,371.6
13020.0,30660.0,371.7
13040.0,30660.0,371.7
13060.0,30660.0,371.8
13080.0,30660.0,371.8
13100.0,30660.0,371.9
13120.0,30660.0,372.0
13140.0,30660.0,372.1
13160.0,30660.0,372.2
13180.0,30660.0,372.4
13200.0,30660.0,372.5
13220.0,30660.0,372.7
13240.0,30660.0,372.9
13260.0,30660.0,373.1
13280.0,30660.0,373.3
13300.0,30660.0,373.6
13320.0,30660.0,373.8
13340.0,30660.0,374.1
13360.0,30660.0,374.4
13380.0,30660.0,374.7
13400.0,30660.0,375.0
13420.0,30660.0,375.3
13440.0,30660.0,375.6
13460.0,30660.0,376.0
13480.0,30660.0,376.3
13500.0,30660.0,376.7
13520.0,30660.0,377.0
13540.0,30660.0,377.4
13560.0,30660.0,377.7
13580.0,30660.0,378.1
13600.0,30660.0,378.4
10800.0,30680.0,389.2
10820.0,30680.0,389.0
10840.0,30680.0,388.8
10860.0,30680.0,388.5
10880.0,30680.0,388.3
10900.0,30680.0,388.0
10920.0,30680.0,387.7
10940.0,30680.0,387.3
10960.0,30680.0,387.0
10980.0,30680.0,386.6
11000.0,30680.0,386.2
11020.0,30680.0,385.8
11040.0,30680.0,385.3
11060.0,30680.0,384.8
11080.0,30680.0,384.4
11100.0,30680.0,383.9
11120.0,30680.0,383.3
11140.0,30680.0,382.8
11160.0,30680.0,382.3
11180.0,30680.0,381.7
11200.0,30680.0,381.1
11220.0,30680.0,380.5
11240.0,30680.0,379.9
11260.0,30680.0,379.3
11280.0,30680.0,378.7
11300.0,30680.0,378.1
11320.0,30680.0,377.5
11340.0,30680.0,376.9
11360.0,30680.0,376.3
11380.0,30680.0,375.7
11400.0,30680.0,375.1
11420.0,30680.0,374.5
11440.0,30680.0,374.0
11460.0,30680.0,373.4
11480.0,30680.0,372.9
11500.0,30680.0,372.3
11520.0,30680.0,371.8
11540.0,30680.0,371.3
11560.0,30680.0,370.9
11580.0,30680.0,370.4
11600.0,30680.0,370.0
11620.0,30680.0,369.6
11640.0,30680.0,369.2
11660.0,30680.0,368.9
11680.0,30680.0,368.6
11700.0,30680.0,368.3
11720.0,30680.0,368.0
11740.0,30680.0,367.8
11760.0,30680.0,367.6
11780.0,30680.0,367.4
11800.0,30680.0,367.3
11820.0,30680.0,367.2
11840.0,30680.0,367.1
11860.0,30680.0,367.0
11880.0,30680.0,367.0
11900.0,30680.0,367.0
11920.0,30680.0,367.0
11940.0,30680.0,367.0
11960.0,30680.0,367.1
11980.0,30680.0,367.2
12000.0,30680.0,367.3
12020.0,30680.0,367.4
12040.0,30680.0,367.5
12060.0,30680.0,367.7
12080.0,30680.0,367.8
12100.0,30680.0,368.0
12120.0,30680.0,368.2
12140.0,30680.0,368.4
12160.0,30680.0,368.6
12180.0,30680.0,368.8
12200.0,30680.0,369.0
12220.0,30680.0,369.2
12240.0,30680.0,369.4
12260.0,30680.0,369.6
12280.0,30680.0,369.8
12300.0,30680.0,370.1
12320.0,30680.0,370.2
12340.0,30680.0,370.4
12360.0,30680.0,370.6
12380.0,30680.0,370.8
12400.0,30680.0,371.0
12420.0,30680.0,371.1
12440.0,30680.0,371.3
12460.0,30680.0,371.4
12480.0,30680.0,371.5
12500.0,30680.0,371.6
12520.0,30680.0,371.7
12540.0,30680.0,371.8
12560.0,30680.0,371.9
12580.0,30680.0,372.0
12600.0,30680.0,372.0
12620.0,30680.0,372.1
12640.0,30680.0,372.1
12660.0,30680.0,372.1
12680.0,30680.0,372.2
12700.0,30680.0,372.2
12720.0,30680.0,372.2
12740.0,30680.0,372.2
12760.0,30680.0,372.2
12780.0,30680.0,372.2
12800.0,30680.0,372.1
12820.0,30680.0,372.1
12840.0,30680.0,372.1
12860.0,30680.0,372.1
12880.0,30680.0,372.1
12900.0,30680.0,372.1
12920.0,30680.0,372.1
12940.0,30680.0,372.1
12960.0,30680.0,372.1
12980.0,30680.0,372.2
13000.0,30680.0,372.2
13020.0,30680.0,372.2
13040.0,30680.0,372.3
13060.0,30680.0,372.4
13080.0,30680.0,372.5
13100.0,30680.0,372.6
13120.0,30680.0,372.7
13140.0,30680.0,372.8
13160.0,30680.0,372.9
13180.0,30680.0,373.1
13200.0,30680.0,373.3
13220.0,30680.0,373.5
13240.0,30680.0,373.7
13260.0,30680.0,373.9
13280.0,30680.0,374.2
13300.0,30680.0,374.4
13320.0,30680.0,374.7
13340.0,30680.0,375.0
13360.0,30680.0,375.3
13380.0,30680.0,375.6
13400.0,30680.0,375.9
13420.0,30680.0,376.2
13440.0,30680.0,376.6
13460.0,30680.0,376.9
13480.0,30680.0,377.3
13500.0,30680.0,377.6
13520.0,30680.0,378.0
13540.0,30680.0,378.3
13560.0,30680.0,378.7
13580.0,30680.0,379.0
13600.0,30680.0,379.4
10800.0,30700.0,389.0
10820.0,30700.0,388.8
10840.0,30700.0,388.5
10860.0,30700.0,388.3
10880.0,30700.0,388.0
10900.0,30700.0,387.7
10920.0,30700.0,387.4
10940.0,30700.0,387.0
10960.0,30700.0,386.7
10980.0,30700.0,386.3
11000.0,30700.0,385.9
11020.0,30700.0,385.5
11040.0,30700.0,385.0
11060.0,30700.0,384.6
11080.0,30700.0,384.1
11100.0,30700.0,383.6
11120.0,30700.0,383.1
11140.0,30700.0,382.6
11160.0,30700.0,382.0
11180.0,30700.0,381.5
11200.0,30700.0,380.9
11220.0,30700.0,380.4
11240.0,30700.0,379.8
11260.0,30700.0,379.2
11280.0,30700.0,378.6
11300.0,30700.0,378.0
11320.0,30700.0,377.4
11340.0,30700.0,376.9
11360.0,30700.0,376.3
11380.0,30700.0,375.7
11400.0,30700.0,375.1
11420.0,30700.0,374.6
11440.0,30700.0,374.0
11460.0,30700.0,373.5
11480.0,30700.0,373.0
11500.0,30700.0,372.5
11520.0,30700.0,372.0
11540.0,30700.0,371.5
11560.0,30700.0,371.1
11580.0,30700.0,370.6
11600.0,30700.0,370.2
11620.0,30700.0,369.8
11640.0,30700.0,369.5
11660.0,30700.0,369.2
11680.0,30700.0,368.9
11700.0,30700.0,368.6
11720.0,30700.0,368.3
11740.0,30700.0,368.1
11760.0,30700.0,367.9
11780.0,30700.0,367.8
11800.0,30700.0,367.6
11820.0,30700.0,367.5
11840.0,30700.0,367.4
11860.0,30700.0,367.4
11880.0,30700.0,367.3
11900.0,30700.0,367.3
11920.0,30700.0,367.3
11940.0,30700.0,367.4
11960.0,30700.0,367.4
11980.0,30700.0,367.5
12000.0,30700.0,367.6
12020.0,30700.0,367.7
12040.0,30700.0,367.9
12060.0,30700.0,368.0
12080.0,30700.0,368.2
12100.0,30700.0,368.3
12120.0,30700.0,368.5
12140.0,30700.0,368.7
12160.0,30700.0,368.9
12180.0,30700.0,369.1
12200.0,30700.0,369.3
12220.0,30700.0,369.5
12240.0,30700.0,369.7
12260.0,30700.0,369.9
12280.0,30700.0,370.1
12300.0,30700.0,370.3
12320.0,30700.0,370.5
12340.0,30700.0,370.7
12360.0,30700.0,370.9
12380.0,30700.0,371.1
12400.0,30700.0,371.2
12420.0,30700.0,371.4
12440.0,30700.0,371.5
12460.0,30700.0,371.7
12480.0,30700.0,371.8
12500.0,30700.0,371.9
12520.0,30700.0,372.0
12540.0,30700.0,372.1
12560.0,30700.0,372.2
12580.0,30700.0,372.2
12600.0,30700.0,372.3
12620.0,30700.0,372.4
12640.0,30700.0,372.4
12660.0,30700.0,372.4
12680.0,30700.0,372.5
12700.0,30700.0,372.5
12720.0,30700.0,372.5
12740.0,30700.0,372.5
12760.0,30700.0,372.5
12780.0,30700.0,372.5
12800.0,30700.0,372.5
12820.0,30700.0,372.5
12840.0,30700.0,372.6
12860.0,30700.0,372.6
12880.0,30700.0,372.6
12900.0,30700.0,372.6
12920.0,30700.0,372.6
12940.0,30700.0,372.6
12960.0,30700.0,372.7
12980.0,30700.0,372.7
13000.0,30700.0,372.8
13020.0,30700.0,372.9
13040.0,30700.0,372.9
13060.0,30700.0,373.0
13080.0,30700.0,373.1
13100.0,30700.0,373.3
13120.0,30700.0,373.4
13140.0,30700.0,373.5
13160.0,30700.0,373.7
13180.0,30700.0,373.9
13200.0,30700.0,374.1
13220.0,30700.0,374.3
13240.0,30700.0,374.5
13260.0,30700.0,374.8
13280.0,30700.0,375.0
13300.0,30700.0,375.3
13320.0,30700.0,375.6
13340.0,30700.0,375.9
13360.0,30700.0,376.2
13380.0,30700.0,376.5
13400.0,30700.0,376.8
13420.0,30700.0,377.2
13440.0,30700.0,377.5
13460.0,30700.0,377.9
13480.0,30700.0,378.2
13500.0,30700.0,378.6
13520.0,30700.0,379.0
13540.0,30700.0,379.3
13560.0,30700.0,379.7
13580.0,30700.0,380.0
13600.0,30700.0,380.4
10800.0,30720.0,388.8
10820.0,30720.0,388.6
10840.0,30720.0,388.3
10860.0,30720.0,388.0
10880.0,30720.0,387.8
10900.0,30720.0,387.4
10920.0,30720.0,387.1
10940.0,30720.0,386.8
10960.0,30720.0,386.4
10980.0,30720.0,386.0
11000.0,30720.0,385.6
11020.0,30720.0,385.2
11040.0,30720.0,384.8
11060.0,30720.0,384.3
11080.0,30720.0,383.9
11100.0,30720.0,383.4
11120.0,30720.0,382.9
11140.0,30720.0,382.4
11160.0,30720.0,381.8
11180.0,30720.0,381.3
11200.0,30720.0,380.8
11220.0,30720.0,380.2
11240.0,30720.0,379.7
11260.0,30720.0,379.1
11280.0,30720.0,378.5
11300.0,30720.0,378.0
11320.0,30720.0,377.4
11340.0,30720.0,376.8
11360.0,30720.0,376.3
11380.0,30720.0,375.7
11400.0,30720.0,375.2
11420.0,30720.0,374.6
11440.0,30720.0,374.1
11460.0,30720.0,373.6
11480.0,30720.0,373.1
11500.0,30720.0,372.6
11520.0,30720.0,372.1
11540.0,30720.0,371.7
11560.0,30720.0,371.2
11580.0,30720.0,370.8
11600.0,30720.0,370.5
11620.0,30720.0,370.1
11640.0,30720.0,369.7
11660.0,30720.0,369.4
11680.0,30720.0,369.1
11700.0,30720.0,368.9
11720.0,30720.0,368.6
11740.0,30720.0,368.4
11760.0,30720.0,368.2
11780.0,30720.0,368.1
11800.0,30720.0,368.0
11820.0,30720.0,367.9
11840.0,30720.0,367.8
11860.0,30720.0,367.7
11880.0,30720.0,367.7
11900.0,30720.0,367.7
11920.0,30720.0,367.7
11940.0,30720.0,367.7
11960.0,30720.0,367.8
11980.0,30720.0,367.9
12000.0,30720.0,368.0
12020.0,30720.0,368.1
12040.0,30720.0,368.2
12060.0,30720.0,368.4
12080.0,30720.0,368.5
12100.0,30720.0,368.7
12120.0,30720.0,368.8
12140.0,30720.0,369.0
12160.0,30720.0,369.2
12180.0,30720.0,369.4
12200.0,30720.0,369.6
12220.0,30720.0,369.8
12240.0,30720.0,370.0
12260.0,30720.0,370.2
12280.0,30720.0,370.4
12300.0,30720.0,370.6
12320.0,30720.0,370.8
12340.0,30720.0,371.0
12360.0,30720.0,371.1
12380.0,30720.0,371.3
12400.0,30720.0,371.5
12420.0,30720.0,371.6
12440.0,30720.0,371.8
12460.0,30720.0,371.9
12480.0,30720.0,372.0
12500.0,30720.0,372.2
12520.0,30720.0,372.3
12540.0,30720.0,372.4
12560.0,30720.0,372.4
12580.0,30720.0,372.5
12600.0,30720.0,372.6
12620.0,30720.0,372.7
12640.0,30720.0,372.7
12660.0,30720.0,372.8
12680.0,30720.0,372.8
12700.0,30720.0,372.8
12720.0,30720.0,372.9
12740.0,30720.0,372.9
12760.0,30720.0,372.9
12780.0,30720.0,372.9
12800.0,30720.0,373.0
12820.0,30720.0,373.0
12840.0,30720.0,373.0
12860.0,30720.0,373.1
12880.0,30720.0,373.1
12900.0,30720.0,373.1
12920.0,30720.0,373.2
12940.0,30720.0,373.2
12960.0,30720.0,373.3
12980.0,30720.0,373.3
13000.0,30720.0,373.4
13020.0,30720.0,373.5
13040.0,30720.0,373.6
13060.0,30720.0,373.7
13080.0,30720.0,373.9
13100.0,30720.0,374.0
13120.0,30720.0,374.2
13140.0,30720.0,374.3
13160.0,30720.0,374.5
13180.0,30720.0,374.7
13200.0,30720.0,374.9
13220.0,30720.0,375.2
13240.0,30720.0,375.4
13260.0,30720.0,375.7
13280.0,30720.0,375.9
13300.0,30720.0,376.2
13320.0,30720.0,376.5
13340.0,30720.0,376.8
13360.0,30720.0,377.2
13380.0,30720.0,377.5
13400.0,30720.0,377.8
13420.0,30720.0,378.2
13440.0,30720.0,378.5
13460.0,30720.0,378.9
13480.0,30720.0,379.3
13500.0,30720.0,379.6
13520.0,30720.0,380.0
13540.0,30720.0,380.4
13560.0,30720.0,380.7
13580.0,30720.0,381.1
13600.0,30720.0,381.4
10800.0,30740.0,388.6
10820.0,30740.0,388.4
10840.0,30740.0,388.1
10860.0,30740.0,387.8
10880.0,30740.0,387.5
10900.0,30740.0,387.2
10920.0,30740.0,386.9
10940.0,30740.0,386.5
10960.0,30740.0,386.2
10980.0,30740.0,385.8
11000.0,30740.0,385.4
11020.0,30740.0,385.0
11040.0,30740.0,384.6
11060.0,30740.0,384.1
11080.0,30740.0,383.6
11100.0,30740.0,383.2
11120.0,30740.0,382.7
11140.0,30740.0,382.2
11160.0,30740.0,381.7
11180.0,30740.0,381.2
11200.0,30740.0,380.6
11220.0,30740.0,380.1
11240.0,30740.0,379.6
11260.0,30740.0,379.0
11280.0,30740.0,378.5
11300.0,30740.0,377.9
11320.0,30740.0,377.4
11340.0,30740.0,376.8
11360.0,30740.0,376.3
11380.0,30740.0,375.8
11400.0,30740.0,375.2
11420.0,30740.0,374.7
11440.0,30740.0,374.2
11460.0,30740.0,373.7
11480.0,30740.0,373.2
11500.0,30740.0,372.8
11520.0,30740.0,372.3
11540.0,30740.0,371.9
11560.0,30740.0,371.5
11580.0,30740.0,371.1
11600.0,30740.0,370.7
11620.0,30740.0,370.4
11640.0,30740.0,370.0
11660.0,30740.0,369.7
11680.0,30740.0,369.4
11700.0,30740.0,369.2
11720.0,30740.0,369.0
11740.0,30740.0,368.8
11760.0,30740.0,368.6
11780.0,30740.0,368.4
11800.0,30740.0,368.3
11820.0,30740.0,368.2
11840.0,30740.0,368.1
11860.0,30740.0,368.1
11880.0,30740.0,368.0
11900.0,30740.0,368.0
11920.0,30740.0,368.1
11940.0,30740.0,368.1
11960.0,30740.0,368.1
11980.0,30740.0,368.2
12000.0,30740.0,368.3
12020.0,30740.0,368.4
12040.0,30740.0,368.5
12060.0,30740.0,368.7
12080.0,30740.0,368.8
12100.0,30740.0,369.0
12120.0,30740.0,369.1
12140.0,30740.0,369.3
12160.0,30740.0,369.5
12180.0,30740.0,369.7
12200.0,30740.0,369.9
12220.0,30740.0,370.1
12240.0,30740.0,370.3
12260.0,30740.0,370.5
12280.0,30740.0,370.7
12300.0,30740.0,370.8
12320.0,30740.0,371.0
12340.0,30740.0,371.2
12360.0,30740.0,371.4
12380.0,30740.0,371.6
12400.0,30740.0,371.7
12420.0,30740.0,371.9
12440.0,30740.0,372.0
12460.0,30740.0,372.2
12480.0,30740.0,372.3
12500.0,30740.0,372.4
12520.0,30740.0,372.5
12540.0,30740.0,372.6
12560.0,30740.0,372.7
12580.0,30740.0,372.8
12600.0,30740.0,372.9
12620.0,30740.0,373.0
12640.0,30740.0,373.0
12660.0,30740.0,373.1
12680.0,30740.0,373.2
12700.0,30740.0,373.2
12720.0,30740.0,373.3
12740.0,30740.0,373.3
12760.0,30740.0,373.3
12780.0,30740.0,373.4
12800.0,30740.0,373.4
12820.0,30740.0,373.5
12840.0,30740.0,373.5
12860.0,30740.0,373.6
12880.0,30740.0,373.6
12900.0,30740.0,373.7
12920.0,30740.0,373.8
12940.0,30740.0,373.8
12960.0,30740.0,373.9
12980.0,30740.0,374.0
13000.0,30740.0,374.1
13020.0,30740.0,374.2
13040.0,30740.0,374.3
13060.0,30740.0,374.5
13080.0,30740.0,374.6
13100.0,30740.0,374.8
13120.0,30740.0,375.0
13140.0,30740.0,375.2
13160.0,30740.0,375.4
13180.0,30740.0,375.6
13200.0,30740.0,375.8
13220.0,30740.0,376.1
13240.0,30740.0,376.3
13260.0,30740.0,376.6
13280.0,30740.0,376.9
13300.0,30740.0,377.2
13320.0,30740.0,377.5
13340.0,30740.0,377.8
13360.0,30740.0,378.2
13380.0,30740.0,378.5
13400.0,30740.0,378.9
13420.0,30740.0,379.2
13440.0,30740.0,379.6
13460.0,30740.0,380.0
13480.0,30740.0,380.3
13500.0,30740.0,380.7
13520.0,30740.0,381.1
13540.0,30740.0,381.4
13560.0,30740.0,381.8
13580.0,30740.0,382.1
13600.0,30740.0,382.5
10800.0,30760.0,388.4
10820.0,30760.0,388.2
10840.0,30760.0,387.9
10860.0,30760.0,387.6
10880.0,30760.0,387.3
10900.0,30760.0,387.0
10920.0,30760.0,386.7
10940.0,30760.0,386.3
10960.0,30760.0,386.0
10980.0,30760.0,385.6
11000.0,30760.0,385.2
11020.0,30760.0,384.8
11040.0,30760.0,384.4
11060.0,30760.0,383.9
11080.0,30760.0,383.5
11100.0,30760.0,383.0
11120.0,30760.0,382.5
11140.0,30760.0,382.0
11160.0,30760.0,381.5
11180.0,30760.0,381.0
11200.0,30760.0,380.5
11220.0,30760.0,380.0
11240.0,30760.0,379.5
11260.0,30760.0,379.0
11280.0,30760.0,378.4
11300.0,30760.0,377.9
11320.0,30760.0,377.4
11340.0,30760.0,376.9
11360.0,30760.0,376.3
11380.0,30760.0,375.8
11400.0,30760.0,375.3
11420.0,30760.0,374.8
11440.0,30760.0,374.3
11460.0,30760.0,373.9
11480.0,30760.0,373.4
11500.0,30760.0,372.9
11520.0,30760.0,372.5
11540.0,30760.0,372.1
11560.0,30760.0,371.7
11580.0,30760.0,371.3
11600.0,30760.0,371.0
11620.0,30760.0,370.6
11640.0,30760.0,370.3
11660.0,30760.0,370.0
11680.0,30760.0,369.8
11700.0,30760.0,369.5
11720.0,30760.0,369.3
11740.0,30760.0,369.1
11760.0,30760.0,368.9
11780.0,30760.0,368.8
11800.0,30760.0,368.7
11820.0,30760.0,368.6
11840.0,30760.0,368.5
11860.0,30760.0,368.4
11880.0,30760.0,368.4
11900.0,30760.0,368.4
11920.0,30760.0,368.4
11940.0,30760.0,368.4
11960.0,30760.0,368.5
11980.0,30760.0,368.6
12000.0,30760.0,368.6
12020.0,30760.0,368.7
12040.0,30760.0,368.9
12060.0,30760.0,369.0
12080.0,30760.0,369.1
12100.0,30760.0,369.3
12120.0,30760.0,369.4
12140.0,30760.0,369.6
12160.0,30760.0,369.8
12180.0,30760.0,370.0
12200.0,30760.0,370.1
12220.0,30760.0,370.3
12240.0,30760.0,370.5
12260.0,30760.0,370.7
12280.0,30760.0,370.9
12300.0,30760.0,371.1
12320.0,30760.0,371.3
12340.0,30760.0,371.4
12360.0,30760.0,371.6
12380.0,30760.0,371.8
12400.0,30760.0,371.9
12420.0,30760.0,372.1
12440.0,30760.0,372.3
12460.0,30760.0,372.4
12480.0,30760.0,372.5
12500.0,30760.0,372.7
12520.0,30760.0,372.8
12540.0,30760.0,372.9
12560.0,30760.0,373.0
12580.0,30760.0,373.1
12600.0,30760.0,373.2
12620.0,30760.0,373.3
12640.0,30760.0,373.4
12660.0,30760.0,373.4
12680.0,30760.0,373.5
12700.0,30760.0,373.6
12720.0,30760.0,373.7
12740.0,30760.0,373.7
12760.0,30760.0,373.8
12780.0,30760.0,373.8
12800.0,30760.0,373.9
12820.0,30760.0,374.0
12840.0,30760.0,374.0
12860.0,30760.0,374.1
12880.0,30760.0,374.2
12900.0,30760.0,374.3
12920.0,30760.0,374.4
12940.0,30760.0,374.5
12960.0,30760.0,374.6
12980.0,30760.0,374.7
13000.0,30760.0,374.8
13020.0,30760.0,375.0
13040.0,30760.0,375.1
13060.0,30760.0,375.3
13080.0,30760.0,375.4
13100.0,30760.0,375.6
13120.0,30760.0,375.8
13140.0,30760.0,376.0
13160.0,30760.0,376.3
13180.0,30760.0,376.5
13200.0,30760.0,376.8
13220.0,30760.0,377.0
13240.0,30760.0,377.3
13260.0,30760.0,377.6
13280.0,30760.0,377.9
13300.0,30760.0,378.2
13320.0,30760.0,378.6
13340.0,30760.0,378.9
13360.0,30760.0,379.2
13380.0,30760.0,379.6
13400.0,30760.0,379.9
13420.0,30760.0,380.3
13440.0,30760.0,380.7
13460.0,30760.0,381.0
13480.0,30760.0,381.4
13500.0,30760.0,381.8
13520.0,30760.0,382.2
13540.0,30760.0,382.5
13560.0,30760.0,382.9
13580.0,30760.0,383.2
13600.0,30760.0,383.6
10800.0,30780.0,388.3
10820.0,30780.0,388.0
10840.0,30780.0,387.7
10860.0,30780.0,387.5
10880.0,30780.0,387.2
10900.0,30780.0,386.8
10920.0,30780.0,386.5
10940.0,30780.0,386.2
10960.0,30780.0,385.8
10980.0,30780.0,385.4
11000.0,30780.0,385.0
11020.0,30780.0,384.6
11040.0,30780.0,384.2
11060.0,30780.0,383.8
11080.0,30780.0,383.3
11100.0,30780.0,382.9
11120.0,30780.0,382.4
11140.0,30780.0,381.9
11160.0,30780.0,381.4
11180.0,30780.0,381.0
11200.0,30780.0,380.5
11220.0,30780.0,380.0
11240.0,30780.0,379.5
11260.0,30780.0,379.0
11280.0,30780.0,378.4
11300.0,30780.0,377.9
11320.0,30780.0,377.4
11340.0,30780.0,376.9
11360.0,30780.0,376.4
11380.0,30780.0,375.9
11400.0,30780.0,375.4
11420.0,30780.0,375.0
11440.0,30780.0,374.5
11460.0,30780.0,374.0
11480.0,30780.0,373.6
11500.0,30780.0,373.2
11520.0,30780.0,372.7
11540.0,30780.0,372.3
11560.0,30780.0,372.0
11580.0,30780.0,371.6
11600.0,30780.0,371.3
11620.0,30780.0,370.9
11640.0,30780.0,370.6
11660.0,30780.0,370.3
11680.0,30780.0,370.1
11700.0,30780.0,369.9
11720.0,30780.0,369.6
11740.0,30780.0,369.4
11760.0,30780.0,369.3
11780.0,30780.0,369.1
11800.0,30780.0,369.0
11820.0,30780.0,368.9
11840.0,30780.0,368.8
11860.0,30780.0,368.8
11880.0,30780.0,368.8
11900.0,30780.0,368.7
11920.0,30780.0,368.8
11940.0,30780.0,368.8
11960.0,30780.0,368.8
11980.0,30780.0,368.9
12000.0,30780.0,369.0
12020.0,30780.0,369.1
12040.0,30780.0,369.2
12060.0,30780.0,369.3
12080.0,30780.0,369.4
12100.0,30780.0,369.6
12120.0,30780.0,369.7
12140.0,30780.0,369.9
12160.0,30780.0,370.0
12180.0,30780.0,370.2
12200.0,30780.0,370.4
12220.0,30780.0,370.6
12240.0,30780.0,370.8
12260.0,30780.0,370.9
12280.0,30780.0,371.1
12300.0,30780.0,371.3
12320.0,30780.0,371.5
12340.0,30780.0,371.7
12360.0,30780.0,371.8
12380.0,30780.0,372.0
12400.0,30780.0,372.2
12420.0,30780.0,372.3
12440.0,30780.0,372.5
12460.0,30780.0,372.6
12480.0,30780.0,372.8
12500.0,30780.0,372.9
12520.0,30780.0,373.0
12540.0,30780.0,373.2
12560.0,30780.0,373.3
12580.0,30780.0,373.4
12600.0,30780.0,373.5
12620.0,30780.0,373.6
12640.0,30780.0,373.7
12660.0,30780.0,373.8
12680.0,30780.0,373.9
12700.0,30780.0,374.0
12720.0,30780.0,374.1
12740.0,30780.0,374.2
12760.0,30780.0,374.2
12780.0,30780.0,374.3
12800.0,30780.0,374.4
12820.0,30780.0,374.5
12840.0,30780.0,374.6
12860.0,30780.0,374.7
12880.0,30780.0,374.8
12900.0,30780.0,374.9
12920.0,30780.0,375.0
12940.0,30780.0,375.1
12960.0,30780.0,375.3
12980.0,30780.0,375.4
13000.0,30780.0,375.6
13020.0,30780.0,375.7
13040.0,30780.0,375.9
13060.0,30780.0,376.1
13080.0,30780.0,376.3
13100.0,30780.0,376.5
13120.0,30780.0,376.7
13140.0,30780.0,377.0
13160.0,30780.0,377.2
13180.0,30780.0,377.5
13200.0,30780.0,377.7
13220.0,30780.0,378.0
13240.0,30780.0,378.3
13260.0,30780.0,378.6
13280.0,30780.0,379.0
13300.0,30780.0,379.3
13320.0,30780.0,379.6
13340.0,30780.0,380.0
13360.0,30780.0,380.3
13380.0,30780.0,380.7
13400.0,30780.0,381.1
13420.0,30780.0,381.4
13440.0,30780.0,381.8
13460.0,30780.0,382.2
13480.0,30780.0,382.5
13500.0,30780.0,382.9
13520.0,30780.0,383.3
13540.0,30780.0,383.6
13560.0,30780.0,384.0
13580.0,30780.0,384.4
13600.0,30780.0,384.7
10800.0,30800.0,388.1
10820.0,30800.0,387.9
10840.0,30800.0,387.6
10860.0,30800.0,387.3
10880.0,30800.0,387.0
10900.0,30800.0,386.7
10920.0,30800.0,386.3
10940.0,30800.0,386.0
10960.0,30800.0,385.6
10980.0,30800.0,385.3
11000.0,30800.0,384.9
11020.0,30800.0,384.5
11040.0,30800.0,384.1
11060.0,30800.0,383.6
11080.0,30800.0,383.2
11100.0,30800.0,382.8
11120.0,30800.0,382.3
11140.0,30800.0,381.8
11160.0,30800.0,381.4
11180.0,30800.0,380.9
11200.0,30800.0,380.4
11220.0,30800.0,379.9
11240.0,30800.0,379.5
11260.0,30800.0,379.0
11280.0,30800.0,378.5
11300.0,30800.0,378.0
11320.0,30800.0,377.5
11340.0,30800.0,377.0
11360.0,30800.0,376.5
11380.0,30800.0,376.1
11400.0,30800.0,375.6
11420.0,30800.0,375.1
11440.0,30800.0,374.7
11460.0,30800.0,374.2
11480.0,30800.0,373.8
11500.0,30800.0,373.4
11520.0,30800.0,373.0
11540.0,30800.0,372.6
11560.0,30800.0,372.2
11580.0,30800.0,371.9
11600.0,30800.0,371.6
11620.0,30800.0,371.2
11640.0,30800.0,371.0
11660.0,30800.0,370.7
11680.0,30800.0,370.4
11700.0,30800.0,370.2
11720.0,30800.0,370.0
11740.0,30800.0,369.8
11760.0,30800.0,369.6
11780.0,30800.0,369.5
11800.0,30800.0,369.4
11820.0,30800.0,369.3
11840.0,30800.0,369.2
11860.0,30800.0,369.1
11880.0,30800.0,369.1
11900.0,30800.0,369.1
11920.0,30800.0,369.1
11940.0,30800.0,369.1
11960.0,30800.0,369.2
11980.0,30800.0,369.2
12000.0,30800.0,369.3
12020.0,30800.0,369.4
12040.0,30800.0,369.5
12060.0,30800.0,369.6
12080.0,30800.0,369.7
12100.0,30800.0,369.8
12120.0,30800.0,370.0
12140.0,30800.0,370.1
12160.0,30800.0,370.3
12180.0,30800.0,370.5
12200.0,30800.0,370.6
12220.0,30800.0,370.8
12240.0,30800.0,371.0
12260.0,30800.0,371.2
12280.0,30800.0,371.3
12300.0,30800.0,371.5
12320.0,30800.0,371.7
12340.0,30800.0,371.9
12360.0,30800.0,372.1
12380.0,30800.0,372.2
12400.0,30800.0,372.4
12420.0,30800.0,372.6
12440.0,30800.0,372.7
12460.0,30800.0,372.9
12480.0,30800.0,373.0
12500.0,30800.0,373.2
12520.0,30800.0,373.3
12540.0,30800.0,373.4
12560.0,30800.0,373.6
12580.0,30800.0,373.7
12600.0,30800.0,373.8
12620.0,30800.0,373.9
12640.0,30800.0,374.1
12660.0,30800.0,374.2
12680.0,30800.0,374.3
12700.0,30800.0,374.4
12720.0,30800.0,374.5
12740.0,30800.0,374.6
12760.0,30800.0,374.7
12780.0,30800.0,374.8
12800.0,30800.0,374.9
12820.0,30800.0,375.1
12840.0,30800.0,375.2
12860.0,30800.0,375.3
12880.0,30800.0,375.4
12900.0,30800.0,375.6
12920.0,30800.0,375.7
12940.0,30800.0,375.9
12960.0,30800.0,376.0
12980.0,30800.0,376.2
13000.0,30800.0,376.4
13020.0,30800.0,376.6
13040.0,30800.0,376.7
13060.0,30800.0,377.0
13080.0,30800.0,377.2
13100.0,30800.0,377.4
13120.0,30800.0,377.7
13140.0,30800.0,377.9
13160.0,30800.0,378.2
13180.0,30800.0,378.5
13200.0,30800.0,378.8
13220.0,30800.0,379.1
13240.0,30800.0,379.4
13260.0,30800.0,379.7
13280.0,30800.0,380.0
13300.0,30800.0,380.4
13320.0,30800.0,380.7
13340.0,30800.0,381.1
13360.0,30800.0,381.4
13380.0,30800.0,381.8
13400.0,30800.0,382.2
13420.0,30800.0,382.6
13440.0,30800.0,382.9
13460.0,30800.0,383.3
13480.0,30800.0,383.7
13500.0,30800.0,384.1
13520.0,30800.0,384.4
13540.0,30800.0,384.8
13560.0,30800.0,385.1
13580.0,30800.0,385.5
13600.0,30800.0,385.8
10800.0,30820.0,388.0
10820.0,30820.0,387.8
10840.0,30820.0,387.5
10860.0,30820.0,387.2
10880.0,30820.0,386.9
10900.0,30820.0,386.5
10920.0,30820.0,386.2
10940.0,30820.0,385.9
10960.0,30820.0,385.5
10980.0,30820.0,385.1
11000.0,30820.0,384.7
11020.0,30820.0,384.4
11040.0,30820.0,383.9
11060.0,30820.0,383.5
11080.0,30820.0,383.1
11100.0,30820.0,382.7
11120.0,30820.0,382.2
11140.0,30820.0,381.8
11160.0,30820.0,381.3
11180.0,30820.0,380.9
11200.0,30820.0,380.4
11220.0,30820.0,380.0
11240.0,30820.0,379.5
11260.0,30820.0,379.0
11280.0,30820.0,378.5
11300.0,30820.0,378.1
11320.0,30820.0,377.6
11340.0,30820.0,377.1
11360.0,30820.0,376.7
11380.0,30820.0,376.2
11400.0,30820.0,375.8
11420.0,30820.0,375.3
11440.0,30820.0,374.9
11460.0,30820.0,374.5
11480.0,30820.0,374.1
11500.0,30820.0,373.7
11520.0,30820.0,373.3
11540.0,30820.0,372.9
11560.0,30820.0,372.5
11580.0,30820.0,372.2
11600.0,30820.0,371.9
11620.0,30820.0,371.6
11640.0,30820.0,371.3
11660.0,30820.0,371.0
11680.0,30820.0,370.8
11700.0,30820.0,370.6
11720.0,30820.0,370.4
11740.0,30820.0,370.2
11760.0,30820.0,370.0
11780.0,30820.0,369.9
11800.0,30820.0,369.7
11820.0,30820.0,369.6
11840.0,30820.0,369.6
11860.0,30820.0,369.5
11880.0,30820.0,369.5
11900.0,30820.0,369.4
11920.0,30820.0,369.4
11940.0,30820.0,369.5
11960.0,30820.0,369.5
11980.0,30820.0,369.5
12000.0,30820.0,369.6
12020.0,30820.0,369.7
12040.0,30820.0,369.8
12060.0,30820.0,369.9
12080.0,30820.0,370.0
12100.0,30820.0,370.1
12120.0,30820.0,370.2
12140.0,30820.0,370.4
12160.0,30820.0,370.5
12180.0,30820.0,370.7
12200.0,30820.0,370.9
12220.0,30820.0,371.0
12240.0,30820.0,371.2
12260.0,30820.0,371.4
12280.0,30820.0,371.6
12300.0,30820.0,371.7
12320.0,30820.0,371.9
12340.0,30820.0,372.1
12360.0,30820.0,372.3
12380.0,30820.0,372.4
12400.0,30820.0,372.6
12420.0,30820.0,372.8
12440.0,30820.0,372.9
12460.0,30820.0,373.1
12480.0,30820.0,373.3
12500.0,30820.0,373.4
12520.0,30820.0,373.6
12540.0,30820.0,373.7
12560.0,30820.0,373.9
12580.0,30820.0,374.0
12600.0,30820.0,374.1
12620.0,30820.0,374.3
12640.0,30820.0,374.4
12660.0,30820.0,374.5
12680.0,30820.0,374.7
12700.0,30820.0,374.8
12720.0,30820.0,374.9
12740.0,30820.0,375.1
12760.0,30820.0,375.2
12780.0,30820.0,375.3
12800.0,30820.0,375.5
12820.0,30820.0,375.6
12840.0,30820.0,375.8
12860.0,30820.0,375.9
12880.0,30820.0,376.1
12900.0,30820.0,376.2
12920.0,30820.0,376.4
12940.0,30820.0,376.6
12960.0,30820.0,376.8
12980.0,30820.0,377.0
13000.0,30820.0,377.2
13020.0,30820.0,377.4
13040.0,30820.0,377.6
13060.0,30820.0,377.9
13080.0,30820.0,378.1
13100.0,30820.0,378.4
13120.0,30820.0,378.6
13140.0,30820.0,378.9
13160.0,30820.0,379.2
13180.0,30820.0,379.5
13200.0,30820.0,379.8
13220.0,30820.0,380.1
13240.0,30820.0,380.5
13260.0,30820.0,380.8
13280.0,30820.0,381.1
13300.0,30820.0,381.5
13320.0,30820.0,381.9
13340.0,30820.0,382.2
13360.0,30820.0,382.6
13380.0,30820.0,383.0
13400.0,30820.0,383.4
13420.0,30820.0,383.7
13440.0,30820.0,384.1
13460.0,30820.0,384.5
13480.0,30820.0,384.9
13500.0,30820.0,385.2
13520.0,30820.0,385.6
13540.0,30820.0,386.0
13560.0,30820.0,386.3
13580.0,30820.0,386.6
13600.0,30820.0,387.0
10800.0,30840.0,387.9
10820.0,30840.0,387.6
10840.0,30840.0,387.4
10860.0,30840.0,387.1
10880.0,30840.0,386.7
10900.0,30840.0,386.4
10920.0,30840.0,386.1
10940.0,30840.0,385.7
10960.0,30840.0,385.4
10980.0,30840.0,385.0
11000.0,30840.0,384.6
11020.0,30840.0,384.3
11040.0,30840.0,383.9
11060.0,30840.0,383.5
11080.0,30840.0,383.0
11100.0,30840.0,382.6
11120.0,30840.0,382.2
11140.0,30840.0,381.8
11160.0,30840.0,381.3
11180.0,30840.0,380.9
11200.0,30840.0,380.4
11220.0,30840.0,380.0
11240.0,30840.0,379.5
11260.0,30840.0,379.1
11280.0,30840.0,378.6
11300.0,30840.0,378.2
11320.0,30840.0,377.7
11340.0,30840.0,377.3
11360.0,30840.0,376.8
11380.0,30840.0,376.4
11400.0,30840.0,376.0
11420.0,30840.0,375.5
11440.0,30840.0,375.1
11460.0,30840.0,374.7
11480.0,30840.0,374.3
11500.0,30840.0,373.9
11520.0,30840.0,373.6
11540.0,30840.0,373.2
11560.0,30840.0,372.9
11580.0,30840.0,372.5
11600.0,30840.0,372.2
11620.0,30840.0,371.9
11640.0,30840.0,371.7
11660.0,30840.0,371.4
11680.0,30840.0,371.2
11700.0,30840.0,370.9
11720.0,30840.0,370.7
11740.0,30840.0,370.5
11760.0,30840.0,370.4
11780.0,30840.0,370.2
11800.0,30840.0,370.1
11820.0,30840.0,370.0
11840.0,30840.0,369.9
11860.0,30840.0,369.9
11880.0,30840.0,369.8
11900.0,30840.0,369.8
11920.0,30840.0,369.8
11940.0,30840.0,369.8
11960.0,30840.0,369.8
11980.0,30840.0,369.8
12000.0,30840.0,369.9
12020.0,30840.0,370.0
12040.0,30840.0,370.1
12060.0,30840.0,370.1
12080.0,30840.0,370.3
12100.0,30840.0,370.4
12120.0,30840.0,370.5
12140.0,30840.0,370.6
12160.0,30840.0,370.8
12180.0,30840.0,370.9
12200.0,30840.0,371.1
12220.0,30840.0,371.2
12240.0,30840.0,371.4
12260.0,30840.0,371.6
12280.0,30840.0,371.7
12300.0,30840.0,371.9
12320.0,30840.0,372.1
12340.0,30840.0,372.3
12360.0,30840.0,372.4
12380.0,30840.0,372.6
12400.0,30840.0,372.8
12420.0,30840.0,373.0
12440.0,30840.0,373.1
12460.0,30840.0,373.3
12480.0,30840.0,373.5
12500.0,30840.0,373.7
12520.0,30840.0,373.8
12540.0,30840.0,374.0
12560.0,30840.0,374.1
12580.0,30840.0,374.3
12600.0,30840.0,374.5
12620.0,30840.0,374.6
12640.0,30840.0,374.8
12660.0,30840.0,374.9
12680.0,30840.0,375.1
12700.0,30840.0,375.2
12720.0,30840.0,375.4
12740.0,30840.0,375.5
12760.0,30840.0,375.7
12780.0,30840.0,375.9
12800.0,30840.0,376.0
12820.0,30840.0,376.2
12840.0,30840.0,376.4
12860.0,30840.0,376.6
12880.0,30840.0,376.8
12900.0,30840.0,376.9
12920.0,30840.0,377.1
12940.0,30840.0,377.4
12960.0,30840.0,377.6
12980.0,30840.0,377.8
13000.0,30840.0,378.0
13020.0,30840.0,378.3
13040.0,30840.0,378.5
13060.0,30840.0,378.8
13080.0,30840.0,379.1
13100.0,30840.0,379.3
13120.0,30840.0,379.6
13140.0,30840.0,379.9
13160.0,30840.0,380.2
13180.0,30840.0,380.6
13200.0,30840.0,380.9
13220.0,30840.0,381.2
13240.0,30840.0,381.6
13260.0,30840.0,381.9
13280.0,30840.0,382.3
13300.0,30840.0,382.7
13320.0,30840.0,383.0
13340.0,30840.0,383.4
13360.0,30840.0,383.8
13380.0,30840.0,384.2
13400.0,30840.0,384.5
13420.0,30840.0,384.9
13440.0,30840.0,385.3
13460.0,30840.0,385.7
13480.0,30840.0,386.1
13500.0,30840.0,386.4
13520.0,30840.0,386.8
13540.0,30840.0,387.2
13560.0,30840.0,387.5
13580.0,30840.0,387.8
13600.0,30840.0,388.1
10800.0,30860.0,387.8
10820.0,30860.0,387.6
10840.0,30860.0,387.3
10860.0,30860.0,387.0
10880.0,30860.0,386.6
10900.0,30860.0,386.3
10920.0,30860.0,386.0
10940.0,30860.0,385.6
10960.0,30860.0,385.3
10980.0,30860.0,384.9
11000.0,30860.0,384.6
11020.0,30860.0,384.2
11040.0,30860.0,383.8
11060.0,30860.0,383.4
11080.0,30860.0,383.0
11100.0,30860.0,382.6
11120.0,30860.0,382.2
11140.0,30860.0,381.8
11160.0,30860.0,381.3
11180.0,30860.0,380.9
11200.0,30860.0,380.5
11220.0,30860.0,380.1
11240.0,30860.0,379.6
11260.0,30860.0,379.2
11280.0,30860.0,378.8
11300.0,30860.0,378.3
11320.0,30860.0,377.9
11340.0,30860.0,377.5
11360.0,30860.0,377.0
11380.0,30860.0,376.6
11400.0,30860.0,376.2
11420.0,30860.0,375.8
11440.0,30860.0,375.4
11460.0,30860.0,375.0
11480.0,30860.0,374.6
11500.0,30860.0,374.2
11520.0,30860.0,373.9
11540.0,30860.0,373.5
11560.0,30860.0,373.2
11580.0,30860.0,372.9
11600.0,30860.0,372.6
11620.0,30860.0,372.3
11640.0,30860.0,372.0
11660.0,30860.0,371.8
11680.0,30860.0,371.5
11700.0,30860.0,371.3
11720.0,30860.0,371.1
11740.0,30860.0,370.9
11760.0,30860.0,370.8
11780.0,30860.0,370.6
11800.0,30860.0,370.5
11820.0,30860.0,370.4
11840.0,30860.0,370.3
11860.0,30860.0,370.2
11880.0,30860.0,370.2
11900.0,30860.0,370.1
11920.0,30860.0,370.1
11940.0,30860.0,370.1
11960.0,30860.0,370.1
11980.0,30860.0,370.2
12000.0,30860.0,370.2
12020.0,30860.0,370.3
12040.0,30860.0,370.3
12060.0,30860.0,370.4
12080.0,30860.0,370.5
12100.0,30860.0,370.6
12120.0,30860.0,370.7
12140.0,30860.0,370.9
12160.0,30860.0,371.0
12180.0,30860.0,371.1
12200.0,30860.0,371.3
12220.0,30860.0,371.4
12240.0,30860.0,371.6
12260.0,30860.0,371.8
12280.0,30860.0,371.9
12300.0,30860.0,372.1
12320.0,30860.0,372.3
12340.0,30860.0,372.5
12360.0,30860.0,372.6
12380.0,30860.0,372.8
12400.0,30860.0,373.0
12420.0,30860.0,373.2
12440.0,30860.0,373.4
12460.0,30860.0,373.5
12480.0,30860.0,373.7
12500.0,30860.0,373.9
12520.0,30860.0,374.1
12540.0,30860.0,374.2
12560.0,30860.0,374.4
12580.0,30860.0,374.6
12600.0,30860.0,374.8
12620.0,30860.0,375.0
12640.0,30860.0,375.1
12660.0,30860.0,375.3
12680.0,30860.0,375.5
12700.0,30860.0,375.7
12720.0,30860.0,375.8
12740.0,30860.0,376.0
12760.0,30860.0,376.2
12780.0,30860.0,376.4
12800.0,30860.0,376.6
12820.0,30860.0,376.8
12840.0,30860.0,377.0
12860.0,30860.0,377.2
12880.0,30860.0,377.4
12900.0,30860.0,377.7
12920.0,30860.0,377.9
12940.0,30860.0,378.1
12960.0,30860.0,378.4
12980.0,30860.0,378.6
13000.0,30860.0,378.9
13020.0,30860.0,379.2
13040.0,30860.0,379.4
13060.0,30860.0,379.7
13080.0,30860.0,380.0
13100.0,30860.0,380.3
13120.0,30860.0,380.6
13140.0,30860.0,381.0
13160.0,30860.0,381.3
13180.0,30860.0,381.6
13200.0,30860.0,382.0
13220.0,30860.0,382.3
13240.0,30860.0,382.7
13260.0,30860.0,383.1
13280.0,30860.0,383.5
13300.0,30860.0,383.8
13320.0,30860.0,384.2
13340.0,30860.0,384.6
13360.0,30860.0,385.0
13380.0,30860.0,385.4
13400.0,30860.0,385.8
13420.0,30860.0,386.1
13440.0,30860.0,386.5
13460.0,30860.0,386.9
13480.0,30860.0,387.3
13500.0,30860.0,387.7
13520.0,30860.0,388.0
13540.0,30860.0,388.4
13560.0,30860.0,388.7
13580.0,30860.0,389.0
13600.0,30860.0,389.3
10800.0,30880.0,387.8
10820.0,30880.0,387.5
10840.0,30880.0,387.2
10860.0,30880.0,386.9
10880.0,30880.0,386.6
10900.0,30880.0,386.2
10920.0,30880.0,385.9
10940.0,30880.0,385.6
10960.0,30880.0,385.2
10980.0,30880.0,384.9
11000.0,30880.0,384.5
11020.0,30880.0,384.1
11040.0,30880.0,383.8
11060.0,30880.0,383.4
11080.0,30880.0,383.0
11100.0,30880.0,382.6
11120.0,30880.0,382.2
11140.0,30880.0,381.8
11160.0,30880.0,381.4
11180.0,30880.0,381.0
11200.0,30880.0,380.6
11220.0,30880.0,380.1
11240.0,30880.0,379.7
11260.0,30880.0,379.3
11280.0,30880.0,378.9
11300.0,30880.0,378.5
11320.0,30880.0,378.1
11340.0,30880.0,377.7
11360.0,30880.0,377.2
11380.0,30880.0,376.8
11400.0,30880.0,376.4
11420.0,30880.0,376.1
11440.0,30880.0,375.7
11460.0,30880.0,375.3
11480.0,30880.0,374.9
11500.0,30880.0,374.6
11520.0,30880.0,374.2
11540.0,30880.0,373.9
11560.0,30880.0,373.6
11580.0,30880.0,373.3
11600.0,30880.0,373.0
11620.0,30880.0,372.7
11640.0,30880.0,372.4
11660.0,30880.0,372.2
11680.0,30880.0,371.9
11700.0,30880.0,371.7
11720.0,30880.0,371.5
11740.0,30880.0,371.3
11760.0,30880.0,371.2
11780.0,30880.0,371.0
11800.0,30880.0,370.9
11820.0,30880.0,370.8
11840.0,30880.0,370.7
11860.0,30880.0,370.6
11880.0,30880.0,370.5
11900.0,30880.0,370.5
11920.0,30880.0,370.5
11940.0,30880.0,370.4
11960.0,30880.0,370.4
11980.0,30880.0,370.5
12000.0,30880.0,370.5
12020.0,30880.0,370.5
12040.0,30880.0,370.6
12060.0,30880.0,370.7
12080.0,30880.0,370.8
12100.0,30880.0,370.9
12120.0,30880.0,371.0
12140.0,30880.0,371.1
12160.0,30880.0,371.2
12180.0,30880.0,371.3
12200.0,30880.0,371.5
12220.0,30880.0,371.6
12240.0,30880.0,371.8
12260.0,30880.0,371.9
12280.0,30880.0,372.1
12300.0,30880.0,372.3
12320.0,30880.0,372.5
12340.0,30880.0,372.6
12360.0,30880.0,372.8
12380.0,30880.0,373.0
12400.0,30880.0,373.2
12420.0,30880.0,373.4
12440.0,30880.0,373.6
12460.0,30880.0,373.7
12480.0,30880.0,373.9
12500.0,30880.0,374.1
12520.0,30880.0,374.3
12540.0,30880.0,374.5
12560.0,30880.0,374.7
12580.0,30880.0,374.9
12600.0,30880.0,375.1
12620.0,30880.0,375.3
12640.0,30880.0,375.5
12660.0,30880.0,375.7
12680.0,30880.0,375.9
12700.0,30880.0,376.1
12720.0,30880.0,376.3
12740.0,30880.0,376.5
12760.0,30880.0,376.7
12780.0,30880.0,377.0
12800.0,30880.0,377.2
12820.0,30880.0,377.4
12840.0,30880.0,377.7
12860.0,30880.0,377.9
12880.0,30880.0,378.1
12900.0,30880.0,378.4
12920.0,30880.0,378.7
12940.0,30880.0,378.9
12960.0,30880.0,379.2
12980.0,30880.0,379.5
13000.0,30880.0,379.8
13020.0,30880.0,380.1
13040.0,30880.0,380.4
13060.0,30880.0,380.7
13080.0,30880.0,381.0
13100.0,30880.0,381.4
13120.0,30880.0,381.7
13140.0,30880.0,382.0
13160.0,30880.0,382.4
13180.0,30880.0,382.8
13200.0,30880.0,383.1
13220.0,30880.0,383.5
13240.0,30880.0,383.9
13260.0,30880.0,384.3
13280.0,30880.0,384.6
13300.0,30880.0,385.0
13320.0,30880.0,385.4
13340.0,30880.0,385.8
13360.0,30880.0,386.2
13380.0,30880.0,386.6
13400.0,30880.0,387.0
13420.0,30880.0,387.4
13440.0,30880.0,387.8
13460.0,30880.0,388.1
13480.0,30880.0,388.5
13500.0,30880.0,388.9
13520.0,30880.0,389.2
13540.0,30880.0,389.6
13560.0,30880.0,389.9
13580.0,30880.0,390.2
13600.0,30880.0,390.5
10800.0,30900.0,387.7
10820.0,30900.0,387.4
10840.0,30900.0,387.1
10860.0,30900.0,386.8
10880.0,30900.0,386.5
10900.0,30900.0,386.2
10920.0,30900.0,385.8
10940.0,30900.0,385.5
10960.0,30900.0,385.2
10980.0,30900.0,384.8
11000.0,30900.0,384.5
11020.0,30900.0,384.1
11040.0,30900.0,383.7
11060.0,30900.0,383.4
11080.0,30900.0,383.0
11100.0,30900.0,382.6
11120.0,30900.0,382.2
11140.0,30900.0,381.8
11160.0,30900.0,381.5
11180.0,30900.0,381.1
11200.0,30900.0,380.7
11220.0,30900.0,380.3
11240.0,30900.0,379.9
11260.0,30900.0,379.5
11280.0,30900.0,379.1
11300.0,30900.0,378.7
11320.0,30900.0,378.3
11340.0,30900.0,377.9
11360.0,30900.0,377.5
11380.0,30900.0,377.1
11400.0,30900.0,376.7
11420.0,30900.0,376.3
11440.0,30900.0,376.0
11460.0,30900.0,375.6
11480.0,30900.0,375.3
11500.0,30900.0,374.9
11520.0,30900.0,374.6
11540.0,30900.0,374.3
11560.0,30900.0,373.9
11580.0,30900.0,373.6
11600.0,30900.0,373.4
11620.0,30900.0,373.1
11640.0,30900.0,372.8
11660.0,30900.0,372.6
11680.0,30900.0,372.3
11700.0,30900.0,372.1
11720.0,30900.0,371.9
11740.0,30900.0,371.7
11760.0,30900.0,371.6
11780.0,30900.0,371.4
11800.0,30900.0,371.3
11820.0,30900.0,371.2
11840.0,30900.0,371.0
11860.0,30900.0,371.0
11880.0,30900.0,370.9
11900.0,30900.0,370.8
11920.0,30900.0,370.8
11940.0,30900.0,370.8
11960.0,30900.0,370.8
11980.0,30900.0,370.8
12000.0,30900.0,370.8
12020.0,30900.0,370.8
12040.0,30900.0,370.9
12060.0,30900.0,370.9
12080.0,30900.0,371.0
12100.0,30900.0,371.1
12120.0,30900.0,371.2
12140.0,30900.0,371.3
12160.0,30900.0,371.4
12180.0,30900.0,371.5
12200.0,30900.0,371.7
12220.0,30900.0,371.8
12240.0,30900.0,372.0
12260.0,30900.0,372.1
12280.0,30900.0,372.3
12300.0,30900.0,372.4
12320.0,30900.0,372.6
12340.0,30900.0,372.8
12360.0,30900.0,373.0
12380.0,30900.0,373.2
12400.0,30900.0,373.4
12420.0,30900.0,373.5
12440.0,30900.0,373.7
12460.0,30900.0,373.9
12480.0,30900.0,374.1
12500.0,30900.0,374.4
12520.0,30900.0,374.6
12540.0,30900.0,374.8
12560.0,30900.0,375.0
12580.0,30900.0,375.2
12600.0,30900.0,375.4
12620.0,30900.0,375.6
12640.0,30900.0,375.9
12660.0,30900.0,376.1
12680.0,30900.0,376.3
12700.0,30900.0,376.5
12720.0,30900.0,376.8
12740.0,30900.0,377.0
12760.0,30900.0,377.3
12780.0,30900.0,377.5
12800.0,30900.0,377.8
12820.0,30900.0,378.0
12840.0,30900.0,378.3
12860.0,30900.0,378.6
12880.0,30900.0,378.9
12900.0,30900.0,379.1
12920.0,30900.0,379.4
12940.0,30900.0,379.7
12960.0,30900.0,380.0
12980.0,30900.0,380.4
13000.0,30900.0,380.7
13020.0,30900.0,381.0
13040.0,30900.0,381.3
13060.0,30900.0,381.7
13080.0,30900.0,382.0
13100.0,30900.0,382.4
13120.0,30900.0,382.8
13140.0,30900.0,383.1
13160.0,30900.0,383.5
13180.0,30900.0,383.9
13200.0,30900.0,384.3
13220.0,30900.0,384.7
13240.0,30900.0,385.1
13260.0,30900.0,385.4
13280.0,30900.0,385.8
13300.0,30900.0,386.3
13320.0,30900.0,386.7
13340.0,30900.0,387.1
13360.0,30900.0,387.5
13380.0,30900.0,387.9
13400.0,30900.0,388.2
13420.0,30900.0,388.6
13440.0,30900.0,389.0
13460.0,30900.0,389.4
13480.0,30900.0,389.8
13500.0,30900.0,390.1
13520.0,30900.0,390.5
13540.0,30900.0,390.8
13560.0,30900.0,391.1
13580.0,30900.0,391.4
13600.0,30900.0,391.7
10800.0,30920.0,387.6
10820.0,30920.0,387.3
10840.0,30920.0,387.0
10860.0,30920.0,386.7
10880.0,30920.0,386.4
10900.0,30920.0,386.1
10920.0,30920.0,385.8
10940.0,30920.0,385.5
10960.0,30920.0,385.1
10980.0,30920.0,384.8
11000.0,30920.0,384.4
11020.0,30920.0,384.1
11040.0,30920.0,383.7
11060.0,30920.0,383.4
11080.0,30920.0,383.0
11100.0,30920.0,382.7
11120.0,30920.0,382.3
11140.0,30920.0,381.9
11160.0,30920.0,381.5
11180.0,30920.0,381.2
11200.0,30920.0,380.8
11220.0,30920.0,380.4
11240.0,30920.0,380.0
11260.0,30920.0,379.6
11280.0,30920.0,379.3
11300.0,30920.0,378.9
11320.0,30920.0,378.5
11340.0,30920.0,378.1
11360.0,30920.0,377.8
11380.0,30920.0,377.4
11400.0,30920.0,377.0
11420.0,30920.0,376.7
11440.0,30920.0,376.3
11460.0,30920.0,376.0
11480.0,30920.0,375.6
11500.0,30920.0,375.3
11520.0,30920.0,375.0
11540.0,30920.0,374.6
11560.0,30920.0,374.3
11580.0,30920.0,374.0
11600.0,30920.0,373.8
11620.0,30920.0,373.5
11640.0,30920.0,373.2
11660.0,30920.0,373.0
11680.0,30920.0,372.8
11700.0,30920.0,372.5
11720.0,30920.0,372.3
11740.0,30920.0,372.1
11760.0,30920.0,372.0
11780.0,30920.0,371.8
11800.0,30920.0,371.7
11820.0,30920.0,371.5
11840.0,30920.0,371.4
11860.0,30920.0,371.3
11880.0,30920.0,371.2
11900.0,30920.0,371.2
11920.0,30920.0,371.1
11940.0,30920.0,371.1
11960.0,30920.0,371.1
11980.0,30920.0,371.1
12000.0,30920.0,371.1
12020.0,30920.0,371.1
12040.0,30920.0,371.1
12060.0,30920.0,371.2
12080.0,30920.0,371.2
12100.0,30920.0,371.3
12120.0,30920.0,371.4
12140.0,30920.0,371.5
12160.0,30920.0,371.6
12180.0,30920.0,371.7
12200.0,30920.0,371.8
12220.0,30920.0,372.0
12240.0,30920.0,372.1
12260.0,30920.0,372.3
12280.0,30920.0,372.4
12300.0,30920.0,372.6
12320.0,30920.0,372.8
12340.0,30920.0,373.0
12360.0,30920.0,373.1
12380.0,30920.0,373.3
12400.0,30920.0,373.5
12420.0,30920.0,373.7
12440.0,30920.0,373.9
12460.0,30920.0,374.1
12480.0,30920.0,374.4
12500.0,30920.0,374.6
12520.0,30920.0,374.8
12540.0,30920.0,375.0
12560.0,30920.0,375.3
12580.0,30920.0,375.5
12600.0,30920.0,375.7
12620.0,30920.0,376.0
12640.0,30920.0,376.2
12660.0,30920.0,376.5
12680.0,30920.0,376.7
12700.0,30920.0,377.0
12720.0,30920.0,377.3
12740.0,30920.0,377.5
12760.0,30920.0,377.8
12780.0,30920.0,378.1
12800.0,30920.0,378.4
12820.0,30920.0,378.7
12840.0,30920.0,379.0
12860.0,30920.0,379.3
12880.0,30920.0,379.6
12900.0,30920.0,379.9
12920.0,30920.0,380.2
12940.0,30920.0,380.6
12960.0,30920.0,380.9
12980.0,30920.0,381.2
13000.0,30920.0,381.6
13020.0,30920.0,382.0
13040.0,30920.0,382.3
13060.0,30920.0,382.7
13080.0,30920.0,383.1
13100.0,30920.0,383.4
13120.0,30920.0,383.8
13140.0,30920.0,384.2
13160.0,30920.0,384.6
13180.0,30920.0,385.0
13200.0,30920.0,385.4
13220.0,30920.0,385.8
13240.0,30920.0,386.2
13260.0,30920.0,386.7
13280.0,30920.0,387.1
13300.0,30920.0,387.5
13320.0,30920.0,387.9
13340.0,30920.0,388.3
13360.0,30920.0,388.7
13380.0,30920.0,389.1
13400.0,30920.0,389.5
13420.0,30920.0,389.9
13440.0,30920.0,390.3
13460.0,30920.0,390.7
13480.0,30920.0,391.0
13500.0,30920.0,391.4
13520.0,30920.0,391.7
13540.0,30920.0,392.0
13560.0,30920.0,392.3
13580.0,30920.0,392.6
13600.0,30920.0,392.9
10800.0,30940.0,387.6
10820.0,30940.0,387.3
10840.0,30940.0,387.0
10860.0,30940.0,386.7
10880.0,30940.0,386.4
10900.0,30940.0,386.1
10920.0,30940.0,385.8
10940.0,30940.0,385.4
10960.0,30940.0,385.1
10980.0,30940.0,384.8
11000.0,30940.0,384.4
11020.0,30940.0,384.1
11040.0,30940.0,383.8
11060.0,30940.0,383.4
11080.0,30940.0,383.1
11100.0,30940.0,382.7
11120.0,30940.0,382.4
11140.0,30940.0,382.0
11160.0,30940.0,381.6
11180.0,30940.0,381.3
11200.0,30940.0,380.9
11220.0,30940.0,380.6
11240.0,30940.0,380.2
11260.0,30940.0,379.8
11280.0,30940.0,379.5
11300.0,30940.0,379.1
11320.0,30940.0,378.8
11340.0,30940.0,378.4
11360.0,30940.0,378.0
11380.0,30940.0,377.7
11400.0,30940.0,377.3
11420.0,30940.0,377.0
11440.0,30940.0,376.7
11460.0,30940.0,376.3
11480.0,30940.0,376.0
11500.0,30940.0,375.7
11520.0,30940.0,375.4
11540.0,30940.0,375.0
11560.0,30940.0,374.8
11580.0,30940.0,374.5
11600.0,30940.0,374.2
11620.0,30940.0,373.9
11640.0,30940.0,373.7
11660.0,30940.0,373.4
11680.0,30940.0,373.2
11700.0,30940.0,373.0
11720.0,30940.0,372.8
11740.0,30940.0,372.6
11760.0,30940.0,372.4
11780.0,30940.0,372.2
11800.0,30940.0,372.1
11820.0,30940.0,371.9
11840.0,30940.0,371.8
11860.0,30940.0,371.7
11880.0,30940.0,371.6
11900.0,30940.0,371.5
11920.0,30940.0,371.5
11940.0,30940.0,371.4
11960.0,30940.0,371.4
11980.0,30940.0,371.4
12000.0,30940.0,371.4
12020.0,30940.0,371.4
12040.0,30940.0,371.4
12060.0,30940.0,371.4
12080.0,30940.0,371.5
12100.0,30940.0,371.5
12120.0,30940.0,371.6
12140.0,30940.0,371.7
12160.0,30940.0,371.8
12180.0,30940.0,371.9
12200.0,30940.0,372.0
12220.0,30940.0,372.1
12240.0,30940.0,372.3
12260.0,30940.0,372.4
12280.0,30940.0,372.6
12300.0,30940.0,372.7
12320.0,30940.0,372.9
12340.0,30940.0,373.1
12360.0,30940.0,373.3
12380.0,30940.0,373.5
12400.0,30940.0,373.7
12420.0,30940.0,373.9
12440.0,30940.0,374.1
12460.0,30940.0,374.3
12480.0,30940.0,374.6
12500.0,30940.0,374.8
12520.0,30940.0,375.0
12540.0,30940.0,375.3
12560.0,30940.0,375.5
12580.0,30940.0,375.8
12600.0,30940.0,376.0
12620.0,30940.0,376.3
12640.0,30940.0,376.6
12660.0,30940.0,376.9
12680.0,30940.0,377.1
12700.0,30940.0,377.4
12720.0,30940.0,377.7
12740.0,30940.0,378.0
12760.0,30940.0,378.3
12780.0,30940.0,378.7
12800.0,30940.0,379.0
12820.0,30940.0,379.3
12840.0,30940.0,379.6
12860.0,30940.0,380.0
12880.0,30940.0,380.3
12900.0,30940.0,380.7
12920.0,30940.0,381.0
12940.0,30940.0,381.4
12960.0,30940.0,381.8
12980.0,30940.0,382.1
13000.0,30940.0,382.5
13020.0,30940.0,382.9
13040.0,30940.0,383.3
13060.0,30940.0,383.7
13080.0,30940.0,384.1
13100.0,30940.0,384.5
13120.0,30940.0,384.9
13140.0,30940.0,385.3
13160.0,30940.0,385.8
13180.0,30940.0,386.2
13200.0,30940.0,386.6
13220.0,30940.0,387.0
13240.0,30940.0,387.4
13260.0,30940.0,387.9
13280.0,30940.0,388.3
13300.0,30940.0,388.7
13320.0,30940.0,389.1
13340.0,30940.0,389.6
13360.0,30940.0,390.0
13380.0,30940.0,390.4
13400.0,30940.0,390.8
13420.0,30940.0,391.2
13440.0,30940.0,391.5
13460.0,30940.0,391.9
13480.0,30940.0,392.3
13500.0,30940.0,392.6
13520.0,30940.0,393.0
13540.0,30940.0,393.3
13560.0,30940.0,393.6
13580.0,30940.0,393.9
13600.0,30940.0,394.1
10800.0,30960.0,387.6
10820.0,30960.0,387.3
10840.0,30960.0,387.0
10860.0,30960.0,386.7
10880.0,30960.0,386.4
10900.0,30960.0,386.0
10920.0,30960.0,385.7
10940.0,30960.0,385.4
10960.0,30960.0,385.1
10980.0,30960.0,384.8
11000.0,30960.0,384.5
11020.0,30960.0,384.1
11040.0,30960.0,383.8
11060.0,30960.0,383.5
11080.0,30960.0,383.1
11100.0,30960.0,382.8
11120.0,30960.0,382.5
11140.0,30960.0,382.1
11160.0,30960.0,381.8
11180.0,30960.0,381.4
11200.0,30960.0,381.1
11220.0,30960.0,380.7
11240.0,30960.0,380.4
11260.0,30960.0,380.1
11280.0,30960.0,379.7
11300.0,30960.0,379.4
11320.0,30960.0,379.0
11340.0,30960.0,378.7
11360.0,30960.0,378.3
11380.0,30960.0,378.0
11400.0,30960.0,377.7
11420.0,30960.0,377.3
11440.0,30960.0,377.0
11460.0,30960.0,376.7
11480.0,30960.0,376.4
11500.0,30960.0,376.1
11520.0,30960.0,375.8
11540.0,30960.0,375.5
11560.0,30960.0,375.2
11580.0,30960.0,374.9
11600.0,30960.0,374.6
11620.0,30960.0,374.4
11640.0,30960.0,374.1
11660.0,30960.0,373.9
11680.0,30960.0,373.6
11700.0,30960.0,373.4
11720.0,30960.0,373.2
11740.0,30960.0,373.0
11760.0,30960.0,372.8
11780.0,30960.0,372.6
11800.0,30960.0,372.5
11820.0,30960.0,372.3
11840.0,30960.0,372.2
11860.0,30960.0,372.1
11880.0,30960.0,372.0
11900.0,30960.0,371.9
11920.0,30960.0,371.8
11940.0,30960.0,371.7
11960.0,30960.0,371.7
11980.0,30960.0,371.7
12000.0,30960.0,371.6
12020.0,30960.0,371.6
12040.0,30960.0,371.7
12060.0,30960.0,371.7
12080.0,30960.0,371.7
12100.0,30960.0,371.8
12120.0,30960.0,371.8
12140.0,30960.0,371.9
12160.0,30960.0,372.0
12180.0,30960.0,372.1
12200.0,30960.0,372.2
12220.0,30960.0,372.3
12240.0,30960.0,372.4
12260.0,30960.0,372.6
12280.0,30960.0,372.7
12300.0,30960.0,372.9
12320.0,30960.0,373.1
12340.0,30960.0,373.2
12360.0,30960.0,373.4
12380.0,30960.0,373.6
12400.0,30960.0,373.8
12420.0,30960.0,374.1
12440.0,30960.0,374.3
12460.0,30960.0,374.5
12480.0,30960.0,374.8
12500.0,30960.0,375.0
12520.0,30960.0,375.3
12540.0,30960.0,375.5
12560.0,30960.0,375.8
12580.0,30960.0,376.1
12600.0,30960.0,376.4
12620.0,30960.0,376.6
12640.0,30960.0,376.9
12660.0,30960.0,377.2
12680.0,30960.0,377.6
12700.0,30960.0,377.9
12720.0,30960.0,378.2
12740.0,30960.0,378.5
12760.0,30960.0,378.9
12780.0,30960.0,379.2
12800.0,30960.0,379.6
12820.0,30960.0,379.9
12840.0,30960.0,380.3
12860.0,30960.0,380.7
12880.0,30960.0,381.1
12900.0,30960.0,381.4
12920.0,30960.0,381.8
12940.0,30960.0,382.2
12960.0,30960.0,382.6
12980.0,30960.0,383.0
13000.0,30960.0,383.4
13020.0,30960.0,383.9
13040.0,30960.0,384.3
13060.0,30960.0,384.7
13080.0,30960.0,385.1
13100.0,30960.0,385.6
13120.0,30960.0,386.0
13140.0,30960.0,386.4
13160.0,30960.0,386.9
13180.0,30960.0,387.3
13200.0,30960.0,387.8
13220.0,30960.0,388.2
13240.0,30960.0,388.7
13260.0,30960.0,389.1
13280.0,30960.0,389.5
13300.0,30960.0,390.0
13320.0,30960.0,390.4
13340.0,30960.0,390.8
13360.0,30960.0,391.2
13380.0,30960.0,391.6
13400.0,30960.0,392.0
13420.0,30960.0,392.4
13440.0,30960.0,392.8
13460.0,30960.0,393.2
13480.0,30960.0,393.5
13500.0,30960.0,393.9
13520.0,30960.0,394.2
13540.0,30960.0,394.5
13560.0,30960.0,394.8
13580.0,30960.0,395.1
13600.0,30960.0,395.3
10800.0,30980.0,387.5
10820.0,30980.0,387.2
10840.0,30980.0,386.9
10860.0,30980.0,386.6
10880.0,30980.0,386.3
10900.0,30980.0,386.0
10920.0,30980.0,385.7
10940.0,30980.0,385.4
10960.0,30980.0,385.1
10980.0,30980.0,384.8
11000.0,30980.0,384.5
11020.0,30980.0,384.2
11040.0,30980.0,383.8
11060.0,30980.0,383.5
11080.0,30980.0,383.2
11100.0,30980.0,382.9
11120.0,30980.0,382.6
11140.0,30980.0,382.2
11160.0,30980.0,381.9
11180.0,30980.0,381.6
11200.0,30980.0,381.3
11220.0,30980.0,380.9
11240.0,30980.0,380.6
11260.0,30980.0,380.3
11280.0,30980.0,380.0
11300.0,30980.0,379.6
11320.0,30980.0,379.3
11340.0,30980.0,379.0
11360.0,30980.0,378.7
11380.0,30980.0,378.4
11400.0,30980.0,378.0
11420.0,30980.0,377.7
11440.0,30980.0,377.4
11460.0,30980.0,377.1
11480.0,30980.0,376.8
11500.0,30980.0,376.5
11520.0,30980.0,376.2
11540.0,30980.0,375.9
11560.0,30980.0,375.6
11580.0,30980.0,375.3
11600.0,30980.0,375.1
11620.0,30980.0,374.8
11640.0,30980.0,374.6
11660.0,30980.0,374.3
11680.0,30980.0,374.1
11700.0,30980.0,373.8
11720.0,30980.0,373.6
11740.0,30980.0,373.4
11760.0,30980.0,373.2
11780.0,30980.0,373.1
11800.0,30980.0,372.9
11820.0,30980.0,372.7
11840.0,30980.0,372.6
11860.0,30980.0,372.5
11880.0,30980.0,372.3
11900.0,30980.0,372.2
11920.0,30980.0,372.2
11940.0,30980.0,372.1
11960.0,30980.0,372.0
11980.0,30980.0,372.0
12000.0,30980.0,371.9
12020.0,30980.0,371.9
12040.0,30980.0,371.9
12060.0,30980.0,371.9
12080.0,30980.0,371.9
12100.0,30980.0,372.0
12120.0,30980.0,372.0
12140.0,30980.0,372.1
12160.0,30980.0,372.2
12180.0,30980.0,372.2
12200.0,30980.0,372.3
12220.0,30980.0,372.5
12240.0,30980.0,372.6
12260.0,30980.0,372.7
12280.0,30980.0,372.9
12300.0,30980.0,373.0
12320.0,30980.0,373.2
12340.0,30980.0,373.4
12360.0,30980.0,373.6
12380.0,30980.0,373.8
12400.0,30980.0,374.0
12420.0,30980.0,374.2
12440.0,30980.0,374.4
12460.0,30980.0,374.7
12480.0,30980.0,374.9
12500.0,30980.0,375.2
12520.0,30980.0,375.5
12540.0,30980.0,375.8
12560.0,30980.0,376.0
12580.0,30980.0,376.3
12600.0,30980.0,376.7
12620.0,30980.0,377.0
12640.0,30980.0,377.3
12660.0,30980.0,377.6
12680.0,30980.0,378.0
12700.0,30980.0,378.3
12720.0,30980.0,378.7
12740.0,30980.0,379.0
12760.0,30980.0,379.4
12780.0,30980.0,379.8
12800.0,30980.0,380.2
12820.0,30980.0,380.6
12840.0,30980.0,381.0
12860.0,30980.0,381.4
12880.0,30980.0,381.8
12900.0,30980.0,382.2
12920.0,30980.0,382.6
12940.0,30980.0,383.1
12960.0,30980.0,383.5
12980.0,30980.0,383.9
13000.0,30980.0,384.4
13020.0,30980.0,384.8
13040.0,30980.0,385.3
13060.0,30980.0,385.7
13080.0,30980.0,386.2
13100.0,30980.0,386.6
13120.0,30980.0,387.1
13140.0,30980.0,387.6
13160.0,30980.0,388.0
13180.0,30980.0,388.5
13200.0,30980.0,388.9
13220.0,30980.0,389.4
13240.0,30980.0,389.9
13260.0,30980.0,390.3
13280.0,30980.0,390.8
13300.0,30980.0,391.2
13320.0,30980.0,391.6
13340.0,30980.0,392.1
13360.0,30980.0,392.5
13380.0,30980.0,392.9
13400.0,30980.0,393.3
13420.0,30980.0,393.7
13440.0,30980.0,394.1
13460.0,30980.0,394.4
13480.0,30980.0,394.8
13500.0,30980.0,395.1
13520.0,30980.0,395.4
13540.0,30980.0,395.7
13560.0,30980.0,396.0
13580.0,30980.0,396.3
13600.0,30980.0,396.5
10800.0,31000.0,387.5
10820.0,31000.0,387.2
10840.0,31000.0,386.9
10860.0,31000.0,386.6
10880.0,31000.0,386.3
10900.0,31000.0,386.0
10920.0,31000.0,385.7
10940.0,31000.0,385.4
10960.0,31000.0,385.1
10980.0,31000.0,384.8
11000.0,31000.0,384.5
11020.0,31000.0,384.2
11040.0,31000.0,383.9
11060.0,31000.0,383.6
11080.0,31000.0,383.3
11100.0,31000.0,383.0
11120.0,31000.0,382.7
11140.0,31000.0,382.4
11160.0,31000.0,382.1
11180.0,31000.0,381.8
11200.0,31000.0,381.5
11220.0,31000.0,381.2
11240.0,31000.0,380.9
11260.0,31000.0,380.5
11280.0,31000.0,380.2
11300.0,31000.0,379.9
11320.0,31000.0,379.6
11340.0,31000.0,379.3
11360.0,31000.0,379.0
11380.0,31000.0,378.7
11400.0,31000.0,378.4
11420.0,31000.0,378.1
11440.0,31000.0,377.8
11460.0,31000.0,377.5
11480.0,31000.0,377.2
11500.0,31000.0,376.9
11520.0,31000.0,376.6
11540.0,31000.0,376.3
11560.0,31000.0,376.1
11580.0,31000.0,375.8
11600.0,31000.0,375.5
11620.0,31000.0,375.3
11640.0,31000.0,375.0
11660.0,31000.0,374.8
11680.0,31000.0,374.5
11700.0,31000.0,374.3
11720.0,31000.0,374.1
11740.0,31000.0,373.9
11760.0,31000.0,373.7
11780.0,31000.0,373.5
11800.0,31000.0,373.3
11820.0,31000.0,373.1
11840.0,31000.0,373.0
11860.0,31000.0,372.8
11880.0,31000.0,372.7
11900.0,31000.0,372.6
11920.0,31000.0,372.5
11940.0,31000.0,372.4
11960.0,31000.0,372.3
11980.0,31000.0,372.3
12000.0,31000.0,372.2
12020.0,31000.0,372.2
12040.0,31000.0,372.2
12060.0,31000.0,372.2
12080.0,31000.0,372.2
12100.0,31000.0,372.2
12120.0,31000.0,372.2
12140.0,31000.0,372.3
12160.0,31000.0,372.3
12180.0,31000.0,372.4
12200.0,31000.0,372.5
12220.0,31000.0,372.6
12240.0,31000.0,372.7
12260.0,31000.0,372.8
12280.0,31000.0,373.0
12300.0,31000.0,373.1
12320.0,31000.0,373.3
12340.0,31000.0,373.5
12360.0,31000.0,373.7
12380.0,31000.0,373.9
12400.0,31000.0,374.1
12420.0,31000.0,374.4
12440.0,31000.0,374.6
12460.0,31000.0,374.9
12480.0,31000.0,375.1
12500.0,31000.0,375.4
12520.0,31000.0,375.7
12540.0,31000.0,376.0
12560.0,31000.0,376.3
12580.0,31000.0,376.6
12600.0,31000.0,377.0
12620.0,31000.0,377.3
12640.0,31000.0,377.6
12660.0,31000.0,378.0
12680.0,31000.0,378.4
12700.0,31000.0,378.7
12720.0,31000.0,379.1
12740.0,31000.0,379.5
12760.0,31000.0,379.9
12780.0,31000.0,380.3
12800.0,31000.0,380.8
12820.0,31000.0,381.2
12840.0,31000.0,381.6
12860.0,31000.0,382.1
12880.0,31000.0,382.5
12900.0,31000.0,383.0
12920.0,31000.0,383.4
12940.0,31000.0,383.9
12960.0,31000.0,384.3
12980.0,31000.0,384.8
13000.0,31000.0,385.3
13020.0,31000.0,385.8
13040.0,31000.0,386.2
13060.0,31000.0,386.7
13080.0,31000.0,387.2
13100.0,31000.0,387.7
13120.0,31000.0,388.2
13140.0,31000.0,388.7
13160.0,31000.0,389.1
13180.0,31000.0,389.6
13200.0,31000.0,390.1
13220.0,31000.0,390.6
13240.0,31000.0,391.1
13260.0,31000.0,391.5
13280.0,31000.0,392.0
13300.0,31000.0,392.4
13320.0,31000.0,392.9
13340.0,31000.0,393.3
13360.0,31000.0,393.7
13380.0,31000.0,394.2
13400.0,31000.0,394.6
13420.0,31000.0,394.9
13440.0,31000.0,395.3
13460.0,31000.0,395.7
13480.0,31000.0,396.0
13500.0,31000.0,396.4
13520.0,31000.0,396.7
13540.0,31000.0,397.0
13560.0,31000.0,397.2
13580.0,31000.0,397.5
13600.0,31000.0,397.7
10800.0,31020.0,387.5
10820.0,31020.0,387.2
10840.0,31020.0,386.9
10860.0,31020.0,386.6
10880.0,31020.0,386.3
10900.0,31020.0,386.0
10920.0,31020.0,385.7
10940.0,31020.0,385.4
10960.0,31020.0,385.1
10980.0,31020.0,384.9
11000.0,31020.0,384.6
11020.0,31020.0,384.3
11040.0,31020.0,384.0
11060.0,31020.0,383.7
11080.0,31020.0,383.4
11100.0,31020.0,383.1
11120.0,31020.0,382.8
11140.0,31020.0,382.5
11160.0,31020.0,382.3
11180.0,31020.0,382.0
11200.0,31020.0,381.7
11220.0,31020.0,381.4
11240.0,31020.0,381.1
11260.0,31020.0,380.8
11280.0,31020.0,380.5
11300.0,31020.0,380.2
11320.0,31020.0,379.9
11340.0,31020.0,379.7
11360.0,31020.0,379.4
11380.0,31020.0,379.1
11400.0,31020.0,378.8
11420.0,31020.0,378.5
11440.0,31020.0,378.2
11460.0,31020.0,377.9
11480.0,31020.0,377.6
11500.0,31020.0,377.4
11520.0,31020.0,377.1
11540.0,31020.0,376.8
11560.0,31020.0,376.5
11580.0,31020.0,376.3
11600.0,31020.0,376.0
11620.0,31020.0,375.7
11640.0,31020.0,375.5
11660.0,31020.0,375.2
11680.0,31020.0,375.0
11700.0,31020.0,374.8
11720.0,31020.0,374.5
11740.0,31020.0,374.3
11760.0,31020.0,374.1
11780.0,31020.0,373.9
11800.0,31020.0,373.7
11820.0,31020.0,373.6
11840.0,31020.0,373.4
11860.0,31020.0,373.2
11880.0,31020.0,373.1
11900.0,31020.0,373.0
11920.0,31020.0,372.8
11940.0,31020.0,372.7
11960.0,31020.0,372.6
11980.0,31020.0,372.6
12000.0,31020.0,372.5
12020.0,31020.0,372.4
12040.0,31020.0,372.4
12060.0,31020.0,372.4
12080.0,31020.0,372.4
12100.0,31020.0,372.4
12120.0,31020.0,372.4
12140.0,31020.0,372.4
12160.0,31020.0,372.5
12180.0,31020.0,372.6
12200.0,31020.0,372.6
12220.0,31020.0,372.7
12240.0,31020.0,372.8
12260.0,31020.0,373.0
12280.0,31020.0,373.1
12300.0,31020.0,373.3
12320.0,31020.0,373.4
12340.0,31020.0,373.6
12360.0,31020.0,373.8
12380.0,31020.0,374.0
12400.0,31020.0,374.3
12420.0,31020.0,374.5
12440.0,31020.0,374.8
12460.0,31020.0,375.0
12480.0,31020.0,375.3
12500.0,31020.0,375.6
12520.0,31020.0,375.9
12540.0,31020.0,376.2
12560.0,31020.0,376.5
12580.0,31020.0,376.9
12600.0,31020.0,377.2
12620.0,31020.0,377.6
12640.0,31020.0,378.0
12660.0,31020.0,378.4
12680.0,31020.0,378.8
12700.0,31020.0,379.2
12720.0,31020.0,379.6
12740.0,31020.0,380.0
12760.0,31020.0,380.4
12780.0,31020.0,380.9
12800.0,31020.0,381.3
12820.0,31020.0,381.8
12840.0,31020.0,382.3
12860.0,31020.0,382.7
12880.0,31020.0,383.2
12900.0,31020.0,383.7
12920.0,31020.0,384.2
12940.0,31020.0,384.7
12960.0,31020.0,385.2
12980.0,31020.0,385.7
13000.0,31020.0,386.2
13020.0,31020.0,386.7
13040.0,31020.0,387.2
13060.0,31020.0,387.7
13080.0,31020.0,388.2
13100.0,31020.0,388.7
13120.0,31020.0,389.3
13140.0,31020.0,389.8
13160.0,31020.0,390.3
13180.0,31020.0,390.8
13200.0,31020.0,391.3
13220.0,31020.0,391.8
13240.0,31020.0,392.2
13260.0,31020.0,392.7
13280.0,31020.0,393.2
13300.0,31020.0,393.7
13320.0,31020.0,394.1
13340.0,31020.0,394.5
13360.0,31020.0,395.0
13380.0,31020.0,395.4
13400.0,31020.0,395.8
13420.0,31020.0,396.2
13440.0,31020.0,396.6
13460.0,31020.0,396.9
13480.0,31020.0,397.3
13500.0,31020.0,397.6
13520.0,31020.0,397.9
13540.0,31020.0,398.2
13560.0,31020.0,398.4
13580.0,31020.0,398.7
13600.0,31020.0,398.9
10800.0,31040.0,387.5
10820.0,31040.0,387.2
10840.0,31040.0,386.9
10860.0,31040.0,386.6
10880.0,31040.0,386.3
10900.0,31040.0,386.0
10920.0,31040.0,385.8
10940.0,31040.0,385.5
10960.0,31040.0,385.2
10980.0,31040.0,384.9
11000.0,31040.0,384.6
11020.0,31040.0,384.4
11040.0,31040.0,384.1
11060.0,31040.0,383.8
11080.0,31040.0,383.5
11100.0,31040.0,383.3
11120.0,31040.0,383.0
11140.0,31040.0,382.7
11160.0,31040.0,382.4
11180.0,31040.0,382.2
11200.0,31040.0,381.9
11220.0,31040.0,381.6
11240.0,31040.0,381.4
11260.0,31040.0,381.1
11280.0,31040.0,380.8
11300.0,31040.0,380.6
11320.0,31040.0,380.3
11340.0,31040.0,380.0
11360.0,31040.0,379.7
11380.0,31040.0,379.5
11400.0,31040.0,379.2
11420.0,31040.0,378.9
11440.0,31040.0,378.6
11460.0,31040.0,378.4
11480.0,31040.0,378.1
11500.0,31040.0,377.8
11520.0,31040.0,377.5
11540.0,31040.0,377.3
11560.0,31040.0,377.0
11580.0,31040.0,376.7
11600.0,31040.0,376.5
11620.0,31040.0,376.2
11640.0,31040.0,376.0
11660.0,31040.0,375.7
11680.0,31040.0,375.5
11700.0,31040.0,375.2
11720.0,31040.0,375.0
11740.0,31040.0,374.8
11760.0,31040.0,374.6
11780.0,31040.0,374.4
11800.0,31040.0,374.2
11820.0,31040.0,374.0
11840.0,31040.0,373.8
11860.0,31040.0,373.6
11880.0,31040.0,373.5
11900.0,31040.0,373.3
11920.0,31040.0,373.2
11940.0,31040.0,373.1
11960.0,31040.0,373.0
11980.0,31040.0,372.9
12000.0,31040.0,372.8
12020.0,31040.0,372.7
12040.0,31040.0,372.7
12060.0,31040.0,372.6
12080.0,31040.0,372.6
12100.0,31040.0,372.6
12120.0,31040.0,372.6
12140.0,31040.0,372.6
12160.0,31040.0,372.7
12180.0,31040.0,372.7
12200.0,31040.0,372.8
12220.0,31040.0,372.9
12240.0,31040.0,373.0
12260.0,31040.0,373.1
12280.0,31040.0,373.2
12300.0,31040.0,373.4
12320.0,31040.0,373.5
12340.0,31040.0,373.7
12360.0,31040.0,373.9
12380.0,31040.0,374.2
12400.0,31040.0,374.4
12420.0,31040.0,374.6
12440.0,31040.0,374.9
12460.0,31040.0,375.2
12480.0,31040.0,375.5
12500.0,31040.0,375.8
12520.0,31040.0,376.1
12540.0,31040.0,376.4
12560.0,31040.0,376.8
12580.0,31040.0,377.1
12600.0,31040.0,377.5
12620.0,31040.0,377.9
12640.0,31040.0,378.3
12660.0,31040.0,378.7
12680.0,31040.0,379.1
12700.0,31040.0,379.6
12720.0,31040.0,380.0
12740.0,31040.0,380.5
12760.0,31040.0,381.0
12780.0,31040.0,381.4
12800.0,31040.0,381.9
12820.0,31040.0,382.4
12840.0,31040.0,382.9
12860.0,31040.0,383.4
12880.0,31040.0,383.9
12900.0,31040.0,384.4
12920.0,31040.0,385.0
12940.0,31040.0,385.5
12960.0,31040.0,386.0
12980.0,31040.0,386.6
13000.0,31040.0,387.1
13020.0,31040.0,387.6
13040.0,31040.0,388.2
13060.0,31040.0,388.7
13080.0,31040.0,389.2
13100.0,31040.0,389.8
13120.0,31040.0,390.3
13140.0,31040.0,390.8
13160.0,31040.0,391.4
13180.0,31040.0,391.9
13200.0,31040.0,392.4
13220.0,31040.0,392.9
13240.0,31040.0,393.4
13260.0,31040.0,393.9
13280.0,31040.0,394.4
13300.0,31040.0,394.9
13320.0,31040.0,395.3
13340.0,31040.0,395.8
13360.0,31040.0,396.2
13380.0,31040.0,396.6
13400.0,31040.0,397.0
13420.0,31040.0,397.4
13440.0,31040.0,397.8
13460.0,31040.0,398.1
13480.0,31040.0,398.5
13500.0,31040.0,398.8
13520.0,31040.0,399.1
13540.0,31040.0,399.4
13560.0,31040.0,399.6
13580.0,31040.0,399.9
13600.0,31040.0,400.1
10800.0,31060.0,387.5
10820.0,31060.0,387.2
10840.0,31060.0,386.9
10860.0,31060.0,386.6
10880.0,31060.0,386.3
10900.0,31060.0,386.1
10920.0,31060.0,385.8
10940.0,31060.0,385.5
10960.0,31060.0,385.2
10980.0,31060.0,385.0
11000.0,31060.0,384.7
11020.0,31060.0,384.4
11040.0,31060.0,384.2
11060.0,31060.0,383.9
11080.0,31060.0,383.7
11100.0,31060.0,383.4
11120.0,31060.0,383.2
11140.0,31060.0,382.9
11160.0,31060.0,382.6
11180.0,31060.0,382.4
11200.0,31060.0,382.1
11220.0,31060.0,381.9
11240.0,31060.0,381.6
11260.0,31060.0,381.4
11280.0,31060.0,381.1
11300.0,31060.0,380.9
11320.0,31060.0,380.6
11340.0,31060.0,380.4
11360.0,31060.0,380.1
11380.0,31060.0,379.9
11400.0,31060.0,379.6
11420.0,31060.0,379.3
11440.0,31060.0,379.1
11460.0,31060.0,378.8
11480.0,31060.0,378.5
11500.0,31060.0,378.3
11520.0,31060.0,378.0
11540.0,31060.0,377.8
11560.0,31060.0,377.5
11580.0,31060.0,377.2
11600.0,31060.0,377.0
11620.0,31060.0,376.7
11640.0,31060.0,376.5
11660.0,31060.0,376.2
11680.0,31060.0,376.0
11700.0,31060.0,375.7
11720.0,31060.0,375.5
11740.0,31060.0,375.3
11760.0,31060.0,375.0
11780.0,31060.0,374.8
11800.0,31060.0,374.6
11820.0,31060.0,374.4
11840.0,31060.0,374.2
11860.0,31060.0,374.0
11880.0,31060.0,373.9
11900.0,31060.0,373.7
11920.0,31060.0,373.5
11940.0,31060.0,373.4
11960.0,31060.0,373.3
11980.0,31060.0,373.2
12000.0,31060.0,373.1
12020.0,31060.0,373.0
12040.0,31060.0,372.9
12060.0,31060.0,372.9
12080.0,31060.0,372.8
12100.0,31060.0,372.8
12120.0,31060.0,372.8
12140.0,31060.0,372.8
12160.0,31060.0,372.8
12180.0,31060.0,372.9
12200.0,31060.0,372.9
12220.0,31060.0,373.0
12240.0,31060.0,373.1
12260.0,31060.0,373.2
12280.0,31060.0,373.3
12300.0,31060.0,373.5
12320.0,31060.0,373.7
12340.0,31060.0,373.8
12360.0,31060.0,374.0
12380.0,31060.0,374.3
12400.0,31060.0,374.5
12420.0,31060.0,374.8
12440.0,31060.0,375.0
12460.0,31060.0,375.3
12480.0,31060.0,375.6
12500.0,31060.0,375.9
12520.0,31060.0,376.3
12540.0,31060.0,376.6
12560.0,31060.0,377.0
12580.0,31060.0,377.4
12600.0,31060.0,377.8
12620.0,31060.0,378.2
12640.0,31060.0,378.6
12660.0,31060.0,379.1
12680.0,31060.0,379.5
12700.0,31060.0,380.0
12720.0,31060.0,380.5
12740.0,31060.0,380.9
12760.0,31060.0,381.4
12780.0,31060.0,382.0
12800.0,31060.0,382.5
12820.0,31060.0,383.0
12840.0,31060.0,383.5
12860.0,31060.0,384.1
12880.0,31060.0,384.6
12900.0,31060.0,385.2
12920.0,31060.0,385.7
12940.0,31060.0,386.3
12960.0,31060.0,386.8
12980.0,31060.0,387.4
13000.0,31060.0,388.0
13020.0,31060.0,388.5
13040.0,31060.0,389.1
13060.0,31060.0,389.7
13080.0,31060.0,390.2
13100.0,31060.0,390.8
13120.0,31060.0,391.4
13140.0,31060.0,391.9
13160.0,31060.0,392.4
13180.0,31060.0,393.0
13200.0,31060.0,393.5
13220.0,31060.0,394.0
13240.0,31060.0,394.6
13260.0,31060.0,395.1
13280.0,31060.0,395.6
13300.0,31060.0,396.0
13320.0,31060.0,396.5
13340.0,31060.0,397.0
13360.0,31060.0,397.4
13380.0,31060.0,397.8
13400.0,31060.0,398.2
13420.0,31060.0,398.6
13440.0,31060.0,399.0
13460.0,31060.0,399.3
13480.0,31060.0,399.7
13500.0,31060.0,400.0
13520.0,31060.0,400.3
13540.0,31060.0,400.5
13560.0,31060.0,400.8
13580.0,31060.0,401.0
13600.0,31060.0,401.2
10800.0,31080.0,387.5
10820.0,31080.0,387.2
10840.0,31080.0,386.9
10860.0,31080.0,386.6
10880.0,31080.0,386.4
10900.0,31080.0,386.1
10920.0,31080.0,385.8
10940.0,31080.0,385.5
10960.0,31080.0,385.3
10980.0,31080.0,385.0
11000.0,31080.0,384.8
11020.0,31080.0,384.5
11040.0,31080.0,384.3
11060.0,31080.0,384.0
11080.0,31080.0,383.8
11100.0,31080.0,383.6
11120.0,31080.0,383.3
11140.0,31080.0,383.1
11160.0,31080.0,382.9
11180.0,31080.0,382.6
11200.0,31080.0,382.4
11220.0,31080.0,382.2
11240.0,31080.0,381.9
11260.0,31080.0,381.7
11280.0,31080.0,381.5
11300.0,31080.0,381.2
11320.0,31080.0,381.0
11340.0,31080.0,380.7
11360.0,31080.0,380.5
11380.0,31080.0,380.3
11400.0,31080.0,380.0
11420.0,31080.0,379.8
11440.0,31080.0,379.5
11460.0,31080.0,379.3
11480.0,31080.0,379.0
11500.0,31080.0,378.8
11520.0,31080.0,378.5
11540.0,31080.0,378.2
11560.0,31080.0,378.0
11580.0,31080.0,377.7
11600.0,31080.0,377.5
11620.0,31080.0,377.2
11640.0,31080.0,377.0
11660.0,31080.0,376.7
11680.0,31080.0,376.5
11700.0,31080.0,376.2
11720.0,31080.0,376.0
11740.0,31080.0,375.7
11760.0,31080.0,375.5
11780.0,31080.0,375.3
11800.0,31080.0,375.0
11820.0,31080.0,374.8
11840.0,31080.0,374.6
11860.0,31080.0,374.4
11880.0,31080.0,374.2
11900.0,31080.0,374.1
11920.0,31080.0,373.9
11940.0,31080.0,373.7
11960.0,31080.0,373.6
11980.0,31080.0,373.5
12000.0,31080.0,373.4
12020.0,31080.0,373.3
12040.0,31080.0,373.2
12060.0,31080.0,373.1
12080.0,31080.0,373.0
12100.0,31080.0,373.0
12120.0,31080.0,373.0
12140.0,31080.0,373.0
12160.0,31080.0,373.0
12180.0,31080.0,373.0
12200.0,31080.0,373.1
12220.0,31080.0,373.1
12240.0,31080.0,373.2
12260.0,31080.0,373.3
12280.0,31080.0,373.5
12300.0,31080.0,373.6
12320.0,31080.0,373.8
12340.0,31080.0,373.9
12360.0,31080.0,374.1
12380.0,31080.0,374.4
12400.0,31080.0,374.6
12420.0,31080.0,374.9
12440.0,31080.0,375.2
12460.0,31080.0,375.5
12480.0,31080.0,375.8
12500.0,31080.0,376.1
12520.0,31080.0,376.5
12540.0,31080.0,376.8
12560.0,31080.0,377.2
12580.0,31080.0,377.6
12600.0,31080.0,378.0
12620.0,31080.0,378.5
12640.0,31080.0,378.9
12660.0,31080.0,379.4
12680.0,31080.0,379.9
12700.0,31080.0,380.4
12720.0,31080.0,380.9
12740.0,31080.0,381.4
12760.0,31080.0,381.9
12780.0,31080.0,382.5
12800.0,31080.0,383.0
12820.0,31080.0,383.6
12840.0,31080.0,384.1
12860.0,31080.0,384.7
12880.0,31080.0,385.3
12900.0,31080.0,385.9
12920.0,31080.0,386.4
12940.0,31080.0,387.0
12960.0,31080.0,387.6
12980.0,31080.0,388.2
13000.0,31080.0,388.8
13020.0,31080.0,389.4
13040.0,31080.0,390.0
13060.0,31080.0,390.6
13080.0,31080.0,391.2
13100.0,31080.0,391.8
13120.0,31080.0,392.4
13140.0,31080.0,392.9
13160.0,31080.0,393.5
13180.0,31080.0,394.1
13200.0,31080.0,394.6
13220.0,31080.0,395.2
13240.0,31080.0,395.7
13260.0,31080.0,396.2
13280.0,31080.0,396.7
13300.0,31080.0,397.2
13320.0,31080.0,397.7
13340.0,31080.0,398.1
13360.0,31080.0,398.6
13380.0,31080.0,399.0
13400.0,31080.0,399.4
13420.0,31080.0,399.8
13440.0,31080.0,400.2
13460.0,31080.0,400.5
13480.0,31080.0,400.8
13500.0,31080.0,401.1
13520.0,31080.0,401.4
13540.0,31080.0,401.7
13560.0,31080.0,401.9
13580.0,31080.0,402.1
13600.0,31080.0,402.3
10800.0,31100.0,387.5
10820.0,31100.0,387.2
10840.0,31100.0,386.9
10860.0,31100.0,386.6
10880.0,31100.0,386.4
10900.0,31100.0,386.1
10920.0,31100.0,385.8
10940.0,31100.0,385.6
10960.0,31100.0,385.3
10980.0,31100.0,385.1
11000.0,31100.0,384.9
11020.0,31100.0,384.6
11040.0,31100.0,384.4
11060.0,31100.0,384.2
11080.0,31100.0,383.9
11100.0,31100.0,383.7
11120.0,31100.0,383.5
11140.0,31100.0,383.3
11160.0,31100.0,383.1
11180.0,31100.0,382.9
11200.0,31100.0,382.6
11220.0,31100.0,382.4
11240.0,31100.0,382.2
11260.0,31100.0,382.0
11280.0,31100.0,381.8
11300.0,31100.0,381.6
11320.0,31100.0,381.3
11340.0,31100.0,381.1
11360.0,31100.0,380.9
11380.0,31100.0,380.7
11400.0,31100.0,380.4
11420.0,31100.0,380.2
11440.0,31100.0,380.0
11460.0,31100.0,379.7
11480.0,31100.0,379.5
11500.0,31100.0,379.2
11520.0,31100.0,379.0
11540.0,31100.0,378.7
11560.0,31100.0,378.5
11580.0,31100.0,378.2
11600.0,31100.0,378.0
11620.0,31100.0,377.7
11640.0,31100.0,377.5
11660.0,31100.0,377.2
11680.0,31100.0,376.9
11700.0,31100.0,376.7
11720.0,31100.0,376.4
11740.0,31100.0,376.2
11760.0,31100.0,376.0
11780.0,31100.0,375.7
11800.0,31100.0,375.5
11820.0,31100.0,375.3
11840.0,31100.0,375.0
11860.0,31100.0,374.8
11880.0,31100.0,374.6
11900.0,31100.0,374.4
11920.0,31100.0,374.3
11940.0,31100.0,374.1
11960.0,31100.0,373.9
11980.0,31100.0,373.8
12000.0,31100.0,373.6
12020.0,31100.0,373.5
12040.0,31100.0,373.4
12060.0,31100.0,373.3
12080.0,31100.0,373.3
12100.0,31100.0,373.2
12120.0,31100.0,373.2
12140.0,31100.0,373.2
12160.0,31100.0,373.2
12180.0,31100.0,373.2
12200.0,31100.0,373.2
12220.0,31100.0,373.3
12240.0,31100.0,373.3
12260.0,31100.0,373.4
12280.0,31100.0,373.6
12300.0,31100.0,373.7
12320.0,31100.0,373.9
12340.0,31100.0,374.0
12360.0,31100.0,374.2
12380.0,31100.0,374.5
12400.0,31100.0,374.7
12420.0,31100.0,375.0
12440.0,31100.0,375.3
12460.0,31100.0,375.6
12480.0,31100.0,375.9
12500.0,31100.0,376.3
12520.0,31100.0,376.6
12540.0,31100.0,377.0
12560.0,31100.0,377.4
12580.0,31100.0,377.8
12600.0,31100.0,378.3
12620.0,31100.0,378.7
12640.0,31100.0,379.2
12660.0,31100.0,379.7
12680.0,31100.0,380.2
12700.0,31100.0,380.7
12720.0,31100.0,381.3
12740.0,31100.0,381.8
12760.0,31100.0,382.4
12780.0,31100.0,382.9
12800.0,31100.0,383.5
12820.0,31100.0,384.1
12840.0,31100.0,384.7
12860.0,31100.0,385.3
12880.0,31100.0,385.9
12900.0,31100.0,386.5
12920.0,31100.0,387.2
12940.0,31100.0,387.8
12960.0,31100.0,388.4
12980.0,31100.0,389.0
13000.0,31100.0,389.7
13020.0,31100.0,390.3
13040.0,31100.0,390.9
13060.0,31100.0,391.5
13080.0,31100.0,392.1
13100.0,31100.0,392.7
13120.0,31100.0,393.3
13140.0,31100.0,393.9
13160.0,31100.0,394.5
13180.0,31100.0,395.1
13200.0,31100.0,395.7
13220.0,31100.0,396.2
13240.0,31100.0,396.8
13260.0,31100.0,397.3
13280.0,31100.0,397.8
13300.0,31100.0,398.3
13320.0,31100.0,398.8
13340.0,31100.0,399.3
13360.0,31100.0,399.7
13380.0,31100.0,400.1
13400.0,31100.0,400.5
13420.0,31100.0,400.9
13440.0,31100.0,401.3
13460.0,31100.0,401.6
13480.0,31100.0,402.0
13500.0,31100.0,402.3
13520.0,31100.0,402.5
13540.0,31100.0,402.8
13560.0,31100.0,403.0
13580.0,31100.0,403.2
13600.0,31100.0,403.4
10800.0,31120.0,387.5
10820.0,31120.0,387.2
10840.0,31120.0,386.9
10860.0,31120.0,386.7
10880.0,31120.0,386.4
10900.0,31120.0,386.1
10920.0,31120.0,385.9
10940.0,31120.0,385.6
10960.0,31120.0,385.4
10980.0,31120.0,385.2
11000.0,31120.0,384.9
11020.0,31120.0,384.7
11040.0,31120.0,384.5
11060.0,31120.0,384.3
11080.0,31120.0,384.1
11100.0,31120.0,383.9
11120.0,31120.0,383.7
11140.0,31120.0,383.5
11160.0,31120.0,383.3
11180.0,31120.0,383.1
11200.0,31120.0,382.9
11220.0,31120.0,382.7
11240.0,31120.0,382.5
11260.0,31120.0,382.3
11280.0,31120.0,382.1
11300.0,31120.0,381.9
11320.0,31120.0,381.7
11340.0,31120.0,381.5
11360.0,31120.0,381.3
11380.0,31120.0,381.1
11400.0,31120.0,380.9
11420.0,31120.0,380.6
11440.0,31120.0,380.4
11460.0,31120.0,380.2
11480.0,31120.0,380.0
11500.0,31120.0,379.7
11520.0,31120.0,379.5
11540.0,31120.0,379.2
11560.0,31120.0,379.0
11580.0,31120.0,378.7
11600.0,31120.0,378.5
11620.0,31120.0,378.2
11640.0,31120.0,378.0
11660.0,31120.0,377.7
11680.0,31120.0,377.4
11700.0,31120.0,377.2
11720.0,31120.0,376.9
11740.0,31120.0,376.7
11760.0,31120.0,376.4
11780.0,31120.0,376.2
11800.0,31120.0,375.9
11820.0,31120.0,375.7
11840.0,31120.0,375.5
11860.0,31120.0,375.2
11880.0,31120.0,375.0
11900.0,31120.0,374.8
11920.0,31120.0,374.6
11940.0,31120.0,374.4
11960.0,31120.0,374.2
11980.0,31120.0,374.1
12000.0,31120.0,373.9
12020.0,31120.0,373.8
12040.0,31120.0,373.7
12060.0,31120.0,373.6
12080.0,31120.0,373.5
12100.0,31120.0,373.4
12120.0,31120.0,373.4
12140.0,31120.0,373.3
12160.0,31120.0,373.3
12180.0,31120.0,373.3
12200.0,31120.0,373.3
12220.0,31120.0,373.4
12240.0,31120.0,373.5
12260.0,31120.0,373.6
12280.0,31120.0,373.7
12300.0,31120.0,373.8
12320.0,31120.0,374.0
12340.0,31120.0,374.1
12360.0,31120.0,374.3
12380.0,31120.0,374.6
12400.0,31120.0,374.8
12420.0,31120.0,375.1
12440.0,31120.0,375.4
12460.0,31120.0,375.7
12480.0,31120.0,376.0
12500.0,31120.0,376.4
12520.0,31120.0,376.8
12540.0,31120.0,377.2
12560.0,31120.0,377.6
12580.0,31120.0,378.1
12600.0,31120.0,378.5
12620.0,31120.0,379.0
12640.0,31120.0,379.5
12660.0,31120.0,380.0
12680.0,31120.0,380.5
12700.0,31120.0,381.1
12720.0,31120.0,381.6
12740.0,31120.0,382.2
12760.0,31120.0,382.8
12780.0,31120.0,383.4
12800.0,31120.0,384.0
12820.0,31120.0,384.6
12840.0,31120.0,385.3
12860.0,31120.0,385.9
12880.0,31120.0,386.5
12900.0,31120.0,387.2
12920.0,31120.0,387.8
12940.0,31120.0,388.5
12960.0,31120.0,389.1
12980.0,31120.0,389.8
13000.0,31120.0,390.5
13020.0,31120.0,391.1
13040.0,31120.0,391.8
13060.0,31120.0,392.4
13080.0,31120.0,393.0
13100.0,31120.0,393.7
13120.0,31120.0,394.3
13140.0,31120.0,394.9
13160.0,31120.0,395.5
13180.0,31120.0,396.1
13200.0,31120.0,396.7
13220.0,31120.0,397.3
13240.0,31120.0,397.8
13260.0,31120.0,398.4
13280.0,31120.0,398.9
13300.0,31120.0,399.4
13320.0,31120.0,399.9
13340.0,31120.0,400.4
13360.0,31120.0,400.8
13380.0,31120.0,401.2
13400.0,31120.0,401.6
13420.0,31120.0,402.0
13440.0,31120.0,402.4
13460.0,31120.0,402.7
13480.0,31120.0,403.1
13500.0,31120.0,403.4
13520.0,31120.0,403.6
13540.0,31120.0,403.9
13560.0,31120.0,404.1
13580.0,31120.0,404.3
13600.0,31120.0,404.4
10800.0,31140.0,387.5
10820.0,31140.0,387.2
10840.0,31140.0,386.9
10860.0,31140.0,386.7
10880.0,31140.0,386.4
10900.0,31140.0,386.2
10920.0,31140.0,385.9
10940.0,31140.0,385.7
10960.0,31140.0,385.5
10980.0,31140.0,385.3
11000.0,31140.0,385.0
11020.0,31140.0,384.8
11040.0,31140.0,384.6
11060.0,31140.0,384.4
11080.0,31140.0,384.2
11100.0,31140.0,384.1
11120.0,31140.0,383.9
11140.0,31140.0,383.7
11160.0,31140.0,383.5
11180.0,31140.0,383.3
11200.0,31140.0,383.2
11220.0,31140.0,383.0
11240.0,31140.0,382.8
11260.0,31140.0,382.6
11280.0,31140.0,382.4
11300.0,31140.0,382.3
11320.0,31140.0,382.1
11340.0,31140.0,381.9
11360.0,31140.0,381.7
11380.0,31140.0,381.5
11400.0,31140.0,381.3
11420.0,31140.0,381.1
11440.0,31140.0,380.9
11460.0,31140.0,380.7
11480.0,31140.0,380.4
11500.0,31140.0,380.2
11520.0,31140.0,380.0
11540.0,31140.0,379.7
11560.0,31140.0,379.5
11580.0,31140.0,379.2
11600.0,31140.0,379.0
11620.0,31140.0,378.7
11640.0,31140.0,378.5
11660.0,31140.0,378.2
11680.0,31140.0,377.9
11700.0,31140.0,377.7
11720.0,31140.0,377.4
11740.0,31140.0,377.2
11760.0,31140.0,376.9
11780.0,31140.0,376.6
11800.0,31140.0,376.4
11820.0,31140.0,376.1
11840.0,31140.0,375.9
11860.0,31140.0,375.6
11880.0,31140.0,375.4
11900.0,31140.0,375.2
11920.0,31140.0,375.0
11940.0,31140.0,374.8
11960.0,31140.0,374.6
11980.0,31140.0,374.4
12000.0,31140.0,374.2
12020.0,31140.0,374.1
12040.0,31140.0,373.9
12060.0,31140.0,373.8
12080.0,31140.0,373.7
12100.0,31140.0,373.6
12120.0,31140.0,373.6
12140.0,31140.0,373.5
12160.0,31140.0,373.5
12180.0,31140.0,373.5
12200.0,31140.0,373.5
12220.0,31140.0,373.5
12240.0,31140.0,373.6
12260.0,31140.0,373.7
12280.0,31140.0,373.8
12300.0,31140.0,373.9
12320.0,31140.0,374.1
12340.0,31140.0,374.2
12360.0,31140.0,374.4
12380.0,31140.0,374.7
12400.0,31140.0,374.9
12420.0,31140.0,375.2
12440.0,31140.0,375.5
12460.0,31140.0,375.8
12480.0,31140.0,376.2
12500.0,31140.0,376.5
12520.0,31140.0,376.9
12540.0,31140.0,377.3
12560.0,31140.0,377.8
12580.0,31140.0,378.2
12600.0,31140.0,378.7
12620.0,31140.0,379.2
12640.0,31140.0,379.7
12660.0,31140.0,380.3
12680.0,31140.0,380.8
12700.0,31140.0,381.4
12720.0,31140.0,382.0
12740.0,31140.0,382.6
12760.0,31140.0,383.2
12780.0,31140.0,383.9
12800.0,31140.0,384.5
12820.0,31140.0,385.1
12840.0,31140.0,385.8
12860.0,31140.0,386.5
12880.0,31140.0,387.1
12900.0,31140.0,387.8
12920.0,31140.0,388.5
12940.0,31140.0,389.2
12960.0,31140.0,389.9
12980.0,31140.0,390.5
13000.0,31140.0,391.2
13020.0,31140.0,391.9
13040.0,31140.0,392.6
13060.0,31140.0,393.2
13080.0,31140.0,393.9
13100.0,31140.0,394.6
13120.0,31140.0,395.2
13140.0,31140.0,395.8
13160.0,31140.0,396.5
13180.0,31140.0,397.1
13200.0,31140.0,397.7
13220.0,31140.0,398.3
13240.0,31140.0,398.8
13260.0,31140.0,399.4
13280.0,31140.0,399.9
13300.0,31140.0,400.4
13320.0,31140.0,400.9
13340.0,31140.0,401.4
13360.0,31140.0,401.9
13380.0,31140.0,402.3
13400.0,31140.0,402.7
13420.0,31140.0,403.1
13440.0,31140.0,403.5
13460.0,31140.0,403.8
13480.0,31140.0,404.1
13500.0,31140.0,404.4
13520.0,31140.0,404.7
13540.0,31140.0,404.9
13560.0,31140.0,405.1
13580.0,31140.0,405.3
13600.0,31140.0,405.4
10800.0,31160.0,387.5
10820.0,31160.0,387.2
10840.0,31160.0,387.0
10860.0,31160.0,386.7
10880.0,31160.0,386.5
10900.0,31160.0,386.2
10920.0,31160.0,386.0
10940.0,31160.0,385.8
10960.0,31160.0,385.5
10980.0,31160.0,385.3
11000.0,31160.0,385.1
11020.0,31160.0,384.9
11040.0,31160.0,384.8
11060.0,31160.0,384.6
11080.0,31160.0,384.4
11100.0,31160.0,384.2
11120.0,31160.0,384.1
11140.0,31160.0,383.9
11160.0,31160.0,383.7
11180.0,31160.0,383.6
11200.0,31160.0,383.4
11220.0,31160.0,383.3
11240.0,31160.0,383.1
11260.0,31160.0,382.9
11280.0,31160.0,382.8
11300.0,31160.0,382.6
11320.0,31160.0,382.5
11340.0,31160.0,382.3
11360.0,31160.0,382.1
11380.0,31160.0,381.9
11400.0,31160.0,381.7
11420.0,31160.0,381.5
11440.0,31160.0,381.3
11460.0,31160.0,381.1
11480.0,31160.0,380.9
11500.0,31160.0,380.7
11520.0,31160.0,380.5
11540.0,31160.0,380.2
11560.0,31160.0,380.0
11580.0,31160.0,379.7
11600.0,31160.0,379.5
11620.0,31160.0,379.2
11640.0,31160.0,379.0
11660.0,31160.0,378.7
11680.0,31160.0,378.5
11700.0,31160.0,378.2
11720.0,31160.0,377.9
11740.0,31160.0,377.6
11760.0,31160.0,377.4
11780.0,31160.0,377.1
11800.0,31160.0,376.8
11820.0,31160.0,376.6
11840.0,31160.0,376.3
11860.0,31160.0,376.1
11880.0,31160.0,375.8
11900.0,31160.0,375.6
11920.0,31160.0,375.3
11940.0,31160.0,375.1
11960.0,31160.0,374.9
11980.0,31160.0,374.7
12000.0,31160.0,374.5
12020.0,31160.0,374.4
12040.0,31160.0,374.2
12060.0,31160.0,374.1
12080.0,31160.0,373.9
12100.0,31160.0,373.8
12120.0,31160.0,373.7
12140.0,31160.0,373.7
12160.0,31160.0,373.6
12180.0,31160.0,373.6
12200.0,31160.0,373.6
12220.0,31160.0,373.6
12240.0,31160.0,373.7
12260.0,31160.0,373.8
12280.0,31160.0,373.9
12300.0,31160.0,374.0
12320.0,31160.0,374.1
12340.0,31160.0,374.3
12360.0,31160.0,374.5
12380.0,31160.0,374.7
12400.0,31160.0,375.0
12420.0,31160.0,375.3
12440.0,31160.0,375.6
12460.0,31160.0,375.9
12480.0,31160.0,376.3
12500.0,31160.0,376.7
12520.0,31160.0,377.1
12540.0,31160.0,377.5
12560.0,31160.0,377.9
12580.0,31160.0,378.4
12600.0,31160.0,378.9
12620.0,31160.0,379.4
12640.0,31160.0,380.0
12660.0,31160.0,380.5
12680.0,31160.0,381.1
12700.0,31160.0,381.7
12720.0,31160.0,382.3
12740.0,31160.0,383.0
12760.0,31160.0,383.6
12780.0,31160.0,384.3
12800.0,31160.0,384.9
12820.0,31160.0,385.6
12840.0,31160.0,386.3
12860.0,31160.0,387.0
12880.0,31160.0,387.7
12900.0,31160.0,388.4
12920.0,31160.0,389.1
12940.0,31160.0,389.8
12960.0,31160.0,390.5
12980.0,31160.0,391.2
13000.0,31160.0,391.9
13020.0,31160.0,392.7
13040.0,31160.0,393.4
13060.0,31160.0,394.0
13080.0,31160.0,394.7
13100.0,31160.0,395.4
13120.0,31160.0,396.1
13140.0,31160.0,396.7
13160.0,31160.0,397.4
13180.0,31160.0,398.0
13200.0,31160.0,398.6
13220.0,31160.0,399.2
13240.0,31160.0,399.8
13260.0,31160.0,400.4
13280.0,31160.0,400.9
13300.0,31160.0,401.4
13320.0,31160.0,401.9
13340.0,31160.0,402.4
13360.0,31160.0,402.9
13380.0,31160.0,403.3
13400.0,31160.0,403.7
13420.0,31160.0,404.1
13440.0,31160.0,404.5
13460.0,31160.0,404.8
13480.0,31160.0,405.1
13500.0,31160.0,405.4
13520.0,31160.0,405.7
13540.0,31160.0,405.9
13560.0,31160.0,406.1
13580.0,31160.0,406.3
13600.0,31160.0,406.4
10800.0,31180.0,387.5
10820.0,31180.0,387.3
10840.0,31180.0,387.0
10860.0,31180.0,386.7
10880.0,31180.0,386.5
10900.0,31180.0,386.3
10920.0,31180.0,386.0
10940.0,31180.0,385.8
10960.0,31180.0,385.6
10980.0,31180.0,385.4
11000.0,31180.0,385.2
11020.0,31180.0,385.0
11040.0,31180.0,384.9
11060.0,31180.0,384.7
11080.0,31180.0,384.6
11100.0,31180.0,384.4
11120.0,31180.0,384.3
11140.0,31180.0,384.1
11160.0,31180.0,384.0
11180.0,31180.0,383.8
11200.0,31180.0,383.7
11220.0,31180.0,383.5
11240.0,31180.0,383.4
11260.0,31180.0,383.3
11280.0,31180.0,383.1
11300.0,31180.0,383.0
11320.0,31180.0,382.8
11340.0,31180.0,382.7
11360.0,31180.0,382.5
11380.0,31180.0,382.3
11400.0,31180.0,382.2
11420.0,31180.0,382.0
11440.0,31180.0,381.8
11460.0,31180.0,381.6
11480.0,31180.0,381.4
11500.0,31180.0,381.2
11520.0,31180.0,381.0
11540.0,31180.0,380.7
11560.0,31180.0,380.5
11580.0,31180.0,380.3
11600.0,31180.0,380.0
11620.0,31180.0,379.8
11640.0,31180.0,379.5
11660.0,31180.0,379.2
11680.0,31180.0,379.0
11700.0,31180.0,378.7
11720.0,31180.0,378.4
11740.0,31180.0,378.1
11760.0,31180.0,377.8
11780.0,31180.0,377.6
11800.0,31180.0,377.3
11820.0,31180.0,377.0
11840.0,31180.0,376.7
11860.0,31180.0,376.5
11880.0,31180.0,376.2
11900.0,31180.0,376.0
11920.0,31180.0,375.7
11940.0,31180.0,375.5
11960.0,31180.0,375.2
11980.0,31180.0,375.0
12000.0,31180.0,374.8
12020.0,31180.0,374.6
12040.0,31180.0,374.5
12060.0,31180.0,374.3
12080.0,31180.0,374.2
12100.0,31180.0,374.0
12120.0,31180.0,373.9
12140.0,31180.0,373.9
12160.0,31180.0,373.8
12180.0,31180.0,373.8
12200.0,31180.0,373.8
12220.0,31180.0,373.8
12240.0,31180.0,373.8
12260.0,31180.0,373.9
12280.0,31180.0,374.0
12300.0,31180.0,374.1
12320.0,31180.0,374.2
12340.0,31180.0,374.4
12360.0,31180.0,374.6
12380.0,31180.0,374.8
12400.0,31180.0,375.1
12420.0,31180.0,375.4
12440.0,31180.0,375.7
12460.0,31180.0,376.0
12480.0,31180.0,376.4
12500.0,31180.0,376.8
12520.0,31180.0,377.2
12540.0,31180.0,377.6
12560.0,31180.0,378.1
12580.0,31180.0,378.6
12600.0,31180.0,379.1
12620.0,31180.0,379.6
12640.0,31180.0,380.2
12660.0,31180.0,380.8
12680.0,31180.0,381.4
12700.0,31180.0,382.0
12720.0,31180.0,382.6
12740.0,31180.0,383.3
12760.0,31180.0,384.0
12780.0,31180.0,384.7
12800.0,31180.0,385.3
12820.0,31180.0,386.1
12840.0,31180.0,386.8
12860.0,31180.0,387.5
12880.0,31180.0,388.2
12900.0,31180.0,388.9
12920.0,31180.0,389.7
12940.0,31180.0,390.4
12960.0,31180.0,391.2
12980.0,31180.0,391.9
13000.0,31180.0,392.6
13020.0,31180.0,393.4
13040.0,31180.0,394.1
13060.0,31180.0,394.8
13080.0,31180.0,395.5
13100.0,31180.0,396.2
13120.0,31180.0,396.9
13140.0,31180.0,397.6
13160.0,31180.0,398.2
13180.0,31180.0,398.9
13200.0,31180.0,399.5
13220.0,31180.0,400.1
13240.0,31180.0,400.7
13260.0,31180.0,401.3
13280.0,31180.0,401.8
13300.0,31180.0,402.4
13320.0,31180.0,402.9
13340.0,31180.0,403.4
13360.0,31180.0,403.8
13380.0,31180.0,404.3
13400.0,31180.0,404.7
13420.0,31180.0,405.1
13440.0,31180.0,405.4
13460.0,31180.0,405.8
13480.0,31180.0,406.1
13500.0,31180.0,406.3
13520.0,31180.0,406.6
13540.0,31180.0,406.8
13560.0,31180.0,407.0
13580.0,31180.0,407.2
13600.0,31180.0,407.3
10800.0,31200.0,387.5
10820.0,31200.0,387.3
10840.0,31200.0,387.0
10860.0,31200.0,386.8
10880.0,31200.0,386.5
10900.0,31200.0,386.3
10920.0,31200.0,386.1
10940.0,31200.0,385.9
10960.0,31200.0,385.7
10980.0,31200.0,385.5
11000.0,31200.0,385.3
11020.0,31200.0,385.2
11040.0,31200.0,385.0
11060.0,31200.0,384.9
11080.0,31200.0,384.7
11100.0,31200.0,384.6
11120.0,31200.0,384.4
11140.0,31200.0,384.3
11160.0,31200.0,384.2
11180.0,31200.0,384.1
11200.0,31200.0,383.9
11220.0,31200.0,383.8
11240.0,31200.0,383.7
11260.0,31200.0,383.6
11280.0,31200.0,383.5
11300.0,31200.0,383.3
11320.0,31200.0,383.2
11340.0,31200.0,383.0
11360.0,31200.0,382.9
11380.0,31200.0,382.7
11400.0,31200.0,382.6
11420.0,31200.0,382.4
11440.0,31200.0,382.2
11460.0,31200.0,382.1
11480.0,31200.0,381.9
11500.0,31200.0,381.7
11520.0,31200.0,381.4
11540.0,31200.0,381.2
11560.0,31200.0,381.0
11580.0,31200.0,380.8
11600.0,31200.0,380.5
11620.0,31200.0,380.3
11640.0,31200.0,380.0
11660.0,31200.0,379.7
11680.0,31200.0,379.5
11700.0,31200.0,379.2
11720.0,31200.0,378.9
11740.0,31200.0,378.6
11760.0,31200.0,378.3
11780.0,31200.0,378.0
11800.0,31200.0,377.7
11820.0,31200.0,377.5
11840.0,31200.0,377.2
11860.0,31200.0,376.9
11880.0,31200.0,376.6
11900.0,31200.0,376.3
11920.0,31200.0,376.1
11940.0,31200.0,375.8
11960.0,31200.0,375.6
11980.0,31200.0,375.3
12000.0,31200.0,375.1
12020.0,31200.0,374.9
12040.0,31200.0,374.7
12060.0,31200.0,374.6
12080.0,31200.0,374.4
12100.0,31200.0,374.3
12120.0,31200.0,374.1
12140.0,31200.0,374.1
12160.0,31200.0,374.0
12180.0,31200.0,373.9
12200.0,31200.0,373.9
12220.0,31200.0,373.9
12240.0,31200.0,373.9
12260.0,31200.0,374.0
12280.0,31200.0,374.1
12300.0,31200.0,374.2
12320.0,31200.0,374.3
12340.0,31200.0,374.5
12360.0,31200.0,374.7
12380.0,31200.0,374.9
12400.0,31200.0,375.2
12420.0,31200.0,375.4
12440.0,31200.0,375.8
12460.0,31200.0,376.1
12480.0,31200.0,376.5
12500.0,31200.0,376.9
12520.0,31200.0,377.3
12540.0,31200.0,377.8
12560.0,31200.0,378.2
12580.0,31200.0,378.7
12600.0,31200.0,379.3
12620.0,31200.0,379.8
12640.0,31200.0,380.4
12660.0,31200.0,381.0
12680.0,31200.0,381.6
12700.0,31200.0,382.3
12720.0,31200.0,382.9
12740.0,31200.0,383.6
12760.0,31200.0,384.3
12780.0,31200.0,385.0
12800.0,31200.0,385.7
12820.0,31200.0,386.5
12840.0,31200.0,387.2
12860.0,31200.0,387.9
12880.0,31200.0,388.7
12900.0,31200.0,389.5
12920.0,31200.0,390.2
12940.0,31200.0,391.0
12960.0,31200.0,391.7
12980.0,31200.0,392.5
13000.0,31200.0,393.3
13020.0,31200.0,394.0
13040.0,31200.0,394.8
13060.0,31200.0,395.5
13080.0,31200.0,396.2
13100.0,31200.0,397.0
13120.0,31200.0,397.7
13140.0,31200.0,398.4
13160.0,31200.0,399.0
13180.0,31200.0,399.7
13200.0,31200.0,400.3
13220.0,31200.0,401.0
13240.0,31200.0,401.6
13260.0,31200.0,402.2
13280.0,31200.0,402.7
13300.0,31200.0,403.3
13320.0,31200.0,403.8
13340.0,31200.0,404.3
13360.0,31200.0,404.7
13380.0,31200.0,405.2
13400.0,31200.0,405.6
13420.0,31200.0,406.0
13440.0,31200.0,406.3
13460.0,31200.0,406.7
13480.0,31200.0,407.0
13500.0,31200.0,407.2
13520.0,31200.0,407.5
13540.0,31200.0,407.7
13560.0,31200.0,407.9
13580.0,31200.0,408.0
13600.0,31200.0,408.2
10800.0,31220.0,387.6
10820.0,31220.0,387.3
10840.0,31220.0,387.0
10860.0,31220.0,386.8
10880.0,31220.0,386.6
10900.0,31220.0,386.3
10920.0,31220.0,386.1
10940.0,31220.0,385.9
10960.0,31220.0,385.7
10980.0,31220.0,385.6
11000.0,31220.0,385.4
11020.0,31220.0,385.3
11040.0,31220.0,385.1
11060.0,31220.0,385.0
11080.0,31220.0,384.9
11100.0,31220.0,384.7
11120.0,31220.0,384.6
11140.0,31220.0,384.5
11160.0,31220.0,384.4
11180.0,31220.0,384.3
11200.0,31220.0,384.2
11220.0,31220.0,384.1
11240.0,31220.0,384.0
11260.0,31220.0,383.9
11280.0,31220.0,383.8
11300.0,31220.0,383.7
11320.0,31220.0,383.6
11340.0,31220.0,383.4
11360.0,31220.0,383.3
11380.0,31220.0,383.2
11400.0,31220.0,383.0
11420.0,31220.0,382.9
11440.0,31220.0,382.7
11460.0,31220.0,382.5
11480.0,31220.0,382.3
11500.0,31220.0,382.1
11520.0,31220.0,381.9
11540.0,31220.0,381.7
11560.0,31220.0,381.5
11580.0,31220.0,381.3
11600.0,31220.0,381.0
11620.0,31220.0,380.8
11640.0,31220.0,380.5
11660.0,31220.0,380.2
11680.0,31220.0,380.0
11700.0,31220.0,379.7
11720.0,31220.0,379.4
11740.0,31220.0,379.1
11760.0,31220.0,378.8
11780.0,31220.0,378.5
11800.0,31220.0,378.2
11820.0,31220.0,377.9
11840.0,31220.0,377.6
11860.0,31220.0,377.3
11880.0,31220.0,377.0
11900.0,31220.0,376.7
11920.0,31220.0,376.5
11940.0,31220.0,376.2
11960.0,31220.0,375.9
11980.0,31220.0,375.7
12000.0,31220.0,375.4
12020.0,31220.0,375.2
12040.0,31220.0,375.0
12060.0,31220.0,374.8
12080.0,31220.0,374.6
12100.0,31220.0,374.5
12120.0,31220.0,374.3
12140.0,31220.0,374.2
12160.0,31220.0,374.2
12180.0,31220.0,374.1
12200.0,31220.0,374.0
12220.0,31220.0,374.0
12240.0,31220.0,374.1
12260.0,31220.0,374.1
12280.0,31220.0,374.2
12300.0,31220.0,374.3
12320.0,31220.0,374.4
12340.0,31220.0,374.6
12360.0,31220.0,374.8
12380.0,31220.0,375.0
12400.0,31220.0,375.2
12420.0,31220.0,375.5
12440.0,31220.0,375.8
12460.0,31220.0,376.2
12480.0,31220.0,376.6
12500.0,31220.0,377.0
12520.0,31220.0,377.4
12540.0,31220.0,377.9
12560.0,31220.0,378.4
12580.0,31220.0,378.9
12600.0,31220.0,379.4
12620.0,31220.0,380.0
12640.0,31220.0,380.6
12660.0,31220.0,381.2
12680.0,31220.0,381.8
12700.0,31220.0,382.5
12720.0,31220.0,383.2
12740.0,31220.0,383.9
12760.0,31220.0,384.6
12780.0,31220.0,385.3
12800.0,31220.0,386.1
12820.0,31220.0,386.8
12840.0,31220.0,387.6
12860.0,31220.0,388.4
12880.0,31220.0,389.1
12900.0,31220.0,389.9
12920.0,31220.0,390.7
12940.0,31220.0,391.5
12960.0,31220.0,392.3
12980.0,31220.0,393.1
13000.0,31220.0,393.9
13020.0,31220.0,394.6
13040.0,31220.0,395.4
13060.0,31220.0,396.2
13080.0,31220.0,396.9
13100.0,31220.0,397.7
13120.0,31220.0,398.4
13140.0,31220.0,399.1
13160.0,31220.0,399.8
13180.0,31220.0,400.5
13200.0,31220.0,401.1
13220.0,31220.0,401.8
13240.0,31220.0,402.4
13260.0,31220.0,403.0
13280.0,31220.0,403.5
13300.0,31220.0,404.1
13320.0,31220.0,404.6
13340.0,31220.0,405.1
13360.0,31220.0,405.6
13380.0,31220.0,406.0
13400.0,31220.0,406.4
13420.0,31220.0,406.8
13440.0,31220.0,407.2
13460.0,31220.0,407.5
13480.0,31220.0,407.8
13500.0,31220.0,408.1
13520.0,31220.0,408.3
13540.0,31220.0,408.5
13560.0,31220.0,408.7
13580.0,31220.0,408.9
13600.0,31220.0,409.0
10800.0,31240.0,387.6
10820.0,31240.0,387.3
10840.0,31240.0,387.1
10860.0,31240.0,386.8
10880.0,31240.0,386.6
10900.0,31240.0,386.4
10920.0,31240.0,386.2
10940.0,31240.0,386.0
10960.0,31240.0,385.8
10980.0,31240.0,385.7
11000.0,31240.0,385.5
11020.0,31240.0,385.4
11040.0,31240.0,385.2
11060.0,31240.0,385.1
11080.0,31240.0,385.0
11100.0,31240.0,384.9
11120.0,31240.0,384.8
11140.0,31240.0,384.7
11160.0,31240.0,384.6
11180.0,31240.0,384.5
11200.0,31240.0,384.5
11220.0,31240.0,384.4
11240.0,31240.0,384.3
11260.0,31240.0,384.2
11280.0,31240.0,384.1
11300.0,31240.0,384.0
11320.0,31240.0,383.9
11340.0,31240.0,383.8
11360.0,31240.0,383.7
11380.0,31240.0,383.6
11400.0,31240.0,383.4
11420.0,31240.0,383.3
11440.0,31240.0,383.1
11460.0,31240.0,383.0
11480.0,31240.0,382.8
11500.0,31240.0,382.6
11520.0,31240.0,382.4
11540.0,31240.0,382.2
11560.0,31240.0,382.0
11580.0,31240.0,381.8
11600.0,31240.0,381.5
11620.0,31240.0,381.3
11640.0,31240.0,381.0
11660.0,31240.0,380.7
11680.0,31240.0,380.5
11700.0,31240.0,380.2
11720.0,31240.0,379.9
11740.0,31240.0,379.6
11760.0,31240.0,379.3
11780.0,31240.0,379.0
11800.0,31240.0,378.7
11820.0,31240.0,378.4
11840.0,31240.0,378.0
11860.0,31240.0,377.7
11880.0,31240.0,377.4
11900.0,31240.0,377.1
11920.0,31240.0,376.8
11940.0,31240.0,376.5
11960.0,31240.0,376.3
11980.0,31240.0,376.0
12000.0,31240.0,375.7
12020.0,31240.0,375.5
12040.0,31240.0,375.3
12060.0,31240.0,375.1
12080.0,31240.0,374.9
12100.0,31240.0,374.7
12120.0,31240.0,374.6
12140.0,31240.0,374.4
12160.0,31240.0,374.3
12180.0,31240.0,374.2
12200.0,31240.0,374.2
12220.0,31240.0,374.2
12240.0,31240.0,374.2
12260.0,31240.0,374.2
12280.0,31240.0,374.3
12300.0,31240.0,374.4
12320.0,31240.0,374.5
12340.0,31240.0,374.6
12360.0,31240.0,374.8
12380.0,31240.0,375.0
12400.0,31240.0,375.3
12420.0,31240.0,375.6
12440.0,31240.0,375.9
12460.0,31240.0,376.3
12480.0,31240.0,376.6
12500.0,31240.0,377.0
12520.0,31240.0,377.5
12540.0,31240.0,378.0
12560.0,31240.0,378.5
12580.0,31240.0,379.0
12600.0,31240.0,379.6
12620.0,31240.0,380.1
12640.0,31240.0,380.7
12660.0,31240.0,381.4
12680.0,31240.0,382.0
12700.0,31240.0,382.7
12720.0,31240.0,383.4
12740.0,31240.0,384.1
12760.0,31240.0,384.9
12780.0,31240.0,385.6
12800.0,31240.0,386.4
12820.0,31240.0,387.2
12840.0,31240.0,388.0
12860.0,31240.0,388.8
12880.0,31240.0,389.6
12900.0,31240.0,390.4
12920.0,31240.0,391.2
12940.0,31240.0,392.0
12960.0,31240.0,392.8
12980.0,31240.0,393.6
13000.0,31240.0,394.4
13020.0,31240.0,395.2
13040.0,31240.0,396.0
13060.0,31240.0,396.8
13080.0,31240.0,397.5
13100.0,31240.0,398.3
13120.0,31240.0,399.0
13140.0,31240.0,399.8
13160.0,31240.0,400.5
13180.0,31240.0,401.2
13200.0,31240.0,401.8
13220.0,31240.0,402.5
13240.0,31240.0,403.1
13260.0,31240.0,403.7
13280.0,31240.0,404.3
13300.0,31240.0,404.8
13320.0,31240.0,405.4
13340.0,31240.0,405.9
13360.0,31240.0,406.3
13380.0,31240.0,406.8
13400.0,31240.0,407.2
13420.0,31240.0,407.6
13440.0,31240.0,408.0
13460.0,31240.0,408.3
13480.0,31240.0,408.6
13500.0,31240.0,408.8
13520.0,31240.0,409.1
13540.0,31240.0,409.3
13560.0,31240.0,409.5
13580.0,31240.0,409.6
13600.0,31240.0,409.7
10800.0,31260.0,387.6
10820.0,31260.0,387.3
10840.0,31260.0,387.1
10860.0,31260.0,386.8
10880.0,31260.0,386.6
10900.0,31260.0,386.4
10920.0,31260.0,386.2
10940.0,31260.0,386.0
10960.0,31260.0,385.9
10980.0,31260.0,385.7
11000.0,31260.0,385.6
11020.0,31260.0,385.5
11040.0,31260.0,385.4
11060.0,31260.0,385.3
11080.0,31260.0,385.2
11100.0,31260.0,385.1
11120.0,31260.0,385.0
11140.0,31260.0,384.9
11160.0,31260.0,384.8
11180.0,31260.0,384.8
11200.0,31260.0,384.7
11220.0,31260.0,384.6
11240.0,31260.0,384.6
11260.0,31260.0,384.5
11280.0,31260.0,384.4
11300.0,31260.0,384.3
11320.0,31260.0,384.3
11340.0,31260.0,384.2
11360.0,31260.0,384.1
11380.0,31260.0,384.0
11400.0,31260.0,383.8
11420.0,31260.0,383.7
11440.0,31260.0,383.6
11460.0,31260.0,383.4
11480.0,31260.0,383.3
11500.0,31260.0,383.1
11520.0,31260.0,382.9
11540.0,31260.0,382.7
11560.0,31260.0,382.5
11580.0,31260.0,382.3
11600.0,31260.0,382.0
11620.0,31260.0,381.8
11640.0,31260.0,381.5
11660.0,31260.0,381.2
11680.0,31260.0,381.0
11700.0,31260.0,380.7
11720.0,31260.0,380.4
11740.0,31260.0,380.1
11760.0,31260.0,379.8
11780.0,31260.0,379.4
11800.0,31260.0,379.1
11820.0,31260.0,378.8
11840.0,31260.0,378.5
11860.0,31260.0,378.2
11880.0,31260.0,377.8
11900.0,31260.0,377.5
11920.0,31260.0,377.2
11940.0,31260.0,376.9
11960.0,31260.0,376.6
11980.0,31260.0,376.3
12000.0,31260.0,376.1
12020.0,31260.0,375.8
12040.0,31260.0,375.6
12060.0,31260.0,375.3
12080.0,31260.0,375.1
12100.0,31260.0,374.9
12120.0,31260.0,374.8
12140.0,31260.0,374.6
12160.0,31260.0,374.5
12180.0,31260.0,374.4
12200.0,31260.0,374.3
12220.0,31260.0,374.3
12240.0,31260.0,374.3
12260.0,31260.0,374.3
12280.0,31260.0,374.4
12300.0,31260.0,374.5
12320.0,31260.0,374.6
12340.0,31260.0,374.7
12360.0,31260.0,374.9
12380.0,31260.0,375.1
12400.0,31260.0,375.4
12420.0,31260.0,375.6
12440.0,31260.0,376.0
12460.0,31260.0,376.3
12480.0,31260.0,376.7
12500.0,31260.0,377.1
12520.0,31260.0,377.6
12540.0,31260.0,378.0
12560.0,31260.0,378.6
12580.0,31260.0,379.1
12600.0,31260.0,379.7
12620.0,31260.0,380.3
12640.0,31260.0,380.9
12660.0,31260.0,381.5
12680.0,31260.0,382.2
12700.0,31260.0,382.9
12720.0,31260.0,383.6
12740.0,31260.0,384.4
12760.0,31260.0,385.1
12780.0,31260.0,385.9
12800.0,31260.0,386.7
12820.0,31260.0,387.5
12840.0,31260.0,388.3
12860.0,31260.0,389.1
12880.0,31260.0,389.9
12900.0,31260.0,390.7
12920.0,31260.0,391.6
12940.0,31260.0,392.4
12960.0,31260.0,393.2
12980.0,31260.0,394.1
13000.0,31260.0,394.9
13020.0,31260.0,395.7
13040.0,31260.0,396.5
13060.0,31260.0,397.3
13080.0,31260.0,398.1
13100.0,31260.0,398.9
13120.0,31260.0,399.6
13140.0,31260.0,400.4
13160.0,31260.0,401.1
13180.0,31260.0,401.8
13200.0,31260.0,402.5
13220.0,31260.0,403.1
13240.0,31260.0,403.8
13260.0,31260.0,404.4
13280.0,31260.0,405.0
13300.0,31260.0,405.5
13320.0,31260.0,406.1
13340.0,31260.0,406.6
13360.0,31260.0,407.0
13380.0,31260.0,407.5
13400.0,31260.0,407.9
13420.0,31260.0,408.3
13440.0,31260.0,408.7
13460.0,31260.0,409.0
13480.0,31260.0,409.3
13500.0,31260.0,409.5
13520.0,31260.0,409.8
13540.0,31260.0,410.0
13560.0,31260.0,410.2
13580.0,31260.0,410.3
13600.0,31260.0,410.4
10800.0,31280.0,387.6
10820.0,31280.0,387.4
10840.0,31280.0,387.1
10860.0,31280.0,386.9
10880.0,31280.0,386.6
10900.0,31280.0,386.4
10920.0,31280.0,386.3
10940.0,31280.0,386.1
10960.0,31280.0,385.9
10980.0,31280.0,385.8
11000.0,31280.0,385.7
11020.0,31280.0,385.6
11040.0,31280.0,385.5
11060.0,31280.0,385.4
11080.0,31280.0,385.3
11100.0,31280.0,385.2
11120.0,31280.0,385.2
11140.0,31280.0,385.1
11160.0,31280.0,385.0
11180.0,31280.0,385.0
11200.0,31280.0,384.9
11220.0,31280.0,384.9
11240.0,31280.0,384.8
11260.0,31280.0,384.8
11280.0,31280.0,384.7
11300.0,31280.0,384.7
11320.0,31280.0,384.6
11340.0,31280.0,384.5
11360.0,31280.0,384.4
11380.0,31280.0,384.4
11400.0,31280.0,384.2
11420.0,31280.0,384.1
11440.0,31280.0,384.0
11460.0,31280.0,383.9
11480.0,31280.0,383.7
11500.0,31280.0,383.5
11520.0,31280.0,383.4
11540.0,31280.0,383.2
11560.0,31280.0,383.0
11580.0,31280.0,382.7
11600.0,31280.0,382.5
11620.0,31280.0,382.3
11640.0,31280.0,382.0
11660.0,31280.0,381.7
11680.0,31280.0,381.4
11700.0,31280.0,381.2
11720.0,31280.0,380.9
11740.0,31280.0,380.5
11760.0,31280.0,380.2
11780.0,31280.0,379.9
11800.0,31280.0,379.6
11820.0,31280.0,379.2
11840.0,31280.0,378.9
11860.0,31280.0,378.6
11880.0,31280.0,378.2
11900.0,31280.0,377.9
11920.0,31280.0,377.6
11940.0,31280.0,377.3
11960.0,31280.0,377.0
11980.0,31280.0,376.7
12000.0,31280.0,376.4
12020.0,31280.0,376.1
12040.0,31280.0,375.8
12060.0,31280.0,375.6
12080.0,31280.0,375.4
12100.0,31280.0,375.2
12120.0,31280.0,375.0
12140.0,31280.0,374.8
12160.0,31280.0,374.7
12180.0,31280.0,374.6
12200.0,31280.0,374.5
12220.0,31280.0,374.4
12240.0,31280.0,374.4
12260.0,31280.0,374.4
12280.0,31280.0,374.5
12300.0,31280.0,374.5
12320.0,31280.0,374.7
12340.0,31280.0,374.8
12360.0,31280.0,375.0
12380.0,31280.0,375.2
12400.0,31280.0,375.4
12420.0,31280.0,375.7
12440.0,31280.0,376.0
12460.0,31280.0,376.4
12480.0,31280.0,376.8
12500.0,31280.0,377.2
12520.0,31280.0,377.6
12540.0,31280.0,378.1
12560.0,31280.0,378.6
12580.0,31280.0,379.2
12600.0,31280.0,379.8
12620.0,31280.0,380.4
12640.0,31280.0,381.0
12660.0,31280.0,381.7
12680.0,31280.0,382.3
12700.0,31280.0,383.1
12720.0,31280.0,383.8
12740.0,31280.0,384.5
12760.0,31280.0,385.3
12780.0,31280.0,386.1
12800.0,31280.0,386.9
12820.0,31280.0,387.7
12840.0,31280.0,388.5
12860.0,31280.0,389.4
12880.0,31280.0,390.2
12900.0,31280.0,391.1
12920.0,31280.0,391.9
12940.0,31280.0,392.8
12960.0,31280.0,393.6
12980.0,31280.0,394.5
13000.0,31280.0,395.3
13020.0,31280.0,396.1
13040.0,31280.0,397.0
13060.0,31280.0,397.8
13080.0,31280.0,398.6
13100.0,31280.0,399.4
13120.0,31280.0,400.2
13140.0,31280.0,400.9
13160.0,31280.0,401.6
13180.0,31280.0,402.4
13200.0,31280.0,403.1
13220.0,31280.0,403.7
13240.0,31280.0,404.4
13260.0,31280.0,405.0
13280.0,31280.0,405.6
13300.0,31280.0,406.2
13320.0,31280.0,406.7
13340.0,31280.0,407.2
13360.0,31280.0,407.7
13380.0,31280.0,408.1
13400.0,31280.0,408.6
13420.0,31280.0,408.9
13440.0,31280.0,409.3
13460.0,31280.0,409.6
13480.0,31280.0,409.9
13500.0,31280.0,410.2
13520.0,31280.0,410.4
13540.0,31280.0,410.6
13560.0,31280.0,410.8
13580.0,31280.0,410.9
13600.0,31280.0,411.0
10800.0,31300.0,387.6
10820.0,31300.0,387.4
10840.0,31300.0,387.1
10860.0,31300.0,386.9
10880.0,31300.0,386.7
10900.0,31300.0,386.5
10920.0,31300.0,386.3
10940.0,31300.0,386.1
10960.0,31300.0,386.0
10980.0,31300.0,385.9
11000.0,31300.0,385.8
11020.0,31300.0,385.7
11040.0,31300.0,385.6
11060.0,31300.0,385.5
11080.0,31300.0,385.4
11100.0,31300.0,385.4
11120.0,31300.0,385.3
11140.0,31300.0,385.3
11160.0,31300.0,385.2
11180.0,31300.0,385.2
11200.0,31300.0,385.2
11220.0,31300.0,385.1
11240.0,31300.0,385.1
11260.0,31300.0,385.1
11280.0,31300.0,385.0
11300.0,31300.0,385.0
11320.0,31300.0,384.9
11340.0,31300.0,384.9
11360.0,31300.0,384.8
11380.0,31300.0,384.7
11400.0,31300.0,384.6
11420.0,31300.0,384.5
11440.0,31300.0,384.4
11460.0,31300.0,384.3
11480.0,31300.0,384.2
11500.0,31300.0,384.0
11520.0,31300.0,383.8
11540.0,31300.0,383.6
11560.0,31300.0,383.4
11580.0,31300.0,383.2
11600.0,31300.0,383.0
11620.0,31300.0,382.7
11640.0,31300.0,382.5
11660.0,31300.0,382.2
11680.0,31300.0,381.9
11700.0,31300.0,381.6
11720.0,31300.0,381.3
11740.0,31300.0,381.0
11760.0,31300.0,380.7
11780.0,31300.0,380.4
11800.0,31300.0,380.0
11820.0,31300.0,379.7
11840.0,31300.0,379.3
11860.0,31300.0,379.0
11880.0,31300.0,378.6
11900.0,31300.0,378.3
11920.0,31300.0,378.0
11940.0,31300.0,377.6
11960.0,31300.0,377.3
11980.0,31300.0,377.0
12000.0,31300.0,376.7
12020.0,31300.0,376.4
12040.0,31300.0,376.1
12060.0,31300.0,375.9
12080.0,31300.0,375.6
12100.0,31300.0,375.4
12120.0,31300.0,375.2
12140.0,31300.0,375.0
12160.0,31300.0,374.9
12180.0,31300.0,374.7
12200.0,31300.0,374.6
12220.0,31300.0,374.6
12240.0,31300.0,374.5
12260.0,31300.0,374.5
12280.0,31300.0,374.6
12300.0,31300.0,374.6
12320.0,31300.0,374.7
12340.0,31300.0,374.9
12360.0,31300.0,375.0
12380.0,31300.0,375.2
12400.0,31300.0,375.5
12420.0,31300.0,375.8
12440.0,31300.0,376.1
12460.0,31300.0,376.4
12480.0,31300.0,376.8
12500.0,31300.0,377.2
12520.0,31300.0,377.7
12540.0,31300.0,378.2
12560.0,31300.0,378.7
12580.0,31300.0,379.2
12600.0,31300.0,379.8
12620.0,31300.0,380.4
12640.0,31300.0,381.1
12660.0,31300.0,381.8
12680.0,31300.0,382.5
12700.0,31300.0,383.2
12720.0,31300.0,383.9
12740.0,31300.0,384.7
12760.0,31300.0,385.5
12780.0,31300.0,386.3
12800.0,31300.0,387.1
12820.0,31300.0,387.9
12840.0,31300.0,388.8
12860.0,31300.0,389.6
12880.0,31300.0,390.5
12900.0,31300.0,391.4
12920.0,31300.0,392.2
12940.0,31300.0,393.1
12960.0,31300.0,394.0
12980.0,31300.0,394.8
13000.0,31300.0,395.7
13020.0,31300.0,396.5
13040.0,31300.0,397.4
13060.0,31300.0,398.2
13080.0,31300.0,399.0
13100.0,31300.0,399.8
13120.0,31300.0,400.6
13140.0,31300.0,401.4
13160.0,31300.0,402.1
13180.0,31300.0,402.9
13200.0,31300.0,403.6
13220.0,31300.0,404.2
13240.0,31300.0,404.9
13260.0,31300.0,405.5
13280.0,31300.0,406.1
13300.0,31300.0,406.7
13320.0,31300.0,407.2
13340.0,31300.0,407.8
13360.0,31300.0,408.2
13380.0,31300.0,408.7
13400.0,31300.0,409.1
13420.0,31300.0,409.5
13440.0,31300.0,409.9
13460.0,31300.0,410.2
13480.0,31300.0,410.5
13500.0,31300.0,410.7
13520.0,31300.0,411.0
13540.0,31300.0,411.2
13560.0,31300.0,411.3
13580.0,31300.0,411.5
13600.0,31300.0,411.6
10800.0,31320.0,387.7
10820.0,31320.0,387.4
10840.0,31320.0,387.1
10860.0,31320.0,386.9
10880.0,31320.0,386.7
10900.0,31320.0,386.5
10920.0,31320.0,386.3
10940.0,31320.0,386.2
10960.0,31320.0,386.1
10980.0,31320.0,385.9
11000.0,31320.0,385.8
11020.0,31320.0,385.7
11040.0,31320.0,385.7
11060.0,31320.0,385.6
11080.0,31320.0,385.6
11100.0,31320.0,385.5
11120.0,31320.0,385.5
11140.0,31320.0,385.4
11160.0,31320.0,385.4
11180.0,31320.0,385.4
11200.0,31320.0,385.4
11220.0,31320.0,385.4
11240.0,31320.0,385.4
11260.0,31320.0,385.3
11280.0,31320.0,385.3
11300.0,31320.0,385.3
11320.0,31320.0,385.3
11340.0,31320.0,385.2
11360.0,31320.0,385.2
11380.0,31320.0,385.1
11400.0,31320.0,385.0
11420.0,31320.0,384.9
11440.0,31320.0,384.8
11460.0,31320.0,384.7
11480.0,31320.0,384.6
11500.0,31320.0,384.4
11520.0,31320.0,384.3
11540.0,31320.0,384.1
11560.0,31320.0,383.9
11580.0,31320.0,383.7
11600.0,31320.0,383.5
11620.0,31320.0,383.2
11640.0,31320.0,383.0
11660.0,31320.0,382.7
11680.0,31320.0,382.4
11700.0,31320.0,382.1
11720.0,31320.0,381.8
11740.0,31320.0,381.5
11760.0,31320.0,381.1
11780.0,31320.0,380.8
11800.0,31320.0,380.5
11820.0,31320.0,380.1
11840.0,31320.0,379.8
11860.0,31320.0,379.4
11880.0,31320.0,379.0
11900.0,31320.0,378.7
11920.0,31320.0,378.3
11940.0,31320.0,378.0
11960.0,31320.0,377.6
11980.0,31320.0,377.3
12000.0,31320.0,377.0
12020.0,31320.0,376.7
12040.0,31320.0,376.4
12060.0,31320.0,376.1
12080.0,31320.0,375.9
12100.0,31320.0,375.6
12120.0,31320.0,375.4
12140.0,31320.0,375.2
12160.0,31320.0,375.1
12180.0,31320.0,374.9
12200.0,31320.0,374.8
12220.0,31320.0,374.7
12240.0,31320.0,374.7
12260.0,31320.0,374.7
12280.0,31320.0,374.7
12300.0,31320.0,374.7
12320.0,31320.0,374.8
12340.0,31320.0,374.9
12360.0,31320.0,375.1
12380.0,31320.0,375.3
12400.0,31320.0,375.5
12420.0,31320.0,375.8
12440.0,31320.0,376.1
12460.0,31320.0,376.4
12480.0,31320.0,376.8
12500.0,31320.0,377.3
12520.0,31320.0,377.7
12540.0,31320.0,378.2
12560.0,31320.0,378.7
12580.0,31320.0,379.3
12600.0,31320.0,379.9
12620.0,31320.0,380.5
12640.0,31320.0,381.1
12660.0,31320.0,381.8
12680.0,31320.0,382.5
12700.0,31320.0,383.3
12720.0,31320.0,384.0
12740.0,31320.0,384.8
12760.0,31320.0,385.6
12780.0,31320.0,386.4
12800.0,31320.0,387.3
12820.0,31320.0,388.1
12840.0,31320.0,389.0
12860.0,31320.0,389.8
12880.0,31320.0,390.7
12900.0,31320.0,391.6
12920.0,31320.0,392.5
12940.0,31320.0,393.4
12960.0,31320.0,394.2
12980.0,31320.0,395.1
13000.0,31320.0,396.0
13020.0,31320.0,396.9
13040.0,31320.0,397.7
13060.0,31320.0,398.6
13080.0,31320.0,399.4
13100.0,31320.0,400.2
13120.0,31320.0,401.0
13140.0,31320.0,401.8
13160.0,31320.0,402.5
13180.0,31320.0,403.3
13200.0,31320.0,404.0
13220.0,31320.0,404.7
13240.0,31320.0,405.3
13260.0,31320.0,406.0
13280.0,31320.0,406.6
13300.0,31320.0,407.2
13320.0,31320.0,407.7
13340.0,31320.0,408.2
13360.0,31320.0,408.7
13380.0,31320.0,409.2
13400.0,31320.0,409.6
13420.0,31320.0,410.0
13440.0,31320.0,410.3
13460.0,31320.0,410.7
13480.0,31320.0,411.0
13500.0,31320.0,411.2
13520.0,31320.0,411.4
13540.0,31320.0,411.6
13560.0,31320.0,411.8
13580.0,31320.0,411.9
13600.0,31320.0,412.0
10800.0,31340.0,387.7
10820.0,31340.0,387.4
10840.0,31340.0,387.2
10860.0,31340.0,386.9
10880.0,31340.0,386.7
10900.0,31340.0,386.5
10920.0,31340.0,386.4
10940.0,31340.0,386.2
10960.0,31340.0,386.1
10980.0,31340.0,386.0
11000.0,31340.0,385.9
11020.0,31340.0,385.8
11040.0,31340.0,385.8
11060.0,31340.0,385.7
11080.0,31340.0,385.7
11100.0,31340.0,385.6
11120.0,31340.0,385.6
11140.0,31340.0,385.6
11160.0,31340.0,385.6
11180.0,31340.0,385.6
11200.0,31340.0,385.6
11220.0,31340.0,385.6
11240.0,31340.0,385.6
11260.0,31340.0,385.6
11280.0,31340.0,385.6
11300.0,31340.0,385.6
11320.0,31340.0,385.6
11340.0,31340.0,385.5
11360.0,31340.0,385.5
11380.0,31340.0,385.4
11400.0,31340.0,385.4
11420.0,31340.0,385.3
11440.0,31340.0,385.2
11460.0,31340.0,385.1
11480.0,31340.0,385.0
11500.0,31340.0,384.9
11520.0,31340.0,384.7
11540.0,31340.0,384.5
11560.0,31340.0,384.3
11580.0,31340.0,384.1
11600.0,31340.0,383.9
11620.0,31340.0,383.7
11640.0,31340.0,383.4
11660.0,31340.0,383.2
11680.0,31340.0,382.9
11700.0,31340.0,382.6
11720.0,31340.0,382.3
11740.0,31340.0,381.9
11760.0,31340.0,381.6
11780.0,31340.0,381.3
11800.0,31340.0,380.9
11820.0,31340.0,380.5
11840.0,31340.0,380.2
11860.0,31340.0,379.8
11880.0,31340.0,379.4
11900.0,31340.0,379.1
11920.0,31340.0,378.7
11940.0,31340.0,378.4
11960.0,31340.0,378.0
11980.0,31340.0,377.7
12000.0,31340.0,377.3
12020.0,31340.0,377.0
12040.0,31340.0,376.7
12060.0,31340.0,376.4
12080.0,31340.0,376.1
12100.0,31340.0,375.9
12120.0,31340.0,375.6
12140.0,31340.0,375.4
12160.0,31340.0,375.2
12180.0,31340.0,375.1
12200.0,31340.0,375.0
12220.0,31340.0,374.9
12240.0,31340.0,374.8
12260.0,31340.0,374.8
12280.0,31340.0,374.8
12300.0,31340.0,374.8
12320.0,31340.0,374.9
12340.0,31340.0,375.0
12360.0,31340.0,375.2
12380.0,31340.0,375.3
12400.0,31340.0,375.6
12420.0,31340.0,375.8
12440.0,31340.0,376.1
12460.0,31340.0,376.5
12480.0,31340.0,376.9
12500.0,31340.0,377.3
12520.0,31340.0,377.7
12540.0,31340.0,378.2
12560.0,31340.0,378.7
12580.0,31340.0,379.3
12600.0,31340.0,379.9
12620.0,31340.0,380.5
12640.0,31340.0,381.2
12660.0,31340.0,381.9
12680.0,31340.0,382.6
12700.0,31340.0,383.3
12720.0,31340.0,384.1
12740.0,31340.0,384.9
12760.0,31340.0,385.7
12780.0,31340.0,386.5
12800.0,31340.0,387.4
12820.0,31340.0,388.2
12840.0,31340.0,389.1
12860.0,31340.0,390.0
12880.0,31340.0,390.9
12900.0,31340.0,391.8
12920.0,31340.0,392.7
12940.0,31340.0,393.6
12960.0,31340.0,394.5
12980.0,31340.0,395.4
13000.0,31340.0,396.2
13020.0,31340.0,397.1
13040.0,31340.0,398.0
13060.0,31340.0,398.8
13080.0,31340.0,399.7
13100.0,31340.0,400.5
13120.0,31340.0,401.3
13140.0,31340.0,402.1
13160.0,31340.0,402.9
13180.0,31340.0,403.6
13200.0,31340.0,404.4
13220.0,31340.0,405.0
13240.0,31340.0,405.7
13260.0,31340.0,406.4
13280.0,31340.0,407.0
13300.0,31340.0,407.6
13320.0,31340.0,408.1
13340.0,31340.0,408.6
13360.0,31340.0,409.1
13380.0,31340.0,409.6
13400.0,31340.0,410.0
13420.0,31340.0,410.4
13440.0,31340.0,410.7
13460.0,31340.0,411.1
13480.0,31340.0,411.4
13500.0,31340.0,411.6
13520.0,31340.0,411.8
13540.0,31340.0,412.0
13560.0,31340.0,412.2
13580.0,31340.0,412.3
13600.0,31340.0,412.4
10800.0,31360.0,387.7
10820.0,31360.0,387.4
10840.0,31360.0,387.2
10860.0,31360.0,387.0
10880.0,31360.0,386.8
10900.0,31360.0,386.6
10920.0,31360.0,386.4
10940.0,31360.0,386.3
10960.0,31360.0,386.2
10980.0,31360.0,386.0
11000.0,31360.0,386.0
11020.0,31360.0,385.9
11040.0,31360.0,385.8
11060.0,31360.0,385.8
11080.0,31360.0,385.8
11100.0,31360.0,385.8
11120.0,31360.0,385.8
11140.0,31360.0,385.8
11160.0,31360.0,385.8
11180.0,31360.0,385.8
11200.0,31360.0,385.8
11220.0,31360.0,385.8
11240.0,31360.0,385.8
11260.0,31360.0,385.8
11280.0,31360.0,385.8
11300.0,31360.0,385.8
11320.0,31360.0,385.8
11340.0,31360.0,385.8
11360.0,31360.0,385.8
11380.0,31360.0,385.8
11400.0,31360.0,385.7
11420.0,31360.0,385.7
11440.0,31360.0,385.6
11460.0,31360.0,385.5
11480.0,31360.0,385.4
11500.0,31360.0,385.3
11520.0,31360.0,385.1
11540.0,31360.0,385.0
11560.0,31360.0,384.8
11580.0,31360.0,384.6
11600.0,31360.0,384.4
11620.0,31360.0,384.1
11640.0,31360.0,383.9
11660.0,31360.0,383.6
11680.0,31360.0,383.3
11700.0,31360.0,383.0
11720.0,31360.0,382.7
11740.0,31360.0,382.4
11760.0,31360.0,382.0
11780.0,31360.0,381.7
11800.0,31360.0,381.3
11820.0,31360.0,381.0
11840.0,31360.0,380.6
11860.0,31360.0,380.2
11880.0,31360.0,379.8
11900.0,31360.0,379.5
11920.0,31360.0,379.1
11940.0,31360.0,378.7
11960.0,31360.0,378.3
11980.0,31360.0,378.0
12000.0,31360.0,377.6
12020.0,31360.0,377.3
12040.0,31360.0,377.0
12060.0,31360.0,376.7
12080.0,31360.0,376.4
12100.0,31360.0,376.1
12120.0,31360.0,375.9
12140.0,31360.0,375.6
12160.0,31360.0,375.4
12180.0,31360.0,375.3
12200.0,31360.0,375.1
12220.0,31360.0,375.0
12240.0,31360.0,374.9
12260.0,31360.0,374.9
12280.0,31360.0,374.9
12300.0,31360.0,374.9
12320.0,31360.0,375.0
12340.0,31360.0,375.1
12360.0,31360.0,375.2
12380.0,31360.0,375.4
12400.0,31360.0,375.6
12420.0,31360.0,375.9
12440.0,31360.0,376.2
12460.0,31360.0,376.5
12480.0,31360.0,376.9
12500.0,31360.0,377.3
12520.0,31360.0,377.7
12540.0,31360.0,378.2
12560.0,31360.0,378.8
12580.0,31360.0,379.3
12600.0,31360.0,379.9
12620.0,31360.0,380.5
12640.0,31360.0,381.2
12660.0,31360.0,381.9
12680.0,31360.0,382.6
12700.0,31360.0,383.4
12720.0,31360.0,384.1
12740.0,31360.0,384.9
12760.0,31360.0,385.8
12780.0,31360.0,386.6
12800.0,31360.0,387.5
12820.0,31360.0,388.3
12840.0,31360.0,389.2
12860.0,31360.0,390.1
12880.0,31360.0,391.0
12900.0,31360.0,391.9
12920.0,31360.0,392.8
12940.0,31360.0,393.7
12960.0,31360.0,394.6
12980.0,31360.0,395.5
13000.0,31360.0,396.4
13020.0,31360.0,397.3
13040.0,31360.0,398.2
13060.0,31360.0,399.1
13080.0,31360.0,399.9
13100.0,31360.0,400.8
13120.0,31360.0,401.6
13140.0,31360.0,402.4
13160.0,31360.0,403.1
13180.0,31360.0,403.9
13200.0,31360.0,404.6
13220.0,31360.0,405.3
13240.0,31360.0,406.0
13260.0,31360.0,406.7
13280.0,31360.0,407.3
13300.0,31360.0,407.9
13320.0,31360.0,408.4
13340.0,31360.0,408.9
13360.0,31360.0,409.4
13380.0,31360.0,409.9
13400.0,31360.0,410.3
13420.0,31360.0,410.7
13440.0,31360.0,411.1
13460.0,31360.0,411.4
13480.0,31360.0,411.7
13500.0,31360.0,411.9
13520.0,31360.0,412.2
13540.0,31360.0,412.4
13560.0,31360.0,412.5
13580.0,31360.0,412.7
13600.0,31360.0,412.8
10800.0,31380.0,387.7
10820.0,31380.0,387.5
10840.0,31380.0,387.2
10860.0,31380.0,387.0
10880.0,31380.0,386.8
10900.0,31380.0,386.6
10920.0,31380.0,386.4
10940.0,31380.0,386.3
10960.0,31380.0,386.2
10980.0,31380.0,386.1
11000.0,31380.0,386.0
11020.0,31380.0,386.0
11040.0,31380.0,385.9
11060.0,31380.0,385.9
11080.0,31380.0,385.9
11100.0,31380.0,385.9
11120.0,31380.0,385.9
11140.0,31380.0,385.9
11160.0,31380.0,385.9
11180.0,31380.0,385.9
11200.0,31380.0,386.0
11220.0,31380.0,386.0
11240.0,31380.0,386.0
11260.0,31380.0,386.1
11280.0,31380.0,386.1
11300.0,31380.0,386.1
11320.0,31380.0,386.1
11340.0,31380.0,386.1
11360.0,31380.0,386.1
11380.0,31380.0,386.1
11400.0,31380.0,386.1
11420.0,31380.0,386.0
11440.0,31380.0,385.9
11460.0,31380.0,385.9
11480.0,31380.0,385.8
11500.0,31380.0,385.6
11520.0,31380.0,385.5
11540.0,31380.0,385.4
11560.0,31380.0,385.2
11580.0,31380.0,385.0
11600.0,31380.0,384.8
11620.0,31380.0,384.6
11640.0,31380.0,384.3
11660.0,31380.0,384.0
11680.0,31380.0,383.8
11700.0,31380.0,383.5
11720.0,31380.0,383.1
11740.0,31380.0,382.8
11760.0,31380.0,382.5
11780.0,31380.0,382.1
11800.0,31380.0,381.8
11820.0,31380.0,381.4
11840.0,31380.0,381.0
11860.0,31380.0,380.6
11880.0,31380.0,380.2
11900.0,31380.0,379.8
11920.0,31380.0,379.5
11940.0,31380.0,379.1
11960.0,31380.0,378.7
11980.0,31380.0,378.3
12000.0,31380.0,378.0
12020.0,31380.0,377.6
12040.0,31380.0,377.3
12060.0,31380.0,376.9
12080.0,31380.0,376.6
12100.0,31380.0,376.4
12120.0,31380.0,376.1
12140.0,31380.0,375.8
12160.0,31380.0,375.6
12180.0,31380.0,375.4
12200.0,31380.0,375.3
12220.0,31380.0,375.2
12240.0,31380.0,375.1
12260.0,31380.0,375.0
12280.0,31380.0,375.0
12300.0,31380.0,375.0
12320.0,31380.0,375.1
12340.0,31380.0,375.1
12360.0,31380.0,375.3
12380.0,31380.0,375.4
12400.0,31380.0,375.6
12420.0,31380.0,375.9
12440.0,31380.0,376.2
12460.0,31380.0,376.5
12480.0,31380.0,376.9
12500.0,31380.0,377.3
12520.0,31380.0,377.7
12540.0,31380.0,378.2
12560.0,31380.0,378.7
12580.0,31380.0,379.3
12600.0,31380.0,379.9
12620.0,31380.0,380.5
12640.0,31380.0,381.2
12660.0,31380.0,381.9
12680.0,31380.0,382.6
12700.0,31380.0,383.4
12720.0,31380.0,384.1
12740.0,31380.0,385.0
12760.0,31380.0,385.8
12780.0,31380.0,386.6
12800.0,31380.0,387.5
12820.0,31380.0,388.4
12840.0,31380.0,389.2
12860.0,31380.0,390.1
12880.0,31380.0,391.1
12900.0,31380.0,392.0
12920.0,31380.0,392.9
12940.0,31380.0,393.8
12960.0,31380.0,394.7
12980.0,31380.0,395.6
13000.0,31380.0,396.5
13020.0,31380.0,397.4
13040.0,31380.0,398.3
13060.0,31380.0,399.2
13080.0,31380.0,400.1
13100.0,31380.0,400.9
13120.0,31380.0,401.7
13140.0,31380.0,402.5
13160.0,31380.0,403.3
13180.0,31380.0,404.1
13200.0,31380.0,404.8
13220.0,31380.0,405.5
13240.0,31380.0,406.2
13260.0,31380.0,406.9
13280.0,31380.0,407.5
13300.0,31380.0,408.1
13320.0,31380.0,408.6
13340.0,31380.0,409.2
13360.0,31380.0,409.7
13380.0,31380.0,410.1
13400.0,31380.0,410.5
13420.0,31380.0,410.9
13440.0,31380.0,411.3
13460.0,31380.0,411.6
13480.0,31380.0,411.9
13500.0,31380.0,412.2
13520.0,31380.0,412.4
13540.0,31380.0,412.6
13560.0,31380.0,412.8
13580.0,31380.0,412.9
13600.0,31380.0,413.0
10800.0,31400.0,387.8
10820.0,31400.0,387.5
10840.0,31400.0,387.2
10860.0,31400.0,387.0
10880.0,31400.0,386.8
10900.0,31400.0,386.6
10920.0,31400.0,386.5
10940.0,31400.0,386.3
10960.0,31400.0,386.2
10980.0,31400.0,386.1
11000.0,31400.0,386.1
11020.0,31400.0,386.0
11040.0,31400.0,386.0
11060.0,31400.0,386.0
11080.0,31400.0,386.0
11100.0,31400.0,386.0
11120.0,31400.0,386.0
11140.0,31400.0,386.0
11160.0,31400.0,386.0
11180.0,31400.0,386.1
11200.0,31400.0,386.1
11220.0,31400.0,386.2
11240.0,31400.0,386.2
11260.0,31400.0,386.3
11280.0,31400.0,386.3
11300.0,31400.0,386.3
11320.0,31400.0,386.4
11340.0,31400.0,386.4
11360.0,31400.0,386.4
11380.0,31400.0,386.4
11400.0,31400.0,386.4
11420.0,31400.0,386.3
11440.0,31400.0,386.3
11460.0,31400.0,386.2
11480.0,31400.0,386.1
11500.0,31400.0,386.0
11520.0,31400.0,385.9
11540.0,31400.0,385.7
11560.0,31400.0,385.6
11580.0,31400.0,385.4
11600.0,31400.0,385.2
11620.0,31400.0,385.0
11640.0,31400.0,384.7
11660.0,31400.0,384.5
11680.0,31400.0,384.2
11700.0,31400.0,383.9
11720.0,31400.0,383.6
11740.0,31400.0,383.2
11760.0,31400.0,382.9
11780.0,31400.0,382.5
11800.0,31400.0,382.2
11820.0,31400.0,381.8
11840.0,31400.0,381.4
11860.0,31400.0,381.0
11880.0,31400.0,380.6
11900.0,31400.0,380.2
11920.0,31400.0,379.8
11940.0,31400.0,379.4
11960.0,31400.0,379.0
11980.0,31400.0,378.6
12000.0,31400.0,378.3
12020.0,31400.0,377.9
12040.0,31400.0,377.6
12060.0,31400.0,377.2
12080.0,31400.0,376.9
12100.0,31400.0,376.6
12120.0,31400.0,376.3
12140.0,31400.0,376.1
12160.0,31400.0,375.8
12180.0,31400.0,375.6
12200.0,31400.0,375.5
12220.0,31400.0,375.3
12240.0,31400.0,375.2
12260.0,31400.0,375.1
12280.0,31400.0,375.1
12300.0,31400.0,375.1
12320.0,31400.0,375.1
12340.0,31400.0,375.2
12360.0,31400.0,375.3
12380.0,31400.0,375.5
12400.0,31400.0,375.7
12420.0,31400.0,375.9
12440.0,31400.0,376.2
12460.0,31400.0,376.5
12480.0,31400.0,376.9
12500.0,31400.0,377.3
12520.0,31400.0,377.7
12540.0,31400.0,378.2
12560.0,31400.0,378.7
12580.0,31400.0,379.3
12600.0,31400.0,379.9
12620.0,31400.0,380.5
12640.0,31400.0,381.2
12660.0,31400.0,381.9
12680.0,31400.0,382.6
12700.0,31400.0,383.3
12720.0,31400.0,384.1
12740.0,31400.0,384.9
12760.0,31400.0,385.8
12780.0,31400.0,386.6
12800.0,31400.0,387.5
12820.0,31400.0,388.4
12840.0,31400.0,389.3
12860.0,31400.0,390.2
12880.0,31400.0,391.1
12900.0,31400.0,392.0
12920.0,31400.0,392.9
12940.0,31400.0,393.8
12960.0,31400.0,394.8
12980.0,31400.0,395.7
13000.0,31400.0,396.6
13020.0,31400.0,397.5
13040.0,31400.0,398.4
13060.0,31400.0,399.3
13080.0,31400.0,400.2
13100.0,31400.0,401.0
13120.0,31400.0,401.8
13140.0,31400.0,402.7
13160.0,31400.0,403.4
13180.0,31400.0,404.2
13200.0,31400.0,404.9
13220.0,31400.0,405.7
13240.0,31400.0,406.3
13260.0,31400.0,407.0
13280.0,31400.0,407.6
13300.0,31400.0,408.2
13320.0,31400.0,408.8
13340.0,31400.0,409.3
13360.0,31400.0,409.8
13380.0,31400.0,410.3
13400.0,31400.0,410.7
13420.0,31400.0,411.1
13440.0,31400.0,411.4
13460.0,31400.0,411.8
13480.0,31400.0,412.1
13500.0,31400.0,412.3
13520.0,31400.0,412.5
13540.0,31400.0,412.7
13560.0,31400.0,412.9
13580.0,31400.0,413.0
13600.0,31400.0,413.1
10800.0,31420.0,387.8
10820.0,31420.0,387.5
10840.0,31420.0,387.3
10860.0,31420.0,387.0
10880.0,31420.0,386.8
10900.0,31420.0,386.6
10920.0,31420.0,386.5
10940.0,31420.0,386.4
10960.0,31420.0,386.3
10980.0,31420.0,386.2
11000.0,31420.0,386.1
11020.0,31420.0,386.1
11040.0,31420.0,386.0
11060.0,31420.0,386.0
11080.0,31420.0,386.0
11100.0,31420.0,386.0
11120.0,31420.0,386.1
11140.0,31420.0,386.1
11160.0,31420.0,386.2
11180.0,31420.0,386.2
11200.0,31420.0,386.3
11220.0,31420.0,386.3
11240.0,31420.0,386.4
11260.0,31420.0,386.5
11280.0,31420.0,386.5
11300.0,31420.0,386.6
11320.0,31420.0,386.6
11340.0,31420.0,386.6
11360.0,31420.0,386.6
11380.0,31420.0,386.7
11400.0,31420.0,386.7
11420.0,31420.0,386.6
11440.0,31420.0,386.6
11460.0,31420.0,386.5
11480.0,31420.0,386.5
11500.0,31420.0,386.4
11520.0,31420.0,386.3
11540.0,31420.0,386.1
11560.0,31420.0,386.0
11580.0,31420.0,385.8
11600.0,31420.0,385.6
11620.0,31420.0,385.4
11640.0,31420.0,385.1
11660.0,31420.0,384.9
11680.0,31420.0,384.6
11700.0,31420.0,384.3
11720.0,31420.0,384.0
11740.0,31420.0,383.7
11760.0,31420.0,383.3
11780.0,31420.0,382.9
11800.0,31420.0,382.6
11820.0,31420.0,382.2
11840.0,31420.0,381.8
11860.0,31420.0,381.4
11880.0,31420.0,381.0
11900.0,31420.0,380.6
11920.0,31420.0,380.2
11940.0,31420.0,379.8
11960.0,31420.0,379.4
11980.0,31420.0,379.0
12000.0,31420.0,378.6
12020.0,31420.0,378.2
12040.0,31420.0,377.8
12060.0,31420.0,377.5
12080.0,31420.0,377.2
12100.0,31420.0,376.8
12120.0,31420.0,376.5
12140.0,31420.0,376.3
12160.0,31420.0,376.0
12180.0,31420.0,375.8
12200.0,31420.0,375.6
12220.0,31420.0,375.5
12240.0,31420.0,375.3
12260.0,31420.0,375.3
12280.0,31420.0,375.2
12300.0,31420.0,375.2
12320.0,31420.0,375.2
12340.0,31420.0,375.3
12360.0,31420.0,375.4
12380.0,31420.0,375.5
12400.0,31420.0,375.7
12420.0,31420.0,375.9
12440.0,31420.0,376.2
12460.0,31420.0,376.5
12480.0,31420.0,376.9
12500.0,31420.0,377.3
12520.0,31420.0,377.7
12540.0,31420.0,378.2
12560.0,31420.0,378.7
12580.0,31420.0,379.2
12600.0,31420.0,379.8
12620.0,31420.0,380.5
12640.0,31420.0,381.1
12660.0,31420.0,381.8
12680.0,31420.0,382.5
12700.0,31420.0,383.3
12720.0,31420.0,384.1
12740.0,31420.0,384.9
12760.0,31420.0,385.7
12780.0,31420.0,386.6
12800.0,31420.0,387.4
12820.0,31420.0,388.3
12840.0,31420.0,389.2
12860.0,31420.0,390.1
12880.0,31420.0,391.0
12900.0,31420.0,392.0
12920.0,31420.0,392.9
12940.0,31420.0,393.8
12960.0,31420.0,394.8
12980.0,31420.0,395.7
13000.0,31420.0,396.6
13020.0,31420.0,397.5
13040.0,31420.0,398.4
13060.0,31420.0,399.3
13080.0,31420.0,400.2
13100.0,31420.0,401.0
13120.0,31420.0,401.9
13140.0,31420.0,402.7
13160.0,31420.0,403.5
13180.0,31420.0,404.2
13200.0,31420.0,405.0
13220.0,31420.0,405.7
13240.0,31420.0,406.4
13260.0,31420.0,407.0
13280.0,31420.0,407.7
13300.0,31420.0,408.3
13320.0,31420.0,408.8
13340.0,31420.0,409.4
13360.0,31420.0,409.9
13380.0,31420.0,410.3
13400.0,31420.0,410.7
13420.0,31420.0,411.1
13440.0,31420.0,411.5
13460.0,31420.0,411.8
13480.0,31420.0,412.1
13500.0,31420.0,412.4
13520.0,31420.0,412.6
13540.0,31420.0,412.8
13560.0,31420.0,413.0
13580.0,31420.0,413.1
13600.0,31420.0,413.2
10800.0,31440.0,387.8
10820.0,31440.0,387.5
10840.0,31440.0,387.3
10860.0,31440.0,387.0
10880.0,31440.0,386.8
10900.0,31440.0,386.7
10920.0,31440.0,386.5
10940.0,31440.0,386.4
10960.0,31440.0,386.3
10980.0,31440.0,386.2
11000.0,31440.0,386.1
11020.0,31440.0,386.1
11040.0,31440.0,386.1
11060.0,31440.0,386.1
11080.0,31440.0,386.1
11100.0,31440.0,386.1
11120.0,31440.0,386.2
11140.0,31440.0,386.2
11160.0,31440.0,386.3
11180.0,31440.0,386.3
11200.0,31440.0,386.4
11220.0,31440.0,386.5
11240.0,31440.0,386.6
11260.0,31440.0,386.6
11280.0,31440.0,386.7
11300.0,31440.0,386.8
11320.0,31440.0,386.8
11340.0,31440.0,386.9
11360.0,31440.0,386.9
11380.0,31440.0,386.9
11400.0,31440.0,386.9
11420.0,31440.0,386.9
11440.0,31440.0,386.9
11460.0,31440.0,386.8
11480.0,31440.0,386.8
11500.0,31440.0,386.7
11520.0,31440.0,386.6
11540.0,31440.0,386.5
11560.0,31440.0,386.3
11580.0,31440.0,386.2
11600.0,31440.0,386.0
11620.0,31440.0,385.8
11640.0,31440.0,385.5
11660.0,31440.0,385.3
11680.0,31440.0,385.0
11700.0,31440.0,384.7
11720.0,31440.0,384.4
11740.0,31440.0,384.1
11760.0,31440.0,383.7
11780.0,31440.0,383.3
11800.0,31440.0,383.0
11820.0,31440.0,382.6
11840.0,31440.0,382.2
11860.0,31440.0,381.8
11880.0,31440.0,381.4
11900.0,31440.0,381.0
11920.0,31440.0,380.5
11940.0,31440.0,380.1
11960.0,31440.0,379.7
11980.0,31440.0,379.3
12000.0,31440.0,378.9
12020.0,31440.0,378.5
12040.0,31440.0,378.1
12060.0,31440.0,377.8
12080.0,31440.0,377.4
12100.0,31440.0,377.1
12120.0,31440.0,376.8
12140.0,31440.0,376.5
12160.0,31440.0,376.2
12180.0,31440.0,376.0
12200.0,31440.0,375.8
12220.0,31440.0,375.6
12240.0,31440.0,375.5
12260.0,31440.0,375.4
12280.0,31440.0,375.3
12300.0,31440.0,375.3
12320.0,31440.0,375.3
12340.0,31440.0,375.3
12360.0,31440.0,375.4
12380.0,31440.0,375.6
12400.0,31440.0,375.7
12420.0,31440.0,375.9
12440.0,31440.0,376.2
12460.0,31440.0,376.5
12480.0,31440.0,376.8
12500.0,31440.0,377.2
12520.0,31440.0,377.7
12540.0,31440.0,378.1
12560.0,31440.0,378.6
12580.0,31440.0,379.2
12600.0,31440.0,379.8
12620.0,31440.0,380.4
12640.0,31440.0,381.0
12660.0,31440.0,381.7
12680.0,31440.0,382.4
12700.0,31440.0,383.2
12720.0,31440.0,384.0
12740.0,31440.0,384.8
12760.0,31440.0,385.6
12780.0,31440.0,386.5
12800.0,31440.0,387.3
12820.0,31440.0,388.2
12840.0,31440.0,389.1
12860.0,31440.0,390.0
12880.0,31440.0,390.9
12900.0,31440.0,391.9
12920.0,31440.0,392.8
12940.0,31440.0,393.7
12960.0,31440.0,394.7
12980.0,31440.0,395.6
13000.0,31440.0,396.5
13020.0,31440.0,397.4
13040.0,31440.0,398.3
13060.0,31440.0,399.2
13080.0,31440.0,400.1
13100.0,31440.0,401.0
13120.0,31440.0,401.8
13140.0,31440.0,402.6
13160.0,31440.0,403.4
13180.0,31440.0,404.2
13200.0,31440.0,404.9
13220.0,31440.0,405.7
13240.0,31440.0,406.3
13260.0,31440.0,407.0
13280.0,31440.0,407.6
13300.0,31440.0,408.2
13320.0,31440.0,408.8
13340.0,31440.0,409.3
13360.0,31440.0,409.8
13380.0,31440.0,410.3
13400.0,31440.0,410.7
13420.0,31440.0,411.1
13440.0,31440.0,411.5
13460.0,31440.0,411.8
13480.0,31440.0,412.1
13500.0,31440.0,412.4
13520.0,31440.0,412.6
13540.0,31440.0,412.8
13560.0,31440.0,412.9
13580.0,31440.0,413.1
13600.0,31440.0,413.2
10800.0,31460.0,387.9
10820.0,31460.0,387.6
10840.0,31460.0,387.3
10860.0,31460.0,387.1
10880.0,31460.0,386.8
10900.0,31460.0,386.7
10920.0,31460.0,386.5
10940.0,31460.0,386.4
10960.0,31460.0,386.3
10980.0,31460.0,386.2
11000.0,31460.0,386.2
11020.0,31460.0,386.1
11040.0,31460.0,386.1
11060.0,31460.0,386.1
11080.0,31460.0,386.1
11100.0,31460.0,386.2
11120.0,31460.0,386.2
11140.0,31460.0,386.3
11160.0,31460.0,386.4
11180.0,31460.0,386.4
11200.0,31460.0,386.5
11220.0,31460.0,386.6
11240.0,31460.0,386.7
11260.0,31460.0,386.8
11280.0,31460.0,386.9
11300.0,31460.0,386.9
11320.0,31460.0,387.0
11340.0,31460.0,387.1
11360.0,31460.0,387.1
11380.0,31460.0,387.1
11400.0,31460.0,387.2
11420.0,31460.0,387.2
11440.0,31460.0,387.2
11460.0,31460.0,387.1
11480.0,31460.0,387.1
11500.0,31460.0,387.0
11520.0,31460.0,386.9
11540.0,31460.0,386.8
11560.0,31460.0,386.7
11580.0,31460.0,386.5
11600.0,31460.0,386.3
11620.0,31460.0,386.1
11640.0,31460.0,385.9
11660.0,31460.0,385.6
11680.0,31460.0,385.4
11700.0,31460.0,385.1
11720.0,31460.0,384.8
11740.0,31460.0,384.4
11760.0,31460.0,384.1
11780.0,31460.0,383.7
11800.0,31460.0,383.3
11820.0,31460.0,383.0
11840.0,31460.0,382.6
11860.0,31460.0,382.2
11880.0,31460.0,381.7
11900.0,31460.0,381.3
11920.0,31460.0,380.9
11940.0,31460.0,380.5
11960.0,31460.0,380.0
11980.0,31460.0,379.6
12000.0,31460.0,379.2
12020.0,31460.0,378.8
12040.0,31460.0,378.4
12060.0,31460.0,378.0
12080.0,31460.0,377.7
12100.0,31460.0,377.3
12120.0,31460.0,377.0
12140.0,31460.0,376.7
12160.0,31460.0,376.4
12180.0,31460.0,376.2
12200.0,31460.0,376.0
12220.0,31460.0,375.8
12240.0,31460.0,375.6
12260.0,31460.0,375.5
12280.0,31460.0,375.4
12300.0,31460.0,375.4
12320.0,31460.0,375.4
12340.0,31460.0,375.4
12360.0,31460.0,375.5
12380.0,31460.0,375.6
12400.0,31460.0,375.8
12420.0,31460.0,376.0
12440.0,31460.0,376.2
12460.0,31460.0,376.5
12480.0,31460.0,376.8
12500.0,31460.0,377.2
12520.0,31460.0,377.6
12540.0,31460.0,378.1
12560.0,31460.0,378.6
12580.0,31460.0,379.1
12600.0,31460.0,379.7
12620.0,31460.0,380.3
12640.0,31460.0,380.9
12660.0,31460.0,381.6
12680.0,31460.0,382.3
12700.0,31460.0,383.1
12720.0,31460.0,383.8
12740.0,31460.0,384.7
12760.0,31460.0,385.5
12780.0,31460.0,386.3
12800.0,31460.0,387.2
12820.0,31460.0,388.1
12840.0,31460.0,389.0
12860.0,31460.0,389.9
12880.0,31460.0,390.8
12900.0,31460.0,391.7
12920.0,31460.0,392.7
12940.0,31460.0,393.6
12960.0,31460.0,394.5
12980.0,31460.0,395.5
13000.0,31460.0,396.4
13020.0,31460.0,397.3
13040.0,31460.0,398.2
13060.0,31460.0,399.1
13080.0,31460.0,400.0
13100.0,31460.0,400.8
13120.0,31460.0,401.7
13140.0,31460.0,402.5
13160.0,31460.0,403.3
13180.0,31460.0,404.1
13200.0,31460.0,404.8
13220.0,31460.0,405.5
13240.0,31460.0,406.2
13260.0,31460.0,406.9
13280.0,31460.0,407.5
13300.0,31460.0,408.1
13320.0,31460.0,408.7
13340.0,31460.0,409.2
13360.0,31460.0,409.7
13380.0,31460.0,410.2
13400.0,31460.0,410.6
13420.0,31460.0,411.0
13440.0,31460.0,411.3
13460.0,31460.0,411.7
13480.0,31460.0,412.0
13500.0,31460.0,412.2
13520.0,31460.0,412.5
13540.0,31460.0,412.7
13560.0,31460.0,412.8
13580.0,31460.0,413.0
13600.0,31460.0,413.1
10800.0,31480.0,387.9
10820.0,31480.0,387.6
10840.0,31480.0,387.3
10860.0,31480.0,387.1
10880.0,31480.0,386.9
10900.0,31480.0,386.7
10920.0,31480.0,386.5
10940.0,31480.0,386.4
10960.0,31480.0,386.3
10980.0,31480.0,386.2
11000.0,31480.0,386.2
11020.0,31480.0,386.1
11040.0,31480.0,386.1
11060.0,31480.0,386.1
11080.0,31480.0,386.2
11100.0,31480.0,386.2
11120.0,31480.0,386.3
11140.0,31480.0,386.3
11160.0,31480.0,386.4
11180.0,31480.0,386.5
11200.0,31480.0,386.6
11220.0,31480.0,386.7
11240.0,31480.0,386.8
11260.0,31480.0,386.9
11280.0,31480.0,387.0
11300.0,31480.0,387.1
11320.0,31480.0,387.2
11340.0,31480.0,387.2
11360.0,31480.0,387.3
11380.0,31480.0,387.3
11400.0,31480.0,387.4
11420.0,31480.0,387.4
11440.0,31480.0,387.4
11460.0,31480.0,387.4
11480.0,31480.0,387.3
11500.0,31480.0,387.3
11520.0,31480.0,387.2
11540.0,31480.0,387.1
11560.0,31480.0,387.0
11580.0,31480.0,386.8
11600.0,31480.0,386.6
11620.0,31480.0,386.4
11640.0,31480.0,386.2
11660.0,31480.0,386.0
11680.0,31480.0,385.7
11700.0,31480.0,385.4
11720.0,31480.0,385.1
11740.0,31480.0,384.8
11760.0,31480.0,384.5
11780.0,31480.0,384.1
11800.0,31480.0,383.7
11820.0,31480.0,383.3
11840.0,31480.0,382.9
11860.0,31480.0,382.5
11880.0,31480.0,382.1
11900.0,31480.0,381.7
11920.0,31480.0,381.2
11940.0,31480.0,380.8
11960.0,31480.0,380.4
11980.0,31480.0,379.9
12000.0,31480.0,379.5
12020.0,31480.0,379.1
12040.0,31480.0,378.7
12060.0,31480.0,378.3
12080.0,31480.0,377.9
12100.0,31480.0,377.6
12120.0,31480.0,377.2
12140.0,31480.0,376.9
12160.0,31480.0,376.6
12180.0,31480.0,376.4
12200.0,31480.0,376.1
12220.0,31480.0,375.9
12240.0,31480.0,375.8
12260.0,31480.0,375.6
12280.0,31480.0,375.5
12300.0,31480.0,375.5
12320.0,31480.0,375.5
12340.0,31480.0,375.5
12360.0,31480.0,375.5
12380.0,31480.0,375.6
12400.0,31480.0,375.8
12420.0,31480.0,376.0
12440.0,31480.0,376.2
12460.0,31480.0,376.5
12480.0,31480.0,376.8
12500.0,31480.0,377.1
12520.0,31480.0,377.5
12540.0,31480.0,378.0
12560.0,31480.0,378.5
12580.0,31480.0,379.0
12600.0,31480.0,379.6
12620.0,31480.0,380.2
12640.0,31480.0,380.8
12660.0,31480.0,381.5
12680.0,31480.0,382.2
12700.0,31480.0,382.9
12720.0,31480.0,383.7
12740.0,31480.0,384.5
12760.0,31480.0,385.3
12780.0,31480.0,386.2
12800.0,31480.0,387.0
12820.0,31480.0,387.9
12840.0,31480.0,388.8
12860.0,31480.0,389.7
12880.0,31480.0,390.6
12900.0,31480.0,391.5
12920.0,31480.0,392.5
12940.0,31480.0,393.4
12960.0,31480.0,394.3
12980.0,31480.0,395.3
13000.0,31480.0,396.2
13020.0,31480.0,397.1
13040.0,31480.0,398.0
13060.0,31480.0,398.9
13080.0,31480.0,399.8
13100.0,31480.0,400.6
13120.0,31480.0,401.5
13140.0,31480.0,402.3
13160.0,31480.0,403.1
13180.0,31480.0,403.9
13200.0,31480.0,404.6
13220.0,31480.0,405.3
13240.0,31480.0,406.0
13260.0,31480.0,406.7
13280.0,31480.0,407.3
13300.0,31480.0,407.9
13320.0,31480.0,408.5
13340.0,31480.0,409.0
13360.0,31480.0,409.5
13380.0,31480.0,410.0
13400.0,31480.0,410.4
13420.0,31480.0,410.8
13440.0,31480.0,411.1
13460.0,31480.0,411.5
13480.0,31480.0,411.8
13500.0,31480.0,412.0
13520.0,31480.0,412.3
13540.0,31480.0,412.5
13560.0,31480.0,412.6
13580.0,31480.0,412.8
13600.0,31480.0,412.9
10800.0,31500.0,387.9
10820.0,31500.0,387.6
10840.0,31500.0,387.3
10860.0,31500.0,387.1
10880.0,31500.0,386.9
10900.0,31500.0,386.7
10920.0,31500.0,386.5
10940.0,31500.0,386.4
10960.0,31500.0,386.3
10980.0,31500.0,386.2
11000.0,31500.0,386.2
11020.0,31500.0,386.1
11040.0,31500.0,386.1
11060.0,31500.0,386.1
11080.0,31500.0,386.2
11100.0,31500.0,386.2
11120.0,31500.0,386.3
11140.0,31500.0,386.4
11160.0,31500.0,386.5
11180.0,31500.0,386.6
11200.0,31500.0,386.7
11220.0,31500.0,386.8
11240.0,31500.0,386.9
11260.0,31500.0,387.0
11280.0,31500.0,387.1
11300.0,31500.0,387.2
11320.0,31500.0,387.3
11340.0,31500.0,387.4
11360.0,31500.0,387.5
11380.0,31500.0,387.5
11400.0,31500.0,387.6
11420.0,31500.0,387.6
11440.0,31500.0,387.6
11460.0,31500.0,387.6
11480.0,31500.0,387.6
11500.0,31500.0,387.5
11520.0,31500.0,387.5
11540.0,31500.0,387.4
11560.0,31500.0,387.3
11580.0,31500.0,387.1
11600.0,31500.0,386.9
11620.0,31500.0,386.8
11640.0,31500.0,386.5
11660.0,31500.0,386.3
11680.0,31500.0,386.1
11700.0,31500.0,385.8
11720.0,31500.0,385.5
11740.0,31500.0,385.1
11760.0,31500.0,384.8
11780.0,31500.0,384.4
11800.0,31500.0,384.1
11820.0,31500.0,383.7
11840.0,31500.0,383.3
11860.0,31500.0,382.9
11880.0,31500.0,382.4
11900.0,31500.0,382.0
11920.0,31500.0,381.6
11940.0,31500.0,381.1
11960.0,31500.0,380.7
11980.0,31500.0,380.2
12000.0,31500.0,379.8
12020.0,31500.0,379.4
12040.0,31500.0,379.0
12060.0,31500.0,378.6
12080.0,31500.0,378.2
12100.0,31500.0,377.8
12120.0,31500.0,377.5
12140.0,31500.0,377.1
12160.0,31500.0,376.8
12180.0,31500.0,376.6
12200.0,31500.0,376.3
12220.0,31500.0,376.1
12240.0,31500.0,375.9
12260.0,31500.0,375.8
12280.0,31500.0,375.6
12300.0,31500.0,375.6
12320.0,31500.0,375.5
12340.0,31500.0,375.5
12360.0,31500.0,375.6
12380.0,31500.0,375.7
12400.0,31500.0,375.8
12420.0,31500.0,376.0
12440.0,31500.0,376.2
12460.0,31500.0,376.4
12480.0,31500.0,376.7
12500.0,31500.0,377.1
12520.0,31500.0,377.5
12540.0,31500.0,377.9
12560.0,31500.0,378.4
12580.0,31500.0,378.9
12600.0,31500.0,379.4
12620.0,31500.0,380.0
12640.0,31500.0,380.7
12660.0,31500.0,381.3
12680.0,31500.0,382.0
12700.0,31500.0,382.8
12720.0,31500.0,383.5
12740.0,31500.0,384.3
12760.0,31500.0,385.1
12780.0,31500.0,385.9
12800.0,31500.0,386.8
12820.0,31500.0,387.7
12840.0,31500.0,388.6
12860.0,31500.0,389.5
12880.0,31500.0,390.4
12900.0,31500.0,391.3
12920.0,31500.0,392.2
12940.0,31500.0,393.2
12960.0,31500.0,394.1
12980.0,31500.0,395.0
13000.0,31500.0,395.9
13020.0,31500.0,396.8
13040.0,31500.0,397.7
13060.0,31500.0,398.6
13080.0,31500.0,399.5
13100.0,31500.0,400.4
13120.0,31500.0,401.2
13140.0,31500.0,402.0
13160.0,31500.0,402.8
13180.0,31500.0,403.6
13200.0,31500.0,404.3
13220.0,31500.0,405.0
13240.0,31500.0,405.7
13260.0,31500.0,406.4
13280.0,31500.0,407.0
13300.0,31500.0,407.6
13320.0,31500.0,408.2
13340.0,31500.0,408.7
13360.0,31500.0,409.2
13380.0,31500.0,409.7
13400.0,31500.0,410.1
13420.0,31500.0,410.5
13440.0,31500.0,410.8
13460.0,31500.0,411.2
13480.0,31500.0,411.5
13500.0,31500.0,411.7
13520.0,31500.0,412.0
13540.0,31500.0,412.2
13560.0,31500.0,412.3
13580.0,31500.0,412.5
13600.0,31500.0,412.6
