HOLE_ID,DEPTH,DIP,AZIMUTH
UD0001,0.0,55.09,260.38
UD0001,30.0,54.86,259.88
UD0001,60.0,54.48,260.34
UD0001,90.0,53.65,260.79
UD0001,120.0,52.72,260.23
UD0001,150.0,52.45,260.54
UD0001,180.0,52.24,261.33
UD0001,210.0,51.99,262.01
UD0001,240.0,51.77,262.44
UD0001,270.0,51.11,261.3
UD0001,300.0,50.78,262.24
UD0001,330.0,50.38,262.66
UD0001,360.0,50.15,263.39
UD0001,390.0,49.82,263.39
UD0001,395.04,49.33,263.42
UD0002,0.0,56.99,259.68
UD0002,30.0,56.15,259.71
UD0002,60.0,55.49,259.25
UD0002,90.0,55.3,259.74
UD0002,120.0,54.98,260.27
UD0002,150.0,54.72,259.71
UD0002,180.0,54.01,260.8
UD0002,210.0,53.19,260.81
UD0002,240.0,53.05,260.75
UD0002,270.0,52.35,261.08
UD0002,300.0,52.38,261.49
UD0002,330.0,52.41,261.99
UD0002,360.0,52.37,262.4
UD0002,390.0,52.09,263.52
UD0002,420.0,51.96,263.21
UD0002,434.32,51.1,263.23
UD0003,0.0,58.26,260.51
UD0003,30.0,57.89,260.74
UD0003,60.0,57.34,260.14
UD0003,90.0,56.66,260.57
UD0003,120.0,56.03,260.69
UD0003,150.0,55.36,260.78
UD0003,180.0,55.09,260.33
UD0003,210.0,54.98,260.92
UD0003,240.0,54.23,260.19
UD0003,270.0,53.78,260.47
UD0003,300.0,52.91,261.42
UD0003,330.0,52.23,262.44
UD0003,360.0,51.78,262.17
UD0003,390.0,51.61,262.46
UD0003,420.0,51.24,263.04
UD0003,450.0,50.57,263.83
UD0003,480.0,50.79,265.01
UD0003,510.0,50.62,264.41
UD0003,540.0,50.44,265.0
UD0003,570.0,50.2,265.14
UD0003,600.0,49.39,265.7
UD0003,605.0,48.96,265.05
UD0004,0.0,67.06,260.54
UD0004,30.0,66.67,261.91
UD0004,60.0,65.92,261.97
UD0004,90.0,65.69,262.45
UD0004,120.0,65.98,262.65
UD0004,150.0,65.75,263.54
UD0004,180.0,65.43,263.99
UD0004,210.0,65.36,263.52
UD0004,240.0,64.79,264.27
UD0004,270.0,64.61,265.35
UD0004,300.0,64.7,265.6
UD0004,330.0,64.59,266.28
UD0004,360.0,64.88,264.85
UD0004,390.0,64.56,265.89
UD0004,420.0,63.89,266.1
UD0004,450.0,63.77,266.88
UD0004,455.12,63.3,267.23
UD0005,0.0,52.68,259.12
UD0005,30.0,52.43,258.68
UD0005,60.0,52.08,257.82
UD0005,90.0,51.83,257.89
UD0005,120.0,51.43,257.61
UD0005,150.0,51.09,257.72
UD0005,180.0,50.57,258.62
UD0005,210.0,49.98,259.06
UD0005,240.0,49.85,260.02
UD0005,270.0,49.71,259.48
UD0005,300.0,49.08,259.59
UD0005,310.39,49.23,259.74
UD0006,0.0,66.53,259.65
UD0006,30.0,66.1,260.2
UD0006,60.0,66.01,260.85
UD0006,90.0,65.82,261.22
UD0006,120.0,65.38,262.76
UD0006,150.0,65.28,262.12
UD0006,180.0,65.01,261.97
UD0006,210.0,65.1,261.61
UD0006,240.0,64.74,262.33
UD0006,270.0,64.38,263.52
UD0006,300.0,63.75,265.18
UD0006,330.0,63.72,265.98
UD0006,360.0,62.9,266.58
UD0006,390.0,62.85,266.94
UD0006,420.0,62.56,267.87
UD0006,450.0,61.62,268.09
UD0006,480.0,61.42,267.98
UD0006,509.31,60.59,268.23
UD0007,0.0,50.42,259.48
UD0007,30.0,49.92,260.64
UD0007,60.0,49.4,261.69
UD0007,90.0,49.03,261.45
UD0007,120.0,48.92,261.49
UD0007,150.0,48.46,261.15
UD0007,180.0,48.37,261.18
UD0007,210.0,47.99,261.09
UD0007,240.0,47.72,262.73
UD0007,270.0,47.73,263.11
UD0007,300.0,47.76,263.22
UD0007,330.0,46.39,263.77
UD0007,360.0,46.03,264.51
UD0007,390.0,45.72,263.26
UD0007,398.42,45.93,262.9
UD0008,0.0,61.12,258.59
UD0008,30.0,60.53,258.26
UD0008,60.0,60.58,258.74
UD0008,90.0,60.38,259.74
UD0008,120.0,60.45,259.86
UD0008,150.0,60.16,261.04
UD0008,169.21,60.01,260.5
UD0009,0.0,53.31,260.32
UD0009,30.0,52.9,261.68
UD0009,60.0,52.57,261.82
UD0009,90.0,52.44,261.25
UD0009,120.0,51.32,260.64
UD0009,150.0,51.12,259.61
UD0009,180.0,50.73,258.84
UD0009,210.0,50.62,259.57
UD0009,240.0,50.49,259.81
UD0009,270.0,49.44,259.59
UD0009,300.0,49.09,260.05
UD0009,330.0,48.32,260.04
UD0009,360.0,48.3,259.83
UD0009,390.0,48.26,261.06
UD0009,420.0,48.43,261.44
UD0009,450.0,48.2,261.34
UD0009,480.0,47.58,262.14
UD0009,510.0,47.32,262.28
UD0009,512.72,47.57,261.78
UD0010,0.0,67.32,261.28
UD0010,30.0,67.38,262.9
UD0010,60.0,67.34,262.5
UD0010,90.0,67.4,262.91
UD0010,120.0,67.25,263.58
UD0010,150.0,66.18,263.4
UD0010,180.0,65.85,263.22
UD0010,210.0,65.15,262.95
UD0010,240.0,65.24,262.71
UD0010,270.0,64.54,262.1
UD0010,300.0,64.0,262.53
UD0010,330.0,63.08,262.38
UD0010,360.0,63.25,262.37
UD0010,390.0,63.25,262.44
UD0010,419.35,62.72,261.87
UD0011,0.0,59.21,260.3
UD0011,30.0,58.77,259.76
UD0011,60.0,58.4,259.66
UD0011,90.0,58.04,260.32
UD0011,120.0,57.11,262.17
UD0011,150.0,56.4,263.41
UD0011,180.0,56.5,263.78
UD0011,210.0,56.23,264.74
UD0011,240.0,55.89,264.78
UD0011,270.0,55.6,264.7
UD0011,300.0,55.1,265.71
UD0011,330.0,54.79,264.61
UD0011,360.0,54.35,264.54
UD0011,390.0,53.97,264.81
UD0011,420.0,53.71,265.17
UD0011,450.0,53.6,263.95
UD0011,480.0,53.44,264.5
UD0011,510.0,52.95,264.47
UD0011,540.0,52.3,264.11
UD0011,570.0,52.38,264.53
UD0011,582.16,51.99,264.48
UD0012,0.0,50.64,260.12
UD0012,30.0,50.17,259.84
UD0012,60.0,49.69,260.14
UD0012,90.0,49.37,261.54
UD0012,120.0,49.15,261.48
UD0012,150.0,48.61,261.87
UD0012,180.0,48.01,261.05
UD0012,210.0,48.01,261.32
UD0012,240.0,47.62,260.61
UD0012,270.0,47.55,260.3
UD0012,300.0,47.35,259.98
UD0012,327.66,46.91,260.0
UD0013,0.0,55.95,260.12
UD0013,30.0,55.47,260.77
UD0013,60.0,55.43,261.01
UD0013,90.0,55.45,261.35
UD0013,120.0,55.22,262.52
UD0013,150.0,55.13,263.24
UD0013,180.0,54.43,263.53
UD0013,210.0,53.97,264.59
UD0013,240.0,53.51,264.88
UD0013,270.0,53.48,264.53
UD0013,300.0,52.94,265.47
UD0013,330.0,52.93,265.54
UD0013,360.0,53.09,264.91
UD0013,390.0,52.93,265.85
UD0013,420.0,52.73,265.9
UD0013,450.0,52.11,265.16
UD0013,480.0,52.36,266.04
UD0013,510.0,51.72,266.54
UD0013,540.0,51.25,266.38
UD0013,570.0,50.89,266.94
UD0013,600.0,50.85,267.73
UD0013,630.0,50.41,268.48
UD0013,652.49,50.29,268.53
UD0014,0.0,55.87,260.04
UD0014,30.0,55.85,260.4
UD0014,60.0,55.88,260.69
UD0014,90.0,55.59,261.02
UD0014,120.0,55.76,260.89
UD0014,150.0,54.94,260.67
UD0014,180.0,54.78,259.62
UD0014,210.0,54.51,260.99
UD0014,240.0,54.13,262.88
UD0014,270.0,53.61,263.95
UD0014,300.0,52.92,264.17
UD0014,330.0,52.62,263.17
UD0014,360.0,52.51,263.35
UD0014,390.0,51.81,264.34
UD0014,420.0,50.92,263.49
UD0014,450.0,50.66,262.59
UD0014,477.55,50.54,262.11
UD0015,0.0,52.54,261.13
UD0015,30.0,51.95,261.45
UD0015,60.0,51.48,261.45
UD0015,90.0,51.03,262.21
UD0015,120.0,51.41,263.01
UD0015,150.0,50.66,262.08
UD0015,180.0,50.39,261.92
UD0015,210.0,50.16,260.66
UD0015,240.0,49.38,261.3
UD0015,270.0,49.24,262.26
UD0015,300.0,48.84,262.68
UD0015,330.0,48.39,263.05
UD0015,360.0,48.28,263.97
UD0015,390.0,48.35,265.03
UD0015,420.0,48.05,264.35
UD0015,435.79,47.13,264.73
UD0016,0.0,58.44,260.89
UD0016,30.0,57.82,261.73
UD0016,60.0,57.44,261.92
UD0016,90.0,57.15,262.08
UD0016,120.0,57.28,262.52
UD0016,150.0,57.02,262.71
UD0016,180.0,56.18,262.73
UD0016,210.0,55.85,261.79
UD0016,240.0,55.55,262.18
UD0016,270.0,55.01,261.91
UD0016,300.0,54.72,262.29
UD0016,330.0,54.29,262.11
UD0016,360.0,54.26,262.43
UD0016,390.0,53.77,262.82
UD0016,420.0,53.57,262.47
UD0016,450.0,53.23,263.39
UD0016,480.0,52.99,263.0
UD0016,510.0,52.93,264.39
UD0016,540.0,52.13,264.28
UD0016,570.0,52.17,264.39
UD0016,589.58,52.5,264.43
UD0017,0.0,69.38,259.36
UD0017,30.0,69.27,258.81
UD0017,60.0,68.89,259.36
UD0017,90.0,68.77,259.71
UD0017,120.0,68.44,260.15
UD0017,150.0,68.06,261.26
UD0017,159.48,68.32,260.53
UD0018,0.0,65.38,258.72
UD0018,30.0,65.1,259.71
UD0018,60.0,64.86,260.36
UD0018,90.0,64.05,262.02
UD0018,120.0,63.73,262.22
UD0018,150.0,63.26,263.42
UD0018,180.0,63.36,264.2
UD0018,210.0,63.02,264.23
UD0018,240.0,63.29,264.46
UD0018,270.0,62.65,263.66
UD0018,275.18,62.45,263.66
UD0019,0.0,54.16,260.99
UD0019,30.0,54.1,261.02
UD0019,60.0,53.62,262.18
UD0019,90.0,53.58,262.61
UD0019,120.0,52.91,262.18
UD0019,150.0,52.73,263.13
UD0019,180.0,52.37,263.93
UD0019,210.0,51.69,264.05
UD0019,240.0,51.88,264.19
UD0019,270.0,51.49,264.18
UD0019,300.0,51.31,264.44
UD0019,330.0,51.22,264.94
UD0019,360.0,50.83,265.35
UD0019,390.0,50.9,265.79
UD0019,420.0,50.76,266.23
UD0019,450.0,50.57,266.86
UD0019,480.0,50.37,265.97
UD0019,510.0,49.73,266.56
UD0019,540.0,49.16,267.5
UD0019,543.08,49.42,267.39
UD0020,0.0,64.75,259.59
UD0020,30.0,64.06,259.13
UD0020,60.0,63.67,258.87
UD0020,90.0,63.36,258.68
UD0020,120.0,62.59,259.85
UD0020,150.0,61.81,260.22
UD0020,180.0,61.12,261.27
UD0020,210.0,60.54,260.42
UD0020,240.0,60.39,260.38
UD0020,250.85,60.59,259.57
UD0021,0.0,61.94,260.87
UD0021,30.0,61.61,262.08
UD0021,60.0,61.34,262.93
UD0021,90.0,61.15,262.65
UD0021,120.0,60.69,263.81
UD0021,150.0,60.87,264.66
UD0021,180.0,60.26,264.42
UD0021,210.0,59.8,264.22
UD0021,240.0,59.27,264.41
UD0021,270.0,58.86,264.68
UD0021,298.38,58.46,264.15
UD0022,0.0,67.19,260.32
UD0022,30.0,66.6,260.25
UD0022,60.0,66.6,259.62
UD0022,90.0,65.98,260.36
UD0022,120.0,65.78,260.79
UD0022,150.0,65.42,261.38
UD0022,180.0,65.29,261.02
UD0022,210.0,64.39,261.22
UD0022,240.0,63.99,262.49
UD0022,270.0,64.05,262.21
UD0022,300.0,63.48,262.95
UD0022,330.0,63.28,264.35
UD0022,360.0,63.2,265.07
UD0022,390.0,62.99,265.34
UD0022,399.08,62.87,265.43
UD0023,0.0,61.73,259.82
UD0023,30.0,61.37,260.69
UD0023,60.0,60.94,260.71
UD0023,90.0,60.17,261.1
UD0023,120.0,59.83,261.24
UD0023,150.0,59.46,262.81
UD0023,180.0,59.24,262.77
UD0023,210.0,59.09,262.35
UD0023,240.0,59.08,262.21
UD0023,270.0,59.12,263.79
UD0023,300.0,58.97,264.99
UD0023,330.0,58.97,264.98
UD0023,337.06,58.91,266.02
UD0024,0.0,55.3,260.29
UD0024,30.0,55.11,261.33
UD0024,60.0,54.36,262.81
UD0024,90.0,54.29,263.11
UD0024,120.0,53.67,263.81
UD0024,150.0,53.15,265.26
UD0024,180.0,52.78,265.27
UD0024,210.0,52.1,265.6
UD0024,240.0,51.94,265.21
UD0024,270.0,51.45,265.55
UD0024,300.0,51.09,267.06
UD0024,330.0,50.9,267.42
UD0024,360.0,50.9,268.07
UD0024,390.0,50.34,268.04
UD0024,392.32,49.91,269.0
UD0025,0.0,70.0,259.2
UD0025,30.0,69.96,259.72
UD0025,60.0,69.42,259.37
UD0025,90.0,68.44,260.92
UD0025,120.0,68.57,261.34
UD0025,150.0,68.64,261.58
UD0025,180.0,68.51,261.77
UD0025,210.0,68.06,261.28
UD0025,240.0,67.32,261.93
UD0025,270.0,67.16,262.52
UD0025,300.0,66.35,263.14
UD0025,330.0,66.51,263.28
UD0025,360.0,66.03,263.51
UD0025,390.0,65.99,264.77
UD0025,420.0,65.9,265.13
UD0025,445.34,65.75,265.43
UD0026,0.0,65.98,258.83
UD0026,30.0,65.6,261.14
UD0026,60.0,64.5,260.48
UD0026,90.0,64.44,260.78
UD0026,120.0,64.33,262.67
UD0026,150.0,63.91,262.53
UD0026,180.0,63.55,262.98
UD0026,210.0,63.71,261.46
UD0026,240.0,64.03,261.96
UD0026,249.71,64.07,262.51
UD0027,0.0,50.47,259.43
UD0027,30.0,50.1,259.15
UD0027,60.0,50.03,260.98
UD0027,90.0,49.76,262.33
UD0027,120.0,49.79,264.29
UD0027,150.0,49.62,264.49
UD0027,180.0,49.44,264.58
UD0027,210.0,49.2,264.31
UD0027,240.0,48.72,266.0
UD0027,270.0,48.42,265.02
UD0027,300.0,47.94,266.09
UD0027,330.0,48.43,265.93
UD0027,360.0,48.38,266.19
UD0027,390.0,48.09,266.18
UD0027,420.0,47.56,265.93
UD0027,450.0,47.42,265.99
UD0027,469.52,47.31,266.74
UD0028,0.0,61.83,259.63
UD0028,30.0,60.93,260.17
UD0028,60.0,60.61,259.59
UD0028,90.0,59.9,260.57
UD0028,120.0,59.81,261.06
UD0028,150.0,59.27,261.38
UD0028,180.0,59.24,262.35
UD0028,210.0,59.03,262.88
UD0028,240.0,58.76,263.01
UD0028,270.0,58.04,262.51
UD0028,300.0,57.76,262.75
UD0028,330.0,57.73,263.37
UD0028,360.0,57.31,264.9
UD0028,390.0,57.31,265.65
UD0028,420.0,57.48,266.63
UD0028,450.0,57.1,266.85
UD0028,477.88,56.71,267.63
UD0029,0.0,68.44,260.29
UD0029,30.0,68.35,259.13
UD0029,60.0,68.38,259.24
UD0029,90.0,67.56,260.41
UD0029,120.0,67.21,261.93
UD0029,150.0,67.13,263.31
UD0029,180.0,66.62,264.3
UD0029,210.0,66.66,263.94
UD0029,240.0,66.43,264.67
UD0029,270.0,65.7,265.5
UD0029,300.0,65.66,265.68
UD0029,325.39,65.42,265.35
UD0030,0.0,58.89,259.89
UD0030,30.0,58.73,260.06
UD0030,60.0,58.43,259.14
UD0030,90.0,58.51,258.85
UD0030,120.0,57.93,258.65
UD0030,150.0,57.21,257.96
UD0030,180.0,56.93,258.91
UD0030,210.0,56.91,259.11
UD0030,240.0,57.03,259.66
UD0030,263.91,56.31,260.35
UD0031,0.0,65.59,260.29
UD0031,30.0,64.94,260.3
UD0031,60.0,64.79,260.38
UD0031,90.0,64.47,260.59
UD0031,120.0,64.1,260.68
UD0031,150.0,63.43,260.61
UD0031,180.0,63.02,261.14
UD0031,210.0,62.8,260.52
UD0031,240.0,62.68,260.04
UD0031,270.0,62.4,259.3
UD0031,300.0,62.56,260.01
UD0031,330.0,62.2,260.18
UD0031,360.0,61.13,260.09
UD0031,390.0,61.36,260.18
UD0031,420.0,61.52,260.62
UD0031,450.0,61.26,260.78
UD0031,480.0,60.96,261.02
UD0031,510.0,60.46,261.61
UD0031,528.25,60.14,260.91
UD0032,0.0,50.6,259.51
UD0032,30.0,50.58,260.14
UD0032,60.0,49.72,260.42
UD0032,90.0,49.11,259.32
UD0032,120.0,49.12,259.64
UD0032,150.0,48.97,259.99
UD0032,180.0,48.62,260.09
UD0032,210.0,48.73,260.16
UD0032,225.86,48.25,261.25
UD0033,0.0,67.64,259.73
UD0033,30.0,67.62,260.02
UD0033,60.0,67.33,259.97
UD0033,90.0,67.45,259.51
UD0033,120.0,66.88,260.59
UD0033,142.39,66.43,260.94
UD0034,0.0,53.09,259.54
UD0034,30.0,52.86,259.7
UD0034,60.0,53.01,260.11
UD0034,90.0,52.94,260.14
UD0034,120.0,52.6,261.26
UD0034,150.0,52.15,262.13
UD0034,180.0,52.25,262.61
UD0034,210.0,52.24,262.06
UD0034,240.0,52.14,262.56
UD0034,270.0,51.81,261.64
UD0034,300.0,51.76,262.24
UD0034,330.0,51.09,262.22
UD0034,360.0,50.94,261.14
UD0034,390.0,50.81,261.48
UD0034,420.0,50.09,262.55
UD0034,450.0,50.35,263.17
UD0034,480.0,49.83,262.89
UD0034,510.0,49.61,263.82
UD0034,540.0,49.07,263.78
UD0034,570.0,48.57,264.95
UD0034,600.0,48.48,265.57
UD0034,630.0,48.3,266.25
UD0034,660.0,48.12,266.59
UD0034,687.94,47.73,265.78
UD0035,0.0,64.17,260.0
UD0035,30.0,63.53,260.92
UD0035,60.0,63.09,261.69
UD0035,90.0,63.04,259.69
UD0035,120.0,62.54,260.66
UD0035,150.0,62.46,260.51
UD0035,180.0,61.8,261.94
UD0035,210.0,61.97,261.32
UD0035,240.0,61.66,261.51
UD0035,270.0,61.84,261.14
UD0035,300.0,61.2,260.68
UD0035,321.33,60.5,259.53
UD0036,0.0,60.63,259.75
UD0036,30.0,60.24,259.25
UD0036,60.0,60.16,258.94
UD0036,90.0,59.73,259.62
UD0036,120.0,60.16,260.07
UD0036,150.0,59.85,260.25
UD0036,180.0,59.47,260.27
UD0036,210.0,58.9,260.46
UD0036,240.0,58.5,260.69
UD0036,270.0,58.13,261.25
UD0036,300.0,58.22,261.25
UD0036,330.0,58.06,262.38
UD0036,360.0,57.83,262.79
UD0036,390.0,57.69,264.21
UD0036,420.0,57.11,264.04
UD0036,450.0,56.9,265.75
UD0036,480.0,56.45,266.55
UD0036,510.0,56.24,266.43
UD0036,540.0,56.17,267.12
UD0036,570.0,55.39,267.4
UD0036,592.76,55.24,267.73
UD0037,0.0,69.67,260.56
UD0037,30.0,69.2,260.94
UD0037,60.0,68.78,261.35
UD0037,90.0,68.24,261.74
UD0037,120.0,67.76,263.21
UD0037,150.0,67.71,263.09
UD0037,180.0,67.3,262.07
UD0037,210.0,67.1,262.3
UD0037,240.0,66.88,262.16
UD0037,270.0,66.86,263.01
UD0037,300.0,66.46,263.22
UD0037,330.0,65.84,263.0
UD0037,360.0,66.16,263.6
UD0037,390.0,65.94,264.15
UD0037,420.0,65.75,264.22
UD0037,420.36,65.37,263.8
UD0038,0.0,53.68,261.4
UD0038,30.0,53.12,261.9
UD0038,60.0,52.29,262.2
UD0038,90.0,52.0,262.49
UD0038,120.0,51.42,262.99
UD0038,150.0,51.4,263.75
UD0038,152.63,51.39,263.33
UD0039,0.0,65.48,260.52
UD0039,30.0,65.71,260.61
UD0039,60.0,65.35,260.4
UD0039,90.0,65.3,260.56
UD0039,120.0,65.03,260.59
UD0039,150.0,64.47,260.26
UD0039,180.0,64.63,261.09
UD0039,210.0,64.22,260.67
UD0039,240.0,63.82,261.94
UD0039,270.0,63.95,263.04
UD0039,300.0,63.52,264.41
UD0039,330.0,63.13,263.66
UD0039,360.0,62.85,264.46
UD0039,371.84,62.87,264.51
UD0040,0.0,56.23,259.99
UD0040,30.0,55.9,260.46
UD0040,60.0,55.72,261.1
UD0040,90.0,55.83,261.54
UD0040,120.0,55.85,262.17
UD0040,150.0,55.8,262.53
UD0040,180.0,55.94,262.91
UD0040,204.23,55.84,263.16
UD0041,0.0,53.41,259.63
UD0041,30.0,53.07,259.89
UD0041,60.0,52.65,260.35
UD0041,90.0,52.18,261.75
UD0041,120.0,52.0,261.41
UD0041,150.0,51.91,262.21
UD0041,180.0,51.62,262.51
UD0041,210.0,51.42,262.14
UD0041,240.0,51.53,262.97
UD0041,270.0,51.29,263.8
UD0041,300.0,51.06,263.65
UD0041,330.0,50.39,263.1
UD0041,360.0,49.89,263.69
UD0041,390.0,49.74,263.28
UD0041,420.0,49.41,263.32
UD0041,450.0,49.23,263.74
UD0041,480.0,48.47,264.58
UD0041,510.0,47.6,263.49
UD0041,540.0,47.65,265.08
UD0041,548.22,47.39,264.64
UD0042,0.0,61.38,259.86
UD0042,30.0,60.49,260.18
UD0042,60.0,59.85,260.15
UD0042,90.0,59.59,260.93
UD0042,120.0,59.36,260.61
UD0042,150.0,58.61,261.07
UD0042,180.0,58.77,261.72
UD0042,210.0,58.67,262.31
UD0042,235.09,58.06,262.17
UD0043,0.0,54.17,260.6
UD0043,30.0,54.65,260.54
UD0043,60.0,54.27,261.25
UD0043,90.0,54.5,261.35
UD0043,120.0,53.82,261.81
UD0043,150.0,53.6,262.08
UD0043,180.0,53.46,262.3
UD0043,210.0,53.18,263.68
UD0043,240.0,52.43,264.75
UD0043,270.0,51.9,265.69
UD0043,300.0,51.43,265.47
UD0043,330.0,50.75,265.93
UD0043,360.0,50.49,265.28
UD0043,390.0,50.33,265.6
UD0043,420.0,49.44,265.42
UD0043,450.0,48.65,265.55
UD0043,466.01,48.56,264.8
UD0044,0.0,62.64,260.43
UD0044,30.0,62.5,259.61
UD0044,60.0,62.05,259.9
UD0044,90.0,62.66,259.28
UD0044,120.0,62.36,258.86
UD0044,150.0,61.98,258.61
UD0044,171.17,61.71,258.47
UD0045,0.0,54.69,260.92
UD0045,30.0,54.26,261.05
UD0045,60.0,53.51,261.65
UD0045,90.0,53.1,261.95
UD0045,120.0,52.94,262.14
UD0045,150.0,52.38,262.29
UD0045,180.0,51.69,262.41
UD0045,210.0,51.6,262.98
UD0045,240.0,51.7,263.03
UD0045,270.0,51.64,264.26
UD0045,300.0,51.87,265.06
UD0045,330.0,51.55,265.43
UD0045,360.0,51.13,266.07
UD0045,390.0,50.56,266.21
UD0045,420.0,50.92,266.67
UD0045,450.0,50.58,266.77
UD0045,480.0,50.44,267.73
UD0045,510.0,49.73,267.94
UD0045,540.0,48.92,268.68
UD0045,570.0,48.95,268.99
UD0045,600.0,48.81,269.01
UD0045,630.0,48.73,268.66
UD0045,655.54,48.58,268.86
UD0046,0.0,51.59,259.95
UD0046,30.0,51.41,258.85
UD0046,60.0,50.96,258.85
UD0046,90.0,50.66,259.06
UD0046,120.0,50.13,259.31
UD0046,150.0,50.33,260.07
UD0046,180.0,50.09,260.46
UD0046,210.0,49.96,260.68
UD0046,240.0,49.98,261.05
UD0046,270.0,49.8,260.58
UD0046,300.0,49.16,261.01
UD0046,330.0,49.28,261.47
UD0046,360.0,48.91,260.29
UD0046,390.0,48.44,261.39
UD0046,420.0,48.27,262.06
UD0046,450.0,47.92,261.89
UD0046,480.0,47.9,261.92
UD0046,510.0,47.45,261.73
UD0046,540.0,46.93,261.55
UD0046,570.0,46.71,261.61
UD0046,600.0,46.19,262.95
UD0046,620.87,46.1,263.26
UD0047,0.0,51.11,259.33
UD0047,30.0,50.52,258.86
UD0047,60.0,50.03,258.67
UD0047,90.0,50.04,259.77
UD0047,120.0,49.76,260.27
UD0047,150.0,49.15,260.95
UD0047,180.0,48.87,260.55
UD0047,210.0,48.52,261.17
UD0047,235.1,48.55,260.67
UD0048,0.0,60.11,261.05
UD0048,30.0,59.43,261.86
UD0048,60.0,59.35,262.41
UD0048,90.0,59.43,262.91
UD0048,120.0,59.08,263.18
UD0048,150.0,58.84,262.57
UD0048,180.0,59.27,263.55
UD0048,210.0,59.31,264.05
UD0048,240.0,59.41,264.21
UD0048,270.0,59.46,264.53
UD0048,300.0,59.1,264.7
UD0048,302.44,59.26,264.18
UD0049,0.0,65.32,260.48
UD0049,30.0,64.86,260.97
UD0049,60.0,64.4,261.75
UD0049,90.0,63.95,261.55
UD0049,120.0,63.72,263.24
UD0049,150.0,63.08,264.62
UD0049,180.0,63.12,264.87
UD0049,210.0,63.24,265.75
UD0049,240.0,63.26,266.33
UD0049,270.0,63.15,266.74
UD0049,300.0,62.49,267.75
UD0049,330.0,62.25,267.57
UD0049,360.0,61.71,268.16
UD0049,390.0,61.83,268.27
UD0049,420.0,61.69,268.44
UD0049,442.49,61.6,268.64
UD0050,0.0,62.77,259.15
UD0050,30.0,62.73,259.49
UD0050,60.0,62.31,259.61
UD0050,90.0,62.15,260.16
UD0050,120.0,62.14,260.31
UD0050,150.0,62.0,261.2
UD0050,171.81,61.77,261.33
UD0051,0.0,65.2,260.05
UD0051,30.0,65.16,260.18
UD0051,60.0,64.44,260.25
UD0051,90.0,64.19,261.2
UD0051,120.0,63.87,261.44
UD0051,150.0,63.05,261.33
UD0051,180.0,63.32,261.57
UD0051,210.0,62.93,261.5
UD0051,240.0,62.99,262.21
UD0051,270.0,62.75,261.86
UD0051,300.0,62.25,261.41
UD0051,330.0,61.88,262.77
UD0051,360.0,61.82,263.43
UD0051,390.0,61.59,263.13
UD0051,420.0,61.28,262.83
UD0051,424.51,61.19,262.4
UD0052,0.0,55.58,258.71
UD0052,30.0,55.11,259.98
UD0052,60.0,55.39,259.55
UD0052,90.0,54.57,259.94
UD0052,120.0,54.31,261.24
UD0052,150.0,53.95,261.64
UD0052,180.0,53.61,262.26
UD0052,210.0,53.06,262.18
UD0052,240.0,52.68,263.05
UD0052,270.0,52.59,263.45
UD0052,300.0,52.32,263.18
UD0052,330.0,51.57,263.48
UD0052,360.0,51.09,262.47
UD0052,387.02,51.25,263.7
UD0053,0.0,57.68,260.07
UD0053,30.0,57.08,259.93
UD0053,60.0,56.6,259.88
UD0053,90.0,56.2,260.51
UD0053,120.0,55.91,260.27
UD0053,141.91,55.71,260.14
UD0054,0.0,58.43,260.47
UD0054,30.0,58.42,260.76
UD0054,60.0,58.03,260.94
UD0054,90.0,57.53,261.01
UD0054,120.0,57.52,260.89
UD0054,150.0,57.0,261.47
UD0054,180.0,56.87,261.74
UD0054,210.0,56.46,263.21
UD0054,240.0,56.67,263.74
UD0054,270.0,56.55,263.74
UD0054,300.0,56.01,265.36
UD0054,330.0,55.89,265.57
UD0054,360.0,55.52,266.75
UD0054,390.0,55.09,268.04
UD0054,420.0,55.13,268.9
UD0054,450.0,54.41,268.33
UD0054,480.0,54.21,269.88
UD0054,510.0,53.96,270.16
UD0054,540.0,53.54,270.49
UD0054,570.0,53.14,270.77
UD0054,600.0,53.16,271.79
UD0054,630.0,52.9,272.24
UD0054,660.0,52.8,272.57
UD0054,661.9,52.8,272.74
UD0055,0.0,63.56,259.55
UD0055,30.0,63.51,259.01
UD0055,60.0,63.24,259.15
UD0055,90.0,62.84,260.46
UD0055,120.0,62.49,261.0
UD0055,150.0,62.5,262.66
UD0055,180.0,62.25,263.39
UD0055,210.0,62.09,262.66
UD0055,240.0,61.87,263.51
UD0055,270.0,61.75,263.25
UD0055,300.0,61.42,261.84
UD0055,330.0,61.22,260.78
UD0055,360.0,61.27,261.05
UD0055,390.0,60.94,262.12
UD0055,420.0,60.11,262.02
UD0055,450.0,59.82,262.08
UD0055,480.0,59.49,262.55
UD0055,510.0,59.49,262.63
UD0055,540.0,58.84,262.36
UD0055,570.0,58.52,261.85
UD0055,572.82,58.27,262.87
UD0056,0.0,55.55,260.0
UD0056,30.0,55.34,259.68
UD0056,60.0,55.13,259.31
UD0056,90.0,55.17,259.95
UD0056,120.0,55.16,260.51
UD0056,150.0,54.73,261.74
UD0056,180.0,54.19,260.68
UD0056,210.0,53.17,261.37
UD0056,240.0,53.4,260.89
UD0056,270.0,53.42,261.54
UD0056,300.0,53.08,261.65
UD0056,330.0,52.73,262.09
UD0056,360.0,52.56,261.91
UD0056,390.0,52.43,262.56
UD0056,420.0,52.43,264.49
UD0056,450.0,51.79,265.46
UD0056,480.0,51.14,267.26
UD0056,510.0,51.17,267.48
UD0056,540.0,51.17,267.66
UD0056,560.06,50.67,267.52
UD0057,0.0,58.88,259.74
UD0057,30.0,58.28,261.14
UD0057,60.0,57.7,260.69
UD0057,90.0,57.49,260.29
UD0057,120.0,56.96,260.21
UD0057,150.0,56.71,261.33
UD0057,180.0,56.22,261.55
UD0057,194.38,56.15,261.48
UD0058,0.0,57.34,258.66
UD0058,30.0,57.25,259.79
UD0058,60.0,56.8,260.15
UD0058,90.0,56.36,261.04
UD0058,120.0,55.77,261.98
UD0058,150.0,55.39,262.48
UD0058,180.0,54.71,261.88
UD0058,210.0,54.67,262.37
UD0058,240.0,54.5,262.2
UD0058,270.0,54.47,262.21
UD0058,300.0,54.66,263.1
UD0058,330.0,54.14,263.24
UD0058,360.0,53.9,263.51
UD0058,390.0,53.42,264.16
UD0058,420.0,53.67,263.26
UD0058,450.0,52.95,264.42
UD0058,480.0,53.05,264.47
UD0058,510.0,52.64,265.25
UD0058,513.41,52.63,265.69
UD0059,0.0,68.15,260.47
UD0059,30.0,67.78,261.19
UD0059,60.0,67.31,260.62
UD0059,90.0,67.05,260.65
UD0059,120.0,66.95,261.85
UD0059,150.0,66.72,261.85
UD0059,180.0,66.42,262.41
UD0059,210.0,66.18,261.96
UD0059,240.0,65.55,262.17
UD0059,270.0,65.78,262.0
UD0059,282.96,66.2,261.94
UD0060,0.0,50.8,260.02
UD0060,30.0,50.69,260.89
UD0060,60.0,50.57,261.07
UD0060,90.0,49.87,262.13
UD0060,120.0,50.02,262.72
UD0060,150.0,49.31,263.13
UD0060,180.0,49.16,263.21
UD0060,210.0,48.39,264.72
UD0060,240.0,48.16,265.31
UD0060,270.0,47.76,265.2
UD0060,300.0,47.6,265.71
UD0060,330.0,47.52,265.45
UD0060,360.0,47.44,265.99
UD0060,390.0,46.86,265.76
UD0060,420.0,47.09,264.88
UD0060,450.0,46.62,266.58
UD0060,480.0,46.55,267.38
UD0060,510.0,46.21,266.72
UD0060,540.0,46.12,267.68
UD0060,570.0,46.2,268.44
UD0060,600.0,45.6,268.93
UD0060,630.0,46.08,268.89
UD0060,655.3,46.23,269.42
UD0061,0.0,69.37,259.37
UD0061,30.0,68.82,260.12
UD0061,60.0,68.58,261.21
UD0061,90.0,68.27,260.63
UD0061,120.0,67.97,260.85
UD0061,150.0,67.55,261.48
UD0061,175.9,67.5,260.67
UD0062,0.0,61.51,260.78
UD0062,30.0,61.39,260.64
UD0062,60.0,60.92,261.18
UD0062,90.0,60.83,262.7
UD0062,120.0,60.5,263.05
UD0062,150.0,59.94,263.32
UD0062,180.0,59.35,264.11
UD0062,210.0,59.29,265.52
UD0062,240.0,59.27,265.12
UD0062,270.0,59.12,264.84
UD0062,300.0,58.89,264.31
UD0062,330.0,58.84,265.22
UD0062,360.0,58.74,265.91
UD0062,390.0,58.38,265.17
UD0062,420.0,58.45,265.34
UD0062,450.0,57.62,265.74
UD0062,480.0,57.76,266.12
UD0062,510.0,56.8,265.72
UD0062,540.0,56.09,266.34
UD0062,541.27,56.42,266.7
UD0063,0.0,63.49,260.78
UD0063,30.0,63.27,261.24
UD0063,60.0,63.68,261.93
UD0063,90.0,63.13,261.95
UD0063,120.0,63.34,261.94
UD0063,150.0,62.77,261.71
UD0063,180.0,62.19,261.82
UD0063,210.0,62.06,263.28
UD0063,240.0,61.76,262.36
UD0063,270.0,61.29,262.33
UD0063,300.0,60.79,262.6
UD0063,330.0,60.46,262.05
UD0063,360.0,60.23,261.74
UD0063,389.06,60.23,261.29
UD0064,0.0,53.11,259.87
UD0064,30.0,53.12,260.52
UD0064,60.0,53.32,261.43
UD0064,90.0,52.85,262.93
UD0064,120.0,52.71,263.06
UD0064,150.0,52.41,263.8
UD0064,180.0,51.85,264.09
UD0064,210.0,51.39,264.91
UD0064,240.0,50.77,265.61
UD0064,251.67,49.94,265.52
UD0065,0.0,69.71,259.29
UD0065,30.0,69.24,258.51
UD0065,60.0,68.81,258.79
UD0065,90.0,68.41,258.52
UD0065,120.0,67.82,258.01
UD0065,150.0,66.99,259.68
UD0065,180.0,66.61,259.2
UD0065,210.0,66.27,259.46
UD0065,240.0,66.16,260.04
UD0065,270.0,65.8,261.01
UD0065,300.0,65.95,260.46
UD0065,330.0,65.24,260.71
UD0065,360.0,65.11,262.01
UD0065,390.0,64.63,262.24
UD0065,420.0,64.2,262.72
UD0065,450.0,63.96,263.13
UD0065,480.0,63.57,264.07
UD0065,510.0,63.13,264.7
UD0065,540.0,62.63,264.99
UD0065,552.13,62.32,264.69
UD0066,0.0,62.25,259.68
UD0066,30.0,61.97,260.07
UD0066,60.0,61.69,260.37
UD0066,90.0,60.98,260.81
UD0066,120.0,60.05,261.92
UD0066,150.0,59.55,262.04
UD0066,180.0,59.08,262.68
UD0066,210.0,58.35,263.89
UD0066,240.0,57.75,263.89
UD0066,270.0,57.18,264.03
UD0066,300.0,56.03,265.65
UD0066,330.0,55.45,265.63
UD0066,360.0,55.32,266.3
UD0066,390.0,55.16,267.05
UD0066,420.0,54.47,267.39
UD0066,450.0,53.6,266.34
UD0066,480.0,53.28,266.52
UD0066,510.0,53.19,266.63
UD0066,540.0,52.82,266.72
UD0066,570.0,52.53,266.17
UD0066,600.0,52.04,265.74
UD0066,625.65,51.86,266.2
UD0067,0.0,53.13,260.38
UD0067,30.0,52.71,260.93
UD0067,60.0,52.67,261.38
UD0067,90.0,52.19,262.55
UD0067,120.0,51.86,261.35
UD0067,150.0,51.96,262.18
UD0067,180.0,51.75,262.24
UD0067,210.0,51.63,261.68
UD0067,240.0,51.25,261.53
UD0067,270.0,50.75,261.43
UD0067,300.0,50.5,262.08
UD0067,330.0,50.53,262.89
UD0067,357.35,50.39,263.07
UD0068,0.0,61.09,259.34
UD0068,30.0,60.68,259.47
UD0068,60.0,59.75,259.39
UD0068,90.0,59.61,259.23
UD0068,120.0,59.56,259.52
UD0068,132.09,60.09,258.84
UD0069,0.0,69.38,259.56
UD0069,30.0,68.97,259.43
UD0069,60.0,68.95,260.0
UD0069,90.0,68.44,260.32
UD0069,120.0,68.85,260.87
UD0069,150.0,68.66,260.74
UD0069,180.0,68.17,261.0
UD0069,210.0,67.74,261.33
UD0069,240.0,67.91,261.67
UD0069,270.0,67.42,261.73
UD0069,300.0,67.06,261.75
UD0069,330.0,66.81,262.72
UD0069,360.0,66.2,263.92
UD0069,390.0,65.51,263.94
UD0069,420.0,65.0,264.37
UD0069,450.0,64.83,264.84
UD0069,480.0,64.73,265.67
UD0069,510.0,63.73,266.44
UD0069,518.4,63.83,266.0
UD0070,0.0,57.49,259.96
UD0070,30.0,56.6,260.3
UD0070,60.0,56.38,260.34
UD0070,90.0,56.03,260.81
UD0070,120.0,55.6,260.48
UD0070,150.0,55.26,260.98
UD0070,180.0,55.12,261.76
UD0070,210.0,54.8,262.18
UD0070,220.85,54.72,262.57
UD0071,0.0,57.79,259.9
UD0071,30.0,57.18,259.99
UD0071,60.0,56.78,260.63
UD0071,90.0,56.67,260.43
UD0071,120.0,56.33,260.68
UD0071,150.0,55.74,261.08
UD0071,161.8,55.43,261.14
UD0072,0.0,50.48,259.51
UD0072,30.0,50.31,260.07
UD0072,60.0,49.96,260.06
UD0072,90.0,49.64,261.01
UD0072,120.0,48.9,261.87
UD0072,150.0,48.33,262.2
UD0072,180.0,48.47,263.71
UD0072,210.0,47.98,264.57
UD0072,240.0,48.27,263.41
UD0072,270.0,48.17,263.48
UD0072,300.0,48.03,263.66
UD0072,330.0,47.69,264.39
UD0072,360.0,47.3,264.93
UD0072,390.0,46.76,265.43
UD0072,420.0,46.44,265.93
UD0072,450.0,45.6,266.3
UD0072,480.0,45.4,267.22
UD0072,510.0,44.53,266.79
UD0072,540.0,44.18,267.7
UD0072,570.0,44.62,268.83
UD0072,593.53,44.16,268.64
UD0073,0.0,52.62,260.53
UD0073,30.0,52.26,259.51
UD0073,60.0,51.85,260.43
UD0073,90.0,51.26,259.99
UD0073,120.0,50.87,260.51
UD0073,150.0,50.98,259.26
UD0073,180.0,50.73,258.88
UD0073,210.0,50.62,258.53
UD0073,240.0,50.42,258.23
UD0073,270.0,50.02,257.19
UD0073,300.0,49.1,257.9
UD0073,330.0,48.88,257.53
UD0073,360.0,48.1,258.13
UD0073,390.0,48.21,259.18
UD0073,417.82,47.71,258.91
UD0074,0.0,64.35,259.55
UD0074,30.0,64.51,259.96
UD0074,60.0,64.27,259.11
UD0074,90.0,63.94,258.77
UD0074,120.0,63.42,259.25
UD0074,150.0,62.99,259.22
UD0074,180.0,62.69,259.74
UD0074,210.0,62.46,260.54
UD0074,240.0,61.64,260.5
UD0074,270.0,61.44,260.06
UD0074,300.0,61.51,260.8
UD0074,330.0,61.36,261.64
UD0074,360.0,60.78,261.54
UD0074,390.0,60.0,261.51
UD0074,420.0,59.51,261.3
UD0074,450.0,59.47,261.13
UD0074,480.0,58.91,260.71
UD0074,510.0,58.98,260.84
UD0074,540.0,59.04,260.66
UD0074,570.0,58.69,260.32
UD0074,589.0,58.24,259.48
UD0075,0.0,58.75,259.79
UD0075,30.0,57.79,260.17
UD0075,60.0,57.78,260.69
UD0075,90.0,57.4,260.79
UD0075,120.0,56.72,261.18
UD0075,150.0,56.89,261.54
UD0075,180.0,57.0,262.2
UD0075,210.0,56.59,263.11
UD0075,240.0,55.83,263.34
UD0075,270.0,54.77,263.54
UD0075,300.0,54.86,263.76
UD0075,330.0,54.51,262.78
UD0075,341.33,53.79,262.73
UD0076,0.0,61.24,259.38
UD0076,30.0,61.05,260.02
UD0076,60.0,60.45,261.19
UD0076,90.0,60.13,262.1
UD0076,120.0,59.65,261.48
UD0076,150.0,59.52,260.95
UD0076,180.0,59.68,261.43
UD0076,210.0,59.34,262.45
UD0076,240.0,59.08,262.76
UD0076,270.0,58.83,261.72
UD0076,300.0,58.84,263.01
UD0076,330.0,58.55,263.27
UD0076,360.0,58.27,263.96
UD0076,390.0,57.6,264.44
UD0076,420.0,57.26,264.86
UD0076,450.0,56.8,266.24
UD0076,480.0,56.68,267.79
UD0076,510.0,55.98,268.29
UD0076,540.0,55.32,269.03
UD0076,570.0,55.47,268.56
UD0076,600.0,55.05,268.44
UD0076,614.53,55.1,268.76
UD0077,0.0,67.16,259.69
UD0077,30.0,67.01,259.92
UD0077,60.0,66.62,260.37
UD0077,90.0,66.19,259.44
UD0077,120.0,66.65,259.93
UD0077,150.0,66.49,259.45
UD0077,180.0,65.73,259.81
UD0077,210.0,66.12,261.1
UD0077,240.0,65.57,260.62
UD0077,269.52,65.23,260.8
UD0078,0.0,69.52,260.09
UD0078,30.0,69.63,261.28
UD0078,60.0,69.39,261.25
UD0078,90.0,68.88,262.13
UD0078,120.0,68.54,264.17
UD0078,150.0,67.99,264.0
UD0078,180.0,67.71,264.64
UD0078,210.0,67.05,264.32
UD0078,240.0,66.03,265.01
UD0078,270.0,65.65,265.28
UD0078,300.0,65.01,266.28
UD0078,330.0,64.74,265.94
UD0078,360.0,64.45,266.79
UD0078,390.0,64.03,267.72
UD0078,420.0,63.71,267.16
UD0078,450.0,62.91,267.72
UD0078,473.99,62.2,267.25
UD0079,0.0,58.9,259.51
UD0079,30.0,58.32,259.12
UD0079,60.0,57.25,259.61
UD0079,90.0,57.18,259.58
UD0079,120.0,56.97,259.43
UD0079,150.0,56.46,261.13
UD0079,180.0,55.85,262.31
UD0079,210.0,55.06,262.62
UD0079,240.0,55.15,263.03
UD0079,270.0,54.57,262.94
UD0079,300.0,54.09,262.5
UD0079,330.0,53.95,263.19
UD0079,360.0,53.68,264.51
UD0079,390.0,53.55,265.53
UD0079,420.0,53.22,265.59
UD0079,450.0,52.72,265.81
UD0079,480.0,52.08,266.82
UD0079,510.0,51.71,267.61
UD0079,540.0,51.3,268.48
UD0079,570.0,50.82,268.94
UD0079,600.0,50.66,268.6
UD0079,630.0,50.13,269.39
UD0079,652.45,49.86,269.46
UD0080,0.0,50.08,260.75
UD0080,30.0,49.91,262.27
UD0080,60.0,50.02,262.42
UD0080,90.0,49.69,263.59
UD0080,120.0,49.33,263.09
UD0080,150.0,49.19,263.14
UD0080,180.0,48.8,262.74
UD0080,210.0,48.88,263.01
UD0080,240.0,48.19,263.19
UD0080,270.0,47.5,263.33
UD0080,300.0,47.65,264.11
UD0080,330.0,47.85,263.73
UD0080,360.0,47.53,264.24
UD0080,390.0,47.52,264.58
UD0080,420.0,47.36,264.33
UD0080,428.36,47.3,263.93
UD0081,0.0,65.17,259.69
UD0081,30.0,65.33,259.99
UD0081,60.0,64.81,260.29
UD0081,90.0,63.69,261.76
UD0081,120.0,63.39,261.03
UD0081,150.0,62.97,261.83
UD0081,180.0,61.89,261.65
UD0081,210.0,61.49,261.52
UD0081,240.0,61.3,262.68
UD0081,270.0,60.84,262.85
UD0081,300.0,61.12,262.84
UD0081,330.0,60.74,264.66
UD0081,360.0,60.47,266.05
UD0081,390.0,60.07,266.0
UD0081,420.0,60.22,266.35
UD0081,450.0,60.19,265.75
UD0081,480.0,59.78,264.25
UD0081,510.0,59.78,264.78
UD0081,540.0,59.58,264.35
UD0081,570.0,59.49,264.42
UD0081,573.29,59.65,263.33
UD0082,0.0,53.29,259.52
UD0082,30.0,53.74,259.57
UD0082,60.0,53.24,260.2
UD0082,90.0,52.77,260.65
UD0082,120.0,52.35,260.69
UD0082,150.0,51.7,261.43
UD0082,154.51,51.65,261.99
UD0083,0.0,57.93,260.78
UD0083,30.0,57.6,260.06
UD0083,60.0,57.68,261.11
UD0083,90.0,57.55,261.72
UD0083,120.0,57.37,261.78
UD0083,150.0,57.0,261.66
UD0083,180.0,56.26,262.98
UD0083,210.0,55.6,263.88
UD0083,240.0,55.0,264.23
UD0083,270.0,54.75,264.69
UD0083,300.0,54.14,265.36
UD0083,330.0,53.75,265.11
UD0083,360.0,53.57,265.97
UD0083,390.0,53.3,265.92
UD0083,416.39,53.3,265.37
UD0084,0.0,51.82,260.68
UD0084,30.0,51.36,260.74
UD0084,60.0,50.89,261.64
UD0084,90.0,50.69,262.94
UD0084,120.0,50.6,264.05
UD0084,150.0,50.09,264.27
UD0084,180.0,49.36,265.87
UD0084,210.0,48.8,266.81
UD0084,240.0,48.38,268.14
UD0084,270.0,48.17,268.63
UD0084,300.0,48.07,267.8
UD0084,330.0,48.06,267.73
UD0084,360.0,47.83,268.25
UD0084,390.0,47.96,268.38
UD0084,420.0,47.69,268.47
UD0084,450.0,47.1,268.71
UD0084,480.0,46.81,268.63
UD0084,498.69,46.97,269.36
UD0085,0.0,69.59,260.11
UD0085,30.0,69.11,261.37
UD0085,60.0,68.82,261.44
UD0085,90.0,68.93,260.98
UD0085,120.0,69.21,261.56
UD0085,150.0,69.34,262.27
UD0085,180.0,68.89,261.75
UD0085,210.0,68.96,261.49
UD0085,240.0,68.72,262.59
UD0085,270.0,68.23,263.26
UD0085,300.0,67.5,264.44
UD0085,330.0,67.65,264.91
UD0085,360.0,67.49,264.86
UD0085,390.0,67.18,264.9
UD0085,420.0,66.83,265.8
UD0085,450.0,66.85,266.7
UD0085,480.0,66.65,266.18
UD0085,510.0,66.15,267.5
UD0085,518.61,65.7,266.21
UD0086,0.0,58.49,259.78
UD0086,30.0,58.21,261.49
UD0086,60.0,57.74,262.28
UD0086,90.0,57.63,261.7
UD0086,120.0,57.18,261.93
UD0086,134.97,57.23,262.31
UD0087,0.0,51.37,260.67
UD0087,30.0,50.99,260.15
UD0087,60.0,50.72,260.59
UD0087,90.0,49.8,261.16
UD0087,120.0,49.73,261.87
UD0087,150.0,48.73,262.19
UD0087,180.0,48.54,262.55
UD0087,210.0,47.87,262.28
UD0087,240.0,47.8,262.71
UD0087,270.0,47.78,263.33
UD0087,300.0,47.19,264.28
UD0087,330.0,46.96,264.95
UD0087,360.0,45.88,263.95
UD0087,390.0,45.77,263.59
UD0087,420.0,45.21,264.56
UD0087,450.0,44.79,264.67
UD0087,480.0,44.48,264.99
UD0087,502.93,44.2,265.41
UD0088,0.0,57.61,259.77
UD0088,30.0,57.85,259.76
UD0088,60.0,57.87,259.8
UD0088,90.0,57.17,260.29
UD0088,120.0,57.05,260.53
UD0088,150.0,56.4,260.35
UD0088,180.0,55.7,260.6
UD0088,210.0,54.93,261.57
UD0088,240.0,54.68,262.01
UD0088,270.0,54.31,262.42
UD0088,300.0,53.79,262.64
UD0088,321.35,53.9,262.8
UD0089,0.0,61.81,259.94
UD0089,30.0,61.74,260.17
UD0089,60.0,61.47,260.7
UD0089,90.0,61.09,261.76
UD0089,120.0,61.52,261.68
UD0089,150.0,60.9,263.14
UD0089,180.0,60.5,263.83
UD0089,210.0,59.95,263.15
UD0089,240.0,59.65,263.08
UD0089,270.0,59.22,263.18
UD0089,300.0,58.58,263.16
UD0089,330.0,58.67,262.67
UD0089,360.0,58.59,263.3
UD0089,390.0,58.01,264.32
UD0089,420.0,57.95,264.76
UD0089,450.0,58.1,265.23
UD0089,480.0,57.94,265.86
UD0089,510.0,57.47,265.43
UD0089,540.0,57.66,266.03
UD0089,570.0,57.19,266.15
UD0089,584.14,57.5,266.13
UD0090,0.0,59.76,259.46
UD0090,30.0,59.29,259.03
UD0090,60.0,58.73,259.19
UD0090,90.0,58.48,258.65
UD0090,120.0,57.87,258.91
UD0090,150.0,57.32,259.02
UD0090,180.0,57.45,259.21
UD0090,190.21,57.04,259.46
UD0091,0.0,55.33,260.17
UD0091,30.0,54.78,260.65
UD0091,60.0,54.73,260.94
UD0091,90.0,54.35,261.8
UD0091,120.0,54.18,262.88
UD0091,150.0,53.93,263.59
UD0091,180.0,53.18,264.17
UD0091,210.0,53.06,264.76
UD0091,240.0,52.94,263.67
UD0091,251.29,52.72,262.98
UD0092,0.0,59.54,260.09
UD0092,30.0,59.09,260.87
UD0092,60.0,58.22,260.32
UD0092,90.0,57.34,260.47
UD0092,120.0,56.78,261.33
UD0092,150.0,56.65,261.94
UD0092,180.0,56.49,262.41
UD0092,210.0,55.87,263.09
UD0092,240.0,55.61,263.0
UD0092,270.0,55.0,262.79
UD0092,300.0,54.57,262.18
UD0092,330.0,54.16,262.58
UD0092,360.0,53.08,262.81
UD0092,390.0,52.93,262.26
UD0092,420.0,52.86,261.38
UD0092,429.23,52.8,261.58
UD0093,0.0,58.53,259.48
UD0093,30.0,58.22,258.77
UD0093,60.0,57.84,258.8
UD0093,90.0,57.74,258.48
UD0093,120.0,57.69,258.55
UD0093,150.0,57.66,259.94
UD0093,180.0,57.24,259.91
UD0093,210.0,57.31,261.19
UD0093,240.0,56.36,261.53
UD0093,252.41,56.47,262.35
UD0094,0.0,60.95,260.23
UD0094,30.0,60.62,259.99
UD0094,60.0,59.74,261.15
UD0094,90.0,59.51,261.74
UD0094,120.0,59.5,261.39
UD0094,150.0,59.31,261.77
UD0094,180.0,58.84,262.77
UD0094,210.0,58.97,262.29
UD0094,216.41,58.5,261.53
UD0095,0.0,53.35,261.12
UD0095,30.0,53.38,260.64
UD0095,60.0,52.94,260.59
UD0095,90.0,52.37,260.65
UD0095,120.0,51.97,260.01
UD0095,150.0,51.85,259.85
UD0095,180.0,51.8,260.66
UD0095,210.0,51.43,261.34
UD0095,240.0,51.53,260.74
UD0095,270.0,51.49,260.79
UD0095,300.0,51.55,261.42
UD0095,330.0,51.41,261.96
UD0095,344.79,51.34,262.2
UD0096,0.0,54.66,260.32
UD0096,30.0,54.65,261.22
UD0096,60.0,54.55,261.12
UD0096,90.0,53.7,260.77
UD0096,120.0,52.99,262.19
UD0096,150.0,53.48,261.41
UD0096,180.0,52.76,261.29
UD0096,210.0,52.25,261.83
UD0096,240.0,51.9,262.44
UD0096,270.0,51.36,262.11
UD0096,300.0,51.02,262.44
UD0096,330.0,50.27,262.75
UD0096,360.0,50.3,262.84
UD0096,390.0,49.97,262.43
UD0096,420.0,49.68,262.5
UD0096,450.0,49.41,262.63
UD0096,480.0,48.73,261.55
UD0096,510.0,48.55,262.72
UD0096,540.0,48.31,262.9
UD0096,570.0,47.38,263.39
UD0096,600.0,46.22,263.52
UD0096,630.0,46.12,263.62
UD0096,639.39,46.29,263.98
UD0097,0.0,50.03,259.69
UD0097,30.0,49.75,259.78
UD0097,60.0,49.13,259.94
UD0097,90.0,48.96,260.35
UD0097,120.0,48.67,261.22
UD0097,150.0,48.53,260.43
UD0097,180.0,48.35,261.65
UD0097,210.0,48.36,261.85
UD0097,240.0,48.12,262.69
UD0097,270.0,48.22,263.34
UD0097,300.0,48.06,264.47
UD0097,330.0,47.98,263.74
UD0097,360.0,47.03,264.6
UD0097,390.0,46.99,265.45
UD0097,420.0,46.3,266.22
UD0097,450.0,46.3,265.02
UD0097,480.0,46.01,266.11
UD0097,510.0,46.34,266.15
UD0097,516.59,46.28,265.73
UD0098,0.0,62.04,260.86
UD0098,30.0,61.19,260.87
UD0098,60.0,61.34,261.44
UD0098,90.0,60.8,262.89
UD0098,120.0,60.47,263.73
UD0098,150.0,60.31,264.11
UD0098,180.0,59.85,264.16
UD0098,210.0,59.89,264.34
UD0098,240.0,59.74,262.79
UD0098,270.0,58.41,263.06
UD0098,300.0,57.72,263.57
UD0098,330.0,57.58,264.48
UD0098,360.0,57.57,264.83
UD0098,390.0,57.06,264.89
UD0098,420.0,56.93,265.01
UD0098,450.0,57.22,264.71
UD0098,480.0,57.0,264.3
UD0098,494.44,56.51,263.83
UD0099,0.0,49.53,258.84
UD0099,30.0,49.37,258.28
UD0099,60.0,48.81,257.12
UD0099,90.0,48.45,258.27
UD0099,120.0,48.32,258.28
UD0099,150.0,47.43,257.21
UD0099,180.0,47.01,256.57
UD0099,210.0,46.42,256.81
UD0099,240.0,45.89,257.13
UD0099,270.0,46.38,257.61
UD0099,299.46,45.92,257.83
UD0100,0.0,67.51,259.48
UD0100,30.0,67.28,260.56
UD0100,60.0,66.67,261.23
UD0100,90.0,66.38,261.05
UD0100,120.0,65.8,262.04
UD0100,150.0,65.97,261.21
UD0100,176.75,66.14,261.56
UD0101,0.0,68.33,260.31
UD0101,30.0,68.32,260.25
UD0101,60.0,68.4,260.88
UD0101,90.0,68.59,261.69
UD0101,120.0,67.82,263.24
UD0101,150.0,67.42,264.32
UD0101,180.0,66.84,263.55
UD0101,210.0,66.32,265.03
UD0101,240.0,66.15,264.86
UD0101,270.0,65.85,264.59
UD0101,300.0,65.41,264.31
UD0101,330.0,65.23,263.46
UD0101,360.0,65.2,263.83
UD0101,390.0,64.94,264.94
UD0101,394.13,64.88,264.81
UD0102,0.0,56.74,260.27
UD0102,30.0,56.59,259.7
UD0102,60.0,56.31,261.27
UD0102,90.0,55.16,262.69
UD0102,120.0,54.95,262.87
UD0102,150.0,54.92,263.5
UD0102,180.0,54.79,264.55
UD0102,210.0,54.24,264.58
UD0102,240.0,54.72,265.83
UD0102,270.0,54.31,267.3
UD0102,300.0,54.07,267.46
UD0102,330.0,53.76,268.05
UD0102,351.89,53.61,268.3
UD0103,0.0,60.5,260.1
UD0103,30.0,60.25,259.12
UD0103,60.0,59.96,259.66
UD0103,90.0,58.81,260.01
UD0103,120.0,58.5,260.31
UD0103,150.0,58.11,260.85
UD0103,180.0,57.92,261.02
UD0103,210.0,57.88,263.03
UD0103,240.0,57.53,263.7
UD0103,270.0,57.69,263.59
UD0103,300.0,57.42,263.33
UD0103,330.0,57.47,263.97
UD0103,360.0,57.03,264.5
UD0103,390.0,56.94,264.31
UD0103,420.0,56.28,265.35
UD0103,450.0,55.99,265.75
UD0103,480.0,55.28,266.79
UD0103,510.0,55.12,266.46
UD0103,540.0,55.08,266.65
UD0103,555.21,54.59,267.24
UD0104,0.0,52.84,261.17
UD0104,30.0,52.53,261.3
UD0104,60.0,52.19,262.07
UD0104,90.0,52.28,263.13
UD0104,120.0,52.06,263.8
UD0104,150.0,51.64,263.64
UD0104,180.0,51.65,262.99
UD0104,210.0,51.42,263.21
UD0104,240.0,51.02,264.8
UD0104,270.0,50.66,264.96
UD0104,300.0,49.98,265.58
UD0104,330.0,49.46,266.33
UD0104,360.0,49.49,266.61
UD0104,390.0,48.65,267.11
UD0104,420.0,48.56,267.51
UD0104,450.0,48.28,267.15
UD0104,475.6,48.4,267.26
UD0105,0.0,53.84,259.58
UD0105,30.0,53.33,260.06
UD0105,60.0,52.95,260.43
UD0105,90.0,52.54,261.31
UD0105,120.0,52.49,261.41
UD0105,150.0,52.75,261.72
UD0105,180.0,52.22,262.46
UD0105,210.0,52.07,263.32
UD0105,240.0,51.26,263.99
UD0105,270.0,50.37,263.33
UD0105,300.0,50.1,263.17
UD0105,306.71,50.19,262.59
UD0106,0.0,51.76,259.76
UD0106,30.0,51.43,259.36
UD0106,60.0,51.81,260.13
UD0106,90.0,51.67,260.55
UD0106,120.0,51.28,259.92
UD0106,150.0,50.85,259.87
UD0106,180.0,50.82,259.61
UD0106,210.0,50.71,260.12
UD0106,240.0,50.05,259.96
UD0106,270.0,50.04,259.61
UD0106,300.0,49.82,258.89
UD0106,330.0,49.43,258.99
UD0106,360.0,49.43,259.61
UD0106,390.0,48.67,260.62
UD0106,420.0,48.31,260.84
UD0106,450.0,48.0,260.62
UD0106,480.0,47.58,260.67
UD0106,510.0,47.66,261.17
UD0106,532.13,47.9,261.57
UD0107,0.0,55.66,260.2
UD0107,30.0,54.78,259.93
UD0107,60.0,54.74,260.71
UD0107,90.0,54.65,260.9
UD0107,120.0,54.24,260.39
UD0107,150.0,53.91,261.44
UD0107,180.0,53.34,261.13
UD0107,210.0,53.1,261.45
UD0107,240.0,52.64,261.98
UD0107,270.0,52.58,262.31
UD0107,300.0,52.19,262.71
UD0107,330.0,52.4,263.55
UD0107,360.0,52.24,263.64
UD0107,390.0,51.92,264.2
UD0107,420.0,51.85,264.02
UD0107,450.0,51.25,265.1
UD0107,480.0,51.11,266.17
UD0107,510.0,51.4,266.59
UD0107,540.0,51.05,266.53
UD0107,556.48,51.27,266.5
UD0108,0.0,62.93,259.26
UD0108,30.0,62.81,259.24
UD0108,60.0,62.64,260.05
UD0108,90.0,63.17,261.78
UD0108,120.0,63.09,263.05
UD0108,150.0,63.19,262.96
UD0108,180.0,62.84,263.09
UD0108,210.0,62.53,263.6
UD0108,240.0,62.4,264.06
UD0108,270.0,61.79,264.12
UD0108,300.0,61.56,263.01
UD0108,330.0,61.57,262.98
UD0108,360.0,60.74,263.42
UD0108,390.0,60.78,263.64
UD0108,420.0,60.68,264.38
UD0108,450.0,60.75,264.42
UD0108,480.0,60.29,264.59
UD0108,481.64,60.28,264.69
UD0109,0.0,59.76,261.28
UD0109,30.0,59.9,261.26
UD0109,60.0,59.36,261.76
UD0109,90.0,59.27,262.55
UD0109,120.0,58.84,262.94
UD0109,150.0,58.62,263.0
UD0109,180.0,58.81,263.26
UD0109,210.0,58.53,263.55
UD0109,240.0,57.95,263.74
UD0109,270.0,57.44,264.03
UD0109,300.0,56.37,263.81
UD0109,300.97,56.11,263.24
UD0110,0.0,62.88,259.25
UD0110,30.0,62.28,259.14
UD0110,60.0,62.16,259.29
UD0110,90.0,61.5,258.12
UD0110,120.0,61.35,258.46
UD0110,150.0,60.95,259.53
UD0110,180.0,60.88,259.22
UD0110,210.0,60.67,258.49
UD0110,240.0,60.38,259.15
UD0110,270.0,60.23,259.08
UD0110,300.0,59.77,259.49
UD0110,330.0,58.94,259.83
UD0110,360.0,58.97,260.32
UD0110,390.0,58.69,260.7
UD0110,420.0,58.46,261.04
UD0110,450.0,58.24,261.49
UD0110,480.0,58.1,262.04
UD0110,510.0,57.78,262.16
UD0110,540.0,57.01,262.38
UD0110,570.0,56.13,261.45
UD0110,587.84,56.11,262.7
UD0111,0.0,54.01,260.68
UD0111,30.0,53.39,261.41
UD0111,60.0,53.29,262.47
UD0111,90.0,53.47,263.1
UD0111,120.0,52.74,263.39
UD0111,150.0,52.47,263.72
UD0111,180.0,52.03,263.99
UD0111,210.0,52.09,263.44
UD0111,240.0,51.81,264.1
UD0111,270.0,51.57,263.97
UD0111,300.0,51.12,264.94
UD0111,330.0,51.57,265.96
UD0111,360.0,51.43,266.11
UD0111,390.0,50.96,266.0
UD0111,420.0,50.62,265.66
UD0111,450.0,50.05,266.64
UD0111,480.0,50.05,267.04
UD0111,510.0,50.04,268.22
UD0111,540.0,49.72,268.63
UD0111,570.0,48.98,268.15
UD0111,573.16,49.06,267.36
UD0112,0.0,52.37,260.78
UD0112,30.0,51.53,261.96
UD0112,60.0,51.06,263.8
UD0112,90.0,50.18,264.71
UD0112,120.0,49.43,264.84
UD0112,150.0,48.69,265.12
UD0112,180.0,48.29,265.56
UD0112,210.0,48.17,264.78
UD0112,240.0,47.46,265.95
UD0112,270.0,47.13,265.68
UD0112,295.0,46.75,265.94
UD0113,0.0,54.95,259.46
UD0113,30.0,54.22,260.21
UD0113,60.0,53.66,261.05
UD0113,90.0,53.38,261.44
UD0113,120.0,52.73,261.3
UD0113,150.0,52.09,262.1
UD0113,180.0,51.39,262.48
UD0113,210.0,51.13,262.43
UD0113,235.79,50.71,262.93
UD0114,0.0,54.35,260.27
UD0114,30.0,54.05,260.69
UD0114,60.0,54.11,261.5
UD0114,90.0,54.12,261.27
UD0114,120.0,53.9,261.35
UD0114,137.68,53.42,261.96
UD0115,0.0,69.38,260.14
UD0115,30.0,69.38,261.08
UD0115,60.0,68.99,261.42
UD0115,90.0,68.4,261.8
UD0115,120.0,68.1,262.11
UD0115,150.0,67.3,262.03
UD0115,180.0,67.11,262.62
UD0115,210.0,67.43,262.59
UD0115,240.0,67.14,263.67
UD0115,270.0,67.04,264.52
UD0115,300.0,66.9,264.45
UD0115,330.0,66.65,265.18
UD0115,360.0,66.34,265.95
UD0115,390.0,66.1,267.29
UD0115,420.0,65.78,267.79
UD0115,450.0,65.49,268.04
UD0115,480.0,65.53,268.34
UD0115,510.0,65.48,268.53
UD0115,540.0,65.47,269.59
UD0115,559.12,65.72,271.13
UD0116,0.0,56.96,260.85
UD0116,30.0,56.5,260.99
UD0116,60.0,56.09,261.63
UD0116,90.0,55.39,261.89
UD0116,120.0,55.05,262.15
UD0116,150.0,54.25,261.81
UD0116,180.0,53.64,262.44
UD0116,210.0,53.73,261.69
UD0116,240.0,53.43,262.46
UD0116,270.0,53.43,262.99
UD0116,300.0,53.08,263.38
UD0116,330.0,52.62,263.81
UD0116,341.5,52.89,263.95
UD0117,0.0,52.83,260.4
UD0117,30.0,52.33,260.13
UD0117,60.0,51.84,260.0
UD0117,90.0,51.18,260.49
UD0117,120.0,51.18,260.62
UD0117,150.0,50.62,260.97
UD0117,180.0,50.17,261.41
UD0117,210.0,49.1,261.4
UD0117,240.0,48.91,261.2
UD0117,270.0,47.83,261.57
UD0117,300.0,47.81,262.86
UD0117,330.0,47.09,263.45
UD0117,360.0,46.83,264.0
UD0117,390.0,46.69,264.3
UD0117,420.0,46.45,264.76
UD0117,450.0,46.0,265.55
UD0117,480.0,45.8,265.49
UD0117,510.0,45.8,265.73
UD0117,540.0,45.65,264.74
UD0117,570.0,45.56,264.62
UD0117,592.62,44.98,265.0
UD0118,0.0,65.02,259.6
UD0118,30.0,65.13,260.6
UD0118,60.0,65.08,260.7
UD0118,90.0,64.51,262.15
UD0118,120.0,63.95,262.42
UD0118,150.0,63.0,262.25
UD0118,180.0,63.06,261.6
UD0118,197.93,62.77,261.96
CH00001,0.0,0.0,254.58
CH00001,3.23,0.0,254.58
CH00002,0.0,0.0,256.78
CH00002,3.26,0.0,256.78
CH00003,0.0,0.0,259.63
CH00003,4.43,0.0,259.63
CH00004,0.0,0.0,262.89
CH00004,3.27,0.0,262.89
CH00005,0.0,0.0,259.72
CH00005,3.3,0.0,259.72
CH00006,0.0,0.0,259.38
CH00006,3.43,0.0,259.38
CH00007,0.0,0.0,262.47
CH00007,4.36,0.0,262.47
CH00008,0.0,0.0,260.39
CH00008,3.87,0.0,260.39
CH00009,0.0,0.0,262.32
CH00009,4.55,0.0,262.32
CH00010,0.0,0.0,260.59
CH00010,4.06,0.0,260.59
CH00011,0.0,0.0,261.72
CH00011,3.78,0.0,261.72
CH00012,0.0,0.0,258.93
CH00012,4.59,0.0,258.93
CH00013,0.0,0.0,261.32
CH00013,4.22,0.0,261.32
CH00014,0.0,0.0,261.11
CH00014,4.44,0.0,261.11
CH00015,0.0,0.0,262.28
CH00015,4.42,0.0,262.28
CH00016,0.0,0.0,263.43
CH00016,4.57,0.0,263.43
CH00017,0.0,0.0,256.62
CH00017,4.12,0.0,256.62
CH00018,0.0,0.0,264.89
CH00018,4.48,0.0,264.89
CH00019,0.0,0.0,261.94
CH00019,4.38,0.0,261.94
CH00020,0.0,0.0,263.0
CH00020,4.12,0.0,263.0
CH00021,0.0,0.0,258.09
CH00021,4.71,0.0,258.09
CH00022,0.0,0.0,261.21
CH00022,4.79,0.0,261.21
CH00023,0.0,0.0,258.83
CH00023,3.94,0.0,258.83
CH00024,0.0,0.0,262.08
CH00024,4.41,0.0,262.08
CH00025,0.0,0.0,252.59
CH00025,4.76,0.0,252.59
CH00026,0.0,0.0,261.89
CH00026,3.65,0.0,261.89
CH00027,0.0,0.0,257.56
CH00027,3.35,0.0,257.56
CH00028,0.0,0.0,262.77
CH00028,4.37,0.0,262.77
CH00029,0.0,0.0,257.87
CH00029,3.97,0.0,257.87
CH00030,0.0,0.0,258.16
CH00030,4.84,0.0,258.16
CH00031,0.0,0.0,263.83
CH00031,4.67,0.0,263.83
CH00032,0.0,0.0,259.7
CH00032,3.68,0.0,259.7
CH00033,0.0,0.0,260.32
CH00033,4.02,0.0,260.32
CH00034,0.0,0.0,258.63
CH00034,4.15,0.0,258.63
CH00035,0.0,0.0,261.49
CH00035,3.87,0.0,261.49
CH00036,0.0,0.0,260.52
CH00036,3.69,0.0,260.52
CH00037,0.0,0.0,259.1
CH00037,4.74,0.0,259.1
CH00038,0.0,0.0,258.7
CH00038,4.28,0.0,258.7
CH00039,0.0,0.0,258.28
CH00039,3.67,0.0,258.28
CH00040,0.0,0.0,263.92
CH00040,3.62,0.0,263.92
CH00041,0.0,0.0,260.26
CH00041,3.74,0.0,260.26
CH00042,0.0,0.0,256.3
CH00042,4.43,0.0,256.3
CH00043,0.0,0.0,259.25
CH00043,4.35,0.0,259.25
CH00044,0.0,0.0,255.47
CH00044,4.24,0.0,255.47
CH00045,0.0,0.0,257.61
CH00045,4.48,0.0,257.61
CH00046,0.0,0.0,263.91
CH00046,4.43,0.0,263.91
CH00047,0.0,0.0,262.94
CH00047,3.52,0.0,262.94
CH00048,0.0,0.0,256.17
CH00048,4.06,0.0,256.17
CH00049,0.0,0.0,261.58
CH00049,3.92,0.0,261.58
CH00050,0.0,0.0,261.26
CH00050,3.81,0.0,261.26
CH00051,0.0,0.0,263.8
CH00051,4.4,0.0,263.8
CH00052,0.0,0.0,262.47
CH00052,3.27,0.0,262.47
CH00053,0.0,0.0,263.52
CH00053,4.42,0.0,263.52
CH00054,0.0,0.0,259.13
CH00054,4.36,0.0,259.13
CH00055,0.0,0.0,259.84
CH00055,3.97,0.0,259.84
CH00056,0.0,0.0,264.17
CH00056,4.62,0.0,264.17
CH00057,0.0,0.0,258.75
CH00057,4.51,0.0,258.75
CH00058,0.0,0.0,264.54
CH00058,3.53,0.0,264.54
CH00059,0.0,0.0,258.43
CH00059,4.08,0.0,258.43
CH00060,0.0,0.0,254.24
CH00060,4.37,0.0,254.24
CH00061,0.0,0.0,260.85
CH00061,4.58,0.0,260.85
CH00062,0.0,0.0,257.11
CH00062,4.16,0.0,257.11
CH00063,0.0,0.0,268.03
CH00063,4.61,0.0,268.03
CH00064,0.0,0.0,260.95
CH00064,4.34,0.0,260.95
CH00065,0.0,0.0,264.61
CH00065,4.94,0.0,264.61
CH00066,0.0,0.0,262.72
CH00066,5.07,0.0,262.72
CH00067,0.0,0.0,262.03
CH00067,5.35,0.0,262.03
CH00068,0.0,0.0,261.41
CH00068,4.93,0.0,261.41
CH00069,0.0,0.0,255.21
CH00069,4.76,0.0,255.21
CH00070,0.0,0.0,257.47
CH00070,5.08,0.0,257.47
CH00071,0.0,0.0,258.8
CH00071,4.22,0.0,258.8
CH00072,0.0,0.0,258.97
CH00072,5.26,0.0,258.97
CH00073,0.0,0.0,257.1
CH00073,4.7,0.0,257.1
CH00074,0.0,0.0,254.63
CH00074,4.61,0.0,254.63
CH00075,0.0,0.0,257.41
CH00075,5.51,0.0,257.41
CH00076,0.0,0.0,259.57
CH00076,5.46,0.0,259.57
CH00077,0.0,0.0,258.54
CH00077,4.24,0.0,258.54
CH00078,0.0,0.0,256.26
CH00078,5.06,0.0,256.26
CH00079,0.0,0.0,256.43
CH00079,5.13,0.0,256.43
CH00080,0.0,0.0,258.64
CH00080,4.08,0.0,258.64
CH00081,0.0,0.0,264.45
CH00081,4.71,0.0,264.45
CH00082,0.0,0.0,263.24
CH00082,4.17,0.0,263.24
CH00083,0.0,0.0,261.1
CH00083,4.78,0.0,261.1
CH00084,0.0,0.0,259.36
CH00084,4.23,0.0,259.36
CH00085,0.0,0.0,259.21
CH00085,5.28,0.0,259.21
CH00086,0.0,0.0,261.07
CH00086,5.11,0.0,261.07
CH00087,0.0,0.0,253.6
CH00087,4.89,0.0,253.6
CH00088,0.0,0.0,261.31
CH00088,4.25,0.0,261.31
CH00089,0.0,0.0,261.35
CH00089,4.7,0.0,261.35
CH00090,0.0,0.0,262.44
CH00090,4.83,0.0,262.44
CH00091,0.0,0.0,260.98
CH00091,4.26,0.0,260.98
CH00092,0.0,0.0,257.32
CH00092,4.42,0.0,257.32
CH00093,0.0,0.0,261.83
CH00093,4.13,0.0,261.83
CH00094,0.0,0.0,257.06
CH00094,3.73,0.0,257.06
CH00095,0.0,0.0,257.39
CH00095,4.54,0.0,257.39
CH00096,0.0,0.0,262.04
CH00096,3.77,0.0,262.04
CH00097,0.0,0.0,262.34
CH00097,4.27,0.0,262.34
CH00098,0.0,0.0,255.72
CH00098,4.05,0.0,255.72
CH00099,0.0,0.0,258.58
CH00099,4.07,0.0,258.58
CH00100,0.0,0.0,260.18
CH00100,3.8,0.0,260.18
CH00101,0.0,0.0,261.62
CH00101,4.39,0.0,261.62
CH00102,0.0,0.0,261.86
CH00102,4.2,0.0,261.86
CH00103,0.0,0.0,261.06
CH00103,3.99,0.0,261.06
CH00104,0.0,0.0,253.45
CH00104,5.12,0.0,253.45
CH00105,0.0,0.0,266.95
CH00105,4.48,0.0,266.95
CH00106,0.0,0.0,265.28
CH00106,4.41,0.0,265.28
CH00107,0.0,0.0,260.49
CH00107,5.17,0.0,260.49
CH00108,0.0,0.0,263.32
CH00108,5.21,0.0,263.32
CH00109,0.0,0.0,258.89
CH00109,6.09,0.0,258.89
CH00110,0.0,0.0,260.38
CH00110,6.05,0.0,260.38
CH00111,0.0,0.0,261.46
CH00111,5.61,0.0,261.46
CH00112,0.0,0.0,266.53
CH00112,5.52,0.0,266.53
CH00113,0.0,0.0,260.25
CH00113,6.53,0.0,260.25
CH00114,0.0,0.0,255.24
CH00114,6.43,0.0,255.24
CH00115,0.0,0.0,259.43
CH00115,6.5,0.0,259.43
CH00116,0.0,0.0,263.98
CH00116,4.95,0.0,263.98
CH00117,0.0,0.0,258.39
CH00117,5.51,0.0,258.39
CH00118,0.0,0.0,261.17
CH00118,5.85,0.0,261.17
CH00119,0.0,0.0,255.76
CH00119,4.68,0.0,255.76
CH00120,0.0,0.0,253.78
CH00120,5.72,0.0,253.78
CH00121,0.0,0.0,264.52
CH00121,4.88,0.0,264.52
CH00122,0.0,0.0,264.2
CH00122,4.78,0.0,264.2
CH00123,0.0,0.0,262.16
CH00123,4.8,0.0,262.16
CH00124,0.0,0.0,257.18
CH00124,5.14,0.0,257.18
CH00125,0.0,0.0,257.4
CH00125,5.05,0.0,257.4
CH00126,0.0,0.0,259.73
CH00126,4.15,0.0,259.73
CH00127,0.0,0.0,259.54
CH00127,4.37,0.0,259.54
CH00128,0.0,0.0,262.71
CH00128,4.59,0.0,262.71
CH00129,0.0,0.0,260.62
CH00129,5.19,0.0,260.62
CH00130,0.0,0.0,258.47
CH00130,4.68,0.0,258.47
CH00131,0.0,0.0,262.48
CH00131,4.99,0.0,262.48
CH00132,0.0,0.0,263.03
CH00132,4.94,0.0,263.03
CH00133,0.0,0.0,255.85
CH00133,5.96,0.0,255.85
CH00134,0.0,0.0,259.66
CH00134,6.35,0.0,259.66
CH00135,0.0,0.0,262.04
CH00135,5.61,0.0,262.04
CH00136,0.0,0.0,255.85
CH00136,6.09,0.0,255.85
CH00137,0.0,0.0,260.76
CH00137,7.26,0.0,260.76
CH00138,0.0,0.0,259.43
CH00138,7.47,0.0,259.43
CH00139,0.0,0.0,259.2
CH00139,7.35,0.0,259.2
CH00140,0.0,0.0,259.81
CH00140,8.21,0.0,259.81
CH00141,0.0,0.0,259.85
CH00141,7.66,0.0,259.85
CH00142,0.0,0.0,258.71
CH00142,7.51,0.0,258.71
CH00143,0.0,0.0,263.86
CH00143,7.59,0.0,263.86
CH00144,0.0,0.0,257.4
CH00144,7.73,0.0,257.4
CH00145,0.0,0.0,255.88
CH00145,7.94,0.0,255.88
CH00146,0.0,0.0,259.32
CH00146,7.91,0.0,259.32
CH00147,0.0,0.0,262.97
CH00147,7.51,0.0,262.97
CH00148,0.0,0.0,263.25
CH00148,7.37,0.0,263.25
CH00149,0.0,0.0,262.83
CH00149,6.84,0.0,262.83
CH00150,0.0,0.0,262.25
CH00150,7.19,0.0,262.25
CH00151,0.0,0.0,263.9
CH00151,6.56,0.0,263.9
CH00152,0.0,0.0,265.34
CH00152,5.54,0.0,265.34
CH00153,0.0,0.0,264.06
CH00153,5.99,0.0,264.06
CH00154,0.0,0.0,256.68
CH00154,6.14,0.0,256.68
CH00155,0.0,0.0,260.05
CH00155,6.15,0.0,260.05
CH00156,0.0,0.0,258.7
CH00156,5.91,0.0,258.7
CH00157,0.0,0.0,260.83
CH00157,5.81,0.0,260.83
CH00158,0.0,0.0,266.35
CH00158,4.7,0.0,266.35
CH00159,0.0,0.0,261.63
CH00159,5.67,0.0,261.63
CH00160,0.0,0.0,261.97
CH00160,4.16,0.0,261.97
CH00161,0.0,0.0,256.75
CH00161,4.16,0.0,256.75
CH00162,0.0,0.0,258.76
CH00162,3.47,0.0,258.76
CH00163,0.0,0.0,262.63
CH00163,4.0,0.0,262.63
CH00164,0.0,0.0,259.34
CH00164,3.2,0.0,259.34
CH00165,0.0,0.0,254.58
CH00165,3.62,0.0,254.58
CH00166,0.0,0.0,265.5
CH00166,3.02,0.0,265.5
CH00167,0.0,0.0,257.05
CH00167,3.21,0.0,257.05
CH00168,0.0,0.0,261.25
CH00168,4.32,0.0,261.25
CH00169,0.0,0.0,258.61
CH00169,3.53,0.0,258.61
CH00170,0.0,0.0,257.54
CH00170,4.43,0.0,257.54
CH00171,0.0,0.0,266.43
CH00171,3.93,0.0,266.43
CH00172,0.0,0.0,259.63
CH00172,3.9,0.0,259.63
CH00173,0.0,0.0,259.54
CH00173,4.39,0.0,259.54
CH00174,0.0,0.0,258.25
CH00174,3.31,0.0,258.25
CH00175,0.0,0.0,264.19
CH00175,3.1,0.0,264.19
CH00176,0.0,0.0,259.62
CH00176,3.51,0.0,259.62
CH00177,0.0,0.0,257.59
CH00177,4.59,0.0,257.59
CH00178,0.0,0.0,260.86
CH00178,3.59,0.0,260.86
CH00179,0.0,0.0,256.91
CH00179,3.77,0.0,256.91
CH00180,0.0,0.0,256.09
CH00180,4.71,0.0,256.09
CH00181,0.0,0.0,257.14
CH00181,4.53,0.0,257.14
CH00182,0.0,0.0,255.21
CH00182,4.36,0.0,255.21
CH00183,0.0,0.0,257.29
CH00183,4.82,0.0,257.29
CH00184,0.0,0.0,260.83
CH00184,3.67,0.0,260.83
CH00185,0.0,0.0,255.04
CH00185,3.56,0.0,255.04
CH00186,0.0,0.0,259.4
CH00186,4.65,0.0,259.4
CH00187,0.0,0.0,261.23
CH00187,4.61,0.0,261.23
CH00188,0.0,0.0,256.5
CH00188,3.54,0.0,256.5
CH00189,0.0,0.0,255.68
CH00189,4.43,0.0,255.68
CH00190,0.0,0.0,265.9
CH00190,4.61,0.0,265.9
CH00191,0.0,0.0,260.43
CH00191,4.07,0.0,260.43
CH00192,0.0,0.0,253.42
CH00192,4.7,0.0,253.42
CH00193,0.0,0.0,256.78
CH00193,4.8,0.0,256.78
CH00194,0.0,0.0,264.64
CH00194,3.99,0.0,264.64
CH00195,0.0,0.0,261.76
CH00195,3.68,0.0,261.76
CH00196,0.0,0.0,258.72
CH00196,3.32,0.0,258.72
CH00197,0.0,0.0,259.91
CH00197,4.02,0.0,259.91
CH00198,0.0,0.0,262.14
CH00198,4.01,0.0,262.14
CH00199,0.0,0.0,259.69
CH00199,3.97,0.0,259.69
CH00200,0.0,0.0,259.89
CH00200,3.78,0.0,259.89
CH00201,0.0,0.0,260.47
CH00201,4.15,0.0,260.47
CH00202,0.0,0.0,255.06
CH00202,4.23,0.0,255.06
CH00203,0.0,0.0,259.94
CH00203,3.9,0.0,259.94
CH00204,0.0,0.0,257.03
CH00204,4.24,0.0,257.03
CH00205,0.0,0.0,255.81
CH00205,4.48,0.0,255.81
CH00206,0.0,0.0,261.13
CH00206,3.59,0.0,261.13
CH00207,0.0,0.0,260.61
CH00207,3.93,0.0,260.61
CH00208,0.0,0.0,260.88
CH00208,4.31,0.0,260.88
CH00209,0.0,0.0,260.8
CH00209,4.35,0.0,260.8
CH00210,0.0,0.0,261.96
CH00210,3.65,0.0,261.96
CH00211,0.0,0.0,254.93
CH00211,4.27,0.0,254.93
CH00212,0.0,0.0,257.72
CH00212,4.45,0.0,257.72
CH00213,0.0,0.0,263.91
CH00213,5.14,0.0,263.91
CH00214,0.0,0.0,260.08
CH00214,4.8,0.0,260.08
CH00215,0.0,0.0,263.59
CH00215,4.61,0.0,263.59
CH00216,0.0,0.0,252.26
CH00216,5.32,0.0,252.26
CH00217,0.0,0.0,257.85
CH00217,4.53,0.0,257.85
CH00218,0.0,0.0,258.8
CH00218,4.1,0.0,258.8
CH00219,0.0,0.0,262.22
CH00219,4.22,0.0,262.22
CH00220,0.0,0.0,257.45
CH00220,3.86,0.0,257.45
CH00221,0.0,0.0,258.19
CH00221,3.74,0.0,258.19
CH00222,0.0,0.0,256.81
CH00222,4.9,0.0,256.81
CH00223,0.0,0.0,256.01
CH00223,4.77,0.0,256.01
CH00224,0.0,0.0,255.19
CH00224,4.91,0.0,255.19
CH00225,0.0,0.0,264.76
CH00225,4.86,0.0,264.76
CH00226,0.0,0.0,257.21
CH00226,4.52,0.0,257.21
CH00227,0.0,0.0,258.16
CH00227,4.05,0.0,258.16
CH00228,0.0,0.0,260.14
CH00228,3.99,0.0,260.14
CH00229,0.0,0.0,265.83
CH00229,3.41,0.0,265.83
CH00230,0.0,0.0,257.82
CH00230,4.36,0.0,257.82
CH00231,0.0,0.0,261.85
CH00231,4.63,0.0,261.85
CH00232,0.0,0.0,257.27
CH00232,4.79,0.0,257.27
CH00233,0.0,0.0,259.98
CH00233,4.56,0.0,259.98
CH00234,0.0,0.0,262.76
CH00234,4.58,0.0,262.76
CH00235,0.0,0.0,257.81
CH00235,3.74,0.0,257.81
CH00236,0.0,0.0,263.08
CH00236,3.38,0.0,263.08
CH00237,0.0,0.0,254.48
CH00237,4.14,0.0,254.48
CH00238,0.0,0.0,251.85
CH00238,4.35,0.0,251.85
CH00239,0.0,0.0,261.01
CH00239,4.12,0.0,261.01
CH00240,0.0,0.0,261.07
CH00240,4.55,0.0,261.07
CH00241,0.0,0.0,260.3
CH00241,4.33,0.0,260.3
CH00242,0.0,0.0,263.98
CH00242,3.78,0.0,263.98
CH00243,0.0,0.0,256.34
CH00243,4.41,0.0,256.34
CH00244,0.0,0.0,266.0
CH00244,4.28,0.0,266.0
CH00245,0.0,0.0,256.26
CH00245,4.01,0.0,256.26
CH00246,0.0,0.0,263.58
CH00246,3.62,0.0,263.58
CH00247,0.0,0.0,260.62
CH00247,4.25,0.0,260.62
CH00248,0.0,0.0,257.2
CH00248,3.15,0.0,257.2
CH00249,0.0,0.0,258.22
CH00249,4.12,0.0,258.22
CH00250,0.0,0.0,265.01
CH00250,3.88,0.0,265.01
CH00251,0.0,0.0,259.03
CH00251,4.59,0.0,259.03
CH00252,0.0,0.0,262.51
CH00252,4.26,0.0,262.51
CH00253,0.0,0.0,259.24
CH00253,4.33,0.0,259.24
CH00254,0.0,0.0,257.65
CH00254,3.9,0.0,257.65
CH00255,0.0,0.0,261.1
CH00255,4.72,0.0,261.1
CH00256,0.0,0.0,257.01
CH00256,4.29,0.0,257.01
CH00257,0.0,0.0,262.04
CH00257,4.92,0.0,262.04
CH00258,0.0,0.0,265.38
CH00258,4.18,0.0,265.38
CH00259,0.0,0.0,254.42
CH00259,4.32,0.0,254.42
CH00260,0.0,0.0,261.62
CH00260,4.5,0.0,261.62
CH00261,0.0,0.0,260.16
CH00261,3.73,0.0,260.16
CH00262,0.0,0.0,260.88
CH00262,4.46,0.0,260.88
CH00263,0.0,0.0,261.12
CH00263,4.49,0.0,261.12
CH00264,0.0,0.0,260.64
CH00264,4.12,0.0,260.64
CH00265,0.0,0.0,259.15
CH00265,4.69,0.0,259.15
CH00266,0.0,0.0,263.04
CH00266,3.58,0.0,263.04
CH00267,0.0,0.0,260.37
CH00267,3.32,0.0,260.37
CH00268,0.0,0.0,257.89
CH00268,4.69,0.0,257.89
CH00269,0.0,0.0,261.32
CH00269,3.59,0.0,261.32
CH00270,0.0,0.0,263.59
CH00270,3.95,0.0,263.59
CH00271,0.0,0.0,264.5
CH00271,4.31,0.0,264.5
CH00272,0.0,0.0,256.27
CH00272,3.38,0.0,256.27
CH00273,0.0,0.0,260.19
CH00273,4.36,0.0,260.19
CH00274,0.0,0.0,256.21
CH00274,3.48,0.0,256.21
CH00275,0.0,0.0,259.46
CH00275,4.1,0.0,259.46
CH00276,0.0,0.0,262.4
CH00276,3.55,0.0,262.4
CH00277,0.0,0.0,261.76
CH00277,3.17,0.0,261.76
CH00278,0.0,0.0,256.58
CH00278,3.6,0.0,256.58
CH00279,0.0,0.0,257.69
CH00279,3.85,0.0,257.69
CH00280,0.0,0.0,262.17
CH00280,3.76,0.0,262.17
CH00281,0.0,0.0,258.14
CH00281,4.72,0.0,258.14
CH00282,0.0,0.0,260.82
CH00282,3.48,0.0,260.82
CH00283,0.0,0.0,260.48
CH00283,4.06,0.0,260.48
CH00284,0.0,0.0,260.24
CH00284,4.59,0.0,260.24
CH00285,0.0,0.0,259.84
CH00285,4.66,0.0,259.84
CH00286,0.0,0.0,259.0
CH00286,4.3,0.0,259.0
CH00287,0.0,0.0,255.57
CH00287,3.8,0.0,255.57
CH00288,0.0,0.0,255.42
CH00288,4.91,0.0,255.42
CH00289,0.0,0.0,267.35
CH00289,3.93,0.0,267.35
CH00290,0.0,0.0,262.48
CH00290,5.19,0.0,262.48
CH00291,0.0,0.0,262.8
CH00291,4.87,0.0,262.8
CH00292,0.0,0.0,262.21
CH00292,4.57,0.0,262.21
CH00293,0.0,0.0,257.54
CH00293,4.63,0.0,257.54
CH00294,0.0,0.0,259.27
CH00294,4.46,0.0,259.27
CH00295,0.0,0.0,255.3
CH00295,5.33,0.0,255.3
CH00296,0.0,0.0,257.75
CH00296,4.36,0.0,257.75
CH00297,0.0,0.0,258.89
CH00297,4.7,0.0,258.89
CH00298,0.0,0.0,262.54
CH00298,3.92,0.0,262.54
CH00299,0.0,0.0,257.83
CH00299,3.86,0.0,257.83
CH00300,0.0,0.0,263.61
CH00300,3.71,0.0,263.61
CH00301,0.0,0.0,263.97
CH00301,4.82,0.0,263.97
CH00302,0.0,0.0,262.38
CH00302,4.56,0.0,262.38
CH00303,0.0,0.0,255.8
CH00303,4.29,0.0,255.8
CH00304,0.0,0.0,258.28
CH00304,4.35,0.0,258.28
CH00305,0.0,0.0,252.79
CH00305,4.0,0.0,252.79
CH00306,0.0,0.0,264.82
CH00306,4.12,0.0,264.82
CH00307,0.0,0.0,267.69
CH00307,4.67,0.0,267.69
CH00308,0.0,0.0,255.25
CH00308,4.26,0.0,255.25
CH00309,0.0,0.0,266.82
CH00309,4.76,0.0,266.82
CH00310,0.0,0.0,256.46
CH00310,3.91,0.0,256.46
CH00311,0.0,0.0,259.55
CH00311,4.69,0.0,259.55
CH00312,0.0,0.0,254.41
CH00312,3.56,0.0,254.41
CH00313,0.0,0.0,263.3
CH00313,3.79,0.0,263.3
CH00314,0.0,0.0,263.24
CH00314,3.89,0.0,263.24
CH00315,0.0,0.0,264.8
CH00315,3.65,0.0,264.8
CH00316,0.0,0.0,257.18
CH00316,4.96,0.0,257.18
CH00317,0.0,0.0,263.03
CH00317,3.68,0.0,263.03
CH00318,0.0,0.0,259.4
CH00318,3.91,0.0,259.4
CH00319,0.0,0.0,258.3
CH00319,3.94,0.0,258.3
CH00320,0.0,0.0,257.52
CH00320,4.09,0.0,257.52
CH00321,0.0,0.0,257.54
CH00321,4.64,0.0,257.54
CH00322,0.0,0.0,254.42
CH00322,3.67,0.0,254.42
CH00323,0.0,0.0,259.21
CH00323,4.01,0.0,259.21
CH00324,0.0,0.0,262.29
CH00324,4.07,0.0,262.29
CH00325,0.0,0.0,254.97
CH00325,3.26,0.0,254.97
CH00326,0.0,0.0,257.73
CH00326,4.02,0.0,257.73
CH00327,0.0,0.0,261.7
CH00327,4.03,0.0,261.7
CH00328,0.0,0.0,254.66
CH00328,4.25,0.0,254.66
CH00329,0.0,0.0,263.88
CH00329,3.15,0.0,263.88
CH00330,0.0,0.0,258.46
CH00330,3.18,0.0,258.46
CH00331,0.0,0.0,260.54
CH00331,3.62,0.0,260.54
CH00332,0.0,0.0,261.62
CH00332,4.54,0.0,261.62
CH00333,0.0,0.0,261.8
CH00333,3.66,0.0,261.8
CH00334,0.0,0.0,258.85
CH00334,3.65,0.0,258.85
CH00335,0.0,0.0,255.74
CH00335,3.69,0.0,255.74
CH00336,0.0,0.0,259.31
CH00336,3.81,0.0,259.31
CH00337,0.0,0.0,259.88
CH00337,3.5,0.0,259.88
CH00338,0.0,0.0,259.1
CH00338,3.51,0.0,259.1
CH00339,0.0,0.0,256.14
CH00339,4.54,0.0,256.14
CH00340,0.0,0.0,261.29
CH00340,3.82,0.0,261.29
CH00341,0.0,0.0,267.96
CH00341,4.84,0.0,267.96
CH00342,0.0,0.0,263.47
CH00342,4.24,0.0,263.47
CH00343,0.0,0.0,262.13
CH00343,4.72,0.0,262.13
CH00344,0.0,0.0,266.17
CH00344,5.05,0.0,266.17
CH00345,0.0,0.0,260.9
CH00345,5.41,0.0,260.9
CH00346,0.0,0.0,254.58
CH00346,4.91,0.0,254.58
CH00347,0.0,0.0,257.45
CH00347,5.52,0.0,257.45
CH00348,0.0,0.0,258.08
CH00348,6.12,0.0,258.08
CH00349,0.0,0.0,262.4
CH00349,4.96,0.0,262.4
CH00350,0.0,0.0,261.97
CH00350,5.52,0.0,261.97
CH00351,0.0,0.0,251.61
CH00351,5.48,0.0,251.61
CH00352,0.0,0.0,258.92
CH00352,5.03,0.0,258.92
CH00353,0.0,0.0,256.35
CH00353,6.14,0.0,256.35
CH00354,0.0,0.0,255.6
CH00354,6.01,0.0,255.6
CH00355,0.0,0.0,263.51
CH00355,4.9,0.0,263.51
CH00356,0.0,0.0,261.59
CH00356,5.03,0.0,261.59
CH00357,0.0,0.0,260.41
CH00357,5.18,0.0,260.41
CH00358,0.0,0.0,256.98
CH00358,5.62,0.0,256.98
CH00359,0.0,0.0,258.97
CH00359,5.81,0.0,258.97
CH00360,0.0,0.0,258.64
CH00360,5.68,0.0,258.64
CH00361,0.0,0.0,259.57
CH00361,5.71,0.0,259.57
CH00362,0.0,0.0,259.52
CH00362,5.65,0.0,259.52
CH00363,0.0,0.0,259.47
CH00363,5.21,0.0,259.47
CH00364,0.0,0.0,256.63
CH00364,4.49,0.0,256.63
CH00365,0.0,0.0,261.25
CH00365,4.21,0.0,261.25
CH00366,0.0,0.0,261.72
CH00366,4.88,0.0,261.72
CH00367,0.0,0.0,261.4
CH00367,4.28,0.0,261.4
CH00368,0.0,0.0,256.78
CH00368,4.38,0.0,256.78
CH00369,0.0,0.0,256.87
CH00369,4.63,0.0,256.87
CH00370,0.0,0.0,261.65
CH00370,4.72,0.0,261.65
CH00371,0.0,0.0,262.55
CH00371,3.85,0.0,262.55
CH00372,0.0,0.0,255.71
CH00372,4.32,0.0,255.71
CH00373,0.0,0.0,257.36
CH00373,4.3,0.0,257.36
CH00374,0.0,0.0,260.67
CH00374,3.84,0.0,260.67
CH00375,0.0,0.0,257.37
CH00375,4.15,0.0,257.37
CH00376,0.0,0.0,257.96
CH00376,3.49,0.0,257.96
CH00377,0.0,0.0,259.16
CH00377,4.31,0.0,259.16
CH00378,0.0,0.0,257.8
CH00378,4.35,0.0,257.8
CH00379,0.0,0.0,263.91
CH00379,4.32,0.0,263.91
CH00380,0.0,0.0,259.25
CH00380,5.12,0.0,259.25
CH00381,0.0,0.0,255.18
CH00381,4.51,0.0,255.18
CH00382,0.0,0.0,262.99
CH00382,4.15,0.0,262.99
CH00383,0.0,0.0,255.92
CH00383,4.72,0.0,255.92
CH00384,0.0,0.0,258.65
CH00384,5.6,0.0,258.65
CH00385,0.0,0.0,262.26
CH00385,4.58,0.0,262.26
CH00386,0.0,0.0,261.25
CH00386,5.5,0.0,261.25
CH00387,0.0,0.0,259.19
CH00387,5.11,0.0,259.19
CH00388,0.0,0.0,261.32
CH00388,5.73,0.0,261.32
CH00389,0.0,0.0,258.59
CH00389,5.46,0.0,258.59
CH00390,0.0,0.0,262.17
CH00390,5.5,0.0,262.17
CH00391,0.0,0.0,256.99
CH00391,5.67,0.0,256.99
CH00392,0.0,0.0,257.55
CH00392,5.42,0.0,257.55
CH00393,0.0,0.0,258.5
CH00393,5.25,0.0,258.5
CH00394,0.0,0.0,261.04
CH00394,4.31,0.0,261.04
CH00395,0.0,0.0,260.27
CH00395,4.67,0.0,260.27
CH00396,0.0,0.0,257.0
CH00396,4.59,0.0,257.0
CH00397,0.0,0.0,255.66
CH00397,4.86,0.0,255.66
CH00398,0.0,0.0,254.83
CH00398,4.24,0.0,254.83
CH00399,0.0,0.0,260.49
CH00399,3.99,0.0,260.49
CH00400,0.0,0.0,262.28
CH00400,4.1,0.0,262.28
CH00401,0.0,0.0,257.27
CH00401,4.5,0.0,257.27
CH00402,0.0,0.0,263.61
CH00402,3.38,0.0,263.61
CH00403,0.0,0.0,262.87
CH00403,3.78,0.0,262.87
CH00404,0.0,0.0,260.23
CH00404,4.28,0.0,260.23
CH00405,0.0,0.0,260.13
CH00405,3.75,0.0,260.13
CH00406,0.0,0.0,260.36
CH00406,3.67,0.0,260.36
CH00407,0.0,0.0,259.87
CH00407,4.67,0.0,259.87
CH00408,0.0,0.0,257.21
CH00408,4.07,0.0,257.21
CH00409,0.0,0.0,259.94
CH00409,4.25,0.0,259.94
CH00410,0.0,0.0,263.53
CH00410,3.5,0.0,263.53
CH00411,0.0,0.0,254.03
CH00411,3.89,0.0,254.03
CH00412,0.0,0.0,260.99
CH00412,4.97,0.0,260.99
CH00413,0.0,0.0,260.3
CH00413,4.96,0.0,260.3
CH00414,0.0,0.0,261.68
CH00414,4.13,0.0,261.68
CH00415,0.0,0.0,254.95
CH00415,4.52,0.0,254.95
CH00416,0.0,0.0,265.2
CH00416,4.31,0.0,265.2
CH00417,0.0,0.0,260.58
CH00417,5.6,0.0,260.58
CH00418,0.0,0.0,255.49
CH00418,5.76,0.0,255.49
CH00419,0.0,0.0,255.34
CH00419,6.27,0.0,255.34
CH00420,0.0,0.0,260.05
CH00420,6.17,0.0,260.05
CH00421,0.0,0.0,259.45
CH00421,6.95,0.0,259.45
CH00422,0.0,0.0,265.86
CH00422,6.87,0.0,265.86
CH00423,0.0,0.0,261.85
CH00423,6.32,0.0,261.85
CH00424,0.0,0.0,259.7
CH00424,7.89,0.0,259.7
CH00425,0.0,0.0,260.17
CH00425,6.62,0.0,260.17
CH00426,0.0,0.0,260.2
CH00426,7.7,0.0,260.2
CH00427,0.0,0.0,259.36
CH00427,7.23,0.0,259.36
CH00428,0.0,0.0,258.42
CH00428,6.63,0.0,258.42
CH00429,0.0,0.0,256.66
CH00429,6.85,0.0,256.66
CH00430,0.0,0.0,260.5
CH00430,7.53,0.0,260.5
CH00431,0.0,0.0,263.52
CH00431,6.85,0.0,263.52
CH00432,0.0,0.0,258.7
CH00432,7.22,0.0,258.7
CH00433,0.0,0.0,257.14
CH00433,5.66,0.0,257.14
CH00434,0.0,0.0,258.99
CH00434,5.38,0.0,258.99
CH00435,0.0,0.0,257.89
CH00435,5.52,0.0,257.89
CH00436,0.0,0.0,259.79
CH00436,5.99,0.0,259.79
CH00437,0.0,0.0,255.06
CH00437,4.62,0.0,255.06
CH00438,0.0,0.0,265.72
CH00438,4.73,0.0,265.72
CH00439,0.0,0.0,257.83
CH00439,5.36,0.0,257.83
CH00440,0.0,0.0,257.56
CH00440,3.51,0.0,257.56
CH00441,0.0,0.0,258.36
CH00441,4.01,0.0,258.36
CH00442,0.0,0.0,256.48
CH00442,2.97,0.0,256.48
CH00443,0.0,0.0,260.06
CH00443,3.54,0.0,260.06
CH00444,0.0,0.0,260.86
CH00444,3.82,0.0,260.86
CH00445,0.0,0.0,262.57
CH00445,4.31,0.0,262.57
CH00446,0.0,0.0,263.59
CH00446,3.45,0.0,263.59
CH00447,0.0,0.0,263.96
CH00447,3.31,0.0,263.96
CH00448,0.0,0.0,257.11
CH00448,4.1,0.0,257.11
CH00449,0.0,0.0,257.55
CH00449,4.32,0.0,257.55
CH00450,0.0,0.0,255.44
CH00450,4.16,0.0,255.44
CH00451,0.0,0.0,256.52
CH00451,4.27,0.0,256.52
CH00452,0.0,0.0,259.93
CH00452,3.89,0.0,259.93
CH00453,0.0,0.0,263.7
CH00453,3.99,0.0,263.7
CH00454,0.0,0.0,257.35
CH00454,3.29,0.0,257.35
CH00455,0.0,0.0,261.86
CH00455,3.47,0.0,261.86
CH00456,0.0,0.0,254.5
CH00456,3.19,0.0,254.5
CH00457,0.0,0.0,257.1
CH00457,3.37,0.0,257.1
CH00458,0.0,0.0,260.38
CH00458,3.55,0.0,260.38
CH00459,0.0,0.0,261.79
CH00459,3.09,0.0,261.79
CH00460,0.0,0.0,257.36
CH00460,4.38,0.0,257.36
CH00461,0.0,0.0,264.8
CH00461,4.19,0.0,264.8
CH00462,0.0,0.0,256.15
CH00462,4.48,0.0,256.15
CH00463,0.0,0.0,260.32
CH00463,3.51,0.0,260.32
CH00464,0.0,0.0,259.6
CH00464,4.05,0.0,259.6
CH00465,0.0,0.0,261.08
CH00465,3.74,0.0,261.08
CH00466,0.0,0.0,259.31
CH00466,3.65,0.0,259.31
CH00467,0.0,0.0,264.2
CH00467,4.35,0.0,264.2
CH00468,0.0,0.0,260.84
CH00468,3.5,0.0,260.84
CH00469,0.0,0.0,263.75
CH00469,3.96,0.0,263.75
CH00470,0.0,0.0,256.79
CH00470,5.1,0.0,256.79
CH00471,0.0,0.0,258.64
CH00471,4.97,0.0,258.64
CH00472,0.0,0.0,257.85
CH00472,4.11,0.0,257.85
CH00473,0.0,0.0,255.8
CH00473,4.6,0.0,255.8
CH00474,0.0,0.0,258.39
CH00474,5.36,0.0,258.39
CH00475,0.0,0.0,259.49
CH00475,4.75,0.0,259.49
CH00476,0.0,0.0,256.21
CH00476,5.36,0.0,256.21
CH00477,0.0,0.0,260.76
CH00477,5.45,0.0,260.76
CH00478,0.0,0.0,263.11
CH00478,4.95,0.0,263.11
CH00479,0.0,0.0,260.73
CH00479,5.32,0.0,260.73
CH00480,0.0,0.0,256.99
CH00480,4.36,0.0,256.99
CH00481,0.0,0.0,253.32
CH00481,3.85,0.0,253.32
CH00482,0.0,0.0,256.82
CH00482,4.1,0.0,256.82
CH00483,0.0,0.0,263.76
CH00483,4.47,0.0,263.76
CH00484,0.0,0.0,254.36
CH00484,3.7,0.0,254.36
CH00485,0.0,0.0,260.38
CH00485,3.62,0.0,260.38
CH00486,0.0,0.0,258.64
CH00486,3.58,0.0,258.64
CH00487,0.0,0.0,257.92
CH00487,4.76,0.0,257.92
CH00488,0.0,0.0,261.01
CH00488,4.32,0.0,261.01
CH00489,0.0,0.0,261.49
CH00489,4.49,0.0,261.49
CH00490,0.0,0.0,262.36
CH00490,4.37,0.0,262.36
CH00491,0.0,0.0,254.71
CH00491,3.94,0.0,254.71
CH00492,0.0,0.0,259.52
CH00492,4.08,0.0,259.52
CH00493,0.0,0.0,259.34
CH00493,3.37,0.0,259.34
CH00494,0.0,0.0,259.54
CH00494,4.76,0.0,259.54
CH00495,0.0,0.0,254.68
CH00495,4.54,0.0,254.68
CH00496,0.0,0.0,263.16
CH00496,3.81,0.0,263.16
CH00497,0.0,0.0,259.42
CH00497,4.8,0.0,259.42
CH00498,0.0,0.0,261.78
CH00498,4.57,0.0,261.78
CH00499,0.0,0.0,259.93
CH00499,4.38,0.0,259.93
CH00500,0.0,0.0,257.74
CH00500,4.04,0.0,257.74
CH00501,0.0,0.0,265.53
CH00501,5.23,0.0,265.53
CH00502,0.0,0.0,263.4
CH00502,4.58,0.0,263.4
CH00503,0.0,0.0,259.8
CH00503,4.87,0.0,259.8
CH00504,0.0,0.0,259.81
CH00504,4.55,0.0,259.81
CH00505,0.0,0.0,257.89
CH00505,5.09,0.0,257.89
CH00506,0.0,0.0,260.73
CH00506,5.47,0.0,260.73
CH00507,0.0,0.0,263.51
CH00507,5.35,0.0,263.51
CH00508,0.0,0.0,257.91
CH00508,4.68,0.0,257.91
CH00509,0.0,0.0,259.26
CH00509,4.75,0.0,259.26
CH00510,0.0,0.0,265.04
CH00510,4.0,0.0,265.04
CH00511,0.0,0.0,261.68
CH00511,4.6,0.0,261.68
CH00512,0.0,0.0,260.29
CH00512,4.96,0.0,260.29
CH00513,0.0,0.0,262.73
CH00513,4.47,0.0,262.73
CH00514,0.0,0.0,257.13
CH00514,4.37,0.0,257.13
CH00515,0.0,0.0,260.27
CH00515,4.89,0.0,260.27
CH00516,0.0,0.0,259.75
CH00516,3.77,0.0,259.75
CH00517,0.0,0.0,256.19
CH00517,3.61,0.0,256.19
CH00518,0.0,0.0,260.03
CH00518,4.59,0.0,260.03
CH00519,0.0,0.0,262.97
CH00519,4.89,0.0,262.97
CH00520,0.0,0.0,263.64
CH00520,3.56,0.0,263.64
CH00521,0.0,0.0,258.06
CH00521,4.75,0.0,258.06
CH00522,0.0,0.0,261.48
CH00522,3.95,0.0,261.48
CH00523,0.0,0.0,257.78
CH00523,4.6,0.0,257.78
CH00524,0.0,0.0,262.16
CH00524,4.36,0.0,262.16
CH00525,0.0,0.0,261.58
CH00525,3.9,0.0,261.58
CH00526,0.0,0.0,261.62
CH00526,3.48,0.0,261.62
CH00527,0.0,0.0,263.87
CH00527,3.72,0.0,263.87
CH00528,0.0,0.0,265.51
CH00528,3.95,0.0,265.51
CH00529,0.0,0.0,261.65
CH00529,3.8,0.0,261.65
CH00530,0.0,0.0,266.65
CH00530,4.27,0.0,266.65
CH00531,0.0,0.0,261.95
CH00531,3.32,0.0,261.95
CH00532,0.0,0.0,258.89
CH00532,4.25,0.0,258.89
CH00533,0.0,0.0,261.64
CH00533,3.95,0.0,261.64
CH00534,0.0,0.0,257.08
CH00534,4.71,0.0,257.08
CH00535,0.0,0.0,259.94
CH00535,4.75,0.0,259.94
CH00536,0.0,0.0,265.35
CH00536,4.48,0.0,265.35
CH00537,0.0,0.0,257.58
CH00537,3.67,0.0,257.58
CH00538,0.0,0.0,261.45
CH00538,3.74,0.0,261.45
CH00539,0.0,0.0,263.59
CH00539,5.0,0.0,263.59
CH00540,0.0,0.0,258.43
CH00540,5.07,0.0,258.43
CH00541,0.0,0.0,253.63
CH00541,3.78,0.0,253.63
CH00542,0.0,0.0,258.67
CH00542,4.66,0.0,258.67
CH00543,0.0,0.0,256.93
CH00543,4.0,0.0,256.93
CH00544,0.0,0.0,260.55
CH00544,4.59,0.0,260.55
CH00545,0.0,0.0,262.68
CH00545,5.15,0.0,262.68
CH00546,0.0,0.0,264.89
CH00546,4.69,0.0,264.89
CH00547,0.0,0.0,256.32
CH00547,4.87,0.0,256.32
CH00548,0.0,0.0,258.88
CH00548,4.34,0.0,258.88
CH00549,0.0,0.0,254.49
CH00549,4.18,0.0,254.49
CH00550,0.0,0.0,260.08
CH00550,3.7,0.0,260.08
CH00551,0.0,0.0,258.08
CH00551,4.34,0.0,258.08
CH00552,0.0,0.0,263.57
CH00552,4.04,0.0,263.57
CH00553,0.0,0.0,265.19
CH00553,4.22,0.0,265.19
CH00554,0.0,0.0,265.8
CH00554,3.73,0.0,265.8
CH00555,0.0,0.0,258.01
CH00555,4.58,0.0,258.01
CH00556,0.0,0.0,262.2
CH00556,3.65,0.0,262.2
CH00557,0.0,0.0,260.76
CH00557,4.51,0.0,260.76
CH00558,0.0,0.0,256.3
CH00558,3.4,0.0,256.3
CH00559,0.0,0.0,259.45
CH00559,3.63,0.0,259.45
CH00560,0.0,0.0,259.65
CH00560,4.49,0.0,259.65
CH00561,0.0,0.0,256.58
CH00561,3.51,0.0,256.58
CH00562,0.0,0.0,261.18
CH00562,3.36,0.0,261.18
CH00563,0.0,0.0,258.74
CH00563,3.74,0.0,258.74
CH00564,0.0,0.0,262.85
CH00564,3.89,0.0,262.85
CH00565,0.0,0.0,258.85
CH00565,4.07,0.0,258.85
CH00566,0.0,0.0,257.76
CH00566,3.5,0.0,257.76
CH00567,0.0,0.0,265.65
CH00567,3.14,0.0,265.65
CH00568,0.0,0.0,260.59
CH00568,3.94,0.0,260.59
CH00569,0.0,0.0,263.08
CH00569,4.09,0.0,263.08
CH00570,0.0,0.0,258.87
CH00570,4.17,0.0,258.87
CH00571,0.0,0.0,258.07
CH00571,3.17,0.0,258.07
CH00572,0.0,0.0,265.0
CH00572,4.04,0.0,265.0
CH00573,0.0,0.0,256.64
CH00573,3.1,0.0,256.64
CH00574,0.0,0.0,257.43
CH00574,3.15,0.0,257.43
CH00575,0.0,0.0,258.28
CH00575,4.83,0.0,258.28
CH00576,0.0,0.0,263.18
CH00576,5.34,0.0,263.18
CH00577,0.0,0.0,260.32
CH00577,5.36,0.0,260.32
CH00578,0.0,0.0,257.65
CH00578,4.74,0.0,257.65
CH00579,0.0,0.0,259.23
CH00579,5.52,0.0,259.23
CH00580,0.0,0.0,265.76
CH00580,5.09,0.0,265.76
CH00581,0.0,0.0,257.48
CH00581,4.39,0.0,257.48
CH00582,0.0,0.0,266.31
CH00582,4.54,0.0,266.31
CH00583,0.0,0.0,257.92
CH00583,4.44,0.0,257.92
CH00584,0.0,0.0,254.78
CH00584,5.42,0.0,254.78
CH00585,0.0,0.0,259.36
CH00585,4.52,0.0,259.36
CH00586,0.0,0.0,257.41
CH00586,5.59,0.0,257.41
CH00587,0.0,0.0,262.98
CH00587,5.15,0.0,262.98
CH00588,0.0,0.0,261.66
CH00588,5.74,0.0,261.66
CH00589,0.0,0.0,256.83
CH00589,4.63,0.0,256.83
CH00590,0.0,0.0,257.81
CH00590,4.73,0.0,257.81
CH00591,0.0,0.0,255.99
CH00591,4.97,0.0,255.99
CH00592,0.0,0.0,260.83
CH00592,5.04,0.0,260.83
CH00593,0.0,0.0,263.84
CH00593,4.57,0.0,263.84
CH00594,0.0,0.0,257.52
CH00594,5.35,0.0,257.52
CH00595,0.0,0.0,263.38
CH00595,5.39,0.0,263.38
CH00596,0.0,0.0,263.89
CH00596,4.3,0.0,263.89
CH00597,0.0,0.0,265.74
CH00597,5.48,0.0,265.74
CH00598,0.0,0.0,257.05
CH00598,4.67,0.0,257.05
CH00599,0.0,0.0,260.0
CH00599,4.54,0.0,260.0
CH00600,0.0,0.0,257.59
CH00600,5.4,0.0,257.59
CH00601,0.0,0.0,259.88
CH00601,5.33,0.0,259.88
CH00602,0.0,0.0,261.55
CH00602,5.34,0.0,261.55
CH00603,0.0,0.0,253.77
CH00603,5.32,0.0,253.77
CH00604,0.0,0.0,257.4
CH00604,5.08,0.0,257.4
CH00605,0.0,0.0,261.65
CH00605,5.3,0.0,261.65
CH00606,0.0,0.0,258.71
CH00606,4.46,0.0,258.71
CH00607,0.0,0.0,256.49
CH00607,4.46,0.0,256.49
CH00608,0.0,0.0,262.96
CH00608,5.18,0.0,262.96
CH00609,0.0,0.0,266.29
CH00609,4.85,0.0,266.29
CH00610,0.0,0.0,260.75
CH00610,4.68,0.0,260.75
CH00611,0.0,0.0,260.37
CH00611,5.13,0.0,260.37
CH00612,0.0,0.0,260.93
CH00612,5.54,0.0,260.93
CH00613,0.0,0.0,257.22
CH00613,4.49,0.0,257.22
CH00614,0.0,0.0,261.96
CH00614,5.23,0.0,261.96
CH00615,0.0,0.0,260.25
CH00615,4.78,0.0,260.25
CH00616,0.0,0.0,259.24
CH00616,3.89,0.0,259.24
CH00617,0.0,0.0,258.58
CH00617,3.83,0.0,258.58
CH00618,0.0,0.0,256.66
CH00618,4.76,0.0,256.66
CH00619,0.0,0.0,259.46
CH00619,3.77,0.0,259.46
CH00620,0.0,0.0,263.88
CH00620,4.11,0.0,263.88
CH00621,0.0,0.0,259.12
CH00621,4.68,0.0,259.12
CH00622,0.0,0.0,260.13
CH00622,3.17,0.0,260.13
CH00623,0.0,0.0,261.49
CH00623,4.35,0.0,261.49
CH00624,0.0,0.0,259.74
CH00624,3.27,0.0,259.74
CH00625,0.0,0.0,257.55
CH00625,3.51,0.0,257.55
CH00626,0.0,0.0,259.7
CH00626,4.07,0.0,259.7
CH00627,0.0,0.0,259.46
CH00627,3.52,0.0,259.46
CH00628,0.0,0.0,261.92
CH00628,3.2,0.0,261.92
CH00629,0.0,0.0,259.27
CH00629,3.26,0.0,259.27
CH00630,0.0,0.0,260.81
CH00630,3.46,0.0,260.81
CH00631,0.0,0.0,262.2
CH00631,3.44,0.0,262.2
CH00632,0.0,0.0,262.75
CH00632,3.94,0.0,262.75
CH00633,0.0,0.0,259.75
CH00633,4.54,0.0,259.75
CH00634,0.0,0.0,252.89
CH00634,3.36,0.0,252.89
CH00635,0.0,0.0,257.46
CH00635,4.35,0.0,257.46
CH00636,0.0,0.0,260.86
CH00636,4.4,0.0,260.86
CH00637,0.0,0.0,255.99
CH00637,4.6,0.0,255.99
CH00638,0.0,0.0,258.07
CH00638,4.23,0.0,258.07
CH00639,0.0,0.0,261.64
CH00639,3.91,0.0,261.64
CH00640,0.0,0.0,253.94
CH00640,4.59,0.0,253.94
CH00641,0.0,0.0,260.5
CH00641,4.92,0.0,260.5
CH00642,0.0,0.0,259.11
CH00642,4.95,0.0,259.11
CH00643,0.0,0.0,255.5
CH00643,4.87,0.0,255.5
CH00644,0.0,0.0,261.74
CH00644,5.29,0.0,261.74
CH00645,0.0,0.0,259.59
CH00645,4.95,0.0,259.59
CH00646,0.0,0.0,259.57
CH00646,6.28,0.0,259.57
CH00647,0.0,0.0,261.78
CH00647,6.11,0.0,261.78
CH00648,0.0,0.0,256.28
CH00648,5.62,0.0,256.28
CH00649,0.0,0.0,263.63
CH00649,5.51,0.0,263.63
CH00650,0.0,0.0,262.66
CH00650,6.47,0.0,262.66
CH00651,0.0,0.0,256.51
CH00651,6.01,0.0,256.51
CH00652,0.0,0.0,260.18
CH00652,6.28,0.0,260.18
CH00653,0.0,0.0,261.05
CH00653,5.39,0.0,261.05
CH00654,0.0,0.0,259.52
CH00654,6.83,0.0,259.52
CH00655,0.0,0.0,254.03
CH00655,6.26,0.0,254.03
CH00656,0.0,0.0,261.52
CH00656,6.0,0.0,261.52
CH00657,0.0,0.0,264.75
CH00657,6.26,0.0,264.75
CH00658,0.0,0.0,265.32
CH00658,6.32,0.0,265.32
CH00659,0.0,0.0,265.13
CH00659,5.42,0.0,265.13
CH00660,0.0,0.0,262.12
CH00660,4.72,0.0,262.12
CH00661,0.0,0.0,262.81
CH00661,4.65,0.0,262.81
CH00662,0.0,0.0,263.65
CH00662,5.35,0.0,263.65
CH00663,0.0,0.0,254.42
CH00663,4.48,0.0,254.42
CH00664,0.0,0.0,256.16
CH00664,5.28,0.0,256.16
CH00665,0.0,0.0,259.56
CH00665,4.87,0.0,259.56
CH00666,0.0,0.0,257.44
CH00666,3.81,0.0,257.44
CH00667,0.0,0.0,258.81
CH00667,4.54,0.0,258.81
CH00668,0.0,0.0,258.65
CH00668,4.6,0.0,258.65
CH00669,0.0,0.0,265.0
CH00669,4.86,0.0,265.0
CH00670,0.0,0.0,266.52
CH00670,4.4,0.0,266.52
CH00671,0.0,0.0,263.21
CH00671,4.07,0.0,263.21
CH00672,0.0,0.0,260.77
CH00672,4.84,0.0,260.77
CH00673,0.0,0.0,257.35
CH00673,3.54,0.0,257.35
CH00674,0.0,0.0,262.61
CH00674,3.86,0.0,262.61
CH00675,0.0,0.0,260.48
CH00675,4.87,0.0,260.48
CH00676,0.0,0.0,257.19
CH00676,4.14,0.0,257.19
CH00677,0.0,0.0,253.83
CH00677,3.93,0.0,253.83
CH00678,0.0,0.0,258.41
CH00678,4.68,0.0,258.41
CH00679,0.0,0.0,258.96
CH00679,5.52,0.0,258.96
CH00680,0.0,0.0,257.31
CH00680,4.94,0.0,257.31
CH00681,0.0,0.0,257.05
CH00681,5.53,0.0,257.05
CH00682,0.0,0.0,262.11
CH00682,5.55,0.0,262.11
CH00683,0.0,0.0,257.78
CH00683,5.27,0.0,257.78
CH00684,0.0,0.0,261.24
CH00684,4.52,0.0,261.24
CH00685,0.0,0.0,256.25
CH00685,4.69,0.0,256.25
CH00686,0.0,0.0,263.09
CH00686,5.51,0.0,263.09
CH00687,0.0,0.0,258.28
CH00687,4.33,0.0,258.28
CH00688,0.0,0.0,257.26
CH00688,4.59,0.0,257.26
CH00689,0.0,0.0,258.44
CH00689,4.67,0.0,258.44
CH00690,0.0,0.0,256.79
CH00690,4.66,0.0,256.79
CH00691,0.0,0.0,260.31
CH00691,5.0,0.0,260.31
CH00692,0.0,0.0,256.3
CH00692,4.37,0.0,256.3
CH00693,0.0,0.0,255.79
CH00693,3.45,0.0,255.79
CH00694,0.0,0.0,259.83
CH00694,3.32,0.0,259.83
CH00695,0.0,0.0,258.17
CH00695,4.27,0.0,258.17
CH00696,0.0,0.0,263.09
CH00696,3.89,0.0,263.09
CH00697,0.0,0.0,260.14
CH00697,3.67,0.0,260.14
CH00698,0.0,0.0,254.52
CH00698,4.42,0.0,254.52
CH00699,0.0,0.0,260.06
CH00699,3.36,0.0,260.06
CH00700,0.0,0.0,258.86
CH00700,3.43,0.0,258.86
CH00701,0.0,0.0,256.09
CH00701,4.31,0.0,256.09
CH00702,0.0,0.0,260.58
CH00702,4.29,0.0,260.58
CH00703,0.0,0.0,262.17
CH00703,4.07,0.0,262.17
CH00704,0.0,0.0,267.67
CH00704,3.84,0.0,267.67
CH00705,0.0,0.0,260.62
CH00705,3.42,0.0,260.62
CH00706,0.0,0.0,257.73
CH00706,4.41,0.0,257.73
CH00707,0.0,0.0,259.82
CH00707,3.23,0.0,259.82
CH00708,0.0,0.0,260.72
CH00708,3.13,0.0,260.72
CH00709,0.0,0.0,255.12
CH00709,3.54,0.0,255.12
CH00710,0.0,0.0,260.58
CH00710,3.33,0.0,260.58
CH00711,0.0,0.0,255.55
CH00711,3.39,0.0,255.55
CH00712,0.0,0.0,258.13
CH00712,4.91,0.0,258.13
CH00713,0.0,0.0,260.39
CH00713,4.32,0.0,260.39
CH00714,0.0,0.0,260.8
CH00714,4.72,0.0,260.8
CH00715,0.0,0.0,262.44
CH00715,4.92,0.0,262.44
CH00716,0.0,0.0,264.76
CH00716,5.87,0.0,264.76
CH00717,0.0,0.0,254.18
CH00717,6.02,0.0,254.18
CH00718,0.0,0.0,257.57
CH00718,6.01,0.0,257.57
CH00719,0.0,0.0,262.54
CH00719,6.48,0.0,262.54
CH00720,0.0,0.0,258.08
CH00720,7.19,0.0,258.08
CH00721,0.0,0.0,259.78
CH00721,7.54,0.0,259.78
CH00722,0.0,0.0,258.34
CH00722,8.18,0.0,258.34
CH00723,0.0,0.0,262.74
CH00723,7.93,0.0,262.74
CH00724,0.0,0.0,264.72
CH00724,7.26,0.0,264.72
CH00725,0.0,0.0,256.41
CH00725,8.22,0.0,256.41
CH00726,0.0,0.0,258.59
CH00726,6.89,0.0,258.59
CH00727,0.0,0.0,261.06
CH00727,8.05,0.0,261.06
CH00728,0.0,0.0,255.92
CH00728,7.35,0.0,255.92
CH00729,0.0,0.0,267.05
CH00729,6.96,0.0,267.05
CH00730,0.0,0.0,252.42
CH00730,6.79,0.0,252.42
CH00731,0.0,0.0,260.22
CH00731,6.02,0.0,260.22
CH00732,0.0,0.0,257.58
CH00732,6.13,0.0,257.58
CH00733,0.0,0.0,256.28
CH00733,5.32,0.0,256.28
CH00734,0.0,0.0,260.15
CH00734,5.79,0.0,260.15
CH00735,0.0,0.0,258.84
CH00735,4.82,0.0,258.84
CH00736,0.0,0.0,258.9
CH00736,3.97,0.0,258.9
CH00737,0.0,0.0,256.38
CH00737,4.61,0.0,256.38
CH00738,0.0,0.0,260.93
CH00738,3.79,0.0,260.93
CH00739,0.0,0.0,257.62
CH00739,3.27,0.0,257.62
CH00740,0.0,0.0,260.59
CH00740,3.28,0.0,260.59
CH00741,0.0,0.0,259.95
CH00741,4.15,0.0,259.95
CH00742,0.0,0.0,259.31
CH00742,3.14,0.0,259.31
CH00743,0.0,0.0,268.13
CH00743,3.57,0.0,268.13
CH00744,0.0,0.0,262.33
CH00744,3.71,0.0,262.33
CH00745,0.0,0.0,258.55
CH00745,3.59,0.0,258.55
CH00746,0.0,0.0,262.01
CH00746,4.0,0.0,262.01
CH00747,0.0,0.0,260.72
CH00747,3.57,0.0,260.72
CH00748,0.0,0.0,261.44
CH00748,2.93,0.0,261.44
CH00749,0.0,0.0,260.29
CH00749,4.03,0.0,260.29
CH00750,0.0,0.0,264.07
CH00750,3.73,0.0,264.07
CH00751,0.0,0.0,261.17
CH00751,3.95,0.0,261.17
CH00752,0.0,0.0,264.49
CH00752,4.31,0.0,264.49
CH00753,0.0,0.0,255.21
CH00753,3.62,0.0,255.21
CH00754,0.0,0.0,257.38
CH00754,3.03,0.0,257.38
CH00755,0.0,0.0,260.31
CH00755,2.94,0.0,260.31
CH00756,0.0,0.0,257.35
CH00756,4.1,0.0,257.35
CH00757,0.0,0.0,261.28
CH00757,3.79,0.0,261.28
CH00758,0.0,0.0,257.79
CH00758,4.0,0.0,257.79
CH00759,0.0,0.0,256.22
CH00759,3.98,0.0,256.22
CH00760,0.0,0.0,255.63
CH00760,4.24,0.0,255.63
CH00761,0.0,0.0,257.91
CH00761,3.76,0.0,257.91
CH00762,0.0,0.0,253.47
CH00762,4.31,0.0,253.47
CH00763,0.0,0.0,258.26
CH00763,3.94,0.0,258.26
CH00764,0.0,0.0,259.41
CH00764,3.51,0.0,259.41
CH00765,0.0,0.0,255.31
CH00765,3.79,0.0,255.31
CH00766,0.0,0.0,260.87
CH00766,4.18,0.0,260.87
CH00767,0.0,0.0,259.94
CH00767,4.55,0.0,259.94
CH00768,0.0,0.0,258.15
CH00768,4.2,0.0,258.15
CH00769,0.0,0.0,261.15
CH00769,3.71,0.0,261.15
CH00770,0.0,0.0,261.92
CH00770,3.9,0.0,261.92
CH00771,0.0,0.0,262.76
CH00771,4.72,0.0,262.76
CH00772,0.0,0.0,264.5
CH00772,4.29,0.0,264.5
CH00773,0.0,0.0,265.14
CH00773,4.74,0.0,265.14
CH00774,0.0,0.0,262.4
CH00774,5.3,0.0,262.4
CH00775,0.0,0.0,263.7
CH00775,5.42,0.0,263.7
CH00776,0.0,0.0,260.94
CH00776,4.92,0.0,260.94
CH00777,0.0,0.0,260.28
CH00777,4.77,0.0,260.28
CH00778,0.0,0.0,252.89
CH00778,5.86,0.0,252.89
CH00779,0.0,0.0,265.36
CH00779,4.96,0.0,265.36
CH00780,0.0,0.0,256.41
CH00780,5.78,0.0,256.41
CH00781,0.0,0.0,264.49
CH00781,4.86,0.0,264.49
CH00782,0.0,0.0,259.09
CH00782,4.27,0.0,259.09
CH00783,0.0,0.0,256.47
CH00783,5.17,0.0,256.47
CH00784,0.0,0.0,258.59
CH00784,4.71,0.0,258.59
CH00785,0.0,0.0,259.04
CH00785,4.36,0.0,259.04
CH00786,0.0,0.0,261.25
CH00786,4.0,0.0,261.25
CH00787,0.0,0.0,257.03
CH00787,4.41,0.0,257.03
CH00788,0.0,0.0,259.53
CH00788,4.26,0.0,259.53
CH00789,0.0,0.0,264.68
CH00789,4.48,0.0,264.68
CH00790,0.0,0.0,260.74
CH00790,4.46,0.0,260.74
CH00791,0.0,0.0,261.78
CH00791,3.78,0.0,261.78
CH00792,0.0,0.0,256.42
CH00792,4.62,0.0,256.42
CH00793,0.0,0.0,260.87
CH00793,4.4,0.0,260.87
CH00794,0.0,0.0,266.0
CH00794,3.56,0.0,266.0
CH00795,0.0,0.0,256.13
CH00795,4.93,0.0,256.13
CH00796,0.0,0.0,261.19
CH00796,4.45,0.0,261.19
CH00797,0.0,0.0,261.73
CH00797,4.58,0.0,261.73
CH00798,0.0,0.0,264.09
CH00798,4.4,0.0,264.09
CH00799,0.0,0.0,258.38
CH00799,4.5,0.0,258.38
CH00800,0.0,0.0,256.61
CH00800,4.45,0.0,256.61
CH00801,0.0,0.0,258.85
CH00801,5.0,0.0,258.85
CH00802,0.0,0.0,263.13
CH00802,4.94,0.0,263.13
CH00803,0.0,0.0,261.81
CH00803,5.47,0.0,261.81
CH00804,0.0,0.0,257.64
CH00804,5.55,0.0,257.64
CH00805,0.0,0.0,251.49
CH00805,5.04,0.0,251.49
CH00806,0.0,0.0,259.33
CH00806,4.28,0.0,259.33
CH00807,0.0,0.0,260.23
CH00807,4.39,0.0,260.23
CH00808,0.0,0.0,257.4
CH00808,4.95,0.0,257.4
CH00809,0.0,0.0,259.66
CH00809,5.06,0.0,259.66
CH00810,0.0,0.0,258.86
CH00810,5.27,0.0,258.86
CH00811,0.0,0.0,257.46
CH00811,5.4,0.0,257.46
CH00812,0.0,0.0,263.2
CH00812,5.29,0.0,263.2
CH00813,0.0,0.0,257.76
CH00813,4.1,0.0,257.76
CH00814,0.0,0.0,261.62
CH00814,4.72,0.0,261.62
CH00815,0.0,0.0,264.77
CH00815,4.66,0.0,264.77
CH00816,0.0,0.0,262.57
CH00816,4.11,0.0,262.57
CH00817,0.0,0.0,263.87
CH00817,4.52,0.0,263.87
CH00818,0.0,0.0,262.11
CH00818,4.52,0.0,262.11
CH00819,0.0,0.0,261.93
CH00819,3.88,0.0,261.93
CH00820,0.0,0.0,261.08
CH00820,5.15,0.0,261.08
CH00821,0.0,0.0,260.93
CH00821,4.22,0.0,260.93
CH00822,0.0,0.0,266.87
CH00822,4.4,0.0,266.87
CH00823,0.0,0.0,258.33
CH00823,5.0,0.0,258.33
CH00824,0.0,0.0,258.8
CH00824,4.24,0.0,258.8
CH00825,0.0,0.0,256.91
CH00825,4.61,0.0,256.91
CH00826,0.0,0.0,263.19
CH00826,4.4,0.0,263.19
CH00827,0.0,0.0,264.01
CH00827,5.01,0.0,264.01
CH00828,0.0,0.0,255.77
CH00828,3.96,0.0,255.77
CH00829,0.0,0.0,261.6
CH00829,4.89,0.0,261.6
CH00830,0.0,0.0,256.82
CH00830,4.84,0.0,256.82
CH00831,0.0,0.0,256.18
CH00831,4.64,0.0,256.18
CH00832,0.0,0.0,261.49
CH00832,5.03,0.0,261.49
CH00833,0.0,0.0,256.42
CH00833,4.6,0.0,256.42
CH00834,0.0,0.0,264.04
CH00834,4.41,0.0,264.04
CH00835,0.0,0.0,262.88
CH00835,4.95,0.0,262.88
CH00836,0.0,0.0,256.97
CH00836,5.14,0.0,256.97
CH00837,0.0,0.0,262.91
CH00837,4.58,0.0,262.91
CH00838,0.0,0.0,256.75
CH00838,4.82,0.0,256.75
CH00839,0.0,0.0,260.36
CH00839,5.15,0.0,260.36
CH00840,0.0,0.0,257.13
CH00840,5.34,0.0,257.13
CH00841,0.0,0.0,263.59
CH00841,4.29,0.0,263.59
CH00842,0.0,0.0,259.89
CH00842,4.77,0.0,259.89
CH00843,0.0,0.0,254.76
CH00843,5.43,0.0,254.76
CH00844,0.0,0.0,264.2
CH00844,4.64,0.0,264.2
CH00845,0.0,0.0,266.13
CH00845,5.12,0.0,266.13
CH00846,0.0,0.0,259.72
CH00846,4.67,0.0,259.72
CH00847,0.0,0.0,256.52
CH00847,4.73,0.0,256.52
CH00848,0.0,0.0,254.57
CH00848,4.71,0.0,254.57
CH00849,0.0,0.0,263.61
CH00849,4.58,0.0,263.61
CH00850,0.0,0.0,261.18
CH00850,4.82,0.0,261.18
CH00851,0.0,0.0,260.07
CH00851,4.89,0.0,260.07
CH00852,0.0,0.0,266.93
CH00852,3.99,0.0,266.93
CH00853,0.0,0.0,258.59
CH00853,3.84,0.0,258.59
CH00854,0.0,0.0,262.62
CH00854,4.44,0.0,262.62
CH00855,0.0,0.0,264.19
CH00855,3.73,0.0,264.19
CH00856,0.0,0.0,258.14
CH00856,4.75,0.0,258.14
CH00857,0.0,0.0,258.61
CH00857,4.09,0.0,258.61
CH00858,0.0,0.0,259.05
CH00858,3.85,0.0,259.05
CH00859,0.0,0.0,260.44
CH00859,3.67,0.0,260.44
CH00860,0.0,0.0,262.59
CH00860,4.81,0.0,262.59
CH00861,0.0,0.0,257.44
CH00861,3.89,0.0,257.44
CH00862,0.0,0.0,259.75
CH00862,5.02,0.0,259.75
CH00863,0.0,0.0,259.76
CH00863,4.66,0.0,259.76
CH00864,0.0,0.0,260.8
CH00864,4.32,0.0,260.8
CH00865,0.0,0.0,256.12
CH00865,4.55,0.0,256.12
CH00866,0.0,0.0,261.86
CH00866,4.7,0.0,261.86
CH00867,0.0,0.0,253.28
CH00867,4.15,0.0,253.28
CH00868,0.0,0.0,256.18
CH00868,3.54,0.0,256.18
CH00869,0.0,0.0,259.7
CH00869,4.69,0.0,259.7
CH00870,0.0,0.0,261.31
CH00870,4.27,0.0,261.31
CH00871,0.0,0.0,264.26
CH00871,3.38,0.0,264.26
CH00872,0.0,0.0,256.65
CH00872,4.15,0.0,256.65
CH00873,0.0,0.0,260.15
CH00873,3.28,0.0,260.15
CH00874,0.0,0.0,261.26
CH00874,4.58,0.0,261.26
CH00875,0.0,0.0,257.99
CH00875,3.57,0.0,257.99
CH00876,0.0,0.0,260.38
CH00876,3.44,0.0,260.38
CH00877,0.0,0.0,262.24
CH00877,3.8,0.0,262.24
CH00878,0.0,0.0,261.97
CH00878,3.35,0.0,261.97
CH00879,0.0,0.0,258.82
CH00879,3.31,0.0,258.82
CH00880,0.0,0.0,262.74
CH00880,3.73,0.0,262.74
CH00881,0.0,0.0,259.74
CH00881,3.75,0.0,259.74
CH00882,0.0,0.0,254.39
CH00882,4.16,0.0,254.39
CH00883,0.0,0.0,263.14
CH00883,3.39,0.0,263.14
CH00884,0.0,0.0,260.2
CH00884,3.69,0.0,260.2
CH00885,0.0,0.0,261.42
CH00885,5.29,0.0,261.42
CH00886,0.0,0.0,259.43
CH00886,4.99,0.0,259.43
CH00887,0.0,0.0,257.56
CH00887,5.12,0.0,257.56
CH00888,0.0,0.0,261.15
CH00888,5.54,0.0,261.15
CH00889,0.0,0.0,258.15
CH00889,5.88,0.0,258.15
CH00890,0.0,0.0,259.81
CH00890,6.17,0.0,259.81
CH00891,0.0,0.0,266.18
CH00891,5.15,0.0,266.18
CH00892,0.0,0.0,259.64
CH00892,5.75,0.0,259.64
CH00893,0.0,0.0,258.62
CH00893,5.71,0.0,258.62
CH00894,0.0,0.0,256.53
CH00894,6.09,0.0,256.53
CH00895,0.0,0.0,260.24
CH00895,5.77,0.0,260.24
CH00896,0.0,0.0,254.43
CH00896,5.69,0.0,254.43
CH00897,0.0,0.0,258.96
CH00897,6.85,0.0,258.96
CH00898,0.0,0.0,260.19
CH00898,6.2,0.0,260.19
CH00899,0.0,0.0,257.8
CH00899,5.98,0.0,257.8
CH00900,0.0,0.0,262.51
CH00900,5.61,0.0,262.51
CH00901,0.0,0.0,259.82
CH00901,6.75,0.0,259.82
CH00902,0.0,0.0,257.58
CH00902,6.13,0.0,257.58
CH00903,0.0,0.0,263.87
CH00903,5.54,0.0,263.87
CH00904,0.0,0.0,261.05
CH00904,6.18,0.0,261.05
CH00905,0.0,0.0,259.83
CH00905,6.4,0.0,259.83
CH00906,0.0,0.0,259.88
CH00906,6.5,0.0,259.88
CH00907,0.0,0.0,263.55
CH00907,5.22,0.0,263.55
CH00908,0.0,0.0,262.26
CH00908,5.48,0.0,262.26
CH00909,0.0,0.0,260.26
CH00909,6.36,0.0,260.26
CH00910,0.0,0.0,257.49
CH00910,5.17,0.0,257.49
CH00911,0.0,0.0,261.51
CH00911,5.28,0.0,261.51
CH00912,0.0,0.0,265.38
CH00912,5.49,0.0,265.38
CH00913,0.0,0.0,266.54
CH00913,5.32,0.0,266.54
CH00914,0.0,0.0,256.18
CH00914,6.0,0.0,256.18
CH00915,0.0,0.0,258.67
CH00915,6.1,0.0,258.67
CH00916,0.0,0.0,258.34
CH00916,5.97,0.0,258.34
CH00917,0.0,0.0,260.3
CH00917,7.06,0.0,260.3
CH00918,0.0,0.0,255.82
CH00918,6.84,0.0,255.82
CH00919,0.0,0.0,251.26
CH00919,7.46,0.0,251.26
CH00920,0.0,0.0,260.58
CH00920,7.67,0.0,260.58
CH00921,0.0,0.0,258.58
CH00921,6.64,0.0,258.58
CH00922,0.0,0.0,257.76
CH00922,6.75,0.0,257.76
CH00923,0.0,0.0,261.13
CH00923,6.99,0.0,261.13
CH00924,0.0,0.0,257.78
CH00924,6.37,0.0,257.78
CH00925,0.0,0.0,255.48
CH00925,5.58,0.0,255.48
CH00926,0.0,0.0,260.76
CH00926,5.36,0.0,260.76
CH00927,0.0,0.0,261.83
CH00927,5.16,0.0,261.83
CH00928,0.0,0.0,263.21
CH00928,5.02,0.0,263.21
CH00929,0.0,0.0,261.46
CH00929,4.65,0.0,261.46
CH00930,0.0,0.0,261.29
CH00930,4.94,0.0,261.29
CH00931,0.0,0.0,267.34
CH00931,4.65,0.0,267.34
CH00932,0.0,0.0,259.79
CH00932,4.27,0.0,259.79
CH00933,0.0,0.0,261.24
CH00933,4.36,0.0,261.24
CH00934,0.0,0.0,262.44
CH00934,3.33,0.0,262.44
CH00935,0.0,0.0,259.03
CH00935,3.66,0.0,259.03
CH00936,0.0,0.0,263.27
CH00936,3.25,0.0,263.27
CH00937,0.0,0.0,261.53
CH00937,3.26,0.0,261.53
CH00938,0.0,0.0,258.96
CH00938,4.43,0.0,258.96
CH00939,0.0,0.0,267.88
CH00939,4.53,0.0,267.88
CH00940,0.0,0.0,255.36
CH00940,4.54,0.0,255.36
CH00941,0.0,0.0,259.68
CH00941,3.34,0.0,259.68
CH00942,0.0,0.0,260.01
CH00942,4.83,0.0,260.01
CH00943,0.0,0.0,257.08
CH00943,4.43,0.0,257.08
CH00944,0.0,0.0,261.51
CH00944,3.84,0.0,261.51
CH00945,0.0,0.0,264.68
CH00945,3.75,0.0,264.68
CH00946,0.0,0.0,257.86
CH00946,3.86,0.0,257.86
CH00947,0.0,0.0,263.71
CH00947,4.91,0.0,263.71
CH00948,0.0,0.0,264.18
CH00948,4.92,0.0,264.18
CH00949,0.0,0.0,254.01
CH00949,4.45,0.0,254.01
CH00950,0.0,0.0,261.25
CH00950,5.69,0.0,261.25
CH00951,0.0,0.0,263.16
CH00951,5.82,0.0,263.16
CH00952,0.0,0.0,263.9
CH00952,5.28,0.0,263.9
CH00953,0.0,0.0,263.63
CH00953,5.15,0.0,263.63
CH00954,0.0,0.0,260.75
CH00954,4.88,0.0,260.75
CH00955,0.0,0.0,264.97
CH00955,5.71,0.0,264.97
CH00956,0.0,0.0,263.81
CH00956,6.28,0.0,263.81
CH00957,0.0,0.0,263.66
CH00957,6.27,0.0,263.66
CH00958,0.0,0.0,258.22
CH00958,5.8,0.0,258.22
CH00959,0.0,0.0,259.36
CH00959,6.57,0.0,259.36
CH00960,0.0,0.0,257.6
CH00960,6.13,0.0,257.6
CH00961,0.0,0.0,263.34
CH00961,6.83,0.0,263.34
CH00962,0.0,0.0,263.34
CH00962,6.31,0.0,263.34
CH00963,0.0,0.0,256.88
CH00963,6.8,0.0,256.88
CH00964,0.0,0.0,262.46
CH00964,6.65,0.0,262.46
CH00965,0.0,0.0,260.04
CH00965,5.9,0.0,260.04
CH00966,0.0,0.0,256.65
CH00966,6.07,0.0,256.65
CH00967,0.0,0.0,260.87
CH00967,5.86,0.0,260.87
CH00968,0.0,0.0,259.64
CH00968,5.73,0.0,259.64
CH00969,0.0,0.0,260.11
CH00969,5.19,0.0,260.11
CH00970,0.0,0.0,261.26
CH00970,5.99,0.0,261.26
CH00971,0.0,0.0,266.77
CH00971,5.97,0.0,266.77
CH00972,0.0,0.0,262.36
CH00972,4.44,0.0,262.36
CH00973,0.0,0.0,260.26
CH00973,5.01,0.0,260.26
CH00974,0.0,0.0,263.23
CH00974,3.99,0.0,263.23
CH00975,0.0,0.0,259.97
CH00975,3.81,0.0,259.97
CH00976,0.0,0.0,261.95
CH00976,5.11,0.0,261.95
CH00977,0.0,0.0,255.18
CH00977,4.93,0.0,255.18
CH00978,0.0,0.0,259.65
CH00978,4.79,0.0,259.65
CH00979,0.0,0.0,259.75
CH00979,4.05,0.0,259.75
CH00980,0.0,0.0,260.69
CH00980,3.71,0.0,260.69
CH00981,0.0,0.0,253.95
CH00981,4.03,0.0,253.95
CH00982,0.0,0.0,261.82
CH00982,4.56,0.0,261.82
CH00983,0.0,0.0,260.0
CH00983,4.05,0.0,260.0
CH00984,0.0,0.0,262.26
CH00984,5.41,0.0,262.26
CH00985,0.0,0.0,258.84
CH00985,5.16,0.0,258.84
CH00986,0.0,0.0,257.92
CH00986,4.68,0.0,257.92
CH00987,0.0,0.0,263.51
CH00987,5.54,0.0,263.51
CH00988,0.0,0.0,260.13
CH00988,5.0,0.0,260.13
CH00989,0.0,0.0,259.43
CH00989,5.98,0.0,259.43
CH00990,0.0,0.0,262.24
CH00990,4.83,0.0,262.24
CH00991,0.0,0.0,260.11
CH00991,4.85,0.0,260.11
CH00992,0.0,0.0,264.08
CH00992,5.27,0.0,264.08
CH00993,0.0,0.0,261.44
CH00993,4.79,0.0,261.44
CH00994,0.0,0.0,256.85
CH00994,5.07,0.0,256.85
CH00995,0.0,0.0,258.03
CH00995,5.68,0.0,258.03
CH00996,0.0,0.0,261.96
CH00996,5.64,0.0,261.96
CH00997,0.0,0.0,262.58
CH00997,5.26,0.0,262.58
CH00998,0.0,0.0,264.25
CH00998,4.94,0.0,264.25
CH00999,0.0,0.0,264.57
CH00999,4.62,0.0,264.57
CH01000,0.0,0.0,258.81
CH01000,5.1,0.0,258.81
CH01001,0.0,0.0,265.26
CH01001,4.55,0.0,265.26
CH01002,0.0,0.0,261.08
CH01002,4.97,0.0,261.08
CH01003,0.0,0.0,263.26
CH01003,4.03,0.0,263.26
CH01004,0.0,0.0,259.72
CH01004,3.44,0.0,259.72
CH01005,0.0,0.0,261.23
CH01005,4.45,0.0,261.23
CH01006,0.0,0.0,257.44
CH01006,4.16,0.0,257.44
CH01007,0.0,0.0,260.14
CH01007,3.18,0.0,260.14
CH01008,0.0,0.0,254.93
CH01008,3.4,0.0,254.93
CH01009,0.0,0.0,255.47
CH01009,4.35,0.0,255.47
CH01010,0.0,0.0,259.27
CH01010,4.15,0.0,259.27
CH01011,0.0,0.0,256.81
CH01011,3.83,0.0,256.81
CH01012,0.0,0.0,253.54
CH01012,3.26,0.0,253.54
CH01013,0.0,0.0,266.62
CH01013,3.49,0.0,266.62
CH01014,0.0,0.0,259.14
CH01014,3.2,0.0,259.14
CH01015,0.0,0.0,265.75
CH01015,3.23,0.0,265.75
CH01016,0.0,0.0,263.4
CH01016,3.95,0.0,263.4
CH01017,0.0,0.0,260.27
CH01017,3.04,0.0,260.27
CH01018,0.0,0.0,264.24
CH01018,3.37,0.0,264.24
CH01019,0.0,0.0,262.21
CH01019,3.71,0.0,262.21
CH01020,0.0,0.0,254.83
CH01020,3.15,0.0,254.83
CH01021,0.0,0.0,258.52
CH01021,3.84,0.0,258.52
CH01022,0.0,0.0,263.07
CH01022,3.65,0.0,263.07
CH01023,0.0,0.0,257.44
CH01023,4.66,0.0,257.44
CH01024,0.0,0.0,258.54
CH01024,5.15,0.0,258.54
CH01025,0.0,0.0,260.9
CH01025,5.37,0.0,260.9
CH01026,0.0,0.0,261.11
CH01026,5.2,0.0,261.11
CH01027,0.0,0.0,262.97
CH01027,6.01,0.0,262.97
CH01028,0.0,0.0,259.98
CH01028,5.55,0.0,259.98
CH01029,0.0,0.0,261.4
CH01029,6.53,0.0,261.4
CH01030,0.0,0.0,256.19
CH01030,7.68,0.0,256.19
CH01031,0.0,0.0,267.38
CH01031,7.67,0.0,267.38
CH01032,0.0,0.0,257.34
CH01032,7.99,0.0,257.34
CH01033,0.0,0.0,256.72
CH01033,8.34,0.0,256.72
CH01034,0.0,0.0,261.02
CH01034,8.56,0.0,261.02
CH01035,0.0,0.0,260.57
CH01035,8.29,0.0,260.57
CH01036,0.0,0.0,262.77
CH01036,7.13,0.0,262.77
CH01037,0.0,0.0,265.49
CH01037,6.4,0.0,265.49
CH01038,0.0,0.0,258.76
CH01038,6.55,0.0,258.76
CH01039,0.0,0.0,260.95
CH01039,6.56,0.0,260.95
CH01040,0.0,0.0,259.56
CH01040,5.35,0.0,259.56
CH01041,0.0,0.0,263.62
CH01041,5.89,0.0,263.62
CH01042,0.0,0.0,259.49
CH01042,6.23,0.0,259.49
CH01043,0.0,0.0,258.8
CH01043,4.79,0.0,258.8
CH01044,0.0,0.0,260.02
CH01044,4.65,0.0,260.02
CH01045,0.0,0.0,259.08
CH01045,4.43,0.0,259.08
CH01046,0.0,0.0,258.76
CH01046,3.36,0.0,258.76
CH01047,0.0,0.0,259.53
CH01047,4.45,0.0,259.53
CH01048,0.0,0.0,260.02
CH01048,4.33,0.0,260.02
CH01049,0.0,0.0,258.11
CH01049,4.36,0.0,258.11
CH01050,0.0,0.0,259.49
CH01050,4.37,0.0,259.49
CH01051,0.0,0.0,260.32
CH01051,4.48,0.0,260.32
CH01052,0.0,0.0,257.42
CH01052,5.0,0.0,257.42
CH01053,0.0,0.0,263.18
CH01053,4.96,0.0,263.18
CH01054,0.0,0.0,259.44
CH01054,4.34,0.0,259.44
CH01055,0.0,0.0,259.26
CH01055,3.98,0.0,259.26
CH01056,0.0,0.0,256.47
CH01056,3.72,0.0,256.47
CH01057,0.0,0.0,265.75
CH01057,4.42,0.0,265.75
CH01058,0.0,0.0,262.61
CH01058,4.38,0.0,262.61
CH01059,0.0,0.0,258.48
CH01059,4.24,0.0,258.48
CH01060,0.0,0.0,260.3
CH01060,4.25,0.0,260.3
CH01061,0.0,0.0,258.82
CH01061,4.13,0.0,258.82
CH01062,0.0,0.0,260.51
CH01062,3.47,0.0,260.51
CH01063,0.0,0.0,256.77
CH01063,3.05,0.0,256.77
CH01064,0.0,0.0,257.15
CH01064,4.23,0.0,257.15
CH01065,0.0,0.0,265.78
CH01065,3.24,0.0,265.78
CH01066,0.0,0.0,254.0
CH01066,3.28,0.0,254.0
CH01067,0.0,0.0,262.86
CH01067,4.28,0.0,262.86
CH01068,0.0,0.0,263.09
CH01068,3.94,0.0,263.09
CH01069,0.0,0.0,262.79
CH01069,3.6,0.0,262.79
CH01070,0.0,0.0,261.12
CH01070,4.18,0.0,261.12
CH01071,0.0,0.0,259.68
CH01071,4.15,0.0,259.68
CH01072,0.0,0.0,259.31
CH01072,3.94,0.0,259.31
CH01073,0.0,0.0,257.81
CH01073,3.87,0.0,257.81
CH01074,0.0,0.0,262.51
CH01074,3.97,0.0,262.51
CH01075,0.0,0.0,259.63
CH01075,4.3,0.0,259.63
CH01076,0.0,0.0,262.54
CH01076,2.9,0.0,262.54
CH01077,0.0,0.0,260.51
CH01077,4.27,0.0,260.51
CH01078,0.0,0.0,257.44
CH01078,3.23,0.0,257.44
CH01079,0.0,0.0,262.6
CH01079,3.59,0.0,262.6
CH01080,0.0,0.0,263.98
CH01080,3.81,0.0,263.98
CH01081,0.0,0.0,263.93
CH01081,3.79,0.0,263.93
CH01082,0.0,0.0,261.09
CH01082,3.46,0.0,261.09
CH01083,0.0,0.0,263.92
CH01083,4.62,0.0,263.92
CH01084,0.0,0.0,261.73
CH01084,4.53,0.0,261.73
CH01085,0.0,0.0,259.5
CH01085,4.33,0.0,259.5
CH01086,0.0,0.0,259.94
CH01086,3.93,0.0,259.94
CH01087,0.0,0.0,255.71
CH01087,3.64,0.0,255.71
CH01088,0.0,0.0,260.9
CH01088,4.89,0.0,260.9
CH01089,0.0,0.0,258.44
CH01089,4.99,0.0,258.44
CH01090,0.0,0.0,258.68
CH01090,4.54,0.0,258.68
CH01091,0.0,0.0,263.24
CH01091,4.49,0.0,263.24
CH01092,0.0,0.0,258.04
CH01092,5.1,0.0,258.04
CH01093,0.0,0.0,261.8
CH01093,4.6,0.0,261.8
CH01094,0.0,0.0,261.18
CH01094,5.23,0.0,261.18
CH01095,0.0,0.0,257.11
CH01095,5.29,0.0,257.11
CH01096,0.0,0.0,259.37
CH01096,4.41,0.0,259.37
CH01097,0.0,0.0,261.36
CH01097,4.26,0.0,261.36
CH01098,0.0,0.0,261.85
CH01098,4.7,0.0,261.85
CH01099,0.0,0.0,263.62
CH01099,4.66,0.0,263.62
CH01100,0.0,0.0,260.47
CH01100,4.51,0.0,260.47
CH01101,0.0,0.0,257.11
CH01101,4.06,0.0,257.11
CH01102,0.0,0.0,256.07
CH01102,4.8,0.0,256.07
CH01103,0.0,0.0,259.74
CH01103,3.76,0.0,259.74
CH01104,0.0,0.0,256.77
CH01104,4.22,0.0,256.77
CH01105,0.0,0.0,260.33
CH01105,4.42,0.0,260.33
CH01106,0.0,0.0,261.52
CH01106,4.04,0.0,261.52
CH01107,0.0,0.0,261.05
CH01107,3.72,0.0,261.05
CH01108,0.0,0.0,263.25
CH01108,3.53,0.0,263.25
CH01109,0.0,0.0,261.11
CH01109,3.68,0.0,261.11
CH01110,0.0,0.0,259.35
CH01110,3.43,0.0,259.35
CH01111,0.0,0.0,268.0
CH01111,3.55,0.0,268.0
CH01112,0.0,0.0,259.97
CH01112,4.26,0.0,259.97
CH01113,0.0,0.0,263.22
CH01113,3.67,0.0,263.22
CH01114,0.0,0.0,258.33
CH01114,4.64,0.0,258.33
CH01115,0.0,0.0,261.2
CH01115,3.78,0.0,261.2
CH01116,0.0,0.0,261.09
CH01116,4.91,0.0,261.09
CH01117,0.0,0.0,262.18
CH01117,4.79,0.0,262.18
CH01118,0.0,0.0,262.59
CH01118,5.07,0.0,262.59
CH01119,0.0,0.0,257.45
CH01119,5.16,0.0,257.45
CH01120,0.0,0.0,267.51
CH01120,4.83,0.0,267.51
CH01121,0.0,0.0,267.18
CH01121,3.85,0.0,267.18
CH01122,0.0,0.0,259.73
CH01122,3.67,0.0,259.73
CH01123,0.0,0.0,263.3
CH01123,4.76,0.0,263.3
CH01124,0.0,0.0,266.19
CH01124,4.21,0.0,266.19
CH01125,0.0,0.0,261.96
CH01125,4.48,0.0,261.96
CH01126,0.0,0.0,264.68
CH01126,4.18,0.0,264.68
CH01127,0.0,0.0,254.4
CH01127,4.9,0.0,254.4
CH01128,0.0,0.0,258.24
CH01128,3.94,0.0,258.24
CH01129,0.0,0.0,263.53
CH01129,4.53,0.0,263.53
CH01130,0.0,0.0,263.26
CH01130,4.74,0.0,263.26
CH01131,0.0,0.0,259.39
CH01131,4.8,0.0,259.39
CH01132,0.0,0.0,265.4
CH01132,5.31,0.0,265.4
CH01133,0.0,0.0,261.06
CH01133,4.41,0.0,261.06
CH01134,0.0,0.0,262.83
CH01134,5.49,0.0,262.83
CH01135,0.0,0.0,264.48
CH01135,5.4,0.0,264.48
CH01136,0.0,0.0,260.05
CH01136,5.8,0.0,260.05
CH01137,0.0,0.0,261.1
CH01137,5.51,0.0,261.1
CH01138,0.0,0.0,262.39
CH01138,4.65,0.0,262.39
CH01139,0.0,0.0,260.36
CH01139,4.67,0.0,260.36
CH01140,0.0,0.0,257.45
CH01140,4.83,0.0,257.45
CH01141,0.0,0.0,260.93
CH01141,4.72,0.0,260.93
CH01142,0.0,0.0,260.36
CH01142,5.23,0.0,260.36
CH01143,0.0,0.0,262.24
CH01143,5.07,0.0,262.24
CH01144,0.0,0.0,262.79
CH01144,4.63,0.0,262.79
CH01145,0.0,0.0,261.29
CH01145,4.66,0.0,261.29
CH01146,0.0,0.0,263.66
CH01146,5.12,0.0,263.66
CH01147,0.0,0.0,260.11
CH01147,4.72,0.0,260.11
CH01148,0.0,0.0,259.87
CH01148,5.5,0.0,259.87
CH01149,0.0,0.0,259.29
CH01149,5.61,0.0,259.29
CH01150,0.0,0.0,259.74
CH01150,4.82,0.0,259.74
CH01151,0.0,0.0,259.95
CH01151,6.28,0.0,259.95
CH01152,0.0,0.0,254.61
CH01152,6.07,0.0,254.61
CH01153,0.0,0.0,257.74
CH01153,5.23,0.0,257.74
CH01154,0.0,0.0,258.23
CH01154,5.63,0.0,258.23
CH01155,0.0,0.0,267.08
CH01155,6.0,0.0,267.08
CH01156,0.0,0.0,255.42
CH01156,6.23,0.0,255.42
CH01157,0.0,0.0,258.8
CH01157,6.46,0.0,258.8
CH01158,0.0,0.0,257.79
CH01158,5.73,0.0,257.79
CH01159,0.0,0.0,257.13
CH01159,6.57,0.0,257.13
CH01160,0.0,0.0,259.87
CH01160,5.99,0.0,259.87
CH01161,0.0,0.0,257.98
CH01161,5.46,0.0,257.98
CH01162,0.0,0.0,262.82
CH01162,5.51,0.0,262.82
CH01163,0.0,0.0,263.23
CH01163,5.99,0.0,263.23
CH01164,0.0,0.0,259.99
CH01164,5.75,0.0,259.99
CH01165,0.0,0.0,262.15
CH01165,4.53,0.0,262.15
CH01166,0.0,0.0,254.91
CH01166,5.6,0.0,254.91
CH01167,0.0,0.0,256.11
CH01167,4.32,0.0,256.11
CH01168,0.0,0.0,261.3
CH01168,5.18,0.0,261.3
CH01169,0.0,0.0,259.58
CH01169,4.4,0.0,259.58
CH01170,0.0,0.0,250.06
CH01170,4.04,0.0,250.06
CH01171,0.0,0.0,261.73
CH01171,4.01,0.0,261.73
CH01172,0.0,0.0,259.7
CH01172,4.78,0.0,259.7
CH01173,0.0,0.0,264.77
CH01173,4.15,0.0,264.77
CH01174,0.0,0.0,261.32
CH01174,4.62,0.0,261.32
CH01175,0.0,0.0,261.51
CH01175,4.62,0.0,261.51
CH01176,0.0,0.0,264.28
CH01176,4.67,0.0,264.28
CH01177,0.0,0.0,259.4
CH01177,4.32,0.0,259.4
CH01178,0.0,0.0,259.91
CH01178,4.94,0.0,259.91
CH01179,0.0,0.0,260.26
CH01179,4.74,0.0,260.26
CH01180,0.0,0.0,259.75
CH01180,4.47,0.0,259.75
CH01181,0.0,0.0,258.73
CH01181,5.21,0.0,258.73
CH01182,0.0,0.0,259.56
CH01182,5.14,0.0,259.56
CH01183,0.0,0.0,267.33
CH01183,4.11,0.0,267.33
CH01184,0.0,0.0,257.68
CH01184,4.73,0.0,257.68
CH01185,0.0,0.0,258.17
CH01185,5.09,0.0,258.17
CH01186,0.0,0.0,266.52
CH01186,4.76,0.0,266.52
CH01187,0.0,0.0,261.54
CH01187,4.08,0.0,261.54
CH01188,0.0,0.0,260.58
CH01188,4.82,0.0,260.58
CH01189,0.0,0.0,262.94
CH01189,4.32,0.0,262.94
CH01190,0.0,0.0,261.3
CH01190,3.38,0.0,261.3
CH01191,0.0,0.0,263.35
CH01191,3.5,0.0,263.35
CH01192,0.0,0.0,264.81
CH01192,3.55,0.0,264.81
CH01193,0.0,0.0,261.79
CH01193,4.72,0.0,261.79
CH01194,0.0,0.0,260.02
CH01194,3.63,0.0,260.02
CH01195,0.0,0.0,261.58
CH01195,4.38,0.0,261.58
CH01196,0.0,0.0,266.76
CH01196,3.64,0.0,266.76
CH01197,0.0,0.0,263.14
CH01197,3.91,0.0,263.14
CH01198,0.0,0.0,259.2
CH01198,4.1,0.0,259.2
CH01199,0.0,0.0,259.07
CH01199,4.02,0.0,259.07
CH01200,0.0,0.0,258.43
CH01200,4.46,0.0,258.43
CH01201,0.0,0.0,265.31
CH01201,3.55,0.0,265.31
CH01202,0.0,0.0,259.22
CH01202,3.53,0.0,259.22
CH01203,0.0,0.0,260.18
CH01203,3.41,0.0,260.18
CH01204,0.0,0.0,262.75
CH01204,2.78,0.0,262.75
CH01205,0.0,0.0,257.82
CH01205,5.29,0.0,257.82
CH01206,0.0,0.0,266.03
CH01206,5.79,0.0,266.03
CH01207,0.0,0.0,262.77
CH01207,6.2,0.0,262.77
CH01208,0.0,0.0,258.68
CH01208,5.34,0.0,258.68
CH01209,0.0,0.0,253.55
CH01209,6.18,0.0,253.55
CH01210,0.0,0.0,263.52
CH01210,5.28,0.0,263.52
CH01211,0.0,0.0,261.02
CH01211,6.2,0.0,261.02
CH01212,0.0,0.0,254.11
CH01212,5.35,0.0,254.11
CH01213,0.0,0.0,262.25
CH01213,6.32,0.0,262.25
CH01214,0.0,0.0,258.81
CH01214,6.53,0.0,258.81
CH01215,0.0,0.0,258.89
CH01215,6.05,0.0,258.89
CH01216,0.0,0.0,255.58
CH01216,6.22,0.0,255.58
CH01217,0.0,0.0,262.92
CH01217,6.22,0.0,262.92
CH01218,0.0,0.0,254.77
CH01218,6.83,0.0,254.77
CH01219,0.0,0.0,255.5
CH01219,6.62,0.0,255.5
CH01220,0.0,0.0,256.66
CH01220,6.49,0.0,256.66
CH01221,0.0,0.0,260.92
CH01221,6.88,0.0,260.92
CH01222,0.0,0.0,263.8
CH01222,6.3,0.0,263.8
CH01223,0.0,0.0,263.6
CH01223,6.01,0.0,263.6
CH01224,0.0,0.0,257.38
CH01224,6.6,0.0,257.38
CH01225,0.0,0.0,258.16
CH01225,5.56,0.0,258.16
CH01226,0.0,0.0,256.43
CH01226,6.08,0.0,256.43
CH01227,0.0,0.0,257.53
CH01227,6.28,0.0,257.53
CH01228,0.0,0.0,256.01
CH01228,6.34,0.0,256.01
CH01229,0.0,0.0,259.94
CH01229,6.68,0.0,259.94
CH01230,0.0,0.0,254.98
CH01230,5.54,0.0,254.98
CH01231,0.0,0.0,264.67
CH01231,6.18,0.0,264.67
CH01232,0.0,0.0,262.9
CH01232,6.04,0.0,262.9
CH01233,0.0,0.0,253.62
CH01233,6.4,0.0,253.62
CH01234,0.0,0.0,258.02
CH01234,7.24,0.0,258.02
CH01235,0.0,0.0,261.71
CH01235,7.21,0.0,261.71
CH01236,0.0,0.0,258.59
CH01236,6.49,0.0,258.59
CH01237,0.0,0.0,256.97
CH01237,8.23,0.0,256.97
CH01238,0.0,0.0,261.56
CH01238,7.42,0.0,261.56
CH01239,0.0,0.0,260.34
CH01239,8.06,0.0,260.34
CH01240,0.0,0.0,258.97
CH01240,8.89,0.0,258.97
CH01241,0.0,0.0,268.42
CH01241,7.47,0.0,268.42
CH01242,0.0,0.0,263.73
CH01242,8.44,0.0,263.73
CH01243,0.0,0.0,260.76
CH01243,7.73,0.0,260.76
CH01244,0.0,0.0,265.1
CH01244,7.45,0.0,265.1
CH01245,0.0,0.0,257.87
CH01245,6.37,0.0,257.87
CH01246,0.0,0.0,261.31
CH01246,6.31,0.0,261.31
CH01247,0.0,0.0,259.53
CH01247,5.52,0.0,259.53
CH01248,0.0,0.0,262.97
CH01248,4.74,0.0,262.97
CH01249,0.0,0.0,252.31
CH01249,4.81,0.0,252.31
CH01250,0.0,0.0,261.61
CH01250,4.74,0.0,261.61
CH01251,0.0,0.0,258.6
CH01251,4.54,0.0,258.6
CH01252,0.0,0.0,262.23
CH01252,4.16,0.0,262.23
CH01253,0.0,0.0,265.05
CH01253,4.91,0.0,265.05
CH01254,0.0,0.0,255.39
CH01254,4.25,0.0,255.39
CH01255,0.0,0.0,263.52
CH01255,4.91,0.0,263.52
CH01256,0.0,0.0,259.37
CH01256,3.85,0.0,259.37
CH01257,0.0,0.0,259.0
CH01257,4.82,0.0,259.0
CH01258,0.0,0.0,257.0
CH01258,4.8,0.0,257.0
CH01259,0.0,0.0,258.56
CH01259,4.86,0.0,258.56
CH01260,0.0,0.0,257.43
CH01260,4.8,0.0,257.43
CH01261,0.0,0.0,261.35
CH01261,4.94,0.0,261.35
CH01262,0.0,0.0,260.19
CH01262,4.38,0.0,260.19
CH01263,0.0,0.0,259.98
CH01263,5.64,0.0,259.98
CH01264,0.0,0.0,260.04
CH01264,4.43,0.0,260.04
CH01265,0.0,0.0,264.28
CH01265,5.7,0.0,264.28
CH01266,0.0,0.0,255.86
CH01266,5.65,0.0,255.86
CH01267,0.0,0.0,260.48
CH01267,5.48,0.0,260.48
CH01268,0.0,0.0,257.93
CH01268,5.19,0.0,257.93
CH01269,0.0,0.0,260.45
CH01269,5.51,0.0,260.45
CH01270,0.0,0.0,258.66
CH01270,6.28,0.0,258.66
CH01271,0.0,0.0,260.32
CH01271,5.12,0.0,260.32
CH01272,0.0,0.0,256.71
CH01272,6.11,0.0,256.71
CH01273,0.0,0.0,258.64
CH01273,6.06,0.0,258.64
CH01274,0.0,0.0,260.99
CH01274,6.21,0.0,260.99
CH01275,0.0,0.0,261.32
CH01275,5.14,0.0,261.32
CH01276,0.0,0.0,259.08
CH01276,5.51,0.0,259.08
CH01277,0.0,0.0,256.92
CH01277,6.55,0.0,256.92
CH01278,0.0,0.0,257.53
CH01278,6.26,0.0,257.53
CH01279,0.0,0.0,256.27
CH01279,5.77,0.0,256.27
CH01280,0.0,0.0,266.08
CH01280,6.67,0.0,266.08
CH01281,0.0,0.0,259.49
CH01281,6.01,0.0,259.49
CH01282,0.0,0.0,262.53
CH01282,5.93,0.0,262.53
CH01283,0.0,0.0,263.43
CH01283,6.59,0.0,263.43
CH01284,0.0,0.0,263.61
CH01284,6.96,0.0,263.61
CH01285,0.0,0.0,258.31
CH01285,6.9,0.0,258.31
CH01286,0.0,0.0,265.52
CH01286,6.26,0.0,265.52
CH01287,0.0,0.0,259.15
CH01287,5.77,0.0,259.15
CH01288,0.0,0.0,261.45
CH01288,5.62,0.0,261.45
CH01289,0.0,0.0,260.14
CH01289,5.85,0.0,260.14
CH01290,0.0,0.0,258.84
CH01290,4.77,0.0,258.84
CH01291,0.0,0.0,261.23
CH01291,4.77,0.0,261.23
CH01292,0.0,0.0,263.82
CH01292,4.53,0.0,263.82
CH01293,0.0,0.0,262.01
CH01293,4.43,0.0,262.01
CH01294,0.0,0.0,257.63
CH01294,5.49,0.0,257.63
CH01295,0.0,0.0,260.45
CH01295,4.18,0.0,260.45
CH01296,0.0,0.0,255.77
CH01296,4.68,0.0,255.77
CH01297,0.0,0.0,258.55
CH01297,5.34,0.0,258.55
CH01298,0.0,0.0,256.61
CH01298,4.12,0.0,256.61
CH01299,0.0,0.0,261.68
CH01299,5.39,0.0,261.68
CH01300,0.0,0.0,256.37
CH01300,5.0,0.0,256.37
CH01301,0.0,0.0,256.77
CH01301,4.72,0.0,256.77
CH01302,0.0,0.0,256.23
CH01302,4.55,0.0,256.23
CH01303,0.0,0.0,265.66
CH01303,5.81,0.0,265.66
CH01304,0.0,0.0,258.95
CH01304,5.59,0.0,258.95
CH01305,0.0,0.0,258.81
CH01305,6.08,0.0,258.81
CH01306,0.0,0.0,259.54
CH01306,6.09,0.0,259.54
CH01307,0.0,0.0,257.76
CH01307,5.55,0.0,257.76
CH01308,0.0,0.0,259.84
CH01308,6.71,0.0,259.84
CH01309,0.0,0.0,256.94
CH01309,6.29,0.0,256.94
CH01310,0.0,0.0,254.12
CH01310,6.55,0.0,254.12
CH01311,0.0,0.0,260.19
CH01311,6.64,0.0,260.19
CH01312,0.0,0.0,260.98
CH01312,6.36,0.0,260.98
CH01313,0.0,0.0,258.27
CH01313,6.92,0.0,258.27
CH01314,0.0,0.0,259.99
CH01314,6.01,0.0,259.99
CH01315,0.0,0.0,257.79
CH01315,7.18,0.0,257.79
CH01316,0.0,0.0,259.67
CH01316,6.2,0.0,259.67
CH01317,0.0,0.0,263.92
CH01317,5.42,0.0,263.92
CH01318,0.0,0.0,259.24
CH01318,6.6,0.0,259.24
CH01319,0.0,0.0,259.72
CH01319,6.23,0.0,259.72
CH01320,0.0,0.0,264.23
CH01320,5.17,0.0,264.23
CH01321,0.0,0.0,259.75
CH01321,4.77,0.0,259.75
CH01322,0.0,0.0,260.42
CH01322,5.25,0.0,260.42
CH01323,0.0,0.0,254.09
CH01323,4.5,0.0,254.09
CH01324,0.0,0.0,258.94
CH01324,4.7,0.0,258.94
CH01325,0.0,0.0,261.15
CH01325,3.74,0.0,261.15
CH01326,0.0,0.0,256.38
CH01326,3.98,0.0,256.38
CH01327,0.0,0.0,261.47
CH01327,3.28,0.0,261.47
CH01328,0.0,0.0,261.44
CH01328,4.04,0.0,261.44
CH01329,0.0,0.0,261.81
CH01329,3.4,0.0,261.81
CH01330,0.0,0.0,260.22
CH01330,3.93,0.0,260.22
CH01331,0.0,0.0,258.59
CH01331,3.02,0.0,258.59
CH01332,0.0,0.0,260.62
CH01332,4.17,0.0,260.62
CH01333,0.0,0.0,256.0
CH01333,3.21,0.0,256.0
CH01334,0.0,0.0,257.74
CH01334,3.48,0.0,257.74
CH01335,0.0,0.0,262.19
CH01335,4.19,0.0,262.19
CH01336,0.0,0.0,262.34
CH01336,3.73,0.0,262.34
CH01337,0.0,0.0,262.94
CH01337,3.65,0.0,262.94
CH01338,0.0,0.0,254.89
CH01338,3.12,0.0,254.89
CH01339,0.0,0.0,259.45
CH01339,4.09,0.0,259.45
CH01340,0.0,0.0,258.44
CH01340,4.18,0.0,258.44
CH01341,0.0,0.0,260.97
CH01341,4.25,0.0,260.97
CH01342,0.0,0.0,264.2
CH01342,4.08,0.0,264.2
CH01343,0.0,0.0,264.53
CH01343,4.19,0.0,264.53
CH01344,0.0,0.0,257.94
CH01344,5.24,0.0,257.94
CH01345,0.0,0.0,261.62
CH01345,5.58,0.0,261.62
CH01346,0.0,0.0,261.26
CH01346,5.15,0.0,261.26
CH01347,0.0,0.0,262.21
CH01347,6.56,0.0,262.21
CH01348,0.0,0.0,256.08
CH01348,6.02,0.0,256.08
CH01349,0.0,0.0,257.46
CH01349,7.38,0.0,257.46
CH01350,0.0,0.0,258.36
CH01350,6.74,0.0,258.36
CH01351,0.0,0.0,260.26
CH01351,7.22,0.0,260.26
CH01352,0.0,0.0,258.45
CH01352,6.99,0.0,258.45
CH01353,0.0,0.0,256.68
CH01353,6.77,0.0,256.68
CH01354,0.0,0.0,257.98
CH01354,7.21,0.0,257.98
CH01355,0.0,0.0,259.18
CH01355,6.4,0.0,259.18
CH01356,0.0,0.0,258.4
CH01356,6.91,0.0,258.4
CH01357,0.0,0.0,253.96
CH01357,6.09,0.0,253.96
CH01358,0.0,0.0,264.01
CH01358,5.57,0.0,264.01
CH01359,0.0,0.0,258.53
CH01359,5.79,0.0,258.53
CH01360,0.0,0.0,259.53
CH01360,5.96,0.0,259.53
CH01361,0.0,0.0,258.22
CH01361,5.26,0.0,258.22
CH01362,0.0,0.0,264.95
CH01362,5.63,0.0,264.95
CH01363,0.0,0.0,255.71
CH01363,5.59,0.0,255.71
CH01364,0.0,0.0,255.51
CH01364,4.88,0.0,255.51
CH01365,0.0,0.0,258.78
CH01365,5.04,0.0,258.78
CH01366,0.0,0.0,259.71
CH01366,3.98,0.0,259.71
CH01367,0.0,0.0,259.85
CH01367,4.34,0.0,259.85
CH01368,0.0,0.0,258.36
CH01368,4.13,0.0,258.36
CH01369,0.0,0.0,260.75
CH01369,4.51,0.0,260.75
CH01370,0.0,0.0,260.96
CH01370,4.32,0.0,260.96
CH01371,0.0,0.0,266.76
CH01371,5.1,0.0,266.76
CH01372,0.0,0.0,259.31
CH01372,3.78,0.0,259.31
CH01373,0.0,0.0,260.56
CH01373,4.8,0.0,260.56
CH01374,0.0,0.0,265.89
CH01374,4.77,0.0,265.89
CH01375,0.0,0.0,264.68
CH01375,4.84,0.0,264.68
CH01376,0.0,0.0,259.62
CH01376,5.03,0.0,259.62
CH01377,0.0,0.0,257.66
CH01377,5.25,0.0,257.66
CH01378,0.0,0.0,257.16
CH01378,4.32,0.0,257.16
CH01379,0.0,0.0,261.2
CH01379,5.06,0.0,261.2
CH01380,0.0,0.0,253.65
CH01380,4.81,0.0,253.65
CH01381,0.0,0.0,257.6
CH01381,4.47,0.0,257.6
CH01382,0.0,0.0,257.57
CH01382,3.54,0.0,257.57
CH01383,0.0,0.0,259.82
CH01383,3.96,0.0,259.82
CH01384,0.0,0.0,255.53
CH01384,4.24,0.0,255.53
CH01385,0.0,0.0,262.76
CH01385,4.34,0.0,262.76
CH01386,0.0,0.0,260.33
CH01386,3.25,0.0,260.33
CH01387,0.0,0.0,263.26
CH01387,3.63,0.0,263.26
CH01388,0.0,0.0,263.17
CH01388,4.25,0.0,263.17
CH01389,0.0,0.0,261.82
CH01389,3.58,0.0,261.82
CH01390,0.0,0.0,261.83
CH01390,3.83,0.0,261.83
CH01391,0.0,0.0,262.66
CH01391,3.57,0.0,262.66
CH01392,0.0,0.0,264.1
CH01392,3.19,0.0,264.1
CH01393,0.0,0.0,260.16
CH01393,3.54,0.0,260.16
CH01394,0.0,0.0,261.65
CH01394,3.17,0.0,261.65
CH01395,0.0,0.0,261.79
CH01395,3.08,0.0,261.79
CH01396,0.0,0.0,255.9
CH01396,3.64,0.0,255.9
CH01397,0.0,0.0,264.02
CH01397,3.7,0.0,264.02
CH01398,0.0,0.0,256.1
CH01398,3.1,0.0,256.1
CH01399,0.0,0.0,264.03
CH01399,3.24,0.0,264.03
CH01400,0.0,0.0,261.3
CH01400,3.87,0.0,261.3
CH01401,0.0,0.0,253.96
CH01401,3.79,0.0,253.96
CH01402,0.0,0.0,258.92
CH01402,4.13,0.0,258.92
CH01403,0.0,0.0,257.38
CH01403,4.65,0.0,257.38
CH01404,0.0,0.0,257.99
CH01404,4.62,0.0,257.99
CH01405,0.0,0.0,257.66
CH01405,3.97,0.0,257.66
CH01406,0.0,0.0,253.61
CH01406,3.41,0.0,253.61
CH01407,0.0,0.0,260.98
CH01407,4.59,0.0,260.98
CH01408,0.0,0.0,257.32
CH01408,4.97,0.0,257.32
CH01409,0.0,0.0,261.05
CH01409,4.37,0.0,261.05
CH01410,0.0,0.0,262.57
CH01410,4.22,0.0,262.57
CH01411,0.0,0.0,260.47
CH01411,4.5,0.0,260.47
CH01412,0.0,0.0,259.59
CH01412,4.4,0.0,259.59
CH01413,0.0,0.0,259.54
CH01413,5.46,0.0,259.54
CH01414,0.0,0.0,257.18
CH01414,4.24,0.0,257.18
CH01415,0.0,0.0,259.86
CH01415,5.22,0.0,259.86
CH01416,0.0,0.0,252.62
CH01416,4.74,0.0,252.62
CH01417,0.0,0.0,261.2
CH01417,5.4,0.0,261.2
CH01418,0.0,0.0,259.82
CH01418,4.19,0.0,259.82
CH01419,0.0,0.0,261.05
CH01419,4.17,0.0,261.05
CH01420,0.0,0.0,260.73
CH01420,4.42,0.0,260.73
CH01421,0.0,0.0,257.02
CH01421,4.93,0.0,257.02
CH01422,0.0,0.0,259.75
CH01422,3.94,0.0,259.75
CH01423,0.0,0.0,262.68
CH01423,3.89,0.0,262.68
CH01424,0.0,0.0,256.89
CH01424,4.2,0.0,256.89
CH01425,0.0,0.0,259.69
CH01425,3.78,0.0,259.69
CH01426,0.0,0.0,256.85
CH01426,3.8,0.0,256.85
CH01427,0.0,0.0,257.7
CH01427,4.42,0.0,257.7
CH01428,0.0,0.0,256.24
CH01428,4.42,0.0,256.24
CH01429,0.0,0.0,261.83
CH01429,3.98,0.0,261.83
CH01430,0.0,0.0,264.01
CH01430,4.03,0.0,264.01
CH01431,0.0,0.0,263.85
CH01431,4.37,0.0,263.85
CH01432,0.0,0.0,265.49
CH01432,4.53,0.0,265.49
CH01433,0.0,0.0,264.44
CH01433,4.28,0.0,264.44
CH01434,0.0,0.0,262.24
CH01434,4.03,0.0,262.24
CH01435,0.0,0.0,259.96
CH01435,4.08,0.0,259.96
CH01436,0.0,0.0,259.33
CH01436,4.69,0.0,259.33
CH01437,0.0,0.0,261.73
CH01437,3.61,0.0,261.73
CH01438,0.0,0.0,257.64
CH01438,3.66,0.0,257.64
CH01439,0.0,0.0,261.62
CH01439,4.35,0.0,261.62
CH01440,0.0,0.0,259.07
CH01440,3.82,0.0,259.07
CH01441,0.0,0.0,256.82
CH01441,4.72,0.0,256.82
CH01442,0.0,0.0,261.54
CH01442,4.23,0.0,261.54
CH01443,0.0,0.0,256.39
CH01443,4.71,0.0,256.39
CH01444,0.0,0.0,261.5
CH01444,3.36,0.0,261.5
CH01445,0.0,0.0,259.58
CH01445,4.27,0.0,259.58
CH01446,0.0,0.0,259.51
CH01446,4.73,0.0,259.51
CH01447,0.0,0.0,257.47
CH01447,3.42,0.0,257.47
CH01448,0.0,0.0,259.94
CH01448,4.54,0.0,259.94
CH01449,0.0,0.0,263.68
CH01449,4.57,0.0,263.68
CH01450,0.0,0.0,258.14
CH01450,3.78,0.0,258.14
CH01451,0.0,0.0,261.3
CH01451,4.85,0.0,261.3
CH01452,0.0,0.0,253.55
CH01452,5.19,0.0,253.55
CH01453,0.0,0.0,260.44
CH01453,4.66,0.0,260.44
CH01454,0.0,0.0,257.57
CH01454,5.05,0.0,257.57
CH01455,0.0,0.0,256.95
CH01455,4.69,0.0,256.95
CH01456,0.0,0.0,265.24
CH01456,5.52,0.0,265.24
CH01457,0.0,0.0,261.18
CH01457,5.05,0.0,261.18
CH01458,0.0,0.0,258.79
CH01458,5.18,0.0,258.79
CH01459,0.0,0.0,258.62
CH01459,5.94,0.0,258.62
CH01460,0.0,0.0,256.24
CH01460,5.53,0.0,256.24
CH01461,0.0,0.0,263.54
CH01461,4.64,0.0,263.54
CH01462,0.0,0.0,257.1
CH01462,4.78,0.0,257.1
CH01463,0.0,0.0,257.83
CH01463,5.4,0.0,257.83
CH01464,0.0,0.0,263.07
CH01464,5.04,0.0,263.07
CH01465,0.0,0.0,258.05
CH01465,5.43,0.0,258.05
CH01466,0.0,0.0,258.42
CH01466,5.8,0.0,258.42
CH01467,0.0,0.0,262.75
CH01467,5.1,0.0,262.75
CH01468,0.0,0.0,259.66
CH01468,6.01,0.0,259.66
CH01469,0.0,0.0,260.95
CH01469,5.19,0.0,260.95
CH01470,0.0,0.0,262.14
CH01470,6.02,0.0,262.14
CH01471,0.0,0.0,265.88
CH01471,5.69,0.0,265.88
CH01472,0.0,0.0,262.0
CH01472,6.41,0.0,262.0
CH01473,0.0,0.0,259.2
CH01473,5.6,0.0,259.2
CH01474,0.0,0.0,259.04
CH01474,6.04,0.0,259.04
CH01475,0.0,0.0,261.73
CH01475,7.17,0.0,261.73
CH01476,0.0,0.0,254.38
CH01476,6.02,0.0,254.38
CH01477,0.0,0.0,254.44
CH01477,6.69,0.0,254.44
CH01478,0.0,0.0,258.62
CH01478,7.12,0.0,258.62
CH01479,0.0,0.0,259.88
CH01479,7.39,0.0,259.88
CH01480,0.0,0.0,258.33
CH01480,7.1,0.0,258.33
CH01481,0.0,0.0,256.35
CH01481,6.53,0.0,256.35
CH01482,0.0,0.0,256.06
CH01482,6.76,0.0,256.06
CH01483,0.0,0.0,255.65
CH01483,7.07,0.0,255.65
CH01484,0.0,0.0,262.39
CH01484,6.54,0.0,262.39
CH01485,0.0,0.0,258.08
CH01485,6.23,0.0,258.08
CH01486,0.0,0.0,262.17
CH01486,6.54,0.0,262.17
CH01487,0.0,0.0,264.59
CH01487,6.23,0.0,264.59
CH01488,0.0,0.0,261.3
CH01488,5.83,0.0,261.3
CH01489,0.0,0.0,258.98
CH01489,6.39,0.0,258.98
CH01490,0.0,0.0,261.57
CH01490,6.07,0.0,261.57
CH01491,0.0,0.0,255.49
CH01491,5.14,0.0,255.49
CH01492,0.0,0.0,260.9
CH01492,5.86,0.0,260.9
CH01493,0.0,0.0,264.58
CH01493,5.24,0.0,264.58
CH01494,0.0,0.0,255.69
CH01494,5.29,0.0,255.69
CH01495,0.0,0.0,258.52
CH01495,5.02,0.0,258.52
CH01496,0.0,0.0,257.01
CH01496,5.01,0.0,257.01
CH01497,0.0,0.0,259.22
CH01497,4.52,0.0,259.22
CH01498,0.0,0.0,258.44
CH01498,4.71,0.0,258.44
CH01499,0.0,0.0,259.39
CH01499,5.21,0.0,259.39
CH01500,0.0,0.0,262.52
CH01500,5.86,0.0,262.52
CH01501,0.0,0.0,263.49
CH01501,4.56,0.0,263.49
CH01502,0.0,0.0,258.67
CH01502,5.16,0.0,258.67
CH01503,0.0,0.0,260.63
CH01503,5.62,0.0,260.63
CH01504,0.0,0.0,259.36
CH01504,4.84,0.0,259.36
CH01505,0.0,0.0,262.32
CH01505,5.24,0.0,262.32
CH01506,0.0,0.0,255.66
CH01506,4.62,0.0,255.66
CH01507,0.0,0.0,257.37
CH01507,4.58,0.0,257.37
CH01508,0.0,0.0,257.04
CH01508,3.9,0.0,257.04
CH01509,0.0,0.0,261.5
CH01509,3.8,0.0,261.5
CH01510,0.0,0.0,260.25
CH01510,3.67,0.0,260.25
CH01511,0.0,0.0,262.6
CH01511,4.35,0.0,262.6
CH01512,0.0,0.0,253.62
CH01512,4.07,0.0,253.62
CH01513,0.0,0.0,258.2
CH01513,4.43,0.0,258.2
CH01514,0.0,0.0,260.85
CH01514,3.86,0.0,260.85
CH01515,0.0,0.0,253.71
CH01515,4.34,0.0,253.71
CH01516,0.0,0.0,263.52
CH01516,3.7,0.0,263.52
CH01517,0.0,0.0,262.43
CH01517,3.62,0.0,262.43
CH01518,0.0,0.0,256.22
CH01518,4.49,0.0,256.22
CH01519,0.0,0.0,264.84
CH01519,4.18,0.0,264.84
CH01520,0.0,0.0,258.34
CH01520,3.94,0.0,258.34
CH01521,0.0,0.0,263.58
CH01521,3.75,0.0,263.58
CH01522,0.0,0.0,263.63
CH01522,4.09,0.0,263.63
CH01523,0.0,0.0,259.26
CH01523,4.4,0.0,259.26
CH01524,0.0,0.0,259.81
CH01524,4.17,0.0,259.81
CH01525,0.0,0.0,258.42
CH01525,2.89,0.0,258.42
CH01526,0.0,0.0,265.97
CH01526,3.67,0.0,265.97
CH01527,0.0,0.0,260.6
CH01527,5.62,0.0,260.6
CH01528,0.0,0.0,256.89
CH01528,5.94,0.0,256.89
CH01529,0.0,0.0,262.52
CH01529,5.42,0.0,262.52
CH01530,0.0,0.0,254.27
CH01530,5.42,0.0,254.27
CH01531,0.0,0.0,261.68
CH01531,5.97,0.0,261.68
CH01532,0.0,0.0,259.01
CH01532,5.69,0.0,259.01
CH01533,0.0,0.0,260.27
CH01533,5.61,0.0,260.27
CH01534,0.0,0.0,260.45
CH01534,5.18,0.0,260.45
CH01535,0.0,0.0,260.11
CH01535,5.97,0.0,260.11
CH01536,0.0,0.0,263.25
CH01536,5.79,0.0,263.25
CH01537,0.0,0.0,257.94
CH01537,5.45,0.0,257.94
CH01538,0.0,0.0,260.17
CH01538,5.93,0.0,260.17
CH01539,0.0,0.0,257.3
CH01539,5.35,0.0,257.3
CH01540,0.0,0.0,257.31
CH01540,5.37,0.0,257.31
CH01541,0.0,0.0,261.46
CH01541,6.15,0.0,261.46
CH01542,0.0,0.0,259.12
CH01542,6.25,0.0,259.12
CH01543,0.0,0.0,257.48
CH01543,5.04,0.0,257.48
CH01544,0.0,0.0,262.85
CH01544,5.07,0.0,262.85
CH01545,0.0,0.0,255.62
CH01545,5.57,0.0,255.62
CH01546,0.0,0.0,259.04
CH01546,4.9,0.0,259.04
CH01547,0.0,0.0,257.5
CH01547,4.9,0.0,257.5
CH01548,0.0,0.0,256.34
CH01548,5.18,0.0,256.34
CH01549,0.0,0.0,258.21
CH01549,6.18,0.0,258.21
CH01550,0.0,0.0,263.28
CH01550,4.87,0.0,263.28
CH01551,0.0,0.0,260.18
CH01551,5.88,0.0,260.18
CH01552,0.0,0.0,254.98
CH01552,5.92,0.0,254.98
CH01553,0.0,0.0,258.16
CH01553,5.39,0.0,258.16
CH01554,0.0,0.0,262.09
CH01554,5.47,0.0,262.09
CH01555,0.0,0.0,260.6
CH01555,5.99,0.0,260.6
CH01556,0.0,0.0,262.78
CH01556,5.27,0.0,262.78
CH01557,0.0,0.0,254.54
CH01557,6.03,0.0,254.54
CH01558,0.0,0.0,260.04
CH01558,6.32,0.0,260.04
CH01559,0.0,0.0,260.95
CH01559,6.21,0.0,260.95
CH01560,0.0,0.0,261.29
CH01560,6.39,0.0,261.29
CH01561,0.0,0.0,259.24
CH01561,6.92,0.0,259.24
CH01562,0.0,0.0,262.67
CH01562,6.74,0.0,262.67
CH01563,0.0,0.0,261.13
CH01563,6.35,0.0,261.13
CH01564,0.0,0.0,259.65
CH01564,7.25,0.0,259.65
CH01565,0.0,0.0,260.54
CH01565,6.42,0.0,260.54
CH01566,0.0,0.0,257.35
CH01566,6.87,0.0,257.35
CH01567,0.0,0.0,259.62
CH01567,6.24,0.0,259.62
CH01568,0.0,0.0,263.94
CH01568,5.56,0.0,263.94
CH01569,0.0,0.0,257.3
CH01569,6.34,0.0,257.3
CH01570,0.0,0.0,255.49
CH01570,4.97,0.0,255.49
CH01571,0.0,0.0,253.36
CH01571,4.54,0.0,253.36
CH01572,0.0,0.0,263.34
CH01572,4.45,0.0,263.34
CH01573,0.0,0.0,253.32
CH01573,4.85,0.0,253.32
CH01574,0.0,0.0,259.26
CH01574,4.9,0.0,259.26
CH01575,0.0,0.0,261.98
CH01575,4.79,0.0,261.98
CH01576,0.0,0.0,258.19
CH01576,3.67,0.0,258.19
CH01577,0.0,0.0,262.7
CH01577,4.09,0.0,262.7
CH01578,0.0,0.0,259.74
CH01578,4.0,0.0,259.74
CH01579,0.0,0.0,260.38
CH01579,3.92,0.0,260.38
CH01580,0.0,0.0,259.99
CH01580,4.34,0.0,259.99
CH01581,0.0,0.0,260.25
CH01581,5.03,0.0,260.25
CH01582,0.0,0.0,257.8
CH01582,5.09,0.0,257.8
CH01583,0.0,0.0,261.99
CH01583,4.7,0.0,261.99
CH01584,0.0,0.0,259.07
CH01584,5.8,0.0,259.07
CH01585,0.0,0.0,259.19
CH01585,5.95,0.0,259.19
CH01586,0.0,0.0,259.04
CH01586,5.14,0.0,259.04
CH01587,0.0,0.0,258.69
CH01587,6.3,0.0,258.69
CH01588,0.0,0.0,255.98
CH01588,5.4,0.0,255.98
CH01589,0.0,0.0,260.39
CH01589,5.84,0.0,260.39
CH01590,0.0,0.0,255.89
CH01590,6.57,0.0,255.89
CH01591,0.0,0.0,261.09
CH01591,6.12,0.0,261.09
CH01592,0.0,0.0,254.25
CH01592,6.42,0.0,254.25
CH01593,0.0,0.0,257.28
CH01593,5.62,0.0,257.28
CH01594,0.0,0.0,263.18
CH01594,5.9,0.0,263.18
CH01595,0.0,0.0,256.77
CH01595,5.55,0.0,256.77
CH01596,0.0,0.0,260.64
CH01596,5.57,0.0,260.64
CH01597,0.0,0.0,262.59
CH01597,5.8,0.0,262.59
CH01598,0.0,0.0,262.78
CH01598,5.28,0.0,262.78
CH01599,0.0,0.0,260.5
CH01599,5.91,0.0,260.5
CH01600,0.0,0.0,257.41
CH01600,5.16,0.0,257.41
CH01601,0.0,0.0,258.47
CH01601,6.23,0.0,258.47
CH01602,0.0,0.0,261.96
CH01602,6.64,0.0,261.96
CH01603,0.0,0.0,262.15
CH01603,6.18,0.0,262.15
CH01604,0.0,0.0,259.28
CH01604,6.2,0.0,259.28
CH01605,0.0,0.0,262.41
CH01605,5.86,0.0,262.41
CH01606,0.0,0.0,260.8
CH01606,6.91,0.0,260.8
CH01607,0.0,0.0,259.92
CH01607,7.11,0.0,259.92
CH01608,0.0,0.0,258.66
CH01608,6.32,0.0,258.66
CH01609,0.0,0.0,257.3
CH01609,6.29,0.0,257.3
CH01610,0.0,0.0,261.85
CH01610,6.72,0.0,261.85
CH01611,0.0,0.0,257.74
CH01611,6.46,0.0,257.74
CH01612,0.0,0.0,262.2
CH01612,6.41,0.0,262.2
CH01613,0.0,0.0,260.68
CH01613,5.46,0.0,260.68
CH01614,0.0,0.0,258.81
CH01614,5.02,0.0,258.81
CH01615,0.0,0.0,258.71
CH01615,5.98,0.0,258.71
CH01616,0.0,0.0,262.93
CH01616,5.83,0.0,262.93
CH01617,0.0,0.0,259.86
CH01617,5.3,0.0,259.86
CH01618,0.0,0.0,259.82
CH01618,5.77,0.0,259.82
CH01619,0.0,0.0,256.97
CH01619,5.07,0.0,256.97
CH01620,0.0,0.0,262.11
CH01620,4.59,0.0,262.11
CH01621,0.0,0.0,260.5
CH01621,4.76,0.0,260.5
CH01622,0.0,0.0,261.79
CH01622,5.19,0.0,261.79
CH01623,0.0,0.0,263.95
CH01623,5.37,0.0,263.95
CH01624,0.0,0.0,263.45
CH01624,5.43,0.0,263.45
CH01625,0.0,0.0,263.5
CH01625,5.63,0.0,263.5
CH01626,0.0,0.0,263.61
CH01626,5.75,0.0,263.61
CH01627,0.0,0.0,259.79
CH01627,4.89,0.0,259.79
CH01628,0.0,0.0,262.39
CH01628,5.53,0.0,262.39
CH01629,0.0,0.0,260.64
CH01629,6.28,0.0,260.64
CH01630,0.0,0.0,257.45
CH01630,6.21,0.0,257.45
CH01631,0.0,0.0,257.66
CH01631,6.94,0.0,257.66
CH01632,0.0,0.0,259.18
CH01632,6.03,0.0,259.18
CH01633,0.0,0.0,263.04
CH01633,6.69,0.0,263.04
CH01634,0.0,0.0,260.01
CH01634,6.67,0.0,260.01
CH01635,0.0,0.0,264.69
CH01635,7.69,0.0,264.69
CH01636,0.0,0.0,262.63
CH01636,7.88,0.0,262.63
CH01637,0.0,0.0,257.13
CH01637,8.6,0.0,257.13
CH01638,0.0,0.0,259.2
CH01638,8.53,0.0,259.2
CH01639,0.0,0.0,260.92
CH01639,7.86,0.0,260.92
CH01640,0.0,0.0,260.48
CH01640,8.31,0.0,260.48
CH01641,0.0,0.0,257.95
CH01641,7.12,0.0,257.95
CH01642,0.0,0.0,259.99
CH01642,7.5,0.0,259.99
CH01643,0.0,0.0,260.97
CH01643,7.24,0.0,260.97
CH01644,0.0,0.0,265.16
CH01644,7.02,0.0,265.16
CH01645,0.0,0.0,257.69
CH01645,5.96,0.0,257.69
CH01646,0.0,0.0,263.39
CH01646,5.37,0.0,263.39
CH01647,0.0,0.0,257.98
CH01647,5.33,0.0,257.98
CH01648,0.0,0.0,257.73
CH01648,5.22,0.0,257.73
CH01649,0.0,0.0,262.58
CH01649,5.02,0.0,262.58
CH01650,0.0,0.0,264.4
CH01650,5.33,0.0,264.4
CH01651,0.0,0.0,261.41
CH01651,4.63,0.0,261.41
CH01652,0.0,0.0,258.86
CH01652,4.61,0.0,258.86
CH01653,0.0,0.0,260.0
CH01653,4.86,0.0,260.0
CH01654,0.0,0.0,256.64
CH01654,3.76,0.0,256.64
CH01655,0.0,0.0,254.41
CH01655,3.45,0.0,254.41
CH01656,0.0,0.0,259.34
CH01656,3.98,0.0,259.34
CH01657,0.0,0.0,259.24
CH01657,4.45,0.0,259.24
CH01658,0.0,0.0,260.76
CH01658,3.51,0.0,260.76
CH01659,0.0,0.0,257.27
CH01659,3.7,0.0,257.27
CH01660,0.0,0.0,259.23
CH01660,4.4,0.0,259.23
CH01661,0.0,0.0,263.17
CH01661,4.95,0.0,263.17
CH01662,0.0,0.0,257.23
CH01662,4.59,0.0,257.23
CH01663,0.0,0.0,256.41
CH01663,4.77,0.0,256.41
CH01664,0.0,0.0,255.93
CH01664,4.27,0.0,255.93
CH01665,0.0,0.0,255.78
CH01665,4.73,0.0,255.78
CH01666,0.0,0.0,254.37
CH01666,4.89,0.0,254.37
CH01667,0.0,0.0,259.54
CH01667,5.94,0.0,259.54
CH01668,0.0,0.0,255.19
CH01668,4.86,0.0,255.19
CH01669,0.0,0.0,263.4
CH01669,5.37,0.0,263.4
CH01670,0.0,0.0,261.6
CH01670,6.42,0.0,261.6
CH01671,0.0,0.0,258.81
CH01671,5.79,0.0,258.81
CH01672,0.0,0.0,256.22
CH01672,6.66,0.0,256.22
CH01673,0.0,0.0,261.07
CH01673,5.94,0.0,261.07
CH01674,0.0,0.0,258.89
CH01674,6.47,0.0,258.89
CH01675,0.0,0.0,260.65
CH01675,6.21,0.0,260.65
CH01676,0.0,0.0,263.97
CH01676,6.75,0.0,263.97
CH01677,0.0,0.0,262.21
CH01677,6.49,0.0,262.21
CH01678,0.0,0.0,262.4
CH01678,6.91,0.0,262.4
CH01679,0.0,0.0,258.94
CH01679,6.26,0.0,258.94
CH01680,0.0,0.0,261.07
CH01680,5.76,0.0,261.07
CH01681,0.0,0.0,260.2
CH01681,6.07,0.0,260.2
CH01682,0.0,0.0,259.55
CH01682,5.61,0.0,259.55
CH01683,0.0,0.0,261.38
CH01683,6.19,0.0,261.38
CH01684,0.0,0.0,259.81
CH01684,6.09,0.0,259.81
CH01685,0.0,0.0,263.27
CH01685,4.71,0.0,263.27
CH01686,0.0,0.0,257.51
CH01686,4.64,0.0,257.51
CH01687,0.0,0.0,255.53
CH01687,5.01,0.0,255.53
CH01688,0.0,0.0,262.28
CH01688,3.11,0.0,262.28
CH01689,0.0,0.0,259.35
CH01689,4.17,0.0,259.35
CH01690,0.0,0.0,255.4
CH01690,4.17,0.0,255.4
CH01691,0.0,0.0,257.64
CH01691,4.4,0.0,257.64
CH01692,0.0,0.0,262.11
CH01692,4.37,0.0,262.11
CH01693,0.0,0.0,257.58
CH01693,4.99,0.0,257.58
CH01694,0.0,0.0,253.18
CH01694,4.66,0.0,253.18
CH01695,0.0,0.0,265.12
CH01695,3.96,0.0,265.12
CH01696,0.0,0.0,258.96
CH01696,5.38,0.0,258.96
CH01697,0.0,0.0,265.27
CH01697,4.17,0.0,265.27
CH01698,0.0,0.0,257.62
CH01698,5.63,0.0,257.62
CH01699,0.0,0.0,258.24
CH01699,4.66,0.0,258.24
CH01700,0.0,0.0,259.47
CH01700,4.71,0.0,259.47
CH01701,0.0,0.0,259.72
CH01701,5.19,0.0,259.72
CH01702,0.0,0.0,254.86
CH01702,5.44,0.0,254.86
CH01703,0.0,0.0,257.25
CH01703,5.13,0.0,257.25
CH01704,0.0,0.0,261.25
CH01704,4.08,0.0,261.25
CH01705,0.0,0.0,254.42
CH01705,4.2,0.0,254.42
CH01706,0.0,0.0,260.28
CH01706,4.26,0.0,260.28
CH01707,0.0,0.0,259.23
CH01707,3.56,0.0,259.23
CH01708,0.0,0.0,258.25
CH01708,3.81,0.0,258.25
CH01709,0.0,0.0,257.74
CH01709,3.61,0.0,257.74
CH01710,0.0,0.0,261.66
CH01710,4.13,0.0,261.66
CH01711,0.0,0.0,265.35
CH01711,3.64,0.0,265.35
CH01712,0.0,0.0,260.29
CH01712,4.46,0.0,260.29
CH01713,0.0,0.0,258.98
CH01713,4.17,0.0,258.98
CH01714,0.0,0.0,257.05
CH01714,3.22,0.0,257.05
CH01715,0.0,0.0,258.83
CH01715,3.49,0.0,258.83
CH01716,0.0,0.0,265.17
CH01716,3.74,0.0,265.17
CH01717,0.0,0.0,256.44
CH01717,3.87,0.0,256.44
CH01718,0.0,0.0,256.5
CH01718,3.84,0.0,256.5
CH01719,0.0,0.0,261.7
CH01719,3.93,0.0,261.7
CH01720,0.0,0.0,263.08
CH01720,4.67,0.0,263.08
CH01721,0.0,0.0,261.89
CH01721,3.52,0.0,261.89
CH01722,0.0,0.0,260.7
CH01722,4.29,0.0,260.7
CH01723,0.0,0.0,260.14
CH01723,4.65,0.0,260.14
CH01724,0.0,0.0,259.84
CH01724,4.42,0.0,259.84
CH01725,0.0,0.0,259.61
CH01725,4.31,0.0,259.61
CH01726,0.0,0.0,263.45
CH01726,4.52,0.0,263.45
CH01727,0.0,0.0,257.23
CH01727,3.61,0.0,257.23
CH01728,0.0,0.0,260.91
CH01728,4.71,0.0,260.91
CH01729,0.0,0.0,258.1
CH01729,4.53,0.0,258.1
CH01730,0.0,0.0,261.48
CH01730,4.22,0.0,261.48
CH01731,0.0,0.0,258.76
CH01731,4.3,0.0,258.76
CH01732,0.0,0.0,255.56
CH01732,4.34,0.0,255.56
CH01733,0.0,0.0,262.53
CH01733,4.77,0.0,262.53
CH01734,0.0,0.0,257.26
CH01734,5.33,0.0,257.26
CH01735,0.0,0.0,258.2
CH01735,5.12,0.0,258.2
CH01736,0.0,0.0,259.7
CH01736,5.09,0.0,259.7
CH01737,0.0,0.0,261.42
CH01737,4.75,0.0,261.42
CH01738,0.0,0.0,257.07
CH01738,5.39,0.0,257.07
CH01739,0.0,0.0,259.63
CH01739,3.99,0.0,259.63
CH01740,0.0,0.0,255.49
CH01740,4.79,0.0,255.49
CH01741,0.0,0.0,260.68
CH01741,5.2,0.0,260.68
CH01742,0.0,0.0,262.92
CH01742,5.01,0.0,262.92
CH01743,0.0,0.0,263.2
CH01743,4.19,0.0,263.2
CH01744,0.0,0.0,263.17
CH01744,3.75,0.0,263.17
CH01745,0.0,0.0,257.57
CH01745,3.52,0.0,257.57
CH01746,0.0,0.0,261.44
CH01746,4.68,0.0,261.44
CH01747,0.0,0.0,256.97
CH01747,3.45,0.0,256.97
CH01748,0.0,0.0,259.45
CH01748,4.53,0.0,259.45
CH01749,0.0,0.0,265.21
CH01749,3.96,0.0,265.21
CH01750,0.0,0.0,262.03
CH01750,4.09,0.0,262.03
CH01751,0.0,0.0,259.82
CH01751,4.5,0.0,259.82
CH01752,0.0,0.0,257.97
CH01752,4.13,0.0,257.97
CH01753,0.0,0.0,264.25
CH01753,4.52,0.0,264.25
CH01754,0.0,0.0,262.81
CH01754,4.04,0.0,262.81
CH01755,0.0,0.0,262.26
CH01755,3.72,0.0,262.26
CH01756,0.0,0.0,255.72
CH01756,3.34,0.0,255.72
CH01757,0.0,0.0,261.18
CH01757,4.11,0.0,261.18
CH01758,0.0,0.0,261.25
CH01758,3.45,0.0,261.25
CH01759,0.0,0.0,259.18
CH01759,3.61,0.0,259.18
CH01760,0.0,0.0,254.89
CH01760,4.14,0.0,254.89
CH01761,0.0,0.0,257.07
CH01761,4.25,0.0,257.07
CH01762,0.0,0.0,260.38
CH01762,3.99,0.0,260.38
CH01763,0.0,0.0,262.9
CH01763,4.26,0.0,262.9
CH01764,0.0,0.0,262.39
CH01764,4.01,0.0,262.39
CH01765,0.0,0.0,257.87
CH01765,4.41,0.0,257.87
CH01766,0.0,0.0,257.59
CH01766,3.47,0.0,257.59
CH01767,0.0,0.0,258.04
CH01767,3.88,0.0,258.04
CH01768,0.0,0.0,258.49
CH01768,3.57,0.0,258.49
CH01769,0.0,0.0,255.7
CH01769,3.71,0.0,255.7
CH01770,0.0,0.0,260.86
CH01770,4.28,0.0,260.86
CH01771,0.0,0.0,262.65
CH01771,3.62,0.0,262.65
CH01772,0.0,0.0,258.27
CH01772,4.59,0.0,258.27
CH01773,0.0,0.0,257.77
CH01773,3.79,0.0,257.77
CH01774,0.0,0.0,256.9
CH01774,4.31,0.0,256.9
CH01775,0.0,0.0,258.1
CH01775,4.67,0.0,258.1
CH01776,0.0,0.0,261.15
CH01776,4.99,0.0,261.15
CH01777,0.0,0.0,262.51
CH01777,4.17,0.0,262.51
CH01778,0.0,0.0,257.76
CH01778,4.49,0.0,257.76
CH01779,0.0,0.0,257.5
CH01779,5.1,0.0,257.5
CH01780,0.0,0.0,263.1
CH01780,4.43,0.0,263.1
CH01781,0.0,0.0,256.44
CH01781,3.87,0.0,256.44
CH01782,0.0,0.0,261.09
CH01782,5.28,0.0,261.09
CH01783,0.0,0.0,259.88
CH01783,4.7,0.0,259.88
CH01784,0.0,0.0,257.6
CH01784,5.0,0.0,257.6
CH01785,0.0,0.0,256.43
CH01785,4.84,0.0,256.43
CH01786,0.0,0.0,266.65
CH01786,4.82,0.0,266.65
CH01787,0.0,0.0,262.15
CH01787,4.43,0.0,262.15
CH01788,0.0,0.0,265.13
CH01788,5.28,0.0,265.13
CH01789,0.0,0.0,262.44
CH01789,4.4,0.0,262.44
CH01790,0.0,0.0,258.8
CH01790,5.39,0.0,258.8
CH01791,0.0,0.0,265.57
CH01791,4.41,0.0,265.57
CH01792,0.0,0.0,265.66
CH01792,5.37,0.0,265.66
CH01793,0.0,0.0,265.58
CH01793,5.38,0.0,265.58
CH01794,0.0,0.0,264.28
CH01794,5.76,0.0,264.28
CH01795,0.0,0.0,257.04
CH01795,5.78,0.0,257.04
CH01796,0.0,0.0,253.58
CH01796,5.81,0.0,253.58
CH01797,0.0,0.0,260.88
CH01797,5.33,0.0,260.88
CH01798,0.0,0.0,259.99
CH01798,6.16,0.0,259.99
CH01799,0.0,0.0,260.85
CH01799,5.54,0.0,260.85
CH01800,0.0,0.0,260.4
CH01800,6.41,0.0,260.4
CH01801,0.0,0.0,260.22
CH01801,5.59,0.0,260.22
CH01802,0.0,0.0,256.1
CH01802,6.15,0.0,256.1
CH01803,0.0,0.0,263.72
CH01803,5.8,0.0,263.72
CH01804,0.0,0.0,258.46
CH01804,6.49,0.0,258.46
CH01805,0.0,0.0,263.01
CH01805,6.81,0.0,263.01
CH01806,0.0,0.0,263.38
CH01806,5.93,0.0,263.38
CH01807,0.0,0.0,264.85
CH01807,6.11,0.0,264.85
CH01808,0.0,0.0,259.59
CH01808,6.74,0.0,259.59
CH01809,0.0,0.0,263.56
CH01809,5.62,0.0,263.56
CH01810,0.0,0.0,259.98
CH01810,5.72,0.0,259.98
CH01811,0.0,0.0,258.8
CH01811,5.76,0.0,258.8
CH01812,0.0,0.0,256.78
CH01812,5.86,0.0,256.78
CH01813,0.0,0.0,262.18
CH01813,5.5,0.0,262.18
CH01814,0.0,0.0,257.76
CH01814,5.51,0.0,257.76
CH01815,0.0,0.0,255.97
CH01815,6.6,0.0,255.97
CH01816,0.0,0.0,262.08
CH01816,5.42,0.0,262.08
CH01817,0.0,0.0,261.72
CH01817,5.61,0.0,261.72
CH01818,0.0,0.0,265.64
CH01818,5.48,0.0,265.64
CH01819,0.0,0.0,257.12
CH01819,6.02,0.0,257.12
CH01820,0.0,0.0,259.53
CH01820,4.88,0.0,259.53
CH01821,0.0,0.0,262.72
CH01821,6.16,0.0,262.72
CH01822,0.0,0.0,262.04
CH01822,5.26,0.0,262.04
CH01823,0.0,0.0,259.05
CH01823,6.01,0.0,259.05
CH01824,0.0,0.0,257.16
CH01824,5.06,0.0,257.16
CH01825,0.0,0.0,259.66
CH01825,5.87,0.0,259.66
CH01826,0.0,0.0,255.78
CH01826,4.97,0.0,255.78
CH01827,0.0,0.0,258.01
CH01827,5.09,0.0,258.01
CH01828,0.0,0.0,260.3
CH01828,5.4,0.0,260.3
CH01829,0.0,0.0,262.23
CH01829,5.18,0.0,262.23
CH01830,0.0,0.0,258.97
CH01830,5.37,0.0,258.97
CH01831,0.0,0.0,255.26
CH01831,4.71,0.0,255.26
CH01832,0.0,0.0,264.07
CH01832,4.98,0.0,264.07
CH01833,0.0,0.0,258.9
CH01833,4.85,0.0,258.9
CH01834,0.0,0.0,260.47
CH01834,4.04,0.0,260.47
CH01835,0.0,0.0,256.94
CH01835,3.88,0.0,256.94
CH01836,0.0,0.0,258.72
CH01836,4.53,0.0,258.72
CH01837,0.0,0.0,259.58
CH01837,3.76,0.0,259.58
CH01838,0.0,0.0,256.97
CH01838,3.87,0.0,256.97
CH01839,0.0,0.0,259.16
CH01839,4.63,0.0,259.16
CH01840,0.0,0.0,258.17
CH01840,3.96,0.0,258.17
CH01841,0.0,0.0,260.98
CH01841,3.96,0.0,260.98
CH01842,0.0,0.0,263.67
CH01842,4.33,0.0,263.67
CH01843,0.0,0.0,256.26
CH01843,3.62,0.0,256.26
CH01844,0.0,0.0,259.88
CH01844,3.28,0.0,259.88
CH01845,0.0,0.0,257.88
CH01845,4.44,0.0,257.88
CH01846,0.0,0.0,259.52
CH01846,3.12,0.0,259.52
CH01847,0.0,0.0,255.95
CH01847,3.45,0.0,255.95
CH01848,0.0,0.0,258.25
CH01848,3.92,0.0,258.25
CH01849,0.0,0.0,265.83
CH01849,5.52,0.0,265.83
CH01850,0.0,0.0,257.94
CH01850,4.88,0.0,257.94
CH01851,0.0,0.0,257.35
CH01851,6.02,0.0,257.35
CH01852,0.0,0.0,257.47
CH01852,6.24,0.0,257.47
CH01853,0.0,0.0,260.37
CH01853,5.45,0.0,260.37
CH01854,0.0,0.0,257.42
CH01854,5.63,0.0,257.42
CH01855,0.0,0.0,261.97
CH01855,6.08,0.0,261.97
CH01856,0.0,0.0,263.24
CH01856,5.46,0.0,263.24
CH01857,0.0,0.0,258.05
CH01857,5.83,0.0,258.05
CH01858,0.0,0.0,259.78
CH01858,4.87,0.0,259.78
CH01859,0.0,0.0,265.63
CH01859,5.15,0.0,265.63
CH01860,0.0,0.0,260.5
CH01860,5.98,0.0,260.5
CH01861,0.0,0.0,259.95
CH01861,4.99,0.0,259.95
CH01862,0.0,0.0,254.97
CH01862,5.93,0.0,254.97
CH01863,0.0,0.0,262.21
CH01863,5.71,0.0,262.21
CH01864,0.0,0.0,260.7
CH01864,5.07,0.0,260.7
CH01865,0.0,0.0,260.9
CH01865,5.01,0.0,260.9
CH01866,0.0,0.0,259.49
CH01866,5.8,0.0,259.49
CH01867,0.0,0.0,254.72
CH01867,5.23,0.0,254.72
CH01868,0.0,0.0,261.19
CH01868,4.74,0.0,261.19
CH01869,0.0,0.0,266.2
CH01869,6.06,0.0,266.2
CH01870,0.0,0.0,259.08
CH01870,6.06,0.0,259.08
CH01871,0.0,0.0,255.62
CH01871,5.57,0.0,255.62
CH01872,0.0,0.0,257.84
CH01872,4.96,0.0,257.84
CH01873,0.0,0.0,264.37
CH01873,4.94,0.0,264.37
CH01874,0.0,0.0,260.36
CH01874,5.76,0.0,260.36
CH01875,0.0,0.0,265.05
CH01875,5.2,0.0,265.05
CH01876,0.0,0.0,263.45
CH01876,5.19,0.0,263.45
CH01877,0.0,0.0,263.17
CH01877,4.85,0.0,263.17
CH01878,0.0,0.0,260.07
CH01878,5.95,0.0,260.07
CH01879,0.0,0.0,266.71
CH01879,5.0,0.0,266.71
CH01880,0.0,0.0,263.15
CH01880,5.59,0.0,263.15
CH01881,0.0,0.0,259.43
CH01881,5.2,0.0,259.43
CH01882,0.0,0.0,265.39
CH01882,4.94,0.0,265.39
CH01883,0.0,0.0,256.42
CH01883,5.51,0.0,256.42
CH01884,0.0,0.0,261.01
CH01884,5.1,0.0,261.01
CH01885,0.0,0.0,261.16
CH01885,5.38,0.0,261.16
CH01886,0.0,0.0,265.86
CH01886,5.5,0.0,265.86
CH01887,0.0,0.0,253.04
CH01887,6.27,0.0,253.04
CH01888,0.0,0.0,259.96
CH01888,5.93,0.0,259.96
CH01889,0.0,0.0,258.46
CH01889,5.52,0.0,258.46
CH01890,0.0,0.0,261.69
CH01890,5.54,0.0,261.69
CH01891,0.0,0.0,257.13
CH01891,5.82,0.0,257.13
CH01892,0.0,0.0,256.77
CH01892,5.52,0.0,256.77
CH01893,0.0,0.0,257.7
CH01893,4.57,0.0,257.7
CH01894,0.0,0.0,257.17
CH01894,4.74,0.0,257.17
CH01895,0.0,0.0,264.15
CH01895,4.2,0.0,264.15
CH01896,0.0,0.0,258.59
CH01896,4.4,0.0,258.59
CH01897,0.0,0.0,260.94
CH01897,4.31,0.0,260.94
CH01898,0.0,0.0,259.65
CH01898,4.96,0.0,259.65
CH01899,0.0,0.0,261.03
CH01899,4.79,0.0,261.03
CH01900,0.0,0.0,260.19
CH01900,4.76,0.0,260.19
CH01901,0.0,0.0,264.3
CH01901,4.5,0.0,264.3
CH01902,0.0,0.0,254.37
CH01902,4.75,0.0,254.37
CH01903,0.0,0.0,259.66
CH01903,4.55,0.0,259.66
CH01904,0.0,0.0,256.19
CH01904,5.32,0.0,256.19
CH01905,0.0,0.0,254.36
CH01905,5.07,0.0,254.36
CH01906,0.0,0.0,264.11
CH01906,5.07,0.0,264.11
CH01907,0.0,0.0,257.32
CH01907,6.48,0.0,257.32
CH01908,0.0,0.0,262.27
CH01908,5.22,0.0,262.27
CH01909,0.0,0.0,265.85
CH01909,5.95,0.0,265.85
CH01910,0.0,0.0,265.64
CH01910,5.22,0.0,265.64
CH01911,0.0,0.0,254.87
CH01911,6.27,0.0,254.87
CH01912,0.0,0.0,265.65
CH01912,5.49,0.0,265.65
CH01913,0.0,0.0,260.23
CH01913,4.81,0.0,260.23
CH01914,0.0,0.0,267.0
CH01914,5.55,0.0,267.0
CH01915,0.0,0.0,256.51
CH01915,4.61,0.0,256.51
CH01916,0.0,0.0,262.98
CH01916,4.41,0.0,262.98
CH01917,0.0,0.0,257.38
CH01917,5.53,0.0,257.38
CH01918,0.0,0.0,261.41
CH01918,5.18,0.0,261.41
CH01919,0.0,0.0,258.27
CH01919,4.52,0.0,258.27
CH01920,0.0,0.0,261.93
CH01920,4.69,0.0,261.93
CH01921,0.0,0.0,257.12
CH01921,4.5,0.0,257.12
CH01922,0.0,0.0,264.09
CH01922,5.8,0.0,264.09
CH01923,0.0,0.0,259.88
CH01923,5.14,0.0,259.88
CH01924,0.0,0.0,258.83
CH01924,6.41,0.0,258.83
CH01925,0.0,0.0,260.73
CH01925,5.74,0.0,260.73
CH01926,0.0,0.0,266.38
CH01926,6.29,0.0,266.38
CH01927,0.0,0.0,259.93
CH01927,5.61,0.0,259.93
CH01928,0.0,0.0,260.84
CH01928,5.75,0.0,260.84
CH01929,0.0,0.0,263.85
CH01929,5.74,0.0,263.85
CH01930,0.0,0.0,257.51
CH01930,6.63,0.0,257.51
CH01931,0.0,0.0,262.45
CH01931,6.76,0.0,262.45
CH01932,0.0,0.0,261.15
CH01932,6.91,0.0,261.15
CH01933,0.0,0.0,257.81
CH01933,6.13,0.0,257.81
CH01934,0.0,0.0,261.26
CH01934,5.89,0.0,261.26
CH01935,0.0,0.0,263.13
CH01935,6.22,0.0,263.13
CH01936,0.0,0.0,257.79
CH01936,5.74,0.0,257.79
CH01937,0.0,0.0,262.57
CH01937,5.86,0.0,262.57
CH01938,0.0,0.0,261.63
CH01938,5.82,0.0,261.63
CH01939,0.0,0.0,256.81
CH01939,4.86,0.0,256.81
CH01940,0.0,0.0,259.73
CH01940,4.65,0.0,259.73
CH01941,0.0,0.0,261.87
CH01941,5.56,0.0,261.87
CH01942,0.0,0.0,263.06
CH01942,5.54,0.0,263.06
CH01943,0.0,0.0,263.19
CH01943,5.17,0.0,263.19
CH01944,0.0,0.0,259.29
CH01944,5.43,0.0,259.29
CH01945,0.0,0.0,262.72
CH01945,4.58,0.0,262.72
CH01946,0.0,0.0,266.95
CH01946,4.65,0.0,266.95
CH01947,0.0,0.0,259.79
CH01947,5.21,0.0,259.79
CH01948,0.0,0.0,259.99
CH01948,5.58,0.0,259.99
CH01949,0.0,0.0,257.89
CH01949,5.04,0.0,257.89
CH01950,0.0,0.0,264.29
CH01950,4.48,0.0,264.29
CH01951,0.0,0.0,259.19
CH01951,5.31,0.0,259.19
CH01952,0.0,0.0,258.82
CH01952,5.76,0.0,258.82
CH01953,0.0,0.0,262.17
CH01953,5.07,0.0,262.17
CH01954,0.0,0.0,264.37
CH01954,6.15,0.0,264.37
CH01955,0.0,0.0,262.34
CH01955,6.71,0.0,262.34
CH01956,0.0,0.0,263.04
CH01956,7.19,0.0,263.04
CH01957,0.0,0.0,260.32
CH01957,7.33,0.0,260.32
CH01958,0.0,0.0,253.29
CH01958,7.44,0.0,253.29
CH01959,0.0,0.0,257.19
CH01959,7.89,0.0,257.19
CH01960,0.0,0.0,259.12
CH01960,8.14,0.0,259.12
CH01961,0.0,0.0,259.08
CH01961,8.66,0.0,259.08
CH01962,0.0,0.0,263.1
CH01962,9.36,0.0,263.1
CH01963,0.0,0.0,257.5
CH01963,9.44,0.0,257.5
CH01964,0.0,0.0,257.69
CH01964,8.67,0.0,257.69
CH01965,0.0,0.0,259.51
CH01965,9.27,0.0,259.51
CH01966,0.0,0.0,261.62
CH01966,9.52,0.0,261.62
CH01967,0.0,0.0,264.7
CH01967,7.99,0.0,264.7
CH01968,0.0,0.0,260.01
CH01968,7.89,0.0,260.01
CH01969,0.0,0.0,256.69
CH01969,7.78,0.0,256.69
CH01970,0.0,0.0,259.83
CH01970,6.89,0.0,259.83
CH01971,0.0,0.0,257.95
CH01971,5.82,0.0,257.95
CH01972,0.0,0.0,258.66
CH01972,5.86,0.0,258.66
CH01973,0.0,0.0,259.87
CH01973,6.26,0.0,259.87
CH01974,0.0,0.0,256.0
CH01974,5.34,0.0,256.0
CH01975,0.0,0.0,260.79
CH01975,5.31,0.0,260.79
CH01976,0.0,0.0,261.91
CH01976,4.75,0.0,261.91
CH01977,0.0,0.0,259.96
CH01977,5.3,0.0,259.96
CH01978,0.0,0.0,258.05
CH01978,3.77,0.0,258.05
CH01979,0.0,0.0,257.41
CH01979,3.69,0.0,257.41
CH01980,0.0,0.0,267.82
CH01980,4.36,0.0,267.82
CH01981,0.0,0.0,257.73
CH01981,4.26,0.0,257.73
CH01982,0.0,0.0,261.96
CH01982,4.39,0.0,261.96
CH01983,0.0,0.0,256.22
CH01983,4.71,0.0,256.22
CH01984,0.0,0.0,263.6
CH01984,4.54,0.0,263.6
CH01985,0.0,0.0,255.52
CH01985,4.31,0.0,255.52
CH01986,0.0,0.0,263.71
CH01986,4.59,0.0,263.71
CH01987,0.0,0.0,260.61
CH01987,4.15,0.0,260.61
CH01988,0.0,0.0,261.52
CH01988,5.08,0.0,261.52
CH01989,0.0,0.0,265.21
CH01989,4.91,0.0,265.21
CH01990,0.0,0.0,255.52
CH01990,5.17,0.0,255.52
CH01991,0.0,0.0,261.46
CH01991,5.21,0.0,261.46
CH01992,0.0,0.0,260.18
CH01992,5.91,0.0,260.18
CH01993,0.0,0.0,261.72
CH01993,4.94,0.0,261.72
CH01994,0.0,0.0,259.76
CH01994,6.07,0.0,259.76
CH01995,0.0,0.0,260.53
CH01995,6.28,0.0,260.53
CH01996,0.0,0.0,257.57
CH01996,6.46,0.0,257.57
CH01997,0.0,0.0,257.27
CH01997,6.48,0.0,257.27
CH01998,0.0,0.0,264.66
CH01998,6.33,0.0,264.66
CH01999,0.0,0.0,258.82
CH01999,6.94,0.0,258.82
CH02000,0.0,0.0,261.59
CH02000,6.95,0.0,261.59
CH02001,0.0,0.0,262.21
CH02001,6.6,0.0,262.21
CH02002,0.0,0.0,256.26
CH02002,7.21,0.0,256.26
CH02003,0.0,0.0,259.51
CH02003,6.32,0.0,259.51
CH02004,0.0,0.0,259.18
CH02004,6.92,0.0,259.18
CH02005,0.0,0.0,262.75
CH02005,6.33,0.0,262.75
CH02006,0.0,0.0,256.94
CH02006,7.2,0.0,256.94
CH02007,0.0,0.0,265.4
CH02007,6.1,0.0,265.4
CH02008,0.0,0.0,260.2
CH02008,5.65,0.0,260.2
CH02009,0.0,0.0,259.84
CH02009,6.37,0.0,259.84
CH02010,0.0,0.0,261.38
CH02010,4.32,0.0,261.38
CH02011,0.0,0.0,264.06
CH02011,4.04,0.0,264.06
CH02012,0.0,0.0,255.14
CH02012,3.93,0.0,255.14
CH02013,0.0,0.0,259.39
CH02013,4.14,0.0,259.39
CH02014,0.0,0.0,262.86
CH02014,4.23,0.0,262.86
CH02015,0.0,0.0,258.85
CH02015,4.59,0.0,258.85
CH02016,0.0,0.0,263.55
CH02016,4.74,0.0,263.55
CH02017,0.0,0.0,256.46
CH02017,4.52,0.0,256.46
CH02018,0.0,0.0,259.85
CH02018,4.84,0.0,259.85
CH02019,0.0,0.0,263.05
CH02019,4.11,0.0,263.05
CH02020,0.0,0.0,255.72
CH02020,4.25,0.0,255.72
CH02021,0.0,0.0,259.72
CH02021,4.56,0.0,259.72
CH02022,0.0,0.0,255.9
CH02022,5.21,0.0,255.9
CH02023,0.0,0.0,252.39
CH02023,4.88,0.0,252.39
CH02024,0.0,0.0,259.51
CH02024,5.0,0.0,259.51
CH02025,0.0,0.0,259.21
CH02025,4.4,0.0,259.21
CH02026,0.0,0.0,260.99
CH02026,4.98,0.0,260.99
CH02027,0.0,0.0,258.04
CH02027,4.53,0.0,258.04
CH02028,0.0,0.0,261.4
CH02028,3.81,0.0,261.4
CH02029,0.0,0.0,256.33
CH02029,4.47,0.0,256.33
CH02030,0.0,0.0,256.78
CH02030,5.04,0.0,256.78
CH02031,0.0,0.0,257.82
CH02031,4.36,0.0,257.82
CH02032,0.0,0.0,263.54
CH02032,4.82,0.0,263.54
CH02033,0.0,0.0,261.43
CH02033,3.97,0.0,261.43
CH02034,0.0,0.0,261.24
CH02034,4.21,0.0,261.24
CH02035,0.0,0.0,262.95
CH02035,3.65,0.0,262.95
CH02036,0.0,0.0,258.77
CH02036,4.29,0.0,258.77
CH02037,0.0,0.0,258.28
CH02037,4.18,0.0,258.28
CH02038,0.0,0.0,259.16
CH02038,4.67,0.0,259.16
CH02039,0.0,0.0,259.63
CH02039,4.24,0.0,259.63
CH02040,0.0,0.0,264.28
CH02040,5.02,0.0,264.28
CH02041,0.0,0.0,266.29
CH02041,4.5,0.0,266.29
CH02042,0.0,0.0,260.81
CH02042,4.61,0.0,260.81
CH02043,0.0,0.0,258.09
CH02043,4.7,0.0,258.09
CH02044,0.0,0.0,261.22
CH02044,3.88,0.0,261.22
CH02045,0.0,0.0,262.74
CH02045,4.67,0.0,262.74
CH02046,0.0,0.0,256.87
CH02046,5.18,0.0,256.87
CH02047,0.0,0.0,256.94
CH02047,4.14,0.0,256.94
CH02048,0.0,0.0,260.88
CH02048,4.65,0.0,260.88
CH02049,0.0,0.0,260.48
CH02049,5.38,0.0,260.48
CH02050,0.0,0.0,255.07
CH02050,4.58,0.0,255.07
CH02051,0.0,0.0,260.96
CH02051,5.35,0.0,260.96
CH02052,0.0,0.0,258.46
CH02052,5.33,0.0,258.46
CH02053,0.0,0.0,259.87
CH02053,5.41,0.0,259.87
CH02054,0.0,0.0,254.85
CH02054,4.71,0.0,254.85
CH02055,0.0,0.0,260.8
CH02055,4.22,0.0,260.8
CH02056,0.0,0.0,259.54
CH02056,4.32,0.0,259.54
CH02057,0.0,0.0,265.16
CH02057,4.49,0.0,265.16
CH02058,0.0,0.0,261.66
CH02058,4.66,0.0,261.66
CH02059,0.0,0.0,261.21
CH02059,5.45,0.0,261.21
CH02060,0.0,0.0,262.38
CH02060,4.08,0.0,262.38
CH02061,0.0,0.0,263.82
CH02061,4.36,0.0,263.82
CH02062,0.0,0.0,257.49
CH02062,4.07,0.0,257.49
CH02063,0.0,0.0,260.76
CH02063,3.82,0.0,260.76
CH02064,0.0,0.0,259.38
CH02064,4.22,0.0,259.38
CH02065,0.0,0.0,259.51
CH02065,4.71,0.0,259.51
CH02066,0.0,0.0,253.92
CH02066,4.51,0.0,253.92
CH02067,0.0,0.0,257.16
CH02067,4.18,0.0,257.16
CH02068,0.0,0.0,265.35
CH02068,4.36,0.0,265.35
CH02069,0.0,0.0,261.9
CH02069,4.47,0.0,261.9
CH02070,0.0,0.0,262.49
CH02070,3.92,0.0,262.49
CH02071,0.0,0.0,257.21
CH02071,4.77,0.0,257.21
CH02072,0.0,0.0,266.34
CH02072,4.29,0.0,266.34
CH02073,0.0,0.0,262.99
CH02073,3.84,0.0,262.99
CH02074,0.0,0.0,262.36
CH02074,4.79,0.0,262.36
CH02075,0.0,0.0,264.37
CH02075,3.64,0.0,264.37
CH02076,0.0,0.0,257.67
CH02076,4.82,0.0,257.67
CH02077,0.0,0.0,258.76
CH02077,4.24,0.0,258.76
CH02078,0.0,0.0,259.59
CH02078,3.6,0.0,259.59
CH02079,0.0,0.0,259.0
CH02079,3.33,0.0,259.0
CH02080,0.0,0.0,260.55
CH02080,3.46,0.0,260.55
CH02081,0.0,0.0,255.13
CH02081,4.62,0.0,255.13
CH02082,0.0,0.0,254.1
CH02082,4.28,0.0,254.1
CH02083,0.0,0.0,265.27
CH02083,3.92,0.0,265.27
CH02084,0.0,0.0,259.04
CH02084,4.36,0.0,259.04
CH02085,0.0,0.0,260.28
CH02085,4.28,0.0,260.28
CH02086,0.0,0.0,256.66
CH02086,3.74,0.0,256.66
CH02087,0.0,0.0,258.68
CH02087,4.06,0.0,258.68
CH02088,0.0,0.0,261.15
CH02088,4.65,0.0,261.15
CH02089,0.0,0.0,261.29
CH02089,4.48,0.0,261.29
CH02090,0.0,0.0,251.84
CH02090,3.71,0.0,251.84
CH02091,0.0,0.0,258.24
CH02091,3.58,0.0,258.24
CH02092,0.0,0.0,259.4
CH02092,4.25,0.0,259.4
CH02093,0.0,0.0,260.65
CH02093,3.93,0.0,260.65
CH02094,0.0,0.0,259.52
CH02094,3.75,0.0,259.52
CH02095,0.0,0.0,261.12
CH02095,4.83,0.0,261.12
CH02096,0.0,0.0,262.34
CH02096,4.2,0.0,262.34
CH02097,0.0,0.0,260.21
CH02097,3.89,0.0,260.21
CH02098,0.0,0.0,260.19
CH02098,3.57,0.0,260.19
CH02099,0.0,0.0,258.59
CH02099,3.48,0.0,258.59
CH02100,0.0,0.0,256.16
CH02100,4.74,0.0,256.16
CH02101,0.0,0.0,262.01
CH02101,3.75,0.0,262.01
CH02102,0.0,0.0,260.19
CH02102,4.72,0.0,260.19
CH02103,0.0,0.0,263.6
CH02103,4.46,0.0,263.6
CH02104,0.0,0.0,260.51
CH02104,4.25,0.0,260.51
CH02105,0.0,0.0,257.56
CH02105,4.23,0.0,257.56
CH02106,0.0,0.0,259.72
CH02106,4.12,0.0,259.72
CH02107,0.0,0.0,256.81
CH02107,4.84,0.0,256.81
CH02108,0.0,0.0,256.94
CH02108,3.92,0.0,256.94
CH02109,0.0,0.0,255.46
CH02109,4.82,0.0,255.46
CH02110,0.0,0.0,262.14
CH02110,4.02,0.0,262.14
CH02111,0.0,0.0,256.83
CH02111,3.81,0.0,256.83
CH02112,0.0,0.0,260.37
CH02112,5.04,0.0,260.37
CH02113,0.0,0.0,263.31
CH02113,3.99,0.0,263.31
CH02114,0.0,0.0,261.81
CH02114,3.81,0.0,261.81
CH02115,0.0,0.0,256.71
CH02115,4.26,0.0,256.71
CH02116,0.0,0.0,256.96
CH02116,5.05,0.0,256.96
CH02117,0.0,0.0,263.46
CH02117,4.28,0.0,263.46
CH02118,0.0,0.0,259.77
CH02118,4.13,0.0,259.77
CH02119,0.0,0.0,257.04
CH02119,4.51,0.0,257.04
CH02120,0.0,0.0,259.56
CH02120,4.58,0.0,259.56
CH02121,0.0,0.0,260.76
CH02121,5.15,0.0,260.76
CH02122,0.0,0.0,260.43
CH02122,5.41,0.0,260.43
CH02123,0.0,0.0,261.77
CH02123,4.73,0.0,261.77
CH02124,0.0,0.0,261.54
CH02124,4.76,0.0,261.54
CH02125,0.0,0.0,260.87
CH02125,5.42,0.0,260.87
CH02126,0.0,0.0,266.99
CH02126,5.88,0.0,266.99
CH02127,0.0,0.0,261.97
CH02127,4.71,0.0,261.97
CH02128,0.0,0.0,260.23
CH02128,5.75,0.0,260.23
CH02129,0.0,0.0,260.61
CH02129,5.06,0.0,260.61
CH02130,0.0,0.0,256.78
CH02130,5.55,0.0,256.78
CH02131,0.0,0.0,260.36
CH02131,5.98,0.0,260.36
CH02132,0.0,0.0,256.32
CH02132,5.63,0.0,256.32
CH02133,0.0,0.0,255.0
CH02133,6.45,0.0,255.0
CH02134,0.0,0.0,262.2
CH02134,6.18,0.0,262.2
CH02135,0.0,0.0,260.96
CH02135,5.25,0.0,260.96
CH02136,0.0,0.0,261.37
CH02136,6.31,0.0,261.37
CH02137,0.0,0.0,265.15
CH02137,6.15,0.0,265.15
CH02138,0.0,0.0,261.96
CH02138,5.56,0.0,261.96
CH02139,0.0,0.0,264.29
CH02139,5.59,0.0,264.29
CH02140,0.0,0.0,258.88
CH02140,4.82,0.0,258.88
CH02141,0.0,0.0,256.43
CH02141,4.69,0.0,256.43
CH02142,0.0,0.0,259.54
CH02142,4.72,0.0,259.54
CH02143,0.0,0.0,259.59
CH02143,4.92,0.0,259.59
CH02144,0.0,0.0,264.99
CH02144,5.22,0.0,264.99
CH02145,0.0,0.0,263.14
CH02145,5.16,0.0,263.14
CH02146,0.0,0.0,256.75
CH02146,6.02,0.0,256.75
CH02147,0.0,0.0,259.98
CH02147,5.06,0.0,259.98
CH02148,0.0,0.0,259.06
CH02148,5.78,0.0,259.06
CH02149,0.0,0.0,263.28
CH02149,4.87,0.0,263.28
CH02150,0.0,0.0,260.63
CH02150,4.44,0.0,260.63
CH02151,0.0,0.0,256.92
CH02151,4.82,0.0,256.92
CH02152,0.0,0.0,259.17
CH02152,5.12,0.0,259.17
CH02153,0.0,0.0,258.94
CH02153,4.68,0.0,258.94
CH02154,0.0,0.0,261.87
CH02154,4.3,0.0,261.87
CH02155,0.0,0.0,265.98
CH02155,4.0,0.0,265.98
CH02156,0.0,0.0,263.71
CH02156,4.25,0.0,263.71
CH02157,0.0,0.0,258.31
CH02157,3.93,0.0,258.31
CH02158,0.0,0.0,259.29
CH02158,4.75,0.0,259.29
CH02159,0.0,0.0,259.64
CH02159,4.01,0.0,259.64
CH02160,0.0,0.0,258.37
CH02160,3.87,0.0,258.37
CH02161,0.0,0.0,260.81
CH02161,4.42,0.0,260.81
CH02162,0.0,0.0,263.36
CH02162,4.17,0.0,263.36
CH02163,0.0,0.0,260.52
CH02163,3.91,0.0,260.52
CH02164,0.0,0.0,263.73
CH02164,4.0,0.0,263.73
CH02165,0.0,0.0,255.49
CH02165,3.28,0.0,255.49
CH02166,0.0,0.0,261.19
CH02166,4.52,0.0,261.19
CH02167,0.0,0.0,260.51
CH02167,3.36,0.0,260.51
CH02168,0.0,0.0,255.36
CH02168,4.44,0.0,255.36
CH02169,0.0,0.0,260.4
CH02169,4.28,0.0,260.4
CH02170,0.0,0.0,259.35
CH02170,4.26,0.0,259.35
CH02171,0.0,0.0,263.92
CH02171,4.73,0.0,263.92
CH02172,0.0,0.0,264.52
CH02172,5.34,0.0,264.52
CH02173,0.0,0.0,257.35
CH02173,5.67,0.0,257.35
CH02174,0.0,0.0,266.07
CH02174,6.12,0.0,266.07
CH02175,0.0,0.0,263.67
CH02175,5.91,0.0,263.67
CH02176,0.0,0.0,264.46
CH02176,5.28,0.0,264.46
CH02177,0.0,0.0,255.1
CH02177,5.27,0.0,255.1
CH02178,0.0,0.0,259.05
CH02178,5.22,0.0,259.05
CH02179,0.0,0.0,257.69
CH02179,4.87,0.0,257.69
CH02180,0.0,0.0,260.32
CH02180,5.51,0.0,260.32
CH02181,0.0,0.0,258.03
CH02181,5.79,0.0,258.03
CH02182,0.0,0.0,261.39
CH02182,5.04,0.0,261.39
CH02183,0.0,0.0,258.69
CH02183,5.13,0.0,258.69
CH02184,0.0,0.0,257.72
CH02184,5.38,0.0,257.72
CH02185,0.0,0.0,259.1
CH02185,5.35,0.0,259.1
CH02186,0.0,0.0,260.21
CH02186,5.5,0.0,260.21
CH02187,0.0,0.0,258.9
CH02187,5.79,0.0,258.9
CH02188,0.0,0.0,257.8
CH02188,5.73,0.0,257.8
CH02189,0.0,0.0,257.33
CH02189,5.7,0.0,257.33
CH02190,0.0,0.0,255.41
CH02190,6.41,0.0,255.41
CH02191,0.0,0.0,264.9
CH02191,6.21,0.0,264.9
CH02192,0.0,0.0,264.94
CH02192,6.22,0.0,264.94
CH02193,0.0,0.0,260.78
CH02193,6.47,0.0,260.78
CH02194,0.0,0.0,258.47
CH02194,6.75,0.0,258.47
CH02195,0.0,0.0,258.63
CH02195,5.96,0.0,258.63
CH02196,0.0,0.0,261.54
CH02196,6.45,0.0,261.54
CH02197,0.0,0.0,262.24
CH02197,5.38,0.0,262.24
CH02198,0.0,0.0,264.74
CH02198,6.16,0.0,264.74
CH02199,0.0,0.0,261.78
CH02199,5.13,0.0,261.78
CH02200,0.0,0.0,262.88
CH02200,5.3,0.0,262.88
CH02201,0.0,0.0,264.53
CH02201,5.95,0.0,264.53
CH02202,0.0,0.0,260.82
CH02202,6.13,0.0,260.82
CH02203,0.0,0.0,259.55
CH02203,5.47,0.0,259.55
CH02204,0.0,0.0,263.67
CH02204,5.55,0.0,263.67
CH02205,0.0,0.0,261.64
CH02205,5.63,0.0,261.64
CH02206,0.0,0.0,258.8
CH02206,5.39,0.0,258.8
CH02207,0.0,0.0,263.98
CH02207,4.49,0.0,263.98
CH02208,0.0,0.0,257.46
CH02208,5.02,0.0,257.46
CH02209,0.0,0.0,261.83
CH02209,4.55,0.0,261.83
CH02210,0.0,0.0,262.23
CH02210,4.58,0.0,262.23
CH02211,0.0,0.0,258.45
CH02211,5.21,0.0,258.45
CH02212,0.0,0.0,265.99
CH02212,5.79,0.0,265.99
CH02213,0.0,0.0,259.84
CH02213,5.05,0.0,259.84
CH02214,0.0,0.0,258.6
CH02214,5.39,0.0,258.6
CH02215,0.0,0.0,263.82
CH02215,5.64,0.0,263.82
CH02216,0.0,0.0,259.85
CH02216,5.22,0.0,259.85
CH02217,0.0,0.0,257.67
CH02217,5.46,0.0,257.67
CH02218,0.0,0.0,260.47
CH02218,5.44,0.0,260.47
CH02219,0.0,0.0,259.03
CH02219,4.97,0.0,259.03
CH02220,0.0,0.0,260.16
CH02220,5.71,0.0,260.16
CH02221,0.0,0.0,258.45
CH02221,5.15,0.0,258.45
CH02222,0.0,0.0,257.4
CH02222,5.43,0.0,257.4
CH02223,0.0,0.0,262.61
CH02223,6.3,0.0,262.61
CH02224,0.0,0.0,261.81
CH02224,6.11,0.0,261.81
CH02225,0.0,0.0,261.34
CH02225,6.49,0.0,261.34
CH02226,0.0,0.0,263.18
CH02226,5.99,0.0,263.18
CH02227,0.0,0.0,262.32
CH02227,6.46,0.0,262.32
CH02228,0.0,0.0,262.68
CH02228,7.04,0.0,262.68
CH02229,0.0,0.0,261.37
CH02229,5.98,0.0,261.37
CH02230,0.0,0.0,255.0
CH02230,5.82,0.0,255.0
CH02231,0.0,0.0,257.48
CH02231,5.95,0.0,257.48
CH02232,0.0,0.0,261.08
CH02232,5.46,0.0,261.08
CH02233,0.0,0.0,259.78
CH02233,5.73,0.0,259.78
CH02234,0.0,0.0,254.45
CH02234,6.1,0.0,254.45
CH02235,0.0,0.0,260.21
CH02235,5.52,0.0,260.21
CH02236,0.0,0.0,261.58
CH02236,5.13,0.0,261.58
CH02237,0.0,0.0,262.78
CH02237,5.66,0.0,262.78
CH02238,0.0,0.0,259.79
CH02238,5.13,0.0,259.79
CH02239,0.0,0.0,256.83
CH02239,4.83,0.0,256.83
CH02240,0.0,0.0,262.31
CH02240,4.45,0.0,262.31
CH02241,0.0,0.0,259.52
CH02241,4.88,0.0,259.52
CH02242,0.0,0.0,258.64
CH02242,5.85,0.0,258.64
CH02243,0.0,0.0,259.78
CH02243,5.36,0.0,259.78
CH02244,0.0,0.0,262.32
CH02244,5.13,0.0,262.32
CH02245,0.0,0.0,257.16
CH02245,6.1,0.0,257.16
CH02246,0.0,0.0,261.32
CH02246,5.97,0.0,261.32
CH02247,0.0,0.0,261.1
CH02247,6.32,0.0,261.1
CH02248,0.0,0.0,259.06
CH02248,5.77,0.0,259.06
CH02249,0.0,0.0,261.02
CH02249,6.43,0.0,261.02
CH02250,0.0,0.0,261.25
CH02250,6.97,0.0,261.25
CH02251,0.0,0.0,265.91
CH02251,6.68,0.0,265.91
CH02252,0.0,0.0,260.53
CH02252,6.22,0.0,260.53
CH02253,0.0,0.0,263.8
CH02253,6.94,0.0,263.8
CH02254,0.0,0.0,261.32
CH02254,6.58,0.0,261.32
CH02255,0.0,0.0,265.22
CH02255,5.73,0.0,265.22
CH02256,0.0,0.0,254.59
CH02256,5.82,0.0,254.59
CH02257,0.0,0.0,262.38
CH02257,5.63,0.0,262.38
CH02258,0.0,0.0,263.65
CH02258,5.69,0.0,263.65
CH02259,0.0,0.0,264.91
CH02259,5.77,0.0,264.91
CH02260,0.0,0.0,261.85
CH02260,4.69,0.0,261.85
CH02261,0.0,0.0,261.45
CH02261,5.54,0.0,261.45
CH02262,0.0,0.0,255.48
CH02262,5.33,0.0,255.48
CH02263,0.0,0.0,256.57
CH02263,5.4,0.0,256.57
CH02264,0.0,0.0,256.17
CH02264,4.5,0.0,256.17
CH02265,0.0,0.0,261.15
CH02265,3.96,0.0,261.15
CH02266,0.0,0.0,255.96
CH02266,4.21,0.0,255.96
CH02267,0.0,0.0,262.33
CH02267,4.45,0.0,262.33
CH02268,0.0,0.0,257.05
CH02268,3.65,0.0,257.05
CH02269,0.0,0.0,260.27
CH02269,5.07,0.0,260.27
CH02270,0.0,0.0,262.01
CH02270,4.03,0.0,262.01
CH02271,0.0,0.0,252.03
CH02271,4.02,0.0,252.03
CH02272,0.0,0.0,257.38
CH02272,4.31,0.0,257.38
CH02273,0.0,0.0,257.59
CH02273,4.11,0.0,257.59
CH02274,0.0,0.0,255.97
CH02274,4.25,0.0,255.97
CH02275,0.0,0.0,258.84
CH02275,4.66,0.0,258.84
CH02276,0.0,0.0,259.5
CH02276,5.51,0.0,259.5
CH02277,0.0,0.0,257.48
CH02277,5.12,0.0,257.48
CH02278,0.0,0.0,263.07
CH02278,6.55,0.0,263.07
CH02279,0.0,0.0,263.03
CH02279,6.42,0.0,263.03
CH02280,0.0,0.0,257.12
CH02280,6.64,0.0,257.12
CH02281,0.0,0.0,256.51
CH02281,7.16,0.0,256.51
CH02282,0.0,0.0,252.02
CH02282,8.13,0.0,252.02
CH02283,0.0,0.0,257.15
CH02283,7.65,0.0,257.15
CH02284,0.0,0.0,257.99
CH02284,7.54,0.0,257.99
CH02285,0.0,0.0,258.04
CH02285,8.91,0.0,258.04
CH02286,0.0,0.0,261.55
CH02286,8.06,0.0,261.55
CH02287,0.0,0.0,259.06
CH02287,8.11,0.0,259.06
CH02288,0.0,0.0,255.57
CH02288,9.3,0.0,255.57
CH02289,0.0,0.0,254.44
CH02289,7.87,0.0,254.44
CH02290,0.0,0.0,256.72
CH02290,8.02,0.0,256.72
CH02291,0.0,0.0,259.94
CH02291,8.19,0.0,259.94
CH02292,0.0,0.0,263.43
CH02292,6.45,0.0,263.43
CH02293,0.0,0.0,263.48
CH02293,7.33,0.0,263.48
CH02294,0.0,0.0,261.34
CH02294,6.76,0.0,261.34
CH02295,0.0,0.0,261.39
CH02295,5.63,0.0,261.39
CH02296,0.0,0.0,258.11
CH02296,5.81,0.0,258.11
CH02297,0.0,0.0,263.4
CH02297,4.71,0.0,263.4
CH02298,0.0,0.0,257.18
CH02298,4.74,0.0,257.18
CH02299,0.0,0.0,264.12
CH02299,4.67,0.0,264.12
CH02300,0.0,0.0,258.2
CH02300,5.14,0.0,258.2
CH02301,0.0,0.0,260.62
CH02301,4.77,0.0,260.62
CH02302,0.0,0.0,264.52
CH02302,4.59,0.0,264.52
CH02303,0.0,0.0,258.59
CH02303,4.24,0.0,258.59
CH02304,0.0,0.0,260.53
CH02304,4.72,0.0,260.53
CH02305,0.0,0.0,261.9
CH02305,4.72,0.0,261.9
CH02306,0.0,0.0,257.96
CH02306,3.92,0.0,257.96
CH02307,0.0,0.0,261.49
CH02307,4.63,0.0,261.49
CH02308,0.0,0.0,262.23
CH02308,3.94,0.0,262.23
CH02309,0.0,0.0,256.97
CH02309,4.53,0.0,256.97
CH02310,0.0,0.0,263.1
CH02310,4.81,0.0,263.1
CH02311,0.0,0.0,256.01
CH02311,3.84,0.0,256.01
CH02312,0.0,0.0,258.54
CH02312,3.71,0.0,258.54
CH02313,0.0,0.0,263.64
CH02313,4.29,0.0,263.64
CH02314,0.0,0.0,256.48
CH02314,4.2,0.0,256.48
CH02315,0.0,0.0,261.85
CH02315,4.1,0.0,261.85
CH02316,0.0,0.0,257.68
CH02316,4.87,0.0,257.68
CH02317,0.0,0.0,256.62
CH02317,5.38,0.0,256.62
CH02318,0.0,0.0,259.76
CH02318,5.11,0.0,259.76
CH02319,0.0,0.0,258.26
CH02319,5.97,0.0,258.26
CH02320,0.0,0.0,257.29
CH02320,5.24,0.0,257.29
CH02321,0.0,0.0,260.6
CH02321,5.92,0.0,260.6
CH02322,0.0,0.0,261.77
CH02322,6.57,0.0,261.77
CH02323,0.0,0.0,255.19
CH02323,7.13,0.0,255.19
CH02324,0.0,0.0,258.04
CH02324,6.78,0.0,258.04
CH02325,0.0,0.0,261.02
CH02325,7.06,0.0,261.02
CH02326,0.0,0.0,257.01
CH02326,7.18,0.0,257.01
CH02327,0.0,0.0,260.34
CH02327,7.05,0.0,260.34
CH02328,0.0,0.0,265.38
CH02328,7.67,0.0,265.38
CH02329,0.0,0.0,255.97
CH02329,7.58,0.0,255.97
CH02330,0.0,0.0,259.56
CH02330,7.23,0.0,259.56
CH02331,0.0,0.0,260.65
CH02331,6.99,0.0,260.65
CH02332,0.0,0.0,261.6
CH02332,4.51,0.0,261.6
CH02333,0.0,0.0,259.27
CH02333,4.73,0.0,259.27
CH02334,0.0,0.0,258.77
CH02334,4.34,0.0,258.77
CH02335,0.0,0.0,260.92
CH02335,4.77,0.0,260.92
CH02336,0.0,0.0,259.21
CH02336,4.84,0.0,259.21
CH02337,0.0,0.0,261.39
CH02337,4.54,0.0,261.39
CH02338,0.0,0.0,265.58
CH02338,3.95,0.0,265.58
CH02339,0.0,0.0,257.27
CH02339,4.84,0.0,257.27
CH02340,0.0,0.0,259.02
CH02340,4.88,0.0,259.02
CH02341,0.0,0.0,258.92
CH02341,4.26,0.0,258.92
CH02342,0.0,0.0,259.4
CH02342,3.97,0.0,259.4
CH02343,0.0,0.0,261.55
CH02343,4.22,0.0,261.55
CH02344,0.0,0.0,271.04
CH02344,3.92,0.0,271.04
CH02345,0.0,0.0,259.32
CH02345,3.7,0.0,259.32
CH02346,0.0,0.0,257.81
CH02346,5.07,0.0,257.81
CH02347,0.0,0.0,260.93
CH02347,3.59,0.0,260.93
CH02348,0.0,0.0,253.89
CH02348,3.65,0.0,253.89
CH02349,0.0,0.0,259.9
CH02349,4.91,0.0,259.9
CH02350,0.0,0.0,262.43
CH02350,4.62,0.0,262.43
CH02351,0.0,0.0,263.61
CH02351,4.33,0.0,263.61
CH02352,0.0,0.0,260.46
CH02352,4.92,0.0,260.46
CH02353,0.0,0.0,262.99
CH02353,4.2,0.0,262.99
CH02354,0.0,0.0,265.25
CH02354,4.84,0.0,265.25
CH02355,0.0,0.0,260.81
CH02355,4.49,0.0,260.81
CH02356,0.0,0.0,256.34
CH02356,4.27,0.0,256.34
CH02357,0.0,0.0,256.83
CH02357,4.24,0.0,256.83
CH02358,0.0,0.0,263.45
CH02358,5.15,0.0,263.45
CH02359,0.0,0.0,260.66
CH02359,4.86,0.0,260.66
CH02360,0.0,0.0,258.42
CH02360,4.07,0.0,258.42
CH02361,0.0,0.0,259.23
CH02361,4.77,0.0,259.23
CH02362,0.0,0.0,256.76
CH02362,4.1,0.0,256.76
CH02363,0.0,0.0,259.23
CH02363,4.1,0.0,259.23
CH02364,0.0,0.0,258.29
CH02364,4.81,0.0,258.29
CH02365,0.0,0.0,258.87
CH02365,4.73,0.0,258.87
CH02366,0.0,0.0,259.09
CH02366,5.21,0.0,259.09
CH02367,0.0,0.0,261.33
CH02367,4.45,0.0,261.33
CH02368,0.0,0.0,258.33
CH02368,3.83,0.0,258.33
CH02369,0.0,0.0,259.12
CH02369,4.61,0.0,259.12
CH02370,0.0,0.0,258.23
CH02370,3.79,0.0,258.23
CH02371,0.0,0.0,258.72
CH02371,4.67,0.0,258.72
CH02372,0.0,0.0,259.49
CH02372,4.67,0.0,259.49
CH02373,0.0,0.0,265.01
CH02373,3.83,0.0,265.01
CH02374,0.0,0.0,260.26
CH02374,4.57,0.0,260.26
CH02375,0.0,0.0,261.58
CH02375,4.66,0.0,261.58
CH02376,0.0,0.0,253.15
CH02376,5.21,0.0,253.15
CH02377,0.0,0.0,259.62
CH02377,4.57,0.0,259.62
CH02378,0.0,0.0,254.68
CH02378,5.29,0.0,254.68
CH02379,0.0,0.0,259.33
CH02379,4.98,0.0,259.33
CH02380,0.0,0.0,262.38
CH02380,4.3,0.0,262.38
CH02381,0.0,0.0,264.34
CH02381,4.11,0.0,264.34
CH02382,0.0,0.0,258.6
CH02382,4.19,0.0,258.6
CH02383,0.0,0.0,258.05
CH02383,3.93,0.0,258.05
CH02384,0.0,0.0,259.86
CH02384,3.91,0.0,259.86
CH02385,0.0,0.0,261.52
CH02385,5.02,0.0,261.52
CH02386,0.0,0.0,257.8
CH02386,5.08,0.0,257.8
CH02387,0.0,0.0,262.65
CH02387,4.89,0.0,262.65
CH02388,0.0,0.0,258.16
CH02388,4.58,0.0,258.16
CH02389,0.0,0.0,255.23
CH02389,4.16,0.0,255.23
CH02390,0.0,0.0,257.36
CH02390,4.97,0.0,257.36
CH02391,0.0,0.0,255.61
CH02391,3.98,0.0,255.61
CH02392,0.0,0.0,257.91
CH02392,4.11,0.0,257.91
CH02393,0.0,0.0,256.3
CH02393,4.54,0.0,256.3
CH02394,0.0,0.0,258.72
CH02394,4.75,0.0,258.72
CH02395,0.0,0.0,259.89
CH02395,4.7,0.0,259.89
CH02396,0.0,0.0,259.86
CH02396,4.87,0.0,259.86
CH02397,0.0,0.0,258.68
CH02397,4.67,0.0,258.68
CH02398,0.0,0.0,259.23
CH02398,4.2,0.0,259.23
CH02399,0.0,0.0,261.25
CH02399,4.48,0.0,261.25
CH02400,0.0,0.0,260.51
CH02400,4.84,0.0,260.51
CH02401,0.0,0.0,259.74
CH02401,4.37,0.0,259.74
CH02402,0.0,0.0,258.82
CH02402,4.37,0.0,258.82
CH02403,0.0,0.0,267.38
CH02403,3.84,0.0,267.38
CH02404,0.0,0.0,259.26
CH02404,3.44,0.0,259.26
CH02405,0.0,0.0,260.37
CH02405,4.11,0.0,260.37
CH02406,0.0,0.0,258.09
CH02406,4.2,0.0,258.09
CH02407,0.0,0.0,260.31
CH02407,4.3,0.0,260.31
CH02408,0.0,0.0,261.8
CH02408,4.3,0.0,261.8
CH02409,0.0,0.0,259.45
CH02409,3.56,0.0,259.45
CH02410,0.0,0.0,256.39
CH02410,4.93,0.0,256.39
CH02411,0.0,0.0,260.54
CH02411,4.09,0.0,260.54
CH02412,0.0,0.0,262.9
CH02412,3.99,0.0,262.9
CH02413,0.0,0.0,262.86
CH02413,4.79,0.0,262.86
CH02414,0.0,0.0,259.85
CH02414,4.49,0.0,259.85
CH02415,0.0,0.0,261.06
CH02415,4.37,0.0,261.06
CH02416,0.0,0.0,256.89
CH02416,4.66,0.0,256.89
CH02417,0.0,0.0,258.2
CH02417,5.01,0.0,258.2
CH02418,0.0,0.0,257.66
CH02418,3.94,0.0,257.66
CH02419,0.0,0.0,259.24
CH02419,4.85,0.0,259.24
CH02420,0.0,0.0,257.84
CH02420,3.76,0.0,257.84
CH02421,0.0,0.0,263.79
CH02421,4.22,0.0,263.79
CH02422,0.0,0.0,260.53
CH02422,4.61,0.0,260.53
CH02423,0.0,0.0,257.76
CH02423,3.83,0.0,257.76
CH02424,0.0,0.0,261.31
CH02424,4.62,0.0,261.31
CH02425,0.0,0.0,258.3
CH02425,4.03,0.0,258.3
CH02426,0.0,0.0,263.25
CH02426,4.23,0.0,263.25
CH02427,0.0,0.0,257.29
CH02427,3.76,0.0,257.29
CH02428,0.0,0.0,264.13
CH02428,3.27,0.0,264.13
CH02429,0.0,0.0,256.46
CH02429,4.01,0.0,256.46
CH02430,0.0,0.0,259.03
CH02430,3.5,0.0,259.03
CH02431,0.0,0.0,259.94
CH02431,4.02,0.0,259.94
CH02432,0.0,0.0,258.64
CH02432,3.44,0.0,258.64
CH02433,0.0,0.0,256.11
CH02433,3.68,0.0,256.11
CH02434,0.0,0.0,258.37
CH02434,4.18,0.0,258.37
CH02435,0.0,0.0,258.82
CH02435,4.66,0.0,258.82
CH02436,0.0,0.0,254.46
CH02436,3.83,0.0,254.46
CH02437,0.0,0.0,256.08
CH02437,4.66,0.0,256.08
CH02438,0.0,0.0,261.98
CH02438,5.11,0.0,261.98
CH02439,0.0,0.0,262.9
CH02439,5.23,0.0,262.9
CH02440,0.0,0.0,258.59
CH02440,4.29,0.0,258.59
CH02441,0.0,0.0,259.37
CH02441,4.94,0.0,259.37
CH02442,0.0,0.0,259.96
CH02442,4.32,0.0,259.96
CH02443,0.0,0.0,258.99
CH02443,5.11,0.0,258.99
CH02444,0.0,0.0,260.62
CH02444,5.53,0.0,260.62
CH02445,0.0,0.0,255.96
CH02445,5.05,0.0,255.96
CH02446,0.0,0.0,258.32
CH02446,4.37,0.0,258.32
CH02447,0.0,0.0,260.83
CH02447,5.01,0.0,260.83
CH02448,0.0,0.0,261.05
CH02448,4.54,0.0,261.05
CH02449,0.0,0.0,253.58
CH02449,4.85,0.0,253.58
CH02450,0.0,0.0,262.6
CH02450,5.94,0.0,262.6
CH02451,0.0,0.0,261.35
CH02451,5.34,0.0,261.35
CH02452,0.0,0.0,257.14
CH02452,4.91,0.0,257.14
CH02453,0.0,0.0,263.12
CH02453,5.59,0.0,263.12
CH02454,0.0,0.0,262.6
CH02454,5.61,0.0,262.6
CH02455,0.0,0.0,262.38
CH02455,5.28,0.0,262.38
CH02456,0.0,0.0,263.45
CH02456,4.99,0.0,263.45
CH02457,0.0,0.0,260.9
CH02457,4.47,0.0,260.9
CH02458,0.0,0.0,258.87
CH02458,5.11,0.0,258.87
CH02459,0.0,0.0,262.42
CH02459,5.45,0.0,262.42
CH02460,0.0,0.0,262.33
CH02460,4.21,0.0,262.33
CH02461,0.0,0.0,261.05
CH02461,5.52,0.0,261.05
CH02462,0.0,0.0,255.91
CH02462,5.0,0.0,255.91
CH02463,0.0,0.0,257.24
CH02463,5.17,0.0,257.24
CH02464,0.0,0.0,263.02
CH02464,5.08,0.0,263.02
CH02465,0.0,0.0,259.44
CH02465,4.73,0.0,259.44
CH02466,0.0,0.0,259.65
CH02466,5.63,0.0,259.65
CH02467,0.0,0.0,260.15
CH02467,4.58,0.0,260.15
CH02468,0.0,0.0,255.3
CH02468,4.6,0.0,255.3
CH02469,0.0,0.0,255.42
CH02469,5.55,0.0,255.42
CH02470,0.0,0.0,256.15
CH02470,5.64,0.0,256.15
CH02471,0.0,0.0,264.95
CH02471,5.41,0.0,264.95
CH02472,0.0,0.0,263.9
CH02472,4.92,0.0,263.9
CH02473,0.0,0.0,259.88
CH02473,5.58,0.0,259.88
CH02474,0.0,0.0,260.71
CH02474,4.43,0.0,260.71
CH02475,0.0,0.0,257.74
CH02475,4.88,0.0,257.74
CH02476,0.0,0.0,259.87
CH02476,4.49,0.0,259.87
CH02477,0.0,0.0,256.44
CH02477,4.32,0.0,256.44
CH02478,0.0,0.0,261.65
CH02478,4.37,0.0,261.65
CH02479,0.0,0.0,259.73
CH02479,3.58,0.0,259.73
CH02480,0.0,0.0,261.3
CH02480,4.36,0.0,261.3
CH02481,0.0,0.0,258.79
CH02481,3.68,0.0,258.79
CH02482,0.0,0.0,256.44
CH02482,4.8,0.0,256.44
CH02483,0.0,0.0,260.98
CH02483,3.44,0.0,260.98
CH02484,0.0,0.0,260.27
CH02484,4.21,0.0,260.27
CH02485,0.0,0.0,266.44
CH02485,3.77,0.0,266.44
CH02486,0.0,0.0,258.62
CH02486,3.56,0.0,258.62
CH02487,0.0,0.0,257.37
CH02487,3.08,0.0,257.37
CH02488,0.0,0.0,262.23
CH02488,4.32,0.0,262.23
CH02489,0.0,0.0,253.77
CH02489,3.81,0.0,253.77
CH02490,0.0,0.0,256.87
CH02490,3.06,0.0,256.87
CH02491,0.0,0.0,260.56
CH02491,3.95,0.0,260.56
CH02492,0.0,0.0,257.6
CH02492,2.99,0.0,257.6
