HOLE_ID,FROM,TO,LITH
FD0001,0.0,10.75,LAT
FD0001,10.75,169.87,MAF
FD0002,0.0,20.75,LAT
FD0002,20.75,241.02,MAF
FD0003,0.0,17.75,LAT
FD0003,17.75,230.18,MAF
FD0004,0.0,18.25,LAT
FD0004,18.25,256.5,MAF
FD0005,0.0,11.25,LAT
FD0005,11.25,176.2,MAF
FD0006,0.0,0.25,CG
FD0006,0.25,4.5,HF
FD0006,4.5,6.5,IF
FD0006,6.5,7.0,HF
FD0006,7.0,17.0,IF
FD0006,17.0,46.0,IC
FD0006,46.0,46.25,HC
FD0006,46.25,76.0,IC
FD0006,76.0,76.5,HC
FD0006,76.5,76.75,IC
FD0006,76.75,84.75,HC
FD0006,84.75,85.25,IC
FD0006,85.25,85.75,HC
FD0006,85.75,87.0,IC
FD0006,87.0,87.75,HC
FD0006,87.75,88.0,IC
FD0006,88.0,88.25,HC
FD0006,88.25,127.0,IC
FD0006,127.0,128.0,HC
FD0006,128.0,128.5,IC
FD0006,128.5,129.0,HC
FD0006,129.0,129.25,IC
FD0006,129.25,129.75,HC
FD0006,129.75,130.25,IC
FD0006,130.25,138.25,HC
FD0006,138.25,153.75,IC
FD0006,153.75,157.5,HC
FD0006,157.5,166.25,IC
FD0006,166.25,166.75,HC
FD0006,166.75,169.75,IC
FD0006,169.75,170.0,HC
FD0006,170.0,170.25,IC
FD0006,170.25,171.25,HC
FD0006,171.25,174.5,IC
FD0006,174.5,174.75,HC
FD0006,174.75,175.5,IC
FD0006,175.5,176.25,HC
FD0006,176.25,176.5,IC
FD0006,176.5,176.75,HC
FD0006,176.75,177.0,IC
FD0006,177.0,185.25,HC
FD0006,185.25,192.75,IC
FD0006,192.75,239.78,MAF
FD0007,0.0,10.25,CG
FD0007,10.25,12.75,IF
FD0007,12.75,13.0,HF
FD0007,13.0,14.25,IF
FD0007,14.25,14.75,HF
FD0007,14.75,15.0,IF
FD0007,15.0,17.5,HF
FD0007,17.5,51.25,IC
FD0007,51.25,52.0,HC
FD0007,52.0,53.25,IC
FD0007,53.25,53.5,HC
FD0007,53.5,53.75,IC
FD0007,53.75,54.0,HC
FD0007,54.0,55.25,IC
FD0007,55.25,57.25,HC
FD0007,57.25,74.0,IC
FD0007,74.0,79.0,HC
FD0007,79.0,154.75,IC
FD0007,154.75,155.0,HC
FD0007,155.0,158.25,IC
FD0007,158.25,158.5,HC
FD0007,158.5,158.75,IC
FD0007,158.75,159.25,HC
FD0007,159.25,159.5,IC
FD0007,159.5,159.75,HC
FD0007,159.75,160.25,IC
FD0007,160.25,162.0,HC
FD0007,162.0,163.25,IC
FD0007,163.25,163.5,HC
FD0007,163.5,164.0,IC
FD0007,164.0,166.75,HC
FD0007,166.75,167.0,IC
FD0007,167.0,169.25,HC
FD0007,169.25,173.25,IC
FD0007,173.25,251.56,MAF
FD0008,0.0,2.25,HF
FD0008,2.25,2.75,IF
FD0008,2.75,3.0,HF
FD0008,3.0,3.5,IF
FD0008,3.5,3.75,HF
FD0008,3.75,4.25,IF
FD0008,4.25,4.5,HF
FD0008,4.5,5.0,IF
FD0008,5.0,16.75,HF
FD0008,16.75,19.5,IC
FD0008,19.5,19.75,HC
FD0008,19.75,20.0,IC
FD0008,20.0,20.25,HC
FD0008,20.25,21.5,IC
FD0008,21.5,22.5,HC
FD0008,22.5,23.25,IC
FD0008,23.25,23.5,HC
FD0008,23.5,43.25,IC
FD0008,43.25,43.5,HC
FD0008,43.5,137.25,IC
FD0008,137.25,140.5,HC
FD0008,140.5,142.0,IC
FD0008,142.0,142.25,HC
FD0008,142.25,142.75,IC
FD0008,142.75,143.0,HC
FD0008,143.0,144.25,IC
FD0008,144.25,144.5,HC
FD0008,144.5,148.25,IC
FD0008,148.25,148.75,HC
FD0008,148.75,149.5,IC
FD0008,149.5,149.75,HC
FD0008,149.75,150.25,IC
FD0008,150.25,152.0,HC
FD0008,152.0,152.25,IC
FD0008,152.25,152.75,HC
FD0008,152.75,202.0,IC
FD0008,202.0,278.14,MAF
FD0009,0.0,0.25,CG
FD0009,0.25,3.75,HC
FD0009,3.75,4.0,IC
FD0009,4.0,4.25,HC
FD0009,4.25,4.5,IC
FD0009,4.5,11.0,HC
FD0009,11.0,67.25,IC
FD0009,67.25,76.0,HC
FD0009,76.0,76.75,IC
FD0009,76.75,83.25,HC
FD0009,83.25,118.0,IC
FD0009,118.0,118.25,HC
FD0009,118.25,141.5,IC
FD0009,141.5,144.25,HC
FD0009,144.25,145.0,IC
FD0009,145.0,145.5,HC
FD0009,145.5,154.25,IC
FD0009,154.25,155.25,HC
FD0009,155.25,155.75,IC
FD0009,155.75,160.25,HC
FD0009,160.25,161.5,IC
FD0009,161.5,162.0,HC
FD0009,162.0,162.25,IC
FD0009,162.25,162.5,HC
FD0009,162.5,163.25,IC
FD0009,163.25,163.5,HC
FD0009,163.5,167.25,IC
FD0009,167.25,167.75,HC
FD0009,167.75,168.0,IC
FD0009,168.0,168.5,HC
FD0009,168.5,174.75,IC
FD0009,174.75,175.0,HC
FD0009,175.0,245.25,IC
FD0009,245.25,257.26,MAF
FD0010,0.0,11.0,LAT
FD0010,11.0,234.57,MAF
FD0011,0.0,10.0,CG
FD0011,10.0,68.75,IC
FD0011,68.75,86.75,HC
FD0011,86.75,104.75,IC
FD0011,104.75,105.0,HC
FD0011,105.0,105.25,IC
FD0011,105.25,106.75,HC
FD0011,106.75,107.25,IC
FD0011,107.25,107.75,HC
FD0011,107.75,108.0,IC
FD0011,108.0,108.25,HC
FD0011,108.25,109.5,IC
FD0011,109.5,109.75,HC
FD0011,109.75,110.25,IC
FD0011,110.25,111.25,HC
FD0011,111.25,114.75,IC
FD0011,114.75,115.0,HC
FD0011,115.0,116.25,IC
FD0011,116.25,116.5,HC
FD0011,116.5,116.75,IC
FD0011,116.75,124.0,HC
FD0011,124.0,124.25,IC
FD0011,124.25,125.0,HC
FD0011,125.0,125.5,IC
FD0011,125.5,126.0,HC
FD0011,126.0,153.75,IC
FD0011,153.75,155.0,HC
FD0011,155.0,164.75,IC
FD0011,164.75,166.0,HC
FD0011,166.0,166.75,IC
FD0011,166.75,170.0,HC
FD0011,170.0,175.0,IC
FD0011,175.0,175.25,HC
FD0011,175.25,216.0,IC
FD0011,216.0,216.25,HC
FD0011,216.25,217.25,IC
FD0011,217.25,224.45,HC
FD0012,0.0,9.75,CG
FD0012,9.75,20.0,HF
FD0012,20.0,20.5,IF
FD0012,20.5,21.0,HF
FD0012,21.0,25.25,IF
FD0012,25.25,33.75,HF
FD0012,33.75,34.25,IC
FD0012,34.25,34.5,HC
FD0012,34.5,36.25,IC
FD0012,36.25,38.75,HC
FD0012,38.75,74.75,IC
FD0012,74.75,75.0,HC
FD0012,75.0,75.25,IC
FD0012,75.25,79.75,HC
FD0012,79.75,80.0,IC
FD0012,80.0,81.25,HC
FD0012,81.25,81.5,IC
FD0012,81.5,81.75,HC
FD0012,81.75,84.75,IC
FD0012,84.75,85.0,HC
FD0012,85.0,114.0,IC
FD0012,114.0,116.25,HC
FD0012,116.25,186.5,IC
FD0012,186.5,187.0,HC
FD0012,187.0,187.25,IC
FD0012,187.25,188.0,HC
FD0012,188.0,188.25,IC
FD0012,188.25,188.5,HC
FD0012,188.5,188.75,IC
FD0012,188.75,189.0,HC
FD0012,189.0,194.0,IC
FD0012,194.0,194.5,HC
FD0012,194.5,194.75,IC
FD0012,194.75,195.25,HC
FD0012,195.25,196.75,IC
FD0012,196.75,201.5,HC
FD0012,201.5,207.5,IC
FD0012,207.5,210.25,HC
FD0012,210.25,210.75,IC
FD0012,210.75,212.25,HC
FD0012,212.25,212.5,IC
FD0012,212.5,214.0,HC
FD0012,214.0,259.84,MAF
FD0013,0.0,12.25,CG
FD0013,12.25,23.25,HF
FD0013,23.25,23.75,IF
FD0013,23.75,32.25,HF
FD0013,32.25,33.25,IF
FD0013,33.25,33.5,HF
FD0013,33.5,35.75,IF
FD0013,35.75,92.0,IC
FD0013,92.0,92.5,HC
FD0013,92.5,93.75,IC
FD0013,93.75,94.0,HC
FD0013,94.0,96.25,IC
FD0013,96.25,96.5,HC
FD0013,96.5,107.75,IC
FD0013,107.75,108.25,HC
FD0013,108.25,108.5,IC
FD0013,108.5,109.0,HC
FD0013,109.0,128.75,IC
FD0013,128.75,129.0,HC
FD0013,129.0,129.5,IC
FD0013,129.5,130.0,HC
FD0013,130.0,130.25,IC
FD0013,130.25,130.5,HC
FD0013,130.5,131.75,IC
FD0013,131.75,132.0,HC
FD0013,132.0,132.25,IC
FD0013,132.25,139.25,HC
FD0013,139.25,139.5,IC
FD0013,139.5,140.0,HC
FD0013,140.0,147.75,IC
FD0013,147.75,161.75,HC
FD0013,161.75,162.0,IC
FD0013,162.0,162.25,HC
FD0013,162.25,168.0,IC
FD0013,168.0,168.25,HC
FD0013,168.25,168.5,IC
FD0013,168.5,175.75,HC
FD0013,175.75,176.0,IC
FD0013,176.0,177.75,HC
FD0013,177.75,178.0,IC
FD0013,178.0,182.5,HC
FD0013,182.5,182.75,IC
FD0013,182.75,184.0,HC
FD0013,184.0,186.25,IC
FD0013,186.25,189.75,HC
FD0013,189.75,275.09,MAF
FD0014,0.0,7.5,CG
FD0014,7.5,10.75,IC
FD0014,10.75,11.25,HC
FD0014,11.25,46.25,IC
FD0014,46.25,47.0,HC
FD0014,47.0,47.25,IC
FD0014,47.25,49.25,HC
FD0014,49.25,49.5,IC
FD0014,49.5,51.25,HC
FD0014,51.25,51.5,IC
FD0014,51.5,55.25,HC
FD0014,55.25,55.75,IC
FD0014,55.75,56.25,HC
FD0014,56.25,79.5,IC
FD0014,79.5,79.75,HC
FD0014,79.75,80.0,IC
FD0014,80.0,80.25,HC
FD0014,80.25,80.5,IC
FD0014,80.5,80.75,HC
FD0014,80.75,81.25,IC
FD0014,81.25,81.5,HC
FD0014,81.5,82.0,IC
FD0014,82.0,83.5,HC
FD0014,83.5,93.5,IC
FD0014,93.5,94.0,HC
FD0014,94.0,94.25,IC
FD0014,94.25,96.0,HC
FD0014,96.0,97.0,IC
FD0014,97.0,97.5,HC
FD0014,97.5,107.5,IC
FD0014,107.5,110.0,HC
FD0014,110.0,110.25,IC
FD0014,110.25,111.0,HC
FD0014,111.0,118.0,IC
FD0014,118.0,118.25,HC
FD0014,118.25,138.25,IC
FD0014,138.25,138.5,HC
FD0014,138.5,138.75,IC
FD0014,138.75,140.25,HC
FD0014,140.25,140.5,IC
FD0014,140.5,142.75,HC
FD0014,142.75,145.25,IC
FD0014,145.25,149.5,HC
FD0014,149.5,149.75,IC
FD0014,149.75,150.25,HC
FD0014,150.25,150.5,IC
FD0014,150.5,157.75,HC
FD0014,157.75,158.0,IC
FD0014,158.0,161.75,HC
FD0014,161.75,165.5,IC
FD0014,165.5,166.75,HC
FD0014,166.75,170.5,IC
FD0014,170.5,171.0,HC
FD0014,171.0,189.25,IC
FD0014,189.25,189.5,HC
FD0014,189.5,199.0,IC
FD0014,199.0,202.5,HC
FD0014,202.5,210.25,IC
FD0014,210.25,258.23,MAF
FD0015,0.0,2.25,CG
FD0015,2.25,2.75,HF
FD0015,2.75,7.75,IF
FD0015,7.75,10.75,HF
FD0015,10.75,11.0,IF
FD0015,11.0,12.75,HF
FD0015,12.75,14.75,IC
FD0015,14.75,15.25,HC
FD0015,15.25,15.5,IC
FD0015,15.5,15.75,HC
FD0015,15.75,39.0,IC
FD0015,39.0,40.5,HC
FD0015,40.5,40.75,IC
FD0015,40.75,41.5,HC
FD0015,41.5,42.5,IC
FD0015,42.5,42.75,HC
FD0015,42.75,43.25,IC
FD0015,43.25,43.5,HC
FD0015,43.5,44.0,IC
FD0015,44.0,44.75,HC
FD0015,44.75,95.75,IC
FD0015,95.75,96.0,HC
FD0015,96.0,136.75,IC
FD0015,136.75,137.5,HC
FD0015,137.5,137.75,IC
FD0015,137.75,139.0,HC
FD0015,139.0,139.25,IC
FD0015,139.25,140.0,HC
FD0015,140.0,140.5,IC
FD0015,140.5,141.5,HC
FD0015,141.5,142.0,IC
FD0015,142.0,142.25,HC
FD0015,142.25,142.75,IC
FD0015,142.75,143.25,HC
FD0015,143.25,143.5,IC
FD0015,143.5,143.75,HC
FD0015,143.75,145.0,IC
FD0015,145.0,147.5,HC
FD0015,147.5,164.75,IC
FD0015,164.75,165.5,HC
FD0015,165.5,246.5,IC
FD0015,246.5,279.36,MAF
FD0016,0.0,10.25,CG
FD0016,10.25,16.5,HF
FD0016,16.5,17.0,IF
FD0016,17.0,18.0,HF
FD0016,18.0,18.5,IF
FD0016,18.5,28.0,HF
FD0016,28.0,77.0,IC
FD0016,77.0,77.75,HC
FD0016,77.75,78.5,IC
FD0016,78.5,79.25,HC
FD0016,79.25,79.5,IC
FD0016,79.5,80.25,HC
FD0016,80.25,103.5,IC
FD0016,103.5,113.0,HC
FD0016,113.0,113.25,IC
FD0016,113.25,113.75,HC
FD0016,113.75,116.0,IC
FD0016,116.0,117.0,HC
FD0016,117.0,119.5,IC
FD0016,119.5,119.75,HC
FD0016,119.75,120.0,IC
FD0016,120.0,121.25,HC
FD0016,121.25,121.5,IC
FD0016,121.5,121.75,HC
FD0016,121.75,122.0,IC
FD0016,122.0,122.25,HC
FD0016,122.25,122.75,IC
FD0016,122.75,123.25,HC
FD0016,123.25,123.5,IC
FD0016,123.5,123.75,HC
FD0016,123.75,129.5,IC
FD0016,129.5,130.75,HC
FD0016,130.75,132.75,IC
FD0016,132.75,133.75,HC
FD0016,133.75,134.25,IC
FD0016,134.25,135.25,HC
FD0016,135.25,140.5,IC
FD0016,140.5,140.75,HC
FD0016,140.75,143.75,IC
FD0016,143.75,144.0,HC
FD0016,144.0,144.5,IC
FD0016,144.5,144.75,HC
FD0016,144.75,160.5,IC
FD0016,160.5,165.5,HC
FD0016,165.5,166.0,IC
FD0016,166.0,166.25,HC
FD0016,166.25,166.75,IC
FD0016,166.75,167.0,HC
FD0016,167.0,167.25,IC
FD0016,167.25,167.75,HC
FD0016,167.75,168.75,IC
FD0016,168.75,170.5,HC
FD0016,170.5,170.75,IC
FD0016,170.75,171.25,HC
FD0016,171.25,182.25,IC
FD0016,182.25,182.5,HC
FD0016,182.5,189.0,IC
FD0016,189.0,190.0,HC
FD0016,190.0,250.5,IC
FD0016,250.5,263.98,MAF
FD0017,0.0,9.75,LAT
FD0017,9.75,199.41,MAF
FD0018,0.0,4.75,LAT
FD0018,4.75,30.25,MAF
FD0018,30.25,36.75,IC
FD0018,36.75,41.75,HC
FD0018,41.75,117.0,IC
FD0018,117.0,117.75,HC
FD0018,117.75,118.75,IC
FD0018,118.75,119.5,HC
FD0018,119.5,120.25,IC
FD0018,120.25,120.5,HC
FD0018,120.5,121.0,IC
FD0018,121.0,123.5,HC
FD0018,123.5,126.75,IC
FD0018,126.75,136.75,HC
FD0018,136.75,141.86,IC
FD0019,0.0,11.75,CG
FD0019,11.75,15.5,IC
FD0019,15.5,15.75,HC
FD0019,15.75,67.5,IC
FD0019,67.5,67.75,HC
FD0019,67.75,68.25,IC
FD0019,68.25,68.5,HC
FD0019,68.5,76.5,IC
FD0019,76.5,83.5,HC
FD0019,83.5,84.0,IC
FD0019,84.0,91.0,HC
FD0019,91.0,108.75,IC
FD0019,108.75,112.75,HC
FD0019,112.75,129.25,IC
FD0019,129.25,129.75,HC
FD0019,129.75,130.25,IC
FD0019,130.25,130.5,HC
FD0019,130.5,131.25,IC
FD0019,131.25,137.25,HC
FD0019,137.25,137.5,IC
FD0019,137.5,138.0,HC
FD0019,138.0,138.5,IC
FD0019,138.5,138.75,HC
FD0019,138.75,139.25,IC
FD0019,139.25,139.5,HC
FD0019,139.5,139.75,IC
FD0019,139.75,140.25,HC
FD0019,140.25,140.5,IC
FD0019,140.5,141.0,HC
FD0019,141.0,141.25,IC
FD0019,141.25,141.5,HC
FD0019,141.5,213.25,IC
FD0019,213.25,214.88,HC
FD0020,0.0,6.0,CG
FD0020,6.0,16.25,HF
FD0020,16.25,25.5,IF
FD0020,25.5,25.75,HF
FD0020,25.75,26.0,IF
FD0020,26.0,27.25,HF
FD0020,27.25,28.25,IF
FD0020,28.25,28.75,HC
FD0020,28.75,67.0,IC
FD0020,67.0,67.5,HC
FD0020,67.5,67.75,IC
FD0020,67.75,68.0,HC
FD0020,68.0,68.5,IC
FD0020,68.5,70.5,HC
FD0020,70.5,71.0,IC
FD0020,71.0,71.5,HC
FD0020,71.5,71.75,IC
FD0020,71.75,72.25,HC
FD0020,72.25,72.5,IC
FD0020,72.5,72.75,HC
FD0020,72.75,75.25,IC
FD0020,75.25,77.5,HC
FD0020,77.5,77.75,IC
FD0020,77.75,81.75,HC
FD0020,81.75,82.0,IC
FD0020,82.0,82.75,HC
FD0020,82.75,128.75,IC
FD0020,128.75,129.5,HC
FD0020,129.5,191.0,IC
FD0020,191.0,191.25,HC
FD0020,191.25,192.0,IC
FD0020,192.0,192.75,HC
FD0020,192.75,195.0,IC
FD0020,195.0,195.5,HC
FD0020,195.5,196.5,IC
FD0020,196.5,196.75,HC
FD0020,196.75,197.0,IC
FD0020,197.0,197.25,HC
FD0020,197.25,199.5,IC
FD0020,199.5,199.75,HC
FD0020,199.75,205.25,IC
FD0020,205.25,223.0,HC
FD0020,223.0,223.5,IC
FD0020,223.5,242.48,MAF
FD0021,0.0,3.75,CG
FD0021,3.75,4.0,HF
FD0021,4.0,12.75,IF
FD0021,12.75,15.75,HF
FD0021,15.75,24.75,IF
FD0021,24.75,39.5,IC
FD0021,39.5,39.75,HC
FD0021,39.75,40.25,IC
FD0021,40.25,40.5,HC
FD0021,40.5,40.75,IC
FD0021,40.75,42.5,HC
FD0021,42.5,65.25,IC
FD0021,65.25,65.5,HC
FD0021,65.5,67.25,IC
FD0021,67.25,67.75,HC
FD0021,67.75,68.75,IC
FD0021,68.75,71.0,HC
FD0021,71.0,71.25,IC
FD0021,71.25,71.75,HC
FD0021,71.75,72.0,IC
FD0021,72.0,72.25,HC
FD0021,72.25,98.5,IC
FD0021,98.5,98.75,HC
FD0021,98.75,99.0,IC
FD0021,99.0,99.25,HC
FD0021,99.25,103.0,IC
FD0021,103.0,103.5,HC
FD0021,103.5,108.25,IC
FD0021,108.25,108.5,HC
FD0021,108.5,109.75,IC
FD0021,109.75,113.25,HC
FD0021,113.25,117.75,IC
FD0021,117.75,118.0,HC
FD0021,118.0,118.25,IC
FD0021,118.25,118.5,HC
FD0021,118.5,129.25,IC
FD0021,129.25,129.75,HC
FD0021,129.75,130.25,IC
FD0021,130.25,136.25,HC
FD0021,136.25,137.75,IC
FD0021,137.75,143.0,HC
FD0021,143.0,143.25,IC
FD0021,143.25,143.5,HC
FD0021,143.5,153.5,IC
FD0021,153.5,154.0,HC
FD0021,154.0,154.75,IC
FD0021,154.75,155.0,HC
FD0021,155.0,155.75,IC
FD0021,155.75,156.5,HC
FD0021,156.5,162.0,IC
FD0021,162.0,177.5,HC
FD0021,177.5,178.0,IC
FD0021,178.0,178.25,HC
FD0021,178.25,180.0,IC
FD0021,180.0,182.5,HC
FD0021,182.5,183.25,IC
FD0021,183.25,183.5,HC
FD0021,183.5,183.75,IC
FD0021,183.75,184.5,HC
FD0021,184.5,185.5,IC
FD0021,185.5,188.75,HC
FD0021,188.75,189.5,IC
FD0021,189.5,194.5,HC
FD0021,194.5,194.75,IC
FD0021,194.75,195.0,HC
FD0021,195.0,204.5,IC
FD0021,204.5,262.11,MAF
FD0022,0.0,5.0,CG
FD0022,5.0,12.5,HF
FD0022,12.5,84.5,IC
FD0022,84.5,88.25,HC
FD0022,88.25,89.25,IC
FD0022,89.25,89.5,HC
FD0022,89.5,91.75,IC
FD0022,91.75,92.0,HC
FD0022,92.0,106.25,IC
FD0022,106.25,106.75,HC
FD0022,106.75,107.5,IC
FD0022,107.5,107.75,HC
FD0022,107.75,108.5,IC
FD0022,108.5,108.75,HC
FD0022,108.75,109.5,IC
FD0022,109.5,109.75,HC
FD0022,109.75,110.0,IC
FD0022,110.0,110.25,HC
FD0022,110.25,209.5,IC
FD0022,209.5,294.06,MAF
FD0023,0.0,10.75,HF
FD0023,10.75,30.5,IC
FD0023,30.5,30.75,HC
FD0023,30.75,31.0,IC
FD0023,31.0,31.25,HC
FD0023,31.25,31.75,IC
FD0023,31.75,33.0,HC
FD0023,33.0,33.25,IC
FD0023,33.25,35.0,HC
FD0023,35.0,36.25,IC
FD0023,36.25,36.5,HC
FD0023,36.5,37.25,IC
FD0023,37.25,38.25,HC
FD0023,38.25,53.25,IC
FD0023,53.25,58.0,HC
FD0023,58.0,58.25,IC
FD0023,58.25,63.5,HC
FD0023,63.5,64.5,IC
FD0023,64.5,64.75,HC
FD0023,64.75,66.25,IC
FD0023,66.25,67.25,HC
FD0023,67.25,69.0,IC
FD0023,69.0,69.25,HC
FD0023,69.25,169.5,IC
FD0023,169.5,170.0,HC
FD0023,170.0,175.25,IC
FD0023,175.25,175.5,HC
FD0023,175.5,176.0,IC
FD0023,176.0,177.5,HC
FD0023,177.5,177.75,IC
FD0023,177.75,195.5,HC
FD0023,195.5,196.0,IC
FD0023,196.0,196.25,HC
FD0023,196.25,226.25,IC
FD0023,226.25,277.82,MAF
FD0024,0.0,2.5,CG
FD0024,2.5,21.75,IF
FD0024,21.75,40.25,HF
FD0024,40.25,119.25,IC
FD0024,119.25,119.5,HC
FD0024,119.5,120.25,IC
FD0024,120.25,120.75,HC
FD0024,120.75,133.0,IC
FD0024,133.0,133.25,HC
FD0024,133.25,133.75,IC
FD0024,133.75,139.0,HC
FD0024,139.0,139.75,IC
FD0024,139.75,145.5,HC
FD0024,145.5,145.75,IC
FD0024,145.75,146.0,HC
FD0024,146.0,146.75,IC
FD0024,146.75,147.5,HC
FD0024,147.5,149.5,IC
FD0024,149.5,149.75,HC
FD0024,149.75,164.25,IC
FD0024,164.25,164.5,HC
FD0024,164.5,171.75,IC
FD0024,171.75,172.0,HC
FD0024,172.0,172.25,IC
FD0024,172.25,173.0,HC
FD0024,173.0,173.5,IC
FD0024,173.5,174.5,HC
FD0024,174.5,174.75,IC
FD0024,174.75,175.25,HC
FD0024,175.25,187.5,IC
FD0024,187.5,187.75,HC
FD0024,187.75,208.75,IC
FD0024,208.75,209.0,HC
FD0024,209.0,209.25,IC
FD0024,209.25,209.5,HC
FD0024,209.5,211.5,IC
FD0024,211.5,211.75,HC
FD0024,211.75,232.25,IC
FD0024,232.25,253.18,MAF
FD0025,0.0,8.5,CG
FD0025,8.5,22.5,HF
FD0025,22.5,33.75,IC
FD0025,33.75,34.25,HC
FD0025,34.25,34.5,IC
FD0025,34.5,34.75,HC
FD0025,34.75,43.75,IC
FD0025,43.75,45.0,HC
FD0025,45.0,45.25,IC
FD0025,45.25,45.5,HC
FD0025,45.5,118.75,IC
FD0025,118.75,119.0,HC
FD0025,119.0,121.0,IC
FD0025,121.0,122.0,HC
FD0025,122.0,122.25,IC
FD0025,122.25,122.5,HC
FD0025,122.5,122.75,IC
FD0025,122.75,146.0,HC
FD0025,146.0,146.5,IC
FD0025,146.5,146.75,HC
FD0025,146.75,147.25,IC
FD0025,147.25,147.5,HC
FD0025,147.5,154.0,IC
FD0025,154.0,154.25,HC
FD0025,154.25,190.5,IC
FD0025,190.5,216.14,MAF
FD0026,0.0,14.0,LAT
FD0026,14.0,71.0,MAF
FD0026,71.0,99.75,IC
FD0026,99.75,118.0,HC
FD0026,118.0,118.25,IC
FD0026,118.25,119.25,HC
FD0026,119.25,120.25,IC
FD0026,120.25,120.5,HC
FD0026,120.5,121.0,IC
FD0026,121.0,121.25,HC
FD0026,121.25,123.0,IC
FD0026,123.0,123.25,HC
FD0026,123.25,124.25,IC
FD0026,124.25,128.08,HC
FD0027,0.0,14.0,CG
FD0027,14.0,33.25,IC
FD0027,33.25,34.0,HC
FD0027,34.0,34.25,IC
FD0027,34.25,35.5,HC
FD0027,35.5,35.75,IC
FD0027,35.75,39.5,HC
FD0027,39.5,40.25,IC
FD0027,40.25,40.5,HC
FD0027,40.5,40.75,IC
FD0027,40.75,41.0,HC
FD0027,41.0,41.25,IC
FD0027,41.25,41.5,HC
FD0027,41.5,42.25,IC
FD0027,42.25,44.75,HC
FD0027,44.75,45.0,IC
FD0027,45.0,46.0,HC
FD0027,46.0,46.5,IC
FD0027,46.5,47.75,HC
FD0027,47.75,51.75,IC
FD0027,51.75,52.0,HC
FD0027,52.0,57.75,IC
FD0027,57.75,59.25,HC
FD0027,59.25,60.5,IC
FD0027,60.5,67.75,HC
FD0027,67.75,68.5,IC
FD0027,68.5,75.75,HC
FD0027,75.75,76.25,IC
FD0027,76.25,80.75,HC
FD0027,80.75,81.0,IC
FD0027,81.0,83.0,HC
FD0027,83.0,84.25,IC
FD0027,84.25,84.75,HC
FD0027,84.75,85.5,IC
FD0027,85.5,87.25,HC
FD0027,87.25,87.5,IC
FD0027,87.5,87.75,HC
FD0027,87.75,90.75,IC
FD0027,90.75,91.0,HC
FD0027,91.0,92.5,IC
FD0027,92.5,92.75,HC
FD0027,92.75,93.0,IC
FD0027,93.0,93.25,HC
FD0027,93.25,93.5,IC
FD0027,93.5,99.25,HC
FD0027,99.25,99.5,IC
FD0027,99.5,100.25,HC
FD0027,100.25,108.75,IC
FD0027,108.75,113.0,HC
FD0027,113.0,116.25,IC
FD0027,116.25,116.75,HC
FD0027,116.75,133.25,IC
FD0027,133.25,135.75,HC
FD0027,135.75,144.5,IC
FD0027,144.5,145.5,HC
FD0027,145.5,145.75,IC
FD0027,145.75,156.25,HC
FD0027,156.25,156.75,IC
FD0027,156.75,162.48,HC
FD0028,0.0,15.5,CG
FD0028,15.5,46.25,IC
FD0028,46.25,46.75,HC
FD0028,46.75,49.0,IC
FD0028,49.0,49.25,HC
FD0028,49.25,49.75,IC
FD0028,49.75,51.25,HC
FD0028,51.25,53.0,IC
FD0028,53.0,53.5,HC
FD0028,53.5,53.75,IC
FD0028,53.75,54.0,HC
FD0028,54.0,55.25,IC
FD0028,55.25,56.5,HC
FD0028,56.5,56.75,IC
FD0028,56.75,62.75,HC
FD0028,62.75,63.0,IC
FD0028,63.0,63.25,HC
FD0028,63.25,64.75,IC
FD0028,64.75,65.0,HC
FD0028,65.0,75.5,IC
FD0028,75.5,75.75,HC
FD0028,75.75,77.5,IC
FD0028,77.5,77.75,HC
FD0028,77.75,78.0,IC
FD0028,78.0,78.5,HC
FD0028,78.5,79.0,IC
FD0028,79.0,81.0,HC
FD0028,81.0,81.75,IC
FD0028,81.75,82.0,HC
FD0028,82.0,82.25,IC
FD0028,82.25,83.25,HC
FD0028,83.25,101.0,IC
FD0028,101.0,101.25,HC
FD0028,101.25,102.5,IC
FD0028,102.5,102.75,HC
FD0028,102.75,128.0,IC
FD0028,128.0,128.25,HC
FD0028,128.25,128.5,IC
FD0028,128.5,134.0,HC
FD0028,134.0,134.25,IC
FD0028,134.25,134.5,HC
FD0028,134.5,136.25,IC
FD0028,136.25,138.75,HC
FD0028,138.75,139.0,IC
FD0028,139.0,139.5,HC
FD0028,139.5,140.0,IC
FD0028,140.0,141.5,HC
FD0028,141.5,141.75,IC
FD0028,141.75,142.25,HC
FD0028,142.25,142.5,IC
FD0028,142.5,149.0,HC
FD0028,149.0,149.5,IC
FD0028,149.5,149.75,HC
FD0028,149.75,150.25,IC
FD0028,150.25,150.5,HC
FD0028,150.5,151.0,IC
FD0028,151.0,152.25,HC
FD0028,152.25,152.5,IC
FD0028,152.5,153.25,HC
FD0028,153.25,155.25,IC
FD0028,155.25,156.5,HC
FD0028,156.5,192.0,IC
FD0028,192.0,194.25,HC
FD0028,194.25,195.25,IC
FD0028,195.25,195.5,HC
FD0028,195.5,224.5,IC
FD0028,224.5,225.25,HC
FD0028,225.25,227.68,IC
FD0029,0.0,6.5,CG
FD0029,6.5,11.75,HF
FD0029,11.75,12.0,IF
FD0029,12.0,13.0,HF
FD0029,13.0,13.5,IF
FD0029,13.5,13.75,HF
FD0029,13.75,15.25,IF
FD0029,15.25,17.75,HF
FD0029,17.75,28.0,IF
FD0029,28.0,34.0,HF
FD0029,34.0,45.75,IC
FD0029,45.75,46.25,HC
FD0029,46.25,46.75,IC
FD0029,46.75,47.0,HC
FD0029,47.0,47.75,IC
FD0029,47.75,50.5,HC
FD0029,50.5,59.5,IC
FD0029,59.5,60.0,HC
FD0029,60.0,66.5,IC
FD0029,66.5,66.75,HC
FD0029,66.75,71.25,IC
FD0029,71.25,71.5,HC
FD0029,71.5,72.75,IC
FD0029,72.75,73.0,HC
FD0029,73.0,84.5,IC
FD0029,84.5,87.5,HC
FD0029,87.5,88.0,IC
FD0029,88.0,88.5,HC
FD0029,88.5,99.5,IC
FD0029,99.5,99.75,HC
FD0029,99.75,100.25,IC
FD0029,100.25,103.5,HC
FD0029,103.5,103.75,IC
FD0029,103.75,104.0,HC
FD0029,104.0,107.75,IC
FD0029,107.75,108.0,HC
FD0029,108.0,128.75,IC
FD0029,128.75,130.25,HC
FD0029,130.25,130.5,IC
FD0029,130.5,131.0,HC
FD0029,131.0,131.25,IC
FD0029,131.25,131.75,HC
FD0029,131.75,132.0,IC
FD0029,132.0,133.75,HC
FD0029,133.75,137.25,IC
FD0029,137.25,137.5,HC
FD0029,137.5,190.75,IC
FD0029,190.75,192.0,HC
FD0029,192.0,192.25,IC
FD0029,192.25,192.75,HC
FD0029,192.75,193.0,IC
FD0029,193.0,195.5,HC
FD0029,195.5,196.0,IC
FD0029,196.0,199.0,HC
FD0029,199.0,201.75,IC
FD0029,201.75,202.0,HC
FD0029,202.0,203.5,IC
FD0029,203.5,203.75,HC
FD0029,203.75,204.25,IC
FD0029,204.25,204.5,HC
FD0029,204.5,204.75,IC
FD0029,204.75,205.25,HC
FD0029,205.25,205.5,IC
FD0029,205.5,212.0,HC
FD0029,212.0,213.25,IC
FD0029,213.25,213.5,HC
FD0029,213.5,215.25,IC
FD0029,215.25,215.5,HC
FD0029,215.5,215.75,IC
FD0029,215.75,216.25,HC
FD0029,216.25,216.75,IC
FD0029,216.75,217.0,HC
FD0029,217.0,217.25,IC
FD0029,217.25,224.5,HC
FD0029,224.5,235.5,IC
FD0029,235.5,236.25,HC
FD0029,236.25,238.75,IC
FD0029,238.75,259.94,MAF
FD0030,0.0,6.0,CG
FD0030,6.0,8.0,IF
FD0030,8.0,8.5,HF
FD0030,8.5,8.75,IF
FD0030,8.75,9.5,HF
FD0030,9.5,22.75,IF
FD0030,22.75,37.5,IC
FD0030,37.5,40.75,HC
FD0030,40.75,41.75,IC
FD0030,41.75,42.5,HC
FD0030,42.5,43.0,IC
FD0030,43.0,45.0,HC
FD0030,45.0,45.25,IC
FD0030,45.25,45.5,HC
FD0030,45.5,45.75,IC
FD0030,45.75,53.75,HC
FD0030,53.75,96.75,IC
FD0030,96.75,97.0,HC
FD0030,97.0,97.75,IC
FD0030,97.75,102.25,HC
FD0030,102.25,108.0,IC
FD0030,108.0,108.25,HC
FD0030,108.25,130.75,IC
FD0030,130.75,131.5,HC
FD0030,131.5,131.75,IC
FD0030,131.75,132.0,HC
FD0030,132.0,132.25,IC
FD0030,132.25,132.5,HC
FD0030,132.5,133.25,IC
FD0030,133.25,133.5,HC
FD0030,133.5,134.25,IC
FD0030,134.25,134.75,HC
FD0030,134.75,192.0,IC
FD0030,192.0,214.5,HC
FD0030,214.5,214.75,IC
FD0030,214.75,216.5,HC
FD0030,216.5,221.25,IC
FD0030,221.25,222.5,HC
FD0030,222.5,226.25,IC
FD0030,226.25,272.14,MAF
FD0031,0.0,4.0,CG
FD0031,4.0,7.5,HF
FD0031,7.5,10.25,IF
FD0031,10.25,10.5,HF
FD0031,10.5,11.0,IF
FD0031,11.0,11.5,HF
FD0031,11.5,11.75,IF
FD0031,11.75,70.0,HF
FD0031,70.0,76.5,IC
FD0031,76.5,76.75,HC
FD0031,76.75,77.0,IC
FD0031,77.0,77.25,HC
FD0031,77.25,78.5,IC
FD0031,78.5,79.75,HC
FD0031,79.75,108.25,IC
FD0031,108.25,108.5,HC
FD0031,108.5,117.5,IC
FD0031,117.5,118.75,HC
FD0031,118.75,131.75,IC
FD0031,131.75,132.0,HC
FD0031,132.0,132.5,IC
FD0031,132.5,133.0,HC
FD0031,133.0,136.5,IC
FD0031,136.5,136.75,HC
FD0031,136.75,138.0,IC
FD0031,138.0,138.5,HC
FD0031,138.5,140.0,IC
FD0031,140.0,140.75,HC
FD0031,140.75,141.0,IC
FD0031,141.0,141.25,HC
FD0031,141.25,183.75,IC
FD0031,183.75,184.0,HC
FD0031,184.0,184.25,IC
FD0031,184.25,184.5,HC
FD0031,184.5,185.0,IC
FD0031,185.0,185.5,HC
FD0031,185.5,185.75,IC
FD0031,185.75,187.5,HC
FD0031,187.5,188.0,IC
FD0031,188.0,189.5,HC
FD0031,189.5,189.75,IC
FD0031,189.75,190.5,HC
FD0031,190.5,191.0,IC
FD0031,191.0,191.75,HC
FD0031,191.75,214.25,IC
FD0031,214.25,283.23,MAF
FD0032,0.0,6.25,CG
FD0032,6.25,11.25,HF
FD0032,11.25,11.5,IF
FD0032,11.5,13.75,HF
FD0032,13.75,14.0,IF
FD0032,14.0,14.5,HF
FD0032,14.5,14.75,IF
FD0032,14.75,15.5,HF
FD0032,15.5,16.0,IF
FD0032,16.0,16.25,HF
FD0032,16.25,18.0,IF
FD0032,18.0,18.25,HF
FD0032,18.25,18.5,IF
FD0032,18.5,20.0,HF
FD0032,20.0,22.75,IF
FD0032,22.75,38.5,HF
FD0032,38.5,41.5,IF
FD0032,41.5,41.75,HF
FD0032,41.75,44.0,IF
FD0032,44.0,50.25,HF
FD0032,50.25,52.25,IF
FD0032,52.25,53.0,HF
FD0032,53.0,54.25,IF
FD0032,54.25,60.25,HF
FD0032,60.25,62.0,IC
FD0032,62.0,62.25,HC
FD0032,62.25,63.0,IC
FD0032,63.0,63.25,HC
FD0032,63.25,63.5,IC
FD0032,63.5,64.25,HC
FD0032,64.25,64.5,IC
FD0032,64.5,66.5,HC
FD0032,66.5,66.75,IC
FD0032,66.75,68.0,HC
FD0032,68.0,68.75,IC
FD0032,68.75,69.0,HC
FD0032,69.0,77.0,IC
FD0032,77.0,77.25,HC
FD0032,77.25,78.25,IC
FD0032,78.25,82.0,HC
FD0032,82.0,83.75,IC
FD0032,83.75,84.0,HC
FD0032,84.0,144.75,IC
FD0032,144.75,145.0,HC
FD0032,145.0,146.25,IC
FD0032,146.25,150.75,HC
FD0032,150.75,151.25,IC
FD0032,151.25,151.5,HC
FD0032,151.5,152.0,IC
FD0032,152.0,152.5,HC
FD0032,152.5,157.25,IC
FD0032,157.25,157.5,HC
FD0032,157.5,158.75,IC
FD0032,158.75,159.0,HC
FD0032,159.0,159.25,IC
FD0032,159.25,161.75,HC
FD0032,161.75,162.75,IC
FD0032,162.75,163.25,HC
FD0032,163.25,167.0,IC
FD0032,167.0,167.25,HC
FD0032,167.25,171.0,IC
FD0032,171.0,173.0,HC
FD0032,173.0,181.5,IC
FD0032,181.5,182.75,HC
FD0032,182.75,183.75,IC
FD0032,183.75,193.75,HC
FD0032,193.75,216.25,IC
FD0032,216.25,279.68,MAF
FD0033,0.0,4.5,CG
FD0033,4.5,4.75,HF
FD0033,4.75,5.0,IF
FD0033,5.0,5.25,HF
FD0033,5.25,5.75,IF
FD0033,5.75,6.0,HF
FD0033,6.0,6.5,IF
FD0033,6.5,41.75,HF
FD0033,41.75,66.75,IC
FD0033,66.75,67.0,HC
FD0033,67.0,142.25,IC
FD0033,142.25,142.75,HC
FD0033,142.75,143.25,IC
FD0033,143.25,144.5,HC
FD0033,144.5,144.75,IC
FD0033,144.75,145.0,HC
FD0033,145.0,145.5,IC
FD0033,145.5,147.25,HC
FD0033,147.25,149.5,IC
FD0033,149.5,152.5,HC
FD0033,152.5,153.0,IC
FD0033,153.0,163.5,HC
FD0033,163.5,164.25,IC
FD0033,164.25,164.5,HC
FD0033,164.5,183.5,IC
FD0033,183.5,188.25,HC
FD0033,188.25,188.5,IC
FD0033,188.5,188.75,HC
FD0033,188.75,213.25,IC
FD0033,213.25,266.41,MAF
FD0034,0.0,10.5,CG
FD0034,10.5,44.0,HF
FD0034,44.0,45.75,IF
FD0034,45.75,46.5,HF
FD0034,46.5,61.0,HC
FD0034,61.0,72.25,IC
FD0034,72.25,72.5,HC
FD0034,72.5,75.5,IC
FD0034,75.5,76.0,HC
FD0034,76.0,76.25,IC
FD0034,76.25,76.75,HC
FD0034,76.75,86.25,IC
FD0034,86.25,86.5,HC
FD0034,86.5,109.25,IC
FD0034,109.25,110.25,HC
FD0034,110.25,110.75,IC
FD0034,110.75,111.0,HC
FD0034,111.0,111.25,IC
FD0034,111.25,111.5,HC
FD0034,111.5,124.75,IC
FD0034,124.75,125.25,HC
FD0034,125.25,125.5,IC
FD0034,125.5,126.0,HC
FD0034,126.0,126.25,IC
FD0034,126.25,127.5,HC
FD0034,127.5,139.75,IC
FD0034,139.75,140.0,HC
FD0034,140.0,140.25,IC
FD0034,140.25,142.25,HC
FD0034,142.25,142.5,IC
FD0034,142.5,142.75,HC
FD0034,142.75,143.75,IC
FD0034,143.75,144.0,HC
FD0034,144.0,144.5,IC
FD0034,144.5,145.25,HC
FD0034,145.25,146.5,IC
FD0034,146.5,146.75,HC
FD0034,146.75,147.0,IC
FD0034,147.0,151.5,HC
FD0034,151.5,153.25,IC
FD0034,153.25,153.5,HC
FD0034,153.5,153.75,IC
FD0034,153.75,160.25,HC
FD0034,160.25,160.5,IC
FD0034,160.5,160.75,HC
FD0034,160.75,161.25,IC
FD0034,161.25,162.25,HC
FD0034,162.25,164.0,IC
FD0034,164.0,207.81,MAF
FD0035,0.0,5.5,LAT
FD0035,5.5,9.0,HF
FD0035,9.0,27.5,IF
FD0035,27.5,29.25,HC
FD0035,29.25,30.5,IF
FD0035,30.5,39.25,HC
FD0035,39.25,85.25,IC
FD0035,85.25,85.5,HC
FD0035,85.5,86.0,IC
FD0035,86.0,86.25,HC
FD0035,86.25,86.75,IC
FD0035,86.75,87.0,HC
FD0035,87.0,87.25,IC
FD0035,87.25,88.25,HC
FD0035,88.25,88.5,IC
FD0035,88.5,88.75,HC
FD0035,88.75,109.75,IC
FD0035,109.75,110.5,HC
FD0035,110.5,111.25,IC
FD0035,111.25,111.5,HC
FD0035,111.5,113.75,IC
FD0035,113.75,114.0,HC
FD0035,114.0,114.25,IC
FD0035,114.25,114.5,HC
FD0035,114.5,115.5,IC
FD0035,115.5,119.0,HC
FD0035,119.0,119.64,IC
FD0036,0.0,24.25,MAF
FD0036,24.25,52.75,IC
FD0036,52.75,53.0,HC
FD0036,53.0,53.25,IC
FD0036,53.25,54.0,HC
FD0036,54.0,54.75,IC
FD0036,54.75,55.75,HC
FD0036,55.75,56.5,IC
FD0036,56.5,57.5,HC
FD0036,57.5,84.25,IC
FD0036,84.25,84.75,HC
FD0036,84.75,85.75,IC
FD0036,85.75,86.0,HC
FD0036,86.0,86.44,IC
FD0037,0.0,8.0,CG
FD0037,8.0,18.75,IF
FD0037,18.75,19.25,IC
FD0037,19.25,27.0,IF
FD0037,27.0,29.75,IC
FD0037,29.75,30.5,IF
FD0037,30.5,99.5,IC
FD0037,99.5,99.75,HC
FD0037,99.75,100.0,IC
FD0037,100.0,100.25,HC
FD0037,100.25,107.5,IC
FD0037,107.5,111.5,HC
FD0037,111.5,113.0,IC
FD0037,113.0,113.75,HC
FD0037,113.75,125.5,IC
FD0037,125.5,126.5,HC
FD0037,126.5,126.75,IC
FD0037,126.75,128.0,HC
FD0037,128.0,128.75,IC
FD0037,128.75,131.25,HC
FD0037,131.25,138.25,IC
FD0037,138.25,142.25,HC
FD0037,142.25,142.5,IC
FD0037,142.5,143.25,HC
FD0037,143.25,143.5,IC
FD0037,143.5,143.75,HC
FD0037,143.75,144.75,IC
FD0037,144.75,145.25,HC
FD0037,145.25,147.0,IC
FD0037,147.0,147.5,HC
FD0037,147.5,147.75,IC
FD0037,147.75,155.5,HC
FD0037,155.5,156.75,IC
FD0037,156.75,157.5,HC
FD0037,157.5,159.25,IC
FD0037,159.25,159.75,HC
FD0037,159.75,160.0,IC
FD0037,160.0,160.75,HC
FD0037,160.75,161.5,IC
FD0037,161.5,162.5,HC
FD0037,162.5,171.81,IC
FD0038,0.0,24.75,HF
FD0038,24.75,25.0,IF
FD0038,25.0,27.75,HF
FD0038,27.75,54.75,IC
FD0038,54.75,55.25,HC
FD0038,55.25,55.5,IC
FD0038,55.5,55.75,HC
FD0038,55.75,81.5,IC
FD0038,81.5,81.75,HC
FD0038,81.75,83.0,IC
FD0038,83.0,83.25,HC
FD0038,83.25,83.5,IC
FD0038,83.5,89.0,HC
FD0038,89.0,90.0,IC
FD0038,90.0,92.5,HC
FD0038,92.5,93.5,IC
FD0038,93.5,93.75,HC
FD0038,93.75,94.0,IC
FD0038,94.0,95.0,HC
FD0038,95.0,123.75,IC
FD0038,123.75,125.5,HC
FD0038,125.5,125.75,IC
FD0038,125.75,126.75,HC
FD0038,126.75,127.75,IC
FD0038,127.75,128.5,HC
FD0038,128.5,129.25,IC
FD0038,129.25,129.5,HC
FD0038,129.5,129.75,IC
FD0038,129.75,130.25,HC
FD0038,130.25,130.5,IC
FD0038,130.5,131.0,HC
FD0038,131.0,131.25,IC
FD0038,131.25,131.75,HC
FD0038,131.75,138.25,IC
FD0038,138.25,138.5,HC
FD0038,138.5,199.38,IC
FD0039,0.0,4.25,CG
FD0039,4.25,10.0,HF
FD0039,10.0,11.0,IF
FD0039,11.0,11.5,HF
FD0039,11.5,14.25,IF
FD0039,14.25,16.25,HF
FD0039,16.25,16.5,IF
FD0039,16.5,17.0,HF
FD0039,17.0,17.25,IF
FD0039,17.25,17.75,HF
FD0039,17.75,18.5,IF
FD0039,18.5,19.0,HF
FD0039,19.0,19.5,IF
FD0039,19.5,19.75,HF
FD0039,19.75,20.25,IF
FD0039,20.25,20.5,HF
FD0039,20.5,21.75,IF
FD0039,21.75,22.0,HF
FD0039,22.0,55.0,IC
FD0039,55.0,55.25,HC
FD0039,55.25,97.0,IC
FD0039,97.0,97.25,HC
FD0039,97.25,98.75,IC
FD0039,98.75,100.5,HC
FD0039,100.5,101.0,IC
FD0039,101.0,101.25,HC
FD0039,101.25,103.0,IC
FD0039,103.0,106.5,HC
FD0039,106.5,116.75,IC
FD0039,116.75,117.0,HC
FD0039,117.0,117.25,IC
FD0039,117.25,117.5,HC
FD0039,117.5,117.75,IC
FD0039,117.75,128.75,HC
FD0039,128.75,205.75,IC
FD0039,205.75,206.75,HC
FD0039,206.75,208.5,IC
FD0039,208.5,210.0,HC
FD0039,210.0,210.75,IC
FD0039,210.75,211.5,HC
FD0039,211.5,240.61,IC
FD0040,0.0,4.75,CG
FD0040,4.75,19.75,IC
FD0040,19.75,20.0,HC
FD0040,20.0,23.75,IC
FD0040,23.75,25.5,HC
FD0040,25.5,46.5,IC
FD0040,46.5,47.0,HC
FD0040,47.0,61.5,IC
FD0040,61.5,61.75,HC
FD0040,61.75,62.0,IC
FD0040,62.0,62.75,HC
FD0040,62.75,63.0,IC
FD0040,63.0,63.25,HC
FD0040,63.25,63.5,IC
FD0040,63.5,64.0,HC
FD0040,64.0,65.0,IC
FD0040,65.0,65.5,HC
FD0040,65.5,65.75,IC
FD0040,65.75,66.0,HC
FD0040,66.0,101.5,IC
FD0040,101.5,101.75,HC
FD0040,101.75,105.0,IC
FD0040,105.0,106.0,HC
FD0040,106.0,106.5,IC
FD0040,106.5,113.0,HC
FD0040,113.0,131.25,IC
FD0040,131.25,132.25,HC
FD0040,132.25,133.25,IC
FD0040,133.25,139.25,HC
FD0040,139.25,178.5,IC
FD0040,178.5,178.75,HC
FD0040,178.75,182.0,IC
FD0040,182.0,182.25,HC
FD0040,182.25,195.75,IC
FD0040,195.75,196.0,HC
FD0040,196.0,247.75,IC
FD0040,247.75,248.0,HC
FD0040,248.0,249.0,IC
FD0040,249.0,276.79,MAF
FD0041,0.0,12.25,CG
FD0041,12.25,12.75,HF
FD0041,12.75,40.5,IF
FD0041,40.5,40.75,HF
FD0041,40.75,46.0,IF
FD0041,46.0,46.5,HF
FD0041,46.5,47.0,IF
FD0041,47.0,77.0,HF
FD0041,77.0,81.5,IF
FD0041,81.5,82.5,HF
FD0041,82.5,129.25,IC
FD0041,129.25,138.5,HC
FD0041,138.5,138.75,IC
FD0041,138.75,144.0,HC
FD0041,144.0,156.25,IC
FD0041,156.25,156.5,HC
FD0041,156.5,166.0,IC
FD0041,166.0,166.25,HC
FD0041,166.25,168.0,IC
FD0041,168.0,168.25,HC
FD0041,168.25,168.5,IC
FD0041,168.5,169.0,HC
FD0041,169.0,171.75,IC
FD0041,171.75,172.0,HC
FD0041,172.0,172.25,IC
FD0041,172.25,174.25,HC
FD0041,174.25,174.5,IC
FD0041,174.5,175.75,HC
FD0041,175.75,176.0,IC
FD0041,176.0,176.25,HC
FD0041,176.25,177.0,IC
FD0041,177.0,177.25,HC
FD0041,177.25,184.5,IC
FD0041,184.5,185.0,HC
FD0041,185.0,185.5,IC
FD0041,185.5,185.75,HC
FD0041,185.75,186.75,IC
FD0041,186.75,189.0,HC
FD0041,189.0,189.5,IC
FD0041,189.5,193.25,HC
FD0041,193.25,193.5,IC
FD0041,193.5,196.0,HC
FD0041,196.0,197.75,IC
FD0041,197.75,198.0,HC
FD0041,198.0,218.5,IC
FD0041,218.5,219.0,HC
FD0041,219.0,219.5,IC
FD0041,219.5,221.0,HC
FD0041,221.0,222.0,IC
FD0041,222.0,222.75,HC
FD0041,222.75,229.5,IC
FD0041,229.5,229.75,HC
FD0041,229.75,231.75,IC
FD0041,231.75,232.0,HC
FD0041,232.0,236.75,IC
FD0041,236.75,285.25,MAF
FD0042,0.0,3.5,CG
FD0042,3.5,31.75,HF
FD0042,31.75,50.0,IF
FD0042,50.0,50.5,HF
FD0042,50.5,50.75,IF
FD0042,50.75,55.75,HF
FD0042,55.75,61.75,IF
FD0042,61.75,62.5,IC
FD0042,62.5,62.75,HC
FD0042,62.75,64.5,IC
FD0042,64.5,65.25,HC
FD0042,65.25,65.5,IC
FD0042,65.5,76.75,HC
FD0042,76.75,89.5,IC
FD0042,89.5,89.75,HC
FD0042,89.75,90.0,IC
FD0042,90.0,104.5,HC
FD0042,104.5,105.0,IC
FD0042,105.0,105.25,HC
FD0042,105.25,105.5,IC
FD0042,105.5,106.25,HC
FD0042,106.25,106.5,IC
FD0042,106.5,106.75,HC
FD0042,106.75,108.0,IC
FD0042,108.0,108.75,HC
FD0042,108.75,109.0,IC
FD0042,109.0,109.25,HC
FD0042,109.25,109.75,IC
FD0042,109.75,110.0,HC
FD0042,110.0,140.0,IC
FD0042,140.0,140.25,HC
FD0042,140.25,140.75,IC
FD0042,140.75,141.0,HC
FD0042,141.0,141.5,IC
FD0042,141.5,142.5,HC
FD0042,142.5,144.75,IC
FD0042,144.75,147.0,HC
FD0042,147.0,147.25,IC
FD0042,147.25,148.0,HC
FD0042,148.0,152.5,IC
FD0042,152.5,152.75,HC
FD0042,152.75,153.0,IC
FD0042,153.0,153.25,HC
FD0042,153.25,158.5,IC
FD0042,158.5,159.5,HC
FD0042,159.5,159.75,IC
FD0042,159.75,160.5,HC
FD0042,160.5,160.75,IC
FD0042,160.75,161.0,HC
FD0042,161.0,161.5,IC
FD0042,161.5,161.75,HC
FD0042,161.75,162.25,IC
FD0042,162.25,163.0,HC
FD0042,163.0,163.25,IC
FD0042,163.25,167.75,HC
FD0042,167.75,168.5,IC
FD0042,168.5,168.75,HC
FD0042,168.75,169.0,IC
FD0042,169.0,179.75,HC
FD0042,179.75,180.0,IC
FD0042,180.0,180.25,HC
FD0042,180.25,180.75,IC
FD0042,180.75,182.0,HC
FD0042,182.0,199.5,IC
FD0042,199.5,201.25,HC
FD0042,201.25,203.75,IC
FD0042,203.75,254.46,MAF
FD0043,0.0,8.5,CG
FD0043,8.5,28.75,HF
FD0043,28.75,30.0,IF
FD0043,30.0,30.25,HF
FD0043,30.25,30.75,IF
FD0043,30.75,31.0,HF
FD0043,31.0,31.5,IF
FD0043,31.5,32.25,HF
FD0043,32.25,33.75,IF
FD0043,33.75,39.0,HF
FD0043,39.0,39.25,IF
FD0043,39.25,40.5,HF
FD0043,40.5,40.75,IF
FD0043,40.75,41.75,HF
FD0043,41.75,43.0,IF
FD0043,43.0,43.25,HF
FD0043,43.25,70.5,IF
FD0043,70.5,71.75,IC
FD0043,71.75,72.0,HC
FD0043,72.0,72.5,IC
FD0043,72.5,72.75,HC
FD0043,72.75,74.0,IC
FD0043,74.0,76.25,HC
FD0043,76.25,78.75,IC
FD0043,78.75,79.0,HC
FD0043,79.0,79.25,IC
FD0043,79.25,79.5,HC
FD0043,79.5,85.25,IC
FD0043,85.25,86.5,HC
FD0043,86.5,128.5,IC
FD0043,128.5,130.0,HC
FD0043,130.0,133.5,IC
FD0043,133.5,134.25,HC
FD0043,134.25,137.5,IC
FD0043,137.5,137.75,HC
FD0043,137.75,138.0,IC
FD0043,138.0,138.5,HC
FD0043,138.5,141.0,IC
FD0043,141.0,142.5,HC
FD0043,142.5,143.0,IC
FD0043,143.0,144.5,HC
FD0043,144.5,147.25,IC
FD0043,147.25,150.0,HC
FD0043,150.0,150.5,IC
FD0043,150.5,150.75,HC
FD0043,150.75,151.5,IC
FD0043,151.5,151.75,HC
FD0043,151.75,155.25,IC
FD0043,155.25,222.76,MAF
FD0044,0.0,9.75,IF
FD0044,9.75,10.0,HF
FD0044,10.0,10.75,IF
FD0044,10.75,11.0,HF
FD0044,11.0,11.25,IF
FD0044,11.25,11.5,HF
FD0044,11.5,11.75,IF
FD0044,11.75,12.0,HF
FD0044,12.0,12.5,IF
FD0044,12.5,13.0,HF
FD0044,13.0,13.25,IF
FD0044,13.25,31.75,HF
FD0044,31.75,32.0,IF
FD0044,32.0,32.25,HF
FD0044,32.25,32.5,IF
FD0044,32.5,33.25,HF
FD0044,33.25,33.5,IF
FD0044,33.5,34.25,HF
FD0044,34.25,34.5,IF
FD0044,34.5,40.0,HF
FD0044,40.0,40.25,IF
FD0044,40.25,44.25,HF
FD0044,44.25,44.5,IF
FD0044,44.5,46.0,HF
FD0044,46.0,46.5,IF
FD0044,46.5,46.75,HF
FD0044,46.75,47.25,IF
FD0044,47.25,48.75,HF
FD0044,48.75,51.75,IC
FD0044,51.75,54.5,HF
FD0044,54.5,88.25,IC
FD0044,88.25,88.75,HC
FD0044,88.75,89.0,IC
FD0044,89.0,89.25,HC
FD0044,89.25,90.25,IC
FD0044,90.25,91.0,HC
FD0044,91.0,92.25,IC
FD0044,92.25,94.75,HC
FD0044,94.75,95.5,IC
FD0044,95.5,95.75,HC
FD0044,95.75,96.5,IC
FD0044,96.5,97.75,HC
FD0044,97.75,98.0,IC
FD0044,98.0,102.0,HC
FD0044,102.0,102.25,IC
FD0044,102.25,102.75,HC
FD0044,102.75,108.75,IC
FD0044,108.75,143.45,MAF
FD0045,0.0,9.75,IF
FD0045,9.75,39.0,IC
FD0045,39.0,39.25,HC
FD0045,39.25,40.5,IC
FD0045,40.5,41.5,HC
FD0045,41.5,44.0,IC
FD0045,44.0,44.25,HC
FD0045,44.25,44.75,IC
FD0045,44.75,45.75,HC
FD0045,45.75,46.0,IC
FD0045,46.0,47.0,HC
FD0045,47.0,52.25,IC
FD0045,52.25,53.5,HC
FD0045,53.5,54.25,IC
FD0045,54.25,54.75,HC
FD0045,54.75,63.5,IC
FD0045,63.5,64.25,HC
FD0045,64.25,64.5,IC
FD0045,64.5,65.4,HC
FD0046,0.0,4.5,CG
FD0046,4.5,7.25,IF
FD0046,7.25,8.0,HF
FD0046,8.0,8.5,IF
FD0046,8.5,8.75,HF
FD0046,8.75,9.0,IF
FD0046,9.0,9.75,HF
FD0046,9.75,10.25,IF
FD0046,10.25,10.5,HF
FD0046,10.5,33.75,IF
FD0046,33.75,34.25,HF
FD0046,34.25,34.5,IF
FD0046,34.5,34.75,HF
FD0046,34.75,35.0,IF
FD0046,35.0,36.5,HF
FD0046,36.5,36.75,IF
FD0046,36.75,37.0,HF
FD0046,37.0,37.25,IF
FD0046,37.25,37.75,HF
FD0046,37.75,39.0,IF
FD0046,39.0,44.75,HF
FD0046,44.75,45.0,IF
FD0046,45.0,47.75,HF
FD0046,47.75,56.5,IF
FD0046,56.5,56.75,IC
FD0046,56.75,57.0,HC
FD0046,57.0,57.25,IC
FD0046,57.25,58.0,IF
FD0046,58.0,58.25,HF
FD0046,58.25,58.5,IF
FD0046,58.5,59.75,HF
FD0046,59.75,60.5,IF
FD0046,60.5,63.25,IC
FD0046,63.25,64.75,IF
FD0046,64.75,65.25,IC
FD0046,65.25,65.75,IF
FD0046,65.75,66.0,HF
FD0046,66.0,66.25,IF
FD0046,66.25,105.5,IC
FD0046,105.5,118.5,HC
FD0046,118.5,143.47,IC
FD0047,0.0,6.75,CG
FD0047,6.75,7.0,IF
FD0047,7.0,7.25,HF
FD0047,7.25,7.75,IF
FD0047,7.75,8.0,HF
FD0047,8.0,8.5,IF
FD0047,8.5,8.75,HF
FD0047,8.75,9.0,IF
FD0047,9.0,16.25,HF
FD0047,16.25,16.5,IF
FD0047,16.5,19.5,HF
FD0047,19.5,20.25,IF
FD0047,20.25,21.25,HF
FD0047,21.25,22.25,IF
FD0047,22.25,22.5,HF
FD0047,22.5,28.25,IF
FD0047,28.25,28.75,HF
FD0047,28.75,29.25,IF
FD0047,29.25,29.5,HF
FD0047,29.5,29.75,IF
FD0047,29.75,30.0,HF
FD0047,30.0,31.25,IF
FD0047,31.25,36.75,HF
FD0047,36.75,42.0,IF
FD0047,42.0,52.25,HF
FD0047,52.25,52.75,IF
FD0047,52.75,53.5,HF
FD0047,53.5,54.0,IF
FD0047,54.0,77.75,HF
FD0047,77.75,79.0,IC
FD0047,79.0,79.25,HC
FD0047,79.25,90.25,IC
FD0047,90.25,98.25,HC
FD0047,98.25,101.25,IC
FD0047,101.25,102.0,HC
FD0047,102.0,103.5,IC
FD0047,103.5,103.75,HC
FD0047,103.75,104.0,IC
FD0047,104.0,104.25,HC
FD0047,104.25,120.5,IC
FD0047,120.5,120.75,HC
FD0047,120.75,121.0,IC
FD0047,121.0,121.25,HC
FD0047,121.25,125.75,IC
FD0047,125.75,130.75,HC
FD0047,130.75,131.75,IC
FD0047,131.75,132.0,HC
FD0047,132.0,196.91,IC
FD0048,0.0,14.25,CG
FD0048,14.25,22.25,IF
FD0048,22.25,29.5,HF
FD0048,29.5,29.75,IF
FD0048,29.75,31.0,HF
FD0048,31.0,32.25,IF
FD0048,32.25,33.25,HF
FD0048,33.25,33.5,IF
FD0048,33.5,34.75,HF
FD0048,34.75,35.0,IF
FD0048,35.0,45.5,HF
FD0048,45.5,45.75,IF
FD0048,45.75,46.0,HF
FD0048,46.0,46.5,IF
FD0048,46.5,48.75,IC
FD0048,48.75,49.0,HC
FD0048,49.0,49.25,IC
FD0048,49.25,51.75,HC
FD0048,51.75,96.5,IC
FD0048,96.5,109.0,HC
FD0048,109.0,115.5,IC
FD0048,115.5,115.75,HC
FD0048,115.75,116.25,IC
FD0048,116.25,117.25,HC
FD0048,117.25,117.5,IC
FD0048,117.5,118.75,HC
FD0048,118.75,119.25,IC
FD0048,119.25,136.0,HC
FD0048,136.0,136.25,IC
FD0048,136.25,136.75,HC
FD0048,136.75,137.25,IC
FD0048,137.25,137.5,HC
FD0048,137.5,137.75,IC
FD0048,137.75,138.25,HC
FD0048,138.25,138.5,IC
FD0048,138.5,140.5,HC
FD0048,140.5,141.75,IC
FD0048,141.75,142.25,HC
FD0048,142.25,143.75,IC
FD0048,143.75,144.25,HC
FD0048,144.25,147.5,IC
FD0048,147.5,147.75,HC
FD0048,147.75,148.0,IC
FD0048,148.0,148.25,HC
FD0048,148.25,198.0,IC
FD0048,198.0,198.25,HC
FD0048,198.25,198.5,IC
FD0048,198.5,199.0,HC
FD0048,199.0,199.5,IC
FD0048,199.5,200.75,HC
FD0048,200.75,204.75,IC
FD0048,204.75,207.25,HC
FD0048,207.25,207.5,IC
FD0048,207.5,208.5,HC
FD0048,208.5,210.5,IC
FD0048,210.5,210.75,HC
FD0048,210.75,220.25,IC
FD0048,220.25,221.0,HC
FD0048,221.0,227.0,IC
FD0048,227.0,227.25,HC
FD0048,227.25,227.75,IC
FD0048,227.75,236.26,HC
FD0049,0.0,7.75,CG
FD0049,7.75,15.75,IF
FD0049,15.75,16.0,HF
FD0049,16.0,17.0,IF
FD0049,17.0,22.0,IC
FD0049,22.0,22.25,HC
FD0049,22.25,22.75,IC
FD0049,22.75,24.75,HC
FD0049,24.75,25.5,IC
FD0049,25.5,29.75,HC
FD0049,29.75,98.5,IC
FD0049,98.5,99.25,HC
FD0049,99.25,99.75,IC
FD0049,99.75,107.75,HC
FD0049,107.75,108.5,IC
FD0049,108.5,109.0,HC
FD0049,109.0,111.0,IC
FD0049,111.0,111.5,HC
FD0049,111.5,111.75,IC
FD0049,111.75,112.5,HC
FD0049,112.5,112.75,IC
FD0049,112.75,113.0,HC
FD0049,113.0,124.25,IC
FD0049,124.25,124.5,HC
FD0049,124.5,124.75,IC
FD0049,124.75,127.5,HC
FD0049,127.5,133.0,IC
FD0049,133.0,133.25,HC
FD0049,133.25,133.5,IC
FD0049,133.5,149.25,HC
FD0049,149.25,185.5,IC
FD0049,185.5,185.75,HC
FD0049,185.75,186.25,IC
FD0049,186.25,186.5,HC
FD0049,186.5,187.0,IC
FD0049,187.0,190.5,HC
FD0049,190.5,191.25,IC
FD0049,191.25,191.5,HC
FD0049,191.5,220.75,IC
FD0049,220.75,221.75,HC
FD0049,221.75,222.0,IC
FD0049,222.0,222.5,HC
FD0049,222.5,222.75,IC
FD0049,222.75,234.75,HC
FD0049,234.75,236.5,IC
FD0049,236.5,236.75,HC
FD0049,236.75,273.0,IC
FD0049,273.0,273.5,HC
FD0049,273.5,274.0,IC
FD0049,274.0,274.25,HC
FD0049,274.25,274.5,IC
FD0049,274.5,275.0,HC
FD0049,275.0,275.51,IC
FD0050,0.0,5.25,CG
FD0050,5.25,12.25,HF
FD0050,12.25,12.75,IF
FD0050,12.75,13.75,HF
FD0050,13.75,24.0,IF
FD0050,24.0,25.0,HF
FD0050,25.0,33.25,IF
FD0050,33.25,34.0,HF
FD0050,34.0,34.25,IF
FD0050,34.25,83.5,HF
FD0050,83.5,130.75,IC
FD0050,130.75,131.25,HC
FD0050,131.25,131.75,IC
FD0050,131.75,132.0,HC
FD0050,132.0,133.25,IC
FD0050,133.25,133.5,HC
FD0050,133.5,138.5,IC
FD0050,138.5,138.75,HC
FD0050,138.75,139.0,IC
FD0050,139.0,141.0,HC
FD0050,141.0,141.5,IC
FD0050,141.5,142.25,HC
FD0050,142.25,142.5,IC
FD0050,142.5,142.75,HC
FD0050,142.75,143.25,IC
FD0050,143.25,156.0,HC
FD0050,156.0,156.25,IC
FD0050,156.25,156.5,HC
FD0050,156.5,156.75,IC
FD0050,156.75,157.0,HC
FD0050,157.0,158.25,IC
FD0050,158.25,159.5,HC
FD0050,159.5,160.0,IC
FD0050,160.0,160.25,HC
FD0050,160.25,160.75,IC
FD0050,160.75,161.75,HC
FD0050,161.75,162.25,IC
FD0050,162.25,163.0,HC
FD0050,163.0,185.5,IC
FD0050,185.5,186.0,HC
FD0050,186.0,186.5,IC
FD0050,186.5,187.0,HC
FD0050,187.0,196.25,IC
FD0050,196.25,203.0,HC
FD0050,203.0,203.25,IC
FD0050,203.25,203.75,HC
FD0050,203.75,208.75,IC
FD0050,208.75,209.25,HC
FD0050,209.25,209.75,IC
FD0050,209.75,210.0,HC
FD0050,210.0,243.5,IC
FD0050,243.5,246.0,HC
FD0050,246.0,246.5,IC
FD0050,246.5,248.0,HC
FD0050,248.0,248.25,IC
FD0050,248.25,248.5,HC
FD0050,248.5,273.25,IC
FD0050,273.25,286.98,MAF
FD0051,0.0,17.0,CG
FD0051,17.0,43.0,HF
FD0051,43.0,45.0,IF
FD0051,45.0,45.25,HF
FD0051,45.25,45.75,IF
FD0051,45.75,46.0,HF
FD0051,46.0,52.25,IF
FD0051,52.25,52.5,HF
FD0051,52.5,61.75,IF
FD0051,61.75,62.0,HF
FD0051,62.0,62.75,IF
FD0051,62.75,73.0,HF
FD0051,73.0,75.0,IF
FD0051,75.0,75.25,HF
FD0051,75.25,75.75,IF
FD0051,75.75,116.75,HF
FD0051,116.75,117.0,IF
FD0051,117.0,117.25,HF
FD0051,117.25,118.5,IF
FD0051,118.5,118.75,HF
FD0051,118.75,119.0,IF
FD0051,119.0,128.25,IC
FD0051,128.25,128.75,HC
FD0051,128.75,130.25,IC
FD0051,130.25,131.25,HC
FD0051,131.25,131.5,IC
FD0051,131.5,131.75,HC
FD0051,131.75,134.25,IC
FD0051,134.25,135.0,HC
FD0051,135.0,154.5,IC
FD0051,154.5,155.25,HC
FD0051,155.25,157.0,IC
FD0051,157.0,157.25,HC
FD0051,157.25,158.5,IC
FD0051,158.5,158.75,HC
FD0051,158.75,160.0,IC
FD0051,160.0,160.25,HC
FD0051,160.25,160.5,IC
FD0051,160.5,161.5,HC
FD0051,161.5,162.25,IC
FD0051,162.25,162.5,HC
FD0051,162.5,162.75,IC
FD0051,162.75,164.75,HC
FD0051,164.75,165.25,IC
FD0051,165.25,165.75,HC
FD0051,165.75,166.0,IC
FD0051,166.0,166.25,HC
FD0051,166.25,166.75,IC
FD0051,166.75,175.0,HC
FD0051,175.0,179.0,IC
FD0051,179.0,179.75,HC
FD0051,179.75,183.0,IC
FD0051,183.0,183.25,HC
FD0051,183.25,188.5,IC
FD0051,188.5,189.5,HC
FD0051,189.5,190.25,IC
FD0051,190.25,190.5,HC
FD0051,190.5,191.5,IC
FD0051,191.5,193.25,HC
FD0051,193.25,193.5,IC
FD0051,193.5,194.75,HC
FD0051,194.75,195.75,IC
FD0051,195.75,196.5,HC
FD0051,196.5,210.75,IC
FD0051,210.75,212.0,HC
FD0051,212.0,212.25,IC
FD0051,212.25,217.5,HC
FD0051,217.5,225.25,IC
FD0051,225.25,225.5,HC
FD0051,225.5,226.25,IC
FD0051,226.25,226.5,HC
FD0051,226.5,226.75,IC
FD0051,226.75,227.0,HC
FD0051,227.0,227.25,IC
FD0051,227.25,228.75,HC
FD0051,228.75,229.0,IC
FD0051,229.0,229.75,HC
FD0051,229.75,230.0,IC
FD0051,230.0,230.25,HC
FD0051,230.25,233.75,IC
FD0051,233.75,234.25,HC
FD0051,234.25,242.5,IC
FD0051,242.5,253.54,MAF
FD0052,0.0,11.75,CG
FD0052,11.75,31.0,HF
FD0052,31.0,31.5,IF
FD0052,31.5,31.75,HF
FD0052,31.75,41.75,IF
FD0052,41.75,72.25,IC
FD0052,72.25,73.25,HC
FD0052,73.25,75.0,IC
FD0052,75.0,75.25,HC
FD0052,75.25,75.5,IC
FD0052,75.5,76.0,HC
FD0052,76.0,78.75,IC
FD0052,78.75,80.0,HC
FD0052,80.0,80.25,IC
FD0052,80.25,80.5,HC
FD0052,80.5,81.75,IC
FD0052,81.75,82.0,HC
FD0052,82.0,86.5,IC
FD0052,86.5,86.75,HC
FD0052,86.75,87.0,IC
FD0052,87.0,109.0,HC
FD0052,109.0,109.25,IC
FD0052,109.25,109.75,HC
FD0052,109.75,153.0,IC
FD0052,153.0,156.25,HC
FD0052,156.25,177.5,IC
FD0052,177.5,182.5,HC
FD0052,182.5,182.75,IC
FD0052,182.75,183.0,HC
FD0052,183.0,192.0,IC
FD0052,192.0,192.75,HC
FD0052,192.75,193.75,IC
FD0052,193.75,195.5,HC
FD0052,195.5,195.75,IC
FD0052,195.75,198.75,HC
FD0052,198.75,200.75,IC
FD0052,200.75,201.0,HC
FD0052,201.0,201.5,IC
FD0052,201.5,202.5,HC
FD0052,202.5,203.25,IC
FD0052,203.25,207.75,HC
FD0052,207.75,208.25,IC
FD0052,208.25,209.5,HC
FD0052,209.5,209.75,IC
FD0052,209.75,211.5,HC
FD0052,211.5,211.75,IC
FD0052,211.75,212.0,HC
FD0052,212.0,220.25,IC
FD0052,220.25,227.85,MAF
FD0053,0.0,3.0,CG
FD0053,3.0,4.0,HF
FD0053,4.0,4.5,IF
FD0053,4.5,23.75,HF
FD0053,23.75,24.0,IF
FD0053,24.0,24.25,HF
FD0053,24.25,25.75,IF
FD0053,25.75,26.0,HF
FD0053,26.0,26.25,IF
FD0053,26.25,29.25,HF
FD0053,29.25,34.75,IF
FD0053,34.75,35.0,HF
FD0053,35.0,35.25,IF
FD0053,35.25,38.0,HF
FD0053,38.0,41.75,IF
FD0053,41.75,42.0,HF
FD0053,42.0,42.75,IF
FD0053,42.75,43.0,HF
FD0053,43.0,43.5,IF
FD0053,43.5,46.25,HF
FD0053,46.25,47.0,IF
FD0053,47.0,47.25,HF
FD0053,47.25,47.5,IF
FD0053,47.5,47.75,HF
FD0053,47.75,48.0,IF
FD0053,48.0,48.25,HF
FD0053,48.25,48.5,IF
FD0053,48.5,48.75,HF
FD0053,48.75,49.5,IF
FD0053,49.5,56.75,HF
FD0053,56.75,57.0,IF
FD0053,57.0,57.75,HF
FD0053,57.75,58.0,IF
FD0053,58.0,59.5,HF
FD0053,59.5,70.25,IC
FD0053,70.25,71.25,IF
FD0053,71.25,72.0,IC
FD0053,72.0,72.75,IF
FD0053,72.75,95.0,IC
FD0053,95.0,128.98,MAF
FD0054,0.0,15.5,IF
FD0054,15.5,17.0,HF
FD0054,17.0,17.25,IF
FD0054,17.25,17.5,HF
FD0054,17.5,17.75,IF
FD0054,17.75,18.0,HF
FD0054,18.0,19.0,IF
FD0054,19.0,19.25,HF
FD0054,19.25,19.5,IF
FD0054,19.5,19.75,HF
FD0054,19.75,21.5,IF
FD0054,21.5,21.75,HF
FD0054,21.75,22.25,IF
FD0054,22.25,22.75,HF
FD0054,22.75,23.0,IF
FD0054,23.0,23.5,HF
FD0054,23.5,25.0,IF
FD0054,25.0,29.0,HF
FD0054,29.0,37.25,IF
FD0054,37.25,75.61,IC
FD0055,0.0,3.5,CG
FD0055,3.5,5.0,IF
FD0055,5.0,20.25,HF
FD0055,20.25,26.5,IF
FD0055,26.5,27.0,IC
FD0055,27.0,30.0,IF
FD0055,30.0,77.25,IC
FD0055,77.25,82.25,HC
FD0055,82.25,84.5,IC
FD0055,84.5,85.25,HC
FD0055,85.25,101.75,IC
FD0055,101.75,124.0,HC
FD0055,124.0,124.25,IC
FD0055,124.25,124.5,HC
FD0055,124.5,148.25,IC
FD0055,148.25,148.75,HC
FD0055,148.75,149.75,IC
FD0055,149.75,150.0,HC
FD0055,150.0,152.52,IC
FD0056,0.0,9.5,CG
FD0056,9.5,16.25,IF
FD0056,16.25,35.5,HF
FD0056,35.5,40.25,IF
FD0056,40.25,43.25,HF
FD0056,43.25,45.0,IF
FD0056,45.0,45.25,HF
FD0056,45.25,47.0,IF
FD0056,47.0,49.5,HF
FD0056,49.5,50.0,IF
FD0056,50.0,50.25,HF
FD0056,50.25,50.5,IF
FD0056,50.5,51.0,HF
FD0056,51.0,51.25,IF
FD0056,51.25,51.5,HF
FD0056,51.5,53.5,IF
FD0056,53.5,54.5,HF
FD0056,54.5,55.0,IF
FD0056,55.0,55.25,HF
FD0056,55.25,58.5,IF
FD0056,58.5,58.75,HF
FD0056,58.75,59.5,IF
FD0056,59.5,67.5,HF
FD0056,67.5,71.0,HC
FD0056,71.0,99.0,IC
FD0056,99.0,111.75,HC
FD0056,111.75,199.5,IC
FD0056,199.5,211.96,MAF
FD0057,0.0,11.5,CG
FD0057,11.5,12.25,HF
FD0057,12.25,13.0,IF
FD0057,13.0,13.75,HF
FD0057,13.75,20.25,IF
FD0057,20.25,20.5,HF
FD0057,20.5,20.75,IF
FD0057,20.75,21.75,HF
FD0057,21.75,22.0,IF
FD0057,22.0,30.25,HF
FD0057,30.25,32.0,IF
FD0057,32.0,40.75,HF
FD0057,40.75,55.0,IF
FD0057,55.0,55.5,HF
FD0057,55.5,62.25,IF
FD0057,62.25,62.5,HF
FD0057,62.5,63.5,IF
FD0057,63.5,63.75,HF
FD0057,63.75,66.0,IF
FD0057,66.0,70.25,HF
FD0057,70.25,70.5,IF
FD0057,70.5,75.25,HF
FD0057,75.25,76.75,IF
FD0057,76.75,105.5,HF
FD0057,105.5,115.5,IC
FD0057,115.5,115.75,HC
FD0057,115.75,116.0,IC
FD0057,116.0,118.5,HC
FD0057,118.5,125.75,IC
FD0057,125.75,126.25,HC
FD0057,126.25,206.75,IC
FD0057,206.75,211.5,HC
FD0057,211.5,211.75,IC
FD0057,211.75,212.0,HC
FD0057,212.0,232.5,IC
FD0057,232.5,233.25,HC
FD0057,233.25,233.5,IC
FD0057,233.5,233.75,HC
FD0057,233.75,243.5,IC
FD0057,243.5,243.75,HC
FD0057,243.75,246.0,IC
FD0057,246.0,246.5,HC
FD0057,246.5,247.0,IC
FD0057,247.0,247.25,HC
FD0057,247.25,253.75,IC
FD0057,253.75,254.0,HC
FD0057,254.0,271.0,IC
FD0057,271.0,271.97,MAF
FD0058,0.0,19.5,CG
FD0058,19.5,20.5,HF
FD0058,20.5,21.25,IC
FD0058,21.25,21.5,HC
FD0058,21.5,22.0,IC
FD0058,22.0,24.25,HC
FD0058,24.25,25.0,IC
FD0058,25.0,26.25,HC
FD0058,26.25,26.5,IC
FD0058,26.5,26.75,HC
FD0058,26.75,64.25,IC
FD0058,64.25,65.0,HC
FD0058,65.0,105.25,IC
FD0058,105.25,107.25,HC
FD0058,107.25,107.75,IC
FD0058,107.75,108.0,HC
FD0058,108.0,108.25,IC
FD0058,108.25,111.5,HC
FD0058,111.5,115.25,IC
FD0058,115.25,115.5,HC
FD0058,115.5,116.5,IC
FD0058,116.5,117.25,HC
FD0058,117.25,118.0,IC
FD0058,118.0,118.25,HC
FD0058,118.25,118.75,IC
FD0058,118.75,127.25,HC
FD0058,127.25,127.5,IC
FD0058,127.5,142.75,HC
FD0058,142.75,143.0,IC
FD0058,143.0,143.75,HC
FD0058,143.75,146.25,IC
FD0058,146.25,146.5,HC
FD0058,146.5,224.25,IC
FD0058,224.25,227.75,HC
FD0058,227.75,233.75,IC
FD0058,233.75,234.0,HC
FD0058,234.0,258.01,IC
FD0059,0.0,14.5,CG
FD0059,14.5,47.75,HF
FD0059,47.75,51.25,IF
FD0059,51.25,51.5,HF
FD0059,51.5,53.75,IF
FD0059,53.75,54.0,HF
FD0059,54.0,54.5,IF
FD0059,54.5,54.75,HF
FD0059,54.75,55.0,IF
FD0059,55.0,55.25,HF
FD0059,55.25,56.25,IF
FD0059,56.25,57.0,HF
FD0059,57.0,57.5,IF
FD0059,57.5,57.75,HF
FD0059,57.75,76.5,IF
FD0059,76.5,90.5,HF
FD0059,90.5,91.0,IF
FD0059,91.0,91.25,HF
FD0059,91.25,92.5,IF
FD0059,92.5,115.25,HF
FD0059,115.25,116.0,IF
FD0059,116.0,117.0,HF
FD0059,117.0,118.75,IF
FD0059,118.75,122.5,IC
FD0059,122.5,122.75,HC
FD0059,122.75,123.25,IC
FD0059,123.25,123.5,HC
FD0059,123.5,124.25,IC
FD0059,124.25,125.5,HC
FD0059,125.5,125.75,IC
FD0059,125.75,126.0,HC
FD0059,126.0,126.5,IC
FD0059,126.5,126.75,HC
FD0059,126.75,127.25,IC
FD0059,127.25,132.25,HC
FD0059,132.25,158.25,IC
FD0059,158.25,158.5,HC
FD0059,158.5,192.75,IC
FD0059,192.75,193.0,HC
FD0059,193.0,193.25,IC
FD0059,193.25,195.5,HC
FD0059,195.5,195.75,IC
FD0059,195.75,202.5,HC
FD0059,202.5,202.75,IC
FD0059,202.75,204.0,HC
FD0059,204.0,204.25,IC
FD0059,204.25,204.5,HC
FD0059,204.5,208.75,IC
FD0059,208.75,209.25,HC
FD0059,209.25,218.25,IC
FD0059,218.25,218.5,HC
FD0059,218.5,260.3,IC
FD0060,0.0,17.75,CG
FD0060,17.75,24.0,IF
FD0060,24.0,34.25,HF
FD0060,34.25,34.5,IF
FD0060,34.5,35.5,HF
FD0060,35.5,46.0,IF
FD0060,46.0,46.5,HF
FD0060,46.5,59.5,IF
FD0060,59.5,62.25,HF
FD0060,62.25,65.25,IF
FD0060,65.25,66.25,HF
FD0060,66.25,66.75,IF
FD0060,66.75,67.0,HF
FD0060,67.0,67.5,IF
FD0060,67.5,67.75,HF
FD0060,67.75,69.0,IF
FD0060,69.0,69.25,HF
FD0060,69.25,72.0,IF
FD0060,72.0,87.5,IC
FD0060,87.5,88.0,HC
FD0060,88.0,97.25,IC
FD0060,97.25,103.75,HC
FD0060,103.75,109.25,IC
FD0060,109.25,110.0,HC
FD0060,110.0,110.25,IC
FD0060,110.25,112.25,HC
FD0060,112.25,112.5,IC
FD0060,112.5,112.75,HC
FD0060,112.75,133.5,IC
FD0060,133.5,134.5,HC
FD0060,134.5,134.75,IC
FD0060,134.75,135.25,HC
FD0060,135.25,136.75,IC
FD0060,136.75,137.0,HC
FD0060,137.0,142.25,IC
FD0060,142.25,142.5,HC
FD0060,142.5,143.0,IC
FD0060,143.0,144.75,HC
FD0060,144.75,145.0,IC
FD0060,145.0,149.5,HC
FD0060,149.5,149.75,IC
FD0060,149.75,150.0,HC
FD0060,150.0,150.25,IC
FD0060,150.25,150.5,HC
FD0060,150.5,150.75,IC
FD0060,150.75,160.25,HC
FD0060,160.25,163.25,IC
FD0060,163.25,163.5,HC
FD0060,163.5,166.0,IC
FD0060,166.0,166.25,HC
FD0060,166.25,166.5,IC
FD0060,166.5,167.0,HC
FD0060,167.0,168.25,IC
FD0060,168.25,169.25,HC
FD0060,169.25,170.25,IC
FD0060,170.25,172.25,HC
FD0060,172.25,172.5,IC
FD0060,172.5,173.0,HC
FD0060,173.0,174.25,IC
FD0060,174.25,175.0,HC
FD0060,175.0,177.75,IC
FD0060,177.75,178.0,HC
FD0060,178.0,180.0,IC
FD0060,180.0,180.25,HC
FD0060,180.25,181.0,IC
FD0060,181.0,181.25,HC
FD0060,181.25,181.5,IC
FD0060,181.5,182.0,HC
FD0060,182.0,185.25,IC
FD0060,185.25,185.5,HC
FD0060,185.5,186.75,IC
FD0060,186.75,187.0,HC
FD0060,187.0,195.75,IC
FD0060,195.75,196.25,HC
FD0060,196.25,205.5,IC
FD0060,205.5,205.75,HC
FD0060,205.75,206.0,IC
FD0060,206.0,217.25,HC
FD0060,217.25,232.0,IC
FD0060,232.0,233.25,HC
FD0060,233.25,233.5,IC
FD0060,233.5,239.0,HC
FD0060,239.0,264.78,MAF
FD0061,0.0,11.0,CG
FD0061,11.0,11.75,HF
FD0061,11.75,15.0,IF
FD0061,15.0,25.0,HF
FD0061,25.0,25.25,IF
FD0061,25.25,25.5,HF
FD0061,25.5,32.75,IF
FD0061,32.75,72.75,HF
FD0061,72.75,97.75,IF
FD0061,97.75,98.25,HF
FD0061,98.25,98.5,IF
FD0061,98.5,119.5,HF
FD0061,119.5,122.25,IF
FD0061,122.25,122.5,HF
FD0061,122.5,127.75,IF
FD0061,127.75,128.75,IC
FD0061,128.75,131.0,IF
FD0061,131.0,132.25,IC
FD0061,132.25,133.0,HC
FD0061,133.0,135.75,HF
FD0061,135.75,136.75,IC
FD0061,136.75,137.25,HC
FD0061,137.25,152.5,IC
FD0061,152.5,152.75,IF
FD0061,152.75,153.5,HF
FD0061,153.5,156.0,IC
FD0061,156.0,156.25,HC
FD0061,156.25,156.75,IC
FD0061,156.75,157.0,HC
FD0061,157.0,157.75,IC
FD0061,157.75,158.0,HC
FD0061,158.0,158.5,IC
FD0061,158.5,159.25,HC
FD0061,159.25,164.05,MAF
FD0062,0.0,0.25,HF
FD0062,0.25,3.0,IF
FD0062,3.0,3.25,HF
FD0062,3.25,10.5,IF
FD0062,10.5,33.75,HF
FD0062,33.75,48.5,LAT
FD0062,48.5,82.02,MAF
FD0063,0.0,7.75,CG
FD0063,7.75,37.5,HF
FD0063,37.5,38.25,IC
FD0063,38.25,40.25,HF
FD0063,40.25,79.5,IC
FD0063,79.5,82.0,HC
FD0063,82.0,82.25,IC
FD0063,82.25,82.5,HC
FD0063,82.5,107.25,IC
FD0063,107.25,115.5,HC
FD0063,115.5,119.5,IC
FD0063,119.5,120.5,HC
FD0063,120.5,124.5,IC
FD0063,124.5,124.75,HC
FD0063,124.75,151.87,IC
FD0064,0.0,8.25,CG
FD0064,8.25,8.75,HF
FD0064,8.75,14.75,IF
FD0064,14.75,15.25,HF
FD0064,15.25,15.5,IF
FD0064,15.5,16.5,HF
FD0064,16.5,17.0,IF
FD0064,17.0,18.25,HF
FD0064,18.25,23.25,IF
FD0064,23.25,25.0,HF
FD0064,25.0,25.25,IF
FD0064,25.25,35.5,HF
FD0064,35.5,36.25,IF
FD0064,36.25,38.75,HF
FD0064,38.75,39.0,IF
FD0064,39.0,39.5,HF
FD0064,39.5,39.75,IF
FD0064,39.75,40.0,HF
FD0064,40.0,40.5,IF
FD0064,40.5,41.75,HF
FD0064,41.75,42.25,IF
FD0064,42.25,42.75,HF
FD0064,42.75,49.75,IF
FD0064,49.75,50.0,HF
FD0064,50.0,53.25,IF
FD0064,53.25,53.5,IC
FD0064,53.5,53.75,HC
FD0064,53.75,54.0,IC
FD0064,54.0,59.0,HC
FD0064,59.0,59.25,IC
FD0064,59.25,62.75,HC
FD0064,62.75,63.0,IC
FD0064,63.0,63.5,HC
FD0064,63.5,68.75,IC
FD0064,68.75,70.0,HC
FD0064,70.0,70.25,IC
FD0064,70.25,71.25,HC
FD0064,71.25,71.75,IC
FD0064,71.75,72.0,HC
FD0064,72.0,75.0,IC
FD0064,75.0,75.25,HC
FD0064,75.25,75.75,IC
FD0064,75.75,76.0,HC
FD0064,76.0,100.75,IC
FD0064,100.75,103.0,HC
FD0064,103.0,103.25,IC
FD0064,103.25,103.75,HC
FD0064,103.75,153.5,IC
FD0064,153.5,154.75,HC
FD0064,154.75,155.0,IC
FD0064,155.0,156.25,HC
FD0064,156.25,159.0,IC
FD0064,159.0,171.0,HC
FD0064,171.0,171.75,IC
FD0064,171.75,172.0,HC
FD0064,172.0,189.25,IC
FD0064,189.25,189.5,HC
FD0064,189.5,193.5,IC
FD0064,193.5,224.23,MAF
FD0065,0.0,9.5,CG
FD0065,9.5,9.75,IF
FD0065,9.75,12.25,HF
FD0065,12.25,12.75,IF
FD0065,12.75,13.5,HF
FD0065,13.5,14.5,IF
FD0065,14.5,15.0,HF
FD0065,15.0,15.75,IF
FD0065,15.75,33.25,HF
FD0065,33.25,33.75,IF
FD0065,33.75,34.0,HF
FD0065,34.0,57.25,IF
FD0065,57.25,57.5,HF
FD0065,57.5,58.0,IF
FD0065,58.0,58.25,HF
FD0065,58.25,58.75,IF
FD0065,58.75,59.0,HF
FD0065,59.0,60.0,IF
FD0065,60.0,60.5,HF
FD0065,60.5,61.0,IF
FD0065,61.0,62.0,HF
FD0065,62.0,62.25,IF
FD0065,62.25,65.25,HF
FD0065,65.25,67.5,IF
FD0065,67.5,69.25,HF
FD0065,69.25,78.5,IC
FD0065,78.5,79.25,HC
FD0065,79.25,104.75,IC
FD0065,104.75,106.75,HC
FD0065,106.75,107.0,IC
FD0065,107.0,107.5,HC
FD0065,107.5,113.75,IC
FD0065,113.75,115.0,HC
FD0065,115.0,123.0,IC
FD0065,123.0,123.25,HC
FD0065,123.25,123.5,IC
FD0065,123.5,124.25,HC
FD0065,124.25,125.75,IC
FD0065,125.75,126.0,HC
FD0065,126.0,127.25,IC
FD0065,127.25,127.5,HC
FD0065,127.5,127.75,IC
FD0065,127.75,128.0,HC
FD0065,128.0,129.5,IC
FD0065,129.5,130.0,HC
FD0065,130.0,168.75,IC
FD0065,168.75,169.5,HC
FD0065,169.5,172.5,IC
FD0065,172.5,172.75,HC
FD0065,172.75,204.25,IC
FD0065,204.25,204.5,HC
FD0065,204.5,205.75,IC
FD0065,205.75,206.25,HC
FD0065,206.25,206.5,IC
FD0065,206.5,207.0,HC
FD0065,207.0,208.25,IC
FD0065,208.25,208.75,HC
FD0065,208.75,209.75,IC
FD0065,209.75,213.75,HC
FD0065,213.75,214.0,IC
FD0065,214.0,214.5,HC
FD0065,214.5,221.75,IC
FD0065,221.75,222.0,HC
FD0065,222.0,222.5,IC
FD0065,222.5,222.75,HC
FD0065,222.75,223.0,IC
FD0065,223.0,223.25,HC
FD0065,223.25,223.5,IC
FD0065,223.5,223.75,HC
FD0065,223.75,253.53,IC
FD0066,0.0,10.75,CG
FD0066,10.75,36.75,HF
FD0066,36.75,38.75,IF
FD0066,38.75,44.75,HF
FD0066,44.75,45.0,IF
FD0066,45.0,74.25,HF
FD0066,74.25,75.25,IC
FD0066,75.25,76.0,HC
FD0066,76.0,76.25,IC
FD0066,76.25,78.75,HC
FD0066,78.75,79.25,IC
FD0066,79.25,79.5,HC
FD0066,79.5,94.0,IC
FD0066,94.0,94.25,HC
FD0066,94.25,94.5,IC
FD0066,94.5,105.25,HC
FD0066,105.25,105.5,IC
FD0066,105.5,107.5,HC
FD0066,107.5,108.0,IC
FD0066,108.0,108.5,HC
FD0066,108.5,108.75,IC
FD0066,108.75,111.25,HC
FD0066,111.25,111.5,IC
FD0066,111.5,116.0,HC
FD0066,116.0,116.25,IC
FD0066,116.25,117.5,HC
FD0066,117.5,117.75,IC
FD0066,117.75,118.0,HC
FD0066,118.0,118.25,IC
FD0066,118.25,119.5,HC
FD0066,119.5,121.5,IC
FD0066,121.5,130.75,HC
FD0066,130.75,131.0,IC
FD0066,131.0,132.25,HC
FD0066,132.25,132.5,IC
FD0066,132.5,132.75,HC
FD0066,132.75,133.25,IC
FD0066,133.25,133.5,HC
FD0066,133.5,137.25,IC
FD0066,137.25,137.5,HC
FD0066,137.5,215.75,IC
FD0066,215.75,229.5,HC
FD0066,229.5,229.75,IC
FD0066,229.75,231.5,HC
FD0066,231.5,235.25,IC
FD0066,235.25,235.5,HC
FD0066,235.5,236.75,IC
FD0066,236.75,237.0,HC
FD0066,237.0,237.5,IC
FD0066,237.5,238.0,HC
FD0066,238.0,239.5,IC
FD0066,239.5,239.75,HC
FD0066,239.75,248.0,IC
FD0066,248.0,248.25,HC
FD0066,248.25,248.5,IC
FD0066,248.5,249.75,HC
FD0066,249.75,250.0,IC
FD0066,250.0,250.25,HC
FD0066,250.25,251.0,IC
FD0066,251.0,251.25,HC
FD0066,251.25,259.5,IC
FD0066,259.5,259.75,HC
FD0066,259.75,264.0,IC
FD0066,264.0,264.25,HC
FD0066,264.25,264.95,IC
FD0067,0.0,15.0,CG
FD0067,15.0,38.5,HF
FD0067,38.5,43.25,IF
FD0067,43.25,44.5,IC
FD0067,44.5,44.75,HC
FD0067,44.75,45.75,IC
FD0067,45.75,47.0,HC
FD0067,47.0,66.75,IC
FD0067,66.75,72.5,HC
FD0067,72.5,72.75,IC
FD0067,72.75,73.25,HC
FD0067,73.25,75.0,IC
FD0067,75.0,75.25,HC
FD0067,75.25,75.5,IC
FD0067,75.5,85.5,HC
FD0067,85.5,125.25,IC
FD0067,125.25,125.5,HC
FD0067,125.5,129.0,IC
FD0067,129.0,129.25,HC
FD0067,129.25,131.0,IC
FD0067,131.0,131.25,HC
FD0067,131.25,137.75,IC
FD0067,137.75,138.0,HC
FD0067,138.0,138.5,IC
FD0067,138.5,138.75,HC
FD0067,138.75,227.75,IC
FD0067,227.75,228.0,HC
FD0067,228.0,228.25,IC
FD0067,228.25,251.0,HC
FD0067,251.0,251.25,IC
FD0067,251.25,255.5,HC
FD0067,255.5,256.0,IC
FD0067,256.0,264.75,HC
FD0067,264.75,265.5,IC
FD0067,265.5,267.5,HC
FD0067,267.5,278.75,IC
FD0067,278.75,279.0,HC
FD0067,279.0,286.25,IC
FD0067,286.25,289.0,HC
FD0067,289.0,290.48,IC
FD0068,0.0,13.75,CG
FD0068,13.75,44.75,HF
FD0068,44.75,45.0,IF
FD0068,45.0,46.25,HF
FD0068,46.25,52.25,IF
FD0068,52.25,55.75,HF
FD0068,55.75,56.0,IF
FD0068,56.0,65.25,HF
FD0068,65.25,65.5,IF
FD0068,65.5,66.0,HF
FD0068,66.0,72.0,IF
FD0068,72.0,72.25,HF
FD0068,72.25,72.5,IF
FD0068,72.5,81.25,HF
FD0068,81.25,85.5,IC
FD0068,85.5,88.0,HC
FD0068,88.0,98.0,IC
FD0068,98.0,98.25,HC
FD0068,98.25,98.5,IC
FD0068,98.5,98.75,HC
FD0068,98.75,99.0,IC
FD0068,99.0,99.25,HC
FD0068,99.25,99.5,IC
FD0068,99.5,105.0,HC
FD0068,105.0,105.5,IC
FD0068,105.5,110.0,HC
FD0068,110.0,112.25,IC
FD0068,112.25,112.5,HC
FD0068,112.5,192.5,IC
FD0068,192.5,192.75,HC
FD0068,192.75,196.25,IC
FD0068,196.25,196.5,HC
FD0068,196.5,197.25,IC
FD0068,197.25,197.5,HC
FD0068,197.5,198.5,IC
FD0068,198.5,208.5,HC
FD0068,208.5,208.75,IC
FD0068,208.75,209.0,HC
FD0068,209.0,209.75,IC
FD0068,209.75,210.0,HC
FD0068,210.0,228.5,IC
FD0068,228.5,230.75,HC
FD0068,230.75,231.25,IC
FD0068,231.25,239.25,HC
FD0068,239.25,254.73,IC
FD0069,0.0,7.5,CG
FD0069,7.5,11.0,HF
FD0069,11.0,11.25,IF
FD0069,11.25,11.5,HF
FD0069,11.5,18.5,IF
FD0069,18.5,19.25,HF
FD0069,19.25,19.5,IF
FD0069,19.5,19.75,HF
FD0069,19.75,20.25,IF
FD0069,20.25,20.5,HF
FD0069,20.5,20.75,IF
FD0069,20.75,21.25,HF
FD0069,21.25,21.5,IF
FD0069,21.5,22.5,HF
FD0069,22.5,24.0,IF
FD0069,24.0,31.75,HF
FD0069,31.75,32.0,IC
FD0069,32.0,32.5,HC
FD0069,32.5,32.75,IC
FD0069,32.75,34.25,HC
FD0069,34.25,35.25,IC
FD0069,35.25,35.75,HC
FD0069,35.75,40.5,IC
FD0069,40.5,40.75,HC
FD0069,40.75,41.0,IC
FD0069,41.0,41.25,HC
FD0069,41.25,41.5,IC
FD0069,41.5,42.25,HC
FD0069,42.25,58.25,IC
FD0069,58.25,58.5,HC
FD0069,58.5,59.5,IC
FD0069,59.5,60.0,HC
FD0069,60.0,60.25,IC
FD0069,60.25,60.75,HC
FD0069,60.75,62.0,IC
FD0069,62.0,62.5,HC
FD0069,62.5,65.0,IC
FD0069,65.0,65.25,HC
FD0069,65.25,67.0,IC
FD0069,67.0,67.25,HC
FD0069,67.25,68.0,IC
FD0069,68.0,68.25,HC
FD0069,68.25,68.75,IC
FD0069,68.75,69.5,HC
FD0069,69.5,93.5,IC
FD0069,93.5,93.75,HC
FD0069,93.75,94.0,IC
FD0069,94.0,95.75,HC
FD0069,95.75,96.25,IC
FD0069,96.25,96.5,HC
FD0069,96.5,101.5,IC
FD0069,101.5,101.75,HC
FD0069,101.75,103.75,IC
FD0069,103.75,104.0,HC
FD0069,104.0,104.5,IC
FD0069,104.5,106.5,HC
FD0069,106.5,110.25,IC
FD0069,110.25,110.5,HC
FD0069,110.5,117.5,IC
FD0069,117.5,118.75,HC
FD0069,118.75,119.5,IC
FD0069,119.5,120.0,HC
FD0069,120.0,121.25,IC
FD0069,121.25,121.5,HC
FD0069,121.5,122.75,IC
FD0069,122.75,125.5,HC
FD0069,125.5,146.75,IC
FD0069,146.75,147.0,HC
FD0069,147.0,147.75,IC
FD0069,147.75,148.0,HC
FD0069,148.0,182.5,IC
FD0069,182.5,183.5,HC
FD0069,183.5,192.75,IC
FD0069,192.75,195.75,HC
FD0069,195.75,196.5,IC
FD0069,196.5,197.0,HC
FD0069,197.0,204.0,IC
FD0069,204.0,204.25,HC
FD0069,204.25,211.0,IC
FD0069,211.0,212.0,HC
FD0069,212.0,212.25,IC
FD0069,212.25,212.5,HC
FD0069,212.5,230.5,IC
FD0069,230.5,232.75,HC
FD0069,232.75,233.0,IC
FD0069,233.0,252.0,HC
FD0069,252.0,252.25,IC
FD0069,252.25,252.5,HC
FD0069,252.5,252.75,IC
FD0069,252.75,253.25,HC
FD0069,253.25,254.75,IC
FD0069,254.75,255.57,HC
FD0070,0.0,12.0,CG
FD0070,12.0,58.75,HF
FD0070,58.75,59.25,IF
FD0070,59.25,59.75,HF
FD0070,59.75,60.0,IF
FD0070,60.0,60.25,HF
FD0070,60.25,60.75,IF
FD0070,60.75,61.0,HF
FD0070,61.0,66.25,IF
FD0070,66.25,81.75,HF
FD0070,81.75,83.0,IF
FD0070,83.0,83.25,HF
FD0070,83.25,83.5,IF
FD0070,83.5,83.75,HF
FD0070,83.75,84.75,IF
FD0070,84.75,184.25,IC
FD0070,184.25,186.5,HC
FD0070,186.5,188.5,IC
FD0070,188.5,189.5,HC
FD0070,189.5,191.75,IC
FD0070,191.75,222.01,MAF
FD0071,0.0,11.75,CG
FD0071,11.75,69.75,HF
FD0071,69.75,79.0,IF
FD0071,79.0,84.0,HF
FD0071,84.0,87.0,IF
FD0071,87.0,88.25,HF
FD0071,88.25,105.25,IF
FD0071,105.25,109.25,HC
FD0071,109.25,109.5,IC
FD0071,109.5,110.0,HC
FD0071,110.0,111.75,IC
FD0071,111.75,112.75,HC
FD0071,112.75,113.0,IC
FD0071,113.0,113.25,HC
FD0071,113.25,113.5,IC
FD0071,113.5,113.75,HC
FD0071,113.75,161.95,IC
FD0072,0.0,0.5,CG
FD0072,0.5,2.25,IF
FD0072,2.25,3.5,HF
FD0072,3.5,3.75,IF
FD0072,3.75,9.5,HF
FD0072,9.5,9.75,IF
FD0072,9.75,10.0,HF
FD0072,10.0,13.5,IF
FD0072,13.5,14.0,HF
FD0072,14.0,15.5,IF
FD0072,15.5,15.75,HF
FD0072,15.75,16.25,IF
FD0072,16.25,16.5,HF
FD0072,16.5,16.75,IF
FD0072,16.75,18.75,HF
FD0072,18.75,19.25,IF
FD0072,19.25,19.5,HF
FD0072,19.5,19.75,IF
FD0072,19.75,36.25,HF
FD0072,36.25,70.0,LAT
FD0072,70.0,100.21,MAF
FD0073,0.0,12.0,CG
FD0073,12.0,12.25,HF
FD0073,12.25,12.5,IF
FD0073,12.5,13.0,CG
FD0073,13.0,14.0,IF
FD0073,14.0,14.5,CG
FD0073,14.5,38.75,IF
FD0073,38.75,40.0,HF
FD0073,40.0,41.0,IF
FD0073,41.0,43.5,HF
FD0073,43.5,50.75,IC
FD0073,50.75,51.0,HC
FD0073,51.0,53.0,IC
FD0073,53.0,53.25,HC
FD0073,53.25,53.5,IC
FD0073,53.5,54.25,HC
FD0073,54.25,54.75,IC
FD0073,54.75,55.5,HC
FD0073,55.5,58.0,IC
FD0073,58.0,58.5,HC
FD0073,58.5,104.75,IC
FD0073,104.75,105.75,HC
FD0073,105.75,106.0,IC
FD0073,106.0,107.5,HC
FD0073,107.5,108.25,IC
FD0073,108.25,109.5,HC
FD0073,109.5,110.25,IC
FD0073,110.25,110.75,HC
FD0073,110.75,118.5,IC
FD0073,118.5,118.75,HC
FD0073,118.75,119.5,IC
FD0073,119.5,119.75,HC
FD0073,119.75,120.0,IC
FD0073,120.0,120.25,HC
FD0073,120.25,121.75,IC
FD0073,121.75,123.0,HC
FD0073,123.0,134.5,IC
FD0073,134.5,137.25,HC
FD0073,137.25,137.5,IC
FD0073,137.5,137.75,HC
FD0073,137.75,138.75,IC
FD0073,138.75,139.25,HC
FD0073,139.25,155.52,IC
FD0074,0.0,10.75,CG
FD0074,10.75,17.5,HF
FD0074,17.5,17.75,IF
FD0074,17.75,18.0,HF
FD0074,18.0,18.75,IF
FD0074,18.75,42.5,HF
FD0074,42.5,43.0,IF
FD0074,43.0,47.5,HF
FD0074,47.5,49.25,IF
FD0074,49.25,53.75,HF
FD0074,53.75,57.0,IF
FD0074,57.0,62.75,HF
FD0074,62.75,63.25,IC
FD0074,63.25,63.5,HC
FD0074,63.5,63.75,IC
FD0074,63.75,64.0,HC
FD0074,64.0,77.75,IC
FD0074,77.75,80.5,HC
FD0074,80.5,81.5,IC
FD0074,81.5,82.75,HC
FD0074,82.75,84.0,IC
FD0074,84.0,84.25,HC
FD0074,84.25,85.25,IC
FD0074,85.25,86.0,HC
FD0074,86.0,87.0,IC
FD0074,87.0,87.5,HC
FD0074,87.5,88.25,IC
FD0074,88.25,88.5,HC
FD0074,88.5,97.25,IC
FD0074,97.25,98.5,HC
FD0074,98.5,100.25,IC
FD0074,100.25,100.5,HC
FD0074,100.5,100.75,IC
FD0074,100.75,101.25,HC
FD0074,101.25,102.25,IC
FD0074,102.25,102.75,HC
FD0074,102.75,104.75,IC
FD0074,104.75,114.0,HC
FD0074,114.0,114.25,IC
FD0074,114.25,114.5,HC
FD0074,114.5,114.75,IC
FD0074,114.75,115.0,HC
FD0074,115.0,115.75,IC
FD0074,115.75,118.5,HC
FD0074,118.5,119.5,IC
FD0074,119.5,119.75,HC
FD0074,119.75,130.5,IC
FD0074,130.5,131.0,HC
FD0074,131.0,132.5,IC
FD0074,132.5,133.0,HC
FD0074,133.0,133.25,IC
FD0074,133.25,133.75,HC
FD0074,133.75,153.5,IC
FD0074,153.5,154.75,HC
FD0074,154.75,155.0,IC
FD0074,155.0,155.25,HC
FD0074,155.25,156.75,IC
FD0074,156.75,162.75,HC
FD0074,162.75,164.25,IC
FD0074,164.25,164.5,HC
FD0074,164.5,165.75,IC
FD0074,165.75,171.75,HC
FD0074,171.75,196.5,IC
FD0074,196.5,224.71,MAF
FD0075,0.0,8.25,CG
FD0075,8.25,29.5,HF
FD0075,29.5,30.0,IF
FD0075,30.0,31.5,HF
FD0075,31.5,32.75,IF
FD0075,32.75,33.25,HF
FD0075,33.25,34.25,IF
FD0075,34.25,34.75,HF
FD0075,34.75,35.0,IF
FD0075,35.0,35.25,HF
FD0075,35.25,35.75,IF
FD0075,35.75,44.75,HF
FD0075,44.75,45.0,IF
FD0075,45.0,45.5,HF
FD0075,45.5,45.75,IF
FD0075,45.75,47.75,HF
FD0075,47.75,48.25,IF
FD0075,48.25,48.5,HF
FD0075,48.5,49.0,IF
FD0075,49.0,49.25,HF
FD0075,49.25,68.75,IF
FD0075,68.75,69.0,HF
FD0075,69.0,70.0,IF
FD0075,70.0,71.75,HF
FD0075,71.75,72.0,IF
FD0075,72.0,72.75,HF
FD0075,72.75,73.0,IF
FD0075,73.0,73.25,HF
FD0075,73.25,73.75,IF
FD0075,73.75,85.0,HF
FD0075,85.0,90.75,IF
FD0075,90.75,91.0,HF
FD0075,91.0,92.25,IF
FD0075,92.25,92.5,HF
FD0075,92.5,95.25,IF
FD0075,95.25,96.0,HF
FD0075,96.0,96.25,IF
FD0075,96.25,99.0,HF
FD0075,99.0,99.25,IF
FD0075,99.25,99.75,HF
FD0075,99.75,101.0,IF
FD0075,101.0,101.5,HF
FD0075,101.5,103.25,IF
FD0075,103.25,104.0,HF
FD0075,104.0,104.25,IF
FD0075,104.25,105.25,HF
FD0075,105.25,106.5,IC
FD0075,106.5,106.75,HC
FD0075,106.75,107.25,IC
FD0075,107.25,107.5,HC
FD0075,107.5,111.75,IC
FD0075,111.75,112.25,HC
FD0075,112.25,113.25,IC
FD0075,113.25,113.5,HC
FD0075,113.5,114.5,IC
FD0075,114.5,123.75,HC
FD0075,123.75,124.0,IC
FD0075,124.0,124.5,HC
FD0075,124.5,158.25,IC
FD0075,158.25,158.5,HC
FD0075,158.5,159.0,IC
FD0075,159.0,159.25,HC
FD0075,159.25,160.75,IC
FD0075,160.75,161.5,HC
FD0075,161.5,161.75,IC
FD0075,161.75,167.0,HC
FD0075,167.0,167.25,IC
FD0075,167.25,167.75,HC
FD0075,167.75,220.0,IC
FD0075,220.0,229.75,HC
FD0075,229.75,266.2,IC
FD0076,0.0,8.75,CG
FD0076,8.75,35.25,HF
FD0076,35.25,35.5,IF
FD0076,35.5,36.5,HF
FD0076,36.5,41.5,IF
FD0076,41.5,42.0,HF
FD0076,42.0,43.0,IF
FD0076,43.0,72.75,HF
FD0076,72.75,73.0,IF
FD0076,73.0,73.25,HF
FD0076,73.25,73.5,IF
FD0076,73.5,76.25,HF
FD0076,76.25,76.75,IF
FD0076,76.75,98.25,HF
FD0076,98.25,98.5,IF
FD0076,98.5,105.75,HF
FD0076,105.75,107.25,HC
FD0076,107.25,108.5,IC
FD0076,108.5,108.75,HC
FD0076,108.75,118.0,IC
FD0076,118.0,118.25,HC
FD0076,118.25,155.75,IC
FD0076,155.75,156.25,HC
FD0076,156.25,156.5,IC
FD0076,156.5,160.0,HC
FD0076,160.0,160.25,IC
FD0076,160.25,160.75,HC
FD0076,160.75,180.0,IC
FD0076,180.0,185.75,HC
FD0076,185.75,186.0,IC
FD0076,186.0,190.75,HC
FD0076,190.75,192.25,IC
FD0076,192.25,192.75,HC
FD0076,192.75,193.0,IC
FD0076,193.0,194.0,HC
FD0076,194.0,194.5,IC
FD0076,194.5,195.5,HC
FD0076,195.5,204.75,IC
FD0076,204.75,205.0,HC
FD0076,205.0,205.5,IC
FD0076,205.5,205.75,HC
FD0076,205.75,206.0,IC
FD0076,206.0,206.5,HC
FD0076,206.5,210.75,IC
FD0076,210.75,211.0,HC
FD0076,211.0,211.5,IC
FD0076,211.5,215.25,HC
FD0076,215.25,215.75,IC
FD0076,215.75,223.75,HC
FD0076,223.75,224.0,IC
FD0076,224.0,228.0,HC
FD0076,228.0,229.0,IC
FD0076,229.0,241.25,HC
FD0076,241.25,249.25,IC
FD0076,249.25,267.91,HC
FD0077,0.0,9.0,CG
FD0077,9.0,15.5,HF
FD0077,15.5,15.75,IF
FD0077,15.75,16.25,HF
FD0077,16.25,16.5,IF
FD0077,16.5,16.75,HF
FD0077,16.75,17.25,IF
FD0077,17.25,26.25,HF
FD0077,26.25,31.75,IF
FD0077,31.75,32.25,HF
FD0077,32.25,32.5,IF
FD0077,32.5,34.5,HF
FD0077,34.5,35.75,IF
FD0077,35.75,36.0,HF
FD0077,36.0,48.5,IF
FD0077,48.5,68.75,HF
FD0077,68.75,69.25,IF
FD0077,69.25,70.5,HF
FD0077,70.5,70.75,IF
FD0077,70.75,71.0,HF
FD0077,71.0,74.5,IC
FD0077,74.5,75.0,HC
FD0077,75.0,75.5,IC
FD0077,75.5,80.5,HC
FD0077,80.5,80.75,IC
FD0077,80.75,81.0,HC
FD0077,81.0,81.25,IC
FD0077,81.25,82.5,HC
FD0077,82.5,82.75,IC
FD0077,82.75,83.75,HC
FD0077,83.75,84.5,IC
FD0077,84.5,85.0,HC
FD0077,85.0,85.5,IC
FD0077,85.5,85.75,HC
FD0077,85.75,220.0,IC
FD0077,220.0,220.25,HC
FD0077,220.25,220.5,IC
FD0077,220.5,222.75,HC
FD0077,222.75,223.0,IC
FD0077,223.0,226.5,HC
FD0077,226.5,227.25,IC
FD0077,227.25,227.5,HC
FD0077,227.5,227.75,IC
FD0077,227.75,228.75,HC
FD0077,228.75,229.25,IC
FD0077,229.25,229.5,HC
FD0077,229.5,229.75,IC
FD0077,229.75,236.0,HC
FD0077,236.0,241.25,IC
FD0077,241.25,241.5,HC
FD0077,241.5,242.0,IC
FD0077,242.0,242.25,HC
FD0077,242.25,242.75,IC
FD0077,242.75,243.25,HC
FD0077,243.25,245.0,IC
FD0077,245.0,245.5,HC
FD0077,245.5,247.0,IC
FD0077,247.0,247.5,HC
FD0077,247.5,265.25,IC
FD0077,265.25,265.5,HC
FD0077,265.5,268.17,IC
FD0078,0.0,6.75,CG
FD0078,6.75,42.75,HF
FD0078,42.75,45.5,IF
FD0078,45.5,45.75,HF
FD0078,45.75,47.5,IF
FD0078,47.5,47.75,HF
FD0078,47.75,48.25,IF
FD0078,48.25,51.5,HF
FD0078,51.5,60.25,IF
FD0078,60.25,60.5,HF
FD0078,60.5,61.5,IF
FD0078,61.5,62.25,HF
FD0078,62.25,69.75,IF
FD0078,69.75,70.0,HF
FD0078,70.0,70.5,IF
FD0078,70.5,70.75,HF
FD0078,70.75,71.0,IF
FD0078,71.0,71.25,HF
FD0078,71.25,72.0,IF
FD0078,72.0,90.75,HF
FD0078,90.75,91.0,IC
FD0078,91.0,91.25,HC
FD0078,91.25,92.0,IC
FD0078,92.0,92.25,HC
FD0078,92.25,92.5,IC
FD0078,92.5,92.75,HC
FD0078,92.75,97.75,IC
FD0078,97.75,98.25,HC
FD0078,98.25,101.5,IC
FD0078,101.5,103.25,HC
FD0078,103.25,108.5,IC
FD0078,108.5,118.25,HC
FD0078,118.25,118.5,IC
FD0078,118.5,124.0,HC
FD0078,124.0,124.25,IC
FD0078,124.25,125.25,HC
FD0078,125.25,138.0,IC
FD0078,138.0,138.5,HC
FD0078,138.5,161.0,IC
FD0078,161.0,161.75,HC
FD0078,161.75,162.5,IC
FD0078,162.5,163.0,HC
FD0078,163.0,163.75,IC
FD0078,163.75,183.75,HC
FD0078,183.75,196.0,IC
FD0078,196.0,198.5,HC
FD0078,198.5,199.5,IC
FD0078,199.5,205.5,HC
FD0078,205.5,207.0,IC
FD0078,207.0,208.0,HC
FD0078,208.0,209.75,IC
FD0078,209.75,210.0,HC
FD0078,210.0,213.0,IC
FD0078,213.0,213.25,HC
FD0078,213.25,213.5,IC
FD0078,213.5,215.5,HC
FD0078,215.5,232.25,IC
FD0078,232.25,232.5,HC
FD0078,232.5,232.75,IC
FD0078,232.75,234.75,HC
FD0078,234.75,238.25,IC
FD0078,238.25,238.5,HC
FD0078,238.5,243.5,IC
FD0078,243.5,245.0,HC
FD0078,245.0,245.5,IC
FD0078,245.5,245.75,HC
FD0078,245.75,253.75,IC
FD0078,253.75,260.75,HC
FD0078,260.75,261.25,IC
FD0078,261.25,262.75,HC
FD0078,262.75,263.25,IC
FD0078,263.25,264.25,HC
FD0078,264.25,264.5,IC
FD0078,264.5,266.67,HC
FD0079,0.0,3.0,CG
FD0079,3.0,46.5,HF
FD0079,46.5,46.75,IF
FD0079,46.75,47.5,HF
FD0079,47.5,48.5,IF
FD0079,48.5,48.75,HF
FD0079,48.75,59.25,IF
FD0079,59.25,70.75,HF
FD0079,70.75,73.25,IC
FD0079,73.25,80.25,HC
FD0079,80.25,82.25,IC
FD0079,82.25,82.5,HC
FD0079,82.5,92.25,IC
FD0079,92.25,92.5,HC
FD0079,92.5,94.25,IC
FD0079,94.25,94.5,HC
FD0079,94.5,97.0,IC
FD0079,97.0,97.25,HC
FD0079,97.25,97.5,IC
FD0079,97.5,99.5,HC
FD0079,99.5,118.75,IC
FD0079,118.75,119.5,HC
FD0079,119.5,120.5,IC
FD0079,120.5,121.5,HC
FD0079,121.5,121.75,IC
FD0079,121.75,122.0,HC
FD0079,122.0,122.5,IC
FD0079,122.5,122.75,HC
FD0079,122.75,123.25,IC
FD0079,123.25,124.25,HC
FD0079,124.25,124.5,IC
FD0079,124.5,125.0,HC
FD0079,125.0,125.75,IC
FD0079,125.75,127.75,HC
FD0079,127.75,128.0,IC
FD0079,128.0,128.5,HC
FD0079,128.5,130.0,IC
FD0079,130.0,130.25,HC
FD0079,130.25,151.5,IC
FD0079,151.5,152.0,HC
FD0079,152.0,154.25,IC
FD0079,154.25,154.75,HC
FD0079,154.75,155.0,IC
FD0079,155.0,156.75,HC
FD0079,156.75,176.75,IC
FD0079,176.75,177.0,HC
FD0079,177.0,177.25,IC
FD0079,177.25,177.5,HC
FD0079,177.5,177.75,IC
FD0079,177.75,183.75,HC
FD0079,183.75,184.0,IC
FD0079,184.0,184.25,HC
FD0079,184.25,184.75,IC
FD0079,184.75,185.0,HC
FD0079,185.0,186.75,IC
FD0079,186.75,187.75,HC
FD0079,187.75,188.25,IC
FD0079,188.25,188.5,HC
FD0079,188.5,189.25,IC
FD0079,189.25,189.75,HC
FD0079,189.75,190.0,IC
FD0079,190.0,190.5,HC
FD0079,190.5,191.0,IC
FD0079,191.0,191.25,HC
FD0079,191.25,191.5,IC
FD0079,191.5,192.75,HC
FD0079,192.75,205.0,IC
FD0079,205.0,205.75,HC
FD0079,205.75,206.0,IC
FD0079,206.0,206.75,HC
FD0079,206.75,207.0,IC
FD0079,207.0,208.25,HC
FD0079,208.25,208.5,IC
FD0079,208.5,209.75,HC
FD0079,209.75,210.25,IC
FD0079,210.25,211.25,HC
FD0079,211.25,211.75,IC
FD0079,211.75,212.0,HC
FD0079,212.0,212.25,IC
FD0079,212.25,219.0,HC
FD0079,219.0,219.5,IC
FD0079,219.5,220.5,HC
FD0079,220.5,224.0,IC
FD0079,224.0,225.25,HC
FD0079,225.25,225.75,IC
FD0079,225.75,230.0,HC
FD0079,230.0,230.5,IC
FD0079,230.5,230.75,HC
FD0079,230.75,231.0,IC
FD0079,231.0,231.25,HC
FD0079,231.25,232.5,IC
FD0079,232.5,232.75,HC
FD0079,232.75,233.25,IC
FD0079,233.25,233.75,HC
FD0079,233.75,234.0,IC
FD0079,234.0,235.0,HC
FD0079,235.0,235.25,IC
FD0079,235.25,238.93,HC
FD0080,0.0,5.75,CG
FD0080,5.75,9.5,HF
FD0080,9.5,15.0,IF
FD0080,15.0,15.25,HF
FD0080,15.25,17.5,IF
FD0080,17.5,67.25,HF
FD0080,67.25,67.75,IF
FD0080,67.75,68.75,HF
FD0080,68.75,71.0,IF
FD0080,71.0,89.25,HF
FD0080,89.25,89.5,IF
FD0080,89.5,91.5,HF
FD0080,91.5,93.25,IF
FD0080,93.25,93.5,HF
FD0080,93.5,94.5,IF
FD0080,94.5,94.75,HF
FD0080,94.75,96.0,IF
FD0080,96.0,96.25,HF
FD0080,96.25,107.5,IF
FD0080,107.5,108.25,HC
FD0080,108.25,111.25,IC
FD0080,111.25,111.5,HC
FD0080,111.5,191.76,IC
FD0081,0.0,8.0,CG
FD0081,8.0,20.75,HF
FD0081,20.75,21.0,IF
FD0081,21.0,70.25,HF
FD0081,70.25,73.25,IF
FD0081,73.25,73.5,HF
FD0081,73.5,75.0,IF
FD0081,75.0,81.0,HF
FD0081,81.0,81.5,IF
FD0081,81.5,84.5,HF
FD0081,84.5,85.75,IF
FD0081,85.75,86.5,HF
FD0081,86.5,89.0,IF
FD0081,89.0,95.25,HF
FD0081,95.25,104.0,IF
FD0081,104.0,104.5,IC
FD0081,104.5,106.25,HC
FD0081,106.25,113.5,IC
FD0081,113.5,120.0,HC
FD0081,120.0,120.25,IC
FD0081,120.25,121.0,HC
FD0081,121.0,121.5,IC
FD0081,121.5,121.75,HC
FD0081,121.75,122.0,IC
FD0081,122.0,122.5,HC
FD0081,122.5,123.0,IC
FD0081,123.0,123.25,HC
FD0081,123.25,123.5,IC
FD0081,123.5,126.0,HC
FD0081,126.0,166.89,IC
FD0082,0.0,9.0,LAT
FD0082,9.0,9.25,HF
FD0082,9.25,9.5,IF
FD0082,9.5,10.75,HF
FD0082,10.75,16.25,IF
FD0082,16.25,44.0,HF
FD0082,44.0,53.0,IC
FD0082,53.0,53.25,HC
FD0082,53.25,55.25,IC
FD0082,55.25,68.74,MAF
FD0083,0.0,6.25,CG
FD0083,6.25,7.25,IF
FD0083,7.25,8.0,HF
FD0083,8.0,8.5,IF
FD0083,8.5,23.25,HF
FD0083,23.25,23.75,IF
FD0083,23.75,24.0,HF
FD0083,24.0,25.0,IF
FD0083,25.0,25.25,HF
FD0083,25.25,25.5,IF
FD0083,25.5,26.5,HF
FD0083,26.5,26.75,IF
FD0083,26.75,27.0,HF
FD0083,27.0,27.25,IF
FD0083,27.25,27.75,HF
FD0083,27.75,28.5,IF
FD0083,28.5,28.75,HF
FD0083,28.75,29.0,IF
FD0083,29.0,42.5,HF
FD0083,42.5,43.0,IC
FD0083,43.0,43.25,HC
FD0083,43.25,62.0,IC
FD0083,62.0,108.51,MAF
FD0084,0.0,5.25,CG
FD0084,5.25,13.5,IF
FD0084,13.5,14.0,HF
FD0084,14.0,14.25,IF
FD0084,14.25,14.5,HF
FD0084,14.5,38.0,IF
FD0084,38.0,47.5,HF
FD0084,47.5,49.75,IF
FD0084,49.75,50.5,HF
FD0084,50.5,51.0,IF
FD0084,51.0,68.25,HF
FD0084,68.25,71.5,HC
FD0084,71.5,71.75,IC
FD0084,71.75,73.0,HF
FD0084,73.0,73.75,HC
FD0084,73.75,74.0,IC
FD0084,74.0,75.0,HC
FD0084,75.0,76.25,IC
FD0084,76.25,76.5,HC
FD0084,76.5,77.75,IC
FD0084,77.75,87.0,HC
FD0084,87.0,106.75,IC
FD0084,106.75,107.0,HC
FD0084,107.0,108.25,IC
FD0084,108.25,109.25,HC
FD0084,109.25,109.5,IC
FD0084,109.5,111.0,HC
FD0084,111.0,111.75,IC
FD0084,111.75,112.25,HC
FD0084,112.25,117.0,IC
FD0084,117.0,129.25,HC
FD0084,129.25,129.5,IC
FD0084,129.5,129.75,HC
FD0084,129.75,130.0,IC
FD0084,130.0,130.25,HC
FD0084,130.25,130.5,IC
FD0084,130.5,131.0,HC
FD0084,131.0,131.5,IC
FD0084,131.5,134.0,HC
FD0084,134.0,145.31,IC
FD0085,0.0,5.5,CG
FD0085,5.5,14.0,HF
FD0085,14.0,14.25,IF
FD0085,14.25,16.0,HF
FD0085,16.0,16.25,IF
FD0085,16.25,27.25,HF
FD0085,27.25,27.75,IF
FD0085,27.75,28.5,HF
FD0085,28.5,30.75,IF
FD0085,30.75,36.75,HF
FD0085,36.75,47.0,IC
FD0085,47.0,47.25,HC
FD0085,47.25,53.0,IC
FD0085,53.0,54.0,HC
FD0085,54.0,54.5,IC
FD0085,54.5,54.75,HC
FD0085,54.75,55.25,IC
FD0085,55.25,59.5,HC
FD0085,59.5,59.75,IC
FD0085,59.75,60.0,HC
FD0085,60.0,71.5,IC
FD0085,71.5,71.75,HC
FD0085,71.75,73.0,IC
FD0085,73.0,73.25,HC
FD0085,73.25,73.75,IC
FD0085,73.75,74.25,HC
FD0085,74.25,75.0,IC
FD0085,75.0,81.5,HC
FD0085,81.5,84.0,IC
FD0085,84.0,84.5,HC
FD0085,84.5,84.75,IC
FD0085,84.75,85.75,HC
FD0085,85.75,86.0,IC
FD0085,86.0,93.5,HC
FD0085,93.5,93.75,IC
FD0085,93.75,94.0,HC
FD0085,94.0,94.75,IC
FD0085,94.75,95.0,HC
FD0085,95.0,98.5,IC
FD0085,98.5,98.75,HC
FD0085,98.75,109.5,IC
FD0085,109.5,110.0,HC
FD0085,110.0,111.75,IC
FD0085,111.75,112.0,HC
FD0085,112.0,112.5,IC
FD0085,112.5,112.75,HC
FD0085,112.75,113.0,IC
FD0085,113.0,113.5,HC
FD0085,113.5,193.25,IC
FD0085,193.25,232.19,MAF
FD0086,0.0,9.75,CG
FD0086,9.75,22.5,HF
FD0086,22.5,23.0,IF
FD0086,23.0,28.25,HF
FD0086,28.25,28.5,IF
FD0086,28.5,29.5,HF
FD0086,29.5,34.25,IF
FD0086,34.25,49.0,HF
FD0086,49.0,49.5,IF
FD0086,49.5,49.75,HF
FD0086,49.75,55.5,IF
FD0086,55.5,60.75,HF
FD0086,60.75,61.0,IF
FD0086,61.0,62.0,HF
FD0086,62.0,62.75,IF
FD0086,62.75,63.75,HF
FD0086,63.75,67.0,IF
FD0086,67.0,67.5,HF
FD0086,67.5,68.5,IF
FD0086,68.5,74.75,HF
FD0086,74.75,75.0,IF
FD0086,75.0,75.25,HF
FD0086,75.25,75.75,IF
FD0086,75.75,76.0,HF
FD0086,76.0,76.25,IF
FD0086,76.25,76.75,HF
FD0086,76.75,77.0,IF
FD0086,77.0,78.5,HF
FD0086,78.5,103.0,IF
FD0086,103.0,103.25,HF
FD0086,103.25,104.75,IF
FD0086,104.75,105.25,HF
FD0086,105.25,106.25,IF
FD0086,106.25,106.5,HF
FD0086,106.5,107.0,IF
FD0086,107.0,107.25,HF
FD0086,107.25,114.0,IF
FD0086,114.0,114.25,HF
FD0086,114.25,117.0,IF
FD0086,117.0,117.25,HF
FD0086,117.25,119.75,IF
FD0086,119.75,145.0,HF
FD0086,145.0,146.25,HC
FD0086,146.25,146.75,IC
FD0086,146.75,148.5,HC
FD0086,148.5,148.75,IC
FD0086,148.75,149.25,HC
FD0086,149.25,157.25,IC
FD0086,157.25,161.75,HC
FD0086,161.75,165.75,IC
FD0086,165.75,166.25,HC
FD0086,166.25,166.75,IC
FD0086,166.75,169.25,HC
FD0086,169.25,169.5,IC
FD0086,169.5,170.0,HC
FD0086,170.0,190.25,IC
FD0086,190.25,190.75,HC
FD0086,190.75,192.5,IC
FD0086,192.5,193.5,HC
FD0086,193.5,197.25,IC
FD0086,197.25,197.5,HC
FD0086,197.5,197.75,IC
FD0086,197.75,198.0,HC
FD0086,198.0,198.5,IC
FD0086,198.5,199.0,HC
FD0086,199.0,199.25,IC
FD0086,199.25,199.5,HC
FD0086,199.5,199.75,IC
FD0086,199.75,200.5,HC
FD0086,200.5,213.25,IC
FD0086,213.25,213.75,HC
FD0086,213.75,214.75,IC
FD0086,214.75,215.25,HC
FD0086,215.25,216.5,IC
FD0086,216.5,216.75,HC
FD0086,216.75,217.0,IC
FD0086,217.0,221.0,HC
FD0086,221.0,240.2,IC
FD0087,0.0,3.25,CG
FD0087,3.25,54.75,HF
FD0087,54.75,60.0,IF
FD0087,60.0,60.25,HF
FD0087,60.25,60.75,IF
FD0087,60.75,67.75,HF
FD0087,67.75,74.25,IF
FD0087,74.25,107.5,HF
FD0087,107.5,107.75,IF
FD0087,107.75,108.0,HF
FD0087,108.0,108.5,IF
FD0087,108.5,109.25,HF
FD0087,109.25,110.25,IF
FD0087,110.25,119.75,HF
FD0087,119.75,160.75,IC
FD0087,160.75,161.5,HC
FD0087,161.5,183.5,IC
FD0087,183.5,183.75,HC
FD0087,183.75,184.75,IC
FD0087,184.75,195.5,HC
FD0087,195.5,196.25,IC
FD0087,196.25,196.75,HC
FD0087,196.75,197.0,IC
FD0087,197.0,197.75,HC
FD0087,197.75,198.5,IC
FD0087,198.5,198.75,HC
FD0087,198.75,211.75,IC
FD0087,211.75,213.5,HC
FD0087,213.5,214.25,IC
FD0087,214.25,214.75,HC
FD0087,214.75,215.0,IC
FD0087,215.0,226.25,HC
FD0087,226.25,226.5,IC
FD0087,226.5,227.0,HC
FD0087,227.0,230.25,IC
FD0087,230.25,231.5,HC
FD0087,231.5,244.75,IC
FD0087,244.75,245.0,HC
FD0087,245.0,245.25,IC
FD0087,245.25,245.5,HC
FD0087,245.5,249.0,IC
FD0087,249.0,249.25,HC
FD0087,249.25,253.75,IC
FD0087,253.75,254.0,HC
FD0087,254.0,272.04,IC
FD0088,0.0,7.0,CG
FD0088,7.0,22.25,HF
FD0088,22.25,22.75,IF
FD0088,22.75,25.75,HF
FD0088,25.75,26.25,IF
FD0088,26.25,31.75,HF
FD0088,31.75,45.5,IF
FD0088,45.5,152.75,IC
FD0088,152.75,153.25,HC
FD0088,153.25,167.0,IC
FD0088,167.0,167.25,HC
FD0088,167.25,167.75,IC
FD0088,167.75,168.0,HC
FD0088,168.0,174.0,IC
FD0088,174.0,174.25,HC
FD0088,174.25,175.25,IC
FD0088,175.25,175.5,HC
FD0088,175.5,177.25,IC
FD0088,177.25,178.5,HC
FD0088,178.5,178.75,IC
FD0088,178.75,179.5,HC
FD0088,179.5,225.5,IC
FD0088,225.5,226.0,HC
FD0088,226.0,240.5,IC
FD0088,240.5,240.75,HC
FD0088,240.75,241.0,IC
FD0088,241.0,241.25,HC
FD0088,241.25,273.81,IC
FD0089,0.0,15.75,CG
FD0089,15.75,19.25,IF
FD0089,19.25,21.0,HF
FD0089,21.0,21.5,IF
FD0089,21.5,21.75,HF
FD0089,21.75,33.75,IF
FD0089,33.75,39.0,HF
FD0089,39.0,39.25,IF
FD0089,39.25,40.25,HF
FD0089,40.25,41.25,IF
FD0089,41.25,42.0,HF
FD0089,42.0,47.0,IF
FD0089,47.0,57.0,HF
FD0089,57.0,57.25,IF
FD0089,57.25,87.5,HF
FD0089,87.5,108.25,IC
FD0089,108.25,108.5,HC
FD0089,108.5,111.25,IC
FD0089,111.25,120.5,HC
FD0089,120.5,120.75,IC
FD0089,120.75,121.0,HC
FD0089,121.0,123.5,IC
FD0089,123.5,123.75,HC
FD0089,123.75,124.0,IC
FD0089,124.0,124.25,HC
FD0089,124.25,125.5,IC
FD0089,125.5,125.75,HC
FD0089,125.75,126.0,IC
FD0089,126.0,128.0,HC
FD0089,128.0,128.25,IC
FD0089,128.25,128.5,HC
FD0089,128.5,145.0,IC
FD0089,145.0,146.5,HC
FD0089,146.5,147.25,IC
FD0089,147.25,147.5,HC
FD0089,147.5,147.75,IC
FD0089,147.75,148.5,HC
FD0089,148.5,151.0,IC
FD0089,151.0,152.25,HC
FD0089,152.25,157.5,IC
FD0089,157.5,157.75,HC
FD0089,157.75,160.0,IC
FD0089,160.0,161.0,HC
FD0089,161.0,165.0,IC
FD0089,165.0,165.25,HC
FD0089,165.25,165.5,IC
FD0089,165.5,166.25,HC
FD0089,166.25,167.0,IC
FD0089,167.0,167.25,HC
FD0089,167.25,167.5,IC
FD0089,167.5,167.75,HC
FD0089,167.75,169.75,IC
FD0089,169.75,170.5,HC
FD0089,170.5,170.75,IC
FD0089,170.75,171.0,HC
FD0089,171.0,171.5,IC
FD0089,171.5,172.0,HC
FD0089,172.0,172.25,IC
FD0089,172.25,173.0,HC
FD0089,173.0,173.25,IC
FD0089,173.25,177.25,HC
FD0089,177.25,177.5,IC
FD0089,177.5,182.5,HC
FD0089,182.5,182.75,IC
FD0089,182.75,203.25,HC
FD0089,203.25,206.5,IC
FD0089,206.5,207.5,HC
FD0089,207.5,207.75,IC
FD0089,207.75,218.75,HC
FD0089,218.75,219.25,IC
FD0089,219.25,222.0,HC
FD0089,222.0,223.25,IC
FD0089,223.25,225.5,HC
FD0089,225.5,225.75,IC
FD0089,225.75,227.25,HC
FD0089,227.25,228.5,IC
FD0089,228.5,229.25,HC
FD0089,229.25,229.5,IC
FD0089,229.5,229.75,HC
FD0089,229.75,230.0,IC
FD0089,230.0,232.0,HC
FD0089,232.0,232.25,IC
FD0089,232.25,233.0,HC
FD0089,233.0,233.25,IC
FD0089,233.25,234.0,HC
FD0089,234.0,234.25,IC
FD0089,234.25,234.5,HC
FD0089,234.5,237.75,IC
FD0089,237.75,238.0,HC
FD0089,238.0,238.25,IC
FD0089,238.25,238.75,HC
FD0089,238.75,244.5,IC
FD0089,244.5,244.75,HC
FD0089,244.75,245.0,IC
FD0089,245.0,245.25,HC
FD0089,245.25,252.5,IC
FD0089,252.5,253.75,HC
FD0089,253.75,254.0,IC
FD0089,254.0,254.75,HC
FD0089,254.75,255.5,IC
FD0089,255.5,256.0,HC
FD0089,256.0,256.5,IC
FD0089,256.5,259.5,HC
FD0089,259.5,268.5,IC
FD0089,268.5,269.0,HC
FD0089,269.0,269.25,IC
FD0089,269.25,269.75,HC
FD0089,269.75,270.0,IC
FD0089,270.0,270.75,HC
FD0089,270.75,271.39,IC
FD0090,0.0,8.75,CG
FD0090,8.75,10.25,HF
FD0090,10.25,10.75,IF
FD0090,10.75,11.5,HF
FD0090,11.5,12.0,IF
FD0090,12.0,12.25,HF
FD0090,12.25,12.5,IF
FD0090,12.5,66.5,HF
FD0090,66.5,66.75,IF
FD0090,66.75,104.5,HF
FD0090,104.5,105.5,IF
FD0090,105.5,110.25,HF
FD0090,110.25,110.75,IF
FD0090,110.75,111.0,HF
FD0090,111.0,111.25,IF
FD0090,111.25,111.5,HF
FD0090,111.5,138.0,IF
FD0090,138.0,159.75,IC
FD0090,159.75,160.0,HC
FD0090,160.0,160.25,IC
FD0090,160.25,163.25,HC
FD0090,163.25,191.5,IC
FD0090,191.5,192.0,HC
FD0090,192.0,192.25,IC
FD0090,192.25,192.5,HC
FD0090,192.5,206.35,IC
FD0091,0.0,10.75,CG
FD0091,10.75,11.25,HF
FD0091,11.25,11.5,IF
FD0091,11.5,14.0,HF
FD0091,14.0,14.25,IF
FD0091,14.25,15.5,HF
FD0091,15.5,16.25,IF
FD0091,16.25,17.75,HF
FD0091,17.75,23.25,IF
FD0091,23.25,52.5,HF
FD0091,52.5,53.25,IF
FD0091,53.25,53.75,HF
FD0091,53.75,62.0,IF
FD0091,62.0,62.5,HF
FD0091,62.5,63.75,IF
FD0091,63.75,64.25,HF
FD0091,64.25,65.5,IF
FD0091,65.5,66.5,HF
FD0091,66.5,68.0,IF
FD0091,68.0,69.5,HF
FD0091,69.5,69.75,IF
FD0091,69.75,70.0,HF
FD0091,70.0,70.25,IF
FD0091,70.25,70.5,HF
FD0091,70.5,70.75,IF
FD0091,70.75,71.5,HF
FD0091,71.5,71.75,IF
FD0091,71.75,72.5,HF
FD0091,72.5,87.25,IF
FD0091,87.25,93.75,HF
FD0091,93.75,94.5,IF
FD0091,94.5,94.75,HF
FD0091,94.75,96.0,IF
FD0091,96.0,96.5,HF
FD0091,96.5,99.0,IF
FD0091,99.0,103.75,HF
FD0091,103.75,104.25,IF
FD0091,104.25,106.5,HF
FD0091,106.5,107.25,IF
FD0091,107.25,107.5,HF
FD0091,107.5,107.75,IF
FD0091,107.75,108.0,HF
FD0091,108.0,109.25,IF
FD0091,109.25,109.5,HF
FD0091,109.5,113.25,IF
FD0091,113.25,114.75,HF
FD0091,114.75,115.0,IF
FD0091,115.0,132.75,HF
FD0091,132.75,133.0,IF
FD0091,133.0,133.25,HF
FD0091,133.25,138.5,IF
FD0091,138.5,139.75,HF
FD0091,139.75,140.25,IF
FD0091,140.25,140.75,HF
FD0091,140.75,154.54,IF
FD0092,0.0,4.5,CG
FD0092,4.5,26.75,IF
FD0092,26.75,27.5,HF
FD0092,27.5,29.25,IF
FD0092,29.25,68.47,IC
FD0093,0.0,1.75,CG
FD0093,1.75,34.25,HF
FD0093,34.25,34.75,IC
FD0093,34.75,35.75,HC
FD0093,35.75,37.0,IC
FD0093,37.0,37.5,HC
FD0093,37.5,38.25,IC
FD0093,38.25,38.5,HC
FD0093,38.5,39.25,IC
FD0093,39.25,39.5,HC
FD0093,39.5,47.5,IC
FD0093,47.5,48.0,HC
FD0093,48.0,51.5,IC
FD0093,51.5,52.25,HC
FD0093,52.25,56.0,IC
FD0093,56.0,56.25,HC
FD0093,56.25,58.25,IC
FD0093,58.25,61.0,HC
FD0093,61.0,61.3,IC
FD0094,0.0,7.5,CG
FD0094,7.5,12.75,IF
FD0094,12.75,14.25,HF
FD0094,14.25,14.5,IF
FD0094,14.5,17.25,HF
FD0094,17.25,17.5,IF
FD0094,17.5,17.75,HF
FD0094,17.75,18.0,IF
FD0094,18.0,18.25,HF
FD0094,18.25,26.0,IF
FD0094,26.0,34.25,HF
FD0094,34.25,34.5,IF
FD0094,34.5,34.75,HF
FD0094,34.75,38.75,IF
FD0094,38.75,42.5,HF
FD0094,42.5,42.75,IF
FD0094,42.75,43.75,HF
FD0094,43.75,45.25,IF
FD0094,45.25,45.5,HF
FD0094,45.5,45.75,IF
FD0094,45.75,55.75,HF
FD0094,55.75,56.75,IC
FD0094,56.75,63.75,HF
FD0094,63.75,64.0,IC
FD0094,64.0,65.0,HC
FD0094,65.0,66.25,IC
FD0094,66.25,66.5,HC
FD0094,66.5,67.5,HF
FD0094,67.5,74.0,HC
FD0094,74.0,107.75,IC
FD0094,107.75,110.75,HC
FD0094,110.75,113.25,IC
FD0094,113.25,116.5,HC
FD0094,116.5,116.75,IC
FD0094,116.75,117.25,HC
FD0094,117.25,117.5,IC
FD0094,117.5,117.75,HC
FD0094,117.75,121.75,IC
FD0094,121.75,122.5,HC
FD0094,122.5,122.75,IC
FD0094,122.75,126.5,HC
FD0094,126.5,180.58,IC
FD0095,0.0,3.75,CG
FD0095,3.75,8.25,HF
FD0095,8.25,9.0,IF
FD0095,9.0,9.5,HF
FD0095,9.5,9.75,IF
FD0095,9.75,10.0,HF
FD0095,10.0,10.5,IF
FD0095,10.5,11.75,HF
FD0095,11.75,12.0,IF
FD0095,12.0,51.0,HF
FD0095,51.0,51.75,IC
FD0095,51.75,52.0,HC
FD0095,52.0,70.75,IC
FD0095,70.75,71.25,HC
FD0095,71.25,71.5,IC
FD0095,71.5,71.75,HC
FD0095,71.75,72.25,IC
FD0095,72.25,75.75,HC
FD0095,75.75,76.25,IC
FD0095,76.25,78.75,HC
FD0095,78.75,79.75,IC
FD0095,79.75,85.75,HC
FD0095,85.75,86.0,IC
FD0095,86.0,89.75,HC
FD0095,89.75,90.0,IC
FD0095,90.0,91.25,HC
FD0095,91.25,93.25,IC
FD0095,93.25,93.5,HC
FD0095,93.5,185.5,IC
FD0095,185.5,226.82,MAF
FD0096,0.0,23.0,HF
FD0096,23.0,23.25,IF
FD0096,23.25,23.75,HF
FD0096,23.75,24.0,IF
FD0096,24.0,24.25,HF
FD0096,24.25,27.75,IF
FD0096,27.75,28.0,HF
FD0096,28.0,32.0,IF
FD0096,32.0,52.5,HF
FD0096,52.5,54.5,IF
FD0096,54.5,54.75,HF
FD0096,54.75,55.0,IF
FD0096,55.0,55.25,HF
FD0096,55.25,66.0,IF
FD0096,66.0,66.25,HF
FD0096,66.25,69.0,IF
FD0096,69.0,69.25,HF
FD0096,69.25,69.5,IF
FD0096,69.5,70.0,HF
FD0096,70.0,70.25,IF
FD0096,70.25,71.5,HF
FD0096,71.5,71.75,IF
FD0096,71.75,72.0,HF
FD0096,72.0,79.75,IF
FD0096,79.75,89.0,HF
FD0096,89.0,90.75,IF
FD0096,90.75,92.75,HF
FD0096,92.75,93.0,IF
FD0096,93.0,93.5,HF
FD0096,93.5,93.75,IF
FD0096,93.75,94.25,HF
FD0096,94.25,94.5,IF
FD0096,94.5,94.75,HF
FD0096,94.75,95.25,IF
FD0096,95.25,95.5,HF
FD0096,95.5,104.5,IF
FD0096,104.5,105.0,HF
FD0096,105.0,106.0,IF
FD0096,106.0,111.75,HF
FD0096,111.75,117.5,IF
FD0096,117.5,117.75,HF
FD0096,117.75,118.0,IF
FD0096,118.0,126.75,HF
FD0096,126.75,128.25,IF
FD0096,128.25,128.5,HF
FD0096,128.5,129.0,IF
FD0096,129.0,143.25,HF
FD0096,143.25,148.25,HC
FD0096,148.25,148.75,IC
FD0096,148.75,149.25,HC
FD0096,149.25,158.25,IC
FD0096,158.25,158.5,HC
FD0096,158.5,160.25,IC
FD0096,160.25,160.5,HC
FD0096,160.5,161.25,IC
FD0096,161.25,161.75,HC
FD0096,161.75,165.0,IC
FD0096,165.0,165.25,HC
FD0096,165.25,165.75,IC
FD0096,165.75,166.0,HC
FD0096,166.0,166.5,IC
FD0096,166.5,168.5,HC
FD0096,168.5,169.0,IC
FD0096,169.0,169.25,HC
FD0096,169.25,169.75,IC
FD0096,169.75,170.0,HC
FD0096,170.0,170.75,IC
FD0096,170.75,171.5,HC
FD0096,171.5,191.0,IC
FD0096,191.0,191.5,HC
FD0096,191.5,191.75,IC
FD0096,191.75,200.25,HC
FD0096,200.25,200.5,IC
FD0096,200.5,202.5,HC
FD0096,202.5,202.75,IC
FD0096,202.75,204.0,HC
FD0096,204.0,205.0,IC
FD0096,205.0,206.25,HC
FD0096,206.25,206.5,IC
FD0096,206.5,206.75,HC
FD0096,206.75,210.0,IC
FD0096,210.0,216.75,HC
FD0096,216.75,217.5,IC
FD0096,217.5,217.75,HC
FD0096,217.75,218.5,IC
FD0096,218.5,218.75,HC
FD0096,218.75,219.0,IC
FD0096,219.0,219.25,HC
FD0096,219.25,219.5,IC
FD0096,219.5,219.75,HC
FD0096,219.75,220.0,IC
FD0096,220.0,220.5,HC
FD0096,220.5,221.5,IC
FD0096,221.5,221.75,HC
FD0096,221.75,226.0,IC
FD0096,226.0,226.25,HC
FD0096,226.25,227.5,IC
FD0096,227.5,235.25,HC
FD0096,235.25,236.0,IC
FD0096,236.0,236.25,HC
FD0096,236.25,243.0,IC
FD0096,243.0,243.25,HC
FD0096,243.25,245.44,IC
FD0097,0.0,10.25,CG
FD0097,10.25,43.75,HF
FD0097,43.75,44.25,IF
FD0097,44.25,44.5,HF
FD0097,44.5,45.0,IF
FD0097,45.0,46.0,HF
FD0097,46.0,57.0,IF
FD0097,57.0,57.25,HF
FD0097,57.25,67.25,IF
FD0097,67.25,69.75,IC
FD0097,69.75,70.5,HC
FD0097,70.5,101.75,IC
FD0097,101.75,102.5,HC
FD0097,102.5,109.25,IC
FD0097,109.25,109.5,HC
FD0097,109.5,143.0,IC
FD0097,143.0,143.25,HC
FD0097,143.25,148.75,IC
FD0097,148.75,149.0,HC
FD0097,149.0,182.75,IC
FD0097,182.75,183.5,HC
FD0097,183.5,259.72,IC
FD0098,0.0,7.5,CG
FD0098,7.5,37.25,HF
FD0098,37.25,64.5,IC
FD0098,64.5,64.75,HC
FD0098,64.75,65.25,IC
FD0098,65.25,65.5,HC
FD0098,65.5,66.5,IC
FD0098,66.5,66.75,HC
FD0098,66.75,67.25,IC
FD0098,67.25,67.5,HC
FD0098,67.5,87.25,IC
FD0098,87.25,87.75,HC
FD0098,87.75,88.0,IC
FD0098,88.0,88.5,HC
FD0098,88.5,103.75,IC
FD0098,103.75,104.0,HC
FD0098,104.0,104.5,IC
FD0098,104.5,104.75,HC
FD0098,104.75,105.0,IC
FD0098,105.0,108.25,HC
FD0098,108.25,108.75,IC
FD0098,108.75,109.0,HC
FD0098,109.0,109.5,IC
FD0098,109.5,110.0,HC
FD0098,110.0,110.25,IC
FD0098,110.25,112.25,HC
FD0098,112.25,114.5,IC
FD0098,114.5,115.25,HC
FD0098,115.25,117.0,IC
FD0098,117.0,117.5,HC
FD0098,117.5,118.5,IC
FD0098,118.5,119.25,HC
FD0098,119.25,178.75,IC
FD0098,178.75,179.0,HC
FD0098,179.0,184.0,IC
FD0098,184.0,184.25,HC
FD0098,184.25,184.75,IC
FD0098,184.75,185.75,HC
FD0098,185.75,186.75,IC
FD0098,186.75,189.0,HC
FD0098,189.0,189.25,IC
FD0098,189.25,192.75,HC
FD0098,192.75,193.0,IC
FD0098,193.0,195.5,HC
FD0098,195.5,196.25,IC
FD0098,196.25,196.5,HC
FD0098,196.5,199.5,IC
FD0098,199.5,199.75,HC
FD0098,199.75,200.0,IC
FD0098,200.0,200.25,HC
FD0098,200.25,201.5,IC
FD0098,201.5,206.5,HC
FD0098,206.5,207.0,IC
FD0098,207.0,207.25,HC
FD0098,207.25,208.5,IC
FD0098,208.5,208.75,HC
FD0098,208.75,231.75,IC
FD0098,231.75,232.0,HC
FD0098,232.0,235.5,IC
FD0098,235.5,235.75,HC
FD0098,235.75,236.0,IC
FD0098,236.0,238.25,HC
FD0098,238.25,238.75,IC
FD0098,238.75,239.0,HC
FD0098,239.0,260.02,IC
FD0099,0.0,12.25,CG
FD0099,12.25,27.5,IC
FD0099,27.5,27.75,HC
FD0099,27.75,28.25,IC
FD0099,28.25,33.5,HC
FD0099,33.5,35.75,IC
FD0099,35.75,36.25,HC
FD0099,36.25,36.5,IC
FD0099,36.5,40.25,HC
FD0099,40.25,40.5,IC
FD0099,40.5,54.0,HC
FD0099,54.0,77.5,IC
FD0099,77.5,77.75,HC
FD0099,77.75,78.0,IC
FD0099,78.0,78.5,HC
FD0099,78.5,79.0,IC
FD0099,79.0,79.25,HC
FD0099,79.25,80.5,IC
FD0099,80.5,81.75,HC
FD0099,81.75,82.0,IC
FD0099,82.0,82.5,HC
FD0099,82.5,83.0,IC
FD0099,83.0,83.25,HC
FD0099,83.25,128.25,IC
FD0099,128.25,129.0,HC
FD0099,129.0,146.5,IC
FD0099,146.5,147.5,HC
FD0099,147.5,149.25,IC
FD0099,149.25,151.25,HC
FD0099,151.25,183.25,IC
FD0099,183.25,183.75,HC
FD0099,183.75,184.0,IC
FD0099,184.0,188.0,HC
FD0099,188.0,188.25,IC
FD0099,188.25,188.5,HC
FD0099,188.5,188.75,IC
FD0099,188.75,189.0,HC
FD0099,189.0,189.75,IC
FD0099,189.75,192.25,HC
FD0099,192.25,195.0,IC
FD0099,195.0,195.25,HC
FD0099,195.25,201.25,IC
FD0099,201.25,203.0,HC
FD0099,203.0,203.25,IC
FD0099,203.25,203.5,HC
FD0099,203.5,208.0,IC
FD0099,208.0,210.25,HC
FD0099,210.25,210.5,IC
FD0099,210.5,211.25,HC
FD0099,211.25,211.5,IC
FD0099,211.5,212.25,HC
FD0099,212.25,212.5,IC
FD0099,212.5,213.0,HC
FD0099,213.0,215.75,IC
FD0099,215.75,216.0,HC
FD0099,216.0,218.5,IC
FD0099,218.5,219.75,HC
FD0099,219.75,220.0,IC
FD0099,220.0,220.25,HC
FD0099,220.25,248.25,IC
FD0099,248.25,249.28,HC
FD0100,0.0,12.5,CG
FD0100,12.5,13.0,IF
FD0100,13.0,13.25,HF
FD0100,13.25,13.5,IF
FD0100,13.5,14.0,HF
FD0100,14.0,14.5,IF
FD0100,14.5,14.75,HF
FD0100,14.75,15.0,IF
FD0100,15.0,15.5,HF
FD0100,15.5,17.25,IF
FD0100,17.25,57.75,HF
FD0100,57.75,58.25,IF
FD0100,58.25,59.25,HF
FD0100,59.25,62.0,IF
FD0100,62.0,62.5,HF
FD0100,62.5,63.5,IF
FD0100,63.5,70.5,HF
FD0100,70.5,70.75,IF
FD0100,70.75,71.0,HF
FD0100,71.0,71.5,IF
FD0100,71.5,71.75,HF
FD0100,71.75,75.0,IF
FD0100,75.0,75.5,HF
FD0100,75.5,76.0,IF
FD0100,76.0,76.25,HF
FD0100,76.25,76.5,IF
FD0100,76.5,84.75,HF
FD0100,84.75,85.5,IF
FD0100,85.5,85.75,HF
FD0100,85.75,86.75,IF
FD0100,86.75,99.0,HF
FD0100,99.0,100.25,IF
FD0100,100.25,100.5,HF
FD0100,100.5,104.0,IF
FD0100,104.0,104.75,HF
FD0100,104.75,105.25,IF
FD0100,105.25,106.75,HF
FD0100,106.75,107.25,IF
FD0100,107.25,108.0,HF
FD0100,108.0,116.75,IF
FD0100,116.75,180.75,IC
FD0100,180.75,190.0,HC
FD0100,190.0,193.25,IC
FD0100,193.25,193.5,HC
FD0100,193.5,196.0,IC
FD0100,196.0,199.5,HC
FD0100,199.5,204.5,IC
FD0100,204.5,204.75,HC
FD0100,204.75,205.75,IC
FD0100,205.75,206.0,HC
FD0100,206.0,206.5,IC
FD0100,206.5,206.75,HC
FD0100,206.75,207.25,IC
FD0100,207.25,207.5,HC
FD0100,207.5,217.75,IC
FD0100,217.75,218.5,HC
FD0100,218.5,218.75,IC
FD0100,218.75,219.0,HC
FD0100,219.0,220.25,IC
FD0100,220.25,220.5,HC
FD0100,220.5,220.75,IC
FD0100,220.75,221.25,HC
FD0100,221.25,221.5,IC
FD0100,221.5,221.75,HC
FD0100,221.75,236.14,IC
FD0101,0.0,8.25,CG
FD0101,8.25,77.25,HF
FD0101,77.25,79.5,IF
FD0101,79.5,79.75,HF
FD0101,79.75,80.0,IF
FD0101,80.0,88.5,HF
FD0101,88.5,88.75,IF
FD0101,88.75,89.0,HF
FD0101,89.0,89.5,IF
FD0101,89.5,89.75,HF
FD0101,89.75,90.0,IF
FD0101,90.0,90.5,HF
FD0101,90.5,91.0,IF
FD0101,91.0,91.25,HF
FD0101,91.25,91.5,IF
FD0101,91.5,92.0,HF
FD0101,92.0,92.5,IF
FD0101,92.5,113.25,HF
FD0101,113.25,113.75,IF
FD0101,113.75,114.0,HF
FD0101,114.0,124.0,IF
FD0101,124.0,124.25,HF
FD0101,124.25,125.0,IF
FD0101,125.0,130.5,HF
FD0101,130.5,131.0,IF
FD0101,131.0,131.75,HF
FD0101,131.75,139.0,IF
FD0101,139.0,146.0,HF
FD0101,146.0,154.5,IC
FD0101,154.5,154.75,HC
FD0101,154.75,172.5,IC
FD0101,172.5,175.5,HC
FD0101,175.5,179.5,IC
FD0101,179.5,180.25,HC
FD0101,180.25,180.75,IC
FD0101,180.75,181.75,HC
FD0101,181.75,182.0,IC
FD0101,182.0,182.25,HC
FD0101,182.25,213.75,IC
FD0101,213.75,214.0,HC
FD0101,214.0,216.5,IC
FD0101,216.5,218.9,HC
FD0102,0.0,11.25,CG
FD0102,11.25,11.5,IF
FD0102,11.5,20.0,HF
FD0102,20.0,27.25,IF
FD0102,27.25,34.5,HF
FD0102,34.5,34.75,IF
FD0102,34.75,35.0,HF
FD0102,35.0,35.75,IF
FD0102,35.75,36.25,HF
FD0102,36.25,36.5,IF
FD0102,36.5,36.75,HF
FD0102,36.75,37.5,IF
FD0102,37.5,37.75,HF
FD0102,37.75,38.0,IF
FD0102,38.0,38.25,HF
FD0102,38.25,38.5,IF
FD0102,38.5,38.75,HF
FD0102,38.75,40.0,IF
FD0102,40.0,40.75,HF
FD0102,40.75,42.0,IF
FD0102,42.0,43.0,HF
FD0102,43.0,49.75,IF
FD0102,49.75,65.0,HF
FD0102,65.0,65.25,IF
FD0102,65.25,65.75,HF
FD0102,65.75,67.0,IF
FD0102,67.0,68.5,HF
FD0102,68.5,74.0,IF
FD0102,74.0,104.5,HF
FD0102,104.5,105.25,IF
FD0102,105.25,105.75,HF
FD0102,105.75,106.0,IF
FD0102,106.0,140.25,HF
FD0102,140.25,140.5,IF
FD0102,140.5,141.75,HF
FD0102,141.75,143.0,IF
FD0102,143.0,143.75,HF
FD0102,143.75,157.0,IF
FD0102,157.0,166.75,HF
FD0102,166.75,167.25,IF
FD0102,167.25,168.5,HF
FD0102,168.5,169.25,IF
FD0102,169.25,170.0,HF
FD0102,170.0,170.75,IC
FD0102,170.75,173.56,HF
FD0103,0.0,5.75,CG
FD0103,5.75,7.25,IF
FD0103,7.25,7.5,HF
FD0103,7.5,15.5,IF
FD0103,15.5,15.75,HF
FD0103,15.75,19.0,IF
FD0103,19.0,19.25,HF
FD0103,19.25,19.5,IF
FD0103,19.5,20.0,HF
FD0103,20.0,23.25,IF
FD0103,23.25,23.5,HF
FD0103,23.5,25.0,IF
FD0103,25.0,31.0,HF
FD0103,31.0,32.0,IC
FD0103,32.0,32.75,HF
FD0103,32.75,53.75,IC
FD0103,53.75,54.0,HC
FD0103,54.0,54.25,IC
FD0103,54.25,54.5,HC
FD0103,54.5,85.32,IC
FD0104,0.0,9.75,LAT
FD0104,9.75,10.5,MAF
FD0104,10.5,10.75,LAT
FD0104,10.75,17.5,MAF
FD0104,17.5,19.0,IC
FD0104,19.0,19.25,HC
FD0104,19.25,19.5,IC
FD0104,19.5,20.0,HC
FD0104,20.0,21.0,IC
FD0104,21.0,21.5,HC
FD0104,21.5,31.25,IC
FD0104,31.25,32.75,HC
FD0104,32.75,35.75,IC
FD0104,35.75,37.25,HC
FD0104,37.25,37.5,IC
FD0104,37.5,40.5,HC
FD0104,40.5,40.75,IC
FD0104,40.75,42.5,HC
FD0104,42.5,42.75,IC
FD0104,42.75,43.0,HC
FD0104,43.0,51.0,IC
FD0104,51.0,85.73,MAF
FD0105,0.0,19.5,HF
FD0105,19.5,19.75,IF
FD0105,19.75,23.5,HF
FD0105,23.5,23.75,IF
FD0105,23.75,24.0,HF
FD0105,24.0,24.75,IF
FD0105,24.75,27.0,HF
FD0105,27.0,27.5,IF
FD0105,27.5,27.75,HF
FD0105,27.75,28.0,IF
FD0105,28.0,29.0,HF
FD0105,29.0,29.25,IF
FD0105,29.25,29.5,HF
FD0105,29.5,29.75,IF
FD0105,29.75,30.0,HF
FD0105,30.0,31.5,IF
FD0105,31.5,31.75,HF
FD0105,31.75,32.0,IF
FD0105,32.0,32.5,HF
FD0105,32.5,35.75,IF
FD0105,35.75,37.25,HF
FD0105,37.25,37.5,IF
FD0105,37.5,37.75,HF
FD0105,37.75,38.0,IF
FD0105,38.0,38.5,HF
FD0105,38.5,38.75,IF
FD0105,38.75,46.0,HF
FD0105,46.0,56.5,IF
FD0105,56.5,65.75,IC
FD0105,65.75,66.5,HF
FD0105,66.5,66.75,HC
FD0105,66.75,71.25,IC
FD0105,71.25,71.5,HC
FD0105,71.5,75.0,IC
FD0105,75.0,77.5,HC
FD0105,77.5,78.25,IC
FD0105,78.25,78.5,HC
FD0105,78.5,79.25,IC
FD0105,79.25,79.75,HC
FD0105,79.75,80.5,IC
FD0105,80.5,80.75,HC
FD0105,80.75,92.5,IC
FD0105,92.5,93.25,HC
FD0105,93.25,153.5,IC
FD0105,153.5,153.75,HC
FD0105,153.75,165.75,IC
FD0105,165.75,166.75,HC
FD0105,166.75,167.0,IC
FD0105,167.0,171.92,HC
FD0106,0.0,4.75,CG
FD0106,4.75,20.25,HF
FD0106,20.25,20.5,IF
FD0106,20.5,20.75,HF
FD0106,20.75,22.0,IF
FD0106,22.0,24.5,HF
FD0106,24.5,25.0,IF
FD0106,25.0,27.25,HF
FD0106,27.25,27.75,IF
FD0106,27.75,28.0,HF
FD0106,28.0,28.25,IF
FD0106,28.25,31.5,HF
FD0106,31.5,41.0,IF
FD0106,41.0,42.0,HF
FD0106,42.0,42.25,IF
FD0106,42.25,43.75,HF
FD0106,43.75,46.5,IC
FD0106,46.5,52.0,HC
FD0106,52.0,52.5,IC
FD0106,52.5,52.75,HC
FD0106,52.75,54.75,IC
FD0106,54.75,55.0,HC
FD0106,55.0,56.25,IC
FD0106,56.25,56.5,HC
FD0106,56.5,60.0,IC
FD0106,60.0,61.25,HC
FD0106,61.25,61.5,IC
FD0106,61.5,65.5,HC
FD0106,65.5,65.75,IC
FD0106,65.75,67.75,HC
FD0106,67.75,122.5,IC
FD0106,122.5,122.75,HC
FD0106,122.75,123.25,IC
FD0106,123.25,124.25,HC
FD0106,124.25,141.0,IC
FD0106,141.0,141.25,HC
FD0106,141.25,147.0,IC
FD0106,147.0,147.25,HC
FD0106,147.25,147.5,IC
FD0106,147.5,154.0,HC
FD0106,154.0,176.75,IC
FD0106,176.75,177.0,HC
FD0106,177.0,181.25,IC
FD0106,181.25,181.5,HC
FD0106,181.5,182.0,IC
FD0106,182.0,183.0,HC
FD0106,183.0,184.0,IC
FD0106,184.0,184.25,HC
FD0106,184.25,186.0,IC
FD0106,186.0,186.5,HC
FD0106,186.5,187.5,IC
FD0106,187.5,187.75,HC
FD0106,187.75,188.0,IC
FD0106,188.0,188.25,HC
FD0106,188.25,192.25,IC
FD0106,192.25,224.59,MAF
FD0107,0.0,14.25,CG
FD0107,14.25,24.25,HF
FD0107,24.25,24.5,IF
FD0107,24.5,25.5,HF
FD0107,25.5,26.0,IF
FD0107,26.0,26.25,HF
FD0107,26.25,45.75,IF
FD0107,45.75,46.0,HF
FD0107,46.0,46.25,IF
FD0107,46.25,46.75,HF
FD0107,46.75,69.5,IF
FD0107,69.5,70.0,HF
FD0107,70.0,70.5,IF
FD0107,70.5,70.75,HF
FD0107,70.75,71.0,IF
FD0107,71.0,71.5,HF
FD0107,71.5,74.25,IF
FD0107,74.25,74.75,HF
FD0107,74.75,75.0,IF
FD0107,75.0,75.25,HF
FD0107,75.25,80.75,IF
FD0107,80.75,81.0,HF
FD0107,81.0,85.75,IF
FD0107,85.75,86.0,HF
FD0107,86.0,89.75,IF
FD0107,89.75,90.5,HF
FD0107,90.5,91.5,IF
FD0107,91.5,91.75,HF
FD0107,91.75,96.75,IF
FD0107,96.75,98.0,HF
FD0107,98.0,99.25,IF
FD0107,99.25,100.75,HF
FD0107,100.75,103.5,IF
FD0107,103.5,115.75,IC
FD0107,115.75,122.25,HC
FD0107,122.25,122.5,IC
FD0107,122.5,124.5,HC
FD0107,124.5,124.75,IC
FD0107,124.75,126.5,HC
FD0107,126.5,127.25,IC
FD0107,127.25,127.5,HC
FD0107,127.5,145.75,IC
FD0107,145.75,146.0,HC
FD0107,146.0,149.75,IC
FD0107,149.75,156.75,HC
FD0107,156.75,157.0,IC
FD0107,157.0,157.25,HC
FD0107,157.25,157.5,IC
FD0107,157.5,157.75,HC
FD0107,157.75,159.0,IC
FD0107,159.0,160.0,HC
FD0107,160.0,165.0,IC
FD0107,165.0,165.25,HC
FD0107,165.25,166.5,IC
FD0107,166.5,167.0,HC
FD0107,167.0,168.75,IC
FD0107,168.75,170.75,HC
FD0107,170.75,173.25,IC
FD0107,173.25,173.75,HC
FD0107,173.75,216.5,IC
FD0107,216.5,219.75,HC
FD0107,219.75,221.25,IC
FD0107,221.25,221.5,HC
FD0107,221.5,222.0,IC
FD0107,222.0,222.25,HC
FD0107,222.25,222.5,IC
FD0107,222.5,229.5,HC
FD0107,229.5,252.25,IC
FD0107,252.25,252.5,HC
FD0107,252.5,257.8,IC
FD0108,0.0,13.5,CG
FD0108,13.5,74.25,HF
FD0108,74.25,81.0,IF
FD0108,81.0,100.0,HF
FD0108,100.0,100.25,IF
FD0108,100.25,105.0,HF
FD0108,105.0,105.25,IF
FD0108,105.25,105.75,HF
FD0108,105.75,106.0,IF
FD0108,106.0,107.0,HF
FD0108,107.0,107.5,IF
FD0108,107.5,107.75,HF
FD0108,107.75,134.5,IF
FD0108,134.5,138.5,HF
FD0108,138.5,170.25,IC
FD0108,170.25,170.5,HC
FD0108,170.5,171.0,IC
FD0108,171.0,173.25,HC
FD0108,173.25,181.5,IC
FD0108,181.5,183.25,HC
FD0108,183.25,183.5,IC
FD0108,183.5,186.0,HC
FD0108,186.0,186.25,IC
FD0108,186.25,186.5,HC
FD0108,186.5,234.0,IC
FD0108,234.0,234.75,HC
FD0108,234.75,235.0,IC
FD0108,235.0,236.75,HC
FD0108,236.75,237.0,IC
FD0108,237.0,239.5,HC
FD0108,239.5,239.75,IC
FD0108,239.75,243.25,HC
FD0108,243.25,243.5,IC
FD0108,243.5,245.5,HC
FD0108,245.5,245.75,IC
FD0108,245.75,246.75,HC
FD0108,246.75,255.44,IC
FD0109,0.0,9.75,CG
FD0109,9.75,42.5,HF
FD0109,42.5,43.25,HC
FD0109,43.25,48.25,IC
FD0109,48.25,48.5,HC
FD0109,48.5,48.75,IC
FD0109,48.75,50.5,HC
FD0109,50.5,50.75,IC
FD0109,50.75,61.25,HC
FD0109,61.25,96.5,IC
FD0109,96.5,96.75,HC
FD0109,96.75,97.5,IC
FD0109,97.5,97.75,HC
FD0109,97.75,98.5,IC
FD0109,98.5,99.0,HC
FD0109,99.0,100.25,IC
FD0109,100.25,101.0,HC
FD0109,101.0,101.5,IC
FD0109,101.5,101.75,HC
FD0109,101.75,140.0,IC
FD0109,140.0,140.5,HC
FD0109,140.5,140.75,IC
FD0109,140.75,142.0,HC
FD0109,142.0,143.75,IC
FD0109,143.75,144.25,HC
FD0109,144.25,144.75,IC
FD0109,144.75,145.25,HC
FD0109,145.25,145.5,IC
FD0109,145.5,146.0,HC
FD0109,146.0,146.5,IC
FD0109,146.5,153.5,HC
FD0109,153.5,153.75,IC
FD0109,153.75,162.75,HC
FD0109,162.75,180.25,IC
FD0109,180.25,182.0,HC
FD0109,182.0,183.0,IC
FD0109,183.0,186.25,HC
FD0109,186.25,186.5,IC
FD0109,186.5,186.75,HC
FD0109,186.75,231.25,IC
FD0109,231.25,231.5,HC
FD0109,231.5,239.25,IC
FD0109,239.25,248.5,HC
FD0109,248.5,248.75,IC
FD0109,248.75,251.25,HC
FD0109,251.25,275.89,IC
FD0110,0.0,6.25,CG
FD0110,6.25,55.5,HF
FD0110,55.5,74.0,IC
FD0110,74.0,74.25,HC
FD0110,74.25,77.75,IC
FD0110,77.75,78.5,HC
FD0110,78.5,80.0,IC
FD0110,80.0,80.5,HC
FD0110,80.5,92.5,IC
FD0110,92.5,92.75,HC
FD0110,92.75,99.5,IC
FD0110,99.5,99.75,HC
FD0110,99.75,113.25,IC
FD0110,113.25,113.5,HC
FD0110,113.5,113.75,IC
FD0110,113.75,115.5,HC
FD0110,115.5,121.25,IC
FD0110,121.25,122.25,HC
FD0110,122.25,123.5,IC
FD0110,123.5,124.0,HC
FD0110,124.0,130.25,IC
FD0110,130.25,130.5,HC
FD0110,130.5,133.0,IC
FD0110,133.0,133.25,HC
FD0110,133.25,133.5,IC
FD0110,133.5,133.75,HC
FD0110,133.75,134.0,IC
FD0110,134.0,140.75,HC
FD0110,140.75,149.75,IC
FD0110,149.75,150.0,HC
FD0110,150.0,162.75,IC
FD0110,162.75,163.25,HC
FD0110,163.25,165.25,IC
FD0110,165.25,165.5,HC
FD0110,165.5,165.75,IC
FD0110,165.75,166.25,HC
FD0110,166.25,166.5,IC
FD0110,166.5,167.25,HC
FD0110,167.25,190.25,IC
FD0110,190.25,190.5,HC
FD0110,190.5,190.75,IC
FD0110,190.75,191.0,HC
FD0110,191.0,191.25,IC
FD0110,191.25,191.5,HC
FD0110,191.5,192.0,IC
FD0110,192.0,192.5,HC
FD0110,192.5,234.25,IC
FD0110,234.25,236.75,HC
FD0110,236.75,237.0,IC
FD0110,237.0,237.25,HC
FD0110,237.25,238.0,IC
FD0110,238.0,238.75,HC
FD0110,238.75,239.25,IC
FD0110,239.25,240.5,HC
FD0110,240.5,240.75,IC
FD0110,240.75,241.0,HC
FD0110,241.0,241.25,IC
FD0110,241.25,242.5,HC
FD0110,242.5,243.75,IC
FD0110,243.75,244.0,HC
FD0110,244.0,246.59,IC
FD0111,0.0,7.0,CG
FD0111,7.0,7.25,IF
FD0111,7.25,91.0,HF
FD0111,91.0,91.25,IF
FD0111,91.25,91.5,HF
FD0111,91.5,92.75,IF
FD0111,92.75,98.75,HF
FD0111,98.75,100.0,IF
FD0111,100.0,100.25,HF
FD0111,100.25,100.75,IF
FD0111,100.75,101.0,HF
FD0111,101.0,101.25,IF
FD0111,101.25,102.5,HF
FD0111,102.5,116.0,IF
FD0111,116.0,116.25,HF
FD0111,116.25,116.75,IC
FD0111,116.75,117.25,HC
FD0111,117.25,118.0,IC
FD0111,118.0,119.25,HC
FD0111,119.25,120.5,IC
FD0111,120.5,125.0,HC
FD0111,125.0,125.25,IC
FD0111,125.25,125.75,HC
FD0111,125.75,126.25,IC
FD0111,126.25,126.5,HC
FD0111,126.5,127.25,IC
FD0111,127.25,128.5,HC
FD0111,128.5,164.0,IC
FD0111,164.0,164.25,HC
FD0111,164.25,164.75,IC
FD0111,164.75,166.0,HC
FD0111,166.0,168.75,IC
FD0111,168.75,169.0,HC
FD0111,169.0,186.25,IC
FD0111,186.25,187.5,HC
FD0111,187.5,188.0,IC
FD0111,188.0,188.25,HC
FD0111,188.25,189.0,IC
FD0111,189.0,189.25,HC
FD0111,189.25,189.5,IC
FD0111,189.5,190.0,HC
FD0111,190.0,190.25,IC
FD0111,190.25,190.75,HC
FD0111,190.75,216.5,IC
FD0111,216.5,216.75,HC
FD0111,216.75,222.0,IC
FD0111,222.0,222.25,HC
FD0111,222.25,228.75,IC
FD0111,228.75,229.0,HC
FD0111,229.0,229.75,IC
FD0111,229.75,230.0,HC
FD0111,230.0,230.25,IC
FD0111,230.25,230.75,HC
FD0111,230.75,233.5,IC
FD0111,233.5,235.75,HC
FD0111,235.75,250.09,IC
FD0112,0.0,1.75,CG
FD0112,1.75,64.75,HF
FD0112,64.75,65.0,IF
FD0112,65.0,75.5,HF
FD0112,75.5,76.0,IF
FD0112,76.0,94.75,HF
FD0112,94.75,97.75,IC
FD0112,97.75,98.25,HC
FD0112,98.25,98.75,IC
FD0112,98.75,99.0,HC
FD0112,99.0,100.25,IC
FD0112,100.25,112.5,HC
FD0112,112.5,113.25,IC
FD0112,113.25,113.5,HC
FD0112,113.5,127.0,IC
FD0112,127.0,127.25,HC
FD0112,127.25,127.75,IC
FD0112,127.75,128.25,HC
FD0112,128.25,128.5,IC
FD0112,128.5,129.0,HC
FD0112,129.0,137.5,IC
FD0112,137.5,139.5,HC
FD0112,139.5,139.75,IC
FD0112,139.75,140.0,HC
FD0112,140.0,140.25,IC
FD0112,140.25,142.25,HC
FD0112,142.25,147.25,IC
FD0112,147.25,148.25,HC
FD0112,148.25,214.25,IC
FD0112,214.25,214.5,HC
FD0112,214.5,215.97,IC
FD0113,0.0,5.0,CG
FD0113,5.0,13.5,IF
FD0113,13.5,13.75,HF
FD0113,13.75,14.25,IF
FD0113,14.25,14.75,HF
FD0113,14.75,15.25,IF
FD0113,15.25,15.5,HF
FD0113,15.5,16.5,IF
FD0113,16.5,16.75,HF
FD0113,16.75,17.0,IF
FD0113,17.0,22.5,HF
FD0113,22.5,25.5,IF
FD0113,25.5,25.75,HF
FD0113,25.75,28.25,IF
FD0113,28.25,29.75,HC
FD0113,29.75,32.75,IC
FD0113,32.75,33.0,HC
FD0113,33.0,33.5,IC
FD0113,33.5,35.75,HC
FD0113,35.75,36.0,IC
FD0113,36.0,36.25,HC
FD0113,36.25,44.0,IC
FD0113,44.0,44.25,HC
FD0113,44.25,44.5,IC
FD0113,44.5,44.75,HC
FD0113,44.75,45.0,IC
FD0113,45.0,60.75,HC
FD0113,60.75,61.0,IC
FD0113,61.0,61.25,HC
FD0113,61.25,63.5,IC
FD0113,63.5,67.0,HC
FD0113,67.0,67.75,IC
FD0113,67.75,70.0,HC
FD0113,70.0,70.25,IC
FD0113,70.25,70.5,HC
FD0113,70.5,103.0,IC
FD0113,103.0,112.75,HC
FD0113,112.75,114.0,IC
FD0113,114.0,114.5,HC
FD0113,114.5,115.25,IC
FD0113,115.25,115.5,HC
FD0113,115.5,116.25,IC
FD0113,116.25,116.5,HC
FD0113,116.5,117.75,IC
FD0113,117.75,132.25,HC
FD0113,132.25,136.25,IC
FD0113,136.25,136.75,HC
FD0113,136.75,140.5,IC
FD0113,140.5,141.25,HC
FD0113,141.25,141.5,IC
FD0113,141.5,147.92,HC
FD0114,0.0,9.0,HF
FD0114,9.0,9.25,IF
FD0114,9.25,25.0,HF
FD0114,25.0,60.25,IC
FD0114,60.25,60.75,HC
FD0114,60.75,62.5,IC
FD0114,62.5,72.75,HC
FD0114,72.75,73.25,IC
FD0114,73.25,74.0,HC
FD0114,74.0,74.5,IC
FD0114,74.5,75.0,HC
FD0114,75.0,75.25,IC
FD0114,75.25,76.25,HC
FD0114,76.25,81.07,IC
FD0115,0.0,3.0,CG
FD0115,3.0,4.5,HF
FD0115,4.5,7.25,IC
FD0115,7.25,8.5,HC
FD0115,8.5,9.0,IC
FD0115,9.0,15.0,HF
FD0115,15.0,15.25,IC
FD0115,15.25,16.75,HC
FD0115,16.75,17.75,IC
FD0115,17.75,18.0,HC
FD0115,18.0,19.0,HF
FD0115,19.0,19.75,IC
FD0115,19.75,21.0,HF
FD0115,21.0,24.0,IC
FD0115,24.0,24.75,HF
FD0115,24.75,25.0,IF
FD0115,25.0,26.0,IC
FD0115,26.0,29.0,HF
FD0115,29.0,36.75,IC
FD0115,36.75,40.25,HC
FD0115,40.25,41.0,IC
FD0115,41.0,42.25,HC
FD0115,42.25,43.25,IC
FD0115,43.25,43.5,HC
FD0115,43.5,47.0,IC
FD0115,47.0,47.75,HC
FD0115,47.75,48.0,IC
FD0115,48.0,50.0,HC
FD0115,50.0,50.25,IC
FD0115,50.25,51.0,HC
FD0115,51.0,51.25,IC
FD0115,51.25,51.5,HC
FD0115,51.5,53.5,IC
FD0115,53.5,53.75,HC
FD0115,53.75,66.0,IC
FD0115,66.0,66.25,HC
FD0115,66.25,66.5,IC
FD0115,66.5,66.75,HC
FD0115,66.75,122.75,IC
FD0115,122.75,126.75,HC
FD0115,126.75,127.0,IC
FD0115,127.0,127.75,HC
FD0115,127.75,129.75,IC
FD0115,129.75,130.5,HC
FD0115,130.5,131.5,IC
FD0115,131.5,132.0,HC
FD0115,132.0,158.78,IC
FD0116,0.0,2.5,CG
FD0116,2.5,6.0,IF
FD0116,6.0,6.25,HF
FD0116,6.25,8.5,IF
FD0116,8.5,8.75,HF
FD0116,8.75,9.0,IF
FD0116,9.0,41.5,HF
FD0116,41.5,41.75,IF
FD0116,41.75,44.5,HF
FD0116,44.5,45.5,IF
FD0116,45.5,46.0,HF
FD0116,46.0,48.0,IF
FD0116,48.0,55.0,HF
FD0116,55.0,61.75,HC
FD0116,61.75,64.75,IC
FD0116,64.75,65.0,HC
FD0116,65.0,67.0,IC
FD0116,67.0,67.5,HC
FD0116,67.5,142.5,IC
FD0116,142.5,143.0,HC
FD0116,143.0,143.75,IC
FD0116,143.75,144.0,HC
FD0116,144.0,144.25,IC
FD0116,144.25,144.5,HC
FD0116,144.5,145.25,IC
FD0116,145.25,145.5,HC
FD0116,145.5,145.75,IC
FD0116,145.75,146.25,HC
FD0116,146.25,146.5,IC
FD0116,146.5,147.0,HC
FD0116,147.0,147.25,IC
FD0116,147.25,147.75,HC
FD0116,147.75,161.25,IC
FD0116,161.25,161.5,HC
FD0116,161.5,162.25,IC
FD0116,162.25,162.5,HC
FD0116,162.5,189.25,IC
FD0116,189.25,231.58,MAF
FD0117,0.0,1.75,CG
FD0117,1.75,21.75,HF
FD0117,21.75,22.0,IF
FD0117,22.0,23.0,HF
FD0117,23.0,23.5,IF
FD0117,23.5,23.75,HF
FD0117,23.75,24.0,IF
FD0117,24.0,24.5,HF
FD0117,24.5,24.75,IF
FD0117,24.75,27.5,HF
FD0117,27.5,28.5,IF
FD0117,28.5,28.75,HF
FD0117,28.75,29.25,IF
FD0117,29.25,29.5,HF
FD0117,29.5,39.25,IF
FD0117,39.25,43.75,HF
FD0117,43.75,44.25,IF
FD0117,44.25,46.0,HF
FD0117,46.0,47.5,IF
FD0117,47.5,68.75,HF
FD0117,68.75,69.25,IF
FD0117,69.25,70.0,HF
FD0117,70.0,74.0,IF
FD0117,74.0,74.5,HF
FD0117,74.5,75.5,IF
FD0117,75.5,76.0,HF
FD0117,76.0,76.75,IF
FD0117,76.75,91.75,HF
FD0117,91.75,92.25,IF
FD0117,92.25,93.25,HF
FD0117,93.25,93.5,IF
FD0117,93.5,95.0,HF
FD0117,95.0,95.75,IF
FD0117,95.75,101.0,HF
FD0117,101.0,101.75,IC
FD0117,101.75,102.0,HC
FD0117,102.0,105.25,IC
FD0117,105.25,105.5,HC
FD0117,105.5,114.25,IC
FD0117,114.25,114.5,HC
FD0117,114.5,115.0,IC
FD0117,115.0,115.25,HC
FD0117,115.25,121.75,IC
FD0117,121.75,122.0,HC
FD0117,122.0,125.25,IC
FD0117,125.25,125.75,HC
FD0117,125.75,144.5,IC
FD0117,144.5,150.5,HC
FD0117,150.5,150.75,IC
FD0117,150.75,154.75,HC
FD0117,154.75,155.25,IC
FD0117,155.25,156.0,HC
FD0117,156.0,167.75,IC
FD0117,167.75,168.0,HC
FD0117,168.0,188.0,IC
FD0117,188.0,188.5,HC
FD0117,188.5,188.75,IC
FD0117,188.75,189.0,HC
FD0117,189.0,196.75,IC
FD0117,196.75,200.0,HC
FD0117,200.0,229.75,IC
FD0117,229.75,230.0,HC
FD0117,230.0,230.5,IC
FD0117,230.5,231.5,HC
FD0117,231.5,238.6,IC
FD0118,0.0,2.0,CG
FD0118,2.0,27.75,HF
FD0118,27.75,28.0,IF
FD0118,28.0,28.25,HF
FD0118,28.25,30.0,IF
FD0118,30.0,30.5,HF
FD0118,30.5,30.75,IF
FD0118,30.75,31.75,HF
FD0118,31.75,32.0,IF
FD0118,32.0,34.75,HF
FD0118,34.75,35.0,IF
FD0118,35.0,36.25,HF
FD0118,36.25,36.5,IF
FD0118,36.5,39.25,HF
FD0118,39.25,39.5,IF
FD0118,39.5,39.75,HF
FD0118,39.75,40.25,IF
FD0118,40.25,40.5,HF
FD0118,40.5,40.75,IF
FD0118,40.75,43.25,HF
FD0118,43.25,43.75,IF
FD0118,43.75,62.5,HF
FD0118,62.5,65.75,IF
FD0118,65.75,66.0,HF
FD0118,66.0,66.5,IF
FD0118,66.5,72.5,HF
FD0118,72.5,77.75,IF
FD0118,77.75,82.0,HF
FD0118,82.0,82.25,IF
FD0118,82.25,83.25,HF
FD0118,83.25,83.5,IF
FD0118,83.5,85.0,HF
FD0118,85.0,85.25,IF
FD0118,85.25,99.0,HF
FD0118,99.0,104.5,IF
FD0118,104.5,104.75,HF
FD0118,104.75,105.0,IF
FD0118,105.0,107.0,HF
FD0118,107.0,112.75,IF
FD0118,112.75,115.75,IC
FD0118,115.75,116.0,HC
FD0118,116.0,184.5,IC
FD0118,184.5,184.75,HC
FD0118,184.75,264.5,IC
FD0118,264.5,265.35,HC
FD0119,0.0,8.5,CG
FD0119,8.5,62.0,HF
FD0119,62.0,63.0,IF
FD0119,63.0,64.0,HF
FD0119,64.0,64.25,IF
FD0119,64.25,68.0,HF
FD0119,68.0,68.5,IF
FD0119,68.5,76.75,HF
FD0119,76.75,83.5,IF
FD0119,83.5,83.75,HF
FD0119,83.75,84.5,IF
FD0119,84.5,87.25,HF
FD0119,87.25,97.5,IF
FD0119,97.5,134.25,IC
FD0119,134.25,135.75,HC
FD0119,135.75,143.75,IC
FD0119,143.75,145.0,HC
FD0119,145.0,149.5,IC
FD0119,149.5,149.75,HC
FD0119,149.75,150.5,IC
FD0119,150.5,151.25,HC
FD0119,151.25,151.5,IC
FD0119,151.5,151.75,HC
FD0119,151.75,152.25,IC
FD0119,152.25,161.25,HC
FD0119,161.25,236.75,IC
FD0119,236.75,238.0,HC
FD0119,238.0,257.23,IC
FD0120,0.0,12.0,CG
FD0120,12.0,66.0,HF
FD0120,66.0,66.5,IF
FD0120,66.5,66.75,HF
FD0120,66.75,67.0,IF
FD0120,67.0,67.5,HF
FD0120,67.5,68.5,IF
FD0120,68.5,69.5,HF
FD0120,69.5,70.0,IF
FD0120,70.0,73.0,HF
FD0120,73.0,73.5,IF
FD0120,73.5,84.0,HF
FD0120,84.0,84.25,IF
FD0120,84.25,86.0,HF
FD0120,86.0,90.75,IF
FD0120,90.75,91.0,HF
FD0120,91.0,95.25,IF
FD0120,95.25,96.0,HF
FD0120,96.0,96.25,IF
FD0120,96.25,97.25,HF
FD0120,97.25,101.5,IF
FD0120,101.5,101.75,HF
FD0120,101.75,102.25,IF
FD0120,102.25,103.25,HF
FD0120,103.25,104.25,IF
FD0120,104.25,104.5,HF
FD0120,104.5,134.25,IC
FD0120,134.25,134.5,HC
FD0120,134.5,134.75,IC
FD0120,134.75,142.0,HC
FD0120,142.0,142.25,IC
FD0120,142.25,159.5,HC
FD0120,159.5,163.5,IC
FD0120,163.5,165.25,HC
FD0120,165.25,165.75,IC
FD0120,165.75,166.0,HC
FD0120,166.0,167.5,IC
FD0120,167.5,167.75,HC
FD0120,167.75,170.0,IC
FD0120,170.0,170.25,HC
FD0120,170.25,170.5,IC
FD0120,170.5,171.0,HC
FD0120,171.0,171.25,IC
FD0120,171.25,172.5,HC
FD0120,172.5,172.75,IC
FD0120,172.75,175.25,HC
FD0120,175.25,186.25,IC
FD0120,186.25,190.25,HC
FD0120,190.25,190.75,IC
FD0120,190.75,191.0,HC
FD0120,191.0,197.5,IC
FD0120,197.5,198.0,HC
FD0120,198.0,198.25,IC
FD0120,198.25,198.5,HC
FD0120,198.5,201.25,IC
FD0120,201.25,201.5,HC
FD0120,201.5,202.5,IC
FD0120,202.5,203.0,HC
FD0120,203.0,203.25,IC
FD0120,203.25,203.5,HC
FD0120,203.5,204.0,IC
FD0120,204.0,204.25,HC
FD0120,204.25,204.5,IC
FD0120,204.5,204.75,HC
FD0120,204.75,205.0,IC
FD0120,205.0,205.75,HC
FD0120,205.75,207.25,IC
FD0120,207.25,208.0,HC
FD0120,208.0,208.25,IC
FD0120,208.25,214.75,HC
FD0120,214.75,215.0,IC
FD0120,215.0,216.5,HC
FD0120,216.5,216.75,IC
FD0120,216.75,217.0,HC
FD0120,217.0,218.25,IC
FD0120,218.25,218.5,HC
FD0120,218.5,221.75,IC
FD0120,221.75,224.5,HC
FD0120,224.5,224.75,IC
FD0120,224.75,225.0,HC
FD0120,225.0,226.75,IC
FD0120,226.75,228.25,HC
FD0120,228.25,234.25,IC
FD0120,234.25,235.5,HC
FD0120,235.5,273.76,IC
FD0121,0.0,7.5,CG
FD0121,7.5,46.25,HF
FD0121,46.25,91.0,IC
FD0121,91.0,91.25,HC
FD0121,91.25,91.75,IC
FD0121,91.75,92.0,HC
FD0121,92.0,92.25,IC
FD0121,92.25,92.75,HC
FD0121,92.75,93.0,IC
FD0121,93.0,93.25,HC
FD0121,93.25,111.75,IC
FD0121,111.75,112.0,HC
FD0121,112.0,134.0,IC
FD0121,134.0,134.25,HC
FD0121,134.25,136.0,IC
FD0121,136.0,136.5,HC
FD0121,136.5,136.75,IC
FD0121,136.75,137.0,HC
FD0121,137.0,138.25,IC
FD0121,138.25,139.0,HC
FD0121,139.0,157.0,IC
FD0121,157.0,157.25,HC
FD0121,157.25,158.5,IC
FD0121,158.5,158.75,HC
FD0121,158.75,161.75,IC
FD0121,161.75,162.0,HC
FD0121,162.0,162.25,IC
FD0121,162.25,163.5,HC
FD0121,163.5,164.25,IC
FD0121,164.25,164.5,HC
FD0121,164.5,206.5,IC
FD0121,206.5,216.24,HC
FD0122,0.0,7.0,CG
FD0122,7.0,20.0,HF
FD0122,20.0,20.25,IF
FD0122,20.25,23.0,HF
FD0122,23.0,23.75,IF
FD0122,23.75,24.75,HF
FD0122,24.75,25.0,IF
FD0122,25.0,26.5,HF
FD0122,26.5,26.75,IF
FD0122,26.75,34.25,HF
FD0122,34.25,34.5,IF
FD0122,34.5,37.75,HF
FD0122,37.75,38.75,IC
FD0122,38.75,39.25,HC
FD0122,39.25,39.5,IC
FD0122,39.5,40.0,HC
FD0122,40.0,67.5,IC
FD0122,67.5,67.75,HC
FD0122,67.75,71.5,IC
FD0122,71.5,72.25,HC
FD0122,72.25,72.5,IC
FD0122,72.5,72.75,HC
FD0122,72.75,77.25,IC
FD0122,77.25,77.5,HC
FD0122,77.5,77.75,IC
FD0122,77.75,79.5,HC
FD0122,79.5,79.75,IC
FD0122,79.75,80.25,HC
FD0122,80.25,86.75,IC
FD0122,86.75,87.0,HC
FD0122,87.0,87.25,IC
FD0122,87.25,87.75,HC
FD0122,87.75,88.25,IC
FD0122,88.25,88.5,HC
FD0122,88.5,88.75,IC
FD0122,88.75,106.0,HC
FD0122,106.0,199.05,IC
FD0123,0.0,8.25,CG
FD0123,8.25,10.75,HF
FD0123,10.75,22.0,IF
FD0123,22.0,24.0,IC
FD0123,24.0,24.25,HC
FD0123,24.25,25.5,IC
FD0123,25.5,26.0,HC
FD0123,26.0,26.75,IF
FD0123,26.75,27.0,IC
FD0123,27.0,28.0,IF
FD0123,28.0,28.5,HF
FD0123,28.5,37.75,IF
FD0123,37.75,38.0,HC
FD0123,38.0,38.25,IC
FD0123,38.25,38.5,HC
FD0123,38.5,38.75,IC
FD0123,38.75,39.0,HC
FD0123,39.0,40.0,IC
FD0123,40.0,40.25,HC
FD0123,40.25,43.25,IC
FD0123,43.25,43.5,HC
FD0123,43.5,45.75,IC
FD0123,45.75,46.0,HC
FD0123,46.0,48.0,IC
FD0123,48.0,48.5,HC
FD0123,48.5,52.75,IC
FD0123,52.75,53.0,HC
FD0123,53.0,53.25,IC
FD0123,53.25,53.5,HC
FD0123,53.5,54.25,IC
FD0123,54.25,54.5,HC
FD0123,54.5,56.0,IC
FD0123,56.0,56.25,HC
FD0123,56.25,56.5,IC
FD0123,56.5,57.0,HC
FD0123,57.0,57.25,IC
FD0123,57.25,57.5,HC
FD0123,57.5,67.25,IC
FD0123,67.25,68.5,HC
FD0123,68.5,74.0,IC
FD0123,74.0,74.75,HC
FD0123,74.75,75.0,IC
FD0123,75.0,75.25,HC
FD0123,75.25,78.25,IC
FD0123,78.25,79.5,HC
FD0123,79.5,79.75,IC
FD0123,79.75,80.0,HC
FD0123,80.0,80.25,IC
FD0123,80.25,81.0,HC
FD0123,81.0,85.0,IC
FD0123,85.0,85.75,HC
FD0123,85.75,89.75,IC
FD0123,89.75,90.25,HC
FD0123,90.25,90.5,IC
FD0123,90.5,90.75,HC
FD0123,90.75,91.0,IC
FD0123,91.0,95.5,HC
FD0123,95.5,95.75,IC
FD0123,95.75,96.75,HC
FD0123,96.75,97.0,IC
FD0123,97.0,97.25,HC
FD0123,97.25,97.5,IC
FD0123,97.5,99.0,HC
FD0123,99.0,102.75,IC
FD0123,102.75,123.75,HC
FD0123,123.75,125.0,IC
FD0123,125.0,125.25,HC
FD0123,125.25,145.25,IC
FD0123,145.25,145.5,HC
FD0123,145.5,146.0,IC
FD0123,146.0,148.25,HC
FD0123,148.25,148.5,IC
FD0123,148.5,149.0,HC
FD0123,149.0,165.4,IC
FD0124,0.0,5.75,IF
FD0124,5.75,6.25,IC
FD0124,6.25,7.5,IF
FD0124,7.5,80.01,IC
FD0125,0.0,5.5,CG
FD0125,5.5,13.0,HF
FD0125,13.0,13.25,IF
FD0125,13.25,14.0,HF
FD0125,14.0,14.25,IF
FD0125,14.25,14.5,HF
FD0125,14.5,14.75,IF
FD0125,14.75,22.25,HF
FD0125,22.25,22.5,IF
FD0125,22.5,23.0,HF
FD0125,23.0,25.5,IF
FD0125,25.5,27.25,HF
FD0125,27.25,27.5,IF
FD0125,27.5,28.0,HF
FD0125,28.0,32.25,IF
FD0125,32.25,32.5,HF
FD0125,32.5,33.0,IF
FD0125,33.0,33.25,HF
FD0125,33.25,33.5,IF
FD0125,33.5,36.5,HF
FD0125,36.5,41.5,IF
FD0125,41.5,42.0,HF
FD0125,42.0,45.0,HC
FD0125,45.0,45.25,IC
FD0125,45.25,46.0,IF
FD0125,46.0,50.75,IC
FD0125,50.75,52.5,HF
FD0125,52.5,53.25,IC
FD0125,53.25,54.5,IF
FD0125,54.5,59.5,IC
FD0125,59.5,60.0,IF
FD0125,60.0,62.5,IC
FD0125,62.5,67.0,IF
FD0125,67.0,69.25,IC
FD0125,69.25,69.5,IF
FD0125,69.5,113.0,IC
FD0125,113.0,113.75,HC
FD0125,113.75,117.0,IC
FD0125,117.0,117.5,HC
FD0125,117.5,183.64,IC
FD0126,0.0,4.25,CG
FD0126,4.25,4.5,IF
FD0126,4.5,5.0,HF
FD0126,5.0,5.25,IF
FD0126,5.25,6.25,HF
FD0126,6.25,6.75,IF
FD0126,6.75,7.0,HF
FD0126,7.0,9.0,IF
FD0126,9.0,9.5,HF
FD0126,9.5,9.75,IF
FD0126,9.75,17.25,HF
FD0126,17.25,17.5,IF
FD0126,17.5,23.5,HF
FD0126,23.5,23.75,IF
FD0126,23.75,24.0,HF
FD0126,24.0,32.0,IF
FD0126,32.0,37.25,HF
FD0126,37.25,43.0,IF
FD0126,43.0,43.75,HF
FD0126,43.75,44.25,IF
FD0126,44.25,45.0,HF
FD0126,45.0,69.75,IC
FD0126,69.75,75.5,HC
FD0126,75.5,76.0,IC
FD0126,76.0,76.25,HC
FD0126,76.25,79.5,IC
FD0126,79.5,79.75,HC
FD0126,79.75,80.0,IC
FD0126,80.0,81.0,HC
FD0126,81.0,81.75,IC
FD0126,81.75,82.0,HC
FD0126,82.0,82.25,IC
FD0126,82.25,82.5,HC
FD0126,82.5,83.25,IC
FD0126,83.25,83.5,HC
FD0126,83.5,97.25,IC
FD0126,97.25,97.5,HC
FD0126,97.5,98.0,IC
FD0126,98.0,105.5,HC
FD0126,105.5,111.25,IC
FD0126,111.25,112.75,HC
FD0126,112.75,113.75,IC
FD0126,113.75,114.25,HC
FD0126,114.25,114.5,IC
FD0126,114.5,117.75,HC
FD0126,117.75,118.0,IC
FD0126,118.0,121.75,HC
FD0126,121.75,122.25,IC
FD0126,122.25,123.0,HC
FD0126,123.0,123.25,IC
FD0126,123.25,124.0,HC
FD0126,124.0,185.25,IC
FD0126,185.25,204.84,MAF
FD0127,0.0,56.25,HF
FD0127,56.25,102.25,IC
FD0127,102.25,109.5,HC
FD0127,109.5,110.75,IC
FD0127,110.75,111.0,HC
FD0127,111.0,112.0,IC
FD0127,112.0,115.25,HC
FD0127,115.25,115.75,IC
FD0127,115.75,116.5,HC
FD0127,116.5,117.5,IC
FD0127,117.5,117.75,HC
FD0127,117.75,125.75,IC
FD0127,125.75,129.25,HC
FD0127,129.25,129.75,IC
FD0127,129.75,130.0,HC
FD0127,130.0,171.0,IC
FD0127,171.0,171.25,HC
FD0127,171.25,172.0,IC
FD0127,172.0,172.5,HC
FD0127,172.5,174.5,IC
FD0127,174.5,181.5,HC
FD0127,181.5,181.75,IC
FD0127,181.75,182.25,HC
FD0127,182.25,188.75,IC
FD0127,188.75,189.0,HC
FD0127,189.0,189.25,IC
FD0127,189.25,192.25,HC
FD0127,192.25,193.0,IC
FD0127,193.0,193.25,HC
FD0127,193.25,195.25,IC
FD0127,195.25,195.75,HC
FD0127,195.75,196.0,IC
FD0127,196.0,200.75,HC
FD0127,200.75,241.5,IC
FD0127,241.5,242.0,HC
FD0127,242.0,242.25,IC
FD0127,242.25,245.25,HC
FD0127,245.25,245.75,IC
FD0127,245.75,246.0,HC
FD0127,246.0,249.03,IC
FD0128,0.0,0.25,CG
FD0128,0.25,17.75,HF
FD0128,17.75,19.0,IF
FD0128,19.0,19.25,HF
FD0128,19.25,19.5,IF
FD0128,19.5,31.5,HF
FD0128,31.5,33.25,IF
FD0128,33.25,38.0,HF
FD0128,38.0,39.0,IF
FD0128,39.0,39.5,HF
FD0128,39.5,43.75,IF
FD0128,43.75,44.25,HF
FD0128,44.25,44.5,IF
FD0128,44.5,50.75,HF
FD0128,50.75,51.0,IF
FD0128,51.0,51.25,HF
FD0128,51.25,71.5,IF
FD0128,71.5,74.75,HF
FD0128,74.75,80.25,IF
FD0128,80.25,80.5,HF
FD0128,80.5,81.0,IF
FD0128,81.0,85.0,HF
FD0128,85.0,103.25,IC
FD0128,103.25,107.0,HC
FD0128,107.0,107.5,IC
FD0128,107.5,109.75,HC
FD0128,109.75,110.0,IC
FD0128,110.0,113.0,HC
FD0128,113.0,117.25,IC
FD0128,117.25,117.75,HC
FD0128,117.75,119.0,IC
FD0128,119.0,119.25,HC
FD0128,119.25,135.0,IC
FD0128,135.0,135.25,HC
FD0128,135.25,135.75,IC
FD0128,135.75,136.25,HC
FD0128,136.25,136.5,IC
FD0128,136.5,136.75,HC
FD0128,136.75,137.25,IC
FD0128,137.25,146.25,HC
FD0128,146.25,148.25,IC
FD0128,148.25,148.5,HC
FD0128,148.5,149.0,IC
FD0128,149.0,149.75,HC
FD0128,149.75,159.5,IC
FD0128,159.5,167.25,HC
FD0128,167.25,180.75,IC
FD0128,180.75,181.5,HC
FD0128,181.5,182.75,IC
FD0128,182.75,183.25,HC
FD0128,183.25,185.0,IC
FD0128,185.0,185.25,HC
FD0128,185.25,194.5,IC
FD0128,194.5,204.0,HC
FD0128,204.0,208.5,IC
FD0128,208.5,208.75,HC
FD0128,208.75,209.0,IC
FD0128,209.0,209.75,HC
FD0128,209.75,210.0,IC
FD0128,210.0,210.5,HC
FD0128,210.5,245.75,IC
FD0128,245.75,263.25,HC
FD0128,263.25,263.5,IC
FD0128,263.5,264.0,HC
FD0128,264.0,264.5,IC
FD0128,264.5,264.75,HC
FD0128,264.75,265.0,IC
FD0128,265.0,266.5,HC
FD0128,266.5,267.75,IC
FD0128,267.75,268.0,HC
FD0128,268.0,276.25,IC
FD0128,276.25,276.59,HC
FD0129,0.0,1.5,CG
FD0129,1.5,46.5,HF
FD0129,46.5,47.0,IF
FD0129,47.0,49.25,HF
FD0129,49.25,49.5,IF
FD0129,49.5,75.0,HF
FD0129,75.0,75.5,IF
FD0129,75.5,76.0,HF
FD0129,76.0,76.25,IF
FD0129,76.25,76.5,HF
FD0129,76.5,85.75,IF
FD0129,85.75,86.0,HF
FD0129,86.0,86.5,IF
FD0129,86.5,88.0,HF
FD0129,88.0,91.5,IF
FD0129,91.5,92.25,HF
FD0129,92.25,95.25,IF
FD0129,95.25,95.75,HF
FD0129,95.75,96.0,IF
FD0129,96.0,96.25,HF
FD0129,96.25,97.5,IF
FD0129,97.5,98.0,HF
FD0129,98.0,98.75,IF
FD0129,98.75,104.25,HF
FD0129,104.25,104.5,IF
FD0129,104.5,105.25,HF
FD0129,105.25,106.25,IF
FD0129,106.25,106.5,HF
FD0129,106.5,106.75,IF
FD0129,106.75,107.25,HF
FD0129,107.25,107.5,IF
FD0129,107.5,108.75,HF
FD0129,108.75,110.0,IF
FD0129,110.0,111.0,HF
FD0129,111.0,112.0,IF
FD0129,112.0,112.25,HF
FD0129,112.25,113.75,IF
FD0129,113.75,114.25,HF
FD0129,114.25,119.5,IF
FD0129,119.5,119.75,HF
FD0129,119.75,120.25,IF
FD0129,120.25,122.25,HF
FD0129,122.25,129.75,IF
FD0129,129.75,130.5,HF
FD0129,130.5,132.5,IF
FD0129,132.5,134.5,HF
FD0129,134.5,134.75,IF
FD0129,134.75,135.0,HF
FD0129,135.0,135.25,IF
FD0129,135.25,136.0,HF
FD0129,136.0,163.5,IC
FD0129,163.5,164.0,HC
FD0129,164.0,169.0,IC
FD0129,169.0,169.25,HC
FD0129,169.25,170.0,IC
FD0129,170.0,170.25,HC
FD0129,170.25,172.0,IC
FD0129,172.0,172.5,HC
FD0129,172.5,172.75,IC
FD0129,172.75,173.5,HC
FD0129,173.5,174.25,IC
FD0129,174.25,174.5,HC
FD0129,174.5,175.75,IC
FD0129,175.75,176.0,HC
FD0129,176.0,184.0,IC
FD0129,184.0,186.25,HC
FD0129,186.25,186.5,IC
FD0129,186.5,187.5,HC
FD0129,187.5,187.75,IC
FD0129,187.75,189.5,HC
FD0129,189.5,210.0,IC
FD0129,210.0,216.5,HC
FD0129,216.5,216.75,IC
FD0129,216.75,218.0,HC
FD0129,218.0,230.0,IC
FD0129,230.0,230.75,HC
FD0129,230.75,231.0,IC
FD0129,231.0,231.25,HC
FD0129,231.25,231.5,IC
FD0129,231.5,236.25,HC
FD0129,236.25,256.93,IC
FD0130,0.0,10.0,CG
FD0130,10.0,82.5,HF
FD0130,82.5,83.0,IF
FD0130,83.0,83.25,HF
FD0130,83.25,89.75,IF
FD0130,89.75,90.25,HF
FD0130,90.25,90.5,IF
FD0130,90.5,90.75,HF
FD0130,90.75,104.0,IF
FD0130,104.0,104.5,HF
FD0130,104.5,105.75,IF
FD0130,105.75,106.0,HF
FD0130,106.0,106.5,IF
FD0130,106.5,107.25,HF
FD0130,107.25,115.5,IF
FD0130,115.5,115.75,HF
FD0130,115.75,116.0,IF
FD0130,116.0,118.25,HF
FD0130,118.25,126.25,IF
FD0130,126.25,126.5,HF
FD0130,126.5,126.75,IF
FD0130,126.75,142.75,HF
FD0130,142.75,150.75,IC
FD0130,150.75,151.0,HC
FD0130,151.0,153.0,IC
FD0130,153.0,153.25,HC
FD0130,153.25,155.75,IC
FD0130,155.75,163.5,HC
FD0130,163.5,183.5,IC
FD0130,183.5,188.0,HC
FD0130,188.0,188.25,IC
FD0130,188.25,189.0,HC
FD0130,189.0,190.25,IC
FD0130,190.25,196.5,HC
FD0130,196.5,196.75,IC
FD0130,196.75,197.5,HC
FD0130,197.5,198.25,IC
FD0130,198.25,198.5,HC
FD0130,198.5,198.75,IC
FD0130,198.75,199.5,HC
FD0130,199.5,199.75,IC
FD0130,199.75,200.0,HC
FD0130,200.0,201.25,IC
FD0130,201.25,202.0,HC
FD0130,202.0,202.25,IC
FD0130,202.25,204.75,HC
FD0130,204.75,254.91,IC
FD0131,0.0,11.25,CG
FD0131,11.25,80.0,HF
FD0131,80.0,80.25,IF
FD0131,80.25,106.75,IC
FD0131,106.75,107.25,HC
FD0131,107.25,109.75,IC
FD0131,109.75,110.25,HC
FD0131,110.25,145.5,IC
FD0131,145.5,145.75,HC
FD0131,145.75,149.5,IC
FD0131,149.5,149.75,HC
FD0131,149.75,150.0,IC
FD0131,150.0,150.5,HC
FD0131,150.5,151.5,IC
FD0131,151.5,151.75,HC
FD0131,151.75,152.0,IC
FD0131,152.0,152.5,HC
FD0131,152.5,153.0,IC
FD0131,153.0,153.25,HC
FD0131,153.25,156.0,IC
FD0131,156.0,158.0,HC
FD0131,158.0,158.75,IC
FD0131,158.75,159.75,HC
FD0131,159.75,160.25,IC
FD0131,160.25,160.75,HC
FD0131,160.75,162.5,IC
FD0131,162.5,164.0,HC
FD0131,164.0,164.25,IC
FD0131,164.25,164.75,HC
FD0131,164.75,175.5,IC
FD0131,175.5,176.75,HC
FD0131,176.75,177.0,IC
FD0131,177.0,177.5,HC
FD0131,177.5,178.25,IC
FD0131,178.25,178.75,HC
FD0131,178.75,179.25,IC
FD0131,179.25,179.5,HC
FD0131,179.5,181.25,IC
FD0131,181.25,181.5,HC
FD0131,181.5,188.75,IC
FD0131,188.75,191.25,HC
FD0131,191.25,191.75,IC
FD0131,191.75,192.0,HC
FD0131,192.0,197.75,IC
FD0131,197.75,199.75,HC
FD0131,199.75,200.0,IC
FD0131,200.0,200.5,HC
FD0131,200.5,208.75,IC
FD0131,208.75,209.0,HC
FD0131,209.0,209.5,IC
FD0131,209.5,209.75,HC
FD0131,209.75,213.25,IC
FD0131,213.25,214.25,HC
FD0131,214.25,215.0,IC
FD0131,215.0,215.25,HC
FD0131,215.25,220.25,IC
FD0131,220.25,220.5,HC
FD0131,220.5,220.75,IC
FD0131,220.75,221.0,HC
FD0131,221.0,222.0,IC
FD0131,222.0,222.75,HC
FD0131,222.75,226.13,IC
FD0132,0.0,23.25,HF
FD0132,23.25,23.5,IF
FD0132,23.5,34.25,HF
FD0132,34.25,35.25,IF
FD0132,35.25,36.0,HF
FD0132,36.0,39.0,IF
FD0132,39.0,39.25,HF
FD0132,39.25,43.5,IF
FD0132,43.5,43.75,HF
FD0132,43.75,44.0,IF
FD0132,44.0,54.25,HF
FD0132,54.25,67.75,IC
FD0132,67.75,68.0,HC
FD0132,68.0,68.75,IC
FD0132,68.75,69.25,HC
FD0132,69.25,69.5,IC
FD0132,69.5,70.75,HC
FD0132,70.75,71.0,IC
FD0132,71.0,71.25,HC
FD0132,71.25,73.0,IC
FD0132,73.0,73.25,HC
FD0132,73.25,139.0,IC
FD0132,139.0,139.25,HC
FD0132,139.25,142.25,IC
FD0132,142.25,142.5,HC
FD0132,142.5,142.75,IC
FD0132,142.75,144.0,HC
FD0132,144.0,175.24,IC
FD0133,0.0,8.0,CG
FD0133,8.0,27.5,HF
FD0133,27.5,31.75,IC
FD0133,31.75,32.5,HF
FD0133,32.5,33.0,IC
FD0133,33.0,33.5,HC
FD0133,33.5,33.75,IC
FD0133,33.75,44.25,HF
FD0133,44.25,44.5,IF
FD0133,44.5,45.0,HF
FD0133,45.0,45.5,IF
FD0133,45.5,47.0,HF
FD0133,47.0,49.25,IC
FD0133,49.25,50.25,HF
FD0133,50.25,50.5,IF
FD0133,50.5,50.75,HF
FD0133,50.75,51.5,IF
FD0133,51.5,52.75,HF
FD0133,52.75,54.0,IC
FD0133,54.0,54.5,HF
FD0133,54.5,62.5,IC
FD0133,62.5,62.75,HC
FD0133,62.75,63.25,IC
FD0133,63.25,65.0,HC
FD0133,65.0,66.5,IC
FD0133,66.5,69.0,HC
FD0133,69.0,69.25,IC
FD0133,69.25,69.5,HC
FD0133,69.5,69.75,IC
FD0133,69.75,70.0,HC
FD0133,70.0,100.75,IC
FD0133,100.75,109.0,HC
FD0133,109.0,109.5,IC
FD0133,109.5,109.75,HC
FD0133,109.75,139.07,IC
FD0134,0.0,3.25,LAT
FD0134,3.25,16.75,MAF
FD0134,16.75,60.25,IC
FD0134,60.25,64.61,HC
FD0135,0.0,10.25,IF
FD0135,10.25,10.5,HF
FD0135,10.5,11.5,IF
FD0135,11.5,12.25,HF
FD0135,12.25,12.75,IF
FD0135,12.75,13.0,HF
FD0135,13.0,13.25,IF
FD0135,13.25,15.5,HF
FD0135,15.5,15.75,IF
FD0135,15.75,16.75,HF
FD0135,16.75,17.25,IF
FD0135,17.25,18.25,HF
FD0135,18.25,19.0,IF
FD0135,19.0,19.5,HF
FD0135,19.5,19.75,IF
FD0135,19.75,20.0,HF
FD0135,20.0,21.0,IF
FD0135,21.0,21.5,HF
FD0135,21.5,24.25,IF
FD0135,24.25,25.25,HF
FD0135,25.25,75.25,IC
FD0135,75.25,77.5,HC
FD0135,77.5,78.5,IC
FD0135,78.5,78.75,HC
FD0135,78.75,79.0,IC
FD0135,79.0,80.0,HC
FD0135,80.0,80.5,IC
FD0135,80.5,81.0,HC
FD0135,81.0,81.25,IC
FD0135,81.25,81.5,HC
FD0135,81.5,82.75,IC
FD0135,82.75,83.0,HC
FD0135,83.0,84.5,IC
FD0135,84.5,84.75,HC
FD0135,84.75,85.25,IC
FD0135,85.25,87.0,HC
FD0135,87.0,87.25,IC
FD0135,87.25,88.5,HC
FD0135,88.5,88.75,IC
FD0135,88.75,89.0,HC
FD0135,89.0,89.25,IC
FD0135,89.25,89.5,HC
FD0135,89.5,97.5,IC
FD0135,97.5,98.0,HC
FD0135,98.0,98.25,IC
FD0135,98.25,118.0,HC
FD0135,118.0,158.0,IC
FD0135,158.0,225.22,MAF
FD0136,0.0,6.75,HF
FD0136,6.75,7.0,IF
FD0136,7.0,7.25,HF
FD0136,7.25,8.0,IF
FD0136,8.0,9.0,HF
FD0136,9.0,9.25,IF
FD0136,9.25,9.5,HF
FD0136,9.5,10.0,IF
FD0136,10.0,10.25,HF
FD0136,10.25,17.0,IF
FD0136,17.0,20.25,HF
FD0136,20.25,21.25,HC
FD0136,21.25,32.75,IC
FD0136,32.75,33.0,HC
FD0136,33.0,33.75,IC
FD0136,33.75,34.0,HC
FD0136,34.0,88.75,IC
FD0136,88.75,89.25,HC
FD0136,89.25,94.75,IC
FD0136,94.75,95.0,HC
FD0136,95.0,95.25,IC
FD0136,95.25,111.5,HC
FD0136,111.5,111.75,IC
FD0136,111.75,112.75,HC
FD0136,112.75,114.5,IC
FD0136,114.5,114.75,HC
FD0136,114.75,116.0,IC
FD0136,116.0,116.75,HC
FD0136,116.75,118.0,IC
FD0136,118.0,126.0,HC
FD0136,126.0,126.5,IC
FD0136,126.5,127.0,HC
FD0136,127.0,127.25,IC
FD0136,127.25,129.25,HC
FD0136,129.25,134.0,IC
FD0136,134.0,134.25,HC
FD0136,134.25,137.25,IC
FD0136,137.25,138.25,HC
FD0136,138.25,138.75,IC
FD0136,138.75,139.5,HC
FD0136,139.5,147.5,IC
FD0136,147.5,147.75,HC
FD0136,147.75,149.0,IC
FD0136,149.0,149.25,HC
FD0136,149.25,151.75,IC
FD0136,151.75,152.25,HC
FD0136,152.25,152.75,IC
FD0136,152.75,153.25,HC
FD0136,153.25,174.0,IC
FD0136,174.0,174.25,HC
FD0136,174.25,241.0,IC
FD0136,241.0,259.25,MAF
FD0137,0.0,27.0,IC
FD0137,27.0,27.25,HC
FD0137,27.25,27.5,IC
FD0137,27.5,27.75,HC
FD0137,27.75,29.75,IC
FD0137,29.75,30.0,HC
FD0137,30.0,30.75,IC
FD0137,30.75,31.5,HC
FD0137,31.5,31.75,IC
FD0137,31.75,33.75,HC
FD0137,33.75,42.5,IC
FD0137,42.5,42.75,HC
FD0137,42.75,43.0,IC
FD0137,43.0,43.25,HC
FD0137,43.25,43.5,IC
FD0137,43.5,47.0,HC
FD0137,47.0,47.75,IC
FD0137,47.75,50.75,HC
FD0137,50.75,51.0,IC
FD0137,51.0,51.25,HC
FD0137,51.25,105.75,IC
FD0137,105.75,118.5,HC
FD0137,118.5,161.25,IC
FD0137,161.25,161.5,HC
FD0137,161.5,258.0,IC
FD0137,258.0,259.25,HC
FD0137,259.25,260.0,IC
FD0137,260.0,260.5,HC
FD0137,260.5,260.75,IC
FD0137,260.75,261.0,HC
FD0137,261.0,261.63,IC
FD0138,0.0,3.5,IF
FD0138,3.5,4.5,HF
FD0138,4.5,16.5,IF
FD0138,16.5,17.75,HF
FD0138,17.75,18.0,IF
FD0138,18.0,21.25,HF
FD0138,21.25,22.75,IF
FD0138,22.75,24.75,HF
FD0138,24.75,25.75,IF
FD0138,25.75,28.0,HF
FD0138,28.0,34.75,IF
FD0138,34.75,35.0,HF
FD0138,35.0,36.25,IF
FD0138,36.25,36.75,HF
FD0138,36.75,37.25,IF
FD0138,37.25,37.5,HF
FD0138,37.5,37.75,IF
FD0138,37.75,38.25,HF
FD0138,38.25,38.5,IF
FD0138,38.5,38.75,HF
FD0138,38.75,39.25,IF
FD0138,39.25,65.25,HF
FD0138,65.25,65.75,IF
FD0138,65.75,66.0,HF
FD0138,66.0,71.25,IF
FD0138,71.25,71.75,HF
FD0138,71.75,73.5,IF
FD0138,73.5,74.75,HF
FD0138,74.75,78.75,IF
FD0138,78.75,79.0,IC
FD0138,79.0,79.75,HC
FD0138,79.75,80.0,IC
FD0138,80.0,81.0,HC
FD0138,81.0,94.0,IC
FD0138,94.0,94.25,HC
FD0138,94.25,96.0,IC
FD0138,96.0,99.5,HC
FD0138,99.5,100.0,IC
FD0138,100.0,100.25,HC
FD0138,100.25,100.75,IC
FD0138,100.75,101.0,HC
FD0138,101.0,105.5,IC
FD0138,105.5,105.75,HC
FD0138,105.75,107.5,IC
FD0138,107.5,107.75,HC
FD0138,107.75,109.75,IC
FD0138,109.75,110.0,HC
FD0138,110.0,110.25,IC
FD0138,110.25,112.5,HC
FD0138,112.5,114.5,IC
FD0138,114.5,115.25,HC
FD0138,115.25,118.25,IC
FD0138,118.25,119.0,HC
FD0138,119.0,120.25,IC
FD0138,120.25,122.0,HC
FD0138,122.0,125.5,IC
FD0138,125.5,126.0,HC
FD0138,126.0,135.25,IC
FD0138,135.25,135.5,HC
FD0138,135.5,135.75,IC
FD0138,135.75,136.0,HC
FD0138,136.0,136.25,IC
FD0138,136.25,137.0,HC
FD0138,137.0,239.0,IC
FD0138,239.0,239.25,HC
FD0138,239.25,240.25,IC
FD0138,240.25,240.5,HC
FD0138,240.5,267.75,IC
FD0138,267.75,269.0,HC
FD0138,269.0,269.25,IC
FD0138,269.25,269.5,HC
FD0138,269.5,270.0,IC
FD0138,270.0,270.25,HC
FD0138,270.25,275.57,IC
FD0139,0.0,6.25,CG
FD0139,6.25,77.5,HF
FD0139,77.5,77.75,IF
FD0139,77.75,78.25,HF
FD0139,78.25,78.75,IF
FD0139,78.75,79.25,HF
FD0139,79.25,79.5,IF
FD0139,79.5,89.0,HF
FD0139,89.0,89.25,IF
FD0139,89.25,90.5,HF
FD0139,90.5,93.0,IF
FD0139,93.0,93.25,HF
FD0139,93.25,93.5,IF
FD0139,93.5,93.75,HF
FD0139,93.75,100.0,IF
FD0139,100.0,125.0,HC
FD0139,125.0,126.0,IC
FD0139,126.0,126.25,HC
FD0139,126.25,127.5,IC
FD0139,127.5,127.75,HC
FD0139,127.75,182.25,IC
FD0139,182.25,188.75,HC
FD0139,188.75,189.0,IC
FD0139,189.0,189.25,HC
FD0139,189.25,190.0,IC
FD0139,190.0,190.25,HC
FD0139,190.25,191.5,IC
FD0139,191.5,191.75,HC
FD0139,191.75,195.5,IC
FD0139,195.5,197.25,HC
FD0139,197.25,197.5,IC
FD0139,197.5,198.5,HC
FD0139,198.5,199.0,IC
FD0139,199.0,199.5,HC
FD0139,199.5,199.75,IC
FD0139,199.75,200.5,HC
FD0139,200.5,200.75,IC
FD0139,200.75,201.5,HC
FD0139,201.5,202.0,IC
FD0139,202.0,212.0,HC
FD0139,212.0,231.75,IC
FD0139,231.75,232.25,HC
FD0139,232.25,235.5,IC
FD0140,0.0,12.5,CG
FD0140,12.5,18.75,HF
FD0140,18.75,27.25,IF
FD0140,27.25,27.5,HF
FD0140,27.5,28.75,IF
FD0140,28.75,39.0,HF
FD0140,39.0,41.25,IF
FD0140,41.25,60.0,IC
FD0140,60.0,60.25,HC
FD0140,60.25,112.0,IC
FD0140,112.0,112.25,HC
FD0140,112.25,112.5,IC
FD0140,112.5,112.75,HC
FD0140,112.75,113.25,IC
FD0140,113.25,114.5,HC
FD0140,114.5,118.75,IC
FD0140,118.75,119.0,HC
FD0140,119.0,120.0,IC
FD0140,120.0,120.5,HC
FD0140,120.5,121.25,IC
FD0140,121.25,121.75,HC
FD0140,121.75,122.0,IC
FD0140,122.0,133.5,HC
FD0140,133.5,137.0,IC
FD0140,137.0,137.5,HC
FD0140,137.5,138.0,IC
FD0140,138.0,138.25,HC
FD0140,138.25,139.0,IC
FD0140,139.0,139.25,HC
FD0140,139.25,163.25,IC
FD0140,163.25,166.75,HC
FD0140,166.75,167.0,IC
FD0140,167.0,167.5,HC
FD0140,167.5,168.0,IC
FD0140,168.0,168.25,HC
FD0140,168.25,169.25,IC
FD0140,169.25,169.5,HC
FD0140,169.5,174.75,IC
FD0140,174.75,175.0,HC
FD0140,175.0,176.0,IC
FD0140,176.0,176.25,HC
FD0140,176.25,177.25,IC
FD0140,177.25,179.25,HC
FD0140,179.25,179.5,IC
FD0140,179.5,179.75,HC
FD0140,179.75,180.25,IC
FD0140,180.25,180.5,HC
FD0140,180.5,182.25,IC
FD0140,182.25,182.5,HC
FD0140,182.5,223.76,IC
FD0141,0.0,1.0,CG
FD0141,1.0,14.0,HF
FD0141,14.0,14.75,IF
FD0141,14.75,61.0,HF
FD0141,61.0,176.9,IC
FD0142,0.0,57.75,HF
FD0142,57.75,58.0,IF
FD0142,58.0,58.25,HF
FD0142,58.25,58.5,IF
FD0142,58.5,58.75,HF
FD0142,58.75,59.0,IF
FD0142,59.0,64.0,IC
FD0142,64.0,64.25,HC
FD0142,64.25,65.5,IC
FD0142,65.5,65.75,HC
FD0142,65.75,66.0,IC
FD0142,66.0,66.5,HC
FD0142,66.5,66.75,IC
FD0142,66.75,67.5,HC
FD0142,67.5,91.25,IC
FD0142,91.25,92.0,HC
FD0142,92.0,92.25,IC
FD0142,92.25,92.75,HC
FD0142,92.75,102.75,IC
FD0142,102.75,103.0,HC
FD0142,103.0,129.78,IC
FD0143,0.0,5.0,LAT
FD0143,5.0,7.0,CG
FD0143,7.0,59.5,IC
FD0143,59.5,59.75,HC
FD0143,59.75,60.0,IC
FD0144,0.0,45.75,HF
FD0144,45.75,49.0,IF
FD0144,49.0,82.75,IC
FD0144,82.75,83.0,HC
FD0144,83.0,83.25,IC
FD0144,83.25,90.25,HC
FD0144,90.25,90.75,IC
FD0144,90.75,91.5,HC
FD0144,91.5,92.0,IC
FD0144,92.0,116.75,HC
FD0144,116.75,139.75,IC
FD0144,139.75,140.0,HC
FD0144,140.0,151.0,IC
FD0144,151.0,170.23,MAF
FD0145,0.0,5.5,IF
FD0145,5.5,5.75,HF
FD0145,5.75,6.25,IF
FD0145,6.25,6.5,HF
FD0145,6.5,6.75,IF
FD0145,6.75,12.25,HF
FD0145,12.25,21.5,IF
FD0145,21.5,22.0,HF
FD0145,22.0,22.5,IF
FD0145,22.5,43.25,HF
FD0145,43.25,46.5,HC
FD0145,46.5,53.75,IC
FD0145,53.75,56.5,HC
FD0145,56.5,73.25,IC
FD0145,73.25,76.75,HC
FD0145,76.75,77.0,IC
FD0145,77.0,77.5,HC
FD0145,77.5,78.0,IC
FD0145,78.0,78.25,HC
FD0145,78.25,95.0,IC
FD0145,95.0,96.75,HC
FD0145,96.75,97.25,IC
FD0145,97.25,97.5,HC
FD0145,97.5,98.0,IC
FD0145,98.0,98.25,HC
FD0145,98.25,98.75,IC
FD0145,98.75,99.0,HC
FD0145,99.0,128.25,IC
FD0145,128.25,130.25,HC
FD0145,130.25,158.0,IC
FD0145,158.0,158.5,HC
FD0145,158.5,158.75,IC
FD0145,158.75,159.0,HC
FD0145,159.0,171.25,IC
FD0145,171.25,194.18,MAF
FD0146,0.0,3.0,CG
FD0146,3.0,8.0,IF
FD0146,8.0,8.5,HF
FD0146,8.5,10.5,IF
FD0146,10.5,23.0,HF
FD0146,23.0,23.5,IF
FD0146,23.5,23.75,HF
FD0146,23.75,24.0,IF
FD0146,24.0,24.25,HF
FD0146,24.25,26.75,IC
FD0146,26.75,27.0,HC
FD0146,27.0,27.25,IC
FD0146,27.25,27.5,HC
FD0146,27.5,32.25,IC
FD0146,32.25,32.75,HC
FD0146,32.75,50.25,IC
FD0146,50.25,50.5,HC
FD0146,50.5,50.75,IC
FD0146,50.75,57.5,HC
FD0146,57.5,63.25,IC
FD0146,63.25,63.5,HC
FD0146,63.5,75.5,IC
FD0146,75.5,79.0,HC
FD0146,79.0,79.25,IC
FD0146,79.25,79.5,HC
FD0146,79.5,80.0,IC
FD0146,80.0,80.5,HC
FD0146,80.5,81.5,IC
FD0146,81.5,82.25,HC
FD0146,82.25,94.0,IC
FD0146,94.0,94.5,HC
FD0146,94.5,94.75,IC
FD0146,94.75,97.5,HC
FD0146,97.5,97.75,IC
FD0146,97.75,109.75,HC
FD0146,109.75,115.0,IC
FD0146,115.0,115.5,HC
FD0146,115.5,115.75,IC
FD0146,115.75,116.0,HC
FD0146,116.0,116.75,IC
FD0146,116.75,117.5,HC
FD0146,117.5,119.5,IC
FD0146,119.5,119.75,HC
FD0146,119.75,120.25,IC
FD0146,120.25,120.5,HC
FD0146,120.5,120.75,IC
FD0146,120.75,121.75,HC
FD0146,121.75,122.0,IC
FD0146,122.0,122.75,HC
FD0146,122.75,123.5,IC
FD0146,123.5,123.75,HC
FD0146,123.75,125.0,IC
FD0146,125.0,125.75,HC
FD0146,125.75,126.0,IC
FD0146,126.0,127.0,HC
FD0146,127.0,128.75,IC
FD0146,128.75,133.25,HC
FD0146,133.25,133.5,IC
FD0146,133.5,133.75,HC
FD0146,133.75,152.75,IC
FD0146,152.75,155.0,HC
FD0146,155.0,155.25,IC
FD0146,155.25,155.5,HC
FD0146,155.5,158.0,IC
FD0146,158.0,158.25,HC
FD0146,158.25,164.25,IC
FD0146,164.25,164.5,HC
FD0146,164.5,231.48,IC
FD0147,0.0,5.75,CG
FD0147,5.75,47.25,IC
FD0147,47.25,49.75,HC
FD0147,49.75,50.0,IC
FD0147,50.0,53.0,HC
FD0147,53.0,85.75,IC
FD0147,85.75,86.0,HC
FD0147,86.0,117.5,IC
FD0147,117.5,117.75,HC
FD0147,117.75,138.25,IC
FD0147,138.25,138.5,HC
FD0147,138.5,140.25,IC
FD0147,140.25,140.5,HC
FD0147,140.5,259.99,IC
FD0148,0.0,9.0,HF
FD0148,9.0,9.25,IF
FD0148,9.25,9.75,HF
FD0148,9.75,12.75,IF
FD0148,12.75,13.75,HF
FD0148,13.75,14.25,IF
FD0148,14.25,14.5,HF
FD0148,14.5,17.75,IF
FD0148,17.75,64.5,HF
FD0148,64.5,64.75,IF
FD0148,64.75,65.0,HF
FD0148,65.0,87.5,IF
FD0148,87.5,106.25,IC
FD0148,106.25,106.5,HC
FD0148,106.5,106.75,IC
FD0148,106.75,110.75,HC
FD0148,110.75,111.75,IC
FD0148,111.75,112.0,HC
FD0148,112.0,112.5,IC
FD0148,112.5,112.75,HC
FD0148,112.75,113.0,IC
FD0148,113.0,114.0,HC
FD0148,114.0,114.25,IC
FD0148,114.25,115.0,HC
FD0148,115.0,117.0,IC
FD0148,117.0,117.5,HC
FD0148,117.5,118.75,IC
FD0148,118.75,120.5,HC
FD0148,120.5,120.75,IC
FD0148,120.75,121.0,HC
FD0148,121.0,121.25,IC
FD0148,121.25,122.0,HC
FD0148,122.0,122.75,IC
FD0148,122.75,123.25,HC
FD0148,123.25,123.75,IC
FD0148,123.75,124.25,HC
FD0148,124.25,236.25,IC
FD0148,236.25,237.0,HC
FD0148,237.0,237.25,IC
FD0148,237.25,238.5,HC
FD0148,238.5,239.0,IC
FD0148,239.0,239.25,HC
FD0148,239.25,239.5,IC
FD0148,239.5,240.0,HC
FD0148,240.0,248.89,IC
FD0149,0.0,6.5,CG
FD0149,6.5,20.25,HF
FD0149,20.25,20.5,IF
FD0149,20.5,21.0,HF
FD0149,21.0,21.25,IF
FD0149,21.25,53.75,HF
FD0149,53.75,61.75,IC
FD0149,61.75,62.5,HC
FD0149,62.5,63.75,IC
FD0149,63.75,64.0,HC
FD0149,64.0,65.75,IC
FD0149,65.75,68.25,HC
FD0149,68.25,68.5,IC
FD0149,68.5,70.5,HC
FD0149,70.5,75.75,IC
FD0149,75.75,76.5,HC
FD0149,76.5,76.75,IC
FD0149,76.75,77.25,HC
FD0149,77.25,78.5,IC
FD0149,78.5,78.75,HC
FD0149,78.75,85.25,IC
FD0149,85.25,85.5,HC
FD0149,85.5,103.0,IC
FD0149,103.0,122.25,HC
FD0149,122.25,125.25,IC
FD0149,125.25,125.5,HC
FD0149,125.5,125.75,IC
FD0149,125.75,126.0,HC
FD0149,126.0,152.25,IC
FD0149,152.25,152.5,HC
FD0149,152.5,152.75,IC
FD0149,152.75,153.0,HC
FD0149,153.0,153.25,IC
FD0149,153.25,154.5,HC
FD0149,154.5,158.5,IC
FD0149,158.5,158.75,HC
FD0149,158.75,176.5,IC
FD0149,176.5,176.75,HC
FD0149,176.75,177.75,IC
FD0149,177.75,179.5,HC
FD0149,179.5,179.75,IC
FD0149,179.75,180.0,HC
FD0149,180.0,181.25,IC
FD0149,181.25,181.5,HC
FD0149,181.5,181.75,IC
FD0149,181.75,182.75,HC
FD0149,182.75,183.0,IC
FD0149,183.0,183.5,HC
FD0149,183.5,184.0,IC
FD0149,184.0,184.25,HC
FD0149,184.25,185.0,IC
FD0149,185.0,185.25,HC
FD0149,185.25,187.75,IC
FD0149,187.75,192.0,HC
FD0149,192.0,197.25,IC
FD0149,197.25,198.25,HC
FD0149,198.25,231.75,IC
FD0149,231.75,257.06,MAF
FD0150,0.0,6.25,CG
FD0150,6.25,24.5,IF
FD0150,24.5,27.0,HF
FD0150,27.0,35.75,HC
FD0150,35.75,36.0,IC
FD0150,36.0,36.25,HC
FD0150,36.25,37.0,IC
FD0150,37.0,37.25,HC
FD0150,37.25,37.5,IC
FD0150,37.5,38.0,HC
FD0150,38.0,38.25,IC
FD0150,38.25,38.5,HC
FD0150,38.5,39.75,IC
FD0150,39.75,40.0,HC
FD0150,40.0,40.25,IC
FD0150,40.25,41.5,HC
FD0150,41.5,41.75,IC
FD0150,41.75,42.5,HC
FD0150,42.5,56.75,IC
FD0150,56.75,57.25,HC
FD0150,57.25,58.5,IC
FD0150,58.5,58.75,HC
FD0150,58.75,59.0,IC
FD0150,59.0,60.25,HC
FD0150,60.25,60.5,IC
FD0150,60.5,62.25,HC
FD0150,62.25,62.5,IC
FD0150,62.5,63.0,HC
FD0150,63.0,131.0,IC
FD0150,131.0,131.5,HC
FD0150,131.5,132.0,IC
FD0150,132.0,132.75,HC
FD0150,132.75,136.0,IC
FD0150,136.0,139.75,HC
FD0150,139.75,140.0,IC
FD0150,140.0,140.25,HC
FD0150,140.25,141.5,IC
FD0150,141.5,143.0,HC
FD0150,143.0,143.25,IC
FD0150,143.25,143.5,HC
FD0150,143.5,144.25,IC
FD0150,144.25,144.5,HC
FD0150,144.5,144.75,IC
FD0150,144.75,147.25,HC
FD0150,147.25,151.0,IC
FD0150,151.0,151.25,HC
FD0150,151.25,151.75,IC
FD0150,151.75,152.0,HC
FD0150,152.0,176.0,IC
FD0150,176.0,176.25,HC
FD0150,176.25,182.0,IC
FD0150,182.0,182.25,HC
FD0150,182.25,182.5,IC
FD0150,182.5,183.0,HC
FD0150,183.0,183.25,IC
FD0150,183.25,183.75,HC
FD0150,183.75,191.0,IC
FD0150,191.0,191.75,HC
FD0150,191.75,197.38,IC
FD0151,0.0,5.75,LAT
FD0151,5.75,26.0,HF
FD0151,26.0,56.25,IC
FD0151,56.25,56.75,HC
FD0151,56.75,61.5,IC
FD0151,61.5,61.75,HC
FD0151,61.75,64.75,IC
FD0151,64.75,65.0,HC
FD0151,65.0,81.75,IC
FD0151,81.75,83.5,HC
FD0151,83.5,83.75,IC
FD0151,83.75,89.0,HC
FD0151,89.0,138.62,MAF
FD0152,0.0,4.5,CG
FD0152,4.5,5.0,IF
FD0152,5.0,5.5,HF
FD0152,5.5,8.5,IF
FD0152,8.5,62.25,IC
FD0152,62.25,62.5,HC
FD0152,62.5,62.75,IC
FD0152,62.75,66.25,HC
FD0152,66.25,83.5,IC
FD0152,83.5,84.0,HC
FD0152,84.0,93.0,IC
FD0152,93.0,104.0,HC
FD0152,104.0,104.25,IC
FD0152,104.25,110.25,HC
FD0152,110.25,111.25,IC
FD0152,111.25,111.5,HC
FD0152,111.5,112.0,IC
FD0152,112.0,112.25,HC
FD0152,112.25,115.75,IC
FD0152,115.75,116.75,HC
FD0152,116.75,118.5,IC
FD0152,118.5,120.0,HC
FD0152,120.0,129.75,IC
FD0152,129.75,130.75,HC
FD0152,130.75,155.75,IC
FD0152,155.75,203.97,MAF
FD0153,0.0,6.75,CG
FD0153,6.75,34.0,HF
FD0153,34.0,34.25,IF
FD0153,34.25,43.25,HF
FD0153,43.25,50.75,IF
FD0153,50.75,55.5,HF
FD0153,55.5,55.75,IF
FD0153,55.75,56.75,HF
FD0153,56.75,57.25,IF
FD0153,57.25,57.5,HF
FD0153,57.5,57.75,IF
FD0153,57.75,59.0,HF
FD0153,59.0,59.25,IF
FD0153,59.25,59.75,HF
FD0153,59.75,61.5,HC
FD0153,61.5,61.75,IC
FD0153,61.75,62.25,HC
FD0153,62.25,63.5,IC
FD0153,63.5,64.5,HC
FD0153,64.5,65.0,IC
FD0153,65.0,66.75,HC
FD0153,66.75,144.25,IC
FD0153,144.25,145.0,HC
FD0153,145.0,145.25,IC
FD0153,145.25,145.5,HC
FD0153,145.5,148.5,IC
FD0153,148.5,148.75,HC
FD0153,148.75,150.5,IC
FD0153,150.5,150.75,HC
FD0153,150.75,151.0,IC
FD0153,151.0,151.5,HC
FD0153,151.5,152.25,IC
FD0153,152.25,152.5,HC
FD0153,152.5,157.75,IC
FD0153,157.75,158.0,HC
FD0153,158.0,245.78,IC
FD0154,0.0,9.0,CG
FD0154,9.0,17.25,HF
FD0154,17.25,18.0,IF
FD0154,18.0,19.0,HF
FD0154,19.0,19.25,IF
FD0154,19.25,56.75,HF
FD0154,56.75,57.75,IF
FD0154,57.75,58.25,HF
FD0154,58.25,59.5,IF
FD0154,59.5,59.75,HF
FD0154,59.75,60.75,IF
FD0154,60.75,61.0,HF
FD0154,61.0,68.5,IF
FD0154,68.5,68.75,HF
FD0154,68.75,69.75,IF
FD0154,69.75,70.25,HF
FD0154,70.25,71.25,IF
FD0154,71.25,90.5,HF
FD0154,90.5,92.0,IF
FD0154,92.0,118.0,HF
FD0154,118.0,118.5,IF
FD0154,118.5,119.5,HF
FD0154,119.5,119.75,IF
FD0154,119.75,121.5,HF
FD0154,121.5,122.0,IF
FD0154,122.0,122.5,HF
FD0154,122.5,122.75,IF
FD0154,122.75,123.25,HF
FD0154,123.25,123.5,IF
FD0154,123.5,123.75,HF
FD0154,123.75,124.25,IF
FD0154,124.25,124.75,HF
FD0154,124.75,127.75,IF
FD0154,127.75,128.75,HF
FD0154,128.75,141.25,IC
FD0154,141.25,142.25,HC
FD0154,142.25,162.25,IC
FD0154,162.25,162.75,HC
FD0154,162.75,163.0,IC
FD0154,163.0,163.25,HC
FD0154,163.25,214.0,IC
FD0154,214.0,214.25,HC
FD0154,214.25,214.75,IC
FD0154,214.75,215.0,HC
FD0154,215.0,216.25,IC
FD0154,216.25,216.5,HC
FD0154,216.5,217.75,IC
FD0154,217.75,218.5,HC
FD0154,218.5,218.75,IC
FD0154,218.75,219.0,HC
FD0154,219.0,223.75,IC
FD0154,223.75,227.0,HC
FD0154,227.0,266.19,MAF
FD0155,0.0,6.25,CG
FD0155,6.25,43.25,HF
FD0155,43.25,43.75,IF
FD0155,43.75,44.0,HF
FD0155,44.0,44.25,IF
FD0155,44.25,53.0,HF
FD0155,53.0,53.25,IF
FD0155,53.25,54.25,HF
FD0155,54.25,55.0,IF
FD0155,55.0,56.75,HF
FD0155,56.75,57.0,IF
FD0155,57.0,57.25,HF
FD0155,57.25,59.25,IF
FD0155,59.25,60.25,HF
FD0155,60.25,60.75,IF
FD0155,60.75,61.75,HF
FD0155,61.75,66.5,IF
FD0155,66.5,74.5,HF
FD0155,74.5,74.75,IF
FD0155,74.75,76.0,HF
FD0155,76.0,76.75,IF
FD0155,76.75,99.75,HF
FD0155,99.75,100.0,IC
FD0155,100.0,100.25,HC
FD0155,100.25,104.0,IC
FD0155,104.0,104.25,HC
FD0155,104.25,104.5,IC
FD0155,104.5,104.75,HC
FD0155,104.75,105.5,IC
FD0155,105.5,105.75,HC
FD0155,105.75,106.0,IC
FD0155,106.0,118.5,HC
FD0155,118.5,147.75,IC
FD0155,147.75,151.0,HC
FD0155,151.0,151.75,IC
FD0155,151.75,152.0,HC
FD0155,152.0,152.25,IC
FD0155,152.25,152.75,HC
FD0155,152.75,157.25,IC
FD0155,157.25,157.75,HC
FD0155,157.75,158.5,IC
FD0155,158.5,159.75,HC
FD0155,159.75,177.25,IC
FD0155,177.25,177.5,HC
FD0155,177.5,178.0,IC
FD0155,178.0,178.5,HC
FD0155,178.5,179.25,IC
FD0155,179.25,182.0,HC
FD0155,182.0,183.5,IC
FD0155,183.5,183.75,HC
FD0155,183.75,192.5,IC
FD0155,192.5,249.16,MAF
FD0156,0.0,6.25,CG
FD0156,6.25,13.75,HF
FD0156,13.75,18.5,IF
FD0156,18.5,19.5,HF
FD0156,19.5,19.75,IF
FD0156,19.75,20.5,HF
FD0156,20.5,21.25,IF
FD0156,21.25,31.25,HF
FD0156,31.25,32.25,IF
FD0156,32.25,41.25,HF
FD0156,41.25,47.25,IF
FD0156,47.25,47.5,HF
FD0156,47.5,49.75,IF
FD0156,49.75,50.25,HF
FD0156,50.25,52.25,IF
FD0156,52.25,52.75,HF
FD0156,52.75,56.0,HC
FD0156,56.0,56.5,IC
FD0156,56.5,62.25,HC
FD0156,62.25,78.75,IC
FD0156,78.75,80.25,HC
FD0156,80.25,101.75,IC
FD0156,101.75,102.0,HC
FD0156,102.0,102.75,IC
FD0156,102.75,103.0,HC
FD0156,103.0,116.5,IC
FD0156,116.5,116.75,HC
FD0156,116.75,117.0,IC
FD0156,117.0,117.25,HC
FD0156,117.25,118.5,IC
FD0156,118.5,119.0,HC
FD0156,119.0,119.25,IC
FD0156,119.25,120.0,HC
FD0156,120.0,120.5,IC
FD0156,120.5,121.5,HC
FD0156,121.5,134.5,IC
FD0156,134.5,134.75,HC
FD0156,134.75,169.75,IC
FD0156,169.75,170.0,HC
FD0156,170.0,170.25,IC
FD0156,170.25,170.75,HC
FD0156,170.75,171.25,IC
FD0156,171.25,171.5,HC
FD0156,171.5,180.25,IC
FD0156,180.25,236.5,MAF
FD0157,0.0,3.25,CG
FD0157,3.25,16.25,IF
FD0157,16.25,19.25,HF
FD0157,19.25,19.5,IF
FD0157,19.5,36.0,HF
FD0157,36.0,36.5,HC
FD0157,36.5,38.75,IC
FD0157,38.75,39.0,HC
FD0157,39.0,42.5,IC
FD0157,42.5,43.75,HC
FD0157,43.75,44.0,IC
FD0157,44.0,44.25,HC
FD0157,44.25,44.5,IC
FD0157,44.5,44.75,HC
FD0157,44.75,45.0,IC
FD0157,45.0,59.25,HC
FD0157,59.25,59.5,IC
FD0157,59.5,59.75,HC
FD0157,59.75,60.5,IC
FD0157,60.5,61.5,HC
FD0157,61.5,62.0,IC
FD0157,62.0,72.5,HC
FD0157,72.5,72.75,IC
FD0157,72.75,74.5,HC
FD0157,74.5,74.75,IC
FD0157,74.75,76.5,HC
FD0157,76.5,77.0,IC
FD0157,77.0,77.25,HC
FD0157,77.25,86.5,IC
FD0157,86.5,86.75,HC
FD0157,86.75,93.0,IC
FD0157,93.0,94.0,HC
FD0157,94.0,96.0,IC
FD0157,96.0,96.75,HC
FD0157,96.75,97.75,IC
FD0157,97.75,98.0,HC
FD0157,98.0,116.75,IC
FD0157,116.75,118.75,HC
FD0157,118.75,120.5,IC
FD0157,120.5,120.75,HC
FD0157,120.75,125.75,IC
FD0157,125.75,126.5,HC
FD0157,126.5,126.75,IC
FD0157,126.75,127.75,HC
FD0157,127.75,129.0,IC
FD0157,129.0,129.25,HC
FD0157,129.25,129.5,IC
FD0157,129.5,130.25,HC
FD0157,130.25,131.5,IC
FD0157,131.5,132.0,HC
FD0157,132.0,132.25,IC
FD0157,132.25,133.5,HC
FD0157,133.5,133.75,IC
FD0157,133.75,134.0,HC
FD0157,134.0,140.0,IC
FD0157,140.0,140.25,HC
FD0157,140.25,141.25,IC
FD0157,141.25,141.5,HC
FD0157,141.5,149.75,IC
FD0157,149.75,150.0,HC
FD0157,150.0,150.75,IC
FD0157,150.75,151.0,HC
FD0157,151.0,154.75,IC
FD0157,154.75,158.25,HC
FD0157,158.25,159.25,IC
FD0157,159.25,159.5,HC
FD0157,159.5,168.25,IC
FD0157,168.25,176.0,HC
FD0157,176.0,176.75,IC
FD0157,176.75,177.5,HC
FD0157,177.5,177.75,IC
FD0157,177.75,178.25,HC
FD0157,178.25,179.25,IC
FD0157,179.25,179.5,HC
FD0157,179.5,185.09,IC
FD0158,0.0,4.5,LAT
FD0158,4.5,15.0,MAF
FD0158,15.0,18.75,IC
FD0158,18.75,19.0,HC
FD0158,19.0,19.5,IC
FD0158,19.5,20.25,HC
FD0158,20.25,20.5,IC
FD0158,20.5,20.75,HC
FD0158,20.75,21.0,IC
FD0158,21.0,21.5,HC
FD0158,21.5,22.0,IC
FD0158,22.0,23.0,HC
FD0158,23.0,23.25,IC
FD0158,23.25,23.75,HC
FD0158,23.75,24.0,IC
FD0158,24.0,24.75,HC
FD0158,24.75,25.0,IC
FD0158,25.0,27.0,HC
FD0158,27.0,27.25,IC
FD0158,27.25,37.5,HC
FD0158,37.5,38.25,IC
FD0158,38.25,46.0,HC
FD0158,46.0,46.25,IC
FD0158,46.25,48.25,HC
FD0158,48.25,49.5,IC
FD0158,49.5,50.5,HC
FD0158,50.5,50.75,IC
FD0158,50.75,51.5,HC
FD0158,51.5,52.0,IC
FD0158,52.0,52.5,HC
FD0158,52.5,79.5,IC
FD0158,79.5,81.25,HC
FD0158,81.25,100.98,IC
FD0159,0.0,2.75,CG
FD0159,2.75,3.75,HF
FD0159,3.75,4.5,IF
FD0159,4.5,4.75,HF
FD0159,4.75,5.0,IF
FD0159,5.0,5.25,HF
FD0159,5.25,5.75,IF
FD0159,5.75,34.5,HF
FD0159,34.5,35.0,IF
FD0159,35.0,35.25,HF
FD0159,35.25,35.5,IF
FD0159,35.5,36.0,HF
FD0159,36.0,36.25,IF
FD0159,36.25,50.75,HF
FD0159,50.75,55.5,IC
FD0159,55.5,55.75,HC
FD0159,55.75,56.5,IC
FD0159,56.5,56.75,HC
FD0159,56.75,73.25,IC
FD0159,73.25,75.0,HC
FD0159,75.0,75.75,IC
FD0159,75.75,76.0,HC
FD0159,76.0,76.25,IC
FD0159,76.25,76.5,HC
FD0159,76.5,76.75,IC
FD0159,76.75,78.5,HC
FD0159,78.5,79.5,IC
FD0159,79.5,102.5,HC
FD0159,102.5,105.0,IC
FD0159,105.0,106.25,HC
FD0159,106.25,112.75,IC
FD0159,112.75,113.0,HC
FD0159,113.0,113.25,IC
FD0159,113.25,122.25,HC
FD0159,122.25,124.25,IC
FD0159,124.25,132.25,HC
FD0159,132.25,132.5,IC
FD0159,132.5,132.75,HC
FD0159,132.75,159.5,IC
FD0159,159.5,189.42,MAF
FD0160,0.0,18.5,HF
FD0160,18.5,18.75,IF
FD0160,18.75,45.0,HF
FD0160,45.0,45.25,IF
FD0160,45.25,45.5,HF
FD0160,45.5,46.25,IF
FD0160,46.25,47.25,HF
FD0160,47.25,50.0,IF
FD0160,50.0,50.25,HF
FD0160,50.25,57.75,IF
FD0160,57.75,59.0,IC
FD0160,59.0,59.25,HC
FD0160,59.25,63.25,IC
FD0160,63.25,64.25,HC
FD0160,64.25,66.5,IC
FD0160,66.5,86.75,HC
FD0160,86.75,87.25,IC
FD0160,87.25,87.5,HC
FD0160,87.5,90.75,IC
FD0160,90.75,93.25,HC
FD0160,93.25,98.0,IC
FD0160,98.0,98.75,HC
FD0160,98.75,100.0,IC
FD0160,100.0,103.0,HC
FD0160,103.0,103.25,IC
FD0160,103.25,103.5,HC
FD0160,103.5,103.75,IC
FD0160,103.75,105.25,HC
FD0160,105.25,114.25,IC
FD0160,114.25,114.5,HC
FD0160,114.5,115.0,IC
FD0160,115.0,117.75,HC
FD0160,117.75,118.25,IC
FD0160,118.25,118.5,HC
FD0160,118.5,119.75,IC
FD0160,119.75,120.0,HC
FD0160,120.0,121.25,IC
FD0160,121.25,122.25,HC
FD0160,122.25,122.5,IC
FD0160,122.5,123.25,HC
FD0160,123.25,123.5,IC
FD0160,123.5,123.75,HC
FD0160,123.75,124.5,IC
FD0160,124.5,127.0,HC
FD0160,127.0,127.5,IC
FD0160,127.5,127.75,HC
FD0160,127.75,128.25,IC
FD0160,128.25,128.5,HC
FD0160,128.5,128.75,IC
FD0160,128.75,134.75,HC
FD0160,134.75,135.0,IC
FD0160,135.0,135.25,HC
FD0160,135.25,136.0,IC
FD0160,136.0,137.25,HC
FD0160,137.25,137.5,IC
FD0160,137.5,138.75,HC
FD0160,138.75,139.0,IC
FD0160,139.0,142.75,HC
FD0160,142.75,143.25,IC
FD0160,143.25,158.0,HC
FD0160,158.0,158.5,IC
FD0160,158.5,158.75,HC
FD0160,158.75,159.25,IC
FD0160,159.25,159.5,HC
FD0160,159.5,160.0,IC
FD0160,160.0,160.25,HC
FD0160,160.25,160.5,IC
FD0160,160.5,163.5,HC
FD0160,163.5,183.5,IC
FD0160,183.5,186.0,HC
FD0160,186.0,191.0,IC
FD0160,191.0,191.25,HC
FD0160,191.25,194.0,IC
FD0160,194.0,194.25,HC
FD0160,194.25,194.5,IC
FD0160,194.5,195.75,HC
FD0160,195.75,197.75,IC
FD0160,197.75,198.75,HC
FD0160,198.75,224.75,IC
FD0160,224.75,255.06,MAF
FD0161,0.0,5.0,CG
FD0161,5.0,45.75,HF
FD0161,45.75,48.75,IF
FD0161,48.75,49.0,HF
FD0161,49.0,53.0,IF
FD0161,53.0,53.25,HF
FD0161,53.25,53.75,IF
FD0161,53.75,54.0,HF
FD0161,54.0,54.5,IF
FD0161,54.5,54.75,HF
FD0161,54.75,56.25,IF
FD0161,56.25,59.75,IC
FD0161,59.75,60.0,HC
FD0161,60.0,84.25,IC
FD0161,84.25,84.75,HC
FD0161,84.75,85.75,IC
FD0161,85.75,87.5,HC
FD0161,87.5,141.75,IC
FD0161,141.75,143.5,HC
FD0161,143.5,143.75,IC
FD0161,143.75,144.25,HC
FD0161,144.25,144.5,IC
FD0161,144.5,144.75,HC
FD0161,144.75,145.25,IC
FD0161,145.25,149.25,HC
FD0161,149.25,152.25,IC
FD0161,152.25,158.25,HC
FD0161,158.25,159.5,IC
FD0161,159.5,160.0,HC
FD0161,160.0,177.75,IC
FD0161,177.75,178.0,HC
FD0161,178.0,178.25,IC
FD0161,178.25,178.75,HC
FD0161,178.75,228.0,IC
FD0161,228.0,273.58,MAF
FD0162,0.0,9.0,CG
FD0162,9.0,52.5,HF
FD0162,52.5,55.25,IF
FD0162,55.25,55.75,HF
FD0162,55.75,58.0,IF
FD0162,58.0,58.25,HF
FD0162,58.25,58.5,IF
FD0162,58.5,59.0,HF
FD0162,59.0,59.25,IF
FD0162,59.25,59.5,HF
FD0162,59.5,61.5,IF
FD0162,61.5,62.0,HF
FD0162,62.0,62.25,IF
FD0162,62.25,98.0,HF
FD0162,98.0,100.25,IC
FD0162,100.25,100.5,HC
FD0162,100.5,101.5,IC
FD0162,101.5,102.0,HC
FD0162,102.0,107.0,IC
FD0162,107.0,107.75,HC
FD0162,107.75,108.75,IC
FD0162,108.75,109.25,HC
FD0162,109.25,109.5,IC
FD0162,109.5,111.25,HC
FD0162,111.25,138.75,IC
FD0162,138.75,143.25,HC
FD0162,143.25,192.75,IC
FD0162,192.75,278.67,MAF
FD0163,0.0,2.25,CG
FD0163,2.25,20.5,HF
FD0163,20.5,21.0,IF
FD0163,21.0,21.25,HF
FD0163,21.25,24.0,IF
FD0163,24.0,24.25,HF
FD0163,24.25,24.75,IF
FD0163,24.75,25.0,HF
FD0163,25.0,26.0,IF
FD0163,26.0,81.25,HF
FD0163,81.25,88.25,IF
FD0163,88.25,90.75,IC
FD0163,90.75,92.0,HC
FD0163,92.0,92.25,IC
FD0163,92.25,97.75,HC
FD0163,97.75,113.0,IC
FD0163,113.0,118.0,HC
FD0163,118.0,143.0,IC
FD0163,143.0,145.0,HC
FD0163,145.0,145.25,IC
FD0163,145.25,146.25,HC
FD0163,146.25,154.0,IC
FD0163,154.0,232.37,MAF
FD0164,0.0,0.75,CG
FD0164,0.75,30.5,IF
FD0164,30.5,31.0,HF
FD0164,31.0,37.0,IF
FD0164,37.0,37.25,HF
FD0164,37.25,37.75,IF
FD0164,37.75,38.25,HF
FD0164,38.25,39.25,IF
FD0164,39.25,41.0,HF
FD0164,41.0,41.25,IF
FD0164,41.25,42.5,HF
FD0164,42.5,42.75,IF
FD0164,42.75,43.0,HF
FD0164,43.0,43.5,IF
FD0164,43.5,43.75,HF
FD0164,43.75,45.0,IF
FD0164,45.0,45.25,HF
FD0164,45.25,49.0,IF
FD0164,49.0,50.5,HF
FD0164,50.5,50.75,IF
FD0164,50.75,51.25,HF
FD0164,51.25,51.5,IF
FD0164,51.5,75.25,IC
FD0164,75.25,75.5,HC
FD0164,75.5,84.75,IC
FD0164,84.75,85.0,HC
FD0164,85.0,85.5,IC
FD0164,85.5,86.25,HC
FD0164,86.25,88.0,IC
FD0164,88.0,91.75,HC
FD0164,91.75,94.5,IC
FD0164,94.5,94.75,HC
FD0164,94.75,95.0,IC
FD0164,95.0,95.25,HC
FD0164,95.25,96.0,IC
FD0164,96.0,96.25,HC
FD0164,96.25,96.75,IC
FD0164,96.75,97.25,HC
FD0164,97.25,99.75,IC
FD0164,99.75,101.0,HC
FD0164,101.0,104.0,IC
FD0164,104.0,104.75,HC
FD0164,104.75,105.5,IC
FD0164,105.5,105.75,HC
FD0164,105.75,106.5,IC
FD0164,106.5,106.75,HC
FD0164,106.75,107.0,IC
FD0164,107.0,108.75,HC
FD0164,108.75,109.0,IC
FD0164,109.0,116.0,HC
FD0164,116.0,146.25,IC
FD0164,146.25,238.15,MAF
FD0165,0.0,6.75,CG
FD0165,6.75,7.25,IF
FD0165,7.25,7.5,HF
FD0165,7.5,8.0,IF
FD0165,8.0,9.0,HF
FD0165,9.0,10.5,IF
FD0165,10.5,11.0,HF
FD0165,11.0,13.75,IF
FD0165,13.75,14.0,HF
FD0165,14.0,14.25,IF
FD0165,14.25,14.75,HF
FD0165,14.75,15.25,IF
FD0165,15.25,15.5,HF
FD0165,15.5,15.75,IF
FD0165,15.75,17.75,HF
FD0165,17.75,18.0,IF
FD0165,18.0,18.5,HF
FD0165,18.5,18.75,IF
FD0165,18.75,23.5,HF
FD0165,23.5,30.75,IF
FD0165,30.75,31.25,HF
FD0165,31.25,31.5,IF
FD0165,31.5,32.5,HF
FD0165,32.5,37.25,IF
FD0165,37.25,37.5,HF
FD0165,37.5,37.75,IF
FD0165,37.75,38.25,HF
FD0165,38.25,38.5,IF
FD0165,38.5,39.75,HF
FD0165,39.75,41.75,IF
FD0165,41.75,42.0,HF
FD0165,42.0,42.25,IF
FD0165,42.25,43.5,HF
FD0165,43.5,43.75,IC
FD0165,43.75,46.5,HC
FD0165,46.5,46.75,IC
FD0165,46.75,47.75,HC
FD0165,47.75,48.0,IC
FD0165,48.0,49.25,HC
FD0165,49.25,49.5,IC
FD0165,49.5,50.5,HC
FD0165,50.5,50.75,IC
FD0165,50.75,53.25,HC
FD0165,53.25,124.0,IC
FD0165,124.0,126.0,HC
FD0165,126.0,127.75,IC
FD0165,127.75,128.25,HC
FD0165,128.25,135.5,IC
FD0165,135.5,135.75,HC
FD0165,135.75,146.5,IC
FD0165,146.5,178.21,MAF
FD0166,0.0,36.5,HF
FD0166,36.5,40.0,IF
FD0166,40.0,40.25,HF
FD0166,40.25,47.25,IC
FD0166,47.25,59.75,HC
FD0166,59.75,65.75,IC
FD0166,65.75,66.25,HC
FD0166,66.25,66.5,IC
FD0166,66.5,67.0,HC
FD0166,67.0,72.75,IC
FD0166,72.75,73.0,HC
FD0166,73.0,73.25,IC
FD0166,73.25,73.75,HC
FD0166,73.75,74.0,IC
FD0166,74.0,74.25,HC
FD0166,74.25,75.0,IC
FD0166,75.0,75.25,HC
FD0166,75.25,75.5,IC
FD0166,75.5,75.75,HC
FD0166,75.75,76.25,IC
FD0166,76.25,78.5,HC
FD0166,78.5,78.75,IC
FD0166,78.75,82.0,HC
FD0166,82.0,82.25,IC
FD0166,82.25,85.25,HC
FD0166,85.25,85.5,IC
FD0166,85.5,85.75,HC
FD0166,85.75,87.5,IC
FD0166,87.5,87.75,HC
FD0166,87.75,89.75,IC
FD0166,89.75,91.25,HC
FD0166,91.25,99.75,IC
FD0166,99.75,100.0,HC
FD0166,100.0,102.5,IC
FD0166,102.5,102.75,HC
FD0166,102.75,114.0,IC
FD0166,114.0,114.5,HC
FD0166,114.5,116.5,IC
FD0166,116.5,121.0,HC
FD0166,121.0,129.5,IC
FD0166,129.5,130.5,HC
FD0166,130.5,130.75,IC
FD0166,130.75,132.0,HC
FD0166,132.0,141.25,IC
FD0166,141.25,141.5,HC
FD0166,141.5,142.0,IC
FD0166,142.0,143.75,HC
FD0166,143.75,145.0,IC
FD0166,145.0,145.25,HC
FD0166,145.25,157.75,IC
FD0166,157.75,196.53,MAF
FD0167,0.0,23.5,HF
FD0167,23.5,33.75,IC
FD0167,33.75,34.0,HC
FD0167,34.0,34.25,IC
FD0167,34.25,38.25,HC
FD0167,38.25,38.5,IC
FD0167,38.5,39.0,HC
FD0167,39.0,48.25,IC
FD0167,48.25,48.75,HC
FD0167,48.75,65.0,IC
FD0167,65.0,66.5,HC
FD0167,66.5,66.75,IC
FD0167,66.75,67.5,HC
FD0167,67.5,67.75,IC
FD0167,67.75,78.25,HC
FD0167,78.25,89.5,IC
FD0167,89.5,89.75,HC
FD0167,89.75,90.0,IC
FD0167,90.0,90.25,HC
FD0167,90.25,92.25,IC
FD0167,92.25,92.5,HC
FD0167,92.5,120.25,IC
FD0167,120.25,122.0,HC
FD0167,122.0,124.0,IC
FD0167,124.0,124.25,HC
FD0167,124.25,176.75,IC
FD0167,176.75,177.0,HC
FD0167,177.0,179.5,IC
FD0167,179.5,181.75,HC
FD0167,181.75,182.0,IC
FD0167,182.0,182.25,HC
FD0167,182.25,182.5,IC
FD0167,182.5,183.0,HC
FD0167,183.0,183.5,IC
FD0167,183.5,183.75,HC
FD0167,183.75,205.0,IC
FD0167,205.0,205.25,HC
FD0167,205.25,205.75,IC
FD0167,205.75,207.25,HC
FD0167,207.25,210.25,IC
FD0167,210.25,210.5,HC
FD0167,210.5,220.0,IC
FD0167,220.0,249.56,MAF
FD0168,0.0,2.25,CG
FD0168,2.25,75.25,HF
FD0168,75.25,81.75,HC
FD0168,81.75,103.75,IC
FD0168,103.75,104.0,HC
FD0168,104.0,139.75,IC
FD0168,139.75,141.25,HC
FD0168,141.25,141.75,IC
FD0168,141.75,142.0,HC
FD0168,142.0,142.25,IC
FD0168,142.25,142.75,HC
FD0168,142.75,143.0,IC
FD0168,143.0,145.5,HC
FD0168,145.5,147.25,IC
FD0168,147.25,147.5,HC
FD0168,147.5,179.25,IC
FD0168,179.25,179.5,HC
FD0168,179.5,179.75,IC
FD0168,179.75,180.0,HC
FD0168,180.0,180.25,IC
FD0168,180.25,180.5,HC
FD0168,180.5,182.0,IC
FD0168,182.0,182.25,HC
FD0168,182.25,182.75,IC
FD0168,182.75,183.25,HC
FD0168,183.25,193.75,IC
FD0168,193.75,194.0,HC
FD0168,194.0,194.5,IC
FD0168,194.5,194.75,HC
FD0168,194.75,195.25,IC
FD0168,195.25,195.5,HC
FD0168,195.5,195.75,IC
FD0168,195.75,196.0,HC
FD0168,196.0,196.75,IC
FD0168,196.75,197.75,HC
FD0168,197.75,208.5,IC
FD0168,208.5,275.8,MAF
FD0169,0.0,5.0,CG
FD0169,5.0,89.75,HF
FD0169,89.75,158.75,IC
FD0169,158.75,273.58,MAF
FD0170,0.0,0.75,CG
FD0170,0.75,11.5,HF
FD0170,11.5,12.5,IF
FD0170,12.5,12.75,HF
FD0170,12.75,19.25,IF
FD0170,19.25,19.75,HF
FD0170,19.75,20.0,IF
FD0170,20.0,20.25,HF
FD0170,20.25,20.75,IF
FD0170,20.75,28.25,HF
FD0170,28.25,28.75,IF
FD0170,28.75,29.0,HF
FD0170,29.0,29.25,IF
FD0170,29.25,29.5,HF
FD0170,29.5,32.25,IF
FD0170,32.25,32.5,HF
FD0170,32.5,33.75,IF
FD0170,33.75,56.5,HF
FD0170,56.5,117.0,IC
FD0170,117.0,117.25,HC
FD0170,117.25,122.75,IC
FD0170,122.75,253.42,MAF
FD0171,0.0,3.5,CG
FD0171,3.5,7.0,IF
FD0171,7.0,7.25,HC
FD0171,7.25,7.5,IC
FD0171,7.5,7.75,HC
FD0171,7.75,58.0,IC
FD0171,58.0,58.25,HC
FD0171,58.25,59.5,IC
FD0171,59.5,63.75,HC
FD0171,63.75,73.0,IC
FD0171,73.0,73.25,HC
FD0171,73.25,75.25,IC
FD0171,75.25,75.5,HC
FD0171,75.5,76.0,IC
FD0171,76.0,76.75,HC
FD0171,76.75,96.0,IC
FD0171,96.0,102.5,HC
FD0171,102.5,103.0,IC
FD0171,103.0,103.25,HC
FD0171,103.25,105.75,IC
FD0171,105.75,106.0,HC
FD0171,106.0,106.25,IC
FD0171,106.25,107.25,HC
FD0171,107.25,108.5,IC
FD0171,108.5,108.75,HC
FD0171,108.75,110.0,IC
FD0171,110.0,110.25,HC
FD0171,110.25,110.5,IC
FD0171,110.5,110.75,HC
FD0171,110.75,112.5,IC
FD0171,112.5,229.38,MAF
FD0172,0.0,1.75,CG
FD0172,1.75,4.0,HF
FD0172,4.0,4.5,IF
FD0172,4.5,5.0,HF
FD0172,5.0,23.75,IF
FD0172,23.75,29.0,HF
FD0172,29.0,29.5,IF
FD0172,29.5,30.75,HF
FD0172,30.75,31.0,IF
FD0172,31.0,31.5,HF
FD0172,31.5,69.5,IC
FD0172,69.5,70.0,HC
FD0172,70.0,70.25,IC
FD0172,70.25,71.0,HC
FD0172,71.0,74.75,IC
FD0172,74.75,75.25,HC
FD0172,75.25,76.25,IC
FD0172,76.25,76.5,HC
FD0172,76.5,77.25,IC
FD0172,77.25,77.5,HC
FD0172,77.5,77.75,IC
FD0172,77.75,78.25,HC
FD0172,78.25,78.75,IC
FD0172,78.75,79.25,HC
FD0172,79.25,79.75,IC
FD0172,79.75,80.75,HC
FD0172,80.75,81.25,IC
FD0172,81.25,82.25,HC
FD0172,82.25,96.0,IC
FD0172,96.0,165.3,MAF
FD0173,0.0,5.25,CG
FD0173,5.25,15.25,HF
FD0173,15.25,15.5,IF
FD0173,15.5,15.75,HF
FD0173,15.75,16.0,IF
FD0173,16.0,17.25,HF
FD0173,17.25,18.75,IC
FD0173,18.75,19.25,HC
FD0173,19.25,43.0,IC
FD0173,43.0,65.75,HC
FD0173,65.75,69.5,IC
FD0173,69.5,71.0,HC
FD0173,71.0,71.25,IC
FD0173,71.25,71.75,HC
FD0173,71.75,72.25,IC
FD0173,72.25,72.5,HC
FD0173,72.5,74.75,IC
FD0173,74.75,75.0,HC
FD0173,75.0,104.0,IC
FD0173,104.0,104.25,HC
FD0173,104.25,112.75,IC
FD0173,112.75,113.75,HC
FD0173,113.75,114.0,IC
FD0173,114.0,114.25,HC
FD0173,114.25,114.5,IC
FD0173,114.5,120.75,HC
FD0173,120.75,121.75,IC
FD0173,121.75,122.75,HC
FD0173,122.75,124.0,IC
FD0173,124.0,124.25,HC
FD0173,124.25,126.0,IC
FD0173,126.0,128.75,HC
FD0173,128.75,139.0,IC
FD0173,139.0,139.25,HC
FD0173,139.25,139.75,IC
FD0173,139.75,143.5,HC
FD0173,143.5,152.25,IC
FD0173,152.25,156.25,HC
FD0173,156.25,156.5,IC
FD0173,156.5,158.25,HC
FD0173,158.25,159.75,IC
FD0173,159.75,160.0,HC
FD0173,160.0,160.25,IC
FD0173,160.25,190.71,MAF
FD0174,0.0,4.25,CG
FD0174,4.25,26.0,HF
FD0174,26.0,31.5,HC
FD0174,31.5,31.75,IC
FD0174,31.75,33.0,HC
FD0174,33.0,39.0,IC
FD0174,39.0,41.75,HC
FD0174,41.75,42.0,IC
FD0174,42.0,42.25,HC
FD0174,42.25,61.75,IC
FD0174,61.75,66.25,HC
FD0174,66.25,66.5,IC
FD0174,66.5,66.75,HC
FD0174,66.75,68.75,IC
FD0174,68.75,69.0,HC
FD0174,69.0,69.25,IC
FD0174,69.25,70.0,HC
FD0174,70.0,70.25,IC
FD0174,70.25,72.5,HC
FD0174,72.5,72.75,IC
FD0174,72.75,73.25,HC
FD0174,73.25,80.5,IC
FD0174,80.5,83.75,HC
FD0174,83.75,84.5,IC
FD0174,84.5,84.75,HC
FD0174,84.75,122.25,IC
FD0174,122.25,135.25,HC
FD0174,135.25,144.5,IC
FD0174,144.5,145.0,HC
FD0174,145.0,218.0,IC
FD0174,218.0,218.25,HC
FD0174,218.25,219.5,IC
FD0174,219.5,219.75,HC
FD0174,219.75,221.5,IC
FD0174,221.5,226.09,MAF
FD0175,0.0,6.25,CG
FD0175,6.25,89.75,HF
FD0175,89.75,90.25,IF
FD0175,90.25,97.0,HF
FD0175,97.0,98.25,IC
FD0175,98.25,98.75,HC
FD0175,98.75,99.0,IC
FD0175,99.0,99.25,HC
FD0175,99.25,100.5,IC
FD0175,100.5,101.0,HC
FD0175,101.0,170.25,IC
FD0175,170.25,170.5,HC
FD0175,170.5,171.0,IC
FD0175,171.0,171.25,HC
FD0175,171.25,191.75,IC
FD0175,191.75,192.0,HC
FD0175,192.0,264.83,MAF
FD0176,0.0,0.75,CG
FD0176,0.75,22.25,HF
FD0176,22.25,22.5,IF
FD0176,22.5,79.0,HF
FD0176,79.0,121.25,IC
FD0176,121.25,263.02,MAF
FD0177,0.0,3.75,CG
FD0177,3.75,10.25,IF
FD0177,10.25,10.5,HF
FD0177,10.5,11.5,IF
FD0177,11.5,16.5,HF
FD0177,16.5,19.5,IF
FD0177,19.5,19.75,HF
FD0177,19.75,26.25,IF
FD0177,26.25,26.5,HF
FD0177,26.5,26.75,IF
FD0177,26.75,27.0,HF
FD0177,27.0,28.75,IF
FD0177,28.75,29.5,HF
FD0177,29.5,32.25,IF
FD0177,32.25,32.5,HF
FD0177,32.5,33.5,IF
FD0177,33.5,34.0,HF
FD0177,34.0,34.75,IF
FD0177,34.75,35.75,HF
FD0177,35.75,39.5,IF
FD0177,39.5,73.0,HF
FD0177,73.0,90.5,IC
FD0177,90.5,247.83,MAF
FD0178,0.0,11.75,CG
FD0178,11.75,22.25,IF
FD0178,22.25,25.0,IC
FD0178,25.0,30.0,HC
FD0178,30.0,30.75,IC
FD0178,30.75,31.0,HC
FD0178,31.0,86.25,IC
FD0178,86.25,87.25,HC
FD0178,87.25,202.76,MAF
FD0179,0.0,20.0,LAT
FD0179,20.0,167.31,MAF
FD0180,0.0,8.0,CG
FD0180,8.0,15.5,HF
FD0180,15.5,15.75,IF
FD0180,15.75,27.0,HF
FD0180,27.0,36.25,IC
FD0180,36.25,40.25,HC
FD0180,40.25,45.75,IC
FD0180,45.75,46.25,HC
FD0180,46.25,46.5,IC
FD0180,46.5,47.0,HC
FD0180,47.0,47.25,IC
FD0180,47.25,47.5,HC
FD0180,47.5,48.5,IC
FD0180,48.5,51.25,HC
FD0180,51.25,56.25,IC
FD0180,56.25,61.0,HC
FD0180,61.0,61.75,IC
FD0180,61.75,62.25,HC
FD0180,62.25,63.5,IC
FD0180,63.5,63.75,HC
FD0180,63.75,64.0,IC
FD0180,64.0,64.25,HC
FD0180,64.25,64.5,IC
FD0180,64.5,64.75,HC
FD0180,64.75,67.25,IC
FD0180,67.25,67.75,HC
FD0180,67.75,68.0,IC
FD0180,68.0,68.5,HC
FD0180,68.5,68.75,IC
FD0180,68.75,69.75,HC
FD0180,69.75,70.25,IC
FD0180,70.25,70.5,HC
FD0180,70.5,70.75,IC
FD0180,70.75,72.0,HC
FD0180,72.0,79.75,IC
FD0180,79.75,80.5,HC
FD0180,80.5,81.0,IC
FD0180,81.0,82.25,HC
FD0180,82.25,90.5,IC
FD0180,90.5,90.75,HC
FD0180,90.75,91.0,IC
FD0180,91.0,91.25,HC
FD0180,91.25,92.0,IC
FD0180,92.0,92.25,HC
FD0180,92.25,121.75,IC
FD0180,121.75,123.0,HC
FD0180,123.0,220.0,IC
FD0180,220.0,220.25,HC
FD0180,220.25,236.23,MAF
FD0181,0.0,10.5,CG
FD0181,10.5,31.5,HF
FD0181,31.5,45.75,IC
FD0181,45.75,46.0,HC
FD0181,46.0,47.5,IC
FD0181,47.5,61.0,HC
FD0181,61.0,62.5,IC
FD0181,62.5,64.25,HC
FD0181,64.25,64.5,IC
FD0181,64.5,65.5,HC
FD0181,65.5,66.0,IC
FD0181,66.0,66.25,HC
FD0181,66.25,66.5,IC
FD0181,66.5,66.75,HC
FD0181,66.75,67.0,IC
FD0181,67.0,67.75,HC
FD0181,67.75,113.75,IC
FD0181,113.75,114.5,HC
FD0181,114.5,116.5,IC
FD0181,116.5,116.75,HC
FD0181,116.75,117.0,IC
FD0181,117.0,117.25,HC
FD0181,117.25,117.5,IC
FD0181,117.5,118.25,HC
FD0181,118.25,135.75,IC
FD0181,135.75,137.0,HC
FD0181,137.0,137.5,IC
FD0181,137.5,138.0,HC
FD0181,138.0,138.5,IC
FD0181,138.5,138.75,HC
FD0181,138.75,139.25,IC
FD0181,139.25,139.75,HC
FD0181,139.75,140.0,IC
FD0181,140.0,140.25,HC
FD0181,140.25,149.5,IC
FD0181,149.5,151.25,HC
FD0181,151.25,151.5,IC
FD0181,151.5,152.0,HC
FD0181,152.0,157.25,IC
FD0181,157.25,158.0,HC
FD0181,158.0,170.0,IC
FD0181,170.0,170.75,HC
FD0181,170.75,171.25,IC
FD0181,171.25,171.5,HC
FD0181,171.5,171.75,IC
FD0181,171.75,172.0,HC
FD0181,172.0,172.25,IC
FD0181,172.25,173.0,HC
FD0181,173.0,173.25,IC
FD0181,173.25,173.5,HC
FD0181,173.5,176.75,IC
FD0181,176.75,254.77,MAF
FD0182,0.0,6.25,CG
FD0182,6.25,6.5,HF
FD0182,6.5,31.0,IF
FD0182,31.0,31.75,HF
FD0182,31.75,32.25,IF
FD0182,32.25,45.25,HF
FD0182,45.25,49.5,HC
FD0182,49.5,102.75,IC
FD0182,102.75,237.04,MAF
FD0183,0.0,6.5,CG
FD0183,6.5,25.5,HF
FD0183,25.5,47.5,IC
FD0183,47.5,47.75,HC
FD0183,47.75,48.5,IC
FD0183,48.5,48.75,HC
FD0183,48.75,50.0,IC
FD0183,50.0,50.25,HC
FD0183,50.25,52.25,IC
FD0183,52.25,52.5,HC
FD0183,52.5,52.75,IC
FD0183,52.75,53.25,HC
FD0183,53.25,57.0,IC
FD0183,57.0,57.25,HC
FD0183,57.25,66.0,IC
FD0183,66.0,255.39,MAF
FD0184,0.0,19.0,LAT
FD0184,19.0,182.9,MAF
FD0185,0.0,5.75,CG
FD0185,5.75,16.25,HF
FD0185,16.25,17.25,IF
FD0185,17.25,30.25,HF
FD0185,30.25,57.25,IC
FD0185,57.25,60.5,HC
FD0185,60.5,60.75,IC
FD0185,60.75,68.5,HC
FD0185,68.5,69.0,IC
FD0185,69.0,71.0,HC
FD0185,71.0,71.5,IC
FD0185,71.5,73.75,HC
FD0185,73.75,74.25,IC
FD0185,74.25,74.75,HC
FD0185,74.75,75.0,IC
FD0185,75.0,75.25,HC
FD0185,75.25,75.75,IC
FD0185,75.75,76.0,HC
FD0185,76.0,77.0,IC
FD0185,77.0,77.75,HC
FD0185,77.75,81.25,IC
FD0185,81.25,82.0,HC
FD0185,82.0,84.0,IC
FD0185,84.0,84.5,HC
FD0185,84.5,92.5,IC
FD0185,92.5,92.75,HC
FD0185,92.75,93.25,IC
FD0185,93.25,99.0,HC
FD0185,99.0,175.5,IC
FD0185,175.5,175.75,HC
FD0185,175.75,179.5,IC
FD0185,179.5,180.5,HC
FD0185,180.5,200.25,IC
FD0185,200.25,230.74,MAF
FD0186,0.0,7.25,CG
FD0186,7.25,11.75,IF
FD0186,11.75,12.75,HF
FD0186,12.75,13.0,IF
FD0186,13.0,14.75,HF
FD0186,14.75,16.75,IF
FD0186,16.75,39.25,HF
FD0186,39.25,39.75,IC
FD0186,39.75,40.0,HC
FD0186,40.0,40.25,IC
FD0186,40.25,40.75,HC
FD0186,40.75,41.0,IC
FD0186,41.0,41.75,HC
FD0186,41.75,42.25,IC
FD0186,42.25,44.25,HC
FD0186,44.25,53.0,IC
FD0186,53.0,53.25,HC
FD0186,53.25,53.5,IC
FD0186,53.5,61.75,HC
FD0186,61.75,65.5,IC
FD0186,65.5,65.75,HC
FD0186,65.75,101.25,IC
FD0186,101.25,105.25,HC
FD0186,105.25,108.5,IC
FD0186,108.5,109.5,HC
FD0186,109.5,122.25,IC
FD0186,122.25,123.75,HC
FD0186,123.75,124.25,IC
FD0186,124.25,124.5,HC
FD0186,124.5,125.5,IC
FD0186,125.5,126.0,HC
FD0186,126.0,126.25,IC
FD0186,126.25,126.75,HC
FD0186,126.75,127.0,IC
FD0186,127.0,127.25,HC
FD0186,127.25,166.5,IC
FD0186,166.5,166.75,HC
FD0186,166.75,167.25,IC
FD0186,167.25,246.39,MAF
FD0187,0.0,2.5,CG
FD0187,2.5,3.0,HF
FD0187,3.0,3.25,IF
FD0187,3.25,4.5,HF
FD0187,4.5,4.75,IF
FD0187,4.75,12.25,HF
FD0187,12.25,13.25,IF
FD0187,13.25,13.5,HF
FD0187,13.5,26.75,IC
FD0187,26.75,27.0,HC
FD0187,27.0,27.5,IC
FD0187,27.5,27.75,HC
FD0187,27.75,32.25,IC
FD0187,32.25,32.5,HC
FD0187,32.5,35.5,IC
FD0187,35.5,232.49,MAF
