WELL,MD_FROM,MD_TO,X,Y,Z,UNIT,FACIES,FACIES_NAME
F01,1494.4,1494.6,784.52,1893.88,-1482.06,UPPER,2,SAND_SHALY
F01,1494.6,1494.8,784.52,1893.85,-1482.25,UPPER,2,SAND_SHALY
F01,1494.8,1495.0,784.53,1893.82,-1482.45,UPPER,1,SAND_CLEAN
F01,1495.0,1495.2,784.54,1893.78,-1482.65,UPPER,1,SAND_CLEAN
F01,1495.2,1495.4,784.55,1893.75,-1482.85,UPPER,5,CEMENTED
F01,1495.4,1495.6,784.55,1893.72,-1483.04,UPPER,5,CEMENTED
F01,1495.6,1495.8,784.56,1893.69,-1483.24,UPPER,1,SAND_CLEAN
F01,1495.8,1496.0,784.57,1893.66,-1483.44,UPPER,1,SAND_CLEAN
F01,1496.0,1496.2,784.57,1893.63,-1483.64,UPPER,1,SAND_CLEAN
F01,1496.2,1496.4,784.58,1893.6,-1483.83,UPPER,1,SAND_CLEAN
F01,1496.4,1496.6,784.59,1893.57,-1484.03,UPPER,1,SAND_CLEAN
F01,1496.6,1496.8,784.59,1893.54,-1484.23,UPPER,1,SAND_CLEAN
F01,1496.8,1497.0,784.6,1893.51,-1484.43,UPPER,1,SAND_CLEAN
F01,1497.0,1497.2,784.61,1893.47,-1484.62,UPPER,1,SAND_CLEAN
F01,1497.2,1497.4,784.61,1893.44,-1484.82,UPPER,1,SAND_CLEAN
F01,1497.4,1497.6,784.62,1893.41,-1485.02,UPPER,1,SAND_CLEAN
F01,1497.6,1497.8,784.63,1893.38,-1485.22,UPPER,1,SAND_CLEAN
F01,1497.8,1498.0,784.63,1893.35,-1485.41,UPPER,1,SAND_CLEAN
F01,1498.0,1498.2,784.64,1893.32,-1485.61,UPPER,1,SAND_CLEAN
F01,1498.2,1498.4,784.65,1893.29,-1485.81,UPPER,1,SAND_CLEAN
F01,1498.4,1498.6,784.66,1893.26,-1486.01,UPPER,1,SAND_CLEAN
F01,1498.6,1498.8,784.66,1893.23,-1486.2,UPPER,2,SAND_SHALY
F01,1498.8,1499.0,784.67,1893.2,-1486.4,UPPER,1,SAND_CLEAN
F01,1499.0,1499.2,784.68,1893.16,-1486.6,UPPER,1,SAND_CLEAN
F01,1499.2,1499.4,784.68,1893.13,-1486.8,UPPER,1,SAND_CLEAN
F01,1499.4,1499.6,784.69,1893.1,-1486.99,UPPER,1,SAND_CLEAN
F01,1499.6,1499.8,784.7,1893.07,-1487.19,UPPER,1,SAND_CLEAN
F01,1499.8,1500.0,784.7,1893.04,-1487.39,UPPER,1,SAND_CLEAN
F01,1500.0,1500.2,784.71,1893.01,-1487.59,UPPER,1,SAND_CLEAN
F01,1500.2,1500.4,784.72,1892.98,-1487.78,UPPER,2,SAND_SHALY
F01,1500.4,1500.6,784.72,1892.95,-1487.98,UPPER,2,SAND_SHALY
F01,1500.6,1500.8,784.73,1892.92,-1488.18,UPPER,2,SAND_SHALY
F01,1500.8,1501.0,784.74,1892.89,-1488.38,UPPER,2,SAND_SHALY
F01,1501.0,1501.2,784.74,1892.85,-1488.57,UPPER,2,SAND_SHALY
F01,1501.2,1501.4,784.75,1892.82,-1488.77,LOWER,2,SAND_SHALY
F01,1501.4,1501.6,784.76,1892.79,-1488.97,LOWER,2,SAND_SHALY
F01,1501.6,1501.8,784.77,1892.76,-1489.16,LOWER,1,SAND_CLEAN
F01,1501.8,1502.0,784.77,1892.73,-1489.36,LOWER,2,SAND_SHALY
F01,1502.0,1502.2,784.78,1892.7,-1489.56,LOWER,2,SAND_SHALY
F01,1502.2,1502.4,784.79,1892.67,-1489.76,LOWER,3,HETEROLITHIC
F01,1502.4,1502.6,784.79,1892.64,-1489.95,LOWER,4,SHALE
F01,1502.6,1502.8,784.8,1892.61,-1490.15,LOWER,4,SHALE
F01,1502.8,1503.0,784.81,1892.58,-1490.35,LOWER,4,SHALE
F01,1503.0,1503.2,784.81,1892.54,-1490.55,LOWER,3,HETEROLITHIC
F01,1503.2,1503.4,784.82,1892.51,-1490.74,LOWER,3,HETEROLITHIC
F01,1503.4,1503.6,784.83,1892.48,-1490.94,LOWER,3,HETEROLITHIC
F01,1503.6,1503.8,784.83,1892.45,-1491.14,LOWER,2,SAND_SHALY
F01,1503.8,1504.0,784.84,1892.42,-1491.34,LOWER,2,SAND_SHALY
F01,1504.0,1504.2,784.85,1892.39,-1491.53,LOWER,2,SAND_SHALY
F01,1504.2,1504.4,784.85,1892.36,-1491.73,LOWER,1,SAND_CLEAN
F01,1504.4,1504.6,784.86,1892.33,-1491.93,LOWER,1,SAND_CLEAN
F01,1504.6,1504.8,784.87,1892.3,-1492.13,LOWER,1,SAND_CLEAN
F01,1504.8,1505.0,784.87,1892.27,-1492.32,LOWER,1,SAND_CLEAN
F01,1505.0,1505.2,784.88,1892.23,-1492.52,LOWER,1,SAND_CLEAN
F01,1505.2,1505.4,784.89,1892.2,-1492.72,LOWER,1,SAND_CLEAN
F01,1505.4,1505.6,784.9,1892.17,-1492.92,LOWER,1,SAND_CLEAN
F01,1505.6,1505.8,784.9,1892.14,-1493.11,LOWER,1,SAND_CLEAN
F01,1505.8,1506.0,784.91,1892.11,-1493.31,LOWER,1,SAND_CLEAN
F01,1506.0,1506.2,784.92,1892.08,-1493.51,LOWER,1,SAND_CLEAN
F01,1506.2,1506.4,784.92,1892.05,-1493.71,LOWER,1,SAND_CLEAN
F01,1506.4,1506.6,784.93,1892.02,-1493.9,LOWER,1,SAND_CLEAN
F01,1506.6,1506.8,784.94,1891.99,-1494.1,LOWER,2,SAND_SHALY
F01,1506.8,1507.0,784.94,1891.96,-1494.3,LOWER,3,HETEROLITHIC
F01,1507.0,1507.2,784.95,1891.92,-1494.5,LOWER,3,HETEROLITHIC
F01,1507.2,1507.4,784.96,1891.89,-1494.69,LOWER,3,HETEROLITHIC
F01,1507.4,1507.6,784.96,1891.86,-1494.89,LOWER,2,SAND_SHALY
F01,1507.6,1507.8,784.97,1891.83,-1495.09,LOWER,1,SAND_CLEAN
F01,1507.8,1508.0,784.98,1891.8,-1495.29,LOWER,1,SAND_CLEAN
F01,1508.0,1508.2,784.98,1891.77,-1495.48,LOWER,1,SAND_CLEAN
F01,1508.2,1508.4,784.99,1891.74,-1495.68,LOWER,1,SAND_CLEAN
F01,1508.4,1508.6,785.0,1891.71,-1495.88,LOWER,1,SAND_CLEAN
F01,1508.6,1508.8,785.01,1891.68,-1496.08,LOWER,1,SAND_CLEAN
F01,1508.8,1509.0,785.01,1891.65,-1496.27,LOWER,1,SAND_CLEAN
F01,1509.0,1509.2,785.02,1891.61,-1496.47,LOWER,1,SAND_CLEAN
F01,1509.2,1509.4,785.03,1891.58,-1496.67,LOWER,1,SAND_CLEAN
F01,1509.4,1509.6,785.03,1891.55,-1496.87,LOWER,1,SAND_CLEAN
F01,1509.6,1509.8,785.04,1891.52,-1497.06,LOWER,1,SAND_CLEAN
F01,1509.8,1510.0,785.05,1891.49,-1497.26,LOWER,1,SAND_CLEAN
F01,1510.0,1510.2,785.05,1891.46,-1497.46,LOWER,1,SAND_CLEAN
F02,1504.4,1504.6,3782.51,1830.6,-1494.5,UPPER,1,SAND_CLEAN
F02,1504.6,1504.8,3782.51,1830.6,-1494.7,UPPER,1,SAND_CLEAN
F02,1504.8,1505.0,3782.51,1830.6,-1494.9,UPPER,1,SAND_CLEAN
F02,1505.0,1505.2,3782.51,1830.6,-1495.1,UPPER,1,SAND_CLEAN
F02,1505.2,1505.4,3782.51,1830.6,-1495.3,UPPER,1,SAND_CLEAN
F02,1505.4,1505.6,3782.51,1830.6,-1495.5,UPPER,1,SAND_CLEAN
F02,1505.6,1505.8,3782.51,1830.6,-1495.7,UPPER,1,SAND_CLEAN
F02,1505.8,1506.0,3782.51,1830.6,-1495.9,UPPER,1,SAND_CLEAN
F02,1506.0,1506.2,3782.51,1830.6,-1496.1,UPPER,1,SAND_CLEAN
F02,1506.2,1506.4,3782.51,1830.6,-1496.3,UPPER,1,SAND_CLEAN
F02,1506.4,1506.6,3782.51,1830.6,-1496.5,UPPER,2,SAND_SHALY
F02,1506.6,1506.8,3782.51,1830.6,-1496.7,UPPER,2,SAND_SHALY
F02,1506.8,1507.0,3782.51,1830.6,-1496.9,UPPER,2,SAND_SHALY
F02,1507.0,1507.2,3782.51,1830.6,-1497.1,UPPER,2,SAND_SHALY
F02,1507.2,1507.4,3782.51,1830.6,-1497.3,UPPER,3,HETEROLITHIC
F02,1507.4,1507.6,3782.51,1830.6,-1497.5,UPPER,3,HETEROLITHIC
F02,1507.6,1507.8,3782.51,1830.6,-1497.7,UPPER,3,HETEROLITHIC
F02,1507.8,1508.0,3782.51,1830.6,-1497.9,UPPER,3,HETEROLITHIC
F02,1508.0,1508.2,3782.51,1830.6,-1498.1,UPPER,3,HETEROLITHIC
F02,1508.2,1508.4,3782.51,1830.6,-1498.3,UPPER,3,HETEROLITHIC
F02,1508.4,1508.6,3782.51,1830.6,-1498.5,UPPER,2,SAND_SHALY
F02,1508.6,1508.8,3782.51,1830.6,-1498.7,UPPER,1,SAND_CLEAN
F02,1508.8,1509.0,3782.51,1830.6,-1498.9,UPPER,1,SAND_CLEAN
F02,1509.0,1509.2,3782.51,1830.6,-1499.1,UPPER,2,SAND_SHALY
F02,1509.2,1509.4,3782.51,1830.6,-1499.3,UPPER,2,SAND_SHALY
F02,1509.4,1509.6,3782.51,1830.6,-1499.5,UPPER,3,HETEROLITHIC
F02,1509.6,1509.8,3782.51,1830.6,-1499.7,UPPER,3,HETEROLITHIC
F02,1509.8,1510.0,3782.51,1830.6,-1499.9,UPPER,3,HETEROLITHIC
F02,1510.0,1510.2,3782.51,1830.6,-1500.1,UPPER,3,HETEROLITHIC
F02,1510.2,1510.4,3782.51,1830.6,-1500.3,UPPER,3,HETEROLITHIC
F02,1510.4,1510.6,3782.51,1830.6,-1500.5,UPPER,3,HETEROLITHIC
F02,1510.6,1510.8,3782.51,1830.6,-1500.7,UPPER,4,SHALE
F02,1510.8,1511.0,3782.51,1830.6,-1500.9,UPPER,4,SHALE
F02,1511.0,1511.2,3782.51,1830.6,-1501.1,UPPER,4,SHALE
F02,1511.2,1511.4,3782.51,1830.6,-1501.3,UPPER,4,SHALE
F02,1511.4,1511.6,3782.51,1830.6,-1501.5,UPPER,4,SHALE
F02,1511.6,1511.8,3782.51,1830.6,-1501.7,UPPER,4,SHALE
F02,1511.8,1512.0,3782.51,1830.6,-1501.9,UPPER,4,SHALE
F02,1512.0,1512.2,3782.51,1830.6,-1502.1,UPPER,4,SHALE
F02,1512.2,1512.4,3782.51,1830.6,-1502.3,UPPER,4,SHALE
F02,1512.4,1512.6,3782.51,1830.6,-1502.5,UPPER,4,SHALE
F02,1512.6,1512.8,3782.51,1830.6,-1502.7,UPPER,4,SHALE
F02,1512.8,1513.0,3782.51,1830.6,-1502.9,UPPER,4,SHALE
F02,1513.0,1513.2,3782.51,1830.6,-1503.1,UPPER,4,SHALE
F02,1513.2,1513.4,3782.51,1830.6,-1503.3,UPPER,4,SHALE
F02,1513.4,1513.6,3782.51,1830.6,-1503.5,UPPER,4,SHALE
F02,1513.6,1513.8,3782.51,1830.6,-1503.7,UPPER,4,SHALE
F02,1513.8,1514.0,3782.51,1830.6,-1503.9,LOWER,4,SHALE
F02,1514.0,1514.2,3782.51,1830.6,-1504.1,LOWER,4,SHALE
F02,1514.2,1514.4,3782.51,1830.6,-1504.3,LOWER,4,SHALE
F02,1514.4,1514.6,3782.51,1830.6,-1504.5,LOWER,3,HETEROLITHIC
F02,1514.6,1514.8,3782.51,1830.6,-1504.7,LOWER,2,SAND_SHALY
F02,1514.8,1515.0,3782.51,1830.6,-1504.9,LOWER,1,SAND_CLEAN
F02,1515.0,1515.2,3782.51,1830.6,-1505.1,LOWER,1,SAND_CLEAN
F02,1515.2,1515.4,3782.51,1830.6,-1505.3,LOWER,1,SAND_CLEAN
F02,1515.4,1515.6,3782.51,1830.6,-1505.5,LOWER,2,SAND_SHALY
F02,1515.6,1515.8,3782.51,1830.6,-1505.7,LOWER,3,HETEROLITHIC
F02,1515.8,1516.0,3782.51,1830.6,-1505.9,LOWER,4,SHALE
F02,1516.0,1516.2,3782.51,1830.6,-1506.1,LOWER,4,SHALE
F02,1516.2,1516.4,3782.51,1830.6,-1506.3,LOWER,4,SHALE
F02,1516.4,1516.6,3782.51,1830.6,-1506.5,LOWER,4,SHALE
F02,1516.6,1516.8,3782.51,1830.6,-1506.7,LOWER,4,SHALE
F02,1516.8,1517.0,3782.51,1830.6,-1506.9,LOWER,3,HETEROLITHIC
F02,1517.0,1517.2,3782.51,1830.6,-1507.1,LOWER,3,HETEROLITHIC
F02,1517.2,1517.4,3782.51,1830.6,-1507.3,LOWER,3,HETEROLITHIC
F02,1517.4,1517.6,3782.51,1830.6,-1507.5,LOWER,3,HETEROLITHIC
F02,1517.6,1517.8,3782.51,1830.6,-1507.7,LOWER,4,SHALE
F02,1517.8,1518.0,3782.51,1830.6,-1507.9,LOWER,4,SHALE
F02,1518.0,1518.2,3782.51,1830.6,-1508.1,LOWER,4,SHALE
F02,1518.2,1518.4,3782.51,1830.6,-1508.3,LOWER,3,HETEROLITHIC
F02,1518.4,1518.6,3782.51,1830.6,-1508.5,LOWER,3,HETEROLITHIC
F02,1518.6,1518.8,3782.51,1830.6,-1508.7,LOWER,5,CEMENTED
F02,1518.8,1519.0,3782.51,1830.6,-1508.9,LOWER,1,SAND_CLEAN
F02,1519.0,1519.2,3782.51,1830.6,-1509.1,LOWER,1,SAND_CLEAN
F02,1519.2,1519.4,3782.51,1830.6,-1509.3,LOWER,1,SAND_CLEAN
F02,1519.4,1519.6,3782.51,1830.6,-1509.5,LOWER,2,SAND_SHALY
F02,1519.6,1519.8,3782.51,1830.6,-1509.7,LOWER,3,HETEROLITHIC
F02,1519.8,1520.0,3782.51,1830.6,-1509.9,LOWER,3,HETEROLITHIC
F02,1520.0,1520.2,3782.51,1830.6,-1510.1,LOWER,3,HETEROLITHIC
F02,1520.2,1520.4,3782.51,1830.6,-1510.3,LOWER,4,SHALE
F02,1520.4,1520.6,3782.51,1830.6,-1510.5,LOWER,4,SHALE
F02,1520.6,1520.8,3782.51,1830.6,-1510.7,LOWER,4,SHALE
F02,1520.8,1521.0,3782.51,1830.6,-1510.9,LOWER,4,SHALE
F02,1521.0,1521.2,3782.51,1830.6,-1511.1,LOWER,4,SHALE
F03,1492.0,1492.2,715.4,2949.98,-1482.1,UPPER,4,SHALE
F03,1492.2,1492.4,715.4,2949.98,-1482.3,UPPER,4,SHALE
F03,1492.4,1492.6,715.4,2949.98,-1482.5,UPPER,4,SHALE
F03,1492.6,1492.8,715.4,2949.98,-1482.7,UPPER,4,SHALE
F03,1492.8,1493.0,715.4,2949.98,-1482.9,UPPER,4,SHALE
F03,1493.0,1493.2,715.4,2949.98,-1483.1,UPPER,4,SHALE
F03,1493.2,1493.4,715.4,2949.98,-1483.3,UPPER,2,SAND_SHALY
F03,1493.4,1493.6,715.4,2949.98,-1483.5,UPPER,1,SAND_CLEAN
F03,1493.6,1493.8,715.4,2949.98,-1483.7,UPPER,1,SAND_CLEAN
F03,1493.8,1494.0,715.4,2949.98,-1483.9,UPPER,1,SAND_CLEAN
F03,1494.0,1494.2,715.4,2949.98,-1484.1,UPPER,1,SAND_CLEAN
F03,1494.2,1494.4,715.4,2949.98,-1484.3,UPPER,1,SAND_CLEAN
F03,1494.4,1494.6,715.4,2949.98,-1484.5,UPPER,1,SAND_CLEAN
F03,1494.6,1494.8,715.4,2949.98,-1484.7,UPPER,1,SAND_CLEAN
F03,1494.8,1495.0,715.4,2949.98,-1484.9,UPPER,1,SAND_CLEAN
F03,1495.0,1495.2,715.4,2949.98,-1485.1,UPPER,2,SAND_SHALY
F03,1495.2,1495.4,715.4,2949.98,-1485.3,UPPER,2,SAND_SHALY
F03,1495.4,1495.6,715.4,2949.98,-1485.5,UPPER,1,SAND_CLEAN
F03,1495.6,1495.8,715.4,2949.98,-1485.7,UPPER,1,SAND_CLEAN
F03,1495.8,1496.0,715.4,2949.98,-1485.9,UPPER,1,SAND_CLEAN
F03,1496.0,1496.2,715.4,2949.98,-1486.1,UPPER,5,CEMENTED
F03,1496.2,1496.4,715.4,2949.98,-1486.3,UPPER,1,SAND_CLEAN
F03,1496.4,1496.6,715.4,2949.98,-1486.5,UPPER,2,SAND_SHALY
F03,1496.6,1496.8,715.4,2949.98,-1486.7,UPPER,3,HETEROLITHIC
F03,1496.8,1497.0,715.4,2949.98,-1486.9,UPPER,3,HETEROLITHIC
F03,1497.0,1497.2,715.4,2949.98,-1487.1,UPPER,3,HETEROLITHIC
F03,1497.2,1497.4,715.4,2949.98,-1487.3,LOWER,1,SAND_CLEAN
F03,1497.4,1497.6,715.4,2949.98,-1487.5,LOWER,2,SAND_SHALY
F03,1497.6,1497.8,715.4,2949.98,-1487.7,LOWER,4,SHALE
F03,1497.8,1498.0,715.4,2949.98,-1487.9,LOWER,4,SHALE
F03,1498.0,1498.2,715.4,2949.98,-1488.1,LOWER,4,SHALE
F03,1498.2,1498.4,715.4,2949.98,-1488.3,LOWER,3,HETEROLITHIC
F03,1498.4,1498.6,715.4,2949.98,-1488.5,LOWER,4,SHALE
F03,1498.6,1498.8,715.4,2949.98,-1488.7,LOWER,4,SHALE
F03,1498.8,1499.0,715.4,2949.98,-1488.9,LOWER,4,SHALE
F03,1499.0,1499.2,715.4,2949.98,-1489.1,LOWER,4,SHALE
F03,1499.2,1499.4,715.4,2949.98,-1489.3,LOWER,4,SHALE
F03,1499.4,1499.6,715.4,2949.98,-1489.5,LOWER,4,SHALE
F03,1499.6,1499.8,715.4,2949.98,-1489.7,LOWER,3,HETEROLITHIC
F03,1499.8,1500.0,715.4,2949.98,-1489.9,LOWER,3,HETEROLITHIC
F03,1500.0,1500.2,715.4,2949.98,-1490.1,LOWER,2,SAND_SHALY
F03,1500.2,1500.4,715.4,2949.98,-1490.3,LOWER,1,SAND_CLEAN
F03,1500.4,1500.6,715.4,2949.98,-1490.5,LOWER,1,SAND_CLEAN
F03,1500.6,1500.8,715.4,2949.98,-1490.7,LOWER,3,HETEROLITHIC
F03,1500.8,1501.0,715.4,2949.98,-1490.9,LOWER,3,HETEROLITHIC
F03,1501.0,1501.2,715.4,2949.98,-1491.1,LOWER,3,HETEROLITHIC
F03,1501.2,1501.4,715.4,2949.98,-1491.3,LOWER,2,SAND_SHALY
F03,1501.4,1501.6,715.4,2949.98,-1491.5,LOWER,3,HETEROLITHIC
F03,1501.6,1501.8,715.4,2949.98,-1491.7,LOWER,2,SAND_SHALY
F04,1497.8,1498.0,3327.44,3571.29,-1487.9,UPPER,4,SHALE
F04,1498.0,1498.2,3327.44,3571.29,-1488.1,UPPER,4,SHALE
F04,1498.2,1498.4,3327.44,3571.29,-1488.3,UPPER,4,SHALE
F04,1498.4,1498.6,3327.44,3571.29,-1488.5,UPPER,4,SHALE
F04,1498.6,1498.8,3327.44,3571.29,-1488.7,UPPER,4,SHALE
F04,1498.8,1499.0,3327.44,3571.29,-1488.9,UPPER,4,SHALE
F04,1499.0,1499.2,3327.44,3571.29,-1489.1,UPPER,4,SHALE
F04,1499.2,1499.4,3327.44,3571.29,-1489.3,UPPER,3,HETEROLITHIC
F04,1499.4,1499.6,3327.44,3571.29,-1489.5,UPPER,2,SAND_SHALY
F04,1499.6,1499.8,3327.44,3571.29,-1489.7,UPPER,5,CEMENTED
F04,1499.8,1500.0,3327.44,3571.29,-1489.9,UPPER,5,CEMENTED
F04,1500.0,1500.2,3327.44,3571.29,-1490.1,UPPER,5,CEMENTED
F04,1500.2,1500.4,3327.44,3571.29,-1490.3,UPPER,5,CEMENTED
F04,1500.4,1500.6,3327.44,3571.29,-1490.5,UPPER,5,CEMENTED
F04,1500.6,1500.8,3327.44,3571.29,-1490.7,UPPER,5,CEMENTED
F04,1500.8,1501.0,3327.44,3571.29,-1490.9,UPPER,5,CEMENTED
F04,1501.0,1501.2,3327.44,3571.29,-1491.1,UPPER,1,SAND_CLEAN
F04,1501.2,1501.4,3327.44,3571.29,-1491.3,UPPER,1,SAND_CLEAN
F04,1501.4,1501.6,3327.44,3571.29,-1491.5,UPPER,1,SAND_CLEAN
F04,1501.6,1501.8,3327.44,3571.29,-1491.7,UPPER,1,SAND_CLEAN
F04,1501.8,1502.0,3327.44,3571.29,-1491.9,UPPER,1,SAND_CLEAN
F04,1502.0,1502.2,3327.44,3571.29,-1492.1,UPPER,1,SAND_CLEAN
F04,1502.2,1502.4,3327.44,3571.29,-1492.3,UPPER,1,SAND_CLEAN
F04,1502.4,1502.6,3327.44,3571.29,-1492.5,UPPER,1,SAND_CLEAN
F04,1502.6,1502.8,3327.44,3571.29,-1492.7,UPPER,5,CEMENTED
F04,1502.8,1503.0,3327.44,3571.29,-1492.9,UPPER,5,CEMENTED
F04,1503.0,1503.2,3327.44,3571.29,-1493.1,UPPER,1,SAND_CLEAN
F04,1503.2,1503.4,3327.44,3571.29,-1493.3,UPPER,1,SAND_CLEAN
F04,1503.4,1503.6,3327.44,3571.29,-1493.5,UPPER,1,SAND_CLEAN
F04,1503.6,1503.8,3327.44,3571.29,-1493.7,UPPER,1,SAND_CLEAN
F04,1503.8,1504.0,3327.44,3571.29,-1493.9,UPPER,2,SAND_SHALY
F04,1504.0,1504.2,3327.44,3571.29,-1494.1,UPPER,2,SAND_SHALY
F04,1504.2,1504.4,3327.44,3571.29,-1494.3,UPPER,5,CEMENTED
F04,1504.4,1504.6,3327.44,3571.29,-1494.5,UPPER,3,HETEROLITHIC
F04,1504.6,1504.8,3327.44,3571.29,-1494.7,UPPER,3,HETEROLITHIC
F04,1504.8,1505.0,3327.44,3571.29,-1494.9,UPPER,4,SHALE
F04,1505.0,1505.2,3327.44,3571.29,-1495.1,UPPER,4,SHALE
F04,1505.2,1505.4,3327.44,3571.29,-1495.3,UPPER,4,SHALE
F04,1505.4,1505.6,3327.44,3571.29,-1495.5,UPPER,4,SHALE
F04,1505.6,1505.8,3327.44,3571.29,-1495.7,UPPER,4,SHALE
F04,1505.8,1506.0,3327.44,3571.29,-1495.9,UPPER,4,SHALE
F04,1506.0,1506.2,3327.44,3571.29,-1496.1,UPPER,4,SHALE
F04,1506.2,1506.4,3327.44,3571.29,-1496.3,UPPER,4,SHALE
F04,1506.4,1506.6,3327.44,3571.29,-1496.5,UPPER,4,SHALE
F04,1506.6,1506.8,3327.44,3571.29,-1496.7,UPPER,4,SHALE
F04,1506.8,1507.0,3327.44,3571.29,-1496.9,UPPER,4,SHALE
F04,1507.0,1507.2,3327.44,3571.29,-1497.1,UPPER,3,HETEROLITHIC
F04,1507.2,1507.4,3327.44,3571.29,-1497.3,UPPER,3,HETEROLITHIC
F04,1507.4,1507.6,3327.44,3571.29,-1497.5,UPPER,3,HETEROLITHIC
F04,1507.6,1507.8,3327.44,3571.29,-1497.7,UPPER,3,HETEROLITHIC
F04,1507.8,1508.0,3327.44,3571.29,-1497.9,UPPER,3,HETEROLITHIC
F04,1508.0,1508.2,3327.44,3571.29,-1498.1,UPPER,3,HETEROLITHIC
F04,1508.2,1508.4,3327.44,3571.29,-1498.3,UPPER,3,HETEROLITHIC
F04,1508.4,1508.6,3327.44,3571.29,-1498.5,UPPER,3,HETEROLITHIC
F04,1508.6,1508.8,3327.44,3571.29,-1498.7,UPPER,3,HETEROLITHIC
F04,1508.8,1509.0,3327.44,3571.29,-1498.9,UPPER,3,HETEROLITHIC
F04,1509.0,1509.2,3327.44,3571.29,-1499.1,LOWER,2,SAND_SHALY
F04,1509.2,1509.4,3327.44,3571.29,-1499.3,LOWER,2,SAND_SHALY
F04,1509.4,1509.6,3327.44,3571.29,-1499.5,LOWER,2,SAND_SHALY
F04,1509.6,1509.8,3327.44,3571.29,-1499.7,LOWER,3,HETEROLITHIC
F04,1509.8,1510.0,3327.44,3571.29,-1499.9,LOWER,4,SHALE
F04,1510.0,1510.2,3327.44,3571.29,-1500.1,LOWER,4,SHALE
F04,1510.2,1510.4,3327.44,3571.29,-1500.3,LOWER,4,SHALE
F04,1510.4,1510.6,3327.44,3571.29,-1500.5,LOWER,4,SHALE
F04,1510.6,1510.8,3327.44,3571.29,-1500.7,LOWER,3,HETEROLITHIC
F04,1510.8,1511.0,3327.44,3571.29,-1500.9,LOWER,3,HETEROLITHIC
F04,1511.0,1511.2,3327.44,3571.29,-1501.1,LOWER,4,SHALE
F04,1511.2,1511.4,3327.44,3571.29,-1501.3,LOWER,4,SHALE
F04,1511.4,1511.6,3327.44,3571.29,-1501.5,LOWER,4,SHALE
F04,1511.6,1511.8,3327.44,3571.29,-1501.7,LOWER,4,SHALE
F04,1511.8,1512.0,3327.44,3571.29,-1501.9,LOWER,4,SHALE
F04,1512.0,1512.2,3327.44,3571.29,-1502.1,LOWER,4,SHALE
F04,1512.2,1512.4,3327.44,3571.29,-1502.3,LOWER,4,SHALE
F04,1512.4,1512.6,3327.44,3571.29,-1502.5,LOWER,4,SHALE
F04,1512.6,1512.8,3327.44,3571.29,-1502.7,LOWER,4,SHALE
F04,1512.8,1513.0,3327.44,3571.29,-1502.9,LOWER,4,SHALE
F04,1513.0,1513.2,3327.44,3571.29,-1503.1,LOWER,3,HETEROLITHIC
F04,1513.2,1513.4,3327.44,3571.29,-1503.3,LOWER,1,SAND_CLEAN
F04,1513.4,1513.6,3327.44,3571.29,-1503.5,LOWER,1,SAND_CLEAN
F05,1504.6,1504.8,3030.01,3741.88,-1489.54,UPPER,4,SHALE
F05,1504.8,1505.0,3029.95,3741.84,-1489.73,UPPER,4,SHALE
F05,1505.0,1505.2,3029.9,3741.8,-1489.92,UPPER,4,SHALE
F05,1505.2,1505.4,3029.85,3741.76,-1490.11,UPPER,4,SHALE
F05,1505.4,1505.6,3029.8,3741.72,-1490.3,UPPER,4,SHALE
F05,1505.6,1505.8,3029.75,3741.69,-1490.49,UPPER,4,SHALE
F05,1505.8,1506.0,3029.7,3741.65,-1490.68,UPPER,4,SHALE
F05,1506.0,1506.2,3029.64,3741.61,-1490.87,UPPER,4,SHALE
F05,1506.2,1506.4,3029.59,3741.57,-1491.05,UPPER,3,HETEROLITHIC
F05,1506.4,1506.6,3029.54,3741.53,-1491.24,UPPER,3,HETEROLITHIC
F05,1506.6,1506.8,3029.49,3741.49,-1491.43,UPPER,3,HETEROLITHIC
F05,1506.8,1507.0,3029.44,3741.46,-1491.62,UPPER,2,SAND_SHALY
F05,1507.0,1507.2,3029.39,3741.42,-1491.81,UPPER,2,SAND_SHALY
F05,1507.2,1507.4,3029.33,3741.38,-1492.0,UPPER,1,SAND_CLEAN
F05,1507.4,1507.6,3029.28,3741.34,-1492.19,UPPER,1,SAND_CLEAN
F05,1507.6,1507.8,3029.23,3741.3,-1492.38,UPPER,1,SAND_CLEAN
F05,1507.8,1508.0,3029.18,3741.27,-1492.57,UPPER,1,SAND_CLEAN
F05,1508.0,1508.2,3029.13,3741.23,-1492.76,UPPER,1,SAND_CLEAN
F05,1508.2,1508.4,3029.08,3741.19,-1492.95,UPPER,2,SAND_SHALY
F05,1508.4,1508.6,3029.02,3741.15,-1493.14,UPPER,2,SAND_SHALY
F05,1508.6,1508.8,3028.97,3741.11,-1493.33,UPPER,2,SAND_SHALY
F05,1508.8,1509.0,3028.92,3741.07,-1493.52,UPPER,2,SAND_SHALY
F05,1509.0,1509.2,3028.87,3741.04,-1493.71,UPPER,2,SAND_SHALY
F05,1509.2,1509.4,3028.82,3741.0,-1493.9,UPPER,3,HETEROLITHIC
F05,1509.4,1509.6,3028.77,3740.96,-1494.09,UPPER,3,HETEROLITHIC
F05,1509.6,1509.8,3028.71,3740.92,-1494.27,UPPER,3,HETEROLITHIC
F05,1509.8,1510.0,3028.66,3740.88,-1494.46,UPPER,3,HETEROLITHIC
F05,1510.0,1510.2,3028.61,3740.85,-1494.65,UPPER,3,HETEROLITHIC
F05,1510.2,1510.4,3028.56,3740.81,-1494.84,UPPER,3,HETEROLITHIC
F05,1510.4,1510.6,3028.51,3740.77,-1495.03,UPPER,3,HETEROLITHIC
F05,1510.6,1510.8,3028.45,3740.73,-1495.22,UPPER,2,SAND_SHALY
F05,1510.8,1511.0,3028.4,3740.69,-1495.41,UPPER,2,SAND_SHALY
F05,1511.0,1511.2,3028.35,3740.65,-1495.6,UPPER,2,SAND_SHALY
F05,1511.2,1511.4,3028.3,3740.62,-1495.79,UPPER,3,HETEROLITHIC
F05,1511.4,1511.6,3028.25,3740.58,-1495.98,UPPER,3,HETEROLITHIC
F05,1511.6,1511.8,3028.2,3740.54,-1496.17,UPPER,4,SHALE
F05,1511.8,1512.0,3028.14,3740.5,-1496.36,UPPER,4,SHALE
F05,1512.0,1512.2,3028.09,3740.46,-1496.55,UPPER,4,SHALE
F05,1512.2,1512.4,3028.04,3740.42,-1496.74,UPPER,3,HETEROLITHIC
F05,1512.4,1512.6,3027.99,3740.39,-1496.93,UPPER,3,HETEROLITHIC
F05,1512.6,1512.8,3027.94,3740.35,-1497.12,UPPER,3,HETEROLITHIC
F05,1512.8,1513.0,3027.89,3740.31,-1497.3,UPPER,2,SAND_SHALY
F05,1513.0,1513.2,3027.83,3740.27,-1497.49,UPPER,2,SAND_SHALY
F05,1513.2,1513.4,3027.78,3740.23,-1497.68,UPPER,2,SAND_SHALY
F05,1513.4,1513.6,3027.73,3740.2,-1497.87,UPPER,2,SAND_SHALY
F05,1513.6,1513.8,3027.68,3740.16,-1498.06,UPPER,3,HETEROLITHIC
F05,1513.8,1514.0,3027.63,3740.12,-1498.25,UPPER,3,HETEROLITHIC
F05,1514.0,1514.2,3027.58,3740.08,-1498.44,UPPER,3,HETEROLITHIC
F05,1514.2,1514.4,3027.52,3740.04,-1498.63,UPPER,2,SAND_SHALY
F05,1514.4,1514.6,3027.47,3740.0,-1498.82,UPPER,2,SAND_SHALY
F05,1514.6,1514.8,3027.42,3739.97,-1499.01,UPPER,2,SAND_SHALY
F05,1514.8,1515.0,3027.37,3739.93,-1499.2,LOWER,3,HETEROLITHIC
F05,1515.0,1515.2,3027.32,3739.89,-1499.39,LOWER,4,SHALE
F05,1515.2,1515.4,3027.27,3739.85,-1499.58,LOWER,4,SHALE
F05,1515.4,1515.6,3027.21,3739.81,-1499.77,LOWER,4,SHALE
F05,1515.6,1515.8,3027.16,3739.78,-1499.96,LOWER,4,SHALE
F05,1515.8,1516.0,3027.11,3739.74,-1500.15,LOWER,4,SHALE
F05,1516.0,1516.2,3027.06,3739.7,-1500.33,LOWER,4,SHALE
F05,1516.2,1516.4,3027.01,3739.66,-1500.52,LOWER,4,SHALE
F05,1516.4,1516.6,3026.96,3739.62,-1500.71,LOWER,4,SHALE
F05,1516.6,1516.8,3026.9,3739.58,-1500.9,LOWER,4,SHALE
F05,1516.8,1517.0,3026.85,3739.55,-1501.09,LOWER,4,SHALE
F05,1517.0,1517.2,3026.8,3739.51,-1501.28,LOWER,4,SHALE
F05,1517.2,1517.4,3026.75,3739.47,-1501.47,LOWER,4,SHALE
F05,1517.4,1517.6,3026.7,3739.43,-1501.66,LOWER,4,SHALE
F05,1517.6,1517.8,3026.65,3739.39,-1501.85,LOWER,4,SHALE
F05,1517.8,1518.0,3026.59,3739.35,-1502.04,LOWER,4,SHALE
F05,1518.0,1518.2,3026.54,3739.32,-1502.23,LOWER,4,SHALE
F05,1518.2,1518.4,3026.49,3739.28,-1502.42,LOWER,1,SAND_CLEAN
F05,1518.4,1518.6,3026.44,3739.24,-1502.61,LOWER,1,SAND_CLEAN
F05,1518.6,1518.8,3026.39,3739.2,-1502.8,LOWER,1,SAND_CLEAN
F05,1518.8,1519.0,3026.34,3739.16,-1502.99,LOWER,2,SAND_SHALY
F05,1519.0,1519.2,3026.28,3739.13,-1503.18,LOWER,3,HETEROLITHIC
F05,1519.2,1519.4,3026.23,3739.09,-1503.36,LOWER,3,HETEROLITHIC
F06,1513.8,1514.0,4685.29,1584.54,-1503.9,UPPER,3,HETEROLITHIC
F06,1514.0,1514.2,4685.29,1584.54,-1504.1,UPPER,3,HETEROLITHIC
F06,1514.2,1514.4,4685.29,1584.54,-1504.3,UPPER,2,SAND_SHALY
F06,1514.4,1514.6,4685.29,1584.54,-1504.5,UPPER,2,SAND_SHALY
F06,1514.6,1514.8,4685.29,1584.54,-1504.7,UPPER,2,SAND_SHALY
F06,1514.8,1515.0,4685.29,1584.54,-1504.9,UPPER,1,SAND_CLEAN
F06,1515.0,1515.2,4685.29,1584.54,-1505.1,UPPER,2,SAND_SHALY
F06,1515.2,1515.4,4685.29,1584.54,-1505.3,UPPER,5,CEMENTED
F06,1515.4,1515.6,4685.29,1584.54,-1505.5,UPPER,5,CEMENTED
F06,1515.6,1515.8,4685.29,1584.54,-1505.7,UPPER,3,HETEROLITHIC
F06,1515.8,1516.0,4685.29,1584.54,-1505.9,UPPER,3,HETEROLITHIC
F06,1516.0,1516.2,4685.29,1584.54,-1506.1,UPPER,4,SHALE
F06,1516.2,1516.4,4685.29,1584.54,-1506.3,UPPER,4,SHALE
F06,1516.4,1516.6,4685.29,1584.54,-1506.5,UPPER,4,SHALE
F06,1516.6,1516.8,4685.29,1584.54,-1506.7,UPPER,4,SHALE
F06,1516.8,1517.0,4685.29,1584.54,-1506.9,UPPER,4,SHALE
F06,1517.0,1517.2,4685.29,1584.54,-1507.1,UPPER,4,SHALE
F06,1517.2,1517.4,4685.29,1584.54,-1507.3,UPPER,4,SHALE
F06,1517.4,1517.6,4685.29,1584.54,-1507.5,UPPER,4,SHALE
F06,1517.6,1517.8,4685.29,1584.54,-1507.7,UPPER,4,SHALE
F06,1517.8,1518.0,4685.29,1584.54,-1507.9,UPPER,4,SHALE
F06,1518.0,1518.2,4685.29,1584.54,-1508.1,UPPER,4,SHALE
F06,1518.2,1518.4,4685.29,1584.54,-1508.3,UPPER,3,HETEROLITHIC
F06,1518.4,1518.6,4685.29,1584.54,-1508.5,UPPER,3,HETEROLITHIC
F06,1518.6,1518.8,4685.29,1584.54,-1508.7,UPPER,2,SAND_SHALY
F06,1518.8,1519.0,4685.29,1584.54,-1508.9,UPPER,1,SAND_CLEAN
F06,1519.0,1519.2,4685.29,1584.54,-1509.1,UPPER,1,SAND_CLEAN
F06,1519.2,1519.4,4685.29,1584.54,-1509.3,UPPER,1,SAND_CLEAN
F06,1519.4,1519.6,4685.29,1584.54,-1509.5,UPPER,2,SAND_SHALY
F06,1519.6,1519.8,4685.29,1584.54,-1509.7,UPPER,3,HETEROLITHIC
F06,1519.8,1520.0,4685.29,1584.54,-1509.9,UPPER,4,SHALE
F06,1520.0,1520.2,4685.29,1584.54,-1510.1,UPPER,4,SHALE
F06,1520.2,1520.4,4685.29,1584.54,-1510.3,UPPER,4,SHALE
F06,1520.4,1520.6,4685.29,1584.54,-1510.5,UPPER,4,SHALE
F06,1520.6,1520.8,4685.29,1584.54,-1510.7,UPPER,4,SHALE
F06,1520.8,1521.0,4685.29,1584.54,-1510.9,UPPER,4,SHALE
F06,1521.0,1521.2,4685.29,1584.54,-1511.1,UPPER,3,HETEROLITHIC
F06,1521.2,1521.4,4685.29,1584.54,-1511.3,UPPER,3,HETEROLITHIC
F06,1521.4,1521.6,4685.29,1584.54,-1511.5,UPPER,3,HETEROLITHIC
F06,1521.6,1521.8,4685.29,1584.54,-1511.7,LOWER,2,SAND_SHALY
F06,1521.8,1522.0,4685.29,1584.54,-1511.9,LOWER,3,HETEROLITHIC
F06,1522.0,1522.2,4685.29,1584.54,-1512.1,LOWER,4,SHALE
F06,1522.2,1522.4,4685.29,1584.54,-1512.3,LOWER,4,SHALE
F06,1522.4,1522.6,4685.29,1584.54,-1512.5,LOWER,4,SHALE
F06,1522.6,1522.8,4685.29,1584.54,-1512.7,LOWER,4,SHALE
F06,1522.8,1523.0,4685.29,1584.54,-1512.9,LOWER,4,SHALE
F06,1523.0,1523.2,4685.29,1584.54,-1513.1,LOWER,4,SHALE
F06,1523.2,1523.4,4685.29,1584.54,-1513.3,LOWER,4,SHALE
F06,1523.4,1523.6,4685.29,1584.54,-1513.5,LOWER,4,SHALE
F06,1523.6,1523.8,4685.29,1584.54,-1513.7,LOWER,4,SHALE
F06,1523.8,1524.0,4685.29,1584.54,-1513.9,LOWER,4,SHALE
F06,1524.0,1524.2,4685.29,1584.54,-1514.1,LOWER,4,SHALE
F06,1524.2,1524.4,4685.29,1584.54,-1514.3,LOWER,3,HETEROLITHIC
F06,1524.4,1524.6,4685.29,1584.54,-1514.5,LOWER,3,HETEROLITHIC
F06,1524.6,1524.8,4685.29,1584.54,-1514.7,LOWER,3,HETEROLITHIC
F06,1524.8,1525.0,4685.29,1584.54,-1514.9,LOWER,3,HETEROLITHIC
F06,1525.0,1525.2,4685.29,1584.54,-1515.1,LOWER,2,SAND_SHALY
F06,1525.2,1525.4,4685.29,1584.54,-1515.3,LOWER,2,SAND_SHALY
F06,1525.4,1525.6,4685.29,1584.54,-1515.5,LOWER,1,SAND_CLEAN
F06,1525.6,1525.8,4685.29,1584.54,-1515.7,LOWER,1,SAND_CLEAN
F06,1525.8,1526.0,4685.29,1584.54,-1515.9,LOWER,1,SAND_CLEAN
F06,1526.0,1526.2,4685.29,1584.54,-1516.1,LOWER,3,HETEROLITHIC
F06,1526.2,1526.4,4685.29,1584.54,-1516.3,LOWER,3,HETEROLITHIC
F06,1526.4,1526.6,4685.29,1584.54,-1516.5,LOWER,4,SHALE
F06,1526.6,1526.8,4685.29,1584.54,-1516.7,LOWER,4,SHALE
F06,1526.8,1527.0,4685.29,1584.54,-1516.9,LOWER,4,SHALE
F06,1527.0,1527.2,4685.29,1584.54,-1517.1,LOWER,4,SHALE
F06,1527.2,1527.4,4685.29,1584.54,-1517.3,LOWER,4,SHALE
F06,1527.4,1527.6,4685.29,1584.54,-1517.5,LOWER,4,SHALE
F06,1527.6,1527.8,4685.29,1584.54,-1517.7,LOWER,4,SHALE
F06,1527.8,1528.0,4685.29,1584.54,-1517.9,LOWER,4,SHALE
F06,1528.0,1528.2,4685.29,1584.54,-1518.1,LOWER,4,SHALE
F06,1528.2,1528.4,4685.29,1584.54,-1518.3,LOWER,4,SHALE
F06,1528.4,1528.6,4685.29,1584.54,-1518.5,LOWER,4,SHALE
F06,1528.6,1528.8,4685.29,1584.54,-1518.7,LOWER,4,SHALE
F06,1528.8,1529.0,4685.29,1584.54,-1518.9,LOWER,4,SHALE
F07,1501.8,1502.0,3022.28,2513.15,-1491.9,UPPER,4,SHALE
F07,1502.0,1502.2,3022.28,2513.15,-1492.1,UPPER,4,SHALE
F07,1502.2,1502.4,3022.28,2513.15,-1492.3,UPPER,4,SHALE
F07,1502.4,1502.6,3022.28,2513.15,-1492.5,UPPER,3,HETEROLITHIC
F07,1502.6,1502.8,3022.28,2513.15,-1492.7,UPPER,5,CEMENTED
F07,1502.8,1503.0,3022.28,2513.15,-1492.9,UPPER,5,CEMENTED
F07,1503.0,1503.2,3022.28,2513.15,-1493.1,UPPER,5,CEMENTED
F07,1503.2,1503.4,3022.28,2513.15,-1493.3,UPPER,1,SAND_CLEAN
F07,1503.4,1503.6,3022.28,2513.15,-1493.5,UPPER,1,SAND_CLEAN
F07,1503.6,1503.8,3022.28,2513.15,-1493.7,UPPER,1,SAND_CLEAN
F07,1503.8,1504.0,3022.28,2513.15,-1493.9,UPPER,1,SAND_CLEAN
F07,1504.0,1504.2,3022.28,2513.15,-1494.1,UPPER,1,SAND_CLEAN
F07,1504.2,1504.4,3022.28,2513.15,-1494.3,UPPER,1,SAND_CLEAN
F07,1504.4,1504.6,3022.28,2513.15,-1494.5,UPPER,1,SAND_CLEAN
F07,1504.6,1504.8,3022.28,2513.15,-1494.7,UPPER,1,SAND_CLEAN
F07,1504.8,1505.0,3022.28,2513.15,-1494.9,UPPER,1,SAND_CLEAN
F07,1505.0,1505.2,3022.28,2513.15,-1495.1,UPPER,1,SAND_CLEAN
F07,1505.2,1505.4,3022.28,2513.15,-1495.3,UPPER,1,SAND_CLEAN
F07,1505.4,1505.6,3022.28,2513.15,-1495.5,UPPER,1,SAND_CLEAN
F07,1505.6,1505.8,3022.28,2513.15,-1495.7,UPPER,1,SAND_CLEAN
F07,1505.8,1506.0,3022.28,2513.15,-1495.9,UPPER,1,SAND_CLEAN
F07,1506.0,1506.2,3022.28,2513.15,-1496.1,UPPER,1,SAND_CLEAN
F07,1506.2,1506.4,3022.28,2513.15,-1496.3,UPPER,2,SAND_SHALY
F07,1506.4,1506.6,3022.28,2513.15,-1496.5,UPPER,3,HETEROLITHIC
F07,1506.6,1506.8,3022.28,2513.15,-1496.7,UPPER,4,SHALE
F07,1506.8,1507.0,3022.28,2513.15,-1496.9,UPPER,4,SHALE
F07,1507.0,1507.2,3022.28,2513.15,-1497.1,UPPER,4,SHALE
F07,1507.2,1507.4,3022.28,2513.15,-1497.3,UPPER,4,SHALE
F07,1507.4,1507.6,3022.28,2513.15,-1497.5,UPPER,4,SHALE
F07,1507.6,1507.8,3022.28,2513.15,-1497.7,UPPER,3,HETEROLITHIC
F07,1507.8,1508.0,3022.28,2513.15,-1497.9,UPPER,3,HETEROLITHIC
F07,1508.0,1508.2,3022.28,2513.15,-1498.1,UPPER,3,HETEROLITHIC
F07,1508.2,1508.4,3022.28,2513.15,-1498.3,UPPER,5,CEMENTED
F07,1508.4,1508.6,3022.28,2513.15,-1498.5,UPPER,5,CEMENTED
F07,1508.6,1508.8,3022.28,2513.15,-1498.7,UPPER,5,CEMENTED
F07,1508.8,1509.0,3022.28,2513.15,-1498.9,UPPER,3,HETEROLITHIC
F07,1509.0,1509.2,3022.28,2513.15,-1499.1,UPPER,3,HETEROLITHIC
F07,1509.2,1509.4,3022.28,2513.15,-1499.3,UPPER,3,HETEROLITHIC
F07,1509.4,1509.6,3022.28,2513.15,-1499.5,UPPER,3,HETEROLITHIC
F07,1509.6,1509.8,3022.28,2513.15,-1499.7,UPPER,3,HETEROLITHIC
F07,1509.8,1510.0,3022.28,2513.15,-1499.9,UPPER,3,HETEROLITHIC
F07,1510.0,1510.2,3022.28,2513.15,-1500.1,UPPER,3,HETEROLITHIC
F07,1510.2,1510.4,3022.28,2513.15,-1500.3,UPPER,3,HETEROLITHIC
F07,1510.4,1510.6,3022.28,2513.15,-1500.5,UPPER,3,HETEROLITHIC
F07,1510.6,1510.8,3022.28,2513.15,-1500.7,UPPER,3,HETEROLITHIC
F07,1510.8,1511.0,3022.28,2513.15,-1500.9,UPPER,2,SAND_SHALY
F07,1511.0,1511.2,3022.28,2513.15,-1501.1,UPPER,2,SAND_SHALY
F07,1511.2,1511.4,3022.28,2513.15,-1501.3,UPPER,5,CEMENTED
F07,1511.4,1511.6,3022.28,2513.15,-1501.5,UPPER,5,CEMENTED
F07,1511.6,1511.8,3022.28,2513.15,-1501.7,UPPER,2,SAND_SHALY
F07,1511.8,1512.0,3022.28,2513.15,-1501.9,LOWER,3,HETEROLITHIC
F07,1512.0,1512.2,3022.28,2513.15,-1502.1,LOWER,4,SHALE
F07,1512.2,1512.4,3022.28,2513.15,-1502.3,LOWER,4,SHALE
F07,1512.4,1512.6,3022.28,2513.15,-1502.5,LOWER,4,SHALE
F07,1512.6,1512.8,3022.28,2513.15,-1502.7,LOWER,4,SHALE
F07,1512.8,1513.0,3022.28,2513.15,-1502.9,LOWER,4,SHALE
F07,1513.0,1513.2,3022.28,2513.15,-1503.1,LOWER,4,SHALE
F07,1513.2,1513.4,3022.28,2513.15,-1503.3,LOWER,4,SHALE
F07,1513.4,1513.6,3022.28,2513.15,-1503.5,LOWER,4,SHALE
F07,1513.6,1513.8,3022.28,2513.15,-1503.7,LOWER,4,SHALE
F07,1513.8,1514.0,3022.28,2513.15,-1503.9,LOWER,4,SHALE
F07,1514.0,1514.2,3022.28,2513.15,-1504.1,LOWER,4,SHALE
F07,1514.2,1514.4,3022.28,2513.15,-1504.3,LOWER,4,SHALE
F07,1514.4,1514.6,3022.28,2513.15,-1504.5,LOWER,4,SHALE
F07,1514.6,1514.8,3022.28,2513.15,-1504.7,LOWER,4,SHALE
F07,1514.8,1515.0,3022.28,2513.15,-1504.9,LOWER,4,SHALE
F07,1515.0,1515.2,3022.28,2513.15,-1505.1,LOWER,4,SHALE
F07,1515.2,1515.4,3022.28,2513.15,-1505.3,LOWER,4,SHALE
F07,1515.4,1515.6,3022.28,2513.15,-1505.5,LOWER,4,SHALE
F07,1515.6,1515.8,3022.28,2513.15,-1505.7,LOWER,4,SHALE
F07,1515.8,1516.0,3022.28,2513.15,-1505.9,LOWER,4,SHALE
F07,1516.0,1516.2,3022.28,2513.15,-1506.1,LOWER,4,SHALE
F07,1516.2,1516.4,3022.28,2513.15,-1506.3,LOWER,4,SHALE
F07,1516.4,1516.6,3022.28,2513.15,-1506.5,LOWER,4,SHALE
F07,1516.6,1516.8,3022.28,2513.15,-1506.7,LOWER,4,SHALE
F07,1516.8,1517.0,3022.28,2513.15,-1506.9,LOWER,4,SHALE
F07,1517.0,1517.2,3022.28,2513.15,-1507.1,LOWER,4,SHALE
F07,1517.2,1517.4,3022.28,2513.15,-1507.3,LOWER,3,HETEROLITHIC
F07,1517.4,1517.6,3022.28,2513.15,-1507.5,LOWER,2,SAND_SHALY
F07,1517.6,1517.8,3022.28,2513.15,-1507.7,LOWER,2,SAND_SHALY
F07,1517.8,1518.0,3022.28,2513.15,-1507.9,LOWER,3,HETEROLITHIC
F07,1518.0,1518.2,3022.28,2513.15,-1508.1,LOWER,3,HETEROLITHIC
F07,1518.2,1518.4,3022.28,2513.15,-1508.3,LOWER,3,HETEROLITHIC
F08,1509.4,1509.6,4624.02,1274.0,-1499.5,UPPER,3,HETEROLITHIC
F08,1509.6,1509.8,4624.02,1274.0,-1499.7,UPPER,3,HETEROLITHIC
F08,1509.8,1510.0,4624.02,1274.0,-1499.9,UPPER,2,SAND_SHALY
F08,1510.0,1510.2,4624.02,1274.0,-1500.1,UPPER,1,SAND_CLEAN
F08,1510.2,1510.4,4624.02,1274.0,-1500.3,UPPER,1,SAND_CLEAN
F08,1510.4,1510.6,4624.02,1274.0,-1500.5,UPPER,1,SAND_CLEAN
F08,1510.6,1510.8,4624.02,1274.0,-1500.7,UPPER,2,SAND_SHALY
F08,1510.8,1511.0,4624.02,1274.0,-1500.9,UPPER,3,HETEROLITHIC
F08,1511.0,1511.2,4624.02,1274.0,-1501.1,UPPER,4,SHALE
F08,1511.2,1511.4,4624.02,1274.0,-1501.3,UPPER,4,SHALE
F08,1511.4,1511.6,4624.02,1274.0,-1501.5,UPPER,4,SHALE
F08,1511.6,1511.8,4624.02,1274.0,-1501.7,UPPER,4,SHALE
F08,1511.8,1512.0,4624.02,1274.0,-1501.9,UPPER,4,SHALE
F08,1512.0,1512.2,4624.02,1274.0,-1502.1,UPPER,4,SHALE
F08,1512.2,1512.4,4624.02,1274.0,-1502.3,UPPER,4,SHALE
F08,1512.4,1512.6,4624.02,1274.0,-1502.5,UPPER,3,HETEROLITHIC
F08,1512.6,1512.8,4624.02,1274.0,-1502.7,UPPER,3,HETEROLITHIC
F08,1512.8,1513.0,4624.02,1274.0,-1502.9,UPPER,3,HETEROLITHIC
F08,1513.0,1513.2,4624.02,1274.0,-1503.1,UPPER,2,SAND_SHALY
F08,1513.2,1513.4,4624.02,1274.0,-1503.3,UPPER,2,SAND_SHALY
F08,1513.4,1513.6,4624.02,1274.0,-1503.5,UPPER,2,SAND_SHALY
F08,1513.6,1513.8,4624.02,1274.0,-1503.7,UPPER,3,HETEROLITHIC
F08,1513.8,1514.0,4624.02,1274.0,-1503.9,UPPER,4,SHALE
F08,1514.0,1514.2,4624.02,1274.0,-1504.1,UPPER,4,SHALE
F08,1514.2,1514.4,4624.02,1274.0,-1504.3,UPPER,4,SHALE
F08,1514.4,1514.6,4624.02,1274.0,-1504.5,UPPER,4,SHALE
F08,1514.6,1514.8,4624.02,1274.0,-1504.7,UPPER,4,SHALE
F08,1514.8,1515.0,4624.02,1274.0,-1504.9,UPPER,3,HETEROLITHIC
F08,1515.0,1515.2,4624.02,1274.0,-1505.1,UPPER,3,HETEROLITHIC
F08,1515.2,1515.4,4624.02,1274.0,-1505.3,UPPER,3,HETEROLITHIC
F08,1515.4,1515.6,4624.02,1274.0,-1505.5,LOWER,2,SAND_SHALY
F08,1515.6,1515.8,4624.02,1274.0,-1505.7,LOWER,3,HETEROLITHIC
F08,1515.8,1516.0,4624.02,1274.0,-1505.9,LOWER,4,SHALE
F08,1516.0,1516.2,4624.02,1274.0,-1506.1,LOWER,4,SHALE
F08,1516.2,1516.4,4624.02,1274.0,-1506.3,LOWER,4,SHALE
F08,1516.4,1516.6,4624.02,1274.0,-1506.5,LOWER,4,SHALE
F08,1516.6,1516.8,4624.02,1274.0,-1506.7,LOWER,4,SHALE
F08,1516.8,1517.0,4624.02,1274.0,-1506.9,LOWER,4,SHALE
F08,1517.0,1517.2,4624.02,1274.0,-1507.1,LOWER,4,SHALE
F08,1517.2,1517.4,4624.02,1274.0,-1507.3,LOWER,4,SHALE
F08,1517.4,1517.6,4624.02,1274.0,-1507.5,LOWER,4,SHALE
F08,1517.6,1517.8,4624.02,1274.0,-1507.7,LOWER,4,SHALE
F08,1517.8,1518.0,4624.02,1274.0,-1507.9,LOWER,4,SHALE
F08,1518.0,1518.2,4624.02,1274.0,-1508.1,LOWER,4,SHALE
F08,1518.2,1518.4,4624.02,1274.0,-1508.3,LOWER,4,SHALE
F08,1518.4,1518.6,4624.02,1274.0,-1508.5,LOWER,4,SHALE
F08,1518.6,1518.8,4624.02,1274.0,-1508.7,LOWER,4,SHALE
F08,1518.8,1519.0,4624.02,1274.0,-1508.9,LOWER,4,SHALE
F08,1519.0,1519.2,4624.02,1274.0,-1509.1,LOWER,4,SHALE
F08,1519.2,1519.4,4624.02,1274.0,-1509.3,LOWER,4,SHALE
F08,1519.4,1519.6,4624.02,1274.0,-1509.5,LOWER,4,SHALE
F08,1519.6,1519.8,4624.02,1274.0,-1509.7,LOWER,4,SHALE
F08,1519.8,1520.0,4624.02,1274.0,-1509.9,LOWER,4,SHALE
F08,1520.0,1520.2,4624.02,1274.0,-1510.1,LOWER,4,SHALE
F08,1520.2,1520.4,4624.02,1274.0,-1510.3,LOWER,4,SHALE
F08,1520.4,1520.6,4624.02,1274.0,-1510.5,LOWER,4,SHALE
F08,1520.6,1520.8,4624.02,1274.0,-1510.7,LOWER,4,SHALE
F08,1520.8,1521.0,4624.02,1274.0,-1510.9,LOWER,4,SHALE
F08,1521.0,1521.2,4624.02,1274.0,-1511.1,LOWER,4,SHALE
F08,1521.2,1521.4,4624.02,1274.0,-1511.3,LOWER,4,SHALE
F08,1521.4,1521.6,4624.02,1274.0,-1511.5,LOWER,4,SHALE
F08,1521.6,1521.8,4624.02,1274.0,-1511.7,LOWER,4,SHALE
F08,1521.8,1522.0,4624.02,1274.0,-1511.9,LOWER,4,SHALE
F08,1522.0,1522.2,4624.02,1274.0,-1512.1,LOWER,4,SHALE
F09,1506.0,1506.2,2530.7,3150.74,-1490.87,UPPER,1,SAND_CLEAN
F09,1506.2,1506.4,2530.74,3150.69,-1491.05,UPPER,1,SAND_CLEAN
F09,1506.4,1506.6,2530.78,3150.64,-1491.24,UPPER,1,SAND_CLEAN
F09,1506.6,1506.8,2530.81,3150.58,-1491.43,UPPER,1,SAND_CLEAN
F09,1506.8,1507.0,2530.85,3150.53,-1491.62,UPPER,1,SAND_CLEAN
F09,1507.0,1507.2,2530.89,3150.48,-1491.81,UPPER,1,SAND_CLEAN
F09,1507.2,1507.4,2530.93,3150.43,-1492.0,UPPER,1,SAND_CLEAN
F09,1507.4,1507.6,2530.97,3150.38,-1492.19,UPPER,1,SAND_CLEAN
F09,1507.6,1507.8,2531.0,3150.32,-1492.38,UPPER,1,SAND_CLEAN
F09,1507.8,1508.0,2531.04,3150.27,-1492.57,UPPER,1,SAND_CLEAN
F09,1508.0,1508.2,2531.08,3150.22,-1492.76,UPPER,1,SAND_CLEAN
F09,1508.2,1508.4,2531.12,3150.17,-1492.95,UPPER,1,SAND_CLEAN
F09,1508.4,1508.6,2531.15,3150.12,-1493.14,UPPER,1,SAND_CLEAN
F09,1508.6,1508.8,2531.19,3150.06,-1493.33,UPPER,2,SAND_SHALY
F09,1508.8,1509.0,2531.23,3150.01,-1493.52,UPPER,3,HETEROLITHIC
F09,1509.0,1509.2,2531.27,3149.96,-1493.71,UPPER,4,SHALE
F09,1509.2,1509.4,2531.31,3149.91,-1493.9,UPPER,4,SHALE
F09,1509.4,1509.6,2531.34,3149.86,-1494.09,UPPER,4,SHALE
F09,1509.6,1509.8,2531.38,3149.8,-1494.27,UPPER,3,HETEROLITHIC
F09,1509.8,1510.0,2531.42,3149.75,-1494.46,UPPER,3,HETEROLITHIC
F09,1510.0,1510.2,2531.46,3149.7,-1494.65,UPPER,2,SAND_SHALY
F09,1510.2,1510.4,2531.49,3149.65,-1494.84,UPPER,2,SAND_SHALY
F09,1510.4,1510.6,2531.53,3149.6,-1495.03,UPPER,3,HETEROLITHIC
F09,1510.6,1510.8,2531.57,3149.54,-1495.22,UPPER,3,HETEROLITHIC
F09,1510.8,1511.0,2531.61,3149.49,-1495.41,UPPER,3,HETEROLITHIC
F09,1511.0,1511.2,2531.65,3149.44,-1495.6,UPPER,4,SHALE
F09,1511.2,1511.4,2531.68,3149.39,-1495.79,UPPER,3,HETEROLITHIC
F09,1511.4,1511.6,2531.72,3149.34,-1495.98,UPPER,3,HETEROLITHIC
F09,1511.6,1511.8,2531.76,3149.28,-1496.17,UPPER,3,HETEROLITHIC
F09,1511.8,1512.0,2531.8,3149.23,-1496.36,UPPER,2,SAND_SHALY
F09,1512.0,1512.2,2531.84,3149.18,-1496.55,UPPER,2,SAND_SHALY
F09,1512.2,1512.4,2531.87,3149.13,-1496.74,UPPER,2,SAND_SHALY
F09,1512.4,1512.6,2531.91,3149.08,-1496.93,UPPER,2,SAND_SHALY
F09,1512.6,1512.8,2531.95,3149.02,-1497.12,UPPER,2,SAND_SHALY
F09,1512.8,1513.0,2531.99,3148.97,-1497.3,UPPER,2,SAND_SHALY
F09,1513.0,1513.2,2532.02,3148.92,-1497.49,UPPER,2,SAND_SHALY
F09,1513.2,1513.4,2532.06,3148.87,-1497.68,UPPER,5,CEMENTED
F09,1513.4,1513.6,2532.1,3148.82,-1497.87,UPPER,2,SAND_SHALY
F09,1513.6,1513.8,2532.14,3148.76,-1498.06,UPPER,2,SAND_SHALY
F09,1513.8,1514.0,2532.18,3148.71,-1498.25,LOWER,3,HETEROLITHIC
F09,1514.0,1514.2,2532.21,3148.66,-1498.44,LOWER,3,HETEROLITHIC
F09,1514.2,1514.4,2532.25,3148.61,-1498.63,LOWER,3,HETEROLITHIC
F09,1514.4,1514.6,2532.29,3148.56,-1498.82,LOWER,3,HETEROLITHIC
F09,1514.6,1514.8,2532.33,3148.5,-1499.01,LOWER,4,SHALE
F09,1514.8,1515.0,2532.36,3148.45,-1499.2,LOWER,4,SHALE
F09,1515.0,1515.2,2532.4,3148.4,-1499.39,LOWER,4,SHALE
F09,1515.2,1515.4,2532.44,3148.35,-1499.58,LOWER,4,SHALE
F09,1515.4,1515.6,2532.48,3148.3,-1499.77,LOWER,4,SHALE
F09,1515.6,1515.8,2532.52,3148.24,-1499.96,LOWER,4,SHALE
F09,1515.8,1516.0,2532.55,3148.19,-1500.15,LOWER,3,HETEROLITHIC
F09,1516.0,1516.2,2532.59,3148.14,-1500.33,LOWER,3,HETEROLITHIC
F09,1516.2,1516.4,2532.63,3148.09,-1500.52,LOWER,3,HETEROLITHIC
F09,1516.4,1516.6,2532.67,3148.04,-1500.71,LOWER,4,SHALE
F09,1516.6,1516.8,2532.7,3147.98,-1500.9,LOWER,4,SHALE
F09,1516.8,1517.0,2532.74,3147.93,-1501.09,LOWER,4,SHALE
F09,1517.0,1517.2,2532.78,3147.88,-1501.28,LOWER,4,SHALE
F09,1517.2,1517.4,2532.82,3147.83,-1501.47,LOWER,4,SHALE
F09,1517.4,1517.6,2532.86,3147.78,-1501.66,LOWER,4,SHALE
F09,1517.6,1517.8,2532.89,3147.72,-1501.85,LOWER,2,SAND_SHALY
F09,1517.8,1518.0,2532.93,3147.67,-1502.04,LOWER,1,SAND_CLEAN
F09,1518.0,1518.2,2532.97,3147.62,-1502.23,LOWER,1,SAND_CLEAN
F09,1518.2,1518.4,2533.01,3147.57,-1502.42,LOWER,1,SAND_CLEAN
F09,1518.4,1518.6,2533.05,3147.52,-1502.61,LOWER,1,SAND_CLEAN
F09,1518.6,1518.8,2533.08,3147.46,-1502.8,LOWER,1,SAND_CLEAN
F09,1518.8,1519.0,2533.12,3147.41,-1502.99,LOWER,1,SAND_CLEAN
F09,1519.0,1519.2,2533.16,3147.36,-1503.18,LOWER,3,HETEROLITHIC
F09,1519.2,1519.4,2533.2,3147.31,-1503.36,LOWER,3,HETEROLITHIC
F09,1519.4,1519.6,2533.23,3147.26,-1503.55,LOWER,3,HETEROLITHIC
F09,1519.6,1519.8,2533.27,3147.2,-1503.74,LOWER,2,SAND_SHALY
F09,1519.8,1520.0,2533.31,3147.15,-1503.93,LOWER,1,SAND_CLEAN
F10,1484.4,1484.6,285.48,1190.15,-1474.5,UPPER,3,HETEROLITHIC
F10,1484.6,1484.8,285.48,1190.15,-1474.7,UPPER,3,HETEROLITHIC
F10,1484.8,1485.0,285.48,1190.15,-1474.9,UPPER,2,SAND_SHALY
F10,1485.0,1485.2,285.48,1190.15,-1475.1,UPPER,1,SAND_CLEAN
F10,1485.2,1485.4,285.48,1190.15,-1475.3,UPPER,1,SAND_CLEAN
F10,1485.4,1485.6,285.48,1190.15,-1475.5,UPPER,1,SAND_CLEAN
F10,1485.6,1485.8,285.48,1190.15,-1475.7,UPPER,1,SAND_CLEAN
F10,1485.8,1486.0,285.48,1190.15,-1475.9,UPPER,1,SAND_CLEAN
F10,1486.0,1486.2,285.48,1190.15,-1476.1,UPPER,1,SAND_CLEAN
F10,1486.2,1486.4,285.48,1190.15,-1476.3,UPPER,1,SAND_CLEAN
F10,1486.4,1486.6,285.48,1190.15,-1476.5,UPPER,1,SAND_CLEAN
F10,1486.6,1486.8,285.48,1190.15,-1476.7,UPPER,2,SAND_SHALY
F10,1486.8,1487.0,285.48,1190.15,-1476.9,UPPER,3,HETEROLITHIC
F10,1487.0,1487.2,285.48,1190.15,-1477.1,UPPER,3,HETEROLITHIC
F10,1487.2,1487.4,285.48,1190.15,-1477.3,UPPER,3,HETEROLITHIC
F10,1487.4,1487.6,285.48,1190.15,-1477.5,UPPER,2,SAND_SHALY
F10,1487.6,1487.8,285.48,1190.15,-1477.7,UPPER,1,SAND_CLEAN
F10,1487.8,1488.0,285.48,1190.15,-1477.9,UPPER,1,SAND_CLEAN
F10,1488.0,1488.2,285.48,1190.15,-1478.1,UPPER,5,CEMENTED
F10,1488.2,1488.4,285.48,1190.15,-1478.3,UPPER,5,CEMENTED
F10,1488.4,1488.6,285.48,1190.15,-1478.5,UPPER,5,CEMENTED
F10,1488.6,1488.8,285.48,1190.15,-1478.7,UPPER,1,SAND_CLEAN
F10,1488.8,1489.0,285.48,1190.15,-1478.9,UPPER,5,CEMENTED
F10,1489.0,1489.2,285.48,1190.15,-1479.1,UPPER,5,CEMENTED
F10,1489.2,1489.4,285.48,1190.15,-1479.3,UPPER,2,SAND_SHALY
F10,1489.4,1489.6,285.48,1190.15,-1479.5,UPPER,3,HETEROLITHIC
F10,1489.6,1489.8,285.48,1190.15,-1479.7,UPPER,4,SHALE
F10,1489.8,1490.0,285.48,1190.15,-1479.9,UPPER,4,SHALE
F10,1490.0,1490.2,285.48,1190.15,-1480.1,UPPER,3,HETEROLITHIC
F10,1490.2,1490.4,285.48,1190.15,-1480.3,UPPER,2,SAND_SHALY
F10,1490.4,1490.6,285.48,1190.15,-1480.5,UPPER,2,SAND_SHALY
F10,1490.6,1490.8,285.48,1190.15,-1480.7,UPPER,1,SAND_CLEAN
F10,1490.8,1491.0,285.48,1190.15,-1480.9,UPPER,1,SAND_CLEAN
F10,1491.0,1491.2,285.48,1190.15,-1481.1,UPPER,2,SAND_SHALY
F10,1491.2,1491.4,285.48,1190.15,-1481.3,UPPER,2,SAND_SHALY
F10,1491.4,1491.6,285.48,1190.15,-1481.5,UPPER,3,HETEROLITHIC
F10,1491.6,1491.8,285.48,1190.15,-1481.7,UPPER,3,HETEROLITHIC
F10,1491.8,1492.0,285.48,1190.15,-1481.9,LOWER,2,SAND_SHALY
F10,1492.0,1492.2,285.48,1190.15,-1482.1,LOWER,1,SAND_CLEAN
F10,1492.2,1492.4,285.48,1190.15,-1482.3,LOWER,1,SAND_CLEAN
F10,1492.4,1492.6,285.48,1190.15,-1482.5,LOWER,1,SAND_CLEAN
F10,1492.6,1492.8,285.48,1190.15,-1482.7,LOWER,1,SAND_CLEAN
F10,1492.8,1493.0,285.48,1190.15,-1482.9,LOWER,1,SAND_CLEAN
F10,1493.0,1493.2,285.48,1190.15,-1483.1,LOWER,1,SAND_CLEAN
F10,1493.2,1493.4,285.48,1190.15,-1483.3,LOWER,2,SAND_SHALY
F10,1493.4,1493.6,285.48,1190.15,-1483.5,LOWER,2,SAND_SHALY
F10,1493.6,1493.8,285.48,1190.15,-1483.7,LOWER,1,SAND_CLEAN
F10,1493.8,1494.0,285.48,1190.15,-1483.9,LOWER,1,SAND_CLEAN
F10,1494.0,1494.2,285.48,1190.15,-1484.1,LOWER,1,SAND_CLEAN
F10,1494.2,1494.4,285.48,1190.15,-1484.3,LOWER,3,HETEROLITHIC
F10,1494.4,1494.6,285.48,1190.15,-1484.5,LOWER,3,HETEROLITHIC
F10,1494.6,1494.8,285.48,1190.15,-1484.7,LOWER,3,HETEROLITHIC
F10,1494.8,1495.0,285.48,1190.15,-1484.9,LOWER,2,SAND_SHALY
F10,1495.0,1495.2,285.48,1190.15,-1485.1,LOWER,5,CEMENTED
F10,1495.2,1495.4,285.48,1190.15,-1485.3,LOWER,3,HETEROLITHIC
F10,1495.4,1495.6,285.48,1190.15,-1485.5,LOWER,3,HETEROLITHIC
F10,1495.6,1495.8,285.48,1190.15,-1485.7,LOWER,3,HETEROLITHIC
F10,1495.8,1496.0,285.48,1190.15,-1485.9,LOWER,2,SAND_SHALY
F10,1496.0,1496.2,285.48,1190.15,-1486.1,LOWER,1,SAND_CLEAN
F10,1496.2,1496.4,285.48,1190.15,-1486.3,LOWER,2,SAND_SHALY
F10,1496.4,1496.6,285.48,1190.15,-1486.5,LOWER,3,HETEROLITHIC
F10,1496.6,1496.8,285.48,1190.15,-1486.7,LOWER,3,HETEROLITHIC
F10,1496.8,1497.0,285.48,1190.15,-1486.9,LOWER,3,HETEROLITHIC
F10,1497.0,1497.2,285.48,1190.15,-1487.1,LOWER,4,SHALE
F11,1502.4,1502.6,3623.82,1630.46,-1492.5,UPPER,1,SAND_CLEAN
F11,1502.6,1502.8,3623.82,1630.46,-1492.7,UPPER,1,SAND_CLEAN
F11,1502.8,1503.0,3623.82,1630.46,-1492.9,UPPER,1,SAND_CLEAN
F11,1503.0,1503.2,3623.82,1630.46,-1493.1,UPPER,1,SAND_CLEAN
F11,1503.2,1503.4,3623.82,1630.46,-1493.3,UPPER,1,SAND_CLEAN
F11,1503.4,1503.6,3623.82,1630.46,-1493.5,UPPER,1,SAND_CLEAN
F11,1503.6,1503.8,3623.82,1630.46,-1493.7,UPPER,2,SAND_SHALY
F11,1503.8,1504.0,3623.82,1630.46,-1493.9,UPPER,2,SAND_SHALY
F11,1504.0,1504.2,3623.82,1630.46,-1494.1,UPPER,2,SAND_SHALY
F11,1504.2,1504.4,3623.82,1630.46,-1494.3,UPPER,3,HETEROLITHIC
F11,1504.4,1504.6,3623.82,1630.46,-1494.5,UPPER,3,HETEROLITHIC
F11,1504.6,1504.8,3623.82,1630.46,-1494.7,UPPER,4,SHALE
F11,1504.8,1505.0,3623.82,1630.46,-1494.9,UPPER,4,SHALE
F11,1505.0,1505.2,3623.82,1630.46,-1495.1,UPPER,4,SHALE
F11,1505.2,1505.4,3623.82,1630.46,-1495.3,UPPER,4,SHALE
F11,1505.4,1505.6,3623.82,1630.46,-1495.5,UPPER,4,SHALE
F11,1505.6,1505.8,3623.82,1630.46,-1495.7,UPPER,4,SHALE
F11,1505.8,1506.0,3623.82,1630.46,-1495.9,UPPER,3,HETEROLITHIC
F11,1506.0,1506.2,3623.82,1630.46,-1496.1,UPPER,3,HETEROLITHIC
F11,1506.2,1506.4,3623.82,1630.46,-1496.3,UPPER,3,HETEROLITHIC
F11,1506.4,1506.6,3623.82,1630.46,-1496.5,UPPER,2,SAND_SHALY
F11,1506.6,1506.8,3623.82,1630.46,-1496.7,UPPER,2,SAND_SHALY
F11,1506.8,1507.0,3623.82,1630.46,-1496.9,UPPER,2,SAND_SHALY
F11,1507.0,1507.2,3623.82,1630.46,-1497.1,UPPER,2,SAND_SHALY
F11,1507.2,1507.4,3623.82,1630.46,-1497.3,UPPER,3,HETEROLITHIC
F11,1507.4,1507.6,3623.82,1630.46,-1497.5,UPPER,3,HETEROLITHIC
F11,1507.6,1507.8,3623.82,1630.46,-1497.7,UPPER,4,SHALE
F11,1507.8,1508.0,3623.82,1630.46,-1497.9,UPPER,4,SHALE
F11,1508.0,1508.2,3623.82,1630.46,-1498.1,UPPER,4,SHALE
F11,1508.2,1508.4,3623.82,1630.46,-1498.3,UPPER,4,SHALE
F11,1508.4,1508.6,3623.82,1630.46,-1498.5,UPPER,4,SHALE
F11,1508.6,1508.8,3623.82,1630.46,-1498.7,UPPER,4,SHALE
F11,1508.8,1509.0,3623.82,1630.46,-1498.9,UPPER,4,SHALE
F11,1509.0,1509.2,3623.82,1630.46,-1499.1,UPPER,4,SHALE
F11,1509.2,1509.4,3623.82,1630.46,-1499.3,UPPER,4,SHALE
F11,1509.4,1509.6,3623.82,1630.46,-1499.5,UPPER,4,SHALE
F11,1509.6,1509.8,3623.82,1630.46,-1499.7,UPPER,4,SHALE
F11,1509.8,1510.0,3623.82,1630.46,-1499.9,UPPER,4,SHALE
F11,1510.0,1510.2,3623.82,1630.46,-1500.1,UPPER,4,SHALE
F11,1510.2,1510.4,3623.82,1630.46,-1500.3,UPPER,4,SHALE
F11,1510.4,1510.6,3623.82,1630.46,-1500.5,UPPER,4,SHALE
F11,1510.6,1510.8,3623.82,1630.46,-1500.7,UPPER,4,SHALE
F11,1510.8,1511.0,3623.82,1630.46,-1500.9,UPPER,4,SHALE
F11,1511.0,1511.2,3623.82,1630.46,-1501.1,UPPER,3,HETEROLITHIC
F11,1511.2,1511.4,3623.82,1630.46,-1501.3,UPPER,3,HETEROLITHIC
F11,1511.4,1511.6,3623.82,1630.46,-1501.5,UPPER,3,HETEROLITHIC
F11,1511.6,1511.8,3623.82,1630.46,-1501.7,LOWER,4,SHALE
F11,1511.8,1512.0,3623.82,1630.46,-1501.9,LOWER,4,SHALE
F11,1512.0,1512.2,3623.82,1630.46,-1502.1,LOWER,4,SHALE
F11,1512.2,1512.4,3623.82,1630.46,-1502.3,LOWER,3,HETEROLITHIC
F11,1512.4,1512.6,3623.82,1630.46,-1502.5,LOWER,2,SAND_SHALY
F11,1512.6,1512.8,3623.82,1630.46,-1502.7,LOWER,1,SAND_CLEAN
F11,1512.8,1513.0,3623.82,1630.46,-1502.9,LOWER,1,SAND_CLEAN
F11,1513.0,1513.2,3623.82,1630.46,-1503.1,LOWER,1,SAND_CLEAN
F11,1513.2,1513.4,3623.82,1630.46,-1503.3,LOWER,2,SAND_SHALY
F11,1513.4,1513.6,3623.82,1630.46,-1503.5,LOWER,3,HETEROLITHIC
F11,1513.6,1513.8,3623.82,1630.46,-1503.7,LOWER,3,HETEROLITHIC
F11,1513.8,1514.0,3623.82,1630.46,-1503.9,LOWER,3,HETEROLITHIC
F11,1514.0,1514.2,3623.82,1630.46,-1504.1,LOWER,3,HETEROLITHIC
F11,1514.2,1514.4,3623.82,1630.46,-1504.3,LOWER,3,HETEROLITHIC
F11,1514.4,1514.6,3623.82,1630.46,-1504.5,LOWER,2,SAND_SHALY
F11,1514.6,1514.8,3623.82,1630.46,-1504.7,LOWER,1,SAND_CLEAN
F11,1514.8,1515.0,3623.82,1630.46,-1504.9,LOWER,2,SAND_SHALY
F11,1515.0,1515.2,3623.82,1630.46,-1505.1,LOWER,3,HETEROLITHIC
F11,1515.2,1515.4,3623.82,1630.46,-1505.3,LOWER,4,SHALE
F11,1515.4,1515.6,3623.82,1630.46,-1505.5,LOWER,4,SHALE
F11,1515.6,1515.8,3623.82,1630.46,-1505.7,LOWER,4,SHALE
F11,1515.8,1516.0,3623.82,1630.46,-1505.9,LOWER,4,SHALE
F11,1516.0,1516.2,3623.82,1630.46,-1506.1,LOWER,3,HETEROLITHIC
F11,1516.2,1516.4,3623.82,1630.46,-1506.3,LOWER,3,HETEROLITHIC
F11,1516.4,1516.6,3623.82,1630.46,-1506.5,LOWER,2,SAND_SHALY
F11,1516.6,1516.8,3623.82,1630.46,-1506.7,LOWER,2,SAND_SHALY
F11,1516.8,1517.0,3623.82,1630.46,-1506.9,LOWER,3,HETEROLITHIC
F11,1517.0,1517.2,3623.82,1630.46,-1507.1,LOWER,3,HETEROLITHIC
F11,1517.2,1517.4,3623.82,1630.46,-1507.3,LOWER,4,SHALE
F11,1517.4,1517.6,3623.82,1630.46,-1507.5,LOWER,4,SHALE
F11,1517.6,1517.8,3623.82,1630.46,-1507.7,LOWER,3,HETEROLITHIC
F11,1517.8,1518.0,3623.82,1630.46,-1507.9,LOWER,3,HETEROLITHIC
F11,1518.0,1518.2,3623.82,1630.46,-1508.1,LOWER,3,HETEROLITHIC
F11,1518.2,1518.4,3623.82,1630.46,-1508.3,LOWER,3,HETEROLITHIC
F11,1518.4,1518.6,3623.82,1630.46,-1508.5,LOWER,3,HETEROLITHIC
F11,1518.6,1518.8,3623.82,1630.46,-1508.7,LOWER,3,HETEROLITHIC
F12,1493.2,1493.4,1068.29,2322.82,-1483.3,UPPER,2,SAND_SHALY
F12,1493.4,1493.6,1068.29,2322.82,-1483.5,UPPER,2,SAND_SHALY
F12,1493.6,1493.8,1068.29,2322.82,-1483.7,UPPER,1,SAND_CLEAN
F12,1493.8,1494.0,1068.29,2322.82,-1483.9,UPPER,1,SAND_CLEAN
F12,1494.0,1494.2,1068.29,2322.82,-1484.1,UPPER,1,SAND_CLEAN
F12,1494.2,1494.4,1068.29,2322.82,-1484.3,UPPER,1,SAND_CLEAN
F12,1494.4,1494.6,1068.29,2322.82,-1484.5,UPPER,1,SAND_CLEAN
F12,1494.6,1494.8,1068.29,2322.82,-1484.7,UPPER,1,SAND_CLEAN
F12,1494.8,1495.0,1068.29,2322.82,-1484.9,UPPER,1,SAND_CLEAN
F12,1495.0,1495.2,1068.29,2322.82,-1485.1,UPPER,1,SAND_CLEAN
F12,1495.2,1495.4,1068.29,2322.82,-1485.3,UPPER,1,SAND_CLEAN
F12,1495.4,1495.6,1068.29,2322.82,-1485.5,UPPER,1,SAND_CLEAN
F12,1495.6,1495.8,1068.29,2322.82,-1485.7,UPPER,1,SAND_CLEAN
F12,1495.8,1496.0,1068.29,2322.82,-1485.9,UPPER,2,SAND_SHALY
F12,1496.0,1496.2,1068.29,2322.82,-1486.1,UPPER,2,SAND_SHALY
F12,1496.2,1496.4,1068.29,2322.82,-1486.3,UPPER,3,HETEROLITHIC
F12,1496.4,1496.6,1068.29,2322.82,-1486.5,UPPER,3,HETEROLITHIC
F12,1496.6,1496.8,1068.29,2322.82,-1486.7,UPPER,2,SAND_SHALY
F12,1496.8,1497.0,1068.29,2322.82,-1486.9,UPPER,1,SAND_CLEAN
F12,1497.0,1497.2,1068.29,2322.82,-1487.1,UPPER,5,CEMENTED
F12,1497.2,1497.4,1068.29,2322.82,-1487.3,UPPER,2,SAND_SHALY
F12,1497.4,1497.6,1068.29,2322.82,-1487.5,UPPER,3,HETEROLITHIC
F12,1497.6,1497.8,1068.29,2322.82,-1487.7,UPPER,4,SHALE
F12,1497.8,1498.0,1068.29,2322.82,-1487.9,UPPER,3,HETEROLITHIC
F12,1498.0,1498.2,1068.29,2322.82,-1488.1,UPPER,1,SAND_CLEAN
F12,1498.2,1498.4,1068.29,2322.82,-1488.3,UPPER,1,SAND_CLEAN
F12,1498.4,1498.6,1068.29,2322.82,-1488.5,UPPER,1,SAND_CLEAN
F12,1498.6,1498.8,1068.29,2322.82,-1488.7,UPPER,2,SAND_SHALY
F12,1498.8,1499.0,1068.29,2322.82,-1488.9,LOWER,2,SAND_SHALY
F12,1499.0,1499.2,1068.29,2322.82,-1489.1,LOWER,2,SAND_SHALY
F12,1499.2,1499.4,1068.29,2322.82,-1489.3,LOWER,3,HETEROLITHIC
F12,1499.4,1499.6,1068.29,2322.82,-1489.5,LOWER,3,HETEROLITHIC
F12,1499.6,1499.8,1068.29,2322.82,-1489.7,LOWER,4,SHALE
F12,1499.8,1500.0,1068.29,2322.82,-1489.9,LOWER,4,SHALE
F12,1500.0,1500.2,1068.29,2322.82,-1490.1,LOWER,4,SHALE
F12,1500.2,1500.4,1068.29,2322.82,-1490.3,LOWER,4,SHALE
F12,1500.4,1500.6,1068.29,2322.82,-1490.5,LOWER,4,SHALE
F12,1500.6,1500.8,1068.29,2322.82,-1490.7,LOWER,4,SHALE
F12,1500.8,1501.0,1068.29,2322.82,-1490.9,LOWER,4,SHALE
F12,1501.0,1501.2,1068.29,2322.82,-1491.1,LOWER,4,SHALE
F12,1501.2,1501.4,1068.29,2322.82,-1491.3,LOWER,3,HETEROLITHIC
F12,1501.4,1501.6,1068.29,2322.82,-1491.5,LOWER,2,SAND_SHALY
F12,1501.6,1501.8,1068.29,2322.82,-1491.7,LOWER,2,SAND_SHALY
F12,1501.8,1502.0,1068.29,2322.82,-1491.9,LOWER,2,SAND_SHALY
F12,1502.0,1502.2,1068.29,2322.82,-1492.1,LOWER,2,SAND_SHALY
F12,1502.2,1502.4,1068.29,2322.82,-1492.3,LOWER,3,HETEROLITHIC
F12,1502.4,1502.6,1068.29,2322.82,-1492.5,LOWER,3,HETEROLITHIC
F12,1502.6,1502.8,1068.29,2322.82,-1492.7,LOWER,3,HETEROLITHIC
F12,1502.8,1503.0,1068.29,2322.82,-1492.9,LOWER,4,SHALE
F12,1503.0,1503.2,1068.29,2322.82,-1493.1,LOWER,4,SHALE
F12,1503.2,1503.4,1068.29,2322.82,-1493.3,LOWER,4,SHALE
F12,1503.4,1503.6,1068.29,2322.82,-1493.5,LOWER,4,SHALE
F12,1503.6,1503.8,1068.29,2322.82,-1493.7,LOWER,4,SHALE
F12,1503.8,1504.0,1068.29,2322.82,-1493.9,LOWER,4,SHALE
F12,1504.0,1504.2,1068.29,2322.82,-1494.1,LOWER,4,SHALE
F12,1504.2,1504.4,1068.29,2322.82,-1494.3,LOWER,4,SHALE
F12,1504.4,1504.6,1068.29,2322.82,-1494.5,LOWER,4,SHALE
F12,1504.6,1504.8,1068.29,2322.82,-1494.7,LOWER,4,SHALE
F12,1504.8,1505.0,1068.29,2322.82,-1494.9,LOWER,4,SHALE
F12,1505.0,1505.2,1068.29,2322.82,-1495.1,LOWER,3,HETEROLITHIC
F12,1505.2,1505.4,1068.29,2322.82,-1495.3,LOWER,3,HETEROLITHIC
F12,1505.4,1505.6,1068.29,2322.82,-1495.5,LOWER,3,HETEROLITHIC
F12,1505.6,1505.8,1068.29,2322.82,-1495.7,LOWER,3,HETEROLITHIC
F12,1505.8,1506.0,1068.29,2322.82,-1495.9,LOWER,4,SHALE
F12,1506.0,1506.2,1068.29,2322.82,-1496.1,LOWER,4,SHALE
F12,1506.2,1506.4,1068.29,2322.82,-1496.3,LOWER,4,SHALE
F12,1506.4,1506.6,1068.29,2322.82,-1496.5,LOWER,4,SHALE
F12,1506.6,1506.8,1068.29,2322.82,-1496.7,LOWER,4,SHALE
F12,1506.8,1507.0,1068.29,2322.82,-1496.9,LOWER,4,SHALE
F12,1507.0,1507.2,1068.29,2322.82,-1497.1,LOWER,4,SHALE
F12,1507.2,1507.4,1068.29,2322.82,-1497.3,LOWER,4,SHALE
F12,1507.4,1507.6,1068.29,2322.82,-1497.5,LOWER,4,SHALE
F12,1507.6,1507.8,1068.29,2322.82,-1497.7,LOWER,4,SHALE
F13,1503.8,1504.0,3884.89,3350.58,-1488.78,UPPER,5,CEMENTED
F13,1504.0,1504.2,3884.86,3350.64,-1488.97,UPPER,5,CEMENTED
F13,1504.2,1504.4,3884.82,3350.69,-1489.16,UPPER,5,CEMENTED
F13,1504.4,1504.6,3884.79,3350.75,-1489.35,UPPER,5,CEMENTED
F13,1504.6,1504.8,3884.76,3350.81,-1489.54,UPPER,5,CEMENTED
F13,1504.8,1505.0,3884.73,3350.86,-1489.73,UPPER,5,CEMENTED
F13,1505.0,1505.2,3884.69,3350.92,-1489.92,UPPER,5,CEMENTED
F13,1505.2,1505.4,3884.66,3350.97,-1490.11,UPPER,1,SAND_CLEAN
F13,1505.4,1505.6,3884.63,3351.03,-1490.3,UPPER,1,SAND_CLEAN
F13,1505.6,1505.8,3884.6,3351.08,-1490.49,UPPER,1,SAND_CLEAN
F13,1505.8,1506.0,3884.57,3351.14,-1490.68,UPPER,2,SAND_SHALY
F13,1506.0,1506.2,3884.53,3351.19,-1490.87,UPPER,2,SAND_SHALY
F13,1506.2,1506.4,3884.5,3351.25,-1491.05,UPPER,2,SAND_SHALY
F13,1506.4,1506.6,3884.47,3351.31,-1491.24,UPPER,2,SAND_SHALY
F13,1506.6,1506.8,3884.44,3351.36,-1491.43,UPPER,2,SAND_SHALY
F13,1506.8,1507.0,3884.4,3351.42,-1491.62,UPPER,2,SAND_SHALY
F13,1507.0,1507.2,3884.37,3351.47,-1491.81,UPPER,2,SAND_SHALY
F13,1507.2,1507.4,3884.34,3351.53,-1492.0,UPPER,1,SAND_CLEAN
F13,1507.4,1507.6,3884.31,3351.58,-1492.19,UPPER,1,SAND_CLEAN
F13,1507.6,1507.8,3884.27,3351.64,-1492.38,UPPER,1,SAND_CLEAN
F13,1507.8,1508.0,3884.24,3351.69,-1492.57,UPPER,1,SAND_CLEAN
F13,1508.0,1508.2,3884.21,3351.75,-1492.76,UPPER,1,SAND_CLEAN
F13,1508.2,1508.4,3884.18,3351.8,-1492.95,UPPER,1,SAND_CLEAN
F13,1508.4,1508.6,3884.14,3351.86,-1493.14,UPPER,1,SAND_CLEAN
F13,1508.6,1508.8,3884.11,3351.92,-1493.33,UPPER,1,SAND_CLEAN
F13,1508.8,1509.0,3884.08,3351.97,-1493.52,UPPER,1,SAND_CLEAN
F13,1509.0,1509.2,3884.05,3352.03,-1493.71,UPPER,1,SAND_CLEAN
F13,1509.2,1509.4,3884.01,3352.08,-1493.9,UPPER,1,SAND_CLEAN
F13,1509.4,1509.6,3883.98,3352.14,-1494.09,UPPER,1,SAND_CLEAN
F13,1509.6,1509.8,3883.95,3352.19,-1494.27,UPPER,1,SAND_CLEAN
F13,1509.8,1510.0,3883.92,3352.25,-1494.46,UPPER,1,SAND_CLEAN
F13,1510.0,1510.2,3883.89,3352.3,-1494.65,UPPER,1,SAND_CLEAN
F13,1510.2,1510.4,3883.85,3352.36,-1494.84,UPPER,2,SAND_SHALY
F13,1510.4,1510.6,3883.82,3352.42,-1495.03,UPPER,2,SAND_SHALY
F13,1510.6,1510.8,3883.79,3352.47,-1495.22,UPPER,2,SAND_SHALY
F13,1510.8,1511.0,3883.76,3352.53,-1495.41,UPPER,2,SAND_SHALY
F13,1511.0,1511.2,3883.72,3352.58,-1495.6,UPPER,1,SAND_CLEAN
F13,1511.2,1511.4,3883.69,3352.64,-1495.79,UPPER,1,SAND_CLEAN
F13,1511.4,1511.6,3883.66,3352.69,-1495.98,UPPER,1,SAND_CLEAN
F13,1511.6,1511.8,3883.63,3352.75,-1496.17,UPPER,1,SAND_CLEAN
F13,1511.8,1512.0,3883.59,3352.8,-1496.36,UPPER,1,SAND_CLEAN
F13,1512.0,1512.2,3883.56,3352.86,-1496.55,UPPER,1,SAND_CLEAN
F13,1512.2,1512.4,3883.53,3352.92,-1496.74,UPPER,1,SAND_CLEAN
F13,1512.4,1512.6,3883.5,3352.97,-1496.93,UPPER,1,SAND_CLEAN
F13,1512.6,1512.8,3883.46,3353.03,-1497.12,UPPER,1,SAND_CLEAN
F13,1512.8,1513.0,3883.43,3353.08,-1497.3,UPPER,1,SAND_CLEAN
F13,1513.0,1513.2,3883.4,3353.14,-1497.49,UPPER,1,SAND_CLEAN
F13,1513.2,1513.4,3883.37,3353.19,-1497.68,UPPER,1,SAND_CLEAN
F13,1513.4,1513.6,3883.33,3353.25,-1497.87,UPPER,1,SAND_CLEAN
F13,1513.6,1513.8,3883.3,3353.3,-1498.06,UPPER,2,SAND_SHALY
F13,1513.8,1514.0,3883.27,3353.36,-1498.25,UPPER,5,CEMENTED
F13,1514.0,1514.2,3883.24,3353.42,-1498.44,UPPER,5,CEMENTED
F13,1514.2,1514.4,3883.21,3353.47,-1498.63,UPPER,5,CEMENTED
F13,1514.4,1514.6,3883.17,3353.53,-1498.82,UPPER,5,CEMENTED
F13,1514.6,1514.8,3883.14,3353.58,-1499.01,UPPER,2,SAND_SHALY
F13,1514.8,1515.0,3883.11,3353.64,-1499.2,UPPER,2,SAND_SHALY
F13,1515.0,1515.2,3883.08,3353.69,-1499.39,UPPER,3,HETEROLITHIC
F13,1515.2,1515.4,3883.04,3353.75,-1499.58,UPPER,3,HETEROLITHIC
F13,1515.4,1515.6,3883.01,3353.8,-1499.77,UPPER,3,HETEROLITHIC
F13,1515.6,1515.8,3882.98,3353.86,-1499.96,UPPER,3,HETEROLITHIC
F13,1515.8,1516.0,3882.95,3353.92,-1500.15,UPPER,4,SHALE
F13,1516.0,1516.2,3882.91,3353.97,-1500.33,UPPER,4,SHALE
F13,1516.2,1516.4,3882.88,3354.03,-1500.52,LOWER,4,SHALE
F13,1516.4,1516.6,3882.85,3354.08,-1500.71,LOWER,4,SHALE
F13,1516.6,1516.8,3882.82,3354.14,-1500.9,LOWER,4,SHALE
F13,1516.8,1517.0,3882.78,3354.19,-1501.09,LOWER,4,SHALE
F13,1517.0,1517.2,3882.75,3354.25,-1501.28,LOWER,4,SHALE
F13,1517.2,1517.4,3882.72,3354.3,-1501.47,LOWER,4,SHALE
F13,1517.4,1517.6,3882.69,3354.36,-1501.66,LOWER,3,HETEROLITHIC
F13,1517.6,1517.8,3882.65,3354.42,-1501.85,LOWER,3,HETEROLITHIC
F13,1517.8,1518.0,3882.62,3354.47,-1502.04,LOWER,3,HETEROLITHIC
F13,1518.0,1518.2,3882.59,3354.53,-1502.23,LOWER,4,SHALE
F13,1518.2,1518.4,3882.56,3354.58,-1502.42,LOWER,3,HETEROLITHIC
F13,1518.4,1518.6,3882.53,3354.64,-1502.61,LOWER,3,HETEROLITHIC
F13,1518.6,1518.8,3882.49,3354.69,-1502.8,LOWER,4,SHALE
F13,1518.8,1519.0,3882.46,3354.75,-1502.99,LOWER,4,SHALE
F13,1519.0,1519.2,3882.43,3354.8,-1503.18,LOWER,4,SHALE
F13,1519.2,1519.4,3882.4,3354.86,-1503.36,LOWER,4,SHALE
F13,1519.4,1519.6,3882.36,3354.92,-1503.55,LOWER,4,SHALE
F13,1519.6,1519.8,3882.33,3354.97,-1503.74,LOWER,3,HETEROLITHIC
F13,1519.8,1520.0,3882.3,3355.03,-1503.93,LOWER,3,HETEROLITHIC
F13,1520.0,1520.2,3882.27,3355.08,-1504.12,LOWER,2,SAND_SHALY
F13,1520.2,1520.4,3882.23,3355.14,-1504.31,LOWER,2,SAND_SHALY
F13,1520.4,1520.6,3882.2,3355.19,-1504.5,LOWER,3,HETEROLITHIC
F13,1520.6,1520.8,3882.17,3355.25,-1504.69,LOWER,4,SHALE
F13,1520.8,1521.0,3882.14,3355.3,-1504.88,LOWER,4,SHALE
F13,1521.0,1521.2,3882.1,3355.36,-1505.07,LOWER,4,SHALE
F13,1521.2,1521.4,3882.07,3355.41,-1505.26,LOWER,4,SHALE
F13,1521.4,1521.6,3882.04,3355.47,-1505.45,LOWER,3,HETEROLITHIC
F13,1521.6,1521.8,3882.01,3355.53,-1505.64,LOWER,2,SAND_SHALY
F14,1498.6,1498.8,1853.62,2580.73,-1488.7,UPPER,1,SAND_CLEAN
F14,1498.8,1499.0,1853.62,2580.73,-1488.9,UPPER,1,SAND_CLEAN
F14,1499.0,1499.2,1853.62,2580.73,-1489.1,UPPER,1,SAND_CLEAN
F14,1499.2,1499.4,1853.62,2580.73,-1489.3,UPPER,1,SAND_CLEAN
F14,1499.4,1499.6,1853.62,2580.73,-1489.5,UPPER,1,SAND_CLEAN
F14,1499.6,1499.8,1853.62,2580.73,-1489.7,UPPER,1,SAND_CLEAN
F14,1499.8,1500.0,1853.62,2580.73,-1489.9,UPPER,1,SAND_CLEAN
F14,1500.0,1500.2,1853.62,2580.73,-1490.1,UPPER,1,SAND_CLEAN
F14,1500.2,1500.4,1853.62,2580.73,-1490.3,UPPER,1,SAND_CLEAN
F14,1500.4,1500.6,1853.62,2580.73,-1490.5,UPPER,1,SAND_CLEAN
F14,1500.6,1500.8,1853.62,2580.73,-1490.7,UPPER,1,SAND_CLEAN
F14,1500.8,1501.0,1853.62,2580.73,-1490.9,UPPER,1,SAND_CLEAN
F14,1501.0,1501.2,1853.62,2580.73,-1491.1,UPPER,1,SAND_CLEAN
F14,1501.2,1501.4,1853.62,2580.73,-1491.3,UPPER,1,SAND_CLEAN
F14,1501.4,1501.6,1853.62,2580.73,-1491.5,UPPER,1,SAND_CLEAN
F14,1501.6,1501.8,1853.62,2580.73,-1491.7,UPPER,2,SAND_SHALY
F14,1501.8,1502.0,1853.62,2580.73,-1491.9,UPPER,3,HETEROLITHIC
F14,1502.0,1502.2,1853.62,2580.73,-1492.1,UPPER,4,SHALE
F14,1502.2,1502.4,1853.62,2580.73,-1492.3,UPPER,4,SHALE
F14,1502.4,1502.6,1853.62,2580.73,-1492.5,UPPER,4,SHALE
F14,1502.6,1502.8,1853.62,2580.73,-1492.7,UPPER,3,HETEROLITHIC
F14,1502.8,1503.0,1853.62,2580.73,-1492.9,UPPER,3,HETEROLITHIC
F14,1503.0,1503.2,1853.62,2580.73,-1493.1,UPPER,2,SAND_SHALY
F14,1503.2,1503.4,1853.62,2580.73,-1493.3,UPPER,1,SAND_CLEAN
F14,1503.4,1503.6,1853.62,2580.73,-1493.5,UPPER,1,SAND_CLEAN
F14,1503.6,1503.8,1853.62,2580.73,-1493.7,UPPER,1,SAND_CLEAN
F14,1503.8,1504.0,1853.62,2580.73,-1493.9,UPPER,1,SAND_CLEAN
F14,1504.0,1504.2,1853.62,2580.73,-1494.1,UPPER,1,SAND_CLEAN
F14,1504.2,1504.4,1853.62,2580.73,-1494.3,UPPER,1,SAND_CLEAN
F14,1504.4,1504.6,1853.62,2580.73,-1494.5,UPPER,1,SAND_CLEAN
F14,1504.6,1504.8,1853.62,2580.73,-1494.7,UPPER,2,SAND_SHALY
F14,1504.8,1505.0,1853.62,2580.73,-1494.9,UPPER,2,SAND_SHALY
F14,1505.0,1505.2,1853.62,2580.73,-1495.1,UPPER,2,SAND_SHALY
F14,1505.2,1505.4,1853.62,2580.73,-1495.3,UPPER,1,SAND_CLEAN
F14,1505.4,1505.6,1853.62,2580.73,-1495.5,UPPER,1,SAND_CLEAN
F14,1505.6,1505.8,1853.62,2580.73,-1495.7,UPPER,1,SAND_CLEAN
F14,1505.8,1506.0,1853.62,2580.73,-1495.9,UPPER,1,SAND_CLEAN
F14,1506.0,1506.2,1853.62,2580.73,-1496.1,LOWER,4,SHALE
F14,1506.2,1506.4,1853.62,2580.73,-1496.3,LOWER,4,SHALE
F14,1506.4,1506.6,1853.62,2580.73,-1496.5,LOWER,4,SHALE
F14,1506.6,1506.8,1853.62,2580.73,-1496.7,LOWER,4,SHALE
F14,1506.8,1507.0,1853.62,2580.73,-1496.9,LOWER,4,SHALE
F14,1507.0,1507.2,1853.62,2580.73,-1497.1,LOWER,4,SHALE
F14,1507.2,1507.4,1853.62,2580.73,-1497.3,LOWER,4,SHALE
F14,1507.4,1507.6,1853.62,2580.73,-1497.5,LOWER,3,HETEROLITHIC
F14,1507.6,1507.8,1853.62,2580.73,-1497.7,LOWER,2,SAND_SHALY
F14,1507.8,1508.0,1853.62,2580.73,-1497.9,LOWER,1,SAND_CLEAN
F14,1508.0,1508.2,1853.62,2580.73,-1498.1,LOWER,1,SAND_CLEAN
F14,1508.2,1508.4,1853.62,2580.73,-1498.3,LOWER,1,SAND_CLEAN
F14,1508.4,1508.6,1853.62,2580.73,-1498.5,LOWER,1,SAND_CLEAN
F14,1508.6,1508.8,1853.62,2580.73,-1498.7,LOWER,2,SAND_SHALY
F14,1508.8,1509.0,1853.62,2580.73,-1498.9,LOWER,3,HETEROLITHIC
F14,1509.0,1509.2,1853.62,2580.73,-1499.1,LOWER,3,HETEROLITHIC
F14,1509.2,1509.4,1853.62,2580.73,-1499.3,LOWER,3,HETEROLITHIC
F14,1509.4,1509.6,1853.62,2580.73,-1499.5,LOWER,3,HETEROLITHIC
F14,1509.6,1509.8,1853.62,2580.73,-1499.7,LOWER,3,HETEROLITHIC
F14,1509.8,1510.0,1853.62,2580.73,-1499.9,LOWER,2,SAND_SHALY
F14,1510.0,1510.2,1853.62,2580.73,-1500.1,LOWER,2,SAND_SHALY
F14,1510.2,1510.4,1853.62,2580.73,-1500.3,LOWER,2,SAND_SHALY
F14,1510.4,1510.6,1853.62,2580.73,-1500.5,LOWER,2,SAND_SHALY
F14,1510.6,1510.8,1853.62,2580.73,-1500.7,LOWER,2,SAND_SHALY
F14,1510.8,1511.0,1853.62,2580.73,-1500.9,LOWER,2,SAND_SHALY
F14,1511.0,1511.2,1853.62,2580.73,-1501.1,LOWER,2,SAND_SHALY
F14,1511.2,1511.4,1853.62,2580.73,-1501.3,LOWER,3,HETEROLITHIC
F14,1511.4,1511.6,1853.62,2580.73,-1501.5,LOWER,3,HETEROLITHIC
F14,1511.6,1511.8,1853.62,2580.73,-1501.7,LOWER,4,SHALE
F14,1511.8,1512.0,1853.62,2580.73,-1501.9,LOWER,4,SHALE
F14,1512.0,1512.2,1853.62,2580.73,-1502.1,LOWER,4,SHALE
F14,1512.2,1512.4,1853.62,2580.73,-1502.3,LOWER,4,SHALE
F14,1512.4,1512.6,1853.62,2580.73,-1502.5,LOWER,4,SHALE
F14,1512.6,1512.8,1853.62,2580.73,-1502.7,LOWER,3,HETEROLITHIC
F14,1512.8,1513.0,1853.62,2580.73,-1502.9,LOWER,3,HETEROLITHIC
F14,1513.0,1513.2,1853.62,2580.73,-1503.1,LOWER,3,HETEROLITHIC
F14,1513.2,1513.4,1853.62,2580.73,-1503.3,LOWER,2,SAND_SHALY
F14,1513.4,1513.6,1853.62,2580.73,-1503.5,LOWER,2,SAND_SHALY
F14,1513.6,1513.8,1853.62,2580.73,-1503.7,LOWER,3,HETEROLITHIC
F14,1513.8,1514.0,1853.62,2580.73,-1503.9,LOWER,3,HETEROLITHIC
F14,1514.0,1514.2,1853.62,2580.73,-1504.1,LOWER,2,SAND_SHALY
F14,1514.2,1514.4,1853.62,2580.73,-1504.3,LOWER,2,SAND_SHALY
F14,1514.4,1514.6,1853.62,2580.73,-1504.5,LOWER,1,SAND_CLEAN
F15,1491.4,1491.6,552.45,3340.24,-1481.5,UPPER,1,SAND_CLEAN
F15,1491.6,1491.8,552.45,3340.24,-1481.7,UPPER,1,SAND_CLEAN
F15,1491.8,1492.0,552.45,3340.24,-1481.9,UPPER,2,SAND_SHALY
F15,1492.0,1492.2,552.45,3340.24,-1482.1,UPPER,3,HETEROLITHIC
F15,1492.2,1492.4,552.45,3340.24,-1482.3,UPPER,4,SHALE
F15,1492.4,1492.6,552.45,3340.24,-1482.5,UPPER,4,SHALE
F15,1492.6,1492.8,552.45,3340.24,-1482.7,UPPER,4,SHALE
F15,1492.8,1493.0,552.45,3340.24,-1482.9,UPPER,4,SHALE
F15,1493.0,1493.2,552.45,3340.24,-1483.1,UPPER,4,SHALE
F15,1493.2,1493.4,552.45,3340.24,-1483.3,UPPER,4,SHALE
F15,1493.4,1493.6,552.45,3340.24,-1483.5,UPPER,4,SHALE
F15,1493.6,1493.8,552.45,3340.24,-1483.7,UPPER,3,HETEROLITHIC
F15,1493.8,1494.0,552.45,3340.24,-1483.9,UPPER,3,HETEROLITHIC
F15,1494.0,1494.2,552.45,3340.24,-1484.1,UPPER,2,SAND_SHALY
F15,1494.2,1494.4,552.45,3340.24,-1484.3,UPPER,2,SAND_SHALY
F15,1494.4,1494.6,552.45,3340.24,-1484.5,UPPER,1,SAND_CLEAN
F15,1494.6,1494.8,552.45,3340.24,-1484.7,UPPER,1,SAND_CLEAN
F15,1494.8,1495.0,552.45,3340.24,-1484.9,UPPER,5,CEMENTED
F15,1495.0,1495.2,552.45,3340.24,-1485.1,UPPER,1,SAND_CLEAN
F15,1495.2,1495.4,552.45,3340.24,-1485.3,UPPER,1,SAND_CLEAN
F15,1495.4,1495.6,552.45,3340.24,-1485.5,UPPER,1,SAND_CLEAN
F15,1495.6,1495.8,552.45,3340.24,-1485.7,UPPER,1,SAND_CLEAN
F15,1495.8,1496.0,552.45,3340.24,-1485.9,UPPER,1,SAND_CLEAN
F15,1496.0,1496.2,552.45,3340.24,-1486.1,UPPER,1,SAND_CLEAN
F15,1496.2,1496.4,552.45,3340.24,-1486.3,UPPER,1,SAND_CLEAN
F15,1496.4,1496.6,552.45,3340.24,-1486.5,UPPER,1,SAND_CLEAN
F15,1496.6,1496.8,552.45,3340.24,-1486.7,UPPER,1,SAND_CLEAN
F15,1496.8,1497.0,552.45,3340.24,-1486.9,UPPER,2,SAND_SHALY
F15,1497.0,1497.2,552.45,3340.24,-1487.1,UPPER,2,SAND_SHALY
F15,1497.2,1497.4,552.45,3340.24,-1487.3,UPPER,2,SAND_SHALY
F15,1497.4,1497.6,552.45,3340.24,-1487.5,LOWER,4,SHALE
F15,1497.6,1497.8,552.45,3340.24,-1487.7,LOWER,4,SHALE
F15,1497.8,1498.0,552.45,3340.24,-1487.9,LOWER,4,SHALE
F15,1498.0,1498.2,552.45,3340.24,-1488.1,LOWER,4,SHALE
F15,1498.2,1498.4,552.45,3340.24,-1488.3,LOWER,4,SHALE
F15,1498.4,1498.6,552.45,3340.24,-1488.5,LOWER,2,SAND_SHALY
F15,1498.6,1498.8,552.45,3340.24,-1488.7,LOWER,1,SAND_CLEAN
F15,1498.8,1499.0,552.45,3340.24,-1488.9,LOWER,1,SAND_CLEAN
F15,1499.0,1499.2,552.45,3340.24,-1489.1,LOWER,1,SAND_CLEAN
F15,1499.2,1499.4,552.45,3340.24,-1489.3,LOWER,1,SAND_CLEAN
F15,1499.4,1499.6,552.45,3340.24,-1489.5,LOWER,3,HETEROLITHIC
F15,1499.6,1499.8,552.45,3340.24,-1489.7,LOWER,3,HETEROLITHIC
F15,1499.8,1500.0,552.45,3340.24,-1489.9,LOWER,4,SHALE
F15,1500.0,1500.2,552.45,3340.24,-1490.1,LOWER,3,HETEROLITHIC
F15,1500.2,1500.4,552.45,3340.24,-1490.3,LOWER,3,HETEROLITHIC
F15,1500.4,1500.6,552.45,3340.24,-1490.5,LOWER,5,CEMENTED
F15,1500.6,1500.8,552.45,3340.24,-1490.7,LOWER,5,CEMENTED
F15,1500.8,1501.0,552.45,3340.24,-1490.9,LOWER,3,HETEROLITHIC
F15,1501.0,1501.2,552.45,3340.24,-1491.1,LOWER,3,HETEROLITHIC
F15,1501.2,1501.4,552.45,3340.24,-1491.3,LOWER,4,SHALE
F15,1501.4,1501.6,552.45,3340.24,-1491.5,LOWER,4,SHALE
F15,1501.6,1501.8,552.45,3340.24,-1491.7,LOWER,4,SHALE
F15,1501.8,1502.0,552.45,3340.24,-1491.9,LOWER,4,SHALE
F15,1502.0,1502.2,552.45,3340.24,-1492.1,LOWER,4,SHALE
F15,1502.2,1502.4,552.45,3340.24,-1492.3,LOWER,4,SHALE
F15,1502.4,1502.6,552.45,3340.24,-1492.5,LOWER,3,HETEROLITHIC
F15,1502.6,1502.8,552.45,3340.24,-1492.7,LOWER,3,HETEROLITHIC
F16,1504.8,1505.0,4207.76,1312.57,-1494.9,UPPER,4,SHALE
F16,1505.0,1505.2,4207.76,1312.57,-1495.1,UPPER,4,SHALE
F16,1505.2,1505.4,4207.76,1312.57,-1495.3,UPPER,4,SHALE
F16,1505.4,1505.6,4207.76,1312.57,-1495.5,UPPER,4,SHALE
F16,1505.6,1505.8,4207.76,1312.57,-1495.7,UPPER,4,SHALE
F16,1505.8,1506.0,4207.76,1312.57,-1495.9,UPPER,4,SHALE
F16,1506.0,1506.2,4207.76,1312.57,-1496.1,UPPER,4,SHALE
F16,1506.2,1506.4,4207.76,1312.57,-1496.3,UPPER,4,SHALE
F16,1506.4,1506.6,4207.76,1312.57,-1496.5,UPPER,4,SHALE
F16,1506.6,1506.8,4207.76,1312.57,-1496.7,UPPER,3,HETEROLITHIC
F16,1506.8,1507.0,4207.76,1312.57,-1496.9,UPPER,2,SAND_SHALY
F16,1507.0,1507.2,4207.76,1312.57,-1497.1,UPPER,5,CEMENTED
F16,1507.2,1507.4,4207.76,1312.57,-1497.3,UPPER,1,SAND_CLEAN
F16,1507.4,1507.6,4207.76,1312.57,-1497.5,UPPER,2,SAND_SHALY
F16,1507.6,1507.8,4207.76,1312.57,-1497.7,UPPER,2,SAND_SHALY
F16,1507.8,1508.0,4207.76,1312.57,-1497.9,UPPER,2,SAND_SHALY
F16,1508.0,1508.2,4207.76,1312.57,-1498.1,UPPER,2,SAND_SHALY
F16,1508.2,1508.4,4207.76,1312.57,-1498.3,UPPER,3,HETEROLITHIC
F16,1508.4,1508.6,4207.76,1312.57,-1498.5,UPPER,4,SHALE
F16,1508.6,1508.8,4207.76,1312.57,-1498.7,UPPER,4,SHALE
F16,1508.8,1509.0,4207.76,1312.57,-1498.9,UPPER,4,SHALE
F16,1509.0,1509.2,4207.76,1312.57,-1499.1,UPPER,4,SHALE
F16,1509.2,1509.4,4207.76,1312.57,-1499.3,UPPER,4,SHALE
F16,1509.4,1509.6,4207.76,1312.57,-1499.5,UPPER,4,SHALE
F16,1509.6,1509.8,4207.76,1312.57,-1499.7,UPPER,4,SHALE
F16,1509.8,1510.0,4207.76,1312.57,-1499.9,UPPER,4,SHALE
F16,1510.0,1510.2,4207.76,1312.57,-1500.1,UPPER,4,SHALE
F16,1510.2,1510.4,4207.76,1312.57,-1500.3,UPPER,4,SHALE
F16,1510.4,1510.6,4207.76,1312.57,-1500.5,UPPER,4,SHALE
F16,1510.6,1510.8,4207.76,1312.57,-1500.7,UPPER,4,SHALE
F16,1510.8,1511.0,4207.76,1312.57,-1500.9,UPPER,4,SHALE
F16,1511.0,1511.2,4207.76,1312.57,-1501.1,UPPER,4,SHALE
F16,1511.2,1511.4,4207.76,1312.57,-1501.3,UPPER,4,SHALE
F16,1511.4,1511.6,4207.76,1312.57,-1501.5,LOWER,3,HETEROLITHIC
F16,1511.6,1511.8,4207.76,1312.57,-1501.7,LOWER,2,SAND_SHALY
F16,1511.8,1512.0,4207.76,1312.57,-1501.9,LOWER,2,SAND_SHALY
F16,1512.0,1512.2,4207.76,1312.57,-1502.1,LOWER,1,SAND_CLEAN
F16,1512.2,1512.4,4207.76,1312.57,-1502.3,LOWER,1,SAND_CLEAN
F16,1512.4,1512.6,4207.76,1312.57,-1502.5,LOWER,2,SAND_SHALY
F16,1512.6,1512.8,4207.76,1312.57,-1502.7,LOWER,2,SAND_SHALY
F16,1512.8,1513.0,4207.76,1312.57,-1502.9,LOWER,2,SAND_SHALY
F16,1513.0,1513.2,4207.76,1312.57,-1503.1,LOWER,1,SAND_CLEAN
F16,1513.2,1513.4,4207.76,1312.57,-1503.3,LOWER,2,SAND_SHALY
F16,1513.4,1513.6,4207.76,1312.57,-1503.5,LOWER,2,SAND_SHALY
F16,1513.6,1513.8,4207.76,1312.57,-1503.7,LOWER,3,HETEROLITHIC
F16,1513.8,1514.0,4207.76,1312.57,-1503.9,LOWER,3,HETEROLITHIC
F16,1514.0,1514.2,4207.76,1312.57,-1504.1,LOWER,4,SHALE
F16,1514.2,1514.4,4207.76,1312.57,-1504.3,LOWER,4,SHALE
F16,1514.4,1514.6,4207.76,1312.57,-1504.5,LOWER,4,SHALE
F16,1514.6,1514.8,4207.76,1312.57,-1504.7,LOWER,4,SHALE
F16,1514.8,1515.0,4207.76,1312.57,-1504.9,LOWER,4,SHALE
F16,1515.0,1515.2,4207.76,1312.57,-1505.1,LOWER,3,HETEROLITHIC
F16,1515.2,1515.4,4207.76,1312.57,-1505.3,LOWER,3,HETEROLITHIC
F16,1515.4,1515.6,4207.76,1312.57,-1505.5,LOWER,2,SAND_SHALY
F16,1515.6,1515.8,4207.76,1312.57,-1505.7,LOWER,2,SAND_SHALY
F16,1515.8,1516.0,4207.76,1312.57,-1505.9,LOWER,2,SAND_SHALY
F16,1516.0,1516.2,4207.76,1312.57,-1506.1,LOWER,3,HETEROLITHIC
F16,1516.2,1516.4,4207.76,1312.57,-1506.3,LOWER,4,SHALE
F16,1516.4,1516.6,4207.76,1312.57,-1506.5,LOWER,4,SHALE
F16,1516.6,1516.8,4207.76,1312.57,-1506.7,LOWER,4,SHALE
F16,1516.8,1517.0,4207.76,1312.57,-1506.9,LOWER,4,SHALE
F16,1517.0,1517.2,4207.76,1312.57,-1507.1,LOWER,4,SHALE
F16,1517.2,1517.4,4207.76,1312.57,-1507.3,LOWER,4,SHALE
F16,1517.4,1517.6,4207.76,1312.57,-1507.5,LOWER,4,SHALE
F16,1517.6,1517.8,4207.76,1312.57,-1507.7,LOWER,4,SHALE
F16,1517.8,1518.0,4207.76,1312.57,-1507.9,LOWER,3,HETEROLITHIC
F16,1518.0,1518.2,4207.76,1312.57,-1508.1,LOWER,3,HETEROLITHIC
F16,1518.2,1518.4,4207.76,1312.57,-1508.3,LOWER,2,SAND_SHALY
F16,1518.4,1518.6,4207.76,1312.57,-1508.5,LOWER,2,SAND_SHALY
F16,1518.6,1518.8,4207.76,1312.57,-1508.7,LOWER,2,SAND_SHALY
F16,1518.8,1519.0,4207.76,1312.57,-1508.9,LOWER,2,SAND_SHALY
F16,1519.0,1519.2,4207.76,1312.57,-1509.1,LOWER,3,HETEROLITHIC
F16,1519.2,1519.4,4207.76,1312.57,-1509.3,LOWER,2,SAND_SHALY
F17,1504.4,1504.6,3702.51,1173.17,-1490.27,UPPER,1,SAND_CLEAN
F17,1504.6,1504.8,3702.48,1173.13,-1490.46,UPPER,1,SAND_CLEAN
F17,1504.8,1505.0,3702.46,1173.1,-1490.65,UPPER,2,SAND_SHALY
F17,1505.0,1505.2,3702.43,1173.06,-1490.85,UPPER,2,SAND_SHALY
F17,1505.2,1505.4,3702.4,1173.02,-1491.04,UPPER,3,HETEROLITHIC
F17,1505.4,1505.6,3702.37,1172.98,-1491.24,UPPER,3,HETEROLITHIC
F17,1505.6,1505.8,3702.35,1172.95,-1491.43,UPPER,4,SHALE
F17,1505.8,1506.0,3702.32,1172.91,-1491.63,UPPER,4,SHALE
F17,1506.0,1506.2,3702.29,1172.87,-1491.82,UPPER,4,SHALE
F17,1506.2,1506.4,3702.26,1172.84,-1492.02,UPPER,4,SHALE
F17,1506.4,1506.6,3702.24,1172.8,-1492.21,UPPER,4,SHALE
F17,1506.6,1506.8,3702.21,1172.76,-1492.41,UPPER,4,SHALE
F17,1506.8,1507.0,3702.18,1172.72,-1492.6,UPPER,4,SHALE
F17,1507.0,1507.2,3702.15,1172.69,-1492.79,UPPER,4,SHALE
F17,1507.2,1507.4,3702.13,1172.65,-1492.99,UPPER,4,SHALE
F17,1507.4,1507.6,3702.1,1172.61,-1493.18,UPPER,3,HETEROLITHIC
F17,1507.6,1507.8,3702.07,1172.57,-1493.38,UPPER,3,HETEROLITHIC
F17,1507.8,1508.0,3702.05,1172.54,-1493.57,UPPER,3,HETEROLITHIC
F17,1508.0,1508.2,3702.02,1172.5,-1493.77,UPPER,3,HETEROLITHIC
F17,1508.2,1508.4,3701.99,1172.46,-1493.96,UPPER,5,CEMENTED
F17,1508.4,1508.6,3701.96,1172.42,-1494.16,UPPER,2,SAND_SHALY
F17,1508.6,1508.8,3701.94,1172.39,-1494.35,UPPER,2,SAND_SHALY
F17,1508.8,1509.0,3701.91,1172.35,-1494.55,UPPER,2,SAND_SHALY
F17,1509.0,1509.2,3701.88,1172.31,-1494.74,UPPER,3,HETEROLITHIC
F17,1509.2,1509.4,3701.85,1172.27,-1494.93,UPPER,3,HETEROLITHIC
F17,1509.4,1509.6,3701.83,1172.24,-1495.13,UPPER,3,HETEROLITHIC
F17,1509.6,1509.8,3701.8,1172.2,-1495.32,UPPER,4,SHALE
F17,1509.8,1510.0,3701.77,1172.16,-1495.52,UPPER,4,SHALE
F17,1510.0,1510.2,3701.74,1172.12,-1495.71,UPPER,4,SHALE
F17,1510.2,1510.4,3701.72,1172.09,-1495.91,UPPER,4,SHALE
F17,1510.4,1510.6,3701.69,1172.05,-1496.1,UPPER,4,SHALE
F17,1510.6,1510.8,3701.66,1172.01,-1496.3,UPPER,4,SHALE
F17,1510.8,1511.0,3701.64,1171.97,-1496.49,UPPER,4,SHALE
F17,1511.0,1511.2,3701.61,1171.94,-1496.69,UPPER,4,SHALE
F17,1511.2,1511.4,3701.58,1171.9,-1496.88,UPPER,4,SHALE
F17,1511.4,1511.6,3701.55,1171.86,-1497.07,UPPER,4,SHALE
F17,1511.6,1511.8,3701.53,1171.82,-1497.27,UPPER,3,HETEROLITHIC
F17,1511.8,1512.0,3701.5,1171.79,-1497.46,UPPER,3,HETEROLITHIC
F17,1512.0,1512.2,3701.47,1171.75,-1497.66,UPPER,2,SAND_SHALY
F17,1512.2,1512.4,3701.44,1171.71,-1497.85,UPPER,2,SAND_SHALY
F17,1512.4,1512.6,3701.42,1171.67,-1498.05,UPPER,5,CEMENTED
F17,1512.6,1512.8,3701.39,1171.64,-1498.24,UPPER,2,SAND_SHALY
F17,1512.8,1513.0,3701.36,1171.6,-1498.44,LOWER,2,SAND_SHALY
F17,1513.0,1513.2,3701.33,1171.56,-1498.63,LOWER,2,SAND_SHALY
F17,1513.2,1513.4,3701.31,1171.53,-1498.83,LOWER,2,SAND_SHALY
F17,1513.4,1513.6,3701.28,1171.49,-1499.02,LOWER,2,SAND_SHALY
F17,1513.6,1513.8,3701.25,1171.45,-1499.21,LOWER,1,SAND_CLEAN
F17,1513.8,1514.0,3701.23,1171.41,-1499.41,LOWER,1,SAND_CLEAN
F17,1514.0,1514.2,3701.2,1171.38,-1499.6,LOWER,5,CEMENTED
F17,1514.2,1514.4,3701.17,1171.34,-1499.8,LOWER,5,CEMENTED
F17,1514.4,1514.6,3701.14,1171.3,-1499.99,LOWER,5,CEMENTED
F17,1514.6,1514.8,3701.12,1171.26,-1500.19,LOWER,2,SAND_SHALY
F17,1514.8,1515.0,3701.09,1171.23,-1500.38,LOWER,2,SAND_SHALY
F17,1515.0,1515.2,3701.06,1171.19,-1500.58,LOWER,3,HETEROLITHIC
F17,1515.2,1515.4,3701.03,1171.15,-1500.77,LOWER,2,SAND_SHALY
F17,1515.4,1515.6,3701.01,1171.11,-1500.97,LOWER,2,SAND_SHALY
F17,1515.6,1515.8,3700.98,1171.08,-1501.16,LOWER,2,SAND_SHALY
F17,1515.8,1516.0,3700.95,1171.04,-1501.35,LOWER,1,SAND_CLEAN
F17,1516.0,1516.2,3700.93,1171.0,-1501.55,LOWER,1,SAND_CLEAN
F17,1516.2,1516.4,3700.9,1170.96,-1501.74,LOWER,1,SAND_CLEAN
F17,1516.4,1516.6,3700.87,1170.93,-1501.94,LOWER,5,CEMENTED
F17,1516.6,1516.8,3700.84,1170.89,-1502.13,LOWER,2,SAND_SHALY
F17,1516.8,1517.0,3700.82,1170.85,-1502.33,LOWER,1,SAND_CLEAN
F17,1517.0,1517.2,3700.79,1170.81,-1502.52,LOWER,1,SAND_CLEAN
F17,1517.2,1517.4,3700.76,1170.78,-1502.72,LOWER,1,SAND_CLEAN
F17,1517.4,1517.6,3700.73,1170.74,-1502.91,LOWER,1,SAND_CLEAN
F17,1517.6,1517.8,3700.71,1170.7,-1503.11,LOWER,1,SAND_CLEAN
F17,1517.8,1518.0,3700.68,1170.66,-1503.3,LOWER,1,SAND_CLEAN
F17,1518.0,1518.2,3700.65,1170.63,-1503.5,LOWER,1,SAND_CLEAN
F17,1518.2,1518.4,3700.62,1170.59,-1503.69,LOWER,1,SAND_CLEAN
F17,1518.4,1518.6,3700.6,1170.55,-1503.88,LOWER,2,SAND_SHALY
F17,1518.6,1518.8,3700.57,1170.51,-1504.08,LOWER,3,HETEROLITHIC
F17,1518.8,1519.0,3700.54,1170.48,-1504.27,LOWER,3,HETEROLITHIC
F17,1519.0,1519.2,3700.52,1170.44,-1504.47,LOWER,4,SHALE
F17,1519.2,1519.4,3700.49,1170.4,-1504.66,LOWER,4,SHALE
F17,1519.4,1519.6,3700.46,1170.36,-1504.86,LOWER,4,SHALE
F17,1519.6,1519.8,3700.43,1170.33,-1505.05,LOWER,3,HETEROLITHIC
F17,1519.8,1520.0,3700.41,1170.29,-1505.25,LOWER,2,SAND_SHALY
F17,1520.0,1520.2,3700.38,1170.25,-1505.44,LOWER,1,SAND_CLEAN
F17,1520.2,1520.4,3700.35,1170.22,-1505.64,LOWER,1,SAND_CLEAN
F17,1520.4,1520.6,3700.32,1170.18,-1505.83,LOWER,1,SAND_CLEAN
F17,1520.6,1520.8,3700.3,1170.14,-1506.02,LOWER,5,CEMENTED
F17,1520.8,1521.0,3700.27,1170.1,-1506.22,LOWER,5,CEMENTED
F18,1513.8,1514.0,4465.46,2082.84,-1503.9,UPPER,4,SHALE
F18,1514.0,1514.2,4465.46,2082.84,-1504.1,UPPER,4,SHALE
F18,1514.2,1514.4,4465.46,2082.84,-1504.3,UPPER,4,SHALE
F18,1514.4,1514.6,4465.46,2082.84,-1504.5,UPPER,3,HETEROLITHIC
F18,1514.6,1514.8,4465.46,2082.84,-1504.7,UPPER,3,HETEROLITHIC
F18,1514.8,1515.0,4465.46,2082.84,-1504.9,UPPER,2,SAND_SHALY
F18,1515.0,1515.2,4465.46,2082.84,-1505.1,UPPER,2,SAND_SHALY
F18,1515.2,1515.4,4465.46,2082.84,-1505.3,UPPER,1,SAND_CLEAN
F18,1515.4,1515.6,4465.46,2082.84,-1505.5,UPPER,1,SAND_CLEAN
F18,1515.6,1515.8,4465.46,2082.84,-1505.7,UPPER,2,SAND_SHALY
F18,1515.8,1516.0,4465.46,2082.84,-1505.9,UPPER,2,SAND_SHALY
F18,1516.0,1516.2,4465.46,2082.84,-1506.1,UPPER,3,HETEROLITHIC
F18,1516.2,1516.4,4465.46,2082.84,-1506.3,UPPER,2,SAND_SHALY
F18,1516.4,1516.6,4465.46,2082.84,-1506.5,UPPER,5,CEMENTED
F18,1516.6,1516.8,4465.46,2082.84,-1506.7,UPPER,5,CEMENTED
F18,1516.8,1517.0,4465.46,2082.84,-1506.9,UPPER,5,CEMENTED
F18,1517.0,1517.2,4465.46,2082.84,-1507.1,UPPER,5,CEMENTED
F18,1517.2,1517.4,4465.46,2082.84,-1507.3,UPPER,1,SAND_CLEAN
F18,1517.4,1517.6,4465.46,2082.84,-1507.5,UPPER,1,SAND_CLEAN
F18,1517.6,1517.8,4465.46,2082.84,-1507.7,UPPER,1,SAND_CLEAN
F18,1517.8,1518.0,4465.46,2082.84,-1507.9,UPPER,1,SAND_CLEAN
F18,1518.0,1518.2,4465.46,2082.84,-1508.1,UPPER,1,SAND_CLEAN
F18,1518.2,1518.4,4465.46,2082.84,-1508.3,UPPER,1,SAND_CLEAN
F18,1518.4,1518.6,4465.46,2082.84,-1508.5,UPPER,2,SAND_SHALY
F18,1518.6,1518.8,4465.46,2082.84,-1508.7,UPPER,3,HETEROLITHIC
F18,1518.8,1519.0,4465.46,2082.84,-1508.9,UPPER,4,SHALE
F18,1519.0,1519.2,4465.46,2082.84,-1509.1,UPPER,4,SHALE
F18,1519.2,1519.4,4465.46,2082.84,-1509.3,UPPER,4,SHALE
F18,1519.4,1519.6,4465.46,2082.84,-1509.5,UPPER,4,SHALE
F18,1519.6,1519.8,4465.46,2082.84,-1509.7,UPPER,4,SHALE
F18,1519.8,1520.0,4465.46,2082.84,-1509.9,UPPER,4,SHALE
F18,1520.0,1520.2,4465.46,2082.84,-1510.1,UPPER,4,SHALE
F18,1520.2,1520.4,4465.46,2082.84,-1510.3,UPPER,4,SHALE
F18,1520.4,1520.6,4465.46,2082.84,-1510.5,UPPER,4,SHALE
F18,1520.6,1520.8,4465.46,2082.84,-1510.7,UPPER,4,SHALE
F18,1520.8,1521.0,4465.46,2082.84,-1510.9,UPPER,4,SHALE
F18,1521.0,1521.2,4465.46,2082.84,-1511.1,UPPER,4,SHALE
F18,1521.2,1521.4,4465.46,2082.84,-1511.3,UPPER,4,SHALE
F18,1521.4,1521.6,4465.46,2082.84,-1511.5,UPPER,3,HETEROLITHIC
F18,1521.6,1521.8,4465.46,2082.84,-1511.7,UPPER,3,HETEROLITHIC
F18,1521.8,1522.0,4465.46,2082.84,-1511.9,UPPER,3,HETEROLITHIC
F18,1522.0,1522.2,4465.46,2082.84,-1512.1,UPPER,3,HETEROLITHIC
F18,1522.2,1522.4,4465.46,2082.84,-1512.3,UPPER,4,SHALE
F18,1522.4,1522.6,4465.46,2082.84,-1512.5,UPPER,4,SHALE
F18,1522.6,1522.8,4465.46,2082.84,-1512.7,UPPER,4,SHALE
F18,1522.8,1523.0,4465.46,2082.84,-1512.9,LOWER,3,HETEROLITHIC
F18,1523.0,1523.2,4465.46,2082.84,-1513.1,LOWER,3,HETEROLITHIC
F18,1523.2,1523.4,4465.46,2082.84,-1513.3,LOWER,3,HETEROLITHIC
F18,1523.4,1523.6,4465.46,2082.84,-1513.5,LOWER,3,HETEROLITHIC
F18,1523.6,1523.8,4465.46,2082.84,-1513.7,LOWER,4,SHALE
F18,1523.8,1524.0,4465.46,2082.84,-1513.9,LOWER,4,SHALE
F18,1524.0,1524.2,4465.46,2082.84,-1514.1,LOWER,4,SHALE
F18,1524.2,1524.4,4465.46,2082.84,-1514.3,LOWER,3,HETEROLITHIC
F18,1524.4,1524.6,4465.46,2082.84,-1514.5,LOWER,3,HETEROLITHIC
F18,1524.6,1524.8,4465.46,2082.84,-1514.7,LOWER,3,HETEROLITHIC
F18,1524.8,1525.0,4465.46,2082.84,-1514.9,LOWER,3,HETEROLITHIC
F18,1525.0,1525.2,4465.46,2082.84,-1515.1,LOWER,3,HETEROLITHIC
F18,1525.2,1525.4,4465.46,2082.84,-1515.3,LOWER,4,SHALE
F18,1525.4,1525.6,4465.46,2082.84,-1515.5,LOWER,4,SHALE
F18,1525.6,1525.8,4465.46,2082.84,-1515.7,LOWER,4,SHALE
F18,1525.8,1526.0,4465.46,2082.84,-1515.9,LOWER,4,SHALE
F18,1526.0,1526.2,4465.46,2082.84,-1516.1,LOWER,3,HETEROLITHIC
F18,1526.2,1526.4,4465.46,2082.84,-1516.3,LOWER,2,SAND_SHALY
F18,1526.4,1526.6,4465.46,2082.84,-1516.5,LOWER,1,SAND_CLEAN
F18,1526.6,1526.8,4465.46,2082.84,-1516.7,LOWER,1,SAND_CLEAN
F18,1526.8,1527.0,4465.46,2082.84,-1516.9,LOWER,1,SAND_CLEAN
F18,1527.0,1527.2,4465.46,2082.84,-1517.1,LOWER,1,SAND_CLEAN
F18,1527.2,1527.4,4465.46,2082.84,-1517.3,LOWER,1,SAND_CLEAN
F18,1527.4,1527.6,4465.46,2082.84,-1517.5,LOWER,1,SAND_CLEAN
F18,1527.6,1527.8,4465.46,2082.84,-1517.7,LOWER,3,HETEROLITHIC
F18,1527.8,1528.0,4465.46,2082.84,-1517.9,LOWER,4,SHALE
F18,1528.0,1528.2,4465.46,2082.84,-1518.1,LOWER,4,SHALE
F18,1528.2,1528.4,4465.46,2082.84,-1518.3,LOWER,4,SHALE
F18,1528.4,1528.6,4465.46,2082.84,-1518.5,LOWER,4,SHALE
F18,1528.6,1528.8,4465.46,2082.84,-1518.7,LOWER,4,SHALE
F18,1528.8,1529.0,4465.46,2082.84,-1518.9,LOWER,4,SHALE
F18,1529.0,1529.2,4465.46,2082.84,-1519.1,LOWER,3,HETEROLITHIC
F18,1529.2,1529.4,4465.46,2082.84,-1519.3,LOWER,3,HETEROLITHIC
F18,1529.4,1529.6,4465.46,2082.84,-1519.5,LOWER,2,SAND_SHALY
F18,1529.6,1529.8,4465.46,2082.84,-1519.7,LOWER,2,SAND_SHALY
F18,1529.8,1530.0,4465.46,2082.84,-1519.9,LOWER,2,SAND_SHALY
F18,1530.0,1530.2,4465.46,2082.84,-1520.1,LOWER,2,SAND_SHALY
F18,1530.2,1530.4,4465.46,2082.84,-1520.3,LOWER,2,SAND_SHALY
F18,1530.4,1530.6,4465.46,2082.84,-1520.5,LOWER,2,SAND_SHALY
F18,1530.6,1530.8,4465.46,2082.84,-1520.7,LOWER,2,SAND_SHALY
F18,1530.8,1531.0,4465.46,2082.84,-1520.9,LOWER,1,SAND_CLEAN
F18,1531.0,1531.2,4465.46,2082.84,-1521.1,LOWER,1,SAND_CLEAN
F19,1499.4,1499.6,4088.99,3350.94,-1489.5,UPPER,1,SAND_CLEAN
F19,1499.6,1499.8,4088.99,3350.94,-1489.7,UPPER,1,SAND_CLEAN
F19,1499.8,1500.0,4088.99,3350.94,-1489.9,UPPER,1,SAND_CLEAN
F19,1500.0,1500.2,4088.99,3350.94,-1490.1,UPPER,1,SAND_CLEAN
F19,1500.2,1500.4,4088.99,3350.94,-1490.3,UPPER,1,SAND_CLEAN
F19,1500.4,1500.6,4088.99,3350.94,-1490.5,UPPER,1,SAND_CLEAN
F19,1500.6,1500.8,4088.99,3350.94,-1490.7,UPPER,1,SAND_CLEAN
F19,1500.8,1501.0,4088.99,3350.94,-1490.9,UPPER,1,SAND_CLEAN
F19,1501.0,1501.2,4088.99,3350.94,-1491.1,UPPER,1,SAND_CLEAN
F19,1501.2,1501.4,4088.99,3350.94,-1491.3,UPPER,1,SAND_CLEAN
F19,1501.4,1501.6,4088.99,3350.94,-1491.5,UPPER,1,SAND_CLEAN
F19,1501.6,1501.8,4088.99,3350.94,-1491.7,UPPER,1,SAND_CLEAN
F19,1501.8,1502.0,4088.99,3350.94,-1491.9,UPPER,1,SAND_CLEAN
F19,1502.0,1502.2,4088.99,3350.94,-1492.1,UPPER,2,SAND_SHALY
F19,1502.2,1502.4,4088.99,3350.94,-1492.3,UPPER,2,SAND_SHALY
F19,1502.4,1502.6,4088.99,3350.94,-1492.5,UPPER,2,SAND_SHALY
F19,1502.6,1502.8,4088.99,3350.94,-1492.7,UPPER,2,SAND_SHALY
F19,1502.8,1503.0,4088.99,3350.94,-1492.9,UPPER,2,SAND_SHALY
F19,1503.0,1503.2,4088.99,3350.94,-1493.1,UPPER,1,SAND_CLEAN
F19,1503.2,1503.4,4088.99,3350.94,-1493.3,UPPER,1,SAND_CLEAN
F19,1503.4,1503.6,4088.99,3350.94,-1493.5,UPPER,1,SAND_CLEAN
F19,1503.6,1503.8,4088.99,3350.94,-1493.7,UPPER,1,SAND_CLEAN
F19,1503.8,1504.0,4088.99,3350.94,-1493.9,UPPER,1,SAND_CLEAN
F19,1504.0,1504.2,4088.99,3350.94,-1494.1,UPPER,1,SAND_CLEAN
F19,1504.2,1504.4,4088.99,3350.94,-1494.3,UPPER,1,SAND_CLEAN
F19,1504.4,1504.6,4088.99,3350.94,-1494.5,UPPER,5,CEMENTED
F19,1504.6,1504.8,4088.99,3350.94,-1494.7,UPPER,5,CEMENTED
F19,1504.8,1505.0,4088.99,3350.94,-1494.9,UPPER,5,CEMENTED
F19,1505.0,1505.2,4088.99,3350.94,-1495.1,UPPER,3,HETEROLITHIC
F19,1505.2,1505.4,4088.99,3350.94,-1495.3,UPPER,2,SAND_SHALY
F19,1505.4,1505.6,4088.99,3350.94,-1495.5,UPPER,2,SAND_SHALY
F19,1505.6,1505.8,4088.99,3350.94,-1495.7,UPPER,2,SAND_SHALY
F19,1505.8,1506.0,4088.99,3350.94,-1495.9,UPPER,2,SAND_SHALY
F19,1506.0,1506.2,4088.99,3350.94,-1496.1,UPPER,2,SAND_SHALY
F19,1506.2,1506.4,4088.99,3350.94,-1496.3,UPPER,1,SAND_CLEAN
F19,1506.4,1506.6,4088.99,3350.94,-1496.5,UPPER,1,SAND_CLEAN
F19,1506.6,1506.8,4088.99,3350.94,-1496.7,UPPER,1,SAND_CLEAN
F19,1506.8,1507.0,4088.99,3350.94,-1496.9,UPPER,1,SAND_CLEAN
F19,1507.0,1507.2,4088.99,3350.94,-1497.1,UPPER,1,SAND_CLEAN
F19,1507.2,1507.4,4088.99,3350.94,-1497.3,UPPER,2,SAND_SHALY
F19,1507.4,1507.6,4088.99,3350.94,-1497.5,UPPER,2,SAND_SHALY
F19,1507.6,1507.8,4088.99,3350.94,-1497.7,UPPER,2,SAND_SHALY
F19,1507.8,1508.0,4088.99,3350.94,-1497.9,UPPER,2,SAND_SHALY
F19,1508.0,1508.2,4088.99,3350.94,-1498.1,UPPER,2,SAND_SHALY
F19,1508.2,1508.4,4088.99,3350.94,-1498.3,UPPER,5,CEMENTED
F19,1508.4,1508.6,4088.99,3350.94,-1498.5,UPPER,5,CEMENTED
F19,1508.6,1508.8,4088.99,3350.94,-1498.7,UPPER,1,SAND_CLEAN
F19,1508.8,1509.0,4088.99,3350.94,-1498.9,UPPER,1,SAND_CLEAN
F19,1509.0,1509.2,4088.99,3350.94,-1499.1,UPPER,2,SAND_SHALY
F19,1509.2,1509.4,4088.99,3350.94,-1499.3,UPPER,2,SAND_SHALY
F19,1509.4,1509.6,4088.99,3350.94,-1499.5,UPPER,2,SAND_SHALY
F19,1509.6,1509.8,4088.99,3350.94,-1499.7,UPPER,2,SAND_SHALY
F19,1509.8,1510.0,4088.99,3350.94,-1499.9,UPPER,3,HETEROLITHIC
F19,1510.0,1510.2,4088.99,3350.94,-1500.1,UPPER,3,HETEROLITHIC
F19,1510.2,1510.4,4088.99,3350.94,-1500.3,LOWER,4,SHALE
F19,1510.4,1510.6,4088.99,3350.94,-1500.5,LOWER,4,SHALE
F19,1510.6,1510.8,4088.99,3350.94,-1500.7,LOWER,3,HETEROLITHIC
F19,1510.8,1511.0,4088.99,3350.94,-1500.9,LOWER,2,SAND_SHALY
F19,1511.0,1511.2,4088.99,3350.94,-1501.1,LOWER,1,SAND_CLEAN
F19,1511.2,1511.4,4088.99,3350.94,-1501.3,LOWER,1,SAND_CLEAN
F19,1511.4,1511.6,4088.99,3350.94,-1501.5,LOWER,1,SAND_CLEAN
F19,1511.6,1511.8,4088.99,3350.94,-1501.7,LOWER,1,SAND_CLEAN
F19,1511.8,1512.0,4088.99,3350.94,-1501.9,LOWER,1,SAND_CLEAN
F19,1512.0,1512.2,4088.99,3350.94,-1502.1,LOWER,1,SAND_CLEAN
F19,1512.2,1512.4,4088.99,3350.94,-1502.3,LOWER,1,SAND_CLEAN
F19,1512.4,1512.6,4088.99,3350.94,-1502.5,LOWER,1,SAND_CLEAN
F19,1512.6,1512.8,4088.99,3350.94,-1502.7,LOWER,5,CEMENTED
F19,1512.8,1513.0,4088.99,3350.94,-1502.9,LOWER,5,CEMENTED
F19,1513.0,1513.2,4088.99,3350.94,-1503.1,LOWER,3,HETEROLITHIC
F19,1513.2,1513.4,4088.99,3350.94,-1503.3,LOWER,3,HETEROLITHIC
F19,1513.4,1513.6,4088.99,3350.94,-1503.5,LOWER,3,HETEROLITHIC
F19,1513.6,1513.8,4088.99,3350.94,-1503.7,LOWER,4,SHALE
F19,1513.8,1514.0,4088.99,3350.94,-1503.9,LOWER,4,SHALE
F19,1514.0,1514.2,4088.99,3350.94,-1504.1,LOWER,4,SHALE
F19,1514.2,1514.4,4088.99,3350.94,-1504.3,LOWER,4,SHALE
F19,1514.4,1514.6,4088.99,3350.94,-1504.5,LOWER,3,HETEROLITHIC
F19,1514.6,1514.8,4088.99,3350.94,-1504.7,LOWER,2,SAND_SHALY
F19,1514.8,1515.0,4088.99,3350.94,-1504.9,LOWER,2,SAND_SHALY
F19,1515.0,1515.2,4088.99,3350.94,-1505.1,LOWER,1,SAND_CLEAN
F19,1515.2,1515.4,4088.99,3350.94,-1505.3,LOWER,2,SAND_SHALY
F20,1502.2,1502.4,3273.28,2500.51,-1492.3,UPPER,4,SHALE
F20,1502.4,1502.6,3273.28,2500.51,-1492.5,UPPER,4,SHALE
F20,1502.6,1502.8,3273.28,2500.51,-1492.7,UPPER,4,SHALE
F20,1502.8,1503.0,3273.28,2500.51,-1492.9,UPPER,4,SHALE
F20,1503.0,1503.2,3273.28,2500.51,-1493.1,UPPER,3,HETEROLITHIC
F20,1503.2,1503.4,3273.28,2500.51,-1493.3,UPPER,2,SAND_SHALY
F20,1503.4,1503.6,3273.28,2500.51,-1493.5,UPPER,1,SAND_CLEAN
F20,1503.6,1503.8,3273.28,2500.51,-1493.7,UPPER,1,SAND_CLEAN
F20,1503.8,1504.0,3273.28,2500.51,-1493.9,UPPER,1,SAND_CLEAN
F20,1504.0,1504.2,3273.28,2500.51,-1494.1,UPPER,1,SAND_CLEAN
F20,1504.2,1504.4,3273.28,2500.51,-1494.3,UPPER,1,SAND_CLEAN
F20,1504.4,1504.6,3273.28,2500.51,-1494.5,UPPER,1,SAND_CLEAN
F20,1504.6,1504.8,3273.28,2500.51,-1494.7,UPPER,1,SAND_CLEAN
F20,1504.8,1505.0,3273.28,2500.51,-1494.9,UPPER,1,SAND_CLEAN
F20,1505.0,1505.2,3273.28,2500.51,-1495.1,UPPER,1,SAND_CLEAN
F20,1505.2,1505.4,3273.28,2500.51,-1495.3,UPPER,1,SAND_CLEAN
F20,1505.4,1505.6,3273.28,2500.51,-1495.5,UPPER,1,SAND_CLEAN
F20,1505.6,1505.8,3273.28,2500.51,-1495.7,UPPER,1,SAND_CLEAN
F20,1505.8,1506.0,3273.28,2500.51,-1495.9,UPPER,1,SAND_CLEAN
F20,1506.0,1506.2,3273.28,2500.51,-1496.1,UPPER,1,SAND_CLEAN
F20,1506.2,1506.4,3273.28,2500.51,-1496.3,UPPER,1,SAND_CLEAN
F20,1506.4,1506.6,3273.28,2500.51,-1496.5,UPPER,1,SAND_CLEAN
F20,1506.6,1506.8,3273.28,2500.51,-1496.7,UPPER,1,SAND_CLEAN
F20,1506.8,1507.0,3273.28,2500.51,-1496.9,UPPER,1,SAND_CLEAN
F20,1507.0,1507.2,3273.28,2500.51,-1497.1,UPPER,2,SAND_SHALY
F20,1507.2,1507.4,3273.28,2500.51,-1497.3,UPPER,3,HETEROLITHIC
F20,1507.4,1507.6,3273.28,2500.51,-1497.5,UPPER,4,SHALE
F20,1507.6,1507.8,3273.28,2500.51,-1497.7,UPPER,4,SHALE
F20,1507.8,1508.0,3273.28,2500.51,-1497.9,UPPER,4,SHALE
F20,1508.0,1508.2,3273.28,2500.51,-1498.1,UPPER,4,SHALE
F20,1508.2,1508.4,3273.28,2500.51,-1498.3,UPPER,4,SHALE
F20,1508.4,1508.6,3273.28,2500.51,-1498.5,UPPER,3,HETEROLITHIC
F20,1508.6,1508.8,3273.28,2500.51,-1498.7,UPPER,3,HETEROLITHIC
F20,1508.8,1509.0,3273.28,2500.51,-1498.9,UPPER,2,SAND_SHALY
F20,1509.0,1509.2,3273.28,2500.51,-1499.1,UPPER,2,SAND_SHALY
F20,1509.2,1509.4,3273.28,2500.51,-1499.3,UPPER,1,SAND_CLEAN
F20,1509.4,1509.6,3273.28,2500.51,-1499.5,UPPER,1,SAND_CLEAN
F20,1509.6,1509.8,3273.28,2500.51,-1499.7,UPPER,1,SAND_CLEAN
F20,1509.8,1510.0,3273.28,2500.51,-1499.9,UPPER,1,SAND_CLEAN
F20,1510.0,1510.2,3273.28,2500.51,-1500.1,UPPER,1,SAND_CLEAN
F20,1510.2,1510.4,3273.28,2500.51,-1500.3,UPPER,2,SAND_SHALY
F20,1510.4,1510.6,3273.28,2500.51,-1500.5,UPPER,2,SAND_SHALY
F20,1510.6,1510.8,3273.28,2500.51,-1500.7,UPPER,3,HETEROLITHIC
F20,1510.8,1511.0,3273.28,2500.51,-1500.9,UPPER,3,HETEROLITHIC
F20,1511.0,1511.2,3273.28,2500.51,-1501.1,UPPER,3,HETEROLITHIC
F20,1511.2,1511.4,3273.28,2500.51,-1501.3,UPPER,3,HETEROLITHIC
F20,1511.4,1511.6,3273.28,2500.51,-1501.5,UPPER,4,SHALE
F20,1511.6,1511.8,3273.28,2500.51,-1501.7,UPPER,4,SHALE
F20,1511.8,1512.0,3273.28,2500.51,-1501.9,UPPER,4,SHALE
F20,1512.0,1512.2,3273.28,2500.51,-1502.1,UPPER,4,SHALE
F20,1512.2,1512.4,3273.28,2500.51,-1502.3,UPPER,4,SHALE
F20,1512.4,1512.6,3273.28,2500.51,-1502.5,LOWER,1,SAND_CLEAN
F20,1512.6,1512.8,3273.28,2500.51,-1502.7,LOWER,1,SAND_CLEAN
F20,1512.8,1513.0,3273.28,2500.51,-1502.9,LOWER,1,SAND_CLEAN
F20,1513.0,1513.2,3273.28,2500.51,-1503.1,LOWER,1,SAND_CLEAN
F20,1513.2,1513.4,3273.28,2500.51,-1503.3,LOWER,2,SAND_SHALY
F20,1513.4,1513.6,3273.28,2500.51,-1503.5,LOWER,3,HETEROLITHIC
F20,1513.6,1513.8,3273.28,2500.51,-1503.7,LOWER,4,SHALE
F20,1513.8,1514.0,3273.28,2500.51,-1503.9,LOWER,4,SHALE
F20,1514.0,1514.2,3273.28,2500.51,-1504.1,LOWER,4,SHALE
F20,1514.2,1514.4,3273.28,2500.51,-1504.3,LOWER,4,SHALE
F20,1514.4,1514.6,3273.28,2500.51,-1504.5,LOWER,4,SHALE
F20,1514.6,1514.8,3273.28,2500.51,-1504.7,LOWER,4,SHALE
F20,1514.8,1515.0,3273.28,2500.51,-1504.9,LOWER,4,SHALE
F20,1515.0,1515.2,3273.28,2500.51,-1505.1,LOWER,4,SHALE
F20,1515.2,1515.4,3273.28,2500.51,-1505.3,LOWER,4,SHALE
F20,1515.4,1515.6,3273.28,2500.51,-1505.5,LOWER,4,SHALE
F20,1515.6,1515.8,3273.28,2500.51,-1505.7,LOWER,4,SHALE
F20,1515.8,1516.0,3273.28,2500.51,-1505.9,LOWER,4,SHALE
F20,1516.0,1516.2,3273.28,2500.51,-1506.1,LOWER,4,SHALE
F20,1516.2,1516.4,3273.28,2500.51,-1506.3,LOWER,4,SHALE
F20,1516.4,1516.6,3273.28,2500.51,-1506.5,LOWER,4,SHALE
F20,1516.6,1516.8,3273.28,2500.51,-1506.7,LOWER,4,SHALE
F20,1516.8,1517.0,3273.28,2500.51,-1506.9,LOWER,4,SHALE
F20,1517.0,1517.2,3273.28,2500.51,-1507.1,LOWER,4,SHALE
F20,1517.2,1517.4,3273.28,2500.51,-1507.3,LOWER,4,SHALE
F20,1517.4,1517.6,3273.28,2500.51,-1507.5,LOWER,4,SHALE
F20,1517.6,1517.8,3273.28,2500.51,-1507.7,LOWER,4,SHALE
F20,1517.8,1518.0,3273.28,2500.51,-1507.9,LOWER,4,SHALE
F20,1518.0,1518.2,3273.28,2500.51,-1508.1,LOWER,4,SHALE
F20,1518.2,1518.4,3273.28,2500.51,-1508.3,LOWER,4,SHALE
F20,1518.4,1518.6,3273.28,2500.51,-1508.5,LOWER,4,SHALE
F20,1518.6,1518.8,3273.28,2500.51,-1508.7,LOWER,4,SHALE
F20,1518.8,1519.0,3273.28,2500.51,-1508.9,LOWER,4,SHALE
F20,1519.0,1519.2,3273.28,2500.51,-1509.1,LOWER,4,SHALE
F20,1519.2,1519.4,3273.28,2500.51,-1509.3,LOWER,4,SHALE
F20,1519.4,1519.6,3273.28,2500.51,-1509.5,LOWER,4,SHALE
F20,1519.6,1519.8,3273.28,2500.51,-1509.7,LOWER,4,SHALE
F21,1497.6,1497.8,776.44,3125.48,-1483.08,UPPER,4,SHALE
F21,1497.8,1498.0,776.48,3125.45,-1483.27,UPPER,4,SHALE
F21,1498.0,1498.2,776.53,3125.41,-1483.46,UPPER,4,SHALE
F21,1498.2,1498.4,776.57,3125.38,-1483.65,UPPER,4,SHALE
F21,1498.4,1498.6,776.61,3125.34,-1483.85,UPPER,4,SHALE
F21,1498.6,1498.8,776.65,3125.31,-1484.04,UPPER,3,HETEROLITHIC
F21,1498.8,1499.0,776.7,3125.27,-1484.23,UPPER,1,SAND_CLEAN
F21,1499.0,1499.2,776.74,3125.24,-1484.42,UPPER,1,SAND_CLEAN
F21,1499.2,1499.4,776.78,3125.2,-1484.62,UPPER,1,SAND_CLEAN
F21,1499.4,1499.6,776.82,3125.17,-1484.81,UPPER,1,SAND_CLEAN
F21,1499.6,1499.8,776.87,3125.13,-1485.0,UPPER,1,SAND_CLEAN
F21,1499.8,1500.0,776.91,3125.1,-1485.19,UPPER,1,SAND_CLEAN
F21,1500.0,1500.2,776.95,3125.07,-1485.38,UPPER,1,SAND_CLEAN
F21,1500.2,1500.4,777.0,3125.03,-1485.58,UPPER,1,SAND_CLEAN
F21,1500.4,1500.6,777.04,3125.0,-1485.77,UPPER,1,SAND_CLEAN
F21,1500.6,1500.8,777.08,3124.96,-1485.96,UPPER,1,SAND_CLEAN
F21,1500.8,1501.0,777.12,3124.93,-1486.15,UPPER,3,HETEROLITHIC
F21,1501.0,1501.2,777.17,3124.89,-1486.35,UPPER,3,HETEROLITHIC
F21,1501.2,1501.4,777.21,3124.86,-1486.54,UPPER,3,HETEROLITHIC
F21,1501.4,1501.6,777.25,3124.82,-1486.73,UPPER,2,SAND_SHALY
F21,1501.6,1501.8,777.29,3124.79,-1486.92,UPPER,1,SAND_CLEAN
F21,1501.8,1502.0,777.34,3124.75,-1487.12,UPPER,1,SAND_CLEAN
F21,1502.0,1502.2,777.38,3124.72,-1487.31,UPPER,1,SAND_CLEAN
F21,1502.2,1502.4,777.42,3124.68,-1487.5,UPPER,1,SAND_CLEAN
F21,1502.4,1502.6,777.46,3124.65,-1487.69,UPPER,1,SAND_CLEAN
F21,1502.6,1502.8,777.51,3124.62,-1487.89,UPPER,2,SAND_SHALY
F21,1502.8,1503.0,777.55,3124.58,-1488.08,UPPER,2,SAND_SHALY
F21,1503.0,1503.2,777.59,3124.55,-1488.27,UPPER,3,HETEROLITHIC
F21,1503.2,1503.4,777.63,3124.51,-1488.46,UPPER,3,HETEROLITHIC
F21,1503.4,1503.6,777.68,3124.48,-1488.65,UPPER,3,HETEROLITHIC
F21,1503.6,1503.8,777.72,3124.44,-1488.85,LOWER,1,SAND_CLEAN
F21,1503.8,1504.0,777.76,3124.41,-1489.04,LOWER,2,SAND_SHALY
F21,1504.0,1504.2,777.8,3124.37,-1489.23,LOWER,4,SHALE
F21,1504.2,1504.4,777.85,3124.34,-1489.42,LOWER,4,SHALE
F21,1504.4,1504.6,777.89,3124.3,-1489.62,LOWER,4,SHALE
F21,1504.6,1504.8,777.93,3124.27,-1489.81,LOWER,4,SHALE
F21,1504.8,1505.0,777.97,3124.23,-1490.0,LOWER,4,SHALE
F21,1505.0,1505.2,778.02,3124.2,-1490.19,LOWER,4,SHALE
F21,1505.2,1505.4,778.06,3124.16,-1490.39,LOWER,4,SHALE
F21,1505.4,1505.6,778.1,3124.13,-1490.58,LOWER,3,HETEROLITHIC
F21,1505.6,1505.8,778.15,3124.1,-1490.77,LOWER,3,HETEROLITHIC
F21,1505.8,1506.0,778.19,3124.06,-1490.96,LOWER,3,HETEROLITHIC
F21,1506.0,1506.2,778.23,3124.03,-1491.15,LOWER,3,HETEROLITHIC
F21,1506.2,1506.4,778.27,3123.99,-1491.35,LOWER,3,HETEROLITHIC
F21,1506.4,1506.6,778.32,3123.96,-1491.54,LOWER,3,HETEROLITHIC
F21,1506.6,1506.8,778.36,3123.92,-1491.73,LOWER,3,HETEROLITHIC
F21,1506.8,1507.0,778.4,3123.89,-1491.92,LOWER,3,HETEROLITHIC
F21,1507.0,1507.2,778.44,3123.85,-1492.12,LOWER,4,SHALE
F21,1507.2,1507.4,778.49,3123.82,-1492.31,LOWER,3,HETEROLITHIC
F21,1507.4,1507.6,778.53,3123.78,-1492.5,LOWER,3,HETEROLITHIC
F21,1507.6,1507.8,778.57,3123.75,-1492.69,LOWER,2,SAND_SHALY
F21,1507.8,1508.0,778.61,3123.71,-1492.89,LOWER,1,SAND_CLEAN
F22,1496.6,1496.8,1141.31,1465.93,-1486.7,UPPER,1,SAND_CLEAN
F22,1496.8,1497.0,1141.31,1465.93,-1486.9,UPPER,1,SAND_CLEAN
F22,1497.0,1497.2,1141.31,1465.93,-1487.1,UPPER,1,SAND_CLEAN
F22,1497.2,1497.4,1141.31,1465.93,-1487.3,UPPER,1,SAND_CLEAN
F22,1497.4,1497.6,1141.31,1465.93,-1487.5,UPPER,1,SAND_CLEAN
F22,1497.6,1497.8,1141.31,1465.93,-1487.7,UPPER,1,SAND_CLEAN
F22,1497.8,1498.0,1141.31,1465.93,-1487.9,UPPER,1,SAND_CLEAN
F22,1498.0,1498.2,1141.31,1465.93,-1488.1,UPPER,1,SAND_CLEAN
F22,1498.2,1498.4,1141.31,1465.93,-1488.3,UPPER,1,SAND_CLEAN
F22,1498.4,1498.6,1141.31,1465.93,-1488.5,UPPER,1,SAND_CLEAN
F22,1498.6,1498.8,1141.31,1465.93,-1488.7,UPPER,1,SAND_CLEAN
F22,1498.8,1499.0,1141.31,1465.93,-1488.9,UPPER,1,SAND_CLEAN
F22,1499.0,1499.2,1141.31,1465.93,-1489.1,UPPER,2,SAND_SHALY
F22,1499.2,1499.4,1141.31,1465.93,-1489.3,UPPER,3,HETEROLITHIC
F22,1499.4,1499.6,1141.31,1465.93,-1489.5,UPPER,3,HETEROLITHIC
F22,1499.6,1499.8,1141.31,1465.93,-1489.7,UPPER,3,HETEROLITHIC
F22,1499.8,1500.0,1141.31,1465.93,-1489.9,UPPER,4,SHALE
F22,1500.0,1500.2,1141.31,1465.93,-1490.1,UPPER,4,SHALE
F22,1500.2,1500.4,1141.31,1465.93,-1490.3,UPPER,4,SHALE
F22,1500.4,1500.6,1141.31,1465.93,-1490.5,UPPER,4,SHALE
F22,1500.6,1500.8,1141.31,1465.93,-1490.7,UPPER,4,SHALE
F22,1500.8,1501.0,1141.31,1465.93,-1490.9,UPPER,4,SHALE
F22,1501.0,1501.2,1141.31,1465.93,-1491.1,UPPER,4,SHALE
F22,1501.2,1501.4,1141.31,1465.93,-1491.3,UPPER,4,SHALE
F22,1501.4,1501.6,1141.31,1465.93,-1491.5,UPPER,4,SHALE
F22,1501.6,1501.8,1141.31,1465.93,-1491.7,UPPER,3,HETEROLITHIC
F22,1501.8,1502.0,1141.31,1465.93,-1491.9,UPPER,3,HETEROLITHIC
F22,1502.0,1502.2,1141.31,1465.93,-1492.1,UPPER,2,SAND_SHALY
F22,1502.2,1502.4,1141.31,1465.93,-1492.3,UPPER,2,SAND_SHALY
F22,1502.4,1502.6,1141.31,1465.93,-1492.5,UPPER,2,SAND_SHALY
F22,1502.6,1502.8,1141.31,1465.93,-1492.7,UPPER,1,SAND_CLEAN
F22,1502.8,1503.0,1141.31,1465.93,-1492.9,UPPER,1,SAND_CLEAN
F22,1503.0,1503.2,1141.31,1465.93,-1493.1,UPPER,1,SAND_CLEAN
F22,1503.2,1503.4,1141.31,1465.93,-1493.3,UPPER,1,SAND_CLEAN
F22,1503.4,1503.6,1141.31,1465.93,-1493.5,UPPER,1,SAND_CLEAN
F22,1503.6,1503.8,1141.31,1465.93,-1493.7,UPPER,1,SAND_CLEAN
F22,1503.8,1504.0,1141.31,1465.93,-1493.9,UPPER,1,SAND_CLEAN
F22,1504.0,1504.2,1141.31,1465.93,-1494.1,UPPER,1,SAND_CLEAN
F22,1504.2,1504.4,1141.31,1465.93,-1494.3,UPPER,1,SAND_CLEAN
F22,1504.4,1504.6,1141.31,1465.93,-1494.5,UPPER,1,SAND_CLEAN
F22,1504.6,1504.8,1141.31,1465.93,-1494.7,UPPER,2,SAND_SHALY
F22,1504.8,1505.0,1141.31,1465.93,-1494.9,UPPER,3,HETEROLITHIC
F22,1505.0,1505.2,1141.31,1465.93,-1495.1,UPPER,3,HETEROLITHIC
F22,1505.2,1505.4,1141.31,1465.93,-1495.3,UPPER,4,SHALE
F22,1505.4,1505.6,1141.31,1465.93,-1495.5,LOWER,1,SAND_CLEAN
F22,1505.6,1505.8,1141.31,1465.93,-1495.7,LOWER,1,SAND_CLEAN
F22,1505.8,1506.0,1141.31,1465.93,-1495.9,LOWER,1,SAND_CLEAN
F22,1506.0,1506.2,1141.31,1465.93,-1496.1,LOWER,1,SAND_CLEAN
F22,1506.2,1506.4,1141.31,1465.93,-1496.3,LOWER,1,SAND_CLEAN
F22,1506.4,1506.6,1141.31,1465.93,-1496.5,LOWER,1,SAND_CLEAN
F22,1506.6,1506.8,1141.31,1465.93,-1496.7,LOWER,1,SAND_CLEAN
F22,1506.8,1507.0,1141.31,1465.93,-1496.9,LOWER,1,SAND_CLEAN
F22,1507.0,1507.2,1141.31,1465.93,-1497.1,LOWER,2,SAND_SHALY
F22,1507.2,1507.4,1141.31,1465.93,-1497.3,LOWER,3,HETEROLITHIC
F22,1507.4,1507.6,1141.31,1465.93,-1497.5,LOWER,3,HETEROLITHIC
F22,1507.6,1507.8,1141.31,1465.93,-1497.7,LOWER,4,SHALE
F22,1507.8,1508.0,1141.31,1465.93,-1497.9,LOWER,3,HETEROLITHIC
F22,1508.0,1508.2,1141.31,1465.93,-1498.1,LOWER,3,HETEROLITHIC
F22,1508.2,1508.4,1141.31,1465.93,-1498.3,LOWER,3,HETEROLITHIC
F22,1508.4,1508.6,1141.31,1465.93,-1498.5,LOWER,2,SAND_SHALY
F22,1508.6,1508.8,1141.31,1465.93,-1498.7,LOWER,2,SAND_SHALY
F22,1508.8,1509.0,1141.31,1465.93,-1498.9,LOWER,1,SAND_CLEAN
F22,1509.0,1509.2,1141.31,1465.93,-1499.1,LOWER,5,CEMENTED
F22,1509.2,1509.4,1141.31,1465.93,-1499.3,LOWER,3,HETEROLITHIC
F22,1509.4,1509.6,1141.31,1465.93,-1499.5,LOWER,3,HETEROLITHIC
F22,1509.6,1509.8,1141.31,1465.93,-1499.7,LOWER,3,HETEROLITHIC
F22,1509.8,1510.0,1141.31,1465.93,-1499.9,LOWER,2,SAND_SHALY
F22,1510.0,1510.2,1141.31,1465.93,-1500.1,LOWER,1,SAND_CLEAN
F22,1510.2,1510.4,1141.31,1465.93,-1500.3,LOWER,1,SAND_CLEAN
F22,1510.4,1510.6,1141.31,1465.93,-1500.5,LOWER,1,SAND_CLEAN
F22,1510.6,1510.8,1141.31,1465.93,-1500.7,LOWER,1,SAND_CLEAN
F22,1510.8,1511.0,1141.31,1465.93,-1500.9,LOWER,1,SAND_CLEAN
F22,1511.0,1511.2,1141.31,1465.93,-1501.1,LOWER,1,SAND_CLEAN
F22,1511.2,1511.4,1141.31,1465.93,-1501.3,LOWER,1,SAND_CLEAN
F22,1511.4,1511.6,1141.31,1465.93,-1501.5,LOWER,1,SAND_CLEAN
F22,1511.6,1511.8,1141.31,1465.93,-1501.7,LOWER,1,SAND_CLEAN
F22,1511.8,1512.0,1141.31,1465.93,-1501.9,LOWER,1,SAND_CLEAN
F22,1512.0,1512.2,1141.31,1465.93,-1502.1,LOWER,1,SAND_CLEAN
F22,1512.2,1512.4,1141.31,1465.93,-1502.3,LOWER,1,SAND_CLEAN
F23,1498.4,1498.6,1053.07,3720.5,-1488.5,UPPER,1,SAND_CLEAN
F23,1498.6,1498.8,1053.07,3720.5,-1488.7,UPPER,1,SAND_CLEAN
F23,1498.8,1499.0,1053.07,3720.5,-1488.9,UPPER,2,SAND_SHALY
F23,1499.0,1499.2,1053.07,3720.5,-1489.1,UPPER,2,SAND_SHALY
F23,1499.2,1499.4,1053.07,3720.5,-1489.3,UPPER,2,SAND_SHALY
F23,1499.4,1499.6,1053.07,3720.5,-1489.5,UPPER,2,SAND_SHALY
F23,1499.6,1499.8,1053.07,3720.5,-1489.7,UPPER,2,SAND_SHALY
F23,1499.8,1500.0,1053.07,3720.5,-1489.9,UPPER,2,SAND_SHALY
F23,1500.0,1500.2,1053.07,3720.5,-1490.1,UPPER,1,SAND_CLEAN
F23,1500.2,1500.4,1053.07,3720.5,-1490.3,UPPER,1,SAND_CLEAN
F23,1500.4,1500.6,1053.07,3720.5,-1490.5,UPPER,1,SAND_CLEAN
F23,1500.6,1500.8,1053.07,3720.5,-1490.7,UPPER,2,SAND_SHALY
F23,1500.8,1501.0,1053.07,3720.5,-1490.9,UPPER,2,SAND_SHALY
F23,1501.0,1501.2,1053.07,3720.5,-1491.1,UPPER,3,HETEROLITHIC
F23,1501.2,1501.4,1053.07,3720.5,-1491.3,UPPER,3,HETEROLITHIC
F23,1501.4,1501.6,1053.07,3720.5,-1491.5,UPPER,3,HETEROLITHIC
F23,1501.6,1501.8,1053.07,3720.5,-1491.7,UPPER,2,SAND_SHALY
F23,1501.8,1502.0,1053.07,3720.5,-1491.9,UPPER,2,SAND_SHALY
F23,1502.0,1502.2,1053.07,3720.5,-1492.1,UPPER,2,SAND_SHALY
F23,1502.2,1502.4,1053.07,3720.5,-1492.3,UPPER,1,SAND_CLEAN
F23,1502.4,1502.6,1053.07,3720.5,-1492.5,UPPER,2,SAND_SHALY
F23,1502.6,1502.8,1053.07,3720.5,-1492.7,UPPER,2,SAND_SHALY
F23,1502.8,1503.0,1053.07,3720.5,-1492.9,UPPER,2,SAND_SHALY
F23,1503.0,1503.2,1053.07,3720.5,-1493.1,UPPER,3,HETEROLITHIC
F23,1503.2,1503.4,1053.07,3720.5,-1493.3,UPPER,3,HETEROLITHIC
F23,1503.4,1503.6,1053.07,3720.5,-1493.5,UPPER,4,SHALE
F23,1503.6,1503.8,1053.07,3720.5,-1493.7,UPPER,3,HETEROLITHIC
F23,1503.8,1504.0,1053.07,3720.5,-1493.9,UPPER,3,HETEROLITHIC
F23,1504.0,1504.2,1053.07,3720.5,-1494.1,UPPER,2,SAND_SHALY
F23,1504.2,1504.4,1053.07,3720.5,-1494.3,UPPER,1,SAND_CLEAN
F23,1504.4,1504.6,1053.07,3720.5,-1494.5,UPPER,1,SAND_CLEAN
F23,1504.6,1504.8,1053.07,3720.5,-1494.7,UPPER,1,SAND_CLEAN
F23,1504.8,1505.0,1053.07,3720.5,-1494.9,UPPER,1,SAND_CLEAN
F23,1505.0,1505.2,1053.07,3720.5,-1495.1,UPPER,5,CEMENTED
F23,1505.2,1505.4,1053.07,3720.5,-1495.3,UPPER,1,SAND_CLEAN
F23,1505.4,1505.6,1053.07,3720.5,-1495.5,UPPER,1,SAND_CLEAN
F23,1505.6,1505.8,1053.07,3720.5,-1495.7,UPPER,1,SAND_CLEAN
F23,1505.8,1506.0,1053.07,3720.5,-1495.9,UPPER,1,SAND_CLEAN
F23,1506.0,1506.2,1053.07,3720.5,-1496.1,UPPER,1,SAND_CLEAN
F23,1506.2,1506.4,1053.07,3720.5,-1496.3,UPPER,1,SAND_CLEAN
F23,1506.4,1506.6,1053.07,3720.5,-1496.5,UPPER,1,SAND_CLEAN
F23,1506.6,1506.8,1053.07,3720.5,-1496.7,UPPER,5,CEMENTED
F23,1506.8,1507.0,1053.07,3720.5,-1496.9,LOWER,3,HETEROLITHIC
F23,1507.0,1507.2,1053.07,3720.5,-1497.1,LOWER,3,HETEROLITHIC
F23,1507.2,1507.4,1053.07,3720.5,-1497.3,LOWER,3,HETEROLITHIC
F23,1507.4,1507.6,1053.07,3720.5,-1497.5,LOWER,4,SHALE
F23,1507.6,1507.8,1053.07,3720.5,-1497.7,LOWER,4,SHALE
F23,1507.8,1508.0,1053.07,3720.5,-1497.9,LOWER,4,SHALE
F23,1508.0,1508.2,1053.07,3720.5,-1498.1,LOWER,3,HETEROLITHIC
F23,1508.2,1508.4,1053.07,3720.5,-1498.3,LOWER,4,SHALE
F23,1508.4,1508.6,1053.07,3720.5,-1498.5,LOWER,3,HETEROLITHIC
F23,1508.6,1508.8,1053.07,3720.5,-1498.7,LOWER,3,HETEROLITHIC
F23,1508.8,1509.0,1053.07,3720.5,-1498.9,LOWER,2,SAND_SHALY
F23,1509.0,1509.2,1053.07,3720.5,-1499.1,LOWER,3,HETEROLITHIC
F23,1509.2,1509.4,1053.07,3720.5,-1499.3,LOWER,3,HETEROLITHIC
F23,1509.4,1509.6,1053.07,3720.5,-1499.5,LOWER,3,HETEROLITHIC
F23,1509.6,1509.8,1053.07,3720.5,-1499.7,LOWER,3,HETEROLITHIC
F23,1509.8,1510.0,1053.07,3720.5,-1499.9,LOWER,3,HETEROLITHIC
F23,1510.0,1510.2,1053.07,3720.5,-1500.1,LOWER,2,SAND_SHALY
F23,1510.2,1510.4,1053.07,3720.5,-1500.3,LOWER,2,SAND_SHALY
F23,1510.4,1510.6,1053.07,3720.5,-1500.5,LOWER,2,SAND_SHALY
F23,1510.6,1510.8,1053.07,3720.5,-1500.7,LOWER,5,CEMENTED
F23,1510.8,1511.0,1053.07,3720.5,-1500.9,LOWER,1,SAND_CLEAN
F23,1511.0,1511.2,1053.07,3720.5,-1501.1,LOWER,1,SAND_CLEAN
F23,1511.2,1511.4,1053.07,3720.5,-1501.3,LOWER,1,SAND_CLEAN
F23,1511.4,1511.6,1053.07,3720.5,-1501.5,LOWER,1,SAND_CLEAN
F23,1511.6,1511.8,1053.07,3720.5,-1501.7,LOWER,3,HETEROLITHIC
F24,1488.0,1488.2,459.12,1535.94,-1478.1,UPPER,1,SAND_CLEAN
F24,1488.2,1488.4,459.12,1535.94,-1478.3,UPPER,1,SAND_CLEAN
F24,1488.4,1488.6,459.12,1535.94,-1478.5,UPPER,2,SAND_SHALY
F24,1488.6,1488.8,459.12,1535.94,-1478.7,UPPER,2,SAND_SHALY
F24,1488.8,1489.0,459.12,1535.94,-1478.9,UPPER,2,SAND_SHALY
F24,1489.0,1489.2,459.12,1535.94,-1479.1,UPPER,3,HETEROLITHIC
F24,1489.2,1489.4,459.12,1535.94,-1479.3,UPPER,2,SAND_SHALY
F24,1489.4,1489.6,459.12,1535.94,-1479.5,UPPER,2,SAND_SHALY
F24,1489.6,1489.8,459.12,1535.94,-1479.7,UPPER,1,SAND_CLEAN
F24,1489.8,1490.0,459.12,1535.94,-1479.9,UPPER,5,CEMENTED
F24,1490.0,1490.2,459.12,1535.94,-1480.1,UPPER,5,CEMENTED
F24,1490.2,1490.4,459.12,1535.94,-1480.3,UPPER,2,SAND_SHALY
F24,1490.4,1490.6,459.12,1535.94,-1480.5,UPPER,3,HETEROLITHIC
F24,1490.6,1490.8,459.12,1535.94,-1480.7,UPPER,3,HETEROLITHIC
F24,1490.8,1491.0,459.12,1535.94,-1480.9,UPPER,3,HETEROLITHIC
F24,1491.0,1491.2,459.12,1535.94,-1481.1,UPPER,2,SAND_SHALY
F24,1491.2,1491.4,459.12,1535.94,-1481.3,UPPER,1,SAND_CLEAN
F24,1491.4,1491.6,459.12,1535.94,-1481.5,UPPER,1,SAND_CLEAN
F24,1491.6,1491.8,459.12,1535.94,-1481.7,UPPER,1,SAND_CLEAN
F24,1491.8,1492.0,459.12,1535.94,-1481.9,UPPER,1,SAND_CLEAN
F24,1492.0,1492.2,459.12,1535.94,-1482.1,UPPER,1,SAND_CLEAN
F24,1492.2,1492.4,459.12,1535.94,-1482.3,UPPER,1,SAND_CLEAN
F24,1492.4,1492.6,459.12,1535.94,-1482.5,UPPER,1,SAND_CLEAN
F24,1492.6,1492.8,459.12,1535.94,-1482.7,UPPER,1,SAND_CLEAN
F24,1492.8,1493.0,459.12,1535.94,-1482.9,UPPER,1,SAND_CLEAN
F24,1493.0,1493.2,459.12,1535.94,-1483.1,UPPER,1,SAND_CLEAN
F24,1493.2,1493.4,459.12,1535.94,-1483.3,UPPER,1,SAND_CLEAN
F24,1493.4,1493.6,459.12,1535.94,-1483.5,UPPER,2,SAND_SHALY
F24,1493.6,1493.8,459.12,1535.94,-1483.7,UPPER,2,SAND_SHALY
F24,1493.8,1494.0,459.12,1535.94,-1483.9,UPPER,3,HETEROLITHIC
F24,1494.0,1494.2,459.12,1535.94,-1484.1,UPPER,3,HETEROLITHIC
F24,1494.2,1494.4,459.12,1535.94,-1484.3,UPPER,2,SAND_SHALY
F24,1494.4,1494.6,459.12,1535.94,-1484.5,UPPER,2,SAND_SHALY
F24,1494.6,1494.8,459.12,1535.94,-1484.7,UPPER,1,SAND_CLEAN
F24,1494.8,1495.0,459.12,1535.94,-1484.9,UPPER,1,SAND_CLEAN
F24,1495.0,1495.2,459.12,1535.94,-1485.1,UPPER,1,SAND_CLEAN
F24,1495.2,1495.4,459.12,1535.94,-1485.3,UPPER,2,SAND_SHALY
F24,1495.4,1495.6,459.12,1535.94,-1485.5,UPPER,3,HETEROLITHIC
F24,1495.6,1495.8,459.12,1535.94,-1485.7,UPPER,3,HETEROLITHIC
F24,1495.8,1496.0,459.12,1535.94,-1485.9,UPPER,3,HETEROLITHIC
F24,1496.0,1496.2,459.12,1535.94,-1486.1,LOWER,1,SAND_CLEAN
F24,1496.2,1496.4,459.12,1535.94,-1486.3,LOWER,1,SAND_CLEAN
F24,1496.4,1496.6,459.12,1535.94,-1486.5,LOWER,1,SAND_CLEAN
F24,1496.6,1496.8,459.12,1535.94,-1486.7,LOWER,1,SAND_CLEAN
F24,1496.8,1497.0,459.12,1535.94,-1486.9,LOWER,1,SAND_CLEAN
F24,1497.0,1497.2,459.12,1535.94,-1487.1,LOWER,2,SAND_SHALY
F24,1497.2,1497.4,459.12,1535.94,-1487.3,LOWER,2,SAND_SHALY
F24,1497.4,1497.6,459.12,1535.94,-1487.5,LOWER,3,HETEROLITHIC
F24,1497.6,1497.8,459.12,1535.94,-1487.7,LOWER,3,HETEROLITHIC
F24,1497.8,1498.0,459.12,1535.94,-1487.9,LOWER,3,HETEROLITHIC
F24,1498.0,1498.2,459.12,1535.94,-1488.1,LOWER,3,HETEROLITHIC
F24,1498.2,1498.4,459.12,1535.94,-1488.3,LOWER,3,HETEROLITHIC
F24,1498.4,1498.6,459.12,1535.94,-1488.5,LOWER,4,SHALE
F24,1498.6,1498.8,459.12,1535.94,-1488.7,LOWER,4,SHALE
F24,1498.8,1499.0,459.12,1535.94,-1488.9,LOWER,4,SHALE
F24,1499.0,1499.2,459.12,1535.94,-1489.1,LOWER,4,SHALE
F24,1499.2,1499.4,459.12,1535.94,-1489.3,LOWER,4,SHALE
F24,1499.4,1499.6,459.12,1535.94,-1489.5,LOWER,4,SHALE
F24,1499.6,1499.8,459.12,1535.94,-1489.7,LOWER,4,SHALE
F24,1499.8,1500.0,459.12,1535.94,-1489.9,LOWER,4,SHALE
F24,1500.0,1500.2,459.12,1535.94,-1490.1,LOWER,3,HETEROLITHIC
F24,1500.2,1500.4,459.12,1535.94,-1490.3,LOWER,2,SAND_SHALY
F24,1500.4,1500.6,459.12,1535.94,-1490.5,LOWER,2,SAND_SHALY
F24,1500.6,1500.8,459.12,1535.94,-1490.7,LOWER,2,SAND_SHALY
F24,1500.8,1501.0,459.12,1535.94,-1490.9,LOWER,3,HETEROLITHIC
F24,1501.0,1501.2,459.12,1535.94,-1491.1,LOWER,3,HETEROLITHIC
F24,1501.2,1501.4,459.12,1535.94,-1491.3,LOWER,3,HETEROLITHIC
F24,1501.4,1501.6,459.12,1535.94,-1491.5,LOWER,3,HETEROLITHIC
F24,1501.6,1501.8,459.12,1535.94,-1491.7,LOWER,3,HETEROLITHIC
F24,1501.8,1502.0,459.12,1535.94,-1491.9,LOWER,1,SAND_CLEAN
F24,1502.0,1502.2,459.12,1535.94,-1492.1,LOWER,1,SAND_CLEAN
F24,1502.2,1502.4,459.12,1535.94,-1492.3,LOWER,1,SAND_CLEAN
F24,1502.4,1502.6,459.12,1535.94,-1492.5,LOWER,1,SAND_CLEAN
F24,1502.6,1502.8,459.12,1535.94,-1492.7,LOWER,1,SAND_CLEAN
F24,1502.8,1503.0,459.12,1535.94,-1492.9,LOWER,2,SAND_SHALY
F24,1503.0,1503.2,459.12,1535.94,-1493.1,LOWER,3,HETEROLITHIC
F24,1503.2,1503.4,459.12,1535.94,-1493.3,LOWER,3,HETEROLITHIC
F25,1512.6,1512.8,4370.64,2896.75,-1497.12,UPPER,1,SAND_CLEAN
F25,1512.8,1513.0,4370.57,2896.76,-1497.3,UPPER,1,SAND_CLEAN
F25,1513.0,1513.2,4370.51,2896.77,-1497.49,UPPER,1,SAND_CLEAN
F25,1513.2,1513.4,4370.45,2896.79,-1497.68,UPPER,1,SAND_CLEAN
F25,1513.4,1513.6,4370.38,2896.8,-1497.87,UPPER,1,SAND_CLEAN
F25,1513.6,1513.8,4370.32,2896.81,-1498.06,UPPER,2,SAND_SHALY
F25,1513.8,1514.0,4370.26,2896.83,-1498.25,UPPER,2,SAND_SHALY
F25,1514.0,1514.2,4370.2,2896.84,-1498.44,UPPER,2,SAND_SHALY
F25,1514.2,1514.4,4370.13,2896.85,-1498.63,UPPER,3,HETEROLITHIC
F25,1514.4,1514.6,4370.07,2896.87,-1498.82,UPPER,3,HETEROLITHIC
F25,1514.6,1514.8,4370.01,2896.88,-1499.01,UPPER,4,SHALE
F25,1514.8,1515.0,4369.94,2896.89,-1499.2,UPPER,4,SHALE
F25,1515.0,1515.2,4369.88,2896.91,-1499.39,UPPER,4,SHALE
F25,1515.2,1515.4,4369.82,2896.92,-1499.58,UPPER,4,SHALE
F25,1515.4,1515.6,4369.76,2896.93,-1499.77,UPPER,3,HETEROLITHIC
F25,1515.6,1515.8,4369.69,2896.95,-1499.96,UPPER,3,HETEROLITHIC
F25,1515.8,1516.0,4369.63,2896.96,-1500.15,UPPER,2,SAND_SHALY
F25,1516.0,1516.2,4369.57,2896.97,-1500.33,UPPER,1,SAND_CLEAN
F25,1516.2,1516.4,4369.5,2896.98,-1500.52,UPPER,1,SAND_CLEAN
F25,1516.4,1516.6,4369.44,2897.0,-1500.71,UPPER,1,SAND_CLEAN
F25,1516.6,1516.8,4369.38,2897.01,-1500.9,UPPER,1,SAND_CLEAN
F25,1516.8,1517.0,4369.31,2897.02,-1501.09,UPPER,1,SAND_CLEAN
F25,1517.0,1517.2,4369.25,2897.04,-1501.28,UPPER,1,SAND_CLEAN
F25,1517.2,1517.4,4369.19,2897.05,-1501.47,UPPER,2,SAND_SHALY
F25,1517.4,1517.6,4369.13,2897.06,-1501.66,UPPER,2,SAND_SHALY
F25,1517.6,1517.8,4369.06,2897.08,-1501.85,UPPER,3,HETEROLITHIC
F25,1517.8,1518.0,4369.0,2897.09,-1502.04,UPPER,4,SHALE
F25,1518.0,1518.2,4368.94,2897.1,-1502.23,UPPER,4,SHALE
F25,1518.2,1518.4,4368.87,2897.12,-1502.42,UPPER,4,SHALE
F25,1518.4,1518.6,4368.81,2897.13,-1502.61,UPPER,4,SHALE
F25,1518.6,1518.8,4368.75,2897.14,-1502.8,UPPER,4,SHALE
F25,1518.8,1519.0,4368.69,2897.16,-1502.99,UPPER,4,SHALE
F25,1519.0,1519.2,4368.62,2897.17,-1503.18,UPPER,4,SHALE
F25,1519.2,1519.4,4368.56,2897.18,-1503.36,UPPER,3,HETEROLITHIC
F25,1519.4,1519.6,4368.5,2897.2,-1503.55,UPPER,3,HETEROLITHIC
F25,1519.6,1519.8,4368.43,2897.21,-1503.74,UPPER,2,SAND_SHALY
F25,1519.8,1520.0,4368.37,2897.22,-1503.93,UPPER,1,SAND_CLEAN
F25,1520.0,1520.2,4368.31,2897.24,-1504.12,UPPER,1,SAND_CLEAN
F25,1520.2,1520.4,4368.25,2897.25,-1504.31,UPPER,1,SAND_CLEAN
F25,1520.4,1520.6,4368.18,2897.26,-1504.5,UPPER,1,SAND_CLEAN
F25,1520.6,1520.8,4368.12,2897.28,-1504.69,UPPER,2,SAND_SHALY
F25,1520.8,1521.0,4368.06,2897.29,-1504.88,UPPER,3,HETEROLITHIC
F25,1521.0,1521.2,4367.99,2897.3,-1505.07,UPPER,4,SHALE
F25,1521.2,1521.4,4367.93,2897.32,-1505.26,UPPER,4,SHALE
F25,1521.4,1521.6,4367.87,2897.33,-1505.45,UPPER,4,SHALE
F25,1521.6,1521.8,4367.81,2897.34,-1505.64,UPPER,4,SHALE
F25,1521.8,1522.0,4367.74,2897.36,-1505.83,UPPER,4,SHALE
F25,1522.0,1522.2,4367.68,2897.37,-1506.02,UPPER,4,SHALE
F25,1522.2,1522.4,4367.62,2897.38,-1506.21,UPPER,4,SHALE
F25,1522.4,1522.6,4367.55,2897.4,-1506.39,LOWER,3,HETEROLITHIC
F25,1522.6,1522.8,4367.49,2897.41,-1506.58,LOWER,3,HETEROLITHIC
F25,1522.8,1523.0,4367.43,2897.42,-1506.77,LOWER,4,SHALE
F25,1523.0,1523.2,4367.36,2897.44,-1506.96,LOWER,3,HETEROLITHIC
F25,1523.2,1523.4,4367.3,2897.45,-1507.15,LOWER,2,SAND_SHALY
F25,1523.4,1523.6,4367.24,2897.46,-1507.34,LOWER,1,SAND_CLEAN
F25,1523.6,1523.8,4367.18,2897.48,-1507.53,LOWER,1,SAND_CLEAN
F25,1523.8,1524.0,4367.11,2897.49,-1507.72,LOWER,1,SAND_CLEAN
F25,1524.0,1524.2,4367.05,2897.5,-1507.91,LOWER,5,CEMENTED
F25,1524.2,1524.4,4366.99,2897.52,-1508.1,LOWER,5,CEMENTED
F25,1524.4,1524.6,4366.92,2897.53,-1508.29,LOWER,5,CEMENTED
F25,1524.6,1524.8,4366.86,2897.54,-1508.48,LOWER,2,SAND_SHALY
F25,1524.8,1525.0,4366.8,2897.56,-1508.67,LOWER,3,HETEROLITHIC
F25,1525.0,1525.2,4366.73,2897.57,-1508.86,LOWER,4,SHALE
F25,1525.2,1525.4,4366.67,2897.58,-1509.04,LOWER,4,SHALE
F25,1525.4,1525.6,4366.6,2897.6,-1509.23,LOWER,4,SHALE
F25,1525.6,1525.8,4366.54,2897.61,-1509.42,LOWER,4,SHALE
F25,1525.8,1526.0,4366.47,2897.63,-1509.61,LOWER,4,SHALE
F25,1526.0,1526.2,4366.41,2897.64,-1509.8,LOWER,4,SHALE
F25,1526.2,1526.4,4366.34,2897.65,-1509.99,LOWER,3,HETEROLITHIC
F25,1526.4,1526.6,4366.27,2897.67,-1510.18,LOWER,3,HETEROLITHIC
F25,1526.6,1526.8,4366.21,2897.68,-1510.36,LOWER,3,HETEROLITHIC
F25,1526.8,1527.0,4366.14,2897.69,-1510.55,LOWER,3,HETEROLITHIC
F25,1527.0,1527.2,4366.08,2897.71,-1510.74,LOWER,3,HETEROLITHIC
F25,1527.2,1527.4,4366.01,2897.72,-1510.93,LOWER,4,SHALE
F25,1527.4,1527.6,4365.95,2897.74,-1511.12,LOWER,4,SHALE
F25,1527.6,1527.8,4365.88,2897.75,-1511.31,LOWER,4,SHALE
F25,1527.8,1528.0,4365.81,2897.76,-1511.49,LOWER,4,SHALE
F25,1528.0,1528.2,4365.75,2897.78,-1511.68,LOWER,4,SHALE
F25,1528.2,1528.4,4365.68,2897.79,-1511.87,LOWER,4,SHALE
F25,1528.4,1528.6,4365.62,2897.81,-1512.06,LOWER,4,SHALE
F25,1528.6,1528.8,4365.55,2897.82,-1512.25,LOWER,4,SHALE
F25,1528.8,1529.0,4365.49,2897.83,-1512.44,LOWER,4,SHALE
F25,1529.0,1529.2,4365.42,2897.85,-1512.62,LOWER,4,SHALE
F25,1529.2,1529.4,4365.36,2897.86,-1512.81,LOWER,4,SHALE
F25,1529.4,1529.6,4365.29,2897.88,-1513.0,LOWER,3,HETEROLITHIC
F26,1509.2,1509.4,4116.93,2206.04,-1499.3,UPPER,3,HETEROLITHIC
F26,1509.4,1509.6,4116.93,2206.04,-1499.5,UPPER,3,HETEROLITHIC
F26,1509.6,1509.8,4116.93,2206.04,-1499.7,UPPER,3,HETEROLITHIC
F26,1509.8,1510.0,4116.93,2206.04,-1499.9,UPPER,3,HETEROLITHIC
F26,1510.0,1510.2,4116.93,2206.04,-1500.1,UPPER,2,SAND_SHALY
F26,1510.2,1510.4,4116.93,2206.04,-1500.3,UPPER,2,SAND_SHALY
F26,1510.4,1510.6,4116.93,2206.04,-1500.5,UPPER,2,SAND_SHALY
F26,1510.6,1510.8,4116.93,2206.04,-1500.7,UPPER,2,SAND_SHALY
F26,1510.8,1511.0,4116.93,2206.04,-1500.9,UPPER,2,SAND_SHALY
F26,1511.0,1511.2,4116.93,2206.04,-1501.1,UPPER,2,SAND_SHALY
F26,1511.2,1511.4,4116.93,2206.04,-1501.3,UPPER,3,HETEROLITHIC
F26,1511.4,1511.6,4116.93,2206.04,-1501.5,UPPER,2,SAND_SHALY
F26,1511.6,1511.8,4116.93,2206.04,-1501.7,UPPER,2,SAND_SHALY
F26,1511.8,1512.0,4116.93,2206.04,-1501.9,UPPER,1,SAND_CLEAN
F26,1512.0,1512.2,4116.93,2206.04,-1502.1,UPPER,1,SAND_CLEAN
F26,1512.2,1512.4,4116.93,2206.04,-1502.3,UPPER,1,SAND_CLEAN
F26,1512.4,1512.6,4116.93,2206.04,-1502.5,UPPER,1,SAND_CLEAN
F26,1512.6,1512.8,4116.93,2206.04,-1502.7,UPPER,1,SAND_CLEAN
F26,1512.8,1513.0,4116.93,2206.04,-1502.9,UPPER,1,SAND_CLEAN
F26,1513.0,1513.2,4116.93,2206.04,-1503.1,UPPER,1,SAND_CLEAN
F26,1513.2,1513.4,4116.93,2206.04,-1503.3,UPPER,1,SAND_CLEAN
F26,1513.4,1513.6,4116.93,2206.04,-1503.5,UPPER,1,SAND_CLEAN
F26,1513.6,1513.8,4116.93,2206.04,-1503.7,UPPER,2,SAND_SHALY
F26,1513.8,1514.0,4116.93,2206.04,-1503.9,UPPER,3,HETEROLITHIC
F26,1514.0,1514.2,4116.93,2206.04,-1504.1,UPPER,4,SHALE
F26,1514.2,1514.4,4116.93,2206.04,-1504.3,UPPER,4,SHALE
F26,1514.4,1514.6,4116.93,2206.04,-1504.5,UPPER,4,SHALE
F26,1514.6,1514.8,4116.93,2206.04,-1504.7,UPPER,4,SHALE
F26,1514.8,1515.0,4116.93,2206.04,-1504.9,UPPER,4,SHALE
F26,1515.0,1515.2,4116.93,2206.04,-1505.1,UPPER,4,SHALE
F26,1515.2,1515.4,4116.93,2206.04,-1505.3,UPPER,4,SHALE
F26,1515.4,1515.6,4116.93,2206.04,-1505.5,UPPER,4,SHALE
F26,1515.6,1515.8,4116.93,2206.04,-1505.7,UPPER,4,SHALE
F26,1515.8,1516.0,4116.93,2206.04,-1505.9,UPPER,3,HETEROLITHIC
F26,1516.0,1516.2,4116.93,2206.04,-1506.1,UPPER,3,HETEROLITHIC
F26,1516.2,1516.4,4116.93,2206.04,-1506.3,UPPER,3,HETEROLITHIC
F26,1516.4,1516.6,4116.93,2206.04,-1506.5,UPPER,3,HETEROLITHIC
F26,1516.6,1516.8,4116.93,2206.04,-1506.7,UPPER,3,HETEROLITHIC
F26,1516.8,1517.0,4116.93,2206.04,-1506.9,UPPER,3,HETEROLITHIC
F26,1517.0,1517.2,4116.93,2206.04,-1507.1,UPPER,3,HETEROLITHIC
F26,1517.2,1517.4,4116.93,2206.04,-1507.3,UPPER,4,SHALE
F26,1517.4,1517.6,4116.93,2206.04,-1507.5,UPPER,4,SHALE
F26,1517.6,1517.8,4116.93,2206.04,-1507.7,UPPER,3,HETEROLITHIC
F26,1517.8,1518.0,4116.93,2206.04,-1507.9,UPPER,3,HETEROLITHIC
F26,1518.0,1518.2,4116.93,2206.04,-1508.1,UPPER,3,HETEROLITHIC
F26,1518.2,1518.4,4116.93,2206.04,-1508.3,UPPER,3,HETEROLITHIC
F26,1518.4,1518.6,4116.93,2206.04,-1508.5,UPPER,4,SHALE
F26,1518.6,1518.8,4116.93,2206.04,-1508.7,UPPER,4,SHALE
F26,1518.8,1519.0,4116.93,2206.04,-1508.9,UPPER,3,HETEROLITHIC
F26,1519.0,1519.2,4116.93,2206.04,-1509.1,LOWER,3,HETEROLITHIC
F26,1519.2,1519.4,4116.93,2206.04,-1509.3,LOWER,2,SAND_SHALY
F26,1519.4,1519.6,4116.93,2206.04,-1509.5,LOWER,2,SAND_SHALY
F26,1519.6,1519.8,4116.93,2206.04,-1509.7,LOWER,1,SAND_CLEAN
F26,1519.8,1520.0,4116.93,2206.04,-1509.9,LOWER,1,SAND_CLEAN
F26,1520.0,1520.2,4116.93,2206.04,-1510.1,LOWER,1,SAND_CLEAN
F26,1520.2,1520.4,4116.93,2206.04,-1510.3,LOWER,1,SAND_CLEAN
F26,1520.4,1520.6,4116.93,2206.04,-1510.5,LOWER,1,SAND_CLEAN
F26,1520.6,1520.8,4116.93,2206.04,-1510.7,LOWER,1,SAND_CLEAN
F26,1520.8,1521.0,4116.93,2206.04,-1510.9,LOWER,2,SAND_SHALY
F26,1521.0,1521.2,4116.93,2206.04,-1511.1,LOWER,3,HETEROLITHIC
F26,1521.2,1521.4,4116.93,2206.04,-1511.3,LOWER,3,HETEROLITHIC
F26,1521.4,1521.6,4116.93,2206.04,-1511.5,LOWER,3,HETEROLITHIC
F26,1521.6,1521.8,4116.93,2206.04,-1511.7,LOWER,3,HETEROLITHIC
F26,1521.8,1522.0,4116.93,2206.04,-1511.9,LOWER,3,HETEROLITHIC
F26,1522.0,1522.2,4116.93,2206.04,-1512.1,LOWER,3,HETEROLITHIC
F26,1522.2,1522.4,4116.93,2206.04,-1512.3,LOWER,3,HETEROLITHIC
F26,1522.4,1522.6,4116.93,2206.04,-1512.5,LOWER,4,SHALE
F26,1522.6,1522.8,4116.93,2206.04,-1512.7,LOWER,4,SHALE
F26,1522.8,1523.0,4116.93,2206.04,-1512.9,LOWER,4,SHALE
F26,1523.0,1523.2,4116.93,2206.04,-1513.1,LOWER,4,SHALE
F26,1523.2,1523.4,4116.93,2206.04,-1513.3,LOWER,4,SHALE
F26,1523.4,1523.6,4116.93,2206.04,-1513.5,LOWER,4,SHALE
F26,1523.6,1523.8,4116.93,2206.04,-1513.7,LOWER,4,SHALE
F26,1523.8,1524.0,4116.93,2206.04,-1513.9,LOWER,3,HETEROLITHIC
F26,1524.0,1524.2,4116.93,2206.04,-1514.1,LOWER,2,SAND_SHALY
F26,1524.2,1524.4,4116.93,2206.04,-1514.3,LOWER,1,SAND_CLEAN
F26,1524.4,1524.6,4116.93,2206.04,-1514.5,LOWER,1,SAND_CLEAN
F26,1524.6,1524.8,4116.93,2206.04,-1514.7,LOWER,1,SAND_CLEAN
F26,1524.8,1525.0,4116.93,2206.04,-1514.9,LOWER,1,SAND_CLEAN
F26,1525.0,1525.2,4116.93,2206.04,-1515.1,LOWER,1,SAND_CLEAN
F26,1525.2,1525.4,4116.93,2206.04,-1515.3,LOWER,2,SAND_SHALY
F26,1525.4,1525.6,4116.93,2206.04,-1515.5,LOWER,3,HETEROLITHIC
F26,1525.6,1525.8,4116.93,2206.04,-1515.7,LOWER,3,HETEROLITHIC
F26,1525.8,1526.0,4116.93,2206.04,-1515.9,LOWER,3,HETEROLITHIC
F26,1526.0,1526.2,4116.93,2206.04,-1516.1,LOWER,3,HETEROLITHIC
F26,1526.2,1526.4,4116.93,2206.04,-1516.3,LOWER,3,HETEROLITHIC
F26,1526.4,1526.6,4116.93,2206.04,-1516.5,LOWER,4,SHALE
F26,1526.6,1526.8,4116.93,2206.04,-1516.7,LOWER,3,HETEROLITHIC
F26,1526.8,1527.0,4116.93,2206.04,-1516.9,LOWER,3,HETEROLITHIC
F27,1497.4,1497.6,1000.0,1000.0,-1487.5,UPPER,4,SHALE
F27,1497.6,1497.8,1000.0,1000.0,-1487.7,UPPER,4,SHALE
F27,1497.8,1498.0,1000.0,1000.0,-1487.9,UPPER,4,SHALE
F27,1498.0,1498.2,1000.0,1000.0,-1488.1,UPPER,4,SHALE
F27,1498.2,1498.4,1000.0,1000.0,-1488.3,UPPER,4,SHALE
F27,1498.4,1498.6,1000.0,1000.0,-1488.5,UPPER,4,SHALE
F27,1498.6,1498.8,1000.0,1000.0,-1488.7,UPPER,4,SHALE
F27,1498.8,1499.0,1000.0,1000.0,-1488.9,UPPER,4,SHALE
F27,1499.0,1499.2,1000.0,1000.0,-1489.1,UPPER,4,SHALE
F27,1499.2,1499.4,1000.0,1000.0,-1489.3,UPPER,4,SHALE
F27,1499.4,1499.6,1000.0,1000.0,-1489.5,UPPER,4,SHALE
F27,1499.6,1499.8,1000.0,1000.0,-1489.7,UPPER,4,SHALE
F27,1499.8,1500.0,1000.0,1000.0,-1489.9,UPPER,4,SHALE
F27,1500.0,1500.2,1000.0,1000.0,-1490.1,UPPER,4,SHALE
F27,1500.2,1500.4,1000.0,1000.0,-1490.3,UPPER,4,SHALE
F27,1500.4,1500.6,1000.0,1000.0,-1490.5,UPPER,4,SHALE
F27,1500.6,1500.8,1000.0,1000.0,-1490.7,UPPER,4,SHALE
F27,1500.8,1501.0,1000.0,1000.0,-1490.9,UPPER,4,SHALE
F27,1501.0,1501.2,1000.0,1000.0,-1491.1,UPPER,4,SHALE
F27,1501.2,1501.4,1000.0,1000.0,-1491.3,UPPER,4,SHALE
F27,1501.4,1501.6,1000.0,1000.0,-1491.5,UPPER,4,SHALE
F27,1501.6,1501.8,1000.0,1000.0,-1491.7,UPPER,4,SHALE
F27,1501.8,1502.0,1000.0,1000.0,-1491.9,UPPER,4,SHALE
F27,1502.0,1502.2,1000.0,1000.0,-1492.1,UPPER,4,SHALE
F27,1502.2,1502.4,1000.0,1000.0,-1492.3,UPPER,4,SHALE
F27,1502.4,1502.6,1000.0,1000.0,-1492.5,UPPER,4,SHALE
F27,1502.6,1502.8,1000.0,1000.0,-1492.7,UPPER,3,HETEROLITHIC
F27,1502.8,1503.0,1000.0,1000.0,-1492.9,UPPER,2,SAND_SHALY
F27,1503.0,1503.2,1000.0,1000.0,-1493.1,UPPER,2,SAND_SHALY
F27,1503.2,1503.4,1000.0,1000.0,-1493.3,UPPER,1,SAND_CLEAN
F27,1503.4,1503.6,1000.0,1000.0,-1493.5,UPPER,1,SAND_CLEAN
F27,1503.6,1503.8,1000.0,1000.0,-1493.7,UPPER,1,SAND_CLEAN
F27,1503.8,1504.0,1000.0,1000.0,-1493.9,UPPER,1,SAND_CLEAN
F27,1504.0,1504.2,1000.0,1000.0,-1494.1,UPPER,2,SAND_SHALY
F27,1504.2,1504.4,1000.0,1000.0,-1494.3,UPPER,2,SAND_SHALY
F27,1504.4,1504.6,1000.0,1000.0,-1494.5,UPPER,3,HETEROLITHIC
F27,1504.6,1504.8,1000.0,1000.0,-1494.7,UPPER,3,HETEROLITHIC
F27,1504.8,1505.0,1000.0,1000.0,-1494.9,UPPER,3,HETEROLITHIC
F27,1505.0,1505.2,1000.0,1000.0,-1495.1,UPPER,3,HETEROLITHIC
F27,1505.2,1505.4,1000.0,1000.0,-1495.3,UPPER,2,SAND_SHALY
F27,1505.4,1505.6,1000.0,1000.0,-1495.5,UPPER,1,SAND_CLEAN
F27,1505.6,1505.8,1000.0,1000.0,-1495.7,UPPER,1,SAND_CLEAN
F27,1505.8,1506.0,1000.0,1000.0,-1495.9,UPPER,1,SAND_CLEAN
F27,1506.0,1506.2,1000.0,1000.0,-1496.1,UPPER,1,SAND_CLEAN
F27,1506.2,1506.4,1000.0,1000.0,-1496.3,UPPER,1,SAND_CLEAN
F27,1506.4,1506.6,1000.0,1000.0,-1496.5,UPPER,1,SAND_CLEAN
F27,1506.6,1506.8,1000.0,1000.0,-1496.7,UPPER,1,SAND_CLEAN
F27,1506.8,1507.0,1000.0,1000.0,-1496.9,UPPER,1,SAND_CLEAN
F27,1507.0,1507.2,1000.0,1000.0,-1497.1,UPPER,2,SAND_SHALY
F27,1507.2,1507.4,1000.0,1000.0,-1497.3,UPPER,2,SAND_SHALY
F27,1507.4,1507.6,1000.0,1000.0,-1497.5,UPPER,3,HETEROLITHIC
F27,1507.6,1507.8,1000.0,1000.0,-1497.7,LOWER,3,HETEROLITHIC
F27,1507.8,1508.0,1000.0,1000.0,-1497.9,LOWER,3,HETEROLITHIC
F27,1508.0,1508.2,1000.0,1000.0,-1498.1,LOWER,3,HETEROLITHIC
F27,1508.2,1508.4,1000.0,1000.0,-1498.3,LOWER,4,SHALE
F27,1508.4,1508.6,1000.0,1000.0,-1498.5,LOWER,4,SHALE
F27,1508.6,1508.8,1000.0,1000.0,-1498.7,LOWER,4,SHALE
F27,1508.8,1509.0,1000.0,1000.0,-1498.9,LOWER,4,SHALE
F27,1509.0,1509.2,1000.0,1000.0,-1499.1,LOWER,4,SHALE
F27,1509.2,1509.4,1000.0,1000.0,-1499.3,LOWER,4,SHALE
F27,1509.4,1509.6,1000.0,1000.0,-1499.5,LOWER,3,HETEROLITHIC
F27,1509.6,1509.8,1000.0,1000.0,-1499.7,LOWER,2,SAND_SHALY
F27,1509.8,1510.0,1000.0,1000.0,-1499.9,LOWER,2,SAND_SHALY
F27,1510.0,1510.2,1000.0,1000.0,-1500.1,LOWER,2,SAND_SHALY
F27,1510.2,1510.4,1000.0,1000.0,-1500.3,LOWER,2,SAND_SHALY
F27,1510.4,1510.6,1000.0,1000.0,-1500.5,LOWER,3,HETEROLITHIC
F27,1510.6,1510.8,1000.0,1000.0,-1500.7,LOWER,3,HETEROLITHIC
F27,1510.8,1511.0,1000.0,1000.0,-1500.9,LOWER,3,HETEROLITHIC
F27,1511.0,1511.2,1000.0,1000.0,-1501.1,LOWER,3,HETEROLITHIC
F27,1511.2,1511.4,1000.0,1000.0,-1501.3,LOWER,4,SHALE
F27,1511.4,1511.6,1000.0,1000.0,-1501.5,LOWER,4,SHALE
F27,1511.6,1511.8,1000.0,1000.0,-1501.7,LOWER,4,SHALE
F27,1511.8,1512.0,1000.0,1000.0,-1501.9,LOWER,3,HETEROLITHIC
F27,1512.0,1512.2,1000.0,1000.0,-1502.1,LOWER,1,SAND_CLEAN
F27,1512.2,1512.4,1000.0,1000.0,-1502.3,LOWER,1,SAND_CLEAN
F27,1512.4,1512.6,1000.0,1000.0,-1502.5,LOWER,1,SAND_CLEAN
F27,1512.6,1512.8,1000.0,1000.0,-1502.7,LOWER,1,SAND_CLEAN
F27,1512.8,1513.0,1000.0,1000.0,-1502.9,LOWER,1,SAND_CLEAN
F27,1513.0,1513.2,1000.0,1000.0,-1503.1,LOWER,1,SAND_CLEAN
F28,1503.4,1503.6,2500.0,2000.0,-1493.5,UPPER,4,SHALE
F28,1503.6,1503.8,2500.0,2000.0,-1493.7,UPPER,4,SHALE
F28,1503.8,1504.0,2500.0,2000.0,-1493.9,UPPER,4,SHALE
F28,1504.0,1504.2,2500.0,2000.0,-1494.1,UPPER,4,SHALE
F28,1504.2,1504.4,2500.0,2000.0,-1494.3,UPPER,3,HETEROLITHIC
F28,1504.4,1504.6,2500.0,2000.0,-1494.5,UPPER,3,HETEROLITHIC
F28,1504.6,1504.8,2500.0,2000.0,-1494.7,UPPER,2,SAND_SHALY
F28,1504.8,1505.0,2500.0,2000.0,-1494.9,UPPER,2,SAND_SHALY
F28,1505.0,1505.2,2500.0,2000.0,-1495.1,UPPER,2,SAND_SHALY
F28,1505.2,1505.4,2500.0,2000.0,-1495.3,UPPER,2,SAND_SHALY
F28,1505.4,1505.6,2500.0,2000.0,-1495.5,UPPER,2,SAND_SHALY
F28,1505.6,1505.8,2500.0,2000.0,-1495.7,UPPER,2,SAND_SHALY
F28,1505.8,1506.0,2500.0,2000.0,-1495.9,UPPER,2,SAND_SHALY
F28,1506.0,1506.2,2500.0,2000.0,-1496.1,UPPER,1,SAND_CLEAN
F28,1506.2,1506.4,2500.0,2000.0,-1496.3,UPPER,5,CEMENTED
F28,1506.4,1506.6,2500.0,2000.0,-1496.5,UPPER,5,CEMENTED
F28,1506.6,1506.8,2500.0,2000.0,-1496.7,UPPER,5,CEMENTED
F28,1506.8,1507.0,2500.0,2000.0,-1496.9,UPPER,1,SAND_CLEAN
F28,1507.0,1507.2,2500.0,2000.0,-1497.1,UPPER,1,SAND_CLEAN
F28,1507.2,1507.4,2500.0,2000.0,-1497.3,UPPER,1,SAND_CLEAN
F28,1507.4,1507.6,2500.0,2000.0,-1497.5,UPPER,1,SAND_CLEAN
F28,1507.6,1507.8,2500.0,2000.0,-1497.7,UPPER,1,SAND_CLEAN
F28,1507.8,1508.0,2500.0,2000.0,-1497.9,UPPER,1,SAND_CLEAN
F28,1508.0,1508.2,2500.0,2000.0,-1498.1,UPPER,2,SAND_SHALY
F28,1508.2,1508.4,2500.0,2000.0,-1498.3,UPPER,2,SAND_SHALY
F28,1508.4,1508.6,2500.0,2000.0,-1498.5,UPPER,2,SAND_SHALY
F28,1508.6,1508.8,2500.0,2000.0,-1498.7,UPPER,2,SAND_SHALY
F28,1508.8,1509.0,2500.0,2000.0,-1498.9,UPPER,2,SAND_SHALY
F28,1509.0,1509.2,2500.0,2000.0,-1499.1,UPPER,2,SAND_SHALY
F28,1509.2,1509.4,2500.0,2000.0,-1499.3,UPPER,1,SAND_CLEAN
F28,1509.4,1509.6,2500.0,2000.0,-1499.5,UPPER,1,SAND_CLEAN
F28,1509.6,1509.8,2500.0,2000.0,-1499.7,UPPER,1,SAND_CLEAN
F28,1509.8,1510.0,2500.0,2000.0,-1499.9,UPPER,2,SAND_SHALY
F28,1510.0,1510.2,2500.0,2000.0,-1500.1,UPPER,2,SAND_SHALY
F28,1510.2,1510.4,2500.0,2000.0,-1500.3,UPPER,3,HETEROLITHIC
F28,1510.4,1510.6,2500.0,2000.0,-1500.5,UPPER,3,HETEROLITHIC
F28,1510.6,1510.8,2500.0,2000.0,-1500.7,UPPER,4,SHALE
F28,1510.8,1511.0,2500.0,2000.0,-1500.9,UPPER,4,SHALE
F28,1511.0,1511.2,2500.0,2000.0,-1501.1,UPPER,4,SHALE
F28,1511.2,1511.4,2500.0,2000.0,-1501.3,UPPER,4,SHALE
F28,1511.4,1511.6,2500.0,2000.0,-1501.5,UPPER,4,SHALE
F28,1511.6,1511.8,2500.0,2000.0,-1501.7,UPPER,3,HETEROLITHIC
F28,1511.8,1512.0,2500.0,2000.0,-1501.9,UPPER,3,HETEROLITHIC
F28,1512.0,1512.2,2500.0,2000.0,-1502.1,UPPER,2,SAND_SHALY
F28,1512.2,1512.4,2500.0,2000.0,-1502.3,UPPER,1,SAND_CLEAN
F28,1512.4,1512.6,2500.0,2000.0,-1502.5,UPPER,1,SAND_CLEAN
F28,1512.6,1512.8,2500.0,2000.0,-1502.7,UPPER,1,SAND_CLEAN
F28,1512.8,1513.0,2500.0,2000.0,-1502.9,UPPER,1,SAND_CLEAN
F28,1513.0,1513.2,2500.0,2000.0,-1503.1,UPPER,1,SAND_CLEAN
F28,1513.2,1513.4,2500.0,2000.0,-1503.3,UPPER,1,SAND_CLEAN
F28,1513.4,1513.6,2500.0,2000.0,-1503.5,UPPER,1,SAND_CLEAN
F28,1513.6,1513.8,2500.0,2000.0,-1503.7,LOWER,4,SHALE
F28,1513.8,1514.0,2500.0,2000.0,-1503.9,LOWER,4,SHALE
F28,1514.0,1514.2,2500.0,2000.0,-1504.1,LOWER,4,SHALE
F28,1514.2,1514.4,2500.0,2000.0,-1504.3,LOWER,4,SHALE
F28,1514.4,1514.6,2500.0,2000.0,-1504.5,LOWER,4,SHALE
F28,1514.6,1514.8,2500.0,2000.0,-1504.7,LOWER,4,SHALE
F28,1514.8,1515.0,2500.0,2000.0,-1504.9,LOWER,4,SHALE
F28,1515.0,1515.2,2500.0,2000.0,-1505.1,LOWER,4,SHALE
F28,1515.2,1515.4,2500.0,2000.0,-1505.3,LOWER,4,SHALE
F28,1515.4,1515.6,2500.0,2000.0,-1505.5,LOWER,3,HETEROLITHIC
F28,1515.6,1515.8,2500.0,2000.0,-1505.7,LOWER,5,CEMENTED
F28,1515.8,1516.0,2500.0,2000.0,-1505.9,LOWER,5,CEMENTED
F28,1516.0,1516.2,2500.0,2000.0,-1506.1,LOWER,1,SAND_CLEAN
F28,1516.2,1516.4,2500.0,2000.0,-1506.3,LOWER,1,SAND_CLEAN
F28,1516.4,1516.6,2500.0,2000.0,-1506.5,LOWER,1,SAND_CLEAN
F28,1516.6,1516.8,2500.0,2000.0,-1506.7,LOWER,1,SAND_CLEAN
F28,1516.8,1517.0,2500.0,2000.0,-1506.9,LOWER,2,SAND_SHALY
F28,1517.0,1517.2,2500.0,2000.0,-1507.1,LOWER,2,SAND_SHALY
F28,1517.2,1517.4,2500.0,2000.0,-1507.3,LOWER,2,SAND_SHALY
F28,1517.4,1517.6,2500.0,2000.0,-1507.5,LOWER,2,SAND_SHALY
F28,1517.6,1517.8,2500.0,2000.0,-1507.7,LOWER,2,SAND_SHALY
F28,1517.8,1518.0,2500.0,2000.0,-1507.9,LOWER,2,SAND_SHALY
F28,1518.0,1518.2,2500.0,2000.0,-1508.1,LOWER,2,SAND_SHALY
F28,1518.2,1518.4,2500.0,2000.0,-1508.3,LOWER,3,HETEROLITHIC
F28,1518.4,1518.6,2500.0,2000.0,-1508.5,LOWER,3,HETEROLITHIC
F28,1518.6,1518.8,2500.0,2000.0,-1508.7,LOWER,3,HETEROLITHIC
F28,1518.8,1519.0,2500.0,2000.0,-1508.9,LOWER,4,SHALE
F28,1519.0,1519.2,2500.0,2000.0,-1509.1,LOWER,4,SHALE
F28,1519.2,1519.4,2500.0,2000.0,-1509.3,LOWER,4,SHALE
F28,1519.4,1519.6,2500.0,2000.0,-1509.5,LOWER,4,SHALE
F28,1519.6,1519.8,2500.0,2000.0,-1509.7,LOWER,4,SHALE
F28,1519.8,1520.0,2500.0,2000.0,-1509.9,LOWER,4,SHALE
F28,1520.0,1520.2,2500.0,2000.0,-1510.1,LOWER,4,SHALE
F28,1520.2,1520.4,2500.0,2000.0,-1510.3,LOWER,3,HETEROLITHIC
F28,1520.4,1520.6,2500.0,2000.0,-1510.5,LOWER,3,HETEROLITHIC
F28,1520.6,1520.8,2500.0,2000.0,-1510.7,LOWER,3,HETEROLITHIC
F29,1505.4,1505.6,3997.92,3037.18,-1492.78,UPPER,1,SAND_CLEAN
F29,1505.6,1505.8,3997.92,3037.22,-1492.98,UPPER,1,SAND_CLEAN
F29,1505.8,1506.0,3997.92,3037.25,-1493.18,UPPER,1,SAND_CLEAN
F29,1506.0,1506.2,3997.92,3037.28,-1493.37,UPPER,1,SAND_CLEAN
F29,1506.2,1506.4,3997.92,3037.31,-1493.57,UPPER,1,SAND_CLEAN
F29,1506.4,1506.6,3997.91,3037.35,-1493.77,UPPER,1,SAND_CLEAN
F29,1506.6,1506.8,3997.91,3037.38,-1493.96,UPPER,1,SAND_CLEAN
F29,1506.8,1507.0,3997.91,3037.41,-1494.16,UPPER,1,SAND_CLEAN
F29,1507.0,1507.2,3997.91,3037.45,-1494.36,UPPER,1,SAND_CLEAN
F29,1507.2,1507.4,3997.91,3037.48,-1494.56,UPPER,1,SAND_CLEAN
F29,1507.4,1507.6,3997.91,3037.51,-1494.75,UPPER,1,SAND_CLEAN
F29,1507.6,1507.8,3997.9,3037.54,-1494.95,UPPER,1,SAND_CLEAN
F29,1507.8,1508.0,3997.9,3037.58,-1495.15,UPPER,1,SAND_CLEAN
F29,1508.0,1508.2,3997.9,3037.61,-1495.35,UPPER,1,SAND_CLEAN
F29,1508.2,1508.4,3997.9,3037.64,-1495.54,UPPER,5,CEMENTED
F29,1508.4,1508.6,3997.9,3037.68,-1495.74,UPPER,5,CEMENTED
F29,1508.6,1508.8,3997.89,3037.71,-1495.94,UPPER,5,CEMENTED
F29,1508.8,1509.0,3997.89,3037.74,-1496.13,UPPER,1,SAND_CLEAN
F29,1509.0,1509.2,3997.89,3037.77,-1496.33,UPPER,1,SAND_CLEAN
F29,1509.2,1509.4,3997.89,3037.81,-1496.53,UPPER,1,SAND_CLEAN
F29,1509.4,1509.6,3997.89,3037.84,-1496.73,UPPER,1,SAND_CLEAN
F29,1509.6,1509.8,3997.89,3037.87,-1496.92,UPPER,1,SAND_CLEAN
F29,1509.8,1510.0,3997.88,3037.91,-1497.12,UPPER,1,SAND_CLEAN
F29,1510.0,1510.2,3997.88,3037.94,-1497.32,UPPER,1,SAND_CLEAN
F29,1510.2,1510.4,3997.88,3037.97,-1497.52,UPPER,2,SAND_SHALY
F29,1510.4,1510.6,3997.88,3038.0,-1497.71,UPPER,2,SAND_SHALY
F29,1510.6,1510.8,3997.88,3038.04,-1497.91,UPPER,3,HETEROLITHIC
F29,1510.8,1511.0,3997.87,3038.07,-1498.11,UPPER,3,HETEROLITHIC
F29,1511.0,1511.2,3997.87,3038.1,-1498.3,UPPER,4,SHALE
F29,1511.2,1511.4,3997.87,3038.14,-1498.5,UPPER,3,HETEROLITHIC
F29,1511.4,1511.6,3997.87,3038.17,-1498.7,UPPER,3,HETEROLITHIC
F29,1511.6,1511.8,3997.87,3038.2,-1498.9,UPPER,3,HETEROLITHIC
F29,1511.8,1512.0,3997.87,3038.23,-1499.09,UPPER,2,SAND_SHALY
F29,1512.0,1512.2,3997.86,3038.27,-1499.29,UPPER,2,SAND_SHALY
F29,1512.2,1512.4,3997.86,3038.3,-1499.49,UPPER,2,SAND_SHALY
F29,1512.4,1512.6,3997.86,3038.33,-1499.69,UPPER,2,SAND_SHALY
F29,1512.6,1512.8,3997.86,3038.37,-1499.88,UPPER,5,CEMENTED
F29,1512.8,1513.0,3997.86,3038.4,-1500.08,UPPER,5,CEMENTED
F29,1513.0,1513.2,3997.85,3038.43,-1500.28,UPPER,5,CEMENTED
F29,1513.2,1513.4,3997.85,3038.46,-1500.47,UPPER,2,SAND_SHALY
F29,1513.4,1513.6,3997.85,3038.5,-1500.67,UPPER,2,SAND_SHALY
F29,1513.6,1513.8,3997.85,3038.53,-1500.87,UPPER,2,SAND_SHALY
F29,1513.8,1514.0,3997.85,3038.56,-1501.07,UPPER,2,SAND_SHALY
F29,1514.0,1514.2,3997.85,3038.6,-1501.26,UPPER,2,SAND_SHALY
F29,1514.2,1514.4,3997.84,3038.63,-1501.46,UPPER,2,SAND_SHALY
F29,1514.4,1514.6,3997.84,3038.66,-1501.66,UPPER,1,SAND_CLEAN
F29,1514.6,1514.8,3997.84,3038.69,-1501.86,UPPER,1,SAND_CLEAN
F29,1514.8,1515.0,3997.84,3038.73,-1502.05,UPPER,1,SAND_CLEAN
F29,1515.0,1515.2,3997.84,3038.76,-1502.25,UPPER,1,SAND_CLEAN
F29,1515.2,1515.4,3997.83,3038.79,-1502.45,UPPER,1,SAND_CLEAN
F29,1515.4,1515.6,3997.83,3038.83,-1502.64,UPPER,1,SAND_CLEAN
F29,1515.6,1515.8,3997.83,3038.86,-1502.84,UPPER,2,SAND_SHALY
F29,1515.8,1516.0,3997.83,3038.89,-1503.04,UPPER,2,SAND_SHALY
F29,1516.0,1516.2,3997.83,3038.92,-1503.24,LOWER,2,SAND_SHALY
F29,1516.2,1516.4,3997.82,3038.96,-1503.43,LOWER,3,HETEROLITHIC
F29,1516.4,1516.6,3997.82,3038.99,-1503.63,LOWER,3,HETEROLITHIC
F29,1516.6,1516.8,3997.82,3039.02,-1503.83,LOWER,3,HETEROLITHIC
F29,1516.8,1517.0,3997.82,3039.06,-1504.03,LOWER,2,SAND_SHALY
F29,1517.0,1517.2,3997.82,3039.09,-1504.22,LOWER,2,SAND_SHALY
F29,1517.2,1517.4,3997.82,3039.12,-1504.42,LOWER,2,SAND_SHALY
F29,1517.4,1517.6,3997.81,3039.15,-1504.62,LOWER,2,SAND_SHALY
F29,1517.6,1517.8,3997.81,3039.19,-1504.81,LOWER,5,CEMENTED
F29,1517.8,1518.0,3997.81,3039.22,-1505.01,LOWER,3,HETEROLITHIC
F29,1518.0,1518.2,3997.81,3039.25,-1505.21,LOWER,3,HETEROLITHIC
F29,1518.2,1518.4,3997.81,3039.29,-1505.41,LOWER,2,SAND_SHALY
F29,1518.4,1518.6,3997.8,3039.32,-1505.6,LOWER,2,SAND_SHALY
F29,1518.6,1518.8,3997.8,3039.35,-1505.8,LOWER,2,SAND_SHALY
F29,1518.8,1519.0,3997.8,3039.38,-1506.0,LOWER,3,HETEROLITHIC
F29,1519.0,1519.2,3997.8,3039.42,-1506.2,LOWER,3,HETEROLITHIC
F29,1519.2,1519.4,3997.8,3039.45,-1506.39,LOWER,3,HETEROLITHIC
F29,1519.4,1519.6,3997.8,3039.48,-1506.59,LOWER,3,HETEROLITHIC
F29,1519.6,1519.8,3997.79,3039.52,-1506.79,LOWER,3,HETEROLITHIC
F29,1519.8,1520.0,3997.79,3039.55,-1506.98,LOWER,4,SHALE
F29,1520.0,1520.2,3997.79,3039.58,-1507.18,LOWER,4,SHALE
F29,1520.2,1520.4,3997.79,3039.61,-1507.38,LOWER,4,SHALE
F29,1520.4,1520.6,3997.79,3039.65,-1507.58,LOWER,4,SHALE
F29,1520.6,1520.8,3997.78,3039.68,-1507.77,LOWER,4,SHALE
F29,1520.8,1521.0,3997.78,3039.71,-1507.97,LOWER,4,SHALE
F29,1521.0,1521.2,3997.78,3039.75,-1508.17,LOWER,3,HETEROLITHIC
F29,1521.2,1521.4,3997.78,3039.78,-1508.37,LOWER,3,HETEROLITHIC
F29,1521.4,1521.6,3997.78,3039.81,-1508.56,LOWER,3,HETEROLITHIC
F29,1521.6,1521.8,3997.78,3039.84,-1508.76,LOWER,3,HETEROLITHIC
F29,1521.8,1522.0,3997.77,3039.88,-1508.96,LOWER,3,HETEROLITHIC
F29,1522.0,1522.2,3997.77,3039.91,-1509.16,LOWER,3,HETEROLITHIC
F30,1499.4,1499.6,1500.0,3200.0,-1489.5,UPPER,4,SHALE
F30,1499.6,1499.8,1500.0,3200.0,-1489.7,UPPER,4,SHALE
F30,1499.8,1500.0,1500.0,3200.0,-1489.9,UPPER,4,SHALE
F30,1500.0,1500.2,1500.0,3200.0,-1490.1,UPPER,4,SHALE
F30,1500.2,1500.4,1500.0,3200.0,-1490.3,UPPER,4,SHALE
F30,1500.4,1500.6,1500.0,3200.0,-1490.5,UPPER,4,SHALE
F30,1500.6,1500.8,1500.0,3200.0,-1490.7,UPPER,2,SAND_SHALY
F30,1500.8,1501.0,1500.0,3200.0,-1490.9,UPPER,1,SAND_CLEAN
F30,1501.0,1501.2,1500.0,3200.0,-1491.1,UPPER,1,SAND_CLEAN
F30,1501.2,1501.4,1500.0,3200.0,-1491.3,UPPER,1,SAND_CLEAN
F30,1501.4,1501.6,1500.0,3200.0,-1491.5,UPPER,1,SAND_CLEAN
F30,1501.6,1501.8,1500.0,3200.0,-1491.7,UPPER,1,SAND_CLEAN
F30,1501.8,1502.0,1500.0,3200.0,-1491.9,UPPER,1,SAND_CLEAN
F30,1502.0,1502.2,1500.0,3200.0,-1492.1,UPPER,1,SAND_CLEAN
F30,1502.2,1502.4,1500.0,3200.0,-1492.3,UPPER,1,SAND_CLEAN
F30,1502.4,1502.6,1500.0,3200.0,-1492.5,UPPER,2,SAND_SHALY
F30,1502.6,1502.8,1500.0,3200.0,-1492.7,UPPER,3,HETEROLITHIC
F30,1502.8,1503.0,1500.0,3200.0,-1492.9,UPPER,3,HETEROLITHIC
F30,1503.0,1503.2,1500.0,3200.0,-1493.1,UPPER,4,SHALE
F30,1503.2,1503.4,1500.0,3200.0,-1493.3,UPPER,4,SHALE
F30,1503.4,1503.6,1500.0,3200.0,-1493.5,UPPER,3,HETEROLITHIC
F30,1503.6,1503.8,1500.0,3200.0,-1493.7,UPPER,3,HETEROLITHIC
F30,1503.8,1504.0,1500.0,3200.0,-1493.9,UPPER,3,HETEROLITHIC
F30,1504.0,1504.2,1500.0,3200.0,-1494.1,UPPER,2,SAND_SHALY
F30,1504.2,1504.4,1500.0,3200.0,-1494.3,UPPER,2,SAND_SHALY
F30,1504.4,1504.6,1500.0,3200.0,-1494.5,UPPER,1,SAND_CLEAN
F30,1504.6,1504.8,1500.0,3200.0,-1494.7,UPPER,1,SAND_CLEAN
F30,1504.8,1505.0,1500.0,3200.0,-1494.9,UPPER,5,CEMENTED
F30,1505.0,1505.2,1500.0,3200.0,-1495.1,UPPER,1,SAND_CLEAN
F30,1505.2,1505.4,1500.0,3200.0,-1495.3,UPPER,1,SAND_CLEAN
F30,1505.4,1505.6,1500.0,3200.0,-1495.5,UPPER,1,SAND_CLEAN
F30,1505.6,1505.8,1500.0,3200.0,-1495.7,UPPER,1,SAND_CLEAN
F30,1505.8,1506.0,1500.0,3200.0,-1495.9,UPPER,1,SAND_CLEAN
F30,1506.0,1506.2,1500.0,3200.0,-1496.1,UPPER,1,SAND_CLEAN
F30,1506.2,1506.4,1500.0,3200.0,-1496.3,UPPER,2,SAND_SHALY
F30,1506.4,1506.6,1500.0,3200.0,-1496.5,UPPER,3,HETEROLITHIC
F30,1506.6,1506.8,1500.0,3200.0,-1496.7,UPPER,3,HETEROLITHIC
F30,1506.8,1507.0,1500.0,3200.0,-1496.9,UPPER,4,SHALE
F30,1507.0,1507.2,1500.0,3200.0,-1497.1,UPPER,4,SHALE
F30,1507.2,1507.4,1500.0,3200.0,-1497.3,UPPER,3,HETEROLITHIC
F30,1507.4,1507.6,1500.0,3200.0,-1497.5,UPPER,3,HETEROLITHIC
F30,1507.6,1507.8,1500.0,3200.0,-1497.7,UPPER,3,HETEROLITHIC
F30,1507.8,1508.0,1500.0,3200.0,-1497.9,UPPER,2,SAND_SHALY
F30,1508.0,1508.2,1500.0,3200.0,-1498.1,UPPER,2,SAND_SHALY
F30,1508.2,1508.4,1500.0,3200.0,-1498.3,UPPER,2,SAND_SHALY
F30,1508.4,1508.6,1500.0,3200.0,-1498.5,UPPER,2,SAND_SHALY
F30,1508.6,1508.8,1500.0,3200.0,-1498.7,UPPER,1,SAND_CLEAN
F30,1508.8,1509.0,1500.0,3200.0,-1498.9,UPPER,1,SAND_CLEAN
F30,1509.0,1509.2,1500.0,3200.0,-1499.1,UPPER,1,SAND_CLEAN
F30,1509.2,1509.4,1500.0,3200.0,-1499.3,UPPER,1,SAND_CLEAN
F30,1509.4,1509.6,1500.0,3200.0,-1499.5,LOWER,4,SHALE
F30,1509.6,1509.8,1500.0,3200.0,-1499.7,LOWER,4,SHALE
F30,1509.8,1510.0,1500.0,3200.0,-1499.9,LOWER,3,HETEROLITHIC
F30,1510.0,1510.2,1500.0,3200.0,-1500.1,LOWER,1,SAND_CLEAN
F30,1510.2,1510.4,1500.0,3200.0,-1500.3,LOWER,1,SAND_CLEAN
F30,1510.4,1510.6,1500.0,3200.0,-1500.5,LOWER,1,SAND_CLEAN
F30,1510.6,1510.8,1500.0,3200.0,-1500.7,LOWER,1,SAND_CLEAN
F30,1510.8,1511.0,1500.0,3200.0,-1500.9,LOWER,3,HETEROLITHIC
F30,1511.0,1511.2,1500.0,3200.0,-1501.1,LOWER,4,SHALE
F30,1511.2,1511.4,1500.0,3200.0,-1501.3,LOWER,4,SHALE
F30,1511.4,1511.6,1500.0,3200.0,-1501.5,LOWER,3,HETEROLITHIC
F30,1511.6,1511.8,1500.0,3200.0,-1501.7,LOWER,2,SAND_SHALY
F30,1511.8,1512.0,1500.0,3200.0,-1501.9,LOWER,1,SAND_CLEAN
F30,1512.0,1512.2,1500.0,3200.0,-1502.1,LOWER,1,SAND_CLEAN
F30,1512.2,1512.4,1500.0,3200.0,-1502.3,LOWER,1,SAND_CLEAN
F30,1512.4,1512.6,1500.0,3200.0,-1502.5,LOWER,1,SAND_CLEAN
F30,1512.6,1512.8,1500.0,3200.0,-1502.7,LOWER,3,HETEROLITHIC
F30,1512.8,1513.0,1500.0,3200.0,-1502.9,LOWER,3,HETEROLITHIC
F30,1513.0,1513.2,1500.0,3200.0,-1503.1,LOWER,3,HETEROLITHIC
F30,1513.2,1513.4,1500.0,3200.0,-1503.3,LOWER,3,HETEROLITHIC
F30,1513.4,1513.6,1500.0,3200.0,-1503.5,LOWER,3,HETEROLITHIC
F30,1513.6,1513.8,1500.0,3200.0,-1503.7,LOWER,3,HETEROLITHIC
F30,1513.8,1514.0,1500.0,3200.0,-1503.9,LOWER,5,CEMENTED
F30,1514.0,1514.2,1500.0,3200.0,-1504.1,LOWER,1,SAND_CLEAN
F30,1514.2,1514.4,1500.0,3200.0,-1504.3,LOWER,2,SAND_SHALY
F30,1514.4,1514.6,1500.0,3200.0,-1504.5,LOWER,2,SAND_SHALY
F30,1514.6,1514.8,1500.0,3200.0,-1504.7,LOWER,2,SAND_SHALY
F30,1514.8,1515.0,1500.0,3200.0,-1504.9,LOWER,3,HETEROLITHIC
