X,Y,TOP_Z,MID_Z,BASE_Z
0.0,0.0,-1474.5,-1483.09,-1490.72
50.0,0.0,-1475.43,-1483.82,-1491.58
100.0,0.0,-1476.38,-1484.58,-1492.46
150.0,0.0,-1477.35,-1485.37,-1493.38
200.0,0.0,-1478.34,-1486.21,-1494.32
250.0,0.0,-1479.34,-1487.09,-1495.3
300.0,0.0,-1480.36,-1488.01,-1496.31
350.0,0.0,-1481.4,-1488.97,-1497.35
400.0,0.0,-1482.44,-1489.99,-1498.42
450.0,0.0,-1483.49,-1491.04,-1499.52
500.0,0.0,-1484.54,-1492.14,-1500.64
550.0,0.0,-1485.6,-1493.28,-1501.79
600.0,0.0,-1486.65,-1494.44,-1502.95
650.0,0.0,-1487.69,-1495.64,-1504.13
700.0,0.0,-1488.72,-1496.84,-1505.31
750.0,0.0,-1489.73,-1498.06,-1506.49
800.0,0.0,-1490.72,-1499.27,-1507.66
850.0,0.0,-1491.68,-1500.47,-1508.81
900.0,0.0,-1492.6,-1501.65,-1509.93
950.0,0.0,-1493.49,-1502.78,-1511.02
1000.0,0.0,-1494.34,-1503.87,-1512.06
1050.0,0.0,-1495.13,-1504.91,-1513.05
1100.0,0.0,-1495.88,-1505.88,-1513.98
1150.0,0.0,-1496.58,-1506.77,-1514.85
1200.0,0.0,-1497.21,-1507.59,-1515.65
1250.0,0.0,-1497.79,-1508.33,-1516.37
1300.0,0.0,-1498.31,-1508.99,-1517.03
1350.0,0.0,-1498.76,-1509.56,-1517.61
1400.0,0.0,-1499.15,-1510.05,-1518.11
1450.0,0.0,-1499.48,-1510.47,-1518.55
1500.0,0.0,-1499.75,-1510.81,-1518.92
1550.0,0.0,-1499.96,-1511.07,-1519.22
1600.0,0.0,-1500.11,-1511.27,-1519.46
1650.0,0.0,-1500.2,-1511.41,-1519.64
1700.0,0.0,-1500.24,-1511.49,-1519.76
1750.0,0.0,-1500.23,-1511.51,-1519.83
1800.0,0.0,-1500.18,-1511.48,-1519.84
1850.0,0.0,-1500.09,-1511.4,-1519.8
1900.0,0.0,-1499.95,-1511.28,-1519.7
1950.0,0.0,-1499.78,-1511.11,-1519.56
2000.0,0.0,-1499.59,-1510.89,-1519.37
2050.0,0.0,-1499.36,-1510.64,-1519.12
2100.0,0.0,-1499.11,-1510.34,-1518.83
2150.0,0.0,-1498.85,-1510.0,-1518.48
2200.0,0.0,-1498.56,-1509.62,-1518.1
2250.0,0.0,-1498.26,-1509.2,-1517.66
2300.0,0.0,-1497.95,-1508.76,-1517.19
2350.0,0.0,-1497.63,-1508.28,-1516.68
2400.0,0.0,-1497.3,-1507.78,-1516.14
2450.0,0.0,-1496.97,-1507.26,-1515.57
2500.0,0.0,-1496.62,-1506.73,-1514.97
2550.0,0.0,-1496.27,-1506.18,-1514.35
2600.0,0.0,-1495.91,-1505.62,-1513.72
2650.0,0.0,-1495.54,-1505.06,-1513.07
2700.0,0.0,-1495.16,-1504.49,-1512.4
2750.0,0.0,-1494.78,-1503.92,-1511.73
2800.0,0.0,-1494.38,-1503.34,-1511.04
2850.0,0.0,-1493.97,-1502.75,-1510.33
2900.0,0.0,-1493.55,-1502.15,-1509.61
2950.0,0.0,-1493.12,-1501.55,-1508.88
3000.0,0.0,-1492.67,-1500.92,-1508.12
3050.0,0.0,-1492.21,-1500.28,-1507.34
3100.0,0.0,-1491.73,-1499.62,-1506.54
3150.0,0.0,-1491.25,-1498.94,-1505.72
3200.0,0.0,-1490.75,-1498.24,-1504.87
3250.0,0.0,-1490.23,-1497.52,-1504.01
3300.0,0.0,-1489.71,-1496.79,-1503.13
3350.0,0.0,-1489.18,-1496.04,-1502.25
3400.0,0.0,-1488.65,-1495.29,-1501.37
3450.0,0.0,-1488.11,-1494.54,-1500.5
3500.0,0.0,-1487.58,-1493.81,-1499.65
3550.0,0.0,-1487.05,-1493.09,-1498.83
3600.0,0.0,-1486.53,-1492.41,-1498.05
3650.0,0.0,-1486.02,-1491.76,-1497.32
3700.0,0.0,-1485.53,-1491.16,-1496.64
3750.0,0.0,-1485.06,-1490.62,-1496.04
3800.0,0.0,-1484.62,-1490.13,-1495.5
3850.0,0.0,-1484.2,-1489.71,-1495.04
3900.0,0.0,-1483.83,-1489.35,-1494.65
3950.0,0.0,-1483.49,-1489.05,-1494.34
4000.0,0.0,-1483.2,-1488.82,-1494.1
4050.0,0.0,-1482.95,-1488.65,-1493.93
4100.0,0.0,-1482.76,-1488.54,-1493.84
4150.0,0.0,-1482.62,-1488.49,-1493.8
4200.0,0.0,-1482.53,-1488.48,-1493.82
4250.0,0.0,-1482.51,-1488.52,-1493.9
4300.0,0.0,-1482.54,-1488.61,-1494.03
4350.0,0.0,-1482.64,-1488.74,-1494.21
4400.0,0.0,-1482.8,-1488.91,-1494.43
4450.0,0.0,-1483.02,-1489.13,-1494.71
4500.0,0.0,-1483.31,-1489.4,-1495.04
4550.0,0.0,-1483.66,-1489.72,-1495.43
4600.0,0.0,-1484.07,-1490.09,-1495.88
4650.0,0.0,-1484.54,-1490.52,-1496.39
4700.0,0.0,-1485.08,-1491.02,-1496.97
4750.0,0.0,-1485.67,-1491.58,-1497.63
4800.0,0.0,-1486.32,-1492.22,-1498.36
4850.0,0.0,-1487.03,-1492.93,-1499.18
4900.0,0.0,-1487.79,-1493.72,-1500.08
4950.0,0.0,-1488.6,-1494.58,-1501.07
5000.0,0.0,-1489.45,-1495.52,-1502.13
0.0,50.0,-1474.15,-1482.56,-1490.05
50.0,50.0,-1475.08,-1483.28,-1490.89
100.0,50.0,-1476.03,-1484.04,-1491.76
150.0,50.0,-1477.0,-1484.83,-1492.66
200.0,50.0,-1477.99,-1485.66,-1493.6
250.0,50.0,-1478.99,-1486.54,-1494.57
300.0,50.0,-1480.01,-1487.46,-1495.57
350.0,50.0,-1481.05,-1488.43,-1496.61
400.0,50.0,-1482.1,-1489.45,-1497.69
450.0,50.0,-1483.15,-1490.51,-1498.79
500.0,50.0,-1484.22,-1491.61,-1499.92
550.0,50.0,-1485.28,-1492.76,-1501.08
600.0,50.0,-1486.34,-1493.94,-1502.26
650.0,50.0,-1487.39,-1495.14,-1503.46
700.0,50.0,-1488.43,-1496.37,-1504.66
750.0,50.0,-1489.45,-1497.6,-1505.86
800.0,50.0,-1490.45,-1498.83,-1507.05
850.0,50.0,-1491.42,-1500.05,-1508.22
900.0,50.0,-1492.36,-1501.25,-1509.37
950.0,50.0,-1493.26,-1502.4,-1510.47
1000.0,50.0,-1494.11,-1503.52,-1511.54
1050.0,50.0,-1494.93,-1504.58,-1512.55
1100.0,50.0,-1495.69,-1505.57,-1513.5
1150.0,50.0,-1496.39,-1506.49,-1514.38
1200.0,50.0,-1497.04,-1507.33,-1515.2
1250.0,50.0,-1497.63,-1508.09,-1515.94
1300.0,50.0,-1498.16,-1508.77,-1516.6
1350.0,50.0,-1498.63,-1509.36,-1517.19
1400.0,50.0,-1499.04,-1509.88,-1517.71
1450.0,50.0,-1499.38,-1510.31,-1518.16
1500.0,50.0,-1499.67,-1510.67,-1518.54
1550.0,50.0,-1499.89,-1510.95,-1518.85
1600.0,50.0,-1500.06,-1511.17,-1519.1
1650.0,50.0,-1500.17,-1511.33,-1519.3
1700.0,50.0,-1500.23,-1511.42,-1519.43
1750.0,50.0,-1500.23,-1511.47,-1519.52
1800.0,50.0,-1500.2,-1511.46,-1519.55
1850.0,50.0,-1500.12,-1511.4,-1519.54
1900.0,50.0,-1500.01,-1511.29,-1519.47
1950.0,50.0,-1499.86,-1511.14,-1519.36
2000.0,50.0,-1499.68,-1510.94,-1519.2
2050.0,50.0,-1499.47,-1510.7,-1518.99
2100.0,50.0,-1499.24,-1510.42,-1518.74
2150.0,50.0,-1498.99,-1510.1,-1518.44
2200.0,50.0,-1498.72,-1509.74,-1518.09
2250.0,50.0,-1498.44,-1509.34,-1517.71
2300.0,50.0,-1498.14,-1508.91,-1517.28
2350.0,50.0,-1497.83,-1508.45,-1516.82
2400.0,50.0,-1497.52,-1507.96,-1516.33
2450.0,50.0,-1497.19,-1507.46,-1515.81
2500.0,50.0,-1496.86,-1506.94,-1515.26
2550.0,50.0,-1496.51,-1506.4,-1514.7
2600.0,50.0,-1496.16,-1505.85,-1514.11
2650.0,50.0,-1495.8,-1505.3,-1513.5
2700.0,50.0,-1495.43,-1504.74,-1512.88
2750.0,50.0,-1495.05,-1504.17,-1512.25
2800.0,50.0,-1494.66,-1503.59,-1511.59
2850.0,50.0,-1494.25,-1503.01,-1510.92
2900.0,50.0,-1493.83,-1502.42,-1510.23
2950.0,50.0,-1493.4,-1501.81,-1509.52
3000.0,50.0,-1492.96,-1501.19,-1508.78
3050.0,50.0,-1492.5,-1500.55,-1508.02
3100.0,50.0,-1492.03,-1499.89,-1507.24
3150.0,50.0,-1491.54,-1499.21,-1506.42
3200.0,50.0,-1491.04,-1498.52,-1505.58
3250.0,50.0,-1490.53,-1497.8,-1504.73
3300.0,50.0,-1490.02,-1497.07,-1503.85
3350.0,50.0,-1489.49,-1496.33,-1502.97
3400.0,50.0,-1488.96,-1495.58,-1502.09
3450.0,50.0,-1488.43,-1494.85,-1501.22
3500.0,50.0,-1487.9,-1494.12,-1500.37
3550.0,50.0,-1487.38,-1493.42,-1499.55
3600.0,50.0,-1486.86,-1492.75,-1498.76
3650.0,50.0,-1486.36,-1492.12,-1498.03
3700.0,50.0,-1485.88,-1491.54,-1497.35
3750.0,50.0,-1485.42,-1491.01,-1496.74
3800.0,50.0,-1484.99,-1490.54,-1496.2
3850.0,50.0,-1484.59,-1490.13,-1495.73
3900.0,50.0,-1484.22,-1489.79,-1495.34
3950.0,50.0,-1483.9,-1489.51,-1495.02
4000.0,50.0,-1483.61,-1489.29,-1494.77
4050.0,50.0,-1483.38,-1489.13,-1494.59
4100.0,50.0,-1483.19,-1489.02,-1494.47
4150.0,50.0,-1483.05,-1488.97,-1494.42
4200.0,50.0,-1482.98,-1488.97,-1494.42
4250.0,50.0,-1482.95,-1489.01,-1494.47
4300.0,50.0,-1482.99,-1489.1,-1494.58
4350.0,50.0,-1483.09,-1489.23,-1494.73
4400.0,50.0,-1483.25,-1489.4,-1494.93
4450.0,50.0,-1483.47,-1489.61,-1495.18
4500.0,50.0,-1483.75,-1489.87,-1495.48
4550.0,50.0,-1484.1,-1490.18,-1495.84
4600.0,50.0,-1484.5,-1490.54,-1496.25
4650.0,50.0,-1484.96,-1490.96,-1496.73
4700.0,50.0,-1485.49,-1491.45,-1497.29
4750.0,50.0,-1486.07,-1492.0,-1497.91
4800.0,50.0,-1486.7,-1492.63,-1498.62
4850.0,50.0,-1487.39,-1493.33,-1499.41
4900.0,50.0,-1488.14,-1494.1,-1500.29
4950.0,50.0,-1488.93,-1494.96,-1501.25
5000.0,50.0,-1489.77,-1495.88,-1502.3
0.0,100.0,-1473.81,-1482.0,-1489.35
50.0,100.0,-1474.73,-1482.72,-1490.18
100.0,100.0,-1475.67,-1483.48,-1491.04
150.0,100.0,-1476.64,-1484.27,-1491.93
200.0,100.0,-1477.63,-1485.11,-1492.86
250.0,100.0,-1478.63,-1485.99,-1493.83
300.0,100.0,-1479.66,-1486.92,-1494.83
350.0,100.0,-1480.69,-1487.89,-1495.87
400.0,100.0,-1481.75,-1488.91,-1496.95
450.0,100.0,-1482.81,-1489.98,-1498.06
500.0,100.0,-1483.87,-1491.1,-1499.2
550.0,100.0,-1484.94,-1492.25,-1500.38
600.0,100.0,-1486.01,-1493.44,-1501.57
650.0,100.0,-1487.07,-1494.66,-1502.78
700.0,100.0,-1488.12,-1495.9,-1504.0
750.0,100.0,-1489.15,-1497.15,-1505.22
800.0,100.0,-1490.15,-1498.4,-1506.43
850.0,100.0,-1491.14,-1499.64,-1507.63
900.0,100.0,-1492.08,-1500.85,-1508.79
950.0,100.0,-1492.99,-1502.03,-1509.92
1000.0,100.0,-1493.86,-1503.16,-1511.01
1050.0,100.0,-1494.69,-1504.24,-1512.04
1100.0,100.0,-1495.46,-1505.25,-1513.01
1150.0,100.0,-1496.18,-1506.19,-1513.91
1200.0,100.0,-1496.84,-1507.06,-1514.74
1250.0,100.0,-1497.44,-1507.84,-1515.49
1300.0,100.0,-1497.98,-1508.53,-1516.17
1350.0,100.0,-1498.47,-1509.15,-1516.77
1400.0,100.0,-1498.89,-1509.68,-1517.3
1450.0,100.0,-1499.24,-1510.13,-1517.75
1500.0,100.0,-1499.54,-1510.51,-1518.14
1550.0,100.0,-1499.78,-1510.81,-1518.46
1600.0,100.0,-1499.96,-1511.04,-1518.73
1650.0,100.0,-1500.09,-1511.22,-1518.93
1700.0,100.0,-1500.17,-1511.33,-1519.08
1750.0,100.0,-1500.19,-1511.39,-1519.18
1800.0,100.0,-1500.17,-1511.4,-1519.23
1850.0,100.0,-1500.11,-1511.35,-1519.24
1900.0,100.0,-1500.02,-1511.26,-1519.19
1950.0,100.0,-1499.89,-1511.13,-1519.11
2000.0,100.0,-1499.72,-1510.95,-1518.97
2050.0,100.0,-1499.53,-1510.73,-1518.8
2100.0,100.0,-1499.32,-1510.46,-1518.58
2150.0,100.0,-1499.09,-1510.15,-1518.32
2200.0,100.0,-1498.83,-1509.81,-1518.01
2250.0,100.0,-1498.57,-1509.43,-1517.67
2300.0,100.0,-1498.29,-1509.01,-1517.29
2350.0,100.0,-1497.99,-1508.57,-1516.88
2400.0,100.0,-1497.69,-1508.1,-1516.44
2450.0,100.0,-1497.37,-1507.61,-1515.97
2500.0,100.0,-1497.05,-1507.1,-1515.47
2550.0,100.0,-1496.71,-1506.57,-1514.96
2600.0,100.0,-1496.37,-1506.04,-1514.42
2650.0,100.0,-1496.02,-1505.49,-1513.87
2700.0,100.0,-1495.65,-1504.94,-1513.29
2750.0,100.0,-1495.28,-1504.38,-1512.7
2800.0,100.0,-1494.89,-1503.82,-1512.09
2850.0,100.0,-1494.49,-1503.24,-1511.46
2900.0,100.0,-1494.07,-1502.65,-1510.8
2950.0,100.0,-1493.64,-1502.05,-1510.12
3000.0,100.0,-1493.2,-1501.43,-1509.41
3050.0,100.0,-1492.74,-1500.79,-1508.67
3100.0,100.0,-1492.27,-1500.14,-1507.9
3150.0,100.0,-1491.79,-1499.46,-1507.11
3200.0,100.0,-1491.29,-1498.76,-1506.28
3250.0,100.0,-1490.79,-1498.05,-1505.43
3300.0,100.0,-1490.27,-1497.32,-1504.57
3350.0,100.0,-1489.75,-1496.59,-1503.69
3400.0,100.0,-1489.23,-1495.85,-1502.81
3450.0,100.0,-1488.7,-1495.12,-1501.94
3500.0,100.0,-1488.18,-1494.41,-1501.09
3550.0,100.0,-1487.67,-1493.72,-1500.26
3600.0,100.0,-1487.16,-1493.06,-1499.48
3650.0,100.0,-1486.67,-1492.45,-1498.74
3700.0,100.0,-1486.2,-1491.88,-1498.06
3750.0,100.0,-1485.76,-1491.37,-1497.45
3800.0,100.0,-1485.34,-1490.92,-1496.9
3850.0,100.0,-1484.95,-1490.52,-1496.42
3900.0,100.0,-1484.59,-1490.19,-1496.02
3950.0,100.0,-1484.28,-1489.93,-1495.69
4000.0,100.0,-1484.01,-1489.72,-1495.43
4050.0,100.0,-1483.78,-1489.57,-1495.24
4100.0,100.0,-1483.61,-1489.48,-1495.11
4150.0,100.0,-1483.48,-1489.43,-1495.04
4200.0,100.0,-1483.41,-1489.43,-1495.02
4250.0,100.0,-1483.4,-1489.48,-1495.05
4300.0,100.0,-1483.44,-1489.57,-1495.14
4350.0,100.0,-1483.54,-1489.7,-1495.26
4400.0,100.0,-1483.71,-1489.86,-1495.44
4450.0,100.0,-1483.93,-1490.08,-1495.66
4500.0,100.0,-1484.21,-1490.33,-1495.94
4550.0,100.0,-1484.55,-1490.64,-1496.27
4600.0,100.0,-1484.94,-1491.0,-1496.66
4650.0,100.0,-1485.4,-1491.41,-1497.12
4700.0,100.0,-1485.91,-1491.89,-1497.64
4750.0,100.0,-1486.48,-1492.44,-1498.25
4800.0,100.0,-1487.11,-1493.05,-1498.93
4850.0,100.0,-1487.79,-1493.75,-1499.7
4900.0,100.0,-1488.51,-1494.51,-1500.55
4950.0,100.0,-1489.29,-1495.36,-1501.49
5000.0,100.0,-1490.12,-1496.27,-1502.51
0.0,150.0,-1473.46,-1481.42,-1488.64
50.0,150.0,-1474.37,-1482.14,-1489.46
100.0,150.0,-1475.31,-1482.9,-1490.31
150.0,150.0,-1476.28,-1483.7,-1491.2
200.0,150.0,-1477.26,-1484.55,-1492.13
250.0,150.0,-1478.27,-1485.44,-1493.09
300.0,150.0,-1479.29,-1486.37,-1494.09
350.0,150.0,-1480.33,-1487.36,-1495.14
400.0,150.0,-1481.38,-1488.39,-1496.22
450.0,150.0,-1482.45,-1489.47,-1497.34
500.0,150.0,-1483.52,-1490.59,-1498.49
550.0,150.0,-1484.6,-1491.76,-1499.67
600.0,150.0,-1485.67,-1492.96,-1500.88
650.0,150.0,-1486.73,-1494.2,-1502.11
700.0,150.0,-1487.79,-1495.45,-1503.35
750.0,150.0,-1488.83,-1496.71,-1504.58
800.0,150.0,-1489.84,-1497.98,-1505.82
850.0,150.0,-1490.83,-1499.23,-1507.03
900.0,150.0,-1491.79,-1500.46,-1508.22
950.0,150.0,-1492.71,-1501.66,-1509.37
1000.0,150.0,-1493.58,-1502.81,-1510.48
1050.0,150.0,-1494.42,-1503.91,-1511.52
1100.0,150.0,-1495.2,-1504.94,-1512.51
1150.0,150.0,-1495.93,-1505.89,-1513.43
1200.0,150.0,-1496.6,-1506.77,-1514.27
1250.0,150.0,-1497.22,-1507.57,-1515.04
1300.0,150.0,-1497.77,-1508.29,-1515.73
1350.0,150.0,-1498.26,-1508.92,-1516.34
1400.0,150.0,-1498.7,-1509.46,-1516.88
1450.0,150.0,-1499.07,-1509.93,-1517.35
1500.0,150.0,-1499.38,-1510.32,-1517.74
1550.0,150.0,-1499.64,-1510.64,-1518.07
1600.0,150.0,-1499.83,-1510.89,-1518.34
1650.0,150.0,-1499.98,-1511.08,-1518.56
1700.0,150.0,-1500.07,-1511.21,-1518.72
1750.0,150.0,-1500.11,-1511.28,-1518.83
1800.0,150.0,-1500.11,-1511.3,-1518.89
1850.0,150.0,-1500.07,-1511.28,-1518.91
1900.0,150.0,-1499.99,-1511.2,-1518.88
1950.0,150.0,-1499.87,-1511.08,-1518.81
2000.0,150.0,-1499.73,-1510.91,-1518.7
2050.0,150.0,-1499.56,-1510.71,-1518.55
2100.0,150.0,-1499.36,-1510.45,-1518.36
2150.0,150.0,-1499.14,-1510.16,-1518.13
2200.0,150.0,-1498.91,-1509.83,-1517.86
2250.0,150.0,-1498.65,-1509.47,-1517.56
2300.0,150.0,-1498.39,-1509.07,-1517.22
2350.0,150.0,-1498.11,-1508.64,-1516.86
2400.0,150.0,-1497.81,-1508.19,-1516.46
2450.0,150.0,-1497.51,-1507.71,-1516.04
2500.0,150.0,-1497.2,-1507.22,-1515.6
2550.0,150.0,-1496.87,-1506.71,-1515.13
2600.0,150.0,-1496.53,-1506.19,-1514.65
2650.0,150.0,-1496.19,-1505.65,-1514.15
2700.0,150.0,-1495.83,-1505.11,-1513.62
2750.0,150.0,-1495.46,-1504.56,-1513.08
2800.0,150.0,-1495.07,-1504.01,-1512.52
2850.0,150.0,-1494.67,-1503.44,-1511.93
2900.0,150.0,-1494.26,-1502.85,-1511.31
2950.0,150.0,-1493.83,-1502.26,-1510.67
3000.0,150.0,-1493.39,-1501.64,-1509.99
3050.0,150.0,-1492.94,-1501.01,-1509.28
3100.0,150.0,-1492.47,-1500.35,-1508.54
3150.0,150.0,-1491.99,-1499.68,-1507.76
3200.0,150.0,-1491.5,-1498.98,-1506.95
3250.0,150.0,-1490.99,-1498.27,-1506.12
3300.0,150.0,-1490.48,-1497.55,-1505.26
3350.0,150.0,-1489.97,-1496.82,-1504.39
3400.0,150.0,-1489.45,-1496.1,-1503.52
3450.0,150.0,-1488.94,-1495.38,-1502.65
3500.0,150.0,-1488.42,-1494.67,-1501.8
3550.0,150.0,-1487.92,-1494.0,-1500.98
3600.0,150.0,-1487.43,-1493.35,-1500.19
3650.0,150.0,-1486.95,-1492.75,-1499.45
3700.0,150.0,-1486.49,-1492.2,-1498.77
3750.0,150.0,-1486.06,-1491.7,-1498.15
3800.0,150.0,-1485.65,-1491.27,-1497.59
3850.0,150.0,-1485.28,-1490.89,-1497.11
3900.0,150.0,-1484.94,-1490.57,-1496.7
3950.0,150.0,-1484.64,-1490.32,-1496.36
4000.0,150.0,-1484.39,-1490.13,-1496.09
4050.0,150.0,-1484.18,-1489.99,-1495.88
4100.0,150.0,-1484.02,-1489.9,-1495.74
4150.0,150.0,-1483.9,-1489.87,-1495.65
4200.0,150.0,-1483.84,-1489.87,-1495.61
4250.0,150.0,-1483.84,-1489.92,-1495.63
4300.0,150.0,-1483.89,-1490.02,-1495.69
4350.0,150.0,-1484.0,-1490.15,-1495.8
4400.0,150.0,-1484.17,-1490.32,-1495.96
4450.0,150.0,-1484.39,-1490.53,-1496.16
4500.0,150.0,-1484.67,-1490.79,-1496.42
4550.0,150.0,-1485.01,-1491.09,-1496.73
4600.0,150.0,-1485.4,-1491.45,-1497.09
4650.0,150.0,-1485.85,-1491.86,-1497.53
4700.0,150.0,-1486.36,-1492.34,-1498.04
4750.0,150.0,-1486.92,-1492.88,-1498.62
4800.0,150.0,-1487.54,-1493.5,-1499.28
4850.0,150.0,-1488.2,-1494.18,-1500.03
4900.0,150.0,-1488.92,-1494.95,-1500.86
4950.0,150.0,-1489.68,-1495.78,-1501.78
5000.0,150.0,-1490.49,-1496.69,-1502.79
0.0,200.0,-1473.1,-1480.82,-1487.92
50.0,200.0,-1474.01,-1481.55,-1488.73
100.0,200.0,-1474.95,-1482.32,-1489.58
150.0,200.0,-1475.91,-1483.13,-1490.46
200.0,200.0,-1476.89,-1483.98,-1491.39
250.0,200.0,-1477.9,-1484.88,-1492.36
300.0,200.0,-1478.92,-1485.83,-1493.36
350.0,200.0,-1479.96,-1486.83,-1494.41
400.0,200.0,-1481.02,-1487.87,-1495.5
450.0,200.0,-1482.08,-1488.97,-1496.63
500.0,200.0,-1483.16,-1490.11,-1497.79
550.0,200.0,-1484.24,-1491.29,-1498.98
600.0,200.0,-1485.31,-1492.5,-1500.21
650.0,200.0,-1486.39,-1493.75,-1501.45
700.0,200.0,-1487.44,-1495.02,-1502.7
750.0,200.0,-1488.49,-1496.3,-1503.96
800.0,200.0,-1489.51,-1497.58,-1505.21
850.0,200.0,-1490.51,-1498.84,-1506.44
900.0,200.0,-1491.47,-1500.09,-1507.65
950.0,200.0,-1492.4,-1501.3,-1508.82
1000.0,200.0,-1493.28,-1502.47,-1509.94
1050.0,200.0,-1494.12,-1503.58,-1511.01
1100.0,200.0,-1494.91,-1504.62,-1512.01
1150.0,200.0,-1495.65,-1505.6,-1512.94
1200.0,200.0,-1496.33,-1506.49,-1513.8
1250.0,200.0,-1496.96,-1507.3,-1514.58
1300.0,200.0,-1497.52,-1508.03,-1515.29
1350.0,200.0,-1498.03,-1508.68,-1515.91
1400.0,200.0,-1498.47,-1509.24,-1516.46
1450.0,200.0,-1498.86,-1509.72,-1516.93
1500.0,200.0,-1499.19,-1510.12,-1517.34
1550.0,200.0,-1499.45,-1510.46,-1517.68
1600.0,200.0,-1499.67,-1510.72,-1517.95
1650.0,200.0,-1499.82,-1510.92,-1518.17
1700.0,200.0,-1499.93,-1511.06,-1518.34
1750.0,200.0,-1499.99,-1511.15,-1518.46
1800.0,200.0,-1500.01,-1511.18,-1518.53
1850.0,200.0,-1499.98,-1511.17,-1518.56
1900.0,200.0,-1499.92,-1511.1,-1518.54
1950.0,200.0,-1499.82,-1511.0,-1518.49
2000.0,200.0,-1499.7,-1510.84,-1518.39
2050.0,200.0,-1499.54,-1510.65,-1518.26
2100.0,200.0,-1499.36,-1510.41,-1518.09
2150.0,200.0,-1499.16,-1510.13,-1517.89
2200.0,200.0,-1498.94,-1509.82,-1517.65
2250.0,200.0,-1498.7,-1509.47,-1517.38
2300.0,200.0,-1498.45,-1509.08,-1517.08
2350.0,200.0,-1498.18,-1508.67,-1516.76
2400.0,200.0,-1497.9,-1508.23,-1516.41
2450.0,200.0,-1497.61,-1507.77,-1516.03
2500.0,200.0,-1497.3,-1507.3,-1515.64
2550.0,200.0,-1496.99,-1506.8,-1515.22
2600.0,200.0,-1496.66,-1506.3,-1514.79
2650.0,200.0,-1496.31,-1505.78,-1514.34
2700.0,200.0,-1495.96,-1505.25,-1513.87
2750.0,200.0,-1495.59,-1504.71,-1513.38
2800.0,200.0,-1495.21,-1504.17,-1512.87
2850.0,200.0,-1494.82,-1503.6,-1512.32
2900.0,200.0,-1494.41,-1503.03,-1511.75
2950.0,200.0,-1493.98,-1502.44,-1511.15
3000.0,200.0,-1493.54,-1501.83,-1510.51
3050.0,200.0,-1493.09,-1501.2,-1509.83
3100.0,200.0,-1492.62,-1500.55,-1509.12
3150.0,200.0,-1492.15,-1499.88,-1508.37
3200.0,200.0,-1491.66,-1499.19,-1507.58
3250.0,200.0,-1491.16,-1498.48,-1506.76
3300.0,200.0,-1490.66,-1497.76,-1505.92
3350.0,200.0,-1490.15,-1497.04,-1505.07
3400.0,200.0,-1489.64,-1496.32,-1504.2
3450.0,200.0,-1489.13,-1495.61,-1503.34
3500.0,200.0,-1488.63,-1494.92,-1502.5
3550.0,200.0,-1488.14,-1494.25,-1501.67
3600.0,200.0,-1487.66,-1493.62,-1500.89
3650.0,200.0,-1487.2,-1493.03,-1500.15
3700.0,200.0,-1486.75,-1492.5,-1499.46
3750.0,200.0,-1486.34,-1492.02,-1498.83
3800.0,200.0,-1485.95,-1491.59,-1498.27
3850.0,200.0,-1485.59,-1491.23,-1497.78
3900.0,200.0,-1485.27,-1490.93,-1497.36
3950.0,200.0,-1484.99,-1490.69,-1497.01
4000.0,200.0,-1484.75,-1490.51,-1496.73
4050.0,200.0,-1484.56,-1490.38,-1496.51
4100.0,200.0,-1484.41,-1490.3,-1496.35
4150.0,200.0,-1484.32,-1490.27,-1496.24
4200.0,200.0,-1484.27,-1490.29,-1496.19
4250.0,200.0,-1484.28,-1490.35,-1496.19
4300.0,200.0,-1484.34,-1490.44,-1496.24
4350.0,200.0,-1484.46,-1490.58,-1496.33
4400.0,200.0,-1484.63,-1490.75,-1496.47
4450.0,200.0,-1484.86,-1490.97,-1496.66
4500.0,200.0,-1485.14,-1491.23,-1496.9
4550.0,200.0,-1485.48,-1491.54,-1497.19
4600.0,200.0,-1485.88,-1491.9,-1497.55
4650.0,200.0,-1486.32,-1492.31,-1497.97
4700.0,200.0,-1486.83,-1492.79,-1498.46
4750.0,200.0,-1487.38,-1493.34,-1499.03
4800.0,200.0,-1487.98,-1493.95,-1499.67
4850.0,200.0,-1488.64,-1494.64,-1500.4
4900.0,200.0,-1489.34,-1495.4,-1501.22
4950.0,200.0,-1490.1,-1496.24,-1502.13
5000.0,200.0,-1490.9,-1497.14,-1503.12
0.0,250.0,-1472.75,-1480.21,-1487.19
50.0,250.0,-1473.66,-1480.95,-1487.99
100.0,250.0,-1474.59,-1481.73,-1488.84
150.0,250.0,-1475.55,-1482.55,-1489.73
200.0,250.0,-1476.52,-1483.42,-1490.66
250.0,250.0,-1477.53,-1484.34,-1491.63
300.0,250.0,-1478.55,-1485.3,-1492.64
350.0,250.0,-1479.59,-1486.31,-1493.7
400.0,250.0,-1480.65,-1487.38,-1494.8
450.0,250.0,-1481.72,-1488.48,-1495.93
500.0,250.0,-1482.79,-1489.64,-1497.11
550.0,250.0,-1483.87,-1490.83,-1498.31
600.0,250.0,-1484.95,-1492.07,-1499.55
650.0,250.0,-1486.03,-1493.33,-1500.8
700.0,250.0,-1487.09,-1494.61,-1502.07
750.0,250.0,-1488.14,-1495.9,-1503.34
800.0,250.0,-1489.16,-1497.19,-1504.61
850.0,250.0,-1490.16,-1498.47,-1505.86
900.0,250.0,-1491.13,-1499.73,-1507.08
950.0,250.0,-1492.07,-1500.95,-1508.27
1000.0,250.0,-1492.96,-1502.13,-1509.41
1050.0,250.0,-1493.8,-1503.25,-1510.49
1100.0,250.0,-1494.6,-1504.31,-1511.51
1150.0,250.0,-1495.35,-1505.3,-1512.46
1200.0,250.0,-1496.04,-1506.2,-1513.33
1250.0,250.0,-1496.67,-1507.03,-1514.13
1300.0,250.0,-1497.25,-1507.77,-1514.84
1350.0,250.0,-1497.76,-1508.43,-1515.48
1400.0,250.0,-1498.22,-1509.0,-1516.04
1450.0,250.0,-1498.62,-1509.49,-1516.52
1500.0,250.0,-1498.96,-1509.91,-1516.94
1550.0,250.0,-1499.24,-1510.25,-1517.28
1600.0,250.0,-1499.46,-1510.53,-1517.56
1650.0,250.0,-1499.64,-1510.74,-1517.79
1700.0,250.0,-1499.76,-1510.89,-1517.96
1750.0,250.0,-1499.84,-1510.99,-1518.09
1800.0,250.0,-1499.87,-1511.04,-1518.16
1850.0,250.0,-1499.86,-1511.03,-1518.2
1900.0,250.0,-1499.82,-1510.98,-1518.19
1950.0,250.0,-1499.74,-1510.88,-1518.14
2000.0,250.0,-1499.63,-1510.74,-1518.06
2050.0,250.0,-1499.49,-1510.55,-1517.94
2100.0,250.0,-1499.33,-1510.33,-1517.79
2150.0,250.0,-1499.14,-1510.06,-1517.61
2200.0,250.0,-1498.94,-1509.76,-1517.39
2250.0,250.0,-1498.71,-1509.42,-1517.15
2300.0,250.0,-1498.47,-1509.06,-1516.88
2350.0,250.0,-1498.22,-1508.66,-1516.59
2400.0,250.0,-1497.95,-1508.24,-1516.28
2450.0,250.0,-1497.67,-1507.8,-1515.95
2500.0,250.0,-1497.37,-1507.34,-1515.6
2550.0,250.0,-1497.06,-1506.86,-1515.23
2600.0,250.0,-1496.74,-1506.37,-1514.85
2650.0,250.0,-1496.4,-1505.87,-1514.45
2700.0,250.0,-1496.05,-1505.36,-1514.03
2750.0,250.0,-1495.69,-1504.83,-1513.59
2800.0,250.0,-1495.31,-1504.3,-1513.13
2850.0,250.0,-1494.92,-1503.75,-1512.64
2900.0,250.0,-1494.51,-1503.18,-1512.12
2950.0,250.0,-1494.09,-1502.6,-1511.56
3000.0,250.0,-1493.65,-1501.99,-1510.96
3050.0,250.0,-1493.2,-1501.37,-1510.32
3100.0,250.0,-1492.74,-1500.72,-1509.64
3150.0,250.0,-1492.26,-1500.05,-1508.92
3200.0,250.0,-1491.78,-1499.37,-1508.16
3250.0,250.0,-1491.29,-1498.67,-1507.37
3300.0,250.0,-1490.79,-1497.95,-1506.55
3350.0,250.0,-1490.29,-1497.24,-1505.71
3400.0,250.0,-1489.79,-1496.52,-1504.86
3450.0,250.0,-1489.29,-1495.82,-1504.01
3500.0,250.0,-1488.8,-1495.14,-1503.17
3550.0,250.0,-1488.33,-1494.49,-1502.35
3600.0,250.0,-1487.86,-1493.87,-1501.57
3650.0,250.0,-1487.41,-1493.3,-1500.83
3700.0,250.0,-1486.99,-1492.77,-1500.14
3750.0,250.0,-1486.59,-1492.31,-1499.51
3800.0,250.0,-1486.22,-1491.9,-1498.94
3850.0,250.0,-1485.88,-1491.55,-1498.44
3900.0,250.0,-1485.58,-1491.26,-1498.01
3950.0,250.0,-1485.32,-1491.03,-1497.65
4000.0,250.0,-1485.1,-1490.86,-1497.35
4050.0,250.0,-1484.93,-1490.74,-1497.12
4100.0,250.0,-1484.8,-1490.68,-1496.94
4150.0,250.0,-1484.72,-1490.66,-1496.82
4200.0,250.0,-1484.69,-1490.68,-1496.76
4250.0,250.0,-1484.72,-1490.74,-1496.74
4300.0,250.0,-1484.79,-1490.85,-1496.77
4350.0,250.0,-1484.92,-1490.99,-1496.85
4400.0,250.0,-1485.1,-1491.17,-1496.98
4450.0,250.0,-1485.34,-1491.39,-1497.15
4500.0,250.0,-1485.63,-1491.66,-1497.38
4550.0,250.0,-1485.97,-1491.97,-1497.67
4600.0,250.0,-1486.37,-1492.34,-1498.01
4650.0,250.0,-1486.81,-1492.77,-1498.42
4700.0,250.0,-1487.31,-1493.25,-1498.9
4750.0,250.0,-1487.86,-1493.8,-1499.46
4800.0,250.0,-1488.46,-1494.42,-1500.1
4850.0,250.0,-1489.1,-1495.12,-1500.82
4900.0,250.0,-1489.8,-1495.88,-1501.63
4950.0,250.0,-1490.54,-1496.71,-1502.52
5000.0,250.0,-1491.33,-1497.62,-1503.5
0.0,300.0,-1472.41,-1479.59,-1486.44
50.0,300.0,-1473.31,-1480.35,-1487.25
100.0,300.0,-1474.23,-1481.14,-1488.11
150.0,300.0,-1475.18,-1481.98,-1489.0
200.0,300.0,-1476.16,-1482.87,-1489.94
250.0,300.0,-1477.16,-1483.8,-1490.92
300.0,300.0,-1478.18,-1484.78,-1491.94
350.0,300.0,-1479.22,-1485.82,-1493.01
400.0,300.0,-1480.28,-1486.9,-1494.12
450.0,300.0,-1481.34,-1488.02,-1495.26
500.0,300.0,-1482.42,-1489.19,-1496.45
550.0,300.0,-1483.5,-1490.4,-1497.67
600.0,300.0,-1484.58,-1491.65,-1498.91
650.0,300.0,-1485.66,-1492.92,-1500.18
700.0,300.0,-1486.73,-1494.22,-1501.46
750.0,300.0,-1487.78,-1495.52,-1502.75
800.0,300.0,-1488.81,-1496.83,-1504.03
850.0,300.0,-1489.81,-1498.12,-1505.29
900.0,300.0,-1490.78,-1499.39,-1506.53
950.0,300.0,-1491.72,-1500.62,-1507.73
1000.0,300.0,-1492.61,-1501.81,-1508.88
1050.0,300.0,-1493.47,-1502.94,-1509.98
1100.0,300.0,-1494.27,-1504.01,-1511.01
1150.0,300.0,-1495.02,-1505.0,-1511.98
1200.0,300.0,-1495.72,-1505.92,-1512.86
1250.0,300.0,-1496.36,-1506.75,-1513.67
1300.0,300.0,-1496.94,-1507.5,-1514.4
1350.0,300.0,-1497.47,-1508.17,-1515.05
1400.0,300.0,-1497.94,-1508.75,-1515.62
1450.0,300.0,-1498.35,-1509.26,-1516.11
1500.0,300.0,-1498.7,-1509.68,-1516.53
1550.0,300.0,-1498.99,-1510.04,-1516.89
1600.0,300.0,-1499.23,-1510.32,-1517.18
1650.0,300.0,-1499.42,-1510.54,-1517.41
1700.0,300.0,-1499.56,-1510.7,-1517.59
1750.0,300.0,-1499.65,-1510.81,-1517.71
1800.0,300.0,-1499.7,-1510.86,-1517.79
1850.0,300.0,-1499.71,-1510.87,-1517.83
1900.0,300.0,-1499.68,-1510.82,-1517.83
1950.0,300.0,-1499.62,-1510.73,-1517.79
2000.0,300.0,-1499.53,-1510.6,-1517.71
2050.0,300.0,-1499.41,-1510.43,-1517.6
2100.0,300.0,-1499.26,-1510.21,-1517.46
2150.0,300.0,-1499.09,-1509.96,-1517.29
2200.0,300.0,-1498.9,-1509.67,-1517.09
2250.0,300.0,-1498.69,-1509.35,-1516.87
2300.0,300.0,-1498.47,-1508.99,-1516.63
2350.0,300.0,-1498.22,-1508.61,-1516.36
2400.0,300.0,-1497.96,-1508.21,-1516.09
2450.0,300.0,-1497.69,-1507.78,-1515.79
2500.0,300.0,-1497.4,-1507.34,-1515.48
2550.0,300.0,-1497.1,-1506.88,-1515.16
2600.0,300.0,-1496.79,-1506.41,-1514.83
2650.0,300.0,-1496.46,-1505.93,-1514.48
2700.0,300.0,-1496.11,-1505.43,-1514.11
2750.0,300.0,-1495.75,-1504.93,-1513.72
2800.0,300.0,-1495.38,-1504.4,-1513.31
2850.0,300.0,-1494.98,-1503.87,-1512.87
2900.0,300.0,-1494.58,-1503.31,-1512.4
2950.0,300.0,-1494.16,-1502.73,-1511.88
3000.0,300.0,-1493.72,-1502.14,-1511.33
3050.0,300.0,-1493.28,-1501.52,-1510.73
3100.0,300.0,-1492.82,-1500.88,-1510.09
3150.0,300.0,-1492.35,-1500.22,-1509.41
3200.0,300.0,-1491.87,-1499.54,-1508.68
3250.0,300.0,-1491.38,-1498.84,-1507.92
3300.0,300.0,-1490.89,-1498.13,-1507.12
3350.0,300.0,-1490.4,-1497.42,-1506.3
3400.0,300.0,-1489.91,-1496.72,-1505.47
3450.0,300.0,-1489.43,-1496.02,-1504.64
3500.0,300.0,-1488.95,-1495.35,-1503.81
3550.0,300.0,-1488.48,-1494.71,-1503.0
3600.0,300.0,-1488.04,-1494.1,-1502.22
3650.0,300.0,-1487.61,-1493.54,-1501.49
3700.0,300.0,-1487.2,-1493.03,-1500.8
3750.0,300.0,-1486.82,-1492.58,-1500.16
3800.0,300.0,-1486.47,-1492.18,-1499.59
3850.0,300.0,-1486.16,-1491.85,-1499.08
3900.0,300.0,-1485.88,-1491.57,-1498.64
3950.0,300.0,-1485.64,-1491.35,-1498.26
4000.0,300.0,-1485.44,-1491.19,-1497.95
4050.0,300.0,-1485.29,-1491.09,-1497.7
4100.0,300.0,-1485.18,-1491.03,-1497.51
4150.0,300.0,-1485.12,-1491.02,-1497.38
4200.0,300.0,-1485.11,-1491.05,-1497.3
4250.0,300.0,-1485.15,-1491.12,-1497.27
4300.0,300.0,-1485.25,-1491.23,-1497.29
4350.0,300.0,-1485.39,-1491.38,-1497.36
4400.0,300.0,-1485.58,-1491.57,-1497.47
4450.0,300.0,-1485.83,-1491.8,-1497.64
4500.0,300.0,-1486.12,-1492.08,-1497.86
4550.0,300.0,-1486.47,-1492.41,-1498.14
4600.0,300.0,-1486.87,-1492.78,-1498.48
4650.0,300.0,-1487.32,-1493.22,-1498.89
4700.0,300.0,-1487.81,-1493.72,-1499.37
4750.0,300.0,-1488.36,-1494.28,-1499.92
4800.0,300.0,-1488.95,-1494.91,-1500.55
4850.0,300.0,-1489.59,-1495.61,-1501.27
4900.0,300.0,-1490.28,-1496.38,-1502.07
4950.0,300.0,-1491.02,-1497.22,-1502.95
5000.0,300.0,-1491.79,-1498.13,-1503.92
0.0,350.0,-1472.07,-1478.99,-1485.7
50.0,350.0,-1472.96,-1479.75,-1486.52
100.0,350.0,-1473.88,-1480.56,-1487.38
150.0,350.0,-1474.83,-1481.42,-1488.28
200.0,350.0,-1475.8,-1482.33,-1489.23
250.0,350.0,-1476.8,-1483.28,-1490.22
300.0,350.0,-1477.82,-1484.29,-1491.26
350.0,350.0,-1478.85,-1485.34,-1492.34
400.0,350.0,-1479.91,-1486.44,-1493.46
450.0,350.0,-1480.98,-1487.58,-1494.62
500.0,350.0,-1482.05,-1488.77,-1495.82
550.0,350.0,-1483.13,-1490.0,-1497.05
600.0,350.0,-1484.21,-1491.26,-1498.31
650.0,350.0,-1485.29,-1492.55,-1499.59
700.0,350.0,-1486.36,-1493.85,-1500.88
750.0,350.0,-1487.41,-1495.17,-1502.18
800.0,350.0,-1488.44,-1496.48,-1503.47
850.0,350.0,-1489.44,-1497.78,-1504.74
900.0,350.0,-1490.42,-1499.06,-1505.99
950.0,350.0,-1491.36,-1500.3,-1507.2
1000.0,350.0,-1492.25,-1501.49,-1508.37
1050.0,350.0,-1493.11,-1502.63,-1509.48
1100.0,350.0,-1493.92,-1503.71,-1510.52
1150.0,350.0,-1494.67,-1504.71,-1511.5
1200.0,350.0,-1495.38,-1505.63,-1512.39
1250.0,350.0,-1496.03,-1506.47,-1513.22
1300.0,350.0,-1496.62,-1507.23,-1513.96
1350.0,350.0,-1497.15,-1507.9,-1514.62
1400.0,350.0,-1497.63,-1508.5,-1515.2
1450.0,350.0,-1498.05,-1509.01,-1515.7
1500.0,350.0,-1498.41,-1509.44,-1516.13
1550.0,350.0,-1498.72,-1509.8,-1516.5
1600.0,350.0,-1498.97,-1510.1,-1516.79
1650.0,350.0,-1499.17,-1510.33,-1517.03
1700.0,350.0,-1499.33,-1510.5,-1517.21
1750.0,350.0,-1499.44,-1510.61,-1517.35
1800.0,350.0,-1499.5,-1510.67,-1517.43
1850.0,350.0,-1499.53,-1510.68,-1517.47
1900.0,350.0,-1499.52,-1510.64,-1517.47
1950.0,350.0,-1499.47,-1510.56,-1517.43
2000.0,350.0,-1499.4,-1510.43,-1517.35
2050.0,350.0,-1499.29,-1510.27,-1517.25
2100.0,350.0,-1499.16,-1510.06,-1517.11
2150.0,350.0,-1499.01,-1509.82,-1516.95
2200.0,350.0,-1498.83,-1509.54,-1516.77
2250.0,350.0,-1498.64,-1509.23,-1516.56
2300.0,350.0,-1498.43,-1508.9,-1516.33
2350.0,350.0,-1498.2,-1508.53,-1516.1
2400.0,350.0,-1497.95,-1508.14,-1515.84
2450.0,350.0,-1497.69,-1507.74,-1515.58
2500.0,350.0,-1497.41,-1507.32,-1515.31
2550.0,350.0,-1497.11,-1506.88,-1515.03
2600.0,350.0,-1496.8,-1506.43,-1514.73
2650.0,350.0,-1496.48,-1505.96,-1514.43
2700.0,350.0,-1496.14,-1505.48,-1514.11
2750.0,350.0,-1495.78,-1504.99,-1513.77
2800.0,350.0,-1495.41,-1504.48,-1513.41
2850.0,350.0,-1495.02,-1503.96,-1513.01
2900.0,350.0,-1494.61,-1503.42,-1512.59
2950.0,350.0,-1494.2,-1502.85,-1512.12
3000.0,350.0,-1493.76,-1502.27,-1511.62
3050.0,350.0,-1493.32,-1501.66,-1511.07
3100.0,350.0,-1492.86,-1501.02,-1510.47
3150.0,350.0,-1492.4,-1500.37,-1509.82
3200.0,350.0,-1491.92,-1499.69,-1509.13
3250.0,350.0,-1491.44,-1499.0,-1508.4
3300.0,350.0,-1490.96,-1498.3,-1507.64
3350.0,350.0,-1490.48,-1497.6,-1506.84
3400.0,350.0,-1490.0,-1496.9,-1506.04
3450.0,350.0,-1489.53,-1496.22,-1505.22
3500.0,350.0,-1489.07,-1495.55,-1504.41
3550.0,350.0,-1488.62,-1494.92,-1503.62
3600.0,350.0,-1488.19,-1494.33,-1502.85
3650.0,350.0,-1487.78,-1493.78,-1502.12
3700.0,350.0,-1487.39,-1493.28,-1501.43
3750.0,350.0,-1487.04,-1492.84,-1500.79
3800.0,350.0,-1486.71,-1492.45,-1500.22
3850.0,350.0,-1486.42,-1492.13,-1499.7
3900.0,350.0,-1486.16,-1491.87,-1499.25
3950.0,350.0,-1485.95,-1491.66,-1498.86
4000.0,350.0,-1485.77,-1491.51,-1498.53
4050.0,350.0,-1485.64,-1491.41,-1498.27
4100.0,350.0,-1485.56,-1491.36,-1498.07
4150.0,350.0,-1485.52,-1491.36,-1497.92
4200.0,350.0,-1485.53,-1491.4,-1497.82
4250.0,350.0,-1485.59,-1491.48,-1497.78
4300.0,350.0,-1485.7,-1491.6,-1497.79
4350.0,350.0,-1485.86,-1491.76,-1497.84
4400.0,350.0,-1486.07,-1491.96,-1497.95
4450.0,350.0,-1486.33,-1492.2,-1498.11
4500.0,350.0,-1486.63,-1492.49,-1498.33
4550.0,350.0,-1486.99,-1492.83,-1498.61
4600.0,350.0,-1487.39,-1493.23,-1498.95
4650.0,350.0,-1487.84,-1493.68,-1499.36
4700.0,350.0,-1488.34,-1494.19,-1499.84
4750.0,350.0,-1488.88,-1494.76,-1500.39
4800.0,350.0,-1489.47,-1495.4,-1501.03
4850.0,350.0,-1490.11,-1496.12,-1501.75
4900.0,350.0,-1490.79,-1496.9,-1502.54
4950.0,350.0,-1491.52,-1497.74,-1503.43
5000.0,350.0,-1492.29,-1498.66,-1504.39
0.0,400.0,-1471.74,-1478.39,-1484.96
50.0,400.0,-1472.63,-1479.17,-1485.79
100.0,400.0,-1473.54,-1480.0,-1486.66
150.0,400.0,-1474.48,-1480.88,-1487.58
200.0,400.0,-1475.45,-1481.81,-1488.54
250.0,400.0,-1476.44,-1482.78,-1489.55
300.0,400.0,-1477.46,-1483.81,-1490.61
350.0,400.0,-1478.49,-1484.88,-1491.7
400.0,400.0,-1479.55,-1486.0,-1492.84
450.0,400.0,-1480.61,-1487.17,-1494.01
500.0,400.0,-1481.68,-1488.38,-1495.23
550.0,400.0,-1482.76,-1489.62,-1496.47
600.0,400.0,-1483.84,-1490.9,-1497.74
650.0,400.0,-1484.92,-1492.2,-1499.03
700.0,400.0,-1485.98,-1493.51,-1500.33
750.0,400.0,-1487.03,-1494.84,-1501.63
800.0,400.0,-1488.06,-1496.16,-1502.93
850.0,400.0,-1489.07,-1497.46,-1504.21
900.0,400.0,-1490.04,-1498.75,-1505.47
950.0,400.0,-1490.98,-1499.99,-1506.69
1000.0,400.0,-1491.88,-1501.19,-1507.86
1050.0,400.0,-1492.74,-1502.33,-1508.98
1100.0,400.0,-1493.55,-1503.41,-1510.03
1150.0,400.0,-1494.31,-1504.41,-1511.01
1200.0,400.0,-1495.02,-1505.34,-1511.93
1250.0,400.0,-1495.67,-1506.19,-1512.76
1300.0,400.0,-1496.27,-1506.95,-1513.51
1350.0,400.0,-1496.81,-1507.63,-1514.18
1400.0,400.0,-1497.3,-1508.23,-1514.78
1450.0,400.0,-1497.72,-1508.75,-1515.29
1500.0,400.0,-1498.1,-1509.19,-1515.73
1550.0,400.0,-1498.42,-1509.56,-1516.11
1600.0,400.0,-1498.69,-1509.86,-1516.41
1650.0,400.0,-1498.9,-1510.09,-1516.66
1700.0,400.0,-1499.07,-1510.27,-1516.85
1750.0,400.0,-1499.2,-1510.39,-1516.98
1800.0,400.0,-1499.28,-1510.45,-1517.07
1850.0,400.0,-1499.32,-1510.47,-1517.11
1900.0,400.0,-1499.33,-1510.44,-1517.11
1950.0,400.0,-1499.3,-1510.36,-1517.08
2000.0,400.0,-1499.24,-1510.24,-1517.0
2050.0,400.0,-1499.15,-1510.08,-1516.9
2100.0,400.0,-1499.04,-1509.89,-1516.76
2150.0,400.0,-1498.9,-1509.65,-1516.61
2200.0,400.0,-1498.74,-1509.39,-1516.43
2250.0,400.0,-1498.56,-1509.09,-1516.23
2300.0,400.0,-1498.36,-1508.77,-1516.02
2350.0,400.0,-1498.14,-1508.42,-1515.8
2400.0,400.0,-1497.91,-1508.05,-1515.56
2450.0,400.0,-1497.65,-1507.66,-1515.33
2500.0,400.0,-1497.38,-1507.26,-1515.08
2550.0,400.0,-1497.09,-1506.84,-1514.83
2600.0,400.0,-1496.79,-1506.41,-1514.57
2650.0,400.0,-1496.47,-1505.97,-1514.31
2700.0,400.0,-1496.13,-1505.51,-1514.03
2750.0,400.0,-1495.78,-1505.03,-1513.74
2800.0,400.0,-1495.41,-1504.55,-1513.42
2850.0,400.0,-1495.02,-1504.04,-1513.07
2900.0,400.0,-1494.62,-1503.51,-1512.69
2950.0,400.0,-1494.21,-1502.96,-1512.28
3000.0,400.0,-1493.78,-1502.38,-1511.82
3050.0,400.0,-1493.33,-1501.78,-1511.31
3100.0,400.0,-1492.88,-1501.15,-1510.76
3150.0,400.0,-1492.42,-1500.5,-1510.15
3200.0,400.0,-1491.95,-1499.84,-1509.5
3250.0,400.0,-1491.48,-1499.15,-1508.81
3300.0,400.0,-1491.01,-1498.46,-1508.08
3350.0,400.0,-1490.53,-1497.76,-1507.32
3400.0,400.0,-1490.07,-1497.08,-1506.54
3450.0,400.0,-1489.61,-1496.4,-1505.75
3500.0,400.0,-1489.16,-1495.75,-1504.96
3550.0,400.0,-1488.73,-1495.13,-1504.19
3600.0,400.0,-1488.32,-1494.54,-1503.43
3650.0,400.0,-1487.93,-1494.01,-1502.71
3700.0,400.0,-1487.57,-1493.52,-1502.03
3750.0,400.0,-1487.23,-1493.09,-1501.4
3800.0,400.0,-1486.93,-1492.72,-1500.82
3850.0,400.0,-1486.66,-1492.4,-1500.3
3900.0,400.0,-1486.43,-1492.15,-1499.84
3950.0,400.0,-1486.24,-1491.95,-1499.44
4000.0,400.0,-1486.1,-1491.81,-1499.1
4050.0,400.0,-1485.99,-1491.72,-1498.82
4100.0,400.0,-1485.93,-1491.68,-1498.6
4150.0,400.0,-1485.92,-1491.68,-1498.44
4200.0,400.0,-1485.96,-1491.73,-1498.33
4250.0,400.0,-1486.04,-1491.82,-1498.27
4300.0,400.0,-1486.17,-1491.95,-1498.27
4350.0,400.0,-1486.34,-1492.13,-1498.32
4400.0,400.0,-1486.57,-1492.34,-1498.42
4450.0,400.0,-1486.84,-1492.6,-1498.58
4500.0,400.0,-1487.15,-1492.9,-1498.79
4550.0,400.0,-1487.52,-1493.26,-1499.07
4600.0,400.0,-1487.93,-1493.67,-1499.42
4650.0,400.0,-1488.38,-1494.13,-1499.83
4700.0,400.0,-1488.88,-1494.66,-1500.32
4750.0,400.0,-1489.43,-1495.26,-1500.88
4800.0,400.0,-1490.02,-1495.91,-1501.52
4850.0,400.0,-1490.65,-1496.64,-1502.24
4900.0,400.0,-1491.32,-1497.43,-1503.05
4950.0,400.0,-1492.04,-1498.3,-1503.93
5000.0,400.0,-1492.81,-1499.22,-1504.9
0.0,450.0,-1471.42,-1477.82,-1484.23
50.0,450.0,-1472.3,-1478.62,-1485.07
100.0,450.0,-1473.21,-1479.47,-1485.96
150.0,450.0,-1474.15,-1480.36,-1486.9
200.0,450.0,-1475.11,-1481.31,-1487.88
250.0,450.0,-1476.1,-1482.31,-1488.91
300.0,450.0,-1477.11,-1483.36,-1489.98
350.0,450.0,-1478.14,-1484.46,-1491.1
400.0,450.0,-1479.19,-1485.6,-1492.25
450.0,450.0,-1480.25,-1486.79,-1493.44
500.0,450.0,-1481.32,-1488.01,-1494.67
550.0,450.0,-1482.4,-1489.27,-1495.92
600.0,450.0,-1483.48,-1490.56,-1497.2
650.0,450.0,-1484.55,-1491.87,-1498.5
700.0,450.0,-1485.61,-1493.2,-1499.81
750.0,450.0,-1486.66,-1494.53,-1501.12
800.0,450.0,-1487.68,-1495.85,-1502.42
850.0,450.0,-1488.69,-1497.16,-1503.7
900.0,450.0,-1489.66,-1498.45,-1504.96
950.0,450.0,-1490.6,-1499.69,-1506.19
1000.0,450.0,-1491.5,-1500.89,-1507.36
1050.0,450.0,-1492.36,-1502.03,-1508.49
1100.0,450.0,-1493.17,-1503.11,-1509.55
1150.0,450.0,-1493.93,-1504.12,-1510.54
1200.0,450.0,-1494.64,-1505.05,-1511.46
1250.0,450.0,-1495.3,-1505.9,-1512.3
1300.0,450.0,-1495.9,-1506.66,-1513.06
1350.0,450.0,-1496.45,-1507.35,-1513.74
1400.0,450.0,-1496.94,-1507.95,-1514.35
1450.0,450.0,-1497.38,-1508.48,-1514.88
1500.0,450.0,-1497.77,-1508.92,-1515.33
1550.0,450.0,-1498.1,-1509.3,-1515.72
1600.0,450.0,-1498.38,-1509.6,-1516.04
1650.0,450.0,-1498.61,-1509.85,-1516.29
1700.0,450.0,-1498.79,-1510.03,-1516.49
1750.0,450.0,-1498.93,-1510.15,-1516.63
1800.0,450.0,-1499.03,-1510.22,-1516.72
1850.0,450.0,-1499.09,-1510.24,-1516.77
1900.0,450.0,-1499.11,-1510.21,-1516.77
1950.0,450.0,-1499.1,-1510.14,-1516.73
2000.0,450.0,-1499.06,-1510.03,-1516.66
2050.0,450.0,-1498.99,-1509.88,-1516.55
2100.0,450.0,-1498.89,-1509.69,-1516.42
2150.0,450.0,-1498.77,-1509.46,-1516.26
2200.0,450.0,-1498.63,-1509.21,-1516.09
2250.0,450.0,-1498.46,-1508.92,-1515.9
2300.0,450.0,-1498.27,-1508.61,-1515.69
2350.0,450.0,-1498.06,-1508.28,-1515.48
2400.0,450.0,-1497.84,-1507.93,-1515.26
2450.0,450.0,-1497.59,-1507.56,-1515.04
2500.0,450.0,-1497.33,-1507.18,-1514.82
2550.0,450.0,-1497.05,-1506.78,-1514.6
2600.0,450.0,-1496.75,-1506.37,-1514.37
2650.0,450.0,-1496.44,-1505.95,-1514.13
2700.0,450.0,-1496.1,-1505.51,-1513.89
2750.0,450.0,-1495.75,-1505.06,-1513.63
2800.0,450.0,-1495.39,-1504.59,-1513.36
2850.0,450.0,-1495.0,-1504.1,-1513.05
2900.0,450.0,-1494.6,-1503.58,-1512.72
2950.0,450.0,-1494.19,-1503.04,-1512.35
3000.0,450.0,-1493.76,-1502.48,-1511.93
3050.0,450.0,-1493.32,-1501.89,-1511.47
3100.0,450.0,-1492.88,-1501.27,-1510.96
3150.0,450.0,-1492.42,-1500.63,-1510.4
3200.0,450.0,-1491.96,-1499.97,-1509.79
3250.0,450.0,-1491.49,-1499.3,-1509.14
3300.0,450.0,-1491.03,-1498.61,-1508.45
3350.0,450.0,-1490.57,-1497.93,-1507.72
3400.0,450.0,-1490.12,-1497.25,-1506.98
3450.0,450.0,-1489.67,-1496.58,-1506.22
3500.0,450.0,-1489.24,-1495.94,-1505.46
3550.0,450.0,-1488.83,-1495.33,-1504.71
3600.0,450.0,-1488.44,-1494.76,-1503.97
3650.0,450.0,-1488.07,-1494.23,-1503.26
3700.0,450.0,-1487.73,-1493.76,-1502.59
3750.0,450.0,-1487.42,-1493.34,-1501.97
3800.0,450.0,-1487.14,-1492.98,-1501.39
3850.0,450.0,-1486.9,-1492.67,-1500.87
3900.0,450.0,-1486.7,-1492.43,-1500.4
3950.0,450.0,-1486.54,-1492.24,-1499.99
4000.0,450.0,-1486.42,-1492.1,-1499.64
4050.0,450.0,-1486.34,-1492.02,-1499.35
4100.0,450.0,-1486.31,-1491.99,-1499.12
4150.0,450.0,-1486.32,-1492.0,-1498.94
4200.0,450.0,-1486.38,-1492.06,-1498.82
4250.0,450.0,-1486.48,-1492.16,-1498.75
4300.0,450.0,-1486.63,-1492.3,-1498.74
4350.0,450.0,-1486.83,-1492.49,-1498.78
4400.0,450.0,-1487.07,-1492.71,-1498.87
4450.0,450.0,-1487.36,-1492.99,-1499.03
4500.0,450.0,-1487.69,-1493.31,-1499.25
4550.0,450.0,-1488.06,-1493.68,-1499.53
4600.0,450.0,-1488.48,-1494.11,-1499.88
4650.0,450.0,-1488.94,-1494.6,-1500.31
4700.0,450.0,-1489.45,-1495.15,-1500.8
4750.0,450.0,-1489.99,-1495.76,-1501.38
4800.0,450.0,-1490.58,-1496.44,-1502.03
4850.0,450.0,-1491.21,-1497.18,-1502.76
4900.0,450.0,-1491.88,-1497.99,-1503.57
4950.0,450.0,-1492.6,-1498.87,-1504.47
5000.0,450.0,-1493.35,-1499.81,-1505.43
0.0,500.0,-1471.12,-1477.29,-1483.52
50.0,500.0,-1472.0,-1478.1,-1484.38
100.0,500.0,-1472.9,-1478.96,-1485.29
150.0,500.0,-1473.83,-1479.88,-1486.24
200.0,500.0,-1474.79,-1480.85,-1487.25
250.0,500.0,-1475.77,-1481.88,-1488.3
300.0,500.0,-1476.78,-1482.95,-1489.39
350.0,500.0,-1477.81,-1484.07,-1490.53
400.0,500.0,-1478.85,-1485.23,-1491.7
450.0,500.0,-1479.9,-1486.43,-1492.91
500.0,500.0,-1480.97,-1487.68,-1494.15
550.0,500.0,-1482.04,-1488.95,-1495.42
600.0,500.0,-1483.11,-1490.25,-1496.71
650.0,500.0,-1484.18,-1491.57,-1498.01
700.0,500.0,-1485.24,-1492.9,-1499.32
750.0,500.0,-1486.28,-1494.24,-1500.64
800.0,500.0,-1487.31,-1495.57,-1501.94
850.0,500.0,-1488.3,-1496.88,-1503.23
900.0,500.0,-1489.27,-1498.16,-1504.48
950.0,500.0,-1490.21,-1499.41,-1505.71
1000.0,500.0,-1491.11,-1500.6,-1506.88
1050.0,500.0,-1491.96,-1501.74,-1508.01
1100.0,500.0,-1492.78,-1502.82,-1509.07
1150.0,500.0,-1493.54,-1503.82,-1510.06
1200.0,500.0,-1494.25,-1504.75,-1510.99
1250.0,500.0,-1494.91,-1505.6,-1511.84
1300.0,500.0,-1495.52,-1506.37,-1512.61
1350.0,500.0,-1496.08,-1507.06,-1513.3
1400.0,500.0,-1496.58,-1507.66,-1513.92
1450.0,500.0,-1497.02,-1508.19,-1514.46
1500.0,500.0,-1497.42,-1508.64,-1514.93
1550.0,500.0,-1497.76,-1509.02,-1515.33
1600.0,500.0,-1498.05,-1509.33,-1515.66
1650.0,500.0,-1498.29,-1509.58,-1515.93
1700.0,500.0,-1498.49,-1509.77,-1516.14
1750.0,500.0,-1498.65,-1509.89,-1516.29
1800.0,500.0,-1498.76,-1509.97,-1516.39
1850.0,500.0,-1498.84,-1509.99,-1516.44
1900.0,500.0,-1498.88,-1509.97,-1516.44
1950.0,500.0,-1498.88,-1509.9,-1516.41
2000.0,500.0,-1498.86,-1509.8,-1516.33
2050.0,500.0,-1498.81,-1509.65,-1516.23
2100.0,500.0,-1498.72,-1509.47,-1516.09
2150.0,500.0,-1498.62,-1509.25,-1515.94
2200.0,500.0,-1498.49,-1509.0,-1515.76
2250.0,500.0,-1498.34,-1508.73,-1515.57
2300.0,500.0,-1498.16,-1508.44,-1515.37
2350.0,500.0,-1497.97,-1508.12,-1515.16
2400.0,500.0,-1497.75,-1507.79,-1514.95
2450.0,500.0,-1497.52,-1507.44,-1514.75
2500.0,500.0,-1497.26,-1507.08,-1514.54
2550.0,500.0,-1496.99,-1506.7,-1514.33
2600.0,500.0,-1496.7,-1506.31,-1514.13
2650.0,500.0,-1496.38,-1505.91,-1513.92
2700.0,500.0,-1496.06,-1505.49,-1513.7
2750.0,500.0,-1495.71,-1505.06,-1513.48
2800.0,500.0,-1495.34,-1504.61,-1513.23
2850.0,500.0,-1494.96,-1504.14,-1512.97
2900.0,500.0,-1494.57,-1503.64,-1512.67
2950.0,500.0,-1494.15,-1503.12,-1512.34
3000.0,500.0,-1493.73,-1502.57,-1511.96
3050.0,500.0,-1493.3,-1501.99,-1511.54
3100.0,500.0,-1492.85,-1501.38,-1511.07
3150.0,500.0,-1492.4,-1500.75,-1510.56
3200.0,500.0,-1491.95,-1500.1,-1509.99
3250.0,500.0,-1491.49,-1499.44,-1509.38
3300.0,500.0,-1491.04,-1498.76,-1508.73
3350.0,500.0,-1490.59,-1498.09,-1508.05
3400.0,500.0,-1490.15,-1497.42,-1507.34
3450.0,500.0,-1489.72,-1496.76,-1506.62
3500.0,500.0,-1489.31,-1496.13,-1505.89
3550.0,500.0,-1488.91,-1495.53,-1505.17
3600.0,500.0,-1488.54,-1494.97,-1504.46
3650.0,500.0,-1488.2,-1494.46,-1503.77
3700.0,500.0,-1487.88,-1493.99,-1503.12
3750.0,500.0,-1487.6,-1493.58,-1502.5
3800.0,500.0,-1487.35,-1493.23,-1501.93
3850.0,500.0,-1487.13,-1492.94,-1501.41
3900.0,500.0,-1486.96,-1492.7,-1500.94
3950.0,500.0,-1486.83,-1492.52,-1500.53
4000.0,500.0,-1486.74,-1492.4,-1500.17
4050.0,500.0,-1486.69,-1492.32,-1499.87
4100.0,500.0,-1486.68,-1492.3,-1499.63
4150.0,500.0,-1486.72,-1492.32,-1499.44
4200.0,500.0,-1486.81,-1492.38,-1499.3
4250.0,500.0,-1486.93,-1492.49,-1499.22
4300.0,500.0,-1487.11,-1492.65,-1499.2
4350.0,500.0,-1487.32,-1492.84,-1499.23
4400.0,500.0,-1487.59,-1493.09,-1499.33
4450.0,500.0,-1487.89,-1493.38,-1499.48
4500.0,500.0,-1488.23,-1493.72,-1499.7
4550.0,500.0,-1488.62,-1494.11,-1499.99
4600.0,500.0,-1489.05,-1494.56,-1500.35
4650.0,500.0,-1489.52,-1495.07,-1500.78
4700.0,500.0,-1490.03,-1495.64,-1501.29
4750.0,500.0,-1490.58,-1496.28,-1501.88
4800.0,500.0,-1491.17,-1496.98,-1502.55
4850.0,500.0,-1491.8,-1497.74,-1503.29
4900.0,500.0,-1492.47,-1498.57,-1504.12
4950.0,500.0,-1493.18,-1499.47,-1505.02
5000.0,500.0,-1493.93,-1500.42,-1506.0
0.0,550.0,-1470.84,-1476.8,-1482.84
50.0,550.0,-1471.71,-1477.62,-1483.72
100.0,550.0,-1472.61,-1478.5,-1484.64
150.0,550.0,-1473.53,-1479.44,-1485.62
200.0,550.0,-1474.48,-1480.44,-1486.65
250.0,550.0,-1475.46,-1481.48,-1487.73
300.0,550.0,-1476.46,-1482.57,-1488.85
350.0,550.0,-1477.48,-1483.71,-1490.0
400.0,550.0,-1478.52,-1484.89,-1491.2
450.0,550.0,-1479.57,-1486.12,-1492.43
500.0,550.0,-1480.63,-1487.37,-1493.68
550.0,550.0,-1481.69,-1488.66,-1494.96
600.0,550.0,-1482.76,-1489.97,-1496.26
650.0,550.0,-1483.82,-1491.3,-1497.57
700.0,550.0,-1484.87,-1492.64,-1498.88
750.0,550.0,-1485.91,-1493.97,-1500.19
800.0,550.0,-1486.93,-1495.3,-1501.49
850.0,550.0,-1487.92,-1496.61,-1502.78
900.0,550.0,-1488.89,-1497.88,-1504.03
950.0,550.0,-1489.82,-1499.12,-1505.25
1000.0,550.0,-1490.71,-1500.31,-1506.42
1050.0,550.0,-1491.57,-1501.45,-1507.54
1100.0,550.0,-1492.38,-1502.52,-1508.6
1150.0,550.0,-1493.14,-1503.52,-1509.59
1200.0,550.0,-1493.85,-1504.44,-1510.52
1250.0,550.0,-1494.52,-1505.29,-1511.38
1300.0,550.0,-1495.13,-1506.06,-1512.16
1350.0,550.0,-1495.69,-1506.75,-1512.86
1400.0,550.0,-1496.19,-1507.36,-1513.49
1450.0,550.0,-1496.65,-1507.89,-1514.05
1500.0,550.0,-1497.05,-1508.34,-1514.53
1550.0,550.0,-1497.4,-1508.73,-1514.94
1600.0,550.0,-1497.71,-1509.05,-1515.29
1650.0,550.0,-1497.96,-1509.3,-1515.57
1700.0,550.0,-1498.18,-1509.49,-1515.79
1750.0,550.0,-1498.35,-1509.62,-1515.96
1800.0,550.0,-1498.48,-1509.7,-1516.07
1850.0,550.0,-1498.57,-1509.73,-1516.12
1900.0,550.0,-1498.63,-1509.71,-1516.14
1950.0,550.0,-1498.65,-1509.65,-1516.1
2000.0,550.0,-1498.64,-1509.55,-1516.03
2050.0,550.0,-1498.6,-1509.4,-1515.93
2100.0,550.0,-1498.54,-1509.23,-1515.79
2150.0,550.0,-1498.45,-1509.02,-1515.63
2200.0,550.0,-1498.33,-1508.78,-1515.45
2250.0,550.0,-1498.2,-1508.52,-1515.26
2300.0,550.0,-1498.03,-1508.24,-1515.06
2350.0,550.0,-1497.85,-1507.94,-1514.86
2400.0,550.0,-1497.65,-1507.62,-1514.66
2450.0,550.0,-1497.42,-1507.3,-1514.45
2500.0,550.0,-1497.17,-1506.95,-1514.26
2550.0,550.0,-1496.91,-1506.6,-1514.06
2600.0,550.0,-1496.62,-1506.23,-1513.87
2650.0,550.0,-1496.31,-1505.86,-1513.68
2700.0,550.0,-1495.99,-1505.46,-1513.48
2750.0,550.0,-1495.65,-1505.05,-1513.28
2800.0,550.0,-1495.28,-1504.62,-1513.06
2850.0,550.0,-1494.91,-1504.17,-1512.82
2900.0,550.0,-1494.51,-1503.69,-1512.56
2950.0,550.0,-1494.1,-1503.18,-1512.26
3000.0,550.0,-1493.68,-1502.64,-1511.92
3050.0,550.0,-1493.25,-1502.08,-1511.54
3100.0,550.0,-1492.81,-1501.48,-1511.11
3150.0,550.0,-1492.37,-1500.87,-1510.63
3200.0,550.0,-1491.92,-1500.23,-1510.11
3250.0,550.0,-1491.47,-1499.57,-1509.54
3300.0,550.0,-1491.03,-1498.91,-1508.93
3350.0,550.0,-1490.59,-1498.24,-1508.29
3400.0,550.0,-1490.17,-1497.59,-1507.63
3450.0,550.0,-1489.75,-1496.94,-1506.95
3500.0,550.0,-1489.36,-1496.32,-1506.26
3550.0,550.0,-1488.99,-1495.74,-1505.57
3600.0,550.0,-1488.64,-1495.19,-1504.89
3650.0,550.0,-1488.32,-1494.69,-1504.23
3700.0,550.0,-1488.03,-1494.24,-1503.6
3750.0,550.0,-1487.77,-1493.84,-1503.0
3800.0,550.0,-1487.55,-1493.5,-1502.44
3850.0,550.0,-1487.36,-1493.21,-1501.93
3900.0,550.0,-1487.22,-1492.98,-1501.47
3950.0,550.0,-1487.11,-1492.81,-1501.05
4000.0,550.0,-1487.05,-1492.69,-1500.69
4050.0,550.0,-1487.03,-1492.63,-1500.38
4100.0,550.0,-1487.06,-1492.61,-1500.13
4150.0,550.0,-1487.13,-1492.64,-1499.92
4200.0,550.0,-1487.24,-1492.71,-1499.78
4250.0,550.0,-1487.39,-1492.83,-1499.69
4300.0,550.0,-1487.59,-1493.0,-1499.66
4350.0,550.0,-1487.83,-1493.21,-1499.69
4400.0,550.0,-1488.11,-1493.47,-1499.78
4450.0,550.0,-1488.43,-1493.77,-1499.93
4500.0,550.0,-1488.79,-1494.13,-1500.16
4550.0,550.0,-1489.2,-1494.55,-1500.45
4600.0,550.0,-1489.64,-1495.02,-1500.82
4650.0,550.0,-1490.11,-1495.56,-1501.27
4700.0,550.0,-1490.63,-1496.15,-1501.79
4750.0,550.0,-1491.19,-1496.81,-1502.4
4800.0,550.0,-1491.78,-1497.54,-1503.08
4850.0,550.0,-1492.41,-1498.32,-1503.84
4900.0,550.0,-1493.08,-1499.17,-1504.68
4950.0,550.0,-1493.78,-1500.09,-1505.6
5000.0,550.0,-1494.53,-1501.05,-1506.59
0.0,600.0,-1470.58,-1476.36,-1482.21
50.0,600.0,-1471.44,-1477.19,-1483.1
100.0,600.0,-1472.33,-1478.09,-1484.05
150.0,600.0,-1473.25,-1479.05,-1485.05
200.0,600.0,-1474.2,-1480.06,-1486.1
250.0,600.0,-1475.17,-1481.13,-1487.2
300.0,600.0,-1476.16,-1482.24,-1488.35
350.0,600.0,-1477.18,-1483.4,-1489.53
400.0,600.0,-1478.21,-1484.6,-1490.74
450.0,600.0,-1479.25,-1485.84,-1491.99
500.0,600.0,-1480.3,-1487.11,-1493.26
550.0,600.0,-1481.36,-1488.41,-1494.55
600.0,600.0,-1482.42,-1489.72,-1495.85
650.0,600.0,-1483.47,-1491.05,-1497.16
700.0,600.0,-1484.52,-1492.39,-1498.48
750.0,600.0,-1485.55,-1493.73,-1499.79
800.0,600.0,-1486.56,-1495.05,-1501.08
850.0,600.0,-1487.54,-1496.35,-1502.36
900.0,600.0,-1488.5,-1497.62,-1503.6
950.0,600.0,-1489.43,-1498.85,-1504.81
1000.0,600.0,-1490.32,-1500.03,-1505.97
1050.0,600.0,-1491.17,-1501.15,-1507.09
1100.0,600.0,-1491.97,-1502.22,-1508.14
1150.0,600.0,-1492.74,-1503.21,-1509.13
1200.0,600.0,-1493.45,-1504.13,-1510.06
1250.0,600.0,-1494.11,-1504.97,-1510.91
1300.0,600.0,-1494.73,-1505.74,-1511.7
1350.0,600.0,-1495.29,-1506.42,-1512.41
1400.0,600.0,-1495.8,-1507.03,-1513.05
1450.0,600.0,-1496.26,-1507.57,-1513.62
1500.0,600.0,-1496.67,-1508.03,-1514.12
1550.0,600.0,-1497.04,-1508.42,-1514.55
1600.0,600.0,-1497.35,-1508.74,-1514.92
1650.0,600.0,-1497.62,-1509.0,-1515.22
1700.0,600.0,-1497.85,-1509.19,-1515.45
1750.0,600.0,-1498.03,-1509.33,-1515.63
1800.0,600.0,-1498.18,-1509.42,-1515.75
1850.0,600.0,-1498.29,-1509.45,-1515.82
1900.0,600.0,-1498.36,-1509.44,-1515.84
1950.0,600.0,-1498.4,-1509.38,-1515.82
2000.0,600.0,-1498.41,-1509.28,-1515.75
2050.0,600.0,-1498.39,-1509.14,-1515.65
2100.0,600.0,-1498.34,-1508.97,-1515.52
2150.0,600.0,-1498.27,-1508.77,-1515.36
2200.0,600.0,-1498.17,-1508.55,-1515.18
2250.0,600.0,-1498.04,-1508.3,-1514.99
2300.0,600.0,-1497.89,-1508.03,-1514.79
2350.0,600.0,-1497.72,-1507.75,-1514.58
2400.0,600.0,-1497.53,-1507.45,-1514.38
2450.0,600.0,-1497.31,-1507.14,-1514.18
2500.0,600.0,-1497.07,-1506.82,-1513.98
2550.0,600.0,-1496.81,-1506.49,-1513.8
2600.0,600.0,-1496.53,-1506.14,-1513.61
2650.0,600.0,-1496.23,-1505.79,-1513.43
2700.0,600.0,-1495.91,-1505.42,-1513.25
2750.0,600.0,-1495.57,-1505.03,-1513.06
2800.0,600.0,-1495.21,-1504.62,-1512.86
2850.0,600.0,-1494.83,-1504.18,-1512.64
2900.0,600.0,-1494.44,-1503.72,-1512.4
2950.0,600.0,-1494.04,-1503.23,-1512.12
3000.0,600.0,-1493.62,-1502.71,-1511.81
3050.0,600.0,-1493.19,-1502.16,-1511.46
3100.0,600.0,-1492.76,-1501.58,-1511.07
3150.0,600.0,-1492.32,-1500.97,-1510.63
3200.0,600.0,-1491.88,-1500.35,-1510.15
3250.0,600.0,-1491.44,-1499.71,-1509.62
3300.0,600.0,-1491.01,-1499.05,-1509.06
3350.0,600.0,-1490.59,-1498.4,-1508.46
3400.0,600.0,-1490.18,-1497.76,-1507.84
3450.0,600.0,-1489.78,-1497.13,-1507.2
3500.0,600.0,-1489.41,-1496.52,-1506.55
3550.0,600.0,-1489.06,-1495.95,-1505.9
3600.0,600.0,-1488.73,-1495.41,-1505.26
3650.0,600.0,-1488.43,-1494.92,-1504.63
3700.0,600.0,-1488.17,-1494.49,-1504.03
3750.0,600.0,-1487.94,-1494.1,-1503.46
3800.0,600.0,-1487.75,-1493.77,-1502.92
3850.0,600.0,-1487.59,-1493.49,-1502.42
3900.0,600.0,-1487.48,-1493.27,-1501.97
3950.0,600.0,-1487.4,-1493.11,-1501.56
4000.0,600.0,-1487.37,-1493.0,-1501.19
4050.0,600.0,-1487.39,-1492.94,-1500.88
4100.0,600.0,-1487.44,-1492.93,-1500.62
4150.0,600.0,-1487.54,-1492.96,-1500.41
4200.0,600.0,-1487.68,-1493.05,-1500.26
4250.0,600.0,-1487.86,-1493.18,-1500.16
4300.0,600.0,-1488.08,-1493.36,-1500.13
4350.0,600.0,-1488.34,-1493.58,-1500.15
4400.0,600.0,-1488.65,-1493.86,-1500.24
4450.0,600.0,-1488.99,-1494.18,-1500.4
4500.0,600.0,-1489.37,-1494.56,-1500.63
4550.0,600.0,-1489.78,-1495.0,-1500.93
4600.0,600.0,-1490.24,-1495.5,-1501.31
4650.0,600.0,-1490.73,-1496.06,-1501.77
4700.0,600.0,-1491.25,-1496.68,-1502.31
4750.0,600.0,-1491.81,-1497.37,-1502.93
4800.0,600.0,-1492.41,-1498.11,-1503.63
4850.0,600.0,-1493.04,-1498.93,-1504.41
4900.0,600.0,-1493.71,-1499.8,-1505.27
4950.0,600.0,-1494.41,-1500.73,-1506.2
5000.0,600.0,-1495.15,-1501.71,-1507.2
0.0,650.0,-1470.34,-1475.97,-1481.63
50.0,650.0,-1471.2,-1476.83,-1482.53
100.0,650.0,-1472.09,-1477.74,-1483.5
150.0,650.0,-1473.0,-1478.72,-1484.53
200.0,650.0,-1473.94,-1479.75,-1485.61
250.0,650.0,-1474.9,-1480.83,-1486.73
300.0,650.0,-1475.89,-1481.96,-1487.9
350.0,650.0,-1476.89,-1483.13,-1489.1
400.0,650.0,-1477.91,-1484.35,-1490.33
450.0,650.0,-1478.95,-1485.6,-1491.6
500.0,650.0,-1479.99,-1486.88,-1492.88
550.0,650.0,-1481.04,-1488.18,-1494.18
600.0,650.0,-1482.09,-1489.5,-1495.49
650.0,650.0,-1483.14,-1490.84,-1496.81
700.0,650.0,-1484.17,-1492.17,-1498.12
750.0,650.0,-1485.19,-1493.5,-1499.42
800.0,650.0,-1486.19,-1494.81,-1500.71
850.0,650.0,-1487.17,-1496.1,-1501.97
900.0,650.0,-1488.12,-1497.36,-1503.2
950.0,650.0,-1489.04,-1498.57,-1504.4
1000.0,650.0,-1489.92,-1499.74,-1505.55
1050.0,650.0,-1490.77,-1500.85,-1506.65
1100.0,650.0,-1491.57,-1501.9,-1507.69
1150.0,650.0,-1492.33,-1502.89,-1508.68
1200.0,650.0,-1493.04,-1503.8,-1509.6
1250.0,650.0,-1493.7,-1504.63,-1510.45
1300.0,650.0,-1494.32,-1505.4,-1511.24
1350.0,650.0,-1494.88,-1506.08,-1511.96
1400.0,650.0,-1495.4,-1506.69,-1512.61
1450.0,650.0,-1495.87,-1507.23,-1513.19
1500.0,650.0,-1496.29,-1507.69,-1513.71
1550.0,650.0,-1496.66,-1508.09,-1514.16
1600.0,650.0,-1496.98,-1508.41,-1514.54
1650.0,650.0,-1497.27,-1508.68,-1514.86
1700.0,650.0,-1497.51,-1508.88,-1515.12
1750.0,650.0,-1497.71,-1509.02,-1515.31
1800.0,650.0,-1497.87,-1509.11,-1515.45
1850.0,650.0,-1497.99,-1509.15,-1515.54
1900.0,650.0,-1498.08,-1509.15,-1515.57
1950.0,650.0,-1498.14,-1509.09,-1515.56
2000.0,650.0,-1498.17,-1509.0,-1515.5
2050.0,650.0,-1498.16,-1508.87,-1515.41
2100.0,650.0,-1498.13,-1508.71,-1515.28
2150.0,650.0,-1498.07,-1508.52,-1515.12
2200.0,650.0,-1497.99,-1508.3,-1514.95
2250.0,650.0,-1497.88,-1508.06,-1514.75
2300.0,650.0,-1497.74,-1507.81,-1514.55
2350.0,650.0,-1497.58,-1507.54,-1514.35
2400.0,650.0,-1497.4,-1507.26,-1514.14
2450.0,650.0,-1497.19,-1506.97,-1513.94
2500.0,650.0,-1496.96,-1506.67,-1513.74
2550.0,650.0,-1496.71,-1506.36,-1513.55
2600.0,650.0,-1496.43,-1506.04,-1513.37
2650.0,650.0,-1496.14,-1505.71,-1513.19
2700.0,650.0,-1495.82,-1505.36,-1513.02
2750.0,650.0,-1495.48,-1504.99,-1512.83
2800.0,650.0,-1495.13,-1504.6,-1512.64
2850.0,650.0,-1494.75,-1504.19,-1512.44
2900.0,650.0,-1494.37,-1503.74,-1512.21
2950.0,650.0,-1493.96,-1503.27,-1511.95
3000.0,650.0,-1493.55,-1502.77,-1511.66
3050.0,650.0,-1493.13,-1502.23,-1511.33
3100.0,650.0,-1492.7,-1501.67,-1510.97
3150.0,650.0,-1492.27,-1501.08,-1510.56
3200.0,650.0,-1491.84,-1500.46,-1510.11
3250.0,650.0,-1491.41,-1499.84,-1509.63
3300.0,650.0,-1490.99,-1499.2,-1509.1
3350.0,650.0,-1490.58,-1498.56,-1508.55
3400.0,650.0,-1490.18,-1497.93,-1507.97
3450.0,650.0,-1489.81,-1497.32,-1507.38
3500.0,650.0,-1489.45,-1496.72,-1506.78
3550.0,650.0,-1489.12,-1496.17,-1506.17
3600.0,650.0,-1488.82,-1495.65,-1505.57
3650.0,650.0,-1488.55,-1495.17,-1504.98
3700.0,650.0,-1488.31,-1494.75,-1504.42
3750.0,650.0,-1488.11,-1494.37,-1503.87
3800.0,650.0,-1487.95,-1494.05,-1503.36
3850.0,650.0,-1487.82,-1493.79,-1502.88
3900.0,650.0,-1487.74,-1493.58,-1502.44
3950.0,650.0,-1487.7,-1493.42,-1502.05
4000.0,650.0,-1487.7,-1493.32,-1501.69
4050.0,650.0,-1487.74,-1493.27,-1501.38
4100.0,650.0,-1487.83,-1493.26,-1501.12
4150.0,650.0,-1487.95,-1493.31,-1500.91
4200.0,650.0,-1488.12,-1493.4,-1500.75
4250.0,650.0,-1488.33,-1493.54,-1500.65
4300.0,650.0,-1488.58,-1493.73,-1500.61
4350.0,650.0,-1488.87,-1493.97,-1500.63
4400.0,650.0,-1489.19,-1494.26,-1500.72
4450.0,650.0,-1489.56,-1494.61,-1500.88
4500.0,650.0,-1489.95,-1495.01,-1501.12
4550.0,650.0,-1490.39,-1495.47,-1501.43
4600.0,650.0,-1490.85,-1495.99,-1501.82
4650.0,650.0,-1491.35,-1496.58,-1502.29
4700.0,650.0,-1491.89,-1497.23,-1502.84
4750.0,650.0,-1492.45,-1497.94,-1503.48
4800.0,650.0,-1493.05,-1498.71,-1504.2
4850.0,650.0,-1493.69,-1499.55,-1504.99
4900.0,650.0,-1494.36,-1500.44,-1505.87
4950.0,650.0,-1495.06,-1501.39,-1506.82
5000.0,650.0,-1495.8,-1502.4,-1507.83
0.0,700.0,-1470.14,-1475.66,-1481.11
50.0,700.0,-1470.99,-1476.52,-1482.04
100.0,700.0,-1471.86,-1477.45,-1483.02
150.0,700.0,-1472.77,-1478.44,-1484.07
200.0,700.0,-1473.7,-1479.48,-1485.17
250.0,700.0,-1474.66,-1480.58,-1486.32
300.0,700.0,-1475.63,-1481.73,-1487.51
350.0,700.0,-1476.63,-1482.92,-1488.73
400.0,700.0,-1477.64,-1484.14,-1489.98
450.0,700.0,-1478.67,-1485.4,-1491.26
500.0,700.0,-1479.7,-1486.69,-1492.56
550.0,700.0,-1480.74,-1487.99,-1493.86
600.0,700.0,-1481.78,-1489.32,-1495.18
650.0,700.0,-1482.81,-1490.64,-1496.49
700.0,700.0,-1483.84,-1491.97,-1497.8
750.0,700.0,-1484.85,-1493.29,-1499.1
800.0,700.0,-1485.84,-1494.59,-1500.37
850.0,700.0,-1486.81,-1495.86,-1501.62
900.0,700.0,-1487.75,-1497.1,-1502.83
950.0,700.0,-1488.66,-1498.3,-1504.01
1000.0,700.0,-1489.53,-1499.45,-1505.14
1050.0,700.0,-1490.37,-1500.55,-1506.23
1100.0,700.0,-1491.17,-1501.58,-1507.26
1150.0,700.0,-1491.92,-1502.55,-1508.23
1200.0,700.0,-1492.63,-1503.45,-1509.14
1250.0,700.0,-1493.29,-1504.28,-1509.99
1300.0,700.0,-1493.91,-1505.04,-1510.78
1350.0,700.0,-1494.47,-1505.72,-1511.5
1400.0,700.0,-1494.99,-1506.33,-1512.16
1450.0,700.0,-1495.47,-1506.87,-1512.76
1500.0,700.0,-1495.89,-1507.33,-1513.29
1550.0,700.0,-1496.27,-1507.73,-1513.75
1600.0,700.0,-1496.61,-1508.07,-1514.16
1650.0,700.0,-1496.91,-1508.34,-1514.5
1700.0,700.0,-1497.16,-1508.55,-1514.78
1750.0,700.0,-1497.37,-1508.7,-1515.0
1800.0,700.0,-1497.55,-1508.8,-1515.16
1850.0,700.0,-1497.69,-1508.84,-1515.27
1900.0,700.0,-1497.8,-1508.84,-1515.32
1950.0,700.0,-1497.87,-1508.8,-1515.32
2000.0,700.0,-1497.91,-1508.71,-1515.28
2050.0,700.0,-1497.93,-1508.59,-1515.19
2100.0,700.0,-1497.91,-1508.43,-1515.07
2150.0,700.0,-1497.87,-1508.25,-1514.93
2200.0,700.0,-1497.8,-1508.05,-1514.75
2250.0,700.0,-1497.7,-1507.82,-1514.56
2300.0,700.0,-1497.58,-1507.58,-1514.36
2350.0,700.0,-1497.43,-1507.33,-1514.15
2400.0,700.0,-1497.26,-1507.07,-1513.95
2450.0,700.0,-1497.06,-1506.8,-1513.74
2500.0,700.0,-1496.84,-1506.52,-1513.54
2550.0,700.0,-1496.6,-1506.23,-1513.35
2600.0,700.0,-1496.33,-1505.93,-1513.16
2650.0,700.0,-1496.04,-1505.62,-1512.98
2700.0,700.0,-1495.72,-1505.29,-1512.8
2750.0,700.0,-1495.39,-1504.95,-1512.62
2800.0,700.0,-1495.04,-1504.58,-1512.43
2850.0,700.0,-1494.67,-1504.18,-1512.22
2900.0,700.0,-1494.28,-1503.76,-1512.0
2950.0,700.0,-1493.88,-1503.3,-1511.75
3000.0,700.0,-1493.47,-1502.82,-1511.48
3050.0,700.0,-1493.06,-1502.3,-1511.17
3100.0,700.0,-1492.63,-1501.75,-1510.82
3150.0,700.0,-1492.21,-1501.17,-1510.44
3200.0,700.0,-1491.79,-1500.58,-1510.02
3250.0,700.0,-1491.37,-1499.96,-1509.57
3300.0,700.0,-1490.96,-1499.34,-1509.08
3350.0,700.0,-1490.57,-1498.72,-1508.57
3400.0,700.0,-1490.19,-1498.11,-1508.04
3450.0,700.0,-1489.83,-1497.51,-1507.49
3500.0,700.0,-1489.5,-1496.94,-1506.93
3550.0,700.0,-1489.19,-1496.39,-1506.38
3600.0,700.0,-1488.91,-1495.89,-1505.82
3650.0,700.0,-1488.66,-1495.43,-1505.28
3700.0,700.0,-1488.45,-1495.02,-1504.75
3750.0,700.0,-1488.28,-1494.66,-1504.25
3800.0,700.0,-1488.15,-1494.36,-1503.77
3850.0,700.0,-1488.06,-1494.1,-1503.32
3900.0,700.0,-1488.0,-1493.9,-1502.9
3950.0,700.0,-1487.99,-1493.76,-1502.52
4000.0,700.0,-1488.03,-1493.66,-1502.18
4050.0,700.0,-1488.1,-1493.62,-1501.88
4100.0,700.0,-1488.22,-1493.62,-1501.62
4150.0,700.0,-1488.38,-1493.68,-1501.42
4200.0,700.0,-1488.58,-1493.78,-1501.26
4250.0,700.0,-1488.81,-1493.93,-1501.16
4300.0,700.0,-1489.09,-1494.13,-1501.12
4350.0,700.0,-1489.4,-1494.39,-1501.14
4400.0,700.0,-1489.75,-1494.7,-1501.23
4450.0,700.0,-1490.13,-1495.06,-1501.4
4500.0,700.0,-1490.55,-1495.48,-1501.64
4550.0,700.0,-1491.0,-1495.97,-1501.95
4600.0,700.0,-1491.48,-1496.51,-1502.35
4650.0,700.0,-1491.99,-1497.12,-1502.84
4700.0,700.0,-1492.54,-1497.8,-1503.41
4750.0,700.0,-1493.11,-1498.54,-1504.06
4800.0,700.0,-1493.72,-1499.34,-1504.79
4850.0,700.0,-1494.36,-1500.2,-1505.6
4900.0,700.0,-1495.03,-1501.11,-1506.49
4950.0,700.0,-1495.73,-1502.08,-1507.46
5000.0,700.0,-1496.46,-1503.1,-1508.49
0.0,750.0,-1469.96,-1475.41,-1480.68
50.0,750.0,-1470.8,-1476.29,-1481.62
100.0,750.0,-1471.67,-1477.23,-1482.62
150.0,750.0,-1472.57,-1478.23,-1483.69
200.0,750.0,-1473.49,-1479.28,-1484.8
250.0,750.0,-1474.44,-1480.39,-1485.97
300.0,750.0,-1475.41,-1481.55,-1487.18
350.0,750.0,-1476.39,-1482.75,-1488.42
400.0,750.0,-1477.4,-1483.98,-1489.69
450.0,750.0,-1478.41,-1485.25,-1490.98
500.0,750.0,-1479.43,-1486.54,-1492.29
550.0,750.0,-1480.46,-1487.84,-1493.6
600.0,750.0,-1481.49,-1489.16,-1494.92
650.0,750.0,-1482.51,-1490.47,-1496.23
700.0,750.0,-1483.52,-1491.79,-1497.53
750.0,750.0,-1484.52,-1493.09,-1498.81
800.0,750.0,-1485.5,-1494.37,-1500.07
850.0,750.0,-1486.45,-1495.63,-1501.3
900.0,750.0,-1487.38,-1496.85,-1502.49
950.0,750.0,-1488.28,-1498.03,-1503.65
1000.0,750.0,-1489.15,-1499.16,-1504.76
1050.0,750.0,-1489.98,-1500.23,-1505.82
1100.0,750.0,-1490.77,-1501.25,-1506.83
1150.0,750.0,-1491.51,-1502.2,-1507.79
1200.0,750.0,-1492.22,-1503.09,-1508.69
1250.0,750.0,-1492.88,-1503.9,-1509.53
1300.0,750.0,-1493.49,-1504.65,-1510.32
1350.0,750.0,-1494.06,-1505.33,-1511.04
1400.0,750.0,-1494.58,-1505.94,-1511.71
1450.0,750.0,-1495.06,-1506.48,-1512.32
1500.0,750.0,-1495.49,-1506.95,-1512.86
1550.0,750.0,-1495.88,-1507.36,-1513.35
1600.0,750.0,-1496.23,-1507.7,-1513.77
1650.0,750.0,-1496.54,-1507.98,-1514.14
1700.0,750.0,-1496.8,-1508.2,-1514.44
1750.0,750.0,-1497.03,-1508.36,-1514.69
1800.0,750.0,-1497.22,-1508.46,-1514.87
1850.0,750.0,-1497.38,-1508.52,-1515.0
1900.0,750.0,-1497.5,-1508.52,-1515.08
1950.0,750.0,-1497.6,-1508.49,-1515.1
2000.0,750.0,-1497.66,-1508.41,-1515.08
2050.0,750.0,-1497.69,-1508.3,-1515.01
2100.0,750.0,-1497.69,-1508.15,-1514.91
2150.0,750.0,-1497.66,-1507.98,-1514.77
2200.0,750.0,-1497.6,-1507.79,-1514.6
2250.0,750.0,-1497.52,-1507.58,-1514.42
2300.0,750.0,-1497.41,-1507.35,-1514.22
2350.0,750.0,-1497.28,-1507.12,-1514.02
2400.0,750.0,-1497.12,-1506.88,-1513.81
2450.0,750.0,-1496.93,-1506.62,-1513.6
2500.0,750.0,-1496.71,-1506.36,-1513.4
2550.0,750.0,-1496.48,-1506.1,-1513.2
2600.0,750.0,-1496.21,-1505.82,-1513.0
2650.0,750.0,-1495.93,-1505.53,-1512.81
2700.0,750.0,-1495.62,-1505.23,-1512.62
2750.0,750.0,-1495.29,-1504.9,-1512.43
2800.0,750.0,-1494.94,-1504.55,-1512.23
2850.0,750.0,-1494.58,-1504.17,-1512.02
2900.0,750.0,-1494.2,-1503.77,-1511.8
2950.0,750.0,-1493.8,-1503.33,-1511.55
3000.0,750.0,-1493.4,-1502.86,-1511.27
3050.0,750.0,-1492.98,-1502.36,-1510.97
3100.0,750.0,-1492.57,-1501.82,-1510.64
3150.0,750.0,-1492.15,-1501.27,-1510.28
3200.0,750.0,-1491.74,-1500.68,-1509.88
3250.0,750.0,-1491.33,-1500.09,-1509.46
3300.0,750.0,-1490.94,-1499.48,-1509.01
3350.0,750.0,-1490.56,-1498.88,-1508.53
3400.0,750.0,-1490.2,-1498.29,-1508.04
3450.0,750.0,-1489.86,-1497.71,-1507.54
3500.0,750.0,-1489.54,-1497.15,-1507.03
3550.0,750.0,-1489.26,-1496.63,-1506.52
3600.0,750.0,-1489.0,-1496.15,-1506.02
3650.0,750.0,-1488.79,-1495.71,-1505.52
3700.0,750.0,-1488.6,-1495.31,-1505.04
3750.0,750.0,-1488.46,-1494.97,-1504.58
3800.0,750.0,-1488.36,-1494.68,-1504.14
3850.0,750.0,-1488.29,-1494.44,-1503.72
3900.0,750.0,-1488.28,-1494.25,-1503.34
3950.0,750.0,-1488.3,-1494.11,-1502.98
4000.0,750.0,-1488.36,-1494.03,-1502.66
4050.0,750.0,-1488.47,-1493.99,-1502.38
4100.0,750.0,-1488.62,-1494.01,-1502.14
4150.0,750.0,-1488.81,-1494.07,-1501.94
4200.0,750.0,-1489.04,-1494.19,-1501.79
4250.0,750.0,-1489.3,-1494.35,-1501.69
4300.0,750.0,-1489.61,-1494.56,-1501.66
4350.0,750.0,-1489.94,-1494.83,-1501.68
4400.0,750.0,-1490.32,-1495.16,-1501.78
4450.0,750.0,-1490.72,-1495.54,-1501.95
4500.0,750.0,-1491.16,-1495.99,-1502.19
4550.0,750.0,-1491.63,-1496.49,-1502.52
4600.0,750.0,-1492.12,-1497.06,-1502.93
4650.0,750.0,-1492.65,-1497.7,-1503.42
4700.0,750.0,-1493.2,-1498.4,-1504.0
4750.0,750.0,-1493.79,-1499.16,-1504.67
4800.0,750.0,-1494.4,-1499.98,-1505.42
4850.0,750.0,-1495.04,-1500.87,-1506.25
4900.0,750.0,-1495.71,-1501.81,-1507.15
4950.0,750.0,-1496.41,-1502.8,-1508.13
5000.0,750.0,-1497.15,-1503.83,-1509.17
0.0,800.0,-1469.81,-1475.24,-1480.34
50.0,800.0,-1470.64,-1476.13,-1481.29
100.0,800.0,-1471.51,-1477.07,-1482.3
150.0,800.0,-1472.4,-1478.08,-1483.38
200.0,800.0,-1473.31,-1479.15,-1484.52
250.0,800.0,-1474.25,-1480.27,-1485.7
300.0,800.0,-1475.21,-1481.43,-1486.92
350.0,800.0,-1476.18,-1482.63,-1488.18
400.0,800.0,-1477.18,-1483.87,-1489.46
450.0,800.0,-1478.18,-1485.14,-1490.76
500.0,800.0,-1479.19,-1486.42,-1492.08
550.0,800.0,-1480.2,-1487.72,-1493.39
600.0,800.0,-1481.22,-1489.03,-1494.71
650.0,800.0,-1482.22,-1490.33,-1496.01
700.0,800.0,-1483.22,-1491.63,-1497.3
750.0,800.0,-1484.2,-1492.91,-1498.56
800.0,800.0,-1485.17,-1494.17,-1499.8
850.0,800.0,-1486.11,-1495.4,-1501.01
900.0,800.0,-1487.03,-1496.6,-1502.18
950.0,800.0,-1487.92,-1497.75,-1503.31
1000.0,800.0,-1488.77,-1498.85,-1504.4
1050.0,800.0,-1489.59,-1499.9,-1505.43
1100.0,800.0,-1490.37,-1500.9,-1506.42
1150.0,800.0,-1491.11,-1501.83,-1507.36
1200.0,800.0,-1491.81,-1502.7,-1508.25
1250.0,800.0,-1492.47,-1503.51,-1509.08
1300.0,800.0,-1493.08,-1504.25,-1509.86
1350.0,800.0,-1493.65,-1504.92,-1510.58
1400.0,800.0,-1494.17,-1505.53,-1511.25
1450.0,800.0,-1494.66,-1506.07,-1511.87
1500.0,800.0,-1495.1,-1506.55,-1512.43
1550.0,800.0,-1495.49,-1506.96,-1512.93
1600.0,800.0,-1495.85,-1507.31,-1513.38
1650.0,800.0,-1496.17,-1507.59,-1513.77
1700.0,800.0,-1496.45,-1507.82,-1514.1
1750.0,800.0,-1496.69,-1507.99,-1514.37
1800.0,800.0,-1496.9,-1508.11,-1514.59
1850.0,800.0,-1497.07,-1508.18,-1514.75
1900.0,800.0,-1497.21,-1508.2,-1514.85
1950.0,800.0,-1497.32,-1508.17,-1514.9
2000.0,800.0,-1497.39,-1508.1,-1514.9
2050.0,800.0,-1497.44,-1508.0,-1514.85
2100.0,800.0,-1497.46,-1507.87,-1514.77
2150.0,800.0,-1497.45,-1507.71,-1514.65
2200.0,800.0,-1497.41,-1507.53,-1514.5
2250.0,800.0,-1497.34,-1507.33,-1514.32
2300.0,800.0,-1497.24,-1507.13,-1514.13
2350.0,800.0,-1497.12,-1506.91,-1513.93
2400.0,800.0,-1496.97,-1506.68,-1513.73
2450.0,800.0,-1496.79,-1506.45,-1513.52
2500.0,800.0,-1496.59,-1506.21,-1513.31
2550.0,800.0,-1496.36,-1505.96,-1513.1
2600.0,800.0,-1496.1,-1505.71,-1512.9
2650.0,800.0,-1495.82,-1505.44,-1512.69
2700.0,800.0,-1495.52,-1505.15,-1512.49
2750.0,800.0,-1495.19,-1504.85,-1512.29
2800.0,800.0,-1494.85,-1504.52,-1512.07
2850.0,800.0,-1494.49,-1504.16,-1511.85
2900.0,800.0,-1494.11,-1503.77,-1511.61
2950.0,800.0,-1493.72,-1503.35,-1511.36
3000.0,800.0,-1493.32,-1502.9,-1511.08
3050.0,800.0,-1492.91,-1502.41,-1510.77
3100.0,800.0,-1492.51,-1501.9,-1510.45
3150.0,800.0,-1492.1,-1501.35,-1510.09
3200.0,800.0,-1491.69,-1500.79,-1509.71
3250.0,800.0,-1491.3,-1500.21,-1509.31
3300.0,800.0,-1490.92,-1499.63,-1508.89
3350.0,800.0,-1490.55,-1499.04,-1508.45
3400.0,800.0,-1490.21,-1498.47,-1507.99
3450.0,800.0,-1489.89,-1497.91,-1507.54
3500.0,800.0,-1489.6,-1497.38,-1507.07
3550.0,800.0,-1489.33,-1496.88,-1506.61
3600.0,800.0,-1489.11,-1496.41,-1506.16
3650.0,800.0,-1488.91,-1495.99,-1505.72
3700.0,800.0,-1488.76,-1495.62,-1505.29
3750.0,800.0,-1488.64,-1495.29,-1504.87
3800.0,800.0,-1488.57,-1495.02,-1504.48
3850.0,800.0,-1488.54,-1494.79,-1504.1
3900.0,800.0,-1488.55,-1494.62,-1503.75
3950.0,800.0,-1488.61,-1494.5,-1503.43
4000.0,800.0,-1488.71,-1494.43,-1503.14
4050.0,800.0,-1488.85,-1494.4,-1502.88
4100.0,800.0,-1489.03,-1494.43,-1502.66
4150.0,800.0,-1489.25,-1494.5,-1502.48
4200.0,800.0,-1489.51,-1494.63,-1502.34
4250.0,800.0,-1489.8,-1494.8,-1502.26
4300.0,800.0,-1490.13,-1495.03,-1502.23
4350.0,800.0,-1490.5,-1495.31,-1502.27
4400.0,800.0,-1490.89,-1495.66,-1502.37
4450.0,800.0,-1491.32,-1496.06,-1502.54
4500.0,800.0,-1491.78,-1496.52,-1502.8
4550.0,800.0,-1492.26,-1497.05,-1503.13
4600.0,800.0,-1492.77,-1497.65,-1503.55
4650.0,800.0,-1493.31,-1498.3,-1504.06
4700.0,800.0,-1493.88,-1499.03,-1504.65
4750.0,800.0,-1494.47,-1499.81,-1505.32
4800.0,800.0,-1495.09,-1500.66,-1506.08
4850.0,800.0,-1495.74,-1501.56,-1506.92
4900.0,800.0,-1496.41,-1502.52,-1507.84
4950.0,800.0,-1497.11,-1503.53,-1508.82
5000.0,800.0,-1497.84,-1504.58,-1509.87
0.0,850.0,-1469.69,-1475.15,-1480.1
50.0,850.0,-1470.52,-1476.04,-1481.05
100.0,850.0,-1471.38,-1476.99,-1482.07
150.0,850.0,-1472.26,-1478.0,-1483.17
200.0,850.0,-1473.16,-1479.08,-1484.31
250.0,850.0,-1474.09,-1480.2,-1485.51
300.0,850.0,-1475.04,-1481.37,-1486.75
350.0,850.0,-1476.0,-1482.57,-1488.01
400.0,850.0,-1476.98,-1483.81,-1489.3
450.0,850.0,-1477.97,-1485.07,-1490.61
500.0,850.0,-1478.97,-1486.35,-1491.92
550.0,850.0,-1479.97,-1487.63,-1493.24
600.0,850.0,-1480.96,-1488.93,-1494.54
650.0,850.0,-1481.96,-1490.21,-1495.84
700.0,850.0,-1482.94,-1491.49,-1497.11
750.0,850.0,-1483.91,-1492.75,-1498.36
800.0,850.0,-1484.86,-1493.98,-1499.57
850.0,850.0,-1485.79,-1495.18,-1500.75
900.0,850.0,-1486.69,-1496.34,-1501.9
950.0,850.0,-1487.56,-1497.47,-1503.0
1000.0,850.0,-1488.41,-1498.54,-1504.05
1050.0,850.0,-1489.21,-1499.56,-1505.06
1100.0,850.0,-1489.99,-1500.53,-1506.03
1150.0,850.0,-1490.72,-1501.44,-1506.94
1200.0,850.0,-1491.41,-1502.3,-1507.81
1250.0,850.0,-1492.06,-1503.09,-1508.63
1300.0,850.0,-1492.67,-1503.82,-1509.4
1350.0,850.0,-1493.24,-1504.49,-1510.12
1400.0,850.0,-1493.77,-1505.09,-1510.79
1450.0,850.0,-1494.25,-1505.63,-1511.41
1500.0,850.0,-1494.7,-1506.11,-1511.99
1550.0,850.0,-1495.1,-1506.53,-1512.51
1600.0,850.0,-1495.47,-1506.89,-1512.98
1650.0,850.0,-1495.79,-1507.19,-1513.39
1700.0,850.0,-1496.09,-1507.43,-1513.75
1750.0,850.0,-1496.34,-1507.61,-1514.05
1800.0,850.0,-1496.56,-1507.74,-1514.3
1850.0,850.0,-1496.75,-1507.82,-1514.49
1900.0,850.0,-1496.91,-1507.85,-1514.63
1950.0,850.0,-1497.03,-1507.84,-1514.71
2000.0,850.0,-1497.13,-1507.79,-1514.74
2050.0,850.0,-1497.19,-1507.7,-1514.72
2100.0,850.0,-1497.22,-1507.58,-1514.66
2150.0,850.0,-1497.23,-1507.44,-1514.56
2200.0,850.0,-1497.2,-1507.27,-1514.43
2250.0,850.0,-1497.15,-1507.09,-1514.27
2300.0,850.0,-1497.07,-1506.9,-1514.1
2350.0,850.0,-1496.96,-1506.7,-1513.9
2400.0,850.0,-1496.82,-1506.49,-1513.7
2450.0,850.0,-1496.65,-1506.28,-1513.49
2500.0,850.0,-1496.46,-1506.06,-1513.28
2550.0,850.0,-1496.23,-1505.83,-1513.07
2600.0,850.0,-1495.98,-1505.6,-1512.85
2650.0,850.0,-1495.71,-1505.35,-1512.64
2700.0,850.0,-1495.41,-1505.08,-1512.42
2750.0,850.0,-1495.09,-1504.8,-1512.19
2800.0,850.0,-1494.75,-1504.49,-1511.96
2850.0,850.0,-1494.4,-1504.15,-1511.72
2900.0,850.0,-1494.02,-1503.77,-1511.46
2950.0,850.0,-1493.64,-1503.37,-1511.19
3000.0,850.0,-1493.25,-1502.93,-1510.9
3050.0,850.0,-1492.85,-1502.46,-1510.59
3100.0,850.0,-1492.45,-1501.96,-1510.25
3150.0,850.0,-1492.05,-1501.44,-1509.9
3200.0,850.0,-1491.65,-1500.89,-1509.53
3250.0,850.0,-1491.27,-1500.33,-1509.14
3300.0,850.0,-1490.91,-1499.77,-1508.74
3350.0,850.0,-1490.56,-1499.2,-1508.33
3400.0,850.0,-1490.23,-1498.65,-1507.91
3450.0,850.0,-1489.93,-1498.12,-1507.49
3500.0,850.0,-1489.66,-1497.61,-1507.07
3550.0,850.0,-1489.42,-1497.13,-1506.66
3600.0,850.0,-1489.21,-1496.69,-1506.26
3650.0,850.0,-1489.05,-1496.29,-1505.87
3700.0,850.0,-1488.92,-1495.94,-1505.49
3750.0,850.0,-1488.84,-1495.64,-1505.13
3800.0,850.0,-1488.8,-1495.38,-1504.78
3850.0,850.0,-1488.8,-1495.18,-1504.46
3900.0,850.0,-1488.84,-1495.02,-1504.15
3950.0,850.0,-1488.93,-1494.91,-1503.87
4000.0,850.0,-1489.06,-1494.85,-1503.62
4050.0,850.0,-1489.23,-1494.84,-1503.39
4100.0,850.0,-1489.44,-1494.88,-1503.2
4150.0,850.0,-1489.7,-1494.97,-1503.04
4200.0,850.0,-1489.99,-1495.1,-1502.92
4250.0,850.0,-1490.31,-1495.29,-1502.86
4300.0,850.0,-1490.67,-1495.53,-1502.84
4350.0,850.0,-1491.06,-1495.83,-1502.89
4400.0,850.0,-1491.48,-1496.19,-1503.01
4450.0,850.0,-1491.93,-1496.61,-1503.19
4500.0,850.0,-1492.4,-1497.1,-1503.45
4550.0,850.0,-1492.91,-1497.65,-1503.8
4600.0,850.0,-1493.43,-1498.26,-1504.23
4650.0,850.0,-1493.99,-1498.94,-1504.74
4700.0,850.0,-1494.56,-1499.69,-1505.34
4750.0,850.0,-1495.17,-1500.5,-1506.03
4800.0,850.0,-1495.79,-1501.37,-1506.79
4850.0,850.0,-1496.44,-1502.29,-1507.64
4900.0,850.0,-1497.12,-1503.27,-1508.56
4950.0,850.0,-1497.82,-1504.29,-1509.56
5000.0,850.0,-1498.55,-1505.36,-1510.61
0.0,900.0,-1469.61,-1475.13,-1479.96
50.0,900.0,-1470.43,-1476.02,-1480.91
100.0,900.0,-1471.28,-1476.97,-1481.95
150.0,900.0,-1472.15,-1477.99,-1483.04
200.0,900.0,-1473.04,-1479.07,-1484.2
250.0,900.0,-1473.96,-1480.19,-1485.4
300.0,900.0,-1474.9,-1481.36,-1486.65
350.0,900.0,-1475.85,-1482.56,-1487.92
400.0,900.0,-1476.82,-1483.79,-1489.21
450.0,900.0,-1477.79,-1485.04,-1490.52
500.0,900.0,-1478.77,-1486.31,-1491.83
550.0,900.0,-1479.76,-1487.58,-1493.14
600.0,900.0,-1480.74,-1488.85,-1494.44
650.0,900.0,-1481.71,-1490.11,-1495.71
700.0,900.0,-1482.68,-1491.36,-1496.97
750.0,900.0,-1483.63,-1492.59,-1498.19
800.0,900.0,-1484.57,-1493.79,-1499.38
850.0,900.0,-1485.48,-1494.96,-1500.53
900.0,900.0,-1486.36,-1496.09,-1501.64
950.0,900.0,-1487.22,-1497.18,-1502.71
1000.0,900.0,-1488.05,-1498.22,-1503.73
1050.0,900.0,-1488.85,-1499.21,-1504.71
1100.0,900.0,-1489.61,-1500.15,-1505.64
1150.0,900.0,-1490.33,-1501.04,-1506.53
1200.0,900.0,-1491.01,-1501.87,-1507.38
1250.0,900.0,-1491.66,-1502.65,-1508.18
1300.0,900.0,-1492.27,-1503.36,-1508.94
1350.0,900.0,-1492.83,-1504.02,-1509.65
1400.0,900.0,-1493.36,-1504.62,-1510.32
1450.0,900.0,-1493.85,-1505.17,-1510.95
1500.0,900.0,-1494.3,-1505.65,-1511.54
1550.0,900.0,-1494.71,-1506.08,-1512.07
1600.0,900.0,-1495.08,-1506.45,-1512.56
1650.0,900.0,-1495.42,-1506.76,-1513.0
1700.0,900.0,-1495.72,-1507.01,-1513.39
1750.0,900.0,-1495.99,-1507.21,-1513.73
1800.0,900.0,-1496.23,-1507.36,-1514.01
1850.0,900.0,-1496.43,-1507.45,-1514.23
1900.0,900.0,-1496.61,-1507.5,-1514.4
1950.0,900.0,-1496.75,-1507.5,-1514.52
2000.0,900.0,-1496.86,-1507.46,-1514.59
2050.0,900.0,-1496.94,-1507.39,-1514.6
2100.0,900.0,-1496.99,-1507.29,-1514.57
2150.0,900.0,-1497.01,-1507.16,-1514.5
2200.0,900.0,-1497.0,-1507.01,-1514.4
2250.0,900.0,-1496.96,-1506.85,-1514.26
2300.0,900.0,-1496.89,-1506.68,-1514.11
2350.0,900.0,-1496.8,-1506.5,-1513.93
2400.0,900.0,-1496.67,-1506.31,-1513.73
2450.0,900.0,-1496.51,-1506.11,-1513.53
2500.0,900.0,-1496.33,-1505.92,-1513.32
2550.0,900.0,-1496.11,-1505.71,-1513.1
2600.0,900.0,-1495.87,-1505.49,-1512.87
2650.0,900.0,-1495.6,-1505.26,-1512.64
2700.0,900.0,-1495.31,-1505.02,-1512.41
2750.0,900.0,-1495.0,-1504.75,-1512.16
2800.0,900.0,-1494.66,-1504.45,-1511.91
2850.0,900.0,-1494.31,-1504.13,-1511.64
2900.0,900.0,-1493.94,-1503.77,-1511.36
2950.0,900.0,-1493.56,-1503.38,-1511.07
3000.0,900.0,-1493.18,-1502.96,-1510.75
3050.0,900.0,-1492.79,-1502.51,-1510.42
3100.0,900.0,-1492.39,-1502.02,-1510.08
3150.0,900.0,-1492.0,-1501.52,-1509.72
3200.0,900.0,-1491.62,-1500.99,-1509.35
3250.0,900.0,-1491.25,-1500.45,-1508.97
3300.0,900.0,-1490.9,-1499.91,-1508.58
3350.0,900.0,-1490.57,-1499.37,-1508.19
3400.0,900.0,-1490.26,-1498.84,-1507.8
3450.0,900.0,-1489.98,-1498.33,-1507.42
3500.0,900.0,-1489.73,-1497.84,-1507.04
3550.0,900.0,-1489.51,-1497.39,-1506.68
3600.0,900.0,-1489.33,-1496.98,-1506.33
3650.0,900.0,-1489.19,-1496.61,-1505.99
3700.0,900.0,-1489.1,-1496.28,-1505.66
3750.0,900.0,-1489.04,-1496.0,-1505.36
3800.0,900.0,-1489.03,-1495.77,-1505.07
3850.0,900.0,-1489.06,-1495.58,-1504.79
3900.0,900.0,-1489.14,-1495.45,-1504.54
3950.0,900.0,-1489.26,-1495.35,-1504.3
4000.0,900.0,-1489.42,-1495.31,-1504.09
4050.0,900.0,-1489.63,-1495.32,-1503.9
4100.0,900.0,-1489.87,-1495.37,-1503.74
4150.0,900.0,-1490.15,-1495.47,-1503.62
4200.0,900.0,-1490.47,-1495.62,-1503.53
4250.0,900.0,-1490.82,-1495.82,-1503.49
4300.0,900.0,-1491.21,-1496.08,-1503.49
4350.0,900.0,-1491.63,-1496.4,-1503.56
4400.0,900.0,-1492.07,-1496.77,-1503.69
4450.0,900.0,-1492.54,-1497.21,-1503.89
4500.0,900.0,-1493.04,-1497.71,-1504.17
4550.0,900.0,-1493.56,-1498.28,-1504.52
4600.0,900.0,-1494.1,-1498.92,-1504.96
4650.0,900.0,-1494.67,-1499.62,-1505.48
4700.0,900.0,-1495.26,-1500.39,-1506.09
4750.0,900.0,-1495.87,-1501.21,-1506.78
4800.0,900.0,-1496.5,-1502.1,-1507.56
4850.0,900.0,-1497.16,-1503.04,-1508.41
4900.0,900.0,-1497.84,-1504.03,-1509.33
4950.0,900.0,-1498.54,-1505.07,-1510.33
5000.0,900.0,-1499.27,-1506.15,-1511.38
0.0,950.0,-1469.57,-1475.18,-1479.93
50.0,950.0,-1470.38,-1476.07,-1480.88
100.0,950.0,-1471.22,-1477.02,-1481.92
150.0,950.0,-1472.08,-1478.04,-1483.02
200.0,950.0,-1472.96,-1479.11,-1484.18
250.0,950.0,-1473.87,-1480.23,-1485.38
300.0,950.0,-1474.79,-1481.4,-1486.63
350.0,950.0,-1475.73,-1482.59,-1487.9
400.0,950.0,-1476.68,-1483.81,-1489.2
450.0,950.0,-1477.64,-1485.05,-1490.5
500.0,950.0,-1478.6,-1486.3,-1491.8
550.0,950.0,-1479.57,-1487.55,-1493.1
600.0,950.0,-1480.54,-1488.8,-1494.38
650.0,950.0,-1481.49,-1490.04,-1495.64
700.0,950.0,-1482.44,-1491.25,-1496.86
750.0,950.0,-1483.37,-1492.45,-1498.06
800.0,950.0,-1484.29,-1493.61,-1499.22
850.0,950.0,-1485.18,-1494.74,-1500.34
900.0,950.0,-1486.05,-1495.83,-1501.41
950.0,950.0,-1486.9,-1496.88,-1502.44
1000.0,950.0,-1487.71,-1497.89,-1503.43
1050.0,950.0,-1488.49,-1498.85,-1504.37
1100.0,950.0,-1489.24,-1499.76,-1505.27
1150.0,950.0,-1489.95,-1500.62,-1506.13
1200.0,950.0,-1490.63,-1501.42,-1506.95
1250.0,950.0,-1491.27,-1502.18,-1507.73
1300.0,950.0,-1491.87,-1502.88,-1508.48
1350.0,950.0,-1492.43,-1503.54,-1509.18
1400.0,950.0,-1492.96,-1504.13,-1509.85
1450.0,950.0,-1493.45,-1504.68,-1510.48
1500.0,950.0,-1493.9,-1505.17,-1511.08
1550.0,950.0,-1494.32,-1505.6,-1511.63
1600.0,950.0,-1494.7,-1505.98,-1512.14
1650.0,950.0,-1495.05,-1506.31,-1512.6
1700.0,950.0,-1495.37,-1506.58,-1513.02
1750.0,950.0,-1495.65,-1506.79,-1513.39
1800.0,950.0,-1495.9,-1506.96,-1513.71
1850.0,950.0,-1496.12,-1507.07,-1513.97
1900.0,950.0,-1496.31,-1507.13,-1514.18
1950.0,950.0,-1496.46,-1507.16,-1514.34
2000.0,950.0,-1496.59,-1507.14,-1514.44
2050.0,950.0,-1496.69,-1507.08,-1514.49
2100.0,950.0,-1496.76,-1507.0,-1514.5
2150.0,950.0,-1496.79,-1506.89,-1514.47
2200.0,950.0,-1496.8,-1506.76,-1514.39
2250.0,950.0,-1496.77,-1506.62,-1514.29
2300.0,950.0,-1496.72,-1506.46,-1514.15
2350.0,950.0,-1496.63,-1506.3,-1513.99
2400.0,950.0,-1496.52,-1506.13,-1513.82
2450.0,950.0,-1496.37,-1505.96,-1513.62
2500.0,950.0,-1496.2,-1505.78,-1513.41
2550.0,950.0,-1495.99,-1505.59,-1513.19
2600.0,950.0,-1495.76,-1505.4,-1512.96
2650.0,950.0,-1495.5,-1505.18,-1512.72
2700.0,950.0,-1495.21,-1504.95,-1512.46
2750.0,950.0,-1494.9,-1504.7,-1512.2
2800.0,950.0,-1494.58,-1504.42,-1511.92
2850.0,950.0,-1494.23,-1504.11,-1511.62
2900.0,950.0,-1493.87,-1503.77,-1511.32
2950.0,950.0,-1493.5,-1503.4,-1510.99
3000.0,950.0,-1493.11,-1502.99,-1510.65
3050.0,950.0,-1492.73,-1502.55,-1510.3
3100.0,950.0,-1492.35,-1502.08,-1509.94
3150.0,950.0,-1491.97,-1501.59,-1509.56
3200.0,950.0,-1491.6,-1501.08,-1509.19
3250.0,950.0,-1491.24,-1500.56,-1508.8
3300.0,950.0,-1490.9,-1500.04,-1508.42
3350.0,950.0,-1490.59,-1499.53,-1508.05
3400.0,950.0,-1490.3,-1499.02,-1507.69
3450.0,950.0,-1490.04,-1498.54,-1507.33
3500.0,950.0,-1489.81,-1498.08,-1506.99
3550.0,950.0,-1489.62,-1497.66,-1506.67
3600.0,950.0,-1489.46,-1497.28,-1506.37
3650.0,950.0,-1489.35,-1496.93,-1506.08
3700.0,950.0,-1489.28,-1496.64,-1505.81
3750.0,950.0,-1489.26,-1496.38,-1505.56
3800.0,950.0,-1489.28,-1496.17,-1505.33
3850.0,950.0,-1489.34,-1496.01,-1505.11
3900.0,950.0,-1489.45,-1495.9,-1504.91
3950.0,950.0,-1489.6,-1495.83,-1504.73
4000.0,950.0,-1489.79,-1495.8,-1504.56
4050.0,950.0,-1490.03,-1495.83,-1504.42
4100.0,950.0,-1490.3,-1495.89,-1504.3
4150.0,950.0,-1490.62,-1496.01,-1504.22
4200.0,950.0,-1490.97,-1496.18,-1504.16
4250.0,950.0,-1491.35,-1496.4,-1504.15
4300.0,950.0,-1491.76,-1496.67,-1504.18
4350.0,950.0,-1492.2,-1497.0,-1504.27
4400.0,950.0,-1492.67,-1497.4,-1504.43
4450.0,950.0,-1493.16,-1497.85,-1504.64
4500.0,950.0,-1493.68,-1498.37,-1504.93
4550.0,950.0,-1494.22,-1498.96,-1505.3
4600.0,950.0,-1494.78,-1499.62,-1505.75
4650.0,950.0,-1495.36,-1500.33,-1506.28
4700.0,950.0,-1495.96,-1501.12,-1506.9
4750.0,950.0,-1496.58,-1501.96,-1507.59
4800.0,950.0,-1497.22,-1502.87,-1508.37
4850.0,950.0,-1497.88,-1503.82,-1509.22
4900.0,950.0,-1498.56,-1504.82,-1510.15
4950.0,950.0,-1499.27,-1505.87,-1511.14
5000.0,950.0,-1500.0,-1506.95,-1512.19
0.0,1000.0,-1469.56,-1475.3,-1480.0
50.0,1000.0,-1470.36,-1476.18,-1480.96
100.0,1000.0,-1471.19,-1477.14,-1481.99
150.0,1000.0,-1472.04,-1478.15,-1483.09
200.0,1000.0,-1472.91,-1479.22,-1484.25
250.0,1000.0,-1473.8,-1480.33,-1485.45
300.0,1000.0,-1474.71,-1481.48,-1486.7
350.0,1000.0,-1475.64,-1482.67,-1487.96
400.0,1000.0,-1476.57,-1483.87,-1489.25
450.0,1000.0,-1477.52,-1485.09,-1490.54
500.0,1000.0,-1478.46,-1486.32,-1491.83
550.0,1000.0,-1479.41,-1487.55,-1493.11
600.0,1000.0,-1480.36,-1488.77,-1494.37
650.0,1000.0,-1481.3,-1489.97,-1495.6
700.0,1000.0,-1482.22,-1491.16,-1496.8
750.0,1000.0,-1483.14,-1492.31,-1497.97
800.0,1000.0,-1484.03,-1493.44,-1499.09
850.0,1000.0,-1484.91,-1494.53,-1500.17
900.0,1000.0,-1485.76,-1495.58,-1501.21
950.0,1000.0,-1486.59,-1496.58,-1502.2
1000.0,1000.0,-1487.38,-1497.55,-1503.15
1050.0,1000.0,-1488.15,-1498.47,-1504.05
1100.0,1000.0,-1488.88,-1499.35,-1504.92
1150.0,1000.0,-1489.58,-1500.17,-1505.74
1200.0,1000.0,-1490.25,-1500.96,-1506.53
1250.0,1000.0,-1490.88,-1501.69,-1507.29
1300.0,1000.0,-1491.48,-1502.38,-1508.02
1350.0,1000.0,-1492.04,-1503.02,-1508.71
1400.0,1000.0,-1492.56,-1503.62,-1509.38
1450.0,1000.0,-1493.05,-1504.16,-1510.01
1500.0,1000.0,-1493.51,-1504.66,-1510.61
1550.0,1000.0,-1493.93,-1505.1,-1511.17
1600.0,1000.0,-1494.32,-1505.49,-1511.7
1650.0,1000.0,-1494.68,-1505.83,-1512.19
1700.0,1000.0,-1495.01,-1506.12,-1512.64
1750.0,1000.0,-1495.3,-1506.36,-1513.04
1800.0,1000.0,-1495.57,-1506.54,-1513.39
1850.0,1000.0,-1495.8,-1506.67,-1513.69
1900.0,1000.0,-1496.01,-1506.76,-1513.94
1950.0,1000.0,-1496.18,-1506.8,-1514.14
2000.0,1000.0,-1496.32,-1506.8,-1514.29
2050.0,1000.0,-1496.44,-1506.77,-1514.39
2100.0,1000.0,-1496.52,-1506.71,-1514.44
2150.0,1000.0,-1496.57,-1506.62,-1514.44
2200.0,1000.0,-1496.6,-1506.51,-1514.41
2250.0,1000.0,-1496.59,-1506.39,-1514.33
2300.0,1000.0,-1496.55,-1506.26,-1514.23
2350.0,1000.0,-1496.47,-1506.12,-1514.1
2400.0,1000.0,-1496.37,-1505.97,-1513.94
2450.0,1000.0,-1496.24,-1505.81,-1513.76
2500.0,1000.0,-1496.07,-1505.65,-1513.56
2550.0,1000.0,-1495.87,-1505.49,-1513.34
2600.0,1000.0,-1495.65,-1505.31,-1513.1
2650.0,1000.0,-1495.4,-1505.11,-1512.85
2700.0,1000.0,-1495.12,-1504.9,-1512.58
2750.0,1000.0,-1494.82,-1504.66,-1512.3
2800.0,1000.0,-1494.49,-1504.39,-1511.99
2850.0,1000.0,-1494.15,-1504.1,-1511.67
2900.0,1000.0,-1493.8,-1503.77,-1511.33
2950.0,1000.0,-1493.43,-1503.41,-1510.97
3000.0,1000.0,-1493.06,-1503.02,-1510.61
3050.0,1000.0,-1492.69,-1502.59,-1510.23
3100.0,1000.0,-1492.31,-1502.14,-1509.84
3150.0,1000.0,-1491.94,-1501.66,-1509.44
3200.0,1000.0,-1491.59,-1501.17,-1509.05
3250.0,1000.0,-1491.24,-1500.68,-1508.66
3300.0,1000.0,-1490.92,-1500.18,-1508.29
3350.0,1000.0,-1490.62,-1499.69,-1507.92
3400.0,1000.0,-1490.35,-1499.21,-1507.57
3450.0,1000.0,-1490.11,-1498.76,-1507.25
3500.0,1000.0,-1489.9,-1498.33,-1506.94
3550.0,1000.0,-1489.73,-1497.94,-1506.66
3600.0,1000.0,-1489.61,-1497.58,-1506.4
3650.0,1000.0,-1489.52,-1497.27,-1506.16
3700.0,1000.0,-1489.48,-1497.0,-1505.95
3750.0,1000.0,-1489.48,-1496.78,-1505.75
3800.0,1000.0,-1489.53,-1496.6,-1505.58
3850.0,1000.0,-1489.63,-1496.47,-1505.42
3900.0,1000.0,-1489.77,-1496.38,-1505.27
3950.0,1000.0,-1489.95,-1496.33,-1505.15
4000.0,1000.0,-1490.17,-1496.33,-1505.04
4050.0,1000.0,-1490.44,-1496.37,-1504.95
4100.0,1000.0,-1490.75,-1496.46,-1504.88
4150.0,1000.0,-1491.09,-1496.59,-1504.83
4200.0,1000.0,-1491.47,-1496.78,-1504.82
4250.0,1000.0,-1491.87,-1497.01,-1504.84
4300.0,1000.0,-1492.31,-1497.3,-1504.91
4350.0,1000.0,-1492.78,-1497.65,-1505.03
4400.0,1000.0,-1493.27,-1498.06,-1505.21
4450.0,1000.0,-1493.79,-1498.54,-1505.45
4500.0,1000.0,-1494.32,-1499.08,-1505.76
4550.0,1000.0,-1494.88,-1499.68,-1506.14
4600.0,1000.0,-1495.45,-1500.35,-1506.6
4650.0,1000.0,-1496.05,-1501.09,-1507.14
4700.0,1000.0,-1496.66,-1501.89,-1507.76
4750.0,1000.0,-1497.29,-1502.74,-1508.46
4800.0,1000.0,-1497.94,-1503.66,-1509.24
4850.0,1000.0,-1498.6,-1504.62,-1510.09
4900.0,1000.0,-1499.29,-1505.64,-1511.01
4950.0,1000.0,-1500.0,-1506.69,-1511.99
5000.0,1000.0,-1500.73,-1507.78,-1513.04
0.0,1050.0,-1469.59,-1475.47,-1480.17
50.0,1050.0,-1470.38,-1476.36,-1481.13
100.0,1050.0,-1471.2,-1477.3,-1482.16
150.0,1050.0,-1472.04,-1478.31,-1483.25
200.0,1050.0,-1472.9,-1479.37,-1484.41
250.0,1050.0,-1473.77,-1480.47,-1485.61
300.0,1050.0,-1474.67,-1481.61,-1486.84
350.0,1050.0,-1475.58,-1482.78,-1488.1
400.0,1050.0,-1476.5,-1483.97,-1489.37
450.0,1050.0,-1477.42,-1485.17,-1490.65
500.0,1050.0,-1478.35,-1486.37,-1491.92
550.0,1050.0,-1479.28,-1487.57,-1493.18
600.0,1050.0,-1480.2,-1488.75,-1494.41
650.0,1050.0,-1481.12,-1489.92,-1495.61
700.0,1050.0,-1482.03,-1491.07,-1496.78
750.0,1050.0,-1482.92,-1492.18,-1497.91
800.0,1050.0,-1483.8,-1493.26,-1498.99
850.0,1050.0,-1484.65,-1494.31,-1500.03
900.0,1050.0,-1485.48,-1495.31,-1501.03
950.0,1050.0,-1486.29,-1496.28,-1501.97
1000.0,1050.0,-1487.07,-1497.2,-1502.88
1050.0,1050.0,-1487.82,-1498.08,-1503.74
1100.0,1050.0,-1488.54,-1498.92,-1504.57
1150.0,1050.0,-1489.23,-1499.72,-1505.36
1200.0,1050.0,-1489.88,-1500.47,-1506.12
1250.0,1050.0,-1490.5,-1501.19,-1506.85
1300.0,1050.0,-1491.09,-1501.86,-1507.56
1350.0,1050.0,-1491.65,-1502.49,-1508.24
1400.0,1050.0,-1492.17,-1503.08,-1508.89
1450.0,1050.0,-1492.67,-1503.62,-1509.53
1500.0,1050.0,-1493.13,-1504.12,-1510.13
1550.0,1050.0,-1493.55,-1504.58,-1510.71
1600.0,1050.0,-1493.95,-1504.98,-1511.25
1650.0,1050.0,-1494.32,-1505.34,-1511.77
1700.0,1050.0,-1494.65,-1505.64,-1512.24
1750.0,1050.0,-1494.96,-1505.9,-1512.67
1800.0,1050.0,-1495.24,-1506.1,-1513.06
1850.0,1050.0,-1495.49,-1506.26,-1513.4
1900.0,1050.0,-1495.71,-1506.37,-1513.7
1950.0,1050.0,-1495.9,-1506.44,-1513.94
2000.0,1050.0,-1496.06,-1506.46,-1514.13
2050.0,1050.0,-1496.19,-1506.45,-1514.27
2100.0,1050.0,-1496.29,-1506.41,-1514.37
2150.0,1050.0,-1496.36,-1506.35,-1514.42
2200.0,1050.0,-1496.4,-1506.27,-1514.42
2250.0,1050.0,-1496.4,-1506.17,-1514.39
2300.0,1050.0,-1496.37,-1506.06,-1514.32
2350.0,1050.0,-1496.32,-1505.94,-1514.22
2400.0,1050.0,-1496.22,-1505.81,-1514.09
2450.0,1050.0,-1496.1,-1505.68,-1513.93
2500.0,1050.0,-1495.95,-1505.54,-1513.75
2550.0,1050.0,-1495.76,-1505.39,-1513.54
2600.0,1050.0,-1495.54,-1505.23,-1513.3
2650.0,1050.0,-1495.3,-1505.05,-1513.04
2700.0,1050.0,-1495.03,-1504.85,-1512.76
2750.0,1050.0,-1494.73,-1504.62,-1512.45
2800.0,1050.0,-1494.42,-1504.37,-1512.13
2850.0,1050.0,-1494.09,-1504.09,-1511.78
2900.0,1050.0,-1493.74,-1503.77,-1511.41
2950.0,1050.0,-1493.38,-1503.42,-1511.02
3000.0,1050.0,-1493.02,-1503.04,-1510.62
3050.0,1050.0,-1492.65,-1502.63,-1510.21
3100.0,1050.0,-1492.28,-1502.19,-1509.79
3150.0,1050.0,-1491.93,-1501.73,-1509.37
3200.0,1050.0,-1491.58,-1501.26,-1508.96
3250.0,1050.0,-1491.25,-1500.79,-1508.56
3300.0,1050.0,-1490.95,-1500.31,-1508.18
3350.0,1050.0,-1490.66,-1499.84,-1507.82
3400.0,1050.0,-1490.41,-1499.4,-1507.48
3450.0,1050.0,-1490.19,-1498.97,-1507.17
3500.0,1050.0,-1490.01,-1498.58,-1506.89
3550.0,1050.0,-1489.86,-1498.22,-1506.64
3600.0,1050.0,-1489.76,-1497.9,-1506.43
3650.0,1050.0,-1489.7,-1497.62,-1506.24
3700.0,1050.0,-1489.69,-1497.39,-1506.07
3750.0,1050.0,-1489.72,-1497.19,-1505.94
3800.0,1050.0,-1489.8,-1497.05,-1505.82
3850.0,1050.0,-1489.93,-1496.94,-1505.72
3900.0,1050.0,-1490.09,-1496.88,-1505.63
3950.0,1050.0,-1490.31,-1496.86,-1505.57
4000.0,1050.0,-1490.56,-1496.88,-1505.51
4050.0,1050.0,-1490.86,-1496.95,-1505.48
4100.0,1050.0,-1491.2,-1497.06,-1505.46
4150.0,1050.0,-1491.57,-1497.21,-1505.46
4200.0,1050.0,-1491.97,-1497.42,-1505.5
4250.0,1050.0,-1492.41,-1497.67,-1505.56
4300.0,1050.0,-1492.87,-1497.98,-1505.67
4350.0,1050.0,-1493.36,-1498.35,-1505.82
4400.0,1050.0,-1493.88,-1498.77,-1506.03
4450.0,1050.0,-1494.41,-1499.26,-1506.3
4500.0,1050.0,-1494.97,-1499.82,-1506.63
4550.0,1050.0,-1495.54,-1500.44,-1507.03
4600.0,1050.0,-1496.13,-1501.12,-1507.5
4650.0,1050.0,-1496.74,-1501.87,-1508.05
4700.0,1050.0,-1497.36,-1502.69,-1508.68
4750.0,1050.0,-1498.0,-1503.55,-1509.38
4800.0,1050.0,-1498.66,-1504.48,-1510.16
4850.0,1050.0,-1499.33,-1505.45,-1511.0
4900.0,1050.0,-1500.02,-1506.47,-1511.91
4950.0,1050.0,-1500.73,-1507.52,-1512.89
5000.0,1050.0,-1501.45,-1508.61,-1513.92
0.0,1100.0,-1469.65,-1475.7,-1480.44
50.0,1100.0,-1470.43,-1476.58,-1481.39
100.0,1100.0,-1471.24,-1477.52,-1482.41
150.0,1100.0,-1472.07,-1478.51,-1483.5
200.0,1100.0,-1472.91,-1479.56,-1484.65
250.0,1100.0,-1473.78,-1480.65,-1485.84
300.0,1100.0,-1474.66,-1481.77,-1487.06
350.0,1100.0,-1475.55,-1482.92,-1488.3
400.0,1100.0,-1476.45,-1484.09,-1489.56
450.0,1100.0,-1477.36,-1485.26,-1490.82
500.0,1100.0,-1478.26,-1486.43,-1492.06
550.0,1100.0,-1479.17,-1487.6,-1493.29
600.0,1100.0,-1480.08,-1488.75,-1494.5
650.0,1100.0,-1480.97,-1489.88,-1495.67
700.0,1100.0,-1481.86,-1490.98,-1496.8
750.0,1100.0,-1482.73,-1492.05,-1497.88
800.0,1100.0,-1483.58,-1493.09,-1498.93
850.0,1100.0,-1484.41,-1494.09,-1499.92
900.0,1100.0,-1485.22,-1495.05,-1500.87
950.0,1100.0,-1486.01,-1495.96,-1501.77
1000.0,1100.0,-1486.77,-1496.84,-1502.63
1050.0,1100.0,-1487.5,-1497.68,-1503.45
1100.0,1100.0,-1488.21,-1498.48,-1504.23
1150.0,1100.0,-1488.88,-1499.24,-1504.99
1200.0,1100.0,-1489.52,-1499.97,-1505.72
1250.0,1100.0,-1490.14,-1500.66,-1506.42
1300.0,1100.0,-1490.72,-1501.32,-1507.1
1350.0,1100.0,-1491.27,-1501.94,-1507.76
1400.0,1100.0,-1491.79,-1502.52,-1508.41
1450.0,1100.0,-1492.28,-1503.06,-1509.04
1500.0,1100.0,-1492.75,-1503.57,-1509.64
1550.0,1100.0,-1493.18,-1504.03,-1510.23
1600.0,1100.0,-1493.58,-1504.45,-1510.79
1650.0,1100.0,-1493.96,-1504.82,-1511.32
1700.0,1100.0,-1494.3,-1505.15,-1511.82
1750.0,1100.0,-1494.62,-1505.43,-1512.29
1800.0,1100.0,-1494.91,-1505.66,-1512.71
1850.0,1100.0,-1495.18,-1505.84,-1513.09
1900.0,1100.0,-1495.41,-1505.97,-1513.42
1950.0,1100.0,-1495.62,-1506.06,-1513.71
2000.0,1100.0,-1495.79,-1506.12,-1513.95
2050.0,1100.0,-1495.94,-1506.13,-1514.14
2100.0,1100.0,-1496.06,-1506.12,-1514.29
2150.0,1100.0,-1496.14,-1506.08,-1514.38
2200.0,1100.0,-1496.2,-1506.03,-1514.44
2250.0,1100.0,-1496.22,-1505.95,-1514.45
2300.0,1100.0,-1496.2,-1505.87,-1514.42
2350.0,1100.0,-1496.16,-1505.77,-1514.36
2400.0,1100.0,-1496.08,-1505.67,-1514.26
2450.0,1100.0,-1495.97,-1505.56,-1514.13
2500.0,1100.0,-1495.82,-1505.44,-1513.96
2550.0,1100.0,-1495.65,-1505.3,-1513.76
2600.0,1100.0,-1495.44,-1505.16,-1513.54
2650.0,1100.0,-1495.21,-1504.99,-1513.28
2700.0,1100.0,-1494.94,-1504.81,-1512.98
2750.0,1100.0,-1494.66,-1504.6,-1512.66
2800.0,1100.0,-1494.35,-1504.36,-1512.31
2850.0,1100.0,-1494.02,-1504.08,-1511.94
2900.0,1100.0,-1493.68,-1503.78,-1511.54
2950.0,1100.0,-1493.33,-1503.44,-1511.12
3000.0,1100.0,-1492.98,-1503.07,-1510.69
3050.0,1100.0,-1492.62,-1502.67,-1510.24
3100.0,1100.0,-1492.27,-1502.24,-1509.8
3150.0,1100.0,-1491.92,-1501.8,-1509.35
3200.0,1100.0,-1491.59,-1501.35,-1508.92
3250.0,1100.0,-1491.28,-1500.89,-1508.5
3300.0,1100.0,-1490.99,-1500.44,-1508.11
3350.0,1100.0,-1490.72,-1500.0,-1507.75
3400.0,1100.0,-1490.49,-1499.58,-1507.42
3450.0,1100.0,-1490.29,-1499.19,-1507.12
3500.0,1100.0,-1490.13,-1498.83,-1506.86
3550.0,1100.0,-1490.01,-1498.5,-1506.65
3600.0,1100.0,-1489.93,-1498.22,-1506.47
3650.0,1100.0,-1489.9,-1497.97,-1506.32
3700.0,1100.0,-1489.91,-1497.78,-1506.21
3750.0,1100.0,-1489.97,-1497.62,-1506.12
3800.0,1100.0,-1490.08,-1497.51,-1506.06
3850.0,1100.0,-1490.23,-1497.43,-1506.02
3900.0,1100.0,-1490.43,-1497.4,-1505.99
3950.0,1100.0,-1490.68,-1497.41,-1505.98
4000.0,1100.0,-1490.96,-1497.46,-1505.99
4050.0,1100.0,-1491.29,-1497.55,-1506.01
4100.0,1100.0,-1491.65,-1497.69,-1506.05
4150.0,1100.0,-1492.05,-1497.87,-1506.11
4200.0,1100.0,-1492.48,-1498.09,-1506.2
4250.0,1100.0,-1492.94,-1498.37,-1506.31
4300.0,1100.0,-1493.43,-1498.69,-1506.46
4350.0,1100.0,-1493.95,-1499.08,-1506.65
4400.0,1100.0,-1494.48,-1499.52,-1506.89
4450.0,1100.0,-1495.04,-1500.03,-1507.19
4500.0,1100.0,-1495.61,-1500.6,-1507.54
4550.0,1100.0,-1496.2,-1501.23,-1507.96
4600.0,1100.0,-1496.81,-1501.93,-1508.45
4650.0,1100.0,-1497.43,-1502.69,-1509.01
4700.0,1100.0,-1498.06,-1503.52,-1509.65
4750.0,1100.0,-1498.71,-1504.39,-1510.35
4800.0,1100.0,-1499.37,-1505.32,-1511.12
4850.0,1100.0,-1500.05,-1506.3,-1511.96
4900.0,1100.0,-1500.74,-1507.32,-1512.86
4950.0,1100.0,-1501.45,-1508.37,-1513.82
5000.0,1100.0,-1502.18,-1509.46,-1514.84
0.0,1150.0,-1469.75,-1475.97,-1480.78
50.0,1150.0,-1470.53,-1476.84,-1481.73
100.0,1150.0,-1471.32,-1477.77,-1482.75
150.0,1150.0,-1472.13,-1478.75,-1483.83
200.0,1150.0,-1472.97,-1479.78,-1484.96
250.0,1150.0,-1473.81,-1480.85,-1486.14
300.0,1150.0,-1474.68,-1481.96,-1487.34
350.0,1150.0,-1475.55,-1483.08,-1488.57
400.0,1150.0,-1476.43,-1484.22,-1489.8
450.0,1150.0,-1477.32,-1485.37,-1491.03
500.0,1150.0,-1478.21,-1486.51,-1492.25
550.0,1150.0,-1479.09,-1487.64,-1493.45
600.0,1150.0,-1479.97,-1488.76,-1494.62
650.0,1150.0,-1480.85,-1489.84,-1495.75
700.0,1150.0,-1481.71,-1490.9,-1496.84
750.0,1150.0,-1482.55,-1491.93,-1497.89
800.0,1150.0,-1483.38,-1492.91,-1498.88
850.0,1150.0,-1484.19,-1493.86,-1499.83
900.0,1150.0,-1484.98,-1494.77,-1500.73
950.0,1150.0,-1485.75,-1495.64,-1501.58
1000.0,1150.0,-1486.49,-1496.47,-1502.39
1050.0,1150.0,-1487.2,-1497.27,-1503.17
1100.0,1150.0,-1487.89,-1498.03,-1503.91
1150.0,1150.0,-1488.55,-1498.76,-1504.62
1200.0,1150.0,-1489.18,-1499.46,-1505.32
1250.0,1150.0,-1489.78,-1500.12,-1505.99
1300.0,1150.0,-1490.36,-1500.76,-1506.64
1350.0,1150.0,-1490.9,-1501.37,-1507.29
1400.0,1150.0,-1491.42,-1501.94,-1507.92
1450.0,1150.0,-1491.91,-1502.49,-1508.54
1500.0,1150.0,-1492.37,-1503.0,-1509.15
1550.0,1150.0,-1492.81,-1503.47,-1509.74
1600.0,1150.0,-1493.22,-1503.9,-1510.31
1650.0,1150.0,-1493.6,-1504.29,-1510.86
1700.0,1150.0,-1493.96,-1504.64,-1511.38
1750.0,1150.0,-1494.29,-1504.94,-1511.88
1800.0,1150.0,-1494.59,-1505.19,-1512.33
1850.0,1150.0,-1494.87,-1505.4,-1512.75
1900.0,1150.0,-1495.12,-1505.56,-1513.13
1950.0,1150.0,-1495.34,-1505.68,-1513.46
2000.0,1150.0,-1495.53,-1505.77,-1513.75
2050.0,1150.0,-1495.7,-1505.81,-1513.99
2100.0,1150.0,-1495.83,-1505.83,-1514.18
2150.0,1150.0,-1495.93,-1505.82,-1514.33
2200.0,1150.0,-1496.0,-1505.79,-1514.43
2250.0,1150.0,-1496.03,-1505.74,-1514.5
2300.0,1150.0,-1496.04,-1505.68,-1514.51
2350.0,1150.0,-1496.0,-1505.61,-1514.49
2400.0,1150.0,-1495.94,-1505.53,-1514.43
2450.0,1150.0,-1495.84,-1505.44,-1514.33
2500.0,1150.0,-1495.71,-1505.34,-1514.19
2550.0,1150.0,-1495.54,-1505.23,-1514.01
2600.0,1150.0,-1495.34,-1505.1,-1513.8
2650.0,1150.0,-1495.12,-1504.95,-1513.54
2700.0,1150.0,-1494.86,-1504.78,-1513.25
2750.0,1150.0,-1494.58,-1504.58,-1512.92
2800.0,1150.0,-1494.29,-1504.34,-1512.55
2850.0,1150.0,-1493.97,-1504.08,-1512.15
2900.0,1150.0,-1493.64,-1503.78,-1511.73
2950.0,1150.0,-1493.3,-1503.45,-1511.28
3000.0,1150.0,-1492.95,-1503.09,-1510.81
3050.0,1150.0,-1492.61,-1502.7,-1510.33
3100.0,1150.0,-1492.26,-1502.29,-1509.86
3150.0,1150.0,-1491.93,-1501.87,-1509.38
3200.0,1150.0,-1491.61,-1501.43,-1508.93
3250.0,1150.0,-1491.32,-1500.99,-1508.49
3300.0,1150.0,-1491.04,-1500.57,-1508.09
3350.0,1150.0,-1490.79,-1500.15,-1507.72
3400.0,1150.0,-1490.58,-1499.76,-1507.39
3450.0,1150.0,-1490.4,-1499.4,-1507.1
3500.0,1150.0,-1490.26,-1499.08,-1506.87
3550.0,1150.0,-1490.17,-1498.79,-1506.67
3600.0,1150.0,-1490.11,-1498.54,-1506.52
3650.0,1150.0,-1490.11,-1498.33,-1506.42
3700.0,1150.0,-1490.15,-1498.17,-1506.35
3750.0,1150.0,-1490.24,-1498.05,-1506.31
3800.0,1150.0,-1490.37,-1497.98,-1506.3
3850.0,1150.0,-1490.55,-1497.94,-1506.32
3900.0,1150.0,-1490.78,-1497.94,-1506.36
3950.0,1150.0,-1491.05,-1497.99,-1506.41
4000.0,1150.0,-1491.37,-1498.07,-1506.47
4050.0,1150.0,-1491.72,-1498.19,-1506.56
4100.0,1150.0,-1492.11,-1498.35,-1506.65
4150.0,1150.0,-1492.54,-1498.55,-1506.77
4200.0,1150.0,-1493.0,-1498.8,-1506.91
4250.0,1150.0,-1493.48,-1499.1,-1507.07
4300.0,1150.0,-1493.99,-1499.44,-1507.27
4350.0,1150.0,-1494.53,-1499.85,-1507.5
4400.0,1150.0,-1495.09,-1500.31,-1507.78
4450.0,1150.0,-1495.66,-1500.83,-1508.11
4500.0,1150.0,-1496.25,-1501.42,-1508.49
4550.0,1150.0,-1496.86,-1502.06,-1508.94
4600.0,1150.0,-1497.48,-1502.77,-1509.44
4650.0,1150.0,-1498.11,-1503.54,-1510.01
4700.0,1150.0,-1498.75,-1504.37,-1510.65
4750.0,1150.0,-1499.41,-1505.25,-1511.35
4800.0,1150.0,-1500.08,-1506.19,-1512.12
4850.0,1150.0,-1500.76,-1507.16,-1512.95
4900.0,1150.0,-1501.46,-1508.18,-1513.84
4950.0,1150.0,-1502.17,-1509.23,-1514.78
5000.0,1150.0,-1502.89,-1510.31,-1515.78
0.0,1200.0,-1469.89,-1476.28,-1481.19
50.0,1200.0,-1470.65,-1477.13,-1482.13
100.0,1200.0,-1471.43,-1478.04,-1483.14
150.0,1200.0,-1472.23,-1479.01,-1484.21
200.0,1200.0,-1473.05,-1480.02,-1485.33
250.0,1200.0,-1473.88,-1481.08,-1486.49
300.0,1200.0,-1474.73,-1482.16,-1487.68
350.0,1200.0,-1475.58,-1483.26,-1488.88
400.0,1200.0,-1476.44,-1484.37,-1490.09
450.0,1200.0,-1477.31,-1485.49,-1491.3
500.0,1200.0,-1478.17,-1486.6,-1492.49
550.0,1200.0,-1479.04,-1487.69,-1493.65
600.0,1200.0,-1479.89,-1488.76,-1494.78
650.0,1200.0,-1480.74,-1489.81,-1495.87
700.0,1200.0,-1481.58,-1490.82,-1496.92
750.0,1200.0,-1482.4,-1491.8,-1497.91
800.0,1200.0,-1483.21,-1492.73,-1498.86
850.0,1200.0,-1483.99,-1493.63,-1499.76
900.0,1200.0,-1484.76,-1494.49,-1500.61
950.0,1200.0,-1485.5,-1495.31,-1501.41
1000.0,1200.0,-1486.22,-1496.1,-1502.17
1050.0,1200.0,-1486.91,-1496.85,-1502.9
1100.0,1200.0,-1487.58,-1497.57,-1503.6
1150.0,1200.0,-1488.23,-1498.26,-1504.27
1200.0,1200.0,-1488.84,-1498.93,-1504.92
1250.0,1200.0,-1489.43,-1499.57,-1505.56
1300.0,1200.0,-1490.0,-1500.19,-1506.19
1350.0,1200.0,-1490.54,-1500.78,-1506.81
1400.0,1200.0,-1491.05,-1501.35,-1507.43
1450.0,1200.0,-1491.54,-1501.9,-1508.04
1500.0,1200.0,-1492.0,-1502.41,-1508.64
1550.0,1200.0,-1492.44,-1502.89,-1509.23
1600.0,1200.0,-1492.86,-1503.34,-1509.81
1650.0,1200.0,-1493.25,-1503.74,-1510.38
1700.0,1200.0,-1493.62,-1504.11,-1510.92
1750.0,1200.0,-1493.96,-1504.44,-1511.44
1800.0,1200.0,-1494.27,-1504.72,-1511.93
1850.0,1200.0,-1494.56,-1504.95,-1512.38
1900.0,1200.0,-1494.83,-1505.14,-1512.8
1950.0,1200.0,-1495.06,-1505.3,-1513.18
2000.0,1200.0,-1495.27,-1505.41,-1513.51
2050.0,1200.0,-1495.45,-1505.49,-1513.8
2100.0,1200.0,-1495.6,-1505.53,-1514.05
2150.0,1200.0,-1495.72,-1505.55,-1514.25
2200.0,1200.0,-1495.8,-1505.55,-1514.4
2250.0,1200.0,-1495.85,-1505.54,-1514.52
2300.0,1200.0,-1495.87,-1505.5,-1514.58
2350.0,1200.0,-1495.85,-1505.46,-1514.61
2400.0,1200.0,-1495.8,-1505.4,-1514.59
2450.0,1200.0,-1495.71,-1505.34,-1514.53
2500.0,1200.0,-1495.59,-1505.26,-1514.42
2550.0,1200.0,-1495.43,-1505.16,-1514.27
2600.0,1200.0,-1495.25,-1505.05,-1514.07
2650.0,1200.0,-1495.03,-1504.91,-1513.82
2700.0,1200.0,-1494.79,-1504.75,-1513.53
2750.0,1200.0,-1494.52,-1504.56,-1513.19
2800.0,1200.0,-1494.23,-1504.34,-1512.82
2850.0,1200.0,-1493.92,-1504.08,-1512.4
2900.0,1200.0,-1493.6,-1503.79,-1511.95
2950.0,1200.0,-1493.27,-1503.47,-1511.48
3000.0,1200.0,-1492.93,-1503.12,-1510.98
3050.0,1200.0,-1492.6,-1502.74,-1510.48
3100.0,1200.0,-1492.27,-1502.34,-1509.97
3150.0,1200.0,-1491.95,-1501.93,-1509.47
3200.0,1200.0,-1491.65,-1501.51,-1508.99
3250.0,1200.0,-1491.36,-1501.1,-1508.53
3300.0,1200.0,-1491.11,-1500.69,-1508.11
3350.0,1200.0,-1490.88,-1500.3,-1507.74
3400.0,1200.0,-1490.68,-1499.94,-1507.41
3450.0,1200.0,-1490.53,-1499.62,-1507.13
3500.0,1200.0,-1490.41,-1499.32,-1506.9
3550.0,1200.0,-1490.34,-1499.07,-1506.73
3600.0,1200.0,-1490.31,-1498.86,-1506.61
3650.0,1200.0,-1490.33,-1498.7,-1506.54
3700.0,1200.0,-1490.39,-1498.58,-1506.51
3750.0,1200.0,-1490.51,-1498.5,-1506.52
3800.0,1200.0,-1490.67,-1498.46,-1506.56
3850.0,1200.0,-1490.88,-1498.46,-1506.63
3900.0,1200.0,-1491.14,-1498.5,-1506.73
3950.0,1200.0,-1491.44,-1498.58,-1506.84
4000.0,1200.0,-1491.78,-1498.69,-1506.96
4050.0,1200.0,-1492.16,-1498.84,-1507.11
4100.0,1200.0,-1492.58,-1499.03,-1507.26
4150.0,1200.0,-1493.03,-1499.26,-1507.44
4200.0,1200.0,-1493.51,-1499.53,-1507.63
4250.0,1200.0,-1494.02,-1499.85,-1507.84
4300.0,1200.0,-1494.56,-1500.22,-1508.09
4350.0,1200.0,-1495.11,-1500.65,-1508.37
4400.0,1200.0,-1495.69,-1501.12,-1508.69
4450.0,1200.0,-1496.28,-1501.66,-1509.05
4500.0,1200.0,-1496.89,-1502.26,-1509.46
4550.0,1200.0,-1497.51,-1502.92,-1509.93
4600.0,1200.0,-1498.14,-1503.64,-1510.46
4650.0,1200.0,-1498.78,-1504.41,-1511.04
4700.0,1200.0,-1499.44,-1505.25,-1511.69
4750.0,1200.0,-1500.1,-1506.13,-1512.39
4800.0,1200.0,-1500.78,-1507.06,-1513.15
4850.0,1200.0,-1501.47,-1508.04,-1513.97
4900.0,1200.0,-1502.16,-1509.05,-1514.85
4950.0,1200.0,-1502.87,-1510.09,-1515.77
5000.0,1200.0,-1503.6,-1511.16,-1516.74
0.0,1250.0,-1470.06,-1476.6,-1481.64
50.0,1250.0,-1470.81,-1477.44,-1482.58
100.0,1250.0,-1471.58,-1478.34,-1483.59
150.0,1250.0,-1472.36,-1479.29,-1484.64
200.0,1250.0,-1473.16,-1480.28,-1485.75
250.0,1250.0,-1473.98,-1481.31,-1486.89
300.0,1250.0,-1474.81,-1482.37,-1488.06
350.0,1250.0,-1475.64,-1483.44,-1489.24
400.0,1250.0,-1476.48,-1484.52,-1490.42
450.0,1250.0,-1477.32,-1485.6,-1491.59
500.0,1250.0,-1478.17,-1486.68,-1492.75
550.0,1250.0,-1479.01,-1487.73,-1493.88
600.0,1250.0,-1479.84,-1488.76,-1494.97
650.0,1250.0,-1480.66,-1489.76,-1496.01
700.0,1250.0,-1481.47,-1490.73,-1497.01
750.0,1250.0,-1482.27,-1491.66,-1497.96
800.0,1250.0,-1483.05,-1492.55,-1498.86
850.0,1250.0,-1483.81,-1493.4,-1499.7
900.0,1250.0,-1484.55,-1494.21,-1500.5
950.0,1250.0,-1485.27,-1494.98,-1501.25
1000.0,1250.0,-1485.97,-1495.72,-1501.96
1050.0,1250.0,-1486.64,-1496.43,-1502.64
1100.0,1250.0,-1487.29,-1497.11,-1503.29
1150.0,1250.0,-1487.92,-1497.76,-1503.92
1200.0,1250.0,-1488.52,-1498.4,-1504.53
1250.0,1250.0,-1489.1,-1499.01,-1505.14
1300.0,1250.0,-1489.65,-1499.61,-1505.74
1350.0,1250.0,-1490.19,-1500.19,-1506.33
1400.0,1250.0,-1490.69,-1500.75,-1506.93
1450.0,1250.0,-1491.18,-1501.29,-1507.53
1500.0,1250.0,-1491.64,-1501.81,-1508.12
1550.0,1250.0,-1492.09,-1502.3,-1508.72
1600.0,1250.0,-1492.51,-1502.76,-1509.3
1650.0,1250.0,-1492.9,-1503.19,-1509.88
1700.0,1250.0,-1493.28,-1503.57,-1510.44
1750.0,1250.0,-1493.63,-1503.92,-1510.98
1800.0,1250.0,-1493.96,-1504.23,-1511.5
1850.0,1250.0,-1494.26,-1504.5,-1511.98
1900.0,1250.0,-1494.54,-1504.72,-1512.44
1950.0,1250.0,-1494.79,-1504.9,-1512.85
2000.0,1250.0,-1495.01,-1505.05,-1513.23
2050.0,1250.0,-1495.21,-1505.16,-1513.57
2100.0,1250.0,-1495.37,-1505.24,-1513.87
2150.0,1250.0,-1495.51,-1505.29,-1514.12
2200.0,1250.0,-1495.61,-1505.32,-1514.33
2250.0,1250.0,-1495.67,-1505.33,-1514.5
2300.0,1250.0,-1495.7,-1505.33,-1514.62
2350.0,1250.0,-1495.7,-1505.31,-1514.7
2400.0,1250.0,-1495.66,-1505.28,-1514.72
2450.0,1250.0,-1495.58,-1505.24,-1514.7
2500.0,1250.0,-1495.47,-1505.18,-1514.63
2550.0,1250.0,-1495.33,-1505.11,-1514.51
2600.0,1250.0,-1495.15,-1505.01,-1514.33
2650.0,1250.0,-1494.95,-1504.89,-1514.1
2700.0,1250.0,-1494.71,-1504.74,-1513.82
2750.0,1250.0,-1494.46,-1504.56,-1513.49
2800.0,1250.0,-1494.18,-1504.34,-1513.1
2850.0,1250.0,-1493.88,-1504.09,-1512.68
2900.0,1250.0,-1493.57,-1503.81,-1512.21
2950.0,1250.0,-1493.25,-1503.49,-1511.72
3000.0,1250.0,-1492.92,-1503.15,-1511.2
3050.0,1250.0,-1492.6,-1502.78,-1510.66
3100.0,1250.0,-1492.28,-1502.39,-1510.13
3150.0,1250.0,-1491.98,-1501.99,-1509.61
3200.0,1250.0,-1491.69,-1501.59,-1509.1
3250.0,1250.0,-1491.42,-1501.2,-1508.63
3300.0,1250.0,-1491.18,-1500.81,-1508.19
3350.0,1250.0,-1490.97,-1500.45,-1507.8
3400.0,1250.0,-1490.8,-1500.12,-1507.47
3450.0,1250.0,-1490.66,-1499.83,-1507.2
3500.0,1250.0,-1490.57,-1499.57,-1506.98
3550.0,1250.0,-1490.52,-1499.36,-1506.83
3600.0,1250.0,-1490.52,-1499.19,-1506.73
3650.0,1250.0,-1490.56,-1499.06,-1506.69
3700.0,1250.0,-1490.65,-1498.98,-1506.7
3750.0,1250.0,-1490.79,-1498.94,-1506.75
3800.0,1250.0,-1490.98,-1498.94,-1506.84
3850.0,1250.0,-1491.22,-1498.99,-1506.96
3900.0,1250.0,-1491.5,-1499.06,-1507.11
3950.0,1250.0,-1491.83,-1499.18,-1507.28
4000.0,1250.0,-1492.19,-1499.33,-1507.46
4050.0,1250.0,-1492.6,-1499.51,-1507.66
4100.0,1250.0,-1493.04,-1499.73,-1507.88
4150.0,1250.0,-1493.52,-1499.99,-1508.11
4200.0,1250.0,-1494.02,-1500.29,-1508.36
4250.0,1250.0,-1494.56,-1500.63,-1508.63
4300.0,1250.0,-1495.11,-1501.02,-1508.92
4350.0,1250.0,-1495.69,-1501.47,-1509.24
4400.0,1250.0,-1496.28,-1501.96,-1509.6
4450.0,1250.0,-1496.89,-1502.52,-1510.0
4500.0,1250.0,-1497.52,-1503.13,-1510.45
4550.0,1250.0,-1498.15,-1503.8,-1510.94
4600.0,1250.0,-1498.8,-1504.52,-1511.49
4650.0,1250.0,-1499.45,-1505.3,-1512.09
4700.0,1250.0,-1500.11,-1506.14,-1512.74
4750.0,1250.0,-1500.78,-1507.02,-1513.44
4800.0,1250.0,-1501.47,-1507.95,-1514.2
4850.0,1250.0,-1502.16,-1508.92,-1515.01
4900.0,1250.0,-1502.86,-1509.92,-1515.87
4950.0,1250.0,-1503.57,-1510.95,-1516.77
5000.0,1250.0,-1504.29,-1512.0,-1517.72
0.0,1300.0,-1470.26,-1476.94,-1482.13
50.0,1300.0,-1471.0,-1477.77,-1483.06
100.0,1300.0,-1471.75,-1478.64,-1484.06
150.0,1300.0,-1472.52,-1479.57,-1485.1
200.0,1300.0,-1473.31,-1480.54,-1486.19
250.0,1300.0,-1474.11,-1481.54,-1487.32
300.0,1300.0,-1474.91,-1482.57,-1488.46
350.0,1300.0,-1475.73,-1483.62,-1489.61
400.0,1300.0,-1476.55,-1484.67,-1490.77
450.0,1300.0,-1477.37,-1485.71,-1491.91
500.0,1300.0,-1478.18,-1486.75,-1493.03
550.0,1300.0,-1479.0,-1487.76,-1494.12
600.0,1300.0,-1479.8,-1488.75,-1495.17
650.0,1300.0,-1480.6,-1489.71,-1496.17
700.0,1300.0,-1481.38,-1490.63,-1497.12
750.0,1300.0,-1482.15,-1491.51,-1498.02
800.0,1300.0,-1482.91,-1492.35,-1498.87
850.0,1300.0,-1483.64,-1493.15,-1499.66
900.0,1300.0,-1484.36,-1493.91,-1500.41
950.0,1300.0,-1485.05,-1494.63,-1501.11
1000.0,1300.0,-1485.73,-1495.33,-1501.77
1050.0,1300.0,-1486.38,-1495.99,-1502.39
1100.0,1300.0,-1487.01,-1496.63,-1503.0
1150.0,1300.0,-1487.62,-1497.26,-1503.58
1200.0,1300.0,-1488.21,-1497.86,-1504.15
1250.0,1300.0,-1488.77,-1498.45,-1504.72
1300.0,1300.0,-1489.32,-1499.03,-1505.29
1350.0,1300.0,-1489.84,-1499.6,-1505.86
1400.0,1300.0,-1490.35,-1500.15,-1506.44
1450.0,1300.0,-1490.83,-1500.69,-1507.02
1500.0,1300.0,-1491.29,-1501.21,-1507.6
1550.0,1300.0,-1491.73,-1501.71,-1508.19
1600.0,1300.0,-1492.16,-1502.18,-1508.78
1650.0,1300.0,-1492.56,-1502.62,-1509.36
1700.0,1300.0,-1492.94,-1503.03,-1509.93
1750.0,1300.0,-1493.31,-1503.4,-1510.49
1800.0,1300.0,-1493.65,-1503.74,-1511.03
1850.0,1300.0,-1493.96,-1504.03,-1511.55
1900.0,1300.0,-1494.25,-1504.28,-1512.04
1950.0,1300.0,-1494.52,-1504.5,-1512.49
2000.0,1300.0,-1494.76,-1504.68,-1512.92
2050.0,1300.0,-1494.97,-1504.82,-1513.3
2100.0,1300.0,-1495.15,-1504.94,-1513.65
2150.0,1300.0,-1495.3,-1505.02,-1513.95
2200.0,1300.0,-1495.41,-1505.09,-1514.22
2250.0,1300.0,-1495.49,-1505.13,-1514.44
2300.0,1300.0,-1495.54,-1505.16,-1514.61
2350.0,1300.0,-1495.55,-1505.17,-1514.74
2400.0,1300.0,-1495.52,-1505.17,-1514.82
2450.0,1300.0,-1495.46,-1505.15,-1514.84
2500.0,1300.0,-1495.36,-1505.11,-1514.81
2550.0,1300.0,-1495.23,-1505.05,-1514.72
2600.0,1300.0,-1495.06,-1504.97,-1514.57
2650.0,1300.0,-1494.87,-1504.87,-1514.37
2700.0,1300.0,-1494.65,-1504.73,-1514.1
2750.0,1300.0,-1494.4,-1504.55,-1513.77
2800.0,1300.0,-1494.13,-1504.35,-1513.39
2850.0,1300.0,-1493.84,-1504.11,-1512.96
2900.0,1300.0,-1493.54,-1503.83,-1512.48
2950.0,1300.0,-1493.23,-1503.52,-1511.97
3000.0,1300.0,-1492.92,-1503.18,-1511.44
3050.0,1300.0,-1492.61,-1502.82,-1510.88
3100.0,1300.0,-1492.31,-1502.44,-1510.33
3150.0,1300.0,-1492.02,-1502.06,-1509.78
3200.0,1300.0,-1491.75,-1501.67,-1509.26
3250.0,1300.0,-1491.5,-1501.29,-1508.76
3300.0,1300.0,-1491.27,-1500.94,-1508.31
3350.0,1300.0,-1491.08,-1500.6,-1507.92
3400.0,1300.0,-1490.93,-1500.3,-1507.58
3450.0,1300.0,-1490.81,-1500.04,-1507.31
3500.0,1300.0,-1490.74,-1499.82,-1507.1
3550.0,1300.0,-1490.71,-1499.64,-1506.96
3600.0,1300.0,-1490.73,-1499.51,-1506.89
3650.0,1300.0,-1490.8,-1499.43,-1506.87
3700.0,1300.0,-1490.92,-1499.39,-1506.92
3750.0,1300.0,-1491.08,-1499.39,-1507.01
3800.0,1300.0,-1491.3,-1499.43,-1507.14
3850.0,1300.0,-1491.56,-1499.51,-1507.31
3900.0,1300.0,-1491.87,-1499.63,-1507.51
3950.0,1300.0,-1492.22,-1499.78,-1507.73
4000.0,1300.0,-1492.61,-1499.97,-1507.97
4050.0,1300.0,-1493.04,-1500.19,-1508.23
4100.0,1300.0,-1493.51,-1500.44,-1508.5
4150.0,1300.0,-1494.01,-1500.73,-1508.78
4200.0,1300.0,-1494.53,-1501.06,-1509.09
4250.0,1300.0,-1495.09,-1501.43,-1509.41
4300.0,1300.0,-1495.66,-1501.84,-1509.75
4350.0,1300.0,-1496.26,-1502.3,-1510.12
4400.0,1300.0,-1496.87,-1502.82,-1510.52
4450.0,1300.0,-1497.49,-1503.39,-1510.96
4500.0,1300.0,-1498.13,-1504.01,-1511.44
4550.0,1300.0,-1498.78,-1504.68,-1511.96
4600.0,1300.0,-1499.44,-1505.42,-1512.52
4650.0,1300.0,-1500.1,-1506.2,-1513.13
4700.0,1300.0,-1500.77,-1507.03,-1513.79
4750.0,1300.0,-1501.45,-1507.91,-1514.5
4800.0,1300.0,-1502.14,-1508.83,-1515.25
4850.0,1300.0,-1502.83,-1509.79,-1516.05
4900.0,1300.0,-1503.53,-1510.78,-1516.89
4950.0,1300.0,-1504.24,-1511.8,-1517.78
5000.0,1300.0,-1504.97,-1512.83,-1518.7
0.0,1350.0,-1470.5,-1477.29,-1482.63
50.0,1350.0,-1471.22,-1478.09,-1483.55
100.0,1350.0,-1471.96,-1478.95,-1484.54
150.0,1350.0,-1472.71,-1479.85,-1485.57
200.0,1350.0,-1473.48,-1480.79,-1486.65
250.0,1350.0,-1474.26,-1481.77,-1487.75
300.0,1350.0,-1475.04,-1482.77,-1488.87
350.0,1350.0,-1475.84,-1483.78,-1490.0
400.0,1350.0,-1476.63,-1484.8,-1491.12
450.0,1350.0,-1477.43,-1485.81,-1492.23
500.0,1350.0,-1478.22,-1486.81,-1493.32
550.0,1350.0,-1479.01,-1487.78,-1494.37
600.0,1350.0,-1479.79,-1488.73,-1495.38
650.0,1350.0,-1480.56,-1489.64,-1496.33
700.0,1350.0,-1481.31,-1490.51,-1497.24
750.0,1350.0,-1482.06,-1491.35,-1498.09
800.0,1350.0,-1482.78,-1492.14,-1498.89
850.0,1350.0,-1483.49,-1492.89,-1499.63
900.0,1350.0,-1484.18,-1493.6,-1500.32
950.0,1350.0,-1484.85,-1494.28,-1500.97
1000.0,1350.0,-1485.5,-1494.93,-1501.58
1050.0,1350.0,-1486.13,-1495.56,-1502.16
1100.0,1350.0,-1486.74,-1496.16,-1502.71
1150.0,1350.0,-1487.33,-1496.75,-1503.25
1200.0,1350.0,-1487.91,-1497.32,-1503.78
1250.0,1350.0,-1488.46,-1497.89,-1504.32
1300.0,1350.0,-1488.99,-1498.45,-1504.85
1350.0,1350.0,-1489.51,-1499.0,-1505.39
1400.0,1350.0,-1490.0,-1499.54,-1505.94
1450.0,1350.0,-1490.48,-1500.08,-1506.5
1500.0,1350.0,-1490.95,-1500.6,-1507.08
1550.0,1350.0,-1491.39,-1501.11,-1507.66
1600.0,1350.0,-1491.82,-1501.59,-1508.24
1650.0,1350.0,-1492.23,-1502.05,-1508.83
1700.0,1350.0,-1492.62,-1502.48,-1509.41
1750.0,1350.0,-1492.99,-1502.88,-1509.98
1800.0,1350.0,-1493.34,-1503.24,-1510.54
1850.0,1350.0,-1493.66,-1503.56,-1511.08
1900.0,1350.0,-1493.97,-1503.85,-1511.6
1950.0,1350.0,-1494.25,-1504.09,-1512.09
2000.0,1350.0,-1494.5,-1504.31,-1512.55
2050.0,1350.0,-1494.73,-1504.48,-1512.98
2100.0,1350.0,-1494.92,-1504.63,-1513.37
2150.0,1350.0,-1495.08,-1504.76,-1513.73
2200.0,1350.0,-1495.21,-1504.85,-1514.05
2250.0,1350.0,-1495.31,-1504.93,-1514.32
2300.0,1350.0,-1495.37,-1504.99,-1514.55
2350.0,1350.0,-1495.39,-1505.03,-1514.73
2400.0,1350.0,-1495.38,-1505.06,-1514.86
2450.0,1350.0,-1495.33,-1505.06,-1514.93
2500.0,1350.0,-1495.25,-1505.05,-1514.94
2550.0,1350.0,-1495.13,-1505.01,-1514.89
2600.0,1350.0,-1494.97,-1504.94,-1514.78
2650.0,1350.0,-1494.79,-1504.85,-1514.6
2700.0,1350.0,-1494.58,-1504.72,-1514.35
2750.0,1350.0,-1494.34,-1504.56,-1514.04
2800.0,1350.0,-1494.08,-1504.36,-1513.67
2850.0,1350.0,-1493.81,-1504.12,-1513.24
2900.0,1350.0,-1493.52,-1503.85,-1512.76
2950.0,1350.0,-1493.22,-1503.55,-1512.24
3000.0,1350.0,-1492.93,-1503.21,-1511.69
3050.0,1350.0,-1492.63,-1502.86,-1511.12
3100.0,1350.0,-1492.34,-1502.49,-1510.55
3150.0,1350.0,-1492.07,-1502.12,-1509.99
3200.0,1350.0,-1491.81,-1501.75,-1509.45
3250.0,1350.0,-1491.58,-1501.39,-1508.94
3300.0,1350.0,-1491.37,-1501.06,-1508.48
3350.0,1350.0,-1491.2,-1500.75,-1508.08
3400.0,1350.0,-1491.07,-1500.48,-1507.74
3450.0,1350.0,-1490.97,-1500.25,-1507.47
3500.0,1350.0,-1490.92,-1500.06,-1507.27
3550.0,1350.0,-1490.92,-1499.92,-1507.14
3600.0,1350.0,-1490.96,-1499.83,-1507.08
3650.0,1350.0,-1491.05,-1499.79,-1507.1
3700.0,1350.0,-1491.19,-1499.79,-1507.17
3750.0,1350.0,-1491.38,-1499.84,-1507.29
3800.0,1350.0,-1491.62,-1499.92,-1507.47
3850.0,1350.0,-1491.91,-1500.04,-1507.68
3900.0,1350.0,-1492.24,-1500.2,-1507.92
3950.0,1350.0,-1492.61,-1500.39,-1508.19
4000.0,1350.0,-1493.03,-1500.62,-1508.49
4050.0,1350.0,-1493.48,-1500.87,-1508.8
4100.0,1350.0,-1493.97,-1501.16,-1509.12
4150.0,1350.0,-1494.49,-1501.48,-1509.46
4200.0,1350.0,-1495.04,-1501.83,-1509.82
4250.0,1350.0,-1495.61,-1502.23,-1510.19
4300.0,1350.0,-1496.21,-1502.67,-1510.58
4350.0,1350.0,-1496.82,-1503.15,-1511.0
4400.0,1350.0,-1497.44,-1503.68,-1511.44
4450.0,1350.0,-1498.08,-1504.26,-1511.91
4500.0,1350.0,-1498.74,-1504.89,-1512.42
4550.0,1350.0,-1499.39,-1505.58,-1512.96
4600.0,1350.0,-1500.06,-1506.31,-1513.55
4650.0,1350.0,-1500.73,-1507.1,-1514.17
4700.0,1350.0,-1501.41,-1507.93,-1514.84
4750.0,1350.0,-1502.1,-1508.8,-1515.54
4800.0,1350.0,-1502.79,-1509.71,-1516.29
4850.0,1350.0,-1503.49,-1510.66,-1517.08
4900.0,1350.0,-1504.19,-1511.63,-1517.91
4950.0,1350.0,-1504.9,-1512.63,-1518.77
5000.0,1350.0,-1505.62,-1513.64,-1519.67
0.0,1400.0,-1470.76,-1477.63,-1483.12
50.0,1400.0,-1471.47,-1478.41,-1484.04
100.0,1400.0,-1472.19,-1479.24,-1485.02
150.0,1400.0,-1472.93,-1480.12,-1486.04
200.0,1400.0,-1473.68,-1481.03,-1487.09
250.0,1400.0,-1474.43,-1481.98,-1488.17
300.0,1400.0,-1475.2,-1482.95,-1489.27
350.0,1400.0,-1475.97,-1483.92,-1490.38
400.0,1400.0,-1476.74,-1484.91,-1491.47
450.0,1400.0,-1477.51,-1485.88,-1492.55
500.0,1400.0,-1478.28,-1486.84,-1493.6
550.0,1400.0,-1479.04,-1487.78,-1494.61
600.0,1400.0,-1479.79,-1488.68,-1495.58
650.0,1400.0,-1480.53,-1489.55,-1496.49
700.0,1400.0,-1481.26,-1490.38,-1497.35
750.0,1400.0,-1481.97,-1491.17,-1498.16
800.0,1400.0,-1482.67,-1491.92,-1498.91
850.0,1400.0,-1483.35,-1492.62,-1499.6
900.0,1400.0,-1484.02,-1493.29,-1500.24
950.0,1400.0,-1484.66,-1493.92,-1500.84
1000.0,1400.0,-1485.29,-1494.53,-1501.4
1050.0,1400.0,-1485.9,-1495.12,-1501.93
1100.0,1400.0,-1486.49,-1495.68,-1502.44
1150.0,1400.0,-1487.06,-1496.24,-1502.93
1200.0,1400.0,-1487.61,-1496.78,-1503.42
1250.0,1400.0,-1488.15,-1497.33,-1503.92
1300.0,1400.0,-1488.67,-1497.87,-1504.42
1350.0,1400.0,-1489.18,-1498.4,-1504.93
1400.0,1400.0,-1489.67,-1498.94,-1505.45
1450.0,1400.0,-1490.15,-1499.47,-1505.99
1500.0,1400.0,-1490.61,-1500.0,-1506.55
1550.0,1400.0,-1491.05,-1500.51,-1507.12
1600.0,1400.0,-1491.48,-1501.0,-1507.7
1650.0,1400.0,-1491.89,-1501.48,-1508.28
1700.0,1400.0,-1492.29,-1501.93,-1508.86
1750.0,1400.0,-1492.67,-1502.35,-1509.44
1800.0,1400.0,-1493.03,-1502.73,-1510.02
1850.0,1400.0,-1493.37,-1503.09,-1510.58
1900.0,1400.0,-1493.69,-1503.4,-1511.12
1950.0,1400.0,-1493.98,-1503.68,-1511.64
2000.0,1400.0,-1494.25,-1503.93,-1512.14
2050.0,1400.0,-1494.49,-1504.14,-1512.61
2100.0,1400.0,-1494.7,-1504.33,-1513.05
2150.0,1400.0,-1494.87,-1504.49,-1513.45
2200.0,1400.0,-1495.02,-1504.62,-1513.82
2250.0,1400.0,-1495.13,-1504.73,-1514.14
2300.0,1400.0,-1495.2,-1504.82,-1514.42
2350.0,1400.0,-1495.24,-1504.89,-1514.66
2400.0,1400.0,-1495.24,-1504.95,-1514.83
2450.0,1400.0,-1495.2,-1504.98,-1514.96
2500.0,1400.0,-1495.13,-1504.98,-1515.02
2550.0,1400.0,-1495.03,-1504.96,-1515.01
2600.0,1400.0,-1494.88,-1504.92,-1514.93
2650.0,1400.0,-1494.71,-1504.83,-1514.78
2700.0,1400.0,-1494.51,-1504.72,-1514.56
2750.0,1400.0,-1494.29,-1504.56,-1514.27
2800.0,1400.0,-1494.04,-1504.37,-1513.91
2850.0,1400.0,-1493.78,-1504.14,-1513.49
2900.0,1400.0,-1493.5,-1503.87,-1513.02
2950.0,1400.0,-1493.22,-1503.58,-1512.5
3000.0,1400.0,-1492.94,-1503.25,-1511.94
3050.0,1400.0,-1492.65,-1502.91,-1511.37
3100.0,1400.0,-1492.38,-1502.55,-1510.79
3150.0,1400.0,-1492.12,-1502.19,-1510.21
3200.0,1400.0,-1491.88,-1501.83,-1509.66
3250.0,1400.0,-1491.67,-1501.49,-1509.15
3300.0,1400.0,-1491.48,-1501.18,-1508.68
3350.0,1400.0,-1491.33,-1500.9,-1508.27
3400.0,1400.0,-1491.21,-1500.65,-1507.93
3450.0,1400.0,-1491.14,-1500.45,-1507.66
3500.0,1400.0,-1491.11,-1500.3,-1507.47
3550.0,1400.0,-1491.13,-1500.2,-1507.36
3600.0,1400.0,-1491.19,-1500.15,-1507.32
3650.0,1400.0,-1491.31,-1500.15,-1507.35
3700.0,1400.0,-1491.47,-1500.19,-1507.45
3750.0,1400.0,-1491.69,-1500.28,-1507.61
3800.0,1400.0,-1491.95,-1500.4,-1507.82
3850.0,1400.0,-1492.26,-1500.57,-1508.07
3900.0,1400.0,-1492.61,-1500.77,-1508.36
3950.0,1400.0,-1493.01,-1501.0,-1508.67
4000.0,1400.0,-1493.45,-1501.26,-1509.01
4050.0,1400.0,-1493.92,-1501.55,-1509.37
4100.0,1400.0,-1494.43,-1501.87,-1509.75
4150.0,1400.0,-1494.97,-1502.22,-1510.14
4200.0,1400.0,-1495.54,-1502.61,-1510.54
4250.0,1400.0,-1496.13,-1503.03,-1510.96
4300.0,1400.0,-1496.74,-1503.49,-1511.4
4350.0,1400.0,-1497.36,-1503.99,-1511.86
4400.0,1400.0,-1498.01,-1504.54,-1512.34
4450.0,1400.0,-1498.66,-1505.13,-1512.84
4500.0,1400.0,-1499.32,-1505.77,-1513.38
4550.0,1400.0,-1499.99,-1506.46,-1513.95
4600.0,1400.0,-1500.67,-1507.2,-1514.55
4650.0,1400.0,-1501.35,-1507.98,-1515.19
4700.0,1400.0,-1502.04,-1508.81,-1515.86
4750.0,1400.0,-1502.73,-1509.67,-1516.57
4800.0,1400.0,-1503.42,-1510.57,-1517.31
4850.0,1400.0,-1504.12,-1511.5,-1518.09
4900.0,1400.0,-1504.82,-1512.46,-1518.9
4950.0,1400.0,-1505.53,-1513.44,-1519.74
5000.0,1400.0,-1506.25,-1514.43,-1520.61
0.0,1450.0,-1471.05,-1477.97,-1483.6
50.0,1450.0,-1471.74,-1478.72,-1484.51
100.0,1450.0,-1472.45,-1479.52,-1485.47
150.0,1450.0,-1473.16,-1480.37,-1486.47
200.0,1450.0,-1473.89,-1481.25,-1487.51
250.0,1450.0,-1474.63,-1482.17,-1488.58
300.0,1450.0,-1475.38,-1483.1,-1489.65
350.0,1450.0,-1476.12,-1484.04,-1490.73
400.0,1450.0,-1476.87,-1484.99,-1491.8
450.0,1450.0,-1477.62,-1485.93,-1492.84
500.0,1450.0,-1478.36,-1486.85,-1493.86
550.0,1450.0,-1479.09,-1487.75,-1494.83
600.0,1450.0,-1479.81,-1488.61,-1495.76
650.0,1450.0,-1480.52,-1489.44,-1496.64
700.0,1450.0,-1481.22,-1490.23,-1497.46
750.0,1450.0,-1481.91,-1490.97,-1498.22
800.0,1450.0,-1482.58,-1491.67,-1498.92
850.0,1450.0,-1483.23,-1492.34,-1499.56
900.0,1450.0,-1483.87,-1492.96,-1500.16
950.0,1450.0,-1484.49,-1493.56,-1500.71
1000.0,1450.0,-1485.09,-1494.12,-1501.22
1050.0,1450.0,-1485.67,-1494.67,-1501.71
1100.0,1450.0,-1486.24,-1495.2,-1502.17
1150.0,1450.0,-1486.8,-1495.73,-1502.63
1200.0,1450.0,-1487.33,-1496.25,-1503.08
1250.0,1450.0,-1487.86,-1496.77,-1503.53
1300.0,1450.0,-1488.37,-1497.29,-1504.0
1350.0,1450.0,-1488.86,-1497.82,-1504.48
1400.0,1450.0,-1489.35,-1498.35,-1504.98
1450.0,1450.0,-1489.82,-1498.87,-1505.49
1500.0,1450.0,-1490.27,-1499.4,-1506.03
1550.0,1450.0,-1490.72,-1499.92,-1506.58
1600.0,1450.0,-1491.15,-1500.42,-1507.15
1650.0,1450.0,-1491.57,-1500.91,-1507.72
1700.0,1450.0,-1491.97,-1501.38,-1508.31
1750.0,1450.0,-1492.36,-1501.82,-1508.89
1800.0,1450.0,-1492.73,-1502.23,-1509.47
1850.0,1450.0,-1493.08,-1502.61,-1510.05
1900.0,1450.0,-1493.41,-1502.96,-1510.61
1950.0,1450.0,-1493.71,-1503.27,-1511.16
2000.0,1450.0,-1493.99,-1503.55,-1511.68
2050.0,1450.0,-1494.25,-1503.8,-1512.19
2100.0,1450.0,-1494.47,-1504.02,-1512.66
2150.0,1450.0,-1494.66,-1504.21,-1513.11
2200.0,1450.0,-1494.82,-1504.38,-1513.52
2250.0,1450.0,-1494.94,-1504.53,-1513.9
2300.0,1450.0,-1495.03,-1504.65,-1514.23
2350.0,1450.0,-1495.08,-1504.75,-1514.51
2400.0,1450.0,-1495.1,-1504.83,-1514.74
2450.0,1450.0,-1495.08,-1504.89,-1514.92
2500.0,1450.0,-1495.02,-1504.92,-1515.02
2550.0,1450.0,-1494.92,-1504.92,-1515.06
2600.0,1450.0,-1494.79,-1504.89,-1515.02
2650.0,1450.0,-1494.63,-1504.82,-1514.91
2700.0,1450.0,-1494.45,-1504.72,-1514.72
2750.0,1450.0,-1494.23,-1504.57,-1514.46
2800.0,1450.0,-1494.0,-1504.39,-1514.12
2850.0,1450.0,-1493.75,-1504.16,-1513.72
2900.0,1450.0,-1493.49,-1503.9,-1513.25
2950.0,1450.0,-1493.22,-1503.61,-1512.74
3000.0,1450.0,-1492.95,-1503.29,-1512.18
3050.0,1450.0,-1492.68,-1502.95,-1511.61
3100.0,1450.0,-1492.42,-1502.6,-1511.02
3150.0,1450.0,-1492.18,-1502.26,-1510.45
3200.0,1450.0,-1491.96,-1501.92,-1509.89
3250.0,1450.0,-1491.76,-1501.6,-1509.37
3300.0,1450.0,-1491.59,-1501.3,-1508.9
3350.0,1450.0,-1491.46,-1501.04,-1508.49
3400.0,1450.0,-1491.37,-1500.83,-1508.15
3450.0,1450.0,-1491.31,-1500.66,-1507.89
3500.0,1450.0,-1491.31,-1500.54,-1507.71
3550.0,1450.0,-1491.35,-1500.48,-1507.61
3600.0,1450.0,-1491.43,-1500.46,-1507.59
3650.0,1450.0,-1491.57,-1500.5,-1507.64
3700.0,1450.0,-1491.76,-1500.58,-1507.76
3750.0,1450.0,-1491.99,-1500.71,-1507.95
3800.0,1450.0,-1492.28,-1500.88,-1508.19
3850.0,1450.0,-1492.61,-1501.09,-1508.48
3900.0,1450.0,-1492.99,-1501.32,-1508.81
3950.0,1450.0,-1493.4,-1501.59,-1509.16
4000.0,1450.0,-1493.86,-1501.89,-1509.55
4050.0,1450.0,-1494.36,-1502.22,-1509.95
4100.0,1450.0,-1494.89,-1502.57,-1510.37
4150.0,1450.0,-1495.44,-1502.96,-1510.81
4200.0,1450.0,-1496.03,-1503.37,-1511.26
4250.0,1450.0,-1496.63,-1503.82,-1511.72
4300.0,1450.0,-1497.26,-1504.3,-1512.2
4350.0,1450.0,-1497.9,-1504.82,-1512.7
4400.0,1450.0,-1498.55,-1505.39,-1513.21
4450.0,1450.0,-1499.22,-1505.99,-1513.75
4500.0,1450.0,-1499.89,-1506.64,-1514.31
4550.0,1450.0,-1500.57,-1507.33,-1514.9
4600.0,1450.0,-1501.25,-1508.07,-1515.52
4650.0,1450.0,-1501.94,-1508.85,-1516.17
4700.0,1450.0,-1502.63,-1509.67,-1516.85
4750.0,1450.0,-1503.33,-1510.52,-1517.56
4800.0,1450.0,-1504.02,-1511.41,-1518.29
4850.0,1450.0,-1504.73,-1512.32,-1519.06
4900.0,1450.0,-1505.43,-1513.26,-1519.85
4950.0,1450.0,-1506.14,-1514.22,-1520.67
5000.0,1450.0,-1506.85,-1515.19,-1521.52
0.0,1500.0,-1471.36,-1478.29,-1484.04
50.0,1500.0,-1472.03,-1479.01,-1484.94
100.0,1500.0,-1472.72,-1479.78,-1485.89
150.0,1500.0,-1473.42,-1480.6,-1486.87
200.0,1500.0,-1474.13,-1481.45,-1487.89
250.0,1500.0,-1474.85,-1482.33,-1488.94
300.0,1500.0,-1475.57,-1483.23,-1489.99
350.0,1500.0,-1476.29,-1484.13,-1491.04
400.0,1500.0,-1477.02,-1485.04,-1492.08
450.0,1500.0,-1477.73,-1485.94,-1493.1
500.0,1500.0,-1478.45,-1486.83,-1494.08
550.0,1500.0,-1479.15,-1487.68,-1495.03
600.0,1500.0,-1479.85,-1488.51,-1495.92
650.0,1500.0,-1480.53,-1489.3,-1496.76
700.0,1500.0,-1481.2,-1490.05,-1497.54
750.0,1500.0,-1481.85,-1490.75,-1498.26
800.0,1500.0,-1482.49,-1491.41,-1498.92
850.0,1500.0,-1483.12,-1492.04,-1499.52
900.0,1500.0,-1483.73,-1492.62,-1500.07
950.0,1500.0,-1484.32,-1493.18,-1500.58
1000.0,1500.0,-1484.9,-1493.71,-1501.05
1050.0,1500.0,-1485.46,-1494.23,-1501.49
1100.0,1500.0,-1486.01,-1494.73,-1501.92
1150.0,1500.0,-1486.54,-1495.23,-1502.33
1200.0,1500.0,-1487.06,-1495.72,-1502.74
1250.0,1500.0,-1487.57,-1496.22,-1503.16
1300.0,1500.0,-1488.07,-1496.73,-1503.59
1350.0,1500.0,-1488.55,-1497.24,-1504.04
1400.0,1500.0,-1489.03,-1497.76,-1504.51
1450.0,1500.0,-1489.49,-1498.29,-1505.0
1500.0,1500.0,-1489.95,-1498.81,-1505.51
1550.0,1500.0,-1490.39,-1499.33,-1506.05
1600.0,1500.0,-1490.82,-1499.85,-1506.6
1650.0,1500.0,-1491.25,-1500.35,-1507.16
1700.0,1500.0,-1491.65,-1500.83,-1507.74
1750.0,1500.0,-1492.05,-1501.3,-1508.32
1800.0,1500.0,-1492.43,-1501.73,-1508.91
1850.0,1500.0,-1492.79,-1502.14,-1509.49
1900.0,1500.0,-1493.13,-1502.51,-1510.07
1950.0,1500.0,-1493.44,-1502.86,-1510.63
2000.0,1500.0,-1493.74,-1503.17,-1511.18
2050.0,1500.0,-1494.0,-1503.45,-1511.72
2100.0,1500.0,-1494.24,-1503.71,-1512.23
2150.0,1500.0,-1494.45,-1503.94,-1512.71
2200.0,1500.0,-1494.62,-1504.14,-1513.17
2250.0,1500.0,-1494.76,-1504.32,-1513.59
2300.0,1500.0,-1494.86,-1504.47,-1513.97
2350.0,1500.0,-1494.93,-1504.61,-1514.3
2400.0,1500.0,-1494.95,-1504.72,-1514.58
2450.0,1500.0,-1494.94,-1504.8,-1514.8
2500.0,1500.0,-1494.9,-1504.85,-1514.95
2550.0,1500.0,-1494.82,-1504.87,-1515.04
2600.0,1500.0,-1494.7,-1504.86,-1515.04
2650.0,1500.0,-1494.55,-1504.8,-1514.97
2700.0,1500.0,-1494.38,-1504.71,-1514.82
2750.0,1500.0,-1494.18,-1504.58,-1514.59
2800.0,1500.0,-1493.96,-1504.4,-1514.27
2850.0,1500.0,-1493.72,-1504.18,-1513.89
2900.0,1500.0,-1493.47,-1503.93,-1513.44
2950.0,1500.0,-1493.22,-1503.64,-1512.94
3000.0,1500.0,-1492.96,-1503.33,-1512.4
3050.0,1500.0,-1492.71,-1503.0,-1511.83
3100.0,1500.0,-1492.47,-1502.66,-1511.25
3150.0,1500.0,-1492.25,-1502.33,-1510.68
3200.0,1500.0,-1492.04,-1502.0,-1510.13
3250.0,1500.0,-1491.86,-1501.7,-1509.61
3300.0,1500.0,-1491.71,-1501.43,-1509.14
3350.0,1500.0,-1491.6,-1501.19,-1508.74
3400.0,1500.0,-1491.53,-1501.0,-1508.4
3450.0,1500.0,-1491.49,-1500.86,-1508.15
3500.0,1500.0,-1491.51,-1500.78,-1507.98
3550.0,1500.0,-1491.57,-1500.75,-1507.89
3600.0,1500.0,-1491.68,-1500.77,-1507.88
3650.0,1500.0,-1491.84,-1500.84,-1507.96
3700.0,1500.0,-1492.04,-1500.97,-1508.1
3750.0,1500.0,-1492.3,-1501.14,-1508.32
3800.0,1500.0,-1492.61,-1501.35,-1508.59
3850.0,1500.0,-1492.96,-1501.59,-1508.91
3900.0,1500.0,-1493.36,-1501.87,-1509.27
3950.0,1500.0,-1493.79,-1502.18,-1509.67
4000.0,1500.0,-1494.27,-1502.51,-1510.09
4050.0,1500.0,-1494.78,-1502.88,-1510.54
4100.0,1500.0,-1495.33,-1503.26,-1511.0
4150.0,1500.0,-1495.9,-1503.68,-1511.48
4200.0,1500.0,-1496.5,-1504.12,-1511.97
4250.0,1500.0,-1497.12,-1504.59,-1512.47
4300.0,1500.0,-1497.76,-1505.1,-1512.98
4350.0,1500.0,-1498.41,-1505.64,-1513.52
4400.0,1500.0,-1499.08,-1506.21,-1514.06
4450.0,1500.0,-1499.75,-1506.83,-1514.63
4500.0,1500.0,-1500.43,-1507.48,-1515.21
4550.0,1500.0,-1501.12,-1508.18,-1515.82
4600.0,1500.0,-1501.81,-1508.92,-1516.46
4650.0,1500.0,-1502.51,-1509.69,-1517.11
4700.0,1500.0,-1503.2,-1510.5,-1517.79
4750.0,1500.0,-1503.9,-1511.34,-1518.5
4800.0,1500.0,-1504.6,-1512.21,-1519.23
4850.0,1500.0,-1505.3,-1513.11,-1519.98
4900.0,1500.0,-1506.01,-1514.02,-1520.76
4950.0,1500.0,-1506.72,-1514.96,-1521.56
5000.0,1500.0,-1507.43,-1515.9,-1522.38
0.0,1550.0,-1471.69,-1478.59,-1484.44
50.0,1550.0,-1472.35,-1479.28,-1485.32
100.0,1550.0,-1473.02,-1480.02,-1486.26
150.0,1550.0,-1473.7,-1480.8,-1487.22
200.0,1550.0,-1474.39,-1481.62,-1488.22
250.0,1550.0,-1475.08,-1482.46,-1489.24
300.0,1550.0,-1475.78,-1483.32,-1490.27
350.0,1550.0,-1476.48,-1484.19,-1491.3
400.0,1550.0,-1477.18,-1485.06,-1492.32
450.0,1550.0,-1477.87,-1485.93,-1493.31
500.0,1550.0,-1478.55,-1486.77,-1494.26
550.0,1550.0,-1479.23,-1487.59,-1495.18
600.0,1550.0,-1479.89,-1488.38,-1496.04
650.0,1550.0,-1480.55,-1489.13,-1496.84
700.0,1550.0,-1481.19,-1489.84,-1497.59
750.0,1550.0,-1481.81,-1490.51,-1498.27
800.0,1550.0,-1482.42,-1491.13,-1498.9
850.0,1550.0,-1483.02,-1491.72,-1499.46
900.0,1550.0,-1483.6,-1492.27,-1499.98
950.0,1550.0,-1484.17,-1492.8,-1500.45
1000.0,1550.0,-1484.72,-1493.3,-1500.88
1050.0,1550.0,-1485.26,-1493.78,-1501.28
1100.0,1550.0,-1485.78,-1494.26,-1501.67
1150.0,1550.0,-1486.29,-1494.73,-1502.05
1200.0,1550.0,-1486.8,-1495.2,-1502.42
1250.0,1550.0,-1487.29,-1495.69,-1502.81
1300.0,1550.0,-1487.77,-1496.18,-1503.21
1350.0,1550.0,-1488.25,-1496.68,-1503.62
1400.0,1550.0,-1488.72,-1497.19,-1504.06
1450.0,1550.0,-1489.18,-1497.71,-1504.53
1500.0,1550.0,-1489.63,-1498.24,-1505.02
1550.0,1550.0,-1490.07,-1498.76,-1505.53
1600.0,1550.0,-1490.5,-1499.29,-1506.06
1650.0,1550.0,-1490.93,-1499.8,-1506.61
1700.0,1550.0,-1491.34,-1500.3,-1507.17
1750.0,1550.0,-1491.74,-1500.78,-1507.75
1800.0,1550.0,-1492.13,-1501.24,-1508.33
1850.0,1550.0,-1492.5,-1501.67,-1508.92
1900.0,1550.0,-1492.85,-1502.07,-1509.5
1950.0,1550.0,-1493.18,-1502.44,-1510.08
2000.0,1550.0,-1493.48,-1502.79,-1510.65
2050.0,1550.0,-1493.76,-1503.1,-1511.2
2100.0,1550.0,-1494.01,-1503.39,-1511.74
2150.0,1550.0,-1494.23,-1503.65,-1512.26
2200.0,1550.0,-1494.42,-1503.89,-1512.75
2250.0,1550.0,-1494.57,-1504.1,-1513.21
2300.0,1550.0,-1494.68,-1504.29,-1513.64
2350.0,1550.0,-1494.76,-1504.46,-1514.01
2400.0,1550.0,-1494.8,-1504.59,-1514.34
2450.0,1550.0,-1494.81,-1504.7,-1514.61
2500.0,1550.0,-1494.77,-1504.78,-1514.81
2550.0,1550.0,-1494.71,-1504.82,-1514.94
2600.0,1550.0,-1494.6,-1504.82,-1514.99
2650.0,1550.0,-1494.47,-1504.78,-1514.96
2700.0,1550.0,-1494.31,-1504.7,-1514.84
2750.0,1550.0,-1494.12,-1504.58,-1514.65
2800.0,1550.0,-1493.92,-1504.41,-1514.37
2850.0,1550.0,-1493.69,-1504.2,-1514.01
2900.0,1550.0,-1493.46,-1503.95,-1513.59
2950.0,1550.0,-1493.22,-1503.67,-1513.11
3000.0,1550.0,-1492.98,-1503.37,-1512.58
3050.0,1550.0,-1492.75,-1503.05,-1512.03
3100.0,1550.0,-1492.52,-1502.72,-1511.46
3150.0,1550.0,-1492.31,-1502.4,-1510.9
3200.0,1550.0,-1492.13,-1502.09,-1510.35
3250.0,1550.0,-1491.97,-1501.8,-1509.85
3300.0,1550.0,-1491.84,-1501.55,-1509.39
3350.0,1550.0,-1491.74,-1501.34,-1508.99
3400.0,1550.0,-1491.69,-1501.18,-1508.67
3450.0,1550.0,-1491.68,-1501.07,-1508.42
3500.0,1550.0,-1491.71,-1501.01,-1508.26
3550.0,1550.0,-1491.79,-1501.02,-1508.19
3600.0,1550.0,-1491.92,-1501.07,-1508.2
3650.0,1550.0,-1492.1,-1501.18,-1508.29
3700.0,1550.0,-1492.33,-1501.34,-1508.46
3750.0,1550.0,-1492.61,-1501.55,-1508.7
3800.0,1550.0,-1492.93,-1501.8,-1509.0
3850.0,1550.0,-1493.31,-1502.08,-1509.35
3900.0,1550.0,-1493.72,-1502.4,-1509.75
3950.0,1550.0,-1494.18,-1502.74,-1510.18
4000.0,1550.0,-1494.67,-1503.12,-1510.64
4050.0,1550.0,-1495.2,-1503.51,-1511.12
4100.0,1550.0,-1495.76,-1503.93,-1511.62
4150.0,1550.0,-1496.35,-1504.37,-1512.13
4200.0,1550.0,-1496.96,-1504.84,-1512.66
4250.0,1550.0,-1497.59,-1505.34,-1513.19
4300.0,1550.0,-1498.24,-1505.86,-1513.74
4350.0,1550.0,-1498.91,-1506.42,-1514.31
4400.0,1550.0,-1499.58,-1507.01,-1514.88
4450.0,1550.0,-1500.26,-1507.63,-1515.47
4500.0,1550.0,-1500.95,-1508.3,-1516.07
4550.0,1550.0,-1501.65,-1508.99,-1516.7
4600.0,1550.0,-1502.35,-1509.72,-1517.34
4650.0,1550.0,-1503.04,-1510.49,-1518.0
4700.0,1550.0,-1503.74,-1511.29,-1518.68
4750.0,1550.0,-1504.44,-1512.12,-1519.39
4800.0,1550.0,-1505.15,-1512.97,-1520.11
4850.0,1550.0,-1505.85,-1513.84,-1520.85
4900.0,1550.0,-1506.55,-1514.74,-1521.61
4950.0,1550.0,-1507.26,-1515.65,-1522.39
5000.0,1550.0,-1507.97,-1516.57,-1523.18
0.0,1600.0,-1472.04,-1478.88,-1484.8
50.0,1600.0,-1472.68,-1479.53,-1485.66
100.0,1600.0,-1473.33,-1480.24,-1486.57
150.0,1600.0,-1473.99,-1480.98,-1487.52
200.0,1600.0,-1474.66,-1481.76,-1488.5
250.0,1600.0,-1475.33,-1482.56,-1489.49
300.0,1600.0,-1476.0,-1483.38,-1490.5
350.0,1600.0,-1476.68,-1484.21,-1491.5
400.0,1600.0,-1477.35,-1485.05,-1492.49
450.0,1600.0,-1478.01,-1485.87,-1493.46
500.0,1600.0,-1478.67,-1486.68,-1494.39
550.0,1600.0,-1479.31,-1487.47,-1495.27
600.0,1600.0,-1479.95,-1488.22,-1496.11
650.0,1600.0,-1480.57,-1488.93,-1496.88
700.0,1600.0,-1481.18,-1489.61,-1497.6
750.0,1600.0,-1481.78,-1490.24,-1498.26
800.0,1600.0,-1482.36,-1490.83,-1498.85
850.0,1600.0,-1482.93,-1491.39,-1499.38
900.0,1600.0,-1483.48,-1491.91,-1499.87
950.0,1600.0,-1484.02,-1492.41,-1500.3
1000.0,1600.0,-1484.55,-1492.88,-1500.71
1050.0,1600.0,-1485.06,-1493.34,-1501.08
1100.0,1600.0,-1485.56,-1493.79,-1501.43
1150.0,1600.0,-1486.06,-1494.24,-1501.78
1200.0,1600.0,-1486.54,-1494.7,-1502.12
1250.0,1600.0,-1487.02,-1495.16,-1502.48
1300.0,1600.0,-1487.49,-1495.64,-1502.84
1350.0,1600.0,-1487.96,-1496.13,-1503.23
1400.0,1600.0,-1488.41,-1496.64,-1503.64
1450.0,1600.0,-1488.87,-1497.16,-1504.08
1500.0,1600.0,-1489.31,-1497.68,-1504.54
1550.0,1600.0,-1489.76,-1498.21,-1505.03
1600.0,1600.0,-1490.19,-1498.74,-1505.54
1650.0,1600.0,-1490.62,-1499.26,-1506.07
1700.0,1600.0,-1491.03,-1499.78,-1506.62
1750.0,1600.0,-1491.44,-1500.27,-1507.18
1800.0,1600.0,-1491.83,-1500.75,-1507.75
1850.0,1600.0,-1492.21,-1501.2,-1508.33
1900.0,1600.0,-1492.57,-1501.63,-1508.92
1950.0,1600.0,-1492.91,-1502.03,-1509.5
2000.0,1600.0,-1493.23,-1502.41,-1510.08
2050.0,1600.0,-1493.52,-1502.75,-1510.65
2100.0,1600.0,-1493.78,-1503.08,-1511.21
2150.0,1600.0,-1494.01,-1503.37,-1511.76
2200.0,1600.0,-1494.21,-1503.64,-1512.28
2250.0,1600.0,-1494.38,-1503.89,-1512.78
2300.0,1600.0,-1494.5,-1504.11,-1513.24
2350.0,1600.0,-1494.6,-1504.3,-1513.66
2400.0,1600.0,-1494.65,-1504.46,-1514.03
2450.0,1600.0,-1494.67,-1504.6,-1514.34
2500.0,1600.0,-1494.65,-1504.7,-1514.59
2550.0,1600.0,-1494.59,-1504.76,-1514.76
2600.0,1600.0,-1494.5,-1504.78,-1514.86
2650.0,1600.0,-1494.38,-1504.75,-1514.87
2700.0,1600.0,-1494.24,-1504.69,-1514.79
2750.0,1600.0,-1494.06,-1504.57,-1514.63
2800.0,1600.0,-1493.87,-1504.41,-1514.39
2850.0,1600.0,-1493.66,-1504.21,-1514.07
2900.0,1600.0,-1493.44,-1503.97,-1513.67
2950.0,1600.0,-1493.22,-1503.7,-1513.22
3000.0,1600.0,-1493.0,-1503.4,-1512.72
3050.0,1600.0,-1492.78,-1503.09,-1512.19
3100.0,1600.0,-1492.57,-1502.78,-1511.64
3150.0,1600.0,-1492.38,-1502.47,-1511.09
3200.0,1600.0,-1492.21,-1502.18,-1510.57
3250.0,1600.0,-1492.07,-1501.91,-1510.07
3300.0,1600.0,-1491.96,-1501.68,-1509.63
3350.0,1600.0,-1491.89,-1501.49,-1509.25
3400.0,1600.0,-1491.85,-1501.35,-1508.94
3450.0,1600.0,-1491.86,-1501.27,-1508.71
3500.0,1600.0,-1491.91,-1501.25,-1508.56
3550.0,1600.0,-1492.02,-1501.28,-1508.51
3600.0,1600.0,-1492.17,-1501.37,-1508.54
3650.0,1600.0,-1492.37,-1501.51,-1508.65
3700.0,1600.0,-1492.61,-1501.71,-1508.84
3750.0,1600.0,-1492.91,-1501.95,-1509.1
3800.0,1600.0,-1493.26,-1502.24,-1509.42
3850.0,1600.0,-1493.64,-1502.56,-1509.8
3900.0,1600.0,-1494.08,-1502.91,-1510.23
3950.0,1600.0,-1494.55,-1503.29,-1510.69
4000.0,1600.0,-1495.06,-1503.69,-1511.18
4050.0,1600.0,-1495.6,-1504.12,-1511.69
4100.0,1600.0,-1496.18,-1504.57,-1512.23
4150.0,1600.0,-1496.78,-1505.04,-1512.77
4200.0,1600.0,-1497.4,-1505.54,-1513.33
4250.0,1600.0,-1498.05,-1506.05,-1513.9
4300.0,1600.0,-1498.7,-1506.6,-1514.48
4350.0,1600.0,-1499.38,-1507.17,-1515.06
4400.0,1600.0,-1500.06,-1507.77,-1515.66
4450.0,1600.0,-1500.75,-1508.4,-1516.27
4500.0,1600.0,-1501.45,-1509.06,-1516.89
4550.0,1600.0,-1502.15,-1509.76,-1517.52
4600.0,1600.0,-1502.85,-1510.49,-1518.17
4650.0,1600.0,-1503.55,-1511.24,-1518.84
4700.0,1600.0,-1504.25,-1512.03,-1519.51
4750.0,1600.0,-1504.95,-1512.84,-1520.21
4800.0,1600.0,-1505.66,-1513.67,-1520.92
4850.0,1600.0,-1506.36,-1514.53,-1521.65
4900.0,1600.0,-1507.06,-1515.4,-1522.39
4950.0,1600.0,-1507.77,-1516.28,-1523.15
5000.0,1600.0,-1508.47,-1517.17,-1523.92
0.0,1650.0,-1472.39,-1479.14,-1485.11
50.0,1650.0,-1473.02,-1479.76,-1485.95
100.0,1650.0,-1473.65,-1480.43,-1486.83
150.0,1650.0,-1474.29,-1481.13,-1487.75
200.0,1650.0,-1474.93,-1481.86,-1488.7
250.0,1650.0,-1475.58,-1482.63,-1489.68
300.0,1650.0,-1476.23,-1483.41,-1490.66
350.0,1650.0,-1476.88,-1484.2,-1491.63
400.0,1650.0,-1477.53,-1485.0,-1492.6
450.0,1650.0,-1478.16,-1485.79,-1493.54
500.0,1650.0,-1478.79,-1486.56,-1494.45
550.0,1650.0,-1479.41,-1487.31,-1495.31
600.0,1650.0,-1480.01,-1488.02,-1496.12
650.0,1650.0,-1480.61,-1488.71,-1496.87
700.0,1650.0,-1481.19,-1489.35,-1497.57
750.0,1650.0,-1481.75,-1489.95,-1498.2
800.0,1650.0,-1482.31,-1490.52,-1498.77
850.0,1650.0,-1482.84,-1491.04,-1499.28
900.0,1650.0,-1483.37,-1491.54,-1499.74
950.0,1650.0,-1483.88,-1492.01,-1500.15
1000.0,1650.0,-1484.38,-1492.46,-1500.53
1050.0,1650.0,-1484.87,-1492.9,-1500.87
1100.0,1650.0,-1485.36,-1493.33,-1501.2
1150.0,1650.0,-1485.83,-1493.76,-1501.52
1200.0,1650.0,-1486.3,-1494.2,-1501.84
1250.0,1650.0,-1486.76,-1494.65,-1502.17
1300.0,1650.0,-1487.22,-1495.12,-1502.51
1350.0,1650.0,-1487.67,-1495.6,-1502.86
1400.0,1650.0,-1488.12,-1496.1,-1503.25
1450.0,1650.0,-1488.56,-1496.62,-1503.66
1500.0,1650.0,-1489.01,-1497.14,-1504.09
1550.0,1650.0,-1489.45,-1497.68,-1504.55
1600.0,1650.0,-1489.88,-1498.21,-1505.04
1650.0,1650.0,-1490.31,-1498.74,-1505.55
1700.0,1650.0,-1490.73,-1499.27,-1506.07
1750.0,1650.0,-1491.14,-1499.78,-1506.62
1800.0,1650.0,-1491.54,-1500.27,-1507.18
1850.0,1650.0,-1491.93,-1500.75,-1507.75
1900.0,1650.0,-1492.29,-1501.2,-1508.32
1950.0,1650.0,-1492.64,-1501.63,-1508.91
2000.0,1650.0,-1492.97,-1502.03,-1509.49
2050.0,1650.0,-1493.27,-1502.4,-1510.07
2100.0,1650.0,-1493.55,-1502.76,-1510.65
2150.0,1650.0,-1493.79,-1503.08,-1511.21
2200.0,1650.0,-1494.0,-1503.38,-1511.76
2250.0,1650.0,-1494.18,-1503.66,-1512.28
2300.0,1650.0,-1494.32,-1503.91,-1512.78
2350.0,1650.0,-1494.42,-1504.13,-1513.23
2400.0,1650.0,-1494.49,-1504.32,-1513.64
2450.0,1650.0,-1494.52,-1504.48,-1514.0
2500.0,1650.0,-1494.51,-1504.6,-1514.29
2550.0,1650.0,-1494.47,-1504.68,-1514.5
2600.0,1650.0,-1494.4,-1504.72,-1514.64
2650.0,1650.0,-1494.29,-1504.72,-1514.7
2700.0,1650.0,-1494.16,-1504.66,-1514.67
2750.0,1650.0,-1494.0,-1504.56,-1514.55
2800.0,1650.0,-1493.82,-1504.41,-1514.34
2850.0,1650.0,-1493.63,-1504.22,-1514.05
2900.0,1650.0,-1493.42,-1503.99,-1513.7
2950.0,1650.0,-1493.22,-1503.72,-1513.28
3000.0,1650.0,-1493.01,-1503.44,-1512.81
3050.0,1650.0,-1492.81,-1503.14,-1512.3
3100.0,1650.0,-1492.62,-1502.84,-1511.78
3150.0,1650.0,-1492.45,-1502.54,-1511.26
3200.0,1650.0,-1492.3,-1502.26,-1510.76
3250.0,1650.0,-1492.17,-1502.02,-1510.28
3300.0,1650.0,-1492.08,-1501.8,-1509.86
3350.0,1650.0,-1492.03,-1501.64,-1509.5
3400.0,1650.0,-1492.01,-1501.53,-1509.21
3450.0,1650.0,-1492.04,-1501.47,-1508.99
3500.0,1650.0,-1492.12,-1501.47,-1508.87
3550.0,1650.0,-1492.24,-1501.54,-1508.83
3600.0,1650.0,-1492.41,-1501.66,-1508.88
3650.0,1650.0,-1492.63,-1501.84,-1509.01
3700.0,1650.0,-1492.89,-1502.06,-1509.22
3750.0,1650.0,-1493.21,-1502.34,-1509.51
3800.0,1650.0,-1493.57,-1502.66,-1509.85
3850.0,1650.0,-1493.98,-1503.01,-1510.26
3900.0,1650.0,-1494.42,-1503.39,-1510.71
3950.0,1650.0,-1494.91,-1503.81,-1511.2
4000.0,1650.0,-1495.43,-1504.24,-1511.71
4050.0,1650.0,-1495.99,-1504.7,-1512.26
4100.0,1650.0,-1496.58,-1505.18,-1512.82
4150.0,1650.0,-1497.19,-1505.68,-1513.39
4200.0,1650.0,-1497.82,-1506.19,-1513.98
4250.0,1650.0,-1498.47,-1506.73,-1514.57
4300.0,1650.0,-1499.14,-1507.29,-1515.17
4350.0,1650.0,-1499.82,-1507.88,-1515.78
4400.0,1650.0,-1500.51,-1508.48,-1516.4
4450.0,1650.0,-1501.21,-1509.12,-1517.02
4500.0,1650.0,-1501.91,-1509.78,-1517.65
4550.0,1650.0,-1502.61,-1510.48,-1518.29
4600.0,1650.0,-1503.32,-1511.2,-1518.94
4650.0,1650.0,-1504.02,-1511.94,-1519.61
4700.0,1650.0,-1504.73,-1512.71,-1520.28
4750.0,1650.0,-1505.43,-1513.51,-1520.97
4800.0,1650.0,-1506.13,-1514.32,-1521.67
4850.0,1650.0,-1506.83,-1515.15,-1522.38
4900.0,1650.0,-1507.53,-1516.0,-1523.1
4950.0,1650.0,-1508.23,-1516.85,-1523.84
5000.0,1650.0,-1508.93,-1517.72,-1524.58
0.0,1700.0,-1472.76,-1479.39,-1485.38
50.0,1700.0,-1473.36,-1479.97,-1486.18
100.0,1700.0,-1473.98,-1480.59,-1487.03
150.0,1700.0,-1474.6,-1481.25,-1487.93
200.0,1700.0,-1475.22,-1481.95,-1488.85
250.0,1700.0,-1475.85,-1482.67,-1489.79
300.0,1700.0,-1476.47,-1483.41,-1490.74
350.0,1700.0,-1477.09,-1484.16,-1491.7
400.0,1700.0,-1477.71,-1484.92,-1492.64
450.0,1700.0,-1478.32,-1485.67,-1493.55
500.0,1700.0,-1478.92,-1486.41,-1494.44
550.0,1700.0,-1479.51,-1487.12,-1495.28
600.0,1700.0,-1480.09,-1487.8,-1496.07
650.0,1700.0,-1480.65,-1488.45,-1496.81
700.0,1700.0,-1481.2,-1489.07,-1497.48
750.0,1700.0,-1481.73,-1489.64,-1498.09
800.0,1700.0,-1482.26,-1490.18,-1498.65
850.0,1700.0,-1482.77,-1490.69,-1499.14
900.0,1700.0,-1483.27,-1491.16,-1499.58
950.0,1700.0,-1483.75,-1491.61,-1499.98
1000.0,1700.0,-1484.23,-1492.04,-1500.34
1050.0,1700.0,-1484.7,-1492.46,-1500.67
1100.0,1700.0,-1485.16,-1492.87,-1500.98
1150.0,1700.0,-1485.61,-1493.29,-1501.27
1200.0,1700.0,-1486.06,-1493.72,-1501.57
1250.0,1700.0,-1486.51,-1494.16,-1501.88
1300.0,1700.0,-1486.95,-1494.62,-1502.19
1350.0,1700.0,-1487.39,-1495.1,-1502.53
1400.0,1700.0,-1487.83,-1495.59,-1502.89
1450.0,1700.0,-1488.27,-1496.1,-1503.27
1500.0,1700.0,-1488.71,-1496.63,-1503.68
1550.0,1700.0,-1489.15,-1497.16,-1504.11
1600.0,1700.0,-1489.58,-1497.7,-1504.57
1650.0,1700.0,-1490.01,-1498.24,-1505.05
1700.0,1700.0,-1490.43,-1498.78,-1505.56
1750.0,1700.0,-1490.85,-1499.3,-1506.08
1800.0,1700.0,-1491.25,-1499.81,-1506.62
1850.0,1700.0,-1491.64,-1500.3,-1507.17
1900.0,1700.0,-1492.02,-1500.77,-1507.74
1950.0,1700.0,-1492.38,-1501.22,-1508.31
2000.0,1700.0,-1492.71,-1501.65,-1508.89
2050.0,1700.0,-1493.03,-1502.06,-1509.48
2100.0,1700.0,-1493.31,-1502.44,-1510.06
2150.0,1700.0,-1493.57,-1502.79,-1510.63
2200.0,1700.0,-1493.79,-1503.12,-1511.2
2250.0,1700.0,-1493.98,-1503.43,-1511.74
2300.0,1700.0,-1494.13,-1503.71,-1512.27
2350.0,1700.0,-1494.25,-1503.96,-1512.75
2400.0,1700.0,-1494.33,-1504.17,-1513.19
2450.0,1700.0,-1494.37,-1504.36,-1513.58
2500.0,1700.0,-1494.37,-1504.5,-1513.91
2550.0,1700.0,-1494.35,-1504.6,-1514.17
2600.0,1700.0,-1494.28,-1504.66,-1514.35
2650.0,1700.0,-1494.19,-1504.66,-1514.45
2700.0,1700.0,-1494.07,-1504.62,-1514.46
2750.0,1700.0,-1493.93,-1504.53,-1514.38
2800.0,1700.0,-1493.76,-1504.4,-1514.22
2850.0,1700.0,-1493.59,-1504.21,-1513.98
2900.0,1700.0,-1493.4,-1503.99,-1513.66
2950.0,1700.0,-1493.21,-1503.74,-1513.27
3000.0,1700.0,-1493.02,-1503.47,-1512.84
3050.0,1700.0,-1492.83,-1503.18,-1512.37
3100.0,1700.0,-1492.66,-1502.89,-1511.88
3150.0,1700.0,-1492.51,-1502.61,-1511.39
3200.0,1700.0,-1492.38,-1502.35,-1510.92
3250.0,1700.0,-1492.27,-1502.12,-1510.47
3300.0,1700.0,-1492.2,-1501.93,-1510.07
3350.0,1700.0,-1492.17,-1501.79,-1509.73
3400.0,1700.0,-1492.17,-1501.7,-1509.47
3450.0,1700.0,-1492.22,-1501.67,-1509.28
3500.0,1700.0,-1492.32,-1501.7,-1509.17
3550.0,1700.0,-1492.46,-1501.79,-1509.15
3600.0,1700.0,-1492.64,-1501.94,-1509.22
3650.0,1700.0,-1492.88,-1502.15,-1509.38
3700.0,1700.0,-1493.17,-1502.4,-1509.61
3750.0,1700.0,-1493.5,-1502.71,-1509.91
3800.0,1700.0,-1493.87,-1503.06,-1510.28
3850.0,1700.0,-1494.3,-1503.44,-1510.71
3900.0,1700.0,-1494.76,-1503.85,-1511.18
3950.0,1700.0,-1495.26,-1504.3,-1511.69
4000.0,1700.0,-1495.79,-1504.76,-1512.24
4050.0,1700.0,-1496.36,-1505.25,-1512.81
4100.0,1700.0,-1496.96,-1505.75,-1513.39
4150.0,1700.0,-1497.58,-1506.27,-1513.99
4200.0,1700.0,-1498.22,-1506.81,-1514.6
4250.0,1700.0,-1498.88,-1507.36,-1515.22
4300.0,1700.0,-1499.55,-1507.94,-1515.84
4350.0,1700.0,-1500.24,-1508.53,-1516.46
4400.0,1700.0,-1500.93,-1509.15,-1517.09
4450.0,1700.0,-1501.63,-1509.79,-1517.72
4500.0,1700.0,-1502.34,-1510.45,-1518.36
4550.0,1700.0,-1503.04,-1511.13,-1519.0
4600.0,1700.0,-1503.75,-1511.84,-1519.66
4650.0,1700.0,-1504.45,-1512.58,-1520.31
4700.0,1700.0,-1505.16,-1513.33,-1520.98
4750.0,1700.0,-1505.86,-1514.11,-1521.65
4800.0,1700.0,-1506.56,-1514.9,-1522.34
4850.0,1700.0,-1507.26,-1515.71,-1523.03
4900.0,1700.0,-1507.96,-1516.53,-1523.73
4950.0,1700.0,-1508.66,-1517.36,-1524.45
5000.0,1700.0,-1509.36,-1518.2,-1525.17
0.0,1750.0,-1473.14,-1479.63,-1485.6
50.0,1750.0,-1473.72,-1480.16,-1486.37
100.0,1750.0,-1474.31,-1480.74,-1487.18
150.0,1750.0,-1474.91,-1481.36,-1488.04
200.0,1750.0,-1475.51,-1482.01,-1488.93
250.0,1750.0,-1476.11,-1482.69,-1489.84
300.0,1750.0,-1476.71,-1483.38,-1490.76
350.0,1750.0,-1477.31,-1484.1,-1491.69
400.0,1750.0,-1477.9,-1484.81,-1492.6
450.0,1750.0,-1478.48,-1485.52,-1493.5
500.0,1750.0,-1479.05,-1486.22,-1494.36
550.0,1750.0,-1479.61,-1486.9,-1495.18
600.0,1750.0,-1480.16,-1487.56,-1495.96
650.0,1750.0,-1480.69,-1488.18,-1496.68
700.0,1750.0,-1481.21,-1488.77,-1497.34
750.0,1750.0,-1481.72,-1489.32,-1497.94
800.0,1750.0,-1482.22,-1489.83,-1498.48
850.0,1750.0,-1482.7,-1490.32,-1498.97
900.0,1750.0,-1483.17,-1490.77,-1499.4
950.0,1750.0,-1483.63,-1491.2,-1499.79
1000.0,1750.0,-1484.08,-1491.62,-1500.14
1050.0,1750.0,-1484.52,-1492.02,-1500.45
1100.0,1750.0,-1484.96,-1492.43,-1500.75
1150.0,1750.0,-1485.4,-1492.84,-1501.04
1200.0,1750.0,-1485.83,-1493.26,-1501.32
1250.0,1750.0,-1486.26,-1493.69,-1501.61
1300.0,1750.0,-1486.69,-1494.14,-1501.91
1350.0,1750.0,-1487.12,-1494.61,-1502.23
1400.0,1750.0,-1487.55,-1495.11,-1502.56
1450.0,1750.0,-1487.98,-1495.61,-1502.92
1500.0,1750.0,-1488.42,-1496.14,-1503.3
1550.0,1750.0,-1488.85,-1496.67,-1503.71
1600.0,1750.0,-1489.28,-1497.22,-1504.14
1650.0,1750.0,-1489.71,-1497.76,-1504.59
1700.0,1750.0,-1490.14,-1498.3,-1505.07
1750.0,1750.0,-1490.56,-1498.84,-1505.57
1800.0,1750.0,-1490.97,-1499.36,-1506.08
1850.0,1750.0,-1491.36,-1499.87,-1506.62
1900.0,1750.0,-1491.75,-1500.36,-1507.16
1950.0,1750.0,-1492.11,-1500.83,-1507.72
2000.0,1750.0,-1492.46,-1501.28,-1508.3
2050.0,1750.0,-1492.78,-1501.71,-1508.87
2100.0,1750.0,-1493.07,-1502.12,-1509.46
2150.0,1750.0,-1493.34,-1502.5,-1510.04
2200.0,1750.0,-1493.57,-1502.86,-1510.61
2250.0,1750.0,-1493.77,-1503.19,-1511.17
2300.0,1750.0,-1493.94,-1503.5,-1511.71
2350.0,1750.0,-1494.06,-1503.77,-1512.22
2400.0,1750.0,-1494.16,-1504.01,-1512.69
2450.0,1750.0,-1494.21,-1504.22,-1513.11
2500.0,1750.0,-1494.23,-1504.38,-1513.48
2550.0,1750.0,-1494.21,-1504.5,-1513.77
2600.0,1750.0,-1494.16,-1504.58,-1513.99
2650.0,1750.0,-1494.08,-1504.6,-1514.13
2700.0,1750.0,-1493.98,-1504.57,-1514.18
2750.0,1750.0,-1493.85,-1504.5,-1514.15
2800.0,1750.0,-1493.7,-1504.37,-1514.03
2850.0,1750.0,-1493.54,-1504.2,-1513.83
2900.0,1750.0,-1493.37,-1503.99,-1513.55
2950.0,1750.0,-1493.19,-1503.75,-1513.21
3000.0,1750.0,-1493.02,-1503.49,-1512.82
3050.0,1750.0,-1492.85,-1503.22,-1512.39
3100.0,1750.0,-1492.7,-1502.95,-1511.94
3150.0,1750.0,-1492.57,-1502.68,-1511.49
3200.0,1750.0,-1492.45,-1502.44,-1511.04
3250.0,1750.0,-1492.37,-1502.23,-1510.63
3300.0,1750.0,-1492.32,-1502.06,-1510.26
3350.0,1750.0,-1492.3,-1501.94,-1509.95
3400.0,1750.0,-1492.33,-1501.87,-1509.71
3450.0,1750.0,-1492.4,-1501.87,-1509.55
3500.0,1750.0,-1492.51,-1501.92,-1509.47
3550.0,1750.0,-1492.67,-1502.04,-1509.47
3600.0,1750.0,-1492.87,-1502.21,-1509.56
3650.0,1750.0,-1493.13,-1502.44,-1509.73
3700.0,1750.0,-1493.43,-1502.73,-1509.99
3750.0,1750.0,-1493.77,-1503.06,-1510.31
3800.0,1750.0,-1494.17,-1503.44,-1510.7
3850.0,1750.0,-1494.6,-1503.85,-1511.15
3900.0,1750.0,-1495.07,-1504.29,-1511.64
3950.0,1750.0,-1495.59,-1504.75,-1512.18
4000.0,1750.0,-1496.13,-1505.24,-1512.74
4050.0,1750.0,-1496.71,-1505.75,-1513.33
4100.0,1750.0,-1497.31,-1506.28,-1513.94
4150.0,1750.0,-1497.94,-1506.82,-1514.56
4200.0,1750.0,-1498.59,-1507.37,-1515.19
4250.0,1750.0,-1499.26,-1507.94,-1515.82
4300.0,1750.0,-1499.93,-1508.53,-1516.46
4350.0,1750.0,-1500.62,-1509.13,-1517.09
4400.0,1750.0,-1501.32,-1509.75,-1517.73
4450.0,1750.0,-1502.02,-1510.39,-1518.37
4500.0,1750.0,-1502.73,-1511.05,-1519.01
4550.0,1750.0,-1503.44,-1511.73,-1519.66
4600.0,1750.0,-1504.14,-1512.43,-1520.3
4650.0,1750.0,-1504.85,-1513.14,-1520.95
4700.0,1750.0,-1505.55,-1513.88,-1521.61
4750.0,1750.0,-1506.26,-1514.64,-1522.27
4800.0,1750.0,-1506.96,-1515.4,-1522.93
4850.0,1750.0,-1507.65,-1516.19,-1523.61
4900.0,1750.0,-1508.35,-1516.98,-1524.29
4950.0,1750.0,-1509.04,-1517.79,-1524.98
5000.0,1750.0,-1509.73,-1518.6,-1525.68
0.0,1800.0,-1473.51,-1479.85,-1485.79
50.0,1800.0,-1474.07,-1480.34,-1486.51
100.0,1800.0,-1474.64,-1480.88,-1487.29
150.0,1800.0,-1475.22,-1481.45,-1488.1
200.0,1800.0,-1475.8,-1482.05,-1488.95
250.0,1800.0,-1476.38,-1482.68,-1489.83
300.0,1800.0,-1476.95,-1483.34,-1490.72
350.0,1800.0,-1477.53,-1484.01,-1491.62
400.0,1800.0,-1478.09,-1484.68,-1492.5
450.0,1800.0,-1478.64,-1485.36,-1493.37
500.0,1800.0,-1479.19,-1486.02,-1494.22
550.0,1800.0,-1479.72,-1486.67,-1495.02
600.0,1800.0,-1480.24,-1487.29,-1495.78
650.0,1800.0,-1480.74,-1487.89,-1496.49
700.0,1800.0,-1481.23,-1488.45,-1497.14
750.0,1800.0,-1481.71,-1488.98,-1497.74
800.0,1800.0,-1482.18,-1489.47,-1498.28
850.0,1800.0,-1482.63,-1489.94,-1498.76
900.0,1800.0,-1483.07,-1490.38,-1499.19
950.0,1800.0,-1483.51,-1490.8,-1499.57
1000.0,1800.0,-1483.94,-1491.2,-1499.92
1050.0,1800.0,-1484.36,-1491.6,-1500.24
1100.0,1800.0,-1484.78,-1492.0,-1500.53
1150.0,1800.0,-1485.19,-1492.4,-1500.81
1200.0,1800.0,-1485.61,-1492.81,-1501.09
1250.0,1800.0,-1486.02,-1493.24,-1501.37
1300.0,1800.0,-1486.44,-1493.69,-1501.66
1350.0,1800.0,-1486.86,-1494.16,-1501.96
1400.0,1800.0,-1487.28,-1494.64,-1502.27
1450.0,1800.0,-1487.71,-1495.15,-1502.61
1500.0,1800.0,-1488.13,-1495.67,-1502.97
1550.0,1800.0,-1488.56,-1496.21,-1503.35
1600.0,1800.0,-1488.99,-1496.76,-1503.76
1650.0,1800.0,-1489.42,-1497.3,-1504.18
1700.0,1800.0,-1489.85,-1497.85,-1504.63
1750.0,1800.0,-1490.27,-1498.4,-1505.1
1800.0,1800.0,-1490.69,-1498.93,-1505.59
1850.0,1800.0,-1491.09,-1499.45,-1506.09
1900.0,1800.0,-1491.48,-1499.96,-1506.62
1950.0,1800.0,-1491.85,-1500.45,-1507.16
2000.0,1800.0,-1492.2,-1500.92,-1507.71
2050.0,1800.0,-1492.53,-1501.37,-1508.28
2100.0,1800.0,-1492.84,-1501.8,-1508.85
2150.0,1800.0,-1493.11,-1502.2,-1509.43
2200.0,1800.0,-1493.35,-1502.59,-1510.01
2250.0,1800.0,-1493.56,-1502.95,-1510.58
2300.0,1800.0,-1493.74,-1503.28,-1511.13
2350.0,1800.0,-1493.88,-1503.57,-1511.65
2400.0,1800.0,-1493.98,-1503.84,-1512.15
2450.0,1800.0,-1494.04,-1504.07,-1512.59
2500.0,1800.0,-1494.08,-1504.25,-1512.99
2550.0,1800.0,-1494.07,-1504.39,-1513.32
2600.0,1800.0,-1494.03,-1504.48,-1513.57
2650.0,1800.0,-1493.97,-1504.52,-1513.75
2700.0,1800.0,-1493.88,-1504.51,-1513.84
2750.0,1800.0,-1493.76,-1504.44,-1513.85
2800.0,1800.0,-1493.63,-1504.33,-1513.78
2850.0,1800.0,-1493.48,-1504.17,-1513.62
2900.0,1800.0,-1493.33,-1503.98,-1513.39
2950.0,1800.0,-1493.17,-1503.75,-1513.09
3000.0,1800.0,-1493.02,-1503.51,-1512.75
3050.0,1800.0,-1492.87,-1503.25,-1512.36
3100.0,1800.0,-1492.73,-1502.99,-1511.95
3150.0,1800.0,-1492.62,-1502.75,-1511.54
3200.0,1800.0,-1492.52,-1502.52,-1511.14
3250.0,1800.0,-1492.46,-1502.33,-1510.76
3300.0,1800.0,-1492.43,-1502.18,-1510.43
3350.0,1800.0,-1492.43,-1502.08,-1510.15
3400.0,1800.0,-1492.47,-1502.04,-1509.94
3450.0,1800.0,-1492.56,-1502.06,-1509.8
3500.0,1800.0,-1492.69,-1502.13,-1509.75
3550.0,1800.0,-1492.87,-1502.27,-1509.77
3600.0,1800.0,-1493.09,-1502.47,-1509.89
3650.0,1800.0,-1493.36,-1502.73,-1510.08
3700.0,1800.0,-1493.68,-1503.04,-1510.35
3750.0,1800.0,-1494.04,-1503.39,-1510.7
3800.0,1800.0,-1494.44,-1503.79,-1511.1
3850.0,1800.0,-1494.89,-1504.23,-1511.57
3900.0,1800.0,-1495.37,-1504.69,-1512.08
3950.0,1800.0,-1495.9,-1505.18,-1512.64
4000.0,1800.0,-1496.45,-1505.69,-1513.22
4050.0,1800.0,-1497.03,-1506.22,-1513.83
4100.0,1800.0,-1497.65,-1506.76,-1514.46
4150.0,1800.0,-1498.28,-1507.32,-1515.09
4200.0,1800.0,-1498.93,-1507.89,-1515.74
4250.0,1800.0,-1499.6,-1508.47,-1516.38
4300.0,1800.0,-1500.28,-1509.06,-1517.03
4350.0,1800.0,-1500.97,-1509.67,-1517.68
4400.0,1800.0,-1501.67,-1510.29,-1518.32
4450.0,1800.0,-1502.38,-1510.93,-1518.97
4500.0,1800.0,-1503.08,-1511.58,-1519.61
4550.0,1800.0,-1503.79,-1512.25,-1520.24
4600.0,1800.0,-1504.5,-1512.94,-1520.88
4650.0,1800.0,-1505.2,-1513.64,-1521.52
4700.0,1800.0,-1505.9,-1514.36,-1522.16
4750.0,1800.0,-1506.6,-1515.09,-1522.8
4800.0,1800.0,-1507.3,-1515.83,-1523.45
4850.0,1800.0,-1508.0,-1516.59,-1524.1
4900.0,1800.0,-1508.69,-1517.36,-1524.76
4950.0,1800.0,-1509.38,-1518.14,-1525.43
5000.0,1800.0,-1510.06,-1518.92,-1526.11
0.0,1850.0,-1473.88,-1480.07,-1485.95
50.0,1850.0,-1474.43,-1480.52,-1486.63
100.0,1850.0,-1474.98,-1481.0,-1487.36
150.0,1850.0,-1475.53,-1481.52,-1488.13
200.0,1850.0,-1476.09,-1482.08,-1488.93
250.0,1850.0,-1476.64,-1482.67,-1489.77
300.0,1850.0,-1477.19,-1483.28,-1490.62
350.0,1850.0,-1477.74,-1483.9,-1491.48
400.0,1850.0,-1478.28,-1484.54,-1492.34
450.0,1850.0,-1478.8,-1485.17,-1493.19
500.0,1850.0,-1479.32,-1485.8,-1494.01
550.0,1850.0,-1479.82,-1486.42,-1494.8
600.0,1850.0,-1480.31,-1487.01,-1495.55
650.0,1850.0,-1480.79,-1487.58,-1496.25
700.0,1850.0,-1481.25,-1488.12,-1496.9
750.0,1850.0,-1481.7,-1488.63,-1497.49
800.0,1850.0,-1482.14,-1489.11,-1498.03
850.0,1850.0,-1482.57,-1489.56,-1498.51
900.0,1850.0,-1482.99,-1489.99,-1498.95
950.0,1850.0,-1483.4,-1490.4,-1499.34
1000.0,1850.0,-1483.8,-1490.8,-1499.69
1050.0,1850.0,-1484.2,-1491.19,-1500.01
1100.0,1850.0,-1484.6,-1491.58,-1500.31
1150.0,1850.0,-1485.0,-1491.98,-1500.6
1200.0,1850.0,-1485.4,-1492.39,-1500.87
1250.0,1850.0,-1485.8,-1492.81,-1501.15
1300.0,1850.0,-1486.2,-1493.26,-1501.43
1350.0,1850.0,-1486.61,-1493.72,-1501.72
1400.0,1850.0,-1487.02,-1494.21,-1502.02
1450.0,1850.0,-1487.44,-1494.71,-1502.34
1500.0,1850.0,-1487.86,-1495.24,-1502.68
1550.0,1850.0,-1488.29,-1495.77,-1503.04
1600.0,1850.0,-1488.72,-1496.32,-1503.42
1650.0,1850.0,-1489.14,-1496.87,-1503.82
1700.0,1850.0,-1489.57,-1497.42,-1504.24
1750.0,1850.0,-1489.99,-1497.97,-1504.68
1800.0,1850.0,-1490.41,-1498.52,-1505.14
1850.0,1850.0,-1490.82,-1499.05,-1505.61
1900.0,1850.0,-1491.21,-1499.57,-1506.11
1950.0,1850.0,-1491.59,-1500.07,-1506.62
2000.0,1850.0,-1491.95,-1500.56,-1507.16
2050.0,1850.0,-1492.29,-1501.03,-1507.7
2100.0,1850.0,-1492.6,-1501.48,-1508.26
2150.0,1850.0,-1492.88,-1501.91,-1508.83
2200.0,1850.0,-1493.13,-1502.31,-1509.4
2250.0,1850.0,-1493.35,-1502.69,-1509.97
2300.0,1850.0,-1493.53,-1503.05,-1510.53
2350.0,1850.0,-1493.68,-1503.37,-1511.06
2400.0,1850.0,-1493.8,-1503.65,-1511.57
2450.0,1850.0,-1493.87,-1503.9,-1512.04
2500.0,1850.0,-1493.91,-1504.1,-1512.45
2550.0,1850.0,-1493.92,-1504.26,-1512.81
2600.0,1850.0,-1493.9,-1504.37,-1513.1
2650.0,1850.0,-1493.85,-1504.42,-1513.31
2700.0,1850.0,-1493.77,-1504.42,-1513.44
2750.0,1850.0,-1493.67,-1504.37,-1513.49
2800.0,1850.0,-1493.55,-1504.28,-1513.46
2850.0,1850.0,-1493.42,-1504.13,-1513.35
2900.0,1850.0,-1493.28,-1503.95,-1513.17
2950.0,1850.0,-1493.14,-1503.74,-1512.92
3000.0,1850.0,-1493.0,-1503.51,-1512.62
3050.0,1850.0,-1492.87,-1503.27,-1512.28
3100.0,1850.0,-1492.76,-1503.03,-1511.92
3150.0,1850.0,-1492.66,-1502.81,-1511.55
3200.0,1850.0,-1492.58,-1502.6,-1511.19
3250.0,1850.0,-1492.54,-1502.43,-1510.86
3300.0,1850.0,-1492.53,-1502.3,-1510.57
3350.0,1850.0,-1492.55,-1502.23,-1510.32
3400.0,1850.0,-1492.61,-1502.2,-1510.14
3450.0,1850.0,-1492.71,-1502.24,-1510.04
3500.0,1850.0,-1492.86,-1502.34,-1510.01
3550.0,1850.0,-1493.06,-1502.5,-1510.06
3600.0,1850.0,-1493.29,-1502.72,-1510.19
3650.0,1850.0,-1493.58,-1503.0,-1510.41
3700.0,1850.0,-1493.91,-1503.33,-1510.7
3750.0,1850.0,-1494.28,-1503.7,-1511.06
3800.0,1850.0,-1494.7,-1504.12,-1511.49
3850.0,1850.0,-1495.16,-1504.57,-1511.97
3900.0,1850.0,-1495.65,-1505.06,-1512.5
3950.0,1850.0,-1496.18,-1505.57,-1513.07
4000.0,1850.0,-1496.74,-1506.09,-1513.67
4050.0,1850.0,-1497.33,-1506.64,-1514.29
4100.0,1850.0,-1497.95,-1507.2,-1514.93
4150.0,1850.0,-1498.59,-1507.77,-1515.58
4200.0,1850.0,-1499.24,-1508.35,-1516.24
4250.0,1850.0,-1499.91,-1508.94,-1516.9
4300.0,1850.0,-1500.6,-1509.54,-1517.55
4350.0,1850.0,-1501.29,-1510.15,-1518.21
4400.0,1850.0,-1501.99,-1510.77,-1518.86
4450.0,1850.0,-1502.69,-1511.4,-1519.5
4500.0,1850.0,-1503.39,-1512.04,-1520.14
4550.0,1850.0,-1504.1,-1512.7,-1520.77
4600.0,1850.0,-1504.8,-1513.37,-1521.4
4650.0,1850.0,-1505.51,-1514.05,-1522.02
4700.0,1850.0,-1506.21,-1514.75,-1522.64
4750.0,1850.0,-1506.9,-1515.46,-1523.27
4800.0,1850.0,-1507.6,-1516.18,-1523.9
4850.0,1850.0,-1508.29,-1516.91,-1524.53
4900.0,1850.0,-1508.98,-1517.65,-1525.16
4950.0,1850.0,-1509.66,-1518.4,-1525.8
5000.0,1850.0,-1510.34,-1519.16,-1526.45
0.0,1900.0,-1474.25,-1480.29,-1486.1
50.0,1900.0,-1474.77,-1480.69,-1486.72
100.0,1900.0,-1475.3,-1481.12,-1487.4
150.0,1900.0,-1475.84,-1481.59,-1488.12
200.0,1900.0,-1476.37,-1482.1,-1488.88
250.0,1900.0,-1476.9,-1482.64,-1489.67
300.0,1900.0,-1477.43,-1483.21,-1490.48
350.0,1900.0,-1477.95,-1483.79,-1491.3
400.0,1900.0,-1478.46,-1484.38,-1492.13
450.0,1900.0,-1478.96,-1484.98,-1492.95
500.0,1900.0,-1479.45,-1485.58,-1493.75
550.0,1900.0,-1479.92,-1486.16,-1494.52
600.0,1900.0,-1480.39,-1486.72,-1495.26
650.0,1900.0,-1480.84,-1487.27,-1495.95
700.0,1900.0,-1481.27,-1487.79,-1496.6
750.0,1900.0,-1481.7,-1488.28,-1497.19
800.0,1900.0,-1482.11,-1488.75,-1497.74
850.0,1900.0,-1482.51,-1489.19,-1498.23
900.0,1900.0,-1482.9,-1489.61,-1498.67
950.0,1900.0,-1483.29,-1490.01,-1499.08
1000.0,1900.0,-1483.67,-1490.4,-1499.44
1050.0,1900.0,-1484.05,-1490.79,-1499.78
1100.0,1900.0,-1484.43,-1491.18,-1500.09
1150.0,1900.0,-1484.81,-1491.58,-1500.38
1200.0,1900.0,-1485.19,-1491.98,-1500.67
1250.0,1900.0,-1485.58,-1492.41,-1500.95
1300.0,1900.0,-1485.97,-1492.85,-1501.23
1350.0,1900.0,-1486.37,-1493.32,-1501.52
1400.0,1900.0,-1486.77,-1493.8,-1501.81
1450.0,1900.0,-1487.18,-1494.31,-1502.12
1500.0,1900.0,-1487.6,-1494.83,-1502.45
1550.0,1900.0,-1488.02,-1495.36,-1502.78
1600.0,1900.0,-1488.45,-1495.91,-1503.14
1650.0,1900.0,-1488.87,-1496.46,-1503.51
1700.0,1900.0,-1489.3,-1497.02,-1503.9
1750.0,1900.0,-1489.72,-1497.57,-1504.31
1800.0,1900.0,-1490.14,-1498.12,-1504.74
1850.0,1900.0,-1490.55,-1498.66,-1505.18
1900.0,1900.0,-1490.95,-1499.19,-1505.65
1950.0,1900.0,-1491.34,-1499.71,-1506.13
2000.0,1900.0,-1491.7,-1500.21,-1506.64
2050.0,1900.0,-1492.04,-1500.7,-1507.16
2100.0,1900.0,-1492.36,-1501.16,-1507.7
2150.0,1900.0,-1492.65,-1501.61,-1508.25
2200.0,1900.0,-1492.91,-1502.04,-1508.81
2250.0,1900.0,-1493.14,-1502.44,-1509.37
2300.0,1900.0,-1493.33,-1502.81,-1509.92
2350.0,1900.0,-1493.49,-1503.15,-1510.46
2400.0,1900.0,-1493.61,-1503.45,-1510.98
2450.0,1900.0,-1493.7,-1503.72,-1511.45
2500.0,1900.0,-1493.75,-1503.94,-1511.89
2550.0,1900.0,-1493.77,-1504.11,-1512.27
2600.0,1900.0,-1493.76,-1504.23,-1512.58
2650.0,1900.0,-1493.72,-1504.3,-1512.83
2700.0,1900.0,-1493.65,-1504.32,-1512.99
2750.0,1900.0,-1493.57,-1504.28,-1513.08
2800.0,1900.0,-1493.46,-1504.2,-1513.09
2850.0,1900.0,-1493.35,-1504.07,-1513.03
2900.0,1900.0,-1493.23,-1503.91,-1512.89
2950.0,1900.0,-1493.1,-1503.72,-1512.7
3000.0,1900.0,-1492.98,-1503.5,-1512.45
3050.0,1900.0,-1492.87,-1503.28,-1512.16
3100.0,1900.0,-1492.77,-1503.06,-1511.85
3150.0,1900.0,-1492.69,-1502.86,-1511.53
3200.0,1900.0,-1492.64,-1502.67,-1511.22
3250.0,1900.0,-1492.61,-1502.52,-1510.93
3300.0,1900.0,-1492.61,-1502.42,-1510.68
3350.0,1900.0,-1492.65,-1502.36,-1510.47
3400.0,1900.0,-1492.73,-1502.36,-1510.33
3450.0,1900.0,-1492.86,-1502.42,-1510.25
3500.0,1900.0,-1493.02,-1502.54,-1510.25
3550.0,1900.0,-1493.23,-1502.72,-1510.33
3600.0,1900.0,-1493.48,-1502.96,-1510.48
3650.0,1900.0,-1493.78,-1503.25,-1510.72
3700.0,1900.0,-1494.12,-1503.6,-1511.02
3750.0,1900.0,-1494.51,-1503.99,-1511.4
3800.0,1900.0,-1494.94,-1504.43,-1511.84
3850.0,1900.0,-1495.4,-1504.89,-1512.34
3900.0,1900.0,-1495.91,-1505.39,-1512.88
3950.0,1900.0,-1496.44,-1505.91,-1513.46
4000.0,1900.0,-1497.01,-1506.46,-1514.07
4050.0,1900.0,-1497.6,-1507.01,-1514.71
4100.0,1900.0,-1498.22,-1507.58,-1515.36
4150.0,1900.0,-1498.86,-1508.16,-1516.02
4200.0,1900.0,-1499.52,-1508.75,-1516.69
4250.0,1900.0,-1500.19,-1509.34,-1517.36
4300.0,1900.0,-1500.87,-1509.95,-1518.02
4350.0,1900.0,-1501.56,-1510.56,-1518.68
4400.0,1900.0,-1502.26,-1511.17,-1519.33
4450.0,1900.0,-1502.96,-1511.8,-1519.97
4500.0,1900.0,-1503.66,-1512.43,-1520.6
4550.0,1900.0,-1504.36,-1513.08,-1521.22
4600.0,1900.0,-1505.07,-1513.73,-1521.84
4650.0,1900.0,-1505.77,-1514.39,-1522.45
4700.0,1900.0,-1506.46,-1515.06,-1523.05
4750.0,1900.0,-1507.16,-1515.75,-1523.66
4800.0,1900.0,-1507.85,-1516.44,-1524.26
4850.0,1900.0,-1508.53,-1517.15,-1524.87
4900.0,1900.0,-1509.22,-1517.86,-1525.48
4950.0,1900.0,-1509.9,-1518.58,-1526.1
5000.0,1900.0,-1510.57,-1519.31,-1526.72
0.0,1950.0,-1474.61,-1480.51,-1486.24
50.0,1950.0,-1475.11,-1480.86,-1486.8
100.0,1950.0,-1475.62,-1481.24,-1487.42
150.0,1950.0,-1476.13,-1481.67,-1488.09
200.0,1950.0,-1476.64,-1482.13,-1488.79
250.0,1950.0,-1477.15,-1482.62,-1489.53
300.0,1950.0,-1477.65,-1483.14,-1490.3
350.0,1950.0,-1478.15,-1483.67,-1491.09
400.0,1950.0,-1478.64,-1484.23,-1491.88
450.0,1950.0,-1479.11,-1484.79,-1492.67
500.0,1950.0,-1479.57,-1485.35,-1493.45
550.0,1950.0,-1480.02,-1485.9,-1494.2
600.0,1950.0,-1480.46,-1486.44,-1494.93
650.0,1950.0,-1480.88,-1486.96,-1495.61
700.0,1950.0,-1481.29,-1487.46,-1496.26
750.0,1950.0,-1481.69,-1487.93,-1496.85
800.0,1950.0,-1482.08,-1488.39,-1497.41
850.0,1950.0,-1482.45,-1488.82,-1497.91
900.0,1950.0,-1482.82,-1489.23,-1498.37
950.0,1950.0,-1483.19,-1489.63,-1498.79
1000.0,1950.0,-1483.55,-1490.02,-1499.18
1050.0,1950.0,-1483.91,-1490.41,-1499.53
1100.0,1950.0,-1484.27,-1490.8,-1499.86
1150.0,1950.0,-1484.63,-1491.2,-1500.17
1200.0,1950.0,-1485.0,-1491.61,-1500.47
1250.0,1950.0,-1485.37,-1492.03,-1500.76
1300.0,1950.0,-1485.75,-1492.48,-1501.05
1350.0,1950.0,-1486.14,-1492.94,-1501.35
1400.0,1950.0,-1486.53,-1493.43,-1501.64
1450.0,1950.0,-1486.94,-1493.93,-1501.94
1500.0,1950.0,-1487.35,-1494.45,-1502.26
1550.0,1950.0,-1487.77,-1494.98,-1502.58
1600.0,1950.0,-1488.19,-1495.53,-1502.91
1650.0,1950.0,-1488.61,-1496.08,-1503.26
1700.0,1950.0,-1489.04,-1496.64,-1503.62
1750.0,1950.0,-1489.46,-1497.19,-1504.0
1800.0,1950.0,-1489.88,-1497.75,-1504.4
1850.0,1950.0,-1490.3,-1498.29,-1504.81
1900.0,1950.0,-1490.7,-1498.83,-1505.24
1950.0,1950.0,-1491.08,-1499.36,-1505.7
2000.0,1950.0,-1491.45,-1499.87,-1506.17
2050.0,1950.0,-1491.8,-1500.37,-1506.66
2100.0,1950.0,-1492.12,-1500.85,-1507.18
2150.0,1950.0,-1492.42,-1501.31,-1507.7
2200.0,1950.0,-1492.68,-1501.76,-1508.24
2250.0,1950.0,-1492.92,-1502.17,-1508.79
2300.0,1950.0,-1493.12,-1502.56,-1509.33
2350.0,1950.0,-1493.28,-1502.92,-1509.86
2400.0,1950.0,-1493.42,-1503.24,-1510.38
2450.0,1950.0,-1493.51,-1503.52,-1510.86
2500.0,1950.0,-1493.57,-1503.76,-1511.3
2550.0,1950.0,-1493.6,-1503.94,-1511.7
2600.0,1950.0,-1493.6,-1504.08,-1512.04
2650.0,1950.0,-1493.58,-1504.16,-1512.31
2700.0,1950.0,-1493.52,-1504.2,-1512.51
2750.0,1950.0,-1493.45,-1504.18,-1512.63
2800.0,1950.0,-1493.36,-1504.11,-1512.68
2850.0,1950.0,-1493.26,-1504.0,-1512.66
2900.0,1950.0,-1493.16,-1503.85,-1512.58
2950.0,1950.0,-1493.05,-1503.67,-1512.43
3000.0,1950.0,-1492.95,-1503.48,-1512.23
3050.0,1950.0,-1492.85,-1503.28,-1512.0
3100.0,1950.0,-1492.77,-1503.08,-1511.74
3150.0,1950.0,-1492.71,-1502.9,-1511.47
3200.0,1950.0,-1492.67,-1502.73,-1511.21
3250.0,1950.0,-1492.67,-1502.61,-1510.97
3300.0,1950.0,-1492.69,-1502.52,-1510.76
3350.0,1950.0,-1492.75,-1502.49,-1510.59
3400.0,1950.0,-1492.84,-1502.51,-1510.49
3450.0,1950.0,-1492.98,-1502.59,-1510.44
3500.0,1950.0,-1493.16,-1502.72,-1510.47
3550.0,1950.0,-1493.39,-1502.92,-1510.57
3600.0,1950.0,-1493.65,-1503.18,-1510.75
3650.0,1950.0,-1493.97,-1503.49,-1511.0
3700.0,1950.0,-1494.32,-1503.85,-1511.32
3750.0,1950.0,-1494.72,-1504.25,-1511.71
3800.0,1950.0,-1495.15,-1504.7,-1512.17
3850.0,1950.0,-1495.62,-1505.18,-1512.67
3900.0,1950.0,-1496.13,-1505.69,-1513.22
3950.0,1950.0,-1496.67,-1506.22,-1513.82
4000.0,1950.0,-1497.24,-1506.77,-1514.44
4050.0,1950.0,-1497.84,-1507.34,-1515.08
4100.0,1950.0,-1498.46,-1507.92,-1515.74
4150.0,1950.0,-1499.1,-1508.5,-1516.41
4200.0,1950.0,-1499.76,-1509.09,-1517.09
4250.0,1950.0,-1500.43,-1509.69,-1517.76
4300.0,1950.0,-1501.11,-1510.29,-1518.43
4350.0,1950.0,-1501.79,-1510.9,-1519.08
4400.0,1950.0,-1502.49,-1511.51,-1519.73
4450.0,1950.0,-1503.18,-1512.12,-1520.37
4500.0,1950.0,-1503.88,-1512.74,-1520.99
4550.0,1950.0,-1504.58,-1513.37,-1521.61
4600.0,1950.0,-1505.28,-1514.0,-1522.21
4650.0,1950.0,-1505.98,-1514.65,-1522.8
4700.0,1950.0,-1506.67,-1515.29,-1523.39
4750.0,1950.0,-1507.36,-1515.95,-1523.97
4800.0,1950.0,-1508.04,-1516.62,-1524.55
4850.0,1950.0,-1508.73,-1517.3,-1525.14
4900.0,1950.0,-1509.4,-1517.98,-1525.72
4950.0,1950.0,-1510.08,-1518.68,-1526.32
5000.0,1950.0,-1510.75,-1519.38,-1526.92
0.0,2000.0,-1474.96,-1480.74,-1486.38
50.0,2000.0,-1475.44,-1481.04,-1486.88
100.0,2000.0,-1475.93,-1481.37,-1487.44
150.0,2000.0,-1476.42,-1481.75,-1488.05
200.0,2000.0,-1476.91,-1482.16,-1488.7
250.0,2000.0,-1477.39,-1482.6,-1489.39
300.0,2000.0,-1477.87,-1483.07,-1490.11
350.0,2000.0,-1478.34,-1483.57,-1490.85
400.0,2000.0,-1478.81,-1484.08,-1491.6
450.0,2000.0,-1479.26,-1484.6,-1492.36
500.0,2000.0,-1479.69,-1485.12,-1493.11
550.0,2000.0,-1480.12,-1485.65,-1493.85
600.0,2000.0,-1480.53,-1486.16,-1494.56
650.0,2000.0,-1480.93,-1486.66,-1495.24
700.0,2000.0,-1481.31,-1487.14,-1495.88
750.0,2000.0,-1481.68,-1487.6,-1496.48
800.0,2000.0,-1482.05,-1488.04,-1497.05
850.0,2000.0,-1482.4,-1488.47,-1497.57
900.0,2000.0,-1482.75,-1488.88,-1498.05
950.0,2000.0,-1483.09,-1489.27,-1498.49
1000.0,2000.0,-1483.43,-1489.67,-1498.9
1050.0,2000.0,-1483.78,-1490.05,-1499.28
1100.0,2000.0,-1484.12,-1490.45,-1499.63
1150.0,2000.0,-1484.46,-1490.85,-1499.97
1200.0,2000.0,-1484.82,-1491.26,-1500.29
1250.0,2000.0,-1485.18,-1491.69,-1500.6
1300.0,2000.0,-1485.55,-1492.13,-1500.9
1350.0,2000.0,-1485.92,-1492.6,-1501.2
1400.0,2000.0,-1486.31,-1493.08,-1501.5
1450.0,2000.0,-1486.71,-1493.58,-1501.81
1500.0,2000.0,-1487.11,-1494.1,-1502.11
1550.0,2000.0,-1487.52,-1494.64,-1502.42
1600.0,2000.0,-1487.94,-1495.18,-1502.74
1650.0,2000.0,-1488.37,-1495.73,-1503.07
1700.0,2000.0,-1488.79,-1496.29,-1503.41
1750.0,2000.0,-1489.22,-1496.84,-1503.76
1800.0,2000.0,-1489.64,-1497.39,-1504.12
1850.0,2000.0,-1490.05,-1497.94,-1504.5
1900.0,2000.0,-1490.45,-1498.49,-1504.9
1950.0,2000.0,-1490.84,-1499.02,-1505.32
2000.0,2000.0,-1491.21,-1499.54,-1505.76
2050.0,2000.0,-1491.56,-1500.05,-1506.22
2100.0,2000.0,-1491.89,-1500.54,-1506.7
2150.0,2000.0,-1492.19,-1501.02,-1507.2
2200.0,2000.0,-1492.46,-1501.47,-1507.71
2250.0,2000.0,-1492.7,-1501.91,-1508.23
2300.0,2000.0,-1492.91,-1502.31,-1508.76
2350.0,2000.0,-1493.08,-1502.68,-1509.28
2400.0,2000.0,-1493.22,-1503.01,-1509.79
2450.0,2000.0,-1493.32,-1503.31,-1510.27
2500.0,2000.0,-1493.39,-1503.56,-1510.71
2550.0,2000.0,-1493.43,-1503.76,-1511.12
2600.0,2000.0,-1493.44,-1503.91,-1511.47
2650.0,2000.0,-1493.43,-1504.0,-1511.76
2700.0,2000.0,-1493.39,-1504.05,-1511.99
2750.0,2000.0,-1493.33,-1504.04,-1512.15
2800.0,2000.0,-1493.26,-1503.99,-1512.24
2850.0,2000.0,-1493.17,-1503.9,-1512.26
2900.0,2000.0,-1493.08,-1503.77,-1512.22
2950.0,2000.0,-1492.99,-1503.61,-1512.12
3000.0,2000.0,-1492.9,-1503.44,-1511.98
3050.0,2000.0,-1492.83,-1503.26,-1511.8
3100.0,2000.0,-1492.76,-1503.08,-1511.6
3150.0,2000.0,-1492.72,-1502.92,-1511.38
3200.0,2000.0,-1492.7,-1502.78,-1511.17
3250.0,2000.0,-1492.71,-1502.68,-1510.98
3300.0,2000.0,-1492.75,-1502.62,-1510.81
3350.0,2000.0,-1492.83,-1502.6,-1510.69
3400.0,2000.0,-1492.94,-1502.64,-1510.62
3450.0,2000.0,-1493.09,-1502.74,-1510.61
3500.0,2000.0,-1493.29,-1502.9,-1510.67
3550.0,2000.0,-1493.52,-1503.11,-1510.79
3600.0,2000.0,-1493.8,-1503.38,-1510.99
3650.0,2000.0,-1494.13,-1503.7,-1511.26
3700.0,2000.0,-1494.49,-1504.07,-1511.59
3750.0,2000.0,-1494.9,-1504.49,-1512.0
3800.0,2000.0,-1495.34,-1504.94,-1512.46
3850.0,2000.0,-1495.82,-1505.43,-1512.97
3900.0,2000.0,-1496.33,-1505.95,-1513.53
3950.0,2000.0,-1496.88,-1506.49,-1514.13
4000.0,2000.0,-1497.45,-1507.04,-1514.75
4050.0,2000.0,-1498.05,-1507.62,-1515.4
4100.0,2000.0,-1498.67,-1508.2,-1516.07
4150.0,2000.0,-1499.3,-1508.78,-1516.74
4200.0,2000.0,-1499.96,-1509.38,-1517.42
4250.0,2000.0,-1500.62,-1509.97,-1518.1
4300.0,2000.0,-1501.3,-1510.57,-1518.76
4350.0,2000.0,-1501.98,-1511.17,-1519.42
4400.0,2000.0,-1502.67,-1511.77,-1520.07
4450.0,2000.0,-1503.36,-1512.38,-1520.7
4500.0,2000.0,-1504.06,-1512.98,-1521.31
4550.0,2000.0,-1504.75,-1513.59,-1521.91
4600.0,2000.0,-1505.44,-1514.2,-1522.5
4650.0,2000.0,-1506.13,-1514.82,-1523.08
4700.0,2000.0,-1506.82,-1515.44,-1523.65
4750.0,2000.0,-1507.51,-1516.07,-1524.21
4800.0,2000.0,-1508.19,-1516.71,-1524.77
4850.0,2000.0,-1508.86,-1517.36,-1525.33
4900.0,2000.0,-1509.53,-1518.02,-1525.89
4950.0,2000.0,-1510.2,-1518.69,-1526.46
5000.0,2000.0,-1510.87,-1519.36,-1527.04
0.0,2050.0,-1475.3,-1480.98,-1486.54
50.0,2050.0,-1475.76,-1481.23,-1486.97
100.0,2050.0,-1476.22,-1481.51,-1487.46
150.0,2050.0,-1476.69,-1481.84,-1488.01
200.0,2050.0,-1477.16,-1482.2,-1488.6
250.0,2050.0,-1477.62,-1482.6,-1489.23
300.0,2050.0,-1478.08,-1483.02,-1489.9
350.0,2050.0,-1478.53,-1483.47,-1490.6
400.0,2050.0,-1478.96,-1483.94,-1491.31
450.0,2050.0,-1479.39,-1484.43,-1492.03
500.0,2050.0,-1479.8,-1484.92,-1492.76
550.0,2050.0,-1480.2,-1485.41,-1493.47
600.0,2050.0,-1480.59,-1485.89,-1494.16
650.0,2050.0,-1480.97,-1486.37,-1494.84
700.0,2050.0,-1481.33,-1486.83,-1495.48
750.0,2050.0,-1481.68,-1487.28,-1496.09
800.0,2050.0,-1482.02,-1487.72,-1496.66
850.0,2050.0,-1482.35,-1488.13,-1497.2
900.0,2050.0,-1482.68,-1488.54,-1497.7
950.0,2050.0,-1483.0,-1488.94,-1498.17
1000.0,2050.0,-1483.33,-1489.33,-1498.6
1050.0,2050.0,-1483.65,-1489.73,-1499.01
1100.0,2050.0,-1483.98,-1490.12,-1499.4
1150.0,2050.0,-1484.31,-1490.53,-1499.76
1200.0,2050.0,-1484.65,-1490.94,-1500.11
1250.0,2050.0,-1485.0,-1491.37,-1500.44
1300.0,2050.0,-1485.35,-1491.82,-1500.77
1350.0,2050.0,-1485.72,-1492.29,-1501.08
1400.0,2050.0,-1486.1,-1492.77,-1501.4
1450.0,2050.0,-1486.49,-1493.27,-1501.7
1500.0,2050.0,-1486.89,-1493.79,-1502.01
1550.0,2050.0,-1487.3,-1494.32,-1502.32
1600.0,2050.0,-1487.71,-1494.86,-1502.62
1650.0,2050.0,-1488.13,-1495.41,-1502.94
1700.0,2050.0,-1488.56,-1495.96,-1503.25
1750.0,2050.0,-1488.98,-1496.51,-1503.58
1800.0,2050.0,-1489.4,-1497.07,-1503.91
1850.0,2050.0,-1489.81,-1497.62,-1504.26
1900.0,2050.0,-1490.22,-1498.16,-1504.62
1950.0,2050.0,-1490.61,-1498.7,-1505.0
2000.0,2050.0,-1490.98,-1499.22,-1505.41
2050.0,2050.0,-1491.33,-1499.74,-1505.83
2100.0,2050.0,-1491.66,-1500.24,-1506.28
2150.0,2050.0,-1491.97,-1500.73,-1506.75
2200.0,2050.0,-1492.24,-1501.19,-1507.23
2250.0,2050.0,-1492.48,-1501.63,-1507.72
2300.0,2050.0,-1492.7,-1502.05,-1508.22
2350.0,2050.0,-1492.87,-1502.43,-1508.72
2400.0,2050.0,-1493.02,-1502.78,-1509.21
2450.0,2050.0,-1493.13,-1503.08,-1509.69
2500.0,2050.0,-1493.21,-1503.34,-1510.13
2550.0,2050.0,-1493.26,-1503.55,-1510.54
2600.0,2050.0,-1493.28,-1503.71,-1510.9
2650.0,2050.0,-1493.27,-1503.82,-1511.21
2700.0,2050.0,-1493.25,-1503.88,-1511.46
2750.0,2050.0,-1493.2,-1503.89,-1511.64
2800.0,2050.0,-1493.14,-1503.85,-1511.77
2850.0,2050.0,-1493.07,-1503.78,-1511.83
2900.0,2050.0,-1492.99,-1503.67,-1511.84
2950.0,2050.0,-1492.92,-1503.53,-1511.79
3000.0,2050.0,-1492.85,-1503.38,-1511.7
3050.0,2050.0,-1492.78,-1503.22,-1511.57
3100.0,2050.0,-1492.74,-1503.07,-1511.42
3150.0,2050.0,-1492.71,-1502.93,-1511.26
3200.0,2050.0,-1492.71,-1502.82,-1511.1
3250.0,2050.0,-1492.74,-1502.74,-1510.96
3300.0,2050.0,-1492.79,-1502.7,-1510.84
3350.0,2050.0,-1492.89,-1502.71,-1510.77
3400.0,2050.0,-1493.02,-1502.77,-1510.73
3450.0,2050.0,-1493.18,-1502.88,-1510.76
3500.0,2050.0,-1493.39,-1503.05,-1510.84
3550.0,2050.0,-1493.64,-1503.28,-1510.99
3600.0,2050.0,-1493.93,-1503.56,-1511.21
3650.0,2050.0,-1494.27,-1503.89,-1511.49
3700.0,2050.0,-1494.64,-1504.27,-1511.83
3750.0,2050.0,-1495.05,-1504.7,-1512.24
3800.0,2050.0,-1495.5,-1505.16,-1512.71
3850.0,2050.0,-1495.98,-1505.65,-1513.23
3900.0,2050.0,-1496.5,-1506.17,-1513.79
3950.0,2050.0,-1497.05,-1506.71,-1514.39
4000.0,2050.0,-1497.62,-1507.27,-1515.02
4050.0,2050.0,-1498.21,-1507.84,-1515.67
4100.0,2050.0,-1498.83,-1508.42,-1516.33
4150.0,2050.0,-1499.47,-1509.01,-1517.01
4200.0,2050.0,-1500.12,-1509.6,-1517.69
4250.0,2050.0,-1500.78,-1510.19,-1518.36
4300.0,2050.0,-1501.45,-1510.78,-1519.03
4350.0,2050.0,-1502.13,-1511.37,-1519.69
4400.0,2050.0,-1502.81,-1511.96,-1520.33
4450.0,2050.0,-1503.49,-1512.55,-1520.95
4500.0,2050.0,-1504.18,-1513.14,-1521.56
4550.0,2050.0,-1504.87,-1513.73,-1522.15
4600.0,2050.0,-1505.55,-1514.32,-1522.72
4650.0,2050.0,-1506.24,-1514.91,-1523.28
4700.0,2050.0,-1506.92,-1515.51,-1523.83
4750.0,2050.0,-1507.6,-1516.11,-1524.38
4800.0,2050.0,-1508.27,-1516.73,-1524.91
4850.0,2050.0,-1508.94,-1517.35,-1525.45
4900.0,2050.0,-1509.61,-1517.97,-1525.99
4950.0,2050.0,-1510.27,-1518.61,-1526.53
5000.0,2050.0,-1510.93,-1519.26,-1527.09
0.0,2100.0,-1475.62,-1481.23,-1486.7
50.0,2100.0,-1476.06,-1481.43,-1487.07
100.0,2100.0,-1476.5,-1481.67,-1487.5
150.0,2100.0,-1476.95,-1481.95,-1487.98
200.0,2100.0,-1477.39,-1482.26,-1488.51
250.0,2100.0,-1477.84,-1482.61,-1489.09
300.0,2100.0,-1478.27,-1482.99,-1489.7
350.0,2100.0,-1478.7,-1483.39,-1490.35
400.0,2100.0,-1479.11,-1483.82,-1491.02
450.0,2100.0,-1479.52,-1484.27,-1491.7
500.0,2100.0,-1479.91,-1484.73,-1492.39
550.0,2100.0,-1480.29,-1485.19,-1493.08
600.0,2100.0,-1480.65,-1485.65,-1493.76
650.0,2100.0,-1481.0,-1486.1,-1494.42
700.0,2100.0,-1481.34,-1486.55,-1495.06
750.0,2100.0,-1481.67,-1486.99,-1495.68
800.0,2100.0,-1481.99,-1487.41,-1496.26
850.0,2100.0,-1482.3,-1487.83,-1496.82
900.0,2100.0,-1482.61,-1488.23,-1497.34
950.0,2100.0,-1482.92,-1488.63,-1497.83
1000.0,2100.0,-1483.22,-1489.03,-1498.3
1050.0,2100.0,-1483.53,-1489.43,-1498.74
1100.0,2100.0,-1483.85,-1489.83,-1499.16
1150.0,2100.0,-1484.16,-1490.24,-1499.56
1200.0,2100.0,-1484.49,-1490.66,-1499.94
1250.0,2100.0,-1484.83,-1491.1,-1500.3
1300.0,2100.0,-1485.18,-1491.55,-1500.65
1350.0,2100.0,-1485.54,-1492.01,-1500.99
1400.0,2100.0,-1485.91,-1492.5,-1501.32
1450.0,2100.0,-1486.29,-1493.0,-1501.64
1500.0,2100.0,-1486.68,-1493.51,-1501.95
1550.0,2100.0,-1487.09,-1494.04,-1502.25
1600.0,2100.0,-1487.5,-1494.57,-1502.55
1650.0,2100.0,-1487.92,-1495.11,-1502.85
1700.0,2100.0,-1488.34,-1495.66,-1503.15
1750.0,2100.0,-1488.76,-1496.21,-1503.45
1800.0,2100.0,-1489.18,-1496.76,-1503.76
1850.0,2100.0,-1489.59,-1497.31,-1504.08
1900.0,2100.0,-1489.99,-1497.85,-1504.41
1950.0,2100.0,-1490.38,-1498.39,-1504.76
2000.0,2100.0,-1490.76,-1498.92,-1505.13
2050.0,2100.0,-1491.11,-1499.44,-1505.51
2100.0,2100.0,-1491.44,-1499.95,-1505.92
2150.0,2100.0,-1491.75,-1500.44,-1506.35
2200.0,2100.0,-1492.02,-1500.91,-1506.8
2250.0,2100.0,-1492.27,-1501.36,-1507.26
2300.0,2100.0,-1492.49,-1501.78,-1507.73
2350.0,2100.0,-1492.67,-1502.17,-1508.21
2400.0,2100.0,-1492.82,-1502.52,-1508.67
2450.0,2100.0,-1492.94,-1502.84,-1509.13
2500.0,2100.0,-1493.02,-1503.11,-1509.56
2550.0,2100.0,-1493.08,-1503.33,-1509.97
2600.0,2100.0,-1493.11,-1503.5,-1510.33
2650.0,2100.0,-1493.11,-1503.62,-1510.65
2700.0,2100.0,-1493.09,-1503.69,-1510.91
2750.0,2100.0,-1493.06,-1503.71,-1511.13
2800.0,2100.0,-1493.01,-1503.69,-1511.28
2850.0,2100.0,-1492.95,-1503.63,-1511.38
2900.0,2100.0,-1492.89,-1503.54,-1511.43
2950.0,2100.0,-1492.83,-1503.43,-1511.43
3000.0,2100.0,-1492.78,-1503.3,-1511.39
3050.0,2100.0,-1492.73,-1503.16,-1511.31
3100.0,2100.0,-1492.7,-1503.04,-1511.22
3150.0,2100.0,-1492.69,-1502.92,-1511.11
3200.0,2100.0,-1492.71,-1502.84,-1511.01
3250.0,2100.0,-1492.75,-1502.78,-1510.92
3300.0,2100.0,-1492.82,-1502.76,-1510.85
3350.0,2100.0,-1492.93,-1502.79,-1510.82
3400.0,2100.0,-1493.07,-1502.87,-1510.82
3450.0,2100.0,-1493.25,-1503.0,-1510.88
3500.0,2100.0,-1493.48,-1503.19,-1510.99
3550.0,2100.0,-1493.74,-1503.43,-1511.16
3600.0,2100.0,-1494.04,-1503.72,-1511.39
3650.0,2100.0,-1494.38,-1504.06,-1511.69
3700.0,2100.0,-1494.76,-1504.45,-1512.04
3750.0,2100.0,-1495.18,-1504.87,-1512.46
3800.0,2100.0,-1495.63,-1505.33,-1512.92
3850.0,2100.0,-1496.12,-1505.83,-1513.44
3900.0,2100.0,-1496.63,-1506.35,-1514.0
3950.0,2100.0,-1497.18,-1506.89,-1514.6
4000.0,2100.0,-1497.75,-1507.45,-1515.22
4050.0,2100.0,-1498.34,-1508.02,-1515.87
4100.0,2100.0,-1498.96,-1508.59,-1516.54
4150.0,2100.0,-1499.59,-1509.18,-1517.21
4200.0,2100.0,-1500.23,-1509.76,-1517.89
4250.0,2100.0,-1500.89,-1510.35,-1518.56
4300.0,2100.0,-1501.55,-1510.93,-1519.22
4350.0,2100.0,-1502.22,-1511.51,-1519.87
4400.0,2100.0,-1502.9,-1512.09,-1520.51
4450.0,2100.0,-1503.57,-1512.66,-1521.12
4500.0,2100.0,-1504.25,-1513.23,-1521.72
4550.0,2100.0,-1504.93,-1513.8,-1522.3
4600.0,2100.0,-1505.61,-1514.36,-1522.86
4650.0,2100.0,-1506.29,-1514.93,-1523.41
4700.0,2100.0,-1506.96,-1515.5,-1523.94
4750.0,2100.0,-1507.63,-1516.08,-1524.46
4800.0,2100.0,-1508.3,-1516.66,-1524.98
4850.0,2100.0,-1508.97,-1517.25,-1525.49
4900.0,2100.0,-1509.63,-1517.85,-1526.01
4950.0,2100.0,-1510.28,-1518.46,-1526.53
5000.0,2100.0,-1510.93,-1519.08,-1527.07
0.0,2150.0,-1475.91,-1481.5,-1486.89
50.0,2150.0,-1476.34,-1481.65,-1487.19
100.0,2150.0,-1476.76,-1481.84,-1487.56
150.0,2150.0,-1477.19,-1482.07,-1487.97
200.0,2150.0,-1477.61,-1482.34,-1488.44
250.0,2150.0,-1478.04,-1482.64,-1488.96
300.0,2150.0,-1478.45,-1482.98,-1489.52
350.0,2150.0,-1478.86,-1483.34,-1490.11
400.0,2150.0,-1479.25,-1483.73,-1490.74
450.0,2150.0,-1479.63,-1484.14,-1491.38
500.0,2150.0,-1480.0,-1484.56,-1492.04
550.0,2150.0,-1480.36,-1485.0,-1492.7
600.0,2150.0,-1480.7,-1485.43,-1493.36
650.0,2150.0,-1481.03,-1485.87,-1494.01
700.0,2150.0,-1481.35,-1486.3,-1494.64
750.0,2150.0,-1481.66,-1486.72,-1495.26
800.0,2150.0,-1481.97,-1487.14,-1495.86
850.0,2150.0,-1482.26,-1487.55,-1496.43
900.0,2150.0,-1482.55,-1487.96,-1496.97
950.0,2150.0,-1482.84,-1488.36,-1497.5
1000.0,2150.0,-1483.13,-1488.76,-1497.99
1050.0,2150.0,-1483.43,-1489.16,-1498.47
1100.0,2150.0,-1483.73,-1489.57,-1498.92
1150.0,2150.0,-1484.03,-1489.99,-1499.35
1200.0,2150.0,-1484.35,-1490.42,-1499.77
1250.0,2150.0,-1484.68,-1490.86,-1500.16
1300.0,2150.0,-1485.02,-1491.31,-1500.55
1350.0,2150.0,-1485.37,-1491.78,-1500.91
1400.0,2150.0,-1485.73,-1492.26,-1501.26
1450.0,2150.0,-1486.11,-1492.76,-1501.6
1500.0,2150.0,-1486.5,-1493.27,-1501.92
1550.0,2150.0,-1486.9,-1493.79,-1502.23
1600.0,2150.0,-1487.3,-1494.32,-1502.53
1650.0,2150.0,-1487.72,-1494.86,-1502.82
1700.0,2150.0,-1488.13,-1495.4,-1503.11
1750.0,2150.0,-1488.55,-1495.94,-1503.39
1800.0,2150.0,-1488.97,-1496.49,-1503.68
1850.0,2150.0,-1489.38,-1497.03,-1503.97
1900.0,2150.0,-1489.78,-1497.57,-1504.27
1950.0,2150.0,-1490.17,-1498.1,-1504.58
2000.0,2150.0,-1490.54,-1498.63,-1504.91
2050.0,2150.0,-1490.9,-1499.15,-1505.26
2100.0,2150.0,-1491.23,-1499.66,-1505.63
2150.0,2150.0,-1491.53,-1500.15,-1506.02
2200.0,2150.0,-1491.81,-1500.63,-1506.43
2250.0,2150.0,-1492.06,-1501.08,-1506.85
2300.0,2150.0,-1492.28,-1501.51,-1507.29
2350.0,2150.0,-1492.46,-1501.9,-1507.73
2400.0,2150.0,-1492.62,-1502.26,-1508.17
2450.0,2150.0,-1492.74,-1502.58,-1508.61
2500.0,2150.0,-1492.83,-1502.85,-1509.02
2550.0,2150.0,-1492.89,-1503.08,-1509.41
2600.0,2150.0,-1492.93,-1503.26,-1509.77
2650.0,2150.0,-1492.94,-1503.39,-1510.09
2700.0,2150.0,-1492.93,-1503.47,-1510.37
2750.0,2150.0,-1492.91,-1503.51,-1510.6
2800.0,2150.0,-1492.87,-1503.5,-1510.78
2850.0,2150.0,-1492.83,-1503.46,-1510.92
2900.0,2150.0,-1492.78,-1503.39,-1511.0
2950.0,2150.0,-1492.73,-1503.3,-1511.05
3000.0,2150.0,-1492.69,-1503.19,-1511.05
3050.0,2150.0,-1492.66,-1503.08,-1511.03
3100.0,2150.0,-1492.65,-1502.98,-1510.99
3150.0,2150.0,-1492.66,-1502.9,-1510.94
3200.0,2150.0,-1492.69,-1502.83,-1510.89
3250.0,2150.0,-1492.74,-1502.8,-1510.85
3300.0,2150.0,-1492.83,-1502.81,-1510.83
3350.0,2150.0,-1492.95,-1502.86,-1510.84
3400.0,2150.0,-1493.11,-1502.96,-1510.89
3450.0,2150.0,-1493.3,-1503.11,-1510.98
3500.0,2150.0,-1493.54,-1503.31,-1511.12
3550.0,2150.0,-1493.81,-1503.56,-1511.31
3600.0,2150.0,-1494.12,-1503.86,-1511.55
3650.0,2150.0,-1494.47,-1504.2,-1511.86
3700.0,2150.0,-1494.85,-1504.59,-1512.22
3750.0,2150.0,-1495.27,-1505.02,-1512.63
3800.0,2150.0,-1495.73,-1505.48,-1513.1
3850.0,2150.0,-1496.22,-1505.97,-1513.61
3900.0,2150.0,-1496.73,-1506.48,-1514.17
3950.0,2150.0,-1497.28,-1507.02,-1514.76
4000.0,2150.0,-1497.84,-1507.57,-1515.37
4050.0,2150.0,-1498.43,-1508.14,-1516.02
4100.0,2150.0,-1499.04,-1508.71,-1516.68
4150.0,2150.0,-1499.66,-1509.28,-1517.34
4200.0,2150.0,-1500.3,-1509.86,-1518.01
4250.0,2150.0,-1500.95,-1510.44,-1518.68
4300.0,2150.0,-1501.6,-1511.01,-1519.34
4350.0,2150.0,-1502.27,-1511.57,-1519.98
4400.0,2150.0,-1502.93,-1512.14,-1520.61
4450.0,2150.0,-1503.6,-1512.69,-1521.22
4500.0,2150.0,-1504.27,-1513.24,-1521.8
4550.0,2150.0,-1504.94,-1513.79,-1522.37
4600.0,2150.0,-1505.61,-1514.33,-1522.92
4650.0,2150.0,-1506.28,-1514.87,-1523.45
4700.0,2150.0,-1506.95,-1515.41,-1523.96
4750.0,2150.0,-1507.61,-1515.96,-1524.47
4800.0,2150.0,-1508.27,-1516.51,-1524.97
4850.0,2150.0,-1508.93,-1517.07,-1525.46
4900.0,2150.0,-1509.59,-1517.64,-1525.96
4950.0,2150.0,-1510.23,-1518.23,-1526.46
5000.0,2150.0,-1510.88,-1518.82,-1526.97
0.0,2200.0,-1476.19,-1481.78,-1487.09
50.0,2200.0,-1476.6,-1481.89,-1487.34
100.0,2200.0,-1477.0,-1482.03,-1487.63
150.0,2200.0,-1477.41,-1482.22,-1487.99
200.0,2200.0,-1477.82,-1482.44,-1488.39
250.0,2200.0,-1478.22,-1482.7,-1488.85
300.0,2200.0,-1478.61,-1482.99,-1489.35
350.0,2200.0,-1479.0,-1483.31,-1489.89
400.0,2200.0,-1479.38,-1483.67,-1490.47
450.0,2200.0,-1479.74,-1484.04,-1491.07
500.0,2200.0,-1480.09,-1484.43,-1491.69
550.0,2200.0,-1480.43,-1484.84,-1492.32
600.0,2200.0,-1480.75,-1485.25,-1492.96
650.0,2200.0,-1481.06,-1485.66,-1493.6
700.0,2200.0,-1481.37,-1486.08,-1494.23
750.0,2200.0,-1481.66,-1486.5,-1494.85
800.0,2200.0,-1481.94,-1486.91,-1495.45
850.0,2200.0,-1482.22,-1487.32,-1496.04
900.0,2200.0,-1482.5,-1487.72,-1496.61
950.0,2200.0,-1482.77,-1488.13,-1497.16
1000.0,2200.0,-1483.05,-1488.53,-1497.68
1050.0,2200.0,-1483.33,-1488.94,-1498.19
1100.0,2200.0,-1483.62,-1489.36,-1498.68
1150.0,2200.0,-1483.92,-1489.78,-1499.15
1200.0,2200.0,-1484.22,-1490.21,-1499.61
1250.0,2200.0,-1484.54,-1490.66,-1500.04
1300.0,2200.0,-1484.87,-1491.12,-1500.45
1350.0,2200.0,-1485.22,-1491.59,-1500.85
1400.0,2200.0,-1485.58,-1492.07,-1501.22
1450.0,2200.0,-1485.95,-1492.56,-1501.58
1500.0,2200.0,-1486.33,-1493.07,-1501.92
1550.0,2200.0,-1486.73,-1493.58,-1502.24
1600.0,2200.0,-1487.13,-1494.1,-1502.54
1650.0,2200.0,-1487.54,-1494.63,-1502.83
1700.0,2200.0,-1487.95,-1495.16,-1503.11
1750.0,2200.0,-1488.37,-1495.7,-1503.38
1800.0,2200.0,-1488.78,-1496.24,-1503.65
1850.0,2200.0,-1489.19,-1496.77,-1503.91
1900.0,2200.0,-1489.59,-1497.31,-1504.19
1950.0,2200.0,-1489.98,-1497.84,-1504.47
2000.0,2200.0,-1490.35,-1498.36,-1504.76
2050.0,2200.0,-1490.7,-1498.88,-1505.08
2100.0,2200.0,-1491.03,-1499.39,-1505.41
2150.0,2200.0,-1491.33,-1499.88,-1505.76
2200.0,2200.0,-1491.61,-1500.35,-1506.12
2250.0,2200.0,-1491.86,-1500.81,-1506.51
2300.0,2200.0,-1492.07,-1501.23,-1506.9
2350.0,2200.0,-1492.26,-1501.63,-1507.31
2400.0,2200.0,-1492.42,-1501.99,-1507.72
2450.0,2200.0,-1492.54,-1502.31,-1508.12
2500.0,2200.0,-1492.64,-1502.59,-1508.51
2550.0,2200.0,-1492.7,-1502.82,-1508.89
2600.0,2200.0,-1492.75,-1503.0,-1509.23
2650.0,2200.0,-1492.77,-1503.14,-1509.55
2700.0,2200.0,-1492.77,-1503.23,-1509.83
2750.0,2200.0,-1492.75,-1503.28,-1510.08
2800.0,2200.0,-1492.73,-1503.29,-1510.28
2850.0,2200.0,-1492.69,-1503.27,-1510.44
2900.0,2200.0,-1492.66,-1503.21,-1510.56
2950.0,2200.0,-1492.62,-1503.14,-1510.65
3000.0,2200.0,-1492.6,-1503.06,-1510.7
3050.0,2200.0,-1492.58,-1502.98,-1510.73
3100.0,2200.0,-1492.58,-1502.91,-1510.75
3150.0,2200.0,-1492.6,-1502.85,-1510.75
3200.0,2200.0,-1492.65,-1502.81,-1510.75
3250.0,2200.0,-1492.72,-1502.8,-1510.76
3300.0,2200.0,-1492.82,-1502.84,-1510.79
3350.0,2200.0,-1492.95,-1502.91,-1510.84
3400.0,2200.0,-1493.12,-1503.03,-1510.93
3450.0,2200.0,-1493.33,-1503.19,-1511.05
3500.0,2200.0,-1493.57,-1503.4,-1511.21
3550.0,2200.0,-1493.85,-1503.66,-1511.42
3600.0,2200.0,-1494.17,-1503.97,-1511.69
3650.0,2200.0,-1494.52,-1504.31,-1512.0
3700.0,2200.0,-1494.91,-1504.7,-1512.36
3750.0,2200.0,-1495.34,-1505.13,-1512.77
3800.0,2200.0,-1495.79,-1505.58,-1513.23
3850.0,2200.0,-1496.28,-1506.07,-1513.74
3900.0,2200.0,-1496.8,-1506.58,-1514.28
3950.0,2200.0,-1497.34,-1507.11,-1514.86
4000.0,2200.0,-1497.9,-1507.65,-1515.47
4050.0,2200.0,-1498.48,-1508.21,-1516.1
4100.0,2200.0,-1499.08,-1508.77,-1516.75
4150.0,2200.0,-1499.7,-1509.34,-1517.4
4200.0,2200.0,-1500.32,-1509.9,-1518.06
4250.0,2200.0,-1500.96,-1510.46,-1518.72
4300.0,2200.0,-1501.61,-1511.02,-1519.37
4350.0,2200.0,-1502.26,-1511.57,-1520.01
4400.0,2200.0,-1502.92,-1512.12,-1520.62
4450.0,2200.0,-1503.58,-1512.66,-1521.22
4500.0,2200.0,-1504.24,-1513.18,-1521.8
4550.0,2200.0,-1504.9,-1513.71,-1522.36
4600.0,2200.0,-1505.56,-1514.22,-1522.89
4650.0,2200.0,-1506.22,-1514.74,-1523.41
4700.0,2200.0,-1506.88,-1515.26,-1523.91
4750.0,2200.0,-1507.53,-1515.77,-1524.4
4800.0,2200.0,-1508.19,-1516.3,-1524.88
4850.0,2200.0,-1508.84,-1516.83,-1525.35
4900.0,2200.0,-1509.48,-1517.37,-1525.83
4950.0,2200.0,-1510.13,-1517.92,-1526.32
5000.0,2200.0,-1510.76,-1518.49,-1526.81
0.0,2250.0,-1476.45,-1482.07,-1487.32
50.0,2250.0,-1476.84,-1482.14,-1487.5
100.0,2250.0,-1477.22,-1482.24,-1487.74
150.0,2250.0,-1477.61,-1482.39,-1488.03
200.0,2250.0,-1478.0,-1482.56,-1488.37
250.0,2250.0,-1478.39,-1482.78,-1488.77
300.0,2250.0,-1478.76,-1483.03,-1489.21
350.0,2250.0,-1479.13,-1483.32,-1489.7
400.0,2250.0,-1479.49,-1483.63,-1490.23
450.0,2250.0,-1479.83,-1483.97,-1490.79
500.0,2250.0,-1480.17,-1484.33,-1491.37
550.0,2250.0,-1480.49,-1484.71,-1491.97
600.0,2250.0,-1480.79,-1485.1,-1492.59
650.0,2250.0,-1481.09,-1485.5,-1493.21
700.0,2250.0,-1481.38,-1485.9,-1493.83
750.0,2250.0,-1481.65,-1486.31,-1494.45
800.0,2250.0,-1481.92,-1486.71,-1495.06
850.0,2250.0,-1482.19,-1487.12,-1495.66
900.0,2250.0,-1482.45,-1487.53,-1496.25
950.0,2250.0,-1482.72,-1487.94,-1496.82
1000.0,2250.0,-1482.98,-1488.35,-1497.38
1050.0,2250.0,-1483.25,-1488.77,-1497.92
1100.0,2250.0,-1483.53,-1489.19,-1498.45
1150.0,2250.0,-1483.82,-1489.62,-1498.96
1200.0,2250.0,-1484.12,-1490.06,-1499.45
1250.0,2250.0,-1484.43,-1490.51,-1499.92
1300.0,2250.0,-1484.75,-1490.97,-1500.37
1350.0,2250.0,-1485.09,-1491.44,-1500.79
1400.0,2250.0,-1485.44,-1491.92,-1501.2
1450.0,2250.0,-1485.81,-1492.41,-1501.58
1500.0,2250.0,-1486.19,-1492.91,-1501.94
1550.0,2250.0,-1486.58,-1493.41,-1502.27
1600.0,2250.0,-1486.98,-1493.93,-1502.58
1650.0,2250.0,-1487.38,-1494.45,-1502.87
1700.0,2250.0,-1487.79,-1494.97,-1503.15
1750.0,2250.0,-1488.21,-1495.49,-1503.41
1800.0,2250.0,-1488.61,-1496.02,-1503.67
1850.0,2250.0,-1489.02,-1496.55,-1503.91
1900.0,2250.0,-1489.41,-1497.07,-1504.16
1950.0,2250.0,-1489.8,-1497.59,-1504.42
2000.0,2250.0,-1490.16,-1498.11,-1504.68
2050.0,2250.0,-1490.51,-1498.62,-1504.96
2100.0,2250.0,-1490.84,-1499.12,-1505.25
2150.0,2250.0,-1491.14,-1499.61,-1505.55
2200.0,2250.0,-1491.41,-1500.08,-1505.88
2250.0,2250.0,-1491.66,-1500.53,-1506.22
2300.0,2250.0,-1491.88,-1500.95,-1506.58
2350.0,2250.0,-1492.06,-1501.35,-1506.94
2400.0,2250.0,-1492.22,-1501.71,-1507.31
2450.0,2250.0,-1492.35,-1502.03,-1507.68
2500.0,2250.0,-1492.44,-1502.3,-1508.04
2550.0,2250.0,-1492.51,-1502.54,-1508.39
2600.0,2250.0,-1492.56,-1502.73,-1508.72
2650.0,2250.0,-1492.59,-1502.87,-1509.03
2700.0,2250.0,-1492.6,-1502.97,-1509.31
2750.0,2250.0,-1492.59,-1503.03,-1509.56
2800.0,2250.0,-1492.57,-1503.05,-1509.78
2850.0,2250.0,-1492.55,-1503.04,-1509.96
2900.0,2250.0,-1492.52,-1503.01,-1510.12
2950.0,2250.0,-1492.5,-1502.96,-1510.24
3000.0,2250.0,-1492.49,-1502.91,-1510.34
3050.0,2250.0,-1492.49,-1502.85,-1510.42
3100.0,2250.0,-1492.5,-1502.8,-1510.48
3150.0,2250.0,-1492.53,-1502.77,-1510.54
3200.0,2250.0,-1492.59,-1502.76,-1510.59
3250.0,2250.0,-1492.67,-1502.78,-1510.65
3300.0,2250.0,-1492.79,-1502.84,-1510.73
3350.0,2250.0,-1492.93,-1502.93,-1510.82
3400.0,2250.0,-1493.11,-1503.07,-1510.94
3450.0,2250.0,-1493.33,-1503.25,-1511.09
3500.0,2250.0,-1493.58,-1503.47,-1511.28
3550.0,2250.0,-1493.87,-1503.74,-1511.51
3600.0,2250.0,-1494.19,-1504.05,-1511.79
3650.0,2250.0,-1494.55,-1504.4,-1512.1
3700.0,2250.0,-1494.94,-1504.78,-1512.47
3750.0,2250.0,-1495.37,-1505.2,-1512.87
3800.0,2250.0,-1495.82,-1505.65,-1513.32
3850.0,2250.0,-1496.31,-1506.13,-1513.82
3900.0,2250.0,-1496.82,-1506.63,-1514.35
3950.0,2250.0,-1497.35,-1507.15,-1514.91
4000.0,2250.0,-1497.91,-1507.68,-1515.51
4050.0,2250.0,-1498.49,-1508.23,-1516.12
4100.0,2250.0,-1499.08,-1508.78,-1516.75
4150.0,2250.0,-1499.68,-1509.33,-1517.4
4200.0,2250.0,-1500.3,-1509.88,-1518.04
4250.0,2250.0,-1500.93,-1510.43,-1518.69
4300.0,2250.0,-1501.56,-1510.97,-1519.32
4350.0,2250.0,-1502.2,-1511.51,-1519.95
4400.0,2250.0,-1502.85,-1512.04,-1520.56
4450.0,2250.0,-1503.5,-1512.55,-1521.14
4500.0,2250.0,-1504.15,-1513.06,-1521.71
4550.0,2250.0,-1504.8,-1513.56,-1522.25
4600.0,2250.0,-1505.45,-1514.05,-1522.78
4650.0,2250.0,-1506.1,-1514.54,-1523.28
4700.0,2250.0,-1506.75,-1515.03,-1523.77
4750.0,2250.0,-1507.4,-1515.52,-1524.24
4800.0,2250.0,-1508.04,-1516.01,-1524.71
4850.0,2250.0,-1508.68,-1516.51,-1525.17
4900.0,2250.0,-1509.32,-1517.03,-1525.63
4950.0,2250.0,-1509.96,-1517.55,-1526.1
5000.0,2250.0,-1510.59,-1518.1,-1526.58
0.0,2300.0,-1476.69,-1482.37,-1487.57
50.0,2300.0,-1477.05,-1482.4,-1487.69
100.0,2300.0,-1477.43,-1482.47,-1487.86
150.0,2300.0,-1477.8,-1482.57,-1488.09
200.0,2300.0,-1478.17,-1482.71,-1488.38
250.0,2300.0,-1478.54,-1482.89,-1488.72
300.0,2300.0,-1478.9,-1483.1,-1489.11
350.0,2300.0,-1479.25,-1483.35,-1489.54
400.0,2300.0,-1479.59,-1483.63,-1490.02
450.0,2300.0,-1479.92,-1483.94,-1490.53
500.0,2300.0,-1480.23,-1484.27,-1491.08
550.0,2300.0,-1480.54,-1484.62,-1491.65
600.0,2300.0,-1480.83,-1484.99,-1492.24
650.0,2300.0,-1481.11,-1485.37,-1492.84
700.0,2300.0,-1481.39,-1485.76,-1493.45
750.0,2300.0,-1481.65,-1486.16,-1494.07
800.0,2300.0,-1481.91,-1486.56,-1494.68
850.0,2300.0,-1482.16,-1486.97,-1495.3
900.0,2300.0,-1482.41,-1487.38,-1495.9
950.0,2300.0,-1482.67,-1487.79,-1496.5
1000.0,2300.0,-1482.93,-1488.21,-1497.09
1050.0,2300.0,-1483.19,-1488.64,-1497.66
1100.0,2300.0,-1483.46,-1489.07,-1498.23
1150.0,2300.0,-1483.74,-1489.5,-1498.77
1200.0,2300.0,-1484.03,-1489.95,-1499.3
1250.0,2300.0,-1484.34,-1490.4,-1499.81
1300.0,2300.0,-1484.66,-1490.87,-1500.29
1350.0,2300.0,-1484.99,-1491.34,-1500.75
1400.0,2300.0,-1485.34,-1491.81,-1501.19
1450.0,2300.0,-1485.7,-1492.3,-1501.59
1500.0,2300.0,-1486.07,-1492.79,-1501.97
1550.0,2300.0,-1486.46,-1493.29,-1502.32
1600.0,2300.0,-1486.85,-1493.79,-1502.65
1650.0,2300.0,-1487.25,-1494.3,-1502.95
1700.0,2300.0,-1487.66,-1494.81,-1503.23
1750.0,2300.0,-1488.07,-1495.32,-1503.48
1800.0,2300.0,-1488.47,-1495.84,-1503.73
1850.0,2300.0,-1488.87,-1496.35,-1503.96
1900.0,2300.0,-1489.26,-1496.86,-1504.19
1950.0,2300.0,-1489.64,-1497.37,-1504.42
2000.0,2300.0,-1490.0,-1497.88,-1504.65
2050.0,2300.0,-1490.34,-1498.38,-1504.89
2100.0,2300.0,-1490.66,-1498.87,-1505.15
2150.0,2300.0,-1490.96,-1499.35,-1505.41
2200.0,2300.0,-1491.23,-1499.82,-1505.7
2250.0,2300.0,-1491.47,-1500.26,-1505.99
2300.0,2300.0,-1491.69,-1500.68,-1506.3
2350.0,2300.0,-1491.87,-1501.06,-1506.62
2400.0,2300.0,-1492.03,-1501.42,-1506.95
2450.0,2300.0,-1492.15,-1501.73,-1507.28
2500.0,2300.0,-1492.25,-1502.01,-1507.61
2550.0,2300.0,-1492.32,-1502.24,-1507.93
2600.0,2300.0,-1492.38,-1502.43,-1508.24
2650.0,2300.0,-1492.41,-1502.58,-1508.53
2700.0,2300.0,-1492.42,-1502.68,-1508.81
2750.0,2300.0,-1492.42,-1502.75,-1509.06
2800.0,2300.0,-1492.41,-1502.79,-1509.28
2850.0,2300.0,-1492.4,-1502.8,-1509.49
2900.0,2300.0,-1492.38,-1502.79,-1509.66
2950.0,2300.0,-1492.37,-1502.76,-1509.82
3000.0,2300.0,-1492.37,-1502.73,-1509.96
3050.0,2300.0,-1492.38,-1502.7,-1510.08
3100.0,2300.0,-1492.4,-1502.68,-1510.19
3150.0,2300.0,-1492.45,-1502.67,-1510.3
3200.0,2300.0,-1492.52,-1502.69,-1510.4
3250.0,2300.0,-1492.61,-1502.74,-1510.51
3300.0,2300.0,-1492.74,-1502.82,-1510.63
3350.0,2300.0,-1492.89,-1502.93,-1510.77
3400.0,2300.0,-1493.08,-1503.09,-1510.93
3450.0,2300.0,-1493.31,-1503.28,-1511.11
3500.0,2300.0,-1493.56,-1503.51,-1511.32
3550.0,2300.0,-1493.86,-1503.79,-1511.57
3600.0,2300.0,-1494.18,-1504.1,-1511.85
3650.0,2300.0,-1494.54,-1504.45,-1512.17
3700.0,2300.0,-1494.94,-1504.83,-1512.53
3750.0,2300.0,-1495.36,-1505.24,-1512.93
3800.0,2300.0,-1495.82,-1505.69,-1513.37
3850.0,2300.0,-1496.3,-1506.15,-1513.85
3900.0,2300.0,-1496.8,-1506.64,-1514.37
3950.0,2300.0,-1497.33,-1507.15,-1514.91
4000.0,2300.0,-1497.88,-1507.67,-1515.48
4050.0,2300.0,-1498.45,-1508.2,-1516.08
4100.0,2300.0,-1499.03,-1508.73,-1516.69
4150.0,2300.0,-1499.62,-1509.27,-1517.32
4200.0,2300.0,-1500.23,-1509.81,-1517.95
4250.0,2300.0,-1500.84,-1510.34,-1518.58
4300.0,2300.0,-1501.47,-1510.86,-1519.2
4350.0,2300.0,-1502.09,-1511.38,-1519.81
4400.0,2300.0,-1502.73,-1511.89,-1520.4
4450.0,2300.0,-1503.36,-1512.39,-1520.98
4500.0,2300.0,-1504.0,-1512.87,-1521.53
4550.0,2300.0,-1504.64,-1513.35,-1522.07
4600.0,2300.0,-1505.28,-1513.82,-1522.58
4650.0,2300.0,-1505.92,-1514.28,-1523.07
4700.0,2300.0,-1506.56,-1514.74,-1523.54
4750.0,2300.0,-1507.2,-1515.2,-1524.0
4800.0,2300.0,-1507.84,-1515.67,-1524.46
4850.0,2300.0,-1508.47,-1516.14,-1524.91
4900.0,2300.0,-1509.1,-1516.63,-1525.35
4950.0,2300.0,-1509.73,-1517.12,-1525.81
5000.0,2300.0,-1510.35,-1517.64,-1526.27
0.0,2350.0,-1476.9,-1482.68,-1487.84
50.0,2350.0,-1477.25,-1482.68,-1487.9
100.0,2350.0,-1477.6,-1482.71,-1488.02
150.0,2350.0,-1477.96,-1482.78,-1488.19
200.0,2350.0,-1478.32,-1482.88,-1488.41
250.0,2350.0,-1478.67,-1483.02,-1488.7
300.0,2350.0,-1479.01,-1483.19,-1489.03
350.0,2350.0,-1479.35,-1483.41,-1489.41
400.0,2350.0,-1479.67,-1483.66,-1489.84
450.0,2350.0,-1479.99,-1483.93,-1490.31
500.0,2350.0,-1480.29,-1484.24,-1490.82
550.0,2350.0,-1480.58,-1484.57,-1491.36
600.0,2350.0,-1480.86,-1484.92,-1491.92
650.0,2350.0,-1481.13,-1485.29,-1492.51
700.0,2350.0,-1481.4,-1485.66,-1493.1
750.0,2350.0,-1481.65,-1486.06,-1493.72
800.0,2350.0,-1481.9,-1486.46,-1494.33
850.0,2350.0,-1482.14,-1486.86,-1494.95
900.0,2350.0,-1482.39,-1487.28,-1495.58
950.0,2350.0,-1482.63,-1487.7,-1496.2
1000.0,2350.0,-1482.88,-1488.12,-1496.81
1050.0,2350.0,-1483.14,-1488.56,-1497.42
1100.0,2350.0,-1483.4,-1488.99,-1498.01
1150.0,2350.0,-1483.68,-1489.44,-1498.59
1200.0,2350.0,-1483.97,-1489.89,-1499.16
1250.0,2350.0,-1484.27,-1490.35,-1499.7
1300.0,2350.0,-1484.58,-1490.82,-1500.22
1350.0,2350.0,-1484.91,-1491.29,-1500.72
1400.0,2350.0,-1485.25,-1491.76,-1501.18
1450.0,2350.0,-1485.61,-1492.24,-1501.62
1500.0,2350.0,-1485.98,-1492.73,-1502.02
1550.0,2350.0,-1486.36,-1493.21,-1502.39
1600.0,2350.0,-1486.75,-1493.71,-1502.73
1650.0,2350.0,-1487.15,-1494.2,-1503.04
1700.0,2350.0,-1487.55,-1494.69,-1503.32
1750.0,2350.0,-1487.95,-1495.19,-1503.58
1800.0,2350.0,-1488.35,-1495.69,-1503.82
1850.0,2350.0,-1488.74,-1496.19,-1504.04
1900.0,2350.0,-1489.13,-1496.69,-1504.26
1950.0,2350.0,-1489.5,-1497.18,-1504.46
2000.0,2350.0,-1489.85,-1497.68,-1504.67
2050.0,2350.0,-1490.19,-1498.16,-1504.88
2100.0,2350.0,-1490.51,-1498.64,-1505.1
2150.0,2350.0,-1490.8,-1499.11,-1505.33
2200.0,2350.0,-1491.06,-1499.56,-1505.57
2250.0,2350.0,-1491.3,-1499.99,-1505.82
2300.0,2350.0,-1491.51,-1500.4,-1506.09
2350.0,2350.0,-1491.69,-1500.78,-1506.36
2400.0,2350.0,-1491.84,-1501.12,-1506.64
2450.0,2350.0,-1491.97,-1501.43,-1506.93
2500.0,2350.0,-1492.06,-1501.7,-1507.22
2550.0,2350.0,-1492.14,-1501.93,-1507.51
2600.0,2350.0,-1492.19,-1502.12,-1507.79
2650.0,2350.0,-1492.22,-1502.27,-1508.06
2700.0,2350.0,-1492.24,-1502.38,-1508.32
2750.0,2350.0,-1492.24,-1502.46,-1508.57
2800.0,2350.0,-1492.24,-1502.5,-1508.8
2850.0,2350.0,-1492.23,-1502.53,-1509.01
2900.0,2350.0,-1492.23,-1502.53,-1509.21
2950.0,2350.0,-1492.23,-1502.53,-1509.4
3000.0,2350.0,-1492.23,-1502.52,-1509.57
3050.0,2350.0,-1492.25,-1502.52,-1509.73
3100.0,2350.0,-1492.29,-1502.52,-1509.89
3150.0,2350.0,-1492.34,-1502.55,-1510.04
3200.0,2350.0,-1492.42,-1502.59,-1510.19
3250.0,2350.0,-1492.53,-1502.66,-1510.35
3300.0,2350.0,-1492.66,-1502.77,-1510.51
3350.0,2350.0,-1492.83,-1502.9,-1510.69
3400.0,2350.0,-1493.03,-1503.08,-1510.88
3450.0,2350.0,-1493.26,-1503.28,-1511.09
3500.0,2350.0,-1493.52,-1503.53,-1511.33
3550.0,2350.0,-1493.82,-1503.81,-1511.59
3600.0,2350.0,-1494.15,-1504.12,-1511.88
3650.0,2350.0,-1494.51,-1504.47,-1512.21
3700.0,2350.0,-1494.9,-1504.85,-1512.56
3750.0,2350.0,-1495.32,-1505.25,-1512.95
3800.0,2350.0,-1495.77,-1505.68,-1513.38
3850.0,2350.0,-1496.25,-1506.14,-1513.84
3900.0,2350.0,-1496.75,-1506.61,-1514.33
3950.0,2350.0,-1497.26,-1507.1,-1514.85
4000.0,2350.0,-1497.8,-1507.6,-1515.4
4050.0,2350.0,-1498.36,-1508.12,-1515.98
4100.0,2350.0,-1498.93,-1508.63,-1516.57
4150.0,2350.0,-1499.51,-1509.15,-1517.17
4200.0,2350.0,-1500.1,-1509.67,-1517.78
4250.0,2350.0,-1500.71,-1510.19,-1518.39
4300.0,2350.0,-1501.32,-1510.7,-1518.99
4350.0,2350.0,-1501.93,-1511.2,-1519.59
4400.0,2350.0,-1502.55,-1511.68,-1520.17
4450.0,2350.0,-1503.17,-1512.16,-1520.73
4500.0,2350.0,-1503.8,-1512.62,-1521.27
4550.0,2350.0,-1504.43,-1513.08,-1521.79
4600.0,2350.0,-1505.05,-1513.52,-1522.29
4650.0,2350.0,-1505.68,-1513.96,-1522.77
4700.0,2350.0,-1506.31,-1514.39,-1523.23
4750.0,2350.0,-1506.94,-1514.83,-1523.68
4800.0,2350.0,-1507.57,-1515.26,-1524.12
4850.0,2350.0,-1508.2,-1515.71,-1524.56
4900.0,2350.0,-1508.82,-1516.17,-1525.0
4950.0,2350.0,-1509.44,-1516.64,-1525.44
5000.0,2350.0,-1510.06,-1517.13,-1525.9
0.0,2400.0,-1477.09,-1483.0,-1488.12
50.0,2400.0,-1477.42,-1482.96,-1488.13
100.0,2400.0,-1477.76,-1482.96,-1488.19
150.0,2400.0,-1478.1,-1482.99,-1488.3
200.0,2400.0,-1478.45,-1483.06,-1488.48
250.0,2400.0,-1478.78,-1483.17,-1488.7
300.0,2400.0,-1479.11,-1483.31,-1488.98
350.0,2400.0,-1479.44,-1483.5,-1489.32
400.0,2400.0,-1479.75,-1483.71,-1489.7
450.0,2400.0,-1480.05,-1483.97,-1490.13
500.0,2400.0,-1480.34,-1484.25,-1490.6
550.0,2400.0,-1480.62,-1484.56,-1491.1
600.0,2400.0,-1480.89,-1484.89,-1491.64
650.0,2400.0,-1481.15,-1485.24,-1492.2
700.0,2400.0,-1481.41,-1485.61,-1492.79
750.0,2400.0,-1481.65,-1486.0,-1493.39
800.0,2400.0,-1481.89,-1486.4,-1494.01
850.0,2400.0,-1482.13,-1486.81,-1494.64
900.0,2400.0,-1482.37,-1487.22,-1495.28
950.0,2400.0,-1482.61,-1487.65,-1495.92
1000.0,2400.0,-1482.86,-1488.09,-1496.55
1050.0,2400.0,-1483.11,-1488.53,-1497.19
1100.0,2400.0,-1483.37,-1488.98,-1497.81
1150.0,2400.0,-1483.64,-1489.43,-1498.43
1200.0,2400.0,-1483.92,-1489.89,-1499.03
1250.0,2400.0,-1484.22,-1490.35,-1499.61
1300.0,2400.0,-1484.53,-1490.82,-1500.16
1350.0,2400.0,-1484.86,-1491.29,-1500.69
1400.0,2400.0,-1485.2,-1491.76,-1501.19
1450.0,2400.0,-1485.56,-1492.24,-1501.65
1500.0,2400.0,-1485.92,-1492.71,-1502.08
1550.0,2400.0,-1486.3,-1493.19,-1502.47
1600.0,2400.0,-1486.68,-1493.66,-1502.83
1650.0,2400.0,-1487.08,-1494.14,-1503.15
1700.0,2400.0,-1487.47,-1494.62,-1503.44
1750.0,2400.0,-1487.87,-1495.1,-1503.7
1800.0,2400.0,-1488.26,-1495.58,-1503.94
1850.0,2400.0,-1488.64,-1496.06,-1504.16
1900.0,2400.0,-1489.02,-1496.54,-1504.36
1950.0,2400.0,-1489.38,-1497.02,-1504.55
2000.0,2400.0,-1489.73,-1497.5,-1504.73
2050.0,2400.0,-1490.06,-1497.97,-1504.91
2100.0,2400.0,-1490.37,-1498.43,-1505.1
2150.0,2400.0,-1490.65,-1498.89,-1505.29
2200.0,2400.0,-1490.91,-1499.32,-1505.49
2250.0,2400.0,-1491.14,-1499.74,-1505.7
2300.0,2400.0,-1491.34,-1500.13,-1505.92
2350.0,2400.0,-1491.52,-1500.49,-1506.15
2400.0,2400.0,-1491.66,-1500.83,-1506.38
2450.0,2400.0,-1491.78,-1501.12,-1506.62
2500.0,2400.0,-1491.88,-1501.39,-1506.87
2550.0,2400.0,-1491.95,-1501.61,-1507.12
2600.0,2400.0,-1492.0,-1501.79,-1507.37
2650.0,2400.0,-1492.04,-1501.94,-1507.61
2700.0,2400.0,-1492.06,-1502.05,-1507.86
2750.0,2400.0,-1492.07,-1502.14,-1508.09
2800.0,2400.0,-1492.07,-1502.19,-1508.32
2850.0,2400.0,-1492.07,-1502.23,-1508.54
2900.0,2400.0,-1492.07,-1502.25,-1508.76
2950.0,2400.0,-1492.07,-1502.27,-1508.96
3000.0,2400.0,-1492.09,-1502.29,-1509.17
3050.0,2400.0,-1492.11,-1502.31,-1509.37
3100.0,2400.0,-1492.16,-1502.34,-1509.56
3150.0,2400.0,-1492.22,-1502.39,-1509.76
3200.0,2400.0,-1492.31,-1502.47,-1509.95
3250.0,2400.0,-1492.43,-1502.57,-1510.15
3300.0,2400.0,-1492.57,-1502.69,-1510.36
3350.0,2400.0,-1492.74,-1502.85,-1510.57
3400.0,2400.0,-1492.94,-1503.04,-1510.8
3450.0,2400.0,-1493.18,-1503.26,-1511.04
3500.0,2400.0,-1493.45,-1503.51,-1511.3
3550.0,2400.0,-1493.74,-1503.8,-1511.57
3600.0,2400.0,-1494.08,-1504.11,-1511.87
3650.0,2400.0,-1494.44,-1504.46,-1512.2
3700.0,2400.0,-1494.83,-1504.83,-1512.55
3750.0,2400.0,-1495.24,-1505.22,-1512.93
3800.0,2400.0,-1495.69,-1505.64,-1513.34
3850.0,2400.0,-1496.16,-1506.08,-1513.78
3900.0,2400.0,-1496.65,-1506.54,-1514.25
3950.0,2400.0,-1497.16,-1507.01,-1514.75
4000.0,2400.0,-1497.68,-1507.49,-1515.27
4050.0,2400.0,-1498.23,-1507.99,-1515.82
4100.0,2400.0,-1498.78,-1508.49,-1516.38
4150.0,2400.0,-1499.35,-1508.99,-1516.96
4200.0,2400.0,-1499.93,-1509.49,-1517.54
4250.0,2400.0,-1500.52,-1509.98,-1518.13
4300.0,2400.0,-1501.11,-1510.47,-1518.71
4350.0,2400.0,-1501.71,-1510.95,-1519.29
4400.0,2400.0,-1502.32,-1511.42,-1519.85
4450.0,2400.0,-1502.93,-1511.87,-1520.4
4500.0,2400.0,-1503.54,-1512.32,-1520.93
4550.0,2400.0,-1504.15,-1512.75,-1521.43
4600.0,2400.0,-1504.77,-1513.17,-1521.92
4650.0,2400.0,-1505.39,-1513.58,-1522.39
4700.0,2400.0,-1506.01,-1513.99,-1522.84
4750.0,2400.0,-1506.63,-1514.4,-1523.28
4800.0,2400.0,-1507.24,-1514.81,-1523.71
4850.0,2400.0,-1507.86,-1515.23,-1524.14
4900.0,2400.0,-1508.48,-1515.66,-1524.57
4950.0,2400.0,-1509.09,-1516.11,-1525.0
5000.0,2400.0,-1509.7,-1516.57,-1525.44
0.0,2450.0,-1477.25,-1483.32,-1488.42
50.0,2450.0,-1477.57,-1483.25,-1488.38
100.0,2450.0,-1477.9,-1483.22,-1488.38
150.0,2450.0,-1478.23,-1483.22,-1488.44
200.0,2450.0,-1478.56,-1483.26,-1488.56
250.0,2450.0,-1478.88,-1483.34,-1488.74
300.0,2450.0,-1479.2,-1483.45,-1488.97
350.0,2450.0,-1479.51,-1483.61,-1489.25
400.0,2450.0,-1479.81,-1483.8,-1489.59
450.0,2450.0,-1480.11,-1484.03,-1489.98
500.0,2450.0,-1480.39,-1484.29,-1490.41
550.0,2450.0,-1480.66,-1484.58,-1490.88
600.0,2450.0,-1480.92,-1484.9,-1491.39
650.0,2450.0,-1481.18,-1485.24,-1491.94
700.0,2450.0,-1481.42,-1485.6,-1492.51
750.0,2450.0,-1481.66,-1485.98,-1493.11
800.0,2450.0,-1481.9,-1486.38,-1493.72
850.0,2450.0,-1482.13,-1486.8,-1494.36
900.0,2450.0,-1482.36,-1487.22,-1495.01
950.0,2450.0,-1482.6,-1487.66,-1495.66
1000.0,2450.0,-1482.84,-1488.1,-1496.32
1050.0,2450.0,-1483.09,-1488.55,-1496.98
1100.0,2450.0,-1483.35,-1489.01,-1497.64
1150.0,2450.0,-1483.62,-1489.47,-1498.28
1200.0,2450.0,-1483.91,-1489.94,-1498.91
1250.0,2450.0,-1484.2,-1490.41,-1499.52
1300.0,2450.0,-1484.51,-1490.88,-1500.11
1350.0,2450.0,-1484.84,-1491.35,-1500.67
1400.0,2450.0,-1485.18,-1491.82,-1501.2
1450.0,2450.0,-1485.53,-1492.28,-1501.69
1500.0,2450.0,-1485.89,-1492.75,-1502.14
1550.0,2450.0,-1486.27,-1493.21,-1502.56
1600.0,2450.0,-1486.65,-1493.68,-1502.93
1650.0,2450.0,-1487.03,-1494.14,-1503.27
1700.0,2450.0,-1487.42,-1494.6,-1503.57
1750.0,2450.0,-1487.81,-1495.06,-1503.84
1800.0,2450.0,-1488.2,-1495.52,-1504.08
1850.0,2450.0,-1488.57,-1495.98,-1504.29
1900.0,2450.0,-1488.94,-1496.44,-1504.48
1950.0,2450.0,-1489.3,-1496.9,-1504.66
2000.0,2450.0,-1489.63,-1497.35,-1504.82
2050.0,2450.0,-1489.95,-1497.81,-1504.98
2100.0,2450.0,-1490.25,-1498.25,-1505.13
2150.0,2450.0,-1490.52,-1498.68,-1505.29
2200.0,2450.0,-1490.77,-1499.1,-1505.45
2250.0,2450.0,-1490.99,-1499.5,-1505.62
2300.0,2450.0,-1491.19,-1499.87,-1505.79
2350.0,2450.0,-1491.36,-1500.22,-1505.97
2400.0,2450.0,-1491.5,-1500.53,-1506.16
2450.0,2450.0,-1491.61,-1500.82,-1506.36
2500.0,2450.0,-1491.7,-1501.06,-1506.56
2550.0,2450.0,-1491.77,-1501.28,-1506.77
2600.0,2450.0,-1491.82,-1501.45,-1506.98
2650.0,2450.0,-1491.86,-1501.6,-1507.19
2700.0,2450.0,-1491.88,-1501.71,-1507.41
2750.0,2450.0,-1491.89,-1501.8,-1507.63
2800.0,2450.0,-1491.89,-1501.86,-1507.85
2850.0,2450.0,-1491.89,-1501.91,-1508.08
2900.0,2450.0,-1491.9,-1501.95,-1508.3
2950.0,2450.0,-1491.91,-1501.99,-1508.53
3000.0,2450.0,-1491.93,-1502.03,-1508.76
3050.0,2450.0,-1491.96,-1502.08,-1508.99
3100.0,2450.0,-1492.02,-1502.14,-1509.22
3150.0,2450.0,-1492.09,-1502.22,-1509.45
3200.0,2450.0,-1492.18,-1502.32,-1509.69
3250.0,2450.0,-1492.3,-1502.44,-1509.93
3300.0,2450.0,-1492.45,-1502.59,-1510.17
3350.0,2450.0,-1492.63,-1502.77,-1510.43
3400.0,2450.0,-1492.84,-1502.98,-1510.68
3450.0,2450.0,-1493.08,-1503.21,-1510.95
3500.0,2450.0,-1493.34,-1503.47,-1511.23
3550.0,2450.0,-1493.64,-1503.76,-1511.52
3600.0,2450.0,-1493.97,-1504.07,-1511.82
3650.0,2450.0,-1494.33,-1504.41,-1512.15
3700.0,2450.0,-1494.72,-1504.77,-1512.49
3750.0,2450.0,-1495.13,-1505.16,-1512.86
3800.0,2450.0,-1495.57,-1505.56,-1513.25
3850.0,2450.0,-1496.03,-1505.98,-1513.67
3900.0,2450.0,-1496.51,-1506.42,-1514.11
3950.0,2450.0,-1497.0,-1506.87,-1514.58
4000.0,2450.0,-1497.52,-1507.34,-1515.08
4050.0,2450.0,-1498.05,-1507.81,-1515.59
4100.0,2450.0,-1498.59,-1508.29,-1516.13
4150.0,2450.0,-1499.15,-1508.77,-1516.68
4200.0,2450.0,-1499.71,-1509.25,-1517.24
4250.0,2450.0,-1500.28,-1509.73,-1517.8
4300.0,2450.0,-1500.86,-1510.19,-1518.36
4350.0,2450.0,-1501.44,-1510.65,-1518.91
4400.0,2450.0,-1502.03,-1511.1,-1519.46
4450.0,2450.0,-1502.63,-1511.53,-1519.99
4500.0,2450.0,-1503.23,-1511.96,-1520.5
4550.0,2450.0,-1503.83,-1512.37,-1520.99
4600.0,2450.0,-1504.43,-1512.76,-1521.47
4650.0,2450.0,-1505.04,-1513.15,-1521.92
4700.0,2450.0,-1505.64,-1513.54,-1522.37
4750.0,2450.0,-1506.25,-1513.93,-1522.8
4800.0,2450.0,-1506.86,-1514.31,-1523.22
4850.0,2450.0,-1507.47,-1514.71,-1523.64
4900.0,2450.0,-1508.08,-1515.11,-1524.06
4950.0,2450.0,-1508.68,-1515.53,-1524.49
5000.0,2450.0,-1509.28,-1515.97,-1524.92
0.0,2500.0,-1477.39,-1483.63,-1488.73
50.0,2500.0,-1477.7,-1483.54,-1488.64
100.0,2500.0,-1478.01,-1483.48,-1488.59
150.0,2500.0,-1478.33,-1483.45,-1488.6
200.0,2500.0,-1478.65,-1483.47,-1488.67
250.0,2500.0,-1478.96,-1483.52,-1488.79
300.0,2500.0,-1479.27,-1483.61,-1488.98
350.0,2500.0,-1479.57,-1483.74,-1489.22
400.0,2500.0,-1479.87,-1483.91,-1489.51
450.0,2500.0,-1480.15,-1484.11,-1489.86
500.0,2500.0,-1480.43,-1484.35,-1490.25
550.0,2500.0,-1480.69,-1484.63,-1490.7
600.0,2500.0,-1480.95,-1484.94,-1491.18
650.0,2500.0,-1481.2,-1485.27,-1491.71
700.0,2500.0,-1481.44,-1485.63,-1492.27
750.0,2500.0,-1481.67,-1486.01,-1492.85
800.0,2500.0,-1481.91,-1486.41,-1493.47
850.0,2500.0,-1482.14,-1486.83,-1494.11
900.0,2500.0,-1482.37,-1487.27,-1494.77
950.0,2500.0,-1482.61,-1487.71,-1495.44
1000.0,2500.0,-1482.85,-1488.17,-1496.12
1050.0,2500.0,-1483.1,-1488.63,-1496.8
1100.0,2500.0,-1483.36,-1489.1,-1497.48
1150.0,2500.0,-1483.63,-1489.57,-1498.15
1200.0,2500.0,-1483.92,-1490.05,-1498.81
1250.0,2500.0,-1484.21,-1490.52,-1499.46
1300.0,2500.0,-1484.52,-1490.99,-1500.07
1350.0,2500.0,-1484.85,-1491.46,-1500.66
1400.0,2500.0,-1485.18,-1491.93,-1501.22
1450.0,2500.0,-1485.53,-1492.39,-1501.73
1500.0,2500.0,-1485.89,-1492.84,-1502.21
1550.0,2500.0,-1486.26,-1493.29,-1502.65
1600.0,2500.0,-1486.64,-1493.74,-1503.04
1650.0,2500.0,-1487.02,-1494.18,-1503.39
1700.0,2500.0,-1487.41,-1494.62,-1503.71
1750.0,2500.0,-1487.79,-1495.06,-1503.98
1800.0,2500.0,-1488.16,-1495.5,-1504.22
1850.0,2500.0,-1488.53,-1495.94,-1504.43
1900.0,2500.0,-1488.89,-1496.38,-1504.62
1950.0,2500.0,-1489.24,-1496.81,-1504.78
2000.0,2500.0,-1489.56,-1497.24,-1504.93
2050.0,2500.0,-1489.87,-1497.67,-1505.07
2100.0,2500.0,-1490.16,-1498.09,-1505.2
2150.0,2500.0,-1490.42,-1498.5,-1505.32
2200.0,2500.0,-1490.66,-1498.89,-1505.45
2250.0,2500.0,-1490.87,-1499.27,-1505.57
2300.0,2500.0,-1491.05,-1499.62,-1505.7
2350.0,2500.0,-1491.21,-1499.95,-1505.84
2400.0,2500.0,-1491.34,-1500.24,-1505.98
2450.0,2500.0,-1491.45,-1500.51,-1506.13
2500.0,2500.0,-1491.54,-1500.74,-1506.28
2550.0,2500.0,-1491.6,-1500.94,-1506.45
2600.0,2500.0,-1491.65,-1501.1,-1506.62
2650.0,2500.0,-1491.68,-1501.24,-1506.8
2700.0,2500.0,-1491.69,-1501.35,-1506.99
2750.0,2500.0,-1491.7,-1501.44,-1507.19
2800.0,2500.0,-1491.71,-1501.51,-1507.4
2850.0,2500.0,-1491.71,-1501.57,-1507.62
2900.0,2500.0,-1491.72,-1501.63,-1507.85
2950.0,2500.0,-1491.74,-1501.69,-1508.09
3000.0,2500.0,-1491.76,-1501.75,-1508.34
3050.0,2500.0,-1491.8,-1501.82,-1508.59
3100.0,2500.0,-1491.86,-1501.91,-1508.85
3150.0,2500.0,-1491.94,-1502.01,-1509.12
3200.0,2500.0,-1492.04,-1502.14,-1509.4
3250.0,2500.0,-1492.16,-1502.29,-1509.67
3300.0,2500.0,-1492.32,-1502.46,-1509.96
3350.0,2500.0,-1492.5,-1502.66,-1510.24
3400.0,2500.0,-1492.71,-1502.88,-1510.53
3450.0,2500.0,-1492.95,-1503.13,-1510.82
3500.0,2500.0,-1493.21,-1503.4,-1511.11
3550.0,2500.0,-1493.51,-1503.69,-1511.42
3600.0,2500.0,-1493.84,-1504.0,-1511.73
3650.0,2500.0,-1494.19,-1504.34,-1512.05
3700.0,2500.0,-1494.57,-1504.69,-1512.39
3750.0,2500.0,-1494.98,-1505.06,-1512.74
3800.0,2500.0,-1495.41,-1505.45,-1513.11
3850.0,2500.0,-1495.86,-1505.85,-1513.51
3900.0,2500.0,-1496.32,-1506.27,-1513.92
3950.0,2500.0,-1496.81,-1506.7,-1514.37
4000.0,2500.0,-1497.31,-1507.14,-1514.83
4050.0,2500.0,-1497.82,-1507.59,-1515.31
4100.0,2500.0,-1498.35,-1508.05,-1515.82
4150.0,2500.0,-1498.89,-1508.5,-1516.34
4200.0,2500.0,-1499.44,-1508.96,-1516.87
4250.0,2500.0,-1499.99,-1509.42,-1517.4
4300.0,2500.0,-1500.55,-1509.87,-1517.94
4350.0,2500.0,-1501.12,-1510.3,-1518.47
4400.0,2500.0,-1501.7,-1510.73,-1518.99
4450.0,2500.0,-1502.27,-1511.14,-1519.5
4500.0,2500.0,-1502.86,-1511.55,-1520.0
4550.0,2500.0,-1503.44,-1511.94,-1520.48
4600.0,2500.0,-1504.03,-1512.31,-1520.94
4650.0,2500.0,-1504.63,-1512.68,-1521.38
4700.0,2500.0,-1505.22,-1513.05,-1521.82
4750.0,2500.0,-1505.82,-1513.41,-1522.24
4800.0,2500.0,-1506.42,-1513.77,-1522.65
4850.0,2500.0,-1507.02,-1514.15,-1523.06
4900.0,2500.0,-1507.62,-1514.53,-1523.48
4950.0,2500.0,-1508.22,-1514.93,-1523.9
5000.0,2500.0,-1508.81,-1515.34,-1524.33
0.0,2550.0,-1477.51,-1483.93,-1489.05
50.0,2550.0,-1477.81,-1483.82,-1488.91
100.0,2550.0,-1478.11,-1483.74,-1488.82
150.0,2550.0,-1478.42,-1483.69,-1488.78
200.0,2550.0,-1478.72,-1483.68,-1488.8
250.0,2550.0,-1479.03,-1483.71,-1488.87
300.0,2550.0,-1479.33,-1483.77,-1489.01
350.0,2550.0,-1479.62,-1483.88,-1489.21
400.0,2550.0,-1479.91,-1484.03,-1489.46
450.0,2550.0,-1480.19,-1484.22,-1489.77
500.0,2550.0,-1480.46,-1484.45,-1490.13
550.0,2550.0,-1480.72,-1484.71,-1490.54
600.0,2550.0,-1480.97,-1485.01,-1491.0
650.0,2550.0,-1481.22,-1485.34,-1491.51
700.0,2550.0,-1481.46,-1485.7,-1492.06
750.0,2550.0,-1481.7,-1486.08,-1492.64
800.0,2550.0,-1481.93,-1486.49,-1493.25
850.0,2550.0,-1482.16,-1486.92,-1493.9
900.0,2550.0,-1482.4,-1487.36,-1494.56
950.0,2550.0,-1482.64,-1487.82,-1495.25
1000.0,2550.0,-1482.88,-1488.29,-1495.94
1050.0,2550.0,-1483.13,-1488.76,-1496.65
1100.0,2550.0,-1483.4,-1489.24,-1497.35
1150.0,2550.0,-1483.67,-1489.73,-1498.05
1200.0,2550.0,-1483.95,-1490.21,-1498.74
1250.0,2550.0,-1484.25,-1490.69,-1499.4
1300.0,2550.0,-1484.56,-1491.17,-1500.05
1350.0,2550.0,-1484.89,-1491.63,-1500.66
1400.0,2550.0,-1485.22,-1492.1,-1501.24
1450.0,2550.0,-1485.57,-1492.55,-1501.79
1500.0,2550.0,-1485.93,-1492.99,-1502.29
1550.0,2550.0,-1486.3,-1493.43,-1502.74
1600.0,2550.0,-1486.67,-1493.86,-1503.16
1650.0,2550.0,-1487.05,-1494.28,-1503.52
1700.0,2550.0,-1487.42,-1494.7,-1503.85
1750.0,2550.0,-1487.8,-1495.12,-1504.13
1800.0,2550.0,-1488.16,-1495.53,-1504.38
1850.0,2550.0,-1488.52,-1495.95,-1504.59
1900.0,2550.0,-1488.87,-1496.36,-1504.77
1950.0,2550.0,-1489.21,-1496.77,-1504.93
2000.0,2550.0,-1489.52,-1497.17,-1505.06
2050.0,2550.0,-1489.82,-1497.57,-1505.18
2100.0,2550.0,-1490.09,-1497.97,-1505.28
2150.0,2550.0,-1490.34,-1498.35,-1505.38
2200.0,2550.0,-1490.56,-1498.71,-1505.47
2250.0,2550.0,-1490.76,-1499.06,-1505.55
2300.0,2550.0,-1490.94,-1499.39,-1505.64
2350.0,2550.0,-1491.08,-1499.69,-1505.73
2400.0,2550.0,-1491.21,-1499.96,-1505.82
2450.0,2550.0,-1491.3,-1500.2,-1505.92
2500.0,2550.0,-1491.38,-1500.42,-1506.03
2550.0,2550.0,-1491.44,-1500.6,-1506.15
2600.0,2550.0,-1491.48,-1500.75,-1506.28
2650.0,2550.0,-1491.5,-1500.88,-1506.43
2700.0,2550.0,-1491.52,-1500.99,-1506.59
2750.0,2550.0,-1491.52,-1501.07,-1506.76
2800.0,2550.0,-1491.53,-1501.15,-1506.96
2850.0,2550.0,-1491.53,-1501.22,-1507.17
2900.0,2550.0,-1491.54,-1501.29,-1507.4
2950.0,2550.0,-1491.56,-1501.36,-1507.64
3000.0,2550.0,-1491.59,-1501.44,-1507.91
3050.0,2550.0,-1491.63,-1501.54,-1508.18
3100.0,2550.0,-1491.69,-1501.65,-1508.47
3150.0,2550.0,-1491.77,-1501.78,-1508.77
3200.0,2550.0,-1491.88,-1501.94,-1509.08
3250.0,2550.0,-1492.0,-1502.11,-1509.39
3300.0,2550.0,-1492.16,-1502.31,-1509.7
3350.0,2550.0,-1492.34,-1502.53,-1510.02
3400.0,2550.0,-1492.55,-1502.76,-1510.33
3450.0,2550.0,-1492.79,-1503.02,-1510.64
3500.0,2550.0,-1493.06,-1503.3,-1510.96
3550.0,2550.0,-1493.35,-1503.59,-1511.27
3600.0,2550.0,-1493.67,-1503.91,-1511.58
3650.0,2550.0,-1494.02,-1504.23,-1511.9
3700.0,2550.0,-1494.39,-1504.57,-1512.23
3750.0,2550.0,-1494.79,-1504.93,-1512.57
3800.0,2550.0,-1495.21,-1505.3,-1512.92
3850.0,2550.0,-1495.64,-1505.68,-1513.29
3900.0,2550.0,-1496.1,-1506.08,-1513.68
3950.0,2550.0,-1496.57,-1506.49,-1514.1
4000.0,2550.0,-1497.06,-1506.9,-1514.53
4050.0,2550.0,-1497.55,-1507.33,-1514.98
4100.0,2550.0,-1498.06,-1507.76,-1515.45
4150.0,2550.0,-1498.59,-1508.2,-1515.94
4200.0,2550.0,-1499.11,-1508.63,-1516.43
4250.0,2550.0,-1499.65,-1509.06,-1516.94
4300.0,2550.0,-1500.2,-1509.49,-1517.45
4350.0,2550.0,-1500.75,-1509.91,-1517.95
4400.0,2550.0,-1501.31,-1510.31,-1518.46
4450.0,2550.0,-1501.87,-1510.71,-1518.95
4500.0,2550.0,-1502.44,-1511.09,-1519.42
4550.0,2550.0,-1503.01,-1511.46,-1519.89
4600.0,2550.0,-1503.58,-1511.82,-1520.34
4650.0,2550.0,-1504.17,-1512.17,-1520.77
4700.0,2550.0,-1504.75,-1512.51,-1521.19
4750.0,2550.0,-1505.34,-1512.86,-1521.61
4800.0,2550.0,-1505.93,-1513.2,-1522.01
4850.0,2550.0,-1506.52,-1513.55,-1522.42
4900.0,2550.0,-1507.11,-1513.91,-1522.83
4950.0,2550.0,-1507.7,-1514.29,-1523.24
5000.0,2550.0,-1508.29,-1514.68,-1523.66
0.0,2600.0,-1477.61,-1484.22,-1489.38
50.0,2600.0,-1477.89,-1484.09,-1489.19
100.0,2600.0,-1478.19,-1483.99,-1489.05
150.0,2600.0,-1478.48,-1483.92,-1488.97
200.0,2600.0,-1478.78,-1483.89,-1488.94
250.0,2600.0,-1479.08,-1483.9,-1488.97
300.0,2600.0,-1479.37,-1483.95,-1489.07
350.0,2600.0,-1479.66,-1484.04,-1489.22
400.0,2600.0,-1479.95,-1484.17,-1489.43
450.0,2600.0,-1480.22,-1484.35,-1489.71
500.0,2600.0,-1480.49,-1484.56,-1490.04
550.0,2600.0,-1480.75,-1484.82,-1490.42
600.0,2600.0,-1481.0,-1485.11,-1490.86
650.0,2600.0,-1481.25,-1485.44,-1491.35
700.0,2600.0,-1481.49,-1485.8,-1491.88
750.0,2600.0,-1481.73,-1486.19,-1492.46
800.0,2600.0,-1481.96,-1486.6,-1493.07
850.0,2600.0,-1482.2,-1487.04,-1493.71
900.0,2600.0,-1482.44,-1487.49,-1494.39
950.0,2600.0,-1482.68,-1487.97,-1495.08
1000.0,2600.0,-1482.93,-1488.45,-1495.8
1050.0,2600.0,-1483.19,-1488.94,-1496.52
1100.0,2600.0,-1483.45,-1489.44,-1497.25
1150.0,2600.0,-1483.73,-1489.93,-1497.97
1200.0,2600.0,-1484.02,-1490.43,-1498.68
1250.0,2600.0,-1484.32,-1490.92,-1499.37
1300.0,2600.0,-1484.63,-1491.39,-1500.04
1350.0,2600.0,-1484.96,-1491.86,-1500.68
1400.0,2600.0,-1485.3,-1492.32,-1501.29
1450.0,2600.0,-1485.65,-1492.77,-1501.85
1500.0,2600.0,-1486.0,-1493.2,-1502.37
1550.0,2600.0,-1486.37,-1493.63,-1502.85
1600.0,2600.0,-1486.74,-1494.04,-1503.27
1650.0,2600.0,-1487.11,-1494.44,-1503.66
1700.0,2600.0,-1487.48,-1494.84,-1503.99
1750.0,2600.0,-1487.84,-1495.23,-1504.28
1800.0,2600.0,-1488.2,-1495.62,-1504.53
1850.0,2600.0,-1488.55,-1496.0,-1504.75
1900.0,2600.0,-1488.88,-1496.39,-1504.92
1950.0,2600.0,-1489.2,-1496.77,-1505.07
2000.0,2600.0,-1489.51,-1497.14,-1505.2
2050.0,2600.0,-1489.79,-1497.51,-1505.3
2100.0,2600.0,-1490.05,-1497.88,-1505.38
2150.0,2600.0,-1490.28,-1498.23,-1505.45
2200.0,2600.0,-1490.49,-1498.56,-1505.5
2250.0,2600.0,-1490.68,-1498.88,-1505.55
2300.0,2600.0,-1490.84,-1499.18,-1505.6
2350.0,2600.0,-1490.97,-1499.45,-1505.64
2400.0,2600.0,-1491.08,-1499.69,-1505.69
2450.0,2600.0,-1491.17,-1499.91,-1505.74
2500.0,2600.0,-1491.23,-1500.1,-1505.8
2550.0,2600.0,-1491.28,-1500.26,-1505.88
2600.0,2600.0,-1491.31,-1500.4,-1505.97
2650.0,2600.0,-1491.33,-1500.51,-1506.07
2700.0,2600.0,-1491.34,-1500.61,-1506.2
2750.0,2600.0,-1491.35,-1500.7,-1506.35
2800.0,2600.0,-1491.35,-1500.78,-1506.52
2850.0,2600.0,-1491.35,-1500.85,-1506.72
2900.0,2600.0,-1491.36,-1500.93,-1506.95
2950.0,2600.0,-1491.38,-1501.02,-1507.2
3000.0,2600.0,-1491.4,-1501.12,-1507.47
3050.0,2600.0,-1491.45,-1501.24,-1507.76
3100.0,2600.0,-1491.51,-1501.38,-1508.07
3150.0,2600.0,-1491.59,-1501.53,-1508.4
3200.0,2600.0,-1491.7,-1501.71,-1508.73
3250.0,2600.0,-1491.83,-1501.91,-1509.07
3300.0,2600.0,-1491.98,-1502.13,-1509.41
3350.0,2600.0,-1492.16,-1502.37,-1509.76
3400.0,2600.0,-1492.37,-1502.62,-1510.09
3450.0,2600.0,-1492.61,-1502.89,-1510.43
3500.0,2600.0,-1492.87,-1503.17,-1510.75
3550.0,2600.0,-1493.16,-1503.47,-1511.07
3600.0,2600.0,-1493.48,-1503.78,-1511.39
3650.0,2600.0,-1493.82,-1504.1,-1511.71
3700.0,2600.0,-1494.18,-1504.43,-1512.03
3750.0,2600.0,-1494.57,-1504.77,-1512.35
3800.0,2600.0,-1494.97,-1505.12,-1512.68
3850.0,2600.0,-1495.39,-1505.48,-1513.03
3900.0,2600.0,-1495.83,-1505.85,-1513.39
3950.0,2600.0,-1496.29,-1506.24,-1513.77
4000.0,2600.0,-1496.76,-1506.63,-1514.17
4050.0,2600.0,-1497.24,-1507.03,-1514.59
4100.0,2600.0,-1497.73,-1507.44,-1515.02
4150.0,2600.0,-1498.23,-1507.85,-1515.48
4200.0,2600.0,-1498.75,-1508.26,-1515.94
4250.0,2600.0,-1499.26,-1508.67,-1516.42
4300.0,2600.0,-1499.79,-1509.07,-1516.9
4350.0,2600.0,-1500.32,-1509.47,-1517.38
4400.0,2600.0,-1500.86,-1509.85,-1517.86
4450.0,2600.0,-1501.41,-1510.23,-1518.33
4500.0,2600.0,-1501.96,-1510.59,-1518.79
4550.0,2600.0,-1502.52,-1510.94,-1519.23
4600.0,2600.0,-1503.08,-1511.28,-1519.67
4650.0,2600.0,-1503.65,-1511.62,-1520.09
4700.0,2600.0,-1504.22,-1511.94,-1520.5
4750.0,2600.0,-1504.8,-1512.27,-1520.91
4800.0,2600.0,-1505.38,-1512.6,-1521.31
4850.0,2600.0,-1505.96,-1512.93,-1521.71
4900.0,2600.0,-1506.54,-1513.27,-1522.11
4950.0,2600.0,-1507.13,-1513.63,-1522.52
5000.0,2600.0,-1507.71,-1514.0,-1522.94
0.0,2650.0,-1477.68,-1484.49,-1489.71
50.0,2650.0,-1477.96,-1484.35,-1489.48
100.0,2650.0,-1478.24,-1484.23,-1489.3
150.0,2650.0,-1478.53,-1484.14,-1489.18
200.0,2650.0,-1478.83,-1484.1,-1489.1
250.0,2650.0,-1479.12,-1484.09,-1489.09
300.0,2650.0,-1479.41,-1484.12,-1489.14
350.0,2650.0,-1479.69,-1484.2,-1489.26
400.0,2650.0,-1479.97,-1484.32,-1489.43
450.0,2650.0,-1480.25,-1484.49,-1489.67
500.0,2650.0,-1480.52,-1484.7,-1489.97
550.0,2650.0,-1480.78,-1484.95,-1490.33
600.0,2650.0,-1481.03,-1485.24,-1490.75
650.0,2650.0,-1481.28,-1485.56,-1491.22
700.0,2650.0,-1481.52,-1485.93,-1491.74
750.0,2650.0,-1481.77,-1486.32,-1492.31
800.0,2650.0,-1482.01,-1486.75,-1492.92
850.0,2650.0,-1482.25,-1487.2,-1493.57
900.0,2650.0,-1482.49,-1487.67,-1494.25
950.0,2650.0,-1482.74,-1488.16,-1494.96
1000.0,2650.0,-1483.0,-1488.66,-1495.68
1050.0,2650.0,-1483.26,-1489.17,-1496.42
1100.0,2650.0,-1483.54,-1489.68,-1497.17
1150.0,2650.0,-1483.82,-1490.19,-1497.91
1200.0,2650.0,-1484.11,-1490.7,-1498.65
1250.0,2650.0,-1484.42,-1491.19,-1499.36
1300.0,2650.0,-1484.74,-1491.68,-1500.06
1350.0,2650.0,-1485.07,-1492.15,-1500.72
1400.0,2650.0,-1485.41,-1492.61,-1501.34
1450.0,2650.0,-1485.76,-1493.05,-1501.93
1500.0,2650.0,-1486.11,-1493.47,-1502.47
1550.0,2650.0,-1486.47,-1493.88,-1502.96
1600.0,2650.0,-1486.84,-1494.28,-1503.4
1650.0,2650.0,-1487.2,-1494.66,-1503.79
1700.0,2650.0,-1487.56,-1495.03,-1504.14
1750.0,2650.0,-1487.92,-1495.4,-1504.44
1800.0,2650.0,-1488.27,-1495.76,-1504.69
1850.0,2650.0,-1488.61,-1496.12,-1504.91
1900.0,2650.0,-1488.93,-1496.47,-1505.08
1950.0,2650.0,-1489.24,-1496.82,-1505.22
2000.0,2650.0,-1489.52,-1497.16,-1505.33
2050.0,2650.0,-1489.79,-1497.5,-1505.42
2100.0,2650.0,-1490.04,-1497.82,-1505.48
2150.0,2650.0,-1490.25,-1498.14,-1505.52
2200.0,2650.0,-1490.45,-1498.44,-1505.55
2250.0,2650.0,-1490.62,-1498.73,-1505.56
2300.0,2650.0,-1490.76,-1498.99,-1505.57
2350.0,2650.0,-1490.88,-1499.23,-1505.57
2400.0,2650.0,-1490.98,-1499.44,-1505.57
2450.0,2650.0,-1491.05,-1499.63,-1505.58
2500.0,2650.0,-1491.1,-1499.79,-1505.6
2550.0,2650.0,-1491.14,-1499.93,-1505.62
2600.0,2650.0,-1491.16,-1500.05,-1505.67
2650.0,2650.0,-1491.17,-1500.15,-1505.74
2700.0,2650.0,-1491.18,-1500.24,-1505.83
2750.0,2650.0,-1491.17,-1500.32,-1505.95
2800.0,2650.0,-1491.17,-1500.4,-1506.1
2850.0,2650.0,-1491.17,-1500.48,-1506.29
2900.0,2650.0,-1491.17,-1500.57,-1506.5
2950.0,2650.0,-1491.19,-1500.67,-1506.75
3000.0,2650.0,-1491.22,-1500.79,-1507.03
3050.0,2650.0,-1491.26,-1500.93,-1507.33
3100.0,2650.0,-1491.32,-1501.09,-1507.66
3150.0,2650.0,-1491.4,-1501.27,-1508.0
3200.0,2650.0,-1491.51,-1501.47,-1508.36
3250.0,2650.0,-1491.63,-1501.69,-1508.73
3300.0,2650.0,-1491.79,-1501.93,-1509.09
3350.0,2650.0,-1491.97,-1502.18,-1509.46
3400.0,2650.0,-1492.17,-1502.45,-1509.82
3450.0,2650.0,-1492.4,-1502.73,-1510.16
3500.0,2650.0,-1492.66,-1503.02,-1510.5
3550.0,2650.0,-1492.94,-1503.32,-1510.83
3600.0,2650.0,-1493.25,-1503.62,-1511.15
3650.0,2650.0,-1493.58,-1503.93,-1511.46
3700.0,2650.0,-1493.93,-1504.25,-1511.77
3750.0,2650.0,-1494.31,-1504.58,-1512.08
3800.0,2650.0,-1494.7,-1504.91,-1512.39
3850.0,2650.0,-1495.11,-1505.25,-1512.72
3900.0,2650.0,-1495.53,-1505.6,-1513.05
3950.0,2650.0,-1495.97,-1505.95,-1513.4
4000.0,2650.0,-1496.42,-1506.32,-1513.76
4050.0,2650.0,-1496.88,-1506.69,-1514.14
4100.0,2650.0,-1497.36,-1507.07,-1514.55
4150.0,2650.0,-1497.84,-1507.46,-1514.97
4200.0,2650.0,-1498.33,-1507.84,-1515.4
4250.0,2650.0,-1498.83,-1508.23,-1515.84
4300.0,2650.0,-1499.34,-1508.61,-1516.29
4350.0,2650.0,-1499.85,-1508.99,-1516.75
4400.0,2650.0,-1500.38,-1509.35,-1517.2
4450.0,2650.0,-1500.9,-1509.71,-1517.65
4500.0,2650.0,-1501.44,-1510.06,-1518.09
4550.0,2650.0,-1501.98,-1510.39,-1518.52
4600.0,2650.0,-1502.53,-1510.72,-1518.94
4650.0,2650.0,-1503.09,-1511.03,-1519.36
4700.0,2650.0,-1503.65,-1511.34,-1519.76
4750.0,2650.0,-1504.21,-1511.65,-1520.15
4800.0,2650.0,-1504.78,-1511.97,-1520.55
4850.0,2650.0,-1505.35,-1512.28,-1520.94
4900.0,2650.0,-1505.93,-1512.61,-1521.34
4950.0,2650.0,-1506.5,-1512.95,-1521.74
5000.0,2650.0,-1507.08,-1513.3,-1522.15
0.0,2700.0,-1477.74,-1484.74,-1490.06
50.0,2700.0,-1478.01,-1484.58,-1489.79
100.0,2700.0,-1478.29,-1484.45,-1489.57
150.0,2700.0,-1478.57,-1484.36,-1489.4
200.0,2700.0,-1478.86,-1484.3,-1489.28
250.0,2700.0,-1479.15,-1484.28,-1489.23
300.0,2700.0,-1479.43,-1484.3,-1489.24
350.0,2700.0,-1479.72,-1484.37,-1489.32
400.0,2700.0,-1480.0,-1484.48,-1489.46
450.0,2700.0,-1480.27,-1484.64,-1489.66
500.0,2700.0,-1480.54,-1484.84,-1489.93
550.0,2700.0,-1480.8,-1485.09,-1490.27
600.0,2700.0,-1481.06,-1485.38,-1490.66
650.0,2700.0,-1481.32,-1485.71,-1491.12
700.0,2700.0,-1481.57,-1486.08,-1491.63
750.0,2700.0,-1481.82,-1486.49,-1492.19
800.0,2700.0,-1482.06,-1486.93,-1492.8
850.0,2700.0,-1482.31,-1487.39,-1493.45
900.0,2700.0,-1482.57,-1487.88,-1494.14
950.0,2700.0,-1482.83,-1488.39,-1494.86
1000.0,2700.0,-1483.09,-1488.91,-1495.6
1050.0,2700.0,-1483.36,-1489.44,-1496.36
1100.0,2700.0,-1483.64,-1489.97,-1497.12
1150.0,2700.0,-1483.94,-1490.5,-1497.89
1200.0,2700.0,-1484.24,-1491.02,-1498.64
1250.0,2700.0,-1484.55,-1491.52,-1499.38
1300.0,2700.0,-1484.87,-1492.02,-1500.09
1350.0,2700.0,-1485.21,-1492.49,-1500.77
1400.0,2700.0,-1485.55,-1492.95,-1501.42
1450.0,2700.0,-1485.9,-1493.38,-1502.02
1500.0,2700.0,-1486.26,-1493.8,-1502.57
1550.0,2700.0,-1486.61,-1494.19,-1503.08
1600.0,2700.0,-1486.97,-1494.57,-1503.53
1650.0,2700.0,-1487.33,-1494.93,-1503.94
1700.0,2700.0,-1487.69,-1495.28,-1504.29
1750.0,2700.0,-1488.04,-1495.62,-1504.6
1800.0,2700.0,-1488.37,-1495.96,-1504.85
1850.0,2700.0,-1488.7,-1496.28,-1505.07
1900.0,2700.0,-1489.01,-1496.6,-1505.24
1950.0,2700.0,-1489.3,-1496.92,-1505.38
2000.0,2700.0,-1489.57,-1497.22,-1505.48
2050.0,2700.0,-1489.82,-1497.52,-1505.54
2100.0,2700.0,-1490.05,-1497.81,-1505.59
2150.0,2700.0,-1490.25,-1498.09,-1505.6
2200.0,2700.0,-1490.43,-1498.36,-1505.6
2250.0,2700.0,-1490.58,-1498.6,-1505.58
2300.0,2700.0,-1490.71,-1498.83,-1505.55
2350.0,2700.0,-1490.81,-1499.03,-1505.51
2400.0,2700.0,-1490.89,-1499.21,-1505.47
2450.0,2700.0,-1490.95,-1499.37,-1505.43
2500.0,2700.0,-1490.99,-1499.5,-1505.4
2550.0,2700.0,-1491.01,-1499.62,-1505.38
2600.0,2700.0,-1491.02,-1499.71,-1505.39
2650.0,2700.0,-1491.02,-1499.79,-1505.41
2700.0,2700.0,-1491.02,-1499.87,-1505.47
2750.0,2700.0,-1491.01,-1499.94,-1505.56
2800.0,2700.0,-1491.0,-1500.02,-1505.69
2850.0,2700.0,-1490.99,-1500.1,-1505.85
2900.0,2700.0,-1490.99,-1500.2,-1506.06
2950.0,2700.0,-1491.0,-1500.31,-1506.3
3000.0,2700.0,-1491.02,-1500.45,-1506.58
3050.0,2700.0,-1491.06,-1500.6,-1506.89
3100.0,2700.0,-1491.12,-1500.78,-1507.23
3150.0,2700.0,-1491.2,-1500.98,-1507.59
3200.0,2700.0,-1491.3,-1501.21,-1507.97
3250.0,2700.0,-1491.43,-1501.45,-1508.35
3300.0,2700.0,-1491.58,-1501.71,-1508.74
3350.0,2700.0,-1491.75,-1501.98,-1509.12
3400.0,2700.0,-1491.95,-1502.26,-1509.5
3450.0,2700.0,-1492.18,-1502.55,-1509.86
3500.0,2700.0,-1492.43,-1502.85,-1510.21
3550.0,2700.0,-1492.7,-1503.14,-1510.55
3600.0,2700.0,-1493.0,-1503.44,-1510.87
3650.0,2700.0,-1493.32,-1503.75,-1511.17
3700.0,2700.0,-1493.66,-1504.05,-1511.47
3750.0,2700.0,-1494.01,-1504.36,-1511.76
3800.0,2700.0,-1494.39,-1504.67,-1512.05
3850.0,2700.0,-1494.78,-1504.99,-1512.35
3900.0,2700.0,-1495.19,-1505.31,-1512.65
3950.0,2700.0,-1495.61,-1505.64,-1512.97
4000.0,2700.0,-1496.04,-1505.98,-1513.3
4050.0,2700.0,-1496.48,-1506.33,-1513.65
4100.0,2700.0,-1496.94,-1506.68,-1514.02
4150.0,2700.0,-1497.4,-1507.04,-1514.4
4200.0,2700.0,-1497.87,-1507.4,-1514.8
4250.0,2700.0,-1498.35,-1507.76,-1515.21
4300.0,2700.0,-1498.84,-1508.11,-1515.63
4350.0,2700.0,-1499.34,-1508.47,-1516.06
4400.0,2700.0,-1499.84,-1508.82,-1516.49
4450.0,2700.0,-1500.35,-1509.15,-1516.92
4500.0,2700.0,-1500.87,-1509.48,-1517.34
4550.0,2700.0,-1501.4,-1509.8,-1517.76
4600.0,2700.0,-1501.93,-1510.11,-1518.17
4650.0,2700.0,-1502.47,-1510.42,-1518.57
4700.0,2700.0,-1503.02,-1510.72,-1518.96
4750.0,2700.0,-1503.57,-1511.01,-1519.35
4800.0,2700.0,-1504.13,-1511.31,-1519.74
4850.0,2700.0,-1504.7,-1511.62,-1520.12
4900.0,2700.0,-1505.26,-1511.93,-1520.51
4950.0,2700.0,-1505.83,-1512.25,-1520.91
5000.0,2700.0,-1506.4,-1512.59,-1521.32
0.0,2750.0,-1477.78,-1484.97,-1490.41
50.0,2750.0,-1478.04,-1484.8,-1490.1
100.0,2750.0,-1478.31,-1484.66,-1489.84
150.0,2750.0,-1478.59,-1484.55,-1489.63
200.0,2750.0,-1478.88,-1484.48,-1489.48
250.0,2750.0,-1479.16,-1484.46,-1489.39
300.0,2750.0,-1479.45,-1484.47,-1489.36
350.0,2750.0,-1479.73,-1484.53,-1489.4
400.0,2750.0,-1480.01,-1484.64,-1489.51
450.0,2750.0,-1480.29,-1484.79,-1489.68
500.0,2750.0,-1480.56,-1484.99,-1489.92
550.0,2750.0,-1480.83,-1485.24,-1490.23
600.0,2750.0,-1481.1,-1485.54,-1490.61
650.0,2750.0,-1481.36,-1485.88,-1491.04
700.0,2750.0,-1481.62,-1486.26,-1491.54
750.0,2750.0,-1481.88,-1486.68,-1492.1
800.0,2750.0,-1482.13,-1487.13,-1492.71
850.0,2750.0,-1482.39,-1487.62,-1493.37
900.0,2750.0,-1482.66,-1488.13,-1494.06
950.0,2750.0,-1482.93,-1488.66,-1494.79
1000.0,2750.0,-1483.2,-1489.2,-1495.55
1050.0,2750.0,-1483.49,-1489.75,-1496.33
1100.0,2750.0,-1483.78,-1490.3,-1497.11
1150.0,2750.0,-1484.08,-1490.85,-1497.89
1200.0,2750.0,-1484.39,-1491.38,-1498.67
1250.0,2750.0,-1484.71,-1491.9,-1499.42
1300.0,2750.0,-1485.04,-1492.41,-1500.15
1350.0,2750.0,-1485.38,-1492.89,-1500.85
1400.0,2750.0,-1485.73,-1493.34,-1501.51
1450.0,2750.0,-1486.08,-1493.77,-1502.13
1500.0,2750.0,-1486.44,-1494.18,-1502.7
1550.0,2750.0,-1486.79,-1494.56,-1503.22
1600.0,2750.0,-1487.15,-1494.92,-1503.68
1650.0,2750.0,-1487.5,-1495.27,-1504.09
1700.0,2750.0,-1487.85,-1495.59,-1504.45
1750.0,2750.0,-1488.19,-1495.91,-1504.76
1800.0,2750.0,-1488.52,-1496.21,-1505.02
1850.0,2750.0,-1488.83,-1496.5,-1505.23
1900.0,2750.0,-1489.12,-1496.79,-1505.4
1950.0,2750.0,-1489.4,-1497.07,-1505.53
2000.0,2750.0,-1489.66,-1497.34,-1505.62
2050.0,2750.0,-1489.89,-1497.6,-1505.67
2100.0,2750.0,-1490.1,-1497.85,-1505.69
2150.0,2750.0,-1490.28,-1498.09,-1505.69
2200.0,2750.0,-1490.44,-1498.31,-1505.65
2250.0,2750.0,-1490.57,-1498.52,-1505.6
2300.0,2750.0,-1490.68,-1498.7,-1505.53
2350.0,2750.0,-1490.76,-1498.87,-1505.46
2400.0,2750.0,-1490.82,-1499.01,-1505.37
2450.0,2750.0,-1490.87,-1499.13,-1505.29
2500.0,2750.0,-1490.89,-1499.23,-1505.21
2550.0,2750.0,-1490.9,-1499.32,-1505.15
2600.0,2750.0,-1490.9,-1499.39,-1505.11
2650.0,2750.0,-1490.88,-1499.45,-1505.1
2700.0,2750.0,-1490.87,-1499.51,-1505.12
2750.0,2750.0,-1490.85,-1499.57,-1505.18
2800.0,2750.0,-1490.83,-1499.64,-1505.28
2850.0,2750.0,-1490.81,-1499.73,-1505.43
2900.0,2750.0,-1490.8,-1499.83,-1505.62
2950.0,2750.0,-1490.81,-1499.95,-1505.85
3000.0,2750.0,-1490.83,-1500.1,-1506.13
3050.0,2750.0,-1490.86,-1500.27,-1506.45
3100.0,2750.0,-1490.92,-1500.47,-1506.79
3150.0,2750.0,-1490.99,-1500.69,-1507.17
3200.0,2750.0,-1491.09,-1500.93,-1507.56
3250.0,2750.0,-1491.2,-1501.19,-1507.96
3300.0,2750.0,-1491.35,-1501.47,-1508.36
3350.0,2750.0,-1491.52,-1501.76,-1508.76
3400.0,2750.0,-1491.71,-1502.05,-1509.15
3450.0,2750.0,-1491.93,-1502.35,-1509.52
3500.0,2750.0,-1492.17,-1502.65,-1509.88
3550.0,2750.0,-1492.43,-1502.95,-1510.22
3600.0,2750.0,-1492.72,-1503.24,-1510.53
3650.0,2750.0,-1493.02,-1503.54,-1510.83
3700.0,2750.0,-1493.35,-1503.83,-1511.12
3750.0,2750.0,-1493.69,-1504.12,-1511.4
3800.0,2750.0,-1494.05,-1504.41,-1511.67
3850.0,2750.0,-1494.42,-1504.7,-1511.94
3900.0,2750.0,-1494.81,-1505.0,-1512.21
3950.0,2750.0,-1495.21,-1505.31,-1512.5
4000.0,2750.0,-1495.62,-1505.62,-1512.79
4050.0,2750.0,-1496.05,-1505.93,-1513.11
4100.0,2750.0,-1496.48,-1506.26,-1513.44
4150.0,2750.0,-1496.92,-1506.58,-1513.79
4200.0,2750.0,-1497.37,-1506.92,-1514.16
4250.0,2750.0,-1497.83,-1507.25,-1514.54
4300.0,2750.0,-1498.3,-1507.59,-1514.93
4350.0,2750.0,-1498.78,-1507.92,-1515.33
4400.0,2750.0,-1499.26,-1508.25,-1515.74
4450.0,2750.0,-1499.76,-1508.57,-1516.14
4500.0,2750.0,-1500.26,-1508.88,-1516.55
4550.0,2750.0,-1500.77,-1509.19,-1516.95
4600.0,2750.0,-1501.29,-1509.49,-1517.34
4650.0,2750.0,-1501.82,-1509.78,-1517.73
4700.0,2750.0,-1502.35,-1510.07,-1518.12
4750.0,2750.0,-1502.9,-1510.35,-1518.5
4800.0,2750.0,-1503.45,-1510.64,-1518.88
4850.0,2750.0,-1504.0,-1510.94,-1519.26
4900.0,2750.0,-1504.56,-1511.24,-1519.65
4950.0,2750.0,-1505.12,-1511.55,-1520.04
5000.0,2750.0,-1505.68,-1511.88,-1520.45
0.0,2800.0,-1477.8,-1485.17,-1490.77
50.0,2800.0,-1478.06,-1485.0,-1490.43
100.0,2800.0,-1478.33,-1484.85,-1490.13
150.0,2800.0,-1478.6,-1484.74,-1489.89
200.0,2800.0,-1478.89,-1484.66,-1489.7
250.0,2800.0,-1479.17,-1484.62,-1489.57
300.0,2800.0,-1479.46,-1484.63,-1489.51
350.0,2800.0,-1479.74,-1484.69,-1489.51
400.0,2800.0,-1480.03,-1484.79,-1489.58
450.0,2800.0,-1480.31,-1484.95,-1489.73
500.0,2800.0,-1480.59,-1485.15,-1489.94
550.0,2800.0,-1480.86,-1485.4,-1490.23
600.0,2800.0,-1481.14,-1485.71,-1490.58
650.0,2800.0,-1481.41,-1486.06,-1491.0
700.0,2800.0,-1481.68,-1486.45,-1491.49
750.0,2800.0,-1481.95,-1486.89,-1492.05
800.0,2800.0,-1482.22,-1487.36,-1492.65
850.0,2800.0,-1482.49,-1487.87,-1493.31
900.0,2800.0,-1482.77,-1488.4,-1494.02
950.0,2800.0,-1483.05,-1488.95,-1494.76
1000.0,2800.0,-1483.34,-1489.52,-1495.53
1050.0,2800.0,-1483.64,-1490.09,-1496.32
1100.0,2800.0,-1483.94,-1490.67,-1497.12
1150.0,2800.0,-1484.25,-1491.23,-1497.92
1200.0,2800.0,-1484.58,-1491.79,-1498.72
1250.0,2800.0,-1484.91,-1492.33,-1499.49
1300.0,2800.0,-1485.24,-1492.84,-1500.24
1350.0,2800.0,-1485.59,-1493.33,-1500.96
1400.0,2800.0,-1485.94,-1493.78,-1501.63
1450.0,2800.0,-1486.29,-1494.21,-1502.26
1500.0,2800.0,-1486.65,-1494.61,-1502.84
1550.0,2800.0,-1487.01,-1494.99,-1503.37
1600.0,2800.0,-1487.36,-1495.33,-1503.84
1650.0,2800.0,-1487.71,-1495.66,-1504.26
1700.0,2800.0,-1488.05,-1495.96,-1504.63
1750.0,2800.0,-1488.38,-1496.25,-1504.94
1800.0,2800.0,-1488.69,-1496.52,-1505.2
1850.0,2800.0,-1488.99,-1496.78,-1505.41
1900.0,2800.0,-1489.27,-1497.03,-1505.57
1950.0,2800.0,-1489.53,-1497.27,-1505.69
2000.0,2800.0,-1489.77,-1497.5,-1505.76
2050.0,2800.0,-1489.98,-1497.72,-1505.8
2100.0,2800.0,-1490.17,-1497.93,-1505.8
2150.0,2800.0,-1490.34,-1498.13,-1505.77
2200.0,2800.0,-1490.47,-1498.31,-1505.71
2250.0,2800.0,-1490.59,-1498.47,-1505.63
2300.0,2800.0,-1490.67,-1498.61,-1505.52
2350.0,2800.0,-1490.74,-1498.74,-1505.41
2400.0,2800.0,-1490.78,-1498.84,-1505.28
2450.0,2800.0,-1490.8,-1498.92,-1505.16
2500.0,2800.0,-1490.81,-1498.99,-1505.04
2550.0,2800.0,-1490.8,-1499.04,-1504.93
2600.0,2800.0,-1490.78,-1499.08,-1504.85
2650.0,2800.0,-1490.76,-1499.12,-1504.8
2700.0,2800.0,-1490.73,-1499.17,-1504.79
2750.0,2800.0,-1490.69,-1499.22,-1504.81
2800.0,2800.0,-1490.66,-1499.28,-1504.89
2850.0,2800.0,-1490.64,-1499.36,-1505.01
2900.0,2800.0,-1490.62,-1499.46,-1505.19
2950.0,2800.0,-1490.62,-1499.59,-1505.41
3000.0,2800.0,-1490.63,-1499.75,-1505.68
3050.0,2800.0,-1490.66,-1499.94,-1506.0
3100.0,2800.0,-1490.7,-1500.15,-1506.35
3150.0,2800.0,-1490.77,-1500.39,-1506.73
3200.0,2800.0,-1490.86,-1500.65,-1507.13
3250.0,2800.0,-1490.97,-1500.93,-1507.54
3300.0,2800.0,-1491.11,-1501.22,-1507.96
3350.0,2800.0,-1491.27,-1501.52,-1508.37
3400.0,2800.0,-1491.45,-1501.83,-1508.77
3450.0,2800.0,-1491.66,-1502.13,-1509.15
3500.0,2800.0,-1491.89,-1502.43,-1509.51
3550.0,2800.0,-1492.14,-1502.73,-1509.85
3600.0,2800.0,-1492.41,-1503.02,-1510.16
3650.0,2800.0,-1492.7,-1503.31,-1510.46
3700.0,2800.0,-1493.01,-1503.58,-1510.73
3750.0,2800.0,-1493.33,-1503.86,-1510.99
3800.0,2800.0,-1493.68,-1504.13,-1511.23
3850.0,2800.0,-1494.03,-1504.4,-1511.48
3900.0,2800.0,-1494.4,-1504.67,-1511.73
3950.0,2800.0,-1494.78,-1504.94,-1511.98
4000.0,2800.0,-1495.17,-1505.22,-1512.24
4050.0,2800.0,-1495.57,-1505.51,-1512.52
4100.0,2800.0,-1495.98,-1505.81,-1512.82
4150.0,2800.0,-1496.4,-1506.11,-1513.14
4200.0,2800.0,-1496.83,-1506.41,-1513.47
4250.0,2800.0,-1497.27,-1506.72,-1513.82
4300.0,2800.0,-1497.72,-1507.03,-1514.18
4350.0,2800.0,-1498.18,-1507.34,-1514.56
4400.0,2800.0,-1498.64,-1507.65,-1514.94
4450.0,2800.0,-1499.12,-1507.95,-1515.33
4500.0,2800.0,-1499.61,-1508.25,-1515.71
4550.0,2800.0,-1500.1,-1508.54,-1516.1
4600.0,2800.0,-1500.61,-1508.83,-1516.48
4650.0,2800.0,-1501.12,-1509.12,-1516.87
4700.0,2800.0,-1501.65,-1509.4,-1517.24
4750.0,2800.0,-1502.18,-1509.68,-1517.62
4800.0,2800.0,-1502.72,-1509.96,-1518.0
4850.0,2800.0,-1503.26,-1510.24,-1518.37
4900.0,2800.0,-1503.81,-1510.54,-1518.75
4950.0,2800.0,-1504.37,-1510.84,-1519.14
5000.0,2800.0,-1504.92,-1511.16,-1519.54
0.0,2850.0,-1477.81,-1485.35,-1491.14
50.0,2850.0,-1478.06,-1485.17,-1490.77
100.0,2850.0,-1478.33,-1485.02,-1490.44
150.0,2850.0,-1478.6,-1484.9,-1490.17
200.0,2850.0,-1478.88,-1484.82,-1489.94
250.0,2850.0,-1479.17,-1484.78,-1489.78
300.0,2850.0,-1479.46,-1484.79,-1489.68
350.0,2850.0,-1479.75,-1484.84,-1489.65
400.0,2850.0,-1480.04,-1484.95,-1489.69
450.0,2850.0,-1480.33,-1485.1,-1489.8
500.0,2850.0,-1480.62,-1485.31,-1489.99
550.0,2850.0,-1480.9,-1485.57,-1490.25
600.0,2850.0,-1481.18,-1485.88,-1490.59
650.0,2850.0,-1481.47,-1486.25,-1491.0
700.0,2850.0,-1481.75,-1486.66,-1491.48
750.0,2850.0,-1482.03,-1487.11,-1492.02
800.0,2850.0,-1482.32,-1487.61,-1492.63
850.0,2850.0,-1482.6,-1488.13,-1493.29
900.0,2850.0,-1482.9,-1488.69,-1494.01
950.0,2850.0,-1483.19,-1489.27,-1494.76
1000.0,2850.0,-1483.5,-1489.87,-1495.54
1050.0,2850.0,-1483.81,-1490.47,-1496.35
1100.0,2850.0,-1484.13,-1491.07,-1497.17
1150.0,2850.0,-1484.46,-1491.66,-1497.99
1200.0,2850.0,-1484.79,-1492.23,-1498.8
1250.0,2850.0,-1485.13,-1492.79,-1499.59
1300.0,2850.0,-1485.48,-1493.31,-1500.36
1350.0,2850.0,-1485.83,-1493.81,-1501.09
1400.0,2850.0,-1486.19,-1494.27,-1501.78
1450.0,2850.0,-1486.54,-1494.7,-1502.42
1500.0,2850.0,-1486.9,-1495.1,-1503.01
1550.0,2850.0,-1487.26,-1495.46,-1503.55
1600.0,2850.0,-1487.61,-1495.8,-1504.03
1650.0,2850.0,-1487.95,-1496.1,-1504.45
1700.0,2850.0,-1488.28,-1496.38,-1504.82
1750.0,2850.0,-1488.6,-1496.64,-1505.13
1800.0,2850.0,-1488.9,-1496.89,-1505.39
1850.0,2850.0,-1489.19,-1497.11,-1505.59
1900.0,2850.0,-1489.45,-1497.33,-1505.75
1950.0,2850.0,-1489.7,-1497.53,-1505.85
2000.0,2850.0,-1489.92,-1497.72,-1505.91
2050.0,2850.0,-1490.11,-1497.9,-1505.93
2100.0,2850.0,-1490.28,-1498.06,-1505.91
2150.0,2850.0,-1490.42,-1498.22,-1505.86
2200.0,2850.0,-1490.54,-1498.35,-1505.77
2250.0,2850.0,-1490.63,-1498.47,-1505.65
2300.0,2850.0,-1490.69,-1498.56,-1505.51
2350.0,2850.0,-1490.74,-1498.64,-1505.36
2400.0,2850.0,-1490.76,-1498.7,-1505.2
2450.0,2850.0,-1490.76,-1498.74,-1505.03
2500.0,2850.0,-1490.75,-1498.77,-1504.87
2550.0,2850.0,-1490.72,-1498.79,-1504.72
2600.0,2850.0,-1490.69,-1498.81,-1504.6
2650.0,2850.0,-1490.65,-1498.82,-1504.51
2700.0,2850.0,-1490.6,-1498.84,-1504.46
2750.0,2850.0,-1490.55,-1498.88,-1504.46
2800.0,2850.0,-1490.51,-1498.93,-1504.51
2850.0,2850.0,-1490.47,-1499.01,-1504.61
2900.0,2850.0,-1490.45,-1499.11,-1504.76
2950.0,2850.0,-1490.43,-1499.24,-1504.98
3000.0,2850.0,-1490.43,-1499.41,-1505.24
3050.0,2850.0,-1490.45,-1499.61,-1505.55
3100.0,2850.0,-1490.49,-1499.83,-1505.91
3150.0,2850.0,-1490.55,-1500.09,-1506.29
3200.0,2850.0,-1490.63,-1500.36,-1506.7
3250.0,2850.0,-1490.73,-1500.66,-1507.12
3300.0,2850.0,-1490.86,-1500.96,-1507.54
3350.0,2850.0,-1491.01,-1501.28,-1507.96
3400.0,2850.0,-1491.18,-1501.59,-1508.37
3450.0,2850.0,-1491.37,-1501.9,-1508.76
3500.0,2850.0,-1491.59,-1502.2,-1509.12
3550.0,2850.0,-1491.82,-1502.5,-1509.45
3600.0,2850.0,-1492.08,-1502.78,-1509.76
3650.0,2850.0,-1492.35,-1503.06,-1510.04
3700.0,2850.0,-1492.65,-1503.32,-1510.3
3750.0,2850.0,-1492.95,-1503.58,-1510.54
3800.0,2850.0,-1493.28,-1503.83,-1510.77
3850.0,2850.0,-1493.61,-1504.07,-1510.98
3900.0,2850.0,-1493.96,-1504.32,-1511.2
3950.0,2850.0,-1494.32,-1504.56,-1511.42
4000.0,2850.0,-1494.69,-1504.81,-1511.65
4050.0,2850.0,-1495.07,-1505.07,-1511.9
4100.0,2850.0,-1495.45,-1505.34,-1512.16
4150.0,2850.0,-1495.85,-1505.61,-1512.44
4200.0,2850.0,-1496.26,-1505.88,-1512.74
4250.0,2850.0,-1496.68,-1506.17,-1513.06
4300.0,2850.0,-1497.11,-1506.45,-1513.4
4350.0,2850.0,-1497.54,-1506.74,-1513.75
4400.0,2850.0,-1497.99,-1507.03,-1514.11
4450.0,2850.0,-1498.45,-1507.31,-1514.47
4500.0,2850.0,-1498.92,-1507.6,-1514.85
4550.0,2850.0,-1499.4,-1507.88,-1515.22
4600.0,2850.0,-1499.89,-1508.16,-1515.59
4650.0,2850.0,-1500.39,-1508.43,-1515.97
4700.0,2850.0,-1500.9,-1508.71,-1516.34
4750.0,2850.0,-1501.42,-1508.98,-1516.71
4800.0,2850.0,-1501.95,-1509.26,-1517.08
4850.0,2850.0,-1502.49,-1509.54,-1517.46
4900.0,2850.0,-1503.03,-1509.83,-1517.84
4950.0,2850.0,-1503.58,-1510.13,-1518.22
5000.0,2850.0,-1504.13,-1510.44,-1518.61
0.0,2900.0,-1477.8,-1485.5,-1491.51
50.0,2900.0,-1478.05,-1485.32,-1491.12
100.0,2900.0,-1478.32,-1485.16,-1490.77
150.0,2900.0,-1478.59,-1485.05,-1490.46
200.0,2900.0,-1478.88,-1484.96,-1490.21
250.0,2900.0,-1479.17,-1484.93,-1490.02
300.0,2900.0,-1479.46,-1484.93,-1489.89
350.0,2900.0,-1479.75,-1484.99,-1489.83
400.0,2900.0,-1480.05,-1485.1,-1489.83
450.0,2900.0,-1480.35,-1485.26,-1489.92
500.0,2900.0,-1480.64,-1485.47,-1490.08
550.0,2900.0,-1480.94,-1485.74,-1490.32
600.0,2900.0,-1481.23,-1486.07,-1490.63
650.0,2900.0,-1481.53,-1486.44,-1491.03
700.0,2900.0,-1481.83,-1486.87,-1491.5
750.0,2900.0,-1482.13,-1487.35,-1492.04
800.0,2900.0,-1482.43,-1487.86,-1492.64
850.0,2900.0,-1482.73,-1488.42,-1493.31
900.0,2900.0,-1483.04,-1489.0,-1494.03
950.0,2900.0,-1483.36,-1489.61,-1494.79
1000.0,2900.0,-1483.68,-1490.24,-1495.59
1050.0,2900.0,-1484.01,-1490.86,-1496.41
1100.0,2900.0,-1484.34,-1491.49,-1497.24
1150.0,2900.0,-1484.68,-1492.11,-1498.08
1200.0,2900.0,-1485.03,-1492.71,-1498.91
1250.0,2900.0,-1485.38,-1493.28,-1499.72
1300.0,2900.0,-1485.74,-1493.82,-1500.5
1350.0,2900.0,-1486.1,-1494.33,-1501.25
1400.0,2900.0,-1486.46,-1494.8,-1501.95
1450.0,2900.0,-1486.83,-1495.23,-1502.61
1500.0,2900.0,-1487.19,-1495.63,-1503.21
1550.0,2900.0,-1487.54,-1495.98,-1503.75
1600.0,2900.0,-1487.89,-1496.3,-1504.24
1650.0,2900.0,-1488.22,-1496.59,-1504.66
1700.0,2900.0,-1488.55,-1496.85,-1505.03
1750.0,2900.0,-1488.86,-1497.09,-1505.34
1800.0,2900.0,-1489.15,-1497.3,-1505.59
1850.0,2900.0,-1489.42,-1497.5,-1505.79
1900.0,2900.0,-1489.67,-1497.68,-1505.93
1950.0,2900.0,-1489.89,-1497.84,-1506.03
2000.0,2900.0,-1490.09,-1497.99,-1506.07
2050.0,2900.0,-1490.27,-1498.12,-1506.08
2100.0,2900.0,-1490.41,-1498.24,-1506.03
2150.0,2900.0,-1490.53,-1498.35,-1505.95
2200.0,2900.0,-1490.63,-1498.43,-1505.83
2250.0,2900.0,-1490.7,-1498.5,-1505.69
2300.0,2900.0,-1490.74,-1498.55,-1505.51
2350.0,2900.0,-1490.76,-1498.59,-1505.32
2400.0,2900.0,-1490.76,-1498.6,-1505.12
2450.0,2900.0,-1490.74,-1498.6,-1504.91
2500.0,2900.0,-1490.71,-1498.59,-1504.71
2550.0,2900.0,-1490.66,-1498.58,-1504.52
2600.0,2900.0,-1490.61,-1498.56,-1504.36
2650.0,2900.0,-1490.55,-1498.55,-1504.24
2700.0,2900.0,-1490.49,-1498.55,-1504.15
2750.0,2900.0,-1490.42,-1498.56,-1504.12
2800.0,2900.0,-1490.37,-1498.6,-1504.14
2850.0,2900.0,-1490.32,-1498.67,-1504.22
2900.0,2900.0,-1490.28,-1498.78,-1504.35
2950.0,2900.0,-1490.25,-1498.91,-1504.55
3000.0,2900.0,-1490.24,-1499.08,-1504.81
3050.0,2900.0,-1490.25,-1499.29,-1505.11
3100.0,2900.0,-1490.27,-1499.52,-1505.46
3150.0,2900.0,-1490.32,-1499.79,-1505.85
3200.0,2900.0,-1490.39,-1500.08,-1506.26
3250.0,2900.0,-1490.48,-1500.38,-1506.69
3300.0,2900.0,-1490.6,-1500.7,-1507.12
3350.0,2900.0,-1490.73,-1501.02,-1507.54
3400.0,2900.0,-1490.89,-1501.34,-1507.95
3450.0,2900.0,-1491.07,-1501.66,-1508.34
3500.0,2900.0,-1491.27,-1501.96,-1508.7
3550.0,2900.0,-1491.49,-1502.26,-1509.03
3600.0,2900.0,-1491.73,-1502.53,-1509.33
3650.0,2900.0,-1491.99,-1502.8,-1509.6
3700.0,2900.0,-1492.26,-1503.04,-1509.84
3750.0,2900.0,-1492.55,-1503.28,-1510.06
3800.0,2900.0,-1492.85,-1503.51,-1510.27
3850.0,2900.0,-1493.16,-1503.73,-1510.46
3900.0,2900.0,-1493.49,-1503.95,-1510.65
3950.0,2900.0,-1493.83,-1504.17,-1510.84
4000.0,2900.0,-1494.17,-1504.39,-1511.03
4050.0,2900.0,-1494.53,-1504.61,-1511.24
4100.0,2900.0,-1494.9,-1504.85,-1511.47
4150.0,2900.0,-1495.27,-1505.09,-1511.72
4200.0,2900.0,-1495.66,-1505.34,-1511.99
4250.0,2900.0,-1496.06,-1505.59,-1512.28
4300.0,2900.0,-1496.46,-1505.85,-1512.58
4350.0,2900.0,-1496.88,-1506.12,-1512.91
4400.0,2900.0,-1497.31,-1506.39,-1513.25
4450.0,2900.0,-1497.75,-1506.66,-1513.59
4500.0,2900.0,-1498.2,-1506.93,-1513.95
4550.0,2900.0,-1498.67,-1507.2,-1514.31
4600.0,2900.0,-1499.14,-1507.47,-1514.68
4650.0,2900.0,-1499.63,-1507.74,-1515.05
4700.0,2900.0,-1500.13,-1508.01,-1515.42
4750.0,2900.0,-1500.64,-1508.28,-1515.78
4800.0,2900.0,-1501.16,-1508.55,-1516.15
4850.0,2900.0,-1501.69,-1508.83,-1516.53
4900.0,2900.0,-1502.22,-1509.12,-1516.9
4950.0,2900.0,-1502.76,-1509.41,-1517.29
5000.0,2900.0,-1503.31,-1509.72,-1517.67
0.0,2950.0,-1477.79,-1485.63,-1491.89
50.0,2950.0,-1478.04,-1485.44,-1491.48
100.0,2950.0,-1478.3,-1485.29,-1491.11
150.0,2950.0,-1478.58,-1485.17,-1490.78
200.0,2950.0,-1478.86,-1485.1,-1490.51
250.0,2950.0,-1479.15,-1485.06,-1490.29
300.0,2950.0,-1479.45,-1485.07,-1490.13
350.0,2950.0,-1479.75,-1485.13,-1490.04
400.0,2950.0,-1480.06,-1485.24,-1490.02
450.0,2950.0,-1480.37,-1485.41,-1490.07
500.0,2950.0,-1480.67,-1485.63,-1490.21
550.0,2950.0,-1480.98,-1485.91,-1490.42
600.0,2950.0,-1481.29,-1486.25,-1490.72
650.0,2950.0,-1481.6,-1486.65,-1491.1
700.0,2950.0,-1481.92,-1487.09,-1491.55
750.0,2950.0,-1482.23,-1487.59,-1492.09
800.0,2950.0,-1482.55,-1488.13,-1492.69
850.0,2950.0,-1482.88,-1488.72,-1493.36
900.0,2950.0,-1483.21,-1489.33,-1494.08
950.0,2950.0,-1483.54,-1489.97,-1494.86
1000.0,2950.0,-1483.88,-1490.62,-1495.67
1050.0,2950.0,-1484.22,-1491.28,-1496.5
1100.0,2950.0,-1484.58,-1491.94,-1497.35
1150.0,2950.0,-1484.93,-1492.58,-1498.21
1200.0,2950.0,-1485.3,-1493.21,-1499.05
1250.0,2950.0,-1485.66,-1493.8,-1499.88
1300.0,2950.0,-1486.03,-1494.36,-1500.68
1350.0,2950.0,-1486.4,-1494.88,-1501.44
1400.0,2950.0,-1486.77,-1495.37,-1502.16
1450.0,2950.0,-1487.14,-1495.8,-1502.82
1500.0,2950.0,-1487.5,-1496.2,-1503.43
1550.0,2950.0,-1487.86,-1496.55,-1503.98
1600.0,2950.0,-1488.2,-1496.86,-1504.47
1650.0,2950.0,-1488.53,-1497.13,-1504.9
1700.0,2950.0,-1488.85,-1497.37,-1505.27
1750.0,2950.0,-1489.15,-1497.58,-1505.57
1800.0,2950.0,-1489.43,-1497.77,-1505.82
1850.0,2950.0,-1489.68,-1497.93,-1506.01
1900.0,2950.0,-1489.92,-1498.07,-1506.14
1950.0,2950.0,-1490.12,-1498.2,-1506.22
2000.0,2950.0,-1490.3,-1498.3,-1506.25
2050.0,2950.0,-1490.46,-1498.4,-1506.23
2100.0,2950.0,-1490.58,-1498.47,-1506.16
2150.0,2950.0,-1490.68,-1498.53,-1506.06
2200.0,2950.0,-1490.75,-1498.57,-1505.91
2250.0,2950.0,-1490.79,-1498.59,-1505.73
2300.0,2950.0,-1490.81,-1498.59,-1505.52
2350.0,2950.0,-1490.81,-1498.57,-1505.29
2400.0,2950.0,-1490.79,-1498.54,-1505.05
2450.0,2950.0,-1490.75,-1498.5,-1504.8
2500.0,2950.0,-1490.69,-1498.45,-1504.56
2550.0,2950.0,-1490.62,-1498.4,-1504.34
2600.0,2950.0,-1490.55,-1498.35,-1504.14
2650.0,2950.0,-1490.47,-1498.31,-1503.98
2700.0,2950.0,-1490.39,-1498.28,-1503.86
2750.0,2950.0,-1490.31,-1498.28,-1503.79
2800.0,2950.0,-1490.24,-1498.31,-1503.79
2850.0,2950.0,-1490.17,-1498.37,-1503.84
2900.0,2950.0,-1490.12,-1498.46,-1503.96
2950.0,2950.0,-1490.08,-1498.6,-1504.15
3000.0,2950.0,-1490.05,-1498.77,-1504.39
3050.0,2950.0,-1490.05,-1498.98,-1504.69
3100.0,2950.0,-1490.06,-1499.23,-1505.03
3150.0,2950.0,-1490.09,-1499.5,-1505.42
3200.0,2950.0,-1490.15,-1499.8,-1505.83
3250.0,2950.0,-1490.23,-1500.11,-1506.26
3300.0,2950.0,-1490.33,-1500.44,-1506.69
3350.0,2950.0,-1490.45,-1500.77,-1507.11
3400.0,2950.0,-1490.59,-1501.09,-1507.53
3450.0,2950.0,-1490.76,-1501.41,-1507.91
3500.0,2950.0,-1490.94,-1501.71,-1508.27
3550.0,2950.0,-1491.15,-1502.0,-1508.6
3600.0,2950.0,-1491.37,-1502.27,-1508.89
3650.0,2950.0,-1491.6,-1502.52,-1509.14
3700.0,2950.0,-1491.86,-1502.76,-1509.37
3750.0,2950.0,-1492.12,-1502.97,-1509.57
3800.0,2950.0,-1492.4,-1503.18,-1509.75
3850.0,2950.0,-1492.69,-1503.37,-1509.91
3900.0,2950.0,-1493.0,-1503.57,-1510.07
3950.0,2950.0,-1493.31,-1503.75,-1510.22
4000.0,2950.0,-1493.63,-1503.95,-1510.39
4050.0,2950.0,-1493.97,-1504.14,-1510.57
4100.0,2950.0,-1494.31,-1504.34,-1510.76
4150.0,2950.0,-1494.67,-1504.55,-1510.97
4200.0,2950.0,-1495.03,-1504.77,-1511.21
4250.0,2950.0,-1495.4,-1505.0,-1511.46
4300.0,2950.0,-1495.79,-1505.24,-1511.74
4350.0,2950.0,-1496.19,-1505.48,-1512.04
4400.0,2950.0,-1496.6,-1505.73,-1512.36
4450.0,2950.0,-1497.02,-1505.98,-1512.69
4500.0,2950.0,-1497.46,-1506.24,-1513.03
4550.0,2950.0,-1497.91,-1506.5,-1513.39
4600.0,2950.0,-1498.37,-1506.76,-1513.75
4650.0,2950.0,-1498.85,-1507.03,-1514.11
4700.0,2950.0,-1499.33,-1507.29,-1514.48
4750.0,2950.0,-1499.83,-1507.56,-1514.85
4800.0,2950.0,-1500.34,-1507.84,-1515.22
4850.0,2950.0,-1500.86,-1508.12,-1515.59
4900.0,2950.0,-1501.39,-1508.41,-1515.96
4950.0,2950.0,-1501.93,-1508.7,-1516.35
5000.0,2950.0,-1502.46,-1509.0,-1516.73
0.0,3000.0,-1477.76,-1485.73,-1492.27
50.0,3000.0,-1478.01,-1485.55,-1491.86
100.0,3000.0,-1478.27,-1485.4,-1491.47
150.0,3000.0,-1478.55,-1485.29,-1491.13
200.0,3000.0,-1478.84,-1485.21,-1490.83
250.0,3000.0,-1479.14,-1485.18,-1490.59
300.0,3000.0,-1479.44,-1485.2,-1490.4
350.0,3000.0,-1479.75,-1485.26,-1490.28
400.0,3000.0,-1480.07,-1485.38,-1490.24
450.0,3000.0,-1480.38,-1485.56,-1490.27
500.0,3000.0,-1480.71,-1485.79,-1490.38
550.0,3000.0,-1481.03,-1486.09,-1490.57
600.0,3000.0,-1481.35,-1486.44,-1490.85
650.0,3000.0,-1481.68,-1486.85,-1491.21
700.0,3000.0,-1482.02,-1487.32,-1491.66
750.0,3000.0,-1482.35,-1487.84,-1492.18
800.0,3000.0,-1482.69,-1488.41,-1492.78
850.0,3000.0,-1483.03,-1489.02,-1493.45
900.0,3000.0,-1483.38,-1489.67,-1494.18
950.0,3000.0,-1483.74,-1490.34,-1494.96
1000.0,3000.0,-1484.1,-1491.02,-1495.78
1050.0,3000.0,-1484.46,-1491.71,-1496.63
1100.0,3000.0,-1484.83,-1492.4,-1497.49
1150.0,3000.0,-1485.21,-1493.07,-1498.36
1200.0,3000.0,-1485.59,-1493.72,-1499.23
1250.0,3000.0,-1485.97,-1494.34,-1500.07
1300.0,3000.0,-1486.35,-1494.92,-1500.88
1350.0,3000.0,-1486.73,-1495.46,-1501.66
1400.0,3000.0,-1487.11,-1495.95,-1502.39
1450.0,3000.0,-1487.48,-1496.4,-1503.06
1500.0,3000.0,-1487.85,-1496.79,-1503.68
1550.0,3000.0,-1488.2,-1497.14,-1504.24
1600.0,3000.0,-1488.55,-1497.44,-1504.73
1650.0,3000.0,-1488.87,-1497.7,-1505.16
1700.0,3000.0,-1489.18,-1497.93,-1505.53
1750.0,3000.0,-1489.47,-1498.12,-1505.83
1800.0,3000.0,-1489.74,-1498.27,-1506.07
1850.0,3000.0,-1489.98,-1498.41,-1506.25
1900.0,3000.0,-1490.19,-1498.51,-1506.37
1950.0,3000.0,-1490.38,-1498.6,-1506.44
2000.0,3000.0,-1490.54,-1498.67,-1506.45
2050.0,3000.0,-1490.67,-1498.71,-1506.4
2100.0,3000.0,-1490.78,-1498.74,-1506.31
2150.0,3000.0,-1490.85,-1498.75,-1506.18
2200.0,3000.0,-1490.89,-1498.74,-1506.0
2250.0,3000.0,-1490.91,-1498.71,-1505.79
2300.0,3000.0,-1490.91,-1498.66,-1505.54
2350.0,3000.0,-1490.88,-1498.6,-1505.28
2400.0,3000.0,-1490.83,-1498.53,-1505.0
2450.0,3000.0,-1490.77,-1498.44,-1504.71
2500.0,3000.0,-1490.69,-1498.35,-1504.43
2550.0,3000.0,-1490.6,-1498.26,-1504.17
2600.0,3000.0,-1490.51,-1498.18,-1503.93
2650.0,3000.0,-1490.41,-1498.11,-1503.74
2700.0,3000.0,-1490.31,-1498.06,-1503.58
2750.0,3000.0,-1490.21,-1498.04,-1503.49
2800.0,3000.0,-1490.12,-1498.05,-1503.46
2850.0,3000.0,-1490.04,-1498.09,-1503.49
2900.0,3000.0,-1489.97,-1498.18,-1503.59
2950.0,3000.0,-1489.91,-1498.31,-1503.76
3000.0,3000.0,-1489.87,-1498.49,-1503.99
3050.0,3000.0,-1489.85,-1498.7,-1504.28
3100.0,3000.0,-1489.85,-1498.95,-1504.62
3150.0,3000.0,-1489.87,-1499.23,-1505.0
3200.0,3000.0,-1489.91,-1499.53,-1505.41
3250.0,3000.0,-1489.97,-1499.85,-1505.83
3300.0,3000.0,-1490.06,-1500.18,-1506.27
3350.0,3000.0,-1490.17,-1500.52,-1506.69
3400.0,3000.0,-1490.29,-1500.84,-1507.1
3450.0,3000.0,-1490.44,-1501.16,-1507.48
3500.0,3000.0,-1490.61,-1501.46,-1507.84
3550.0,3000.0,-1490.79,-1501.74,-1508.15
3600.0,3000.0,-1490.99,-1502.0,-1508.43
3650.0,3000.0,-1491.21,-1502.24,-1508.67
3700.0,3000.0,-1491.44,-1502.46,-1508.88
3750.0,3000.0,-1491.68,-1502.66,-1509.06
3800.0,3000.0,-1491.94,-1502.84,-1509.21
3850.0,3000.0,-1492.21,-1503.01,-1509.35
3900.0,3000.0,-1492.49,-1503.17,-1509.47
3950.0,3000.0,-1492.78,-1503.33,-1509.6
4000.0,3000.0,-1493.08,-1503.5,-1509.73
4050.0,3000.0,-1493.39,-1503.66,-1509.87
4100.0,3000.0,-1493.71,-1503.83,-1510.03
4150.0,3000.0,-1494.04,-1504.01,-1510.21
4200.0,3000.0,-1494.38,-1504.2,-1510.41
4250.0,3000.0,-1494.73,-1504.4,-1510.63
4300.0,3000.0,-1495.1,-1504.61,-1510.89
4350.0,3000.0,-1495.48,-1504.83,-1511.16
4400.0,3000.0,-1495.87,-1505.06,-1511.46
4450.0,3000.0,-1496.28,-1505.3,-1511.77
4500.0,3000.0,-1496.7,-1505.54,-1512.1
4550.0,3000.0,-1497.13,-1505.79,-1512.45
4600.0,3000.0,-1497.58,-1506.05,-1512.8
4650.0,3000.0,-1498.04,-1506.31,-1513.16
4700.0,3000.0,-1498.52,-1506.58,-1513.53
4750.0,3000.0,-1499.01,-1506.85,-1513.9
4800.0,3000.0,-1499.51,-1507.12,-1514.27
4850.0,3000.0,-1500.02,-1507.41,-1514.65
4900.0,3000.0,-1500.54,-1507.69,-1515.03
4950.0,3000.0,-1501.07,-1507.99,-1515.41
5000.0,3000.0,-1501.6,-1508.29,-1515.79
0.0,3050.0,-1477.73,-1485.81,-1492.65
50.0,3050.0,-1477.97,-1485.64,-1492.23
100.0,3050.0,-1478.24,-1485.49,-1491.84
150.0,3050.0,-1478.52,-1485.39,-1491.49
200.0,3050.0,-1478.81,-1485.32,-1491.18
250.0,3050.0,-1479.12,-1485.3,-1490.92
300.0,3050.0,-1479.43,-1485.32,-1490.71
350.0,3050.0,-1479.75,-1485.39,-1490.57
400.0,3050.0,-1480.07,-1485.52,-1490.51
450.0,3050.0,-1480.41,-1485.71,-1490.51
500.0,3050.0,-1480.74,-1485.95,-1490.6
550.0,3050.0,-1481.08,-1486.26,-1490.77
600.0,3050.0,-1481.42,-1486.63,-1491.03
650.0,3050.0,-1481.77,-1487.06,-1491.38
700.0,3050.0,-1482.12,-1487.55,-1491.81
750.0,3050.0,-1482.48,-1488.1,-1492.32
800.0,3050.0,-1482.84,-1488.69,-1492.92
850.0,3050.0,-1483.2,-1489.33,-1493.58
900.0,3050.0,-1483.58,-1490.01,-1494.31
950.0,3050.0,-1483.95,-1490.71,-1495.1
1000.0,3050.0,-1484.33,-1491.43,-1495.93
1050.0,3050.0,-1484.72,-1492.15,-1496.79
1100.0,3050.0,-1485.11,-1492.87,-1497.67
1150.0,3050.0,-1485.51,-1493.57,-1498.55
1200.0,3050.0,-1485.9,-1494.25,-1499.43
1250.0,3050.0,-1486.3,-1494.9,-1500.29
1300.0,3050.0,-1486.69,-1495.5,-1501.12
1350.0,3050.0,-1487.09,-1496.06,-1501.91
1400.0,3050.0,-1487.47,-1496.56,-1502.65
1450.0,3050.0,-1487.85,-1497.02,-1503.34
1500.0,3050.0,-1488.22,-1497.42,-1503.96
1550.0,3050.0,-1488.58,-1497.76,-1504.53
1600.0,3050.0,-1488.92,-1498.06,-1505.03
1650.0,3050.0,-1489.24,-1498.31,-1505.46
1700.0,3050.0,-1489.54,-1498.52,-1505.82
1750.0,3050.0,-1489.82,-1498.68,-1506.12
1800.0,3050.0,-1490.08,-1498.82,-1506.35
1850.0,3050.0,-1490.3,-1498.92,-1506.52
1900.0,3050.0,-1490.5,-1498.99,-1506.63
1950.0,3050.0,-1490.67,-1499.04,-1506.67
2000.0,3050.0,-1490.81,-1499.07,-1506.66
2050.0,3050.0,-1490.92,-1499.07,-1506.6
2100.0,3050.0,-1491.0,-1499.05,-1506.48
2150.0,3050.0,-1491.05,-1499.01,-1506.32
2200.0,3050.0,-1491.07,-1498.96,-1506.11
2250.0,3050.0,-1491.06,-1498.88,-1505.86
2300.0,3050.0,-1491.03,-1498.78,-1505.58
2350.0,3050.0,-1490.98,-1498.67,-1505.28
2400.0,3050.0,-1490.91,-1498.55,-1504.96
2450.0,3050.0,-1490.82,-1498.42,-1504.64
2500.0,3050.0,-1490.72,-1498.29,-1504.32
2550.0,3050.0,-1490.61,-1498.16,-1504.02
2600.0,3050.0,-1490.49,-1498.05,-1503.75
2650.0,3050.0,-1490.37,-1497.95,-1503.52
2700.0,3050.0,-1490.24,-1497.87,-1503.34
2750.0,3050.0,-1490.13,-1497.83,-1503.21
2800.0,3050.0,-1490.02,-1497.82,-1503.15
2850.0,3050.0,-1489.92,-1497.86,-1503.16
2900.0,3050.0,-1489.83,-1497.94,-1503.24
2950.0,3050.0,-1489.76,-1498.06,-1503.4
3000.0,3050.0,-1489.7,-1498.23,-1503.62
3050.0,3050.0,-1489.66,-1498.44,-1503.89
3100.0,3050.0,-1489.65,-1498.69,-1504.23
3150.0,3050.0,-1489.65,-1498.98,-1504.6
3200.0,3050.0,-1489.67,-1499.28,-1505.0
3250.0,3050.0,-1489.72,-1499.61,-1505.43
3300.0,3050.0,-1489.79,-1499.94,-1505.86
3350.0,3050.0,-1489.88,-1500.27,-1506.28
3400.0,3050.0,-1489.99,-1500.6,-1506.68
3450.0,3050.0,-1490.11,-1500.91,-1507.06
3500.0,3050.0,-1490.26,-1501.21,-1507.41
3550.0,3050.0,-1490.42,-1501.48,-1507.71
3600.0,3050.0,-1490.6,-1501.73,-1507.98
3650.0,3050.0,-1490.8,-1501.95,-1508.2
3700.0,3050.0,-1491.01,-1502.15,-1508.39
3750.0,3050.0,-1491.23,-1502.33,-1508.55
3800.0,3050.0,-1491.46,-1502.49,-1508.68
3850.0,3050.0,-1491.71,-1502.64,-1508.78
3900.0,3050.0,-1491.96,-1502.78,-1508.88
3950.0,3050.0,-1492.23,-1502.91,-1508.97
4000.0,3050.0,-1492.5,-1503.04,-1509.06
4050.0,3050.0,-1492.79,-1503.17,-1509.17
4100.0,3050.0,-1493.09,-1503.31,-1509.29
4150.0,3050.0,-1493.39,-1503.46,-1509.43
4200.0,3050.0,-1493.71,-1503.62,-1509.6
4250.0,3050.0,-1494.05,-1503.79,-1509.8
4300.0,3050.0,-1494.39,-1503.98,-1510.02
4350.0,3050.0,-1494.75,-1504.17,-1510.27
4400.0,3050.0,-1495.12,-1504.38,-1510.54
4450.0,3050.0,-1495.51,-1504.61,-1510.84
4500.0,3050.0,-1495.92,-1504.84,-1511.16
4550.0,3050.0,-1496.34,-1505.08,-1511.5
4600.0,3050.0,-1496.77,-1505.33,-1511.85
4650.0,3050.0,-1497.22,-1505.59,-1512.21
4700.0,3050.0,-1497.69,-1505.85,-1512.58
4750.0,3050.0,-1498.17,-1506.13,-1512.95
4800.0,3050.0,-1498.66,-1506.41,-1513.33
4850.0,3050.0,-1499.17,-1506.69,-1513.71
4900.0,3050.0,-1499.68,-1506.99,-1514.09
4950.0,3050.0,-1500.2,-1507.29,-1514.48
5000.0,3050.0,-1500.73,-1507.59,-1514.86
0.0,3100.0,-1477.68,-1485.87,-1493.02
50.0,3100.0,-1477.93,-1485.71,-1492.61
100.0,3100.0,-1478.2,-1485.57,-1492.22
150.0,3100.0,-1478.49,-1485.48,-1491.86
200.0,3100.0,-1478.78,-1485.42,-1491.55
250.0,3100.0,-1479.09,-1485.4,-1491.28
300.0,3100.0,-1479.42,-1485.43,-1491.06
350.0,3100.0,-1479.75,-1485.52,-1490.9
400.0,3100.0,-1480.08,-1485.66,-1490.82
450.0,3100.0,-1480.43,-1485.86,-1490.8
500.0,3100.0,-1480.78,-1486.12,-1490.87
550.0,3100.0,-1481.13,-1486.44,-1491.02
600.0,3100.0,-1481.5,-1486.83,-1491.26
650.0,3100.0,-1481.86,-1487.28,-1491.59
700.0,3100.0,-1482.24,-1487.79,-1492.01
750.0,3100.0,-1482.61,-1488.36,-1492.51
800.0,3100.0,-1483.0,-1488.98,-1493.1
850.0,3100.0,-1483.39,-1489.65,-1493.76
900.0,3100.0,-1483.78,-1490.35,-1494.49
950.0,3100.0,-1484.18,-1491.09,-1495.28
1000.0,3100.0,-1484.59,-1491.84,-1496.12
1050.0,3100.0,-1484.99,-1492.59,-1496.99
1100.0,3100.0,-1485.41,-1493.34,-1497.88
1150.0,3100.0,-1485.82,-1494.08,-1498.77
1200.0,3100.0,-1486.24,-1494.79,-1499.67
1250.0,3100.0,-1486.65,-1495.46,-1500.54
1300.0,3100.0,-1487.06,-1496.09,-1501.38
1350.0,3100.0,-1487.46,-1496.66,-1502.19
1400.0,3100.0,-1487.86,-1497.19,-1502.94
1450.0,3100.0,-1488.25,-1497.65,-1503.64
1500.0,3100.0,-1488.62,-1498.06,-1504.27
1550.0,3100.0,-1488.98,-1498.41,-1504.84
1600.0,3100.0,-1489.32,-1498.7,-1505.35
1650.0,3100.0,-1489.63,-1498.94,-1505.78
1700.0,3100.0,-1489.93,-1499.13,-1506.14
1750.0,3100.0,-1490.2,-1499.28,-1506.43
1800.0,3100.0,-1490.44,-1499.39,-1506.66
1850.0,3100.0,-1490.65,-1499.46,-1506.82
1900.0,3100.0,-1490.83,-1499.5,-1506.91
1950.0,3100.0,-1490.98,-1499.52,-1506.94
2000.0,3100.0,-1491.1,-1499.5,-1506.91
2050.0,3100.0,-1491.19,-1499.46,-1506.82
2100.0,3100.0,-1491.25,-1499.4,-1506.68
2150.0,3100.0,-1491.27,-1499.32,-1506.48
2200.0,3100.0,-1491.27,-1499.21,-1506.24
2250.0,3100.0,-1491.24,-1499.08,-1505.96
2300.0,3100.0,-1491.18,-1498.94,-1505.65
2350.0,3100.0,-1491.1,-1498.79,-1505.31
2400.0,3100.0,-1491.0,-1498.62,-1504.95
2450.0,3100.0,-1490.89,-1498.45,-1504.59
2500.0,3100.0,-1490.76,-1498.28,-1504.24
2550.0,3100.0,-1490.63,-1498.11,-1503.91
2600.0,3100.0,-1490.49,-1497.96,-1503.6
2650.0,3100.0,-1490.34,-1497.83,-1503.33
2700.0,3100.0,-1490.2,-1497.73,-1503.12
2750.0,3100.0,-1490.06,-1497.67,-1502.97
2800.0,3100.0,-1489.93,-1497.64,-1502.88
2850.0,3100.0,-1489.81,-1497.66,-1502.87
2900.0,3100.0,-1489.71,-1497.73,-1502.93
2950.0,3100.0,-1489.62,-1497.85,-1503.07
3000.0,3100.0,-1489.54,-1498.01,-1503.27
3050.0,3100.0,-1489.49,-1498.22,-1503.54
3100.0,3100.0,-1489.45,-1498.47,-1503.86
3150.0,3100.0,-1489.44,-1498.75,-1504.23
3200.0,3100.0,-1489.44,-1499.05,-1504.62
3250.0,3100.0,-1489.47,-1499.38,-1505.04
3300.0,3100.0,-1489.52,-1499.71,-1505.46
3350.0,3100.0,-1489.59,-1500.04,-1505.88
3400.0,3100.0,-1489.68,-1500.36,-1506.28
3450.0,3100.0,-1489.79,-1500.67,-1506.65
3500.0,3100.0,-1489.91,-1500.95,-1506.99
3550.0,3100.0,-1490.06,-1501.22,-1507.28
3600.0,3100.0,-1490.21,-1501.45,-1507.53
3650.0,3100.0,-1490.38,-1501.66,-1507.74
3700.0,3100.0,-1490.57,-1501.85,-1507.91
3750.0,3100.0,-1490.77,-1502.01,-1508.04
3800.0,3100.0,-1490.98,-1502.14,-1508.15
3850.0,3100.0,-1491.2,-1502.27,-1508.22
3900.0,3100.0,-1491.43,-1502.37,-1508.29
3950.0,3100.0,-1491.67,-1502.48,-1508.34
4000.0,3100.0,-1491.92,-1502.58,-1508.4
4050.0,3100.0,-1492.18,-1502.68,-1508.47
4100.0,3100.0,-1492.46,-1502.79,-1508.56
4150.0,3100.0,-1492.74,-1502.91,-1508.66
4200.0,3100.0,-1493.04,-1503.04,-1508.8
4250.0,3100.0,-1493.35,-1503.18,-1508.96
4300.0,3100.0,-1493.68,-1503.34,-1509.15
4350.0,3100.0,-1494.02,-1503.52,-1509.37
4400.0,3100.0,-1494.37,-1503.71,-1509.63
4450.0,3100.0,-1494.74,-1503.91,-1509.91
4500.0,3100.0,-1495.13,-1504.13,-1510.22
4550.0,3100.0,-1495.54,-1504.36,-1510.54
4600.0,3100.0,-1495.96,-1504.61,-1510.89
4650.0,3100.0,-1496.4,-1504.86,-1511.25
4700.0,3100.0,-1496.85,-1505.13,-1511.63
4750.0,3100.0,-1497.32,-1505.41,-1512.01
4800.0,3100.0,-1497.81,-1505.69,-1512.39
4850.0,3100.0,-1498.3,-1505.98,-1512.78
4900.0,3100.0,-1498.81,-1506.28,-1513.17
4950.0,3100.0,-1499.33,-1506.59,-1513.56
5000.0,3100.0,-1499.85,-1506.9,-1513.95
0.0,3150.0,-1477.64,-1485.92,-1493.38
50.0,3150.0,-1477.89,-1485.76,-1492.98
100.0,3150.0,-1478.16,-1485.64,-1492.6
150.0,3150.0,-1478.45,-1485.56,-1492.25
200.0,3150.0,-1478.75,-1485.51,-1491.93
250.0,3150.0,-1479.07,-1485.5,-1491.66
300.0,3150.0,-1479.4,-1485.55,-1491.44
350.0,3150.0,-1479.74,-1485.64,-1491.27
400.0,3150.0,-1480.09,-1485.8,-1491.17
450.0,3150.0,-1480.45,-1486.01,-1491.14
500.0,3150.0,-1480.82,-1486.28,-1491.19
550.0,3150.0,-1481.19,-1486.62,-1491.32
600.0,3150.0,-1481.57,-1487.02,-1491.55
650.0,3150.0,-1481.96,-1487.49,-1491.86
700.0,3150.0,-1482.36,-1488.03,-1492.26
750.0,3150.0,-1482.76,-1488.62,-1492.76
800.0,3150.0,-1483.16,-1489.27,-1493.34
850.0,3150.0,-1483.58,-1489.96,-1493.99
900.0,3150.0,-1484.0,-1490.7,-1494.72
950.0,3150.0,-1484.42,-1491.46,-1495.51
1000.0,3150.0,-1484.85,-1492.25,-1496.35
1050.0,3150.0,-1485.28,-1493.04,-1497.22
1100.0,3150.0,-1485.72,-1493.82,-1498.12
1150.0,3150.0,-1486.15,-1494.58,-1499.03
1200.0,3150.0,-1486.58,-1495.32,-1499.94
1250.0,3150.0,-1487.02,-1496.02,-1500.82
1300.0,3150.0,-1487.44,-1496.67,-1501.68
1350.0,3150.0,-1487.86,-1497.27,-1502.49
1400.0,3150.0,-1488.26,-1497.81,-1503.26
1450.0,3150.0,-1488.66,-1498.29,-1503.97
1500.0,3150.0,-1489.04,-1498.7,-1504.61
1550.0,3150.0,-1489.4,-1499.06,-1505.19
1600.0,3150.0,-1489.73,-1499.35,-1505.69
1650.0,3150.0,-1490.05,-1499.58,-1506.13
1700.0,3150.0,-1490.34,-1499.76,-1506.49
1750.0,3150.0,-1490.6,-1499.9,-1506.78
1800.0,3150.0,-1490.83,-1499.98,-1506.99
1850.0,3150.0,-1491.03,-1500.03,-1507.14
1900.0,3150.0,-1491.19,-1500.04,-1507.22
1950.0,3150.0,-1491.32,-1500.02,-1507.23
2000.0,3150.0,-1491.42,-1499.97,-1507.18
2050.0,3150.0,-1491.49,-1499.89,-1507.07
2100.0,3150.0,-1491.52,-1499.78,-1506.9
2150.0,3150.0,-1491.52,-1499.65,-1506.68
2200.0,3150.0,-1491.49,-1499.5,-1506.4
2250.0,3150.0,-1491.43,-1499.33,-1506.09
2300.0,3150.0,-1491.35,-1499.14,-1505.74
2350.0,3150.0,-1491.25,-1498.94,-1505.37
2400.0,3150.0,-1491.12,-1498.73,-1504.98
2450.0,3150.0,-1490.99,-1498.51,-1504.58
2500.0,3150.0,-1490.83,-1498.3,-1504.19
2550.0,3150.0,-1490.67,-1498.1,-1503.82
2600.0,3150.0,-1490.51,-1497.92,-1503.48
2650.0,3150.0,-1490.34,-1497.76,-1503.19
2700.0,3150.0,-1490.18,-1497.64,-1502.94
2750.0,3150.0,-1490.02,-1497.55,-1502.76
2800.0,3150.0,-1489.87,-1497.51,-1502.65
2850.0,3150.0,-1489.73,-1497.51,-1502.62
2900.0,3150.0,-1489.6,-1497.57,-1502.66
2950.0,3150.0,-1489.49,-1497.68,-1502.77
3000.0,3150.0,-1489.4,-1497.83,-1502.96
3050.0,3150.0,-1489.32,-1498.03,-1503.22
3100.0,3150.0,-1489.27,-1498.28,-1503.53
3150.0,3150.0,-1489.24,-1498.55,-1503.88
3200.0,3150.0,-1489.22,-1498.85,-1504.27
3250.0,3150.0,-1489.23,-1499.17,-1504.68
3300.0,3150.0,-1489.26,-1499.49,-1505.1
3350.0,3150.0,-1489.31,-1499.82,-1505.51
3400.0,3150.0,-1489.38,-1500.13,-1505.9
3450.0,3150.0,-1489.46,-1500.43,-1506.26
3500.0,3150.0,-1489.57,-1500.71,-1506.58
3550.0,3150.0,-1489.69,-1500.96,-1506.87
3600.0,3150.0,-1489.82,-1501.18,-1507.11
3650.0,3150.0,-1489.97,-1501.37,-1507.3
3700.0,3150.0,-1490.13,-1501.54,-1507.45
3750.0,3150.0,-1490.3,-1501.68,-1507.56
3800.0,3150.0,-1490.49,-1501.79,-1507.63
3850.0,3150.0,-1490.68,-1501.89,-1507.68
3900.0,3150.0,-1490.89,-1501.97,-1507.71
3950.0,3150.0,-1491.1,-1502.05,-1507.74
4000.0,3150.0,-1491.33,-1502.12,-1507.76
4050.0,3150.0,-1491.57,-1502.19,-1507.79
4100.0,3150.0,-1491.82,-1502.27,-1507.84
4150.0,3150.0,-1492.08,-1502.36,-1507.9
4200.0,3150.0,-1492.36,-1502.46,-1508.0
4250.0,3150.0,-1492.65,-1502.57,-1508.13
4300.0,3150.0,-1492.96,-1502.71,-1508.29
4350.0,3150.0,-1493.28,-1502.86,-1508.49
4400.0,3150.0,-1493.61,-1503.03,-1508.72
4450.0,3150.0,-1493.97,-1503.22,-1508.98
4500.0,3150.0,-1494.34,-1503.42,-1509.27
4550.0,3150.0,-1494.74,-1503.65,-1509.6
4600.0,3150.0,-1495.15,-1503.88,-1509.94
4650.0,3150.0,-1495.57,-1504.14,-1510.3
4700.0,3150.0,-1496.02,-1504.41,-1510.68
4750.0,3150.0,-1496.48,-1504.69,-1511.07
4800.0,3150.0,-1496.96,-1504.98,-1511.47
4850.0,3150.0,-1497.45,-1505.28,-1511.86
4900.0,3150.0,-1497.95,-1505.59,-1512.27
4950.0,3150.0,-1498.46,-1505.9,-1512.66
5000.0,3150.0,-1498.97,-1506.22,-1513.06
0.0,3200.0,-1477.58,-1485.95,-1493.71
50.0,3200.0,-1477.83,-1485.81,-1493.33
100.0,3200.0,-1478.11,-1485.7,-1492.97
150.0,3200.0,-1478.4,-1485.63,-1492.64
200.0,3200.0,-1478.71,-1485.6,-1492.33
250.0,3200.0,-1479.04,-1485.6,-1492.06
300.0,3200.0,-1479.38,-1485.66,-1491.84
350.0,3200.0,-1479.73,-1485.77,-1491.67
400.0,3200.0,-1480.1,-1485.93,-1491.56
450.0,3200.0,-1480.47,-1486.16,-1491.52
500.0,3200.0,-1480.86,-1486.45,-1491.56
550.0,3200.0,-1481.25,-1486.8,-1491.68
600.0,3200.0,-1481.65,-1487.22,-1491.88
650.0,3200.0,-1482.06,-1487.71,-1492.18
700.0,3200.0,-1482.48,-1488.27,-1492.57
750.0,3200.0,-1482.9,-1488.88,-1493.06
800.0,3200.0,-1483.34,-1489.56,-1493.62
850.0,3200.0,-1483.78,-1490.28,-1494.27
900.0,3200.0,-1484.22,-1491.04,-1495.0
950.0,3200.0,-1484.67,-1491.84,-1495.78
1000.0,3200.0,-1485.12,-1492.65,-1496.62
1050.0,3200.0,-1485.58,-1493.47,-1497.5
1100.0,3200.0,-1486.04,-1494.29,-1498.41
1150.0,3200.0,-1486.49,-1495.08,-1499.32
1200.0,3200.0,-1486.95,-1495.85,-1500.24
1250.0,3200.0,-1487.4,-1496.58,-1501.13
1300.0,3200.0,-1487.84,-1497.26,-1502.0
1350.0,3200.0,-1488.27,-1497.88,-1502.83
1400.0,3200.0,-1488.69,-1498.43,-1503.6
1450.0,3200.0,-1489.09,-1498.93,-1504.32
1500.0,3200.0,-1489.47,-1499.35,-1504.97
1550.0,3200.0,-1489.83,-1499.71,-1505.56
1600.0,3200.0,-1490.17,-1500.0,-1506.07
1650.0,3200.0,-1490.48,-1500.23,-1506.5
1700.0,3200.0,-1490.77,-1500.4,-1506.86
1750.0,3200.0,-1491.02,-1500.52,-1507.15
1800.0,3200.0,-1491.24,-1500.59,-1507.36
1850.0,3200.0,-1491.42,-1500.61,-1507.49
1900.0,3200.0,-1491.57,-1500.6,-1507.56
1950.0,3200.0,-1491.68,-1500.54,-1507.55
2000.0,3200.0,-1491.76,-1500.45,-1507.48
2050.0,3200.0,-1491.8,-1500.33,-1507.35
2100.0,3200.0,-1491.81,-1500.18,-1507.15
2150.0,3200.0,-1491.79,-1500.01,-1506.9
2200.0,3200.0,-1491.74,-1499.81,-1506.6
2250.0,3200.0,-1491.65,-1499.6,-1506.25
2300.0,3200.0,-1491.55,-1499.37,-1505.87
2350.0,3200.0,-1491.42,-1499.12,-1505.46
2400.0,3200.0,-1491.27,-1498.87,-1505.03
2450.0,3200.0,-1491.1,-1498.62,-1504.6
2500.0,3200.0,-1490.93,-1498.37,-1504.18
2550.0,3200.0,-1490.74,-1498.14,-1503.78
2600.0,3200.0,-1490.55,-1497.92,-1503.41
2650.0,3200.0,-1490.36,-1497.74,-1503.08
2700.0,3200.0,-1490.18,-1497.59,-1502.81
2750.0,3200.0,-1489.99,-1497.48,-1502.6
2800.0,3200.0,-1489.82,-1497.42,-1502.46
2850.0,3200.0,-1489.66,-1497.41,-1502.41
2900.0,3200.0,-1489.51,-1497.45,-1502.43
2950.0,3200.0,-1489.38,-1497.55,-1502.52
3000.0,3200.0,-1489.27,-1497.69,-1502.7
3050.0,3200.0,-1489.17,-1497.89,-1502.94
3100.0,3200.0,-1489.1,-1498.12,-1503.23
3150.0,3200.0,-1489.05,-1498.39,-1503.58
3200.0,3200.0,-1489.01,-1498.68,-1503.95
3250.0,3200.0,-1489.0,-1498.99,-1504.35
3300.0,3200.0,-1489.01,-1499.3,-1504.76
3350.0,3200.0,-1489.04,-1499.62,-1505.16
3400.0,3200.0,-1489.08,-1499.92,-1505.54
3450.0,3200.0,-1489.15,-1500.21,-1505.89
3500.0,3200.0,-1489.23,-1500.47,-1506.21
3550.0,3200.0,-1489.32,-1500.71,-1506.48
3600.0,3200.0,-1489.43,-1500.91,-1506.7
3650.0,3200.0,-1489.56,-1501.09,-1506.88
3700.0,3200.0,-1489.69,-1501.23,-1507.01
3750.0,3200.0,-1489.84,-1501.35,-1507.09
3800.0,3200.0,-1490.0,-1501.44,-1507.14
3850.0,3200.0,-1490.17,-1501.52,-1507.16
3900.0,3200.0,-1490.35,-1501.57,-1507.16
3950.0,3200.0,-1490.54,-1501.62,-1507.15
4000.0,3200.0,-1490.75,-1501.66,-1507.14
4050.0,3200.0,-1490.96,-1501.7,-1507.13
4100.0,3200.0,-1491.19,-1501.75,-1507.14
4150.0,3200.0,-1491.43,-1501.81,-1507.17
4200.0,3200.0,-1491.68,-1501.88,-1507.23
4250.0,3200.0,-1491.95,-1501.97,-1507.32
4300.0,3200.0,-1492.24,-1502.08,-1507.45
4350.0,3200.0,-1492.54,-1502.21,-1507.62
4400.0,3200.0,-1492.86,-1502.36,-1507.82
4450.0,3200.0,-1493.2,-1502.53,-1508.07
4500.0,3200.0,-1493.56,-1502.72,-1508.35
4550.0,3200.0,-1493.94,-1502.94,-1508.66
4600.0,3200.0,-1494.34,-1503.17,-1509.0
4650.0,3200.0,-1494.76,-1503.42,-1509.36
4700.0,3200.0,-1495.19,-1503.69,-1509.74
4750.0,3200.0,-1495.64,-1503.98,-1510.14
4800.0,3200.0,-1496.11,-1504.28,-1510.55
4850.0,3200.0,-1496.59,-1504.59,-1510.96
4900.0,3200.0,-1497.09,-1504.91,-1511.37
4950.0,3200.0,-1497.59,-1505.23,-1511.78
5000.0,3200.0,-1498.1,-1505.55,-1512.19
0.0,3250.0,-1477.52,-1485.97,-1494.01
50.0,3250.0,-1477.78,-1485.84,-1493.66
100.0,3250.0,-1478.06,-1485.75,-1493.33
150.0,3250.0,-1478.36,-1485.7,-1493.02
200.0,3250.0,-1478.67,-1485.68,-1492.73
250.0,3250.0,-1479.01,-1485.7,-1492.47
300.0,3250.0,-1479.36,-1485.78,-1492.25
350.0,3250.0,-1479.73,-1485.9,-1492.09
400.0,3250.0,-1480.1,-1486.08,-1491.98
450.0,3250.0,-1480.49,-1486.32,-1491.93
500.0,3250.0,-1480.9,-1486.62,-1491.96
550.0,3250.0,-1481.31,-1486.99,-1492.07
600.0,3250.0,-1481.73,-1487.43,-1492.27
650.0,3250.0,-1482.16,-1487.94,-1492.56
700.0,3250.0,-1482.61,-1488.51,-1492.93
750.0,3250.0,-1483.06,-1489.15,-1493.4
800.0,3250.0,-1483.51,-1489.85,-1493.96
850.0,3250.0,-1483.98,-1490.59,-1494.6
900.0,3250.0,-1484.45,-1491.39,-1495.32
950.0,3250.0,-1484.93,-1492.21,-1496.1
1000.0,3250.0,-1485.4,-1493.05,-1496.94
1050.0,3250.0,-1485.89,-1493.9,-1497.82
1100.0,3250.0,-1486.37,-1494.75,-1498.73
1150.0,3250.0,-1486.85,-1495.57,-1499.65
1200.0,3250.0,-1487.32,-1496.37,-1500.57
1250.0,3250.0,-1487.79,-1497.12,-1501.47
1300.0,3250.0,-1488.25,-1497.83,-1502.35
1350.0,3250.0,-1488.69,-1498.47,-1503.19
1400.0,3250.0,-1489.12,-1499.05,-1503.97
1450.0,3250.0,-1489.53,-1499.55,-1504.7
1500.0,3250.0,-1489.92,-1499.99,-1505.36
1550.0,3250.0,-1490.29,-1500.36,-1505.95
1600.0,3250.0,-1490.62,-1500.65,-1506.46
1650.0,3250.0,-1490.93,-1500.88,-1506.9
1700.0,3250.0,-1491.21,-1501.04,-1507.26
1750.0,3250.0,-1491.45,-1501.15,-1507.54
1800.0,3250.0,-1491.66,-1501.2,-1507.74
1850.0,3250.0,-1491.83,-1501.2,-1507.87
1900.0,3250.0,-1491.96,-1501.16,-1507.92
1950.0,3250.0,-1492.06,-1501.07,-1507.9
2000.0,3250.0,-1492.12,-1500.95,-1507.81
2050.0,3250.0,-1492.14,-1500.79,-1507.65
2100.0,3250.0,-1492.13,-1500.61,-1507.43
2150.0,3250.0,-1492.08,-1500.39,-1507.15
2200.0,3250.0,-1492.0,-1500.15,-1506.82
2250.0,3250.0,-1491.9,-1499.89,-1506.44
2300.0,3250.0,-1491.76,-1499.62,-1506.03
2350.0,3250.0,-1491.61,-1499.34,-1505.59
2400.0,3250.0,-1491.43,-1499.05,-1505.13
2450.0,3250.0,-1491.24,-1498.76,-1504.67
2500.0,3250.0,-1491.04,-1498.48,-1504.21
2550.0,3250.0,-1490.83,-1498.21,-1503.78
2600.0,3250.0,-1490.62,-1497.97,-1503.37
2650.0,3250.0,-1490.41,-1497.76,-1503.02
2700.0,3250.0,-1490.2,-1497.59,-1502.72
2750.0,3250.0,-1489.99,-1497.46,-1502.49
2800.0,3250.0,-1489.8,-1497.38,-1502.33
2850.0,3250.0,-1489.61,-1497.36,-1502.25
2900.0,3250.0,-1489.45,-1497.39,-1502.24
2950.0,3250.0,-1489.29,-1497.47,-1502.32
3000.0,3250.0,-1489.16,-1497.6,-1502.48
3050.0,3250.0,-1489.05,-1497.78,-1502.7
3100.0,3250.0,-1488.95,-1498.0,-1502.98
3150.0,3250.0,-1488.88,-1498.26,-1503.31
3200.0,3250.0,-1488.82,-1498.54,-1503.67
3250.0,3250.0,-1488.79,-1498.84,-1504.06
3300.0,3250.0,-1488.78,-1499.14,-1504.46
3350.0,3250.0,-1488.78,-1499.44,-1504.84
3400.0,3250.0,-1488.8,-1499.73,-1505.21
3450.0,3250.0,-1488.84,-1500.0,-1505.56
3500.0,3250.0,-1488.9,-1500.25,-1505.86
3550.0,3250.0,-1488.97,-1500.47,-1506.12
3600.0,3250.0,-1489.06,-1500.65,-1506.33
3650.0,3250.0,-1489.16,-1500.81,-1506.48
3700.0,3250.0,-1489.27,-1500.93,-1506.6
3750.0,3250.0,-1489.39,-1501.03,-1506.66
3800.0,3250.0,-1489.52,-1501.1,-1506.69
3850.0,3250.0,-1489.67,-1501.15,-1506.68
3900.0,3250.0,-1489.82,-1501.18,-1506.65
3950.0,3250.0,-1489.99,-1501.2,-1506.6
4000.0,3250.0,-1490.17,-1501.21,-1506.55
4050.0,3250.0,-1490.36,-1501.22,-1506.51
4100.0,3250.0,-1490.56,-1501.24,-1506.48
4150.0,3250.0,-1490.78,-1501.27,-1506.47
4200.0,3250.0,-1491.01,-1501.31,-1506.49
4250.0,3250.0,-1491.26,-1501.38,-1506.54
4300.0,3250.0,-1491.53,-1501.46,-1506.64
4350.0,3250.0,-1491.82,-1501.56,-1506.77
4400.0,3250.0,-1492.12,-1501.69,-1506.95
4450.0,3250.0,-1492.45,-1501.85,-1507.17
4500.0,3250.0,-1492.79,-1502.03,-1507.44
4550.0,3250.0,-1493.16,-1502.24,-1507.74
4600.0,3250.0,-1493.55,-1502.47,-1508.07
4650.0,3250.0,-1493.95,-1502.72,-1508.44
4700.0,3250.0,-1494.38,-1502.99,-1508.82
4750.0,3250.0,-1494.82,-1503.28,-1509.23
4800.0,3250.0,-1495.28,-1503.59,-1509.65
4850.0,3250.0,-1495.76,-1503.91,-1510.07
4900.0,3250.0,-1496.25,-1504.23,-1510.5
4950.0,3250.0,-1496.75,-1504.57,-1510.92
5000.0,3250.0,-1497.25,-1504.9,-1511.34
0.0,3300.0,-1477.46,-1485.98,-1494.26
50.0,3300.0,-1477.72,-1485.87,-1493.96
100.0,3300.0,-1478.0,-1485.8,-1493.66
150.0,3300.0,-1478.31,-1485.76,-1493.37
200.0,3300.0,-1478.63,-1485.76,-1493.11
250.0,3300.0,-1478.98,-1485.8,-1492.87
300.0,3300.0,-1479.34,-1485.89,-1492.67
350.0,3300.0,-1479.72,-1486.03,-1492.52
400.0,3300.0,-1480.11,-1486.22,-1492.41
450.0,3300.0,-1480.51,-1486.48,-1492.37
500.0,3300.0,-1480.93,-1486.8,-1492.4
550.0,3300.0,-1481.37,-1487.18,-1492.51
600.0,3300.0,-1481.81,-1487.64,-1492.7
650.0,3300.0,-1482.27,-1488.16,-1492.97
700.0,3300.0,-1482.73,-1488.75,-1493.34
750.0,3300.0,-1483.21,-1489.41,-1493.8
800.0,3300.0,-1483.69,-1490.13,-1494.35
850.0,3300.0,-1484.18,-1490.9,-1494.98
900.0,3300.0,-1484.68,-1491.72,-1495.69
950.0,3300.0,-1485.18,-1492.57,-1496.47
1000.0,3300.0,-1485.69,-1493.44,-1497.3
1050.0,3300.0,-1486.2,-1494.32,-1498.18
1100.0,3300.0,-1486.7,-1495.19,-1499.09
1150.0,3300.0,-1487.2,-1496.05,-1500.01
1200.0,3300.0,-1487.7,-1496.87,-1500.93
1250.0,3300.0,-1488.19,-1497.65,-1501.84
1300.0,3300.0,-1488.66,-1498.38,-1502.73
1350.0,3300.0,-1489.12,-1499.04,-1503.57
1400.0,3300.0,-1489.56,-1499.64,-1504.36
1450.0,3300.0,-1489.98,-1500.17,-1505.09
1500.0,3300.0,-1490.38,-1500.62,-1505.76
1550.0,3300.0,-1490.75,-1500.99,-1506.36
1600.0,3300.0,-1491.09,-1501.29,-1506.87
1650.0,3300.0,-1491.39,-1501.52,-1507.31
1700.0,3300.0,-1491.67,-1501.68,-1507.67
1750.0,3300.0,-1491.9,-1501.77,-1507.95
1800.0,3300.0,-1492.1,-1501.81,-1508.15
1850.0,3300.0,-1492.26,-1501.79,-1508.26
1900.0,3300.0,-1492.37,-1501.72,-1508.3
1950.0,3300.0,-1492.45,-1501.61,-1508.27
2000.0,3300.0,-1492.49,-1501.45,-1508.16
2050.0,3300.0,-1492.5,-1501.26,-1507.98
2100.0,3300.0,-1492.46,-1501.04,-1507.74
2150.0,3300.0,-1492.39,-1500.78,-1507.43
2200.0,3300.0,-1492.29,-1500.51,-1507.07
2250.0,3300.0,-1492.16,-1500.21,-1506.67
2300.0,3300.0,-1492.0,-1499.9,-1506.22
2350.0,3300.0,-1491.82,-1499.57,-1505.75
2400.0,3300.0,-1491.62,-1499.25,-1505.26
2450.0,3300.0,-1491.41,-1498.93,-1504.77
2500.0,3300.0,-1491.18,-1498.62,-1504.28
2550.0,3300.0,-1490.95,-1498.32,-1503.82
2600.0,3300.0,-1490.71,-1498.06,-1503.39
2650.0,3300.0,-1490.47,-1497.83,-1503.01
2700.0,3300.0,-1490.24,-1497.63,-1502.68
2750.0,3300.0,-1490.01,-1497.49,-1502.42
2800.0,3300.0,-1489.8,-1497.39,-1502.24
2850.0,3300.0,-1489.59,-1497.35,-1502.14
2900.0,3300.0,-1489.4,-1497.37,-1502.12
2950.0,3300.0,-1489.23,-1497.44,-1502.17
3000.0,3300.0,-1489.07,-1497.56,-1502.31
3050.0,3300.0,-1488.94,-1497.72,-1502.51
3100.0,3300.0,-1488.82,-1497.93,-1502.78
3150.0,3300.0,-1488.73,-1498.17,-1503.09
3200.0,3300.0,-1488.65,-1498.44,-1503.44
3250.0,3300.0,-1488.59,-1498.72,-1503.81
3300.0,3300.0,-1488.56,-1499.0,-1504.19
3350.0,3300.0,-1488.54,-1499.29,-1504.57
3400.0,3300.0,-1488.54,-1499.56,-1504.92
3450.0,3300.0,-1488.56,-1499.81,-1505.25
3500.0,3300.0,-1488.59,-1500.04,-1505.54
3550.0,3300.0,-1488.63,-1500.24,-1505.79
3600.0,3300.0,-1488.69,-1500.4,-1505.98
3650.0,3300.0,-1488.77,-1500.54,-1506.13
3700.0,3300.0,-1488.85,-1500.64,-1506.22
3750.0,3300.0,-1488.95,-1500.71,-1506.26
3800.0,3300.0,-1489.06,-1500.76,-1506.27
3850.0,3300.0,-1489.17,-1500.78,-1506.23
3900.0,3300.0,-1489.3,-1500.79,-1506.17
3950.0,3300.0,-1489.45,-1500.78,-1506.1
4000.0,3300.0,-1489.6,-1500.77,-1506.01
4050.0,3300.0,-1489.77,-1500.75,-1505.93
4100.0,3300.0,-1489.95,-1500.74,-1505.86
4150.0,3300.0,-1490.15,-1500.74,-1505.81
4200.0,3300.0,-1490.36,-1500.76,-1505.79
4250.0,3300.0,-1490.59,-1500.79,-1505.81
4300.0,3300.0,-1490.84,-1500.85,-1505.87
4350.0,3300.0,-1491.11,-1500.94,-1505.97
4400.0,3300.0,-1491.4,-1501.05,-1506.12
4450.0,3300.0,-1491.71,-1501.19,-1506.31
4500.0,3300.0,-1492.04,-1501.35,-1506.56
4550.0,3300.0,-1492.4,-1501.55,-1506.84
4600.0,3300.0,-1492.77,-1501.78,-1507.17
4650.0,3300.0,-1493.17,-1502.03,-1507.53
4700.0,3300.0,-1493.59,-1502.3,-1507.92
4750.0,3300.0,-1494.02,-1502.6,-1508.34
4800.0,3300.0,-1494.48,-1502.91,-1508.77
4850.0,3300.0,-1494.95,-1503.24,-1509.21
4900.0,3300.0,-1495.43,-1503.58,-1509.65
4950.0,3300.0,-1495.92,-1503.92,-1510.09
5000.0,3300.0,-1496.42,-1504.27,-1510.52
0.0,3350.0,-1477.4,-1485.98,-1494.47
50.0,3350.0,-1477.66,-1485.9,-1494.21
100.0,3350.0,-1477.94,-1485.85,-1493.95
150.0,3350.0,-1478.25,-1485.83,-1493.7
200.0,3350.0,-1478.59,-1485.85,-1493.47
250.0,3350.0,-1478.94,-1485.91,-1493.26
300.0,3350.0,-1479.31,-1486.01,-1493.09
350.0,3350.0,-1479.7,-1486.17,-1492.95
400.0,3350.0,-1480.11,-1486.37,-1492.86
450.0,3350.0,-1480.53,-1486.64,-1492.82
500.0,3350.0,-1480.97,-1486.98,-1492.86
550.0,3350.0,-1481.42,-1487.38,-1492.96
600.0,3350.0,-1481.89,-1487.85,-1493.15
650.0,3350.0,-1482.37,-1488.39,-1493.42
700.0,3350.0,-1482.86,-1489.0,-1493.78
750.0,3350.0,-1483.36,-1489.68,-1494.24
800.0,3350.0,-1483.87,-1490.41,-1494.78
850.0,3350.0,-1484.39,-1491.21,-1495.4
900.0,3350.0,-1484.91,-1492.05,-1496.1
950.0,3350.0,-1485.44,-1492.92,-1496.87
1000.0,3350.0,-1485.97,-1493.81,-1497.7
1050.0,3350.0,-1486.51,-1494.72,-1498.58
1100.0,3350.0,-1487.04,-1495.62,-1499.48
1150.0,3350.0,-1487.56,-1496.5,-1500.4
1200.0,3350.0,-1488.08,-1497.35,-1501.33
1250.0,3350.0,-1488.59,-1498.15,-1502.24
1300.0,3350.0,-1489.08,-1498.91,-1503.12
1350.0,3350.0,-1489.55,-1499.59,-1503.97
1400.0,3350.0,-1490.01,-1500.21,-1504.77
1450.0,3350.0,-1490.44,-1500.75,-1505.51
1500.0,3350.0,-1490.84,-1501.22,-1506.18
1550.0,3350.0,-1491.21,-1501.6,-1506.78
1600.0,3350.0,-1491.56,-1501.9,-1507.3
1650.0,3350.0,-1491.86,-1502.13,-1507.74
1700.0,3350.0,-1492.13,-1502.29,-1508.1
1750.0,3350.0,-1492.36,-1502.38,-1508.37
1800.0,3350.0,-1492.54,-1502.4,-1508.57
1850.0,3350.0,-1492.69,-1502.36,-1508.68
1900.0,3350.0,-1492.8,-1502.27,-1508.7
1950.0,3350.0,-1492.86,-1502.13,-1508.65
2000.0,3350.0,-1492.88,-1501.95,-1508.53
2050.0,3350.0,-1492.86,-1501.73,-1508.33
2100.0,3350.0,-1492.81,-1501.47,-1508.06
2150.0,3350.0,-1492.72,-1501.18,-1507.74
2200.0,3350.0,-1492.59,-1500.87,-1507.35
2250.0,3350.0,-1492.44,-1500.54,-1506.92
2300.0,3350.0,-1492.26,-1500.19,-1506.45
2350.0,3350.0,-1492.05,-1499.83,-1505.95
2400.0,3350.0,-1491.83,-1499.48,-1505.44
2450.0,3350.0,-1491.59,-1499.12,-1504.92
2500.0,3350.0,-1491.34,-1498.79,-1504.4
2550.0,3350.0,-1491.08,-1498.47,-1503.91
2600.0,3350.0,-1490.82,-1498.18,-1503.46
2650.0,3350.0,-1490.56,-1497.93,-1503.05
2700.0,3350.0,-1490.31,-1497.72,-1502.7
2750.0,3350.0,-1490.06,-1497.56,-1502.42
2800.0,3350.0,-1489.82,-1497.45,-1502.22
2850.0,3350.0,-1489.59,-1497.4,-1502.09
2900.0,3350.0,-1489.38,-1497.4,-1502.04
2950.0,3350.0,-1489.19,-1497.45,-1502.08
3000.0,3350.0,-1489.01,-1497.56,-1502.19
3050.0,3350.0,-1488.85,-1497.71,-1502.38
3100.0,3350.0,-1488.72,-1497.9,-1502.62
3150.0,3350.0,-1488.6,-1498.13,-1502.92
3200.0,3350.0,-1488.5,-1498.37,-1503.25
3250.0,3350.0,-1488.42,-1498.63,-1503.6
3300.0,3350.0,-1488.36,-1498.9,-1503.97
3350.0,3350.0,-1488.32,-1499.16,-1504.33
3400.0,3350.0,-1488.3,-1499.41,-1504.67
3450.0,3350.0,-1488.29,-1499.64,-1504.98
3500.0,3350.0,-1488.29,-1499.85,-1505.26
3550.0,3350.0,-1488.32,-1500.02,-1505.49
3600.0,3350.0,-1488.35,-1500.17,-1505.67
3650.0,3350.0,-1488.4,-1500.28,-1505.8
3700.0,3350.0,-1488.46,-1500.36,-1505.88
3750.0,3350.0,-1488.53,-1500.41,-1505.91
3800.0,3350.0,-1488.61,-1500.43,-1505.89
3850.0,3350.0,-1488.7,-1500.43,-1505.83
3900.0,3350.0,-1488.81,-1500.41,-1505.75
3950.0,3350.0,-1488.93,-1500.38,-1505.64
4000.0,3350.0,-1489.06,-1500.34,-1505.52
4050.0,3350.0,-1489.2,-1500.3,-1505.4
4100.0,3350.0,-1489.36,-1500.26,-1505.3
4150.0,3350.0,-1489.54,-1500.23,-1505.21
4200.0,3350.0,-1489.73,-1500.22,-1505.15
4250.0,3350.0,-1489.94,-1500.23,-1505.13
4300.0,3350.0,-1490.18,-1500.27,-1505.15
4350.0,3350.0,-1490.43,-1500.33,-1505.21
4400.0,3350.0,-1490.7,-1500.42,-1505.33
4450.0,3350.0,-1491.0,-1500.54,-1505.5
4500.0,3350.0,-1491.32,-1500.7,-1505.72
4550.0,3350.0,-1491.66,-1500.89,-1505.99
4600.0,3350.0,-1492.03,-1501.11,-1506.3
4650.0,3350.0,-1492.41,-1501.36,-1506.66
4700.0,3350.0,-1492.82,-1501.63,-1507.05
4750.0,3350.0,-1493.25,-1501.94,-1507.47
4800.0,3350.0,-1493.7,-1502.26,-1507.91
4850.0,3350.0,-1494.16,-1502.59,-1508.36
4900.0,3350.0,-1494.64,-1502.94,-1508.82
4950.0,3350.0,-1495.13,-1503.3,-1509.27
5000.0,3350.0,-1495.62,-1503.65,-1509.72
0.0,3400.0,-1477.33,-1485.98,-1494.62
50.0,3400.0,-1477.59,-1485.92,-1494.41
100.0,3400.0,-1477.88,-1485.89,-1494.19
150.0,3400.0,-1478.2,-1485.89,-1493.99
200.0,3400.0,-1478.54,-1485.93,-1493.8
250.0,3400.0,-1478.9,-1486.01,-1493.62
300.0,3400.0,-1479.28,-1486.13,-1493.48
350.0,3400.0,-1479.68,-1486.3,-1493.36
400.0,3400.0,-1480.11,-1486.53,-1493.29
450.0,3400.0,-1480.55,-1486.81,-1493.27
500.0,3400.0,-1481.0,-1487.16,-1493.32
550.0,3400.0,-1481.47,-1487.58,-1493.43
600.0,3400.0,-1481.96,-1488.06,-1493.62
650.0,3400.0,-1482.46,-1488.62,-1493.89
700.0,3400.0,-1482.98,-1489.24,-1494.25
750.0,3400.0,-1483.51,-1489.94,-1494.7
800.0,3400.0,-1484.04,-1490.69,-1495.23
850.0,3400.0,-1484.59,-1491.5,-1495.85
900.0,3400.0,-1485.14,-1492.36,-1496.54
950.0,3400.0,-1485.7,-1493.26,-1497.31
1000.0,3400.0,-1486.25,-1494.17,-1498.13
1050.0,3400.0,-1486.81,-1495.1,-1499.0
1100.0,3400.0,-1487.37,-1496.02,-1499.9
1150.0,3400.0,-1487.92,-1496.93,-1500.82
1200.0,3400.0,-1488.46,-1497.8,-1501.74
1250.0,3400.0,-1488.98,-1498.63,-1502.66
1300.0,3400.0,-1489.49,-1499.4,-1503.54
1350.0,3400.0,-1489.98,-1500.11,-1504.39
1400.0,3400.0,-1490.45,-1500.75,-1505.19
1450.0,3400.0,-1490.89,-1501.31,-1505.94
1500.0,3400.0,-1491.3,-1501.79,-1506.61
1550.0,3400.0,-1491.68,-1502.18,-1507.21
1600.0,3400.0,-1492.03,-1502.49,-1507.74
1650.0,3400.0,-1492.33,-1502.72,-1508.18
1700.0,3400.0,-1492.59,-1502.88,-1508.54
1750.0,3400.0,-1492.82,-1502.96,-1508.81
1800.0,3400.0,-1493.0,-1502.97,-1508.99
1850.0,3400.0,-1493.13,-1502.92,-1509.1
1900.0,3400.0,-1493.22,-1502.81,-1509.11
1950.0,3400.0,-1493.27,-1502.65,-1509.05
2000.0,3400.0,-1493.28,-1502.44,-1508.91
2050.0,3400.0,-1493.24,-1502.18,-1508.7
2100.0,3400.0,-1493.17,-1501.9,-1508.41
2150.0,3400.0,-1493.06,-1501.58,-1508.06
2200.0,3400.0,-1492.91,-1501.23,-1507.66
2250.0,3400.0,-1492.73,-1500.87,-1507.2
2300.0,3400.0,-1492.53,-1500.49,-1506.71
2350.0,3400.0,-1492.3,-1500.1,-1506.19
2400.0,3400.0,-1492.06,-1499.72,-1505.65
2450.0,3400.0,-1491.8,-1499.34,-1505.1
2500.0,3400.0,-1491.52,-1498.98,-1504.57
2550.0,3400.0,-1491.24,-1498.64,-1504.06
2600.0,3400.0,-1490.96,-1498.34,-1503.58
2650.0,3400.0,-1490.68,-1498.07,-1503.15
2700.0,3400.0,-1490.4,-1497.85,-1502.78
2750.0,3400.0,-1490.13,-1497.67,-1502.48
2800.0,3400.0,-1489.87,-1497.55,-1502.25
2850.0,3400.0,-1489.62,-1497.49,-1502.1
2900.0,3400.0,-1489.39,-1497.48,-1502.03
2950.0,3400.0,-1489.17,-1497.52,-1502.05
3000.0,3400.0,-1488.97,-1497.61,-1502.14
3050.0,3400.0,-1488.8,-1497.74,-1502.3
3100.0,3400.0,-1488.64,-1497.92,-1502.52
3150.0,3400.0,-1488.5,-1498.12,-1502.79
3200.0,3400.0,-1488.38,-1498.35,-1503.1
3250.0,3400.0,-1488.27,-1498.59,-1503.44
3300.0,3400.0,-1488.19,-1498.83,-1503.78
3350.0,3400.0,-1488.13,-1499.07,-1504.13
3400.0,3400.0,-1488.08,-1499.29,-1504.45
3450.0,3400.0,-1488.04,-1499.5,-1504.75
3500.0,3400.0,-1488.03,-1499.68,-1505.01
3550.0,3400.0,-1488.02,-1499.83,-1505.23
3600.0,3400.0,-1488.03,-1499.95,-1505.4
3650.0,3400.0,-1488.05,-1500.04,-1505.52
3700.0,3400.0,-1488.09,-1500.09,-1505.58
3750.0,3400.0,-1488.13,-1500.12,-1505.59
3800.0,3400.0,-1488.19,-1500.12,-1505.55
3850.0,3400.0,-1488.26,-1500.09,-1505.48
3900.0,3400.0,-1488.34,-1500.05,-1505.37
3950.0,3400.0,-1488.43,-1499.99,-1505.23
4000.0,3400.0,-1488.54,-1499.92,-1505.09
4050.0,3400.0,-1488.66,-1499.85,-1504.94
4100.0,3400.0,-1488.8,-1499.79,-1504.79
4150.0,3400.0,-1488.96,-1499.74,-1504.67
4200.0,3400.0,-1489.13,-1499.71,-1504.57
4250.0,3400.0,-1489.32,-1499.69,-1504.5
4300.0,3400.0,-1489.54,-1499.7,-1504.48
4350.0,3400.0,-1489.78,-1499.74,-1504.51
4400.0,3400.0,-1490.04,-1499.82,-1504.6
4450.0,3400.0,-1490.32,-1499.92,-1504.73
4500.0,3400.0,-1490.63,-1500.07,-1504.93
4550.0,3400.0,-1490.96,-1500.25,-1505.18
4600.0,3400.0,-1491.32,-1500.46,-1505.48
4650.0,3400.0,-1491.7,-1500.71,-1505.82
4700.0,3400.0,-1492.1,-1500.99,-1506.21
4750.0,3400.0,-1492.52,-1501.3,-1506.63
4800.0,3400.0,-1492.96,-1501.62,-1507.08
4850.0,3400.0,-1493.41,-1501.97,-1507.54
4900.0,3400.0,-1493.89,-1502.33,-1508.01
4950.0,3400.0,-1494.37,-1502.69,-1508.48
5000.0,3400.0,-1494.86,-1503.06,-1508.95
0.0,3450.0,-1477.26,-1485.97,-1494.71
50.0,3450.0,-1477.52,-1485.94,-1494.55
100.0,3450.0,-1477.82,-1485.93,-1494.38
150.0,3450.0,-1478.14,-1485.96,-1494.22
200.0,3450.0,-1478.48,-1486.02,-1494.07
250.0,3450.0,-1478.85,-1486.12,-1493.94
300.0,3450.0,-1479.25,-1486.26,-1493.83
350.0,3450.0,-1479.66,-1486.45,-1493.75
400.0,3450.0,-1480.1,-1486.69,-1493.7
450.0,3450.0,-1480.55,-1486.99,-1493.71
500.0,3450.0,-1481.03,-1487.35,-1493.77
550.0,3450.0,-1481.52,-1487.78,-1493.89
600.0,3450.0,-1482.03,-1488.27,-1494.09
650.0,3450.0,-1482.55,-1488.84,-1494.37
700.0,3450.0,-1483.09,-1489.48,-1494.73
750.0,3450.0,-1483.65,-1490.19,-1495.18
800.0,3450.0,-1484.21,-1490.96,-1495.71
850.0,3450.0,-1484.78,-1491.79,-1496.32
900.0,3450.0,-1485.36,-1492.66,-1497.01
950.0,3450.0,-1485.94,-1493.57,-1497.77
1000.0,3450.0,-1486.53,-1494.51,-1498.58
1050.0,3450.0,-1487.11,-1495.46,-1499.45
1100.0,3450.0,-1487.69,-1496.4,-1500.34
1150.0,3450.0,-1488.27,-1497.33,-1501.26
1200.0,3450.0,-1488.83,-1498.22,-1502.18
1250.0,3450.0,-1489.37,-1499.07,-1503.09
1300.0,3450.0,-1489.9,-1499.87,-1503.98
1350.0,3450.0,-1490.41,-1500.6,-1504.83
1400.0,3450.0,-1490.89,-1501.25,-1505.63
1450.0,3450.0,-1491.34,-1501.83,-1506.37
1500.0,3450.0,-1491.76,-1502.32,-1507.05
1550.0,3450.0,-1492.15,-1502.72,-1507.65
1600.0,3450.0,-1492.49,-1503.04,-1508.18
1650.0,3450.0,-1492.8,-1503.28,-1508.62
1700.0,3450.0,-1493.06,-1503.43,-1508.97
1750.0,3450.0,-1493.28,-1503.51,-1509.24
1800.0,3450.0,-1493.45,-1503.51,-1509.42
1850.0,3450.0,-1493.58,-1503.45,-1509.52
1900.0,3450.0,-1493.66,-1503.32,-1509.53
1950.0,3450.0,-1493.69,-1503.14,-1509.45
2000.0,3450.0,-1493.68,-1502.9,-1509.3
2050.0,3450.0,-1493.63,-1502.63,-1509.07
2100.0,3450.0,-1493.54,-1502.31,-1508.77
2150.0,3450.0,-1493.41,-1501.96,-1508.4
2200.0,3450.0,-1493.24,-1501.59,-1507.98
2250.0,3450.0,-1493.04,-1501.19,-1507.5
2300.0,3450.0,-1492.82,-1500.79,-1506.99
2350.0,3450.0,-1492.57,-1500.38,-1506.45
2400.0,3450.0,-1492.3,-1499.97,-1505.89
2450.0,3450.0,-1492.02,-1499.57,-1505.33
2500.0,3450.0,-1491.73,-1499.19,-1504.78
2550.0,3450.0,-1491.43,-1498.84,-1504.25
2600.0,3450.0,-1491.12,-1498.52,-1503.75
2650.0,3450.0,-1490.82,-1498.24,-1503.3
2700.0,3450.0,-1490.52,-1498.01,-1502.91
2750.0,3450.0,-1490.23,-1497.83,-1502.59
2800.0,3450.0,-1489.95,-1497.7,-1502.34
2850.0,3450.0,-1489.68,-1497.62,-1502.17
2900.0,3450.0,-1489.42,-1497.6,-1502.09
2950.0,3450.0,-1489.19,-1497.63,-1502.08
3000.0,3450.0,-1488.97,-1497.7,-1502.14
3050.0,3450.0,-1488.77,-1497.82,-1502.28
3100.0,3450.0,-1488.59,-1497.98,-1502.48
3150.0,3450.0,-1488.43,-1498.16,-1502.73
3200.0,3450.0,-1488.28,-1498.36,-1503.01
3250.0,3450.0,-1488.16,-1498.58,-1503.32
3300.0,3450.0,-1488.05,-1498.79,-1503.65
3350.0,3450.0,-1487.96,-1499.0,-1503.97
3400.0,3450.0,-1487.89,-1499.2,-1504.27
3450.0,3450.0,-1487.83,-1499.38,-1504.56
3500.0,3450.0,-1487.79,-1499.53,-1504.8
3550.0,3450.0,-1487.76,-1499.66,-1505.01
3600.0,3450.0,-1487.74,-1499.75,-1505.16
3650.0,3450.0,-1487.74,-1499.81,-1505.27
3700.0,3450.0,-1487.75,-1499.84,-1505.32
3750.0,3450.0,-1487.76,-1499.84,-1505.31
3800.0,3450.0,-1487.8,-1499.82,-1505.26
3850.0,3450.0,-1487.84,-1499.77,-1505.17
3900.0,3450.0,-1487.9,-1499.7,-1505.04
3950.0,3450.0,-1487.97,-1499.62,-1504.88
4000.0,3450.0,-1488.05,-1499.53,-1504.71
4050.0,3450.0,-1488.15,-1499.44,-1504.53
4100.0,3450.0,-1488.27,-1499.35,-1504.35
4150.0,3450.0,-1488.41,-1499.27,-1504.19
4200.0,3450.0,-1488.56,-1499.21,-1504.05
4250.0,3450.0,-1488.74,-1499.18,-1503.95
4300.0,3450.0,-1488.94,-1499.17,-1503.89
4350.0,3450.0,-1489.16,-1499.19,-1503.88
4400.0,3450.0,-1489.41,-1499.24,-1503.93
4450.0,3450.0,-1489.68,-1499.34,-1504.03
4500.0,3450.0,-1489.98,-1499.47,-1504.2
4550.0,3450.0,-1490.3,-1499.64,-1504.42
4600.0,3450.0,-1490.65,-1499.85,-1504.7
4650.0,3450.0,-1491.02,-1500.09,-1505.04
4700.0,3450.0,-1491.41,-1500.37,-1505.42
4750.0,3450.0,-1491.83,-1500.68,-1505.84
4800.0,3450.0,-1492.26,-1501.02,-1506.29
4850.0,3450.0,-1492.71,-1501.37,-1506.76
4900.0,3450.0,-1493.18,-1501.74,-1507.24
4950.0,3450.0,-1493.65,-1502.11,-1507.72
5000.0,3450.0,-1494.14,-1502.49,-1508.2
0.0,3500.0,-1477.18,-1485.96,-1494.74
50.0,3500.0,-1477.45,-1485.95,-1494.62
100.0,3500.0,-1477.74,-1485.97,-1494.51
150.0,3500.0,-1478.07,-1486.02,-1494.4
200.0,3500.0,-1478.42,-1486.1,-1494.29
250.0,3500.0,-1478.8,-1486.22,-1494.2
300.0,3500.0,-1479.2,-1486.38,-1494.13
350.0,3500.0,-1479.63,-1486.59,-1494.08
400.0,3500.0,-1480.08,-1486.84,-1494.07
450.0,3500.0,-1480.55,-1487.16,-1494.1
500.0,3500.0,-1481.05,-1487.53,-1494.19
550.0,3500.0,-1481.56,-1487.97,-1494.33
600.0,3500.0,-1482.09,-1488.48,-1494.55
650.0,3500.0,-1482.64,-1489.06,-1494.83
700.0,3500.0,-1483.2,-1489.71,-1495.2
750.0,3500.0,-1483.78,-1490.43,-1495.65
800.0,3500.0,-1484.36,-1491.22,-1496.18
850.0,3500.0,-1484.96,-1492.06,-1496.8
900.0,3500.0,-1485.57,-1492.94,-1497.48
950.0,3500.0,-1486.18,-1493.87,-1498.24
1000.0,3500.0,-1486.79,-1494.82,-1499.05
1050.0,3500.0,-1487.4,-1495.79,-1499.91
1100.0,3500.0,-1488.01,-1496.75,-1500.8
1150.0,3500.0,-1488.6,-1497.69,-1501.71
1200.0,3500.0,-1489.19,-1498.61,-1502.63
1250.0,3500.0,-1489.75,-1499.48,-1503.53
1300.0,3500.0,-1490.3,-1500.29,-1504.42
1350.0,3500.0,-1490.83,-1501.04,-1505.27
1400.0,3500.0,-1491.32,-1501.71,-1506.07
1450.0,3500.0,-1491.78,-1502.31,-1506.81
1500.0,3500.0,-1492.21,-1502.81,-1507.49
1550.0,3500.0,-1492.6,-1503.23,-1508.1
1600.0,3500.0,-1492.95,-1503.56,-1508.62
1650.0,3500.0,-1493.26,-1503.8,-1509.06
1700.0,3500.0,-1493.52,-1503.95,-1509.41
1750.0,3500.0,-1493.73,-1504.02,-1509.68
1800.0,3500.0,-1493.9,-1504.02,-1509.85
1850.0,3500.0,-1494.02,-1503.95,-1509.94
1900.0,3500.0,-1494.09,-1503.8,-1509.94
1950.0,3500.0,-1494.11,-1503.6,-1509.86
2000.0,3500.0,-1494.09,-1503.35,-1509.69
2050.0,3500.0,-1494.02,-1503.05,-1509.45
2100.0,3500.0,-1493.91,-1502.71,-1509.13
2150.0,3500.0,-1493.76,-1502.33,-1508.75
2200.0,3500.0,-1493.58,-1501.93,-1508.31
2250.0,3500.0,-1493.36,-1501.51,-1507.82
2300.0,3500.0,-1493.12,-1501.08,-1507.29
2350.0,3500.0,-1492.85,-1500.65,-1506.74
2400.0,3500.0,-1492.57,-1500.23,-1506.16
2450.0,3500.0,-1492.26,-1499.81,-1505.59
2500.0,3500.0,-1491.95,-1499.42,-1505.02
2550.0,3500.0,-1491.63,-1499.06,-1504.48
2600.0,3500.0,-1491.31,-1498.73,-1503.97
2650.0,3500.0,-1490.98,-1498.44,-1503.51
2700.0,3500.0,-1490.66,-1498.2,-1503.1
2750.0,3500.0,-1490.35,-1498.01,-1502.77
2800.0,3500.0,-1490.05,-1497.88,-1502.5
2850.0,3500.0,-1489.76,-1497.79,-1502.31
2900.0,3500.0,-1489.49,-1497.76,-1502.2
2950.0,3500.0,-1489.23,-1497.78,-1502.17
3000.0,3500.0,-1488.99,-1497.84,-1502.21
3050.0,3500.0,-1488.77,-1497.94,-1502.32
3100.0,3500.0,-1488.57,-1498.08,-1502.49
3150.0,3500.0,-1488.39,-1498.24,-1502.71
3200.0,3500.0,-1488.22,-1498.42,-1502.97
3250.0,3500.0,-1488.07,-1498.6,-1503.26
3300.0,3500.0,-1487.95,-1498.79,-1503.55
3350.0,3500.0,-1487.83,-1498.97,-1503.85
3400.0,3500.0,-1487.74,-1499.14,-1504.14
3450.0,3500.0,-1487.65,-1499.29,-1504.4
3500.0,3500.0,-1487.58,-1499.41,-1504.63
3550.0,3500.0,-1487.53,-1499.51,-1504.82
3600.0,3500.0,-1487.49,-1499.57,-1504.96
3650.0,3500.0,-1487.46,-1499.61,-1505.05
3700.0,3500.0,-1487.44,-1499.61,-1505.09
3750.0,3500.0,-1487.44,-1499.59,-1505.08
3800.0,3500.0,-1487.44,-1499.54,-1505.02
3850.0,3500.0,-1487.46,-1499.46,-1504.91
3900.0,3500.0,-1487.5,-1499.37,-1504.76
3950.0,3500.0,-1487.54,-1499.27,-1504.59
4000.0,3500.0,-1487.61,-1499.15,-1504.39
4050.0,3500.0,-1487.69,-1499.04,-1504.19
4100.0,3500.0,-1487.79,-1498.93,-1503.98
4150.0,3500.0,-1487.9,-1498.83,-1503.79
4200.0,3500.0,-1488.04,-1498.75,-1503.61
4250.0,3500.0,-1488.2,-1498.69,-1503.47
4300.0,3500.0,-1488.39,-1498.66,-1503.38
4350.0,3500.0,-1488.6,-1498.66,-1503.33
4400.0,3500.0,-1488.83,-1498.7,-1503.34
4450.0,3500.0,-1489.09,-1498.78,-1503.41
4500.0,3500.0,-1489.38,-1498.9,-1503.54
4550.0,3500.0,-1489.69,-1499.06,-1503.73
4600.0,3500.0,-1490.03,-1499.27,-1503.99
4650.0,3500.0,-1490.39,-1499.51,-1504.31
4700.0,3500.0,-1490.78,-1499.79,-1504.68
4750.0,3500.0,-1491.18,-1500.1,-1505.09
4800.0,3500.0,-1491.61,-1500.44,-1505.54
4850.0,3500.0,-1492.06,-1500.8,-1506.01
4900.0,3500.0,-1492.52,-1501.18,-1506.5
4950.0,3500.0,-1492.99,-1501.56,-1507.0
5000.0,3500.0,-1493.47,-1501.95,-1507.49
0.0,3550.0,-1477.1,-1485.95,-1494.71
50.0,3550.0,-1477.37,-1485.97,-1494.63
100.0,3550.0,-1477.67,-1486.01,-1494.56
150.0,3550.0,-1478.0,-1486.08,-1494.5
200.0,3550.0,-1478.36,-1486.19,-1494.44
250.0,3550.0,-1478.74,-1486.33,-1494.4
300.0,3550.0,-1479.16,-1486.5,-1494.37
350.0,3550.0,-1479.59,-1486.73,-1494.36
400.0,3550.0,-1480.06,-1487.0,-1494.39
450.0,3550.0,-1480.54,-1487.33,-1494.45
500.0,3550.0,-1481.05,-1487.71,-1494.56
550.0,3550.0,-1481.58,-1488.16,-1494.73
600.0,3550.0,-1482.14,-1488.69,-1494.96
650.0,3550.0,-1482.71,-1489.28,-1495.27
700.0,3550.0,-1483.29,-1489.94,-1495.65
750.0,3550.0,-1483.89,-1490.66,-1496.11
800.0,3550.0,-1484.51,-1491.46,-1496.64
850.0,3550.0,-1485.13,-1492.31,-1497.26
900.0,3550.0,-1485.77,-1493.21,-1497.95
950.0,3550.0,-1486.4,-1494.14,-1498.7
1000.0,3550.0,-1487.04,-1495.11,-1499.51
1050.0,3550.0,-1487.68,-1496.09,-1500.36
1100.0,3550.0,-1488.31,-1497.06,-1501.25
1150.0,3550.0,-1488.93,-1498.02,-1502.16
1200.0,3550.0,-1489.53,-1498.95,-1503.07
1250.0,3550.0,-1490.12,-1499.84,-1503.98
1300.0,3550.0,-1490.69,-1500.67,-1504.86
1350.0,3550.0,-1491.23,-1501.44,-1505.71
1400.0,3550.0,-1491.74,-1502.13,-1506.51
1450.0,3550.0,-1492.21,-1502.74,-1507.25
1500.0,3550.0,-1492.65,-1503.26,-1507.93
1550.0,3550.0,-1493.05,-1503.69,-1508.53
1600.0,3550.0,-1493.4,-1504.02,-1509.06
1650.0,3550.0,-1493.71,-1504.27,-1509.5
1700.0,3550.0,-1493.97,-1504.43,-1509.85
1750.0,3550.0,-1494.18,-1504.5,-1510.11
1800.0,3550.0,-1494.34,-1504.49,-1510.28
1850.0,3550.0,-1494.45,-1504.41,-1510.36
1900.0,3550.0,-1494.52,-1504.25,-1510.35
1950.0,3550.0,-1494.53,-1504.03,-1510.26
2000.0,3550.0,-1494.49,-1503.76,-1510.08
2050.0,3550.0,-1494.41,-1503.44,-1509.82
2100.0,3550.0,-1494.29,-1503.08,-1509.49
2150.0,3550.0,-1494.13,-1502.68,-1509.1
2200.0,3550.0,-1493.93,-1502.26,-1508.65
2250.0,3550.0,-1493.7,-1501.82,-1508.15
2300.0,3550.0,-1493.44,-1501.37,-1507.61
2350.0,3550.0,-1493.15,-1500.92,-1507.04
2400.0,3550.0,-1492.85,-1500.48,-1506.46
2450.0,3550.0,-1492.53,-1500.06,-1505.88
2500.0,3550.0,-1492.19,-1499.66,-1505.3
2550.0,3550.0,-1491.86,-1499.29,-1504.75
2600.0,3550.0,-1491.51,-1498.95,-1504.23
2650.0,3550.0,-1491.17,-1498.66,-1503.76
2700.0,3550.0,-1490.84,-1498.42,-1503.35
2750.0,3550.0,-1490.51,-1498.23,-1503.0
2800.0,3550.0,-1490.19,-1498.09,-1502.72
2850.0,3550.0,-1489.88,-1498.0,-1502.51
2900.0,3550.0,-1489.59,-1497.96,-1502.38
2950.0,3550.0,-1489.31,-1497.97,-1502.33
3000.0,3550.0,-1489.05,-1498.02,-1502.34
3050.0,3550.0,-1488.81,-1498.11,-1502.43
3100.0,3550.0,-1488.59,-1498.22,-1502.57
3150.0,3550.0,-1488.39,-1498.36,-1502.76
3200.0,3550.0,-1488.2,-1498.51,-1502.99
3250.0,3550.0,-1488.03,-1498.67,-1503.24
3300.0,3550.0,-1487.88,-1498.82,-1503.51
3350.0,3550.0,-1487.74,-1498.97,-1503.78
3400.0,3550.0,-1487.62,-1499.11,-1504.04
3450.0,3550.0,-1487.51,-1499.22,-1504.28
3500.0,3550.0,-1487.42,-1499.32,-1504.49
3550.0,3550.0,-1487.34,-1499.38,-1504.67
3600.0,3550.0,-1487.27,-1499.42,-1504.8
3650.0,3550.0,-1487.22,-1499.42,-1504.88
3700.0,3550.0,-1487.18,-1499.4,-1504.91
3750.0,3550.0,-1487.15,-1499.35,-1504.89
3800.0,3550.0,-1487.13,-1499.28,-1504.81
3850.0,3550.0,-1487.13,-1499.18,-1504.7
3900.0,3550.0,-1487.14,-1499.07,-1504.54
3950.0,3550.0,-1487.16,-1498.94,-1504.35
4000.0,3550.0,-1487.21,-1498.81,-1504.14
4050.0,3550.0,-1487.27,-1498.67,-1503.91
4100.0,3550.0,-1487.35,-1498.54,-1503.68
4150.0,3550.0,-1487.45,-1498.43,-1503.46
4200.0,3550.0,-1487.57,-1498.32,-1503.25
4250.0,3550.0,-1487.71,-1498.25,-1503.08
4300.0,3550.0,-1487.88,-1498.2,-1502.94
4350.0,3550.0,-1488.08,-1498.18,-1502.86
4400.0,3550.0,-1488.3,-1498.2,-1502.83
4450.0,3550.0,-1488.55,-1498.27,-1502.86
4500.0,3550.0,-1488.83,-1498.38,-1502.96
4550.0,3550.0,-1489.13,-1498.53,-1503.12
4600.0,3550.0,-1489.46,-1498.73,-1503.36
4650.0,3550.0,-1489.82,-1498.97,-1503.65
4700.0,3550.0,-1490.2,-1499.25,-1504.0
4750.0,3550.0,-1490.6,-1499.56,-1504.4
4800.0,3550.0,-1491.02,-1499.9,-1504.84
4850.0,3550.0,-1491.46,-1500.27,-1505.31
4900.0,3550.0,-1491.91,-1500.65,-1505.81
4950.0,3550.0,-1492.38,-1501.04,-1506.31
5000.0,3550.0,-1492.86,-1501.44,-1506.81
0.0,3600.0,-1477.01,-1485.94,-1494.61
50.0,3600.0,-1477.28,-1485.98,-1494.58
100.0,3600.0,-1477.59,-1486.04,-1494.55
150.0,3600.0,-1477.92,-1486.14,-1494.53
200.0,3600.0,-1478.28,-1486.26,-1494.52
250.0,3600.0,-1478.68,-1486.42,-1494.52
300.0,3600.0,-1479.1,-1486.62,-1494.53
350.0,3600.0,-1479.55,-1486.86,-1494.57
400.0,3600.0,-1480.02,-1487.15,-1494.63
450.0,3600.0,-1480.52,-1487.49,-1494.73
500.0,3600.0,-1481.05,-1487.88,-1494.88
550.0,3600.0,-1481.6,-1488.35,-1495.07
600.0,3600.0,-1482.17,-1488.88,-1495.33
650.0,3600.0,-1482.76,-1489.47,-1495.66
700.0,3600.0,-1483.37,-1490.14,-1496.05
750.0,3600.0,-1484.0,-1490.88,-1496.52
800.0,3600.0,-1484.64,-1491.68,-1497.07
850.0,3600.0,-1485.29,-1492.54,-1497.69
900.0,3600.0,-1485.94,-1493.44,-1498.39
950.0,3600.0,-1486.61,-1494.39,-1499.14
1000.0,3600.0,-1487.27,-1495.36,-1499.95
1050.0,3600.0,-1487.93,-1496.35,-1500.81
1100.0,3600.0,-1488.59,-1497.34,-1501.7
1150.0,3600.0,-1489.23,-1498.31,-1502.6
1200.0,3600.0,-1489.86,-1499.26,-1503.51
1250.0,3600.0,-1490.47,-1500.16,-1504.42
1300.0,3600.0,-1491.05,-1501.01,-1505.3
1350.0,3600.0,-1491.61,-1501.79,-1506.14
1400.0,3600.0,-1492.13,-1502.5,-1506.94
1450.0,3600.0,-1492.62,-1503.12,-1507.69
1500.0,3600.0,-1493.07,-1503.65,-1508.36
1550.0,3600.0,-1493.47,-1504.1,-1508.97
1600.0,3600.0,-1493.83,-1504.44,-1509.49
1650.0,3600.0,-1494.15,-1504.7,-1509.92
1700.0,3600.0,-1494.41,-1504.86,-1510.27
1750.0,3600.0,-1494.62,-1504.93,-1510.53
1800.0,3600.0,-1494.78,-1504.92,-1510.69
1850.0,3600.0,-1494.88,-1504.82,-1510.76
1900.0,3600.0,-1494.94,-1504.66,-1510.75
1950.0,3600.0,-1494.94,-1504.43,-1510.64
2000.0,3600.0,-1494.9,-1504.14,-1510.46
2050.0,3600.0,-1494.8,-1503.8,-1510.19
2100.0,3600.0,-1494.67,-1503.42,-1509.85
2150.0,3600.0,-1494.49,-1503.0,-1509.45
2200.0,3600.0,-1494.28,-1502.56,-1508.99
2250.0,3600.0,-1494.04,-1502.11,-1508.48
2300.0,3600.0,-1493.76,-1501.64,-1507.93
2350.0,3600.0,-1493.46,-1501.18,-1507.36
2400.0,3600.0,-1493.14,-1500.73,-1506.78
2450.0,3600.0,-1492.8,-1500.3,-1506.19
2500.0,3600.0,-1492.46,-1499.89,-1505.61
2550.0,3600.0,-1492.1,-1499.52,-1505.06
2600.0,3600.0,-1491.75,-1499.19,-1504.54
2650.0,3600.0,-1491.39,-1498.9,-1504.06
2700.0,3600.0,-1491.04,-1498.66,-1503.64
2750.0,3600.0,-1490.69,-1498.47,-1503.28
2800.0,3600.0,-1490.35,-1498.33,-1502.99
2850.0,3600.0,-1490.03,-1498.24,-1502.77
2900.0,3600.0,-1489.72,-1498.2,-1502.62
2950.0,3600.0,-1489.43,-1498.2,-1502.55
3000.0,3600.0,-1489.15,-1498.23,-1502.54
3050.0,3600.0,-1488.89,-1498.3,-1502.59
3100.0,3600.0,-1488.65,-1498.4,-1502.7
3150.0,3600.0,-1488.42,-1498.51,-1502.86
3200.0,3600.0,-1488.21,-1498.64,-1503.06
3250.0,3600.0,-1488.02,-1498.77,-1503.28
3300.0,3600.0,-1487.85,-1498.89,-1503.51
3350.0,3600.0,-1487.69,-1499.01,-1503.75
3400.0,3600.0,-1487.55,-1499.11,-1503.99
3450.0,3600.0,-1487.42,-1499.19,-1504.2
3500.0,3600.0,-1487.3,-1499.25,-1504.39
3550.0,3600.0,-1487.2,-1499.28,-1504.55
3600.0,3600.0,-1487.11,-1499.29,-1504.67
3650.0,3600.0,-1487.03,-1499.27,-1504.74
3700.0,3600.0,-1486.96,-1499.22,-1504.76
3750.0,3600.0,-1486.91,-1499.14,-1504.73
3800.0,3600.0,-1486.87,-1499.04,-1504.65
3850.0,3600.0,-1486.84,-1498.93,-1504.53
3900.0,3600.0,-1486.83,-1498.79,-1504.37
3950.0,3600.0,-1486.83,-1498.65,-1504.17
4000.0,3600.0,-1486.86,-1498.49,-1503.94
4050.0,3600.0,-1486.9,-1498.34,-1503.7
4100.0,3600.0,-1486.96,-1498.19,-1503.45
4150.0,3600.0,-1487.04,-1498.06,-1503.2
4200.0,3600.0,-1487.15,-1497.94,-1502.97
4250.0,3600.0,-1487.28,-1497.84,-1502.77
4300.0,3600.0,-1487.44,-1497.78,-1502.6
4350.0,3600.0,-1487.62,-1497.74,-1502.48
4400.0,3600.0,-1487.83,-1497.75,-1502.41
4450.0,3600.0,-1488.07,-1497.8,-1502.41
4500.0,3600.0,-1488.34,-1497.9,-1502.47
4550.0,3600.0,-1488.63,-1498.04,-1502.6
4600.0,3600.0,-1488.96,-1498.23,-1502.8
4650.0,3600.0,-1489.31,-1498.47,-1503.07
4700.0,3600.0,-1489.68,-1498.75,-1503.4
4750.0,3600.0,-1490.07,-1499.06,-1503.78
4800.0,3600.0,-1490.49,-1499.4,-1504.21
4850.0,3600.0,-1490.92,-1499.77,-1504.67
4900.0,3600.0,-1491.37,-1500.16,-1505.16
4950.0,3600.0,-1491.83,-1500.56,-1505.67
5000.0,3600.0,-1492.31,-1500.96,-1506.17
0.0,3650.0,-1476.92,-1485.92,-1494.45
50.0,3650.0,-1477.19,-1485.98,-1494.46
100.0,3650.0,-1477.5,-1486.07,-1494.47
150.0,3650.0,-1477.83,-1486.19,-1494.49
200.0,3650.0,-1478.2,-1486.33,-1494.52
250.0,3650.0,-1478.6,-1486.51,-1494.56
300.0,3650.0,-1479.03,-1486.73,-1494.62
350.0,3650.0,-1479.49,-1486.98,-1494.69
400.0,3650.0,-1479.98,-1487.28,-1494.8
450.0,3650.0,-1480.49,-1487.63,-1494.93
500.0,3650.0,-1481.03,-1488.04,-1495.11
550.0,3650.0,-1481.6,-1488.51,-1495.34
600.0,3650.0,-1482.19,-1489.05,-1495.63
650.0,3650.0,-1482.8,-1489.66,-1495.98
700.0,3650.0,-1483.43,-1490.33,-1496.4
750.0,3650.0,-1484.08,-1491.07,-1496.89
800.0,3650.0,-1484.75,-1491.87,-1497.45
850.0,3650.0,-1485.42,-1492.74,-1498.08
900.0,3650.0,-1486.1,-1493.65,-1498.78
950.0,3650.0,-1486.79,-1494.6,-1499.55
1000.0,3650.0,-1487.48,-1495.58,-1500.36
1050.0,3650.0,-1488.17,-1496.58,-1501.22
1100.0,3650.0,-1488.85,-1497.58,-1502.11
1150.0,3650.0,-1489.51,-1498.56,-1503.02
1200.0,3650.0,-1490.16,-1499.52,-1503.93
1250.0,3650.0,-1490.79,-1500.43,-1504.83
1300.0,3650.0,-1491.39,-1501.3,-1505.72
1350.0,3650.0,-1491.97,-1502.09,-1506.56
1400.0,3650.0,-1492.51,-1502.81,-1507.36
1450.0,3650.0,-1493.01,-1503.45,-1508.11
1500.0,3650.0,-1493.47,-1504.0,-1508.78
1550.0,3650.0,-1493.88,-1504.45,-1509.38
1600.0,3650.0,-1494.25,-1504.81,-1509.9
1650.0,3650.0,-1494.56,-1505.07,-1510.34
1700.0,3650.0,-1494.83,-1505.24,-1510.68
1750.0,3650.0,-1495.04,-1505.31,-1510.93
1800.0,3650.0,-1495.19,-1505.29,-1511.09
1850.0,3650.0,-1495.3,-1505.2,-1511.16
1900.0,3650.0,-1495.35,-1505.02,-1511.13
1950.0,3650.0,-1495.34,-1504.78,-1511.02
2000.0,3650.0,-1495.29,-1504.48,-1510.82
2050.0,3650.0,-1495.19,-1504.13,-1510.55
2100.0,3650.0,-1495.05,-1503.73,-1510.2
2150.0,3650.0,-1494.86,-1503.3,-1509.79
2200.0,3650.0,-1494.64,-1502.84,-1509.32
2250.0,3650.0,-1494.38,-1502.37,-1508.81
2300.0,3650.0,-1494.09,-1501.9,-1508.26
2350.0,3650.0,-1493.78,-1501.43,-1507.69
2400.0,3650.0,-1493.45,-1500.97,-1507.1
2450.0,3650.0,-1493.1,-1500.54,-1506.52
2500.0,3650.0,-1492.74,-1500.13,-1505.94
2550.0,3650.0,-1492.37,-1499.76,-1505.39
2600.0,3650.0,-1492.0,-1499.43,-1504.87
2650.0,3650.0,-1491.63,-1499.15,-1504.4
2700.0,3650.0,-1491.26,-1498.91,-1503.98
2750.0,3650.0,-1490.9,-1498.73,-1503.62
2800.0,3650.0,-1490.55,-1498.59,-1503.32
2850.0,3650.0,-1490.21,-1498.5,-1503.09
2900.0,3650.0,-1489.89,-1498.46,-1502.92
2950.0,3650.0,-1489.58,-1498.45,-1502.83
3000.0,3650.0,-1489.28,-1498.48,-1502.79
3050.0,3650.0,-1489.01,-1498.54,-1502.82
3100.0,3650.0,-1488.74,-1498.61,-1502.9
3150.0,3650.0,-1488.5,-1498.7,-1503.02
3200.0,3650.0,-1488.27,-1498.8,-1503.18
3250.0,3650.0,-1488.06,-1498.9,-1503.37
3300.0,3650.0,-1487.87,-1498.99,-1503.57
3350.0,3650.0,-1487.69,-1499.08,-1503.78
3400.0,3650.0,-1487.52,-1499.14,-1503.98
3450.0,3650.0,-1487.37,-1499.19,-1504.17
3500.0,3650.0,-1487.23,-1499.21,-1504.33
3550.0,3650.0,-1487.1,-1499.21,-1504.47
3600.0,3650.0,-1486.99,-1499.19,-1504.57
3650.0,3650.0,-1486.88,-1499.14,-1504.63
3700.0,3650.0,-1486.8,-1499.06,-1504.64
3750.0,3650.0,-1486.72,-1498.96,-1504.61
3800.0,3650.0,-1486.66,-1498.84,-1504.53
3850.0,3650.0,-1486.61,-1498.7,-1504.4
3900.0,3650.0,-1486.58,-1498.55,-1504.24
3950.0,3650.0,-1486.56,-1498.38,-1504.04
4000.0,3650.0,-1486.56,-1498.22,-1503.8
4050.0,3650.0,-1486.59,-1498.05,-1503.55
4100.0,3650.0,-1486.63,-1497.88,-1503.29
4150.0,3650.0,-1486.7,-1497.73,-1503.02
4200.0,3650.0,-1486.79,-1497.59,-1502.77
4250.0,3650.0,-1486.91,-1497.48,-1502.54
4300.0,3650.0,-1487.05,-1497.4,-1502.34
4350.0,3650.0,-1487.23,-1497.36,-1502.19
4400.0,3650.0,-1487.43,-1497.35,-1502.09
4450.0,3650.0,-1487.66,-1497.39,-1502.05
4500.0,3650.0,-1487.92,-1497.48,-1502.07
4550.0,3650.0,-1488.2,-1497.61,-1502.17
4600.0,3650.0,-1488.52,-1497.79,-1502.34
4650.0,3650.0,-1488.86,-1498.02,-1502.57
4700.0,3650.0,-1489.23,-1498.3,-1502.87
4750.0,3650.0,-1489.62,-1498.61,-1503.23
4800.0,3650.0,-1490.03,-1498.95,-1503.65
4850.0,3650.0,-1490.45,-1499.33,-1504.1
4900.0,3650.0,-1490.9,-1499.72,-1504.58
4950.0,3650.0,-1491.35,-1500.12,-1505.08
5000.0,3650.0,-1491.82,-1500.53,-1505.58
0.0,3700.0,-1476.83,-1485.9,-1494.24
50.0,3700.0,-1477.1,-1485.98,-1494.27
100.0,3700.0,-1477.4,-1486.09,-1494.32
150.0,3700.0,-1477.74,-1486.23,-1494.38
200.0,3700.0,-1478.11,-1486.39,-1494.45
250.0,3700.0,-1478.52,-1486.59,-1494.52
300.0,3700.0,-1478.95,-1486.82,-1494.62
350.0,3700.0,-1479.42,-1487.09,-1494.73
400.0,3700.0,-1479.92,-1487.4,-1494.87
450.0,3700.0,-1480.45,-1487.76,-1495.05
500.0,3700.0,-1481.0,-1488.18,-1495.26
550.0,3700.0,-1481.59,-1488.66,-1495.52
600.0,3700.0,-1482.19,-1489.21,-1495.84
650.0,3700.0,-1482.83,-1489.81,-1496.22
700.0,3700.0,-1483.48,-1490.49,-1496.66
750.0,3700.0,-1484.15,-1491.24,-1497.17
800.0,3700.0,-1484.84,-1492.04,-1497.76
850.0,3700.0,-1485.53,-1492.91,-1498.41
900.0,3700.0,-1486.24,-1493.82,-1499.12
950.0,3700.0,-1486.95,-1494.78,-1499.9
1000.0,3700.0,-1487.67,-1495.76,-1500.72
1050.0,3700.0,-1488.38,-1496.76,-1501.59
1100.0,3700.0,-1489.08,-1497.77,-1502.48
1150.0,3700.0,-1489.77,-1498.76,-1503.4
1200.0,3700.0,-1490.44,-1499.73,-1504.31
1250.0,3700.0,-1491.09,-1500.65,-1505.22
1300.0,3700.0,-1491.71,-1501.53,-1506.11
1350.0,3700.0,-1492.3,-1502.34,-1506.96
1400.0,3700.0,-1492.85,-1503.07,-1507.76
1450.0,3700.0,-1493.37,-1503.72,-1508.5
1500.0,3700.0,-1493.84,-1504.29,-1509.18
1550.0,3700.0,-1494.26,-1504.75,-1509.78
1600.0,3700.0,-1494.64,-1505.12,-1510.3
1650.0,3700.0,-1494.96,-1505.39,-1510.73
1700.0,3700.0,-1495.22,-1505.56,-1511.08
1750.0,3700.0,-1495.44,-1505.64,-1511.32
1800.0,3700.0,-1495.59,-1505.63,-1511.48
1850.0,3700.0,-1495.69,-1505.53,-1511.54
1900.0,3700.0,-1495.74,-1505.35,-1511.5
1950.0,3700.0,-1495.74,-1505.1,-1511.38
2000.0,3700.0,-1495.68,-1504.78,-1511.18
2050.0,3700.0,-1495.57,-1504.42,-1510.9
2100.0,3700.0,-1495.42,-1504.01,-1510.54
2150.0,3700.0,-1495.23,-1503.56,-1510.12
2200.0,3700.0,-1494.99,-1503.1,-1509.65
2250.0,3700.0,-1494.73,-1502.62,-1509.14
2300.0,3700.0,-1494.43,-1502.13,-1508.59
2350.0,3700.0,-1494.11,-1501.66,-1508.02
2400.0,3700.0,-1493.77,-1501.2,-1507.44
2450.0,3700.0,-1493.41,-1500.77,-1506.86
2500.0,3700.0,-1493.04,-1500.36,-1506.3
2550.0,3700.0,-1492.66,-1500.0,-1505.75
2600.0,3700.0,-1492.28,-1499.68,-1505.24
2650.0,3700.0,-1491.9,-1499.41,-1504.78
2700.0,3700.0,-1491.52,-1499.18,-1504.36
2750.0,3700.0,-1491.14,-1499.0,-1504.0
2800.0,3700.0,-1490.78,-1498.87,-1503.7
2850.0,3700.0,-1490.43,-1498.79,-1503.46
2900.0,3700.0,-1490.09,-1498.75,-1503.28
2950.0,3700.0,-1489.77,-1498.74,-1503.17
3000.0,3700.0,-1489.46,-1498.76,-1503.11
3050.0,3700.0,-1489.16,-1498.8,-1503.11
3100.0,3700.0,-1488.89,-1498.86,-1503.16
3150.0,3700.0,-1488.62,-1498.93,-1503.24
3200.0,3700.0,-1488.38,-1499.0,-1503.37
3250.0,3700.0,-1488.15,-1499.07,-1503.51
3300.0,3700.0,-1487.93,-1499.13,-1503.67
3350.0,3700.0,-1487.73,-1499.18,-1503.84
3400.0,3700.0,-1487.54,-1499.21,-1504.01
3450.0,3700.0,-1487.37,-1499.22,-1504.17
3500.0,3700.0,-1487.21,-1499.21,-1504.31
3550.0,3700.0,-1487.06,-1499.17,-1504.43
3600.0,3700.0,-1486.92,-1499.12,-1504.51
3650.0,3700.0,-1486.8,-1499.04,-1504.56
3700.0,3700.0,-1486.69,-1498.93,-1504.56
3750.0,3700.0,-1486.59,-1498.81,-1504.52
3800.0,3700.0,-1486.5,-1498.67,-1504.44
3850.0,3700.0,-1486.43,-1498.51,-1504.32
3900.0,3700.0,-1486.38,-1498.34,-1504.15
3950.0,3700.0,-1486.35,-1498.16,-1503.95
4000.0,3700.0,-1486.33,-1497.98,-1503.72
4050.0,3700.0,-1486.34,-1497.79,-1503.47
4100.0,3700.0,-1486.37,-1497.62,-1503.19
4150.0,3700.0,-1486.42,-1497.45,-1502.92
4200.0,3700.0,-1486.5,-1497.3,-1502.65
4250.0,3700.0,-1486.6,-1497.18,-1502.4
4300.0,3700.0,-1486.74,-1497.08,-1502.18
4350.0,3700.0,-1486.9,-1497.02,-1502.0
4400.0,3700.0,-1487.09,-1497.01,-1501.86
4450.0,3700.0,-1487.31,-1497.03,-1501.79
4500.0,3700.0,-1487.56,-1497.11,-1501.78
4550.0,3700.0,-1487.84,-1497.23,-1501.84
4600.0,3700.0,-1488.15,-1497.41,-1501.97
4650.0,3700.0,-1488.49,-1497.63,-1502.17
4700.0,3700.0,-1488.85,-1497.9,-1502.44
4750.0,3700.0,-1489.23,-1498.21,-1502.78
4800.0,3700.0,-1489.64,-1498.55,-1503.16
4850.0,3700.0,-1490.06,-1498.93,-1503.6
4900.0,3700.0,-1490.49,-1499.32,-1504.06
4950.0,3700.0,-1490.94,-1499.72,-1504.55
5000.0,3700.0,-1491.4,-1500.13,-1505.05
0.0,3750.0,-1476.72,-1485.87,-1493.98
50.0,3750.0,-1476.99,-1485.97,-1494.04
100.0,3750.0,-1477.3,-1486.1,-1494.11
150.0,3750.0,-1477.64,-1486.25,-1494.2
200.0,3750.0,-1478.01,-1486.44,-1494.29
250.0,3750.0,-1478.42,-1486.65,-1494.41
300.0,3750.0,-1478.86,-1486.89,-1494.53
350.0,3750.0,-1479.34,-1487.17,-1494.68
400.0,3750.0,-1479.85,-1487.5,-1494.86
450.0,3750.0,-1480.39,-1487.87,-1495.07
500.0,3750.0,-1480.96,-1488.3,-1495.32
550.0,3750.0,-1481.55,-1488.78,-1495.61
600.0,3750.0,-1482.18,-1489.33,-1495.96
650.0,3750.0,-1482.83,-1489.94,-1496.37
700.0,3750.0,-1483.5,-1490.62,-1496.84
750.0,3750.0,-1484.19,-1491.37,-1497.38
800.0,3750.0,-1484.9,-1492.18,-1497.98
850.0,3750.0,-1485.62,-1493.04,-1498.65
900.0,3750.0,-1486.35,-1493.96,-1499.39
950.0,3750.0,-1487.09,-1494.91,-1500.18
1000.0,3750.0,-1487.83,-1495.9,-1501.02
1050.0,3750.0,-1488.56,-1496.9,-1501.89
1100.0,3750.0,-1489.28,-1497.91,-1502.8
1150.0,3750.0,-1489.99,-1498.91,-1503.72
1200.0,3750.0,-1490.69,-1499.88,-1504.65
1250.0,3750.0,-1491.35,-1500.82,-1505.56
1300.0,3750.0,-1491.99,-1501.71,-1506.46
1350.0,3750.0,-1492.6,-1502.53,-1507.31
1400.0,3750.0,-1493.17,-1503.28,-1508.12
1450.0,3750.0,-1493.7,-1503.94,-1508.87
1500.0,3750.0,-1494.18,-1504.52,-1509.55
1550.0,3750.0,-1494.61,-1505.0,-1510.16
1600.0,3750.0,-1495.0,-1505.38,-1510.68
1650.0,3750.0,-1495.32,-1505.66,-1511.11
1700.0,3750.0,-1495.6,-1505.84,-1511.45
1750.0,3750.0,-1495.81,-1505.92,-1511.7
1800.0,3750.0,-1495.97,-1505.91,-1511.84
1850.0,3750.0,-1496.07,-1505.81,-1511.9
1900.0,3750.0,-1496.12,-1505.63,-1511.86
1950.0,3750.0,-1496.11,-1505.37,-1511.73
2000.0,3750.0,-1496.05,-1505.05,-1511.52
2050.0,3750.0,-1495.94,-1504.67,-1511.23
2100.0,3750.0,-1495.79,-1504.25,-1510.87
2150.0,3750.0,-1495.59,-1503.8,-1510.45
2200.0,3750.0,-1495.35,-1503.32,-1509.97
2250.0,3750.0,-1495.08,-1502.84,-1509.46
2300.0,3750.0,-1494.78,-1502.35,-1508.92
2350.0,3750.0,-1494.45,-1501.87,-1508.35
2400.0,3750.0,-1494.1,-1501.41,-1507.78
2450.0,3750.0,-1493.73,-1500.98,-1507.21
2500.0,3750.0,-1493.35,-1500.59,-1506.66
2550.0,3750.0,-1492.97,-1500.24,-1506.13
2600.0,3750.0,-1492.58,-1499.93,-1505.64
2650.0,3750.0,-1492.19,-1499.67,-1505.18
2700.0,3750.0,-1491.8,-1499.46,-1504.77
2750.0,3750.0,-1491.42,-1499.29,-1504.42
2800.0,3750.0,-1491.04,-1499.17,-1504.12
2850.0,3750.0,-1490.68,-1499.09,-1503.88
2900.0,3750.0,-1490.33,-1499.05,-1503.69
2950.0,3750.0,-1489.99,-1499.04,-1503.56
3000.0,3750.0,-1489.67,-1499.06,-1503.49
3050.0,3750.0,-1489.36,-1499.09,-1503.46
3100.0,3750.0,-1489.07,-1499.13,-1503.47
3150.0,3750.0,-1488.79,-1499.18,-1503.53
3200.0,3750.0,-1488.53,-1499.23,-1503.61
3250.0,3750.0,-1488.28,-1499.27,-1503.71
3300.0,3750.0,-1488.05,-1499.29,-1503.84
3350.0,3750.0,-1487.83,-1499.31,-1503.96
3400.0,3750.0,-1487.62,-1499.3,-1504.1
3450.0,3750.0,-1487.43,-1499.28,-1504.22
3500.0,3750.0,-1487.24,-1499.23,-1504.33
3550.0,3750.0,-1487.07,-1499.17,-1504.42
3600.0,3750.0,-1486.91,-1499.08,-1504.48
3650.0,3750.0,-1486.77,-1498.97,-1504.52
3700.0,3750.0,-1486.64,-1498.84,-1504.52
3750.0,3750.0,-1486.52,-1498.69,-1504.48
3800.0,3750.0,-1486.41,-1498.53,-1504.4
3850.0,3750.0,-1486.32,-1498.36,-1504.27
3900.0,3750.0,-1486.25,-1498.17,-1504.11
3950.0,3750.0,-1486.2,-1497.98,-1503.92
4000.0,3750.0,-1486.17,-1497.78,-1503.69
4050.0,3750.0,-1486.16,-1497.59,-1503.44
4100.0,3750.0,-1486.17,-1497.4,-1503.17
4150.0,3750.0,-1486.21,-1497.22,-1502.89
4200.0,3750.0,-1486.28,-1497.06,-1502.61
4250.0,3750.0,-1486.37,-1496.93,-1502.35
4300.0,3750.0,-1486.49,-1496.82,-1502.1
4350.0,3750.0,-1486.65,-1496.75,-1501.9
4400.0,3750.0,-1486.83,-1496.73,-1501.74
4450.0,3750.0,-1487.04,-1496.74,-1501.63
4500.0,3750.0,-1487.29,-1496.81,-1501.59
4550.0,3750.0,-1487.56,-1496.92,-1501.62
4600.0,3750.0,-1487.86,-1497.09,-1501.71
4650.0,3750.0,-1488.19,-1497.31,-1501.88
4700.0,3750.0,-1488.54,-1497.57,-1502.12
4750.0,3750.0,-1488.92,-1497.87,-1502.42
4800.0,3750.0,-1489.32,-1498.21,-1502.78
4850.0,3750.0,-1489.74,-1498.58,-1503.18
4900.0,3750.0,-1490.17,-1498.97,-1503.63
4950.0,3750.0,-1490.61,-1499.38,-1504.1
5000.0,3750.0,-1491.06,-1499.79,-1504.59
0.0,3800.0,-1476.61,-1485.83,-1493.69
50.0,3800.0,-1476.88,-1485.95,-1493.76
100.0,3800.0,-1477.18,-1486.1,-1493.85
150.0,3800.0,-1477.52,-1486.27,-1493.95
200.0,3800.0,-1477.9,-1486.46,-1494.07
250.0,3800.0,-1478.31,-1486.69,-1494.21
300.0,3800.0,-1478.76,-1486.94,-1494.37
350.0,3800.0,-1479.24,-1487.24,-1494.55
400.0,3800.0,-1479.76,-1487.57,-1494.75
450.0,3800.0,-1480.31,-1487.95,-1494.99
500.0,3800.0,-1480.89,-1488.39,-1495.27
550.0,3800.0,-1481.5,-1488.88,-1495.6
600.0,3800.0,-1482.14,-1489.43,-1495.98
650.0,3800.0,-1482.81,-1490.04,-1496.42
700.0,3800.0,-1483.5,-1490.72,-1496.92
750.0,3800.0,-1484.21,-1491.47,-1497.48
800.0,3800.0,-1484.94,-1492.27,-1498.11
850.0,3800.0,-1485.69,-1493.13,-1498.81
900.0,3800.0,-1486.44,-1494.05,-1499.56
950.0,3800.0,-1487.2,-1495.0,-1500.37
1000.0,3800.0,-1487.96,-1495.99,-1501.23
1050.0,3800.0,-1488.71,-1496.99,-1502.12
1100.0,3800.0,-1489.46,-1498.0,-1503.05
1150.0,3800.0,-1490.19,-1499.01,-1503.98
1200.0,3800.0,-1490.9,-1499.99,-1504.92
1250.0,3800.0,-1491.59,-1500.93,-1505.85
1300.0,3800.0,-1492.25,-1501.83,-1506.76
1350.0,3800.0,-1492.87,-1502.66,-1507.62
1400.0,3800.0,-1493.46,-1503.43,-1508.44
1450.0,3800.0,-1494.0,-1504.11,-1509.2
1500.0,3800.0,-1494.49,-1504.7,-1509.89
1550.0,3800.0,-1494.94,-1505.19,-1510.5
1600.0,3800.0,-1495.33,-1505.58,-1511.03
1650.0,3800.0,-1495.66,-1505.87,-1511.46
1700.0,3800.0,-1495.94,-1506.06,-1511.8
1750.0,3800.0,-1496.16,-1506.15,-1512.05
1800.0,3800.0,-1496.33,-1506.14,-1512.19
1850.0,3800.0,-1496.43,-1506.04,-1512.24
1900.0,3800.0,-1496.48,-1505.86,-1512.2
1950.0,3800.0,-1496.47,-1505.6,-1512.06
2000.0,3800.0,-1496.41,-1505.27,-1511.84
2050.0,3800.0,-1496.3,-1504.89,-1511.55
2100.0,3800.0,-1496.14,-1504.47,-1511.18
2150.0,3800.0,-1495.94,-1504.0,-1510.76
2200.0,3800.0,-1495.7,-1503.52,-1510.29
2250.0,3800.0,-1495.43,-1503.03,-1509.78
2300.0,3800.0,-1495.12,-1502.54,-1509.24
2350.0,3800.0,-1494.79,-1502.07,-1508.69
2400.0,3800.0,-1494.44,-1501.62,-1508.13
2450.0,3800.0,-1494.07,-1501.19,-1507.57
2500.0,3800.0,-1493.68,-1500.81,-1507.04
2550.0,3800.0,-1493.29,-1500.47,-1506.53
2600.0,3800.0,-1492.9,-1500.18,-1506.05
2650.0,3800.0,-1492.5,-1499.93,-1505.61
2700.0,3800.0,-1492.11,-1499.74,-1505.22
2750.0,3800.0,-1491.72,-1499.59,-1504.88
2800.0,3800.0,-1491.34,-1499.48,-1504.59
2850.0,3800.0,-1490.97,-1499.41,-1504.34
2900.0,3800.0,-1490.61,-1499.38,-1504.15
2950.0,3800.0,-1490.26,-1499.37,-1504.01
3000.0,3800.0,-1489.93,-1499.38,-1503.92
3050.0,3800.0,-1489.61,-1499.4,-1503.87
3100.0,3800.0,-1489.3,-1499.43,-1503.85
3150.0,3800.0,-1489.01,-1499.46,-1503.87
3200.0,3800.0,-1488.73,-1499.48,-1503.91
3250.0,3800.0,-1488.47,-1499.49,-1503.97
3300.0,3800.0,-1488.22,-1499.49,-1504.05
3350.0,3800.0,-1487.98,-1499.47,-1504.14
3400.0,3800.0,-1487.75,-1499.43,-1504.23
3450.0,3800.0,-1487.54,-1499.37,-1504.32
3500.0,3800.0,-1487.34,-1499.29,-1504.39
3550.0,3800.0,-1487.15,-1499.19,-1504.46
3600.0,3800.0,-1486.97,-1499.07,-1504.5
3650.0,3800.0,-1486.8,-1498.94,-1504.52
3700.0,3800.0,-1486.65,-1498.79,-1504.51
3750.0,3800.0,-1486.51,-1498.62,-1504.46
3800.0,3800.0,-1486.39,-1498.44,-1504.38
3850.0,3800.0,-1486.28,-1498.25,-1504.27
3900.0,3800.0,-1486.19,-1498.05,-1504.12
3950.0,3800.0,-1486.12,-1497.84,-1503.93
4000.0,3800.0,-1486.08,-1497.64,-1503.71
4050.0,3800.0,-1486.05,-1497.43,-1503.47
4100.0,3800.0,-1486.05,-1497.24,-1503.2
4150.0,3800.0,-1486.08,-1497.05,-1502.92
4200.0,3800.0,-1486.13,-1496.89,-1502.65
4250.0,3800.0,-1486.21,-1496.74,-1502.37
4300.0,3800.0,-1486.33,-1496.63,-1502.12
4350.0,3800.0,-1486.47,-1496.55,-1501.9
4400.0,3800.0,-1486.64,-1496.51,-1501.72
4450.0,3800.0,-1486.85,-1496.52,-1501.58
4500.0,3800.0,-1487.09,-1496.58,-1501.51
4550.0,3800.0,-1487.35,-1496.68,-1501.5
4600.0,3800.0,-1487.65,-1496.84,-1501.56
4650.0,3800.0,-1487.97,-1497.05,-1501.69
4700.0,3800.0,-1488.32,-1497.3,-1501.89
4750.0,3800.0,-1488.69,-1497.6,-1502.16
4800.0,3800.0,-1489.08,-1497.93,-1502.49
4850.0,3800.0,-1489.49,-1498.3,-1502.86
4900.0,3800.0,-1489.92,-1498.68,-1503.28
4950.0,3800.0,-1490.35,-1499.08,-1503.73
5000.0,3800.0,-1490.8,-1499.49,-1504.2
0.0,3850.0,-1476.49,-1485.79,-1493.36
50.0,3850.0,-1476.76,-1485.92,-1493.44
100.0,3850.0,-1477.06,-1486.08,-1493.54
150.0,3850.0,-1477.4,-1486.26,-1493.66
200.0,3850.0,-1477.77,-1486.47,-1493.79
250.0,3850.0,-1478.19,-1486.7,-1493.95
300.0,3850.0,-1478.64,-1486.97,-1494.12
350.0,3850.0,-1479.13,-1487.27,-1494.33
400.0,3850.0,-1479.65,-1487.62,-1494.56
450.0,3850.0,-1480.21,-1488.0,-1494.82
500.0,3850.0,-1480.81,-1488.44,-1495.13
550.0,3850.0,-1481.43,-1488.93,-1495.49
600.0,3850.0,-1482.09,-1489.49,-1495.89
650.0,3850.0,-1482.77,-1490.1,-1496.36
700.0,3850.0,-1483.48,-1490.78,-1496.89
750.0,3850.0,-1484.21,-1491.52,-1497.48
800.0,3850.0,-1484.96,-1492.32,-1498.14
850.0,3850.0,-1485.72,-1493.18,-1498.86
900.0,3850.0,-1486.5,-1494.09,-1499.64
950.0,3850.0,-1487.28,-1495.05,-1500.47
1000.0,3850.0,-1488.06,-1496.03,-1501.35
1050.0,3850.0,-1488.83,-1497.03,-1502.27
1100.0,3850.0,-1489.6,-1498.05,-1503.21
1150.0,3850.0,-1490.35,-1499.05,-1504.17
1200.0,3850.0,-1491.08,-1500.04,-1505.12
1250.0,3850.0,-1491.79,-1500.99,-1506.07
1300.0,3850.0,-1492.46,-1501.9,-1506.99
1350.0,3850.0,-1493.1,-1502.74,-1507.88
1400.0,3850.0,-1493.7,-1503.52,-1508.71
1450.0,3850.0,-1494.26,-1504.21,-1509.49
1500.0,3850.0,-1494.77,-1504.82,-1510.19
1550.0,3850.0,-1495.22,-1505.32,-1510.81
1600.0,3850.0,-1495.62,-1505.73,-1511.35
1650.0,3850.0,-1495.97,-1506.04,-1511.79
1700.0,3850.0,-1496.26,-1506.24,-1512.13
1750.0,3850.0,-1496.48,-1506.33,-1512.38
1800.0,3850.0,-1496.65,-1506.33,-1512.52
1850.0,3850.0,-1496.76,-1506.24,-1512.57
1900.0,3850.0,-1496.81,-1506.06,-1512.52
1950.0,3850.0,-1496.81,-1505.79,-1512.38
2000.0,3850.0,-1496.75,-1505.47,-1512.16
2050.0,3850.0,-1496.64,-1505.08,-1511.86
2100.0,3850.0,-1496.49,-1504.65,-1511.49
2150.0,3850.0,-1496.29,-1504.18,-1511.07
2200.0,3850.0,-1496.05,-1503.7,-1510.6
2250.0,3850.0,-1495.77,-1503.21,-1510.09
2300.0,3850.0,-1495.47,-1502.72,-1509.56
2350.0,3850.0,-1495.14,-1502.25,-1509.02
2400.0,3850.0,-1494.78,-1501.8,-1508.48
2450.0,3850.0,-1494.41,-1501.39,-1507.94
2500.0,3850.0,-1494.03,-1501.02,-1507.43
2550.0,3850.0,-1493.64,-1500.7,-1506.94
2600.0,3850.0,-1493.24,-1500.42,-1506.49
2650.0,3850.0,-1492.84,-1500.2,-1506.07
2700.0,3850.0,-1492.45,-1500.02,-1505.7
2750.0,3850.0,-1492.05,-1499.89,-1505.37
2800.0,3850.0,-1491.67,-1499.8,-1505.09
2850.0,3850.0,-1491.29,-1499.75,-1504.85
2900.0,3850.0,-1490.93,-1499.72,-1504.66
2950.0,3850.0,-1490.57,-1499.71,-1504.51
3000.0,3850.0,-1490.23,-1499.72,-1504.4
3050.0,3850.0,-1489.9,-1499.74,-1504.33
3100.0,3850.0,-1489.58,-1499.75,-1504.28
3150.0,3850.0,-1489.28,-1499.76,-1504.27
3200.0,3850.0,-1488.99,-1499.76,-1504.27
3250.0,3850.0,-1488.71,-1499.75,-1504.29
3300.0,3850.0,-1488.44,-1499.71,-1504.33
3350.0,3850.0,-1488.19,-1499.66,-1504.37
3400.0,3850.0,-1487.94,-1499.59,-1504.42
3450.0,3850.0,-1487.71,-1499.5,-1504.46
3500.0,3850.0,-1487.49,-1499.38,-1504.51
3550.0,3850.0,-1487.28,-1499.25,-1504.54
3600.0,3850.0,-1487.08,-1499.11,-1504.56
3650.0,3850.0,-1486.9,-1498.95,-1504.56
3700.0,3850.0,-1486.73,-1498.77,-1504.54
3750.0,3850.0,-1486.57,-1498.58,-1504.49
3800.0,3850.0,-1486.43,-1498.39,-1504.41
3850.0,3850.0,-1486.31,-1498.18,-1504.3
3900.0,3850.0,-1486.2,-1497.97,-1504.16
3950.0,3850.0,-1486.12,-1497.76,-1503.99
4000.0,3850.0,-1486.06,-1497.54,-1503.78
4050.0,3850.0,-1486.02,-1497.34,-1503.55
4100.0,3850.0,-1486.0,-1497.13,-1503.3
4150.0,3850.0,-1486.02,-1496.95,-1503.03
4200.0,3850.0,-1486.06,-1496.77,-1502.75
4250.0,3850.0,-1486.13,-1496.63,-1502.48
4300.0,3850.0,-1486.24,-1496.51,-1502.22
4350.0,3850.0,-1486.37,-1496.42,-1501.99
4400.0,3850.0,-1486.54,-1496.38,-1501.79
4450.0,3850.0,-1486.74,-1496.38,-1501.64
4500.0,3850.0,-1486.97,-1496.42,-1501.54
4550.0,3850.0,-1487.23,-1496.52,-1501.5
4600.0,3850.0,-1487.52,-1496.67,-1501.53
4650.0,3850.0,-1487.84,-1496.86,-1501.62
4700.0,3850.0,-1488.18,-1497.11,-1501.79
4750.0,3850.0,-1488.55,-1497.4,-1502.02
4800.0,3850.0,-1488.93,-1497.72,-1502.3
4850.0,3850.0,-1489.33,-1498.08,-1502.65
4900.0,3850.0,-1489.75,-1498.46,-1503.03
4950.0,3850.0,-1490.18,-1498.85,-1503.45
5000.0,3850.0,-1490.61,-1499.25,-1503.9
0.0,3900.0,-1476.37,-1485.73,-1493.02
50.0,3900.0,-1476.63,-1485.87,-1493.09
100.0,3900.0,-1476.92,-1486.04,-1493.19
150.0,3900.0,-1477.26,-1486.23,-1493.31
200.0,3900.0,-1477.64,-1486.45,-1493.46
250.0,3900.0,-1478.05,-1486.69,-1493.62
300.0,3900.0,-1478.51,-1486.97,-1493.81
350.0,3900.0,-1479.0,-1487.28,-1494.03
400.0,3900.0,-1479.53,-1487.63,-1494.28
450.0,3900.0,-1480.1,-1488.02,-1494.57
500.0,3900.0,-1480.7,-1488.46,-1494.9
550.0,3900.0,-1481.34,-1488.95,-1495.28
600.0,3900.0,-1482.01,-1489.51,-1495.71
650.0,3900.0,-1482.71,-1490.12,-1496.2
700.0,3900.0,-1483.43,-1490.8,-1496.76
750.0,3900.0,-1484.18,-1491.53,-1497.38
800.0,3900.0,-1484.95,-1492.33,-1498.06
850.0,3900.0,-1485.73,-1493.19,-1498.8
900.0,3900.0,-1486.52,-1494.09,-1499.61
950.0,3900.0,-1487.32,-1495.04,-1500.47
1000.0,3900.0,-1488.12,-1496.02,-1501.37
1050.0,3900.0,-1488.92,-1497.02,-1502.31
1100.0,3900.0,-1489.7,-1498.03,-1503.28
1150.0,3900.0,-1490.47,-1499.04,-1504.26
1200.0,3900.0,-1491.23,-1500.03,-1505.24
1250.0,3900.0,-1491.95,-1500.99,-1506.21
1300.0,3900.0,-1492.64,-1501.9,-1507.16
1350.0,3900.0,-1493.3,-1502.76,-1508.07
1400.0,3900.0,-1493.91,-1503.55,-1508.92
1450.0,3900.0,-1494.48,-1504.26,-1509.72
1500.0,3900.0,-1495.0,-1504.88,-1510.44
1550.0,3900.0,-1495.47,-1505.4,-1511.08
1600.0,3900.0,-1495.89,-1505.83,-1511.63
1650.0,3900.0,-1496.24,-1506.15,-1512.08
1700.0,3900.0,-1496.54,-1506.36,-1512.43
1750.0,3900.0,-1496.77,-1506.47,-1512.68
1800.0,3900.0,-1496.95,-1506.48,-1512.83
1850.0,3900.0,-1497.06,-1506.39,-1512.88
1900.0,3900.0,-1497.12,-1506.21,-1512.83
1950.0,3900.0,-1497.12,-1505.95,-1512.69
2000.0,3900.0,-1497.07,-1505.63,-1512.46
2050.0,3900.0,-1496.97,-1505.24,-1512.16
2100.0,3900.0,-1496.82,-1504.81,-1511.79
2150.0,3900.0,-1496.62,-1504.34,-1511.37
2200.0,3900.0,-1496.39,-1503.86,-1510.9
2250.0,3900.0,-1496.12,-1503.37,-1510.4
2300.0,3900.0,-1495.81,-1502.88,-1509.88
2350.0,3900.0,-1495.49,-1502.42,-1509.35
2400.0,3900.0,-1495.14,-1501.98,-1508.83
2450.0,3900.0,-1494.77,-1501.59,-1508.32
2500.0,3900.0,-1494.39,-1501.23,-1507.83
2550.0,3900.0,-1494.0,-1500.93,-1507.37
2600.0,3900.0,-1493.6,-1500.67,-1506.94
2650.0,3900.0,-1493.21,-1500.47,-1506.55
2700.0,3900.0,-1492.81,-1500.31,-1506.2
2750.0,3900.0,-1492.42,-1500.2,-1505.9
2800.0,3900.0,-1492.03,-1500.13,-1505.63
2850.0,3900.0,-1491.65,-1500.09,-1505.41
2900.0,3900.0,-1491.28,-1500.07,-1505.22
2950.0,3900.0,-1490.92,-1500.07,-1505.06
3000.0,3900.0,-1490.57,-1500.08,-1504.94
3050.0,3900.0,-1490.23,-1500.09,-1504.85
3100.0,3900.0,-1489.91,-1500.1,-1504.78
3150.0,3900.0,-1489.59,-1500.09,-1504.73
3200.0,3900.0,-1489.29,-1500.07,-1504.69
3250.0,3900.0,-1489.0,-1500.03,-1504.67
3300.0,3900.0,-1488.72,-1499.97,-1504.66
3350.0,3900.0,-1488.45,-1499.89,-1504.66
3400.0,3900.0,-1488.19,-1499.78,-1504.66
3450.0,3900.0,-1487.95,-1499.66,-1504.67
3500.0,3900.0,-1487.71,-1499.51,-1504.67
3550.0,3900.0,-1487.48,-1499.35,-1504.67
3600.0,3900.0,-1487.27,-1499.18,-1504.67
3650.0,3900.0,-1487.07,-1498.99,-1504.65
3700.0,3900.0,-1486.88,-1498.8,-1504.61
3750.0,3900.0,-1486.71,-1498.59,-1504.56
3800.0,3900.0,-1486.55,-1498.38,-1504.48
3850.0,3900.0,-1486.41,-1498.16,-1504.38
3900.0,3900.0,-1486.29,-1497.95,-1504.25
3950.0,3900.0,-1486.19,-1497.73,-1504.09
4000.0,3900.0,-1486.11,-1497.51,-1503.9
4050.0,3900.0,-1486.06,-1497.3,-1503.69
4100.0,3900.0,-1486.04,-1497.1,-1503.45
4150.0,3900.0,-1486.04,-1496.91,-1503.2
4200.0,3900.0,-1486.07,-1496.73,-1502.93
4250.0,3900.0,-1486.14,-1496.58,-1502.67
4300.0,3900.0,-1486.23,-1496.46,-1502.41
4350.0,3900.0,-1486.36,-1496.37,-1502.17
4400.0,3900.0,-1486.52,-1496.32,-1501.97
4450.0,3900.0,-1486.71,-1496.31,-1501.8
4500.0,3900.0,-1486.94,-1496.35,-1501.68
4550.0,3900.0,-1487.19,-1496.43,-1501.61
4600.0,3900.0,-1487.48,-1496.57,-1501.61
4650.0,3900.0,-1487.79,-1496.76,-1501.67
4700.0,3900.0,-1488.12,-1496.99,-1501.79
4750.0,3900.0,-1488.48,-1497.27,-1501.98
4800.0,3900.0,-1488.86,-1497.58,-1502.23
4850.0,3900.0,-1489.26,-1497.93,-1502.54
4900.0,3900.0,-1489.67,-1498.3,-1502.89
4950.0,3900.0,-1490.08,-1498.68,-1503.28
5000.0,3900.0,-1490.51,-1499.07,-1503.69
0.0,3950.0,-1476.23,-1485.66,-1492.66
50.0,3950.0,-1476.49,-1485.81,-1492.73
100.0,3950.0,-1476.78,-1485.98,-1492.82
150.0,3950.0,-1477.12,-1486.18,-1492.94
200.0,3950.0,-1477.49,-1486.4,-1493.08
250.0,3950.0,-1477.91,-1486.65,-1493.25
300.0,3950.0,-1478.36,-1486.93,-1493.44
350.0,3950.0,-1478.86,-1487.25,-1493.67
400.0,3950.0,-1479.4,-1487.6,-1493.93
450.0,3950.0,-1479.97,-1487.99,-1494.23
500.0,3950.0,-1480.58,-1488.44,-1494.58
550.0,3950.0,-1481.23,-1488.93,-1494.98
600.0,3950.0,-1481.91,-1489.48,-1495.43
650.0,3950.0,-1482.62,-1490.1,-1495.95
700.0,3950.0,-1483.36,-1490.77,-1496.53
750.0,3950.0,-1484.12,-1491.5,-1497.17
800.0,3950.0,-1484.91,-1492.29,-1497.88
850.0,3950.0,-1485.71,-1493.14,-1498.65
900.0,3950.0,-1486.52,-1494.04,-1499.48
950.0,3950.0,-1487.33,-1494.98,-1500.36
1000.0,3950.0,-1488.15,-1495.96,-1501.29
1050.0,3950.0,-1488.97,-1496.96,-1502.26
1100.0,3950.0,-1489.77,-1497.97,-1503.25
1150.0,3950.0,-1490.56,-1498.98,-1504.26
1200.0,3950.0,-1491.33,-1499.97,-1505.27
1250.0,3950.0,-1492.07,-1500.93,-1506.27
1300.0,3950.0,-1492.78,-1501.86,-1507.25
1350.0,3950.0,-1493.45,-1502.73,-1508.18
1400.0,3950.0,-1494.08,-1503.53,-1509.07
1450.0,3950.0,-1494.67,-1504.25,-1509.89
1500.0,3950.0,-1495.2,-1504.89,-1510.63
1550.0,3950.0,-1495.68,-1505.43,-1511.29
1600.0,3950.0,-1496.11,-1505.87,-1511.86
1650.0,3950.0,-1496.47,-1506.21,-1512.33
1700.0,3950.0,-1496.78,-1506.44,-1512.7
1750.0,3950.0,-1497.03,-1506.56,-1512.96
1800.0,3950.0,-1497.21,-1506.58,-1513.12
1850.0,3950.0,-1497.34,-1506.5,-1513.17
1900.0,3950.0,-1497.4,-1506.33,-1513.13
1950.0,3950.0,-1497.41,-1506.08,-1512.99
2000.0,3950.0,-1497.37,-1505.76,-1512.76
2050.0,3950.0,-1497.27,-1505.37,-1512.46
2100.0,3950.0,-1497.13,-1504.94,-1512.09
2150.0,3950.0,-1496.94,-1504.48,-1511.67
2200.0,3950.0,-1496.72,-1504.0,-1511.21
2250.0,3950.0,-1496.45,-1503.51,-1510.72
2300.0,3950.0,-1496.16,-1503.04,-1510.21
2350.0,3950.0,-1495.84,-1502.58,-1509.7
2400.0,3950.0,-1495.5,-1502.16,-1509.19
2450.0,3950.0,-1495.13,-1501.78,-1508.71
2500.0,3950.0,-1494.76,-1501.44,-1508.24
2550.0,3950.0,-1494.38,-1501.16,-1507.81
2600.0,3950.0,-1493.99,-1500.92,-1507.41
2650.0,3950.0,-1493.59,-1500.74,-1507.05
2700.0,3950.0,-1493.2,-1500.61,-1506.73
2750.0,3950.0,-1492.81,-1500.52,-1506.45
2800.0,3950.0,-1492.42,-1500.47,-1506.21
2850.0,3950.0,-1492.04,-1500.44,-1505.99
2900.0,3950.0,-1491.67,-1500.44,-1505.81
2950.0,3950.0,-1491.31,-1500.45,-1505.66
3000.0,3950.0,-1490.96,-1500.46,-1505.53
3050.0,3950.0,-1490.62,-1500.47,-1505.42
3100.0,3950.0,-1490.28,-1500.46,-1505.33
3150.0,3950.0,-1489.96,-1500.44,-1505.24
3200.0,3950.0,-1489.65,-1500.4,-1505.17
3250.0,3950.0,-1489.35,-1500.34,-1505.11
3300.0,3950.0,-1489.06,-1500.25,-1505.06
3350.0,3950.0,-1488.78,-1500.14,-1505.01
3400.0,3950.0,-1488.5,-1500.01,-1504.97
3450.0,3950.0,-1488.24,-1499.85,-1504.93
3500.0,3950.0,-1487.99,-1499.68,-1504.9
3550.0,3950.0,-1487.75,-1499.49,-1504.86
3600.0,3950.0,-1487.52,-1499.29,-1504.83
3650.0,3950.0,-1487.3,-1499.08,-1504.79
3700.0,3950.0,-1487.1,-1498.87,-1504.74
3750.0,3950.0,-1486.91,-1498.65,-1504.68
3800.0,3950.0,-1486.74,-1498.42,-1504.6
3850.0,3950.0,-1486.58,-1498.2,-1504.5
3900.0,3950.0,-1486.45,-1497.98,-1504.38
3950.0,3950.0,-1486.34,-1497.76,-1504.24
4000.0,3950.0,-1486.25,-1497.54,-1504.07
4050.0,3950.0,-1486.19,-1497.33,-1503.88
4100.0,3950.0,-1486.15,-1497.12,-1503.66
4150.0,3950.0,-1486.14,-1496.94,-1503.43
4200.0,3950.0,-1486.17,-1496.76,-1503.18
4250.0,3950.0,-1486.22,-1496.61,-1502.93
4300.0,3950.0,-1486.31,-1496.49,-1502.68
4350.0,3950.0,-1486.43,-1496.4,-1502.45
4400.0,3950.0,-1486.59,-1496.34,-1502.23
4450.0,3950.0,-1486.77,-1496.33,-1502.06
4500.0,3950.0,-1486.99,-1496.36,-1501.92
4550.0,3950.0,-1487.24,-1496.43,-1501.83
4600.0,3950.0,-1487.52,-1496.56,-1501.8
4650.0,3950.0,-1487.82,-1496.74,-1501.83
4700.0,3950.0,-1488.15,-1496.96,-1501.92
4750.0,3950.0,-1488.51,-1497.22,-1502.07
4800.0,3950.0,-1488.88,-1497.52,-1502.28
4850.0,3950.0,-1489.26,-1497.85,-1502.55
4900.0,3950.0,-1489.66,-1498.21,-1502.86
4950.0,3950.0,-1490.07,-1498.58,-1503.2
5000.0,3950.0,-1490.49,-1498.96,-1503.58
0.0,4000.0,-1476.08,-1485.58,-1492.3
50.0,4000.0,-1476.33,-1485.73,-1492.35
100.0,4000.0,-1476.63,-1485.9,-1492.43
150.0,4000.0,-1476.96,-1486.1,-1492.54
200.0,4000.0,-1477.33,-1486.33,-1492.67
250.0,4000.0,-1477.75,-1486.58,-1492.84
300.0,4000.0,-1478.2,-1486.87,-1493.03
350.0,4000.0,-1478.7,-1487.18,-1493.26
400.0,4000.0,-1479.24,-1487.54,-1493.53
450.0,4000.0,-1479.82,-1487.93,-1493.84
500.0,4000.0,-1480.44,-1488.37,-1494.19
550.0,4000.0,-1481.1,-1488.87,-1494.6
600.0,4000.0,-1481.79,-1489.42,-1495.07
650.0,4000.0,-1482.51,-1490.03,-1495.61
700.0,4000.0,-1483.26,-1490.69,-1496.2
750.0,4000.0,-1484.04,-1491.42,-1496.87
800.0,4000.0,-1484.84,-1492.21,-1497.59
850.0,4000.0,-1485.65,-1493.05,-1498.39
900.0,4000.0,-1486.48,-1493.94,-1499.24
950.0,4000.0,-1487.31,-1494.88,-1500.15
1000.0,4000.0,-1488.15,-1495.85,-1501.11
1050.0,4000.0,-1488.98,-1496.84,-1502.11
1100.0,4000.0,-1489.8,-1497.85,-1503.13
1150.0,4000.0,-1490.61,-1498.86,-1504.17
1200.0,4000.0,-1491.4,-1499.85,-1505.21
1250.0,4000.0,-1492.15,-1500.82,-1506.24
1300.0,4000.0,-1492.88,-1501.76,-1507.25
1350.0,4000.0,-1493.57,-1502.64,-1508.22
1400.0,4000.0,-1494.21,-1503.45,-1509.13
1450.0,4000.0,-1494.81,-1504.19,-1509.99
1500.0,4000.0,-1495.36,-1504.85,-1510.76
1550.0,4000.0,-1495.85,-1505.41,-1511.45
1600.0,4000.0,-1496.29,-1505.87,-1512.05
1650.0,4000.0,-1496.67,-1506.23,-1512.55
1700.0,4000.0,-1496.99,-1506.47,-1512.93
1750.0,4000.0,-1497.25,-1506.61,-1513.21
1800.0,4000.0,-1497.44,-1506.65,-1513.39
1850.0,4000.0,-1497.58,-1506.58,-1513.45
1900.0,4000.0,-1497.66,-1506.42,-1513.41
1950.0,4000.0,-1497.68,-1506.18,-1513.28
2000.0,4000.0,-1497.64,-1505.86,-1513.06
2050.0,4000.0,-1497.56,-1505.48,-1512.76
2100.0,4000.0,-1497.43,-1505.06,-1512.39
2150.0,4000.0,-1497.25,-1504.6,-1511.98
2200.0,4000.0,-1497.03,-1504.13,-1511.52
2250.0,4000.0,-1496.78,-1503.65,-1511.04
2300.0,4000.0,-1496.5,-1503.18,-1510.55
2350.0,4000.0,-1496.19,-1502.74,-1510.06
2400.0,4000.0,-1495.86,-1502.33,-1509.57
2450.0,4000.0,-1495.51,-1501.97,-1509.11
2500.0,4000.0,-1495.14,-1501.65,-1508.67
2550.0,4000.0,-1494.77,-1501.39,-1508.27
2600.0,4000.0,-1494.39,-1501.18,-1507.91
2650.0,4000.0,-1494.0,-1501.02,-1507.58
2700.0,4000.0,-1493.61,-1500.91,-1507.29
2750.0,4000.0,-1493.23,-1500.85,-1507.04
2800.0,4000.0,-1492.85,-1500.82,-1506.81
2850.0,4000.0,-1492.47,-1500.81,-1506.62
2900.0,4000.0,-1492.1,-1500.82,-1506.45
2950.0,4000.0,-1491.74,-1500.84,-1506.3
3000.0,4000.0,-1491.39,-1500.85,-1506.17
3050.0,4000.0,-1491.04,-1500.86,-1506.05
3100.0,4000.0,-1490.71,-1500.85,-1505.93
3150.0,4000.0,-1490.38,-1500.81,-1505.82
3200.0,4000.0,-1490.06,-1500.76,-1505.72
3250.0,4000.0,-1489.75,-1500.67,-1505.62
3300.0,4000.0,-1489.45,-1500.56,-1505.52
3350.0,4000.0,-1489.16,-1500.42,-1505.43
3400.0,4000.0,-1488.88,-1500.26,-1505.34
3450.0,4000.0,-1488.6,-1500.08,-1505.26
3500.0,4000.0,-1488.34,-1499.88,-1505.19
3550.0,4000.0,-1488.08,-1499.67,-1505.12
3600.0,4000.0,-1487.84,-1499.45,-1505.05
3650.0,4000.0,-1487.61,-1499.22,-1504.98
3700.0,4000.0,-1487.39,-1498.99,-1504.92
3750.0,4000.0,-1487.19,-1498.75,-1504.85
3800.0,4000.0,-1487.0,-1498.52,-1504.77
3850.0,4000.0,-1486.83,-1498.29,-1504.68
3900.0,4000.0,-1486.69,-1498.07,-1504.57
3950.0,4000.0,-1486.56,-1497.84,-1504.44
4000.0,4000.0,-1486.46,-1497.63,-1504.29
4050.0,4000.0,-1486.39,-1497.42,-1504.12
4100.0,4000.0,-1486.35,-1497.22,-1503.93
4150.0,4000.0,-1486.33,-1497.04,-1503.72
4200.0,4000.0,-1486.35,-1496.87,-1503.49
4250.0,4000.0,-1486.39,-1496.72,-1503.26
4300.0,4000.0,-1486.48,-1496.6,-1503.02
4350.0,4000.0,-1486.59,-1496.51,-1502.8
4400.0,4000.0,-1486.74,-1496.45,-1502.59
4450.0,4000.0,-1486.92,-1496.43,-1502.41
4500.0,4000.0,-1487.13,-1496.46,-1502.26
4550.0,4000.0,-1487.37,-1496.52,-1502.16
4600.0,4000.0,-1487.65,-1496.64,-1502.1
4650.0,4000.0,-1487.95,-1496.8,-1502.1
4700.0,4000.0,-1488.27,-1497.01,-1502.16
4750.0,4000.0,-1488.61,-1497.25,-1502.28
4800.0,4000.0,-1488.98,-1497.54,-1502.45
4850.0,4000.0,-1489.36,-1497.85,-1502.67
4900.0,4000.0,-1489.75,-1498.19,-1502.94
4950.0,4000.0,-1490.15,-1498.55,-1503.24
5000.0,4000.0,-1490.55,-1498.91,-1503.58
