X,Y,ELEVATION_M,MAG_NT,LITHOLOGY,INSIDE
3025.0,7025.0,550.9,52198.0,MAFIC_VOLCANIC,0
3075.0,7025.0,552.4,52210.0,MAFIC_VOLCANIC,0
3125.0,7025.0,553.4,52216.0,MAFIC_VOLCANIC,0
3175.0,7025.0,553.8,52216.0,MAFIC_VOLCANIC,0
3225.0,7025.0,553.8,52213.0,MAFIC_VOLCANIC,0
3275.0,7025.0,553.2,52210.0,MAFIC_VOLCANIC,0
3325.0,7025.0,552.1,52210.0,MAFIC_VOLCANIC,0
3375.0,7025.0,550.6,52216.0,MAFIC_VOLCANIC,0
3425.0,7025.0,548.7,52228.0,MAFIC_VOLCANIC,0
3475.0,7025.0,546.4,52245.0,MAFIC_VOLCANIC,0
3525.0,7025.0,543.7,52263.0,MAFIC_VOLCANIC,0
3575.0,7025.0,540.8,52276.0,MAFIC_VOLCANIC,0
3625.0,7025.0,537.7,52280.0,MAFIC_VOLCANIC,0
3675.0,7025.0,534.3,52271.0,MAFIC_VOLCANIC,0
3725.0,7025.0,530.8,52245.0,MAFIC_VOLCANIC,0
3775.0,7025.0,527.2,52204.0,MAFIC_VOLCANIC,0
3825.0,7025.0,523.5,52150.0,METASEDIMENT,0
3875.0,7025.0,519.8,52090.0,METASEDIMENT,0
3925.0,7025.0,516.1,52027.0,METASEDIMENT,0
3975.0,7025.0,512.5,51968.0,METASEDIMENT,0
4025.0,7025.0,508.9,51916.0,METASEDIMENT,0
4075.0,7025.0,505.5,51873.0,METASEDIMENT,0
4125.0,7025.0,502.3,51839.0,MAFIC_VOLCANIC,0
4175.0,7025.0,499.2,51816.0,MAFIC_VOLCANIC,0
4225.0,7025.0,496.4,51804.0,MAFIC_VOLCANIC,0
4275.0,7025.0,493.9,51803.0,MAFIC_VOLCANIC,0
4325.0,7025.0,491.6,51816.0,MAFIC_VOLCANIC,0
4375.0,7025.0,489.5,51843.0,MAFIC_VOLCANIC,0
4425.0,7025.0,487.8,51883.0,FELSIC_VOLCANIC,0
4475.0,7025.0,486.4,51935.0,FELSIC_VOLCANIC,0
4525.0,7025.0,485.3,51992.0,FELSIC_VOLCANIC,0
4575.0,7025.0,484.4,52048.0,FELSIC_VOLCANIC,0
4625.0,7025.0,483.9,52094.0,FELSIC_VOLCANIC,0
4675.0,7025.0,483.6,52123.0,FELSIC_VOLCANIC,0
4725.0,7025.0,483.7,52128.0,MAFIC_VOLCANIC,0
4775.0,7025.0,484.0,52108.0,MAFIC_VOLCANIC,0
4825.0,7025.0,484.5,52067.0,MAFIC_VOLCANIC,0
4875.0,7025.0,485.2,52009.0,MAFIC_VOLCANIC,0
4925.0,7025.0,486.2,51944.0,MAFIC_VOLCANIC,0
4975.0,7025.0,487.3,51879.0,METASEDIMENT,0
5025.0,7025.0,488.6,51823.0,METASEDIMENT,0
5075.0,7025.0,490.0,51779.0,METASEDIMENT,0
5125.0,7025.0,491.4,51749.0,METASEDIMENT,0
5175.0,7025.0,493.0,51732.0,METASEDIMENT,0
5225.0,7025.0,494.5,51724.0,METASEDIMENT,0
5275.0,7025.0,496.1,51723.0,METASEDIMENT,0
5325.0,7025.0,497.6,51725.0,METASEDIMENT,0
5375.0,7025.0,499.1,51731.0,METASEDIMENT,0
5425.0,7025.0,500.5,51740.0,MAFIC_VOLCANIC,0
5475.0,7025.0,501.8,51754.0,MAFIC_VOLCANIC,0
5525.0,7025.0,503.0,51773.0,MAFIC_VOLCANIC,0
5575.0,7025.0,504.0,51797.0,MAFIC_VOLCANIC,0
5625.0,7025.0,504.9,51827.0,MAFIC_VOLCANIC,0
5675.0,7025.0,505.6,51859.0,MAFIC_VOLCANIC,0
5725.0,7025.0,506.1,51892.0,FELSIC_VOLCANIC,0
5775.0,7025.0,506.4,51926.0,FELSIC_VOLCANIC,0
5825.0,7025.0,506.6,51960.0,FELSIC_VOLCANIC,0
5875.0,7025.0,506.5,51994.0,FELSIC_VOLCANIC,0
5925.0,7025.0,506.2,52031.0,FELSIC_VOLCANIC,0
5975.0,7025.0,505.8,52071.0,FELSIC_VOLCANIC,0
6025.0,7025.0,505.1,52113.0,FELSIC_VOLCANIC,0
6075.0,7025.0,504.3,52154.0,FELSIC_VOLCANIC,0
6125.0,7025.0,503.2,52189.0,FELSIC_VOLCANIC,0
6175.0,7025.0,502.1,52213.0,FELSIC_VOLCANIC,0
6225.0,7025.0,500.8,52219.0,FELSIC_VOLCANIC,0
6275.0,7025.0,499.4,52204.0,FELSIC_VOLCANIC,0
6325.0,7025.0,497.9,52166.0,MAFIC_VOLCANIC,0
6375.0,7025.0,496.3,52108.0,MAFIC_VOLCANIC,0
6425.0,7025.0,494.6,52036.0,MAFIC_VOLCANIC,0
6475.0,7025.0,492.9,51959.0,MAFIC_VOLCANIC,0
6525.0,7025.0,491.3,51887.0,MAFIC_VOLCANIC,0
6575.0,7025.0,489.6,51827.0,MAFIC_VOLCANIC,0
6625.0,7025.0,487.9,51788.0,MAFIC_VOLCANIC,0
6675.0,7025.0,486.3,51772.0,MAFIC_VOLCANIC,0
6725.0,7025.0,484.8,51780.0,MAFIC_VOLCANIC,0
6775.0,7025.0,483.4,51810.0,MAFIC_VOLCANIC,0
6825.0,7025.0,482.1,51858.0,FELSIC_VOLCANIC,0
6875.0,7025.0,480.9,51917.0,FELSIC_VOLCANIC,0
6925.0,7025.0,479.9,51982.0,FELSIC_VOLCANIC,0
6975.0,7025.0,479.0,52045.0,FELSIC_VOLCANIC,0
7025.0,7025.0,478.2,52100.0,FELSIC_VOLCANIC,0
7075.0,7025.0,477.7,52143.0,FELSIC_VOLCANIC,0
7125.0,7025.0,477.3,52170.0,FELSIC_VOLCANIC,0
7175.0,7025.0,477.1,52178.0,GRANITE,0
7225.0,7025.0,477.0,52168.0,GRANITE,0
7275.0,7025.0,477.2,52144.0,GRANITE,0
7325.0,7025.0,477.5,52112.0,GRANITE,0
7375.0,7025.0,477.9,52078.0,GRANITE,0
7425.0,7025.0,478.5,52051.0,GRANITE,0
7475.0,7025.0,479.3,52037.0,GRANITE,0
7525.0,7025.0,480.1,52041.0,GRANITE,0
7575.0,7025.0,481.1,52065.0,GRANITE,0
7625.0,7025.0,482.1,52104.0,GRANITE,0
7675.0,7025.0,483.2,52153.0,GRANITE,0
7725.0,7025.0,484.4,52203.0,FELSIC_VOLCANIC,0
7775.0,7025.0,485.6,52247.0,FELSIC_VOLCANIC,0
7825.0,7025.0,486.8,52277.0,MAFIC_VOLCANIC,0
7875.0,7025.0,488.0,52290.0,MAFIC_VOLCANIC,0
7925.0,7025.0,489.1,52286.0,MAFIC_VOLCANIC,0
7975.0,7025.0,490.2,52265.0,MAFIC_VOLCANIC,0
8025.0,7025.0,491.3,52233.0,MAFIC_VOLCANIC,0
8075.0,7025.0,492.2,52196.0,MAFIC_VOLCANIC,0
8125.0,7025.0,493.0,52157.0,MAFIC_VOLCANIC,0
8175.0,7025.0,493.7,52122.0,MAFIC_VOLCANIC,0
8225.0,7025.0,494.3,52092.0,MAFIC_VOLCANIC,0
8275.0,7025.0,494.7,52070.0,MAFIC_VOLCANIC,0
8325.0,7025.0,495.0,52055.0,MAFIC_VOLCANIC,0
8375.0,7025.0,495.1,52048.0,MAFIC_VOLCANIC,0
8425.0,7025.0,495.0,52047.0,MAFIC_VOLCANIC,0
8475.0,7025.0,494.7,52052.0,MAFIC_VOLCANIC,0
8525.0,7025.0,494.3,52061.0,MAFIC_VOLCANIC,0
8575.0,7025.0,493.6,52074.0,FELSIC_VOLCANIC,0
8625.0,7025.0,492.8,52088.0,FELSIC_VOLCANIC,0
8675.0,7025.0,491.9,52102.0,FELSIC_VOLCANIC,0
8725.0,7025.0,490.7,52112.0,FELSIC_VOLCANIC,0
8775.0,7025.0,489.5,52118.0,GRANITE,0
8825.0,7025.0,488.0,52120.0,GRANITE,0
8875.0,7025.0,486.5,52117.0,GRANITE,0
8925.0,7025.0,484.8,52110.0,GRANITE,0
8975.0,7025.0,483.0,52103.0,GRANITE,0
3025.0,7075.0,550.3,52166.0,MAFIC_VOLCANIC,0
3075.0,7075.0,551.7,52179.0,MAFIC_VOLCANIC,0
3125.0,7075.0,552.7,52187.0,MAFIC_VOLCANIC,0
3175.0,7075.0,553.0,52190.0,MAFIC_VOLCANIC,0
3225.0,7075.0,552.9,52189.0,MAFIC_VOLCANIC,0
3275.0,7075.0,552.2,52187.0,MAFIC_VOLCANIC,0
3325.0,7075.0,551.1,52187.0,MAFIC_VOLCANIC,0
3375.0,7075.0,549.6,52193.0,MAFIC_VOLCANIC,0
3425.0,7075.0,547.7,52205.0,MAFIC_VOLCANIC,0
3475.0,7075.0,545.4,52224.0,MAFIC_VOLCANIC,0
3525.0,7075.0,542.7,52246.0,MAFIC_VOLCANIC,0
3575.0,7075.0,539.9,52267.0,MAFIC_VOLCANIC,0
3625.0,7075.0,536.7,52280.0,MAFIC_VOLCANIC,0
3675.0,7075.0,533.4,52281.0,MAFIC_VOLCANIC,0
3725.0,7075.0,530.0,52264.0,MAFIC_VOLCANIC,0
3775.0,7075.0,526.4,52231.0,MAFIC_VOLCANIC,0
3825.0,7075.0,522.8,52182.0,MAFIC_VOLCANIC,0
3875.0,7075.0,519.2,52122.0,METASEDIMENT,0
3925.0,7075.0,515.6,52056.0,METASEDIMENT,0
3975.0,7075.0,512.1,51992.0,METASEDIMENT,0
4025.0,7075.0,508.7,51933.0,METASEDIMENT,0
4075.0,7075.0,505.4,51883.0,METASEDIMENT,0
4125.0,7075.0,502.4,51843.0,METASEDIMENT,0
4175.0,7075.0,499.5,51815.0,MAFIC_VOLCANIC,0
4225.0,7075.0,496.8,51797.0,MAFIC_VOLCANIC,0
4275.0,7075.0,494.4,51792.0,MAFIC_VOLCANIC,0
4325.0,7075.0,492.3,51799.0,MAFIC_VOLCANIC,0
4375.0,7075.0,490.4,51820.0,MAFIC_VOLCANIC,0
4425.0,7075.0,488.8,51856.0,MAFIC_VOLCANIC,0
4475.0,7075.0,487.6,51904.0,MAFIC_VOLCANIC,0
4525.0,7075.0,486.6,51960.0,FELSIC_VOLCANIC,0
4575.0,7075.0,485.9,52019.0,FELSIC_VOLCANIC,0
4625.0,7075.0,485.5,52072.0,FELSIC_VOLCANIC,0
4675.0,7075.0,485.4,52110.0,FELSIC_VOLCANIC,0
4725.0,7075.0,485.6,52127.0,MAFIC_VOLCANIC,0
4775.0,7075.0,486.0,52120.0,MAFIC_VOLCANIC,0
4825.0,7075.0,486.6,52088.0,MAFIC_VOLCANIC,0
4875.0,7075.0,487.5,52037.0,MAFIC_VOLCANIC,0
4925.0,7075.0,488.6,51975.0,MAFIC_VOLCANIC,0
4975.0,7075.0,489.8,51909.0,MAFIC_VOLCANIC,0
5025.0,7075.0,491.1,51849.0,MAFIC_VOLCANIC,0
5075.0,7075.0,492.6,51800.0,METASEDIMENT,0
5125.0,7075.0,494.1,51765.0,METASEDIMENT,0
5175.0,7075.0,495.7,51744.0,METASEDIMENT,0
5225.0,7075.0,497.3,51734.0,METASEDIMENT,0
5275.0,7075.0,498.9,51732.0,METASEDIMENT,0
5325.0,7075.0,500.4,51735.0,METASEDIMENT,0
5375.0,7075.0,501.9,51740.0,MAFIC_VOLCANIC,0
5425.0,7075.0,503.4,51747.0,MAFIC_VOLCANIC,0
5475.0,7075.0,504.6,51758.0,MAFIC_VOLCANIC,0
5525.0,7075.0,505.8,51774.0,MAFIC_VOLCANIC,0
5575.0,7075.0,506.8,51795.0,MAFIC_VOLCANIC,0
5625.0,7075.0,507.7,51822.0,MAFIC_VOLCANIC,0
5675.0,7075.0,508.4,51853.0,FELSIC_VOLCANIC,0
5725.0,7075.0,508.8,51886.0,FELSIC_VOLCANIC,0
5775.0,7075.0,509.1,51921.0,FELSIC_VOLCANIC,0
5825.0,7075.0,509.2,51956.0,FELSIC_VOLCANIC,0
5875.0,7075.0,509.1,51992.0,FELSIC_VOLCANIC,1
5925.0,7075.0,508.8,52029.0,FELSIC_VOLCANIC,1
5975.0,7075.0,508.2,52069.0,FELSIC_VOLCANIC,1
6025.0,7075.0,507.5,52112.0,FELSIC_VOLCANIC,1
6075.0,7075.0,506.6,52155.0,FELSIC_VOLCANIC,1
6125.0,7075.0,505.6,52194.0,FELSIC_VOLCANIC,1
6175.0,7075.0,504.4,52223.0,FELSIC_VOLCANIC,1
6225.0,7075.0,503.0,52238.0,FELSIC_VOLCANIC,1
6275.0,7075.0,501.5,52234.0,FELSIC_VOLCANIC,1
6325.0,7075.0,500.0,52206.0,FELSIC_VOLCANIC,1
6375.0,7075.0,498.3,52158.0,FELSIC_VOLCANIC,1
6425.0,7075.0,496.6,52093.0,MAFIC_VOLCANIC,1
6475.0,7075.0,494.9,52018.0,MAFIC_VOLCANIC,1
6525.0,7075.0,493.2,51943.0,MAFIC_VOLCANIC,1
6575.0,7075.0,491.4,51876.0,MAFIC_VOLCANIC,1
6625.0,7075.0,489.7,51826.0,MAFIC_VOLCANIC,1
6675.0,7075.0,488.1,51798.0,MAFIC_VOLCANIC,1
6725.0,7075.0,486.5,51793.0,MAFIC_VOLCANIC,0
6775.0,7075.0,485.1,51812.0,FELSIC_VOLCANIC,0
6825.0,7075.0,483.7,51850.0,FELSIC_VOLCANIC,0
6875.0,7075.0,482.5,51903.0,FELSIC_VOLCANIC,0
6925.0,7075.0,481.4,51965.0,FELSIC_VOLCANIC,0
6975.0,7075.0,480.4,52028.0,FELSIC_VOLCANIC,0
7025.0,7075.0,479.7,52087.0,FELSIC_VOLCANIC,0
7075.0,7075.0,479.0,52135.0,FELSIC_VOLCANIC,0
7125.0,7075.0,478.6,52167.0,FELSIC_VOLCANIC,0
7175.0,7075.0,478.3,52181.0,FELSIC_VOLCANIC,0
7225.0,7075.0,478.3,52175.0,GRANITE,0
7275.0,7075.0,478.3,52153.0,GRANITE,0
7325.0,7075.0,478.6,52118.0,GRANITE,0
7375.0,7075.0,479.0,52078.0,GRANITE,0
7425.0,7075.0,479.5,52042.0,GRANITE,0
7475.0,7075.0,480.2,52018.0,GRANITE,0
7525.0,7075.0,481.0,52011.0,GRANITE,0
7575.0,7075.0,481.9,52025.0,GRANITE,0
7625.0,7075.0,482.9,52059.0,GRANITE,0
7675.0,7075.0,483.9,52106.0,GRANITE,0
7725.0,7075.0,485.0,52161.0,FELSIC_VOLCANIC,0
7775.0,7075.0,486.1,52213.0,FELSIC_VOLCANIC,0
7825.0,7075.0,487.3,52254.0,FELSIC_VOLCANIC,0
7875.0,7075.0,488.4,52280.0,MAFIC_VOLCANIC,0
7925.0,7075.0,489.5,52286.0,MAFIC_VOLCANIC,0
7975.0,7075.0,490.5,52274.0,MAFIC_VOLCANIC,0
8025.0,7075.0,491.5,52247.0,MAFIC_VOLCANIC,0
8075.0,7075.0,492.4,52210.0,MAFIC_VOLCANIC,0
8125.0,7075.0,493.1,52168.0,METASEDIMENT,0
8175.0,7075.0,493.8,52126.0,METASEDIMENT,0
8225.0,7075.0,494.3,52090.0,METASEDIMENT,0
8275.0,7075.0,494.6,52059.0,METASEDIMENT,0
8325.0,7075.0,494.8,52038.0,MAFIC_VOLCANIC,0
8375.0,7075.0,494.9,52025.0,MAFIC_VOLCANIC,0
8425.0,7075.0,494.7,52020.0,MAFIC_VOLCANIC,0
8475.0,7075.0,494.4,52023.0,MAFIC_VOLCANIC,0
8525.0,7075.0,493.9,52033.0,MAFIC_VOLCANIC,0
8575.0,7075.0,493.3,52047.0,MAFIC_VOLCANIC,0
8625.0,7075.0,492.4,52064.0,FELSIC_VOLCANIC,0
8675.0,7075.0,491.4,52081.0,FELSIC_VOLCANIC,0
8725.0,7075.0,490.2,52096.0,FELSIC_VOLCANIC,0
8775.0,7075.0,488.9,52106.0,GRANITE,0
8825.0,7075.0,487.4,52110.0,GRANITE,0
8875.0,7075.0,485.8,52109.0,GRANITE,0
8925.0,7075.0,484.1,52104.0,GRANITE,0
8975.0,7075.0,482.2,52096.0,GRANITE,0
3025.0,7125.0,549.3,52137.0,MAFIC_VOLCANIC,0
3075.0,7125.0,550.6,52149.0,MAFIC_VOLCANIC,0
3125.0,7125.0,551.5,52158.0,MAFIC_VOLCANIC,0
3175.0,7125.0,551.8,52163.0,MAFIC_VOLCANIC,0
3225.0,7125.0,551.5,52165.0,MAFIC_VOLCANIC,0
3275.0,7125.0,550.8,52164.0,MAFIC_VOLCANIC,0
3325.0,7125.0,549.7,52164.0,MAFIC_VOLCANIC,0
3375.0,7125.0,548.1,52168.0,MAFIC_VOLCANIC,0
3425.0,7125.0,546.1,52180.0,MAFIC_VOLCANIC,0
3475.0,7125.0,543.8,52198.0,MAFIC_VOLCANIC,0
3525.0,7125.0,541.2,52223.0,MAFIC_VOLCANIC,0
3575.0,7125.0,538.4,52249.0,MAFIC_VOLCANIC,0
3625.0,7125.0,535.3,52271.0,MAFIC_VOLCANIC,0
3675.0,7125.0,532.0,52281.0,MAFIC_VOLCANIC,0
3725.0,7125.0,528.6,52276.0,MAFIC_VOLCANIC,0
3775.0,7125.0,525.2,52251.0,MAFIC_VOLCANIC,0
3825.0,7125.0,521.7,52209.0,MAFIC_VOLCANIC,0
3875.0,7125.0,518.2,52152.0,METASEDIMENT,0
3925.0,7125.0,514.7,52085.0,METASEDIMENT,0
3975.0,7125.0,511.3,52017.0,METASEDIMENT,0
4025.0,7125.0,508.0,51952.0,METASEDIMENT,0
4075.0,7125.0,504.9,51894.0,METASEDIMENT,0
4125.0,7125.0,502.0,51848.0,METASEDIMENT,0
4175.0,7125.0,499.2,51813.0,METASEDIMENT,0
4225.0,7125.0,496.7,51790.0,MAFIC_VOLCANIC,0
4275.0,7125.0,494.5,51779.0,MAFIC_VOLCANIC,0
4325.0,7125.0,492.5,51781.0,MAFIC_VOLCANIC,0
4375.0,7125.0,490.8,51797.0,MAFIC_VOLCANIC,0
4425.0,7125.0,489.4,51828.0,MAFIC_VOLCANIC,0
4475.0,7125.0,488.3,51872.0,MAFIC_VOLCANIC,0
4525.0,7125.0,487.5,51927.0,MAFIC_VOLCANIC,0
4575.0,7125.0,487.0,51988.0,FELSIC_VOLCANIC,0
4625.0,7125.0,486.8,52046.0,FELSIC_VOLCANIC,0
4675.0,7125.0,486.8,52094.0,FELSIC_VOLCANIC,0
4725.0,7125.0,487.1,52123.0,MAFIC_VOLCANIC,0
4775.0,7125.0,487.7,52128.0,MAFIC_VOLCANIC,0
4825.0,7125.0,488.5,52108.0,MAFIC_VOLCANIC,0
4875.0,7125.0,489.4,52066.0,MAFIC_VOLCANIC,0
4925.0,7125.0,490.6,52008.0,MAFIC_VOLCANIC,0
4975.0,7125.0,491.9,51944.0,MAFIC_VOLCANIC,0
5025.0,7125.0,493.4,51881.0,MAFIC_VOLCANIC,0
5075.0,7125.0,494.9,51827.0,MAFIC_VOLCANIC,0
5125.0,7125.0,496.5,51787.0,METASEDIMENT,0
5175.0,7125.0,498.1,51762.0,METASEDIMENT,0
5225.0,7125.0,499.8,51749.0,METASEDIMENT,0
5275.0,7125.0,501.4,51745.0,METASEDIMENT,0
5325.0,7125.0,503.0,51747.0,MAFIC_VOLCANIC,0
5375.0,7125.0,504.5,51752.0,MAFIC_VOLCANIC,0
5425.0,7125.0,506.0,51759.0,MAFIC_VOLCANIC,1
5475.0,7125.0,507.3,51768.0,MAFIC_VOLCANIC,1
5525.0,7125.0,508.4,51780.0,MAFIC_VOLCANIC,1
5575.0,7125.0,509.4,51797.0,MAFIC_VOLCANIC,1
5625.0,7125.0,510.2,51820.0,MAFIC_VOLCANIC,1
5675.0,7125.0,510.9,51848.0,FELSIC_VOLCANIC,1
5725.0,7125.0,511.3,51879.0,FELSIC_VOLCANIC,1
5775.0,7125.0,511.6,51913.0,FELSIC_VOLCANIC,1
5825.0,7125.0,511.6,51948.0,FELSIC_VOLCANIC,1
5875.0,7125.0,511.5,51984.0,FELSIC_VOLCANIC,1
5925.0,7125.0,511.1,52022.0,FELSIC_VOLCANIC,1
5975.0,7125.0,510.5,52063.0,FELSIC_VOLCANIC,1
6025.0,7125.0,509.8,52105.0,FELSIC_VOLCANIC,1
6075.0,7125.0,508.8,52149.0,FELSIC_VOLCANIC,1
6125.0,7125.0,507.7,52190.0,FELSIC_VOLCANIC,1
6175.0,7125.0,506.4,52225.0,FELSIC_VOLCANIC,1
6225.0,7125.0,505.0,52248.0,FELSIC_VOLCANIC,1
6275.0,7125.0,503.5,52253.0,FELSIC_VOLCANIC,1
6325.0,7125.0,501.9,52237.0,FELSIC_VOLCANIC,1
6375.0,7125.0,500.2,52200.0,FELSIC_VOLCANIC,1
6425.0,7125.0,498.5,52143.0,FELSIC_VOLCANIC,1
6475.0,7125.0,496.7,52074.0,FELSIC_VOLCANIC,1
6525.0,7125.0,494.9,52000.0,FELSIC_VOLCANIC,1
6575.0,7125.0,493.1,51929.0,FELSIC_VOLCANIC,1
6625.0,7125.0,491.4,51871.0,FELSIC_VOLCANIC,1
6675.0,7125.0,489.7,51832.0,FELSIC_VOLCANIC,1
6725.0,7125.0,488.1,51815.0,FELSIC_VOLCANIC,1
6775.0,7125.0,486.6,51821.0,FELSIC_VOLCANIC,1
6825.0,7125.0,485.1,51849.0,FELSIC_VOLCANIC,1
6875.0,7125.0,483.9,51894.0,FELSIC_VOLCANIC,0
6925.0,7125.0,482.7,51951.0,FELSIC_VOLCANIC,0
6975.0,7125.0,481.7,52014.0,FELSIC_VOLCANIC,0
7025.0,7125.0,480.9,52074.0,FELSIC_VOLCANIC,0
7075.0,7125.0,480.3,52127.0,FELSIC_VOLCANIC,0
7125.0,7125.0,479.8,52166.0,FELSIC_VOLCANIC,0
7175.0,7125.0,479.5,52186.0,FELSIC_VOLCANIC,0
7225.0,7125.0,479.3,52186.0,FELSIC_VOLCANIC,0
7275.0,7125.0,479.3,52166.0,FELSIC_VOLCANIC,0
7325.0,7125.0,479.5,52131.0,GRANITE,0
7375.0,7125.0,479.9,52087.0,GRANITE,0
7425.0,7125.0,480.3,52043.0,GRANITE,0
7475.0,7125.0,481.0,52008.0,GRANITE,0
7525.0,7125.0,481.7,51988.0,GRANITE,0
7575.0,7125.0,482.5,51990.0,GRANITE,0
7625.0,7125.0,483.4,52014.0,GRANITE,0
7675.0,7125.0,484.4,52057.0,GRANITE,0
7725.0,7125.0,485.5,52111.0,FELSIC_VOLCANIC,0
7775.0,7125.0,486.5,52169.0,FELSIC_VOLCANIC,0
7825.0,7125.0,487.6,52220.0,FELSIC_VOLCANIC,0
7875.0,7125.0,488.7,52257.0,MAFIC_VOLCANIC,0
7925.0,7125.0,489.7,52276.0,MAFIC_VOLCANIC,0
7975.0,7125.0,490.7,52274.0,MAFIC_VOLCANIC,0
8025.0,7125.0,491.6,52255.0,MAFIC_VOLCANIC,0
8075.0,7125.0,492.4,52221.0,MAFIC_VOLCANIC,0
8125.0,7125.0,493.1,52179.0,METASEDIMENT,0
8175.0,7125.0,493.7,52134.0,METASEDIMENT,0
8225.0,7125.0,494.1,52091.0,METASEDIMENT,0
8275.0,7125.0,494.4,52053.0,METASEDIMENT,0
8325.0,7125.0,494.6,52024.0,METASEDIMENT,0
8375.0,7125.0,494.6,52004.0,MAFIC_VOLCANIC,0
8425.0,7125.0,494.4,51995.0,MAFIC_VOLCANIC,0
8475.0,7125.0,494.0,51995.0,MAFIC_VOLCANIC,0
8525.0,7125.0,493.5,52004.0,MAFIC_VOLCANIC,0
8575.0,7125.0,492.7,52019.0,MAFIC_VOLCANIC,0
8625.0,7125.0,491.9,52038.0,MAFIC_VOLCANIC,0
8675.0,7125.0,490.8,52059.0,FELSIC_VOLCANIC,0
8725.0,7125.0,489.6,52078.0,FELSIC_VOLCANIC,0
8775.0,7125.0,488.2,52093.0,FELSIC_VOLCANIC,0
8825.0,7125.0,486.7,52102.0,GRANITE,0
8875.0,7125.0,485.0,52104.0,GRANITE,0
8925.0,7125.0,483.2,52101.0,GRANITE,0
8975.0,7125.0,481.4,52094.0,GRANITE,0
3025.0,7175.0,547.8,52112.0,MAFIC_VOLCANIC,0
3075.0,7175.0,549.1,52121.0,MAFIC_VOLCANIC,0
3125.0,7175.0,549.8,52130.0,MAFIC_VOLCANIC,0
3175.0,7175.0,550.0,52137.0,MAFIC_VOLCANIC,0
3225.0,7175.0,549.7,52140.0,MAFIC_VOLCANIC,0
3275.0,7175.0,548.9,52141.0,MAFIC_VOLCANIC,0
3325.0,7175.0,547.7,52141.0,MAFIC_VOLCANIC,0
3375.0,7175.0,546.1,52144.0,MAFIC_VOLCANIC,0
3425.0,7175.0,544.1,52154.0,MAFIC_VOLCANIC,0
3475.0,7175.0,541.8,52171.0,MAFIC_VOLCANIC,0
3525.0,7175.0,539.2,52196.0,MAFIC_VOLCANIC,0
3575.0,7175.0,536.4,52225.0,MAFIC_VOLCANIC,0
3625.0,7175.0,533.3,52253.0,MAFIC_VOLCANIC,0
3675.0,7175.0,530.1,52272.0,MAFIC_VOLCANIC,0
3725.0,7175.0,526.8,52277.0,MAFIC_VOLCANIC,0
3775.0,7175.0,523.4,52263.0,MAFIC_VOLCANIC,0
3825.0,7175.0,520.0,52230.0,MAFIC_VOLCANIC,0
3875.0,7175.0,516.6,52178.0,MAFIC_VOLCANIC,0
3925.0,7175.0,513.2,52113.0,METASEDIMENT,0
3975.0,7175.0,510.0,52042.0,METASEDIMENT,0
4025.0,7175.0,506.8,51972.0,METASEDIMENT,0
4075.0,7175.0,503.9,51907.0,METASEDIMENT,0
4125.0,7175.0,501.1,51853.0,METASEDIMENT,0
4175.0,7175.0,498.5,51811.0,METASEDIMENT,0
4225.0,7175.0,496.2,51781.0,METASEDIMENT,0
4275.0,7175.0,494.1,51765.0,MAFIC_VOLCANIC,0
4325.0,7175.0,492.3,51762.0,MAFIC_VOLCANIC,0
4375.0,7175.0,490.8,51773.0,MAFIC_VOLCANIC,0
4425.0,7175.0,489.6,51799.0,MAFIC_VOLCANIC,0
4475.0,7175.0,488.7,51840.0,MAFIC_VOLCANIC,0
4525.0,7175.0,488.0,51893.0,MAFIC_VOLCANIC,0
4575.0,7175.0,487.7,51954.0,MAFIC_VOLCANIC,0
4625.0,7175.0,487.6,52017.0,MAFIC_VOLCANIC,0
4675.0,7175.0,487.8,52073.0,MAFIC_VOLCANIC,0
4725.0,7175.0,488.3,52113.0,MAFIC_VOLCANIC,0
4775.0,7175.0,489.0,52132.0,MAFIC_VOLCANIC,0
4825.0,7175.0,489.9,52125.0,MAFIC_VOLCANIC,0
4875.0,7175.0,491.0,52094.0,MAFIC_VOLCANIC,0
4925.0,7175.0,492.3,52044.0,MAFIC_VOLCANIC,0
4975.0,7175.0,493.7,51982.0,MAFIC_VOLCANIC,0
5025.0,7175.0,495.3,51919.0,MAFIC_VOLCANIC,1
5075.0,7175.0,496.9,51861.0,MAFIC_VOLCANIC,1
5125.0,7175.0,498.6,51816.0,MAFIC_VOLCANIC,1
5175.0,7175.0,500.3,51785.0,MAFIC_VOLCANIC,1
5225.0,7175.0,502.0,51768.0,MAFIC_VOLCANIC,1
5275.0,7175.0,503.7,51762.0,MAFIC_VOLCANIC,1
5325.0,7175.0,505.3,51762.0,MAFIC_VOLCANIC,1
5375.0,7175.0,506.8,51767.0,MAFIC_VOLCANIC,1
5425.0,7175.0,508.3,51773.0,MAFIC_VOLCANIC,1
5475.0,7175.0,509.6,51781.0,MAFIC_VOLCANIC,1
5525.0,7175.0,510.8,51791.0,MAFIC_VOLCANIC,1
5575.0,7175.0,511.7,51804.0,MAFIC_VOLCANIC,1
5625.0,7175.0,512.6,51822.0,MAFIC_VOLCANIC,1
5675.0,7175.0,513.2,51845.0,FELSIC_VOLCANIC,1
5725.0,7175.0,513.6,51873.0,FELSIC_VOLCANIC,1
5775.0,7175.0,513.8,51905.0,FELSIC_VOLCANIC,1
5825.0,7175.0,513.8,51939.0,FELSIC_VOLCANIC,1
5875.0,7175.0,513.6,51974.0,FELSIC_VOLCANIC,1
5925.0,7175.0,513.2,52011.0,FELSIC_VOLCANIC,1
5975.0,7175.0,512.6,52051.0,FELSIC_VOLCANIC,1
6025.0,7175.0,511.8,52093.0,FELSIC_VOLCANIC,1
6075.0,7175.0,510.8,52137.0,FELSIC_VOLCANIC,1
6125.0,7175.0,509.7,52180.0,FELSIC_VOLCANIC,1
6175.0,7175.0,508.3,52219.0,FELSIC_VOLCANIC,1
6225.0,7175.0,506.9,52248.0,FELSIC_VOLCANIC,1
6275.0,7175.0,505.3,52262.0,FELSIC_VOLCANIC,1
6325.0,7175.0,503.7,52257.0,FELSIC_VOLCANIC,1
6375.0,7175.0,501.9,52231.0,FELSIC_VOLCANIC,1
6425.0,7175.0,500.1,52185.0,FELSIC_VOLCANIC,1
6475.0,7175.0,498.3,52124.0,FELSIC_VOLCANIC,1
6525.0,7175.0,496.4,52054.0,FELSIC_VOLCANIC,1
6575.0,7175.0,494.6,51983.0,FELSIC_VOLCANIC,1
6625.0,7175.0,492.8,51920.0,FELSIC_VOLCANIC,1
6675.0,7175.0,491.1,51872.0,FELSIC_VOLCANIC,1
6725.0,7175.0,489.4,51845.0,FELSIC_VOLCANIC,1
6775.0,7175.0,487.9,51839.0,FELSIC_VOLCANIC,1
6825.0,7175.0,486.4,51856.0,FELSIC_VOLCANIC,1
6875.0,7175.0,485.1,51891.0,FELSIC_VOLCANIC,1
6925.0,7175.0,483.9,51942.0,FELSIC_VOLCANIC,1
6975.0,7175.0,482.9,52001.0,FELSIC_VOLCANIC,1
7025.0,7175.0,482.0,52062.0,FELSIC_VOLCANIC,0
7075.0,7175.0,481.3,52119.0,FELSIC_VOLCANIC,0
7125.0,7175.0,480.7,52164.0,FELSIC_VOLCANIC,0
7175.0,7175.0,480.4,52191.0,FELSIC_VOLCANIC,0
7225.0,7175.0,480.2,52198.0,FELSIC_VOLCANIC,0
7275.0,7175.0,480.1,52184.0,FELSIC_VOLCANIC,0
7325.0,7175.0,480.3,52151.0,FELSIC_VOLCANIC,0
7375.0,7175.0,480.5,52105.0,GRANITE,0
7425.0,7175.0,481.0,52055.0,GRANITE,0
7475.0,7175.0,481.5,52009.0,GRANITE,0
7525.0,7175.0,482.2,51976.0,GRANITE,0
7575.0,7175.0,483.0,51964.0,GRANITE,0
7625.0,7175.0,483.8,51976.0,GRANITE,0
7675.0,7175.0,484.7,52009.0,GRANITE,0
7725.0,7175.0,485.7,52059.0,FELSIC_VOLCANIC,0
7775.0,7175.0,486.7,52117.0,FELSIC_VOLCANIC,0
7825.0,7175.0,487.7,52175.0,FELSIC_VOLCANIC,0
7875.0,7175.0,488.7,52223.0,MAFIC_VOLCANIC,0
7925.0,7175.0,489.7,52254.0,MAFIC_VOLCANIC,0
7975.0,7175.0,490.6,52265.0,MAFIC_VOLCANIC,0
8025.0,7175.0,491.4,52255.0,MAFIC_VOLCANIC,0
8075.0,7175.0,492.2,52228.0,METASEDIMENT,0
8125.0,7175.0,492.9,52189.0,METASEDIMENT,0
8175.0,7175.0,493.4,52142.0,METASEDIMENT,0
8225.0,7175.0,493.8,52095.0,METASEDIMENT,0
8275.0,7175.0,494.0,52051.0,METASEDIMENT,0
8325.0,7175.0,494.1,52014.0,METASEDIMENT,0
8375.0,7175.0,494.1,51988.0,METASEDIMENT,0
8425.0,7175.0,493.8,51972.0,MAFIC_VOLCANIC,0
8475.0,7175.0,493.4,51968.0,MAFIC_VOLCANIC,0
8525.0,7175.0,492.8,51975.0,MAFIC_VOLCANIC,0
8575.0,7175.0,492.1,51990.0,MAFIC_VOLCANIC,0
8625.0,7175.0,491.1,52012.0,MAFIC_VOLCANIC,0
8675.0,7175.0,490.0,52036.0,FELSIC_VOLCANIC,0
8725.0,7175.0,488.8,52060.0,FELSIC_VOLCANIC,0
8775.0,7175.0,487.3,52079.0,FELSIC_VOLCANIC,0
8825.0,7175.0,485.8,52093.0,FELSIC_VOLCANIC,0
8875.0,7175.0,484.1,52100.0,GRANITE,0
8925.0,7175.0,482.3,52100.0,GRANITE,0
8975.0,7175.0,480.4,52094.0,GRANITE,0
3025.0,7225.0,545.9,52092.0,MAFIC_VOLCANIC,0
3075.0,7225.0,547.1,52097.0,MAFIC_VOLCANIC,0
3125.0,7225.0,547.7,52104.0,MAFIC_VOLCANIC,0
3175.0,7225.0,547.8,52111.0,MAFIC_VOLCANIC,0
3225.0,7225.0,547.4,52116.0,MAFIC_VOLCANIC,0
3275.0,7225.0,546.5,52119.0,MAFIC_VOLCANIC,0
3325.0,7225.0,545.3,52119.0,MAFIC_VOLCANIC,0
3375.0,7225.0,543.6,52122.0,MAFIC_VOLCANIC,0
3425.0,7225.0,541.6,52129.0,MAFIC_VOLCANIC,0
3475.0,7225.0,539.3,52144.0,MAFIC_VOLCANIC,0
3525.0,7225.0,536.7,52167.0,FELSIC_VOLCANIC,0
3575.0,7225.0,533.8,52196.0,FELSIC_VOLCANIC,0
3625.0,7225.0,530.8,52228.0,MAFIC_VOLCANIC,0
3675.0,7225.0,527.7,52254.0,MAFIC_VOLCANIC,0
3725.0,7225.0,524.4,52269.0,MAFIC_VOLCANIC,0
3775.0,7225.0,521.1,52266.0,MAFIC_VOLCANIC,0
3825.0,7225.0,517.8,52243.0,MAFIC_VOLCANIC,0
3875.0,7225.0,514.5,52199.0,MAFIC_VOLCANIC,0
3925.0,7225.0,511.2,52139.0,METASEDIMENT,0
3975.0,7225.0,508.1,52068.0,METASEDIMENT,0
4025.0,7225.0,505.1,51994.0,METASEDIMENT,0
4075.0,7225.0,502.3,51923.0,METASEDIMENT,0
4125.0,7225.0,499.7,51861.0,METASEDIMENT,0
4175.0,7225.0,497.3,51811.0,METASEDIMENT,0
4225.0,7225.0,495.1,51774.0,METASEDIMENT,0
4275.0,7225.0,493.3,51751.0,METASEDIMENT,0
4325.0,7225.0,491.6,51743.0,MAFIC_VOLCANIC,0
4375.0,7225.0,490.3,51749.0,MAFIC_VOLCANIC,0
4425.0,7225.0,489.3,51770.0,MAFIC_VOLCANIC,0
4475.0,7225.0,488.5,51806.0,MAFIC_VOLCANIC,0
4525.0,7225.0,488.1,51857.0,MAFIC_VOLCANIC,0
4575.0,7225.0,487.9,51918.0,MAFIC_VOLCANIC,0
4625.0,7225.0,488.1,51984.0,MAFIC_VOLCANIC,0
4675.0,7225.0,488.4,52046.0,MAFIC_VOLCANIC,0
4725.0,7225.0,489.1,52098.0,MAFIC_VOLCANIC,0
4775.0,7225.0,489.9,52129.0,MAFIC_VOLCANIC,0
4825.0,7225.0,491.0,52137.0,MAFIC_VOLCANIC,0
4875.0,7225.0,492.2,52119.0,MAFIC_VOLCANIC,1
4925.0,7225.0,493.6,52079.0,MAFIC_VOLCANIC,1
4975.0,7225.0,495.2,52023.0,MAFIC_VOLCANIC,1
5025.0,7225.0,496.8,51961.0,MAFIC_VOLCANIC,1
5075.0,7225.0,498.5,51901.0,MAFIC_VOLCANIC,1
5125.0,7225.0,500.3,51851.0,MAFIC_VOLCANIC,1
5175.0,7225.0,502.1,51814.0,MAFIC_VOLCANIC,1
5225.0,7225.0,503.9,51792.0,MAFIC_VOLCANIC,1
5275.0,7225.0,505.6,51783.0,MAFIC_VOLCANIC,1
5325.0,7225.0,507.3,51782.0,MAFIC_VOLCANIC,1
5375.0,7225.0,508.9,51786.0,MAFIC_VOLCANIC,1
5425.0,7225.0,510.3,51792.0,MAFIC_VOLCANIC,1
5475.0,7225.0,511.6,51798.0,MAFIC_VOLCANIC,1
5525.0,7225.0,512.8,51806.0,MAFIC_VOLCANIC,1
5575.0,7225.0,513.8,51815.0,MAFIC_VOLCANIC,1
5625.0,7225.0,514.6,51829.0,FELSIC_VOLCANIC,1
5675.0,7225.0,515.2,51847.0,FELSIC_VOLCANIC,1
5725.0,7225.0,515.6,51870.0,FELSIC_VOLCANIC,1
5775.0,7225.0,515.8,51898.0,FELSIC_VOLCANIC,1
5825.0,7225.0,515.8,51928.0,FELSIC_VOLCANIC,1
5875.0,7225.0,515.6,51962.0,FELSIC_VOLCANIC,1
5925.0,7225.0,515.1,51997.0,FELSIC_VOLCANIC,1
5975.0,7225.0,514.4,52035.0,FELSIC_VOLCANIC,1
6025.0,7225.0,513.6,52076.0,FELSIC_VOLCANIC,1
6075.0,7225.0,512.6,52119.0,FELSIC_VOLCANIC,1
6125.0,7225.0,511.4,52163.0,FELSIC_VOLCANIC,1
6175.0,7225.0,510.0,52204.0,FELSIC_VOLCANIC,1
6225.0,7225.0,508.5,52238.0,FELSIC_VOLCANIC,1
6275.0,7225.0,506.9,52260.0,FELSIC_VOLCANIC,1
6325.0,7225.0,505.2,52266.0,FELSIC_VOLCANIC,1
6375.0,7225.0,503.4,52251.0,FELSIC_VOLCANIC,1
6425.0,7225.0,501.5,52217.0,FELSIC_VOLCANIC,1
6475.0,7225.0,499.7,52165.0,FELSIC_VOLCANIC,1
6525.0,7225.0,497.8,52102.0,FELSIC_VOLCANIC,1
6575.0,7225.0,495.9,52034.0,FELSIC_VOLCANIC,1
6625.0,7225.0,494.1,51970.0,FELSIC_VOLCANIC,1
6675.0,7225.0,492.3,51917.0,FELSIC_VOLCANIC,1
6725.0,7225.0,490.6,51880.0,FELSIC_VOLCANIC,1
6775.0,7225.0,489.0,51864.0,FELSIC_VOLCANIC,1
6825.0,7225.0,487.5,51869.0,FELSIC_VOLCANIC,1
6875.0,7225.0,486.1,51894.0,FELSIC_VOLCANIC,1
6925.0,7225.0,484.8,51937.0,FELSIC_VOLCANIC,1
6975.0,7225.0,483.8,51991.0,FELSIC_VOLCANIC,1
7025.0,7225.0,482.8,52051.0,FELSIC_VOLCANIC,1
7075.0,7225.0,482.1,52109.0,FELSIC_VOLCANIC,1
7125.0,7225.0,481.5,52160.0,FELSIC_VOLCANIC,0
7175.0,7225.0,481.0,52195.0,FELSIC_VOLCANIC,0
7225.0,7225.0,480.8,52211.0,FELSIC_VOLCANIC,0
7275.0,7225.0,480.7,52204.0,FELSIC_VOLCANIC,0
7325.0,7225.0,480.8,52176.0,FELSIC_VOLCANIC,0
7375.0,7225.0,481.0,52131.0,FELSIC_VOLCANIC,0
7425.0,7225.0,481.4,52076.0,FELSIC_VOLCANIC,0
7475.0,7225.0,481.8,52022.0,GRANITE,0
7525.0,7225.0,482.5,51977.0,GRANITE,0
7575.0,7225.0,483.2,51950.0,GRANITE,0
7625.0,7225.0,484.0,51946.0,GRANITE,0
7675.0,7225.0,484.8,51966.0,GRANITE,0
7725.0,7225.0,485.7,52008.0,FELSIC_VOLCANIC,0
7775.0,7225.0,486.7,52063.0,FELSIC_VOLCANIC,0
7825.0,7225.0,487.6,52123.0,FELSIC_VOLCANIC,0
7875.0,7225.0,488.6,52178.0,MAFIC_VOLCANIC,0
7925.0,7225.0,489.5,52220.0,MAFIC_VOLCANIC,0
7975.0,7225.0,490.3,52244.0,MAFIC_VOLCANIC,0
8025.0,7225.0,491.1,52246.0,MAFIC_VOLCANIC,0
8075.0,7225.0,491.8,52228.0,METASEDIMENT,0
8125.0,7225.0,492.4,52195.0,METASEDIMENT,0
8175.0,7225.0,492.9,52150.0,METASEDIMENT,0
8225.0,7225.0,493.2,52100.0,METASEDIMENT,0
8275.0,7225.0,493.4,52051.0,METASEDIMENT,0
8325.0,7225.0,493.5,52008.0,METASEDIMENT,0
8375.0,7225.0,493.4,51975.0,METASEDIMENT,0
8425.0,7225.0,493.1,51953.0,METASEDIMENT,0
8475.0,7225.0,492.7,51943.0,MAFIC_VOLCANIC,0
8525.0,7225.0,492.0,51947.0,MAFIC_VOLCANIC,0
8575.0,7225.0,491.2,51961.0,MAFIC_VOLCANIC,0
8625.0,7225.0,490.3,51983.0,MAFIC_VOLCANIC,0
8675.0,7225.0,489.1,52011.0,MAFIC_VOLCANIC,0
8725.0,7225.0,487.8,52039.0,FELSIC_VOLCANIC,0
8775.0,7225.0,486.4,52064.0,FELSIC_VOLCANIC,0
8825.0,7225.0,484.8,52084.0,FELSIC_VOLCANIC,0
8875.0,7225.0,483.0,52096.0,FELSIC_VOLCANIC,0
8925.0,7225.0,481.2,52100.0,GRANITE,0
8975.0,7225.0,479.2,52097.0,GRANITE,0
3025.0,7275.0,543.6,52079.0,MAFIC_VOLCANIC,0
3075.0,7275.0,544.6,52077.0,MAFIC_VOLCANIC,0
3125.0,7275.0,545.0,52081.0,MAFIC_VOLCANIC,0
3175.0,7275.0,545.0,52087.0,MAFIC_VOLCANIC,0
3225.0,7275.0,544.5,52092.0,MAFIC_VOLCANIC,0
3275.0,7275.0,543.6,52096.0,MAFIC_VOLCANIC,0
3325.0,7275.0,542.2,52098.0,MAFIC_VOLCANIC,0
3375.0,7275.0,540.5,52100.0,MAFIC_VOLCANIC,0
3425.0,7275.0,538.5,52105.0,MAFIC_VOLCANIC,0
3475.0,7275.0,536.1,52117.0,MAFIC_VOLCANIC,0
3525.0,7275.0,533.5,52137.0,FELSIC_VOLCANIC,0
3575.0,7275.0,530.7,52165.0,FELSIC_VOLCANIC,0
3625.0,7275.0,527.7,52198.0,FELSIC_VOLCANIC,0
3675.0,7275.0,524.6,52229.0,FELSIC_VOLCANIC,0
3725.0,7275.0,521.4,52252.0,MAFIC_VOLCANIC,0
3775.0,7275.0,518.2,52260.0,MAFIC_VOLCANIC,0
3825.0,7275.0,515.0,52247.0,MAFIC_VOLCANIC,0
3875.0,7275.0,511.8,52214.0,MAFIC_VOLCANIC,0
3925.0,7275.0,508.7,52160.0,MAFIC_VOLCANIC,0
3975.0,7275.0,505.7,52092.0,METASEDIMENT,0
4025.0,7275.0,502.9,52017.0,METASEDIMENT,0
4075.0,7275.0,500.2,51941.0,METASEDIMENT,0
4125.0,7275.0,497.8,51872.0,METASEDIMENT,0
4175.0,7275.0,495.5,51814.0,METASEDIMENT,0
4225.0,7275.0,493.6,51769.0,METASEDIMENT,0
4275.0,7275.0,491.9,51739.0,METASEDIMENT,0
4325.0,7275.0,490.5,51724.0,METASEDIMENT,0
4375.0,7275.0,489.3,51725.0,MAFIC_VOLCANIC,0
4425.0,7275.0,488.5,51740.0,MAFIC_VOLCANIC,0
4475.0,7275.0,487.9,51772.0,MAFIC_VOLCANIC,0
4525.0,7275.0,487.7,51819.0,MAFIC_VOLCANIC,0
4575.0,7275.0,487.7,51879.0,MAFIC_VOLCANIC,0
4625.0,7275.0,488.0,51947.0,MAFIC_VOLCANIC,0
4675.0,7275.0,488.6,52015.0,MAFIC_VOLCANIC,0
4725.0,7275.0,489.4,52076.0,MAFIC_VOLCANIC,1
4775.0,7275.0,490.4,52120.0,MAFIC_VOLCANIC,1
4825.0,7275.0,491.6,52142.0,MAFIC_VOLCANIC,1
4875.0,7275.0,493.0,52138.0,MAFIC_VOLCANIC,1
4925.0,7275.0,494.6,52110.0,MAFIC_VOLCANIC,1
4975.0,7275.0,496.2,52063.0,MAFIC_VOLCANIC,1
5025.0,7275.0,498.0,52005.0,MAFIC_VOLCANIC,1
5075.0,7275.0,499.8,51945.0,MAFIC_VOLCANIC,1
5125.0,7275.0,501.7,51891.0,MAFIC_VOLCANIC,1
5175.0,7275.0,503.5,51850.0,MAFIC_VOLCANIC,1
5225.0,7275.0,505.4,51822.0,MAFIC_VOLCANIC,1
5275.0,7275.0,507.2,51808.0,MAFIC_VOLCANIC,1
5325.0,7275.0,508.9,51805.0,MAFIC_VOLCANIC,1
5375.0,7275.0,510.5,51807.0,MAFIC_VOLCANIC,1
5425.0,7275.0,512.0,51813.0,MAFIC_VOLCANIC,1
5475.0,7275.0,513.4,51819.0,MAFIC_VOLCANIC,1
5525.0,7275.0,514.5,51825.0,MAFIC_VOLCANIC,1
5575.0,7275.0,515.5,51832.0,MAFIC_VOLCANIC,1
5625.0,7275.0,516.4,51841.0,FELSIC_VOLCANIC,1
5675.0,7275.0,517.0,51854.0,FELSIC_VOLCANIC,1
5725.0,7275.0,517.3,51871.0,FELSIC_VOLCANIC,1
5775.0,7275.0,517.5,51893.0,FELSIC_VOLCANIC,1
5825.0,7275.0,517.5,51920.0,FELSIC_VOLCANIC,1
5875.0,7275.0,517.2,51949.0,FELSIC_VOLCANIC,1
5925.0,7275.0,516.7,51982.0,FELSIC_VOLCANIC,1
5975.0,7275.0,516.0,52017.0,GRANITE,1
6025.0,7275.0,515.1,52056.0,GRANITE,1
6075.0,7275.0,514.1,52097.0,GRANITE,1
6125.0,7275.0,512.8,52140.0,GRANITE,1
6175.0,7275.0,511.4,52183.0,FELSIC_VOLCANIC,1
6225.0,7275.0,509.9,52220.0,FELSIC_VOLCANIC,1
6275.0,7275.0,508.2,52248.0,FELSIC_VOLCANIC,1
6325.0,7275.0,506.4,52263.0,FELSIC_VOLCANIC,1
6375.0,7275.0,504.6,52259.0,FELSIC_VOLCANIC,1
6425.0,7275.0,502.7,52237.0,FELSIC_VOLCANIC,1
6475.0,7275.0,500.8,52196.0,FELSIC_VOLCANIC,1
6525.0,7275.0,498.8,52142.0,FELSIC_VOLCANIC,1
6575.0,7275.0,496.9,52080.0,FELSIC_VOLCANIC,1
6625.0,7275.0,495.0,52018.0,FELSIC_VOLCANIC,1
6675.0,7275.0,493.2,51962.0,FELSIC_VOLCANIC,1
6725.0,7275.0,491.5,51919.0,FELSIC_VOLCANIC,1
6775.0,7275.0,489.8,51894.0,FELSIC_VOLCANIC,1
6825.0,7275.0,488.2,51888.0,FELSIC_VOLCANIC,1
6875.0,7275.0,486.8,51903.0,FELSIC_VOLCANIC,1
6925.0,7275.0,485.5,51936.0,FELSIC_VOLCANIC,1
6975.0,7275.0,484.4,51983.0,FELSIC_VOLCANIC,1
7025.0,7275.0,483.4,52040.0,FELSIC_VOLCANIC,1
7075.0,7275.0,482.6,52099.0,FELSIC_VOLCANIC,1
7125.0,7275.0,481.9,52153.0,MAFIC_VOLCANIC,1
7175.0,7275.0,481.5,52196.0,FELSIC_VOLCANIC,1
7225.0,7275.0,481.1,52220.0,FELSIC_VOLCANIC,0
7275.0,7275.0,481.0,52223.0,FELSIC_VOLCANIC,0
7325.0,7275.0,481.0,52202.0,FELSIC_VOLCANIC,0
7375.0,7275.0,481.2,52161.0,FELSIC_VOLCANIC,0
7425.0,7275.0,481.5,52106.0,FELSIC_VOLCANIC,0
7475.0,7275.0,481.9,52045.0,FELSIC_VOLCANIC,0
7525.0,7275.0,482.5,51990.0,FELSIC_VOLCANIC,0
7575.0,7275.0,483.1,51948.0,GRANITE,0
7625.0,7275.0,483.8,51928.0,GRANITE,0
7675.0,7275.0,484.6,51933.0,FELSIC_VOLCANIC,0
7725.0,7275.0,485.5,51962.0,FELSIC_VOLCANIC,0
7775.0,7275.0,486.4,52010.0,FELSIC_VOLCANIC,0
7825.0,7275.0,487.3,52069.0,FELSIC_VOLCANIC,0
7875.0,7275.0,488.1,52128.0,MAFIC_VOLCANIC,0
7925.0,7275.0,489.0,52178.0,MAFIC_VOLCANIC,0
7975.0,7275.0,489.8,52213.0,MAFIC_VOLCANIC,0
8025.0,7275.0,490.5,52227.0,MAFIC_VOLCANIC,0
8075.0,7275.0,491.2,52220.0,METASEDIMENT,0
8125.0,7275.0,491.7,52194.0,METASEDIMENT,0
8175.0,7275.0,492.1,52154.0,METASEDIMENT,0
8225.0,7275.0,492.4,52105.0,METASEDIMENT,0
8275.0,7275.0,492.6,52054.0,METASEDIMENT,0
8325.0,7275.0,492.6,52005.0,METASEDIMENT,0
8375.0,7275.0,492.5,51965.0,METASEDIMENT,0
8425.0,7275.0,492.2,51936.0,METASEDIMENT,0
8475.0,7275.0,491.7,51921.0,MAFIC_VOLCANIC,0
8525.0,7275.0,491.0,51920.0,MAFIC_VOLCANIC,0
8575.0,7275.0,490.2,51931.0,MAFIC_VOLCANIC,0
8625.0,7275.0,489.2,51954.0,MAFIC_VOLCANIC,0
8675.0,7275.0,488.0,51984.0,MAFIC_VOLCANIC,0
8725.0,7275.0,486.7,52016.0,MAFIC_VOLCANIC,0
8775.0,7275.0,485.2,52047.0,FELSIC_VOLCANIC,0
8825.0,7275.0,483.6,52073.0,FELSIC_VOLCANIC,0
8875.0,7275.0,481.8,52091.0,FELSIC_VOLCANIC,0
8925.0,7275.0,479.9,52100.0,GRANITE,0
8975.0,7275.0,477.9,52101.0,GRANITE,0
3025.0,7325.0,540.7,52072.0,MAFIC_VOLCANIC,0
3075.0,7325.0,541.5,52062.0,MAFIC_VOLCANIC,0
3125.0,7325.0,541.9,52060.0,MAFIC_VOLCANIC,0
3175.0,7325.0,541.7,52063.0,MAFIC_VOLCANIC,0
3225.0,7325.0,541.1,52069.0,MAFIC_VOLCANIC,0
3275.0,7325.0,540.1,52074.0,MAFIC_VOLCANIC,0
3325.0,7325.0,538.7,52077.0,MAFIC_VOLCANIC,0
3375.0,7325.0,536.9,52080.0,MAFIC_VOLCANIC,0
3425.0,7325.0,534.8,52084.0,MAFIC_VOLCANIC,0
3475.0,7325.0,532.5,52092.0,MAFIC_VOLCANIC,0
3525.0,7325.0,529.8,52108.0,FELSIC_VOLCANIC,0
3575.0,7325.0,527.0,52133.0,FELSIC_VOLCANIC,0
3625.0,7325.0,524.1,52164.0,FELSIC_VOLCANIC,0
3675.0,7325.0,521.0,52198.0,FELSIC_VOLCANIC,0
3725.0,7325.0,517.9,52227.0,FELSIC_VOLCANIC,0
3775.0,7325.0,514.8,52244.0,MAFIC_VOLCANIC,0
3825.0,7325.0,511.6,52243.0,MAFIC_VOLCANIC,0
3875.0,7325.0,508.6,52220.0,MAFIC_VOLCANIC,0
3925.0,7325.0,505.6,52175.0,MAFIC_VOLCANIC,0
3975.0,7325.0,502.7,52113.0,MAFIC_VOLCANIC,0
4025.0,7325.0,500.1,52039.0,METASEDIMENT,0
4075.0,7325.0,497.6,51962.0,METASEDIMENT,0
4125.0,7325.0,495.3,51887.0,METASEDIMENT,0
4175.0,7325.0,493.3,51821.0,METASEDIMENT,0
4225.0,7325.0,491.5,51768.0,METASEDIMENT,0
4275.0,7325.0,490.0,51730.0,METASEDIMENT,0
4325.0,7325.0,488.8,51708.0,METASEDIMENT,0
4375.0,7325.0,487.8,51702.0,METASEDIMENT,0
4425.0,7325.0,487.2,51711.0,MAFIC_VOLCANIC,0
4475.0,7325.0,486.8,51738.0,MAFIC_VOLCANIC,0
4525.0,7325.0,486.8,51781.0,MAFIC_VOLCANIC,0
4575.0,7325.0,487.0,51838.0,MAFIC_VOLCANIC,0
4625.0,7325.0,487.5,51906.0,MAFIC_VOLCANIC,1
4675.0,7325.0,488.3,51978.0,MAFIC_VOLCANIC,1
4725.0,7325.0,489.2,52047.0,MAFIC_VOLCANIC,1
4775.0,7325.0,490.4,52103.0,MAFIC_VOLCANIC,1
4825.0,7325.0,491.8,52139.0,MAFIC_VOLCANIC,1
4875.0,7325.0,493.4,52150.0,MAFIC_VOLCANIC,1
4925.0,7325.0,495.1,52136.0,MAFIC_VOLCANIC,1
4975.0,7325.0,496.9,52100.0,MAFIC_VOLCANIC,1
5025.0,7325.0,498.8,52049.0,MAFIC_VOLCANIC,1
5075.0,7325.0,500.7,51991.0,MAFIC_VOLCANIC,1
5125.0,7325.0,502.7,51936.0,MAFIC_VOLCANIC,1
5175.0,7325.0,504.6,51890.0,MAFIC_VOLCANIC,1
5225.0,7325.0,506.5,51857.0,MAFIC_VOLCANIC,1
5275.0,7325.0,508.4,51838.0,MAFIC_VOLCANIC,1
5325.0,7325.0,510.2,51831.0,MAFIC_VOLCANIC,1
5375.0,7325.0,511.9,51832.0,MAFIC_VOLCANIC,1
5425.0,7325.0,513.4,51837.0,MAFIC_VOLCANIC,1
5475.0,7325.0,514.8,51842.0,MAFIC_VOLCANIC,1
5525.0,7325.0,516.0,51847.0,MAFIC_VOLCANIC,1
5575.0,7325.0,517.0,51852.0,MAFIC_VOLCANIC,1
5625.0,7325.0,517.8,51857.0,FELSIC_VOLCANIC,1
5675.0,7325.0,518.4,51865.0,FELSIC_VOLCANIC,1
5725.0,7325.0,518.8,51877.0,FELSIC_VOLCANIC,1
5775.0,7325.0,518.9,51893.0,FELSIC_VOLCANIC,1
5825.0,7325.0,518.8,51913.0,FELSIC_VOLCANIC,1
5875.0,7325.0,518.5,51938.0,FELSIC_VOLCANIC,1
5925.0,7325.0,518.0,51966.0,GRANITE,1
5975.0,7325.0,517.3,51998.0,GRANITE,1
6025.0,7325.0,516.4,52034.0,GRANITE,1
6075.0,7325.0,515.3,52072.0,GRANITE,1
6125.0,7325.0,514.0,52114.0,GRANITE,1
6175.0,7325.0,512.5,52156.0,GRANITE,1
6225.0,7325.0,510.9,52195.0,GRANITE,1
6275.0,7325.0,509.2,52228.0,FELSIC_VOLCANIC,1
6325.0,7325.0,507.4,52249.0,FELSIC_VOLCANIC,1
6375.0,7325.0,505.5,52255.0,FELSIC_VOLCANIC,1
6425.0,7325.0,503.6,52244.0,FELSIC_VOLCANIC,1
6475.0,7325.0,501.6,52216.0,FELSIC_VOLCANIC,1
6525.0,7325.0,499.7,52172.0,FELSIC_VOLCANIC,1
6575.0,7325.0,497.7,52118.0,FELSIC_VOLCANIC,1
6625.0,7325.0,495.8,52061.0,FELSIC_VOLCANIC,1
6675.0,7325.0,493.9,52005.0,FELSIC_VOLCANIC,1
6725.0,7325.0,492.1,51959.0,FELSIC_VOLCANIC,1
6775.0,7325.0,490.4,51927.0,FELSIC_VOLCANIC,1
6825.0,7325.0,488.8,51912.0,FELSIC_VOLCANIC,1
6875.0,7325.0,487.3,51917.0,FELSIC_VOLCANIC,1
6925.0,7325.0,485.9,51940.0,FELSIC_VOLCANIC,1
6975.0,7325.0,484.7,51979.0,FELSIC_VOLCANIC,1
7025.0,7325.0,483.7,52030.0,FELSIC_VOLCANIC,1
7075.0,7325.0,482.8,52087.0,FELSIC_VOLCANIC,1
7125.0,7325.0,482.1,52144.0,MAFIC_VOLCANIC,1
7175.0,7325.0,481.6,52192.0,MAFIC_VOLCANIC,1
7225.0,7325.0,481.2,52225.0,MAFIC_VOLCANIC,1
7275.0,7325.0,481.0,52238.0,MAFIC_VOLCANIC,1
7325.0,7325.0,481.0,52227.0,FELSIC_VOLCANIC,0
7375.0,7325.0,481.1,52193.0,FELSIC_VOLCANIC,0
7425.0,7325.0,481.3,52141.0,FELSIC_VOLCANIC,0
7475.0,7325.0,481.7,52078.0,FELSIC_VOLCANIC,0
7525.0,7325.0,482.2,52015.0,FELSIC_VOLCANIC,0
7575.0,7325.0,482.8,51960.0,FELSIC_VOLCANIC,0
7625.0,7325.0,483.4,51925.0,FELSIC_VOLCANIC,0
7675.0,7325.0,484.2,51913.0,FELSIC_VOLCANIC,0
7725.0,7325.0,485.0,51927.0,FELSIC_VOLCANIC,0
7775.0,7325.0,485.8,51963.0,FELSIC_VOLCANIC,0
7825.0,7325.0,486.6,52015.0,FELSIC_VOLCANIC,0
7875.0,7325.0,487.4,52074.0,MAFIC_VOLCANIC,0
7925.0,7325.0,488.2,52129.0,MAFIC_VOLCANIC,0
7975.0,7325.0,489.0,52173.0,MAFIC_VOLCANIC,0
8025.0,7325.0,489.6,52198.0,MAFIC_VOLCANIC,0
8075.0,7325.0,490.2,52203.0,MAFIC_VOLCANIC,0
8125.0,7325.0,490.8,52187.0,METASEDIMENT,0
8175.0,7325.0,491.1,52154.0,METASEDIMENT,0
8225.0,7325.0,491.4,52108.0,METASEDIMENT,0
8275.0,7325.0,491.5,52056.0,METASEDIMENT,0
8325.0,7325.0,491.5,52005.0,METASEDIMENT,0
8375.0,7325.0,491.3,51958.0,METASEDIMENT,0
8425.0,7325.0,491.0,51923.0,METASEDIMENT,0
8475.0,7325.0,490.5,51901.0,METASEDIMENT,0
8525.0,7325.0,489.8,51894.0,MAFIC_VOLCANIC,0
8575.0,7325.0,488.9,51903.0,MAFIC_VOLCANIC,0
8625.0,7325.0,487.9,51924.0,MAFIC_VOLCANIC,0
8675.0,7325.0,486.7,51955.0,MAFIC_VOLCANIC,0
8725.0,7325.0,485.3,51991.0,MAFIC_VOLCANIC,0
8775.0,7325.0,483.8,52027.0,FELSIC_VOLCANIC,0
8825.0,7325.0,482.2,52060.0,FELSIC_VOLCANIC,0
8875.0,7325.0,480.4,52084.0,FELSIC_VOLCANIC,0
8925.0,7325.0,478.5,52099.0,FELSIC_VOLCANIC,0
8975.0,7325.0,476.5,52105.0,GRANITE,0
3025.0,7375.0,537.3,52072.0,MAFIC_VOLCANIC,0
3075.0,7375.0,538.0,52053.0,MAFIC_VOLCANIC,0
3125.0,7375.0,538.2,52044.0,MAFIC_VOLCANIC,0
3175.0,7375.0,537.9,52042.0,MAFIC_VOLCANIC,0
3225.0,7375.0,537.2,52046.0,MAFIC_VOLCANIC,0
3275.0,7375.0,536.1,52051.0,MAFIC_VOLCANIC,0
3325.0,7375.0,534.6,52056.0,MAFIC_VOLCANIC,0
3375.0,7375.0,532.7,52060.0,MAFIC_VOLCANIC,0
3425.0,7375.0,530.6,52064.0,MAFIC_VOLCANIC,0
3475.0,7375.0,528.2,52070.0,MAFIC_VOLCANIC,0
3525.0,7375.0,525.6,52082.0,FELSIC_VOLCANIC,0
3575.0,7375.0,522.8,52102.0,FELSIC_VOLCANIC,0
3625.0,7375.0,519.9,52131.0,FELSIC_VOLCANIC,0
3675.0,7375.0,516.8,52164.0,FELSIC_VOLCANIC,0
3725.0,7375.0,513.8,52196.0,FELSIC_VOLCANIC,0
3775.0,7375.0,510.7,52220.0,MAFIC_VOLCANIC,0
3825.0,7375.0,507.7,52229.0,MAFIC_VOLCANIC,0
3875.0,7375.0,504.7,52217.0,MAFIC_VOLCANIC,0
3925.0,7375.0,501.9,52184.0,MAFIC_VOLCANIC,0
3975.0,7375.0,499.2,52130.0,MAFIC_VOLCANIC,0
4025.0,7375.0,496.7,52061.0,METASEDIMENT,0
4075.0,7375.0,494.3,51983.0,METASEDIMENT,0
4125.0,7375.0,492.3,51905.0,METASEDIMENT,0
4175.0,7375.0,490.4,51833.0,METASEDIMENT,0
4225.0,7375.0,488.8,51772.0,METASEDIMENT,0
4275.0,7375.0,487.5,51726.0,METASEDIMENT,0
4325.0,7375.0,486.5,51695.0,METASEDIMENT,0
4375.0,7375.0,485.8,51681.0,METASEDIMENT,0
4425.0,7375.0,485.4,51685.0,MAFIC_VOLCANIC,0
4475.0,7375.0,485.2,51705.0,MAFIC_VOLCANIC,0
4525.0,7375.0,485.4,51742.0,MAFIC_VOLCANIC,1
4575.0,7375.0,485.8,51796.0,MAFIC_VOLCANIC,1
4625.0,7375.0,486.5,51862.0,MAFIC_VOLCANIC,1
4675.0,7375.0,487.5,51936.0,MAFIC_VOLCANIC,1
4725.0,7375.0,488.6,52010.0,MAFIC_VOLCANIC,1
4775.0,7375.0,490.0,52076.0,MAFIC_VOLCANIC,1
4825.0,7375.0,491.6,52126.0,MAFIC_VOLCANIC,1
4875.0,7375.0,493.3,52152.0,MAFIC_VOLCANIC,1
4925.0,7375.0,495.1,52153.0,MAFIC_VOLCANIC,1
4975.0,7375.0,497.1,52131.0,MAFIC_VOLCANIC,1
5025.0,7375.0,499.1,52089.0,MAFIC_VOLCANIC,1
5075.0,7375.0,501.2,52036.0,MAFIC_VOLCANIC,1
5125.0,7375.0,503.2,51982.0,MAFIC_VOLCANIC,1
5175.0,7375.0,505.3,51933.0,MAFIC_VOLCANIC,1
5225.0,7375.0,507.3,51896.0,MAFIC_VOLCANIC,1
5275.0,7375.0,509.2,51872.0,MAFIC_VOLCANIC,1
5325.0,7375.0,511.1,51861.0,MAFIC_VOLCANIC,1
5375.0,7375.0,512.8,51859.0,MAFIC_VOLCANIC,1
5425.0,7375.0,514.4,51862.0,MAFIC_VOLCANIC,1
5475.0,7375.0,515.8,51867.0,MAFIC_VOLCANIC,1
5525.0,7375.0,517.0,51872.0,MAFIC_VOLCANIC,1
5575.0,7375.0,518.0,51875.0,FELSIC_VOLCANIC,1
5625.0,7375.0,518.9,51878.0,FELSIC_VOLCANIC,1
5675.0,7375.0,519.5,51881.0,FELSIC_VOLCANIC,1
5725.0,7375.0,519.8,51887.0,FELSIC_VOLCANIC,1
5775.0,7375.0,520.0,51897.0,FELSIC_VOLCANIC,1
5825.0,7375.0,519.9,51911.0,FELSIC_VOLCANIC,1
5875.0,7375.0,519.6,51930.0,GRANITE,1
5925.0,7375.0,519.0,51953.0,GRANITE,1
5975.0,7375.0,518.3,51980.0,GRANITE,1
6025.0,7375.0,517.3,52011.0,GRANITE,1
6075.0,7375.0,516.2,52046.0,GRANITE,1
6125.0,7375.0,514.8,52084.0,GRANITE,1
6175.0,7375.0,513.4,52125.0,GRANITE,1
6225.0,7375.0,511.7,52164.0,GRANITE,1
6275.0,7375.0,510.0,52200.0,GRANITE,1
6325.0,7375.0,508.1,52227.0,GRANITE,1
6375.0,7375.0,506.2,52241.0,FELSIC_VOLCANIC,1
6425.0,7375.0,504.2,52240.0,FELSIC_VOLCANIC,1
6475.0,7375.0,502.2,52223.0,FELSIC_VOLCANIC,1
6525.0,7375.0,500.2,52191.0,FELSIC_VOLCANIC,1
6575.0,7375.0,498.2,52147.0,FELSIC_VOLCANIC,1
6625.0,7375.0,496.2,52096.0,FELSIC_VOLCANIC,1
6675.0,7375.0,494.2,52044.0,FELSIC_VOLCANIC,1
6725.0,7375.0,492.4,51997.0,FELSIC_VOLCANIC,1
6775.0,7375.0,490.6,51961.0,FELSIC_VOLCANIC,1
6825.0,7375.0,489.0,51940.0,FELSIC_VOLCANIC,1
6875.0,7375.0,487.4,51935.0,FELSIC_VOLCANIC,1
6925.0,7375.0,486.0,51948.0,FELSIC_VOLCANIC,1
6975.0,7375.0,484.8,51978.0,FELSIC_VOLCANIC,1
7025.0,7375.0,483.7,52022.0,FELSIC_VOLCANIC,1
7075.0,7375.0,482.8,52075.0,FELSIC_VOLCANIC,1
7125.0,7375.0,482.0,52131.0,MAFIC_VOLCANIC,1
7175.0,7375.0,481.4,52184.0,MAFIC_VOLCANIC,1
7225.0,7375.0,481.0,52224.0,MAFIC_VOLCANIC,1
7275.0,7375.0,480.7,52247.0,MAFIC_VOLCANIC,1
7325.0,7375.0,480.6,52247.0,MAFIC_VOLCANIC,1
7375.0,7375.0,480.6,52223.0,FELSIC_VOLCANIC,1
7425.0,7375.0,480.8,52178.0,FELSIC_VOLCANIC,0
7475.0,7375.0,481.1,52117.0,FELSIC_VOLCANIC,0
7525.0,7375.0,481.6,52049.0,FELSIC_VOLCANIC,0
7575.0,7375.0,482.1,51985.0,FELSIC_VOLCANIC,0
7625.0,7375.0,482.7,51935.0,FELSIC_VOLCANIC,0
7675.0,7375.0,483.4,51907.0,FELSIC_VOLCANIC,0
7725.0,7375.0,484.1,51904.0,FELSIC_VOLCANIC,0
7775.0,7375.0,484.9,51925.0,FELSIC_VOLCANIC,0
7825.0,7375.0,485.6,51967.0,FELSIC_VOLCANIC,0
7875.0,7375.0,486.4,52021.0,MAFIC_VOLCANIC,0
7925.0,7375.0,487.1,52077.0,MAFIC_VOLCANIC,0
7975.0,7375.0,487.8,52127.0,MAFIC_VOLCANIC,0
8025.0,7375.0,488.5,52162.0,MAFIC_VOLCANIC,0
8075.0,7375.0,489.0,52178.0,MAFIC_VOLCANIC,0
8125.0,7375.0,489.5,52173.0,METASEDIMENT,0
8175.0,7375.0,489.9,52148.0,METASEDIMENT,0
8225.0,7375.0,490.1,52108.0,METASEDIMENT,0
8275.0,7375.0,490.2,52058.0,METASEDIMENT,0
8325.0,7375.0,490.1,52005.0,METASEDIMENT,0
8375.0,7375.0,489.9,51955.0,METASEDIMENT,0
8425.0,7375.0,489.5,51913.0,METASEDIMENT,0
8475.0,7375.0,489.0,51884.0,METASEDIMENT,0
8525.0,7375.0,488.3,51871.0,METASEDIMENT,0
8575.0,7375.0,487.4,51875.0,MAFIC_VOLCANIC,0
8625.0,7375.0,486.4,51894.0,MAFIC_VOLCANIC,0
8675.0,7375.0,485.2,51925.0,MAFIC_VOLCANIC,0
8725.0,7375.0,483.8,51963.0,MAFIC_VOLCANIC,0
8775.0,7375.0,482.3,52004.0,MAFIC_VOLCANIC,0
8825.0,7375.0,480.6,52043.0,FELSIC_VOLCANIC,0
8875.0,7375.0,478.8,52074.0,FELSIC_VOLCANIC,0
8925.0,7375.0,476.9,52096.0,FELSIC_VOLCANIC,0
8975.0,7375.0,474.8,52108.0,FELSIC_VOLCANIC,0
3025.0,7425.0,533.5,52077.0,MAFIC_VOLCANIC,0
3075.0,7425.0,534.0,52050.0,MAFIC_VOLCANIC,0
3125.0,7425.0,534.0,52032.0,MAFIC_VOLCANIC,0
3175.0,7425.0,533.6,52024.0,MAFIC_VOLCANIC,0
3225.0,7425.0,532.7,52024.0,MAFIC_VOLCANIC,0
3275.0,7425.0,531.5,52029.0,MAFIC_VOLCANIC,0
3325.0,7425.0,529.9,52035.0,MAFIC_VOLCANIC,0
3375.0,7425.0,528.0,52040.0,MAFIC_VOLCANIC,0
3425.0,7425.0,525.8,52044.0,MAFIC_VOLCANIC,0
3475.0,7425.0,523.4,52049.0,MAFIC_VOLCANIC,0
3525.0,7425.0,520.7,52058.0,FELSIC_VOLCANIC,0
3575.0,7425.0,517.9,52074.0,FELSIC_VOLCANIC,0
3625.0,7425.0,515.1,52098.0,FELSIC_VOLCANIC,0
3675.0,7425.0,512.1,52128.0,FELSIC_VOLCANIC,0
3725.0,7425.0,509.1,52161.0,FELSIC_VOLCANIC,0
3775.0,7425.0,506.1,52189.0,FELSIC_VOLCANIC,0
3825.0,7425.0,503.2,52206.0,MAFIC_VOLCANIC,0
3875.0,7425.0,500.3,52206.0,MAFIC_VOLCANIC,0
3925.0,7425.0,497.6,52184.0,MAFIC_VOLCANIC,0
3975.0,7425.0,495.1,52141.0,MAFIC_VOLCANIC,0
4025.0,7425.0,492.7,52079.0,MAFIC_VOLCANIC,0
4075.0,7425.0,490.6,52005.0,METASEDIMENT,0
4125.0,7425.0,488.7,51926.0,METASEDIMENT,0
4175.0,7425.0,487.0,51850.0,METASEDIMENT,0
4225.0,7425.0,485.6,51782.0,METASEDIMENT,0
4275.0,7425.0,484.5,51728.0,METASEDIMENT,0
4325.0,7425.0,483.7,51688.0,METASEDIMENT,0
4375.0,7425.0,483.2,51666.0,METASEDIMENT,0
4425.0,7425.0,483.0,51661.0,METASEDIMENT,1
4475.0,7425.0,483.1,51674.0,MAFIC_VOLCANIC,1
4525.0,7425.0,483.5,51705.0,MAFIC_VOLCANIC,1
4575.0,7425.0,484.1,51753.0,MAFIC_VOLCANIC,1
4625.0,7425.0,485.0,51816.0,MAFIC_VOLCANIC,1
4675.0,7425.0,486.2,51890.0,MAFIC_VOLCANIC,1
4725.0,7425.0,487.5,51968.0,MAFIC_VOLCANIC,1
4775.0,7425.0,489.1,52041.0,MAFIC_VOLCANIC,1
4825.0,7425.0,490.8,52102.0,MAFIC_VOLCANIC,1
4875.0,7425.0,492.7,52143.0,MAFIC_VOLCANIC,1
4925.0,7425.0,494.7,52160.0,MAFIC_VOLCANIC,1
4975.0,7425.0,496.8,52151.0,MAFIC_VOLCANIC,1
5025.0,7425.0,499.0,52122.0,MAFIC_VOLCANIC,1
5075.0,7425.0,501.2,52077.0,MAFIC_VOLCANIC,1
5125.0,7425.0,503.4,52026.0,MAFIC_VOLCANIC,1
5175.0,7425.0,505.5,51977.0,MAFIC_VOLCANIC,1
5225.0,7425.0,507.6,51936.0,MAFIC_VOLCANIC,1
5275.0,7425.0,509.7,51908.0,MAFIC_VOLCANIC,1
5325.0,7425.0,511.6,51893.0,MAFIC_VOLCANIC,1
5375.0,7425.0,513.4,51887.0,MAFIC_VOLCANIC,1
5425.0,7425.0,515.0,51889.0,MAFIC_VOLCANIC,1
5475.0,7425.0,516.5,51894.0,MAFIC_VOLCANIC,1
5525.0,7425.0,517.7,51898.0,MAFIC_VOLCANIC,1
5575.0,7425.0,518.8,51900.0,FELSIC_VOLCANIC,1
5625.0,7425.0,519.6,51901.0,FELSIC_VOLCANIC,1
5675.0,7425.0,520.2,51901.0,FELSIC_VOLCANIC,1
5725.0,7425.0,520.6,51902.0,FELSIC_VOLCANIC,1
5775.0,7425.0,520.7,51906.0,FELSIC_VOLCANIC,1
5825.0,7425.0,520.6,51914.0,FELSIC_VOLCANIC,1
5875.0,7425.0,520.3,51926.0,GRANITE,1
5925.0,7425.0,519.7,51942.0,GRANITE,1
5975.0,7425.0,518.9,51963.0,GRANITE,1
6025.0,7425.0,518.0,51989.0,GRANITE,1
6075.0,7425.0,516.8,52019.0,GRANITE,1
6125.0,7425.0,515.4,52054.0,GRANITE,1
6175.0,7425.0,513.9,52091.0,GRANITE,1
6225.0,7425.0,512.2,52130.0,GRANITE,1
6275.0,7425.0,510.4,52167.0,GRANITE,1
6325.0,7425.0,508.5,52197.0,GRANITE,1
6375.0,7425.0,506.5,52218.0,GRANITE,1
6425.0,7425.0,504.5,52225.0,GRANITE,1
6475.0,7425.0,502.5,52219.0,FELSIC_VOLCANIC,1
6525.0,7425.0,500.4,52197.0,FELSIC_VOLCANIC,1
6575.0,7425.0,498.3,52164.0,FELSIC_VOLCANIC,1
6625.0,7425.0,496.3,52121.0,FELSIC_VOLCANIC,1
6675.0,7425.0,494.3,52076.0,FELSIC_VOLCANIC,1
6725.0,7425.0,492.4,52032.0,FELSIC_VOLCANIC,1
6775.0,7425.0,490.6,51994.0,FELSIC_VOLCANIC,1
6825.0,7425.0,488.9,51968.0,FELSIC_VOLCANIC,1
6875.0,7425.0,487.3,51956.0,FELSIC_VOLCANIC,1
6925.0,7425.0,485.8,51960.0,FELSIC_VOLCANIC,1
6975.0,7425.0,484.5,51980.0,FELSIC_VOLCANIC,1
7025.0,7425.0,483.4,52015.0,FELSIC_VOLCANIC,1
7075.0,7425.0,482.4,52062.0,FELSIC_VOLCANIC,1
7125.0,7425.0,481.6,52116.0,MAFIC_VOLCANIC,1
7175.0,7425.0,480.9,52170.0,MAFIC_VOLCANIC,1
7225.0,7425.0,480.4,52217.0,MAFIC_VOLCANIC,1
7275.0,7425.0,480.1,52249.0,MAFIC_VOLCANIC,1
7325.0,7425.0,479.9,52260.0,MAFIC_VOLCANIC,1
7375.0,7425.0,479.9,52248.0,MAFIC_VOLCANIC,1
7425.0,7425.0,480.0,52212.0,MAFIC_VOLCANIC,1
7475.0,7425.0,480.3,52157.0,FELSIC_VOLCANIC,1
7525.0,7425.0,480.6,52089.0,FELSIC_VOLCANIC,0
7575.0,7425.0,481.1,52020.0,FELSIC_VOLCANIC,0
7625.0,7425.0,481.6,51959.0,FELSIC_VOLCANIC,0
7675.0,7425.0,482.2,51915.0,FELSIC_VOLCANIC,0
7725.0,7425.0,482.9,51895.0,FELSIC_VOLCANIC,0
7775.0,7425.0,483.6,51900.0,FELSIC_VOLCANIC,0
7825.0,7425.0,484.3,51929.0,FELSIC_VOLCANIC,0
7875.0,7425.0,485.1,51974.0,MAFIC_VOLCANIC,0
7925.0,7425.0,485.8,52027.0,MAFIC_VOLCANIC,0
7975.0,7425.0,486.4,52079.0,MAFIC_VOLCANIC,0
8025.0,7425.0,487.0,52121.0,MAFIC_VOLCANIC,0
8075.0,7425.0,487.5,52146.0,MAFIC_VOLCANIC,0
8125.0,7425.0,487.9,52152.0,METASEDIMENT,0
8175.0,7425.0,488.3,52137.0,METASEDIMENT,0
8225.0,7425.0,488.5,52105.0,METASEDIMENT,0
8275.0,7425.0,488.5,52059.0,METASEDIMENT,0
8325.0,7425.0,488.5,52006.0,METASEDIMENT,0
8375.0,7425.0,488.2,51953.0,METASEDIMENT,0
8425.0,7425.0,487.8,51907.0,METASEDIMENT,0
8475.0,7425.0,487.3,51871.0,METASEDIMENT,0
8525.0,7425.0,486.6,51852.0,METASEDIMENT,0
8575.0,7425.0,485.7,51849.0,MAFIC_VOLCANIC,0
8625.0,7425.0,484.6,51864.0,MAFIC_VOLCANIC,0
8675.0,7425.0,483.4,51894.0,MAFIC_VOLCANIC,0
8725.0,7425.0,482.0,51934.0,MAFIC_VOLCANIC,0
8775.0,7425.0,480.5,51978.0,MAFIC_VOLCANIC,0
8825.0,7425.0,478.8,52022.0,MAFIC_VOLCANIC,0
8875.0,7425.0,477.0,52061.0,FELSIC_VOLCANIC,0
8925.0,7425.0,475.1,52090.0,FELSIC_VOLCANIC,0
8975.0,7425.0,473.0,52108.0,FELSIC_VOLCANIC,0
3025.0,7475.0,529.1,52088.0,MAFIC_VOLCANIC,0
3075.0,7475.0,529.4,52053.0,MAFIC_VOLCANIC,0
3125.0,7475.0,529.3,52026.0,MAFIC_VOLCANIC,0
3175.0,7475.0,528.7,52010.0,MAFIC_VOLCANIC,0
3225.0,7475.0,527.7,52005.0,MAFIC_VOLCANIC,0
3275.0,7475.0,526.4,52007.0,MAFIC_VOLCANIC,0
3325.0,7475.0,524.7,52012.0,MAFIC_VOLCANIC,0
3375.0,7475.0,522.7,52019.0,MAFIC_VOLCANIC,0
3425.0,7475.0,520.4,52024.0,MAFIC_VOLCANIC,0
3475.0,7475.0,518.0,52030.0,MAFIC_VOLCANIC,0
3525.0,7475.0,515.3,52037.0,FELSIC_VOLCANIC,0
3575.0,7475.0,512.5,52049.0,FELSIC_VOLCANIC,0
3625.0,7475.0,509.7,52068.0,FELSIC_VOLCANIC,0
3675.0,7475.0,506.7,52094.0,FELSIC_VOLCANIC,0
3725.0,7475.0,503.8,52124.0,FELSIC_VOLCANIC,0
3775.0,7475.0,500.9,52155.0,FELSIC_VOLCANIC,0
3825.0,7475.0,498.1,52178.0,FELSIC_VOLCANIC,0
3875.0,7475.0,495.4,52187.0,MAFIC_VOLCANIC,0
3925.0,7475.0,492.8,52176.0,MAFIC_VOLCANIC,0
3975.0,7475.0,490.4,52145.0,MAFIC_VOLCANIC,0
4025.0,7475.0,488.2,52093.0,MAFIC_VOLCANIC,0
4075.0,7475.0,486.2,52025.0,METASEDIMENT,0
4125.0,7475.0,484.5,51948.0,METASEDIMENT,0
4175.0,7475.0,483.0,51871.0,METASEDIMENT,0
4225.0,7475.0,481.9,51798.0,METASEDIMENT,0
4275.0,7475.0,481.0,51736.0,METASEDIMENT,0
4325.0,7475.0,480.4,51689.0,METASEDIMENT,1
4375.0,7475.0,480.1,51657.0,METASEDIMENT,1
4425.0,7475.0,480.1,51644.0,METASEDIMENT,1
4475.0,7475.0,480.4,51648.0,METASEDIMENT,1
4525.0,7475.0,481.0,51671.0,MAFIC_VOLCANIC,1
4575.0,7475.0,481.9,51713.0,MAFIC_VOLCANIC,1
4625.0,7475.0,483.0,51770.0,MAFIC_VOLCANIC,1
4675.0,7475.0,484.4,51841.0,MAFIC_VOLCANIC,1
4725.0,7475.0,485.9,51920.0,MAFIC_VOLCANIC,1
4775.0,7475.0,487.7,51998.0,MAFIC_VOLCANIC,1
4825.0,7475.0,489.6,52068.0,MAFIC_VOLCANIC,1
4875.0,7475.0,491.7,52122.0,MAFIC_VOLCANIC,1
4925.0,7475.0,493.9,52153.0,MAFIC_VOLCANIC,1
4975.0,7475.0,496.1,52160.0,MAFIC_VOLCANIC,1
5025.0,7475.0,498.4,52144.0,MAFIC_VOLCANIC,1
5075.0,7475.0,500.8,52109.0,MAFIC_VOLCANIC,1
5125.0,7475.0,503.1,52065.0,MAFIC_VOLCANIC,1
5175.0,7475.0,505.4,52018.0,MAFIC_VOLCANIC,1
5225.0,7475.0,507.6,51976.0,MAFIC_VOLCANIC,1
5275.0,7475.0,509.7,51944.0,MAFIC_VOLCANIC,1
5325.0,7475.0,511.7,51925.0,MAFIC_VOLCANIC,1
5375.0,7475.0,513.5,51917.0,MAFIC_VOLCANIC,1
5425.0,7475.0,515.2,51916.0,MAFIC_VOLCANIC,1
5475.0,7475.0,516.7,51920.0,MAFIC_VOLCANIC,1
5525.0,7475.0,518.0,51924.0,MAFIC_VOLCANIC,1
5575.0,7475.0,519.1,51926.0,FELSIC_VOLCANIC,1
5625.0,7475.0,520.0,51926.0,FELSIC_VOLCANIC,1
5675.0,7475.0,520.6,51924.0,FELSIC_VOLCANIC,1
5725.0,7475.0,521.0,51921.0,FELSIC_VOLCANIC,1
5775.0,7475.0,521.1,51920.0,FELSIC_VOLCANIC,1
5825.0,7475.0,521.0,51921.0,FELSIC_VOLCANIC,1
5875.0,7475.0,520.6,51926.0,GRANITE,1
5925.0,7475.0,520.1,51936.0,GRANITE,1
5975.0,7475.0,519.3,51950.0,GRANITE,1
6025.0,7475.0,518.2,51970.0,GRANITE,1
6075.0,7475.0,517.0,51994.0,GRANITE,1
6125.0,7475.0,515.6,52024.0,GRANITE,1
6175.0,7475.0,514.1,52058.0,GRANITE,1
6225.0,7475.0,512.4,52094.0,GRANITE,1
6275.0,7475.0,510.5,52130.0,GRANITE,1
6325.0,7475.0,508.6,52162.0,GRANITE,1
6375.0,7475.0,506.6,52187.0,GRANITE,1
6425.0,7475.0,504.5,52202.0,GRANITE,1
6475.0,7475.0,502.4,52204.0,GRANITE,1
6525.0,7475.0,500.3,52193.0,FELSIC_VOLCANIC,1
6575.0,7475.0,498.1,52170.0,FELSIC_VOLCANIC,1
6625.0,7475.0,496.1,52137.0,FELSIC_VOLCANIC,1
6675.0,7475.0,494.0,52099.0,FELSIC_VOLCANIC,1
6725.0,7475.0,492.1,52060.0,FELSIC_VOLCANIC,1
6775.0,7475.0,490.2,52024.0,FELSIC_VOLCANIC,1
6825.0,7475.0,488.4,51995.0,FELSIC_VOLCANIC,1
6875.0,7475.0,486.8,51978.0,FELSIC_VOLCANIC,1
6925.0,7475.0,485.3,51974.0,FELSIC_VOLCANIC,1
6975.0,7475.0,483.9,51985.0,FELSIC_VOLCANIC,1
7025.0,7475.0,482.7,52011.0,FELSIC_VOLCANIC,1
7075.0,7475.0,481.7,52050.0,FELSIC_VOLCANIC,1
7125.0,7475.0,480.8,52099.0,FELSIC_VOLCANIC,1
7175.0,7475.0,480.1,52152.0,MAFIC_VOLCANIC,1
7225.0,7475.0,479.5,52202.0,MAFIC_VOLCANIC,1
7275.0,7475.0,479.1,52242.0,MAFIC_VOLCANIC,1
7325.0,7475.0,478.9,52264.0,MAFIC_VOLCANIC,1
7375.0,7475.0,478.8,52264.0,MAFIC_VOLCANIC,1
7425.0,7475.0,478.8,52240.0,MAFIC_VOLCANIC,1
7475.0,7475.0,479.0,52194.0,MAFIC_VOLCANIC,1
7525.0,7475.0,479.3,52131.0,MAFIC_VOLCANIC,1
7575.0,7475.0,479.7,52061.0,FELSIC_VOLCANIC,1
7625.0,7475.0,480.2,51993.0,FELSIC_VOLCANIC,1
7675.0,7475.0,480.8,51937.0,FELSIC_VOLCANIC,0
7725.0,7475.0,481.4,51901.0,FELSIC_VOLCANIC,0
7775.0,7475.0,482.0,51890.0,FELSIC_VOLCANIC,0
7825.0,7475.0,482.7,51903.0,FELSIC_VOLCANIC,0
7875.0,7475.0,483.4,51936.0,MAFIC_VOLCANIC,0
7925.0,7475.0,484.0,51982.0,MAFIC_VOLCANIC,0
7975.0,7475.0,484.6,52032.0,MAFIC_VOLCANIC,0
8025.0,7475.0,485.2,52077.0,MAFIC_VOLCANIC,0
8075.0,7475.0,485.7,52110.0,MAFIC_VOLCANIC,0
8125.0,7475.0,486.1,52125.0,METASEDIMENT,0
8175.0,7475.0,486.4,52121.0,METASEDIMENT,0
8225.0,7475.0,486.5,52097.0,METASEDIMENT,0
8275.0,7475.0,486.6,52058.0,METASEDIMENT,0
8325.0,7475.0,486.5,52008.0,METASEDIMENT,0
8375.0,7475.0,486.2,51954.0,METASEDIMENT,0
8425.0,7475.0,485.9,51904.0,METASEDIMENT,0
8475.0,7475.0,485.3,51863.0,METASEDIMENT,0
8525.0,7475.0,484.6,51836.0,METASEDIMENT,0
8575.0,7475.0,483.7,51828.0,METASEDIMENT,0
8625.0,7475.0,482.6,51837.0,MAFIC_VOLCANIC,0
8675.0,7475.0,481.4,51864.0,MAFIC_VOLCANIC,0
8725.0,7475.0,480.0,51903.0,MAFIC_VOLCANIC,0
8775.0,7475.0,478.5,51950.0,MAFIC_VOLCANIC,0
8825.0,7475.0,476.8,51999.0,MAFIC_VOLCANIC,0
8875.0,7475.0,475.0,52043.0,FELSIC_VOLCANIC,0
8925.0,7475.0,473.1,52079.0,FELSIC_VOLCANIC,0
8975.0,7475.0,471.0,52104.0,FELSIC_VOLCANIC,0
3025.0,7525.0,524.3,52102.0,MAFIC_VOLCANIC,0
3075.0,7525.0,524.4,52060.0,MAFIC_VOLCANIC,0
3125.0,7525.0,524.1,52025.0,MAFIC_VOLCANIC,0
3175.0,7525.0,523.3,52000.0,MAFIC_VOLCANIC,0
3225.0,7525.0,522.2,51988.0,MAFIC_VOLCANIC,0
3275.0,7525.0,520.7,51985.0,MAFIC_VOLCANIC,0
3325.0,7525.0,518.9,51989.0,MAFIC_VOLCANIC,0
3375.0,7525.0,516.8,51997.0,MAFIC_VOLCANIC,0
3425.0,7525.0,514.5,52004.0,MAFIC_VOLCANIC,0
3475.0,7525.0,512.0,52010.0,MAFIC_VOLCANIC,0
3525.0,7525.0,509.3,52017.0,FELSIC_VOLCANIC,0
3575.0,7525.0,506.5,52026.0,FELSIC_VOLCANIC,0
3625.0,7525.0,503.7,52040.0,FELSIC_VOLCANIC,0
3675.0,7525.0,500.8,52062.0,FELSIC_VOLCANIC,0
3725.0,7525.0,498.0,52089.0,FELSIC_VOLCANIC,0
3775.0,7525.0,495.1,52118.0,FELSIC_VOLCANIC,0
3825.0,7525.0,492.4,52145.0,FELSIC_VOLCANIC,0
3875.0,7525.0,489.8,52161.0,MAFIC_VOLCANIC,0
3925.0,7525.0,487.4,52161.0,MAFIC_VOLCANIC,0
3975.0,7525.0,485.1,52141.0,MAFIC_VOLCANIC,0
4025.0,7525.0,483.1,52101.0,MAFIC_VOLCANIC,0
4075.0,7525.0,481.3,52042.0,MAFIC_VOLCANIC,0
4125.0,7525.0,479.8,51971.0,METASEDIMENT,0
4175.0,7525.0,478.5,51894.0,METASEDIMENT,0
4225.0,7525.0,477.6,51819.0,METASEDIMENT,1
4275.0,7525.0,476.9,51752.0,METASEDIMENT,1
4325.0,7525.0,476.5,51697.0,METASEDIMENT,1
4375.0,7525.0,476.5,51657.0,METASEDIMENT,1
4425.0,7525.0,476.7,51634.0,METASEDIMENT,1
4475.0,7525.0,477.3,51629.0,METASEDIMENT,1
4525.0,7525.0,478.1,51643.0,MAFIC_VOLCANIC,1
4575.0,7525.0,479.2,51676.0,MAFIC_VOLCANIC,1
4625.0,7525.0,480.5,51726.0,MAFIC_VOLCANIC,1
4675.0,7525.0,482.1,51792.0,MAFIC_VOLCANIC,1
4725.0,7525.0,483.9,51869.0,MAFIC_VOLCANIC,1
4775.0,7525.0,485.8,51949.0,MAFIC_VOLCANIC,1
4825.0,7525.0,488.0,52025.0,MAFIC_VOLCANIC,1
4875.0,7525.0,490.2,52089.0,MAFIC_VOLCANIC,1
4925.0,7525.0,492.6,52134.0,MAFIC_VOLCANIC,1
4975.0,7525.0,495.0,52156.0,MAFIC_VOLCANIC,1
5025.0,7525.0,497.4,52154.0,MAFIC_VOLCANIC,1
5075.0,7525.0,499.9,52131.0,MAFIC_VOLCANIC,1
5125.0,7525.0,502.4,52095.0,MAFIC_VOLCANIC,1
5175.0,7525.0,504.8,52053.0,MAFIC_VOLCANIC,1
5225.0,7525.0,507.1,52012.0,MAFIC_VOLCANIC,1
5275.0,7525.0,509.3,51979.0,MAFIC_VOLCANIC,1
5325.0,7525.0,511.4,51956.0,MAFIC_VOLCANIC,1
5375.0,7525.0,513.3,51945.0,MAFIC_VOLCANIC,1
5425.0,7525.0,515.1,51942.0,MAFIC_VOLCANIC,1
5475.0,7525.0,516.6,51944.0,MAFIC_VOLCANIC,1
5525.0,7525.0,518.0,51949.0,MAFIC_VOLCANIC,1
5575.0,7525.0,519.1,51951.0,FELSIC_VOLCANIC,1
5625.0,7525.0,520.0,51951.0,FELSIC_VOLCANIC,1
5675.0,7525.0,520.6,51948.0,FELSIC_VOLCANIC,1
5725.0,7525.0,521.0,51943.0,FELSIC_VOLCANIC,1
5775.0,7525.0,521.1,51937.0,FELSIC_VOLCANIC,1
5825.0,7525.0,521.0,51933.0,GRANITE,1
5875.0,7525.0,520.6,51931.0,GRANITE,1
5925.0,7525.0,520.0,51934.0,GRANITE,1
5975.0,7525.0,519.2,51942.0,GRANITE,1
6025.0,7525.0,518.2,51954.0,GRANITE,1
6075.0,7525.0,516.9,51973.0,GRANITE,1
6125.0,7525.0,515.5,51997.0,GRANITE,1
6175.0,7525.0,513.9,52026.0,GRANITE,1
6225.0,7525.0,512.2,52059.0,GRANITE,1
6275.0,7525.0,510.3,52093.0,GRANITE,1
6325.0,7525.0,508.3,52125.0,GRANITE,1
6375.0,7525.0,506.3,52153.0,GRANITE,1
6425.0,7525.0,504.1,52172.0,GRANITE,1
6475.0,7525.0,502.0,52181.0,GRANITE,1
6525.0,7525.0,499.8,52179.0,GRANITE,1
6575.0,7525.0,497.6,52165.0,FELSIC_VOLCANIC,1
6625.0,7525.0,495.5,52142.0,FELSIC_VOLCANIC,1
6675.0,7525.0,493.4,52112.0,FELSIC_VOLCANIC,1
6725.0,7525.0,491.4,52080.0,FELSIC_VOLCANIC,1
6775.0,7525.0,489.5,52047.0,FELSIC_VOLCANIC,1
6825.0,7525.0,487.7,52020.0,FELSIC_VOLCANIC,1
6875.0,7525.0,486.0,51999.0,FELSIC_VOLCANIC,1
6925.0,7525.0,484.4,51990.0,FELSIC_VOLCANIC,1
6975.0,7525.0,483.0,51993.0,FELSIC_VOLCANIC,1
7025.0,7525.0,481.7,52009.0,FELSIC_VOLCANIC,1
7075.0,7525.0,480.6,52040.0,FELSIC_VOLCANIC,1
7125.0,7525.0,479.6,52081.0,FELSIC_VOLCANIC,1
7175.0,7525.0,478.8,52131.0,MAFIC_VOLCANIC,1
7225.0,7525.0,478.2,52181.0,MAFIC_VOLCANIC,1
7275.0,7525.0,477.8,52226.0,MAFIC_VOLCANIC,1
7325.0,7525.0,477.5,52258.0,MAFIC_VOLCANIC,1
7375.0,7525.0,477.3,52270.0,MAFIC_VOLCANIC,1
7425.0,7525.0,477.3,52259.0,MAFIC_VOLCANIC,1
7475.0,7525.0,477.4,52225.0,MAFIC_VOLCANIC,1
7525.0,7525.0,477.6,52171.0,MAFIC_VOLCANIC,1
7575.0,7525.0,478.0,52103.0,MAFIC_VOLCANIC,1
7625.0,7525.0,478.4,52033.0,MAFIC_VOLCANIC,1
7675.0,7525.0,478.9,51969.0,FELSIC_VOLCANIC,1
7725.0,7525.0,479.5,51920.0,FELSIC_VOLCANIC,1
7775.0,7525.0,480.1,51893.0,FELSIC_VOLCANIC,1
7825.0,7525.0,480.7,51890.0,FELSIC_VOLCANIC,0
7875.0,7525.0,481.3,51910.0,MAFIC_VOLCANIC,0
7925.0,7525.0,481.9,51946.0,MAFIC_VOLCANIC,0
7975.0,7525.0,482.5,51991.0,MAFIC_VOLCANIC,0
8025.0,7525.0,483.0,52036.0,MAFIC_VOLCANIC,0
8075.0,7525.0,483.5,52073.0,MAFIC_VOLCANIC,0
8125.0,7525.0,483.8,52096.0,METASEDIMENT,0
8175.0,7525.0,484.1,52101.0,METASEDIMENT,0
8225.0,7525.0,484.3,52086.0,METASEDIMENT,0
8275.0,7525.0,484.3,52055.0,METASEDIMENT,0
8325.0,7525.0,484.2,52010.0,METASEDIMENT,0
8375.0,7525.0,484.0,51958.0,METASEDIMENT,0
8425.0,7525.0,483.6,51905.0,METASEDIMENT,0
8475.0,7525.0,483.0,51860.0,METASEDIMENT,0
8525.0,7525.0,482.3,51826.0,METASEDIMENT,0
8575.0,7525.0,481.4,51810.0,METASEDIMENT,0
8625.0,7525.0,480.4,51814.0,MAFIC_VOLCANIC,0
8675.0,7525.0,479.2,51835.0,MAFIC_VOLCANIC,0
8725.0,7525.0,477.8,51873.0,MAFIC_VOLCANIC,0
8775.0,7525.0,476.3,51920.0,MAFIC_VOLCANIC,0
8825.0,7525.0,474.6,51972.0,MAFIC_VOLCANIC,0
8875.0,7525.0,472.8,52022.0,MAFIC_VOLCANIC,0
8925.0,7525.0,470.9,52064.0,FELSIC_VOLCANIC,0
8975.0,7525.0,468.9,52096.0,FELSIC_VOLCANIC,0
3025.0,7575.0,518.9,52118.0,MAFIC_VOLCANIC,0
3075.0,7575.0,518.8,52071.0,MAFIC_VOLCANIC,0
3125.0,7575.0,518.3,52029.0,MAFIC_VOLCANIC,0
3175.0,7575.0,517.4,51995.0,MAFIC_VOLCANIC,0
3225.0,7575.0,516.1,51974.0,MAFIC_VOLCANIC,0
3275.0,7575.0,514.5,51965.0,MAFIC_VOLCANIC,0
3325.0,7575.0,512.6,51966.0,MAFIC_VOLCANIC,0
3375.0,7575.0,510.4,51973.0,MAFIC_VOLCANIC,0
3425.0,7575.0,508.0,51982.0,MAFIC_VOLCANIC,0
3475.0,7575.0,505.5,51990.0,MAFIC_VOLCANIC,0
3525.0,7575.0,502.8,51997.0,MAFIC_VOLCANIC,0
3575.0,7575.0,500.0,52005.0,FELSIC_VOLCANIC,0
3625.0,7575.0,497.2,52016.0,FELSIC_VOLCANIC,0
3675.0,7575.0,494.3,52033.0,FELSIC_VOLCANIC,0
3725.0,7575.0,491.5,52055.0,FELSIC_VOLCANIC,0
3775.0,7575.0,488.8,52082.0,FELSIC_VOLCANIC,0
3825.0,7575.0,486.2,52110.0,FELSIC_VOLCANIC,0
3875.0,7575.0,483.7,52131.0,FELSIC_VOLCANIC,0
3925.0,7575.0,481.4,52139.0,MAFIC_VOLCANIC,0
3975.0,7575.0,479.3,52131.0,MAFIC_VOLCANIC,0
4025.0,7575.0,477.5,52102.0,MAFIC_VOLCANIC,0
4075.0,7575.0,475.9,52055.0,MAFIC_VOLCANIC,0
4125.0,7575.0,474.5,51992.0,MAFIC_VOLCANIC,1
4175.0,7575.0,473.5,51920.0,METASEDIMENT,1
4225.0,7575.0,472.7,51845.0,METASEDIMENT,1
4275.0,7575.0,472.3,51775.0,METASEDIMENT,1
4325.0,7575.0,472.2,51714.0,METASEDIMENT,1
4375.0,7575.0,472.3,51666.0,METASEDIMENT,1
4425.0,7575.0,472.8,51634.0,METASEDIMENT,1
4475.0,7575.0,473.6,51619.0,METASEDIMENT,1
4525.0,7575.0,474.6,51623.0,MAFIC_VOLCANIC,1
4575.0,7575.0,476.0,51646.0,MAFIC_VOLCANIC,1
4625.0,7575.0,477.5,51687.0,MAFIC_VOLCANIC,1
4675.0,7575.0,479.3,51746.0,MAFIC_VOLCANIC,1
4725.0,7575.0,481.3,51817.0,MAFIC_VOLCANIC,1
4775.0,7575.0,483.5,51896.0,MAFIC_VOLCANIC,1
4825.0,7575.0,485.8,51975.0,MAFIC_VOLCANIC,1
4875.0,7575.0,488.3,52046.0,MAFIC_VOLCANIC,1
4925.0,7575.0,490.8,52102.0,MAFIC_VOLCANIC,1
4975.0,7575.0,493.4,52137.0,MAFIC_VOLCANIC,1
5025.0,7575.0,496.0,52149.0,MAFIC_VOLCANIC,1
5075.0,7575.0,498.6,52140.0,MAFIC_VOLCANIC,1
5125.0,7575.0,501.2,52114.0,MAFIC_VOLCANIC,1
5175.0,7575.0,503.7,52079.0,MAFIC_VOLCANIC,1
5225.0,7575.0,506.2,52041.0,MAFIC_VOLCANIC,1
5275.0,7575.0,508.5,52008.0,MAFIC_VOLCANIC,1
5325.0,7575.0,510.7,51984.0,MAFIC_VOLCANIC,1
5375.0,7575.0,512.7,51970.0,MAFIC_VOLCANIC,1
5425.0,7575.0,514.5,51966.0,MAFIC_VOLCANIC,1
5475.0,7575.0,516.1,51967.0,MAFIC_VOLCANIC,1
5525.0,7575.0,517.5,51971.0,FELSIC_VOLCANIC,1
5575.0,7575.0,518.7,51974.0,FELSIC_VOLCANIC,1
5625.0,7575.0,519.6,51975.0,FELSIC_VOLCANIC,1
5675.0,7575.0,520.2,51972.0,FELSIC_VOLCANIC,1
5725.0,7575.0,520.6,51965.0,FELSIC_VOLCANIC,1
5775.0,7575.0,520.8,51957.0,FELSIC_VOLCANIC,1
5825.0,7575.0,520.7,51948.0,GRANITE,1
5875.0,7575.0,520.3,51941.0,GRANITE,1
5925.0,7575.0,519.7,51938.0,GRANITE,1
5975.0,7575.0,518.8,51938.0,GRANITE,1
6025.0,7575.0,517.8,51944.0,GRANITE,1
6075.0,7575.0,516.5,51956.0,GRANITE,1
6125.0,7575.0,515.1,51974.0,GRANITE,1
6175.0,7575.0,513.4,51997.0,GRANITE,1
6225.0,7575.0,511.6,52025.0,GRANITE,1
6275.0,7575.0,509.7,52056.0,GRANITE,1
6325.0,7575.0,507.7,52087.0,GRANITE,1
6375.0,7575.0,505.6,52115.0,GRANITE,1
6425.0,7575.0,503.4,52138.0,GRANITE,1
6475.0,7575.0,501.2,52152.0,GRANITE,1
6525.0,7575.0,499.0,52156.0,GRANITE,1
6575.0,7575.0,496.8,52151.0,GRANITE,1
6625.0,7575.0,494.6,52137.0,GRANITE,1
6675.0,7575.0,492.5,52116.0,FELSIC_VOLCANIC,1
6725.0,7575.0,490.4,52091.0,FELSIC_VOLCANIC,1
6775.0,7575.0,488.4,52064.0,FELSIC_VOLCANIC,1
6825.0,7575.0,486.5,52039.0,FELSIC_VOLCANIC,1
6875.0,7575.0,484.8,52018.0,FELSIC_VOLCANIC,1
6925.0,7575.0,483.1,52005.0,FELSIC_VOLCANIC,1
6975.0,7575.0,481.6,52001.0,FELSIC_VOLCANIC,1
7025.0,7575.0,480.3,52010.0,FELSIC_VOLCANIC,1
7075.0,7575.0,479.1,52031.0,FELSIC_VOLCANIC,1
7125.0,7575.0,478.1,52064.0,FELSIC_VOLCANIC,1
7175.0,7575.0,477.3,52107.0,FELSIC_VOLCANIC,1
7225.0,7575.0,476.6,52155.0,MAFIC_VOLCANIC,1
7275.0,7575.0,476.0,52202.0,MAFIC_VOLCANIC,1
7325.0,7575.0,475.7,52241.0,MAFIC_VOLCANIC,1
7375.0,7575.0,475.4,52264.0,MAFIC_VOLCANIC,1
7425.0,7575.0,475.4,52266.0,MAFIC_VOLCANIC,1
7475.0,7575.0,475.4,52245.0,MAFIC_VOLCANIC,1
7525.0,7575.0,475.6,52203.0,MAFIC_VOLCANIC,1
7575.0,7575.0,475.9,52143.0,MAFIC_VOLCANIC,1
7625.0,7575.0,476.2,52075.0,MAFIC_VOLCANIC,1
7675.0,7575.0,476.7,52007.0,MAFIC_VOLCANIC,1
7725.0,7575.0,477.2,51950.0,MAFIC_VOLCANIC,1
7775.0,7575.0,477.7,51910.0,MAFIC_VOLCANIC,1
7825.0,7575.0,478.3,51892.0,MAFIC_VOLCANIC,1
7875.0,7575.0,478.9,51897.0,MAFIC_VOLCANIC,0
7925.0,7575.0,479.5,51921.0,MAFIC_VOLCANIC,0
7975.0,7575.0,480.0,51957.0,MAFIC_VOLCANIC,0
8025.0,7575.0,480.5,51999.0,MAFIC_VOLCANIC,0
8075.0,7575.0,480.9,52038.0,MAFIC_VOLCANIC,0
8125.0,7575.0,481.3,52066.0,METASEDIMENT,0
8175.0,7575.0,481.5,52079.0,METASEDIMENT,0
8225.0,7575.0,481.7,52073.0,METASEDIMENT,0
8275.0,7575.0,481.7,52050.0,METASEDIMENT,0
8325.0,7575.0,481.6,52012.0,METASEDIMENT,0
8375.0,7575.0,481.4,51963.0,METASEDIMENT,0
8425.0,7575.0,481.0,51911.0,METASEDIMENT,0
8475.0,7575.0,480.5,51862.0,METASEDIMENT,0
8525.0,7575.0,479.8,51823.0,METASEDIMENT,0
8575.0,7575.0,478.9,51800.0,METASEDIMENT,0
8625.0,7575.0,477.9,51796.0,METASEDIMENT,0
8675.0,7575.0,476.7,51811.0,MAFIC_VOLCANIC,0
8725.0,7575.0,475.4,51845.0,MAFIC_VOLCANIC,0
8775.0,7575.0,473.9,51891.0,MAFIC_VOLCANIC,0
8825.0,7575.0,472.2,51945.0,MAFIC_VOLCANIC,0
8875.0,7575.0,470.5,51999.0,MAFIC_VOLCANIC,0
8925.0,7575.0,468.6,52047.0,FELSIC_VOLCANIC,0
8975.0,7575.0,466.5,52085.0,FELSIC_VOLCANIC,0
3025.0,7625.0,513.1,52134.0,MAFIC_VOLCANIC,0
3075.0,7625.0,512.8,52085.0,MAFIC_VOLCANIC,0
3125.0,7625.0,512.1,52036.0,MAFIC_VOLCANIC,0
3175.0,7625.0,511.0,51995.0,MAFIC_VOLCANIC,0
3225.0,7625.0,509.6,51965.0,MAFIC_VOLCANIC,0
3275.0,7625.0,507.8,51948.0,MAFIC_VOLCANIC,0
3325.0,7625.0,505.8,51944.0,MAFIC_VOLCANIC,0
3375.0,7625.0,503.5,51948.0,MAFIC_VOLCANIC,0
3425.0,7625.0,501.1,51957.0,MAFIC_VOLCANIC,0
3475.0,7625.0,498.5,51967.0,MAFIC_VOLCANIC,0
3525.0,7625.0,495.7,51976.0,MAFIC_VOLCANIC,0
3575.0,7625.0,492.9,51984.0,FELSIC_VOLCANIC,0
3625.0,7625.0,490.1,51994.0,FELSIC_VOLCANIC,0
3675.0,7625.0,487.3,52007.0,FELSIC_VOLCANIC,0
3725.0,7625.0,484.6,52025.0,FELSIC_VOLCANIC,0
3775.0,7625.0,482.0,52048.0,FELSIC_VOLCANIC,0
3825.0,7625.0,479.4,52074.0,FELSIC_VOLCANIC,0
3875.0,7625.0,477.1,52098.0,FELSIC_VOLCANIC,0
3925.0,7625.0,474.9,52113.0,FELSIC_VOLCANIC,0
3975.0,7625.0,473.0,52114.0,MAFIC_VOLCANIC,0
4025.0,7625.0,471.3,52097.0,MAFIC_VOLCANIC,1
4075.0,7625.0,469.9,52062.0,MAFIC_VOLCANIC,1
4125.0,7625.0,468.7,52010.0,MAFIC_VOLCANIC,1
4175.0,7625.0,467.9,51945.0,METASEDIMENT,1
4225.0,7625.0,467.4,51874.0,METASEDIMENT,1
4275.0,7625.0,467.2,51804.0,METASEDIMENT,1
4325.0,7625.0,467.3,51739.0,METASEDIMENT,1
4375.0,7625.0,467.7,51684.0,METASEDIMENT,1
4425.0,7625.0,468.4,51644.0,METASEDIMENT,1
4475.0,7625.0,469.4,51619.0,METASEDIMENT,1
4525.0,7625.0,470.7,51613.0,MAFIC_VOLCANIC,1
4575.0,7625.0,472.2,51625.0,MAFIC_VOLCANIC,1
4625.0,7625.0,474.0,51655.0,MAFIC_VOLCANIC,1
4675.0,7625.0,476.1,51704.0,MAFIC_VOLCANIC,1
4725.0,7625.0,478.3,51768.0,MAFIC_VOLCANIC,1
4775.0,7625.0,480.7,51843.0,MAFIC_VOLCANIC,1
4825.0,7625.0,483.2,51921.0,MAFIC_VOLCANIC,1
4875.0,7625.0,485.8,51996.0,MAFIC_VOLCANIC,1
4925.0,7625.0,488.6,52060.0,MAFIC_VOLCANIC,1
4975.0,7625.0,491.3,52106.0,MAFIC_VOLCANIC,1
5025.0,7625.0,494.1,52130.0,MAFIC_VOLCANIC,1
5075.0,7625.0,496.9,52134.0,MAFIC_VOLCANIC,1
5125.0,7625.0,499.6,52120.0,MAFIC_VOLCANIC,1
5175.0,7625.0,502.3,52093.0,MAFIC_VOLCANIC,1
5225.0,7625.0,504.8,52061.0,MAFIC_VOLCANIC,1
5275.0,7625.0,507.3,52031.0,MAFIC_VOLCANIC,1
5325.0,7625.0,509.5,52007.0,MAFIC_VOLCANIC,1
5375.0,7625.0,511.6,51992.0,MAFIC_VOLCANIC,1
5425.0,7625.0,513.5,51986.0,MAFIC_VOLCANIC,1
5475.0,7625.0,515.2,51986.0,MAFIC_VOLCANIC,1
5525.0,7625.0,516.6,51990.0,FELSIC_VOLCANIC,1
5575.0,7625.0,517.8,51995.0,FELSIC_VOLCANIC,1
5625.0,7625.0,518.8,51996.0,FELSIC_VOLCANIC,1
5675.0,7625.0,519.5,51994.0,FELSIC_VOLCANIC,1
5725.0,7625.0,519.9,51988.0,FELSIC_VOLCANIC,1
5775.0,7625.0,520.1,51978.0,FELSIC_VOLCANIC,1
5825.0,7625.0,519.9,51966.0,GRANITE,1
5875.0,7625.0,519.6,51955.0,GRANITE,1
5925.0,7625.0,519.0,51946.0,GRANITE,1
5975.0,7625.0,518.1,51940.0,GRANITE,1
6025.0,7625.0,517.0,51939.0,GRANITE,1
6075.0,7625.0,515.7,51944.0,GRANITE,1
6125.0,7625.0,514.3,51955.0,GRANITE,1
6175.0,7625.0,512.6,51972.0,GRANITE,1
6225.0,7625.0,510.8,51995.0,GRANITE,1
6275.0,7625.0,508.8,52022.0,GRANITE,1
6325.0,7625.0,506.8,52051.0,GRANITE,1
6375.0,7625.0,504.6,52078.0,GRANITE,1
6425.0,7625.0,502.4,52102.0,GRANITE,1
6475.0,7625.0,500.1,52119.0,GRANITE,1
6525.0,7625.0,497.9,52129.0,GRANITE,1
6575.0,7625.0,495.6,52130.0,GRANITE,1
6625.0,7625.0,493.4,52124.0,GRANITE,1
6675.0,7625.0,491.2,52111.0,GRANITE,1
6725.0,7625.0,489.0,52093.0,GRANITE,1
6775.0,7625.0,487.0,52073.0,FELSIC_VOLCANIC,1
6825.0,7625.0,485.0,52052.0,FELSIC_VOLCANIC,1
6875.0,7625.0,483.2,52033.0,FELSIC_VOLCANIC,1
6925.0,7625.0,481.5,52019.0,FELSIC_VOLCANIC,1
6975.0,7625.0,480.0,52010.0,FELSIC_VOLCANIC,1
7025.0,7625.0,478.6,52011.0,FELSIC_VOLCANIC,1
7075.0,7625.0,477.3,52024.0,FELSIC_VOLCANIC,1
7125.0,7625.0,476.2,52047.0,FELSIC_VOLCANIC,1
7175.0,7625.0,475.3,52082.0,FELSIC_VOLCANIC,1
7225.0,7625.0,474.5,52125.0,FELSIC_VOLCANIC,1
7275.0,7625.0,473.9,52172.0,MAFIC_VOLCANIC,1
7325.0,7625.0,473.5,52214.0,MAFIC_VOLCANIC,1
7375.0,7625.0,473.2,52246.0,MAFIC_VOLCANIC,1
7425.0,7625.0,473.1,52260.0,MAFIC_VOLCANIC,1
7475.0,7625.0,473.0,52253.0,MAFIC_VOLCANIC,1
7525.0,7625.0,473.2,52224.0,MAFIC_VOLCANIC,1
7575.0,7625.0,473.4,52175.0,MAFIC_VOLCANIC,1
7625.0,7625.0,473.7,52114.0,MAFIC_VOLCANIC,1
7675.0,7625.0,474.1,52047.0,MAFIC_VOLCANIC,1
7725.0,7625.0,474.5,51985.0,MAFIC_VOLCANIC,1
7775.0,7625.0,475.0,51937.0,MAFIC_VOLCANIC,1
7825.0,7625.0,475.6,51906.0,MAFIC_VOLCANIC,1
7875.0,7625.0,476.1,51897.0,MAFIC_VOLCANIC,1
7925.0,7625.0,476.6,51908.0,MAFIC_VOLCANIC,0
7975.0,7625.0,477.1,51935.0,MAFIC_VOLCANIC,0
8025.0,7625.0,477.6,51971.0,MAFIC_VOLCANIC,0
8075.0,7625.0,478.0,52008.0,MAFIC_VOLCANIC,0
8125.0,7625.0,478.4,52038.0,METASEDIMENT,0
8175.0,7625.0,478.6,52057.0,METASEDIMENT,0
8225.0,7625.0,478.8,52060.0,METASEDIMENT,0
8275.0,7625.0,478.8,52045.0,METASEDIMENT,0
8325.0,7625.0,478.7,52014.0,METASEDIMENT,0
8375.0,7625.0,478.5,51970.0,METASEDIMENT,0
8425.0,7625.0,478.1,51920.0,METASEDIMENT,0
8475.0,7625.0,477.6,51869.0,METASEDIMENT,0
8525.0,7625.0,476.9,51826.0,METASEDIMENT,0
8575.0,7625.0,476.1,51796.0,METASEDIMENT,0
8625.0,7625.0,475.1,51785.0,METASEDIMENT,0
8675.0,7625.0,474.0,51794.0,MAFIC_VOLCANIC,0
8725.0,7625.0,472.7,51821.0,MAFIC_VOLCANIC,0
8775.0,7625.0,471.2,51865.0,MAFIC_VOLCANIC,0
8825.0,7625.0,469.6,51918.0,MAFIC_VOLCANIC,0
8875.0,7625.0,467.9,51974.0,MAFIC_VOLCANIC,0
8925.0,7625.0,466.0,52027.0,FELSIC_VOLCANIC,0
8975.0,7625.0,464.0,52070.0,FELSIC_VOLCANIC,0
3025.0,7675.0,506.8,52146.0,MAFIC_VOLCANIC,0
3075.0,7675.0,506.3,52098.0,MAFIC_VOLCANIC,0
3125.0,7675.0,505.4,52047.0,MAFIC_VOLCANIC,0
3175.0,7675.0,504.1,51999.0,MAFIC_VOLCANIC,0
3225.0,7675.0,502.5,51960.0,MAFIC_VOLCANIC,0
3275.0,7675.0,500.6,51935.0,MAFIC_VOLCANIC,0
3325.0,7675.0,498.5,51923.0,MAFIC_VOLCANIC,0
3375.0,7675.0,496.1,51923.0,MAFIC_VOLCANIC,0
3425.0,7675.0,493.6,51931.0,MAFIC_VOLCANIC,0
3475.0,7675.0,490.9,51942.0,MAFIC_VOLCANIC,0
3525.0,7675.0,488.2,51953.0,MAFIC_VOLCANIC,0
3575.0,7675.0,485.4,51963.0,MAFIC_VOLCANIC,0
3625.0,7675.0,482.6,51972.0,FELSIC_VOLCANIC,0
3675.0,7675.0,479.8,51983.0,FELSIC_VOLCANIC,0
3725.0,7675.0,477.1,51998.0,FELSIC_VOLCANIC,0
3775.0,7675.0,474.6,52017.0,FELSIC_VOLCANIC,0
3825.0,7675.0,472.2,52040.0,FELSIC_VOLCANIC,0
3875.0,7675.0,469.9,52064.0,FELSIC_VOLCANIC,0
3925.0,7675.0,467.9,52083.0,FELSIC_VOLCANIC,1
3975.0,7675.0,466.1,52092.0,MAFIC_VOLCANIC,1
4025.0,7675.0,464.6,52086.0,MAFIC_VOLCANIC,1
4075.0,7675.0,463.4,52063.0,MAFIC_VOLCANIC,1
4125.0,7675.0,462.5,52023.0,MAFIC_VOLCANIC,1
4175.0,7675.0,461.8,51968.0,MAFIC_VOLCANIC,1
4225.0,7675.0,461.5,51904.0,METASEDIMENT,1
4275.0,7675.0,461.5,51837.0,METASEDIMENT,1
4325.0,7675.0,461.9,51771.0,METASEDIMENT,1
4375.0,7675.0,462.5,51712.0,METASEDIMENT,1
4425.0,7675.0,463.5,51665.0,METASEDIMENT,1
4475.0,7675.0,464.7,51631.0,METASEDIMENT,1
4525.0,7675.0,466.3,51614.0,MAFIC_VOLCANIC,1
4575.0,7675.0,468.1,51614.0,MAFIC_VOLCANIC,1
4625.0,7675.0,470.1,51634.0,MAFIC_VOLCANIC,1
4675.0,7675.0,472.3,51671.0,MAFIC_VOLCANIC,1
4725.0,7675.0,474.8,51725.0,MAFIC_VOLCANIC,1
4775.0,7675.0,477.4,51792.0,MAFIC_VOLCANIC,1
4825.0,7675.0,480.1,51867.0,MAFIC_VOLCANIC,1
4875.0,7675.0,483.0,51942.0,MAFIC_VOLCANIC,1
4925.0,7675.0,485.9,52009.0,MAFIC_VOLCANIC,1
4975.0,7675.0,488.9,52063.0,MAFIC_VOLCANIC,1
5025.0,7675.0,491.8,52099.0,MAFIC_VOLCANIC,1
5075.0,7675.0,494.7,52115.0,MAFIC_VOLCANIC,1
5125.0,7675.0,497.6,52112.0,MAFIC_VOLCANIC,1
5175.0,7675.0,500.4,52095.0,MAFIC_VOLCANIC,1
5225.0,7675.0,503.1,52070.0,MAFIC_VOLCANIC,1
5275.0,7675.0,505.6,52044.0,MAFIC_VOLCANIC,1
5325.0,7675.0,508.0,52022.0,MAFIC_VOLCANIC,1
5375.0,7675.0,510.2,52007.0,MAFIC_VOLCANIC,1
5425.0,7675.0,512.2,52000.0,MAFIC_VOLCANIC,1
5475.0,7675.0,513.9,52001.0,MAFIC_VOLCANIC,1
5525.0,7675.0,515.4,52005.0,FELSIC_VOLCANIC,1
5575.0,7675.0,516.7,52011.0,FELSIC_VOLCANIC,1
5625.0,7675.0,517.6,52015.0,FELSIC_VOLCANIC,1
5675.0,7675.0,518.4,52014.0,FELSIC_VOLCANIC,1
5725.0,7675.0,518.8,52009.0,FELSIC_VOLCANIC,1
5775.0,7675.0,519.0,51999.0,FELSIC_VOLCANIC,1
5825.0,7675.0,518.9,51986.0,FELSIC_VOLCANIC,1
5875.0,7675.0,518.5,51972.0,GRANITE,1
5925.0,7675.0,517.9,51958.0,GRANITE,1
5975.0,7675.0,517.0,51947.0,GRANITE,1
6025.0,7675.0,515.9,51939.0,GRANITE,1
6075.0,7675.0,514.6,51937.0,GRANITE,1
6125.0,7675.0,513.1,51942.0,GRANITE,1
6175.0,7675.0,511.4,51953.0,GRANITE,1
6225.0,7675.0,509.6,51970.0,GRANITE,1
6275.0,7675.0,507.6,51992.0,GRANITE,1
6325.0,7675.0,505.5,52017.0,GRANITE,1
6375.0,7675.0,503.3,52043.0,GRANITE,1
6425.0,7675.0,501.0,52066.0,GRANITE,1
6475.0,7675.0,498.7,52085.0,GRANITE,1
6525.0,7675.0,496.4,52098.0,GRANITE,1
6575.0,7675.0,494.1,52104.0,GRANITE,1
6625.0,7675.0,491.8,52104.0,GRANITE,1
6675.0,7675.0,489.5,52098.0,GRANITE,1
6725.0,7675.0,487.3,52088.0,GRANITE,1
6775.0,7675.0,485.2,52074.0,GRANITE,1
6825.0,7675.0,483.2,52059.0,GRANITE,1
6875.0,7675.0,481.3,52043.0,FELSIC_VOLCANIC,1
6925.0,7675.0,479.5,52029.0,FELSIC_VOLCANIC,1
6975.0,7675.0,477.9,52019.0,FELSIC_VOLCANIC,1
7025.0,7675.0,476.4,52014.0,FELSIC_VOLCANIC,1
7075.0,7675.0,475.1,52018.0,FELSIC_VOLCANIC,1
7125.0,7675.0,474.0,52033.0,FELSIC_VOLCANIC,1
7175.0,7675.0,473.0,52059.0,FELSIC_VOLCANIC,1
7225.0,7675.0,472.1,52094.0,FELSIC_VOLCANIC,1
7275.0,7675.0,471.5,52136.0,MAFIC_VOLCANIC,1
7325.0,7675.0,471.0,52179.0,MAFIC_VOLCANIC,1
7375.0,7675.0,470.6,52216.0,MAFIC_VOLCANIC,1
7425.0,7675.0,470.4,52240.0,MAFIC_VOLCANIC,1
7475.0,7675.0,470.3,52246.0,MAFIC_VOLCANIC,1
7525.0,7675.0,470.3,52231.0,MAFIC_VOLCANIC,1
7575.0,7675.0,470.5,52196.0,MAFIC_VOLCANIC,1
7625.0,7675.0,470.7,52145.0,MAFIC_VOLCANIC,1
7675.0,7675.0,471.1,52084.0,MAFIC_VOLCANIC,1
7725.0,7675.0,471.5,52023.0,MAFIC_VOLCANIC,1
7775.0,7675.0,471.9,51969.0,MAFIC_VOLCANIC,1
7825.0,7675.0,472.4,51930.0,MAFIC_VOLCANIC,1
7875.0,7675.0,472.9,51909.0,MAFIC_VOLCANIC,1
7925.0,7675.0,473.4,51908.0,MAFIC_VOLCANIC,1
7975.0,7675.0,473.9,51924.0,MAFIC_VOLCANIC,1
8025.0,7675.0,474.4,51952.0,MAFIC_VOLCANIC,0
8075.0,7675.0,474.8,51984.0,MAFIC_VOLCANIC,0
8125.0,7675.0,475.1,52015.0,METASEDIMENT,0
8175.0,7675.0,475.4,52038.0,METASEDIMENT,0
8225.0,7675.0,475.5,52047.0,METASEDIMENT,0
8275.0,7675.0,475.6,52041.0,METASEDIMENT,0
8325.0,7675.0,475.5,52017.0,METASEDIMENT,0
8375.0,7675.0,475.3,51980.0,METASEDIMENT,0
8425.0,7675.0,475.0,51933.0,METASEDIMENT,0
8475.0,7675.0,474.5,51883.0,METASEDIMENT,0
8525.0,7675.0,473.9,51837.0,METASEDIMENT,0
8575.0,7675.0,473.1,51802.0,METASEDIMENT,0
8625.0,7675.0,472.1,51783.0,METASEDIMENT,0
8675.0,7675.0,471.0,51784.0,MAFIC_VOLCANIC,0
8725.0,7675.0,469.8,51805.0,MAFIC_VOLCANIC,0
8775.0,7675.0,468.4,51843.0,MAFIC_VOLCANIC,0
8825.0,7675.0,466.8,51894.0,MAFIC_VOLCANIC,0
8875.0,7675.0,465.1,51951.0,MAFIC_VOLCANIC,0
8925.0,7675.0,463.3,52006.0,MAFIC_VOLCANIC,0
8975.0,7675.0,461.4,52054.0,FELSIC_VOLCANIC,0
3025.0,7725.0,500.1,52154.0,MAFIC_VOLCANIC,0
3075.0,7725.0,499.4,52110.0,MAFIC_VOLCANIC,0
3125.0,7725.0,498.3,52058.0,MAFIC_VOLCANIC,0
3175.0,7725.0,496.8,52006.0,MAFIC_VOLCANIC,0
3225.0,7725.0,495.0,51960.0,METASEDIMENT,0
3275.0,7725.0,493.0,51926.0,MAFIC_VOLCANIC,0
3325.0,7725.0,490.7,51906.0,MAFIC_VOLCANIC,0
3375.0,7725.0,488.2,51900.0,MAFIC_VOLCANIC,0
3425.0,7725.0,485.6,51905.0,MAFIC_VOLCANIC,0
3475.0,7725.0,482.9,51915.0,MAFIC_VOLCANIC,0
3525.0,7725.0,480.1,51928.0,MAFIC_VOLCANIC,0
3575.0,7725.0,477.3,51940.0,MAFIC_VOLCANIC,0
3625.0,7725.0,474.6,51950.0,FELSIC_VOLCANIC,0
3675.0,7725.0,471.8,51961.0,FELSIC_VOLCANIC,0
3725.0,7725.0,469.2,51973.0,FELSIC_VOLCANIC,0
3775.0,7725.0,466.7,51989.0,FELSIC_VOLCANIC,0
3825.0,7725.0,464.4,52009.0,FELSIC_VOLCANIC,1
3875.0,7725.0,462.3,52031.0,FELSIC_VOLCANIC,1
3925.0,7725.0,460.5,52052.0,FELSIC_VOLCANIC,1
3975.0,7725.0,458.8,52067.0,FELSIC_VOLCANIC,1
4025.0,7725.0,457.5,52070.0,MAFIC_VOLCANIC,1
4075.0,7725.0,456.5,52059.0,MAFIC_VOLCANIC,1
4125.0,7725.0,455.7,52031.0,MAFIC_VOLCANIC,1
4175.0,7725.0,455.3,51988.0,MAFIC_VOLCANIC,1
4225.0,7725.0,455.2,51933.0,MAFIC_VOLCANIC,1
4275.0,7725.0,455.5,51872.0,METASEDIMENT,1
4325.0,7725.0,456.0,51808.0,METASEDIMENT,1
4375.0,7725.0,456.9,51748.0,METASEDIMENT,1
4425.0,7725.0,458.1,51695.0,METASEDIMENT,1
4475.0,7725.0,459.6,51654.0,METASEDIMENT,1
4525.0,7725.0,461.4,51627.0,MAFIC_VOLCANIC,1
4575.0,7725.0,463.4,51616.0,MAFIC_VOLCANIC,1
4625.0,7725.0,465.7,51623.0,MAFIC_VOLCANIC,1
4675.0,7725.0,468.2,51648.0,MAFIC_VOLCANIC,1
4725.0,7725.0,470.9,51691.0,MAFIC_VOLCANIC,1
4775.0,7725.0,473.7,51748.0,MAFIC_VOLCANIC,1
4825.0,7725.0,476.6,51815.0,MAFIC_VOLCANIC,1
4875.0,7725.0,479.7,51887.0,MAFIC_VOLCANIC,1
4925.0,7725.0,482.8,51955.0,MAFIC_VOLCANIC,1
4975.0,7725.0,485.9,52013.0,MAFIC_VOLCANIC,1
5025.0,7725.0,489.1,52057.0,MAFIC_VOLCANIC,1
5075.0,7725.0,492.2,52082.0,MAFIC_VOLCANIC,1
5125.0,7725.0,495.2,52090.0,MAFIC_VOLCANIC,1
5175.0,7725.0,498.2,52083.0,MAFIC_VOLCANIC,1
5225.0,7725.0,501.0,52067.0,MAFIC_VOLCANIC,1
5275.0,7725.0,503.6,52046.0,MAFIC_VOLCANIC,1
5325.0,7725.0,506.1,52028.0,MAFIC_VOLCANIC,1
5375.0,7725.0,508.4,52015.0,MAFIC_VOLCANIC,1
5425.0,7725.0,510.4,52009.0,MAFIC_VOLCANIC,1
5475.0,7725.0,512.2,52010.0,MAFIC_VOLCANIC,1
5525.0,7725.0,513.8,52015.0,FELSIC_VOLCANIC,1
5575.0,7725.0,515.1,52023.0,FELSIC_VOLCANIC,1
5625.0,7725.0,516.1,52028.0,FELSIC_VOLCANIC,1
5675.0,7725.0,516.9,52031.0,FELSIC_VOLCANIC,1
5725.0,7725.0,517.4,52028.0,FELSIC_VOLCANIC,1
5775.0,7725.0,517.6,52019.0,FELSIC_VOLCANIC,1
5825.0,7725.0,517.5,52007.0,FELSIC_VOLCANIC,1
5875.0,7725.0,517.1,51991.0,GRANITE,1
5925.0,7725.0,516.5,51974.0,GRANITE,1
5975.0,7725.0,515.6,51958.0,GRANITE,1
6025.0,7725.0,514.5,51945.0,GRANITE,1
6075.0,7725.0,513.2,51937.0,GRANITE,1
6125.0,7725.0,511.6,51935.0,GRANITE,1
6175.0,7725.0,509.9,51939.0,GRANITE,1
6225.0,7725.0,508.0,51950.0,GRANITE,1
6275.0,7725.0,506.0,51967.0,GRANITE,1
6325.0,7725.0,503.9,51988.0,GRANITE,1
6375.0,7725.0,501.6,52011.0,GRANITE,1
6425.0,7725.0,499.3,52033.0,GRANITE,1
6475.0,7725.0,497.0,52052.0,GRANITE,1
6525.0,7725.0,494.6,52066.0,GRANITE,1
6575.0,7725.0,492.2,52076.0,GRANITE,1
6625.0,7725.0,489.8,52080.0,GRANITE,1
6675.0,7725.0,487.5,52079.0,GRANITE,1
6725.0,7725.0,485.3,52075.0,GRANITE,1
6775.0,7725.0,483.1,52068.0,GRANITE,1
6825.0,7725.0,481.0,52058.0,GRANITE,1
6875.0,7725.0,479.1,52047.0,GRANITE,1
6925.0,7725.0,477.2,52036.0,GRANITE,1
6975.0,7725.0,475.5,52025.0,FELSIC_VOLCANIC,1
7025.0,7725.0,474.0,52017.0,FELSIC_VOLCANIC,1
7075.0,7725.0,472.6,52015.0,FELSIC_VOLCANIC,1
7125.0,7725.0,471.3,52021.0,FELSIC_VOLCANIC,1
7175.0,7725.0,470.3,52037.0,FELSIC_VOLCANIC,1
7225.0,7725.0,469.4,52063.0,FELSIC_VOLCANIC,1
7275.0,7725.0,468.6,52099.0,FELSIC_VOLCANIC,1
7325.0,7725.0,468.0,52139.0,MAFIC_VOLCANIC,1
7375.0,7725.0,467.6,52178.0,MAFIC_VOLCANIC,1
7425.0,7725.0,467.3,52209.0,MAFIC_VOLCANIC,1
7475.0,7725.0,467.2,52225.0,MAFIC_VOLCANIC,1
7525.0,7725.0,467.1,52224.0,MAFIC_VOLCANIC,1
7575.0,7725.0,467.2,52203.0,MAFIC_VOLCANIC,1
7625.0,7725.0,467.4,52164.0,MAFIC_VOLCANIC,1
7675.0,7725.0,467.7,52113.0,MAFIC_VOLCANIC,1
7725.0,7725.0,468.1,52056.0,MAFIC_VOLCANIC,1
7775.0,7725.0,468.5,52002.0,MAFIC_VOLCANIC,1
7825.0,7725.0,468.9,51958.0,MAFIC_VOLCANIC,1
7875.0,7725.0,469.4,51930.0,MAFIC_VOLCANIC,1
7925.0,7725.0,469.9,51918.0,MAFIC_VOLCANIC,1
7975.0,7725.0,470.4,51924.0,MAFIC_VOLCANIC,1
8025.0,7725.0,470.8,51943.0,MAFIC_VOLCANIC,1
8075.0,7725.0,471.2,51970.0,MAFIC_VOLCANIC,0
8125.0,7725.0,471.5,51999.0,MAFIC_VOLCANIC,0
8175.0,7725.0,471.8,52023.0,METASEDIMENT,0
8225.0,7725.0,472.0,52037.0,METASEDIMENT,0
8275.0,7725.0,472.0,52037.0,METASEDIMENT,0
8325.0,7725.0,472.0,52022.0,METASEDIMENT,0
8375.0,7725.0,471.8,51992.0,METASEDIMENT,0
8425.0,7725.0,471.5,51950.0,METASEDIMENT,0
8475.0,7725.0,471.1,51903.0,METASEDIMENT,0
8525.0,7725.0,470.5,51855.0,METASEDIMENT,0
8575.0,7725.0,469.8,51816.0,METASEDIMENT,0
8625.0,7725.0,468.9,51790.0,METASEDIMENT,0
8675.0,7725.0,467.8,51783.0,METASEDIMENT,0
8725.0,7725.0,466.6,51796.0,MAFIC_VOLCANIC,0
8775.0,7725.0,465.3,51828.0,MAFIC_VOLCANIC,0
8825.0,7725.0,463.8,51875.0,MAFIC_VOLCANIC,0
8875.0,7725.0,462.2,51931.0,MAFIC_VOLCANIC,0
8925.0,7725.0,460.4,51987.0,MAFIC_VOLCANIC,0
8975.0,7725.0,458.6,52038.0,FELSIC_VOLCANIC,0
3025.0,7775.0,493.1,52154.0,MAFIC_VOLCANIC,0
3075.0,7775.0,492.1,52117.0,MAFIC_VOLCANIC,0
3125.0,7775.0,490.7,52069.0,METASEDIMENT,0
3175.0,7775.0,489.1,52015.0,METASEDIMENT,0
3225.0,7775.0,487.1,51964.0,METASEDIMENT,0
3275.0,7775.0,484.9,51922.0,METASEDIMENT,0
3325.0,7775.0,482.5,51893.0,METASEDIMENT,0
3375.0,7775.0,480.0,51880.0,MAFIC_VOLCANIC,0
3425.0,7775.0,477.3,51879.0,MAFIC_VOLCANIC,0
3475.0,7775.0,474.5,51887.0,MAFIC_VOLCANIC,0
3525.0,7775.0,471.7,51900.0,MAFIC_VOLCANIC,0
3575.0,7775.0,468.9,51914.0,MAFIC_VOLCANIC,0
3625.0,7775.0,466.1,51927.0,MAFIC_VOLCANIC,0
3675.0,7775.0,463.4,51938.0,FELSIC_VOLCANIC,0
3725.0,7775.0,460.9,51949.0,FELSIC_VOLCANIC,1
3775.0,7775.0,458.5,51963.0,FELSIC_VOLCANIC,1
3825.0,7775.0,456.3,51980.0,FELSIC_VOLCANIC,1
3875.0,7775.0,454.3,52000.0,FELSIC_VOLCANIC,1
3925.0,7775.0,452.6,52021.0,FELSIC_VOLCANIC,1
3975.0,7775.0,451.1,52039.0,FELSIC_VOLCANIC,1
4025.0,7775.0,449.9,52050.0,MAFIC_VOLCANIC,1
4075.0,7775.0,449.1,52048.0,MAFIC_VOLCANIC,1
4125.0,7775.0,448.5,52033.0,MAFIC_VOLCANIC,1
4175.0,7775.0,448.3,52003.0,MAFIC_VOLCANIC,1
4225.0,7775.0,448.5,51959.0,MAFIC_VOLCANIC,1
4275.0,7775.0,449.0,51906.0,MAFIC_VOLCANIC,1
4325.0,7775.0,449.8,51848.0,METASEDIMENT,1
4375.0,7775.0,450.9,51789.0,METASEDIMENT,1
4425.0,7775.0,452.3,51734.0,METASEDIMENT,1
4475.0,7775.0,454.1,51687.0,METASEDIMENT,1
4525.0,7775.0,456.1,51652.0,MAFIC_VOLCANIC,1
4575.0,7775.0,458.4,51631.0,MAFIC_VOLCANIC,1
4625.0,7775.0,460.9,51626.0,MAFIC_VOLCANIC,1
4675.0,7775.0,463.6,51638.0,MAFIC_VOLCANIC,1
4725.0,7775.0,466.5,51668.0,MAFIC_VOLCANIC,1
4775.0,7775.0,469.6,51713.0,MAFIC_VOLCANIC,1
4825.0,7775.0,472.8,51771.0,MAFIC_VOLCANIC,1
4875.0,7775.0,476.0,51835.0,MAFIC_VOLCANIC,1
4925.0,7775.0,479.3,51900.0,MAFIC_VOLCANIC,1
4975.0,7775.0,482.6,51959.0,MAFIC_VOLCANIC,1
5025.0,7775.0,486.0,52007.0,MAFIC_VOLCANIC,1
5075.0,7775.0,489.2,52040.0,MAFIC_VOLCANIC,1
5125.0,7775.0,492.4,52057.0,MAFIC_VOLCANIC,1
5175.0,7775.0,495.5,52059.0,MAFIC_VOLCANIC,1
5225.0,7775.0,498.4,52051.0,MAFIC_VOLCANIC,1
5275.0,7775.0,501.2,52037.0,MAFIC_VOLCANIC,1
5325.0,7775.0,503.8,52023.0,MAFIC_VOLCANIC,1
5375.0,7775.0,506.2,52013.0,MAFIC_VOLCANIC,1
5425.0,7775.0,508.3,52010.0,MAFIC_VOLCANIC,1
5475.0,7775.0,510.2,52012.0,MAFIC_VOLCANIC,1
5525.0,7775.0,511.9,52019.0,FELSIC_VOLCANIC,1
5575.0,7775.0,513.2,52029.0,FELSIC_VOLCANIC,1
5625.0,7775.0,514.3,52038.0,FELSIC_VOLCANIC,1
5675.0,7775.0,515.1,52043.0,FELSIC_VOLCANIC,1
5725.0,7775.0,515.6,52043.0,FELSIC_VOLCANIC,1
5775.0,7775.0,515.8,52038.0,FELSIC_VOLCANIC,1
5825.0,7775.0,515.7,52026.0,FELSIC_VOLCANIC,1
5875.0,7775.0,515.4,52011.0,GRANITE,1
5925.0,7775.0,514.7,51992.0,GRANITE,1
5975.0,7775.0,513.8,51973.0,GRANITE,1
6025.0,7775.0,512.7,51956.0,GRANITE,1
6075.0,7775.0,511.4,51942.0,GRANITE,1
6125.0,7775.0,509.8,51934.0,GRANITE,1
6175.0,7775.0,508.1,51932.0,GRANITE,1
6225.0,7775.0,506.2,51937.0,GRANITE,1
6275.0,7775.0,504.1,51948.0,GRANITE,1
6325.0,7775.0,501.9,51965.0,GRANITE,1
6375.0,7775.0,499.6,51984.0,GRANITE,1
6425.0,7775.0,497.3,52003.0,GRANITE,1
6475.0,7775.0,494.9,52021.0,GRANITE,1
6525.0,7775.0,492.4,52036.0,GRANITE,1
6575.0,7775.0,490.0,52047.0,GRANITE,1
6625.0,7775.0,487.6,52053.0,GRANITE,1
6675.0,7775.0,485.2,52056.0,GRANITE,1
6725.0,7775.0,482.9,52057.0,GRANITE,1
6775.0,7775.0,480.6,52055.0,GRANITE,1
6825.0,7775.0,478.5,52052.0,GRANITE,1
6875.0,7775.0,476.5,52046.0,GRANITE,1
6925.0,7775.0,474.6,52038.0,GRANITE,1
6975.0,7775.0,472.8,52029.0,GRANITE,1
7025.0,7775.0,471.2,52019.0,FELSIC_VOLCANIC,1
7075.0,7775.0,469.7,52013.0,FELSIC_VOLCANIC,1
7125.0,7775.0,468.4,52011.0,FELSIC_VOLCANIC,1
7175.0,7775.0,467.2,52018.0,FELSIC_VOLCANIC,1
7225.0,7775.0,466.2,52035.0,FELSIC_VOLCANIC,1
7275.0,7775.0,465.4,52061.0,FELSIC_VOLCANIC,1
7325.0,7775.0,464.8,52095.0,MAFIC_VOLCANIC,1
7375.0,7775.0,464.3,52133.0,MAFIC_VOLCANIC,1
7425.0,7775.0,463.9,52167.0,MAFIC_VOLCANIC,1
7475.0,7775.0,463.7,52192.0,MAFIC_VOLCANIC,1
7525.0,7775.0,463.6,52202.0,MAFIC_VOLCANIC,1
7575.0,7775.0,463.6,52194.0,MAFIC_VOLCANIC,1
7625.0,7775.0,463.8,52169.0,MAFIC_VOLCANIC,1
7675.0,7775.0,464.0,52130.0,MAFIC_VOLCANIC,1
7725.0,7775.0,464.3,52082.0,MAFIC_VOLCANIC,1
7775.0,7775.0,464.7,52032.0,MAFIC_VOLCANIC,1
7825.0,7775.0,465.1,51988.0,MAFIC_VOLCANIC,1
7875.0,7775.0,465.5,51954.0,MAFIC_VOLCANIC,1
7925.0,7775.0,466.0,51936.0,MAFIC_VOLCANIC,1
7975.0,7775.0,466.5,51933.0,MAFIC_VOLCANIC,1
8025.0,7775.0,466.9,51943.0,MAFIC_VOLCANIC,1
8075.0,7775.0,467.3,51964.0,MAFIC_VOLCANIC,1
8125.0,7775.0,467.6,51989.0,MAFIC_VOLCANIC,0
8175.0,7775.0,467.9,52013.0,METASEDIMENT,0
8225.0,7775.0,468.1,52030.0,METASEDIMENT,0
8275.0,7775.0,468.2,52036.0,METASEDIMENT,0
8325.0,7775.0,468.2,52029.0,METASEDIMENT,0
8375.0,7775.0,468.0,52006.0,METASEDIMENT,0
8425.0,7775.0,467.8,51971.0,METASEDIMENT,0
8475.0,7775.0,467.4,51927.0,METASEDIMENT,0
8525.0,7775.0,466.9,51881.0,METASEDIMENT,0
8575.0,7775.0,466.2,51838.0,METASEDIMENT,0
8625.0,7775.0,465.4,51807.0,METASEDIMENT,0
8675.0,7775.0,464.4,51792.0,METASEDIMENT,0
8725.0,7775.0,463.3,51797.0,MAFIC_VOLCANIC,0
8775.0,7775.0,462.0,51822.0,MAFIC_VOLCANIC,0
8825.0,7775.0,460.6,51864.0,MAFIC_VOLCANIC,0
8875.0,7775.0,459.1,51916.0,MAFIC_VOLCANIC,0
8925.0,7775.0,457.4,51972.0,MAFIC_VOLCANIC,0
8975.0,7775.0,455.6,52024.0,MAFIC_VOLCANIC,0
3025.0,7825.0,485.6,52146.0,MAFIC_VOLCANIC,0
3075.0,7825.0,484.4,52118.0,MAFIC_VOLCANIC,0
3125.0,7825.0,482.8,52077.0,METASEDIMENT,0
3175.0,7825.0,481.0,52025.0,METASEDIMENT,0
3225.0,7825.0,478.8,51972.0,METASEDIMENT,0
3275.0,7825.0,476.5,51923.0,METASEDIMENT,0
3325.0,7825.0,474.0,51886.0,METASEDIMENT,0
3375.0,7825.0,471.3,51863.0,METASEDIMENT,0
3425.0,7825.0,468.5,51856.0,MAFIC_VOLCANIC,0
3475.0,7825.0,465.7,51860.0,MAFIC_VOLCANIC,0
3525.0,7825.0,462.8,51871.0,MAFIC_VOLCANIC,0
3575.0,7825.0,460.0,51886.0,MAFIC_VOLCANIC,0
3625.0,7825.0,457.3,51901.0,MAFIC_VOLCANIC,0
3675.0,7825.0,454.6,51914.0,MAFIC_VOLCANIC,1
3725.0,7825.0,452.1,51926.0,FELSIC_VOLCANIC,1
3775.0,7825.0,449.8,51938.0,FELSIC_VOLCANIC,1
3825.0,7825.0,447.7,51953.0,FELSIC_VOLCANIC,1
3875.0,7825.0,445.8,51971.0,FELSIC_VOLCANIC,1
3925.0,7825.0,444.3,51991.0,FELSIC_VOLCANIC,1
3975.0,7825.0,443.0,52011.0,FELSIC_VOLCANIC,1
4025.0,7825.0,442.0,52026.0,MAFIC_VOLCANIC,1
4075.0,7825.0,441.3,52034.0,MAFIC_VOLCANIC,1
4125.0,7825.0,441.0,52029.0,MAFIC_VOLCANIC,1
4175.0,7825.0,441.0,52012.0,MAFIC_VOLCANIC,1
4225.0,7825.0,441.4,51980.0,MAFIC_VOLCANIC,1
4275.0,7825.0,442.1,51938.0,MAFIC_VOLCANIC,1
4325.0,7825.0,443.1,51888.0,METASEDIMENT,1
4375.0,7825.0,444.5,51833.0,METASEDIMENT,1
4425.0,7825.0,446.2,51779.0,METASEDIMENT,1
4475.0,7825.0,448.2,51729.0,MAFIC_VOLCANIC,1
4525.0,7825.0,450.4,51688.0,MAFIC_VOLCANIC,1
4575.0,7825.0,453.0,51658.0,MAFIC_VOLCANIC,1
4625.0,7825.0,455.7,51641.0,MAFIC_VOLCANIC,1
4675.0,7825.0,458.7,51641.0,MAFIC_VOLCANIC,1
4725.0,7825.0,461.8,51657.0,MAFIC_VOLCANIC,1
4775.0,7825.0,465.1,51690.0,MAFIC_VOLCANIC,1
4825.0,7825.0,468.5,51735.0,MAFIC_VOLCANIC,1
4875.0,7825.0,471.9,51790.0,MAFIC_VOLCANIC,1
4925.0,7825.0,475.5,51849.0,MAFIC_VOLCANIC,1
4975.0,7825.0,479.0,51906.0,MAFIC_VOLCANIC,1
5025.0,7825.0,482.5,51954.0,MAFIC_VOLCANIC,1
5075.0,7825.0,485.9,51991.0,MAFIC_VOLCANIC,1
5125.0,7825.0,489.3,52014.0,MAFIC_VOLCANIC,1
5175.0,7825.0,492.5,52024.0,MAFIC_VOLCANIC,1
5225.0,7825.0,495.6,52023.0,MAFIC_VOLCANIC,1
5275.0,7825.0,498.5,52017.0,MAFIC_VOLCANIC,1
5325.0,7825.0,501.2,52008.0,MAFIC_VOLCANIC,1
5375.0,7825.0,503.6,52003.0,MAFIC_VOLCANIC,1
5425.0,7825.0,505.9,52002.0,MAFIC_VOLCANIC,1
5475.0,7825.0,507.8,52007.0,MAFIC_VOLCANIC,1
5525.0,7825.0,509.5,52017.0,MAFIC_VOLCANIC,1
5575.0,7825.0,511.0,52030.0,FELSIC_VOLCANIC,1
5625.0,7825.0,512.1,52042.0,FELSIC_VOLCANIC,1
5675.0,7825.0,512.9,52051.0,FELSIC_VOLCANIC,1
5725.0,7825.0,513.5,52055.0,FELSIC_VOLCANIC,1
5775.0,7825.0,513.7,52053.0,FELSIC_VOLCANIC,1
5825.0,7825.0,513.6,52045.0,FELSIC_VOLCANIC,1
5875.0,7825.0,513.3,52031.0,GRANITE,1
5925.0,7825.0,512.7,52013.0,GRANITE,1
5975.0,7825.0,511.8,51992.0,GRANITE,1
6025.0,7825.0,510.6,51971.0,GRANITE,1
6075.0,7825.0,509.3,51953.0,GRANITE,1
6125.0,7825.0,507.7,51939.0,GRANITE,1
6175.0,7825.0,505.9,51931.0,GRANITE,1
6225.0,7825.0,504.0,51930.0,GRANITE,1
6275.0,7825.0,501.9,51936.0,GRANITE,1
6325.0,7825.0,499.7,51947.0,GRANITE,1
6375.0,7825.0,497.3,51962.0,GRANITE,1
6425.0,7825.0,494.9,51979.0,GRANITE,1
6475.0,7825.0,492.5,51995.0,GRANITE,1
6525.0,7825.0,490.0,52009.0,GRANITE,1
6575.0,7825.0,487.5,52019.0,GRANITE,1
6625.0,7825.0,485.0,52027.0,GRANITE,1
6675.0,7825.0,482.6,52032.0,GRANITE,1
6725.0,7825.0,480.2,52036.0,GRANITE,1
6775.0,7825.0,477.9,52038.0,GRANITE,1
6825.0,7825.0,475.6,52040.0,GRANITE,1
6875.0,7825.0,473.5,52039.0,GRANITE,1
6925.0,7825.0,471.6,52035.0,GRANITE,1
6975.0,7825.0,469.7,52029.0,GRANITE,1
7025.0,7825.0,468.0,52020.0,GRANITE,1
7075.0,7825.0,466.5,52011.0,FELSIC_VOLCANIC,1
7125.0,7825.0,465.1,52004.0,FELSIC_VOLCANIC,1
7175.0,7825.0,463.8,52003.0,FELSIC_VOLCANIC,1
7225.0,7825.0,462.8,52009.0,FELSIC_VOLCANIC,1
7275.0,7825.0,461.9,52026.0,FELSIC_VOLCANIC,1
7325.0,7825.0,461.1,52052.0,FELSIC_VOLCANIC,1
7375.0,7825.0,460.6,52084.0,MAFIC_VOLCANIC,1
7425.0,7825.0,460.1,52118.0,MAFIC_VOLCANIC,1
7475.0,7825.0,459.8,52147.0,MAFIC_VOLCANIC,1
7525.0,7825.0,459.7,52166.0,MAFIC_VOLCANIC,1
7575.0,7825.0,459.7,52171.0,MAFIC_VOLCANIC,1
7625.0,7825.0,459.7,52159.0,MAFIC_VOLCANIC,1
7675.0,7825.0,459.9,52133.0,MAFIC_VOLCANIC,1
7725.0,7825.0,460.2,52096.0,MAFIC_VOLCANIC,1
7775.0,7825.0,460.5,52054.0,MAFIC_VOLCANIC,1
7825.0,7825.0,460.9,52013.0,MAFIC_VOLCANIC,1
7875.0,7825.0,461.3,51979.0,MAFIC_VOLCANIC,1
7925.0,7825.0,461.8,51957.0,MAFIC_VOLCANIC,1
7975.0,7825.0,462.2,51948.0,MAFIC_VOLCANIC,1
8025.0,7825.0,462.6,51952.0,MAFIC_VOLCANIC,1
8075.0,7825.0,463.0,51966.0,MAFIC_VOLCANIC,1
8125.0,7825.0,463.4,51987.0,MAFIC_VOLCANIC,1
8175.0,7825.0,463.7,52009.0,METASEDIMENT,0
8225.0,7825.0,463.9,52028.0,METASEDIMENT,0
8275.0,7825.0,464.0,52038.0,METASEDIMENT,0
8325.0,7825.0,464.1,52037.0,METASEDIMENT,0
8375.0,7825.0,464.0,52022.0,METASEDIMENT,0
8425.0,7825.0,463.8,51994.0,METASEDIMENT,0
8475.0,7825.0,463.5,51956.0,METASEDIMENT,0
8525.0,7825.0,463.0,51912.0,METASEDIMENT,0
8575.0,7825.0,462.4,51869.0,METASEDIMENT,0
8625.0,7825.0,461.7,51834.0,METASEDIMENT,0
8675.0,7825.0,460.8,51812.0,METASEDIMENT,0
8725.0,7825.0,459.8,51809.0,METASEDIMENT,0
8775.0,7825.0,458.6,51826.0,MAFIC_VOLCANIC,0
8825.0,7825.0,457.3,51860.0,MAFIC_VOLCANIC,0
8875.0,7825.0,455.8,51908.0,MAFIC_VOLCANIC,0
8925.0,7825.0,454.2,51961.0,MAFIC_VOLCANIC,0
8975.0,7825.0,452.5,52013.0,MAFIC_VOLCANIC,0
3025.0,7875.0,477.8,52130.0,MAFIC_VOLCANIC,0
3075.0,7875.0,476.4,52113.0,METASEDIMENT,0
3125.0,7875.0,474.6,52080.0,METASEDIMENT,0
3175.0,7875.0,472.5,52034.0,METASEDIMENT,0
3225.0,7875.0,470.2,51982.0,METASEDIMENT,0
3275.0,7875.0,467.7,51930.0,METASEDIMENT,0
3325.0,7875.0,465.1,51885.0,METASEDIMENT,0
3375.0,7875.0,462.3,51853.0,METASEDIMENT,0
3425.0,7875.0,459.4,51837.0,METASEDIMENT,0
3475.0,7875.0,456.5,51834.0,METASEDIMENT,0
3525.0,7875.0,453.6,51843.0,MAFIC_VOLCANIC,0
3575.0,7875.0,450.8,51857.0,MAFIC_VOLCANIC,0
3625.0,7875.0,448.1,51873.0,MAFIC_VOLCANIC,1
3675.0,7875.0,445.5,51888.0,MAFIC_VOLCANIC,1
3725.0,7875.0,443.0,51901.0,MAFIC_VOLCANIC,1
3775.0,7875.0,440.8,51914.0,FELSIC_VOLCANIC,1
3825.0,7875.0,438.8,51928.0,FELSIC_VOLCANIC,1
3875.0,7875.0,437.1,51944.0,FELSIC_VOLCANIC,1
3925.0,7875.0,435.6,51963.0,FELSIC_VOLCANIC,1
3975.0,7875.0,434.5,51983.0,FELSIC_VOLCANIC,1
4025.0,7875.0,433.7,52002.0,FELSIC_VOLCANIC,1
4075.0,7875.0,433.2,52015.0,MAFIC_VOLCANIC,1
4125.0,7875.0,433.1,52021.0,MAFIC_VOLCANIC,1
4175.0,7875.0,433.3,52014.0,MAFIC_VOLCANIC,1
4225.0,7875.0,433.9,51996.0,MAFIC_VOLCANIC,1
4275.0,7875.0,434.8,51965.0,MAFIC_VOLCANIC,1
4325.0,7875.0,436.1,51925.0,MAFIC_VOLCANIC,1
4375.0,7875.0,437.7,51878.0,MAFIC_VOLCANIC,1
4425.0,7875.0,439.7,51827.0,METASEDIMENT,1
4475.0,7875.0,441.9,51778.0,MAFIC_VOLCANIC,1
4525.0,7875.0,444.4,51732.0,MAFIC_VOLCANIC,1
4575.0,7875.0,447.2,51695.0,MAFIC_VOLCANIC,1
4625.0,7875.0,450.2,51669.0,MAFIC_VOLCANIC,1
4675.0,7875.0,453.4,51657.0,MAFIC_VOLCANIC,1
4725.0,7875.0,456.8,51660.0,MAFIC_VOLCANIC,1
4775.0,7875.0,460.3,51679.0,MAFIC_VOLCANIC,1
4825.0,7875.0,463.9,51712.0,MAFIC_VOLCANIC,1
4875.0,7875.0,467.5,51756.0,MAFIC_VOLCANIC,1
4925.0,7875.0,471.3,51805.0,MAFIC_VOLCANIC,1
4975.0,7875.0,475.0,51856.0,MAFIC_VOLCANIC,1
5025.0,7875.0,478.6,51902.0,MAFIC_VOLCANIC,1
5075.0,7875.0,482.3,51940.0,MAFIC_VOLCANIC,1
5125.0,7875.0,485.8,51966.0,MAFIC_VOLCANIC,1
5175.0,7875.0,489.1,51981.0,MAFIC_VOLCANIC,1
5225.0,7875.0,492.3,51986.0,MAFIC_VOLCANIC,1
5275.0,7875.0,495.4,51986.0,MAFIC_VOLCANIC,1
5325.0,7875.0,498.2,51983.0,MAFIC_VOLCANIC,1
5375.0,7875.0,500.8,51983.0,MAFIC_VOLCANIC,1
5425.0,7875.0,503.1,51986.0,MAFIC_VOLCANIC,1
5475.0,7875.0,505.2,51995.0,MAFIC_VOLCANIC,1
5525.0,7875.0,506.9,52008.0,MAFIC_VOLCANIC,1
5575.0,7875.0,508.4,52025.0,FELSIC_VOLCANIC,1
5625.0,7875.0,509.6,52041.0,FELSIC_VOLCANIC,1
5675.0,7875.0,510.5,52055.0,FELSIC_VOLCANIC,1
5725.0,7875.0,511.0,52064.0,FELSIC_VOLCANIC,1
5775.0,7875.0,511.3,52066.0,FELSIC_VOLCANIC,1
5825.0,7875.0,511.2,52062.0,FELSIC_VOLCANIC,1
5875.0,7875.0,510.9,52051.0,FELSIC_VOLCANIC,1
5925.0,7875.0,510.3,52034.0,GRANITE,1
5975.0,7875.0,509.4,52013.0,GRANITE,1
6025.0,7875.0,508.3,51991.0,GRANITE,1
6075.0,7875.0,506.9,51969.0,GRANITE,1
6125.0,7875.0,505.3,51950.0,GRANITE,1
6175.0,7875.0,503.5,51937.0,GRANITE,1
6225.0,7875.0,501.5,51930.0,GRANITE,1
6275.0,7875.0,499.4,51930.0,GRANITE,1
6325.0,7875.0,497.1,51936.0,GRANITE,1
6375.0,7875.0,494.7,51947.0,GRANITE,1
6425.0,7875.0,492.3,51960.0,GRANITE,1
6475.0,7875.0,489.8,51974.0,GRANITE,1
6525.0,7875.0,487.2,51986.0,GRANITE,1
6575.0,7875.0,484.7,51996.0,GRANITE,1
6625.0,7875.0,482.1,52003.0,GRANITE,1
6675.0,7875.0,479.6,52009.0,GRANITE,1
6725.0,7875.0,477.2,52014.0,GRANITE,1
6775.0,7875.0,474.8,52019.0,GRANITE,1
6825.0,7875.0,472.5,52024.0,GRANITE,1
6875.0,7875.0,470.3,52027.0,GRANITE,1
6925.0,7875.0,468.3,52029.0,GRANITE,1
6975.0,7875.0,466.3,52026.0,GRANITE,1
7025.0,7875.0,464.5,52020.0,GRANITE,1
7075.0,7875.0,462.9,52010.0,GRANITE,1
7125.0,7875.0,461.4,51999.0,FELSIC_VOLCANIC,1
7175.0,7875.0,460.1,51991.0,FELSIC_VOLCANIC,1
7225.0,7875.0,459.0,51989.0,FELSIC_VOLCANIC,1
7275.0,7875.0,458.0,51996.0,FELSIC_VOLCANIC,1
7325.0,7875.0,457.2,52012.0,FELSIC_VOLCANIC,1
7375.0,7875.0,456.5,52037.0,FELSIC_VOLCANIC,1
7425.0,7875.0,456.0,52066.0,MAFIC_VOLCANIC,1
7475.0,7875.0,455.7,52096.0,MAFIC_VOLCANIC,1
7525.0,7875.0,455.5,52120.0,MAFIC_VOLCANIC,1
7575.0,7875.0,455.4,52134.0,MAFIC_VOLCANIC,1
7625.0,7875.0,455.4,52134.0,MAFIC_VOLCANIC,1
7675.0,7875.0,455.5,52121.0,MAFIC_VOLCANIC,1
7725.0,7875.0,455.7,52096.0,MAFIC_VOLCANIC,1
7775.0,7875.0,456.0,52064.0,MAFIC_VOLCANIC,1
7825.0,7875.0,456.4,52030.0,MAFIC_VOLCANIC,1
7875.0,7875.0,456.8,52000.0,MAFIC_VOLCANIC,1
7925.0,7875.0,457.2,51977.0,MAFIC_VOLCANIC,1
7975.0,7875.0,457.7,51965.0,MAFIC_VOLCANIC,1
8025.0,7875.0,458.1,51964.0,MAFIC_VOLCANIC,1
8075.0,7875.0,458.5,51973.0,MAFIC_VOLCANIC,1
8125.0,7875.0,458.9,51990.0,MAFIC_VOLCANIC,1
8175.0,7875.0,459.2,52010.0,METASEDIMENT,1
8225.0,7875.0,459.5,52029.0,METASEDIMENT,0
8275.0,7875.0,459.6,52042.0,METASEDIMENT,0
8325.0,7875.0,459.7,52046.0,METASEDIMENT,0
8375.0,7875.0,459.7,52039.0,METASEDIMENT,0
8425.0,7875.0,459.6,52019.0,METASEDIMENT,0
8475.0,7875.0,459.3,51987.0,METASEDIMENT,0
8525.0,7875.0,458.9,51948.0,METASEDIMENT,0
8575.0,7875.0,458.4,51906.0,METASEDIMENT,0
8625.0,7875.0,457.8,51869.0,METASEDIMENT,0
8675.0,7875.0,457.0,51842.0,METASEDIMENT,0
8725.0,7875.0,456.0,51832.0,METASEDIMENT,0
8775.0,7875.0,455.0,51840.0,MAFIC_VOLCANIC,0
8825.0,7875.0,453.7,51867.0,MAFIC_VOLCANIC,0
8875.0,7875.0,452.4,51908.0,MAFIC_VOLCANIC,0
8925.0,7875.0,450.9,51958.0,MAFIC_VOLCANIC,0
8975.0,7875.0,449.3,52008.0,MAFIC_VOLCANIC,0
3025.0,7925.0,469.8,52106.0,METASEDIMENT,0
3075.0,7925.0,468.1,52099.0,METASEDIMENT,0
3125.0,7925.0,466.1,52077.0,METASEDIMENT,0
3175.0,7925.0,463.8,52040.0,METASEDIMENT,0
3225.0,7925.0,461.3,51992.0,METASEDIMENT,0
3275.0,7925.0,458.7,51940.0,METASEDIMENT,0
3325.0,7925.0,455.9,51890.0,METASEDIMENT,0
3375.0,7925.0,453.0,51851.0,METASEDIMENT,0
3425.0,7925.0,450.0,51825.0,METASEDIMENT,0
3475.0,7925.0,447.1,51814.0,METASEDIMENT,0
3525.0,7925.0,444.2,51816.0,METASEDIMENT,1
3575.0,7925.0,441.3,51827.0,MAFIC_VOLCANIC,1
3625.0,7925.0,438.6,51843.0,MAFIC_VOLCANIC,1
3675.0,7925.0,436.0,51860.0,MAFIC_VOLCANIC,1
3725.0,7925.0,433.7,51875.0,MAFIC_VOLCANIC,1
3775.0,7925.0,431.5,51889.0,MAFIC_VOLCANIC,1
3825.0,7925.0,429.6,51903.0,FELSIC_VOLCANIC,1
3875.0,7925.0,428.0,51919.0,FELSIC_VOLCANIC,1
3925.0,7925.0,426.7,51936.0,FELSIC_VOLCANIC,1
3975.0,7925.0,425.7,51956.0,FELSIC_VOLCANIC,1
4025.0,7925.0,425.1,51977.0,FELSIC_VOLCANIC,1
4075.0,7925.0,424.8,51995.0,MAFIC_VOLCANIC,1
4125.0,7925.0,424.9,52007.0,MAFIC_VOLCANIC,1
4175.0,7925.0,425.3,52011.0,MAFIC_VOLCANIC,1
4225.0,7925.0,426.1,52005.0,MAFIC_VOLCANIC,1
4275.0,7925.0,427.3,51987.0,MAFIC_VOLCANIC,1
4325.0,7925.0,428.8,51958.0,MAFIC_VOLCANIC,1
4375.0,7925.0,430.7,51920.0,MAFIC_VOLCANIC,1
4425.0,7925.0,432.8,51876.0,MAFIC_VOLCANIC,1
4475.0,7925.0,435.3,51829.0,MAFIC_VOLCANIC,1
4525.0,7925.0,438.1,51783.0,MAFIC_VOLCANIC,1
4575.0,7925.0,441.1,51741.0,MAFIC_VOLCANIC,1
4625.0,7925.0,444.3,51707.0,MAFIC_VOLCANIC,1
4675.0,7925.0,447.8,51685.0,MAFIC_VOLCANIC,1
4725.0,7925.0,451.4,51676.0,MAFIC_VOLCANIC,1
4775.0,7925.0,455.1,51681.0,MAFIC_VOLCANIC,1
4825.0,7925.0,458.9,51701.0,MAFIC_VOLCANIC,1
4875.0,7925.0,462.8,51732.0,MAFIC_VOLCANIC,1
4925.0,7925.0,466.7,51771.0,MAFIC_VOLCANIC,1
4975.0,7925.0,470.7,51814.0,MAFIC_VOLCANIC,1
5025.0,7925.0,474.5,51855.0,MAFIC_VOLCANIC,1
5075.0,7925.0,478.3,51890.0,MAFIC_VOLCANIC,1
5125.0,7925.0,482.0,51916.0,MAFIC_VOLCANIC,1
5175.0,7925.0,485.5,51934.0,MAFIC_VOLCANIC,1
5225.0,7925.0,488.8,51943.0,MAFIC_VOLCANIC,1
5275.0,7925.0,492.0,51947.0,MAFIC_VOLCANIC,1
5325.0,7925.0,494.9,51949.0,MAFIC_VOLCANIC,1
5375.0,7925.0,497.6,51954.0,MAFIC_VOLCANIC,1
5425.0,7925.0,500.0,51962.0,MAFIC_VOLCANIC,1
5475.0,7925.0,502.2,51975.0,MAFIC_VOLCANIC,1
5525.0,7925.0,504.0,51993.0,MAFIC_VOLCANIC,1
5575.0,7925.0,505.6,52014.0,MAFIC_VOLCANIC,1
5625.0,7925.0,506.8,52035.0,FELSIC_VOLCANIC,1
5675.0,7925.0,507.7,52054.0,FELSIC_VOLCANIC,1
5725.0,7925.0,508.3,52068.0,FELSIC_VOLCANIC,1
5775.0,7925.0,508.6,52076.0,FELSIC_VOLCANIC,1
5825.0,7925.0,508.6,52077.0,FELSIC_VOLCANIC,1
5875.0,7925.0,508.3,52070.0,FELSIC_VOLCANIC,1
5925.0,7925.0,507.6,52056.0,GRANITE,1
5975.0,7925.0,506.8,52037.0,GRANITE,1
6025.0,7925.0,505.6,52014.0,GRANITE,1
6075.0,7925.0,504.2,51990.0,GRANITE,1
6125.0,7925.0,502.6,51968.0,GRANITE,1
6175.0,7925.0,500.8,51949.0,GRANITE,1
6225.0,7925.0,498.8,51937.0,GRANITE,1
6275.0,7925.0,496.6,51931.0,GRANITE,1
6325.0,7925.0,494.3,51932.0,GRANITE,1
6375.0,7925.0,491.9,51938.0,GRANITE,1
6425.0,7925.0,489.4,51948.0,GRANITE,1
6475.0,7925.0,486.8,51958.0,GRANITE,1
6525.0,7925.0,484.2,51968.0,GRANITE,1
6575.0,7925.0,481.6,51976.0,GRANITE,1
6625.0,7925.0,479.0,51982.0,GRANITE,1
6675.0,7925.0,476.4,51988.0,GRANITE,1
6725.0,7925.0,473.9,51993.0,GRANITE,1
6775.0,7925.0,471.4,51999.0,GRANITE,1
6825.0,7925.0,469.1,52006.0,GRANITE,1
6875.0,7925.0,466.8,52013.0,GRANITE,1
6925.0,7925.0,464.7,52019.0,GRANITE,1
6975.0,7925.0,462.7,52020.0,GRANITE,1
7025.0,7925.0,460.8,52017.0,GRANITE,1
7075.0,7925.0,459.1,52009.0,GRANITE,1
7125.0,7925.0,457.5,51997.0,GRANITE,1
7175.0,7925.0,456.1,51984.0,FELSIC_VOLCANIC,1
7225.0,7925.0,454.9,51974.0,FELSIC_VOLCANIC,1
7275.0,7925.0,453.8,51971.0,FELSIC_VOLCANIC,1
7325.0,7925.0,452.9,51977.0,FELSIC_VOLCANIC,1
7375.0,7925.0,452.2,51992.0,FELSIC_VOLCANIC,1
7425.0,7925.0,451.6,52015.0,MAFIC_VOLCANIC,1
7475.0,7925.0,451.2,52042.0,MAFIC_VOLCANIC,1
7525.0,7925.0,450.9,52067.0,MAFIC_VOLCANIC,1
7575.0,7925.0,450.8,52086.0,MAFIC_VOLCANIC,1
7625.0,7925.0,450.7,52096.0,MAFIC_VOLCANIC,1
7675.0,7925.0,450.8,52094.0,MAFIC_VOLCANIC,1
7725.0,7925.0,451.0,52081.0,MAFIC_VOLCANIC,1
7775.0,7925.0,451.3,52060.0,MAFIC_VOLCANIC,1
7825.0,7925.0,451.6,52036.0,MAFIC_VOLCANIC,1
7875.0,7925.0,452.0,52011.0,MAFIC_VOLCANIC,1
7925.0,7925.0,452.4,51992.0,MAFIC_VOLCANIC,1
7975.0,7925.0,452.8,51980.0,MAFIC_VOLCANIC,1
8025.0,7925.0,453.2,51978.0,MAFIC_VOLCANIC,1
8075.0,7925.0,453.7,51984.0,MAFIC_VOLCANIC,1
8125.0,7925.0,454.1,51997.0,MAFIC_VOLCANIC,1
8175.0,7925.0,454.4,52015.0,METASEDIMENT,1
8225.0,7925.0,454.7,52033.0,METASEDIMENT,1
8275.0,7925.0,455.0,52049.0,METASEDIMENT,0
8325.0,7925.0,455.1,52057.0,METASEDIMENT,0
8375.0,7925.0,455.2,52056.0,METASEDIMENT,0
8425.0,7925.0,455.1,52043.0,METASEDIMENT,0
8475.0,7925.0,454.9,52019.0,METASEDIMENT,0
8525.0,7925.0,454.7,51986.0,METASEDIMENT,0
8575.0,7925.0,454.2,51948.0,METASEDIMENT,0
8625.0,7925.0,453.7,51911.0,METASEDIMENT,0
8675.0,7925.0,453.0,51881.0,METASEDIMENT,0
8725.0,7925.0,452.2,51864.0,METASEDIMENT,0
8775.0,7925.0,451.2,51865.0,METASEDIMENT,0
8825.0,7925.0,450.1,51883.0,MAFIC_VOLCANIC,0
8875.0,7925.0,448.9,51917.0,MAFIC_VOLCANIC,0
8925.0,7925.0,447.5,51962.0,MAFIC_VOLCANIC,0
8975.0,7925.0,446.0,52009.0,MAFIC_VOLCANIC,0
3025.0,7975.0,461.5,52074.0,METASEDIMENT,0
3075.0,7975.0,459.6,52078.0,METASEDIMENT,0
3125.0,7975.0,457.3,52068.0,METASEDIMENT,0
3175.0,7975.0,454.9,52042.0,METASEDIMENT,0
3225.0,7975.0,452.2,52002.0,METASEDIMENT,0
3275.0,7975.0,449.4,51952.0,METASEDIMENT,0
3325.0,7975.0,446.5,51901.0,METASEDIMENT,0
3375.0,7975.0,443.5,51856.0,METASEDIMENT,0
3425.0,7975.0,440.4,51821.0,METASEDIMENT,0
3475.0,7975.0,437.4,51801.0,METASEDIMENT,1
3525.0,7975.0,434.5,51795.0,METASEDIMENT,1
3575.0,7975.0,431.6,51801.0,METASEDIMENT,1
3625.0,7975.0,428.9,51814.0,MAFIC_VOLCANIC,1
3675.0,7975.0,426.4,51830.0,MAFIC_VOLCANIC,1
3725.0,7975.0,424.1,51847.0,MAFIC_VOLCANIC,1
3775.0,7975.0,422.0,51863.0,MAFIC_VOLCANIC,1
3825.0,7975.0,420.2,51878.0,MAFIC_VOLCANIC,1
3875.0,7975.0,418.7,51894.0,FELSIC_VOLCANIC,1
3925.0,7975.0,417.5,51911.0,FELSIC_VOLCANIC,1
3975.0,7975.0,416.7,51931.0,FELSIC_VOLCANIC,1
4025.0,7975.0,416.3,51952.0,FELSIC_VOLCANIC,1
4075.0,7975.0,416.2,51973.0,MAFIC_VOLCANIC,1
4125.0,7975.0,416.4,51991.0,MAFIC_VOLCANIC,1
4175.0,7975.0,417.1,52003.0,MAFIC_VOLCANIC,1
4225.0,7975.0,418.1,52007.0,MAFIC_VOLCANIC,1
4275.0,7975.0,419.5,52001.0,MAFIC_VOLCANIC,1
4325.0,7975.0,421.3,51984.0,MAFIC_VOLCANIC,1
4375.0,7975.0,423.4,51957.0,MAFIC_VOLCANIC,1
4425.0,7975.0,425.8,51922.0,MAFIC_VOLCANIC,1
4475.0,7975.0,428.5,51880.0,MAFIC_VOLCANIC,1
4525.0,7975.0,431.5,51836.0,MAFIC_VOLCANIC,1
4575.0,7975.0,434.8,51792.0,MAFIC_VOLCANIC,1
4625.0,7975.0,438.3,51753.0,MAFIC_VOLCANIC,1
4675.0,7975.0,441.9,51722.0,MAFIC_VOLCANIC,1
4725.0,7975.0,445.8,51703.0,MAFIC_VOLCANIC,1
4775.0,7975.0,449.7,51696.0,MAFIC_VOLCANIC,1
4825.0,7975.0,453.8,51702.0,MAFIC_VOLCANIC,1
4875.0,7975.0,457.9,51721.0,MAFIC_VOLCANIC,1
4925.0,7975.0,462.0,51749.0,MAFIC_VOLCANIC,1
4975.0,7975.0,466.1,51782.0,MAFIC_VOLCANIC,1
5025.0,7975.0,470.1,51815.0,MAFIC_VOLCANIC,1
5075.0,7975.0,474.1,51845.0,MAFIC_VOLCANIC,1
5125.0,7975.0,477.9,51869.0,MAFIC_VOLCANIC,1
5175.0,7975.0,481.6,51886.0,MAFIC_VOLCANIC,1
5225.0,7975.0,485.0,51896.0,MAFIC_VOLCANIC,1
5275.0,7975.0,488.3,51903.0,MAFIC_VOLCANIC,1
5325.0,7975.0,491.4,51909.0,MAFIC_VOLCANIC,1
5375.0,7975.0,494.2,51917.0,MAFIC_VOLCANIC,1
5425.0,7975.0,496.7,51930.0,MAFIC_VOLCANIC,1
5475.0,7975.0,498.9,51947.0,MAFIC_VOLCANIC,1
5525.0,7975.0,500.8,51970.0,MAFIC_VOLCANIC,1
5575.0,7975.0,502.4,51996.0,MAFIC_VOLCANIC,1
5625.0,7975.0,503.7,52023.0,FELSIC_VOLCANIC,1
5675.0,7975.0,504.7,52048.0,FELSIC_VOLCANIC,1
5725.0,7975.0,505.3,52069.0,FELSIC_VOLCANIC,1
5775.0,7975.0,505.7,52083.0,FELSIC_VOLCANIC,1
5825.0,7975.0,505.7,52090.0,FELSIC_VOLCANIC,1
5875.0,7975.0,505.3,52088.0,FELSIC_VOLCANIC,1
5925.0,7975.0,504.7,52078.0,GRANITE,1
5975.0,7975.0,503.9,52062.0,GRANITE,1
6025.0,7975.0,502.7,52040.0,GRANITE,1
6075.0,7975.0,501.3,52015.0,GRANITE,1
6125.0,7975.0,499.7,51990.0,GRANITE,1
6175.0,7975.0,497.8,51968.0,GRANITE,1
6225.0,7975.0,495.8,51950.0,GRANITE,1
6275.0,7975.0,493.6,51939.0,GRANITE,1
6325.0,7975.0,491.2,51935.0,GRANITE,1
6375.0,7975.0,488.8,51936.0,GRANITE,1
6425.0,7975.0,486.2,51941.0,GRANITE,1
6475.0,7975.0,483.6,51949.0,GRANITE,1
6525.0,7975.0,481.0,51956.0,GRANITE,1
6575.0,7975.0,478.3,51962.0,GRANITE,1
6625.0,7975.0,475.6,51967.0,GRANITE,1
6675.0,7975.0,473.0,51970.0,GRANITE,1
6725.0,7975.0,470.4,51974.0,GRANITE,1
6775.0,7975.0,467.8,51980.0,GRANITE,1
6825.0,7975.0,465.4,51988.0,GRANITE,1
6875.0,7975.0,463.0,51997.0,GRANITE,1
6925.0,7975.0,460.8,52006.0,GRANITE,1
6975.0,7975.0,458.7,52012.0,GRANITE,1
7025.0,7975.0,456.8,52013.0,GRANITE,1
7075.0,7975.0,455.0,52007.0,GRANITE,1
7125.0,7975.0,453.3,51996.0,GRANITE,1
7175.0,7975.0,451.8,51981.0,FELSIC_VOLCANIC,1
7225.0,7975.0,450.5,51965.0,FELSIC_VOLCANIC,1
7275.0,7975.0,449.4,51954.0,FELSIC_VOLCANIC,1
7325.0,7975.0,448.4,51949.0,FELSIC_VOLCANIC,1
7375.0,7975.0,447.6,51954.0,FELSIC_VOLCANIC,1
7425.0,7975.0,446.9,51968.0,FELSIC_VOLCANIC,1
7475.0,7975.0,446.5,51989.0,MAFIC_VOLCANIC,1
7525.0,7975.0,446.1,52012.0,MAFIC_VOLCANIC,1
7575.0,7975.0,445.9,52033.0,MAFIC_VOLCANIC,1
7625.0,7975.0,445.8,52049.0,MAFIC_VOLCANIC,1
7675.0,7975.0,445.8,52055.0,MAFIC_VOLCANIC,1
7725.0,7975.0,446.0,52053.0,MAFIC_VOLCANIC,1
7775.0,7975.0,446.2,52043.0,MAFIC_VOLCANIC,1
7825.0,7975.0,446.5,52028.0,MAFIC_VOLCANIC,1
7875.0,7975.0,446.9,52013.0,MAFIC_VOLCANIC,1
7925.0,7975.0,447.3,51999.0,MAFIC_VOLCANIC,1
7975.0,7975.0,447.7,51990.0,MAFIC_VOLCANIC,1
8025.0,7975.0,448.2,51989.0,MAFIC_VOLCANIC,1
8075.0,7975.0,448.6,51994.0,MAFIC_VOLCANIC,1
8125.0,7975.0,449.0,52006.0,MAFIC_VOLCANIC,1
8175.0,7975.0,449.4,52021.0,METASEDIMENT,1
8225.0,7975.0,449.8,52039.0,METASEDIMENT,1
8275.0,7975.0,450.1,52056.0,METASEDIMENT,1
8325.0,7975.0,450.3,52068.0,METASEDIMENT,0
8375.0,7975.0,450.4,52072.0,METASEDIMENT,0
8425.0,7975.0,450.4,52067.0,METASEDIMENT,0
8475.0,7975.0,450.4,52051.0,METASEDIMENT,0
8525.0,7975.0,450.2,52025.0,METASEDIMENT,0
8575.0,7975.0,449.9,51992.0,METASEDIMENT,0
8625.0,7975.0,449.4,51957.0,METASEDIMENT,0
8675.0,7975.0,448.9,51926.0,METASEDIMENT,0
8725.0,7975.0,448.1,51905.0,METASEDIMENT,0
8775.0,7975.0,447.3,51899.0,METASEDIMENT,0
8825.0,7975.0,446.3,51909.0,MAFIC_VOLCANIC,0
8875.0,7975.0,445.2,51936.0,MAFIC_VOLCANIC,0
8925.0,7975.0,444.0,51974.0,MAFIC_VOLCANIC,0
8975.0,7975.0,442.6,52017.0,MAFIC_VOLCANIC,0
3025.0,8025.0,453.1,52037.0,METASEDIMENT,0
3075.0,8025.0,450.9,52050.0,METASEDIMENT,0
3125.0,8025.0,448.4,52052.0,METASEDIMENT,0
3175.0,8025.0,445.7,52039.0,METASEDIMENT,0
3225.0,8025.0,442.9,52009.0,METASEDIMENT,0
3275.0,8025.0,439.9,51966.0,METASEDIMENT,0
3325.0,8025.0,436.9,51917.0,METASEDIMENT,0
3375.0,8025.0,433.8,51868.0,METASEDIMENT,0
3425.0,8025.0,430.7,51827.0,METASEDIMENT,1
3475.0,8025.0,427.6,51797.0,METASEDIMENT,1
3525.0,8025.0,424.6,51782.0,METASEDIMENT,1
3575.0,8025.0,421.7,51780.0,METASEDIMENT,1
3625.0,8025.0,419.0,51788.0,METASEDIMENT,1
3675.0,8025.0,416.6,51802.0,MAFIC_VOLCANIC,1
3725.0,8025.0,414.3,51819.0,MAFIC_VOLCANIC,1
3775.0,8025.0,412.3,51836.0,MAFIC_VOLCANIC,1
3825.0,8025.0,410.6,51852.0,MAFIC_VOLCANIC,1
3875.0,8025.0,409.2,51869.0,MAFIC_VOLCANIC,1
3925.0,8025.0,408.2,51886.0,FELSIC_VOLCANIC,1
3975.0,8025.0,407.5,51906.0,FELSIC_VOLCANIC,1
4025.0,8025.0,407.3,51927.0,MAFIC_VOLCANIC,1
4075.0,8025.0,407.3,51950.0,MAFIC_VOLCANIC,1
4125.0,8025.0,407.8,51972.0,MAFIC_VOLCANIC,1
4175.0,8025.0,408.7,51991.0,MAFIC_VOLCANIC,1
4225.0,8025.0,409.9,52004.0,MAFIC_VOLCANIC,1
4275.0,8025.0,411.5,52008.0,MAFIC_VOLCANIC,1
4325.0,8025.0,413.5,52003.0,MAFIC_VOLCANIC,1
4375.0,8025.0,415.9,51988.0,MAFIC_VOLCANIC,1
4425.0,8025.0,418.5,51962.0,MAFIC_VOLCANIC,1
4475.0,8025.0,421.5,51928.0,MAFIC_VOLCANIC,1
4525.0,8025.0,424.7,51888.0,MAFIC_VOLCANIC,1
4575.0,8025.0,428.2,51845.0,MAFIC_VOLCANIC,1
4625.0,8025.0,432.0,51803.0,MAFIC_VOLCANIC,1
4675.0,8025.0,435.9,51766.0,MAFIC_VOLCANIC,1
4725.0,8025.0,439.9,51738.0,MAFIC_VOLCANIC,1
4775.0,8025.0,444.1,51720.0,MAFIC_VOLCANIC,1
4825.0,8025.0,448.4,51715.0,MAFIC_VOLCANIC,1
4875.0,8025.0,452.7,51722.0,MAFIC_VOLCANIC,1
4925.0,8025.0,457.0,51738.0,MAFIC_VOLCANIC,1
4975.0,8025.0,461.2,51760.0,MAFIC_VOLCANIC,1
5025.0,8025.0,465.5,51785.0,MAFIC_VOLCANIC,1
5075.0,8025.0,469.6,51808.0,MAFIC_VOLCANIC,1
5125.0,8025.0,473.6,51827.0,MAFIC_VOLCANIC,1
5175.0,8025.0,477.4,51841.0,MAFIC_VOLCANIC,1
5225.0,8025.0,481.0,51850.0,MAFIC_VOLCANIC,1
5275.0,8025.0,484.4,51857.0,MAFIC_VOLCANIC,1
5325.0,8025.0,487.6,51865.0,MAFIC_VOLCANIC,1
5375.0,8025.0,490.5,51875.0,MAFIC_VOLCANIC,1
5425.0,8025.0,493.1,51891.0,MAFIC_VOLCANIC,1
5475.0,8025.0,495.4,51913.0,MAFIC_VOLCANIC,1
5525.0,8025.0,497.4,51941.0,MAFIC_VOLCANIC,1
5575.0,8025.0,499.1,51973.0,MAFIC_VOLCANIC,1
5625.0,8025.0,500.4,52006.0,MAFIC_VOLCANIC,1
5675.0,8025.0,501.5,52038.0,FELSIC_VOLCANIC,1
5725.0,8025.0,502.1,52065.0,FELSIC_VOLCANIC,1
5775.0,8025.0,502.5,52086.0,FELSIC_VOLCANIC,1
5825.0,8025.0,502.5,52100.0,FELSIC_VOLCANIC,1
5875.0,8025.0,502.2,52104.0,FELSIC_VOLCANIC,1
5925.0,8025.0,501.6,52100.0,FELSIC_VOLCANIC,1
5975.0,8025.0,500.7,52088.0,GRANITE,1
6025.0,8025.0,499.6,52068.0,GRANITE,1
6075.0,8025.0,498.2,52044.0,GRANITE,1
6125.0,8025.0,496.5,52018.0,GRANITE,1
6175.0,8025.0,494.6,51992.0,GRANITE,1
6225.0,8025.0,492.6,51970.0,GRANITE,1
6275.0,8025.0,490.3,51954.0,GRANITE,1
6325.0,8025.0,488.0,51944.0,GRANITE,1
6375.0,8025.0,485.5,51940.0,GRANITE,1
6425.0,8025.0,482.9,51942.0,GRANITE,1
6475.0,8025.0,480.2,51945.0,GRANITE,1
6525.0,8025.0,477.5,51950.0,GRANITE,1
6575.0,8025.0,474.7,51954.0,GRANITE,1
6625.0,8025.0,472.0,51956.0,GRANITE,1
6675.0,8025.0,469.3,51957.0,GRANITE,1
6725.0,8025.0,466.6,51959.0,GRANITE,1
6775.0,8025.0,464.0,51964.0,GRANITE,1
6825.0,8025.0,461.5,51971.0,GRANITE,1
6875.0,8025.0,459.1,51981.0,GRANITE,1
6925.0,8025.0,456.7,51992.0,GRANITE,1
6975.0,8025.0,454.6,52002.0,GRANITE,1
7025.0,8025.0,452.5,52007.0,GRANITE,1
7075.0,8025.0,450.6,52006.0,GRANITE,1
7125.0,8025.0,448.9,51996.0,GRANITE,1
7175.0,8025.0,447.3,51981.0,GRANITE,1
7225.0,8025.0,445.9,51962.0,FELSIC_VOLCANIC,1
7275.0,8025.0,444.7,51944.0,FELSIC_VOLCANIC,1
7325.0,8025.0,443.6,51930.0,FELSIC_VOLCANIC,1
7375.0,8025.0,442.8,51925.0,FELSIC_VOLCANIC,1
7425.0,8025.0,442.0,51929.0,FELSIC_VOLCANIC,1
7475.0,8025.0,441.5,51941.0,MAFIC_VOLCANIC,1
7525.0,8025.0,441.0,51959.0,MAFIC_VOLCANIC,1
7575.0,8025.0,440.8,51978.0,MAFIC_VOLCANIC,1
7625.0,8025.0,440.6,51996.0,MAFIC_VOLCANIC,1
7675.0,8025.0,440.6,52008.0,MAFIC_VOLCANIC,1
7725.0,8025.0,440.7,52014.0,MAFIC_VOLCANIC,1
7775.0,8025.0,440.9,52014.0,MAFIC_VOLCANIC,1
7825.0,8025.0,441.2,52009.0,MAFIC_VOLCANIC,1
7875.0,8025.0,441.5,52002.0,MAFIC_VOLCANIC,1
7925.0,8025.0,441.9,51995.0,MAFIC_VOLCANIC,1
7975.0,8025.0,442.4,51992.0,MAFIC_VOLCANIC,1
8025.0,8025.0,442.8,51994.0,MAFIC_VOLCANIC,1
8075.0,8025.0,443.3,52001.0,MAFIC_VOLCANIC,1
8125.0,8025.0,443.8,52012.0,MAFIC_VOLCANIC,1
8175.0,8025.0,444.2,52028.0,METASEDIMENT,1
8225.0,8025.0,444.6,52045.0,METASEDIMENT,1
8275.0,8025.0,445.0,52063.0,METASEDIMENT,1
8325.0,8025.0,445.3,52077.0,METASEDIMENT,1
8375.0,8025.0,445.5,52087.0,METASEDIMENT,0
8425.0,8025.0,445.6,52088.0,METASEDIMENT,0
8475.0,8025.0,445.6,52080.0,METASEDIMENT,0
8525.0,8025.0,445.6,52062.0,METASEDIMENT,0
8575.0,8025.0,445.4,52036.0,METASEDIMENT,0
8625.0,8025.0,445.0,52005.0,METASEDIMENT,0
8675.0,8025.0,444.6,51975.0,METASEDIMENT,0
8725.0,8025.0,444.0,51952.0,METASEDIMENT,0
8775.0,8025.0,443.3,51940.0,METASEDIMENT,0
8825.0,8025.0,442.5,51944.0,MAFIC_VOLCANIC,0
8875.0,8025.0,441.5,51963.0,MAFIC_VOLCANIC,0
8925.0,8025.0,440.4,51994.0,MAFIC_VOLCANIC,0
8975.0,8025.0,439.2,52032.0,MAFIC_VOLCANIC,0
3025.0,8075.0,444.5,51998.0,METASEDIMENT,0
3075.0,8075.0,442.1,52018.0,METASEDIMENT,0
3125.0,8075.0,439.4,52030.0,METASEDIMENT,0
3175.0,8075.0,436.5,52030.0,METASEDIMENT,0
3225.0,8075.0,433.5,52013.0,METASEDIMENT,0
3275.0,8075.0,430.4,51980.0,METASEDIMENT,0
3325.0,8075.0,427.2,51936.0,METASEDIMENT,0
3375.0,8075.0,424.0,51888.0,METASEDIMENT,1
3425.0,8075.0,420.8,51842.0,METASEDIMENT,1
3475.0,8075.0,417.6,51804.0,METASEDIMENT,1
3525.0,8075.0,414.6,51779.0,METASEDIMENT,1
3575.0,8075.0,411.8,51768.0,METASEDIMENT,1
3625.0,8075.0,409.1,51768.0,METASEDIMENT,1
3675.0,8075.0,406.6,51777.0,METASEDIMENT,1
3725.0,8075.0,404.4,51792.0,MAFIC_VOLCANIC,1
3775.0,8075.0,402.5,51809.0,MAFIC_VOLCANIC,1
3825.0,8075.0,400.9,51826.0,MAFIC_VOLCANIC,1
3875.0,8075.0,399.7,51844.0,MAFIC_VOLCANIC,1
3925.0,8075.0,398.8,51862.0,MAFIC_VOLCANIC,1
3975.0,8075.0,398.3,51882.0,MAFIC_VOLCANIC,1
4025.0,8075.0,398.1,51904.0,MAFIC_VOLCANIC,1
4075.0,8075.0,398.4,51927.0,MAFIC_VOLCANIC,1
4125.0,8075.0,399.1,51952.0,MAFIC_VOLCANIC,1
4175.0,8075.0,400.1,51975.0,MAFIC_VOLCANIC,1
4225.0,8075.0,401.6,51995.0,MAFIC_VOLCANIC,1
4275.0,8075.0,403.4,52009.0,MAFIC_VOLCANIC,1
4325.0,8075.0,405.7,52015.0,MAFIC_VOLCANIC,1
4375.0,8075.0,408.2,52010.0,MAFIC_VOLCANIC,1
4425.0,8075.0,411.1,51995.0,MAFIC_VOLCANIC,1
4475.0,8075.0,414.3,51970.0,MAFIC_VOLCANIC,1
4525.0,8075.0,417.8,51937.0,MAFIC_VOLCANIC,1
4575.0,8075.0,421.5,51897.0,MAFIC_VOLCANIC,1
4625.0,8075.0,425.5,51855.0,MAFIC_VOLCANIC,1
4675.0,8075.0,429.6,51814.0,MAFIC_VOLCANIC,1
4725.0,8075.0,433.9,51779.0,MAFIC_VOLCANIC,1
4775.0,8075.0,438.3,51753.0,MAFIC_VOLCANIC,1
4825.0,8075.0,442.8,51737.0,MAFIC_VOLCANIC,1
4875.0,8075.0,447.3,51732.0,MAFIC_VOLCANIC,1
4925.0,8075.0,451.8,51737.0,MAFIC_VOLCANIC,1
4975.0,8075.0,456.2,51749.0,MAFIC_VOLCANIC,1
5025.0,8075.0,460.6,51764.0,MAFIC_VOLCANIC,1
5075.0,8075.0,464.9,51780.0,MAFIC_VOLCANIC,1
5125.0,8075.0,469.1,51793.0,MAFIC_VOLCANIC,1
5175.0,8075.0,473.0,51802.0,MAFIC_VOLCANIC,1
5225.0,8075.0,476.8,51808.0,MAFIC_VOLCANIC,1
5275.0,8075.0,480.3,51813.0,MAFIC_VOLCANIC,1
5325.0,8075.0,483.6,51820.0,MAFIC_VOLCANIC,1
5375.0,8075.0,486.6,51831.0,MAFIC_VOLCANIC,1
5425.0,8075.0,489.3,51849.0,MAFIC_VOLCANIC,1
5475.0,8075.0,491.7,51874.0,MAFIC_VOLCANIC,1
5525.0,8075.0,493.8,51906.0,MAFIC_VOLCANIC,1
5575.0,8075.0,495.5,51944.0,MAFIC_VOLCANIC,1
5625.0,8075.0,496.9,51983.0,MAFIC_VOLCANIC,1
5675.0,8075.0,498.0,52022.0,MAFIC_VOLCANIC,1
5725.0,8075.0,498.7,52057.0,FELSIC_VOLCANIC,1
5775.0,8075.0,499.1,52086.0,FELSIC_VOLCANIC,1
5825.0,8075.0,499.2,52107.0,FELSIC_VOLCANIC,1
5875.0,8075.0,498.9,52119.0,FELSIC_VOLCANIC,1
5925.0,8075.0,498.3,52121.0,FELSIC_VOLCANIC,1
5975.0,8075.0,497.4,52113.0,GRANITE,1
6025.0,8075.0,496.3,52098.0,GRANITE,1
6075.0,8075.0,494.8,52076.0,GRANITE,1
6125.0,8075.0,493.2,52050.0,GRANITE,1
6175.0,8075.0,491.3,52022.0,GRANITE,1
6225.0,8075.0,489.2,51996.0,GRANITE,1
6275.0,8075.0,486.9,51975.0,GRANITE,1
6325.0,8075.0,484.5,51960.0,GRANITE,1
6375.0,8075.0,482.0,51951.0,GRANITE,1
6425.0,8075.0,479.3,51948.0,GRANITE,1
6475.0,8075.0,476.6,51948.0,GRANITE,1
6525.0,8075.0,473.8,51949.0,GRANITE,1
6575.0,8075.0,471.0,51950.0,GRANITE,1
6625.0,8075.0,468.2,51950.0,GRANITE,1
6675.0,8075.0,465.4,51949.0,GRANITE,1
6725.0,8075.0,462.7,51949.0,GRANITE,1
6775.0,8075.0,460.0,51951.0,GRANITE,1
6825.0,8075.0,457.4,51957.0,GRANITE,1
6875.0,8075.0,454.9,51966.0,GRANITE,1
6925.0,8075.0,452.5,51979.0,GRANITE,1
6975.0,8075.0,450.2,51991.0,GRANITE,1
7025.0,8075.0,448.1,52000.0,GRANITE,1
7075.0,8075.0,446.1,52003.0,GRANITE,1
7125.0,8075.0,444.3,51998.0,GRANITE,1
7175.0,8075.0,442.6,51984.0,GRANITE,1
7225.0,8075.0,441.1,51964.0,FELSIC_VOLCANIC,1
7275.0,8075.0,439.8,51941.0,FELSIC_VOLCANIC,1
7325.0,8075.0,438.7,51921.0,FELSIC_VOLCANIC,1
7375.0,8075.0,437.7,51906.0,FELSIC_VOLCANIC,1
7425.0,8075.0,436.9,51899.0,FELSIC_VOLCANIC,1
7475.0,8075.0,436.3,51902.0,FELSIC_VOLCANIC,1
7525.0,8075.0,435.8,51912.0,MAFIC_VOLCANIC,1
7575.0,8075.0,435.4,51927.0,MAFIC_VOLCANIC,1
7625.0,8075.0,435.2,51943.0,MAFIC_VOLCANIC,1
7675.0,8075.0,435.2,51958.0,MAFIC_VOLCANIC,1
7725.0,8075.0,435.2,51968.0,MAFIC_VOLCANIC,1
7775.0,8075.0,435.4,51975.0,MAFIC_VOLCANIC,1
7825.0,8075.0,435.7,51978.0,MAFIC_VOLCANIC,1
7875.0,8075.0,436.0,51979.0,MAFIC_VOLCANIC,1
7925.0,8075.0,436.4,51981.0,MAFIC_VOLCANIC,1
7975.0,8075.0,436.8,51984.0,MAFIC_VOLCANIC,1
8025.0,8075.0,437.3,51991.0,MAFIC_VOLCANIC,1
8075.0,8075.0,437.8,52001.0,MAFIC_VOLCANIC,1
8125.0,8075.0,438.3,52015.0,MAFIC_VOLCANIC,1
8175.0,8075.0,438.8,52031.0,METASEDIMENT,1
8225.0,8075.0,439.3,52049.0,METASEDIMENT,1
8275.0,8075.0,439.7,52067.0,METASEDIMENT,1
8325.0,8075.0,440.1,52084.0,METASEDIMENT,1
8375.0,8075.0,440.4,52098.0,METASEDIMENT,1
8425.0,8075.0,440.6,52105.0,METASEDIMENT,0
8475.0,8075.0,440.8,52104.0,METASEDIMENT,0
8525.0,8075.0,440.8,52094.0,METASEDIMENT,0
8575.0,8075.0,440.7,52076.0,METASEDIMENT,0
8625.0,8075.0,440.5,52052.0,METASEDIMENT,0
8675.0,8075.0,440.2,52025.0,METASEDIMENT,0
8725.0,8075.0,439.8,52002.0,METASEDIMENT,0
8775.0,8075.0,439.2,51987.0,METASEDIMENT,0
8825.0,8075.0,438.5,51985.0,METASEDIMENT,0
8875.0,8075.0,437.7,51996.0,MAFIC_VOLCANIC,0
8925.0,8075.0,436.7,52021.0,MAFIC_VOLCANIC,0
8975.0,8075.0,435.7,52054.0,MAFIC_VOLCANIC,0
3025.0,8125.0,435.9,51959.0,METASEDIMENT,0
3075.0,8125.0,433.2,51983.0,METASEDIMENT,0
3125.0,8125.0,430.3,52004.0,METASEDIMENT,0
3175.0,8125.0,427.2,52016.0,METASEDIMENT,0
3225.0,8125.0,424.0,52013.0,METASEDIMENT,0
3275.0,8125.0,420.7,51992.0,METASEDIMENT,0
3325.0,8125.0,417.4,51958.0,METASEDIMENT,0
3375.0,8125.0,414.1,51913.0,METASEDIMENT,1
3425.0,8125.0,410.8,51866.0,METASEDIMENT,1
3475.0,8125.0,407.6,51823.0,METASEDIMENT,1
3525.0,8125.0,404.6,51789.0,METASEDIMENT,1
3575.0,8125.0,401.7,51767.0,METASEDIMENT,1
3625.0,8125.0,399.1,51757.0,METASEDIMENT,1
3675.0,8125.0,396.6,51759.0,METASEDIMENT,1
3725.0,8125.0,394.5,51769.0,METASEDIMENT,1
3775.0,8125.0,392.7,51783.0,MAFIC_VOLCANIC,1
3825.0,8125.0,391.2,51800.0,MAFIC_VOLCANIC,1
3875.0,8125.0,390.0,51819.0,MAFIC_VOLCANIC,1
3925.0,8125.0,389.3,51838.0,MAFIC_VOLCANIC,1
3975.0,8125.0,388.9,51858.0,MAFIC_VOLCANIC,1
4025.0,8125.0,389.0,51881.0,MAFIC_VOLCANIC,1
4075.0,8125.0,389.4,51905.0,MAFIC_VOLCANIC,1
4125.0,8125.0,390.3,51932.0,MAFIC_VOLCANIC,1
4175.0,8125.0,391.5,51958.0,MAFIC_VOLCANIC,1
4225.0,8125.0,393.2,51984.0,MAFIC_VOLCANIC,1
4275.0,8125.0,395.3,52005.0,MAFIC_VOLCANIC,1
4325.0,8125.0,397.7,52020.0,MAFIC_VOLCANIC,1
4375.0,8125.0,400.5,52026.0,MAFIC_VOLCANIC,1
4425.0,8125.0,403.6,52021.0,MAFIC_VOLCANIC,1
4475.0,8125.0,407.1,52006.0,MAFIC_VOLCANIC,1
4525.0,8125.0,410.8,51980.0,MAFIC_VOLCANIC,1
4575.0,8125.0,414.7,51945.0,MAFIC_VOLCANIC,1
4625.0,8125.0,418.9,51905.0,MAFIC_VOLCANIC,1
4675.0,8125.0,423.3,51863.0,MAFIC_VOLCANIC,1
4725.0,8125.0,427.8,51823.0,MAFIC_VOLCANIC,1
4775.0,8125.0,432.4,51790.0,MAFIC_VOLCANIC,1
4825.0,8125.0,437.1,51765.0,MAFIC_VOLCANIC,1
4875.0,8125.0,441.8,51751.0,MAFIC_VOLCANIC,1
4925.0,8125.0,446.5,51746.0,MAFIC_VOLCANIC,1
4975.0,8125.0,451.1,51748.0,MAFIC_VOLCANIC,1
5025.0,8125.0,455.7,51754.0,MAFIC_VOLCANIC,1
5075.0,8125.0,460.1,51762.0,MAFIC_VOLCANIC,1
5125.0,8125.0,464.4,51768.0,MAFIC_VOLCANIC,1
5175.0,8125.0,468.5,51771.0,MAFIC_VOLCANIC,1
5225.0,8125.0,472.4,51772.0,MAFIC_VOLCANIC,1
5275.0,8125.0,476.1,51773.0,MAFIC_VOLCANIC,1
5325.0,8125.0,479.5,51777.0,MAFIC_VOLCANIC,1
5375.0,8125.0,482.6,51786.0,MAFIC_VOLCANIC,1
5425.0,8125.0,485.4,51804.0,MAFIC_VOLCANIC,1
5475.0,8125.0,487.9,51831.0,MAFIC_VOLCANIC,1
5525.0,8125.0,490.0,51867.0,MAFIC_VOLCANIC,1
5575.0,8125.0,491.8,51909.0,MAFIC_VOLCANIC,1
5625.0,8125.0,493.3,51955.0,MAFIC_VOLCANIC,1
5675.0,8125.0,494.4,52001.0,MAFIC_VOLCANIC,1
5725.0,8125.0,495.2,52044.0,FELSIC_VOLCANIC,1
5775.0,8125.0,495.6,52081.0,FELSIC_VOLCANIC,1
5825.0,8125.0,495.6,52110.0,FELSIC_VOLCANIC,1
5875.0,8125.0,495.4,52130.0,FELSIC_VOLCANIC,1
5925.0,8125.0,494.8,52140.0,FELSIC_VOLCANIC,1
5975.0,8125.0,493.9,52139.0,FELSIC_VOLCANIC,1
6025.0,8125.0,492.8,52128.0,GRANITE,1
6075.0,8125.0,491.3,52109.0,GRANITE,1
6125.0,8125.0,489.7,52084.0,GRANITE,1
6175.0,8125.0,487.8,52056.0,GRANITE,1
6225.0,8125.0,485.6,52028.0,GRANITE,1
6275.0,8125.0,483.3,52002.0,GRANITE,1
6325.0,8125.0,480.9,51982.0,GRANITE,1
6375.0,8125.0,478.3,51968.0,GRANITE,1
6425.0,8125.0,475.6,51960.0,GRANITE,1
6475.0,8125.0,472.8,51955.0,GRANITE,1
6525.0,8125.0,470.0,51954.0,GRANITE,1
6575.0,8125.0,467.1,51952.0,GRANITE,1
6625.0,8125.0,464.3,51949.0,GRANITE,1
6675.0,8125.0,461.4,51946.0,GRANITE,1
6725.0,8125.0,458.6,51943.0,GRANITE,1
6775.0,8125.0,455.8,51942.0,GRANITE,1
6825.0,8125.0,453.1,51945.0,GRANITE,1
6875.0,8125.0,450.5,51954.0,GRANITE,1
6925.0,8125.0,448.1,51966.0,GRANITE,1
6975.0,8125.0,445.7,51980.0,GRANITE,1
7025.0,8125.0,443.5,51993.0,GRANITE,1
7075.0,8125.0,441.4,52000.0,GRANITE,1
7125.0,8125.0,439.5,52000.0,GRANITE,1
7175.0,8125.0,437.8,51989.0,GRANITE,1
7225.0,8125.0,436.2,51971.0,GRANITE,1
7275.0,8125.0,434.8,51946.0,FELSIC_VOLCANIC,1
7325.0,8125.0,433.5,51920.0,FELSIC_VOLCANIC,1
7375.0,8125.0,432.5,51898.0,FELSIC_VOLCANIC,1
7425.0,8125.0,431.6,51882.0,FELSIC_VOLCANIC,1
7475.0,8125.0,430.9,51874.0,FELSIC_VOLCANIC,1
7525.0,8125.0,430.3,51875.0,MAFIC_VOLCANIC,1
7575.0,8125.0,429.9,51883.0,MAFIC_VOLCANIC,1
7625.0,8125.0,429.7,51895.0,MAFIC_VOLCANIC,1
7675.0,8125.0,429.6,51908.0,MAFIC_VOLCANIC,1
7725.0,8125.0,429.6,51920.0,MAFIC_VOLCANIC,1
7775.0,8125.0,429.7,51930.0,MAFIC_VOLCANIC,1
7825.0,8125.0,430.0,51939.0,MAFIC_VOLCANIC,1
7875.0,8125.0,430.3,51947.0,MAFIC_VOLCANIC,1
7925.0,8125.0,430.7,51956.0,MAFIC_VOLCANIC,1
7975.0,8125.0,431.1,51966.0,MAFIC_VOLCANIC,1
8025.0,8125.0,431.7,51979.0,MAFIC_VOLCANIC,1
8075.0,8125.0,432.2,51994.0,MAFIC_VOLCANIC,1
8125.0,8125.0,432.7,52011.0,MAFIC_VOLCANIC,1
8175.0,8125.0,433.3,52030.0,MAFIC_VOLCANIC,1
8225.0,8125.0,433.8,52049.0,METASEDIMENT,1
8275.0,8125.0,434.3,52069.0,METASEDIMENT,1
8325.0,8125.0,434.8,52088.0,METASEDIMENT,1
8375.0,8125.0,435.2,52104.0,METASEDIMENT,1
8425.0,8125.0,435.5,52116.0,METASEDIMENT,1
8475.0,8125.0,435.8,52123.0,METASEDIMENT,1
8525.0,8125.0,435.9,52121.0,METASEDIMENT,0
8575.0,8125.0,436.0,52111.0,METASEDIMENT,0
8625.0,8125.0,435.9,52094.0,METASEDIMENT,0
8675.0,8125.0,435.8,52073.0,METASEDIMENT,0
8725.0,8125.0,435.5,52051.0,METASEDIMENT,0
8775.0,8125.0,435.1,52035.0,METASEDIMENT,0
8825.0,8125.0,434.5,52029.0,METASEDIMENT,0
8875.0,8125.0,433.9,52035.0,MAFIC_VOLCANIC,0
8925.0,8125.0,433.1,52053.0,MAFIC_VOLCANIC,0
8975.0,8125.0,432.2,52080.0,MAFIC_VOLCANIC,0
3025.0,8175.0,427.2,51923.0,METASEDIMENT,0
3075.0,8175.0,424.3,51948.0,METASEDIMENT,0
3125.0,8175.0,421.2,51976.0,METASEDIMENT,0
3175.0,8175.0,417.9,51998.0,METASEDIMENT,0
3225.0,8175.0,414.5,52008.0,METASEDIMENT,0
3275.0,8175.0,411.1,52002.0,METASEDIMENT,0
3325.0,8175.0,407.7,51979.0,METASEDIMENT,1
3375.0,8175.0,404.2,51942.0,METASEDIMENT,1
3425.0,8175.0,400.9,51898.0,METASEDIMENT,1
3475.0,8175.0,397.7,51852.0,METASEDIMENT,1
3525.0,8175.0,394.6,51811.0,METASEDIMENT,1
3575.0,8175.0,391.7,51779.0,METASEDIMENT,1
3625.0,8175.0,389.1,51759.0,METASEDIMENT,1
3675.0,8175.0,386.7,51751.0,METASEDIMENT,1
3725.0,8175.0,384.6,51753.0,METASEDIMENT,1
3775.0,8175.0,382.8,51763.0,METASEDIMENT,1
3825.0,8175.0,381.4,51777.0,MAFIC_VOLCANIC,1
3875.0,8175.0,380.4,51795.0,MAFIC_VOLCANIC,1
3925.0,8175.0,379.8,51814.0,MAFIC_VOLCANIC,1
3975.0,8175.0,379.6,51836.0,MAFIC_VOLCANIC,1
4025.0,8175.0,379.8,51859.0,MAFIC_VOLCANIC,1
4075.0,8175.0,380.4,51884.0,MAFIC_VOLCANIC,1
4125.0,8175.0,381.5,51912.0,MAFIC_VOLCANIC,1
4175.0,8175.0,382.9,51941.0,MAFIC_VOLCANIC,1
4225.0,8175.0,384.8,51970.0,MAFIC_VOLCANIC,1
4275.0,8175.0,387.1,51997.0,MAFIC_VOLCANIC,1
4325.0,8175.0,389.7,52019.0,MAFIC_VOLCANIC,1
4375.0,8175.0,392.8,52034.0,MAFIC_VOLCANIC,1
4425.0,8175.0,396.1,52039.0,MAFIC_VOLCANIC,1
4475.0,8175.0,399.8,52033.0,MAFIC_VOLCANIC,1
4525.0,8175.0,403.7,52015.0,MAFIC_VOLCANIC,1
4575.0,8175.0,407.9,51987.0,MAFIC_VOLCANIC,1
4625.0,8175.0,412.3,51950.0,MAFIC_VOLCANIC,1
4675.0,8175.0,416.9,51909.0,MAFIC_VOLCANIC,1
4725.0,8175.0,421.6,51867.0,MAFIC_VOLCANIC,1
4775.0,8175.0,426.4,51828.0,MAFIC_VOLCANIC,1
4825.0,8175.0,431.3,51797.0,MAFIC_VOLCANIC,1
4875.0,8175.0,436.2,51774.0,MAFIC_VOLCANIC,1
4925.0,8175.0,441.0,51760.0,MAFIC_VOLCANIC,1
4975.0,8175.0,445.9,51754.0,MAFIC_VOLCANIC,1
5025.0,8175.0,450.6,51753.0,MAFIC_VOLCANIC,1
5075.0,8175.0,455.2,51753.0,MAFIC_VOLCANIC,1
5125.0,8175.0,459.6,51752.0,MAFIC_VOLCANIC,1
5175.0,8175.0,463.9,51749.0,MAFIC_VOLCANIC,1
5225.0,8175.0,467.9,51744.0,MAFIC_VOLCANIC,1
5275.0,8175.0,471.7,51739.0,MAFIC_VOLCANIC,1
5325.0,8175.0,475.2,51738.0,MAFIC_VOLCANIC,1
5375.0,8175.0,478.4,51744.0,MAFIC_VOLCANIC,1
5425.0,8175.0,481.3,51760.0,MAFIC_VOLCANIC,1
5475.0,8175.0,483.9,51787.0,MAFIC_VOLCANIC,1
5525.0,8175.0,486.1,51824.0,MAFIC_VOLCANIC,1
5575.0,8175.0,488.0,51870.0,MAFIC_VOLCANIC,1
5625.0,8175.0,489.5,51922.0,MAFIC_VOLCANIC,1
5675.0,8175.0,490.6,51975.0,MAFIC_VOLCANIC,1
5725.0,8175.0,491.5,52026.0,MAFIC_VOLCANIC,1
5775.0,8175.0,491.9,52072.0,FELSIC_VOLCANIC,1
5825.0,8175.0,492.0,52110.0,FELSIC_VOLCANIC,1
5875.0,8175.0,491.8,52138.0,FELSIC_VOLCANIC,1
5925.0,8175.0,491.2,52156.0,FELSIC_VOLCANIC,1
5975.0,8175.0,490.3,52162.0,FELSIC_VOLCANIC,1
6025.0,8175.0,489.2,52158.0,GRANITE,1
6075.0,8175.0,487.7,52144.0,GRANITE,1
6125.0,8175.0,486.0,52121.0,GRANITE,1
6175.0,8175.0,484.1,52094.0,GRANITE,1
6225.0,8175.0,482.0,52064.0,GRANITE,1
6275.0,8175.0,479.6,52035.0,GRANITE,1
6325.0,8175.0,477.1,52010.0,GRANITE,1
6375.0,8175.0,474.5,51990.0,GRANITE,1
6425.0,8175.0,471.8,51977.0,GRANITE,1
6475.0,8175.0,468.9,51968.0,GRANITE,1
6525.0,8175.0,466.1,51962.0,GRANITE,1
6575.0,8175.0,463.1,51958.0,GRANITE,1
6625.0,8175.0,460.2,51953.0,GRANITE,1
6675.0,8175.0,457.3,51947.0,GRANITE,1
6725.0,8175.0,454.4,51941.0,GRANITE,1
6775.0,8175.0,451.5,51937.0,GRANITE,1
6825.0,8175.0,448.8,51937.0,GRANITE,1
6875.0,8175.0,446.1,51943.0,GRANITE,1
6925.0,8175.0,443.5,51955.0,GRANITE,1
6975.0,8175.0,441.1,51970.0,GRANITE,1
7025.0,8175.0,438.8,51985.0,GRANITE,1
7075.0,8175.0,436.6,51997.0,GRANITE,1
7125.0,8175.0,434.6,52002.0,GRANITE,1
7175.0,8175.0,432.7,51996.0,GRANITE,1
7225.0,8175.0,431.1,51981.0,GRANITE,1
7275.0,8175.0,429.6,51957.0,FELSIC_VOLCANIC,1
7325.0,8175.0,428.3,51929.0,FELSIC_VOLCANIC,1
7375.0,8175.0,427.1,51900.0,FELSIC_VOLCANIC,1
7425.0,8175.0,426.2,51876.0,FELSIC_VOLCANIC,1
7475.0,8175.0,425.4,51860.0,FELSIC_VOLCANIC,1
7525.0,8175.0,424.8,51851.0,FELSIC_VOLCANIC,1
7575.0,8175.0,424.3,51850.0,MAFIC_VOLCANIC,1
7625.0,8175.0,424.0,51855.0,MAFIC_VOLCANIC,1
7675.0,8175.0,423.8,51864.0,MAFIC_VOLCANIC,1
7725.0,8175.0,423.8,51874.0,MAFIC_VOLCANIC,1
7775.0,8175.0,423.9,51885.0,MAFIC_VOLCANIC,1
7825.0,8175.0,424.1,51896.0,MAFIC_VOLCANIC,1
7875.0,8175.0,424.5,51909.0,MAFIC_VOLCANIC,1
7925.0,8175.0,424.9,51923.0,MAFIC_VOLCANIC,1
7975.0,8175.0,425.3,51939.0,MAFIC_VOLCANIC,1
8025.0,8175.0,425.9,51957.0,MAFIC_VOLCANIC,1
8075.0,8175.0,426.4,51978.0,MAFIC_VOLCANIC,1
8125.0,8175.0,427.0,52000.0,MAFIC_VOLCANIC,1
8175.0,8175.0,427.6,52022.0,MAFIC_VOLCANIC,1
8225.0,8175.0,428.2,52044.0,METASEDIMENT,1
8275.0,8175.0,428.8,52065.0,METASEDIMENT,1
8325.0,8175.0,429.4,52086.0,METASEDIMENT,1
8375.0,8175.0,429.9,52105.0,METASEDIMENT,1
8425.0,8175.0,430.3,52122.0,METASEDIMENT,1
8475.0,8175.0,430.7,52134.0,METASEDIMENT,1
8525.0,8175.0,431.0,52140.0,METASEDIMENT,1
8575.0,8175.0,431.2,52138.0,METASEDIMENT,1
8625.0,8175.0,431.3,52130.0,METASEDIMENT,0
8675.0,8175.0,431.3,52115.0,METASEDIMENT,0
8725.0,8175.0,431.1,52098.0,METASEDIMENT,0
8775.0,8175.0,430.9,52083.0,METASEDIMENT,0
8825.0,8175.0,430.5,52075.0,METASEDIMENT,0
8875.0,8175.0,430.0,52077.0,METASEDIMENT,0
8925.0,8175.0,429.4,52089.0,MAFIC_VOLCANIC,0
8975.0,8175.0,428.7,52110.0,MAFIC_VOLCANIC,0
3025.0,8225.0,418.6,51894.0,METASEDIMENT,0
3075.0,8225.0,415.4,51917.0,METASEDIMENT,0
3125.0,8225.0,412.1,51948.0,METASEDIMENT,0
3175.0,8225.0,408.7,51978.0,METASEDIMENT,0
3225.0,8225.0,405.1,52000.0,METASEDIMENT,0
3275.0,8225.0,401.6,52008.0,METASEDIMENT,1
3325.0,8225.0,398.0,51999.0,METASEDIMENT,1
3375.0,8225.0,394.5,51973.0,METASEDIMENT,1
3425.0,8225.0,391.1,51935.0,METASEDIMENT,1
3475.0,8225.0,387.8,51890.0,METASEDIMENT,1
3525.0,8225.0,384.7,51845.0,METASEDIMENT,1
3575.0,8225.0,381.8,51806.0,METASEDIMENT,1
3625.0,8225.0,379.1,51775.0,METASEDIMENT,1
3675.0,8225.0,376.8,51756.0,METASEDIMENT,1
3725.0,8225.0,374.8,51748.0,METASEDIMENT,1
3775.0,8225.0,373.1,51750.0,METASEDIMENT,1
3825.0,8225.0,371.8,51759.0,METASEDIMENT,1
3875.0,8225.0,370.9,51774.0,MAFIC_VOLCANIC,1
3925.0,8225.0,370.4,51793.0,MAFIC_VOLCANIC,1
3975.0,8225.0,370.3,51814.0,MAFIC_VOLCANIC,1
4025.0,8225.0,370.7,51838.0,MAFIC_VOLCANIC,1
4075.0,8225.0,371.5,51864.0,MAFIC_VOLCANIC,1
4125.0,8225.0,372.7,51893.0,MAFIC_VOLCANIC,1
4175.0,8225.0,374.4,51924.0,MAFIC_VOLCANIC,1
4225.0,8225.0,376.5,51955.0,MAFIC_VOLCANIC,1
4275.0,8225.0,378.9,51986.0,MAFIC_VOLCANIC,1
4325.0,8225.0,381.8,52014.0,MAFIC_VOLCANIC,1
4375.0,8225.0,385.0,52036.0,MAFIC_VOLCANIC,1
4425.0,8225.0,388.6,52050.0,METASEDIMENT,1
4475.0,8225.0,392.5,52053.0,METASEDIMENT,1
4525.0,8225.0,396.6,52044.0,MAFIC_VOLCANIC,1
4575.0,8225.0,401.0,52022.0,MAFIC_VOLCANIC,1
4625.0,8225.0,405.6,51991.0,MAFIC_VOLCANIC,1
4675.0,8225.0,410.4,51951.0,MAFIC_VOLCANIC,1
4725.0,8225.0,415.3,51908.0,MAFIC_VOLCANIC,1
4775.0,8225.0,420.4,51866.0,MAFIC_VOLCANIC,1
4825.0,8225.0,425.4,51829.0,MAFIC_VOLCANIC,1
4875.0,8225.0,430.5,51800.0,MAFIC_VOLCANIC,1
4925.0,8225.0,435.6,51779.0,MAFIC_VOLCANIC,1
4975.0,8225.0,440.6,51766.0,MAFIC_VOLCANIC,1
5025.0,8225.0,445.5,51757.0,MAFIC_VOLCANIC,1
5075.0,8225.0,450.2,51751.0,MAFIC_VOLCANIC,1
5125.0,8225.0,454.8,51745.0,MAFIC_VOLCANIC,1
5175.0,8225.0,459.2,51736.0,MAFIC_VOLCANIC,1
5225.0,8225.0,463.3,51725.0,MAFIC_VOLCANIC,1
5275.0,8225.0,467.2,51714.0,MAFIC_VOLCANIC,1
5325.0,8225.0,470.8,51707.0,MAFIC_VOLCANIC,1
5375.0,8225.0,474.2,51707.0,MAFIC_VOLCANIC,1
5425.0,8225.0,477.1,51719.0,MAFIC_VOLCANIC,1
5475.0,8225.0,479.8,51743.0,MAFIC_VOLCANIC,1
5525.0,8225.0,482.1,51780.0,MAFIC_VOLCANIC,1
5575.0,8225.0,484.0,51828.0,MAFIC_VOLCANIC,1
5625.0,8225.0,485.6,51884.0,MAFIC_VOLCANIC,1
5675.0,8225.0,486.8,51944.0,MAFIC_VOLCANIC,1
5725.0,8225.0,487.6,52003.0,MAFIC_VOLCANIC,1
5775.0,8225.0,488.1,52058.0,FELSIC_VOLCANIC,1
5825.0,8225.0,488.3,52105.0,FELSIC_VOLCANIC,1
5875.0,8225.0,488.0,52142.0,FELSIC_VOLCANIC,1
5925.0,8225.0,487.5,52168.0,FELSIC_VOLCANIC,1
5975.0,8225.0,486.6,52183.0,FELSIC_VOLCANIC,1
6025.0,8225.0,485.5,52186.0,FELSIC_VOLCANIC,1
6075.0,8225.0,484.0,52177.0,GRANITE,1
6125.0,8225.0,482.3,52159.0,GRANITE,1
6175.0,8225.0,480.4,52133.0,GRANITE,1
6225.0,8225.0,478.2,52103.0,GRANITE,1
6275.0,8225.0,475.8,52071.0,GRANITE,1
6325.0,8225.0,473.3,52042.0,GRANITE,1
6375.0,8225.0,470.6,52018.0,GRANITE,1
6425.0,8225.0,467.9,51999.0,GRANITE,1
6475.0,8225.0,465.0,51985.0,GRANITE,1
6525.0,8225.0,462.0,51975.0,GRANITE,1
6575.0,8225.0,459.0,51967.0,GRANITE,1
6625.0,8225.0,456.0,51959.0,GRANITE,1
6675.0,8225.0,453.0,51951.0,GRANITE,1
6725.0,8225.0,450.1,51942.0,GRANITE,1
6775.0,8225.0,447.2,51935.0,GRANITE,1
6825.0,8225.0,444.3,51932.0,GRANITE,1
6875.0,8225.0,441.5,51935.0,GRANITE,1
6925.0,8225.0,438.9,51945.0,GRANITE,1
6975.0,8225.0,436.3,51960.0,GRANITE,1
7025.0,8225.0,433.9,51977.0,GRANITE,1
7075.0,8225.0,431.7,51993.0,GRANITE,1
7125.0,8225.0,429.6,52003.0,GRANITE,1
7175.0,8225.0,427.7,52003.0,GRANITE,1
7225.0,8225.0,425.9,51993.0,GRANITE,1
7275.0,8225.0,424.3,51972.0,FELSIC_VOLCANIC,1
7325.0,8225.0,422.9,51944.0,FELSIC_VOLCANIC,1
7375.0,8225.0,421.7,51913.0,FELSIC_VOLCANIC,1
7425.0,8225.0,420.6,51883.0,FELSIC_VOLCANIC,1
7475.0,8225.0,419.8,51858.0,FELSIC_VOLCANIC,1
7525.0,8225.0,419.1,51841.0,FELSIC_VOLCANIC,1
7575.0,8225.0,418.6,51831.0,MAFIC_VOLCANIC,1
7625.0,8225.0,418.2,51828.0,MAFIC_VOLCANIC,1
7675.0,8225.0,418.0,51830.0,MAFIC_VOLCANIC,1
7725.0,8225.0,418.0,51836.0,MAFIC_VOLCANIC,1
7775.0,8225.0,418.0,51844.0,MAFIC_VOLCANIC,1
7825.0,8225.0,418.2,51855.0,MAFIC_VOLCANIC,1
7875.0,8225.0,418.5,51869.0,MAFIC_VOLCANIC,1
7925.0,8225.0,418.9,51885.0,MAFIC_VOLCANIC,1
7975.0,8225.0,419.4,51905.0,MAFIC_VOLCANIC,1
8025.0,8225.0,420.0,51929.0,MAFIC_VOLCANIC,1
8075.0,8225.0,420.6,51954.0,MAFIC_VOLCANIC,1
8125.0,8225.0,421.2,51981.0,MAFIC_VOLCANIC,1
8175.0,8225.0,421.9,52007.0,MAFIC_VOLCANIC,1
8225.0,8225.0,422.6,52033.0,METASEDIMENT,1
8275.0,8225.0,423.3,52056.0,METASEDIMENT,1
8325.0,8225.0,423.9,52079.0,METASEDIMENT,1
8375.0,8225.0,424.5,52101.0,METASEDIMENT,1
8425.0,8225.0,425.1,52120.0,METASEDIMENT,1
8475.0,8225.0,425.6,52137.0,METASEDIMENT,1
8525.0,8225.0,426.0,52150.0,METASEDIMENT,1
8575.0,8225.0,426.3,52157.0,METASEDIMENT,1
8625.0,8225.0,426.6,52157.0,METASEDIMENT,1
8675.0,8225.0,426.7,52150.0,METASEDIMENT,0
8725.0,8225.0,426.8,52139.0,METASEDIMENT,0
8775.0,8225.0,426.7,52127.0,METASEDIMENT,0
8825.0,8225.0,426.5,52119.0,METASEDIMENT,0
8875.0,8225.0,426.2,52118.0,METASEDIMENT,0
8925.0,8225.0,425.7,52126.0,MAFIC_VOLCANIC,0
8975.0,8225.0,425.2,52143.0,MAFIC_VOLCANIC,0
3025.0,8275.0,410.1,51872.0,METASEDIMENT,0
3075.0,8275.0,406.7,51891.0,METASEDIMENT,0
3125.0,8275.0,403.2,51922.0,METASEDIMENT,0
3175.0,8275.0,399.5,51958.0,METASEDIMENT,0
3225.0,8275.0,395.8,51990.0,METASEDIMENT,0
3275.0,8275.0,392.1,52011.0,METASEDIMENT,1
3325.0,8275.0,388.4,52017.0,METASEDIMENT,1
3375.0,8275.0,384.8,52004.0,METASEDIMENT,1
3425.0,8275.0,381.3,51976.0,METASEDIMENT,1
3475.0,8275.0,378.0,51936.0,METASEDIMENT,1
3525.0,8275.0,374.9,51891.0,METASEDIMENT,1
3575.0,8275.0,372.0,51846.0,METASEDIMENT,1
3625.0,8275.0,369.4,51806.0,METASEDIMENT,1
3675.0,8275.0,367.1,51776.0,METASEDIMENT,1
3725.0,8275.0,365.1,51757.0,METASEDIMENT,1
3775.0,8275.0,363.5,51748.0,METASEDIMENT,1
3825.0,8275.0,362.3,51750.0,METASEDIMENT,1
3875.0,8275.0,361.5,51759.0,METASEDIMENT,1
3925.0,8275.0,361.2,51775.0,MAFIC_VOLCANIC,1
3975.0,8275.0,361.2,51795.0,MAFIC_VOLCANIC,1
4025.0,8275.0,361.8,51819.0,MAFIC_VOLCANIC,1
4075.0,8275.0,362.7,51846.0,MAFIC_VOLCANIC,1
4125.0,8275.0,364.1,51876.0,MAFIC_VOLCANIC,1
4175.0,8275.0,366.0,51908.0,MAFIC_VOLCANIC,1
4225.0,8275.0,368.2,51941.0,MAFIC_VOLCANIC,1
4275.0,8275.0,370.9,51975.0,MAFIC_VOLCANIC,1
4325.0,8275.0,374.0,52006.0,MAFIC_VOLCANIC,1
4375.0,8275.0,377.4,52034.0,MAFIC_VOLCANIC,1
4425.0,8275.0,381.2,52055.0,METASEDIMENT,1
4475.0,8275.0,385.3,52066.0,METASEDIMENT,1
4525.0,8275.0,389.6,52065.0,METASEDIMENT,1
4575.0,8275.0,394.2,52051.0,MAFIC_VOLCANIC,1
4625.0,8275.0,399.1,52024.0,MAFIC_VOLCANIC,1
4675.0,8275.0,404.0,51988.0,MAFIC_VOLCANIC,1
4725.0,8275.0,409.2,51945.0,MAFIC_VOLCANIC,1
4775.0,8275.0,414.4,51901.0,MAFIC_VOLCANIC,1
4825.0,8275.0,419.6,51860.0,MAFIC_VOLCANIC,1
4875.0,8275.0,424.9,51825.0,MAFIC_VOLCANIC,1
4925.0,8275.0,430.1,51798.0,MAFIC_VOLCANIC,1
4975.0,8275.0,435.3,51779.0,MAFIC_VOLCANIC,1
5025.0,8275.0,440.3,51766.0,MAFIC_VOLCANIC,1
5075.0,8275.0,445.2,51755.0,MAFIC_VOLCANIC,1
5125.0,8275.0,449.9,51744.0,MAFIC_VOLCANIC,1
5175.0,8275.0,454.4,51730.0,MAFIC_VOLCANIC,1
5225.0,8275.0,458.7,51714.0,MAFIC_VOLCANIC,1
5275.0,8275.0,462.7,51697.0,MAFIC_VOLCANIC,1
5325.0,8275.0,466.4,51684.0,MAFIC_VOLCANIC,1
5375.0,8275.0,469.8,51677.0,MAFIC_VOLCANIC,1
5425.0,8275.0,472.9,51683.0,MAFIC_VOLCANIC,1
5475.0,8275.0,475.6,51702.0,MAFIC_VOLCANIC,1
5525.0,8275.0,478.0,51737.0,MAFIC_VOLCANIC,1
5575.0,8275.0,480.0,51785.0,MAFIC_VOLCANIC,1
5625.0,8275.0,481.6,51843.0,MAFIC_VOLCANIC,1
5675.0,8275.0,482.9,51908.0,MAFIC_VOLCANIC,1
5725.0,8275.0,483.8,51974.0,MAFIC_VOLCANIC,1
5775.0,8275.0,484.3,52037.0,MAFIC_VOLCANIC,1
5825.0,8275.0,484.5,52094.0,FELSIC_VOLCANIC,1
5875.0,8275.0,484.3,52141.0,FELSIC_VOLCANIC,1
5925.0,8275.0,483.7,52176.0,FELSIC_VOLCANIC,1
5975.0,8275.0,482.9,52200.0,FELSIC_VOLCANIC,1
6025.0,8275.0,481.7,52210.0,FELSIC_VOLCANIC,1
6075.0,8275.0,480.3,52208.0,GRANITE,1
6125.0,8275.0,478.5,52195.0,GRANITE,1
6175.0,8275.0,476.6,52172.0,GRANITE,1
6225.0,8275.0,474.4,52143.0,GRANITE,1
6275.0,8275.0,472.0,52110.0,GRANITE,1
6325.0,8275.0,469.4,52078.0,GRANITE,1
6375.0,8275.0,466.7,52049.0,GRANITE,1
6425.0,8275.0,463.9,52025.0,GRANITE,1
6475.0,8275.0,461.0,52006.0,GRANITE,1
6525.0,8275.0,458.0,51991.0,GRANITE,1
6575.0,8275.0,454.9,51980.0,GRANITE,1
6625.0,8275.0,451.8,51969.0,GRANITE,1
6675.0,8275.0,448.8,51958.0,GRANITE,1
6725.0,8275.0,445.7,51946.0,GRANITE,1
6775.0,8275.0,442.7,51936.0,GRANITE,1
6825.0,8275.0,439.8,51930.0,GRANITE,1
6875.0,8275.0,437.0,51929.0,GRANITE,1
6925.0,8275.0,434.2,51936.0,GRANITE,1
6975.0,8275.0,431.6,51950.0,GRANITE,1
7025.0,8275.0,429.1,51969.0,GRANITE,1
7075.0,8275.0,426.7,51988.0,GRANITE,1
7125.0,8275.0,424.6,52003.0,GRANITE,1
7175.0,8275.0,422.5,52010.0,GRANITE,1
7225.0,8275.0,420.7,52006.0,GRANITE,1
7275.0,8275.0,419.0,51990.0,GRANITE,1
7325.0,8275.0,417.5,51965.0,FELSIC_VOLCANIC,1
7375.0,8275.0,416.2,51933.0,FELSIC_VOLCANIC,1
7425.0,8275.0,415.1,51900.0,FELSIC_VOLCANIC,1
7475.0,8275.0,414.1,51870.0,FELSIC_VOLCANIC,1
7525.0,8275.0,413.4,51845.0,FELSIC_VOLCANIC,1
7575.0,8275.0,412.8,51826.0,FELSIC_VOLCANIC,1
7625.0,8275.0,412.4,51815.0,MAFIC_VOLCANIC,1
7675.0,8275.0,412.1,51810.0,MAFIC_VOLCANIC,1
7725.0,8275.0,412.0,51809.0,MAFIC_VOLCANIC,1
7775.0,8275.0,412.1,51812.0,MAFIC_VOLCANIC,1
7825.0,8275.0,412.3,51820.0,MAFIC_VOLCANIC,1
7875.0,8275.0,412.6,51831.0,MAFIC_VOLCANIC,1
7925.0,8275.0,413.0,51848.0,MAFIC_VOLCANIC,1
7975.0,8275.0,413.5,51869.0,MAFIC_VOLCANIC,1
8025.0,8275.0,414.1,51895.0,MAFIC_VOLCANIC,1
8075.0,8275.0,414.7,51925.0,MAFIC_VOLCANIC,1
8125.0,8275.0,415.4,51956.0,MAFIC_VOLCANIC,1
8175.0,8275.0,416.1,51986.0,MAFIC_VOLCANIC,1
8225.0,8275.0,416.9,52015.0,METASEDIMENT,1
8275.0,8275.0,417.7,52042.0,METASEDIMENT,1
8325.0,8275.0,418.4,52067.0,METASEDIMENT,1
8375.0,8275.0,419.1,52090.0,METASEDIMENT,1
8425.0,8275.0,419.8,52112.0,METASEDIMENT,1
8475.0,8275.0,420.4,52133.0,METASEDIMENT,1
8525.0,8275.0,421.0,52151.0,METASEDIMENT,1
8575.0,8275.0,421.5,52165.0,METASEDIMENT,1
8625.0,8275.0,421.9,52173.0,METASEDIMENT,1
8675.0,8275.0,422.2,52175.0,METASEDIMENT,1
8725.0,8275.0,422.4,52172.0,METASEDIMENT,1
8775.0,8275.0,422.5,52165.0,METASEDIMENT,0
8825.0,8275.0,422.5,52159.0,METASEDIMENT,0
8875.0,8275.0,422.4,52157.0,METASEDIMENT,0
8925.0,8275.0,422.1,52163.0,MAFIC_VOLCANIC,0
8975.0,8275.0,421.7,52175.0,MAFIC_VOLCANIC,0
3025.0,8325.0,401.7,51861.0,METASEDIMENT,0
3075.0,8325.0,398.1,51873.0,METASEDIMENT,0
3125.0,8325.0,394.4,51901.0,METASEDIMENT,0
3175.0,8325.0,390.6,51939.0,METASEDIMENT,0
3225.0,8325.0,386.7,51979.0,METASEDIMENT,1
3275.0,8325.0,382.9,52012.0,METASEDIMENT,1
3325.0,8325.0,379.1,52031.0,METASEDIMENT,1
3375.0,8325.0,375.4,52033.0,METASEDIMENT,1
3425.0,8325.0,371.8,52018.0,METASEDIMENT,1
3475.0,8325.0,368.5,51987.0,METASEDIMENT,1
3525.0,8325.0,365.3,51945.0,METASEDIMENT,1
3575.0,8325.0,362.4,51898.0,METASEDIMENT,1
3625.0,8325.0,359.8,51852.0,METASEDIMENT,1
3675.0,8325.0,357.6,51812.0,METASEDIMENT,1
3725.0,8325.0,355.7,51781.0,METASEDIMENT,1
3775.0,8325.0,354.1,51760.0,METASEDIMENT,1
3825.0,8325.0,353.0,51752.0,METASEDIMENT,1
3875.0,8325.0,352.3,51753.0,METASEDIMENT,1
3925.0,8325.0,352.1,51763.0,METASEDIMENT,1
3975.0,8325.0,352.3,51780.0,MAFIC_VOLCANIC,1
4025.0,8325.0,353.0,51803.0,MAFIC_VOLCANIC,1
4075.0,8325.0,354.1,51830.0,MAFIC_VOLCANIC,1
4125.0,8325.0,355.7,51860.0,MAFIC_VOLCANIC,1
4175.0,8325.0,357.7,51893.0,MAFIC_VOLCANIC,1
4225.0,8325.0,360.2,51928.0,MAFIC_VOLCANIC,1
4275.0,8325.0,363.0,51964.0,MAFIC_VOLCANIC,1
4325.0,8325.0,366.3,51999.0,MAFIC_VOLCANIC,1
4375.0,8325.0,369.9,52031.0,METASEDIMENT,1
4425.0,8325.0,373.9,52057.0,METASEDIMENT,1
4475.0,8325.0,378.2,52074.0,METASEDIMENT,1
4525.0,8325.0,382.8,52080.0,METASEDIMENT,1
4575.0,8325.0,387.6,52073.0,METASEDIMENT,1
4625.0,8325.0,392.6,52052.0,MAFIC_VOLCANIC,1
4675.0,8325.0,397.7,52019.0,MAFIC_VOLCANIC,1
4725.0,8325.0,403.0,51978.0,MAFIC_VOLCANIC,1
4775.0,8325.0,408.4,51932.0,MAFIC_VOLCANIC,1
4825.0,8325.0,413.9,51888.0,MAFIC_VOLCANIC,1
4875.0,8325.0,419.3,51849.0,MAFIC_VOLCANIC,1
4925.0,8325.0,424.7,51817.0,MAFIC_VOLCANIC,1
4975.0,8325.0,430.0,51793.0,MAFIC_VOLCANIC,1
5025.0,8325.0,435.2,51775.0,MAFIC_VOLCANIC,1
5075.0,8325.0,440.2,51761.0,MAFIC_VOLCANIC,1
5125.0,8325.0,445.1,51747.0,MAFIC_VOLCANIC,1
5175.0,8325.0,449.7,51730.0,MAFIC_VOLCANIC,1
5225.0,8325.0,454.1,51711.0,MAFIC_VOLCANIC,1
5275.0,8325.0,458.2,51689.0,MAFIC_VOLCANIC,1
5325.0,8325.0,462.0,51669.0,MAFIC_VOLCANIC,1
5375.0,8325.0,465.5,51656.0,MAFIC_VOLCANIC,1
5425.0,8325.0,468.7,51653.0,MAFIC_VOLCANIC,1
5475.0,8325.0,471.5,51666.0,MAFIC_VOLCANIC,1
5525.0,8325.0,473.9,51696.0,MAFIC_VOLCANIC,1
5575.0,8325.0,476.0,51742.0,MAFIC_VOLCANIC,1
5625.0,8325.0,477.7,51801.0,MAFIC_VOLCANIC,1
5675.0,8325.0,479.0,51869.0,MAFIC_VOLCANIC,1
5725.0,8325.0,479.9,51941.0,MAFIC_VOLCANIC,1
5775.0,8325.0,480.4,52012.0,MAFIC_VOLCANIC,1
5825.0,8325.0,480.6,52077.0,FELSIC_VOLCANIC,1
5875.0,8325.0,480.4,52133.0,FELSIC_VOLCANIC,1
5925.0,8325.0,479.9,52178.0,FELSIC_VOLCANIC,1
5975.0,8325.0,479.1,52211.0,FELSIC_VOLCANIC,1
6025.0,8325.0,477.9,52230.0,FELSIC_VOLCANIC,1
6075.0,8325.0,476.5,52236.0,FELSIC_VOLCANIC,1
6125.0,8325.0,474.7,52229.0,GRANITE,1
6175.0,8325.0,472.7,52211.0,GRANITE,1
6225.0,8325.0,470.5,52183.0,GRANITE,1
6275.0,8325.0,468.1,52151.0,GRANITE,1
6325.0,8325.0,465.5,52116.0,GRANITE,1
6375.0,8325.0,462.8,52083.0,GRANITE,1
6425.0,8325.0,459.9,52054.0,GRANITE,1
6475.0,8325.0,456.9,52030.0,GRANITE,1
6525.0,8325.0,453.9,52010.0,GRANITE,1
6575.0,8325.0,450.8,51994.0,GRANITE,1
6625.0,8325.0,447.6,51980.0,GRANITE,1
6675.0,8325.0,444.5,51966.0,GRANITE,1
6725.0,8325.0,441.4,51952.0,GRANITE,1
6775.0,8325.0,438.3,51939.0,GRANITE,1
6825.0,8325.0,435.3,51929.0,GRANITE,1
6875.0,8325.0,432.4,51925.0,GRANITE,1
6925.0,8325.0,429.5,51929.0,GRANITE,1
6975.0,8325.0,426.8,51941.0,GRANITE,1
7025.0,8325.0,424.2,51959.0,GRANITE,1
7075.0,8325.0,421.8,51981.0,GRANITE,1
7125.0,8325.0,419.5,52001.0,GRANITE,1
7175.0,8325.0,417.4,52015.0,GRANITE,1
7225.0,8325.0,415.5,52018.0,GRANITE,1
7275.0,8325.0,413.7,52009.0,GRANITE,1
7325.0,8325.0,412.1,51988.0,FELSIC_VOLCANIC,1
7375.0,8325.0,410.7,51959.0,FELSIC_VOLCANIC,1
7425.0,8325.0,409.5,51926.0,FELSIC_VOLCANIC,1
7475.0,8325.0,408.5,51892.0,FELSIC_VOLCANIC,1
7525.0,8325.0,407.7,51861.0,FELSIC_VOLCANIC,1
7575.0,8325.0,407.0,51836.0,FELSIC_VOLCANIC,1
7625.0,8325.0,406.6,51817.0,MAFIC_VOLCANIC,1
7675.0,8325.0,406.3,51804.0,MAFIC_VOLCANIC,1
7725.0,8325.0,406.1,51796.0,MAFIC_VOLCANIC,1
7775.0,8325.0,406.1,51793.0,MAFIC_VOLCANIC,1
7825.0,8325.0,406.3,51794.0,MAFIC_VOLCANIC,1
7875.0,8325.0,406.6,51801.0,MAFIC_VOLCANIC,1
7925.0,8325.0,407.0,51815.0,MAFIC_VOLCANIC,1
7975.0,8325.0,407.5,51835.0,MAFIC_VOLCANIC,1
8025.0,8325.0,408.1,51861.0,MAFIC_VOLCANIC,1
8075.0,8325.0,408.8,51892.0,MAFIC_VOLCANIC,1
8125.0,8325.0,409.6,51926.0,MAFIC_VOLCANIC,1
8175.0,8325.0,410.4,51960.0,MAFIC_VOLCANIC,1
8225.0,8325.0,411.2,51992.0,MAFIC_VOLCANIC,1
8275.0,8325.0,412.1,52022.0,METASEDIMENT,1
8325.0,8325.0,412.9,52049.0,METASEDIMENT,1
8375.0,8325.0,413.7,52074.0,METASEDIMENT,1
8425.0,8325.0,414.5,52098.0,METASEDIMENT,1
8475.0,8325.0,415.3,52122.0,METASEDIMENT,1
8525.0,8325.0,416.0,52144.0,METASEDIMENT,1
8575.0,8325.0,416.7,52164.0,METASEDIMENT,1
8625.0,8325.0,417.2,52179.0,METASEDIMENT,1
8675.0,8325.0,417.7,52190.0,METASEDIMENT,1
8725.0,8325.0,418.1,52194.0,METASEDIMENT,1
8775.0,8325.0,418.4,52194.0,METASEDIMENT,1
8825.0,8325.0,418.6,52192.0,METASEDIMENT,0
8875.0,8325.0,418.6,52192.0,METASEDIMENT,0
8925.0,8325.0,418.5,52196.0,METASEDIMENT,0
8975.0,8325.0,418.3,52205.0,MAFIC_VOLCANIC,0
3025.0,8375.0,393.5,51859.0,METASEDIMENT,0
3075.0,8375.0,389.7,51864.0,METASEDIMENT,0
3125.0,8375.0,385.8,51887.0,METASEDIMENT,0
3175.0,8375.0,381.8,51924.0,METASEDIMENT,1
3225.0,8375.0,377.8,51968.0,METASEDIMENT,1
3275.0,8375.0,373.9,52010.0,METASEDIMENT,1
3325.0,8375.0,370.0,52042.0,METASEDIMENT,1
3375.0,8375.0,366.2,52059.0,METASEDIMENT,1
3425.0,8375.0,362.6,52058.0,METASEDIMENT,1
3475.0,8375.0,359.2,52038.0,METASEDIMENT,1
3525.0,8375.0,356.0,52004.0,METASEDIMENT,1
3575.0,8375.0,353.1,51959.0,METASEDIMENT,1
3625.0,8375.0,350.5,51910.0,METASEDIMENT,1
3675.0,8375.0,348.3,51862.0,METASEDIMENT,1
3725.0,8375.0,346.5,51820.0,METASEDIMENT,1
3775.0,8375.0,345.0,51788.0,METASEDIMENT,1
3825.0,8375.0,344.0,51767.0,METASEDIMENT,1
3875.0,8375.0,343.4,51758.0,METASEDIMENT,1
3925.0,8375.0,343.3,51760.0,METASEDIMENT,1
3975.0,8375.0,343.7,51771.0,METASEDIMENT,1
4025.0,8375.0,344.5,51791.0,METASEDIMENT,1
4075.0,8375.0,345.8,51817.0,MAFIC_VOLCANIC,1
4125.0,8375.0,347.5,51848.0,MAFIC_VOLCANIC,1
4175.0,8375.0,349.7,51881.0,MAFIC_VOLCANIC,1
4225.0,8375.0,352.3,51917.0,MAFIC_VOLCANIC,1
4275.0,8375.0,355.4,51955.0,MAFIC_VOLCANIC,1
4325.0,8375.0,358.8,51992.0,MAFIC_VOLCANIC,1
4375.0,8375.0,362.7,52027.0,METASEDIMENT,1
4425.0,8375.0,366.8,52057.0,METASEDIMENT,1
4475.0,8375.0,371.3,52079.0,METASEDIMENT,1
4525.0,8375.0,376.1,52091.0,METASEDIMENT,1
4575.0,8375.0,381.0,52090.0,METASEDIMENT,1
4625.0,8375.0,386.2,52074.0,METASEDIMENT,1
4675.0,8375.0,391.6,52045.0,MAFIC_VOLCANIC,1
4725.0,8375.0,397.1,52006.0,MAFIC_VOLCANIC,1
4775.0,8375.0,402.6,51960.0,MAFIC_VOLCANIC,1
4825.0,8375.0,408.2,51913.0,MAFIC_VOLCANIC,1
4875.0,8375.0,413.8,51869.0,MAFIC_VOLCANIC,1
4925.0,8375.0,419.3,51833.0,MAFIC_VOLCANIC,1
4975.0,8375.0,424.8,51805.0,MAFIC_VOLCANIC,1
5025.0,8375.0,430.1,51784.0,MAFIC_VOLCANIC,1
5075.0,8375.0,435.3,51768.0,MAFIC_VOLCANIC,1
5125.0,8375.0,440.3,51752.0,MAFIC_VOLCANIC,1
5175.0,8375.0,445.0,51734.0,MAFIC_VOLCANIC,1
5225.0,8375.0,449.5,51713.0,MAFIC_VOLCANIC,1
5275.0,8375.0,453.7,51688.0,MAFIC_VOLCANIC,1
5325.0,8375.0,457.7,51663.0,MAFIC_VOLCANIC,1
5375.0,8375.0,461.2,51642.0,MAFIC_VOLCANIC,1
5425.0,8375.0,464.5,51632.0,MAFIC_VOLCANIC,1
5475.0,8375.0,467.3,51637.0,MAFIC_VOLCANIC,1
5525.0,8375.0,469.8,51660.0,MAFIC_VOLCANIC,1
5575.0,8375.0,471.9,51701.0,MAFIC_VOLCANIC,1
5625.0,8375.0,473.7,51758.0,MAFIC_VOLCANIC,1
5675.0,8375.0,475.0,51827.0,MAFIC_VOLCANIC,1
5725.0,8375.0,476.0,51903.0,MAFIC_VOLCANIC,1
5775.0,8375.0,476.6,51980.0,MAFIC_VOLCANIC,1
5825.0,8375.0,476.8,52053.0,MAFIC_VOLCANIC,1
5875.0,8375.0,476.6,52119.0,FELSIC_VOLCANIC,1
5925.0,8375.0,476.1,52173.0,FELSIC_VOLCANIC,1
5975.0,8375.0,475.3,52215.0,FELSIC_VOLCANIC,1
6025.0,8375.0,474.1,52244.0,FELSIC_VOLCANIC,1
6075.0,8375.0,472.7,52258.0,FELSIC_VOLCANIC,1
6125.0,8375.0,470.9,52258.0,GRANITE,1
6175.0,8375.0,468.9,52245.0,GRANITE,1
6225.0,8375.0,466.7,52222.0,GRANITE,1
6275.0,8375.0,464.3,52190.0,GRANITE,1
6325.0,8375.0,461.6,52155.0,GRANITE,1
6375.0,8375.0,458.9,52119.0,GRANITE,1
6425.0,8375.0,455.9,52085.0,GRANITE,1
6475.0,8375.0,452.9,52056.0,GRANITE,1
6525.0,8375.0,449.8,52031.0,GRANITE,1
6575.0,8375.0,446.7,52011.0,GRANITE,1
6625.0,8375.0,443.5,51993.0,GRANITE,1
6675.0,8375.0,440.3,51975.0,GRANITE,1
6725.0,8375.0,437.1,51958.0,GRANITE,1
6775.0,8375.0,433.9,51942.0,GRANITE,1
6825.0,8375.0,430.8,51929.0,GRANITE,1
6875.0,8375.0,427.8,51921.0,GRANITE,1
6925.0,8375.0,424.9,51921.0,GRANITE,1
6975.0,8375.0,422.1,51931.0,GRANITE,1
7025.0,8375.0,419.4,51949.0,GRANITE,1
7075.0,8375.0,416.9,51972.0,GRANITE,1
7125.0,8375.0,414.5,51996.0,GRANITE,1
7175.0,8375.0,412.3,52016.0,GRANITE,1
7225.0,8375.0,410.3,52027.0,GRANITE,1
7275.0,8375.0,408.4,52026.0,GRANITE,1
7325.0,8375.0,406.7,52013.0,FELSIC_VOLCANIC,1
7375.0,8375.0,405.3,51989.0,FELSIC_VOLCANIC,1
7425.0,8375.0,404.0,51957.0,FELSIC_VOLCANIC,1
7475.0,8375.0,402.9,51923.0,FELSIC_VOLCANIC,1
7525.0,8375.0,402.0,51889.0,FELSIC_VOLCANIC,1
7575.0,8375.0,401.3,51859.0,FELSIC_VOLCANIC,1
7625.0,8375.0,400.8,51833.0,FELSIC_VOLCANIC,1
7675.0,8375.0,400.4,51813.0,MAFIC_VOLCANIC,1
7725.0,8375.0,400.3,51798.0,MAFIC_VOLCANIC,1
7775.0,8375.0,400.2,51787.0,MAFIC_VOLCANIC,1
7825.0,8375.0,400.4,51782.0,MAFIC_VOLCANIC,1
7875.0,8375.0,400.7,51782.0,MAFIC_VOLCANIC,1
7925.0,8375.0,401.1,51790.0,MAFIC_VOLCANIC,1
7975.0,8375.0,401.6,51806.0,MAFIC_VOLCANIC,1
8025.0,8375.0,402.3,51830.0,MAFIC_VOLCANIC,1
8075.0,8375.0,403.0,51860.0,MAFIC_VOLCANIC,1
8125.0,8375.0,403.8,51894.0,MAFIC_VOLCANIC,1
8175.0,8375.0,404.7,51931.0,MAFIC_VOLCANIC,1
8225.0,8375.0,405.6,51966.0,MAFIC_VOLCANIC,1
8275.0,8375.0,406.5,51998.0,MAFIC_VOLCANIC,1
8325.0,8375.0,407.5,52028.0,METASEDIMENT,1
8375.0,8375.0,408.4,52054.0,METASEDIMENT,1
8425.0,8375.0,409.3,52079.0,METASEDIMENT,1
8475.0,8375.0,410.2,52104.0,METASEDIMENT,1
8525.0,8375.0,411.1,52129.0,METASEDIMENT,1
8575.0,8375.0,411.9,52153.0,METASEDIMENT,1
8625.0,8375.0,412.6,52175.0,METASEDIMENT,1
8675.0,8375.0,413.3,52193.0,METASEDIMENT,1
8725.0,8375.0,413.8,52206.0,METASEDIMENT,1
8775.0,8375.0,414.3,52213.0,METASEDIMENT,1
8825.0,8375.0,414.7,52217.0,METASEDIMENT,1
8875.0,8375.0,414.9,52220.0,METASEDIMENT,0
8925.0,8375.0,415.0,52224.0,METASEDIMENT,0
8975.0,8375.0,415.0,52232.0,MAFIC_VOLCANIC,0
3025.0,8425.0,385.6,51867.0,METASEDIMENT,0
3075.0,8425.0,381.6,51864.0,METASEDIMENT,0
3125.0,8425.0,377.5,51881.0,METASEDIMENT,0
3175.0,8425.0,373.4,51915.0,METASEDIMENT,1
3225.0,8425.0,369.3,51960.0,METASEDIMENT,1
3275.0,8425.0,365.2,52007.0,METASEDIMENT,1
3325.0,8425.0,361.2,52050.0,METASEDIMENT,1
3375.0,8425.0,357.3,52080.0,METASEDIMENT,1
3425.0,8425.0,353.7,52094.0,METASEDIMENT,1
3475.0,8425.0,350.2,52088.0,METASEDIMENT,1
3525.0,8425.0,347.0,52065.0,METASEDIMENT,1
3575.0,8425.0,344.1,52026.0,METASEDIMENT,1
3625.0,8425.0,341.6,51978.0,METASEDIMENT,1
3675.0,8425.0,339.4,51926.0,METASEDIMENT,1
3725.0,8425.0,337.6,51875.0,METASEDIMENT,1
3775.0,8425.0,336.3,51831.0,METASEDIMENT,1
3825.0,8425.0,335.3,51797.0,METASEDIMENT,1
3875.0,8425.0,334.9,51775.0,METASEDIMENT,1
3925.0,8425.0,334.9,51767.0,METASEDIMENT,1
3975.0,8425.0,335.3,51771.0,METASEDIMENT,1
4025.0,8425.0,336.3,51785.0,METASEDIMENT,1
4075.0,8425.0,337.7,51808.0,METASEDIMENT,1
4125.0,8425.0,339.6,51838.0,MAFIC_VOLCANIC,1
4175.0,8425.0,342.0,51872.0,MAFIC_VOLCANIC,1
4225.0,8425.0,344.8,51909.0,MAFIC_VOLCANIC,1
4275.0,8425.0,348.0,51948.0,METASEDIMENT,1
4325.0,8425.0,351.6,51987.0,METASEDIMENT,1
4375.0,8425.0,355.6,52024.0,METASEDIMENT,1
4425.0,8425.0,360.0,52057.0,METASEDIMENT,1
4475.0,8425.0,364.6,52084.0,METASEDIMENT,1
4525.0,8425.0,369.6,52100.0,METASEDIMENT,1
4575.0,8425.0,374.7,52104.0,METASEDIMENT,1
4625.0,8425.0,380.1,52093.0,METASEDIMENT,1
4675.0,8425.0,385.6,52068.0,METASEDIMENT,1
4725.0,8425.0,391.3,52030.0,MAFIC_VOLCANIC,1
4775.0,8425.0,397.0,51984.0,MAFIC_VOLCANIC,1
4825.0,8425.0,402.7,51935.0,MAFIC_VOLCANIC,1
4875.0,8425.0,408.4,51888.0,MAFIC_VOLCANIC,1
4925.0,8425.0,414.1,51847.0,MAFIC_VOLCANIC,1
4975.0,8425.0,419.7,51814.0,MAFIC_VOLCANIC,1
5025.0,8425.0,425.2,51790.0,MAFIC_VOLCANIC,1
5075.0,8425.0,430.5,51772.0,MAFIC_VOLCANIC,1
5125.0,8425.0,435.6,51757.0,MAFIC_VOLCANIC,1
5175.0,8425.0,440.4,51739.0,MAFIC_VOLCANIC,1
5225.0,8425.0,445.0,51718.0,MAFIC_VOLCANIC,1
5275.0,8425.0,449.3,51691.0,MAFIC_VOLCANIC,1
5325.0,8425.0,453.3,51663.0,MAFIC_VOLCANIC,1
5375.0,8425.0,457.0,51637.0,MAFIC_VOLCANIC,1
5425.0,8425.0,460.3,51619.0,MAFIC_VOLCANIC,1
5475.0,8425.0,463.2,51616.0,MAFIC_VOLCANIC,1
5525.0,8425.0,465.8,51630.0,MAFIC_VOLCANIC,1
5575.0,8425.0,468.0,51664.0,MAFIC_VOLCANIC,1
5625.0,8425.0,469.7,51716.0,MAFIC_VOLCANIC,1
5675.0,8425.0,471.1,51784.0,MAFIC_VOLCANIC,1
5725.0,8425.0,472.1,51862.0,MAFIC_VOLCANIC,1
5775.0,8425.0,472.7,51944.0,MAFIC_VOLCANIC,1
5825.0,8425.0,473.0,52024.0,MAFIC_VOLCANIC,1
5875.0,8425.0,472.8,52097.0,FELSIC_VOLCANIC,1
5925.0,8425.0,472.4,52161.0,FELSIC_VOLCANIC,1
5975.0,8425.0,471.5,52212.0,FELSIC_VOLCANIC,1
6025.0,8425.0,470.4,52250.0,FELSIC_VOLCANIC,1
6075.0,8425.0,468.9,52273.0,FELSIC_VOLCANIC,1
6125.0,8425.0,467.2,52281.0,GRANITE,1
6175.0,8425.0,465.2,52275.0,GRANITE,1
6225.0,8425.0,462.9,52256.0,GRANITE,1
6275.0,8425.0,460.5,52227.0,GRANITE,1
6325.0,8425.0,457.8,52192.0,GRANITE,1
6375.0,8425.0,455.0,52154.0,GRANITE,1
6425.0,8425.0,452.0,52117.0,GRANITE,1
6475.0,8425.0,449.0,52083.0,GRANITE,1
6525.0,8425.0,445.8,52053.0,GRANITE,1
6575.0,8425.0,442.6,52028.0,GRANITE,1
6625.0,8425.0,439.4,52006.0,GRANITE,1
6675.0,8425.0,436.1,51985.0,GRANITE,1
6725.0,8425.0,432.8,51965.0,GRANITE,1
6775.0,8425.0,429.6,51945.0,GRANITE,1
6825.0,8425.0,426.4,51929.0,GRANITE,1
6875.0,8425.0,423.3,51917.0,GRANITE,1
6925.0,8425.0,420.3,51913.0,GRANITE,1
6975.0,8425.0,417.5,51919.0,GRANITE,1
7025.0,8425.0,414.7,51936.0,GRANITE,1
7075.0,8425.0,412.1,51959.0,GRANITE,1
7125.0,8425.0,409.6,51987.0,GRANITE,1
7175.0,8425.0,407.3,52013.0,GRANITE,1
7225.0,8425.0,405.2,52032.0,GRANITE,1
7275.0,8425.0,403.2,52040.0,GRANITE,1
7325.0,8425.0,401.5,52035.0,FELSIC_VOLCANIC,1
7375.0,8425.0,399.9,52018.0,FELSIC_VOLCANIC,1
7425.0,8425.0,398.5,51991.0,FELSIC_VOLCANIC,1
7475.0,8425.0,397.4,51959.0,FELSIC_VOLCANIC,1
7525.0,8425.0,396.4,51925.0,FELSIC_VOLCANIC,1
7575.0,8425.0,395.6,51892.0,FELSIC_VOLCANIC,1
7625.0,8425.0,395.1,51862.0,FELSIC_VOLCANIC,1
7675.0,8425.0,394.7,51836.0,MAFIC_VOLCANIC,1
7725.0,8425.0,394.5,51815.0,MAFIC_VOLCANIC,1
7775.0,8425.0,394.4,51797.0,MAFIC_VOLCANIC,1
7825.0,8425.0,394.5,51784.0,MAFIC_VOLCANIC,1
7875.0,8425.0,394.8,51777.0,MAFIC_VOLCANIC,1
7925.0,8425.0,395.2,51777.0,MAFIC_VOLCANIC,1
7975.0,8425.0,395.8,51786.0,MAFIC_VOLCANIC,1
8025.0,8425.0,396.5,51805.0,MAFIC_VOLCANIC,1
8075.0,8425.0,397.2,51832.0,MAFIC_VOLCANIC,1
8125.0,8425.0,398.1,51865.0,MAFIC_VOLCANIC,1
8175.0,8425.0,399.0,51901.0,MAFIC_VOLCANIC,1
8225.0,8425.0,400.0,51938.0,MAFIC_VOLCANIC,1
8275.0,8425.0,401.0,51972.0,MAFIC_VOLCANIC,1
8325.0,8425.0,402.1,52003.0,METASEDIMENT,1
8375.0,8425.0,403.1,52031.0,METASEDIMENT,1
8425.0,8425.0,404.2,52057.0,METASEDIMENT,1
8475.0,8425.0,405.2,52083.0,METASEDIMENT,1
8525.0,8425.0,406.3,52109.0,METASEDIMENT,1
8575.0,8425.0,407.2,52136.0,METASEDIMENT,1
8625.0,8425.0,408.1,52162.0,METASEDIMENT,1
8675.0,8425.0,408.9,52186.0,METASEDIMENT,1
8725.0,8425.0,409.7,52206.0,METASEDIMENT,1
8775.0,8425.0,410.3,52221.0,METASEDIMENT,1
8825.0,8425.0,410.9,52232.0,METASEDIMENT,1
8875.0,8425.0,411.3,52239.0,METASEDIMENT,1
8925.0,8425.0,411.6,52246.0,METASEDIMENT,0
8975.0,8425.0,411.8,52254.0,METASEDIMENT,0
3025.0,8475.0,378.0,51884.0,METASEDIMENT,0
3075.0,8475.0,373.8,51874.0,METASEDIMENT,0
3125.0,8475.0,369.6,51884.0,METASEDIMENT,1
3175.0,8475.0,365.3,51912.0,METASEDIMENT,1
3225.0,8475.0,361.0,51955.0,METASEDIMENT,1
3275.0,8475.0,356.8,52006.0,METASEDIMENT,1
3325.0,8475.0,352.8,52055.0,METASEDIMENT,1
3375.0,8475.0,348.8,52097.0,METASEDIMENT,1
3425.0,8475.0,345.1,52124.0,METASEDIMENT,1
3475.0,8475.0,341.6,52133.0,METASEDIMENT,1
3525.0,8475.0,338.4,52123.0,METASEDIMENT,1
3575.0,8475.0,335.6,52094.0,METASEDIMENT,1
3625.0,8475.0,333.0,52051.0,METASEDIMENT,1
3675.0,8475.0,330.9,51998.0,METASEDIMENT,1
3725.0,8475.0,329.2,51942.0,METASEDIMENT,1
3775.0,8475.0,327.9,51888.0,METASEDIMENT,1
3825.0,8475.0,327.0,51842.0,METASEDIMENT,1
3875.0,8475.0,326.7,51807.0,METASEDIMENT,1
3925.0,8475.0,326.8,51786.0,METASEDIMENT,1
3975.0,8475.0,327.4,51780.0,METASEDIMENT,1
4025.0,8475.0,328.5,51786.0,METASEDIMENT,1
4075.0,8475.0,330.0,51805.0,METASEDIMENT,1
4125.0,8475.0,332.1,51832.0,METASEDIMENT,1
4175.0,8475.0,334.6,51866.0,METASEDIMENT,1
4225.0,8475.0,337.6,51903.0,METASEDIMENT,1
4275.0,8475.0,340.9,51943.0,METASEDIMENT,1
4325.0,8475.0,344.7,51984.0,METASEDIMENT,1
4375.0,8475.0,348.9,52023.0,METASEDIMENT,1
4425.0,8475.0,353.4,52059.0,METASEDIMENT,1
4475.0,8475.0,358.2,52088.0,METASEDIMENT,1
4525.0,8475.0,363.3,52109.0,METASEDIMENT,1
4575.0,8475.0,368.7,52117.0,METASEDIMENT,1
4625.0,8475.0,374.2,52111.0,METASEDIMENT,1
4675.0,8475.0,379.9,52089.0,METASEDIMENT,1
4725.0,8475.0,385.7,52053.0,METASEDIMENT,1
4775.0,8475.0,391.5,52007.0,MAFIC_VOLCANIC,1
4825.0,8475.0,397.4,51956.0,MAFIC_VOLCANIC,1
4875.0,8475.0,403.3,51904.0,MAFIC_VOLCANIC,1
4925.0,8475.0,409.1,51859.0,MAFIC_VOLCANIC,1
4975.0,8475.0,414.8,51821.0,MAFIC_VOLCANIC,1
5025.0,8475.0,420.4,51794.0,MAFIC_VOLCANIC,1
5075.0,8475.0,425.8,51774.0,FELSIC_VOLCANIC,1
5125.0,8475.0,431.0,51759.0,FELSIC_VOLCANIC,1
5175.0,8475.0,435.9,51743.0,MAFIC_VOLCANIC,1
5225.0,8475.0,440.6,51724.0,MAFIC_VOLCANIC,1
5275.0,8475.0,445.0,51698.0,MAFIC_VOLCANIC,1
5325.0,8475.0,449.1,51669.0,MAFIC_VOLCANIC,1
5375.0,8475.0,452.8,51639.0,MAFIC_VOLCANIC,1
5425.0,8475.0,456.2,51615.0,MAFIC_VOLCANIC,1
5475.0,8475.0,459.2,51603.0,MAFIC_VOLCANIC,1
5525.0,8475.0,461.8,51608.0,MAFIC_VOLCANIC,1
5575.0,8475.0,464.0,51633.0,MAFIC_VOLCANIC,1
5625.0,8475.0,465.9,51679.0,MAFIC_VOLCANIC,1
5675.0,8475.0,467.3,51743.0,MAFIC_VOLCANIC,1
5725.0,8475.0,468.3,51819.0,MAFIC_VOLCANIC,1
5775.0,8475.0,469.0,51903.0,MAFIC_VOLCANIC,1
5825.0,8475.0,469.2,51989.0,MAFIC_VOLCANIC,1
5875.0,8475.0,469.1,52069.0,MAFIC_VOLCANIC,1
5925.0,8475.0,468.7,52141.0,FELSIC_VOLCANIC,1
5975.0,8475.0,467.8,52201.0,FELSIC_VOLCANIC,1
6025.0,8475.0,466.7,52248.0,FELSIC_VOLCANIC,1
6075.0,8475.0,465.2,52280.0,FELSIC_VOLCANIC,1
6125.0,8475.0,463.5,52296.0,FELSIC_VOLCANIC,1
6175.0,8475.0,461.5,52297.0,GRANITE,1
6225.0,8475.0,459.2,52284.0,GRANITE,1
6275.0,8475.0,456.7,52260.0,GRANITE,1
6325.0,8475.0,454.1,52226.0,GRANITE,1
6375.0,8475.0,451.2,52188.0,GRANITE,1
6425.0,8475.0,448.2,52148.0,GRANITE,1
6475.0,8475.0,445.1,52110.0,GRANITE,1
6525.0,8475.0,441.9,52076.0,GRANITE,1
6575.0,8475.0,438.6,52046.0,GRANITE,1
6625.0,8475.0,435.3,52020.0,GRANITE,1
6675.0,8475.0,432.0,51995.0,GRANITE,1
6725.0,8475.0,428.7,51971.0,GRANITE,1
6775.0,8475.0,425.4,51949.0,GRANITE,1
6825.0,8475.0,422.2,51928.0,GRANITE,1
6875.0,8475.0,419.0,51912.0,GRANITE,1
6925.0,8475.0,415.9,51904.0,GRANITE,1
6975.0,8475.0,412.9,51907.0,GRANITE,1
7025.0,8475.0,410.1,51920.0,GRANITE,1
7075.0,8475.0,407.4,51943.0,GRANITE,1
7125.0,8475.0,404.8,51973.0,GRANITE,1
7175.0,8475.0,402.4,52004.0,GRANITE,1
7225.0,8475.0,400.2,52030.0,GRANITE,1
7275.0,8475.0,398.2,52048.0,GRANITE,1
7325.0,8475.0,396.3,52052.0,GRANITE,1
7375.0,8475.0,394.7,52044.0,FELSIC_VOLCANIC,1
7425.0,8475.0,393.2,52025.0,FELSIC_VOLCANIC,1
7475.0,8475.0,392.0,51997.0,FELSIC_VOLCANIC,1
7525.0,8475.0,391.0,51965.0,FELSIC_VOLCANIC,1
7575.0,8475.0,390.1,51932.0,FELSIC_VOLCANIC,1
7625.0,8475.0,389.5,51901.0,FELSIC_VOLCANIC,1
7675.0,8475.0,389.0,51871.0,FELSIC_VOLCANIC,1
7725.0,8475.0,388.8,51845.0,MAFIC_VOLCANIC,1
7775.0,8475.0,388.7,51821.0,MAFIC_VOLCANIC,1
7825.0,8475.0,388.8,51801.0,MAFIC_VOLCANIC,1
7875.0,8475.0,389.1,51786.0,MAFIC_VOLCANIC,1
7925.0,8475.0,389.5,51778.0,MAFIC_VOLCANIC,1
7975.0,8475.0,390.1,51779.0,MAFIC_VOLCANIC,1
8025.0,8475.0,390.8,51790.0,MAFIC_VOLCANIC,1
8075.0,8475.0,391.6,51811.0,MAFIC_VOLCANIC,1
8125.0,8475.0,392.5,51840.0,MAFIC_VOLCANIC,1
8175.0,8475.0,393.5,51874.0,MAFIC_VOLCANIC,1
8225.0,8475.0,394.5,51911.0,MAFIC_VOLCANIC,1
8275.0,8475.0,395.7,51946.0,MAFIC_VOLCANIC,1
8325.0,8475.0,396.8,51978.0,MAFIC_VOLCANIC,1
8375.0,8475.0,398.0,52007.0,METASEDIMENT,1
8425.0,8475.0,399.2,52033.0,METASEDIMENT,1
8475.0,8475.0,400.4,52058.0,METASEDIMENT,1
8525.0,8475.0,401.5,52084.0,METASEDIMENT,1
8575.0,8475.0,402.6,52112.0,METASEDIMENT,1
8625.0,8475.0,403.7,52141.0,METASEDIMENT,1
8675.0,8475.0,404.7,52170.0,METASEDIMENT,1
8725.0,8475.0,405.6,52197.0,METASEDIMENT,1
8775.0,8475.0,406.4,52219.0,METASEDIMENT,1
8825.0,8475.0,407.2,52236.0,METASEDIMENT,1
8875.0,8475.0,407.8,52250.0,METASEDIMENT,1
8925.0,8475.0,408.3,52260.0,METASEDIMENT,1
8975.0,8475.0,408.7,52270.0,METASEDIMENT,0
3025.0,8525.0,370.8,51908.0,METASEDIMENT,0
3075.0,8525.0,366.4,51891.0,METASEDIMENT,0
3125.0,8525.0,362.0,51894.0,METASEDIMENT,1
3175.0,8525.0,357.6,51917.0,METASEDIMENT,1
3225.0,8525.0,353.2,51956.0,METASEDIMENT,1
3275.0,8525.0,348.9,52006.0,METASEDIMENT,1
3325.0,8525.0,344.7,52060.0,METASEDIMENT,1
3375.0,8525.0,340.8,52110.0,METASEDIMENT,1
3425.0,8525.0,337.0,52149.0,METASEDIMENT,1
3475.0,8525.0,333.5,52172.0,METASEDIMENT,1
3525.0,8525.0,330.3,52176.0,METASEDIMENT,1
3575.0,8525.0,327.4,52159.0,METASEDIMENT,1
3625.0,8525.0,324.9,52125.0,METASEDIMENT,1
3675.0,8525.0,322.8,52076.0,METASEDIMENT,1
3725.0,8525.0,321.1,52018.0,METASEDIMENT,1
3775.0,8525.0,319.9,51958.0,METASEDIMENT,1
3825.0,8525.0,319.2,51901.0,METASEDIMENT,1
3875.0,8525.0,318.9,51854.0,METASEDIMENT,1
3925.0,8525.0,319.1,51819.0,METASEDIMENT,1
3975.0,8525.0,319.8,51800.0,METASEDIMENT,1
4025.0,8525.0,321.1,51797.0,METASEDIMENT,1
4075.0,8525.0,322.8,51808.0,METASEDIMENT,1
4125.0,8525.0,324.9,51831.0,METASEDIMENT,1
4175.0,8525.0,327.6,51862.0,METASEDIMENT,1
4225.0,8525.0,330.7,51900.0,METASEDIMENT,1
4275.0,8525.0,334.3,51941.0,METASEDIMENT,1
4325.0,8525.0,338.2,51983.0,METASEDIMENT,1
4375.0,8525.0,342.5,52025.0,METASEDIMENT,1
4425.0,8525.0,347.2,52063.0,METASEDIMENT,1
4475.0,8525.0,352.2,52095.0,METASEDIMENT,1
4525.0,8525.0,357.4,52119.0,METASEDIMENT,1
4575.0,8525.0,362.9,52131.0,METASEDIMENT,1
4625.0,8525.0,368.6,52128.0,METASEDIMENT,1
4675.0,8525.0,374.4,52110.0,METASEDIMENT,1
4725.0,8525.0,380.3,52076.0,METASEDIMENT,1
4775.0,8525.0,386.3,52030.0,MAFIC_VOLCANIC,1
4825.0,8525.0,392.3,51977.0,MAFIC_VOLCANIC,1
4875.0,8525.0,398.3,51921.0,MAFIC_VOLCANIC,1
4925.0,8525.0,404.3,51870.0,MAFIC_VOLCANIC,1
4975.0,8525.0,410.1,51828.0,MAFIC_VOLCANIC,1
5025.0,8525.0,415.8,51796.0,MAFIC_VOLCANIC,1
5075.0,8525.0,421.3,51774.0,MAFIC_VOLCANIC,1
5125.0,8525.0,426.6,51759.0,FELSIC_VOLCANIC,1
5175.0,8525.0,431.6,51745.0,FELSIC_VOLCANIC,1
5225.0,8525.0,436.4,51728.0,MAFIC_VOLCANIC,1
5275.0,8525.0,440.9,51706.0,MAFIC_VOLCANIC,1
5325.0,8525.0,445.0,51678.0,MAFIC_VOLCANIC,1
5375.0,8525.0,448.8,51647.0,MAFIC_VOLCANIC,1
5425.0,8525.0,452.2,51618.0,MAFIC_VOLCANIC,1
5475.0,8525.0,455.3,51598.0,MAFIC_VOLCANIC,1
5525.0,8525.0,458.0,51594.0,MAFIC_VOLCANIC,1
5575.0,8525.0,460.2,51610.0,MAFIC_VOLCANIC,1
5625.0,8525.0,462.1,51647.0,MAFIC_VOLCANIC,1
5675.0,8525.0,463.6,51704.0,MAFIC_VOLCANIC,1
5725.0,8525.0,464.6,51778.0,MAFIC_VOLCANIC,1
5775.0,8525.0,465.3,51861.0,MAFIC_VOLCANIC,1
5825.0,8525.0,465.6,51949.0,MAFIC_VOLCANIC,1
5875.0,8525.0,465.5,52035.0,MAFIC_VOLCANIC,1
5925.0,8525.0,465.0,52114.0,FELSIC_VOLCANIC,1
5975.0,8525.0,464.2,52182.0,FELSIC_VOLCANIC,1
6025.0,8525.0,463.1,52238.0,FELSIC_VOLCANIC,1
6075.0,8525.0,461.6,52278.0,FELSIC_VOLCANIC,1
6125.0,8525.0,459.9,52303.0,FELSIC_VOLCANIC,1
6175.0,8525.0,457.9,52312.0,GRANITE,1
6225.0,8525.0,455.6,52306.0,GRANITE,1
6275.0,8525.0,453.1,52286.0,GRANITE,1
6325.0,8525.0,450.4,52256.0,GRANITE,1
6375.0,8525.0,447.5,52218.0,GRANITE,1
6425.0,8525.0,444.5,52178.0,GRANITE,1
6475.0,8525.0,441.4,52137.0,GRANITE,1
6525.0,8525.0,438.1,52099.0,GRANITE,1
6575.0,8525.0,434.8,52064.0,GRANITE,1
6625.0,8525.0,431.5,52033.0,GRANITE,1
6675.0,8525.0,428.1,52005.0,GRANITE,1
6725.0,8525.0,424.7,51978.0,GRANITE,1
6775.0,8525.0,421.3,51952.0,GRANITE,1
6825.0,8525.0,418.0,51927.0,GRANITE,1
6875.0,8525.0,414.8,51907.0,GRANITE,1
6925.0,8525.0,411.6,51895.0,GRANITE,1
6975.0,8525.0,408.5,51892.0,GRANITE,1
7025.0,8525.0,405.6,51902.0,GRANITE,1
7075.0,8525.0,402.8,51923.0,GRANITE,1
7125.0,8525.0,400.2,51954.0,GRANITE,1
7175.0,8525.0,397.7,51989.0,GRANITE,1
7225.0,8525.0,395.4,52022.0,GRANITE,1
7275.0,8525.0,393.3,52048.0,GRANITE,1
7325.0,8525.0,391.3,52063.0,GRANITE,1
7375.0,8525.0,389.6,52065.0,FELSIC_VOLCANIC,1
7425.0,8525.0,388.1,52055.0,FELSIC_VOLCANIC,1
7475.0,8525.0,386.8,52034.0,FELSIC_VOLCANIC,1
7525.0,8525.0,385.7,52007.0,FELSIC_VOLCANIC,1
7575.0,8525.0,384.8,51976.0,FELSIC_VOLCANIC,1
7625.0,8525.0,384.1,51945.0,FELSIC_VOLCANIC,1
7675.0,8525.0,383.6,51914.0,FELSIC_VOLCANIC,1
7725.0,8525.0,383.3,51885.0,MAFIC_VOLCANIC,1
7775.0,8525.0,383.2,51857.0,MAFIC_VOLCANIC,1
7825.0,8525.0,383.3,51831.0,MAFIC_VOLCANIC,1
7875.0,8525.0,383.5,51809.0,MAFIC_VOLCANIC,1
7925.0,8525.0,384.0,51793.0,MAFIC_VOLCANIC,1
7975.0,8525.0,384.5,51785.0,MAFIC_VOLCANIC,1
8025.0,8525.0,385.2,51787.0,MAFIC_VOLCANIC,1
8075.0,8525.0,386.1,51800.0,MAFIC_VOLCANIC,1
8125.0,8525.0,387.1,51823.0,MAFIC_VOLCANIC,1
8175.0,8525.0,388.1,51853.0,MAFIC_VOLCANIC,1
8225.0,8525.0,389.2,51888.0,MAFIC_VOLCANIC,1
8275.0,8525.0,390.4,51922.0,MAFIC_VOLCANIC,1
8325.0,8525.0,391.7,51955.0,MAFIC_VOLCANIC,1
8375.0,8525.0,393.0,51983.0,MAFIC_VOLCANIC,1
8425.0,8525.0,394.3,52009.0,METASEDIMENT,1
8475.0,8525.0,395.6,52034.0,METASEDIMENT,1
8525.0,8525.0,396.9,52059.0,METASEDIMENT,1
8575.0,8525.0,398.2,52086.0,METASEDIMENT,1
8625.0,8525.0,399.4,52116.0,METASEDIMENT,1
8675.0,8525.0,400.6,52147.0,METASEDIMENT,1
8725.0,8525.0,401.7,52178.0,METASEDIMENT,1
8775.0,8525.0,402.7,52207.0,METASEDIMENT,1
8825.0,8525.0,403.6,52231.0,METASEDIMENT,1
8875.0,8525.0,404.4,52251.0,METASEDIMENT,1
8925.0,8525.0,405.2,52266.0,METASEDIMENT,1
8975.0,8525.0,405.8,52279.0,METASEDIMENT,0
3025.0,8575.0,363.9,51936.0,METASEDIMENT,0
3075.0,8575.0,359.4,51915.0,METASEDIMENT,1
3125.0,8575.0,354.8,51912.0,METASEDIMENT,1
3175.0,8575.0,350.3,51928.0,METASEDIMENT,1
3225.0,8575.0,345.8,51962.0,METASEDIMENT,1
3275.0,8575.0,341.4,52009.0,METASEDIMENT,1
3325.0,8575.0,337.2,52064.0,METASEDIMENT,1
3375.0,8575.0,333.1,52119.0,METASEDIMENT,1
3425.0,8575.0,329.3,52167.0,METASEDIMENT,1
3475.0,8575.0,325.8,52203.0,METASEDIMENT,1
3525.0,8575.0,322.6,52220.0,METASEDIMENT,1
3575.0,8575.0,319.7,52218.0,METASEDIMENT,1
3625.0,8575.0,317.3,52195.0,METASEDIMENT,1
3675.0,8575.0,315.2,52154.0,METASEDIMENT,1
3725.0,8575.0,313.6,52099.0,METASEDIMENT,1
3775.0,8575.0,312.5,52036.0,METASEDIMENT,1
3825.0,8575.0,311.8,51972.0,METASEDIMENT,1
3875.0,8575.0,311.6,51913.0,METASEDIMENT,1
3925.0,8575.0,311.9,51865.0,METASEDIMENT,1
3975.0,8575.0,312.8,51833.0,METASEDIMENT,1
4025.0,8575.0,314.1,51817.0,METASEDIMENT,1
4075.0,8575.0,315.9,51819.0,METASEDIMENT,1
4125.0,8575.0,318.2,51835.0,METASEDIMENT,1
4175.0,8575.0,321.0,51863.0,METASEDIMENT,1
4225.0,8575.0,324.3,51900.0,METASEDIMENT,1
4275.0,8575.0,328.0,51941.0,METASEDIMENT,1
4325.0,8575.0,332.1,51985.0,METASEDIMENT,1
4375.0,8575.0,336.5,52028.0,METASEDIMENT,1
4425.0,8575.0,341.3,52069.0,METASEDIMENT,1
4475.0,8575.0,346.4,52104.0,METASEDIMENT,1
4525.0,8575.0,351.8,52131.0,METASEDIMENT,1
4575.0,8575.0,357.4,52146.0,METASEDIMENT,1
4625.0,8575.0,363.3,52147.0,METASEDIMENT,1
4675.0,8575.0,369.2,52132.0,METASEDIMENT,1
4725.0,8575.0,375.3,52101.0,METASEDIMENT,1
4775.0,8575.0,381.4,52055.0,METASEDIMENT,1
4825.0,8575.0,387.5,52000.0,MAFIC_VOLCANIC,1
4875.0,8575.0,393.6,51940.0,MAFIC_VOLCANIC,1
4925.0,8575.0,399.7,51884.0,MAFIC_VOLCANIC,1
4975.0,8575.0,405.6,51835.0,MAFIC_VOLCANIC,1
5025.0,8575.0,411.4,51798.0,MAFIC_VOLCANIC,1
5075.0,8575.0,417.0,51772.0,MAFIC_VOLCANIC,1
5125.0,8575.0,422.3,51756.0,FELSIC_VOLCANIC,1
5175.0,8575.0,427.5,51744.0,FELSIC_VOLCANIC,1
5225.0,8575.0,432.3,51731.0,MAFIC_VOLCANIC,1
5275.0,8575.0,436.9,51713.0,MAFIC_VOLCANIC,1
5325.0,8575.0,441.1,51688.0,MAFIC_VOLCANIC,1
5375.0,8575.0,444.9,51658.0,MAFIC_VOLCANIC,1
5425.0,8575.0,448.4,51627.0,MAFIC_VOLCANIC,1
5475.0,8575.0,451.5,51602.0,MAFIC_VOLCANIC,1
5525.0,8575.0,454.2,51589.0,MAFIC_VOLCANIC,1
5575.0,8575.0,456.6,51595.0,MAFIC_VOLCANIC,1
5625.0,8575.0,458.5,51622.0,MAFIC_VOLCANIC,1
5675.0,8575.0,460.0,51670.0,MAFIC_VOLCANIC,1
5725.0,8575.0,461.1,51738.0,MAFIC_VOLCANIC,1
5775.0,8575.0,461.8,51819.0,MAFIC_VOLCANIC,1
5825.0,8575.0,462.1,51908.0,MAFIC_VOLCANIC,1
5875.0,8575.0,462.0,51997.0,MAFIC_VOLCANIC,1
5925.0,8575.0,461.6,52081.0,MAFIC_VOLCANIC,1
5975.0,8575.0,460.8,52156.0,FELSIC_VOLCANIC,1
6025.0,8575.0,459.6,52219.0,FELSIC_VOLCANIC,1
6075.0,8575.0,458.2,52268.0,FELSIC_VOLCANIC,1
6125.0,8575.0,456.4,52301.0,FELSIC_VOLCANIC,1
6175.0,8575.0,454.4,52317.0,GRANITE,1
6225.0,8575.0,452.1,52318.0,GRANITE,1
6275.0,8575.0,449.6,52305.0,GRANITE,1
6325.0,8575.0,446.9,52279.0,GRANITE,1
6375.0,8575.0,444.0,52244.0,GRANITE,1
6425.0,8575.0,441.0,52203.0,GRANITE,1
6475.0,8575.0,437.8,52161.0,GRANITE,1
6525.0,8575.0,434.5,52120.0,GRANITE,1
6575.0,8575.0,431.1,52082.0,GRANITE,1
6625.0,8575.0,427.7,52047.0,GRANITE,1
6675.0,8575.0,424.3,52014.0,GRANITE,1
6725.0,8575.0,420.9,51984.0,GRANITE,1
6775.0,8575.0,417.4,51954.0,GRANITE,1
6825.0,8575.0,414.0,51926.0,GRANITE,1
6875.0,8575.0,410.7,51902.0,GRANITE,1
6925.0,8575.0,407.5,51884.0,GRANITE,1
6975.0,8575.0,404.4,51877.0,GRANITE,1
7025.0,8575.0,401.3,51881.0,GRANITE,1
7075.0,8575.0,398.5,51900.0,GRANITE,1
7125.0,8575.0,395.7,51929.0,GRANITE,1
7175.0,8575.0,393.2,51967.0,GRANITE,1
7225.0,8575.0,390.8,52005.0,GRANITE,1
7275.0,8575.0,388.6,52040.0,GRANITE,1
7325.0,8575.0,386.6,52065.0,GRANITE,1
7375.0,8575.0,384.7,52078.0,FELSIC_VOLCANIC,1
7425.0,8575.0,383.1,52078.0,FELSIC_VOLCANIC,1
7475.0,8575.0,381.8,52066.0,FELSIC_VOLCANIC,1
7525.0,8575.0,380.6,52046.0,FELSIC_VOLCANIC,1
7575.0,8575.0,379.6,52020.0,FELSIC_VOLCANIC,1
7625.0,8575.0,378.9,51991.0,FELSIC_VOLCANIC,1
7675.0,8575.0,378.3,51962.0,FELSIC_VOLCANIC,1
7725.0,8575.0,378.0,51932.0,MAFIC_VOLCANIC,1
7775.0,8575.0,377.9,51902.0,MAFIC_VOLCANIC,1
7825.0,8575.0,377.9,51873.0,MAFIC_VOLCANIC,1
7875.0,8575.0,378.2,51845.0,MAFIC_VOLCANIC,1
7925.0,8575.0,378.6,51822.0,MAFIC_VOLCANIC,1
7975.0,8575.0,379.2,51805.0,MAFIC_VOLCANIC,1
8025.0,8575.0,379.9,51798.0,MAFIC_VOLCANIC,1
8075.0,8575.0,380.8,51801.0,MAFIC_VOLCANIC,1
8125.0,8575.0,381.8,51816.0,MAFIC_VOLCANIC,1
8175.0,8575.0,382.9,51840.0,MAFIC_VOLCANIC,1
8225.0,8575.0,384.1,51870.0,MAFIC_VOLCANIC,1
8275.0,8575.0,385.4,51903.0,MAFIC_VOLCANIC,1
8325.0,8575.0,386.8,51934.0,MAFIC_VOLCANIC,1
8375.0,8575.0,388.2,51963.0,MAFIC_VOLCANIC,1
8425.0,8575.0,389.6,51987.0,MAFIC_VOLCANIC,1
8475.0,8575.0,391.0,52010.0,METASEDIMENT,1
8525.0,8575.0,392.5,52033.0,METASEDIMENT,1
8575.0,8575.0,393.9,52059.0,METASEDIMENT,1
8625.0,8575.0,395.3,52087.0,METASEDIMENT,1
8675.0,8575.0,396.6,52120.0,METASEDIMENT,1
8725.0,8575.0,397.9,52154.0,METASEDIMENT,1
8775.0,8575.0,399.1,52187.0,METASEDIMENT,1
8825.0,8575.0,400.2,52217.0,METASEDIMENT,1
8875.0,8575.0,401.2,52243.0,METASEDIMENT,1
8925.0,8575.0,402.1,52264.0,METASEDIMENT,1
8975.0,8575.0,403.0,52280.0,METASEDIMENT,1
3025.0,8625.0,357.5,51968.0,METASEDIMENT,0
3075.0,8625.0,352.8,51944.0,METASEDIMENT,1
3125.0,8625.0,348.1,51935.0,METASEDIMENT,1
3175.0,8625.0,343.4,51945.0,METASEDIMENT,1
3225.0,8625.0,338.9,51973.0,METASEDIMENT,1
3275.0,8625.0,334.4,52016.0,METASEDIMENT,1
3325.0,8625.0,330.1,52068.0,METASEDIMENT,1
3375.0,8625.0,326.0,52125.0,METASEDIMENT,1
3425.0,8625.0,322.2,52180.0,METASEDIMENT,1
3475.0,8625.0,318.6,52225.0,METASEDIMENT,1
3525.0,8625.0,315.4,52255.0,METASEDIMENT,1
3575.0,8625.0,312.6,52266.0,METASEDIMENT,1
3625.0,8625.0,310.2,52257.0,METASEDIMENT,1
3675.0,8625.0,308.1,52226.0,METASEDIMENT,1
3725.0,8625.0,306.6,52178.0,METASEDIMENT,1
3775.0,8625.0,305.5,52117.0,METASEDIMENT,1
3825.0,8625.0,304.9,52049.0,METASEDIMENT,1
3875.0,8625.0,304.8,51982.0,METASEDIMENT,1
3925.0,8625.0,305.3,51923.0,METASEDIMENT,1
3975.0,8625.0,306.2,51877.0,METASEDIMENT,1
4025.0,8625.0,307.6,51848.0,METASEDIMENT,1
4075.0,8625.0,309.6,51838.0,METASEDIMENT,1
4125.0,8625.0,312.0,51845.0,METASEDIMENT,1
4175.0,8625.0,314.9,51868.0,METASEDIMENT,1
4225.0,8625.0,318.3,51902.0,METASEDIMENT,1
4275.0,8625.0,322.1,51943.0,METASEDIMENT,1
4325.0,8625.0,326.3,51988.0,METASEDIMENT,1
4375.0,8625.0,330.9,52033.0,METASEDIMENT,1
4425.0,8625.0,335.9,52076.0,METASEDIMENT,1
4475.0,8625.0,341.1,52114.0,METASEDIMENT,1
4525.0,8625.0,346.6,52144.0,METASEDIMENT,1
4575.0,8625.0,352.4,52163.0,METASEDIMENT,1
4625.0,8625.0,358.3,52168.0,METASEDIMENT,1
4675.0,8625.0,364.4,52157.0,METASEDIMENT,1
4725.0,8625.0,370.5,52128.0,METASEDIMENT,1
4775.0,8625.0,376.8,52083.0,METASEDIMENT,1
4825.0,8625.0,383.0,52026.0,METASEDIMENT,1
4875.0,8625.0,389.2,51963.0,MAFIC_VOLCANIC,1
4925.0,8625.0,395.3,51901.0,MAFIC_VOLCANIC,1
4975.0,8625.0,401.3,51845.0,MAFIC_VOLCANIC,1
5025.0,8625.0,407.2,51801.0,MAFIC_VOLCANIC,1
5075.0,8625.0,412.9,51771.0,MAFIC_VOLCANIC,1
5125.0,8625.0,418.3,51752.0,MAFIC_VOLCANIC,1
5175.0,8625.0,423.5,51741.0,FELSIC_VOLCANIC,1
5225.0,8625.0,428.4,51731.0,FELSIC_VOLCANIC,1
5275.0,8625.0,433.0,51718.0,MAFIC_VOLCANIC,1
5325.0,8625.0,437.3,51698.0,MAFIC_VOLCANIC,1
5375.0,8625.0,441.2,51672.0,MAFIC_VOLCANIC,1
5425.0,8625.0,444.8,51641.0,MAFIC_VOLCANIC,1
5475.0,8625.0,447.9,51612.0,MAFIC_VOLCANIC,1
5525.0,8625.0,450.7,51592.0,MAFIC_VOLCANIC,1
5575.0,8625.0,453.0,51588.0,MAFIC_VOLCANIC,1
5625.0,8625.0,455.0,51605.0,MAFIC_VOLCANIC,1
5675.0,8625.0,456.5,51644.0,MAFIC_VOLCANIC,1
5725.0,8625.0,457.6,51703.0,MAFIC_VOLCANIC,1
5775.0,8625.0,458.4,51779.0,MAFIC_VOLCANIC,1
5825.0,8625.0,458.7,51866.0,MAFIC_VOLCANIC,1
5875.0,8625.0,458.6,51956.0,MAFIC_VOLCANIC,1
5925.0,8625.0,458.2,52044.0,MAFIC_VOLCANIC,1
5975.0,8625.0,457.4,52124.0,FELSIC_VOLCANIC,1
6025.0,8625.0,456.3,52193.0,FELSIC_VOLCANIC,1
6075.0,8625.0,454.9,52249.0,FELSIC_VOLCANIC,1
6125.0,8625.0,453.1,52290.0,FELSIC_VOLCANIC,1
6175.0,8625.0,451.1,52314.0,FELSIC_VOLCANIC,1
6225.0,8625.0,448.8,52323.0,GRANITE,1
6275.0,8625.0,446.3,52316.0,GRANITE,1
6325.0,8625.0,443.6,52295.0,GRANITE,1
6375.0,8625.0,440.6,52263.0,GRANITE,1
6425.0,8625.0,437.6,52224.0,GRANITE,1
6475.0,8625.0,434.4,52182.0,GRANITE,1
6525.0,8625.0,431.1,52139.0,GRANITE,1
6575.0,8625.0,427.7,52098.0,GRANITE,1
6625.0,8625.0,424.2,52059.0,GRANITE,1
6675.0,8625.0,420.7,52024.0,GRANITE,1
6725.0,8625.0,417.2,51990.0,GRANITE,1
6775.0,8625.0,413.7,51957.0,GRANITE,1
6825.0,8625.0,410.3,51925.0,GRANITE,1
6875.0,8625.0,406.9,51897.0,GRANITE,1
6925.0,8625.0,403.6,51874.0,GRANITE,1
6975.0,8625.0,400.4,51860.0,GRANITE,1
7025.0,8625.0,397.3,51860.0,GRANITE,1
7075.0,8625.0,394.3,51873.0,GRANITE,1
7125.0,8625.0,391.5,51900.0,GRANITE,1
7175.0,8625.0,388.9,51938.0,GRANITE,1
7225.0,8625.0,386.4,51981.0,GRANITE,1
7275.0,8625.0,384.1,52023.0,GRANITE,1
7325.0,8625.0,382.0,52058.0,GRANITE,1
7375.0,8625.0,380.1,52082.0,FELSIC_VOLCANIC,1
7425.0,8625.0,378.4,52093.0,FELSIC_VOLCANIC,1
7475.0,8625.0,377.0,52091.0,FELSIC_VOLCANIC,1
7525.0,8625.0,375.7,52079.0,FELSIC_VOLCANIC,1
7575.0,8625.0,374.7,52060.0,FELSIC_VOLCANIC,1
7625.0,8625.0,373.9,52036.0,FELSIC_VOLCANIC,1
7675.0,8625.0,373.3,52010.0,FELSIC_VOLCANIC,1
7725.0,8625.0,372.9,51981.0,FELSIC_VOLCANIC,1
7775.0,8625.0,372.8,51952.0,MAFIC_VOLCANIC,1
7825.0,8625.0,372.8,51921.0,MAFIC_VOLCANIC,1
7875.0,8625.0,373.0,51890.0,MAFIC_VOLCANIC,1
7925.0,8625.0,373.5,51861.0,MAFIC_VOLCANIC,1
7975.0,8625.0,374.1,51837.0,MAFIC_VOLCANIC,1
8025.0,8625.0,374.8,51820.0,MAFIC_VOLCANIC,1
8075.0,8625.0,375.7,51814.0,MAFIC_VOLCANIC,1
8125.0,8625.0,376.8,51820.0,MAFIC_VOLCANIC,1
8175.0,8625.0,377.9,51836.0,MAFIC_VOLCANIC,1
8225.0,8625.0,379.2,51861.0,MAFIC_VOLCANIC,1
8275.0,8625.0,380.6,51889.0,MAFIC_VOLCANIC,1
8325.0,8625.0,382.0,51919.0,MAFIC_VOLCANIC,1
8375.0,8625.0,383.5,51946.0,MAFIC_VOLCANIC,1
8425.0,8625.0,385.1,51969.0,MAFIC_VOLCANIC,1
8475.0,8625.0,386.7,51991.0,MAFIC_VOLCANIC,1
8525.0,8625.0,388.2,52011.0,MAFIC_VOLCANIC,1
8575.0,8625.0,389.8,52033.0,METASEDIMENT,1
8625.0,8625.0,391.3,52059.0,METASEDIMENT,1
8675.0,8625.0,392.8,52090.0,METASEDIMENT,1
8725.0,8625.0,394.3,52125.0,METASEDIMENT,1
8775.0,8625.0,395.7,52161.0,METASEDIMENT,1
8825.0,8625.0,397.0,52195.0,METASEDIMENT,1
8875.0,8625.0,398.2,52227.0,METASEDIMENT,1
8925.0,8625.0,399.3,52253.0,METASEDIMENT,1
8975.0,8625.0,400.3,52274.0,METASEDIMENT,1
3025.0,8675.0,351.5,52000.0,METASEDIMENT,1
3075.0,8675.0,346.7,51974.0,METASEDIMENT,1
3125.0,8675.0,341.9,51962.0,METASEDIMENT,1
3175.0,8675.0,337.1,51967.0,METASEDIMENT,1
3225.0,8675.0,332.5,51989.0,METASEDIMENT,1
3275.0,8675.0,327.9,52026.0,METASEDIMENT,1
3325.0,8675.0,323.6,52075.0,METASEDIMENT,1
3375.0,8675.0,319.4,52131.0,METASEDIMENT,1
3425.0,8675.0,315.6,52188.0,METASEDIMENT,1
3475.0,8675.0,312.0,52240.0,METASEDIMENT,1
3525.0,8675.0,308.8,52280.0,METASEDIMENT,1
3575.0,8675.0,306.0,52304.0,METASEDIMENT,1
3625.0,8675.0,303.6,52308.0,METASEDIMENT,1
3675.0,8675.0,301.6,52290.0,METASEDIMENT,1
3725.0,8675.0,300.1,52252.0,METASEDIMENT,1
3775.0,8675.0,299.1,52196.0,METASEDIMENT,1
3825.0,8675.0,298.6,52129.0,METASEDIMENT,1
3875.0,8675.0,298.6,52057.0,METASEDIMENT,1
3925.0,8675.0,299.1,51989.0,METASEDIMENT,1
3975.0,8675.0,300.2,51931.0,METASEDIMENT,1
4025.0,8675.0,301.7,51889.0,METASEDIMENT,1
4075.0,8675.0,303.8,51866.0,METASEDIMENT,1
4125.0,8675.0,306.3,51863.0,METASEDIMENT,1
4175.0,8675.0,309.3,51877.0,METASEDIMENT,1
4225.0,8675.0,312.8,51907.0,METASEDIMENT,1
4275.0,8675.0,316.8,51946.0,METASEDIMENT,1
4325.0,8675.0,321.1,51991.0,METASEDIMENT,1
4375.0,8675.0,325.8,52039.0,METASEDIMENT,1
4425.0,8675.0,330.9,52085.0,METASEDIMENT,1
4475.0,8675.0,336.2,52126.0,METASEDIMENT,1
4525.0,8675.0,341.8,52159.0,METASEDIMENT,1
4575.0,8675.0,347.7,52182.0,METASEDIMENT,1
4625.0,8675.0,353.7,52191.0,METASEDIMENT,1
4675.0,8675.0,359.9,52184.0,METASEDIMENT,1
4725.0,8675.0,366.1,52158.0,METASEDIMENT,1
4775.0,8675.0,372.5,52115.0,METASEDIMENT,1
4825.0,8675.0,378.8,52058.0,METASEDIMENT,1
4875.0,8675.0,385.1,51992.0,METASEDIMENT,1
4925.0,8675.0,391.3,51924.0,MAFIC_VOLCANIC,1
4975.0,8675.0,397.4,51861.0,MAFIC_VOLCANIC,1
5025.0,8675.0,403.3,51809.0,MAFIC_VOLCANIC,1
5075.0,8675.0,409.0,51772.0,MAFIC_VOLCANIC,1
5125.0,8675.0,414.6,51749.0,MAFIC_VOLCANIC,1
5175.0,8675.0,419.8,51736.0,MAFIC_VOLCANIC,1
5225.0,8675.0,424.8,51729.0,MAFIC_VOLCANIC,1
5275.0,8675.0,429.4,51721.0,MAFIC_VOLCANIC,1
5325.0,8675.0,433.7,51707.0,MAFIC_VOLCANIC,1
5375.0,8675.0,437.7,51685.0,MAFIC_VOLCANIC,1
5425.0,8675.0,441.3,51657.0,MAFIC_VOLCANIC,1
5475.0,8675.0,444.5,51627.0,MAFIC_VOLCANIC,1
5525.0,8675.0,447.3,51602.0,MAFIC_VOLCANIC,1
5575.0,8675.0,449.6,51590.0,MAFIC_VOLCANIC,1
5625.0,8675.0,451.6,51597.0,MAFIC_VOLCANIC,1
5675.0,8675.0,453.2,51625.0,MAFIC_VOLCANIC,1
5725.0,8675.0,454.3,51675.0,MAFIC_VOLCANIC,1
5775.0,8675.0,455.1,51744.0,MAFIC_VOLCANIC,1
5825.0,8675.0,455.5,51826.0,MAFIC_VOLCANIC,1
5875.0,8675.0,455.4,51914.0,MAFIC_VOLCANIC,1
5925.0,8675.0,455.0,52003.0,MAFIC_VOLCANIC,1
5975.0,8675.0,454.3,52087.0,FELSIC_VOLCANIC,1
6025.0,8675.0,453.1,52162.0,FELSIC_VOLCANIC,1
6075.0,8675.0,451.7,52224.0,FELSIC_VOLCANIC,1
6125.0,8675.0,450.0,52271.0,FELSIC_VOLCANIC,1
6175.0,8675.0,447.9,52303.0,FELSIC_VOLCANIC,1
6225.0,8675.0,445.7,52318.0,GRANITE,1
6275.0,8675.0,443.1,52318.0,GRANITE,1
6325.0,8675.0,440.4,52303.0,GRANITE,1
6375.0,8675.0,437.5,52276.0,GRANITE,1
6425.0,8675.0,434.4,52240.0,GRANITE,1
6475.0,8675.0,431.2,52198.0,GRANITE,1
6525.0,8675.0,427.8,52154.0,GRANITE,1
6575.0,8675.0,424.4,52112.0,GRANITE,1
6625.0,8675.0,420.9,52071.0,GRANITE,1
6675.0,8675.0,417.4,52033.0,GRANITE,1
6725.0,8675.0,413.8,51996.0,GRANITE,1
6775.0,8675.0,410.3,51960.0,GRANITE,1
6825.0,8675.0,406.8,51925.0,GRANITE,1
6875.0,8675.0,403.3,51892.0,GRANITE,1
6925.0,8675.0,399.9,51864.0,GRANITE,1
6975.0,8675.0,396.7,51845.0,GRANITE,1
7025.0,8675.0,393.5,51837.0,GRANITE,1
7075.0,8675.0,390.5,51845.0,GRANITE,1
7125.0,8675.0,387.6,51868.0,GRANITE,1
7175.0,8675.0,384.8,51904.0,GRANITE,1
7225.0,8675.0,382.3,51949.0,GRANITE,1
7275.0,8675.0,379.9,51996.0,GRANITE,1
7325.0,8675.0,377.7,52039.0,GRANITE,1
7375.0,8675.0,375.8,52074.0,GRANITE,1
7425.0,8675.0,374.0,52096.0,FELSIC_VOLCANIC,1
7475.0,8675.0,372.5,52106.0,FELSIC_VOLCANIC,1
7525.0,8675.0,371.2,52104.0,FELSIC_VOLCANIC,1
7575.0,8675.0,370.1,52093.0,FELSIC_VOLCANIC,1
7625.0,8675.0,369.2,52075.0,FELSIC_VOLCANIC,1
7675.0,8675.0,368.6,52054.0,FELSIC_VOLCANIC,1
7725.0,8675.0,368.2,52029.0,FELSIC_VOLCANIC,1
7775.0,8675.0,368.0,52002.0,MAFIC_VOLCANIC,1
7825.0,8675.0,368.0,51972.0,MAFIC_VOLCANIC,1
7875.0,8675.0,368.2,51940.0,MAFIC_VOLCANIC,1
7925.0,8675.0,368.6,51908.0,MAFIC_VOLCANIC,1
7975.0,8675.0,369.2,51878.0,MAFIC_VOLCANIC,1
8025.0,8675.0,370.0,51854.0,MAFIC_VOLCANIC,1
8075.0,8675.0,370.9,51839.0,MAFIC_VOLCANIC,1
8125.0,8675.0,372.0,51835.0,MAFIC_VOLCANIC,1
8175.0,8675.0,373.2,51842.0,MAFIC_VOLCANIC,1
8225.0,8675.0,374.6,51860.0,MAFIC_VOLCANIC,1
8275.0,8675.0,376.0,51883.0,MAFIC_VOLCANIC,1
8325.0,8675.0,377.5,51909.0,MAFIC_VOLCANIC,1
8375.0,8675.0,379.1,51934.0,MAFIC_VOLCANIC,1
8425.0,8675.0,380.8,51956.0,MAFIC_VOLCANIC,1
8475.0,8675.0,382.5,51975.0,MAFIC_VOLCANIC,1
8525.0,8675.0,384.2,51993.0,MAFIC_VOLCANIC,1
8575.0,8675.0,385.9,52012.0,MAFIC_VOLCANIC,1
8625.0,8675.0,387.6,52034.0,METASEDIMENT,1
8675.0,8675.0,389.3,52062.0,METASEDIMENT,1
8725.0,8675.0,390.9,52094.0,METASEDIMENT,1
8775.0,8675.0,392.4,52131.0,METASEDIMENT,1
8825.0,8675.0,393.9,52168.0,METASEDIMENT,1
8875.0,8675.0,395.3,52204.0,METASEDIMENT,1
8925.0,8675.0,396.6,52235.0,METASEDIMENT,1
8975.0,8675.0,397.8,52262.0,METASEDIMENT,1
3025.0,8725.0,346.1,52031.0,METASEDIMENT,1
3075.0,8725.0,341.1,52005.0,METASEDIMENT,1
3125.0,8725.0,336.2,51991.0,METASEDIMENT,1
3175.0,8725.0,331.3,51992.0,METASEDIMENT,1
3225.0,8725.0,326.6,52008.0,METASEDIMENT,1
3275.0,8725.0,322.0,52040.0,METASEDIMENT,1
3325.0,8725.0,317.6,52084.0,METASEDIMENT,1
3375.0,8725.0,313.4,52137.0,METASEDIMENT,1
3425.0,8725.0,309.6,52194.0,METASEDIMENT,1
3475.0,8725.0,306.0,52248.0,METASEDIMENT,1
3525.0,8725.0,302.8,52295.0,METASEDIMENT,1
3575.0,8725.0,300.0,52329.0,METASEDIMENT,1
3625.0,8725.0,297.6,52346.0,METASEDIMENT,1
3675.0,8725.0,295.7,52341.0,METASEDIMENT,1
3725.0,8725.0,294.3,52315.0,METASEDIMENT,1
3775.0,8725.0,293.3,52269.0,METASEDIMENT,1
3825.0,8725.0,292.9,52207.0,METASEDIMENT,1
3875.0,8725.0,293.0,52134.0,METASEDIMENT,1
3925.0,8725.0,293.6,52060.0,METASEDIMENT,1
3975.0,8725.0,294.7,51993.0,METASEDIMENT,1
4025.0,8725.0,296.3,51938.0,METASEDIMENT,1
4075.0,8725.0,298.5,51902.0,METASEDIMENT,1
4125.0,8725.0,301.1,51887.0,METASEDIMENT,1
4175.0,8725.0,304.3,51891.0,METASEDIMENT,1
4225.0,8725.0,307.9,51914.0,METASEDIMENT,1
4275.0,8725.0,311.9,51950.0,METASEDIMENT,1
4325.0,8725.0,316.3,51995.0,METASEDIMENT,1
4375.0,8725.0,321.2,52043.0,METASEDIMENT,1
4425.0,8725.0,326.3,52092.0,METASEDIMENT,1
4475.0,8725.0,331.8,52137.0,METASEDIMENT,1
4525.0,8725.0,337.5,52174.0,METASEDIMENT,1
4575.0,8725.0,343.4,52202.0,METASEDIMENT,1
4625.0,8725.0,349.5,52216.0,METASEDIMENT,1
4675.0,8725.0,355.8,52213.0,METASEDIMENT,1
4725.0,8725.0,362.1,52191.0,METASEDIMENT,1
4775.0,8725.0,368.5,52151.0,METASEDIMENT,1
4825.0,8725.0,374.9,52095.0,METASEDIMENT,1
4875.0,8725.0,381.3,52027.0,METASEDIMENT,1
4925.0,8725.0,387.5,51954.0,MAFIC_VOLCANIC,1
4975.0,8725.0,393.7,51884.0,MAFIC_VOLCANIC,1
5025.0,8725.0,399.7,51824.0,MAFIC_VOLCANIC,1
5075.0,8725.0,405.5,51778.0,MAFIC_VOLCANIC,1
5125.0,8725.0,411.0,51749.0,MAFIC_VOLCANIC,1
5175.0,8725.0,416.3,51733.0,MAFIC_VOLCANIC,1
5225.0,8725.0,421.3,51726.0,MAFIC_VOLCANIC,1
5275.0,8725.0,426.0,51722.0,MAFIC_VOLCANIC,1
5325.0,8725.0,430.4,51713.0,MAFIC_VOLCANIC,1
5375.0,8725.0,434.4,51698.0,MAFIC_VOLCANIC,1
5425.0,8725.0,438.0,51674.0,MAFIC_VOLCANIC,1
5475.0,8725.0,441.2,51646.0,MAFIC_VOLCANIC,1
5525.0,8725.0,444.1,51619.0,MAFIC_VOLCANIC,1
5575.0,8725.0,446.5,51600.0,MAFIC_VOLCANIC,1
5625.0,8725.0,448.5,51598.0,MAFIC_VOLCANIC,1
5675.0,8725.0,450.1,51615.0,MAFIC_VOLCANIC,1
5725.0,8725.0,451.2,51654.0,MAFIC_VOLCANIC,1
5775.0,8725.0,452.0,51714.0,MAFIC_VOLCANIC,1
5825.0,8725.0,452.4,51790.0,MAFIC_VOLCANIC,1
5875.0,8725.0,452.4,51875.0,MAFIC_VOLCANIC,1
5925.0,8725.0,452.0,51963.0,MAFIC_VOLCANIC,1
5975.0,8725.0,451.3,52049.0,MAFIC_VOLCANIC,1
6025.0,8725.0,450.2,52127.0,FELSIC_VOLCANIC,1
6075.0,8725.0,448.7,52193.0,FELSIC_VOLCANIC,1
6125.0,8725.0,447.0,52246.0,FELSIC_VOLCANIC,1
6175.0,8725.0,445.0,52284.0,FELSIC_VOLCANIC,1
6225.0,8725.0,442.7,52306.0,GRANITE,1
6275.0,8725.0,440.2,52312.0,GRANITE,1
6325.0,8725.0,437.4,52303.0,GRANITE,1
6375.0,8725.0,434.5,52281.0,GRANITE,1
6425.0,8725.0,431.4,52248.0,GRANITE,1
6475.0,8725.0,428.2,52209.0,GRANITE,1
6525.0,8725.0,424.8,52166.0,GRANITE,1
6575.0,8725.0,421.3,52123.0,GRANITE,1
6625.0,8725.0,417.8,52081.0,GRANITE,1
6675.0,8725.0,414.2,52041.0,GRANITE,1
6725.0,8725.0,410.6,52002.0,GRANITE,1
6775.0,8725.0,407.1,51964.0,GRANITE,1
6825.0,8725.0,403.5,51927.0,GRANITE,1
6875.0,8725.0,400.0,51890.0,GRANITE,1
6925.0,8725.0,396.6,51857.0,GRANITE,1
6975.0,8725.0,393.2,51831.0,GRANITE,1
7025.0,8725.0,390.0,51817.0,GRANITE,1
7075.0,8725.0,386.9,51817.0,GRANITE,1
7125.0,8725.0,383.9,51834.0,GRANITE,1
7175.0,8725.0,381.1,51866.0,GRANITE,1
7225.0,8725.0,378.5,51910.0,GRANITE,1
7275.0,8725.0,376.0,51961.0,GRANITE,1
7325.0,8725.0,373.8,52011.0,GRANITE,1
7375.0,8725.0,371.7,52055.0,GRANITE,1
7425.0,8725.0,369.9,52088.0,FELSIC_VOLCANIC,1
7475.0,8725.0,368.3,52109.0,FELSIC_VOLCANIC,1
7525.0,8725.0,366.9,52118.0,FELSIC_VOLCANIC,1
7575.0,8725.0,365.8,52116.0,FELSIC_VOLCANIC,1
7625.0,8725.0,364.8,52107.0,FELSIC_VOLCANIC,1
7675.0,8725.0,364.1,52092.0,FELSIC_VOLCANIC,1
7725.0,8725.0,363.7,52073.0,FELSIC_VOLCANIC,1
7775.0,8725.0,363.4,52050.0,MAFIC_VOLCANIC,1
7825.0,8725.0,363.4,52022.0,MAFIC_VOLCANIC,1
7875.0,8725.0,363.6,51992.0,MAFIC_VOLCANIC,1
7925.0,8725.0,364.0,51958.0,MAFIC_VOLCANIC,1
7975.0,8725.0,364.6,51925.0,MAFIC_VOLCANIC,1
8025.0,8725.0,365.4,51895.0,MAFIC_VOLCANIC,1
8075.0,8725.0,366.4,51872.0,MAFIC_VOLCANIC,1
8125.0,8725.0,367.5,51859.0,MAFIC_VOLCANIC,1
8175.0,8725.0,368.8,51858.0,MAFIC_VOLCANIC,1
8225.0,8725.0,370.2,51867.0,MAFIC_VOLCANIC,1
8275.0,8725.0,371.7,51884.0,MAFIC_VOLCANIC,1
8325.0,8725.0,373.3,51906.0,MAFIC_VOLCANIC,1
8375.0,8725.0,375.0,51929.0,MAFIC_VOLCANIC,1
8425.0,8725.0,376.8,51949.0,MAFIC_VOLCANIC,1
8475.0,8725.0,378.6,51966.0,MAFIC_VOLCANIC,1
8525.0,8725.0,380.4,51981.0,MAFIC_VOLCANIC,1
8575.0,8725.0,382.2,51995.0,MAFIC_VOLCANIC,1
8625.0,8725.0,384.1,52013.0,MAFIC_VOLCANIC,1
8675.0,8725.0,385.9,52036.0,MAFIC_VOLCANIC,1
8725.0,8725.0,387.7,52065.0,METASEDIMENT,1
8775.0,8725.0,389.4,52100.0,METASEDIMENT,1
8825.0,8725.0,391.0,52138.0,METASEDIMENT,1
8875.0,8725.0,392.6,52176.0,METASEDIMENT,1
8925.0,8725.0,394.1,52211.0,METASEDIMENT,1
8975.0,8725.0,395.5,52242.0,METASEDIMENT,1
3025.0,8775.0,341.1,52058.0,METASEDIMENT,1
3075.0,8775.0,336.1,52034.0,METASEDIMENT,1
3125.0,8775.0,331.1,52019.0,METASEDIMENT,1
3175.0,8775.0,326.1,52017.0,METASEDIMENT,1
3225.0,8775.0,321.3,52030.0,METASEDIMENT,1
3275.0,8775.0,316.6,52057.0,METASEDIMENT,1
3325.0,8775.0,312.2,52096.0,METASEDIMENT,1
3375.0,8775.0,308.0,52144.0,METASEDIMENT,1
3425.0,8775.0,304.1,52198.0,METASEDIMENT,1
3475.0,8775.0,300.6,52252.0,METASEDIMENT,1
3525.0,8775.0,297.4,52303.0,METASEDIMENT,1
3575.0,8775.0,294.6,52344.0,METASEDIMENT,1
3625.0,8775.0,292.3,52370.0,METASEDIMENT,1
3675.0,8775.0,290.4,52378.0,METASEDIMENT,1
3725.0,8775.0,289.0,52365.0,METASEDIMENT,1
3775.0,8775.0,288.1,52331.0,METASEDIMENT,1
3825.0,8775.0,287.8,52277.0,METASEDIMENT,1
3875.0,8775.0,287.9,52208.0,METASEDIMENT,1
3925.0,8775.0,288.6,52133.0,METASEDIMENT,1
3975.0,8775.0,289.8,52059.0,METASEDIMENT,1
4025.0,8775.0,291.5,51994.0,METASEDIMENT,1
4075.0,8775.0,293.8,51945.0,METASEDIMENT,1
4125.0,8775.0,296.5,51917.0,METASEDIMENT,1
4175.0,8775.0,299.8,51911.0,METASEDIMENT,1
4225.0,8775.0,303.4,51925.0,METASEDIMENT,1
4275.0,8775.0,307.6,51955.0,METASEDIMENT,1
4325.0,8775.0,312.1,51998.0,METASEDIMENT,1
4375.0,8775.0,317.0,52047.0,METASEDIMENT,1
4425.0,8775.0,322.2,52097.0,METASEDIMENT,1
4475.0,8775.0,327.8,52146.0,METASEDIMENT,1
4525.0,8775.0,333.6,52188.0,METASEDIMENT,1
4575.0,8775.0,339.6,52220.0,METASEDIMENT,1
4625.0,8775.0,345.8,52239.0,METASEDIMENT,1
4675.0,8775.0,352.1,52242.0,METASEDIMENT,1
4725.0,8775.0,358.5,52226.0,METASEDIMENT,1
4775.0,8775.0,364.9,52190.0,METASEDIMENT,1
4825.0,8775.0,371.4,52136.0,METASEDIMENT,1
4875.0,8775.0,377.8,52068.0,METASEDIMENT,1
4925.0,8775.0,384.1,51992.0,METASEDIMENT,1
4975.0,8775.0,390.3,51915.0,MAFIC_VOLCANIC,1
5025.0,8775.0,396.4,51846.0,MAFIC_VOLCANIC,1
5075.0,8775.0,402.2,51792.0,MAFIC_VOLCANIC,1
5125.0,8775.0,407.8,51754.0,MAFIC_VOLCANIC,1
5175.0,8775.0,413.1,51733.0,MAFIC_VOLCANIC,1
5225.0,8775.0,418.2,51724.0,MAFIC_VOLCANIC,1
5275.0,8775.0,422.9,51721.0,MAFIC_VOLCANIC,1
5325.0,8775.0,427.3,51718.0,MAFIC_VOLCANIC,1
5375.0,8775.0,431.3,51709.0,MAFIC_VOLCANIC,1
5425.0,8775.0,434.9,51691.0,MAFIC_VOLCANIC,1
5475.0,8775.0,438.2,51666.0,MAFIC_VOLCANIC,1
5525.0,8775.0,441.0,51639.0,MAFIC_VOLCANIC,1
5575.0,8775.0,443.5,51617.0,MAFIC_VOLCANIC,1
5625.0,8775.0,445.5,51606.0,MAFIC_VOLCANIC,1
5675.0,8775.0,447.1,51614.0,MAFIC_VOLCANIC,1
5725.0,8775.0,448.3,51642.0,MAFIC_VOLCANIC,1
5775.0,8775.0,449.1,51692.0,MAFIC_VOLCANIC,1
5825.0,8775.0,449.5,51759.0,MAFIC_VOLCANIC,1
5875.0,8775.0,449.5,51839.0,MAFIC_VOLCANIC,1
5925.0,8775.0,449.2,51925.0,MAFIC_VOLCANIC,1
5975.0,8775.0,448.4,52010.0,MAFIC_VOLCANIC,1
6025.0,8775.0,447.4,52090.0,FELSIC_VOLCANIC,1
6075.0,8775.0,446.0,52159.0,FELSIC_VOLCANIC,1
6125.0,8775.0,444.2,52217.0,FELSIC_VOLCANIC,1
6175.0,8775.0,442.2,52260.0,FELSIC_VOLCANIC,1
6225.0,8775.0,440.0,52287.0,GRANITE,1
6275.0,8775.0,437.4,52299.0,GRANITE,1
6325.0,8775.0,434.7,52296.0,GRANITE,1
6375.0,8775.0,431.8,52279.0,GRANITE,1
6425.0,8775.0,428.7,52251.0,GRANITE,1
6475.0,8775.0,425.4,52215.0,GRANITE,1
6525.0,8775.0,422.0,52174.0,GRANITE,1
6575.0,8775.0,418.5,52131.0,GRANITE,1
6625.0,8775.0,415.0,52089.0,GRANITE,1
6675.0,8775.0,411.4,52048.0,GRANITE,1
6725.0,8775.0,407.8,52009.0,GRANITE,1
6775.0,8775.0,404.1,51969.0,GRANITE,1
6825.0,8775.0,400.5,51930.0,GRANITE,1
6875.0,8775.0,397.0,51891.0,GRANITE,1
6925.0,8775.0,393.5,51853.0,GRANITE,1
6975.0,8775.0,390.1,51822.0,GRANITE,1
7025.0,8775.0,386.8,51800.0,GRANITE,1
7075.0,8775.0,383.6,51792.0,GRANITE,1
7125.0,8775.0,380.6,51801.0,GRANITE,1
7175.0,8775.0,377.7,51827.0,GRANITE,1
7225.0,8775.0,375.0,51868.0,GRANITE,1
7275.0,8775.0,372.5,51919.0,GRANITE,1
7325.0,8775.0,370.1,51974.0,GRANITE,1
7375.0,8775.0,368.0,52025.0,GRANITE,1
7425.0,8775.0,366.1,52068.0,FELSIC_VOLCANIC,1
7475.0,8775.0,364.4,52100.0,FELSIC_VOLCANIC,1
7525.0,8775.0,363.0,52120.0,FELSIC_VOLCANIC,1
7575.0,8775.0,361.8,52128.0,FELSIC_VOLCANIC,1
7625.0,8775.0,360.8,52128.0,FELSIC_VOLCANIC,1
7675.0,8775.0,360.1,52121.0,FELSIC_VOLCANIC,1
7725.0,8775.0,359.5,52108.0,FELSIC_VOLCANIC,1
7775.0,8775.0,359.3,52090.0,MAFIC_VOLCANIC,1
7825.0,8775.0,359.2,52068.0,MAFIC_VOLCANIC,1
7875.0,8775.0,359.4,52040.0,MAFIC_VOLCANIC,1
7925.0,8775.0,359.8,52008.0,MAFIC_VOLCANIC,1
7975.0,8775.0,360.4,51974.0,MAFIC_VOLCANIC,1
8025.0,8775.0,361.2,51940.0,MAFIC_VOLCANIC,1
8075.0,8775.0,362.2,51911.0,MAFIC_VOLCANIC,1
8125.0,8775.0,363.3,51891.0,MAFIC_VOLCANIC,1
8175.0,8775.0,364.6,51881.0,MAFIC_VOLCANIC,1
8225.0,8775.0,366.1,51882.0,MAFIC_VOLCANIC,1
8275.0,8775.0,367.7,51893.0,MAFIC_VOLCANIC,1
8325.0,8775.0,369.4,51910.0,MAFIC_VOLCANIC,1
8375.0,8775.0,371.1,51929.0,MAFIC_VOLCANIC,1
8425.0,8775.0,373.0,51947.0,MAFIC_VOLCANIC,1
8475.0,8775.0,374.9,51962.0,MAFIC_VOLCANIC,1
8525.0,8775.0,376.9,51974.0,MAFIC_VOLCANIC,1
8575.0,8775.0,378.8,51985.0,MAFIC_VOLCANIC,1
8625.0,8775.0,380.8,51998.0,MAFIC_VOLCANIC,1
8675.0,8775.0,382.8,52016.0,MAFIC_VOLCANIC,1
8725.0,8775.0,384.7,52040.0,MAFIC_VOLCANIC,1
8775.0,8775.0,386.6,52070.0,MAFIC_VOLCANIC,1
8825.0,8775.0,388.4,52106.0,MAFIC_VOLCANIC,1
8875.0,8775.0,390.1,52145.0,MAFIC_VOLCANIC,1
8925.0,8775.0,391.8,52183.0,MAFIC_VOLCANIC,1
8975.0,8775.0,393.3,52217.0,MAFIC_VOLCANIC,0
3025.0,8825.0,336.8,52082.0,METASEDIMENT,1
3075.0,8825.0,331.6,52060.0,METASEDIMENT,1
3125.0,8825.0,326.5,52045.0,METASEDIMENT,1
3175.0,8825.0,321.5,52042.0,METASEDIMENT,1
3225.0,8825.0,316.6,52052.0,METASEDIMENT,1
3275.0,8825.0,311.9,52075.0,METASEDIMENT,1
3325.0,8825.0,307.4,52109.0,METASEDIMENT,1
3375.0,8825.0,303.2,52152.0,METASEDIMENT,1
3425.0,8825.0,299.3,52202.0,METASEDIMENT,1
3475.0,8825.0,295.8,52254.0,METASEDIMENT,1
3525.0,8825.0,292.6,52304.0,METASEDIMENT,1
3575.0,8825.0,289.9,52349.0,METASEDIMENT,1
3625.0,8825.0,287.6,52382.0,METASEDIMENT,1
3675.0,8825.0,285.7,52401.0,METASEDIMENT,1
3725.0,8825.0,284.4,52400.0,METASEDIMENT,1
3775.0,8825.0,283.6,52378.0,METASEDIMENT,1
3825.0,8825.0,283.3,52335.0,METASEDIMENT,1
3875.0,8825.0,283.5,52274.0,METASEDIMENT,1
3925.0,8825.0,284.2,52201.0,METASEDIMENT,1
3975.0,8825.0,285.5,52125.0,METASEDIMENT,1
4025.0,8825.0,287.3,52053.0,METASEDIMENT,1
4075.0,8825.0,289.7,51993.0,METASEDIMENT,1
4125.0,8825.0,292.5,51953.0,METASEDIMENT,1
4175.0,8825.0,295.8,51935.0,METASEDIMENT,1
4225.0,8825.0,299.6,51938.0,METASEDIMENT,1
4275.0,8825.0,303.8,51962.0,METASEDIMENT,1
4325.0,8825.0,308.4,52000.0,METASEDIMENT,1
4375.0,8825.0,313.3,52048.0,METASEDIMENT,1
4425.0,8825.0,318.7,52100.0,METASEDIMENT,1
4475.0,8825.0,324.3,52151.0,METASEDIMENT,1
4525.0,8825.0,330.1,52198.0,METASEDIMENT,1
4575.0,8825.0,336.2,52235.0,METASEDIMENT,1
4625.0,8825.0,342.4,52260.0,METASEDIMENT,1
4675.0,8825.0,348.8,52270.0,METASEDIMENT,1
4725.0,8825.0,355.3,52260.0,METASEDIMENT,1
4775.0,8825.0,361.8,52230.0,METASEDIMENT,1
4825.0,8825.0,368.2,52181.0,METASEDIMENT,1
4875.0,8825.0,374.7,52114.0,METASEDIMENT,1
4925.0,8825.0,381.0,52036.0,METASEDIMENT,1
4975.0,8825.0,387.3,51955.0,METASEDIMENT,1
5025.0,8825.0,393.3,51878.0,MAFIC_VOLCANIC,1
5075.0,8825.0,399.2,51814.0,MAFIC_VOLCANIC,1
5125.0,8825.0,404.8,51767.0,MAFIC_VOLCANIC,1
5175.0,8825.0,410.2,51738.0,MAFIC_VOLCANIC,1
5225.0,8825.0,415.3,51725.0,MAFIC_VOLCANIC,1
5275.0,8825.0,420.0,51722.0,MAFIC_VOLCANIC,1
5325.0,8825.0,424.4,51722.0,MAFIC_VOLCANIC,1
5375.0,8825.0,428.4,51718.0,MAFIC_VOLCANIC,1
5425.0,8825.0,432.1,51706.0,MAFIC_VOLCANIC,1
5475.0,8825.0,435.4,51687.0,MAFIC_VOLCANIC,1
5525.0,8825.0,438.3,51662.0,MAFIC_VOLCANIC,1
5575.0,8825.0,440.7,51638.0,MAFIC_VOLCANIC,1
5625.0,8825.0,442.8,51622.0,MAFIC_VOLCANIC,1
5675.0,8825.0,444.4,51621.0,MAFIC_VOLCANIC,1
5725.0,8825.0,445.6,51639.0,MAFIC_VOLCANIC,1
5775.0,8825.0,446.5,51678.0,MAFIC_VOLCANIC,1
5825.0,8825.0,446.9,51736.0,MAFIC_VOLCANIC,1
5875.0,8825.0,446.9,51809.0,MAFIC_VOLCANIC,1
5925.0,8825.0,446.6,51890.0,MAFIC_VOLCANIC,1
5975.0,8825.0,445.8,51973.0,MAFIC_VOLCANIC,1
6025.0,8825.0,444.8,52053.0,FELSIC_VOLCANIC,1
6075.0,8825.0,443.4,52125.0,FELSIC_VOLCANIC,1
6125.0,8825.0,441.7,52185.0,FELSIC_VOLCANIC,1
6175.0,8825.0,439.7,52232.0,FELSIC_VOLCANIC,1
6225.0,8825.0,437.4,52264.0,GRANITE,1
6275.0,8825.0,434.9,52281.0,GRANITE,1
6325.0,8825.0,432.2,52283.0,GRANITE,1
6375.0,8825.0,429.3,52271.0,GRANITE,1
6425.0,8825.0,426.1,52248.0,GRANITE,1
6475.0,8825.0,422.9,52215.0,GRANITE,1
6525.0,8825.0,419.5,52177.0,GRANITE,1
6575.0,8825.0,416.0,52136.0,GRANITE,1
6625.0,8825.0,412.4,52094.0,GRANITE,1
6675.0,8825.0,408.8,52054.0,GRANITE,1
6725.0,8825.0,405.1,52015.0,GRANITE,1
6775.0,8825.0,401.5,51975.0,GRANITE,1
6825.0,8825.0,397.8,51935.0,GRANITE,1
6875.0,8825.0,394.2,51894.0,GRANITE,1
6925.0,8825.0,390.7,51854.0,GRANITE,1
6975.0,8825.0,387.2,51817.0,GRANITE,1
7025.0,8825.0,383.9,51788.0,GRANITE,1
7075.0,8825.0,380.6,51771.0,GRANITE,1
7125.0,8825.0,377.5,51771.0,GRANITE,1
7175.0,8825.0,374.6,51790.0,GRANITE,1
7225.0,8825.0,371.8,51825.0,GRANITE,1
7275.0,8825.0,369.2,51874.0,GRANITE,1
7325.0,8825.0,366.8,51930.0,GRANITE,1
7375.0,8825.0,364.7,51986.0,GRANITE,1
7425.0,8825.0,362.7,52038.0,GRANITE,1
7475.0,8825.0,360.9,52080.0,FELSIC_VOLCANIC,1
7525.0,8825.0,359.4,52110.0,FELSIC_VOLCANIC,1
7575.0,8825.0,358.2,52129.0,FELSIC_VOLCANIC,1
7625.0,8825.0,357.1,52138.0,FELSIC_VOLCANIC,1
7675.0,8825.0,356.3,52138.0,FELSIC_VOLCANIC,1
7725.0,8825.0,355.8,52133.0,FELSIC_VOLCANIC,1
7775.0,8825.0,355.5,52122.0,MAFIC_VOLCANIC,1
7825.0,8825.0,355.4,52105.0,MAFIC_VOLCANIC,1
7875.0,8825.0,355.5,52083.0,MAFIC_VOLCANIC,1
7925.0,8825.0,355.9,52054.0,MAFIC_VOLCANIC,1
7975.0,8825.0,356.5,52021.0,MAFIC_VOLCANIC,1
8025.0,8825.0,357.3,51986.0,MAFIC_VOLCANIC,1
8075.0,8825.0,358.3,51953.0,MAFIC_VOLCANIC,1
8125.0,8825.0,359.5,51927.0,MAFIC_VOLCANIC,1
8175.0,8825.0,360.8,51910.0,MAFIC_VOLCANIC,1
8225.0,8825.0,362.3,51903.0,MAFIC_VOLCANIC,1
8275.0,8825.0,364.0,51907.0,MAFIC_VOLCANIC,1
8325.0,8825.0,365.7,51919.0,MAFIC_VOLCANIC,1
8375.0,8825.0,367.6,51934.0,MAFIC_VOLCANIC,1
8425.0,8825.0,369.5,51950.0,MAFIC_VOLCANIC,1
8475.0,8825.0,371.5,51964.0,MAFIC_VOLCANIC,1
8525.0,8825.0,373.6,51974.0,MAFIC_VOLCANIC,1
8575.0,8825.0,375.7,51982.0,MAFIC_VOLCANIC,1
8625.0,8825.0,377.8,51990.0,MAFIC_VOLCANIC,1
8675.0,8825.0,379.9,52002.0,MAFIC_VOLCANIC,1
8725.0,8825.0,381.9,52020.0,MAFIC_VOLCANIC,1
8775.0,8825.0,384.0,52045.0,MAFIC_VOLCANIC,1
8825.0,8825.0,385.9,52077.0,MAFIC_VOLCANIC,1
8875.0,8825.0,387.8,52113.0,MAFIC_VOLCANIC,1
8925.0,8825.0,389.6,52151.0,MAFIC_VOLCANIC,1
8975.0,8825.0,391.4,52188.0,MAFIC_VOLCANIC,0
3025.0,8875.0,332.9,52101.0,METASEDIMENT,1
3075.0,8875.0,327.7,52081.0,METASEDIMENT,1
3125.0,8875.0,322.5,52068.0,METASEDIMENT,1
3175.0,8875.0,317.4,52065.0,METASEDIMENT,1
3225.0,8875.0,312.5,52073.0,METASEDIMENT,1
3275.0,8875.0,307.7,52093.0,METASEDIMENT,1
3325.0,8875.0,303.3,52124.0,METASEDIMENT,1
3375.0,8875.0,299.0,52162.0,METASEDIMENT,1
3425.0,8875.0,295.2,52207.0,METASEDIMENT,1
3475.0,8875.0,291.6,52254.0,METASEDIMENT,1
3525.0,8875.0,288.5,52302.0,METASEDIMENT,1
3575.0,8875.0,285.8,52347.0,METASEDIMENT,1
3625.0,8875.0,283.5,52384.0,METASEDIMENT,1
3675.0,8875.0,281.7,52410.0,METASEDIMENT,1
3725.0,8875.0,280.4,52420.0,METASEDIMENT,1
3775.0,8875.0,279.7,52410.0,METASEDIMENT,1
3825.0,8875.0,279.4,52379.0,METASEDIMENT,1
3875.0,8875.0,279.7,52328.0,METASEDIMENT,1
3925.0,8875.0,280.5,52262.0,METASEDIMENT,1
3975.0,8875.0,281.9,52187.0,METASEDIMENT,1
4025.0,8875.0,283.7,52112.0,METASEDIMENT,1
4075.0,8875.0,286.1,52044.0,METASEDIMENT,1
4125.0,8875.0,289.0,51993.0,METASEDIMENT,1
4175.0,8875.0,292.4,51963.0,METASEDIMENT,1
4225.0,8875.0,296.2,51955.0,METASEDIMENT,1
4275.0,8875.0,300.5,51970.0,METASEDIMENT,1
4325.0,8875.0,305.2,52002.0,METASEDIMENT,1
4375.0,8875.0,310.2,52046.0,METASEDIMENT,1
4425.0,8875.0,315.6,52098.0,METASEDIMENT,1
4475.0,8875.0,321.2,52152.0,METASEDIMENT,1
4525.0,8875.0,327.1,52203.0,METASEDIMENT,1
4575.0,8875.0,333.2,52246.0,METASEDIMENT,1
4625.0,8875.0,339.5,52277.0,METASEDIMENT,1
4675.0,8875.0,345.9,52294.0,METASEDIMENT,1
4725.0,8875.0,352.4,52292.0,METASEDIMENT,1
4775.0,8875.0,359.0,52269.0,METASEDIMENT,1
4825.0,8875.0,365.5,52225.0,METASEDIMENT,1
4875.0,8875.0,371.9,52163.0,METASEDIMENT,1
4925.0,8875.0,378.3,52086.0,METASEDIMENT,1
4975.0,8875.0,384.6,52002.0,METASEDIMENT,1
5025.0,8875.0,390.6,51919.0,METASEDIMENT,1
5075.0,8875.0,396.5,51846.0,MAFIC_VOLCANIC,1
5125.0,8875.0,402.2,51789.0,MAFIC_VOLCANIC,1
5175.0,8875.0,407.5,51751.0,MAFIC_VOLCANIC,1
5225.0,8875.0,412.6,51731.0,MAFIC_VOLCANIC,1
5275.0,8875.0,417.4,51725.0,MAFIC_VOLCANIC,1
5325.0,8875.0,421.8,51726.0,MAFIC_VOLCANIC,1
5375.0,8875.0,425.8,51726.0,MAFIC_VOLCANIC,1
5425.0,8875.0,429.5,51721.0,MAFIC_VOLCANIC,1
5475.0,8875.0,432.8,51707.0,MAFIC_VOLCANIC,1
5525.0,8875.0,435.7,51686.0,MAFIC_VOLCANIC,1
5575.0,8875.0,438.2,51662.0,MAFIC_VOLCANIC,1
5625.0,8875.0,440.2,51643.0,MAFIC_VOLCANIC,1
5675.0,8875.0,441.9,51635.0,MAFIC_VOLCANIC,1
5725.0,8875.0,443.1,51644.0,MAFIC_VOLCANIC,1
5775.0,8875.0,444.0,51673.0,MAFIC_VOLCANIC,1
5825.0,8875.0,444.4,51721.0,MAFIC_VOLCANIC,1
5875.0,8875.0,444.5,51786.0,MAFIC_VOLCANIC,1
5925.0,8875.0,444.1,51861.0,MAFIC_VOLCANIC,1
5975.0,8875.0,443.4,51941.0,MAFIC_VOLCANIC,1
6025.0,8875.0,442.4,52019.0,FELSIC_VOLCANIC,1
6075.0,8875.0,441.0,52091.0,FELSIC_VOLCANIC,1
6125.0,8875.0,439.4,52153.0,FELSIC_VOLCANIC,1
6175.0,8875.0,437.4,52203.0,FELSIC_VOLCANIC,1
6225.0,8875.0,435.1,52239.0,FELSIC_VOLCANIC,1
6275.0,8875.0,432.6,52260.0,GRANITE,1
6325.0,8875.0,429.9,52266.0,GRANITE,1
6375.0,8875.0,427.0,52259.0,GRANITE,1
6425.0,8875.0,423.9,52240.0,GRANITE,1
6475.0,8875.0,420.6,52211.0,GRANITE,1
6525.0,8875.0,417.2,52175.0,GRANITE,1
6575.0,8875.0,413.7,52137.0,GRANITE,1
6625.0,8875.0,410.1,52097.0,GRANITE,1
6675.0,8875.0,406.5,52058.0,GRANITE,1
6725.0,8875.0,402.8,52020.0,GRANITE,1
6775.0,8875.0,399.1,51982.0,GRANITE,1
6825.0,8875.0,395.5,51942.0,GRANITE,1
6875.0,8875.0,391.8,51901.0,GRANITE,1
6925.0,8875.0,388.2,51858.0,GRANITE,1
6975.0,8875.0,384.7,51818.0,GRANITE,1
7025.0,8875.0,381.3,51782.0,GRANITE,1
7075.0,8875.0,378.0,51757.0,GRANITE,1
7125.0,8875.0,374.9,51748.0,GRANITE,1
7175.0,8875.0,371.9,51756.0,GRANITE,1
7225.0,8875.0,369.0,51784.0,GRANITE,1
7275.0,8875.0,366.4,51827.0,GRANITE,1
7325.0,8875.0,363.9,51882.0,GRANITE,1
7375.0,8875.0,361.7,51941.0,GRANITE,1
7425.0,8875.0,359.6,51998.0,GRANITE,1
7475.0,8875.0,357.8,52048.0,FELSIC_VOLCANIC,1
7525.0,8875.0,356.3,52088.0,FELSIC_VOLCANIC,1
7575.0,8875.0,354.9,52117.0,FELSIC_VOLCANIC,1
7625.0,8875.0,353.8,52135.0,FELSIC_VOLCANIC,1
7675.0,8875.0,353.0,52145.0,FELSIC_VOLCANIC,1
7725.0,8875.0,352.4,52147.0,FELSIC_VOLCANIC,1
7775.0,8875.0,352.0,52143.0,MAFIC_VOLCANIC,1
7825.0,8875.0,351.9,52133.0,MAFIC_VOLCANIC,1
7875.0,8875.0,352.0,52116.0,MAFIC_VOLCANIC,1
7925.0,8875.0,352.4,52092.0,MAFIC_VOLCANIC,1
7975.0,8875.0,353.0,52062.0,MAFIC_VOLCANIC,1
8025.0,8875.0,353.8,52029.0,MAFIC_VOLCANIC,1
8075.0,8875.0,354.8,51994.0,MAFIC_VOLCANIC,1
8125.0,8875.0,356.0,51964.0,MAFIC_VOLCANIC,1
8175.0,8875.0,357.4,51941.0,MAFIC_VOLCANIC,1
8225.0,8875.0,358.9,51928.0,MAFIC_VOLCANIC,1
8275.0,8875.0,360.6,51925.0,MAFIC_VOLCANIC,1
8325.0,8875.0,362.4,51932.0,MAFIC_VOLCANIC,1
8375.0,8875.0,364.3,51944.0,MAFIC_VOLCANIC,1
8425.0,8875.0,366.4,51958.0,MAFIC_VOLCANIC,1
8475.0,8875.0,368.5,51970.0,MAFIC_VOLCANIC,1
8525.0,8875.0,370.6,51979.0,MAFIC_VOLCANIC,1
8575.0,8875.0,372.8,51984.0,MAFIC_VOLCANIC,1
8625.0,8875.0,375.0,51989.0,MAFIC_VOLCANIC,1
8675.0,8875.0,377.2,51995.0,MAFIC_VOLCANIC,1
8725.0,8875.0,379.4,52006.0,MAFIC_VOLCANIC,1
8775.0,8875.0,381.6,52024.0,MAFIC_VOLCANIC,1
8825.0,8875.0,383.7,52050.0,MAFIC_VOLCANIC,1
8875.0,8875.0,385.8,52083.0,MAFIC_VOLCANIC,1
8925.0,8875.0,387.7,52119.0,MAFIC_VOLCANIC,0
8975.0,8875.0,389.6,52156.0,MAFIC_VOLCANIC,0
3025.0,8925.0,329.6,52116.0,METASEDIMENT,1
3075.0,8925.0,324.3,52099.0,METASEDIMENT,1
3125.0,8925.0,319.1,52087.0,METASEDIMENT,1
3175.0,8925.0,313.9,52084.0,METASEDIMENT,1
3225.0,8925.0,309.0,52092.0,METASEDIMENT,1
3275.0,8925.0,304.2,52111.0,METASEDIMENT,1
3325.0,8925.0,299.7,52139.0,METASEDIMENT,1
3375.0,8925.0,295.5,52174.0,METASEDIMENT,1
3425.0,8925.0,291.6,52213.0,METASEDIMENT,1
3475.0,8925.0,288.1,52256.0,METASEDIMENT,1
3525.0,8925.0,285.0,52299.0,METASEDIMENT,1
3575.0,8925.0,282.3,52341.0,METASEDIMENT,1
3625.0,8925.0,280.1,52379.0,METASEDIMENT,1
3675.0,8925.0,278.3,52408.0,METASEDIMENT,1
3725.0,8925.0,277.1,52425.0,METASEDIMENT,1
3775.0,8925.0,276.4,52426.0,METASEDIMENT,1
3825.0,8925.0,276.2,52407.0,METASEDIMENT,1
3875.0,8925.0,276.5,52369.0,METASEDIMENT,1
3925.0,8925.0,277.4,52312.0,METASEDIMENT,1
3975.0,8925.0,278.8,52242.0,METASEDIMENT,1
4025.0,8925.0,280.8,52167.0,METASEDIMENT,1
4075.0,8925.0,283.2,52095.0,METASEDIMENT,1
4125.0,8925.0,286.2,52036.0,METASEDIMENT,1
4175.0,8925.0,289.6,51994.0,METASEDIMENT,1
4225.0,8925.0,293.5,51976.0,METASEDIMENT,1
4275.0,8925.0,297.8,51979.0,METASEDIMENT,1
4325.0,8925.0,302.5,52004.0,METASEDIMENT,1
4375.0,8925.0,307.6,52043.0,METASEDIMENT,1
4425.0,8925.0,313.0,52094.0,METASEDIMENT,1
4475.0,8925.0,318.7,52148.0,METASEDIMENT,1
4525.0,8925.0,324.6,52202.0,METASEDIMENT,1
4575.0,8925.0,330.8,52250.0,METASEDIMENT,1
4625.0,8925.0,337.1,52288.0,METASEDIMENT,1
4675.0,8925.0,343.5,52311.0,METASEDIMENT,1
4725.0,8925.0,350.0,52318.0,METASEDIMENT,1
4775.0,8925.0,356.5,52304.0,METASEDIMENT,1
4825.0,8925.0,363.1,52268.0,METASEDIMENT,1
4875.0,8925.0,369.5,52212.0,METASEDIMENT,1
4925.0,8925.0,375.9,52138.0,METASEDIMENT,1
4975.0,8925.0,382.2,52054.0,METASEDIMENT,1
5025.0,8925.0,388.3,51967.0,METASEDIMENT,1
5075.0,8925.0,394.1,51886.0,METASEDIMENT,1
5125.0,8925.0,399.8,51820.0,MAFIC_VOLCANIC,1
5175.0,8925.0,405.1,51772.0,MAFIC_VOLCANIC,1
5225.0,8925.0,410.2,51744.0,MAFIC_VOLCANIC,1
5275.0,8925.0,415.0,51733.0,MAFIC_VOLCANIC,1
5325.0,8925.0,419.4,51732.0,MAFIC_VOLCANIC,1
5375.0,8925.0,423.5,51735.0,MAFIC_VOLCANIC,1
5425.0,8925.0,427.1,51734.0,MAFIC_VOLCANIC,1
5475.0,8925.0,430.4,51726.0,MAFIC_VOLCANIC,1
5525.0,8925.0,433.3,51709.0,MAFIC_VOLCANIC,1
5575.0,8925.0,435.8,51688.0,MAFIC_VOLCANIC,1
5625.0,8925.0,437.9,51668.0,MAFIC_VOLCANIC,1
5675.0,8925.0,439.6,51655.0,MAFIC_VOLCANIC,1
5725.0,8925.0,440.8,51656.0,MAFIC_VOLCANIC,1
5775.0,8925.0,441.7,51675.0,MAFIC_VOLCANIC,1
5825.0,8925.0,442.2,51714.0,MAFIC_VOLCANIC,1
5875.0,8925.0,442.2,51770.0,MAFIC_VOLCANIC,1
5925.0,8925.0,441.9,51838.0,MAFIC_VOLCANIC,1
5975.0,8925.0,441.3,51913.0,MAFIC_VOLCANIC,1
6025.0,8925.0,440.2,51989.0,FELSIC_VOLCANIC,1
6075.0,8925.0,438.9,52060.0,FELSIC_VOLCANIC,1
6125.0,8925.0,437.2,52123.0,FELSIC_VOLCANIC,1
6175.0,8925.0,435.3,52175.0,FELSIC_VOLCANIC,1
6225.0,8925.0,433.1,52213.0,FELSIC_VOLCANIC,1
6275.0,8925.0,430.6,52237.0,GRANITE,1
6325.0,8925.0,427.9,52247.0,GRANITE,1
6375.0,8925.0,425.0,52243.0,GRANITE,1
6425.0,8925.0,421.9,52228.0,GRANITE,1
6475.0,8925.0,418.6,52203.0,GRANITE,1
6525.0,8925.0,415.2,52170.0,GRANITE,1
6575.0,8925.0,411.7,52134.0,GRANITE,1
6625.0,8925.0,408.2,52097.0,GRANITE,1
6675.0,8925.0,404.5,52060.0,GRANITE,1
6725.0,8925.0,400.8,52024.0,GRANITE,1
6775.0,8925.0,397.1,51988.0,GRANITE,1
6825.0,8925.0,393.4,51950.0,GRANITE,1
6875.0,8925.0,389.7,51910.0,GRANITE,1
6925.0,8925.0,386.1,51868.0,GRANITE,1
6975.0,8925.0,382.6,51825.0,GRANITE,1
7025.0,8925.0,379.1,51784.0,GRANITE,1
7075.0,8925.0,375.8,51752.0,GRANITE,1
7125.0,8925.0,372.6,51732.0,GRANITE,1
7175.0,8925.0,369.5,51730.0,GRANITE,1
7225.0,8925.0,366.6,51747.0,GRANITE,1
7275.0,8925.0,363.9,51783.0,GRANITE,1
7325.0,8925.0,361.4,51833.0,GRANITE,1
7375.0,8925.0,359.1,51891.0,GRANITE,1
7425.0,8925.0,357.0,51952.0,GRANITE,1
7475.0,8925.0,355.1,52008.0,GRANITE,1
7525.0,8925.0,353.5,52057.0,FELSIC_VOLCANIC,1
7575.0,8925.0,352.1,52094.0,FELSIC_VOLCANIC,1
7625.0,8925.0,350.9,52122.0,FELSIC_VOLCANIC,1
7675.0,8925.0,350.0,52139.0,FELSIC_VOLCANIC,1
7725.0,8925.0,349.4,52149.0,FELSIC_VOLCANIC,1
7775.0,8925.0,349.0,52153.0,MAFIC_VOLCANIC,1
7825.0,8925.0,348.9,52149.0,MAFIC_VOLCANIC,1
7875.0,8925.0,349.0,52139.0,MAFIC_VOLCANIC,1
7925.0,8925.0,349.3,52121.0,MAFIC_VOLCANIC,1
7975.0,8925.0,349.9,52096.0,MAFIC_VOLCANIC,1
8025.0,8925.0,350.7,52065.0,MAFIC_VOLCANIC,1
8075.0,8925.0,351.7,52031.0,MAFIC_VOLCANIC,1
8125.0,8925.0,352.9,51999.0,MAFIC_VOLCANIC,1
8175.0,8925.0,354.3,51972.0,MAFIC_VOLCANIC,1
8225.0,8925.0,355.8,51954.0,MAFIC_VOLCANIC,1
8275.0,8925.0,357.6,51946.0,MAFIC_VOLCANIC,1
8325.0,8925.0,359.4,51947.0,MAFIC_VOLCANIC,1
8375.0,8925.0,361.4,51956.0,MAFIC_VOLCANIC,1
8425.0,8925.0,363.5,51968.0,MAFIC_VOLCANIC,1
8475.0,8925.0,365.7,51979.0,MAFIC_VOLCANIC,1
8525.0,8925.0,367.9,51987.0,MAFIC_VOLCANIC,1
8575.0,8925.0,370.2,51992.0,MAFIC_VOLCANIC,1
8625.0,8925.0,372.5,51994.0,MAFIC_VOLCANIC,1
8675.0,8925.0,374.9,51995.0,MAFIC_VOLCANIC,1
8725.0,8925.0,377.2,52000.0,MAFIC_VOLCANIC,1
8775.0,8925.0,379.5,52011.0,MAFIC_VOLCANIC,1
8825.0,8925.0,381.7,52030.0,MAFIC_VOLCANIC,1
8875.0,8925.0,383.9,52056.0,MAFIC_VOLCANIC,0
8925.0,8925.0,386.0,52088.0,MAFIC_VOLCANIC,0
8975.0,8925.0,388.0,52122.0,MAFIC_VOLCANIC,0
3025.0,8975.0,326.9,52126.0,METASEDIMENT,1
3075.0,8975.0,321.5,52111.0,METASEDIMENT,1
3125.0,8975.0,316.2,52101.0,METASEDIMENT,1
3175.0,8975.0,311.1,52099.0,METASEDIMENT,1
3225.0,8975.0,306.1,52107.0,METASEDIMENT,1
3275.0,8975.0,301.3,52125.0,METASEDIMENT,1
3325.0,8975.0,296.8,52152.0,METASEDIMENT,1
3375.0,8975.0,292.6,52185.0,METASEDIMENT,1
3425.0,8975.0,288.7,52221.0,METASEDIMENT,1
3475.0,8975.0,285.2,52259.0,METASEDIMENT,1
3525.0,8975.0,282.2,52297.0,METASEDIMENT,1
3575.0,8975.0,279.5,52334.0,METASEDIMENT,1
3625.0,8975.0,277.3,52369.0,METASEDIMENT,1
3675.0,8975.0,275.6,52399.0,METASEDIMENT,1
3725.0,8975.0,274.4,52420.0,METASEDIMENT,1
3775.0,8975.0,273.8,52429.0,METASEDIMENT,1
3825.0,8975.0,273.6,52421.0,METASEDIMENT,1
3875.0,8975.0,274.0,52394.0,METASEDIMENT,1
3925.0,8975.0,274.9,52348.0,METASEDIMENT,1
3975.0,8975.0,276.4,52287.0,METASEDIMENT,1
4025.0,8975.0,278.4,52216.0,METASEDIMENT,1
4075.0,8975.0,280.9,52143.0,METASEDIMENT,1
4125.0,8975.0,283.9,52078.0,METASEDIMENT,1
4175.0,8975.0,287.4,52028.0,METASEDIMENT,1
4225.0,8975.0,291.3,51998.0,METASEDIMENT,1
4275.0,8975.0,295.6,51991.0,METASEDIMENT,1
4325.0,8975.0,300.4,52006.0,METASEDIMENT,1
4375.0,8975.0,305.5,52039.0,METASEDIMENT,1
4425.0,8975.0,310.9,52086.0,METASEDIMENT,1
4475.0,8975.0,316.6,52139.0,METASEDIMENT,1
4525.0,8975.0,322.6,52195.0,METASEDIMENT,1
4575.0,8975.0,328.7,52246.0,METASEDIMENT,1
4625.0,8975.0,335.0,52290.0,METASEDIMENT,1
4675.0,8975.0,341.5,52321.0,METASEDIMENT,1
4725.0,8975.0,348.0,52336.0,METASEDIMENT,1
4775.0,8975.0,354.5,52332.0,METASEDIMENT,1
4825.0,8975.0,361.0,52305.0,METASEDIMENT,1
4875.0,8975.0,367.5,52257.0,METASEDIMENT,1
4925.0,8975.0,373.9,52190.0,METASEDIMENT,1
4975.0,8975.0,380.1,52108.0,METASEDIMENT,1
5025.0,8975.0,386.2,52020.0,METASEDIMENT,1
5075.0,8975.0,392.0,51934.0,METASEDIMENT,1
5125.0,8975.0,397.7,51860.0,MAFIC_VOLCANIC,1
5175.0,8975.0,403.0,51802.0,MAFIC_VOLCANIC,1
5225.0,8975.0,408.1,51765.0,MAFIC_VOLCANIC,1
5275.0,8975.0,412.9,51746.0,MAFIC_VOLCANIC,1
5325.0,8975.0,417.3,51742.0,MAFIC_VOLCANIC,1
5375.0,8975.0,421.3,51744.0,MAFIC_VOLCANIC,1
5425.0,8975.0,425.0,51747.0,MAFIC_VOLCANIC,1
5475.0,8975.0,428.3,51743.0,MAFIC_VOLCANIC,1
5525.0,8975.0,431.2,51732.0,MAFIC_VOLCANIC,1
5575.0,8975.0,433.7,51714.0,MAFIC_VOLCANIC,1
5625.0,8975.0,435.8,51694.0,MAFIC_VOLCANIC,1
5675.0,8975.0,437.5,51678.0,MAFIC_VOLCANIC,1
5725.0,8975.0,438.7,51674.0,MAFIC_VOLCANIC,1
5775.0,8975.0,439.6,51685.0,MAFIC_VOLCANIC,1
5825.0,8975.0,440.1,51714.0,MAFIC_VOLCANIC,1
5875.0,8975.0,440.2,51761.0,MAFIC_VOLCANIC,1
5925.0,8975.0,439.9,51822.0,MAFIC_VOLCANIC,1
5975.0,8975.0,439.3,51892.0,MAFIC_VOLCANIC,1
6025.0,8975.0,438.3,51964.0,FELSIC_VOLCANIC,1
6075.0,8975.0,437.0,52034.0,FELSIC_VOLCANIC,1
6125.0,8975.0,435.4,52097.0,FELSIC_VOLCANIC,1
6175.0,8975.0,433.4,52149.0,FELSIC_VOLCANIC,1
6225.0,8975.0,431.2,52189.0,FELSIC_VOLCANIC,1
6275.0,8975.0,428.8,52215.0,GRANITE,1
6325.0,8975.0,426.1,52228.0,GRANITE,1
6375.0,8975.0,423.2,52227.0,GRANITE,1
6425.0,8975.0,420.1,52215.0,GRANITE,1
6475.0,8975.0,416.9,52192.0,GRANITE,1
6525.0,8975.0,413.5,52163.0,GRANITE,1
6575.0,8975.0,410.0,52129.0,GRANITE,1
6625.0,8975.0,406.5,52094.0,GRANITE,1
6675.0,8975.0,402.8,52060.0,GRANITE,1
6725.0,8975.0,399.1,52026.0,GRANITE,1
6775.0,8975.0,395.4,51993.0,GRANITE,1
6825.0,8975.0,391.7,51959.0,GRANITE,1
6875.0,8975.0,388.0,51922.0,GRANITE,1
6925.0,8975.0,384.3,51881.0,GRANITE,1
6975.0,8975.0,380.8,51837.0,GRANITE,1
7025.0,8975.0,377.3,51794.0,GRANITE,1
7075.0,8975.0,373.9,51755.0,GRANITE,1
7125.0,8975.0,370.6,51726.0,GRANITE,1
7175.0,8975.0,367.5,51713.0,GRANITE,1
7225.0,8975.0,364.6,51719.0,GRANITE,1
7275.0,8975.0,361.8,51745.0,GRANITE,1
7325.0,8975.0,359.2,51787.0,GRANITE,1
7375.0,8975.0,356.9,51842.0,GRANITE,1
7425.0,8975.0,354.7,51902.0,GRANITE,1
7475.0,8975.0,352.8,51962.0,GRANITE,1
7525.0,8975.0,351.1,52017.0,FELSIC_VOLCANIC,1
7575.0,8975.0,349.7,52062.0,FELSIC_VOLCANIC,1
7625.0,8975.0,348.5,52098.0,FELSIC_VOLCANIC,1
7675.0,8975.0,347.5,52123.0,FELSIC_VOLCANIC,1
7725.0,8975.0,346.8,52141.0,FELSIC_VOLCANIC,1
7775.0,8975.0,346.4,52151.0,MAFIC_VOLCANIC,1
7825.0,8975.0,346.2,52154.0,MAFIC_VOLCANIC,1
7875.0,8975.0,346.3,52150.0,MAFIC_VOLCANIC,1
7925.0,8975.0,346.6,52139.0,MAFIC_VOLCANIC,1
7975.0,8975.0,347.1,52119.0,MAFIC_VOLCANIC,1
8025.0,8975.0,347.9,52092.0,MAFIC_VOLCANIC,1
8075.0,8975.0,348.9,52061.0,MAFIC_VOLCANIC,1
8125.0,8975.0,350.1,52029.0,MAFIC_VOLCANIC,1
8175.0,8975.0,351.5,51999.0,MAFIC_VOLCANIC,1
8225.0,8975.0,353.1,51977.0,MAFIC_VOLCANIC,1
8275.0,8975.0,354.9,51965.0,MAFIC_VOLCANIC,1
8325.0,8975.0,356.8,51962.0,MAFIC_VOLCANIC,1
8375.0,8975.0,358.8,51968.0,MAFIC_VOLCANIC,1
8425.0,8975.0,361.0,51978.0,MAFIC_VOLCANIC,1
8475.0,8975.0,363.2,51989.0,MAFIC_VOLCANIC,1
8525.0,8975.0,365.5,51998.0,MAFIC_VOLCANIC,1
8575.0,8975.0,367.9,52003.0,MAFIC_VOLCANIC,1
8625.0,8975.0,370.3,52004.0,MAFIC_VOLCANIC,1
8675.0,8975.0,372.8,52002.0,MAFIC_VOLCANIC,1
8725.0,8975.0,375.2,52002.0,MAFIC_VOLCANIC,1
8775.0,8975.0,377.6,52005.0,MAFIC_VOLCANIC,1
8825.0,8975.0,380.0,52016.0,MAFIC_VOLCANIC,1
8875.0,8975.0,382.3,52034.0,MAFIC_VOLCANIC,0
8925.0,8975.0,384.5,52060.0,MAFIC_VOLCANIC,0
8975.0,8975.0,386.7,52090.0,MAFIC_VOLCANIC,0
3025.0,9025.0,324.8,52131.0,METASEDIMENT,1
3075.0,9025.0,319.3,52119.0,METASEDIMENT,1
3125.0,9025.0,314.0,52110.0,METASEDIMENT,1
3175.0,9025.0,308.8,52109.0,METASEDIMENT,1
3225.0,9025.0,303.8,52117.0,METASEDIMENT,1
3275.0,9025.0,299.0,52136.0,METASEDIMENT,1
3325.0,9025.0,294.5,52163.0,METASEDIMENT,1
3375.0,9025.0,290.3,52195.0,METASEDIMENT,1
3425.0,9025.0,286.5,52229.0,METASEDIMENT,1
3475.0,9025.0,283.0,52264.0,METASEDIMENT,1
3525.0,9025.0,280.0,52297.0,METASEDIMENT,1
3575.0,9025.0,277.3,52329.0,METASEDIMENT,1
3625.0,9025.0,275.2,52359.0,METASEDIMENT,1
3675.0,9025.0,273.5,52385.0,METASEDIMENT,1
3725.0,9025.0,272.4,52407.0,METASEDIMENT,1
3775.0,9025.0,271.8,52420.0,METASEDIMENT,1
3825.0,9025.0,271.7,52420.0,METASEDIMENT,1
3875.0,9025.0,272.1,52404.0,METASEDIMENT,1
3925.0,9025.0,273.1,52370.0,METASEDIMENT,1
3975.0,9025.0,274.6,52319.0,METASEDIMENT,1
4025.0,9025.0,276.6,52255.0,METASEDIMENT,1
4075.0,9025.0,279.2,52186.0,METASEDIMENT,1
4125.0,9025.0,282.2,52119.0,METASEDIMENT,1
4175.0,9025.0,285.7,52062.0,METASEDIMENT,1
4225.0,9025.0,289.6,52023.0,METASEDIMENT,1
4275.0,9025.0,294.0,52006.0,METASEDIMENT,1
4325.0,9025.0,298.8,52011.0,METASEDIMENT,1
4375.0,9025.0,303.9,52035.0,METASEDIMENT,1
4425.0,9025.0,309.3,52076.0,METASEDIMENT,1
4475.0,9025.0,315.0,52127.0,METASEDIMENT,1
4525.0,9025.0,321.0,52182.0,METASEDIMENT,1
4575.0,9025.0,327.1,52236.0,METASEDIMENT,1
4625.0,9025.0,333.4,52284.0,METASEDIMENT,1
4675.0,9025.0,339.9,52322.0,METASEDIMENT,1
4725.0,9025.0,346.4,52346.0,METASEDIMENT,1
4775.0,9025.0,352.9,52351.0,METASEDIMENT,1
4825.0,9025.0,359.4,52335.0,METASEDIMENT,1
4875.0,9025.0,365.8,52296.0,METASEDIMENT,1
4925.0,9025.0,372.2,52237.0,METASEDIMENT,1
4975.0,9025.0,378.4,52161.0,METASEDIMENT,1
5025.0,9025.0,384.4,52075.0,METASEDIMENT,1
5075.0,9025.0,390.3,51987.0,METASEDIMENT,1
5125.0,9025.0,395.9,51906.0,METASEDIMENT,1
5175.0,9025.0,401.2,51840.0,MAFIC_VOLCANIC,1
5225.0,9025.0,406.2,51793.0,MAFIC_VOLCANIC,1
5275.0,9025.0,411.0,51766.0,MAFIC_VOLCANIC,1
5325.0,9025.0,415.4,51756.0,MAFIC_VOLCANIC,1
5375.0,9025.0,419.4,51756.0,MAFIC_VOLCANIC,1
5425.0,9025.0,423.1,51760.0,MAFIC_VOLCANIC,1
5475.0,9025.0,426.4,51760.0,MAFIC_VOLCANIC,1
5525.0,9025.0,429.3,51753.0,MAFIC_VOLCANIC,1
5575.0,9025.0,431.8,51739.0,MAFIC_VOLCANIC,1
5625.0,9025.0,433.9,51721.0,MAFIC_VOLCANIC,1
5675.0,9025.0,435.6,51704.0,MAFIC_VOLCANIC,1
5725.0,9025.0,436.8,51695.0,MAFIC_VOLCANIC,1
5775.0,9025.0,437.7,51699.0,MAFIC_VOLCANIC,1
5825.0,9025.0,438.2,51721.0,MAFIC_VOLCANIC,1
5875.0,9025.0,438.4,51759.0,MAFIC_VOLCANIC,1
5925.0,9025.0,438.1,51812.0,MAFIC_VOLCANIC,1
5975.0,9025.0,437.5,51876.0,MAFIC_VOLCANIC,1
6025.0,9025.0,436.6,51945.0,FELSIC_VOLCANIC,1
6075.0,9025.0,435.3,52013.0,FELSIC_VOLCANIC,1
6125.0,9025.0,433.7,52075.0,FELSIC_VOLCANIC,1
6175.0,9025.0,431.8,52127.0,FELSIC_VOLCANIC,1
6225.0,9025.0,429.6,52168.0,FELSIC_VOLCANIC,1
6275.0,9025.0,427.2,52196.0,GRANITE,1
6325.0,9025.0,424.6,52210.0,GRANITE,1
6375.0,9025.0,421.7,52212.0,GRANITE,1
6425.0,9025.0,418.7,52201.0,GRANITE,1
6475.0,9025.0,415.4,52181.0,GRANITE,1
6525.0,9025.0,412.1,52154.0,GRANITE,1
6575.0,9025.0,408.6,52123.0,GRANITE,1
6625.0,9025.0,405.0,52090.0,GRANITE,1
6675.0,9025.0,401.4,52057.0,GRANITE,1
6725.0,9025.0,397.7,52027.0,GRANITE,1
6775.0,9025.0,394.0,51997.0,GRANITE,1
6825.0,9025.0,390.3,51967.0,GRANITE,1
6875.0,9025.0,386.6,51934.0,GRANITE,1
6925.0,9025.0,382.9,51897.0,GRANITE,1
6975.0,9025.0,379.3,51855.0,GRANITE,1
7025.0,9025.0,375.8,51810.0,GRANITE,1
7075.0,9025.0,372.4,51767.0,GRANITE,1
7125.0,9025.0,369.1,51731.0,GRANITE,1
7175.0,9025.0,365.9,51708.0,GRANITE,1
7225.0,9025.0,363.0,51701.0,GRANITE,1
7275.0,9025.0,360.1,51715.0,GRANITE,1
7325.0,9025.0,357.5,51747.0,GRANITE,1
7375.0,9025.0,355.1,51795.0,GRANITE,1
7425.0,9025.0,352.9,51852.0,GRANITE,1
7475.0,9025.0,350.9,51913.0,GRANITE,1
7525.0,9025.0,349.1,51971.0,FELSIC_VOLCANIC,1
7575.0,9025.0,347.6,52022.0,FELSIC_VOLCANIC,1
7625.0,9025.0,346.4,52065.0,FELSIC_VOLCANIC,1
7675.0,9025.0,345.4,52098.0,FELSIC_VOLCANIC,1
7725.0,9025.0,344.7,52122.0,FELSIC_VOLCANIC,1
7775.0,9025.0,344.2,52139.0,MAFIC_VOLCANIC,1
7825.0,9025.0,344.0,52148.0,MAFIC_VOLCANIC,1
7875.0,9025.0,344.0,52151.0,MAFIC_VOLCANIC,1
7925.0,9025.0,344.3,52145.0,MAFIC_VOLCANIC,1
7975.0,9025.0,344.8,52131.0,MAFIC_VOLCANIC,1
8025.0,9025.0,345.6,52110.0,MAFIC_VOLCANIC,1
8075.0,9025.0,346.6,52082.0,MAFIC_VOLCANIC,1
8125.0,9025.0,347.8,52051.0,MAFIC_VOLCANIC,1
8175.0,9025.0,349.2,52021.0,MAFIC_VOLCANIC,1
8225.0,9025.0,350.8,51997.0,MAFIC_VOLCANIC,1
8275.0,9025.0,352.6,51981.0,MAFIC_VOLCANIC,1
8325.0,9025.0,354.5,51975.0,MAFIC_VOLCANIC,1
8375.0,9025.0,356.6,51978.0,MAFIC_VOLCANIC,1
8425.0,9025.0,358.8,51988.0,MAFIC_VOLCANIC,1
8475.0,9025.0,361.1,51999.0,MAFIC_VOLCANIC,1
8525.0,9025.0,363.5,52009.0,MAFIC_VOLCANIC,1
8575.0,9025.0,365.9,52015.0,MAFIC_VOLCANIC,1
8625.0,9025.0,368.4,52017.0,MAFIC_VOLCANIC,1
8675.0,9025.0,370.9,52014.0,MAFIC_VOLCANIC,1
8725.0,9025.0,373.5,52009.0,MAFIC_VOLCANIC,1
8775.0,9025.0,376.0,52007.0,MAFIC_VOLCANIC,1
8825.0,9025.0,378.4,52010.0,MAFIC_VOLCANIC,0
8875.0,9025.0,380.9,52019.0,MAFIC_VOLCANIC,0
8925.0,9025.0,383.2,52037.0,MAFIC_VOLCANIC,0
8975.0,9025.0,385.5,52060.0,MAFIC_VOLCANIC,0
3025.0,9075.0,323.2,52131.0,METASEDIMENT,1
3075.0,9075.0,317.7,52122.0,METASEDIMENT,1
3125.0,9075.0,312.4,52115.0,METASEDIMENT,1
3175.0,9075.0,307.2,52114.0,METASEDIMENT,1
3225.0,9075.0,302.1,52123.0,METASEDIMENT,1
3275.0,9075.0,297.4,52142.0,METASEDIMENT,1
3325.0,9075.0,292.9,52170.0,METASEDIMENT,1
3375.0,9075.0,288.7,52203.0,METASEDIMENT,1
3425.0,9075.0,284.9,52237.0,METASEDIMENT,1
3475.0,9075.0,281.4,52269.0,METASEDIMENT,1
3525.0,9075.0,278.4,52299.0,METASEDIMENT,1
3575.0,9075.0,275.8,52326.0,METASEDIMENT,1
3625.0,9075.0,273.7,52350.0,METASEDIMENT,1
3675.0,9075.0,272.1,52372.0,METASEDIMENT,1
3725.0,9075.0,271.0,52391.0,METASEDIMENT,1
3775.0,9075.0,270.4,52404.0,METASEDIMENT,1
3825.0,9075.0,270.3,52409.0,METASEDIMENT,1
3875.0,9075.0,270.8,52401.0,METASEDIMENT,1
3925.0,9075.0,271.8,52378.0,METASEDIMENT,1
3975.0,9075.0,273.4,52338.0,METASEDIMENT,1
4025.0,9075.0,275.4,52284.0,METASEDIMENT,1
4075.0,9075.0,278.0,52220.0,METASEDIMENT,1
4125.0,9075.0,281.1,52155.0,METASEDIMENT,1
4175.0,9075.0,284.6,52095.0,METASEDIMENT,1
4225.0,9075.0,288.5,52049.0,METASEDIMENT,1
4275.0,9075.0,292.9,52023.0,METASEDIMENT,1
4325.0,9075.0,297.7,52017.0,METASEDIMENT,1
4375.0,9075.0,302.8,52032.0,METASEDIMENT,1
4425.0,9075.0,308.2,52066.0,METASEDIMENT,1
4475.0,9075.0,313.9,52111.0,METASEDIMENT,1
4525.0,9075.0,319.9,52165.0,METASEDIMENT,1
4575.0,9075.0,326.0,52219.0,METASEDIMENT,1
4625.0,9075.0,332.3,52271.0,METASEDIMENT,1
4675.0,9075.0,338.7,52314.0,METASEDIMENT,1
4725.0,9075.0,345.1,52345.0,METASEDIMENT,1
4775.0,9075.0,351.6,52359.0,METASEDIMENT,1
4825.0,9075.0,358.1,52354.0,METASEDIMENT,1
4875.0,9075.0,364.5,52326.0,METASEDIMENT,1
4925.0,9075.0,370.8,52278.0,METASEDIMENT,1
4975.0,9075.0,376.9,52210.0,METASEDIMENT,1
5025.0,9075.0,382.9,52129.0,METASEDIMENT,1
5075.0,9075.0,388.7,52041.0,METASEDIMENT,1
5125.0,9075.0,394.3,51957.0,METASEDIMENT,1
5175.0,9075.0,399.6,51885.0,METASEDIMENT,1
5225.0,9075.0,404.6,51829.0,MAFIC_VOLCANIC,1
5275.0,9075.0,409.3,51793.0,MAFIC_VOLCANIC,1
5325.0,9075.0,413.7,51776.0,MAFIC_VOLCANIC,1
5375.0,9075.0,417.7,51771.0,MAFIC_VOLCANIC,1
5425.0,9075.0,421.4,51774.0,MAFIC_VOLCANIC,1
5475.0,9075.0,424.7,51776.0,MAFIC_VOLCANIC,1
5525.0,9075.0,427.5,51773.0,MAFIC_VOLCANIC,1
5575.0,9075.0,430.0,51763.0,MAFIC_VOLCANIC,1
5625.0,9075.0,432.1,51748.0,MAFIC_VOLCANIC,1
5675.0,9075.0,433.8,51731.0,MAFIC_VOLCANIC,1
5725.0,9075.0,435.1,51719.0,MAFIC_VOLCANIC,1
5775.0,9075.0,436.1,51718.0,MAFIC_VOLCANIC,1
5825.0,9075.0,436.6,51732.0,MAFIC_VOLCANIC,1
5875.0,9075.0,436.7,51762.0,MAFIC_VOLCANIC,1
5925.0,9075.0,436.5,51809.0,MAFIC_VOLCANIC,1
5975.0,9075.0,435.9,51867.0,MAFIC_VOLCANIC,1
6025.0,9075.0,435.0,51931.0,FELSIC_VOLCANIC,1
6075.0,9075.0,433.8,51996.0,FELSIC_VOLCANIC,1
6125.0,9075.0,432.2,52058.0,FELSIC_VOLCANIC,1
6175.0,9075.0,430.4,52110.0,FELSIC_VOLCANIC,1
6225.0,9075.0,428.2,52152.0,FELSIC_VOLCANIC,1
6275.0,9075.0,425.9,52181.0,GRANITE,1
6325.0,9075.0,423.3,52196.0,GRANITE,1
6375.0,9075.0,420.4,52199.0,GRANITE,1
6425.0,9075.0,417.4,52190.0,GRANITE,1
6475.0,9075.0,414.2,52172.0,GRANITE,1
6525.0,9075.0,410.9,52146.0,GRANITE,1
6575.0,9075.0,407.5,52116.0,GRANITE,1
6625.0,9075.0,403.9,52084.0,GRANITE,1
6675.0,9075.0,400.3,52054.0,GRANITE,1
6725.0,9075.0,396.6,52026.0,GRANITE,1
6775.0,9075.0,392.9,51999.0,GRANITE,1
6825.0,9075.0,389.2,51973.0,GRANITE,1
6875.0,9075.0,385.5,51945.0,GRANITE,1
6925.0,9075.0,381.8,51913.0,GRANITE,1
6975.0,9075.0,378.2,51875.0,GRANITE,1
7025.0,9075.0,374.7,51832.0,GRANITE,1
7075.0,9075.0,371.2,51787.0,GRANITE,1
7125.0,9075.0,367.9,51746.0,GRANITE,1
7175.0,9075.0,364.7,51713.0,GRANITE,1
7225.0,9075.0,361.7,51696.0,GRANITE,1
7275.0,9075.0,358.9,51696.0,GRANITE,1
7325.0,9075.0,356.2,51717.0,GRANITE,1
7375.0,9075.0,353.7,51755.0,GRANITE,1
7425.0,9075.0,351.4,51806.0,GRANITE,1
7475.0,9075.0,349.4,51864.0,GRANITE,1
7525.0,9075.0,347.6,51923.0,GRANITE,1
7575.0,9075.0,346.1,51978.0,FELSIC_VOLCANIC,1
7625.0,9075.0,344.8,52025.0,FELSIC_VOLCANIC,1
7675.0,9075.0,343.7,52065.0,FELSIC_VOLCANIC,1
7725.0,9075.0,342.9,52095.0,FELSIC_VOLCANIC,1
7775.0,9075.0,342.4,52118.0,MAFIC_VOLCANIC,1
7825.0,9075.0,342.1,52133.0,MAFIC_VOLCANIC,1
7875.0,9075.0,342.1,52141.0,MAFIC_VOLCANIC,1
7925.0,9075.0,342.4,52141.0,MAFIC_VOLCANIC,1
7975.0,9075.0,342.9,52133.0,MAFIC_VOLCANIC,1
8025.0,9075.0,343.6,52116.0,MAFIC_VOLCANIC,1
8075.0,9075.0,344.6,52093.0,MAFIC_VOLCANIC,1
8125.0,9075.0,345.8,52065.0,MAFIC_VOLCANIC,1
8175.0,9075.0,347.2,52036.0,MAFIC_VOLCANIC,1
8225.0,9075.0,348.9,52011.0,MAFIC_VOLCANIC,1
8275.0,9075.0,350.6,51993.0,MAFIC_VOLCANIC,1
8325.0,9075.0,352.6,51984.0,MAFIC_VOLCANIC,1
8375.0,9075.0,354.7,51985.0,MAFIC_VOLCANIC,1
8425.0,9075.0,356.9,51994.0,MAFIC_VOLCANIC,1
8475.0,9075.0,359.3,52006.0,MAFIC_VOLCANIC,1
8525.0,9075.0,361.7,52018.0,MAFIC_VOLCANIC,1
8575.0,9075.0,364.2,52027.0,MAFIC_VOLCANIC,1
8625.0,9075.0,366.8,52030.0,MAFIC_VOLCANIC,1
8675.0,9075.0,369.4,52028.0,MAFIC_VOLCANIC,1
8725.0,9075.0,372.0,52022.0,MAFIC_VOLCANIC,1
8775.0,9075.0,374.6,52015.0,MAFIC_VOLCANIC,1
8825.0,9075.0,377.1,52011.0,MAFIC_VOLCANIC,0
8875.0,9075.0,379.7,52012.0,MAFIC_VOLCANIC,0
8925.0,9075.0,382.1,52020.0,MAFIC_VOLCANIC,0
8975.0,9075.0,384.5,52036.0,MAFIC_VOLCANIC,0
3025.0,9125.0,322.1,52127.0,METASEDIMENT,1
3075.0,9125.0,316.6,52121.0,METASEDIMENT,1
3125.0,9125.0,311.3,52115.0,METASEDIMENT,1
3175.0,9125.0,306.1,52115.0,METASEDIMENT,1
3225.0,9125.0,301.1,52124.0,METASEDIMENT,1
3275.0,9125.0,296.3,52143.0,METASEDIMENT,1
3325.0,9125.0,291.8,52172.0,METASEDIMENT,1
3375.0,9125.0,287.7,52206.0,METASEDIMENT,1
3425.0,9125.0,283.8,52242.0,METASEDIMENT,1
3475.0,9125.0,280.4,52275.0,METASEDIMENT,1
3525.0,9125.0,277.4,52303.0,METASEDIMENT,1
3575.0,9125.0,274.9,52326.0,METASEDIMENT,1
3625.0,9125.0,272.8,52344.0,METASEDIMENT,1
3675.0,9125.0,271.3,52360.0,METASEDIMENT,1
3725.0,9125.0,270.2,52374.0,METASEDIMENT,1
3775.0,9125.0,269.6,52385.0,METASEDIMENT,1
3825.0,9125.0,269.6,52391.0,METASEDIMENT,1
3875.0,9125.0,270.1,52388.0,METASEDIMENT,1
3925.0,9125.0,271.2,52374.0,METASEDIMENT,1
3975.0,9125.0,272.7,52344.0,METASEDIMENT,1
4025.0,9125.0,274.8,52301.0,METASEDIMENT,1
4075.0,9125.0,277.4,52245.0,METASEDIMENT,1
4125.0,9125.0,280.5,52185.0,METASEDIMENT,1
4175.0,9125.0,284.0,52125.0,METASEDIMENT,1
4225.0,9125.0,288.0,52075.0,METASEDIMENT,1
4275.0,9125.0,292.3,52041.0,METASEDIMENT,1
4325.0,9125.0,297.1,52026.0,METASEDIMENT,1
4375.0,9125.0,302.2,52032.0,METASEDIMENT,1
4425.0,9125.0,307.6,52056.0,METASEDIMENT,1
4475.0,9125.0,313.3,52096.0,METASEDIMENT,1
4525.0,9125.0,319.2,52144.0,METASEDIMENT,1
4575.0,9125.0,325.2,52198.0,METASEDIMENT,1
4625.0,9125.0,331.5,52250.0,METASEDIMENT,1
4675.0,9125.0,337.8,52297.0,METASEDIMENT,1
4725.0,9125.0,344.2,52334.0,METASEDIMENT,1
4775.0,9125.0,350.7,52356.0,METASEDIMENT,1
4825.0,9125.0,357.1,52361.0,METASEDIMENT,1
4875.0,9125.0,363.4,52345.0,METASEDIMENT,1
4925.0,9125.0,369.7,52308.0,METASEDIMENT,1
4975.0,9125.0,375.8,52250.0,METASEDIMENT,1
5025.0,9125.0,381.8,52177.0,METASEDIMENT,1
5075.0,9125.0,387.5,52093.0,METASEDIMENT,1
5125.0,9125.0,393.0,52009.0,METASEDIMENT,1
5175.0,9125.0,398.3,51932.0,METASEDIMENT,1
5225.0,9125.0,403.3,51870.0,METASEDIMENT,1
5275.0,9125.0,407.9,51826.0,MAFIC_VOLCANIC,1
5325.0,9125.0,412.3,51800.0,MAFIC_VOLCANIC,1
5375.0,9125.0,416.3,51790.0,MAFIC_VOLCANIC,1
5425.0,9125.0,419.9,51790.0,MAFIC_VOLCANIC,1
5475.0,9125.0,423.1,51793.0,MAFIC_VOLCANIC,1
5525.0,9125.0,426.0,51792.0,MAFIC_VOLCANIC,1
5575.0,9125.0,428.5,51786.0,MAFIC_VOLCANIC,1
5625.0,9125.0,430.6,51773.0,MAFIC_VOLCANIC,1
5675.0,9125.0,432.3,51757.0,MAFIC_VOLCANIC,1
5725.0,9125.0,433.6,51744.0,MAFIC_VOLCANIC,1
5775.0,9125.0,434.6,51738.0,MAFIC_VOLCANIC,1
5825.0,9125.0,435.1,51746.0,MAFIC_VOLCANIC,1
5875.0,9125.0,435.3,51770.0,MAFIC_VOLCANIC,1
5925.0,9125.0,435.1,51809.0,MAFIC_VOLCANIC,1
5975.0,9125.0,434.6,51862.0,MAFIC_VOLCANIC,1
6025.0,9125.0,433.7,51922.0,FELSIC_VOLCANIC,1
6075.0,9125.0,432.5,51985.0,FELSIC_VOLCANIC,1
6125.0,9125.0,431.0,52045.0,FELSIC_VOLCANIC,1
6175.0,9125.0,429.2,52098.0,FELSIC_VOLCANIC,1
6225.0,9125.0,427.1,52140.0,FELSIC_VOLCANIC,1
6275.0,9125.0,424.8,52170.0,GRANITE,1
6325.0,9125.0,422.2,52187.0,GRANITE,1
6375.0,9125.0,419.4,52191.0,GRANITE,1
6425.0,9125.0,416.4,52183.0,GRANITE,1
6475.0,9125.0,413.3,52165.0,GRANITE,1
6525.0,9125.0,410.0,52140.0,GRANITE,1
6575.0,9125.0,406.6,52110.0,GRANITE,1
6625.0,9125.0,403.1,52079.0,GRANITE,1
6675.0,9125.0,399.5,52050.0,GRANITE,1
6725.0,9125.0,395.8,52023.0,GRANITE,1
6775.0,9125.0,392.1,52000.0,GRANITE,1
6825.0,9125.0,388.4,51978.0,GRANITE,1
6875.0,9125.0,384.7,51955.0,GRANITE,1
6925.0,9125.0,381.1,51929.0,GRANITE,1
6975.0,9125.0,377.4,51896.0,GRANITE,1
7025.0,9125.0,373.9,51857.0,GRANITE,1
7075.0,9125.0,370.5,51813.0,GRANITE,1
7125.0,9125.0,367.1,51769.0,GRANITE,1
7175.0,9125.0,363.9,51730.0,GRANITE,1
7225.0,9125.0,360.9,51702.0,GRANITE,1
7275.0,9125.0,358.0,51690.0,GRANITE,1
7325.0,9125.0,355.3,51698.0,GRANITE,1
7375.0,9125.0,352.7,51724.0,GRANITE,1
7425.0,9125.0,350.4,51765.0,GRANITE,1
7475.0,9125.0,348.4,51818.0,GRANITE,1
7525.0,9125.0,346.5,51875.0,GRANITE,1
7575.0,9125.0,344.9,51931.0,FELSIC_VOLCANIC,1
7625.0,9125.0,343.6,51982.0,FELSIC_VOLCANIC,1
7675.0,9125.0,342.5,52026.0,FELSIC_VOLCANIC,1
7725.0,9125.0,341.6,52061.0,FELSIC_VOLCANIC,1
7775.0,9125.0,341.1,52089.0,MAFIC_VOLCANIC,1
7825.0,9125.0,340.8,52110.0,MAFIC_VOLCANIC,1
7875.0,9125.0,340.7,52123.0,MAFIC_VOLCANIC,1
7925.0,9125.0,340.9,52128.0,MAFIC_VOLCANIC,1
7975.0,9125.0,341.4,52125.0,MAFIC_VOLCANIC,1
8025.0,9125.0,342.1,52113.0,MAFIC_VOLCANIC,1
8075.0,9125.0,343.1,52094.0,MAFIC_VOLCANIC,1
8125.0,9125.0,344.3,52069.0,MAFIC_VOLCANIC,1
8175.0,9125.0,345.7,52042.0,MAFIC_VOLCANIC,1
8225.0,9125.0,347.3,52017.0,MAFIC_VOLCANIC,1
8275.0,9125.0,349.1,51998.0,MAFIC_VOLCANIC,1
8325.0,9125.0,351.1,51988.0,MAFIC_VOLCANIC,1
8375.0,9125.0,353.2,51987.0,MAFIC_VOLCANIC,1
8425.0,9125.0,355.4,51995.0,MAFIC_VOLCANIC,1
8475.0,9125.0,357.8,52008.0,MAFIC_VOLCANIC,1
8525.0,9125.0,360.3,52023.0,MAFIC_VOLCANIC,1
8575.0,9125.0,362.9,52036.0,MAFIC_VOLCANIC,1
8625.0,9125.0,365.5,52043.0,MAFIC_VOLCANIC,1
8675.0,9125.0,368.1,52043.0,MAFIC_VOLCANIC,1
8725.0,9125.0,370.8,52038.0,MAFIC_VOLCANIC,1
8775.0,9125.0,373.4,52028.0,MAFIC_VOLCANIC,1
8825.0,9125.0,376.1,52019.0,MAFIC_VOLCANIC,0
8875.0,9125.0,378.7,52012.0,MAFIC_VOLCANIC,0
8925.0,9125.0,381.2,52011.0,MAFIC_VOLCANIC,0
8975.0,9125.0,383.7,52017.0,MAFIC_VOLCANIC,0
3025.0,9175.0,321.6,52118.0,METASEDIMENT,1
3075.0,9175.0,316.1,52116.0,METASEDIMENT,1
3125.0,9175.0,310.7,52111.0,METASEDIMENT,1
3175.0,9175.0,305.5,52111.0,METASEDIMENT,1
3225.0,9175.0,300.5,52119.0,METASEDIMENT,1
3275.0,9175.0,295.8,52139.0,METASEDIMENT,1
3325.0,9175.0,291.3,52168.0,METASEDIMENT,1
3375.0,9175.0,287.2,52205.0,METASEDIMENT,1
3425.0,9175.0,283.4,52243.0,METASEDIMENT,1
3475.0,9175.0,280.0,52278.0,METASEDIMENT,1
3525.0,9175.0,277.1,52307.0,METASEDIMENT,1
3575.0,9175.0,274.6,52328.0,METASEDIMENT,1
3625.0,9175.0,272.6,52342.0,METASEDIMENT,1
3675.0,9175.0,271.0,52353.0,METASEDIMENT,1
3725.0,9175.0,270.0,52360.0,METASEDIMENT,1
3775.0,9175.0,269.5,52366.0,METASEDIMENT,1
3825.0,9175.0,269.5,52370.0,METASEDIMENT,1
3875.0,9175.0,270.0,52370.0,METASEDIMENT,1
3925.0,9175.0,271.1,52361.0,METASEDIMENT,1
3975.0,9175.0,272.6,52340.0,METASEDIMENT,1
4025.0,9175.0,274.7,52307.0,METASEDIMENT,1
4075.0,9175.0,277.3,52261.0,METASEDIMENT,1
4125.0,9175.0,280.4,52207.0,METASEDIMENT,1
4175.0,9175.0,283.9,52151.0,METASEDIMENT,1
4225.0,9175.0,287.9,52100.0,METASEDIMENT,1
4275.0,9175.0,292.2,52061.0,METASEDIMENT,1
4325.0,9175.0,296.9,52038.0,METASEDIMENT,1
4375.0,9175.0,302.0,52035.0,METASEDIMENT,1
4425.0,9175.0,307.4,52050.0,METASEDIMENT,1
4475.0,9175.0,313.0,52081.0,METASEDIMENT,1
4525.0,9175.0,318.9,52124.0,METASEDIMENT,1
4575.0,9175.0,324.9,52173.0,METASEDIMENT,1
4625.0,9175.0,331.1,52224.0,METASEDIMENT,1
4675.0,9175.0,337.4,52273.0,METASEDIMENT,1
4725.0,9175.0,343.7,52314.0,METASEDIMENT,1
4775.0,9175.0,350.1,52343.0,METASEDIMENT,1
4825.0,9175.0,356.4,52356.0,METASEDIMENT,1
4875.0,9175.0,362.7,52352.0,METASEDIMENT,1
4925.0,9175.0,368.9,52326.0,METASEDIMENT,1
4975.0,9175.0,374.9,52280.0,METASEDIMENT,1
5025.0,9175.0,380.8,52216.0,METASEDIMENT,1
5075.0,9175.0,386.5,52140.0,METASEDIMENT,1
5125.0,9175.0,392.0,52059.0,METASEDIMENT,1
5175.0,9175.0,397.2,51980.0,METASEDIMENT,1
5225.0,9175.0,402.1,51913.0,METASEDIMENT,1
5275.0,9175.0,406.7,51862.0,METASEDIMENT,1
5325.0,9175.0,411.0,51830.0,MAFIC_VOLCANIC,1
5375.0,9175.0,415.0,51813.0,MAFIC_VOLCANIC,1
5425.0,9175.0,418.6,51809.0,MAFIC_VOLCANIC,1
5475.0,9175.0,421.8,51810.0,MAFIC_VOLCANIC,1
5525.0,9175.0,424.7,51811.0,MAFIC_VOLCANIC,1
5575.0,9175.0,427.2,51807.0,MAFIC_VOLCANIC,1
5625.0,9175.0,429.3,51796.0,MAFIC_VOLCANIC,1
5675.0,9175.0,431.0,51782.0,MAFIC_VOLCANIC,1
5725.0,9175.0,432.3,51768.0,MAFIC_VOLCANIC,1
5775.0,9175.0,433.2,51760.0,MAFIC_VOLCANIC,1
5825.0,9175.0,433.8,51763.0,MAFIC_VOLCANIC,1
5875.0,9175.0,434.0,51780.0,MAFIC_VOLCANIC,1
5925.0,9175.0,433.9,51814.0,MAFIC_VOLCANIC,1
5975.0,9175.0,433.4,51860.0,MAFIC_VOLCANIC,1
6025.0,9175.0,432.5,51917.0,FELSIC_VOLCANIC,1
6075.0,9175.0,431.4,51977.0,FELSIC_VOLCANIC,1
6125.0,9175.0,429.9,52037.0,FELSIC_VOLCANIC,1
6175.0,9175.0,428.1,52090.0,FELSIC_VOLCANIC,1
6225.0,9175.0,426.1,52133.0,FELSIC_VOLCANIC,1
6275.0,9175.0,423.8,52165.0,FELSIC_VOLCANIC,1
6325.0,9175.0,421.3,52183.0,GRANITE,1
6375.0,9175.0,418.6,52188.0,GRANITE,1
6425.0,9175.0,415.7,52181.0,GRANITE,1
6475.0,9175.0,412.6,52163.0,GRANITE,1
6525.0,9175.0,409.4,52138.0,GRANITE,1
6575.0,9175.0,406.0,52107.0,GRANITE,1
6625.0,9175.0,402.5,52076.0,GRANITE,1
6675.0,9175.0,399.0,52046.0,GRANITE,1
6725.0,9175.0,395.3,52020.0,GRANITE,1
6775.0,9175.0,391.7,51998.0,GRANITE,1
6825.0,9175.0,388.0,51980.0,GRANITE,1
6875.0,9175.0,384.3,51962.0,GRANITE,1
6925.0,9175.0,380.6,51942.0,GRANITE,1
6975.0,9175.0,377.0,51916.0,GRANITE,1
7025.0,9175.0,373.5,51883.0,GRANITE,1
7075.0,9175.0,370.0,51843.0,GRANITE,1
7125.0,9175.0,366.7,51798.0,GRANITE,1
7175.0,9175.0,363.5,51755.0,GRANITE,1
7225.0,9175.0,360.4,51719.0,GRANITE,1
7275.0,9175.0,357.5,51697.0,GRANITE,1
7325.0,9175.0,354.7,51691.0,GRANITE,1
7375.0,9175.0,352.2,51704.0,GRANITE,1
7425.0,9175.0,349.8,51734.0,GRANITE,1
7475.0,9175.0,347.7,51778.0,GRANITE,1
7525.0,9175.0,345.8,51830.0,GRANITE,1
7575.0,9175.0,344.2,51884.0,FELSIC_VOLCANIC,1
7625.0,9175.0,342.8,51936.0,FELSIC_VOLCANIC,1
7675.0,9175.0,341.6,51983.0,FELSIC_VOLCANIC,1
7725.0,9175.0,340.8,52023.0,FELSIC_VOLCANIC,1
7775.0,9175.0,340.2,52055.0,MAFIC_VOLCANIC,1
7825.0,9175.0,339.8,52080.0,MAFIC_VOLCANIC,1
7875.0,9175.0,339.7,52097.0,MAFIC_VOLCANIC,1
7925.0,9175.0,339.9,52107.0,MAFIC_VOLCANIC,1
7975.0,9175.0,340.3,52109.0,MAFIC_VOLCANIC,1
8025.0,9175.0,341.0,52102.0,MAFIC_VOLCANIC,1
8075.0,9175.0,342.0,52087.0,MAFIC_VOLCANIC,1
8125.0,9175.0,343.1,52065.0,MAFIC_VOLCANIC,1
8175.0,9175.0,344.5,52040.0,MAFIC_VOLCANIC,1
8225.0,9175.0,346.1,52016.0,MAFIC_VOLCANIC,1
8275.0,9175.0,347.9,51996.0,MAFIC_VOLCANIC,1
8325.0,9175.0,349.9,51984.0,MAFIC_VOLCANIC,1
8375.0,9175.0,352.0,51982.0,MAFIC_VOLCANIC,1
8425.0,9175.0,354.3,51990.0,MAFIC_VOLCANIC,1
8475.0,9175.0,356.7,52005.0,MAFIC_VOLCANIC,1
8525.0,9175.0,359.2,52023.0,MAFIC_VOLCANIC,1
8575.0,9175.0,361.8,52040.0,MAFIC_VOLCANIC,1
8625.0,9175.0,364.4,52052.0,MAFIC_VOLCANIC,1
8675.0,9175.0,367.1,52057.0,MAFIC_VOLCANIC,1
8725.0,9175.0,369.8,52054.0,MAFIC_VOLCANIC,1
8775.0,9175.0,372.6,52045.0,MAFIC_VOLCANIC,1
8825.0,9175.0,375.3,52032.0,MAFIC_VOLCANIC,0
8875.0,9175.0,377.9,52020.0,MAFIC_VOLCANIC,0
8925.0,9175.0,380.5,52010.0,MAFIC_VOLCANIC,0
8975.0,9175.0,383.1,52006.0,MAFIC_VOLCANIC,0
3025.0,9225.0,321.6,52104.0,METASEDIMENT,1
3075.0,9225.0,316.1,52106.0,METASEDIMENT,1
3125.0,9225.0,310.7,52103.0,METASEDIMENT,1
3175.0,9225.0,305.5,52102.0,METASEDIMENT,1
3225.0,9225.0,300.6,52110.0,METASEDIMENT,1
3275.0,9225.0,295.8,52129.0,METASEDIMENT,1
3325.0,9225.0,291.4,52159.0,METASEDIMENT,1
3375.0,9225.0,287.3,52197.0,METASEDIMENT,1
3425.0,9225.0,283.6,52238.0,METASEDIMENT,1
3475.0,9225.0,280.2,52277.0,METASEDIMENT,1
3525.0,9225.0,277.3,52309.0,METASEDIMENT,1
3575.0,9225.0,274.8,52331.0,METASEDIMENT,1
3625.0,9225.0,272.8,52344.0,METASEDIMENT,1
3675.0,9225.0,271.3,52350.0,METASEDIMENT,1
3725.0,9225.0,270.3,52351.0,METASEDIMENT,1
3775.0,9225.0,269.8,52351.0,METASEDIMENT,1
3825.0,9225.0,269.9,52350.0,METASEDIMENT,1
3875.0,9225.0,270.4,52348.0,METASEDIMENT,1
3925.0,9225.0,271.5,52342.0,METASEDIMENT,1
3975.0,9225.0,273.1,52327.0,METASEDIMENT,1
4025.0,9225.0,275.2,52303.0,METASEDIMENT,1
4075.0,9225.0,277.8,52267.0,METASEDIMENT,1
4125.0,9225.0,280.8,52221.0,METASEDIMENT,1
4175.0,9225.0,284.3,52171.0,METASEDIMENT,1
4225.0,9225.0,288.2,52122.0,METASEDIMENT,1
4275.0,9225.0,292.6,52081.0,METASEDIMENT,1
4325.0,9225.0,297.3,52052.0,METASEDIMENT,1
4375.0,9225.0,302.3,52041.0,METASEDIMENT,1
4425.0,9225.0,307.6,52047.0,METASEDIMENT,1
4475.0,9225.0,313.2,52069.0,METASEDIMENT,1
4525.0,9225.0,318.9,52104.0,METASEDIMENT,1
4575.0,9225.0,324.9,52148.0,METASEDIMENT,1
4625.0,9225.0,331.0,52196.0,METASEDIMENT,1
4675.0,9225.0,337.2,52244.0,METASEDIMENT,1
4725.0,9225.0,343.5,52286.0,METASEDIMENT,1
4775.0,9225.0,349.8,52320.0,METASEDIMENT,1
4825.0,9225.0,356.1,52341.0,METASEDIMENT,1
4875.0,9225.0,362.3,52345.0,METASEDIMENT,1
4925.0,9225.0,368.4,52331.0,METASEDIMENT,1
4975.0,9225.0,374.3,52297.0,METASEDIMENT,1
5025.0,9225.0,380.2,52245.0,METASEDIMENT,1
5075.0,9225.0,385.8,52177.0,METASEDIMENT,1
5125.0,9225.0,391.2,52102.0,METASEDIMENT,1
5175.0,9225.0,396.3,52026.0,METASEDIMENT,1
5225.0,9225.0,401.2,51957.0,METASEDIMENT,1
5275.0,9225.0,405.7,51901.0,METASEDIMENT,1
5325.0,9225.0,410.0,51862.0,MAFIC_VOLCANIC,1
5375.0,9225.0,413.9,51839.0,MAFIC_VOLCANIC,1
5425.0,9225.0,417.5,51830.0,MAFIC_VOLCANIC,1
5475.0,9225.0,420.7,51829.0,MAFIC_VOLCANIC,1
5525.0,9225.0,423.5,51829.0,MAFIC_VOLCANIC,1
5575.0,9225.0,426.0,51826.0,MAFIC_VOLCANIC,1
5625.0,9225.0,428.1,51818.0,MAFIC_VOLCANIC,1
5675.0,9225.0,429.8,51805.0,MAFIC_VOLCANIC,1
5725.0,9225.0,431.1,51791.0,MAFIC_VOLCANIC,1
5775.0,9225.0,432.1,51781.0,MAFIC_VOLCANIC,1
5825.0,9225.0,432.7,51780.0,MAFIC_VOLCANIC,1
5875.0,9225.0,432.9,51792.0,MAFIC_VOLCANIC,1
5925.0,9225.0,432.8,51820.0,MAFIC_VOLCANIC,1
5975.0,9225.0,432.3,51861.0,MAFIC_VOLCANIC,1
6025.0,9225.0,431.5,51914.0,FELSIC_VOLCANIC,1
6075.0,9225.0,430.4,51972.0,FELSIC_VOLCANIC,1
6125.0,9225.0,429.0,52031.0,FELSIC_VOLCANIC,1
6175.0,9225.0,427.3,52085.0,FELSIC_VOLCANIC,1
6225.0,9225.0,425.3,52130.0,FELSIC_VOLCANIC,1
6275.0,9225.0,423.1,52164.0,FELSIC_VOLCANIC,1
6325.0,9225.0,420.7,52184.0,GRANITE,1
6375.0,9225.0,418.0,52190.0,GRANITE,1
6425.0,9225.0,415.2,52184.0,GRANITE,1
6475.0,9225.0,412.1,52166.0,GRANITE,1
6525.0,9225.0,408.9,52140.0,GRANITE,1
6575.0,9225.0,405.6,52109.0,GRANITE,1
6625.0,9225.0,402.2,52076.0,GRANITE,1
6675.0,9225.0,398.7,52045.0,GRANITE,1
6725.0,9225.0,395.1,52018.0,GRANITE,1
6775.0,9225.0,391.5,51997.0,GRANITE,1
6825.0,9225.0,387.8,51980.0,GRANITE,1
6875.0,9225.0,384.2,51967.0,GRANITE,1
6925.0,9225.0,380.5,51952.0,GRANITE,1
6975.0,9225.0,376.9,51933.0,GRANITE,1
7025.0,9225.0,373.4,51907.0,GRANITE,1
7075.0,9225.0,370.0,51873.0,GRANITE,1
7125.0,9225.0,366.6,51831.0,GRANITE,1
7175.0,9225.0,363.4,51787.0,GRANITE,1
7225.0,9225.0,360.3,51746.0,GRANITE,1
7275.0,9225.0,357.4,51715.0,GRANITE,1
7325.0,9225.0,354.6,51697.0,GRANITE,1
7375.0,9225.0,352.0,51697.0,GRANITE,1
7425.0,9225.0,349.6,51714.0,GRANITE,1
7475.0,9225.0,347.5,51747.0,GRANITE,1
7525.0,9225.0,345.6,51791.0,GRANITE,1
7575.0,9225.0,343.9,51841.0,GRANITE,1
7625.0,9225.0,342.4,51891.0,FELSIC_VOLCANIC,1
7675.0,9225.0,341.3,51939.0,FELSIC_VOLCANIC,1
7725.0,9225.0,340.3,51981.0,FELSIC_VOLCANIC,1
7775.0,9225.0,339.7,52017.0,MAFIC_VOLCANIC,1
7825.0,9225.0,339.3,52045.0,MAFIC_VOLCANIC,1
7875.0,9225.0,339.2,52067.0,MAFIC_VOLCANIC,1
7925.0,9225.0,339.3,52080.0,MAFIC_VOLCANIC,1
7975.0,9225.0,339.7,52086.0,MAFIC_VOLCANIC,1
8025.0,9225.0,340.3,52083.0,MAFIC_VOLCANIC,1
8075.0,9225.0,341.2,52071.0,MAFIC_VOLCANIC,1
8125.0,9225.0,342.4,52053.0,MAFIC_VOLCANIC,1
8175.0,9225.0,343.8,52030.0,MAFIC_VOLCANIC,1
8225.0,9225.0,345.3,52006.0,MAFIC_VOLCANIC,1
8275.0,9225.0,347.1,51987.0,MAFIC_VOLCANIC,1
8325.0,9225.0,349.1,51974.0,MAFIC_VOLCANIC,1
8375.0,9225.0,351.2,51971.0,MAFIC_VOLCANIC,1
8425.0,9225.0,353.5,51978.0,MAFIC_VOLCANIC,1
8475.0,9225.0,355.9,51994.0,MAFIC_VOLCANIC,1
8525.0,9225.0,358.4,52015.0,MAFIC_VOLCANIC,1
8575.0,9225.0,361.0,52037.0,MAFIC_VOLCANIC,1
8625.0,9225.0,363.7,52055.0,MAFIC_VOLCANIC,1
8675.0,9225.0,366.4,52066.0,MAFIC_VOLCANIC,1
8725.0,9225.0,369.2,52068.0,MAFIC_VOLCANIC,1
8775.0,9225.0,371.9,52062.0,MAFIC_VOLCANIC,1
8825.0,9225.0,374.7,52049.0,MAFIC_VOLCANIC,0
8875.0,9225.0,377.4,52033.0,MAFIC_VOLCANIC,0
8925.0,9225.0,380.1,52017.0,MAFIC_VOLCANIC,0
8975.0,9225.0,382.7,52004.0,MAFIC_VOLCANIC,0
3025.0,9275.0,322.1,52087.0,METASEDIMENT,1
3075.0,9275.0,316.6,52092.0,METASEDIMENT,1
3125.0,9275.0,311.2,52091.0,METASEDIMENT,1
3175.0,9275.0,306.1,52090.0,METASEDIMENT,1
3225.0,9275.0,301.1,52096.0,METASEDIMENT,1
3275.0,9275.0,296.4,52114.0,METASEDIMENT,1
3325.0,9275.0,292.0,52143.0,METASEDIMENT,1
3375.0,9275.0,288.0,52183.0,METASEDIMENT,1
3425.0,9275.0,284.3,52227.0,METASEDIMENT,1
3475.0,9275.0,281.0,52271.0,METASEDIMENT,1
3525.0,9275.0,278.1,52308.0,METASEDIMENT,1
3575.0,9275.0,275.6,52333.0,METASEDIMENT,1
3625.0,9275.0,273.7,52347.0,METASEDIMENT,1
3675.0,9275.0,272.2,52351.0,METASEDIMENT,1
3725.0,9275.0,271.2,52347.0,METASEDIMENT,1
3775.0,9275.0,270.8,52341.0,METASEDIMENT,1
3825.0,9275.0,270.8,52334.0,METASEDIMENT,1
3875.0,9275.0,271.4,52328.0,METASEDIMENT,1
3925.0,9275.0,272.4,52320.0,METASEDIMENT,1
3975.0,9275.0,274.0,52309.0,METASEDIMENT,1
4025.0,9275.0,276.1,52291.0,METASEDIMENT,1
4075.0,9275.0,278.7,52264.0,METASEDIMENT,1
4125.0,9275.0,281.7,52228.0,METASEDIMENT,1
4175.0,9275.0,285.2,52185.0,METASEDIMENT,1
4225.0,9275.0,289.1,52140.0,METASEDIMENT,1
4275.0,9275.0,293.3,52099.0,METASEDIMENT,1
4325.0,9275.0,298.0,52068.0,METASEDIMENT,1
4375.0,9275.0,302.9,52050.0,METASEDIMENT,1
4425.0,9275.0,308.2,52048.0,METASEDIMENT,1
4475.0,9275.0,313.7,52061.0,METASEDIMENT,1
4525.0,9275.0,319.4,52088.0,METASEDIMENT,1
4575.0,9275.0,325.3,52125.0,METASEDIMENT,1
4625.0,9275.0,331.3,52168.0,METASEDIMENT,1
4675.0,9275.0,337.4,52212.0,METASEDIMENT,1
4725.0,9275.0,343.6,52254.0,METASEDIMENT,1
4775.0,9275.0,349.8,52290.0,METASEDIMENT,1
4825.0,9275.0,356.0,52316.0,METASEDIMENT,1
4875.0,9275.0,362.1,52328.0,METASEDIMENT,1
4925.0,9275.0,368.1,52324.0,METASEDIMENT,1
4975.0,9275.0,374.0,52301.0,METASEDIMENT,1
5025.0,9275.0,379.7,52260.0,METASEDIMENT,1
5075.0,9275.0,385.2,52204.0,METASEDIMENT,1
5125.0,9275.0,390.5,52136.0,METASEDIMENT,1
5175.0,9275.0,395.6,52065.0,METASEDIMENT,1
5225.0,9275.0,400.4,51997.0,METASEDIMENT,1
5275.0,9275.0,404.9,51939.0,METASEDIMENT,1
5325.0,9275.0,409.1,51895.0,METASEDIMENT,1
5375.0,9275.0,413.0,51867.0,MAFIC_VOLCANIC,1
5425.0,9275.0,416.5,51853.0,MAFIC_VOLCANIC,1
5475.0,9275.0,419.7,51849.0,MAFIC_VOLCANIC,1
5525.0,9275.0,422.5,51848.0,MAFIC_VOLCANIC,1
5575.0,9275.0,424.9,51845.0,MAFIC_VOLCANIC,1
5625.0,9275.0,427.0,51839.0,MAFIC_VOLCANIC,1
5675.0,9275.0,428.7,51827.0,MAFIC_VOLCANIC,1
5725.0,9275.0,430.1,51813.0,MAFIC_VOLCANIC,1
5775.0,9275.0,431.0,51801.0,MAFIC_VOLCANIC,1
5825.0,9275.0,431.7,51797.0,MAFIC_VOLCANIC,1
5875.0,9275.0,431.9,51805.0,MAFIC_VOLCANIC,1
5925.0,9275.0,431.8,51827.0,MAFIC_VOLCANIC,1
5975.0,9275.0,431.4,51864.0,MAFIC_VOLCANIC,1
6025.0,9275.0,430.7,51913.0,FELSIC_VOLCANIC,1
6075.0,9275.0,429.6,51969.0,FELSIC_VOLCANIC,1
6125.0,9275.0,428.3,52028.0,FELSIC_VOLCANIC,1
6175.0,9275.0,426.6,52083.0,FELSIC_VOLCANIC,1
6225.0,9275.0,424.7,52130.0,FELSIC_VOLCANIC,1
6275.0,9275.0,422.6,52166.0,FELSIC_VOLCANIC,1
6325.0,9275.0,420.2,52189.0,GRANITE,1
6375.0,9275.0,417.6,52197.0,GRANITE,1
6425.0,9275.0,414.8,52192.0,GRANITE,1
6475.0,9275.0,411.9,52176.0,GRANITE,1
6525.0,9275.0,408.8,52149.0,GRANITE,1
6575.0,9275.0,405.5,52117.0,GRANITE,1
6625.0,9275.0,402.1,52081.0,GRANITE,1
6675.0,9275.0,398.7,52048.0,GRANITE,1
6725.0,9275.0,395.2,52018.0,GRANITE,1
6775.0,9275.0,391.6,51996.0,GRANITE,1
6825.0,9275.0,388.0,51980.0,GRANITE,1
6875.0,9275.0,384.3,51968.0,GRANITE,1
6925.0,9275.0,380.7,51959.0,GRANITE,1
6975.0,9275.0,377.2,51947.0,GRANITE,1
7025.0,9275.0,373.7,51928.0,GRANITE,1
7075.0,9275.0,370.2,51901.0,GRANITE,1
7125.0,9275.0,366.9,51865.0,GRANITE,1
7175.0,9275.0,363.7,51823.0,GRANITE,1
7225.0,9275.0,360.6,51780.0,GRANITE,1
7275.0,9275.0,357.6,51742.0,GRANITE,1
7325.0,9275.0,354.8,51714.0,GRANITE,1
7375.0,9275.0,352.2,51702.0,GRANITE,1
7425.0,9275.0,349.8,51706.0,GRANITE,1
7475.0,9275.0,347.7,51726.0,GRANITE,1
7525.0,9275.0,345.7,51760.0,GRANITE,1
7575.0,9275.0,344.0,51803.0,GRANITE,1
7625.0,9275.0,342.5,51849.0,FELSIC_VOLCANIC,1
7675.0,9275.0,341.3,51895.0,FELSIC_VOLCANIC,1
7725.0,9275.0,340.3,51939.0,FELSIC_VOLCANIC,1
7775.0,9275.0,339.6,51976.0,MAFIC_VOLCANIC,1
7825.0,9275.0,339.2,52008.0,MAFIC_VOLCANIC,1
7875.0,9275.0,339.0,52032.0,MAFIC_VOLCANIC,1
7925.0,9275.0,339.1,52049.0,MAFIC_VOLCANIC,1
7975.0,9275.0,339.5,52058.0,MAFIC_VOLCANIC,1
8025.0,9275.0,340.1,52058.0,MAFIC_VOLCANIC,1
8075.0,9275.0,340.9,52050.0,MAFIC_VOLCANIC,1
8125.0,9275.0,342.0,52034.0,MAFIC_VOLCANIC,1
8175.0,9275.0,343.4,52013.0,MAFIC_VOLCANIC,1
8225.0,9275.0,344.9,51991.0,MAFIC_VOLCANIC,1
8275.0,9275.0,346.7,51970.0,MAFIC_VOLCANIC,1
8325.0,9275.0,348.6,51957.0,MAFIC_VOLCANIC,1
8375.0,9275.0,350.7,51953.0,MAFIC_VOLCANIC,1
8425.0,9275.0,353.0,51959.0,MAFIC_VOLCANIC,1
8475.0,9275.0,355.4,51976.0,MAFIC_VOLCANIC,1
8525.0,9275.0,357.9,51999.0,MAFIC_VOLCANIC,1
8575.0,9275.0,360.5,52026.0,MAFIC_VOLCANIC,1
8625.0,9275.0,363.2,52050.0,MAFIC_VOLCANIC,1
8675.0,9275.0,366.0,52069.0,MAFIC_VOLCANIC,1
8725.0,9275.0,368.7,52078.0,MAFIC_VOLCANIC,1
8775.0,9275.0,371.5,52077.0,MAFIC_VOLCANIC,1
8825.0,9275.0,374.3,52067.0,MAFIC_VOLCANIC,0
8875.0,9275.0,377.1,52050.0,MAFIC_VOLCANIC,0
8925.0,9275.0,379.8,52029.0,MAFIC_VOLCANIC,0
8975.0,9275.0,382.4,52008.0,MAFIC_VOLCANIC,0
3025.0,9325.0,323.0,52064.0,METASEDIMENT,1
3075.0,9325.0,317.5,52074.0,METASEDIMENT,1
3125.0,9325.0,312.2,52075.0,METASEDIMENT,1
3175.0,9325.0,307.1,52075.0,METASEDIMENT,1
3225.0,9325.0,302.1,52079.0,METASEDIMENT,1
3275.0,9325.0,297.5,52094.0,METASEDIMENT,1
3325.0,9325.0,293.1,52121.0,METASEDIMENT,1
3375.0,9325.0,289.1,52161.0,METASEDIMENT,1
3425.0,9325.0,285.4,52209.0,METASEDIMENT,1
3475.0,9325.0,282.2,52257.0,METASEDIMENT,1
3525.0,9325.0,279.3,52300.0,METASEDIMENT,1
3575.0,9325.0,276.9,52332.0,METASEDIMENT,1
3625.0,9325.0,275.0,52350.0,METASEDIMENT,1
3675.0,9325.0,273.6,52354.0,METASEDIMENT,1
3725.0,9325.0,272.6,52348.0,METASEDIMENT,1
3775.0,9325.0,272.2,52337.0,METASEDIMENT,1
3825.0,9325.0,272.2,52324.0,METASEDIMENT,1
3875.0,9325.0,272.8,52311.0,METASEDIMENT,1
3925.0,9325.0,273.9,52300.0,METASEDIMENT,1
3975.0,9325.0,275.4,52289.0,METASEDIMENT,1
4025.0,9325.0,277.5,52275.0,METASEDIMENT,1
4075.0,9325.0,280.0,52254.0,METASEDIMENT,1
4125.0,9325.0,283.0,52227.0,METASEDIMENT,1
4175.0,9325.0,286.5,52192.0,METASEDIMENT,1
4225.0,9325.0,290.3,52153.0,METASEDIMENT,1
4275.0,9325.0,294.5,52116.0,METASEDIMENT,1
4325.0,9325.0,299.1,52084.0,METASEDIMENT,1
4375.0,9325.0,304.0,52062.0,METASEDIMENT,1
4425.0,9325.0,309.1,52053.0,METASEDIMENT,1
4475.0,9325.0,314.5,52059.0,METASEDIMENT,1
4525.0,9325.0,320.2,52077.0,METASEDIMENT,1
4575.0,9325.0,326.0,52106.0,METASEDIMENT,1
4625.0,9325.0,331.9,52142.0,METASEDIMENT,1
4675.0,9325.0,337.9,52181.0,METASEDIMENT,1
4725.0,9325.0,344.0,52220.0,METASEDIMENT,1
4775.0,9325.0,350.1,52255.0,METASEDIMENT,1
4825.0,9325.0,356.1,52283.0,METASEDIMENT,1
4875.0,9325.0,362.1,52301.0,METASEDIMENT,1
4925.0,9325.0,368.0,52305.0,METASEDIMENT,1
4975.0,9325.0,373.8,52293.0,METASEDIMENT,1
5025.0,9325.0,379.4,52263.0,METASEDIMENT,1
5075.0,9325.0,384.9,52218.0,METASEDIMENT,1
5125.0,9325.0,390.1,52160.0,METASEDIMENT,1
5175.0,9325.0,395.1,52095.0,METASEDIMENT,1
5225.0,9325.0,399.8,52031.0,METASEDIMENT,1
5275.0,9325.0,404.2,51973.0,METASEDIMENT,1
5325.0,9325.0,408.4,51927.0,METASEDIMENT,1
5375.0,9325.0,412.2,51895.0,METASEDIMENT,1
5425.0,9325.0,415.7,51877.0,MAFIC_VOLCANIC,1
5475.0,9325.0,418.8,51869.0,MAFIC_VOLCANIC,1
5525.0,9325.0,421.6,51866.0,MAFIC_VOLCANIC,1
5575.0,9325.0,424.0,51864.0,MAFIC_VOLCANIC,1
5625.0,9325.0,426.1,51858.0,MAFIC_VOLCANIC,1
5675.0,9325.0,427.8,51847.0,MAFIC_VOLCANIC,1
5725.0,9325.0,429.1,51833.0,MAFIC_VOLCANIC,1
5775.0,9325.0,430.1,51820.0,MAFIC_VOLCANIC,1
5825.0,9325.0,430.8,51813.0,MAFIC_VOLCANIC,1
5875.0,9325.0,431.1,51817.0,MAFIC_VOLCANIC,1
5925.0,9325.0,431.0,51834.0,MAFIC_VOLCANIC,1
5975.0,9325.0,430.7,51866.0,MAFIC_VOLCANIC,1
6025.0,9325.0,430.0,51912.0,FELSIC_VOLCANIC,1
6075.0,9325.0,429.0,51966.0,FELSIC_VOLCANIC,1
6125.0,9325.0,427.7,52024.0,FELSIC_VOLCANIC,1
6175.0,9325.0,426.1,52081.0,FELSIC_VOLCANIC,1
6225.0,9325.0,424.3,52131.0,FELSIC_VOLCANIC,1
6275.0,9325.0,422.2,52171.0,FELSIC_VOLCANIC,1
6325.0,9325.0,419.9,52197.0,GRANITE,1
6375.0,9325.0,417.4,52209.0,GRANITE,1
6425.0,9325.0,414.7,52206.0,GRANITE,1
6475.0,9325.0,411.8,52191.0,GRANITE,1
6525.0,9325.0,408.8,52164.0,GRANITE,1
6575.0,9325.0,405.6,52130.0,GRANITE,1
6625.0,9325.0,402.3,52093.0,GRANITE,1
6675.0,9325.0,398.9,52056.0,GRANITE,1
6725.0,9325.0,395.4,52023.0,GRANITE,1
6775.0,9325.0,391.9,51997.0,GRANITE,1
6825.0,9325.0,388.4,51979.0,GRANITE,1
6875.0,9325.0,384.8,51969.0,GRANITE,1
6925.0,9325.0,381.2,51962.0,GRANITE,1
6975.0,9325.0,377.7,51955.0,GRANITE,1
7025.0,9325.0,374.2,51944.0,GRANITE,1
7075.0,9325.0,370.8,51925.0,GRANITE,1
7125.0,9325.0,367.5,51896.0,GRANITE,1
7175.0,9325.0,364.3,51859.0,GRANITE,1
7225.0,9325.0,361.2,51817.0,GRANITE,1
7275.0,9325.0,358.2,51776.0,GRANITE,1
7325.0,9325.0,355.4,51741.0,GRANITE,1
7375.0,9325.0,352.8,51718.0,GRANITE,1
7425.0,9325.0,350.4,51709.0,GRANITE,1
7475.0,9325.0,348.2,51717.0,GRANITE,1
7525.0,9325.0,346.2,51739.0,GRANITE,1
7575.0,9325.0,344.5,51772.0,GRANITE,1
7625.0,9325.0,343.0,51812.0,GRANITE,1
7675.0,9325.0,341.7,51855.0,FELSIC_VOLCANIC,1
7725.0,9325.0,340.7,51897.0,FELSIC_VOLCANIC,1
7775.0,9325.0,339.9,51935.0,FELSIC_VOLCANIC,1
7825.0,9325.0,339.5,51968.0,MAFIC_VOLCANIC,1
7875.0,9325.0,339.3,51995.0,MAFIC_VOLCANIC,1
7925.0,9325.0,339.3,52015.0,MAFIC_VOLCANIC,1
7975.0,9325.0,339.6,52027.0,MAFIC_VOLCANIC,1
8025.0,9325.0,340.2,52030.0,MAFIC_VOLCANIC,1
8075.0,9325.0,341.0,52024.0,MAFIC_VOLCANIC,1
8125.0,9325.0,342.1,52011.0,MAFIC_VOLCANIC,1
8175.0,9325.0,343.4,51991.0,MAFIC_VOLCANIC,1
8225.0,9325.0,344.9,51969.0,MAFIC_VOLCANIC,1
8275.0,9325.0,346.6,51949.0,MAFIC_VOLCANIC,1
8325.0,9325.0,348.5,51934.0,MAFIC_VOLCANIC,1
8375.0,9325.0,350.6,51928.0,MAFIC_VOLCANIC,1
8425.0,9325.0,352.9,51933.0,MAFIC_VOLCANIC,1
8475.0,9325.0,355.2,51950.0,MAFIC_VOLCANIC,1
8525.0,9325.0,357.7,51975.0,MAFIC_VOLCANIC,1
8575.0,9325.0,360.4,52006.0,MAFIC_VOLCANIC,1
8625.0,9325.0,363.0,52037.0,MAFIC_VOLCANIC,1
8675.0,9325.0,365.8,52063.0,MAFIC_VOLCANIC,1
8725.0,9325.0,368.6,52081.0,MAFIC_VOLCANIC,1
8775.0,9325.0,371.4,52088.0,MAFIC_VOLCANIC,0
8825.0,9325.0,374.1,52083.0,MAFIC_VOLCANIC,0
8875.0,9325.0,376.9,52068.0,MAFIC_VOLCANIC,0
8925.0,9325.0,379.7,52046.0,MAFIC_VOLCANIC,0
8975.0,9325.0,382.3,52020.0,MAFIC_VOLCANIC,0
3025.0,9375.0,324.4,52038.0,MAFIC_VOLCANIC,0
3075.0,9375.0,318.9,52052.0,MAFIC_VOLCANIC,1
3125.0,9375.0,313.6,52056.0,METASEDIMENT,1
3175.0,9375.0,308.5,52056.0,METASEDIMENT,1
3225.0,9375.0,303.7,52058.0,METASEDIMENT,1
3275.0,9375.0,299.0,52070.0,METASEDIMENT,1
3325.0,9375.0,294.7,52095.0,METASEDIMENT,1
3375.0,9375.0,290.7,52133.0,METASEDIMENT,1
3425.0,9375.0,287.1,52182.0,METASEDIMENT,1
3475.0,9375.0,283.9,52235.0,METASEDIMENT,1
3525.0,9375.0,281.1,52285.0,METASEDIMENT,1
3575.0,9375.0,278.7,52324.0,METASEDIMENT,1
3625.0,9375.0,276.8,52349.0,METASEDIMENT,1
3675.0,9375.0,275.4,52357.0,METASEDIMENT,1
3725.0,9375.0,274.5,52352.0,METASEDIMENT,1
3775.0,9375.0,274.0,52338.0,METASEDIMENT,1
3825.0,9375.0,274.1,52319.0,METASEDIMENT,1
3875.0,9375.0,274.7,52300.0,METASEDIMENT,1
3925.0,9375.0,275.7,52284.0,METASEDIMENT,1
3975.0,9375.0,277.3,52270.0,METASEDIMENT,1
4025.0,9375.0,279.3,52256.0,METASEDIMENT,1
4075.0,9375.0,281.8,52240.0,METASEDIMENT,1
4125.0,9375.0,284.8,52219.0,METASEDIMENT,1
4175.0,9375.0,288.1,52192.0,METASEDIMENT,1
4225.0,9375.0,291.9,52161.0,METASEDIMENT,1
4275.0,9375.0,296.1,52128.0,METASEDIMENT,1
4325.0,9375.0,300.5,52098.0,METASEDIMENT,1
4375.0,9375.0,305.3,52075.0,METASEDIMENT,1
4425.0,9375.0,310.4,52062.0,METASEDIMENT,1
4475.0,9375.0,315.7,52061.0,METASEDIMENT,1
4525.0,9375.0,321.2,52071.0,METASEDIMENT,1
4575.0,9375.0,326.9,52092.0,METASEDIMENT,1
4625.0,9375.0,332.7,52120.0,METASEDIMENT,1
4675.0,9375.0,338.6,52153.0,METASEDIMENT,1
4725.0,9375.0,344.6,52187.0,METASEDIMENT,1
4775.0,9375.0,350.6,52219.0,METASEDIMENT,1
4825.0,9375.0,356.5,52247.0,METASEDIMENT,1
4875.0,9375.0,362.4,52268.0,METASEDIMENT,1
4925.0,9375.0,368.2,52277.0,METASEDIMENT,1
4975.0,9375.0,373.8,52273.0,METASEDIMENT,1
5025.0,9375.0,379.4,52253.0,METASEDIMENT,1
5075.0,9375.0,384.7,52219.0,METASEDIMENT,1
5125.0,9375.0,389.8,52171.0,METASEDIMENT,1
5175.0,9375.0,394.7,52115.0,METASEDIMENT,1
5225.0,9375.0,399.3,52057.0,METASEDIMENT,1
5275.0,9375.0,403.7,52002.0,METASEDIMENT,1
5325.0,9375.0,407.8,51956.0,METASEDIMENT,1
5375.0,9375.0,411.5,51922.0,METASEDIMENT,1
5425.0,9375.0,414.9,51900.0,MAFIC_VOLCANIC,1
5475.0,9375.0,418.0,51890.0,MAFIC_VOLCANIC,1
5525.0,9375.0,420.8,51885.0,MAFIC_VOLCANIC,1
5575.0,9375.0,423.2,51882.0,MAFIC_VOLCANIC,1
5625.0,9375.0,425.3,51876.0,MAFIC_VOLCANIC,1
5675.0,9375.0,427.0,51867.0,MAFIC_VOLCANIC,1
5725.0,9375.0,428.3,51853.0,MAFIC_VOLCANIC,1
5775.0,9375.0,429.3,51839.0,MAFIC_VOLCANIC,1
5825.0,9375.0,430.0,51829.0,MAFIC_VOLCANIC,1
5875.0,9375.0,430.3,51829.0,MAFIC_VOLCANIC,1
5925.0,9375.0,430.3,51841.0,MAFIC_VOLCANIC,1
5975.0,9375.0,430.0,51869.0,MAFIC_VOLCANIC,1
6025.0,9375.0,429.4,51910.0,FELSIC_VOLCANIC,1
6075.0,9375.0,428.5,51963.0,FELSIC_VOLCANIC,1
6125.0,9375.0,427.2,52021.0,FELSIC_VOLCANIC,1
6175.0,9375.0,425.7,52079.0,FELSIC_VOLCANIC,1
6225.0,9375.0,424.0,52132.0,FELSIC_VOLCANIC,1
6275.0,9375.0,422.0,52176.0,FELSIC_VOLCANIC,1
6325.0,9375.0,419.8,52207.0,GRANITE,1
6375.0,9375.0,417.4,52223.0,GRANITE,1
6425.0,9375.0,414.7,52224.0,GRANITE,1
6475.0,9375.0,411.9,52211.0,GRANITE,1
6525.0,9375.0,409.0,52185.0,GRANITE,1
6575.0,9375.0,405.9,52151.0,GRANITE,1
6625.0,9375.0,402.7,52111.0,GRANITE,1
6675.0,9375.0,399.3,52070.0,GRANITE,1
6725.0,9375.0,396.0,52033.0,GRANITE,1
6775.0,9375.0,392.5,52003.0,GRANITE,1
6825.0,9375.0,389.0,51981.0,GRANITE,1
6875.0,9375.0,385.5,51969.0,GRANITE,1
6925.0,9375.0,382.0,51963.0,GRANITE,1
6975.0,9375.0,378.5,51960.0,GRANITE,1
7025.0,9375.0,375.1,51954.0,GRANITE,1
7075.0,9375.0,371.7,51943.0,GRANITE,1
7125.0,9375.0,368.4,51922.0,GRANITE,1
7175.0,9375.0,365.2,51892.0,GRANITE,1
7225.0,9375.0,362.1,51854.0,GRANITE,1
7275.0,9375.0,359.2,51813.0,GRANITE,1
7325.0,9375.0,356.4,51774.0,GRANITE,1
7375.0,9375.0,353.8,51743.0,GRANITE,1
7425.0,9375.0,351.4,51724.0,GRANITE,1
7475.0,9375.0,349.1,51719.0,GRANITE,1
7525.0,9375.0,347.1,51728.0,GRANITE,1
7575.0,9375.0,345.3,51750.0,GRANITE,1
7625.0,9375.0,343.8,51782.0,GRANITE,1
7675.0,9375.0,342.5,51818.0,FELSIC_VOLCANIC,1
7725.0,9375.0,341.5,51857.0,FELSIC_VOLCANIC,1
7775.0,9375.0,340.7,51894.0,FELSIC_VOLCANIC,1
7825.0,9375.0,340.2,51928.0,MAFIC_VOLCANIC,1
7875.0,9375.0,339.9,51957.0,MAFIC_VOLCANIC,1
7925.0,9375.0,339.9,51979.0,MAFIC_VOLCANIC,1
7975.0,9375.0,340.2,51993.0,MAFIC_VOLCANIC,1
8025.0,9375.0,340.7,51999.0,MAFIC_VOLCANIC,1
8075.0,9375.0,341.5,51996.0,MAFIC_VOLCANIC,1
8125.0,9375.0,342.5,51984.0,MAFIC_VOLCANIC,1
8175.0,9375.0,343.7,51966.0,MAFIC_VOLCANIC,1
8225.0,9375.0,345.2,51944.0,MAFIC_VOLCANIC,1
8275.0,9375.0,346.9,51923.0,MAFIC_VOLCANIC,1
8325.0,9375.0,348.8,51906.0,MAFIC_VOLCANIC,1
8375.0,9375.0,350.8,51898.0,MAFIC_VOLCANIC,1
8425.0,9375.0,353.0,51902.0,MAFIC_VOLCANIC,1
8475.0,9375.0,355.4,51917.0,MAFIC_VOLCANIC,1
8525.0,9375.0,357.9,51943.0,MAFIC_VOLCANIC,1
8575.0,9375.0,360.5,51977.0,MAFIC_VOLCANIC,1
8625.0,9375.0,363.1,52014.0,MAFIC_VOLCANIC,1
8675.0,9375.0,365.9,52048.0,MAFIC_VOLCANIC,1
8725.0,9375.0,368.6,52075.0,FELSIC_VOLCANIC,1
8775.0,9375.0,371.4,52091.0,FELSIC_VOLCANIC,0
8825.0,9375.0,374.2,52094.0,FELSIC_VOLCANIC,0
8875.0,9375.0,377.0,52085.0,FELSIC_VOLCANIC,0
8925.0,9375.0,379.7,52065.0,FELSIC_VOLCANIC,0
8975.0,9375.0,382.4,52037.0,FELSIC_VOLCANIC,0
3025.0,9425.0,326.2,52009.0,MAFIC_VOLCANIC,0
3075.0,9425.0,320.8,52027.0,MAFIC_VOLCANIC,1
3125.0,9425.0,315.5,52033.0,MAFIC_VOLCANIC,1
3175.0,9425.0,310.4,52033.0,METASEDIMENT,1
3225.0,9425.0,305.6,52034.0,METASEDIMENT,1
3275.0,9425.0,301.0,52043.0,METASEDIMENT,1
3325.0,9425.0,296.7,52064.0,METASEDIMENT,1
3375.0,9425.0,292.8,52100.0,METASEDIMENT,1
3425.0,9425.0,289.2,52149.0,METASEDIMENT,1
3475.0,9425.0,286.0,52205.0,METASEDIMENT,1
3525.0,9425.0,283.3,52261.0,METASEDIMENT,1
3575.0,9425.0,280.9,52308.0,METASEDIMENT,1
3625.0,9425.0,279.1,52342.0,METASEDIMENT,1
3675.0,9425.0,277.7,52357.0,METASEDIMENT,1
3725.0,9425.0,276.7,52356.0,METASEDIMENT,1
3775.0,9425.0,276.3,52342.0,METASEDIMENT,1
3825.0,9425.0,276.4,52320.0,METASEDIMENT,1
3875.0,9425.0,276.9,52296.0,METASEDIMENT,1
3925.0,9425.0,278.0,52273.0,METASEDIMENT,1
3975.0,9425.0,279.5,52254.0,METASEDIMENT,1
4025.0,9425.0,281.5,52238.0,METASEDIMENT,1
4075.0,9425.0,284.0,52224.0,METASEDIMENT,1
4125.0,9425.0,286.8,52207.0,METASEDIMENT,1
4175.0,9425.0,290.2,52187.0,METASEDIMENT,1
4225.0,9425.0,293.9,52163.0,METASEDIMENT,1
4275.0,9425.0,297.9,52136.0,METASEDIMENT,1
4325.0,9425.0,302.3,52110.0,METASEDIMENT,1
4375.0,9425.0,307.0,52088.0,METASEDIMENT,1
4425.0,9425.0,312.0,52073.0,METASEDIMENT,1
4475.0,9425.0,317.2,52067.0,METASEDIMENT,1
4525.0,9425.0,322.6,52071.0,METASEDIMENT,1
4575.0,9425.0,328.1,52084.0,METASEDIMENT,1
4625.0,9425.0,333.8,52104.0,METASEDIMENT,1
4675.0,9425.0,339.6,52129.0,METASEDIMENT,1
4725.0,9425.0,345.4,52157.0,METASEDIMENT,1
4775.0,9425.0,351.2,52185.0,METASEDIMENT,1
4825.0,9425.0,357.1,52210.0,METASEDIMENT,1
4875.0,9425.0,362.8,52230.0,METASEDIMENT,1
4925.0,9425.0,368.5,52243.0,METASEDIMENT,1
4975.0,9425.0,374.0,52244.0,METASEDIMENT,1
5025.0,9425.0,379.4,52233.0,METASEDIMENT,1
5075.0,9425.0,384.7,52208.0,METASEDIMENT,1
5125.0,9425.0,389.7,52171.0,METASEDIMENT,1
5175.0,9425.0,394.5,52124.0,METASEDIMENT,1
5225.0,9425.0,399.0,52073.0,METASEDIMENT,1
5275.0,9425.0,403.3,52022.0,METASEDIMENT,1
5325.0,9425.0,407.3,51978.0,METASEDIMENT,1
5375.0,9425.0,410.9,51944.0,METASEDIMENT,1
5425.0,9425.0,414.3,51921.0,METASEDIMENT,1
5475.0,9425.0,417.4,51909.0,MAFIC_VOLCANIC,1
5525.0,9425.0,420.1,51903.0,MAFIC_VOLCANIC,1
5575.0,9425.0,422.5,51899.0,MAFIC_VOLCANIC,1
5625.0,9425.0,424.5,51894.0,MAFIC_VOLCANIC,1
5675.0,9425.0,426.2,51885.0,MAFIC_VOLCANIC,1
5725.0,9425.0,427.6,51872.0,MAFIC_VOLCANIC,1
5775.0,9425.0,428.6,51857.0,MAFIC_VOLCANIC,1
5825.0,9425.0,429.3,51845.0,MAFIC_VOLCANIC,1
5875.0,9425.0,429.7,51841.0,MAFIC_VOLCANIC,1
5925.0,9425.0,429.7,51849.0,MAFIC_VOLCANIC,1
5975.0,9425.0,429.5,51871.0,MAFIC_VOLCANIC,1
6025.0,9425.0,428.9,51909.0,FELSIC_VOLCANIC,1
6075.0,9425.0,428.0,51958.0,FELSIC_VOLCANIC,1
6125.0,9425.0,426.9,52016.0,FELSIC_VOLCANIC,1
6175.0,9425.0,425.5,52076.0,FELSIC_VOLCANIC,1
6225.0,9425.0,423.8,52132.0,FELSIC_VOLCANIC,1
6275.0,9425.0,421.9,52180.0,FELSIC_VOLCANIC,1
6325.0,9425.0,419.8,52216.0,FELSIC_VOLCANIC,1
6375.0,9425.0,417.4,52238.0,GRANITE,1
6425.0,9425.0,414.9,52244.0,GRANITE,1
6475.0,9425.0,412.2,52234.0,GRANITE,1
6525.0,9425.0,409.3,52211.0,GRANITE,1
6575.0,9425.0,406.3,52177.0,GRANITE,1
6625.0,9425.0,403.2,52136.0,GRANITE,1
6675.0,9425.0,400.0,52092.0,GRANITE,1
6725.0,9425.0,396.7,52050.0,GRANITE,1
6775.0,9425.0,393.3,52015.0,GRANITE,1
6825.0,9425.0,389.9,51988.0,GRANITE,1
6875.0,9425.0,386.5,51971.0,GRANITE,1
6925.0,9425.0,383.0,51964.0,GRANITE,1
6975.0,9425.0,379.6,51961.0,GRANITE,1
7025.0,9425.0,376.2,51960.0,GRANITE,1
7075.0,9425.0,372.9,51955.0,GRANITE,1
7125.0,9425.0,369.6,51943.0,GRANITE,1
7175.0,9425.0,366.4,51920.0,GRANITE,1
7225.0,9425.0,363.4,51888.0,GRANITE,1
7275.0,9425.0,360.5,51850.0,GRANITE,1
7325.0,9425.0,357.7,51810.0,GRANITE,1
7375.0,9425.0,355.1,51774.0,GRANITE,1
7425.0,9425.0,352.6,51746.0,GRANITE,1
7475.0,9425.0,350.4,51730.0,GRANITE,1
7525.0,9425.0,348.4,51728.0,GRANITE,1
7575.0,9425.0,346.6,51738.0,GRANITE,1
7625.0,9425.0,345.0,51759.0,GRANITE,1
7675.0,9425.0,343.7,51788.0,FELSIC_VOLCANIC,1
7725.0,9425.0,342.6,51821.0,FELSIC_VOLCANIC,1
7775.0,9425.0,341.8,51856.0,FELSIC_VOLCANIC,1
7825.0,9425.0,341.2,51888.0,MAFIC_VOLCANIC,1
7875.0,9425.0,340.9,51918.0,MAFIC_VOLCANIC,1
7925.0,9425.0,340.9,51942.0,MAFIC_VOLCANIC,1
7975.0,9425.0,341.1,51958.0,MAFIC_VOLCANIC,1
8025.0,9425.0,341.6,51967.0,MAFIC_VOLCANIC,1
8075.0,9425.0,342.3,51966.0,MAFIC_VOLCANIC,1
8125.0,9425.0,343.3,51956.0,MAFIC_VOLCANIC,1
8175.0,9425.0,344.5,51939.0,MAFIC_VOLCANIC,1
8225.0,9425.0,345.9,51917.0,MAFIC_VOLCANIC,1
8275.0,9425.0,347.5,51894.0,MAFIC_VOLCANIC,1
8325.0,9425.0,349.3,51876.0,MAFIC_VOLCANIC,1
8375.0,9425.0,351.4,51865.0,MAFIC_VOLCANIC,1
8425.0,9425.0,353.5,51865.0,MAFIC_VOLCANIC,1
8475.0,9425.0,355.8,51879.0,MAFIC_VOLCANIC,1
8525.0,9425.0,358.3,51904.0,MAFIC_VOLCANIC,1
8575.0,9425.0,360.8,51940.0,MAFIC_VOLCANIC,1
8625.0,9425.0,363.5,51981.0,MAFIC_VOLCANIC,1
8675.0,9425.0,366.2,52022.0,FELSIC_VOLCANIC,1
8725.0,9425.0,368.9,52058.0,FELSIC_VOLCANIC,1
8775.0,9425.0,371.7,52085.0,FELSIC_VOLCANIC,0
8825.0,9425.0,374.5,52098.0,FELSIC_VOLCANIC,0
8875.0,9425.0,377.2,52097.0,FELSIC_VOLCANIC,0
8925.0,9425.0,380.0,52082.0,FELSIC_VOLCANIC,0
8975.0,9425.0,382.6,52056.0,FELSIC_VOLCANIC,0
3025.0,9475.0,328.3,51978.0,MAFIC_VOLCANIC,0
3075.0,9475.0,322.9,51998.0,MAFIC_VOLCANIC,0
3125.0,9475.0,317.7,52007.0,MAFIC_VOLCANIC,1
3175.0,9475.0,312.7,52008.0,MAFIC_VOLCANIC,1
3225.0,9475.0,307.9,52008.0,METASEDIMENT,1
3275.0,9475.0,303.4,52013.0,METASEDIMENT,1
3325.0,9475.0,299.2,52030.0,METASEDIMENT,1
3375.0,9475.0,295.3,52062.0,METASEDIMENT,1
3425.0,9475.0,291.7,52109.0,METASEDIMENT,1
3475.0,9475.0,288.6,52166.0,METASEDIMENT,1
3525.0,9475.0,285.8,52227.0,METASEDIMENT,1
3575.0,9475.0,283.5,52283.0,METASEDIMENT,1
3625.0,9475.0,281.7,52326.0,METASEDIMENT,1
3675.0,9475.0,280.3,52352.0,METASEDIMENT,1
3725.0,9475.0,279.4,52358.0,METASEDIMENT,1
3775.0,9475.0,279.0,52347.0,METASEDIMENT,1
3825.0,9475.0,279.0,52325.0,METASEDIMENT,1
3875.0,9475.0,279.6,52296.0,METASEDIMENT,1
3925.0,9475.0,280.6,52268.0,METASEDIMENT,1
3975.0,9475.0,282.1,52243.0,METASEDIMENT,1
4025.0,9475.0,284.0,52223.0,METASEDIMENT,1
4075.0,9475.0,286.4,52207.0,METASEDIMENT,1
4125.0,9475.0,289.2,52192.0,METASEDIMENT,1
4175.0,9475.0,292.5,52177.0,METASEDIMENT,1
4225.0,9475.0,296.1,52159.0,METASEDIMENT,1
4275.0,9475.0,300.1,52139.0,METASEDIMENT,1
4325.0,9475.0,304.3,52118.0,METASEDIMENT,1
4375.0,9475.0,308.9,52099.0,METASEDIMENT,1
4425.0,9475.0,313.8,52084.0,METASEDIMENT,1
4475.0,9475.0,318.9,52076.0,METASEDIMENT,1
4525.0,9475.0,324.1,52075.0,METASEDIMENT,1
4575.0,9475.0,329.6,52081.0,METASEDIMENT,1
4625.0,9475.0,335.1,52094.0,METASEDIMENT,1
4675.0,9475.0,340.7,52111.0,METASEDIMENT,1
4725.0,9475.0,346.4,52132.0,METASEDIMENT,1
4775.0,9475.0,352.1,52154.0,METASEDIMENT,1
4825.0,9475.0,357.8,52174.0,METASEDIMENT,1
4875.0,9475.0,363.4,52193.0,METASEDIMENT,1
4925.0,9475.0,368.9,52205.0,METASEDIMENT,1
4975.0,9475.0,374.4,52210.0,METASEDIMENT,1
5025.0,9475.0,379.6,52205.0,METASEDIMENT,1
5075.0,9475.0,384.7,52188.0,METASEDIMENT,1
5125.0,9475.0,389.6,52160.0,METASEDIMENT,1
5175.0,9475.0,394.3,52122.0,METASEDIMENT,1
5225.0,9475.0,398.7,52078.0,METASEDIMENT,1
5275.0,9475.0,402.9,52034.0,METASEDIMENT,1
5325.0,9475.0,406.8,51993.0,METASEDIMENT,1
5375.0,9475.0,410.4,51961.0,METASEDIMENT,1
5425.0,9475.0,413.8,51938.0,METASEDIMENT,1
5475.0,9475.0,416.8,51925.0,MAFIC_VOLCANIC,1
5525.0,9475.0,419.4,51918.0,MAFIC_VOLCANIC,1
5575.0,9475.0,421.8,51915.0,MAFIC_VOLCANIC,1
5625.0,9475.0,423.8,51911.0,MAFIC_VOLCANIC,1
5675.0,9475.0,425.5,51902.0,MAFIC_VOLCANIC,1
5725.0,9475.0,426.9,51890.0,MAFIC_VOLCANIC,1
5775.0,9475.0,428.0,51874.0,MAFIC_VOLCANIC,1
5825.0,9475.0,428.7,51861.0,MAFIC_VOLCANIC,1
5875.0,9475.0,429.1,51853.0,MAFIC_VOLCANIC,1
5925.0,9475.0,429.2,51856.0,MAFIC_VOLCANIC,1
5975.0,9475.0,429.0,51874.0,MAFIC_VOLCANIC,1
6025.0,9475.0,428.5,51907.0,FELSIC_VOLCANIC,1
6075.0,9475.0,427.7,51953.0,FELSIC_VOLCANIC,1
6125.0,9475.0,426.6,52009.0,FELSIC_VOLCANIC,1
6175.0,9475.0,425.3,52070.0,FELSIC_VOLCANIC,1
6225.0,9475.0,423.7,52130.0,FELSIC_VOLCANIC,1
6275.0,9475.0,421.9,52183.0,FELSIC_VOLCANIC,1
6325.0,9475.0,419.9,52225.0,FELSIC_VOLCANIC,1
6375.0,9475.0,417.6,52253.0,GRANITE,1
6425.0,9475.0,415.2,52265.0,GRANITE,1
6475.0,9475.0,412.6,52261.0,GRANITE,1
6525.0,9475.0,409.9,52241.0,GRANITE,1
6575.0,9475.0,407.0,52209.0,GRANITE,1
6625.0,9475.0,403.9,52168.0,GRANITE,1
6675.0,9475.0,400.8,52122.0,GRANITE,1
6725.0,9475.0,397.6,52075.0,GRANITE,1
6775.0,9475.0,394.3,52034.0,GRANITE,1
6825.0,9475.0,391.0,52001.0,GRANITE,1
6875.0,9475.0,387.6,51978.0,GRANITE,1
6925.0,9475.0,384.2,51966.0,GRANITE,1
6975.0,9475.0,380.9,51963.0,GRANITE,1
7025.0,9475.0,377.6,51963.0,GRANITE,1
7075.0,9475.0,374.3,51963.0,GRANITE,1
7125.0,9475.0,371.1,51957.0,GRANITE,1
7175.0,9475.0,367.9,51942.0,GRANITE,1
7225.0,9475.0,364.9,51918.0,GRANITE,1
7275.0,9475.0,362.0,51885.0,GRANITE,1
7325.0,9475.0,359.3,51847.0,GRANITE,1
7375.0,9475.0,356.7,51809.0,GRANITE,1
7425.0,9475.0,354.3,51775.0,GRANITE,1
7475.0,9475.0,352.0,51751.0,GRANITE,1
7525.0,9475.0,350.0,51737.0,GRANITE,1
7575.0,9475.0,348.2,51736.0,GRANITE,1
7625.0,9475.0,346.6,51746.0,GRANITE,1
7675.0,9475.0,345.2,51765.0,GRANITE,1
7725.0,9475.0,344.1,51791.0,FELSIC_VOLCANIC,1
7775.0,9475.0,343.3,51821.0,FELSIC_VOLCANIC,1
7825.0,9475.0,342.6,51851.0,FELSIC_VOLCANIC,1
7875.0,9475.0,342.3,51879.0,MAFIC_VOLCANIC,1
7925.0,9475.0,342.2,51904.0,MAFIC_VOLCANIC,1
7975.0,9475.0,342.4,51923.0,MAFIC_VOLCANIC,1
8025.0,9475.0,342.8,51933.0,MAFIC_VOLCANIC,1
8075.0,9475.0,343.5,51935.0,MAFIC_VOLCANIC,1
8125.0,9475.0,344.4,51927.0,MAFIC_VOLCANIC,1
8175.0,9475.0,345.5,51911.0,MAFIC_VOLCANIC,1
8225.0,9475.0,346.9,51889.0,MAFIC_VOLCANIC,1
8275.0,9475.0,348.5,51865.0,MAFIC_VOLCANIC,1
8325.0,9475.0,350.2,51844.0,MAFIC_VOLCANIC,1
8375.0,9475.0,352.2,51829.0,MAFIC_VOLCANIC,1
8425.0,9475.0,354.3,51826.0,MAFIC_VOLCANIC,1
8475.0,9475.0,356.6,51836.0,MAFIC_VOLCANIC,1
8525.0,9475.0,359.0,51860.0,MAFIC_VOLCANIC,1
8575.0,9475.0,361.5,51896.0,MAFIC_VOLCANIC,1
8625.0,9475.0,364.1,51939.0,FELSIC_VOLCANIC,1
8675.0,9475.0,366.7,51986.0,FELSIC_VOLCANIC,1
8725.0,9475.0,369.4,52031.0,FELSIC_VOLCANIC,1
8775.0,9475.0,372.2,52068.0,FELSIC_VOLCANIC,0
8825.0,9475.0,374.9,52092.0,FELSIC_VOLCANIC,0
8875.0,9475.0,377.6,52102.0,FELSIC_VOLCANIC,0
8925.0,9475.0,380.4,52095.0,FELSIC_VOLCANIC,0
8975.0,9475.0,383.0,52074.0,FELSIC_VOLCANIC,0
3025.0,9525.0,330.8,51946.0,MAFIC_VOLCANIC,0
3075.0,9525.0,325.5,51968.0,MAFIC_VOLCANIC,0
3125.0,9525.0,320.3,51979.0,MAFIC_VOLCANIC,1
3175.0,9525.0,315.3,51981.0,MAFIC_VOLCANIC,1
3225.0,9525.0,310.6,51979.0,MAFIC_VOLCANIC,1
3275.0,9525.0,306.1,51981.0,MAFIC_VOLCANIC,1
3325.0,9525.0,301.9,51993.0,METASEDIMENT,1
3375.0,9525.0,298.1,52020.0,METASEDIMENT,1
3425.0,9525.0,294.6,52064.0,METASEDIMENT,1
3475.0,9525.0,291.5,52121.0,METASEDIMENT,1
3525.0,9525.0,288.8,52185.0,METASEDIMENT,1
3575.0,9525.0,286.5,52248.0,METASEDIMENT,1
3625.0,9525.0,284.7,52301.0,METASEDIMENT,1
3675.0,9525.0,283.3,52338.0,METASEDIMENT,1
3725.0,9525.0,282.4,52354.0,METASEDIMENT,1
3775.0,9525.0,282.0,52350.0,METASEDIMENT,1
3825.0,9525.0,282.0,52330.0,METASEDIMENT,1
3875.0,9525.0,282.5,52301.0,METASEDIMENT,1
3925.0,9525.0,283.5,52268.0,METASEDIMENT,1
3975.0,9525.0,284.9,52238.0,METASEDIMENT,1
4025.0,9525.0,286.8,52212.0,METASEDIMENT,1
4075.0,9525.0,289.2,52192.0,METASEDIMENT,1
4125.0,9525.0,291.9,52177.0,METASEDIMENT,1
4175.0,9525.0,295.1,52163.0,METASEDIMENT,1
4225.0,9525.0,298.6,52150.0,METASEDIMENT,1
4275.0,9525.0,302.4,52136.0,METASEDIMENT,1
4325.0,9525.0,306.6,52121.0,METASEDIMENT,1
4375.0,9525.0,311.1,52106.0,METASEDIMENT,1
4425.0,9525.0,315.8,52094.0,METASEDIMENT,1
4475.0,9525.0,320.8,52085.0,METASEDIMENT,1
4525.0,9525.0,325.9,52082.0,METASEDIMENT,1
4575.0,9525.0,331.2,52083.0,METASEDIMENT,1
4625.0,9525.0,336.6,52090.0,METASEDIMENT,1
4675.0,9525.0,342.1,52100.0,METASEDIMENT,1
4725.0,9525.0,347.6,52113.0,METASEDIMENT,1
4775.0,9525.0,353.1,52128.0,METASEDIMENT,1
4825.0,9525.0,358.6,52143.0,METASEDIMENT,1
4875.0,9525.0,364.1,52157.0,METASEDIMENT,1
4925.0,9525.0,369.5,52168.0,METASEDIMENT,1
4975.0,9525.0,374.8,52173.0,METASEDIMENT,1
5025.0,9525.0,379.9,52171.0,METASEDIMENT,1
5075.0,9525.0,384.9,52160.0,METASEDIMENT,1
5125.0,9525.0,389.7,52139.0,METASEDIMENT,1
5175.0,9525.0,394.2,52109.0,METASEDIMENT,1
5225.0,9525.0,398.6,52074.0,METASEDIMENT,1
5275.0,9525.0,402.7,52036.0,METASEDIMENT,1
5325.0,9525.0,406.5,52000.0,METASEDIMENT,1
5375.0,9525.0,410.0,51970.0,METASEDIMENT,1
5425.0,9525.0,413.3,51949.0,METASEDIMENT,1
5475.0,9525.0,416.2,51937.0,METASEDIMENT,1
5525.0,9525.0,418.9,51931.0,MAFIC_VOLCANIC,1
5575.0,9525.0,421.2,51928.0,MAFIC_VOLCANIC,1
5625.0,9525.0,423.2,51925.0,MAFIC_VOLCANIC,1
5675.0,9525.0,424.9,51918.0,MAFIC_VOLCANIC,1
5725.0,9525.0,426.3,51907.0,MAFIC_VOLCANIC,1
5775.0,9525.0,427.4,51892.0,MAFIC_VOLCANIC,1
5825.0,9525.0,428.1,51877.0,MAFIC_VOLCANIC,1
5875.0,9525.0,428.6,51866.0,MAFIC_VOLCANIC,1
5925.0,9525.0,428.7,51865.0,MAFIC_VOLCANIC,1
5975.0,9525.0,428.6,51877.0,MAFIC_VOLCANIC,1
6025.0,9525.0,428.1,51905.0,FELSIC_VOLCANIC,1
6075.0,9525.0,427.4,51948.0,FELSIC_VOLCANIC,1
6125.0,9525.0,426.4,52002.0,FELSIC_VOLCANIC,1
6175.0,9525.0,425.2,52063.0,FELSIC_VOLCANIC,1
6225.0,9525.0,423.7,52125.0,FELSIC_VOLCANIC,1
6275.0,9525.0,422.0,52182.0,FELSIC_VOLCANIC,1
6325.0,9525.0,420.1,52231.0,FELSIC_VOLCANIC,1
6375.0,9525.0,418.0,52265.0,GRANITE,1
6425.0,9525.0,415.6,52284.0,GRANITE,1
6475.0,9525.0,413.1,52287.0,GRANITE,1
6525.0,9525.0,410.5,52273.0,GRANITE,1
6575.0,9525.0,407.7,52245.0,GRANITE,1
6625.0,9525.0,404.8,52205.0,GRANITE,1
6675.0,9525.0,401.8,52157.0,GRANITE,1
6725.0,9525.0,398.7,52108.0,GRANITE,1
6775.0,9525.0,395.5,52061.0,GRANITE,1
6825.0,9525.0,392.2,52021.0,GRANITE,1
6875.0,9525.0,389.0,51992.0,GRANITE,1
6925.0,9525.0,385.7,51974.0,GRANITE,1
6975.0,9525.0,382.4,51966.0,GRANITE,1
7025.0,9525.0,379.2,51965.0,GRANITE,1
7075.0,9525.0,375.9,51966.0,GRANITE,1
7125.0,9525.0,372.8,51965.0,GRANITE,1
7175.0,9525.0,369.7,51958.0,GRANITE,1
7225.0,9525.0,366.7,51941.0,GRANITE,1
7275.0,9525.0,363.9,51915.0,GRANITE,1
7325.0,9525.0,361.1,51881.0,GRANITE,1
7375.0,9525.0,358.6,51844.0,GRANITE,1
7425.0,9525.0,356.2,51808.0,GRANITE,1
7475.0,9525.0,353.9,51778.0,GRANITE,1
7525.0,9525.0,351.9,51755.0,GRANITE,1
7575.0,9525.0,350.1,51743.0,GRANITE,1
7625.0,9525.0,348.5,51742.0,GRANITE,1
7675.0,9525.0,347.1,51751.0,GRANITE,1
7725.0,9525.0,346.0,51768.0,FELSIC_VOLCANIC,1
7775.0,9525.0,345.1,51791.0,FELSIC_VOLCANIC,1
7825.0,9525.0,344.4,51816.0,FELSIC_VOLCANIC,1
7875.0,9525.0,344.0,51843.0,MAFIC_VOLCANIC,1
7925.0,9525.0,343.9,51867.0,MAFIC_VOLCANIC,1
7975.0,9525.0,344.0,51887.0,MAFIC_VOLCANIC,1
8025.0,9525.0,344.4,51900.0,MAFIC_VOLCANIC,1
8075.0,9525.0,345.0,51904.0,MAFIC_VOLCANIC,1
8125.0,9525.0,345.8,51898.0,MAFIC_VOLCANIC,1
8175.0,9525.0,346.9,51883.0,MAFIC_VOLCANIC,1
8225.0,9525.0,348.2,51861.0,MAFIC_VOLCANIC,1
8275.0,9525.0,349.7,51836.0,MAFIC_VOLCANIC,1
8325.0,9525.0,351.4,51812.0,MAFIC_VOLCANIC,1
8375.0,9525.0,353.3,51793.0,MAFIC_VOLCANIC,1
8425.0,9525.0,355.4,51786.0,MAFIC_VOLCANIC,1
8475.0,9525.0,357.6,51791.0,MAFIC_VOLCANIC,1
8525.0,9525.0,359.9,51811.0,MAFIC_VOLCANIC,1
8575.0,9525.0,362.4,51846.0,MAFIC_VOLCANIC,1
8625.0,9525.0,364.9,51890.0,FELSIC_VOLCANIC,1
8675.0,9525.0,367.5,51941.0,FELSIC_VOLCANIC,1
8725.0,9525.0,370.2,51993.0,FELSIC_VOLCANIC,1
8775.0,9525.0,372.9,52039.0,FELSIC_VOLCANIC,0
8825.0,9525.0,375.6,52075.0,FELSIC_VOLCANIC,0
8875.0,9525.0,378.2,52097.0,FELSIC_VOLCANIC,0
8925.0,9525.0,380.9,52101.0,FELSIC_VOLCANIC,0
8975.0,9525.0,383.5,52088.0,FELSIC_VOLCANIC,0
3025.0,9575.0,333.6,51916.0,MAFIC_VOLCANIC,0
3075.0,9575.0,328.3,51938.0,MAFIC_VOLCANIC,0
3125.0,9575.0,323.2,51950.0,MAFIC_VOLCANIC,0
3175.0,9575.0,318.3,51953.0,MAFIC_VOLCANIC,1
3225.0,9575.0,313.6,51950.0,MAFIC_VOLCANIC,1
3275.0,9575.0,309.2,51949.0,MAFIC_VOLCANIC,1
3325.0,9575.0,305.0,51956.0,MAFIC_VOLCANIC,1
3375.0,9575.0,301.2,51977.0,METASEDIMENT,1
3425.0,9575.0,297.8,52015.0,METASEDIMENT,1
3475.0,9575.0,294.7,52070.0,METASEDIMENT,1
3525.0,9575.0,292.0,52135.0,METASEDIMENT,1
3575.0,9575.0,289.8,52204.0,METASEDIMENT,1
3625.0,9575.0,288.0,52266.0,METASEDIMENT,1
3675.0,9575.0,286.6,52314.0,METASEDIMENT,1
3725.0,9575.0,285.7,52342.0,METASEDIMENT,1
3775.0,9575.0,285.2,52348.0,METASEDIMENT,1
3825.0,9575.0,285.3,52335.0,METASEDIMENT,1
3875.0,9575.0,285.7,52308.0,METASEDIMENT,1
3925.0,9575.0,286.7,52273.0,METASEDIMENT,1
3975.0,9575.0,288.1,52237.0,METASEDIMENT,1
4025.0,9575.0,289.9,52206.0,METASEDIMENT,1
4075.0,9575.0,292.2,52180.0,METASEDIMENT,1
4125.0,9575.0,294.8,52162.0,METASEDIMENT,1
4175.0,9575.0,297.9,52148.0,METASEDIMENT,1
4225.0,9575.0,301.3,52138.0,METASEDIMENT,1
4275.0,9575.0,305.0,52128.0,METASEDIMENT,1
4325.0,9575.0,309.1,52118.0,METASEDIMENT,1
4375.0,9575.0,313.4,52109.0,METASEDIMENT,1
4425.0,9575.0,318.0,52100.0,METASEDIMENT,1
4475.0,9575.0,322.8,52093.0,METASEDIMENT,1
4525.0,9575.0,327.8,52089.0,METASEDIMENT,1
4575.0,9575.0,332.9,52088.0,METASEDIMENT,1
4625.0,9575.0,338.2,52090.0,METASEDIMENT,1
4675.0,9575.0,343.5,52095.0,METASEDIMENT,1
4725.0,9575.0,348.9,52101.0,METASEDIMENT,1
4775.0,9575.0,354.2,52109.0,METASEDIMENT,1
4825.0,9575.0,359.6,52117.0,METASEDIMENT,1
4875.0,9575.0,364.9,52125.0,METASEDIMENT,1
4925.0,9575.0,370.2,52132.0,METASEDIMENT,1
4975.0,9575.0,375.3,52136.0,METASEDIMENT,1
5025.0,9575.0,380.3,52135.0,METASEDIMENT,1
5075.0,9575.0,385.1,52127.0,METASEDIMENT,1
5125.0,9575.0,389.8,52112.0,METASEDIMENT,1
5175.0,9575.0,394.2,52089.0,METASEDIMENT,1
5225.0,9575.0,398.4,52060.0,METASEDIMENT,1
5275.0,9575.0,402.4,52028.0,METASEDIMENT,1
5325.0,9575.0,406.2,51998.0,METASEDIMENT,1
5375.0,9575.0,409.6,51972.0,METASEDIMENT,1
5425.0,9575.0,412.8,51954.0,METASEDIMENT,1
5475.0,9575.0,415.7,51943.0,METASEDIMENT,1
5525.0,9575.0,418.3,51939.0,MAFIC_VOLCANIC,1
5575.0,9575.0,420.6,51938.0,MAFIC_VOLCANIC,1
5625.0,9575.0,422.6,51937.0,MAFIC_VOLCANIC,1
5675.0,9575.0,424.3,51933.0,MAFIC_VOLCANIC,1
5725.0,9575.0,425.7,51923.0,MAFIC_VOLCANIC,1
5775.0,9575.0,426.8,51909.0,MAFIC_VOLCANIC,1
5825.0,9575.0,427.6,51893.0,MAFIC_VOLCANIC,1
5875.0,9575.0,428.1,51880.0,MAFIC_VOLCANIC,1
5925.0,9575.0,428.3,51875.0,MAFIC_VOLCANIC,1
5975.0,9575.0,428.2,51882.0,MAFIC_VOLCANIC,1
6025.0,9575.0,427.8,51905.0,MAFIC_VOLCANIC,1
6075.0,9575.0,427.2,51942.0,FELSIC_VOLCANIC,1
6125.0,9575.0,426.3,51993.0,FELSIC_VOLCANIC,1
6175.0,9575.0,425.1,52053.0,FELSIC_VOLCANIC,1
6225.0,9575.0,423.8,52117.0,FELSIC_VOLCANIC,1
6275.0,9575.0,422.2,52179.0,FELSIC_VOLCANIC,1
6325.0,9575.0,420.4,52233.0,FELSIC_VOLCANIC,1
6375.0,9575.0,418.3,52275.0,GRANITE,1
6425.0,9575.0,416.1,52302.0,GRANITE,1
6475.0,9575.0,413.8,52312.0,GRANITE,1
6525.0,9575.0,411.2,52305.0,GRANITE,1
6575.0,9575.0,408.6,52282.0,GRANITE,1
6625.0,9575.0,405.8,52245.0,GRANITE,1
6675.0,9575.0,402.9,52199.0,GRANITE,1
6725.0,9575.0,399.9,52147.0,GRANITE,1
6775.0,9575.0,396.8,52096.0,GRANITE,1
6825.0,9575.0,393.7,52050.0,GRANITE,1
6875.0,9575.0,390.5,52013.0,GRANITE,1
6925.0,9575.0,387.3,51987.0,GRANITE,1
6975.0,9575.0,384.1,51973.0,GRANITE,1
7025.0,9575.0,380.9,51969.0,GRANITE,1
7075.0,9575.0,377.8,51969.0,GRANITE,1
7125.0,9575.0,374.7,51971.0,GRANITE,1
7175.0,9575.0,371.7,51968.0,GRANITE,1
7225.0,9575.0,368.8,51958.0,GRANITE,1
7275.0,9575.0,366.0,51939.0,GRANITE,1
7325.0,9575.0,363.3,51911.0,GRANITE,1
7375.0,9575.0,360.7,51878.0,GRANITE,1
7425.0,9575.0,358.3,51842.0,GRANITE,1
7475.0,9575.0,356.1,51808.0,GRANITE,1
7525.0,9575.0,354.1,51780.0,GRANITE,1
7575.0,9575.0,352.3,51759.0,GRANITE,1
7625.0,9575.0,350.7,51748.0,GRANITE,1
7675.0,9575.0,349.3,51746.0,GRANITE,1
7725.0,9575.0,348.1,51753.0,GRANITE,1
7775.0,9575.0,347.2,51767.0,FELSIC_VOLCANIC,1
7825.0,9575.0,346.5,51787.0,FELSIC_VOLCANIC,1
7875.0,9575.0,346.1,51809.0,MAFIC_VOLCANIC,1
7925.0,9575.0,345.9,51832.0,MAFIC_VOLCANIC,1
7975.0,9575.0,346.0,51852.0,MAFIC_VOLCANIC,1
8025.0,9575.0,346.3,51866.0,MAFIC_VOLCANIC,1
8075.0,9575.0,346.8,51873.0,MAFIC_VOLCANIC,1
8125.0,9575.0,347.6,51869.0,MAFIC_VOLCANIC,1
8175.0,9575.0,348.6,51856.0,MAFIC_VOLCANIC,1
8225.0,9575.0,349.9,51835.0,MAFIC_VOLCANIC,1
8275.0,9575.0,351.3,51809.0,MAFIC_VOLCANIC,1
8325.0,9575.0,352.9,51782.0,MAFIC_VOLCANIC,1
8375.0,9575.0,354.8,51759.0,MAFIC_VOLCANIC,1
8425.0,9575.0,356.7,51746.0,MAFIC_VOLCANIC,1
8475.0,9575.0,358.9,51746.0,MAFIC_VOLCANIC,1
8525.0,9575.0,361.1,51761.0,MAFIC_VOLCANIC,1
8575.0,9575.0,363.5,51792.0,MAFIC_VOLCANIC,1
8625.0,9575.0,366.0,51836.0,FELSIC_VOLCANIC,1
8675.0,9575.0,368.5,51888.0,FELSIC_VOLCANIC,1
8725.0,9575.0,371.1,51945.0,FELSIC_VOLCANIC,1
8775.0,9575.0,373.7,51999.0,FELSIC_VOLCANIC,0
8825.0,9575.0,376.4,52046.0,FELSIC_VOLCANIC,0
8875.0,9575.0,379.0,52080.0,FELSIC_VOLCANIC,0
8925.0,9575.0,381.6,52097.0,FELSIC_VOLCANIC,0
8975.0,9575.0,384.2,52095.0,FELSIC_VOLCANIC,0
3025.0,9625.0,336.7,51888.0,FELSIC_VOLCANIC,0
3075.0,9625.0,331.4,51909.0,FELSIC_VOLCANIC,0
3125.0,9625.0,326.4,51922.0,MAFIC_VOLCANIC,0
3175.0,9625.0,321.5,51925.0,MAFIC_VOLCANIC,0
3225.0,9625.0,316.9,51921.0,MAFIC_VOLCANIC,1
3275.0,9625.0,312.5,51917.0,MAFIC_VOLCANIC,1
3325.0,9625.0,308.4,51919.0,MAFIC_VOLCANIC,1
3375.0,9625.0,304.7,51934.0,MAFIC_VOLCANIC,1
3425.0,9625.0,301.2,51966.0,METASEDIMENT,1
3475.0,9625.0,298.2,52016.0,METASEDIMENT,1
3525.0,9625.0,295.6,52080.0,METASEDIMENT,1
3575.0,9625.0,293.3,52152.0,METASEDIMENT,1
3625.0,9625.0,291.5,52221.0,METASEDIMENT,1
3675.0,9625.0,290.2,52280.0,METASEDIMENT,1
3725.0,9625.0,289.2,52321.0,METASEDIMENT,1
3775.0,9625.0,288.8,52339.0,METASEDIMENT,1
3825.0,9625.0,288.8,52335.0,METASEDIMENT,1
3875.0,9625.0,289.2,52313.0,METASEDIMENT,1
3925.0,9625.0,290.1,52279.0,METASEDIMENT,1
3975.0,9625.0,291.4,52241.0,METASEDIMENT,1
4025.0,9625.0,293.2,52204.0,METASEDIMENT,1
4075.0,9625.0,295.4,52173.0,METASEDIMENT,1
4125.0,9625.0,298.0,52149.0,METASEDIMENT,1
4175.0,9625.0,300.9,52133.0,METASEDIMENT,1
4225.0,9625.0,304.2,52123.0,METASEDIMENT,1
4275.0,9625.0,307.8,52115.0,METASEDIMENT,1
4325.0,9625.0,311.7,52110.0,METASEDIMENT,1
4375.0,9625.0,315.9,52106.0,METASEDIMENT,1
4425.0,9625.0,320.4,52101.0,METASEDIMENT,1
4475.0,9625.0,325.0,52098.0,METASEDIMENT,1
4525.0,9625.0,329.8,52095.0,METASEDIMENT,1
4575.0,9625.0,334.8,52094.0,METASEDIMENT,1
4625.0,9625.0,339.9,52093.0,METASEDIMENT,1
4675.0,9625.0,345.0,52094.0,METASEDIMENT,1
4725.0,9625.0,350.2,52094.0,METASEDIMENT,1
4775.0,9625.0,355.5,52096.0,METASEDIMENT,1
4825.0,9625.0,360.6,52098.0,METASEDIMENT,1
4875.0,9625.0,365.8,52100.0,METASEDIMENT,1
4925.0,9625.0,370.9,52101.0,METASEDIMENT,1
4975.0,9625.0,375.8,52102.0,METASEDIMENT,1
5025.0,9625.0,380.7,52100.0,METASEDIMENT,1
5075.0,9625.0,385.4,52093.0,METASEDIMENT,1
5125.0,9625.0,389.9,52081.0,METASEDIMENT,1
5175.0,9625.0,394.2,52062.0,METASEDIMENT,1
5225.0,9625.0,398.3,52039.0,METASEDIMENT,1
5275.0,9625.0,402.2,52013.0,METASEDIMENT,1
5325.0,9625.0,405.9,51988.0,METASEDIMENT,1
5375.0,9625.0,409.2,51966.0,METASEDIMENT,1
5425.0,9625.0,412.4,51951.0,METASEDIMENT,1
5475.0,9625.0,415.2,51943.0,METASEDIMENT,1
5525.0,9625.0,417.8,51941.0,MAFIC_VOLCANIC,1
5575.0,9625.0,420.0,51943.0,MAFIC_VOLCANIC,1
5625.0,9625.0,422.0,51945.0,MAFIC_VOLCANIC,1
5675.0,9625.0,423.7,51944.0,MAFIC_VOLCANIC,1
5725.0,9625.0,425.1,51937.0,MAFIC_VOLCANIC,1
5775.0,9625.0,426.2,51925.0,MAFIC_VOLCANIC,1
5825.0,9625.0,427.0,51909.0,MAFIC_VOLCANIC,1
5875.0,9625.0,427.6,51895.0,MAFIC_VOLCANIC,1
5925.0,9625.0,427.8,51886.0,MAFIC_VOLCANIC,1
5975.0,9625.0,427.8,51889.0,MAFIC_VOLCANIC,1
6025.0,9625.0,427.5,51906.0,MAFIC_VOLCANIC,1
6075.0,9625.0,427.0,51938.0,FELSIC_VOLCANIC,1
6125.0,9625.0,426.2,51985.0,FELSIC_VOLCANIC,1
6175.0,9625.0,425.1,52043.0,FELSIC_VOLCANIC,1
6225.0,9625.0,423.9,52107.0,FELSIC_VOLCANIC,1
6275.0,9625.0,422.4,52171.0,FELSIC_VOLCANIC,1
6325.0,9625.0,420.7,52231.0,FELSIC_VOLCANIC,1
6375.0,9625.0,418.8,52280.0,GRANITE,1
6425.0,9625.0,416.7,52314.0,GRANITE,1
6475.0,9625.0,414.5,52333.0,GRANITE,1
6525.0,9625.0,412.1,52334.0,GRANITE,1
6575.0,9625.0,409.5,52318.0,GRANITE,1
6625.0,9625.0,406.8,52287.0,GRANITE,1
6675.0,9625.0,404.1,52243.0,GRANITE,1
6725.0,9625.0,401.2,52192.0,GRANITE,1
6775.0,9625.0,398.2,52138.0,GRANITE,1
6825.0,9625.0,395.2,52087.0,GRANITE,1
6875.0,9625.0,392.2,52043.0,GRANITE,1
6925.0,9625.0,389.1,52009.0,GRANITE,1
6975.0,9625.0,386.0,51988.0,GRANITE,1
7025.0,9625.0,382.9,51977.0,GRANITE,1
7075.0,9625.0,379.9,51974.0,GRANITE,1
7125.0,9625.0,376.8,51975.0,GRANITE,1
7175.0,9625.0,373.9,51975.0,GRANITE,1
7225.0,9625.0,371.0,51970.0,GRANITE,1
7275.0,9625.0,368.3,51957.0,GRANITE,1
7325.0,9625.0,365.6,51936.0,GRANITE,1
7375.0,9625.0,363.1,51908.0,GRANITE,1
7425.0,9625.0,360.8,51875.0,GRANITE,1
7475.0,9625.0,358.6,51841.0,GRANITE,1
7525.0,9625.0,356.6,51809.0,GRANITE,1
7575.0,9625.0,354.7,51782.0,GRANITE,1
7625.0,9625.0,353.1,51762.0,GRANITE,1
7675.0,9625.0,351.7,51750.0,GRANITE,1
7725.0,9625.0,350.5,51747.0,GRANITE,1
7775.0,9625.0,349.6,51751.0,FELSIC_VOLCANIC,1
7825.0,9625.0,348.9,51763.0,FELSIC_VOLCANIC,1
7875.0,9625.0,348.4,51780.0,FELSIC_VOLCANIC,1
7925.0,9625.0,348.2,51800.0,MAFIC_VOLCANIC,1
7975.0,9625.0,348.2,51819.0,MAFIC_VOLCANIC,1
8025.0,9625.0,348.4,51834.0,MAFIC_VOLCANIC,1
8075.0,9625.0,348.9,51842.0,MAFIC_VOLCANIC,1
8125.0,9625.0,349.7,51842.0,MAFIC_VOLCANIC,1
8175.0,9625.0,350.6,51831.0,MAFIC_VOLCANIC,1
8225.0,9625.0,351.8,51811.0,MAFIC_VOLCANIC,1
8275.0,9625.0,353.2,51784.0,MAFIC_VOLCANIC,1
8325.0,9625.0,354.7,51754.0,MAFIC_VOLCANIC,1
8375.0,9625.0,356.5,51728.0,MAFIC_VOLCANIC,1
8425.0,9625.0,358.4,51709.0,MAFIC_VOLCANIC,1
8475.0,9625.0,360.4,51703.0,MAFIC_VOLCANIC,1
8525.0,9625.0,362.6,51712.0,MAFIC_VOLCANIC,1
8575.0,9625.0,364.9,51737.0,MAFIC_VOLCANIC,1
8625.0,9625.0,367.3,51777.0,FELSIC_VOLCANIC,1
8675.0,9625.0,369.7,51830.0,FELSIC_VOLCANIC,1
8725.0,9625.0,372.2,51889.0,FELSIC_VOLCANIC,0
8775.0,9625.0,374.8,51949.0,FELSIC_VOLCANIC,0
8825.0,9625.0,377.3,52005.0,FELSIC_VOLCANIC,0
8875.0,9625.0,379.9,52051.0,FELSIC_VOLCANIC,0
8925.0,9625.0,382.4,52081.0,FELSIC_VOLCANIC,0
8975.0,9625.0,384.9,52092.0,FELSIC_VOLCANIC,0
3025.0,9675.0,340.0,51865.0,FELSIC_VOLCANIC,0
3075.0,9675.0,334.8,51884.0,FELSIC_VOLCANIC,0
3125.0,9675.0,329.8,51895.0,FELSIC_VOLCANIC,0
3175.0,9675.0,325.0,51898.0,FELSIC_VOLCANIC,0
3225.0,9675.0,320.4,51893.0,MAFIC_VOLCANIC,1
3275.0,9675.0,316.1,51887.0,MAFIC_VOLCANIC,1
3325.0,9675.0,312.0,51884.0,MAFIC_VOLCANIC,1
3375.0,9675.0,308.3,51892.0,MAFIC_VOLCANIC,1
3425.0,9675.0,305.0,51917.0,MAFIC_VOLCANIC,1
3475.0,9675.0,302.0,51961.0,MAFIC_VOLCANIC,1
3525.0,9675.0,299.3,52021.0,METASEDIMENT,1
3575.0,9675.0,297.1,52093.0,METASEDIMENT,1
3625.0,9675.0,295.3,52169.0,METASEDIMENT,1
3675.0,9675.0,294.0,52237.0,METASEDIMENT,1
3725.0,9675.0,293.0,52290.0,METASEDIMENT,1
3775.0,9675.0,292.5,52321.0,METASEDIMENT,1
3825.0,9675.0,292.5,52329.0,METASEDIMENT,1
3875.0,9675.0,292.9,52316.0,METASEDIMENT,1
3925.0,9675.0,293.7,52286.0,METASEDIMENT,1
3975.0,9675.0,295.0,52247.0,METASEDIMENT,1
4025.0,9675.0,296.7,52207.0,METASEDIMENT,1
4075.0,9675.0,298.8,52170.0,METASEDIMENT,1
4125.0,9675.0,301.2,52141.0,METASEDIMENT,1
4175.0,9675.0,304.1,52120.0,METASEDIMENT,1
4225.0,9675.0,307.2,52107.0,METASEDIMENT,1
4275.0,9675.0,310.7,52100.0,METASEDIMENT,1
4325.0,9675.0,314.5,52097.0,METASEDIMENT,1
4375.0,9675.0,318.6,52096.0,METASEDIMENT,1
4425.0,9675.0,322.8,52097.0,METASEDIMENT,1
4475.0,9675.0,327.3,52098.0,METASEDIMENT,1
4525.0,9675.0,332.0,52098.0,METASEDIMENT,1
4575.0,9675.0,336.8,52098.0,METASEDIMENT,1
4625.0,9675.0,341.7,52097.0,METASEDIMENT,1
4675.0,9675.0,346.6,52095.0,METASEDIMENT,1
4725.0,9675.0,351.7,52092.0,METASEDIMENT,1
4775.0,9675.0,356.7,52088.0,METASEDIMENT,1
4825.0,9675.0,361.7,52084.0,METASEDIMENT,1
4875.0,9675.0,366.7,52080.0,METASEDIMENT,1
4925.0,9675.0,371.6,52076.0,METASEDIMENT,1
4975.0,9675.0,376.4,52072.0,METASEDIMENT,1
5025.0,9675.0,381.1,52067.0,METASEDIMENT,1
5075.0,9675.0,385.7,52060.0,METASEDIMENT,1
5125.0,9675.0,390.1,52048.0,METASEDIMENT,1
5175.0,9675.0,394.3,52033.0,METASEDIMENT,1
5225.0,9675.0,398.2,52014.0,METASEDIMENT,1
5275.0,9675.0,402.0,51992.0,METASEDIMENT,1
5325.0,9675.0,405.6,51971.0,METASEDIMENT,1
5375.0,9675.0,408.9,51953.0,METASEDIMENT,1
5425.0,9675.0,411.9,51941.0,METASEDIMENT,1
5475.0,9675.0,414.7,51936.0,METASEDIMENT,1
5525.0,9675.0,417.2,51938.0,MAFIC_VOLCANIC,1
5575.0,9675.0,419.5,51943.0,MAFIC_VOLCANIC,1
5625.0,9675.0,421.4,51949.0,MAFIC_VOLCANIC,1
5675.0,9675.0,423.1,51951.0,MAFIC_VOLCANIC,1
5725.0,9675.0,424.5,51949.0,MAFIC_VOLCANIC,1
5775.0,9675.0,425.6,51939.0,MAFIC_VOLCANIC,1
5825.0,9675.0,426.5,51925.0,MAFIC_VOLCANIC,1
5875.0,9675.0,427.1,51911.0,MAFIC_VOLCANIC,1
5925.0,9675.0,427.4,51900.0,MAFIC_VOLCANIC,1
5975.0,9675.0,427.4,51898.0,MAFIC_VOLCANIC,1
6025.0,9675.0,427.2,51909.0,MAFIC_VOLCANIC,1
6075.0,9675.0,426.8,51936.0,FELSIC_VOLCANIC,1
6125.0,9675.0,426.1,51978.0,FELSIC_VOLCANIC,1
6175.0,9675.0,425.1,52033.0,FELSIC_VOLCANIC,1
6225.0,9675.0,424.0,52096.0,FELSIC_VOLCANIC,1
6275.0,9675.0,422.6,52162.0,FELSIC_VOLCANIC,1
6325.0,9675.0,421.0,52225.0,FELSIC_VOLCANIC,1
6375.0,9675.0,419.3,52280.0,FELSIC_VOLCANIC,1
6425.0,9675.0,417.3,52322.0,GRANITE,1
6475.0,9675.0,415.2,52350.0,GRANITE,1
6525.0,9675.0,412.9,52360.0,GRANITE,1
6575.0,9675.0,410.5,52352.0,GRANITE,1
6625.0,9675.0,408.0,52327.0,GRANITE,1
6675.0,9675.0,405.4,52289.0,GRANITE,1
6725.0,9675.0,402.6,52240.0,GRANITE,1
6775.0,9675.0,399.8,52185.0,GRANITE,1
6825.0,9675.0,396.9,52131.0,GRANITE,1
6875.0,9675.0,394.0,52081.0,GRANITE,1
6925.0,9675.0,391.0,52040.0,GRANITE,1
6975.0,9675.0,388.0,52010.0,GRANITE,1
7025.0,9675.0,385.0,51992.0,GRANITE,1
7075.0,9675.0,382.1,51984.0,GRANITE,1
7125.0,9675.0,379.1,51982.0,GRANITE,1
7175.0,9675.0,376.3,51982.0,GRANITE,1
7225.0,9675.0,373.5,51979.0,GRANITE,1
7275.0,9675.0,370.8,51972.0,GRANITE,1
7325.0,9675.0,368.2,51957.0,GRANITE,1
7375.0,9675.0,365.7,51934.0,GRANITE,1
7425.0,9675.0,363.4,51906.0,GRANITE,1
7475.0,9675.0,361.3,51874.0,GRANITE,1
7525.0,9675.0,359.3,51841.0,GRANITE,1
7575.0,9675.0,357.5,51810.0,GRANITE,1
7625.0,9675.0,355.8,51783.0,GRANITE,1
7675.0,9675.0,354.4,51763.0,GRANITE,1
7725.0,9675.0,353.2,51750.0,GRANITE,1
7775.0,9675.0,352.3,51745.0,FELSIC_VOLCANIC,1
7825.0,9675.0,351.5,51748.0,FELSIC_VOLCANIC,1
7875.0,9675.0,351.0,51757.0,FELSIC_VOLCANIC,1
7925.0,9675.0,350.8,51771.0,MAFIC_VOLCANIC,1
7975.0,9675.0,350.7,51788.0,MAFIC_VOLCANIC,1
8025.0,9675.0,350.9,51803.0,MAFIC_VOLCANIC,1
8075.0,9675.0,351.3,51813.0,MAFIC_VOLCANIC,1
8125.0,9675.0,352.0,51815.0,MAFIC_VOLCANIC,1
8175.0,9675.0,352.9,51806.0,MAFIC_VOLCANIC,1
8225.0,9675.0,354.0,51788.0,MAFIC_VOLCANIC,1
8275.0,9675.0,355.3,51761.0,MAFIC_VOLCANIC,1
8325.0,9675.0,356.7,51730.0,MAFIC_VOLCANIC,1
8375.0,9675.0,358.4,51700.0,MAFIC_VOLCANIC,1
8425.0,9675.0,360.2,51676.0,MAFIC_VOLCANIC,1
8475.0,9675.0,362.2,51663.0,MAFIC_VOLCANIC,1
8525.0,9675.0,364.3,51664.0,MAFIC_VOLCANIC,1
8575.0,9675.0,366.5,51683.0,MAFIC_VOLCANIC,1
8625.0,9675.0,368.8,51718.0,FELSIC_VOLCANIC,1
8675.0,9675.0,371.1,51767.0,FELSIC_VOLCANIC,1
8725.0,9675.0,373.5,51827.0,FELSIC_VOLCANIC,0
8775.0,9675.0,376.0,51891.0,FELSIC_VOLCANIC,0
8825.0,9675.0,378.5,51954.0,FELSIC_VOLCANIC,0
8875.0,9675.0,380.9,52010.0,FELSIC_VOLCANIC,0
8925.0,9675.0,383.4,52052.0,FELSIC_VOLCANIC,0
8975.0,9675.0,385.8,52077.0,FELSIC_VOLCANIC,0
3025.0,9725.0,343.5,51847.0,FELSIC_VOLCANIC,0
3075.0,9725.0,338.4,51863.0,FELSIC_VOLCANIC,0
3125.0,9725.0,333.4,51872.0,FELSIC_VOLCANIC,0
3175.0,9725.0,328.6,51873.0,FELSIC_VOLCANIC,0
3225.0,9725.0,324.1,51868.0,FELSIC_VOLCANIC,0
3275.0,9725.0,319.9,51859.0,FELSIC_VOLCANIC,1
3325.0,9725.0,315.9,51852.0,MAFIC_VOLCANIC,1
3375.0,9725.0,312.2,51854.0,MAFIC_VOLCANIC,1
3425.0,9725.0,308.9,51871.0,MAFIC_VOLCANIC,1
3475.0,9725.0,305.9,51907.0,MAFIC_VOLCANIC,1
3525.0,9725.0,303.3,51962.0,MAFIC_VOLCANIC,1
3575.0,9725.0,301.1,52032.0,METASEDIMENT,1
3625.0,9725.0,299.3,52110.0,METASEDIMENT,1
3675.0,9725.0,297.9,52186.0,METASEDIMENT,1
3725.0,9725.0,297.0,52250.0,METASEDIMENT,1
3775.0,9725.0,296.5,52294.0,METASEDIMENT,1
3825.0,9725.0,296.4,52315.0,METASEDIMENT,1
3875.0,9725.0,296.7,52313.0,METASEDIMENT,1
3925.0,9725.0,297.5,52291.0,METASEDIMENT,1
3975.0,9725.0,298.7,52255.0,METASEDIMENT,1
4025.0,9725.0,300.3,52213.0,METASEDIMENT,1
4075.0,9725.0,302.3,52171.0,METASEDIMENT,1
4125.0,9725.0,304.6,52136.0,METASEDIMENT,1
4175.0,9725.0,307.3,52109.0,METASEDIMENT,1
4225.0,9725.0,310.4,52091.0,METASEDIMENT,1
4275.0,9725.0,313.7,52082.0,METASEDIMENT,1
4325.0,9725.0,317.4,52080.0,METASEDIMENT,1
4375.0,9725.0,321.3,52082.0,METASEDIMENT,1
4425.0,9725.0,325.4,52086.0,METASEDIMENT,1
4475.0,9725.0,329.7,52091.0,METASEDIMENT,1
4525.0,9725.0,334.2,52096.0,METASEDIMENT,1
4575.0,9725.0,338.8,52099.0,METASEDIMENT,1
4625.0,9725.0,343.5,52099.0,METASEDIMENT,1
4675.0,9725.0,348.3,52097.0,METASEDIMENT,1
4725.0,9725.0,353.1,52092.0,METASEDIMENT,1
4775.0,9725.0,358.0,52084.0,METASEDIMENT,1
4825.0,9725.0,362.8,52076.0,METASEDIMENT,1
4875.0,9725.0,367.6,52066.0,METASEDIMENT,1
4925.0,9725.0,372.4,52057.0,METASEDIMENT,1
4975.0,9725.0,377.0,52048.0,METASEDIMENT,1
5025.0,9725.0,381.6,52039.0,METASEDIMENT,1
5075.0,9725.0,386.0,52029.0,METASEDIMENT,1
5125.0,9725.0,390.2,52017.0,METASEDIMENT,1
5175.0,9725.0,394.3,52003.0,METASEDIMENT,1
5225.0,9725.0,398.1,51986.0,METASEDIMENT,1
5275.0,9725.0,401.8,51967.0,METASEDIMENT,1
5325.0,9725.0,405.3,51949.0,METASEDIMENT,1
5375.0,9725.0,408.5,51934.0,METASEDIMENT,1
5425.0,9725.0,411.4,51925.0,MAFIC_VOLCANIC,1
5475.0,9725.0,414.2,51923.0,MAFIC_VOLCANIC,1
5525.0,9725.0,416.6,51928.0,MAFIC_VOLCANIC,1
5575.0,9725.0,418.8,51936.0,MAFIC_VOLCANIC,1
5625.0,9725.0,420.8,51946.0,MAFIC_VOLCANIC,1
5675.0,9725.0,422.5,51954.0,MAFIC_VOLCANIC,1
5725.0,9725.0,423.9,51956.0,MAFIC_VOLCANIC,1
5775.0,9725.0,425.0,51951.0,MAFIC_VOLCANIC,1
5825.0,9725.0,425.9,51940.0,MAFIC_VOLCANIC,1
5875.0,9725.0,426.6,51926.0,MAFIC_VOLCANIC,1
5925.0,9725.0,426.9,51914.0,MAFIC_VOLCANIC,1
5975.0,9725.0,427.1,51909.0,MAFIC_VOLCANIC,1
6025.0,9725.0,426.9,51915.0,MAFIC_VOLCANIC,1
6075.0,9725.0,426.6,51936.0,FELSIC_VOLCANIC,1
6125.0,9725.0,426.0,51973.0,FELSIC_VOLCANIC,1
6175.0,9725.0,425.1,52023.0,FELSIC_VOLCANIC,1
6225.0,9725.0,424.1,52084.0,FELSIC_VOLCANIC,1
6275.0,9725.0,422.9,52150.0,FELSIC_VOLCANIC,1
6325.0,9725.0,421.4,52215.0,FELSIC_VOLCANIC,1
6375.0,9725.0,419.8,52275.0,FELSIC_VOLCANIC,1
6425.0,9725.0,418.0,52325.0,GRANITE,1
6475.0,9725.0,416.0,52361.0,GRANITE,1
6525.0,9725.0,413.9,52380.0,GRANITE,1
6575.0,9725.0,411.6,52381.0,GRANITE,1
6625.0,9725.0,409.2,52365.0,GRANITE,1
6675.0,9725.0,406.7,52333.0,GRANITE,1
6725.0,9725.0,404.1,52289.0,GRANITE,1
6775.0,9725.0,401.4,52236.0,GRANITE,1
6825.0,9725.0,398.6,52180.0,GRANITE,1
6875.0,9725.0,395.8,52126.0,GRANITE,1
6925.0,9725.0,393.0,52079.0,GRANITE,1
6975.0,9725.0,390.1,52042.0,GRANITE,1
7025.0,9725.0,387.3,52016.0,GRANITE,1
7075.0,9725.0,384.4,52001.0,GRANITE,1
7125.0,9725.0,381.6,51994.0,GRANITE,1
7175.0,9725.0,378.8,51991.0,GRANITE,1
7225.0,9725.0,376.1,51989.0,GRANITE,1
7275.0,9725.0,373.5,51984.0,GRANITE,1
7325.0,9725.0,371.0,51974.0,GRANITE,1
7375.0,9725.0,368.6,51957.0,GRANITE,1
7425.0,9725.0,366.3,51934.0,GRANITE,1
7475.0,9725.0,364.2,51905.0,GRANITE,1
7525.0,9725.0,362.2,51874.0,GRANITE,1
7575.0,9725.0,360.4,51842.0,GRANITE,1
7625.0,9725.0,358.8,51811.0,GRANITE,1
7675.0,9725.0,357.4,51784.0,GRANITE,1
7725.0,9725.0,356.2,51762.0,GRANITE,1
7775.0,9725.0,355.2,51748.0,GRANITE,1
7825.0,9725.0,354.4,51741.0,FELSIC_VOLCANIC,1
7875.0,9725.0,353.9,51742.0,FELSIC_VOLCANIC,1
7925.0,9725.0,353.6,51749.0,MAFIC_VOLCANIC,1
7975.0,9725.0,353.5,51761.0,MAFIC_VOLCANIC,1
8025.0,9725.0,353.6,51775.0,MAFIC_VOLCANIC,1
8075.0,9725.0,354.0,51785.0,MAFIC_VOLCANIC,1
8125.0,9725.0,354.6,51789.0,MAFIC_VOLCANIC,1
8175.0,9725.0,355.4,51784.0,MAFIC_VOLCANIC,1
8225.0,9725.0,356.4,51768.0,MAFIC_VOLCANIC,1
8275.0,9725.0,357.6,51742.0,MAFIC_VOLCANIC,1
8325.0,9725.0,359.0,51711.0,MAFIC_VOLCANIC,1
8375.0,9725.0,360.6,51677.0,MAFIC_VOLCANIC,1
8425.0,9725.0,362.3,51648.0,MAFIC_VOLCANIC,1
8475.0,9725.0,364.2,51628.0,MAFIC_VOLCANIC,1
8525.0,9725.0,366.1,51622.0,MAFIC_VOLCANIC,1
8575.0,9725.0,368.2,51632.0,MAFIC_VOLCANIC,1
8625.0,9725.0,370.4,51661.0,FELSIC_VOLCANIC,1
8675.0,9725.0,372.7,51705.0,FELSIC_VOLCANIC,1
8725.0,9725.0,375.0,51762.0,FELSIC_VOLCANIC,0
8775.0,9725.0,377.4,51827.0,FELSIC_VOLCANIC,0
8825.0,9725.0,379.7,51894.0,FELSIC_VOLCANIC,0
8875.0,9725.0,382.1,51958.0,FELSIC_VOLCANIC,0
8925.0,9725.0,384.5,52012.0,FELSIC_VOLCANIC,0
8975.0,9725.0,386.8,52050.0,FELSIC_VOLCANIC,0
3025.0,9775.0,347.1,51835.0,FELSIC_VOLCANIC,0
3075.0,9775.0,342.1,51847.0,FELSIC_VOLCANIC,0
3125.0,9775.0,337.2,51853.0,FELSIC_VOLCANIC,0
3175.0,9775.0,332.5,51853.0,FELSIC_VOLCANIC,0
3225.0,9775.0,328.0,51846.0,FELSIC_VOLCANIC,0
3275.0,9775.0,323.8,51834.0,FELSIC_VOLCANIC,1
3325.0,9775.0,319.9,51823.0,FELSIC_VOLCANIC,1
3375.0,9775.0,316.2,51819.0,MAFIC_VOLCANIC,1
3425.0,9775.0,312.9,51829.0,MAFIC_VOLCANIC,1
3475.0,9775.0,310.0,51856.0,MAFIC_VOLCANIC,1
3525.0,9775.0,307.4,51904.0,MAFIC_VOLCANIC,1
3575.0,9775.0,305.2,51970.0,MAFIC_VOLCANIC,1
3625.0,9775.0,303.4,52048.0,METASEDIMENT,1
3675.0,9775.0,302.0,52128.0,METASEDIMENT,1
3725.0,9775.0,301.1,52201.0,METASEDIMENT,1
3775.0,9775.0,300.5,52259.0,METASEDIMENT,1
3825.0,9775.0,300.4,52294.0,METASEDIMENT,1
3875.0,9775.0,300.7,52304.0,METASEDIMENT,1
3925.0,9775.0,301.4,52291.0,METASEDIMENT,1
3975.0,9775.0,302.5,52261.0,METASEDIMENT,1
4025.0,9775.0,304.0,52221.0,METASEDIMENT,1
4075.0,9775.0,305.9,52176.0,METASEDIMENT,1
4125.0,9775.0,308.1,52135.0,METASEDIMENT,1
4175.0,9775.0,310.7,52102.0,METASEDIMENT,1
4225.0,9775.0,313.6,52079.0,METASEDIMENT,1
4275.0,9775.0,316.8,52065.0,METASEDIMENT,1
4325.0,9775.0,320.3,52061.0,METASEDIMENT,1
4375.0,9775.0,324.0,52063.0,METASEDIMENT,1
4425.0,9775.0,328.0,52070.0,METASEDIMENT,1
4475.0,9775.0,332.1,52079.0,METASEDIMENT,1
4525.0,9775.0,336.4,52088.0,METASEDIMENT,1
4575.0,9775.0,340.8,52094.0,METASEDIMENT,1
4625.0,9775.0,345.3,52098.0,METASEDIMENT,1
4675.0,9775.0,350.0,52097.0,METASEDIMENT,1
4725.0,9775.0,354.6,52092.0,METASEDIMENT,1
4775.0,9775.0,359.3,52083.0,METASEDIMENT,1
4825.0,9775.0,363.9,52071.0,METASEDIMENT,1
4875.0,9775.0,368.6,52057.0,METASEDIMENT,1
4925.0,9775.0,373.1,52043.0,METASEDIMENT,1
4975.0,9775.0,377.6,52029.0,METASEDIMENT,1
5025.0,9775.0,382.0,52016.0,METASEDIMENT,1
5075.0,9775.0,386.2,52003.0,METASEDIMENT,1
5125.0,9775.0,390.3,51990.0,METASEDIMENT,1
5175.0,9775.0,394.3,51975.0,METASEDIMENT,1
5225.0,9775.0,398.0,51958.0,METASEDIMENT,1
5275.0,9775.0,401.6,51941.0,METASEDIMENT,1
5325.0,9775.0,404.9,51925.0,MAFIC_VOLCANIC,1
5375.0,9775.0,408.0,51912.0,MAFIC_VOLCANIC,1
5425.0,9775.0,410.9,51905.0,MAFIC_VOLCANIC,1
5475.0,9775.0,413.6,51904.0,MAFIC_VOLCANIC,1
5525.0,9775.0,416.0,51911.0,MAFIC_VOLCANIC,1
5575.0,9775.0,418.2,51924.0,MAFIC_VOLCANIC,1
5625.0,9775.0,420.1,51938.0,MAFIC_VOLCANIC,1
5675.0,9775.0,421.8,51951.0,MAFIC_VOLCANIC,1
5725.0,9775.0,423.2,51958.0,MAFIC_VOLCANIC,1
5775.0,9775.0,424.4,51959.0,MAFIC_VOLCANIC,1
5825.0,9775.0,425.3,51952.0,MAFIC_VOLCANIC,1
5875.0,9775.0,426.0,51941.0,MAFIC_VOLCANIC,1
5925.0,9775.0,426.5,51929.0,MAFIC_VOLCANIC,1
5975.0,9775.0,426.7,51922.0,MAFIC_VOLCANIC,1
6025.0,9775.0,426.6,51924.0,MAFIC_VOLCANIC,1
6075.0,9775.0,426.3,51939.0,FELSIC_VOLCANIC,1
6125.0,9775.0,425.8,51970.0,FELSIC_VOLCANIC,1
6175.0,9775.0,425.1,52015.0,FELSIC_VOLCANIC,1
6225.0,9775.0,424.2,52072.0,FELSIC_VOLCANIC,1
6275.0,9775.0,423.1,52137.0,FELSIC_VOLCANIC,1
6325.0,9775.0,421.8,52204.0,FELSIC_VOLCANIC,1
6375.0,9775.0,420.3,52267.0,FELSIC_VOLCANIC,1
6425.0,9775.0,418.6,52323.0,GRANITE,1
6475.0,9775.0,416.8,52366.0,GRANITE,1
6525.0,9775.0,414.8,52393.0,GRANITE,1
6575.0,9775.0,412.7,52404.0,GRANITE,1
6625.0,9775.0,410.4,52397.0,GRANITE,1
6675.0,9775.0,408.1,52373.0,GRANITE,1
6725.0,9775.0,405.6,52335.0,GRANITE,1
6775.0,9775.0,403.1,52287.0,GRANITE,1
6825.0,9775.0,400.5,52232.0,GRANITE,1
6875.0,9775.0,397.8,52177.0,GRANITE,1
6925.0,9775.0,395.1,52125.0,GRANITE,1
6975.0,9775.0,392.3,52082.0,GRANITE,1
7025.0,9775.0,389.6,52048.0,GRANITE,1
7075.0,9775.0,386.9,52026.0,GRANITE,1
7125.0,9775.0,384.1,52012.0,GRANITE,1
7175.0,9775.0,381.5,52005.0,GRANITE,1
7225.0,9775.0,378.9,52002.0,GRANITE,1
7275.0,9775.0,376.3,51997.0,GRANITE,1
7325.0,9775.0,373.9,51990.0,GRANITE,1
7375.0,9775.0,371.5,51977.0,GRANITE,1
7425.0,9775.0,369.3,51959.0,GRANITE,1
7475.0,9775.0,367.2,51935.0,GRANITE,1
7525.0,9775.0,365.3,51907.0,GRANITE,1
7575.0,9775.0,363.5,51876.0,GRANITE,1
7625.0,9775.0,361.9,51844.0,GRANITE,1
7675.0,9775.0,360.5,51812.0,GRANITE,1
7725.0,9775.0,359.3,51784.0,GRANITE,1
7775.0,9775.0,358.3,51761.0,GRANITE,1
7825.0,9775.0,357.6,51744.0,FELSIC_VOLCANIC,1
7875.0,9775.0,357.0,51736.0,FELSIC_VOLCANIC,1
7925.0,9775.0,356.6,51735.0,FELSIC_VOLCANIC,1
7975.0,9775.0,356.5,51741.0,MAFIC_VOLCANIC,1
8025.0,9775.0,356.6,51751.0,MAFIC_VOLCANIC,1
8075.0,9775.0,356.9,51760.0,MAFIC_VOLCANIC,1
8125.0,9775.0,357.4,51765.0,MAFIC_VOLCANIC,1
8175.0,9775.0,358.1,51762.0,MAFIC_VOLCANIC,1
8225.0,9775.0,359.1,51749.0,MAFIC_VOLCANIC,1
8275.0,9775.0,360.2,51726.0,MAFIC_VOLCANIC,1
8325.0,9775.0,361.5,51695.0,MAFIC_VOLCANIC,1
8375.0,9775.0,363.0,51659.0,MAFIC_VOLCANIC,1
8425.0,9775.0,364.6,51625.0,MAFIC_VOLCANIC,1
8475.0,9775.0,366.3,51599.0,MAFIC_VOLCANIC,1
8525.0,9775.0,368.2,51585.0,MAFIC_VOLCANIC,1
8575.0,9775.0,370.2,51587.0,MAFIC_VOLCANIC,1
8625.0,9775.0,372.3,51607.0,FELSIC_VOLCANIC,1
8675.0,9775.0,374.4,51644.0,FELSIC_VOLCANIC,0
8725.0,9775.0,376.7,51696.0,FELSIC_VOLCANIC,0
8775.0,9775.0,378.9,51759.0,FELSIC_VOLCANIC,0
8825.0,9775.0,381.2,51828.0,FELSIC_VOLCANIC,0
8875.0,9775.0,383.4,51897.0,FELSIC_VOLCANIC,0
8925.0,9775.0,385.7,51960.0,FELSIC_VOLCANIC,0
8975.0,9775.0,387.9,52011.0,FELSIC_VOLCANIC,0
3025.0,9825.0,351.0,51830.0,FELSIC_VOLCANIC,0
3075.0,9825.0,346.0,51837.0,FELSIC_VOLCANIC,0
3125.0,9825.0,341.1,51840.0,FELSIC_VOLCANIC,0
3175.0,9825.0,336.5,51837.0,FELSIC_VOLCANIC,0
3225.0,9825.0,332.1,51828.0,FELSIC_VOLCANIC,0
3275.0,9825.0,327.9,51814.0,FELSIC_VOLCANIC,0
3325.0,9825.0,324.0,51800.0,FELSIC_VOLCANIC,1
3375.0,9825.0,320.4,51790.0,FELSIC_VOLCANIC,1
3425.0,9825.0,317.2,51792.0,FELSIC_VOLCANIC,1
3475.0,9825.0,314.2,51811.0,MAFIC_VOLCANIC,1
3525.0,9825.0,311.7,51851.0,MAFIC_VOLCANIC,1
3575.0,9825.0,309.5,51910.0,MAFIC_VOLCANIC,1
3625.0,9825.0,307.7,51985.0,MAFIC_VOLCANIC,1
3675.0,9825.0,306.3,52067.0,METASEDIMENT,1
3725.0,9825.0,305.3,52147.0,METASEDIMENT,1
3775.0,9825.0,304.7,52216.0,METASEDIMENT,1
3825.0,9825.0,304.5,52264.0,METASEDIMENT,1
3875.0,9825.0,304.7,52288.0,METASEDIMENT,1
3925.0,9825.0,305.4,52287.0,METASEDIMENT,1
3975.0,9825.0,306.4,52266.0,METASEDIMENT,1
4025.0,9825.0,307.8,52229.0,METASEDIMENT,1
4075.0,9825.0,309.5,52184.0,METASEDIMENT,1
4125.0,9825.0,311.7,52139.0,METASEDIMENT,1
4175.0,9825.0,314.1,52100.0,METASEDIMENT,1
4225.0,9825.0,316.9,52069.0,METASEDIMENT,1
4275.0,9825.0,319.9,52050.0,METASEDIMENT,1
4325.0,9825.0,323.2,52041.0,METASEDIMENT,1
4375.0,9825.0,326.8,52042.0,METASEDIMENT,1
4425.0,9825.0,330.5,52049.0,METASEDIMENT,1
4475.0,9825.0,334.5,52061.0,METASEDIMENT,1
4525.0,9825.0,338.6,52073.0,METASEDIMENT,1
4575.0,9825.0,342.9,52084.0,METASEDIMENT,1
4625.0,9825.0,347.2,52092.0,METASEDIMENT,1
4675.0,9825.0,351.6,52094.0,METASEDIMENT,1
4725.0,9825.0,356.1,52091.0,METASEDIMENT,1
4775.0,9825.0,360.6,52082.0,METASEDIMENT,1
4825.0,9825.0,365.0,52068.0,METASEDIMENT,1
4875.0,9825.0,369.5,52052.0,METASEDIMENT,1
4925.0,9825.0,373.9,52034.0,METASEDIMENT,1
4975.0,9825.0,378.2,52016.0,METASEDIMENT,1
5025.0,9825.0,382.4,51999.0,METASEDIMENT,1
5075.0,9825.0,386.5,51982.0,METASEDIMENT,1
5125.0,9825.0,390.4,51966.0,METASEDIMENT,1
5175.0,9825.0,394.2,51950.0,METASEDIMENT,1
5225.0,9825.0,397.8,51933.0,MAFIC_VOLCANIC,1
5275.0,9825.0,401.3,51915.0,MAFIC_VOLCANIC,1
5325.0,9825.0,404.5,51899.0,MAFIC_VOLCANIC,1
5375.0,9825.0,407.6,51887.0,MAFIC_VOLCANIC,1
5425.0,9825.0,410.4,51881.0,MAFIC_VOLCANIC,1
5475.0,9825.0,413.0,51881.0,MAFIC_VOLCANIC,1
5525.0,9825.0,415.4,51890.0,MAFIC_VOLCANIC,1
5575.0,9825.0,417.5,51905.0,MAFIC_VOLCANIC,1
5625.0,9825.0,419.4,51923.0,MAFIC_VOLCANIC,1
5675.0,9825.0,421.1,51941.0,MAFIC_VOLCANIC,1
5725.0,9825.0,422.5,51955.0,MAFIC_VOLCANIC,1
5775.0,9825.0,423.7,51962.0,MAFIC_VOLCANIC,1
5825.0,9825.0,424.7,51961.0,MAFIC_VOLCANIC,1
5875.0,9825.0,425.4,51953.0,MAFIC_VOLCANIC,1
5925.0,9825.0,425.9,51943.0,MAFIC_VOLCANIC,1
5975.0,9825.0,426.2,51935.0,MAFIC_VOLCANIC,1
6025.0,9825.0,426.2,51934.0,MAFIC_VOLCANIC,1
6075.0,9825.0,426.1,51945.0,FELSIC_VOLCANIC,1
6125.0,9825.0,425.7,51970.0,FELSIC_VOLCANIC,1
6175.0,9825.0,425.1,52010.0,FELSIC_VOLCANIC,1
6225.0,9825.0,424.3,52062.0,FELSIC_VOLCANIC,1
6275.0,9825.0,423.3,52124.0,FELSIC_VOLCANIC,1
6325.0,9825.0,422.1,52190.0,FELSIC_VOLCANIC,1
6375.0,9825.0,420.8,52256.0,FELSIC_VOLCANIC,1
6425.0,9825.0,419.3,52315.0,GRANITE,1
6475.0,9825.0,417.6,52365.0,GRANITE,1
6525.0,9825.0,415.7,52400.0,GRANITE,1
6575.0,9825.0,413.8,52420.0,GRANITE,1
6625.0,9825.0,411.7,52422.0,GRANITE,1
6675.0,9825.0,409.5,52408.0,GRANITE,1
6725.0,9825.0,407.2,52378.0,GRANITE,1
6775.0,9825.0,404.8,52335.0,GRANITE,1
6825.0,9825.0,402.3,52284.0,GRANITE,1
6875.0,9825.0,399.8,52229.0,GRANITE,1
6925.0,9825.0,397.2,52176.0,GRANITE,1
6975.0,9825.0,394.6,52128.0,GRANITE,1
7025.0,9825.0,392.0,52089.0,GRANITE,1
7075.0,9825.0,389.4,52059.0,GRANITE,1
7125.0,9825.0,386.8,52039.0,GRANITE,1
7175.0,9825.0,384.2,52027.0,GRANITE,1
7225.0,9825.0,381.7,52019.0,GRANITE,1
7275.0,9825.0,379.3,52013.0,GRANITE,1
7325.0,9825.0,376.9,52006.0,GRANITE,1
7375.0,9825.0,374.6,51997.0,GRANITE,1
7425.0,9825.0,372.5,51982.0,GRANITE,1
7475.0,9825.0,370.4,51963.0,GRANITE,1
7525.0,9825.0,368.6,51939.0,GRANITE,1
7575.0,9825.0,366.8,51911.0,GRANITE,1
7625.0,9825.0,365.3,51880.0,GRANITE,1
7675.0,9825.0,363.9,51847.0,GRANITE,1
7725.0,9825.0,362.7,51814.0,GRANITE,1
7775.0,9825.0,361.7,51784.0,GRANITE,1
7825.0,9825.0,360.9,51758.0,GRANITE,1
7875.0,9825.0,360.3,51740.0,FELSIC_VOLCANIC,1
7925.0,9825.0,359.9,51730.0,FELSIC_VOLCANIC,1
7975.0,9825.0,359.7,51728.0,MAFIC_VOLCANIC,1
8025.0,9825.0,359.7,51732.0,MAFIC_VOLCANIC,1
8075.0,9825.0,360.0,51739.0,MAFIC_VOLCANIC,1
8125.0,9825.0,360.4,51744.0,MAFIC_VOLCANIC,1
8175.0,9825.0,361.1,51744.0,MAFIC_VOLCANIC,1
8225.0,9825.0,361.9,51734.0,MAFIC_VOLCANIC,1
8275.0,9825.0,363.0,51713.0,MAFIC_VOLCANIC,1
8325.0,9825.0,364.2,51683.0,MAFIC_VOLCANIC,1
8375.0,9825.0,365.5,51647.0,MAFIC_VOLCANIC,1
8425.0,9825.0,367.1,51610.0,MAFIC_VOLCANIC,1
8475.0,9825.0,368.7,51577.0,MAFIC_VOLCANIC,1
8525.0,9825.0,370.5,51556.0,MAFIC_VOLCANIC,1
8575.0,9825.0,372.4,51549.0,MAFIC_VOLCANIC,1
8625.0,9825.0,374.3,51560.0,MAFIC_VOLCANIC,1
8675.0,9825.0,376.3,51589.0,FELSIC_VOLCANIC,0
8725.0,9825.0,378.4,51634.0,FELSIC_VOLCANIC,0
8775.0,9825.0,380.6,51692.0,FELSIC_VOLCANIC,0
8825.0,9825.0,382.7,51760.0,FELSIC_VOLCANIC,0
8875.0,9825.0,384.9,51831.0,FELSIC_VOLCANIC,0
8925.0,9825.0,387.0,51900.0,FELSIC_VOLCANIC,0
8975.0,9825.0,389.1,51961.0,FELSIC_VOLCANIC,0
3025.0,9875.0,354.9,51829.0,FELSIC_VOLCANIC,0
3075.0,9875.0,350.0,51833.0,FELSIC_VOLCANIC,0
3125.0,9875.0,345.2,51833.0,FELSIC_VOLCANIC,0
3175.0,9875.0,340.6,51828.0,FELSIC_VOLCANIC,0
3225.0,9875.0,336.2,51816.0,FELSIC_VOLCANIC,0
3275.0,9875.0,332.1,51800.0,FELSIC_VOLCANIC,0
3325.0,9875.0,328.3,51782.0,FELSIC_VOLCANIC,0
3375.0,9875.0,324.7,51767.0,FELSIC_VOLCANIC,1
3425.0,9875.0,321.5,51762.0,FELSIC_VOLCANIC,1
3475.0,9875.0,318.6,51772.0,FELSIC_VOLCANIC,1
3525.0,9875.0,316.0,51803.0,MAFIC_VOLCANIC,1
3575.0,9875.0,313.8,51854.0,MAFIC_VOLCANIC,1
3625.0,9875.0,312.0,51924.0,MAFIC_VOLCANIC,1
3675.0,9875.0,310.6,52006.0,MAFIC_VOLCANIC,1
3725.0,9875.0,309.5,52090.0,METASEDIMENT,1
3775.0,9875.0,308.9,52167.0,METASEDIMENT,1
3825.0,9875.0,308.7,52227.0,METASEDIMENT,1
3875.0,9875.0,308.8,52265.0,METASEDIMENT,1
3925.0,9875.0,309.4,52278.0,METASEDIMENT,1
3975.0,9875.0,310.3,52266.0,METASEDIMENT,1
4025.0,9875.0,311.6,52236.0,METASEDIMENT,1
4075.0,9875.0,313.2,52194.0,METASEDIMENT,1
4125.0,9875.0,315.2,52147.0,METASEDIMENT,1
4175.0,9875.0,317.5,52102.0,METASEDIMENT,1
4225.0,9875.0,320.1,52065.0,METASEDIMENT,1
4275.0,9875.0,323.0,52038.0,METASEDIMENT,1
4325.0,9875.0,326.2,52024.0,METASEDIMENT,1
4375.0,9875.0,329.5,52020.0,METASEDIMENT,1
4425.0,9875.0,333.1,52026.0,METASEDIMENT,1
4475.0,9875.0,336.9,52038.0,METASEDIMENT,1
4525.0,9875.0,340.8,52053.0,METASEDIMENT,1
4575.0,9875.0,344.9,52068.0,METASEDIMENT,1
4625.0,9875.0,349.0,52080.0,METASEDIMENT,1
4675.0,9875.0,353.2,52086.0,METASEDIMENT,1
4725.0,9875.0,357.5,52086.0,METASEDIMENT,1
4775.0,9875.0,361.8,52079.0,METASEDIMENT,1
4825.0,9875.0,366.1,52066.0,METASEDIMENT,1
4875.0,9875.0,370.3,52048.0,METASEDIMENT,1
4925.0,9875.0,374.5,52028.0,METASEDIMENT,1
4975.0,9875.0,378.7,52007.0,METASEDIMENT,1
5025.0,9875.0,382.7,51986.0,METASEDIMENT,1
5075.0,9875.0,386.6,51966.0,METASEDIMENT,1
5125.0,9875.0,390.4,51948.0,METASEDIMENT,1
5175.0,9875.0,394.1,51929.0,METASEDIMENT,1
5225.0,9875.0,397.6,51911.0,MAFIC_VOLCANIC,1
5275.0,9875.0,400.9,51892.0,MAFIC_VOLCANIC,1
5325.0,9875.0,404.1,51876.0,MAFIC_VOLCANIC,1
5375.0,9875.0,407.0,51863.0,MAFIC_VOLCANIC,1
5425.0,9875.0,409.8,51855.0,MAFIC_VOLCANIC,1
5475.0,9875.0,412.3,51856.0,MAFIC_VOLCANIC,1
5525.0,9875.0,414.7,51865.0,MAFIC_VOLCANIC,1
5575.0,9875.0,416.8,51881.0,MAFIC_VOLCANIC,1
5625.0,9875.0,418.7,51903.0,MAFIC_VOLCANIC,1
5675.0,9875.0,420.3,51925.0,MAFIC_VOLCANIC,1
5725.0,9875.0,421.8,51945.0,MAFIC_VOLCANIC,1
5775.0,9875.0,423.0,51959.0,MAFIC_VOLCANIC,1
5825.0,9875.0,424.0,51964.0,MAFIC_VOLCANIC,1
5875.0,9875.0,424.8,51962.0,MAFIC_VOLCANIC,1
5925.0,9875.0,425.4,51955.0,MAFIC_VOLCANIC,1
5975.0,9875.0,425.7,51948.0,MAFIC_VOLCANIC,1
6025.0,9875.0,425.8,51946.0,MAFIC_VOLCANIC,1
6075.0,9875.0,425.8,51953.0,FELSIC_VOLCANIC,1
6125.0,9875.0,425.5,51973.0,FELSIC_VOLCANIC,1
6175.0,9875.0,425.0,52007.0,FELSIC_VOLCANIC,1
6225.0,9875.0,424.3,52055.0,FELSIC_VOLCANIC,1
6275.0,9875.0,423.5,52112.0,FELSIC_VOLCANIC,1
6325.0,9875.0,422.4,52176.0,FELSIC_VOLCANIC,1
6375.0,9875.0,421.2,52242.0,FELSIC_VOLCANIC,1
6425.0,9875.0,419.9,52304.0,GRANITE,1
6475.0,9875.0,418.3,52358.0,GRANITE,1
6525.0,9875.0,416.7,52401.0,GRANITE,1
6575.0,9875.0,414.9,52428.0,GRANITE,1
6625.0,9875.0,412.9,52440.0,GRANITE,1
6675.0,9875.0,410.9,52434.0,GRANITE,1
6725.0,9875.0,408.8,52413.0,GRANITE,1
6775.0,9875.0,406.5,52377.0,GRANITE,1
6825.0,9875.0,404.2,52332.0,GRANITE,1
6875.0,9875.0,401.8,52280.0,GRANITE,1
6925.0,9875.0,399.4,52227.0,GRANITE,1
6975.0,9875.0,396.9,52178.0,GRANITE,1
7025.0,9875.0,394.5,52135.0,GRANITE,1
7075.0,9875.0,392.0,52100.0,GRANITE,1
7125.0,9875.0,389.5,52074.0,GRANITE,1
7175.0,9875.0,387.1,52056.0,GRANITE,1
7225.0,9875.0,384.7,52044.0,GRANITE,1
7275.0,9875.0,382.3,52035.0,GRANITE,1
7325.0,9875.0,380.0,52027.0,GRANITE,1
7375.0,9875.0,377.8,52018.0,GRANITE,1
7425.0,9875.0,375.8,52006.0,GRANITE,1
7475.0,9875.0,373.8,51990.0,GRANITE,1
7525.0,9875.0,372.0,51971.0,GRANITE,1
7575.0,9875.0,370.3,51947.0,GRANITE,1
7625.0,9875.0,368.7,51918.0,GRANITE,1
7675.0,9875.0,367.4,51886.0,GRANITE,1
7725.0,9875.0,366.2,51851.0,GRANITE,1
7775.0,9875.0,365.2,51816.0,GRANITE,1
7825.0,9875.0,364.4,51783.0,GRANITE,1
7875.0,9875.0,363.7,51756.0,FELSIC_VOLCANIC,1
7925.0,9875.0,363.3,51736.0,FELSIC_VOLCANIC,1
7975.0,9875.0,363.1,51725.0,FELSIC_VOLCANIC,1
8025.0,9875.0,363.1,51722.0,MAFIC_VOLCANIC,1
8075.0,9875.0,363.3,51724.0,MAFIC_VOLCANIC,1
8125.0,9875.0,363.7,51727.0,MAFIC_VOLCANIC,1
8175.0,9875.0,364.2,51728.0,MAFIC_VOLCANIC,1
8225.0,9875.0,365.0,51720.0,MAFIC_VOLCANIC,1
8275.0,9875.0,365.9,51703.0,MAFIC_VOLCANIC,1
8325.0,9875.0,367.0,51675.0,MAFIC_VOLCANIC,1
8375.0,9875.0,368.3,51639.0,MAFIC_VOLCANIC,1
8425.0,9875.0,369.7,51600.0,MAFIC_VOLCANIC,1
8475.0,9875.0,371.2,51563.0,MAFIC_VOLCANIC,1
8525.0,9875.0,372.9,51535.0,MAFIC_VOLCANIC,1
8575.0,9875.0,374.6,51520.0,MAFIC_VOLCANIC,1
8625.0,9875.0,376.5,51521.0,MAFIC_VOLCANIC,0
8675.0,9875.0,378.4,51540.0,FELSIC_VOLCANIC,0
8725.0,9875.0,380.4,51577.0,FELSIC_VOLCANIC,0
8775.0,9875.0,382.3,51629.0,FELSIC_VOLCANIC,0
8825.0,9875.0,384.4,51693.0,FELSIC_VOLCANIC,0
8875.0,9875.0,386.4,51763.0,FELSIC_VOLCANIC,0
8925.0,9875.0,388.4,51835.0,FELSIC_VOLCANIC,0
8975.0,9875.0,390.4,51903.0,FELSIC_VOLCANIC,0
3025.0,9925.0,358.9,51833.0,FELSIC_VOLCANIC,0
3075.0,9925.0,354.0,51834.0,FELSIC_VOLCANIC,0
3125.0,9925.0,349.3,51831.0,FELSIC_VOLCANIC,0
3175.0,9925.0,344.8,51823.0,FELSIC_VOLCANIC,0
3225.0,9925.0,340.5,51810.0,FELSIC_VOLCANIC,0
3275.0,9925.0,336.4,51791.0,FELSIC_VOLCANIC,0
3325.0,9925.0,332.6,51770.0,FELSIC_VOLCANIC,0
3375.0,9925.0,329.1,51750.0,FELSIC_VOLCANIC,1
3425.0,9925.0,325.8,51738.0,FELSIC_VOLCANIC,1
3475.0,9925.0,322.9,51740.0,FELSIC_VOLCANIC,1
3525.0,9925.0,320.4,51761.0,FELSIC_VOLCANIC,1
3575.0,9925.0,318.2,51804.0,MAFIC_VOLCANIC,1
3625.0,9925.0,316.4,51868.0,MAFIC_VOLCANIC,1
3675.0,9925.0,314.9,51946.0,MAFIC_VOLCANIC,1
3725.0,9925.0,313.8,52032.0,MAFIC_VOLCANIC,1
3775.0,9925.0,313.2,52115.0,METASEDIMENT,1
3825.0,9925.0,312.8,52186.0,METASEDIMENT,1
3875.0,9925.0,312.9,52236.0,METASEDIMENT,1
3925.0,9925.0,313.4,52262.0,METASEDIMENT,1
3975.0,9925.0,314.2,52263.0,METASEDIMENT,1
4025.0,9925.0,315.4,52242.0,METASEDIMENT,1
4075.0,9925.0,316.9,52205.0,METASEDIMENT,1
4125.0,9925.0,318.8,52158.0,METASEDIMENT,1
4175.0,9925.0,320.9,52110.0,METASEDIMENT,1
4225.0,9925.0,323.4,52066.0,METASEDIMENT,1
4275.0,9925.0,326.1,52032.0,METASEDIMENT,1
4325.0,9925.0,329.1,52010.0,METASEDIMENT,1
4375.0,9925.0,332.3,52000.0,METASEDIMENT,1
4425.0,9925.0,335.7,52002.0,METASEDIMENT,1
4475.0,9925.0,339.3,52012.0,METASEDIMENT,1
4525.0,9925.0,343.0,52029.0,METASEDIMENT,1
4575.0,9925.0,346.8,52046.0,METASEDIMENT,1
4625.0,9925.0,350.8,52062.0,METASEDIMENT,1
4675.0,9925.0,354.8,52073.0,METASEDIMENT,1
4725.0,9925.0,358.9,52077.0,METASEDIMENT,1
4775.0,9925.0,363.0,52073.0,METASEDIMENT,1
4825.0,9925.0,367.1,52062.0,METASEDIMENT,1
4875.0,9925.0,371.1,52045.0,METASEDIMENT,1
4925.0,9925.0,375.2,52024.0,METASEDIMENT,1
4975.0,9925.0,379.1,52001.0,METASEDIMENT,1
5025.0,9925.0,383.0,51978.0,METASEDIMENT,1
5075.0,9925.0,386.8,51955.0,METASEDIMENT,1
5125.0,9925.0,390.4,51934.0,METASEDIMENT,1
5175.0,9925.0,393.9,51913.0,MAFIC_VOLCANIC,1
5225.0,9925.0,397.3,51893.0,MAFIC_VOLCANIC,1
5275.0,9925.0,400.5,51874.0,MAFIC_VOLCANIC,1
5325.0,9925.0,403.6,51855.0,MAFIC_VOLCANIC,1
5375.0,9925.0,406.4,51840.0,MAFIC_VOLCANIC,1
5425.0,9925.0,409.1,51831.0,MAFIC_VOLCANIC,1
5475.0,9925.0,411.6,51830.0,MAFIC_VOLCANIC,1
5525.0,9925.0,413.9,51838.0,MAFIC_VOLCANIC,1
5575.0,9925.0,416.0,51854.0,MAFIC_VOLCANIC,1
5625.0,9925.0,417.9,51878.0,MAFIC_VOLCANIC,1
5675.0,9925.0,419.5,51904.0,MAFIC_VOLCANIC,1
5725.0,9925.0,421.0,51929.0,MAFIC_VOLCANIC,1
5775.0,9925.0,422.2,51949.0,MAFIC_VOLCANIC,1
5825.0,9925.0,423.3,51961.0,MAFIC_VOLCANIC,1
5875.0,9925.0,424.1,51966.0,MAFIC_VOLCANIC,1
5925.0,9925.0,424.7,51964.0,MAFIC_VOLCANIC,1
5975.0,9925.0,425.2,51960.0,MAFIC_VOLCANIC,1
6025.0,9925.0,425.4,51958.0,MAFIC_VOLCANIC,1
6075.0,9925.0,425.4,51963.0,FELSIC_VOLCANIC,1
6125.0,9925.0,425.2,51978.0,FELSIC_VOLCANIC,1
6175.0,9925.0,424.9,52007.0,FELSIC_VOLCANIC,1
6225.0,9925.0,424.3,52049.0,FELSIC_VOLCANIC,1
6275.0,9925.0,423.6,52102.0,FELSIC_VOLCANIC,1
6325.0,9925.0,422.7,52163.0,FELSIC_VOLCANIC,1
6375.0,9925.0,421.7,52227.0,FELSIC_VOLCANIC,1
6425.0,9925.0,420.4,52290.0,GRANITE,1
6475.0,9925.0,419.1,52347.0,GRANITE,1
6525.0,9925.0,417.6,52395.0,GRANITE,1
6575.0,9925.0,415.9,52429.0,GRANITE,1
6625.0,9925.0,414.2,52449.0,GRANITE,1
6675.0,9925.0,412.3,52452.0,GRANITE,1
6725.0,9925.0,410.3,52440.0,GRANITE,1
6775.0,9925.0,408.2,52412.0,GRANITE,1
6825.0,9925.0,406.1,52374.0,GRANITE,1
6875.0,9925.0,403.9,52327.0,GRANITE,1
6925.0,9925.0,401.6,52277.0,GRANITE,1
6975.0,9925.0,399.3,52228.0,GRANITE,1
7025.0,9925.0,397.0,52183.0,GRANITE,1
7075.0,9925.0,394.6,52145.0,GRANITE,1
7125.0,9925.0,392.3,52115.0,GRANITE,1
7175.0,9925.0,389.9,52092.0,GRANITE,1
7225.0,9925.0,387.7,52075.0,GRANITE,1
7275.0,9925.0,385.4,52063.0,GRANITE,1
7325.0,9925.0,383.2,52052.0,GRANITE,1
7375.0,9925.0,381.1,52042.0,GRANITE,1
7425.0,9925.0,379.1,52031.0,GRANITE,1
7475.0,9925.0,377.2,52018.0,GRANITE,1
7525.0,9925.0,375.5,52002.0,GRANITE,1
7575.0,9925.0,373.8,51982.0,GRANITE,1
7625.0,9925.0,372.3,51957.0,GRANITE,1
7675.0,9925.0,371.0,51927.0,GRANITE,1
7725.0,9925.0,369.8,51893.0,GRANITE,1
7775.0,9925.0,368.8,51855.0,GRANITE,1
7825.0,9925.0,368.0,51817.0,GRANITE,1
7875.0,9925.0,367.4,51782.0,FELSIC_VOLCANIC,1
7925.0,9925.0,366.9,51753.0,FELSIC_VOLCANIC,1
7975.0,9925.0,366.7,51732.0,FELSIC_VOLCANIC,1
8025.0,9925.0,366.6,51720.0,MAFIC_VOLCANIC,1
8075.0,9925.0,366.7,51716.0,MAFIC_VOLCANIC,1
8125.0,9925.0,367.0,51716.0,MAFIC_VOLCANIC,1
8175.0,9925.0,367.5,51715.0,MAFIC_VOLCANIC,1
8225.0,9925.0,368.2,51710.0,MAFIC_VOLCANIC,1
8275.0,9925.0,369.1,51695.0,MAFIC_VOLCANIC,1
8325.0,9925.0,370.1,51670.0,MAFIC_VOLCANIC,1
8375.0,9925.0,371.2,51636.0,MAFIC_VOLCANIC,1
8425.0,9925.0,372.5,51596.0,MAFIC_VOLCANIC,1
8475.0,9925.0,373.9,51556.0,MAFIC_VOLCANIC,1
8525.0,9925.0,375.5,51522.0,MAFIC_VOLCANIC,1
8575.0,9925.0,377.1,51499.0,MAFIC_VOLCANIC,1
8625.0,9925.0,378.8,51491.0,MAFIC_VOLCANIC,0
8675.0,9925.0,380.6,51501.0,FELSIC_VOLCANIC,0
8725.0,9925.0,382.4,51528.0,FELSIC_VOLCANIC,0
8775.0,9925.0,384.3,51572.0,FELSIC_VOLCANIC,0
8825.0,9925.0,386.1,51629.0,FELSIC_VOLCANIC,0
8875.0,9925.0,388.0,51696.0,FELSIC_VOLCANIC,0
8925.0,9925.0,389.9,51768.0,FELSIC_VOLCANIC,0
8975.0,9925.0,391.7,51839.0,GRANITE,0
3025.0,9975.0,363.0,51840.0,FELSIC_VOLCANIC,0
3075.0,9975.0,358.2,51838.0,FELSIC_VOLCANIC,0
3125.0,9975.0,353.5,51834.0,FELSIC_VOLCANIC,0
3175.0,9975.0,349.0,51824.0,FELSIC_VOLCANIC,0
3225.0,9975.0,344.8,51809.0,FELSIC_VOLCANIC,0
3275.0,9975.0,340.7,51788.0,FELSIC_VOLCANIC,0
3325.0,9975.0,337.0,51764.0,FELSIC_VOLCANIC,0
3375.0,9975.0,333.5,51740.0,FELSIC_VOLCANIC,0
3425.0,9975.0,330.2,51721.0,FELSIC_VOLCANIC,1
3475.0,9975.0,327.4,51716.0,FELSIC_VOLCANIC,1
3525.0,9975.0,324.8,51728.0,FELSIC_VOLCANIC,1
3575.0,9975.0,322.6,51761.0,FELSIC_VOLCANIC,1
3625.0,9975.0,320.8,51816.0,MAFIC_VOLCANIC,1
3675.0,9975.0,319.3,51890.0,MAFIC_VOLCANIC,1
3725.0,9975.0,318.1,51975.0,MAFIC_VOLCANIC,1
3775.0,9975.0,317.4,52061.0,MAFIC_VOLCANIC,1
3825.0,9975.0,317.0,52140.0,METASEDIMENT,1
3875.0,9975.0,317.0,52203.0,METASEDIMENT,1
3925.0,9975.0,317.4,52242.0,METASEDIMENT,1
3975.0,9975.0,318.1,52256.0,METASEDIMENT,1
4025.0,9975.0,319.2,52245.0,METASEDIMENT,1
4075.0,9975.0,320.6,52215.0,METASEDIMENT,1
4125.0,9975.0,322.3,52171.0,METASEDIMENT,1
4175.0,9975.0,324.3,52121.0,METASEDIMENT,1
4225.0,9975.0,326.6,52073.0,METASEDIMENT,1
4275.0,9975.0,329.1,52032.0,METASEDIMENT,1
4325.0,9975.0,331.9,52001.0,METASEDIMENT,1
4375.0,9975.0,335.0,51984.0,METASEDIMENT,1
4425.0,9975.0,338.2,51980.0,METASEDIMENT,1
4475.0,9975.0,341.6,51987.0,METASEDIMENT,1
4525.0,9975.0,345.1,52002.0,METASEDIMENT,1
4575.0,9975.0,348.7,52021.0,METASEDIMENT,1
4625.0,9975.0,352.5,52040.0,METASEDIMENT,1
4675.0,9975.0,356.3,52055.0,METASEDIMENT,1
4725.0,9975.0,360.2,52064.0,METASEDIMENT,1
4775.0,9975.0,364.1,52064.0,METASEDIMENT,1
4825.0,9975.0,368.0,52056.0,METASEDIMENT,1
4875.0,9975.0,371.9,52041.0,METASEDIMENT,1
4925.0,9975.0,375.7,52020.0,METASEDIMENT,1
4975.0,9975.0,379.5,51996.0,METASEDIMENT,1
5025.0,9975.0,383.2,51972.0,METASEDIMENT,1
5075.0,9975.0,386.8,51948.0,METASEDIMENT,1
5125.0,9975.0,390.3,51925.0,METASEDIMENT,1
5175.0,9975.0,393.7,51902.0,MAFIC_VOLCANIC,1
5225.0,9975.0,396.9,51881.0,MAFIC_VOLCANIC,1
5275.0,9975.0,400.0,51859.0,MAFIC_VOLCANIC,1
5325.0,9975.0,403.0,51839.0,MAFIC_VOLCANIC,1
5375.0,9975.0,405.8,51822.0,MAFIC_VOLCANIC,1
5425.0,9975.0,408.4,51810.0,MAFIC_VOLCANIC,1
5475.0,9975.0,410.8,51806.0,MAFIC_VOLCANIC,1
5525.0,9975.0,413.0,51811.0,MAFIC_VOLCANIC,1
5575.0,9975.0,415.1,51826.0,MAFIC_VOLCANIC,1
5625.0,9975.0,417.0,51849.0,MAFIC_VOLCANIC,1
5675.0,9975.0,418.6,51878.0,MAFIC_VOLCANIC,1
5725.0,9975.0,420.1,51907.0,MAFIC_VOLCANIC,1
5775.0,9975.0,421.4,51933.0,MAFIC_VOLCANIC,1
5825.0,9975.0,422.5,51953.0,MAFIC_VOLCANIC,1
5875.0,9975.0,423.3,51964.0,MAFIC_VOLCANIC,1
5925.0,9975.0,424.0,51968.0,MAFIC_VOLCANIC,1
5975.0,9975.0,424.5,51968.0,MAFIC_VOLCANIC,1
6025.0,9975.0,424.9,51968.0,MAFIC_VOLCANIC,1
6075.0,9975.0,425.0,51972.0,FELSIC_VOLCANIC,1
6125.0,9975.0,424.9,51985.0,FELSIC_VOLCANIC,1
6175.0,9975.0,424.7,52009.0,FELSIC_VOLCANIC,1
6225.0,9975.0,424.3,52046.0,FELSIC_VOLCANIC,1
6275.0,9975.0,423.7,52094.0,FELSIC_VOLCANIC,1
6325.0,9975.0,422.9,52151.0,FELSIC_VOLCANIC,1
6375.0,9975.0,422.0,52212.0,FELSIC_VOLCANIC,1
6425.0,9975.0,421.0,52274.0,GRANITE,1
6475.0,9975.0,419.8,52333.0,GRANITE,1
6525.0,9975.0,418.4,52384.0,GRANITE,1
6575.0,9975.0,416.9,52424.0,GRANITE,1
6625.0,9975.0,415.4,52450.0,GRANITE,1
6675.0,9975.0,413.6,52461.0,GRANITE,1
6725.0,9975.0,411.8,52457.0,GRANITE,1
6775.0,9975.0,409.9,52438.0,GRANITE,1
6825.0,9975.0,408.0,52407.0,GRANITE,1
6875.0,9975.0,405.9,52366.0,GRANITE,1
6925.0,9975.0,403.8,52321.0,GRANITE,1
6975.0,9975.0,401.6,52275.0,GRANITE,1
7025.0,9975.0,399.5,52231.0,GRANITE,1
7075.0,9975.0,397.3,52192.0,GRANITE,1
7125.0,9975.0,395.1,52160.0,GRANITE,1
7175.0,9975.0,392.9,52134.0,GRANITE,1
7225.0,9975.0,390.7,52113.0,GRANITE,1
7275.0,9975.0,388.6,52097.0,GRANITE,1
7325.0,9975.0,386.5,52083.0,GRANITE,1
7375.0,9975.0,384.5,52071.0,GRANITE,1
7425.0,9975.0,382.6,52060.0,GRANITE,1
7475.0,9975.0,380.8,52048.0,GRANITE,1
7525.0,9975.0,379.1,52034.0,GRANITE,1
7575.0,9975.0,377.5,52018.0,GRANITE,1
7625.0,9975.0,376.0,51997.0,GRANITE,1
7675.0,9975.0,374.7,51970.0,GRANITE,1
7725.0,9975.0,373.6,51938.0,GRANITE,1
7775.0,9975.0,372.6,51900.0,GRANITE,1
7825.0,9975.0,371.8,51859.0,GRANITE,1
7875.0,9975.0,371.1,51818.0,GRANITE,1
7925.0,9975.0,370.6,51781.0,FELSIC_VOLCANIC,1
7975.0,9975.0,370.4,51750.0,FELSIC_VOLCANIC,1
8025.0,9975.0,370.2,51729.0,MAFIC_VOLCANIC,1
8075.0,9975.0,370.3,51717.0,MAFIC_VOLCANIC,1
8125.0,9975.0,370.6,51711.0,MAFIC_VOLCANIC,1
8175.0,9975.0,371.0,51708.0,MAFIC_VOLCANIC,1
8225.0,9975.0,371.6,51703.0,MAFIC_VOLCANIC,1
8275.0,9975.0,372.3,51690.0,MAFIC_VOLCANIC,1
8325.0,9975.0,373.2,51669.0,MAFIC_VOLCANIC,1
8375.0,9975.0,374.3,51637.0,MAFIC_VOLCANIC,1
8425.0,9975.0,375.5,51598.0,MAFIC_VOLCANIC,1
8475.0,9975.0,376.8,51556.0,MAFIC_VOLCANIC,1
8525.0,9975.0,378.2,51518.0,MAFIC_VOLCANIC,1
8575.0,9975.0,379.7,51488.0,MAFIC_VOLCANIC,1
8625.0,9975.0,381.2,51471.0,MAFIC_VOLCANIC,0
8675.0,9975.0,382.9,51472.0,MAFIC_VOLCANIC,0
8725.0,9975.0,384.6,51489.0,FELSIC_VOLCANIC,0
8775.0,9975.0,386.3,51524.0,FELSIC_VOLCANIC,0
8825.0,9975.0,388.0,51573.0,FELSIC_VOLCANIC,0
8875.0,9975.0,389.7,51634.0,FELSIC_VOLCANIC,0
8925.0,9975.0,391.4,51703.0,FELSIC_VOLCANIC,0
8975.0,9975.0,393.1,51775.0,GRANITE,0
3025.0,10025.0,367.1,51847.0,FELSIC_VOLCANIC,0
3075.0,10025.0,362.4,51845.0,FELSIC_VOLCANIC,0
3125.0,10025.0,357.7,51839.0,FELSIC_VOLCANIC,0
3175.0,10025.0,353.3,51829.0,FELSIC_VOLCANIC,0
3225.0,10025.0,349.1,51813.0,FELSIC_VOLCANIC,0
3275.0,10025.0,345.1,51791.0,FELSIC_VOLCANIC,0
3325.0,10025.0,341.3,51764.0,FELSIC_VOLCANIC,0
3375.0,10025.0,337.9,51736.0,FELSIC_VOLCANIC,0
3425.0,10025.0,334.7,51712.0,FELSIC_VOLCANIC,0
3475.0,10025.0,331.8,51698.0,FELSIC_VOLCANIC,1
3525.0,10025.0,329.2,51701.0,FELSIC_VOLCANIC,1
3575.0,10025.0,327.0,51725.0,FELSIC_VOLCANIC,1
3625.0,10025.0,325.1,51772.0,FELSIC_VOLCANIC,1
3675.0,10025.0,323.6,51838.0,FELSIC_VOLCANIC,1
3725.0,10025.0,322.4,51920.0,MAFIC_VOLCANIC,1
3775.0,10025.0,321.6,52008.0,MAFIC_VOLCANIC,1
3825.0,10025.0,321.2,52093.0,MAFIC_VOLCANIC,1
3875.0,10025.0,321.1,52165.0,METASEDIMENT,1
3925.0,10025.0,321.4,52217.0,METASEDIMENT,1
3975.0,10025.0,322.0,52244.0,METASEDIMENT,1
4025.0,10025.0,322.9,52246.0,METASEDIMENT,1
4075.0,10025.0,324.2,52224.0,METASEDIMENT,1
4125.0,10025.0,325.7,52186.0,METASEDIMENT,1
4175.0,10025.0,327.6,52137.0,METASEDIMENT,1
4225.0,10025.0,329.7,52085.0,METASEDIMENT,1
4275.0,10025.0,332.1,52038.0,METASEDIMENT,1
4325.0,10025.0,334.7,51999.0,METASEDIMENT,1
4375.0,10025.0,337.6,51974.0,METASEDIMENT,1
4425.0,10025.0,340.6,51962.0,METASEDIMENT,1
4475.0,10025.0,343.8,51963.0,METASEDIMENT,1
4525.0,10025.0,347.1,51975.0,METASEDIMENT,1
4575.0,10025.0,350.6,51993.0,METASEDIMENT,1
4625.0,10025.0,354.1,52014.0,METASEDIMENT,1
4675.0,10025.0,357.7,52033.0,METASEDIMENT,1
4725.0,10025.0,361.4,52046.0,METASEDIMENT,1
4775.0,10025.0,365.1,52051.0,METASEDIMENT,1
4825.0,10025.0,368.8,52047.0,METASEDIMENT,1
4875.0,10025.0,372.5,52035.0,METASEDIMENT,1
4925.0,10025.0,376.2,52016.0,METASEDIMENT,1
4975.0,10025.0,379.8,51993.0,METASEDIMENT,1
5025.0,10025.0,383.3,51968.0,METASEDIMENT,1
5075.0,10025.0,386.8,51943.0,METASEDIMENT,1
5125.0,10025.0,390.1,51919.0,METASEDIMENT,1
5175.0,10025.0,393.4,51896.0,MAFIC_VOLCANIC,1
5225.0,10025.0,396.5,51873.0,MAFIC_VOLCANIC,1
5275.0,10025.0,399.5,51850.0,MAFIC_VOLCANIC,1
5325.0,10025.0,402.3,51828.0,MAFIC_VOLCANIC,1
5375.0,10025.0,405.0,51808.0,MAFIC_VOLCANIC,1
5425.0,10025.0,407.6,51793.0,MAFIC_VOLCANIC,1
5475.0,10025.0,409.9,51785.0,MAFIC_VOLCANIC,1
5525.0,10025.0,412.1,51786.0,MAFIC_VOLCANIC,1
5575.0,10025.0,414.2,51798.0,MAFIC_VOLCANIC,1
5625.0,10025.0,416.0,51819.0,MAFIC_VOLCANIC,1
5675.0,10025.0,417.7,51848.0,MAFIC_VOLCANIC,1
5725.0,10025.0,419.2,51881.0,MAFIC_VOLCANIC,1
5775.0,10025.0,420.5,51912.0,MAFIC_VOLCANIC,1
5825.0,10025.0,421.6,51938.0,MAFIC_VOLCANIC,1
5875.0,10025.0,422.5,51956.0,MAFIC_VOLCANIC,1
5925.0,10025.0,423.3,51967.0,MAFIC_VOLCANIC,1
5975.0,10025.0,423.9,51972.0,MAFIC_VOLCANIC,1
6025.0,10025.0,424.3,51975.0,MAFIC_VOLCANIC,1
6075.0,10025.0,424.5,51980.0,FELSIC_VOLCANIC,1
6125.0,10025.0,424.5,51991.0,FELSIC_VOLCANIC,1
6175.0,10025.0,424.4,52013.0,FELSIC_VOLCANIC,1
6225.0,10025.0,424.1,52045.0,FELSIC_VOLCANIC,1
6275.0,10025.0,423.7,52088.0,FELSIC_VOLCANIC,1
6325.0,10025.0,423.1,52140.0,FELSIC_VOLCANIC,1
6375.0,10025.0,422.3,52198.0,FELSIC_VOLCANIC,1
6425.0,10025.0,421.4,52258.0,GRANITE,1
6475.0,10025.0,420.4,52317.0,GRANITE,1
6525.0,10025.0,419.2,52369.0,GRANITE,1
6575.0,10025.0,417.9,52413.0,GRANITE,1
6625.0,10025.0,416.5,52444.0,GRANITE,1
6675.0,10025.0,415.0,52462.0,GRANITE,1
6725.0,10025.0,413.3,52465.0,GRANITE,1
6775.0,10025.0,411.6,52454.0,GRANITE,1
6825.0,10025.0,409.8,52430.0,GRANITE,1
6875.0,10025.0,407.9,52397.0,GRANITE,1
6925.0,10025.0,406.0,52357.0,GRANITE,1
6975.0,10025.0,404.0,52315.0,GRANITE,1
7025.0,10025.0,401.9,52274.0,GRANITE,1
7075.0,10025.0,399.9,52236.0,GRANITE,1
7125.0,10025.0,397.8,52204.0,GRANITE,1
7175.0,10025.0,395.8,52177.0,GRANITE,1
7225.0,10025.0,393.8,52155.0,GRANITE,1
7275.0,10025.0,391.8,52136.0,GRANITE,1
7325.0,10025.0,389.8,52120.0,GRANITE,1
7375.0,10025.0,387.9,52105.0,GRANITE,1
7425.0,10025.0,386.1,52092.0,GRANITE,1
7475.0,10025.0,384.4,52080.0,GRANITE,1
7525.0,10025.0,382.7,52067.0,GRANITE,1
7575.0,10025.0,381.2,52053.0,GRANITE,1
7625.0,10025.0,379.8,52036.0,GRANITE,1
7675.0,10025.0,378.5,52014.0,GRANITE,1
7725.0,10025.0,377.4,51985.0,GRANITE,1
7775.0,10025.0,376.4,51949.0,GRANITE,1
7825.0,10025.0,375.6,51907.0,GRANITE,1
7875.0,10025.0,375.0,51863.0,GRANITE,1
7925.0,10025.0,374.5,51818.0,FELSIC_VOLCANIC,1
7975.0,10025.0,374.2,51779.0,FELSIC_VOLCANIC,1
8025.0,10025.0,374.0,51748.0,FELSIC_VOLCANIC,1
8075.0,10025.0,374.0,51727.0,MAFIC_VOLCANIC,1
8125.0,10025.0,374.2,51714.0,MAFIC_VOLCANIC,1
8175.0,10025.0,374.6,51707.0,MAFIC_VOLCANIC,1
8225.0,10025.0,375.1,51700.0,MAFIC_VOLCANIC,1
8275.0,10025.0,375.7,51689.0,MAFIC_VOLCANIC,1
8325.0,10025.0,376.6,51670.0,MAFIC_VOLCANIC,1
8375.0,10025.0,377.5,51641.0,MAFIC_VOLCANIC,1
8425.0,10025.0,378.6,51604.0,MAFIC_VOLCANIC,1
8475.0,10025.0,379.7,51562.0,MAFIC_VOLCANIC,1
8525.0,10025.0,381.0,51521.0,MAFIC_VOLCANIC,1
8575.0,10025.0,382.4,51485.0,MAFIC_VOLCANIC,0
8625.0,10025.0,383.8,51461.0,MAFIC_VOLCANIC,0
8675.0,10025.0,385.3,51453.0,MAFIC_VOLCANIC,0
8725.0,10025.0,386.8,51461.0,FELSIC_VOLCANIC,0
8775.0,10025.0,388.4,51486.0,FELSIC_VOLCANIC,0
8825.0,10025.0,389.9,51527.0,FELSIC_VOLCANIC,0
8875.0,10025.0,391.5,51580.0,FELSIC_VOLCANIC,0
8925.0,10025.0,393.1,51644.0,FELSIC_VOLCANIC,0
8975.0,10025.0,394.6,51713.0,GRANITE,0
3025.0,10075.0,371.2,51852.0,FELSIC_VOLCANIC,0
3075.0,10075.0,366.5,51851.0,FELSIC_VOLCANIC,0
3125.0,10075.0,362.0,51846.0,FELSIC_VOLCANIC,0
3175.0,10075.0,357.6,51837.0,FELSIC_VOLCANIC,0
3225.0,10075.0,353.4,51821.0,FELSIC_VOLCANIC,0
3275.0,10075.0,349.4,51797.0,FELSIC_VOLCANIC,0
3325.0,10075.0,345.7,51769.0,FELSIC_VOLCANIC,0
3375.0,10075.0,342.3,51738.0,FELSIC_VOLCANIC,0
3425.0,10075.0,339.1,51709.0,FELSIC_VOLCANIC,0
3475.0,10075.0,336.2,51688.0,FELSIC_VOLCANIC,0
3525.0,10075.0,333.6,51682.0,FELSIC_VOLCANIC,1
3575.0,10075.0,331.4,51697.0,FELSIC_VOLCANIC,1
3625.0,10075.0,329.5,51733.0,FELSIC_VOLCANIC,1
3675.0,10075.0,327.9,51792.0,FELSIC_VOLCANIC,1
3725.0,10075.0,326.7,51869.0,FELSIC_VOLCANIC,1
3775.0,10075.0,325.8,51956.0,MAFIC_VOLCANIC,1
3825.0,10075.0,325.3,52045.0,MAFIC_VOLCANIC,1
3875.0,10075.0,325.1,52125.0,MAFIC_VOLCANIC,1
3925.0,10075.0,325.3,52188.0,METASEDIMENT,1
3975.0,10075.0,325.8,52228.0,METASEDIMENT,1
4025.0,10075.0,326.6,52242.0,METASEDIMENT,1
4075.0,10075.0,327.7,52232.0,METASEDIMENT,1
4125.0,10075.0,329.1,52201.0,METASEDIMENT,1
4175.0,10075.0,330.8,52155.0,METASEDIMENT,1
4225.0,10075.0,332.8,52103.0,METASEDIMENT,1
4275.0,10075.0,335.0,52051.0,METASEDIMENT,1
4325.0,10075.0,337.5,52005.0,METASEDIMENT,1
4375.0,10075.0,340.1,51971.0,METASEDIMENT,1
4425.0,10075.0,342.9,51950.0,METASEDIMENT,1
4475.0,10075.0,345.9,51944.0,METASEDIMENT,1
4525.0,10075.0,349.1,51951.0,METASEDIMENT,1
4575.0,10075.0,352.3,51966.0,METASEDIMENT,1
4625.0,10075.0,355.7,51987.0,METASEDIMENT,1
4675.0,10075.0,359.1,52008.0,METASEDIMENT,1
4725.0,10075.0,362.5,52025.0,METASEDIMENT,1
4775.0,10075.0,366.1,52034.0,METASEDIMENT,1
4825.0,10075.0,369.6,52035.0,METASEDIMENT,1
4875.0,10075.0,373.1,52026.0,METASEDIMENT,1
4925.0,10075.0,376.5,52010.0,METASEDIMENT,1
4975.0,10075.0,380.0,51988.0,METASEDIMENT,1
5025.0,10075.0,383.4,51964.0,METASEDIMENT,1
5075.0,10075.0,386.7,51939.0,METASEDIMENT,1
5125.0,10075.0,389.9,51915.0,METASEDIMENT,1
5175.0,10075.0,393.0,51892.0,MAFIC_VOLCANIC,1
5225.0,10075.0,396.0,51868.0,MAFIC_VOLCANIC,1
5275.0,10075.0,398.9,51845.0,MAFIC_VOLCANIC,1
5325.0,10075.0,401.6,51822.0,MAFIC_VOLCANIC,1
5375.0,10075.0,404.2,51800.0,MAFIC_VOLCANIC,1
5425.0,10075.0,406.7,51781.0,MAFIC_VOLCANIC,1
5475.0,10075.0,409.0,51768.0,MAFIC_VOLCANIC,1
5525.0,10075.0,411.1,51765.0,MAFIC_VOLCANIC,1
5575.0,10075.0,413.1,51772.0,MAFIC_VOLCANIC,1
5625.0,10075.0,415.0,51790.0,MAFIC_VOLCANIC,1
5675.0,10075.0,416.6,51818.0,MAFIC_VOLCANIC,1
5725.0,10075.0,418.1,51851.0,MAFIC_VOLCANIC,1
5775.0,10075.0,419.5,51885.0,MAFIC_VOLCANIC,1
5825.0,10075.0,420.6,51917.0,MAFIC_VOLCANIC,1
5875.0,10075.0,421.6,51942.0,MAFIC_VOLCANIC,1
5925.0,10075.0,422.5,51960.0,MAFIC_VOLCANIC,1
5975.0,10075.0,423.1,51971.0,MAFIC_VOLCANIC,1
6025.0,10075.0,423.6,51979.0,MAFIC_VOLCANIC,1
6075.0,10075.0,423.9,51986.0,FELSIC_VOLCANIC,1
6125.0,10075.0,424.1,51997.0,FELSIC_VOLCANIC,1
6175.0,10075.0,424.1,52016.0,FELSIC_VOLCANIC,1
6225.0,10075.0,424.0,52045.0,FELSIC_VOLCANIC,1
6275.0,10075.0,423.6,52084.0,FELSIC_VOLCANIC,1
6325.0,10075.0,423.2,52131.0,FELSIC_VOLCANIC,1
6375.0,10075.0,422.6,52185.0,FELSIC_VOLCANIC,1
6425.0,10075.0,421.8,52242.0,GRANITE,1
6475.0,10075.0,421.0,52299.0,GRANITE,1
6525.0,10075.0,420.0,52352.0,GRANITE,1
6575.0,10075.0,418.8,52398.0,GRANITE,1
6625.0,10075.0,417.6,52433.0,GRANITE,1
6675.0,10075.0,416.2,52455.0,GRANITE,1
6725.0,10075.0,414.8,52465.0,GRANITE,1
6775.0,10075.0,413.2,52460.0,GRANITE,1
6825.0,10075.0,411.6,52443.0,GRANITE,1
6875.0,10075.0,409.9,52416.0,GRANITE,1
6925.0,10075.0,408.1,52382.0,GRANITE,1
6975.0,10075.0,406.3,52345.0,GRANITE,1
7025.0,10075.0,404.4,52308.0,GRANITE,1
7075.0,10075.0,402.5,52274.0,GRANITE,1
7125.0,10075.0,400.6,52244.0,GRANITE,1
7175.0,10075.0,398.7,52218.0,GRANITE,1
7225.0,10075.0,396.8,52197.0,GRANITE,1
7275.0,10075.0,394.9,52177.0,GRANITE,1
7325.0,10075.0,393.1,52160.0,GRANITE,1
7375.0,10075.0,391.3,52144.0,GRANITE,1
7425.0,10075.0,389.6,52129.0,GRANITE,1
7475.0,10075.0,388.0,52115.0,GRANITE,1
7525.0,10075.0,386.4,52102.0,GRANITE,1
7575.0,10075.0,385.0,52089.0,GRANITE,1
7625.0,10075.0,383.6,52075.0,GRANITE,1
7675.0,10075.0,382.4,52057.0,GRANITE,1
7725.0,10075.0,381.3,52032.0,GRANITE,1
7775.0,10075.0,380.4,52000.0,GRANITE,1
7825.0,10075.0,379.6,51959.0,GRANITE,1
7875.0,10075.0,378.9,51913.0,GRANITE,1
7925.0,10075.0,378.4,51865.0,FELSIC_VOLCANIC,1
7975.0,10075.0,378.1,51818.0,FELSIC_VOLCANIC,1
8025.0,10075.0,377.9,51778.0,FELSIC_VOLCANIC,1
8075.0,10075.0,377.9,51747.0,MAFIC_VOLCANIC,1
8125.0,10075.0,378.0,51726.0,MAFIC_VOLCANIC,1
8175.0,10075.0,378.3,51712.0,MAFIC_VOLCANIC,1
8225.0,10075.0,378.7,51702.0,MAFIC_VOLCANIC,1
8275.0,10075.0,379.3,51691.0,MAFIC_VOLCANIC,1
8325.0,10075.0,380.0,51674.0,MAFIC_VOLCANIC,1
8375.0,10075.0,380.8,51648.0,MAFIC_VOLCANIC,1
8425.0,10075.0,381.7,51614.0,MAFIC_VOLCANIC,1
8475.0,10075.0,382.8,51573.0,MAFIC_VOLCANIC,1
8525.0,10075.0,383.9,51530.0,MAFIC_VOLCANIC,0
8575.0,10075.0,385.2,51491.0,MAFIC_VOLCANIC,0
8625.0,10075.0,386.4,51461.0,MAFIC_VOLCANIC,0
8675.0,10075.0,387.8,51444.0,MAFIC_VOLCANIC,0
8725.0,10075.0,389.2,51444.0,MAFIC_VOLCANIC,0
8775.0,10075.0,390.6,51460.0,FELSIC_VOLCANIC,0
8825.0,10075.0,392.0,51491.0,FELSIC_VOLCANIC,0
8875.0,10075.0,393.4,51536.0,FELSIC_VOLCANIC,0
8925.0,10075.0,394.8,51593.0,FELSIC_VOLCANIC,0
8975.0,10075.0,396.2,51657.0,GRANITE,0
3025.0,10125.0,375.4,51856.0,FELSIC_VOLCANIC,0
3075.0,10125.0,370.7,51856.0,FELSIC_VOLCANIC,0
3125.0,10125.0,366.2,51853.0,FELSIC_VOLCANIC,0
3175.0,10125.0,361.9,51845.0,FELSIC_VOLCANIC,0
3225.0,10125.0,357.7,51830.0,FELSIC_VOLCANIC,0
3275.0,10125.0,353.8,51808.0,FELSIC_VOLCANIC,0
3325.0,10125.0,350.1,51778.0,FELSIC_VOLCANIC,0
3375.0,10125.0,346.6,51745.0,FELSIC_VOLCANIC,0
3425.0,10125.0,343.4,51711.0,GRANITE,0
3475.0,10125.0,340.6,51684.0,GRANITE,0
3525.0,10125.0,338.0,51670.0,FELSIC_VOLCANIC,0
3575.0,10125.0,335.7,51675.0,FELSIC_VOLCANIC,1
3625.0,10125.0,333.8,51701.0,FELSIC_VOLCANIC,1
3675.0,10125.0,332.1,51751.0,FELSIC_VOLCANIC,1
3725.0,10125.0,330.9,51822.0,FELSIC_VOLCANIC,1
3775.0,10125.0,329.9,51907.0,MAFIC_VOLCANIC,1
3825.0,10125.0,329.3,51997.0,MAFIC_VOLCANIC,1
3875.0,10125.0,329.0,52083.0,MAFIC_VOLCANIC,1
3925.0,10125.0,329.1,52156.0,MAFIC_VOLCANIC,1
3975.0,10125.0,329.5,52208.0,METASEDIMENT,1
4025.0,10125.0,330.2,52235.0,METASEDIMENT,1
4075.0,10125.0,331.1,52237.0,METASEDIMENT,1
4125.0,10125.0,332.4,52215.0,METASEDIMENT,1
4175.0,10125.0,334.0,52175.0,METASEDIMENT,1
4225.0,10125.0,335.8,52124.0,METASEDIMENT,1
4275.0,10125.0,337.8,52070.0,METASEDIMENT,1
4325.0,10125.0,340.1,52018.0,METASEDIMENT,1
4375.0,10125.0,342.5,51975.0,METASEDIMENT,1
4425.0,10125.0,345.2,51946.0,METASEDIMENT,1
4475.0,10125.0,348.0,51931.0,METASEDIMENT,1
4525.0,10125.0,350.9,51931.0,METASEDIMENT,1
4575.0,10125.0,353.9,51942.0,METASEDIMENT,1
4625.0,10125.0,357.1,51961.0,METASEDIMENT,1
4675.0,10125.0,360.3,51982.0,METASEDIMENT,1
4725.0,10125.0,363.6,52002.0,METASEDIMENT,1
4775.0,10125.0,366.9,52015.0,METASEDIMENT,1
4825.0,10125.0,370.2,52020.0,METASEDIMENT,1
4875.0,10125.0,373.5,52015.0,METASEDIMENT,1
4925.0,10125.0,376.8,52002.0,METASEDIMENT,1
4975.0,10125.0,380.1,51983.0,METASEDIMENT,1
5025.0,10125.0,383.3,51960.0,METASEDIMENT,1
5075.0,10125.0,386.5,51936.0,METASEDIMENT,1
5125.0,10125.0,389.5,51912.0,METASEDIMENT,1
5175.0,10125.0,392.5,51889.0,METASEDIMENT,1
5225.0,10125.0,395.4,51867.0,MAFIC_VOLCANIC,1
5275.0,10125.0,398.2,51843.0,MAFIC_VOLCANIC,1
5325.0,10125.0,400.8,51820.0,MAFIC_VOLCANIC,1
5375.0,10125.0,403.3,51796.0,MAFIC_VOLCANIC,1
5425.0,10125.0,405.7,51774.0,MAFIC_VOLCANIC,1
5475.0,10125.0,408.0,51757.0,MAFIC_VOLCANIC,1
5525.0,10125.0,410.1,51748.0,MAFIC_VOLCANIC,1
5575.0,10125.0,412.1,51750.0,MAFIC_VOLCANIC,1
5625.0,10125.0,413.9,51763.0,MAFIC_VOLCANIC,1
5675.0,10125.0,415.5,51787.0,MAFIC_VOLCANIC,1
5725.0,10125.0,417.1,51819.0,MAFIC_VOLCANIC,1
5775.0,10125.0,418.4,51855.0,MAFIC_VOLCANIC,1
5825.0,10125.0,419.6,51891.0,MAFIC_VOLCANIC,1
5875.0,10125.0,420.7,51922.0,MAFIC_VOLCANIC,1
5925.0,10125.0,421.6,51947.0,MAFIC_VOLCANIC,1
5975.0,10125.0,422.3,51965.0,MAFIC_VOLCANIC,1
6025.0,10125.0,422.9,51977.0,MAFIC_VOLCANIC,1
6075.0,10125.0,423.3,51988.0,FELSIC_VOLCANIC,1
6125.0,10125.0,423.6,52001.0,FELSIC_VOLCANIC,1
6175.0,10125.0,423.7,52019.0,FELSIC_VOLCANIC,1
6225.0,10125.0,423.7,52045.0,FELSIC_VOLCANIC,1
6275.0,10125.0,423.5,52080.0,FELSIC_VOLCANIC,1
6325.0,10125.0,423.2,52124.0,FELSIC_VOLCANIC,1
6375.0,10125.0,422.8,52174.0,FELSIC_VOLCANIC,1
6425.0,10125.0,422.2,52228.0,GRANITE,1
6475.0,10125.0,421.5,52282.0,GRANITE,1
6525.0,10125.0,420.6,52334.0,GRANITE,1
6575.0,10125.0,419.7,52380.0,GRANITE,1
6625.0,10125.0,418.6,52417.0,GRANITE,1
6675.0,10125.0,417.4,52443.0,GRANITE,1
6725.0,10125.0,416.1,52457.0,GRANITE,1
6775.0,10125.0,414.8,52458.0,GRANITE,1
6825.0,10125.0,413.3,52446.0,GRANITE,1
6875.0,10125.0,411.8,52425.0,GRANITE,1
6925.0,10125.0,410.2,52397.0,GRANITE,1
6975.0,10125.0,408.5,52365.0,GRANITE,1
7025.0,10125.0,406.8,52332.0,GRANITE,1
7075.0,10125.0,405.1,52303.0,GRANITE,1
7125.0,10125.0,403.4,52276.0,GRANITE,1
7175.0,10125.0,401.6,52254.0,GRANITE,1
7225.0,10125.0,399.9,52235.0,GRANITE,1
7275.0,10125.0,398.1,52218.0,GRANITE,1
7325.0,10125.0,396.4,52201.0,GRANITE,1
7375.0,10125.0,394.7,52185.0,GRANITE,1
7425.0,10125.0,393.1,52168.0,GRANITE,1
7475.0,10125.0,391.6,52153.0,GRANITE,1
7525.0,10125.0,390.1,52139.0,GRANITE,1
7575.0,10125.0,388.8,52126.0,GRANITE,1
7625.0,10125.0,387.5,52113.0,GRANITE,1
7675.0,10125.0,386.3,52098.0,GRANITE,1
7725.0,10125.0,385.3,52078.0,GRANITE,1
7775.0,10125.0,384.4,52050.0,GRANITE,1
7825.0,10125.0,383.6,52013.0,GRANITE,1
7875.0,10125.0,382.9,51968.0,GRANITE,1
7925.0,10125.0,382.4,51917.0,GRANITE,1
7975.0,10125.0,382.0,51865.0,FELSIC_VOLCANIC,1
8025.0,10125.0,381.8,51817.0,FELSIC_VOLCANIC,1
8075.0,10125.0,381.8,51776.0,FELSIC_VOLCANIC,1
8125.0,10125.0,381.8,51746.0,MAFIC_VOLCANIC,1
8175.0,10125.0,382.0,51724.0,MAFIC_VOLCANIC,1
8225.0,10125.0,382.4,51710.0,MAFIC_VOLCANIC,1
8275.0,10125.0,382.9,51697.0,MAFIC_VOLCANIC,1
8325.0,10125.0,383.5,51680.0,MAFIC_VOLCANIC,1
8375.0,10125.0,384.2,51657.0,MAFIC_VOLCANIC,1
8425.0,10125.0,385.0,51626.0,MAFIC_VOLCANIC,1
8475.0,10125.0,386.0,51587.0,MAFIC_VOLCANIC,1
8525.0,10125.0,387.0,51544.0,MAFIC_VOLCANIC,0
8575.0,10125.0,388.0,51503.0,MAFIC_VOLCANIC,0
8625.0,10125.0,389.2,51468.0,MAFIC_VOLCANIC,0
8675.0,10125.0,390.4,51445.0,MAFIC_VOLCANIC,0
8725.0,10125.0,391.6,51437.0,MAFIC_VOLCANIC,0
8775.0,10125.0,392.8,51444.0,FELSIC_VOLCANIC,0
8825.0,10125.0,394.1,51467.0,FELSIC_VOLCANIC,0
8875.0,10125.0,395.4,51504.0,FELSIC_VOLCANIC,0
8925.0,10125.0,396.6,51552.0,FELSIC_VOLCANIC,0
8975.0,10125.0,397.8,51610.0,GRANITE,0
3025.0,10175.0,379.5,51856.0,MAFIC_VOLCANIC,0
3075.0,10175.0,374.9,51857.0,FELSIC_VOLCANIC,0
3125.0,10175.0,370.4,51857.0,FELSIC_VOLCANIC,0
3175.0,10175.0,366.1,51852.0,FELSIC_VOLCANIC,0
3225.0,10175.0,362.0,51840.0,FELSIC_VOLCANIC,0
3275.0,10175.0,358.1,51820.0,FELSIC_VOLCANIC,0
3325.0,10175.0,354.4,51791.0,FELSIC_VOLCANIC,0
3375.0,10175.0,350.9,51756.0,FELSIC_VOLCANIC,0
3425.0,10175.0,347.8,51719.0,GRANITE,0
3475.0,10175.0,344.9,51686.0,GRANITE,0
3525.0,10175.0,342.3,51664.0,GRANITE,0
3575.0,10175.0,340.0,51659.0,GRANITE,0
3625.0,10175.0,338.0,51675.0,FELSIC_VOLCANIC,1
3675.0,10175.0,336.3,51716.0,FELSIC_VOLCANIC,1
3725.0,10175.0,335.0,51779.0,FELSIC_VOLCANIC,1
3775.0,10175.0,333.9,51859.0,FELSIC_VOLCANIC,1
3825.0,10175.0,333.2,51949.0,MAFIC_VOLCANIC,1
3875.0,10175.0,332.9,52039.0,MAFIC_VOLCANIC,1
3925.0,10175.0,332.8,52120.0,MAFIC_VOLCANIC,1
3975.0,10175.0,333.1,52184.0,METASEDIMENT,1
4025.0,10175.0,333.6,52224.0,METASEDIMENT,1
4075.0,10175.0,334.5,52238.0,METASEDIMENT,1
4125.0,10175.0,335.6,52227.0,METASEDIMENT,1
4175.0,10175.0,337.0,52196.0,METASEDIMENT,1
4225.0,10175.0,338.6,52149.0,METASEDIMENT,1
4275.0,10175.0,340.5,52093.0,METASEDIMENT,1
4325.0,10175.0,342.6,52038.0,METASEDIMENT,1
4375.0,10175.0,344.8,51988.0,METASEDIMENT,1
4425.0,10175.0,347.3,51950.0,METASEDIMENT,1
4475.0,10175.0,349.9,51926.0,METASEDIMENT,1
4525.0,10175.0,352.6,51917.0,METASEDIMENT,1
4575.0,10175.0,355.5,51922.0,METASEDIMENT,1
4625.0,10175.0,358.4,51937.0,METASEDIMENT,1
4675.0,10175.0,361.5,51957.0,METASEDIMENT,1
4725.0,10175.0,364.5,51978.0,METASEDIMENT,1
4775.0,10175.0,367.6,51995.0,METASEDIMENT,1
4825.0,10175.0,370.8,52003.0,METASEDIMENT,1
4875.0,10175.0,373.9,52003.0,METASEDIMENT,1
4925.0,10175.0,377.0,51993.0,METASEDIMENT,1
4975.0,10175.0,380.1,51976.0,METASEDIMENT,1
5025.0,10175.0,383.2,51956.0,METASEDIMENT,1
5075.0,10175.0,386.2,51933.0,METASEDIMENT,1
5125.0,10175.0,389.1,51910.0,METASEDIMENT,1
5175.0,10175.0,392.0,51888.0,METASEDIMENT,1
5225.0,10175.0,394.7,51866.0,MAFIC_VOLCANIC,1
5275.0,10175.0,397.4,51844.0,MAFIC_VOLCANIC,1
5325.0,10175.0,399.9,51821.0,MAFIC_VOLCANIC,1
5375.0,10175.0,402.4,51797.0,MAFIC_VOLCANIC,1
5425.0,10175.0,404.7,51773.0,MAFIC_VOLCANIC,1
5475.0,10175.0,406.9,51752.0,MAFIC_VOLCANIC,1
5525.0,10175.0,409.0,51737.0,MAFIC_VOLCANIC,1
5575.0,10175.0,410.9,51733.0,MAFIC_VOLCANIC,1
5625.0,10175.0,412.7,51740.0,MAFIC_VOLCANIC,1
5675.0,10175.0,414.4,51759.0,MAFIC_VOLCANIC,1
5725.0,10175.0,415.9,51788.0,MAFIC_VOLCANIC,1
5775.0,10175.0,417.3,51824.0,MAFIC_VOLCANIC,1
5825.0,10175.0,418.5,51862.0,MAFIC_VOLCANIC,1
5875.0,10175.0,419.6,51898.0,MAFIC_VOLCANIC,1
5925.0,10175.0,420.6,51928.0,MAFIC_VOLCANIC,1
5975.0,10175.0,421.4,51953.0,MAFIC_VOLCANIC,1
6025.0,10175.0,422.1,51971.0,MAFIC_VOLCANIC,1
6075.0,10175.0,422.6,51987.0,FELSIC_VOLCANIC,1
6125.0,10175.0,423.0,52002.0,FELSIC_VOLCANIC,1
6175.0,10175.0,423.3,52021.0,FELSIC_VOLCANIC,1
6225.0,10175.0,423.4,52046.0,FELSIC_VOLCANIC,1
6275.0,10175.0,423.3,52078.0,FELSIC_VOLCANIC,1
6325.0,10175.0,423.2,52118.0,FELSIC_VOLCANIC,1
6375.0,10175.0,422.9,52164.0,FELSIC_VOLCANIC,1
6425.0,10175.0,422.5,52214.0,GRANITE,1
6475.0,10175.0,421.9,52266.0,GRANITE,1
6525.0,10175.0,421.2,52316.0,GRANITE,1
6575.0,10175.0,420.5,52361.0,GRANITE,1
6625.0,10175.0,419.6,52399.0,GRANITE,1
6675.0,10175.0,418.6,52427.0,GRANITE,1
6725.0,10175.0,417.5,52444.0,GRANITE,1
6775.0,10175.0,416.3,52448.0,GRANITE,1
6825.0,10175.0,415.0,52441.0,GRANITE,1
6875.0,10175.0,413.6,52424.0,GRANITE,1
6925.0,10175.0,412.2,52400.0,GRANITE,1
6975.0,10175.0,410.7,52373.0,GRANITE,1
7025.0,10175.0,409.2,52345.0,GRANITE,1
7075.0,10175.0,407.7,52319.0,GRANITE,1
7125.0,10175.0,406.1,52298.0,GRANITE,1
7175.0,10175.0,404.5,52280.0,GRANITE,1
7225.0,10175.0,402.9,52266.0,GRANITE,1
7275.0,10175.0,401.3,52253.0,GRANITE,1
7325.0,10175.0,399.7,52239.0,GRANITE,1
7375.0,10175.0,398.2,52224.0,GRANITE,1
7425.0,10175.0,396.7,52209.0,GRANITE,1
7475.0,10175.0,395.2,52193.0,GRANITE,1
7525.0,10175.0,393.9,52177.0,GRANITE,1
7575.0,10175.0,392.6,52164.0,GRANITE,1
7625.0,10175.0,391.4,52151.0,GRANITE,1
7675.0,10175.0,390.3,52138.0,GRANITE,1
7725.0,10175.0,389.3,52121.0,GRANITE,1
7775.0,10175.0,388.4,52098.0,GRANITE,1
7825.0,10175.0,387.6,52065.0,GRANITE,1
7875.0,10175.0,387.0,52023.0,GRANITE,1
7925.0,10175.0,386.5,51972.0,GRANITE,1
7975.0,10175.0,386.1,51918.0,FELSIC_VOLCANIC,1
8025.0,10175.0,385.8,51863.0,FELSIC_VOLCANIC,1
8075.0,10175.0,385.7,51814.0,FELSIC_VOLCANIC,1
8125.0,10175.0,385.7,51774.0,MAFIC_VOLCANIC,1
8175.0,10175.0,385.9,51744.0,MAFIC_VOLCANIC,1
8225.0,10175.0,386.2,51723.0,MAFIC_VOLCANIC,1
8275.0,10175.0,386.6,51706.0,MAFIC_VOLCANIC,1
8325.0,10175.0,387.1,51689.0,MAFIC_VOLCANIC,1
8375.0,10175.0,387.7,51668.0,MAFIC_VOLCANIC,1
8425.0,10175.0,388.4,51639.0,MAFIC_VOLCANIC,1
8475.0,10175.0,389.2,51603.0,MAFIC_VOLCANIC,0
8525.0,10175.0,390.1,51561.0,MAFIC_VOLCANIC,0
8575.0,10175.0,391.0,51519.0,MAFIC_VOLCANIC,0
8625.0,10175.0,392.0,51482.0,MAFIC_VOLCANIC,0
8675.0,10175.0,393.0,51454.0,MAFIC_VOLCANIC,0
8725.0,10175.0,394.1,51439.0,MAFIC_VOLCANIC,0
8775.0,10175.0,395.2,51439.0,MAFIC_VOLCANIC,0
8825.0,10175.0,396.3,51454.0,FELSIC_VOLCANIC,0
8875.0,10175.0,397.4,51483.0,FELSIC_VOLCANIC,0
8925.0,10175.0,398.5,51524.0,FELSIC_VOLCANIC,0
8975.0,10175.0,399.5,51574.0,FELSIC_VOLCANIC,0
3025.0,10225.0,383.6,51853.0,MAFIC_VOLCANIC,0
3075.0,10225.0,379.0,51855.0,MAFIC_VOLCANIC,0
3125.0,10225.0,374.6,51858.0,FELSIC_VOLCANIC,0
3175.0,10225.0,370.3,51857.0,FELSIC_VOLCANIC,0
3225.0,10225.0,366.2,51849.0,FELSIC_VOLCANIC,0
3275.0,10225.0,362.3,51832.0,FELSIC_VOLCANIC,0
3325.0,10225.0,358.6,51805.0,FELSIC_VOLCANIC,0
3375.0,10225.0,355.2,51770.0,FELSIC_VOLCANIC,0
3425.0,10225.0,352.0,51731.0,GRANITE,0
3475.0,10225.0,349.1,51693.0,GRANITE,0
3525.0,10225.0,346.5,51663.0,GRANITE,0
3575.0,10225.0,344.1,51649.0,GRANITE,0
3625.0,10225.0,342.1,51655.0,GRANITE,0
3675.0,10225.0,340.4,51685.0,FELSIC_VOLCANIC,1
3725.0,10225.0,339.0,51739.0,FELSIC_VOLCANIC,1
3775.0,10225.0,337.9,51813.0,FELSIC_VOLCANIC,1
3825.0,10225.0,337.1,51901.0,FELSIC_VOLCANIC,1
3875.0,10225.0,336.6,51994.0,MAFIC_VOLCANIC,1
3925.0,10225.0,336.4,52081.0,MAFIC_VOLCANIC,1
3975.0,10225.0,336.6,52155.0,MAFIC_VOLCANIC,1
4025.0,10225.0,337.0,52207.0,METASEDIMENT,1
4075.0,10225.0,337.7,52235.0,METASEDIMENT,1
4125.0,10225.0,338.7,52236.0,METASEDIMENT,1
4175.0,10225.0,339.9,52214.0,METASEDIMENT,1
4225.0,10225.0,341.4,52173.0,METASEDIMENT,1
4275.0,10225.0,343.1,52121.0,METASEDIMENT,1
4325.0,10225.0,345.0,52063.0,METASEDIMENT,1
4375.0,10225.0,347.0,52008.0,METASEDIMENT,1
4425.0,10225.0,349.3,51962.0,METASEDIMENT,1
4475.0,10225.0,351.7,51929.0,METASEDIMENT,1
4525.0,10225.0,354.3,51911.0,METASEDIMENT,1
4575.0,10225.0,356.9,51908.0,METASEDIMENT,1
4625.0,10225.0,359.7,51918.0,METASEDIMENT,1
4675.0,10225.0,362.5,51935.0,METASEDIMENT,1
4725.0,10225.0,365.4,51956.0,METASEDIMENT,1
4775.0,10225.0,368.3,51974.0,METASEDIMENT,1
4825.0,10225.0,371.2,51986.0,METASEDIMENT,1
4875.0,10225.0,374.2,51989.0,METASEDIMENT,1
4925.0,10225.0,377.2,51983.0,METASEDIMENT,1
4975.0,10225.0,380.1,51969.0,METASEDIMENT,1
5025.0,10225.0,383.0,51950.0,METASEDIMENT,1
5075.0,10225.0,385.8,51929.0,METASEDIMENT,1
5125.0,10225.0,388.6,51907.0,METASEDIMENT,1
5175.0,10225.0,391.3,51887.0,METASEDIMENT,1
5225.0,10225.0,394.0,51867.0,MAFIC_VOLCANIC,1
5275.0,10225.0,396.5,51846.0,MAFIC_VOLCANIC,1
5325.0,10225.0,399.0,51824.0,MAFIC_VOLCANIC,1
5375.0,10225.0,401.4,51800.0,MAFIC_VOLCANIC,1
5425.0,10225.0,403.6,51775.0,MAFIC_VOLCANIC,1
5475.0,10225.0,405.8,51752.0,MAFIC_VOLCANIC,1
5525.0,10225.0,407.8,51732.0,MAFIC_VOLCANIC,1
5575.0,10225.0,409.7,51721.0,MAFIC_VOLCANIC,1
5625.0,10225.0,411.5,51722.0,MAFIC_VOLCANIC,1
5675.0,10225.0,413.2,51734.0,MAFIC_VOLCANIC,1
5725.0,10225.0,414.7,51759.0,MAFIC_VOLCANIC,1
5775.0,10225.0,416.1,51792.0,MAFIC_VOLCANIC,1
5825.0,10225.0,417.4,51831.0,MAFIC_VOLCANIC,1
5875.0,10225.0,418.6,51869.0,MAFIC_VOLCANIC,1
5925.0,10225.0,419.6,51905.0,MAFIC_VOLCANIC,1
5975.0,10225.0,420.5,51935.0,MAFIC_VOLCANIC,1
6025.0,10225.0,421.2,51960.0,MAFIC_VOLCANIC,1
6075.0,10225.0,421.9,51980.0,FELSIC_VOLCANIC,1
6125.0,10225.0,422.4,51999.0,FELSIC_VOLCANIC,1
6175.0,10225.0,422.7,52020.0,FELSIC_VOLCANIC,1
6225.0,10225.0,423.0,52044.0,FELSIC_VOLCANIC,1
6275.0,10225.0,423.1,52075.0,FELSIC_VOLCANIC,1
6325.0,10225.0,423.1,52112.0,FELSIC_VOLCANIC,1
6375.0,10225.0,422.9,52155.0,FELSIC_VOLCANIC,1
6425.0,10225.0,422.7,52202.0,GRANITE,1
6475.0,10225.0,422.3,52251.0,GRANITE,1
6525.0,10225.0,421.8,52298.0,GRANITE,1
6575.0,10225.0,421.2,52342.0,GRANITE,1
6625.0,10225.0,420.4,52380.0,GRANITE,1
6675.0,10225.0,419.6,52409.0,GRANITE,1
6725.0,10225.0,418.7,52427.0,GRANITE,1
6775.0,10225.0,417.7,52434.0,GRANITE,1
6825.0,10225.0,416.6,52430.0,GRANITE,1
6875.0,10225.0,415.4,52416.0,GRANITE,1
6925.0,10225.0,414.2,52395.0,GRANITE,1
6975.0,10225.0,412.9,52370.0,GRANITE,1
7025.0,10225.0,411.5,52345.0,GRANITE,1
7075.0,10225.0,410.1,52323.0,GRANITE,1
7125.0,10225.0,408.7,52306.0,GRANITE,1
7175.0,10225.0,407.3,52294.0,GRANITE,1
7225.0,10225.0,405.8,52285.0,GRANITE,1
7275.0,10225.0,404.4,52278.0,GRANITE,1
7325.0,10225.0,402.9,52270.0,GRANITE,1
7375.0,10225.0,401.5,52260.0,GRANITE,1
7425.0,10225.0,400.2,52247.0,GRANITE,1
7475.0,10225.0,398.8,52231.0,GRANITE,1
7525.0,10225.0,397.6,52216.0,GRANITE,1
7575.0,10225.0,396.4,52201.0,GRANITE,1
7625.0,10225.0,395.2,52188.0,GRANITE,1
7675.0,10225.0,394.2,52176.0,GRANITE,1
7725.0,10225.0,393.3,52161.0,GRANITE,1
7775.0,10225.0,392.4,52142.0,GRANITE,1
7825.0,10225.0,391.7,52114.0,GRANITE,1
7875.0,10225.0,391.1,52076.0,GRANITE,1
7925.0,10225.0,390.5,52028.0,GRANITE,1
7975.0,10225.0,390.2,51973.0,FELSIC_VOLCANIC,1
8025.0,10225.0,389.9,51914.0,FELSIC_VOLCANIC,1
8075.0,10225.0,389.7,51859.0,FELSIC_VOLCANIC,1
8125.0,10225.0,389.7,51810.0,FELSIC_VOLCANIC,1
8175.0,10225.0,389.8,51771.0,MAFIC_VOLCANIC,1
8225.0,10225.0,390.0,51742.0,MAFIC_VOLCANIC,1
8275.0,10225.0,390.3,51720.0,MAFIC_VOLCANIC,1
8325.0,10225.0,390.7,51701.0,MAFIC_VOLCANIC,1
8375.0,10225.0,391.2,51680.0,MAFIC_VOLCANIC,1
8425.0,10225.0,391.8,51653.0,MAFIC_VOLCANIC,0
8475.0,10225.0,392.5,51620.0,MAFIC_VOLCANIC,0
8525.0,10225.0,393.2,51580.0,MAFIC_VOLCANIC,0
8575.0,10225.0,394.0,51539.0,MAFIC_VOLCANIC,0
8625.0,10225.0,394.9,51500.0,MAFIC_VOLCANIC,0
8675.0,10225.0,395.8,51468.0,MAFIC_VOLCANIC,0
8725.0,10225.0,396.7,51448.0,MAFIC_VOLCANIC,0
8775.0,10225.0,397.6,51442.0,MAFIC_VOLCANIC,0
8825.0,10225.0,398.5,51450.0,FELSIC_VOLCANIC,0
8875.0,10225.0,399.5,51472.0,FELSIC_VOLCANIC,0
8925.0,10225.0,400.4,51506.0,FELSIC_VOLCANIC,0
8975.0,10225.0,401.2,51550.0,FELSIC_VOLCANIC,0
3025.0,10275.0,387.6,51847.0,MAFIC_VOLCANIC,0
3075.0,10275.0,383.0,51850.0,MAFIC_VOLCANIC,0
3125.0,10275.0,378.6,51855.0,FELSIC_VOLCANIC,0
3175.0,10275.0,374.4,51858.0,FELSIC_VOLCANIC,0
3225.0,10275.0,370.3,51855.0,FELSIC_VOLCANIC,0
3275.0,10275.0,366.4,51843.0,FELSIC_VOLCANIC,0
3325.0,10275.0,362.8,51820.0,FELSIC_VOLCANIC,0
3375.0,10275.0,359.3,51787.0,FELSIC_VOLCANIC,0
3425.0,10275.0,356.2,51747.0,FELSIC_VOLCANIC,0
3475.0,10275.0,353.2,51705.0,GRANITE,0
3525.0,10275.0,350.6,51668.0,GRANITE,0
3575.0,10275.0,348.2,51644.0,GRANITE,0
3625.0,10275.0,346.1,51639.0,GRANITE,0
3675.0,10275.0,344.3,51658.0,GRANITE,0
3725.0,10275.0,342.9,51702.0,FELSIC_VOLCANIC,1
3775.0,10275.0,341.7,51769.0,FELSIC_VOLCANIC,1
3825.0,10275.0,340.8,51853.0,FELSIC_VOLCANIC,1
3875.0,10275.0,340.2,51946.0,FELSIC_VOLCANIC,1
3925.0,10275.0,339.9,52039.0,MAFIC_VOLCANIC,1
3975.0,10275.0,340.0,52121.0,MAFIC_VOLCANIC,1
4025.0,10275.0,340.2,52185.0,MAFIC_VOLCANIC,1
4075.0,10275.0,340.8,52225.0,METASEDIMENT,1
4125.0,10275.0,341.6,52240.0,METASEDIMENT,1
4175.0,10275.0,342.7,52229.0,METASEDIMENT,1
4225.0,10275.0,344.0,52197.0,METASEDIMENT,1
4275.0,10275.0,345.5,52149.0,METASEDIMENT,1
4325.0,10275.0,347.2,52093.0,METASEDIMENT,1
4375.0,10275.0,349.1,52035.0,METASEDIMENT,1
4425.0,10275.0,351.2,51982.0,METASEDIMENT,1
4475.0,10275.0,353.4,51941.0,METASEDIMENT,1
4525.0,10275.0,355.8,51914.0,METASEDIMENT,1
4575.0,10275.0,358.2,51902.0,METASEDIMENT,1
4625.0,10275.0,360.8,51905.0,METASEDIMENT,1
4675.0,10275.0,363.4,51918.0,METASEDIMENT,1
4725.0,10275.0,366.1,51936.0,METASEDIMENT,1
4775.0,10275.0,368.8,51955.0,METASEDIMENT,1
4825.0,10275.0,371.6,51968.0,METASEDIMENT,1
4875.0,10275.0,374.4,51974.0,METASEDIMENT,1
4925.0,10275.0,377.2,51971.0,METASEDIMENT,1
4975.0,10275.0,380.0,51960.0,METASEDIMENT,1
5025.0,10275.0,382.7,51943.0,METASEDIMENT,1
5075.0,10275.0,385.4,51924.0,METASEDIMENT,1
5125.0,10275.0,388.1,51903.0,METASEDIMENT,1
5175.0,10275.0,390.7,51884.0,METASEDIMENT,1
5225.0,10275.0,393.2,51866.0,METASEDIMENT,1
5275.0,10275.0,395.6,51848.0,MAFIC_VOLCANIC,1
5325.0,10275.0,398.0,51828.0,MAFIC_VOLCANIC,1
5375.0,10275.0,400.3,51806.0,MAFIC_VOLCANIC,1
5425.0,10275.0,402.5,51781.0,MAFIC_VOLCANIC,1
5475.0,10275.0,404.6,51756.0,MAFIC_VOLCANIC,1
5525.0,10275.0,406.6,51733.0,MAFIC_VOLCANIC,1
5575.0,10275.0,408.5,51716.0,MAFIC_VOLCANIC,1
5625.0,10275.0,410.3,51709.0,MAFIC_VOLCANIC,1
5675.0,10275.0,411.9,51715.0,MAFIC_VOLCANIC,1
5725.0,10275.0,413.5,51733.0,MAFIC_VOLCANIC,1
5775.0,10275.0,414.9,51762.0,MAFIC_VOLCANIC,1
5825.0,10275.0,416.2,51799.0,MAFIC_VOLCANIC,1
5875.0,10275.0,417.4,51839.0,MAFIC_VOLCANIC,1
5925.0,10275.0,418.5,51878.0,MAFIC_VOLCANIC,1
5975.0,10275.0,419.5,51914.0,MAFIC_VOLCANIC,1
6025.0,10275.0,420.3,51944.0,MAFIC_VOLCANIC,1
6075.0,10275.0,421.1,51970.0,MAFIC_VOLCANIC,1
6125.0,10275.0,421.7,51993.0,FELSIC_VOLCANIC,1
6175.0,10275.0,422.2,52016.0,FELSIC_VOLCANIC,1
6225.0,10275.0,422.5,52041.0,FELSIC_VOLCANIC,1
6275.0,10275.0,422.8,52072.0,FELSIC_VOLCANIC,1
6325.0,10275.0,422.9,52107.0,FELSIC_VOLCANIC,1
6375.0,10275.0,422.9,52147.0,FELSIC_VOLCANIC,1
6425.0,10275.0,422.8,52191.0,FELSIC_VOLCANIC,1
6475.0,10275.0,422.6,52237.0,GRANITE,1
6525.0,10275.0,422.2,52282.0,GRANITE,1
6575.0,10275.0,421.8,52325.0,GRANITE,1
6625.0,10275.0,421.2,52361.0,GRANITE,1
6675.0,10275.0,420.6,52390.0,GRANITE,1
6725.0,10275.0,419.9,52410.0,GRANITE,1
6775.0,10275.0,419.0,52418.0,GRANITE,1
6825.0,10275.0,418.1,52415.0,GRANITE,1
6875.0,10275.0,417.1,52403.0,GRANITE,1
6925.0,10275.0,416.1,52383.0,GRANITE,1
6975.0,10275.0,414.9,52359.0,GRANITE,1
7025.0,10275.0,413.8,52336.0,GRANITE,1
7075.0,10275.0,412.6,52316.0,GRANITE,1
7125.0,10275.0,411.3,52302.0,GRANITE,1
7175.0,10275.0,410.0,52294.0,GRANITE,1
7225.0,10275.0,408.7,52291.0,GRANITE,1
7275.0,10275.0,407.4,52291.0,GRANITE,1
7325.0,10275.0,406.1,52291.0,GRANITE,1
7375.0,10275.0,404.9,52287.0,GRANITE,1
7425.0,10275.0,403.6,52279.0,GRANITE,1
7475.0,10275.0,402.4,52267.0,GRANITE,1
7525.0,10275.0,401.2,52252.0,GRANITE,1
7575.0,10275.0,400.1,52237.0,GRANITE,1
7625.0,10275.0,399.1,52223.0,GRANITE,1
7675.0,10275.0,398.1,52211.0,GRANITE,1
7725.0,10275.0,397.2,52198.0,GRANITE,1
7775.0,10275.0,396.5,52182.0,GRANITE,1
7825.0,10275.0,395.7,52158.0,GRANITE,1
7875.0,10275.0,395.1,52125.0,GRANITE,1
7925.0,10275.0,394.7,52081.0,GRANITE,1
7975.0,10275.0,394.3,52027.0,GRANITE,1
8025.0,10275.0,394.0,51968.0,FELSIC_VOLCANIC,1
8075.0,10275.0,393.8,51907.0,FELSIC_VOLCANIC,1
8125.0,10275.0,393.7,51851.0,FELSIC_VOLCANIC,1
8175.0,10275.0,393.8,51803.0,MAFIC_VOLCANIC,1
8225.0,10275.0,393.9,51766.0,MAFIC_VOLCANIC,1
8275.0,10275.0,394.1,51737.0,MAFIC_VOLCANIC,1
8325.0,10275.0,394.4,51714.0,MAFIC_VOLCANIC,1
8375.0,10275.0,394.8,51692.0,MAFIC_VOLCANIC,0
8425.0,10275.0,395.3,51667.0,MAFIC_VOLCANIC,0
8475.0,10275.0,395.9,51636.0,MAFIC_VOLCANIC,0
8525.0,10275.0,396.5,51600.0,MAFIC_VOLCANIC,0
8575.0,10275.0,397.1,51559.0,MAFIC_VOLCANIC,0
8625.0,10275.0,397.8,51520.0,MAFIC_VOLCANIC,0
8675.0,10275.0,398.6,51487.0,MAFIC_VOLCANIC,0
8725.0,10275.0,399.3,51463.0,MAFIC_VOLCANIC,0
8775.0,10275.0,400.1,51452.0,MAFIC_VOLCANIC,0
8825.0,10275.0,400.8,51455.0,MAFIC_VOLCANIC,0
8875.0,10275.0,401.6,51471.0,FELSIC_VOLCANIC,0
8925.0,10275.0,402.3,51499.0,FELSIC_VOLCANIC,0
8975.0,10275.0,403.0,51536.0,FELSIC_VOLCANIC,0
3025.0,10325.0,391.5,51840.0,MAFIC_VOLCANIC,0
3075.0,10325.0,387.0,51842.0,MAFIC_VOLCANIC,0
3125.0,10325.0,382.7,51848.0,MAFIC_VOLCANIC,0
3175.0,10325.0,378.5,51855.0,FELSIC_VOLCANIC,0
3225.0,10325.0,374.4,51857.0,FELSIC_VOLCANIC,0
3275.0,10325.0,370.5,51851.0,FELSIC_VOLCANIC,0
3325.0,10325.0,366.9,51833.0,FELSIC_VOLCANIC,0
3375.0,10325.0,363.4,51803.0,FELSIC_VOLCANIC,0
3425.0,10325.0,360.2,51764.0,FELSIC_VOLCANIC,0
3475.0,10325.0,357.3,51720.0,GRANITE,0
3525.0,10325.0,354.6,51677.0,GRANITE,0
3575.0,10325.0,352.2,51644.0,GRANITE,0
3625.0,10325.0,350.0,51628.0,GRANITE,0
3675.0,10325.0,348.2,51635.0,GRANITE,0
3725.0,10325.0,346.6,51668.0,GRANITE,0
3775.0,10325.0,345.4,51726.0,FELSIC_VOLCANIC,1
3825.0,10325.0,344.4,51805.0,FELSIC_VOLCANIC,1
3875.0,10325.0,343.7,51896.0,FELSIC_VOLCANIC,1
3925.0,10325.0,343.3,51992.0,MAFIC_VOLCANIC,1
3975.0,10325.0,343.2,52081.0,MAFIC_VOLCANIC,1
4025.0,10325.0,343.4,52156.0,MAFIC_VOLCANIC,1
4075.0,10325.0,343.8,52209.0,MAFIC_VOLCANIC,1
4125.0,10325.0,344.4,52237.0,METASEDIMENT,1
4175.0,10325.0,345.3,52240.0,METASEDIMENT,1
4225.0,10325.0,346.5,52218.0,METASEDIMENT,1
4275.0,10325.0,347.8,52177.0,METASEDIMENT,1
4325.0,10325.0,349.4,52124.0,METASEDIMENT,1
4375.0,10325.0,351.1,52065.0,METASEDIMENT,1
4425.0,10325.0,353.0,52008.0,METASEDIMENT,1
4475.0,10325.0,355.0,51960.0,METASEDIMENT,1
4525.0,10325.0,357.1,51924.0,METASEDIMENT,1
4575.0,10325.0,359.4,51904.0,METASEDIMENT,1
4625.0,10325.0,361.8,51899.0,METASEDIMENT,1
4675.0,10325.0,364.2,51906.0,METASEDIMENT,1
4725.0,10325.0,366.8,51921.0,METASEDIMENT,1
4775.0,10325.0,369.3,51938.0,METASEDIMENT,1
4825.0,10325.0,371.9,51953.0,METASEDIMENT,1
4875.0,10325.0,374.5,51961.0,METASEDIMENT,1
4925.0,10325.0,377.1,51961.0,METASEDIMENT,1
4975.0,10325.0,379.8,51952.0,METASEDIMENT,1
5025.0,10325.0,382.3,51937.0,METASEDIMENT,1
5075.0,10325.0,384.9,51918.0,METASEDIMENT,1
5125.0,10325.0,387.4,51899.0,METASEDIMENT,1
5175.0,10325.0,389.9,51881.0,METASEDIMENT,1
5225.0,10325.0,392.3,51864.0,METASEDIMENT,1
5275.0,10325.0,394.7,51849.0,MAFIC_VOLCANIC,1
5325.0,10325.0,397.0,51832.0,MAFIC_VOLCANIC,1
5375.0,10325.0,399.2,51812.0,MAFIC_VOLCANIC,1
5425.0,10325.0,401.3,51789.0,MAFIC_VOLCANIC,1
5475.0,10325.0,403.4,51763.0,MAFIC_VOLCANIC,1
5525.0,10325.0,405.3,51737.0,MAFIC_VOLCANIC,1
5575.0,10325.0,407.2,51716.0,MAFIC_VOLCANIC,1
5625.0,10325.0,409.0,51702.0,MAFIC_VOLCANIC,1
5675.0,10325.0,410.6,51700.0,MAFIC_VOLCANIC,1
5725.0,10325.0,412.2,51711.0,MAFIC_VOLCANIC,1
5775.0,10325.0,413.7,51735.0,MAFIC_VOLCANIC,1
5825.0,10325.0,415.0,51769.0,MAFIC_VOLCANIC,1
5875.0,10325.0,416.3,51808.0,MAFIC_VOLCANIC,1
5925.0,10325.0,417.4,51849.0,MAFIC_VOLCANIC,1
5975.0,10325.0,418.5,51889.0,MAFIC_VOLCANIC,1
6025.0,10325.0,419.4,51924.0,MAFIC_VOLCANIC,1
6075.0,10325.0,420.2,51955.0,MAFIC_VOLCANIC,1
6125.0,10325.0,420.9,51982.0,FELSIC_VOLCANIC,1
6175.0,10325.0,421.5,52009.0,FELSIC_VOLCANIC,1
6225.0,10325.0,422.0,52036.0,FELSIC_VOLCANIC,1
6275.0,10325.0,422.4,52067.0,FELSIC_VOLCANIC,1
6325.0,10325.0,422.6,52101.0,FELSIC_VOLCANIC,1
6375.0,10325.0,422.8,52140.0,FELSIC_VOLCANIC,1
6425.0,10325.0,422.8,52181.0,FELSIC_VOLCANIC,1
6475.0,10325.0,422.8,52225.0,GRANITE,1
6525.0,10325.0,422.6,52268.0,GRANITE,1
6575.0,10325.0,422.3,52308.0,GRANITE,1
6625.0,10325.0,422.0,52344.0,GRANITE,1
6675.0,10325.0,421.5,52373.0,GRANITE,1
6725.0,10325.0,420.9,52392.0,GRANITE,1
6775.0,10325.0,420.3,52401.0,GRANITE,1
6825.0,10325.0,419.6,52399.0,GRANITE,1
6875.0,10325.0,418.8,52387.0,GRANITE,1
6925.0,10325.0,417.9,52367.0,GRANITE,1
6975.0,10325.0,416.9,52343.0,GRANITE,1
7025.0,10325.0,415.9,52318.0,GRANITE,1
7075.0,10325.0,414.9,52298.0,GRANITE,1
7125.0,10325.0,413.8,52285.0,GRANITE,1
7175.0,10325.0,412.7,52280.0,GRANITE,1
7225.0,10325.0,411.6,52283.0,GRANITE,1
7275.0,10325.0,410.4,52289.0,GRANITE,1
7325.0,10325.0,409.3,52297.0,GRANITE,1
7375.0,10325.0,408.1,52302.0,GRANITE,1
7425.0,10325.0,407.0,52302.0,GRANITE,1
7475.0,10325.0,405.9,52295.0,GRANITE,1
7525.0,10325.0,404.9,52284.0,GRANITE,1
7575.0,10325.0,403.9,52270.0,GRANITE,1
7625.0,10325.0,402.9,52256.0,GRANITE,1
7675.0,10325.0,402.0,52243.0,GRANITE,1
7725.0,10325.0,401.2,52230.0,GRANITE,1
7775.0,10325.0,400.5,52216.0,GRANITE,1
7825.0,10325.0,399.8,52196.0,GRANITE,1
7875.0,10325.0,399.2,52168.0,GRANITE,1
7925.0,10325.0,398.8,52129.0,GRANITE,1
7975.0,10325.0,398.4,52079.0,GRANITE,1
8025.0,10325.0,398.1,52020.0,FELSIC_VOLCANIC,1
8075.0,10325.0,397.9,51957.0,FELSIC_VOLCANIC,1
8125.0,10325.0,397.8,51895.0,FELSIC_VOLCANIC,1
8175.0,10325.0,397.7,51840.0,FELSIC_VOLCANIC,1
8225.0,10325.0,397.8,51794.0,MAFIC_VOLCANIC,1
8275.0,10325.0,398.0,51758.0,MAFIC_VOLCANIC,1
8325.0,10325.0,398.2,51730.0,MAFIC_VOLCANIC,1
8375.0,10325.0,398.5,51705.0,MAFIC_VOLCANIC,0
8425.0,10325.0,398.9,51680.0,MAFIC_VOLCANIC,0
8475.0,10325.0,399.3,51652.0,MAFIC_VOLCANIC,0
8525.0,10325.0,399.8,51618.0,MAFIC_VOLCANIC,0
8575.0,10325.0,400.3,51580.0,MAFIC_VOLCANIC,0
8625.0,10325.0,400.8,51541.0,MAFIC_VOLCANIC,0
8675.0,10325.0,401.4,51507.0,MAFIC_VOLCANIC,0
8725.0,10325.0,402.0,51481.0,MAFIC_VOLCANIC,0
8775.0,10325.0,402.6,51467.0,MAFIC_VOLCANIC,0
8825.0,10325.0,403.2,51466.0,MAFIC_VOLCANIC,0
8875.0,10325.0,403.8,51478.0,FELSIC_VOLCANIC,0
8925.0,10325.0,404.3,51501.0,FELSIC_VOLCANIC,0
8975.0,10325.0,404.8,51533.0,FELSIC_VOLCANIC,0
3025.0,10375.0,395.4,51834.0,MAFIC_VOLCANIC,0
3075.0,10375.0,391.0,51833.0,MAFIC_VOLCANIC,0
3125.0,10375.0,386.6,51839.0,MAFIC_VOLCANIC,0
3175.0,10375.0,382.4,51848.0,MAFIC_VOLCANIC,0
3225.0,10375.0,378.4,51856.0,FELSIC_VOLCANIC,0
3275.0,10375.0,374.5,51856.0,FELSIC_VOLCANIC,0
3325.0,10375.0,370.9,51844.0,FELSIC_VOLCANIC,0
3375.0,10375.0,367.4,51820.0,FELSIC_VOLCANIC,0
3425.0,10375.0,364.2,51783.0,FELSIC_VOLCANIC,0
3475.0,10375.0,361.2,51737.0,FELSIC_VOLCANIC,0
3525.0,10375.0,358.5,51690.0,GRANITE,0
3575.0,10375.0,356.0,51649.0,GRANITE,0
3625.0,10375.0,353.8,51622.0,GRANITE,0
3675.0,10375.0,351.9,51617.0,GRANITE,0
3725.0,10375.0,350.3,51638.0,GRANITE,0
3775.0,10375.0,348.9,51685.0,FELSIC_VOLCANIC,0
3825.0,10375.0,347.9,51756.0,FELSIC_VOLCANIC,0
3875.0,10375.0,347.1,51844.0,FELSIC_VOLCANIC,1
3925.0,10375.0,346.6,51940.0,FELSIC_VOLCANIC,1
3975.0,10375.0,346.3,52035.0,MAFIC_VOLCANIC,1
4025.0,10375.0,346.3,52119.0,MAFIC_VOLCANIC,1
4075.0,10375.0,346.6,52185.0,MAFIC_VOLCANIC,1
4125.0,10375.0,347.1,52227.0,METASEDIMENT,1
4175.0,10375.0,347.9,52243.0,METASEDIMENT,1
4225.0,10375.0,348.8,52233.0,METASEDIMENT,1
4275.0,10375.0,350.0,52202.0,METASEDIMENT,1
4325.0,10375.0,351.4,52155.0,METASEDIMENT,1
4375.0,10375.0,352.9,52098.0,METASEDIMENT,1
4425.0,10375.0,354.6,52039.0,METASEDIMENT,1
4475.0,10375.0,356.5,51986.0,METASEDIMENT,1
4525.0,10375.0,358.4,51943.0,METASEDIMENT,1
4575.0,10375.0,360.5,51914.0,METASEDIMENT,1
4625.0,10375.0,362.7,51900.0,METASEDIMENT,1
4675.0,10375.0,365.0,51901.0,METASEDIMENT,1
4725.0,10375.0,367.3,51911.0,METASEDIMENT,1
4775.0,10375.0,369.7,51926.0,METASEDIMENT,1
4825.0,10375.0,372.1,51940.0,METASEDIMENT,1
4875.0,10375.0,374.6,51950.0,METASEDIMENT,1
4925.0,10375.0,377.0,51951.0,METASEDIMENT,1
4975.0,10375.0,379.5,51944.0,METASEDIMENT,1
5025.0,10375.0,381.9,51930.0,METASEDIMENT,1
5075.0,10375.0,384.4,51912.0,METASEDIMENT,1
5125.0,10375.0,386.8,51894.0,METASEDIMENT,1
5175.0,10375.0,389.1,51876.0,METASEDIMENT,1
5225.0,10375.0,391.5,51861.0,METASEDIMENT,1
5275.0,10375.0,393.7,51847.0,MAFIC_VOLCANIC,1
5325.0,10375.0,395.9,51834.0,MAFIC_VOLCANIC,1
5375.0,10375.0,398.1,51817.0,MAFIC_VOLCANIC,1
5425.0,10375.0,400.1,51797.0,MAFIC_VOLCANIC,1
5475.0,10375.0,402.1,51772.0,MAFIC_VOLCANIC,1
5525.0,10375.0,404.1,51745.0,MAFIC_VOLCANIC,1
5575.0,10375.0,405.9,51720.0,MAFIC_VOLCANIC,1
5625.0,10375.0,407.7,51701.0,MAFIC_VOLCANIC,1
5675.0,10375.0,409.3,51692.0,MAFIC_VOLCANIC,1
5725.0,10375.0,410.9,51695.0,MAFIC_VOLCANIC,1
5775.0,10375.0,412.4,51712.0,MAFIC_VOLCANIC,1
5825.0,10375.0,413.8,51740.0,MAFIC_VOLCANIC,1
5875.0,10375.0,415.1,51778.0,MAFIC_VOLCANIC,1
5925.0,10375.0,416.3,51819.0,MAFIC_VOLCANIC,1
5975.0,10375.0,417.4,51861.0,MAFIC_VOLCANIC,1
6025.0,10375.0,418.4,51901.0,MAFIC_VOLCANIC,1
6075.0,10375.0,419.3,51936.0,MAFIC_VOLCANIC,1
6125.0,10375.0,420.1,51968.0,FELSIC_VOLCANIC,1
6175.0,10375.0,420.9,51998.0,FELSIC_VOLCANIC,1
6225.0,10375.0,421.5,52028.0,FELSIC_VOLCANIC,1
6275.0,10375.0,422.0,52060.0,FELSIC_VOLCANIC,1
6325.0,10375.0,422.4,52094.0,FELSIC_VOLCANIC,1
6375.0,10375.0,422.7,52131.0,FELSIC_VOLCANIC,1
6425.0,10375.0,422.9,52172.0,FELSIC_VOLCANIC,1
6475.0,10375.0,422.9,52213.0,GRANITE,1
6525.0,10375.0,422.9,52254.0,GRANITE,1
6575.0,10375.0,422.8,52293.0,GRANITE,1
6625.0,10375.0,422.6,52328.0,GRANITE,1
6675.0,10375.0,422.3,52356.0,GRANITE,1
6725.0,10375.0,422.0,52376.0,GRANITE,1
6775.0,10375.0,421.5,52386.0,GRANITE,1
6825.0,10375.0,420.9,52384.0,GRANITE,1
6875.0,10375.0,420.3,52372.0,GRANITE,1
6925.0,10375.0,419.6,52351.0,GRANITE,1
6975.0,10375.0,418.9,52324.0,GRANITE,1
7025.0,10375.0,418.0,52297.0,GRANITE,1
7075.0,10375.0,417.2,52275.0,GRANITE,1
7125.0,10375.0,416.3,52260.0,GRANITE,1
7175.0,10375.0,415.3,52255.0,GRANITE,1
7225.0,10375.0,414.3,52260.0,GRANITE,1
7275.0,10375.0,413.4,52272.0,GRANITE,1
7325.0,10375.0,412.4,52288.0,GRANITE,1
7375.0,10375.0,411.4,52302.0,GRANITE,1
7425.0,10375.0,410.4,52311.0,GRANITE,1
7475.0,10375.0,409.4,52313.0,GRANITE,1
7525.0,10375.0,408.5,52308.0,GRANITE,1
7575.0,10375.0,407.6,52297.0,GRANITE,1
7625.0,10375.0,406.7,52284.0,GRANITE,1
7675.0,10375.0,405.9,52271.0,GRANITE,1
7725.0,10375.0,405.2,52258.0,GRANITE,1
7775.0,10375.0,404.5,52245.0,GRANITE,1
7825.0,10375.0,403.9,52228.0,GRANITE,1
7875.0,10375.0,403.3,52204.0,GRANITE,1
7925.0,10375.0,402.9,52170.0,GRANITE,1
7975.0,10375.0,402.5,52125.0,GRANITE,1
8025.0,10375.0,402.2,52068.0,FELSIC_VOLCANIC,1
8075.0,10375.0,401.9,52005.0,FELSIC_VOLCANIC,1
8125.0,10375.0,401.8,51940.0,FELSIC_VOLCANIC,1
8175.0,10375.0,401.7,51879.0,FELSIC_VOLCANIC,1
8225.0,10375.0,401.7,51825.0,MAFIC_VOLCANIC,1
8275.0,10375.0,401.8,51782.0,MAFIC_VOLCANIC,0
8325.0,10375.0,402.0,51747.0,MAFIC_VOLCANIC,0
8375.0,10375.0,402.2,51719.0,MAFIC_VOLCANIC,0
8425.0,10375.0,402.4,51693.0,MAFIC_VOLCANIC,0
8475.0,10375.0,402.8,51665.0,MAFIC_VOLCANIC,0
8525.0,10375.0,403.1,51633.0,MAFIC_VOLCANIC,0
8575.0,10375.0,403.5,51598.0,MAFIC_VOLCANIC,0
8625.0,10375.0,403.9,51561.0,MAFIC_VOLCANIC,0
8675.0,10375.0,404.3,51527.0,MAFIC_VOLCANIC,0
8725.0,10375.0,404.7,51500.0,MAFIC_VOLCANIC,0
8775.0,10375.0,405.2,51483.0,MAFIC_VOLCANIC,0
8825.0,10375.0,405.6,51480.0,MAFIC_VOLCANIC,0
8875.0,10375.0,406.0,51488.0,MAFIC_VOLCANIC,0
8925.0,10375.0,406.4,51508.0,FELSIC_VOLCANIC,0
8975.0,10375.0,406.7,51538.0,FELSIC_VOLCANIC,0
3025.0,10425.0,399.2,51831.0,MAFIC_VOLCANIC,0
3075.0,10425.0,394.8,51824.0,MAFIC_VOLCANIC,0
3125.0,10425.0,390.5,51828.0,MAFIC_VOLCANIC,0
3175.0,10425.0,386.3,51839.0,MAFIC_VOLCANIC,0
3225.0,10425.0,382.3,51850.0,FELSIC_VOLCANIC,0
3275.0,10425.0,378.4,51856.0,FELSIC_VOLCANIC,0
3325.0,10425.0,374.7,51852.0,FELSIC_VOLCANIC,0
3375.0,10425.0,371.3,51834.0,FELSIC_VOLCANIC,0
3425.0,10425.0,368.0,51802.0,FELSIC_VOLCANIC,0
3475.0,10425.0,365.0,51758.0,FELSIC_VOLCANIC,0
3525.0,10425.0,362.3,51707.0,FELSIC_VOLCANIC,0
3575.0,10425.0,359.8,51659.0,GRANITE,0
3625.0,10425.0,357.5,51622.0,GRANITE,0
3675.0,10425.0,355.5,51604.0,GRANITE,0
3725.0,10425.0,353.8,51611.0,GRANITE,0
3775.0,10425.0,352.4,51646.0,GRANITE,0
3825.0,10425.0,351.2,51707.0,FELSIC_VOLCANIC,0
3875.0,10425.0,350.3,51789.0,FELSIC_VOLCANIC,0
3925.0,10425.0,349.7,51885.0,FELSIC_VOLCANIC,0
3975.0,10425.0,349.3,51983.0,FELSIC_VOLCANIC,1
4025.0,10425.0,349.2,52075.0,MAFIC_VOLCANIC,1
4075.0,10425.0,349.3,52152.0,MAFIC_VOLCANIC,1
4125.0,10425.0,349.7,52207.0,MAFIC_VOLCANIC,1
4175.0,10425.0,350.3,52238.0,METASEDIMENT,1
4225.0,10425.0,351.1,52242.0,METASEDIMENT,1
4275.0,10425.0,352.1,52222.0,METASEDIMENT,1
4325.0,10425.0,353.3,52183.0,METASEDIMENT,1
4375.0,10425.0,354.6,52131.0,METASEDIMENT,1
4425.0,10425.0,356.2,52073.0,METASEDIMENT,1
4475.0,10425.0,357.8,52016.0,METASEDIMENT,1
4525.0,10425.0,359.6,51968.0,METASEDIMENT,1
4575.0,10425.0,361.5,51931.0,METASEDIMENT,1
4625.0,10425.0,363.5,51910.0,METASEDIMENT,1
4675.0,10425.0,365.6,51902.0,METASEDIMENT,1
4725.0,10425.0,367.8,51907.0,METASEDIMENT,1
4775.0,10425.0,370.0,51918.0,METASEDIMENT,1
4825.0,10425.0,372.2,51931.0,METASEDIMENT,1
4875.0,10425.0,374.5,51941.0,METASEDIMENT,1
4925.0,10425.0,376.8,51943.0,METASEDIMENT,1
4975.0,10425.0,379.2,51938.0,METASEDIMENT,1
5025.0,10425.0,381.5,51925.0,METASEDIMENT,1
5075.0,10425.0,383.8,51907.0,METASEDIMENT,1
5125.0,10425.0,386.1,51888.0,METASEDIMENT,1
5175.0,10425.0,388.3,51871.0,METASEDIMENT,1
5225.0,10425.0,390.5,51856.0,METASEDIMENT,1
5275.0,10425.0,392.7,51844.0,METASEDIMENT,1
5325.0,10425.0,394.8,51833.0,MAFIC_VOLCANIC,1
5375.0,10425.0,396.9,51820.0,MAFIC_VOLCANIC,1
5425.0,10425.0,398.9,51803.0,MAFIC_VOLCANIC,1
5475.0,10425.0,400.9,51781.0,MAFIC_VOLCANIC,1
5525.0,10425.0,402.8,51755.0,MAFIC_VOLCANIC,1
5575.0,10425.0,404.6,51728.0,MAFIC_VOLCANIC,1
5625.0,10425.0,406.3,51704.0,MAFIC_VOLCANIC,1
5675.0,10425.0,408.0,51688.0,MAFIC_VOLCANIC,1
5725.0,10425.0,409.6,51684.0,MAFIC_VOLCANIC,1
5775.0,10425.0,411.1,51693.0,MAFIC_VOLCANIC,1
5825.0,10425.0,412.5,51716.0,MAFIC_VOLCANIC,1
5875.0,10425.0,413.9,51749.0,MAFIC_VOLCANIC,1
5925.0,10425.0,415.2,51789.0,MAFIC_VOLCANIC,1
5975.0,10425.0,416.3,51832.0,MAFIC_VOLCANIC,1
6025.0,10425.0,417.4,51875.0,MAFIC_VOLCANIC,1
6075.0,10425.0,418.4,51915.0,MAFIC_VOLCANIC,1
6125.0,10425.0,419.3,51951.0,MAFIC_VOLCANIC,1
6175.0,10425.0,420.1,51985.0,FELSIC_VOLCANIC,1
6225.0,10425.0,420.9,52018.0,FELSIC_VOLCANIC,1
6275.0,10425.0,421.5,52051.0,FELSIC_VOLCANIC,1
6325.0,10425.0,422.0,52086.0,FELSIC_VOLCANIC,1
6375.0,10425.0,422.5,52123.0,FELSIC_VOLCANIC,1
6425.0,10425.0,422.8,52162.0,FELSIC_VOLCANIC,1
6475.0,10425.0,423.1,52202.0,FELSIC_VOLCANIC,1
6525.0,10425.0,423.2,52242.0,GRANITE,1
6575.0,10425.0,423.3,52279.0,GRANITE,1
6625.0,10425.0,423.2,52314.0,GRANITE,1
6675.0,10425.0,423.1,52342.0,GRANITE,1
6725.0,10425.0,422.9,52362.0,GRANITE,1
6775.0,10425.0,422.6,52373.0,GRANITE,1
6825.0,10425.0,422.2,52372.0,GRANITE,1
6875.0,10425.0,421.8,52359.0,GRANITE,1
6925.0,10425.0,421.3,52337.0,GRANITE,1
6975.0,10425.0,420.7,52307.0,GRANITE,1
7025.0,10425.0,420.0,52276.0,GRANITE,1
7075.0,10425.0,419.4,52249.0,GRANITE,1
7125.0,10425.0,418.6,52229.0,GRANITE,1
7175.0,10425.0,417.8,52221.0,GRANITE,1
7225.0,10425.0,417.0,52226.0,GRANITE,1
7275.0,10425.0,416.2,52241.0,GRANITE,1
7325.0,10425.0,415.4,52263.0,GRANITE,1
7375.0,10425.0,414.5,52287.0,GRANITE,1
7425.0,10425.0,413.7,52306.0,GRANITE,1
7475.0,10425.0,412.8,52318.0,GRANITE,1
7525.0,10425.0,412.0,52321.0,GRANITE,1
7575.0,10425.0,411.2,52317.0,GRANITE,1
7625.0,10425.0,410.5,52306.0,GRANITE,1
7675.0,10425.0,409.7,52294.0,GRANITE,1
7725.0,10425.0,409.1,52281.0,GRANITE,1
7775.0,10425.0,408.5,52268.0,GRANITE,1
7825.0,10425.0,407.9,52253.0,GRANITE,1
7875.0,10425.0,407.4,52232.0,GRANITE,1
7925.0,10425.0,406.9,52203.0,GRANITE,1
7975.0,10425.0,406.6,52163.0,FELSIC_VOLCANIC,1
8025.0,10425.0,406.3,52111.0,FELSIC_VOLCANIC,1
8075.0,10425.0,406.0,52050.0,FELSIC_VOLCANIC,1
8125.0,10425.0,405.9,51984.0,FELSIC_VOLCANIC,1
8175.0,10425.0,405.7,51918.0,FELSIC_VOLCANIC,1
8225.0,10425.0,405.7,51858.0,FELSIC_VOLCANIC,0
8275.0,10425.0,405.7,51807.0,MAFIC_VOLCANIC,0
8325.0,10425.0,405.8,51766.0,MAFIC_VOLCANIC,0
8375.0,10425.0,405.9,51733.0,MAFIC_VOLCANIC,0
8425.0,10425.0,406.0,51705.0,MAFIC_VOLCANIC,0
8475.0,10425.0,406.2,51677.0,MAFIC_VOLCANIC,0
8525.0,10425.0,406.5,51646.0,MAFIC_VOLCANIC,0
8575.0,10425.0,406.7,51613.0,MAFIC_VOLCANIC,0
8625.0,10425.0,407.0,51578.0,MAFIC_VOLCANIC,0
8675.0,10425.0,407.3,51545.0,MAFIC_VOLCANIC,0
8725.0,10425.0,407.5,51518.0,MAFIC_VOLCANIC,0
8775.0,10425.0,407.8,51500.0,MAFIC_VOLCANIC,0
8825.0,10425.0,408.0,51495.0,MAFIC_VOLCANIC,0
8875.0,10425.0,408.3,51502.0,MAFIC_VOLCANIC,0
8925.0,10425.0,408.5,51520.0,FELSIC_VOLCANIC,0
8975.0,10425.0,408.6,51547.0,FELSIC_VOLCANIC,0
3025.0,10475.0,403.0,51832.0,MAFIC_VOLCANIC,0
3075.0,10475.0,398.6,51819.0,MAFIC_VOLCANIC,0
3125.0,10475.0,394.3,51819.0,MAFIC_VOLCANIC,0
3175.0,10475.0,390.1,51828.0,MAFIC_VOLCANIC,0
3225.0,10475.0,386.1,51841.0,MAFIC_VOLCANIC,0
3275.0,10475.0,382.2,51853.0,FELSIC_VOLCANIC,0
3325.0,10475.0,378.5,51856.0,FELSIC_VOLCANIC,0
3375.0,10475.0,375.0,51846.0,FELSIC_VOLCANIC,0
3425.0,10475.0,371.8,51820.0,FELSIC_VOLCANIC,0
3475.0,10475.0,368.7,51779.0,FELSIC_VOLCANIC,0
3525.0,10475.0,365.9,51728.0,FELSIC_VOLCANIC,0
3575.0,10475.0,363.4,51675.0,GRANITE,0
3625.0,10475.0,361.1,51628.0,GRANITE,0
3675.0,10475.0,359.0,51597.0,GRANITE,0
3725.0,10475.0,357.2,51590.0,GRANITE,0
3775.0,10475.0,355.7,51611.0,GRANITE,0
3825.0,10475.0,354.4,51660.0,FELSIC_VOLCANIC,0
3875.0,10475.0,353.4,51734.0,FELSIC_VOLCANIC,0
3925.0,10475.0,352.6,51825.0,FELSIC_VOLCANIC,0
3975.0,10475.0,352.1,51924.0,FELSIC_VOLCANIC,0
4025.0,10475.0,351.9,52022.0,MAFIC_VOLCANIC,0
4075.0,10475.0,351.9,52109.0,MAFIC_VOLCANIC,1
4125.0,10475.0,352.1,52178.0,MAFIC_VOLCANIC,1
4175.0,10475.0,352.5,52222.0,METASEDIMENT,1
4225.0,10475.0,353.2,52241.0,METASEDIMENT,1
4275.0,10475.0,354.0,52235.0,METASEDIMENT,1
4325.0,10475.0,355.0,52206.0,METASEDIMENT,1
4375.0,10475.0,356.2,52161.0,METASEDIMENT,1
4425.0,10475.0,357.6,52107.0,METASEDIMENT,1
4475.0,10475.0,359.1,52050.0,METASEDIMENT,1
4525.0,10475.0,360.7,51997.0,METASEDIMENT,1
4575.0,10475.0,362.4,51955.0,METASEDIMENT,1
4625.0,10475.0,364.3,51925.0,METASEDIMENT,1
4675.0,10475.0,366.2,51911.0,METASEDIMENT,1
4725.0,10475.0,368.2,51909.0,METASEDIMENT,1
4775.0,10475.0,370.2,51916.0,METASEDIMENT,1
4825.0,10475.0,372.3,51926.0,METASEDIMENT,1
4875.0,10475.0,374.4,51935.0,METASEDIMENT,1
4925.0,10475.0,376.6,51938.0,METASEDIMENT,1
4975.0,10475.0,378.8,51933.0,METASEDIMENT,1
5025.0,10475.0,381.0,51921.0,METASEDIMENT,1
5075.0,10475.0,383.1,51903.0,METASEDIMENT,1
5125.0,10475.0,385.3,51883.0,METASEDIMENT,1
5175.0,10475.0,387.5,51865.0,METASEDIMENT,1
5225.0,10475.0,389.6,51850.0,METASEDIMENT,1
5275.0,10475.0,391.7,51839.0,METASEDIMENT,1
5325.0,10475.0,393.7,51830.0,METASEDIMENT,1
5375.0,10475.0,395.7,51821.0,MAFIC_VOLCANIC,1
5425.0,10475.0,397.7,51808.0,MAFIC_VOLCANIC,1
5475.0,10475.0,399.6,51789.0,MAFIC_VOLCANIC,1
5525.0,10475.0,401.5,51765.0,MAFIC_VOLCANIC,1
5575.0,10475.0,403.3,51738.0,MAFIC_VOLCANIC,1
5625.0,10475.0,405.0,51711.0,MAFIC_VOLCANIC,1
5675.0,10475.0,406.7,51689.0,MAFIC_VOLCANIC,1
5725.0,10475.0,408.3,51678.0,MAFIC_VOLCANIC,1
5775.0,10475.0,409.8,51679.0,MAFIC_VOLCANIC,1
5825.0,10475.0,411.3,51695.0,MAFIC_VOLCANIC,1
5875.0,10475.0,412.7,51723.0,MAFIC_VOLCANIC,1
5925.0,10475.0,414.0,51761.0,MAFIC_VOLCANIC,1
5975.0,10475.0,415.3,51804.0,MAFIC_VOLCANIC,1
6025.0,10475.0,416.4,51848.0,MAFIC_VOLCANIC,1
6075.0,10475.0,417.5,51891.0,MAFIC_VOLCANIC,1
6125.0,10475.0,418.5,51932.0,MAFIC_VOLCANIC,1
6175.0,10475.0,419.4,51969.0,FELSIC_VOLCANIC,1
6225.0,10475.0,420.3,52005.0,FELSIC_VOLCANIC,1
6275.0,10475.0,421.0,52040.0,FELSIC_VOLCANIC,1
6325.0,10475.0,421.7,52076.0,FELSIC_VOLCANIC,1
6375.0,10475.0,422.2,52114.0,FELSIC_VOLCANIC,1
6425.0,10475.0,422.7,52152.0,FELSIC_VOLCANIC,1
6475.0,10475.0,423.1,52191.0,FELSIC_VOLCANIC,1
6525.0,10475.0,423.4,52230.0,GRANITE,1
6575.0,10475.0,423.6,52267.0,GRANITE,1
6625.0,10475.0,423.8,52300.0,GRANITE,1
6675.0,10475.0,423.8,52329.0,GRANITE,1
6725.0,10475.0,423.8,52350.0,GRANITE,1
6775.0,10475.0,423.7,52362.0,GRANITE,1
6825.0,10475.0,423.5,52362.0,GRANITE,1
6875.0,10475.0,423.2,52350.0,GRANITE,1
6925.0,10475.0,422.9,52327.0,GRANITE,1
6975.0,10475.0,422.4,52295.0,GRANITE,1
7025.0,10475.0,422.0,52259.0,GRANITE,1
7075.0,10475.0,421.5,52225.0,GRANITE,1
7125.0,10475.0,420.9,52198.0,GRANITE,1
7175.0,10475.0,420.3,52184.0,GRANITE,1
7225.0,10475.0,419.7,52185.0,GRANITE,1
7275.0,10475.0,419.0,52199.0,GRANITE,1
7325.0,10475.0,418.3,52225.0,GRANITE,1
7375.0,10475.0,417.6,52255.0,GRANITE,1
7425.0,10475.0,416.9,52285.0,GRANITE,1
7475.0,10475.0,416.2,52308.0,GRANITE,1
7525.0,10475.0,415.5,52321.0,GRANITE,1
7575.0,10475.0,414.8,52325.0,GRANITE,1
7625.0,10475.0,414.2,52320.0,FELSIC_VOLCANIC,1
7675.0,10475.0,413.5,52310.0,FELSIC_VOLCANIC,1
7725.0,10475.0,412.9,52298.0,FELSIC_VOLCANIC,1
7775.0,10475.0,412.4,52285.0,FELSIC_VOLCANIC,1
7825.0,10475.0,411.9,52271.0,FELSIC_VOLCANIC,1
7875.0,10475.0,411.4,52253.0,FELSIC_VOLCANIC,1
7925.0,10475.0,411.0,52228.0,FELSIC_VOLCANIC,1
7975.0,10475.0,410.6,52193.0,FELSIC_VOLCANIC,1
8025.0,10475.0,410.3,52146.0,FELSIC_VOLCANIC,1
8075.0,10475.0,410.1,52088.0,FELSIC_VOLCANIC,1
8125.0,10475.0,409.9,52023.0,FELSIC_VOLCANIC,1
8175.0,10475.0,409.7,51956.0,FELSIC_VOLCANIC,0
8225.0,10475.0,409.6,51891.0,FELSIC_VOLCANIC,0
8275.0,10475.0,409.6,51834.0,MAFIC_VOLCANIC,0
8325.0,10475.0,409.6,51786.0,MAFIC_VOLCANIC,0
8375.0,10475.0,409.6,51748.0,MAFIC_VOLCANIC,0
8425.0,10475.0,409.7,51716.0,MAFIC_VOLCANIC,0
8475.0,10475.0,409.8,51686.0,MAFIC_VOLCANIC,0
8525.0,10475.0,409.9,51657.0,MAFIC_VOLCANIC,0
8575.0,10475.0,410.0,51625.0,MAFIC_VOLCANIC,0
8625.0,10475.0,410.1,51593.0,MAFIC_VOLCANIC,0
8675.0,10475.0,410.2,51561.0,MAFIC_VOLCANIC,0
8725.0,10475.0,410.3,51534.0,MAFIC_VOLCANIC,0
8775.0,10475.0,410.4,51516.0,MAFIC_VOLCANIC,0
8825.0,10475.0,410.5,51509.0,MAFIC_VOLCANIC,0
8875.0,10475.0,410.6,51515.0,MAFIC_VOLCANIC,0
8925.0,10475.0,410.6,51533.0,MAFIC_VOLCANIC,0
8975.0,10475.0,410.6,51560.0,FELSIC_VOLCANIC,0
3025.0,10525.0,406.6,51840.0,METASEDIMENT,0
3075.0,10525.0,402.2,51819.0,MAFIC_VOLCANIC,0
3125.0,10525.0,397.9,51812.0,MAFIC_VOLCANIC,0
3175.0,10525.0,393.8,51818.0,MAFIC_VOLCANIC,0
3225.0,10525.0,389.7,51831.0,MAFIC_VOLCANIC,0
3275.0,10525.0,385.9,51847.0,MAFIC_VOLCANIC,0
3325.0,10525.0,382.2,51857.0,FELSIC_VOLCANIC,0
3375.0,10525.0,378.7,51855.0,FELSIC_VOLCANIC,0
3425.0,10525.0,375.4,51837.0,FELSIC_VOLCANIC,0
3475.0,10525.0,372.3,51801.0,FELSIC_VOLCANIC,0
3525.0,10525.0,369.5,51752.0,FELSIC_VOLCANIC,0
3575.0,10525.0,366.8,51696.0,FELSIC_VOLCANIC,0
3625.0,10525.0,364.5,51641.0,GRANITE,0
3675.0,10525.0,362.3,51598.0,GRANITE,0
3725.0,10525.0,360.5,51576.0,GRANITE,0
3775.0,10525.0,358.8,51581.0,GRANITE,0
3825.0,10525.0,357.5,51616.0,GRANITE,0
3875.0,10525.0,356.4,51678.0,FELSIC_VOLCANIC,0
3925.0,10525.0,355.5,51763.0,FELSIC_VOLCANIC,0
3975.0,10525.0,354.9,51861.0,FELSIC_VOLCANIC,0
4025.0,10525.0,354.5,51962.0,FELSIC_VOLCANIC,0
4075.0,10525.0,354.3,52057.0,MAFIC_VOLCANIC,0
4125.0,10525.0,354.4,52138.0,MAFIC_VOLCANIC,0
4175.0,10525.0,354.7,52196.0,MAFIC_VOLCANIC,1
4225.0,10525.0,355.2,52230.0,METASEDIMENT,1
4275.0,10525.0,355.9,52238.0,METASEDIMENT,1
4325.0,10525.0,356.7,52222.0,METASEDIMENT,1
4375.0,10525.0,357.7,52187.0,METASEDIMENT,1
4425.0,10525.0,358.9,52139.0,METASEDIMENT,1
4475.0,10525.0,360.2,52084.0,METASEDIMENT,1
4525.0,10525.0,361.7,52030.0,METASEDIMENT,1
4575.0,10525.0,363.2,51983.0,METASEDIMENT,1
4625.0,10525.0,364.9,51947.0,METASEDIMENT,1
4675.0,10525.0,366.7,51926.0,METASEDIMENT,1
4725.0,10525.0,368.5,51917.0,METASEDIMENT,1
4775.0,10525.0,370.4,51919.0,METASEDIMENT,1
4825.0,10525.0,372.3,51926.0,METASEDIMENT,1
4875.0,10525.0,374.3,51933.0,METASEDIMENT,1
4925.0,10525.0,376.3,51936.0,METASEDIMENT,1
4975.0,10525.0,378.4,51931.0,METASEDIMENT,1
5025.0,10525.0,380.4,51919.0,METASEDIMENT,1
5075.0,10525.0,382.5,51900.0,METASEDIMENT,1
5125.0,10525.0,384.6,51879.0,METASEDIMENT,1
5175.0,10525.0,386.6,51859.0,METASEDIMENT,1
5225.0,10525.0,388.6,51843.0,METASEDIMENT,1
5275.0,10525.0,390.6,51832.0,METASEDIMENT,1
5325.0,10525.0,392.6,51824.0,METASEDIMENT,1
5375.0,10525.0,394.6,51818.0,MAFIC_VOLCANIC,1
5425.0,10525.0,396.5,51809.0,MAFIC_VOLCANIC,1
5475.0,10525.0,398.4,51795.0,MAFIC_VOLCANIC,1
5525.0,10525.0,400.2,51774.0,MAFIC_VOLCANIC,1
5575.0,10525.0,402.0,51748.0,MAFIC_VOLCANIC,1
5625.0,10525.0,403.7,51720.0,MAFIC_VOLCANIC,1
5675.0,10525.0,405.4,51694.0,MAFIC_VOLCANIC,1
5725.0,10525.0,407.0,51676.0,MAFIC_VOLCANIC,1
5775.0,10525.0,408.6,51671.0,MAFIC_VOLCANIC,1
5825.0,10525.0,410.1,51679.0,MAFIC_VOLCANIC,1
5875.0,10525.0,411.5,51701.0,MAFIC_VOLCANIC,1
5925.0,10525.0,412.9,51734.0,MAFIC_VOLCANIC,1
5975.0,10525.0,414.2,51776.0,MAFIC_VOLCANIC,1
6025.0,10525.0,415.4,51821.0,MAFIC_VOLCANIC,1
6075.0,10525.0,416.6,51866.0,MAFIC_VOLCANIC,1
6125.0,10525.0,417.7,51910.0,MAFIC_VOLCANIC,1
6175.0,10525.0,418.7,51952.0,MAFIC_VOLCANIC,1
6225.0,10525.0,419.6,51991.0,FELSIC_VOLCANIC,1
6275.0,10525.0,420.5,52028.0,FELSIC_VOLCANIC,1
6325.0,10525.0,421.3,52066.0,FELSIC_VOLCANIC,1
6375.0,10525.0,422.0,52103.0,FELSIC_VOLCANIC,1
6425.0,10525.0,422.6,52142.0,FELSIC_VOLCANIC,1
6475.0,10525.0,423.1,52180.0,FELSIC_VOLCANIC,1
6525.0,10525.0,423.6,52218.0,FELSIC_VOLCANIC,1
6575.0,10525.0,424.0,52254.0,GRANITE,1
6625.0,10525.0,424.3,52288.0,GRANITE,1
6675.0,10525.0,424.5,52317.0,GRANITE,1
6725.0,10525.0,424.6,52340.0,GRANITE,1
6775.0,10525.0,424.6,52353.0,GRANITE,1
6825.0,10525.0,424.6,52356.0,GRANITE,1
6875.0,10525.0,424.5,52346.0,GRANITE,1
6925.0,10525.0,424.4,52322.0,GRANITE,1
6975.0,10525.0,424.1,52288.0,GRANITE,1
7025.0,10525.0,423.8,52248.0,GRANITE,1
7075.0,10525.0,423.5,52206.0,GRANITE,1
7125.0,10525.0,423.1,52171.0,GRANITE,1
7175.0,10525.0,422.7,52148.0,GRANITE,1
7225.0,10525.0,422.2,52141.0,GRANITE,1
7275.0,10525.0,421.7,52151.0,GRANITE,1
7325.0,10525.0,421.2,52176.0,GRANITE,1
7375.0,10525.0,420.6,52210.0,GRANITE,1
7425.0,10525.0,420.0,52248.0,GRANITE,1
7475.0,10525.0,419.5,52281.0,GRANITE,1
7525.0,10525.0,418.9,52306.0,GRANITE,1
7575.0,10525.0,418.3,52320.0,FELSIC_VOLCANIC,1
7625.0,10525.0,417.8,52323.0,FELSIC_VOLCANIC,1
7675.0,10525.0,417.3,52318.0,FELSIC_VOLCANIC,1
7725.0,10525.0,416.8,52308.0,FELSIC_VOLCANIC,1
7775.0,10525.0,416.3,52296.0,FELSIC_VOLCANIC,1
7825.0,10525.0,415.8,52282.0,FELSIC_VOLCANIC,1
7875.0,10525.0,415.4,52266.0,FELSIC_VOLCANIC,1
7925.0,10525.0,415.0,52244.0,FELSIC_VOLCANIC,1
7975.0,10525.0,414.7,52213.0,FELSIC_VOLCANIC,1
8025.0,10525.0,414.4,52172.0,FELSIC_VOLCANIC,1
8075.0,10525.0,414.1,52119.0,FELSIC_VOLCANIC,0
8125.0,10525.0,413.9,52057.0,FELSIC_VOLCANIC,0
8175.0,10525.0,413.7,51990.0,FELSIC_VOLCANIC,0
8225.0,10525.0,413.6,51923.0,FELSIC_VOLCANIC,0
8275.0,10525.0,413.5,51861.0,FELSIC_VOLCANIC,0
8325.0,10525.0,413.4,51807.0,MAFIC_VOLCANIC,0
8375.0,10525.0,413.3,51763.0,MAFIC_VOLCANIC,0
8425.0,10525.0,413.3,51726.0,MAFIC_VOLCANIC,0
8475.0,10525.0,413.3,51694.0,MAFIC_VOLCANIC,0
8525.0,10525.0,413.3,51665.0,MAFIC_VOLCANIC,0
8575.0,10525.0,413.2,51634.0,MAFIC_VOLCANIC,0
8625.0,10525.0,413.2,51603.0,MAFIC_VOLCANIC,0
8675.0,10525.0,413.2,51573.0,MAFIC_VOLCANIC,0
8725.0,10525.0,413.2,51547.0,MAFIC_VOLCANIC,0
8775.0,10525.0,413.1,51529.0,MAFIC_VOLCANIC,0
8825.0,10525.0,413.0,51522.0,MAFIC_VOLCANIC,0
8875.0,10525.0,412.9,51527.0,MAFIC_VOLCANIC,0
8925.0,10525.0,412.8,51545.0,MAFIC_VOLCANIC,0
8975.0,10525.0,412.6,51572.0,MAFIC_VOLCANIC,0
3025.0,10575.0,410.1,51855.0,METASEDIMENT,0
3075.0,10575.0,405.8,51825.0,METASEDIMENT,0
3125.0,10575.0,401.5,51810.0,MAFIC_VOLCANIC,0
3175.0,10575.0,397.3,51810.0,MAFIC_VOLCANIC,0
3225.0,10575.0,393.3,51821.0,MAFIC_VOLCANIC,0
3275.0,10575.0,389.4,51838.0,MAFIC_VOLCANIC,0
3325.0,10575.0,385.7,51854.0,MAFIC_VOLCANIC,0
3375.0,10575.0,382.2,51860.0,FELSIC_VOLCANIC,0
3425.0,10575.0,378.9,51851.0,FELSIC_VOLCANIC,0
3475.0,10575.0,375.8,51823.0,FELSIC_VOLCANIC,0
3525.0,10575.0,372.9,51778.0,FELSIC_VOLCANIC,0
3575.0,10575.0,370.2,51721.0,FELSIC_VOLCANIC,0
3625.0,10575.0,367.8,51661.0,FELSIC_VOLCANIC,0
3675.0,10575.0,365.6,51607.0,GRANITE,0
3725.0,10575.0,363.6,51570.0,GRANITE,0
3775.0,10575.0,361.9,51559.0,GRANITE,0
3825.0,10575.0,360.4,51577.0,GRANITE,0
3875.0,10575.0,359.2,51626.0,FELSIC_VOLCANIC,0
3925.0,10575.0,358.2,51701.0,FELSIC_VOLCANIC,0
3975.0,10575.0,357.5,51794.0,FELSIC_VOLCANIC,0
4025.0,10575.0,356.9,51896.0,FELSIC_VOLCANIC,0
4075.0,10575.0,356.7,51997.0,MAFIC_VOLCANIC,0
4125.0,10575.0,356.6,52087.0,MAFIC_VOLCANIC,0
4175.0,10575.0,356.7,52159.0,MAFIC_VOLCANIC,0
4225.0,10575.0,357.1,52208.0,METASEDIMENT,0
4275.0,10575.0,357.6,52231.0,METASEDIMENT,1
4325.0,10575.0,358.3,52230.0,METASEDIMENT,1
4375.0,10575.0,359.1,52207.0,METASEDIMENT,1
4425.0,10575.0,360.1,52167.0,METASEDIMENT,1
4475.0,10575.0,361.3,52117.0,METASEDIMENT,1
4525.0,10575.0,362.6,52064.0,METASEDIMENT,1
4575.0,10575.0,364.0,52014.0,METASEDIMENT,1
4625.0,10575.0,365.5,51974.0,METASEDIMENT,1
4675.0,10575.0,367.1,51946.0,METASEDIMENT,1
4725.0,10575.0,368.8,51931.0,METASEDIMENT,1
4775.0,10575.0,370.5,51928.0,METASEDIMENT,1
4825.0,10575.0,372.3,51931.0,METASEDIMENT,1
4875.0,10575.0,374.2,51936.0,METASEDIMENT,1
4925.0,10575.0,376.0,51937.0,METASEDIMENT,1
4975.0,10575.0,378.0,51932.0,METASEDIMENT,1
5025.0,10575.0,379.9,51920.0,METASEDIMENT,1
5075.0,10575.0,381.8,51900.0,METASEDIMENT,1
5125.0,10575.0,383.8,51877.0,METASEDIMENT,1
5175.0,10575.0,385.8,51855.0,METASEDIMENT,1
5225.0,10575.0,387.7,51837.0,METASEDIMENT,1
5275.0,10575.0,389.6,51824.0,METASEDIMENT,1
5325.0,10575.0,391.5,51817.0,METASEDIMENT,1
5375.0,10575.0,393.4,51813.0,METASEDIMENT,1
5425.0,10575.0,395.3,51808.0,MAFIC_VOLCANIC,1
5475.0,10575.0,397.1,51798.0,MAFIC_VOLCANIC,1
5525.0,10575.0,398.9,51782.0,MAFIC_VOLCANIC,1
5575.0,10575.0,400.7,51758.0,MAFIC_VOLCANIC,1
5625.0,10575.0,402.4,51730.0,MAFIC_VOLCANIC,1
5675.0,10575.0,404.1,51702.0,MAFIC_VOLCANIC,1
5725.0,10575.0,405.7,51679.0,MAFIC_VOLCANIC,1
5775.0,10575.0,407.3,51667.0,MAFIC_VOLCANIC,1
5825.0,10575.0,408.8,51667.0,MAFIC_VOLCANIC,1
5875.0,10575.0,410.3,51682.0,MAFIC_VOLCANIC,1
5925.0,10575.0,411.8,51711.0,MAFIC_VOLCANIC,1
5975.0,10575.0,413.1,51749.0,MAFIC_VOLCANIC,1
6025.0,10575.0,414.4,51794.0,MAFIC_VOLCANIC,1
6075.0,10575.0,415.7,51841.0,MAFIC_VOLCANIC,1
6125.0,10575.0,416.9,51888.0,MAFIC_VOLCANIC,1
6175.0,10575.0,418.0,51933.0,MAFIC_VOLCANIC,1
6225.0,10575.0,419.0,51975.0,MAFIC_VOLCANIC,1
6275.0,10575.0,420.0,52015.0,FELSIC_VOLCANIC,1
6325.0,10575.0,420.9,52054.0,FELSIC_VOLCANIC,1
6375.0,10575.0,421.7,52092.0,FELSIC_VOLCANIC,1
6425.0,10575.0,422.5,52131.0,FELSIC_VOLCANIC,1
6475.0,10575.0,423.1,52169.0,FELSIC_VOLCANIC,1
6525.0,10575.0,423.7,52206.0,FELSIC_VOLCANIC,1
6575.0,10575.0,424.3,52242.0,FELSIC_VOLCANIC,1
6625.0,10575.0,424.7,52276.0,GRANITE,1
6675.0,10575.0,425.1,52306.0,GRANITE,1
6725.0,10575.0,425.4,52330.0,GRANITE,1
6775.0,10575.0,425.6,52346.0,GRANITE,1
6825.0,10575.0,425.7,52352.0,GRANITE,1
6875.0,10575.0,425.8,52345.0,GRANITE,1
6925.0,10575.0,425.8,52324.0,GRANITE,1
6975.0,10575.0,425.8,52289.0,GRANITE,1
7025.0,10575.0,425.6,52245.0,GRANITE,1
7075.0,10575.0,425.5,52197.0,GRANITE,1
7125.0,10575.0,425.2,52153.0,GRANITE,1
7175.0,10575.0,425.0,52118.0,GRANITE,1
7225.0,10575.0,424.7,52100.0,GRANITE,1
7275.0,10575.0,424.3,52101.0,GRANITE,1
7325.0,10575.0,423.9,52121.0,GRANITE,1
7375.0,10575.0,423.5,52155.0,GRANITE,1
7425.0,10575.0,423.1,52197.0,GRANITE,1
7475.0,10575.0,422.7,52240.0,GRANITE,1
7525.0,10575.0,422.2,52276.0,FELSIC_VOLCANIC,1
7575.0,10575.0,421.8,52301.0,FELSIC_VOLCANIC,1
7625.0,10575.0,421.4,52314.0,FELSIC_VOLCANIC,1
7675.0,10575.0,420.9,52317.0,FELSIC_VOLCANIC,1
7725.0,10575.0,420.5,52311.0,FELSIC_VOLCANIC,1
7775.0,10575.0,420.1,52300.0,FELSIC_VOLCANIC,1
7825.0,10575.0,419.7,52287.0,FELSIC_VOLCANIC,1
7875.0,10575.0,419.4,52272.0,FELSIC_VOLCANIC,1
7925.0,10575.0,419.0,52252.0,FELSIC_VOLCANIC,1
7975.0,10575.0,418.7,52225.0,FELSIC_VOLCANIC,1
8025.0,10575.0,418.4,52189.0,FELSIC_VOLCANIC,0
8075.0,10575.0,418.2,52142.0,FELSIC_VOLCANIC,0
8125.0,10575.0,417.9,52084.0,FELSIC_VOLCANIC,0
8175.0,10575.0,417.7,52019.0,FELSIC_VOLCANIC,0
8225.0,10575.0,417.5,51952.0,FELSIC_VOLCANIC,0
8275.0,10575.0,417.4,51886.0,FELSIC_VOLCANIC,0
8325.0,10575.0,417.2,51828.0,FELSIC_VOLCANIC,0
8375.0,10575.0,417.1,51778.0,MAFIC_VOLCANIC,0
8425.0,10575.0,416.9,51736.0,MAFIC_VOLCANIC,0
8475.0,10575.0,416.8,51701.0,MAFIC_VOLCANIC,0
8525.0,10575.0,416.7,51670.0,MAFIC_VOLCANIC,0
8575.0,10575.0,416.5,51640.0,MAFIC_VOLCANIC,0
8625.0,10575.0,416.4,51610.0,MAFIC_VOLCANIC,0
8675.0,10575.0,416.2,51581.0,MAFIC_VOLCANIC,0
8725.0,10575.0,416.0,51556.0,MAFIC_VOLCANIC,0
8775.0,10575.0,415.8,51538.0,MAFIC_VOLCANIC,0
8825.0,10575.0,415.6,51531.0,MAFIC_VOLCANIC,0
8875.0,10575.0,415.3,51536.0,MAFIC_VOLCANIC,0
8925.0,10575.0,415.0,51554.0,MAFIC_VOLCANIC,0
8975.0,10575.0,414.6,51583.0,MAFIC_VOLCANIC,0
3025.0,10625.0,413.6,51877.0,METASEDIMENT,0
3075.0,10625.0,409.2,51839.0,METASEDIMENT,0
3125.0,10625.0,404.9,51815.0,MAFIC_VOLCANIC,0
3175.0,10625.0,400.8,51806.0,MAFIC_VOLCANIC,0
3225.0,10625.0,396.8,51813.0,MAFIC_VOLCANIC,0
3275.0,10625.0,392.9,51829.0,MAFIC_VOLCANIC,0
3325.0,10625.0,389.2,51848.0,MAFIC_VOLCANIC,0
3375.0,10625.0,385.6,51862.0,FELSIC_VOLCANIC,0
3425.0,10625.0,382.3,51862.0,FELSIC_VOLCANIC,0
3475.0,10625.0,379.1,51844.0,FELSIC_VOLCANIC,0
3525.0,10625.0,376.2,51805.0,FELSIC_VOLCANIC,0
3575.0,10625.0,373.4,51751.0,FELSIC_VOLCANIC,0
3625.0,10625.0,370.9,51687.0,FELSIC_VOLCANIC,0
3675.0,10625.0,368.6,51625.0,FELSIC_VOLCANIC,0
3725.0,10625.0,366.6,51575.0,FELSIC_VOLCANIC,0
3775.0,10625.0,364.8,51547.0,GRANITE,0
3825.0,10625.0,363.2,51547.0,GRANITE,0
3875.0,10625.0,361.9,51580.0,FELSIC_VOLCANIC,0
3925.0,10625.0,360.8,51641.0,FELSIC_VOLCANIC,0
3975.0,10625.0,359.9,51726.0,FELSIC_VOLCANIC,0
4025.0,10625.0,359.3,51826.0,FELSIC_VOLCANIC,0
4075.0,10625.0,358.9,51930.0,FELSIC_VOLCANIC,0
4125.0,10625.0,358.6,52028.0,MAFIC_VOLCANIC,0
4175.0,10625.0,358.6,52111.0,MAFIC_VOLCANIC,0
4225.0,10625.0,358.8,52175.0,MAFIC_VOLCANIC,0
4275.0,10625.0,359.2,52213.0,METASEDIMENT,0
4325.0,10625.0,359.7,52227.0,METASEDIMENT,0
4375.0,10625.0,360.4,52218.0,METASEDIMENT,1
4425.0,10625.0,361.3,52189.0,METASEDIMENT,1
4475.0,10625.0,362.3,52146.0,METASEDIMENT,1
4525.0,10625.0,363.4,52097.0,METASEDIMENT,1
4575.0,10625.0,364.7,52047.0,METASEDIMENT,1
4625.0,10625.0,366.0,52004.0,METASEDIMENT,1
4675.0,10625.0,367.5,51971.0,METASEDIMENT,1
4725.0,10625.0,369.0,51951.0,METASEDIMENT,1
4775.0,10625.0,370.6,51942.0,METASEDIMENT,1
4825.0,10625.0,372.3,51940.0,METASEDIMENT,1
4875.0,10625.0,374.0,51942.0,METASEDIMENT,1
4925.0,10625.0,375.7,51943.0,METASEDIMENT,1
4975.0,10625.0,377.5,51937.0,METASEDIMENT,1
5025.0,10625.0,379.4,51924.0,METASEDIMENT,1
5075.0,10625.0,381.2,51903.0,METASEDIMENT,1
5125.0,10625.0,383.1,51878.0,METASEDIMENT,1
5175.0,10625.0,384.9,51853.0,METASEDIMENT,1
5225.0,10625.0,386.8,51831.0,METASEDIMENT,1
5275.0,10625.0,388.6,51816.0,METASEDIMENT,1
5325.0,10625.0,390.5,51808.0,METASEDIMENT,1
5375.0,10625.0,392.3,51805.0,METASEDIMENT,1
5425.0,10625.0,394.2,51803.0,MAFIC_VOLCANIC,1
5475.0,10625.0,396.0,51798.0,MAFIC_VOLCANIC,1
5525.0,10625.0,397.7,51787.0,MAFIC_VOLCANIC,1
5575.0,10625.0,399.5,51767.0,MAFIC_VOLCANIC,1
5625.0,10625.0,401.2,51742.0,MAFIC_VOLCANIC,1
5675.0,10625.0,402.9,51713.0,MAFIC_VOLCANIC,1
5725.0,10625.0,404.5,51686.0,MAFIC_VOLCANIC,1
5775.0,10625.0,406.1,51667.0,MAFIC_VOLCANIC,1
5825.0,10625.0,407.7,51660.0,MAFIC_VOLCANIC,1
5875.0,10625.0,409.2,51668.0,MAFIC_VOLCANIC,1
5925.0,10625.0,410.7,51691.0,MAFIC_VOLCANIC,1
5975.0,10625.0,412.1,51725.0,MAFIC_VOLCANIC,1
6025.0,10625.0,413.5,51768.0,MAFIC_VOLCANIC,1
6075.0,10625.0,414.8,51816.0,MAFIC_VOLCANIC,1
6125.0,10625.0,416.0,51865.0,MAFIC_VOLCANIC,1
6175.0,10625.0,417.3,51913.0,MAFIC_VOLCANIC,1
6225.0,10625.0,418.4,51958.0,MAFIC_VOLCANIC,1
6275.0,10625.0,419.5,52001.0,MAFIC_VOLCANIC,1
6325.0,10625.0,420.5,52042.0,FELSIC_VOLCANIC,1
6375.0,10625.0,421.4,52081.0,FELSIC_VOLCANIC,1
6425.0,10625.0,422.3,52120.0,FELSIC_VOLCANIC,1
6475.0,10625.0,423.1,52158.0,FELSIC_VOLCANIC,1
6525.0,10625.0,423.9,52194.0,FELSIC_VOLCANIC,1
6575.0,10625.0,424.5,52230.0,FELSIC_VOLCANIC,1
6625.0,10625.0,425.1,52263.0,GRANITE,1
6675.0,10625.0,425.6,52294.0,GRANITE,1
6725.0,10625.0,426.1,52320.0,GRANITE,1
6775.0,10625.0,426.5,52340.0,GRANITE,1
6825.0,10625.0,426.8,52350.0,GRANITE,1
6875.0,10625.0,427.0,52347.0,GRANITE,1
6925.0,10625.0,427.2,52329.0,GRANITE,1
6975.0,10625.0,427.3,52297.0,GRANITE,1
7025.0,10625.0,427.4,52252.0,GRANITE,1
7075.0,10625.0,427.4,52199.0,GRANITE,1
7125.0,10625.0,427.3,52145.0,GRANITE,1
7175.0,10625.0,427.2,52099.0,GRANITE,1
7225.0,10625.0,427.1,52067.0,GRANITE,1
7275.0,10625.0,426.9,52056.0,GRANITE,1
7325.0,10625.0,426.7,52066.0,GRANITE,1
7375.0,10625.0,426.4,52095.0,GRANITE,1
7425.0,10625.0,426.1,52138.0,GRANITE,1
7475.0,10625.0,425.8,52186.0,GRANITE,1
7525.0,10625.0,425.5,52231.0,FELSIC_VOLCANIC,1
7575.0,10625.0,425.2,52268.0,FELSIC_VOLCANIC,1
7625.0,10625.0,424.9,52292.0,FELSIC_VOLCANIC,1
7675.0,10625.0,424.5,52304.0,FELSIC_VOLCANIC,1
7725.0,10625.0,424.2,52304.0,FELSIC_VOLCANIC,1
7775.0,10625.0,423.9,52298.0,FELSIC_VOLCANIC,1
7825.0,10625.0,423.6,52286.0,FELSIC_VOLCANIC,1
7875.0,10625.0,423.3,52271.0,FELSIC_VOLCANIC,0
7925.0,10625.0,423.0,52253.0,FELSIC_VOLCANIC,0
7975.0,10625.0,422.7,52230.0,FELSIC_VOLCANIC,0
8025.0,10625.0,422.4,52198.0,FELSIC_VOLCANIC,0
8075.0,10625.0,422.1,52156.0,FELSIC_VOLCANIC,0
8125.0,10625.0,421.9,52103.0,FELSIC_VOLCANIC,0
8175.0,10625.0,421.7,52042.0,FELSIC_VOLCANIC,0
8225.0,10625.0,421.4,51976.0,FELSIC_VOLCANIC,0
8275.0,10625.0,421.2,51910.0,FELSIC_VOLCANIC,0
8325.0,10625.0,421.0,51848.0,FELSIC_VOLCANIC,0
8375.0,10625.0,420.8,51793.0,MAFIC_VOLCANIC,0
8425.0,10625.0,420.6,51747.0,MAFIC_VOLCANIC,0
8475.0,10625.0,420.3,51708.0,MAFIC_VOLCANIC,0
8525.0,10625.0,420.1,51675.0,MAFIC_VOLCANIC,0
8575.0,10625.0,419.8,51644.0,MAFIC_VOLCANIC,0
8625.0,10625.0,419.6,51615.0,MAFIC_VOLCANIC,0
8675.0,10625.0,419.3,51587.0,MAFIC_VOLCANIC,0
8725.0,10625.0,418.9,51562.0,MAFIC_VOLCANIC,0
8775.0,10625.0,418.5,51545.0,MAFIC_VOLCANIC,0
8825.0,10625.0,418.1,51537.0,MAFIC_VOLCANIC,0
8875.0,10625.0,417.7,51542.0,MAFIC_VOLCANIC,0
8925.0,10625.0,417.2,51560.0,MAFIC_VOLCANIC,0
8975.0,10625.0,416.6,51590.0,MAFIC_VOLCANIC,0
3025.0,10675.0,416.9,51906.0,METASEDIMENT,0
3075.0,10675.0,412.6,51860.0,METASEDIMENT,0
3125.0,10675.0,408.3,51826.0,METASEDIMENT,0
3175.0,10675.0,404.2,51809.0,MAFIC_VOLCANIC,0
3225.0,10675.0,400.1,51808.0,MAFIC_VOLCANIC,0
3275.0,10675.0,396.2,51821.0,MAFIC_VOLCANIC,0
3325.0,10675.0,392.5,51841.0,MAFIC_VOLCANIC,0
3375.0,10675.0,388.9,51860.0,MAFIC_VOLCANIC,0
3425.0,10675.0,385.5,51869.0,FELSIC_VOLCANIC,0
3475.0,10675.0,382.3,51861.0,FELSIC_VOLCANIC,0
3525.0,10675.0,379.3,51832.0,FELSIC_VOLCANIC,0
3575.0,10675.0,376.5,51783.0,FELSIC_VOLCANIC,0
3625.0,10675.0,374.0,51720.0,FELSIC_VOLCANIC,0
3675.0,10675.0,371.6,51652.0,FELSIC_VOLCANIC,0
3725.0,10675.0,369.5,51590.0,FELSIC_VOLCANIC,0
3775.0,10675.0,367.6,51546.0,FELSIC_VOLCANIC,0
3825.0,10675.0,365.9,51528.0,FELSIC_VOLCANIC,0
3875.0,10675.0,364.5,51542.0,FELSIC_VOLCANIC,0
3925.0,10675.0,363.3,51588.0,FELSIC_VOLCANIC,0
3975.0,10675.0,362.3,51661.0,FELSIC_VOLCANIC,0
4025.0,10675.0,361.5,51754.0,FELSIC_VOLCANIC,0
4075.0,10675.0,361.0,51858.0,FELSIC_VOLCANIC,0
4125.0,10675.0,360.6,51961.0,MAFIC_VOLCANIC,0
4175.0,10675.0,360.5,52054.0,MAFIC_VOLCANIC,0
4225.0,10675.0,360.5,52131.0,MAFIC_VOLCANIC,0
4275.0,10675.0,360.7,52185.0,METASEDIMENT,0
4325.0,10675.0,361.1,52214.0,METASEDIMENT,0
4375.0,10675.0,361.7,52219.0,METASEDIMENT,0
4425.0,10675.0,362.4,52203.0,METASEDIMENT,0
4475.0,10675.0,363.2,52170.0,METASEDIMENT,1
4525.0,10675.0,364.2,52127.0,METASEDIMENT,1
4575.0,10675.0,365.3,52081.0,METASEDIMENT,1
4625.0,10675.0,366.5,52037.0,METASEDIMENT,1
4675.0,10675.0,367.8,52000.0,METASEDIMENT,1
4725.0,10675.0,369.2,51975.0,METASEDIMENT,1
4775.0,10675.0,370.6,51961.0,METASEDIMENT,1
4825.0,10675.0,372.2,51955.0,METASEDIMENT,1
4875.0,10675.0,373.8,51954.0,METASEDIMENT,1
4925.0,10675.0,375.4,51952.0,METASEDIMENT,1
4975.0,10675.0,377.1,51945.0,METASEDIMENT,1
5025.0,10675.0,378.8,51931.0,METASEDIMENT,1
5075.0,10675.0,380.6,51909.0,METASEDIMENT,1
5125.0,10675.0,382.3,51882.0,METASEDIMENT,1
5175.0,10675.0,384.1,51853.0,METASEDIMENT,1
5225.0,10675.0,385.9,51828.0,METASEDIMENT,1
5275.0,10675.0,387.7,51809.0,METASEDIMENT,1
5325.0,10675.0,389.5,51799.0,METASEDIMENT,1
5375.0,10675.0,391.3,51795.0,METASEDIMENT,1
5425.0,10675.0,393.1,51796.0,METASEDIMENT,1
5475.0,10675.0,394.8,51795.0,MAFIC_VOLCANIC,1
5525.0,10675.0,396.6,51789.0,MAFIC_VOLCANIC,1
5575.0,10675.0,398.3,51775.0,MAFIC_VOLCANIC,1
5625.0,10675.0,400.0,51753.0,MAFIC_VOLCANIC,1
5675.0,10675.0,401.7,51725.0,MAFIC_VOLCANIC,1
5725.0,10675.0,403.4,51696.0,MAFIC_VOLCANIC,1
5775.0,10675.0,405.0,51672.0,MAFIC_VOLCANIC,1
5825.0,10675.0,406.6,51659.0,MAFIC_VOLCANIC,1
5875.0,10675.0,408.1,51659.0,MAFIC_VOLCANIC,1
5925.0,10675.0,409.6,51675.0,MAFIC_VOLCANIC,1
5975.0,10675.0,411.1,51705.0,MAFIC_VOLCANIC,1
6025.0,10675.0,412.6,51745.0,MAFIC_VOLCANIC,1
6075.0,10675.0,413.9,51792.0,MAFIC_VOLCANIC,1
6125.0,10675.0,415.3,51842.0,MAFIC_VOLCANIC,1
6175.0,10675.0,416.6,51893.0,MAFIC_VOLCANIC,1
6225.0,10675.0,417.8,51941.0,MAFIC_VOLCANIC,1
6275.0,10675.0,419.0,51986.0,MAFIC_VOLCANIC,1
6325.0,10675.0,420.1,52029.0,MAFIC_VOLCANIC,1
6375.0,10675.0,421.2,52070.0,FELSIC_VOLCANIC,1
6425.0,10675.0,422.2,52109.0,FELSIC_VOLCANIC,1
6475.0,10675.0,423.1,52147.0,FELSIC_VOLCANIC,1
6525.0,10675.0,424.0,52183.0,FELSIC_VOLCANIC,1
6575.0,10675.0,424.8,52217.0,FELSIC_VOLCANIC,1
6625.0,10675.0,425.5,52251.0,FELSIC_VOLCANIC,1
6675.0,10675.0,426.2,52282.0,GRANITE,1
6725.0,10675.0,426.8,52310.0,GRANITE,1
6775.0,10675.0,427.3,52333.0,GRANITE,1
6825.0,10675.0,427.8,52347.0,GRANITE,1
6875.0,10675.0,428.2,52350.0,GRANITE,1
6925.0,10675.0,428.5,52338.0,GRANITE,1
6975.0,10675.0,428.8,52310.0,GRANITE,1
7025.0,10675.0,429.0,52267.0,GRANITE,1
7075.0,10675.0,429.2,52211.0,GRANITE,1
7125.0,10675.0,429.3,52151.0,GRANITE,1
7175.0,10675.0,429.4,52093.0,GRANITE,1
7225.0,10675.0,429.4,52047.0,GRANITE,1
7275.0,10675.0,429.4,52021.0,GRANITE,1
7325.0,10675.0,429.3,52017.0,GRANITE,1
7375.0,10675.0,429.2,52036.0,GRANITE,1
7425.0,10675.0,429.1,52074.0,GRANITE,1
7475.0,10675.0,428.9,52123.0,FELSIC_VOLCANIC,1
7525.0,10675.0,428.7,52175.0,FELSIC_VOLCANIC,1
7575.0,10675.0,428.5,52221.0,FELSIC_VOLCANIC,1
7625.0,10675.0,428.3,52257.0,FELSIC_VOLCANIC,1
7675.0,10675.0,428.1,52279.0,FELSIC_VOLCANIC,0
7725.0,10675.0,427.9,52288.0,FELSIC_VOLCANIC,0
7775.0,10675.0,427.6,52287.0,FELSIC_VOLCANIC,0
7825.0,10675.0,427.4,52278.0,FELSIC_VOLCANIC,0
7875.0,10675.0,427.1,52265.0,FELSIC_VOLCANIC,0
7925.0,10675.0,426.9,52248.0,FELSIC_VOLCANIC,0
7975.0,10675.0,426.6,52227.0,FELSIC_VOLCANIC,0
8025.0,10675.0,426.4,52199.0,FELSIC_VOLCANIC,0
8075.0,10675.0,426.1,52162.0,FELSIC_VOLCANIC,0
8125.0,10675.0,425.9,52115.0,FELSIC_VOLCANIC,0
8175.0,10675.0,425.6,52059.0,FELSIC_VOLCANIC,0
8225.0,10675.0,425.3,51996.0,FELSIC_VOLCANIC,0
8275.0,10675.0,425.1,51930.0,FELSIC_VOLCANIC,0
8325.0,10675.0,424.8,51867.0,FELSIC_VOLCANIC,0
8375.0,10675.0,424.5,51809.0,FELSIC_VOLCANIC,0
8425.0,10675.0,424.2,51758.0,MAFIC_VOLCANIC,0
8475.0,10675.0,423.9,51716.0,MAFIC_VOLCANIC,0
8525.0,10675.0,423.5,51680.0,MAFIC_VOLCANIC,0
8575.0,10675.0,423.2,51647.0,MAFIC_VOLCANIC,0
8625.0,10675.0,422.7,51618.0,MAFIC_VOLCANIC,0
8675.0,10675.0,422.3,51590.0,MAFIC_VOLCANIC,0
8725.0,10675.0,421.8,51566.0,MAFIC_VOLCANIC,0
8775.0,10675.0,421.3,51548.0,MAFIC_VOLCANIC,0
8825.0,10675.0,420.7,51540.0,MAFIC_VOLCANIC,0
8875.0,10675.0,420.1,51544.0,MAFIC_VOLCANIC,0
8925.0,10675.0,419.4,51563.0,MAFIC_VOLCANIC,0
8975.0,10675.0,418.7,51594.0,MAFIC_VOLCANIC,0
3025.0,10725.0,420.1,51938.0,METASEDIMENT,0
3075.0,10725.0,415.8,51887.0,METASEDIMENT,0
3125.0,10725.0,411.5,51845.0,METASEDIMENT,0
3175.0,10725.0,407.4,51817.0,MAFIC_VOLCANIC,0
3225.0,10725.0,403.4,51807.0,MAFIC_VOLCANIC,0
3275.0,10725.0,399.5,51814.0,MAFIC_VOLCANIC,0
3325.0,10725.0,395.7,51833.0,MAFIC_VOLCANIC,0
3375.0,10725.0,392.1,51856.0,MAFIC_VOLCANIC,0
3425.0,10725.0,388.7,51873.0,MAFIC_VOLCANIC,0
3475.0,10725.0,385.4,51875.0,FELSIC_VOLCANIC,0
3525.0,10725.0,382.4,51857.0,FELSIC_VOLCANIC,0
3575.0,10725.0,379.5,51817.0,FELSIC_VOLCANIC,0
3625.0,10725.0,376.9,51757.0,FELSIC_VOLCANIC,0
3675.0,10725.0,374.5,51687.0,FELSIC_VOLCANIC,0
3725.0,10725.0,372.2,51617.0,FELSIC_VOLCANIC,0
3775.0,10725.0,370.3,51558.0,FELSIC_VOLCANIC,0
3825.0,10725.0,368.5,51523.0,FELSIC_VOLCANIC,0
3875.0,10725.0,366.9,51517.0,FELSIC_VOLCANIC,0
3925.0,10725.0,365.6,51544.0,FELSIC_VOLCANIC,0
3975.0,10725.0,364.5,51602.0,FELSIC_VOLCANIC,0
4025.0,10725.0,363.6,51685.0,FELSIC_VOLCANIC,0
4075.0,10725.0,362.9,51784.0,FELSIC_VOLCANIC,0
4125.0,10725.0,362.5,51889.0,MAFIC_VOLCANIC,0
4175.0,10725.0,362.2,51990.0,MAFIC_VOLCANIC,0
4225.0,10725.0,362.1,52077.0,MAFIC_VOLCANIC,0
4275.0,10725.0,362.2,52145.0,MAFIC_VOLCANIC,0
4325.0,10725.0,362.4,52190.0,METASEDIMENT,0
4375.0,10725.0,362.8,52211.0,METASEDIMENT,0
4425.0,10725.0,363.4,52209.0,METASEDIMENT,0
4475.0,10725.0,364.1,52189.0,METASEDIMENT,0
4525.0,10725.0,364.9,52154.0,METASEDIMENT,0
4575.0,10725.0,365.9,52112.0,METASEDIMENT,1
4625.0,10725.0,366.9,52070.0,METASEDIMENT,1
4675.0,10725.0,368.1,52032.0,METASEDIMENT,1
4725.0,10725.0,369.4,52003.0,METASEDIMENT,1
4775.0,10725.0,370.7,51984.0,METASEDIMENT,1
4825.0,10725.0,372.1,51974.0,METASEDIMENT,1
4875.0,10725.0,373.6,51970.0,METASEDIMENT,1
4925.0,10725.0,375.1,51966.0,METASEDIMENT,1
4975.0,10725.0,376.7,51958.0,METASEDIMENT,1
5025.0,10725.0,378.3,51943.0,METASEDIMENT,1
5075.0,10725.0,380.0,51919.0,METASEDIMENT,1
5125.0,10725.0,381.6,51890.0,METASEDIMENT,1
5175.0,10725.0,383.3,51857.0,METASEDIMENT,1
5225.0,10725.0,385.1,51828.0,METASEDIMENT,1
5275.0,10725.0,386.8,51805.0,METASEDIMENT,1
5325.0,10725.0,388.5,51791.0,METASEDIMENT,1
5375.0,10725.0,390.3,51786.0,METASEDIMENT,1
5425.0,10725.0,392.0,51787.0,METASEDIMENT,1
5475.0,10725.0,393.8,51790.0,METASEDIMENT,1
5525.0,10725.0,395.5,51789.0,MAFIC_VOLCANIC,1
5575.0,10725.0,397.2,51781.0,MAFIC_VOLCANIC,1
5625.0,10725.0,398.9,51763.0,MAFIC_VOLCANIC,1
5675.0,10725.0,400.6,51738.0,MAFIC_VOLCANIC,1
5725.0,10725.0,402.3,51709.0,MAFIC_VOLCANIC,1
5775.0,10725.0,403.9,51682.0,MAFIC_VOLCANIC,1
5825.0,10725.0,405.5,51663.0,MAFIC_VOLCANIC,1
5875.0,10725.0,407.1,51656.0,MAFIC_VOLCANIC,1
5925.0,10725.0,408.7,51665.0,MAFIC_VOLCANIC,1
5975.0,10725.0,410.2,51688.0,MAFIC_VOLCANIC,1
6025.0,10725.0,411.7,51725.0,MAFIC_VOLCANIC,1
6075.0,10725.0,413.2,51770.0,MAFIC_VOLCANIC,1
6125.0,10725.0,414.6,51821.0,MAFIC_VOLCANIC,1
6175.0,10725.0,415.9,51873.0,MAFIC_VOLCANIC,1
6225.0,10725.0,417.3,51924.0,MAFIC_VOLCANIC,1
6275.0,10725.0,418.5,51972.0,MAFIC_VOLCANIC,1
6325.0,10725.0,419.8,52018.0,MAFIC_VOLCANIC,1
6375.0,10725.0,420.9,52060.0,MAFIC_VOLCANIC,1
6425.0,10725.0,422.0,52099.0,MAFIC_VOLCANIC,1
6475.0,10725.0,423.1,52136.0,FELSIC_VOLCANIC,1
6525.0,10725.0,424.1,52172.0,FELSIC_VOLCANIC,1
6575.0,10725.0,425.0,52205.0,FELSIC_VOLCANIC,1
6625.0,10725.0,425.9,52238.0,FELSIC_VOLCANIC,1
6675.0,10725.0,426.7,52269.0,FELSIC_VOLCANIC,1
6725.0,10725.0,427.5,52298.0,FELSIC_VOLCANIC,1
6775.0,10725.0,428.2,52324.0,GRANITE,1
6825.0,10725.0,428.8,52343.0,GRANITE,1
6875.0,10725.0,429.3,52352.0,GRANITE,1
6925.0,10725.0,429.9,52348.0,GRANITE,1
6975.0,10725.0,430.3,52327.0,GRANITE,1
7025.0,10725.0,430.7,52288.0,GRANITE,1
7075.0,10725.0,431.0,52233.0,GRANITE,1
7125.0,10725.0,431.3,52169.0,GRANITE,1
7175.0,10725.0,431.5,52102.0,GRANITE,1
7225.0,10725.0,431.7,52043.0,GRANITE,1
7275.0,10725.0,431.8,52000.0,GRANITE,1
7325.0,10725.0,431.9,51979.0,GRANITE,1
7375.0,10725.0,431.9,51984.0,GRANITE,1
7425.0,10725.0,432.0,52012.0,GRANITE,1
7475.0,10725.0,431.9,52057.0,FELSIC_VOLCANIC,0
7525.0,10725.0,431.9,52110.0,FELSIC_VOLCANIC,0
7575.0,10725.0,431.8,52164.0,FELSIC_VOLCANIC,0
7625.0,10725.0,431.7,52210.0,FELSIC_VOLCANIC,0
7675.0,10725.0,431.6,52243.0,FELSIC_VOLCANIC,0
7725.0,10725.0,431.4,52262.0,MAFIC_VOLCANIC,0
7775.0,10725.0,431.3,52268.0,MAFIC_VOLCANIC,0
7825.0,10725.0,431.1,52264.0,MAFIC_VOLCANIC,0
7875.0,10725.0,430.9,52253.0,MAFIC_VOLCANIC,0
7925.0,10725.0,430.7,52238.0,MAFIC_VOLCANIC,0
7975.0,10725.0,430.5,52219.0,MAFIC_VOLCANIC,0
8025.0,10725.0,430.3,52194.0,FELSIC_VOLCANIC,0
8075.0,10725.0,430.0,52161.0,FELSIC_VOLCANIC,0
8125.0,10725.0,429.8,52120.0,FELSIC_VOLCANIC,0
8175.0,10725.0,429.5,52069.0,FELSIC_VOLCANIC,0
8225.0,10725.0,429.2,52010.0,FELSIC_VOLCANIC,0
8275.0,10725.0,428.9,51947.0,FELSIC_VOLCANIC,0
8325.0,10725.0,428.6,51884.0,FELSIC_VOLCANIC,0
8375.0,10725.0,428.2,51824.0,FELSIC_VOLCANIC,0
8425.0,10725.0,427.8,51771.0,FELSIC_VOLCANIC,0
8475.0,10725.0,427.4,51724.0,MAFIC_VOLCANIC,0
8525.0,10725.0,427.0,51685.0,MAFIC_VOLCANIC,0
8575.0,10725.0,426.5,51651.0,MAFIC_VOLCANIC,0
8625.0,10725.0,425.9,51620.0,MAFIC_VOLCANIC,0
8675.0,10725.0,425.4,51592.0,MAFIC_VOLCANIC,0
8725.0,10725.0,424.7,51568.0,MAFIC_VOLCANIC,0
8775.0,10725.0,424.1,51550.0,MAFIC_VOLCANIC,0
8825.0,10725.0,423.3,51541.0,MAFIC_VOLCANIC,0
8875.0,10725.0,422.6,51544.0,MAFIC_VOLCANIC,0
8925.0,10725.0,421.7,51562.0,MAFIC_VOLCANIC,0
8975.0,10725.0,420.9,51593.0,MAFIC_VOLCANIC,0
3025.0,10775.0,423.2,51974.0,METASEDIMENT,0
3075.0,10775.0,418.9,51919.0,METASEDIMENT,0
3125.0,10775.0,414.7,51869.0,METASEDIMENT,0
3175.0,10775.0,410.5,51832.0,METASEDIMENT,0
3225.0,10775.0,406.5,51812.0,MAFIC_VOLCANIC,0
3275.0,10775.0,402.6,51811.0,MAFIC_VOLCANIC,0
3325.0,10775.0,398.8,51826.0,MAFIC_VOLCANIC,0
3375.0,10775.0,395.1,51849.0,MAFIC_VOLCANIC,0
3425.0,10775.0,391.7,51872.0,MAFIC_VOLCANIC,0
3475.0,10775.0,388.4,51885.0,FELSIC_VOLCANIC,0
3525.0,10775.0,385.3,51879.0,FELSIC_VOLCANIC,0
3575.0,10775.0,382.4,51849.0,FELSIC_VOLCANIC,0
3625.0,10775.0,379.7,51797.0,FELSIC_VOLCANIC,0
3675.0,10775.0,377.2,51729.0,FELSIC_VOLCANIC,0
3725.0,10775.0,374.9,51653.0,FELSIC_VOLCANIC,0
3775.0,10775.0,372.8,51584.0,FELSIC_VOLCANIC,0
3825.0,10775.0,370.9,51531.0,FELSIC_VOLCANIC,0
3875.0,10775.0,369.3,51506.0,FELSIC_VOLCANIC,0
3925.0,10775.0,367.9,51513.0,FELSIC_VOLCANIC,0
3975.0,10775.0,366.7,51554.0,FELSIC_VOLCANIC,0
4025.0,10775.0,365.6,51623.0,FELSIC_VOLCANIC,0
4075.0,10775.0,364.8,51714.0,FELSIC_VOLCANIC,0
4125.0,10775.0,364.2,51816.0,FELSIC_VOLCANIC,0
4175.0,10775.0,363.8,51920.0,MAFIC_VOLCANIC,0
4225.0,10775.0,363.6,52016.0,MAFIC_VOLCANIC,0
4275.0,10775.0,363.5,52097.0,MAFIC_VOLCANIC,0
4325.0,10775.0,363.6,52157.0,METASEDIMENT,0
4375.0,10775.0,363.9,52193.0,METASEDIMENT,0
4425.0,10775.0,364.3,52207.0,METASEDIMENT,0
4475.0,10775.0,364.9,52199.0,METASEDIMENT,0
4525.0,10775.0,365.6,52176.0,METASEDIMENT,0
4575.0,10775.0,366.4,52141.0,METASEDIMENT,0
4625.0,10775.0,367.4,52102.0,METASEDIMENT,0
4675.0,10775.0,368.4,52065.0,METASEDIMENT,0
4725.0,10775.0,369.5,52034.0,METASEDIMENT,1
4775.0,10775.0,370.7,52012.0,METASEDIMENT,1
4825.0,10775.0,372.0,51998.0,METASEDIMENT,1
4875.0,10775.0,373.4,51990.0,METASEDIMENT,1
4925.0,10775.0,374.8,51984.0,METASEDIMENT,1
4975.0,10775.0,376.3,51974.0,METASEDIMENT,1
5025.0,10775.0,377.8,51958.0,METASEDIMENT,1
5075.0,10775.0,379.4,51934.0,METASEDIMENT,1
5125.0,10775.0,381.0,51902.0,METASEDIMENT,1
5175.0,10775.0,382.6,51866.0,METASEDIMENT,1
5225.0,10775.0,384.3,51831.0,METASEDIMENT,1
5275.0,10775.0,386.0,51803.0,METASEDIMENT,1
5325.0,10775.0,387.7,51785.0,METASEDIMENT,1
5375.0,10775.0,389.4,51777.0,METASEDIMENT,1
5425.0,10775.0,391.1,51778.0,METASEDIMENT,1
5475.0,10775.0,392.8,51783.0,METASEDIMENT,1
5525.0,10775.0,394.5,51787.0,METASEDIMENT,1
5575.0,10775.0,396.2,51785.0,MAFIC_VOLCANIC,1
5625.0,10775.0,397.9,51773.0,MAFIC_VOLCANIC,1
5675.0,10775.0,399.6,51752.0,MAFIC_VOLCANIC,1
5725.0,10775.0,401.3,51725.0,MAFIC_VOLCANIC,1
5775.0,10775.0,402.9,51696.0,MAFIC_VOLCANIC,1
5825.0,10775.0,404.6,51672.0,MAFIC_VOLCANIC,1
5875.0,10775.0,406.2,51659.0,MAFIC_VOLCANIC,1
5925.0,10775.0,407.8,51660.0,MAFIC_VOLCANIC,1
5975.0,10775.0,409.4,51677.0,MAFIC_VOLCANIC,1
6025.0,10775.0,410.9,51709.0,MAFIC_VOLCANIC,1
6075.0,10775.0,412.4,51751.0,MAFIC_VOLCANIC,1
6125.0,10775.0,413.9,51801.0,MAFIC_VOLCANIC,1
6175.0,10775.0,415.4,51855.0,MAFIC_VOLCANIC,1
6225.0,10775.0,416.8,51908.0,MAFIC_VOLCANIC,1
6275.0,10775.0,418.1,51959.0,MAFIC_VOLCANIC,1
6325.0,10775.0,419.4,52006.0,MAFIC_VOLCANIC,1
6375.0,10775.0,420.7,52050.0,MAFIC_VOLCANIC,1
6425.0,10775.0,421.9,52090.0,MAFIC_VOLCANIC,1
6475.0,10775.0,423.1,52127.0,MAFIC_VOLCANIC,1
6525.0,10775.0,424.2,52162.0,FELSIC_VOLCANIC,1
6575.0,10775.0,425.3,52194.0,FELSIC_VOLCANIC,1
6625.0,10775.0,426.3,52225.0,FELSIC_VOLCANIC,1
6675.0,10775.0,427.3,52255.0,FELSIC_VOLCANIC,1
6725.0,10775.0,428.1,52285.0,FELSIC_VOLCANIC,1
6775.0,10775.0,429.0,52312.0,FELSIC_VOLCANIC,1
6825.0,10775.0,429.8,52336.0,GRANITE,1
6875.0,10775.0,430.5,52352.0,GRANITE,1
6925.0,10775.0,431.1,52356.0,GRANITE,1
6975.0,10775.0,431.7,52343.0,GRANITE,1
7025.0,10775.0,432.3,52312.0,GRANITE,1
7075.0,10775.0,432.8,52263.0,GRANITE,1
7125.0,10775.0,433.2,52198.0,GRANITE,1
7175.0,10775.0,433.6,52126.0,GRANITE,1
7225.0,10775.0,433.9,52055.0,GRANITE,1
7275.0,10775.0,434.2,51996.0,GRANITE,0
7325.0,10775.0,434.4,51958.0,GRANITE,0
7375.0,10775.0,434.6,51944.0,GRANITE,0
7425.0,10775.0,434.8,51957.0,FELSIC_VOLCANIC,0
7475.0,10775.0,434.9,51993.0,FELSIC_VOLCANIC,0
7525.0,10775.0,435.0,52043.0,FELSIC_VOLCANIC,0
7575.0,10775.0,435.0,52100.0,FELSIC_VOLCANIC,0
7625.0,10775.0,435.0,52153.0,FELSIC_VOLCANIC,0
7675.0,10775.0,435.0,52196.0,MAFIC_VOLCANIC,0
7725.0,10775.0,435.0,52225.0,MAFIC_VOLCANIC,0
7775.0,10775.0,434.9,52240.0,MAFIC_VOLCANIC,0
7825.0,10775.0,434.8,52242.0,MAFIC_VOLCANIC,0
7875.0,10775.0,434.7,52236.0,MAFIC_VOLCANIC,0
7925.0,10775.0,434.5,52223.0,MAFIC_VOLCANIC,0
7975.0,10775.0,434.3,52206.0,MAFIC_VOLCANIC,0
8025.0,10775.0,434.1,52183.0,MAFIC_VOLCANIC,0
8075.0,10775.0,433.9,52154.0,MAFIC_VOLCANIC,0
8125.0,10775.0,433.7,52118.0,FELSIC_VOLCANIC,0
8175.0,10775.0,433.4,52072.0,FELSIC_VOLCANIC,0
8225.0,10775.0,433.0,52019.0,FELSIC_VOLCANIC,0
8275.0,10775.0,432.7,51960.0,FELSIC_VOLCANIC,0
8325.0,10775.0,432.3,51899.0,FELSIC_VOLCANIC,0
8375.0,10775.0,431.9,51839.0,FELSIC_VOLCANIC,0
8425.0,10775.0,431.4,51784.0,FELSIC_VOLCANIC,0
8475.0,10775.0,430.9,51735.0,MAFIC_VOLCANIC,0
8525.0,10775.0,430.4,51692.0,MAFIC_VOLCANIC,0
8575.0,10775.0,429.8,51656.0,MAFIC_VOLCANIC,0
8625.0,10775.0,429.1,51623.0,MAFIC_VOLCANIC,0
8675.0,10775.0,428.4,51594.0,MAFIC_VOLCANIC,0
8725.0,10775.0,427.7,51570.0,MAFIC_VOLCANIC,0
8775.0,10775.0,426.9,51551.0,MAFIC_VOLCANIC,0
8825.0,10775.0,426.0,51541.0,MAFIC_VOLCANIC,0
8875.0,10775.0,425.0,51543.0,MAFIC_VOLCANIC,0
8925.0,10775.0,424.1,51559.0,MAFIC_VOLCANIC,0
8975.0,10775.0,423.0,51590.0,MAFIC_VOLCANIC,0
3025.0,10825.0,426.2,52009.0,METASEDIMENT,0
3075.0,10825.0,421.9,51953.0,METASEDIMENT,0
3125.0,10825.0,417.7,51898.0,METASEDIMENT,0
3175.0,10825.0,413.5,51852.0,METASEDIMENT,0
3225.0,10825.0,409.5,51822.0,METASEDIMENT,0
3275.0,10825.0,405.5,51811.0,MAFIC_VOLCANIC,0
3325.0,10825.0,401.7,51819.0,MAFIC_VOLCANIC,0
3375.0,10825.0,398.1,51841.0,MAFIC_VOLCANIC,0
3425.0,10825.0,394.6,51868.0,MAFIC_VOLCANIC,0
3475.0,10825.0,391.3,51889.0,MAFIC_VOLCANIC,0
3525.0,10825.0,388.1,51895.0,FELSIC_VOLCANIC,0
3575.0,10825.0,385.1,51878.0,FELSIC_VOLCANIC,0
3625.0,10825.0,382.4,51837.0,FELSIC_VOLCANIC,0
3675.0,10825.0,379.8,51774.0,FELSIC_VOLCANIC,0
3725.0,10825.0,377.4,51699.0,FELSIC_VOLCANIC,0
3775.0,10825.0,375.3,51621.0,FELSIC_VOLCANIC,0
3825.0,10825.0,373.3,51555.0,FELSIC_VOLCANIC,0
3875.0,10825.0,371.6,51511.0,FELSIC_VOLCANIC,0
3925.0,10825.0,370.0,51498.0,FELSIC_VOLCANIC,0
3975.0,10825.0,368.7,51518.0,FELSIC_VOLCANIC,0
4025.0,10825.0,367.6,51570.0,FELSIC_VOLCANIC,0
4075.0,10825.0,366.6,51649.0,FELSIC_VOLCANIC,0
4125.0,10825.0,365.9,51745.0,FELSIC_VOLCANIC,0
4175.0,10825.0,365.4,51849.0,MAFIC_VOLCANIC,0
4225.0,10825.0,365.0,51951.0,MAFIC_VOLCANIC,0
4275.0,10825.0,364.8,52041.0,MAFIC_VOLCANIC,0
4325.0,10825.0,364.8,52114.0,MAFIC_VOLCANIC,0
4375.0,10825.0,365.0,52166.0,METASEDIMENT,0
4425.0,10825.0,365.3,52195.0,METASEDIMENT,0
4475.0,10825.0,365.7,52202.0,METASEDIMENT,0
4525.0,10825.0,366.3,52191.0,METASEDIMENT,0
4575.0,10825.0,366.9,52166.0,METASEDIMENT,0
4625.0,10825.0,367.8,52133.0,METASEDIMENT,0
4675.0,10825.0,368.7,52099.0,METASEDIMENT,0
4725.0,10825.0,369.7,52067.0,METASEDIMENT,0
4775.0,10825.0,370.8,52043.0,METASEDIMENT,0
4825.0,10825.0,372.0,52026.0,METASEDIMENT,1
4875.0,10825.0,373.2,52015.0,METASEDIMENT,1
4925.0,10825.0,374.6,52006.0,METASEDIMENT,1
4975.0,10825.0,376.0,51995.0,METASEDIMENT,1
5025.0,10825.0,377.4,51978.0,METASEDIMENT,1
5075.0,10825.0,378.9,51952.0,METASEDIMENT,1
5125.0,10825.0,380.4,51918.0,METASEDIMENT,1
5175.0,10825.0,382.0,51879.0,METASEDIMENT,1
5225.0,10825.0,383.6,51840.0,METASEDIMENT,1
5275.0,10825.0,385.2,51806.0,METASEDIMENT,1
5325.0,10825.0,386.8,51782.0,METASEDIMENT,1
5375.0,10825.0,388.5,51770.0,METASEDIMENT,1
5425.0,10825.0,390.2,51769.0,METASEDIMENT,1
5475.0,10825.0,391.9,51776.0,METASEDIMENT,1
5525.0,10825.0,393.6,51784.0,METASEDIMENT,1
5575.0,10825.0,395.3,51788.0,MAFIC_VOLCANIC,1
5625.0,10825.0,397.0,51783.0,MAFIC_VOLCANIC,1
5675.0,10825.0,398.7,51768.0,MAFIC_VOLCANIC,1
5725.0,10825.0,400.4,51743.0,MAFIC_VOLCANIC,1
5775.0,10825.0,402.0,51715.0,MAFIC_VOLCANIC,1
5825.0,10825.0,403.7,51688.0,MAFIC_VOLCANIC,1
5875.0,10825.0,405.4,51669.0,MAFIC_VOLCANIC,1
5925.0,10825.0,407.0,51663.0,MAFIC_VOLCANIC,1
5975.0,10825.0,408.6,51672.0,MAFIC_VOLCANIC,1
6025.0,10825.0,410.2,51698.0,MAFIC_VOLCANIC,1
6075.0,10825.0,411.8,51737.0,MAFIC_VOLCANIC,1
6125.0,10825.0,413.3,51785.0,MAFIC_VOLCANIC,1
6175.0,10825.0,414.9,51838.0,MAFIC_VOLCANIC,1
6225.0,10825.0,416.3,51893.0,MAFIC_VOLCANIC,1
6275.0,10825.0,417.8,51947.0,MAFIC_VOLCANIC,1
6325.0,10825.0,419.2,51997.0,MAFIC_VOLCANIC,1
6375.0,10825.0,420.6,52042.0,MAFIC_VOLCANIC,1
6425.0,10825.0,421.9,52084.0,MAFIC_VOLCANIC,1
6475.0,10825.0,423.2,52121.0,MAFIC_VOLCANIC,1
6525.0,10825.0,424.4,52154.0,MAFIC_VOLCANIC,1
6575.0,10825.0,425.6,52185.0,FELSIC_VOLCANIC,1
6625.0,10825.0,426.7,52214.0,FELSIC_VOLCANIC,1
6675.0,10825.0,427.8,52242.0,FELSIC_VOLCANIC,1
6725.0,10825.0,428.8,52270.0,FELSIC_VOLCANIC,1
6775.0,10825.0,429.8,52299.0,FELSIC_VOLCANIC,1
6825.0,10825.0,430.7,52326.0,FELSIC_VOLCANIC,1
6875.0,10825.0,431.6,52347.0,FELSIC_VOLCANIC,1
6925.0,10825.0,432.4,52360.0,GRANITE,1
6975.0,10825.0,433.1,52358.0,GRANITE,1
7025.0,10825.0,433.8,52337.0,GRANITE,1
7075.0,10825.0,434.5,52296.0,GRANITE,1
7125.0,10825.0,435.1,52236.0,GRANITE,0
7175.0,10825.0,435.6,52162.0,GRANITE,0
7225.0,10825.0,436.1,52084.0,GRANITE,0
7275.0,10825.0,436.5,52012.0,GRANITE,0
7325.0,10825.0,436.9,51955.0,FELSIC_VOLCANIC,0
7375.0,10825.0,437.3,51922.0,FELSIC_VOLCANIC,0
7425.0,10825.0,437.6,51917.0,FELSIC_VOLCANIC,0
7475.0,10825.0,437.8,51938.0,FELSIC_VOLCANIC,0
7525.0,10825.0,438.0,51979.0,FELSIC_VOLCANIC,0
7575.0,10825.0,438.2,52033.0,FELSIC_VOLCANIC,0
7625.0,10825.0,438.3,52089.0,FELSIC_VOLCANIC,0
7675.0,10825.0,438.4,52140.0,MAFIC_VOLCANIC,0
7725.0,10825.0,438.4,52179.0,MAFIC_VOLCANIC,0
7775.0,10825.0,438.5,52203.0,MAFIC_VOLCANIC,0
7825.0,10825.0,438.4,52214.0,MAFIC_VOLCANIC,0
7875.0,10825.0,438.4,52213.0,MAFIC_VOLCANIC,0
7925.0,10825.0,438.3,52204.0,MAFIC_VOLCANIC,0
7975.0,10825.0,438.1,52188.0,MAFIC_VOLCANIC,0
8025.0,10825.0,438.0,52168.0,MAFIC_VOLCANIC,0
8075.0,10825.0,437.8,52142.0,MAFIC_VOLCANIC,0
8125.0,10825.0,437.5,52110.0,MAFIC_VOLCANIC,0
8175.0,10825.0,437.2,52070.0,FELSIC_VOLCANIC,0
8225.0,10825.0,436.9,52023.0,FELSIC_VOLCANIC,0
8275.0,10825.0,436.5,51969.0,FELSIC_VOLCANIC,0
8325.0,10825.0,436.0,51911.0,FELSIC_VOLCANIC,0
8375.0,10825.0,435.6,51853.0,FELSIC_VOLCANIC,0
8425.0,10825.0,435.0,51797.0,FELSIC_VOLCANIC,0
8475.0,10825.0,434.4,51747.0,FELSIC_VOLCANIC,0
8525.0,10825.0,433.8,51702.0,MAFIC_VOLCANIC,0
8575.0,10825.0,433.1,51663.0,MAFIC_VOLCANIC,0
8625.0,10825.0,432.3,51628.0,MAFIC_VOLCANIC,0
8675.0,10825.0,431.5,51598.0,MAFIC_VOLCANIC,0
8725.0,10825.0,430.6,51572.0,MAFIC_VOLCANIC,0
8775.0,10825.0,429.7,51552.0,MAFIC_VOLCANIC,0
8825.0,10825.0,428.6,51541.0,MAFIC_VOLCANIC,0
8875.0,10825.0,427.5,51541.0,MAFIC_VOLCANIC,0
8925.0,10825.0,426.4,51555.0,MAFIC_VOLCANIC,0
8975.0,10825.0,425.2,51585.0,MAFIC_VOLCANIC,0
3025.0,10875.0,429.1,52041.0,METASEDIMENT,0
3075.0,10875.0,424.8,51987.0,METASEDIMENT,0
3125.0,10875.0,420.6,51929.0,METASEDIMENT,0
3175.0,10875.0,416.4,51877.0,METASEDIMENT,0
3225.0,10875.0,412.4,51837.0,METASEDIMENT,0
3275.0,10875.0,408.4,51815.0,MAFIC_VOLCANIC,0
3325.0,10875.0,404.6,51815.0,MAFIC_VOLCANIC,0
3375.0,10875.0,400.9,51832.0,MAFIC_VOLCANIC,0
3425.0,10875.0,397.4,51859.0,MAFIC_VOLCANIC,0
3475.0,10875.0,394.0,51887.0,MAFIC_VOLCANIC,0
3525.0,10875.0,390.8,51904.0,MAFIC_VOLCANIC,0
3575.0,10875.0,387.8,51901.0,FELSIC_VOLCANIC,0
3625.0,10875.0,384.9,51873.0,FELSIC_VOLCANIC,0
3675.0,10875.0,382.3,51821.0,FELSIC_VOLCANIC,0
3725.0,10875.0,379.8,51749.0,FELSIC_VOLCANIC,0
3775.0,10875.0,377.6,51669.0,FELSIC_VOLCANIC,0
3825.0,10875.0,375.6,51592.0,FELSIC_VOLCANIC,0
3875.0,10875.0,373.7,51532.0,FELSIC_VOLCANIC,0
3925.0,10875.0,372.1,51499.0,FELSIC_VOLCANIC,0
3975.0,10875.0,370.7,51498.0,FELSIC_VOLCANIC,0
4025.0,10875.0,369.4,51532.0,FELSIC_VOLCANIC,0
4075.0,10875.0,368.4,51595.0,FELSIC_VOLCANIC,0
4125.0,10875.0,367.5,51681.0,FELSIC_VOLCANIC,0
4175.0,10875.0,366.9,51780.0,MAFIC_VOLCANIC,0
4225.0,10875.0,366.4,51884.0,MAFIC_VOLCANIC,0
4275.0,10875.0,366.1,51981.0,MAFIC_VOLCANIC,0
4325.0,10875.0,365.9,52065.0,MAFIC_VOLCANIC,0
4375.0,10875.0,366.0,52131.0,METASEDIMENT,0
4425.0,10875.0,366.1,52175.0,METASEDIMENT,0
4475.0,10875.0,366.4,52197.0,METASEDIMENT,0
4525.0,10875.0,366.9,52199.0,METASEDIMENT,0
4575.0,10875.0,367.5,52186.0,METASEDIMENT,0
4625.0,10875.0,368.2,52161.0,METASEDIMENT,0
4675.0,10875.0,369.0,52131.0,METASEDIMENT,0
4725.0,10875.0,369.9,52102.0,METASEDIMENT,0
4775.0,10875.0,370.9,52077.0,METASEDIMENT,0
4825.0,10875.0,371.9,52057.0,METASEDIMENT,0
4875.0,10875.0,373.1,52044.0,METASEDIMENT,0
4925.0,10875.0,374.4,52033.0,METASEDIMENT,0
4975.0,10875.0,375.7,52020.0,METASEDIMENT,1
5025.0,10875.0,377.0,52002.0,METASEDIMENT,1
5075.0,10875.0,378.4,51975.0,METASEDIMENT,1
5125.0,10875.0,379.9,51940.0,METASEDIMENT,1
5175.0,10875.0,381.4,51898.0,METASEDIMENT,1
5225.0,10875.0,383.0,51854.0,METASEDIMENT,1
5275.0,10875.0,384.5,51814.0,METASEDIMENT,1
5325.0,10875.0,386.1,51784.0,METASEDIMENT,1
5375.0,10875.0,387.8,51767.0,METASEDIMENT,1
5425.0,10875.0,389.4,51763.0,METASEDIMENT,1
5475.0,10875.0,391.1,51769.0,METASEDIMENT,1
5525.0,10875.0,392.8,51780.0,METASEDIMENT,1
5575.0,10875.0,394.5,51790.0,METASEDIMENT,1
5625.0,10875.0,396.1,51792.0,MAFIC_VOLCANIC,1
5675.0,10875.0,397.9,51784.0,MAFIC_VOLCANIC,1
5725.0,10875.0,399.6,51765.0,MAFIC_VOLCANIC,1
5775.0,10875.0,401.3,51738.0,MAFIC_VOLCANIC,1
5825.0,10875.0,402.9,51710.0,MAFIC_VOLCANIC,1
5875.0,10875.0,404.6,51686.0,MAFIC_VOLCANIC,1
5925.0,10875.0,406.3,51673.0,MAFIC_VOLCANIC,1
5975.0,10875.0,408.0,51675.0,MAFIC_VOLCANIC,1
6025.0,10875.0,409.6,51694.0,MAFIC_VOLCANIC,1
6075.0,10875.0,411.2,51727.0,MAFIC_VOLCANIC,1
6125.0,10875.0,412.9,51772.0,MAFIC_VOLCANIC,1
6175.0,10875.0,414.4,51825.0,MAFIC_VOLCANIC,1
6225.0,10875.0,416.0,51881.0,MAFIC_VOLCANIC,1
6275.0,10875.0,417.5,51936.0,MAFIC_VOLCANIC,1
6325.0,10875.0,419.0,51989.0,MAFIC_VOLCANIC,1
6375.0,10875.0,420.5,52036.0,MAFIC_VOLCANIC,1
6425.0,10875.0,421.9,52079.0,MAFIC_VOLCANIC,1
6475.0,10875.0,423.3,52116.0,MAFIC_VOLCANIC,1
6525.0,10875.0,424.6,52149.0,MAFIC_VOLCANIC,1
6575.0,10875.0,425.9,52177.0,MAFIC_VOLCANIC,1
6625.0,10875.0,427.2,52204.0,FELSIC_VOLCANIC,1
6675.0,10875.0,428.4,52230.0,FELSIC_VOLCANIC,1
6725.0,10875.0,429.5,52256.0,FELSIC_VOLCANIC,1
6775.0,10875.0,430.6,52284.0,FELSIC_VOLCANIC,1
6825.0,10875.0,431.7,52312.0,FELSIC_VOLCANIC,0
6875.0,10875.0,432.7,52339.0,FELSIC_VOLCANIC,0
6925.0,10875.0,433.7,52359.0,FELSIC_VOLCANIC,0
6975.0,10875.0,434.6,52367.0,FELSIC_VOLCANIC,0
7025.0,10875.0,435.4,52358.0,FELSIC_VOLCANIC,0
7075.0,10875.0,436.2,52328.0,GRANITE,0
7125.0,10875.0,436.9,52277.0,FELSIC_VOLCANIC,0
7175.0,10875.0,437.6,52207.0,FELSIC_VOLCANIC,0
7225.0,10875.0,438.3,52126.0,FELSIC_VOLCANIC,0
7275.0,10875.0,438.8,52044.0,FELSIC_VOLCANIC,0
7325.0,10875.0,439.4,51972.0,FELSIC_VOLCANIC,0
7375.0,10875.0,439.9,51920.0,FELSIC_VOLCANIC,0
7425.0,10875.0,440.3,51894.0,FELSIC_VOLCANIC,0
7475.0,10875.0,440.7,51896.0,FELSIC_VOLCANIC,0
7525.0,10875.0,441.0,51924.0,FELSIC_VOLCANIC,0
7575.0,10875.0,441.3,51970.0,FELSIC_VOLCANIC,0
7625.0,10875.0,441.5,52025.0,FELSIC_VOLCANIC,0
7675.0,10875.0,441.7,52079.0,MAFIC_VOLCANIC,0
7725.0,10875.0,441.9,52126.0,MAFIC_VOLCANIC,0
7775.0,10875.0,442.0,52159.0,MAFIC_VOLCANIC,0
7825.0,10875.0,442.0,52178.0,MAFIC_VOLCANIC,0
7875.0,10875.0,442.0,52184.0,MAFIC_VOLCANIC,0
7925.0,10875.0,442.0,52180.0,MAFIC_VOLCANIC,0
7975.0,10875.0,441.9,52168.0,MAFIC_VOLCANIC,0
8025.0,10875.0,441.8,52150.0,MAFIC_VOLCANIC,0
8075.0,10875.0,441.6,52127.0,MAFIC_VOLCANIC,0
8125.0,10875.0,441.3,52098.0,MAFIC_VOLCANIC,0
8175.0,10875.0,441.0,52063.0,MAFIC_VOLCANIC,0
8225.0,10875.0,440.7,52022.0,FELSIC_VOLCANIC,0
8275.0,10875.0,440.2,51973.0,FELSIC_VOLCANIC,0
8325.0,10875.0,439.8,51921.0,FELSIC_VOLCANIC,0
8375.0,10875.0,439.2,51866.0,FELSIC_VOLCANIC,0
8425.0,10875.0,438.6,51811.0,FELSIC_VOLCANIC,0
8475.0,10875.0,437.9,51760.0,FELSIC_VOLCANIC,0
8525.0,10875.0,437.2,51714.0,FELSIC_VOLCANIC,0
8575.0,10875.0,436.4,51673.0,MAFIC_VOLCANIC,0
8625.0,10875.0,435.5,51637.0,MAFIC_VOLCANIC,0
8675.0,10875.0,434.6,51604.0,MAFIC_VOLCANIC,0
8725.0,10875.0,433.6,51577.0,MAFIC_VOLCANIC,0
8775.0,10875.0,432.5,51555.0,MAFIC_VOLCANIC,0
8825.0,10875.0,431.3,51542.0,MAFIC_VOLCANIC,0
8875.0,10875.0,430.1,51540.0,MAFIC_VOLCANIC,0
8925.0,10875.0,428.8,51551.0,MAFIC_VOLCANIC,0
8975.0,10875.0,427.4,51578.0,MAFIC_VOLCANIC,0
3025.0,10925.0,431.8,52069.0,METASEDIMENT,0
3075.0,10925.0,427.5,52019.0,METASEDIMENT,0
3125.0,10925.0,423.3,51961.0,METASEDIMENT,0
3175.0,10925.0,419.2,51903.0,METASEDIMENT,0
3225.0,10925.0,415.1,51855.0,METASEDIMENT,0
3275.0,10925.0,411.2,51823.0,METASEDIMENT,0
3325.0,10925.0,407.3,51812.0,MAFIC_VOLCANIC,0
3375.0,10925.0,403.6,51822.0,MAFIC_VOLCANIC,0
3425.0,10925.0,400.0,51848.0,MAFIC_VOLCANIC,0
3475.0,10925.0,396.6,51879.0,MAFIC_VOLCANIC,0
3525.0,10925.0,393.4,51906.0,MAFIC_VOLCANIC,0
3575.0,10925.0,390.3,51917.0,MAFIC_VOLCANIC,0
3625.0,10925.0,387.4,51904.0,FELSIC_VOLCANIC,0
3675.0,10925.0,384.7,51864.0,FELSIC_VOLCANIC,0
3725.0,10925.0,382.2,51801.0,FELSIC_VOLCANIC,0
3775.0,10925.0,379.8,51723.0,FELSIC_VOLCANIC,0
3825.0,10925.0,377.7,51641.0,FELSIC_VOLCANIC,0
3875.0,10925.0,375.8,51569.0,FELSIC_VOLCANIC,0
3925.0,10925.0,374.1,51518.0,FELSIC_VOLCANIC,0
3975.0,10925.0,372.5,51496.0,FELSIC_VOLCANIC,0
4025.0,10925.0,371.2,51509.0,FELSIC_VOLCANIC,0
4075.0,10925.0,370.0,51554.0,FELSIC_VOLCANIC,0
4125.0,10925.0,369.1,51626.0,FELSIC_VOLCANIC,0
4175.0,10925.0,368.3,51717.0,FELSIC_VOLCANIC,0
4225.0,10925.0,367.7,51818.0,MAFIC_VOLCANIC,0
4275.0,10925.0,367.3,51919.0,MAFIC_VOLCANIC,0
4325.0,10925.0,367.0,52011.0,MAFIC_VOLCANIC,0
4375.0,10925.0,366.9,52089.0,METASEDIMENT,0
4425.0,10925.0,367.0,52147.0,METASEDIMENT,0
4475.0,10925.0,367.2,52184.0,METASEDIMENT,0
4525.0,10925.0,367.5,52201.0,METASEDIMENT,0
4575.0,10925.0,368.0,52200.0,METASEDIMENT,0
4625.0,10925.0,368.6,52185.0,METASEDIMENT,0
4675.0,10925.0,369.3,52162.0,METASEDIMENT,0
4725.0,10925.0,370.1,52136.0,METASEDIMENT,0
4775.0,10925.0,371.0,52112.0,METASEDIMENT,0
4825.0,10925.0,372.0,52092.0,METASEDIMENT,0
4875.0,10925.0,373.0,52076.0,METASEDIMENT,0
4925.0,10925.0,374.2,52063.0,METASEDIMENT,0
4975.0,10925.0,375.4,52050.0,METASEDIMENT,0
5025.0,10925.0,376.7,52031.0,METASEDIMENT,0
5075.0,10925.0,378.1,52003.0,METASEDIMENT,0
5125.0,10925.0,379.5,51966.0,METASEDIMENT,0
5175.0,10925.0,380.9,51922.0,METASEDIMENT,0
5225.0,10925.0,382.4,51874.0,METASEDIMENT,0
5275.0,10925.0,384.0,51828.0,METASEDIMENT,0
5325.0,10925.0,385.5,51791.0,METASEDIMENT,0
5375.0,10925.0,387.1,51768.0,METASEDIMENT,0
5425.0,10925.0,388.7,51759.0,METASEDIMENT,0
5475.0,10925.0,390.4,51764.0,METASEDIMENT,0
5525.0,10925.0,392.1,51777.0,METASEDIMENT,0
5575.0,10925.0,393.8,51792.0,METASEDIMENT,0
5625.0,10925.0,395.4,51801.0,METASEDIMENT,0
5675.0,10925.0,397.2,51801.0,MAFIC_VOLCANIC,0
5725.0,10925.0,398.9,51788.0,MAFIC_VOLCANIC,0
5775.0,10925.0,400.6,51766.0,MAFIC_VOLCANIC,0
5825.0,10925.0,402.3,51738.0,MAFIC_VOLCANIC,0
5875.0,10925.0,404.0,51711.0,MAFIC_VOLCANIC,0
5925.0,10925.0,405.7,51693.0,MAFIC_VOLCANIC,0
5975.0,10925.0,407.4,51687.0,MAFIC_VOLCANIC,0
6025.0,10925.0,409.1,51698.0,MAFIC_VOLCANIC,0
6075.0,10925.0,410.8,51725.0,MAFIC_VOLCANIC,0
6125.0,10925.0,412.5,51766.0,MAFIC_VOLCANIC,0
6175.0,10925.0,414.1,51816.0,MAFIC_VOLCANIC,0
6225.0,10925.0,415.7,51872.0,MAFIC_VOLCANIC,0
6275.0,10925.0,417.3,51929.0,MAFIC_VOLCANIC,0
6325.0,10925.0,418.9,51983.0,MAFIC_VOLCANIC,0
6375.0,10925.0,420.5,52033.0,MAFIC_VOLCANIC,0
6425.0,10925.0,422.0,52077.0,MAFIC_VOLCANIC,0
6475.0,10925.0,423.4,52115.0,MAFIC_VOLCANIC,0
6525.0,10925.0,424.9,52146.0,MAFIC_VOLCANIC,0
6575.0,10925.0,426.3,52173.0,MAFIC_VOLCANIC,0
6625.0,10925.0,427.7,52197.0,MAFIC_VOLCANIC,0
6675.0,10925.0,429.0,52220.0,FELSIC_VOLCANIC,0
6725.0,10925.0,430.3,52243.0,FELSIC_VOLCANIC,0
6775.0,10925.0,431.5,52268.0,FELSIC_VOLCANIC,0
6825.0,10925.0,432.7,52296.0,FELSIC_VOLCANIC,0
6875.0,10925.0,433.8,52325.0,FELSIC_VOLCANIC,0
6925.0,10925.0,434.9,52352.0,FELSIC_VOLCANIC,0
6975.0,10925.0,436.0,52370.0,FELSIC_VOLCANIC,0
7025.0,10925.0,437.0,52373.0,FELSIC_VOLCANIC,0
7075.0,10925.0,437.9,52357.0,FELSIC_VOLCANIC,0
7125.0,10925.0,438.8,52318.0,FELSIC_VOLCANIC,0
7175.0,10925.0,439.6,52257.0,FELSIC_VOLCANIC,0
7225.0,10925.0,440.4,52179.0,FELSIC_VOLCANIC,0
7275.0,10925.0,441.1,52092.0,FELSIC_VOLCANIC,0
7325.0,10925.0,441.8,52008.0,FELSIC_VOLCANIC,0
7375.0,10925.0,442.4,51938.0,FELSIC_VOLCANIC,0
7425.0,10925.0,443.0,51892.0,FELSIC_VOLCANIC,0
7475.0,10925.0,443.5,51873.0,FELSIC_VOLCANIC,0
7525.0,10925.0,444.0,51883.0,FELSIC_VOLCANIC,0
7575.0,10925.0,444.4,51916.0,FELSIC_VOLCANIC,0
7625.0,10925.0,444.7,51964.0,MAFIC_VOLCANIC,0
7675.0,10925.0,445.0,52018.0,MAFIC_VOLCANIC,0
7725.0,10925.0,445.3,52068.0,MAFIC_VOLCANIC,0
7775.0,10925.0,445.5,52109.0,MAFIC_VOLCANIC,0
7825.0,10925.0,445.6,52137.0,MAFIC_VOLCANIC,0
7875.0,10925.0,445.7,52150.0,MAFIC_VOLCANIC,0
7925.0,10925.0,445.7,52152.0,MAFIC_VOLCANIC,0
7975.0,10925.0,445.6,52143.0,MAFIC_VOLCANIC,0
8025.0,10925.0,445.5,52129.0,MAFIC_VOLCANIC,0
8075.0,10925.0,445.3,52108.0,MAFIC_VOLCANIC,0
8125.0,10925.0,445.1,52083.0,MAFIC_VOLCANIC,0
8175.0,10925.0,444.8,52053.0,MAFIC_VOLCANIC,0
8225.0,10925.0,444.4,52016.0,MAFIC_VOLCANIC,0
8275.0,10925.0,444.0,51974.0,FELSIC_VOLCANIC,0
8325.0,10925.0,443.4,51927.0,FELSIC_VOLCANIC,0
8375.0,10925.0,442.9,51876.0,FELSIC_VOLCANIC,0
8425.0,10925.0,442.2,51825.0,FELSIC_VOLCANIC,0
8475.0,10925.0,441.4,51775.0,FELSIC_VOLCANIC,0
8525.0,10925.0,440.6,51729.0,FELSIC_VOLCANIC,0
8575.0,10925.0,439.7,51686.0,FELSIC_VOLCANIC,0
8625.0,10925.0,438.7,51648.0,MAFIC_VOLCANIC,0
8675.0,10925.0,437.7,51614.0,MAFIC_VOLCANIC,0
8725.0,10925.0,436.5,51585.0,MAFIC_VOLCANIC,0
8775.0,10925.0,435.3,51561.0,MAFIC_VOLCANIC,0
8825.0,10925.0,434.0,51546.0,MAFIC_VOLCANIC,0
8875.0,10925.0,432.6,51540.0,MAFIC_VOLCANIC,0
8925.0,10925.0,431.2,51549.0,MAFIC_VOLCANIC,0
8975.0,10925.0,429.6,51573.0,MAFIC_VOLCANIC,0
3025.0,10975.0,434.4,52090.0,METASEDIMENT,0
3075.0,10975.0,430.2,52046.0,METASEDIMENT,0
3125.0,10975.0,426.0,51990.0,METASEDIMENT,0
3175.0,10975.0,421.8,51931.0,METASEDIMENT,0
3225.0,10975.0,417.8,51876.0,METASEDIMENT,0
3275.0,10975.0,413.8,51834.0,METASEDIMENT,0
3325.0,10975.0,409.9,51813.0,MAFIC_VOLCANIC,0
3375.0,10975.0,406.2,51813.0,MAFIC_VOLCANIC,0
3425.0,10975.0,402.6,51834.0,MAFIC_VOLCANIC,0
3475.0,10975.0,399.2,51866.0,MAFIC_VOLCANIC,0
3525.0,10975.0,395.9,51899.0,MAFIC_VOLCANIC,0
3575.0,10975.0,392.7,51923.0,MAFIC_VOLCANIC,0
3625.0,10975.0,389.8,51925.0,FELSIC_VOLCANIC,0
3675.0,10975.0,387.0,51902.0,FELSIC_VOLCANIC,0
3725.0,10975.0,384.4,51852.0,FELSIC_VOLCANIC,0
3775.0,10975.0,382.0,51780.0,FELSIC_VOLCANIC,0
3825.0,10975.0,379.8,51698.0,FELSIC_VOLCANIC,0
3875.0,10975.0,377.8,51618.0,FELSIC_VOLCANIC,0
3925.0,10975.0,375.9,51552.0,FELSIC_VOLCANIC,0
3975.0,10975.0,374.3,51512.0,FELSIC_VOLCANIC,0
4025.0,10975.0,372.9,51504.0,FELSIC_VOLCANIC,0
4075.0,10975.0,371.6,51528.0,FELSIC_VOLCANIC,0
4125.0,10975.0,370.6,51584.0,FELSIC_VOLCANIC,0
4175.0,10975.0,369.7,51663.0,FELSIC_VOLCANIC,0
4225.0,10975.0,369.0,51758.0,MAFIC_VOLCANIC,0
4275.0,10975.0,368.4,51858.0,MAFIC_VOLCANIC,0
4325.0,10975.0,368.1,51956.0,MAFIC_VOLCANIC,0
4375.0,10975.0,367.9,52042.0,MAFIC_VOLCANIC,0
4425.0,10975.0,367.8,52113.0,METASEDIMENT,0
4475.0,10975.0,367.9,52164.0,METASEDIMENT,0
4525.0,10975.0,368.1,52195.0,METASEDIMENT,0
4575.0,10975.0,368.5,52207.0,METASEDIMENT,0
4625.0,10975.0,369.0,52204.0,METASEDIMENT,0
4675.0,10975.0,369.6,52189.0,METASEDIMENT,0
4725.0,10975.0,370.3,52169.0,METASEDIMENT,0
4775.0,10975.0,371.1,52147.0,METASEDIMENT,0
4825.0,10975.0,372.0,52128.0,METASEDIMENT,0
4875.0,10975.0,373.0,52111.0,METASEDIMENT,0
4925.0,10975.0,374.1,52097.0,METASEDIMENT,0
4975.0,10975.0,375.2,52082.0,METASEDIMENT,0
5025.0,10975.0,376.5,52063.0,METASEDIMENT,0
5075.0,10975.0,377.8,52035.0,METASEDIMENT,0
5125.0,10975.0,379.1,51998.0,METASEDIMENT,0
5175.0,10975.0,380.5,51951.0,METASEDIMENT,0
5225.0,10975.0,382.0,51899.0,METASEDIMENT,0
5275.0,10975.0,383.5,51848.0,METASEDIMENT,0
5325.0,10975.0,385.0,51804.0,METASEDIMENT,0
5375.0,10975.0,386.6,51774.0,METASEDIMENT,0
5425.0,10975.0,388.2,51759.0,METASEDIMENT,0
5475.0,10975.0,389.8,51761.0,METASEDIMENT,0
5525.0,10975.0,391.5,51774.0,METASEDIMENT,0
5575.0,10975.0,393.2,51793.0,METASEDIMENT,0
5625.0,10975.0,394.9,51810.0,METASEDIMENT,0
5675.0,10975.0,396.6,51818.0,MAFIC_VOLCANIC,0
5725.0,10975.0,398.3,51813.0,MAFIC_VOLCANIC,0
5775.0,10975.0,400.0,51797.0,MAFIC_VOLCANIC,0
5825.0,10975.0,401.8,51772.0,MAFIC_VOLCANIC,0
5875.0,10975.0,403.5,51744.0,MAFIC_VOLCANIC,0
5925.0,10975.0,405.3,51721.0,MAFIC_VOLCANIC,0
5975.0,10975.0,407.0,51709.0,MAFIC_VOLCANIC,0
6025.0,10975.0,408.7,51711.0,MAFIC_VOLCANIC,0
6075.0,10975.0,410.5,51731.0,MAFIC_VOLCANIC,0
6125.0,10975.0,412.2,51766.0,MAFIC_VOLCANIC,0
6175.0,10975.0,413.9,51812.0,MAFIC_VOLCANIC,0
6225.0,10975.0,415.6,51867.0,MAFIC_VOLCANIC,0
6275.0,10975.0,417.3,51924.0,MAFIC_VOLCANIC,0
6325.0,10975.0,418.9,51980.0,MAFIC_VOLCANIC,0
6375.0,10975.0,420.5,52032.0,MAFIC_VOLCANIC,0
6425.0,10975.0,422.1,52078.0,MAFIC_VOLCANIC,0
6475.0,10975.0,423.7,52116.0,MAFIC_VOLCANIC,0
6525.0,10975.0,425.2,52148.0,MAFIC_VOLCANIC,0
6575.0,10975.0,426.7,52173.0,MAFIC_VOLCANIC,0
6625.0,10975.0,428.2,52194.0,MAFIC_VOLCANIC,0
6675.0,10975.0,429.7,52213.0,MAFIC_VOLCANIC,0
6725.0,10975.0,431.0,52232.0,MAFIC_VOLCANIC,0
6775.0,10975.0,432.4,52254.0,FELSIC_VOLCANIC,0
6825.0,10975.0,433.7,52279.0,FELSIC_VOLCANIC,0
6875.0,10975.0,435.0,52309.0,FELSIC_VOLCANIC,0
6925.0,10975.0,436.2,52339.0,FELSIC_VOLCANIC,0
6975.0,10975.0,437.4,52365.0,FELSIC_VOLCANIC,0
7025.0,10975.0,438.5,52381.0,FELSIC_VOLCANIC,0
7075.0,10975.0,439.6,52379.0,FELSIC_VOLCANIC,0
7125.0,10975.0,440.6,52355.0,FELSIC_VOLCANIC,0
7175.0,10975.0,441.6,52306.0,FELSIC_VOLCANIC,0
7225.0,10975.0,442.5,52236.0,FELSIC_VOLCANIC,0
7275.0,10975.0,443.4,52150.0,FELSIC_VOLCANIC,0
7325.0,10975.0,444.2,52060.0,FELSIC_VOLCANIC,0
7375.0,10975.0,445.0,51977.0,FELSIC_VOLCANIC,0
7425.0,10975.0,445.7,51911.0,FELSIC_VOLCANIC,0
7475.0,10975.0,446.3,51871.0,FELSIC_VOLCANIC,0
7525.0,10975.0,446.9,51860.0,FELSIC_VOLCANIC,0
7575.0,10975.0,447.4,51875.0,FELSIC_VOLCANIC,0
7625.0,10975.0,447.9,51912.0,MAFIC_VOLCANIC,0
7675.0,10975.0,448.3,51960.0,MAFIC_VOLCANIC,0
7725.0,10975.0,448.6,52011.0,MAFIC_VOLCANIC,0
7775.0,10975.0,448.9,52056.0,MAFIC_VOLCANIC,0
7825.0,10975.0,449.1,52091.0,MAFIC_VOLCANIC,0
7875.0,10975.0,449.3,52112.0,MAFIC_VOLCANIC,0
7925.0,10975.0,449.3,52119.0,MAFIC_VOLCANIC,0
7975.0,10975.0,449.3,52116.0,MAFIC_VOLCANIC,0
8025.0,10975.0,449.2,52105.0,MAFIC_VOLCANIC,0
8075.0,10975.0,449.1,52088.0,MAFIC_VOLCANIC,0
8125.0,10975.0,448.8,52065.0,MAFIC_VOLCANIC,0
8175.0,10975.0,448.5,52039.0,MAFIC_VOLCANIC,0
8225.0,10975.0,448.1,52007.0,MAFIC_VOLCANIC,0
8275.0,10975.0,447.7,51971.0,MAFIC_VOLCANIC,0
8325.0,10975.0,447.1,51929.0,FELSIC_VOLCANIC,0
8375.0,10975.0,446.5,51884.0,FELSIC_VOLCANIC,0
8425.0,10975.0,445.7,51837.0,FELSIC_VOLCANIC,0
8475.0,10975.0,444.9,51790.0,FELSIC_VOLCANIC,0
8525.0,10975.0,444.0,51745.0,FELSIC_VOLCANIC,0
8575.0,10975.0,443.0,51703.0,FELSIC_VOLCANIC,0
8625.0,10975.0,441.9,51663.0,FELSIC_VOLCANIC,0
8675.0,10975.0,440.7,51628.0,FELSIC_VOLCANIC,0
8725.0,10975.0,439.5,51596.0,MAFIC_VOLCANIC,0
8775.0,10975.0,438.1,51571.0,MAFIC_VOLCANIC,0
8825.0,10975.0,436.7,51552.0,MAFIC_VOLCANIC,0
8875.0,10975.0,435.2,51544.0,MAFIC_VOLCANIC,0
8925.0,10975.0,433.6,51549.0,MAFIC_VOLCANIC,0
8975.0,10975.0,431.9,51569.0,MAFIC_VOLCANIC,0
