X,Y,TWT_MS,AI_NORM
0.0,0.0,3439.4,1.986
80.0,0.0,3438.8,2.399
160.0,0.0,3438.5,2.032
240.0,0.0,3434.5,2.572
320.0,0.0,3435.5,2.453
400.0,0.0,3432.7,2.761
480.0,0.0,3432.7,2.114
560.0,0.0,3432.1,2.09
640.0,0.0,3435.5,2.058
720.0,0.0,3432.8,1.705
800.0,0.0,3432.9,1.675
880.0,0.0,3434.4,0.758
960.0,0.0,3437.4,1.184
1040.0,0.0,3440.6,0.613
1120.0,0.0,3438.3,0.371
1200.0,0.0,3442.2,0.485
1280.0,0.0,3442.8,0.384
1360.0,0.0,3444.7,0.186
1440.0,0.0,3443.5,-0.071
1520.0,0.0,3451.5,0.073
1600.0,0.0,3455.4,-0.004
1680.0,0.0,3453.4,-0.377
1760.0,0.0,3458.3,-0.479
1840.0,0.0,3458.2,-0.777
1920.0,0.0,3464.3,-1.072
2000.0,0.0,3471.0,-1.485
2080.0,0.0,3471.0,-1.669
2160.0,0.0,3470.3,-1.853
2240.0,0.0,3479.7,-2.397
2320.0,0.0,3482.1,-1.627
2400.0,0.0,3490.0,-2.241
2480.0,0.0,3489.9,-2.065
2560.0,0.0,3496.8,-1.866
2640.0,0.0,3497.2,-1.9
2720.0,0.0,3506.2,-1.922
2800.0,0.0,3507.8,-2.155
2880.0,0.0,3512.7,-1.858
2960.0,0.0,3515.4,-1.993
3040.0,0.0,3517.9,-1.706
3120.0,0.0,3512.4,-1.538
3200.0,0.0,3526.2,-1.795
3280.0,0.0,3524.1,-1.104
3360.0,0.0,3528.3,-1.316
3440.0,0.0,3533.2,-1.282
3520.0,0.0,3537.5,-0.804
3600.0,0.0,3539.2,-0.718
3680.0,0.0,3532.9,-0.423
3760.0,0.0,3538.6,-0.565
3840.0,0.0,3541.7,-0.086
3920.0,0.0,3545.7,-0.613
4000.0,0.0,3546.7,-0.331
4080.0,0.0,3546.5,0.174
4160.0,0.0,3545.9,0.068
4240.0,0.0,3547.2,-0.229
4320.0,0.0,3548.5,0.416
4400.0,0.0,3544.0,0.535
4480.0,0.0,3547.1,0.817
4560.0,0.0,3553.0,1.145
4640.0,0.0,3545.6,1.079
4720.0,0.0,3549.7,0.979
4800.0,0.0,3552.4,1.439
4880.0,0.0,3549.7,1.44
4960.0,0.0,3545.4,1.563
5040.0,0.0,3547.4,1.291
5120.0,0.0,3545.6,1.239
5200.0,0.0,3539.7,1.792
5280.0,0.0,3547.0,1.588
5360.0,0.0,3546.8,1.611
5440.0,0.0,3538.1,1.174
5520.0,0.0,3535.6,1.476
5600.0,0.0,3537.3,1.547
5680.0,0.0,3533.7,1.247
5760.0,0.0,3531.5,0.861
5840.0,0.0,3537.2,1.015
5920.0,0.0,3533.2,0.847
6000.0,0.0,3533.3,0.719
6080.0,0.0,3529.9,0.595
6160.0,0.0,3526.1,0.616
6240.0,0.0,3526.6,0.298
6320.0,0.0,3528.2,-0.398
6400.0,0.0,3528.1,-0.076
6480.0,0.0,3527.2,-0.842
6560.0,0.0,3528.6,-0.617
6640.0,0.0,3523.6,-1.114
6720.0,0.0,3522.7,-1.442
6800.0,0.0,3522.9,-1.515
6880.0,0.0,3524.7,-1.728
6960.0,0.0,3520.4,-1.115
7040.0,0.0,3524.0,-1.618
7120.0,0.0,3518.4,-1.864
7200.0,0.0,3521.9,-2.076
7280.0,0.0,3518.1,-2.085
7360.0,0.0,3522.5,-2.357
7440.0,0.0,3524.0,-2.272
7520.0,0.0,3522.9,-2.075
7600.0,0.0,3519.8,-2.182
7680.0,0.0,3519.1,-2.182
7760.0,0.0,3521.4,-1.578
7840.0,0.0,3522.0,-1.694
7920.0,0.0,3528.2,-1.467
8000.0,0.0,3518.4,-1.913
8080.0,0.0,3521.1,-1.218
8160.0,0.0,3527.7,-1.544
8240.0,0.0,3524.9,-1.884
8320.0,0.0,3525.4,-1.492
8400.0,0.0,3529.1,-1.534
8480.0,0.0,3529.4,-0.876
8560.0,0.0,3531.7,-1.031
8640.0,0.0,3530.0,-0.382
8720.0,0.0,3530.5,-0.441
8800.0,0.0,3531.4,-0.567
8880.0,0.0,3537.9,-0.249
8960.0,0.0,3536.7,0.267
9040.0,0.0,3531.3,-0.36
9120.0,0.0,3535.0,-0.229
9200.0,0.0,3535.9,-0.107
9280.0,0.0,3539.0,-0.291
9360.0,0.0,3541.1,-0.539
9440.0,0.0,3543.3,-0.378
9520.0,0.0,3542.1,-0.13
9600.0,0.0,3543.6,-0.494
9680.0,0.0,3548.4,-0.77
9760.0,0.0,3549.5,-0.402
9840.0,0.0,3545.7,0.078
9920.0,0.0,3547.7,-0.289
10000.0,0.0,3548.0,-0.503
10080.0,0.0,3548.2,-0.922
10160.0,0.0,3545.9,-0.244
10240.0,0.0,3547.8,-0.479
10320.0,0.0,3550.7,-0.94
10400.0,0.0,3550.7,-1.075
0.0,80.0,3434.0,2.361
80.0,80.0,3437.9,2.287
160.0,80.0,3436.8,2.825
240.0,80.0,3429.1,2.434
320.0,80.0,3427.8,2.715
400.0,80.0,3436.7,2.476
480.0,80.0,3433.0,2.306
560.0,80.0,3436.8,2.255
640.0,80.0,3434.3,1.641
720.0,80.0,3429.8,1.618
800.0,80.0,3435.5,2.031
880.0,80.0,3437.6,1.38
960.0,80.0,3437.1,1.681
1040.0,80.0,3438.3,1.372
1120.0,80.0,3437.0,0.969
1200.0,80.0,3443.4,0.589
1280.0,80.0,3441.0,0.456
1360.0,80.0,3447.3,0.202
1440.0,80.0,3448.6,-0.203
1520.0,80.0,3450.6,-0.187
1600.0,80.0,3453.5,0.259
1680.0,80.0,3457.5,-0.248
1760.0,80.0,3454.1,-0.311
1840.0,80.0,3462.7,-0.788
1920.0,80.0,3463.0,-0.897
2000.0,80.0,3471.4,-1.117
2080.0,80.0,3473.5,-1.504
2160.0,80.0,3477.7,-1.534
2240.0,80.0,3473.7,-1.736
2320.0,80.0,3486.0,-1.805
2400.0,80.0,3491.7,-2.028
2480.0,80.0,3491.1,-2.008
2560.0,80.0,3492.5,-1.537
2640.0,80.0,3500.3,-1.804
2720.0,80.0,3501.5,-2.209
2800.0,80.0,3505.6,-1.84
2880.0,80.0,3511.3,-2.026
2960.0,80.0,3507.3,-2.033
3040.0,80.0,3521.3,-1.563
3120.0,80.0,3515.4,-1.412
3200.0,80.0,3525.6,-1.741
3280.0,80.0,3529.5,-1.103
3360.0,80.0,3530.0,-1.184
3440.0,80.0,3530.8,-0.89
3520.0,80.0,3530.8,-1.216
3600.0,80.0,3540.3,-0.448
3680.0,80.0,3540.1,-0.483
3760.0,80.0,3544.7,-0.594
3840.0,80.0,3547.3,-0.17
3920.0,80.0,3548.4,-0.784
4000.0,80.0,3546.2,-0.422
4080.0,80.0,3546.2,0.17
4160.0,80.0,3551.9,-0.143
4240.0,80.0,3551.0,0.382
4320.0,80.0,3547.4,0.906
4400.0,80.0,3546.9,0.717
4480.0,80.0,3544.3,0.621
4560.0,80.0,3548.1,1.132
4640.0,80.0,3549.0,1.013
4720.0,80.0,3550.0,1.111
4800.0,80.0,3546.9,1.45
4880.0,80.0,3551.2,1.425
4960.0,80.0,3547.8,1.699
5040.0,80.0,3546.0,0.967
5120.0,80.0,3547.5,1.263
5200.0,80.0,3540.2,1.311
5280.0,80.0,3533.3,1.658
5360.0,80.0,3544.2,1.429
5440.0,80.0,3538.5,1.097
5520.0,80.0,3538.5,1.643
5600.0,80.0,3534.5,1.218
5680.0,80.0,3534.1,1.573
5760.0,80.0,3537.0,1.442
5840.0,80.0,3537.8,1.357
5920.0,80.0,3532.5,0.928
6000.0,80.0,3528.3,1.015
6080.0,80.0,3538.1,0.735
6160.0,80.0,3525.4,0.297
6240.0,80.0,3531.9,0.562
6320.0,80.0,3524.3,0.461
6400.0,80.0,3527.8,-0.341
6480.0,80.0,3526.8,-1.037
6560.0,80.0,3519.0,-0.34
6640.0,80.0,3521.8,-0.908
6720.0,80.0,3521.3,-1.774
6800.0,80.0,3524.6,-1.053
6880.0,80.0,3515.8,-1.159
6960.0,80.0,3518.9,-1.523
7040.0,80.0,3524.3,-1.994
7120.0,80.0,3518.0,-1.924
7200.0,80.0,3518.1,-1.866
7280.0,80.0,3514.2,-2.203
7360.0,80.0,3518.2,-1.861
7440.0,80.0,3517.9,-2.078
7520.0,80.0,3522.6,-2.078
7600.0,80.0,3521.1,-1.789
7680.0,80.0,3521.9,-1.889
7760.0,80.0,3522.4,-1.673
7840.0,80.0,3522.1,-1.662
7920.0,80.0,3523.1,-1.433
8000.0,80.0,3525.0,-2.055
8080.0,80.0,3519.4,-1.731
8160.0,80.0,3522.9,-1.816
8240.0,80.0,3521.6,-2.267
8320.0,80.0,3526.8,-1.511
8400.0,80.0,3527.4,-1.386
8480.0,80.0,3524.1,-1.031
8560.0,80.0,3531.2,-0.668
8640.0,80.0,3528.7,-0.312
8720.0,80.0,3526.5,-0.193
8800.0,80.0,3530.0,0.256
8880.0,80.0,3531.4,0.351
8960.0,80.0,3539.2,-0.101
9040.0,80.0,3534.5,0.077
9120.0,80.0,3526.5,-0.213
9200.0,80.0,3539.6,-0.368
9280.0,80.0,3539.7,-0.406
9360.0,80.0,3542.9,-0.776
9440.0,80.0,3547.0,-0.208
9520.0,80.0,3541.0,-0.274
9600.0,80.0,3545.2,-0.57
9680.0,80.0,3541.2,-0.703
9760.0,80.0,3542.7,-0.595
9840.0,80.0,3544.8,-0.644
9920.0,80.0,3551.7,-0.611
10000.0,80.0,3550.1,0.117
10080.0,80.0,3547.4,-0.399
10160.0,80.0,3550.4,-0.591
10240.0,80.0,3546.6,-0.004
10320.0,80.0,3553.5,-0.861
10400.0,80.0,3556.0,-0.975
0.0,160.0,3437.5,2.708
80.0,160.0,3437.6,2.761
160.0,160.0,3430.7,3.105
240.0,160.0,3434.5,3.046
320.0,160.0,3429.1,2.768
400.0,160.0,3431.5,2.777
480.0,160.0,3432.6,2.392
560.0,160.0,3432.9,2.631
640.0,160.0,3432.1,2.05
720.0,160.0,3433.2,2.053
800.0,160.0,3431.3,1.894
880.0,160.0,3427.6,1.62
960.0,160.0,3442.8,1.054
1040.0,160.0,3432.4,1.559
1120.0,160.0,3436.0,1.106
1200.0,160.0,3438.0,1.132
1280.0,160.0,3441.4,0.66
1360.0,160.0,3442.2,0.798
1440.0,160.0,3449.8,0.552
1520.0,160.0,3455.1,0.208
1600.0,160.0,3449.0,0.076
1680.0,160.0,3455.6,0.287
1760.0,160.0,3463.5,-0.086
1840.0,160.0,3464.5,-0.858
1920.0,160.0,3464.2,-1.121
2000.0,160.0,3463.1,-1.072
2080.0,160.0,3467.7,-1.064
2160.0,160.0,3475.4,-1.547
2240.0,160.0,3479.0,-1.756
2320.0,160.0,3480.9,-1.391
2400.0,160.0,3484.6,-1.291
2480.0,160.0,3481.0,-1.575
2560.0,160.0,3492.1,-1.573
2640.0,160.0,3494.3,-1.792
2720.0,160.0,3499.3,-1.863
2800.0,160.0,3509.2,-2.016
2880.0,160.0,3510.5,-1.618
2960.0,160.0,3512.1,-1.475
3040.0,160.0,3514.9,-1.434
3120.0,160.0,3514.4,-1.637
3200.0,160.0,3518.9,-1.801
3280.0,160.0,3520.2,-1.418
3360.0,160.0,3528.6,-1.176
3440.0,160.0,3534.8,-1.007
3520.0,160.0,3533.2,-1.166
3600.0,160.0,3536.7,-1.099
3680.0,160.0,3535.4,-1.161
3760.0,160.0,3544.1,-0.775
3840.0,160.0,3540.3,-0.639
3920.0,160.0,3547.0,-0.78
4000.0,160.0,3544.7,-0.228
4080.0,160.0,3545.2,-0.107
4160.0,160.0,3543.4,0.126
4240.0,160.0,3550.9,0.14
4320.0,160.0,3550.9,0.52
4400.0,160.0,3551.3,0.561
4480.0,160.0,3548.1,0.627
4560.0,160.0,3545.2,0.807
4640.0,160.0,3545.9,1.258
4720.0,160.0,3538.2,0.913
4800.0,160.0,3545.6,1.109
4880.0,160.0,3543.2,1.043
4960.0,160.0,3541.9,0.946
5040.0,160.0,3540.4,1.238
5120.0,160.0,3540.3,1.255
5200.0,160.0,3539.7,1.537
5280.0,160.0,3543.0,1.201
5360.0,160.0,3539.7,1.6
5440.0,160.0,3540.3,1.448
5520.0,160.0,3543.3,1.299
5600.0,160.0,3537.3,1.415
5680.0,160.0,3527.0,1.711
5760.0,160.0,3531.1,1.109
5840.0,160.0,3532.5,0.903
5920.0,160.0,3529.9,1.1
6000.0,160.0,3525.5,1.008
6080.0,160.0,3527.7,0.727
6160.0,160.0,3522.6,0.315
6240.0,160.0,3526.6,0.462
6320.0,160.0,3520.0,0.638
6400.0,160.0,3519.8,0.068
6480.0,160.0,3522.6,-0.962
6560.0,160.0,3525.7,-0.966
6640.0,160.0,3523.6,-0.85
6720.0,160.0,3519.9,-1.19
6800.0,160.0,3517.7,-1.875
6880.0,160.0,3520.0,-0.94
6960.0,160.0,3518.3,-1.776
7040.0,160.0,3518.9,-1.641
7120.0,160.0,3517.7,-1.676
7200.0,160.0,3516.7,-1.935
7280.0,160.0,3520.4,-1.965
7360.0,160.0,3514.1,-1.878
7440.0,160.0,3515.8,-2.197
7520.0,160.0,3514.2,-2.133
7600.0,160.0,3519.1,-2.13
7680.0,160.0,3515.9,-1.562
7760.0,160.0,3516.7,-1.941
7840.0,160.0,3515.3,-2.008
7920.0,160.0,3521.6,-1.955
8000.0,160.0,3518.6,-1.866
8080.0,160.0,3520.0,-1.781
8160.0,160.0,3516.3,-1.387
8240.0,160.0,3519.6,-1.667
8320.0,160.0,3522.1,-1.185
8400.0,160.0,3526.9,-1.148
8480.0,160.0,3525.5,-1.244
8560.0,160.0,3523.3,-0.691
8640.0,160.0,3526.4,-0.455
8720.0,160.0,3524.1,-0.035
8800.0,160.0,3533.2,0.144
8880.0,160.0,3533.4,0.344
8960.0,160.0,3527.6,0.205
9040.0,160.0,3534.7,-0.022
9120.0,160.0,3533.6,0.306
9200.0,160.0,3531.1,-0.014
9280.0,160.0,3536.7,-0.212
9360.0,160.0,3536.2,-0.558
9440.0,160.0,3547.9,-0.633
9520.0,160.0,3534.7,-0.491
9600.0,160.0,3538.4,-0.259
9680.0,160.0,3543.4,-0.575
9760.0,160.0,3541.6,-0.679
9840.0,160.0,3538.7,-0.347
9920.0,160.0,3547.5,-0.34
10000.0,160.0,3553.7,-0.224
10080.0,160.0,3547.9,-0.373
10160.0,160.0,3546.1,-0.475
10240.0,160.0,3541.7,-0.343
10320.0,160.0,3547.8,-1.027
10400.0,160.0,3548.6,-1.0
0.0,240.0,3431.3,2.764
80.0,240.0,3436.6,2.557
160.0,240.0,3429.2,2.309
240.0,240.0,3428.9,3.039
320.0,240.0,3435.7,2.739
400.0,240.0,3428.1,2.191
480.0,240.0,3430.3,3.021
560.0,240.0,3429.1,2.85
640.0,240.0,3434.4,2.97
720.0,240.0,3434.0,2.319
800.0,240.0,3429.6,1.792
880.0,240.0,3433.0,1.278
960.0,240.0,3433.4,1.752
1040.0,240.0,3438.1,1.417
1120.0,240.0,3438.2,1.211
1200.0,240.0,3434.6,1.114
1280.0,240.0,3436.3,1.179
1360.0,240.0,3440.7,0.161
1440.0,240.0,3442.5,0.392
1520.0,240.0,3448.0,0.443
1600.0,240.0,3446.7,0.433
1680.0,240.0,3455.1,-0.212
1760.0,240.0,3451.2,-0.075
1840.0,240.0,3459.2,-0.533
1920.0,240.0,3461.5,-0.697
2000.0,240.0,3467.5,-0.783
2080.0,240.0,3463.2,-0.801
2160.0,240.0,3472.3,-1.158
2240.0,240.0,3472.5,-1.745
2320.0,240.0,3481.6,-1.339
2400.0,240.0,3483.6,-1.063
2480.0,240.0,3485.5,-1.526
2560.0,240.0,3494.5,-1.247
2640.0,240.0,3495.4,-1.415
2720.0,240.0,3496.9,-1.441
2800.0,240.0,3502.9,-1.479
2880.0,240.0,3509.1,-1.239
2960.0,240.0,3506.5,-2.168
3040.0,240.0,3511.1,-2.3
3120.0,240.0,3521.3,-1.666
3200.0,240.0,3521.3,-1.483
3280.0,240.0,3525.5,-1.451
3360.0,240.0,3525.2,-1.341
3440.0,240.0,3525.0,-1.362
3520.0,240.0,3529.2,-1.13
3600.0,240.0,3534.6,-0.982
3680.0,240.0,3535.0,-1.005
3760.0,240.0,3537.8,-1.249
3840.0,240.0,3543.2,-1.319
3920.0,240.0,3540.7,-1.084
4000.0,240.0,3544.0,-0.958
4080.0,240.0,3547.1,-0.513
4160.0,240.0,3543.1,-0.533
4240.0,240.0,3548.5,-0.283
4320.0,240.0,3540.8,0.138
4400.0,240.0,3538.3,-0.026
4480.0,240.0,3552.2,0.398
4560.0,240.0,3547.2,0.978
4640.0,240.0,3548.7,0.769
4720.0,240.0,3548.0,0.752
4800.0,240.0,3543.1,0.915
4880.0,240.0,3542.2,0.997
4960.0,240.0,3544.8,0.898
5040.0,240.0,3544.7,1.049
5120.0,240.0,3540.6,1.263
5200.0,240.0,3543.4,1.424
5280.0,240.0,3546.4,1.479
5360.0,240.0,3541.0,1.469
5440.0,240.0,3536.4,1.247
5520.0,240.0,3534.6,1.163
5600.0,240.0,3529.8,1.59
5680.0,240.0,3536.7,1.489
5760.0,240.0,3532.2,1.201
5840.0,240.0,3523.8,0.798
5920.0,240.0,3530.5,0.485
6000.0,240.0,3523.5,0.606
6080.0,240.0,3528.0,0.484
6160.0,240.0,3534.8,0.764
6240.0,240.0,3524.6,0.6
6320.0,240.0,3526.0,-0.033
6400.0,240.0,3524.4,-0.078
6480.0,240.0,3521.7,-0.506
6560.0,240.0,3522.3,-0.771
6640.0,240.0,3522.2,-0.701
6720.0,240.0,3518.7,-0.634
6800.0,240.0,3514.0,-1.263
6880.0,240.0,3523.6,-1.132
6960.0,240.0,3513.3,-0.882
7040.0,240.0,3513.8,-1.266
7120.0,240.0,3509.9,-1.738
7200.0,240.0,3517.9,-1.64
7280.0,240.0,3516.0,-1.982
7360.0,240.0,3513.2,-1.845
7440.0,240.0,3518.6,-2.253
7520.0,240.0,3515.1,-1.889
7600.0,240.0,3517.4,-1.701
7680.0,240.0,3519.4,-1.876
7760.0,240.0,3520.3,-1.746
7840.0,240.0,3512.1,-1.893
7920.0,240.0,3515.2,-1.831
8000.0,240.0,3512.6,-2.128
8080.0,240.0,3519.7,-1.771
8160.0,240.0,3521.5,-1.493
8240.0,240.0,3524.8,-1.448
8320.0,240.0,3516.4,-1.472
8400.0,240.0,3518.1,-0.827
8480.0,240.0,3524.4,-0.795
8560.0,240.0,3527.3,-0.958
8640.0,240.0,3529.4,-0.541
8720.0,240.0,3521.6,0.163
8800.0,240.0,3519.9,-0.551
8880.0,240.0,3527.9,0.047
8960.0,240.0,3527.0,-0.068
9040.0,240.0,3531.1,-0.249
9120.0,240.0,3535.1,0.112
9200.0,240.0,3537.2,0.123
9280.0,240.0,3537.1,-0.067
9360.0,240.0,3535.7,-0.267
9440.0,240.0,3539.2,-0.087
9520.0,240.0,3538.9,-0.497
9600.0,240.0,3540.9,-0.54
9680.0,240.0,3534.6,-0.844
9760.0,240.0,3540.2,-0.605
9840.0,240.0,3542.5,-0.562
9920.0,240.0,3538.5,-0.584
10000.0,240.0,3543.6,-0.261
10080.0,240.0,3543.0,-0.177
10160.0,240.0,3544.4,-0.576
10240.0,240.0,3552.7,-0.47
10320.0,240.0,3547.7,-0.638
10400.0,240.0,3551.4,-0.967
0.0,320.0,3428.8,2.684
80.0,320.0,3433.1,2.554
160.0,320.0,3432.0,2.949
240.0,320.0,3434.4,3.148
320.0,320.0,3433.4,2.339
400.0,320.0,3431.1,3.306
480.0,320.0,3429.1,2.81
560.0,320.0,3434.8,3.471
640.0,320.0,3425.4,2.555
720.0,320.0,3427.3,2.683
800.0,320.0,3431.1,1.771
880.0,320.0,3433.0,2.116
960.0,320.0,3433.7,2.285
1040.0,320.0,3434.3,1.575
1120.0,320.0,3435.4,1.694
1200.0,320.0,3438.8,1.344
1280.0,320.0,3446.7,1.202
1360.0,320.0,3437.1,1.105
1440.0,320.0,3443.1,1.196
1520.0,320.0,3445.2,0.897
1600.0,320.0,3445.0,0.915
1680.0,320.0,3449.4,0.556
1760.0,320.0,3454.3,0.165
1840.0,320.0,3456.6,-0.353
1920.0,320.0,3456.9,-0.211
2000.0,320.0,3465.6,-0.657
2080.0,320.0,3468.5,-1.099
2160.0,320.0,3470.4,-0.812
2240.0,320.0,3473.3,-0.793
2320.0,320.0,3475.2,-1.048
2400.0,320.0,3477.9,-0.945
2480.0,320.0,3482.1,-1.552
2560.0,320.0,3491.5,-1.723
2640.0,320.0,3492.6,-1.286
2720.0,320.0,3495.0,-1.082
2800.0,320.0,3498.2,-1.689
2880.0,320.0,3504.0,-1.827
2960.0,320.0,3510.6,-1.755
3040.0,320.0,3513.3,-1.626
3120.0,320.0,3512.6,-1.992
3200.0,320.0,3523.4,-1.808
3280.0,320.0,3517.8,-1.545
3360.0,320.0,3529.0,-1.402
3440.0,320.0,3526.5,-1.047
3520.0,320.0,3525.6,-1.577
3600.0,320.0,3534.2,-1.496
3680.0,320.0,3526.9,-1.569
3760.0,320.0,3541.4,-0.977
3840.0,320.0,3537.0,-1.375
3920.0,320.0,3540.2,-1.322
4000.0,320.0,3543.0,-0.841
4080.0,320.0,3543.9,-0.432
4160.0,320.0,3545.2,-0.498
4240.0,320.0,3542.2,-0.09
4320.0,320.0,3549.3,-0.33
4400.0,320.0,3548.1,-0.159
4480.0,320.0,3542.9,0.336
4560.0,320.0,3549.3,0.756
4640.0,320.0,3540.1,0.335
4720.0,320.0,3548.0,0.219
4800.0,320.0,3549.3,0.719
4880.0,320.0,3537.0,0.886
4960.0,320.0,3543.8,0.835
5040.0,320.0,3538.7,0.932
5120.0,320.0,3541.7,1.18
5200.0,320.0,3539.9,1.548
5280.0,320.0,3540.7,1.599
5360.0,320.0,3538.3,1.803
5440.0,320.0,3537.7,1.179
5520.0,320.0,3529.0,1.162
5600.0,320.0,3533.9,1.323
5680.0,320.0,3534.9,1.025
5760.0,320.0,3529.5,1.103
5840.0,320.0,3525.2,0.804
5920.0,320.0,3526.1,0.567
6000.0,320.0,3527.2,1.223
6080.0,320.0,3524.7,0.74
6160.0,320.0,3528.3,0.769
6240.0,320.0,3523.7,0.887
6320.0,320.0,3528.0,0.324
6400.0,320.0,3516.0,0.614
6480.0,320.0,3522.5,-0.052
6560.0,320.0,3514.7,-0.217
6640.0,320.0,3519.4,-0.596
6720.0,320.0,3517.8,-1.223
6800.0,320.0,3513.1,-1.342
6880.0,320.0,3517.5,-1.161
6960.0,320.0,3511.5,-0.933
7040.0,320.0,3513.1,-1.115
7120.0,320.0,3512.3,-0.981
7200.0,320.0,3514.2,-1.22
7280.0,320.0,3517.3,-1.582
7360.0,320.0,3511.1,-1.84
7440.0,320.0,3517.5,-1.373
7520.0,320.0,3511.2,-1.515
7600.0,320.0,3514.7,-2.161
7680.0,320.0,3510.4,-2.211
7760.0,320.0,3509.5,-1.703
7840.0,320.0,3512.2,-2.123
7920.0,320.0,3520.2,-1.758
8000.0,320.0,3513.4,-2.082
8080.0,320.0,3517.4,-1.518
8160.0,320.0,3517.3,-1.592
8240.0,320.0,3522.2,-1.387
8320.0,320.0,3517.1,-1.352
8400.0,320.0,3514.2,-0.714
8480.0,320.0,3519.1,-0.509
8560.0,320.0,3523.3,-0.442
8640.0,320.0,3522.3,0.392
8720.0,320.0,3524.3,0.033
8800.0,320.0,3521.4,-0.158
8880.0,320.0,3531.2,-0.091
8960.0,320.0,3527.7,-0.121
9040.0,320.0,3527.3,0.164
9120.0,320.0,3531.2,-0.226
9200.0,320.0,3527.8,0.013
9280.0,320.0,3531.3,-0.158
9360.0,320.0,3533.3,-0.042
9440.0,320.0,3536.5,-0.257
9520.0,320.0,3535.3,-0.308
9600.0,320.0,3530.9,-0.116
9680.0,320.0,3540.2,0.183
9760.0,320.0,3542.5,0.019
9840.0,320.0,3536.0,0.05
9920.0,320.0,3542.9,-0.134
10000.0,320.0,3546.1,-0.291
10080.0,320.0,3545.0,-0.557
10160.0,320.0,3545.0,-0.239
10240.0,320.0,3543.3,-0.472
10320.0,320.0,3549.8,-1.09
10400.0,320.0,3542.4,-0.872
0.0,400.0,3431.6,2.605
80.0,400.0,3429.6,2.562
160.0,400.0,3432.0,2.534
240.0,400.0,3426.1,3.045
320.0,400.0,3427.6,2.945
400.0,400.0,3427.2,2.691
480.0,400.0,3432.0,3.288
560.0,400.0,3427.6,2.832
640.0,400.0,3433.8,3.038
720.0,400.0,3431.3,2.958
800.0,400.0,3432.6,2.606
880.0,400.0,3434.2,2.705
960.0,400.0,3425.5,2.187
1040.0,400.0,3426.5,2.193
1120.0,400.0,3432.7,2.017
1200.0,400.0,3437.3,1.748
1280.0,400.0,3434.1,1.595
1360.0,400.0,3435.3,1.102
1440.0,400.0,3441.2,1.209
1520.0,400.0,3444.4,1.242
1600.0,400.0,3446.0,0.732
1680.0,400.0,3449.1,0.174
1760.0,400.0,3456.0,0.169
1840.0,400.0,3459.2,0.192
1920.0,400.0,3461.8,-0.231
2000.0,400.0,3458.3,-0.661
2080.0,400.0,3466.9,-0.65
2160.0,400.0,3465.1,-1.208
2240.0,400.0,3467.2,-1.059
2320.0,400.0,3473.7,-0.867
2400.0,400.0,3485.3,-0.95
2480.0,400.0,3483.0,-1.381
2560.0,400.0,3485.2,-1.469
2640.0,400.0,3488.8,-1.067
2720.0,400.0,3492.4,-1.583
2800.0,400.0,3500.9,-1.357
2880.0,400.0,3498.5,-1.276
2960.0,400.0,3506.3,-1.568
3040.0,400.0,3510.1,-1.728
3120.0,400.0,3513.0,-1.33
3200.0,400.0,3523.7,-1.243
3280.0,400.0,3519.2,-1.522
3360.0,400.0,3524.3,-0.958
3440.0,400.0,3524.5,-1.359
3520.0,400.0,3530.5,-1.0
3600.0,400.0,3535.6,-1.239
3680.0,400.0,3530.9,-0.957
3760.0,400.0,3534.8,-1.306
3840.0,400.0,3538.6,-1.351
3920.0,400.0,3540.0,-1.359
4000.0,400.0,3544.1,-1.085
4080.0,400.0,3543.7,-1.024
4160.0,400.0,3544.0,-0.364
4240.0,400.0,3542.4,-0.08
4320.0,400.0,3546.8,-0.661
4400.0,400.0,3543.7,-0.069
4480.0,400.0,3540.0,-0.003
4560.0,400.0,3545.5,0.212
4640.0,400.0,3544.8,0.506
4720.0,400.0,3541.2,0.366
4800.0,400.0,3538.9,0.586
4880.0,400.0,3535.8,0.561
4960.0,400.0,3545.7,1.036
5040.0,400.0,3537.5,0.876
5120.0,400.0,3538.0,0.704
5200.0,400.0,3537.8,1.243
5280.0,400.0,3536.7,1.206
5360.0,400.0,3539.1,0.907
5440.0,400.0,3533.3,1.557
5520.0,400.0,3535.2,1.106
5600.0,400.0,3532.5,1.195
5680.0,400.0,3529.1,1.226
5760.0,400.0,3529.9,0.796
5840.0,400.0,3529.7,1.216
5920.0,400.0,3523.3,1.011
6000.0,400.0,3522.8,0.826
6080.0,400.0,3525.6,1.087
6160.0,400.0,3515.8,0.865
6240.0,400.0,3521.8,0.736
6320.0,400.0,3518.1,0.745
6400.0,400.0,3518.6,0.332
6480.0,400.0,3519.1,0.111
6560.0,400.0,3521.2,-0.329
6640.0,400.0,3516.5,-0.568
6720.0,400.0,3513.3,-0.748
6800.0,400.0,3516.9,-0.625
6880.0,400.0,3515.5,-0.61
6960.0,400.0,3507.9,-0.989
7040.0,400.0,3517.4,-1.373
7120.0,400.0,3512.9,-1.239
7200.0,400.0,3516.8,-1.051
7280.0,400.0,3510.9,-1.413
7360.0,400.0,3513.4,-1.313
7440.0,400.0,3513.4,-1.541
7520.0,400.0,3506.8,-1.422
7600.0,400.0,3516.5,-2.015
7680.0,400.0,3515.7,-1.851
7760.0,400.0,3512.8,-2.03
7840.0,400.0,3506.8,-2.013
7920.0,400.0,3507.6,-2.219
8000.0,400.0,3511.6,-1.607
8080.0,400.0,3514.1,-1.313
8160.0,400.0,3508.9,-1.083
8240.0,400.0,3514.5,-1.231
8320.0,400.0,3509.4,-1.265
8400.0,400.0,3511.6,-0.557
8480.0,400.0,3519.0,-0.038
8560.0,400.0,3520.3,-0.417
8640.0,400.0,3526.3,0.054
8720.0,400.0,3521.2,-0.374
8800.0,400.0,3528.5,0.187
8880.0,400.0,3526.4,-0.323
8960.0,400.0,3524.3,-0.021
9040.0,400.0,3527.4,-0.042
9120.0,400.0,3524.8,0.301
9200.0,400.0,3527.9,0.205
9280.0,400.0,3530.5,0.002
9360.0,400.0,3528.0,0.354
9440.0,400.0,3531.6,-0.587
9520.0,400.0,3536.1,0.257
9600.0,400.0,3533.2,-0.212
9680.0,400.0,3541.1,0.302
9760.0,400.0,3539.1,-0.105
9840.0,400.0,3536.6,-0.378
9920.0,400.0,3535.6,-0.096
10000.0,400.0,3542.2,-0.214
10080.0,400.0,3536.4,-0.227
10160.0,400.0,3541.7,-0.47
10240.0,400.0,3537.2,-1.062
10320.0,400.0,3547.9,-1.083
10400.0,400.0,3546.7,-0.622
0.0,480.0,3438.3,2.66
80.0,480.0,3427.5,2.55
160.0,480.0,3429.2,2.808
240.0,480.0,3425.3,3.016
320.0,480.0,3428.8,2.75
400.0,480.0,3429.2,2.955
480.0,480.0,3431.0,2.86
560.0,480.0,3422.7,2.814
640.0,480.0,3430.4,2.753
720.0,480.0,3432.5,2.631
800.0,480.0,3428.6,2.672
880.0,480.0,3427.6,2.723
960.0,480.0,3434.3,2.076
1040.0,480.0,3432.5,2.031
1120.0,480.0,3434.0,1.958
1200.0,480.0,3433.7,1.462
1280.0,480.0,3432.0,1.216
1360.0,480.0,3439.7,0.98
1440.0,480.0,3439.5,1.363
1520.0,480.0,3440.5,0.657
1600.0,480.0,3440.8,0.677
1680.0,480.0,3452.0,0.417
1760.0,480.0,3459.0,0.147
1840.0,480.0,3452.1,0.012
1920.0,480.0,3459.1,-0.275
2000.0,480.0,3464.1,-0.078
2080.0,480.0,3460.8,-0.613
2160.0,480.0,3467.3,-0.677
2240.0,480.0,3472.9,-0.954
2320.0,480.0,3473.4,-0.819
2400.0,480.0,3475.7,-0.967
2480.0,480.0,3480.3,-0.868
2560.0,480.0,3492.7,-1.837
2640.0,480.0,3489.6,-1.022
2720.0,480.0,3492.1,-1.519
2800.0,480.0,3499.1,-0.734
2880.0,480.0,3501.5,-0.922
2960.0,480.0,3505.7,-1.084
3040.0,480.0,3514.9,-0.761
3120.0,480.0,3514.4,-0.645
3200.0,480.0,3519.9,-1.17
3280.0,480.0,3524.8,-0.806
3360.0,480.0,3524.6,-0.868
3440.0,480.0,3525.7,-1.147
3520.0,480.0,3529.6,-1.371
3600.0,480.0,3534.1,-0.952
3680.0,480.0,3534.7,-0.916
3760.0,480.0,3532.5,-0.591
3840.0,480.0,3535.9,-0.575
3920.0,480.0,3540.3,-1.194
4000.0,480.0,3537.2,-1.015
4080.0,480.0,3538.9,-0.957
4160.0,480.0,3543.7,-0.54
4240.0,480.0,3539.8,-0.715
4320.0,480.0,3540.7,-0.48
4400.0,480.0,3544.6,-0.173
4480.0,480.0,3542.9,-0.097
4560.0,480.0,3541.8,-0.033
4640.0,480.0,3542.9,0.545
4720.0,480.0,3539.7,0.396
4800.0,480.0,3544.4,0.173
4880.0,480.0,3535.3,0.593
4960.0,480.0,3537.8,0.797
5040.0,480.0,3542.6,0.847
5120.0,480.0,3539.5,0.687
5200.0,480.0,3533.5,0.894
5280.0,480.0,3538.5,0.804
5360.0,480.0,3529.8,1.161
5440.0,480.0,3533.6,0.735
5520.0,480.0,3534.5,1.046
5600.0,480.0,3527.3,1.181
5680.0,480.0,3531.6,0.985
5760.0,480.0,3528.6,0.817
5840.0,480.0,3533.3,1.039
5920.0,480.0,3520.9,0.763
6000.0,480.0,3524.5,0.714
6080.0,480.0,3523.9,0.827
6160.0,480.0,3519.1,1.117
6240.0,480.0,3515.8,0.751
6320.0,480.0,3517.3,0.576
6400.0,480.0,3515.0,0.499
6480.0,480.0,3513.7,-0.014
6560.0,480.0,3510.9,-0.076
6640.0,480.0,3509.6,0.018
6720.0,480.0,3515.2,-0.284
6800.0,480.0,3511.7,-0.683
6880.0,480.0,3503.8,-0.678
6960.0,480.0,3510.8,-0.596
7040.0,480.0,3509.3,-1.238
7120.0,480.0,3513.8,-1.104
7200.0,480.0,3503.3,-0.971
7280.0,480.0,3507.4,-1.177
7360.0,480.0,3512.1,-1.233
7440.0,480.0,3511.8,-1.732
7520.0,480.0,3507.5,-1.871
7600.0,480.0,3510.9,-1.967
7680.0,480.0,3510.5,-1.565
7760.0,480.0,3512.7,-1.487
7840.0,480.0,3506.4,-1.622
7920.0,480.0,3510.7,-1.443
8000.0,480.0,3513.5,-1.653
8080.0,480.0,3510.8,-1.562
8160.0,480.0,3517.7,-1.232
8240.0,480.0,3512.3,-1.286
8320.0,480.0,3508.4,-0.867
8400.0,480.0,3513.8,-0.907
8480.0,480.0,3523.0,-0.536
8560.0,480.0,3523.5,-0.435
8640.0,480.0,3514.8,0.025
8720.0,480.0,3516.2,-0.071
8800.0,480.0,3523.1,0.197
8880.0,480.0,3511.8,0.06
8960.0,480.0,3523.6,-0.151
9040.0,480.0,3519.4,-0.151
9120.0,480.0,3523.6,0.056
9200.0,480.0,3520.9,-0.338
9280.0,480.0,3528.2,-0.508
9360.0,480.0,3527.2,0.26
9440.0,480.0,3530.4,0.013
9520.0,480.0,3528.2,0.164
9600.0,480.0,3531.4,-0.075
9680.0,480.0,3534.8,-0.201
9760.0,480.0,3537.5,-0.093
9840.0,480.0,3542.5,-0.449
9920.0,480.0,3535.9,-0.327
10000.0,480.0,3537.0,-0.526
10080.0,480.0,3539.8,-0.366
10160.0,480.0,3545.5,-0.361
10240.0,480.0,3544.8,-0.643
10320.0,480.0,3540.2,-0.693
10400.0,480.0,3542.9,-0.778
0.0,560.0,3431.2,2.635
80.0,560.0,3433.6,2.468
160.0,560.0,3432.7,2.873
240.0,560.0,3432.0,2.957
320.0,560.0,3429.5,2.732
400.0,560.0,3430.0,2.645
480.0,560.0,3428.8,2.718
560.0,560.0,3430.3,2.631
640.0,560.0,3428.7,2.787
720.0,560.0,3425.4,2.895
800.0,560.0,3428.7,2.796
880.0,560.0,3426.2,2.536
960.0,560.0,3431.4,2.102
1040.0,560.0,3432.4,2.193
1120.0,560.0,3430.2,1.989
1200.0,560.0,3432.7,1.341
1280.0,560.0,3436.8,0.817
1360.0,560.0,3437.3,1.191
1440.0,560.0,3433.4,0.671
1520.0,560.0,3445.3,0.986
1600.0,560.0,3440.6,0.949
1680.0,560.0,3442.7,0.378
1760.0,560.0,3449.2,0.087
1840.0,560.0,3449.3,0.37
1920.0,560.0,3453.5,-0.032
2000.0,560.0,3457.1,-0.66
2080.0,560.0,3464.0,-0.125
2160.0,560.0,3462.6,-0.947
2240.0,560.0,3470.0,-0.396
2320.0,560.0,3479.8,-1.207
2400.0,560.0,3477.5,-1.408
2480.0,560.0,3484.4,-0.93
2560.0,560.0,3485.8,-1.144
2640.0,560.0,3495.3,-1.036
2720.0,560.0,3490.0,-1.03
2800.0,560.0,3499.8,-0.456
2880.0,560.0,3499.8,-0.621
2960.0,560.0,3497.8,-0.987
3040.0,560.0,3512.2,-0.972
3120.0,560.0,3511.5,-0.491
3200.0,560.0,3522.5,-0.866
3280.0,560.0,3516.8,-1.452
3360.0,560.0,3518.5,-1.246
3440.0,560.0,3521.3,-1.398
3520.0,560.0,3530.6,-1.508
3600.0,560.0,3524.7,-1.272
3680.0,560.0,3530.2,-1.138
3760.0,560.0,3534.1,-0.735
3840.0,560.0,3531.0,-0.885
3920.0,560.0,3540.9,-1.177
4000.0,560.0,3535.7,-0.758
4080.0,560.0,3536.1,-0.547
4160.0,560.0,3536.2,-0.519
4240.0,560.0,3539.3,-0.603
4320.0,560.0,3543.1,-0.396
4400.0,560.0,3543.2,-0.631
4480.0,560.0,3541.6,-0.142
4560.0,560.0,3542.8,-0.155
4640.0,560.0,3541.1,0.376
4720.0,560.0,3538.9,0.377
4800.0,560.0,3536.6,0.228
4880.0,560.0,3536.0,0.79
4960.0,560.0,3545.7,0.418
5040.0,560.0,3540.6,0.693
5120.0,560.0,3535.2,0.807
5200.0,560.0,3531.3,0.814
5280.0,560.0,3539.3,1.073
5360.0,560.0,3528.4,1.327
5440.0,560.0,3531.0,0.651
5520.0,560.0,3525.4,0.665
5600.0,560.0,3532.7,0.708
5680.0,560.0,3526.1,0.708
5760.0,560.0,3518.7,1.063
5840.0,560.0,3529.7,0.838
5920.0,560.0,3528.2,0.926
6000.0,560.0,3527.2,1.119
6080.0,560.0,3518.1,1.2
6160.0,560.0,3513.5,0.688
6240.0,560.0,3521.7,0.439
6320.0,560.0,3515.4,0.637
6400.0,560.0,3515.7,-0.042
6480.0,560.0,3517.6,0.619
6560.0,560.0,3514.6,-0.101
6640.0,560.0,3509.9,-0.134
6720.0,560.0,3510.0,0.042
6800.0,560.0,3508.0,-0.142
6880.0,560.0,3510.8,-0.035
6960.0,560.0,3510.6,-0.551
7040.0,560.0,3507.5,-0.718
7120.0,560.0,3505.8,-0.675
7200.0,560.0,3507.3,-0.55
7280.0,560.0,3505.1,-1.464
7360.0,560.0,3503.6,-1.301
7440.0,560.0,3502.7,-1.387
7520.0,560.0,3507.8,-1.17
7600.0,560.0,3505.3,-1.716
7680.0,560.0,3510.1,-1.142
7760.0,560.0,3507.6,-1.364
7840.0,560.0,3505.9,-1.035
7920.0,560.0,3506.6,-1.607
8000.0,560.0,3512.2,-1.7
8080.0,560.0,3508.4,-1.273
8160.0,560.0,3516.0,-1.482
8240.0,560.0,3510.6,-1.33
8320.0,560.0,3513.6,-0.99
8400.0,560.0,3513.0,-0.777
8480.0,560.0,3517.7,-0.767
8560.0,560.0,3510.4,-0.24
8640.0,560.0,3515.7,-0.168
8720.0,560.0,3514.5,-0.056
8800.0,560.0,3519.5,0.129
8880.0,560.0,3522.2,0.159
8960.0,560.0,3518.9,-0.043
9040.0,560.0,3522.6,-0.111
9120.0,560.0,3523.3,-0.11
9200.0,560.0,3531.8,-0.048
9280.0,560.0,3529.4,0.188
9360.0,560.0,3528.7,-0.002
9440.0,560.0,3529.2,-0.302
9520.0,560.0,3527.4,-0.081
9600.0,560.0,3531.7,-0.056
9680.0,560.0,3536.5,-0.338
9760.0,560.0,3536.6,-0.161
9840.0,560.0,3534.6,-0.291
9920.0,560.0,3535.9,-0.323
10000.0,560.0,3535.7,-0.26
10080.0,560.0,3539.0,-0.823
10160.0,560.0,3539.6,-0.681
10240.0,560.0,3538.8,-0.316
10320.0,560.0,3537.7,0.16
10400.0,560.0,3544.7,-0.689
0.0,640.0,3429.7,1.661
80.0,640.0,3429.7,2.439
160.0,640.0,3435.7,2.613
240.0,640.0,3433.0,2.863
320.0,640.0,3430.2,3.586
400.0,640.0,3427.8,3.35
480.0,640.0,3431.4,2.651
560.0,640.0,3425.0,2.992
640.0,640.0,3424.8,2.595
720.0,640.0,3418.1,2.605
800.0,640.0,3429.0,2.949
880.0,640.0,3430.6,2.546
960.0,640.0,3425.2,2.718
1040.0,640.0,3433.2,2.522
1120.0,640.0,3430.1,2.379
1200.0,640.0,3436.0,1.749
1280.0,640.0,3437.2,1.593
1360.0,640.0,3434.1,1.026
1440.0,640.0,3435.3,1.57
1520.0,640.0,3439.3,0.875
1600.0,640.0,3445.8,0.693
1680.0,640.0,3448.7,0.61
1760.0,640.0,3450.2,0.67
1840.0,640.0,3447.1,0.428
1920.0,640.0,3447.2,0.347
2000.0,640.0,3461.3,-0.284
2080.0,640.0,3462.3,-0.291
2160.0,640.0,3467.3,-0.515
2240.0,640.0,3466.8,-0.563
2320.0,640.0,3476.6,-0.547
2400.0,640.0,3474.9,-0.768
2480.0,640.0,3481.3,-0.544
2560.0,640.0,3483.0,-1.25
2640.0,640.0,3484.0,-0.904
2720.0,640.0,3490.3,-0.68
2800.0,640.0,3497.6,-0.63
2880.0,640.0,3499.2,-1.116
2960.0,640.0,3503.0,-0.568
3040.0,640.0,3506.8,-0.71
3120.0,640.0,3506.0,-0.823
3200.0,640.0,3509.0,-0.911
3280.0,640.0,3509.4,-1.162
3360.0,640.0,3523.7,-1.594
3440.0,640.0,3520.7,-1.39
3520.0,640.0,3527.2,-1.196
3600.0,640.0,3526.4,-1.021
3680.0,640.0,3524.1,-1.221
3760.0,640.0,3527.6,-0.819
3840.0,640.0,3530.4,-0.332
3920.0,640.0,3532.0,-0.939
4000.0,640.0,3532.1,-0.627
4080.0,640.0,3536.7,-0.746
4160.0,640.0,3533.1,-0.75
4240.0,640.0,3540.9,-0.558
4320.0,640.0,3541.6,-0.801
4400.0,640.0,3544.2,-0.33
4480.0,640.0,3536.6,-0.487
4560.0,640.0,3534.3,-0.04
4640.0,640.0,3542.1,-0.062
4720.0,640.0,3540.3,-0.268
4800.0,640.0,3538.8,0.361
4880.0,640.0,3536.9,0.264
4960.0,640.0,3537.5,0.715
5040.0,640.0,3535.5,0.647
5120.0,640.0,3532.5,0.794
5200.0,640.0,3534.0,1.101
5280.0,640.0,3530.4,1.099
5360.0,640.0,3525.2,1.016
5440.0,640.0,3531.1,0.63
5520.0,640.0,3529.3,0.978
5600.0,640.0,3522.6,0.853
5680.0,640.0,3527.4,0.841
5760.0,640.0,3523.9,1.177
5840.0,640.0,3528.7,0.741
5920.0,640.0,3516.0,0.717
6000.0,640.0,3518.5,0.818
6080.0,640.0,3517.3,0.677
6160.0,640.0,3526.5,0.554
6240.0,640.0,3520.1,0.369
6320.0,640.0,3516.8,0.881
6400.0,640.0,3508.5,0.872
6480.0,640.0,3512.8,0.187
6560.0,640.0,3507.3,0.478
6640.0,640.0,3512.1,0.018
6720.0,640.0,3507.9,-0.107
6800.0,640.0,3510.4,0.188
6880.0,640.0,3507.0,-0.353
6960.0,640.0,3500.0,-0.748
7040.0,640.0,3507.3,-0.834
7120.0,640.0,3505.2,-0.943
7200.0,640.0,3507.0,-1.466
7280.0,640.0,3506.6,-1.296
7360.0,640.0,3505.3,-0.935
7440.0,640.0,3510.9,-1.286
7520.0,640.0,3507.5,-1.622
7600.0,640.0,3508.7,-1.403
7680.0,640.0,3512.9,-1.313
7760.0,640.0,3508.8,-0.756
7840.0,640.0,3507.8,-1.062
7920.0,640.0,3508.9,-1.425
8000.0,640.0,3503.8,-1.493
8080.0,640.0,3511.9,-1.038
8160.0,640.0,3508.8,-1.268
8240.0,640.0,3509.0,-1.331
8320.0,640.0,3508.4,-1.005
8400.0,640.0,3511.7,-0.996
8480.0,640.0,3513.5,-0.951
8560.0,640.0,3514.6,-0.558
8640.0,640.0,3516.3,-0.426
8720.0,640.0,3519.2,0.108
8800.0,640.0,3518.8,0.135
8880.0,640.0,3513.1,0.286
8960.0,640.0,3517.9,0.23
9040.0,640.0,3524.0,-0.147
9120.0,640.0,3521.1,0.033
9200.0,640.0,3525.4,0.174
9280.0,640.0,3528.3,-0.149
9360.0,640.0,3524.6,-0.111
9440.0,640.0,3528.6,-0.524
9520.0,640.0,3525.1,0.087
9600.0,640.0,3528.8,-0.285
9680.0,640.0,3530.6,-0.303
9760.0,640.0,3534.4,-0.123
9840.0,640.0,3535.8,-0.222
9920.0,640.0,3537.3,-0.298
10000.0,640.0,3536.1,-0.515
10080.0,640.0,3538.2,-0.596
10160.0,640.0,3534.3,-0.177
10240.0,640.0,3532.4,-0.282
10320.0,640.0,3537.2,-0.188
10400.0,640.0,3542.6,-0.078
0.0,720.0,3432.5,2.429
80.0,720.0,3429.4,2.218
160.0,720.0,3426.7,2.318
240.0,720.0,3426.7,2.859
320.0,720.0,3427.5,3.185
400.0,720.0,3428.6,3.258
480.0,720.0,3423.4,2.47
560.0,720.0,3430.4,2.72
640.0,720.0,3429.1,2.571
720.0,720.0,3428.1,2.86
800.0,720.0,3430.8,2.721
880.0,720.0,3429.8,2.93
960.0,720.0,3421.8,2.574
1040.0,720.0,3429.4,2.482
1120.0,720.0,3435.6,2.442
1200.0,720.0,3435.1,1.668
1280.0,720.0,3433.8,1.614
1360.0,720.0,3437.4,1.338
1440.0,720.0,3440.4,1.017
1520.0,720.0,3442.6,0.614
1600.0,720.0,3446.7,0.969
1680.0,720.0,3445.5,0.88
1760.0,720.0,3443.3,0.618
1840.0,720.0,3448.5,0.698
1920.0,720.0,3454.4,0.845
2000.0,720.0,3455.6,0.369
2080.0,720.0,3466.8,0.614
2160.0,720.0,3472.7,-0.193
2240.0,720.0,3464.6,-0.069
2320.0,720.0,3472.1,-0.409
2400.0,720.0,3467.3,-0.371
2480.0,720.0,3473.1,-0.808
2560.0,720.0,3489.0,-1.008
2640.0,720.0,3486.6,-0.687
2720.0,720.0,3485.4,-1.07
2800.0,720.0,3497.6,-0.989
2880.0,720.0,3498.4,-0.695
2960.0,720.0,3501.4,-0.793
3040.0,720.0,3507.2,-1.074
3120.0,720.0,3505.2,-0.612
3200.0,720.0,3507.5,-1.025
3280.0,720.0,3513.1,-1.552
3360.0,720.0,3515.8,-1.057
3440.0,720.0,3528.0,-1.175
3520.0,720.0,3526.0,-0.856
3600.0,720.0,3524.4,-1.046
3680.0,720.0,3523.8,-0.77
3760.0,720.0,3529.7,-0.877
3840.0,720.0,3532.4,-0.598
3920.0,720.0,3532.7,-0.382
4000.0,720.0,3535.1,-0.463
4080.0,720.0,3536.0,-0.098
4160.0,720.0,3536.1,-0.584
4240.0,720.0,3534.6,-0.559
4320.0,720.0,3535.8,-0.38
4400.0,720.0,3538.5,-0.869
4480.0,720.0,3536.9,-0.556
4560.0,720.0,3539.3,-0.613
4640.0,720.0,3538.2,0.015
4720.0,720.0,3537.3,-0.507
4800.0,720.0,3533.4,-0.173
4880.0,720.0,3534.5,-0.085
4960.0,720.0,3538.6,0.54
5040.0,720.0,3528.3,0.701
5120.0,720.0,3535.0,0.677
5200.0,720.0,3528.7,0.93
5280.0,720.0,3536.0,1.02
5360.0,720.0,3530.6,0.608
5440.0,720.0,3529.2,0.976
5520.0,720.0,3523.6,0.796
5600.0,720.0,3523.7,0.565
5680.0,720.0,3528.9,0.412
5760.0,720.0,3519.0,0.921
5840.0,720.0,3518.4,0.566
5920.0,720.0,3523.3,0.573
6000.0,720.0,3518.4,0.752
6080.0,720.0,3515.0,1.024
6160.0,720.0,3507.3,1.199
6240.0,720.0,3512.7,0.31
6320.0,720.0,3516.1,0.076
6400.0,720.0,3514.5,0.576
6480.0,720.0,3508.6,0.541
6560.0,720.0,3513.5,-0.02
6640.0,720.0,3511.2,-0.083
6720.0,720.0,3498.8,-0.074
6800.0,720.0,3501.5,0.061
6880.0,720.0,3510.0,-0.602
6960.0,720.0,3510.3,-0.527
7040.0,720.0,3505.0,-0.79
7120.0,720.0,3510.7,-1.463
7200.0,720.0,3506.3,-1.362
7280.0,720.0,3502.2,-0.831
7360.0,720.0,3502.3,-1.269
7440.0,720.0,3503.5,-1.396
7520.0,720.0,3502.8,-1.201
7600.0,720.0,3502.3,-1.316
7680.0,720.0,3507.1,-1.465
7760.0,720.0,3499.3,-0.942
7840.0,720.0,3503.6,-1.263
7920.0,720.0,3505.5,-1.366
8000.0,720.0,3501.3,-1.093
8080.0,720.0,3504.0,-0.904
8160.0,720.0,3501.8,-0.896
8240.0,720.0,3510.3,-1.016
8320.0,720.0,3512.1,-1.163
8400.0,720.0,3511.0,-0.568
8480.0,720.0,3516.0,-0.707
8560.0,720.0,3512.4,-0.486
8640.0,720.0,3520.8,-0.442
8720.0,720.0,3512.2,-0.014
8800.0,720.0,3515.9,0.072
8880.0,720.0,3514.4,0.158
8960.0,720.0,3515.6,0.011
9040.0,720.0,3518.6,0.374
9120.0,720.0,3520.9,-0.008
9200.0,720.0,3514.4,0.506
9280.0,720.0,3523.9,0.16
9360.0,720.0,3527.5,0.528
9440.0,720.0,3527.4,-0.07
9520.0,720.0,3529.1,-0.087
9600.0,720.0,3529.6,0.194
9680.0,720.0,3532.1,0.097
9760.0,720.0,3535.7,-0.093
9840.0,720.0,3532.7,-0.177
9920.0,720.0,3533.6,-0.289
10000.0,720.0,3535.7,-0.157
10080.0,720.0,3536.2,-0.32
10160.0,720.0,3532.5,-0.234
10240.0,720.0,3538.8,-0.115
10320.0,720.0,3540.4,-0.174
10400.0,720.0,3535.8,-0.371
0.0,800.0,3434.3,2.218
80.0,800.0,3430.3,1.87
160.0,800.0,3428.2,2.486
240.0,800.0,3425.3,2.849
320.0,800.0,3430.5,3.037
400.0,800.0,3427.4,3.066
480.0,800.0,3427.7,3.086
560.0,800.0,3419.1,2.681
640.0,800.0,3430.6,3.015
720.0,800.0,3426.0,3.047
800.0,800.0,3423.7,2.674
880.0,800.0,3429.2,2.747
960.0,800.0,3427.1,2.661
1040.0,800.0,3428.5,2.473
1120.0,800.0,3432.7,2.4
1200.0,800.0,3432.6,2.19
1280.0,800.0,3429.8,1.72
1360.0,800.0,3430.8,1.738
1440.0,800.0,3438.1,1.092
1520.0,800.0,3435.5,1.423
1600.0,800.0,3446.9,1.061
1680.0,800.0,3442.0,0.845
1760.0,800.0,3449.1,0.446
1840.0,800.0,3446.0,0.644
1920.0,800.0,3457.2,0.704
2000.0,800.0,3456.2,1.049
2080.0,800.0,3462.0,0.541
2160.0,800.0,3463.5,0.237
2240.0,800.0,3464.6,-0.192
2320.0,800.0,3469.4,-0.821
2400.0,800.0,3473.7,-0.582
2480.0,800.0,3480.8,-0.442
2560.0,800.0,3483.4,-0.497
2640.0,800.0,3481.0,-0.079
2720.0,800.0,3487.3,-0.48
2800.0,800.0,3493.7,-0.793
2880.0,800.0,3498.7,-0.816
2960.0,800.0,3495.1,-0.864
3040.0,800.0,3503.4,-0.821
3120.0,800.0,3500.1,-0.778
3200.0,800.0,3505.3,-1.095
3280.0,800.0,3518.1,-1.153
3360.0,800.0,3519.1,-1.105
3440.0,800.0,3519.7,-1.047
3520.0,800.0,3524.9,-0.892
3600.0,800.0,3518.9,-0.948
3680.0,800.0,3527.6,-0.647
3760.0,800.0,3527.6,-1.024
3840.0,800.0,3527.6,-0.503
3920.0,800.0,3531.7,-0.027
4000.0,800.0,3531.6,-0.232
4080.0,800.0,3538.0,-0.43
4160.0,800.0,3536.3,-0.406
4240.0,800.0,3533.9,-0.595
4320.0,800.0,3536.4,-0.507
4400.0,800.0,3537.5,-0.767
4480.0,800.0,3535.0,-0.367
4560.0,800.0,3538.1,-0.185
4640.0,800.0,3537.3,-0.508
4720.0,800.0,3537.7,0.123
4800.0,800.0,3535.1,0.257
4880.0,800.0,3531.4,-0.005
4960.0,800.0,3528.1,0.457
5040.0,800.0,3530.7,0.402
5120.0,800.0,3527.7,0.531
5200.0,800.0,3530.5,1.184
5280.0,800.0,3530.0,0.645
5360.0,800.0,3531.4,0.617
5440.0,800.0,3523.7,0.702
5520.0,800.0,3524.8,1.163
5600.0,800.0,3529.0,1.039
5680.0,800.0,3522.0,0.687
5760.0,800.0,3519.9,0.521
5840.0,800.0,3521.6,0.642
5920.0,800.0,3516.2,0.631
6000.0,800.0,3513.4,0.672
6080.0,800.0,3517.6,0.837
6160.0,800.0,3508.5,0.475
6240.0,800.0,3516.8,0.639
6320.0,800.0,3513.4,0.569
6400.0,800.0,3506.6,0.688
6480.0,800.0,3506.0,0.659
6560.0,800.0,3507.3,0.223
6640.0,800.0,3512.1,-0.258
6720.0,800.0,3507.2,0.019
6800.0,800.0,3510.2,-0.139
6880.0,800.0,3504.9,-0.447
6960.0,800.0,3505.2,-0.502
7040.0,800.0,3500.0,-0.493
7120.0,800.0,3504.2,-0.84
7200.0,800.0,3500.8,-0.966
7280.0,800.0,3501.0,-1.322
7360.0,800.0,3504.8,-1.176
7440.0,800.0,3497.6,-1.264
7520.0,800.0,3502.9,-1.591
7600.0,800.0,3505.7,-1.468
7680.0,800.0,3496.9,-1.573
7760.0,800.0,3504.7,-1.182
7840.0,800.0,3503.1,-0.996
7920.0,800.0,3504.7,-0.689
8000.0,800.0,3503.6,-1.074
8080.0,800.0,3502.7,-0.227
8160.0,800.0,3508.7,-0.475
8240.0,800.0,3507.5,-0.407
8320.0,800.0,3509.5,-0.27
8400.0,800.0,3506.6,-0.793
8480.0,800.0,3507.0,-0.612
8560.0,800.0,3505.5,-0.274
8640.0,800.0,3508.7,-0.027
8720.0,800.0,3510.6,-0.13
8800.0,800.0,3515.2,0.514
8880.0,800.0,3512.7,-0.047
8960.0,800.0,3516.7,-0.017
9040.0,800.0,3517.3,0.438
9120.0,800.0,3513.5,0.202
9200.0,800.0,3519.4,0.216
9280.0,800.0,3519.1,-0.033
9360.0,800.0,3521.0,0.482
9440.0,800.0,3525.3,-0.285
9520.0,800.0,3525.8,0.073
9600.0,800.0,3529.6,-0.025
9680.0,800.0,3523.8,0.018
9760.0,800.0,3530.8,0.407
9840.0,800.0,3528.5,0.051
9920.0,800.0,3527.1,-0.469
10000.0,800.0,3530.4,-0.475
10080.0,800.0,3535.6,-0.657
10160.0,800.0,3532.6,-0.145
10240.0,800.0,3536.9,-0.266
10320.0,800.0,3536.1,0.116
10400.0,800.0,3533.7,-0.334
0.0,880.0,3432.0,1.852
80.0,880.0,3425.1,1.972
160.0,880.0,3425.9,2.442
240.0,880.0,3423.9,3.149
320.0,880.0,3426.0,3.02
400.0,880.0,3421.7,3.047
480.0,880.0,3427.1,2.932
560.0,880.0,3420.9,3.077
640.0,880.0,3430.5,3.067
720.0,880.0,3430.9,2.992
800.0,880.0,3425.3,2.81
880.0,880.0,3431.5,2.515
960.0,880.0,3424.9,2.647
1040.0,880.0,3422.4,2.645
1120.0,880.0,3428.9,2.088
1200.0,880.0,3426.5,1.998
1280.0,880.0,3437.2,1.86
1360.0,880.0,3443.2,1.951
1440.0,880.0,3438.5,1.997
1520.0,880.0,3436.5,1.706
1600.0,880.0,3437.6,1.111
1680.0,880.0,3441.8,0.937
1760.0,880.0,3440.6,1.329
1840.0,880.0,3450.0,0.84
1920.0,880.0,3455.6,0.97
2000.0,880.0,3454.5,0.985
2080.0,880.0,3455.4,0.75
2160.0,880.0,3454.6,0.535
2240.0,880.0,3468.4,0.325
2320.0,880.0,3468.7,0.318
2400.0,880.0,3472.7,-0.419
2480.0,880.0,3479.8,-0.163
2560.0,880.0,3480.0,-0.531
2640.0,880.0,3482.2,0.076
2720.0,880.0,3492.3,-0.237
2800.0,880.0,3489.1,-0.612
2880.0,880.0,3494.6,-0.699
2960.0,880.0,3504.5,-0.299
3040.0,880.0,3505.6,-0.621
3120.0,880.0,3509.4,-0.691
3200.0,880.0,3511.3,-0.845
3280.0,880.0,3507.8,-0.731
3360.0,880.0,3516.6,-1.131
3440.0,880.0,3517.5,-1.116
3520.0,880.0,3518.8,-1.153
3600.0,880.0,3524.9,-0.928
3680.0,880.0,3523.1,-1.157
3760.0,880.0,3522.8,-0.467
3840.0,880.0,3529.1,-0.73
3920.0,880.0,3534.5,-0.518
4000.0,880.0,3531.2,-0.237
4080.0,880.0,3536.9,-0.281
4160.0,880.0,3543.8,-0.225
4240.0,880.0,3536.2,-0.343
4320.0,880.0,3533.6,-0.459
4400.0,880.0,3539.9,-0.03
4480.0,880.0,3535.4,-0.655
4560.0,880.0,3538.8,-0.118
4640.0,880.0,3537.6,-0.148
4720.0,880.0,3539.8,0.21
4800.0,880.0,3531.4,-0.068
4880.0,880.0,3530.1,0.354
4960.0,880.0,3531.0,-0.126
5040.0,880.0,3535.9,0.351
5120.0,880.0,3527.9,0.799
5200.0,880.0,3524.7,0.492
5280.0,880.0,3525.8,0.761
5360.0,880.0,3528.0,0.971
5440.0,880.0,3526.7,0.682
5520.0,880.0,3523.5,0.404
5600.0,880.0,3524.2,0.945
5680.0,880.0,3519.3,1.226
5760.0,880.0,3524.3,0.93
5840.0,880.0,3517.9,0.63
5920.0,880.0,3509.4,0.267
6000.0,880.0,3514.3,0.716
6080.0,880.0,3514.6,0.574
6160.0,880.0,3510.3,0.618
6240.0,880.0,3503.9,0.944
6320.0,880.0,3508.9,0.284
6400.0,880.0,3510.5,0.977
6480.0,880.0,3506.3,0.689
6560.0,880.0,3503.1,0.334
6640.0,880.0,3505.5,-0.014
6720.0,880.0,3504.1,0.001
6800.0,880.0,3504.0,-0.055
6880.0,880.0,3502.2,-0.233
6960.0,880.0,3501.5,-0.693
7040.0,880.0,3500.1,-0.762
7120.0,880.0,3501.8,-0.618
7200.0,880.0,3497.3,-1.059
7280.0,880.0,3499.8,-1.071
7360.0,880.0,3502.0,-1.268
7440.0,880.0,3499.0,-1.379
7520.0,880.0,3499.0,-1.114
7600.0,880.0,3501.0,-1.024
7680.0,880.0,3506.1,-0.814
7760.0,880.0,3505.0,-1.247
7840.0,880.0,3505.9,-0.644
7920.0,880.0,3506.6,-1.179
8000.0,880.0,3503.2,-0.549
8080.0,880.0,3500.3,0.177
8160.0,880.0,3504.5,-0.406
8240.0,880.0,3502.1,-0.273
8320.0,880.0,3512.4,0.032
8400.0,880.0,3508.0,-0.826
8480.0,880.0,3505.8,-0.096
8560.0,880.0,3508.4,-0.324
8640.0,880.0,3507.2,0.621
8720.0,880.0,3510.8,-0.035
8800.0,880.0,3510.4,0.433
8880.0,880.0,3512.8,0.316
8960.0,880.0,3514.0,0.466
9040.0,880.0,3515.2,0.674
9120.0,880.0,3514.7,0.237
9200.0,880.0,3523.8,0.049
9280.0,880.0,3526.1,0.257
9360.0,880.0,3517.9,0.505
9440.0,880.0,3525.0,0.004
9520.0,880.0,3528.4,-0.136
9600.0,880.0,3527.4,-0.447
9680.0,880.0,3531.7,-0.238
9760.0,880.0,3528.4,0.17
9840.0,880.0,3524.3,-0.257
9920.0,880.0,3523.8,-0.23
10000.0,880.0,3529.6,-0.27
10080.0,880.0,3536.0,0.31
10160.0,880.0,3538.0,0.167
10240.0,880.0,3534.8,0.202
10320.0,880.0,3537.1,0.262
10400.0,880.0,3539.9,-0.29
0.0,960.0,3433.1,1.716
80.0,960.0,3426.9,2.175
160.0,960.0,3424.1,2.119
240.0,960.0,3432.4,2.648
320.0,960.0,3430.6,2.627
400.0,960.0,3427.0,3.378
480.0,960.0,3425.5,2.832
560.0,960.0,3419.8,2.934
640.0,960.0,3426.0,2.81
720.0,960.0,3427.9,3.093
800.0,960.0,3424.5,2.443
880.0,960.0,3428.9,2.909
960.0,960.0,3429.3,2.561
1040.0,960.0,3427.9,2.332
1120.0,960.0,3430.3,2.238
1200.0,960.0,3427.1,2.703
1280.0,960.0,3433.9,2.08
1360.0,960.0,3436.9,2.183
1440.0,960.0,3434.9,2.131
1520.0,960.0,3432.1,2.108
1600.0,960.0,3438.6,1.763
1680.0,960.0,3440.0,1.881
1760.0,960.0,3443.6,1.602
1840.0,960.0,3450.0,1.433
1920.0,960.0,3445.8,1.334
2000.0,960.0,3456.2,0.822
2080.0,960.0,3454.8,0.585
2160.0,960.0,3464.4,0.741
2240.0,960.0,3462.6,0.458
2320.0,960.0,3467.5,0.255
2400.0,960.0,3467.4,-0.128
2480.0,960.0,3471.2,0.215
2560.0,960.0,3484.6,-0.274
2640.0,960.0,3479.2,0.129
2720.0,960.0,3482.3,-0.039
2800.0,960.0,3487.6,-0.528
2880.0,960.0,3491.3,-0.356
2960.0,960.0,3490.0,-0.402
3040.0,960.0,3494.7,-0.615
3120.0,960.0,3504.3,-0.71
3200.0,960.0,3506.0,-0.897
3280.0,960.0,3512.0,-0.878
3360.0,960.0,3510.6,-0.963
3440.0,960.0,3512.9,-1.18
3520.0,960.0,3518.5,-0.988
3600.0,960.0,3520.7,-0.91
3680.0,960.0,3520.0,-1.14
3760.0,960.0,3525.7,-0.929
3840.0,960.0,3526.8,-0.584
3920.0,960.0,3525.0,-0.218
4000.0,960.0,3530.2,-0.2
4080.0,960.0,3526.9,-0.5
4160.0,960.0,3528.7,-0.665
4240.0,960.0,3528.3,-0.304
4320.0,960.0,3534.6,0.04
4400.0,960.0,3534.0,-0.212
4480.0,960.0,3529.6,0.08
4560.0,960.0,3531.0,-0.045
4640.0,960.0,3530.9,0.026
4720.0,960.0,3532.0,0.214
4800.0,960.0,3532.5,0.436
4880.0,960.0,3535.9,0.349
4960.0,960.0,3534.2,0.489
5040.0,960.0,3529.9,0.193
5120.0,960.0,3526.1,0.334
5200.0,960.0,3528.4,0.356
5280.0,960.0,3528.5,0.681
5360.0,960.0,3522.0,0.622
5440.0,960.0,3519.9,0.79
5520.0,960.0,3521.8,0.248
5600.0,960.0,3515.9,0.927
5680.0,960.0,3521.7,1.224
5760.0,960.0,3519.0,0.695
5840.0,960.0,3514.5,0.441
5920.0,960.0,3518.6,0.566
6000.0,960.0,3512.7,0.851
6080.0,960.0,3513.0,0.815
6160.0,960.0,3509.2,0.666
6240.0,960.0,3506.0,0.585
6320.0,960.0,3514.0,0.317
6400.0,960.0,3504.1,0.851
6480.0,960.0,3503.5,0.704
6560.0,960.0,3509.1,0.491
6640.0,960.0,3506.5,0.357
6720.0,960.0,3503.7,-0.075
6800.0,960.0,3500.2,-0.253
6880.0,960.0,3497.2,-0.247
6960.0,960.0,3504.5,-0.098
7040.0,960.0,3505.3,-0.965
7120.0,960.0,3506.2,-0.89
7200.0,960.0,3495.5,-0.541
7280.0,960.0,3501.9,-0.697
7360.0,960.0,3496.1,-0.553
7440.0,960.0,3499.5,-1.073
7520.0,960.0,3499.8,-1.067
7600.0,960.0,3497.0,-1.142
7680.0,960.0,3501.7,-0.798
7760.0,960.0,3501.5,-0.945
7840.0,960.0,3493.1,-0.438
7920.0,960.0,3500.7,-0.877
8000.0,960.0,3500.5,-0.916
8080.0,960.0,3499.2,-0.229
8160.0,960.0,3502.8,-0.595
8240.0,960.0,3496.8,-0.211
8320.0,960.0,3497.5,-0.264
8400.0,960.0,3508.4,-0.709
8480.0,960.0,3502.1,-0.234
8560.0,960.0,3504.7,-0.351
8640.0,960.0,3504.2,0.267
8720.0,960.0,3506.7,0.047
8800.0,960.0,3512.4,0.12
8880.0,960.0,3510.9,0.14
8960.0,960.0,3514.0,0.414
9040.0,960.0,3506.9,-0.238
9120.0,960.0,3518.1,-0.706
9200.0,960.0,3515.4,-0.308
9280.0,960.0,3515.6,0.174
9360.0,960.0,3518.9,0.787
9440.0,960.0,3520.8,0.07
9520.0,960.0,3519.8,-0.14
9600.0,960.0,3523.3,-0.162
9680.0,960.0,3524.6,-0.712
9760.0,960.0,3529.8,-0.341
9840.0,960.0,3523.0,-0.01
9920.0,960.0,3529.1,-0.327
10000.0,960.0,3535.3,-0.752
10080.0,960.0,3528.2,0.238
10160.0,960.0,3536.5,-0.171
10240.0,960.0,3532.6,-0.033
10320.0,960.0,3535.4,-0.095
10400.0,960.0,3531.6,-0.218
0.0,1040.0,3427.9,1.758
80.0,1040.0,3435.8,2.565
160.0,1040.0,3434.2,2.395
240.0,1040.0,3427.1,2.155
320.0,1040.0,3421.3,2.295
400.0,1040.0,3431.7,2.28
480.0,1040.0,3424.0,2.917
560.0,1040.0,3427.8,2.462
640.0,1040.0,3429.5,3.141
720.0,1040.0,3424.4,2.726
800.0,1040.0,3421.7,2.401
880.0,1040.0,3425.8,2.473
960.0,1040.0,3422.9,2.896
1040.0,1040.0,3425.5,2.352
1120.0,1040.0,3430.1,2.108
1200.0,1040.0,3433.3,2.765
1280.0,1040.0,3430.9,2.073
1360.0,1040.0,3431.2,2.142
1440.0,1040.0,3437.5,2.2
1520.0,1040.0,3438.4,2.419
1600.0,1040.0,3444.2,1.746
1680.0,1040.0,3442.8,1.35
1760.0,1040.0,3443.0,1.551
1840.0,1040.0,3445.1,1.045
1920.0,1040.0,3448.8,1.009
2000.0,1040.0,3450.0,1.065
2080.0,1040.0,3448.9,1.023
2160.0,1040.0,3458.4,0.852
2240.0,1040.0,3466.7,0.835
2320.0,1040.0,3470.6,0.704
2400.0,1040.0,3473.0,0.02
2480.0,1040.0,3472.0,0.127
2560.0,1040.0,3471.4,0.071
2640.0,1040.0,3481.5,-0.034
2720.0,1040.0,3484.2,-0.29
2800.0,1040.0,3482.7,-0.35
2880.0,1040.0,3489.4,-0.192
2960.0,1040.0,3494.9,-0.227
3040.0,1040.0,3502.6,-0.388
3120.0,1040.0,3500.5,-0.987
3200.0,1040.0,3503.3,-0.728
3280.0,1040.0,3509.6,-0.813
3360.0,1040.0,3509.0,-0.835
3440.0,1040.0,3513.7,-0.829
3520.0,1040.0,3513.8,-1.185
3600.0,1040.0,3519.5,-0.523
3680.0,1040.0,3519.3,-1.08
3760.0,1040.0,3518.3,-0.918
3840.0,1040.0,3520.1,-0.711
3920.0,1040.0,3526.6,-0.435
4000.0,1040.0,3530.4,-0.38
4080.0,1040.0,3526.1,-0.638
4160.0,1040.0,3526.6,-0.352
4240.0,1040.0,3532.3,-0.644
4320.0,1040.0,3527.4,0.209
4400.0,1040.0,3530.0,0.256
4480.0,1040.0,3529.3,-0.091
4560.0,1040.0,3529.8,0.082
4640.0,1040.0,3533.2,-0.02
4720.0,1040.0,3526.9,-0.103
4800.0,1040.0,3533.5,0.269
4880.0,1040.0,3522.1,0.268
4960.0,1040.0,3530.6,0.217
5040.0,1040.0,3518.1,0.145
5120.0,1040.0,3529.5,0.604
5200.0,1040.0,3526.9,0.192
5280.0,1040.0,3520.8,0.481
5360.0,1040.0,3522.5,0.493
5440.0,1040.0,3520.5,0.628
5520.0,1040.0,3524.2,0.389
5600.0,1040.0,3516.4,0.706
5680.0,1040.0,3517.3,0.712
5760.0,1040.0,3510.2,0.732
5840.0,1040.0,3510.6,0.926
5920.0,1040.0,3512.0,0.37
6000.0,1040.0,3514.4,0.757
6080.0,1040.0,3509.1,0.531
6160.0,1040.0,3504.3,0.763
6240.0,1040.0,3507.3,0.842
6320.0,1040.0,3503.3,0.372
6400.0,1040.0,3503.5,0.264
6480.0,1040.0,3504.7,0.175
6560.0,1040.0,3502.4,-0.187
6640.0,1040.0,3505.1,-0.431
6720.0,1040.0,3500.1,0.004
6800.0,1040.0,3501.9,0.035
6880.0,1040.0,3499.0,-0.179
6960.0,1040.0,3501.5,-0.395
7040.0,1040.0,3494.4,-0.866
7120.0,1040.0,3494.3,-0.498
7200.0,1040.0,3495.5,-0.66
7280.0,1040.0,3497.0,-0.393
7360.0,1040.0,3497.4,-0.359
7440.0,1040.0,3495.1,-0.459
7520.0,1040.0,3495.2,-0.768
7600.0,1040.0,3493.2,-0.756
7680.0,1040.0,3497.6,-0.613
7760.0,1040.0,3499.6,-0.48
7840.0,1040.0,3505.6,-0.093
7920.0,1040.0,3494.0,-0.375
8000.0,1040.0,3495.8,0.07
8080.0,1040.0,3498.0,-0.101
8160.0,1040.0,3497.8,-0.649
8240.0,1040.0,3498.5,-0.06
8320.0,1040.0,3500.2,-0.388
8400.0,1040.0,3500.3,-0.394
8480.0,1040.0,3511.4,-0.782
8560.0,1040.0,3502.3,-0.201
8640.0,1040.0,3511.4,-0.231
8720.0,1040.0,3509.4,0.035
8800.0,1040.0,3509.2,0.141
8880.0,1040.0,3508.2,0.307
8960.0,1040.0,3511.2,-0.068
9040.0,1040.0,3511.1,-0.2
9120.0,1040.0,3513.6,-0.224
9200.0,1040.0,3515.8,0.215
9280.0,1040.0,3515.2,0.572
9360.0,1040.0,3517.6,0.36
9440.0,1040.0,3518.1,0.024
9520.0,1040.0,3520.4,-0.038
9600.0,1040.0,3521.6,-0.064
9680.0,1040.0,3521.3,-0.385
9760.0,1040.0,3523.9,-0.523
9840.0,1040.0,3525.4,-0.245
9920.0,1040.0,3530.0,-0.276
10000.0,1040.0,3529.2,-0.502
10080.0,1040.0,3534.1,-0.547
10160.0,1040.0,3534.7,-0.236
10240.0,1040.0,3531.4,-0.403
10320.0,1040.0,3534.4,-0.23
10400.0,1040.0,3538.1,-0.543
0.0,1120.0,3433.3,2.11
80.0,1120.0,3430.4,2.304
160.0,1120.0,3427.7,2.188
240.0,1120.0,3428.8,2.266
320.0,1120.0,3423.2,2.205
400.0,1120.0,3425.2,2.165
480.0,1120.0,3429.6,2.113
560.0,1120.0,3430.0,2.544
640.0,1120.0,3429.2,2.825
720.0,1120.0,3425.3,2.658
800.0,1120.0,3425.8,2.747
880.0,1120.0,3426.6,3.288
960.0,1120.0,3425.8,2.575
1040.0,1120.0,3425.0,2.225
1120.0,1120.0,3428.1,2.447
1200.0,1120.0,3430.6,2.137
1280.0,1120.0,3435.3,2.012
1360.0,1120.0,3431.0,2.054
1440.0,1120.0,3437.0,2.245
1520.0,1120.0,3433.9,2.472
1600.0,1120.0,3447.7,2.258
1680.0,1120.0,3439.7,1.554
1760.0,1120.0,3449.0,1.304
1840.0,1120.0,3447.6,0.994
1920.0,1120.0,3446.9,1.659
2000.0,1120.0,3444.1,1.341
2080.0,1120.0,3458.5,0.97
2160.0,1120.0,3459.1,1.257
2240.0,1120.0,3465.3,0.991
2320.0,1120.0,3463.5,0.77
2400.0,1120.0,3465.9,0.31
2480.0,1120.0,3471.6,0.296
2560.0,1120.0,3475.7,0.174
2640.0,1120.0,3474.6,0.069
2720.0,1120.0,3485.0,-0.0
2800.0,1120.0,3486.5,-0.343
2880.0,1120.0,3488.4,-0.244
2960.0,1120.0,3494.8,-0.141
3040.0,1120.0,3495.1,-0.618
3120.0,1120.0,3495.2,-0.528
3200.0,1120.0,3499.6,-0.675
3280.0,1120.0,3508.9,-1.037
3360.0,1120.0,3514.5,-1.352
3440.0,1120.0,3508.9,-0.931
3520.0,1120.0,3513.1,-0.879
3600.0,1120.0,3511.6,-0.367
3680.0,1120.0,3518.3,-0.654
3760.0,1120.0,3524.6,-0.576
3840.0,1120.0,3522.1,-0.56
3920.0,1120.0,3523.4,-0.321
4000.0,1120.0,3527.9,-0.574
4080.0,1120.0,3524.9,-0.785
4160.0,1120.0,3525.8,-0.527
4240.0,1120.0,3527.8,-0.402
4320.0,1120.0,3521.2,-0.518
4400.0,1120.0,3529.6,0.239
4480.0,1120.0,3531.4,0.089
4560.0,1120.0,3531.1,-0.25
4640.0,1120.0,3524.5,-0.171
4720.0,1120.0,3527.7,0.206
4800.0,1120.0,3529.6,0.242
4880.0,1120.0,3529.2,0.114
4960.0,1120.0,3524.2,0.128
5040.0,1120.0,3523.6,0.327
5120.0,1120.0,3520.9,0.365
5200.0,1120.0,3523.3,0.022
5280.0,1120.0,3521.3,0.244
5360.0,1120.0,3520.2,0.334
5440.0,1120.0,3522.8,0.523
5520.0,1120.0,3515.4,0.467
5600.0,1120.0,3517.2,0.583
5680.0,1120.0,3512.8,0.394
5760.0,1120.0,3506.9,0.448
5840.0,1120.0,3513.5,0.189
5920.0,1120.0,3510.5,0.42
6000.0,1120.0,3507.0,0.324
6080.0,1120.0,3515.2,0.504
6160.0,1120.0,3502.0,0.98
6240.0,1120.0,3504.2,0.723
6320.0,1120.0,3502.5,0.902
6400.0,1120.0,3505.4,0.602
6480.0,1120.0,3500.3,0.297
6560.0,1120.0,3500.2,-0.282
6640.0,1120.0,3500.7,-0.088
6720.0,1120.0,3503.4,-0.245
6800.0,1120.0,3501.1,0.416
6880.0,1120.0,3493.7,0.253
6960.0,1120.0,3497.5,-0.037
7040.0,1120.0,3495.2,-0.117
7120.0,1120.0,3500.6,-0.123
7200.0,1120.0,3495.6,-0.46
7280.0,1120.0,3500.1,-0.293
7360.0,1120.0,3493.4,-0.22
7440.0,1120.0,3502.1,-0.161
7520.0,1120.0,3494.2,-0.503
7600.0,1120.0,3489.8,-0.648
7680.0,1120.0,3488.0,-0.657
7760.0,1120.0,3495.5,-0.471
7840.0,1120.0,3492.7,-0.232
7920.0,1120.0,3495.0,-0.319
8000.0,1120.0,3495.8,-0.148
8080.0,1120.0,3493.0,0.014
8160.0,1120.0,3499.0,-0.149
8240.0,1120.0,3502.4,-0.101
8320.0,1120.0,3495.6,-0.272
8400.0,1120.0,3505.1,-0.094
8480.0,1120.0,3508.0,-0.553
8560.0,1120.0,3505.4,-0.539
8640.0,1120.0,3504.7,-0.226
8720.0,1120.0,3509.3,0.094
8800.0,1120.0,3506.9,-0.152
8880.0,1120.0,3510.9,-0.026
8960.0,1120.0,3505.0,-0.117
9040.0,1120.0,3506.7,-0.052
9120.0,1120.0,3512.2,-0.185
9200.0,1120.0,3515.5,0.236
9280.0,1120.0,3516.5,0.268
9360.0,1120.0,3516.6,-0.475
9440.0,1120.0,3516.1,-0.312
9520.0,1120.0,3525.3,-0.183
9600.0,1120.0,3514.8,-0.533
9680.0,1120.0,3527.8,-0.328
9760.0,1120.0,3529.5,0.093
9840.0,1120.0,3526.6,-0.141
9920.0,1120.0,3523.8,-0.32
10000.0,1120.0,3533.9,-0.018
10080.0,1120.0,3526.0,-0.462
10160.0,1120.0,3533.8,-0.331
10240.0,1120.0,3530.4,-0.402
10320.0,1120.0,3529.7,-0.337
10400.0,1120.0,3526.5,-0.247
0.0,1200.0,3431.5,2.318
80.0,1200.0,3430.2,2.549
160.0,1200.0,3433.3,1.936
240.0,1200.0,3426.5,2.149
320.0,1200.0,3432.0,2.068
400.0,1200.0,3425.6,2.385
480.0,1200.0,3422.3,2.539
560.0,1200.0,3430.1,2.343
640.0,1200.0,3422.9,2.407
720.0,1200.0,3424.2,2.598
800.0,1200.0,3434.6,2.522
880.0,1200.0,3422.0,3.232
960.0,1200.0,3428.4,2.837
1040.0,1200.0,3429.1,2.406
1120.0,1200.0,3430.3,2.713
1200.0,1200.0,3429.5,2.015
1280.0,1200.0,3433.3,2.677
1360.0,1200.0,3437.9,2.492
1440.0,1200.0,3431.8,2.19
1520.0,1200.0,3436.5,2.503
1600.0,1200.0,3437.4,2.487
1680.0,1200.0,3437.3,1.816
1760.0,1200.0,3438.2,1.833
1840.0,1200.0,3452.8,1.66
1920.0,1200.0,3449.0,1.518
2000.0,1200.0,3447.4,1.19
2080.0,1200.0,3457.3,1.405
2160.0,1200.0,3461.8,1.145
2240.0,1200.0,3459.9,1.282
2320.0,1200.0,3463.2,0.889
2400.0,1200.0,3472.5,1.096
2480.0,1200.0,3472.0,0.916
2560.0,1200.0,3477.3,0.731
2640.0,1200.0,3481.2,0.249
2720.0,1200.0,3486.3,-0.454
2800.0,1200.0,3483.8,0.091
2880.0,1200.0,3490.0,-0.524
2960.0,1200.0,3498.2,-0.092
3040.0,1200.0,3496.0,-0.507
3120.0,1200.0,3497.5,-0.624
3200.0,1200.0,3508.1,-0.829
3280.0,1200.0,3497.9,-0.723
3360.0,1200.0,3501.0,-1.136
3440.0,1200.0,3508.2,-0.827
3520.0,1200.0,3515.1,-0.646
3600.0,1200.0,3510.8,-0.337
3680.0,1200.0,3515.5,-0.448
3760.0,1200.0,3517.1,-0.333
3840.0,1200.0,3520.8,-0.467
3920.0,1200.0,3523.4,-0.67
4000.0,1200.0,3523.6,-0.561
4080.0,1200.0,3523.8,-0.371
4160.0,1200.0,3523.8,-0.3
4240.0,1200.0,3522.2,-0.312
4320.0,1200.0,3522.6,-0.416
4400.0,1200.0,3526.4,0.117
4480.0,1200.0,3526.2,-0.12
4560.0,1200.0,3527.8,-0.54
4640.0,1200.0,3526.2,-0.689
4720.0,1200.0,3527.6,-0.051
4800.0,1200.0,3525.5,0.106
4880.0,1200.0,3522.1,0.011
4960.0,1200.0,3522.6,-0.127
5040.0,1200.0,3524.7,0.366
5120.0,1200.0,3521.1,-0.242
5200.0,1200.0,3516.3,-0.078
5280.0,1200.0,3513.2,0.261
5360.0,1200.0,3516.9,0.405
5440.0,1200.0,3521.9,0.509
5520.0,1200.0,3514.9,0.162
5600.0,1200.0,3515.0,-0.016
5680.0,1200.0,3516.1,-0.065
5760.0,1200.0,3516.4,0.112
5840.0,1200.0,3511.8,0.201
5920.0,1200.0,3513.3,0.509
6000.0,1200.0,3505.3,0.943
6080.0,1200.0,3505.0,0.744
6160.0,1200.0,3506.5,0.457
6240.0,1200.0,3499.7,0.444
6320.0,1200.0,3501.7,0.954
6400.0,1200.0,3504.8,0.646
6480.0,1200.0,3496.1,0.232
6560.0,1200.0,3500.6,0.4
6640.0,1200.0,3499.6,-0.283
6720.0,1200.0,3501.7,-0.004
6800.0,1200.0,3497.3,0.034
6880.0,1200.0,3498.5,-0.229
6960.0,1200.0,3498.3,0.279
7040.0,1200.0,3497.9,0.037
7120.0,1200.0,3499.2,0.116
7200.0,1200.0,3495.3,-0.377
7280.0,1200.0,3495.0,-0.359
7360.0,1200.0,3494.5,-0.513
7440.0,1200.0,3497.1,-0.504
7520.0,1200.0,3487.7,0.069
7600.0,1200.0,3491.3,-0.534
7680.0,1200.0,3493.3,-0.274
7760.0,1200.0,3489.4,-0.388
7840.0,1200.0,3493.6,-0.167
7920.0,1200.0,3491.3,0.16
8000.0,1200.0,3496.7,-0.118
8080.0,1200.0,3495.3,0.406
8160.0,1200.0,3494.6,0.065
8240.0,1200.0,3499.1,-0.303
8320.0,1200.0,3500.5,-0.215
8400.0,1200.0,3502.9,-0.283
8480.0,1200.0,3499.9,0.005
8560.0,1200.0,3504.3,-0.199
8640.0,1200.0,3504.1,-0.252
8720.0,1200.0,3504.2,0.652
8800.0,1200.0,3507.0,0.108
8880.0,1200.0,3509.0,-0.125
8960.0,1200.0,3512.7,0.105
9040.0,1200.0,3511.2,0.627
9120.0,1200.0,3505.0,-0.341
9200.0,1200.0,3515.4,-0.008
9280.0,1200.0,3514.5,0.378
9360.0,1200.0,3517.9,-0.285
9440.0,1200.0,3512.9,-0.427
9520.0,1200.0,3520.0,-0.063
9600.0,1200.0,3520.8,-0.32
9680.0,1200.0,3517.3,-0.332
9760.0,1200.0,3521.8,-0.691
9840.0,1200.0,3524.1,-0.723
9920.0,1200.0,3520.5,-0.62
10000.0,1200.0,3527.4,-0.167
10080.0,1200.0,3526.0,-0.46
10160.0,1200.0,3529.7,-0.151
10240.0,1200.0,3527.4,-0.122
10320.0,1200.0,3531.0,-0.11
10400.0,1200.0,3530.9,-0.221
0.0,1280.0,3429.3,1.889
80.0,1280.0,3434.2,1.852
160.0,1280.0,3426.7,2.436
240.0,1280.0,3429.0,2.386
320.0,1280.0,3428.1,2.086
400.0,1280.0,3423.0,2.199
480.0,1280.0,3427.0,2.511
560.0,1280.0,3430.5,2.424
640.0,1280.0,3420.5,2.292
720.0,1280.0,3424.3,2.803
800.0,1280.0,3426.6,2.466
880.0,1280.0,3427.5,2.552
960.0,1280.0,3424.4,2.296
1040.0,1280.0,3423.5,2.368
1120.0,1280.0,3424.8,2.645
1200.0,1280.0,3434.9,2.84
1280.0,1280.0,3428.4,2.354
1360.0,1280.0,3427.0,2.119
1440.0,1280.0,3434.9,2.472
1520.0,1280.0,3438.1,2.35
1600.0,1280.0,3436.9,1.895
1680.0,1280.0,3440.6,2.27
1760.0,1280.0,3446.6,2.272
1840.0,1280.0,3444.9,1.994
1920.0,1280.0,3446.7,1.589
2000.0,1280.0,3453.0,1.29
2080.0,1280.0,3452.6,1.1
2160.0,1280.0,3462.5,1.218
2240.0,1280.0,3456.8,1.01
2320.0,1280.0,3463.9,1.29
2400.0,1280.0,3469.6,1.331
2480.0,1280.0,3465.2,1.374
2560.0,1280.0,3473.1,0.32
2640.0,1280.0,3472.4,-0.064
2720.0,1280.0,3484.3,0.306
2800.0,1280.0,3480.6,-0.193
2880.0,1280.0,3484.8,-0.527
2960.0,1280.0,3491.0,-0.488
3040.0,1280.0,3496.3,-0.581
3120.0,1280.0,3492.0,-0.696
3200.0,1280.0,3498.0,-0.863
3280.0,1280.0,3500.4,-0.59
3360.0,1280.0,3503.4,-1.277
3440.0,1280.0,3511.1,-1.143
3520.0,1280.0,3510.9,-0.417
3600.0,1280.0,3510.9,-0.376
3680.0,1280.0,3513.1,-0.914
3760.0,1280.0,3516.1,-0.608
3840.0,1280.0,3521.0,-0.479
3920.0,1280.0,3518.3,-0.356
4000.0,1280.0,3517.1,-0.347
4080.0,1280.0,3524.9,-0.821
4160.0,1280.0,3521.9,-0.405
4240.0,1280.0,3524.9,-0.37
4320.0,1280.0,3522.2,-0.225
4400.0,1280.0,3525.5,-0.468
4480.0,1280.0,3527.3,-0.684
4560.0,1280.0,3525.5,-0.071
4640.0,1280.0,3523.2,-0.337
4720.0,1280.0,3526.6,-0.277
4800.0,1280.0,3521.2,-0.024
4880.0,1280.0,3519.8,-0.419
4960.0,1280.0,3525.6,-0.005
5040.0,1280.0,3517.4,-0.413
5120.0,1280.0,3520.9,-0.171
5200.0,1280.0,3509.1,0.428
5280.0,1280.0,3521.0,0.206
5360.0,1280.0,3516.6,0.363
5440.0,1280.0,3518.7,-0.048
5520.0,1280.0,3512.0,0.402
5600.0,1280.0,3512.0,-0.218
5680.0,1280.0,3513.7,-0.3
5760.0,1280.0,3505.2,-0.423
5840.0,1280.0,3499.7,0.197
5920.0,1280.0,3506.7,0.242
6000.0,1280.0,3508.3,0.46
6080.0,1280.0,3505.6,0.478
6160.0,1280.0,3505.2,0.377
6240.0,1280.0,3502.2,0.269
6320.0,1280.0,3500.1,0.499
6400.0,1280.0,3504.2,0.855
6480.0,1280.0,3497.2,0.529
6560.0,1280.0,3501.6,-0.03
6640.0,1280.0,3497.3,0.249
6720.0,1280.0,3499.5,0.192
6800.0,1280.0,3493.1,0.173
6880.0,1280.0,3492.2,0.187
6960.0,1280.0,3494.9,-0.229
7040.0,1280.0,3488.1,0.066
7120.0,1280.0,3495.0,0.007
7200.0,1280.0,3493.9,-0.147
7280.0,1280.0,3492.0,-0.274
7360.0,1280.0,3488.8,0.041
7440.0,1280.0,3491.2,-0.222
7520.0,1280.0,3494.2,-0.082
7600.0,1280.0,3496.4,0.08
7680.0,1280.0,3490.2,-0.124
7760.0,1280.0,3487.3,0.152
7840.0,1280.0,3497.8,0.076
7920.0,1280.0,3492.1,-0.545
8000.0,1280.0,3492.5,-0.006
8080.0,1280.0,3497.7,-0.183
8160.0,1280.0,3496.6,-0.275
8240.0,1280.0,3496.1,-0.248
8320.0,1280.0,3499.2,0.133
8400.0,1280.0,3496.1,0.208
8480.0,1280.0,3499.1,-0.007
8560.0,1280.0,3502.9,0.12
8640.0,1280.0,3500.1,0.168
8720.0,1280.0,3501.8,0.374
8800.0,1280.0,3507.8,0.024
8880.0,1280.0,3502.8,0.569
8960.0,1280.0,3508.8,0.171
9040.0,1280.0,3510.4,0.822
9120.0,1280.0,3510.2,0.14
9200.0,1280.0,3512.5,0.675
9280.0,1280.0,3517.3,-0.113
9360.0,1280.0,3513.8,-0.277
9440.0,1280.0,3516.9,0.116
9520.0,1280.0,3516.7,-0.557
9600.0,1280.0,3517.2,-0.383
9680.0,1280.0,3518.6,-0.153
9760.0,1280.0,3521.6,-0.662
9840.0,1280.0,3524.7,-0.481
9920.0,1280.0,3521.1,-0.193
10000.0,1280.0,3523.7,-0.117
10080.0,1280.0,3529.1,-0.817
10160.0,1280.0,3529.1,-0.169
10240.0,1280.0,3530.5,-0.241
10320.0,1280.0,3532.8,-0.669
10400.0,1280.0,3529.6,-0.226
0.0,1360.0,3437.9,1.566
80.0,1360.0,3435.1,2.155
160.0,1360.0,3428.2,1.923
240.0,1360.0,3426.5,1.504
320.0,1360.0,3423.3,2.345
400.0,1360.0,3429.0,1.939
480.0,1360.0,3426.5,2.521
560.0,1360.0,3424.9,2.504
640.0,1360.0,3429.7,2.029
720.0,1360.0,3425.4,2.342
800.0,1360.0,3428.0,2.365
880.0,1360.0,3421.6,2.354
960.0,1360.0,3430.2,2.462
1040.0,1360.0,3430.5,2.619
1120.0,1360.0,3430.2,2.95
1200.0,1360.0,3430.7,2.158
1280.0,1360.0,3429.8,2.568
1360.0,1360.0,3431.1,2.133
1440.0,1360.0,3430.7,2.451
1520.0,1360.0,3435.3,1.689
1600.0,1360.0,3435.9,2.239
1680.0,1360.0,3440.0,2.42
1760.0,1360.0,3442.7,2.26
1840.0,1360.0,3446.7,2.185
1920.0,1360.0,3445.5,1.903
2000.0,1360.0,3451.5,1.394
2080.0,1360.0,3450.8,0.985
2160.0,1360.0,3454.2,0.786
2240.0,1360.0,3459.0,0.911
2320.0,1360.0,3459.2,1.359
2400.0,1360.0,3471.4,1.08
2480.0,1360.0,3470.0,1.11
2560.0,1360.0,3469.2,0.714
2640.0,1360.0,3473.6,0.26
2720.0,1360.0,3480.1,-0.345
2800.0,1360.0,3481.8,0.151
2880.0,1360.0,3484.5,0.174
2960.0,1360.0,3486.4,-0.439
3040.0,1360.0,3494.1,-0.469
3120.0,1360.0,3496.3,-0.286
3200.0,1360.0,3499.5,-0.662
3280.0,1360.0,3505.9,-0.648
3360.0,1360.0,3508.5,-0.748
3440.0,1360.0,3509.4,-0.573
3520.0,1360.0,3509.1,-0.723
3600.0,1360.0,3510.1,-0.84
3680.0,1360.0,3514.0,-0.486
3760.0,1360.0,3512.5,-0.547
3840.0,1360.0,3515.4,-0.658
3920.0,1360.0,3516.2,-0.489
4000.0,1360.0,3516.9,-0.989
4080.0,1360.0,3523.9,-0.543
4160.0,1360.0,3523.9,-0.599
4240.0,1360.0,3524.0,-0.351
4320.0,1360.0,3519.1,-0.755
4400.0,1360.0,3515.5,-0.366
4480.0,1360.0,3525.2,-0.388
4560.0,1360.0,3519.3,-0.347
4640.0,1360.0,3520.4,-0.327
4720.0,1360.0,3526.6,-0.123
4800.0,1360.0,3519.4,-0.218
4880.0,1360.0,3516.5,-0.249
4960.0,1360.0,3515.0,-0.161
5040.0,1360.0,3519.4,-0.308
5120.0,1360.0,3514.5,-0.09
5200.0,1360.0,3517.9,0.177
5280.0,1360.0,3516.3,0.147
5360.0,1360.0,3513.3,0.156
5440.0,1360.0,3513.6,0.064
5520.0,1360.0,3509.8,0.3
5600.0,1360.0,3515.6,-0.056
5680.0,1360.0,3506.9,0.165
5760.0,1360.0,3508.0,-0.209
5840.0,1360.0,3503.5,0.078
5920.0,1360.0,3500.6,0.096
6000.0,1360.0,3506.3,0.175
6080.0,1360.0,3502.3,0.473
6160.0,1360.0,3503.7,0.32
6240.0,1360.0,3500.5,0.675
6320.0,1360.0,3497.8,0.044
6400.0,1360.0,3500.2,0.084
6480.0,1360.0,3499.8,0.278
6560.0,1360.0,3492.8,0.4
6640.0,1360.0,3496.7,0.273
6720.0,1360.0,3495.4,0.311
6800.0,1360.0,3499.7,0.329
6880.0,1360.0,3496.8,0.399
6960.0,1360.0,3491.1,0.441
7040.0,1360.0,3491.2,-0.26
7120.0,1360.0,3495.3,0.58
7200.0,1360.0,3493.4,0.704
7280.0,1360.0,3489.5,-0.015
7360.0,1360.0,3493.2,-0.074
7440.0,1360.0,3492.7,0.202
7520.0,1360.0,3491.4,-0.259
7600.0,1360.0,3495.5,0.07
7680.0,1360.0,3495.3,0.01
7760.0,1360.0,3491.9,0.139
7840.0,1360.0,3488.3,0.261
7920.0,1360.0,3488.3,-0.005
8000.0,1360.0,3488.4,-0.358
8080.0,1360.0,3494.4,-0.068
8160.0,1360.0,3494.4,-0.039
8240.0,1360.0,3495.0,-0.202
8320.0,1360.0,3497.1,0.305
8400.0,1360.0,3501.0,-0.245
8480.0,1360.0,3499.9,-0.446
8560.0,1360.0,3495.3,-0.305
8640.0,1360.0,3490.0,0.511
8720.0,1360.0,3501.5,0.266
8800.0,1360.0,3496.2,0.654
8880.0,1360.0,3508.2,-0.062
8960.0,1360.0,3508.6,0.077
9040.0,1360.0,3503.8,-0.168
9120.0,1360.0,3506.4,0.02
9200.0,1360.0,3509.2,-0.382
9280.0,1360.0,3513.3,0.27
9360.0,1360.0,3511.0,0.269
9440.0,1360.0,3510.0,0.167
9520.0,1360.0,3515.6,-0.347
9600.0,1360.0,3515.3,-0.017
9680.0,1360.0,3515.5,-0.228
9760.0,1360.0,3521.0,-0.182
9840.0,1360.0,3518.4,-0.491
9920.0,1360.0,3520.7,-0.353
10000.0,1360.0,3521.8,-0.276
10080.0,1360.0,3526.0,-0.604
10160.0,1360.0,3524.0,-0.549
10240.0,1360.0,3525.1,0.067
10320.0,1360.0,3527.7,-0.298
10400.0,1360.0,3529.4,-0.343
0.0,1440.0,3432.5,2.038
80.0,1440.0,3433.4,1.917
160.0,1440.0,3432.3,2.123
240.0,1440.0,3437.3,1.231
320.0,1440.0,3433.8,2.042
400.0,1440.0,3431.9,2.073
480.0,1440.0,3429.1,2.125
560.0,1440.0,3430.7,2.279
640.0,1440.0,3426.7,2.002
720.0,1440.0,3429.1,1.981
800.0,1440.0,3423.0,2.185
880.0,1440.0,3426.1,2.401
960.0,1440.0,3428.5,2.31
1040.0,1440.0,3430.6,2.204
1120.0,1440.0,3432.4,2.668
1200.0,1440.0,3434.4,2.514
1280.0,1440.0,3430.6,2.389
1360.0,1440.0,3438.5,1.903
1440.0,1440.0,3433.2,2.121
1520.0,1440.0,3431.4,2.29
1600.0,1440.0,3439.1,2.726
1680.0,1440.0,3441.3,2.109
1760.0,1440.0,3443.4,2.32
1840.0,1440.0,3445.7,2.213
1920.0,1440.0,3453.4,2.292
2000.0,1440.0,3449.1,1.771
2080.0,1440.0,3449.1,1.43
2160.0,1440.0,3459.7,1.035
2240.0,1440.0,3464.6,0.779
2320.0,1440.0,3460.3,1.197
2400.0,1440.0,3460.9,1.099
2480.0,1440.0,3468.2,0.737
2560.0,1440.0,3467.7,0.94
2640.0,1440.0,3472.3,0.763
2720.0,1440.0,3473.0,0.352
2800.0,1440.0,3479.4,-0.036
2880.0,1440.0,3486.7,-0.186
2960.0,1440.0,3493.7,-0.487
3040.0,1440.0,3491.5,-0.752
3120.0,1440.0,3495.7,-0.239
3200.0,1440.0,3495.8,-0.74
3280.0,1440.0,3498.4,-0.553
3360.0,1440.0,3508.9,-0.856
3440.0,1440.0,3505.9,-0.753
3520.0,1440.0,3501.9,-0.522
3600.0,1440.0,3505.8,-1.022
3680.0,1440.0,3509.3,-0.387
3760.0,1440.0,3510.8,-0.719
3840.0,1440.0,3513.2,-0.536
3920.0,1440.0,3511.2,-0.318
4000.0,1440.0,3519.4,-0.551
4080.0,1440.0,3520.3,-0.162
4160.0,1440.0,3514.7,-0.241
4240.0,1440.0,3522.4,-0.614
4320.0,1440.0,3521.9,-0.476
4400.0,1440.0,3513.3,-0.653
4480.0,1440.0,3520.7,-0.292
4560.0,1440.0,3514.0,-0.727
4640.0,1440.0,3517.3,-0.793
4720.0,1440.0,3511.5,-0.655
4800.0,1440.0,3517.2,-0.149
4880.0,1440.0,3516.9,-0.258
4960.0,1440.0,3517.5,-0.439
5040.0,1440.0,3517.3,-0.416
5120.0,1440.0,3517.5,-0.186
5200.0,1440.0,3511.5,-0.072
5280.0,1440.0,3509.3,0.206
5360.0,1440.0,3513.3,0.27
5440.0,1440.0,3513.1,0.203
5520.0,1440.0,3510.0,0.169
5600.0,1440.0,3509.4,0.137
5680.0,1440.0,3502.0,0.232
5760.0,1440.0,3500.9,0.798
5840.0,1440.0,3503.6,0.615
5920.0,1440.0,3504.3,0.023
6000.0,1440.0,3499.7,0.126
6080.0,1440.0,3498.8,0.343
6160.0,1440.0,3502.1,0.47
6240.0,1440.0,3498.1,0.27
6320.0,1440.0,3495.9,0.282
6400.0,1440.0,3492.7,0.549
6480.0,1440.0,3492.5,-0.347
6560.0,1440.0,3488.7,-0.078
6640.0,1440.0,3489.5,0.481
6720.0,1440.0,3487.7,0.451
6800.0,1440.0,3488.8,0.57
6880.0,1440.0,3491.6,0.295
6960.0,1440.0,3493.1,0.413
7040.0,1440.0,3487.3,0.392
7120.0,1440.0,3489.6,0.588
7200.0,1440.0,3485.2,0.062
7280.0,1440.0,3482.3,0.128
7360.0,1440.0,3488.0,0.155
7440.0,1440.0,3483.8,0.296
7520.0,1440.0,3493.8,-0.078
7600.0,1440.0,3489.4,0.193
7680.0,1440.0,3486.9,-0.016
7760.0,1440.0,3487.4,-0.185
7840.0,1440.0,3490.3,-0.246
7920.0,1440.0,3493.6,-0.154
8000.0,1440.0,3488.6,-0.172
8080.0,1440.0,3493.9,0.184
8160.0,1440.0,3493.3,0.242
8240.0,1440.0,3491.2,-0.007
8320.0,1440.0,3494.7,0.306
8400.0,1440.0,3496.7,-0.252
8480.0,1440.0,3490.8,-0.44
8560.0,1440.0,3494.0,0.179
8640.0,1440.0,3496.5,0.088
8720.0,1440.0,3501.3,0.181
8800.0,1440.0,3505.1,0.152
8880.0,1440.0,3502.5,0.58
8960.0,1440.0,3505.1,0.496
9040.0,1440.0,3505.9,0.156
9120.0,1440.0,3507.7,0.119
9200.0,1440.0,3508.3,0.115
9280.0,1440.0,3510.0,0.17
9360.0,1440.0,3511.1,0.42
9440.0,1440.0,3513.5,0.284
9520.0,1440.0,3513.8,-0.293
9600.0,1440.0,3520.7,-0.157
9680.0,1440.0,3514.7,-0.122
9760.0,1440.0,3516.8,0.027
9840.0,1440.0,3527.8,-0.205
9920.0,1440.0,3520.0,-0.343
10000.0,1440.0,3523.9,-0.265
10080.0,1440.0,3525.0,-0.499
10160.0,1440.0,3528.5,-0.485
10240.0,1440.0,3529.1,-0.576
10320.0,1440.0,3530.3,-0.725
10400.0,1440.0,3527.3,-0.379
0.0,1520.0,3439.1,1.365
80.0,1520.0,3429.6,2.08
160.0,1520.0,3431.2,1.935
240.0,1520.0,3429.6,2.216
320.0,1520.0,3432.5,2.179
400.0,1520.0,3434.7,2.146
480.0,1520.0,3430.1,2.249
560.0,1520.0,3429.4,2.047
640.0,1520.0,3430.7,1.958
720.0,1520.0,3431.0,2.146
800.0,1520.0,3429.5,1.554
880.0,1520.0,3427.0,1.67
960.0,1520.0,3426.2,2.146
1040.0,1520.0,3435.2,2.17
1120.0,1520.0,3431.2,2.411
1200.0,1520.0,3426.5,2.883
1280.0,1520.0,3430.5,1.95
1360.0,1520.0,3433.4,1.811
1440.0,1520.0,3437.1,2.296
1520.0,1520.0,3440.5,2.62
1600.0,1520.0,3442.2,2.012
1680.0,1520.0,3444.0,1.873
1760.0,1520.0,3449.3,2.05
1840.0,1520.0,3445.2,1.993
1920.0,1520.0,3446.4,2.033
2000.0,1520.0,3453.2,1.463
2080.0,1520.0,3449.9,1.487
2160.0,1520.0,3453.4,1.189
2240.0,1520.0,3455.1,0.701
2320.0,1520.0,3460.1,1.146
2400.0,1520.0,3465.8,0.683
2480.0,1520.0,3469.1,0.875
2560.0,1520.0,3471.8,0.829
2640.0,1520.0,3477.2,0.995
2720.0,1520.0,3474.8,0.874
2800.0,1520.0,3481.2,0.732
2880.0,1520.0,3489.3,0.199
2960.0,1520.0,3484.1,0.021
3040.0,1520.0,3484.5,-0.235
3120.0,1520.0,3494.6,-0.321
3200.0,1520.0,3496.8,-0.815
3280.0,1520.0,3501.4,-0.664
3360.0,1520.0,3502.0,-0.754
3440.0,1520.0,3504.2,-0.967
3520.0,1520.0,3503.0,-0.492
3600.0,1520.0,3508.4,-0.338
3680.0,1520.0,3505.1,-0.185
3760.0,1520.0,3514.1,-0.547
3840.0,1520.0,3509.1,-0.883
3920.0,1520.0,3507.2,-0.535
4000.0,1520.0,3512.4,-0.288
4080.0,1520.0,3517.4,-0.415
4160.0,1520.0,3515.2,-0.395
4240.0,1520.0,3509.9,-0.35
4320.0,1520.0,3512.2,-0.585
4400.0,1520.0,3519.2,-0.308
4480.0,1520.0,3519.3,-0.726
4560.0,1520.0,3517.8,-0.495
4640.0,1520.0,3516.2,-0.784
4720.0,1520.0,3521.2,-0.648
4800.0,1520.0,3515.2,-0.561
4880.0,1520.0,3515.9,-0.74
4960.0,1520.0,3508.1,-0.712
5040.0,1520.0,3506.5,-1.023
5120.0,1520.0,3512.1,0.025
5200.0,1520.0,3508.8,0.043
5280.0,1520.0,3505.8,-0.105
5360.0,1520.0,3507.3,0.104
5440.0,1520.0,3505.4,-0.069
5520.0,1520.0,3501.1,0.179
5600.0,1520.0,3509.4,0.059
5680.0,1520.0,3503.8,0.438
5760.0,1520.0,3494.9,0.433
5840.0,1520.0,3503.7,0.548
5920.0,1520.0,3501.6,0.497
6000.0,1520.0,3496.7,0.009
6080.0,1520.0,3495.8,-0.028
6160.0,1520.0,3501.4,0.613
6240.0,1520.0,3503.3,-0.091
6320.0,1520.0,3495.5,-0.116
6400.0,1520.0,3490.2,-0.088
6480.0,1520.0,3495.4,0.325
6560.0,1520.0,3490.5,-0.218
6640.0,1520.0,3495.9,0.319
6720.0,1520.0,3489.0,0.334
6800.0,1520.0,3486.6,0.479
6880.0,1520.0,3491.2,0.473
6960.0,1520.0,3490.2,0.395
7040.0,1520.0,3490.4,0.111
7120.0,1520.0,3484.6,0.159
7200.0,1520.0,3490.7,0.445
7280.0,1520.0,3487.4,0.037
7360.0,1520.0,3483.8,0.048
7440.0,1520.0,3489.0,0.307
7520.0,1520.0,3492.9,0.135
7600.0,1520.0,3483.2,0.356
7680.0,1520.0,3493.8,0.079
7760.0,1520.0,3484.2,0.266
7840.0,1520.0,3492.6,0.063
7920.0,1520.0,3482.3,-0.146
8000.0,1520.0,3485.9,-0.21
8080.0,1520.0,3492.1,0.276
8160.0,1520.0,3491.5,-0.214
8240.0,1520.0,3493.8,0.043
8320.0,1520.0,3493.7,-0.191
8400.0,1520.0,3497.9,0.009
8480.0,1520.0,3492.1,0.157
8560.0,1520.0,3501.7,0.403
8640.0,1520.0,3503.0,-0.053
8720.0,1520.0,3495.8,-0.137
8800.0,1520.0,3502.4,0.016
8880.0,1520.0,3498.4,0.17
8960.0,1520.0,3503.4,0.222
9040.0,1520.0,3505.1,0.264
9120.0,1520.0,3508.8,0.007
9200.0,1520.0,3504.8,-0.035
9280.0,1520.0,3511.3,0.287
9360.0,1520.0,3509.4,-0.081
9440.0,1520.0,3515.4,0.074
9520.0,1520.0,3514.2,0.059
9600.0,1520.0,3509.6,-0.224
9680.0,1520.0,3518.9,0.074
9760.0,1520.0,3515.8,-0.085
9840.0,1520.0,3518.4,-0.148
9920.0,1520.0,3512.9,-0.535
10000.0,1520.0,3526.1,-0.996
10080.0,1520.0,3524.1,-0.595
10160.0,1520.0,3530.4,-0.569
10240.0,1520.0,3527.3,-0.523
10320.0,1520.0,3533.2,-0.657
10400.0,1520.0,3528.4,-0.757
0.0,1600.0,3440.0,1.712
80.0,1600.0,3436.5,1.769
160.0,1600.0,3432.7,1.549
240.0,1600.0,3432.2,2.469
320.0,1600.0,3434.6,1.554
400.0,1600.0,3432.2,1.971
480.0,1600.0,3424.1,2.057
560.0,1600.0,3427.8,2.281
640.0,1600.0,3429.5,2.284
720.0,1600.0,3427.3,2.039
800.0,1600.0,3430.2,1.757
880.0,1600.0,3430.2,1.863
960.0,1600.0,3428.1,1.766
1040.0,1600.0,3432.8,2.32
1120.0,1600.0,3433.6,2.38
1200.0,1600.0,3432.0,2.107
1280.0,1600.0,3434.0,2.181
1360.0,1600.0,3433.7,2.004
1440.0,1600.0,3437.0,1.918
1520.0,1600.0,3427.6,2.051
1600.0,1600.0,3438.8,2.344
1680.0,1600.0,3441.7,2.454
1760.0,1600.0,3442.9,2.164
1840.0,1600.0,3443.9,1.983
1920.0,1600.0,3442.7,1.481
2000.0,1600.0,3449.3,1.662
2080.0,1600.0,3453.2,1.224
2160.0,1600.0,3457.7,1.053
2240.0,1600.0,3458.2,1.436
2320.0,1600.0,3457.1,0.34
2400.0,1600.0,3456.5,1.028
2480.0,1600.0,3464.6,1.048
2560.0,1600.0,3468.4,1.09
2640.0,1600.0,3477.2,0.864
2720.0,1600.0,3476.5,0.77
2800.0,1600.0,3478.6,1.032
2880.0,1600.0,3481.3,0.343
2960.0,1600.0,3481.7,-0.204
3040.0,1600.0,3484.2,-0.382
3120.0,1600.0,3486.0,-0.585
3200.0,1600.0,3492.8,-0.01
3280.0,1600.0,3492.1,-0.754
3360.0,1600.0,3495.4,-0.896
3440.0,1600.0,3499.6,-0.63
3520.0,1600.0,3512.0,-0.955
3600.0,1600.0,3504.2,-0.817
3680.0,1600.0,3508.2,-1.138
3760.0,1600.0,3503.6,-0.843
3840.0,1600.0,3514.2,-0.703
3920.0,1600.0,3508.9,-0.449
4000.0,1600.0,3512.8,-0.599
4080.0,1600.0,3515.3,-0.149
4160.0,1600.0,3514.9,-0.285
4240.0,1600.0,3522.1,-0.221
4320.0,1600.0,3515.2,-0.287
4400.0,1600.0,3514.5,-0.537
4480.0,1600.0,3511.9,-0.623
4560.0,1600.0,3514.1,-0.779
4640.0,1600.0,3513.9,-0.907
4720.0,1600.0,3510.8,-0.603
4800.0,1600.0,3513.7,-0.546
4880.0,1600.0,3512.2,-0.592
4960.0,1600.0,3513.5,-1.383
5040.0,1600.0,3504.3,-0.73
5120.0,1600.0,3512.3,-0.589
5200.0,1600.0,3507.6,-0.213
5280.0,1600.0,3504.9,0.066
5360.0,1600.0,3498.5,0.222
5440.0,1600.0,3503.1,-0.432
5520.0,1600.0,3502.4,-0.098
5600.0,1600.0,3507.5,0.538
5680.0,1600.0,3503.7,0.592
5760.0,1600.0,3502.4,0.318
5840.0,1600.0,3505.7,0.619
5920.0,1600.0,3498.7,0.462
6000.0,1600.0,3496.8,0.653
6080.0,1600.0,3495.9,-0.207
6160.0,1600.0,3495.7,0.331
6240.0,1600.0,3488.4,-0.288
6320.0,1600.0,3493.5,-0.292
6400.0,1600.0,3497.7,-0.172
6480.0,1600.0,3486.7,-0.296
6560.0,1600.0,3486.0,0.417
6640.0,1600.0,3489.4,-0.004
6720.0,1600.0,3492.6,0.348
6800.0,1600.0,3481.9,0.508
6880.0,1600.0,3488.0,0.613
6960.0,1600.0,3495.9,0.192
7040.0,1600.0,3492.6,0.204
7120.0,1600.0,3483.9,0.108
7200.0,1600.0,3483.8,0.04
7280.0,1600.0,3487.2,0.389
7360.0,1600.0,3486.0,0.82
7440.0,1600.0,3487.2,0.396
7520.0,1600.0,3480.1,0.119
7600.0,1600.0,3485.5,0.182
7680.0,1600.0,3489.0,0.092
7760.0,1600.0,3489.2,-0.138
7840.0,1600.0,3488.2,0.149
7920.0,1600.0,3488.8,-0.254
8000.0,1600.0,3491.0,0.328
8080.0,1600.0,3486.2,-0.241
8160.0,1600.0,3489.4,0.234
8240.0,1600.0,3491.7,0.089
8320.0,1600.0,3487.5,0.192
8400.0,1600.0,3497.5,0.268
8480.0,1600.0,3494.3,0.246
8560.0,1600.0,3496.5,0.419
8640.0,1600.0,3502.7,0.113
8720.0,1600.0,3497.7,0.008
8800.0,1600.0,3504.5,-0.03
8880.0,1600.0,3500.1,0.034
8960.0,1600.0,3502.5,0.092
9040.0,1600.0,3505.2,0.225
9120.0,1600.0,3502.5,0.134
9200.0,1600.0,3503.7,0.327
9280.0,1600.0,3508.6,-0.416
9360.0,1600.0,3504.4,0.027
9440.0,1600.0,3518.5,0.388
9520.0,1600.0,3515.4,-0.011
9600.0,1600.0,3511.5,0.132
9680.0,1600.0,3514.9,-0.1
9760.0,1600.0,3517.5,-0.25
9840.0,1600.0,3519.9,0.033
9920.0,1600.0,3520.2,-0.274
10000.0,1600.0,3516.5,-0.504
10080.0,1600.0,3528.7,-0.865
10160.0,1600.0,3527.4,-0.346
10240.0,1600.0,3524.6,-0.396
10320.0,1600.0,3524.5,-0.496
10400.0,1600.0,3527.1,-0.606
0.0,1680.0,3441.8,1.244
80.0,1680.0,3436.4,1.762
160.0,1680.0,3433.7,1.824
240.0,1680.0,3431.0,1.739
320.0,1680.0,3436.8,2.163
400.0,1680.0,3431.5,2.531
480.0,1680.0,3435.5,2.323
560.0,1680.0,3434.9,2.751
640.0,1680.0,3426.0,2.412
720.0,1680.0,3428.2,2.077
800.0,1680.0,3428.7,2.348
880.0,1680.0,3428.2,2.148
960.0,1680.0,3431.2,2.276
1040.0,1680.0,3430.3,2.128
1120.0,1680.0,3428.2,2.047
1200.0,1680.0,3434.1,2.105
1280.0,1680.0,3435.3,2.414
1360.0,1680.0,3441.0,2.017
1440.0,1680.0,3431.3,1.93
1520.0,1680.0,3436.9,2.217
1600.0,1680.0,3442.2,1.997
1680.0,1680.0,3436.6,2.095
1760.0,1680.0,3436.3,2.109
1840.0,1680.0,3444.3,1.541
1920.0,1680.0,3447.8,1.716
2000.0,1680.0,3452.3,1.771
2080.0,1680.0,3456.9,2.072
2160.0,1680.0,3453.1,1.399
2240.0,1680.0,3453.2,1.058
2320.0,1680.0,3459.4,1.438
2400.0,1680.0,3465.8,1.587
2480.0,1680.0,3461.0,1.038
2560.0,1680.0,3459.3,1.289
2640.0,1680.0,3474.0,0.836
2720.0,1680.0,3479.0,0.849
2800.0,1680.0,3478.7,0.627
2880.0,1680.0,3479.7,0.717
2960.0,1680.0,3485.2,0.137
3040.0,1680.0,3484.6,-0.415
3120.0,1680.0,3490.8,-0.53
3200.0,1680.0,3489.9,-0.141
3280.0,1680.0,3491.2,0.023
3360.0,1680.0,3497.6,-0.653
3440.0,1680.0,3498.4,-0.809
3520.0,1680.0,3497.8,-0.806
3600.0,1680.0,3504.9,-0.632
3680.0,1680.0,3503.0,-1.113
3760.0,1680.0,3507.7,-1.125
3840.0,1680.0,3507.7,-0.729
3920.0,1680.0,3507.7,-0.148
4000.0,1680.0,3506.4,-1.345
4080.0,1680.0,3511.4,-0.81
4160.0,1680.0,3507.2,-0.663
4240.0,1680.0,3510.1,-0.03
4320.0,1680.0,3511.1,-0.602
4400.0,1680.0,3511.3,-0.929
4480.0,1680.0,3514.7,-0.538
4560.0,1680.0,3510.4,-0.461
4640.0,1680.0,3505.9,-0.48
4720.0,1680.0,3514.1,-1.15
4800.0,1680.0,3508.0,-0.617
4880.0,1680.0,3513.7,-0.317
4960.0,1680.0,3507.0,-0.49
5040.0,1680.0,3509.7,-1.002
5120.0,1680.0,3511.0,-0.016
5200.0,1680.0,3505.7,0.073
5280.0,1680.0,3506.4,-0.35
5360.0,1680.0,3501.5,-0.053
5440.0,1680.0,3502.4,-0.005
5520.0,1680.0,3499.5,0.288
5600.0,1680.0,3504.4,-0.268
5680.0,1680.0,3500.9,-0.188
5760.0,1680.0,3499.9,0.018
5840.0,1680.0,3499.3,0.25
5920.0,1680.0,3497.5,0.199
6000.0,1680.0,3493.3,0.149
6080.0,1680.0,3489.0,-0.409
6160.0,1680.0,3493.0,-0.156
6240.0,1680.0,3490.3,-0.315
6320.0,1680.0,3487.6,0.348
6400.0,1680.0,3487.7,-0.213
6480.0,1680.0,3487.6,-0.574
6560.0,1680.0,3490.1,0.057
6640.0,1680.0,3491.6,-0.076
6720.0,1680.0,3491.2,0.154
6800.0,1680.0,3485.5,0.579
6880.0,1680.0,3487.2,0.333
6960.0,1680.0,3486.3,0.725
7040.0,1680.0,3485.3,0.537
7120.0,1680.0,3483.4,0.361
7200.0,1680.0,3483.0,0.093
7280.0,1680.0,3484.0,0.342
7360.0,1680.0,3480.7,0.816
7440.0,1680.0,3482.9,0.559
7520.0,1680.0,3480.1,0.61
7600.0,1680.0,3485.5,0.343
7680.0,1680.0,3483.9,0.477
7760.0,1680.0,3484.7,-0.295
7840.0,1680.0,3488.5,0.329
7920.0,1680.0,3491.3,0.182
8000.0,1680.0,3486.8,0.333
8080.0,1680.0,3485.6,0.09
8160.0,1680.0,3488.0,0.499
8240.0,1680.0,3482.1,0.182
8320.0,1680.0,3490.4,-0.012
8400.0,1680.0,3496.1,0.419
8480.0,1680.0,3496.1,-0.047
8560.0,1680.0,3491.7,-0.15
8640.0,1680.0,3496.1,0.09
8720.0,1680.0,3494.3,-0.237
8800.0,1680.0,3498.6,-0.211
8880.0,1680.0,3505.7,0.299
8960.0,1680.0,3498.1,0.261
9040.0,1680.0,3506.0,0.056
9120.0,1680.0,3504.1,-0.378
9200.0,1680.0,3504.0,-0.129
9280.0,1680.0,3510.0,-0.007
9360.0,1680.0,3505.7,-0.039
9440.0,1680.0,3508.7,0.167
9520.0,1680.0,3516.2,0.212
9600.0,1680.0,3516.3,0.328
9680.0,1680.0,3511.4,0.123
9760.0,1680.0,3516.5,-0.107
9840.0,1680.0,3511.3,-0.532
9920.0,1680.0,3517.5,-1.131
10000.0,1680.0,3527.6,-0.463
10080.0,1680.0,3523.7,-0.654
10160.0,1680.0,3525.6,-0.927
10240.0,1680.0,3522.8,0.033
10320.0,1680.0,3525.2,-0.464
10400.0,1680.0,3525.9,-0.44
0.0,1760.0,3437.2,1.31
80.0,1760.0,3436.2,1.431
160.0,1760.0,3436.7,1.785
240.0,1760.0,3432.0,2.171
320.0,1760.0,3437.7,2.0
400.0,1760.0,3424.8,1.653
480.0,1760.0,3431.7,1.867
560.0,1760.0,3432.5,2.102
640.0,1760.0,3429.6,2.19
720.0,1760.0,3428.3,2.026
800.0,1760.0,3432.5,2.795
880.0,1760.0,3423.5,2.299
960.0,1760.0,3430.3,2.143
1040.0,1760.0,3430.8,2.314
1120.0,1760.0,3429.3,2.189
1200.0,1760.0,3432.2,1.861
1280.0,1760.0,3429.3,1.88
1360.0,1760.0,3434.1,1.896
1440.0,1760.0,3433.4,1.931
1520.0,1760.0,3441.8,2.184
1600.0,1760.0,3444.9,1.918
1680.0,1760.0,3438.5,2.485
1760.0,1760.0,3441.5,1.917
1840.0,1760.0,3438.9,2.067
1920.0,1760.0,3444.7,1.901
2000.0,1760.0,3451.1,1.557
2080.0,1760.0,3445.6,1.707
2160.0,1760.0,3456.6,0.94
2240.0,1760.0,3453.3,1.322
2320.0,1760.0,3460.1,1.503
2400.0,1760.0,3456.6,1.222
2480.0,1760.0,3465.7,1.361
2560.0,1760.0,3466.3,0.651
2640.0,1760.0,3474.6,1.129
2720.0,1760.0,3475.6,0.505
2800.0,1760.0,3477.6,0.415
2880.0,1760.0,3482.4,-0.051
2960.0,1760.0,3478.6,0.17
3040.0,1760.0,3486.0,-0.567
3120.0,1760.0,3493.2,-0.487
3200.0,1760.0,3487.2,-0.51
3280.0,1760.0,3488.6,-0.135
3360.0,1760.0,3497.3,-0.784
3440.0,1760.0,3496.1,-0.486
3520.0,1760.0,3503.2,-0.982
3600.0,1760.0,3498.2,-0.878
3680.0,1760.0,3498.3,-0.569
3760.0,1760.0,3508.5,-0.909
3840.0,1760.0,3502.7,-1.003
3920.0,1760.0,3504.8,-0.332
4000.0,1760.0,3507.1,-0.487
4080.0,1760.0,3511.1,-0.369
4160.0,1760.0,3507.4,-0.518
4240.0,1760.0,3510.4,-0.47
4320.0,1760.0,3513.8,-0.359
4400.0,1760.0,3509.0,-0.519
4480.0,1760.0,3509.7,-0.53
4560.0,1760.0,3511.9,-0.581
4640.0,1760.0,3507.3,-0.394
4720.0,1760.0,3506.9,-0.601
4800.0,1760.0,3505.9,-0.765
4880.0,1760.0,3504.0,-0.616
4960.0,1760.0,3505.3,-0.579
5040.0,1760.0,3505.7,-0.324
5120.0,1760.0,3502.8,-0.657
5200.0,1760.0,3500.3,-0.154
5280.0,1760.0,3503.9,-0.281
5360.0,1760.0,3498.3,-0.736
5440.0,1760.0,3501.4,-0.291
5520.0,1760.0,3496.8,-0.175
5600.0,1760.0,3494.8,-0.026
5680.0,1760.0,3497.6,-0.124
5760.0,1760.0,3496.5,0.333
5840.0,1760.0,3492.7,0.344
5920.0,1760.0,3489.7,0.468
6000.0,1760.0,3492.0,0.348
6080.0,1760.0,3492.3,-0.103
6160.0,1760.0,3492.1,-0.271
6240.0,1760.0,3490.7,-0.128
6320.0,1760.0,3492.5,-0.177
6400.0,1760.0,3485.3,-0.522
6480.0,1760.0,3484.2,-0.159
6560.0,1760.0,3485.9,0.077
6640.0,1760.0,3484.1,0.193
6720.0,1760.0,3487.1,0.477
6800.0,1760.0,3485.1,0.685
6880.0,1760.0,3484.4,0.642
6960.0,1760.0,3485.4,1.181
7040.0,1760.0,3476.4,1.039
7120.0,1760.0,3484.3,0.521
7200.0,1760.0,3484.9,0.292
7280.0,1760.0,3481.7,0.365
7360.0,1760.0,3478.9,0.54
7440.0,1760.0,3485.5,0.092
7520.0,1760.0,3478.5,0.704
7600.0,1760.0,3482.4,0.703
7680.0,1760.0,3486.8,0.096
7760.0,1760.0,3487.6,0.365
7840.0,1760.0,3485.8,0.158
7920.0,1760.0,3488.5,0.116
8000.0,1760.0,3486.4,0.342
8080.0,1760.0,3490.6,0.27
8160.0,1760.0,3487.8,0.318
8240.0,1760.0,3492.1,1.002
8320.0,1760.0,3486.8,0.32
8400.0,1760.0,3493.7,-0.44
8480.0,1760.0,3494.7,-0.004
8560.0,1760.0,3495.1,-0.317
8640.0,1760.0,3492.7,-0.01
8720.0,1760.0,3498.3,-0.201
8800.0,1760.0,3498.6,-0.062
8880.0,1760.0,3503.8,-0.264
8960.0,1760.0,3502.0,0.216
9040.0,1760.0,3500.0,0.164
9120.0,1760.0,3503.7,0.259
9200.0,1760.0,3504.2,-0.099
9280.0,1760.0,3510.7,0.123
9360.0,1760.0,3507.4,0.129
9440.0,1760.0,3510.0,0.222
9520.0,1760.0,3515.3,-0.065
9600.0,1760.0,3521.6,0.207
9680.0,1760.0,3521.3,-0.607
9760.0,1760.0,3516.7,-0.082
9840.0,1760.0,3511.7,-0.091
9920.0,1760.0,3519.7,-0.465
10000.0,1760.0,3519.2,-0.474
10080.0,1760.0,3519.1,-0.481
10160.0,1760.0,3526.8,-0.814
10240.0,1760.0,3524.1,-0.267
10320.0,1760.0,3527.5,-0.343
10400.0,1760.0,3524.2,-0.564
0.0,1840.0,3440.9,1.292
80.0,1840.0,3437.7,1.389
160.0,1840.0,3439.0,1.751
240.0,1840.0,3436.6,2.394
320.0,1840.0,3431.1,2.135
400.0,1840.0,3433.4,1.847
480.0,1840.0,3429.5,1.778
560.0,1840.0,3432.1,1.835
640.0,1840.0,3429.7,2.061
720.0,1840.0,3433.8,1.956
800.0,1840.0,3432.5,1.685
880.0,1840.0,3431.1,2.07
960.0,1840.0,3434.8,2.281
1040.0,1840.0,3432.8,2.32
1120.0,1840.0,3430.4,2.208
1200.0,1840.0,3427.9,2.212
1280.0,1840.0,3434.3,2.258
1360.0,1840.0,3434.3,1.977
1440.0,1840.0,3435.8,1.994
1520.0,1840.0,3439.4,1.98
1600.0,1840.0,3435.1,2.106
1680.0,1840.0,3444.1,2.033
1760.0,1840.0,3442.6,1.624
1840.0,1840.0,3444.0,1.676
1920.0,1840.0,3445.9,2.021
2000.0,1840.0,3451.0,1.812
2080.0,1840.0,3450.2,1.407
2160.0,1840.0,3457.0,1.42
2240.0,1840.0,3459.5,1.773
2320.0,1840.0,3456.5,1.192
2400.0,1840.0,3464.9,1.26
2480.0,1840.0,3469.0,1.367
2560.0,1840.0,3468.6,1.081
2640.0,1840.0,3468.6,0.592
2720.0,1840.0,3470.3,0.691
2800.0,1840.0,3471.8,0.719
2880.0,1840.0,3476.9,-0.041
2960.0,1840.0,3483.0,-0.032
3040.0,1840.0,3481.5,-0.065
3120.0,1840.0,3483.8,-0.285
3200.0,1840.0,3486.6,-0.342
3280.0,1840.0,3486.4,-0.592
3360.0,1840.0,3489.9,-0.402
3440.0,1840.0,3500.8,-0.859
3520.0,1840.0,3497.3,-0.944
3600.0,1840.0,3497.7,-0.612
3680.0,1840.0,3500.4,-0.826
3760.0,1840.0,3498.5,-1.081
3840.0,1840.0,3504.1,-0.693
3920.0,1840.0,3500.2,-0.812
4000.0,1840.0,3506.9,-0.756
4080.0,1840.0,3500.6,-0.879
4160.0,1840.0,3505.6,-0.875
4240.0,1840.0,3506.3,-0.455
4320.0,1840.0,3508.4,-0.678
4400.0,1840.0,3502.7,-0.752
4480.0,1840.0,3507.9,-0.386
4560.0,1840.0,3508.9,-0.233
4640.0,1840.0,3514.4,-0.217
4720.0,1840.0,3506.1,-0.12
4800.0,1840.0,3506.2,-0.007
4880.0,1840.0,3507.2,-0.526
4960.0,1840.0,3503.3,-0.841
5040.0,1840.0,3499.5,-0.726
5120.0,1840.0,3502.5,-0.838
5200.0,1840.0,3498.6,-0.534
5280.0,1840.0,3504.9,-0.206
5360.0,1840.0,3499.7,-0.614
5440.0,1840.0,3494.0,-0.123
5520.0,1840.0,3493.4,-0.201
5600.0,1840.0,3497.6,0.285
5680.0,1840.0,3496.2,0.215
5760.0,1840.0,3491.8,0.076
5840.0,1840.0,3490.3,0.197
5920.0,1840.0,3489.5,0.676
6000.0,1840.0,3486.3,0.26
6080.0,1840.0,3484.8,0.654
6160.0,1840.0,3490.6,-0.179
6240.0,1840.0,3488.8,-0.226
6320.0,1840.0,3487.5,-0.209
6400.0,1840.0,3483.8,-0.332
6480.0,1840.0,3484.2,-0.141
6560.0,1840.0,3481.2,-0.157
6640.0,1840.0,3485.6,-0.06
6720.0,1840.0,3478.1,0.365
6800.0,1840.0,3483.6,0.63
6880.0,1840.0,3478.7,1.018
6960.0,1840.0,3485.5,1.378
7040.0,1840.0,3489.3,1.388
7120.0,1840.0,3485.3,1.164
7200.0,1840.0,3481.0,0.437
7280.0,1840.0,3483.0,0.712
7360.0,1840.0,3476.3,0.581
7440.0,1840.0,3478.1,0.978
7520.0,1840.0,3485.2,0.623
7600.0,1840.0,3479.9,0.83
7680.0,1840.0,3482.4,0.675
7760.0,1840.0,3487.8,0.441
7840.0,1840.0,3484.2,-0.2
7920.0,1840.0,3483.5,0.112
8000.0,1840.0,3493.3,0.635
8080.0,1840.0,3484.4,0.113
8160.0,1840.0,3489.5,0.545
8240.0,1840.0,3490.9,0.064
8320.0,1840.0,3489.5,0.055
8400.0,1840.0,3491.0,-0.098
8480.0,1840.0,3490.4,-0.071
8560.0,1840.0,3491.9,0.304
8640.0,1840.0,3492.8,0.367
8720.0,1840.0,3491.3,-0.168
8800.0,1840.0,3501.5,-0.364
8880.0,1840.0,3500.8,-0.01
8960.0,1840.0,3498.7,0.035
9040.0,1840.0,3501.3,-0.019
9120.0,1840.0,3506.9,0.19
9200.0,1840.0,3506.6,-0.148
9280.0,1840.0,3508.9,0.102
9360.0,1840.0,3509.8,0.174
9440.0,1840.0,3509.7,0.131
9520.0,1840.0,3507.4,-0.124
9600.0,1840.0,3513.2,0.015
9680.0,1840.0,3508.8,-0.08
9760.0,1840.0,3511.5,0.129
9840.0,1840.0,3512.3,-0.339
9920.0,1840.0,3521.0,-0.583
10000.0,1840.0,3519.2,-0.854
10080.0,1840.0,3522.2,-0.868
10160.0,1840.0,3520.5,-0.71
10240.0,1840.0,3524.4,-0.518
10320.0,1840.0,3523.9,-0.887
10400.0,1840.0,3525.2,-0.649
0.0,1920.0,3437.8,1.317
80.0,1920.0,3434.4,1.493
160.0,1920.0,3440.8,1.536
240.0,1920.0,3438.3,1.341
320.0,1920.0,3437.5,1.435
400.0,1920.0,3432.5,1.737
480.0,1920.0,3431.7,1.784
560.0,1920.0,3432.9,1.613
640.0,1920.0,3433.8,1.976
720.0,1920.0,3431.5,2.008
800.0,1920.0,3430.6,2.002
880.0,1920.0,3436.2,1.844
960.0,1920.0,3434.7,2.616
1040.0,1920.0,3435.2,2.209
1120.0,1920.0,3439.2,2.291
1200.0,1920.0,3433.0,2.264
1280.0,1920.0,3431.0,2.273
1360.0,1920.0,3433.2,1.955
1440.0,1920.0,3437.9,1.818
1520.0,1920.0,3443.1,2.165
1600.0,1920.0,3446.8,2.136
1680.0,1920.0,3438.7,2.138
1760.0,1920.0,3443.1,2.043
1840.0,1920.0,3444.4,2.177
1920.0,1920.0,3447.2,2.045
2000.0,1920.0,3452.9,1.414
2080.0,1920.0,3451.9,1.27
2160.0,1920.0,3451.4,1.355
2240.0,1920.0,3456.2,1.711
2320.0,1920.0,3456.9,1.831
2400.0,1920.0,3464.1,1.155
2480.0,1920.0,3469.9,1.19
2560.0,1920.0,3468.3,0.889
2640.0,1920.0,3462.8,1.14
2720.0,1920.0,3474.2,0.757
2800.0,1920.0,3472.3,0.374
2880.0,1920.0,3481.6,0.489
2960.0,1920.0,3482.4,-0.166
3040.0,1920.0,3481.1,-0.084
3120.0,1920.0,3484.3,-0.403
3200.0,1920.0,3489.8,-0.007
3280.0,1920.0,3488.8,-0.47
3360.0,1920.0,3495.1,-0.264
3440.0,1920.0,3490.6,-0.44
3520.0,1920.0,3487.8,-0.385
3600.0,1920.0,3497.0,-0.885
3680.0,1920.0,3497.2,-0.725
3760.0,1920.0,3494.4,-1.126
3840.0,1920.0,3502.7,-0.864
3920.0,1920.0,3504.4,-0.918
4000.0,1920.0,3502.3,-0.657
4080.0,1920.0,3504.7,-0.571
4160.0,1920.0,3504.2,-0.413
4240.0,1920.0,3504.0,-0.455
4320.0,1920.0,3498.5,-0.533
4400.0,1920.0,3503.2,-1.076
4480.0,1920.0,3502.6,-0.574
4560.0,1920.0,3505.6,-0.206
4640.0,1920.0,3503.1,-0.278
4720.0,1920.0,3503.3,-0.107
4800.0,1920.0,3500.0,-0.265
4880.0,1920.0,3502.7,-0.223
4960.0,1920.0,3501.5,-0.61
5040.0,1920.0,3505.8,-0.677
5120.0,1920.0,3494.7,-0.598
5200.0,1920.0,3499.7,-0.31
5280.0,1920.0,3496.8,0.06
5360.0,1920.0,3497.3,-0.723
5440.0,1920.0,3494.9,-0.141
5520.0,1920.0,3493.0,-0.06
5600.0,1920.0,3489.2,-0.259
5680.0,1920.0,3492.4,-0.133
5760.0,1920.0,3485.1,0.204
5840.0,1920.0,3486.5,0.035
5920.0,1920.0,3483.3,0.03
6000.0,1920.0,3493.0,0.523
6080.0,1920.0,3481.6,0.241
6160.0,1920.0,3483.7,0.145
6240.0,1920.0,3487.1,-0.119
6320.0,1920.0,3487.6,-0.057
6400.0,1920.0,3482.5,-0.322
6480.0,1920.0,3484.0,-0.241
6560.0,1920.0,3484.6,0.385
6640.0,1920.0,3480.8,0.577
6720.0,1920.0,3483.8,0.399
6800.0,1920.0,3480.5,0.802
6880.0,1920.0,3480.7,1.258
6960.0,1920.0,3481.5,1.116
7040.0,1920.0,3481.6,1.308
7120.0,1920.0,3473.6,1.015
7200.0,1920.0,3482.2,0.559
7280.0,1920.0,3477.7,0.968
7360.0,1920.0,3481.9,1.167
7440.0,1920.0,3481.7,0.44
7520.0,1920.0,3479.6,0.7
7600.0,1920.0,3483.1,0.905
7680.0,1920.0,3482.9,0.781
7760.0,1920.0,3484.4,0.78
7840.0,1920.0,3488.8,0.737
7920.0,1920.0,3482.9,0.358
8000.0,1920.0,3485.4,0.509
8080.0,1920.0,3485.4,0.383
8160.0,1920.0,3484.7,-0.119
8240.0,1920.0,3486.0,0.531
8320.0,1920.0,3485.1,0.44
8400.0,1920.0,3493.2,0.37
8480.0,1920.0,3488.9,0.282
8560.0,1920.0,3489.1,0.504
8640.0,1920.0,3496.5,0.345
8720.0,1920.0,3495.3,0.02
8800.0,1920.0,3499.1,-0.279
8880.0,1920.0,3499.3,-0.42
8960.0,1920.0,3501.5,0.429
9040.0,1920.0,3504.9,0.421
9120.0,1920.0,3506.8,0.271
9200.0,1920.0,3503.1,-0.211
9280.0,1920.0,3504.1,-0.227
9360.0,1920.0,3508.5,-0.123
9440.0,1920.0,3512.5,-0.428
9520.0,1920.0,3507.8,-0.229
9600.0,1920.0,3509.1,-0.174
9680.0,1920.0,3513.0,-0.287
9760.0,1920.0,3515.4,-0.374
9840.0,1920.0,3518.3,-0.459
9920.0,1920.0,3519.6,-0.427
10000.0,1920.0,3517.4,-0.652
10080.0,1920.0,3521.5,-1.258
10160.0,1920.0,3521.1,-0.825
10240.0,1920.0,3528.5,-0.763
10320.0,1920.0,3525.2,-0.916
10400.0,1920.0,3530.2,-0.853
0.0,2000.0,3443.3,1.17
80.0,2000.0,3437.1,0.97
160.0,2000.0,3440.5,1.798
240.0,2000.0,3442.8,1.276
320.0,2000.0,3435.7,1.682
400.0,2000.0,3435.1,1.572
480.0,2000.0,3434.0,1.618
560.0,2000.0,3438.7,1.64
640.0,2000.0,3438.9,1.156
720.0,2000.0,3432.0,1.494
800.0,2000.0,3435.1,1.541
880.0,2000.0,3440.7,2.033
960.0,2000.0,3433.7,2.171
1040.0,2000.0,3430.4,2.083
1120.0,2000.0,3435.1,2.048
1200.0,2000.0,3429.3,2.173
1280.0,2000.0,3440.3,2.2
1360.0,2000.0,3436.2,1.998
1440.0,2000.0,3435.2,2.044
1520.0,2000.0,3440.7,2.166
1600.0,2000.0,3439.0,1.849
1680.0,2000.0,3441.7,1.736
1760.0,2000.0,3447.8,1.479
1840.0,2000.0,3444.5,1.788
1920.0,2000.0,3448.2,1.989
2000.0,2000.0,3450.0,2.005
2080.0,2000.0,3451.4,1.79
2160.0,2000.0,3453.4,1.983
2240.0,2000.0,3460.1,1.705
2320.0,2000.0,3457.2,1.76
2400.0,2000.0,3462.3,1.597
2480.0,2000.0,3469.7,1.19
2560.0,2000.0,3464.9,1.409
2640.0,2000.0,3464.2,1.651
2720.0,2000.0,3474.8,1.107
2800.0,2000.0,3472.3,0.934
2880.0,2000.0,3474.5,0.507
2960.0,2000.0,3478.6,0.751
3040.0,2000.0,3480.2,0.068
3120.0,2000.0,3487.1,0.079
3200.0,2000.0,3487.2,0.026
3280.0,2000.0,3489.5,-0.105
3360.0,2000.0,3487.5,-0.474
3440.0,2000.0,3493.7,-0.446
3520.0,2000.0,3497.3,-0.794
3600.0,2000.0,3493.4,-0.715
3680.0,2000.0,3495.0,-1.044
3760.0,2000.0,3500.2,-0.834
3840.0,2000.0,3498.7,-1.186
3920.0,2000.0,3494.2,-1.116
4000.0,2000.0,3499.0,-1.236
4080.0,2000.0,3504.7,-0.828
4160.0,2000.0,3500.9,-0.768
4240.0,2000.0,3504.0,-0.978
4320.0,2000.0,3502.6,-0.732
4400.0,2000.0,3508.2,-0.402
4480.0,2000.0,3500.2,-0.389
4560.0,2000.0,3496.8,-0.494
4640.0,2000.0,3502.7,0.11
4720.0,2000.0,3495.3,-0.456
4800.0,2000.0,3496.9,-0.249
4880.0,2000.0,3496.8,-0.51
4960.0,2000.0,3496.6,-0.549
5040.0,2000.0,3497.9,-0.514
5120.0,2000.0,3500.0,-0.496
5200.0,2000.0,3491.6,-0.687
5280.0,2000.0,3493.4,-0.519
5360.0,2000.0,3490.6,-0.482
5440.0,2000.0,3493.9,-0.499
5520.0,2000.0,3485.4,0.026
5600.0,2000.0,3495.6,0.261
5680.0,2000.0,3485.1,-0.189
5760.0,2000.0,3490.3,-0.058
5840.0,2000.0,3484.0,-0.353
5920.0,2000.0,3482.7,0.285
6000.0,2000.0,3484.1,0.139
6080.0,2000.0,3485.2,0.319
6160.0,2000.0,3485.3,0.452
6240.0,2000.0,3482.9,0.412
6320.0,2000.0,3481.6,-0.023
6400.0,2000.0,3475.0,-0.317
6480.0,2000.0,3477.5,0.496
6560.0,2000.0,3480.6,0.03
6640.0,2000.0,3477.4,0.288
6720.0,2000.0,3474.5,0.348
6800.0,2000.0,3478.4,0.076
6880.0,2000.0,3480.6,0.735
6960.0,2000.0,3479.8,0.842
7040.0,2000.0,3478.8,1.07
7120.0,2000.0,3476.5,0.607
7200.0,2000.0,3476.7,0.989
7280.0,2000.0,3475.7,0.362
7360.0,2000.0,3477.4,1.067
7440.0,2000.0,3481.1,0.471
7520.0,2000.0,3479.3,0.831
7600.0,2000.0,3480.2,0.479
7680.0,2000.0,3475.6,0.946
7760.0,2000.0,3482.5,0.683
7840.0,2000.0,3480.5,0.48
7920.0,2000.0,3475.6,0.514
8000.0,2000.0,3487.3,0.3
8080.0,2000.0,3482.3,0.428
8160.0,2000.0,3488.7,0.258
8240.0,2000.0,3484.0,0.57
8320.0,2000.0,3488.4,0.514
8400.0,2000.0,3490.0,0.443
8480.0,2000.0,3493.8,0.732
8560.0,2000.0,3493.2,0.267
8640.0,2000.0,3495.1,0.551
8720.0,2000.0,3495.2,-0.288
8800.0,2000.0,3500.1,0.465
8880.0,2000.0,3499.2,-0.105
8960.0,2000.0,3497.8,0.169
9040.0,2000.0,3497.4,0.155
9120.0,2000.0,3504.9,-0.091
9200.0,2000.0,3505.5,-0.179
9280.0,2000.0,3503.0,-0.185
9360.0,2000.0,3511.4,-0.128
9440.0,2000.0,3509.5,-0.289
9520.0,2000.0,3506.4,-0.716
9600.0,2000.0,3511.7,-0.57
9680.0,2000.0,3510.3,-0.718
9760.0,2000.0,3514.0,-0.638
9840.0,2000.0,3516.7,-0.54
9920.0,2000.0,3524.4,-0.953
10000.0,2000.0,3522.2,-1.14
10080.0,2000.0,3522.1,-0.86
10160.0,2000.0,3524.0,-1.384
10240.0,2000.0,3522.6,-0.811
10320.0,2000.0,3531.2,-0.736
10400.0,2000.0,3528.2,-1.691
0.0,2080.0,3441.7,1.304
80.0,2080.0,3439.2,1.419
160.0,2080.0,3440.4,1.429
240.0,2080.0,3443.7,1.204
320.0,2080.0,3444.3,1.935
400.0,2080.0,3435.8,1.659
480.0,2080.0,3440.8,1.171
560.0,2080.0,3438.8,1.478
640.0,2080.0,3436.3,1.015
720.0,2080.0,3435.4,1.523
800.0,2080.0,3431.9,1.99
880.0,2080.0,3438.9,1.866
960.0,2080.0,3434.3,2.126
1040.0,2080.0,3438.4,1.966
1120.0,2080.0,3435.4,1.781
1200.0,2080.0,3440.2,2.052
1280.0,2080.0,3439.6,2.211
1360.0,2080.0,3438.9,2.027
1440.0,2080.0,3444.9,2.011
1520.0,2080.0,3443.0,1.732
1600.0,2080.0,3443.7,1.907
1680.0,2080.0,3441.3,1.484
1760.0,2080.0,3447.8,1.897
1840.0,2080.0,3447.8,1.731
1920.0,2080.0,3449.8,1.584
2000.0,2080.0,3455.0,1.772
2080.0,2080.0,3454.8,1.993
2160.0,2080.0,3456.9,1.742
2240.0,2080.0,3456.4,2.153
2320.0,2080.0,3460.7,2.069
2400.0,2080.0,3462.0,1.871
2480.0,2080.0,3462.7,1.214
2560.0,2080.0,3465.0,1.141
2640.0,2080.0,3473.5,1.013
2720.0,2080.0,3470.8,1.158
2800.0,2080.0,3476.0,1.328
2880.0,2080.0,3479.4,0.65
2960.0,2080.0,3474.9,0.457
3040.0,2080.0,3484.1,-0.138
3120.0,2080.0,3487.3,0.4
3200.0,2080.0,3484.4,-0.094
3280.0,2080.0,3487.0,-0.046
3360.0,2080.0,3491.6,-0.013
3440.0,2080.0,3486.0,-0.543
3520.0,2080.0,3487.3,-0.52
3600.0,2080.0,3492.2,-0.742
3680.0,2080.0,3493.1,-0.51
3760.0,2080.0,3493.7,-0.913
3840.0,2080.0,3495.6,-0.777
3920.0,2080.0,3501.1,-1.042
4000.0,2080.0,3494.0,-0.714
4080.0,2080.0,3500.6,-0.529
4160.0,2080.0,3497.6,-0.695
4240.0,2080.0,3503.3,-0.514
4320.0,2080.0,3493.2,-0.955
4400.0,2080.0,3491.5,-0.963
4480.0,2080.0,3495.4,-0.728
4560.0,2080.0,3502.5,-0.925
4640.0,2080.0,3493.1,-0.537
4720.0,2080.0,3494.8,-0.154
4800.0,2080.0,3496.6,-0.43
4880.0,2080.0,3499.3,-0.364
4960.0,2080.0,3488.6,-0.753
5040.0,2080.0,3493.4,-0.76
5120.0,2080.0,3491.9,-0.734
5200.0,2080.0,3486.7,-0.931
5280.0,2080.0,3489.7,-0.086
5360.0,2080.0,3488.5,-0.421
5440.0,2080.0,3484.7,-0.465
5520.0,2080.0,3485.5,-0.188
5600.0,2080.0,3485.2,0.246
5680.0,2080.0,3489.3,0.056
5760.0,2080.0,3482.5,0.195
5840.0,2080.0,3477.3,-0.055
5920.0,2080.0,3487.8,0.207
6000.0,2080.0,3478.7,-0.307
6080.0,2080.0,3476.8,0.203
6160.0,2080.0,3483.7,0.437
6240.0,2080.0,3479.7,0.577
6320.0,2080.0,3478.0,-0.056
6400.0,2080.0,3481.2,0.05
6480.0,2080.0,3477.8,-0.016
6560.0,2080.0,3477.0,-0.003
6640.0,2080.0,3476.2,0.049
6720.0,2080.0,3480.0,0.21
6800.0,2080.0,3476.7,0.853
6880.0,2080.0,3478.7,1.014
6960.0,2080.0,3478.5,1.478
7040.0,2080.0,3482.8,0.852
7120.0,2080.0,3476.7,1.063
7200.0,2080.0,3475.2,0.737
7280.0,2080.0,3476.1,0.547
7360.0,2080.0,3475.7,0.627
7440.0,2080.0,3477.0,0.76
7520.0,2080.0,3477.2,0.664
7600.0,2080.0,3480.2,0.616
7680.0,2080.0,3481.1,1.181
7760.0,2080.0,3477.2,0.866
7840.0,2080.0,3483.3,0.682
7920.0,2080.0,3484.1,0.426
8000.0,2080.0,3480.1,0.29
8080.0,2080.0,3482.8,0.625
8160.0,2080.0,3483.2,0.47
8240.0,2080.0,3488.7,0.469
8320.0,2080.0,3486.4,0.752
8400.0,2080.0,3485.6,0.628
8480.0,2080.0,3495.7,0.885
8560.0,2080.0,3493.9,0.535
8640.0,2080.0,3495.7,-0.147
8720.0,2080.0,3493.8,0.211
8800.0,2080.0,3495.9,0.192
8880.0,2080.0,3494.3,0.394
8960.0,2080.0,3498.3,0.044
9040.0,2080.0,3496.0,0.224
9120.0,2080.0,3498.6,0.16
9200.0,2080.0,3499.6,-0.313
9280.0,2080.0,3503.8,-0.139
9360.0,2080.0,3504.4,-0.074
9440.0,2080.0,3509.9,-0.243
9520.0,2080.0,3511.8,-0.196
9600.0,2080.0,3505.4,-0.265
9680.0,2080.0,3509.5,-0.552
9760.0,2080.0,3514.4,-0.815
9840.0,2080.0,3512.5,-0.955
9920.0,2080.0,3516.6,-1.07
10000.0,2080.0,3515.1,-1.119
10080.0,2080.0,3519.8,-1.045
10160.0,2080.0,3520.9,-0.896
10240.0,2080.0,3528.2,-1.025
10320.0,2080.0,3526.8,-0.87
10400.0,2080.0,3528.1,-1.169
0.0,2160.0,3443.6,1.071
80.0,2160.0,3443.7,1.134
160.0,2160.0,3442.9,1.051
240.0,2160.0,3439.2,1.285
320.0,2160.0,3439.0,1.337
400.0,2160.0,3440.7,1.379
480.0,2160.0,3438.3,1.642
560.0,2160.0,3442.1,1.347
640.0,2160.0,3440.4,1.015
720.0,2160.0,3436.5,1.249
800.0,2160.0,3441.5,1.301
880.0,2160.0,3438.2,1.719
960.0,2160.0,3435.8,1.607
1040.0,2160.0,3437.6,1.608
1120.0,2160.0,3439.2,1.659
1200.0,2160.0,3436.5,1.823
1280.0,2160.0,3438.8,2.305
1360.0,2160.0,3439.3,2.372
1440.0,2160.0,3440.2,2.18
1520.0,2160.0,3437.8,2.037
1600.0,2160.0,3442.5,1.523
1680.0,2160.0,3445.4,1.13
1760.0,2160.0,3445.1,2.424
1840.0,2160.0,3446.5,2.253
1920.0,2160.0,3449.5,1.918
2000.0,2160.0,3451.7,2.279
2080.0,2160.0,3450.0,1.889
2160.0,2160.0,3455.3,1.871
2240.0,2160.0,3458.0,2.021
2320.0,2160.0,3463.0,1.881
2400.0,2160.0,3460.7,1.343
2480.0,2160.0,3462.9,1.581
2560.0,2160.0,3460.5,1.6
2640.0,2160.0,3466.4,1.295
2720.0,2160.0,3473.2,1.329
2800.0,2160.0,3474.3,1.207
2880.0,2160.0,3475.8,0.25
2960.0,2160.0,3478.1,0.622
3040.0,2160.0,3479.2,0.045
3120.0,2160.0,3478.1,-0.327
3200.0,2160.0,3481.1,0.088
3280.0,2160.0,3485.8,-0.394
3360.0,2160.0,3495.7,-0.1
3440.0,2160.0,3494.0,-0.476
3520.0,2160.0,3496.9,-0.215
3600.0,2160.0,3495.3,-0.462
3680.0,2160.0,3488.7,-0.434
3760.0,2160.0,3492.7,-0.744
3840.0,2160.0,3489.3,-0.953
3920.0,2160.0,3493.8,-1.428
4000.0,2160.0,3492.7,-0.88
4080.0,2160.0,3495.1,-0.433
4160.0,2160.0,3495.8,-0.835
4240.0,2160.0,3493.6,-0.827
4320.0,2160.0,3490.0,-0.541
4400.0,2160.0,3497.4,-0.582
4480.0,2160.0,3493.3,-0.283
4560.0,2160.0,3496.8,-0.538
4640.0,2160.0,3488.4,-0.521
4720.0,2160.0,3492.3,-0.407
4800.0,2160.0,3492.0,-0.425
4880.0,2160.0,3488.3,-1.094
4960.0,2160.0,3490.5,-0.951
5040.0,2160.0,3488.8,-0.424
5120.0,2160.0,3486.7,-1.084
5200.0,2160.0,3487.5,-1.058
5280.0,2160.0,3489.1,-0.966
5360.0,2160.0,3489.2,-0.507
5440.0,2160.0,3480.7,-0.652
5520.0,2160.0,3484.2,-0.316
5600.0,2160.0,3481.8,-0.432
5680.0,2160.0,3479.7,-0.271
5760.0,2160.0,3482.9,0.153
5840.0,2160.0,3479.7,0.414
5920.0,2160.0,3480.8,0.361
6000.0,2160.0,3483.2,-0.091
6080.0,2160.0,3474.3,0.234
6160.0,2160.0,3478.0,-0.143
6240.0,2160.0,3478.7,0.298
6320.0,2160.0,3473.6,0.068
6400.0,2160.0,3481.7,0.03
6480.0,2160.0,3480.8,0.036
6560.0,2160.0,3475.6,0.585
6640.0,2160.0,3473.4,0.592
6720.0,2160.0,3478.4,0.452
6800.0,2160.0,3472.8,0.686
6880.0,2160.0,3474.5,0.943
6960.0,2160.0,3479.5,0.808
7040.0,2160.0,3476.3,0.965
7120.0,2160.0,3476.6,1.433
7200.0,2160.0,3476.1,0.938
7280.0,2160.0,3478.8,1.299
7360.0,2160.0,3481.2,0.965
7440.0,2160.0,3475.6,1.173
7520.0,2160.0,3476.9,0.855
7600.0,2160.0,3473.5,0.649
7680.0,2160.0,3481.9,1.003
7760.0,2160.0,3476.7,1.102
7840.0,2160.0,3480.7,0.844
7920.0,2160.0,3483.5,1.164
8000.0,2160.0,3482.3,0.709
8080.0,2160.0,3485.1,0.834
8160.0,2160.0,3478.2,0.318
8240.0,2160.0,3484.6,0.473
8320.0,2160.0,3489.4,0.266
8400.0,2160.0,3488.8,0.918
8480.0,2160.0,3488.5,0.938
8560.0,2160.0,3493.0,0.727
8640.0,2160.0,3489.2,0.498
8720.0,2160.0,3492.2,0.575
8800.0,2160.0,3489.4,0.22
8880.0,2160.0,3493.3,0.148
8960.0,2160.0,3500.6,0.442
9040.0,2160.0,3497.1,0.46
9120.0,2160.0,3501.0,-0.343
9200.0,2160.0,3502.6,0.391
9280.0,2160.0,3504.5,-0.233
9360.0,2160.0,3506.6,-0.313
9440.0,2160.0,3506.1,-0.082
9520.0,2160.0,3512.4,-0.56
9600.0,2160.0,3509.9,-0.452
9680.0,2160.0,3515.2,-0.634
9760.0,2160.0,3511.2,-0.86
9840.0,2160.0,3512.9,-1.168
9920.0,2160.0,3518.2,-1.106
10000.0,2160.0,3517.7,-1.23
10080.0,2160.0,3524.1,-1.069
10160.0,2160.0,3521.1,-1.416
10240.0,2160.0,3524.2,-0.898
10320.0,2160.0,3521.0,-0.84
10400.0,2160.0,3520.1,-1.083
0.0,2240.0,3451.8,1.081
80.0,2240.0,3445.4,0.715
160.0,2240.0,3448.3,0.887
240.0,2240.0,3443.9,0.812
320.0,2240.0,3440.0,1.075
400.0,2240.0,3441.0,1.097
480.0,2240.0,3441.7,1.522
560.0,2240.0,3442.6,1.059
640.0,2240.0,3442.4,1.382
720.0,2240.0,3437.2,1.31
800.0,2240.0,3439.1,1.669
880.0,2240.0,3440.3,1.385
960.0,2240.0,3441.2,1.402
1040.0,2240.0,3438.1,1.971
1120.0,2240.0,3439.4,1.431
1200.0,2240.0,3437.0,1.549
1280.0,2240.0,3436.2,2.135
1360.0,2240.0,3442.1,2.177
1440.0,2240.0,3440.4,1.714
1520.0,2240.0,3441.3,1.994
1600.0,2240.0,3443.5,1.727
1680.0,2240.0,3442.1,2.112
1760.0,2240.0,3448.7,2.109
1840.0,2240.0,3450.3,2.133
1920.0,2240.0,3449.2,1.602
2000.0,2240.0,3450.4,2.063
2080.0,2240.0,3452.5,2.399
2160.0,2240.0,3455.9,1.795
2240.0,2240.0,3456.2,1.589
2320.0,2240.0,3464.1,1.873
2400.0,2240.0,3464.5,2.127
2480.0,2240.0,3461.0,1.478
2560.0,2240.0,3467.2,1.208
2640.0,2240.0,3470.6,1.017
2720.0,2240.0,3470.5,1.135
2800.0,2240.0,3472.5,1.253
2880.0,2240.0,3471.4,0.341
2960.0,2240.0,3473.3,0.508
3040.0,2240.0,3474.7,0.244
3120.0,2240.0,3482.0,-0.021
3200.0,2240.0,3484.1,0.367
3280.0,2240.0,3486.1,-0.457
3360.0,2240.0,3483.3,-0.271
3440.0,2240.0,3494.5,-0.616
3520.0,2240.0,3491.8,-0.076
3600.0,2240.0,3485.3,-0.477
3680.0,2240.0,3487.3,-1.002
3760.0,2240.0,3492.6,-0.672
3840.0,2240.0,3491.6,-1.119
3920.0,2240.0,3498.1,-0.665
4000.0,2240.0,3491.8,-0.414
4080.0,2240.0,3493.2,-0.641
4160.0,2240.0,3492.2,-0.29
4240.0,2240.0,3493.4,-0.903
4320.0,2240.0,3491.2,-0.625
4400.0,2240.0,3492.7,-0.397
4480.0,2240.0,3492.8,-0.079
4560.0,2240.0,3488.9,-0.46
4640.0,2240.0,3491.9,-0.608
4720.0,2240.0,3484.1,-0.759
4800.0,2240.0,3487.2,-0.753
4880.0,2240.0,3493.1,-0.637
4960.0,2240.0,3488.6,-1.077
5040.0,2240.0,3490.8,-1.224
5120.0,2240.0,3486.4,-1.109
5200.0,2240.0,3488.6,-1.175
5280.0,2240.0,3483.5,-1.02
5360.0,2240.0,3483.3,-0.759
5440.0,2240.0,3483.2,-0.67
5520.0,2240.0,3476.4,-0.444
5600.0,2240.0,3481.8,-0.412
5680.0,2240.0,3477.8,-0.549
5760.0,2240.0,3480.8,0.103
5840.0,2240.0,3476.7,-0.228
5920.0,2240.0,3477.8,-0.109
6000.0,2240.0,3485.8,0.29
6080.0,2240.0,3474.3,0.261
6160.0,2240.0,3476.0,-0.207
6240.0,2240.0,3475.5,0.02
6320.0,2240.0,3476.3,0.081
6400.0,2240.0,3476.4,-0.246
6480.0,2240.0,3480.7,0.283
6560.0,2240.0,3468.9,0.371
6640.0,2240.0,3471.7,0.535
6720.0,2240.0,3471.4,0.806
6800.0,2240.0,3477.6,0.816
6880.0,2240.0,3473.4,0.486
6960.0,2240.0,3467.3,0.929
7040.0,2240.0,3472.7,1.616
7120.0,2240.0,3478.0,1.126
7200.0,2240.0,3470.9,1.131
7280.0,2240.0,3477.2,1.57
7360.0,2240.0,3474.5,0.242
7440.0,2240.0,3474.8,0.793
7520.0,2240.0,3475.2,0.349
7600.0,2240.0,3472.4,1.002
7680.0,2240.0,3476.4,0.782
7760.0,2240.0,3482.5,0.649
7840.0,2240.0,3478.7,0.819
7920.0,2240.0,3482.2,0.957
8000.0,2240.0,3483.9,0.804
8080.0,2240.0,3487.2,0.727
8160.0,2240.0,3483.9,0.934
8240.0,2240.0,3481.2,0.752
8320.0,2240.0,3485.2,0.895
8400.0,2240.0,3484.9,0.611
8480.0,2240.0,3487.0,0.794
8560.0,2240.0,3486.3,0.704
8640.0,2240.0,3494.4,0.611
8720.0,2240.0,3491.1,0.528
8800.0,2240.0,3491.9,0.375
8880.0,2240.0,3497.0,0.337
8960.0,2240.0,3500.2,0.087
9040.0,2240.0,3499.5,0.082
9120.0,2240.0,3499.8,-0.261
9200.0,2240.0,3501.8,-0.166
9280.0,2240.0,3506.0,0.16
9360.0,2240.0,3510.2,0.198
9440.0,2240.0,3504.5,-0.353
9520.0,2240.0,3507.2,0.111
9600.0,2240.0,3510.4,-0.387
9680.0,2240.0,3513.6,-0.738
9760.0,2240.0,3514.9,-1.107
9840.0,2240.0,3518.0,-1.184
9920.0,2240.0,3516.0,-1.064
10000.0,2240.0,3523.1,-1.411
10080.0,2240.0,3518.4,-1.375
10160.0,2240.0,3526.4,-1.48
10240.0,2240.0,3524.2,-1.036
10320.0,2240.0,3531.8,-0.611
10400.0,2240.0,3524.3,-0.762
0.0,2320.0,3453.0,0.794
80.0,2320.0,3452.5,0.841
160.0,2320.0,3446.7,0.792
240.0,2320.0,3442.7,1.115
320.0,2320.0,3443.6,0.556
400.0,2320.0,3440.8,1.487
480.0,2320.0,3441.1,1.04
560.0,2320.0,3441.1,0.828
640.0,2320.0,3444.6,0.901
720.0,2320.0,3442.0,1.267
800.0,2320.0,3438.9,1.452
880.0,2320.0,3439.7,1.613
960.0,2320.0,3434.3,1.316
1040.0,2320.0,3437.8,1.926
1120.0,2320.0,3440.2,1.554
1200.0,2320.0,3440.9,1.077
1280.0,2320.0,3438.0,1.86
1360.0,2320.0,3439.8,1.65
1440.0,2320.0,3446.6,1.847
1520.0,2320.0,3443.1,1.401
1600.0,2320.0,3444.3,1.412
1680.0,2320.0,3452.2,1.862
1760.0,2320.0,3446.6,1.998
1840.0,2320.0,3451.8,1.819
1920.0,2320.0,3451.1,2.198
2000.0,2320.0,3454.2,2.328
2080.0,2320.0,3455.4,1.806
2160.0,2320.0,3458.5,1.946
2240.0,2320.0,3461.5,2.133
2320.0,2320.0,3462.6,1.851
2400.0,2320.0,3461.5,1.836
2480.0,2320.0,3467.8,1.978
2560.0,2320.0,3468.5,1.538
2640.0,2320.0,3469.6,1.345
2720.0,2320.0,3466.1,1.139
2800.0,2320.0,3470.9,0.994
2880.0,2320.0,3475.4,0.02
2960.0,2320.0,3469.8,0.971
3040.0,2320.0,3478.6,0.453
3120.0,2320.0,3479.2,0.107
3200.0,2320.0,3478.0,-0.498
3280.0,2320.0,3480.7,-0.484
3360.0,2320.0,3483.7,0.102
3440.0,2320.0,3481.8,-0.36
3520.0,2320.0,3486.3,-0.1
3600.0,2320.0,3486.1,-0.592
3680.0,2320.0,3483.8,-0.414
3760.0,2320.0,3487.7,-0.842
3840.0,2320.0,3486.6,-0.353
3920.0,2320.0,3487.8,-0.939
4000.0,2320.0,3487.5,-0.915
4080.0,2320.0,3491.3,-0.715
4160.0,2320.0,3494.8,-0.692
4240.0,2320.0,3489.9,-0.703
4320.0,2320.0,3491.2,-0.714
4400.0,2320.0,3490.6,-0.902
4480.0,2320.0,3489.6,-0.464
4560.0,2320.0,3487.2,-1.028
4640.0,2320.0,3494.3,-0.745
4720.0,2320.0,3483.8,-0.542
4800.0,2320.0,3485.3,-0.951
4880.0,2320.0,3484.3,-0.618
4960.0,2320.0,3485.3,-1.334
5040.0,2320.0,3487.1,-0.757
5120.0,2320.0,3483.2,-1.012
5200.0,2320.0,3478.0,-1.275
5280.0,2320.0,3475.2,-0.868
5360.0,2320.0,3484.2,-0.939
5440.0,2320.0,3482.1,-0.484
5520.0,2320.0,3479.2,-0.946
5600.0,2320.0,3481.2,-1.033
5680.0,2320.0,3481.2,0.058
5760.0,2320.0,3471.4,-0.223
5840.0,2320.0,3479.4,-0.459
5920.0,2320.0,3476.8,-0.328
6000.0,2320.0,3474.8,-0.413
6080.0,2320.0,3475.3,-0.106
6160.0,2320.0,3472.2,0.036
6240.0,2320.0,3473.2,0.366
6320.0,2320.0,3472.3,0.348
6400.0,2320.0,3472.2,0.052
6480.0,2320.0,3472.6,0.03
6560.0,2320.0,3469.1,0.155
6640.0,2320.0,3468.6,0.55
6720.0,2320.0,3469.6,0.765
6800.0,2320.0,3478.5,0.892
6880.0,2320.0,3474.8,0.73
6960.0,2320.0,3473.7,0.909
7040.0,2320.0,3471.5,1.266
7120.0,2320.0,3474.5,1.218
7200.0,2320.0,3469.3,0.75
7280.0,2320.0,3475.5,0.895
7360.0,2320.0,3470.2,1.234
7440.0,2320.0,3474.5,0.754
7520.0,2320.0,3477.7,1.308
7600.0,2320.0,3477.3,0.908
7680.0,2320.0,3474.0,0.794
7760.0,2320.0,3481.6,1.087
7840.0,2320.0,3481.6,0.91
7920.0,2320.0,3481.9,0.696
8000.0,2320.0,3476.2,1.11
8080.0,2320.0,3480.1,1.112
8160.0,2320.0,3483.5,1.041
8240.0,2320.0,3480.4,1.073
8320.0,2320.0,3492.5,1.078
8400.0,2320.0,3486.8,0.782
8480.0,2320.0,3491.6,1.252
8560.0,2320.0,3487.3,0.895
8640.0,2320.0,3491.6,0.577
8720.0,2320.0,3495.2,0.719
8800.0,2320.0,3495.3,0.605
8880.0,2320.0,3495.6,1.083
8960.0,2320.0,3500.1,0.391
9040.0,2320.0,3499.9,0.764
9120.0,2320.0,3494.8,-0.182
9200.0,2320.0,3503.6,0.137
9280.0,2320.0,3511.9,0.11
9360.0,2320.0,3502.3,-0.17
9440.0,2320.0,3507.2,-0.023
9520.0,2320.0,3510.3,-0.435
9600.0,2320.0,3511.3,-0.284
9680.0,2320.0,3514.6,-0.674
9760.0,2320.0,3515.1,-0.924
9840.0,2320.0,3518.7,-0.791
9920.0,2320.0,3513.1,-1.495
10000.0,2320.0,3523.1,-1.056
10080.0,2320.0,3521.1,-1.545
10160.0,2320.0,3525.1,-1.316
10240.0,2320.0,3528.0,-1.137
10320.0,2320.0,3527.3,-0.591
10400.0,2320.0,3529.9,-1.06
0.0,2400.0,3453.7,0.572
80.0,2400.0,3452.6,1.013
160.0,2400.0,3445.7,0.699
240.0,2400.0,3446.1,0.867
320.0,2400.0,3443.4,1.375
400.0,2400.0,3447.3,1.177
480.0,2400.0,3447.0,1.045
560.0,2400.0,3449.3,0.899
640.0,2400.0,3447.3,0.702
720.0,2400.0,3442.9,0.751
800.0,2400.0,3437.5,0.622
880.0,2400.0,3433.3,0.868
960.0,2400.0,3441.4,1.027
1040.0,2400.0,3434.7,1.412
1120.0,2400.0,3437.5,1.371
1200.0,2400.0,3435.9,1.431
1280.0,2400.0,3438.9,1.413
1360.0,2400.0,3441.8,1.86
1440.0,2400.0,3444.2,1.646
1520.0,2400.0,3444.3,1.514
1600.0,2400.0,3443.8,1.914
1680.0,2400.0,3453.2,1.617
1760.0,2400.0,3447.8,1.814
1840.0,2400.0,3448.6,1.967
1920.0,2400.0,3450.3,2.1
2000.0,2400.0,3458.3,1.817
2080.0,2400.0,3453.7,1.844
2160.0,2400.0,3458.3,1.773
2240.0,2400.0,3461.8,1.733
2320.0,2400.0,3460.3,1.376
2400.0,2400.0,3463.8,2.047
2480.0,2400.0,3467.0,1.66
2560.0,2400.0,3469.3,1.587
2640.0,2400.0,3468.2,1.27
2720.0,2400.0,3466.4,1.04
2800.0,2400.0,3472.6,1.769
2880.0,2400.0,3474.1,1.565
2960.0,2400.0,3476.0,1.244
3040.0,2400.0,3476.3,0.979
3120.0,2400.0,3477.3,0.37
3200.0,2400.0,3482.0,0.123
3280.0,2400.0,3482.9,-0.401
3360.0,2400.0,3481.4,-0.336
3440.0,2400.0,3483.1,0.346
3520.0,2400.0,3488.2,-0.215
3600.0,2400.0,3479.5,-0.548
3680.0,2400.0,3483.1,-0.827
3760.0,2400.0,3484.0,-0.485
3840.0,2400.0,3488.9,-0.748
3920.0,2400.0,3489.3,-1.109
4000.0,2400.0,3490.8,-0.926
4080.0,2400.0,3492.6,-1.045
4160.0,2400.0,3486.3,-0.759
4240.0,2400.0,3486.9,-0.629
4320.0,2400.0,3489.8,-0.768
4400.0,2400.0,3485.5,-0.855
4480.0,2400.0,3484.2,-0.63
4560.0,2400.0,3483.7,-0.401
4640.0,2400.0,3481.4,-0.885
4720.0,2400.0,3483.8,-0.646
4800.0,2400.0,3486.9,-0.671
4880.0,2400.0,3485.1,-1.299
4960.0,2400.0,3479.1,-0.832
5040.0,2400.0,3478.2,-0.894
5120.0,2400.0,3481.8,-1.063
5200.0,2400.0,3478.8,-1.365
5280.0,2400.0,3477.6,-1.177
5360.0,2400.0,3476.1,-1.182
5440.0,2400.0,3472.0,-0.915
5520.0,2400.0,3477.6,-0.515
5600.0,2400.0,3474.5,-0.184
5680.0,2400.0,3476.4,-0.284
5760.0,2400.0,3473.6,-0.006
5840.0,2400.0,3475.6,-0.348
5920.0,2400.0,3473.3,-0.329
6000.0,2400.0,3474.1,-0.341
6080.0,2400.0,3472.0,0.412
6160.0,2400.0,3474.8,0.198
6240.0,2400.0,3466.2,0.145
6320.0,2400.0,3470.6,-0.033
6400.0,2400.0,3469.8,0.382
6480.0,2400.0,3470.7,0.274
6560.0,2400.0,3473.1,0.309
6640.0,2400.0,3465.4,0.199
6720.0,2400.0,3465.7,0.649
6800.0,2400.0,3469.2,0.604
6880.0,2400.0,3469.0,1.155
6960.0,2400.0,3470.9,0.74
7040.0,2400.0,3473.1,0.943
7120.0,2400.0,3469.0,0.767
7200.0,2400.0,3466.7,0.807
7280.0,2400.0,3471.6,1.308
7360.0,2400.0,3470.7,1.363
7440.0,2400.0,3473.0,1.349
7520.0,2400.0,3470.7,1.451
7600.0,2400.0,3468.6,1.216
7680.0,2400.0,3477.0,0.75
7760.0,2400.0,3480.3,1.396
7840.0,2400.0,3476.8,1.267
7920.0,2400.0,3479.0,1.034
8000.0,2400.0,3485.7,0.946
8080.0,2400.0,3481.8,1.036
8160.0,2400.0,3487.7,1.351
8240.0,2400.0,3482.9,1.402
8320.0,2400.0,3487.2,1.628
8400.0,2400.0,3487.4,1.55
8480.0,2400.0,3487.3,1.293
8560.0,2400.0,3482.2,0.601
8640.0,2400.0,3488.1,0.73
8720.0,2400.0,3491.9,0.749
8800.0,2400.0,3490.7,0.779
8880.0,2400.0,3494.6,0.991
8960.0,2400.0,3495.6,0.499
9040.0,2400.0,3500.0,0.319
9120.0,2400.0,3502.0,0.214
9200.0,2400.0,3505.2,0.104
9280.0,2400.0,3502.2,-0.037
9360.0,2400.0,3505.4,0.011
9440.0,2400.0,3511.5,-0.149
9520.0,2400.0,3507.9,-0.648
9600.0,2400.0,3510.1,-0.146
9680.0,2400.0,3516.7,-0.745
9760.0,2400.0,3513.1,-0.67
9840.0,2400.0,3516.4,-0.866
9920.0,2400.0,3516.1,-1.117
10000.0,2400.0,3517.7,-1.118
10080.0,2400.0,3525.1,-1.029
10160.0,2400.0,3523.2,-1.544
10240.0,2400.0,3531.0,-1.47
10320.0,2400.0,3526.0,-1.085
10400.0,2400.0,3529.4,-0.995
0.0,2480.0,3453.2,0.132
80.0,2480.0,3458.1,0.636
160.0,2480.0,3454.1,0.275
240.0,2480.0,3446.4,0.804
320.0,2480.0,3450.2,1.019
400.0,2480.0,3446.2,1.189
480.0,2480.0,3446.1,0.855
560.0,2480.0,3439.8,0.816
640.0,2480.0,3443.0,0.442
720.0,2480.0,3444.8,0.395
800.0,2480.0,3443.2,0.646
880.0,2480.0,3444.1,0.398
960.0,2480.0,3443.7,0.414
1040.0,2480.0,3440.6,1.006
1120.0,2480.0,3446.9,1.429
1200.0,2480.0,3441.2,1.25
1280.0,2480.0,3446.3,1.749
1360.0,2480.0,3440.3,1.335
1440.0,2480.0,3445.3,1.396
1520.0,2480.0,3446.8,1.966
1600.0,2480.0,3442.4,1.437
1680.0,2480.0,3448.7,1.178
1760.0,2480.0,3452.9,1.82
1840.0,2480.0,3452.3,1.962
1920.0,2480.0,3456.4,2.017
2000.0,2480.0,3450.4,2.017
2080.0,2480.0,3453.6,1.717
2160.0,2480.0,3453.4,1.136
2240.0,2480.0,3457.0,1.915
2320.0,2480.0,3463.5,1.962
2400.0,2480.0,3464.5,1.268
2480.0,2480.0,3466.9,1.178
2560.0,2480.0,3468.9,1.058
2640.0,2480.0,3463.4,1.116
2720.0,2480.0,3471.6,1.589
2800.0,2480.0,3468.8,1.048
2880.0,2480.0,3469.7,1.587
2960.0,2480.0,3476.6,1.326
3040.0,2480.0,3477.5,1.166
3120.0,2480.0,3477.0,0.466
3200.0,2480.0,3483.4,0.222
3280.0,2480.0,3480.3,0.42
3360.0,2480.0,3479.3,0.062
3440.0,2480.0,3486.0,-0.118
3520.0,2480.0,3481.2,-0.83
3600.0,2480.0,3488.5,-0.825
3680.0,2480.0,3482.9,-0.63
3760.0,2480.0,3484.1,-0.655
3840.0,2480.0,3483.2,-0.778
3920.0,2480.0,3483.8,-0.758
4000.0,2480.0,3487.6,-0.887
4080.0,2480.0,3478.3,-0.866
4160.0,2480.0,3480.7,-0.538
4240.0,2480.0,3487.4,-0.668
4320.0,2480.0,3484.7,-0.924
4400.0,2480.0,3481.5,-0.686
4480.0,2480.0,3484.8,-1.147
4560.0,2480.0,3475.8,-1.168
4640.0,2480.0,3480.9,-0.629
4720.0,2480.0,3483.5,-1.005
4800.0,2480.0,3476.9,-0.773
4880.0,2480.0,3482.8,-0.877
4960.0,2480.0,3478.2,-1.163
5040.0,2480.0,3476.4,-0.628
5120.0,2480.0,3476.5,-1.2
5200.0,2480.0,3477.6,-0.997
5280.0,2480.0,3476.6,-1.135
5360.0,2480.0,3473.4,-1.367
5440.0,2480.0,3476.1,-0.994
5520.0,2480.0,3475.8,-0.94
5600.0,2480.0,3467.2,-0.96
5680.0,2480.0,3472.4,-0.714
5760.0,2480.0,3468.2,-0.651
5840.0,2480.0,3469.0,-0.244
5920.0,2480.0,3466.9,-0.635
6000.0,2480.0,3467.0,0.349
6080.0,2480.0,3464.5,-0.206
6160.0,2480.0,3469.6,-0.413
6240.0,2480.0,3463.5,-0.265
6320.0,2480.0,3469.3,0.421
6400.0,2480.0,3458.3,0.428
6480.0,2480.0,3469.0,0.258
6560.0,2480.0,3473.5,0.395
6640.0,2480.0,3464.5,0.528
6720.0,2480.0,3468.5,0.383
6800.0,2480.0,3470.5,0.376
6880.0,2480.0,3468.5,0.94
6960.0,2480.0,3471.3,1.124
7040.0,2480.0,3469.7,0.881
7120.0,2480.0,3471.0,0.789
7200.0,2480.0,3470.2,1.109
7280.0,2480.0,3476.2,1.217
7360.0,2480.0,3472.2,0.873
7440.0,2480.0,3472.0,1.714
7520.0,2480.0,3476.4,1.19
7600.0,2480.0,3471.3,0.805
7680.0,2480.0,3479.7,0.99
7760.0,2480.0,3472.9,1.113
7840.0,2480.0,3473.6,1.409
7920.0,2480.0,3476.8,1.535
8000.0,2480.0,3474.8,1.206
8080.0,2480.0,3478.4,1.231
8160.0,2480.0,3484.5,1.567
8240.0,2480.0,3477.3,1.282
8320.0,2480.0,3485.2,1.813
8400.0,2480.0,3487.7,1.518
8480.0,2480.0,3484.9,1.526
8560.0,2480.0,3486.6,1.168
8640.0,2480.0,3491.2,0.505
8720.0,2480.0,3485.1,0.845
8800.0,2480.0,3494.4,0.658
8880.0,2480.0,3495.5,0.551
8960.0,2480.0,3497.1,0.107
9040.0,2480.0,3499.7,0.09
9120.0,2480.0,3506.7,0.311
9200.0,2480.0,3504.8,-0.368
9280.0,2480.0,3514.4,-0.408
9360.0,2480.0,3508.2,-0.262
9440.0,2480.0,3508.7,-0.517
9520.0,2480.0,3513.0,-0.675
9600.0,2480.0,3513.1,-0.925
9680.0,2480.0,3518.4,-0.755
9760.0,2480.0,3515.5,-1.271
9840.0,2480.0,3514.3,-0.783
9920.0,2480.0,3515.3,-1.232
10000.0,2480.0,3519.1,-1.381
10080.0,2480.0,3522.6,-1.6
10160.0,2480.0,3521.1,-1.083
10240.0,2480.0,3522.8,-1.016
10320.0,2480.0,3526.1,-1.498
10400.0,2480.0,3528.1,-1.441
0.0,2560.0,3452.5,0.561
80.0,2560.0,3451.6,0.678
160.0,2560.0,3453.1,0.407
240.0,2560.0,3454.6,0.436
320.0,2560.0,3452.3,1.06
400.0,2560.0,3449.4,0.888
480.0,2560.0,3444.7,0.571
560.0,2560.0,3445.9,0.462
640.0,2560.0,3448.3,1.199
720.0,2560.0,3446.4,0.632
800.0,2560.0,3442.3,0.369
880.0,2560.0,3449.1,0.668
960.0,2560.0,3442.6,1.015
1040.0,2560.0,3442.8,0.744
1120.0,2560.0,3444.9,1.133
1200.0,2560.0,3443.6,1.219
1280.0,2560.0,3444.8,1.258
1360.0,2560.0,3445.3,1.396
1440.0,2560.0,3447.2,1.233
1520.0,2560.0,3449.1,1.7
1600.0,2560.0,3450.1,1.635
1680.0,2560.0,3447.1,1.453
1760.0,2560.0,3449.3,1.65
1840.0,2560.0,3451.1,1.493
1920.0,2560.0,3452.5,1.571
2000.0,2560.0,3453.4,1.352
2080.0,2560.0,3457.0,1.271
2160.0,2560.0,3453.3,1.417
2240.0,2560.0,3461.4,1.241
2320.0,2560.0,3463.0,1.255
2400.0,2560.0,3454.5,1.686
2480.0,2560.0,3457.0,1.251
2560.0,2560.0,3468.1,1.26
2640.0,2560.0,3467.0,1.135
2720.0,2560.0,3471.3,1.49
2800.0,2560.0,3477.0,1.719
2880.0,2560.0,3470.2,1.545
2960.0,2560.0,3474.1,1.288
3040.0,2560.0,3472.1,0.634
3120.0,2560.0,3472.7,1.054
3200.0,2560.0,3479.1,0.806
3280.0,2560.0,3478.4,0.673
3360.0,2560.0,3474.1,0.049
3440.0,2560.0,3476.5,0.284
3520.0,2560.0,3476.8,-0.519
3600.0,2560.0,3486.9,-0.371
3680.0,2560.0,3484.3,-0.452
3760.0,2560.0,3482.3,-0.963
3840.0,2560.0,3480.6,-0.753
3920.0,2560.0,3486.7,-0.686
4000.0,2560.0,3483.8,-0.75
4080.0,2560.0,3482.7,-0.876
4160.0,2560.0,3485.5,-0.404
4240.0,2560.0,3480.0,-0.964
4320.0,2560.0,3484.5,-0.529
4400.0,2560.0,3478.7,-0.746
4480.0,2560.0,3477.8,-1.151
4560.0,2560.0,3473.8,-0.92
4640.0,2560.0,3481.9,-0.405
4720.0,2560.0,3484.1,-0.914
4800.0,2560.0,3476.6,-0.797
4880.0,2560.0,3471.9,-0.751
4960.0,2560.0,3480.0,-0.443
5040.0,2560.0,3476.0,-0.791
5120.0,2560.0,3476.6,-1.403
5200.0,2560.0,3468.3,-1.441
5280.0,2560.0,3476.6,-1.126
5360.0,2560.0,3471.2,-1.192
5440.0,2560.0,3472.9,-0.598
5520.0,2560.0,3462.4,-1.016
5600.0,2560.0,3470.5,-0.559
5680.0,2560.0,3465.6,-0.638
5760.0,2560.0,3462.9,-0.829
5840.0,2560.0,3468.8,-0.416
5920.0,2560.0,3467.2,-0.429
6000.0,2560.0,3463.3,0.315
6080.0,2560.0,3462.4,-0.077
6160.0,2560.0,3465.9,-0.006
6240.0,2560.0,3464.7,-0.171
6320.0,2560.0,3461.5,0.393
6400.0,2560.0,3465.9,0.007
6480.0,2560.0,3465.7,0.177
6560.0,2560.0,3464.4,0.295
6640.0,2560.0,3461.9,0.641
6720.0,2560.0,3467.4,0.889
6800.0,2560.0,3468.1,0.756
6880.0,2560.0,3462.0,1.408
6960.0,2560.0,3462.0,0.928
7040.0,2560.0,3462.8,0.41
7120.0,2560.0,3466.0,0.882
7200.0,2560.0,3467.4,0.784
7280.0,2560.0,3468.2,1.029
7360.0,2560.0,3467.7,0.881
7440.0,2560.0,3473.6,1.18
7520.0,2560.0,3469.0,0.903
7600.0,2560.0,3470.3,0.959
7680.0,2560.0,3478.6,0.841
7760.0,2560.0,3475.3,0.852
7840.0,2560.0,3475.5,1.487
7920.0,2560.0,3475.7,1.173
8000.0,2560.0,3477.4,1.543
8080.0,2560.0,3476.8,1.083
8160.0,2560.0,3479.4,1.829
8240.0,2560.0,3480.5,1.318
8320.0,2560.0,3478.7,1.172
8400.0,2560.0,3485.2,1.421
8480.0,2560.0,3486.9,1.192
8560.0,2560.0,3491.6,0.865
8640.0,2560.0,3482.2,0.914
8720.0,2560.0,3494.5,1.186
8800.0,2560.0,3494.5,0.768
8880.0,2560.0,3493.4,0.323
8960.0,2560.0,3496.4,0.209
9040.0,2560.0,3500.6,0.24
9120.0,2560.0,3500.6,0.04
9200.0,2560.0,3501.4,-0.14
9280.0,2560.0,3509.5,0.011
9360.0,2560.0,3502.0,0.113
9440.0,2560.0,3511.8,-0.581
9520.0,2560.0,3508.7,-0.522
9600.0,2560.0,3514.7,-1.27
9680.0,2560.0,3513.3,-0.883
9760.0,2560.0,3515.8,-1.198
9840.0,2560.0,3515.8,-0.419
9920.0,2560.0,3521.8,-1.001
10000.0,2560.0,3526.1,-1.379
10080.0,2560.0,3525.5,-1.272
10160.0,2560.0,3522.9,-1.218
10240.0,2560.0,3521.8,-1.515
10320.0,2560.0,3527.0,-1.728
10400.0,2560.0,3530.3,-0.849
0.0,2640.0,3458.1,0.332
80.0,2640.0,3454.8,0.452
160.0,2640.0,3460.1,0.379
240.0,2640.0,3453.2,0.441
320.0,2640.0,3457.4,0.323
400.0,2640.0,3452.9,0.492
480.0,2640.0,3450.9,0.851
560.0,2640.0,3451.1,0.357
640.0,2640.0,3454.1,0.565
720.0,2640.0,3448.1,0.211
800.0,2640.0,3448.5,0.743
880.0,2640.0,3453.3,0.782
960.0,2640.0,3441.7,0.516
1040.0,2640.0,3442.3,0.612
1120.0,2640.0,3439.3,0.992
1200.0,2640.0,3448.5,0.996
1280.0,2640.0,3453.4,1.19
1360.0,2640.0,3446.6,1.098
1440.0,2640.0,3445.8,1.84
1520.0,2640.0,3449.7,1.443
1600.0,2640.0,3450.1,1.789
1680.0,2640.0,3451.3,1.465
1760.0,2640.0,3452.5,1.6
1840.0,2640.0,3449.1,1.682
1920.0,2640.0,3448.6,1.813
2000.0,2640.0,3457.6,1.758
2080.0,2640.0,3456.5,1.422
2160.0,2640.0,3466.5,1.388
2240.0,2640.0,3463.3,1.428
2320.0,2640.0,3457.2,1.415
2400.0,2640.0,3464.1,1.312
2480.0,2640.0,3467.0,1.337
2560.0,2640.0,3469.1,1.204
2640.0,2640.0,3466.6,1.081
2720.0,2640.0,3469.6,1.065
2800.0,2640.0,3473.8,1.351
2880.0,2640.0,3473.9,1.534
2960.0,2640.0,3468.8,1.672
3040.0,2640.0,3475.7,0.979
3120.0,2640.0,3474.1,0.976
3200.0,2640.0,3474.3,0.573
3280.0,2640.0,3477.0,0.485
3360.0,2640.0,3477.1,0.615
3440.0,2640.0,3480.5,-0.02
3520.0,2640.0,3483.6,-0.162
3600.0,2640.0,3485.5,-0.081
3680.0,2640.0,3476.4,-0.258
3760.0,2640.0,3481.3,-0.68
3840.0,2640.0,3479.1,-0.496
3920.0,2640.0,3478.6,-0.787
4000.0,2640.0,3484.9,-0.972
4080.0,2640.0,3480.7,-0.418
4160.0,2640.0,3480.9,-0.584
4240.0,2640.0,3473.2,-0.667
4320.0,2640.0,3475.5,-0.503
4400.0,2640.0,3478.9,-1.0
4480.0,2640.0,3473.0,-1.022
4560.0,2640.0,3476.3,-1.077
4640.0,2640.0,3478.7,-0.612
4720.0,2640.0,3475.5,-0.553
4800.0,2640.0,3477.6,-0.568
4880.0,2640.0,3468.6,-0.635
4960.0,2640.0,3476.4,-0.987
5040.0,2640.0,3473.5,-1.059
5120.0,2640.0,3471.9,-0.861
5200.0,2640.0,3468.0,-1.119
5280.0,2640.0,3465.8,-1.341
5360.0,2640.0,3470.4,-1.234
5440.0,2640.0,3470.9,-1.025
5520.0,2640.0,3468.0,-0.637
5600.0,2640.0,3460.7,-0.257
5680.0,2640.0,3460.9,-0.582
5760.0,2640.0,3465.1,-0.336
5840.0,2640.0,3465.2,0.289
5920.0,2640.0,3461.6,-0.3
6000.0,2640.0,3462.8,-0.552
6080.0,2640.0,3467.9,-0.262
6160.0,2640.0,3458.5,-0.521
6240.0,2640.0,3460.0,-0.258
6320.0,2640.0,3461.9,0.224
6400.0,2640.0,3464.6,0.305
6480.0,2640.0,3462.1,-0.13
6560.0,2640.0,3464.8,0.586
6640.0,2640.0,3459.0,0.488
6720.0,2640.0,3465.6,0.706
6800.0,2640.0,3462.5,0.956
6880.0,2640.0,3461.5,1.691
6960.0,2640.0,3468.6,0.785
7040.0,2640.0,3464.4,0.814
7120.0,2640.0,3466.8,0.595
7200.0,2640.0,3468.0,1.23
7280.0,2640.0,3467.6,1.364
7360.0,2640.0,3462.5,0.496
7440.0,2640.0,3470.1,0.933
7520.0,2640.0,3472.5,0.928
7600.0,2640.0,3474.6,0.773
7680.0,2640.0,3469.6,0.858
7760.0,2640.0,3477.8,0.997
7840.0,2640.0,3470.1,1.444
7920.0,2640.0,3475.9,1.223
8000.0,2640.0,3477.4,1.491
8080.0,2640.0,3477.1,1.079
8160.0,2640.0,3482.5,1.481
8240.0,2640.0,3484.1,1.533
8320.0,2640.0,3487.2,1.877
8400.0,2640.0,3487.1,1.554
8480.0,2640.0,3486.0,1.332
8560.0,2640.0,3489.5,1.624
8640.0,2640.0,3492.6,0.841
8720.0,2640.0,3491.0,0.939
8800.0,2640.0,3498.4,0.723
8880.0,2640.0,3493.7,0.378
8960.0,2640.0,3495.5,-0.085
9040.0,2640.0,3501.7,-0.217
9120.0,2640.0,3498.0,0.137
9200.0,2640.0,3509.4,0.467
9280.0,2640.0,3512.3,0.101
9360.0,2640.0,3506.4,-0.133
9440.0,2640.0,3513.8,-0.472
9520.0,2640.0,3520.2,-0.665
9600.0,2640.0,3508.9,-0.833
9680.0,2640.0,3513.9,-0.875
9760.0,2640.0,3520.6,-1.112
9840.0,2640.0,3523.5,-0.773
9920.0,2640.0,3521.1,-1.412
10000.0,2640.0,3520.8,-1.671
10080.0,2640.0,3521.6,-1.163
10160.0,2640.0,3527.1,-1.13
10240.0,2640.0,3525.6,-1.259
10320.0,2640.0,3525.2,-1.53
10400.0,2640.0,3524.0,-0.694
0.0,2720.0,3462.1,-0.047
80.0,2720.0,3458.2,0.3
160.0,2720.0,3456.6,0.819
240.0,2720.0,3451.5,0.277
320.0,2720.0,3446.3,0.096
400.0,2720.0,3452.3,0.545
480.0,2720.0,3449.5,0.437
560.0,2720.0,3448.7,0.31
640.0,2720.0,3440.6,0.115
720.0,2720.0,3449.7,0.139
800.0,2720.0,3452.3,0.474
880.0,2720.0,3444.6,0.751
960.0,2720.0,3449.0,0.748
1040.0,2720.0,3450.4,0.657
1120.0,2720.0,3441.1,0.755
1200.0,2720.0,3448.5,1.03
1280.0,2720.0,3451.0,0.939
1360.0,2720.0,3448.8,1.064
1440.0,2720.0,3453.5,1.004
1520.0,2720.0,3448.2,1.365
1600.0,2720.0,3452.2,1.655
1680.0,2720.0,3454.5,1.286
1760.0,2720.0,3455.6,1.504
1840.0,2720.0,3460.4,1.482
1920.0,2720.0,3458.6,1.16
2000.0,2720.0,3459.8,1.396
2080.0,2720.0,3462.5,1.357
2160.0,2720.0,3463.3,1.6
2240.0,2720.0,3466.8,1.152
2320.0,2720.0,3465.0,1.316
2400.0,2720.0,3461.2,1.71
2480.0,2720.0,3465.1,0.905
2560.0,2720.0,3465.5,1.136
2640.0,2720.0,3471.1,1.113
2720.0,2720.0,3466.8,1.366
2800.0,2720.0,3475.0,1.487
2880.0,2720.0,3472.8,0.94
2960.0,2720.0,3479.5,1.372
3040.0,2720.0,3475.7,1.255
3120.0,2720.0,3476.7,1.36
3200.0,2720.0,3476.5,0.519
3280.0,2720.0,3473.8,0.33
3360.0,2720.0,3475.5,0.229
3440.0,2720.0,3477.7,0.125
3520.0,2720.0,3480.1,-0.05
3600.0,2720.0,3481.3,-0.151
3680.0,2720.0,3482.3,-0.263
3760.0,2720.0,3481.5,-0.473
3840.0,2720.0,3481.0,-1.087
3920.0,2720.0,3477.6,-1.044
4000.0,2720.0,3475.6,-1.171
4080.0,2720.0,3484.2,-0.959
4160.0,2720.0,3478.1,-0.702
4240.0,2720.0,3481.8,-0.893
4320.0,2720.0,3475.7,-1.348
4400.0,2720.0,3475.2,-0.894
4480.0,2720.0,3474.5,-0.897
4560.0,2720.0,3474.3,-1.08
4640.0,2720.0,3474.5,-0.848
4720.0,2720.0,3474.7,-0.834
4800.0,2720.0,3470.4,-0.249
4880.0,2720.0,3472.9,-0.661
4960.0,2720.0,3464.0,-0.884
5040.0,2720.0,3465.9,-1.376
5120.0,2720.0,3468.7,-0.593
5200.0,2720.0,3466.8,-0.981
5280.0,2720.0,3459.2,-0.751
5360.0,2720.0,3463.3,-1.244
5440.0,2720.0,3463.6,-0.794
5520.0,2720.0,3460.9,-0.624
5600.0,2720.0,3461.0,-0.591
5680.0,2720.0,3462.1,-0.947
5760.0,2720.0,3465.5,-0.194
5840.0,2720.0,3459.6,-0.229
5920.0,2720.0,3463.8,-0.938
6000.0,2720.0,3458.3,-0.773
6080.0,2720.0,3461.2,-0.203
6160.0,2720.0,3459.6,-0.389
6240.0,2720.0,3463.7,-0.031
6320.0,2720.0,3462.2,0.133
6400.0,2720.0,3456.3,0.106
6480.0,2720.0,3458.1,-0.242
6560.0,2720.0,3457.6,0.239
6640.0,2720.0,3461.1,0.429
6720.0,2720.0,3463.4,0.556
6800.0,2720.0,3458.4,0.68
6880.0,2720.0,3457.3,0.957
6960.0,2720.0,3461.4,1.29
7040.0,2720.0,3469.0,1.346
7120.0,2720.0,3461.1,1.019
7200.0,2720.0,3463.4,1.106
7280.0,2720.0,3466.7,0.962
7360.0,2720.0,3464.6,0.57
7440.0,2720.0,3468.7,0.576
7520.0,2720.0,3471.4,0.911
7600.0,2720.0,3469.5,0.435
7680.0,2720.0,3471.1,0.704
7760.0,2720.0,3476.1,0.63
7840.0,2720.0,3475.4,1.524
7920.0,2720.0,3474.6,1.447
8000.0,2720.0,3472.4,1.311
8080.0,2720.0,3480.8,1.477
8160.0,2720.0,3476.4,1.804
8240.0,2720.0,3485.5,2.232
8320.0,2720.0,3483.3,1.642
8400.0,2720.0,3483.8,2.269
8480.0,2720.0,3489.3,1.897
8560.0,2720.0,3492.1,1.886
8640.0,2720.0,3493.2,1.147
8720.0,2720.0,3491.7,0.997
8800.0,2720.0,3495.9,0.941
8880.0,2720.0,3495.7,0.604
8960.0,2720.0,3499.8,0.212
9040.0,2720.0,3501.4,0.074
9120.0,2720.0,3500.0,0.415
9200.0,2720.0,3508.4,0.32
9280.0,2720.0,3507.6,0.169
9360.0,2720.0,3510.0,-0.561
9440.0,2720.0,3510.5,-0.825
9520.0,2720.0,3514.4,-0.143
9600.0,2720.0,3512.0,-1.046
9680.0,2720.0,3519.8,-1.069
9760.0,2720.0,3521.5,-0.737
9840.0,2720.0,3518.8,-0.973
9920.0,2720.0,3520.4,-1.239
10000.0,2720.0,3526.1,-1.463
10080.0,2720.0,3519.6,-1.213
10160.0,2720.0,3530.3,-1.336
10240.0,2720.0,3529.5,-0.899
10320.0,2720.0,3531.6,-1.149
10400.0,2720.0,3532.4,-1.418
0.0,2800.0,3457.6,0.282
80.0,2800.0,3463.4,0.113
160.0,2800.0,3454.9,0.255
240.0,2800.0,3461.4,0.261
320.0,2800.0,3452.5,0.429
400.0,2800.0,3447.1,0.247
480.0,2800.0,3451.8,0.602
560.0,2800.0,3454.4,0.133
640.0,2800.0,3457.5,0.001
720.0,2800.0,3454.4,0.312
800.0,2800.0,3450.4,-0.059
880.0,2800.0,3449.3,0.28
960.0,2800.0,3445.8,0.664
1040.0,2800.0,3447.9,0.657
1120.0,2800.0,3450.0,0.839
1200.0,2800.0,3453.8,1.165
1280.0,2800.0,3454.5,0.912
1360.0,2800.0,3448.3,0.775
1440.0,2800.0,3453.8,0.835
1520.0,2800.0,3447.3,1.004
1600.0,2800.0,3451.2,1.558
1680.0,2800.0,3457.2,1.143
1760.0,2800.0,3456.3,1.374
1840.0,2800.0,3455.7,1.347
1920.0,2800.0,3456.0,0.996
2000.0,2800.0,3463.1,1.614
2080.0,2800.0,3462.6,1.34
2160.0,2800.0,3459.4,1.549
2240.0,2800.0,3459.9,1.413
2320.0,2800.0,3467.6,0.916
2400.0,2800.0,3466.2,1.471
2480.0,2800.0,3463.6,1.285
2560.0,2800.0,3474.2,0.714
2640.0,2800.0,3466.0,1.141
2720.0,2800.0,3468.9,0.78
2800.0,2800.0,3472.9,1.415
2880.0,2800.0,3470.1,1.193
2960.0,2800.0,3470.3,1.148
3040.0,2800.0,3467.7,1.065
3120.0,2800.0,3476.5,0.858
3200.0,2800.0,3480.3,0.66
3280.0,2800.0,3474.1,0.285
3360.0,2800.0,3476.4,0.544
3440.0,2800.0,3477.0,0.362
3520.0,2800.0,3479.8,-0.248
3600.0,2800.0,3482.4,-0.137
3680.0,2800.0,3474.1,-0.524
3760.0,2800.0,3469.9,-0.618
3840.0,2800.0,3477.8,-0.807
3920.0,2800.0,3476.0,-0.667
4000.0,2800.0,3477.8,-0.589
4080.0,2800.0,3479.1,-0.753
4160.0,2800.0,3472.3,-0.705
4240.0,2800.0,3476.4,-1.153
4320.0,2800.0,3472.6,-1.215
4400.0,2800.0,3474.0,-0.935
4480.0,2800.0,3473.9,-1.21
4560.0,2800.0,3476.0,-0.854
4640.0,2800.0,3472.2,-1.02
4720.0,2800.0,3471.4,-0.691
4800.0,2800.0,3469.2,-0.565
4880.0,2800.0,3468.7,-0.083
4960.0,2800.0,3468.0,-0.727
5040.0,2800.0,3461.1,-1.076
5120.0,2800.0,3463.5,-0.829
5200.0,2800.0,3459.6,-0.713
5280.0,2800.0,3458.7,-1.002
5360.0,2800.0,3456.1,-0.956
5440.0,2800.0,3463.1,-1.338
5520.0,2800.0,3457.2,-0.388
5600.0,2800.0,3462.5,-0.529
5680.0,2800.0,3465.2,-0.766
5760.0,2800.0,3459.8,-0.311
5840.0,2800.0,3461.8,-0.341
5920.0,2800.0,3455.1,-0.265
6000.0,2800.0,3460.2,0.065
6080.0,2800.0,3459.6,0.052
6160.0,2800.0,3452.1,-0.069
6240.0,2800.0,3454.0,-0.621
6320.0,2800.0,3458.0,-0.132
6400.0,2800.0,3450.2,0.178
6480.0,2800.0,3454.9,0.666
6560.0,2800.0,3456.9,-0.077
6640.0,2800.0,3462.2,0.088
6720.0,2800.0,3460.2,0.744
6800.0,2800.0,3462.6,0.642
6880.0,2800.0,3451.5,0.631
6960.0,2800.0,3462.3,0.771
7040.0,2800.0,3458.6,0.764
7120.0,2800.0,3461.8,0.853
7200.0,2800.0,3470.8,1.419
7280.0,2800.0,3463.3,1.463
7360.0,2800.0,3460.9,0.971
7440.0,2800.0,3467.9,1.018
7520.0,2800.0,3462.7,0.771
7600.0,2800.0,3465.2,0.989
7680.0,2800.0,3479.0,0.605
7760.0,2800.0,3475.5,0.864
7840.0,2800.0,3472.2,1.395
7920.0,2800.0,3476.1,1.758
8000.0,2800.0,3479.6,1.823
8080.0,2800.0,3482.6,1.411
8160.0,2800.0,3477.3,1.858
8240.0,2800.0,3486.4,1.717
8320.0,2800.0,3477.5,1.96
8400.0,2800.0,3480.4,1.551
8480.0,2800.0,3482.5,2.156
8560.0,2800.0,3490.2,2.11
8640.0,2800.0,3493.2,1.624
8720.0,2800.0,3491.9,1.189
8800.0,2800.0,3499.9,0.962
8880.0,2800.0,3495.6,0.425
8960.0,2800.0,3501.4,0.074
9040.0,2800.0,3501.5,0.037
9120.0,2800.0,3502.8,0.264
9200.0,2800.0,3503.0,0.267
9280.0,2800.0,3507.5,0.037
9360.0,2800.0,3510.4,-0.259
9440.0,2800.0,3516.2,-0.523
9520.0,2800.0,3508.8,-0.421
9600.0,2800.0,3515.3,-1.102
9680.0,2800.0,3518.6,-1.451
9760.0,2800.0,3521.5,-0.767
9840.0,2800.0,3517.4,-0.826
9920.0,2800.0,3528.2,-1.196
10000.0,2800.0,3527.5,-1.077
10080.0,2800.0,3529.1,-1.2
10160.0,2800.0,3526.0,-1.339
10240.0,2800.0,3529.5,-0.917
10320.0,2800.0,3536.8,-1.315
10400.0,2800.0,3531.7,-1.467
0.0,2880.0,3464.5,0.514
80.0,2880.0,3457.3,0.321
160.0,2880.0,3464.2,0.128
240.0,2880.0,3458.6,-0.01
320.0,2880.0,3455.0,0.27
400.0,2880.0,3458.7,0.091
480.0,2880.0,3448.8,0.707
560.0,2880.0,3455.2,0.335
640.0,2880.0,3445.7,0.178
720.0,2880.0,3451.6,0.07
800.0,2880.0,3458.0,0.267
880.0,2880.0,3453.2,0.528
960.0,2880.0,3450.5,0.212
1040.0,2880.0,3451.5,0.289
1120.0,2880.0,3455.8,0.878
1200.0,2880.0,3450.4,0.32
1280.0,2880.0,3452.6,1.036
1360.0,2880.0,3450.3,1.107
1440.0,2880.0,3452.3,1.421
1520.0,2880.0,3453.2,1.185
1600.0,2880.0,3454.3,1.241
1680.0,2880.0,3455.0,1.245
1760.0,2880.0,3459.1,0.903
1840.0,2880.0,3456.0,1.047
1920.0,2880.0,3457.9,0.925
2000.0,2880.0,3454.0,0.808
2080.0,2880.0,3462.5,1.011
2160.0,2880.0,3463.3,1.542
2240.0,2880.0,3463.7,1.427
2320.0,2880.0,3460.2,1.023
2400.0,2880.0,3466.9,1.021
2480.0,2880.0,3469.6,1.242
2560.0,2880.0,3473.6,1.042
2640.0,2880.0,3466.8,0.573
2720.0,2880.0,3470.2,0.893
2800.0,2880.0,3477.3,1.225
2880.0,2880.0,3470.8,1.088
2960.0,2880.0,3475.2,1.112
3040.0,2880.0,3472.3,0.796
3120.0,2880.0,3477.8,1.02
3200.0,2880.0,3473.5,0.911
3280.0,2880.0,3475.3,0.627
3360.0,2880.0,3479.0,0.565
3440.0,2880.0,3477.9,0.559
3520.0,2880.0,3479.3,0.098
3600.0,2880.0,3479.2,0.089
3680.0,2880.0,3473.9,-0.415
3760.0,2880.0,3477.4,-0.906
3840.0,2880.0,3474.4,-0.463
3920.0,2880.0,3475.8,-0.416
4000.0,2880.0,3473.5,-0.584
4080.0,2880.0,3472.6,-0.98
4160.0,2880.0,3474.2,-0.472
4240.0,2880.0,3474.0,-0.683
4320.0,2880.0,3473.8,-0.716
4400.0,2880.0,3468.3,-0.654
4480.0,2880.0,3474.8,-0.984
4560.0,2880.0,3468.1,-0.833
4640.0,2880.0,3470.8,-0.976
4720.0,2880.0,3464.8,-0.3
4800.0,2880.0,3463.7,-0.708
4880.0,2880.0,3466.1,-0.772
4960.0,2880.0,3462.7,-0.389
5040.0,2880.0,3455.7,-1.037
5120.0,2880.0,3458.5,-0.856
5200.0,2880.0,3459.7,-0.846
5280.0,2880.0,3461.3,-0.813
5360.0,2880.0,3461.0,-0.663
5440.0,2880.0,3459.5,-0.641
5520.0,2880.0,3457.5,-1.112
5600.0,2880.0,3461.6,-0.765
5680.0,2880.0,3455.1,-0.57
5760.0,2880.0,3456.4,-0.166
5840.0,2880.0,3455.7,-0.042
5920.0,2880.0,3455.2,0.185
6000.0,2880.0,3455.0,0.08
6080.0,2880.0,3453.2,-0.197
6160.0,2880.0,3451.9,-0.332
6240.0,2880.0,3456.9,0.168
6320.0,2880.0,3452.8,0.235
6400.0,2880.0,3458.1,0.343
6480.0,2880.0,3454.9,0.329
6560.0,2880.0,3451.0,0.196
6640.0,2880.0,3452.1,0.507
6720.0,2880.0,3458.3,0.678
6800.0,2880.0,3457.6,0.603
6880.0,2880.0,3459.1,0.557
6960.0,2880.0,3459.5,0.621
7040.0,2880.0,3461.5,0.961
7120.0,2880.0,3468.3,1.074
7200.0,2880.0,3457.3,1.061
7280.0,2880.0,3462.8,1.34
7360.0,2880.0,3467.3,1.307
7440.0,2880.0,3465.9,0.979
7520.0,2880.0,3465.3,1.17
7600.0,2880.0,3466.9,1.344
7680.0,2880.0,3468.3,1.199
7760.0,2880.0,3475.9,1.417
7840.0,2880.0,3469.5,1.203
7920.0,2880.0,3471.5,1.963
8000.0,2880.0,3480.0,1.876
8080.0,2880.0,3473.8,1.686
8160.0,2880.0,3474.7,1.899
8240.0,2880.0,3480.7,2.008
8320.0,2880.0,3480.6,1.368
8400.0,2880.0,3478.2,1.599
8480.0,2880.0,3483.3,2.034
8560.0,2880.0,3485.5,1.43
8640.0,2880.0,3493.0,1.434
8720.0,2880.0,3494.1,0.986
8800.0,2880.0,3493.2,0.546
8880.0,2880.0,3497.1,0.222
8960.0,2880.0,3498.2,0.5
9040.0,2880.0,3501.3,-0.249
9120.0,2880.0,3504.1,0.271
9200.0,2880.0,3502.9,0.376
9280.0,2880.0,3505.8,0.319
9360.0,2880.0,3504.3,-0.478
9440.0,2880.0,3508.4,-0.202
9520.0,2880.0,3511.2,-0.257
9600.0,2880.0,3516.1,-1.005
9680.0,2880.0,3515.5,-0.792
9760.0,2880.0,3518.2,-0.927
9840.0,2880.0,3525.2,-0.867
9920.0,2880.0,3523.1,-1.042
10000.0,2880.0,3524.7,-1.418
10080.0,2880.0,3525.7,-1.199
10160.0,2880.0,3523.6,-1.849
10240.0,2880.0,3531.1,-1.341
10320.0,2880.0,3539.0,-1.411
10400.0,2880.0,3531.1,-1.633
0.0,2960.0,3461.4,0.093
80.0,2960.0,3463.3,0.165
160.0,2960.0,3463.5,0.087
240.0,2960.0,3461.3,0.25
320.0,2960.0,3453.0,0.508
400.0,2960.0,3461.6,0.235
480.0,2960.0,3452.9,0.484
560.0,2960.0,3461.7,0.221
640.0,2960.0,3455.6,0.11
720.0,2960.0,3453.6,0.072
800.0,2960.0,3455.3,-0.106
880.0,2960.0,3456.9,0.173
960.0,2960.0,3459.9,0.264
1040.0,2960.0,3451.9,0.405
1120.0,2960.0,3454.8,0.482
1200.0,2960.0,3459.5,0.202
1280.0,2960.0,3452.0,0.617
1360.0,2960.0,3453.7,0.828
1440.0,2960.0,3451.1,1.299
1520.0,2960.0,3457.0,0.93
1600.0,2960.0,3456.7,0.894
1680.0,2960.0,3454.4,0.534
1760.0,2960.0,3462.3,1.203
1840.0,2960.0,3457.9,1.374
1920.0,2960.0,3460.3,1.031
2000.0,2960.0,3463.3,0.646
2080.0,2960.0,3461.2,1.405
2160.0,2960.0,3462.7,0.912
2240.0,2960.0,3461.9,0.832
2320.0,2960.0,3467.6,1.088
2400.0,2960.0,3469.1,0.736
2480.0,2960.0,3467.2,1.319
2560.0,2960.0,3471.1,0.926
2640.0,2960.0,3468.7,1.228
2720.0,2960.0,3470.6,0.982
2800.0,2960.0,3467.8,0.626
2880.0,2960.0,3475.6,1.044
2960.0,2960.0,3475.5,0.93
3040.0,2960.0,3473.5,1.137
3120.0,2960.0,3477.7,1.529
3200.0,2960.0,3473.2,0.867
3280.0,2960.0,3473.6,0.781
3360.0,2960.0,3469.6,0.794
3440.0,2960.0,3478.6,0.696
3520.0,2960.0,3474.0,0.374
3600.0,2960.0,3473.7,0.127
3680.0,2960.0,3476.0,0.201
3760.0,2960.0,3477.1,-0.478
3840.0,2960.0,3476.7,-0.368
3920.0,2960.0,3472.9,-0.3
4000.0,2960.0,3479.3,-0.25
4080.0,2960.0,3469.4,-1.133
4160.0,2960.0,3473.2,-0.922
4240.0,2960.0,3477.5,-0.782
4320.0,2960.0,3470.6,-0.747
4400.0,2960.0,3469.4,-0.684
4480.0,2960.0,3464.6,-0.913
4560.0,2960.0,3468.0,-0.811
4640.0,2960.0,3461.8,-1.069
4720.0,2960.0,3462.0,-0.599
4800.0,2960.0,3465.9,-0.867
4880.0,2960.0,3459.5,-0.373
4960.0,2960.0,3460.5,-0.848
5040.0,2960.0,3459.3,-0.756
5120.0,2960.0,3462.8,-0.961
5200.0,2960.0,3457.9,-1.076
5280.0,2960.0,3459.9,-0.749
5360.0,2960.0,3456.0,-0.473
5440.0,2960.0,3454.8,-0.808
5520.0,2960.0,3454.0,-1.064
5600.0,2960.0,3452.6,-0.784
5680.0,2960.0,3452.1,-0.878
5760.0,2960.0,3454.9,0.048
5840.0,2960.0,3449.9,-0.212
5920.0,2960.0,3454.8,-0.241
6000.0,2960.0,3449.1,-0.148
6080.0,2960.0,3449.6,0.008
6160.0,2960.0,3446.2,-0.53
6240.0,2960.0,3458.2,0.244
6320.0,2960.0,3448.4,0.202
6400.0,2960.0,3453.0,-0.033
6480.0,2960.0,3452.4,0.232
6560.0,2960.0,3454.2,0.635
6640.0,2960.0,3455.6,0.506
6720.0,2960.0,3460.5,0.18
6800.0,2960.0,3454.4,0.5
6880.0,2960.0,3458.5,0.769
6960.0,2960.0,3454.7,0.58
7040.0,2960.0,3453.9,0.534
7120.0,2960.0,3457.2,0.815
7200.0,2960.0,3461.2,0.716
7280.0,2960.0,3459.9,1.023
7360.0,2960.0,3460.2,1.013
7440.0,2960.0,3463.5,0.888
7520.0,2960.0,3469.9,1.059
7600.0,2960.0,3462.8,1.201
7680.0,2960.0,3473.5,1.241
7760.0,2960.0,3466.3,1.117
7840.0,2960.0,3471.8,1.371
7920.0,2960.0,3473.3,1.381
8000.0,2960.0,3474.4,1.856
8080.0,2960.0,3474.7,2.418
8160.0,2960.0,3484.0,1.82
8240.0,2960.0,3489.0,2.072
8320.0,2960.0,3484.2,1.405
8400.0,2960.0,3489.3,1.36
8480.0,2960.0,3486.8,1.467
8560.0,2960.0,3484.6,1.074
8640.0,2960.0,3496.7,0.648
8720.0,2960.0,3498.0,0.999
8800.0,2960.0,3494.6,0.686
8880.0,2960.0,3497.9,0.415
8960.0,2960.0,3501.4,0.442
9040.0,2960.0,3506.1,0.3
9120.0,2960.0,3505.5,-0.03
9200.0,2960.0,3505.5,0.2
9280.0,2960.0,3507.2,-0.053
9360.0,2960.0,3511.6,0.244
9440.0,2960.0,3509.8,0.162
9520.0,2960.0,3516.5,-0.603
9600.0,2960.0,3520.7,-0.895
9680.0,2960.0,3519.6,-0.79
9760.0,2960.0,3526.0,-0.929
9840.0,2960.0,3518.0,-1.268
9920.0,2960.0,3524.9,-1.087
10000.0,2960.0,3525.0,-1.37
10080.0,2960.0,3527.5,-0.999
10160.0,2960.0,3529.7,-1.656
10240.0,2960.0,3527.3,-1.126
10320.0,2960.0,3535.1,-1.481
10400.0,2960.0,3530.1,-1.388
0.0,3040.0,3468.8,0.566
80.0,3040.0,3458.7,-0.14
160.0,3040.0,3466.6,0.568
240.0,3040.0,3462.7,0.374
320.0,3040.0,3466.8,0.162
400.0,3040.0,3464.7,0.19
480.0,3040.0,3460.9,-0.179
560.0,3040.0,3456.4,-0.304
640.0,3040.0,3457.3,0.002
720.0,3040.0,3460.4,-0.069
800.0,3040.0,3455.1,0.005
880.0,3040.0,3455.2,0.041
960.0,3040.0,3459.2,0.434
1040.0,3040.0,3455.6,-0.239
1120.0,3040.0,3458.1,0.344
1200.0,3040.0,3456.6,0.486
1280.0,3040.0,3458.5,0.108
1360.0,3040.0,3458.9,0.471
1440.0,3040.0,3457.5,0.67
1520.0,3040.0,3458.6,1.084
1600.0,3040.0,3458.7,0.478
1680.0,3040.0,3463.7,1.081
1760.0,3040.0,3451.2,1.064
1840.0,3040.0,3460.4,0.824
1920.0,3040.0,3461.4,0.689
2000.0,3040.0,3462.2,0.877
2080.0,3040.0,3460.6,0.804
2160.0,3040.0,3466.3,0.691
2240.0,3040.0,3465.9,1.018
2320.0,3040.0,3470.8,0.782
2400.0,3040.0,3470.3,0.85
2480.0,3040.0,3469.5,1.152
2560.0,3040.0,3470.7,1.0
2640.0,3040.0,3472.2,1.168
2720.0,3040.0,3475.7,0.844
2800.0,3040.0,3480.0,1.189
2880.0,3040.0,3470.1,1.101
2960.0,3040.0,3471.5,0.859
3040.0,3040.0,3475.9,1.068
3120.0,3040.0,3474.3,0.785
3200.0,3040.0,3471.2,0.753
3280.0,3040.0,3478.2,0.474
3360.0,3040.0,3475.0,0.364
3440.0,3040.0,3474.4,0.222
3520.0,3040.0,3471.9,0.358
3600.0,3040.0,3475.9,0.222
3680.0,3040.0,3477.3,0.065
3760.0,3040.0,3473.8,-0.082
3840.0,3040.0,3477.9,-0.231
3920.0,3040.0,3472.4,-0.435
4000.0,3040.0,3478.8,-0.608
4080.0,3040.0,3470.5,-0.631
4160.0,3040.0,3465.3,-1.063
4240.0,3040.0,3465.8,-0.843
4320.0,3040.0,3464.9,-0.83
4400.0,3040.0,3469.2,-0.345
4480.0,3040.0,3464.2,-0.819
4560.0,3040.0,3460.1,-1.173
4640.0,3040.0,3465.8,-0.952
4720.0,3040.0,3457.4,-1.137
4800.0,3040.0,3455.8,-0.634
4880.0,3040.0,3459.4,-0.73
4960.0,3040.0,3461.4,-0.951
5040.0,3040.0,3457.8,-1.241
5120.0,3040.0,3448.2,-0.82
5200.0,3040.0,3453.4,-0.756
5280.0,3040.0,3450.6,-0.809
5360.0,3040.0,3454.3,-0.539
5440.0,3040.0,3453.4,-1.678
5520.0,3040.0,3451.5,-1.455
5600.0,3040.0,3448.6,-0.531
5680.0,3040.0,3451.3,-0.493
5760.0,3040.0,3447.5,-0.731
5840.0,3040.0,3447.8,0.209
5920.0,3040.0,3447.2,-0.452
6000.0,3040.0,3451.0,-0.2
6080.0,3040.0,3444.3,-0.223
6160.0,3040.0,3444.7,0.268
6240.0,3040.0,3451.2,0.423
6320.0,3040.0,3446.8,-0.118
6400.0,3040.0,3446.6,0.569
6480.0,3040.0,3455.9,0.164
6560.0,3040.0,3447.6,0.657
6640.0,3040.0,3450.2,0.412
6720.0,3040.0,3455.3,0.559
6800.0,3040.0,3452.7,0.949
6880.0,3040.0,3451.6,0.612
6960.0,3040.0,3456.5,0.556
7040.0,3040.0,3456.5,0.38
7120.0,3040.0,3453.5,0.915
7200.0,3040.0,3453.7,0.629
7280.0,3040.0,3456.2,1.336
7360.0,3040.0,3458.5,0.974
7440.0,3040.0,3463.3,0.623
7520.0,3040.0,3460.7,1.234
7600.0,3040.0,3464.7,0.964
7680.0,3040.0,3467.3,0.975
7760.0,3040.0,3471.3,1.078
7840.0,3040.0,3473.1,1.272
7920.0,3040.0,3474.7,1.44
8000.0,3040.0,3474.1,1.752
8080.0,3040.0,3478.3,1.388
8160.0,3040.0,3478.6,1.589
8240.0,3040.0,3476.8,1.914
8320.0,3040.0,3480.3,1.587
8400.0,3040.0,3479.9,1.323
8480.0,3040.0,3484.7,1.399
8560.0,3040.0,3486.3,1.359
8640.0,3040.0,3491.7,0.877
8720.0,3040.0,3494.3,0.742
8800.0,3040.0,3494.5,0.571
8880.0,3040.0,3494.5,0.048
8960.0,3040.0,3508.8,0.401
9040.0,3040.0,3506.3,0.736
9120.0,3040.0,3507.5,0.603
9200.0,3040.0,3509.3,0.512
9280.0,3040.0,3510.5,0.417
9360.0,3040.0,3514.6,-0.425
9440.0,3040.0,3518.3,-0.017
9520.0,3040.0,3512.8,-0.439
9600.0,3040.0,3517.6,-0.381
9680.0,3040.0,3522.6,-0.578
9760.0,3040.0,3519.8,-1.213
9840.0,3040.0,3524.0,-1.155
9920.0,3040.0,3525.0,-1.007
10000.0,3040.0,3529.7,-1.364
10080.0,3040.0,3524.5,-0.951
10160.0,3040.0,3535.4,-1.588
10240.0,3040.0,3530.5,-1.524
10320.0,3040.0,3530.9,-1.447
10400.0,3040.0,3533.8,-1.383
0.0,3120.0,3474.4,0.574
80.0,3120.0,3463.3,0.17
160.0,3120.0,3465.3,-0.279
240.0,3120.0,3466.5,-0.005
320.0,3120.0,3465.8,0.18
400.0,3120.0,3461.2,-0.421
480.0,3120.0,3462.0,-0.365
560.0,3120.0,3459.9,-0.288
640.0,3120.0,3460.0,-0.307
720.0,3120.0,3459.3,-0.585
800.0,3120.0,3462.6,-0.281
880.0,3120.0,3460.3,-0.655
960.0,3120.0,3460.7,0.041
1040.0,3120.0,3455.9,0.004
1120.0,3120.0,3461.7,-0.344
1200.0,3120.0,3458.3,-0.048
1280.0,3120.0,3458.4,0.035
1360.0,3120.0,3455.0,0.18
1440.0,3120.0,3462.4,0.493
1520.0,3120.0,3454.5,0.748
1600.0,3120.0,3464.6,0.906
1680.0,3120.0,3462.3,1.19
1760.0,3120.0,3461.2,0.723
1840.0,3120.0,3466.0,0.636
1920.0,3120.0,3460.5,0.583
2000.0,3120.0,3463.0,0.567
2080.0,3120.0,3472.6,0.768
2160.0,3120.0,3465.7,0.491
2240.0,3120.0,3471.1,0.946
2320.0,3120.0,3470.3,0.97
2400.0,3120.0,3466.8,1.259
2480.0,3120.0,3469.6,1.143
2560.0,3120.0,3475.1,1.328
2640.0,3120.0,3468.8,1.349
2720.0,3120.0,3475.9,1.381
2800.0,3120.0,3466.5,1.37
2880.0,3120.0,3478.6,1.013
2960.0,3120.0,3474.2,1.414
3040.0,3120.0,3476.3,1.084
3120.0,3120.0,3476.0,0.873
3200.0,3120.0,3473.3,0.817
3280.0,3120.0,3473.2,0.686
3360.0,3120.0,3471.5,0.411
3440.0,3120.0,3472.9,0.094
3520.0,3120.0,3477.2,-0.067
3600.0,3120.0,3473.8,0.537
3680.0,3120.0,3474.6,0.121
3760.0,3120.0,3471.5,0.338
3840.0,3120.0,3474.4,-0.102
3920.0,3120.0,3469.7,-0.067
4000.0,3120.0,3464.8,-0.602
4080.0,3120.0,3465.4,-0.247
4160.0,3120.0,3467.7,-0.588
4240.0,3120.0,3459.3,-0.963
4320.0,3120.0,3463.1,-1.028
4400.0,3120.0,3464.9,-0.598
4480.0,3120.0,3459.4,-1.016
4560.0,3120.0,3458.0,-0.967
4640.0,3120.0,3457.7,-0.683
4720.0,3120.0,3462.5,-0.448
4800.0,3120.0,3456.8,-0.787
4880.0,3120.0,3454.7,-0.874
4960.0,3120.0,3453.3,-0.728
5040.0,3120.0,3453.9,-0.786
5120.0,3120.0,3451.9,-1.035
5200.0,3120.0,3448.7,-0.461
5280.0,3120.0,3451.4,-0.497
5360.0,3120.0,3448.7,-0.942
5440.0,3120.0,3447.1,-0.903
5520.0,3120.0,3444.2,-0.876
5600.0,3120.0,3453.7,-0.607
5680.0,3120.0,3449.3,-0.492
5760.0,3120.0,3447.6,-0.358
5840.0,3120.0,3441.1,-0.39
5920.0,3120.0,3444.7,-0.33
6000.0,3120.0,3448.0,-0.225
6080.0,3120.0,3447.6,-0.3
6160.0,3120.0,3446.8,0.174
6240.0,3120.0,3444.2,0.295
6320.0,3120.0,3444.3,0.329
6400.0,3120.0,3448.7,0.79
6480.0,3120.0,3445.3,0.441
6560.0,3120.0,3452.4,0.697
6640.0,3120.0,3449.3,0.38
6720.0,3120.0,3451.2,0.655
6800.0,3120.0,3454.8,0.814
6880.0,3120.0,3451.0,0.339
6960.0,3120.0,3452.1,0.618
7040.0,3120.0,3455.0,0.728
7120.0,3120.0,3456.4,0.752
7200.0,3120.0,3456.0,0.687
7280.0,3120.0,3455.8,1.38
7360.0,3120.0,3456.5,1.042
7440.0,3120.0,3456.1,0.624
7520.0,3120.0,3461.6,0.703
7600.0,3120.0,3466.0,0.856
7680.0,3120.0,3467.1,0.579
7760.0,3120.0,3467.1,0.528
7840.0,3120.0,3471.2,0.857
7920.0,3120.0,3470.5,1.369
8000.0,3120.0,3470.8,1.771
8080.0,3120.0,3472.6,1.458
8160.0,3120.0,3480.5,1.437
8240.0,3120.0,3475.2,1.657
8320.0,3120.0,3488.1,1.525
8400.0,3120.0,3484.8,1.587
8480.0,3120.0,3482.7,1.464
8560.0,3120.0,3490.0,1.301
8640.0,3120.0,3489.7,1.042
8720.0,3120.0,3495.2,0.658
8800.0,3120.0,3495.5,0.47
8880.0,3120.0,3497.6,0.353
8960.0,3120.0,3504.5,0.388
9040.0,3120.0,3507.2,0.623
9120.0,3120.0,3503.5,0.746
9200.0,3120.0,3504.2,0.505
9280.0,3120.0,3508.3,0.415
9360.0,3120.0,3511.9,0.044
9440.0,3120.0,3516.0,-0.201
9520.0,3120.0,3521.8,-0.722
9600.0,3120.0,3521.1,-0.702
9680.0,3120.0,3518.1,-0.878
9760.0,3120.0,3527.8,-0.504
9840.0,3120.0,3521.6,-1.012
9920.0,3120.0,3531.7,-1.165
10000.0,3120.0,3531.1,-1.256
10080.0,3120.0,3533.7,-0.72
10160.0,3120.0,3534.8,-1.456
10240.0,3120.0,3536.4,-1.066
10320.0,3120.0,3532.7,-0.869
10400.0,3120.0,3533.4,-1.192
0.0,3200.0,3474.1,0.328
80.0,3200.0,3469.3,0.613
160.0,3200.0,3461.3,0.252
240.0,3200.0,3466.2,-0.207
320.0,3200.0,3462.9,-0.159
400.0,3200.0,3467.4,-0.193
480.0,3200.0,3461.9,-0.1
560.0,3200.0,3463.5,-0.288
640.0,3200.0,3464.0,-0.123
720.0,3200.0,3462.3,-0.477
800.0,3200.0,3462.5,-0.802
880.0,3200.0,3461.4,-0.834
960.0,3200.0,3461.1,-0.188
1040.0,3200.0,3458.0,0.425
1120.0,3200.0,3460.6,-0.457
1200.0,3200.0,3461.1,-0.206
1280.0,3200.0,3462.1,-0.143
1360.0,3200.0,3459.6,-0.429
1440.0,3200.0,3467.5,0.175
1520.0,3200.0,3457.2,0.43
1600.0,3200.0,3467.9,0.622
1680.0,3200.0,3465.8,0.561
1760.0,3200.0,3466.4,0.718
1840.0,3200.0,3458.8,0.83
1920.0,3200.0,3466.7,0.973
2000.0,3200.0,3467.0,0.263
2080.0,3200.0,3465.9,0.187
2160.0,3200.0,3469.3,-0.066
2240.0,3200.0,3469.4,0.522
2320.0,3200.0,3471.5,0.408
2400.0,3200.0,3469.8,0.989
2480.0,3200.0,3476.9,0.818
2560.0,3200.0,3472.8,1.316
2640.0,3200.0,3466.9,1.396
2720.0,3200.0,3473.2,1.477
2800.0,3200.0,3478.7,1.457
2880.0,3200.0,3475.9,1.104
2960.0,3200.0,3477.3,1.112
3040.0,3200.0,3478.5,0.967
3120.0,3200.0,3476.8,0.866
3200.0,3200.0,3478.9,0.142
3280.0,3200.0,3469.0,0.416
3360.0,3200.0,3475.1,0.731
3440.0,3200.0,3479.9,0.261
3520.0,3200.0,3472.5,-0.039
3600.0,3200.0,3468.9,-0.015
3680.0,3200.0,3474.3,0.328
3760.0,3200.0,3471.5,0.004
3840.0,3200.0,3467.6,-0.013
3920.0,3200.0,3465.1,-0.223
4000.0,3200.0,3468.0,-0.201
4080.0,3200.0,3468.1,0.108
4160.0,3200.0,3462.7,-0.555
4240.0,3200.0,3463.8,-0.682
4320.0,3200.0,3462.3,-0.23
4400.0,3200.0,3460.8,-0.824
4480.0,3200.0,3457.9,-0.906
4560.0,3200.0,3460.7,-0.574
4640.0,3200.0,3460.4,-0.777
4720.0,3200.0,3458.8,-0.529
4800.0,3200.0,3456.8,-0.587
4880.0,3200.0,3449.9,-0.017
4960.0,3200.0,3450.6,-0.868
5040.0,3200.0,3454.8,-1.105
5120.0,3200.0,3454.9,-0.94
5200.0,3200.0,3445.0,-0.599
5280.0,3200.0,3446.6,-0.869
5360.0,3200.0,3446.0,-0.169
5440.0,3200.0,3446.8,-0.781
5520.0,3200.0,3440.9,-0.785
5600.0,3200.0,3445.8,-0.342
5680.0,3200.0,3445.7,-0.378
5760.0,3200.0,3445.6,-0.364
5840.0,3200.0,3444.3,-0.034
5920.0,3200.0,3443.8,0.18
6000.0,3200.0,3438.0,0.171
6080.0,3200.0,3445.0,-0.157
6160.0,3200.0,3443.2,0.213
6240.0,3200.0,3444.6,0.337
6320.0,3200.0,3446.9,0.208
6400.0,3200.0,3446.3,0.319
6480.0,3200.0,3440.9,0.478
6560.0,3200.0,3446.9,0.637
6640.0,3200.0,3444.2,0.909
6720.0,3200.0,3449.4,0.604
6800.0,3200.0,3450.6,1.04
6880.0,3200.0,3445.5,0.878
6960.0,3200.0,3452.8,1.236
7040.0,3200.0,3452.4,0.973
7120.0,3200.0,3457.2,0.709
7200.0,3200.0,3453.5,0.818
7280.0,3200.0,3457.6,1.069
7360.0,3200.0,3455.8,1.443
7440.0,3200.0,3455.4,0.72
7520.0,3200.0,3462.2,1.338
7600.0,3200.0,3460.9,0.573
7680.0,3200.0,3468.5,0.825
7760.0,3200.0,3466.9,0.752
7840.0,3200.0,3466.3,0.604
7920.0,3200.0,3467.6,0.985
8000.0,3200.0,3474.3,1.706
8080.0,3200.0,3473.0,1.178
8160.0,3200.0,3479.3,1.715
8240.0,3200.0,3480.8,1.035
8320.0,3200.0,3476.4,1.378
8400.0,3200.0,3483.5,1.399
8480.0,3200.0,3482.0,0.983
8560.0,3200.0,3487.5,1.338
8640.0,3200.0,3490.3,0.996
8720.0,3200.0,3494.0,0.609
8800.0,3200.0,3495.7,0.372
8880.0,3200.0,3497.9,0.452
8960.0,3200.0,3503.8,0.698
9040.0,3200.0,3510.0,0.832
9120.0,3200.0,3512.5,0.162
9200.0,3200.0,3510.5,0.418
9280.0,3200.0,3508.9,0.608
9360.0,3200.0,3517.0,0.086
9440.0,3200.0,3516.5,-0.383
9520.0,3200.0,3522.7,-0.234
9600.0,3200.0,3521.1,-0.615
9680.0,3200.0,3526.3,-0.655
9760.0,3200.0,3522.6,-0.769
9840.0,3200.0,3532.0,-0.895
9920.0,3200.0,3530.1,-1.17
10000.0,3200.0,3531.3,-1.111
10080.0,3200.0,3533.8,-1.001
10160.0,3200.0,3537.5,-1.454
10240.0,3200.0,3538.8,-0.857
10320.0,3200.0,3527.8,-0.832
10400.0,3200.0,3534.1,-1.459
0.0,3280.0,3471.6,0.177
80.0,3280.0,3470.6,0.304
160.0,3280.0,3468.3,0.517
240.0,3280.0,3476.8,-0.048
320.0,3280.0,3467.5,-0.08
400.0,3280.0,3471.7,-0.383
480.0,3280.0,3468.3,-0.245
560.0,3280.0,3461.4,-0.19
640.0,3280.0,3464.9,-0.193
720.0,3280.0,3459.0,-0.683
800.0,3280.0,3461.4,-0.592
880.0,3280.0,3463.3,-0.574
960.0,3280.0,3458.6,-0.341
1040.0,3280.0,3457.4,-0.63
1120.0,3280.0,3463.7,-0.671
1200.0,3280.0,3458.5,-0.279
1280.0,3280.0,3458.2,-0.356
1360.0,3280.0,3458.9,-0.16
1440.0,3280.0,3461.3,0.006
1520.0,3280.0,3460.8,0.208
1600.0,3280.0,3463.2,0.054
1680.0,3280.0,3463.1,0.061
1760.0,3280.0,3466.1,-0.04
1840.0,3280.0,3464.9,0.487
1920.0,3280.0,3468.4,0.463
2000.0,3280.0,3468.3,-0.079
2080.0,3280.0,3467.7,-0.325
2160.0,3280.0,3473.1,-0.01
2240.0,3280.0,3472.7,0.023
2320.0,3280.0,3471.0,0.433
2400.0,3280.0,3471.0,1.161
2480.0,3280.0,3474.9,0.701
2560.0,3280.0,3475.6,0.929
2640.0,3280.0,3478.2,1.286
2720.0,3280.0,3480.2,1.301
2800.0,3280.0,3476.4,0.944
2880.0,3280.0,3475.3,0.993
2960.0,3280.0,3477.8,1.429
3040.0,3280.0,3471.6,1.016
3120.0,3280.0,3473.3,1.071
3200.0,3280.0,3480.3,0.374
3280.0,3280.0,3475.7,0.394
3360.0,3280.0,3482.4,0.273
3440.0,3280.0,3473.7,0.342
3520.0,3280.0,3474.0,-0.169
3600.0,3280.0,3472.3,0.051
3680.0,3280.0,3471.9,0.186
3760.0,3280.0,3475.6,-0.636
3840.0,3280.0,3466.9,-0.047
3920.0,3280.0,3471.2,0.18
4000.0,3280.0,3463.3,0.021
4080.0,3280.0,3463.5,-0.56
4160.0,3280.0,3464.9,-0.427
4240.0,3280.0,3462.8,-0.727
4320.0,3280.0,3459.9,-0.307
4400.0,3280.0,3463.5,-0.326
4480.0,3280.0,3457.8,-0.884
4560.0,3280.0,3455.3,-0.896
4640.0,3280.0,3450.3,-0.754
4720.0,3280.0,3453.7,-0.672
4800.0,3280.0,3449.6,-0.586
4880.0,3280.0,3453.8,-0.764
4960.0,3280.0,3452.1,-0.57
5040.0,3280.0,3449.6,-0.713
5120.0,3280.0,3446.2,-0.43
5200.0,3280.0,3441.0,-0.613
5280.0,3280.0,3442.3,-0.605
5360.0,3280.0,3441.9,-0.384
5440.0,3280.0,3445.8,-0.441
5520.0,3280.0,3443.4,-0.402
5600.0,3280.0,3441.9,-0.161
5680.0,3280.0,3438.0,-0.157
5760.0,3280.0,3448.1,0.18
5840.0,3280.0,3442.0,-0.199
5920.0,3280.0,3439.8,-0.445
6000.0,3280.0,3440.4,-0.232
6080.0,3280.0,3437.7,0.177
6160.0,3280.0,3442.3,0.291
6240.0,3280.0,3442.5,-0.036
6320.0,3280.0,3440.5,-0.0
6400.0,3280.0,3448.6,0.467
6480.0,3280.0,3433.7,0.17
6560.0,3280.0,3445.7,0.511
6640.0,3280.0,3439.6,0.342
6720.0,3280.0,3442.3,0.839
6800.0,3280.0,3443.2,0.633
6880.0,3280.0,3452.0,0.987
6960.0,3280.0,3446.6,0.751
7040.0,3280.0,3446.3,0.87
7120.0,3280.0,3449.8,0.734
7200.0,3280.0,3451.2,0.892
7280.0,3280.0,3454.1,1.328
7360.0,3280.0,3456.7,0.703
7440.0,3280.0,3461.0,0.603
7520.0,3280.0,3460.9,0.937
7600.0,3280.0,3464.1,0.387
7680.0,3280.0,3462.4,1.242
7760.0,3280.0,3468.1,1.051
7840.0,3280.0,3469.9,0.948
7920.0,3280.0,3469.7,1.118
8000.0,3280.0,3472.9,1.243
8080.0,3280.0,3473.7,1.038
8160.0,3280.0,3474.0,1.223
8240.0,3280.0,3482.7,1.041
8320.0,3280.0,3473.3,1.575
8400.0,3280.0,3488.8,1.261
8480.0,3280.0,3489.0,0.886
8560.0,3280.0,3491.9,0.681
8640.0,3280.0,3491.9,0.738
8720.0,3280.0,3491.7,0.287
8800.0,3280.0,3496.4,0.454
8880.0,3280.0,3499.4,0.891
8960.0,3280.0,3508.1,0.984
9040.0,3280.0,3505.6,0.759
9120.0,3280.0,3508.4,0.169
9200.0,3280.0,3509.0,0.416
9280.0,3280.0,3513.1,0.349
9360.0,3280.0,3516.7,0.294
9440.0,3280.0,3513.9,0.151
9520.0,3280.0,3523.1,-0.318
9600.0,3280.0,3525.1,-0.77
9680.0,3280.0,3524.2,-1.268
9760.0,3280.0,3525.4,-0.543
9840.0,3280.0,3528.8,-1.235
9920.0,3280.0,3530.8,-1.243
10000.0,3280.0,3531.4,-1.154
10080.0,3280.0,3537.5,-1.539
10160.0,3280.0,3537.6,-1.027
10240.0,3280.0,3535.5,-1.163
10320.0,3280.0,3536.2,-0.816
10400.0,3280.0,3537.5,-1.094
0.0,3360.0,3475.6,-0.082
80.0,3360.0,3467.6,-0.124
160.0,3360.0,3468.7,0.103
240.0,3360.0,3468.6,0.053
320.0,3360.0,3470.1,0.229
400.0,3360.0,3465.2,0.15
480.0,3360.0,3467.3,-0.115
560.0,3360.0,3474.2,-0.284
640.0,3360.0,3468.9,-0.191
720.0,3360.0,3461.6,-0.646
800.0,3360.0,3459.8,-0.334
880.0,3360.0,3465.2,-0.471
960.0,3360.0,3466.4,-0.444
1040.0,3360.0,3464.2,-0.242
1120.0,3360.0,3458.6,-0.737
1200.0,3360.0,3462.7,-0.651
1280.0,3360.0,3466.0,-0.471
1360.0,3360.0,3467.8,-0.274
1440.0,3360.0,3464.8,0.378
1520.0,3360.0,3465.5,-0.285
1600.0,3360.0,3459.1,0.001
1680.0,3360.0,3469.6,0.055
1760.0,3360.0,3470.5,-0.044
1840.0,3360.0,3466.3,-0.013
1920.0,3360.0,3469.5,0.041
2000.0,3360.0,3467.7,0.064
2080.0,3360.0,3466.0,0.069
2160.0,3360.0,3469.7,0.097
2240.0,3360.0,3469.5,0.37
2320.0,3360.0,3470.8,0.182
2400.0,3360.0,3475.1,0.604
2480.0,3360.0,3472.1,0.559
2560.0,3360.0,3474.6,0.972
2640.0,3360.0,3475.3,1.448
2720.0,3360.0,3477.0,1.408
2800.0,3360.0,3476.6,0.975
2880.0,3360.0,3474.0,1.39
2960.0,3360.0,3474.0,1.244
3040.0,3360.0,3479.9,0.952
3120.0,3360.0,3473.1,1.129
3200.0,3360.0,3475.8,0.887
3280.0,3360.0,3471.2,1.058
3360.0,3360.0,3479.1,0.588
3440.0,3360.0,3472.5,0.118
3520.0,3360.0,3475.5,-0.061
3600.0,3360.0,3472.7,-0.351
3680.0,3360.0,3471.5,0.14
3760.0,3360.0,3469.1,-0.102
3840.0,3360.0,3462.3,-0.284
3920.0,3360.0,3464.0,-0.221
4000.0,3360.0,3464.0,-0.814
4080.0,3360.0,3460.2,-0.42
4160.0,3360.0,3469.5,-0.164
4240.0,3360.0,3464.5,-0.102
4320.0,3360.0,3463.3,-0.102
4400.0,3360.0,3451.6,-0.256
4480.0,3360.0,3462.4,-0.403
4560.0,3360.0,3453.6,-0.585
4640.0,3360.0,3450.8,-0.573
4720.0,3360.0,3455.2,-0.883
4800.0,3360.0,3451.6,-0.535
4880.0,3360.0,3447.3,-0.787
4960.0,3360.0,3447.3,-0.129
5040.0,3360.0,3447.4,-0.543
5120.0,3360.0,3442.2,-0.792
5200.0,3360.0,3442.6,-0.74
5280.0,3360.0,3441.4,-0.488
5360.0,3360.0,3441.3,-0.481
5440.0,3360.0,3442.1,-0.422
5520.0,3360.0,3441.5,-0.422
5600.0,3360.0,3440.1,-0.004
5680.0,3360.0,3439.0,-0.384
5760.0,3360.0,3438.1,-0.246
5840.0,3360.0,3438.4,-0.119
5920.0,3360.0,3431.6,-0.268
6000.0,3360.0,3434.5,-0.084
6080.0,3360.0,3437.9,-0.065
6160.0,3360.0,3436.7,0.141
6240.0,3360.0,3438.3,-0.527
6320.0,3360.0,3436.9,0.267
6400.0,3360.0,3441.9,0.073
6480.0,3360.0,3435.0,0.25
6560.0,3360.0,3441.3,0.324
6640.0,3360.0,3445.2,0.674
6720.0,3360.0,3445.5,0.608
6800.0,3360.0,3446.6,1.222
6880.0,3360.0,3443.6,0.973
6960.0,3360.0,3441.9,0.954
7040.0,3360.0,3453.8,1.488
7120.0,3360.0,3449.2,1.003
7200.0,3360.0,3452.4,1.071
7280.0,3360.0,3459.9,1.27
7360.0,3360.0,3450.0,1.256
7440.0,3360.0,3454.1,0.969
7520.0,3360.0,3461.0,0.554
7600.0,3360.0,3457.9,0.443
7680.0,3360.0,3458.9,0.707
7760.0,3360.0,3463.2,0.957
7840.0,3360.0,3468.7,1.076
7920.0,3360.0,3472.3,1.16
8000.0,3360.0,3473.2,0.904
8080.0,3360.0,3470.4,1.697
8160.0,3360.0,3475.0,0.99
8240.0,3360.0,3481.5,1.155
8320.0,3360.0,3484.7,0.763
8400.0,3360.0,3487.1,1.536
8480.0,3360.0,3486.6,1.19
8560.0,3360.0,3493.5,0.124
8640.0,3360.0,3493.5,1.244
8720.0,3360.0,3487.7,1.055
8800.0,3360.0,3508.8,0.845
8880.0,3360.0,3504.5,1.089
8960.0,3360.0,3506.8,0.734
9040.0,3360.0,3507.2,0.381
9120.0,3360.0,3509.9,0.785
9200.0,3360.0,3509.9,0.842
9280.0,3360.0,3517.2,0.888
9360.0,3360.0,3514.9,0.906
9440.0,3360.0,3517.5,0.117
9520.0,3360.0,3520.6,0.389
9600.0,3360.0,3525.9,-0.6
9680.0,3360.0,3523.3,-0.34
9760.0,3360.0,3527.8,-0.937
9840.0,3360.0,3529.8,-1.036
9920.0,3360.0,3530.5,-0.797
10000.0,3360.0,3533.6,-1.184
10080.0,3360.0,3537.8,-1.114
10160.0,3360.0,3537.5,-1.286
10240.0,3360.0,3533.6,-1.259
10320.0,3360.0,3535.0,-1.189
10400.0,3360.0,3541.0,-1.088
0.0,3440.0,3478.2,0.185
80.0,3440.0,3474.4,0.061
160.0,3440.0,3475.9,0.355
240.0,3440.0,3469.9,0.086
320.0,3440.0,3472.1,-0.105
400.0,3440.0,3467.1,-0.273
480.0,3440.0,3467.8,-0.247
560.0,3440.0,3465.8,-0.079
640.0,3440.0,3467.8,-0.558
720.0,3440.0,3469.8,-0.615
800.0,3440.0,3465.8,-0.748
880.0,3440.0,3472.3,-0.759
960.0,3440.0,3466.4,-0.716
1040.0,3440.0,3464.4,-0.786
1120.0,3440.0,3468.8,-0.491
1200.0,3440.0,3463.9,-0.806
1280.0,3440.0,3467.0,-0.487
1360.0,3440.0,3471.0,0.166
1440.0,3440.0,3467.6,0.169
1520.0,3440.0,3470.7,-0.162
1600.0,3440.0,3468.0,-0.141
1680.0,3440.0,3465.8,-0.34
1760.0,3440.0,3467.3,-0.335
1840.0,3440.0,3468.4,-0.032
1920.0,3440.0,3470.0,0.127
2000.0,3440.0,3471.7,-0.03
2080.0,3440.0,3466.4,-0.069
2160.0,3440.0,3472.4,0.304
2240.0,3440.0,3475.4,0.381
2320.0,3440.0,3475.2,0.242
2400.0,3440.0,3478.4,0.819
2480.0,3440.0,3471.8,1.129
2560.0,3440.0,3473.0,1.045
2640.0,3440.0,3477.8,1.441
2720.0,3440.0,3478.1,1.249
2800.0,3440.0,3477.4,1.298
2880.0,3440.0,3474.8,1.236
2960.0,3440.0,3476.3,1.369
3040.0,3440.0,3480.5,1.23
3120.0,3440.0,3478.7,0.939
3200.0,3440.0,3474.5,0.982
3280.0,3440.0,3480.3,0.553
3360.0,3440.0,3475.5,0.953
3440.0,3440.0,3473.9,0.448
3520.0,3440.0,3476.0,-0.044
3600.0,3440.0,3475.3,0.176
3680.0,3440.0,3470.3,0.278
3760.0,3440.0,3465.8,-0.269
3840.0,3440.0,3470.5,0.187
3920.0,3440.0,3465.3,-0.356
4000.0,3440.0,3466.3,-0.154
4080.0,3440.0,3466.3,-0.018
4160.0,3440.0,3455.7,0.346
4240.0,3440.0,3457.2,-0.127
4320.0,3440.0,3457.6,-0.22
4400.0,3440.0,3455.5,-0.68
4480.0,3440.0,3457.4,-0.917
4560.0,3440.0,3452.5,-0.125
4640.0,3440.0,3451.8,-0.087
4720.0,3440.0,3452.0,-0.63
4800.0,3440.0,3444.2,-1.055
4880.0,3440.0,3440.6,-0.511
4960.0,3440.0,3446.3,-0.371
5040.0,3440.0,3443.1,-0.3
5120.0,3440.0,3443.7,-0.446
5200.0,3440.0,3446.6,-0.917
5280.0,3440.0,3439.5,-0.622
5360.0,3440.0,3429.7,-0.228
5440.0,3440.0,3435.3,-0.545
5520.0,3440.0,3433.4,-0.227
5600.0,3440.0,3435.1,-0.224
5680.0,3440.0,3431.3,0.257
5760.0,3440.0,3434.7,-0.038
5840.0,3440.0,3434.7,0.428
5920.0,3440.0,3431.3,0.024
6000.0,3440.0,3437.0,-0.045
6080.0,3440.0,3432.9,0.01
6160.0,3440.0,3432.4,-0.092
6240.0,3440.0,3434.3,-0.114
6320.0,3440.0,3435.1,-0.193
6400.0,3440.0,3434.0,0.309
6480.0,3440.0,3434.0,0.423
6560.0,3440.0,3434.8,0.784
6640.0,3440.0,3444.1,0.464
6720.0,3440.0,3438.5,0.433
6800.0,3440.0,3436.0,0.813
6880.0,3440.0,3441.6,1.067
6960.0,3440.0,3435.3,0.795
7040.0,3440.0,3443.0,0.971
7120.0,3440.0,3443.4,1.336
7200.0,3440.0,3447.0,1.327
7280.0,3440.0,3450.1,1.513
7360.0,3440.0,3452.4,1.213
7440.0,3440.0,3449.4,1.261
7520.0,3440.0,3461.9,0.357
7600.0,3440.0,3456.9,0.49
7680.0,3440.0,3457.0,0.755
7760.0,3440.0,3467.1,0.689
7840.0,3440.0,3469.5,1.097
7920.0,3440.0,3470.2,0.869
8000.0,3440.0,3474.2,1.315
8080.0,3440.0,3476.9,1.239
8160.0,3440.0,3479.9,1.205
8240.0,3440.0,3481.0,1.447
8320.0,3440.0,3488.5,1.136
8400.0,3440.0,3484.2,1.152
8480.0,3440.0,3486.0,1.045
8560.0,3440.0,3493.4,1.074
8640.0,3440.0,3491.4,1.129
8720.0,3440.0,3499.3,0.943
8800.0,3440.0,3505.7,0.848
8880.0,3440.0,3496.2,0.867
8960.0,3440.0,3505.1,0.403
9040.0,3440.0,3504.8,0.819
9120.0,3440.0,3508.4,0.532
9200.0,3440.0,3509.7,0.676
9280.0,3440.0,3518.2,0.538
9360.0,3440.0,3518.3,0.579
9440.0,3440.0,3521.8,0.18
9520.0,3440.0,3524.0,0.333
9600.0,3440.0,3526.7,-0.013
9680.0,3440.0,3521.0,-0.75
9760.0,3440.0,3530.6,-0.436
9840.0,3440.0,3533.4,-1.022
9920.0,3440.0,3534.3,-0.516
10000.0,3440.0,3535.5,-0.841
10080.0,3440.0,3536.6,-0.942
10160.0,3440.0,3534.9,-0.913
10240.0,3440.0,3537.6,-1.049
10320.0,3440.0,3543.1,-1.079
10400.0,3440.0,3539.6,-1.431
0.0,3520.0,3470.4,0.102
80.0,3520.0,3477.2,0.188
160.0,3520.0,3476.5,0.271
240.0,3520.0,3470.9,-0.138
320.0,3520.0,3468.7,0.169
400.0,3520.0,3470.2,-0.324
480.0,3520.0,3468.8,-0.46
560.0,3520.0,3468.7,-0.035
640.0,3520.0,3469.7,-0.23
720.0,3520.0,3470.2,-0.31
800.0,3520.0,3470.9,-0.674
880.0,3520.0,3467.5,-0.869
960.0,3520.0,3465.4,-0.856
1040.0,3520.0,3464.1,-1.087
1120.0,3520.0,3465.9,-1.216
1200.0,3520.0,3467.8,-0.449
1280.0,3520.0,3464.4,-0.302
1360.0,3520.0,3468.7,-0.193
1440.0,3520.0,3470.4,-0.116
1520.0,3520.0,3465.6,-0.253
1600.0,3520.0,3471.2,-0.307
1680.0,3520.0,3472.6,-0.023
1760.0,3520.0,3475.8,0.306
1840.0,3520.0,3476.8,-0.262
1920.0,3520.0,3473.9,0.165
2000.0,3520.0,3471.3,0.022
2080.0,3520.0,3473.3,-0.597
2160.0,3520.0,3474.5,0.042
2240.0,3520.0,3477.2,0.099
2320.0,3520.0,3475.1,0.575
2400.0,3520.0,3474.2,0.714
2480.0,3520.0,3483.0,0.715
2560.0,3520.0,3479.2,1.064
2640.0,3520.0,3477.5,1.488
2720.0,3520.0,3479.8,1.328
2800.0,3520.0,3482.5,1.209
2880.0,3520.0,3477.0,1.196
2960.0,3520.0,3477.9,0.963
3040.0,3520.0,3471.4,0.671
3120.0,3520.0,3480.2,0.872
3200.0,3520.0,3480.3,1.147
3280.0,3520.0,3477.1,0.862
3360.0,3520.0,3478.8,0.907
3440.0,3520.0,3476.1,0.779
3520.0,3520.0,3474.8,0.756
3600.0,3520.0,3477.5,0.322
3680.0,3520.0,3468.1,0.368
3760.0,3520.0,3470.4,-0.325
3840.0,3520.0,3465.7,-0.256
3920.0,3520.0,3468.6,-0.36
4000.0,3520.0,3461.5,-0.403
4080.0,3520.0,3465.5,-0.268
4160.0,3520.0,3460.1,-0.373
4240.0,3520.0,3454.9,-0.355
4320.0,3520.0,3456.0,-0.574
4400.0,3520.0,3456.6,-0.665
4480.0,3520.0,3450.1,-0.307
4560.0,3520.0,3447.0,-0.276
4640.0,3520.0,3453.3,-0.61
4720.0,3520.0,3448.3,-0.748
4800.0,3520.0,3447.9,-0.959
4880.0,3520.0,3446.3,-0.688
4960.0,3520.0,3442.7,-0.296
5040.0,3520.0,3442.5,-0.433
5120.0,3520.0,3433.3,-0.41
5200.0,3520.0,3439.4,-0.523
5280.0,3520.0,3433.0,-0.046
5360.0,3520.0,3435.2,-0.506
5440.0,3520.0,3436.9,-0.368
5520.0,3520.0,3432.5,-0.254
5600.0,3520.0,3433.8,0.463
5680.0,3520.0,3437.9,0.167
5760.0,3520.0,3435.4,-0.026
5840.0,3520.0,3432.8,0.05
5920.0,3520.0,3429.7,0.123
6000.0,3520.0,3432.1,0.458
6080.0,3520.0,3427.2,0.234
6160.0,3520.0,3431.0,0.068
6240.0,3520.0,3432.8,0.116
6320.0,3520.0,3433.8,-0.492
6400.0,3520.0,3434.3,0.082
6480.0,3520.0,3432.3,0.267
6560.0,3520.0,3435.6,0.388
6640.0,3520.0,3437.1,0.518
6720.0,3520.0,3437.6,0.888
6800.0,3520.0,3438.9,1.11
6880.0,3520.0,3438.2,0.696
6960.0,3520.0,3437.4,1.438
7040.0,3520.0,3439.8,1.074
7120.0,3520.0,3444.3,1.506
7200.0,3520.0,3443.5,1.107
7280.0,3520.0,3447.4,1.776
7360.0,3520.0,3450.7,1.118
7440.0,3520.0,3451.4,0.482
7520.0,3520.0,3459.5,0.387
7600.0,3520.0,3453.9,0.337
7680.0,3520.0,3463.6,0.82
7760.0,3520.0,3462.3,0.66
7840.0,3520.0,3468.7,0.807
7920.0,3520.0,3468.0,1.129
8000.0,3520.0,3467.8,1.139
8080.0,3520.0,3474.7,0.646
8160.0,3520.0,3473.1,0.773
8240.0,3520.0,3479.8,0.82
8320.0,3520.0,3482.0,0.409
8400.0,3520.0,3481.0,0.86
8480.0,3520.0,3489.1,1.173
8560.0,3520.0,3494.3,1.063
8640.0,3520.0,3489.3,1.238
8720.0,3520.0,3492.6,1.126
8800.0,3520.0,3503.9,0.76
8880.0,3520.0,3503.6,0.993
8960.0,3520.0,3506.7,1.094
9040.0,3520.0,3512.9,0.576
9120.0,3520.0,3508.6,0.933
9200.0,3520.0,3517.6,0.907
9280.0,3520.0,3520.0,0.518
9360.0,3520.0,3514.4,0.415
9440.0,3520.0,3522.8,0.558
9520.0,3520.0,3521.9,0.121
9600.0,3520.0,3524.8,-0.244
9680.0,3520.0,3535.1,-0.403
9760.0,3520.0,3533.8,-0.71
9840.0,3520.0,3541.2,-0.444
9920.0,3520.0,3534.2,-0.815
10000.0,3520.0,3534.3,-0.684
10080.0,3520.0,3544.0,-0.907
10160.0,3520.0,3538.9,-0.617
10240.0,3520.0,3545.3,-0.994
10320.0,3520.0,3545.2,-1.105
10400.0,3520.0,3543.2,-0.893
0.0,3600.0,3479.4,0.276
80.0,3600.0,3475.4,0.194
160.0,3600.0,3473.1,-0.347
240.0,3600.0,3476.4,-0.298
320.0,3600.0,3476.9,-0.408
400.0,3600.0,3477.4,-0.405
480.0,3600.0,3474.6,-0.416
560.0,3600.0,3478.4,-0.485
640.0,3600.0,3466.4,-0.435
720.0,3600.0,3471.6,-0.476
800.0,3600.0,3471.0,-0.606
880.0,3600.0,3470.6,-1.137
960.0,3600.0,3474.2,-0.969
1040.0,3600.0,3472.4,-0.91
1120.0,3600.0,3473.0,-0.808
1200.0,3600.0,3472.6,-0.785
1280.0,3600.0,3462.0,-0.208
1360.0,3600.0,3467.7,-0.25
1440.0,3600.0,3472.0,-0.256
1520.0,3600.0,3471.7,0.182
1600.0,3600.0,3475.1,-0.069
1680.0,3600.0,3471.3,-0.105
1760.0,3600.0,3476.6,-0.167
1840.0,3600.0,3476.4,0.256
1920.0,3600.0,3471.1,0.118
2000.0,3600.0,3473.6,-0.279
2080.0,3600.0,3477.6,0.223
2160.0,3600.0,3483.7,0.284
2240.0,3600.0,3478.4,0.5
2320.0,3600.0,3479.1,0.594
2400.0,3600.0,3478.3,0.811
2480.0,3600.0,3484.4,0.455
2560.0,3600.0,3470.9,0.872
2640.0,3600.0,3481.0,0.578
2720.0,3600.0,3473.8,0.773
2800.0,3600.0,3479.7,1.013
2880.0,3600.0,3482.1,1.174
2960.0,3600.0,3483.7,1.311
3040.0,3600.0,3476.8,1.447
3120.0,3600.0,3477.8,1.248
3200.0,3600.0,3476.8,1.34
3280.0,3600.0,3474.9,0.693
3360.0,3600.0,3473.0,0.495
3440.0,3600.0,3472.6,0.839
3520.0,3600.0,3471.8,0.794
3600.0,3600.0,3469.1,0.35
3680.0,3600.0,3475.6,0.18
3760.0,3600.0,3468.2,0.37
3840.0,3600.0,3466.1,0.013
3920.0,3600.0,3463.7,-0.167
4000.0,3600.0,3458.4,-0.372
4080.0,3600.0,3459.6,-0.077
4160.0,3600.0,3458.9,-0.153
4240.0,3600.0,3462.6,-0.017
4320.0,3600.0,3452.5,0.037
4400.0,3600.0,3446.7,0.002
4480.0,3600.0,3452.7,0.354
4560.0,3600.0,3449.5,0.001
4640.0,3600.0,3444.6,-0.151
4720.0,3600.0,3445.4,-0.263
4800.0,3600.0,3444.7,-0.957
4880.0,3600.0,3444.9,-0.732
4960.0,3600.0,3441.7,-0.574
5040.0,3600.0,3440.6,-0.414
5120.0,3600.0,3436.7,-1.118
5200.0,3600.0,3437.4,-0.582
5280.0,3600.0,3434.7,-0.34
5360.0,3600.0,3438.8,-0.73
5440.0,3600.0,3434.8,-0.479
5520.0,3600.0,3432.2,-0.519
5600.0,3600.0,3424.9,0.236
5680.0,3600.0,3433.2,-0.147
5760.0,3600.0,3426.6,0.244
5840.0,3600.0,3430.8,0.496
5920.0,3600.0,3428.6,0.327
6000.0,3600.0,3431.5,0.664
6080.0,3600.0,3428.1,-0.252
6160.0,3600.0,3431.8,-0.407
6240.0,3600.0,3427.6,-0.195
6320.0,3600.0,3429.6,0.361
6400.0,3600.0,3434.9,0.437
6480.0,3600.0,3431.7,0.709
6560.0,3600.0,3434.8,0.834
6640.0,3600.0,3431.6,1.02
6720.0,3600.0,3438.3,1.116
6800.0,3600.0,3440.0,1.347
6880.0,3600.0,3436.5,1.106
6960.0,3600.0,3441.7,1.158
7040.0,3600.0,3442.5,1.858
7120.0,3600.0,3444.7,1.506
7200.0,3600.0,3443.8,1.408
7280.0,3600.0,3454.2,1.354
7360.0,3600.0,3457.7,0.771
7440.0,3600.0,3454.8,0.749
7520.0,3600.0,3449.6,1.071
7600.0,3600.0,3454.4,-0.2
7680.0,3600.0,3456.5,0.609
7760.0,3600.0,3465.5,0.618
7840.0,3600.0,3469.1,0.668
7920.0,3600.0,3468.3,0.591
8000.0,3600.0,3470.4,0.455
8080.0,3600.0,3477.9,0.727
8160.0,3600.0,3473.7,0.678
8240.0,3600.0,3477.4,0.332
8320.0,3600.0,3482.9,0.686
8400.0,3600.0,3479.5,1.106
8480.0,3600.0,3490.8,1.296
8560.0,3600.0,3492.4,1.148
8640.0,3600.0,3489.3,0.713
8720.0,3600.0,3496.9,0.721
8800.0,3600.0,3499.5,1.345
8880.0,3600.0,3506.3,0.956
8960.0,3600.0,3508.7,0.905
9040.0,3600.0,3515.8,0.718
9120.0,3600.0,3510.5,0.846
9200.0,3600.0,3522.2,0.628
9280.0,3600.0,3520.8,0.707
9360.0,3600.0,3528.0,0.6
9440.0,3600.0,3526.8,0.299
9520.0,3600.0,3525.7,0.592
9600.0,3600.0,3528.4,-0.006
9680.0,3600.0,3529.7,-0.167
9760.0,3600.0,3529.8,-0.024
9840.0,3600.0,3538.3,-0.493
9920.0,3600.0,3541.4,-0.435
10000.0,3600.0,3543.2,-0.405
10080.0,3600.0,3543.7,-0.999
10160.0,3600.0,3545.8,-0.517
10240.0,3600.0,3542.8,-0.78
10320.0,3600.0,3544.5,-1.013
10400.0,3600.0,3542.7,-1.451
0.0,3680.0,3482.5,0.228
80.0,3680.0,3481.0,0.522
160.0,3680.0,3482.4,0.123
240.0,3680.0,3484.0,-0.078
320.0,3680.0,3479.4,0.174
400.0,3680.0,3474.6,-0.334
480.0,3680.0,3469.6,-0.388
560.0,3680.0,3473.9,-0.574
640.0,3680.0,3474.6,-0.682
720.0,3680.0,3474.1,-0.683
800.0,3680.0,3475.2,-0.586
880.0,3680.0,3470.3,-1.079
960.0,3680.0,3475.6,-1.042
1040.0,3680.0,3472.9,-0.734
1120.0,3680.0,3470.6,-1.046
1200.0,3680.0,3471.9,-1.041
1280.0,3680.0,3474.0,-0.69
1360.0,3680.0,3476.1,-0.661
1440.0,3680.0,3474.0,-0.13
1520.0,3680.0,3478.2,-0.114
1600.0,3680.0,3474.6,-0.008
1680.0,3680.0,3474.4,0.206
1760.0,3680.0,3476.5,0.002
1840.0,3680.0,3474.8,-0.255
1920.0,3680.0,3476.9,-0.264
2000.0,3680.0,3476.9,0.452
2080.0,3680.0,3476.2,0.311
2160.0,3680.0,3478.9,0.431
2240.0,3680.0,3478.9,0.217
2320.0,3680.0,3481.3,0.744
2400.0,3680.0,3483.6,0.667
2480.0,3680.0,3476.0,0.882
2560.0,3680.0,3480.5,0.813
2640.0,3680.0,3477.7,1.029
2720.0,3680.0,3482.7,0.499
2800.0,3680.0,3478.0,0.494
2880.0,3680.0,3485.6,0.683
2960.0,3680.0,3479.1,1.051
3040.0,3680.0,3473.9,1.36
3120.0,3680.0,3483.6,1.533
3200.0,3680.0,3480.7,1.142
3280.0,3680.0,3477.8,1.13
3360.0,3680.0,3475.9,0.385
3440.0,3680.0,3469.7,1.08
3520.0,3680.0,3473.2,0.757
3600.0,3680.0,3473.3,0.644
3680.0,3680.0,3475.7,0.459
3760.0,3680.0,3465.1,0.493
3840.0,3680.0,3468.6,0.214
3920.0,3680.0,3465.5,0.396
4000.0,3680.0,3458.5,-0.207
4080.0,3680.0,3460.9,-0.172
4160.0,3680.0,3456.7,0.284
4240.0,3680.0,3456.8,0.101
4320.0,3680.0,3458.6,-0.172
4400.0,3680.0,3452.7,-0.282
4480.0,3680.0,3453.9,-0.135
4560.0,3680.0,3447.5,-0.056
4640.0,3680.0,3443.2,-0.505
4720.0,3680.0,3443.6,-0.578
4800.0,3680.0,3440.8,-0.788
4880.0,3680.0,3436.9,-0.687
4960.0,3680.0,3438.4,-1.117
5040.0,3680.0,3435.6,-0.475
5120.0,3680.0,3436.9,-0.171
5200.0,3680.0,3434.0,-0.243
5280.0,3680.0,3429.3,-0.106
5360.0,3680.0,3433.7,-0.287
5440.0,3680.0,3431.3,0.027
5520.0,3680.0,3425.1,-0.047
5600.0,3680.0,3433.7,0.125
5680.0,3680.0,3426.6,0.184
5760.0,3680.0,3427.6,0.545
5840.0,3680.0,3429.3,0.025
5920.0,3680.0,3425.1,0.174
6000.0,3680.0,3430.1,0.474
6080.0,3680.0,3428.1,0.221
6160.0,3680.0,3421.8,0.414
6240.0,3680.0,3425.9,0.643
6320.0,3680.0,3426.9,0.296
6400.0,3680.0,3424.6,0.583
6480.0,3680.0,3427.3,0.44
6560.0,3680.0,3426.6,0.49
6640.0,3680.0,3432.7,0.96
6720.0,3680.0,3433.2,1.263
6800.0,3680.0,3435.9,1.237
6880.0,3680.0,3434.3,1.228
6960.0,3680.0,3436.8,1.183
7040.0,3680.0,3440.0,0.812
7120.0,3680.0,3446.4,1.614
7200.0,3680.0,3449.0,1.419
7280.0,3680.0,3450.1,0.901
7360.0,3680.0,3450.7,0.778
7440.0,3680.0,3455.6,0.744
7520.0,3680.0,3457.2,0.746
7600.0,3680.0,3457.2,0.722
7680.0,3680.0,3454.2,0.666
7760.0,3680.0,3462.6,0.577
7840.0,3680.0,3467.8,0.718
7920.0,3680.0,3466.8,0.544
8000.0,3680.0,3467.1,1.079
8080.0,3680.0,3470.3,0.637
8160.0,3680.0,3468.7,0.613
8240.0,3680.0,3481.7,0.287
8320.0,3680.0,3482.6,0.678
8400.0,3680.0,3488.9,0.863
8480.0,3680.0,3483.0,0.696
8560.0,3680.0,3489.0,0.837
8640.0,3680.0,3497.7,0.501
8720.0,3680.0,3497.8,1.472
8800.0,3680.0,3501.2,1.28
8880.0,3680.0,3497.0,1.688
8960.0,3680.0,3508.7,1.15
9040.0,3680.0,3515.8,0.726
9120.0,3680.0,3513.1,0.929
9200.0,3680.0,3516.9,0.698
9280.0,3680.0,3522.2,0.801
9360.0,3680.0,3522.8,0.736
9440.0,3680.0,3525.4,0.681
9520.0,3680.0,3528.1,0.467
9600.0,3680.0,3534.8,-0.052
9680.0,3680.0,3535.8,0.085
9760.0,3680.0,3532.8,0.151
9840.0,3680.0,3538.6,-0.136
9920.0,3680.0,3544.3,-0.234
10000.0,3680.0,3539.5,-0.171
10080.0,3680.0,3538.1,-0.537
10160.0,3680.0,3543.2,-0.643
10240.0,3680.0,3549.7,-0.874
10320.0,3680.0,3543.5,-0.87
10400.0,3680.0,3553.1,-1.357
0.0,3760.0,3488.8,0.3
80.0,3760.0,3480.9,0.435
160.0,3760.0,3481.6,0.051
240.0,3760.0,3477.5,0.125
320.0,3760.0,3471.9,0.092
400.0,3760.0,3475.4,-0.023
480.0,3760.0,3478.1,-0.553
560.0,3760.0,3471.6,-0.548
640.0,3760.0,3475.4,-0.378
720.0,3760.0,3473.5,-0.638
800.0,3760.0,3478.5,-0.388
880.0,3760.0,3475.2,-0.589
960.0,3760.0,3472.7,-1.001
1040.0,3760.0,3472.5,-0.802
1120.0,3760.0,3472.8,-0.593
1200.0,3760.0,3473.2,-0.912
1280.0,3760.0,3475.8,-0.555
1360.0,3760.0,3474.9,-0.702
1440.0,3760.0,3476.3,-0.591
1520.0,3760.0,3480.9,-0.448
1600.0,3760.0,3474.7,-0.513
1680.0,3760.0,3477.7,-0.329
1760.0,3760.0,3479.2,-0.596
1840.0,3760.0,3481.2,-0.564
1920.0,3760.0,3476.7,0.171
2000.0,3760.0,3479.7,-0.179
2080.0,3760.0,3481.3,0.345
2160.0,3760.0,3480.8,0.299
2240.0,3760.0,3482.3,0.162
2320.0,3760.0,3477.5,0.483
2400.0,3760.0,3485.9,0.944
2480.0,3760.0,3477.3,0.384
2560.0,3760.0,3485.2,0.662
2640.0,3760.0,3482.7,0.663
2720.0,3760.0,3479.2,0.592
2800.0,3760.0,3481.7,0.598
2880.0,3760.0,3477.2,0.734
2960.0,3760.0,3478.4,0.975
3040.0,3760.0,3476.0,0.987
3120.0,3760.0,3478.6,1.358
3200.0,3760.0,3475.5,0.988
3280.0,3760.0,3475.8,0.914
3360.0,3760.0,3479.7,0.682
3440.0,3760.0,3476.1,0.802
3520.0,3760.0,3474.6,0.541
3600.0,3760.0,3469.3,0.565
3680.0,3760.0,3468.7,0.463
3760.0,3760.0,3463.5,0.698
3840.0,3760.0,3472.7,0.582
3920.0,3760.0,3462.6,0.366
4000.0,3760.0,3456.1,0.43
4080.0,3760.0,3455.0,0.115
4160.0,3760.0,3455.7,-0.104
4240.0,3760.0,3458.5,-0.289
4320.0,3760.0,3448.5,-0.217
4400.0,3760.0,3453.2,-0.597
4480.0,3760.0,3445.7,-0.52
4560.0,3760.0,3446.2,-0.379
4640.0,3760.0,3447.9,-0.235
4720.0,3760.0,3444.8,-0.388
4800.0,3760.0,3445.3,-0.904
4880.0,3760.0,3437.2,-0.787
4960.0,3760.0,3438.5,-0.92
5040.0,3760.0,3435.6,-0.649
5120.0,3760.0,3432.9,-0.515
5200.0,3760.0,3429.5,-0.543
5280.0,3760.0,3434.3,-0.07
5360.0,3760.0,3425.5,-0.026
5440.0,3760.0,3425.7,0.01
5520.0,3760.0,3429.4,-0.02
5600.0,3760.0,3423.3,0.449
5680.0,3760.0,3424.6,-0.134
5760.0,3760.0,3420.1,0.217
5840.0,3760.0,3427.3,0.187
5920.0,3760.0,3426.6,0.341
6000.0,3760.0,3425.7,0.932
6080.0,3760.0,3417.0,0.593
6160.0,3760.0,3419.4,0.476
6240.0,3760.0,3426.0,0.819
6320.0,3760.0,3427.8,0.984
6400.0,3760.0,3429.4,0.733
6480.0,3760.0,3429.2,0.671
6560.0,3760.0,3430.2,0.887
6640.0,3760.0,3428.6,0.916
6720.0,3760.0,3425.9,1.141
6800.0,3760.0,3430.1,1.465
6880.0,3760.0,3431.7,1.598
6960.0,3760.0,3436.7,1.233
7040.0,3760.0,3445.5,1.015
7120.0,3760.0,3444.9,1.377
7200.0,3760.0,3447.2,1.242
7280.0,3760.0,3447.5,0.881
7360.0,3760.0,3454.7,1.186
7440.0,3760.0,3449.8,1.367
7520.0,3760.0,3449.0,0.956
7600.0,3760.0,3457.0,0.892
7680.0,3760.0,3458.4,0.831
7760.0,3760.0,3461.1,0.614
7840.0,3760.0,3465.7,0.972
7920.0,3760.0,3470.1,0.941
8000.0,3760.0,3470.6,0.85
8080.0,3760.0,3474.4,0.962
8160.0,3760.0,3474.1,0.4
8240.0,3760.0,3484.0,0.844
8320.0,3760.0,3479.8,0.441
8400.0,3760.0,3489.0,0.904
8480.0,3760.0,3494.4,1.651
8560.0,3760.0,3493.1,0.977
8640.0,3760.0,3495.0,0.801
8720.0,3760.0,3494.2,1.536
8800.0,3760.0,3502.8,1.129
8880.0,3760.0,3504.9,1.615
8960.0,3760.0,3506.2,0.998
9040.0,3760.0,3509.2,1.252
9120.0,3760.0,3512.5,1.23
9200.0,3760.0,3516.3,1.001
9280.0,3760.0,3523.4,0.837
9360.0,3760.0,3520.0,0.808
9440.0,3760.0,3526.2,0.634
9520.0,3760.0,3528.0,0.403
9600.0,3760.0,3536.7,-0.099
9680.0,3760.0,3538.8,0.128
9760.0,3760.0,3539.8,0.239
9840.0,3760.0,3543.6,-0.352
9920.0,3760.0,3545.1,-0.367
10000.0,3760.0,3551.6,-0.786
10080.0,3760.0,3544.4,-0.332
10160.0,3760.0,3549.3,-0.532
10240.0,3760.0,3552.3,-1.004
10320.0,3760.0,3545.3,-0.911
10400.0,3760.0,3546.6,-0.695
0.0,3840.0,3484.1,0.433
80.0,3840.0,3488.3,0.405
160.0,3840.0,3486.8,0.535
240.0,3840.0,3484.6,0.27
320.0,3840.0,3485.5,0.273
400.0,3840.0,3481.9,-0.034
480.0,3840.0,3480.7,-0.148
560.0,3840.0,3477.3,-0.907
640.0,3840.0,3476.3,-0.359
720.0,3840.0,3477.8,-0.444
800.0,3840.0,3479.0,-0.429
880.0,3840.0,3478.4,-1.045
960.0,3840.0,3479.9,-0.783
1040.0,3840.0,3479.3,-0.414
1120.0,3840.0,3483.3,-1.022
1200.0,3840.0,3470.6,-0.482
1280.0,3840.0,3477.9,-0.85
1360.0,3840.0,3475.2,-0.93
1440.0,3840.0,3482.6,-0.694
1520.0,3840.0,3477.0,-0.583
1600.0,3840.0,3486.9,-0.358
1680.0,3840.0,3481.8,-0.148
1760.0,3840.0,3487.1,-0.052
1840.0,3840.0,3480.0,-0.272
1920.0,3840.0,3481.0,-0.259
2000.0,3840.0,3484.6,-0.278
2080.0,3840.0,3486.7,-0.472
2160.0,3840.0,3483.1,0.385
2240.0,3840.0,3481.7,0.384
2320.0,3840.0,3485.8,0.609
2400.0,3840.0,3481.9,0.749
2480.0,3840.0,3479.5,0.887
2560.0,3840.0,3479.0,0.565
2640.0,3840.0,3483.9,0.857
2720.0,3840.0,3482.8,0.96
2800.0,3840.0,3486.8,0.824
2880.0,3840.0,3477.3,1.14
2960.0,3840.0,3481.2,1.382
3040.0,3840.0,3485.8,1.239
3120.0,3840.0,3483.3,1.312
3200.0,3840.0,3482.5,1.179
3280.0,3840.0,3474.8,0.827
3360.0,3840.0,3486.3,0.727
3440.0,3840.0,3476.4,0.686
3520.0,3840.0,3474.1,0.862
3600.0,3840.0,3469.6,0.549
3680.0,3840.0,3472.4,1.194
3760.0,3840.0,3469.7,0.432
3840.0,3840.0,3469.3,0.318
3920.0,3840.0,3471.2,0.629
4000.0,3840.0,3461.2,-0.215
4080.0,3840.0,3457.6,0.129
4160.0,3840.0,3457.6,0.31
4240.0,3840.0,3462.7,-0.212
4320.0,3840.0,3453.4,0.282
4400.0,3840.0,3453.0,-0.56
4480.0,3840.0,3446.7,-0.664
4560.0,3840.0,3442.0,-0.737
4640.0,3840.0,3440.9,-0.939
4720.0,3840.0,3437.5,-0.635
4800.0,3840.0,3431.3,-0.768
4880.0,3840.0,3440.1,-0.666
4960.0,3840.0,3435.7,-0.344
5040.0,3840.0,3429.0,-0.743
5120.0,3840.0,3430.0,-0.69
5200.0,3840.0,3428.0,-0.193
5280.0,3840.0,3431.8,-0.295
5360.0,3840.0,3421.1,0.117
5440.0,3840.0,3426.1,-0.125
5520.0,3840.0,3424.7,-0.044
5600.0,3840.0,3423.2,0.06
5680.0,3840.0,3429.0,0.321
5760.0,3840.0,3422.4,0.869
5840.0,3840.0,3421.5,0.47
5920.0,3840.0,3422.5,0.068
6000.0,3840.0,3419.3,0.815
6080.0,3840.0,3421.8,0.652
6160.0,3840.0,3423.9,0.596
6240.0,3840.0,3422.0,0.255
6320.0,3840.0,3422.9,0.715
6400.0,3840.0,3421.8,1.292
6480.0,3840.0,3429.0,0.901
6560.0,3840.0,3423.0,0.922
6640.0,3840.0,3425.5,0.863
6720.0,3840.0,3429.8,0.939
6800.0,3840.0,3429.7,1.14
6880.0,3840.0,3429.6,1.642
6960.0,3840.0,3429.7,1.335
7040.0,3840.0,3434.1,1.608
7120.0,3840.0,3439.5,1.481
7200.0,3840.0,3442.0,1.532
7280.0,3840.0,3446.8,1.113
7360.0,3840.0,3444.2,1.318
7440.0,3840.0,3447.0,1.347
7520.0,3840.0,3453.1,1.026
7600.0,3840.0,3451.0,0.989
7680.0,3840.0,3459.9,1.059
7760.0,3840.0,3463.4,1.15
7840.0,3840.0,3465.7,0.809
7920.0,3840.0,3462.9,0.679
8000.0,3840.0,3465.2,0.766
8080.0,3840.0,3473.5,1.248
8160.0,3840.0,3474.6,0.926
8240.0,3840.0,3480.0,1.23
8320.0,3840.0,3479.7,0.794
8400.0,3840.0,3488.2,1.259
8480.0,3840.0,3488.2,1.206
8560.0,3840.0,3495.1,1.5
8640.0,3840.0,3493.8,1.395
8720.0,3840.0,3497.1,1.306
8800.0,3840.0,3505.7,0.876
8880.0,3840.0,3505.5,1.33
8960.0,3840.0,3513.6,1.524
9040.0,3840.0,3517.4,1.332
9120.0,3840.0,3519.2,1.077
9200.0,3840.0,3522.3,0.949
9280.0,3840.0,3524.2,0.839
9360.0,3840.0,3527.7,1.006
9440.0,3840.0,3528.5,0.773
9520.0,3840.0,3533.7,0.511
9600.0,3840.0,3537.6,0.427
9680.0,3840.0,3535.9,0.639
9760.0,3840.0,3539.9,0.168
9840.0,3840.0,3539.1,0.354
9920.0,3840.0,3546.9,-0.272
10000.0,3840.0,3543.6,-0.685
10080.0,3840.0,3546.8,-0.852
10160.0,3840.0,3548.1,-0.979
10240.0,3840.0,3546.1,-1.068
10320.0,3840.0,3549.3,-1.037
10400.0,3840.0,3551.6,-0.962
0.0,3920.0,3479.5,-0.004
80.0,3920.0,3493.4,0.126
160.0,3920.0,3485.1,0.393
240.0,3920.0,3481.5,0.117
320.0,3920.0,3487.5,0.514
400.0,3920.0,3475.1,0.064
480.0,3920.0,3478.3,0.115
560.0,3920.0,3482.7,-0.349
640.0,3920.0,3477.9,-0.038
720.0,3920.0,3480.5,-0.376
800.0,3920.0,3479.1,-0.387
880.0,3920.0,3477.8,-0.754
960.0,3920.0,3478.0,-0.957
1040.0,3920.0,3478.4,-0.943
1120.0,3920.0,3477.5,-0.72
1200.0,3920.0,3479.9,-0.584
1280.0,3920.0,3482.7,-1.275
1360.0,3920.0,3482.1,-1.259
1440.0,3920.0,3479.0,-0.725
1520.0,3920.0,3478.3,-0.502
1600.0,3920.0,3480.1,-0.348
1680.0,3920.0,3484.2,-0.338
1760.0,3920.0,3481.2,-0.379
1840.0,3920.0,3479.4,0.055
1920.0,3920.0,3485.7,0.166
2000.0,3920.0,3480.6,0.177
2080.0,3920.0,3485.2,-0.54
2160.0,3920.0,3487.4,0.009
2240.0,3920.0,3486.7,0.329
2320.0,3920.0,3484.1,0.329
2400.0,3920.0,3489.1,0.779
2480.0,3920.0,3484.5,1.051
2560.0,3920.0,3493.4,0.683
2640.0,3920.0,3484.0,0.424
2720.0,3920.0,3485.4,0.564
2800.0,3920.0,3481.5,0.736
2880.0,3920.0,3485.8,0.949
2960.0,3920.0,3489.1,1.162
3040.0,3920.0,3490.8,0.875
3120.0,3920.0,3484.6,1.403
3200.0,3920.0,3482.7,0.737
3280.0,3920.0,3484.3,0.531
3360.0,3920.0,3474.7,0.471
3440.0,3920.0,3476.7,0.989
3520.0,3920.0,3477.7,0.531
3600.0,3920.0,3473.0,0.541
3680.0,3920.0,3470.1,0.619
3760.0,3920.0,3471.9,0.142
3840.0,3920.0,3466.4,0.374
3920.0,3920.0,3463.4,0.397
4000.0,3920.0,3462.0,0.083
4080.0,3920.0,3456.8,-0.033
4160.0,3920.0,3457.7,-0.146
4240.0,3920.0,3457.0,-0.005
4320.0,3920.0,3452.5,-0.896
4400.0,3920.0,3452.6,-0.373
4480.0,3920.0,3445.9,-0.389
4560.0,3920.0,3440.5,-0.527
4640.0,3920.0,3441.6,-0.5
4720.0,3920.0,3445.4,-0.967
4800.0,3920.0,3439.3,-0.269
4880.0,3920.0,3432.0,-0.742
4960.0,3920.0,3431.6,-0.611
5040.0,3920.0,3429.0,-0.322
5120.0,3920.0,3431.5,-0.058
5200.0,3920.0,3428.5,-0.509
5280.0,3920.0,3426.9,-0.042
5360.0,3920.0,3428.7,0.012
5440.0,3920.0,3426.7,0.112
5520.0,3920.0,3424.9,-0.106
5600.0,3920.0,3419.7,0.16
5680.0,3920.0,3423.6,0.222
5760.0,3920.0,3420.6,0.383
5840.0,3920.0,3423.7,0.899
5920.0,3920.0,3419.6,0.391
6000.0,3920.0,3422.1,0.196
6080.0,3920.0,3417.3,0.328
6160.0,3920.0,3419.9,0.501
6240.0,3920.0,3421.7,0.532
6320.0,3920.0,3428.0,0.854
6400.0,3920.0,3425.4,0.776
6480.0,3920.0,3427.4,0.748
6560.0,3920.0,3421.0,1.136
6640.0,3920.0,3422.5,1.334
6720.0,3920.0,3424.2,1.111
6800.0,3920.0,3427.8,1.269
6880.0,3920.0,3432.8,1.121
6960.0,3920.0,3435.1,1.494
7040.0,3920.0,3435.4,1.169
7120.0,3920.0,3438.2,1.225
7200.0,3920.0,3441.7,1.872
7280.0,3920.0,3445.9,1.092
7360.0,3920.0,3440.7,1.524
7440.0,3920.0,3446.7,1.573
7520.0,3920.0,3451.3,1.293
7600.0,3920.0,3455.2,0.997
7680.0,3920.0,3459.8,1.256
7760.0,3920.0,3454.6,0.7
7840.0,3920.0,3466.1,0.861
7920.0,3920.0,3468.7,0.899
8000.0,3920.0,3471.2,0.636
8080.0,3920.0,3475.3,0.939
8160.0,3920.0,3476.2,0.748
8240.0,3920.0,3481.2,0.959
8320.0,3920.0,3482.7,1.407
8400.0,3920.0,3489.4,1.294
8480.0,3920.0,3493.4,1.077
8560.0,3920.0,3495.9,0.901
8640.0,3920.0,3497.9,0.857
8720.0,3920.0,3504.1,1.157
8800.0,3920.0,3506.8,1.032
8880.0,3920.0,3513.0,1.468
8960.0,3920.0,3505.9,0.847
9040.0,3920.0,3515.7,1.432
9120.0,3920.0,3515.5,0.877
9200.0,3920.0,3521.1,1.152
9280.0,3920.0,3528.8,0.587
9360.0,3920.0,3528.6,0.936
9440.0,3920.0,3527.4,0.847
9520.0,3920.0,3536.4,0.942
9600.0,3920.0,3539.2,1.163
9680.0,3920.0,3536.8,0.152
9760.0,3920.0,3543.6,0.121
9840.0,3920.0,3541.0,-0.044
9920.0,3920.0,3546.3,-0.153
10000.0,3920.0,3547.4,-0.297
10080.0,3920.0,3548.4,-0.614
10160.0,3920.0,3553.4,-0.148
10240.0,3920.0,3557.2,-1.224
10320.0,3920.0,3552.5,-0.687
10400.0,3920.0,3556.2,-1.098
0.0,4000.0,3485.4,-0.072
80.0,4000.0,3489.3,0.095
160.0,4000.0,3483.6,0.051
240.0,4000.0,3486.1,0.117
320.0,4000.0,3479.1,-0.01
400.0,4000.0,3481.3,0.43
480.0,4000.0,3479.8,0.011
560.0,4000.0,3484.4,0.157
640.0,4000.0,3487.5,-0.442
720.0,4000.0,3478.9,0.242
800.0,4000.0,3482.8,-0.495
880.0,4000.0,3481.0,-0.543
960.0,4000.0,3480.1,-0.608
1040.0,4000.0,3479.2,-0.912
1120.0,4000.0,3480.1,-1.072
1200.0,4000.0,3481.5,-0.842
1280.0,4000.0,3482.7,-0.909
1360.0,4000.0,3485.8,-0.906
1440.0,4000.0,3485.6,-0.615
1520.0,4000.0,3483.5,-0.264
1600.0,4000.0,3488.6,-0.51
1680.0,4000.0,3486.2,-0.316
1760.0,4000.0,3483.3,0.002
1840.0,4000.0,3486.8,-0.253
1920.0,4000.0,3484.7,-0.597
2000.0,4000.0,3488.4,-0.418
2080.0,4000.0,3488.7,0.125
2160.0,4000.0,3489.8,0.347
2240.0,4000.0,3490.9,0.56
2320.0,4000.0,3487.9,0.339
2400.0,4000.0,3490.5,0.261
2480.0,4000.0,3489.7,0.622
2560.0,4000.0,3486.7,0.356
2640.0,4000.0,3485.5,0.737
2720.0,4000.0,3488.5,0.596
2800.0,4000.0,3485.2,1.161
2880.0,4000.0,3482.2,0.865
2960.0,4000.0,3485.0,1.037
3040.0,4000.0,3487.6,1.3
3120.0,4000.0,3484.9,1.004
3200.0,4000.0,3486.8,0.89
3280.0,4000.0,3487.2,0.911
3360.0,4000.0,3478.6,0.842
3440.0,4000.0,3476.4,1.451
3520.0,4000.0,3480.7,0.613
3600.0,4000.0,3477.0,0.881
3680.0,4000.0,3469.3,0.383
3760.0,4000.0,3463.6,0.291
3840.0,4000.0,3461.8,0.276
3920.0,4000.0,3464.5,-0.317
4000.0,4000.0,3461.6,0.013
4080.0,4000.0,3463.1,-0.063
4160.0,4000.0,3463.7,0.04
4240.0,4000.0,3458.1,-0.034
4320.0,4000.0,3452.0,-0.501
4400.0,4000.0,3453.0,-0.21
4480.0,4000.0,3448.4,-1.005
4560.0,4000.0,3447.2,-0.367
4640.0,4000.0,3441.9,-1.198
4720.0,4000.0,3441.4,-0.718
4800.0,4000.0,3431.3,-0.623
4880.0,4000.0,3430.5,-0.889
4960.0,4000.0,3432.4,-0.776
5040.0,4000.0,3432.9,-0.571
5120.0,4000.0,3424.7,-0.327
5200.0,4000.0,3425.4,-0.634
5280.0,4000.0,3428.2,-0.372
5360.0,4000.0,3422.1,-0.055
5440.0,4000.0,3426.1,0.24
5520.0,4000.0,3419.8,0.495
5600.0,4000.0,3425.8,0.379
5680.0,4000.0,3419.0,0.286
5760.0,4000.0,3419.8,0.257
5840.0,4000.0,3420.0,0.0
5920.0,4000.0,3418.8,0.359
6000.0,4000.0,3416.8,0.215
6080.0,4000.0,3412.2,0.396
6160.0,4000.0,3415.7,0.024
6240.0,4000.0,3419.0,0.298
6320.0,4000.0,3418.9,0.311
6400.0,4000.0,3419.1,0.353
6480.0,4000.0,3420.8,0.798
6560.0,4000.0,3426.7,0.926
6640.0,4000.0,3425.4,1.39
6720.0,4000.0,3428.6,1.362
6800.0,4000.0,3424.2,1.248
6880.0,4000.0,3430.7,1.434
6960.0,4000.0,3429.0,1.466
7040.0,4000.0,3435.5,1.188
7120.0,4000.0,3440.7,1.18
7200.0,4000.0,3434.0,1.211
7280.0,4000.0,3441.7,1.526
7360.0,4000.0,3442.5,1.417
7440.0,4000.0,3449.4,1.685
7520.0,4000.0,3456.2,1.424
7600.0,4000.0,3450.6,1.141
7680.0,4000.0,3458.5,1.138
7760.0,4000.0,3462.9,0.839
7840.0,4000.0,3460.5,0.628
7920.0,4000.0,3464.5,1.046
8000.0,4000.0,3466.1,1.01
8080.0,4000.0,3470.0,1.127
8160.0,4000.0,3477.5,1.133
8240.0,4000.0,3482.8,1.472
8320.0,4000.0,3484.8,1.074
8400.0,4000.0,3485.7,0.872
8480.0,4000.0,3494.0,1.078
8560.0,4000.0,3500.5,0.944
8640.0,4000.0,3495.8,0.844
8720.0,4000.0,3508.2,1.239
8800.0,4000.0,3504.3,0.993
8880.0,4000.0,3508.1,1.253
8960.0,4000.0,3513.7,1.235
9040.0,4000.0,3517.9,1.015
9120.0,4000.0,3521.8,0.924
9200.0,4000.0,3530.0,1.027
9280.0,4000.0,3521.6,1.064
9360.0,4000.0,3534.3,1.059
9440.0,4000.0,3533.2,0.963
9520.0,4000.0,3538.4,0.687
9600.0,4000.0,3534.4,0.926
9680.0,4000.0,3544.0,0.981
9760.0,4000.0,3541.2,0.475
9840.0,4000.0,3544.2,-0.407
9920.0,4000.0,3548.3,0.007
10000.0,4000.0,3551.4,-0.142
10080.0,4000.0,3548.6,-0.862
10160.0,4000.0,3552.0,-0.552
10240.0,4000.0,3551.4,-0.84
10320.0,4000.0,3556.2,-0.802
10400.0,4000.0,3557.0,-0.77
0.0,4080.0,3492.3,0.288
80.0,4080.0,3483.5,-0.179
160.0,4080.0,3488.5,-0.061
240.0,4080.0,3488.6,0.229
320.0,4080.0,3486.2,0.428
400.0,4080.0,3485.5,-0.193
480.0,4080.0,3488.3,0.424
560.0,4080.0,3484.3,-0.094
640.0,4080.0,3490.8,-0.399
720.0,4080.0,3487.1,-0.175
800.0,4080.0,3483.5,-0.114
880.0,4080.0,3484.3,-0.111
960.0,4080.0,3487.0,-0.598
1040.0,4080.0,3481.4,-0.865
1120.0,4080.0,3487.3,-1.258
1200.0,4080.0,3483.3,-1.101
1280.0,4080.0,3483.4,-1.18
1360.0,4080.0,3486.2,-0.638
1440.0,4080.0,3486.6,-0.71
1520.0,4080.0,3485.6,-0.448
1600.0,4080.0,3491.5,-0.339
1680.0,4080.0,3489.8,-0.634
1760.0,4080.0,3490.2,-0.545
1840.0,4080.0,3487.3,-0.537
1920.0,4080.0,3490.5,-0.161
2000.0,4080.0,3490.1,-0.149
2080.0,4080.0,3488.0,0.064
2160.0,4080.0,3499.5,-0.176
2240.0,4080.0,3490.7,0.362
2320.0,4080.0,3491.3,0.532
2400.0,4080.0,3488.7,0.223
2480.0,4080.0,3485.3,0.539
2560.0,4080.0,3491.8,0.543
2640.0,4080.0,3489.7,0.207
2720.0,4080.0,3486.0,0.289
2800.0,4080.0,3494.3,0.312
2880.0,4080.0,3484.0,0.785
2960.0,4080.0,3483.3,1.036
3040.0,4080.0,3487.6,1.23
3120.0,4080.0,3484.1,0.714
3200.0,4080.0,3482.2,0.942
3280.0,4080.0,3482.6,0.457
3360.0,4080.0,3481.6,0.545
3440.0,4080.0,3484.3,0.903
3520.0,4080.0,3475.0,0.703
3600.0,4080.0,3474.8,1.082
3680.0,4080.0,3471.2,0.227
3760.0,4080.0,3472.9,0.252
3840.0,4080.0,3469.0,0.915
3920.0,4080.0,3463.7,0.252
4000.0,4080.0,3467.1,-0.1
4080.0,4080.0,3454.1,0.105
4160.0,4080.0,3455.7,-0.044
4240.0,4080.0,3458.0,-0.151
4320.0,4080.0,3449.1,0.004
4400.0,4080.0,3451.1,-0.341
4480.0,4080.0,3446.0,-0.542
4560.0,4080.0,3445.6,-0.478
4640.0,4080.0,3443.9,-0.471
4720.0,4080.0,3437.2,-0.412
4800.0,4080.0,3431.7,-0.607
4880.0,4080.0,3434.3,-0.632
4960.0,4080.0,3432.3,-0.39
5040.0,4080.0,3428.6,-0.688
5120.0,4080.0,3431.8,-0.354
5200.0,4080.0,3426.8,-0.057
5280.0,4080.0,3421.8,-0.05
5360.0,4080.0,3422.0,-0.282
5440.0,4080.0,3420.6,0.341
5520.0,4080.0,3420.2,0.039
5600.0,4080.0,3420.4,0.218
5680.0,4080.0,3419.1,-0.415
5760.0,4080.0,3412.4,0.424
5840.0,4080.0,3419.2,0.564
5920.0,4080.0,3421.3,0.715
6000.0,4080.0,3410.5,0.227
6080.0,4080.0,3417.1,0.022
6160.0,4080.0,3412.5,0.289
6240.0,4080.0,3413.5,0.343
6320.0,4080.0,3417.5,0.157
6400.0,4080.0,3419.1,0.974
6480.0,4080.0,3420.0,0.845
6560.0,4080.0,3419.6,1.058
6640.0,4080.0,3419.0,0.683
6720.0,4080.0,3425.3,0.945
6800.0,4080.0,3428.1,1.2
6880.0,4080.0,3430.3,1.203
6960.0,4080.0,3429.2,1.642
7040.0,4080.0,3434.5,0.939
7120.0,4080.0,3432.4,1.082
7200.0,4080.0,3438.0,1.055
7280.0,4080.0,3444.4,1.468
7360.0,4080.0,3440.2,1.527
7440.0,4080.0,3449.4,1.403
7520.0,4080.0,3446.5,1.327
7600.0,4080.0,3450.5,0.942
7680.0,4080.0,3456.2,1.094
7760.0,4080.0,3452.1,0.638
7840.0,4080.0,3462.6,1.001
7920.0,4080.0,3473.1,0.962
8000.0,4080.0,3474.2,1.255
8080.0,4080.0,3471.5,1.347
8160.0,4080.0,3477.2,1.063
8240.0,4080.0,3482.4,0.736
8320.0,4080.0,3485.5,1.123
8400.0,4080.0,3484.1,0.736
8480.0,4080.0,3493.4,0.884
8560.0,4080.0,3503.0,1.106
8640.0,4080.0,3498.2,0.955
8720.0,4080.0,3503.0,1.214
8800.0,4080.0,3508.1,0.938
8880.0,4080.0,3509.7,1.123
8960.0,4080.0,3517.0,1.273
9040.0,4080.0,3515.4,0.768
9120.0,4080.0,3521.1,1.244
9200.0,4080.0,3525.3,1.467
9280.0,4080.0,3530.6,1.39
9360.0,4080.0,3532.8,0.94
9440.0,4080.0,3536.8,0.949
9520.0,4080.0,3536.2,1.272
9600.0,4080.0,3541.9,0.88
9680.0,4080.0,3545.5,0.525
9760.0,4080.0,3550.3,0.768
9840.0,4080.0,3546.8,0.283
9920.0,4080.0,3547.8,0.017
10000.0,4080.0,3549.4,-0.19
10080.0,4080.0,3554.1,-0.41
10160.0,4080.0,3560.9,-0.033
10240.0,4080.0,3558.4,-0.299
10320.0,4080.0,3559.6,-0.77
10400.0,4080.0,3561.3,-0.2
0.0,4160.0,3491.2,0.539
80.0,4160.0,3491.0,0.292
160.0,4160.0,3493.6,0.483
240.0,4160.0,3486.7,-0.09
320.0,4160.0,3486.0,-0.345
400.0,4160.0,3490.2,-0.321
480.0,4160.0,3489.1,0.131
560.0,4160.0,3490.1,0.535
640.0,4160.0,3489.1,0.001
720.0,4160.0,3490.5,-0.314
800.0,4160.0,3484.4,-0.37
880.0,4160.0,3487.1,-0.466
960.0,4160.0,3488.0,-0.237
1040.0,4160.0,3488.7,-0.626
1120.0,4160.0,3494.7,-0.799
1200.0,4160.0,3486.9,-0.607
1280.0,4160.0,3484.4,-0.928
1360.0,4160.0,3483.8,-0.784
1440.0,4160.0,3482.1,-0.961
1520.0,4160.0,3488.2,-0.803
1600.0,4160.0,3489.9,-0.102
1680.0,4160.0,3485.0,-0.407
1760.0,4160.0,3491.2,-0.615
1840.0,4160.0,3489.1,-0.619
1920.0,4160.0,3488.0,-0.663
2000.0,4160.0,3493.3,-0.765
2080.0,4160.0,3492.9,-0.679
2160.0,4160.0,3494.5,-0.341
2240.0,4160.0,3489.4,-0.074
2320.0,4160.0,3495.6,0.261
2400.0,4160.0,3492.6,0.09
2480.0,4160.0,3493.3,0.359
2560.0,4160.0,3491.2,0.265
2640.0,4160.0,3489.7,0.393
2720.0,4160.0,3490.3,0.296
2800.0,4160.0,3493.4,0.63
2880.0,4160.0,3488.8,0.606
2960.0,4160.0,3482.4,0.867
3040.0,4160.0,3483.7,0.934
3120.0,4160.0,3486.3,0.932
3200.0,4160.0,3485.4,0.811
3280.0,4160.0,3487.5,0.876
3360.0,4160.0,3481.1,0.257
3440.0,4160.0,3481.4,0.875
3520.0,4160.0,3480.2,0.875
3600.0,4160.0,3475.2,0.448
3680.0,4160.0,3471.6,0.827
3760.0,4160.0,3468.9,0.424
3840.0,4160.0,3463.5,0.191
3920.0,4160.0,3467.9,0.378
4000.0,4160.0,3465.4,0.586
4080.0,4160.0,3459.7,0.38
4160.0,4160.0,3455.8,-0.078
4240.0,4160.0,3457.5,-0.228
4320.0,4160.0,3452.1,-0.498
4400.0,4160.0,3451.8,-0.318
4480.0,4160.0,3448.2,-0.519
4560.0,4160.0,3440.8,-0.236
4640.0,4160.0,3441.6,-0.904
4720.0,4160.0,3435.5,-0.836
4800.0,4160.0,3430.5,-0.218
4880.0,4160.0,3433.3,-1.012
4960.0,4160.0,3428.3,-0.325
5040.0,4160.0,3432.2,-0.557
5120.0,4160.0,3426.8,-0.223
5200.0,4160.0,3426.4,-0.38
5280.0,4160.0,3421.5,-0.339
5360.0,4160.0,3422.1,-0.265
5440.0,4160.0,3418.8,0.082
5520.0,4160.0,3418.7,-0.301
5600.0,4160.0,3424.4,-0.01
5680.0,4160.0,3415.8,-0.277
5760.0,4160.0,3414.4,0.235
5840.0,4160.0,3419.8,0.11
5920.0,4160.0,3419.0,0.31
6000.0,4160.0,3413.1,0.462
6080.0,4160.0,3417.3,-0.544
6160.0,4160.0,3412.3,0.353
6240.0,4160.0,3415.3,0.611
6320.0,4160.0,3417.7,0.258
6400.0,4160.0,3419.8,0.458
6480.0,4160.0,3416.8,0.89
6560.0,4160.0,3417.8,0.916
6640.0,4160.0,3425.9,0.659
6720.0,4160.0,3422.4,0.775
6800.0,4160.0,3429.0,1.522
6880.0,4160.0,3423.8,1.615
6960.0,4160.0,3428.7,1.174
7040.0,4160.0,3433.2,0.962
7120.0,4160.0,3430.7,1.028
7200.0,4160.0,3437.8,1.574
7280.0,4160.0,3440.6,1.577
7360.0,4160.0,3445.4,1.803
7440.0,4160.0,3446.9,1.424
7520.0,4160.0,3447.9,1.257
7600.0,4160.0,3454.3,0.757
7680.0,4160.0,3457.5,0.981
7760.0,4160.0,3457.9,1.111
7840.0,4160.0,3466.3,1.16
7920.0,4160.0,3465.5,1.245
8000.0,4160.0,3472.4,1.287
8080.0,4160.0,3470.9,1.355
8160.0,4160.0,3482.8,1.196
8240.0,4160.0,3487.5,1.092
8320.0,4160.0,3485.2,0.523
8400.0,4160.0,3487.3,0.693
8480.0,4160.0,3493.0,1.171
8560.0,4160.0,3496.2,1.126
8640.0,4160.0,3495.7,1.101
8720.0,4160.0,3507.3,1.074
8800.0,4160.0,3512.2,0.786
8880.0,4160.0,3513.1,1.196
8960.0,4160.0,3518.3,1.535
9040.0,4160.0,3518.5,0.628
9120.0,4160.0,3525.2,1.625
9200.0,4160.0,3527.7,1.178
9280.0,4160.0,3526.3,1.352
9360.0,4160.0,3526.2,0.982
9440.0,4160.0,3535.6,1.093
9520.0,4160.0,3535.3,1.38
9600.0,4160.0,3543.8,1.091
9680.0,4160.0,3543.7,1.051
9760.0,4160.0,3548.8,0.813
9840.0,4160.0,3546.3,0.304
9920.0,4160.0,3556.0,0.122
10000.0,4160.0,3552.9,-0.176
10080.0,4160.0,3552.8,-0.411
10160.0,4160.0,3559.1,-0.688
10240.0,4160.0,3559.9,-0.745
10320.0,4160.0,3561.6,-0.833
10400.0,4160.0,3564.0,-0.525
0.0,4240.0,3491.2,0.087
80.0,4240.0,3492.8,0.417
160.0,4240.0,3485.3,0.41
240.0,4240.0,3482.0,0.385
320.0,4240.0,3490.0,-0.003
400.0,4240.0,3488.9,-0.49
480.0,4240.0,3486.9,0.245
560.0,4240.0,3490.8,0.247
640.0,4240.0,3489.2,-0.284
720.0,4240.0,3488.0,-0.293
800.0,4240.0,3488.9,-0.444
880.0,4240.0,3491.2,-0.43
960.0,4240.0,3491.4,-0.055
1040.0,4240.0,3487.1,-0.642
1120.0,4240.0,3483.9,-0.851
1200.0,4240.0,3489.3,-0.69
1280.0,4240.0,3488.6,-0.64
1360.0,4240.0,3488.3,-0.796
1440.0,4240.0,3493.4,-0.845
1520.0,4240.0,3490.9,-0.528
1600.0,4240.0,3491.1,-0.897
1680.0,4240.0,3488.6,-0.498
1760.0,4240.0,3493.1,-0.318
1840.0,4240.0,3494.0,-0.757
1920.0,4240.0,3495.4,-0.355
2000.0,4240.0,3493.4,-0.492
2080.0,4240.0,3491.9,-0.636
2160.0,4240.0,3491.3,-0.003
2240.0,4240.0,3497.3,-0.029
2320.0,4240.0,3498.5,0.364
2400.0,4240.0,3494.4,0.029
2480.0,4240.0,3487.5,0.016
2560.0,4240.0,3486.8,0.13
2640.0,4240.0,3494.4,0.528
2720.0,4240.0,3496.7,0.957
2800.0,4240.0,3490.2,0.217
2880.0,4240.0,3489.8,-0.101
2960.0,4240.0,3489.5,0.396
3040.0,4240.0,3491.4,0.747
3120.0,4240.0,3489.7,0.461
3200.0,4240.0,3488.1,0.411
3280.0,4240.0,3486.0,0.557
3360.0,4240.0,3484.2,0.008
3440.0,4240.0,3481.1,0.427
3520.0,4240.0,3478.2,0.507
3600.0,4240.0,3473.1,0.067
3680.0,4240.0,3475.5,0.486
3760.0,4240.0,3467.4,0.422
3840.0,4240.0,3467.4,0.475
3920.0,4240.0,3471.7,0.176
4000.0,4240.0,3460.9,-0.043
4080.0,4240.0,3462.0,0.174
4160.0,4240.0,3453.4,-0.288
4240.0,4240.0,3454.8,0.341
4320.0,4240.0,3448.3,-0.008
4400.0,4240.0,3451.1,-0.499
4480.0,4240.0,3445.4,-0.189
4560.0,4240.0,3444.1,-0.026
4640.0,4240.0,3442.4,0.146
4720.0,4240.0,3433.1,-0.375
4800.0,4240.0,3433.2,-0.384
4880.0,4240.0,3427.1,-0.436
4960.0,4240.0,3431.8,0.001
5040.0,4240.0,3427.7,-0.565
5120.0,4240.0,3424.0,-0.484
5200.0,4240.0,3418.2,-0.35
5280.0,4240.0,3426.5,-0.43
5360.0,4240.0,3416.3,-0.608
5440.0,4240.0,3417.7,-0.624
5520.0,4240.0,3419.9,-0.154
5600.0,4240.0,3418.5,-0.501
5680.0,4240.0,3418.2,-0.313
5760.0,4240.0,3415.9,0.448
5840.0,4240.0,3417.6,0.723
5920.0,4240.0,3412.0,-0.112
6000.0,4240.0,3413.8,0.13
6080.0,4240.0,3416.8,0.029
6160.0,4240.0,3420.6,0.289
6240.0,4240.0,3415.7,0.897
6320.0,4240.0,3415.1,0.444
6400.0,4240.0,3414.1,0.186
6480.0,4240.0,3416.8,1.143
6560.0,4240.0,3417.4,0.895
6640.0,4240.0,3422.7,1.08
6720.0,4240.0,3422.4,0.887
6800.0,4240.0,3421.1,1.277
6880.0,4240.0,3432.1,1.122
6960.0,4240.0,3428.2,1.127
7040.0,4240.0,3433.3,1.242
7120.0,4240.0,3434.1,0.786
7200.0,4240.0,3435.6,1.144
7280.0,4240.0,3433.9,1.775
7360.0,4240.0,3437.9,1.717
7440.0,4240.0,3450.6,1.14
7520.0,4240.0,3454.8,1.4
7600.0,4240.0,3450.6,1.052
7680.0,4240.0,3459.6,1.267
7760.0,4240.0,3460.7,1.334
7840.0,4240.0,3459.8,1.137
7920.0,4240.0,3469.8,1.512
8000.0,4240.0,3466.9,1.297
8080.0,4240.0,3473.6,0.896
8160.0,4240.0,3471.6,0.858
8240.0,4240.0,3478.3,1.047
8320.0,4240.0,3489.1,1.112
8400.0,4240.0,3488.4,0.7
8480.0,4240.0,3493.5,0.719
8560.0,4240.0,3497.9,1.014
8640.0,4240.0,3494.8,0.889
8720.0,4240.0,3505.4,1.324
8800.0,4240.0,3511.1,1.252
8880.0,4240.0,3520.4,1.406
8960.0,4240.0,3518.0,1.291
9040.0,4240.0,3525.3,0.867
9120.0,4240.0,3522.3,1.456
9200.0,4240.0,3530.7,1.31
9280.0,4240.0,3530.7,1.529
9360.0,4240.0,3529.4,1.381
9440.0,4240.0,3534.7,0.977
9520.0,4240.0,3545.3,1.498
9600.0,4240.0,3547.4,0.821
9680.0,4240.0,3545.1,1.012
9760.0,4240.0,3549.9,0.872
9840.0,4240.0,3554.1,0.071
9920.0,4240.0,3550.7,0.211
10000.0,4240.0,3556.3,-0.259
10080.0,4240.0,3556.9,-0.562
10160.0,4240.0,3560.7,-0.789
10240.0,4240.0,3558.3,-0.363
10320.0,4240.0,3561.6,-0.593
10400.0,4240.0,3564.0,-0.577
0.0,4320.0,3491.8,0.839
80.0,4320.0,3490.6,0.301
160.0,4320.0,3493.3,0.836
240.0,4320.0,3493.6,0.503
320.0,4320.0,3489.8,-0.09
400.0,4320.0,3494.0,0.047
480.0,4320.0,3492.4,0.055
560.0,4320.0,3495.7,-0.073
640.0,4320.0,3489.2,-0.294
720.0,4320.0,3490.7,-0.274
800.0,4320.0,3487.6,-0.329
880.0,4320.0,3495.0,-0.477
960.0,4320.0,3487.9,-0.646
1040.0,4320.0,3493.2,-0.544
1120.0,4320.0,3487.8,-0.33
1200.0,4320.0,3486.7,-0.595
1280.0,4320.0,3492.9,-1.0
1360.0,4320.0,3492.5,-1.028
1440.0,4320.0,3497.3,-0.922
1520.0,4320.0,3496.9,-0.635
1600.0,4320.0,3492.5,-0.838
1680.0,4320.0,3492.0,-0.887
1760.0,4320.0,3494.8,-1.087
1840.0,4320.0,3495.3,-0.461
1920.0,4320.0,3489.7,-0.3
2000.0,4320.0,3495.0,-0.195
2080.0,4320.0,3495.8,-0.544
2160.0,4320.0,3496.3,-0.541
2240.0,4320.0,3495.3,0.067
2320.0,4320.0,3494.1,0.217
2400.0,4320.0,3492.9,0.104
2480.0,4320.0,3498.7,-0.191
2560.0,4320.0,3496.6,0.19
2640.0,4320.0,3491.7,0.568
2720.0,4320.0,3489.8,0.434
2800.0,4320.0,3490.8,0.125
2880.0,4320.0,3497.8,0.13
2960.0,4320.0,3487.9,1.098
3040.0,4320.0,3488.5,0.07
3120.0,4320.0,3492.7,0.144
3200.0,4320.0,3484.4,0.678
3280.0,4320.0,3483.8,0.479
3360.0,4320.0,3487.0,-0.134
3440.0,4320.0,3482.4,-0.085
3520.0,4320.0,3480.9,0.453
3600.0,4320.0,3481.7,0.322
3680.0,4320.0,3475.6,0.234
3760.0,4320.0,3469.1,0.461
3840.0,4320.0,3472.3,0.504
3920.0,4320.0,3467.3,0.538
4000.0,4320.0,3467.0,0.308
4080.0,4320.0,3456.1,0.001
4160.0,4320.0,3463.3,0.024
4240.0,4320.0,3457.8,0.445
4320.0,4320.0,3455.1,-0.203
4400.0,4320.0,3446.0,-0.0
4480.0,4320.0,3450.8,-0.004
4560.0,4320.0,3444.5,-0.323
4640.0,4320.0,3437.6,0.041
4720.0,4320.0,3430.6,-0.3
4800.0,4320.0,3432.9,-0.173
4880.0,4320.0,3434.0,-0.1
4960.0,4320.0,3438.2,-0.376
5040.0,4320.0,3422.7,-0.508
5120.0,4320.0,3425.4,-0.17
5200.0,4320.0,3424.3,-0.215
5280.0,4320.0,3423.9,-0.259
5360.0,4320.0,3421.2,-0.635
5440.0,4320.0,3420.7,-0.404
5520.0,4320.0,3414.4,0.192
5600.0,4320.0,3418.4,0.065
5680.0,4320.0,3415.8,0.072
5760.0,4320.0,3411.1,-0.063
5840.0,4320.0,3411.1,0.235
5920.0,4320.0,3412.0,0.256
6000.0,4320.0,3416.3,0.059
6080.0,4320.0,3412.5,0.541
6160.0,4320.0,3413.5,0.222
6240.0,4320.0,3411.8,0.325
6320.0,4320.0,3409.0,0.324
6400.0,4320.0,3422.7,0.622
6480.0,4320.0,3413.9,0.826
6560.0,4320.0,3417.6,0.735
6640.0,4320.0,3416.6,0.807
6720.0,4320.0,3421.4,0.874
6800.0,4320.0,3422.9,1.292
6880.0,4320.0,3427.8,1.565
6960.0,4320.0,3427.3,1.091
7040.0,4320.0,3435.5,1.411
7120.0,4320.0,3430.5,1.249
7200.0,4320.0,3437.5,1.697
7280.0,4320.0,3435.0,1.882
7360.0,4320.0,3444.4,1.272
7440.0,4320.0,3442.8,1.914
7520.0,4320.0,3445.0,0.959
7600.0,4320.0,3456.9,1.169
7680.0,4320.0,3454.4,1.316
7760.0,4320.0,3456.6,1.166
7840.0,4320.0,3461.4,1.599
7920.0,4320.0,3462.2,1.598
8000.0,4320.0,3468.9,1.641
8080.0,4320.0,3477.4,1.035
8160.0,4320.0,3478.9,1.289
8240.0,4320.0,3480.5,0.567
8320.0,4320.0,3484.7,0.483
8400.0,4320.0,3497.5,0.635
8480.0,4320.0,3491.0,0.849
8560.0,4320.0,3498.2,1.439
8640.0,4320.0,3504.9,1.138
8720.0,4320.0,3511.1,1.285
8800.0,4320.0,3515.0,1.054
8880.0,4320.0,3518.2,1.382
8960.0,4320.0,3521.3,0.946
9040.0,4320.0,3520.4,0.93
9120.0,4320.0,3524.1,0.901
9200.0,4320.0,3533.1,1.386
9280.0,4320.0,3533.5,1.312
9360.0,4320.0,3539.1,1.581
9440.0,4320.0,3544.7,1.091
9520.0,4320.0,3542.5,0.902
9600.0,4320.0,3545.7,0.778
9680.0,4320.0,3549.9,0.419
9760.0,4320.0,3554.7,0.732
9840.0,4320.0,3559.4,0.588
9920.0,4320.0,3560.6,0.036
10000.0,4320.0,3561.6,0.281
10080.0,4320.0,3558.5,-0.174
10160.0,4320.0,3561.5,-0.551
10240.0,4320.0,3564.7,-0.618
10320.0,4320.0,3564.2,-0.212
10400.0,4320.0,3568.4,-0.76
0.0,4400.0,3499.3,0.64
80.0,4400.0,3499.1,0.467
160.0,4400.0,3493.0,0.008
240.0,4400.0,3492.3,0.417
320.0,4400.0,3488.4,0.357
400.0,4400.0,3494.0,0.436
480.0,4400.0,3497.2,-0.132
560.0,4400.0,3495.4,0.183
640.0,4400.0,3495.5,-0.191
720.0,4400.0,3487.1,-0.409
800.0,4400.0,3486.6,-0.474
880.0,4400.0,3492.6,-0.512
960.0,4400.0,3494.5,-0.483
1040.0,4400.0,3489.3,-0.45
1120.0,4400.0,3495.2,-0.755
1200.0,4400.0,3499.5,-0.433
1280.0,4400.0,3488.7,-0.449
1360.0,4400.0,3492.8,-0.977
1440.0,4400.0,3491.1,-0.965
1520.0,4400.0,3492.3,-0.995
1600.0,4400.0,3490.6,-0.872
1680.0,4400.0,3497.7,-0.72
1760.0,4400.0,3496.9,-0.81
1840.0,4400.0,3494.4,-0.827
1920.0,4400.0,3497.1,-0.118
2000.0,4400.0,3499.1,-1.159
2080.0,4400.0,3500.5,-0.745
2160.0,4400.0,3506.0,-0.472
2240.0,4400.0,3496.9,-0.53
2320.0,4400.0,3497.9,-0.831
2400.0,4400.0,3495.7,-0.815
2480.0,4400.0,3497.3,0.062
2560.0,4400.0,3494.7,0.195
2640.0,4400.0,3497.9,0.504
2720.0,4400.0,3497.0,0.413
2800.0,4400.0,3494.1,0.841
2880.0,4400.0,3500.8,0.289
2960.0,4400.0,3492.6,0.172
3040.0,4400.0,3494.1,0.594
3120.0,4400.0,3493.7,0.677
3200.0,4400.0,3483.9,0.671
3280.0,4400.0,3489.6,0.342
3360.0,4400.0,3482.4,0.185
3440.0,4400.0,3483.8,0.052
3520.0,4400.0,3480.8,0.417
3600.0,4400.0,3476.4,0.057
3680.0,4400.0,3479.1,-0.015
3760.0,4400.0,3471.1,0.471
3840.0,4400.0,3467.2,0.752
3920.0,4400.0,3470.7,0.562
4000.0,4400.0,3468.9,-0.042
4080.0,4400.0,3458.8,0.378
4160.0,4400.0,3455.8,0.104
4240.0,4400.0,3457.9,0.385
4320.0,4400.0,3451.5,-0.294
4400.0,4400.0,3451.3,0.119
4480.0,4400.0,3450.8,-0.355
4560.0,4400.0,3444.5,-0.232
4640.0,4400.0,3445.1,-0.212
4720.0,4400.0,3435.8,-0.025
4800.0,4400.0,3433.5,-0.145
4880.0,4400.0,3440.5,-0.479
4960.0,4400.0,3427.5,-0.184
5040.0,4400.0,3427.9,-0.297
5120.0,4400.0,3426.5,0.069
5200.0,4400.0,3426.0,-0.505
5280.0,4400.0,3424.2,-0.552
5360.0,4400.0,3419.9,-0.203
5440.0,4400.0,3417.6,-0.02
5520.0,4400.0,3417.5,0.105
5600.0,4400.0,3413.4,0.239
5680.0,4400.0,3416.5,-0.278
5760.0,4400.0,3410.0,0.146
5840.0,4400.0,3413.0,0.193
5920.0,4400.0,3415.0,0.362
6000.0,4400.0,3412.7,-0.122
6080.0,4400.0,3414.1,-0.098
6160.0,4400.0,3410.4,0.309
6240.0,4400.0,3416.0,0.102
6320.0,4400.0,3414.0,0.218
6400.0,4400.0,3415.7,0.28
6480.0,4400.0,3423.1,0.707
6560.0,4400.0,3423.7,0.735
6640.0,4400.0,3420.8,0.675
6720.0,4400.0,3418.2,1.232
6800.0,4400.0,3427.0,1.406
6880.0,4400.0,3426.5,1.092
6960.0,4400.0,3425.9,1.444
7040.0,4400.0,3432.0,1.623
7120.0,4400.0,3435.9,0.933
7200.0,4400.0,3435.9,1.569
7280.0,4400.0,3438.7,1.629
7360.0,4400.0,3443.1,1.533
7440.0,4400.0,3439.9,1.762
7520.0,4400.0,3446.2,1.311
7600.0,4400.0,3454.5,0.96
7680.0,4400.0,3456.6,1.69
7760.0,4400.0,3460.5,1.156
7840.0,4400.0,3458.1,1.361
7920.0,4400.0,3465.5,1.162
8000.0,4400.0,3471.2,0.773
8080.0,4400.0,3474.9,1.074
8160.0,4400.0,3479.4,1.168
8240.0,4400.0,3484.8,1.215
8320.0,4400.0,3488.3,0.659
8400.0,4400.0,3489.1,0.766
8480.0,4400.0,3497.0,0.617
8560.0,4400.0,3501.8,0.766
8640.0,4400.0,3500.0,0.84
8720.0,4400.0,3510.3,0.893
8800.0,4400.0,3511.1,1.056
8880.0,4400.0,3512.3,0.853
8960.0,4400.0,3521.3,1.049
9040.0,4400.0,3520.8,1.283
9120.0,4400.0,3528.3,1.434
9200.0,4400.0,3535.0,1.394
9280.0,4400.0,3536.6,1.501
9360.0,4400.0,3539.9,0.864
9440.0,4400.0,3547.7,1.062
9520.0,4400.0,3542.4,0.557
9600.0,4400.0,3551.3,1.045
9680.0,4400.0,3551.7,0.614
9760.0,4400.0,3550.6,0.96
9840.0,4400.0,3554.1,0.44
9920.0,4400.0,3559.6,0.705
10000.0,4400.0,3559.9,0.079
10080.0,4400.0,3564.1,0.224
10160.0,4400.0,3566.6,-0.219
10240.0,4400.0,3561.8,-0.147
10320.0,4400.0,3562.1,-0.383
10400.0,4400.0,3571.8,-0.424
0.0,4480.0,3499.3,0.49
80.0,4480.0,3491.7,0.519
160.0,4480.0,3494.0,0.047
240.0,4480.0,3496.1,-0.034
320.0,4480.0,3494.7,0.45
400.0,4480.0,3489.5,0.38
480.0,4480.0,3497.7,0.38
560.0,4480.0,3488.6,0.104
640.0,4480.0,3496.1,0.124
720.0,4480.0,3491.7,-0.039
800.0,4480.0,3488.5,-0.454
880.0,4480.0,3495.1,-0.168
960.0,4480.0,3495.7,-0.398
1040.0,4480.0,3491.9,-0.646
1120.0,4480.0,3497.2,-0.195
1200.0,4480.0,3492.7,-0.777
1280.0,4480.0,3496.0,-0.809
1360.0,4480.0,3495.4,-0.83
1440.0,4480.0,3498.9,-1.071
1520.0,4480.0,3493.7,-0.906
1600.0,4480.0,3497.2,-1.048
1680.0,4480.0,3499.4,-0.572
1760.0,4480.0,3504.1,-0.793
1840.0,4480.0,3502.0,-0.83
1920.0,4480.0,3499.9,-1.055
2000.0,4480.0,3502.3,-0.317
2080.0,4480.0,3500.1,-0.171
2160.0,4480.0,3500.4,-0.879
2240.0,4480.0,3501.6,-0.346
2320.0,4480.0,3502.9,-0.778
2400.0,4480.0,3503.5,-0.487
2480.0,4480.0,3498.8,0.09
2560.0,4480.0,3498.4,0.237
2640.0,4480.0,3500.9,0.083
2720.0,4480.0,3501.1,0.028
2800.0,4480.0,3502.8,0.44
2880.0,4480.0,3502.5,0.423
2960.0,4480.0,3489.5,0.021
3040.0,4480.0,3490.2,0.278
3120.0,4480.0,3492.3,0.507
3200.0,4480.0,3489.9,0.234
3280.0,4480.0,3488.9,0.291
3360.0,4480.0,3487.7,-0.046
3440.0,4480.0,3482.9,-0.082
3520.0,4480.0,3485.4,-0.059
3600.0,4480.0,3482.7,-0.234
3680.0,4480.0,3475.3,-0.357
3760.0,4480.0,3482.0,0.334
3840.0,4480.0,3469.5,0.283
3920.0,4480.0,3473.5,0.2
4000.0,4480.0,3469.5,0.447
4080.0,4480.0,3466.1,0.367
4160.0,4480.0,3460.3,0.076
4240.0,4480.0,3452.4,0.371
4320.0,4480.0,3451.0,0.35
4400.0,4480.0,3456.4,0.154
4480.0,4480.0,3450.1,0.097
4560.0,4480.0,3448.5,0.028
4640.0,4480.0,3438.4,0.006
4720.0,4480.0,3441.7,-0.416
4800.0,4480.0,3436.7,-0.314
4880.0,4480.0,3438.0,-0.282
4960.0,4480.0,3431.5,-0.3
5040.0,4480.0,3425.2,0.033
5120.0,4480.0,3419.8,-0.696
5200.0,4480.0,3419.3,-0.586
5280.0,4480.0,3419.1,-0.67
5360.0,4480.0,3417.2,0.008
5440.0,4480.0,3419.5,0.196
5520.0,4480.0,3414.7,0.172
5600.0,4480.0,3419.5,-0.006
5680.0,4480.0,3415.1,0.455
5760.0,4480.0,3410.8,0.32
5840.0,4480.0,3410.1,-0.264
5920.0,4480.0,3414.1,0.154
6000.0,4480.0,3407.7,-0.455
6080.0,4480.0,3408.2,0.12
6160.0,4480.0,3413.2,0.198
6240.0,4480.0,3416.9,-0.049
6320.0,4480.0,3414.0,0.213
6400.0,4480.0,3407.5,0.207
6480.0,4480.0,3419.6,0.397
6560.0,4480.0,3415.2,0.598
6640.0,4480.0,3423.0,1.111
6720.0,4480.0,3418.5,0.854
6800.0,4480.0,3423.0,1.263
6880.0,4480.0,3426.9,1.303
6960.0,4480.0,3430.2,1.434
7040.0,4480.0,3432.5,1.625
7120.0,4480.0,3438.7,2.156
7200.0,4480.0,3438.8,1.549
7280.0,4480.0,3436.3,1.104
7360.0,4480.0,3447.0,1.911
7440.0,4480.0,3444.3,1.586
7520.0,4480.0,3447.1,1.394
7600.0,4480.0,3452.7,1.711
7680.0,4480.0,3453.2,1.827
7760.0,4480.0,3460.8,1.005
7840.0,4480.0,3459.9,1.195
7920.0,4480.0,3469.4,1.395
8000.0,4480.0,3471.2,1.232
8080.0,4480.0,3476.8,1.341
8160.0,4480.0,3478.2,0.827
8240.0,4480.0,3487.0,0.991
8320.0,4480.0,3489.6,0.87
8400.0,4480.0,3488.5,0.201
8480.0,4480.0,3496.5,0.36
8560.0,4480.0,3497.2,0.449
8640.0,4480.0,3507.8,1.248
8720.0,4480.0,3504.7,0.957
8800.0,4480.0,3513.7,0.822
8880.0,4480.0,3520.2,1.145
8960.0,4480.0,3525.9,0.954
9040.0,4480.0,3526.4,0.744
9120.0,4480.0,3532.0,0.974
9200.0,4480.0,3533.4,0.738
9280.0,4480.0,3536.3,0.661
9360.0,4480.0,3543.9,1.109
9440.0,4480.0,3539.5,0.76
9520.0,4480.0,3546.8,0.85
9600.0,4480.0,3551.5,0.712
9680.0,4480.0,3554.8,1.035
9760.0,4480.0,3561.5,0.923
9840.0,4480.0,3564.4,0.738
9920.0,4480.0,3556.5,0.361
10000.0,4480.0,3561.3,0.191
10080.0,4480.0,3565.7,0.205
10160.0,4480.0,3568.1,0.002
10240.0,4480.0,3566.9,-0.483
10320.0,4480.0,3573.3,-0.696
10400.0,4480.0,3570.4,-0.622
0.0,4560.0,3498.8,0.27
80.0,4560.0,3496.6,0.384
160.0,4560.0,3497.9,0.38
240.0,4560.0,3491.6,0.124
320.0,4560.0,3496.6,0.162
400.0,4560.0,3500.4,-0.335
480.0,4560.0,3500.3,-0.292
560.0,4560.0,3498.3,0.453
640.0,4560.0,3495.9,-0.055
720.0,4560.0,3498.5,-0.327
800.0,4560.0,3497.0,0.013
880.0,4560.0,3496.5,-0.114
960.0,4560.0,3489.2,-0.642
1040.0,4560.0,3498.7,-0.431
1120.0,4560.0,3501.5,-0.096
1200.0,4560.0,3499.2,-0.949
1280.0,4560.0,3500.7,-0.326
1360.0,4560.0,3497.2,-1.001
1440.0,4560.0,3494.6,-1.344
1520.0,4560.0,3504.6,-0.943
1600.0,4560.0,3498.7,-1.027
1680.0,4560.0,3499.5,-1.001
1760.0,4560.0,3499.7,-1.151
1840.0,4560.0,3501.7,-1.024
1920.0,4560.0,3500.3,-0.59
2000.0,4560.0,3500.3,-0.365
2080.0,4560.0,3505.0,-0.379
2160.0,4560.0,3501.9,-0.583
2240.0,4560.0,3502.1,-0.643
2320.0,4560.0,3507.4,-0.163
2400.0,4560.0,3495.1,-0.249
2480.0,4560.0,3501.6,0.121
2560.0,4560.0,3507.3,0.268
2640.0,4560.0,3498.9,-0.102
2720.0,4560.0,3505.2,-0.261
2800.0,4560.0,3505.1,0.289
2880.0,4560.0,3497.6,0.377
2960.0,4560.0,3503.0,0.387
3040.0,4560.0,3498.2,0.254
3120.0,4560.0,3498.4,0.459
3200.0,4560.0,3491.9,0.048
3280.0,4560.0,3492.3,0.153
3360.0,4560.0,3487.9,-0.086
3440.0,4560.0,3491.8,-0.134
3520.0,4560.0,3483.2,-0.385
3600.0,4560.0,3483.5,-0.123
3680.0,4560.0,3474.1,-0.537
3760.0,4560.0,3477.8,-0.379
3840.0,4560.0,3479.0,0.473
3920.0,4560.0,3473.1,0.595
4000.0,4560.0,3470.3,0.008
4080.0,4560.0,3463.1,0.464
4160.0,4560.0,3459.8,0.56
4240.0,4560.0,3460.6,0.446
4320.0,4560.0,3453.7,0.363
4400.0,4560.0,3454.2,0.247
4480.0,4560.0,3452.1,0.133
4560.0,4560.0,3446.6,-0.035
4640.0,4560.0,3444.7,0.202
4720.0,4560.0,3442.5,0.277
4800.0,4560.0,3431.8,-0.482
4880.0,4560.0,3436.6,-0.164
4960.0,4560.0,3431.5,-0.639
5040.0,4560.0,3425.5,-0.298
5120.0,4560.0,3427.5,-0.268
5200.0,4560.0,3424.4,-0.378
5280.0,4560.0,3425.9,-0.272
5360.0,4560.0,3416.1,-0.308
5440.0,4560.0,3416.1,-0.098
5520.0,4560.0,3419.0,0.198
5600.0,4560.0,3413.6,0.255
5680.0,4560.0,3414.6,0.384
5760.0,4560.0,3408.7,0.444
5840.0,4560.0,3417.6,0.018
5920.0,4560.0,3413.3,-0.593
6000.0,4560.0,3414.1,-0.351
6080.0,4560.0,3415.0,-0.237
6160.0,4560.0,3412.4,-0.221
6240.0,4560.0,3413.6,0.619
6320.0,4560.0,3416.4,0.181
6400.0,4560.0,3417.7,-0.219
6480.0,4560.0,3416.6,0.359
6560.0,4560.0,3414.5,0.61
6640.0,4560.0,3420.8,0.433
6720.0,4560.0,3420.1,1.026
6800.0,4560.0,3423.1,1.226
6880.0,4560.0,3426.2,1.014
6960.0,4560.0,3426.7,1.384
7040.0,4560.0,3430.0,1.421
7120.0,4560.0,3427.1,1.36
7200.0,4560.0,3433.4,1.357
7280.0,4560.0,3437.6,1.427
7360.0,4560.0,3441.9,1.089
7440.0,4560.0,3443.6,1.402
7520.0,4560.0,3444.9,1.511
7600.0,4560.0,3457.3,1.821
7680.0,4560.0,3457.4,1.623
7760.0,4560.0,3459.5,1.512
7840.0,4560.0,3465.9,1.488
7920.0,4560.0,3463.0,0.992
8000.0,4560.0,3469.6,1.085
8080.0,4560.0,3474.0,1.265
8160.0,4560.0,3478.7,0.892
8240.0,4560.0,3481.6,0.886
8320.0,4560.0,3493.2,1.006
8400.0,4560.0,3497.5,1.072
8480.0,4560.0,3495.8,0.92
8560.0,4560.0,3506.7,0.681
8640.0,4560.0,3506.8,1.218
8720.0,4560.0,3514.3,0.894
8800.0,4560.0,3518.8,0.649
8880.0,4560.0,3520.7,0.879
8960.0,4560.0,3527.1,1.239
9040.0,4560.0,3525.2,0.696
9120.0,4560.0,3533.9,0.724
9200.0,4560.0,3530.4,0.982
9280.0,4560.0,3541.8,0.557
9360.0,4560.0,3542.0,1.104
9440.0,4560.0,3547.0,1.058
9520.0,4560.0,3551.3,0.895
9600.0,4560.0,3555.6,0.654
9680.0,4560.0,3556.0,1.01
9760.0,4560.0,3563.4,0.673
9840.0,4560.0,3560.0,0.497
9920.0,4560.0,3562.9,0.256
10000.0,4560.0,3562.2,0.494
10080.0,4560.0,3568.9,0.331
10160.0,4560.0,3573.2,0.366
10240.0,4560.0,3571.7,-0.621
10320.0,4560.0,3572.2,-0.36
10400.0,4560.0,3573.1,-0.446
0.0,4640.0,3500.1,0.481
80.0,4640.0,3499.1,0.336
160.0,4640.0,3496.8,0.767
240.0,4640.0,3496.3,-0.022
320.0,4640.0,3498.2,-0.272
400.0,4640.0,3498.2,0.118
480.0,4640.0,3498.5,0.069
560.0,4640.0,3497.0,0.013
640.0,4640.0,3495.9,-0.048
720.0,4640.0,3498.6,-0.053
800.0,4640.0,3491.4,-0.367
880.0,4640.0,3497.9,0.119
960.0,4640.0,3498.0,-0.195
1040.0,4640.0,3494.5,0.086
1120.0,4640.0,3497.2,-0.132
1200.0,4640.0,3500.3,-0.47
1280.0,4640.0,3501.5,-0.964
1360.0,4640.0,3497.5,-0.77
1440.0,4640.0,3503.5,-1.231
1520.0,4640.0,3500.2,-0.85
1600.0,4640.0,3497.0,-1.014
1680.0,4640.0,3499.6,-1.007
1760.0,4640.0,3500.4,-0.652
1840.0,4640.0,3500.6,-0.57
1920.0,4640.0,3501.7,-0.342
2000.0,4640.0,3509.0,-0.245
2080.0,4640.0,3509.1,-0.101
2160.0,4640.0,3499.1,-0.528
2240.0,4640.0,3507.3,-0.453
2320.0,4640.0,3506.8,-0.323
2400.0,4640.0,3507.9,-0.337
2480.0,4640.0,3503.4,-0.047
2560.0,4640.0,3502.0,-0.069
2640.0,4640.0,3507.4,-0.274
2720.0,4640.0,3499.9,-0.359
2800.0,4640.0,3499.5,-0.319
2880.0,4640.0,3501.1,-0.116
2960.0,4640.0,3498.0,-0.245
3040.0,4640.0,3495.8,0.107
3120.0,4640.0,3500.4,-0.326
3200.0,4640.0,3493.0,0.102
3280.0,4640.0,3492.0,-0.609
3360.0,4640.0,3494.2,-0.518
3440.0,4640.0,3489.1,-0.06
3520.0,4640.0,3487.5,-0.31
3600.0,4640.0,3487.0,-0.239
3680.0,4640.0,3474.5,-0.179
3760.0,4640.0,3476.9,0.219
3840.0,4640.0,3484.2,0.039
3920.0,4640.0,3474.3,0.303
4000.0,4640.0,3471.8,0.169
4080.0,4640.0,3465.0,0.41
4160.0,4640.0,3465.3,0.097
4240.0,4640.0,3461.1,0.441
4320.0,4640.0,3455.3,0.312
4400.0,4640.0,3457.5,0.258
4480.0,4640.0,3449.7,0.446
4560.0,4640.0,3447.5,0.221
4640.0,4640.0,3440.2,0.868
4720.0,4640.0,3440.0,0.462
4800.0,4640.0,3438.2,0.079
4880.0,4640.0,3432.0,-0.136
4960.0,4640.0,3436.6,-0.48
5040.0,4640.0,3423.5,-0.007
5120.0,4640.0,3428.5,-0.857
5200.0,4640.0,3425.1,-0.203
5280.0,4640.0,3422.2,-0.529
5360.0,4640.0,3421.2,-0.335
5440.0,4640.0,3417.1,-0.409
5520.0,4640.0,3415.4,0.126
5600.0,4640.0,3415.7,0.871
5680.0,4640.0,3412.7,0.056
5760.0,4640.0,3416.1,-0.012
5840.0,4640.0,3416.5,-0.057
5920.0,4640.0,3412.6,-0.16
6000.0,4640.0,3418.0,-0.0
6080.0,4640.0,3411.6,-0.317
6160.0,4640.0,3411.6,0.273
6240.0,4640.0,3409.3,-0.272
6320.0,4640.0,3413.7,0.112
6400.0,4640.0,3411.5,0.3
6480.0,4640.0,3417.5,0.513
6560.0,4640.0,3417.7,0.374
6640.0,4640.0,3416.8,0.337
6720.0,4640.0,3420.0,1.031
6800.0,4640.0,3424.2,1.252
6880.0,4640.0,3426.8,1.021
6960.0,4640.0,3427.2,1.001
7040.0,4640.0,3430.7,1.061
7120.0,4640.0,3430.0,1.213
7200.0,4640.0,3437.2,1.176
7280.0,4640.0,3436.1,0.926
7360.0,4640.0,3443.0,1.384
7440.0,4640.0,3448.1,1.249
7520.0,4640.0,3452.6,1.22
7600.0,4640.0,3454.3,1.034
7680.0,4640.0,3447.7,1.206
7760.0,4640.0,3456.1,0.869
7840.0,4640.0,3461.7,0.902
7920.0,4640.0,3463.0,1.255
8000.0,4640.0,3477.6,1.129
8080.0,4640.0,3476.2,1.068
8160.0,4640.0,3482.1,0.629
8240.0,4640.0,3479.2,0.71
8320.0,4640.0,3491.7,0.817
8400.0,4640.0,3501.1,1.026
8480.0,4640.0,3499.9,0.739
8560.0,4640.0,3505.0,0.547
8640.0,4640.0,3508.4,0.915
8720.0,4640.0,3514.5,0.839
8800.0,4640.0,3512.4,0.808
8880.0,4640.0,3521.6,0.605
8960.0,4640.0,3526.5,0.406
9040.0,4640.0,3525.5,0.673
9120.0,4640.0,3534.3,0.68
9200.0,4640.0,3533.9,0.656
9280.0,4640.0,3537.7,0.898
9360.0,4640.0,3547.6,1.207
9440.0,4640.0,3549.5,0.632
9520.0,4640.0,3546.6,0.672
9600.0,4640.0,3558.9,0.815
9680.0,4640.0,3552.4,1.097
9760.0,4640.0,3558.8,0.563
9840.0,4640.0,3562.2,0.093
9920.0,4640.0,3567.4,0.3
10000.0,4640.0,3570.8,0.049
10080.0,4640.0,3565.1,0.282
10160.0,4640.0,3574.0,0.067
10240.0,4640.0,3577.6,0.383
10320.0,4640.0,3571.4,-0.124
10400.0,4640.0,3581.3,0.104
0.0,4720.0,3502.0,0.431
80.0,4720.0,3493.6,0.421
160.0,4720.0,3496.4,0.762
240.0,4720.0,3499.0,-0.044
320.0,4720.0,3498.2,0.526
400.0,4720.0,3504.9,0.332
480.0,4720.0,3498.1,-0.042
560.0,4720.0,3497.8,-0.084
640.0,4720.0,3495.2,-0.358
720.0,4720.0,3502.4,0.035
800.0,4720.0,3499.1,-0.075
880.0,4720.0,3504.4,0.225
960.0,4720.0,3501.8,-0.11
1040.0,4720.0,3497.0,-0.321
1120.0,4720.0,3499.2,-0.342
1200.0,4720.0,3505.4,-0.52
1280.0,4720.0,3507.9,-0.216
1360.0,4720.0,3498.3,-1.034
1440.0,4720.0,3506.5,-0.487
1520.0,4720.0,3505.7,-0.983
1600.0,4720.0,3504.0,-0.747
1680.0,4720.0,3502.4,-0.877
1760.0,4720.0,3501.6,-0.928
1840.0,4720.0,3499.8,-0.84
1920.0,4720.0,3501.3,-0.303
2000.0,4720.0,3503.0,-0.337
2080.0,4720.0,3503.5,0.146
2160.0,4720.0,3503.2,-0.653
2240.0,4720.0,3505.5,-0.679
2320.0,4720.0,3509.9,-0.294
2400.0,4720.0,3500.4,-0.08
2480.0,4720.0,3502.1,-0.474
2560.0,4720.0,3503.6,-0.347
2640.0,4720.0,3498.9,-0.166
2720.0,4720.0,3502.4,0.012
2800.0,4720.0,3505.0,-0.247
2880.0,4720.0,3500.8,0.051
2960.0,4720.0,3497.6,0.286
3040.0,4720.0,3499.6,0.129
3120.0,4720.0,3496.5,0.141
3200.0,4720.0,3498.3,-0.285
3280.0,4720.0,3493.1,-0.115
3360.0,4720.0,3491.4,-0.248
3440.0,4720.0,3491.5,-0.353
3520.0,4720.0,3483.9,-0.643
3600.0,4720.0,3487.8,-0.489
3680.0,4720.0,3482.4,-0.202
3760.0,4720.0,3482.4,-0.272
3840.0,4720.0,3479.8,-0.229
3920.0,4720.0,3481.1,-0.221
4000.0,4720.0,3469.5,0.545
4080.0,4720.0,3468.3,0.461
4160.0,4720.0,3466.4,-0.007
4240.0,4720.0,3465.8,0.415
4320.0,4720.0,3459.7,0.167
4400.0,4720.0,3454.1,0.526
4480.0,4720.0,3453.2,0.373
4560.0,4720.0,3445.3,0.241
4640.0,4720.0,3447.7,0.592
4720.0,4720.0,3444.8,0.696
4800.0,4720.0,3444.3,0.353
4880.0,4720.0,3434.8,-0.017
4960.0,4720.0,3432.9,0.082
5040.0,4720.0,3431.5,-0.347
5120.0,4720.0,3428.8,-0.199
5200.0,4720.0,3423.1,-0.362
5280.0,4720.0,3423.2,-0.623
5360.0,4720.0,3424.0,-0.288
5440.0,4720.0,3420.8,-0.131
5520.0,4720.0,3418.3,0.026
5600.0,4720.0,3420.0,-0.18
5680.0,4720.0,3414.1,0.307
5760.0,4720.0,3417.6,-0.069
5840.0,4720.0,3410.9,-0.361
5920.0,4720.0,3415.8,0.051
6000.0,4720.0,3409.8,-0.344
6080.0,4720.0,3412.8,-0.354
6160.0,4720.0,3413.9,0.163
6240.0,4720.0,3410.0,-0.197
6320.0,4720.0,3413.6,-0.106
6400.0,4720.0,3416.3,0.239
6480.0,4720.0,3417.7,-0.222
6560.0,4720.0,3423.7,0.482
6640.0,4720.0,3418.7,1.17
6720.0,4720.0,3417.7,0.604
6800.0,4720.0,3422.1,1.011
6880.0,4720.0,3429.7,0.914
6960.0,4720.0,3426.9,1.45
7040.0,4720.0,3431.8,1.384
7120.0,4720.0,3429.3,1.292
7200.0,4720.0,3435.3,0.84
7280.0,4720.0,3439.4,1.239
7360.0,4720.0,3441.8,1.028
7440.0,4720.0,3441.0,1.362
7520.0,4720.0,3449.0,1.319
7600.0,4720.0,3450.1,0.944
7680.0,4720.0,3459.4,1.503
7760.0,4720.0,3463.6,0.894
7840.0,4720.0,3466.2,0.593
7920.0,4720.0,3466.5,1.015
8000.0,4720.0,3473.6,1.012
8080.0,4720.0,3480.8,0.771
8160.0,4720.0,3480.3,0.762
8240.0,4720.0,3488.4,0.57
8320.0,4720.0,3491.9,1.021
8400.0,4720.0,3498.3,0.801
8480.0,4720.0,3500.2,0.452
8560.0,4720.0,3503.7,0.86
8640.0,4720.0,3506.9,0.607
8720.0,4720.0,3516.4,0.975
8800.0,4720.0,3519.0,0.717
8880.0,4720.0,3524.6,0.583
8960.0,4720.0,3529.3,0.564
9040.0,4720.0,3530.7,0.666
9120.0,4720.0,3537.7,0.323
9200.0,4720.0,3544.6,0.519
9280.0,4720.0,3546.0,0.569
9360.0,4720.0,3541.4,0.428
9440.0,4720.0,3549.8,0.738
9520.0,4720.0,3554.7,0.377
9600.0,4720.0,3556.9,0.081
9680.0,4720.0,3559.8,0.36
9760.0,4720.0,3561.4,0.897
9840.0,4720.0,3566.8,0.496
9920.0,4720.0,3568.1,0.537
10000.0,4720.0,3571.0,0.833
10080.0,4720.0,3573.7,0.955
10160.0,4720.0,3567.1,0.617
10240.0,4720.0,3569.7,0.165
10320.0,4720.0,3576.2,0.157
10400.0,4720.0,3580.0,-0.371
0.0,4800.0,3507.2,0.798
80.0,4800.0,3500.7,0.411
160.0,4800.0,3498.9,0.256
240.0,4800.0,3500.9,0.595
320.0,4800.0,3499.9,0.276
400.0,4800.0,3498.4,0.062
480.0,4800.0,3502.7,0.067
560.0,4800.0,3499.7,-0.403
640.0,4800.0,3501.1,0.328
720.0,4800.0,3498.7,0.06
800.0,4800.0,3500.3,0.593
880.0,4800.0,3495.3,0.132
960.0,4800.0,3503.5,0.248
1040.0,4800.0,3502.8,-0.68
1120.0,4800.0,3504.0,-0.441
1200.0,4800.0,3504.8,-0.674
1280.0,4800.0,3507.1,-0.869
1360.0,4800.0,3502.0,-0.872
1440.0,4800.0,3507.2,-0.805
1520.0,4800.0,3504.7,-0.76
1600.0,4800.0,3507.7,-0.729
1680.0,4800.0,3505.7,-0.529
1760.0,4800.0,3505.4,-0.819
1840.0,4800.0,3503.5,-0.428
1920.0,4800.0,3511.4,-0.64
2000.0,4800.0,3506.9,-0.514
2080.0,4800.0,3511.4,-0.588
2160.0,4800.0,3506.5,-0.873
2240.0,4800.0,3507.4,-0.659
2320.0,4800.0,3509.3,-0.6
2400.0,4800.0,3510.9,-0.034
2480.0,4800.0,3507.8,-0.592
2560.0,4800.0,3505.8,-0.21
2640.0,4800.0,3505.8,0.303
2720.0,4800.0,3507.6,0.133
2800.0,4800.0,3502.7,-0.331
2880.0,4800.0,3500.7,-0.33
2960.0,4800.0,3508.5,-0.051
3040.0,4800.0,3506.8,0.048
3120.0,4800.0,3501.0,-0.175
3200.0,4800.0,3495.6,0.334
3280.0,4800.0,3499.2,-0.269
3360.0,4800.0,3495.1,-0.365
3440.0,4800.0,3485.8,-0.669
3520.0,4800.0,3491.9,-0.464
3600.0,4800.0,3485.6,-0.209
3680.0,4800.0,3481.4,-0.592
3760.0,4800.0,3479.1,0.036
3840.0,4800.0,3476.7,-0.183
3920.0,4800.0,3475.1,-0.058
4000.0,4800.0,3471.1,-0.398
4080.0,4800.0,3469.6,-0.17
4160.0,4800.0,3465.7,-0.159
4240.0,4800.0,3458.0,0.498
4320.0,4800.0,3464.5,-0.083
4400.0,4800.0,3452.5,0.121
4480.0,4800.0,3451.7,0.5
4560.0,4800.0,3449.1,0.734
4640.0,4800.0,3445.0,0.258
4720.0,4800.0,3446.4,0.571
4800.0,4800.0,3442.3,0.363
4880.0,4800.0,3444.9,-0.112
4960.0,4800.0,3435.1,0.294
5040.0,4800.0,3433.9,-0.371
5120.0,4800.0,3431.7,-0.129
5200.0,4800.0,3424.6,-0.435
5280.0,4800.0,3427.0,-0.363
5360.0,4800.0,3425.9,-0.2
5440.0,4800.0,3417.4,0.199
5520.0,4800.0,3423.4,-0.2
5600.0,4800.0,3419.6,-0.208
5680.0,4800.0,3413.9,0.157
5760.0,4800.0,3420.5,-0.371
5840.0,4800.0,3414.8,-0.35
5920.0,4800.0,3413.6,-0.282
6000.0,4800.0,3415.9,-0.099
6080.0,4800.0,3413.7,-0.384
6160.0,4800.0,3415.0,0.048
6240.0,4800.0,3417.1,-0.124
6320.0,4800.0,3411.0,0.088
6400.0,4800.0,3410.9,0.002
6480.0,4800.0,3420.1,0.628
6560.0,4800.0,3421.4,0.201
6640.0,4800.0,3419.7,0.812
6720.0,4800.0,3423.4,0.842
6800.0,4800.0,3422.4,0.682
6880.0,4800.0,3424.5,0.507
6960.0,4800.0,3433.0,1.438
7040.0,4800.0,3431.0,0.916
7120.0,4800.0,3430.6,0.942
7200.0,4800.0,3434.0,1.308
7280.0,4800.0,3441.1,1.074
7360.0,4800.0,3436.9,1.036
7440.0,4800.0,3447.4,0.901
7520.0,4800.0,3450.7,0.858
7600.0,4800.0,3450.8,0.845
7680.0,4800.0,3459.8,0.949
7760.0,4800.0,3462.5,1.071
7840.0,4800.0,3470.2,0.918
7920.0,4800.0,3471.3,0.531
8000.0,4800.0,3474.9,1.074
8080.0,4800.0,3478.5,0.521
8160.0,4800.0,3478.4,1.138
8240.0,4800.0,3485.8,0.367
8320.0,4800.0,3491.4,1.155
8400.0,4800.0,3494.5,0.605
8480.0,4800.0,3499.4,0.512
8560.0,4800.0,3510.2,0.51
8640.0,4800.0,3508.8,0.778
8720.0,4800.0,3511.9,0.873
8800.0,4800.0,3518.9,0.437
8880.0,4800.0,3522.6,1.046
8960.0,4800.0,3527.7,0.687
9040.0,4800.0,3527.1,0.297
9120.0,4800.0,3537.3,0.001
9200.0,4800.0,3538.1,0.355
9280.0,4800.0,3543.1,0.399
9360.0,4800.0,3554.3,0.193
9440.0,4800.0,3552.9,0.647
9520.0,4800.0,3554.8,0.523
9600.0,4800.0,3563.7,0.45
9680.0,4800.0,3561.3,0.195
9760.0,4800.0,3559.9,0.325
9840.0,4800.0,3568.3,0.729
9920.0,4800.0,3570.9,0.659
10000.0,4800.0,3572.1,0.378
10080.0,4800.0,3579.4,0.844
10160.0,4800.0,3576.9,0.275
10240.0,4800.0,3579.3,0.008
10320.0,4800.0,3579.8,0.357
10400.0,4800.0,3580.8,0.155
0.0,4880.0,3499.4,1.163
80.0,4880.0,3503.3,0.75
160.0,4880.0,3501.8,0.685
240.0,4880.0,3504.9,0.375
320.0,4880.0,3498.9,0.27
400.0,4880.0,3498.2,0.503
480.0,4880.0,3501.1,0.36
560.0,4880.0,3498.7,0.219
640.0,4880.0,3501.1,-0.032
720.0,4880.0,3502.4,-0.167
800.0,4880.0,3500.2,0.208
880.0,4880.0,3499.7,0.387
960.0,4880.0,3504.9,0.322
1040.0,4880.0,3500.0,-0.163
1120.0,4880.0,3503.1,-0.09
1200.0,4880.0,3504.8,-0.528
1280.0,4880.0,3504.3,-0.292
1360.0,4880.0,3507.5,-1.014
1440.0,4880.0,3510.0,-1.12
1520.0,4880.0,3504.8,-0.926
1600.0,4880.0,3504.3,-1.296
1680.0,4880.0,3505.5,-1.06
1760.0,4880.0,3510.0,-0.506
1840.0,4880.0,3511.9,-0.081
1920.0,4880.0,3510.6,-0.187
2000.0,4880.0,3511.3,-0.206
2080.0,4880.0,3513.3,-0.37
2160.0,4880.0,3512.2,-0.268
2240.0,4880.0,3509.3,-0.365
2320.0,4880.0,3506.3,-0.146
2400.0,4880.0,3513.1,-0.046
2480.0,4880.0,3504.1,0.481
2560.0,4880.0,3510.6,-0.128
2640.0,4880.0,3510.6,0.142
2720.0,4880.0,3507.8,-0.153
2800.0,4880.0,3512.1,-0.109
2880.0,4880.0,3508.2,-0.424
2960.0,4880.0,3502.4,-0.675
3040.0,4880.0,3505.6,-0.201
3120.0,4880.0,3503.4,-0.3
3200.0,4880.0,3504.7,-0.356
3280.0,4880.0,3499.4,-0.42
3360.0,4880.0,3490.6,-0.395
3440.0,4880.0,3494.1,-0.295
3520.0,4880.0,3497.2,0.112
3600.0,4880.0,3488.6,-0.133
3680.0,4880.0,3487.5,-0.459
3760.0,4880.0,3483.9,-0.648
3840.0,4880.0,3483.6,-0.204
3920.0,4880.0,3483.4,-0.135
4000.0,4880.0,3478.4,0.108
4080.0,4880.0,3475.2,0.323
4160.0,4880.0,3469.8,-0.295
4240.0,4880.0,3466.0,-0.274
4320.0,4880.0,3462.8,-0.103
4400.0,4880.0,3461.0,0.16
4480.0,4880.0,3457.3,0.435
4560.0,4880.0,3456.4,0.637
4640.0,4880.0,3446.7,0.542
4720.0,4880.0,3451.9,0.278
4800.0,4880.0,3447.4,-0.169
4880.0,4880.0,3440.7,-0.257
4960.0,4880.0,3432.8,0.221
5040.0,4880.0,3429.7,-0.179
5120.0,4880.0,3431.9,-0.181
5200.0,4880.0,3425.6,-0.586
5280.0,4880.0,3428.7,-0.359
5360.0,4880.0,3423.9,-0.267
5440.0,4880.0,3420.3,-0.298
5520.0,4880.0,3418.4,-0.399
5600.0,4880.0,3423.8,-0.059
5680.0,4880.0,3419.0,-0.089
5760.0,4880.0,3415.6,-0.065
5840.0,4880.0,3424.1,0.179
5920.0,4880.0,3414.2,-0.385
6000.0,4880.0,3419.4,-0.257
6080.0,4880.0,3418.2,-0.471
6160.0,4880.0,3416.7,-0.418
6240.0,4880.0,3421.5,-0.123
6320.0,4880.0,3420.6,-0.25
6400.0,4880.0,3417.6,-0.065
6480.0,4880.0,3419.7,0.215
6560.0,4880.0,3418.7,0.603
6640.0,4880.0,3421.0,0.645
6720.0,4880.0,3422.6,1.025
6800.0,4880.0,3432.1,0.593
6880.0,4880.0,3425.3,1.046
6960.0,4880.0,3435.1,0.934
7040.0,4880.0,3432.2,1.15
7120.0,4880.0,3434.9,1.202
7200.0,4880.0,3442.2,1.19
7280.0,4880.0,3440.5,0.784
7360.0,4880.0,3444.4,0.862
7440.0,4880.0,3448.9,1.07
7520.0,4880.0,3448.0,0.788
7600.0,4880.0,3454.0,1.156
7680.0,4880.0,3454.1,0.542
7760.0,4880.0,3461.9,0.77
7840.0,4880.0,3469.4,0.678
7920.0,4880.0,3470.1,0.787
8000.0,4880.0,3475.9,1.199
8080.0,4880.0,3485.7,0.408
8160.0,4880.0,3488.0,0.687
8240.0,4880.0,3490.1,0.328
8320.0,4880.0,3488.5,0.08
8400.0,4880.0,3501.7,0.493
8480.0,4880.0,3498.5,0.304
8560.0,4880.0,3507.7,0.639
8640.0,4880.0,3511.9,0.372
8720.0,4880.0,3522.0,0.655
8800.0,4880.0,3525.3,0.266
8880.0,4880.0,3527.4,0.604
8960.0,4880.0,3531.2,0.796
9040.0,4880.0,3531.1,0.479
9120.0,4880.0,3542.9,0.107
9200.0,4880.0,3543.6,-0.122
9280.0,4880.0,3545.2,0.186
9360.0,4880.0,3552.7,-0.32
9440.0,4880.0,3556.3,0.343
9520.0,4880.0,3556.0,-0.003
9600.0,4880.0,3561.6,0.428
9680.0,4880.0,3561.5,-0.102
9760.0,4880.0,3567.3,0.665
9840.0,4880.0,3570.9,0.733
9920.0,4880.0,3570.8,0.404
10000.0,4880.0,3572.5,0.329
10080.0,4880.0,3574.0,0.719
10160.0,4880.0,3581.5,0.382
10240.0,4880.0,3582.3,0.194
10320.0,4880.0,3585.6,0.277
10400.0,4880.0,3582.4,-0.005
0.0,4960.0,3495.4,0.648
80.0,4960.0,3501.8,1.21
160.0,4960.0,3499.5,0.807
240.0,4960.0,3501.1,0.428
320.0,4960.0,3499.7,-0.116
400.0,4960.0,3503.4,-0.459
480.0,4960.0,3502.7,0.065
560.0,4960.0,3501.4,-0.138
640.0,4960.0,3506.4,-0.001
720.0,4960.0,3507.1,-0.036
800.0,4960.0,3509.7,0.052
880.0,4960.0,3503.7,0.025
960.0,4960.0,3500.0,-0.416
1040.0,4960.0,3507.9,-0.198
1120.0,4960.0,3501.2,-0.335
1200.0,4960.0,3504.5,-0.679
1280.0,4960.0,3504.5,-0.489
1360.0,4960.0,3506.4,-0.834
1440.0,4960.0,3506.4,-0.346
1520.0,4960.0,3507.1,-0.966
1600.0,4960.0,3508.3,-1.163
1680.0,4960.0,3510.3,-0.583
1760.0,4960.0,3515.9,-0.616
1840.0,4960.0,3508.9,-0.54
1920.0,4960.0,3508.6,-0.013
2000.0,4960.0,3518.4,0.163
2080.0,4960.0,3509.5,-0.247
2160.0,4960.0,3513.3,-0.291
2240.0,4960.0,3504.9,-0.182
2320.0,4960.0,3509.7,-0.463
2400.0,4960.0,3517.8,0.037
2480.0,4960.0,3508.1,-0.177
2560.0,4960.0,3514.0,0.125
2640.0,4960.0,3512.8,-0.252
2720.0,4960.0,3512.3,-0.362
2800.0,4960.0,3506.2,-0.256
2880.0,4960.0,3511.6,-0.571
2960.0,4960.0,3503.2,-0.462
3040.0,4960.0,3505.0,-0.146
3120.0,4960.0,3505.1,-0.329
3200.0,4960.0,3503.9,-0.208
3280.0,4960.0,3502.3,-0.615
3360.0,4960.0,3499.4,-0.68
3440.0,4960.0,3496.6,-0.536
3520.0,4960.0,3490.9,-0.758
3600.0,4960.0,3490.7,-0.476
3680.0,4960.0,3489.6,-0.496
3760.0,4960.0,3482.0,-0.36
3840.0,4960.0,3482.6,-0.152
3920.0,4960.0,3487.0,-0.272
4000.0,4960.0,3478.0,-0.078
4080.0,4960.0,3478.4,0.061
4160.0,4960.0,3471.1,0.226
4240.0,4960.0,3463.6,-0.339
4320.0,4960.0,3462.2,0.007
4400.0,4960.0,3460.3,0.325
4480.0,4960.0,3454.3,0.285
4560.0,4960.0,3451.2,0.394
4640.0,4960.0,3455.2,0.62
4720.0,4960.0,3445.7,0.159
4800.0,4960.0,3440.5,0.232
4880.0,4960.0,3446.4,0.248
4960.0,4960.0,3438.7,0.143
5040.0,4960.0,3437.5,0.104
5120.0,4960.0,3434.0,-0.113
5200.0,4960.0,3430.2,-0.327
5280.0,4960.0,3426.2,0.139
5360.0,4960.0,3429.9,0.126
5440.0,4960.0,3425.9,0.02
5520.0,4960.0,3427.6,-0.31
5600.0,4960.0,3420.3,-0.332
5680.0,4960.0,3417.7,-0.064
5760.0,4960.0,3421.3,-0.219
5840.0,4960.0,3423.4,-0.086
5920.0,4960.0,3414.5,-0.373
6000.0,4960.0,3419.9,-0.297
6080.0,4960.0,3419.7,-0.243
6160.0,4960.0,3414.9,-0.32
6240.0,4960.0,3423.2,-0.24
6320.0,4960.0,3419.2,-0.376
6400.0,4960.0,3419.8,-0.32
6480.0,4960.0,3425.6,-0.574
6560.0,4960.0,3419.1,0.306
6640.0,4960.0,3425.3,0.653
6720.0,4960.0,3422.7,0.313
6800.0,4960.0,3426.5,0.499
6880.0,4960.0,3426.8,0.77
6960.0,4960.0,3428.3,0.848
7040.0,4960.0,3433.1,1.338
7120.0,4960.0,3432.7,1.393
7200.0,4960.0,3432.9,1.026
7280.0,4960.0,3440.4,0.937
7360.0,4960.0,3444.2,1.144
7440.0,4960.0,3451.0,0.599
7520.0,4960.0,3457.9,0.511
7600.0,4960.0,3450.2,0.488
7680.0,4960.0,3460.0,0.773
7760.0,4960.0,3464.3,1.001
7840.0,4960.0,3468.4,1.03
7920.0,4960.0,3474.7,0.991
8000.0,4960.0,3477.7,0.409
8080.0,4960.0,3484.8,0.796
8160.0,4960.0,3489.2,0.484
8240.0,4960.0,3488.9,0.829
8320.0,4960.0,3494.3,0.282
8400.0,4960.0,3502.4,0.955
8480.0,4960.0,3506.0,0.723
8560.0,4960.0,3512.2,0.704
8640.0,4960.0,3518.3,0.09
8720.0,4960.0,3521.5,0.004
8800.0,4960.0,3526.2,0.399
8880.0,4960.0,3531.8,0.25
8960.0,4960.0,3533.0,0.062
9040.0,4960.0,3537.7,0.474
9120.0,4960.0,3541.5,-0.349
9200.0,4960.0,3543.8,-0.366
9280.0,4960.0,3547.9,-0.243
9360.0,4960.0,3552.5,-0.096
9440.0,4960.0,3553.6,-0.294
9520.0,4960.0,3561.9,0.26
9600.0,4960.0,3561.2,-0.021
9680.0,4960.0,3566.0,0.253
9760.0,4960.0,3569.4,0.122
9840.0,4960.0,3570.1,0.551
9920.0,4960.0,3575.4,0.273
10000.0,4960.0,3586.4,0.496
10080.0,4960.0,3579.2,0.35
10160.0,4960.0,3585.4,0.276
10240.0,4960.0,3586.4,0.285
10320.0,4960.0,3589.3,0.068
10400.0,4960.0,3588.2,0.145
0.0,5040.0,3499.6,0.98
80.0,5040.0,3501.0,1.336
160.0,5040.0,3499.2,0.391
240.0,5040.0,3508.5,0.047
320.0,5040.0,3505.2,0.15
400.0,5040.0,3506.4,0.082
480.0,5040.0,3501.9,0.027
560.0,5040.0,3503.7,-0.04
640.0,5040.0,3506.4,-0.248
720.0,5040.0,3502.3,-0.149
800.0,5040.0,3506.6,0.121
880.0,5040.0,3503.6,0.03
960.0,5040.0,3505.7,-0.314
1040.0,5040.0,3500.3,-0.283
1120.0,5040.0,3508.4,-0.494
1200.0,5040.0,3504.9,-0.372
1280.0,5040.0,3507.7,-0.367
1360.0,5040.0,3506.8,-0.722
1440.0,5040.0,3502.9,-0.838
1520.0,5040.0,3509.4,-1.085
1600.0,5040.0,3509.1,-1.08
1680.0,5040.0,3508.0,-0.326
1760.0,5040.0,3512.0,-0.34
1840.0,5040.0,3508.0,-0.311
1920.0,5040.0,3518.6,-0.15
2000.0,5040.0,3515.2,0.102
2080.0,5040.0,3520.4,0.378
2160.0,5040.0,3515.1,0.051
2240.0,5040.0,3515.5,-0.454
2320.0,5040.0,3518.9,-0.335
2400.0,5040.0,3511.4,-0.264
2480.0,5040.0,3513.3,0.279
2560.0,5040.0,3511.4,-0.26
2640.0,5040.0,3512.0,-0.086
2720.0,5040.0,3508.4,-0.25
2800.0,5040.0,3509.8,-0.516
2880.0,5040.0,3509.2,-0.535
2960.0,5040.0,3514.0,-0.565
3040.0,5040.0,3507.9,-0.707
3120.0,5040.0,3506.5,-0.214
3200.0,5040.0,3507.9,-0.639
3280.0,5040.0,3506.3,-1.038
3360.0,5040.0,3501.8,-0.55
3440.0,5040.0,3496.8,-0.727
3520.0,5040.0,3493.2,-0.268
3600.0,5040.0,3492.9,-0.299
3680.0,5040.0,3490.1,-0.916
3760.0,5040.0,3488.8,-0.529
3840.0,5040.0,3481.2,-0.168
3920.0,5040.0,3484.3,0.231
4000.0,5040.0,3487.9,-0.069
4080.0,5040.0,3476.0,-0.223
4160.0,5040.0,3475.2,0.156
4240.0,5040.0,3466.9,-0.154
4320.0,5040.0,3465.6,-0.314
4400.0,5040.0,3464.0,0.023
4480.0,5040.0,3458.8,0.188
4560.0,5040.0,3457.6,0.683
4640.0,5040.0,3456.9,0.479
4720.0,5040.0,3451.8,0.079
4800.0,5040.0,3444.5,0.142
4880.0,5040.0,3444.9,-0.477
4960.0,5040.0,3439.1,0.331
5040.0,5040.0,3437.4,0.171
5120.0,5040.0,3435.3,0.171
5200.0,5040.0,3434.5,-0.293
5280.0,5040.0,3427.4,0.078
5360.0,5040.0,3429.4,0.172
5440.0,5040.0,3425.6,0.366
5520.0,5040.0,3424.2,-0.156
5600.0,5040.0,3421.4,0.136
5680.0,5040.0,3422.7,0.025
5760.0,5040.0,3421.8,0.009
5840.0,5040.0,3419.1,-0.134
5920.0,5040.0,3423.8,-0.74
6000.0,5040.0,3424.2,-0.907
6080.0,5040.0,3423.4,-0.079
6160.0,5040.0,3418.8,-0.374
6240.0,5040.0,3421.9,-0.071
6320.0,5040.0,3424.3,0.233
6400.0,5040.0,3417.1,-0.114
6480.0,5040.0,3418.7,-0.078
6560.0,5040.0,3424.5,0.147
6640.0,5040.0,3425.4,0.364
6720.0,5040.0,3428.6,0.235
6800.0,5040.0,3424.6,0.899
6880.0,5040.0,3432.8,0.686
6960.0,5040.0,3430.5,1.048
7040.0,5040.0,3436.6,1.277
7120.0,5040.0,3440.2,1.07
7200.0,5040.0,3437.2,1.152
7280.0,5040.0,3448.4,0.989
7360.0,5040.0,3447.6,0.979
7440.0,5040.0,3443.3,0.89
7520.0,5040.0,3456.2,1.488
7600.0,5040.0,3460.8,0.033
7680.0,5040.0,3458.0,-0.017
7760.0,5040.0,3469.6,0.535
7840.0,5040.0,3463.7,0.173
7920.0,5040.0,3476.1,0.726
8000.0,5040.0,3476.0,0.292
8080.0,5040.0,3485.3,0.412
8160.0,5040.0,3492.8,0.054
8240.0,5040.0,3502.1,0.285
8320.0,5040.0,3495.7,0.386
8400.0,5040.0,3496.8,0.448
8480.0,5040.0,3504.6,0.532
8560.0,5040.0,3511.6,0.151
8640.0,5040.0,3514.0,0.491
8720.0,5040.0,3517.4,0.4
8800.0,5040.0,3523.7,0.356
8880.0,5040.0,3528.0,0.251
8960.0,5040.0,3531.8,0.205
9040.0,5040.0,3540.8,0.461
9120.0,5040.0,3547.3,0.287
9200.0,5040.0,3548.5,0.057
9280.0,5040.0,3551.5,0.28
9360.0,5040.0,3556.0,-0.132
9440.0,5040.0,3555.8,0.047
9520.0,5040.0,3568.0,-0.559
9600.0,5040.0,3564.5,-0.435
9680.0,5040.0,3571.9,-0.041
9760.0,5040.0,3573.9,0.269
9840.0,5040.0,3580.3,0.568
9920.0,5040.0,3570.5,0.549
10000.0,5040.0,3573.9,0.368
10080.0,5040.0,3576.7,0.139
10160.0,5040.0,3579.7,0.224
10240.0,5040.0,3583.2,0.454
10320.0,5040.0,3586.7,-0.022
10400.0,5040.0,3588.7,0.054
0.0,5120.0,3504.1,1.042
80.0,5120.0,3502.8,0.985
160.0,5120.0,3501.7,0.693
240.0,5120.0,3503.1,0.611
320.0,5120.0,3501.1,0.128
400.0,5120.0,3503.5,0.114
480.0,5120.0,3504.1,0.276
560.0,5120.0,3505.4,-0.354
640.0,5120.0,3499.3,-0.228
720.0,5120.0,3510.2,-0.282
800.0,5120.0,3503.3,-0.483
880.0,5120.0,3505.6,-0.477
960.0,5120.0,3505.8,-0.057
1040.0,5120.0,3510.6,-0.038
1120.0,5120.0,3509.0,0.181
1200.0,5120.0,3503.3,-0.241
1280.0,5120.0,3506.8,-0.322
1360.0,5120.0,3510.4,-0.679
1440.0,5120.0,3503.6,-0.903
1520.0,5120.0,3514.2,-1.091
1600.0,5120.0,3508.6,-0.478
1680.0,5120.0,3512.8,-0.959
1760.0,5120.0,3507.6,-0.342
1840.0,5120.0,3520.3,-0.112
1920.0,5120.0,3512.7,-0.258
2000.0,5120.0,3515.1,-0.108
2080.0,5120.0,3516.1,-0.185
2160.0,5120.0,3517.3,-0.534
2240.0,5120.0,3512.4,-0.661
2320.0,5120.0,3519.5,-0.669
2400.0,5120.0,3520.7,-0.402
2480.0,5120.0,3518.9,-0.144
2560.0,5120.0,3515.6,-0.234
2640.0,5120.0,3515.5,-0.512
2720.0,5120.0,3515.3,-0.862
2800.0,5120.0,3519.4,-0.31
2880.0,5120.0,3509.3,-0.796
2960.0,5120.0,3512.8,-0.78
3040.0,5120.0,3508.7,-0.444
3120.0,5120.0,3505.6,-0.457
3200.0,5120.0,3510.5,-0.044
3280.0,5120.0,3500.3,-0.531
3360.0,5120.0,3498.6,-0.458
3440.0,5120.0,3498.7,-0.227
3520.0,5120.0,3499.2,-0.221
3600.0,5120.0,3494.6,-0.293
3680.0,5120.0,3493.9,-0.705
3760.0,5120.0,3492.4,-0.314
3840.0,5120.0,3491.0,0.189
3920.0,5120.0,3490.4,-0.134
4000.0,5120.0,3477.6,0.278
4080.0,5120.0,3479.8,-0.155
4160.0,5120.0,3477.7,0.088
4240.0,5120.0,3468.2,0.047
4320.0,5120.0,3469.4,-0.405
4400.0,5120.0,3463.3,-0.168
4480.0,5120.0,3460.0,-0.237
4560.0,5120.0,3452.6,0.143
4640.0,5120.0,3459.9,0.228
4720.0,5120.0,3451.4,0.432
4800.0,5120.0,3452.1,0.481
4880.0,5120.0,3449.6,-0.117
4960.0,5120.0,3443.8,-0.067
5040.0,5120.0,3434.8,0.257
5120.0,5120.0,3442.9,0.258
5200.0,5120.0,3434.0,0.373
5280.0,5120.0,3434.2,-0.134
5360.0,5120.0,3427.0,-0.459
5440.0,5120.0,3430.6,0.28
5520.0,5120.0,3428.9,0.179
5600.0,5120.0,3424.3,-0.267
5680.0,5120.0,3425.5,-0.384
5760.0,5120.0,3424.3,-0.46
5840.0,5120.0,3423.5,-0.177
5920.0,5120.0,3422.8,-0.813
6000.0,5120.0,3425.8,-0.544
6080.0,5120.0,3422.6,-0.531
6160.0,5120.0,3422.4,-0.393
6240.0,5120.0,3420.1,-0.625
6320.0,5120.0,3421.3,-0.197
6400.0,5120.0,3422.9,-0.197
6480.0,5120.0,3419.4,0.096
6560.0,5120.0,3424.1,0.193
6640.0,5120.0,3428.6,0.319
6720.0,5120.0,3426.9,0.81
6800.0,5120.0,3430.7,0.727
6880.0,5120.0,3433.4,0.783
6960.0,5120.0,3439.5,0.813
7040.0,5120.0,3432.5,1.06
7120.0,5120.0,3435.3,0.821
7200.0,5120.0,3445.9,0.576
7280.0,5120.0,3448.5,0.439
7360.0,5120.0,3446.7,0.476
7440.0,5120.0,3451.6,0.808
7520.0,5120.0,3456.1,1.006
7600.0,5120.0,3458.7,0.843
7680.0,5120.0,3464.6,0.261
7760.0,5120.0,3468.6,1.467
7840.0,5120.0,3474.0,0.433
7920.0,5120.0,3474.2,0.601
8000.0,5120.0,3481.9,0.195
8080.0,5120.0,3482.6,0.064
8160.0,5120.0,3490.9,-0.276
8240.0,5120.0,3496.3,-0.18
8320.0,5120.0,3495.7,-0.057
8400.0,5120.0,3502.8,0.64
8480.0,5120.0,3511.1,0.696
8560.0,5120.0,3511.0,0.31
8640.0,5120.0,3520.2,-0.044
8720.0,5120.0,3520.4,-0.141
8800.0,5120.0,3533.9,0.143
8880.0,5120.0,3534.9,-0.333
8960.0,5120.0,3539.9,0.024
9040.0,5120.0,3542.9,0.166
9120.0,5120.0,3545.6,0.043
9200.0,5120.0,3553.1,0.267
9280.0,5120.0,3552.1,0.021
9360.0,5120.0,3551.5,-0.103
9440.0,5120.0,3558.7,-0.35
9520.0,5120.0,3565.6,-0.165
9600.0,5120.0,3567.7,-0.107
9680.0,5120.0,3574.3,0.546
9760.0,5120.0,3568.0,-0.015
9840.0,5120.0,3574.9,0.572
9920.0,5120.0,3581.1,0.476
10000.0,5120.0,3585.8,0.293
10080.0,5120.0,3591.0,0.178
10160.0,5120.0,3582.1,0.244
10240.0,5120.0,3587.7,0.405
10320.0,5120.0,3589.3,0.471
10400.0,5120.0,3589.0,0.164
0.0,5200.0,3505.9,1.069
80.0,5200.0,3500.6,0.972
160.0,5200.0,3500.6,1.099
240.0,5200.0,3502.0,0.774
320.0,5200.0,3506.6,0.587
400.0,5200.0,3510.7,0.248
480.0,5200.0,3505.8,0.08
560.0,5200.0,3506.9,-0.209
640.0,5200.0,3507.8,0.007
720.0,5200.0,3501.9,-0.105
800.0,5200.0,3503.8,-0.202
880.0,5200.0,3509.3,0.184
960.0,5200.0,3504.1,-0.18
1040.0,5200.0,3509.4,-0.342
1120.0,5200.0,3509.4,-0.739
1200.0,5200.0,3510.9,-0.208
1280.0,5200.0,3506.0,-0.667
1360.0,5200.0,3512.6,-0.818
1440.0,5200.0,3510.3,-0.473
1520.0,5200.0,3509.3,-0.606
1600.0,5200.0,3516.4,-0.999
1680.0,5200.0,3508.9,-0.594
1760.0,5200.0,3510.1,-0.205
1840.0,5200.0,3515.6,-0.058
1920.0,5200.0,3516.1,0.109
2000.0,5200.0,3519.6,-0.208
2080.0,5200.0,3518.8,-0.352
2160.0,5200.0,3523.0,-0.405
2240.0,5200.0,3516.1,0.147
2320.0,5200.0,3517.3,-0.25
2400.0,5200.0,3517.5,-0.337
2480.0,5200.0,3517.9,-0.402
2560.0,5200.0,3513.8,-0.062
2640.0,5200.0,3521.5,-0.852
2720.0,5200.0,3515.2,-0.908
2800.0,5200.0,3512.3,-0.825
2880.0,5200.0,3514.4,-0.971
2960.0,5200.0,3510.2,-0.801
3040.0,5200.0,3513.1,-0.725
3120.0,5200.0,3509.1,-0.306
3200.0,5200.0,3510.4,-0.477
3280.0,5200.0,3504.9,-0.319
3360.0,5200.0,3504.8,-0.709
3440.0,5200.0,3505.9,-0.08
3520.0,5200.0,3501.6,-0.063
3600.0,5200.0,3499.6,0.271
3680.0,5200.0,3497.2,-0.334
3760.0,5200.0,3492.6,-0.433
3840.0,5200.0,3492.0,-0.042
3920.0,5200.0,3487.5,-0.212
4000.0,5200.0,3488.0,-0.149
4080.0,5200.0,3479.3,-0.11
4160.0,5200.0,3473.3,-0.049
4240.0,5200.0,3475.3,-0.216
4320.0,5200.0,3471.4,-0.147
4400.0,5200.0,3469.7,-0.153
4480.0,5200.0,3461.2,-0.023
4560.0,5200.0,3463.9,-0.032
4640.0,5200.0,3462.6,-0.181
4720.0,5200.0,3459.7,0.285
4800.0,5200.0,3454.2,0.222
4880.0,5200.0,3448.3,0.188
4960.0,5200.0,3451.4,0.053
5040.0,5200.0,3450.7,-0.5
5120.0,5200.0,3443.8,0.169
5200.0,5200.0,3436.1,-0.129
5280.0,5200.0,3436.9,0.184
5360.0,5200.0,3435.4,-0.16
5440.0,5200.0,3435.0,0.197
5520.0,5200.0,3434.8,-0.731
5600.0,5200.0,3429.9,-0.425
5680.0,5200.0,3427.1,-0.066
5760.0,5200.0,3430.2,-0.417
5840.0,5200.0,3428.1,-0.713
5920.0,5200.0,3426.4,-0.684
6000.0,5200.0,3429.5,-0.632
6080.0,5200.0,3424.7,-0.792
6160.0,5200.0,3422.3,-0.464
6240.0,5200.0,3416.4,0.046
6320.0,5200.0,3421.4,-0.132
6400.0,5200.0,3429.6,0.287
6480.0,5200.0,3428.3,-0.165
6560.0,5200.0,3429.1,-0.046
6640.0,5200.0,3425.8,-0.331
6720.0,5200.0,3438.3,0.245
6800.0,5200.0,3435.5,0.468
6880.0,5200.0,3436.9,0.608
6960.0,5200.0,3436.9,0.434
7040.0,5200.0,3432.5,0.7
7120.0,5200.0,3441.7,0.944
7200.0,5200.0,3442.9,0.721
7280.0,5200.0,3450.6,0.147
7360.0,5200.0,3447.9,0.668
7440.0,5200.0,3453.2,0.802
7520.0,5200.0,3460.9,0.696
7600.0,5200.0,3468.7,0.9
7680.0,5200.0,3462.3,1.038
7760.0,5200.0,3475.0,0.96
7840.0,5200.0,3474.5,0.957
7920.0,5200.0,3476.1,0.229
8000.0,5200.0,3481.5,0.502
8080.0,5200.0,3488.7,0.173
8160.0,5200.0,3484.8,0.188
8240.0,5200.0,3499.0,0.176
8320.0,5200.0,3501.4,-0.111
8400.0,5200.0,3496.3,0.562
8480.0,5200.0,3511.5,0.352
8560.0,5200.0,3515.0,0.43
8640.0,5200.0,3523.2,-0.501
8720.0,5200.0,3529.6,-0.043
8800.0,5200.0,3527.5,-0.428
8880.0,5200.0,3536.5,-0.067
8960.0,5200.0,3535.5,0.003
9040.0,5200.0,3540.1,-0.186
9120.0,5200.0,3547.3,-0.103
9200.0,5200.0,3549.4,-0.239
9280.0,5200.0,3556.4,-0.347
9360.0,5200.0,3558.1,-0.584
9440.0,5200.0,3562.0,0.41
9520.0,5200.0,3571.5,-0.011
9600.0,5200.0,3565.7,0.274
9680.0,5200.0,3567.9,0.409
9760.0,5200.0,3573.5,0.169
9840.0,5200.0,3583.5,0.225
9920.0,5200.0,3582.6,-0.013
10000.0,5200.0,3584.2,0.185
10080.0,5200.0,3588.2,0.538
10160.0,5200.0,3590.2,0.536
10240.0,5200.0,3588.0,0.492
10320.0,5200.0,3584.9,0.271
10400.0,5200.0,3589.9,0.109
0.0,5280.0,3502.9,1.567
80.0,5280.0,3506.6,1.454
160.0,5280.0,3504.5,1.078
240.0,5280.0,3508.6,1.341
320.0,5280.0,3503.3,1.183
400.0,5280.0,3503.9,0.503
480.0,5280.0,3508.9,-0.061
560.0,5280.0,3505.2,-0.302
640.0,5280.0,3508.0,0.041
720.0,5280.0,3505.1,-0.156
800.0,5280.0,3511.1,0.295
880.0,5280.0,3504.9,0.078
960.0,5280.0,3508.3,-0.151
1040.0,5280.0,3507.6,-0.066
1120.0,5280.0,3505.5,-0.205
1200.0,5280.0,3515.0,-0.576
1280.0,5280.0,3513.1,-0.755
1360.0,5280.0,3517.8,-0.777
1440.0,5280.0,3513.8,-0.47
1520.0,5280.0,3517.2,-0.612
1600.0,5280.0,3515.3,-0.472
1680.0,5280.0,3514.2,-0.325
1760.0,5280.0,3515.3,-0.388
1840.0,5280.0,3515.2,-0.382
1920.0,5280.0,3520.9,-0.203
2000.0,5280.0,3517.6,-0.024
2080.0,5280.0,3517.6,-0.032
2160.0,5280.0,3516.2,-0.441
2240.0,5280.0,3521.5,-0.151
2320.0,5280.0,3521.9,-0.345
2400.0,5280.0,3517.5,-0.046
2480.0,5280.0,3513.4,-0.121
2560.0,5280.0,3517.3,-0.227
2640.0,5280.0,3515.8,-0.509
2720.0,5280.0,3517.0,-0.767
2800.0,5280.0,3514.1,-0.893
2880.0,5280.0,3516.0,-0.487
2960.0,5280.0,3511.2,-0.709
3040.0,5280.0,3513.4,-0.638
3120.0,5280.0,3511.7,-0.478
3200.0,5280.0,3507.0,-0.45
3280.0,5280.0,3509.6,-0.369
3360.0,5280.0,3505.7,-0.409
3440.0,5280.0,3502.6,-0.452
3520.0,5280.0,3508.4,0.109
3600.0,5280.0,3502.2,-0.44
3680.0,5280.0,3500.5,-0.522
3760.0,5280.0,3493.3,-0.299
3840.0,5280.0,3492.9,0.058
3920.0,5280.0,3486.0,0.067
4000.0,5280.0,3487.4,-0.09
4080.0,5280.0,3485.9,0.207
4160.0,5280.0,3475.3,-0.376
4240.0,5280.0,3474.6,0.118
4320.0,5280.0,3472.3,-0.396
4400.0,5280.0,3475.1,-0.504
4480.0,5280.0,3464.1,0.042
4560.0,5280.0,3464.3,-0.223
4640.0,5280.0,3462.0,-0.109
4720.0,5280.0,3459.6,-0.282
4800.0,5280.0,3450.5,0.308
4880.0,5280.0,3451.8,0.004
4960.0,5280.0,3450.6,0.256
5040.0,5280.0,3446.2,0.277
5120.0,5280.0,3449.1,0.05
5200.0,5280.0,3437.4,-0.166
5280.0,5280.0,3441.9,-0.116
5360.0,5280.0,3438.1,-0.318
5440.0,5280.0,3439.1,0.388
5520.0,5280.0,3436.1,-0.145
5600.0,5280.0,3435.1,-0.05
5680.0,5280.0,3434.4,-0.223
5760.0,5280.0,3426.6,-0.211
5840.0,5280.0,3423.4,-0.471
5920.0,5280.0,3425.8,-0.057
6000.0,5280.0,3426.7,-0.561
6080.0,5280.0,3427.0,-0.729
6160.0,5280.0,3429.4,-0.29
6240.0,5280.0,3424.7,-0.348
6320.0,5280.0,3433.0,-0.551
6400.0,5280.0,3427.3,0.02
6480.0,5280.0,3430.4,-0.219
6560.0,5280.0,3433.0,-0.048
6640.0,5280.0,3432.4,0.07
6720.0,5280.0,3438.8,0.467
6800.0,5280.0,3437.6,0.014
6880.0,5280.0,3439.2,-0.064
6960.0,5280.0,3435.4,0.766
7040.0,5280.0,3436.1,0.823
7120.0,5280.0,3443.9,0.464
7200.0,5280.0,3442.7,0.553
7280.0,5280.0,3444.3,0.75
7360.0,5280.0,3452.6,0.659
7440.0,5280.0,3452.3,1.145
7520.0,5280.0,3462.7,0.722
7600.0,5280.0,3460.1,0.684
7680.0,5280.0,3468.1,0.696
7760.0,5280.0,3473.5,0.947
7840.0,5280.0,3469.6,0.484
7920.0,5280.0,3482.0,0.563
8000.0,5280.0,3486.4,0.14
8080.0,5280.0,3486.5,0.61
8160.0,5280.0,3486.7,0.158
8240.0,5280.0,3490.9,0.303
8320.0,5280.0,3502.7,0.684
8400.0,5280.0,3506.5,0.311
8480.0,5280.0,3507.8,0.34
8560.0,5280.0,3519.9,0.433
8640.0,5280.0,3517.3,0.325
8720.0,5280.0,3519.8,-0.289
8800.0,5280.0,3530.2,-0.512
8880.0,5280.0,3539.7,0.163
8960.0,5280.0,3538.1,0.27
9040.0,5280.0,3540.7,0.023
9120.0,5280.0,3547.2,-0.133
9200.0,5280.0,3555.3,-0.278
9280.0,5280.0,3556.6,-0.623
9360.0,5280.0,3562.6,-0.627
9440.0,5280.0,3563.6,-0.252
9520.0,5280.0,3566.3,0.079
9600.0,5280.0,3572.2,-0.123
9680.0,5280.0,3581.4,0.368
9760.0,5280.0,3575.5,0.031
9840.0,5280.0,3577.0,0.267
9920.0,5280.0,3582.8,0.081
10000.0,5280.0,3585.7,0.201
10080.0,5280.0,3585.4,0.28
10160.0,5280.0,3585.7,0.424
10240.0,5280.0,3591.8,0.588
10320.0,5280.0,3592.0,0.075
10400.0,5280.0,3595.7,0.224
0.0,5360.0,3503.8,1.444
80.0,5360.0,3506.0,1.412
160.0,5360.0,3506.9,1.448
240.0,5360.0,3508.4,1.186
320.0,5360.0,3511.5,0.586
400.0,5360.0,3508.8,0.567
480.0,5360.0,3507.4,0.202
560.0,5360.0,3511.4,-0.245
640.0,5360.0,3509.3,0.074
720.0,5360.0,3509.0,-0.084
800.0,5360.0,3511.1,-0.175
880.0,5360.0,3506.8,-0.215
960.0,5360.0,3510.2,-0.348
1040.0,5360.0,3512.6,-0.489
1120.0,5360.0,3517.0,-0.41
1200.0,5360.0,3511.9,-0.496
1280.0,5360.0,3512.3,-0.45
1360.0,5360.0,3522.9,-0.369
1440.0,5360.0,3516.7,-0.591
1520.0,5360.0,3517.7,-0.081
1600.0,5360.0,3519.9,-0.24
1680.0,5360.0,3520.4,-0.487
1760.0,5360.0,3513.7,-0.291
1840.0,5360.0,3520.8,-0.334
1920.0,5360.0,3512.8,0.225
2000.0,5360.0,3516.6,-0.271
2080.0,5360.0,3513.2,-0.036
2160.0,5360.0,3517.0,0.215
2240.0,5360.0,3519.6,-0.174
2320.0,5360.0,3519.6,-0.469
2400.0,5360.0,3509.9,-0.282
2480.0,5360.0,3520.3,-0.214
2560.0,5360.0,3520.2,-0.335
2640.0,5360.0,3518.5,-0.581
2720.0,5360.0,3514.5,-0.887
2800.0,5360.0,3515.3,-1.067
2880.0,5360.0,3516.4,-0.524
2960.0,5360.0,3511.2,-1.011
3040.0,5360.0,3515.1,-0.839
3120.0,5360.0,3506.0,-0.623
3200.0,5360.0,3509.2,-0.576
3280.0,5360.0,3507.3,-0.402
3360.0,5360.0,3506.3,-0.887
3440.0,5360.0,3501.2,-0.792
3520.0,5360.0,3504.6,-0.388
3600.0,5360.0,3501.3,-0.802
3680.0,5360.0,3494.5,-0.211
3760.0,5360.0,3492.0,-0.375
3840.0,5360.0,3494.8,0.007
3920.0,5360.0,3487.1,0.389
4000.0,5360.0,3490.3,0.228
4080.0,5360.0,3488.4,0.254
4160.0,5360.0,3482.7,-0.021
4240.0,5360.0,3482.2,0.127
4320.0,5360.0,3479.7,-0.006
4400.0,5360.0,3473.0,0.192
4480.0,5360.0,3468.0,-0.042
4560.0,5360.0,3470.8,-0.267
4640.0,5360.0,3463.1,0.091
4720.0,5360.0,3460.3,-0.256
4800.0,5360.0,3459.8,0.552
4880.0,5360.0,3459.0,0.61
4960.0,5360.0,3453.3,-0.194
5040.0,5360.0,3448.9,0.251
5120.0,5360.0,3441.9,0.273
5200.0,5360.0,3448.6,0.27
5280.0,5360.0,3442.6,-0.093
5360.0,5360.0,3449.9,-0.135
5440.0,5360.0,3437.6,0.003
5520.0,5360.0,3438.7,-0.163
5600.0,5360.0,3436.4,-0.273
5680.0,5360.0,3429.4,0.114
5760.0,5360.0,3430.9,0.553
5840.0,5360.0,3432.4,-0.317
5920.0,5360.0,3435.2,-0.438
6000.0,5360.0,3426.2,-0.72
6080.0,5360.0,3432.3,-0.169
6160.0,5360.0,3431.6,-0.294
6240.0,5360.0,3430.6,-0.963
6320.0,5360.0,3431.4,-0.455
6400.0,5360.0,3429.8,-0.432
6480.0,5360.0,3440.4,-0.33
6560.0,5360.0,3430.4,-0.504
6640.0,5360.0,3437.5,-0.237
6720.0,5360.0,3432.8,0.165
6800.0,5360.0,3431.4,0.234
6880.0,5360.0,3441.9,0.132
6960.0,5360.0,3445.6,0.388
7040.0,5360.0,3440.5,0.461
7120.0,5360.0,3446.9,0.182
7200.0,5360.0,3446.7,0.398
7280.0,5360.0,3454.2,0.224
7360.0,5360.0,3451.5,0.41
7440.0,5360.0,3454.1,0.534
7520.0,5360.0,3464.4,0.652
7600.0,5360.0,3469.2,0.684
7680.0,5360.0,3467.5,0.533
7760.0,5360.0,3474.8,0.719
7840.0,5360.0,3476.2,0.331
7920.0,5360.0,3474.9,0.4
8000.0,5360.0,3490.4,0.491
8080.0,5360.0,3498.7,0.083
8160.0,5360.0,3492.0,0.565
8240.0,5360.0,3507.6,0.62
8320.0,5360.0,3502.8,0.668
8400.0,5360.0,3509.3,0.571
8480.0,5360.0,3510.0,0.045
8560.0,5360.0,3514.3,0.344
8640.0,5360.0,3523.8,0.388
8720.0,5360.0,3528.9,0.095
8800.0,5360.0,3533.5,0.078
8880.0,5360.0,3538.7,-0.175
8960.0,5360.0,3539.9,-0.253
9040.0,5360.0,3544.2,-0.418
9120.0,5360.0,3553.5,-0.091
9200.0,5360.0,3553.5,-0.788
9280.0,5360.0,3559.2,-0.633
9360.0,5360.0,3559.3,-0.809
9440.0,5360.0,3565.1,-0.234
9520.0,5360.0,3575.1,-0.422
9600.0,5360.0,3574.1,-0.028
9680.0,5360.0,3581.6,0.149
9760.0,5360.0,3578.5,0.37
9840.0,5360.0,3585.9,0.39
9920.0,5360.0,3583.4,0.015
10000.0,5360.0,3584.9,0.414
10080.0,5360.0,3588.0,-0.326
10160.0,5360.0,3587.8,0.479
10240.0,5360.0,3593.1,0.136
10320.0,5360.0,3592.9,0.007
10400.0,5360.0,3588.5,0.23
0.0,5440.0,3507.9,1.339
80.0,5440.0,3508.6,0.979
160.0,5440.0,3503.0,0.761
240.0,5440.0,3510.4,0.75
320.0,5440.0,3500.6,0.439
400.0,5440.0,3510.0,0.184
480.0,5440.0,3509.6,0.341
560.0,5440.0,3514.5,-0.387
640.0,5440.0,3512.9,0.181
720.0,5440.0,3511.4,0.124
800.0,5440.0,3507.7,-0.081
880.0,5440.0,3508.7,0.111
960.0,5440.0,3513.9,-0.018
1040.0,5440.0,3513.9,-0.033
1120.0,5440.0,3510.7,-0.041
1200.0,5440.0,3510.0,0.207
1280.0,5440.0,3514.1,-0.34
1360.0,5440.0,3508.8,-0.553
1440.0,5440.0,3517.9,-0.592
1520.0,5440.0,3523.3,-0.009
1600.0,5440.0,3518.0,-0.399
1680.0,5440.0,3516.3,0.042
1760.0,5440.0,3524.7,-0.505
1840.0,5440.0,3527.8,0.346
1920.0,5440.0,3526.3,0.095
2000.0,5440.0,3517.8,0.091
2080.0,5440.0,3523.0,-0.636
2160.0,5440.0,3516.9,-0.347
2240.0,5440.0,3525.0,-0.122
2320.0,5440.0,3521.2,-0.609
2400.0,5440.0,3523.1,0.187
2480.0,5440.0,3520.0,-0.193
2560.0,5440.0,3519.2,-0.07
2640.0,5440.0,3521.9,-0.671
2720.0,5440.0,3519.3,-0.703
2800.0,5440.0,3519.8,-0.463
2880.0,5440.0,3518.3,-0.767
2960.0,5440.0,3515.6,-0.721
3040.0,5440.0,3515.3,-0.662
3120.0,5440.0,3516.3,-0.546
3200.0,5440.0,3513.4,-0.914
3280.0,5440.0,3508.3,-0.365
3360.0,5440.0,3504.4,-0.483
3440.0,5440.0,3505.5,-1.076
3520.0,5440.0,3501.9,-0.485
3600.0,5440.0,3512.7,-0.466
3680.0,5440.0,3501.6,-0.337
3760.0,5440.0,3494.0,-0.205
3840.0,5440.0,3493.4,0.201
3920.0,5440.0,3496.2,-0.131
4000.0,5440.0,3490.9,0.075
4080.0,5440.0,3486.6,-0.054
4160.0,5440.0,3485.8,0.338
4240.0,5440.0,3482.4,0.133
4320.0,5440.0,3482.1,-0.248
4400.0,5440.0,3474.9,-0.049
4480.0,5440.0,3470.6,-0.054
4560.0,5440.0,3466.9,0.17
4640.0,5440.0,3462.7,0.334
4720.0,5440.0,3467.4,0.411
4800.0,5440.0,3462.9,0.101
4880.0,5440.0,3460.0,0.232
4960.0,5440.0,3454.4,0.037
5040.0,5440.0,3461.2,-0.114
5120.0,5440.0,3450.2,-0.138
5200.0,5440.0,3445.7,-0.186
5280.0,5440.0,3448.2,0.452
5360.0,5440.0,3446.2,0.041
5440.0,5440.0,3443.3,0.069
5520.0,5440.0,3443.6,-0.497
5600.0,5440.0,3444.1,-0.2
5680.0,5440.0,3437.7,-0.205
5760.0,5440.0,3441.3,-0.22
5840.0,5440.0,3435.1,0.04
5920.0,5440.0,3432.5,-0.536
6000.0,5440.0,3429.5,-0.546
6080.0,5440.0,3434.6,-0.554
6160.0,5440.0,3431.2,-0.661
6240.0,5440.0,3433.7,-0.533
6320.0,5440.0,3428.4,-0.381
6400.0,5440.0,3435.4,-0.49
6480.0,5440.0,3436.9,-0.19
6560.0,5440.0,3437.1,-0.3
6640.0,5440.0,3437.8,-0.184
6720.0,5440.0,3441.4,-0.246
6800.0,5440.0,3444.6,0.047
6880.0,5440.0,3443.5,0.026
6960.0,5440.0,3442.6,0.298
7040.0,5440.0,3442.7,-0.167
7120.0,5440.0,3446.5,-0.092
7200.0,5440.0,3449.3,0.27
7280.0,5440.0,3445.6,0.1
7360.0,5440.0,3453.9,0.956
7440.0,5440.0,3462.0,0.334
7520.0,5440.0,3465.4,0.619
7600.0,5440.0,3464.4,0.859
7680.0,5440.0,3471.6,0.874
7760.0,5440.0,3475.9,0.35
7840.0,5440.0,3478.4,0.657
7920.0,5440.0,3481.4,0.545
8000.0,5440.0,3490.7,0.175
8080.0,5440.0,3491.8,0.23
8160.0,5440.0,3498.6,0.413
8240.0,5440.0,3500.6,0.308
8320.0,5440.0,3503.5,0.55
8400.0,5440.0,3511.2,0.516
8480.0,5440.0,3514.1,-0.058
8560.0,5440.0,3521.8,0.629
8640.0,5440.0,3526.7,0.597
8720.0,5440.0,3529.0,0.186
8800.0,5440.0,3536.1,-0.212
8880.0,5440.0,3536.3,-0.147
8960.0,5440.0,3540.8,-0.572
9040.0,5440.0,3550.0,-0.262
9120.0,5440.0,3552.5,-0.64
9200.0,5440.0,3558.4,-0.966
9280.0,5440.0,3565.5,-0.581
9360.0,5440.0,3564.5,-0.727
9440.0,5440.0,3565.4,0.092
9520.0,5440.0,3575.3,-0.376
9600.0,5440.0,3574.2,-0.266
9680.0,5440.0,3578.8,0.042
9760.0,5440.0,3586.3,-0.006
9840.0,5440.0,3588.2,-0.021
9920.0,5440.0,3587.9,0.103
10000.0,5440.0,3591.3,-0.136
10080.0,5440.0,3592.0,0.353
10160.0,5440.0,3594.6,0.299
10240.0,5440.0,3593.0,0.028
10320.0,5440.0,3591.6,-0.153
10400.0,5440.0,3596.8,0.052
0.0,5520.0,3513.2,1.293
80.0,5520.0,3506.4,0.963
160.0,5520.0,3509.3,0.583
240.0,5520.0,3518.0,0.625
320.0,5520.0,3514.4,0.284
400.0,5520.0,3513.8,-0.088
480.0,5520.0,3511.0,0.06
560.0,5520.0,3516.7,0.22
640.0,5520.0,3513.2,0.355
720.0,5520.0,3510.3,-0.263
800.0,5520.0,3514.0,-0.238
880.0,5520.0,3509.7,-0.526
960.0,5520.0,3509.3,-0.452
1040.0,5520.0,3516.2,-0.241
1120.0,5520.0,3514.4,-0.282
1200.0,5520.0,3513.5,-0.543
1280.0,5520.0,3519.5,-0.415
1360.0,5520.0,3513.7,-0.147
1440.0,5520.0,3513.7,0.026
1520.0,5520.0,3518.5,-0.092
1600.0,5520.0,3517.1,0.014
1680.0,5520.0,3518.8,-0.064
1760.0,5520.0,3517.9,-0.228
1840.0,5520.0,3524.0,-0.603
1920.0,5520.0,3519.6,-0.135
2000.0,5520.0,3517.0,0.214
2080.0,5520.0,3525.5,-0.08
2160.0,5520.0,3525.3,-0.74
2240.0,5520.0,3524.1,-0.535
2320.0,5520.0,3520.9,-0.093
2400.0,5520.0,3521.0,-0.328
2480.0,5520.0,3522.5,-0.082
2560.0,5520.0,3524.3,-0.495
2640.0,5520.0,3525.6,-0.922
2720.0,5520.0,3519.1,-0.903
2800.0,5520.0,3523.1,-0.839
2880.0,5520.0,3523.9,-0.511
2960.0,5520.0,3520.3,-0.561
3040.0,5520.0,3520.5,-0.832
3120.0,5520.0,3515.3,-0.923
3200.0,5520.0,3514.5,-0.389
3280.0,5520.0,3508.0,-0.683
3360.0,5520.0,3515.9,-0.62
3440.0,5520.0,3511.5,-0.835
3520.0,5520.0,3509.7,-0.665
3600.0,5520.0,3507.5,-0.267
3680.0,5520.0,3508.4,-0.565
3760.0,5520.0,3505.6,-0.181
3840.0,5520.0,3498.0,0.198
3920.0,5520.0,3493.1,0.075
4000.0,5520.0,3493.9,-0.229
4080.0,5520.0,3493.6,-0.316
4160.0,5520.0,3489.7,-0.211
4240.0,5520.0,3486.1,-0.189
4320.0,5520.0,3477.1,-0.075
4400.0,5520.0,3476.5,-0.156
4480.0,5520.0,3473.2,-0.319
4560.0,5520.0,3477.4,-0.057
4640.0,5520.0,3470.0,0.339
4720.0,5520.0,3463.8,0.227
4800.0,5520.0,3456.8,-0.033
4880.0,5520.0,3462.9,-0.003
4960.0,5520.0,3460.9,0.131
5040.0,5520.0,3454.6,0.503
5120.0,5520.0,3460.0,-0.109
5200.0,5520.0,3450.9,-0.147
5280.0,5520.0,3452.8,0.008
5360.0,5520.0,3450.5,-0.266
5440.0,5520.0,3447.7,-0.116
5520.0,5520.0,3441.3,-0.794
5600.0,5520.0,3443.5,-0.069
5680.0,5520.0,3434.9,-0.094
5760.0,5520.0,3436.1,0.208
5840.0,5520.0,3441.2,-0.319
5920.0,5520.0,3433.1,-0.277
6000.0,5520.0,3434.9,-0.663
6080.0,5520.0,3439.1,-0.743
6160.0,5520.0,3433.9,-0.121
6240.0,5520.0,3438.6,-0.185
6320.0,5520.0,3440.4,-0.251
6400.0,5520.0,3434.8,-0.814
6480.0,5520.0,3436.1,-0.321
6560.0,5520.0,3438.5,-0.227
6640.0,5520.0,3435.8,-0.478
6720.0,5520.0,3440.6,-0.573
6800.0,5520.0,3445.9,-0.351
6880.0,5520.0,3445.5,-0.139
6960.0,5520.0,3446.2,0.09
7040.0,5520.0,3449.1,0.145
7120.0,5520.0,3447.1,0.544
7200.0,5520.0,3455.9,-0.314
7280.0,5520.0,3454.9,0.134
7360.0,5520.0,3459.6,-0.071
7440.0,5520.0,3460.1,0.288
7520.0,5520.0,3465.3,0.294
7600.0,5520.0,3468.1,0.245
7680.0,5520.0,3474.7,0.372
7760.0,5520.0,3475.4,0.093
7840.0,5520.0,3477.4,0.387
7920.0,5520.0,3481.8,0.557
8000.0,5520.0,3491.1,-0.039
8080.0,5520.0,3494.5,0.111
8160.0,5520.0,3496.4,0.397
8240.0,5520.0,3502.9,0.719
8320.0,5520.0,3504.7,0.354
8400.0,5520.0,3514.2,0.036
8480.0,5520.0,3512.3,-0.154
8560.0,5520.0,3520.8,0.552
8640.0,5520.0,3533.0,0.22
8720.0,5520.0,3530.2,-0.026
8800.0,5520.0,3535.3,0.284
8880.0,5520.0,3541.6,-0.212
8960.0,5520.0,3545.0,-0.229
9040.0,5520.0,3550.3,-0.046
9120.0,5520.0,3554.3,-0.713
9200.0,5520.0,3557.3,-0.465
9280.0,5520.0,3565.6,-0.46
9360.0,5520.0,3563.6,-0.372
9440.0,5520.0,3567.4,-0.422
9520.0,5520.0,3572.3,-0.154
9600.0,5520.0,3578.2,-0.085
9680.0,5520.0,3581.0,0.126
9760.0,5520.0,3581.7,0.253
9840.0,5520.0,3587.1,0.431
9920.0,5520.0,3587.6,-0.206
10000.0,5520.0,3591.5,0.236
10080.0,5520.0,3595.5,-0.227
10160.0,5520.0,3591.5,-0.138
10240.0,5520.0,3592.2,-0.26
10320.0,5520.0,3601.1,-0.237
10400.0,5520.0,3592.5,-0.308
0.0,5600.0,3506.3,1.409
80.0,5600.0,3507.8,0.751
160.0,5600.0,3507.0,1.079
240.0,5600.0,3512.4,0.592
320.0,5600.0,3514.0,0.483
400.0,5600.0,3513.6,-0.015
480.0,5600.0,3510.1,0.037
560.0,5600.0,3506.9,-0.473
640.0,5600.0,3511.1,0.117
720.0,5600.0,3511.8,-0.248
800.0,5600.0,3510.0,-0.395
880.0,5600.0,3515.9,0.241
960.0,5600.0,3513.2,-0.453
1040.0,5600.0,3513.3,-0.361
1120.0,5600.0,3517.8,-0.919
1200.0,5600.0,3509.3,-0.806
1280.0,5600.0,3514.4,-0.281
1360.0,5600.0,3518.0,-0.372
1440.0,5600.0,3518.7,-0.438
1520.0,5600.0,3520.1,-0.105
1600.0,5600.0,3521.5,0.153
1680.0,5600.0,3524.6,-0.48
1760.0,5600.0,3522.6,-0.025
1840.0,5600.0,3517.3,-0.718
1920.0,5600.0,3520.6,-0.055
2000.0,5600.0,3525.1,0.052
2080.0,5600.0,3528.7,-0.299
2160.0,5600.0,3526.1,-0.486
2240.0,5600.0,3525.4,-0.412
2320.0,5600.0,3525.8,-0.585
2400.0,5600.0,3521.6,-0.336
2480.0,5600.0,3527.4,-0.334
2560.0,5600.0,3528.2,-0.376
2640.0,5600.0,3523.7,-0.516
2720.0,5600.0,3521.1,-0.221
2800.0,5600.0,3518.4,-0.299
2880.0,5600.0,3519.3,-0.63
2960.0,5600.0,3514.9,-0.422
3040.0,5600.0,3524.2,-0.505
3120.0,5600.0,3522.1,-0.086
3200.0,5600.0,3518.5,-0.144
3280.0,5600.0,3513.3,-0.062
3360.0,5600.0,3515.0,-0.384
3440.0,5600.0,3512.8,-0.375
3520.0,5600.0,3512.3,-0.779
3600.0,5600.0,3504.9,-0.463
3680.0,5600.0,3501.7,-0.194
3760.0,5600.0,3503.2,-0.53
3840.0,5600.0,3502.9,-0.429
3920.0,5600.0,3495.0,-0.341
4000.0,5600.0,3492.6,-0.381
4080.0,5600.0,3496.0,-0.69
4160.0,5600.0,3488.6,-0.38
4240.0,5600.0,3491.3,-0.226
4320.0,5600.0,3485.8,-0.103
4400.0,5600.0,3484.2,-0.093
4480.0,5600.0,3479.3,-0.286
4560.0,5600.0,3479.3,0.142
4640.0,5600.0,3480.3,0.039
4720.0,5600.0,3474.0,0.502
4800.0,5600.0,3468.9,-0.049
4880.0,5600.0,3467.0,0.037
4960.0,5600.0,3464.6,0.282
5040.0,5600.0,3462.5,0.15
5120.0,5600.0,3455.7,0.145
5200.0,5600.0,3455.2,0.128
5280.0,5600.0,3450.8,0.511
5360.0,5600.0,3450.4,-0.272
5440.0,5600.0,3453.2,-0.635
5520.0,5600.0,3446.0,-0.163
5600.0,5600.0,3449.1,-0.24
5680.0,5600.0,3445.3,-0.236
5760.0,5600.0,3440.7,-0.646
5840.0,5600.0,3450.2,-0.244
5920.0,5600.0,3442.3,-0.424
6000.0,5600.0,3438.7,-0.353
6080.0,5600.0,3439.4,-0.745
6160.0,5600.0,3442.4,-0.286
6240.0,5600.0,3435.0,-0.357
6320.0,5600.0,3442.8,-0.471
6400.0,5600.0,3443.8,-0.391
6480.0,5600.0,3438.4,-0.262
6560.0,5600.0,3439.8,-0.289
6640.0,5600.0,3441.2,-0.374
6720.0,5600.0,3443.4,-0.409
6800.0,5600.0,3449.0,-0.395
6880.0,5600.0,3443.1,-0.219
6960.0,5600.0,3454.3,-0.339
7040.0,5600.0,3455.1,0.15
7120.0,5600.0,3451.7,0.326
7200.0,5600.0,3461.0,-0.206
7280.0,5600.0,3460.0,0.184
7360.0,5600.0,3467.5,0.21
7440.0,5600.0,3466.2,0.678
7520.0,5600.0,3469.3,0.613
7600.0,5600.0,3476.6,0.164
7680.0,5600.0,3473.6,0.358
7760.0,5600.0,3480.8,0.283
7840.0,5600.0,3484.5,0.33
7920.0,5600.0,3487.1,-0.097
8000.0,5600.0,3485.8,0.376
8080.0,5600.0,3495.7,0.461
8160.0,5600.0,3500.7,0.599
8240.0,5600.0,3500.3,0.578
8320.0,5600.0,3512.8,0.753
8400.0,5600.0,3514.6,0.437
8480.0,5600.0,3522.2,0.818
8560.0,5600.0,3522.3,0.34
8640.0,5600.0,3527.2,-0.034
8720.0,5600.0,3529.7,-0.134
8800.0,5600.0,3537.3,0.024
8880.0,5600.0,3542.2,-0.282
8960.0,5600.0,3544.8,-0.16
9040.0,5600.0,3548.6,-0.469
9120.0,5600.0,3557.2,-0.359
9200.0,5600.0,3562.3,-0.144
9280.0,5600.0,3557.9,-0.104
9360.0,5600.0,3566.3,-0.228
9440.0,5600.0,3571.5,-0.2
9520.0,5600.0,3578.3,-0.313
9600.0,5600.0,3577.1,0.478
9680.0,5600.0,3582.5,0.269
9760.0,5600.0,3586.4,-0.294
9840.0,5600.0,3590.0,0.051
9920.0,5600.0,3587.2,0.444
10000.0,5600.0,3596.3,0.471
10080.0,5600.0,3593.2,0.192
10160.0,5600.0,3593.6,-0.062
10240.0,5600.0,3599.4,-0.094
10320.0,5600.0,3598.3,-0.33
10400.0,5600.0,3595.7,-0.248
0.0,5680.0,3508.9,1.193
80.0,5680.0,3505.8,0.862
160.0,5680.0,3510.5,0.697
240.0,5680.0,3512.1,0.645
320.0,5680.0,3511.6,0.391
400.0,5680.0,3513.7,0.502
480.0,5680.0,3513.0,0.081
560.0,5680.0,3512.9,-0.122
640.0,5680.0,3518.0,-0.16
720.0,5680.0,3512.1,-0.668
800.0,5680.0,3508.7,-0.074
880.0,5680.0,3516.2,-0.213
960.0,5680.0,3518.1,-0.672
1040.0,5680.0,3520.9,-0.732
1120.0,5680.0,3520.1,-0.646
1200.0,5680.0,3519.9,-0.276
1280.0,5680.0,3519.1,-0.347
1360.0,5680.0,3523.9,0.106
1440.0,5680.0,3510.9,0.018
1520.0,5680.0,3520.5,0.161
1600.0,5680.0,3516.5,0.013
1680.0,5680.0,3522.7,-0.056
1760.0,5680.0,3524.0,-0.272
1840.0,5680.0,3524.2,-0.395
1920.0,5680.0,3524.8,-0.454
2000.0,5680.0,3520.8,0.009
2080.0,5680.0,3526.9,-0.19
2160.0,5680.0,3524.1,-0.912
2240.0,5680.0,3527.5,-0.73
2320.0,5680.0,3531.1,-0.486
2400.0,5680.0,3528.4,-0.2
2480.0,5680.0,3524.8,-0.609
2560.0,5680.0,3524.5,-0.458
2640.0,5680.0,3517.7,-0.485
2720.0,5680.0,3526.3,-0.204
2800.0,5680.0,3519.5,-0.09
2880.0,5680.0,3520.0,-0.677
2960.0,5680.0,3519.0,-0.583
3040.0,5680.0,3519.4,-0.509
3120.0,5680.0,3513.3,0.018
3200.0,5680.0,3512.8,-0.522
3280.0,5680.0,3518.2,-0.441
3360.0,5680.0,3517.9,-0.213
3440.0,5680.0,3511.5,-0.358
3520.0,5680.0,3510.5,-0.325
3600.0,5680.0,3510.0,-0.09
3680.0,5680.0,3507.4,-0.514
3760.0,5680.0,3501.7,-0.495
3840.0,5680.0,3501.2,-0.666
3920.0,5680.0,3501.3,-0.621
4000.0,5680.0,3494.8,-0.388
4080.0,5680.0,3491.2,-0.612
4160.0,5680.0,3495.0,-0.651
4240.0,5680.0,3491.3,-0.212
4320.0,5680.0,3490.9,-0.522
4400.0,5680.0,3483.1,-0.115
4480.0,5680.0,3482.5,-0.064
4560.0,5680.0,3476.8,0.009
4640.0,5680.0,3477.2,0.286
4720.0,5680.0,3471.5,-0.506
4800.0,5680.0,3472.5,0.097
4880.0,5680.0,3471.3,0.306
4960.0,5680.0,3469.5,-0.329
5040.0,5680.0,3466.2,0.384
5120.0,5680.0,3461.4,0.017
5200.0,5680.0,3452.5,0.069
5280.0,5680.0,3461.5,-0.584
5360.0,5680.0,3454.8,0.226
5440.0,5680.0,3452.6,-0.531
5520.0,5680.0,3451.5,-0.601
5600.0,5680.0,3452.5,-0.457
5680.0,5680.0,3449.3,-0.434
5760.0,5680.0,3442.0,-0.21
5840.0,5680.0,3447.0,-0.513
5920.0,5680.0,3446.2,-0.544
6000.0,5680.0,3448.6,-0.404
6080.0,5680.0,3449.8,-0.695
6160.0,5680.0,3452.3,-0.525
6240.0,5680.0,3446.3,-0.072
6320.0,5680.0,3451.0,-0.44
6400.0,5680.0,3448.7,-0.278
6480.0,5680.0,3443.7,-0.46
6560.0,5680.0,3446.3,-0.435
6640.0,5680.0,3445.2,-0.469
6720.0,5680.0,3452.7,-0.287
6800.0,5680.0,3448.7,-0.356
6880.0,5680.0,3455.2,-0.35
6960.0,5680.0,3449.7,-0.188
7040.0,5680.0,3456.1,0.38
7120.0,5680.0,3453.8,-0.151
7200.0,5680.0,3457.2,-0.482
7280.0,5680.0,3457.8,0.03
7360.0,5680.0,3463.9,0.147
7440.0,5680.0,3469.8,-0.123
7520.0,5680.0,3471.5,0.384
7600.0,5680.0,3473.6,0.732
7680.0,5680.0,3478.1,0.377
7760.0,5680.0,3485.4,0.374
7840.0,5680.0,3483.8,0.141
7920.0,5680.0,3486.8,0.116
8000.0,5680.0,3495.7,0.25
8080.0,5680.0,3501.1,0.695
8160.0,5680.0,3499.0,0.369
8240.0,5680.0,3504.5,0.419
8320.0,5680.0,3510.8,0.418
8400.0,5680.0,3508.6,0.316
8480.0,5680.0,3522.1,0.594
8560.0,5680.0,3527.8,0.528
8640.0,5680.0,3522.8,0.453
8720.0,5680.0,3534.5,0.42
8800.0,5680.0,3535.6,-0.282
8880.0,5680.0,3545.2,-0.244
8960.0,5680.0,3550.7,-0.226
9040.0,5680.0,3553.3,-0.258
9120.0,5680.0,3557.8,-0.028
9200.0,5680.0,3568.6,-0.105
9280.0,5680.0,3560.5,0.123
9360.0,5680.0,3572.8,-0.426
9440.0,5680.0,3573.8,0.055
9520.0,5680.0,3576.5,-0.176
9600.0,5680.0,3575.7,-0.366
9680.0,5680.0,3585.8,-0.16
9760.0,5680.0,3584.9,-0.29
9840.0,5680.0,3588.4,0.298
9920.0,5680.0,3591.6,0.475
10000.0,5680.0,3594.9,0.251
10080.0,5680.0,3599.8,0.238
10160.0,5680.0,3597.4,0.031
10240.0,5680.0,3602.2,0.417
10320.0,5680.0,3602.2,-0.187
10400.0,5680.0,3603.8,-0.306
0.0,5760.0,3509.4,1.046
80.0,5760.0,3510.7,1.195
160.0,5760.0,3509.4,0.953
240.0,5760.0,3511.6,1.022
320.0,5760.0,3515.3,0.508
400.0,5760.0,3508.8,0.342
480.0,5760.0,3515.8,0.297
560.0,5760.0,3512.9,0.121
640.0,5760.0,3516.4,-0.093
720.0,5760.0,3509.2,-0.006
800.0,5760.0,3516.9,-0.333
880.0,5760.0,3512.3,-0.469
960.0,5760.0,3514.2,0.201
1040.0,5760.0,3520.1,-0.283
1120.0,5760.0,3513.4,0.248
1200.0,5760.0,3513.4,-0.172
1280.0,5760.0,3519.7,-0.181
1360.0,5760.0,3524.2,-0.147
1440.0,5760.0,3524.9,-0.265
1520.0,5760.0,3521.6,0.176
1600.0,5760.0,3523.9,-0.247
1680.0,5760.0,3521.1,-0.082
1760.0,5760.0,3522.0,-0.51
1840.0,5760.0,3527.8,-0.101
1920.0,5760.0,3528.2,-0.075
2000.0,5760.0,3524.8,-0.479
2080.0,5760.0,3532.5,-0.608
2160.0,5760.0,3529.5,-0.684
2240.0,5760.0,3526.8,-0.661
2320.0,5760.0,3526.8,-0.669
2400.0,5760.0,3526.5,-0.174
2480.0,5760.0,3528.6,-0.242
2560.0,5760.0,3529.5,-0.236
2640.0,5760.0,3527.9,0.069
2720.0,5760.0,3525.2,-0.035
2800.0,5760.0,3516.9,-0.151
2880.0,5760.0,3527.0,-0.369
2960.0,5760.0,3523.1,-0.222
3040.0,5760.0,3521.3,-0.429
3120.0,5760.0,3513.7,-0.639
3200.0,5760.0,3522.8,-0.541
3280.0,5760.0,3517.0,-0.56
3360.0,5760.0,3512.0,-0.858
3440.0,5760.0,3517.3,-0.404
3520.0,5760.0,3511.5,-0.302
3600.0,5760.0,3512.6,-0.912
3680.0,5760.0,3509.9,-0.397
3760.0,5760.0,3509.2,-0.421
3840.0,5760.0,3502.0,-0.468
3920.0,5760.0,3503.4,-1.001
4000.0,5760.0,3497.1,-0.682
4080.0,5760.0,3496.0,-0.268
4160.0,5760.0,3494.5,-0.06
4240.0,5760.0,3493.0,-0.206
4320.0,5760.0,3488.2,-0.304
4400.0,5760.0,3491.1,-0.134
4480.0,5760.0,3483.0,-0.095
4560.0,5760.0,3479.3,-0.556
4640.0,5760.0,3482.0,-0.03
4720.0,5760.0,3473.8,-0.195
4800.0,5760.0,3478.1,0.574
4880.0,5760.0,3475.7,0.093
4960.0,5760.0,3475.2,0.377
5040.0,5760.0,3469.4,0.481
5120.0,5760.0,3463.5,0.076
5200.0,5760.0,3462.4,-0.07
5280.0,5760.0,3460.3,-0.083
5360.0,5760.0,3466.2,-0.045
5440.0,5760.0,3460.4,-0.218
5520.0,5760.0,3454.5,-0.618
5600.0,5760.0,3455.4,0.065
5680.0,5760.0,3456.0,-0.47
5760.0,5760.0,3455.4,-0.242
5840.0,5760.0,3453.8,-0.919
5920.0,5760.0,3446.0,-0.58
6000.0,5760.0,3447.7,-0.244
6080.0,5760.0,3445.0,-0.837
6160.0,5760.0,3451.3,-0.486
6240.0,5760.0,3444.7,-0.287
6320.0,5760.0,3450.0,0.057
6400.0,5760.0,3449.2,-0.252
6480.0,5760.0,3451.9,-0.701
6560.0,5760.0,3444.9,-0.169
6640.0,5760.0,3445.8,-0.847
6720.0,5760.0,3447.1,-0.495
6800.0,5760.0,3454.3,-0.677
6880.0,5760.0,3457.3,-0.277
6960.0,5760.0,3456.3,0.151
7040.0,5760.0,3460.7,-0.04
7120.0,5760.0,3462.6,-0.184
7200.0,5760.0,3465.7,-0.417
7280.0,5760.0,3460.5,-0.461
7360.0,5760.0,3466.3,-0.108
7440.0,5760.0,3476.3,-0.253
7520.0,5760.0,3471.3,-0.105
7600.0,5760.0,3472.9,0.192
7680.0,5760.0,3480.2,0.36
7760.0,5760.0,3487.8,0.242
7840.0,5760.0,3485.8,0.154
7920.0,5760.0,3489.5,-0.268
8000.0,5760.0,3496.7,0.343
8080.0,5760.0,3493.8,0.412
8160.0,5760.0,3502.8,0.129
8240.0,5760.0,3504.2,0.35
8320.0,5760.0,3511.2,0.231
8400.0,5760.0,3517.1,0.541
8480.0,5760.0,3521.6,0.449
8560.0,5760.0,3526.0,0.859
8640.0,5760.0,3525.6,0.613
8720.0,5760.0,3533.1,0.657
8800.0,5760.0,3537.4,-0.112
8880.0,5760.0,3545.5,-0.083
8960.0,5760.0,3551.3,-0.156
9040.0,5760.0,3554.2,-0.022
9120.0,5760.0,3555.8,-0.211
9200.0,5760.0,3559.2,-0.159
9280.0,5760.0,3563.9,-0.078
9360.0,5760.0,3567.9,0.114
9440.0,5760.0,3572.8,0.161
9520.0,5760.0,3578.2,0.061
9600.0,5760.0,3583.7,-0.045
9680.0,5760.0,3582.6,0.205
9760.0,5760.0,3588.2,0.003
9840.0,5760.0,3589.4,0.458
9920.0,5760.0,3590.7,0.089
10000.0,5760.0,3589.0,-0.108
10080.0,5760.0,3595.8,-0.005
10160.0,5760.0,3595.9,-0.051
10240.0,5760.0,3600.9,0.132
10320.0,5760.0,3597.3,0.28
10400.0,5760.0,3601.8,-0.03
0.0,5840.0,3513.7,0.864
80.0,5840.0,3511.1,0.634
160.0,5840.0,3508.2,0.551
240.0,5840.0,3509.6,0.568
320.0,5840.0,3512.6,0.623
400.0,5840.0,3507.1,0.334
480.0,5840.0,3513.0,0.201
560.0,5840.0,3514.6,0.057
640.0,5840.0,3512.9,0.378
720.0,5840.0,3512.1,0.067
800.0,5840.0,3516.1,0.107
880.0,5840.0,3519.4,-0.773
960.0,5840.0,3523.9,0.279
1040.0,5840.0,3518.9,-0.213
1120.0,5840.0,3519.3,0.351
1200.0,5840.0,3519.6,0.377
1280.0,5840.0,3515.4,0.198
1360.0,5840.0,3518.6,-0.0
1440.0,5840.0,3522.4,-0.128
1520.0,5840.0,3527.5,0.198
1600.0,5840.0,3528.3,-0.424
1680.0,5840.0,3529.8,-0.298
1760.0,5840.0,3518.2,-0.163
1840.0,5840.0,3525.8,-0.176
1920.0,5840.0,3519.3,-0.597
2000.0,5840.0,3529.8,-0.147
2080.0,5840.0,3520.9,-0.659
2160.0,5840.0,3525.5,-0.633
2240.0,5840.0,3527.0,-0.586
2320.0,5840.0,3526.3,-0.598
2400.0,5840.0,3525.0,-0.595
2480.0,5840.0,3527.0,-0.175
2560.0,5840.0,3527.7,-0.339
2640.0,5840.0,3525.6,-0.127
2720.0,5840.0,3525.7,-0.024
2800.0,5840.0,3526.6,0.207
2880.0,5840.0,3531.9,-0.491
2960.0,5840.0,3518.5,-0.282
3040.0,5840.0,3522.3,-0.584
3120.0,5840.0,3524.7,-0.431
3200.0,5840.0,3520.0,-0.923
3280.0,5840.0,3519.7,-0.612
3360.0,5840.0,3518.1,-0.759
3440.0,5840.0,3519.1,-0.847
3520.0,5840.0,3510.8,-0.284
3600.0,5840.0,3512.8,-0.716
3680.0,5840.0,3513.5,-0.427
3760.0,5840.0,3511.2,-0.918
3840.0,5840.0,3508.2,-0.805
3920.0,5840.0,3499.5,-0.642
4000.0,5840.0,3500.6,-0.767
4080.0,5840.0,3502.3,-0.081
4160.0,5840.0,3494.5,-0.582
4240.0,5840.0,3495.5,-0.9
4320.0,5840.0,3496.6,-0.759
4400.0,5840.0,3491.1,-0.102
4480.0,5840.0,3495.6,-0.154
4560.0,5840.0,3483.6,-0.567
4640.0,5840.0,3487.6,-0.313
4720.0,5840.0,3483.5,-0.313
4800.0,5840.0,3476.2,0.571
4880.0,5840.0,3472.2,0.032
4960.0,5840.0,3474.8,0.287
5040.0,5840.0,3470.6,0.055
5120.0,5840.0,3472.4,-0.009
5200.0,5840.0,3462.9,-0.168
5280.0,5840.0,3466.6,0.194
5360.0,5840.0,3471.0,0.212
5440.0,5840.0,3468.0,0.053
5520.0,5840.0,3465.7,0.005
5600.0,5840.0,3466.6,-0.333
5680.0,5840.0,3458.2,-0.334
5760.0,5840.0,3455.1,-0.84
5840.0,5840.0,3450.4,-0.777
5920.0,5840.0,3452.0,-0.479
6000.0,5840.0,3448.8,-0.785
6080.0,5840.0,3455.3,-0.823
6160.0,5840.0,3452.6,-0.686
6240.0,5840.0,3452.9,-0.801
6320.0,5840.0,3459.7,-0.503
6400.0,5840.0,3450.0,-0.477
6480.0,5840.0,3456.0,-0.706
6560.0,5840.0,3453.8,-0.681
6640.0,5840.0,3454.1,-0.747
6720.0,5840.0,3458.0,-0.877
6800.0,5840.0,3451.7,-0.468
6880.0,5840.0,3460.3,-0.445
6960.0,5840.0,3459.7,-0.466
7040.0,5840.0,3459.5,-0.093
7120.0,5840.0,3461.6,0.073
7200.0,5840.0,3463.1,0.085
7280.0,5840.0,3469.0,-0.229
7360.0,5840.0,3474.4,-0.221
7440.0,5840.0,3471.8,-0.579
7520.0,5840.0,3473.4,0.161
7600.0,5840.0,3479.7,0.068
7680.0,5840.0,3478.6,0.451
7760.0,5840.0,3490.7,0.226
7840.0,5840.0,3488.7,0.002
7920.0,5840.0,3493.9,-0.363
8000.0,5840.0,3496.7,-0.469
8080.0,5840.0,3498.4,-0.073
8160.0,5840.0,3507.5,0.268
8240.0,5840.0,3509.2,0.374
8320.0,5840.0,3511.1,0.483
8400.0,5840.0,3519.3,0.102
8480.0,5840.0,3526.1,0.27
8560.0,5840.0,3528.1,0.044
8640.0,5840.0,3530.0,0.483
8720.0,5840.0,3534.6,0.336
8800.0,5840.0,3538.6,0.297
8880.0,5840.0,3548.6,0.092
8960.0,5840.0,3551.1,0.007
9040.0,5840.0,3553.9,0.116
9120.0,5840.0,3561.2,0.151
9200.0,5840.0,3559.0,0.111
9280.0,5840.0,3569.6,0.107
9360.0,5840.0,3570.2,0.055
9440.0,5840.0,3577.0,-0.072
9520.0,5840.0,3577.9,-0.349
9600.0,5840.0,3582.7,-0.238
9680.0,5840.0,3595.2,-0.07
9760.0,5840.0,3589.3,0.021
9840.0,5840.0,3594.2,0.102
9920.0,5840.0,3597.6,-0.016
10000.0,5840.0,3594.7,-0.134
10080.0,5840.0,3600.5,0.048
10160.0,5840.0,3594.5,0.16
10240.0,5840.0,3601.5,0.31
10320.0,5840.0,3604.5,0.14
10400.0,5840.0,3604.6,0.307
0.0,5920.0,3513.6,1.031
80.0,5920.0,3506.5,0.458
160.0,5920.0,3516.9,0.518
240.0,5920.0,3510.0,0.674
320.0,5920.0,3517.1,0.496
400.0,5920.0,3517.4,0.622
480.0,5920.0,3510.2,0.291
560.0,5920.0,3515.2,0.174
640.0,5920.0,3514.3,0.422
720.0,5920.0,3521.6,0.304
800.0,5920.0,3517.4,0.072
880.0,5920.0,3521.7,-0.311
960.0,5920.0,3521.3,0.225
1040.0,5920.0,3523.7,-0.104
1120.0,5920.0,3521.2,0.214
1200.0,5920.0,3524.4,-0.1
1280.0,5920.0,3524.2,0.282
1360.0,5920.0,3516.1,-0.318
1440.0,5920.0,3522.4,-0.101
1520.0,5920.0,3524.9,-0.051
1600.0,5920.0,3523.1,-0.386
1680.0,5920.0,3525.8,-0.618
1760.0,5920.0,3526.2,-0.43
1840.0,5920.0,3530.5,-0.816
1920.0,5920.0,3526.2,-0.344
2000.0,5920.0,3529.3,-1.037
2080.0,5920.0,3529.1,-0.554
2160.0,5920.0,3530.7,-0.556
2240.0,5920.0,3529.6,-0.355
2320.0,5920.0,3532.5,-0.714
2400.0,5920.0,3525.8,-0.264
2480.0,5920.0,3527.5,-0.143
2560.0,5920.0,3532.0,-0.086
2640.0,5920.0,3526.5,-0.374
2720.0,5920.0,3524.2,0.072
2800.0,5920.0,3526.8,-0.137
2880.0,5920.0,3521.6,-0.141
2960.0,5920.0,3523.6,-0.273
3040.0,5920.0,3530.8,-0.653
3120.0,5920.0,3525.8,-0.205
3200.0,5920.0,3518.3,-0.668
3280.0,5920.0,3524.6,-0.487
3360.0,5920.0,3518.2,-0.391
3440.0,5920.0,3517.8,-0.903
3520.0,5920.0,3517.4,-0.515
3600.0,5920.0,3514.2,-0.554
3680.0,5920.0,3510.7,-0.56
3760.0,5920.0,3508.2,-0.618
3840.0,5920.0,3507.7,-0.601
3920.0,5920.0,3509.0,-0.715
4000.0,5920.0,3506.3,-0.519
4080.0,5920.0,3508.3,-0.496
4160.0,5920.0,3502.0,-0.125
4240.0,5920.0,3500.5,-0.638
4320.0,5920.0,3490.8,-0.194
4400.0,5920.0,3500.7,-0.521
4480.0,5920.0,3494.6,-0.471
4560.0,5920.0,3493.2,-0.963
4640.0,5920.0,3488.6,-0.302
4720.0,5920.0,3483.7,0.182
4800.0,5920.0,3481.5,-0.174
4880.0,5920.0,3484.8,-0.122
4960.0,5920.0,3483.2,0.192
5040.0,5920.0,3473.5,0.097
5120.0,5920.0,3475.7,-0.055
5200.0,5920.0,3477.1,-0.43
5280.0,5920.0,3469.0,-0.1
5360.0,5920.0,3471.0,-0.021
5440.0,5920.0,3467.5,0.472
5520.0,5920.0,3468.5,-0.169
5600.0,5920.0,3463.8,-0.119
5680.0,5920.0,3465.7,-0.499
5760.0,5920.0,3461.6,-0.488
5840.0,5920.0,3463.5,-0.579
5920.0,5920.0,3462.5,-1.115
6000.0,5920.0,3455.4,-0.766
6080.0,5920.0,3454.6,-0.904
6160.0,5920.0,3450.8,-0.721
6240.0,5920.0,3459.3,-0.409
6320.0,5920.0,3458.1,-0.362
6400.0,5920.0,3452.9,-0.746
6480.0,5920.0,3461.8,-0.762
6560.0,5920.0,3456.2,-0.91
6640.0,5920.0,3464.4,-0.913
6720.0,5920.0,3459.2,-0.42
6800.0,5920.0,3457.0,-0.335
6880.0,5920.0,3460.1,-0.274
6960.0,5920.0,3464.2,-0.955
7040.0,5920.0,3465.8,-0.595
7120.0,5920.0,3463.2,-0.683
7200.0,5920.0,3461.3,-0.293
7280.0,5920.0,3469.5,-0.665
7360.0,5920.0,3469.7,-0.277
7440.0,5920.0,3473.6,-0.0
7520.0,5920.0,3481.6,-0.135
7600.0,5920.0,3482.3,0.018
7680.0,5920.0,3487.0,0.036
7760.0,5920.0,3488.2,0.485
7840.0,5920.0,3492.0,-0.154
7920.0,5920.0,3493.7,0.159
8000.0,5920.0,3498.6,0.138
8080.0,5920.0,3503.9,-0.09
8160.0,5920.0,3509.8,0.139
8240.0,5920.0,3511.9,-0.004
8320.0,5920.0,3510.8,0.079
8400.0,5920.0,3521.8,0.694
8480.0,5920.0,3524.7,0.592
8560.0,5920.0,3531.7,0.682
8640.0,5920.0,3536.7,0.11
8720.0,5920.0,3540.9,-0.08
8800.0,5920.0,3545.6,0.655
8880.0,5920.0,3551.8,0.271
8960.0,5920.0,3551.4,0.447
9040.0,5920.0,3557.5,-0.08
9120.0,5920.0,3561.9,-0.201
9200.0,5920.0,3561.5,-0.441
9280.0,5920.0,3570.6,-0.079
9360.0,5920.0,3576.0,0.439
9440.0,5920.0,3572.6,-0.488
9520.0,5920.0,3580.6,0.112
9600.0,5920.0,3586.2,0.105
9680.0,5920.0,3587.6,-0.51
9760.0,5920.0,3587.6,-0.208
9840.0,5920.0,3589.4,-0.233
9920.0,5920.0,3596.8,-0.333
10000.0,5920.0,3594.3,-0.116
10080.0,5920.0,3595.2,-0.177
10160.0,5920.0,3598.5,0.133
10240.0,5920.0,3599.2,0.137
10320.0,5920.0,3603.6,0.339
10400.0,5920.0,3607.4,0.269
0.0,6000.0,3514.8,0.528
80.0,6000.0,3505.7,0.543
160.0,6000.0,3509.8,0.809
240.0,6000.0,3515.8,0.352
320.0,6000.0,3517.7,0.694
400.0,6000.0,3508.6,0.573
480.0,6000.0,3516.2,0.164
560.0,6000.0,3520.6,0.16
640.0,6000.0,3519.2,-0.066
720.0,6000.0,3513.5,0.056
800.0,6000.0,3516.9,0.127
880.0,6000.0,3518.4,-0.136
960.0,6000.0,3520.4,0.233
1040.0,6000.0,3523.8,0.271
1120.0,6000.0,3518.5,0.057
1200.0,6000.0,3527.1,0.04
1280.0,6000.0,3523.0,0.32
1360.0,6000.0,3527.9,0.096
1440.0,6000.0,3526.1,-0.065
1520.0,6000.0,3526.9,-0.16
1600.0,6000.0,3522.3,-0.216
1680.0,6000.0,3526.3,-0.426
1760.0,6000.0,3534.4,-0.202
1840.0,6000.0,3531.8,-0.752
1920.0,6000.0,3529.0,-0.118
2000.0,6000.0,3527.8,-0.566
2080.0,6000.0,3528.5,-0.23
2160.0,6000.0,3527.5,-0.441
2240.0,6000.0,3527.0,-0.204
2320.0,6000.0,3530.0,-0.54
2400.0,6000.0,3532.0,-0.599
2480.0,6000.0,3523.5,-0.427
2560.0,6000.0,3530.4,0.072
2640.0,6000.0,3526.0,-0.612
2720.0,6000.0,3522.9,-0.273
2800.0,6000.0,3525.0,-0.4
2880.0,6000.0,3529.8,0.208
2960.0,6000.0,3524.4,-0.336
3040.0,6000.0,3522.4,-0.061
3120.0,6000.0,3525.0,-0.197
3200.0,6000.0,3527.8,-0.881
3280.0,6000.0,3520.8,-0.464
3360.0,6000.0,3522.6,-1.071
3440.0,6000.0,3524.8,-0.977
3520.0,6000.0,3518.8,-0.8
3600.0,6000.0,3514.9,-1.281
3680.0,6000.0,3515.1,-0.746
3760.0,6000.0,3515.7,-0.532
3840.0,6000.0,3506.9,-0.612
3920.0,6000.0,3508.8,-0.507
4000.0,6000.0,3506.5,-1.217
4080.0,6000.0,3507.9,-0.298
4160.0,6000.0,3500.7,-0.371
4240.0,6000.0,3503.6,-0.41
4320.0,6000.0,3499.6,-0.407
4400.0,6000.0,3492.7,-0.406
4480.0,6000.0,3496.3,-0.854
4560.0,6000.0,3489.7,-0.72
4640.0,6000.0,3491.1,-0.756
4720.0,6000.0,3488.1,-0.307
4800.0,6000.0,3492.4,-0.155
4880.0,6000.0,3482.9,-0.16
4960.0,6000.0,3487.6,0.119
5040.0,6000.0,3482.3,0.076
5120.0,6000.0,3477.1,-0.233
5200.0,6000.0,3476.9,-0.572
5280.0,6000.0,3473.6,-0.606
5360.0,6000.0,3472.8,-0.631
5440.0,6000.0,3470.3,-0.029
5520.0,6000.0,3470.0,-0.39
5600.0,6000.0,3472.0,-0.498
5680.0,6000.0,3462.5,-0.297
5760.0,6000.0,3466.7,-0.605
5840.0,6000.0,3461.1,-0.348
5920.0,6000.0,3456.3,-0.492
6000.0,6000.0,3463.2,-0.711
6080.0,6000.0,3463.8,-0.942
6160.0,6000.0,3460.2,-0.679
6240.0,6000.0,3462.4,-0.672
6320.0,6000.0,3461.4,-0.731
6400.0,6000.0,3463.4,-0.796
6480.0,6000.0,3457.9,-0.716
6560.0,6000.0,3460.4,-0.469
6640.0,6000.0,3457.3,-0.753
6720.0,6000.0,3461.1,-0.823
6800.0,6000.0,3467.7,-0.89
6880.0,6000.0,3473.8,-0.636
6960.0,6000.0,3465.8,-0.634
7040.0,6000.0,3466.4,-0.723
7120.0,6000.0,3469.9,-0.652
7200.0,6000.0,3473.2,-0.534
7280.0,6000.0,3469.7,-0.469
7360.0,6000.0,3471.6,-0.449
7440.0,6000.0,3479.0,-0.424
7520.0,6000.0,3482.0,0.569
7600.0,6000.0,3481.7,0.099
7680.0,6000.0,3487.4,0.203
7760.0,6000.0,3487.0,-0.002
7840.0,6000.0,3491.0,0.172
7920.0,6000.0,3500.1,0.405
8000.0,6000.0,3506.3,0.043
8080.0,6000.0,3499.7,-0.135
8160.0,6000.0,3504.9,-0.134
8240.0,6000.0,3505.6,0.429
8320.0,6000.0,3517.9,0.267
8400.0,6000.0,3519.7,0.695
8480.0,6000.0,3525.2,0.241
8560.0,6000.0,3531.1,0.402
8640.0,6000.0,3533.1,0.567
8720.0,6000.0,3538.0,-0.087
8800.0,6000.0,3542.9,0.028
8880.0,6000.0,3547.9,-0.076
8960.0,6000.0,3552.4,0.158
9040.0,6000.0,3558.0,0.382
9120.0,6000.0,3560.1,-0.13
9200.0,6000.0,3566.5,-0.716
9280.0,6000.0,3569.8,0.058
9360.0,6000.0,3569.8,-0.159
9440.0,6000.0,3576.8,-0.253
9520.0,6000.0,3581.3,-0.443
9600.0,6000.0,3582.3,-0.554
9680.0,6000.0,3587.6,-0.105
9760.0,6000.0,3588.0,-0.154
9840.0,6000.0,3586.8,-0.075
9920.0,6000.0,3597.6,-0.417
10000.0,6000.0,3597.5,0.167
10080.0,6000.0,3596.1,0.256
10160.0,6000.0,3598.3,0.192
10240.0,6000.0,3607.1,0.174
10320.0,6000.0,3598.8,0.01
10400.0,6000.0,3604.9,-0.382
0.0,6080.0,3512.7,0.702
80.0,6080.0,3510.1,1.147
160.0,6080.0,3509.9,0.827
240.0,6080.0,3512.9,0.62
320.0,6080.0,3516.4,0.456
400.0,6080.0,3520.3,0.309
480.0,6080.0,3517.3,-0.024
560.0,6080.0,3519.0,0.488
640.0,6080.0,3518.3,0.218
720.0,6080.0,3521.0,0.244
800.0,6080.0,3521.2,0.284
880.0,6080.0,3522.0,0.261
960.0,6080.0,3521.7,-0.032
1040.0,6080.0,3519.1,-0.38
1120.0,6080.0,3521.6,0.149
1200.0,6080.0,3524.4,0.279
1280.0,6080.0,3525.7,-0.228
1360.0,6080.0,3525.1,-0.086
1440.0,6080.0,3523.7,-0.094
1520.0,6080.0,3528.5,0.301
1600.0,6080.0,3524.3,-0.373
1680.0,6080.0,3528.9,-0.138
1760.0,6080.0,3526.8,-0.37
1840.0,6080.0,3529.5,-0.65
1920.0,6080.0,3531.7,-0.467
2000.0,6080.0,3527.2,-0.611
2080.0,6080.0,3530.6,-0.456
2160.0,6080.0,3535.3,-0.103
2240.0,6080.0,3527.6,-0.495
2320.0,6080.0,3525.2,-0.337
2400.0,6080.0,3525.3,-0.142
2480.0,6080.0,3532.3,-0.034
2560.0,6080.0,3531.8,-0.649
2640.0,6080.0,3524.5,-0.53
2720.0,6080.0,3525.5,-0.318
2800.0,6080.0,3527.4,-0.552
2880.0,6080.0,3527.9,-0.352
2960.0,6080.0,3529.6,-0.218
3040.0,6080.0,3524.9,-0.483
3120.0,6080.0,3524.5,-0.581
3200.0,6080.0,3520.5,-0.318
3280.0,6080.0,3520.1,-0.904
3360.0,6080.0,3520.7,-1.009
3440.0,6080.0,3518.5,-0.681
3520.0,6080.0,3515.9,-0.719
3600.0,6080.0,3516.0,-0.884
3680.0,6080.0,3514.2,-0.585
3760.0,6080.0,3515.6,-0.642
3840.0,6080.0,3513.0,-1.147
3920.0,6080.0,3504.0,-0.538
4000.0,6080.0,3503.6,-0.786
4080.0,6080.0,3508.7,-0.719
4160.0,6080.0,3500.8,-0.194
4240.0,6080.0,3505.0,-0.273
4320.0,6080.0,3498.6,-0.392
4400.0,6080.0,3495.9,-0.227
4480.0,6080.0,3496.9,-0.628
4560.0,6080.0,3497.2,-0.255
4640.0,6080.0,3496.7,-0.53
4720.0,6080.0,3491.0,-0.295
4800.0,6080.0,3497.1,-0.424
4880.0,6080.0,3484.4,-0.446
4960.0,6080.0,3484.0,-0.291
5040.0,6080.0,3488.8,-0.003
5120.0,6080.0,3477.3,-0.298
5200.0,6080.0,3483.8,-0.13
5280.0,6080.0,3481.4,-0.542
5360.0,6080.0,3478.1,-0.14
5440.0,6080.0,3473.7,-0.321
5520.0,6080.0,3477.1,-0.296
5600.0,6080.0,3471.3,-0.327
5680.0,6080.0,3469.2,-0.686
5760.0,6080.0,3472.5,-0.955
5840.0,6080.0,3468.4,-0.556
5920.0,6080.0,3461.7,-1.123
6000.0,6080.0,3467.6,-0.469
6080.0,6080.0,3467.6,-0.775
6160.0,6080.0,3466.1,-0.746
6240.0,6080.0,3460.8,-0.561
6320.0,6080.0,3460.4,-0.486
6400.0,6080.0,3467.4,-1.095
6480.0,6080.0,3467.0,-0.703
6560.0,6080.0,3467.7,-1.228
6640.0,6080.0,3462.6,-0.923
6720.0,6080.0,3464.9,-1.001
6800.0,6080.0,3468.6,-1.055
6880.0,6080.0,3467.3,-0.204
6960.0,6080.0,3476.6,-0.685
7040.0,6080.0,3469.7,-0.5
7120.0,6080.0,3470.1,-0.521
7200.0,6080.0,3474.7,-0.495
7280.0,6080.0,3475.5,-0.518
7360.0,6080.0,3476.7,-0.175
7440.0,6080.0,3483.6,-0.31
7520.0,6080.0,3477.8,-0.239
7600.0,6080.0,3486.2,-0.609
7680.0,6080.0,3480.7,-0.06
7760.0,6080.0,3490.5,0.272
7840.0,6080.0,3497.3,0.368
7920.0,6080.0,3494.7,0.403
8000.0,6080.0,3499.6,-0.136
8080.0,6080.0,3505.9,-0.096
8160.0,6080.0,3514.0,-0.02
8240.0,6080.0,3518.0,0.136
8320.0,6080.0,3521.5,-0.006
8400.0,6080.0,3521.1,0.576
8480.0,6080.0,3530.1,0.362
8560.0,6080.0,3534.5,0.323
8640.0,6080.0,3533.8,0.296
8720.0,6080.0,3543.0,0.549
8800.0,6080.0,3547.2,-0.276
8880.0,6080.0,3549.3,-0.134
8960.0,6080.0,3558.2,-0.181
9040.0,6080.0,3556.9,0.461
9120.0,6080.0,3562.3,0.212
9200.0,6080.0,3569.1,0.011
9280.0,6080.0,3571.7,0.251
9360.0,6080.0,3572.4,0.062
9440.0,6080.0,3577.9,-0.089
9520.0,6080.0,3583.0,-0.11
9600.0,6080.0,3585.4,0.066
9680.0,6080.0,3583.7,-0.331
9760.0,6080.0,3585.5,0.02
9840.0,6080.0,3592.1,0.001
9920.0,6080.0,3601.5,-0.431
10000.0,6080.0,3597.7,0.28
10080.0,6080.0,3595.6,0.491
10160.0,6080.0,3602.4,0.162
10240.0,6080.0,3602.5,0.02
10320.0,6080.0,3600.7,0.37
10400.0,6080.0,3603.5,0.064
0.0,6160.0,3513.4,0.971
80.0,6160.0,3517.5,1.466
160.0,6160.0,3520.1,1.562
240.0,6160.0,3516.4,0.916
320.0,6160.0,3517.8,0.578
400.0,6160.0,3519.4,-0.047
480.0,6160.0,3514.2,0.532
560.0,6160.0,3517.8,0.541
640.0,6160.0,3523.8,0.561
720.0,6160.0,3517.0,0.334
800.0,6160.0,3518.1,0.204
880.0,6160.0,3520.8,0.437
960.0,6160.0,3522.3,0.073
1040.0,6160.0,3524.9,0.17
1120.0,6160.0,3521.5,-0.059
1200.0,6160.0,3525.5,0.367
1280.0,6160.0,3524.9,-0.298
1360.0,6160.0,3523.2,0.069
1440.0,6160.0,3525.8,-0.338
1520.0,6160.0,3528.4,-0.018
1600.0,6160.0,3526.5,0.221
1680.0,6160.0,3524.3,-0.475
1760.0,6160.0,3532.2,-0.364
1840.0,6160.0,3521.1,-0.717
1920.0,6160.0,3529.6,-0.082
2000.0,6160.0,3527.3,-0.582
2080.0,6160.0,3531.0,-0.773
2160.0,6160.0,3530.1,-0.529
2240.0,6160.0,3526.5,-0.595
2320.0,6160.0,3532.4,-0.306
2400.0,6160.0,3522.7,-0.575
2480.0,6160.0,3529.2,-0.499
2560.0,6160.0,3529.3,-0.574
2640.0,6160.0,3526.5,-0.345
2720.0,6160.0,3527.9,-0.855
2800.0,6160.0,3530.2,-1.076
2880.0,6160.0,3531.3,-0.04
2960.0,6160.0,3529.0,-0.118
3040.0,6160.0,3523.1,-0.461
3120.0,6160.0,3523.8,-0.413
3200.0,6160.0,3528.0,-0.69
3280.0,6160.0,3528.6,-0.904
3360.0,6160.0,3524.6,-0.632
3440.0,6160.0,3522.4,-0.646
3520.0,6160.0,3520.6,-0.804
3600.0,6160.0,3519.7,-0.703
3680.0,6160.0,3516.4,-0.592
3760.0,6160.0,3512.1,-0.78
3840.0,6160.0,3510.7,-0.708
3920.0,6160.0,3514.8,-0.721
4000.0,6160.0,3512.2,-0.472
4080.0,6160.0,3513.1,-0.284
4160.0,6160.0,3504.7,-0.781
4240.0,6160.0,3506.8,-0.782
4320.0,6160.0,3509.5,-0.719
4400.0,6160.0,3499.9,-0.761
4480.0,6160.0,3501.5,-0.802
4560.0,6160.0,3494.7,-0.271
4640.0,6160.0,3501.2,-0.49
4720.0,6160.0,3495.5,-0.561
4800.0,6160.0,3495.7,-0.268
4880.0,6160.0,3491.0,-0.072
4960.0,6160.0,3488.4,-0.338
5040.0,6160.0,3490.0,-0.051
5120.0,6160.0,3488.6,-0.722
5200.0,6160.0,3483.2,-0.017
5280.0,6160.0,3486.2,-0.153
5360.0,6160.0,3483.7,-0.295
5440.0,6160.0,3473.6,-0.467
5520.0,6160.0,3481.5,-0.757
5600.0,6160.0,3477.0,-0.618
5680.0,6160.0,3475.8,-1.268
5760.0,6160.0,3477.0,-1.153
5840.0,6160.0,3471.6,-1.172
5920.0,6160.0,3469.7,-1.128
6000.0,6160.0,3470.5,-0.859
6080.0,6160.0,3468.1,-1.098
6160.0,6160.0,3468.5,-0.688
6240.0,6160.0,3464.4,-0.599
6320.0,6160.0,3469.7,-0.834
6400.0,6160.0,3470.3,-0.976
6480.0,6160.0,3468.8,-0.819
6560.0,6160.0,3466.9,-1.268
6640.0,6160.0,3472.0,-0.934
6720.0,6160.0,3461.8,-1.484
6800.0,6160.0,3465.8,-1.372
6880.0,6160.0,3462.8,-1.042
6960.0,6160.0,3470.7,-1.11
7040.0,6160.0,3471.7,-0.42
7120.0,6160.0,3472.1,-0.318
7200.0,6160.0,3475.1,-0.565
7280.0,6160.0,3479.9,-0.236
7360.0,6160.0,3474.8,-0.638
7440.0,6160.0,3480.3,0.09
7520.0,6160.0,3486.6,0.348
7600.0,6160.0,3486.4,0.099
7680.0,6160.0,3493.1,-0.041
7760.0,6160.0,3492.3,0.296
7840.0,6160.0,3502.2,-0.15
7920.0,6160.0,3499.7,-0.064
8000.0,6160.0,3504.1,-0.232
8080.0,6160.0,3506.3,0.062
8160.0,6160.0,3514.2,0.127
8240.0,6160.0,3510.7,0.446
8320.0,6160.0,3519.4,0.332
8400.0,6160.0,3517.1,0.715
8480.0,6160.0,3530.4,0.379
8560.0,6160.0,3530.7,-0.04
8640.0,6160.0,3535.0,0.47
8720.0,6160.0,3539.6,0.742
8800.0,6160.0,3552.5,0.419
8880.0,6160.0,3545.4,0.242
8960.0,6160.0,3557.4,0.696
9040.0,6160.0,3560.1,0.295
9120.0,6160.0,3563.5,-0.098
9200.0,6160.0,3566.6,0.125
9280.0,6160.0,3568.2,-0.15
9360.0,6160.0,3578.1,-0.086
9440.0,6160.0,3574.7,0.16
9520.0,6160.0,3583.3,-0.108
9600.0,6160.0,3583.4,0.027
9680.0,6160.0,3590.0,-0.399
9760.0,6160.0,3590.2,-0.238
9840.0,6160.0,3596.7,0.283
9920.0,6160.0,3598.8,-0.171
10000.0,6160.0,3596.0,0.124
10080.0,6160.0,3596.4,-0.428
10160.0,6160.0,3597.5,0.388
10240.0,6160.0,3601.6,-0.148
10320.0,6160.0,3600.2,-0.072
10400.0,6160.0,3600.7,0.066
0.0,6240.0,3512.8,1.048
80.0,6240.0,3515.7,1.162
160.0,6240.0,3513.4,1.293
240.0,6240.0,3516.6,0.333
320.0,6240.0,3519.1,-0.051
400.0,6240.0,3517.0,0.029
480.0,6240.0,3518.1,0.113
560.0,6240.0,3517.2,0.233
640.0,6240.0,3517.4,0.028
720.0,6240.0,3522.0,0.219
800.0,6240.0,3520.3,0.942
880.0,6240.0,3528.7,0.287
960.0,6240.0,3524.7,0.607
1040.0,6240.0,3524.9,0.166
1120.0,6240.0,3526.4,-0.112
1200.0,6240.0,3524.8,-0.457
1280.0,6240.0,3528.2,-0.537
1360.0,6240.0,3526.8,0.126
1440.0,6240.0,3524.8,-0.054
1520.0,6240.0,3527.7,-0.04
1600.0,6240.0,3529.1,-0.055
1680.0,6240.0,3529.6,-0.431
1760.0,6240.0,3529.3,-0.43
1840.0,6240.0,3525.8,-0.534
1920.0,6240.0,3527.6,-0.313
2000.0,6240.0,3531.5,-0.602
2080.0,6240.0,3527.1,-0.947
2160.0,6240.0,3528.8,-0.731
2240.0,6240.0,3529.8,-0.328
2320.0,6240.0,3525.3,-0.51
2400.0,6240.0,3527.3,-0.821
2480.0,6240.0,3532.1,0.073
2560.0,6240.0,3528.0,-0.373
2640.0,6240.0,3530.3,-0.319
2720.0,6240.0,3527.0,-0.523
2800.0,6240.0,3525.3,-0.507
2880.0,6240.0,3528.9,-0.24
2960.0,6240.0,3527.6,-0.898
3040.0,6240.0,3524.9,-0.653
3120.0,6240.0,3525.6,-0.301
3200.0,6240.0,3527.7,-0.487
3280.0,6240.0,3523.5,-0.789
3360.0,6240.0,3530.5,-0.353
3440.0,6240.0,3521.8,-0.793
3520.0,6240.0,3521.3,-0.56
3600.0,6240.0,3513.7,-0.705
3680.0,6240.0,3522.0,-0.889
3760.0,6240.0,3516.1,-0.643
3840.0,6240.0,3514.5,-0.394
3920.0,6240.0,3512.8,-0.953
4000.0,6240.0,3508.5,-0.507
4080.0,6240.0,3515.7,-1.245
4160.0,6240.0,3509.6,-0.577
4240.0,6240.0,3510.3,-0.609
4320.0,6240.0,3505.3,-1.078
4400.0,6240.0,3503.4,-0.333
4480.0,6240.0,3503.0,-0.44
4560.0,6240.0,3498.5,-0.108
4640.0,6240.0,3501.5,-0.248
4720.0,6240.0,3496.1,-0.876
4800.0,6240.0,3490.8,-0.833
4880.0,6240.0,3490.6,-0.788
4960.0,6240.0,3493.4,-0.249
5040.0,6240.0,3491.7,-0.654
5120.0,6240.0,3487.8,-0.913
5200.0,6240.0,3489.7,-0.203
5280.0,6240.0,3486.8,-0.153
5360.0,6240.0,3481.3,-0.53
5440.0,6240.0,3486.4,-0.846
5520.0,6240.0,3483.4,-0.657
5600.0,6240.0,3477.3,-0.692
5680.0,6240.0,3471.3,-0.953
5760.0,6240.0,3477.9,-1.07
5840.0,6240.0,3478.1,-1.234
5920.0,6240.0,3472.9,-1.178
6000.0,6240.0,3475.5,-1.089
6080.0,6240.0,3475.4,-1.105
6160.0,6240.0,3474.4,-0.925
6240.0,6240.0,3470.6,-1.262
6320.0,6240.0,3471.1,-0.98
6400.0,6240.0,3469.7,-1.205
6480.0,6240.0,3471.5,-1.331
6560.0,6240.0,3474.3,-1.5
6640.0,6240.0,3471.5,-1.1
6720.0,6240.0,3476.7,-1.266
6800.0,6240.0,3472.9,-1.111
6880.0,6240.0,3472.5,-1.188
6960.0,6240.0,3473.6,-1.115
7040.0,6240.0,3479.3,-0.824
7120.0,6240.0,3482.1,-0.609
7200.0,6240.0,3481.4,-0.775
7280.0,6240.0,3477.4,-0.48
7360.0,6240.0,3480.7,-0.511
7440.0,6240.0,3479.6,-0.54
7520.0,6240.0,3483.5,-0.463
7600.0,6240.0,3488.7,0.021
7680.0,6240.0,3493.7,0.285
7760.0,6240.0,3497.9,-0.013
7840.0,6240.0,3499.2,-0.042
7920.0,6240.0,3498.2,-0.254
8000.0,6240.0,3508.0,-0.157
8080.0,6240.0,3509.9,0.038
8160.0,6240.0,3511.3,-0.137
8240.0,6240.0,3512.3,-0.042
8320.0,6240.0,3525.0,0.282
8400.0,6240.0,3521.7,0.46
8480.0,6240.0,3526.0,0.547
8560.0,6240.0,3533.6,0.435
8640.0,6240.0,3538.5,0.74
8720.0,6240.0,3542.3,0.49
8800.0,6240.0,3548.2,0.807
8880.0,6240.0,3554.9,0.496
8960.0,6240.0,3554.6,0.626
9040.0,6240.0,3557.8,0.244
9120.0,6240.0,3562.4,-0.112
9200.0,6240.0,3563.8,0.038
9280.0,6240.0,3572.0,-0.52
9360.0,6240.0,3577.4,-0.119
9440.0,6240.0,3585.1,0.305
9520.0,6240.0,3585.5,0.244
9600.0,6240.0,3587.7,0.141
9680.0,6240.0,3585.9,-0.231
9760.0,6240.0,3601.6,-0.111
9840.0,6240.0,3590.2,0.097
9920.0,6240.0,3596.3,-0.106
10000.0,6240.0,3593.2,0.088
10080.0,6240.0,3599.7,0.073
10160.0,6240.0,3598.2,-0.351
10240.0,6240.0,3598.5,0.101
10320.0,6240.0,3602.2,0.028
10400.0,6240.0,3603.7,0.616
0.0,6320.0,3516.2,0.918
80.0,6320.0,3514.8,0.942
160.0,6320.0,3518.3,0.899
240.0,6320.0,3517.7,0.664
320.0,6320.0,3518.3,0.741
400.0,6320.0,3518.5,0.36
480.0,6320.0,3519.4,0.114
560.0,6320.0,3517.7,0.527
640.0,6320.0,3523.9,0.37
720.0,6320.0,3522.3,0.692
800.0,6320.0,3525.8,0.554
880.0,6320.0,3528.8,0.911
960.0,6320.0,3518.1,0.404
1040.0,6320.0,3524.0,0.292
1120.0,6320.0,3519.2,-0.03
1200.0,6320.0,3523.4,-0.376
1280.0,6320.0,3530.6,-0.351
1360.0,6320.0,3531.7,-0.254
1440.0,6320.0,3528.9,-0.335
1520.0,6320.0,3530.8,-0.112
1600.0,6320.0,3527.1,-0.552
1680.0,6320.0,3532.5,-0.632
1760.0,6320.0,3531.3,-0.32
1840.0,6320.0,3529.9,-0.361
1920.0,6320.0,3533.1,-0.266
2000.0,6320.0,3530.0,-0.519
2080.0,6320.0,3529.0,-0.527
2160.0,6320.0,3534.0,-0.739
2240.0,6320.0,3529.8,-0.488
2320.0,6320.0,3530.0,0.12
2400.0,6320.0,3529.4,-0.216
2480.0,6320.0,3528.7,-0.48
2560.0,6320.0,3526.2,-0.616
2640.0,6320.0,3529.5,-0.432
2720.0,6320.0,3527.1,-0.421
2800.0,6320.0,3528.3,-0.98
2880.0,6320.0,3529.7,-0.683
2960.0,6320.0,3526.7,-0.125
3040.0,6320.0,3531.1,-0.527
3120.0,6320.0,3522.9,-0.792
3200.0,6320.0,3525.9,-0.572
3280.0,6320.0,3525.2,-0.835
3360.0,6320.0,3528.1,-0.834
3440.0,6320.0,3519.0,-0.999
3520.0,6320.0,3518.2,-0.504
3600.0,6320.0,3523.4,-0.52
3680.0,6320.0,3516.8,-0.935
3760.0,6320.0,3517.9,-0.539
3840.0,6320.0,3513.6,-0.233
3920.0,6320.0,3516.5,-0.625
4000.0,6320.0,3516.8,-0.178
4080.0,6320.0,3511.3,-0.42
4160.0,6320.0,3511.0,-0.752
4240.0,6320.0,3506.0,-1.009
4320.0,6320.0,3507.1,-1.349
4400.0,6320.0,3510.8,-0.845
4480.0,6320.0,3508.2,-0.823
4560.0,6320.0,3509.2,-0.698
4640.0,6320.0,3500.4,-0.734
4720.0,6320.0,3503.1,-1.139
4800.0,6320.0,3504.0,-0.874
4880.0,6320.0,3497.6,-0.825
4960.0,6320.0,3490.9,-0.763
5040.0,6320.0,3495.2,-0.382
5120.0,6320.0,3491.1,-0.061
5200.0,6320.0,3486.8,0.017
5280.0,6320.0,3489.9,-0.444
5360.0,6320.0,3490.3,-0.533
5440.0,6320.0,3478.9,-0.769
5520.0,6320.0,3492.8,-0.688
5600.0,6320.0,3486.3,-0.736
5680.0,6320.0,3481.6,-0.916
5760.0,6320.0,3488.2,-0.868
5840.0,6320.0,3480.3,-0.991
5920.0,6320.0,3473.3,-1.27
6000.0,6320.0,3474.9,-1.468
6080.0,6320.0,3475.3,-1.203
6160.0,6320.0,3473.5,-0.707
6240.0,6320.0,3480.3,-1.246
6320.0,6320.0,3476.0,-1.403
6400.0,6320.0,3473.0,-1.125
6480.0,6320.0,3471.3,-1.606
6560.0,6320.0,3478.3,-1.049
6640.0,6320.0,3475.9,-1.154
6720.0,6320.0,3476.7,-1.385
6800.0,6320.0,3475.9,-1.086
6880.0,6320.0,3476.2,-1.034
6960.0,6320.0,3484.4,-0.972
7040.0,6320.0,3479.7,-0.951
7120.0,6320.0,3481.3,-1.041
7200.0,6320.0,3479.3,-0.515
7280.0,6320.0,3487.2,-0.564
7360.0,6320.0,3484.0,-0.357
7440.0,6320.0,3486.3,-0.246
7520.0,6320.0,3488.5,-0.027
7600.0,6320.0,3492.6,0.384
7680.0,6320.0,3494.1,-0.036
7760.0,6320.0,3496.3,-0.131
7840.0,6320.0,3496.8,-0.122
7920.0,6320.0,3500.4,0.054
8000.0,6320.0,3501.3,-0.133
8080.0,6320.0,3510.2,-0.403
8160.0,6320.0,3513.4,-0.578
8240.0,6320.0,3521.7,-0.125
8320.0,6320.0,3521.6,0.194
8400.0,6320.0,3526.6,-0.067
8480.0,6320.0,3527.4,0.258
8560.0,6320.0,3535.5,0.37
8640.0,6320.0,3537.8,0.608
8720.0,6320.0,3543.4,0.739
8800.0,6320.0,3548.1,0.6
8880.0,6320.0,3552.0,0.679
8960.0,6320.0,3554.3,0.244
9040.0,6320.0,3558.5,0.223
9120.0,6320.0,3562.4,0.37
9200.0,6320.0,3569.2,-0.028
9280.0,6320.0,3573.0,-0.385
9360.0,6320.0,3571.6,0.011
9440.0,6320.0,3575.1,0.298
9520.0,6320.0,3578.6,0.297
9600.0,6320.0,3582.3,0.261
9680.0,6320.0,3589.3,0.015
9760.0,6320.0,3597.3,0.295
9840.0,6320.0,3596.0,-0.28
9920.0,6320.0,3595.3,0.113
10000.0,6320.0,3596.3,-0.137
10080.0,6320.0,3602.3,0.385
10160.0,6320.0,3607.8,0.042
10240.0,6320.0,3606.4,0.009
10320.0,6320.0,3602.5,0.049
10400.0,6320.0,3604.3,0.21
0.0,6400.0,3519.8,1.232
80.0,6400.0,3514.6,0.661
160.0,6400.0,3515.0,0.874
240.0,6400.0,3517.7,0.605
320.0,6400.0,3517.7,0.499
400.0,6400.0,3522.5,0.472
480.0,6400.0,3517.1,0.547
560.0,6400.0,3520.2,0.733
640.0,6400.0,3522.0,0.883
720.0,6400.0,3524.2,-0.205
800.0,6400.0,3525.2,0.564
880.0,6400.0,3526.3,0.569
960.0,6400.0,3525.0,0.154
1040.0,6400.0,3523.4,0.35
1120.0,6400.0,3524.7,0.04
1200.0,6400.0,3523.3,-0.896
1280.0,6400.0,3528.8,-0.341
1360.0,6400.0,3528.5,-0.134
1440.0,6400.0,3527.9,-0.457
1520.0,6400.0,3526.9,-0.241
1600.0,6400.0,3530.8,-0.353
1680.0,6400.0,3530.1,-0.382
1760.0,6400.0,3529.3,-0.423
1840.0,6400.0,3527.7,-0.519
1920.0,6400.0,3536.5,-0.496
2000.0,6400.0,3528.0,-0.174
2080.0,6400.0,3529.7,-0.535
2160.0,6400.0,3533.9,-0.986
2240.0,6400.0,3526.5,-0.356
2320.0,6400.0,3533.3,-0.55
2400.0,6400.0,3531.5,-0.361
2480.0,6400.0,3533.4,-0.356
2560.0,6400.0,3528.6,-0.48
2640.0,6400.0,3532.3,-0.22
2720.0,6400.0,3530.9,-0.388
2800.0,6400.0,3530.8,-0.624
2880.0,6400.0,3529.2,-0.115
2960.0,6400.0,3528.6,-0.471
3040.0,6400.0,3526.4,-0.069
3120.0,6400.0,3530.7,-0.198
3200.0,6400.0,3528.9,-0.674
3280.0,6400.0,3520.2,-0.332
3360.0,6400.0,3529.7,-0.068
3440.0,6400.0,3530.4,-0.773
3520.0,6400.0,3519.4,-0.797
3600.0,6400.0,3517.1,-0.4
3680.0,6400.0,3517.1,-0.571
3760.0,6400.0,3523.6,-0.615
3840.0,6400.0,3514.9,-0.648
3920.0,6400.0,3518.2,-0.291
4000.0,6400.0,3515.6,-0.217
4080.0,6400.0,3509.7,-0.786
4160.0,6400.0,3515.7,-0.494
4240.0,6400.0,3513.5,-1.156
4320.0,6400.0,3508.6,-1.08
4400.0,6400.0,3513.5,-0.306
4480.0,6400.0,3507.9,-0.462
4560.0,6400.0,3505.4,-0.677
4640.0,6400.0,3503.2,-1.051
4720.0,6400.0,3504.1,-0.831
4800.0,6400.0,3506.5,-1.09
4880.0,6400.0,3496.5,-0.778
4960.0,6400.0,3505.0,-0.406
5040.0,6400.0,3498.4,-1.095
5120.0,6400.0,3496.3,-0.844
5200.0,6400.0,3497.6,-0.291
5280.0,6400.0,3492.6,-0.549
5360.0,6400.0,3484.5,-0.551
5440.0,6400.0,3490.8,-0.657
5520.0,6400.0,3490.9,-0.74
5600.0,6400.0,3488.6,-0.665
5680.0,6400.0,3485.2,-0.757
5760.0,6400.0,3489.4,-1.027
5840.0,6400.0,3481.2,-0.784
5920.0,6400.0,3486.1,-1.311
6000.0,6400.0,3481.8,-1.046
6080.0,6400.0,3482.2,-1.98
6160.0,6400.0,3486.0,-1.346
6240.0,6400.0,3483.2,-1.206
6320.0,6400.0,3479.3,-1.369
6400.0,6400.0,3476.5,-1.211
6480.0,6400.0,3476.0,-0.883
6560.0,6400.0,3479.3,-1.22
6640.0,6400.0,3479.2,-1.059
6720.0,6400.0,3485.9,-1.289
6800.0,6400.0,3477.6,-1.234
6880.0,6400.0,3476.3,-1.089
6960.0,6400.0,3480.2,-1.335
7040.0,6400.0,3481.8,-1.479
7120.0,6400.0,3485.0,-0.841
7200.0,6400.0,3486.9,-1.061
7280.0,6400.0,3484.5,-0.446
7360.0,6400.0,3488.4,-0.286
7440.0,6400.0,3495.7,-0.442
7520.0,6400.0,3489.8,-0.362
7600.0,6400.0,3492.1,-0.098
7680.0,6400.0,3498.7,-0.079
7760.0,6400.0,3498.4,-0.022
7840.0,6400.0,3496.9,-0.066
7920.0,6400.0,3509.9,-0.092
8000.0,6400.0,3509.6,-0.097
8080.0,6400.0,3508.5,-0.441
8160.0,6400.0,3511.7,0.201
8240.0,6400.0,3522.1,-0.055
8320.0,6400.0,3523.8,-0.301
8400.0,6400.0,3523.0,-0.142
8480.0,6400.0,3526.4,0.492
8560.0,6400.0,3541.8,0.636
8640.0,6400.0,3537.4,0.434
8720.0,6400.0,3546.5,0.093
8800.0,6400.0,3547.8,-0.001
8880.0,6400.0,3546.4,0.526
8960.0,6400.0,3552.8,0.637
9040.0,6400.0,3558.4,0.437
9120.0,6400.0,3563.0,0.519
9200.0,6400.0,3565.7,-0.084
9280.0,6400.0,3580.4,-0.37
9360.0,6400.0,3580.1,0.079
9440.0,6400.0,3579.6,-0.023
9520.0,6400.0,3585.4,-0.148
9600.0,6400.0,3589.2,0.364
9680.0,6400.0,3581.9,0.099
9760.0,6400.0,3589.6,0.01
9840.0,6400.0,3596.5,0.143
9920.0,6400.0,3601.4,-0.129
10000.0,6400.0,3596.4,0.132
10080.0,6400.0,3603.4,0.509
10160.0,6400.0,3603.4,0.347
10240.0,6400.0,3609.2,-0.117
10320.0,6400.0,3604.0,0.249
10400.0,6400.0,3601.3,0.427
0.0,6480.0,3519.1,1.563
80.0,6480.0,3522.4,0.896
160.0,6480.0,3521.0,1.281
240.0,6480.0,3519.0,0.874
320.0,6480.0,3518.2,0.547
400.0,6480.0,3515.7,0.107
480.0,6480.0,3523.2,0.345
560.0,6480.0,3524.8,0.463
640.0,6480.0,3520.4,0.363
720.0,6480.0,3525.3,0.338
800.0,6480.0,3528.4,-0.027
880.0,6480.0,3521.3,0.512
960.0,6480.0,3527.2,0.2
1040.0,6480.0,3527.3,0.2
1120.0,6480.0,3528.6,-0.125
1200.0,6480.0,3528.2,-0.375
1280.0,6480.0,3532.2,-0.419
1360.0,6480.0,3531.8,-0.49
1440.0,6480.0,3533.1,-0.522
1520.0,6480.0,3529.6,-0.283
1600.0,6480.0,3527.6,-0.795
1680.0,6480.0,3529.6,-0.49
1760.0,6480.0,3533.0,-0.476
1840.0,6480.0,3530.6,-0.602
1920.0,6480.0,3532.4,-0.482
2000.0,6480.0,3535.1,-0.505
2080.0,6480.0,3528.5,-0.032
2160.0,6480.0,3528.3,-0.275
2240.0,6480.0,3527.2,-0.202
2320.0,6480.0,3536.4,-0.196
2400.0,6480.0,3530.1,-0.955
2480.0,6480.0,3526.5,-0.281
2560.0,6480.0,3531.4,-0.429
2640.0,6480.0,3525.3,-0.465
2720.0,6480.0,3531.5,-0.638
2800.0,6480.0,3529.1,-0.456
2880.0,6480.0,3530.3,-0.599
2960.0,6480.0,3529.1,-0.812
3040.0,6480.0,3531.4,0.015
3120.0,6480.0,3529.1,-0.703
3200.0,6480.0,3526.5,-0.385
3280.0,6480.0,3530.5,-0.477
3360.0,6480.0,3525.6,-0.394
3440.0,6480.0,3525.6,-0.439
3520.0,6480.0,3518.0,-0.651
3600.0,6480.0,3519.5,-0.831
3680.0,6480.0,3520.4,-0.479
3760.0,6480.0,3521.8,-0.914
3840.0,6480.0,3517.9,-0.887
3920.0,6480.0,3518.5,-0.935
4000.0,6480.0,3517.6,-0.926
4080.0,6480.0,3512.3,-0.516
4160.0,6480.0,3516.7,-0.729
4240.0,6480.0,3508.2,-0.932
4320.0,6480.0,3509.7,-1.069
4400.0,6480.0,3513.0,-0.584
4480.0,6480.0,3508.6,-0.636
4560.0,6480.0,3506.4,-0.874
4640.0,6480.0,3504.3,-0.916
4720.0,6480.0,3506.3,-0.87
4800.0,6480.0,3500.6,-0.98
4880.0,6480.0,3504.0,-0.987
4960.0,6480.0,3504.4,-0.628
5040.0,6480.0,3498.2,-0.966
5120.0,6480.0,3504.9,-1.008
5200.0,6480.0,3495.2,-0.449
5280.0,6480.0,3492.1,-0.541
5360.0,6480.0,3498.1,-0.557
5440.0,6480.0,3494.1,-0.8
5520.0,6480.0,3489.6,-1.222
5600.0,6480.0,3491.3,-0.973
5680.0,6480.0,3491.5,-0.882
5760.0,6480.0,3493.3,-1.107
5840.0,6480.0,3488.7,-1.18
5920.0,6480.0,3482.3,-0.938
6000.0,6480.0,3486.7,-1.868
6080.0,6480.0,3488.8,-1.463
6160.0,6480.0,3482.7,-1.182
6240.0,6480.0,3483.1,-1.309
6320.0,6480.0,3482.1,-1.083
6400.0,6480.0,3487.3,-1.31
6480.0,6480.0,3479.6,-1.43
6560.0,6480.0,3479.5,-0.726
6640.0,6480.0,3486.4,-1.283
6720.0,6480.0,3488.4,-1.161
6800.0,6480.0,3489.6,-0.921
6880.0,6480.0,3484.6,-1.325
6960.0,6480.0,3483.7,-0.528
7040.0,6480.0,3480.6,-0.745
7120.0,6480.0,3489.3,-0.943
7200.0,6480.0,3488.3,-1.027
7280.0,6480.0,3490.5,-1.045
7360.0,6480.0,3495.8,-0.56
7440.0,6480.0,3488.4,-0.18
7520.0,6480.0,3493.7,-0.199
7600.0,6480.0,3495.6,-0.462
7680.0,6480.0,3496.3,-0.694
7760.0,6480.0,3503.7,-0.499
7840.0,6480.0,3501.1,-0.379
7920.0,6480.0,3508.7,-0.175
8000.0,6480.0,3504.9,-0.118
8080.0,6480.0,3511.1,-0.666
8160.0,6480.0,3514.9,-0.581
8240.0,6480.0,3518.6,-0.167
8320.0,6480.0,3525.6,-0.166
8400.0,6480.0,3532.4,-0.24
8480.0,6480.0,3531.7,0.048
8560.0,6480.0,3532.5,0.241
8640.0,6480.0,3538.6,0.262
8720.0,6480.0,3545.9,-0.164
8800.0,6480.0,3551.8,0.14
8880.0,6480.0,3549.9,0.363
8960.0,6480.0,3556.9,0.404
9040.0,6480.0,3555.5,0.485
9120.0,6480.0,3563.7,0.476
9200.0,6480.0,3570.8,0.405
9280.0,6480.0,3569.9,0.115
9360.0,6480.0,3568.3,-0.321
9440.0,6480.0,3578.5,-0.307
9520.0,6480.0,3582.3,-0.224
9600.0,6480.0,3582.6,0.371
9680.0,6480.0,3586.2,0.206
9760.0,6480.0,3586.7,0.305
9840.0,6480.0,3597.7,-0.152
9920.0,6480.0,3593.1,0.24
10000.0,6480.0,3590.2,0.386
10080.0,6480.0,3600.6,0.412
10160.0,6480.0,3600.1,0.349
10240.0,6480.0,3601.0,0.679
10320.0,6480.0,3603.2,0.198
10400.0,6480.0,3604.9,0.211
0.0,6560.0,3517.7,1.104
80.0,6560.0,3520.9,1.082
160.0,6560.0,3509.7,0.948
240.0,6560.0,3522.8,0.981
320.0,6560.0,3522.3,1.024
400.0,6560.0,3526.0,0.466
480.0,6560.0,3519.2,0.612
560.0,6560.0,3528.9,0.368
640.0,6560.0,3524.8,0.212
720.0,6560.0,3523.4,0.283
800.0,6560.0,3529.8,0.482
880.0,6560.0,3526.8,0.042
960.0,6560.0,3527.5,-0.403
1040.0,6560.0,3529.1,0.129
1120.0,6560.0,3530.8,0.188
1200.0,6560.0,3527.2,-0.282
1280.0,6560.0,3526.6,-0.107
1360.0,6560.0,3530.9,-0.456
1440.0,6560.0,3537.3,-0.141
1520.0,6560.0,3530.0,-0.269
1600.0,6560.0,3524.1,-0.363
1680.0,6560.0,3531.0,-0.376
1760.0,6560.0,3531.7,-0.362
1840.0,6560.0,3535.0,-0.403
1920.0,6560.0,3526.2,-0.103
2000.0,6560.0,3533.9,-0.427
2080.0,6560.0,3533.5,-0.185
2160.0,6560.0,3532.7,-0.258
2240.0,6560.0,3532.0,0.055
2320.0,6560.0,3541.5,-0.272
2400.0,6560.0,3530.0,-0.243
2480.0,6560.0,3535.2,-0.745
2560.0,6560.0,3532.4,-0.543
2640.0,6560.0,3528.1,-0.681
2720.0,6560.0,3530.2,-0.358
2800.0,6560.0,3526.6,-0.699
2880.0,6560.0,3525.1,-0.03
2960.0,6560.0,3530.1,-0.154
3040.0,6560.0,3523.2,-0.231
3120.0,6560.0,3524.1,-0.513
3200.0,6560.0,3528.2,-0.218
3280.0,6560.0,3527.5,-0.485
3360.0,6560.0,3530.4,-0.755
3440.0,6560.0,3521.8,-0.261
3520.0,6560.0,3527.1,-0.478
3600.0,6560.0,3528.0,-0.54
3680.0,6560.0,3522.1,-0.55
3760.0,6560.0,3523.6,-0.687
3840.0,6560.0,3517.9,-0.832
3920.0,6560.0,3518.9,-0.558
4000.0,6560.0,3521.2,-0.411
4080.0,6560.0,3513.8,-0.405
4160.0,6560.0,3516.1,-0.685
4240.0,6560.0,3507.6,-1.103
4320.0,6560.0,3512.6,-0.661
4400.0,6560.0,3507.9,-0.735
4480.0,6560.0,3512.1,-0.486
4560.0,6560.0,3514.3,-0.893
4640.0,6560.0,3505.6,-1.041
4720.0,6560.0,3508.0,-0.831
4800.0,6560.0,3497.9,-1.004
4880.0,6560.0,3500.7,-1.311
4960.0,6560.0,3504.4,-1.06
5040.0,6560.0,3500.2,-0.831
5120.0,6560.0,3506.4,-0.958
5200.0,6560.0,3495.1,-1.036
5280.0,6560.0,3496.4,-0.58
5360.0,6560.0,3493.5,-0.908
5440.0,6560.0,3489.7,-0.981
5520.0,6560.0,3492.2,-0.926
5600.0,6560.0,3492.1,-0.798
5680.0,6560.0,3488.2,-0.82
5760.0,6560.0,3492.2,-1.403
5840.0,6560.0,3490.4,-1.616
5920.0,6560.0,3487.5,-1.214
6000.0,6560.0,3483.6,-1.518
6080.0,6560.0,3489.9,-1.627
6160.0,6560.0,3485.9,-1.696
6240.0,6560.0,3479.1,-1.104
6320.0,6560.0,3484.0,-1.54
6400.0,6560.0,3486.0,-0.97
6480.0,6560.0,3483.3,-1.198
6560.0,6560.0,3488.5,-1.193
6640.0,6560.0,3479.6,-1.179
6720.0,6560.0,3478.9,-1.519
6800.0,6560.0,3487.4,-1.515
6880.0,6560.0,3483.4,-1.24
6960.0,6560.0,3487.2,-0.892
7040.0,6560.0,3484.2,-0.639
7120.0,6560.0,3486.1,-1.031
7200.0,6560.0,3491.6,-0.849
7280.0,6560.0,3487.9,-0.657
7360.0,6560.0,3490.7,-1.11
7440.0,6560.0,3491.5,-0.569
7520.0,6560.0,3496.2,-0.31
7600.0,6560.0,3496.4,-0.253
7680.0,6560.0,3503.1,-0.356
7760.0,6560.0,3502.6,-0.122
7840.0,6560.0,3508.6,-0.11
7920.0,6560.0,3511.9,0.07
8000.0,6560.0,3506.8,0.104
8080.0,6560.0,3513.1,-0.401
8160.0,6560.0,3515.0,-0.197
8240.0,6560.0,3520.5,-0.335
8320.0,6560.0,3521.5,0.113
8400.0,6560.0,3528.6,0.302
8480.0,6560.0,3530.7,0.497
8560.0,6560.0,3532.1,0.768
8640.0,6560.0,3534.5,0.265
8720.0,6560.0,3543.6,0.323
8800.0,6560.0,3544.2,0.468
8880.0,6560.0,3546.5,0.715
8960.0,6560.0,3555.7,0.247
9040.0,6560.0,3562.5,-0.047
9120.0,6560.0,3563.2,-0.076
9200.0,6560.0,3571.5,0.049
9280.0,6560.0,3568.5,0.327
9360.0,6560.0,3574.5,-0.145
9440.0,6560.0,3575.2,0.188
9520.0,6560.0,3578.2,0.263
9600.0,6560.0,3586.9,0.169
9680.0,6560.0,3592.8,0.461
9760.0,6560.0,3588.1,0.076
9840.0,6560.0,3589.6,0.371
9920.0,6560.0,3593.6,0.393
10000.0,6560.0,3594.3,0.145
10080.0,6560.0,3591.1,0.634
10160.0,6560.0,3603.7,0.206
10240.0,6560.0,3601.2,0.434
10320.0,6560.0,3596.1,0.505
10400.0,6560.0,3606.8,0.137
0.0,6640.0,3522.2,0.949
80.0,6640.0,3520.9,1.037
160.0,6640.0,3521.4,0.825
240.0,6640.0,3520.2,1.112
320.0,6640.0,3524.7,0.909
400.0,6640.0,3519.4,0.692
480.0,6640.0,3520.6,0.532
560.0,6640.0,3526.5,-0.246
640.0,6640.0,3525.0,0.23
720.0,6640.0,3528.0,-0.177
800.0,6640.0,3525.9,0.199
880.0,6640.0,3529.3,-0.267
960.0,6640.0,3522.5,-0.196
1040.0,6640.0,3527.9,-0.372
1120.0,6640.0,3528.0,-0.271
1200.0,6640.0,3529.2,-0.223
1280.0,6640.0,3533.0,-0.388
1360.0,6640.0,3527.9,-0.057
1440.0,6640.0,3526.2,-0.468
1520.0,6640.0,3532.0,-0.52
1600.0,6640.0,3530.7,-0.309
1680.0,6640.0,3533.4,-0.24
1760.0,6640.0,3532.0,-0.09
1840.0,6640.0,3534.7,-0.235
1920.0,6640.0,3526.9,-0.257
2000.0,6640.0,3536.7,-0.509
2080.0,6640.0,3528.7,-0.305
2160.0,6640.0,3532.4,-0.066
2240.0,6640.0,3534.4,-0.277
2320.0,6640.0,3527.8,-0.345
2400.0,6640.0,3523.0,-0.754
2480.0,6640.0,3530.0,-0.679
2560.0,6640.0,3532.6,-0.386
2640.0,6640.0,3530.2,-0.565
2720.0,6640.0,3530.4,0.143
2800.0,6640.0,3530.1,-0.852
2880.0,6640.0,3536.9,-0.359
2960.0,6640.0,3532.4,0.038
3040.0,6640.0,3528.7,0.306
3120.0,6640.0,3527.7,0.263
3200.0,6640.0,3524.1,0.027
3280.0,6640.0,3520.7,-0.278
3360.0,6640.0,3520.2,-0.281
3440.0,6640.0,3525.8,-0.393
3520.0,6640.0,3524.3,-0.57
3600.0,6640.0,3524.3,-0.438
3680.0,6640.0,3525.3,-0.809
3760.0,6640.0,3520.7,-0.911
3840.0,6640.0,3521.3,-1.016
3920.0,6640.0,3520.9,-0.639
4000.0,6640.0,3517.4,-0.517
4080.0,6640.0,3516.9,-0.093
4160.0,6640.0,3508.9,-0.182
4240.0,6640.0,3512.3,-0.661
4320.0,6640.0,3516.8,-0.441
4400.0,6640.0,3517.9,-0.668
4480.0,6640.0,3516.9,-0.541
4560.0,6640.0,3516.4,-0.829
4640.0,6640.0,3510.3,-1.194
4720.0,6640.0,3506.7,-1.159
4800.0,6640.0,3506.7,-1.735
4880.0,6640.0,3507.8,-1.642
4960.0,6640.0,3509.7,-0.933
5040.0,6640.0,3502.7,-1.576
5120.0,6640.0,3502.6,-1.326
5200.0,6640.0,3504.2,-0.592
5280.0,6640.0,3501.4,-0.717
5360.0,6640.0,3501.8,-0.59
5440.0,6640.0,3501.9,-1.176
5520.0,6640.0,3500.6,-0.872
5600.0,6640.0,3498.5,-0.875
5680.0,6640.0,3490.3,-1.353
5760.0,6640.0,3498.1,-0.968
5840.0,6640.0,3490.0,-0.898
5920.0,6640.0,3494.5,-1.255
6000.0,6640.0,3489.4,-1.389
6080.0,6640.0,3493.4,-1.374
6160.0,6640.0,3486.4,-1.77
6240.0,6640.0,3485.0,-1.852
6320.0,6640.0,3486.0,-1.473
6400.0,6640.0,3491.5,-1.165
6480.0,6640.0,3490.3,-1.083
6560.0,6640.0,3486.8,-1.282
6640.0,6640.0,3492.8,-1.3
6720.0,6640.0,3490.5,-1.736
6800.0,6640.0,3487.1,-1.149
6880.0,6640.0,3482.8,-1.784
6960.0,6640.0,3490.2,-0.873
7040.0,6640.0,3490.6,-1.007
7120.0,6640.0,3489.6,-1.184
7200.0,6640.0,3492.3,-0.849
7280.0,6640.0,3484.9,-0.853
7360.0,6640.0,3497.1,-0.502
7440.0,6640.0,3497.1,-0.344
7520.0,6640.0,3492.5,-0.034
7600.0,6640.0,3497.8,-0.262
7680.0,6640.0,3505.1,-0.28
7760.0,6640.0,3504.6,-0.412
7840.0,6640.0,3503.4,-0.154
7920.0,6640.0,3507.3,0.255
8000.0,6640.0,3513.0,-0.29
8080.0,6640.0,3517.5,-0.508
8160.0,6640.0,3516.1,-0.012
8240.0,6640.0,3516.7,-0.3
8320.0,6640.0,3523.3,-0.007
8400.0,6640.0,3530.9,0.343
8480.0,6640.0,3527.4,0.726
8560.0,6640.0,3531.9,0.471
8640.0,6640.0,3538.6,0.298
8720.0,6640.0,3543.9,0.057
8800.0,6640.0,3542.2,0.241
8880.0,6640.0,3550.4,0.329
8960.0,6640.0,3558.3,0.772
9040.0,6640.0,3564.1,0.317
9120.0,6640.0,3568.3,0.086
9200.0,6640.0,3566.9,0.135
9280.0,6640.0,3572.3,-0.102
9360.0,6640.0,3573.5,-0.381
9440.0,6640.0,3579.8,-0.048
9520.0,6640.0,3576.5,0.677
9600.0,6640.0,3580.0,0.331
9680.0,6640.0,3587.9,0.244
9760.0,6640.0,3593.1,0.111
9840.0,6640.0,3591.7,0.206
9920.0,6640.0,3592.6,-0.149
10000.0,6640.0,3593.6,0.435
10080.0,6640.0,3601.4,0.099
10160.0,6640.0,3600.2,0.864
10240.0,6640.0,3600.0,0.601
10320.0,6640.0,3604.6,0.314
10400.0,6640.0,3601.9,0.148
0.0,6720.0,3524.8,1.037
80.0,6720.0,3521.5,1.091
160.0,6720.0,3524.9,1.346
240.0,6720.0,3523.0,0.474
320.0,6720.0,3527.9,0.671
400.0,6720.0,3527.5,0.246
480.0,6720.0,3522.6,0.047
560.0,6720.0,3525.9,-0.15
640.0,6720.0,3527.3,0.074
720.0,6720.0,3527.8,0.058
800.0,6720.0,3523.4,0.123
880.0,6720.0,3532.1,-0.261
960.0,6720.0,3526.4,-0.271
1040.0,6720.0,3529.4,-0.343
1120.0,6720.0,3524.0,-0.225
1200.0,6720.0,3529.7,-0.425
1280.0,6720.0,3531.0,-0.353
1360.0,6720.0,3533.1,-0.308
1440.0,6720.0,3531.4,-0.439
1520.0,6720.0,3531.0,-0.545
1600.0,6720.0,3528.1,-0.246
1680.0,6720.0,3533.1,-0.369
1760.0,6720.0,3532.8,-0.09
1840.0,6720.0,3533.2,-0.328
1920.0,6720.0,3531.3,0.06
2000.0,6720.0,3534.0,0.15
2080.0,6720.0,3534.3,0.202
2160.0,6720.0,3532.2,0.004
2240.0,6720.0,3532.5,-0.344
2320.0,6720.0,3529.9,-0.478
2400.0,6720.0,3530.9,-0.824
2480.0,6720.0,3528.6,-0.489
2560.0,6720.0,3533.0,-0.496
2640.0,6720.0,3528.7,-0.47
2720.0,6720.0,3529.8,-0.763
2800.0,6720.0,3525.2,-0.539
2880.0,6720.0,3526.4,-0.444
2960.0,6720.0,3530.7,0.039
3040.0,6720.0,3525.8,0.322
3120.0,6720.0,3525.7,0.008
3200.0,6720.0,3531.1,-0.032
3280.0,6720.0,3528.1,-0.068
3360.0,6720.0,3523.1,-0.341
3440.0,6720.0,3520.4,-0.702
3520.0,6720.0,3522.8,-0.823
3600.0,6720.0,3525.0,-0.506
3680.0,6720.0,3521.0,-0.783
3760.0,6720.0,3523.3,-1.068
3840.0,6720.0,3519.0,-0.734
3920.0,6720.0,3517.3,-0.696
4000.0,6720.0,3520.9,-0.213
4080.0,6720.0,3513.6,-0.401
4160.0,6720.0,3520.1,-0.312
4240.0,6720.0,3516.5,-0.406
4320.0,6720.0,3515.3,-0.257
4400.0,6720.0,3516.3,-0.837
4480.0,6720.0,3514.4,0.158
4560.0,6720.0,3511.9,-0.922
4640.0,6720.0,3512.4,-0.887
4720.0,6720.0,3509.5,-1.263
4800.0,6720.0,3510.7,-1.286
4880.0,6720.0,3508.5,-1.582
4960.0,6720.0,3501.4,-1.437
5040.0,6720.0,3506.5,-1.684
5120.0,6720.0,3507.1,-1.06
5200.0,6720.0,3509.9,-0.962
5280.0,6720.0,3501.0,-1.2
5360.0,6720.0,3504.3,-0.859
5440.0,6720.0,3501.0,-1.16
5520.0,6720.0,3501.2,-0.994
5600.0,6720.0,3504.4,-1.221
5680.0,6720.0,3496.9,-1.143
5760.0,6720.0,3497.7,-0.991
5840.0,6720.0,3498.7,-0.798
5920.0,6720.0,3497.6,-0.998
6000.0,6720.0,3495.9,-1.018
6080.0,6720.0,3492.7,-1.407
6160.0,6720.0,3488.1,-1.753
6240.0,6720.0,3493.1,-1.493
6320.0,6720.0,3493.4,-1.232
6400.0,6720.0,3490.3,-1.495
6480.0,6720.0,3487.8,-1.003
6560.0,6720.0,3490.8,-1.433
6640.0,6720.0,3486.8,-1.456
6720.0,6720.0,3492.3,-1.48
6800.0,6720.0,3491.2,-1.518
6880.0,6720.0,3495.8,-1.275
6960.0,6720.0,3490.9,-1.293
7040.0,6720.0,3492.9,-1.327
7120.0,6720.0,3497.5,-0.89
7200.0,6720.0,3490.9,-1.371
7280.0,6720.0,3500.3,-0.844
7360.0,6720.0,3495.6,-1.087
7440.0,6720.0,3498.7,-0.525
7520.0,6720.0,3494.5,-0.504
7600.0,6720.0,3498.0,-0.278
7680.0,6720.0,3502.0,-0.356
7760.0,6720.0,3501.3,-0.406
7840.0,6720.0,3514.0,0.242
7920.0,6720.0,3503.6,0.15
8000.0,6720.0,3505.9,0.021
8080.0,6720.0,3515.6,-0.184
8160.0,6720.0,3519.0,-0.66
8240.0,6720.0,3521.9,0.034
8320.0,6720.0,3519.7,0.165
8400.0,6720.0,3528.1,0.239
8480.0,6720.0,3525.8,0.233
8560.0,6720.0,3536.2,0.343
8640.0,6720.0,3536.9,0.442
8720.0,6720.0,3542.9,0.802
8800.0,6720.0,3548.6,0.22
8880.0,6720.0,3549.3,0.158
8960.0,6720.0,3555.3,0.422
9040.0,6720.0,3556.7,0.261
9120.0,6720.0,3567.3,0.4
9200.0,6720.0,3564.7,-0.228
9280.0,6720.0,3566.3,-0.312
9360.0,6720.0,3573.4,-0.126
9440.0,6720.0,3572.5,-0.415
9520.0,6720.0,3582.1,0.291
9600.0,6720.0,3580.0,-0.032
9680.0,6720.0,3584.2,0.219
9760.0,6720.0,3592.3,0.24
9840.0,6720.0,3593.8,0.697
9920.0,6720.0,3589.1,-0.23
10000.0,6720.0,3598.4,0.653
10080.0,6720.0,3599.1,0.334
10160.0,6720.0,3594.7,0.818
10240.0,6720.0,3602.2,0.68
10320.0,6720.0,3602.2,0.417
10400.0,6720.0,3598.2,0.403
0.0,6800.0,3529.6,1.157
80.0,6800.0,3521.2,0.637
160.0,6800.0,3527.6,0.968
240.0,6800.0,3524.3,0.813
320.0,6800.0,3522.4,0.435
400.0,6800.0,3525.2,0.643
480.0,6800.0,3526.4,-0.921
560.0,6800.0,3530.3,0.258
640.0,6800.0,3525.0,0.511
720.0,6800.0,3527.8,0.213
800.0,6800.0,3524.7,-0.502
880.0,6800.0,3530.1,-0.407
960.0,6800.0,3532.2,0.184
1040.0,6800.0,3531.1,-0.13
1120.0,6800.0,3533.1,-0.344
1200.0,6800.0,3527.8,-0.452
1280.0,6800.0,3532.5,-0.889
1360.0,6800.0,3534.0,-0.814
1440.0,6800.0,3531.0,-0.807
1520.0,6800.0,3528.3,-0.185
1600.0,6800.0,3534.0,-0.323
1680.0,6800.0,3534.9,-0.474
1760.0,6800.0,3531.8,-0.368
1840.0,6800.0,3532.7,-0.213
1920.0,6800.0,3530.7,-0.179
2000.0,6800.0,3534.6,0.117
2080.0,6800.0,3534.8,-0.018
2160.0,6800.0,3532.2,-0.13
2240.0,6800.0,3528.6,-0.365
2320.0,6800.0,3533.9,-0.605
2400.0,6800.0,3528.4,-0.445
2480.0,6800.0,3529.2,-0.832
2560.0,6800.0,3536.0,-0.122
2640.0,6800.0,3525.1,-0.539
2720.0,6800.0,3529.4,-0.369
2800.0,6800.0,3532.7,-0.597
2880.0,6800.0,3528.6,-0.28
2960.0,6800.0,3531.4,-0.156
3040.0,6800.0,3526.5,0.193
3120.0,6800.0,3526.0,0.174
3200.0,6800.0,3528.0,0.12
3280.0,6800.0,3521.5,-0.038
3360.0,6800.0,3526.0,-0.179
3440.0,6800.0,3531.2,-0.183
3520.0,6800.0,3529.6,-0.366
3600.0,6800.0,3524.7,-0.913
3680.0,6800.0,3529.3,-0.713
3760.0,6800.0,3520.2,-0.613
3840.0,6800.0,3520.7,-0.771
3920.0,6800.0,3521.4,-0.143
4000.0,6800.0,3521.8,0.523
4080.0,6800.0,3520.6,-0.176
4160.0,6800.0,3516.4,-0.599
4240.0,6800.0,3521.5,-0.627
4320.0,6800.0,3516.0,-0.236
4400.0,6800.0,3518.2,-0.114
4480.0,6800.0,3513.8,-0.51
4560.0,6800.0,3515.3,-0.283
4640.0,6800.0,3512.1,-0.915
4720.0,6800.0,3509.1,-0.992
4800.0,6800.0,3508.7,-1.166
4880.0,6800.0,3512.4,-1.97
4960.0,6800.0,3509.0,-1.459
5040.0,6800.0,3505.2,-1.576
5120.0,6800.0,3505.7,-1.636
5200.0,6800.0,3511.3,-1.294
5280.0,6800.0,3510.2,-1.106
5360.0,6800.0,3507.3,-1.15
5440.0,6800.0,3505.2,-0.992
5520.0,6800.0,3503.0,-1.323
5600.0,6800.0,3498.8,-1.18
5680.0,6800.0,3501.7,-1.196
5760.0,6800.0,3499.8,-1.075
5840.0,6800.0,3498.7,-1.1
5920.0,6800.0,3500.2,-1.379
6000.0,6800.0,3496.3,-0.761
6080.0,6800.0,3501.3,-1.398
6160.0,6800.0,3492.6,-1.596
6240.0,6800.0,3491.1,-1.387
6320.0,6800.0,3490.3,-1.568
6400.0,6800.0,3489.8,-1.261
6480.0,6800.0,3490.4,-1.079
6560.0,6800.0,3494.8,-0.797
6640.0,6800.0,3494.8,-1.311
6720.0,6800.0,3494.1,-1.326
6800.0,6800.0,3493.1,-1.588
6880.0,6800.0,3490.3,-1.074
6960.0,6800.0,3489.7,-1.213
7040.0,6800.0,3490.6,-0.847
7120.0,6800.0,3499.2,-1.026
7200.0,6800.0,3490.9,-1.136
7280.0,6800.0,3500.3,-0.776
7360.0,6800.0,3492.9,-1.282
7440.0,6800.0,3498.0,-0.526
7520.0,6800.0,3500.5,-0.506
7600.0,6800.0,3499.9,-0.273
7680.0,6800.0,3500.7,0.031
7760.0,6800.0,3507.4,-0.547
7840.0,6800.0,3504.2,-0.251
7920.0,6800.0,3514.4,-0.353
8000.0,6800.0,3514.4,0.526
8080.0,6800.0,3518.9,0.003
8160.0,6800.0,3513.9,0.021
8240.0,6800.0,3518.8,-0.198
8320.0,6800.0,3528.5,0.013
8400.0,6800.0,3526.6,0.094
8480.0,6800.0,3528.6,-0.123
8560.0,6800.0,3531.0,0.092
8640.0,6800.0,3537.2,-0.036
8720.0,6800.0,3544.5,0.129
8800.0,6800.0,3545.6,0.311
8880.0,6800.0,3554.5,0.173
8960.0,6800.0,3552.6,0.397
9040.0,6800.0,3554.4,0.239
9120.0,6800.0,3559.1,-0.23
9200.0,6800.0,3562.6,-0.209
9280.0,6800.0,3567.3,-0.47
9360.0,6800.0,3574.0,0.146
9440.0,6800.0,3578.1,-0.21
9520.0,6800.0,3578.7,-0.06
9600.0,6800.0,3581.9,0.347
9680.0,6800.0,3582.4,0.516
9760.0,6800.0,3590.7,0.313
9840.0,6800.0,3589.0,0.021
9920.0,6800.0,3593.3,-0.009
10000.0,6800.0,3592.9,0.103
10080.0,6800.0,3600.4,0.25
10160.0,6800.0,3604.1,0.423
10240.0,6800.0,3602.1,0.972
10320.0,6800.0,3600.2,0.39
10400.0,6800.0,3599.4,0.257
0.0,6880.0,3518.2,0.722
80.0,6880.0,3523.1,0.752
160.0,6880.0,3528.6,0.336
240.0,6880.0,3529.1,0.485
320.0,6880.0,3527.0,0.391
400.0,6880.0,3525.1,0.243
480.0,6880.0,3526.0,-0.073
560.0,6880.0,3523.6,-0.027
640.0,6880.0,3527.5,0.045
720.0,6880.0,3524.9,-0.048
800.0,6880.0,3525.8,-0.192
880.0,6880.0,3531.4,0.291
960.0,6880.0,3528.3,-0.063
1040.0,6880.0,3533.7,-0.358
1120.0,6880.0,3532.1,-0.427
1200.0,6880.0,3533.7,-0.505
1280.0,6880.0,3532.0,-0.508
1360.0,6880.0,3531.9,-1.118
1440.0,6880.0,3534.4,-1.085
1520.0,6880.0,3526.2,-0.739
1600.0,6880.0,3533.2,-0.81
1680.0,6880.0,3530.4,-0.682
1760.0,6880.0,3531.4,-0.459
1840.0,6880.0,3528.0,-0.075
1920.0,6880.0,3533.3,-0.685
2000.0,6880.0,3535.0,-0.427
2080.0,6880.0,3530.5,-0.016
2160.0,6880.0,3528.2,-0.085
2240.0,6880.0,3530.8,-0.768
2320.0,6880.0,3526.3,-0.197
2400.0,6880.0,3540.0,-0.529
2480.0,6880.0,3534.3,-0.517
2560.0,6880.0,3533.4,-0.11
2640.0,6880.0,3534.4,-0.456
2720.0,6880.0,3532.3,-0.718
2800.0,6880.0,3525.9,-0.48
2880.0,6880.0,3528.9,-0.634
2960.0,6880.0,3529.2,-0.106
3040.0,6880.0,3534.5,0.065
3120.0,6880.0,3529.5,0.345
3200.0,6880.0,3533.3,-0.132
3280.0,6880.0,3524.8,-0.497
3360.0,6880.0,3524.6,-0.45
3440.0,6880.0,3519.5,-0.431
3520.0,6880.0,3526.1,-0.497
3600.0,6880.0,3517.0,-0.321
3680.0,6880.0,3524.5,-0.429
3760.0,6880.0,3519.5,-0.316
3840.0,6880.0,3521.3,-0.152
3920.0,6880.0,3514.3,-0.456
4000.0,6880.0,3520.8,-0.401
4080.0,6880.0,3516.9,-0.068
4160.0,6880.0,3514.2,0.177
4240.0,6880.0,3517.8,-0.193
4320.0,6880.0,3518.1,-0.052
4400.0,6880.0,3514.4,-0.221
4480.0,6880.0,3518.5,-0.396
4560.0,6880.0,3509.2,-0.416
4640.0,6880.0,3513.1,-0.324
4720.0,6880.0,3517.9,-1.256
4800.0,6880.0,3508.8,-1.407
4880.0,6880.0,3512.5,-1.431
4960.0,6880.0,3508.6,-1.416
5040.0,6880.0,3512.6,-1.742
5120.0,6880.0,3506.5,-1.47
5200.0,6880.0,3510.4,-1.227
5280.0,6880.0,3509.3,-1.328
5360.0,6880.0,3502.6,-1.178
5440.0,6880.0,3506.5,-0.923
5520.0,6880.0,3500.4,-0.709
5600.0,6880.0,3501.9,-1.382
5680.0,6880.0,3499.4,-0.887
5760.0,6880.0,3505.0,-1.079
5840.0,6880.0,3494.9,-1.165
5920.0,6880.0,3501.5,-1.186
6000.0,6880.0,3493.3,-1.194
6080.0,6880.0,3499.6,-1.404
6160.0,6880.0,3495.6,-1.096
6240.0,6880.0,3496.3,-1.205
6320.0,6880.0,3491.7,-1.23
6400.0,6880.0,3501.7,-1.025
6480.0,6880.0,3493.0,-1.102
6560.0,6880.0,3492.6,-1.251
6640.0,6880.0,3492.1,-1.421
6720.0,6880.0,3497.2,-1.505
6800.0,6880.0,3494.6,-1.309
6880.0,6880.0,3493.9,-1.328
6960.0,6880.0,3497.9,-1.169
7040.0,6880.0,3495.2,-1.275
7120.0,6880.0,3494.9,-0.995
7200.0,6880.0,3495.3,-0.88
7280.0,6880.0,3495.6,-1.064
7360.0,6880.0,3501.1,-0.755
7440.0,6880.0,3500.9,-0.875
7520.0,6880.0,3499.7,-0.309
7600.0,6880.0,3505.0,-0.541
7680.0,6880.0,3503.5,-0.627
7760.0,6880.0,3504.8,-0.716
7840.0,6880.0,3501.7,-0.545
7920.0,6880.0,3517.0,-0.382
8000.0,6880.0,3514.3,-0.074
8080.0,6880.0,3509.6,-0.471
8160.0,6880.0,3519.4,-0.009
8240.0,6880.0,3519.6,-0.279
8320.0,6880.0,3529.9,-0.352
8400.0,6880.0,3530.5,-0.42
8480.0,6880.0,3536.7,-0.218
8560.0,6880.0,3534.2,-0.335
8640.0,6880.0,3532.6,0.11
8720.0,6880.0,3539.8,0.185
8800.0,6880.0,3545.7,0.077
8880.0,6880.0,3548.9,0.006
8960.0,6880.0,3552.4,-0.062
9040.0,6880.0,3554.1,-0.272
9120.0,6880.0,3555.5,0.068
9200.0,6880.0,3558.9,-0.077
9280.0,6880.0,3568.7,0.038
9360.0,6880.0,3573.6,0.118
9440.0,6880.0,3577.2,0.006
9520.0,6880.0,3576.9,-0.02
9600.0,6880.0,3585.1,-0.205
9680.0,6880.0,3591.6,0.542
9760.0,6880.0,3585.6,0.098
9840.0,6880.0,3586.7,0.224
9920.0,6880.0,3591.5,-0.121
10000.0,6880.0,3593.2,0.162
10080.0,6880.0,3596.7,0.553
10160.0,6880.0,3595.8,0.411
10240.0,6880.0,3594.7,0.962
10320.0,6880.0,3599.3,0.184
10400.0,6880.0,3605.8,0.397
0.0,6960.0,3519.8,0.245
80.0,6960.0,3519.3,0.441
160.0,6960.0,3519.7,0.569
240.0,6960.0,3523.2,0.149
320.0,6960.0,3521.9,0.124
400.0,6960.0,3532.0,0.204
480.0,6960.0,3525.9,-0.098
560.0,6960.0,3530.6,0.546
640.0,6960.0,3528.4,0.08
720.0,6960.0,3530.4,0.36
800.0,6960.0,3529.3,0.091
880.0,6960.0,3527.4,0.165
960.0,6960.0,3532.2,-0.412
1040.0,6960.0,3533.8,-0.165
1120.0,6960.0,3533.2,0.001
1200.0,6960.0,3533.4,-0.634
1280.0,6960.0,3535.9,-0.876
1360.0,6960.0,3528.0,-0.697
1440.0,6960.0,3537.4,-0.682
1520.0,6960.0,3533.6,-0.928
1600.0,6960.0,3534.5,-0.295
1680.0,6960.0,3538.7,-0.678
1760.0,6960.0,3530.0,-0.327
1840.0,6960.0,3534.8,-0.261
1920.0,6960.0,3528.7,-0.68
2000.0,6960.0,3528.4,-0.497
2080.0,6960.0,3529.5,0.145
2160.0,6960.0,3531.0,-0.218
2240.0,6960.0,3531.8,0.001
2320.0,6960.0,3530.5,-0.259
2400.0,6960.0,3530.4,0.083
2480.0,6960.0,3532.8,-0.01
2560.0,6960.0,3526.3,-0.183
2640.0,6960.0,3526.9,-0.279
2720.0,6960.0,3533.1,-0.644
2800.0,6960.0,3530.0,-0.113
2880.0,6960.0,3527.2,-0.418
2960.0,6960.0,3525.0,0.119
3040.0,6960.0,3525.1,0.162
3120.0,6960.0,3523.8,0.325
3200.0,6960.0,3523.8,-0.013
3280.0,6960.0,3531.4,-0.069
3360.0,6960.0,3522.4,-0.234
3440.0,6960.0,3525.1,-0.505
3520.0,6960.0,3528.8,-0.521
3600.0,6960.0,3523.2,-0.369
3680.0,6960.0,3528.1,-0.288
3760.0,6960.0,3527.0,-0.294
3840.0,6960.0,3523.0,-0.156
3920.0,6960.0,3518.4,-0.537
4000.0,6960.0,3517.5,-0.764
4080.0,6960.0,3517.3,-0.097
4160.0,6960.0,3511.8,-0.551
4240.0,6960.0,3511.7,-0.004
4320.0,6960.0,3517.7,-0.499
4400.0,6960.0,3517.4,0.001
4480.0,6960.0,3518.7,-0.762
4560.0,6960.0,3516.6,-0.835
4640.0,6960.0,3512.9,-1.092
4720.0,6960.0,3514.4,-1.126
4800.0,6960.0,3516.3,-1.338
4880.0,6960.0,3510.7,-1.739
4960.0,6960.0,3508.8,-1.23
5040.0,6960.0,3517.8,-1.337
5120.0,6960.0,3511.7,-1.377
5200.0,6960.0,3508.7,-1.384
5280.0,6960.0,3509.7,-1.098
5360.0,6960.0,3509.9,-0.846
5440.0,6960.0,3508.8,-1.186
5520.0,6960.0,3507.4,-1.015
5600.0,6960.0,3507.2,-0.995
5680.0,6960.0,3506.8,-0.552
5760.0,6960.0,3504.8,-0.765
5840.0,6960.0,3508.1,-0.842
5920.0,6960.0,3498.4,-1.341
6000.0,6960.0,3505.1,-1.183
6080.0,6960.0,3499.5,-1.157
6160.0,6960.0,3495.1,-1.211
6240.0,6960.0,3500.1,-1.517
6320.0,6960.0,3498.1,-0.941
6400.0,6960.0,3493.1,-1.522
6480.0,6960.0,3498.5,-1.21
6560.0,6960.0,3495.9,-1.758
6640.0,6960.0,3496.7,-1.232
6720.0,6960.0,3494.9,-1.497
6800.0,6960.0,3492.6,-0.812
6880.0,6960.0,3497.1,-1.093
6960.0,6960.0,3495.8,-1.279
7040.0,6960.0,3496.0,-1.13
7120.0,6960.0,3495.0,-1.117
7200.0,6960.0,3487.7,-1.026
7280.0,6960.0,3497.3,-0.766
7360.0,6960.0,3496.8,-0.596
7440.0,6960.0,3500.6,-0.05
7520.0,6960.0,3503.5,-0.381
7600.0,6960.0,3497.3,-0.25
7680.0,6960.0,3499.1,-0.567
7760.0,6960.0,3504.9,-0.738
7840.0,6960.0,3515.2,-0.777
7920.0,6960.0,3508.8,-0.135
8000.0,6960.0,3516.7,-0.096
8080.0,6960.0,3515.2,-0.362
8160.0,6960.0,3515.6,0.165
8240.0,6960.0,3517.2,0.078
8320.0,6960.0,3526.8,-0.207
8400.0,6960.0,3523.7,0.337
8480.0,6960.0,3532.6,0.148
8560.0,6960.0,3537.0,-0.234
8640.0,6960.0,3538.5,-0.24
8720.0,6960.0,3544.0,0.191
8800.0,6960.0,3542.8,0.048
8880.0,6960.0,3549.8,-0.612
8960.0,6960.0,3556.2,0.237
9040.0,6960.0,3555.6,0.194
9120.0,6960.0,3563.3,0.291
9200.0,6960.0,3559.7,-0.023
9280.0,6960.0,3564.0,-0.176
9360.0,6960.0,3564.0,-0.227
9440.0,6960.0,3570.1,-0.434
9520.0,6960.0,3585.2,0.358
9600.0,6960.0,3573.5,0.318
9680.0,6960.0,3584.8,0.316
9760.0,6960.0,3586.8,-0.078
9840.0,6960.0,3587.3,-0.421
9920.0,6960.0,3589.9,-0.073
10000.0,6960.0,3597.8,0.452
10080.0,6960.0,3590.2,-0.081
10160.0,6960.0,3592.7,0.265
10240.0,6960.0,3597.5,0.05
10320.0,6960.0,3599.1,0.199
10400.0,6960.0,3597.8,0.32
0.0,7040.0,3524.4,0.284
80.0,7040.0,3520.7,0.527
160.0,7040.0,3531.1,0.736
240.0,7040.0,3524.9,0.37
320.0,7040.0,3523.1,-0.063
400.0,7040.0,3527.6,0.22
480.0,7040.0,3527.2,-0.465
560.0,7040.0,3529.0,0.246
640.0,7040.0,3530.7,-0.306
720.0,7040.0,3534.8,0.166
800.0,7040.0,3530.3,0.197
880.0,7040.0,3535.1,-0.009
960.0,7040.0,3532.6,-0.264
1040.0,7040.0,3529.0,0.067
1120.0,7040.0,3531.5,-0.505
1200.0,7040.0,3531.5,-0.453
1280.0,7040.0,3535.3,-0.605
1360.0,7040.0,3531.1,-0.679
1440.0,7040.0,3535.5,-0.366
1520.0,7040.0,3539.5,-0.646
1600.0,7040.0,3532.2,-0.348
1680.0,7040.0,3533.8,-0.399
1760.0,7040.0,3529.5,-0.683
1840.0,7040.0,3536.5,-0.275
1920.0,7040.0,3533.8,-0.95
2000.0,7040.0,3532.8,0.042
2080.0,7040.0,3531.4,-0.218
2160.0,7040.0,3534.0,-0.286
2240.0,7040.0,3526.1,-0.477
2320.0,7040.0,3532.7,0.316
2400.0,7040.0,3527.3,-0.398
2480.0,7040.0,3528.4,-0.421
2560.0,7040.0,3533.3,-0.278
2640.0,7040.0,3532.6,0.007
2720.0,7040.0,3531.4,-0.112
2800.0,7040.0,3533.0,0.093
2880.0,7040.0,3527.3,-0.05
2960.0,7040.0,3526.2,0.208
3040.0,7040.0,3531.3,0.458
3120.0,7040.0,3529.4,0.398
3200.0,7040.0,3526.4,-0.187
3280.0,7040.0,3522.5,-0.253
3360.0,7040.0,3522.5,0.181
3440.0,7040.0,3523.2,-0.066
3520.0,7040.0,3521.7,-0.111
3600.0,7040.0,3524.4,-0.915
3680.0,7040.0,3519.6,-0.24
3760.0,7040.0,3518.4,-0.327
3840.0,7040.0,3521.7,-0.468
3920.0,7040.0,3526.6,-0.245
4000.0,7040.0,3526.6,-0.25
4080.0,7040.0,3522.9,0.152
4160.0,7040.0,3520.6,-0.208
4240.0,7040.0,3521.3,-0.161
4320.0,7040.0,3517.6,-0.288
4400.0,7040.0,3519.3,0.062
4480.0,7040.0,3519.6,-0.287
4560.0,7040.0,3517.7,-0.248
4640.0,7040.0,3514.3,-0.731
4720.0,7040.0,3514.9,-0.754
4800.0,7040.0,3509.6,-1.435
4880.0,7040.0,3516.1,-0.913
4960.0,7040.0,3514.9,-1.245
5040.0,7040.0,3511.2,-0.933
5120.0,7040.0,3514.5,-0.728
5200.0,7040.0,3508.1,-1.38
5280.0,7040.0,3513.3,-1.016
5360.0,7040.0,3507.0,-0.794
5440.0,7040.0,3507.3,-0.601
5520.0,7040.0,3508.0,-1.007
5600.0,7040.0,3507.0,-0.907
5680.0,7040.0,3508.4,-0.94
5760.0,7040.0,3504.4,-0.962
5840.0,7040.0,3507.1,-0.378
5920.0,7040.0,3498.3,-1.292
6000.0,7040.0,3504.2,-1.2
6080.0,7040.0,3500.2,-1.143
6160.0,7040.0,3499.0,-0.836
6240.0,7040.0,3502.6,-0.957
6320.0,7040.0,3497.4,-1.251
6400.0,7040.0,3498.3,-1.107
6480.0,7040.0,3499.0,-1.59
6560.0,7040.0,3500.8,-1.593
6640.0,7040.0,3500.7,-1.449
6720.0,7040.0,3499.4,-1.54
6800.0,7040.0,3498.7,-0.778
6880.0,7040.0,3502.7,-1.003
6960.0,7040.0,3500.4,-1.548
7040.0,7040.0,3494.5,-1.496
7120.0,7040.0,3499.2,-0.861
7200.0,7040.0,3499.6,-0.914
7280.0,7040.0,3500.7,-0.703
7360.0,7040.0,3498.4,-0.841
7440.0,7040.0,3495.6,-0.445
7520.0,7040.0,3498.1,-0.588
7600.0,7040.0,3504.7,-0.762
7680.0,7040.0,3507.1,-0.244
7760.0,7040.0,3506.3,-0.349
7840.0,7040.0,3515.2,-0.78
7920.0,7040.0,3512.8,-0.465
8000.0,7040.0,3512.4,0.206
8080.0,7040.0,3517.3,0.04
8160.0,7040.0,3518.5,-0.38
8240.0,7040.0,3522.3,-0.27
8320.0,7040.0,3521.4,-0.556
8400.0,7040.0,3527.2,0.096
8480.0,7040.0,3525.8,0.059
8560.0,7040.0,3532.1,0.338
8640.0,7040.0,3537.4,-0.07
8720.0,7040.0,3537.7,0.306
8800.0,7040.0,3545.2,-0.189
8880.0,7040.0,3546.3,-0.407
8960.0,7040.0,3550.1,-0.167
9040.0,7040.0,3549.3,-0.078
9120.0,7040.0,3560.6,-0.053
9200.0,7040.0,3562.7,-0.025
9280.0,7040.0,3561.4,0.014
9360.0,7040.0,3566.1,-0.228
9440.0,7040.0,3572.0,-0.314
9520.0,7040.0,3580.3,0.046
9600.0,7040.0,3578.3,-0.178
9680.0,7040.0,3583.6,0.181
9760.0,7040.0,3584.8,-0.03
9840.0,7040.0,3589.7,0.08
9920.0,7040.0,3587.5,-0.278
10000.0,7040.0,3587.1,0.077
10080.0,7040.0,3594.2,-0.476
10160.0,7040.0,3596.5,0.223
10240.0,7040.0,3599.8,0.156
10320.0,7040.0,3596.2,0.499
10400.0,7040.0,3598.2,0.514
0.0,7120.0,3528.3,1.181
80.0,7120.0,3523.1,0.538
160.0,7120.0,3533.1,0.642
240.0,7120.0,3530.5,0.386
320.0,7120.0,3530.0,-0.176
400.0,7120.0,3527.9,0.097
480.0,7120.0,3530.1,-0.228
560.0,7120.0,3531.2,-0.341
640.0,7120.0,3531.0,0.193
720.0,7120.0,3526.8,-0.101
800.0,7120.0,3533.6,0.214
880.0,7120.0,3534.7,-0.068
960.0,7120.0,3529.1,-0.196
1040.0,7120.0,3525.3,-0.27
1120.0,7120.0,3532.4,-0.59
1200.0,7120.0,3528.0,-1.009
1280.0,7120.0,3532.7,-0.81
1360.0,7120.0,3529.3,-0.47
1440.0,7120.0,3536.6,-0.615
1520.0,7120.0,3541.9,-0.64
1600.0,7120.0,3537.8,-0.357
1680.0,7120.0,3536.0,-0.349
1760.0,7120.0,3533.9,-0.073
1840.0,7120.0,3534.0,-0.431
1920.0,7120.0,3535.8,-0.248
2000.0,7120.0,3528.4,-0.061
2080.0,7120.0,3533.1,-0.05
2160.0,7120.0,3533.6,-0.003
2240.0,7120.0,3528.4,0.007
2320.0,7120.0,3529.6,-0.45
2400.0,7120.0,3529.4,0.104
2480.0,7120.0,3525.2,-0.104
2560.0,7120.0,3531.9,-0.366
2640.0,7120.0,3524.3,-0.292
2720.0,7120.0,3528.5,-0.109
2800.0,7120.0,3531.9,0.293
2880.0,7120.0,3527.9,-0.076
2960.0,7120.0,3526.8,0.545
3040.0,7120.0,3527.9,-0.087
3120.0,7120.0,3525.6,-0.012
3200.0,7120.0,3525.3,0.102
3280.0,7120.0,3524.8,0.221
3360.0,7120.0,3519.9,-0.284
3440.0,7120.0,3526.1,-0.005
3520.0,7120.0,3523.2,0.191
3600.0,7120.0,3522.4,-0.272
3680.0,7120.0,3522.0,-0.539
3760.0,7120.0,3519.1,-0.768
3840.0,7120.0,3522.8,-0.3
3920.0,7120.0,3521.2,-0.43
4000.0,7120.0,3521.2,0.034
4080.0,7120.0,3520.3,-0.036
4160.0,7120.0,3522.1,0.008
4240.0,7120.0,3523.9,0.325
4320.0,7120.0,3513.3,0.228
4400.0,7120.0,3518.3,-0.21
4480.0,7120.0,3513.2,-0.621
4560.0,7120.0,3520.9,-0.482
4640.0,7120.0,3515.4,-0.791
4720.0,7120.0,3520.3,-0.775
4800.0,7120.0,3517.2,-0.804
4880.0,7120.0,3507.5,-0.763
4960.0,7120.0,3516.8,-1.413
5040.0,7120.0,3509.5,-0.893
5120.0,7120.0,3512.2,-0.89
5200.0,7120.0,3515.2,-1.043
5280.0,7120.0,3505.9,-0.599
5360.0,7120.0,3514.9,-0.418
5440.0,7120.0,3505.3,-0.938
5520.0,7120.0,3504.4,-0.693
5600.0,7120.0,3510.4,-0.417
5680.0,7120.0,3505.4,-0.65
5760.0,7120.0,3508.1,-0.56
5840.0,7120.0,3504.9,-0.807
5920.0,7120.0,3509.9,-0.466
6000.0,7120.0,3506.7,-0.965
6080.0,7120.0,3502.2,-1.144
6160.0,7120.0,3505.7,-1.501
6240.0,7120.0,3500.2,-1.215
6320.0,7120.0,3495.6,-1.137
6400.0,7120.0,3500.4,-1.608
6480.0,7120.0,3500.1,-1.508
6560.0,7120.0,3497.1,-1.418
6640.0,7120.0,3497.4,-1.564
6720.0,7120.0,3504.1,-0.853
6800.0,7120.0,3497.8,-1.132
6880.0,7120.0,3500.8,-0.827
6960.0,7120.0,3500.5,-1.112
7040.0,7120.0,3499.7,-0.799
7120.0,7120.0,3495.9,-0.803
7200.0,7120.0,3502.8,-0.717
7280.0,7120.0,3507.4,-0.919
7360.0,7120.0,3500.4,-1.074
7440.0,7120.0,3506.1,-0.817
7520.0,7120.0,3501.8,-0.077
7600.0,7120.0,3500.6,0.051
7680.0,7120.0,3503.5,-0.188
7760.0,7120.0,3502.1,0.026
7840.0,7120.0,3506.5,-0.193
7920.0,7120.0,3516.7,-0.47
8000.0,7120.0,3519.1,-0.328
8080.0,7120.0,3521.5,-0.061
8160.0,7120.0,3516.3,-0.235
8240.0,7120.0,3517.0,-0.114
8320.0,7120.0,3526.1,0.002
8400.0,7120.0,3525.3,0.156
8480.0,7120.0,3533.0,-0.083
8560.0,7120.0,3529.5,0.181
8640.0,7120.0,3530.7,0.069
8720.0,7120.0,3539.8,-0.377
8800.0,7120.0,3543.9,0.012
8880.0,7120.0,3549.1,-0.474
8960.0,7120.0,3548.6,-0.082
9040.0,7120.0,3558.0,-0.217
9120.0,7120.0,3552.5,0.318
9200.0,7120.0,3561.1,-0.244
9280.0,7120.0,3562.8,-0.052
9360.0,7120.0,3568.8,0.037
9440.0,7120.0,3570.1,0.007
9520.0,7120.0,3570.4,-0.137
9600.0,7120.0,3575.6,0.319
9680.0,7120.0,3581.4,0.41
9760.0,7120.0,3585.3,0.277
9840.0,7120.0,3580.4,-0.048
9920.0,7120.0,3586.3,0.01
10000.0,7120.0,3592.2,-0.39
10080.0,7120.0,3591.9,-0.677
10160.0,7120.0,3594.2,-0.081
10240.0,7120.0,3589.9,-0.261
10320.0,7120.0,3594.2,0.248
10400.0,7120.0,3593.3,0.415
0.0,7200.0,3526.5,0.863
80.0,7200.0,3525.3,0.703
160.0,7200.0,3530.1,0.721
240.0,7200.0,3533.3,0.224
320.0,7200.0,3526.1,0.315
400.0,7200.0,3533.2,-0.054
480.0,7200.0,3529.3,0.066
560.0,7200.0,3532.4,0.004
640.0,7200.0,3531.8,0.414
720.0,7200.0,3530.1,-0.002
800.0,7200.0,3532.6,0.394
880.0,7200.0,3530.4,0.121
960.0,7200.0,3532.1,-0.007
1040.0,7200.0,3535.1,-0.39
1120.0,7200.0,3537.7,-0.574
1200.0,7200.0,3535.5,-0.869
1280.0,7200.0,3536.8,-1.216
1360.0,7200.0,3529.6,-0.809
1440.0,7200.0,3531.9,-0.916
1520.0,7200.0,3527.9,-0.633
1600.0,7200.0,3535.6,-0.734
1680.0,7200.0,3534.2,-0.552
1760.0,7200.0,3530.6,-0.307
1840.0,7200.0,3538.0,-0.608
1920.0,7200.0,3535.8,-0.193
2000.0,7200.0,3529.7,-0.492
2080.0,7200.0,3538.9,-0.314
2160.0,7200.0,3531.9,-0.224
2240.0,7200.0,3531.9,-0.017
2320.0,7200.0,3528.7,0.561
2400.0,7200.0,3531.6,0.213
2480.0,7200.0,3533.5,0.033
2560.0,7200.0,3526.4,0.001
2640.0,7200.0,3522.9,-0.107
2720.0,7200.0,3529.1,0.106
2800.0,7200.0,3526.2,0.686
2880.0,7200.0,3526.0,0.176
2960.0,7200.0,3528.4,0.862
3040.0,7200.0,3527.1,0.231
3120.0,7200.0,3528.7,0.253
3200.0,7200.0,3522.7,0.06
3280.0,7200.0,3526.0,-0.534
3360.0,7200.0,3520.9,-0.359
3440.0,7200.0,3523.5,-0.015
3520.0,7200.0,3523.2,0.028
3600.0,7200.0,3520.3,-0.196
3680.0,7200.0,3521.3,0.409
3760.0,7200.0,3519.4,-0.206
3840.0,7200.0,3519.7,-0.325
3920.0,7200.0,3521.2,-0.167
4000.0,7200.0,3517.4,-0.081
4080.0,7200.0,3526.4,0.346
4160.0,7200.0,3522.4,0.549
4240.0,7200.0,3520.9,0.517
4320.0,7200.0,3513.5,0.276
4400.0,7200.0,3516.6,0.17
4480.0,7200.0,3522.6,-0.272
4560.0,7200.0,3507.1,-0.292
4640.0,7200.0,3515.2,-0.448
4720.0,7200.0,3518.4,-0.452
4800.0,7200.0,3517.4,-1.105
4880.0,7200.0,3513.4,-1.343
4960.0,7200.0,3513.1,-1.257
5040.0,7200.0,3517.1,-1.001
5120.0,7200.0,3515.5,-0.839
5200.0,7200.0,3510.0,-0.966
5280.0,7200.0,3514.6,-0.633
5360.0,7200.0,3508.6,-0.921
5440.0,7200.0,3516.3,-0.428
5520.0,7200.0,3512.2,-0.369
5600.0,7200.0,3507.7,0.049
5680.0,7200.0,3507.0,-0.696
5760.0,7200.0,3508.1,-0.828
5840.0,7200.0,3504.2,-0.904
5920.0,7200.0,3502.9,-1.087
6000.0,7200.0,3510.0,-1.127
6080.0,7200.0,3501.4,-1.495
6160.0,7200.0,3502.9,-1.341
6240.0,7200.0,3502.6,-1.097
6320.0,7200.0,3504.2,-1.665
6400.0,7200.0,3507.2,-1.515
6480.0,7200.0,3504.6,-1.606
6560.0,7200.0,3496.7,-1.579
6640.0,7200.0,3499.2,-1.35
6720.0,7200.0,3506.3,-1.223
6800.0,7200.0,3503.4,-1.174
6880.0,7200.0,3500.8,-0.709
6960.0,7200.0,3497.5,-1.003
7040.0,7200.0,3495.4,-0.779
7120.0,7200.0,3494.2,-0.906
7200.0,7200.0,3500.9,-0.555
7280.0,7200.0,3499.9,-0.94
7360.0,7200.0,3499.8,-0.868
7440.0,7200.0,3499.9,-0.806
7520.0,7200.0,3498.1,-0.139
7600.0,7200.0,3499.9,-0.235
7680.0,7200.0,3509.0,-0.154
7760.0,7200.0,3508.4,-0.262
7840.0,7200.0,3509.4,-0.043
7920.0,7200.0,3509.1,-0.532
8000.0,7200.0,3507.5,-0.589
8080.0,7200.0,3516.7,-0.143
8160.0,7200.0,3516.6,-0.017
8240.0,7200.0,3522.2,-0.606
8320.0,7200.0,3522.7,-0.161
8400.0,7200.0,3524.4,0.077
8480.0,7200.0,3526.0,0.08
8560.0,7200.0,3531.8,0.152
8640.0,7200.0,3532.6,-0.312
8720.0,7200.0,3537.1,-0.09
8800.0,7200.0,3541.4,0.064
8880.0,7200.0,3540.7,-0.259
8960.0,7200.0,3552.1,-0.028
9040.0,7200.0,3552.9,-0.005
9120.0,7200.0,3559.2,0.139
9200.0,7200.0,3559.3,-0.033
9280.0,7200.0,3560.6,-0.19
9360.0,7200.0,3569.8,0.184
9440.0,7200.0,3567.3,0.268
9520.0,7200.0,3574.4,0.264
9600.0,7200.0,3572.6,0.309
9680.0,7200.0,3576.2,0.473
9760.0,7200.0,3583.4,-0.191
9840.0,7200.0,3580.2,-0.422
9920.0,7200.0,3585.9,-0.176
10000.0,7200.0,3587.2,-0.41
10080.0,7200.0,3590.3,-0.456
10160.0,7200.0,3588.5,-0.759
10240.0,7200.0,3594.1,0.098
10320.0,7200.0,3596.1,-0.104
10400.0,7200.0,3591.8,0.24
0.0,7280.0,3528.0,0.389
80.0,7280.0,3526.9,0.905
160.0,7280.0,3527.3,0.448
240.0,7280.0,3530.4,0.12
320.0,7280.0,3528.6,0.553
400.0,7280.0,3529.5,0.53
480.0,7280.0,3531.7,0.213
560.0,7280.0,3533.0,-0.072
640.0,7280.0,3527.0,0.267
720.0,7280.0,3538.4,-0.012
800.0,7280.0,3535.9,0.059
880.0,7280.0,3533.5,-0.015
960.0,7280.0,3533.4,-0.265
1040.0,7280.0,3528.3,-0.129
1120.0,7280.0,3530.0,-0.191
1200.0,7280.0,3533.4,-0.849
1280.0,7280.0,3539.4,-0.922
1360.0,7280.0,3534.0,-0.458
1440.0,7280.0,3537.2,-0.302
1520.0,7280.0,3537.6,-0.185
1600.0,7280.0,3529.7,-0.269
1680.0,7280.0,3532.7,-0.304
1760.0,7280.0,3536.8,-0.249
1840.0,7280.0,3531.4,-0.238
1920.0,7280.0,3537.6,-0.586
2000.0,7280.0,3532.8,-0.371
2080.0,7280.0,3530.4,-0.214
2160.0,7280.0,3530.2,-0.045
2240.0,7280.0,3533.5,-0.147
2320.0,7280.0,3532.6,-0.322
2400.0,7280.0,3529.6,0.066
2480.0,7280.0,3533.2,0.05
2560.0,7280.0,3530.0,-0.149
2640.0,7280.0,3526.0,-0.165
2720.0,7280.0,3529.3,0.371
2800.0,7280.0,3526.3,0.163
2880.0,7280.0,3529.8,0.264
2960.0,7280.0,3521.6,-0.013
3040.0,7280.0,3522.5,0.394
3120.0,7280.0,3526.4,0.214
3200.0,7280.0,3517.3,0.475
3280.0,7280.0,3524.9,0.288
3360.0,7280.0,3526.0,-0.301
3440.0,7280.0,3525.2,-0.2
3520.0,7280.0,3520.2,-0.257
3600.0,7280.0,3525.3,-0.088
3680.0,7280.0,3521.6,0.254
3760.0,7280.0,3522.1,-0.044
3840.0,7280.0,3527.1,-0.047
3920.0,7280.0,3519.7,-0.299
4000.0,7280.0,3519.0,-0.182
4080.0,7280.0,3516.3,0.258
4160.0,7280.0,3515.8,0.146
4240.0,7280.0,3518.9,0.566
4320.0,7280.0,3516.9,0.737
4400.0,7280.0,3519.9,0.043
4480.0,7280.0,3520.6,0.349
4560.0,7280.0,3515.8,-0.309
4640.0,7280.0,3516.8,-0.695
4720.0,7280.0,3519.3,-0.218
4800.0,7280.0,3517.2,-0.561
4880.0,7280.0,3511.5,-0.935
4960.0,7280.0,3512.3,-0.911
5040.0,7280.0,3512.5,-0.616
5120.0,7280.0,3517.1,-0.86
5200.0,7280.0,3513.3,-0.589
5280.0,7280.0,3513.0,-0.628
5360.0,7280.0,3511.6,-0.92
5440.0,7280.0,3510.2,-0.621
5520.0,7280.0,3516.2,-0.678
5600.0,7280.0,3513.9,-0.796
5680.0,7280.0,3513.0,-0.767
5760.0,7280.0,3508.7,-0.894
5840.0,7280.0,3511.5,-0.748
5920.0,7280.0,3510.5,-1.176
6000.0,7280.0,3508.7,-1.252
6080.0,7280.0,3504.5,-1.352
6160.0,7280.0,3500.0,-1.662
6240.0,7280.0,3502.9,-1.417
6320.0,7280.0,3504.5,-1.557
6400.0,7280.0,3498.4,-1.498
6480.0,7280.0,3503.8,-1.493
6560.0,7280.0,3500.8,-1.428
6640.0,7280.0,3506.6,-1.596
6720.0,7280.0,3499.6,-1.275
6800.0,7280.0,3504.9,-0.392
6880.0,7280.0,3500.5,-0.772
6960.0,7280.0,3500.5,-0.857
7040.0,7280.0,3505.5,-0.714
7120.0,7280.0,3506.3,-0.475
7200.0,7280.0,3497.6,-0.698
7280.0,7280.0,3493.5,-0.438
7360.0,7280.0,3506.7,-0.576
7440.0,7280.0,3497.3,-0.02
7520.0,7280.0,3503.3,0.076
7600.0,7280.0,3508.1,-0.707
7680.0,7280.0,3508.7,-0.459
7760.0,7280.0,3506.5,0.16
7840.0,7280.0,3510.1,-0.123
7920.0,7280.0,3511.1,-0.439
8000.0,7280.0,3514.0,-0.493
8080.0,7280.0,3514.7,-0.783
8160.0,7280.0,3512.9,-0.04
8240.0,7280.0,3519.9,-0.437
8320.0,7280.0,3525.4,-0.179
8400.0,7280.0,3521.4,-0.432
8480.0,7280.0,3525.5,0.043
8560.0,7280.0,3533.1,0.067
8640.0,7280.0,3534.7,0.162
8720.0,7280.0,3536.5,-0.245
8800.0,7280.0,3542.4,0.178
8880.0,7280.0,3541.5,0.033
8960.0,7280.0,3550.3,-0.211
9040.0,7280.0,3549.9,-0.215
9120.0,7280.0,3554.0,0.042
9200.0,7280.0,3554.4,0.213
9280.0,7280.0,3556.0,0.103
9360.0,7280.0,3562.5,0.035
9440.0,7280.0,3564.8,0.226
9520.0,7280.0,3566.5,0.11
9600.0,7280.0,3572.3,-0.174
9680.0,7280.0,3573.8,0.023
9760.0,7280.0,3578.5,-0.257
9840.0,7280.0,3585.2,0.07
9920.0,7280.0,3583.6,-0.191
10000.0,7280.0,3586.7,0.05
10080.0,7280.0,3590.4,-0.419
10160.0,7280.0,3592.0,-0.069
10240.0,7280.0,3594.2,0.269
10320.0,7280.0,3589.7,0.262
10400.0,7280.0,3596.1,0.41
0.0,7360.0,3526.8,0.532
80.0,7360.0,3529.4,0.514
160.0,7360.0,3529.9,0.584
240.0,7360.0,3529.7,0.529
320.0,7360.0,3531.0,0.847
400.0,7360.0,3530.4,0.538
480.0,7360.0,3535.5,0.291
560.0,7360.0,3531.9,0.179
640.0,7360.0,3531.8,0.111
720.0,7360.0,3531.8,0.314
800.0,7360.0,3535.0,-0.348
880.0,7360.0,3535.5,0.131
960.0,7360.0,3536.5,0.246
1040.0,7360.0,3534.9,-0.417
1120.0,7360.0,3528.0,-0.456
1200.0,7360.0,3537.7,-0.408
1280.0,7360.0,3535.7,-0.646
1360.0,7360.0,3532.6,-0.232
1440.0,7360.0,3532.9,-0.45
1520.0,7360.0,3536.6,-0.343
1600.0,7360.0,3535.3,-0.395
1680.0,7360.0,3535.7,-0.222
1760.0,7360.0,3535.9,-0.332
1840.0,7360.0,3532.2,-0.529
1920.0,7360.0,3530.1,-0.41
2000.0,7360.0,3535.7,-0.201
2080.0,7360.0,3530.6,0.114
2160.0,7360.0,3529.2,0.258
2240.0,7360.0,3528.6,0.056
2320.0,7360.0,3526.4,-0.064
2400.0,7360.0,3527.0,0.095
2480.0,7360.0,3523.5,-0.295
2560.0,7360.0,3526.7,-0.281
2640.0,7360.0,3530.8,-0.263
2720.0,7360.0,3525.2,0.127
2800.0,7360.0,3523.6,-0.213
2880.0,7360.0,3524.9,0.087
2960.0,7360.0,3522.8,0.009
3040.0,7360.0,3519.0,0.139
3120.0,7360.0,3525.0,-0.006
3200.0,7360.0,3522.2,0.202
3280.0,7360.0,3526.0,0.21
3360.0,7360.0,3524.0,-0.179
3440.0,7360.0,3522.7,0.148
3520.0,7360.0,3520.0,0.051
3600.0,7360.0,3516.9,0.528
3680.0,7360.0,3520.9,0.442
3760.0,7360.0,3515.0,0.077
3840.0,7360.0,3516.0,0.554
3920.0,7360.0,3514.1,-0.031
4000.0,7360.0,3519.1,0.082
4080.0,7360.0,3516.3,-0.093
4160.0,7360.0,3516.7,0.559
4240.0,7360.0,3521.9,0.731
4320.0,7360.0,3516.1,0.636
4400.0,7360.0,3521.0,0.251
4480.0,7360.0,3514.7,0.177
4560.0,7360.0,3512.9,-0.192
4640.0,7360.0,3518.9,-0.192
4720.0,7360.0,3512.0,-0.26
4800.0,7360.0,3514.0,-0.457
4880.0,7360.0,3516.7,-0.511
4960.0,7360.0,3510.3,-0.507
5040.0,7360.0,3512.8,-0.703
5120.0,7360.0,3515.3,-0.77
5200.0,7360.0,3518.5,-0.599
5280.0,7360.0,3513.5,-1.252
5360.0,7360.0,3512.5,-0.621
5440.0,7360.0,3515.7,-0.622
5520.0,7360.0,3514.2,-1.306
5600.0,7360.0,3512.7,-0.925
5680.0,7360.0,3510.9,-1.17
5760.0,7360.0,3508.4,-0.865
5840.0,7360.0,3518.7,-1.293
5920.0,7360.0,3512.1,-1.246
6000.0,7360.0,3514.3,-0.976
6080.0,7360.0,3509.1,-1.243
6160.0,7360.0,3511.9,-1.512
6240.0,7360.0,3503.9,-1.416
6320.0,7360.0,3503.9,-1.606
6400.0,7360.0,3496.3,-1.884
6480.0,7360.0,3507.2,-1.819
6560.0,7360.0,3499.5,-1.379
6640.0,7360.0,3504.9,-1.307
6720.0,7360.0,3503.0,-1.127
6800.0,7360.0,3503.8,-1.154
6880.0,7360.0,3501.6,-1.09
6960.0,7360.0,3508.0,-0.615
7040.0,7360.0,3502.6,-0.925
7120.0,7360.0,3499.1,-0.863
7200.0,7360.0,3495.6,-0.316
7280.0,7360.0,3506.6,-0.375
7360.0,7360.0,3504.0,-0.487
7440.0,7360.0,3502.2,-0.08
7520.0,7360.0,3503.3,-0.217
7600.0,7360.0,3506.2,-0.672
7680.0,7360.0,3503.3,-0.235
7760.0,7360.0,3505.3,-0.256
7840.0,7360.0,3509.7,0.202
7920.0,7360.0,3514.7,-0.101
8000.0,7360.0,3503.7,-0.463
8080.0,7360.0,3512.3,-0.506
8160.0,7360.0,3511.4,-0.597
8240.0,7360.0,3521.3,-0.411
8320.0,7360.0,3518.3,-0.039
8400.0,7360.0,3527.9,-0.383
8480.0,7360.0,3524.9,0.333
8560.0,7360.0,3526.5,-0.218
8640.0,7360.0,3532.0,0.326
8720.0,7360.0,3537.5,-0.301
8800.0,7360.0,3538.7,-0.166
8880.0,7360.0,3539.6,0.015
8960.0,7360.0,3548.0,0.53
9040.0,7360.0,3544.0,-0.055
9120.0,7360.0,3552.7,-0.113
9200.0,7360.0,3550.0,0.421
9280.0,7360.0,3550.2,-0.198
9360.0,7360.0,3561.1,0.041
9440.0,7360.0,3559.6,0.198
9520.0,7360.0,3571.2,0.096
9600.0,7360.0,3569.0,-0.091
9680.0,7360.0,3575.8,0.039
9760.0,7360.0,3572.5,-0.086
9840.0,7360.0,3576.4,-0.078
9920.0,7360.0,3578.1,0.075
10000.0,7360.0,3583.0,-0.405
10080.0,7360.0,3589.2,0.184
10160.0,7360.0,3588.1,-0.294
10240.0,7360.0,3588.0,0.16
10320.0,7360.0,3587.8,0.532
10400.0,7360.0,3590.8,0.31
0.0,7440.0,3526.2,0.646
80.0,7440.0,3530.4,0.694
160.0,7440.0,3530.4,0.9
240.0,7440.0,3527.8,0.859
320.0,7440.0,3527.9,0.524
400.0,7440.0,3532.9,0.55
480.0,7440.0,3532.1,0.282
560.0,7440.0,3531.3,0.421
640.0,7440.0,3536.1,0.518
720.0,7440.0,3532.2,0.102
800.0,7440.0,3539.0,0.086
880.0,7440.0,3531.9,-0.158
960.0,7440.0,3540.2,-0.309
1040.0,7440.0,3532.7,-0.116
1120.0,7440.0,3538.2,-0.597
1200.0,7440.0,3538.8,-0.535
1280.0,7440.0,3535.6,-0.465
1360.0,7440.0,3535.5,-0.515
1440.0,7440.0,3535.7,-0.827
1520.0,7440.0,3532.3,-0.496
1600.0,7440.0,3542.9,0.112
1680.0,7440.0,3531.0,-0.911
1760.0,7440.0,3532.2,-0.068
1840.0,7440.0,3534.1,-0.433
1920.0,7440.0,3535.8,-0.216
2000.0,7440.0,3530.5,-0.438
2080.0,7440.0,3531.1,0.23
2160.0,7440.0,3525.4,0.342
2240.0,7440.0,3536.6,0.293
2320.0,7440.0,3525.8,0.127
2400.0,7440.0,3522.1,0.383
2480.0,7440.0,3529.7,-0.605
2560.0,7440.0,3523.3,-0.615
2640.0,7440.0,3523.6,-0.07
2720.0,7440.0,3524.5,0.13
2800.0,7440.0,3520.2,-0.181
2880.0,7440.0,3522.3,0.269
2960.0,7440.0,3524.8,-0.099
3040.0,7440.0,3525.3,0.174
3120.0,7440.0,3520.7,-0.027
3200.0,7440.0,3520.3,0.052
3280.0,7440.0,3519.8,0.336
3360.0,7440.0,3526.1,-0.27
3440.0,7440.0,3518.8,0.211
3520.0,7440.0,3519.2,0.287
3600.0,7440.0,3519.3,0.038
3680.0,7440.0,3520.2,0.554
3760.0,7440.0,3513.8,0.046
3840.0,7440.0,3518.4,0.311
3920.0,7440.0,3514.4,0.098
4000.0,7440.0,3515.2,0.479
4080.0,7440.0,3521.5,0.26
4160.0,7440.0,3520.1,0.464
4240.0,7440.0,3519.6,0.374
4320.0,7440.0,3515.0,0.371
4400.0,7440.0,3513.6,0.124
4480.0,7440.0,3514.6,0.156
4560.0,7440.0,3515.3,-0.147
4640.0,7440.0,3515.0,-0.413
4720.0,7440.0,3513.8,-0.224
4800.0,7440.0,3511.5,-0.261
4880.0,7440.0,3513.8,-0.742
4960.0,7440.0,3510.3,-0.62
5040.0,7440.0,3513.7,-0.506
5120.0,7440.0,3515.4,-0.277
5200.0,7440.0,3508.8,-0.502
5280.0,7440.0,3514.9,-1.187
5360.0,7440.0,3514.5,-0.322
5440.0,7440.0,3513.3,-1.009
5520.0,7440.0,3513.2,-0.868
5600.0,7440.0,3513.7,-0.976
5680.0,7440.0,3510.1,-0.79
5760.0,7440.0,3517.1,-0.836
5840.0,7440.0,3511.4,-0.869
5920.0,7440.0,3510.3,-1.587
6000.0,7440.0,3506.7,-0.939
6080.0,7440.0,3514.2,-0.688
6160.0,7440.0,3505.7,-1.232
6240.0,7440.0,3505.6,-1.283
6320.0,7440.0,3506.9,-1.413
6400.0,7440.0,3509.9,-1.39
6480.0,7440.0,3508.7,-1.549
6560.0,7440.0,3503.3,-1.187
6640.0,7440.0,3503.7,-1.521
6720.0,7440.0,3501.0,-1.428
6800.0,7440.0,3498.6,-1.062
6880.0,7440.0,3504.5,-0.898
6960.0,7440.0,3502.5,-1.208
7040.0,7440.0,3495.0,-0.531
7120.0,7440.0,3497.3,-0.728
7200.0,7440.0,3500.8,-0.536
7280.0,7440.0,3500.3,-0.489
7360.0,7440.0,3501.8,-0.813
7440.0,7440.0,3504.7,-0.432
7520.0,7440.0,3501.4,-0.313
7600.0,7440.0,3500.6,-0.146
7680.0,7440.0,3505.3,-0.132
7760.0,7440.0,3497.2,0.12
7840.0,7440.0,3510.1,0.14
7920.0,7440.0,3511.4,-0.365
8000.0,7440.0,3512.8,-0.829
8080.0,7440.0,3516.3,-0.204
8160.0,7440.0,3510.9,-0.377
8240.0,7440.0,3514.6,-0.837
8320.0,7440.0,3521.4,-0.319
8400.0,7440.0,3525.0,-0.249
8480.0,7440.0,3524.0,0.245
8560.0,7440.0,3529.7,0.018
8640.0,7440.0,3529.9,0.296
8720.0,7440.0,3528.3,0.352
8800.0,7440.0,3533.9,0.174
8880.0,7440.0,3542.1,0.578
8960.0,7440.0,3547.9,0.336
9040.0,7440.0,3551.6,0.467
9120.0,7440.0,3552.3,-0.305
9200.0,7440.0,3553.3,-0.52
9280.0,7440.0,3559.5,-0.373
9360.0,7440.0,3563.7,-0.218
9440.0,7440.0,3561.3,-0.29
9520.0,7440.0,3562.7,-0.203
9600.0,7440.0,3569.8,0.172
9680.0,7440.0,3566.5,0.182
9760.0,7440.0,3576.2,0.007
9840.0,7440.0,3575.2,-0.047
9920.0,7440.0,3577.7,-0.135
10000.0,7440.0,3574.3,-0.069
10080.0,7440.0,3583.9,-0.093
10160.0,7440.0,3580.6,0.25
10240.0,7440.0,3584.6,0.085
10320.0,7440.0,3587.8,0.294
10400.0,7440.0,3588.2,0.555
0.0,7520.0,3528.1,0.472
80.0,7520.0,3532.6,0.589
160.0,7520.0,3533.5,0.803
240.0,7520.0,3530.8,0.756
320.0,7520.0,3532.3,0.502
400.0,7520.0,3529.7,0.002
480.0,7520.0,3531.0,0.119
560.0,7520.0,3532.5,0.506
640.0,7520.0,3534.1,-0.036
720.0,7520.0,3530.3,-0.029
800.0,7520.0,3531.6,0.113
880.0,7520.0,3531.4,-0.089
960.0,7520.0,3532.6,-0.315
1040.0,7520.0,3532.5,-0.215
1120.0,7520.0,3534.7,-0.32
1200.0,7520.0,3531.2,-0.585
1280.0,7520.0,3537.7,-0.664
1360.0,7520.0,3531.4,-0.223
1440.0,7520.0,3532.3,-0.655
1520.0,7520.0,3533.2,-0.686
1600.0,7520.0,3535.8,-0.291
1680.0,7520.0,3535.9,-0.733
1760.0,7520.0,3531.6,-0.356
1840.0,7520.0,3532.6,0.088
1920.0,7520.0,3531.5,0.195
2000.0,7520.0,3530.6,0.198
2080.0,7520.0,3535.1,0.328
2160.0,7520.0,3532.0,0.087
2240.0,7520.0,3528.7,0.133
2320.0,7520.0,3531.1,0.354
2400.0,7520.0,3525.0,0.18
2480.0,7520.0,3522.8,-0.3
2560.0,7520.0,3526.1,-0.242
2640.0,7520.0,3526.6,-0.303
2720.0,7520.0,3524.7,0.042
2800.0,7520.0,3524.9,-0.001
2880.0,7520.0,3523.0,0.205
2960.0,7520.0,3520.7,-0.282
3040.0,7520.0,3526.7,0.061
3120.0,7520.0,3518.1,0.164
3200.0,7520.0,3520.3,-0.084
3280.0,7520.0,3518.1,-0.002
3360.0,7520.0,3523.0,0.159
3440.0,7520.0,3516.6,0.327
3520.0,7520.0,3517.0,0.252
3600.0,7520.0,3518.7,0.392
3680.0,7520.0,3518.5,0.35
3760.0,7520.0,3520.2,-0.081
3840.0,7520.0,3517.5,-0.009
3920.0,7520.0,3516.9,0.068
4000.0,7520.0,3518.5,0.174
4080.0,7520.0,3512.7,0.322
4160.0,7520.0,3516.3,0.165
4240.0,7520.0,3519.1,0.311
4320.0,7520.0,3517.2,-0.054
4400.0,7520.0,3514.7,-0.122
4480.0,7520.0,3511.1,-0.232
4560.0,7520.0,3510.7,0.01
4640.0,7520.0,3513.1,-0.23
4720.0,7520.0,3517.0,-0.593
4800.0,7520.0,3513.8,-0.409
4880.0,7520.0,3511.6,-0.375
4960.0,7520.0,3512.5,-0.363
5040.0,7520.0,3518.3,-0.637
5120.0,7520.0,3515.0,-0.462
5200.0,7520.0,3513.1,-0.153
5280.0,7520.0,3516.0,-0.686
5360.0,7520.0,3516.0,-0.974
5440.0,7520.0,3515.8,-0.649
5520.0,7520.0,3511.1,-0.675
5600.0,7520.0,3514.5,-0.77
5680.0,7520.0,3513.4,-0.412
5760.0,7520.0,3507.9,-0.708
5840.0,7520.0,3509.4,-1.008
5920.0,7520.0,3509.9,-1.348
6000.0,7520.0,3502.7,-0.796
6080.0,7520.0,3513.5,-0.944
6160.0,7520.0,3502.9,-1.256
6240.0,7520.0,3501.4,-1.374
6320.0,7520.0,3505.7,-1.414
6400.0,7520.0,3502.2,-0.932
6480.0,7520.0,3503.8,-1.24
6560.0,7520.0,3503.9,-1.345
6640.0,7520.0,3501.1,-0.619
6720.0,7520.0,3496.6,-0.744
6800.0,7520.0,3502.2,-0.442
6880.0,7520.0,3500.8,-1.037
6960.0,7520.0,3504.5,-0.636
7040.0,7520.0,3503.4,-1.078
7120.0,7520.0,3497.6,-0.931
7200.0,7520.0,3503.2,-0.93
7280.0,7520.0,3500.9,-0.595
7360.0,7520.0,3499.0,-0.536
7440.0,7520.0,3501.9,-0.357
7520.0,7520.0,3506.2,-0.418
7600.0,7520.0,3507.7,-0.131
7680.0,7520.0,3508.9,0.071
7760.0,7520.0,3504.7,-0.52
7840.0,7520.0,3508.9,-0.578
7920.0,7520.0,3509.2,-0.583
8000.0,7520.0,3511.6,-0.615
8080.0,7520.0,3513.9,-0.23
8160.0,7520.0,3513.2,-0.335
8240.0,7520.0,3513.2,-0.361
8320.0,7520.0,3516.0,-0.279
8400.0,7520.0,3522.8,-0.609
8480.0,7520.0,3523.0,-0.079
8560.0,7520.0,3533.1,-0.056
8640.0,7520.0,3526.5,0.283
8720.0,7520.0,3537.9,-0.165
8800.0,7520.0,3532.4,0.457
8880.0,7520.0,3537.0,0.232
8960.0,7520.0,3543.0,0.475
9040.0,7520.0,3547.1,0.466
9120.0,7520.0,3551.3,-0.157
9200.0,7520.0,3550.6,-0.211
9280.0,7520.0,3556.4,-0.145
9360.0,7520.0,3552.5,0.057
9440.0,7520.0,3566.6,-0.206
9520.0,7520.0,3563.2,0.062
9600.0,7520.0,3563.5,-0.164
9680.0,7520.0,3567.6,0.063
9760.0,7520.0,3576.2,-0.043
9840.0,7520.0,3576.8,0.308
9920.0,7520.0,3579.1,0.02
10000.0,7520.0,3583.2,0.111
10080.0,7520.0,3581.7,-0.061
10160.0,7520.0,3586.1,0.237
10240.0,7520.0,3583.1,-0.095
10320.0,7520.0,3586.5,0.084
10400.0,7520.0,3585.7,0.279
0.0,7600.0,3528.7,0.953
80.0,7600.0,3530.2,0.782
160.0,7600.0,3535.4,0.954
240.0,7600.0,3528.3,0.75
320.0,7600.0,3530.7,0.643
400.0,7600.0,3533.4,-0.12
480.0,7600.0,3534.3,0.317
560.0,7600.0,3535.5,0.176
640.0,7600.0,3535.1,0.125
720.0,7600.0,3534.7,0.049
800.0,7600.0,3533.8,-0.09
880.0,7600.0,3539.3,0.029
960.0,7600.0,3536.9,-0.229
1040.0,7600.0,3535.0,-0.348
1120.0,7600.0,3543.5,-0.244
1200.0,7600.0,3537.1,-0.24
1280.0,7600.0,3533.8,0.002
1360.0,7600.0,3534.4,0.243
1440.0,7600.0,3535.1,-0.645
1520.0,7600.0,3537.2,-0.375
1600.0,7600.0,3534.8,-0.331
1680.0,7600.0,3532.2,-0.539
1760.0,7600.0,3540.6,0.064
1840.0,7600.0,3527.2,-0.297
1920.0,7600.0,3537.0,-0.152
2000.0,7600.0,3532.3,0.023
2080.0,7600.0,3529.5,0.107
2160.0,7600.0,3531.4,0.214
2240.0,7600.0,3527.9,0.584
2320.0,7600.0,3523.9,0.402
2400.0,7600.0,3528.3,0.44
2480.0,7600.0,3528.9,0.061
2560.0,7600.0,3528.4,0.141
2640.0,7600.0,3526.4,-0.291
2720.0,7600.0,3527.0,0.013
2800.0,7600.0,3530.3,-0.227
2880.0,7600.0,3523.7,0.228
2960.0,7600.0,3523.7,0.438
3040.0,7600.0,3515.6,0.522
3120.0,7600.0,3519.5,0.127
3200.0,7600.0,3519.6,-0.35
3280.0,7600.0,3519.0,0.181
3360.0,7600.0,3517.3,0.01
3440.0,7600.0,3515.6,0.523
3520.0,7600.0,3521.9,0.707
3600.0,7600.0,3515.1,0.398
3680.0,7600.0,3519.0,0.537
3760.0,7600.0,3517.2,0.546
3840.0,7600.0,3517.2,0.739
3920.0,7600.0,3517.4,0.703
4000.0,7600.0,3510.4,0.472
4080.0,7600.0,3516.5,0.165
4160.0,7600.0,3515.6,0.226
4240.0,7600.0,3513.4,0.242
4320.0,7600.0,3511.4,-0.358
4400.0,7600.0,3511.8,-0.211
4480.0,7600.0,3511.1,-0.243
4560.0,7600.0,3519.6,-0.252
4640.0,7600.0,3514.5,-0.428
4720.0,7600.0,3516.8,0.119
4800.0,7600.0,3518.6,-0.493
4880.0,7600.0,3515.5,-0.437
4960.0,7600.0,3518.9,-0.011
5040.0,7600.0,3513.6,-0.355
5120.0,7600.0,3513.6,-0.411
5200.0,7600.0,3515.8,-0.491
5280.0,7600.0,3519.0,-0.434
5360.0,7600.0,3517.3,-0.833
5440.0,7600.0,3513.1,-0.649
5520.0,7600.0,3518.0,-0.676
5600.0,7600.0,3522.4,-0.749
5680.0,7600.0,3509.7,-0.724
5760.0,7600.0,3510.9,-1.194
5840.0,7600.0,3507.5,-1.188
5920.0,7600.0,3510.9,-1.089
6000.0,7600.0,3510.3,-1.088
6080.0,7600.0,3506.6,-0.986
6160.0,7600.0,3511.1,-1.363
6240.0,7600.0,3505.5,-0.94
6320.0,7600.0,3506.9,-1.202
6400.0,7600.0,3510.0,-1.313
6480.0,7600.0,3498.7,-1.411
6560.0,7600.0,3506.8,-0.873
6640.0,7600.0,3505.5,-0.89
6720.0,7600.0,3500.4,-0.711
6800.0,7600.0,3503.2,-0.93
6880.0,7600.0,3504.1,-0.77
6960.0,7600.0,3502.5,-1.232
7040.0,7600.0,3502.7,-0.978
7120.0,7600.0,3504.6,-1.181
7200.0,7600.0,3504.8,-0.754
7280.0,7600.0,3495.6,-0.533
7360.0,7600.0,3501.3,-1.147
7440.0,7600.0,3502.5,-0.573
7520.0,7600.0,3508.3,-0.192
7600.0,7600.0,3498.4,-0.496
7680.0,7600.0,3509.5,-0.304
7760.0,7600.0,3500.8,0.308
7840.0,7600.0,3508.5,-0.447
7920.0,7600.0,3509.3,-0.485
8000.0,7600.0,3506.6,-0.383
8080.0,7600.0,3513.2,-0.611
8160.0,7600.0,3513.3,-0.648
8240.0,7600.0,3516.7,-0.108
8320.0,7600.0,3520.9,-0.155
8400.0,7600.0,3516.9,-0.365
8480.0,7600.0,3525.1,-0.014
8560.0,7600.0,3526.8,0.083
8640.0,7600.0,3522.5,0.217
8720.0,7600.0,3528.2,0.227
8800.0,7600.0,3533.1,0.61
8880.0,7600.0,3539.9,0.172
8960.0,7600.0,3536.1,0.061
9040.0,7600.0,3543.4,0.301
9120.0,7600.0,3546.6,-0.184
9200.0,7600.0,3548.2,-0.408
9280.0,7600.0,3549.0,-0.2
9360.0,7600.0,3552.9,0.172
9440.0,7600.0,3560.1,0.373
9520.0,7600.0,3561.6,0.058
9600.0,7600.0,3564.3,-0.023
9680.0,7600.0,3565.5,0.225
9760.0,7600.0,3569.2,-0.162
9840.0,7600.0,3572.7,0.435
9920.0,7600.0,3577.8,0.411
10000.0,7600.0,3579.8,0.177
10080.0,7600.0,3578.1,0.189
10160.0,7600.0,3581.7,0.457
10240.0,7600.0,3585.4,-0.362
10320.0,7600.0,3587.7,0.386
10400.0,7600.0,3585.8,-0.081
0.0,7680.0,3531.7,0.681
80.0,7680.0,3533.2,0.965
160.0,7680.0,3532.8,0.603
240.0,7680.0,3533.1,0.892
320.0,7680.0,3533.0,0.256
400.0,7680.0,3535.5,-0.098
480.0,7680.0,3530.7,-0.12
560.0,7680.0,3531.8,-0.218
640.0,7680.0,3528.7,-0.03
720.0,7680.0,3537.0,-0.088
800.0,7680.0,3538.5,-0.53
880.0,7680.0,3543.3,-0.389
960.0,7680.0,3536.5,-0.117
1040.0,7680.0,3539.5,0.083
1120.0,7680.0,3535.8,-0.045
1200.0,7680.0,3539.9,0.09
1280.0,7680.0,3534.7,-0.256
1360.0,7680.0,3531.0,-0.601
1440.0,7680.0,3535.9,-0.389
1520.0,7680.0,3537.1,-0.393
1600.0,7680.0,3531.2,-0.561
1680.0,7680.0,3533.0,-0.45
1760.0,7680.0,3532.6,-0.281
1840.0,7680.0,3533.4,-0.727
1920.0,7680.0,3530.9,-0.018
2000.0,7680.0,3531.3,-0.047
2080.0,7680.0,3524.9,-0.059
2160.0,7680.0,3526.5,0.055
2240.0,7680.0,3524.5,0.164
2320.0,7680.0,3525.5,0.103
2400.0,7680.0,3527.5,0.609
2480.0,7680.0,3525.8,0.269
2560.0,7680.0,3525.8,-0.288
2640.0,7680.0,3523.3,0.376
2720.0,7680.0,3523.4,-0.043
2800.0,7680.0,3517.5,0.278
2880.0,7680.0,3520.9,0.092
2960.0,7680.0,3521.1,0.146
3040.0,7680.0,3522.5,0.337
3120.0,7680.0,3511.9,-0.327
3200.0,7680.0,3518.7,-0.14
3280.0,7680.0,3514.7,0.09
3360.0,7680.0,3517.6,0.679
3440.0,7680.0,3515.6,0.51
3520.0,7680.0,3516.9,0.519
3600.0,7680.0,3515.3,0.532
3680.0,7680.0,3511.8,0.325
3760.0,7680.0,3516.0,0.507
3840.0,7680.0,3520.7,0.496
3920.0,7680.0,3512.7,0.479
4000.0,7680.0,3516.0,0.404
4080.0,7680.0,3518.0,0.112
4160.0,7680.0,3515.9,0.105
4240.0,7680.0,3516.1,0.179
4320.0,7680.0,3512.3,-0.245
4400.0,7680.0,3515.3,-0.601
4480.0,7680.0,3514.6,-0.381
4560.0,7680.0,3512.3,-0.937
4640.0,7680.0,3517.9,-0.635
4720.0,7680.0,3513.7,-0.196
4800.0,7680.0,3514.3,-0.398
4880.0,7680.0,3517.4,-0.664
4960.0,7680.0,3519.1,-0.632
5040.0,7680.0,3514.0,-0.711
5120.0,7680.0,3516.3,-0.604
5200.0,7680.0,3509.3,-0.611
5280.0,7680.0,3508.7,-0.736
5360.0,7680.0,3513.4,-0.456
5440.0,7680.0,3510.3,-0.998
5520.0,7680.0,3509.6,-0.373
5600.0,7680.0,3510.9,-0.642
5680.0,7680.0,3515.2,-0.87
5760.0,7680.0,3509.2,-1.212
5840.0,7680.0,3512.2,-1.181
5920.0,7680.0,3513.0,-1.027
6000.0,7680.0,3507.8,-1.248
6080.0,7680.0,3504.9,-0.822
6160.0,7680.0,3510.8,-0.963
6240.0,7680.0,3505.0,-1.156
6320.0,7680.0,3505.7,-1.377
6400.0,7680.0,3505.2,-1.184
6480.0,7680.0,3502.0,-1.0
6560.0,7680.0,3503.8,-0.463
6640.0,7680.0,3504.1,-1.052
6720.0,7680.0,3506.1,-0.772
6800.0,7680.0,3502.9,-1.024
6880.0,7680.0,3503.2,-1.375
6960.0,7680.0,3500.7,-0.994
7040.0,7680.0,3502.9,-1.254
7120.0,7680.0,3499.1,-1.002
7200.0,7680.0,3505.1,-0.64
7280.0,7680.0,3499.2,-0.421
7360.0,7680.0,3499.0,-0.917
7440.0,7680.0,3503.9,-0.335
7520.0,7680.0,3507.5,-0.342
7600.0,7680.0,3504.2,0.119
7680.0,7680.0,3499.7,-0.397
7760.0,7680.0,3506.8,-0.343
7840.0,7680.0,3509.8,-0.342
7920.0,7680.0,3505.2,-0.318
8000.0,7680.0,3505.9,-0.168
8080.0,7680.0,3513.0,0.166
8160.0,7680.0,3512.5,-0.034
8240.0,7680.0,3515.1,-0.253
8320.0,7680.0,3517.3,-0.366
8400.0,7680.0,3516.6,-0.162
8480.0,7680.0,3516.8,0.075
8560.0,7680.0,3523.9,0.373
8640.0,7680.0,3523.2,-0.035
8720.0,7680.0,3532.1,0.428
8800.0,7680.0,3539.2,0.423
8880.0,7680.0,3538.4,0.473
8960.0,7680.0,3540.6,0.184
9040.0,7680.0,3543.9,-0.176
9120.0,7680.0,3543.0,-0.085
9200.0,7680.0,3554.6,0.18
9280.0,7680.0,3542.1,0.06
9360.0,7680.0,3554.5,-0.177
9440.0,7680.0,3559.2,0.341
9520.0,7680.0,3555.5,0.167
9600.0,7680.0,3562.1,-0.272
9680.0,7680.0,3562.0,-0.206
9760.0,7680.0,3572.8,0.038
9840.0,7680.0,3568.9,0.149
9920.0,7680.0,3571.5,0.354
10000.0,7680.0,3574.0,0.042
10080.0,7680.0,3577.4,0.125
10160.0,7680.0,3579.2,0.106
10240.0,7680.0,3581.5,0.229
10320.0,7680.0,3579.5,0.605
10400.0,7680.0,3581.6,0.834
0.0,7760.0,3528.7,0.81
80.0,7760.0,3535.5,0.721
160.0,7760.0,3536.8,0.632
240.0,7760.0,3534.3,0.585
320.0,7760.0,3536.5,0.677
400.0,7760.0,3532.9,-0.017
480.0,7760.0,3531.4,0.064
560.0,7760.0,3536.7,-0.0
640.0,7760.0,3539.7,-0.228
720.0,7760.0,3536.6,-0.411
800.0,7760.0,3539.6,-0.437
880.0,7760.0,3536.9,-0.354
960.0,7760.0,3538.8,-0.589
1040.0,7760.0,3539.3,-0.371
1120.0,7760.0,3531.0,0.223
1200.0,7760.0,3538.3,-0.305
1280.0,7760.0,3534.9,-0.599
1360.0,7760.0,3532.6,-0.551
1440.0,7760.0,3533.8,-0.031
1520.0,7760.0,3535.0,-0.505
1600.0,7760.0,3535.3,-0.255
1680.0,7760.0,3529.0,-0.463
1760.0,7760.0,3535.2,-0.036
1840.0,7760.0,3527.9,-0.42
1920.0,7760.0,3528.4,-0.241
2000.0,7760.0,3529.9,-0.012
2080.0,7760.0,3530.3,0.055
2160.0,7760.0,3530.3,0.507
2240.0,7760.0,3523.2,0.055
2320.0,7760.0,3526.7,0.473
2400.0,7760.0,3524.4,0.607
2480.0,7760.0,3520.1,-0.037
2560.0,7760.0,3526.2,-0.309
2640.0,7760.0,3520.9,0.086
2720.0,7760.0,3521.6,0.419
2800.0,7760.0,3522.6,0.069
2880.0,7760.0,3518.8,0.335
2960.0,7760.0,3520.1,-0.148
3040.0,7760.0,3517.0,0.134
3120.0,7760.0,3515.3,0.19
3200.0,7760.0,3513.2,0.141
3280.0,7760.0,3515.2,0.224
3360.0,7760.0,3518.3,0.005
3440.0,7760.0,3516.8,0.045
3520.0,7760.0,3512.6,0.171
3600.0,7760.0,3517.1,0.08
3680.0,7760.0,3516.6,0.629
3760.0,7760.0,3515.0,0.456
3840.0,7760.0,3516.6,0.364
3920.0,7760.0,3509.8,0.58
4000.0,7760.0,3516.6,0.254
4080.0,7760.0,3512.0,0.319
4160.0,7760.0,3510.0,0.409
4240.0,7760.0,3515.9,-0.078
4320.0,7760.0,3517.0,-0.03
4400.0,7760.0,3509.4,-0.118
4480.0,7760.0,3517.1,-0.268
4560.0,7760.0,3515.3,-0.526
4640.0,7760.0,3516.5,-0.073
4720.0,7760.0,3510.2,-0.083
4800.0,7760.0,3509.8,0.061
4880.0,7760.0,3515.7,-0.301
4960.0,7760.0,3519.9,-0.791
5040.0,7760.0,3523.6,-0.723
5120.0,7760.0,3515.1,-0.511
5200.0,7760.0,3512.7,-0.348
5280.0,7760.0,3508.8,-0.453
5360.0,7760.0,3515.9,-0.481
5440.0,7760.0,3513.3,-0.562
5520.0,7760.0,3514.0,-0.84
5600.0,7760.0,3513.1,-0.624
5680.0,7760.0,3508.6,-0.759
5760.0,7760.0,3511.0,-0.841
5840.0,7760.0,3508.1,-0.342
5920.0,7760.0,3513.4,-0.934
6000.0,7760.0,3506.7,-0.593
6080.0,7760.0,3505.8,-0.787
6160.0,7760.0,3511.6,-0.783
6240.0,7760.0,3505.6,-0.707
6320.0,7760.0,3504.7,-1.296
6400.0,7760.0,3501.4,-1.125
6480.0,7760.0,3504.1,-1.141
6560.0,7760.0,3504.4,-1.11
6640.0,7760.0,3498.3,-0.97
6720.0,7760.0,3511.5,-1.275
6800.0,7760.0,3504.7,-1.129
6880.0,7760.0,3502.1,-1.315
6960.0,7760.0,3502.3,-0.976
7040.0,7760.0,3498.0,-0.988
7120.0,7760.0,3499.0,-1.182
7200.0,7760.0,3499.1,-0.642
7280.0,7760.0,3498.9,-0.961
7360.0,7760.0,3503.8,-0.457
7440.0,7760.0,3505.2,-0.326
7520.0,7760.0,3501.3,-0.777
7600.0,7760.0,3501.5,-0.554
7680.0,7760.0,3505.2,-0.556
7760.0,7760.0,3503.9,-0.186
7840.0,7760.0,3505.9,-0.16
7920.0,7760.0,3508.5,-0.459
8000.0,7760.0,3511.8,0.151
8080.0,7760.0,3509.1,0.049
8160.0,7760.0,3513.5,-0.292
8240.0,7760.0,3518.0,-0.169
8320.0,7760.0,3513.6,-0.181
8400.0,7760.0,3514.9,0.163
8480.0,7760.0,3519.4,0.232
8560.0,7760.0,3521.7,0.155
8640.0,7760.0,3527.1,-0.089
8720.0,7760.0,3525.7,0.27
8800.0,7760.0,3529.4,0.328
8880.0,7760.0,3528.1,0.047
8960.0,7760.0,3539.4,0.319
9040.0,7760.0,3539.6,0.589
9120.0,7760.0,3542.7,0.338
9200.0,7760.0,3545.2,-0.19
9280.0,7760.0,3548.9,-0.272
9360.0,7760.0,3549.0,0.26
9440.0,7760.0,3553.0,0.009
9520.0,7760.0,3557.8,-0.142
9600.0,7760.0,3561.0,-0.027
9680.0,7760.0,3565.1,-0.168
9760.0,7760.0,3562.1,-0.36
9840.0,7760.0,3569.2,0.043
9920.0,7760.0,3566.4,-0.059
10000.0,7760.0,3570.8,-0.198
10080.0,7760.0,3579.0,0.009
10160.0,7760.0,3578.0,0.039
10240.0,7760.0,3578.6,0.578
10320.0,7760.0,3579.5,0.256
10400.0,7760.0,3582.0,0.593
0.0,7840.0,3531.4,0.825
80.0,7840.0,3531.1,0.53
160.0,7840.0,3530.5,0.39
240.0,7840.0,3537.9,0.65
320.0,7840.0,3538.3,0.449
400.0,7840.0,3532.9,-0.003
480.0,7840.0,3543.4,-0.075
560.0,7840.0,3528.4,-0.028
640.0,7840.0,3538.3,-0.304
720.0,7840.0,3528.3,-0.364
800.0,7840.0,3537.1,-0.358
880.0,7840.0,3535.5,-0.53
960.0,7840.0,3532.3,-0.125
1040.0,7840.0,3538.7,-0.004
1120.0,7840.0,3537.8,-0.078
1200.0,7840.0,3536.9,-0.14
1280.0,7840.0,3534.1,-0.268
1360.0,7840.0,3538.1,-0.395
1440.0,7840.0,3533.1,-0.72
1520.0,7840.0,3532.9,-0.487
1600.0,7840.0,3533.4,-0.686
1680.0,7840.0,3533.2,-0.597
1760.0,7840.0,3534.6,0.028
1840.0,7840.0,3531.3,-0.329
1920.0,7840.0,3531.5,0.072
2000.0,7840.0,3524.6,0.007
2080.0,7840.0,3524.2,0.273
2160.0,7840.0,3522.7,0.281
2240.0,7840.0,3528.6,0.768
2320.0,7840.0,3526.1,0.5
2400.0,7840.0,3519.3,0.231
2480.0,7840.0,3521.2,0.066
2560.0,7840.0,3525.0,-0.052
2640.0,7840.0,3522.0,0.078
2720.0,7840.0,3522.9,-0.566
2800.0,7840.0,3519.3,0.057
2880.0,7840.0,3524.1,-0.095
2960.0,7840.0,3518.0,-0.021
3040.0,7840.0,3516.0,-0.176
3120.0,7840.0,3517.5,0.183
3200.0,7840.0,3514.1,0.142
3280.0,7840.0,3518.3,0.334
3360.0,7840.0,3515.6,0.12
3440.0,7840.0,3518.3,0.256
3520.0,7840.0,3511.0,0.568
3600.0,7840.0,3512.6,0.304
3680.0,7840.0,3511.6,0.119
3760.0,7840.0,3515.4,0.272
3840.0,7840.0,3516.7,0.093
3920.0,7840.0,3515.2,0.377
4000.0,7840.0,3511.6,0.048
4080.0,7840.0,3513.1,0.049
4160.0,7840.0,3512.2,0.063
4240.0,7840.0,3510.0,-0.157
4320.0,7840.0,3518.1,-0.34
4400.0,7840.0,3512.7,-0.14
4480.0,7840.0,3511.0,-0.133
4560.0,7840.0,3508.6,-0.113
4640.0,7840.0,3516.2,-0.127
4720.0,7840.0,3513.3,-0.438
4800.0,7840.0,3511.5,-0.199
4880.0,7840.0,3512.1,-0.235
4960.0,7840.0,3511.5,-0.23
5040.0,7840.0,3513.0,-0.704
5120.0,7840.0,3510.4,-0.151
5200.0,7840.0,3513.6,-0.524
5280.0,7840.0,3511.0,-0.479
5360.0,7840.0,3511.7,-0.416
5440.0,7840.0,3508.5,-0.977
5520.0,7840.0,3511.8,-0.977
5600.0,7840.0,3512.5,-0.453
5680.0,7840.0,3512.4,-0.534
5760.0,7840.0,3509.6,-0.489
5840.0,7840.0,3505.1,-0.632
5920.0,7840.0,3506.5,-0.486
6000.0,7840.0,3506.5,-0.981
6080.0,7840.0,3506.3,-0.449
6160.0,7840.0,3502.6,-0.701
6240.0,7840.0,3508.6,-0.774
6320.0,7840.0,3504.9,-0.567
6400.0,7840.0,3509.3,-0.759
6480.0,7840.0,3501.9,-0.924
6560.0,7840.0,3502.4,-1.306
6640.0,7840.0,3503.0,-1.173
6720.0,7840.0,3503.4,-1.119
6800.0,7840.0,3500.9,-1.464
6880.0,7840.0,3504.0,-0.581
6960.0,7840.0,3502.4,-0.952
7040.0,7840.0,3501.1,-0.716
7120.0,7840.0,3504.0,-0.866
7200.0,7840.0,3499.7,-0.807
7280.0,7840.0,3504.4,-0.287
7360.0,7840.0,3504.2,-1.009
7440.0,7840.0,3506.1,-0.706
7520.0,7840.0,3505.7,-0.864
7600.0,7840.0,3501.3,-0.293
7680.0,7840.0,3504.3,-0.341
7760.0,7840.0,3499.5,0.039
7840.0,7840.0,3499.6,-0.406
7920.0,7840.0,3507.6,0.293
8000.0,7840.0,3505.2,0.005
8080.0,7840.0,3515.5,-0.566
8160.0,7840.0,3508.0,-0.655
8240.0,7840.0,3508.9,-0.219
8320.0,7840.0,3518.9,0.095
8400.0,7840.0,3519.0,-0.286
8480.0,7840.0,3519.6,0.521
8560.0,7840.0,3520.2,0.46
8640.0,7840.0,3526.7,0.549
8720.0,7840.0,3526.1,0.623
8800.0,7840.0,3532.7,0.291
8880.0,7840.0,3531.8,0.4
8960.0,7840.0,3535.6,0.203
9040.0,7840.0,3539.0,0.532
9120.0,7840.0,3540.4,0.551
9200.0,7840.0,3548.3,0.382
9280.0,7840.0,3549.5,-0.065
9360.0,7840.0,3546.5,-0.229
9440.0,7840.0,3550.9,0.447
9520.0,7840.0,3554.0,0.283
9600.0,7840.0,3553.4,-0.128
9680.0,7840.0,3561.0,0.094
9760.0,7840.0,3561.6,-0.373
9840.0,7840.0,3567.5,-0.16
9920.0,7840.0,3569.3,0.051
10000.0,7840.0,3573.4,-0.033
10080.0,7840.0,3573.6,0.017
10160.0,7840.0,3573.7,0.006
10240.0,7840.0,3577.2,-0.555
10320.0,7840.0,3577.6,0.088
10400.0,7840.0,3579.0,0.036
0.0,7920.0,3528.5,0.708
80.0,7920.0,3534.8,0.912
160.0,7920.0,3533.2,0.756
240.0,7920.0,3538.3,0.438
320.0,7920.0,3540.1,0.517
400.0,7920.0,3535.8,0.339
480.0,7920.0,3535.4,-0.135
560.0,7920.0,3537.2,0.101
640.0,7920.0,3536.9,-0.449
720.0,7920.0,3536.2,-0.151
800.0,7920.0,3536.2,-0.291
880.0,7920.0,3538.3,0.194
960.0,7920.0,3531.3,-0.157
1040.0,7920.0,3534.8,-0.234
1120.0,7920.0,3528.2,-0.001
1200.0,7920.0,3536.5,-0.231
1280.0,7920.0,3541.0,-0.214
1360.0,7920.0,3533.1,-0.434
1440.0,7920.0,3534.6,-0.506
1520.0,7920.0,3536.7,-0.028
1600.0,7920.0,3536.8,-0.533
1680.0,7920.0,3534.5,-0.268
1760.0,7920.0,3532.4,-0.149
1840.0,7920.0,3527.5,-0.023
1920.0,7920.0,3530.6,-0.277
2000.0,7920.0,3531.7,-0.129
2080.0,7920.0,3530.2,0.246
2160.0,7920.0,3525.4,0.457
2240.0,7920.0,3518.1,0.221
2320.0,7920.0,3516.3,0.114
2400.0,7920.0,3527.4,0.191
2480.0,7920.0,3529.6,-0.248
2560.0,7920.0,3521.8,-0.293
2640.0,7920.0,3525.0,0.28
2720.0,7920.0,3520.1,-0.32
2800.0,7920.0,3518.6,0.1
2880.0,7920.0,3520.7,0.012
2960.0,7920.0,3519.1,-0.315
3040.0,7920.0,3517.2,-0.507
3120.0,7920.0,3517.2,-0.041
3200.0,7920.0,3518.4,-0.156
3280.0,7920.0,3513.6,-0.241
3360.0,7920.0,3513.4,-0.331
3440.0,7920.0,3513.4,0.222
3520.0,7920.0,3508.2,0.176
3600.0,7920.0,3510.3,-0.444
3680.0,7920.0,3514.7,0.025
3760.0,7920.0,3516.8,-0.198
3840.0,7920.0,3508.5,0.172
3920.0,7920.0,3510.8,0.556
4000.0,7920.0,3511.5,0.002
4080.0,7920.0,3510.0,0.155
4160.0,7920.0,3506.1,0.336
4240.0,7920.0,3506.1,0.272
4320.0,7920.0,3512.6,-0.178
4400.0,7920.0,3511.7,-0.0
4480.0,7920.0,3508.3,-0.408
4560.0,7920.0,3508.4,-0.103
4640.0,7920.0,3511.5,0.062
4720.0,7920.0,3514.3,-0.102
4800.0,7920.0,3515.4,0.341
4880.0,7920.0,3514.0,-0.389
4960.0,7920.0,3514.9,-0.319
5040.0,7920.0,3517.5,-0.162
5120.0,7920.0,3513.3,-0.356
5200.0,7920.0,3511.9,-0.222
5280.0,7920.0,3512.0,-0.256
5360.0,7920.0,3509.1,-0.417
5440.0,7920.0,3509.4,-0.741
5520.0,7920.0,3511.8,-0.566
5600.0,7920.0,3506.3,-0.732
5680.0,7920.0,3511.2,-0.267
5760.0,7920.0,3515.1,-0.417
5840.0,7920.0,3508.3,-0.467
5920.0,7920.0,3510.3,-0.569
6000.0,7920.0,3508.8,-0.746
6080.0,7920.0,3513.5,-0.687
6160.0,7920.0,3510.2,-0.599
6240.0,7920.0,3503.5,-0.421
6320.0,7920.0,3505.2,-0.531
6400.0,7920.0,3504.6,-0.772
6480.0,7920.0,3501.3,-0.825
6560.0,7920.0,3504.9,-0.98
6640.0,7920.0,3499.7,-0.755
6720.0,7920.0,3501.4,-0.714
6800.0,7920.0,3503.7,-0.847
6880.0,7920.0,3502.3,-0.074
6960.0,7920.0,3502.5,-0.686
7040.0,7920.0,3506.8,-0.436
7120.0,7920.0,3497.6,-0.733
7200.0,7920.0,3499.0,-1.022
7280.0,7920.0,3502.7,-0.898
7360.0,7920.0,3499.1,-1.049
7440.0,7920.0,3504.1,-0.762
7520.0,7920.0,3500.8,-0.779
7600.0,7920.0,3499.8,-0.285
7680.0,7920.0,3500.9,-0.687
7760.0,7920.0,3504.1,-0.147
7840.0,7920.0,3502.7,-0.186
7920.0,7920.0,3504.8,-0.32
8000.0,7920.0,3508.7,-0.212
8080.0,7920.0,3500.7,0.039
8160.0,7920.0,3508.7,-0.097
8240.0,7920.0,3510.1,0.108
8320.0,7920.0,3512.7,-0.023
8400.0,7920.0,3516.1,0.115
8480.0,7920.0,3515.3,0.273
8560.0,7920.0,3515.5,0.608
8640.0,7920.0,3517.7,0.669
8720.0,7920.0,3527.6,0.446
8800.0,7920.0,3523.6,0.644
8880.0,7920.0,3530.0,0.295
8960.0,7920.0,3532.7,0.338
9040.0,7920.0,3530.4,0.35
9120.0,7920.0,3541.6,0.204
9200.0,7920.0,3537.8,0.06
9280.0,7920.0,3546.6,0.195
9360.0,7920.0,3542.0,0.117
9440.0,7920.0,3544.6,0.536
9520.0,7920.0,3546.1,0.352
9600.0,7920.0,3555.1,0.342
9680.0,7920.0,3554.7,0.05
9760.0,7920.0,3561.3,0.141
9840.0,7920.0,3558.7,-0.15
9920.0,7920.0,3563.6,0.225
10000.0,7920.0,3565.0,0.087
10080.0,7920.0,3566.4,-0.024
10160.0,7920.0,3568.0,0.028
10240.0,7920.0,3576.2,-0.251
10320.0,7920.0,3570.7,-0.128
10400.0,7920.0,3577.3,0.237
0.0,8000.0,3526.0,1.471
80.0,8000.0,3537.1,0.851
160.0,8000.0,3533.9,-0.115
240.0,8000.0,3536.3,0.003
320.0,8000.0,3535.8,0.516
400.0,8000.0,3536.1,0.192
480.0,8000.0,3535.4,-0.417
560.0,8000.0,3534.6,-0.132
640.0,8000.0,3538.7,0.237
720.0,8000.0,3533.3,0.312
800.0,8000.0,3538.2,-0.063
880.0,8000.0,3536.9,-0.347
960.0,8000.0,3535.8,0.285
1040.0,8000.0,3536.3,0.246
1120.0,8000.0,3534.9,-0.078
1200.0,8000.0,3536.5,-0.106
1280.0,8000.0,3531.0,-0.193
1360.0,8000.0,3538.4,-0.477
1440.0,8000.0,3533.9,-0.63
1520.0,8000.0,3529.3,-0.982
1600.0,8000.0,3527.6,-0.701
1680.0,8000.0,3531.5,-0.607
1760.0,8000.0,3531.8,-0.344
1840.0,8000.0,3531.6,-0.224
1920.0,8000.0,3529.5,0.3
2000.0,8000.0,3529.7,0.114
2080.0,8000.0,3526.0,0.21
2160.0,8000.0,3524.6,0.122
2240.0,8000.0,3529.3,-0.143
2320.0,8000.0,3522.4,-0.501
2400.0,8000.0,3527.1,-0.067
2480.0,8000.0,3520.7,0.099
2560.0,8000.0,3520.7,0.251
2640.0,8000.0,3514.9,-0.427
2720.0,8000.0,3521.9,-0.186
2800.0,8000.0,3518.5,0.226
2880.0,8000.0,3520.5,-0.125
2960.0,8000.0,3512.9,-0.389
3040.0,8000.0,3516.4,-0.197
3120.0,8000.0,3517.7,-0.121
3200.0,8000.0,3511.7,-0.308
3280.0,8000.0,3516.1,0.155
3360.0,8000.0,3507.5,-0.496
3440.0,8000.0,3506.8,-0.065
3520.0,8000.0,3505.2,0.008
3600.0,8000.0,3508.4,0.265
3680.0,8000.0,3512.8,0.014
3760.0,8000.0,3516.1,0.074
3840.0,8000.0,3510.7,0.306
3920.0,8000.0,3510.2,0.332
4000.0,8000.0,3511.3,-0.095
4080.0,8000.0,3511.8,0.515
4160.0,8000.0,3507.5,0.654
4240.0,8000.0,3507.5,0.125
4320.0,8000.0,3511.1,0.096
4400.0,8000.0,3508.6,0.02
4480.0,8000.0,3510.3,-0.116
4560.0,8000.0,3507.7,-0.384
4640.0,8000.0,3510.6,-0.05
4720.0,8000.0,3515.5,0.046
4800.0,8000.0,3516.0,-0.142
4880.0,8000.0,3512.5,-0.114
4960.0,8000.0,3511.1,0.089
5040.0,8000.0,3510.6,-0.019
5120.0,8000.0,3510.9,-0.131
5200.0,8000.0,3516.3,-0.369
5280.0,8000.0,3513.1,-0.075
5360.0,8000.0,3510.6,-0.165
5440.0,8000.0,3510.2,-0.368
5520.0,8000.0,3513.0,-0.107
5600.0,8000.0,3508.5,-0.651
5680.0,8000.0,3507.0,-0.226
5760.0,8000.0,3509.9,-0.357
5840.0,8000.0,3503.9,-0.734
5920.0,8000.0,3510.1,-0.635
6000.0,8000.0,3506.5,-0.573
6080.0,8000.0,3503.5,0.09
6160.0,8000.0,3507.0,-0.03
6240.0,8000.0,3501.3,-0.022
6320.0,8000.0,3508.4,-0.169
6400.0,8000.0,3502.7,-0.852
6480.0,8000.0,3504.8,-0.647
6560.0,8000.0,3507.1,-0.729
6640.0,8000.0,3504.4,-0.93
6720.0,8000.0,3501.8,-0.607
6800.0,8000.0,3503.4,-0.399
6880.0,8000.0,3495.3,-0.51
6960.0,8000.0,3502.6,0.147
7040.0,8000.0,3496.9,-0.043
7120.0,8000.0,3500.4,-0.856
7200.0,8000.0,3498.2,-0.637
7280.0,8000.0,3499.1,-0.845
7360.0,8000.0,3495.0,-0.785
7440.0,8000.0,3502.1,-0.445
7520.0,8000.0,3499.9,-0.477
7600.0,8000.0,3500.1,-0.345
7680.0,8000.0,3503.1,-0.509
7760.0,8000.0,3501.7,-0.507
7840.0,8000.0,3504.2,0.097
7920.0,8000.0,3499.8,-0.316
8000.0,8000.0,3508.1,0.022
8080.0,8000.0,3506.6,0.764
8160.0,8000.0,3507.3,0.05
8240.0,8000.0,3513.3,-0.02
8320.0,8000.0,3509.3,0.205
8400.0,8000.0,3507.5,0.505
8480.0,8000.0,3516.9,0.399
8560.0,8000.0,3515.5,0.255
8640.0,8000.0,3518.5,0.525
8720.0,8000.0,3526.4,0.529
8800.0,8000.0,3521.3,-0.008
8880.0,8000.0,3526.8,0.107
8960.0,8000.0,3524.4,-0.276
9040.0,8000.0,3535.8,-0.002
9120.0,8000.0,3535.7,0.164
9200.0,8000.0,3538.4,-0.046
9280.0,8000.0,3543.3,0.429
9360.0,8000.0,3540.9,0.331
9440.0,8000.0,3546.1,0.412
9520.0,8000.0,3548.6,0.05
9600.0,8000.0,3552.6,0.296
9680.0,8000.0,3554.3,0.655
9760.0,8000.0,3561.4,0.842
9840.0,8000.0,3558.0,0.652
9920.0,8000.0,3563.6,0.222
10000.0,8000.0,3563.7,-0.057
10080.0,8000.0,3562.0,-0.003
10160.0,8000.0,3567.0,-0.309
10240.0,8000.0,3565.7,-0.312
10320.0,8000.0,3575.8,-0.159
10400.0,8000.0,3572.2,0.1
0.0,8080.0,3533.1,0.863
80.0,8080.0,3531.5,0.655
160.0,8080.0,3529.1,0.228
240.0,8080.0,3528.6,0.339
320.0,8080.0,3538.4,-0.182
400.0,8080.0,3534.2,0.26
480.0,8080.0,3541.1,-0.184
560.0,8080.0,3538.7,-0.018
640.0,8080.0,3536.0,0.237
720.0,8080.0,3539.1,-0.06
800.0,8080.0,3541.3,0.032
880.0,8080.0,3536.5,-0.31
960.0,8080.0,3535.4,-0.001
1040.0,8080.0,3533.3,0.047
1120.0,8080.0,3534.8,-0.053
1200.0,8080.0,3532.4,0.266
1280.0,8080.0,3534.3,-0.048
1360.0,8080.0,3528.4,-0.55
1440.0,8080.0,3528.1,-0.657
1520.0,8080.0,3531.9,-0.415
1600.0,8080.0,3532.9,-0.481
1680.0,8080.0,3530.4,-0.166
1760.0,8080.0,3530.4,0.167
1840.0,8080.0,3525.6,-0.167
1920.0,8080.0,3531.2,0.071
2000.0,8080.0,3522.0,-0.192
2080.0,8080.0,3527.4,0.064
2160.0,8080.0,3530.1,-0.117
2240.0,8080.0,3523.7,0.235
2320.0,8080.0,3519.8,-0.352
2400.0,8080.0,3517.0,0.811
2480.0,8080.0,3520.9,-0.209
2560.0,8080.0,3522.3,0.271
2640.0,8080.0,3522.0,-0.098
2720.0,8080.0,3516.4,0.054
2800.0,8080.0,3514.6,0.199
2880.0,8080.0,3521.0,-0.399
2960.0,8080.0,3514.7,0.143
3040.0,8080.0,3512.1,-0.086
3120.0,8080.0,3516.0,-0.425
3200.0,8080.0,3510.9,-0.297
3280.0,8080.0,3515.1,-0.236
3360.0,8080.0,3509.7,-0.133
3440.0,8080.0,3516.0,-0.042
3520.0,8080.0,3513.2,0.005
3600.0,8080.0,3512.8,0.241
3680.0,8080.0,3506.0,0.061
3760.0,8080.0,3511.5,-0.185
3840.0,8080.0,3512.8,0.381
3920.0,8080.0,3508.9,0.534
4000.0,8080.0,3499.4,0.802
4080.0,8080.0,3506.9,0.488
4160.0,8080.0,3509.0,0.407
4240.0,8080.0,3507.5,0.313
4320.0,8080.0,3502.3,-0.292
4400.0,8080.0,3509.3,-0.085
4480.0,8080.0,3513.0,-0.097
4560.0,8080.0,3510.6,-0.073
4640.0,8080.0,3509.5,0.076
4720.0,8080.0,3507.9,0.082
4800.0,8080.0,3508.2,-0.02
4880.0,8080.0,3505.7,-0.34
4960.0,8080.0,3506.3,0.549
5040.0,8080.0,3510.4,0.113
5120.0,8080.0,3510.8,0.213
5200.0,8080.0,3504.5,0.097
5280.0,8080.0,3504.0,0.07
5360.0,8080.0,3505.3,-0.106
5440.0,8080.0,3502.6,-0.697
5520.0,8080.0,3507.2,-0.449
5600.0,8080.0,3511.8,0.031
5680.0,8080.0,3511.6,-0.266
5760.0,8080.0,3508.0,-0.256
5840.0,8080.0,3508.7,-0.307
5920.0,8080.0,3511.1,-0.129
6000.0,8080.0,3511.1,0.526
6080.0,8080.0,3510.2,0.373
6160.0,8080.0,3506.9,0.057
6240.0,8080.0,3511.1,0.0
6320.0,8080.0,3501.8,0.285
6400.0,8080.0,3504.6,-0.24
6480.0,8080.0,3505.7,-0.504
6560.0,8080.0,3506.5,-0.522
6640.0,8080.0,3500.9,-0.41
6720.0,8080.0,3503.9,-0.937
6800.0,8080.0,3493.3,-0.347
6880.0,8080.0,3505.0,-0.438
6960.0,8080.0,3500.9,-0.263
7040.0,8080.0,3497.2,-0.308
7120.0,8080.0,3502.4,-0.105
7200.0,8080.0,3499.9,-0.369
7280.0,8080.0,3500.9,-0.627
7360.0,8080.0,3498.0,-0.597
7440.0,8080.0,3499.4,-0.548
7520.0,8080.0,3503.0,-0.609
7600.0,8080.0,3496.1,-0.806
7680.0,8080.0,3501.8,-0.484
7760.0,8080.0,3500.1,-0.122
7840.0,8080.0,3502.8,-0.098
7920.0,8080.0,3506.5,-0.236
8000.0,8080.0,3504.3,0.661
8080.0,8080.0,3509.1,0.433
8160.0,8080.0,3510.4,-0.146
8240.0,8080.0,3508.8,0.247
8320.0,8080.0,3508.3,0.073
8400.0,8080.0,3512.4,-0.159
8480.0,8080.0,3511.1,0.598
8560.0,8080.0,3518.9,0.996
8640.0,8080.0,3514.4,0.569
8720.0,8080.0,3519.0,0.615
8800.0,8080.0,3521.8,0.379
8880.0,8080.0,3522.4,-0.179
8960.0,8080.0,3523.7,0.049
9040.0,8080.0,3534.1,-0.047
9120.0,8080.0,3531.7,-0.129
9200.0,8080.0,3533.7,0.094
9280.0,8080.0,3541.2,0.325
9360.0,8080.0,3538.5,0.45
9440.0,8080.0,3538.4,0.026
9520.0,8080.0,3545.0,-0.277
9600.0,8080.0,3549.6,0.559
9680.0,8080.0,3545.6,0.883
9760.0,8080.0,3556.4,0.681
9840.0,8080.0,3548.0,0.922
9920.0,8080.0,3557.9,0.344
10000.0,8080.0,3561.2,0.05
10080.0,8080.0,3562.2,0.119
10160.0,8080.0,3567.4,-0.287
10240.0,8080.0,3565.6,-0.05
10320.0,8080.0,3564.1,-0.833
10400.0,8080.0,3568.3,-0.464
0.0,8160.0,3529.4,0.175
80.0,8160.0,3531.2,0.053
160.0,8160.0,3532.1,0.247
240.0,8160.0,3534.6,0.294
320.0,8160.0,3538.5,0.241
400.0,8160.0,3529.2,0.591
480.0,8160.0,3535.9,0.47
560.0,8160.0,3536.1,-0.263
640.0,8160.0,3538.2,0.054
720.0,8160.0,3536.7,0.138
800.0,8160.0,3531.9,0.24
880.0,8160.0,3534.5,-0.093
960.0,8160.0,3538.7,0.136
1040.0,8160.0,3532.6,0.466
1120.0,8160.0,3538.1,-0.49
1200.0,8160.0,3538.5,0.313
1280.0,8160.0,3536.9,-0.268
1360.0,8160.0,3533.6,0.012
1440.0,8160.0,3533.4,-0.286
1520.0,8160.0,3533.8,-0.622
1600.0,8160.0,3529.4,-0.444
1680.0,8160.0,3531.3,-0.685
1760.0,8160.0,3529.7,-0.252
1840.0,8160.0,3530.6,-0.069
1920.0,8160.0,3525.8,-0.108
2000.0,8160.0,3523.1,-0.403
2080.0,8160.0,3530.0,-0.757
2160.0,8160.0,3521.3,-0.494
2240.0,8160.0,3520.6,-0.142
2320.0,8160.0,3524.7,0.053
2400.0,8160.0,3520.7,0.064
2480.0,8160.0,3520.0,-0.089
2560.0,8160.0,3518.4,-0.136
2640.0,8160.0,3518.2,0.27
2720.0,8160.0,3517.8,0.129
2800.0,8160.0,3518.5,-0.389
2880.0,8160.0,3517.7,-0.146
2960.0,8160.0,3519.7,-0.167
3040.0,8160.0,3513.4,-0.436
3120.0,8160.0,3515.9,-0.495
3200.0,8160.0,3509.8,-0.459
3280.0,8160.0,3508.5,0.344
3360.0,8160.0,3511.5,-0.33
3440.0,8160.0,3508.8,-0.422
3520.0,8160.0,3510.9,-0.29
3600.0,8160.0,3504.1,0.077
3680.0,8160.0,3517.8,0.194
3760.0,8160.0,3507.4,0.287
3840.0,8160.0,3510.0,0.811
3920.0,8160.0,3507.0,0.631
4000.0,8160.0,3508.0,0.571
4080.0,8160.0,3501.5,0.591
4160.0,8160.0,3507.1,0.245
4240.0,8160.0,3509.6,0.328
4320.0,8160.0,3505.4,0.472
4400.0,8160.0,3507.5,-0.031
4480.0,8160.0,3514.2,0.055
4560.0,8160.0,3506.6,-0.213
4640.0,8160.0,3509.7,0.02
4720.0,8160.0,3506.3,0.232
4800.0,8160.0,3509.6,0.04
4880.0,8160.0,3513.0,0.634
4960.0,8160.0,3509.8,0.128
5040.0,8160.0,3507.2,1.05
5120.0,8160.0,3506.1,0.621
5200.0,8160.0,3508.5,0.443
5280.0,8160.0,3512.3,0.277
5360.0,8160.0,3509.3,0.123
5440.0,8160.0,3509.5,0.039
5520.0,8160.0,3503.6,0.184
5600.0,8160.0,3508.9,-0.014
5680.0,8160.0,3506.5,-0.196
5760.0,8160.0,3508.4,-0.205
5840.0,8160.0,3511.2,0.113
5920.0,8160.0,3506.0,0.53
6000.0,8160.0,3506.5,-0.025
6080.0,8160.0,3505.2,0.346
6160.0,8160.0,3508.5,0.481
6240.0,8160.0,3507.1,0.279
6320.0,8160.0,3502.1,0.01
6400.0,8160.0,3505.9,0.411
6480.0,8160.0,3506.6,0.113
6560.0,8160.0,3501.5,-0.22
6640.0,8160.0,3503.6,-0.593
6720.0,8160.0,3495.7,-0.628
6800.0,8160.0,3501.6,-0.615
6880.0,8160.0,3506.2,-0.452
6960.0,8160.0,3499.5,-0.563
7040.0,8160.0,3498.2,-0.623
7120.0,8160.0,3497.4,-0.36
7200.0,8160.0,3500.5,-0.446
7280.0,8160.0,3499.1,-0.393
7360.0,8160.0,3497.3,-0.584
7440.0,8160.0,3494.9,-0.379
7520.0,8160.0,3504.0,-0.735
7600.0,8160.0,3500.8,-0.531
7680.0,8160.0,3502.9,-0.421
7760.0,8160.0,3501.5,-0.237
7840.0,8160.0,3500.4,0.112
7920.0,8160.0,3501.7,0.193
8000.0,8160.0,3501.1,-0.044
8080.0,8160.0,3503.4,0.598
8160.0,8160.0,3504.0,0.173
8240.0,8160.0,3511.7,-0.175
8320.0,8160.0,3508.2,0.31
8400.0,8160.0,3508.7,0.587
8480.0,8160.0,3512.2,0.499
8560.0,8160.0,3512.1,0.378
8640.0,8160.0,3515.5,0.332
8720.0,8160.0,3519.5,0.317
8800.0,8160.0,3525.9,-0.121
8880.0,8160.0,3520.7,0.015
8960.0,8160.0,3528.0,0.069
9040.0,8160.0,3526.0,-0.083
9120.0,8160.0,3530.5,-0.014
9200.0,8160.0,3534.0,-0.017
9280.0,8160.0,3532.4,-0.163
9360.0,8160.0,3537.3,-0.2
9440.0,8160.0,3540.6,0.006
9520.0,8160.0,3541.0,-0.036
9600.0,8160.0,3549.6,0.155
9680.0,8160.0,3545.1,0.404
9760.0,8160.0,3554.1,0.783
9840.0,8160.0,3560.3,0.12
9920.0,8160.0,3552.7,0.47
10000.0,8160.0,3556.7,0.115
10080.0,8160.0,3561.6,0.039
10160.0,8160.0,3564.0,-0.345
10240.0,8160.0,3564.8,0.023
10320.0,8160.0,3564.7,-0.316
10400.0,8160.0,3566.7,-0.477
0.0,8240.0,3531.9,0.626
80.0,8240.0,3537.3,0.467
160.0,8240.0,3532.8,0.298
240.0,8240.0,3536.4,0.619
320.0,8240.0,3529.0,0.336
400.0,8240.0,3534.0,0.655
480.0,8240.0,3536.4,0.341
560.0,8240.0,3537.0,0.355
640.0,8240.0,3536.9,-0.055
720.0,8240.0,3536.2,-0.101
800.0,8240.0,3541.2,-0.097
880.0,8240.0,3536.1,-0.362
960.0,8240.0,3534.3,-0.247
1040.0,8240.0,3540.2,-0.417
1120.0,8240.0,3538.2,-0.219
1200.0,8240.0,3540.0,0.08
1280.0,8240.0,3531.8,0.285
1360.0,8240.0,3531.9,-0.397
1440.0,8240.0,3537.0,-0.599
1520.0,8240.0,3533.5,-0.544
1600.0,8240.0,3528.0,-0.528
1680.0,8240.0,3531.8,-0.401
1760.0,8240.0,3527.8,-0.756
1840.0,8240.0,3529.9,0.348
1920.0,8240.0,3530.8,-0.289
2000.0,8240.0,3520.3,-0.298
2080.0,8240.0,3522.4,-0.159
2160.0,8240.0,3522.5,0.077
2240.0,8240.0,3523.2,-0.002
2320.0,8240.0,3517.7,-0.081
2400.0,8240.0,3521.8,0.061
2480.0,8240.0,3514.9,0.534
2560.0,8240.0,3521.5,0.27
2640.0,8240.0,3521.7,0.325
2720.0,8240.0,3513.1,-0.185
2800.0,8240.0,3522.5,-0.038
2880.0,8240.0,3514.1,-0.713
2960.0,8240.0,3514.7,-0.353
3040.0,8240.0,3512.1,-0.182
3120.0,8240.0,3508.8,-0.567
3200.0,8240.0,3513.4,-0.491
3280.0,8240.0,3512.8,-0.174
3360.0,8240.0,3518.0,-0.368
3440.0,8240.0,3510.3,-0.625
3520.0,8240.0,3504.3,-0.281
3600.0,8240.0,3505.6,-0.016
3680.0,8240.0,3502.2,0.613
3760.0,8240.0,3509.4,0.242
3840.0,8240.0,3508.9,0.536
3920.0,8240.0,3505.2,0.606
4000.0,8240.0,3503.3,0.455
4080.0,8240.0,3504.6,0.582
4160.0,8240.0,3509.9,0.086
4240.0,8240.0,3507.3,0.129
4320.0,8240.0,3508.9,0.496
4400.0,8240.0,3502.3,0.412
4480.0,8240.0,3507.2,0.464
4560.0,8240.0,3506.9,0.441
4640.0,8240.0,3504.6,0.488
4720.0,8240.0,3507.0,0.046
4800.0,8240.0,3502.1,0.091
4880.0,8240.0,3504.5,-0.01
4960.0,8240.0,3508.9,0.214
5040.0,8240.0,3507.8,1.028
5120.0,8240.0,3508.6,1.01
5200.0,8240.0,3508.2,0.463
5280.0,8240.0,3507.3,0.826
5360.0,8240.0,3507.4,0.55
5440.0,8240.0,3513.2,0.596
5520.0,8240.0,3509.3,0.165
5600.0,8240.0,3503.1,0.284
5680.0,8240.0,3509.0,-0.15
5760.0,8240.0,3510.0,0.215
5840.0,8240.0,3505.1,0.243
5920.0,8240.0,3506.3,0.702
6000.0,8240.0,3505.5,0.404
6080.0,8240.0,3507.0,0.674
6160.0,8240.0,3512.0,0.563
6240.0,8240.0,3506.1,0.343
6320.0,8240.0,3501.6,0.149
6400.0,8240.0,3505.4,0.439
6480.0,8240.0,3501.2,0.658
6560.0,8240.0,3499.4,-0.474
6640.0,8240.0,3498.4,-0.469
6720.0,8240.0,3501.8,-0.694
6800.0,8240.0,3502.5,-0.332
6880.0,8240.0,3500.9,-0.435
6960.0,8240.0,3501.5,-0.505
7040.0,8240.0,3501.2,-0.52
7120.0,8240.0,3499.3,-1.018
7200.0,8240.0,3499.6,-1.043
7280.0,8240.0,3505.4,-0.197
7360.0,8240.0,3494.8,-0.148
7440.0,8240.0,3506.3,-0.947
7520.0,8240.0,3495.2,-0.357
7600.0,8240.0,3499.3,-0.064
7680.0,8240.0,3496.2,-0.386
7760.0,8240.0,3500.9,-0.112
7840.0,8240.0,3497.4,-0.005
7920.0,8240.0,3502.3,-0.066
8000.0,8240.0,3503.2,0.399
8080.0,8240.0,3505.5,-0.128
8160.0,8240.0,3505.6,-0.0
8240.0,8240.0,3504.4,0.646
8320.0,8240.0,3509.4,0.336
8400.0,8240.0,3506.4,0.551
8480.0,8240.0,3517.9,0.598
8560.0,8240.0,3511.3,0.921
8640.0,8240.0,3516.2,0.582
8720.0,8240.0,3519.0,0.732
8800.0,8240.0,3519.7,0.221
8880.0,8240.0,3521.7,0.091
8960.0,8240.0,3522.2,0.278
9040.0,8240.0,3525.0,0.189
9120.0,8240.0,3524.1,-0.157
9200.0,8240.0,3531.9,0.317
9280.0,8240.0,3534.5,-0.121
9360.0,8240.0,3531.3,0.152
9440.0,8240.0,3538.2,-0.317
9520.0,8240.0,3537.0,0.008
9600.0,8240.0,3544.4,0.088
9680.0,8240.0,3550.5,0.523
9760.0,8240.0,3550.7,0.176
9840.0,8240.0,3552.1,0.456
9920.0,8240.0,3551.8,0.49
10000.0,8240.0,3555.9,0.169
10080.0,8240.0,3557.6,0.372
10160.0,8240.0,3556.4,0.28
10240.0,8240.0,3562.9,-0.254
10320.0,8240.0,3561.2,-0.417
10400.0,8240.0,3565.0,-0.163
0.0,8320.0,3520.4,1.197
80.0,8320.0,3534.5,0.927
160.0,8320.0,3529.9,0.885
240.0,8320.0,3535.7,0.754
320.0,8320.0,3536.9,0.44
400.0,8320.0,3533.7,0.366
480.0,8320.0,3535.5,0.188
560.0,8320.0,3538.5,0.199
640.0,8320.0,3538.2,0.297
720.0,8320.0,3531.3,0.288
800.0,8320.0,3538.7,0.117
880.0,8320.0,3528.5,-0.264
960.0,8320.0,3534.4,0.046
1040.0,8320.0,3536.1,-0.647
1120.0,8320.0,3533.9,-0.004
1200.0,8320.0,3535.3,-0.486
1280.0,8320.0,3533.2,-0.363
1360.0,8320.0,3530.6,-0.609
1440.0,8320.0,3530.7,-0.1
1520.0,8320.0,3538.1,-0.253
1600.0,8320.0,3531.8,-0.271
1680.0,8320.0,3531.1,-0.189
1760.0,8320.0,3536.4,-0.283
1840.0,8320.0,3523.8,-0.032
1920.0,8320.0,3528.4,-0.035
2000.0,8320.0,3524.0,-0.663
2080.0,8320.0,3522.0,-0.115
2160.0,8320.0,3527.4,-0.468
2240.0,8320.0,3522.2,0.027
2320.0,8320.0,3521.6,0.044
2400.0,8320.0,3521.5,0.427
2480.0,8320.0,3523.1,0.448
2560.0,8320.0,3518.3,0.375
2640.0,8320.0,3509.4,0.421
2720.0,8320.0,3513.7,0.002
2800.0,8320.0,3512.8,0.218
2880.0,8320.0,3517.6,0.08
2960.0,8320.0,3509.5,0.206
3040.0,8320.0,3514.7,-0.046
3120.0,8320.0,3510.7,-0.438
3200.0,8320.0,3509.1,-0.624
3280.0,8320.0,3510.1,-0.732
3360.0,8320.0,3509.4,-0.367
3440.0,8320.0,3505.7,-0.658
3520.0,8320.0,3507.3,0.072
3600.0,8320.0,3505.4,-0.124
3680.0,8320.0,3505.7,0.298
3760.0,8320.0,3510.5,0.244
3840.0,8320.0,3505.8,0.222
3920.0,8320.0,3502.8,0.624
4000.0,8320.0,3505.5,0.378
4080.0,8320.0,3506.3,0.437
4160.0,8320.0,3504.4,0.243
4240.0,8320.0,3505.0,0.24
4320.0,8320.0,3505.9,-0.038
4400.0,8320.0,3502.6,-0.107
4480.0,8320.0,3505.1,0.256
4560.0,8320.0,3508.9,0.166
4640.0,8320.0,3509.5,0.521
4720.0,8320.0,3510.4,0.774
4800.0,8320.0,3507.6,0.09
4880.0,8320.0,3506.8,0.481
4960.0,8320.0,3501.0,0.632
5040.0,8320.0,3504.3,0.831
5120.0,8320.0,3508.1,1.108
5200.0,8320.0,3501.5,0.696
5280.0,8320.0,3507.4,0.475
5360.0,8320.0,3502.1,0.87
5440.0,8320.0,3511.9,0.538
5520.0,8320.0,3510.2,0.418
5600.0,8320.0,3514.2,0.218
5680.0,8320.0,3505.6,0.584
5760.0,8320.0,3512.1,0.533
5840.0,8320.0,3503.0,0.171
5920.0,8320.0,3504.3,0.771
6000.0,8320.0,3510.2,0.827
6080.0,8320.0,3503.4,0.601
6160.0,8320.0,3507.9,0.592
6240.0,8320.0,3500.4,0.519
6320.0,8320.0,3503.7,0.371
6400.0,8320.0,3504.7,0.817
6480.0,8320.0,3505.4,0.078
6560.0,8320.0,3501.7,0.073
6640.0,8320.0,3500.1,-0.12
6720.0,8320.0,3500.0,-0.007
6800.0,8320.0,3500.1,-0.4
6880.0,8320.0,3500.5,-0.293
6960.0,8320.0,3497.2,-0.616
7040.0,8320.0,3497.5,-0.644
7120.0,8320.0,3495.0,-0.537
7200.0,8320.0,3499.4,-0.668
7280.0,8320.0,3498.5,-0.665
7360.0,8320.0,3498.0,-0.517
7440.0,8320.0,3500.3,-0.85
7520.0,8320.0,3503.4,-0.554
7600.0,8320.0,3498.6,-0.293
7680.0,8320.0,3498.2,-0.191
7760.0,8320.0,3495.9,-0.081
7840.0,8320.0,3496.8,0.006
7920.0,8320.0,3501.5,0.342
8000.0,8320.0,3501.1,0.366
8080.0,8320.0,3503.1,0.256
8160.0,8320.0,3502.0,-0.064
8240.0,8320.0,3501.5,0.259
8320.0,8320.0,3507.8,-0.007
8400.0,8320.0,3513.6,1.04
8480.0,8320.0,3512.1,-0.154
8560.0,8320.0,3505.6,0.541
8640.0,8320.0,3512.8,0.805
8720.0,8320.0,3513.4,0.605
8800.0,8320.0,3513.3,0.439
8880.0,8320.0,3516.8,0.004
8960.0,8320.0,3518.9,0.323
9040.0,8320.0,3523.2,0.283
9120.0,8320.0,3524.6,0.207
9200.0,8320.0,3531.5,-0.018
9280.0,8320.0,3531.1,-0.224
9360.0,8320.0,3534.0,0.044
9440.0,8320.0,3535.3,-0.141
9520.0,8320.0,3535.5,-0.146
9600.0,8320.0,3539.8,0.026
9680.0,8320.0,3540.2,0.306
9760.0,8320.0,3545.9,0.578
9840.0,8320.0,3553.8,0.333
9920.0,8320.0,3547.5,0.133
10000.0,8320.0,3552.2,0.227
10080.0,8320.0,3560.7,0.276
10160.0,8320.0,3558.2,-0.336
10240.0,8320.0,3558.2,-0.261
10320.0,8320.0,3568.7,-0.186
10400.0,8320.0,3568.5,-0.247
0.0,8400.0,3529.7,1.294
80.0,8400.0,3534.2,0.96
160.0,8400.0,3530.6,0.897
240.0,8400.0,3529.4,1.185
320.0,8400.0,3534.9,0.487
400.0,8400.0,3536.7,0.564
480.0,8400.0,3534.0,0.439
560.0,8400.0,3533.7,0.282
640.0,8400.0,3534.7,0.621
720.0,8400.0,3539.8,-0.036
800.0,8400.0,3533.2,-0.064
880.0,8400.0,3534.3,0.074
960.0,8400.0,3533.9,0.216
1040.0,8400.0,3534.0,-0.258
1120.0,8400.0,3528.0,-0.134
1200.0,8400.0,3537.6,-0.027
1280.0,8400.0,3532.8,-0.285
1360.0,8400.0,3536.4,-0.396
1440.0,8400.0,3532.1,-0.472
1520.0,8400.0,3530.9,-0.072
1600.0,8400.0,3526.3,-0.036
1680.0,8400.0,3523.8,0.001
1760.0,8400.0,3529.0,-0.557
1840.0,8400.0,3527.5,-0.401
1920.0,8400.0,3520.8,-0.038
2000.0,8400.0,3528.0,-0.437
2080.0,8400.0,3524.8,-0.527
2160.0,8400.0,3523.0,-0.342
2240.0,8400.0,3522.1,-0.422
2320.0,8400.0,3524.7,-0.374
2400.0,8400.0,3517.3,0.037
2480.0,8400.0,3524.6,0.282
2560.0,8400.0,3517.3,0.369
2640.0,8400.0,3512.4,0.959
2720.0,8400.0,3512.6,0.312
2800.0,8400.0,3511.6,0.345
2880.0,8400.0,3513.5,-0.006
2960.0,8400.0,3511.8,-0.208
3040.0,8400.0,3511.3,-0.506
3120.0,8400.0,3509.2,-0.604
3200.0,8400.0,3507.6,-0.48
3280.0,8400.0,3507.7,-0.43
3360.0,8400.0,3508.1,-0.675
3440.0,8400.0,3507.7,-0.355
3520.0,8400.0,3511.5,-0.292
3600.0,8400.0,3507.9,0.007
3680.0,8400.0,3502.5,0.151
3760.0,8400.0,3507.3,0.076
3840.0,8400.0,3503.7,0.107
3920.0,8400.0,3500.4,0.664
4000.0,8400.0,3500.2,0.49
4080.0,8400.0,3500.9,0.713
4160.0,8400.0,3505.0,0.257
4240.0,8400.0,3507.2,0.498
4320.0,8400.0,3504.5,0.087
4400.0,8400.0,3500.5,-0.16
4480.0,8400.0,3504.8,0.085
4560.0,8400.0,3500.5,0.254
4640.0,8400.0,3503.2,0.143
4720.0,8400.0,3510.5,0.252
4800.0,8400.0,3502.2,0.354
4880.0,8400.0,3505.6,-0.142
4960.0,8400.0,3502.2,0.365
5040.0,8400.0,3505.4,1.013
5120.0,8400.0,3503.5,0.546
5200.0,8400.0,3506.0,0.469
5280.0,8400.0,3504.1,0.877
5360.0,8400.0,3507.5,0.243
5440.0,8400.0,3503.7,0.869
5520.0,8400.0,3507.4,0.683
5600.0,8400.0,3505.2,0.355
5680.0,8400.0,3504.2,0.416
5760.0,8400.0,3502.6,0.67
5840.0,8400.0,3511.0,0.557
5920.0,8400.0,3505.2,0.306
6000.0,8400.0,3501.9,1.137
6080.0,8400.0,3503.4,1.143
6160.0,8400.0,3501.2,0.827
6240.0,8400.0,3504.0,0.647
6320.0,8400.0,3505.7,0.812
6400.0,8400.0,3500.5,0.771
6480.0,8400.0,3501.0,0.415
6560.0,8400.0,3498.9,0.79
6640.0,8400.0,3503.0,0.564
6720.0,8400.0,3498.6,0.456
6800.0,8400.0,3502.8,0.141
6880.0,8400.0,3497.4,-0.294
6960.0,8400.0,3503.1,-0.144
7040.0,8400.0,3494.8,-0.138
7120.0,8400.0,3497.2,-0.404
7200.0,8400.0,3497.0,-0.253
7280.0,8400.0,3496.6,-0.601
7360.0,8400.0,3501.9,-0.473
7440.0,8400.0,3499.7,-0.412
7520.0,8400.0,3497.0,-0.777
7600.0,8400.0,3496.9,-0.436
7680.0,8400.0,3502.0,-0.312
7760.0,8400.0,3502.3,0.11
7840.0,8400.0,3498.4,0.146
7920.0,8400.0,3504.2,-0.237
8000.0,8400.0,3499.4,-0.017
8080.0,8400.0,3500.3,-0.108
8160.0,8400.0,3504.0,0.203
8240.0,8400.0,3498.8,0.416
8320.0,8400.0,3502.1,0.514
8400.0,8400.0,3503.6,0.41
8480.0,8400.0,3509.4,0.001
8560.0,8400.0,3509.9,0.491
8640.0,8400.0,3506.2,0.796
8720.0,8400.0,3513.1,0.664
8800.0,8400.0,3513.9,0.54
8880.0,8400.0,3515.2,0.332
8960.0,8400.0,3521.6,0.483
9040.0,8400.0,3519.7,0.248
9120.0,8400.0,3526.7,-0.015
9200.0,8400.0,3525.8,0.074
9280.0,8400.0,3529.0,0.137
9360.0,8400.0,3536.2,-0.15
9440.0,8400.0,3534.1,0.084
9520.0,8400.0,3529.3,-0.231
9600.0,8400.0,3539.5,0.329
9680.0,8400.0,3538.6,0.827
9760.0,8400.0,3541.9,0.595
9840.0,8400.0,3542.3,0.854
9920.0,8400.0,3549.7,0.132
10000.0,8400.0,3551.7,-0.086
10080.0,8400.0,3556.5,0.163
10160.0,8400.0,3553.1,-0.261
10240.0,8400.0,3555.9,-0.39
10320.0,8400.0,3557.1,-0.071
10400.0,8400.0,3561.5,-0.238
0.0,8480.0,3534.2,1.16
80.0,8480.0,3533.9,1.259
160.0,8480.0,3535.9,1.015
240.0,8480.0,3539.6,0.879
320.0,8480.0,3533.3,0.751
400.0,8480.0,3538.2,0.809
480.0,8480.0,3537.1,0.55
560.0,8480.0,3533.5,0.433
640.0,8480.0,3540.5,0.558
720.0,8480.0,3536.0,-0.069
800.0,8480.0,3535.6,0.097
880.0,8480.0,3534.4,-0.224
960.0,8480.0,3533.8,0.04
1040.0,8480.0,3533.8,0.105
1120.0,8480.0,3538.3,0.347
1200.0,8480.0,3531.4,-0.153
1280.0,8480.0,3533.0,-0.135
1360.0,8480.0,3532.2,0.071
1440.0,8480.0,3529.3,-0.326
1520.0,8480.0,3532.3,-0.073
1600.0,8480.0,3529.8,-0.303
1680.0,8480.0,3525.1,0.09
1760.0,8480.0,3530.3,0.112
1840.0,8480.0,3527.4,-0.341
1920.0,8480.0,3526.1,-0.872
2000.0,8480.0,3526.3,-0.699
2080.0,8480.0,3522.6,-0.248
2160.0,8480.0,3521.2,-0.487
2240.0,8480.0,3519.5,-0.373
2320.0,8480.0,3515.6,0.04
2400.0,8480.0,3514.9,-0.123
2480.0,8480.0,3522.7,0.526
2560.0,8480.0,3517.0,0.524
2640.0,8480.0,3517.9,0.4
2720.0,8480.0,3517.3,0.497
2800.0,8480.0,3512.1,0.461
2880.0,8480.0,3508.6,0.029
2960.0,8480.0,3514.6,0.2
3040.0,8480.0,3515.9,-0.509
3120.0,8480.0,3509.7,0.003
3200.0,8480.0,3505.2,-0.312
3280.0,8480.0,3506.4,-0.441
3360.0,8480.0,3505.0,-0.286
3440.0,8480.0,3510.3,-0.134
3520.0,8480.0,3507.1,-0.191
3600.0,8480.0,3501.7,0.171
3680.0,8480.0,3505.8,-0.243
3760.0,8480.0,3506.8,0.133
3840.0,8480.0,3507.5,0.263
3920.0,8480.0,3505.9,0.835
4000.0,8480.0,3504.2,0.178
4080.0,8480.0,3507.4,0.391
4160.0,8480.0,3497.7,0.602
4240.0,8480.0,3504.6,0.165
4320.0,8480.0,3503.6,0.153
4400.0,8480.0,3501.5,0.002
4480.0,8480.0,3503.4,0.04
4560.0,8480.0,3504.8,0.482
4640.0,8480.0,3501.0,0.693
4720.0,8480.0,3505.3,0.824
4800.0,8480.0,3504.8,0.747
4880.0,8480.0,3499.9,0.852
4960.0,8480.0,3504.7,0.759
5040.0,8480.0,3509.7,0.877
5120.0,8480.0,3500.4,0.795
5200.0,8480.0,3499.5,0.878
5280.0,8480.0,3505.3,1.204
5360.0,8480.0,3505.6,0.997
5440.0,8480.0,3499.1,0.785
5520.0,8480.0,3502.9,0.753
5600.0,8480.0,3506.7,0.738
5680.0,8480.0,3502.4,0.457
5760.0,8480.0,3506.0,0.989
5840.0,8480.0,3507.5,0.511
5920.0,8480.0,3509.0,0.62
6000.0,8480.0,3502.2,0.869
6080.0,8480.0,3506.9,0.737
6160.0,8480.0,3503.3,0.488
6240.0,8480.0,3502.9,0.605
6320.0,8480.0,3501.8,0.714
6400.0,8480.0,3502.2,0.612
6480.0,8480.0,3507.2,0.582
6560.0,8480.0,3496.7,0.381
6640.0,8480.0,3501.1,0.214
6720.0,8480.0,3500.7,0.929
6800.0,8480.0,3498.2,0.452
6880.0,8480.0,3499.4,-0.325
6960.0,8480.0,3499.3,0.347
7040.0,8480.0,3501.3,0.211
7120.0,8480.0,3496.6,-0.398
7200.0,8480.0,3504.2,-0.283
7280.0,8480.0,3500.7,-0.433
7360.0,8480.0,3493.4,-0.108
7440.0,8480.0,3498.5,-0.661
7520.0,8480.0,3495.7,-0.526
7600.0,8480.0,3502.1,-0.284
7680.0,8480.0,3492.9,-0.489
7760.0,8480.0,3499.6,-0.311
7840.0,8480.0,3491.7,-0.155
7920.0,8480.0,3495.7,-0.316
8000.0,8480.0,3501.6,-0.536
8080.0,8480.0,3503.5,-0.123
8160.0,8480.0,3503.5,0.299
8240.0,8480.0,3500.4,0.121
8320.0,8480.0,3499.8,-0.188
8400.0,8480.0,3504.4,0.79
8480.0,8480.0,3502.8,0.406
8560.0,8480.0,3507.5,0.503
8640.0,8480.0,3513.8,0.446
8720.0,8480.0,3509.0,0.621
8800.0,8480.0,3514.5,0.462
8880.0,8480.0,3519.5,0.141
8960.0,8480.0,3521.3,0.351
9040.0,8480.0,3515.7,0.26
9120.0,8480.0,3520.2,-0.006
9200.0,8480.0,3526.0,0.557
9280.0,8480.0,3529.3,0.013
9360.0,8480.0,3527.3,0.469
9440.0,8480.0,3527.4,0.364
9520.0,8480.0,3535.2,0.477
9600.0,8480.0,3538.3,0.522
9680.0,8480.0,3533.3,0.615
9760.0,8480.0,3539.6,0.371
9840.0,8480.0,3543.6,0.674
9920.0,8480.0,3547.1,-0.015
10000.0,8480.0,3548.5,-0.096
10080.0,8480.0,3550.8,-0.156
10160.0,8480.0,3550.9,0.555
10240.0,8480.0,3553.6,-0.274
10320.0,8480.0,3556.2,-0.165
10400.0,8480.0,3557.9,-0.379
0.0,8560.0,3530.1,1.202
80.0,8560.0,3534.9,1.665
160.0,8560.0,3535.6,1.457
240.0,8560.0,3532.0,1.009
320.0,8560.0,3526.1,0.95
400.0,8560.0,3536.3,0.452
480.0,8560.0,3533.5,0.578
560.0,8560.0,3533.6,0.857
640.0,8560.0,3536.2,0.367
720.0,8560.0,3536.8,0.284
800.0,8560.0,3535.4,0.331
880.0,8560.0,3536.0,0.082
960.0,8560.0,3533.1,0.444
1040.0,8560.0,3533.9,0.581
1120.0,8560.0,3529.3,0.246
1200.0,8560.0,3534.2,-0.201
1280.0,8560.0,3532.7,0.097
1360.0,8560.0,3527.4,0.604
1440.0,8560.0,3533.7,0.093
1520.0,8560.0,3527.9,-0.015
1600.0,8560.0,3525.1,-0.088
1680.0,8560.0,3531.5,-0.111
1760.0,8560.0,3527.1,-0.599
1840.0,8560.0,3524.6,-0.754
1920.0,8560.0,3523.1,-0.324
2000.0,8560.0,3526.3,-0.419
2080.0,8560.0,3523.4,-0.246
2160.0,8560.0,3521.9,-0.703
2240.0,8560.0,3515.6,-0.554
2320.0,8560.0,3520.9,-0.007
2400.0,8560.0,3524.5,0.032
2480.0,8560.0,3518.8,0.479
2560.0,8560.0,3515.0,0.707
2640.0,8560.0,3517.5,0.625
2720.0,8560.0,3510.1,0.574
2800.0,8560.0,3513.8,0.617
2880.0,8560.0,3509.9,0.146
2960.0,8560.0,3506.8,0.167
3040.0,8560.0,3509.9,0.347
3120.0,8560.0,3508.7,-0.223
3200.0,8560.0,3505.3,-0.296
3280.0,8560.0,3508.1,-0.059
3360.0,8560.0,3508.7,0.086
3440.0,8560.0,3508.2,-0.29
3520.0,8560.0,3506.5,0.176
3600.0,8560.0,3508.6,0.146
3680.0,8560.0,3510.3,-0.102
3760.0,8560.0,3501.2,0.006
3840.0,8560.0,3501.6,0.113
3920.0,8560.0,3511.2,0.375
4000.0,8560.0,3507.5,0.509
4080.0,8560.0,3504.9,0.878
4160.0,8560.0,3500.9,0.481
4240.0,8560.0,3504.7,0.4
4320.0,8560.0,3502.8,0.587
4400.0,8560.0,3499.9,0.41
4480.0,8560.0,3502.8,0.373
4560.0,8560.0,3497.7,-0.012
4640.0,8560.0,3502.7,0.59
4720.0,8560.0,3503.9,0.671
4800.0,8560.0,3505.6,0.408
4880.0,8560.0,3507.1,0.566
4960.0,8560.0,3502.8,0.285
5040.0,8560.0,3503.2,0.857
5120.0,8560.0,3501.8,1.111
5200.0,8560.0,3498.8,1.132
5280.0,8560.0,3504.3,1.527
5360.0,8560.0,3503.6,1.26
5440.0,8560.0,3504.2,0.993
5520.0,8560.0,3501.7,1.036
5600.0,8560.0,3500.3,1.278
5680.0,8560.0,3504.0,1.08
5760.0,8560.0,3507.6,0.998
5840.0,8560.0,3507.0,1.23
5920.0,8560.0,3504.1,1.119
6000.0,8560.0,3501.4,0.979
6080.0,8560.0,3510.8,0.733
6160.0,8560.0,3507.5,0.961
6240.0,8560.0,3496.4,1.01
6320.0,8560.0,3497.4,1.06
6400.0,8560.0,3495.9,1.038
6480.0,8560.0,3498.9,1.139
6560.0,8560.0,3502.2,0.933
6640.0,8560.0,3494.7,0.662
6720.0,8560.0,3493.0,0.54
6800.0,8560.0,3495.7,-0.102
6880.0,8560.0,3493.8,0.102
6960.0,8560.0,3498.7,-0.195
7040.0,8560.0,3498.4,-0.151
7120.0,8560.0,3497.2,-0.788
7200.0,8560.0,3500.9,0.042
7280.0,8560.0,3502.6,-0.204
7360.0,8560.0,3497.0,-0.543
7440.0,8560.0,3495.6,-0.497
7520.0,8560.0,3495.4,-0.4
7600.0,8560.0,3495.9,-0.332
7680.0,8560.0,3494.9,-0.104
7760.0,8560.0,3489.7,0.263
7840.0,8560.0,3497.1,-0.277
7920.0,8560.0,3497.8,-0.289
8000.0,8560.0,3494.6,0.478
8080.0,8560.0,3499.1,0.234
8160.0,8560.0,3499.4,0.279
8240.0,8560.0,3499.0,0.45
8320.0,8560.0,3505.7,0.306
8400.0,8560.0,3500.2,0.445
8480.0,8560.0,3502.4,0.533
8560.0,8560.0,3503.7,0.237
8640.0,8560.0,3507.3,0.594
8720.0,8560.0,3507.2,0.575
8800.0,8560.0,3511.5,0.478
8880.0,8560.0,3513.2,0.193
8960.0,8560.0,3518.9,0.655
9040.0,8560.0,3511.7,0.186
9120.0,8560.0,3525.9,0.087
9200.0,8560.0,3527.2,0.357
9280.0,8560.0,3525.4,0.181
9360.0,8560.0,3530.4,0.723
9440.0,8560.0,3525.7,0.265
9520.0,8560.0,3527.8,0.303
9600.0,8560.0,3532.4,0.223
9680.0,8560.0,3535.8,0.428
9760.0,8560.0,3542.2,0.116
9840.0,8560.0,3540.6,-0.085
9920.0,8560.0,3543.7,-0.225
10000.0,8560.0,3547.0,-0.239
10080.0,8560.0,3543.8,-0.288
10160.0,8560.0,3548.8,-0.014
10240.0,8560.0,3549.0,0.23
10320.0,8560.0,3555.4,0.141
10400.0,8560.0,3556.5,-0.491
0.0,8640.0,3533.3,1.611
80.0,8640.0,3534.3,1.334
160.0,8640.0,3528.7,1.591
240.0,8640.0,3531.0,1.119
320.0,8640.0,3528.8,0.744
400.0,8640.0,3530.4,0.759
480.0,8640.0,3536.2,1.036
560.0,8640.0,3534.4,0.442
640.0,8640.0,3535.6,0.533
720.0,8640.0,3533.8,0.791
800.0,8640.0,3537.5,0.769
880.0,8640.0,3536.7,0.234
960.0,8640.0,3528.9,0.115
1040.0,8640.0,3533.9,0.486
1120.0,8640.0,3533.4,0.336
1200.0,8640.0,3529.9,0.126
1280.0,8640.0,3527.2,-0.154
1360.0,8640.0,3533.8,0.136
1440.0,8640.0,3530.7,0.056
1520.0,8640.0,3532.7,0.745
1600.0,8640.0,3529.9,0.166
1680.0,8640.0,3529.0,-0.372
1760.0,8640.0,3524.8,-0.477
1840.0,8640.0,3532.8,-0.268
1920.0,8640.0,3527.5,-0.41
2000.0,8640.0,3521.6,0.001
2080.0,8640.0,3524.9,-0.198
2160.0,8640.0,3517.8,-0.301
2240.0,8640.0,3518.2,-0.234
2320.0,8640.0,3515.7,0.504
2400.0,8640.0,3517.0,0.493
2480.0,8640.0,3515.0,0.416
2560.0,8640.0,3515.1,0.291
2640.0,8640.0,3513.0,0.454
2720.0,8640.0,3508.2,0.389
2800.0,8640.0,3511.2,0.325
2880.0,8640.0,3510.9,0.507
2960.0,8640.0,3506.4,-0.164
3040.0,8640.0,3509.5,-0.155
3120.0,8640.0,3507.0,-0.028
3200.0,8640.0,3507.0,0.092
3280.0,8640.0,3507.3,0.115
3360.0,8640.0,3504.7,-0.091
3440.0,8640.0,3503.6,0.408
3520.0,8640.0,3497.2,0.167
3600.0,8640.0,3507.2,0.101
3680.0,8640.0,3502.6,0.339
3760.0,8640.0,3496.5,0.076
3840.0,8640.0,3501.9,0.201
3920.0,8640.0,3497.1,0.573
4000.0,8640.0,3506.0,0.423
4080.0,8640.0,3495.4,0.68
4160.0,8640.0,3496.4,0.455
4240.0,8640.0,3504.1,0.083
4320.0,8640.0,3499.4,0.324
4400.0,8640.0,3501.7,0.574
4480.0,8640.0,3502.4,0.207
4560.0,8640.0,3501.1,-0.058
4640.0,8640.0,3502.2,0.698
4720.0,8640.0,3506.0,0.165
4800.0,8640.0,3500.1,0.622
4880.0,8640.0,3498.3,0.658
4960.0,8640.0,3505.7,0.655
5040.0,8640.0,3504.3,1.12
5120.0,8640.0,3503.9,1.688
5200.0,8640.0,3501.0,1.366
5280.0,8640.0,3504.5,1.546
5360.0,8640.0,3504.1,1.342
5440.0,8640.0,3500.0,1.52
5520.0,8640.0,3506.1,1.376
5600.0,8640.0,3496.6,1.379
5680.0,8640.0,3504.5,1.474
5760.0,8640.0,3503.8,1.354
5840.0,8640.0,3495.6,1.118
5920.0,8640.0,3502.4,1.427
6000.0,8640.0,3500.6,1.019
6080.0,8640.0,3502.4,1.177
6160.0,8640.0,3501.1,1.321
6240.0,8640.0,3502.9,1.094
6320.0,8640.0,3500.5,0.853
6400.0,8640.0,3497.3,0.896
6480.0,8640.0,3494.3,0.83
6560.0,8640.0,3499.6,1.246
6640.0,8640.0,3497.2,0.545
6720.0,8640.0,3495.2,0.39
6800.0,8640.0,3494.2,0.381
6880.0,8640.0,3499.9,0.061
6960.0,8640.0,3501.3,0.115
7040.0,8640.0,3496.5,-0.05
7120.0,8640.0,3497.9,0.039
7200.0,8640.0,3494.8,0.214
7280.0,8640.0,3495.1,0.167
7360.0,8640.0,3498.6,-0.203
7440.0,8640.0,3498.6,-0.59
7520.0,8640.0,3499.9,-0.287
7600.0,8640.0,3497.2,-0.118
7680.0,8640.0,3496.5,-0.295
7760.0,8640.0,3489.7,-0.453
7840.0,8640.0,3493.6,-0.213
7920.0,8640.0,3498.3,0.086
8000.0,8640.0,3494.3,0.21
8080.0,8640.0,3494.8,-0.021
8160.0,8640.0,3502.5,0.228
8240.0,8640.0,3502.3,-0.119
8320.0,8640.0,3500.4,0.054
8400.0,8640.0,3499.9,0.217
8480.0,8640.0,3498.2,0.128
8560.0,8640.0,3505.6,-0.025
8640.0,8640.0,3504.7,0.443
8720.0,8640.0,3507.6,0.317
8800.0,8640.0,3509.6,0.699
8880.0,8640.0,3513.9,0.318
8960.0,8640.0,3515.7,0.44
9040.0,8640.0,3512.7,0.389
9120.0,8640.0,3517.8,0.351
9200.0,8640.0,3520.1,0.462
9280.0,8640.0,3516.4,0.12
9360.0,8640.0,3520.1,0.355
9440.0,8640.0,3529.3,0.375
9520.0,8640.0,3529.6,0.306
9600.0,8640.0,3529.3,0.046
9680.0,8640.0,3532.4,0.168
9760.0,8640.0,3534.5,-0.229
9840.0,8640.0,3539.2,-0.805
9920.0,8640.0,3537.9,-0.496
10000.0,8640.0,3540.7,0.184
10080.0,8640.0,3543.5,-0.256
10160.0,8640.0,3547.4,-0.056
10240.0,8640.0,3554.1,-0.046
10320.0,8640.0,3556.2,-0.247
10400.0,8640.0,3552.1,-0.052
0.0,8720.0,3538.0,1.138
80.0,8720.0,3533.7,1.324
160.0,8720.0,3532.2,0.807
240.0,8720.0,3534.2,0.827
320.0,8720.0,3532.4,0.867
400.0,8720.0,3533.5,0.571
480.0,8720.0,3537.1,0.237
560.0,8720.0,3532.6,0.463
640.0,8720.0,3527.8,0.498
720.0,8720.0,3528.1,0.29
800.0,8720.0,3537.2,0.756
880.0,8720.0,3539.9,0.367
960.0,8720.0,3536.1,0.692
1040.0,8720.0,3532.0,0.563
1120.0,8720.0,3530.0,0.592
1200.0,8720.0,3532.6,0.239
1280.0,8720.0,3533.5,-0.096
1360.0,8720.0,3532.7,0.153
1440.0,8720.0,3529.1,0.104
1520.0,8720.0,3532.7,0.356
1600.0,8720.0,3527.4,0.06
1680.0,8720.0,3526.6,-0.013
1760.0,8720.0,3528.2,-0.135
1840.0,8720.0,3520.1,0.019
1920.0,8720.0,3521.5,-0.378
2000.0,8720.0,3524.1,-0.644
2080.0,8720.0,3521.8,-0.018
2160.0,8720.0,3518.6,-0.353
2240.0,8720.0,3512.2,-0.187
2320.0,8720.0,3517.2,0.026
2400.0,8720.0,3515.1,0.0
2480.0,8720.0,3517.3,0.624
2560.0,8720.0,3511.8,0.481
2640.0,8720.0,3513.9,0.195
2720.0,8720.0,3514.4,0.406
2800.0,8720.0,3510.3,0.225
2880.0,8720.0,3512.3,-0.016
2960.0,8720.0,3512.8,-0.125
3040.0,8720.0,3504.1,-0.004
3120.0,8720.0,3503.0,-0.183
3200.0,8720.0,3505.2,0.247
3280.0,8720.0,3503.3,0.394
3360.0,8720.0,3502.6,0.268
3440.0,8720.0,3501.8,0.366
3520.0,8720.0,3495.5,0.539
3600.0,8720.0,3501.4,0.45
3680.0,8720.0,3504.2,0.41
3760.0,8720.0,3497.1,-0.23
3840.0,8720.0,3497.2,-0.175
3920.0,8720.0,3503.7,-0.229
4000.0,8720.0,3500.2,-0.139
4080.0,8720.0,3502.8,0.037
4160.0,8720.0,3504.4,0.284
4240.0,8720.0,3495.4,0.112
4320.0,8720.0,3498.0,0.478
4400.0,8720.0,3499.2,0.686
4480.0,8720.0,3502.2,0.63
4560.0,8720.0,3495.4,0.317
4640.0,8720.0,3499.9,0.165
4720.0,8720.0,3497.6,0.898
4800.0,8720.0,3499.7,0.698
4880.0,8720.0,3504.0,0.783
4960.0,8720.0,3498.8,0.919
5040.0,8720.0,3498.5,0.9
5120.0,8720.0,3507.9,0.965
5200.0,8720.0,3503.8,1.632
5280.0,8720.0,3497.7,1.312
5360.0,8720.0,3503.0,1.465
5440.0,8720.0,3501.0,1.316
5520.0,8720.0,3506.2,1.638
5600.0,8720.0,3504.0,1.432
5680.0,8720.0,3499.8,1.35
5760.0,8720.0,3491.5,1.497
5840.0,8720.0,3502.1,1.481
5920.0,8720.0,3502.3,1.496
6000.0,8720.0,3501.4,0.908
6080.0,8720.0,3499.9,1.527
6160.0,8720.0,3502.5,1.503
6240.0,8720.0,3504.0,1.047
6320.0,8720.0,3505.7,0.47
6400.0,8720.0,3498.0,0.88
6480.0,8720.0,3495.3,0.882
6560.0,8720.0,3497.5,0.511
6640.0,8720.0,3496.4,0.677
6720.0,8720.0,3497.5,0.894
6800.0,8720.0,3495.3,0.6
6880.0,8720.0,3496.2,0.267
6960.0,8720.0,3492.0,0.068
7040.0,8720.0,3496.2,0.241
7120.0,8720.0,3497.5,0.491
7200.0,8720.0,3498.9,0.036
7280.0,8720.0,3492.3,0.343
7360.0,8720.0,3488.9,-0.017
7440.0,8720.0,3498.4,-0.74
7520.0,8720.0,3490.1,-0.422
7600.0,8720.0,3496.8,-0.384
7680.0,8720.0,3496.5,0.241
7760.0,8720.0,3496.9,-0.231
7840.0,8720.0,3499.4,-0.188
7920.0,8720.0,3498.4,0.118
8000.0,8720.0,3490.8,0.017
8080.0,8720.0,3498.6,0.334
8160.0,8720.0,3498.4,0.16
8240.0,8720.0,3500.3,0.373
8320.0,8720.0,3495.3,0.331
8400.0,8720.0,3501.2,0.019
8480.0,8720.0,3500.2,0.187
8560.0,8720.0,3504.1,0.221
8640.0,8720.0,3502.8,0.151
8720.0,8720.0,3510.0,0.384
8800.0,8720.0,3510.2,0.239
8880.0,8720.0,3510.5,0.239
8960.0,8720.0,3510.6,0.389
9040.0,8720.0,3514.8,0.495
9120.0,8720.0,3512.1,0.146
9200.0,8720.0,3521.5,0.381
9280.0,8720.0,3519.3,0.291
9360.0,8720.0,3526.3,0.382
9440.0,8720.0,3524.5,0.124
9520.0,8720.0,3525.7,-0.094
9600.0,8720.0,3526.4,0.157
9680.0,8720.0,3534.3,-0.075
9760.0,8720.0,3534.7,0.244
9840.0,8720.0,3542.6,-0.254
9920.0,8720.0,3539.1,-0.102
10000.0,8720.0,3538.2,-0.318
10080.0,8720.0,3541.4,-0.24
10160.0,8720.0,3547.4,0.024
10240.0,8720.0,3549.2,-0.323
10320.0,8720.0,3549.5,-0.34
10400.0,8720.0,3548.6,-0.475
0.0,8800.0,3527.2,1.04
80.0,8800.0,3535.4,0.999
160.0,8800.0,3537.3,1.15
240.0,8800.0,3534.0,1.084
320.0,8800.0,3531.5,0.613
400.0,8800.0,3528.6,0.199
480.0,8800.0,3531.4,0.591
560.0,8800.0,3538.1,0.211
640.0,8800.0,3533.7,0.474
720.0,8800.0,3526.9,0.856
800.0,8800.0,3530.5,0.38
880.0,8800.0,3532.0,0.377
960.0,8800.0,3529.5,0.457
1040.0,8800.0,3533.0,0.39
1120.0,8800.0,3537.0,-0.1
1200.0,8800.0,3531.6,0.112
1280.0,8800.0,3528.7,-0.237
1360.0,8800.0,3528.5,0.183
1440.0,8800.0,3534.0,0.077
1520.0,8800.0,3525.0,0.431
1600.0,8800.0,3527.6,-0.078
1680.0,8800.0,3526.7,-0.17
1760.0,8800.0,3523.7,-0.339
1840.0,8800.0,3526.6,-0.364
1920.0,8800.0,3520.2,-0.312
2000.0,8800.0,3521.0,-0.437
2080.0,8800.0,3523.5,-0.173
2160.0,8800.0,3518.0,-0.385
2240.0,8800.0,3522.8,-0.141
2320.0,8800.0,3518.5,0.185
2400.0,8800.0,3514.3,0.153
2480.0,8800.0,3510.9,0.596
2560.0,8800.0,3511.6,0.516
2640.0,8800.0,3507.8,0.775
2720.0,8800.0,3513.2,0.289
2800.0,8800.0,3507.7,0.746
2880.0,8800.0,3504.0,0.569
2960.0,8800.0,3505.2,0.195
3040.0,8800.0,3502.1,0.103
3120.0,8800.0,3502.3,0.008
3200.0,8800.0,3500.0,-0.107
3280.0,8800.0,3500.7,-0.26
3360.0,8800.0,3504.1,-0.081
3440.0,8800.0,3504.9,-0.089
3520.0,8800.0,3501.7,0.631
3600.0,8800.0,3498.1,0.341
3680.0,8800.0,3499.6,0.323
3760.0,8800.0,3501.9,0.535
3840.0,8800.0,3499.4,-0.051
3920.0,8800.0,3499.5,-0.099
4000.0,8800.0,3500.0,0.237
4080.0,8800.0,3497.7,0.123
4160.0,8800.0,3501.3,-0.185
4240.0,8800.0,3499.8,0.51
4320.0,8800.0,3496.4,0.773
4400.0,8800.0,3502.7,0.665
4480.0,8800.0,3496.0,0.863
4560.0,8800.0,3493.2,0.433
4640.0,8800.0,3497.8,0.212
4720.0,8800.0,3496.7,0.59
4800.0,8800.0,3499.1,0.987
4880.0,8800.0,3505.2,0.674
4960.0,8800.0,3505.6,0.735
5040.0,8800.0,3502.5,1.042
5120.0,8800.0,3497.8,1.04
5200.0,8800.0,3497.0,0.973
5280.0,8800.0,3503.8,1.355
5360.0,8800.0,3500.4,1.821
5440.0,8800.0,3498.6,2.115
5520.0,8800.0,3500.9,1.909
5600.0,8800.0,3503.3,1.284
5680.0,8800.0,3500.2,2.123
5760.0,8800.0,3496.5,1.635
5840.0,8800.0,3501.5,1.627
5920.0,8800.0,3503.8,1.637
6000.0,8800.0,3497.2,1.32
6080.0,8800.0,3504.9,1.851
6160.0,8800.0,3502.4,1.627
6240.0,8800.0,3498.3,1.736
6320.0,8800.0,3503.9,1.074
6400.0,8800.0,3499.7,1.059
6480.0,8800.0,3499.0,0.919
6560.0,8800.0,3499.9,0.884
6640.0,8800.0,3498.3,0.772
6720.0,8800.0,3490.0,0.764
6800.0,8800.0,3493.7,0.545
6880.0,8800.0,3494.8,0.33
6960.0,8800.0,3499.0,0.238
7040.0,8800.0,3494.9,0.45
7120.0,8800.0,3495.0,0.252
7200.0,8800.0,3500.6,0.112
7280.0,8800.0,3491.1,-0.112
7360.0,8800.0,3493.5,-0.361
7440.0,8800.0,3495.6,0.108
7520.0,8800.0,3492.7,-0.442
7600.0,8800.0,3491.8,0.222
7680.0,8800.0,3495.6,0.123
7760.0,8800.0,3493.9,0.433
7840.0,8800.0,3497.7,-0.102
7920.0,8800.0,3495.7,0.176
8000.0,8800.0,3491.4,-0.077
8080.0,8800.0,3500.0,0.099
8160.0,8800.0,3495.7,0.708
8240.0,8800.0,3494.6,0.517
8320.0,8800.0,3499.8,0.266
8400.0,8800.0,3500.0,0.516
8480.0,8800.0,3497.0,0.219
8560.0,8800.0,3500.8,0.309
8640.0,8800.0,3502.2,0.871
8720.0,8800.0,3506.3,0.853
8800.0,8800.0,3508.0,0.251
8880.0,8800.0,3511.3,0.606
8960.0,8800.0,3511.3,0.058
9040.0,8800.0,3510.9,0.424
9120.0,8800.0,3512.5,0.097
9200.0,8800.0,3518.0,0.04
9280.0,8800.0,3520.4,0.388
9360.0,8800.0,3522.9,0.497
9440.0,8800.0,3520.4,0.399
9520.0,8800.0,3525.9,-0.096
9600.0,8800.0,3530.5,0.274
9680.0,8800.0,3525.8,0.193
9760.0,8800.0,3535.7,-0.118
9840.0,8800.0,3532.0,0.036
9920.0,8800.0,3540.3,0.004
10000.0,8800.0,3532.4,-0.54
10080.0,8800.0,3538.3,-0.053
10160.0,8800.0,3542.2,-0.438
10240.0,8800.0,3544.1,-0.479
10320.0,8800.0,3545.3,-0.153
10400.0,8800.0,3543.8,-0.44
0.0,8880.0,3532.0,1.015
80.0,8880.0,3533.3,0.767
160.0,8880.0,3529.8,0.863
240.0,8880.0,3533.9,0.987
320.0,8880.0,3535.7,1.085
400.0,8880.0,3533.3,0.784
480.0,8880.0,3534.4,0.286
560.0,8880.0,3534.9,0.131
640.0,8880.0,3537.9,0.692
720.0,8880.0,3535.4,0.211
800.0,8880.0,3526.8,0.676
880.0,8880.0,3532.3,0.862
960.0,8880.0,3532.5,0.572
1040.0,8880.0,3531.8,-0.006
1120.0,8880.0,3531.7,0.434
1200.0,8880.0,3534.2,0.453
1280.0,8880.0,3529.6,-0.187
1360.0,8880.0,3531.6,0.098
1440.0,8880.0,3523.5,0.326
1520.0,8880.0,3527.9,-0.313
1600.0,8880.0,3525.4,-0.324
1680.0,8880.0,3529.4,-0.072
1760.0,8880.0,3525.0,-0.06
1840.0,8880.0,3524.9,-0.099
1920.0,8880.0,3518.0,0.355
2000.0,8880.0,3522.9,0.019
2080.0,8880.0,3517.6,-0.16
2160.0,8880.0,3516.9,0.236
2240.0,8880.0,3515.8,0.377
2320.0,8880.0,3518.1,0.164
2400.0,8880.0,3519.8,0.065
2480.0,8880.0,3509.6,0.119
2560.0,8880.0,3510.6,0.14
2640.0,8880.0,3513.7,0.164
2720.0,8880.0,3510.7,0.49
2800.0,8880.0,3509.3,0.396
2880.0,8880.0,3507.2,0.004
2960.0,8880.0,3510.5,0.226
3040.0,8880.0,3504.2,0.151
3120.0,8880.0,3505.7,-0.171
3200.0,8880.0,3504.0,-0.079
3280.0,8880.0,3505.5,0.276
3360.0,8880.0,3502.3,-0.131
3440.0,8880.0,3497.3,0.062
3520.0,8880.0,3497.2,0.282
3600.0,8880.0,3500.6,0.3
3680.0,8880.0,3506.2,0.247
3760.0,8880.0,3500.3,0.267
3840.0,8880.0,3497.8,0.231
3920.0,8880.0,3502.7,-0.042
4000.0,8880.0,3498.2,0.333
4080.0,8880.0,3496.8,-0.183
4160.0,8880.0,3498.6,0.414
4240.0,8880.0,3499.2,-0.026
4320.0,8880.0,3501.0,0.447
4400.0,8880.0,3495.8,0.636
4480.0,8880.0,3497.6,0.047
4560.0,8880.0,3496.8,0.712
4640.0,8880.0,3492.4,0.41
4720.0,8880.0,3499.0,0.699
4800.0,8880.0,3495.9,0.812
4880.0,8880.0,3497.9,0.86
4960.0,8880.0,3500.8,0.668
5040.0,8880.0,3502.7,0.706
5120.0,8880.0,3504.3,1.401
5200.0,8880.0,3495.7,1.497
5280.0,8880.0,3500.0,1.355
5360.0,8880.0,3498.4,1.364
5440.0,8880.0,3499.1,1.883
5520.0,8880.0,3501.5,1.794
5600.0,8880.0,3502.1,1.731
5680.0,8880.0,3500.0,1.708
5760.0,8880.0,3503.6,1.698
5840.0,8880.0,3502.6,1.435
5920.0,8880.0,3502.6,1.2
6000.0,8880.0,3500.7,1.644
6080.0,8880.0,3496.0,1.611
6160.0,8880.0,3501.2,1.993
6240.0,8880.0,3503.4,1.636
6320.0,8880.0,3494.7,1.545
6400.0,8880.0,3500.5,1.64
6480.0,8880.0,3494.3,1.33
6560.0,8880.0,3498.7,0.956
6640.0,8880.0,3498.0,1.103
6720.0,8880.0,3493.9,0.953
6800.0,8880.0,3497.1,0.889
6880.0,8880.0,3496.9,0.666
6960.0,8880.0,3490.4,0.558
7040.0,8880.0,3496.6,0.566
7120.0,8880.0,3494.0,0.918
7200.0,8880.0,3491.5,0.586
7280.0,8880.0,3490.0,0.48
7360.0,8880.0,3493.7,0.049
7440.0,8880.0,3489.6,-0.039
7520.0,8880.0,3496.3,0.043
7600.0,8880.0,3495.0,0.061
7680.0,8880.0,3494.4,0.796
7760.0,8880.0,3492.9,0.545
7840.0,8880.0,3489.0,0.017
7920.0,8880.0,3499.7,0.188
8000.0,8880.0,3495.8,0.234
8080.0,8880.0,3488.7,0.05
8160.0,8880.0,3495.3,0.599
8240.0,8880.0,3499.1,0.692
8320.0,8880.0,3494.4,0.369
8400.0,8880.0,3503.9,0.35
8480.0,8880.0,3497.0,0.463
8560.0,8880.0,3502.3,0.294
8640.0,8880.0,3499.8,0.645
8720.0,8880.0,3504.2,0.572
8800.0,8880.0,3505.4,0.394
8880.0,8880.0,3509.7,0.789
8960.0,8880.0,3505.9,0.721
9040.0,8880.0,3513.8,0.272
9120.0,8880.0,3512.5,0.046
9200.0,8880.0,3513.5,0.39
9280.0,8880.0,3517.9,0.088
9360.0,8880.0,3518.4,0.415
9440.0,8880.0,3523.3,0.366
9520.0,8880.0,3523.1,0.041
9600.0,8880.0,3520.8,0.311
9680.0,8880.0,3529.4,0.543
9760.0,8880.0,3526.6,0.486
9840.0,8880.0,3534.2,0.314
9920.0,8880.0,3533.7,-0.115
10000.0,8880.0,3534.6,-0.054
10080.0,8880.0,3543.5,-0.217
10160.0,8880.0,3537.8,-0.231
10240.0,8880.0,3543.1,-0.564
10320.0,8880.0,3545.2,-0.328
10400.0,8880.0,3547.5,-0.243
0.0,8960.0,3531.8,1.066
80.0,8960.0,3533.6,0.974
160.0,8960.0,3528.0,0.606
240.0,8960.0,3525.9,0.567
320.0,8960.0,3531.9,0.569
400.0,8960.0,3525.3,0.508
480.0,8960.0,3531.4,0.622
560.0,8960.0,3535.3,0.749
640.0,8960.0,3538.3,1.034
720.0,8960.0,3535.2,0.271
800.0,8960.0,3531.3,0.219
880.0,8960.0,3532.3,0.736
960.0,8960.0,3530.4,0.551
1040.0,8960.0,3529.3,0.405
1120.0,8960.0,3530.7,0.397
1200.0,8960.0,3533.5,-0.018
1280.0,8960.0,3528.9,0.31
1360.0,8960.0,3528.1,0.378
1440.0,8960.0,3527.0,0.117
1520.0,8960.0,3528.3,-0.212
1600.0,8960.0,3521.4,-0.538
1680.0,8960.0,3532.6,0.12
1760.0,8960.0,3519.1,0.22
1840.0,8960.0,3522.5,-0.213
1920.0,8960.0,3521.9,-0.184
2000.0,8960.0,3516.5,-0.176
2080.0,8960.0,3516.1,0.099
2160.0,8960.0,3516.8,-0.177
2240.0,8960.0,3512.7,0.485
2320.0,8960.0,3517.2,0.545
2400.0,8960.0,3516.0,1.009
2480.0,8960.0,3514.2,0.345
2560.0,8960.0,3514.6,0.144
2640.0,8960.0,3512.8,0.224
2720.0,8960.0,3504.3,-0.027
2800.0,8960.0,3508.5,-0.182
2880.0,8960.0,3504.4,0.326
2960.0,8960.0,3502.8,-0.021
3040.0,8960.0,3502.9,0.234
3120.0,8960.0,3505.4,-0.239
3200.0,8960.0,3497.3,-0.407
3280.0,8960.0,3502.0,-0.469
3360.0,8960.0,3498.2,-0.22
3440.0,8960.0,3501.7,-0.457
3520.0,8960.0,3503.6,-0.263
3600.0,8960.0,3497.0,0.096
3680.0,8960.0,3499.2,-0.533
3760.0,8960.0,3501.4,-0.02
3840.0,8960.0,3498.3,-0.291
3920.0,8960.0,3496.6,0.313
4000.0,8960.0,3496.7,-0.029
4080.0,8960.0,3502.3,0.451
4160.0,8960.0,3496.1,0.455
4240.0,8960.0,3496.6,0.175
4320.0,8960.0,3495.3,0.708
4400.0,8960.0,3496.8,0.416
4480.0,8960.0,3495.2,0.601
4560.0,8960.0,3495.1,0.539
4640.0,8960.0,3496.8,0.933
4720.0,8960.0,3494.2,0.706
4800.0,8960.0,3500.6,0.93
4880.0,8960.0,3495.9,0.784
4960.0,8960.0,3502.0,1.114
5040.0,8960.0,3497.4,1.217
5120.0,8960.0,3500.0,1.391
5200.0,8960.0,3502.8,1.409
5280.0,8960.0,3492.7,1.735
5360.0,8960.0,3499.5,1.808
5440.0,8960.0,3499.1,1.577
5520.0,8960.0,3497.2,1.607
5600.0,8960.0,3498.4,1.768
5680.0,8960.0,3494.3,1.489
5760.0,8960.0,3497.5,2.085
5840.0,8960.0,3496.0,1.813
5920.0,8960.0,3502.0,1.826
6000.0,8960.0,3501.2,1.536
6080.0,8960.0,3500.6,2.042
6160.0,8960.0,3498.3,2.107
6240.0,8960.0,3499.9,2.087
6320.0,8960.0,3503.1,1.865
6400.0,8960.0,3495.3,1.139
6480.0,8960.0,3496.3,1.464
6560.0,8960.0,3495.2,1.273
6640.0,8960.0,3496.8,1.277
6720.0,8960.0,3499.8,1.244
6800.0,8960.0,3496.4,1.035
6880.0,8960.0,3494.7,0.866
6960.0,8960.0,3497.4,0.734
7040.0,8960.0,3498.4,0.358
7120.0,8960.0,3495.4,0.767
7200.0,8960.0,3492.4,0.33
7280.0,8960.0,3492.4,0.571
7360.0,8960.0,3495.9,0.15
7440.0,8960.0,3490.5,0.382
7520.0,8960.0,3495.1,0.178
7600.0,8960.0,3496.5,0.423
7680.0,8960.0,3491.6,0.619
7760.0,8960.0,3495.4,0.361
7840.0,8960.0,3493.3,0.618
7920.0,8960.0,3495.0,0.112
8000.0,8960.0,3494.9,0.111
8080.0,8960.0,3492.4,0.258
8160.0,8960.0,3494.7,0.476
8240.0,8960.0,3493.6,0.422
8320.0,8960.0,3505.2,0.24
8400.0,8960.0,3498.0,0.412
8480.0,8960.0,3495.6,0.617
8560.0,8960.0,3502.4,0.554
8640.0,8960.0,3503.7,0.781
8720.0,8960.0,3507.1,0.423
8800.0,8960.0,3502.8,0.36
8880.0,8960.0,3508.3,0.617
8960.0,8960.0,3509.4,0.704
9040.0,8960.0,3513.4,0.557
9120.0,8960.0,3516.2,0.404
9200.0,8960.0,3512.2,0.839
9280.0,8960.0,3511.4,0.27
9360.0,8960.0,3516.3,0.125
9440.0,8960.0,3513.4,0.199
9520.0,8960.0,3517.1,0.141
9600.0,8960.0,3522.4,0.045
9680.0,8960.0,3519.3,-0.119
9760.0,8960.0,3523.0,0.053
9840.0,8960.0,3528.2,0.321
9920.0,8960.0,3527.4,0.096
10000.0,8960.0,3528.6,0.249
10080.0,8960.0,3541.4,0.122
10160.0,8960.0,3540.9,0.03
10240.0,8960.0,3537.0,-0.363
10320.0,8960.0,3545.2,-0.514
10400.0,8960.0,3547.1,-0.432
0.0,9040.0,3526.9,0.969
80.0,9040.0,3527.1,1.168
160.0,9040.0,3533.2,1.34
240.0,9040.0,3532.1,0.696
320.0,9040.0,3526.8,1.295
400.0,9040.0,3531.0,0.729
480.0,9040.0,3531.9,0.954
560.0,9040.0,3524.9,0.917
640.0,9040.0,3529.4,0.605
720.0,9040.0,3532.5,0.608
800.0,9040.0,3536.1,0.805
880.0,9040.0,3536.4,0.896
960.0,9040.0,3535.3,0.771
1040.0,9040.0,3532.5,0.544
1120.0,9040.0,3527.4,0.883
1200.0,9040.0,3530.7,0.286
1280.0,9040.0,3530.1,0.224
1360.0,9040.0,3533.4,0.032
1440.0,9040.0,3532.2,-0.047
1520.0,9040.0,3528.1,0.168
1600.0,9040.0,3530.6,0.517
1680.0,9040.0,3527.2,0.429
1760.0,9040.0,3524.8,0.106
1840.0,9040.0,3525.6,0.109
1920.0,9040.0,3520.7,-0.123
2000.0,9040.0,3516.8,-0.326
2080.0,9040.0,3519.7,0.279
2160.0,9040.0,3518.9,-0.279
2240.0,9040.0,3512.2,-0.176
2320.0,9040.0,3509.9,-0.046
2400.0,9040.0,3509.4,-0.148
2480.0,9040.0,3508.9,0.161
2560.0,9040.0,3514.8,0.688
2640.0,9040.0,3508.4,0.439
2720.0,9040.0,3509.3,0.205
2800.0,9040.0,3505.7,0.311
2880.0,9040.0,3507.2,0.304
2960.0,9040.0,3505.3,0.47
3040.0,9040.0,3498.6,0.388
3120.0,9040.0,3500.1,-0.014
3200.0,9040.0,3502.7,-0.223
3280.0,9040.0,3501.7,-0.272
3360.0,9040.0,3496.6,-0.268
3440.0,9040.0,3499.6,-0.078
3520.0,9040.0,3497.5,-0.244
3600.0,9040.0,3498.1,0.121
3680.0,9040.0,3495.9,-0.48
3760.0,9040.0,3496.1,-0.086
3840.0,9040.0,3491.5,0.213
3920.0,9040.0,3498.4,0.193
4000.0,9040.0,3494.3,0.362
4080.0,9040.0,3498.3,-0.186
4160.0,9040.0,3493.8,0.094
4240.0,9040.0,3495.4,0.365
4320.0,9040.0,3496.7,-0.057
4400.0,9040.0,3498.1,0.682
4480.0,9040.0,3495.0,-0.047
4560.0,9040.0,3497.5,0.371
4640.0,9040.0,3494.8,0.529
4720.0,9040.0,3496.1,0.935
4800.0,9040.0,3496.7,0.604
4880.0,9040.0,3490.8,0.857
4960.0,9040.0,3503.4,1.021
5040.0,9040.0,3493.7,1.677
5120.0,9040.0,3496.4,1.665
5200.0,9040.0,3495.1,1.858
5280.0,9040.0,3495.3,1.849
5360.0,9040.0,3490.3,2.002
5440.0,9040.0,3496.4,1.711
5520.0,9040.0,3497.4,2.211
5600.0,9040.0,3499.1,1.576
5680.0,9040.0,3498.7,1.907
5760.0,9040.0,3496.2,1.662
5840.0,9040.0,3498.6,1.673
5920.0,9040.0,3498.4,1.908
6000.0,9040.0,3497.0,2.089
6080.0,9040.0,3491.8,1.912
6160.0,9040.0,3499.6,2.073
6240.0,9040.0,3498.2,1.835
6320.0,9040.0,3497.2,2.114
6400.0,9040.0,3499.8,1.831
6480.0,9040.0,3500.0,1.578
6560.0,9040.0,3500.2,1.13
6640.0,9040.0,3496.9,1.46
6720.0,9040.0,3493.9,1.263
6800.0,9040.0,3489.9,1.095
6880.0,9040.0,3493.6,1.297
6960.0,9040.0,3491.9,0.879
7040.0,9040.0,3496.1,0.943
7120.0,9040.0,3488.7,0.794
7200.0,9040.0,3495.1,0.752
7280.0,9040.0,3496.6,0.476
7360.0,9040.0,3497.6,0.112
7440.0,9040.0,3491.8,-0.121
7520.0,9040.0,3492.5,-0.241
7600.0,9040.0,3498.3,0.508
7680.0,9040.0,3489.4,0.562
7760.0,9040.0,3489.4,0.851
7840.0,9040.0,3496.5,0.705
7920.0,9040.0,3492.8,0.081
8000.0,9040.0,3493.0,0.676
8080.0,9040.0,3494.8,0.362
8160.0,9040.0,3496.6,0.509
8240.0,9040.0,3498.8,0.095
8320.0,9040.0,3499.9,0.089
8400.0,9040.0,3504.2,0.307
8480.0,9040.0,3496.9,0.238
8560.0,9040.0,3497.9,0.546
8640.0,9040.0,3500.4,0.606
8720.0,9040.0,3501.5,0.863
8800.0,9040.0,3501.8,0.628
8880.0,9040.0,3507.8,0.182
8960.0,9040.0,3505.3,0.219
9040.0,9040.0,3512.6,0.555
9120.0,9040.0,3507.0,0.787
9200.0,9040.0,3513.9,0.441
9280.0,9040.0,3511.4,0.784
9360.0,9040.0,3521.3,0.459
9440.0,9040.0,3517.5,0.395
9520.0,9040.0,3518.0,0.11
9600.0,9040.0,3520.9,0.13
9680.0,9040.0,3518.7,0.26
9760.0,9040.0,3526.6,0.485
9840.0,9040.0,3523.9,0.352
9920.0,9040.0,3531.1,0.08
10000.0,9040.0,3534.3,0.299
10080.0,9040.0,3535.5,-0.047
10160.0,9040.0,3534.0,-0.332
10240.0,9040.0,3535.3,-0.156
10320.0,9040.0,3538.4,-0.201
10400.0,9040.0,3540.4,-0.202
0.0,9120.0,3525.7,0.743
80.0,9120.0,3525.7,0.958
160.0,9120.0,3530.2,1.132
240.0,9120.0,3534.8,0.743
320.0,9120.0,3534.2,0.568
400.0,9120.0,3527.8,0.623
480.0,9120.0,3529.4,0.854
560.0,9120.0,3528.9,1.244
640.0,9120.0,3529.9,0.922
720.0,9120.0,3533.4,0.791
800.0,9120.0,3533.0,1.154
880.0,9120.0,3533.3,0.909
960.0,9120.0,3526.1,0.331
1040.0,9120.0,3530.5,0.266
1120.0,9120.0,3529.3,0.588
1200.0,9120.0,3526.9,0.731
1280.0,9120.0,3529.6,0.295
1360.0,9120.0,3525.9,0.544
1440.0,9120.0,3528.4,0.469
1520.0,9120.0,3528.2,0.511
1600.0,9120.0,3521.0,0.098
1680.0,9120.0,3522.6,0.111
1760.0,9120.0,3520.4,-0.005
1840.0,9120.0,3519.9,0.012
1920.0,9120.0,3517.2,-0.252
2000.0,9120.0,3516.6,0.059
2080.0,9120.0,3517.9,0.024
2160.0,9120.0,3516.6,-0.273
2240.0,9120.0,3514.4,0.383
2320.0,9120.0,3516.1,0.612
2400.0,9120.0,3511.7,0.159
2480.0,9120.0,3508.8,0.096
2560.0,9120.0,3512.1,-0.167
2640.0,9120.0,3502.0,0.062
2720.0,9120.0,3508.2,0.408
2800.0,9120.0,3504.0,0.313
2880.0,9120.0,3500.8,0.424
2960.0,9120.0,3500.4,0.421
3040.0,9120.0,3500.1,0.359
3120.0,9120.0,3501.7,-0.084
3200.0,9120.0,3496.8,0.179
3280.0,9120.0,3499.4,-0.16
3360.0,9120.0,3502.8,-0.14
3440.0,9120.0,3494.4,-0.353
3520.0,9120.0,3495.2,-0.002
3600.0,9120.0,3495.3,-0.123
3680.0,9120.0,3495.3,-0.353
3760.0,9120.0,3496.5,-0.119
3840.0,9120.0,3497.7,-0.651
3920.0,9120.0,3493.1,-0.373
4000.0,9120.0,3496.1,0.067
4080.0,9120.0,3496.4,0.497
4160.0,9120.0,3495.6,0.335
4240.0,9120.0,3492.1,-0.175
4320.0,9120.0,3485.9,0.251
4400.0,9120.0,3497.2,0.151
4480.0,9120.0,3492.7,0.264
4560.0,9120.0,3497.1,0.189
4640.0,9120.0,3495.4,0.127
4720.0,9120.0,3489.7,0.533
4800.0,9120.0,3498.4,1.337
4880.0,9120.0,3495.1,1.289
4960.0,9120.0,3494.4,1.187
5040.0,9120.0,3494.7,1.013
5120.0,9120.0,3497.4,1.854
5200.0,9120.0,3494.6,1.998
5280.0,9120.0,3500.8,1.281
5360.0,9120.0,3498.4,1.437
5440.0,9120.0,3490.4,2.05
5520.0,9120.0,3499.1,1.867
5600.0,9120.0,3495.7,2.044
5680.0,9120.0,3491.9,1.872
5760.0,9120.0,3500.9,2.178
5840.0,9120.0,3497.0,2.289
5920.0,9120.0,3497.6,2.331
6000.0,9120.0,3491.2,2.174
6080.0,9120.0,3498.0,2.253
6160.0,9120.0,3495.8,1.826
6240.0,9120.0,3495.3,2.201
6320.0,9120.0,3501.0,2.412
6400.0,9120.0,3500.4,1.931
6480.0,9120.0,3499.5,1.751
6560.0,9120.0,3495.4,1.878
6640.0,9120.0,3496.5,1.216
6720.0,9120.0,3496.1,1.055
6800.0,9120.0,3493.2,1.279
6880.0,9120.0,3495.1,1.364
6960.0,9120.0,3497.4,0.969
7040.0,9120.0,3494.6,0.616
7120.0,9120.0,3495.8,0.906
7200.0,9120.0,3490.7,0.418
7280.0,9120.0,3494.1,0.321
7360.0,9120.0,3496.0,0.085
7440.0,9120.0,3499.7,-0.061
7520.0,9120.0,3494.2,-0.169
7600.0,9120.0,3495.3,0.266
7680.0,9120.0,3489.2,0.804
7760.0,9120.0,3489.5,0.259
7840.0,9120.0,3490.4,0.342
7920.0,9120.0,3495.6,0.594
8000.0,9120.0,3487.2,0.604
8080.0,9120.0,3490.8,0.409
8160.0,9120.0,3491.6,0.431
8240.0,9120.0,3496.0,0.724
8320.0,9120.0,3502.5,0.497
8400.0,9120.0,3497.3,0.378
8480.0,9120.0,3500.8,0.264
8560.0,9120.0,3498.6,0.648
8640.0,9120.0,3498.5,0.443
8720.0,9120.0,3499.2,0.562
8800.0,9120.0,3505.5,0.647
8880.0,9120.0,3502.8,0.713
8960.0,9120.0,3506.6,0.282
9040.0,9120.0,3506.1,0.125
9120.0,9120.0,3504.4,0.163
9200.0,9120.0,3510.8,0.45
9280.0,9120.0,3513.3,0.722
9360.0,9120.0,3515.9,0.541
9440.0,9120.0,3514.5,0.618
9520.0,9120.0,3517.1,0.484
9600.0,9120.0,3517.2,0.358
9680.0,9120.0,3524.7,-0.02
9760.0,9120.0,3527.6,0.074
9840.0,9120.0,3521.8,0.32
9920.0,9120.0,3527.8,0.297
10000.0,9120.0,3530.4,0.858
10080.0,9120.0,3531.3,0.577
10160.0,9120.0,3529.7,-0.385
10240.0,9120.0,3539.6,0.377
10320.0,9120.0,3538.6,-0.413
10400.0,9120.0,3541.4,-0.911
0.0,9200.0,3528.9,1.016
80.0,9200.0,3529.0,0.691
160.0,9200.0,3527.2,0.933
240.0,9200.0,3531.9,1.06
320.0,9200.0,3534.6,0.294
400.0,9200.0,3534.5,0.449
480.0,9200.0,3528.6,0.872
560.0,9200.0,3530.6,0.758
640.0,9200.0,3529.8,0.88
720.0,9200.0,3531.7,0.359
800.0,9200.0,3532.2,0.894
880.0,9200.0,3530.7,0.651
960.0,9200.0,3527.6,0.771
1040.0,9200.0,3531.7,0.576
1120.0,9200.0,3525.0,0.712
1200.0,9200.0,3530.5,0.703
1280.0,9200.0,3531.3,0.674
1360.0,9200.0,3528.1,0.314
1440.0,9200.0,3521.2,0.176
1520.0,9200.0,3526.4,0.488
1600.0,9200.0,3527.2,0.662
1680.0,9200.0,3529.8,0.474
1760.0,9200.0,3525.0,0.201
1840.0,9200.0,3517.9,0.306
1920.0,9200.0,3514.3,-0.04
2000.0,9200.0,3523.3,0.025
2080.0,9200.0,3519.4,-0.645
2160.0,9200.0,3511.3,0.071
2240.0,9200.0,3516.1,0.348
2320.0,9200.0,3515.5,0.094
2400.0,9200.0,3510.6,-0.012
2480.0,9200.0,3512.2,0.099
2560.0,9200.0,3514.7,0.436
2640.0,9200.0,3505.5,0.055
2720.0,9200.0,3511.8,0.393
2800.0,9200.0,3502.7,0.398
2880.0,9200.0,3505.9,0.704
2960.0,9200.0,3502.0,0.458
3040.0,9200.0,3500.5,0.125
3120.0,9200.0,3499.4,0.251
3200.0,9200.0,3499.3,-0.085
3280.0,9200.0,3502.5,-0.122
3360.0,9200.0,3495.5,0.097
3440.0,9200.0,3493.6,-0.162
3520.0,9200.0,3493.8,0.092
3600.0,9200.0,3497.5,0.271
3680.0,9200.0,3497.4,-0.424
3760.0,9200.0,3488.1,-0.234
3840.0,9200.0,3495.6,-0.102
3920.0,9200.0,3494.7,-0.357
4000.0,9200.0,3487.0,-0.126
4080.0,9200.0,3500.3,-0.072
4160.0,9200.0,3486.1,-0.049
4240.0,9200.0,3497.3,0.039
4320.0,9200.0,3491.4,0.146
4400.0,9200.0,3486.9,-0.238
4480.0,9200.0,3493.7,0.49
4560.0,9200.0,3487.4,0.212
4640.0,9200.0,3490.1,-0.195
4720.0,9200.0,3492.4,0.288
4800.0,9200.0,3485.9,1.033
4880.0,9200.0,3493.6,0.794
4960.0,9200.0,3492.7,1.382
5040.0,9200.0,3488.9,2.003
5120.0,9200.0,3500.7,1.295
5200.0,9200.0,3493.3,1.99
5280.0,9200.0,3492.3,1.631
5360.0,9200.0,3493.6,1.925
5440.0,9200.0,3501.9,1.754
5520.0,9200.0,3500.1,2.089
5600.0,9200.0,3496.3,2.092
5680.0,9200.0,3493.9,2.167
5760.0,9200.0,3491.9,2.097
5840.0,9200.0,3491.3,2.559
5920.0,9200.0,3499.6,2.471
6000.0,9200.0,3496.8,1.659
6080.0,9200.0,3493.9,2.577
6160.0,9200.0,3493.9,2.142
6240.0,9200.0,3496.9,2.401
6320.0,9200.0,3495.0,2.357
6400.0,9200.0,3496.7,1.868
6480.0,9200.0,3492.7,2.036
6560.0,9200.0,3495.5,2.039
6640.0,9200.0,3493.7,1.753
6720.0,9200.0,3496.2,1.511
6800.0,9200.0,3490.1,1.38
6880.0,9200.0,3490.5,0.979
6960.0,9200.0,3493.4,1.032
7040.0,9200.0,3488.4,1.116
7120.0,9200.0,3491.3,0.813
7200.0,9200.0,3488.2,0.872
7280.0,9200.0,3490.0,0.527
7360.0,9200.0,3501.3,0.489
7440.0,9200.0,3492.3,0.316
7520.0,9200.0,3485.5,0.227
7600.0,9200.0,3492.3,0.51
7680.0,9200.0,3491.9,0.399
7760.0,9200.0,3494.5,0.45
7840.0,9200.0,3496.0,0.797
7920.0,9200.0,3495.5,0.646
8000.0,9200.0,3490.0,0.26
8080.0,9200.0,3494.0,0.329
8160.0,9200.0,3494.2,0.934
8240.0,9200.0,3495.3,0.232
8320.0,9200.0,3495.2,0.505
8400.0,9200.0,3492.6,0.11
8480.0,9200.0,3494.9,0.521
8560.0,9200.0,3497.4,0.479
8640.0,9200.0,3501.3,0.601
8720.0,9200.0,3498.2,0.494
8800.0,9200.0,3501.1,0.056
8880.0,9200.0,3505.3,0.383
8960.0,9200.0,3503.3,0.398
9040.0,9200.0,3507.0,0.32
9120.0,9200.0,3511.8,0.064
9200.0,9200.0,3505.8,-0.323
9280.0,9200.0,3510.3,0.077
9360.0,9200.0,3514.6,0.345
9440.0,9200.0,3518.4,0.391
9520.0,9200.0,3514.5,0.414
9600.0,9200.0,3517.2,0.031
9680.0,9200.0,3513.6,0.777
9760.0,9200.0,3527.1,-0.008
9840.0,9200.0,3521.5,0.408
9920.0,9200.0,3525.3,0.693
10000.0,9200.0,3525.7,0.324
10080.0,9200.0,3525.7,0.203
10160.0,9200.0,3534.2,0.121
10240.0,9200.0,3534.2,0.128
10320.0,9200.0,3533.9,-0.09
10400.0,9200.0,3535.2,-0.65
0.0,9280.0,3532.4,0.524
80.0,9280.0,3527.9,0.542
160.0,9280.0,3527.7,0.862
240.0,9280.0,3527.9,0.704
320.0,9280.0,3532.9,0.542
400.0,9280.0,3531.9,0.61
480.0,9280.0,3533.2,0.668
560.0,9280.0,3532.8,0.738
640.0,9280.0,3525.1,0.895
720.0,9280.0,3530.4,0.585
800.0,9280.0,3529.5,1.052
880.0,9280.0,3526.8,0.581
960.0,9280.0,3528.5,0.989
1040.0,9280.0,3524.6,0.717
1120.0,9280.0,3523.9,0.552
1200.0,9280.0,3526.2,0.792
1280.0,9280.0,3533.2,0.739
1360.0,9280.0,3525.5,0.571
1440.0,9280.0,3520.2,0.933
1520.0,9280.0,3528.2,0.622
1600.0,9280.0,3522.6,0.549
1680.0,9280.0,3522.1,0.486
1760.0,9280.0,3523.3,0.246
1840.0,9280.0,3517.7,0.169
1920.0,9280.0,3515.9,-0.26
2000.0,9280.0,3518.0,0.191
2080.0,9280.0,3520.7,-0.333
2160.0,9280.0,3514.1,0.142
2240.0,9280.0,3514.7,0.284
2320.0,9280.0,3511.9,0.214
2400.0,9280.0,3513.9,0.041
2480.0,9280.0,3512.2,-0.164
2560.0,9280.0,3504.0,0.444
2640.0,9280.0,3508.6,-0.102
2720.0,9280.0,3504.2,0.72
2800.0,9280.0,3501.4,0.19
2880.0,9280.0,3501.1,0.437
2960.0,9280.0,3501.4,0.636
3040.0,9280.0,3499.4,0.048
3120.0,9280.0,3501.8,-0.071
3200.0,9280.0,3492.5,0.138
3280.0,9280.0,3494.8,0.12
3360.0,9280.0,3496.8,0.327
3440.0,9280.0,3500.6,0.201
3520.0,9280.0,3490.9,-0.107
3600.0,9280.0,3492.8,0.029
3680.0,9280.0,3496.3,0.076
3760.0,9280.0,3495.9,-0.211
3840.0,9280.0,3494.8,0.05
3920.0,9280.0,3490.8,0.249
4000.0,9280.0,3493.4,0.195
4080.0,9280.0,3492.1,-0.165
4160.0,9280.0,3493.1,0.016
4240.0,9280.0,3495.8,0.507
4320.0,9280.0,3488.6,-0.069
4400.0,9280.0,3493.5,0.098
4480.0,9280.0,3496.5,0.331
4560.0,9280.0,3492.4,0.147
4640.0,9280.0,3497.1,0.047
4720.0,9280.0,3492.8,1.008
4800.0,9280.0,3502.3,0.537
4880.0,9280.0,3496.2,0.842
4960.0,9280.0,3497.8,1.426
5040.0,9280.0,3493.7,1.502
5120.0,9280.0,3488.7,1.849
5200.0,9280.0,3492.4,1.78
5280.0,9280.0,3487.5,2.064
5360.0,9280.0,3494.6,1.721
5440.0,9280.0,3495.7,2.013
5520.0,9280.0,3493.5,1.612
5600.0,9280.0,3501.8,2.218
5680.0,9280.0,3499.4,2.055
5760.0,9280.0,3496.8,1.94
5840.0,9280.0,3497.5,2.516
5920.0,9280.0,3495.4,2.896
6000.0,9280.0,3495.7,2.92
6080.0,9280.0,3494.4,2.187
6160.0,9280.0,3494.5,2.661
6240.0,9280.0,3489.1,2.276
6320.0,9280.0,3492.8,2.265
6400.0,9280.0,3496.9,1.868
6480.0,9280.0,3495.9,2.121
6560.0,9280.0,3489.8,1.967
6640.0,9280.0,3495.0,1.742
6720.0,9280.0,3498.6,1.785
6800.0,9280.0,3493.0,1.801
6880.0,9280.0,3491.9,1.894
6960.0,9280.0,3494.3,1.183
7040.0,9280.0,3495.1,1.361
7120.0,9280.0,3487.7,0.845
7200.0,9280.0,3490.3,0.352
7280.0,9280.0,3489.3,0.964
7360.0,9280.0,3493.4,0.492
7440.0,9280.0,3490.9,0.809
7520.0,9280.0,3497.0,0.527
7600.0,9280.0,3488.7,0.388
7680.0,9280.0,3491.8,0.58
7760.0,9280.0,3488.7,0.545
7840.0,9280.0,3490.9,0.44
7920.0,9280.0,3493.1,0.588
8000.0,9280.0,3488.9,1.122
8080.0,9280.0,3492.9,0.574
8160.0,9280.0,3495.6,0.625
8240.0,9280.0,3490.0,0.269
8320.0,9280.0,3493.7,0.867
8400.0,9280.0,3488.0,0.513
8480.0,9280.0,3499.8,0.301
8560.0,9280.0,3490.2,0.976
8640.0,9280.0,3499.5,0.357
8720.0,9280.0,3501.4,0.502
8800.0,9280.0,3499.9,0.376
8880.0,9280.0,3505.5,0.443
8960.0,9280.0,3501.8,1.037
9040.0,9280.0,3502.7,0.052
9120.0,9280.0,3507.4,0.143
9200.0,9280.0,3507.7,-0.336
9280.0,9280.0,3508.9,-0.048
9360.0,9280.0,3508.9,0.442
9440.0,9280.0,3511.5,0.28
9520.0,9280.0,3513.9,0.347
9600.0,9280.0,3513.3,0.603
9680.0,9280.0,3516.6,0.673
9760.0,9280.0,3518.0,0.469
9840.0,9280.0,3522.1,0.349
9920.0,9280.0,3525.4,0.635
10000.0,9280.0,3520.6,0.686
10080.0,9280.0,3524.9,0.617
10160.0,9280.0,3532.0,0.639
10240.0,9280.0,3529.1,0.275
10320.0,9280.0,3532.4,-0.306
10400.0,9280.0,3532.3,-0.438
0.0,9360.0,3525.9,0.298
80.0,9360.0,3528.4,0.82
160.0,9360.0,3533.1,0.706
240.0,9360.0,3528.6,0.128
320.0,9360.0,3535.4,0.963
400.0,9360.0,3528.8,0.765
480.0,9360.0,3530.2,0.982
560.0,9360.0,3533.7,0.797
640.0,9360.0,3527.8,1.495
720.0,9360.0,3531.2,1.076
800.0,9360.0,3533.6,0.524
880.0,9360.0,3531.0,0.834
960.0,9360.0,3529.5,0.809
1040.0,9360.0,3526.4,1.008
1120.0,9360.0,3522.5,0.923
1200.0,9360.0,3524.3,0.884
1280.0,9360.0,3528.5,0.763
1360.0,9360.0,3522.1,0.36
1440.0,9360.0,3521.9,0.517
1520.0,9360.0,3516.4,0.228
1600.0,9360.0,3522.7,0.698
1680.0,9360.0,3525.7,0.72
1760.0,9360.0,3516.8,0.722
1840.0,9360.0,3514.4,0.553
1920.0,9360.0,3520.3,0.17
2000.0,9360.0,3516.9,0.242
2080.0,9360.0,3518.4,0.021
2160.0,9360.0,3514.9,0.418
2240.0,9360.0,3507.3,0.0
2320.0,9360.0,3512.9,0.525
2400.0,9360.0,3518.0,0.597
2480.0,9360.0,3508.7,0.358
2560.0,9360.0,3502.6,0.416
2640.0,9360.0,3506.8,0.135
2720.0,9360.0,3500.2,0.271
2800.0,9360.0,3507.1,0.242
2880.0,9360.0,3504.2,0.484
2960.0,9360.0,3503.1,0.183
3040.0,9360.0,3503.2,0.01
3120.0,9360.0,3503.2,0.065
3200.0,9360.0,3493.1,-0.053
3280.0,9360.0,3494.9,0.318
3360.0,9360.0,3492.6,0.566
3440.0,9360.0,3498.6,0.427
3520.0,9360.0,3496.5,0.753
3600.0,9360.0,3493.9,0.243
3680.0,9360.0,3495.1,0.086
3760.0,9360.0,3493.5,0.351
3840.0,9360.0,3496.2,0.134
3920.0,9360.0,3495.5,0.557
4000.0,9360.0,3488.7,0.2
4080.0,9360.0,3499.7,-0.32
4160.0,9360.0,3499.0,0.054
4240.0,9360.0,3491.4,0.279
4320.0,9360.0,3488.8,-0.305
4400.0,9360.0,3491.2,-0.117
4480.0,9360.0,3483.7,0.438
4560.0,9360.0,3489.8,0.48
4640.0,9360.0,3493.2,0.825
4720.0,9360.0,3490.4,0.828
4800.0,9360.0,3492.1,0.668
4880.0,9360.0,3497.7,0.824
4960.0,9360.0,3492.3,1.382
5040.0,9360.0,3491.0,1.551
5120.0,9360.0,3494.2,1.799
5200.0,9360.0,3491.4,1.972
5280.0,9360.0,3493.7,1.769
5360.0,9360.0,3497.4,1.954
5440.0,9360.0,3493.6,1.847
5520.0,9360.0,3497.9,1.849
5600.0,9360.0,3497.4,1.644
5680.0,9360.0,3498.1,1.876
5760.0,9360.0,3494.4,1.838
5840.0,9360.0,3495.3,1.979
5920.0,9360.0,3494.0,2.945
6000.0,9360.0,3495.0,2.875
6080.0,9360.0,3502.7,2.862
6160.0,9360.0,3492.1,2.433
6240.0,9360.0,3491.3,2.637
6320.0,9360.0,3499.6,2.256
6400.0,9360.0,3489.6,2.5
6480.0,9360.0,3495.4,2.132
6560.0,9360.0,3493.2,2.272
6640.0,9360.0,3488.5,1.931
6720.0,9360.0,3494.3,1.814
6800.0,9360.0,3495.1,1.48
6880.0,9360.0,3493.4,1.443
6960.0,9360.0,3491.2,1.386
7040.0,9360.0,3496.5,1.236
7120.0,9360.0,3495.2,1.294
7200.0,9360.0,3493.3,0.825
7280.0,9360.0,3493.6,0.77
7360.0,9360.0,3492.6,0.974
7440.0,9360.0,3490.2,1.323
7520.0,9360.0,3492.4,0.6
7600.0,9360.0,3492.0,0.619
7680.0,9360.0,3489.3,0.483
7760.0,9360.0,3491.0,0.661
7840.0,9360.0,3490.1,0.647
7920.0,9360.0,3491.1,0.714
8000.0,9360.0,3493.6,0.621
8080.0,9360.0,3489.6,0.501
8160.0,9360.0,3491.7,0.358
8240.0,9360.0,3494.6,0.904
8320.0,9360.0,3496.7,0.155
8400.0,9360.0,3499.1,0.186
8480.0,9360.0,3496.8,0.649
8560.0,9360.0,3495.4,1.281
8640.0,9360.0,3499.3,0.812
8720.0,9360.0,3501.6,0.637
8800.0,9360.0,3498.6,0.812
8880.0,9360.0,3507.7,0.596
8960.0,9360.0,3500.2,-0.042
9040.0,9360.0,3503.6,0.087
9120.0,9360.0,3502.9,0.224
9200.0,9360.0,3506.1,-0.124
9280.0,9360.0,3509.7,-0.318
9360.0,9360.0,3508.5,-0.096
9440.0,9360.0,3508.9,-0.016
9520.0,9360.0,3514.0,0.471
9600.0,9360.0,3522.3,0.471
9680.0,9360.0,3512.4,0.983
9760.0,9360.0,3519.6,0.564
9840.0,9360.0,3522.9,0.679
9920.0,9360.0,3525.8,0.617
10000.0,9360.0,3518.8,0.448
10080.0,9360.0,3522.9,0.584
10160.0,9360.0,3523.6,0.404
10240.0,9360.0,3532.0,0.34
10320.0,9360.0,3525.7,0.408
10400.0,9360.0,3536.7,-0.145
0.0,9440.0,3529.9,0.325
80.0,9440.0,3526.1,0.602
160.0,9440.0,3525.4,0.602
240.0,9440.0,3531.1,0.472
320.0,9440.0,3526.5,0.663
400.0,9440.0,3529.6,0.754
480.0,9440.0,3531.4,0.649
560.0,9440.0,3521.1,0.961
640.0,9440.0,3529.1,1.074
720.0,9440.0,3532.5,0.447
800.0,9440.0,3532.4,0.299
880.0,9440.0,3531.6,0.987
960.0,9440.0,3523.7,0.575
1040.0,9440.0,3536.3,0.386
1120.0,9440.0,3524.3,0.554
1200.0,9440.0,3528.6,0.559
1280.0,9440.0,3524.1,0.376
1360.0,9440.0,3524.0,0.127
1440.0,9440.0,3519.2,0.377
1520.0,9440.0,3521.0,0.406
1600.0,9440.0,3520.7,0.344
1680.0,9440.0,3514.0,1.0
1760.0,9440.0,3516.2,1.001
1840.0,9440.0,3518.7,0.552
1920.0,9440.0,3514.8,0.273
2000.0,9440.0,3514.1,-0.207
2080.0,9440.0,3517.7,0.312
2160.0,9440.0,3515.8,0.471
2240.0,9440.0,3508.4,0.132
2320.0,9440.0,3508.3,0.53
2400.0,9440.0,3511.2,0.499
2480.0,9440.0,3510.1,0.926
2560.0,9440.0,3510.0,0.14
2640.0,9440.0,3505.6,-0.242
2720.0,9440.0,3509.0,0.017
2800.0,9440.0,3501.5,-0.39
2880.0,9440.0,3501.5,0.306
2960.0,9440.0,3504.3,0.191
3040.0,9440.0,3497.6,0.135
3120.0,9440.0,3503.0,0.314
3200.0,9440.0,3496.7,0.208
3280.0,9440.0,3500.0,0.28
3360.0,9440.0,3497.6,0.673
3440.0,9440.0,3497.4,0.579
3520.0,9440.0,3496.1,0.785
3600.0,9440.0,3498.5,0.668
3680.0,9440.0,3492.2,0.218
3760.0,9440.0,3494.3,0.482
3840.0,9440.0,3491.9,0.674
3920.0,9440.0,3491.1,0.112
4000.0,9440.0,3495.7,0.104
4080.0,9440.0,3491.2,-0.237
4160.0,9440.0,3488.1,-0.259
4240.0,9440.0,3489.2,-0.137
4320.0,9440.0,3492.3,0.245
4400.0,9440.0,3488.2,-0.333
4480.0,9440.0,3492.5,0.153
4560.0,9440.0,3487.4,1.034
4640.0,9440.0,3490.5,0.805
4720.0,9440.0,3489.0,0.471
4800.0,9440.0,3497.9,0.843
4880.0,9440.0,3485.6,1.331
4960.0,9440.0,3488.3,1.018
5040.0,9440.0,3494.9,1.738
5120.0,9440.0,3490.6,1.143
5200.0,9440.0,3494.2,2.162
5280.0,9440.0,3497.1,1.72
5360.0,9440.0,3495.9,2.164
5440.0,9440.0,3495.3,1.718
5520.0,9440.0,3493.0,1.863
5600.0,9440.0,3492.4,2.114
5680.0,9440.0,3487.8,2.15
5760.0,9440.0,3496.3,1.977
5840.0,9440.0,3493.6,2.101
5920.0,9440.0,3497.1,2.656
6000.0,9440.0,3491.2,2.848
6080.0,9440.0,3492.7,2.586
6160.0,9440.0,3492.5,2.582
6240.0,9440.0,3495.4,2.376
6320.0,9440.0,3489.2,2.519
6400.0,9440.0,3495.6,2.096
6480.0,9440.0,3496.9,2.372
6560.0,9440.0,3492.3,2.285
6640.0,9440.0,3490.6,1.876
6720.0,9440.0,3498.6,1.541
6800.0,9440.0,3494.1,1.71
6880.0,9440.0,3493.6,1.691
6960.0,9440.0,3494.5,1.316
7040.0,9440.0,3490.4,1.339
7120.0,9440.0,3494.6,1.346
7200.0,9440.0,3491.8,0.63
7280.0,9440.0,3495.8,1.037
7360.0,9440.0,3495.7,0.822
7440.0,9440.0,3491.6,1.111
7520.0,9440.0,3489.4,1.33
7600.0,9440.0,3490.4,0.569
7680.0,9440.0,3493.2,0.439
7760.0,9440.0,3490.6,0.623
7840.0,9440.0,3487.1,0.562
7920.0,9440.0,3493.8,0.709
8000.0,9440.0,3489.8,0.56
8080.0,9440.0,3495.2,0.542
8160.0,9440.0,3494.4,1.031
8240.0,9440.0,3494.5,0.427
8320.0,9440.0,3492.6,0.618
8400.0,9440.0,3495.6,0.387
8480.0,9440.0,3489.3,0.569
8560.0,9440.0,3493.3,0.391
8640.0,9440.0,3496.7,0.064
8720.0,9440.0,3500.2,0.499
8800.0,9440.0,3501.5,0.366
8880.0,9440.0,3497.8,0.494
8960.0,9440.0,3502.3,0.93
9040.0,9440.0,3505.6,0.175
9120.0,9440.0,3503.5,-0.078
9200.0,9440.0,3504.5,-0.009
9280.0,9440.0,3504.6,-0.194
9360.0,9440.0,3507.7,0.305
9440.0,9440.0,3511.9,0.449
9520.0,9440.0,3510.2,0.477
9600.0,9440.0,3508.2,0.563
9680.0,9440.0,3515.0,0.249
9760.0,9440.0,3518.5,0.488
9840.0,9440.0,3514.8,0.182
9920.0,9440.0,3517.6,0.394
10000.0,9440.0,3517.2,0.367
10080.0,9440.0,3519.8,0.472
10160.0,9440.0,3526.8,0.336
10240.0,9440.0,3527.2,-0.049
10320.0,9440.0,3530.5,-0.111
10400.0,9440.0,3526.7,-0.298
0.0,9520.0,3526.1,0.594
80.0,9520.0,3522.3,0.639
160.0,9520.0,3528.9,0.773
240.0,9520.0,3526.2,0.645
320.0,9520.0,3523.3,0.585
400.0,9520.0,3526.0,0.61
480.0,9520.0,3529.6,0.743
560.0,9520.0,3527.1,0.705
640.0,9520.0,3523.9,0.642
720.0,9520.0,3529.9,0.667
800.0,9520.0,3527.2,0.41
880.0,9520.0,3529.1,0.88
960.0,9520.0,3528.3,0.581
1040.0,9520.0,3529.9,0.561
1120.0,9520.0,3531.0,0.443
1200.0,9520.0,3521.1,0.333
1280.0,9520.0,3526.8,0.35
1360.0,9520.0,3528.4,0.307
1440.0,9520.0,3522.9,0.093
1520.0,9520.0,3525.4,0.432
1600.0,9520.0,3523.8,0.248
1680.0,9520.0,3518.4,0.776
1760.0,9520.0,3521.9,0.675
1840.0,9520.0,3515.6,0.638
1920.0,9520.0,3521.4,0.447
2000.0,9520.0,3516.2,0.384
2080.0,9520.0,3514.5,0.482
2160.0,9520.0,3511.4,0.688
2240.0,9520.0,3509.3,0.335
2320.0,9520.0,3511.8,0.391
2400.0,9520.0,3510.5,0.627
2480.0,9520.0,3507.5,0.825
2560.0,9520.0,3501.3,0.746
2640.0,9520.0,3501.8,0.387
2720.0,9520.0,3507.4,0.41
2800.0,9520.0,3498.5,0.505
2880.0,9520.0,3499.6,0.108
2960.0,9520.0,3498.1,0.248
3040.0,9520.0,3502.8,0.305
3120.0,9520.0,3499.9,0.458
3200.0,9520.0,3493.2,0.212
3280.0,9520.0,3498.7,0.316
3360.0,9520.0,3497.2,0.692
3440.0,9520.0,3494.7,0.712
3520.0,9520.0,3489.4,0.833
3600.0,9520.0,3492.8,0.57
3680.0,9520.0,3493.7,0.457
3760.0,9520.0,3497.6,0.418
3840.0,9520.0,3490.2,0.344
3920.0,9520.0,3491.0,0.374
4000.0,9520.0,3489.3,0.151
4080.0,9520.0,3491.5,-0.008
4160.0,9520.0,3489.9,0.019
4240.0,9520.0,3494.7,0.292
4320.0,9520.0,3494.2,0.283
4400.0,9520.0,3484.6,-0.241
4480.0,9520.0,3487.9,0.355
4560.0,9520.0,3489.6,0.72
4640.0,9520.0,3494.7,0.607
4720.0,9520.0,3488.5,1.014
4800.0,9520.0,3491.3,1.096
4880.0,9520.0,3484.9,0.886
4960.0,9520.0,3484.3,1.297
5040.0,9520.0,3490.5,1.442
5120.0,9520.0,3494.6,1.502
5200.0,9520.0,3491.9,1.607
5280.0,9520.0,3490.5,1.994
5360.0,9520.0,3495.2,2.009
5440.0,9520.0,3493.0,2.149
5520.0,9520.0,3498.9,2.542
5600.0,9520.0,3490.3,2.315
5680.0,9520.0,3492.2,2.251
5760.0,9520.0,3487.8,2.173
5840.0,9520.0,3489.6,1.942
5920.0,9520.0,3488.7,2.002
6000.0,9520.0,3496.2,2.291
6080.0,9520.0,3492.7,2.389
6160.0,9520.0,3488.9,2.469
6240.0,9520.0,3493.2,2.396
6320.0,9520.0,3488.5,2.551
6400.0,9520.0,3495.8,2.467
6480.0,9520.0,3494.7,2.07
6560.0,9520.0,3492.8,2.011
6640.0,9520.0,3494.0,1.661
6720.0,9520.0,3492.4,1.965
6800.0,9520.0,3492.9,2.002
6880.0,9520.0,3499.9,1.509
6960.0,9520.0,3492.9,1.296
7040.0,9520.0,3490.0,1.835
7120.0,9520.0,3494.8,1.297
7200.0,9520.0,3491.6,1.213
7280.0,9520.0,3489.8,1.144
7360.0,9520.0,3491.4,1.439
7440.0,9520.0,3491.7,1.031
7520.0,9520.0,3492.9,0.808
7600.0,9520.0,3487.8,1.044
7680.0,9520.0,3490.4,0.916
7760.0,9520.0,3489.2,0.795
7840.0,9520.0,3488.5,0.832
7920.0,9520.0,3491.0,0.769
8000.0,9520.0,3490.7,1.363
8080.0,9520.0,3492.0,0.888
8160.0,9520.0,3489.5,0.57
8240.0,9520.0,3497.2,0.191
8320.0,9520.0,3493.1,0.799
8400.0,9520.0,3495.3,0.655
8480.0,9520.0,3498.0,0.729
8560.0,9520.0,3497.4,0.562
8640.0,9520.0,3493.1,0.819
8720.0,9520.0,3500.4,0.766
8800.0,9520.0,3497.9,0.361
8880.0,9520.0,3502.5,0.601
8960.0,9520.0,3502.4,0.483
9040.0,9520.0,3499.0,0.486
9120.0,9520.0,3499.2,0.684
9200.0,9520.0,3506.3,0.649
9280.0,9520.0,3506.1,0.069
9360.0,9520.0,3508.3,0.154
9440.0,9520.0,3512.2,-0.279
9520.0,9520.0,3510.9,0.739
9600.0,9520.0,3514.1,0.187
9680.0,9520.0,3509.2,0.313
9760.0,9520.0,3519.6,0.402
9840.0,9520.0,3521.4,0.327
9920.0,9520.0,3520.0,0.552
10000.0,9520.0,3519.5,0.283
10080.0,9520.0,3520.0,0.25
10160.0,9520.0,3525.0,-0.446
10240.0,9520.0,3523.1,0.456
10320.0,9520.0,3529.2,0.308
10400.0,9520.0,3533.2,-0.194
0.0,9600.0,3526.0,0.784
80.0,9600.0,3527.6,0.337
160.0,9600.0,3525.3,0.848
240.0,9600.0,3523.0,0.311
320.0,9600.0,3527.2,0.292
400.0,9600.0,3532.7,0.407
480.0,9600.0,3527.6,0.074
560.0,9600.0,3526.3,0.69
640.0,9600.0,3525.6,0.466
720.0,9600.0,3527.8,0.266
800.0,9600.0,3524.3,0.572
880.0,9600.0,3529.4,0.218
960.0,9600.0,3529.5,0.094
1040.0,9600.0,3528.3,0.632
1120.0,9600.0,3524.2,0.712
1200.0,9600.0,3528.0,0.171
1280.0,9600.0,3522.8,0.334
1360.0,9600.0,3517.4,0.708
1440.0,9600.0,3527.6,0.866
1520.0,9600.0,3518.5,0.085
1600.0,9600.0,3525.6,0.602
1680.0,9600.0,3520.0,0.662
1760.0,9600.0,3517.7,0.522
1840.0,9600.0,3516.0,0.384
1920.0,9600.0,3514.6,0.479
2000.0,9600.0,3511.7,0.685
2080.0,9600.0,3509.9,0.565
2160.0,9600.0,3510.4,0.719
2240.0,9600.0,3512.6,0.46
2320.0,9600.0,3511.8,0.352
2400.0,9600.0,3510.2,0.28
2480.0,9600.0,3507.3,0.176
2560.0,9600.0,3503.1,0.405
2640.0,9600.0,3503.9,0.902
2720.0,9600.0,3499.9,0.783
2800.0,9600.0,3501.6,0.161
2880.0,9600.0,3502.6,0.171
2960.0,9600.0,3498.0,0.366
3040.0,9600.0,3498.6,0.47
3120.0,9600.0,3498.2,0.579
3200.0,9600.0,3497.6,0.407
3280.0,9600.0,3495.3,0.345
3360.0,9600.0,3496.2,0.779
3440.0,9600.0,3490.9,0.932
3520.0,9600.0,3491.7,0.457
3600.0,9600.0,3497.3,0.656
3680.0,9600.0,3494.4,0.617
3760.0,9600.0,3490.0,0.426
3840.0,9600.0,3489.0,0.831
3920.0,9600.0,3494.8,0.292
4000.0,9600.0,3491.8,0.649
4080.0,9600.0,3489.4,0.169
4160.0,9600.0,3488.9,0.068
4240.0,9600.0,3497.8,0.259
4320.0,9600.0,3486.8,0.412
4400.0,9600.0,3485.2,0.175
4480.0,9600.0,3487.8,0.108
4560.0,9600.0,3489.5,0.695
4640.0,9600.0,3493.9,0.987
4720.0,9600.0,3494.1,1.201
4800.0,9600.0,3487.6,1.157
4880.0,9600.0,3492.6,0.993
4960.0,9600.0,3489.5,1.163
5040.0,9600.0,3493.3,1.553
5120.0,9600.0,3488.3,1.432
5200.0,9600.0,3489.0,1.47
5280.0,9600.0,3490.1,1.694
5360.0,9600.0,3489.5,1.588
5440.0,9600.0,3492.7,2.642
5520.0,9600.0,3491.1,2.334
5600.0,9600.0,3489.7,2.717
5680.0,9600.0,3490.1,2.122
5760.0,9600.0,3489.7,1.937
5840.0,9600.0,3492.1,2.107
5920.0,9600.0,3495.4,2.114
6000.0,9600.0,3494.9,2.41
6080.0,9600.0,3493.4,2.4
6160.0,9600.0,3495.1,2.387
6240.0,9600.0,3491.6,2.366
6320.0,9600.0,3489.9,2.451
6400.0,9600.0,3494.9,2.377
6480.0,9600.0,3490.6,2.61
6560.0,9600.0,3492.0,1.985
6640.0,9600.0,3493.0,2.336
6720.0,9600.0,3493.1,2.403
6800.0,9600.0,3495.8,2.088
6880.0,9600.0,3495.2,1.723
6960.0,9600.0,3490.7,1.744
7040.0,9600.0,3492.7,1.472
7120.0,9600.0,3491.7,1.531
7200.0,9600.0,3486.7,1.423
7280.0,9600.0,3494.1,1.515
7360.0,9600.0,3490.0,1.4
7440.0,9600.0,3492.3,0.784
7520.0,9600.0,3493.3,1.091
7600.0,9600.0,3490.2,1.053
7680.0,9600.0,3491.0,1.329
7760.0,9600.0,3492.2,0.87
7840.0,9600.0,3496.9,0.795
7920.0,9600.0,3493.3,0.706
8000.0,9600.0,3492.5,0.963
8080.0,9600.0,3492.9,0.654
8160.0,9600.0,3489.5,0.16
8240.0,9600.0,3492.8,0.536
8320.0,9600.0,3496.9,0.802
8400.0,9600.0,3489.7,0.725
8480.0,9600.0,3496.5,0.964
8560.0,9600.0,3494.1,0.898
8640.0,9600.0,3497.1,0.26
8720.0,9600.0,3499.9,0.243
8800.0,9600.0,3496.7,0.426
8880.0,9600.0,3501.2,0.294
8960.0,9600.0,3501.4,0.495
9040.0,9600.0,3500.2,0.889
9120.0,9600.0,3502.4,0.634
9200.0,9600.0,3504.5,0.952
9280.0,9600.0,3506.7,0.414
9360.0,9600.0,3502.7,0.254
9440.0,9600.0,3506.8,0.548
9520.0,9600.0,3507.6,0.075
9600.0,9600.0,3509.6,0.647
9680.0,9600.0,3512.6,0.329
9760.0,9600.0,3513.5,0.678
9840.0,9600.0,3513.1,0.302
9920.0,9600.0,3520.2,0.317
10000.0,9600.0,3521.7,0.114
10080.0,9600.0,3514.2,0.167
10160.0,9600.0,3522.6,0.084
10240.0,9600.0,3524.2,0.133
10320.0,9600.0,3530.8,0.297
10400.0,9600.0,3529.2,-0.007
0.0,9680.0,3525.0,0.507
80.0,9680.0,3531.3,0.073
160.0,9680.0,3529.1,0.223
240.0,9680.0,3524.3,0.297
320.0,9680.0,3531.4,0.845
400.0,9680.0,3525.0,0.053
480.0,9680.0,3526.2,0.024
560.0,9680.0,3524.7,0.897
640.0,9680.0,3525.5,0.347
720.0,9680.0,3527.2,0.328
800.0,9680.0,3524.5,0.188
880.0,9680.0,3526.3,0.122
960.0,9680.0,3523.0,0.223
1040.0,9680.0,3529.8,0.298
1120.0,9680.0,3517.4,0.07
1200.0,9680.0,3527.5,0.402
1280.0,9680.0,3524.1,0.732
1360.0,9680.0,3530.1,0.727
1440.0,9680.0,3527.2,0.848
1520.0,9680.0,3521.1,0.658
1600.0,9680.0,3517.6,0.359
1680.0,9680.0,3519.4,0.968
1760.0,9680.0,3518.7,0.894
1840.0,9680.0,3509.6,0.251
1920.0,9680.0,3515.0,0.677
2000.0,9680.0,3517.9,0.414
2080.0,9680.0,3513.8,0.977
2160.0,9680.0,3513.7,0.925
2240.0,9680.0,3509.0,0.313
2320.0,9680.0,3505.3,0.738
2400.0,9680.0,3507.2,0.535
2480.0,9680.0,3504.2,0.419
2560.0,9680.0,3511.7,0.304
2640.0,9680.0,3504.8,0.698
2720.0,9680.0,3501.7,0.954
2800.0,9680.0,3509.7,0.95
2880.0,9680.0,3501.6,0.656
2960.0,9680.0,3497.5,0.78
3040.0,9680.0,3496.4,0.46
3120.0,9680.0,3497.4,0.441
3200.0,9680.0,3495.5,0.197
3280.0,9680.0,3496.3,0.643
3360.0,9680.0,3493.2,0.449
3440.0,9680.0,3498.0,0.143
3520.0,9680.0,3493.5,0.253
3600.0,9680.0,3492.3,0.446
3680.0,9680.0,3492.8,0.649
3760.0,9680.0,3489.0,0.272
3840.0,9680.0,3495.1,0.639
3920.0,9680.0,3489.8,0.063
4000.0,9680.0,3485.4,0.377
4080.0,9680.0,3489.6,0.64
4160.0,9680.0,3489.5,0.451
4240.0,9680.0,3488.3,0.156
4320.0,9680.0,3486.0,0.235
4400.0,9680.0,3485.6,0.406
4480.0,9680.0,3487.6,0.537
4560.0,9680.0,3488.3,0.477
4640.0,9680.0,3494.3,0.915
4720.0,9680.0,3491.2,1.152
4800.0,9680.0,3487.9,0.934
4880.0,9680.0,3490.5,1.081
4960.0,9680.0,3490.3,0.719
5040.0,9680.0,3490.0,0.487
5120.0,9680.0,3488.6,1.096
5200.0,9680.0,3488.4,1.302
5280.0,9680.0,3488.6,1.859
5360.0,9680.0,3491.6,1.935
5440.0,9680.0,3485.1,1.733
5520.0,9680.0,3490.4,1.846
5600.0,9680.0,3491.2,1.658
5680.0,9680.0,3490.7,1.799
5760.0,9680.0,3490.3,2.157
5840.0,9680.0,3489.9,2.008
5920.0,9680.0,3484.8,1.805
6000.0,9680.0,3487.7,2.458
6080.0,9680.0,3493.1,2.258
6160.0,9680.0,3489.9,2.078
6240.0,9680.0,3492.8,2.742
6320.0,9680.0,3489.9,2.538
6400.0,9680.0,3497.2,2.335
6480.0,9680.0,3490.5,2.398
6560.0,9680.0,3486.2,2.251
6640.0,9680.0,3493.6,2.222
6720.0,9680.0,3492.8,2.501
6800.0,9680.0,3496.1,2.297
6880.0,9680.0,3490.6,1.651
6960.0,9680.0,3490.6,2.109
7040.0,9680.0,3483.9,1.342
7120.0,9680.0,3489.5,1.465
7200.0,9680.0,3498.0,1.581
7280.0,9680.0,3489.2,1.458
7360.0,9680.0,3494.5,1.129
7440.0,9680.0,3488.9,1.191
7520.0,9680.0,3492.3,1.47
7600.0,9680.0,3489.0,0.602
7680.0,9680.0,3491.0,0.731
7760.0,9680.0,3486.3,0.973
7840.0,9680.0,3494.0,0.844
7920.0,9680.0,3484.5,0.797
8000.0,9680.0,3496.9,0.906
8080.0,9680.0,3494.1,0.732
8160.0,9680.0,3494.9,0.366
8240.0,9680.0,3496.6,0.615
8320.0,9680.0,3495.7,0.776
8400.0,9680.0,3496.8,0.438
8480.0,9680.0,3497.8,0.515
8560.0,9680.0,3492.8,0.395
8640.0,9680.0,3492.3,0.221
8720.0,9680.0,3496.2,0.492
8800.0,9680.0,3503.4,0.268
8880.0,9680.0,3501.5,0.162
8960.0,9680.0,3501.9,0.735
9040.0,9680.0,3500.0,0.979
9120.0,9680.0,3503.1,0.428
9200.0,9680.0,3500.6,0.544
9280.0,9680.0,3503.7,1.002
9360.0,9680.0,3511.2,0.658
9440.0,9680.0,3510.8,0.531
9520.0,9680.0,3511.9,0.657
9600.0,9680.0,3511.6,0.577
9680.0,9680.0,3509.0,0.517
9760.0,9680.0,3510.4,0.29
9840.0,9680.0,3514.7,0.657
9920.0,9680.0,3516.7,0.609
10000.0,9680.0,3517.3,0.116
10080.0,9680.0,3517.2,-0.227
10160.0,9680.0,3523.2,0.054
10240.0,9680.0,3526.7,0.085
10320.0,9680.0,3523.0,0.553
10400.0,9680.0,3525.2,0.199
0.0,9760.0,3521.3,0.265
80.0,9760.0,3522.5,0.455
160.0,9760.0,3518.9,0.712
240.0,9760.0,3526.4,0.327
320.0,9760.0,3526.5,0.723
400.0,9760.0,3528.7,1.1
480.0,9760.0,3527.2,0.234
560.0,9760.0,3522.6,0.01
640.0,9760.0,3527.1,0.149
720.0,9760.0,3527.5,0.433
800.0,9760.0,3522.6,0.651
880.0,9760.0,3523.1,0.493
960.0,9760.0,3519.5,0.403
1040.0,9760.0,3523.5,0.58
1120.0,9760.0,3522.9,0.356
1200.0,9760.0,3523.2,0.273
1280.0,9760.0,3529.7,0.72
1360.0,9760.0,3517.8,1.023
1440.0,9760.0,3524.9,0.723
1520.0,9760.0,3523.8,0.4
1600.0,9760.0,3517.1,0.903
1680.0,9760.0,3516.1,0.382
1760.0,9760.0,3514.3,0.564
1840.0,9760.0,3514.7,0.244
1920.0,9760.0,3510.4,0.538
2000.0,9760.0,3510.7,0.884
2080.0,9760.0,3509.5,0.336
2160.0,9760.0,3513.0,0.518
2240.0,9760.0,3508.1,0.777
2320.0,9760.0,3506.9,0.509
2400.0,9760.0,3508.1,0.613
2480.0,9760.0,3507.0,0.552
2560.0,9760.0,3502.9,0.579
2640.0,9760.0,3506.3,0.436
2720.0,9760.0,3498.9,0.593
2800.0,9760.0,3502.1,0.444
2880.0,9760.0,3502.0,0.617
2960.0,9760.0,3500.4,0.763
3040.0,9760.0,3502.0,0.396
3120.0,9760.0,3493.3,0.472
3200.0,9760.0,3494.3,0.312
3280.0,9760.0,3492.7,0.565
3360.0,9760.0,3492.4,0.55
3440.0,9760.0,3495.1,0.791
3520.0,9760.0,3490.3,0.389
3600.0,9760.0,3494.2,0.583
3680.0,9760.0,3494.4,0.745
3760.0,9760.0,3484.3,0.45
3840.0,9760.0,3491.8,0.313
3920.0,9760.0,3494.0,0.565
4000.0,9760.0,3491.4,0.453
4080.0,9760.0,3490.2,0.58
4160.0,9760.0,3482.0,1.032
4240.0,9760.0,3493.9,0.479
4320.0,9760.0,3487.9,0.153
4400.0,9760.0,3488.0,-0.099
4480.0,9760.0,3486.0,0.085
4560.0,9760.0,3492.7,0.21
4640.0,9760.0,3488.8,0.875
4720.0,9760.0,3483.1,0.675
4800.0,9760.0,3491.8,1.092
4880.0,9760.0,3487.3,0.703
4960.0,9760.0,3485.1,1.364
5040.0,9760.0,3487.6,0.962
5120.0,9760.0,3486.3,1.334
5200.0,9760.0,3487.9,1.048
5280.0,9760.0,3485.3,1.996
5360.0,9760.0,3489.4,1.659
5440.0,9760.0,3494.2,1.897
5520.0,9760.0,3490.1,1.389
5600.0,9760.0,3489.8,1.963
5680.0,9760.0,3487.8,1.748
5760.0,9760.0,3491.4,1.901
5840.0,9760.0,3489.1,1.943
5920.0,9760.0,3489.1,1.651
6000.0,9760.0,3493.1,2.544
6080.0,9760.0,3490.0,2.242
6160.0,9760.0,3496.8,2.622
6240.0,9760.0,3487.1,2.529
6320.0,9760.0,3492.4,2.39
6400.0,9760.0,3496.4,2.739
6480.0,9760.0,3494.6,2.377
6560.0,9760.0,3490.9,2.504
6640.0,9760.0,3487.8,2.544
6720.0,9760.0,3496.0,1.971
6800.0,9760.0,3485.2,2.187
6880.0,9760.0,3493.6,1.593
6960.0,9760.0,3492.9,1.937
7040.0,9760.0,3495.8,1.888
7120.0,9760.0,3491.3,1.325
7200.0,9760.0,3495.2,1.324
7280.0,9760.0,3491.4,1.067
7360.0,9760.0,3493.5,1.264
7440.0,9760.0,3496.2,1.738
7520.0,9760.0,3492.9,1.291
7600.0,9760.0,3494.6,1.127
7680.0,9760.0,3489.5,1.015
7760.0,9760.0,3491.1,0.776
7840.0,9760.0,3493.7,0.646
7920.0,9760.0,3494.4,1.14
8000.0,9760.0,3492.2,0.634
8080.0,9760.0,3498.7,1.139
8160.0,9760.0,3493.2,0.636
8240.0,9760.0,3489.8,1.097
8320.0,9760.0,3490.6,0.63
8400.0,9760.0,3496.7,0.457
8480.0,9760.0,3492.1,1.103
8560.0,9760.0,3501.2,0.934
8640.0,9760.0,3497.0,0.305
8720.0,9760.0,3498.3,0.178
8800.0,9760.0,3500.2,0.159
8880.0,9760.0,3500.0,0.503
8960.0,9760.0,3503.3,0.736
9040.0,9760.0,3500.8,0.612
9120.0,9760.0,3499.1,0.639
9200.0,9760.0,3502.8,0.521
9280.0,9760.0,3502.3,0.281
9360.0,9760.0,3504.6,0.412
9440.0,9760.0,3506.8,0.599
9520.0,9760.0,3504.5,0.609
9600.0,9760.0,3509.1,1.052
9680.0,9760.0,3507.4,0.769
9760.0,9760.0,3515.2,0.507
9840.0,9760.0,3520.4,0.45
9920.0,9760.0,3516.4,0.181
10000.0,9760.0,3510.3,0.234
10080.0,9760.0,3517.9,0.024
10160.0,9760.0,3520.4,0.526
10240.0,9760.0,3525.4,0.017
10320.0,9760.0,3526.9,0.297
10400.0,9760.0,3521.9,0.349
0.0,9840.0,3528.5,0.381
80.0,9840.0,3525.5,0.374
160.0,9840.0,3526.0,0.152
240.0,9840.0,3526.5,0.902
320.0,9840.0,3524.2,0.471
400.0,9840.0,3520.4,0.542
480.0,9840.0,3524.9,0.271
560.0,9840.0,3528.9,0.085
640.0,9840.0,3525.8,0.105
720.0,9840.0,3529.8,0.229
800.0,9840.0,3521.9,-0.046
880.0,9840.0,3529.9,0.693
960.0,9840.0,3527.5,0.599
1040.0,9840.0,3525.5,0.396
1120.0,9840.0,3524.4,0.364
1200.0,9840.0,3520.5,0.374
1280.0,9840.0,3521.5,0.664
1360.0,9840.0,3519.7,0.913
1440.0,9840.0,3519.6,0.635
1520.0,9840.0,3519.2,0.308
1600.0,9840.0,3518.5,0.407
1680.0,9840.0,3517.4,0.499
1760.0,9840.0,3519.4,0.599
1840.0,9840.0,3515.2,0.564
1920.0,9840.0,3519.1,0.698
2000.0,9840.0,3512.4,0.738
2080.0,9840.0,3515.2,0.529
2160.0,9840.0,3505.1,0.24
2240.0,9840.0,3505.8,0.802
2320.0,9840.0,3511.1,0.323
2400.0,9840.0,3510.2,0.594
2480.0,9840.0,3510.8,0.57
2560.0,9840.0,3509.5,0.719
2640.0,9840.0,3499.1,0.882
2720.0,9840.0,3509.1,0.5
2800.0,9840.0,3503.1,0.558
2880.0,9840.0,3500.9,0.721
2960.0,9840.0,3506.6,0.644
3040.0,9840.0,3497.7,0.552
3120.0,9840.0,3500.3,0.877
3200.0,9840.0,3501.6,0.588
3280.0,9840.0,3496.8,0.472
3360.0,9840.0,3494.3,0.637
3440.0,9840.0,3497.5,0.561
3520.0,9840.0,3491.1,0.539
3600.0,9840.0,3489.9,0.587
3680.0,9840.0,3490.2,0.809
3760.0,9840.0,3487.2,0.747
3840.0,9840.0,3493.5,0.952
3920.0,9840.0,3491.4,0.734
4000.0,9840.0,3488.4,0.622
4080.0,9840.0,3487.8,0.491
4160.0,9840.0,3487.0,0.208
4240.0,9840.0,3489.5,-0.429
4320.0,9840.0,3485.7,0.065
4400.0,9840.0,3490.9,0.354
4480.0,9840.0,3485.4,0.043
4560.0,9840.0,3485.7,0.298
4640.0,9840.0,3486.8,1.012
4720.0,9840.0,3489.6,0.483
4800.0,9840.0,3491.5,0.334
4880.0,9840.0,3485.8,0.811
4960.0,9840.0,3487.8,1.094
5040.0,9840.0,3482.9,1.304
5120.0,9840.0,3485.6,1.081
5200.0,9840.0,3487.2,1.718
5280.0,9840.0,3484.2,1.435
5360.0,9840.0,3489.2,1.599
5440.0,9840.0,3485.3,1.395
5520.0,9840.0,3490.8,1.428
5600.0,9840.0,3490.9,1.833
5680.0,9840.0,3487.4,1.431
5760.0,9840.0,3495.2,1.697
5840.0,9840.0,3487.3,1.851
5920.0,9840.0,3492.8,1.696
6000.0,9840.0,3496.2,1.715
6080.0,9840.0,3490.9,2.26
6160.0,9840.0,3489.6,2.225
6240.0,9840.0,3493.3,2.008
6320.0,9840.0,3493.8,2.382
6400.0,9840.0,3484.1,2.289
6480.0,9840.0,3491.2,2.429
6560.0,9840.0,3490.6,2.455
6640.0,9840.0,3485.3,2.394
6720.0,9840.0,3493.7,2.248
6800.0,9840.0,3498.1,2.429
6880.0,9840.0,3491.0,1.939
6960.0,9840.0,3493.2,1.795
7040.0,9840.0,3492.1,1.78
7120.0,9840.0,3492.2,2.215
7200.0,9840.0,3498.2,1.905
7280.0,9840.0,3496.7,1.734
7360.0,9840.0,3492.5,1.805
7440.0,9840.0,3491.2,1.433
7520.0,9840.0,3490.4,1.207
7600.0,9840.0,3486.8,0.502
7680.0,9840.0,3495.3,1.135
7760.0,9840.0,3490.2,0.679
7840.0,9840.0,3492.6,0.628
7920.0,9840.0,3491.5,0.768
8000.0,9840.0,3497.6,0.543
8080.0,9840.0,3495.3,0.6
8160.0,9840.0,3496.0,0.771
8240.0,9840.0,3497.1,0.935
8320.0,9840.0,3496.7,1.043
8400.0,9840.0,3495.3,0.72
8480.0,9840.0,3494.7,0.75
8560.0,9840.0,3494.3,0.839
8640.0,9840.0,3491.9,0.23
8720.0,9840.0,3493.8,0.348
8800.0,9840.0,3492.3,0.751
8880.0,9840.0,3496.1,0.303
8960.0,9840.0,3500.0,0.534
9040.0,9840.0,3494.2,0.308
9120.0,9840.0,3505.1,0.558
9200.0,9840.0,3504.1,0.74
9280.0,9840.0,3508.1,0.429
9360.0,9840.0,3506.0,0.548
9440.0,9840.0,3507.8,0.416
9520.0,9840.0,3505.0,0.728
9600.0,9840.0,3507.0,0.73
9680.0,9840.0,3506.3,0.662
9760.0,9840.0,3511.8,0.065
9840.0,9840.0,3512.0,-0.085
9920.0,9840.0,3512.4,-0.171
10000.0,9840.0,3514.4,0.31
10080.0,9840.0,3518.8,0.21
10160.0,9840.0,3524.4,0.113
10240.0,9840.0,3524.6,0.569
10320.0,9840.0,3523.0,0.38
10400.0,9840.0,3519.3,0.181
0.0,9920.0,3521.4,-0.04
80.0,9920.0,3526.1,0.375
160.0,9920.0,3523.9,0.72
240.0,9920.0,3525.9,0.296
320.0,9920.0,3525.3,-0.046
400.0,9920.0,3523.4,0.666
480.0,9920.0,3526.8,-0.052
560.0,9920.0,3529.3,-0.224
640.0,9920.0,3525.6,0.174
720.0,9920.0,3522.6,-0.111
800.0,9920.0,3519.3,0.436
880.0,9920.0,3527.1,0.783
960.0,9920.0,3517.4,0.322
1040.0,9920.0,3525.0,0.247
1120.0,9920.0,3520.3,0.746
1200.0,9920.0,3525.0,0.526
1280.0,9920.0,3526.9,0.746
1360.0,9920.0,3524.8,0.725
1440.0,9920.0,3520.1,1.047
1520.0,9920.0,3519.9,0.878
1600.0,9920.0,3525.7,0.535
1680.0,9920.0,3520.5,0.539
1760.0,9920.0,3511.8,0.359
1840.0,9920.0,3513.5,0.314
1920.0,9920.0,3511.4,0.204
2000.0,9920.0,3517.0,0.494
2080.0,9920.0,3510.2,0.963
2160.0,9920.0,3512.4,0.746
2240.0,9920.0,3512.4,0.689
2320.0,9920.0,3509.0,0.781
2400.0,9920.0,3507.5,0.897
2480.0,9920.0,3505.1,0.815
2560.0,9920.0,3497.9,0.97
2640.0,9920.0,3498.8,0.724
2720.0,9920.0,3504.7,0.432
2800.0,9920.0,3500.6,0.821
2880.0,9920.0,3498.9,0.692
2960.0,9920.0,3498.6,0.929
3040.0,9920.0,3492.6,1.076
3120.0,9920.0,3498.2,1.327
3200.0,9920.0,3497.2,0.542
3280.0,9920.0,3496.7,0.965
3360.0,9920.0,3500.8,0.728
3440.0,9920.0,3496.1,0.801
3520.0,9920.0,3488.8,0.23
3600.0,9920.0,3490.7,0.619
3680.0,9920.0,3488.0,0.656
3760.0,9920.0,3486.4,0.479
3840.0,9920.0,3487.9,1.091
3920.0,9920.0,3487.0,0.389
4000.0,9920.0,3488.4,0.675
4080.0,9920.0,3485.9,0.668
4160.0,9920.0,3490.4,0.505
4240.0,9920.0,3482.1,0.027
4320.0,9920.0,3489.7,0.08
4400.0,9920.0,3489.3,-0.462
4480.0,9920.0,3487.2,0.207
4560.0,9920.0,3491.3,1.056
4640.0,9920.0,3486.9,0.782
4720.0,9920.0,3491.2,0.877
4800.0,9920.0,3485.9,0.496
4880.0,9920.0,3484.6,0.844
4960.0,9920.0,3488.4,1.182
5040.0,9920.0,3487.6,1.216
5120.0,9920.0,3488.4,1.284
5200.0,9920.0,3486.6,1.314
5280.0,9920.0,3485.4,1.723
5360.0,9920.0,3491.7,1.839
5440.0,9920.0,3492.3,1.96
5520.0,9920.0,3488.9,1.271
5600.0,9920.0,3490.1,1.864
5680.0,9920.0,3492.0,1.667
5760.0,9920.0,3491.5,1.813
5840.0,9920.0,3490.7,2.054
5920.0,9920.0,3489.2,2.124
6000.0,9920.0,3495.6,2.116
6080.0,9920.0,3493.6,1.744
6160.0,9920.0,3492.2,2.124
6240.0,9920.0,3490.8,2.095
6320.0,9920.0,3489.3,2.325
6400.0,9920.0,3491.7,2.916
6480.0,9920.0,3490.1,2.476
6560.0,9920.0,3495.2,2.153
6640.0,9920.0,3485.0,2.323
6720.0,9920.0,3494.6,2.188
6800.0,9920.0,3486.3,2.213
6880.0,9920.0,3494.1,2.551
6960.0,9920.0,3493.2,2.221
7040.0,9920.0,3492.6,1.881
7120.0,9920.0,3492.2,1.946
7200.0,9920.0,3487.5,2.118
7280.0,9920.0,3486.7,1.61
7360.0,9920.0,3494.9,1.51
7440.0,9920.0,3490.5,1.712
7520.0,9920.0,3494.2,1.172
7600.0,9920.0,3497.7,1.048
7680.0,9920.0,3489.9,0.937
7760.0,9920.0,3492.2,1.071
7840.0,9920.0,3493.7,0.975
7920.0,9920.0,3495.4,0.952
8000.0,9920.0,3490.3,0.674
8080.0,9920.0,3495.3,0.802
8160.0,9920.0,3493.5,1.039
8240.0,9920.0,3493.0,0.926
8320.0,9920.0,3495.3,0.862
8400.0,9920.0,3495.1,0.562
8480.0,9920.0,3495.3,0.575
8560.0,9920.0,3498.3,1.035
8640.0,9920.0,3496.8,0.266
8720.0,9920.0,3498.2,0.522
8800.0,9920.0,3498.6,0.323
8880.0,9920.0,3501.1,0.548
8960.0,9920.0,3499.0,0.055
9040.0,9920.0,3503.1,0.169
9120.0,9920.0,3501.6,0.62
9200.0,9920.0,3502.9,0.917
9280.0,9920.0,3510.3,0.755
9360.0,9920.0,3503.8,0.533
9440.0,9920.0,3500.9,0.653
9520.0,9920.0,3505.5,0.165
9600.0,9920.0,3507.1,0.042
9680.0,9920.0,3516.3,0.385
9760.0,9920.0,3511.5,0.521
9840.0,9920.0,3511.6,0.023
9920.0,9920.0,3511.9,-0.028
10000.0,9920.0,3512.1,-0.141
10080.0,9920.0,3520.4,-0.127
10160.0,9920.0,3518.4,-0.138
10240.0,9920.0,3517.0,0.166
10320.0,9920.0,3519.2,0.499
10400.0,9920.0,3523.7,0.678
0.0,10000.0,3521.6,-0.125
80.0,10000.0,3528.6,0.43
160.0,10000.0,3523.3,0.372
240.0,10000.0,3527.4,0.163
320.0,10000.0,3526.0,-0.106
400.0,10000.0,3525.7,0.387
480.0,10000.0,3525.2,0.164
560.0,10000.0,3526.3,0.407
640.0,10000.0,3528.3,0.6
720.0,10000.0,3524.2,0.351
800.0,10000.0,3519.3,0.215
880.0,10000.0,3528.7,0.642
960.0,10000.0,3523.4,0.296
1040.0,10000.0,3523.4,0.185
1120.0,10000.0,3522.6,0.563
1200.0,10000.0,3520.8,1.01
1280.0,10000.0,3521.7,0.565
1360.0,10000.0,3520.3,1.002
1440.0,10000.0,3521.1,1.292
1520.0,10000.0,3519.1,0.96
1600.0,10000.0,3523.5,1.081
1680.0,10000.0,3516.3,0.786
1760.0,10000.0,3512.6,1.061
1840.0,10000.0,3518.0,0.354
1920.0,10000.0,3516.6,0.53
2000.0,10000.0,3511.3,0.353
2080.0,10000.0,3514.4,0.71
2160.0,10000.0,3508.4,0.842
2240.0,10000.0,3506.1,0.587
2320.0,10000.0,3507.2,0.916
2400.0,10000.0,3502.0,0.843
2480.0,10000.0,3502.4,1.142
2560.0,10000.0,3505.3,0.86
2640.0,10000.0,3505.3,0.776
2720.0,10000.0,3499.9,0.687
2800.0,10000.0,3501.5,1.143
2880.0,10000.0,3494.2,1.263
2960.0,10000.0,3494.7,1.193
3040.0,10000.0,3498.4,1.416
3120.0,10000.0,3497.7,1.264
3200.0,10000.0,3492.3,1.057
3280.0,10000.0,3495.9,1.087
3360.0,10000.0,3495.2,0.734
3440.0,10000.0,3490.6,0.537
3520.0,10000.0,3490.8,0.725
3600.0,10000.0,3493.4,0.681
3680.0,10000.0,3497.0,0.709
3760.0,10000.0,3491.2,1.319
3840.0,10000.0,3487.1,0.692
3920.0,10000.0,3487.0,0.885
4000.0,10000.0,3488.7,0.966
4080.0,10000.0,3489.4,0.837
4160.0,10000.0,3488.0,0.292
4240.0,10000.0,3485.0,0.719
4320.0,10000.0,3488.4,0.193
4400.0,10000.0,3493.2,-0.071
4480.0,10000.0,3486.5,0.683
4560.0,10000.0,3493.0,0.853
4640.0,10000.0,3488.0,0.745
4720.0,10000.0,3486.2,0.976
4800.0,10000.0,3488.1,0.822
4880.0,10000.0,3485.3,1.105
4960.0,10000.0,3488.8,0.832
5040.0,10000.0,3488.2,1.038
5120.0,10000.0,3485.5,1.303
5200.0,10000.0,3488.3,0.831
5280.0,10000.0,3491.3,1.411
5360.0,10000.0,3489.7,1.725
5440.0,10000.0,3488.1,1.705
5520.0,10000.0,3490.0,1.454
5600.0,10000.0,3486.4,1.503
5680.0,10000.0,3485.6,1.818
5760.0,10000.0,3489.1,2.233
5840.0,10000.0,3489.0,1.954
5920.0,10000.0,3487.3,2.107
6000.0,10000.0,3488.7,2.281
6080.0,10000.0,3494.6,2.317
6160.0,10000.0,3490.9,2.026
6240.0,10000.0,3489.9,1.63
6320.0,10000.0,3494.1,2.077
6400.0,10000.0,3491.5,2.401
6480.0,10000.0,3491.1,2.268
6560.0,10000.0,3491.8,2.272
6640.0,10000.0,3489.0,1.951
6720.0,10000.0,3490.3,1.841
6800.0,10000.0,3487.4,2.724
6880.0,10000.0,3493.8,2.388
6960.0,10000.0,3490.7,2.302
7040.0,10000.0,3488.1,2.08
7120.0,10000.0,3489.5,2.129
7200.0,10000.0,3496.8,2.025
7280.0,10000.0,3489.9,1.847
7360.0,10000.0,3493.4,2.152
7440.0,10000.0,3495.4,1.681
7520.0,10000.0,3495.4,1.277
7600.0,10000.0,3494.4,1.237
7680.0,10000.0,3493.8,0.737
7760.0,10000.0,3487.0,0.667
7840.0,10000.0,3487.0,0.793
7920.0,10000.0,3489.4,0.775
8000.0,10000.0,3492.2,0.592
8080.0,10000.0,3490.1,1.09
8160.0,10000.0,3492.0,1.315
8240.0,10000.0,3496.8,0.463
8320.0,10000.0,3495.2,0.584
8400.0,10000.0,3492.3,0.448
8480.0,10000.0,3493.2,0.796
8560.0,10000.0,3493.0,0.682
8640.0,10000.0,3499.6,0.617
8720.0,10000.0,3501.3,0.265
8800.0,10000.0,3499.3,0.749
8880.0,10000.0,3501.4,0.422
8960.0,10000.0,3500.3,0.375
9040.0,10000.0,3497.5,0.483
9120.0,10000.0,3502.5,0.863
9200.0,10000.0,3501.7,0.854
9280.0,10000.0,3503.9,0.495
9360.0,10000.0,3499.9,0.027
9440.0,10000.0,3503.0,0.357
9520.0,10000.0,3505.5,0.479
9600.0,10000.0,3507.9,0.282
9680.0,10000.0,3511.8,0.504
9760.0,10000.0,3513.1,0.421
9840.0,10000.0,3513.6,0.499
9920.0,10000.0,3511.6,0.073
10000.0,10000.0,3511.0,0.001
10080.0,10000.0,3516.3,0.177
10160.0,10000.0,3518.5,-0.198
10240.0,10000.0,3517.7,0.037
10320.0,10000.0,3522.0,0.545
10400.0,10000.0,3523.1,0.687
0.0,10080.0,3521.6,0.095
80.0,10080.0,3526.4,0.087
160.0,10080.0,3523.1,0.205
240.0,10080.0,3527.9,0.504
320.0,10080.0,3522.9,0.429
400.0,10080.0,3526.1,0.187
480.0,10080.0,3526.9,-0.046
560.0,10080.0,3521.7,0.091
640.0,10080.0,3525.8,0.665
720.0,10080.0,3525.2,0.21
800.0,10080.0,3523.7,0.558
880.0,10080.0,3518.7,0.732
960.0,10080.0,3526.3,0.76
1040.0,10080.0,3525.0,0.396
1120.0,10080.0,3517.1,0.423
1200.0,10080.0,3521.8,0.224
1280.0,10080.0,3515.4,0.882
1360.0,10080.0,3522.2,1.106
1440.0,10080.0,3515.9,0.857
1520.0,10080.0,3520.6,0.869
1600.0,10080.0,3517.2,0.676
1680.0,10080.0,3513.5,0.812
1760.0,10080.0,3512.2,0.481
1840.0,10080.0,3514.2,0.728
1920.0,10080.0,3518.2,0.305
2000.0,10080.0,3511.9,0.204
2080.0,10080.0,3514.3,0.418
2160.0,10080.0,3512.0,0.51
2240.0,10080.0,3515.8,0.14
2320.0,10080.0,3506.6,1.263
2400.0,10080.0,3509.7,1.118
2480.0,10080.0,3507.0,0.918
2560.0,10080.0,3502.9,1.049
2640.0,10080.0,3500.0,1.09
2720.0,10080.0,3499.8,0.856
2800.0,10080.0,3496.4,0.761
2880.0,10080.0,3499.4,1.016
2960.0,10080.0,3501.8,0.682
3040.0,10080.0,3497.3,1.086
3120.0,10080.0,3495.1,1.21
3200.0,10080.0,3497.7,1.038
3280.0,10080.0,3496.3,1.199
3360.0,10080.0,3491.8,0.739
3440.0,10080.0,3492.2,0.772
3520.0,10080.0,3490.0,1.008
3600.0,10080.0,3490.8,0.951
3680.0,10080.0,3486.8,1.462
3760.0,10080.0,3484.0,1.339
3840.0,10080.0,3492.4,0.626
3920.0,10080.0,3487.7,0.757
4000.0,10080.0,3488.0,1.221
4080.0,10080.0,3486.0,0.865
4160.0,10080.0,3486.1,0.527
4240.0,10080.0,3482.5,0.419
4320.0,10080.0,3487.6,0.104
4400.0,10080.0,3485.0,0.541
4480.0,10080.0,3488.2,0.602
4560.0,10080.0,3489.8,0.54
4640.0,10080.0,3482.6,0.569
4720.0,10080.0,3487.0,1.038
4800.0,10080.0,3492.2,0.924
4880.0,10080.0,3486.5,0.822
4960.0,10080.0,3489.2,0.85
5040.0,10080.0,3488.2,1.218
5120.0,10080.0,3482.0,0.9
5200.0,10080.0,3485.0,1.423
5280.0,10080.0,3486.6,1.251
5360.0,10080.0,3484.8,1.731
5440.0,10080.0,3486.0,1.423
5520.0,10080.0,3492.1,1.517
5600.0,10080.0,3487.7,1.529
5680.0,10080.0,3486.2,2.074
5760.0,10080.0,3485.9,2.105
5840.0,10080.0,3487.8,1.932
5920.0,10080.0,3490.2,2.149
6000.0,10080.0,3492.5,2.177
6080.0,10080.0,3493.4,1.938
6160.0,10080.0,3484.2,1.802
6240.0,10080.0,3485.7,1.989
6320.0,10080.0,3502.3,2.079
6400.0,10080.0,3493.5,2.144
6480.0,10080.0,3494.1,2.099
6560.0,10080.0,3489.6,2.205
6640.0,10080.0,3490.8,1.629
6720.0,10080.0,3490.3,2.061
6800.0,10080.0,3494.1,2.678
6880.0,10080.0,3489.6,2.242
6960.0,10080.0,3494.8,2.237
7040.0,10080.0,3496.7,2.218
7120.0,10080.0,3491.3,2.19
7200.0,10080.0,3490.3,1.784
7280.0,10080.0,3491.1,1.895
7360.0,10080.0,3490.8,1.618
7440.0,10080.0,3496.8,1.987
7520.0,10080.0,3498.5,2.018
7600.0,10080.0,3494.0,1.403
7680.0,10080.0,3494.0,1.166
7760.0,10080.0,3490.6,1.309
7840.0,10080.0,3493.9,1.316
7920.0,10080.0,3494.1,0.609
8000.0,10080.0,3499.1,0.567
8080.0,10080.0,3493.7,0.382
8160.0,10080.0,3497.0,0.499
8240.0,10080.0,3495.4,0.377
8320.0,10080.0,3491.8,0.643
8400.0,10080.0,3495.3,0.084
8480.0,10080.0,3499.2,0.829
8560.0,10080.0,3498.2,-0.057
8640.0,10080.0,3498.0,-0.01
8720.0,10080.0,3497.3,0.333
8800.0,10080.0,3503.1,0.54
8880.0,10080.0,3501.6,0.629
8960.0,10080.0,3492.9,0.343
9040.0,10080.0,3498.8,0.469
9120.0,10080.0,3499.9,0.236
9200.0,10080.0,3505.7,0.047
9280.0,10080.0,3501.8,0.3
9360.0,10080.0,3501.7,0.156
9440.0,10080.0,3500.4,0.518
9520.0,10080.0,3505.0,0.429
9600.0,10080.0,3505.1,0.33
9680.0,10080.0,3508.7,0.163
9760.0,10080.0,3513.6,0.237
9840.0,10080.0,3509.9,0.149
9920.0,10080.0,3511.8,-0.107
10000.0,10080.0,3514.7,0.159
10080.0,10080.0,3517.2,-0.233
10160.0,10080.0,3513.0,-0.05
10240.0,10080.0,3517.4,-0.002
10320.0,10080.0,3517.1,0.573
10400.0,10080.0,3524.3,0.374
0.0,10160.0,3522.4,0.149
80.0,10160.0,3520.3,0.089
160.0,10160.0,3522.3,0.071
240.0,10160.0,3525.2,0.438
320.0,10160.0,3520.4,0.274
400.0,10160.0,3523.1,0.43
480.0,10160.0,3523.1,0.491
560.0,10160.0,3528.3,0.373
640.0,10160.0,3526.0,-0.115
720.0,10160.0,3525.4,0.269
800.0,10160.0,3525.2,0.18
880.0,10160.0,3526.8,0.169
960.0,10160.0,3523.2,0.394
1040.0,10160.0,3517.2,0.212
1120.0,10160.0,3520.8,0.7
1200.0,10160.0,3520.5,0.556
1280.0,10160.0,3522.6,0.798
1360.0,10160.0,3520.7,1.015
1440.0,10160.0,3521.1,1.105
1520.0,10160.0,3522.1,0.517
1600.0,10160.0,3518.0,0.818
1680.0,10160.0,3517.3,1.024
1760.0,10160.0,3518.8,0.575
1840.0,10160.0,3509.4,0.417
1920.0,10160.0,3514.7,0.741
2000.0,10160.0,3519.0,0.553
2080.0,10160.0,3511.4,0.267
2160.0,10160.0,3504.9,0.486
2240.0,10160.0,3508.8,0.637
2320.0,10160.0,3509.3,1.014
2400.0,10160.0,3502.5,0.67
2480.0,10160.0,3509.9,1.227
2560.0,10160.0,3506.8,0.68
2640.0,10160.0,3503.4,1.067
2720.0,10160.0,3501.2,0.985
2800.0,10160.0,3505.2,0.755
2880.0,10160.0,3503.6,1.179
2960.0,10160.0,3495.9,1.046
3040.0,10160.0,3499.6,1.18
3120.0,10160.0,3496.8,1.087
3200.0,10160.0,3500.7,1.162
3280.0,10160.0,3492.7,1.357
3360.0,10160.0,3492.6,1.032
3440.0,10160.0,3493.3,0.939
3520.0,10160.0,3493.7,0.949
3600.0,10160.0,3492.3,0.653
3680.0,10160.0,3484.4,1.04
3760.0,10160.0,3492.7,0.683
3840.0,10160.0,3488.3,1.17
3920.0,10160.0,3492.4,0.7
4000.0,10160.0,3489.7,0.96
4080.0,10160.0,3488.2,0.907
4160.0,10160.0,3483.2,0.311
4240.0,10160.0,3485.8,0.453
4320.0,10160.0,3488.1,0.396
4400.0,10160.0,3481.1,0.75
4480.0,10160.0,3489.4,0.486
4560.0,10160.0,3483.9,0.69
4640.0,10160.0,3486.9,0.836
4720.0,10160.0,3491.7,0.83
4800.0,10160.0,3486.4,0.445
4880.0,10160.0,3488.1,0.757
4960.0,10160.0,3486.3,0.919
5040.0,10160.0,3486.3,0.567
5120.0,10160.0,3487.1,0.914
5200.0,10160.0,3486.7,0.82
5280.0,10160.0,3493.3,1.342
5360.0,10160.0,3485.3,1.67
5440.0,10160.0,3482.8,1.438
5520.0,10160.0,3484.4,1.797
5600.0,10160.0,3487.0,1.513
5680.0,10160.0,3485.1,1.726
5760.0,10160.0,3488.5,2.243
5840.0,10160.0,3484.4,2.061
5920.0,10160.0,3489.6,2.178
6000.0,10160.0,3491.4,1.435
6080.0,10160.0,3485.4,1.589
6160.0,10160.0,3493.8,1.406
6240.0,10160.0,3491.8,1.042
6320.0,10160.0,3489.1,1.369
6400.0,10160.0,3493.0,1.968
6480.0,10160.0,3491.5,2.075
6560.0,10160.0,3494.6,2.269
6640.0,10160.0,3489.1,1.677
6720.0,10160.0,3493.2,2.018
6800.0,10160.0,3493.3,2.132
6880.0,10160.0,3493.6,2.298
6960.0,10160.0,3490.3,2.307
7040.0,10160.0,3490.0,2.55
7120.0,10160.0,3499.3,2.155
7200.0,10160.0,3493.1,2.103
7280.0,10160.0,3494.1,1.277
7360.0,10160.0,3493.2,2.084
7440.0,10160.0,3495.8,1.746
7520.0,10160.0,3492.3,1.486
7600.0,10160.0,3493.0,1.349
7680.0,10160.0,3493.4,1.221
7760.0,10160.0,3490.6,1.27
7840.0,10160.0,3490.1,0.878
7920.0,10160.0,3501.1,0.813
8000.0,10160.0,3493.7,0.872
8080.0,10160.0,3491.9,0.921
8160.0,10160.0,3498.0,0.651
8240.0,10160.0,3495.0,1.054
8320.0,10160.0,3495.0,1.223
8400.0,10160.0,3495.6,0.645
8480.0,10160.0,3503.4,0.346
8560.0,10160.0,3499.4,0.189
8640.0,10160.0,3497.8,0.226
8720.0,10160.0,3500.9,0.58
8800.0,10160.0,3498.0,0.781
8880.0,10160.0,3502.3,0.282
8960.0,10160.0,3503.4,0.341
9040.0,10160.0,3496.8,0.71
9120.0,10160.0,3495.5,0.666
9200.0,10160.0,3501.2,0.465
9280.0,10160.0,3501.0,0.344
9360.0,10160.0,3500.6,0.322
9440.0,10160.0,3509.8,0.301
9520.0,10160.0,3503.7,0.354
9600.0,10160.0,3506.4,0.218
9680.0,10160.0,3507.5,0.068
9760.0,10160.0,3506.9,0.12
9840.0,10160.0,3512.4,0.084
9920.0,10160.0,3517.2,0.139
10000.0,10160.0,3508.2,-0.019
10080.0,10160.0,3515.7,-0.381
10160.0,10160.0,3514.9,0.123
10240.0,10160.0,3518.3,0.493
10320.0,10160.0,3524.4,0.482
10400.0,10160.0,3524.9,0.523
0.0,10240.0,3527.7,-0.155
80.0,10240.0,3518.8,0.26
160.0,10240.0,3522.5,0.049
240.0,10240.0,3527.8,-0.053
320.0,10240.0,3526.8,0.171
400.0,10240.0,3525.5,0.303
480.0,10240.0,3526.2,0.024
560.0,10240.0,3524.9,-0.006
640.0,10240.0,3525.0,0.256
720.0,10240.0,3525.1,0.438
800.0,10240.0,3524.2,0.443
880.0,10240.0,3517.0,0.276
960.0,10240.0,3530.1,0.372
1040.0,10240.0,3520.4,0.85
1120.0,10240.0,3521.7,0.721
1200.0,10240.0,3522.3,0.963
1280.0,10240.0,3520.8,0.878
1360.0,10240.0,3520.7,0.7
1440.0,10240.0,3517.3,1.051
1520.0,10240.0,3523.2,0.671
1600.0,10240.0,3514.9,0.967
1680.0,10240.0,3517.3,0.784
1760.0,10240.0,3519.5,0.399
1840.0,10240.0,3516.6,0.635
1920.0,10240.0,3513.6,0.852
2000.0,10240.0,3509.9,0.33
2080.0,10240.0,3510.8,0.64
2160.0,10240.0,3511.6,0.816
2240.0,10240.0,3511.5,0.658
2320.0,10240.0,3508.1,0.565
2400.0,10240.0,3507.1,1.328
2480.0,10240.0,3503.3,1.181
2560.0,10240.0,3502.0,0.956
2640.0,10240.0,3502.5,0.871
2720.0,10240.0,3504.2,1.422
2800.0,10240.0,3501.5,0.88
2880.0,10240.0,3502.2,1.103
2960.0,10240.0,3494.5,0.69
3040.0,10240.0,3495.8,0.754
3120.0,10240.0,3498.1,1.07
3200.0,10240.0,3494.8,1.119
3280.0,10240.0,3494.6,1.15
3360.0,10240.0,3494.3,0.955
3440.0,10240.0,3495.9,1.101
3520.0,10240.0,3496.1,0.525
3600.0,10240.0,3490.5,0.985
3680.0,10240.0,3492.1,1.216
3760.0,10240.0,3492.1,1.174
3840.0,10240.0,3487.7,1.017
3920.0,10240.0,3484.3,0.967
4000.0,10240.0,3483.7,1.217
4080.0,10240.0,3482.1,1.024
4160.0,10240.0,3486.5,0.696
4240.0,10240.0,3488.0,0.512
4320.0,10240.0,3492.1,0.229
4400.0,10240.0,3484.4,0.567
4480.0,10240.0,3488.1,0.543
4560.0,10240.0,3489.1,0.352
4640.0,10240.0,3486.6,1.159
4720.0,10240.0,3484.5,1.063
4800.0,10240.0,3485.1,0.436
4880.0,10240.0,3484.5,0.962
4960.0,10240.0,3490.6,0.893
5040.0,10240.0,3488.3,0.615
5120.0,10240.0,3487.2,0.764
5200.0,10240.0,3489.6,1.282
5280.0,10240.0,3483.9,1.661
5360.0,10240.0,3488.4,1.067
5440.0,10240.0,3488.9,1.655
5520.0,10240.0,3487.1,1.758
5600.0,10240.0,3488.7,2.007
5680.0,10240.0,3486.1,1.915
5760.0,10240.0,3484.3,2.176
5840.0,10240.0,3485.4,2.091
5920.0,10240.0,3490.9,1.845
6000.0,10240.0,3490.4,1.587
6080.0,10240.0,3489.2,1.8
6160.0,10240.0,3490.1,1.746
6240.0,10240.0,3490.0,1.082
6320.0,10240.0,3491.3,1.235
6400.0,10240.0,3487.8,1.701
6480.0,10240.0,3492.7,2.055
6560.0,10240.0,3491.3,1.99
6640.0,10240.0,3497.6,1.891
6720.0,10240.0,3491.4,2.347
6800.0,10240.0,3492.0,2.482
6880.0,10240.0,3492.4,2.575
6960.0,10240.0,3495.9,2.656
7040.0,10240.0,3493.7,2.497
7120.0,10240.0,3489.7,2.299
7200.0,10240.0,3492.9,1.714
7280.0,10240.0,3488.1,1.311
7360.0,10240.0,3493.9,2.211
7440.0,10240.0,3496.6,1.748
7520.0,10240.0,3495.0,1.691
7600.0,10240.0,3491.0,1.477
7680.0,10240.0,3494.4,1.252
7760.0,10240.0,3495.2,1.416
7840.0,10240.0,3497.1,0.874
7920.0,10240.0,3494.2,1.033
8000.0,10240.0,3490.7,0.963
8080.0,10240.0,3492.1,1.212
8160.0,10240.0,3493.7,1.036
8240.0,10240.0,3495.6,1.06
8320.0,10240.0,3495.9,1.044
8400.0,10240.0,3497.2,0.824
8480.0,10240.0,3494.3,0.659
8560.0,10240.0,3497.0,0.316
8640.0,10240.0,3498.9,0.332
8720.0,10240.0,3501.9,0.365
8800.0,10240.0,3500.5,0.188
8880.0,10240.0,3502.6,1.023
8960.0,10240.0,3500.8,0.11
9040.0,10240.0,3501.9,0.543
9120.0,10240.0,3497.9,0.385
9200.0,10240.0,3503.7,0.347
9280.0,10240.0,3502.8,-0.193
9360.0,10240.0,3498.4,0.453
9440.0,10240.0,3503.4,0.11
9520.0,10240.0,3509.7,0.286
9600.0,10240.0,3503.4,0.268
9680.0,10240.0,3508.2,0.386
9760.0,10240.0,3513.3,0.409
9840.0,10240.0,3506.6,0.423
9920.0,10240.0,3506.1,0.307
10000.0,10240.0,3513.0,0.137
10080.0,10240.0,3517.4,0.127
10160.0,10240.0,3517.9,0.252
10240.0,10240.0,3519.1,0.302
10320.0,10240.0,3517.2,0.306
10400.0,10240.0,3515.7,0.551
0.0,10320.0,3519.7,0.094
80.0,10320.0,3521.4,0.156
160.0,10320.0,3524.4,0.211
240.0,10320.0,3528.7,-0.071
320.0,10320.0,3525.3,0.52
400.0,10320.0,3519.5,-0.055
480.0,10320.0,3525.6,0.152
560.0,10320.0,3524.4,-0.43
640.0,10320.0,3525.9,-0.391
720.0,10320.0,3526.8,0.018
800.0,10320.0,3519.9,0.269
880.0,10320.0,3521.9,0.009
960.0,10320.0,3522.4,0.2
1040.0,10320.0,3526.1,0.641
1120.0,10320.0,3519.6,0.417
1200.0,10320.0,3524.2,0.824
1280.0,10320.0,3526.0,0.688
1360.0,10320.0,3518.2,0.857
1440.0,10320.0,3515.4,0.731
1520.0,10320.0,3523.2,0.752
1600.0,10320.0,3514.3,0.514
1680.0,10320.0,3520.5,0.676
1760.0,10320.0,3514.6,0.768
1840.0,10320.0,3514.0,0.841
1920.0,10320.0,3515.7,0.932
2000.0,10320.0,3512.0,0.63
2080.0,10320.0,3513.4,0.88
2160.0,10320.0,3512.1,0.797
2240.0,10320.0,3508.5,0.768
2320.0,10320.0,3509.4,0.947
2400.0,10320.0,3504.4,1.158
2480.0,10320.0,3505.7,1.053
2560.0,10320.0,3509.8,0.883
2640.0,10320.0,3498.5,0.967
2720.0,10320.0,3502.3,0.708
2800.0,10320.0,3501.1,1.452
2880.0,10320.0,3505.1,0.875
2960.0,10320.0,3497.7,0.387
3040.0,10320.0,3498.1,1.046
3120.0,10320.0,3493.9,1.309
3200.0,10320.0,3493.7,0.775
3280.0,10320.0,3493.1,1.223
3360.0,10320.0,3492.5,1.162
3440.0,10320.0,3493.5,1.339
3520.0,10320.0,3494.7,0.53
3600.0,10320.0,3491.3,1.168
3680.0,10320.0,3485.8,1.509
3760.0,10320.0,3487.0,0.915
3840.0,10320.0,3497.0,1.345
3920.0,10320.0,3490.5,0.939
4000.0,10320.0,3483.9,1.187
4080.0,10320.0,3483.6,1.104
4160.0,10320.0,3488.4,0.685
4240.0,10320.0,3488.1,0.965
4320.0,10320.0,3485.6,0.852
4400.0,10320.0,3487.6,0.335
4480.0,10320.0,3484.3,0.404
4560.0,10320.0,3483.7,1.214
4640.0,10320.0,3485.5,1.113
4720.0,10320.0,3483.9,0.847
4800.0,10320.0,3488.5,0.766
4880.0,10320.0,3486.8,0.631
4960.0,10320.0,3484.6,1.089
5040.0,10320.0,3485.6,0.954
5120.0,10320.0,3489.5,1.227
5200.0,10320.0,3486.1,1.142
5280.0,10320.0,3479.8,1.18
5360.0,10320.0,3488.8,1.319
5440.0,10320.0,3488.6,1.499
5520.0,10320.0,3487.2,1.364
5600.0,10320.0,3492.8,1.954
5680.0,10320.0,3492.7,1.728
5760.0,10320.0,3490.6,1.686
5840.0,10320.0,3491.2,1.895
5920.0,10320.0,3491.7,1.614
6000.0,10320.0,3486.8,1.674
6080.0,10320.0,3485.2,1.761
6160.0,10320.0,3487.3,1.748
6240.0,10320.0,3487.9,1.47
6320.0,10320.0,3487.2,1.501
6400.0,10320.0,3485.9,1.279
6480.0,10320.0,3490.8,1.576
6560.0,10320.0,3496.1,2.204
6640.0,10320.0,3493.5,1.487
6720.0,10320.0,3490.3,2.584
6800.0,10320.0,3489.0,2.44
6880.0,10320.0,3493.2,2.293
6960.0,10320.0,3492.7,2.213
7040.0,10320.0,3491.6,2.264
7120.0,10320.0,3496.2,2.429
7200.0,10320.0,3494.8,1.867
7280.0,10320.0,3496.7,1.91
7360.0,10320.0,3495.2,1.821
7440.0,10320.0,3499.8,1.827
7520.0,10320.0,3488.3,1.818
7600.0,10320.0,3498.9,1.444
7680.0,10320.0,3498.3,1.617
7760.0,10320.0,3493.4,1.312
7840.0,10320.0,3495.8,1.025
7920.0,10320.0,3497.2,1.511
8000.0,10320.0,3496.9,1.567
8080.0,10320.0,3496.6,0.961
8160.0,10320.0,3498.7,0.898
8240.0,10320.0,3494.4,0.827
8320.0,10320.0,3491.2,0.946
8400.0,10320.0,3495.0,1.013
8480.0,10320.0,3501.1,0.773
8560.0,10320.0,3501.3,0.628
8640.0,10320.0,3496.5,0.967
8720.0,10320.0,3496.4,0.671
8800.0,10320.0,3505.8,0.68
8880.0,10320.0,3502.6,0.422
8960.0,10320.0,3500.8,0.081
9040.0,10320.0,3505.3,0.283
9120.0,10320.0,3501.3,0.158
9200.0,10320.0,3502.5,-0.089
9280.0,10320.0,3506.1,0.415
9360.0,10320.0,3503.4,0.333
9440.0,10320.0,3508.5,0.261
9520.0,10320.0,3506.2,-0.152
9600.0,10320.0,3501.1,0.356
9680.0,10320.0,3510.1,-0.192
9760.0,10320.0,3510.0,0.677
9840.0,10320.0,3512.5,0.645
9920.0,10320.0,3510.5,0.2
10000.0,10320.0,3510.1,0.684
10080.0,10320.0,3513.6,0.798
10160.0,10320.0,3518.0,0.346
10240.0,10320.0,3517.1,0.589
10320.0,10320.0,3515.0,0.296
10400.0,10320.0,3523.3,0.392
0.0,10400.0,3519.6,0.137
80.0,10400.0,3526.7,0.123
160.0,10400.0,3530.8,-0.147
240.0,10400.0,3526.3,-0.288
320.0,10400.0,3528.1,-0.617
400.0,10400.0,3521.4,-0.222
480.0,10400.0,3526.1,-0.292
560.0,10400.0,3527.5,-0.311
640.0,10400.0,3524.1,-0.434
720.0,10400.0,3528.3,-0.31
800.0,10400.0,3527.5,-0.198
880.0,10400.0,3526.7,-0.383
960.0,10400.0,3527.0,0.397
1040.0,10400.0,3521.9,0.31
1120.0,10400.0,3520.6,-0.01
1200.0,10400.0,3522.5,0.343
1280.0,10400.0,3521.7,0.623
1360.0,10400.0,3525.0,0.716
1440.0,10400.0,3525.4,1.177
1520.0,10400.0,3513.8,0.953
1600.0,10400.0,3522.8,0.715
1680.0,10400.0,3518.3,0.997
1760.0,10400.0,3520.9,0.783
1840.0,10400.0,3511.5,0.792
1920.0,10400.0,3515.0,0.773
2000.0,10400.0,3513.2,0.59
2080.0,10400.0,3510.0,0.759
2160.0,10400.0,3510.0,1.067
2240.0,10400.0,3507.6,0.266
2320.0,10400.0,3511.8,1.27
2400.0,10400.0,3506.9,1.121
2480.0,10400.0,3504.8,0.821
2560.0,10400.0,3499.7,0.834
2640.0,10400.0,3501.2,0.796
2720.0,10400.0,3501.3,0.796
2800.0,10400.0,3506.9,1.1
2880.0,10400.0,3505.8,0.88
2960.0,10400.0,3502.3,1.027
3040.0,10400.0,3494.9,1.08
3120.0,10400.0,3491.7,0.754
3200.0,10400.0,3496.9,0.486
3280.0,10400.0,3500.9,1.455
3360.0,10400.0,3493.2,1.406
3440.0,10400.0,3495.1,1.111
3520.0,10400.0,3493.4,1.283
3600.0,10400.0,3487.7,1.768
3680.0,10400.0,3494.9,0.73
3760.0,10400.0,3489.4,1.409
3840.0,10400.0,3488.9,1.41
3920.0,10400.0,3490.0,1.123
4000.0,10400.0,3487.2,1.245
4080.0,10400.0,3491.3,1.129
4160.0,10400.0,3486.0,0.847
4240.0,10400.0,3489.1,0.739
4320.0,10400.0,3485.1,0.795
4400.0,10400.0,3489.7,0.901
4480.0,10400.0,3483.5,0.659
4560.0,10400.0,3483.6,0.618
4640.0,10400.0,3480.0,1.024
4720.0,10400.0,3488.4,1.054
4800.0,10400.0,3487.2,0.492
4880.0,10400.0,3484.0,0.968
4960.0,10400.0,3483.5,0.946
5040.0,10400.0,3484.5,0.523
5120.0,10400.0,3483.8,0.835
5200.0,10400.0,3485.5,0.699
5280.0,10400.0,3480.9,1.147
5360.0,10400.0,3486.3,0.872
5440.0,10400.0,3484.0,1.758
5520.0,10400.0,3487.8,2.18
5600.0,10400.0,3487.7,1.601
5680.0,10400.0,3485.5,2.087
5760.0,10400.0,3492.3,2.027
5840.0,10400.0,3488.8,1.829
5920.0,10400.0,3490.5,1.61
6000.0,10400.0,3490.4,1.177
6080.0,10400.0,3493.3,1.789
6160.0,10400.0,3490.2,1.869
6240.0,10400.0,3489.3,1.538
6320.0,10400.0,3496.1,1.589
6400.0,10400.0,3488.6,1.225
6480.0,10400.0,3496.2,1.578
6560.0,10400.0,3490.9,1.766
6640.0,10400.0,3491.6,2.306
6720.0,10400.0,3492.6,2.116
6800.0,10400.0,3493.5,2.196
6880.0,10400.0,3494.5,2.371
6960.0,10400.0,3499.2,2.139
7040.0,10400.0,3491.9,2.376
7120.0,10400.0,3494.7,2.112
7200.0,10400.0,3498.7,1.897
7280.0,10400.0,3494.8,2.001
7360.0,10400.0,3491.2,1.666
7440.0,10400.0,3494.8,1.278
7520.0,10400.0,3495.2,1.512
7600.0,10400.0,3498.5,1.435
7680.0,10400.0,3492.3,1.34
7760.0,10400.0,3496.7,1.335
7840.0,10400.0,3490.4,1.507
7920.0,10400.0,3492.5,1.722
8000.0,10400.0,3495.6,1.259
8080.0,10400.0,3494.0,1.185
8160.0,10400.0,3498.0,0.89
8240.0,10400.0,3499.5,0.751
8320.0,10400.0,3496.4,0.66
8400.0,10400.0,3498.2,0.511
8480.0,10400.0,3498.5,1.173
8560.0,10400.0,3497.7,1.08
8640.0,10400.0,3500.5,0.434
8720.0,10400.0,3497.2,0.192
8800.0,10400.0,3505.0,0.504
8880.0,10400.0,3494.7,0.618
8960.0,10400.0,3502.1,-0.022
9040.0,10400.0,3499.2,0.2
9120.0,10400.0,3503.6,0.006
9200.0,10400.0,3507.8,0.048
9280.0,10400.0,3505.6,0.192
9360.0,10400.0,3508.0,-0.009
9440.0,10400.0,3504.5,-0.148
9520.0,10400.0,3510.6,-0.125
9600.0,10400.0,3511.2,-0.019
9680.0,10400.0,3507.2,-0.143
9760.0,10400.0,3507.0,0.265
9840.0,10400.0,3506.4,0.064
9920.0,10400.0,3514.9,0.137
10000.0,10400.0,3514.6,0.309
10080.0,10400.0,3514.3,0.382
10160.0,10400.0,3509.3,0.521
10240.0,10400.0,3518.2,0.619
10320.0,10400.0,3519.4,0.555
10400.0,10400.0,3519.7,0.38
