HOLE_ID,FROM,TO,LITH,VEIN
UD0001,0.0,113.0,RHY,
UD0001,113.0,395.04,AND,
UD0002,0.0,112.0,RHY,
UD0002,112.0,297.0,AND,
UD0002,297.0,299.0,BX,V1
UD0002,299.0,300.25,QV,V1
UD0002,300.25,302.0,BX,V1
UD0002,302.0,434.32,AND,
UD0003,0.0,106.75,RHY,
UD0003,106.75,605.0,AND,
UD0004,0.0,99.5,RHY,
UD0004,99.5,318.25,AND,
UD0004,318.25,321.0,BX,V1
UD0004,321.0,323.0,QV,V1
UD0004,323.0,325.75,BX,V1
UD0004,325.75,455.12,AND,
UD0005,0.0,113.25,RHY,
UD0005,113.25,310.39,AND,
UD0006,0.0,100.5,RHY,
UD0006,100.5,509.31,AND,
UD0007,0.0,119.0,RHY,
UD0007,119.0,277.5,AND,
UD0007,277.5,279.25,BX,V1
UD0007,279.25,282.25,QV,V1
UD0007,282.25,284.0,BX,V1
UD0007,284.0,398.42,AND,
UD0008,0.0,95.75,RHY,
UD0008,95.75,169.21,AND,
UD0009,0.0,110.5,RHY,
UD0009,110.5,370.5,AND,
UD0009,370.5,372.5,BX,V1
UD0009,372.5,377.25,QV,V1
UD0009,377.25,379.25,BX,V1
UD0009,379.25,512.72,AND,
UD0010,0.0,96.0,RHY,
UD0010,96.0,271.25,AND,
UD0010,271.25,273.5,BX,V1
UD0010,273.5,277.5,QV,V1
UD0010,277.5,280.0,BX,V1
UD0010,280.0,419.35,AND,
UD0011,0.0,105.0,RHY,
UD0011,105.0,445.5,AND,
UD0011,445.5,447.25,BX,V1
UD0011,447.25,448.75,QV,V1
UD0011,448.75,450.5,BX,V1
UD0011,450.5,582.16,AND,
UD0012,0.0,114.25,RHY,
UD0012,114.25,224.25,AND,
UD0012,224.25,226.25,BX,V1
UD0012,226.25,228.25,QV,V1
UD0012,228.25,230.0,BX,V1
UD0012,230.0,327.66,AND,
UD0013,0.0,102.25,RHY,
UD0013,102.25,652.49,AND,
UD0014,0.0,100.5,RHY,
UD0014,100.5,315.25,AND,
UD0014,315.25,317.0,BX,V1
UD0014,317.0,320.0,QV,V1
UD0014,320.0,322.0,BX,V1
UD0014,322.0,477.55,AND,
UD0015,0.0,105.0,RHY,
UD0015,105.0,273.5,AND,
UD0015,273.5,275.25,BX,V1
UD0015,275.25,276.75,QV,V1
UD0015,276.75,278.75,BX,V1
UD0015,278.75,435.79,AND,
UD0016,0.0,101.25,RHY,
UD0016,101.25,447.5,AND,
UD0016,447.5,449.5,BX,V1
UD0016,449.5,452.0,QV,V1
UD0016,452.0,454.0,BX,V1
UD0016,454.0,589.58,AND,
UD0017,0.0,85.75,RHY,
UD0017,85.75,159.48,AND,
UD0018,0.0,86.0,RHY,
UD0018,86.0,149.25,AND,
UD0018,149.25,151.25,BX,V1
UD0018,151.25,155.25,QV,V1
UD0018,155.25,157.25,BX,V1
UD0018,157.25,275.18,AND,
UD0019,0.0,96.25,RHY,
UD0019,96.25,256.25,AND,
UD0019,256.25,258.0,BX,V3
UD0019,258.0,258.25,QV,V3
UD0019,258.25,260.0,BX,V3
UD0019,260.0,375.0,AND,
UD0019,375.0,377.0,BX,V1
UD0019,377.0,383.75,QV,V1
UD0019,383.75,385.5,BX,V1
UD0019,385.5,543.08,AND,
UD0020,0.0,78.75,RHY,
UD0020,78.75,154.25,AND,
UD0020,154.25,156.25,BX,V1
UD0020,156.25,158.5,QV,V1
UD0020,158.5,160.5,BX,V1
UD0020,160.5,250.85,AND,
UD0021,0.0,87.0,RHY,
UD0021,87.0,202.5,AND,
UD0021,202.5,204.75,BX,V1
UD0021,204.75,206.75,QV,V1
UD0021,206.75,209.0,BX,V1
UD0021,209.0,298.38,AND,
UD0022,0.0,81.25,RHY,
UD0022,81.25,278.0,AND,
UD0022,278.0,280.0,BX,V1
UD0022,280.0,282.75,QV,V1
UD0022,282.75,285.0,BX,V1
UD0022,285.0,399.08,AND,
UD0023,0.0,75.5,RHY,
UD0023,75.5,203.5,AND,
UD0023,203.5,205.75,BX,V1
UD0023,205.75,207.75,QV,V1
UD0023,207.75,209.75,BX,V1
UD0023,209.75,337.06,AND,
UD0024,0.0,82.25,RHY,
UD0024,82.25,157.5,AND,
UD0024,157.5,159.25,BX,V3
UD0024,159.25,159.75,QV,V3
UD0024,159.75,161.5,BX,V3
UD0024,161.5,270.0,AND,
UD0024,270.0,271.75,BX,V1
UD0024,271.75,273.0,QV,V1
UD0024,273.0,274.75,BX,V1
UD0024,274.75,346.75,AND,
UD0024,346.75,348.75,BX,V2
UD0024,348.75,349.0,QV,V2
UD0024,349.0,350.0,BX,V2
UD0024,350.0,392.32,AND,
UD0025,0.0,71.75,RHY,
UD0025,71.75,173.25,AND,
UD0025,173.25,175.5,BX,V3
UD0025,175.5,176.25,QV,V3
UD0025,176.25,178.5,BX,V3
UD0025,178.5,322.75,AND,
UD0025,322.75,325.5,BX,V1
UD0025,325.5,332.5,QV,V1
UD0025,332.5,334.75,BX,V1
UD0025,334.75,445.34,AND,
UD0026,0.0,74.25,RHY,
UD0026,74.25,151.75,AND,
UD0026,151.75,153.75,BX,V1
UD0026,153.75,156.5,QV,V1
UD0026,156.5,158.5,BX,V1
UD0026,158.5,249.71,AND,
UD0027,0.0,90.75,RHY,
UD0027,90.75,229.5,AND,
UD0027,229.5,231.25,BX,V3
UD0027,231.25,231.75,QV,V3
UD0027,231.75,233.5,BX,V3
UD0027,233.5,338.0,AND,
UD0027,338.0,339.75,BX,V1
UD0027,339.75,343.25,QV,V1
UD0027,343.25,345.0,BX,V1
UD0027,345.0,469.52,AND,
UD0028,0.0,63.5,RHY,
UD0028,63.5,214.75,AND,
UD0028,214.75,216.75,BX,V3
UD0028,216.75,217.75,QV,V3
UD0028,217.75,219.75,BX,V3
UD0028,219.75,327.25,AND,
UD0028,327.25,329.25,BX,V1
UD0028,329.25,332.5,QV,V1
UD0028,332.5,334.5,BX,V1
UD0028,334.5,477.88,AND,
UD0029,0.0,60.25,RHY,
UD0029,60.25,190.25,AND,
UD0029,190.25,192.5,BX,V1
UD0029,192.5,196.25,QV,V1
UD0029,196.25,198.75,BX,V1
UD0029,198.75,290.5,AND,
UD0029,290.5,293.25,BX,V2
UD0029,293.25,295.0,QV,V2
UD0029,295.0,297.5,BX,V2
UD0029,297.5,325.39,AND,
UD0030,0.0,70.5,RHY,
UD0030,70.5,158.25,AND,
UD0030,158.25,160.25,BX,V1
UD0030,160.25,163.25,QV,V1
UD0030,163.25,165.25,BX,V1
UD0030,165.25,231.25,AND,
UD0030,231.25,233.25,BX,V2
UD0030,233.25,234.25,QV,V2
UD0030,234.25,236.25,BX,V2
UD0030,236.25,263.91,AND,
UD0031,0.0,67.0,RHY,
UD0031,67.0,240.75,AND,
UD0031,240.75,243.0,BX,V3
UD0031,243.0,243.75,QV,V3
UD0031,243.75,246.0,BX,V3
UD0031,246.0,371.0,AND,
UD0031,371.0,373.25,BX,V1
UD0031,373.25,375.5,QV,V1
UD0031,375.5,377.75,BX,V1
UD0031,377.75,528.25,AND,
UD0032,0.0,70.75,RHY,
UD0032,70.75,121.25,AND,
UD0032,121.25,123.25,BX,V1
UD0032,123.25,125.0,QV,V1
UD0032,125.0,126.75,BX,V1
UD0032,126.75,181.5,AND,
UD0032,181.5,183.25,BX,V2
UD0032,183.25,184.0,QV,V2
UD0032,184.0,185.75,BX,V2
UD0032,185.75,225.86,AND,
UD0033,0.0,55.0,RHY,
UD0033,55.0,128.75,AND,
UD0033,128.75,131.0,BX,V2
UD0033,131.0,131.5,QV,V2
UD0033,131.5,133.75,BX,V2
UD0033,133.75,142.39,AND,
UD0034,0.0,73.0,RHY,
UD0034,73.0,427.0,AND,
UD0034,427.0,428.75,BX,V3
UD0034,428.75,429.5,QV,V3
UD0034,429.5,431.0,BX,V3
UD0034,431.0,550.75,AND,
UD0034,550.75,552.5,BX,V1
UD0034,552.5,554.75,QV,V1
UD0034,554.75,556.5,BX,V1
UD0034,556.5,687.94,AND,
UD0035,0.0,53.0,RHY,
UD0035,53.0,82.25,AND,
UD0035,82.25,84.5,BX,V3
UD0035,84.5,86.5,QV,V3
UD0035,86.5,88.75,BX,V3
UD0035,88.75,203.75,AND,
UD0035,203.75,205.75,BX,V1
UD0035,205.75,208.75,QV,V1
UD0035,208.75,210.75,BX,V1
UD0035,210.75,280.0,AND,
UD0035,280.0,282.5,BX,V2
UD0035,282.5,284.25,QV,V2
UD0035,284.25,286.75,BX,V2
UD0035,286.75,321.33,AND,
UD0036,0.0,62.5,RHY,
UD0036,62.5,330.0,AND,
UD0036,330.0,332.0,BX,V3
UD0036,332.0,333.0,QV,V3
UD0036,333.0,335.0,BX,V3
UD0036,335.0,454.5,AND,
UD0036,454.5,457.0,BX,V1
UD0036,457.0,458.75,QV,V1
UD0036,458.75,461.0,BX,V1
UD0036,461.0,592.76,AND,
UD0037,0.0,54.0,RHY,
UD0037,54.0,139.0,AND,
UD0037,139.0,141.0,BX,V3
UD0037,141.0,142.75,QV,V3
UD0037,142.75,144.75,BX,V3
UD0037,144.75,265.5,AND,
UD0037,265.5,267.5,BX,V1
UD0037,267.5,271.75,QV,V1
UD0037,271.75,274.0,BX,V1
UD0037,274.0,420.36,AND,
UD0038,0.0,64.0,RHY,
UD0038,64.0,115.25,AND,
UD0038,115.25,117.25,BX,V2
UD0038,117.25,118.0,QV,V2
UD0038,118.0,119.75,BX,V2
UD0038,119.75,152.63,AND,
UD0039,0.0,47.0,RHY,
UD0039,47.0,122.5,AND,
UD0039,122.5,124.75,BX,V3
UD0039,124.75,126.5,QV,V3
UD0039,126.5,128.5,BX,V3
UD0039,128.5,242.25,AND,
UD0039,242.25,244.25,BX,V1
UD0039,244.25,248.0,QV,V1
UD0039,248.0,250.0,BX,V1
UD0039,250.0,335.75,AND,
UD0039,335.75,338.5,BX,V2
UD0039,338.5,339.75,QV,V2
UD0039,339.75,342.25,BX,V2
UD0039,342.25,371.84,AND,
UD0040,0.0,53.5,RHY,
UD0040,53.5,109.0,AND,
UD0040,109.0,111.0,BX,V1
UD0040,111.0,112.5,QV,V1
UD0040,112.5,114.5,BX,V1
UD0040,114.5,171.75,AND,
UD0040,171.75,173.75,BX,V2
UD0040,173.75,174.5,QV,V2
UD0040,174.5,176.5,BX,V2
UD0040,176.5,196.0,AND,
UD0040,196.0,197.75,BX,V4
UD0040,197.75,198.25,QV,V4
UD0040,198.25,200.0,BX,V4
UD0040,200.0,204.23,AND,
UD0041,0.0,51.75,RHY,
UD0041,51.75,326.5,AND,
UD0041,326.5,328.5,BX,V3
UD0041,328.5,329.75,QV,V3
UD0041,329.75,331.75,BX,V3
UD0041,331.75,423.5,AND,
UD0041,423.5,425.25,BX,V1
UD0041,425.25,427.5,QV,V1
UD0041,427.5,429.25,BX,V1
UD0041,429.25,548.22,AND,
UD0042,0.0,45.75,RHY,
UD0042,45.75,99.5,AND,
UD0042,99.5,101.5,BX,V1
UD0042,101.5,102.5,QV,V1
UD0042,102.5,104.5,BX,V1
UD0042,104.5,171.75,AND,
UD0042,171.75,173.75,BX,V2
UD0042,173.75,175.5,QV,V2
UD0042,175.5,177.75,BX,V2
UD0042,177.75,178.0,AND,
UD0042,178.0,180.0,BX,V4
UD0042,180.0,181.0,QV,V4
UD0042,181.0,183.25,BX,V4
UD0042,183.25,235.09,AND,
UD0043,0.0,35.25,RHY,
UD0043,35.25,227.5,AND,
UD0043,227.5,229.5,BX,V3
UD0043,229.5,232.0,QV,V3
UD0043,232.0,233.75,BX,V3
UD0043,233.75,323.75,AND,
UD0043,323.75,325.75,BX,V1
UD0043,325.75,331.5,QV,V1
UD0043,331.5,333.25,BX,V1
UD0043,333.25,345.0,AND,
UD0043,345.0,346.75,BX,V4
UD0043,346.75,347.25,QV,V4
UD0043,347.25,348.75,BX,V4
UD0043,348.75,415.75,AND,
UD0043,415.75,417.5,BX,V2
UD0043,417.5,418.75,QV,V2
UD0043,418.75,420.75,BX,V2
UD0043,420.75,466.01,AND,
UD0044,0.0,46.5,RHY,
UD0044,46.5,48.5,BX,V1
UD0044,48.5,49.75,QV,V1
UD0044,49.75,52.0,BX,V1
UD0044,52.0,120.5,AND,
UD0044,120.5,122.75,BX,V4
UD0044,122.75,124.5,QV,V4
UD0044,124.5,126.25,BX,V2
UD0044,126.25,129.25,QV,V2
UD0044,129.25,131.5,BX,V2
UD0044,131.5,171.17,AND,
UD0045,0.0,40.75,RHY,
UD0045,40.75,419.75,AND,
UD0045,419.75,421.5,BX,V3
UD0045,421.5,422.75,QV,V3
UD0045,422.75,424.5,BX,V3
UD0045,424.5,524.0,AND,
UD0045,524.0,526.0,BX,V1
UD0045,526.0,530.0,QV,V1
UD0045,530.0,532.0,BX,V1
UD0045,532.0,655.54,AND,
UD0046,0.0,38.75,RHY,
UD0046,38.75,396.25,AND,
UD0046,396.25,398.0,BX,V3
UD0046,398.0,400.25,QV,V3
UD0046,400.25,402.0,BX,V3
UD0046,402.0,488.25,AND,
UD0046,488.25,490.25,BX,V1
UD0046,490.25,493.25,QV,V1
UD0046,493.25,495.0,BX,V1
UD0046,495.0,620.87,AND,
UD0047,0.0,43.0,RHY,
UD0047,43.0,108.25,AND,
UD0047,108.25,110.0,BX,V1
UD0047,110.0,110.75,QV,V1
UD0047,110.75,112.5,BX,V1
UD0047,112.5,146.5,AND,
UD0047,146.5,148.5,BX,V4
UD0047,148.5,149.5,QV,V4
UD0047,149.5,151.5,BX,V4
UD0047,151.5,176.75,AND,
UD0047,176.75,178.75,BX,V2
UD0047,178.75,180.0,QV,V2
UD0047,180.0,182.0,BX,V2
UD0047,182.0,235.1,AND,
UD0048,0.0,33.5,RHY,
UD0048,33.5,108.5,AND,
UD0048,108.5,110.5,BX,V3
UD0048,110.5,113.75,QV,V3
UD0048,113.75,115.75,BX,V3
UD0048,115.75,197.25,AND,
UD0048,197.25,199.25,BX,V1
UD0048,199.25,202.5,QV,V1
UD0048,202.5,204.75,BX,V1
UD0048,204.75,238.5,AND,
UD0048,238.5,240.5,BX,V4
UD0048,240.5,241.75,QV,V4
UD0048,241.75,243.75,BX,V4
UD0048,243.75,294.25,AND,
UD0048,294.25,296.75,BX,V2
UD0048,296.75,298.75,QV,V2
UD0048,298.75,301.25,BX,V2
UD0048,301.25,302.44,AND,
UD0049,0.0,28.0,RHY,
UD0049,28.0,218.75,AND,
UD0049,218.75,221.0,BX,V3
UD0049,221.0,223.0,QV,V3
UD0049,223.0,225.5,BX,V3
UD0049,225.5,331.75,AND,
UD0049,331.75,334.0,BX,V1
UD0049,334.0,339.25,QV,V1
UD0049,339.25,341.5,BX,V1
UD0049,341.5,437.75,AND,
UD0049,437.75,439.75,BX,V2
UD0049,439.75,440.75,QV,V2
UD0049,440.75,442.49,BX,V2
UD0050,0.0,43.0,RHY,
UD0050,43.0,47.25,AND,
UD0050,47.25,49.25,BX,V1
UD0050,49.25,50.75,QV,V1
UD0050,50.75,52.75,BX,V1
UD0050,52.75,95.25,AND,
UD0050,95.25,97.25,BX,V4
UD0050,97.25,99.0,QV,V4
UD0050,99.0,101.0,BX,V4
UD0050,101.0,122.75,AND,
UD0050,122.75,125.25,BX,V2
UD0050,125.25,127.25,QV,V2
UD0050,127.25,129.75,BX,V2
UD0050,129.75,171.81,AND,
UD0051,0.0,21.25,RHY,
UD0051,21.25,170.75,AND,
UD0051,170.75,173.0,BX,V3
UD0051,173.0,175.25,QV,V3
UD0051,175.25,177.5,BX,V3
UD0051,177.5,280.25,AND,
UD0051,280.25,282.25,BX,V4
UD0051,282.25,283.25,QV,V4
UD0051,283.25,284.5,BX,V1
UD0051,284.5,289.75,QV,V1
UD0051,289.75,292.0,BX,V1
UD0051,292.0,379.25,AND,
UD0051,379.25,381.5,BX,V2
UD0051,381.5,382.0,QV,V2
UD0051,382.0,384.25,BX,V2
UD0051,384.25,424.51,AND,
UD0052,0.0,22.5,RHY,
UD0052,22.5,169.25,AND,
UD0052,169.25,171.0,BX,V3
UD0052,171.0,172.75,QV,V3
UD0052,172.75,174.5,BX,V3
UD0052,174.5,260.0,AND,
UD0052,260.0,261.0,BX,V4
UD0052,261.0,262.25,BX,V1
UD0052,262.25,263.5,QV,V4
UD0052,263.5,266.0,QV,V1
UD0052,266.0,268.0,BX,V1
UD0052,268.0,341.75,AND,
UD0052,341.75,343.5,BX,V2
UD0052,343.5,345.0,QV,V2
UD0052,345.0,347.0,BX,V2
UD0052,347.0,387.02,AND,
UD0053,0.0,42.25,RHY,
UD0053,42.25,50.0,AND,
UD0053,50.0,52.0,BX,V1
UD0053,52.0,53.75,QV,V1
UD0053,53.75,55.75,BX,V1
UD0053,55.75,68.0,AND,
UD0053,68.0,69.75,BX,V4
UD0053,69.75,71.25,QV,V4
UD0053,71.25,73.0,BX,V4
UD0053,73.0,108.25,AND,
UD0053,108.25,110.5,BX,V2
UD0053,110.5,113.0,QV,V2
UD0053,113.0,115.25,BX,V2
UD0053,115.25,141.91,AND,
UD0054,0.0,20.5,RHY,
UD0054,20.5,406.5,AND,
UD0054,406.5,408.25,BX,V3
UD0054,408.25,409.0,QV,V3
UD0054,409.0,410.75,BX,V3
UD0054,410.75,510.75,AND,
UD0054,510.75,512.5,BX,V1
UD0054,512.5,514.25,QV,V1
UD0054,514.25,516.0,BX,V1
UD0054,516.0,661.9,AND,
UD0055,0.0,18.75,RHY,
UD0055,18.75,329.0,AND,
UD0055,329.0,331.0,BX,V3
UD0055,331.0,332.25,QV,V3
UD0055,332.25,334.25,BX,V3
UD0055,334.25,440.25,AND,
UD0055,440.25,442.25,BX,V1
UD0055,442.25,446.5,QV,V1
UD0055,446.5,448.25,BX,V1
UD0055,448.25,572.82,AND,
UD0056,0.0,22.25,RHY,
UD0056,22.25,334.75,AND,
UD0056,334.75,336.75,BX,V3
UD0056,336.75,339.0,QV,V3
UD0056,339.0,340.75,BX,V3
UD0056,340.75,428.5,AND,
UD0056,428.5,430.5,BX,V1
UD0056,430.5,435.75,QV,V1
UD0056,435.75,438.0,BX,V1
UD0056,438.0,560.06,AND,
UD0057,0.0,33.0,RHY,
UD0057,33.0,96.5,AND,
UD0057,96.5,98.5,BX,V1
UD0057,98.5,100.0,QV,V1
UD0057,100.0,102.0,QV,V4
UD0057,102.0,103.25,BX,V1
UD0057,103.25,104.0,BX,V4
UD0057,104.0,169.25,AND,
UD0057,169.25,171.5,BX,V2
UD0057,171.5,172.75,QV,V2
UD0057,172.75,174.75,BX,V2
UD0057,174.75,194.38,AND,
UD0058,0.0,12.75,RHY,
UD0058,12.75,266.75,AND,
UD0058,266.75,268.75,BX,V3
UD0058,268.75,270.0,QV,V3
UD0058,270.0,272.0,BX,V3
UD0058,272.0,326.0,AND,
UD0058,326.0,328.0,BX,V4
UD0058,328.0,328.25,QV,V4
UD0058,328.25,330.25,BX,V4
UD0058,330.25,362.25,AND,
UD0058,362.25,364.25,BX,V1
UD0058,364.25,368.25,QV,V1
UD0058,368.25,370.25,BX,V1
UD0058,370.25,424.75,AND,
UD0058,424.75,426.5,BX,V2
UD0058,426.5,427.0,QV,V2
UD0058,427.0,429.0,BX,V2
UD0058,429.0,513.41,AND,
UD0059,0.0,22.25,RHY,
UD0059,22.25,74.0,AND,
UD0059,74.0,76.25,BX,V3
UD0059,76.25,79.0,QV,V3
UD0059,79.0,81.25,BX,V3
UD0059,81.25,155.5,AND,
UD0059,155.5,157.75,BX,V4
UD0059,157.75,159.5,QV,V4
UD0059,159.5,161.75,BX,V4
UD0059,161.75,182.75,AND,
UD0059,182.75,185.5,BX,V1
UD0059,185.5,190.25,QV,V1
UD0059,190.25,192.75,BX,V1
UD0059,192.75,272.5,AND,
UD0059,272.5,275.0,BX,V2
UD0059,275.0,278.0,QV,V2
UD0059,278.0,280.25,BX,V2
UD0059,280.25,282.96,AND,
UD0060,0.0,19.75,RHY,
UD0060,19.75,410.0,AND,
UD0060,410.0,411.75,BX,V3
UD0060,411.75,412.5,QV,V3
UD0060,412.5,414.25,BX,V3
UD0060,414.25,504.0,AND,
UD0060,504.0,505.75,BX,V1
UD0060,505.75,509.0,QV,V1
UD0060,509.0,510.75,BX,V1
UD0060,510.75,655.3,AND,
UD0061,0.0,36.5,RHY,
UD0061,36.5,40.25,AND,
UD0061,40.25,42.5,BX,V1
UD0061,42.5,44.5,QV,V1
UD0061,44.5,46.75,BX,V1
UD0061,46.75,47.25,AND,
UD0061,47.25,49.5,BX,V4
UD0061,49.5,51.0,QV,V4
UD0061,51.0,53.25,BX,V4
UD0061,53.25,126.0,AND,
UD0061,126.0,128.75,BX,V2
UD0061,128.75,131.0,QV,V2
UD0061,131.0,133.75,BX,V2
UD0061,133.75,175.9,AND,
UD0062,0.0,9.75,RHY,
UD0062,9.75,294.75,AND,
UD0062,294.75,296.75,BX,V3
UD0062,296.75,297.75,QV,V3
UD0062,297.75,299.75,BX,V3
UD0062,299.75,400.75,AND,
UD0062,400.75,403.0,BX,V1
UD0062,403.0,408.5,QV,V1
UD0062,408.5,410.5,BX,V1
UD0062,410.5,541.27,AND,
UD0063,0.0,15.25,RHY,
UD0063,15.25,145.0,AND,
UD0063,145.0,147.0,BX,V3
UD0063,147.0,148.0,QV,V3
UD0063,148.0,150.0,BX,V3
UD0063,150.0,163.25,AND,
UD0063,163.25,165.5,BX,V4
UD0063,165.5,166.25,QV,V4
UD0063,166.25,168.5,BX,V4
UD0063,168.5,245.75,AND,
UD0063,245.75,248.0,BX,V1
UD0063,248.0,250.75,QV,V1
UD0063,250.75,252.75,BX,V1
UD0063,252.75,328.0,AND,
UD0063,328.0,330.0,BX,V2
UD0063,330.0,331.25,QV,V2
UD0063,331.25,333.25,BX,V2
UD0063,333.25,389.06,AND,
UD0064,0.0,23.75,RHY,
UD0064,23.75,90.25,AND,
UD0064,90.25,92.0,BX,V3
UD0064,92.0,93.5,QV,V3
UD0064,93.5,95.25,BX,V3
UD0064,95.25,118.75,AND,
UD0064,118.75,120.75,BX,V4
UD0064,120.75,121.25,QV,V4
UD0064,121.25,123.25,BX,V4
UD0064,123.25,166.25,AND,
UD0064,166.25,168.25,BX,V1
UD0064,168.25,171.0,QV,V1
UD0064,171.0,173.0,BX,V1
UD0064,173.0,235.0,AND,
UD0064,235.0,237.0,BX,V2
UD0064,237.0,238.25,QV,V2
UD0064,238.25,240.0,BX,V2
UD0064,240.0,251.67,AND,
UD0065,0.0,7.5,RHY,
UD0065,7.5,280.5,AND,
UD0065,280.5,282.75,BX,V3
UD0065,282.75,284.75,QV,V3
UD0065,284.75,287.25,BX,V3
UD0065,287.25,401.5,AND,
UD0065,401.5,404.0,BX,V1
UD0065,404.0,408.0,QV,V1
UD0065,408.0,410.25,BX,V1
UD0065,410.25,552.13,AND,
UD0066,0.0,8.75,RHY,
UD0066,8.75,371.75,AND,
UD0066,371.75,373.75,BX,V3
UD0066,373.75,375.5,QV,V3
UD0066,375.5,377.5,BX,V3
UD0066,377.5,466.5,AND,
UD0066,466.5,468.5,BX,V1
UD0066,468.5,469.5,QV,V1
UD0066,469.5,471.5,BX,V1
UD0066,471.5,625.65,AND,
UD0067,0.0,16.25,RHY,
UD0067,16.25,139.5,AND,
UD0067,139.5,141.25,BX,V3
UD0067,141.25,142.25,QV,V3
UD0067,142.25,144.0,BX,V3
UD0067,144.0,167.0,AND,
UD0067,167.0,169.0,BX,V4
UD0067,169.0,169.75,QV,V4
UD0067,169.75,171.75,BX,V4
UD0067,171.75,224.25,AND,
UD0067,224.25,226.25,BX,V1
UD0067,226.25,228.75,QV,V1
UD0067,228.75,230.75,BX,V1
UD0067,230.75,289.25,AND,
UD0067,289.25,291.0,BX,V2
UD0067,291.0,292.25,QV,V2
UD0067,292.25,294.25,BX,V2
UD0067,294.25,357.35,AND,
UD0068,0.0,41.75,RHY,
UD0068,41.75,42.75,AND,
UD0068,42.75,44.75,BX,V1
UD0068,44.75,47.25,QV,V1
UD0068,47.25,49.25,BX,V1
UD0068,49.25,117.5,AND,
UD0068,117.5,119.75,BX,V2
UD0068,119.75,123.5,QV,V2
UD0068,123.5,126.0,BX,V2
UD0068,126.0,132.09,AND,
UD0069,0.0,9.5,RHY,
UD0069,9.5,294.5,AND,
UD0069,294.5,296.75,BX,V3
UD0069,296.75,299.0,QV,V3
UD0069,299.0,301.25,BX,V3
UD0069,301.25,399.75,AND,
UD0069,399.75,402.25,BX,V1
UD0069,402.25,403.75,QV,V1
UD0069,403.75,406.5,BX,V1
UD0069,406.5,518.4,AND,
UD0070,0.0,37.5,RHY,
UD0070,37.5,94.5,AND,
UD0070,94.5,96.5,BX,V1
UD0070,96.5,98.0,QV,V1
UD0070,98.0,100.0,BX,V1
UD0070,100.0,167.75,AND,
UD0070,167.75,169.75,BX,V2
UD0070,169.75,174.0,QV,V2
UD0070,174.0,176.25,BX,V2
UD0070,176.25,220.85,AND,
UD0071,0.0,44.5,RHY,
UD0071,44.5,45.5,AND,
UD0071,45.5,47.5,BX,V1
UD0071,47.5,50.75,QV,V1
UD0071,50.75,52.5,BX,V1
UD0071,52.5,115.75,AND,
UD0071,115.75,117.75,BX,V2
UD0071,117.75,121.25,QV,V2
UD0071,121.25,123.5,BX,V2
UD0071,123.5,161.8,AND,
UD0072,0.0,15.5,RHY,
UD0072,15.5,368.75,AND,
UD0072,368.75,370.5,BX,V3
UD0072,370.5,372.25,QV,V3
UD0072,372.25,374.0,BX,V3
UD0072,374.0,440.0,AND,
UD0072,440.0,441.75,BX,V1
UD0072,441.75,444.25,QV,V1
UD0072,444.25,446.0,BX,V1
UD0072,446.0,593.53,AND,
UD0073,0.0,13.75,RHY,
UD0073,13.75,184.25,AND,
UD0073,184.25,186.25,BX,V4
UD0073,186.25,188.0,QV,V4
UD0073,188.0,189.5,BX,V4
UD0073,189.5,191.5,BX,V3
UD0073,191.5,192.75,QV,V3
UD0073,192.75,194.5,BX,V3
UD0073,194.5,271.25,AND,
UD0073,271.25,273.0,BX,V1
UD0073,273.0,279.0,QV,V1
UD0073,279.0,280.5,BX,V1
UD0073,280.5,346.5,AND,
UD0073,346.5,348.5,BX,V2
UD0073,348.5,350.25,QV,V2
UD0073,350.25,352.0,BX,V2
UD0073,352.0,417.82,AND,
UD0074,0.0,17.0,RHY,
UD0074,17.0,331.25,AND,
UD0074,331.25,333.0,BX,V3
UD0074,333.0,334.25,QV,V3
UD0074,334.25,336.25,BX,V3
UD0074,336.25,429.25,AND,
UD0074,429.25,431.75,BX,V1
UD0074,431.75,435.5,QV,V1
UD0074,435.5,437.75,BX,V1
UD0074,437.75,589.0,AND,
UD0075,0.0,26.75,RHY,
UD0075,26.75,124.25,AND,
UD0075,124.25,126.25,BX,V3
UD0075,126.25,127.25,QV,V3
UD0075,127.25,129.0,BX,V3
UD0075,129.0,207.25,AND,
UD0075,207.25,209.25,BX,V1
UD0075,209.25,210.75,QV,V1
UD0075,210.75,213.0,BX,V1
UD0075,213.0,281.5,AND,
UD0075,281.5,283.75,BX,V2
UD0075,283.75,285.25,QV,V2
UD0075,285.25,287.75,BX,V2
UD0075,287.75,341.33,AND,
UD0076,0.0,14.0,RHY,
UD0076,14.0,393.5,AND,
UD0076,393.5,395.5,BX,V3
UD0076,395.5,398.0,QV,V3
UD0076,398.0,400.0,BX,V3
UD0076,400.0,491.25,AND,
UD0076,491.25,493.5,BX,V1
UD0076,493.5,498.5,QV,V1
UD0076,498.5,500.5,BX,V1
UD0076,500.5,614.53,AND,
UD0077,0.0,33.75,RHY,
UD0077,33.75,53.0,AND,
UD0077,53.0,55.0,BX,V3
UD0077,55.0,55.75,QV,V3
UD0077,55.75,58.0,BX,V3
UD0077,58.0,136.5,AND,
UD0077,136.5,139.25,BX,V1
UD0077,139.25,140.0,QV,V1
UD0077,140.0,143.0,BX,V1
UD0077,143.0,226.75,AND,
UD0077,226.75,229.75,BX,V2
UD0077,229.75,232.25,QV,V2
UD0077,232.25,235.25,BX,V2
UD0077,235.25,269.52,AND,
UD0078,0.0,14.25,RHY,
UD0078,14.25,264.5,AND,
UD0078,264.5,266.5,BX,V3
UD0078,266.5,268.75,QV,V3
UD0078,268.75,271.0,BX,V3
UD0078,271.0,354.25,AND,
UD0078,354.25,357.0,BX,V1
UD0078,357.0,360.5,QV,V1
UD0078,360.5,363.0,BX,V1
UD0078,363.0,473.99,AND,
UD0079,0.0,26.75,RHY,
UD0079,26.75,410.0,AND,
UD0079,410.0,411.75,BX,V3
UD0079,411.75,412.5,QV,V3
UD0079,412.5,414.5,BX,V3
UD0079,414.5,507.5,AND,
UD0079,507.5,509.5,BX,V1
UD0079,509.5,511.75,QV,V1
UD0079,511.75,513.75,BX,V1
UD0079,513.75,652.45,AND,
UD0080,0.0,32.5,RHY,
UD0080,32.5,227.5,AND,
UD0080,227.5,229.5,BX,V3
UD0080,229.5,231.75,QV,V3
UD0080,231.75,233.5,BX,V3
UD0080,233.5,287.75,AND,
UD0080,287.75,289.75,BX,V1
UD0080,289.75,291.75,QV,V1
UD0080,291.75,293.5,BX,V1
UD0080,293.5,357.75,AND,
UD0080,357.75,359.5,BX,V2
UD0080,359.5,360.0,QV,V2
UD0080,360.0,362.0,BX,V2
UD0080,362.0,428.36,AND,
UD0081,0.0,26.0,RHY,
UD0081,26.0,328.25,AND,
UD0081,328.25,330.25,BX,V3
UD0081,330.25,331.5,QV,V3
UD0081,331.5,333.5,BX,V3
UD0081,333.5,425.0,AND,
UD0081,425.0,427.75,BX,V1
UD0081,427.75,432.0,QV,V1
UD0081,432.0,434.5,BX,V1
UD0081,434.5,573.29,AND,
UD0082,0.0,53.75,RHY,
UD0082,53.75,55.5,BX,V1
UD0082,55.5,110.75,AND,
UD0082,110.75,112.5,BX,V2
UD0082,112.5,114.0,QV,V2
UD0082,114.0,116.0,BX,V2
UD0082,116.0,154.51,AND,
UD0083,0.0,25.75,RHY,
UD0083,25.75,237.5,AND,
UD0083,237.5,239.5,BX,V3
UD0083,239.5,241.0,QV,V3
UD0083,241.0,243.0,BX,V3
UD0083,243.0,307.5,AND,
UD0083,307.5,309.5,BX,V1
UD0083,309.5,311.25,QV,V1
UD0083,311.25,313.0,BX,V1
UD0083,313.0,390.75,AND,
UD0083,390.75,392.75,BX,V2
UD0083,392.75,393.25,QV,V2
UD0083,393.25,395.25,BX,V2
UD0083,395.25,416.39,AND,
UD0084,0.0,29.25,RHY,
UD0084,29.25,324.5,AND,
UD0084,324.5,326.25,BX,V3
UD0084,326.25,327.0,QV,V3
UD0084,327.0,328.75,BX,V3
UD0084,328.75,385.75,AND,
UD0084,385.75,387.25,BX,V1
UD0084,387.25,391.5,QV,V1
UD0084,391.5,393.25,BX,V1
UD0084,393.25,498.69,AND,
UD0085,0.0,22.75,RHY,
UD0085,22.75,272.5,AND,
UD0085,272.5,274.5,BX,V3
UD0085,274.5,276.0,QV,V3
UD0085,276.0,278.0,BX,V3
UD0085,278.0,369.0,AND,
UD0085,369.0,372.0,BX,V1
UD0085,372.0,378.5,QV,V1
UD0085,378.5,381.5,BX,V1
UD0085,381.5,518.61,AND,
UD0086,0.0,53.25,RHY,
UD0086,53.25,116.25,AND,
UD0086,116.25,118.25,BX,V2
UD0086,118.25,119.0,QV,V2
UD0086,119.0,121.25,BX,V2
UD0086,121.25,134.97,AND,
UD0087,0.0,44.25,RHY,
UD0087,44.25,325.25,AND,
UD0087,325.25,327.0,BX,V3
UD0087,327.0,328.25,QV,V3
UD0087,328.25,330.0,BX,V3
UD0087,330.0,382.75,AND,
UD0087,382.75,384.5,BX,V1
UD0087,384.5,388.5,QV,V1
UD0087,388.5,390.25,BX,V1
UD0087,390.25,502.93,AND,
UD0088,0.0,43.5,RHY,
UD0088,43.5,149.5,AND,
UD0088,149.5,151.5,BX,V3
UD0088,151.5,152.25,QV,V3
UD0088,152.25,154.25,BX,V3
UD0088,154.25,204.5,AND,
UD0088,204.5,206.75,BX,V1
UD0088,206.75,211.5,QV,V1
UD0088,211.5,213.5,BX,V1
UD0088,213.5,286.0,AND,
UD0088,286.0,287.75,BX,V2
UD0088,287.75,288.25,QV,V2
UD0088,288.25,290.25,BX,V2
UD0088,290.25,321.35,AND,
UD0089,0.0,34.5,RHY,
UD0089,34.5,357.5,AND,
UD0089,357.5,359.25,BX,V3
UD0089,359.25,360.25,QV,V3
UD0089,360.25,362.0,BX,V3
UD0089,362.0,454.0,AND,
UD0089,454.0,456.25,BX,V1
UD0089,456.25,458.0,QV,V1
UD0089,458.0,460.25,BX,V1
UD0089,460.25,584.14,AND,
UD0090,0.0,48.0,RHY,
UD0090,48.0,85.0,AND,
UD0090,85.0,87.0,BX,V1
UD0090,87.0,92.5,QV,V1
UD0090,92.5,94.5,BX,V1
UD0090,94.5,164.0,AND,
UD0090,164.0,166.0,BX,V2
UD0090,166.0,167.5,QV,V2
UD0090,167.5,169.75,BX,V2
UD0090,169.75,190.21,AND,
UD0091,0.0,47.5,RHY,
UD0091,47.5,104.75,AND,
UD0091,104.75,106.5,BX,V3
UD0091,106.5,107.25,QV,V3
UD0091,107.25,109.25,BX,V3
UD0091,109.25,151.0,AND,
UD0091,151.0,153.0,BX,V1
UD0091,153.0,157.25,QV,V1
UD0091,157.25,159.25,BX,V1
UD0091,159.25,234.25,AND,
UD0091,234.25,236.25,BX,V2
UD0091,236.25,237.0,QV,V2
UD0091,237.0,239.25,BX,V2
UD0091,239.25,251.29,AND,
UD0092,0.0,38.75,RHY,
UD0092,38.75,230.25,AND,
UD0092,230.25,232.0,BX,V3
UD0092,232.0,233.5,QV,V3
UD0092,233.5,235.5,BX,V3
UD0092,235.5,292.75,AND,
UD0092,292.75,294.75,BX,V1
UD0092,294.75,298.25,QV,V1
UD0092,298.25,300.0,BX,V1
UD0092,300.0,429.23,AND,
UD0093,0.0,51.5,RHY,
UD0093,51.5,100.5,AND,
UD0093,100.5,102.5,BX,V3
UD0093,102.5,103.5,QV,V3
UD0093,103.5,105.5,BX,V3
UD0093,105.5,150.5,AND,
UD0093,150.5,152.75,BX,V1
UD0093,152.75,155.75,QV,V1
UD0093,155.75,158.0,BX,V1
UD0093,158.0,252.41,AND,
UD0094,0.0,52.0,RHY,
UD0094,52.0,89.0,AND,
UD0094,89.0,91.0,BX,V1
UD0094,91.0,92.25,QV,V1
UD0094,92.25,94.25,BX,V1
UD0094,94.25,216.41,AND,
UD0095,0.0,53.5,RHY,
UD0095,53.5,164.75,AND,
UD0095,164.75,166.5,BX,V3
UD0095,166.5,167.0,QV,V3
UD0095,167.0,168.75,BX,V3
UD0095,168.75,219.75,AND,
UD0095,219.75,222.0,BX,V1
UD0095,222.0,224.75,QV,V1
UD0095,224.75,226.75,BX,V1
UD0095,226.75,344.79,AND,
UD0096,0.0,55.75,RHY,
UD0096,55.75,476.75,AND,
UD0096,476.75,478.75,BX,V1
UD0096,478.75,481.0,QV,V1
UD0096,481.0,483.0,BX,V1
UD0096,483.0,639.39,AND,
UD0097,0.0,73.0,RHY,
UD0097,73.0,392.0,AND,
UD0097,392.0,394.0,BX,V1
UD0097,394.0,396.25,QV,V1
UD0097,396.25,398.0,BX,V1
UD0097,398.0,516.59,AND,
UD0098,0.0,60.0,RHY,
UD0098,60.0,375.75,AND,
UD0098,375.75,377.75,BX,V1
UD0098,377.75,379.0,QV,V1
UD0098,379.0,381.0,BX,V1
UD0098,381.0,494.44,AND,
UD0099,0.0,62.25,RHY,
UD0099,62.25,164.75,AND,
UD0099,164.75,166.5,BX,V1
UD0099,166.5,167.5,QV,V1
UD0099,167.5,169.5,BX,V1
UD0099,169.5,299.46,AND,
UD0100,0.0,48.25,RHY,
UD0100,48.25,176.75,AND,
UD0101,0.0,50.25,RHY,
UD0101,50.25,203.0,AND,
UD0101,203.0,205.25,BX,V3
UD0101,205.25,205.5,QV,V3
UD0101,205.5,207.75,BX,V3
UD0101,207.75,270.5,AND,
UD0101,270.5,272.75,BX,V1
UD0101,272.75,278.0,QV,V1
UD0101,278.0,280.25,BX,V1
UD0101,280.25,394.13,AND,
UD0102,0.0,56.0,RHY,
UD0102,56.0,204.75,AND,
UD0102,204.75,207.0,BX,V1
UD0102,207.0,208.0,QV,V1
UD0102,208.0,210.0,BX,V1
UD0102,210.0,351.89,AND,
UD0103,0.0,67.75,RHY,
UD0103,67.75,427.25,AND,
UD0103,427.25,429.0,BX,V1
UD0103,429.0,431.25,QV,V1
UD0103,431.25,433.25,BX,V1
UD0103,433.25,555.21,AND,
UD0104,0.0,71.0,RHY,
UD0104,71.0,318.75,AND,
UD0104,318.75,320.75,BX,V1
UD0104,320.75,323.25,QV,V1
UD0104,323.25,325.25,BX,V1
UD0104,325.25,475.6,AND,
UD0105,0.0,61.0,RHY,
UD0105,61.0,209.75,AND,
UD0105,209.75,211.75,BX,V1
UD0105,211.75,213.75,QV,V1
UD0105,213.75,215.75,BX,V1
UD0105,215.75,306.71,AND,
UD0106,0.0,76.5,RHY,
UD0106,76.5,387.5,AND,
UD0106,387.5,389.25,BX,V1
UD0106,389.25,391.0,QV,V1
UD0106,391.0,393.0,BX,V1
UD0106,393.0,532.13,AND,
UD0107,0.0,72.0,RHY,
UD0107,72.0,407.0,AND,
UD0107,407.0,408.75,BX,V1
UD0107,408.75,411.0,QV,V1
UD0107,411.0,412.75,BX,V1
UD0107,412.75,556.48,AND,
UD0108,0.0,61.75,RHY,
UD0108,61.75,338.25,AND,
UD0108,338.25,340.25,BX,V1
UD0108,340.25,341.5,QV,V1
UD0108,341.5,343.5,BX,V1
UD0108,343.5,481.64,AND,
UD0109,0.0,53.75,RHY,
UD0109,53.75,201.25,AND,
UD0109,201.25,203.5,BX,V1
UD0109,203.5,205.0,QV,V1
UD0109,205.0,207.25,BX,V1
UD0109,207.25,300.97,AND,
UD0110,0.0,70.0,RHY,
UD0110,70.0,587.84,AND,
UD0111,0.0,78.0,RHY,
UD0111,78.0,421.0,AND,
UD0111,421.0,422.75,BX,V1
UD0111,422.75,423.25,QV,V1
UD0111,423.25,425.0,BX,V1
UD0111,425.0,573.16,AND,
UD0112,0.0,58.0,RHY,
UD0112,58.0,295.0,AND,
UD0113,0.0,52.5,RHY,
UD0113,52.5,235.79,AND,
UD0114,0.0,49.75,RHY,
UD0114,49.75,137.68,AND,
UD0115,0.0,62.25,RHY,
UD0115,62.25,559.12,AND,
UD0116,0.0,54.25,RHY,
UD0116,54.25,341.5,AND,
UD0117,0.0,77.25,RHY,
UD0117,77.25,592.62,AND,
UD0118,0.0,39.75,RHY,
UD0118,39.75,197.93,AND,
CH00001,0.0,1.6,BX,V1
CH00001,1.6,2.1,QV,V1
CH00001,2.1,3.23,BX,V1
CH00002,0.0,0.2,AND,
CH00002,0.2,1.75,BX,V1
CH00002,1.75,2.3,QV,V1
CH00002,2.3,3.26,BX,V1
CH00003,0.0,0.3,AND,
CH00003,0.3,1.85,BX,V1
CH00003,1.85,2.4,QV,V1
CH00003,2.4,4.0,BX,V1
CH00003,4.0,4.43,AND,
CH00004,0.0,0.25,AND,
CH00004,0.25,1.8,BX,V1
CH00004,1.8,2.4,QV,V1
CH00004,2.4,3.27,BX,V1
CH00005,0.0,0.2,AND,
CH00005,0.2,1.75,BX,V1
CH00005,1.75,2.35,QV,V1
CH00005,2.35,3.3,BX,V1
CH00006,0.0,1.6,BX,V1
CH00006,1.6,2.25,QV,V1
CH00006,2.25,3.43,BX,V1
CH00007,0.0,0.4,AND,
CH00007,0.4,1.95,BX,V1
CH00007,1.95,2.7,QV,V1
CH00007,2.7,4.25,BX,V1
CH00007,4.25,4.36,AND,
CH00008,0.0,0.45,AND,
CH00008,0.45,2.0,BX,V1
CH00008,2.0,2.8,QV,V1
CH00008,2.8,3.87,BX,V1
CH00009,0.0,1.3,BX,V1
CH00009,1.3,2.15,QV,V1
CH00009,2.15,3.7,BX,V1
CH00009,3.7,4.55,AND,
CH00010,0.0,0.3,AND,
CH00010,0.3,1.85,BX,V1
CH00010,1.85,2.8,QV,V1
CH00010,2.8,4.06,BX,V1
CH00011,0.0,1.55,BX,V1
CH00011,1.55,2.6,QV,V1
CH00011,2.6,3.78,BX,V1
CH00012,0.0,1.15,BX,V1
CH00012,1.15,2.25,QV,V1
CH00012,2.25,3.8,BX,V1
CH00012,3.8,4.59,AND,
CH00013,0.0,0.3,AND,
CH00013,0.3,1.85,BX,V1
CH00013,1.85,3.05,QV,V1
CH00013,3.05,4.22,BX,V1
CH00014,0.0,1.1,BX,V1
CH00014,1.1,2.35,QV,V1
CH00014,2.35,3.9,BX,V1
CH00014,3.9,4.44,AND,
CH00015,0.0,1.05,BX,V1
CH00015,1.05,2.3,QV,V1
CH00015,2.3,3.85,BX,V1
CH00015,3.85,4.42,AND,
CH00016,0.0,0.35,AND,
CH00016,0.35,1.9,BX,V1
CH00016,1.9,3.15,QV,V1
CH00016,3.15,4.57,BX,V1
CH00017,0.0,0.4,AND,
CH00017,0.4,1.95,BX,V1
CH00017,1.95,3.2,QV,V1
CH00017,3.2,4.12,BX,V1
CH00018,0.0,0.35,AND,
CH00018,0.35,1.9,BX,V1
CH00018,1.9,3.1,QV,V1
CH00018,3.1,4.48,BX,V1
CH00019,0.0,1.5,BX,V1
CH00019,1.5,2.6,QV,V1
CH00019,2.6,4.15,BX,V1
CH00019,4.15,4.38,AND,
CH00020,0.0,0.1,AND,
CH00020,0.1,1.65,BX,V1
CH00020,1.65,2.75,QV,V1
CH00020,2.75,4.12,BX,V1
CH00021,0.0,0.1,AND,
CH00021,0.1,1.65,BX,V1
CH00021,1.65,2.7,QV,V1
CH00021,2.7,4.2,BX,V1
CH00021,4.2,4.71,AND,
CH00022,0.0,1.45,BX,V1
CH00022,1.45,2.4,QV,V1
CH00022,2.4,3.95,BX,V1
CH00022,3.95,4.79,AND,
CH00023,0.0,1.55,BX,V1
CH00023,1.55,2.45,QV,V1
CH00023,2.45,3.94,BX,V1
CH00024,0.0,1.15,BX,V1
CH00024,1.15,2.05,QV,V1
CH00024,2.05,3.6,BX,V1
CH00024,3.6,4.41,AND,
CH00025,0.0,1.15,BX,V1
CH00025,1.15,2.05,QV,V1
CH00025,2.05,3.6,BX,V1
CH00025,3.6,4.76,AND,
CH00026,0.0,0.95,BX,V1
CH00026,0.95,1.8,QV,V1
CH00026,1.8,3.35,BX,V1
CH00026,3.35,3.65,AND,
CH00027,0.0,1.3,BX,V1
CH00027,1.3,2.15,QV,V1
CH00027,2.15,3.35,BX,V1
CH00028,0.0,0.9,BX,V1
CH00028,0.9,1.75,QV,V1
CH00028,1.75,3.3,BX,V1
CH00028,3.3,4.37,AND,
CH00029,0.0,1.05,BX,V1
CH00029,1.05,1.9,QV,V1
CH00029,1.9,3.45,BX,V1
CH00029,3.45,3.97,AND,
CH00030,0.0,0.05,AND,
CH00030,0.05,1.55,BX,V1
CH00030,1.55,2.45,QV,V1
CH00030,2.45,3.95,BX,V1
CH00030,3.95,4.84,AND,
CH00031,0.0,0.95,BX,V1
CH00031,0.95,1.8,QV,V1
CH00031,1.8,3.35,BX,V1
CH00031,3.35,4.67,AND,
CH00032,0.0,1.3,BX,V1
CH00032,1.3,2.15,QV,V1
CH00032,2.15,3.68,BX,V1
CH00033,0.0,1.4,BX,V1
CH00033,1.4,2.3,QV,V1
CH00033,2.3,3.8,BX,V1
CH00033,3.8,4.02,AND,
CH00034,0.0,1.5,BX,V1
CH00034,1.5,2.4,QV,V1
CH00034,2.4,3.95,BX,V1
CH00034,3.95,4.15,AND,
CH00035,0.0,0.1,AND,
CH00035,0.1,1.65,BX,V1
CH00035,1.65,2.55,QV,V1
CH00035,2.55,3.87,BX,V1
CH00036,0.0,1.15,BX,V1
CH00036,1.15,2.05,QV,V1
CH00036,2.05,3.6,BX,V1
CH00036,3.6,3.69,AND,
CH00037,0.0,1.4,BX,V1
CH00037,1.4,2.3,QV,V1
CH00037,2.3,3.85,BX,V1
CH00037,3.85,4.74,AND,
CH00038,0.0,1.3,BX,V1
CH00038,1.3,2.2,QV,V1
CH00038,2.2,3.75,BX,V1
CH00038,3.75,4.28,AND,
CH00039,0.0,1.45,BX,V1
CH00039,1.45,2.3,QV,V1
CH00039,2.3,3.67,BX,V1
CH00040,0.0,1.15,BX,V1
CH00040,1.15,2.0,QV,V1
CH00040,2.0,3.55,BX,V1
CH00040,3.55,3.62,AND,
CH00041,0.0,0.05,AND,
CH00041,0.05,1.6,BX,V1
CH00041,1.6,2.4,QV,V1
CH00041,2.4,3.74,BX,V1
CH00042,0.0,0.25,AND,
CH00042,0.25,1.8,BX,V1
CH00042,1.8,2.6,QV,V1
CH00042,2.6,4.15,BX,V1
CH00042,4.15,4.43,AND,
CH00043,0.0,1.0,BX,V1
CH00043,1.0,1.8,QV,V1
CH00043,1.8,3.35,BX,V1
CH00043,3.35,4.35,AND,
CH00044,0.0,1.35,BX,V1
CH00044,1.35,2.1,QV,V1
CH00044,2.1,3.65,BX,V1
CH00044,3.65,4.24,AND,
CH00045,0.0,1.1,BX,V1
CH00045,1.1,1.85,QV,V1
CH00045,1.85,3.4,BX,V1
CH00045,3.4,4.48,AND,
CH00046,0.0,1.25,BX,V1
CH00046,1.25,2.0,QV,V1
CH00046,2.0,3.55,BX,V1
CH00046,3.55,4.43,AND,
CH00047,0.0,1.55,BX,V1
CH00047,1.55,2.25,QV,V1
CH00047,2.25,3.52,BX,V1
CH00048,0.0,1.5,BX,V1
CH00048,1.5,2.2,QV,V1
CH00048,2.2,3.8,BX,V1
CH00048,3.8,4.06,AND,
CH00049,0.0,0.05,AND,
CH00049,0.05,1.6,BX,V1
CH00049,1.6,2.3,QV,V1
CH00049,2.3,3.85,BX,V1
CH00049,3.85,3.92,AND,
CH00050,0.0,0.9,BX,V1
CH00050,0.9,1.6,QV,V1
CH00050,1.6,3.15,BX,V1
CH00050,3.15,3.81,AND,
CH00051,0.0,1.4,BX,V1
CH00051,1.4,2.1,QV,V1
CH00051,2.1,3.65,BX,V1
CH00051,3.65,4.4,AND,
CH00052,0.0,1.45,BX,V1
CH00052,1.45,2.15,QV,V1
CH00052,2.15,3.27,BX,V1
CH00053,0.0,1.35,BX,V1
CH00053,1.35,2.05,QV,V1
CH00053,2.05,3.6,BX,V1
CH00053,3.6,4.42,AND,
CH00054,0.0,0.1,AND,
CH00054,0.1,1.65,BX,V1
CH00054,1.65,2.4,QV,V1
CH00054,2.4,3.95,BX,V1
CH00054,3.95,4.36,AND,
CH00055,0.0,0.85,BX,V1
CH00055,0.85,1.6,QV,V1
CH00055,1.6,3.15,BX,V1
CH00055,3.15,3.97,AND,
CH00056,0.0,1.2,BX,V1
CH00056,1.2,2.05,QV,V1
CH00056,2.05,3.6,BX,V1
CH00056,3.6,4.62,AND,
CH00057,0.0,1.2,BX,V1
CH00057,1.2,2.05,QV,V1
CH00057,2.05,3.65,BX,V1
CH00057,3.65,4.51,AND,
CH00058,0.0,1.5,BX,V1
CH00058,1.5,2.4,QV,V1
CH00058,2.4,3.53,BX,V1
CH00059,0.0,1.45,BX,V1
CH00059,1.45,2.45,QV,V1
CH00059,2.45,4.05,BX,V1
CH00059,4.05,4.08,AND,
CH00060,0.0,1.0,BX,V1
CH00060,1.0,2.05,QV,V1
CH00060,2.05,3.65,BX,V1
CH00060,3.65,4.37,AND,
CH00061,0.0,1.6,BX,V1
CH00061,1.6,2.75,QV,V1
CH00061,2.75,4.35,BX,V1
CH00061,4.35,4.58,AND,
CH00062,0.0,0.8,BX,V1
CH00062,0.8,2.0,QV,V1
CH00062,2.0,3.6,BX,V1
CH00062,3.6,4.16,AND,
CH00063,0.0,0.75,BX,V1
CH00063,0.75,2.1,QV,V1
CH00063,2.1,3.7,BX,V1
CH00063,3.7,4.61,AND,
CH00064,0.0,0.9,BX,V1
CH00064,0.9,2.3,QV,V1
CH00064,2.3,3.9,BX,V1
CH00064,3.9,4.34,AND,
CH00065,0.0,0.9,BX,V1
CH00065,0.9,2.4,QV,V1
CH00065,2.4,4.0,BX,V1
CH00065,4.0,4.94,AND,
CH00066,0.0,1.6,BX,V1
CH00066,1.6,3.2,QV,V1
CH00066,3.2,4.8,BX,V1
CH00066,4.8,5.07,AND,
CH00067,0.0,0.05,AND,
CH00067,0.05,1.65,BX,V1
CH00067,1.65,3.3,QV,V1
CH00067,3.3,4.9,BX,V1
CH00067,4.9,5.35,AND,
CH00068,0.0,0.95,BX,V1
CH00068,0.95,2.6,QV,V1
CH00068,2.6,4.2,BX,V1
CH00068,4.2,4.93,AND,
CH00069,0.0,1.2,BX,V1
CH00069,1.2,2.9,QV,V1
CH00069,2.9,4.45,BX,V1
CH00069,4.45,4.76,AND,
CH00070,0.0,1.2,BX,V1
CH00070,1.2,2.9,QV,V1
CH00070,2.9,4.45,BX,V1
CH00070,4.45,5.08,AND,
CH00071,0.0,0.8,BX,V1
CH00071,0.8,2.5,QV,V1
CH00071,2.5,4.1,BX,V1
CH00071,4.1,4.22,AND,
CH00072,0.0,1.2,BX,V1
CH00072,1.2,2.9,QV,V1
CH00072,2.9,4.45,BX,V1
CH00072,4.45,5.26,AND,
CH00073,0.0,0.9,BX,V1
CH00073,0.9,2.6,QV,V1
CH00073,2.6,4.2,BX,V1
CH00073,4.2,4.7,AND,
CH00074,0.0,1.1,BX,V1
CH00074,1.1,2.75,QV,V1
CH00074,2.75,4.35,BX,V1
CH00074,4.35,4.61,AND,
CH00075,0.0,1.35,BX,V1
CH00075,1.35,3.0,QV,V1
CH00075,3.0,4.6,BX,V1
CH00075,4.6,5.51,AND,
CH00076,0.0,1.55,BX,V1
CH00076,1.55,3.2,QV,V1
CH00076,3.2,4.8,BX,V1
CH00076,4.8,5.46,AND,
CH00077,0.0,1.5,BX,V1
CH00077,1.5,3.15,QV,V1
CH00077,3.15,4.24,BX,V1
CH00078,0.0,0.9,BX,V1
CH00078,0.9,2.55,QV,V1
CH00078,2.55,4.15,BX,V1
CH00078,4.15,5.06,AND,
CH00079,0.0,0.05,AND,
CH00079,0.05,1.65,BX,V1
CH00079,1.65,3.3,QV,V1
CH00079,3.3,4.85,BX,V1
CH00079,4.85,5.13,AND,
CH00080,0.0,0.9,BX,V1
CH00080,0.9,2.55,QV,V1
CH00080,2.55,4.08,BX,V1
CH00081,0.0,1.4,BX,V1
CH00081,1.4,3.0,QV,V1
CH00081,3.0,4.55,BX,V1
CH00081,4.55,4.71,AND,
CH00082,0.0,1.15,BX,V1
CH00082,1.15,2.75,QV,V1
CH00082,2.75,4.17,BX,V1
CH00083,0.0,1.1,BX,V1
CH00083,1.1,2.6,QV,V1
CH00083,2.6,4.2,BX,V1
CH00083,4.2,4.78,AND,
CH00084,0.0,1.0,BX,V1
CH00084,1.0,2.5,QV,V1
CH00084,2.5,4.05,BX,V1
CH00084,4.05,4.23,AND,
CH00085,0.0,0.85,BX,V1
CH00085,0.85,2.3,QV,V1
CH00085,2.3,3.85,BX,V1
CH00085,3.85,5.28,AND,
CH00086,0.0,1.25,BX,V1
CH00086,1.25,2.6,QV,V1
CH00086,2.6,4.15,BX,V1
CH00086,4.15,4.45,AND,
CH00086,4.45,5.11,BX,V4
CH00087,0.0,1.55,BX,V1
CH00087,1.55,2.85,QV,V1
CH00087,2.85,4.45,BX,V1
CH00087,4.45,4.89,BX,V4
CH00088,0.0,1.55,BX,V1
CH00088,1.55,2.75,QV,V1
CH00088,2.75,3.45,BX,V1
CH00088,3.45,4.25,QV,V4
CH00089,0.0,1.3,BX,V1
CH00089,1.3,1.45,QV,V1
CH00089,1.45,2.5,QV,V4
CH00089,2.5,3.95,BX,V1
CH00089,3.95,4.35,BX,V4
CH00089,4.35,4.7,AND,
CH00090,0.0,0.3,QV,V4
CH00090,0.3,0.95,BX,V1
CH00090,0.95,1.95,QV,V1
CH00090,1.95,3.5,BX,V1
CH00090,3.5,4.83,AND,
CH00091,0.0,1.05,BX,V1
CH00091,1.05,1.95,QV,V1
CH00091,1.95,3.55,BX,V1
CH00091,3.55,4.26,AND,
CH00092,0.0,0.85,BX,V1
CH00092,0.85,1.7,QV,V1
CH00092,1.7,3.25,BX,V1
CH00092,3.25,4.42,AND,
CH00093,0.0,1.1,BX,V1
CH00093,1.1,1.85,QV,V1
CH00093,1.85,3.45,BX,V1
CH00093,3.45,4.13,AND,
CH00094,0.0,1.3,BX,V1
CH00094,1.3,2.0,QV,V1
CH00094,2.0,3.6,BX,V1
CH00094,3.6,3.73,AND,
CH00095,0.0,1.05,BX,V1
CH00095,1.05,1.8,QV,V1
CH00095,1.8,3.35,BX,V1
CH00095,3.35,4.54,AND,
CH00096,0.0,1.5,BX,V1
CH00096,1.5,2.2,QV,V1
CH00096,2.2,3.77,BX,V1
CH00097,0.0,1.55,BX,V1
CH00097,1.55,2.25,QV,V1
CH00097,2.25,3.85,BX,V1
CH00097,3.85,4.27,AND,
CH00098,0.0,1.6,BX,V1
CH00098,1.6,2.3,QV,V1
CH00098,2.3,3.9,BX,V1
CH00098,3.9,4.05,AND,
CH00099,0.0,0.65,BX,V1
CH00099,0.65,1.45,QV,V1
CH00099,1.45,3.0,BX,V1
CH00099,3.0,4.07,AND,
CH00100,0.0,0.95,BX,V1
CH00100,0.95,1.8,QV,V1
CH00100,1.8,3.35,BX,V1
CH00100,3.35,3.8,AND,
CH00101,0.0,1.45,BX,V1
CH00101,1.45,2.35,QV,V1
CH00101,2.35,3.95,BX,V1
CH00101,3.95,4.39,AND,
CH00102,0.0,1.05,BX,V1
CH00102,1.05,2.1,QV,V1
CH00102,2.1,3.65,BX,V1
CH00102,3.65,4.2,AND,
CH00103,0.0,0.95,BX,V1
CH00103,0.95,2.15,QV,V1
CH00103,2.15,3.75,BX,V1
CH00103,3.75,3.99,AND,
CH00104,0.0,0.95,BX,V1
CH00104,0.95,2.3,QV,V1
CH00104,2.3,3.85,BX,V1
CH00104,3.85,5.12,AND,
CH00105,0.0,0.85,BX,V1
CH00105,0.85,2.45,QV,V1
CH00105,2.45,4.05,BX,V1
CH00105,4.05,4.48,AND,
CH00106,0.0,0.95,BX,V1
CH00106,0.95,2.75,QV,V1
CH00106,2.75,4.35,BX,V1
CH00106,4.35,4.41,AND,
CH00107,0.0,1.25,BX,V1
CH00107,1.25,3.25,QV,V1
CH00107,3.25,4.8,BX,V1
CH00107,4.8,5.17,AND,
CH00108,0.0,0.7,BX,V1
CH00108,0.7,2.9,QV,V1
CH00108,2.9,4.5,BX,V1
CH00108,4.5,5.21,AND,
CH00109,0.0,1.05,BX,V1
CH00109,1.05,3.45,QV,V1
CH00109,3.45,5.0,BX,V1
CH00109,5.0,6.09,AND,
CH00110,0.0,1.4,BX,V1
CH00110,1.4,3.95,QV,V1
CH00110,3.95,5.55,BX,V1
CH00110,5.55,6.05,AND,
CH00111,0.0,1.15,BX,V1
CH00111,1.15,3.8,QV,V1
CH00111,3.8,5.4,BX,V1
CH00111,5.4,5.61,AND,
CH00112,0.0,1.05,BX,V1
CH00112,1.05,3.8,QV,V1
CH00112,3.8,5.4,BX,V1
CH00112,5.4,5.52,AND,
CH00113,0.0,1.05,BX,V1
CH00113,1.05,3.75,QV,V1
CH00113,3.75,5.35,BX,V1
CH00113,5.35,6.53,AND,
CH00114,0.0,1.6,BX,V1
CH00114,1.6,4.3,QV,V1
CH00114,4.3,5.9,BX,V1
CH00114,5.9,6.43,AND,
CH00115,0.0,0.9,BX,V1
CH00115,0.9,3.5,QV,V1
CH00115,3.5,5.15,BX,V1
CH00115,5.15,6.5,AND,
CH00116,0.0,1.5,BX,V1
CH00116,1.5,4.05,QV,V1
CH00116,4.05,4.95,BX,V1
CH00117,0.0,0.85,BX,V1
CH00117,0.85,3.3,QV,V1
CH00117,3.3,4.9,BX,V1
CH00117,4.9,5.51,AND,
CH00118,0.0,1.05,BX,V1
CH00118,1.05,3.35,QV,V1
CH00118,3.35,5.0,BX,V1
CH00118,5.0,5.85,AND,
CH00119,0.0,1.5,BX,V1
CH00119,1.5,3.7,QV,V1
CH00119,3.7,4.68,BX,V1
CH00120,0.0,1.0,BX,V1
CH00120,1.0,3.15,QV,V1
CH00120,3.15,4.75,BX,V1
CH00120,4.75,5.72,AND,
CH00121,0.0,1.2,BX,V1
CH00121,1.2,3.2,QV,V1
CH00121,3.2,4.8,BX,V1
CH00121,4.8,4.88,AND,
CH00122,0.0,0.95,BX,V1
CH00122,0.95,2.85,QV,V1
CH00122,2.85,4.45,BX,V1
CH00122,4.45,4.78,AND,
CH00123,0.0,0.75,BX,V1
CH00123,0.75,2.55,QV,V1
CH00123,2.55,4.15,BX,V1
CH00123,4.15,4.8,AND,
CH00124,0.0,1.05,BX,V1
CH00124,1.05,2.8,QV,V1
CH00124,2.8,4.45,BX,V1
CH00124,4.45,5.14,AND,
CH00125,0.0,0.75,BX,V1
CH00125,0.75,2.45,QV,V1
CH00125,2.45,4.05,BX,V1
CH00125,4.05,5.05,AND,
CH00126,0.0,1.5,BX,V1
CH00126,1.5,3.2,QV,V1
CH00126,3.2,4.15,BX,V1
CH00127,0.0,1.0,BX,V1
CH00127,1.0,2.7,QV,V1
CH00127,2.7,4.3,BX,V1
CH00127,4.3,4.37,AND,
CH00128,0.0,0.75,BX,V1
CH00128,0.75,2.45,QV,V1
CH00128,2.45,4.05,BX,V1
CH00128,4.05,4.59,AND,
CH00129,0.0,1.2,BX,V1
CH00129,1.2,2.95,QV,V1
CH00129,2.95,4.55,BX,V1
CH00129,4.55,5.19,AND,
CH00130,0.0,1.2,BX,V1
CH00130,1.2,3.0,QV,V1
CH00130,3.0,4.65,BX,V1
CH00130,4.65,4.68,AND,
CH00131,0.0,0.85,BX,V1
CH00131,0.85,2.75,QV,V1
CH00131,2.75,4.4,BX,V1
CH00131,4.4,4.99,AND,
CH00132,0.0,0.75,BX,V1
CH00132,0.75,2.85,QV,V1
CH00132,2.85,4.5,BX,V1
CH00132,4.5,4.94,AND,
CH00133,0.0,0.65,BX,V1
CH00133,0.65,2.9,QV,V1
CH00133,2.9,4.55,BX,V1
CH00133,4.55,5.96,AND,
CH00134,0.0,0.8,BX,V1
CH00134,0.8,3.35,QV,V1
CH00134,3.35,5.0,BX,V1
CH00134,5.0,6.35,AND,
CH00135,0.0,0.6,BX,V1
CH00135,0.6,3.4,QV,V1
CH00135,3.4,5.05,BX,V1
CH00135,5.05,5.61,AND,
CH00136,0.0,0.85,BX,V1
CH00136,0.85,4.0,QV,V1
CH00136,4.0,5.65,BX,V1
CH00136,5.65,6.09,AND,
CH00137,0.0,1.35,BX,V1
CH00137,1.35,4.85,QV,V1
CH00137,4.85,6.5,BX,V1
CH00137,6.5,7.26,AND,
CH00138,0.0,1.2,BX,V1
CH00138,1.2,5.05,QV,V1
CH00138,5.05,6.75,BX,V1
CH00138,6.75,7.47,AND,
CH00139,0.0,0.85,BX,V1
CH00139,0.85,5.05,QV,V1
CH00139,5.05,6.7,BX,V1
CH00139,6.7,7.35,AND,
CH00140,0.0,0.5,BX,V1
CH00140,0.5,5.0,QV,V1
CH00140,5.0,6.65,BX,V1
CH00140,6.65,8.21,AND,
CH00141,0.0,1.1,BX,V1
CH00141,1.1,5.8,QV,V1
CH00141,5.8,7.45,BX,V1
CH00141,7.45,7.66,AND,
CH00142,0.0,0.4,BX,V1
CH00142,0.4,5.25,QV,V1
CH00142,5.25,6.9,BX,V1
CH00142,6.9,7.51,AND,
CH00143,0.0,1.15,BX,V1
CH00143,1.15,6.05,QV,V1
CH00143,6.05,7.59,BX,V1
CH00144,0.0,0.75,BX,V1
CH00144,0.75,5.6,QV,V1
CH00144,5.6,7.25,BX,V1
CH00144,7.25,7.73,AND,
CH00145,0.0,0.3,BX,V1
CH00145,0.3,5.0,QV,V1
CH00145,5.0,6.65,BX,V1
CH00145,6.65,7.94,AND,
CH00146,0.0,0.25,BX,V1
CH00146,0.25,4.75,QV,V1
CH00146,4.75,6.4,BX,V1
CH00146,6.4,7.91,AND,
CH00147,0.0,1.05,BX,V1
CH00147,1.05,5.3,QV,V1
CH00147,5.3,6.9,BX,V1
CH00147,6.9,7.51,AND,
CH00148,0.0,1.15,BX,V1
CH00148,1.15,5.2,QV,V1
CH00148,5.2,6.8,BX,V1
CH00148,6.8,7.37,AND,
CH00149,0.0,0.5,BX,V1
CH00149,0.5,4.3,QV,V1
CH00149,4.3,5.9,BX,V1
CH00149,5.9,6.84,AND,
CH00150,0.0,1.1,BX,V1
CH00150,1.1,4.65,QV,V1
CH00150,4.65,6.25,BX,V1
CH00150,6.25,7.19,AND,
CH00151,0.0,0.9,BX,V1
CH00151,0.9,4.25,QV,V1
CH00151,4.25,5.85,BX,V1
CH00151,5.85,6.56,AND,
CH00152,0.0,0.65,BX,V1
CH00152,0.65,3.8,QV,V1
CH00152,3.8,5.4,BX,V1
CH00152,5.4,5.54,AND,
CH00153,0.0,0.7,BX,V1
CH00153,0.7,3.65,QV,V1
CH00153,3.65,5.25,BX,V1
CH00153,5.25,5.99,AND,
CH00154,0.0,1.05,BX,V1
CH00154,1.05,3.85,QV,V1
CH00154,3.85,5.5,BX,V1
CH00154,5.5,6.14,AND,
CH00155,0.0,1.0,BX,V1
CH00155,1.0,3.6,QV,V1
CH00155,3.6,5.25,BX,V1
CH00155,5.25,6.15,AND,
CH00156,0.0,0.45,BX,V1
CH00156,0.45,2.9,QV,V1
CH00156,2.9,4.5,BX,V1
CH00156,4.5,5.91,AND,
CH00157,0.0,0.95,BX,V1
CH00157,0.95,3.2,QV,V1
CH00157,3.2,4.8,BX,V1
CH00157,4.8,5.81,AND,
CH00158,0.0,0.45,BX,V1
CH00158,0.45,2.55,QV,V1
CH00158,2.55,4.15,BX,V1
CH00158,4.15,4.7,AND,
CH00159,0.0,1.05,BX,V1
CH00159,1.05,2.95,QV,V1
CH00159,2.95,4.55,BX,V1
CH00159,4.55,5.67,AND,
CH00160,0.0,1.05,BX,V1
CH00160,1.05,2.8,QV,V1
CH00160,2.8,4.16,BX,V1
CH00161,0.0,1.2,BX,V1
CH00161,1.2,2.8,QV,V1
CH00161,2.8,4.16,BX,V1
CH00162,0.0,0.1,AND,
CH00162,0.1,1.65,BX,V2
CH00162,1.65,1.8,QV,V2
CH00162,1.8,3.35,BX,V2
CH00162,3.35,3.47,AND,
CH00163,0.0,1.25,BX,V2
CH00163,1.25,1.5,QV,V2
CH00163,1.5,3.0,BX,V2
CH00163,3.0,4.0,AND,
CH00164,0.0,1.25,BX,V2
CH00164,1.25,1.55,QV,V2
CH00164,1.55,3.05,BX,V2
CH00164,3.05,3.2,AND,
CH00165,0.0,0.4,AND,
CH00165,0.4,1.95,BX,V2
CH00165,1.95,2.3,QV,V2
CH00165,2.3,3.62,BX,V2
CH00166,0.0,1.4,BX,V2
CH00166,1.4,1.8,QV,V2
CH00166,1.8,3.02,BX,V2
CH00167,0.0,1.4,BX,V2
CH00167,1.4,1.85,QV,V2
CH00167,1.85,3.21,BX,V2
CH00168,0.0,1.4,BX,V2
CH00168,1.4,1.9,QV,V2
CH00168,1.9,3.4,BX,V2
CH00168,3.4,4.32,AND,
CH00169,0.0,0.25,AND,
CH00169,0.25,1.8,BX,V2
CH00169,1.8,2.3,QV,V2
CH00169,2.3,3.53,BX,V2
CH00170,0.0,0.15,AND,
CH00170,0.15,1.7,BX,V2
CH00170,1.7,2.2,QV,V2
CH00170,2.2,3.75,BX,V2
CH00170,3.75,4.43,AND,
CH00171,0.0,1.3,BX,V2
CH00171,1.3,1.85,QV,V2
CH00171,1.85,3.4,BX,V2
CH00171,3.4,3.93,AND,
CH00172,0.0,1.4,BX,V2
CH00172,1.4,1.95,QV,V2
CH00172,1.95,3.45,BX,V2
CH00172,3.45,3.9,AND,
CH00173,0.0,0.2,AND,
CH00173,0.2,1.7,BX,V2
CH00173,1.7,2.3,QV,V2
CH00173,2.3,3.8,BX,V2
CH00173,3.8,4.39,AND,
CH00174,0.0,1.1,BX,V2
CH00174,1.1,1.7,QV,V2
CH00174,1.7,3.2,BX,V2
CH00174,3.2,3.31,AND,
CH00175,0.0,1.5,BX,V2
CH00175,1.5,2.1,QV,V2
CH00175,2.1,3.1,BX,V2
CH00176,0.0,1.4,BX,V2
CH00176,1.4,2.05,QV,V2
CH00176,2.05,3.51,BX,V2
CH00177,0.0,1.3,BX,V2
CH00177,1.3,1.95,QV,V2
CH00177,1.95,3.45,BX,V2
CH00177,3.45,4.59,AND,
CH00178,0.0,1.5,BX,V2
CH00178,1.5,2.2,QV,V2
CH00178,2.2,3.59,BX,V2
CH00179,0.0,0.15,AND,
CH00179,0.15,1.65,BX,V2
CH00179,1.65,2.4,QV,V2
CH00179,2.4,3.77,BX,V2
CH00180,0.0,1.2,BX,V2
CH00180,1.2,2.0,QV,V2
CH00180,2.0,3.5,BX,V2
CH00180,3.5,4.71,AND,
CH00181,0.0,1.4,BX,V2
CH00181,1.4,2.3,QV,V2
CH00181,2.3,3.8,BX,V2
CH00181,3.8,4.53,AND,
CH00182,0.0,1.1,BX,V2
CH00182,1.1,2.0,QV,V2
CH00182,2.0,3.55,BX,V2
CH00182,3.55,4.36,AND,
CH00183,0.0,1.4,BX,V2
CH00183,1.4,2.4,QV,V2
CH00183,2.4,3.9,BX,V2
CH00183,3.9,4.82,AND,
CH00184,0.0,1.0,BX,V2
CH00184,1.0,2.05,QV,V2
CH00184,2.05,3.55,BX,V2
CH00184,3.55,3.67,AND,
CH00185,0.0,0.05,AND,
CH00185,0.05,1.55,BX,V2
CH00185,1.55,2.65,QV,V2
CH00185,2.65,3.56,BX,V2
CH00186,0.0,0.3,AND,
CH00186,0.3,1.8,BX,V2
CH00186,1.8,2.9,QV,V2
CH00186,2.9,4.4,BX,V2
CH00186,4.4,4.65,AND,
CH00187,0.0,0.05,AND,
CH00187,0.05,1.6,BX,V2
CH00187,1.6,2.65,QV,V2
CH00187,2.65,4.2,BX,V2
CH00187,4.2,4.61,AND,
CH00188,0.0,1.3,BX,V2
CH00188,1.3,2.35,QV,V2
CH00188,2.35,3.54,BX,V2
CH00189,0.0,1.1,BX,V2
CH00189,1.1,2.1,QV,V2
CH00189,2.1,3.65,BX,V2
CH00189,3.65,4.43,AND,
CH00190,0.0,1.45,BX,V2
CH00190,1.45,2.45,QV,V2
CH00190,2.45,3.95,BX,V2
CH00190,3.95,4.61,AND,
CH00191,0.0,1.15,BX,V2
CH00191,1.15,2.1,QV,V2
CH00191,2.1,3.65,BX,V2
CH00191,3.65,3.9,AND,
CH00191,3.9,4.07,BX,V4
CH00192,0.0,1.3,BX,V2
CH00192,1.3,2.25,QV,V2
CH00192,2.25,3.75,BX,V2
CH00192,3.75,4.55,BX,V4
CH00192,4.55,4.7,QV,V4
CH00193,0.0,0.95,BX,V2
CH00193,0.95,1.85,QV,V2
CH00193,1.85,2.2,BX,V2
CH00193,2.2,3.75,QV,V4
CH00193,3.75,4.8,BX,V4
CH00194,0.0,0.4,BX,V2
CH00194,0.4,1.8,QV,V4
CH00194,1.8,1.85,QV,V2
CH00194,1.85,3.35,BX,V2
CH00194,3.35,3.6,BX,V4
CH00194,3.6,3.99,AND,
CH00195,0.0,0.65,QV,V4
CH00195,0.65,1.5,BX,V2
CH00195,1.5,2.3,QV,V2
CH00195,2.3,3.68,BX,V2
CH00196,0.0,1.0,BX,V2
CH00196,1.0,1.85,QV,V2
CH00196,1.85,3.32,BX,V2
CH00197,0.0,1.25,BX,V2
CH00197,1.25,2.05,QV,V2
CH00197,2.05,3.55,BX,V2
CH00197,3.55,4.02,AND,
CH00198,0.0,1.2,BX,V2
CH00198,1.2,1.9,QV,V2
CH00198,1.9,3.4,BX,V2
CH00198,3.4,4.01,AND,
CH00199,0.0,0.85,BX,V2
CH00199,0.85,1.55,QV,V2
CH00199,1.55,3.1,BX,V2
CH00199,3.1,3.97,AND,
CH00200,0.0,0.1,AND,
CH00200,0.1,1.65,BX,V2
CH00200,1.65,2.3,QV,V2
CH00200,2.3,3.78,BX,V2
CH00201,0.0,1.05,BX,V2
CH00201,1.05,1.65,QV,V2
CH00201,1.65,3.2,BX,V2
CH00201,3.2,4.15,AND,
CH00202,0.0,1.1,BX,V2
CH00202,1.1,1.7,QV,V2
CH00202,1.7,3.25,BX,V2
CH00202,3.25,4.23,AND,
CH00203,0.0,1.45,BX,V2
CH00203,1.45,2.05,QV,V2
CH00203,2.05,3.55,BX,V2
CH00203,3.55,3.9,AND,
CH00204,0.0,1.1,BX,V2
CH00204,1.1,1.7,QV,V2
CH00204,1.7,3.25,BX,V2
CH00204,3.25,4.24,AND,
CH00205,0.0,0.9,BX,V2
CH00205,0.9,1.5,QV,V2
CH00205,1.5,3.05,BX,V2
CH00205,3.05,4.48,AND,
CH00206,0.0,0.8,BX,V2
CH00206,0.8,1.4,QV,V2
CH00206,1.4,2.95,BX,V2
CH00206,2.95,3.59,AND,
CH00207,0.0,0.85,BX,V2
CH00207,0.85,1.5,QV,V2
CH00207,1.5,3.05,BX,V2
CH00207,3.05,3.93,AND,
CH00208,0.0,1.2,BX,V2
CH00208,1.2,1.9,QV,V2
CH00208,1.9,3.45,BX,V2
CH00208,3.45,4.31,AND,
CH00209,0.0,0.95,BX,V2
CH00209,0.95,1.75,QV,V2
CH00209,1.75,3.3,BX,V2
CH00209,3.3,4.35,AND,
CH00210,0.0,1.15,BX,V2
CH00210,1.15,2.1,QV,V2
CH00210,2.1,3.65,BX,V2
CH00211,0.0,1.3,BX,V2
CH00211,1.3,2.3,QV,V2
CH00211,2.3,3.85,BX,V2
CH00211,3.85,4.27,AND,
CH00212,0.0,1.45,BX,V2
CH00212,1.45,2.55,QV,V2
CH00212,2.55,4.1,BX,V2
CH00212,4.1,4.45,AND,
CH00213,0.0,0.75,BX,V2
CH00213,0.75,2.0,QV,V2
CH00213,2.0,3.55,BX,V2
CH00213,3.55,5.14,AND,
CH00214,0.0,0.1,AND,
CH00214,0.1,1.65,BX,V2
CH00214,1.65,2.95,QV,V2
CH00214,2.95,4.5,BX,V2
CH00214,4.5,4.8,AND,
CH00215,0.0,1.05,BX,V2
CH00215,1.05,2.45,QV,V2
CH00215,2.45,4.0,BX,V2
CH00215,4.0,4.61,AND,
CH00216,0.0,1.35,BX,V2
CH00216,1.35,2.7,QV,V2
CH00216,2.7,4.25,BX,V2
CH00216,4.25,5.32,AND,
CH00217,0.0,1.3,BX,V2
CH00217,1.3,2.7,QV,V2
CH00217,2.7,4.25,BX,V2
CH00217,4.25,4.53,AND,
CH00218,0.0,0.1,AND,
CH00218,0.1,1.6,BX,V2
CH00218,1.6,3.0,QV,V2
CH00218,3.0,4.1,BX,V2
CH00219,0.0,1.35,BX,V2
CH00219,1.35,2.7,QV,V2
CH00219,2.7,3.6,BX,V2
CH00219,3.6,4.22,RHY,
CH00220,0.0,1.05,BX,V2
CH00220,1.05,2.25,QV,V2
CH00220,2.25,3.86,RHY,
CH00221,0.0,1.5,BX,V2
CH00221,1.5,3.74,RHY,
CH00222,0.0,0.2,AND,
CH00222,0.2,0.55,BX,V2
CH00222,0.55,4.9,RHY,
CH00223,0.0,4.77,RHY,
CH00224,0.0,4.91,RHY,
CH00225,0.0,4.86,RHY,
CH00226,0.0,4.52,RHY,
CH00227,0.0,4.05,RHY,
CH00228,0.0,3.99,RHY,
CH00229,0.0,3.41,RHY,
CH00230,0.0,4.36,RHY,
CH00231,0.0,4.63,RHY,
CH00232,0.0,4.79,RHY,
CH00233,0.0,4.56,RHY,
CH00234,0.0,4.58,RHY,
CH00235,0.0,3.74,RHY,
CH00236,0.0,3.38,RHY,
CH00237,0.0,4.14,RHY,
CH00238,0.0,4.35,RHY,
CH00239,0.0,4.12,RHY,
CH00240,0.0,4.55,RHY,
CH00241,0.0,4.33,RHY,
CH00242,0.0,3.78,RHY,
CH00243,0.0,4.41,RHY,
CH00244,0.0,4.28,RHY,
CH00245,0.0,4.01,RHY,
CH00246,0.0,3.62,RHY,
CH00247,0.0,4.25,RHY,
CH00248,0.0,3.15,RHY,
CH00249,0.0,4.12,RHY,
CH00250,0.0,3.88,RHY,
CH00251,0.0,4.59,RHY,
CH00252,0.0,4.26,RHY,
CH00253,0.0,4.33,RHY,
CH00254,0.0,3.9,RHY,
CH00255,0.0,4.72,RHY,
CH00256,0.0,4.29,RHY,
CH00257,0.0,4.92,RHY,
CH00258,0.0,4.18,RHY,
CH00259,0.0,4.32,RHY,
CH00260,0.0,4.5,RHY,
CH00261,0.0,3.73,RHY,
CH00262,0.0,4.46,RHY,
CH00263,0.0,4.49,RHY,
CH00264,0.0,4.12,RHY,
CH00265,0.0,4.69,RHY,
CH00266,0.0,3.58,RHY,
CH00267,0.0,3.32,RHY,
CH00268,0.0,4.69,RHY,
CH00269,0.0,3.59,RHY,
CH00270,0.0,3.95,RHY,
CH00271,0.0,4.31,RHY,
CH00272,0.0,3.38,RHY,
CH00273,0.0,4.36,RHY,
CH00274,0.0,3.48,RHY,
CH00275,0.0,4.1,RHY,
CH00276,0.0,3.55,RHY,
CH00277,0.0,3.17,RHY,
CH00278,0.0,3.6,RHY,
CH00279,0.0,0.55,AND,
CH00279,0.55,2.1,BX,V1
CH00279,2.1,2.95,QV,V1
CH00279,2.95,3.85,BX,V1
CH00280,0.0,1.4,BX,V1
CH00280,1.4,2.25,QV,V1
CH00280,2.25,3.76,BX,V1
CH00281,0.0,0.55,AND,
CH00281,0.55,2.1,BX,V1
CH00281,2.1,3.0,QV,V1
CH00281,3.0,4.55,BX,V1
CH00281,4.55,4.72,AND,
CH00282,0.0,0.65,AND,
CH00282,0.65,2.25,BX,V1
CH00282,2.25,3.1,QV,V1
CH00282,3.1,3.48,BX,V1
CH00283,0.0,0.05,AND,
CH00283,0.05,1.65,BX,V1
CH00283,1.65,2.55,QV,V1
CH00283,2.55,4.06,BX,V1
CH00284,0.0,1.5,BX,V1
CH00284,1.5,2.5,QV,V1
CH00284,2.5,4.05,BX,V1
CH00284,4.05,4.59,AND,
CH00285,0.0,1.35,BX,V1
CH00285,1.35,2.35,QV,V1
CH00285,2.35,3.9,BX,V1
CH00285,3.9,4.66,AND,
CH00286,0.0,0.3,AND,
CH00286,0.3,1.9,BX,V1
CH00286,1.9,3.0,QV,V1
CH00286,3.0,4.3,BX,V1
CH00287,0.0,0.3,AND,
CH00287,0.3,1.9,BX,V1
CH00287,1.9,3.05,QV,V1
CH00287,3.05,3.8,BX,V1
CH00288,0.0,1.5,BX,V1
CH00288,1.5,2.75,QV,V1
CH00288,2.75,4.35,BX,V1
CH00288,4.35,4.91,AND,
CH00289,0.0,0.45,AND,
CH00289,0.45,2.0,BX,V1
CH00289,2.0,3.3,QV,V1
CH00289,3.3,3.93,BX,V1
CH00290,0.0,1.2,BX,V1
CH00290,1.2,2.55,QV,V1
CH00290,2.55,4.1,BX,V1
CH00290,4.1,5.19,AND,
CH00291,0.0,0.35,AND,
CH00291,0.35,1.9,BX,V1
CH00291,1.9,3.3,QV,V1
CH00291,3.3,4.87,BX,V1
CH00292,0.0,1.15,BX,V1
CH00292,1.15,2.6,QV,V1
CH00292,2.6,4.15,BX,V1
CH00292,4.15,4.57,AND,
CH00293,0.0,0.4,AND,
CH00293,0.4,2.0,BX,V1
CH00293,2.0,3.4,QV,V1
CH00293,3.4,4.63,BX,V1
CH00294,0.0,1.2,BX,V1
CH00294,1.2,2.6,QV,V1
CH00294,2.6,4.15,BX,V1
CH00294,4.15,4.46,AND,
CH00295,0.0,1.2,BX,V1
CH00295,1.2,2.55,QV,V1
CH00295,2.55,4.15,BX,V1
CH00295,4.15,5.33,AND,
CH00296,0.0,1.35,BX,V1
CH00296,1.35,2.7,QV,V1
CH00296,2.7,4.25,BX,V1
CH00296,4.25,4.36,AND,
CH00297,0.0,1.3,BX,V1
CH00297,1.3,2.55,QV,V1
CH00297,2.55,4.1,BX,V1
CH00297,4.1,4.7,AND,
CH00298,0.0,0.05,AND,
CH00298,0.05,1.6,BX,V1
CH00298,1.6,2.8,QV,V1
CH00298,2.8,3.92,BX,V1
CH00299,0.0,0.4,AND,
CH00299,0.4,1.95,BX,V1
CH00299,1.95,3.1,QV,V1
CH00299,3.1,3.86,BX,V1
CH00300,0.0,1.5,BX,V1
CH00300,1.5,2.6,QV,V1
CH00300,2.6,3.71,BX,V1
CH00301,0.0,1.2,BX,V1
CH00301,1.2,2.25,QV,V1
CH00301,2.25,3.8,BX,V1
CH00301,3.8,4.82,AND,
CH00302,0.0,0.15,AND,
CH00302,0.15,1.7,BX,V1
CH00302,1.7,2.7,QV,V1
CH00302,2.7,4.25,BX,V1
CH00302,4.25,4.56,AND,
CH00303,0.0,0.1,AND,
CH00303,0.1,1.65,BX,V1
CH00303,1.65,2.65,QV,V1
CH00303,2.65,4.2,BX,V1
CH00303,4.2,4.29,AND,
CH00304,0.0,0.05,AND,
CH00304,0.05,1.55,BX,V1
CH00304,1.55,2.55,QV,V1
CH00304,2.55,4.1,BX,V1
CH00304,4.1,4.35,AND,
CH00305,0.0,1.05,BX,V1
CH00305,1.05,2.05,QV,V1
CH00305,2.05,3.6,BX,V1
CH00305,3.6,4.0,AND,
CH00306,0.0,0.05,AND,
CH00306,0.05,1.6,BX,V1
CH00306,1.6,2.55,QV,V1
CH00306,2.55,4.12,BX,V1
CH00307,0.0,0.15,AND,
CH00307,0.15,1.7,BX,V1
CH00307,1.7,2.7,QV,V1
CH00307,2.7,4.25,BX,V1
CH00307,4.25,4.67,AND,
CH00308,0.0,0.25,AND,
CH00308,0.25,1.8,BX,V1
CH00308,1.8,2.8,QV,V1
CH00308,2.8,4.26,BX,V1
CH00309,0.0,0.05,AND,
CH00309,0.05,1.6,BX,V1
CH00309,1.6,2.65,QV,V1
CH00309,2.65,4.15,BX,V1
CH00309,4.15,4.76,AND,
CH00310,0.0,1.3,BX,V1
CH00310,1.3,2.35,QV,V1
CH00310,2.35,3.91,BX,V1
CH00311,0.0,1.3,BX,V1
CH00311,1.3,2.35,QV,V1
CH00311,2.35,3.9,BX,V1
CH00311,3.9,4.69,AND,
CH00312,0.0,1.45,BX,V1
CH00312,1.45,2.5,QV,V1
CH00312,2.5,3.56,BX,V1
CH00313,0.0,1.3,BX,V1
CH00313,1.3,2.35,QV,V1
CH00313,2.35,3.79,BX,V1
CH00314,0.0,0.3,AND,
CH00314,0.3,1.8,BX,V1
CH00314,1.8,2.85,QV,V1
CH00314,2.85,3.89,BX,V1
CH00315,0.0,1.5,BX,V1
CH00315,1.5,2.5,QV,V1
CH00315,2.5,3.65,BX,V1
CH00316,0.0,0.9,BX,V1
CH00316,0.9,1.9,QV,V1
CH00316,1.9,3.45,BX,V1
CH00316,3.45,4.96,AND,
CH00317,0.0,1.3,BX,V1
CH00317,1.3,2.25,QV,V1
CH00317,2.25,3.68,BX,V1
CH00318,0.0,1.3,BX,V1
CH00318,1.3,2.25,QV,V1
CH00318,2.25,3.8,BX,V1
CH00318,3.8,3.91,AND,
CH00319,0.0,1.2,BX,V1
CH00319,1.2,2.1,QV,V1
CH00319,2.1,3.65,BX,V1
CH00319,3.65,3.94,AND,
CH00320,0.0,1.0,BX,V1
CH00320,1.0,1.85,QV,V1
CH00320,1.85,3.45,BX,V1
CH00320,3.45,4.09,AND,
CH00321,0.0,0.15,AND,
CH00321,0.15,1.75,BX,V1
CH00321,1.75,2.55,QV,V1
CH00321,2.55,4.1,BX,V1
CH00321,4.1,4.64,AND,
CH00322,0.0,0.1,AND,
CH00322,0.1,1.7,BX,V1
CH00322,1.7,2.45,QV,V1
CH00322,2.45,3.67,BX,V1
CH00323,0.0,0.95,BX,V1
CH00323,0.95,1.65,QV,V1
CH00323,1.65,3.25,BX,V1
CH00323,3.25,4.01,AND,
CH00324,0.0,1.55,BX,V1
CH00324,1.55,2.2,QV,V1
CH00324,2.2,3.8,BX,V1
CH00324,3.8,4.07,AND,
CH00325,0.0,0.05,AND,
CH00325,0.05,1.65,BX,V1
CH00325,1.65,2.3,QV,V1
CH00325,2.3,3.26,BX,V1
CH00326,0.0,1.3,BX,V1
CH00326,1.3,1.9,QV,V1
CH00326,1.9,3.5,BX,V1
CH00326,3.5,4.02,AND,
CH00327,0.0,1.05,BX,V1
CH00327,1.05,1.6,QV,V1
CH00327,1.6,3.2,BX,V1
CH00327,3.2,4.03,AND,
CH00328,0.0,1.5,BX,V1
CH00328,1.5,2.1,QV,V1
CH00328,2.1,3.7,BX,V1
CH00328,3.7,4.25,AND,
CH00329,0.0,1.3,BX,V1
CH00329,1.3,1.85,QV,V1
CH00329,1.85,3.15,BX,V1
CH00330,0.0,1.25,BX,V1
CH00330,1.25,1.8,QV,V1
CH00330,1.8,3.18,BX,V1
CH00331,0.0,0.6,BX,V1
CH00331,0.6,1.2,QV,V1
CH00331,1.2,2.75,BX,V1
CH00331,2.75,3.62,AND,
CH00332,0.0,1.0,BX,V1
CH00332,1.0,1.6,QV,V1
CH00332,1.6,3.15,BX,V1
CH00332,3.15,4.54,AND,
CH00333,0.0,0.9,BX,V1
CH00333,0.9,1.5,QV,V1
CH00333,1.5,3.1,BX,V1
CH00333,3.1,3.66,AND,
CH00334,0.0,0.75,BX,V1
CH00334,0.75,1.4,QV,V1
CH00334,1.4,3.0,BX,V1
CH00334,3.0,3.65,AND,
CH00335,0.0,1.4,BX,V1
CH00335,1.4,2.1,QV,V1
CH00335,2.1,3.69,BX,V1
CH00336,0.0,1.2,BX,V1
CH00336,1.2,1.95,QV,V1
CH00336,1.95,3.55,BX,V1
CH00336,3.55,3.81,AND,
CH00337,0.0,0.9,BX,V1
CH00337,0.9,1.75,QV,V1
CH00337,1.75,3.3,BX,V1
CH00337,3.3,3.5,AND,
CH00338,0.0,0.85,BX,V1
CH00338,0.85,1.75,QV,V1
CH00338,1.75,3.35,BX,V1
CH00338,3.35,3.51,AND,
CH00339,0.0,0.75,BX,V1
CH00339,0.75,1.8,QV,V1
CH00339,1.8,3.4,BX,V1
CH00339,3.4,4.54,AND,
CH00340,0.0,0.5,BX,V1
CH00340,0.5,1.6,QV,V1
CH00340,1.6,3.25,BX,V1
CH00340,3.25,3.82,AND,
CH00341,0.0,1.3,BX,V1
CH00341,1.3,2.6,QV,V1
CH00341,2.6,4.25,BX,V1
CH00341,4.25,4.84,AND,
CH00342,0.0,0.95,BX,V1
CH00342,0.95,2.4,QV,V1
CH00342,2.4,4.0,BX,V1
CH00342,4.0,4.24,AND,
CH00343,0.0,0.85,BX,V1
CH00343,0.85,2.45,QV,V1
CH00343,2.45,4.05,BX,V1
CH00343,4.05,4.72,AND,
CH00344,0.0,0.5,BX,V1
CH00344,0.5,2.3,QV,V1
CH00344,2.3,3.9,BX,V1
CH00344,3.9,5.05,AND,
CH00345,0.0,0.45,BX,V1
CH00345,0.45,2.4,QV,V1
CH00345,2.4,4.0,BX,V1
CH00345,4.0,5.41,AND,
CH00346,0.0,1.4,BX,V1
CH00346,1.4,3.45,QV,V1
CH00346,3.45,4.91,BX,V1
CH00347,0.0,0.7,BX,V1
CH00347,0.7,2.85,QV,V1
CH00347,2.85,4.45,BX,V1
CH00347,4.45,5.52,AND,
CH00348,0.0,0.8,BX,V1
CH00348,0.8,3.05,QV,V1
CH00348,3.05,4.65,BX,V1
CH00348,4.65,6.12,AND,
CH00349,0.0,0.75,BX,V1
CH00349,0.75,3.15,QV,V1
CH00349,3.15,4.75,BX,V1
CH00349,4.75,4.96,AND,
CH00350,0.0,1.4,BX,V1
CH00350,1.4,3.8,QV,V1
CH00350,3.8,5.4,BX,V1
CH00350,5.4,5.52,AND,
CH00351,0.0,1.25,BX,V1
CH00351,1.25,3.7,QV,V1
CH00351,3.7,5.3,BX,V1
CH00351,5.3,5.48,AND,
CH00352,0.0,1.0,BX,V1
CH00352,1.0,3.4,QV,V1
CH00352,3.4,5.0,BX,V1
CH00352,5.0,5.03,AND,
CH00353,0.0,1.45,BX,V1
CH00353,1.45,3.8,QV,V1
CH00353,3.8,5.4,BX,V1
CH00353,5.4,6.14,AND,
CH00354,0.0,1.15,BX,V1
CH00354,1.15,3.5,QV,V1
CH00354,3.5,5.1,BX,V1
CH00354,5.1,6.01,AND,
CH00355,0.0,1.4,BX,V1
CH00355,1.4,3.7,QV,V1
CH00355,3.7,4.9,BX,V1
CH00356,0.0,1.4,BX,V1
CH00356,1.4,3.65,QV,V1
CH00356,3.65,5.03,BX,V1
CH00357,0.0,1.3,BX,V1
CH00357,1.3,3.5,QV,V1
CH00357,3.5,5.1,BX,V1
CH00357,5.1,5.18,AND,
CH00358,0.0,1.25,BX,V1
CH00358,1.25,3.45,QV,V1
CH00358,3.45,5.0,BX,V1
CH00358,5.0,5.62,AND,
CH00359,0.0,1.35,BX,V1
CH00359,1.35,3.45,QV,V1
CH00359,3.45,5.05,BX,V1
CH00359,5.05,5.81,AND,
CH00360,0.0,0.85,BX,V1
CH00360,0.85,2.95,QV,V1
CH00360,2.95,4.5,BX,V1
CH00360,4.5,5.68,AND,
CH00361,0.0,1.25,BX,V1
CH00361,1.25,3.3,QV,V1
CH00361,3.3,4.85,BX,V1
CH00361,4.85,5.71,AND,
CH00362,0.0,1.05,BX,V1
CH00362,1.05,3.0,QV,V1
CH00362,3.0,4.55,BX,V1
CH00362,4.55,5.65,BX,V4
CH00363,0.0,1.05,BX,V1
CH00363,1.05,2.9,QV,V1
CH00363,2.9,4.4,BX,V1
CH00363,4.4,5.21,QV,V4
CH00364,0.0,0.7,BX,V1
CH00364,0.7,2.45,QV,V1
CH00364,2.45,4.1,QV,V4
CH00364,4.1,4.49,BX,V4
CH00365,0.0,0.65,BX,V1
CH00365,0.65,2.2,QV,V4
CH00365,2.2,2.45,QV,V1
CH00365,2.45,4.0,BX,V1
CH00365,4.0,4.1,BX,V4
CH00365,4.1,4.21,AND,
CH00366,0.0,0.45,QV,V4
CH00366,0.45,1.0,BX,V1
CH00366,1.0,2.5,QV,V1
CH00366,2.5,4.05,BX,V1
CH00366,4.05,4.88,AND,
CH00367,0.0,1.45,BX,V1
CH00367,1.45,2.85,QV,V1
CH00367,2.85,4.28,BX,V1
CH00368,0.0,1.3,BX,V1
CH00368,1.3,2.6,QV,V1
CH00368,2.6,4.15,BX,V1
CH00368,4.15,4.38,AND,
CH00369,0.0,0.05,AND,
CH00369,0.05,1.6,BX,V1
CH00369,1.6,2.75,QV,V1
CH00369,2.75,4.3,BX,V1
CH00369,4.3,4.63,AND,
CH00370,0.0,1.25,BX,V1
CH00370,1.25,2.3,QV,V1
CH00370,2.3,3.85,BX,V1
CH00370,3.85,4.72,AND,
CH00371,0.0,0.1,AND,
CH00371,0.1,1.65,BX,V1
CH00371,1.65,2.65,QV,V1
CH00371,2.65,3.85,BX,V1
CH00372,0.0,1.5,BX,V1
CH00372,1.5,2.45,QV,V1
CH00372,2.45,4.0,BX,V1
CH00372,4.0,4.32,AND,
CH00373,0.0,1.0,BX,V1
CH00373,1.0,1.9,QV,V1
CH00373,1.9,3.45,BX,V1
CH00373,3.45,4.3,AND,
CH00374,0.0,0.95,BX,V1
CH00374,0.95,1.8,QV,V1
CH00374,1.8,3.35,BX,V1
CH00374,3.35,3.84,AND,
CH00375,0.0,0.9,BX,V1
CH00375,0.9,1.75,QV,V1
CH00375,1.75,3.3,BX,V1
CH00375,3.3,4.15,AND,
CH00376,0.0,0.7,BX,V1
CH00376,0.7,1.6,QV,V1
CH00376,1.6,3.15,BX,V1
CH00376,3.15,3.49,AND,
CH00377,0.0,0.9,BX,V1
CH00377,0.9,1.8,QV,V1
CH00377,1.8,3.35,BX,V1
CH00377,3.35,4.31,AND,
CH00378,0.0,1.3,BX,V1
CH00378,1.3,2.35,QV,V1
CH00378,2.35,3.9,BX,V1
CH00378,3.9,4.35,AND,
CH00379,0.0,1.45,BX,V1
CH00379,1.45,2.55,QV,V1
CH00379,2.55,4.1,BX,V1
CH00379,4.1,4.32,AND,
CH00380,0.0,1.15,BX,V1
CH00380,1.15,2.4,QV,V1
CH00380,2.4,3.95,BX,V1
CH00380,3.95,5.12,AND,
CH00381,0.0,1.0,BX,V1
CH00381,1.0,2.35,QV,V1
CH00381,2.35,3.9,BX,V1
CH00381,3.9,4.51,AND,
CH00382,0.0,1.55,BX,V1
CH00382,1.55,3.1,QV,V1
CH00382,3.1,4.15,BX,V1
CH00383,0.0,1.35,BX,V1
CH00383,1.35,3.0,QV,V1
CH00383,3.0,4.55,BX,V1
CH00383,4.55,4.72,AND,
CH00384,0.0,1.05,BX,V1
CH00384,1.05,2.8,QV,V1
CH00384,2.8,4.4,BX,V1
CH00384,4.4,5.6,AND,
CH00385,0.0,0.85,BX,V1
CH00385,0.85,2.75,QV,V1
CH00385,2.75,4.3,BX,V1
CH00385,4.3,4.58,AND,
CH00386,0.0,0.7,BX,V1
CH00386,0.7,2.65,QV,V1
CH00386,2.65,4.2,BX,V1
CH00386,4.2,5.5,AND,
CH00387,0.0,0.8,BX,V1
CH00387,0.8,2.8,QV,V1
CH00387,2.8,4.35,BX,V1
CH00387,4.35,5.11,AND,
CH00388,0.0,1.55,BX,V1
CH00388,1.55,3.5,QV,V1
CH00388,3.5,5.1,BX,V1
CH00388,5.1,5.73,AND,
CH00389,0.0,1.15,BX,V1
CH00389,1.15,3.05,QV,V1
CH00389,3.05,4.65,BX,V1
CH00389,4.65,5.46,AND,
CH00390,0.0,0.6,BX,V1
CH00390,0.6,2.45,QV,V1
CH00390,2.45,4.05,BX,V1
CH00390,4.05,5.5,AND,
CH00391,0.0,0.8,BX,V1
CH00391,0.8,2.5,QV,V1
CH00391,2.5,4.1,BX,V1
CH00391,4.1,5.67,AND,
CH00392,0.0,1.6,BX,V1
CH00392,1.6,3.2,QV,V1
CH00392,3.2,4.8,BX,V1
CH00392,4.8,5.42,AND,
CH00393,0.0,1.5,BX,V1
CH00393,1.5,3.05,QV,V1
CH00393,3.05,4.6,BX,V1
CH00393,4.6,5.25,AND,
CH00394,0.0,0.65,BX,V1
CH00394,0.65,2.05,QV,V1
CH00394,2.05,3.65,BX,V1
CH00394,3.65,4.31,AND,
CH00395,0.0,1.55,BX,V1
CH00395,1.55,2.85,QV,V1
CH00395,2.85,4.45,BX,V1
CH00395,4.45,4.67,AND,
CH00396,0.0,1.05,BX,V1
CH00396,1.05,2.3,QV,V1
CH00396,2.3,3.85,BX,V1
CH00396,3.85,4.59,AND,
CH00397,0.0,0.7,BX,V1
CH00397,0.7,1.85,QV,V1
CH00397,1.85,3.45,BX,V1
CH00397,3.45,4.86,AND,
CH00398,0.0,1.5,BX,V1
CH00398,1.5,2.55,QV,V1
CH00398,2.55,4.15,BX,V1
CH00398,4.15,4.24,AND,
CH00399,0.0,1.55,BX,V1
CH00399,1.55,2.55,QV,V1
CH00399,2.55,3.99,BX,V1
CH00400,0.0,1.0,BX,V1
CH00400,1.0,1.95,QV,V1
CH00400,1.95,3.5,BX,V1
CH00400,3.5,4.1,AND,
CH00401,0.0,0.85,BX,V1
CH00401,0.85,1.7,QV,V1
CH00401,1.7,3.3,BX,V1
CH00401,3.3,4.5,AND,
CH00402,0.0,1.25,BX,V1
CH00402,1.25,2.05,QV,V1
CH00402,2.05,3.38,BX,V1
CH00403,0.0,1.0,BX,V1
CH00403,1.0,1.8,QV,V1
CH00403,1.8,3.35,BX,V1
CH00403,3.35,3.78,AND,
CH00404,0.0,1.0,BX,V1
CH00404,1.0,1.75,QV,V1
CH00404,1.75,3.3,BX,V1
CH00404,3.3,4.28,AND,
CH00405,0.0,1.0,BX,V1
CH00405,1.0,1.7,QV,V1
CH00405,1.7,3.3,BX,V1
CH00405,3.3,3.75,AND,
CH00406,0.0,1.45,BX,V1
CH00406,1.45,2.15,QV,V1
CH00406,2.15,3.67,BX,V1
CH00407,0.0,1.35,BX,V1
CH00407,1.35,2.05,QV,V1
CH00407,2.05,3.65,BX,V1
CH00407,3.65,4.67,AND,
CH00408,0.0,1.3,BX,V1
CH00408,1.3,2.05,QV,V1
CH00408,2.05,3.65,BX,V1
CH00408,3.65,4.07,AND,
CH00409,0.0,1.1,BX,V1
CH00409,1.1,1.9,QV,V1
CH00409,1.9,3.5,BX,V1
CH00409,3.5,4.25,AND,
CH00410,0.0,1.4,BX,V1
CH00410,1.4,2.25,QV,V1
CH00410,2.25,3.5,BX,V1
CH00411,0.0,1.0,BX,V1
CH00411,1.0,1.95,QV,V1
CH00411,1.95,3.55,BX,V1
CH00411,3.55,3.89,AND,
CH00412,0.0,1.05,BX,V1
CH00412,1.05,2.1,QV,V1
CH00412,2.1,3.7,BX,V1
CH00412,3.7,4.97,AND,
CH00413,0.0,0.8,BX,V1
CH00413,0.8,1.95,QV,V1
CH00413,1.95,3.55,BX,V1
CH00413,3.55,4.96,AND,
CH00414,0.0,0.8,BX,V1
CH00414,0.8,2.15,QV,V1
CH00414,2.15,3.75,BX,V1
CH00414,3.75,4.13,AND,
CH00415,0.0,1.3,BX,V1
CH00415,1.3,2.85,QV,V1
CH00415,2.85,4.45,BX,V1
CH00415,4.45,4.52,AND,
CH00416,0.0,1.2,BX,V1
CH00416,1.2,3.05,QV,V1
CH00416,3.05,4.31,BX,V1
CH00417,0.0,0.7,BX,V1
CH00417,0.7,2.8,QV,V1
CH00417,2.8,4.4,BX,V1
CH00417,4.4,5.6,AND,
CH00418,0.0,0.4,BX,V1
CH00418,0.4,2.8,QV,V1
CH00418,2.8,4.4,BX,V1
CH00418,4.4,5.76,AND,
CH00419,0.0,1.1,BX,V1
CH00419,1.1,3.8,QV,V1
CH00419,3.8,5.4,BX,V1
CH00419,5.4,6.27,AND,
CH00420,0.0,0.75,BX,V1
CH00420,0.75,3.8,QV,V1
CH00420,3.8,5.4,BX,V1
CH00420,5.4,6.17,AND,
CH00421,0.0,1.0,BX,V1
CH00421,1.0,4.35,QV,V1
CH00421,4.35,5.95,BX,V1
CH00421,5.95,6.95,AND,
CH00422,0.0,0.6,BX,V1
CH00422,0.6,4.3,QV,V1
CH00422,4.3,5.9,BX,V1
CH00422,5.9,6.87,AND,
CH00423,0.0,0.4,BX,V1
CH00423,0.4,4.35,QV,V1
CH00423,4.35,5.95,BX,V1
CH00423,5.95,6.32,AND,
CH00424,0.0,0.15,BX,V1
CH00424,0.15,4.3,QV,V1
CH00424,4.3,5.9,BX,V1
CH00424,5.9,7.89,AND,
CH00425,0.0,1.0,BX,V1
CH00425,1.0,5.25,QV,V1
CH00425,5.25,6.62,BX,V1
CH00426,0.0,0.85,BX,V1
CH00426,0.85,5.2,QV,V1
CH00426,5.2,6.8,BX,V1
CH00426,6.8,7.7,AND,
CH00427,0.0,0.85,BX,V1
CH00427,0.85,5.2,QV,V1
CH00427,5.2,6.75,BX,V1
CH00427,6.75,7.23,AND,
CH00428,0.0,0.85,BX,V1
CH00428,0.85,5.15,QV,V1
CH00428,5.15,6.63,BX,V1
CH00429,0.0,0.6,BX,V1
CH00429,0.6,4.75,QV,V1
CH00429,4.75,6.35,BX,V1
CH00429,6.35,6.85,AND,
CH00430,0.0,0.4,BX,V1
CH00430,0.4,4.4,QV,V1
CH00430,4.4,5.95,BX,V1
CH00430,5.95,7.53,AND,
CH00431,0.0,0.4,BX,V1
CH00431,0.4,4.15,QV,V1
CH00431,4.15,5.75,BX,V1
CH00431,5.75,6.85,AND,
CH00432,0.0,0.2,BX,V1
CH00432,0.2,3.7,QV,V1
CH00432,3.7,5.3,BX,V1
CH00432,5.3,7.22,AND,
CH00433,0.0,0.3,BX,V1
CH00433,0.3,3.55,QV,V1
CH00433,3.55,5.15,BX,V1
CH00433,5.15,5.66,AND,
CH00434,0.0,0.95,BX,V1
CH00434,0.95,3.95,QV,V1
CH00434,3.95,5.38,BX,V1
CH00435,0.0,0.8,BX,V1
CH00435,0.8,3.5,QV,V1
CH00435,3.5,5.1,BX,V1
CH00435,5.1,5.52,AND,
CH00436,0.0,0.7,BX,V1
CH00436,0.7,3.15,QV,V1
CH00436,3.15,4.75,BX,V1
CH00436,4.75,5.99,AND,
CH00437,0.0,0.85,BX,V1
CH00437,0.85,3.15,QV,V1
CH00437,3.15,4.62,BX,V1
CH00438,0.0,0.35,BX,V1
CH00438,0.35,2.4,QV,V1
CH00438,2.4,3.95,BX,V1
CH00438,3.95,4.73,AND,
CH00439,0.0,0.95,BX,V1
CH00439,0.95,2.85,QV,V1
CH00439,2.85,4.4,BX,V1
CH00439,4.4,5.36,AND,
CH00440,0.0,1.35,BX,V2
CH00440,1.35,1.5,QV,V2
CH00440,1.5,1.85,BX,V2
CH00440,1.85,3.51,AND,
CH00441,0.0,0.55,AND,
CH00441,0.55,2.1,BX,V2
CH00441,2.1,2.45,QV,V2
CH00441,2.45,3.95,BX,V2
CH00441,3.95,4.01,AND,
CH00442,0.0,1.5,BX,V2
CH00442,1.5,1.9,QV,V2
CH00442,1.9,2.97,BX,V2
CH00443,0.0,0.15,AND,
CH00443,0.15,1.7,BX,V2
CH00443,1.7,2.1,QV,V2
CH00443,2.1,3.54,BX,V2
CH00444,0.0,1.45,BX,V2
CH00444,1.45,1.8,QV,V2
CH00444,1.8,3.35,BX,V2
CH00444,3.35,3.82,AND,
CH00445,0.0,1.55,BX,V2
CH00445,1.55,1.95,QV,V2
CH00445,1.95,3.45,BX,V2
CH00445,3.45,4.31,AND,
CH00446,0.0,1.2,BX,V2
CH00446,1.2,1.6,QV,V2
CH00446,1.6,3.1,BX,V2
CH00446,3.1,3.45,AND,
CH00447,0.0,0.05,AND,
CH00447,0.05,1.55,BX,V2
CH00447,1.55,1.95,QV,V2
CH00447,1.95,3.31,BX,V2
CH00448,0.0,1.3,BX,V2
CH00448,1.3,1.7,QV,V2
CH00448,1.7,3.25,BX,V2
CH00448,3.25,4.1,AND,
CH00449,0.0,0.5,AND,
CH00449,0.5,2.05,BX,V2
CH00449,2.05,2.45,QV,V2
CH00449,2.45,4.0,BX,V2
CH00449,4.0,4.32,AND,
CH00450,0.0,1.25,BX,V2
CH00450,1.25,1.65,QV,V2
CH00450,1.65,3.2,BX,V2
CH00450,3.2,4.16,AND,
CH00451,0.0,0.05,AND,
CH00451,0.05,1.6,BX,V2
CH00451,1.6,2.05,QV,V2
CH00451,2.05,3.6,BX,V2
CH00451,3.6,4.27,AND,
CH00452,0.0,0.3,AND,
CH00452,0.3,1.8,BX,V2
CH00452,1.8,2.3,QV,V2
CH00452,2.3,3.8,BX,V2
CH00452,3.8,3.89,AND,
CH00453,0.0,0.05,AND,
CH00453,0.05,1.55,BX,V2
CH00453,1.55,2.1,QV,V2
CH00453,2.1,3.6,BX,V2
CH00453,3.6,3.99,AND,
CH00454,0.0,0.3,AND,
CH00454,0.3,1.85,BX,V2
CH00454,1.85,2.4,QV,V2
CH00454,2.4,3.29,BX,V2
CH00455,0.0,0.45,AND,
CH00455,0.45,2.0,BX,V2
CH00455,2.0,2.5,QV,V2
CH00455,2.5,3.47,BX,V2
CH00456,0.0,1.2,BX,V2
CH00456,1.2,1.75,QV,V2
CH00456,1.75,3.19,BX,V2
CH00457,0.0,1.05,BX,V2
CH00457,1.05,1.6,QV,V2
CH00457,1.6,3.15,BX,V2
CH00457,3.15,3.37,AND,
CH00458,0.0,1.35,BX,V2
CH00458,1.35,1.9,QV,V2
CH00458,1.9,3.45,BX,V2
CH00458,3.45,3.55,AND,
CH00459,0.0,1.5,BX,V2
CH00459,1.5,2.05,QV,V2
CH00459,2.05,3.09,BX,V2
CH00460,0.0,1.15,BX,V2
CH00460,1.15,1.7,QV,V2
CH00460,1.7,3.2,BX,V2
CH00460,3.2,4.38,AND,
CH00461,0.0,1.35,BX,V2
CH00461,1.35,1.9,QV,V2
CH00461,1.9,3.45,BX,V2
CH00461,3.45,4.19,AND,
CH00462,0.0,0.1,AND,
CH00462,0.1,1.65,BX,V2
CH00462,1.65,2.2,QV,V2
CH00462,2.2,3.7,BX,V2
CH00462,3.7,4.48,AND,
CH00463,0.0,1.2,BX,V2
CH00463,1.2,1.75,QV,V2
CH00463,1.75,3.3,BX,V2
CH00463,3.3,3.51,AND,
CH00464,0.0,1.15,BX,V2
CH00464,1.15,1.75,QV,V2
CH00464,1.75,3.25,BX,V2
CH00464,3.25,4.05,AND,
CH00465,0.0,1.2,BX,V2
CH00465,1.2,1.85,QV,V2
CH00465,1.85,3.4,BX,V2
CH00465,3.4,3.74,AND,
CH00466,0.0,0.3,AND,
CH00466,0.3,1.8,BX,V2
CH00466,1.8,2.55,QV,V2
CH00466,2.55,3.65,BX,V2
CH00467,0.0,1.55,BX,V2
CH00467,1.55,2.4,QV,V2
CH00467,2.4,3.9,BX,V2
CH00467,3.9,4.35,AND,
CH00468,0.0,0.5,AND,
CH00468,0.5,2.0,BX,V2
CH00468,2.0,2.95,QV,V2
CH00468,2.95,3.5,BX,V2
CH00469,0.0,1.4,BX,V2
CH00469,1.4,2.5,QV,V2
CH00469,2.5,3.96,BX,V2
CH00470,0.0,1.35,BX,V2
CH00470,1.35,2.55,QV,V2
CH00470,2.55,4.05,BX,V2
CH00470,4.05,5.1,AND,
CH00471,0.0,1.5,BX,V2
CH00471,1.5,2.85,QV,V2
CH00471,2.85,4.35,BX,V2
CH00471,4.35,4.97,AND,
CH00472,0.0,0.05,AND,
CH00472,0.05,1.6,BX,V2
CH00472,1.6,3.0,QV,V2
CH00472,3.0,4.11,BX,V2
CH00473,0.0,1.35,BX,V2
CH00473,1.35,2.9,QV,V2
CH00473,2.9,4.4,BX,V2
CH00473,4.4,4.6,AND,
CH00474,0.0,0.25,AND,
CH00474,0.25,1.75,BX,V2
CH00474,1.75,3.35,QV,V2
CH00474,3.35,4.85,BX,V2
CH00474,4.85,5.36,AND,
CH00475,0.0,1.05,BX,V2
CH00475,1.05,2.65,QV,V2
CH00475,2.65,4.15,BX,V2
CH00475,4.15,4.6,AND,
CH00475,4.6,4.75,BX,V4
CH00476,0.0,1.15,BX,V2
CH00476,1.15,2.7,QV,V2
CH00476,2.7,4.2,BX,V2
CH00476,4.2,4.75,BX,V4
CH00476,4.75,5.36,QV,V4
CH00477,0.0,1.45,BX,V2
CH00477,1.45,2.8,QV,V2
CH00477,2.8,4.6,QV,V4
CH00477,4.6,5.45,BX,V4
CH00478,0.0,0.1,BX,V4
CH00478,0.1,0.95,BX,V2
CH00478,0.95,2.7,QV,V4
CH00478,2.7,3.1,QV,V2
CH00478,3.1,4.6,BX,V2
CH00478,4.6,4.95,AND,
CH00479,0.0,1.0,QV,V4
CH00479,1.0,1.8,BX,V2
CH00479,1.8,3.2,QV,V2
CH00479,3.2,4.7,BX,V2
CH00479,4.7,5.32,AND,
CH00480,0.0,0.35,BX,V4
CH00480,0.35,1.85,BX,V2
CH00480,1.85,3.2,QV,V2
CH00480,3.2,4.36,BX,V2
CH00481,0.0,0.4,AND,
CH00481,0.4,1.95,BX,V2
CH00481,1.95,3.3,QV,V2
CH00481,3.3,3.85,BX,V2
CH00482,0.0,0.2,AND,
CH00482,0.2,1.75,BX,V2
CH00482,1.75,3.0,QV,V2
CH00482,3.0,4.1,BX,V2
CH00483,0.0,0.4,AND,
CH00483,0.4,1.9,BX,V2
CH00483,1.9,3.0,QV,V2
CH00483,3.0,4.47,BX,V2
CH00484,0.0,0.3,AND,
CH00484,0.3,1.8,BX,V2
CH00484,1.8,2.95,QV,V2
CH00484,2.95,3.7,BX,V2
CH00485,0.0,1.5,BX,V2
CH00485,1.5,2.5,QV,V2
CH00485,2.5,3.62,BX,V2
CH00486,0.0,0.3,AND,
CH00486,0.3,1.8,BX,V2
CH00486,1.8,2.75,QV,V2
CH00486,2.75,3.58,BX,V2
CH00487,0.0,1.45,BX,V2
CH00487,1.45,2.3,QV,V2
CH00487,2.3,3.85,BX,V2
CH00487,3.85,4.76,AND,
CH00488,0.0,1.45,BX,V2
CH00488,1.45,2.3,QV,V2
CH00488,2.3,3.8,BX,V2
CH00488,3.8,4.32,AND,
CH00489,0.0,1.0,BX,V2
CH00489,1.0,1.8,QV,V2
CH00489,1.8,3.3,BX,V2
CH00489,3.3,4.49,AND,
CH00490,0.0,1.2,BX,V2
CH00490,1.2,1.95,QV,V2
CH00490,1.95,3.45,BX,V2
CH00490,3.45,4.37,AND,
CH00491,0.0,1.4,BX,V2
CH00491,1.4,2.15,QV,V2
CH00491,2.15,3.7,BX,V2
CH00491,3.7,3.94,AND,
CH00492,0.0,1.3,BX,V2
CH00492,1.3,2.05,QV,V2
CH00492,2.05,3.6,BX,V2
CH00492,3.6,4.08,AND,
CH00493,0.0,0.25,AND,
CH00493,0.25,1.8,BX,V2
CH00493,1.8,2.6,QV,V2
CH00493,2.6,3.37,BX,V2
CH00494,0.0,1.1,BX,V2
CH00494,1.1,1.95,QV,V2
CH00494,1.95,3.45,BX,V2
CH00494,3.45,4.76,AND,
CH00495,0.0,1.05,BX,V2
CH00495,1.05,2.0,QV,V2
CH00495,2.0,3.5,BX,V2
CH00495,3.5,4.54,AND,
CH00496,0.0,1.0,BX,V2
CH00496,1.0,2.0,QV,V2
CH00496,2.0,3.55,BX,V2
CH00496,3.55,3.81,AND,
CH00497,0.0,1.45,BX,V2
CH00497,1.45,2.6,QV,V2
CH00497,2.6,4.1,BX,V2
CH00497,4.1,4.8,AND,
CH00498,0.0,1.4,BX,V2
CH00498,1.4,2.7,QV,V2
CH00498,2.7,4.2,BX,V2
CH00498,4.2,4.57,AND,
CH00499,0.0,0.95,BX,V2
CH00499,0.95,2.35,QV,V2
CH00499,2.35,3.9,BX,V2
CH00499,3.9,4.38,AND,
CH00500,0.0,1.0,BX,V2
CH00500,1.0,2.55,QV,V2
CH00500,2.55,4.04,BX,V2
CH00501,0.0,1.15,BX,V2
CH00501,1.15,2.85,QV,V2
CH00501,2.85,4.35,BX,V2
CH00501,4.35,5.23,AND,
CH00502,0.0,1.0,BX,V2
CH00502,1.0,2.75,QV,V2
CH00502,2.75,4.3,BX,V2
CH00502,4.3,4.58,AND,
CH00503,0.0,0.9,BX,V2
CH00503,0.9,2.65,QV,V2
CH00503,2.65,4.15,BX,V2
CH00503,4.15,4.87,AND,
CH00504,0.0,1.15,BX,V2
CH00504,1.15,2.9,QV,V2
CH00504,2.9,4.45,BX,V2
CH00504,4.45,4.55,AND,
CH00505,0.0,0.3,AND,
CH00505,0.3,1.8,BX,V2
CH00505,1.8,3.5,QV,V2
CH00505,3.5,5.05,BX,V2
CH00505,5.05,5.09,AND,
CH00506,0.0,1.0,BX,V2
CH00506,1.0,2.65,QV,V2
CH00506,2.65,4.2,BX,V2
CH00506,4.2,5.47,AND,
CH00507,0.0,1.1,BX,V2
CH00507,1.1,2.65,QV,V2
CH00507,2.65,4.2,BX,V2
CH00507,4.2,5.35,AND,
CH00508,0.0,0.05,AND,
CH00508,0.05,1.6,BX,V2
CH00508,1.6,3.05,QV,V2
CH00508,3.05,4.6,BX,V2
CH00508,4.6,4.68,AND,
CH00509,0.0,1.35,BX,V2
CH00509,1.35,2.75,QV,V2
CH00509,2.75,4.3,BX,V2
CH00509,4.3,4.75,AND,
CH00510,0.0,1.25,BX,V2
CH00510,1.25,2.55,QV,V2
CH00510,2.55,4.0,BX,V2
CH00511,0.0,1.4,BX,V2
CH00511,1.4,2.6,QV,V2
CH00511,2.6,4.1,BX,V2
CH00511,4.1,4.6,AND,
CH00512,0.0,1.5,BX,V2
CH00512,1.5,2.65,QV,V2
CH00512,2.65,4.2,BX,V2
CH00512,4.2,4.96,AND,
CH00513,0.0,1.0,BX,V2
CH00513,1.0,2.1,QV,V2
CH00513,2.1,3.6,BX,V2
CH00513,3.6,4.47,AND,
CH00514,0.0,0.45,AND,
CH00514,0.45,1.95,BX,V2
CH00514,1.95,3.0,QV,V2
CH00514,3.0,4.37,BX,V2
CH00515,0.0,1.25,BX,V2
CH00515,1.25,2.3,QV,V2
CH00515,2.3,3.8,BX,V2
CH00515,3.8,4.89,AND,
CH00516,0.0,0.3,AND,
CH00516,0.3,1.85,BX,V2
CH00516,1.85,2.85,QV,V2
CH00516,2.85,3.77,BX,V2
CH00517,0.0,1.25,BX,V2
CH00517,1.25,2.2,QV,V2
CH00517,2.2,3.61,BX,V2
CH00518,0.0,0.1,AND,
CH00518,0.1,1.6,BX,V2
CH00518,1.6,2.6,QV,V2
CH00518,2.6,4.1,BX,V2
CH00518,4.1,4.59,AND,
CH00519,0.0,0.25,AND,
CH00519,0.25,1.8,BX,V2
CH00519,1.8,2.75,QV,V2
CH00519,2.75,4.3,BX,V2
CH00519,4.3,4.89,AND,
CH00520,0.0,0.05,AND,
CH00520,0.05,1.55,BX,V2
CH00520,1.55,2.55,QV,V2
CH00520,2.55,3.56,BX,V2
CH00521,0.0,0.3,AND,
CH00521,0.3,1.8,BX,V2
CH00521,1.8,2.75,QV,V2
CH00521,2.75,4.3,BX,V2
CH00521,4.3,4.75,AND,
CH00522,0.0,1.35,BX,V2
CH00522,1.35,2.25,QV,V2
CH00522,2.25,3.8,BX,V2
CH00522,3.8,3.95,AND,
CH00523,0.0,1.45,BX,V2
CH00523,1.45,2.3,QV,V2
CH00523,2.3,3.85,BX,V2
CH00523,3.85,4.6,AND,
CH00524,0.0,0.2,AND,
CH00524,0.2,1.75,BX,V2
CH00524,1.75,2.55,QV,V2
CH00524,2.55,4.1,BX,V2
CH00524,4.1,4.36,AND,
CH00525,0.0,0.55,AND,
CH00525,0.55,2.1,BX,V2
CH00525,2.1,2.85,QV,V2
CH00525,2.85,3.9,BX,V2
CH00526,0.0,0.15,AND,
CH00526,0.15,1.65,BX,V2
CH00526,1.65,2.4,QV,V2
CH00526,2.4,3.48,BX,V2
CH00527,0.0,1.3,BX,V2
CH00527,1.3,2.0,QV,V2
CH00527,2.0,3.55,BX,V2
CH00527,3.55,3.72,AND,
CH00528,0.0,1.55,BX,V2
CH00528,1.55,2.25,QV,V2
CH00528,2.25,3.8,BX,V2
CH00528,3.8,3.95,AND,
CH00529,0.0,0.1,AND,
CH00529,0.1,1.65,BX,V2
CH00529,1.65,2.25,QV,V2
CH00529,2.25,3.8,BX,V2
CH00530,0.0,0.55,AND,
CH00530,0.55,2.1,BX,V2
CH00530,2.1,2.75,QV,V2
CH00530,2.75,4.27,BX,V2
CH00531,0.0,0.05,AND,
CH00531,0.05,1.6,BX,V2
CH00531,1.6,2.25,QV,V2
CH00531,2.25,3.32,BX,V2
CH00532,0.0,1.4,BX,V2
CH00532,1.4,2.05,QV,V2
CH00532,2.05,3.6,BX,V2
CH00532,3.6,4.25,AND,
CH00533,0.0,1.4,BX,V2
CH00533,1.4,2.1,QV,V2
CH00533,2.1,3.65,BX,V2
CH00533,3.65,3.95,AND,
CH00534,0.0,0.1,AND,
CH00534,0.1,1.65,BX,V2
CH00534,1.65,2.4,QV,V2
CH00534,2.4,3.95,BX,V2
CH00534,3.95,4.71,AND,
CH00535,0.0,1.35,BX,V2
CH00535,1.35,2.15,QV,V2
CH00535,2.15,3.7,BX,V2
CH00535,3.7,4.75,AND,
CH00536,0.0,1.25,BX,V2
CH00536,1.25,2.15,QV,V2
CH00536,2.15,3.75,BX,V2
CH00536,3.75,4.48,AND,
CH00537,0.0,0.65,AND,
CH00537,0.65,2.2,BX,V2
CH00537,2.2,3.15,QV,V2
CH00537,3.15,3.67,BX,V2
CH00538,0.0,1.55,BX,V2
CH00538,1.55,2.6,QV,V2
CH00538,2.6,3.74,BX,V2
CH00539,0.0,0.55,AND,
CH00539,0.55,2.15,BX,V2
CH00539,2.15,3.3,QV,V2
CH00539,3.3,4.85,BX,V2
CH00539,4.85,5.0,AND,
CH00540,0.0,0.15,AND,
CH00540,0.15,1.7,BX,V2
CH00540,1.7,2.9,QV,V2
CH00540,2.9,4.5,BX,V2
CH00540,4.5,5.07,AND,
CH00541,0.0,0.4,AND,
CH00541,0.4,1.95,BX,V2
CH00541,1.95,3.2,QV,V2
CH00541,3.2,3.78,BX,V2
CH00542,0.0,1.3,BX,V2
CH00542,1.3,2.6,QV,V2
CH00542,2.6,4.15,BX,V2
CH00542,4.15,4.66,AND,
CH00543,0.0,0.05,AND,
CH00543,0.05,1.6,BX,V2
CH00543,1.6,2.9,QV,V2
CH00543,2.9,4.0,BX,V2
CH00544,0.0,0.2,AND,
CH00544,0.2,1.75,BX,V2
CH00544,1.75,3.05,QV,V2
CH00544,3.05,4.59,BX,V2
CH00545,0.0,0.6,AND,
CH00545,0.6,2.15,BX,V2
CH00545,2.15,3.4,QV,V2
CH00545,3.4,4.95,BX,V2
CH00545,4.95,5.15,AND,
CH00546,0.0,0.6,AND,
CH00546,0.6,2.15,BX,V2
CH00546,2.15,3.35,QV,V2
CH00546,3.35,4.69,BX,V2
CH00547,0.0,1.5,BX,V2
CH00547,1.5,2.65,QV,V2
CH00547,2.65,4.25,BX,V2
CH00547,4.25,4.87,AND,
CH00548,0.0,0.2,AND,
CH00548,0.2,1.75,BX,V2
CH00548,1.75,2.85,QV,V2
CH00548,2.85,4.34,BX,V2
CH00549,0.0,1.3,BX,V2
CH00549,1.3,2.35,QV,V2
CH00549,2.35,3.9,BX,V2
CH00549,3.9,4.18,AND,
CH00550,0.0,0.35,AND,
CH00550,0.35,1.9,BX,V2
CH00550,1.9,2.85,QV,V2
CH00550,2.85,3.7,BX,V2
CH00551,0.0,0.55,AND,
CH00551,0.55,2.15,BX,V2
CH00551,2.15,3.05,QV,V2
CH00551,3.05,4.34,BX,V2
CH00552,0.0,1.3,BX,V2
CH00552,1.3,2.15,QV,V2
CH00552,2.15,3.7,BX,V2
CH00552,3.7,4.04,AND,
CH00553,0.0,1.35,BX,V2
CH00553,1.35,2.2,QV,V2
CH00553,2.2,3.75,BX,V2
CH00553,3.75,4.22,AND,
CH00554,0.0,0.25,AND,
CH00554,0.25,1.85,BX,V2
CH00554,1.85,2.65,QV,V2
CH00554,2.65,3.73,BX,V2
CH00555,0.0,1.6,BX,V2
CH00555,1.6,2.4,QV,V2
CH00555,2.4,4.0,BX,V2
CH00555,4.0,4.58,AND,
CH00556,0.0,0.05,AND,
CH00556,0.05,1.65,BX,V2
CH00556,1.65,2.45,QV,V2
CH00556,2.45,3.65,BX,V2
CH00557,0.0,1.6,BX,V2
CH00557,1.6,2.4,QV,V2
CH00557,2.4,3.95,BX,V2
CH00557,3.95,4.51,AND,
CH00558,0.0,1.5,BX,V2
CH00558,1.5,2.35,QV,V2
CH00558,2.35,3.4,BX,V2
CH00559,0.0,1.6,BX,V2
CH00559,1.6,2.45,QV,V2
CH00559,2.45,3.63,BX,V2
CH00560,0.0,0.4,AND,
CH00560,0.4,1.95,BX,V2
CH00560,1.95,2.8,QV,V2
CH00560,2.8,4.35,BX,V2
CH00560,4.35,4.49,AND,
CH00561,0.0,0.4,AND,
CH00561,0.4,2.0,BX,V2
CH00561,2.0,2.85,QV,V2
CH00561,2.85,3.51,BX,V2
CH00562,0.0,1.4,BX,V2
CH00562,1.4,2.2,QV,V2
CH00562,2.2,3.36,BX,V2
CH00563,0.0,1.1,BX,V2
CH00563,1.1,1.9,QV,V2
CH00563,1.9,3.5,BX,V2
CH00563,3.5,3.74,AND,
CH00564,0.0,1.15,BX,V2
CH00564,1.15,1.9,QV,V2
CH00564,1.9,3.45,BX,V2
CH00564,3.45,3.89,AND,
CH00565,0.0,0.15,AND,
CH00565,0.15,1.75,BX,V2
CH00565,1.75,2.4,QV,V2
CH00565,2.4,4.0,BX,V2
CH00565,4.0,4.07,AND,
CH00566,0.0,0.1,AND,
CH00566,0.1,1.65,BX,V2
CH00566,1.65,2.3,QV,V2
CH00566,2.3,3.5,BX,V2
CH00567,0.0,1.55,BX,V2
CH00567,1.55,2.1,QV,V2
CH00567,2.1,3.14,BX,V2
CH00568,0.0,1.3,BX,V2
CH00568,1.3,1.8,QV,V2
CH00568,1.8,3.35,BX,V2
CH00568,3.35,3.94,AND,
CH00569,0.0,0.1,AND,
CH00569,0.1,1.65,BX,V2
CH00569,1.65,2.15,QV,V2
CH00569,2.15,3.7,BX,V2
CH00569,3.7,4.09,AND,
CH00570,0.0,0.25,AND,
CH00570,0.25,1.85,BX,V2
CH00570,1.85,2.25,QV,V2
CH00570,2.25,3.8,BX,V2
CH00570,3.8,4.17,AND,
CH00571,0.0,1.15,BX,V2
CH00571,1.15,1.55,QV,V2
CH00571,1.55,3.1,BX,V2
CH00571,3.1,3.17,AND,
CH00572,0.0,0.4,AND,
CH00572,0.4,1.95,BX,V2
CH00572,1.95,2.3,QV,V2
CH00572,2.3,3.85,BX,V2
CH00572,3.85,4.04,AND,
CH00573,0.0,0.05,AND,
CH00573,0.05,1.6,BX,V2
CH00573,1.6,1.9,QV,V2
CH00573,1.9,3.1,BX,V2
CH00574,0.0,0.15,AND,
CH00574,0.15,1.7,BX,V2
CH00574,1.7,1.9,QV,V2
CH00574,1.9,3.15,BX,V2
CH00575,0.0,1.45,BX,V1
CH00575,1.45,2.95,QV,V1
CH00575,2.95,4.5,BX,V1
CH00575,4.5,4.83,AND,
CH00576,0.0,0.2,AND,
CH00576,0.2,1.8,BX,V1
CH00576,1.8,3.25,QV,V1
CH00576,3.25,4.8,BX,V1
CH00576,4.8,5.34,AND,
CH00577,0.0,1.45,BX,V1
CH00577,1.45,2.95,QV,V1
CH00577,2.95,4.5,BX,V1
CH00577,4.5,5.36,AND,
CH00578,0.0,0.2,AND,
CH00578,0.2,1.8,BX,V1
CH00578,1.8,3.3,QV,V1
CH00578,3.3,4.74,BX,V1
CH00579,0.0,0.35,AND,
CH00579,0.35,1.95,BX,V1
CH00579,1.95,3.5,QV,V1
CH00579,3.5,5.1,BX,V1
CH00579,5.1,5.52,AND,
CH00580,0.0,1.6,BX,V1
CH00580,1.6,3.2,QV,V1
CH00580,3.2,4.75,BX,V1
CH00580,4.75,5.09,AND,
CH00581,0.0,0.05,AND,
CH00581,0.05,1.6,BX,V1
CH00581,1.6,3.3,QV,V1
CH00581,3.3,4.39,BX,V1
CH00582,0.0,1.4,BX,V1
CH00582,1.4,3.15,QV,V1
CH00582,3.15,4.54,BX,V1
CH00583,0.0,1.3,BX,V1
CH00583,1.3,3.1,QV,V1
CH00583,3.1,4.44,BX,V1
CH00584,0.0,0.05,AND,
CH00584,0.05,1.65,BX,V1
CH00584,1.65,3.55,QV,V1
CH00584,3.55,5.1,BX,V1
CH00584,5.1,5.42,AND,
CH00585,0.0,1.4,BX,V1
CH00585,1.4,3.35,QV,V1
CH00585,3.35,4.52,BX,V1
CH00586,0.0,0.4,AND,
CH00586,0.4,1.95,BX,V1
CH00586,1.95,4.0,QV,V1
CH00586,4.0,5.55,BX,V1
CH00586,5.55,5.59,AND,
CH00587,0.0,1.1,BX,V1
CH00587,1.1,3.15,QV,V1
CH00587,3.15,4.7,BX,V1
CH00587,4.7,5.15,AND,
CH00588,0.0,1.25,BX,V1
CH00588,1.25,3.35,QV,V1
CH00588,3.35,4.9,BX,V1
CH00588,4.9,5.74,AND,
CH00589,0.0,0.05,AND,
CH00589,0.05,1.6,BX,V1
CH00589,1.6,3.7,QV,V1
CH00589,3.7,4.63,BX,V1
CH00590,0.0,0.35,AND,
CH00590,0.35,1.9,BX,V1
CH00590,1.9,4.0,QV,V1
CH00590,4.0,4.73,BX,V1
CH00591,0.0,0.1,AND,
CH00591,0.1,1.65,BX,V1
CH00591,1.65,3.7,QV,V1
CH00591,3.7,4.97,BX,V1
CH00592,0.0,1.25,BX,V1
CH00592,1.25,3.25,QV,V1
CH00592,3.25,4.75,BX,V1
CH00592,4.75,5.04,AND,
CH00593,0.0,0.4,AND,
CH00593,0.4,1.95,BX,V1
CH00593,1.95,3.85,QV,V1
CH00593,3.85,4.57,BX,V1
CH00594,0.0,0.2,AND,
CH00594,0.2,1.7,BX,V1
CH00594,1.7,3.55,QV,V1
CH00594,3.55,5.1,BX,V1
CH00594,5.1,5.35,AND,
CH00595,0.0,0.1,AND,
CH00595,0.1,1.6,BX,V1
CH00595,1.6,3.4,QV,V1
CH00595,3.4,4.9,BX,V1
CH00595,4.9,5.39,AND,
CH00596,0.0,1.4,BX,V1
CH00596,1.4,3.1,QV,V1
CH00596,3.1,4.3,BX,V1
CH00597,0.0,1.55,BX,V1
CH00597,1.55,3.15,QV,V1
CH00597,3.15,4.7,BX,V1
CH00597,4.7,5.48,AND,
CH00598,0.0,1.1,BX,V1
CH00598,1.1,2.7,QV,V1
CH00598,2.7,4.2,BX,V1
CH00598,4.2,4.67,AND,
CH00599,0.0,0.15,AND,
CH00599,0.15,1.7,BX,V1
CH00599,1.7,3.25,QV,V1
CH00599,3.25,4.54,BX,V1
CH00600,0.0,1.15,BX,V1
CH00600,1.15,2.7,QV,V1
CH00600,2.7,4.2,BX,V1
CH00600,4.2,5.4,AND,
CH00601,0.0,0.25,AND,
CH00601,0.25,1.75,BX,V1
CH00601,1.75,3.3,QV,V1
CH00601,3.3,4.85,BX,V1
CH00601,4.85,5.33,AND,
CH00602,0.0,1.45,BX,V1
CH00602,1.45,3.0,QV,V1
CH00602,3.0,4.55,BX,V1
CH00602,4.55,5.34,AND,
CH00603,0.0,0.1,AND,
CH00603,0.1,1.7,BX,V1
CH00603,1.7,3.3,QV,V1
CH00603,3.3,4.85,BX,V1
CH00603,4.85,5.32,AND,
CH00604,0.0,0.2,AND,
CH00604,0.2,1.75,BX,V1
CH00604,1.75,3.4,QV,V1
CH00604,3.4,4.95,BX,V1
CH00604,4.95,5.08,AND,
CH00605,0.0,0.3,AND,
CH00605,0.3,1.85,BX,V1
CH00605,1.85,3.6,QV,V1
CH00605,3.6,5.1,BX,V1
CH00605,5.1,5.3,AND,
CH00606,0.0,1.4,BX,V1
CH00606,1.4,3.2,QV,V1
CH00606,3.2,4.46,BX,V1
CH00607,0.0,0.15,AND,
CH00607,0.15,1.75,BX,V1
CH00607,1.75,3.6,QV,V1
CH00607,3.6,4.46,BX,V1
CH00608,0.0,1.1,BX,V1
CH00608,1.1,3.0,QV,V1
CH00608,3.0,4.5,BX,V1
CH00608,4.5,5.18,AND,
CH00609,0.0,0.95,BX,V1
CH00609,0.95,2.9,QV,V1
CH00609,2.9,4.4,BX,V1
CH00609,4.4,4.85,AND,
CH00610,0.0,1.55,BX,V1
CH00610,1.55,3.45,QV,V1
CH00610,3.45,4.68,BX,V1
CH00611,0.0,1.1,BX,V1
CH00611,1.1,2.95,QV,V1
CH00611,2.95,4.5,BX,V1
CH00611,4.5,5.13,AND,
CH00612,0.0,1.3,BX,V1
CH00612,1.3,3.1,QV,V1
CH00612,3.1,4.65,BX,V1
CH00612,4.65,5.54,AND,
CH00613,0.0,0.2,AND,
CH00613,0.2,1.75,BX,V1
CH00613,1.75,3.5,QV,V1
CH00613,3.5,4.49,BX,V1
CH00614,0.0,1.35,BX,V1
CH00614,1.35,2.95,QV,V1
CH00614,2.95,4.5,BX,V1
CH00614,4.5,5.23,AND,
CH00615,0.0,1.1,BX,V1
CH00615,1.1,2.55,QV,V1
CH00615,2.55,4.1,BX,V1
CH00615,4.1,4.78,AND,
CH00616,0.0,1.55,BX,V1
CH00616,1.55,2.9,QV,V1
CH00616,2.9,3.89,BX,V1
CH00617,0.0,1.15,BX,V1
CH00617,1.15,2.35,QV,V1
CH00617,2.35,3.83,BX,V1
CH00618,0.0,1.15,BX,V1
CH00618,1.15,2.2,QV,V1
CH00618,2.2,3.8,BX,V1
CH00618,3.8,4.76,AND,
CH00619,0.0,1.15,BX,V1
CH00619,1.15,2.1,QV,V1
CH00619,2.1,3.7,BX,V1
CH00619,3.7,3.77,AND,
CH00620,0.0,1.2,BX,V1
CH00620,1.2,2.05,QV,V1
CH00620,2.05,3.6,BX,V1
CH00620,3.6,4.11,AND,
CH00621,0.0,1.0,BX,V1
CH00621,1.0,1.8,QV,V1
CH00621,1.8,3.35,BX,V1
CH00621,3.35,4.68,AND,
CH00622,0.0,1.4,BX,V1
CH00622,1.4,2.1,QV,V1
CH00622,2.1,3.17,BX,V1
CH00623,0.0,0.8,BX,V1
CH00623,0.8,1.45,QV,V1
CH00623,1.45,3.0,BX,V1
CH00623,3.0,4.35,AND,
CH00624,0.0,0.7,BX,V1
CH00624,0.7,1.3,QV,V1
CH00624,1.3,2.85,BX,V1
CH00624,2.85,3.27,AND,
CH00625,0.0,0.75,BX,V1
CH00625,0.75,1.35,QV,V1
CH00625,1.35,2.95,BX,V1
CH00625,2.95,3.51,AND,
CH00626,0.0,0.6,BX,V1
CH00626,0.6,1.2,QV,V1
CH00626,1.2,2.75,BX,V1
CH00626,2.75,4.07,AND,
CH00627,0.0,0.65,BX,V1
CH00627,0.65,1.2,QV,V1
CH00627,1.2,2.75,BX,V1
CH00627,2.75,3.52,AND,
CH00628,0.0,1.1,BX,V1
CH00628,1.1,1.65,QV,V1
CH00628,1.65,3.2,BX,V1
CH00629,0.0,0.7,BX,V1
CH00629,0.7,1.25,QV,V1
CH00629,1.25,2.85,BX,V1
CH00629,2.85,3.26,AND,
CH00630,0.0,1.0,BX,V1
CH00630,1.0,1.6,QV,V1
CH00630,1.6,3.2,BX,V1
CH00630,3.2,3.46,AND,
CH00631,0.0,0.65,BX,V1
CH00631,0.65,1.25,QV,V1
CH00631,1.25,2.85,BX,V1
CH00631,2.85,3.44,AND,
CH00632,0.0,0.45,BX,V1
CH00632,0.45,1.1,QV,V1
CH00632,1.1,2.7,BX,V1
CH00632,2.7,3.94,AND,
CH00633,0.0,0.9,BX,V1
CH00633,0.9,1.65,QV,V1
CH00633,1.65,3.25,BX,V1
CH00633,3.25,4.54,AND,
CH00634,0.0,1.25,BX,V1
CH00634,1.25,2.05,QV,V1
CH00634,2.05,3.36,BX,V1
CH00635,0.0,0.5,BX,V1
CH00635,0.5,1.4,QV,V1
CH00635,1.4,3.0,BX,V1
CH00635,3.0,4.35,AND,
CH00636,0.0,0.9,BX,V1
CH00636,0.9,1.9,QV,V1
CH00636,1.9,3.5,BX,V1
CH00636,3.5,4.4,AND,
CH00637,0.0,1.3,BX,V1
CH00637,1.3,2.45,QV,V1
CH00637,2.45,4.0,BX,V1
CH00637,4.0,4.6,AND,
CH00638,0.0,0.6,BX,V1
CH00638,0.6,1.85,QV,V1
CH00638,1.85,3.45,BX,V1
CH00638,3.45,4.23,AND,
CH00639,0.0,0.85,BX,V1
CH00639,0.85,2.3,QV,V1
CH00639,2.3,3.91,BX,V1
CH00640,0.0,0.55,BX,V1
CH00640,0.55,2.2,QV,V1
CH00640,2.2,3.75,BX,V1
CH00640,3.75,4.59,AND,
CH00641,0.0,1.0,BX,V1
CH00641,1.0,2.85,QV,V1
CH00641,2.85,4.45,BX,V1
CH00641,4.45,4.92,AND,
CH00642,0.0,0.35,BX,V1
CH00642,0.35,2.4,QV,V1
CH00642,2.4,4.0,BX,V1
CH00642,4.0,4.95,AND,
CH00643,0.0,0.95,BX,V1
CH00643,0.95,3.2,QV,V1
CH00643,3.2,4.75,BX,V1
CH00643,4.75,4.87,AND,
CH00644,0.0,1.0,BX,V1
CH00644,1.0,3.4,QV,V1
CH00644,3.4,5.0,BX,V1
CH00644,5.0,5.29,AND,
CH00645,0.0,1.2,BX,V1
CH00645,1.2,3.75,QV,V1
CH00645,3.75,4.95,BX,V1
CH00646,0.0,1.05,BX,V1
CH00646,1.05,3.75,QV,V1
CH00646,3.75,5.35,BX,V1
CH00646,5.35,6.28,AND,
CH00647,0.0,0.55,BX,V1
CH00647,0.55,3.4,QV,V1
CH00647,3.4,5.0,BX,V1
CH00647,5.0,6.11,AND,
CH00648,0.0,1.3,BX,V1
CH00648,1.3,4.2,QV,V1
CH00648,4.2,5.62,BX,V1
CH00649,0.0,1.25,BX,V1
CH00649,1.25,4.25,QV,V1
CH00649,4.25,5.51,BX,V1
CH00650,0.0,1.15,BX,V1
CH00650,1.15,4.2,QV,V1
CH00650,4.2,5.75,BX,V1
CH00650,5.75,6.47,AND,
CH00651,0.0,1.3,BX,V1
CH00651,1.3,4.35,QV,V1
CH00651,4.35,5.9,BX,V1
CH00651,5.9,6.01,AND,
CH00652,0.0,0.5,BX,V1
CH00652,0.5,3.6,QV,V1
CH00652,3.6,5.15,BX,V1
CH00652,5.15,6.28,AND,
CH00653,0.0,1.25,BX,V1
CH00653,1.25,4.3,QV,V1
CH00653,4.3,5.39,BX,V1
CH00654,0.0,0.6,BX,V1
CH00654,0.6,3.65,QV,V1
CH00654,3.65,5.2,BX,V1
CH00654,5.2,5.65,AND,
CH00654,5.65,6.83,BX,V4
CH00655,0.0,1.4,BX,V1
CH00655,1.4,4.35,QV,V1
CH00655,4.35,5.95,BX,V1
CH00655,5.95,6.26,BX,V4
CH00656,0.0,0.9,BX,V1
CH00656,0.9,3.8,QV,V1
CH00656,3.8,4.5,BX,V1
CH00656,4.5,6.0,QV,V4
CH00657,0.0,0.95,BX,V1
CH00657,0.95,2.75,QV,V1
CH00657,2.75,4.95,QV,V4
CH00657,4.95,5.35,BX,V1
CH00657,5.35,6.26,BX,V4
CH00658,0.0,1.35,BX,V1
CH00658,1.35,3.45,QV,V4
CH00658,3.45,4.0,QV,V1
CH00658,4.0,5.55,BX,V1
CH00658,5.55,6.32,AND,
CH00659,0.0,1.05,QV,V4
CH00659,1.05,3.3,QV,V1
CH00659,3.3,4.85,BX,V1
CH00659,4.85,5.42,AND,
CH00660,0.0,1.0,BX,V1
CH00660,1.0,3.25,QV,V1
CH00660,3.25,4.72,BX,V1
CH00661,0.0,1.5,BX,V1
CH00661,1.5,3.55,QV,V1
CH00661,3.55,4.65,BX,V1
CH00662,0.0,0.75,BX,V1
CH00662,0.75,2.6,QV,V1
CH00662,2.6,4.15,BX,V1
CH00662,4.15,5.35,AND,
CH00663,0.0,1.15,BX,V1
CH00663,1.15,2.75,QV,V1
CH00663,2.75,4.35,BX,V1
CH00663,4.35,4.48,AND,
CH00664,0.0,1.25,BX,V1
CH00664,1.25,2.7,QV,V1
CH00664,2.7,4.25,BX,V1
CH00664,4.25,5.28,AND,
CH00665,0.0,0.95,BX,V1
CH00665,0.95,2.25,QV,V1
CH00665,2.25,3.75,BX,V1
CH00665,3.75,4.87,AND,
CH00666,0.0,0.2,AND,
CH00666,0.2,1.75,BX,V1
CH00666,1.75,2.9,QV,V1
CH00666,2.9,3.81,BX,V1
CH00667,0.0,1.0,BX,V1
CH00667,1.0,2.05,QV,V1
CH00667,2.05,3.6,BX,V1
CH00667,3.6,4.54,AND,
CH00668,0.0,1.15,BX,V1
CH00668,1.15,2.1,QV,V1
CH00668,2.1,3.65,BX,V1
CH00668,3.65,4.6,AND,
CH00669,0.0,0.1,AND,
CH00669,0.1,1.65,BX,V1
CH00669,1.65,2.6,QV,V1
CH00669,2.6,4.15,BX,V1
CH00669,4.15,4.86,AND,
CH00670,0.0,1.45,BX,V1
CH00670,1.45,2.35,QV,V1
CH00670,2.35,3.9,BX,V1
CH00670,3.9,4.4,AND,
CH00671,0.0,1.1,BX,V1
CH00671,1.1,2.05,QV,V1
CH00671,2.05,3.55,BX,V1
CH00671,3.55,4.07,AND,
CH00672,0.0,1.15,BX,V1
CH00672,1.15,2.15,QV,V1
CH00672,2.15,3.65,BX,V1
CH00672,3.65,4.84,AND,
CH00673,0.0,1.15,BX,V1
CH00673,1.15,2.15,QV,V1
CH00673,2.15,3.54,BX,V1
CH00674,0.0,1.25,BX,V1
CH00674,1.25,2.35,QV,V1
CH00674,2.35,3.86,BX,V1
CH00675,0.0,0.9,BX,V1
CH00675,0.9,2.1,QV,V1
CH00675,2.1,3.6,BX,V1
CH00675,3.6,4.87,AND,
CH00676,0.0,1.15,BX,V1
CH00676,1.15,2.45,QV,V1
CH00676,2.45,4.0,BX,V1
CH00676,4.0,4.14,AND,
CH00677,0.0,1.0,BX,V1
CH00677,1.0,2.45,QV,V1
CH00677,2.45,3.93,BX,V1
CH00678,0.0,1.0,BX,V1
CH00678,1.0,2.55,QV,V1
CH00678,2.55,4.05,BX,V1
CH00678,4.05,4.68,AND,
CH00679,0.0,0.9,BX,V1
CH00679,0.9,2.55,QV,V1
CH00679,2.55,4.1,BX,V1
CH00679,4.1,5.52,AND,
CH00680,0.0,0.8,BX,V1
CH00680,0.8,2.55,QV,V1
CH00680,2.55,4.1,BX,V1
CH00680,4.1,4.94,AND,
CH00681,0.0,0.85,BX,V1
CH00681,0.85,2.65,QV,V1
CH00681,2.65,4.15,BX,V1
CH00681,4.15,5.53,AND,
CH00682,0.0,0.75,BX,V1
CH00682,0.75,2.55,QV,V1
CH00682,2.55,4.1,BX,V1
CH00682,4.1,5.55,AND,
CH00683,0.0,0.9,BX,V1
CH00683,0.9,2.7,QV,V1
CH00683,2.7,4.2,BX,V1
CH00683,4.2,5.27,AND,
CH00684,0.0,0.7,BX,V1
CH00684,0.7,2.45,QV,V1
CH00684,2.45,4.0,BX,V1
CH00684,4.0,4.52,AND,
CH00685,0.0,0.7,BX,V1
CH00685,0.7,2.4,QV,V1
CH00685,2.4,3.95,BX,V1
CH00685,3.95,4.69,AND,
CH00686,0.0,1.0,BX,V1
CH00686,1.0,2.6,QV,V1
CH00686,2.6,4.1,BX,V1
CH00686,4.1,5.51,AND,
CH00687,0.0,1.15,BX,V1
CH00687,1.15,2.65,QV,V1
CH00687,2.65,4.15,BX,V1
CH00687,4.15,4.33,AND,
CH00688,0.0,1.0,BX,V1
CH00688,1.0,2.35,QV,V1
CH00688,2.35,3.9,BX,V1
CH00688,3.9,4.59,AND,
CH00689,0.0,1.3,BX,V1
CH00689,1.3,2.55,QV,V1
CH00689,2.55,4.1,BX,V1
CH00689,4.1,4.67,AND,
CH00690,0.0,1.1,BX,V1
CH00690,1.1,2.25,QV,V1
CH00690,2.25,3.8,BX,V1
CH00690,3.8,4.66,AND,
CH00691,0.0,1.0,BX,V1
CH00691,1.0,2.05,QV,V1
CH00691,2.05,3.6,BX,V1
CH00691,3.6,5.0,AND,
CH00692,0.0,0.85,BX,V1
CH00692,0.85,1.8,QV,V1
CH00692,1.8,3.3,BX,V1
CH00692,3.3,4.37,AND,
CH00693,0.0,0.95,BX,V1
CH00693,0.95,1.8,QV,V1
CH00693,1.8,3.35,BX,V1
CH00693,3.35,3.45,AND,
CH00694,0.0,1.0,BX,V1
CH00694,1.0,1.8,QV,V1
CH00694,1.8,3.32,BX,V1
CH00695,0.0,0.05,AND,
CH00695,0.05,1.6,BX,V1
CH00695,1.6,2.3,QV,V1
CH00695,2.3,3.85,BX,V1
CH00695,3.85,4.27,AND,
CH00696,0.0,0.8,BX,V1
CH00696,0.8,1.4,QV,V1
CH00696,1.4,2.95,BX,V1
CH00696,2.95,3.89,AND,
CH00697,0.0,1.2,BX,V1
CH00697,1.2,1.8,QV,V1
CH00697,1.8,3.35,BX,V1
CH00697,3.35,3.67,AND,
CH00698,0.0,1.0,BX,V1
CH00698,1.0,1.5,QV,V1
CH00698,1.5,3.05,BX,V1
CH00698,3.05,4.42,AND,
CH00699,0.0,0.8,BX,V1
CH00699,0.8,1.25,QV,V1
CH00699,1.25,2.8,BX,V1
CH00699,2.8,3.36,AND,
CH00700,0.0,1.3,BX,V1
CH00700,1.3,1.7,QV,V1
CH00700,1.7,3.25,BX,V1
CH00700,3.25,3.43,AND,
CH00701,0.0,1.1,BX,V1
CH00701,1.1,1.5,QV,V1
CH00701,1.5,3.05,BX,V1
CH00701,3.05,4.31,AND,
CH00702,0.0,1.1,BX,V1
CH00702,1.1,1.5,QV,V1
CH00702,1.5,3.05,BX,V1
CH00702,3.05,4.29,AND,
CH00703,0.0,1.2,BX,V1
CH00703,1.2,1.6,QV,V1
CH00703,1.6,3.1,BX,V1
CH00703,3.1,4.07,AND,
CH00704,0.0,1.3,BX,V1
CH00704,1.3,1.65,QV,V1
CH00704,1.65,3.2,BX,V1
CH00704,3.2,3.84,AND,
CH00705,0.0,1.3,BX,V1
CH00705,1.3,1.7,QV,V1
CH00705,1.7,3.25,BX,V1
CH00705,3.25,3.42,AND,
CH00706,0.0,0.6,BX,V1
CH00706,0.6,1.0,QV,V1
CH00706,1.0,2.55,BX,V1
CH00706,2.55,4.41,AND,
CH00707,0.0,1.3,BX,V1
CH00707,1.3,1.75,QV,V1
CH00707,1.75,3.23,BX,V1
CH00708,0.0,1.25,BX,V1
CH00708,1.25,1.75,QV,V1
CH00708,1.75,3.13,BX,V1
CH00709,0.0,0.6,BX,V1
CH00709,0.6,1.15,QV,V1
CH00709,1.15,2.75,BX,V1
CH00709,2.75,3.54,AND,
CH00710,0.0,1.4,BX,V1
CH00710,1.4,2.1,QV,V1
CH00710,2.1,3.33,BX,V1
CH00711,0.0,0.55,BX,V1
CH00711,0.55,1.3,QV,V1
CH00711,1.3,2.9,BX,V1
CH00711,2.9,3.39,AND,
CH00712,0.0,1.15,BX,V1
CH00712,1.15,2.05,QV,V1
CH00712,2.05,3.65,BX,V1
CH00712,3.65,4.91,AND,
CH00713,0.0,0.85,BX,V1
CH00713,0.85,1.95,QV,V1
CH00713,1.95,3.55,BX,V1
CH00713,3.55,4.32,AND,
CH00714,0.0,0.45,BX,V1
CH00714,0.45,1.85,QV,V1
CH00714,1.85,3.4,BX,V1
CH00714,3.4,4.72,AND,
CH00715,0.0,0.55,BX,V1
CH00715,0.55,2.25,QV,V1
CH00715,2.25,3.8,BX,V1
CH00715,3.8,4.92,AND,
CH00716,0.0,0.35,BX,V1
CH00716,0.35,2.4,QV,V1
CH00716,2.4,3.95,BX,V1
CH00716,3.95,5.87,AND,
CH00717,0.0,0.85,BX,V1
CH00717,0.85,3.3,QV,V1
CH00717,3.3,4.9,BX,V1
CH00717,4.9,6.02,AND,
CH00718,0.0,0.35,BX,V1
CH00718,0.35,3.3,QV,V1
CH00718,3.3,4.85,BX,V1
CH00718,4.85,6.01,AND,
CH00719,0.0,1.1,BX,V1
CH00719,1.1,4.55,QV,V1
CH00719,4.55,6.1,BX,V1
CH00719,6.1,6.48,AND,
CH00720,0.0,0.95,BX,V1
CH00720,0.95,4.8,QV,V1
CH00720,4.8,6.35,BX,V1
CH00720,6.35,7.19,AND,
CH00721,0.0,0.4,BX,V1
CH00721,0.4,4.65,QV,V1
CH00721,4.65,6.2,BX,V1
CH00721,6.2,7.54,AND,
CH00722,0.0,1.0,BX,V1
CH00722,1.0,5.55,QV,V1
CH00722,5.55,7.1,BX,V1
CH00722,7.1,8.18,AND,
CH00723,0.0,0.6,BX,V1
CH00723,0.6,5.4,QV,V1
CH00723,5.4,6.95,BX,V1
CH00723,6.95,7.93,AND,
CH00724,0.0,0.45,BX,V1
CH00724,0.45,5.3,QV,V1
CH00724,5.3,6.85,BX,V1
CH00724,6.85,7.26,AND,
CH00725,0.0,0.45,BX,V1
CH00725,0.45,5.25,QV,V1
CH00725,5.25,6.8,BX,V1
CH00725,6.8,8.22,AND,
CH00726,0.0,0.3,BX,V1
CH00726,0.3,4.9,QV,V1
CH00726,4.9,6.45,BX,V1
CH00726,6.45,6.89,AND,
CH00727,0.0,1.1,BX,V1
CH00727,1.1,5.35,QV,V1
CH00727,5.35,6.9,BX,V1
CH00727,6.9,8.05,AND,
CH00728,0.0,1.05,BX,V1
CH00728,1.05,5.0,QV,V1
CH00728,5.0,6.55,BX,V1
CH00728,6.55,7.35,AND,
CH00729,0.0,0.65,BX,V1
CH00729,0.65,4.25,QV,V1
CH00729,4.25,5.8,BX,V1
CH00729,5.8,6.96,AND,
CH00730,0.0,0.9,BX,V1
CH00730,0.9,4.2,QV,V1
CH00730,4.2,5.75,BX,V1
CH00730,5.75,6.79,AND,
CH00731,0.0,1.15,BX,V1
CH00731,1.15,4.05,QV,V1
CH00731,4.05,5.6,BX,V1
CH00731,5.6,6.02,AND,
CH00732,0.0,1.05,BX,V1
CH00732,1.05,3.65,QV,V1
CH00732,3.65,5.2,BX,V1
CH00732,5.2,6.13,AND,
CH00733,0.0,0.55,BX,V1
CH00733,0.55,2.95,QV,V1
CH00733,2.95,4.5,BX,V1
CH00733,4.5,5.32,AND,
CH00734,0.0,1.15,BX,V1
CH00734,1.15,3.35,QV,V1
CH00734,3.35,4.9,BX,V1
CH00734,4.9,5.79,AND,
CH00735,0.0,0.75,BX,V1
CH00735,0.75,2.8,QV,V1
CH00735,2.8,4.35,BX,V1
CH00735,4.35,4.82,AND,
CH00736,0.0,3.97,AND,
CH00737,0.0,0.4,AND,
CH00737,0.4,1.9,BX,V2
CH00737,1.9,2.45,QV,V2
CH00737,2.45,3.95,BX,V2
CH00737,3.95,4.61,AND,
CH00738,0.0,0.25,AND,
CH00738,0.25,1.75,BX,V2
CH00738,1.75,2.4,QV,V2
CH00738,2.4,3.79,BX,V2
CH00739,0.0,1.45,BX,V2
CH00739,1.45,2.1,QV,V2
CH00739,2.1,3.27,BX,V2
CH00740,0.0,0.05,AND,
CH00740,0.05,1.55,BX,V2
CH00740,1.55,2.25,QV,V2
CH00740,2.25,3.28,BX,V2
CH00741,0.0,0.25,AND,
CH00741,0.25,1.75,BX,V2
CH00741,1.75,2.4,QV,V2
CH00741,2.4,3.95,BX,V2
CH00741,3.95,4.15,AND,
CH00742,0.0,0.2,AND,
CH00742,0.2,1.75,BX,V2
CH00742,1.75,2.35,QV,V2
CH00742,2.35,3.14,BX,V2
CH00743,0.0,0.4,AND,
CH00743,0.4,1.9,BX,V2
CH00743,1.9,2.5,QV,V2
CH00743,2.5,3.57,BX,V2
CH00744,0.0,0.5,AND,
CH00744,0.5,2.05,BX,V2
CH00744,2.05,2.6,QV,V2
CH00744,2.6,3.71,BX,V2
CH00745,0.0,1.3,BX,V2
CH00745,1.3,1.8,QV,V2
CH00745,1.8,3.35,BX,V2
CH00745,3.35,3.59,AND,
CH00746,0.0,0.3,AND,
CH00746,0.3,1.8,BX,V2
CH00746,1.8,2.3,QV,V2
CH00746,2.3,3.8,BX,V2
CH00746,3.8,4.0,AND,
CH00747,0.0,0.25,AND,
CH00747,0.25,1.8,BX,V2
CH00747,1.8,2.25,QV,V2
CH00747,2.25,3.57,BX,V2
CH00748,0.0,1.2,BX,V2
CH00748,1.2,1.65,QV,V2
CH00748,1.65,2.93,BX,V2
CH00749,0.0,0.5,AND,
CH00749,0.5,2.05,BX,V2
CH00749,2.05,2.45,QV,V2
CH00749,2.45,4.0,BX,V2
CH00749,4.0,4.03,AND,
CH00750,0.0,0.6,AND,
CH00750,0.6,2.15,BX,V2
CH00750,2.15,2.55,QV,V2
CH00750,2.55,3.73,BX,V2
CH00751,0.0,1.5,BX,V2
CH00751,1.5,1.85,QV,V2
CH00751,1.85,3.4,BX,V2
CH00751,3.4,3.95,AND,
CH00752,0.0,0.55,AND,
CH00752,0.55,2.1,BX,V2
CH00752,2.1,2.45,QV,V2
CH00752,2.45,4.0,BX,V2
CH00752,4.0,4.31,AND,
CH00753,0.0,0.35,AND,
CH00753,0.35,1.9,BX,V2
CH00753,1.9,2.3,QV,V2
CH00753,2.3,3.62,BX,V2
CH00754,0.0,0.55,AND,
CH00754,0.55,2.1,BX,V2
CH00754,2.1,2.5,QV,V2
CH00754,2.5,3.03,BX,V2
CH00755,0.0,0.25,AND,
CH00755,0.25,1.8,BX,V2
CH00755,1.8,2.2,QV,V2
CH00755,2.2,2.94,BX,V2
CH00756,0.0,0.2,AND,
CH00756,0.2,1.75,BX,V2
CH00756,1.75,2.15,QV,V2
CH00756,2.15,3.7,BX,V2
CH00756,3.7,4.1,AND,
CH00757,0.0,1.1,BX,V2
CH00757,1.1,1.5,QV,V2
CH00757,1.5,3.05,BX,V2
CH00757,3.05,3.79,AND,
CH00758,0.0,0.4,AND,
CH00758,0.4,1.95,BX,V2
CH00758,1.95,2.35,QV,V2
CH00758,2.35,3.9,BX,V2
CH00758,3.9,4.0,AND,
CH00759,0.0,0.5,AND,
CH00759,0.5,2.05,BX,V2
CH00759,2.05,2.5,QV,V2
CH00759,2.5,3.98,BX,V2
CH00760,0.0,0.25,AND,
CH00760,0.25,1.8,BX,V2
CH00760,1.8,2.25,QV,V2
CH00760,2.25,3.8,BX,V2
CH00760,3.8,4.24,AND,
CH00761,0.0,1.25,BX,V2
CH00761,1.25,1.7,QV,V2
CH00761,1.7,3.25,BX,V2
CH00761,3.25,3.76,AND,
CH00762,0.0,1.5,BX,V2
CH00762,1.5,1.95,QV,V2
CH00762,1.95,3.5,BX,V2
CH00762,3.5,4.31,AND,
CH00763,0.0,1.3,BX,V2
CH00763,1.3,1.75,QV,V2
CH00763,1.75,3.3,BX,V2
CH00763,3.3,3.94,AND,
CH00764,0.0,1.5,BX,V2
CH00764,1.5,1.95,QV,V2
CH00764,1.95,3.51,BX,V2
CH00765,0.0,1.35,BX,V2
CH00765,1.35,1.85,QV,V2
CH00765,1.85,3.35,BX,V2
CH00765,3.35,3.79,AND,
CH00766,0.0,0.05,AND,
CH00766,0.05,1.6,BX,V2
CH00766,1.6,2.1,QV,V2
CH00766,2.1,3.65,BX,V2
CH00766,3.65,4.18,AND,
CH00767,0.0,1.15,BX,V2
CH00767,1.15,1.75,QV,V2
CH00767,1.75,3.25,BX,V2
CH00767,3.25,4.55,AND,
CH00768,0.0,0.2,AND,
CH00768,0.2,1.75,BX,V2
CH00768,1.75,2.35,QV,V2
CH00768,2.35,3.9,BX,V2
CH00768,3.9,4.2,AND,
CH00769,0.0,0.35,AND,
CH00769,0.35,1.9,BX,V2
CH00769,1.9,2.6,QV,V2
CH00769,2.6,3.71,BX,V2
CH00770,0.0,0.1,AND,
CH00770,0.1,1.6,BX,V2
CH00770,1.6,2.45,QV,V2
CH00770,2.45,3.9,BX,V2
CH00771,0.0,0.05,AND,
CH00771,0.05,1.6,BX,V2
CH00771,1.6,2.6,QV,V2
CH00771,2.6,4.1,BX,V2
CH00771,4.1,4.72,AND,
CH00772,0.0,0.3,AND,
CH00772,0.3,1.85,BX,V2
CH00772,1.85,2.95,QV,V2
CH00772,2.95,4.29,BX,V2
CH00773,0.0,0.45,AND,
CH00773,0.45,2.0,BX,V2
CH00773,2.0,3.3,QV,V2
CH00773,3.3,4.74,BX,V2
CH00774,0.0,0.5,AND,
CH00774,0.5,2.05,BX,V2
CH00774,2.05,3.5,QV,V2
CH00774,3.5,5.05,BX,V2
CH00774,5.05,5.3,AND,
CH00775,0.0,0.1,AND,
CH00775,0.1,1.6,BX,V2
CH00775,1.6,3.25,QV,V2
CH00775,3.25,4.8,BX,V2
CH00775,4.8,5.42,AND,
CH00776,0.0,1.4,BX,V2
CH00776,1.4,3.15,QV,V2
CH00776,3.15,4.7,BX,V2
CH00776,4.7,4.92,BX,V4
CH00777,0.0,0.45,AND,
CH00777,0.45,2.0,BX,V2
CH00777,2.0,3.85,QV,V2
CH00777,3.85,4.77,BX,V2
CH00778,0.0,0.05,AND,
CH00778,0.05,1.6,BX,V2
CH00778,1.6,2.35,QV,V2
CH00778,2.35,4.05,QV,V4
CH00778,4.05,5.0,BX,V2
CH00778,5.0,5.86,BX,V4
CH00779,0.0,1.1,QV,V4
CH00779,1.1,1.4,BX,V2
CH00779,1.4,3.3,QV,V2
CH00779,3.3,4.8,BX,V2
CH00779,4.8,4.96,AND,
CH00780,0.0,0.25,BX,V4
CH00780,0.25,1.8,BX,V2
CH00780,1.8,3.65,QV,V2
CH00780,3.65,5.15,BX,V2
CH00780,5.15,5.78,AND,
CH00781,0.0,0.25,AND,
CH00781,0.25,1.75,BX,V2
CH00781,1.75,3.55,QV,V2
CH00781,3.55,4.86,BX,V2
CH00782,0.0,1.4,BX,V2
CH00782,1.4,3.15,QV,V2
CH00782,3.15,4.27,BX,V2
CH00783,0.0,1.15,BX,V2
CH00783,1.15,2.8,QV,V2
CH00783,2.8,4.3,BX,V2
CH00783,4.3,5.17,AND,
CH00784,0.0,0.15,AND,
CH00784,0.15,1.65,BX,V2
CH00784,1.65,3.2,QV,V2
CH00784,3.2,4.71,BX,V2
CH00785,0.0,0.45,AND,
CH00785,0.45,1.95,BX,V2
CH00785,1.95,3.4,QV,V2
CH00785,3.4,4.36,BX,V2
CH00786,0.0,1.2,BX,V2
CH00786,1.2,2.55,QV,V2
CH00786,2.55,4.0,BX,V2
CH00787,0.0,1.25,BX,V2
CH00787,1.25,2.55,QV,V2
CH00787,2.55,4.1,BX,V2
CH00787,4.1,4.41,AND,
CH00788,0.0,1.35,BX,V2
CH00788,1.35,2.55,QV,V2
CH00788,2.55,4.05,BX,V2
CH00788,4.05,4.26,AND,
CH00789,0.0,1.2,BX,V2
CH00789,1.2,2.35,QV,V2
CH00789,2.35,3.85,BX,V2
CH00789,3.85,4.48,AND,
CH00790,0.0,0.35,AND,
CH00790,0.35,1.85,BX,V2
CH00790,1.85,2.9,QV,V2
CH00790,2.9,4.4,BX,V2
CH00790,4.4,4.46,AND,
CH00791,0.0,0.25,AND,
CH00791,0.25,1.75,BX,V2
CH00791,1.75,2.75,QV,V2
CH00791,2.75,3.78,BX,V2
CH00792,0.0,0.35,AND,
CH00792,0.35,1.85,BX,V2
CH00792,1.85,2.8,QV,V2
CH00792,2.8,4.35,BX,V2
CH00792,4.35,4.62,AND,
CH00793,0.0,0.15,AND,
CH00793,0.15,1.65,BX,V2
CH00793,1.65,2.55,QV,V2
CH00793,2.55,4.05,BX,V2
CH00793,4.05,4.4,AND,
CH00794,0.0,1.15,BX,V2
CH00794,1.15,2.05,QV,V2
CH00794,2.05,3.56,BX,V2
CH00795,0.0,1.45,BX,V2
CH00795,1.45,2.4,QV,V2
CH00795,2.4,3.95,BX,V2
CH00795,3.95,4.93,AND,
CH00796,0.0,1.1,BX,V2
CH00796,1.1,2.1,QV,V2
CH00796,2.1,3.6,BX,V2
CH00796,3.6,4.45,AND,
CH00797,0.0,1.2,BX,V2
CH00797,1.2,2.25,QV,V2
CH00797,2.25,3.75,BX,V2
CH00797,3.75,4.58,AND,
CH00798,0.0,0.05,AND,
CH00798,0.05,1.55,BX,V2
CH00798,1.55,2.65,QV,V2
CH00798,2.65,4.15,BX,V2
CH00798,4.15,4.4,AND,
CH00799,0.0,0.15,AND,
CH00799,0.15,1.65,BX,V2
CH00799,1.65,2.85,QV,V2
CH00799,2.85,4.35,BX,V2
CH00799,4.35,4.5,AND,
CH00800,0.0,1.4,BX,V2
CH00800,1.4,2.7,QV,V2
CH00800,2.7,4.2,BX,V2
CH00800,4.2,4.45,AND,
CH00801,0.0,0.15,AND,
CH00801,0.15,1.65,BX,V2
CH00801,1.65,3.05,QV,V2
CH00801,3.05,4.55,BX,V2
CH00801,4.55,5.0,AND,
CH00802,0.0,0.35,AND,
CH00802,0.35,1.85,BX,V2
CH00802,1.85,3.35,QV,V2
CH00802,3.35,4.9,BX,V2
CH00802,4.9,4.94,AND,
CH00803,0.0,0.05,AND,
CH00803,0.05,1.55,BX,V2
CH00803,1.55,3.15,QV,V2
CH00803,3.15,4.7,BX,V2
CH00803,4.7,5.47,AND,
CH00804,0.0,0.1,AND,
CH00804,0.1,1.6,BX,V2
CH00804,1.6,3.25,QV,V2
CH00804,3.25,4.8,BX,V2
CH00804,4.8,5.55,AND,
CH00805,0.0,1.3,BX,V2
CH00805,1.3,3.05,QV,V2
CH00805,3.05,4.55,BX,V2
CH00805,4.55,5.04,AND,
CH00806,0.0,0.15,AND,
CH00806,0.15,1.65,BX,V2
CH00806,1.65,3.4,QV,V2
CH00806,3.4,4.28,BX,V2
CH00807,0.0,1.3,BX,V2
CH00807,1.3,3.05,QV,V2
CH00807,3.05,4.39,BX,V2
CH00808,0.0,1.25,BX,V2
CH00808,1.25,2.95,QV,V2
CH00808,2.95,4.45,BX,V2
CH00808,4.45,4.95,AND,
CH00809,0.0,1.35,BX,V2
CH00809,1.35,3.0,QV,V2
CH00809,3.0,4.5,BX,V2
CH00809,4.5,5.06,AND,
CH00810,0.0,1.2,BX,V2
CH00810,1.2,2.8,QV,V2
CH00810,2.8,4.3,BX,V2
CH00810,4.3,5.27,AND,
CH00811,0.0,0.45,AND,
CH00811,0.45,1.95,BX,V2
CH00811,1.95,3.5,QV,V2
CH00811,3.5,5.0,BX,V2
CH00811,5.0,5.4,AND,
CH00812,0.0,0.35,AND,
CH00812,0.35,1.9,BX,V2
CH00812,1.9,3.35,QV,V2
CH00812,3.35,4.9,BX,V2
CH00812,4.9,5.29,AND,
CH00813,0.0,0.3,AND,
CH00813,0.3,1.8,BX,V2
CH00813,1.8,3.25,QV,V2
CH00813,3.25,4.1,BX,V2
CH00814,0.0,1.3,BX,V2
CH00814,1.3,2.7,QV,V2
CH00814,2.7,4.2,BX,V2
CH00814,4.2,4.72,AND,
CH00815,0.0,0.15,AND,
CH00815,0.15,1.7,BX,V2
CH00815,1.7,3.1,QV,V2
CH00815,3.1,4.6,BX,V2
CH00815,4.6,4.66,AND,
CH00816,0.0,1.5,BX,V2
CH00816,1.5,2.85,QV,V2
CH00816,2.85,4.11,BX,V2
CH00817,0.0,0.25,AND,
CH00817,0.25,1.8,BX,V2
CH00817,1.8,3.15,QV,V2
CH00817,3.15,4.52,BX,V2
CH00818,0.0,1.3,BX,V2
CH00818,1.3,2.7,QV,V2
CH00818,2.7,4.2,BX,V2
CH00818,4.2,4.52,AND,
CH00819,0.0,0.5,AND,
CH00819,0.5,2.0,BX,V2
CH00819,2.0,3.4,QV,V2
CH00819,3.4,3.88,BX,V2
CH00820,0.0,0.15,AND,
CH00820,0.15,1.7,BX,V2
CH00820,1.7,3.05,QV,V2
CH00820,3.05,4.6,BX,V2
CH00820,4.6,5.15,AND,
CH00821,0.0,1.55,BX,V2
CH00821,1.55,2.95,QV,V2
CH00821,2.95,4.22,BX,V2
CH00822,0.0,1.15,BX,V2
CH00822,1.15,2.6,QV,V2
CH00822,2.6,4.1,BX,V2
CH00822,4.1,4.4,AND,
CH00823,0.0,0.5,AND,
CH00823,0.5,2.0,BX,V2
CH00823,2.0,3.45,QV,V2
CH00823,3.45,4.95,BX,V2
CH00823,4.95,5.0,AND,
CH00824,0.0,1.25,BX,V2
CH00824,1.25,2.65,QV,V2
CH00824,2.65,4.15,BX,V2
CH00824,4.15,4.24,AND,
CH00825,0.0,0.2,AND,
CH00825,0.2,1.75,BX,V2
CH00825,1.75,3.15,QV,V2
CH00825,3.15,4.61,BX,V2
CH00826,0.0,0.25,AND,
CH00826,0.25,1.75,BX,V2
CH00826,1.75,3.1,QV,V2
CH00826,3.1,4.4,BX,V2
CH00827,0.0,0.2,AND,
CH00827,0.2,1.7,BX,V2
CH00827,1.7,3.0,QV,V2
CH00827,3.0,4.55,BX,V2
CH00827,4.55,5.01,AND,
CH00828,0.0,0.15,AND,
CH00828,0.15,1.65,BX,V2
CH00828,1.65,2.95,QV,V2
CH00828,2.95,3.96,BX,V2
CH00829,0.0,0.2,AND,
CH00829,0.2,1.7,BX,V2
CH00829,1.7,2.95,QV,V2
CH00829,2.95,4.45,BX,V2
CH00829,4.45,4.89,AND,
CH00830,0.0,0.4,AND,
CH00830,0.4,1.9,BX,V2
CH00830,1.9,3.1,QV,V2
CH00830,3.1,4.6,BX,V2
CH00830,4.6,4.84,AND,
CH00831,0.0,1.35,BX,V2
CH00831,1.35,2.5,QV,V2
CH00831,2.5,4.05,BX,V2
CH00831,4.05,4.64,AND,
CH00832,0.0,0.15,AND,
CH00832,0.15,1.7,BX,V2
CH00832,1.7,2.85,QV,V2
CH00832,2.85,4.35,BX,V2
CH00832,4.35,5.03,AND,
CH00833,0.0,0.6,AND,
CH00833,0.6,2.15,BX,V2
CH00833,2.15,3.25,QV,V2
CH00833,3.25,4.6,BX,V2
CH00834,0.0,1.2,BX,V2
CH00834,1.2,2.35,QV,V2
CH00834,2.35,3.9,BX,V2
CH00834,3.9,4.41,AND,
CH00835,0.0,1.35,BX,V2
CH00835,1.35,2.55,QV,V2
CH00835,2.55,4.1,BX,V2
CH00835,4.1,4.95,AND,
CH00836,0.0,0.4,AND,
CH00836,0.4,1.95,BX,V2
CH00836,1.95,3.2,QV,V2
CH00836,3.2,4.75,BX,V2
CH00836,4.75,5.14,AND,
CH00837,0.0,1.3,BX,V2
CH00837,1.3,2.6,QV,V2
CH00837,2.6,4.15,BX,V2
CH00837,4.15,4.58,AND,
CH00838,0.0,0.2,AND,
CH00838,0.2,1.75,BX,V2
CH00838,1.75,3.15,QV,V2
CH00838,3.15,4.65,BX,V2
CH00838,4.65,4.82,AND,
CH00839,0.0,0.15,AND,
CH00839,0.15,1.7,BX,V2
CH00839,1.7,3.15,QV,V2
CH00839,3.15,4.7,BX,V2
CH00839,4.7,5.15,AND,
CH00840,0.0,0.05,AND,
CH00840,0.05,1.6,BX,V2
CH00840,1.6,3.15,QV,V2
CH00840,3.15,4.65,BX,V2
CH00840,4.65,5.34,AND,
CH00841,0.0,1.45,BX,V2
CH00841,1.45,3.0,QV,V2
CH00841,3.0,4.29,BX,V2
CH00842,0.0,0.15,AND,
CH00842,0.15,1.7,BX,V2
CH00842,1.7,3.3,QV,V2
CH00842,3.3,4.77,BX,V2
CH00843,0.0,0.45,AND,
CH00843,0.45,2.0,BX,V2
CH00843,2.0,3.65,QV,V2
CH00843,3.65,5.15,BX,V2
CH00843,5.15,5.43,AND,
CH00844,0.0,1.3,BX,V2
CH00844,1.3,2.9,QV,V2
CH00844,2.9,4.45,BX,V2
CH00844,4.45,4.64,AND,
CH00845,0.0,0.2,AND,
CH00845,0.2,1.75,BX,V2
CH00845,1.75,3.35,QV,V2
CH00845,3.35,4.9,BX,V2
CH00845,4.9,5.12,AND,
CH00846,0.0,0.6,AND,
CH00846,0.6,2.15,BX,V2
CH00846,2.15,3.65,QV,V2
CH00846,3.65,4.67,BX,V2
CH00847,0.0,1.25,BX,V2
CH00847,1.25,2.7,QV,V2
CH00847,2.7,4.25,BX,V2
CH00847,4.25,4.73,AND,
CH00848,0.0,0.1,AND,
CH00848,0.1,1.65,BX,V2
CH00848,1.65,3.05,QV,V2
CH00848,3.05,4.6,BX,V2
CH00848,4.6,4.71,AND,
CH00849,0.0,0.4,AND,
CH00849,0.4,1.95,BX,V2
CH00849,1.95,3.25,QV,V2
CH00849,3.25,4.58,BX,V2
CH00850,0.0,0.2,AND,
CH00850,0.2,1.75,BX,V2
CH00850,1.75,2.95,QV,V2
CH00850,2.95,4.5,BX,V2
CH00850,4.5,4.82,AND,
CH00851,0.0,1.55,BX,V2
CH00851,1.55,2.7,QV,V2
CH00851,2.7,4.25,BX,V2
CH00851,4.25,4.89,AND,
CH00852,0.0,0.1,AND,
CH00852,0.1,1.65,BX,V2
CH00852,1.65,2.75,QV,V2
CH00852,2.75,3.99,BX,V2
CH00853,0.0,0.35,AND,
CH00853,0.35,1.9,BX,V2
CH00853,1.9,2.95,QV,V2
CH00853,2.95,3.84,BX,V2
CH00854,0.0,1.4,BX,V2
CH00854,1.4,2.35,QV,V2
CH00854,2.35,3.9,BX,V2
CH00854,3.9,4.44,AND,
CH00855,0.0,0.4,AND,
CH00855,0.4,1.95,BX,V2
CH00855,1.95,2.9,QV,V2
CH00855,2.9,3.73,BX,V2
CH00856,0.0,1.55,BX,V2
CH00856,1.55,2.45,QV,V2
CH00856,2.45,4.0,BX,V2
CH00856,4.0,4.75,AND,
CH00857,0.0,1.25,BX,V2
CH00857,1.25,2.2,QV,V2
CH00857,2.2,3.75,BX,V2
CH00857,3.75,4.09,AND,
CH00858,0.0,1.6,BX,V2
CH00858,1.6,2.5,QV,V2
CH00858,2.5,3.85,BX,V2
CH00859,0.0,0.4,AND,
CH00859,0.4,1.95,BX,V2
CH00859,1.95,2.9,QV,V2
CH00859,2.9,3.67,BX,V2
CH00860,0.0,0.15,AND,
CH00860,0.15,1.7,BX,V2
CH00860,1.7,2.65,QV,V2
CH00860,2.65,4.2,BX,V2
CH00860,4.2,4.81,AND,
CH00861,0.0,0.25,AND,
CH00861,0.25,1.8,BX,V2
CH00861,1.8,2.85,QV,V2
CH00861,2.85,3.89,BX,V2
CH00862,0.0,0.05,AND,
CH00862,0.05,1.6,BX,V2
CH00862,1.6,2.65,QV,V2
CH00862,2.65,4.2,BX,V2
CH00862,4.2,5.02,AND,
CH00863,0.0,1.1,BX,V2
CH00863,1.1,2.2,QV,V2
CH00863,2.2,3.75,BX,V2
CH00863,3.75,4.66,AND,
CH00864,0.0,0.25,AND,
CH00864,0.25,1.8,BX,V2
CH00864,1.8,2.9,QV,V2
CH00864,2.9,4.32,BX,V2
CH00865,0.0,1.35,BX,V2
CH00865,1.35,2.5,QV,V2
CH00865,2.5,4.05,BX,V2
CH00865,4.05,4.55,AND,
CH00866,0.0,0.1,AND,
CH00866,0.1,1.65,BX,V2
CH00866,1.65,2.75,QV,V2
CH00866,2.75,4.3,BX,V2
CH00866,4.3,4.7,AND,
CH00867,0.0,0.05,AND,
CH00867,0.05,1.65,BX,V2
CH00867,1.65,2.75,QV,V2
CH00867,2.75,4.15,BX,V2
CH00868,0.0,1.3,BX,V2
CH00868,1.3,2.3,QV,V2
CH00868,2.3,3.54,BX,V2
CH00869,0.0,1.4,BX,V2
CH00869,1.4,2.35,QV,V2
CH00869,2.35,3.9,BX,V2
CH00869,3.9,4.69,AND,
CH00870,0.0,1.5,BX,V2
CH00870,1.5,2.4,QV,V2
CH00870,2.4,3.95,BX,V2
CH00870,3.95,4.27,AND,
CH00871,0.0,1.55,BX,V2
CH00871,1.55,2.4,QV,V2
CH00871,2.4,3.38,BX,V2
CH00872,0.0,1.15,BX,V2
CH00872,1.15,1.9,QV,V2
CH00872,1.9,3.5,BX,V2
CH00872,3.5,4.15,AND,
CH00873,0.0,1.15,BX,V2
CH00873,1.15,1.85,QV,V2
CH00873,1.85,3.28,BX,V2
CH00874,0.0,1.25,BX,V2
CH00874,1.25,1.95,QV,V2
CH00874,1.95,3.5,BX,V2
CH00874,3.5,4.58,AND,
CH00875,0.0,1.45,BX,V2
CH00875,1.45,2.1,QV,V2
CH00875,2.1,3.57,BX,V2
CH00876,0.0,1.4,BX,V2
CH00876,1.4,2.05,QV,V2
CH00876,2.05,3.44,BX,V2
CH00877,0.0,0.5,AND,
CH00877,0.5,2.05,BX,V2
CH00877,2.05,2.7,QV,V2
CH00877,2.7,3.8,BX,V2
CH00878,0.0,1.3,BX,V2
CH00878,1.3,1.9,QV,V2
CH00878,1.9,3.35,BX,V2
CH00879,0.0,1.55,BX,V2
CH00879,1.55,2.1,QV,V2
CH00879,2.1,3.31,BX,V2
CH00880,0.0,0.05,AND,
CH00880,0.05,1.6,BX,V2
CH00880,1.6,2.15,QV,V2
CH00880,2.15,3.7,BX,V2
CH00880,3.7,3.73,AND,
CH00881,0.0,0.05,AND,
CH00881,0.05,1.6,BX,V2
CH00881,1.6,2.1,QV,V2
CH00881,2.1,3.65,BX,V2
CH00881,3.65,3.75,AND,
CH00882,0.0,0.1,AND,
CH00882,0.1,1.65,BX,V2
CH00882,1.65,2.1,QV,V2
CH00882,2.1,3.65,BX,V2
CH00882,3.65,4.16,AND,
CH00883,0.0,0.25,AND,
CH00883,0.25,1.8,BX,V2
CH00883,1.8,2.15,QV,V2
CH00883,2.15,3.39,BX,V2
CH00884,0.0,3.69,AND,
CH00885,0.0,1.25,BX,V1
CH00885,1.25,3.45,QV,V1
CH00885,3.45,5.05,BX,V1
CH00885,5.05,5.29,AND,
CH00886,0.0,1.6,BX,V1
CH00886,1.6,3.8,QV,V1
CH00886,3.8,4.99,BX,V1
CH00887,0.0,1.35,BX,V1
CH00887,1.35,3.6,QV,V1
CH00887,3.6,5.12,BX,V1
CH00888,0.0,0.25,AND,
CH00888,0.25,1.8,BX,V1
CH00888,1.8,4.1,QV,V1
CH00888,4.1,5.54,BX,V1
CH00889,0.0,1.35,BX,V1
CH00889,1.35,3.65,QV,V1
CH00889,3.65,5.2,BX,V1
CH00889,5.2,5.88,AND,
CH00890,0.0,1.25,BX,V1
CH00890,1.25,3.6,QV,V1
CH00890,3.6,5.2,BX,V1
CH00890,5.2,6.17,AND,
CH00891,0.0,1.35,BX,V1
CH00891,1.35,3.75,QV,V1
CH00891,3.75,5.15,BX,V1
CH00892,0.0,0.35,AND,
CH00892,0.35,1.9,BX,V1
CH00892,1.9,4.35,QV,V1
CH00892,4.35,5.75,BX,V1
CH00893,0.0,1.3,BX,V1
CH00893,1.3,3.9,QV,V1
CH00893,3.9,5.45,BX,V1
CH00893,5.45,5.71,AND,
CH00894,0.0,1.05,BX,V1
CH00894,1.05,3.7,QV,V1
CH00894,3.7,5.25,BX,V1
CH00894,5.25,6.09,AND,
CH00895,0.0,1.55,BX,V1
CH00895,1.55,4.3,QV,V1
CH00895,4.3,5.77,BX,V1
CH00896,0.0,0.25,AND,
CH00896,0.25,1.85,BX,V1
CH00896,1.85,4.7,QV,V1
CH00896,4.7,5.69,BX,V1
CH00897,0.0,0.05,AND,
CH00897,0.05,1.6,BX,V1
CH00897,1.6,4.55,QV,V1
CH00897,4.55,6.1,BX,V1
CH00897,6.1,6.85,AND,
CH00898,0.0,1.3,BX,V1
CH00898,1.3,4.35,QV,V1
CH00898,4.35,5.9,BX,V1
CH00898,5.9,6.2,AND,
CH00899,0.0,1.15,BX,V1
CH00899,1.15,4.25,QV,V1
CH00899,4.25,5.8,BX,V1
CH00899,5.8,5.98,AND,
CH00900,0.0,0.2,AND,
CH00900,0.2,1.75,BX,V1
CH00900,1.75,4.9,QV,V1
CH00900,4.9,5.61,BX,V1
CH00901,0.0,1.45,BX,V1
CH00901,1.45,4.6,QV,V1
CH00901,4.6,6.15,BX,V1
CH00901,6.15,6.75,AND,
CH00902,0.0,1.35,BX,V1
CH00902,1.35,4.5,QV,V1
CH00902,4.5,6.0,BX,V1
CH00902,6.0,6.13,AND,
CH00903,0.0,1.15,BX,V1
CH00903,1.15,4.2,QV,V1
CH00903,4.2,5.54,BX,V1
CH00904,0.0,1.25,BX,V1
CH00904,1.25,4.2,QV,V1
CH00904,4.2,5.7,BX,V1
CH00904,5.7,6.18,AND,
CH00905,0.0,1.4,BX,V1
CH00905,1.4,4.25,QV,V1
CH00905,4.25,5.75,BX,V1
CH00905,5.75,6.4,AND,
CH00906,0.0,1.25,BX,V1
CH00906,1.25,3.95,QV,V1
CH00906,3.95,5.45,BX,V1
CH00906,5.45,6.5,AND,
CH00907,0.0,1.2,BX,V1
CH00907,1.2,3.8,QV,V1
CH00907,3.8,5.22,BX,V1
CH00908,0.0,0.45,AND,
CH00908,0.45,2.0,BX,V1
CH00908,2.0,4.5,QV,V1
CH00908,4.5,5.48,BX,V1
CH00909,0.0,1.55,BX,V1
CH00909,1.55,4.0,QV,V1
CH00909,4.0,5.55,BX,V1
CH00909,5.55,6.36,AND,
CH00910,0.0,1.4,BX,V1
CH00910,1.4,3.85,QV,V1
CH00910,3.85,5.17,BX,V1
CH00911,0.0,1.3,BX,V1
CH00911,1.3,3.8,QV,V1
CH00911,3.8,5.28,BX,V1
CH00912,0.0,1.1,BX,V1
CH00912,1.1,3.7,QV,V1
CH00912,3.7,5.2,BX,V1
CH00912,5.2,5.49,AND,
CH00913,0.0,1.1,BX,V1
CH00913,1.1,3.85,QV,V1
CH00913,3.85,5.32,BX,V1
CH00914,0.0,1.25,BX,V1
CH00914,1.25,4.1,QV,V1
CH00914,4.1,5.65,BX,V1
CH00914,5.65,6.0,AND,
CH00915,0.0,0.35,AND,
CH00915,0.35,1.9,BX,V1
CH00915,1.9,4.95,QV,V1
CH00915,4.95,6.1,BX,V1
CH00916,0.0,1.3,BX,V1
CH00916,1.3,4.6,QV,V1
CH00916,4.6,5.97,BX,V1
CH00917,0.0,0.15,AND,
CH00917,0.15,1.7,BX,V1
CH00917,1.7,5.2,QV,V1
CH00917,5.2,6.75,BX,V1
CH00917,6.75,7.06,AND,
CH00918,0.0,1.45,BX,V1
CH00918,1.45,5.15,QV,V1
CH00918,5.15,6.7,BX,V1
CH00918,6.7,6.84,AND,
CH00919,0.0,0.2,AND,
CH00919,0.2,1.8,BX,V1
CH00919,1.8,5.75,QV,V1
CH00919,5.75,7.3,BX,V1
CH00919,7.3,7.46,AND,
CH00920,0.0,1.2,BX,V1
CH00920,1.2,5.1,QV,V1
CH00920,5.1,6.6,BX,V1
CH00920,6.6,7.67,AND,
CH00921,0.0,1.15,BX,V1
CH00921,1.15,5.0,QV,V1
CH00921,5.0,6.55,BX,V1
CH00921,6.55,6.64,AND,
CH00922,0.0,1.25,BX,V1
CH00922,1.25,4.95,QV,V1
CH00922,4.95,6.5,BX,V1
CH00922,6.5,6.75,AND,
CH00923,0.0,1.25,BX,V1
CH00923,1.25,4.65,QV,V1
CH00923,4.65,6.2,BX,V1
CH00923,6.2,6.99,AND,
CH00924,0.0,1.15,BX,V1
CH00924,1.15,4.35,QV,V1
CH00924,4.35,5.9,BX,V1
CH00924,5.9,6.37,AND,
CH00925,0.0,1.1,BX,V1
CH00925,1.1,3.95,QV,V1
CH00925,3.95,5.5,BX,V1
CH00925,5.5,5.58,AND,
CH00926,0.0,0.9,BX,V1
CH00926,0.9,3.3,QV,V1
CH00926,3.3,4.85,BX,V1
CH00926,4.85,5.36,AND,
CH00927,0.0,0.85,BX,V1
CH00927,0.85,2.9,QV,V1
CH00927,2.9,4.45,BX,V1
CH00927,4.45,5.16,AND,
CH00928,0.0,0.95,BX,V1
CH00928,0.95,2.7,QV,V1
CH00928,2.7,4.25,BX,V1
CH00928,4.25,5.02,AND,
CH00929,0.0,0.65,BX,V1
CH00929,0.65,2.2,QV,V1
CH00929,2.2,3.75,BX,V1
CH00929,3.75,4.65,AND,
CH00930,0.0,0.65,BX,V1
CH00930,0.65,2.0,QV,V1
CH00930,2.0,3.55,BX,V1
CH00930,3.55,4.94,AND,
CH00931,0.0,0.6,BX,V1
CH00931,0.6,1.75,QV,V1
CH00931,1.75,3.3,BX,V1
CH00931,3.3,4.65,AND,
CH00932,0.0,1.35,BX,V1
CH00932,1.35,2.35,QV,V1
CH00932,2.35,3.95,BX,V1
CH00932,3.95,4.27,AND,
CH00933,0.0,1.35,BX,V1
CH00933,1.35,2.3,QV,V1
CH00933,2.3,3.85,BX,V1
CH00933,3.85,4.36,AND,
CH00934,0.0,0.7,BX,V1
CH00934,0.7,1.55,QV,V1
CH00934,1.55,3.1,BX,V1
CH00934,3.1,3.33,AND,
CH00935,0.0,1.25,BX,V1
CH00935,1.25,2.05,QV,V1
CH00935,2.05,3.66,BX,V1
CH00936,0.0,0.4,BX,V1
CH00936,0.4,1.2,QV,V1
CH00936,1.2,2.75,BX,V1
CH00936,2.75,3.25,AND,
CH00937,0.0,1.25,BX,V1
CH00937,1.25,2.05,QV,V1
CH00937,2.05,3.26,BX,V1
CH00938,0.0,0.4,BX,V1
CH00938,0.4,1.15,QV,V1
CH00938,1.15,2.75,BX,V1
CH00938,2.75,4.43,AND,
CH00939,0.0,0.5,BX,V1
CH00939,0.5,1.3,QV,V1
CH00939,1.3,2.9,BX,V1
CH00939,2.9,4.53,AND,
CH00940,0.0,0.9,BX,V1
CH00940,0.9,1.7,QV,V1
CH00940,1.7,3.3,BX,V1
CH00940,3.3,4.54,AND,
CH00941,0.0,0.4,BX,V1
CH00941,0.4,1.3,QV,V1
CH00941,1.3,2.85,BX,V1
CH00941,2.85,3.34,AND,
CH00942,0.0,0.6,BX,V1
CH00942,0.6,1.55,QV,V1
CH00942,1.55,3.1,BX,V1
CH00942,3.1,4.83,AND,
CH00943,0.0,1.0,BX,V1
CH00943,1.0,2.05,QV,V1
CH00943,2.05,3.6,BX,V1
CH00943,3.6,4.43,AND,
CH00944,0.0,1.15,BX,V1
CH00944,1.15,2.3,QV,V1
CH00944,2.3,3.84,BX,V1
CH00945,0.0,0.6,BX,V1
CH00945,0.6,1.85,QV,V1
CH00945,1.85,3.4,BX,V1
CH00945,3.4,3.75,AND,
CH00946,0.0,1.15,BX,V1
CH00946,1.15,2.5,QV,V1
CH00946,2.5,3.86,BX,V1
CH00947,0.0,1.2,BX,V1
CH00947,1.2,2.7,QV,V1
CH00947,2.7,4.25,BX,V1
CH00947,4.25,4.91,AND,
CH00948,0.0,1.15,BX,V1
CH00948,1.15,2.8,QV,V1
CH00948,2.8,4.35,BX,V1
CH00948,4.35,4.92,AND,
CH00949,0.0,1.35,BX,V1
CH00949,1.35,3.1,QV,V1
CH00949,3.1,4.45,BX,V1
CH00950,0.0,0.85,BX,V1
CH00950,0.85,2.75,QV,V1
CH00950,2.75,4.3,BX,V1
CH00950,4.3,5.69,AND,
CH00951,0.0,0.5,BX,V1
CH00951,0.5,2.55,QV,V1
CH00951,2.55,4.1,BX,V1
CH00951,4.1,5.82,AND,
CH00952,0.0,0.75,BX,V1
CH00952,0.75,2.95,QV,V1
CH00952,2.95,4.5,BX,V1
CH00952,4.5,5.28,AND,
CH00953,0.0,0.8,BX,V1
CH00953,0.8,3.15,QV,V1
CH00953,3.15,4.7,BX,V1
CH00953,4.7,5.15,AND,
CH00954,0.0,1.1,BX,V1
CH00954,1.1,3.55,QV,V1
CH00954,3.55,4.88,BX,V1
CH00955,0.0,1.3,BX,V1
CH00955,1.3,3.95,QV,V1
CH00955,3.95,5.5,BX,V1
CH00955,5.5,5.71,AND,
CH00956,0.0,0.7,BX,V1
CH00956,0.7,3.45,QV,V1
CH00956,3.45,5.0,BX,V1
CH00956,5.0,6.28,AND,
CH00957,0.0,1.4,BX,V1
CH00957,1.4,4.3,QV,V1
CH00957,4.3,5.85,BX,V1
CH00957,5.85,6.27,AND,
CH00958,0.0,1.2,BX,V1
CH00958,1.2,4.2,QV,V1
CH00958,4.2,5.75,BX,V1
CH00958,5.75,5.8,AND,
CH00959,0.0,1.0,BX,V1
CH00959,1.0,4.15,QV,V1
CH00959,4.15,5.7,BX,V1
CH00959,5.7,6.57,AND,
CH00960,0.0,1.3,BX,V1
CH00960,1.3,4.6,QV,V1
CH00960,4.6,6.13,BX,V1
CH00961,0.0,0.65,BX,V1
CH00961,0.65,4.1,QV,V1
CH00961,4.1,5.65,BX,V1
CH00961,5.65,6.25,AND,
CH00961,6.25,6.83,BX,V4
CH00962,0.0,0.7,BX,V1
CH00962,0.7,4.2,QV,V1
CH00962,4.2,5.8,BX,V1
CH00962,5.8,6.31,BX,V4
CH00963,0.0,0.75,BX,V1
CH00963,0.75,4.3,QV,V1
CH00963,4.3,5.0,BX,V1
CH00963,5.0,6.8,QV,V4
CH00964,0.0,1.4,BX,V1
CH00964,1.4,3.5,QV,V1
CH00964,3.5,5.95,QV,V4
CH00964,5.95,6.5,BX,V1
CH00964,6.5,6.65,BX,V4
CH00965,0.0,0.7,BX,V1
CH00965,0.7,0.95,QV,V1
CH00965,0.95,3.45,QV,V4
CH00965,3.45,4.15,QV,V1
CH00965,4.15,5.7,BX,V1
CH00965,5.7,5.9,AND,
CH00966,0.0,2.4,QV,V4
CH00966,2.4,4.85,QV,V1
CH00966,4.85,6.07,BX,V1
CH00967,0.0,1.1,BX,V1
CH00967,1.1,4.2,QV,V1
CH00967,4.2,5.75,BX,V1
CH00967,5.75,5.86,AND,
CH00968,0.0,1.05,BX,V1
CH00968,1.05,3.9,QV,V1
CH00968,3.9,5.45,BX,V1
CH00968,5.45,5.73,AND,
CH00969,0.0,1.4,BX,V1
CH00969,1.4,3.95,QV,V1
CH00969,3.95,5.19,BX,V1
CH00970,0.0,0.85,BX,V1
CH00970,0.85,3.15,QV,V1
CH00970,3.15,4.7,BX,V1
CH00970,4.7,5.99,AND,
CH00971,0.0,1.6,BX,V1
CH00971,1.6,3.65,QV,V1
CH00971,3.65,5.2,BX,V1
CH00971,5.2,5.97,AND,
CH00972,0.0,1.0,BX,V1
CH00972,1.0,2.8,QV,V1
CH00972,2.8,4.35,BX,V1
CH00972,4.35,4.44,AND,
CH00973,0.0,1.2,BX,V1
CH00973,1.2,2.8,QV,V1
CH00973,2.8,4.3,BX,V1
CH00973,4.3,5.01,AND,
CH00974,0.0,1.5,BX,V1
CH00974,1.5,2.95,QV,V1
CH00974,2.95,3.99,BX,V1
CH00975,0.0,1.05,BX,V1
CH00975,1.05,2.35,QV,V1
CH00975,2.35,3.81,BX,V1
CH00976,0.0,0.05,AND,
CH00976,0.05,1.6,BX,V1
CH00976,1.6,2.75,QV,V1
CH00976,2.75,4.3,BX,V1
CH00976,4.3,5.11,AND,
CH00977,0.0,0.15,AND,
CH00977,0.15,1.7,BX,V1
CH00977,1.7,2.8,QV,V1
CH00977,2.8,4.35,BX,V1
CH00977,4.35,4.93,AND,
CH00978,0.0,1.1,BX,V1
CH00978,1.1,2.15,QV,V1
CH00978,2.15,3.7,BX,V1
CH00978,3.7,4.79,AND,
CH00979,0.0,0.15,AND,
CH00979,0.15,1.7,BX,V1
CH00979,1.7,2.8,QV,V1
CH00979,2.8,4.05,BX,V1
CH00980,0.0,0.3,AND,
CH00980,0.3,1.85,BX,V1
CH00980,1.85,2.95,QV,V1
CH00980,2.95,3.71,BX,V1
CH00981,0.0,1.35,BX,V1
CH00981,1.35,2.5,QV,V1
CH00981,2.5,4.0,BX,V1
CH00981,4.0,4.03,AND,
CH00982,0.0,0.3,AND,
CH00982,0.3,1.8,BX,V1
CH00982,1.8,3.05,QV,V1
CH00982,3.05,4.56,BX,V1
CH00983,0.0,1.25,BX,V1
CH00983,1.25,2.6,QV,V1
CH00983,2.6,4.05,BX,V1
CH00984,0.0,1.15,BX,V1
CH00984,1.15,2.6,QV,V1
CH00984,2.6,4.1,BX,V1
CH00984,4.1,5.41,AND,
CH00985,0.0,0.95,BX,V1
CH00985,0.95,2.5,QV,V1
CH00985,2.5,4.0,BX,V1
CH00985,4.0,5.16,AND,
CH00986,0.0,0.3,AND,
CH00986,0.3,1.8,BX,V1
CH00986,1.8,3.5,QV,V1
CH00986,3.5,4.68,BX,V1
CH00987,0.0,0.25,AND,
CH00987,0.25,1.75,BX,V1
CH00987,1.75,3.65,QV,V1
CH00987,3.65,5.15,BX,V1
CH00987,5.15,5.54,AND,
CH00988,0.0,1.05,BX,V1
CH00988,1.05,3.05,QV,V1
CH00988,3.05,4.55,BX,V1
CH00988,4.55,5.0,AND,
CH00989,0.0,0.9,BX,V1
CH00989,0.9,3.05,QV,V1
CH00989,3.05,4.55,BX,V1
CH00989,4.55,5.98,AND,
CH00990,0.0,1.45,BX,V1
CH00990,1.45,3.65,QV,V1
CH00990,3.65,4.83,BX,V1
CH00991,0.0,1.35,BX,V1
CH00991,1.35,3.6,QV,V1
CH00991,3.6,4.85,BX,V1
CH00992,0.0,0.15,AND,
CH00992,0.15,1.7,BX,V1
CH00992,1.7,3.95,QV,V1
CH00992,3.95,5.27,BX,V1
CH00993,0.0,1.05,BX,V1
CH00993,1.05,3.3,QV,V1
CH00993,3.3,4.79,BX,V1
CH00994,0.0,1.25,BX,V1
CH00994,1.25,3.5,QV,V1
CH00994,3.5,5.0,BX,V1
CH00994,5.0,5.07,AND,
CH00995,0.0,1.1,BX,V1
CH00995,1.1,3.25,QV,V1
CH00995,3.25,4.75,BX,V1
CH00995,4.75,5.68,AND,
CH00996,0.0,1.3,BX,V1
CH00996,1.3,3.3,QV,V1
CH00996,3.3,4.8,BX,V1
CH00996,4.8,5.64,AND,
CH00997,0.0,0.95,BX,V1
CH00997,0.95,2.85,QV,V1
CH00997,2.85,4.35,BX,V1
CH00997,4.35,5.26,AND,
CH00998,0.0,1.1,BX,V1
CH00998,1.1,2.8,QV,V1
CH00998,2.8,4.3,BX,V1
CH00998,4.3,4.94,AND,
CH00999,0.0,0.2,AND,
CH00999,0.2,1.75,BX,V1
CH00999,1.75,3.3,QV,V1
CH00999,3.3,4.62,BX,V1
CH01000,0.0,1.15,BX,V1
CH01000,1.15,2.55,QV,V1
CH01000,2.55,4.05,BX,V1
CH01000,4.05,5.1,AND,
CH01001,0.0,1.35,BX,V1
CH01001,1.35,2.55,QV,V1
CH01001,2.55,4.05,BX,V1
CH01001,4.05,4.55,AND,
CH01002,0.0,1.3,BX,V1
CH01002,1.3,2.35,QV,V1
CH01002,2.35,3.85,BX,V1
CH01002,3.85,4.97,AND,
CH01003,0.0,1.05,BX,V1
CH01003,1.05,1.95,QV,V1
CH01003,1.95,3.5,BX,V1
CH01003,3.5,4.03,AND,
CH01004,0.0,0.2,AND,
CH01004,0.2,1.7,BX,V1
CH01004,1.7,2.5,QV,V1
CH01004,2.5,3.44,BX,V1
CH01005,0.0,1.15,BX,V1
CH01005,1.15,1.85,QV,V1
CH01005,1.85,3.35,BX,V1
CH01005,3.35,4.45,AND,
CH01006,0.0,0.2,AND,
CH01006,0.2,1.75,BX,V1
CH01006,1.75,2.35,QV,V1
CH01006,2.35,3.85,BX,V1
CH01006,3.85,4.16,AND,
CH01007,0.0,1.0,BX,V1
CH01007,1.0,1.5,QV,V1
CH01007,1.5,3.05,BX,V1
CH01007,3.05,3.18,AND,
CH01008,0.0,1.25,BX,V1
CH01008,1.25,1.7,QV,V1
CH01008,1.7,3.25,BX,V1
CH01008,3.25,3.4,AND,
CH01009,0.0,0.85,BX,V1
CH01009,0.85,1.25,QV,V1
CH01009,1.25,2.8,BX,V1
CH01009,2.8,4.35,AND,
CH01010,0.0,1.25,BX,V1
CH01010,1.25,1.6,QV,V1
CH01010,1.6,3.15,BX,V1
CH01010,3.15,4.15,AND,
CH01011,0.0,1.35,BX,V1
CH01011,1.35,1.7,QV,V1
CH01011,1.7,3.2,BX,V1
CH01011,3.2,3.83,AND,
CH01012,0.0,1.3,BX,V1
CH01012,1.3,1.65,QV,V1
CH01012,1.65,3.2,BX,V1
CH01012,3.2,3.26,AND,
CH01013,0.0,0.9,BX,V1
CH01013,0.9,1.25,QV,V1
CH01013,1.25,2.75,BX,V1
CH01013,2.75,3.49,AND,
CH01014,0.0,1.15,BX,V1
CH01014,1.15,1.5,QV,V1
CH01014,1.5,3.0,BX,V1
CH01014,3.0,3.2,AND,
CH01015,0.0,1.55,BX,V1
CH01015,1.55,1.9,QV,V1
CH01015,1.9,3.23,BX,V1
CH01016,0.0,0.75,BX,V1
CH01016,0.75,1.1,QV,V1
CH01016,1.1,2.65,BX,V1
CH01016,2.65,3.95,AND,
CH01017,0.0,1.05,BX,V1
CH01017,1.05,1.45,QV,V1
CH01017,1.45,3.0,BX,V1
CH01017,3.0,3.04,AND,
CH01018,0.0,1.55,BX,V1
CH01018,1.55,2.0,QV,V1
CH01018,2.0,3.37,BX,V1
CH01019,0.0,1.5,BX,V1
CH01019,1.5,2.0,QV,V1
CH01019,2.0,3.5,BX,V1
CH01019,3.5,3.71,AND,
CH01020,0.0,1.5,BX,V1
CH01020,1.5,2.1,QV,V1
CH01020,2.1,3.15,BX,V1
CH01021,0.0,1.5,BX,V1
CH01021,1.5,2.2,QV,V1
CH01021,2.2,3.75,BX,V1
CH01021,3.75,3.84,AND,
CH01022,0.0,0.95,BX,V1
CH01022,0.95,1.85,QV,V1
CH01022,1.85,3.35,BX,V1
CH01022,3.35,3.65,AND,
CH01023,0.0,0.8,BX,V1
CH01023,0.8,1.9,QV,V1
CH01023,1.9,3.4,BX,V1
CH01023,3.4,4.66,AND,
CH01024,0.0,1.4,BX,V1
CH01024,1.4,2.75,QV,V1
CH01024,2.75,4.3,BX,V1
CH01024,4.3,5.15,AND,
CH01025,0.0,0.8,BX,V1
CH01025,0.8,2.45,QV,V1
CH01025,2.45,4.0,BX,V1
CH01025,4.0,5.37,AND,
CH01026,0.0,1.05,BX,V1
CH01026,1.05,3.15,QV,V1
CH01026,3.15,4.65,BX,V1
CH01026,4.65,5.2,AND,
CH01027,0.0,0.75,BX,V1
CH01027,0.75,3.35,QV,V1
CH01027,3.35,4.85,BX,V1
CH01027,4.85,6.01,AND,
CH01028,0.0,1.35,BX,V1
CH01028,1.35,4.4,QV,V1
CH01028,4.4,5.55,BX,V1
CH01029,0.0,0.7,BX,V1
CH01029,0.7,4.3,QV,V1
CH01029,4.3,5.8,BX,V1
CH01029,5.8,6.53,AND,
CH01030,0.0,1.1,BX,V1
CH01030,1.1,5.1,QV,V1
CH01030,5.1,6.65,BX,V1
CH01030,6.65,7.68,AND,
CH01031,0.0,0.45,BX,V1
CH01031,0.45,4.95,QV,V1
CH01031,4.95,6.5,BX,V1
CH01031,6.5,7.67,AND,
CH01032,0.0,0.45,BX,V1
CH01032,0.45,5.1,QV,V1
CH01032,5.1,6.65,BX,V1
CH01032,6.65,7.99,AND,
CH01033,0.0,1.15,BX,V1
CH01033,1.15,5.9,QV,V1
CH01033,5.9,7.45,BX,V1
CH01033,7.45,8.34,AND,
CH01034,0.0,1.3,BX,V1
CH01034,1.3,5.95,QV,V1
CH01034,5.95,7.45,BX,V1
CH01034,7.45,8.56,AND,
CH01035,0.0,0.9,BX,V1
CH01035,0.9,5.35,QV,V1
CH01035,5.35,6.85,BX,V1
CH01035,6.85,8.29,AND,
CH01036,0.0,1.05,BX,V1
CH01036,1.05,5.2,QV,V1
CH01036,5.2,6.75,BX,V1
CH01036,6.75,7.13,AND,
CH01037,0.0,0.9,BX,V1
CH01037,0.9,4.7,QV,V1
CH01037,4.7,6.25,BX,V1
CH01037,6.25,6.4,AND,
CH01038,0.0,1.4,BX,V1
CH01038,1.4,4.8,QV,V1
CH01038,4.8,6.35,BX,V1
CH01038,6.35,6.55,AND,
CH01039,0.0,1.3,BX,V1
CH01039,1.3,4.35,QV,V1
CH01039,4.35,5.85,BX,V1
CH01039,5.85,6.56,AND,
CH01040,0.0,0.85,BX,V1
CH01040,0.85,3.6,QV,V1
CH01040,3.6,5.1,BX,V1
CH01040,5.1,5.35,AND,
CH01041,0.0,1.15,BX,V1
CH01041,1.15,3.65,QV,V1
CH01041,3.65,5.15,BX,V1
CH01041,5.15,5.89,AND,
CH01042,0.0,1.2,BX,V1
CH01042,1.2,3.45,QV,V1
CH01042,3.45,5.0,BX,V1
CH01042,5.0,6.23,AND,
CH01043,0.0,1.05,BX,V1
CH01043,1.05,3.1,QV,V1
CH01043,3.1,4.65,BX,V1
CH01043,4.65,4.79,AND,
CH01044,0.0,0.85,BX,V1
CH01044,0.85,2.8,QV,V1
CH01044,2.8,4.3,BX,V1
CH01044,4.3,4.65,AND,
CH01045,0.0,0.8,BX,V1
CH01045,0.8,2.65,QV,V1
CH01045,2.65,4.2,BX,V1
CH01045,4.2,4.43,AND,
CH01046,0.0,3.36,AND,
CH01047,0.0,0.8,AND,
CH01047,0.8,2.35,BX,V2
CH01047,2.35,3.0,QV,V2
CH01047,3.0,4.45,BX,V2
CH01048,0.0,1.55,BX,V2
CH01048,1.55,2.4,QV,V2
CH01048,2.4,3.95,BX,V2
CH01048,3.95,4.33,AND,
CH01049,0.0,0.5,AND,
CH01049,0.5,2.0,BX,V2
CH01049,2.0,3.0,QV,V2
CH01049,3.0,4.36,BX,V2
CH01050,0.0,0.85,AND,
CH01050,0.85,2.4,BX,V2
CH01050,2.4,3.4,QV,V2
CH01050,3.4,4.37,BX,V2
CH01051,0.0,1.5,BX,V2
CH01051,1.5,2.55,QV,V2
CH01051,2.55,4.05,BX,V2
CH01051,4.05,4.48,AND,
CH01052,0.0,1.55,BX,V2
CH01052,1.55,2.6,QV,V2
CH01052,2.6,4.1,BX,V2
CH01052,4.1,5.0,AND,
CH01053,0.0,0.3,AND,
CH01053,0.3,1.8,BX,V2
CH01053,1.8,2.8,QV,V2
CH01053,2.8,4.35,BX,V2
CH01053,4.35,4.96,AND,
CH01054,0.0,0.15,AND,
CH01054,0.15,1.7,BX,V2
CH01054,1.7,2.65,QV,V2
CH01054,2.65,4.15,BX,V2
CH01054,4.15,4.34,AND,
CH01055,0.0,0.8,AND,
CH01055,0.8,2.35,BX,V2
CH01055,2.35,3.2,QV,V2
CH01055,3.2,3.98,BX,V2
CH01056,0.0,0.55,AND,
CH01056,0.55,2.1,BX,V2
CH01056,2.1,2.95,QV,V2
CH01056,2.95,3.72,BX,V2
CH01057,0.0,0.2,AND,
CH01057,0.2,1.7,BX,V2
CH01057,1.7,2.5,QV,V2
CH01057,2.5,4.0,BX,V2
CH01057,4.0,4.42,AND,
CH01058,0.0,1.45,BX,V2
CH01058,1.45,2.15,QV,V2
CH01058,2.15,3.7,BX,V2
CH01058,3.7,4.38,AND,
CH01059,0.0,0.2,AND,
CH01059,0.2,1.75,BX,V2
CH01059,1.75,2.4,QV,V2
CH01059,2.4,3.95,BX,V2
CH01059,3.95,4.24,AND,
CH01060,0.0,1.55,BX,V2
CH01060,1.55,2.15,QV,V2
CH01060,2.15,3.7,BX,V2
CH01060,3.7,4.25,AND,
CH01061,0.0,1.45,BX,V2
CH01061,1.45,2.0,QV,V2
CH01061,2.0,3.55,BX,V2
CH01061,3.55,4.13,AND,
CH01062,0.0,1.4,BX,V2
CH01062,1.4,1.9,QV,V2
CH01062,1.9,3.47,BX,V2
CH01063,0.0,1.5,BX,V2
CH01063,1.5,1.95,QV,V2
CH01063,1.95,3.05,BX,V2
CH01064,0.0,1.55,BX,V2
CH01064,1.55,1.95,QV,V2
CH01064,1.95,3.55,BX,V2
CH01064,3.55,4.23,AND,
CH01065,0.0,1.35,BX,V2
CH01065,1.35,1.7,QV,V2
CH01065,1.7,3.24,BX,V2
CH01066,0.0,0.65,AND,
CH01066,0.65,2.2,BX,V2
CH01066,2.2,2.55,QV,V2
CH01066,2.55,3.28,BX,V2
CH01067,0.0,1.45,BX,V2
CH01067,1.45,1.75,QV,V2
CH01067,1.75,3.3,BX,V2
CH01067,3.3,4.28,AND,
CH01068,0.0,1.4,BX,V2
CH01068,1.4,1.7,QV,V2
CH01068,1.7,3.25,BX,V2
CH01068,3.25,3.94,AND,
CH01069,0.0,0.5,AND,
CH01069,0.5,2.05,BX,V2
CH01069,2.05,2.35,QV,V2
CH01069,2.35,3.6,BX,V2
CH01070,0.0,1.2,BX,V2
CH01070,1.2,1.5,QV,V2
CH01070,1.5,3.05,BX,V2
CH01070,3.05,4.18,AND,
CH01071,0.0,0.35,AND,
CH01071,0.35,1.9,BX,V2
CH01071,1.9,2.2,QV,V2
CH01071,2.2,3.75,BX,V2
CH01071,3.75,4.15,AND,
CH01072,0.0,1.4,BX,V2
CH01072,1.4,1.7,QV,V2
CH01072,1.7,3.25,BX,V2
CH01072,3.25,3.94,AND,
CH01073,0.0,1.25,BX,V2
CH01073,1.25,1.55,QV,V2
CH01073,1.55,3.1,BX,V2
CH01073,3.1,3.87,AND,
CH01074,0.0,0.2,AND,
CH01074,0.2,1.75,BX,V2
CH01074,1.75,2.05,QV,V2
CH01074,2.05,3.65,BX,V2
CH01074,3.65,3.97,AND,
CH01075,0.0,1.4,BX,V2
CH01075,1.4,1.75,QV,V2
CH01075,1.75,3.3,BX,V2
CH01075,3.3,4.3,AND,
CH01076,0.0,1.25,BX,V2
CH01076,1.25,1.6,QV,V2
CH01076,1.6,2.9,BX,V2
CH01077,0.0,1.35,BX,V2
CH01077,1.35,1.7,QV,V2
CH01077,1.7,3.25,BX,V2
CH01077,3.25,4.27,AND,
CH01078,0.0,1.45,BX,V2
CH01078,1.45,1.85,QV,V2
CH01078,1.85,3.23,BX,V2
CH01079,0.0,0.45,AND,
CH01079,0.45,2.0,BX,V2
CH01079,2.0,2.45,QV,V2
CH01079,2.45,3.59,BX,V2
CH01080,0.0,0.35,AND,
CH01080,0.35,1.95,BX,V2
CH01080,1.95,2.4,QV,V2
CH01080,2.4,3.81,BX,V2
CH01081,0.0,0.1,AND,
CH01081,0.1,1.65,BX,V2
CH01081,1.65,2.2,QV,V2
CH01081,2.2,3.75,BX,V2
CH01081,3.75,3.79,AND,
CH01082,0.0,0.15,AND,
CH01082,0.15,1.7,BX,V2
CH01082,1.7,2.25,QV,V2
CH01082,2.25,3.46,BX,V2
CH01083,0.0,0.25,AND,
CH01083,0.25,1.8,BX,V2
CH01083,1.8,2.45,QV,V2
CH01083,2.45,4.0,BX,V2
CH01083,4.0,4.62,AND,
CH01084,0.0,0.5,AND,
CH01084,0.5,2.05,BX,V2
CH01084,2.05,2.75,QV,V2
CH01084,2.75,4.3,BX,V2
CH01084,4.3,4.53,AND,
CH01085,0.0,0.35,AND,
CH01085,0.35,1.9,BX,V2
CH01085,1.9,2.7,QV,V2
CH01085,2.7,4.25,BX,V2
CH01085,4.25,4.33,AND,
CH01086,0.0,0.6,AND,
CH01086,0.6,2.15,BX,V2
CH01086,2.15,3.1,QV,V2
CH01086,3.1,3.93,BX,V2
CH01087,0.0,0.1,AND,
CH01087,0.1,1.6,BX,V2
CH01087,1.6,2.7,QV,V2
CH01087,2.7,3.64,BX,V2
CH01088,0.0,0.2,AND,
CH01088,0.2,1.75,BX,V2
CH01088,1.75,3.0,QV,V2
CH01088,3.0,4.55,BX,V2
CH01088,4.55,4.89,AND,
CH01089,0.0,0.6,AND,
CH01089,0.6,2.1,BX,V2
CH01089,2.1,3.55,QV,V2
CH01089,3.55,4.99,BX,V2
CH01090,0.0,0.05,AND,
CH01090,0.05,1.55,BX,V2
CH01090,1.55,3.15,QV,V2
CH01090,3.15,4.54,BX,V2
CH01091,0.0,0.35,AND,
CH01091,0.35,1.9,BX,V2
CH01091,1.9,2.95,QV,V2
CH01091,2.95,4.0,QV,V4
CH01091,4.0,4.49,BX,V2
CH01092,0.0,0.65,BX,V4
CH01092,0.65,0.9,BX,V2
CH01092,0.9,2.1,QV,V4
CH01092,2.1,2.2,BX,V2
CH01092,2.2,3.95,QV,V2
CH01092,3.95,5.1,BX,V2
CH01093,0.0,0.15,BX,V4
CH01093,0.15,1.7,BX,V2
CH01093,1.7,3.5,QV,V2
CH01093,3.5,4.6,BX,V2
CH01094,0.0,0.1,AND,
CH01094,0.1,1.65,BX,V2
CH01094,1.65,3.4,QV,V2
CH01094,3.4,4.95,BX,V2
CH01094,4.95,5.23,AND,
CH01095,0.0,1.5,BX,V2
CH01095,1.5,3.25,QV,V2
CH01095,3.25,4.75,BX,V2
CH01095,4.75,5.29,AND,
CH01096,0.0,0.4,AND,
CH01096,0.4,1.9,BX,V2
CH01096,1.9,3.55,QV,V2
CH01096,3.55,4.41,BX,V2
CH01097,0.0,0.5,AND,
CH01097,0.5,2.0,BX,V2
CH01097,2.0,3.55,QV,V2
CH01097,3.55,4.26,BX,V2
CH01098,0.0,0.6,AND,
CH01098,0.6,2.1,BX,V2
CH01098,2.1,3.6,QV,V2
CH01098,3.6,4.7,BX,V2
CH01099,0.0,1.35,BX,V2
CH01099,1.35,2.75,QV,V2
CH01099,2.75,4.25,BX,V2
CH01099,4.25,4.66,AND,
CH01100,0.0,0.25,AND,
CH01100,0.25,1.75,BX,V2
CH01100,1.75,3.05,QV,V2
CH01100,3.05,4.51,BX,V2
CH01101,0.0,0.2,AND,
CH01101,0.2,1.75,BX,V2
CH01101,1.75,2.95,QV,V2
CH01101,2.95,4.06,BX,V2
CH01102,0.0,0.2,AND,
CH01102,0.2,1.75,BX,V2
CH01102,1.75,2.85,QV,V2
CH01102,2.85,4.4,BX,V2
CH01102,4.4,4.8,AND,
CH01103,0.0,1.45,BX,V2
CH01103,1.45,2.5,QV,V2
CH01103,2.5,3.76,BX,V2
CH01104,0.0,0.2,AND,
CH01104,0.2,1.7,BX,V2
CH01104,1.7,2.7,QV,V2
CH01104,2.7,4.22,BX,V2
CH01105,0.0,1.25,BX,V2
CH01105,1.25,2.2,QV,V2
CH01105,2.2,3.7,BX,V2
CH01105,3.7,4.42,AND,
CH01106,0.0,1.5,BX,V2
CH01106,1.5,2.35,QV,V2
CH01106,2.35,3.85,BX,V2
CH01106,3.85,4.04,AND,
CH01107,0.0,1.5,BX,V2
CH01107,1.5,2.35,QV,V2
CH01107,2.35,3.72,BX,V2
CH01108,0.0,1.45,BX,V2
CH01108,1.45,2.3,QV,V2
CH01108,2.3,3.53,BX,V2
CH01109,0.0,0.4,AND,
CH01109,0.4,1.9,BX,V2
CH01109,1.9,2.7,QV,V2
CH01109,2.7,3.68,BX,V2
CH01110,0.0,1.1,BX,V2
CH01110,1.1,1.95,QV,V2
CH01110,1.95,3.43,BX,V2
CH01111,0.0,1.0,BX,V2
CH01111,1.0,1.9,QV,V2
CH01111,1.9,3.4,BX,V2
CH01111,3.4,3.55,AND,
CH01112,0.0,0.25,AND,
CH01112,0.25,1.75,BX,V2
CH01112,1.75,2.65,QV,V2
CH01112,2.65,4.15,BX,V2
CH01112,4.15,4.26,AND,
CH01113,0.0,0.4,AND,
CH01113,0.4,1.85,BX,V2
CH01113,1.85,2.85,QV,V2
CH01113,2.85,3.67,BX,V2
CH01114,0.0,0.1,AND,
CH01114,0.1,1.6,BX,V2
CH01114,1.6,2.6,QV,V2
CH01114,2.6,4.1,BX,V2
CH01114,4.1,4.64,AND,
CH01115,0.0,1.3,BX,V2
CH01115,1.3,2.35,QV,V2
CH01115,2.35,3.78,BX,V2
CH01116,0.0,1.35,BX,V2
CH01116,1.35,2.45,QV,V2
CH01116,2.45,3.95,BX,V2
CH01116,3.95,4.91,AND,
CH01117,0.0,0.45,AND,
CH01117,0.45,1.95,BX,V2
CH01117,1.95,3.1,QV,V2
CH01117,3.1,4.65,BX,V2
CH01117,4.65,4.79,AND,
CH01118,0.0,1.2,BX,V2
CH01118,1.2,2.4,QV,V2
CH01118,2.4,3.9,BX,V2
CH01118,3.9,5.07,AND,
CH01119,0.0,1.25,BX,V2
CH01119,1.25,2.4,QV,V2
CH01119,2.4,3.95,BX,V2
CH01119,3.95,5.16,AND,
CH01120,0.0,1.5,BX,V2
CH01120,1.5,2.7,QV,V2
CH01120,2.7,4.2,BX,V2
CH01120,4.2,4.83,AND,
CH01121,0.0,1.2,BX,V2
CH01121,1.2,2.4,QV,V2
CH01121,2.4,3.85,BX,V2
CH01122,0.0,0.45,AND,
CH01122,0.45,2.0,BX,V2
CH01122,2.0,3.15,QV,V2
CH01122,3.15,3.67,BX,V2
CH01123,0.0,1.1,BX,V2
CH01123,1.1,2.25,QV,V2
CH01123,2.25,3.8,BX,V2
CH01123,3.8,4.76,AND,
CH01124,0.0,1.15,BX,V2
CH01124,1.15,2.3,QV,V2
CH01124,2.3,3.85,BX,V2
CH01124,3.85,4.21,AND,
CH01125,0.0,1.5,BX,V2
CH01125,1.5,2.65,QV,V2
CH01125,2.65,4.15,BX,V2
CH01125,4.15,4.48,AND,
CH01126,0.0,0.5,AND,
CH01126,0.5,2.0,BX,V2
CH01126,2.0,3.2,QV,V2
CH01126,3.2,4.18,BX,V2
CH01127,0.0,0.35,AND,
CH01127,0.35,1.85,BX,V2
CH01127,1.85,3.05,QV,V2
CH01127,3.05,4.55,BX,V2
CH01127,4.55,4.9,AND,
CH01128,0.0,1.15,BX,V2
CH01128,1.15,2.4,QV,V2
CH01128,2.4,3.9,BX,V2
CH01128,3.9,3.94,AND,
CH01129,0.0,1.35,BX,V2
CH01129,1.35,2.65,QV,V2
CH01129,2.65,4.2,BX,V2
CH01129,4.2,4.53,AND,
CH01130,0.0,1.3,BX,V2
CH01130,1.3,2.7,QV,V2
CH01130,2.7,4.2,BX,V2
CH01130,4.2,4.74,AND,
CH01131,0.0,1.4,BX,V2
CH01131,1.4,2.85,QV,V2
CH01131,2.85,4.35,BX,V2
CH01131,4.35,4.8,AND,
CH01132,0.0,0.55,AND,
CH01132,0.55,2.1,BX,V2
CH01132,2.1,3.7,QV,V2
CH01132,3.7,5.25,BX,V2
CH01132,5.25,5.31,AND,
CH01133,0.0,0.05,AND,
CH01133,0.05,1.55,BX,V2
CH01133,1.55,3.2,QV,V2
CH01133,3.2,4.41,BX,V2
CH01134,0.0,0.2,AND,
CH01134,0.2,1.75,BX,V2
CH01134,1.75,3.5,QV,V2
CH01134,3.5,5.05,BX,V2
CH01134,5.05,5.49,AND,
CH01135,0.0,1.45,BX,V2
CH01135,1.45,3.35,QV,V2
CH01135,3.35,4.85,BX,V2
CH01135,4.85,5.4,AND,
CH01136,0.0,0.25,AND,
CH01136,0.25,1.8,BX,V2
CH01136,1.8,3.75,QV,V2
CH01136,3.75,5.25,BX,V2
CH01136,5.25,5.8,AND,
CH01137,0.0,0.4,AND,
CH01137,0.4,1.9,BX,V2
CH01137,1.9,3.95,QV,V2
CH01137,3.95,5.45,BX,V2
CH01137,5.45,5.51,AND,
CH01138,0.0,0.3,AND,
CH01138,0.3,1.8,BX,V2
CH01138,1.8,3.9,QV,V2
CH01138,3.9,4.65,BX,V2
CH01139,0.0,1.2,BX,V2
CH01139,1.2,3.3,QV,V2
CH01139,3.3,4.67,BX,V2
CH01140,0.0,0.65,AND,
CH01140,0.65,2.15,BX,V2
CH01140,2.15,4.25,QV,V2
CH01140,4.25,4.83,BX,V2
CH01141,0.0,1.25,BX,V2
CH01141,1.25,3.3,QV,V2
CH01141,3.3,4.72,BX,V2
CH01142,0.0,0.15,AND,
CH01142,0.15,1.7,BX,V2
CH01142,1.7,3.7,QV,V2
CH01142,3.7,5.2,BX,V2
CH01142,5.2,5.23,AND,
CH01143,0.0,0.55,AND,
CH01143,0.55,2.05,BX,V2
CH01143,2.05,4.05,QV,V2
CH01143,4.05,5.07,BX,V2
CH01144,0.0,0.3,AND,
CH01144,0.3,1.85,BX,V2
CH01144,1.85,3.75,QV,V2
CH01144,3.75,4.63,BX,V2
CH01145,0.0,0.65,AND,
CH01145,0.65,2.15,BX,V2
CH01145,2.15,4.05,QV,V2
CH01145,4.05,4.66,BX,V2
CH01146,0.0,1.45,BX,V2
CH01146,1.45,3.35,QV,V2
CH01146,3.35,4.85,BX,V2
CH01146,4.85,5.12,AND,
CH01147,0.0,1.2,BX,V2
CH01147,1.2,3.15,QV,V2
CH01147,3.15,4.65,BX,V2
CH01147,4.65,4.72,AND,
CH01148,0.0,0.25,AND,
CH01148,0.25,1.75,BX,V2
CH01148,1.75,3.75,QV,V2
CH01148,3.75,5.25,BX,V2
CH01148,5.25,5.5,AND,
CH01149,0.0,1.25,BX,V2
CH01149,1.25,3.35,QV,V2
CH01149,3.35,4.85,BX,V2
CH01149,4.85,5.61,AND,
CH01150,0.0,0.35,AND,
CH01150,0.35,1.9,BX,V2
CH01150,1.9,4.05,QV,V2
CH01150,4.05,4.82,BX,V2
CH01151,0.0,0.45,AND,
CH01151,0.45,1.95,BX,V2
CH01151,1.95,4.3,QV,V2
CH01151,4.3,5.8,BX,V2
CH01151,5.8,6.28,AND,
CH01152,0.0,0.05,AND,
CH01152,0.05,1.6,BX,V2
CH01152,1.6,4.05,QV,V2
CH01152,4.05,5.55,BX,V2
CH01152,5.55,6.07,AND,
CH01153,0.0,1.55,BX,V2
CH01153,1.55,4.1,QV,V2
CH01153,4.1,5.23,BX,V2
CH01154,0.0,0.05,AND,
CH01154,0.05,1.6,BX,V2
CH01154,1.6,4.3,QV,V2
CH01154,4.3,5.63,BX,V2
CH01155,0.0,1.5,BX,V2
CH01155,1.5,4.25,QV,V2
CH01155,4.25,5.75,BX,V2
CH01155,5.75,6.0,AND,
CH01156,0.0,1.3,BX,V2
CH01156,1.3,4.1,QV,V2
CH01156,4.1,5.6,BX,V2
CH01156,5.6,6.23,AND,
CH01157,0.0,0.2,AND,
CH01157,0.2,1.75,BX,V2
CH01157,1.75,4.5,QV,V2
CH01157,4.5,6.0,BX,V2
CH01157,6.0,6.46,AND,
CH01158,0.0,0.45,AND,
CH01158,0.45,2.0,BX,V2
CH01158,2.0,4.7,QV,V2
CH01158,4.7,5.73,BX,V2
CH01159,0.0,1.4,BX,V2
CH01159,1.4,4.0,QV,V2
CH01159,4.0,5.55,BX,V2
CH01159,5.55,6.57,AND,
CH01160,0.0,1.2,BX,V2
CH01160,1.2,3.75,QV,V2
CH01160,3.75,5.25,BX,V2
CH01160,5.25,5.99,AND,
CH01161,0.0,1.4,BX,V2
CH01161,1.4,3.8,QV,V2
CH01161,3.8,5.35,BX,V2
CH01161,5.35,5.46,AND,
CH01162,0.0,0.6,AND,
CH01162,0.6,2.1,BX,V2
CH01162,2.1,4.4,QV,V2
CH01162,4.4,5.51,BX,V2
CH01163,0.0,0.05,AND,
CH01163,0.05,1.6,BX,V2
CH01163,1.6,3.75,QV,V2
CH01163,3.75,5.25,BX,V2
CH01163,5.25,5.99,AND,
CH01164,0.0,1.35,BX,V2
CH01164,1.35,3.35,QV,V2
CH01164,3.35,4.9,BX,V2
CH01164,4.9,5.75,AND,
CH01165,0.0,0.15,AND,
CH01165,0.15,1.65,BX,V2
CH01165,1.65,3.6,QV,V2
CH01165,3.6,4.53,BX,V2
CH01166,0.0,0.5,AND,
CH01166,0.5,2.1,BX,V2
CH01166,2.1,3.95,QV,V2
CH01166,3.95,5.5,BX,V2
CH01166,5.5,5.6,AND,
CH01167,0.0,0.15,AND,
CH01167,0.15,1.7,BX,V2
CH01167,1.7,3.45,QV,V2
CH01167,3.45,4.32,BX,V2
CH01168,0.0,1.45,BX,V2
CH01168,1.45,3.05,QV,V2
CH01168,3.05,4.6,BX,V2
CH01168,4.6,5.18,AND,
CH01169,0.0,1.25,BX,V2
CH01169,1.25,2.85,QV,V2
CH01169,2.85,4.35,BX,V2
CH01169,4.35,4.4,AND,
CH01170,0.0,0.1,AND,
CH01170,0.1,1.7,BX,V2
CH01170,1.7,3.25,QV,V2
CH01170,3.25,4.04,BX,V2
CH01171,0.0,0.2,AND,
CH01171,0.2,1.75,BX,V2
CH01171,1.75,3.2,QV,V2
CH01171,3.2,4.01,BX,V2
CH01172,0.0,0.1,AND,
CH01172,0.1,1.65,BX,V2
CH01172,1.65,3.05,QV,V2
CH01172,3.05,4.6,BX,V2
CH01172,4.6,4.78,AND,
CH01173,0.0,1.5,BX,V2
CH01173,1.5,2.85,QV,V2
CH01173,2.85,4.15,BX,V2
CH01174,0.0,0.25,AND,
CH01174,0.25,1.8,BX,V2
CH01174,1.8,3.2,QV,V2
CH01174,3.2,4.62,BX,V2
CH01175,0.0,0.2,AND,
CH01175,0.2,1.75,BX,V2
CH01175,1.75,3.15,QV,V2
CH01175,3.15,4.62,BX,V2
CH01176,0.0,0.05,AND,
CH01176,0.05,1.6,BX,V2
CH01176,1.6,3.05,QV,V2
CH01176,3.05,4.6,BX,V2
CH01176,4.6,4.67,AND,
CH01177,0.0,0.3,AND,
CH01177,0.3,1.85,BX,V2
CH01177,1.85,3.35,QV,V2
CH01177,3.35,4.32,BX,V2
CH01178,0.0,1.5,BX,V2
CH01178,1.5,3.0,QV,V2
CH01178,3.0,4.55,BX,V2
CH01178,4.55,4.94,AND,
CH01179,0.0,0.35,AND,
CH01179,0.35,1.9,BX,V2
CH01179,1.9,3.45,QV,V2
CH01179,3.45,4.74,BX,V2
CH01180,0.0,1.15,BX,V2
CH01180,1.15,2.7,QV,V2
CH01180,2.7,4.25,BX,V2
CH01180,4.25,4.47,AND,
CH01181,0.0,1.55,BX,V2
CH01181,1.55,3.1,QV,V2
CH01181,3.1,4.65,BX,V2
CH01181,4.65,5.21,AND,
CH01182,0.0,0.3,AND,
CH01182,0.3,1.85,BX,V2
CH01182,1.85,3.35,QV,V2
CH01182,3.35,4.9,BX,V2
CH01182,4.9,5.14,AND,
CH01183,0.0,1.25,BX,V2
CH01183,1.25,2.65,QV,V2
CH01183,2.65,4.11,BX,V2
CH01184,0.0,0.1,AND,
CH01184,0.1,1.65,BX,V2
CH01184,1.65,2.95,QV,V2
CH01184,2.95,4.5,BX,V2
CH01184,4.5,4.73,AND,
CH01185,0.0,1.3,BX,V2
CH01185,1.3,2.5,QV,V2
CH01185,2.5,4.05,BX,V2
CH01185,4.05,5.09,AND,
CH01186,0.0,1.25,BX,V2
CH01186,1.25,2.4,QV,V2
CH01186,2.4,3.95,BX,V2
CH01186,3.95,4.76,AND,
CH01187,0.0,1.15,BX,V2
CH01187,1.15,2.2,QV,V2
CH01187,2.2,3.75,BX,V2
CH01187,3.75,4.08,AND,
CH01188,0.0,0.05,AND,
CH01188,0.05,1.6,BX,V2
CH01188,1.6,2.55,QV,V2
CH01188,2.55,4.1,BX,V2
CH01188,4.1,4.82,AND,
CH01189,0.0,0.05,AND,
CH01189,0.05,1.6,BX,V2
CH01189,1.6,2.5,QV,V2
CH01189,2.5,4.1,BX,V2
CH01189,4.1,4.32,AND,
CH01190,0.0,1.45,BX,V2
CH01190,1.45,2.35,QV,V2
CH01190,2.35,3.38,BX,V2
CH01191,0.0,1.5,BX,V2
CH01191,1.5,2.35,QV,V2
CH01191,2.35,3.5,BX,V2
CH01192,0.0,0.4,AND,
CH01192,0.4,1.95,BX,V2
CH01192,1.95,2.8,QV,V2
CH01192,2.8,3.55,BX,V2
CH01193,0.0,0.25,AND,
CH01193,0.25,1.8,BX,V2
CH01193,1.8,2.6,QV,V2
CH01193,2.6,4.15,BX,V2
CH01193,4.15,4.72,AND,
CH01194,0.0,1.55,BX,V2
CH01194,1.55,2.3,QV,V2
CH01194,2.3,3.63,BX,V2
CH01195,0.0,0.5,AND,
CH01195,0.5,2.05,BX,V2
CH01195,2.05,2.75,QV,V2
CH01195,2.75,4.3,BX,V2
CH01195,4.3,4.38,AND,
CH01196,0.0,0.4,AND,
CH01196,0.4,1.95,BX,V2
CH01196,1.95,2.65,QV,V2
CH01196,2.65,3.64,BX,V2
CH01197,0.0,0.2,AND,
CH01197,0.2,1.75,BX,V2
CH01197,1.75,2.4,QV,V2
CH01197,2.4,3.91,BX,V2
CH01198,0.0,0.4,AND,
CH01198,0.4,1.95,BX,V2
CH01198,1.95,2.5,QV,V2
CH01198,2.5,4.05,BX,V2
CH01198,4.05,4.1,AND,
CH01199,0.0,1.4,BX,V2
CH01199,1.4,1.9,QV,V2
CH01199,1.9,3.45,BX,V2
CH01199,3.45,4.02,AND,
CH01200,0.0,0.1,AND,
CH01200,0.1,1.65,BX,V2
CH01200,1.65,2.1,QV,V2
CH01200,2.1,3.65,BX,V2
CH01200,3.65,4.46,AND,
CH01201,0.0,0.2,AND,
CH01201,0.2,1.75,BX,V2
CH01201,1.75,2.15,QV,V2
CH01201,2.15,3.55,BX,V2
CH01202,0.0,1.5,BX,V2
CH01202,1.5,1.85,QV,V2
CH01202,1.85,3.4,BX,V2
CH01202,3.4,3.53,AND,
CH01203,0.0,1.5,BX,V2
CH01203,1.5,1.7,QV,V2
CH01203,1.7,3.25,BX,V2
CH01203,3.25,3.41,AND,
CH01204,0.0,2.78,AND,
CH01205,0.0,0.15,AND,
CH01205,0.15,1.7,BX,V1
CH01205,1.7,4.4,QV,V1
CH01205,4.4,5.29,BX,V1
CH01206,0.0,1.2,BX,V1
CH01206,1.2,3.9,QV,V1
CH01206,3.9,5.5,BX,V1
CH01206,5.5,5.79,AND,
CH01207,0.0,0.05,AND,
CH01207,0.05,1.65,BX,V1
CH01207,1.65,4.35,QV,V1
CH01207,4.35,5.9,BX,V1
CH01207,5.9,6.2,AND,
CH01208,0.0,1.3,BX,V1
CH01208,1.3,4.0,QV,V1
CH01208,4.0,5.34,BX,V1
CH01209,0.0,0.3,AND,
CH01209,0.3,1.9,BX,V1
CH01209,1.9,4.6,QV,V1
CH01209,4.6,6.18,BX,V1
CH01210,0.0,1.2,BX,V1
CH01210,1.2,3.9,QV,V1
CH01210,3.9,5.28,BX,V1
CH01211,0.0,1.4,BX,V1
CH01211,1.4,4.1,QV,V1
CH01211,4.1,5.65,BX,V1
CH01211,5.65,6.2,AND,
CH01212,0.0,1.5,BX,V1
CH01212,1.5,4.25,QV,V1
CH01212,4.25,5.35,BX,V1
CH01213,0.0,1.0,BX,V1
CH01213,1.0,3.75,QV,V1
CH01213,3.75,5.35,BX,V1
CH01213,5.35,6.32,AND,
CH01214,0.0,1.5,BX,V1
CH01214,1.5,4.35,QV,V1
CH01214,4.35,5.9,BX,V1
CH01214,5.9,6.53,AND,
CH01215,0.0,1.4,BX,V1
CH01215,1.4,4.35,QV,V1
CH01215,4.35,5.9,BX,V1
CH01215,5.9,6.05,AND,
CH01216,0.0,1.4,BX,V1
CH01216,1.4,4.45,QV,V1
CH01216,4.45,6.0,BX,V1
CH01216,6.0,6.22,AND,
CH01217,0.0,0.35,AND,
CH01217,0.35,1.9,BX,V1
CH01217,1.9,5.1,QV,V1
CH01217,5.1,6.22,BX,V1
CH01218,0.0,0.35,AND,
CH01218,0.35,1.9,BX,V1
CH01218,1.9,5.15,QV,V1
CH01218,5.15,6.7,BX,V1
CH01218,6.7,6.83,AND,
CH01219,0.0,0.35,AND,
CH01219,0.35,1.9,BX,V1
CH01219,1.9,5.25,QV,V1
CH01219,5.25,6.62,BX,V1
CH01220,0.0,1.35,BX,V1
CH01220,1.35,4.75,QV,V1
CH01220,4.75,6.3,BX,V1
CH01220,6.3,6.49,AND,
CH01221,0.0,0.05,AND,
CH01221,0.05,1.6,BX,V1
CH01221,1.6,5.05,QV,V1
CH01221,5.05,6.6,BX,V1
CH01221,6.6,6.88,AND,
CH01222,0.0,0.1,AND,
CH01222,0.1,1.7,BX,V1
CH01222,1.7,5.1,QV,V1
CH01222,5.1,6.3,BX,V1
CH01223,0.0,1.55,BX,V1
CH01223,1.55,4.9,QV,V1
CH01223,4.9,6.01,BX,V1
CH01224,0.0,1.55,BX,V1
CH01224,1.55,4.8,QV,V1
CH01224,4.8,6.35,BX,V1
CH01224,6.35,6.6,AND,
CH01225,0.0,0.3,AND,
CH01225,0.3,1.85,BX,V1
CH01225,1.85,4.95,QV,V1
CH01225,4.95,5.56,BX,V1
CH01226,0.0,0.4,AND,
CH01226,0.4,1.95,BX,V1
CH01226,1.95,4.95,QV,V1
CH01226,4.95,6.08,BX,V1
CH01227,0.0,1.5,BX,V1
CH01227,1.5,4.4,QV,V1
CH01227,4.4,5.95,BX,V1
CH01227,5.95,6.28,AND,
CH01228,0.0,0.35,AND,
CH01228,0.35,1.9,BX,V1
CH01228,1.9,4.7,QV,V1
CH01228,4.7,6.25,BX,V1
CH01228,6.25,6.34,AND,
CH01229,0.0,1.25,BX,V1
CH01229,1.25,4.05,QV,V1
CH01229,4.05,5.6,BX,V1
CH01229,5.6,6.68,AND,
CH01230,0.0,0.4,AND,
CH01230,0.4,1.95,BX,V1
CH01230,1.95,4.75,QV,V1
CH01230,4.75,5.54,BX,V1
CH01231,0.0,1.45,BX,V1
CH01231,1.45,4.35,QV,V1
CH01231,4.35,5.9,BX,V1
CH01231,5.9,6.18,AND,
CH01232,0.0,0.25,AND,
CH01232,0.25,1.75,BX,V1
CH01232,1.75,4.75,QV,V1
CH01232,4.75,6.04,BX,V1
CH01233,0.0,1.45,BX,V1
CH01233,1.45,4.65,QV,V1
CH01233,4.65,6.2,BX,V1
CH01233,6.2,6.4,AND,
CH01234,0.0,0.05,AND,
CH01234,0.05,1.6,BX,V1
CH01234,1.6,5.05,QV,V1
CH01234,5.05,6.6,BX,V1
CH01234,6.6,7.24,AND,
CH01235,0.0,0.05,AND,
CH01235,0.05,1.6,BX,V1
CH01235,1.6,5.3,QV,V1
CH01235,5.3,6.85,BX,V1
CH01235,6.85,7.21,AND,
CH01236,0.0,0.1,AND,
CH01236,0.1,1.65,BX,V1
CH01236,1.65,5.7,QV,V1
CH01236,5.7,6.49,BX,V1
CH01237,0.0,1.35,BX,V1
CH01237,1.35,5.75,QV,V1
CH01237,5.75,7.3,BX,V1
CH01237,7.3,8.23,AND,
CH01238,0.0,1.3,BX,V1
CH01238,1.3,6.0,QV,V1
CH01238,6.0,7.42,BX,V1
CH01239,0.0,0.05,AND,
CH01239,0.05,1.6,BX,V1
CH01239,1.6,6.55,QV,V1
CH01239,6.55,8.06,BX,V1
CH01240,0.0,0.2,AND,
CH01240,0.2,1.75,BX,V1
CH01240,1.75,6.85,QV,V1
CH01240,6.85,8.4,BX,V1
CH01240,8.4,8.89,AND,
CH01241,0.0,1.1,BX,V1
CH01241,1.1,6.05,QV,V1
CH01241,6.05,7.47,BX,V1
CH01242,0.0,1.35,BX,V1
CH01242,1.35,6.15,QV,V1
CH01242,6.15,7.7,BX,V1
CH01242,7.7,8.44,AND,
CH01243,0.0,1.4,BX,V1
CH01243,1.4,5.95,QV,V1
CH01243,5.95,7.5,BX,V1
CH01243,7.5,7.73,AND,
CH01244,0.0,0.75,BX,V1
CH01244,0.75,4.8,QV,V1
CH01244,4.8,6.35,BX,V1
CH01244,6.35,7.45,AND,
CH01245,0.0,0.7,BX,V1
CH01245,0.7,4.45,QV,V1
CH01245,4.45,6.05,BX,V1
CH01245,6.05,6.37,AND,
CH01246,0.0,0.75,BX,V1
CH01246,0.75,3.95,QV,V1
CH01246,3.95,5.5,BX,V1
CH01246,5.5,6.31,AND,
CH01247,0.0,1.15,BX,V1
CH01247,1.15,3.9,QV,V1
CH01247,3.9,5.45,BX,V1
CH01247,5.45,5.52,AND,
CH01248,0.0,1.45,BX,V1
CH01248,1.45,3.75,QV,V1
CH01248,3.75,4.74,BX,V1
CH01249,0.0,1.05,BX,V1
CH01249,1.05,3.1,QV,V1
CH01249,3.1,4.7,BX,V1
CH01249,4.7,4.81,AND,
CH01250,0.0,0.8,BX,V1
CH01250,0.8,2.45,QV,V1
CH01250,2.45,4.0,BX,V1
CH01250,4.0,4.74,AND,
CH01251,0.0,0.55,BX,V1
CH01251,0.55,2.0,QV,V1
CH01251,2.0,3.55,BX,V1
CH01251,3.55,4.54,AND,
CH01252,0.0,1.15,BX,V1
CH01252,1.15,2.4,QV,V1
CH01252,2.4,3.95,BX,V1
CH01252,3.95,4.16,AND,
CH01253,0.0,1.2,BX,V1
CH01253,1.2,2.35,QV,V1
CH01253,2.35,3.9,BX,V1
CH01253,3.9,4.91,AND,
CH01254,0.0,0.75,BX,V1
CH01254,0.75,1.85,QV,V1
CH01254,1.85,3.4,BX,V1
CH01254,3.4,4.25,AND,
CH01255,0.0,0.95,BX,V1
CH01255,0.95,1.95,QV,V1
CH01255,1.95,3.5,BX,V1
CH01255,3.5,4.91,AND,
CH01256,0.0,0.9,BX,V1
CH01256,0.9,1.9,QV,V1
CH01256,1.9,3.45,BX,V1
CH01256,3.45,3.85,AND,
CH01257,0.0,1.1,BX,V1
CH01257,1.1,2.2,QV,V1
CH01257,2.2,3.75,BX,V1
CH01257,3.75,4.82,AND,
CH01258,0.0,1.35,BX,V1
CH01258,1.35,2.5,QV,V1
CH01258,2.5,4.05,BX,V1
CH01258,4.05,4.8,AND,
CH01259,0.0,1.15,BX,V1
CH01259,1.15,2.35,QV,V1
CH01259,2.35,3.9,BX,V1
CH01259,3.9,4.86,AND,
CH01260,0.0,1.05,BX,V1
CH01260,1.05,2.35,QV,V1
CH01260,2.35,3.9,BX,V1
CH01260,3.9,4.8,AND,
CH01261,0.0,0.8,BX,V1
CH01261,0.8,2.25,QV,V1
CH01261,2.25,3.8,BX,V1
CH01261,3.8,4.94,AND,
CH01262,0.0,0.6,BX,V1
CH01262,0.6,2.25,QV,V1
CH01262,2.25,3.75,BX,V1
CH01262,3.75,4.38,AND,
CH01263,0.0,0.9,BX,V1
CH01263,0.9,2.7,QV,V1
CH01263,2.7,4.25,BX,V1
CH01263,4.25,5.64,AND,
CH01264,0.0,1.4,BX,V1
CH01264,1.4,3.35,QV,V1
CH01264,3.35,4.43,BX,V1
CH01265,0.0,1.3,BX,V1
CH01265,1.3,3.45,QV,V1
CH01265,3.45,5.0,BX,V1
CH01265,5.0,5.7,AND,
CH01266,0.0,1.35,BX,V1
CH01266,1.35,3.65,QV,V1
CH01266,3.65,5.15,BX,V1
CH01266,5.15,5.65,AND,
CH01267,0.0,1.45,BX,V1
CH01267,1.45,3.9,QV,V1
CH01267,3.9,5.4,BX,V1
CH01267,5.4,5.48,AND,
CH01268,0.0,1.35,BX,V1
CH01268,1.35,3.8,QV,V1
CH01268,3.8,5.19,BX,V1
CH01269,0.0,1.05,BX,V1
CH01269,1.05,3.55,QV,V1
CH01269,3.55,5.1,BX,V1
CH01269,5.1,5.51,AND,
CH01270,0.0,1.05,BX,V1
CH01270,1.05,3.55,QV,V1
CH01270,3.55,5.1,BX,V1
CH01270,5.1,6.28,AND,
CH01271,0.0,1.35,BX,V1
CH01271,1.35,3.85,QV,V1
CH01271,3.85,5.12,BX,V1
CH01272,0.0,1.3,BX,V1
CH01272,1.3,3.75,QV,V1
CH01272,3.75,5.3,BX,V1
CH01272,5.3,6.11,AND,
CH01273,0.0,1.05,BX,V1
CH01273,1.05,3.55,QV,V1
CH01273,3.55,5.05,BX,V1
CH01273,5.05,6.06,AND,
CH01274,0.0,1.35,BX,V1
CH01274,1.35,3.85,QV,V1
CH01274,3.85,5.4,BX,V1
CH01274,5.4,6.21,AND,
CH01275,0.0,1.2,BX,V1
CH01275,1.2,3.75,QV,V1
CH01275,3.75,5.14,BX,V1
CH01276,0.0,0.9,BX,V1
CH01276,0.9,3.5,QV,V1
CH01276,3.5,5.05,BX,V1
CH01276,5.05,5.51,AND,
CH01277,0.0,0.85,BX,V1
CH01277,0.85,3.6,QV,V1
CH01277,3.6,5.1,BX,V1
CH01277,5.1,6.55,AND,
CH01278,0.0,1.1,BX,V1
CH01278,1.1,4.0,QV,V1
CH01278,4.0,5.5,BX,V1
CH01278,5.5,6.26,AND,
CH01279,0.0,1.45,BX,V1
CH01279,1.45,4.45,QV,V1
CH01279,4.45,5.77,BX,V1
CH01280,0.0,1.0,BX,V1
CH01280,1.0,4.25,QV,V1
CH01280,4.25,5.8,BX,V1
CH01280,5.8,6.67,QV,V4
CH01281,0.0,0.85,BX,V1
CH01281,0.85,4.15,QV,V1
CH01281,4.15,5.75,QV,V4
CH01281,5.75,6.01,BX,V4
CH01282,0.0,1.35,BX,V1
CH01282,1.35,2.55,QV,V1
CH01282,2.55,4.25,QV,V4
CH01282,4.25,4.8,QV,V1
CH01282,4.8,5.93,BX,V1
CH01283,0.0,0.3,BX,V1
CH01283,0.3,2.05,QV,V4
CH01283,2.05,4.6,QV,V1
CH01283,4.6,6.15,BX,V1
CH01283,6.15,6.59,AND,
CH01284,0.0,0.45,QV,V4
CH01284,0.45,1.4,BX,V1
CH01284,1.4,4.95,QV,V1
CH01284,4.95,6.5,BX,V1
CH01284,6.5,6.96,AND,
CH01285,0.0,1.2,BX,V1
CH01285,1.2,4.65,QV,V1
CH01285,4.65,6.2,BX,V1
CH01285,6.2,6.9,AND,
CH01286,0.0,1.35,BX,V1
CH01286,1.35,4.65,QV,V1
CH01286,4.65,6.2,BX,V1
CH01286,6.2,6.26,AND,
CH01287,0.0,1.4,BX,V1
CH01287,1.4,4.45,QV,V1
CH01287,4.45,5.77,BX,V1
CH01288,0.0,1.2,BX,V1
CH01288,1.2,4.0,QV,V1
CH01288,4.0,5.55,BX,V1
CH01288,5.55,5.62,AND,
CH01289,0.0,1.2,BX,V1
CH01289,1.2,3.75,QV,V1
CH01289,3.75,5.3,BX,V1
CH01289,5.3,5.85,AND,
CH01290,0.0,1.25,BX,V1
CH01290,1.25,3.55,QV,V1
CH01290,3.55,4.77,BX,V1
CH01291,0.0,0.15,AND,
CH01291,0.15,1.7,BX,V1
CH01291,1.7,3.75,QV,V1
CH01291,3.75,4.77,BX,V1
CH01292,0.0,0.2,AND,
CH01292,0.2,1.75,BX,V1
CH01292,1.75,3.65,QV,V1
CH01292,3.65,4.53,BX,V1
CH01293,0.0,0.15,AND,
CH01293,0.15,1.7,BX,V1
CH01293,1.7,3.4,QV,V1
CH01293,3.4,4.43,BX,V1
CH01294,0.0,0.15,AND,
CH01294,0.15,1.7,BX,V1
CH01294,1.7,3.25,QV,V1
CH01294,3.25,4.8,BX,V1
CH01294,4.8,5.49,AND,
CH01295,0.0,1.25,BX,V1
CH01295,1.25,2.75,QV,V1
CH01295,2.75,4.18,BX,V1
CH01296,0.0,0.95,BX,V1
CH01296,0.95,2.4,QV,V1
CH01296,2.4,3.95,BX,V1
CH01296,3.95,4.68,AND,
CH01297,0.0,1.55,BX,V1
CH01297,1.55,2.95,QV,V1
CH01297,2.95,4.5,BX,V1
CH01297,4.5,5.34,AND,
CH01298,0.0,0.95,BX,V1
CH01298,0.95,2.4,QV,V1
CH01298,2.4,3.9,BX,V1
CH01298,3.9,4.12,AND,
CH01299,0.0,1.5,BX,V1
CH01299,1.5,3.0,QV,V1
CH01299,3.0,4.5,BX,V1
CH01299,4.5,5.39,AND,
CH01300,0.0,1.1,BX,V1
CH01300,1.1,2.65,QV,V1
CH01300,2.65,4.15,BX,V1
CH01300,4.15,5.0,AND,
CH01301,0.0,0.95,BX,V1
CH01301,0.95,2.6,QV,V1
CH01301,2.6,4.15,BX,V1
CH01301,4.15,4.72,AND,
CH01302,0.0,0.35,AND,
CH01302,0.35,1.85,BX,V1
CH01302,1.85,3.65,QV,V1
CH01302,3.65,4.55,BX,V1
CH01303,0.0,1.2,BX,V1
CH01303,1.2,3.15,QV,V1
CH01303,3.15,4.65,BX,V1
CH01303,4.65,5.81,AND,
CH01304,0.0,0.1,AND,
CH01304,0.1,1.65,BX,V1
CH01304,1.65,3.7,QV,V1
CH01304,3.7,5.2,BX,V1
CH01304,5.2,5.59,AND,
CH01305,0.0,0.05,AND,
CH01305,0.05,1.55,BX,V1
CH01305,1.55,3.8,QV,V1
CH01305,3.8,5.3,BX,V1
CH01305,5.3,6.08,AND,
CH01306,0.0,0.35,AND,
CH01306,0.35,1.85,BX,V1
CH01306,1.85,4.3,QV,V1
CH01306,4.3,5.8,BX,V1
CH01306,5.8,6.09,AND,
CH01307,0.0,1.5,BX,V1
CH01307,1.5,4.1,QV,V1
CH01307,4.1,5.55,BX,V1
CH01308,0.0,0.3,AND,
CH01308,0.3,1.85,BX,V1
CH01308,1.85,4.65,QV,V1
CH01308,4.65,6.15,BX,V1
CH01308,6.15,6.71,AND,
CH01309,0.0,1.15,BX,V1
CH01309,1.15,4.1,QV,V1
CH01309,4.1,5.6,BX,V1
CH01309,5.6,6.29,AND,
CH01310,0.0,0.3,AND,
CH01310,0.3,1.8,BX,V1
CH01310,1.8,4.95,QV,V1
CH01310,4.95,6.5,BX,V1
CH01310,6.5,6.55,AND,
CH01311,0.0,0.95,BX,V1
CH01311,0.95,4.2,QV,V1
CH01311,4.2,5.7,BX,V1
CH01311,5.7,6.64,AND,
CH01312,0.0,1.35,BX,V1
CH01312,1.35,4.7,QV,V1
CH01312,4.7,6.2,BX,V1
CH01312,6.2,6.36,AND,
CH01313,0.0,1.4,BX,V1
CH01313,1.4,4.8,QV,V1
CH01313,4.8,6.3,BX,V1
CH01313,6.3,6.92,AND,
CH01314,0.0,1.45,BX,V1
CH01314,1.45,4.8,QV,V1
CH01314,4.8,6.01,BX,V1
CH01315,0.0,0.9,BX,V1
CH01315,0.9,4.15,QV,V1
CH01315,4.15,5.65,BX,V1
CH01315,5.65,7.18,AND,
CH01316,0.0,1.55,BX,V1
CH01316,1.55,4.65,QV,V1
CH01316,4.65,6.15,BX,V1
CH01316,6.15,6.2,AND,
CH01317,0.0,0.3,AND,
CH01317,0.3,1.8,BX,V1
CH01317,1.8,4.7,QV,V1
CH01317,4.7,5.42,BX,V1
CH01318,0.0,1.35,BX,V1
CH01318,1.35,4.0,QV,V1
CH01318,4.0,5.55,BX,V1
CH01318,5.55,6.6,AND,
CH01319,0.0,1.3,BX,V1
CH01319,1.3,3.7,QV,V1
CH01319,3.7,5.2,BX,V1
CH01319,5.2,6.23,AND,
CH01320,0.0,1.25,BX,V1
CH01320,1.25,3.35,QV,V1
CH01320,3.35,4.85,BX,V1
CH01320,4.85,5.17,AND,
CH01321,0.0,0.95,BX,V1
CH01321,0.95,2.8,QV,V1
CH01321,2.8,4.3,BX,V1
CH01321,4.3,4.77,AND,
CH01322,0.0,1.4,BX,V1
CH01322,1.4,2.95,QV,V1
CH01322,2.95,4.45,BX,V1
CH01322,4.45,5.25,AND,
CH01323,0.0,1.4,BX,V1
CH01323,1.4,2.75,QV,V1
CH01323,2.75,4.25,BX,V1
CH01323,4.25,4.5,AND,
CH01324,0.0,1.4,BX,V1
CH01324,1.4,2.55,QV,V1
CH01324,2.55,4.05,BX,V1
CH01324,4.05,4.7,AND,
CH01325,0.0,0.95,BX,V1
CH01325,0.95,1.9,QV,V1
CH01325,1.9,3.4,BX,V1
CH01325,3.4,3.74,AND,
CH01326,0.0,0.15,AND,
CH01326,0.15,1.65,BX,V1
CH01326,1.65,2.5,QV,V1
CH01326,2.5,3.98,BX,V1
CH01327,0.0,1.2,BX,V1
CH01327,1.2,1.9,QV,V1
CH01327,1.9,3.28,BX,V1
CH01328,0.0,1.35,BX,V1
CH01328,1.35,2.0,QV,V1
CH01328,2.0,3.5,BX,V1
CH01328,3.5,4.04,AND,
CH01329,0.0,0.05,AND,
CH01329,0.05,1.55,BX,V1
CH01329,1.55,2.15,QV,V1
CH01329,2.15,3.4,BX,V1
CH01330,0.0,1.3,BX,V1
CH01330,1.3,1.85,QV,V1
CH01330,1.85,3.35,BX,V1
CH01330,3.35,3.93,AND,
CH01331,0.0,1.5,BX,V1
CH01331,1.5,1.95,QV,V1
CH01331,1.95,3.02,BX,V1
CH01332,0.0,1.35,BX,V1
CH01332,1.35,1.85,QV,V1
CH01332,1.85,3.35,BX,V1
CH01332,3.35,4.17,AND,
CH01333,0.0,0.2,AND,
CH01333,0.2,1.7,BX,V1
CH01333,1.7,2.2,QV,V1
CH01333,2.2,3.21,BX,V1
CH01334,0.0,0.3,AND,
CH01334,0.3,1.8,BX,V1
CH01334,1.8,2.3,QV,V1
CH01334,2.3,3.48,BX,V1
CH01335,0.0,1.25,BX,V1
CH01335,1.25,1.75,QV,V1
CH01335,1.75,3.25,BX,V1
CH01335,3.25,4.19,AND,
CH01336,0.0,0.3,AND,
CH01336,0.3,1.8,BX,V1
CH01336,1.8,2.3,QV,V1
CH01336,2.3,3.73,BX,V1
CH01337,0.0,1.15,BX,V1
CH01337,1.15,1.7,QV,V1
CH01337,1.7,3.2,BX,V1
CH01337,3.2,3.65,AND,
CH01338,0.0,0.1,AND,
CH01338,0.1,1.65,BX,V1
CH01338,1.65,2.3,QV,V1
CH01338,2.3,3.12,BX,V1
CH01339,0.0,1.3,BX,V1
CH01339,1.3,2.0,QV,V1
CH01339,2.0,3.5,BX,V1
CH01339,3.5,4.09,AND,
CH01340,0.0,1.1,BX,V1
CH01340,1.1,1.9,QV,V1
CH01340,1.9,3.4,BX,V1
CH01340,3.4,4.18,AND,
CH01341,0.0,1.25,BX,V1
CH01341,1.25,2.2,QV,V1
CH01341,2.2,3.7,BX,V1
CH01341,3.7,4.25,AND,
CH01342,0.0,1.5,BX,V1
CH01342,1.5,2.65,QV,V1
CH01342,2.65,4.08,BX,V1
CH01343,0.0,0.1,AND,
CH01343,0.1,1.6,BX,V1
CH01343,1.6,3.05,QV,V1
CH01343,3.05,4.19,BX,V1
CH01344,0.0,1.45,BX,V1
CH01344,1.45,3.15,QV,V1
CH01344,3.15,4.65,BX,V1
CH01344,4.65,5.24,AND,
CH01345,0.0,1.1,BX,V1
CH01345,1.1,3.15,QV,V1
CH01345,3.15,4.65,BX,V1
CH01345,4.65,5.58,AND,
CH01346,0.0,0.1,AND,
CH01346,0.1,1.6,BX,V1
CH01346,1.6,4.05,QV,V1
CH01346,4.05,5.15,BX,V1
CH01347,0.0,1.4,BX,V1
CH01347,1.4,4.3,QV,V1
CH01347,4.3,5.8,BX,V1
CH01347,5.8,6.56,AND,
CH01348,0.0,1.5,BX,V1
CH01348,1.5,4.8,QV,V1
CH01348,4.8,6.02,BX,V1
CH01349,0.0,1.0,BX,V1
CH01349,1.0,4.7,QV,V1
CH01349,4.7,6.2,BX,V1
CH01349,6.2,7.38,AND,
CH01350,0.0,1.3,BX,V1
CH01350,1.3,5.3,QV,V1
CH01350,5.3,6.74,BX,V1
CH01351,0.0,1.5,BX,V1
CH01351,1.5,5.65,QV,V1
CH01351,5.65,7.15,BX,V1
CH01351,7.15,7.22,AND,
CH01352,0.0,1.45,BX,V1
CH01352,1.45,5.65,QV,V1
CH01352,5.65,6.99,BX,V1
CH01353,0.0,1.05,BX,V1
CH01353,1.05,5.15,QV,V1
CH01353,5.15,6.7,BX,V1
CH01353,6.7,6.77,AND,
CH01354,0.0,1.15,BX,V1
CH01354,1.15,5.1,QV,V1
CH01354,5.1,6.6,BX,V1
CH01354,6.6,7.21,AND,
CH01355,0.0,1.5,BX,V1
CH01355,1.5,5.2,QV,V1
CH01355,5.2,6.4,BX,V1
CH01356,0.0,1.25,BX,V1
CH01356,1.25,4.65,QV,V1
CH01356,4.65,6.15,BX,V1
CH01356,6.15,6.91,AND,
CH01357,0.0,0.2,AND,
CH01357,0.2,1.7,BX,V1
CH01357,1.7,4.75,QV,V1
CH01357,4.75,6.09,BX,V1
CH01358,0.0,1.0,BX,V1
CH01358,1.0,3.75,QV,V1
CH01358,3.75,5.25,BX,V1
CH01358,5.25,5.57,AND,
CH01359,0.0,1.1,BX,V1
CH01359,1.1,3.6,QV,V1
CH01359,3.6,5.1,BX,V1
CH01359,5.1,5.79,AND,
CH01360,0.0,0.85,BX,V1
CH01360,0.85,3.1,QV,V1
CH01360,3.1,4.6,BX,V1
CH01360,4.6,5.96,AND,
CH01361,0.0,1.15,BX,V1
CH01361,1.15,3.25,QV,V1
CH01361,3.25,4.75,BX,V1
CH01361,4.75,5.26,AND,
CH01362,0.0,1.15,BX,V1
CH01362,1.15,3.1,QV,V1
CH01362,3.1,4.65,BX,V1
CH01362,4.65,5.63,AND,
CH01363,0.0,1.3,BX,V1
CH01363,1.3,3.1,QV,V1
CH01363,3.1,4.6,BX,V1
CH01363,4.6,5.59,AND,
CH01364,0.0,1.25,BX,V1
CH01364,1.25,3.0,QV,V1
CH01364,3.0,4.5,BX,V1
CH01364,4.5,4.88,AND,
CH01365,0.0,1.35,BX,V1
CH01365,1.35,3.1,QV,V1
CH01365,3.1,4.6,BX,V1
CH01365,4.6,5.04,AND,
CH01366,0.0,0.9,AND,
CH01366,0.9,2.45,BX,V2
CH01366,2.45,3.1,QV,V2
CH01366,3.1,3.98,BX,V2
CH01367,0.0,0.4,AND,
CH01367,0.4,1.9,BX,V2
CH01367,1.9,2.65,QV,V2
CH01367,2.65,4.2,BX,V2
CH01367,4.2,4.34,AND,
CH01368,0.0,0.4,AND,
CH01368,0.4,1.95,BX,V2
CH01368,1.95,2.8,QV,V2
CH01368,2.8,4.13,BX,V2
CH01369,0.0,0.7,AND,
CH01369,0.7,2.2,BX,V2
CH01369,2.2,3.2,QV,V2
CH01369,3.2,4.51,BX,V2
CH01370,0.0,0.05,AND,
CH01370,0.05,1.6,BX,V2
CH01370,1.6,2.65,QV,V2
CH01370,2.65,4.2,BX,V2
CH01370,4.2,4.32,AND,
CH01371,0.0,0.35,AND,
CH01371,0.35,1.9,BX,V2
CH01371,1.9,3.1,QV,V2
CH01371,3.1,4.65,BX,V2
CH01371,4.65,5.1,AND,
CH01372,0.0,0.05,AND,
CH01372,0.05,1.6,BX,V2
CH01372,1.6,2.9,QV,V2
CH01372,2.9,3.78,BX,V2
CH01373,0.0,0.7,AND,
CH01373,0.7,2.25,BX,V2
CH01373,2.25,3.65,QV,V2
CH01373,3.65,4.8,BX,V2
CH01374,0.0,0.65,AND,
CH01374,0.65,2.2,BX,V2
CH01374,2.2,3.6,QV,V2
CH01374,3.6,4.77,BX,V2
CH01375,0.0,0.05,AND,
CH01375,0.05,1.6,BX,V2
CH01375,1.6,3.0,QV,V2
CH01375,3.0,4.5,BX,V2
CH01375,4.5,4.84,AND,
CH01376,0.0,0.4,AND,
CH01376,0.4,1.95,BX,V2
CH01376,1.95,3.35,QV,V2
CH01376,3.35,4.9,BX,V2
CH01376,4.9,5.03,AND,
CH01377,0.0,1.5,BX,V2
CH01377,1.5,2.85,QV,V2
CH01377,2.85,4.4,BX,V2
CH01377,4.4,5.25,AND,
CH01378,0.0,0.5,AND,
CH01378,0.5,2.1,BX,V2
CH01378,2.1,3.4,QV,V2
CH01378,3.4,4.32,BX,V2
CH01379,0.0,1.55,BX,V2
CH01379,1.55,2.7,QV,V2
CH01379,2.7,4.25,BX,V2
CH01379,4.25,5.06,AND,
CH01380,0.0,0.3,AND,
CH01380,0.3,1.9,BX,V2
CH01380,1.9,3.0,QV,V2
CH01380,3.0,4.6,BX,V2
CH01380,4.6,4.81,AND,
CH01381,0.0,1.45,BX,V2
CH01381,1.45,2.4,QV,V2
CH01381,2.4,3.95,BX,V2
CH01381,3.95,4.47,AND,
CH01382,0.0,0.3,AND,
CH01382,0.3,1.9,BX,V2
CH01382,1.9,2.7,QV,V2
CH01382,2.7,3.54,BX,V2
CH01383,0.0,0.65,AND,
CH01383,0.65,2.2,BX,V2
CH01383,2.2,2.9,QV,V2
CH01383,2.9,3.96,BX,V2
CH01384,0.0,0.35,AND,
CH01384,0.35,1.95,BX,V2
CH01384,1.95,2.55,QV,V2
CH01384,2.55,4.15,BX,V2
CH01384,4.15,4.24,AND,
CH01385,0.0,0.5,AND,
CH01385,0.5,2.05,BX,V2
CH01385,2.05,2.55,QV,V2
CH01385,2.55,4.1,BX,V2
CH01385,4.1,4.34,AND,
CH01386,0.0,1.5,BX,V2
CH01386,1.5,1.95,QV,V2
CH01386,1.95,3.25,BX,V2
CH01387,0.0,0.2,AND,
CH01387,0.2,1.75,BX,V2
CH01387,1.75,2.15,QV,V2
CH01387,2.15,3.63,BX,V2
CH01388,0.0,1.2,BX,V2
CH01388,1.2,1.55,QV,V2
CH01388,1.55,3.1,BX,V2
CH01388,3.1,4.25,AND,
CH01389,0.0,1.2,BX,V2
CH01389,1.2,1.55,QV,V2
CH01389,1.55,3.1,BX,V2
CH01389,3.1,3.58,AND,
CH01390,0.0,0.5,AND,
CH01390,0.5,2.1,BX,V2
CH01390,2.1,2.4,QV,V2
CH01390,2.4,3.83,BX,V2
CH01391,0.0,1.55,BX,V2
CH01391,1.55,1.8,QV,V2
CH01391,1.8,3.4,BX,V2
CH01391,3.4,3.57,AND,
CH01392,0.0,0.25,AND,
CH01392,0.25,1.85,BX,V2
CH01392,1.85,2.15,QV,V2
CH01392,2.15,3.19,BX,V2
CH01393,0.0,1.4,BX,V2
CH01393,1.4,1.75,QV,V2
CH01393,1.75,3.3,BX,V2
CH01393,3.3,3.54,AND,
CH01394,0.0,1.35,BX,V2
CH01394,1.35,1.7,QV,V2
CH01394,1.7,3.17,BX,V2
CH01395,0.0,0.5,AND,
CH01395,0.5,2.1,BX,V2
CH01395,2.1,2.45,QV,V2
CH01395,2.45,3.08,BX,V2
CH01396,0.0,0.5,AND,
CH01396,0.5,2.05,BX,V2
CH01396,2.05,2.4,QV,V2
CH01396,2.4,3.64,BX,V2
CH01397,0.0,0.05,AND,
CH01397,0.05,1.6,BX,V2
CH01397,1.6,2.0,QV,V2
CH01397,2.0,3.55,BX,V2
CH01397,3.55,3.7,AND,
CH01398,0.0,0.05,AND,
CH01398,0.05,1.6,BX,V2
CH01398,1.6,2.05,QV,V2
CH01398,2.05,3.1,BX,V2
CH01399,0.0,1.5,BX,V2
CH01399,1.5,2.0,QV,V2
CH01399,2.0,3.24,BX,V2
CH01400,0.0,1.2,BX,V2
CH01400,1.2,1.75,QV,V2
CH01400,1.75,3.3,BX,V2
CH01400,3.3,3.87,AND,
CH01401,0.0,0.55,AND,
CH01401,0.55,2.1,BX,V2
CH01401,2.1,2.65,QV,V2
CH01401,2.65,3.79,BX,V2
CH01402,0.0,0.55,AND,
CH01402,0.55,2.1,BX,V2
CH01402,2.1,2.7,QV,V2
CH01402,2.7,4.13,BX,V2
CH01403,0.0,1.3,BX,V2
CH01403,1.3,2.0,QV,V2
CH01403,2.0,3.55,BX,V2
CH01403,3.55,4.65,AND,
CH01404,0.0,0.05,AND,
CH01404,0.05,1.55,BX,V2
CH01404,1.55,2.3,QV,V2
CH01404,2.3,3.85,BX,V2
CH01404,3.85,4.62,AND,
CH01405,0.0,1.45,BX,V2
CH01405,1.45,2.3,QV,V2
CH01405,2.3,3.8,BX,V2
CH01405,3.8,3.97,AND,
CH01406,0.0,1.25,BX,V2
CH01406,1.25,2.15,QV,V2
CH01406,2.15,3.41,BX,V2
CH01407,0.0,1.25,BX,V2
CH01407,1.25,2.25,QV,V2
CH01407,2.25,3.8,BX,V2
CH01407,3.8,4.59,AND,
CH01408,0.0,1.35,BX,V2
CH01408,1.35,2.45,QV,V2
CH01408,2.45,4.0,BX,V2
CH01408,4.0,4.97,AND,
CH01409,0.0,1.3,BX,V2
CH01409,1.3,2.55,QV,V2
CH01409,2.55,4.1,BX,V2
CH01409,4.1,4.37,AND,
CH01410,0.0,0.3,AND,
CH01410,0.3,1.85,BX,V2
CH01410,1.85,3.25,QV,V2
CH01410,3.25,4.22,BX,V2
CH01411,0.0,0.55,AND,
CH01411,0.55,2.1,BX,V2
CH01411,2.1,2.55,QV,V2
CH01411,2.55,3.6,QV,V4
CH01411,3.6,4.5,BX,V2
CH01412,0.0,0.7,QV,V4
CH01412,0.7,1.65,BX,V2
CH01412,1.65,3.2,QV,V2
CH01412,3.2,4.4,BX,V2
CH01413,0.0,0.55,BX,V4
CH01413,0.55,2.1,BX,V2
CH01413,2.1,3.7,QV,V2
CH01413,3.7,5.25,BX,V2
CH01413,5.25,5.46,AND,
CH01414,0.0,1.4,BX,V2
CH01414,1.4,3.0,QV,V2
CH01414,3.0,4.24,BX,V2
CH01415,0.0,0.35,AND,
CH01415,0.35,1.9,BX,V2
CH01415,1.9,3.5,QV,V2
CH01415,3.5,5.0,BX,V2
CH01415,5.0,5.22,AND,
CH01416,0.0,0.65,AND,
CH01416,0.65,2.2,BX,V2
CH01416,2.2,3.75,QV,V2
CH01416,3.75,4.74,BX,V2
CH01417,0.0,0.7,AND,
CH01417,0.7,2.25,BX,V2
CH01417,2.25,3.7,QV,V2
CH01417,3.7,5.25,BX,V2
CH01417,5.25,5.4,AND,
CH01418,0.0,0.45,AND,
CH01418,0.45,1.95,BX,V2
CH01418,1.95,3.35,QV,V2
CH01418,3.35,4.19,BX,V2
CH01419,0.0,0.35,AND,
CH01419,0.35,1.85,BX,V2
CH01419,1.85,3.15,QV,V2
CH01419,3.15,4.17,BX,V2
CH01420,0.0,0.55,AND,
CH01420,0.55,2.05,BX,V2
CH01420,2.05,3.25,QV,V2
CH01420,3.25,4.42,BX,V2
CH01421,0.0,1.35,BX,V2
CH01421,1.35,2.45,QV,V2
CH01421,2.45,4.0,BX,V2
CH01421,4.0,4.93,AND,
CH01422,0.0,1.3,BX,V2
CH01422,1.3,2.35,QV,V2
CH01422,2.35,3.85,BX,V2
CH01422,3.85,3.94,AND,
CH01423,0.0,0.45,AND,
CH01423,0.45,1.95,BX,V2
CH01423,1.95,2.9,QV,V2
CH01423,2.9,3.89,BX,V2
CH01424,0.0,0.3,AND,
CH01424,0.3,1.8,BX,V2
CH01424,1.8,2.7,QV,V2
CH01424,2.7,4.2,BX,V2
CH01425,0.0,0.4,AND,
CH01425,0.4,1.9,BX,V2
CH01425,1.9,2.75,QV,V2
CH01425,2.75,3.78,BX,V2
CH01426,0.0,0.4,AND,
CH01426,0.4,1.9,BX,V2
CH01426,1.9,2.7,QV,V2
CH01426,2.7,3.8,BX,V2
CH01427,0.0,0.35,AND,
CH01427,0.35,1.85,BX,V2
CH01427,1.85,2.6,QV,V2
CH01427,2.6,4.1,BX,V2
CH01427,4.1,4.42,AND,
CH01428,0.0,0.05,AND,
CH01428,0.05,1.55,BX,V2
CH01428,1.55,2.3,QV,V2
CH01428,2.3,3.8,BX,V2
CH01428,3.8,4.42,AND,
CH01429,0.0,0.2,AND,
CH01429,0.2,1.7,BX,V2
CH01429,1.7,2.4,QV,V2
CH01429,2.4,3.9,BX,V2
CH01429,3.9,3.98,AND,
CH01430,0.0,0.3,AND,
CH01430,0.3,1.8,BX,V2
CH01430,1.8,2.5,QV,V2
CH01430,2.5,4.0,BX,V2
CH01430,4.0,4.03,AND,
CH01431,0.0,0.45,AND,
CH01431,0.45,1.95,BX,V2
CH01431,1.95,2.7,QV,V2
CH01431,2.7,4.2,BX,V2
CH01431,4.2,4.37,AND,
CH01432,0.0,1.45,BX,V2
CH01432,1.45,2.2,QV,V2
CH01432,2.2,3.7,BX,V2
CH01432,3.7,4.53,AND,
CH01433,0.0,1.2,BX,V2
CH01433,1.2,1.95,QV,V2
CH01433,1.95,3.45,BX,V2
CH01433,3.45,4.28,AND,
CH01434,0.0,1.35,BX,V2
CH01434,1.35,2.15,QV,V2
CH01434,2.15,3.65,BX,V2
CH01434,3.65,4.03,AND,
CH01435,0.0,0.5,AND,
CH01435,0.5,2.0,BX,V2
CH01435,2.0,2.8,QV,V2
CH01435,2.8,4.08,BX,V2
CH01436,0.0,0.1,AND,
CH01436,0.1,1.6,BX,V2
CH01436,1.6,2.4,QV,V2
CH01436,2.4,3.9,BX,V2
CH01436,3.9,4.69,AND,
CH01437,0.0,0.45,AND,
CH01437,0.45,1.95,BX,V2
CH01437,1.95,2.8,QV,V2
CH01437,2.8,3.61,BX,V2
CH01438,0.0,1.45,BX,V2
CH01438,1.45,2.3,QV,V2
CH01438,2.3,3.66,BX,V2
CH01439,0.0,1.45,BX,V2
CH01439,1.45,2.25,QV,V2
CH01439,2.25,3.75,BX,V2
CH01439,3.75,4.35,AND,
CH01440,0.0,0.5,AND,
CH01440,0.5,2.0,BX,V2
CH01440,2.0,2.8,QV,V2
CH01440,2.8,3.82,BX,V2
CH01441,0.0,0.3,AND,
CH01441,0.3,1.8,BX,V2
CH01441,1.8,2.6,QV,V2
CH01441,2.6,4.1,BX,V2
CH01441,4.1,4.72,AND,
CH01442,0.0,1.45,BX,V2
CH01442,1.45,2.2,QV,V2
CH01442,2.2,3.7,BX,V2
CH01442,3.7,4.23,AND,
CH01443,0.0,0.25,AND,
CH01443,0.25,1.75,BX,V2
CH01443,1.75,2.5,QV,V2
CH01443,2.5,4.0,BX,V2
CH01443,4.0,4.71,AND,
CH01444,0.0,1.35,BX,V2
CH01444,1.35,2.05,QV,V2
CH01444,2.05,3.36,BX,V2
CH01445,0.0,0.55,AND,
CH01445,0.55,2.05,BX,V2
CH01445,2.05,2.8,QV,V2
CH01445,2.8,4.27,BX,V2
CH01446,0.0,0.5,AND,
CH01446,0.5,2.05,BX,V2
CH01446,2.05,2.8,QV,V2
CH01446,2.8,4.35,BX,V2
CH01446,4.35,4.73,AND,
CH01447,0.0,1.3,BX,V2
CH01447,1.3,2.1,QV,V2
CH01447,2.1,3.42,BX,V2
CH01448,0.0,1.45,BX,V2
CH01448,1.45,2.35,QV,V2
CH01448,2.35,3.85,BX,V2
CH01448,3.85,4.54,AND,
CH01449,0.0,1.45,BX,V2
CH01449,1.45,2.4,QV,V2
CH01449,2.4,3.95,BX,V2
CH01449,3.95,4.57,AND,
CH01450,0.0,1.55,BX,V2
CH01450,1.55,2.55,QV,V2
CH01450,2.55,3.78,BX,V2
CH01451,0.0,0.35,AND,
CH01451,0.35,1.85,BX,V2
CH01451,1.85,3.0,QV,V2
CH01451,3.0,4.55,BX,V2
CH01451,4.55,4.85,AND,
CH01452,0.0,1.4,BX,V2
CH01452,1.4,2.65,QV,V2
CH01452,2.65,4.15,BX,V2
CH01452,4.15,5.19,AND,
CH01453,0.0,1.35,BX,V2
CH01453,1.35,2.75,QV,V2
CH01453,2.75,4.25,BX,V2
CH01453,4.25,4.66,AND,
CH01454,0.0,1.3,BX,V2
CH01454,1.3,2.85,QV,V2
CH01454,2.85,4.35,BX,V2
CH01454,4.35,5.05,AND,
CH01455,0.0,0.35,AND,
CH01455,0.35,1.9,BX,V2
CH01455,1.9,3.55,QV,V2
CH01455,3.55,4.69,BX,V2
CH01456,0.0,0.1,AND,
CH01456,0.1,1.65,BX,V2
CH01456,1.65,3.55,QV,V2
CH01456,3.55,5.1,BX,V2
CH01456,5.1,5.52,AND,
CH01457,0.0,0.25,AND,
CH01457,0.25,1.75,BX,V2
CH01457,1.75,3.75,QV,V2
CH01457,3.75,5.05,BX,V2
CH01458,0.0,0.6,AND,
CH01458,0.6,2.1,BX,V2
CH01458,2.1,4.15,QV,V2
CH01458,4.15,5.18,BX,V2
CH01459,0.0,0.15,AND,
CH01459,0.15,1.7,BX,V2
CH01459,1.7,3.8,QV,V2
CH01459,3.8,5.35,BX,V2
CH01459,5.35,5.94,AND,
CH01460,0.0,1.45,BX,V2
CH01460,1.45,3.65,QV,V2
CH01460,3.65,5.15,BX,V2
CH01460,5.15,5.53,AND,
CH01461,0.0,0.5,AND,
CH01461,0.5,2.05,BX,V2
CH01461,2.05,4.25,QV,V2
CH01461,4.25,4.64,BX,V2
CH01462,0.0,0.65,AND,
CH01462,0.65,2.15,BX,V2
CH01462,2.15,4.3,QV,V2
CH01462,4.3,4.78,BX,V2
CH01463,0.0,0.65,AND,
CH01463,0.65,2.2,BX,V2
CH01463,2.2,4.3,QV,V2
CH01463,4.3,5.4,BX,V2
CH01464,0.0,0.2,AND,
CH01464,0.2,1.7,BX,V2
CH01464,1.7,3.8,QV,V2
CH01464,3.8,5.04,BX,V2
CH01465,0.0,0.05,AND,
CH01465,0.05,1.55,BX,V2
CH01465,1.55,3.65,QV,V2
CH01465,3.65,5.15,BX,V2
CH01465,5.15,5.43,AND,
CH01466,0.0,0.3,AND,
CH01466,0.3,1.8,BX,V2
CH01466,1.8,3.9,QV,V2
CH01466,3.9,5.4,BX,V2
CH01466,5.4,5.8,AND,
CH01467,0.0,0.7,AND,
CH01467,0.7,2.25,BX,V2
CH01467,2.25,4.35,QV,V2
CH01467,4.35,5.1,BX,V2
CH01468,0.0,1.35,BX,V2
CH01468,1.35,3.5,QV,V2
CH01468,3.5,5.05,BX,V2
CH01468,5.05,6.01,AND,
CH01469,0.0,1.35,BX,V2
CH01469,1.35,3.65,QV,V2
CH01469,3.65,5.15,BX,V2
CH01469,5.15,5.19,AND,
CH01470,0.0,0.2,AND,
CH01470,0.2,1.7,BX,V2
CH01470,1.7,4.15,QV,V2
CH01470,4.15,5.65,BX,V2
CH01470,5.65,6.02,AND,
CH01471,0.0,0.15,AND,
CH01471,0.15,1.7,BX,V2
CH01471,1.7,4.3,QV,V2
CH01471,4.3,5.69,BX,V2
CH01472,0.0,0.1,AND,
CH01472,0.1,1.6,BX,V2
CH01472,1.6,4.4,QV,V2
CH01472,4.4,5.9,BX,V2
CH01472,5.9,6.41,AND,
CH01473,0.0,1.25,BX,V2
CH01473,1.25,4.25,QV,V2
CH01473,4.25,5.6,BX,V2
CH01474,0.0,0.4,AND,
CH01474,0.4,1.95,BX,V2
CH01474,1.95,5.1,QV,V2
CH01474,5.1,6.04,BX,V2
CH01475,0.0,0.2,AND,
CH01475,0.2,1.7,BX,V2
CH01475,1.7,5.05,QV,V2
CH01475,5.05,6.55,BX,V2
CH01475,6.55,7.17,AND,
CH01476,0.0,1.5,BX,V2
CH01476,1.5,5.0,QV,V2
CH01476,5.0,6.02,BX,V2
CH01477,0.0,0.3,AND,
CH01477,0.3,1.8,BX,V2
CH01477,1.8,5.4,QV,V2
CH01477,5.4,6.69,BX,V2
CH01478,0.0,0.4,AND,
CH01478,0.4,1.9,BX,V2
CH01478,1.9,5.45,QV,V2
CH01478,5.45,7.0,BX,V2
CH01478,7.0,7.12,AND,
CH01479,0.0,0.5,AND,
CH01479,0.5,2.05,BX,V2
CH01479,2.05,5.6,QV,V2
CH01479,5.6,7.1,BX,V2
CH01479,7.1,7.39,AND,
CH01480,0.0,1.35,BX,V2
CH01480,1.35,4.85,QV,V2
CH01480,4.85,6.4,BX,V2
CH01480,6.4,7.1,AND,
CH01481,0.0,1.4,BX,V2
CH01481,1.4,4.8,QV,V2
CH01481,4.8,6.35,BX,V2
CH01481,6.35,6.53,AND,
CH01482,0.0,1.4,BX,V2
CH01482,1.4,4.75,QV,V2
CH01482,4.75,6.3,BX,V2
CH01482,6.3,6.76,AND,
CH01483,0.0,0.6,AND,
CH01483,0.6,2.15,BX,V2
CH01483,2.15,5.45,QV,V2
CH01483,5.45,7.0,BX,V2
CH01483,7.0,7.07,AND,
CH01484,0.0,0.65,AND,
CH01484,0.65,2.2,BX,V2
CH01484,2.2,5.35,QV,V2
CH01484,5.35,6.54,BX,V2
CH01485,0.0,0.5,AND,
CH01485,0.5,2.0,BX,V2
CH01485,2.0,5.1,QV,V2
CH01485,5.1,6.23,BX,V2
CH01486,0.0,1.3,BX,V2
CH01486,1.3,4.3,QV,V2
CH01486,4.3,5.8,BX,V2
CH01486,5.8,6.54,AND,
CH01487,0.0,0.15,AND,
CH01487,0.15,1.65,BX,V2
CH01487,1.65,4.55,QV,V2
CH01487,4.55,6.05,BX,V2
CH01487,6.05,6.23,AND,
CH01488,0.0,0.55,AND,
CH01488,0.55,2.1,BX,V2
CH01488,2.1,4.9,QV,V2
CH01488,4.9,5.83,BX,V2
CH01489,0.0,0.1,AND,
CH01489,0.1,1.65,BX,V2
CH01489,1.65,4.35,QV,V2
CH01489,4.35,5.9,BX,V2
CH01489,5.9,6.39,AND,
CH01490,0.0,0.2,AND,
CH01490,0.2,1.75,BX,V2
CH01490,1.75,4.35,QV,V2
CH01490,4.35,5.85,BX,V2
CH01490,5.85,6.07,AND,
CH01491,0.0,0.1,AND,
CH01491,0.1,1.65,BX,V2
CH01491,1.65,4.15,QV,V2
CH01491,4.15,5.14,BX,V2
CH01492,0.0,0.4,AND,
CH01492,0.4,1.9,BX,V2
CH01492,1.9,4.25,QV,V2
CH01492,4.25,5.8,BX,V2
CH01492,5.8,5.86,AND,
CH01493,0.0,0.55,AND,
CH01493,0.55,2.1,BX,V2
CH01493,2.1,4.35,QV,V2
CH01493,4.35,5.24,BX,V2
CH01494,0.0,1.2,BX,V2
CH01494,1.2,3.4,QV,V2
CH01494,3.4,4.95,BX,V2
CH01494,4.95,5.29,AND,
CH01495,0.0,0.25,AND,
CH01495,0.25,1.8,BX,V2
CH01495,1.8,3.95,QV,V2
CH01495,3.95,5.02,BX,V2
CH01496,0.0,0.5,AND,
CH01496,0.5,2.1,BX,V2
CH01496,2.1,4.15,QV,V2
CH01496,4.15,5.01,BX,V2
CH01497,0.0,1.1,BX,V2
CH01497,1.1,3.15,QV,V2
CH01497,3.15,4.52,BX,V2
CH01498,0.0,1.1,BX,V2
CH01498,1.1,3.15,QV,V2
CH01498,3.15,4.71,BX,V2
CH01499,0.0,0.05,AND,
CH01499,0.05,1.6,BX,V2
CH01499,1.6,3.6,QV,V2
CH01499,3.6,5.15,BX,V2
CH01499,5.15,5.21,AND,
CH01500,0.0,0.4,AND,
CH01500,0.4,1.95,BX,V2
CH01500,1.95,3.9,QV,V2
CH01500,3.9,5.45,BX,V2
CH01500,5.45,5.86,AND,
CH01501,0.0,1.45,BX,V2
CH01501,1.45,3.4,QV,V2
CH01501,3.4,4.56,BX,V2
CH01502,0.0,0.25,AND,
CH01502,0.25,1.8,BX,V2
CH01502,1.8,3.7,QV,V2
CH01502,3.7,5.16,BX,V2
CH01503,0.0,1.3,BX,V2
CH01503,1.3,3.1,QV,V2
CH01503,3.1,4.65,BX,V2
CH01503,4.65,5.62,AND,
CH01504,0.0,0.45,AND,
CH01504,0.45,2.0,BX,V2
CH01504,2.0,3.7,QV,V2
CH01504,3.7,4.84,BX,V2
CH01505,0.0,1.55,BX,V2
CH01505,1.55,3.15,QV,V2
CH01505,3.15,4.7,BX,V2
CH01505,4.7,5.24,AND,
CH01506,0.0,0.05,AND,
CH01506,0.05,1.6,BX,V2
CH01506,1.6,3.1,QV,V2
CH01506,3.1,4.62,BX,V2
CH01507,0.0,0.45,AND,
CH01507,0.45,2.0,BX,V2
CH01507,2.0,3.35,QV,V2
CH01507,3.35,4.58,BX,V2
CH01508,0.0,1.55,BX,V2
CH01508,1.55,2.85,QV,V2
CH01508,2.85,3.9,BX,V2
CH01509,0.0,1.15,BX,V2
CH01509,1.15,2.35,QV,V2
CH01509,2.35,3.8,BX,V2
CH01510,0.0,1.55,BX,V2
CH01510,1.55,2.65,QV,V2
CH01510,2.65,3.67,BX,V2
CH01511,0.0,0.3,AND,
CH01511,0.3,1.85,BX,V2
CH01511,1.85,2.9,QV,V2
CH01511,2.9,4.35,BX,V2
CH01512,0.0,1.1,BX,V2
CH01512,1.1,2.1,QV,V2
CH01512,2.1,3.6,BX,V2
CH01512,3.6,4.07,AND,
CH01513,0.0,1.2,BX,V2
CH01513,1.2,2.15,QV,V2
CH01513,2.15,3.65,BX,V2
CH01513,3.65,4.43,AND,
CH01514,0.0,1.3,BX,V2
CH01514,1.3,2.2,QV,V2
CH01514,2.2,3.75,BX,V2
CH01514,3.75,3.86,AND,
CH01515,0.0,0.2,AND,
CH01515,0.2,1.7,BX,V2
CH01515,1.7,2.6,QV,V2
CH01515,2.6,4.1,BX,V2
CH01515,4.1,4.34,AND,
CH01516,0.0,1.2,BX,V2
CH01516,1.2,2.05,QV,V2
CH01516,2.05,3.6,BX,V2
CH01516,3.6,3.7,AND,
CH01517,0.0,0.3,AND,
CH01517,0.3,1.85,BX,V2
CH01517,1.85,2.65,QV,V2
CH01517,2.65,3.62,BX,V2
CH01518,0.0,1.5,BX,V2
CH01518,1.5,2.25,QV,V2
CH01518,2.25,3.75,BX,V2
CH01518,3.75,4.49,AND,
CH01519,0.0,0.1,AND,
CH01519,0.1,1.7,BX,V2
CH01519,1.7,2.4,QV,V2
CH01519,2.4,3.95,BX,V2
CH01519,3.95,4.18,AND,
CH01520,0.0,0.4,AND,
CH01520,0.4,1.95,BX,V2
CH01520,1.95,2.6,QV,V2
CH01520,2.6,3.94,BX,V2
CH01521,0.0,0.55,AND,
CH01521,0.55,2.1,BX,V2
CH01521,2.1,2.7,QV,V2
CH01521,2.7,3.75,BX,V2
CH01522,0.0,0.15,AND,
CH01522,0.15,1.7,BX,V2
CH01522,1.7,2.2,QV,V2
CH01522,2.2,3.75,BX,V2
CH01522,3.75,4.09,AND,
CH01523,0.0,1.3,BX,V2
CH01523,1.3,1.75,QV,V2
CH01523,1.75,3.3,BX,V2
CH01523,3.3,4.4,AND,
CH01524,0.0,0.6,AND,
CH01524,0.6,2.15,BX,V2
CH01524,2.15,2.55,QV,V2
CH01524,2.55,4.05,BX,V2
CH01524,4.05,4.17,AND,
CH01525,0.0,1.5,BX,V2
CH01525,1.5,1.8,QV,V2
CH01525,1.8,2.89,BX,V2
CH01526,0.0,0.35,AND,
CH01526,0.35,1.9,BX,V2
CH01526,1.9,2.15,QV,V2
CH01526,2.15,3.67,BX,V2
CH01527,0.0,1.15,BX,V1
CH01527,1.15,3.85,QV,V1
CH01527,3.85,5.4,BX,V1
CH01527,5.4,5.62,AND,
CH01528,0.0,1.1,BX,V1
CH01528,1.1,3.85,QV,V1
CH01528,3.85,5.4,BX,V1
CH01528,5.4,5.94,AND,
CH01529,0.0,1.25,BX,V1
CH01529,1.25,4.0,QV,V1
CH01529,4.0,5.42,BX,V1
CH01530,0.0,1.15,BX,V1
CH01530,1.15,3.95,QV,V1
CH01530,3.95,5.42,BX,V1
CH01531,0.0,1.55,BX,V1
CH01531,1.55,4.3,QV,V1
CH01531,4.3,5.85,BX,V1
CH01531,5.85,5.97,AND,
CH01532,0.0,1.1,BX,V1
CH01532,1.1,3.85,QV,V1
CH01532,3.85,5.45,BX,V1
CH01532,5.45,5.69,AND,
CH01533,0.0,1.5,BX,V1
CH01533,1.5,4.2,QV,V1
CH01533,4.2,5.61,BX,V1
CH01534,0.0,1.4,BX,V1
CH01534,1.4,4.05,QV,V1
CH01534,4.05,5.18,BX,V1
CH01535,0.0,1.2,BX,V1
CH01535,1.2,3.85,QV,V1
CH01535,3.85,5.4,BX,V1
CH01535,5.4,5.97,AND,
CH01536,0.0,1.1,BX,V1
CH01536,1.1,3.75,QV,V1
CH01536,3.75,5.35,BX,V1
CH01536,5.35,5.79,AND,
CH01537,0.0,0.35,AND,
CH01537,0.35,1.9,BX,V1
CH01537,1.9,4.5,QV,V1
CH01537,4.5,5.45,BX,V1
CH01538,0.0,0.25,AND,
CH01538,0.25,1.8,BX,V1
CH01538,1.8,4.4,QV,V1
CH01538,4.4,5.93,BX,V1
CH01539,0.0,1.1,BX,V1
CH01539,1.1,3.7,QV,V1
CH01539,3.7,5.25,BX,V1
CH01539,5.25,5.35,AND,
CH01540,0.0,1.15,BX,V1
CH01540,1.15,3.75,QV,V1
CH01540,3.75,5.37,BX,V1
CH01541,0.0,0.2,AND,
CH01541,0.2,1.75,BX,V1
CH01541,1.75,4.4,QV,V1
CH01541,4.4,6.0,BX,V1
CH01541,6.0,6.15,AND,
CH01542,0.0,0.3,AND,
CH01542,0.3,1.85,BX,V1
CH01542,1.85,4.45,QV,V1
CH01542,4.45,6.05,BX,V1
CH01542,6.05,6.25,AND,
CH01543,0.0,1.55,BX,V1
CH01543,1.55,4.1,QV,V1
CH01543,4.1,5.04,BX,V1
CH01544,0.0,0.05,AND,
CH01544,0.05,1.6,BX,V1
CH01544,1.6,4.2,QV,V1
CH01544,4.2,5.07,BX,V1
CH01545,0.0,1.25,BX,V1
CH01545,1.25,3.8,QV,V1
CH01545,3.8,5.35,BX,V1
CH01545,5.35,5.57,AND,
CH01546,0.0,1.15,BX,V1
CH01546,1.15,3.65,QV,V1
CH01546,3.65,4.9,BX,V1
CH01547,0.0,0.45,AND,
CH01547,0.45,2.0,BX,V1
CH01547,2.0,4.4,QV,V1
CH01547,4.4,4.9,BX,V1
CH01548,0.0,0.25,AND,
CH01548,0.25,1.8,BX,V1
CH01548,1.8,4.15,QV,V1
CH01548,4.15,5.18,BX,V1
CH01549,0.0,0.45,AND,
CH01549,0.45,2.0,BX,V1
CH01549,2.0,4.35,QV,V1
CH01549,4.35,5.9,BX,V1
CH01549,5.9,6.18,AND,
CH01550,0.0,0.45,AND,
CH01550,0.45,2.0,BX,V1
CH01550,2.0,4.3,QV,V1
CH01550,4.3,4.87,BX,V1
CH01551,0.0,1.45,BX,V1
CH01551,1.45,3.75,QV,V1
CH01551,3.75,5.35,BX,V1
CH01551,5.35,5.88,AND,
CH01552,0.0,0.15,AND,
CH01552,0.15,1.75,BX,V1
CH01552,1.75,4.05,QV,V1
CH01552,4.05,5.65,BX,V1
CH01552,5.65,5.92,AND,
CH01553,0.0,1.2,BX,V1
CH01553,1.2,3.55,QV,V1
CH01553,3.55,5.1,BX,V1
CH01553,5.1,5.39,AND,
CH01554,0.0,1.4,BX,V1
CH01554,1.4,3.85,QV,V1
CH01554,3.85,5.47,BX,V1
CH01555,0.0,1.45,BX,V1
CH01555,1.45,4.0,QV,V1
CH01555,4.0,5.55,BX,V1
CH01555,5.55,5.99,AND,
CH01556,0.0,1.25,BX,V1
CH01556,1.25,3.95,QV,V1
CH01556,3.95,5.27,BX,V1
CH01557,0.0,1.25,BX,V1
CH01557,1.25,4.2,QV,V1
CH01557,4.2,5.8,BX,V1
CH01557,5.8,6.03,AND,
CH01558,0.0,1.2,BX,V1
CH01558,1.2,4.3,QV,V1
CH01558,4.3,5.85,BX,V1
CH01558,5.85,6.32,AND,
CH01559,0.0,1.2,BX,V1
CH01559,1.2,4.5,QV,V1
CH01559,4.5,6.1,BX,V1
CH01559,6.1,6.21,AND,
CH01560,0.0,0.2,AND,
CH01560,0.2,1.75,BX,V1
CH01560,1.75,5.3,QV,V1
CH01560,5.3,6.39,BX,V1
CH01561,0.0,1.0,BX,V1
CH01561,1.0,4.7,QV,V1
CH01561,4.7,6.3,BX,V1
CH01561,6.3,6.92,AND,
CH01562,0.0,0.1,AND,
CH01562,0.1,1.65,BX,V1
CH01562,1.65,5.45,QV,V1
CH01562,5.45,6.74,BX,V1
CH01563,0.0,1.45,BX,V1
CH01563,1.45,5.3,QV,V1
CH01563,5.3,6.35,BX,V1
CH01564,0.0,0.2,AND,
CH01564,0.2,1.75,BX,V1
CH01564,1.75,5.6,QV,V1
CH01564,5.6,7.15,BX,V1
CH01564,7.15,7.25,AND,
CH01565,0.0,0.8,BX,V1
CH01565,0.8,4.5,QV,V1
CH01565,4.5,6.05,BX,V1
CH01565,6.05,6.42,AND,
CH01566,0.0,0.9,BX,V1
CH01566,0.9,4.4,QV,V1
CH01566,4.4,6.0,BX,V1
CH01566,6.0,6.87,AND,
CH01567,0.0,1.45,BX,V1
CH01567,1.45,4.6,QV,V1
CH01567,4.6,6.15,BX,V1
CH01567,6.15,6.24,AND,
CH01568,0.0,1.4,BX,V1
CH01568,1.4,4.15,QV,V1
CH01568,4.15,5.56,BX,V1
CH01569,0.0,1.25,BX,V1
CH01569,1.25,3.75,QV,V1
CH01569,3.75,5.3,BX,V1
CH01569,5.3,6.34,AND,
CH01570,0.0,1.5,BX,V1
CH01570,1.5,3.7,QV,V1
CH01570,3.7,4.97,BX,V1
CH01571,0.0,0.85,BX,V1
CH01571,0.85,2.75,QV,V1
CH01571,2.75,4.35,BX,V1
CH01571,4.35,4.54,AND,
CH01572,0.0,0.85,BX,V1
CH01572,0.85,2.4,QV,V1
CH01572,2.4,3.95,BX,V1
CH01572,3.95,4.45,AND,
CH01573,0.0,1.15,BX,V1
CH01573,1.15,2.55,QV,V1
CH01573,2.55,4.15,BX,V1
CH01573,4.15,4.85,AND,
CH01574,0.0,0.9,BX,V1
CH01574,0.9,2.15,QV,V1
CH01574,2.15,3.7,BX,V1
CH01574,3.7,4.9,AND,
CH01575,0.0,1.0,BX,V1
CH01575,1.0,2.15,QV,V1
CH01575,2.15,3.7,BX,V1
CH01575,3.7,4.79,AND,
CH01576,0.0,1.05,BX,V1
CH01576,1.05,2.15,QV,V1
CH01576,2.15,3.67,BX,V1
CH01577,0.0,0.7,BX,V1
CH01577,0.7,1.8,QV,V1
CH01577,1.8,3.3,BX,V1
CH01577,3.3,4.09,AND,
CH01578,0.0,1.25,BX,V1
CH01578,1.25,2.4,QV,V1
CH01578,2.4,3.95,BX,V1
CH01578,3.95,4.0,AND,
CH01579,0.0,1.0,BX,V1
CH01579,1.0,2.25,QV,V1
CH01579,2.25,3.8,BX,V1
CH01579,3.8,3.92,AND,
CH01580,0.0,1.3,BX,V1
CH01580,1.3,2.6,QV,V1
CH01580,2.6,4.15,BX,V1
CH01580,4.15,4.34,AND,
CH01581,0.0,0.65,BX,V1
CH01581,0.65,2.15,QV,V1
CH01581,2.15,3.7,BX,V1
CH01581,3.7,5.03,AND,
CH01582,0.0,0.65,BX,V1
CH01582,0.65,2.35,QV,V1
CH01582,2.35,3.9,BX,V1
CH01582,3.9,5.09,AND,
CH01583,0.0,1.2,BX,V1
CH01583,1.2,3.15,QV,V1
CH01583,3.15,4.7,BX,V1
CH01584,0.0,1.25,BX,V1
CH01584,1.25,3.45,QV,V1
CH01584,3.45,4.95,BX,V1
CH01584,4.95,5.8,AND,
CH01585,0.0,1.25,BX,V1
CH01585,1.25,3.65,QV,V1
CH01585,3.65,5.2,BX,V1
CH01585,5.2,5.95,AND,
CH01586,0.0,0.85,BX,V1
CH01586,0.85,3.5,QV,V1
CH01586,3.5,5.0,BX,V1
CH01586,5.0,5.14,AND,
CH01587,0.0,1.35,BX,V1
CH01587,1.35,4.1,QV,V1
CH01587,4.1,5.65,BX,V1
CH01587,5.65,6.3,AND,
CH01588,0.0,0.85,BX,V1
CH01588,0.85,3.65,QV,V1
CH01588,3.65,5.15,BX,V1
CH01588,5.15,5.4,AND,
CH01589,0.0,1.4,BX,V1
CH01589,1.4,4.2,QV,V1
CH01589,4.2,5.75,BX,V1
CH01589,5.75,5.84,AND,
CH01590,0.0,1.2,BX,V1
CH01590,1.2,3.95,QV,V1
CH01590,3.95,5.5,BX,V1
CH01590,5.5,6.57,AND,
CH01591,0.0,1.1,BX,V1
CH01591,1.1,3.75,QV,V1
CH01591,3.75,5.25,BX,V1
CH01591,5.25,6.12,AND,
CH01592,0.0,0.05,AND,
CH01592,0.05,1.55,BX,V1
CH01592,1.55,4.05,QV,V1
CH01592,4.05,5.6,BX,V1
CH01592,5.6,6.42,AND,
CH01593,0.0,1.5,BX,V1
CH01593,1.5,3.85,QV,V1
CH01593,3.85,5.4,BX,V1
CH01593,5.4,5.62,AND,
CH01594,0.0,0.1,AND,
CH01594,0.1,1.6,BX,V1
CH01594,1.6,3.9,QV,V1
CH01594,3.9,5.4,BX,V1
CH01594,5.4,5.9,AND,
CH01595,0.0,0.95,BX,V1
CH01595,0.95,3.15,QV,V1
CH01595,3.15,4.65,BX,V1
CH01595,4.65,5.55,AND,
CH01596,0.0,1.0,BX,V1
CH01596,1.0,3.15,QV,V1
CH01596,3.15,4.65,BX,V1
CH01596,4.65,5.57,AND,
CH01597,0.0,0.15,AND,
CH01597,0.15,1.65,BX,V1
CH01597,1.65,3.85,QV,V1
CH01597,3.85,5.35,BX,V1
CH01597,5.35,5.8,AND,
CH01598,0.0,0.8,BX,V1
CH01598,0.8,3.05,QV,V1
CH01598,3.05,4.55,BX,V1
CH01598,4.55,5.28,AND,
CH01599,0.0,1.45,BX,V1
CH01599,1.45,3.8,QV,V1
CH01599,3.8,5.35,BX,V1
CH01599,5.35,5.91,AND,
CH01600,0.0,0.8,BX,V1
CH01600,0.8,3.3,QV,V1
CH01600,3.3,4.8,BX,V1
CH01600,4.8,5.16,BX,V4
CH01601,0.0,0.75,BX,V1
CH01601,0.75,3.4,QV,V1
CH01601,3.4,3.65,BX,V1
CH01601,3.65,4.45,QV,V4
CH01601,4.45,4.95,BX,V1
CH01601,4.95,6.23,BX,V4
CH01602,0.0,1.25,BX,V1
CH01602,1.25,2.1,QV,V1
CH01602,2.1,2.9,QV,V4
CH01602,2.9,4.1,QV,V1
CH01602,4.1,5.6,BX,V1
CH01602,5.6,6.64,AND,
CH01603,0.0,0.85,QV,V4
CH01603,0.85,1.1,BX,V1
CH01603,1.1,4.15,QV,V1
CH01603,4.15,5.7,BX,V1
CH01603,5.7,6.18,AND,
CH01604,0.0,1.5,BX,V1
CH01604,1.5,4.7,QV,V1
CH01604,4.7,6.2,BX,V1
CH01605,0.0,0.05,AND,
CH01605,0.05,1.55,BX,V1
CH01605,1.55,4.9,QV,V1
CH01605,4.9,5.86,BX,V1
CH01606,0.0,1.5,BX,V1
CH01606,1.5,4.9,QV,V1
CH01606,4.9,6.4,BX,V1
CH01606,6.4,6.91,AND,
CH01607,0.0,1.35,BX,V1
CH01607,1.35,4.7,QV,V1
CH01607,4.7,6.25,BX,V1
CH01607,6.25,7.11,AND,
CH01608,0.0,1.25,BX,V1
CH01608,1.25,4.5,QV,V1
CH01608,4.5,6.05,BX,V1
CH01608,6.05,6.32,AND,
CH01609,0.0,1.15,BX,V1
CH01609,1.15,4.25,QV,V1
CH01609,4.25,5.8,BX,V1
CH01609,5.8,6.29,AND,
CH01610,0.0,0.95,BX,V1
CH01610,0.95,3.9,QV,V1
CH01610,3.9,5.45,BX,V1
CH01610,5.45,6.72,AND,
CH01611,0.0,1.45,BX,V1
CH01611,1.45,4.2,QV,V1
CH01611,4.2,5.75,BX,V1
CH01611,5.75,6.46,AND,
CH01612,0.0,1.5,BX,V1
CH01612,1.5,4.1,QV,V1
CH01612,4.1,5.6,BX,V1
CH01612,5.6,6.41,AND,
CH01613,0.0,0.85,BX,V1
CH01613,0.85,3.25,QV,V1
CH01613,3.25,4.8,BX,V1
CH01613,4.8,5.46,AND,
CH01614,0.0,0.1,AND,
CH01614,0.1,1.65,BX,V1
CH01614,1.65,3.9,QV,V1
CH01614,3.9,5.02,BX,V1
CH01615,0.0,1.1,BX,V1
CH01615,1.1,3.2,QV,V1
CH01615,3.2,4.75,BX,V1
CH01615,4.75,5.98,AND,
CH01616,0.0,1.45,BX,V1
CH01616,1.45,3.45,QV,V1
CH01616,3.45,5.0,BX,V1
CH01616,5.0,5.83,AND,
CH01617,0.0,1.45,BX,V1
CH01617,1.45,3.35,QV,V1
CH01617,3.35,4.9,BX,V1
CH01617,4.9,5.3,AND,
CH01618,0.0,0.2,AND,
CH01618,0.2,1.75,BX,V1
CH01618,1.75,3.6,QV,V1
CH01618,3.6,5.15,BX,V1
CH01618,5.15,5.77,AND,
CH01619,0.0,0.1,AND,
CH01619,0.1,1.65,BX,V1
CH01619,1.65,3.45,QV,V1
CH01619,3.45,5.0,BX,V1
CH01619,5.0,5.07,AND,
CH01620,0.0,1.35,BX,V1
CH01620,1.35,3.2,QV,V1
CH01620,3.2,4.59,BX,V1
CH01621,0.0,0.2,AND,
CH01621,0.2,1.7,BX,V1
CH01621,1.7,3.6,QV,V1
CH01621,3.6,4.76,BX,V1
CH01622,0.0,1.25,BX,V1
CH01622,1.25,3.15,QV,V1
CH01622,3.15,4.65,BX,V1
CH01622,4.65,5.19,AND,
CH01623,0.0,0.3,AND,
CH01623,0.3,1.85,BX,V1
CH01623,1.85,3.8,QV,V1
CH01623,3.8,5.37,BX,V1
CH01624,0.0,0.35,AND,
CH01624,0.35,1.9,BX,V1
CH01624,1.9,3.9,QV,V1
CH01624,3.9,5.43,BX,V1
CH01625,0.0,1.45,BX,V1
CH01625,1.45,3.6,QV,V1
CH01625,3.6,5.1,BX,V1
CH01625,5.1,5.63,AND,
CH01626,0.0,1.4,BX,V1
CH01626,1.4,3.65,QV,V1
CH01626,3.65,5.15,BX,V1
CH01626,5.15,5.75,AND,
CH01627,0.0,1.25,BX,V1
CH01627,1.25,3.65,QV,V1
CH01627,3.65,4.89,BX,V1
CH01628,0.0,1.5,BX,V1
CH01628,1.5,4.1,QV,V1
CH01628,4.1,5.53,BX,V1
CH01629,0.0,1.5,BX,V1
CH01629,1.5,4.3,QV,V1
CH01629,4.3,5.8,BX,V1
CH01629,5.8,6.28,AND,
CH01630,0.0,1.4,BX,V1
CH01630,1.4,4.4,QV,V1
CH01630,4.4,5.9,BX,V1
CH01630,5.9,6.21,AND,
CH01631,0.0,1.2,BX,V1
CH01631,1.2,4.5,QV,V1
CH01631,4.5,6.0,BX,V1
CH01631,6.0,6.94,AND,
CH01632,0.0,1.35,BX,V1
CH01632,1.35,4.9,QV,V1
CH01632,4.9,6.03,BX,V1
CH01633,0.0,1.2,BX,V1
CH01633,1.2,5.1,QV,V1
CH01633,5.1,6.6,BX,V1
CH01633,6.6,6.69,AND,
CH01634,0.0,0.4,AND,
CH01634,0.4,1.9,BX,V1
CH01634,1.9,6.05,QV,V1
CH01634,6.05,6.67,BX,V1
CH01635,0.0,0.15,AND,
CH01635,0.15,1.7,BX,V1
CH01635,1.7,6.05,QV,V1
CH01635,6.05,7.6,BX,V1
CH01635,7.6,7.69,AND,
CH01636,0.0,1.55,BX,V1
CH01636,1.55,6.1,QV,V1
CH01636,6.1,7.6,BX,V1
CH01636,7.6,7.88,AND,
CH01637,0.0,1.15,BX,V1
CH01637,1.15,5.8,QV,V1
CH01637,5.8,7.3,BX,V1
CH01637,7.3,8.6,AND,
CH01638,0.0,0.25,AND,
CH01638,0.25,1.75,BX,V1
CH01638,1.75,6.45,QV,V1
CH01638,6.45,7.95,BX,V1
CH01638,7.95,8.53,AND,
CH01639,0.0,1.15,BX,V1
CH01639,1.15,5.75,QV,V1
CH01639,5.75,7.25,BX,V1
CH01639,7.25,7.86,AND,
CH01640,0.0,1.2,BX,V1
CH01640,1.2,5.6,QV,V1
CH01640,5.6,7.1,BX,V1
CH01640,7.1,8.31,AND,
CH01641,0.0,0.15,AND,
CH01641,0.15,1.7,BX,V1
CH01641,1.7,5.85,QV,V1
CH01641,5.85,7.12,BX,V1
CH01642,0.0,1.15,BX,V1
CH01642,1.15,5.0,QV,V1
CH01642,5.0,6.5,BX,V1
CH01642,6.5,7.5,AND,
CH01643,0.0,0.05,AND,
CH01643,0.05,1.6,BX,V1
CH01643,1.6,5.05,QV,V1
CH01643,5.05,6.55,BX,V1
CH01643,6.55,7.24,AND,
CH01644,0.0,1.35,BX,V1
CH01644,1.35,4.4,QV,V1
CH01644,4.4,5.9,BX,V1
CH01644,5.9,7.02,AND,
CH01645,0.0,0.35,AND,
CH01645,0.35,1.9,BX,V1
CH01645,1.9,4.65,QV,V1
CH01645,4.65,5.96,BX,V1
CH01646,0.0,1.2,BX,V1
CH01646,1.2,3.6,QV,V1
CH01646,3.6,5.1,BX,V1
CH01646,5.1,5.37,AND,
CH01647,0.0,0.15,AND,
CH01647,0.15,1.7,BX,V1
CH01647,1.7,3.75,QV,V1
CH01647,3.75,5.3,BX,V1
CH01647,5.3,5.33,AND,
CH01648,0.0,0.25,AND,
CH01648,0.25,1.8,BX,V1
CH01648,1.8,3.6,QV,V1
CH01648,3.6,5.1,BX,V1
CH01648,5.1,5.22,AND,
CH01649,0.0,0.15,AND,
CH01649,0.15,1.7,BX,V1
CH01649,1.7,3.25,QV,V1
CH01649,3.25,4.75,BX,V1
CH01649,4.75,5.02,AND,
CH01650,0.0,0.2,AND,
CH01650,0.2,1.7,BX,V1
CH01650,1.7,3.1,QV,V1
CH01650,3.1,4.6,BX,V1
CH01650,4.6,5.33,AND,
CH01651,0.0,0.4,AND,
CH01651,0.4,1.95,BX,V1
CH01651,1.95,3.15,QV,V1
CH01651,3.15,4.63,BX,V1
CH01652,0.0,1.3,BX,V1
CH01652,1.3,2.4,QV,V1
CH01652,2.4,3.9,BX,V1
CH01652,3.9,4.61,AND,
CH01653,0.0,0.3,AND,
CH01653,0.3,1.85,BX,V1
CH01653,1.85,2.8,QV,V1
CH01653,2.8,4.3,BX,V1
CH01653,4.3,4.86,AND,
CH01654,0.0,0.2,AND,
CH01654,0.2,1.75,BX,V1
CH01654,1.75,2.65,QV,V1
CH01654,2.65,3.76,BX,V1
CH01655,0.0,1.45,BX,V1
CH01655,1.45,2.3,QV,V1
CH01655,2.3,3.45,BX,V1
CH01656,0.0,1.45,BX,V1
CH01656,1.45,2.25,QV,V1
CH01656,2.25,3.8,BX,V1
CH01656,3.8,3.98,AND,
CH01657,0.0,1.5,BX,V1
CH01657,1.5,2.3,QV,V1
CH01657,2.3,3.8,BX,V1
CH01657,3.8,4.45,AND,
CH01658,0.0,1.25,BX,V1
CH01658,1.25,2.05,QV,V1
CH01658,2.05,3.51,BX,V1
CH01659,0.0,1.5,BX,V1
CH01659,1.5,2.35,QV,V1
CH01659,2.35,3.7,BX,V1
CH01660,0.0,1.45,BX,V1
CH01660,1.45,2.35,QV,V1
CH01660,2.35,3.85,BX,V1
CH01660,3.85,4.4,AND,
CH01661,0.0,0.9,BX,V1
CH01661,0.9,1.9,QV,V1
CH01661,1.9,3.4,BX,V1
CH01661,3.4,4.95,AND,
CH01662,0.0,1.0,BX,V1
CH01662,1.0,2.1,QV,V1
CH01662,2.1,3.6,BX,V1
CH01662,3.6,4.59,AND,
CH01663,0.0,1.45,BX,V1
CH01663,1.45,2.65,QV,V1
CH01663,2.65,4.2,BX,V1
CH01663,4.2,4.77,AND,
CH01664,0.0,0.25,AND,
CH01664,0.25,1.75,BX,V1
CH01664,1.75,3.15,QV,V1
CH01664,3.15,4.27,BX,V1
CH01665,0.0,1.25,BX,V1
CH01665,1.25,2.85,QV,V1
CH01665,2.85,4.35,BX,V1
CH01665,4.35,4.73,AND,
CH01666,0.0,0.95,BX,V1
CH01666,0.95,2.75,QV,V1
CH01666,2.75,4.3,BX,V1
CH01666,4.3,4.89,AND,
CH01667,0.0,0.2,AND,
CH01667,0.2,1.7,BX,V1
CH01667,1.7,3.75,QV,V1
CH01667,3.75,5.25,BX,V1
CH01667,5.25,5.94,AND,
CH01668,0.0,1.15,BX,V1
CH01668,1.15,3.45,QV,V1
CH01668,3.45,4.86,BX,V1
CH01669,0.0,1.1,BX,V1
CH01669,1.1,3.65,QV,V1
CH01669,3.65,5.15,BX,V1
CH01669,5.15,5.37,AND,
CH01670,0.0,0.95,BX,V1
CH01670,0.95,3.7,QV,V1
CH01670,3.7,5.25,BX,V1
CH01670,5.25,6.42,AND,
CH01671,0.0,1.35,BX,V1
CH01671,1.35,4.35,QV,V1
CH01671,4.35,5.79,BX,V1
CH01672,0.0,0.95,BX,V1
CH01672,0.95,4.1,QV,V1
CH01672,4.1,5.6,BX,V1
CH01672,5.6,6.66,AND,
CH01673,0.0,0.85,BX,V1
CH01673,0.85,4.15,QV,V1
CH01673,4.15,5.7,BX,V1
CH01673,5.7,5.94,AND,
CH01674,0.0,1.5,BX,V1
CH01674,1.5,4.85,QV,V1
CH01674,4.85,6.4,BX,V1
CH01674,6.4,6.47,AND,
CH01675,0.0,1.25,BX,V1
CH01675,1.25,4.65,QV,V1
CH01675,4.65,6.15,BX,V1
CH01675,6.15,6.21,AND,
CH01676,0.0,0.2,AND,
CH01676,0.2,1.7,BX,V1
CH01676,1.7,5.1,QV,V1
CH01676,5.1,6.6,BX,V1
CH01676,6.6,6.75,AND,
CH01677,0.0,1.55,BX,V1
CH01677,1.55,4.85,QV,V1
CH01677,4.85,6.35,BX,V1
CH01677,6.35,6.49,AND,
CH01678,0.0,1.35,BX,V1
CH01678,1.35,4.55,QV,V1
CH01678,4.55,6.05,BX,V1
CH01678,6.05,6.91,AND,
CH01679,0.0,1.1,BX,V1
CH01679,1.1,4.15,QV,V1
CH01679,4.15,5.65,BX,V1
CH01679,5.65,6.26,AND,
CH01680,0.0,1.3,BX,V1
CH01680,1.3,4.15,QV,V1
CH01680,4.15,5.65,BX,V1
CH01680,5.65,5.76,AND,
CH01681,0.0,1.55,BX,V1
CH01681,1.55,4.25,QV,V1
CH01681,4.25,5.75,BX,V1
CH01681,5.75,6.07,AND,
CH01682,0.0,0.05,AND,
CH01682,0.05,1.55,BX,V1
CH01682,1.55,4.15,QV,V1
CH01682,4.15,5.61,BX,V1
CH01683,0.0,1.45,BX,V1
CH01683,1.45,3.85,QV,V1
CH01683,3.85,5.35,BX,V1
CH01683,5.35,6.19,AND,
CH01684,0.0,1.1,BX,V1
CH01684,1.1,3.35,QV,V1
CH01684,3.35,4.85,BX,V1
CH01684,4.85,6.09,AND,
CH01685,0.0,1.4,BX,V1
CH01685,1.4,3.6,QV,V1
CH01685,3.6,4.71,BX,V1
CH01686,0.0,0.05,AND,
CH01686,0.05,1.55,BX,V1
CH01686,1.55,3.6,QV,V1
CH01686,3.6,4.64,BX,V1
CH01687,0.0,1.1,BX,V1
CH01687,1.1,3.1,QV,V1
CH01687,3.1,4.6,BX,V1
CH01687,4.6,5.01,AND,
CH01688,0.0,0.45,AND,
CH01688,0.45,2.0,BX,V2
CH01688,2.0,2.55,QV,V2
CH01688,2.55,3.11,BX,V2
CH01689,0.0,0.4,AND,
CH01689,0.4,1.95,BX,V2
CH01689,1.95,2.55,QV,V2
CH01689,2.55,4.1,BX,V2
CH01689,4.1,4.17,AND,
CH01690,0.0,0.25,AND,
CH01690,0.25,1.8,BX,V2
CH01690,1.8,2.5,QV,V2
CH01690,2.5,4.05,BX,V2
CH01690,4.05,4.17,AND,
CH01691,0.0,0.8,AND,
CH01691,0.8,2.35,BX,V2
CH01691,2.35,3.15,QV,V2
CH01691,3.15,4.4,BX,V2
CH01692,0.0,0.75,AND,
CH01692,0.75,2.3,BX,V2
CH01692,2.3,3.25,QV,V2
CH01692,3.25,4.37,BX,V2
CH01693,0.0,0.15,AND,
CH01693,0.15,1.7,BX,V2
CH01693,1.7,2.8,QV,V2
CH01693,2.8,4.4,BX,V2
CH01693,4.4,4.99,AND,
CH01694,0.0,0.7,AND,
CH01694,0.7,2.3,BX,V2
CH01694,2.3,3.6,QV,V2
CH01694,3.6,4.66,BX,V2
CH01695,0.0,0.6,AND,
CH01695,0.6,2.15,BX,V2
CH01695,2.15,3.6,QV,V2
CH01695,3.6,3.96,BX,V2
CH01696,0.0,0.05,AND,
CH01696,0.05,1.6,BX,V2
CH01696,1.6,3.2,QV,V2
CH01696,3.2,4.75,BX,V2
CH01696,4.75,5.38,AND,
CH01697,0.0,0.4,AND,
CH01697,0.4,1.9,BX,V2
CH01697,1.9,3.65,QV,V2
CH01697,3.65,4.17,BX,V2
CH01698,0.0,0.05,AND,
CH01698,0.05,1.6,BX,V2
CH01698,1.6,3.45,QV,V2
CH01698,3.45,5.0,BX,V2
CH01698,5.0,5.63,AND,
CH01699,0.0,0.2,AND,
CH01699,0.2,1.75,BX,V2
CH01699,1.75,3.6,QV,V2
CH01699,3.6,4.66,BX,V2
CH01700,0.0,1.55,BX,V2
CH01700,1.55,3.35,QV,V2
CH01700,3.35,4.71,BX,V2
CH01701,0.0,0.6,AND,
CH01701,0.6,2.15,BX,V2
CH01701,2.15,3.9,QV,V2
CH01701,3.9,5.19,BX,V2
CH01702,0.0,0.65,AND,
CH01702,0.65,2.25,BX,V2
CH01702,2.25,3.85,QV,V2
CH01702,3.85,5.44,BX,V2
CH01703,0.0,0.55,AND,
CH01703,0.55,2.1,BX,V2
CH01703,2.1,3.55,QV,V2
CH01703,3.55,5.1,BX,V2
CH01703,5.1,5.13,AND,
CH01704,0.0,0.65,AND,
CH01704,0.65,2.2,BX,V2
CH01704,2.2,3.5,QV,V2
CH01704,3.5,4.08,BX,V2
CH01705,0.0,0.3,AND,
CH01705,0.3,1.9,BX,V2
CH01705,1.9,3.05,QV,V2
CH01705,3.05,4.2,BX,V2
CH01706,0.0,0.4,AND,
CH01706,0.4,1.95,BX,V2
CH01706,1.95,2.9,QV,V2
CH01706,2.9,4.26,BX,V2
CH01707,0.0,0.45,AND,
CH01707,0.45,2.0,BX,V2
CH01707,2.0,2.85,QV,V2
CH01707,2.85,3.56,BX,V2
CH01708,0.0,1.2,BX,V2
CH01708,1.2,1.95,QV,V2
CH01708,1.95,3.5,BX,V2
CH01708,3.5,3.81,AND,
CH01709,0.0,1.55,BX,V2
CH01709,1.55,2.2,QV,V2
CH01709,2.2,3.61,BX,V2
CH01710,0.0,1.25,BX,V2
CH01710,1.25,1.85,QV,V2
CH01710,1.85,3.4,BX,V2
CH01710,3.4,4.13,AND,
CH01711,0.0,1.35,BX,V2
CH01711,1.35,1.85,QV,V2
CH01711,1.85,3.4,BX,V2
CH01711,3.4,3.64,AND,
CH01712,0.0,1.5,BX,V2
CH01712,1.5,2.0,QV,V2
CH01712,2.0,3.55,BX,V2
CH01712,3.55,4.46,AND,
CH01713,0.0,0.2,AND,
CH01713,0.2,1.75,BX,V2
CH01713,1.75,2.25,QV,V2
CH01713,2.25,3.8,BX,V2
CH01713,3.8,4.17,AND,
CH01714,0.0,1.2,BX,V2
CH01714,1.2,1.7,QV,V2
CH01714,1.7,3.22,BX,V2
CH01715,0.0,0.45,AND,
CH01715,0.45,2.0,BX,V2
CH01715,2.0,2.5,QV,V2
CH01715,2.5,3.49,BX,V2
CH01716,0.0,0.15,AND,
CH01716,0.15,1.7,BX,V2
CH01716,1.7,2.25,QV,V2
CH01716,2.25,3.74,BX,V2
CH01717,0.0,1.55,BX,V2
CH01717,1.55,2.15,QV,V2
CH01717,2.15,3.7,BX,V2
CH01717,3.7,3.87,AND,
CH01718,0.0,1.4,BX,V2
CH01718,1.4,2.05,QV,V2
CH01718,2.05,3.6,BX,V2
CH01718,3.6,3.84,AND,
CH01719,0.0,1.45,BX,V2
CH01719,1.45,2.15,QV,V2
CH01719,2.15,3.7,BX,V2
CH01719,3.7,3.93,AND,
CH01720,0.0,0.3,AND,
CH01720,0.3,1.85,BX,V2
CH01720,1.85,2.6,QV,V2
CH01720,2.6,4.15,BX,V2
CH01720,4.15,4.67,AND,
CH01721,0.0,0.3,AND,
CH01721,0.3,1.85,BX,V2
CH01721,1.85,2.65,QV,V2
CH01721,2.65,3.52,BX,V2
CH01722,0.0,0.15,AND,
CH01722,0.15,1.75,BX,V2
CH01722,1.75,2.6,QV,V2
CH01722,2.6,4.1,BX,V2
CH01722,4.1,4.29,AND,
CH01723,0.0,1.45,BX,V2
CH01723,1.45,2.35,QV,V2
CH01723,2.35,3.85,BX,V2
CH01723,3.85,4.65,AND,
CH01724,0.0,1.4,BX,V2
CH01724,1.4,2.35,QV,V2
CH01724,2.35,3.9,BX,V2
CH01724,3.9,4.42,AND,
CH01725,0.0,0.25,AND,
CH01725,0.25,1.8,BX,V2
CH01725,1.8,2.8,QV,V2
CH01725,2.8,4.31,BX,V2
CH01726,0.0,1.25,BX,V2
CH01726,1.25,2.3,QV,V2
CH01726,2.3,3.85,BX,V2
CH01726,3.85,4.52,AND,
CH01727,0.0,1.35,BX,V2
CH01727,1.35,2.45,QV,V2
CH01727,2.45,3.61,BX,V2
CH01728,0.0,1.35,BX,V2
CH01728,1.35,2.55,QV,V2
CH01728,2.55,4.1,BX,V2
CH01728,4.1,4.71,AND,
CH01729,0.0,1.4,BX,V2
CH01729,1.4,2.65,QV,V2
CH01729,2.65,4.2,BX,V2
CH01729,4.2,4.53,AND,
CH01730,0.0,0.55,AND,
CH01730,0.55,2.1,BX,V2
CH01730,2.1,3.45,QV,V2
CH01730,3.45,4.22,BX,V2
CH01731,0.0,0.3,AND,
CH01731,0.3,1.8,BX,V2
CH01731,1.8,3.25,QV,V2
CH01731,3.25,4.3,BX,V2
CH01732,0.0,0.15,BX,V4
CH01732,0.15,1.65,BX,V2
CH01732,1.65,1.9,QV,V2
CH01732,1.9,3.05,QV,V4
CH01732,3.05,3.15,QV,V2
CH01732,3.15,4.34,BX,V2
CH01733,0.0,0.4,QV,V4
CH01733,0.4,1.55,BX,V2
CH01733,1.55,3.15,QV,V2
CH01733,3.15,4.7,BX,V2
CH01733,4.7,4.77,AND,
CH01734,0.0,0.05,BX,V4
CH01734,0.05,0.15,AND,
CH01734,0.15,1.7,BX,V2
CH01734,1.7,3.3,QV,V2
CH01734,3.3,4.8,BX,V2
CH01734,4.8,5.33,AND,
CH01735,0.0,0.7,AND,
CH01735,0.7,2.25,BX,V2
CH01735,2.25,3.85,QV,V2
CH01735,3.85,5.12,BX,V2
CH01736,0.0,0.7,AND,
CH01736,0.7,2.25,BX,V2
CH01736,2.25,3.85,QV,V2
CH01736,3.85,5.09,BX,V2
CH01737,0.0,0.25,AND,
CH01737,0.25,1.8,BX,V2
CH01737,1.8,3.35,QV,V2
CH01737,3.35,4.75,BX,V2
CH01738,0.0,0.5,AND,
CH01738,0.5,2.0,BX,V2
CH01738,2.0,3.55,QV,V2
CH01738,3.55,5.05,BX,V2
CH01738,5.05,5.39,AND,
CH01739,0.0,0.55,AND,
CH01739,0.55,2.05,BX,V2
CH01739,2.05,3.5,QV,V2
CH01739,3.5,3.99,BX,V2
CH01740,0.0,0.15,AND,
CH01740,0.15,1.7,BX,V2
CH01740,1.7,3.05,QV,V2
CH01740,3.05,4.55,BX,V2
CH01740,4.55,4.79,AND,
CH01741,0.0,0.55,AND,
CH01741,0.55,2.05,BX,V2
CH01741,2.05,3.35,QV,V2
CH01741,3.35,4.85,BX,V2
CH01741,4.85,5.2,AND,
CH01742,0.0,0.8,AND,
CH01742,0.8,2.35,BX,V2
CH01742,2.35,3.5,QV,V2
CH01742,3.5,5.01,BX,V2
CH01743,0.0,1.45,BX,V2
CH01743,1.45,2.55,QV,V2
CH01743,2.55,4.1,BX,V2
CH01743,4.1,4.19,AND,
CH01744,0.0,0.65,AND,
CH01744,0.65,2.15,BX,V2
CH01744,2.15,3.2,QV,V2
CH01744,3.2,3.75,BX,V2
CH01745,0.0,0.55,AND,
CH01745,0.55,2.1,BX,V2
CH01745,2.1,3.05,QV,V2
CH01745,3.05,3.52,BX,V2
CH01746,0.0,0.1,AND,
CH01746,0.1,1.65,BX,V2
CH01746,1.65,2.55,QV,V2
CH01746,2.55,4.1,BX,V2
CH01746,4.1,4.68,AND,
CH01747,0.0,1.5,BX,V2
CH01747,1.5,2.4,QV,V2
CH01747,2.4,3.45,BX,V2
CH01748,0.0,0.4,AND,
CH01748,0.4,1.95,BX,V2
CH01748,1.95,2.8,QV,V2
CH01748,2.8,4.3,BX,V2
CH01748,4.3,4.53,AND,
CH01749,0.0,0.15,AND,
CH01749,0.15,1.65,BX,V2
CH01749,1.65,2.45,QV,V2
CH01749,2.45,3.96,BX,V2
CH01750,0.0,0.25,AND,
CH01750,0.25,1.8,BX,V2
CH01750,1.8,2.6,QV,V2
CH01750,2.6,4.09,BX,V2
CH01751,0.0,0.55,AND,
CH01751,0.55,2.05,BX,V2
CH01751,2.05,2.85,QV,V2
CH01751,2.85,4.35,BX,V2
CH01751,4.35,4.5,AND,
CH01752,0.0,0.05,AND,
CH01752,0.05,1.6,BX,V2
CH01752,1.6,2.4,QV,V2
CH01752,2.4,3.9,BX,V2
CH01752,3.9,4.13,AND,
CH01753,0.0,0.55,AND,
CH01753,0.55,2.05,BX,V2
CH01753,2.05,2.85,QV,V2
CH01753,2.85,4.35,BX,V2
CH01753,4.35,4.52,AND,
CH01754,0.0,0.2,AND,
CH01754,0.2,1.75,BX,V2
CH01754,1.75,2.5,QV,V2
CH01754,2.5,4.0,BX,V2
CH01754,4.0,4.04,AND,
CH01755,0.0,1.45,BX,V2
CH01755,1.45,2.25,QV,V2
CH01755,2.25,3.72,BX,V2
CH01756,0.0,0.4,AND,
CH01756,0.4,1.9,BX,V2
CH01756,1.9,2.7,QV,V2
CH01756,2.7,3.34,BX,V2
CH01757,0.0,0.55,AND,
CH01757,0.55,2.05,BX,V2
CH01757,2.05,2.85,QV,V2
CH01757,2.85,4.11,BX,V2
CH01758,0.0,0.65,AND,
CH01758,0.65,2.15,BX,V2
CH01758,2.15,2.95,QV,V2
CH01758,2.95,3.45,BX,V2
CH01759,0.0,1.3,BX,V2
CH01759,1.3,2.05,QV,V2
CH01759,2.05,3.55,BX,V2
CH01759,3.55,3.61,AND,
CH01760,0.0,0.45,AND,
CH01760,0.45,2.0,BX,V2
CH01760,2.0,2.7,QV,V2
CH01760,2.7,4.14,BX,V2
CH01761,0.0,0.5,AND,
CH01761,0.5,2.05,BX,V2
CH01761,2.05,2.75,QV,V2
CH01761,2.75,4.25,BX,V2
CH01762,0.0,1.5,BX,V2
CH01762,1.5,2.15,QV,V2
CH01762,2.15,3.65,BX,V2
CH01762,3.65,3.99,AND,
CH01763,0.0,1.45,BX,V2
CH01763,1.45,2.1,QV,V2
CH01763,2.1,3.6,BX,V2
CH01763,3.6,4.26,AND,
CH01764,0.0,0.45,AND,
CH01764,0.45,2.0,BX,V2
CH01764,2.0,2.6,QV,V2
CH01764,2.6,4.01,BX,V2
CH01765,0.0,1.35,BX,V2
CH01765,1.35,2.0,QV,V2
CH01765,2.0,3.5,BX,V2
CH01765,3.5,4.41,AND,
CH01766,0.0,0.35,AND,
CH01766,0.35,1.85,BX,V2
CH01766,1.85,2.5,QV,V2
CH01766,2.5,3.47,BX,V2
CH01767,0.0,0.55,AND,
CH01767,0.55,2.1,BX,V2
CH01767,2.1,2.75,QV,V2
CH01767,2.75,3.88,BX,V2
CH01768,0.0,1.45,BX,V2
CH01768,1.45,2.1,QV,V2
CH01768,2.1,3.57,BX,V2
CH01769,0.0,1.55,BX,V2
CH01769,1.55,2.25,QV,V2
CH01769,2.25,3.71,BX,V2
CH01770,0.0,0.2,AND,
CH01770,0.2,1.75,BX,V2
CH01770,1.75,2.5,QV,V2
CH01770,2.5,4.05,BX,V2
CH01770,4.05,4.28,AND,
CH01771,0.0,0.2,AND,
CH01771,0.2,1.75,BX,V2
CH01771,1.75,2.55,QV,V2
CH01771,2.55,3.62,BX,V2
CH01772,0.0,0.65,AND,
CH01772,0.65,2.2,BX,V2
CH01772,2.2,3.05,QV,V2
CH01772,3.05,4.59,BX,V2
CH01773,0.0,0.55,AND,
CH01773,0.55,2.05,BX,V2
CH01773,2.05,3.0,QV,V2
CH01773,3.0,3.79,BX,V2
CH01774,0.0,1.35,BX,V2
CH01774,1.35,2.35,QV,V2
CH01774,2.35,3.9,BX,V2
CH01774,3.9,4.31,AND,
CH01775,0.0,0.7,AND,
CH01775,0.7,2.25,BX,V2
CH01775,2.25,3.35,QV,V2
CH01775,3.35,4.67,BX,V2
CH01776,0.0,1.35,BX,V2
CH01776,1.35,2.55,QV,V2
CH01776,2.55,4.1,BX,V2
CH01776,4.1,4.99,AND,
CH01777,0.0,0.65,AND,
CH01777,0.65,2.2,BX,V2
CH01777,2.2,3.45,QV,V2
CH01777,3.45,4.17,BX,V2
CH01778,0.0,0.55,AND,
CH01778,0.55,2.1,BX,V2
CH01778,2.1,3.4,QV,V2
CH01778,3.4,4.49,BX,V2
CH01779,0.0,1.4,BX,V2
CH01779,1.4,2.75,QV,V2
CH01779,2.75,4.3,BX,V2
CH01779,4.3,5.1,AND,
CH01780,0.0,0.5,AND,
CH01780,0.5,2.05,BX,V2
CH01780,2.05,3.5,QV,V2
CH01780,3.5,4.43,BX,V2
CH01781,0.0,0.7,AND,
CH01781,0.7,2.25,BX,V2
CH01781,2.25,3.7,QV,V2
CH01781,3.7,3.87,BX,V2
CH01782,0.0,0.3,AND,
CH01782,0.3,1.85,BX,V2
CH01782,1.85,3.35,QV,V2
CH01782,3.35,4.9,BX,V2
CH01782,4.9,5.28,AND,
CH01783,0.0,0.55,AND,
CH01783,0.55,2.05,BX,V2
CH01783,2.05,3.55,QV,V2
CH01783,3.55,4.7,BX,V2
CH01784,0.0,0.35,AND,
CH01784,0.35,1.85,BX,V2
CH01784,1.85,3.35,QV,V2
CH01784,3.35,4.9,BX,V2
CH01784,4.9,5.0,AND,
CH01785,0.0,0.75,AND,
CH01785,0.75,2.25,BX,V2
CH01785,2.25,3.75,QV,V2
CH01785,3.75,4.84,BX,V2
CH01786,0.0,0.8,AND,
CH01786,0.8,2.35,BX,V2
CH01786,2.35,3.9,QV,V2
CH01786,3.9,4.82,BX,V2
CH01787,0.0,0.45,AND,
CH01787,0.45,2.0,BX,V2
CH01787,2.0,3.5,QV,V2
CH01787,3.5,4.43,BX,V2
CH01788,0.0,0.05,AND,
CH01788,0.05,1.6,BX,V2
CH01788,1.6,3.15,QV,V2
CH01788,3.15,4.7,BX,V2
CH01788,4.7,5.28,AND,
CH01789,0.0,0.1,AND,
CH01789,0.1,1.6,BX,V2
CH01789,1.6,3.2,QV,V2
CH01789,3.2,4.4,BX,V2
CH01790,0.0,1.4,BX,V2
CH01790,1.4,3.05,QV,V2
CH01790,3.05,4.55,BX,V2
CH01790,4.55,5.39,AND,
CH01791,0.0,0.65,AND,
CH01791,0.65,2.2,BX,V2
CH01791,2.2,3.9,QV,V2
CH01791,3.9,4.41,BX,V2
CH01792,0.0,0.1,AND,
CH01792,0.1,1.65,BX,V2
CH01792,1.65,3.45,QV,V2
CH01792,3.45,5.0,BX,V2
CH01792,5.0,5.37,AND,
CH01793,0.0,1.5,BX,V2
CH01793,1.5,3.4,QV,V2
CH01793,3.4,4.95,BX,V2
CH01793,4.95,5.38,AND,
CH01794,0.0,0.55,AND,
CH01794,0.55,2.1,BX,V2
CH01794,2.1,4.15,QV,V2
CH01794,4.15,5.7,BX,V2
CH01794,5.7,5.76,AND,
CH01795,0.0,0.05,AND,
CH01795,0.05,1.6,BX,V2
CH01795,1.6,3.8,QV,V2
CH01795,3.8,5.3,BX,V2
CH01795,5.3,5.78,AND,
CH01796,0.0,0.35,AND,
CH01796,0.35,1.9,BX,V2
CH01796,1.9,4.25,QV,V2
CH01796,4.25,5.81,BX,V2
CH01797,0.0,0.25,AND,
CH01797,0.25,1.8,BX,V2
CH01797,1.8,4.25,QV,V2
CH01797,4.25,5.33,BX,V2
CH01798,0.0,0.5,AND,
CH01798,0.5,2.0,BX,V2
CH01798,2.0,4.55,QV,V2
CH01798,4.55,6.1,BX,V2
CH01798,6.1,6.16,AND,
CH01799,0.0,0.25,AND,
CH01799,0.25,1.75,BX,V2
CH01799,1.75,4.4,QV,V2
CH01799,4.4,5.54,BX,V2
CH01800,0.0,0.2,AND,
CH01800,0.2,1.7,BX,V2
CH01800,1.7,4.45,QV,V2
CH01800,4.45,6.0,BX,V2
CH01800,6.0,6.41,AND,
CH01801,0.0,1.55,BX,V2
CH01801,1.55,4.3,QV,V2
CH01801,4.3,5.59,BX,V2
CH01802,0.0,0.3,AND,
CH01802,0.3,1.8,BX,V2
CH01802,1.8,4.65,QV,V2
CH01802,4.65,6.15,BX,V2
CH01803,0.0,1.35,BX,V2
CH01803,1.35,4.25,QV,V2
CH01803,4.25,5.8,BX,V2
CH01804,0.0,0.3,AND,
CH01804,0.3,1.8,BX,V2
CH01804,1.8,4.75,QV,V2
CH01804,4.75,6.3,BX,V2
CH01804,6.3,6.49,AND,
CH01805,0.0,0.55,AND,
CH01805,0.55,2.05,BX,V2
CH01805,2.05,5.05,QV,V2
CH01805,5.05,6.55,BX,V2
CH01805,6.55,6.81,AND,
CH01806,0.0,0.4,AND,
CH01806,0.4,1.9,BX,V2
CH01806,1.9,4.95,QV,V2
CH01806,4.95,5.93,BX,V2
CH01807,0.0,0.3,AND,
CH01807,0.3,1.8,BX,V2
CH01807,1.8,4.9,QV,V2
CH01807,4.9,6.11,BX,V2
CH01808,0.0,0.05,AND,
CH01808,0.05,1.6,BX,V2
CH01808,1.6,4.75,QV,V2
CH01808,4.75,6.25,BX,V2
CH01808,6.25,6.74,AND,
CH01809,0.0,0.6,AND,
CH01809,0.6,2.1,BX,V2
CH01809,2.1,5.25,QV,V2
CH01809,5.25,5.62,BX,V2
CH01810,0.0,0.45,AND,
CH01810,0.45,2.0,BX,V2
CH01810,2.0,5.15,QV,V2
CH01810,5.15,5.72,BX,V2
CH01811,0.0,1.4,BX,V2
CH01811,1.4,4.55,QV,V2
CH01811,4.55,5.76,BX,V2
CH01812,0.0,1.4,BX,V2
CH01812,1.4,4.5,QV,V2
CH01812,4.5,5.86,BX,V2
CH01813,0.0,0.05,AND,
CH01813,0.05,1.55,BX,V2
CH01813,1.55,4.5,QV,V2
CH01813,4.5,5.5,BX,V2
CH01814,0.0,0.15,AND,
CH01814,0.15,1.7,BX,V2
CH01814,1.7,4.6,QV,V2
CH01814,4.6,5.51,BX,V2
CH01815,0.0,0.55,AND,
CH01815,0.55,2.1,BX,V2
CH01815,2.1,4.9,QV,V2
CH01815,4.9,6.45,BX,V2
CH01815,6.45,6.6,AND,
CH01816,0.0,1.45,BX,V2
CH01816,1.45,4.05,QV,V2
CH01816,4.05,5.42,BX,V2
CH01817,0.0,0.35,AND,
CH01817,0.35,1.9,BX,V2
CH01817,1.9,4.4,QV,V2
CH01817,4.4,5.61,BX,V2
CH01818,0.0,1.4,BX,V2
CH01818,1.4,3.85,QV,V2
CH01818,3.85,5.35,BX,V2
CH01818,5.35,5.48,AND,
CH01819,0.0,1.45,BX,V2
CH01819,1.45,3.9,QV,V2
CH01819,3.9,5.4,BX,V2
CH01819,5.4,6.02,AND,
CH01820,0.0,0.25,AND,
CH01820,0.25,1.8,BX,V2
CH01820,1.8,4.15,QV,V2
CH01820,4.15,4.88,BX,V2
CH01821,0.0,1.55,BX,V2
CH01821,1.55,3.85,QV,V2
CH01821,3.85,5.35,BX,V2
CH01821,5.35,6.16,AND,
CH01822,0.0,1.35,BX,V2
CH01822,1.35,3.55,QV,V2
CH01822,3.55,5.1,BX,V2
CH01822,5.1,5.26,AND,
CH01823,0.0,0.25,AND,
CH01823,0.25,1.8,BX,V2
CH01823,1.8,4.0,QV,V2
CH01823,4.0,5.55,BX,V2
CH01823,5.55,6.01,AND,
CH01824,0.0,0.2,AND,
CH01824,0.2,1.75,BX,V2
CH01824,1.75,3.85,QV,V2
CH01824,3.85,5.06,BX,V2
CH01825,0.0,1.4,BX,V2
CH01825,1.4,3.4,QV,V2
CH01825,3.4,4.95,BX,V2
CH01825,4.95,5.87,AND,
CH01826,0.0,1.35,BX,V2
CH01826,1.35,3.25,QV,V2
CH01826,3.25,4.8,BX,V2
CH01826,4.8,4.97,AND,
CH01827,0.0,1.5,BX,V2
CH01827,1.5,3.3,QV,V2
CH01827,3.3,4.85,BX,V2
CH01827,4.85,5.09,AND,
CH01828,0.0,0.4,AND,
CH01828,0.4,1.95,BX,V2
CH01828,1.95,3.65,QV,V2
CH01828,3.65,5.15,BX,V2
CH01828,5.15,5.4,AND,
CH01829,0.0,1.3,BX,V2
CH01829,1.3,2.9,QV,V2
CH01829,2.9,4.4,BX,V2
CH01829,4.4,5.18,AND,
CH01830,0.0,0.25,AND,
CH01830,0.25,1.75,BX,V2
CH01830,1.75,3.25,QV,V2
CH01830,3.25,4.75,BX,V2
CH01830,4.75,5.37,AND,
CH01831,0.0,0.05,AND,
CH01831,0.05,1.55,BX,V2
CH01831,1.55,2.9,QV,V2
CH01831,2.9,4.45,BX,V2
CH01831,4.45,4.71,AND,
CH01832,0.0,0.2,AND,
CH01832,0.2,1.75,BX,V2
CH01832,1.75,3.05,QV,V2
CH01832,3.05,4.6,BX,V2
CH01832,4.6,4.98,AND,
CH01833,0.0,0.2,AND,
CH01833,0.2,1.7,BX,V2
CH01833,1.7,2.9,QV,V2
CH01833,2.9,4.45,BX,V2
CH01833,4.45,4.85,AND,
CH01834,0.0,1.3,BX,V2
CH01834,1.3,2.45,QV,V2
CH01834,2.45,4.0,BX,V2
CH01834,4.0,4.04,AND,
CH01835,0.0,1.5,BX,V2
CH01835,1.5,2.6,QV,V2
CH01835,2.6,3.88,BX,V2
CH01836,0.0,1.35,BX,V2
CH01836,1.35,2.4,QV,V2
CH01836,2.4,3.9,BX,V2
CH01836,3.9,4.53,AND,
CH01837,0.0,0.35,AND,
CH01837,0.35,1.85,BX,V2
CH01837,1.85,2.85,QV,V2
CH01837,2.85,3.76,BX,V2
CH01838,0.0,1.5,BX,V2
CH01838,1.5,2.4,QV,V2
CH01838,2.4,3.87,BX,V2
CH01839,0.0,1.3,BX,V2
CH01839,1.3,2.15,QV,V2
CH01839,2.15,3.7,BX,V2
CH01839,3.7,4.63,AND,
CH01840,0.0,0.55,AND,
CH01840,0.55,2.05,BX,V2
CH01840,2.05,2.85,QV,V2
CH01840,2.85,3.96,BX,V2
CH01841,0.0,0.35,AND,
CH01841,0.35,1.9,BX,V2
CH01841,1.9,2.65,QV,V2
CH01841,2.65,3.96,BX,V2
CH01842,0.0,0.55,AND,
CH01842,0.55,2.1,BX,V2
CH01842,2.1,2.85,QV,V2
CH01842,2.85,4.33,BX,V2
CH01843,0.0,1.4,BX,V2
CH01843,1.4,2.1,QV,V2
CH01843,2.1,3.55,BX,V2
CH01843,3.55,3.62,AND,
CH01844,0.0,0.15,AND,
CH01844,0.15,1.65,BX,V2
CH01844,1.65,2.25,QV,V2
CH01844,2.25,3.28,BX,V2
CH01845,0.0,0.5,AND,
CH01845,0.5,2.0,BX,V2
CH01845,2.0,2.55,QV,V2
CH01845,2.55,4.05,BX,V2
CH01845,4.05,4.44,AND,
CH01846,0.0,1.3,BX,V2
CH01846,1.3,1.8,QV,V2
CH01846,1.8,3.12,BX,V2
CH01847,0.0,0.35,AND,
CH01847,0.35,1.85,BX,V2
CH01847,1.85,2.25,QV,V2
CH01847,2.25,3.45,BX,V2
CH01848,0.0,1.4,BX,V2
CH01848,1.4,1.8,QV,V2
CH01848,1.8,3.3,BX,V2
CH01848,3.3,3.92,AND,
CH01849,0.0,1.4,BX,V1
CH01849,1.4,3.6,QV,V1
CH01849,3.6,5.15,BX,V1
CH01849,5.15,5.52,AND,
CH01850,0.0,1.4,BX,V1
CH01850,1.4,3.75,QV,V1
CH01850,3.75,4.88,BX,V1
CH01851,0.0,0.25,AND,
CH01851,0.25,1.8,BX,V1
CH01851,1.8,4.3,QV,V1
CH01851,4.3,5.9,BX,V1
CH01851,5.9,6.02,AND,
CH01852,0.0,1.25,BX,V1
CH01852,1.25,3.8,QV,V1
CH01852,3.8,5.4,BX,V1
CH01852,5.4,6.24,AND,
CH01853,0.0,1.5,BX,V1
CH01853,1.5,4.1,QV,V1
CH01853,4.1,5.45,BX,V1
CH01854,0.0,1.55,BX,V1
CH01854,1.55,4.2,QV,V1
CH01854,4.2,5.63,BX,V1
CH01855,0.0,1.45,BX,V1
CH01855,1.45,4.05,QV,V1
CH01855,4.05,5.6,BX,V1
CH01855,5.6,6.08,AND,
CH01856,0.0,1.15,BX,V1
CH01856,1.15,3.7,QV,V1
CH01856,3.7,5.3,BX,V1
CH01856,5.3,5.46,AND,
CH01857,0.0,1.45,BX,V1
CH01857,1.45,3.9,QV,V1
CH01857,3.9,5.5,BX,V1
CH01857,5.5,5.83,AND,
CH01858,0.0,0.9,BX,V1
CH01858,0.9,3.3,QV,V1
CH01858,3.3,4.87,BX,V1
CH01859,0.0,1.45,BX,V1
CH01859,1.45,3.8,QV,V1
CH01859,3.8,5.15,BX,V1
CH01860,0.0,0.9,BX,V1
CH01860,0.9,3.15,QV,V1
CH01860,3.15,4.7,BX,V1
CH01860,4.7,5.98,AND,
CH01861,0.0,1.25,BX,V1
CH01861,1.25,3.45,QV,V1
CH01861,3.45,4.99,BX,V1
CH01862,0.0,1.5,BX,V1
CH01862,1.5,3.65,QV,V1
CH01862,3.65,5.25,BX,V1
CH01862,5.25,5.93,AND,
CH01863,0.0,1.15,BX,V1
CH01863,1.15,3.3,QV,V1
CH01863,3.3,4.85,BX,V1
CH01863,4.85,5.71,AND,
CH01864,0.0,1.25,BX,V1
CH01864,1.25,3.35,QV,V1
CH01864,3.35,4.95,BX,V1
CH01864,4.95,5.07,AND,
CH01865,0.0,0.05,AND,
CH01865,0.05,1.65,BX,V1
CH01865,1.65,3.75,QV,V1
CH01865,3.75,5.01,BX,V1
CH01866,0.0,1.4,BX,V1
CH01866,1.4,3.5,QV,V1
CH01866,3.5,5.1,BX,V1
CH01866,5.1,5.8,AND,
CH01867,0.0,1.25,BX,V1
CH01867,1.25,3.4,QV,V1
CH01867,3.4,5.0,BX,V1
CH01867,5.0,5.23,AND,
CH01868,0.0,1.35,BX,V1
CH01868,1.35,3.55,QV,V1
CH01868,3.55,4.74,BX,V1
CH01869,0.0,0.2,AND,
CH01869,0.2,1.8,BX,V1
CH01869,1.8,4.05,QV,V1
CH01869,4.05,5.65,BX,V1
CH01869,5.65,6.06,AND,
CH01870,0.0,1.55,BX,V1
CH01870,1.55,3.8,QV,V1
CH01870,3.8,5.4,BX,V1
CH01870,5.4,6.06,AND,
CH01871,0.0,0.3,AND,
CH01871,0.3,1.9,BX,V1
CH01871,1.9,4.15,QV,V1
CH01871,4.15,5.57,BX,V1
CH01872,0.0,1.35,BX,V1
CH01872,1.35,3.65,QV,V1
CH01872,3.65,4.96,BX,V1
CH01873,0.0,1.4,BX,V1
CH01873,1.4,3.65,QV,V1
CH01873,3.65,4.94,BX,V1
CH01874,0.0,1.35,BX,V1
CH01874,1.35,3.6,QV,V1
CH01874,3.6,5.2,BX,V1
CH01874,5.2,5.76,AND,
CH01875,0.0,1.6,BX,V1
CH01875,1.6,3.85,QV,V1
CH01875,3.85,5.2,BX,V1
CH01876,0.0,1.15,BX,V1
CH01876,1.15,3.4,QV,V1
CH01876,3.4,4.95,BX,V1
CH01876,4.95,5.19,AND,
CH01877,0.0,0.2,AND,
CH01877,0.2,1.75,BX,V1
CH01877,1.75,4.0,QV,V1
CH01877,4.0,4.85,BX,V1
CH01878,0.0,1.1,BX,V1
CH01878,1.1,3.35,QV,V1
CH01878,3.35,4.9,BX,V1
CH01878,4.9,5.95,AND,
CH01879,0.0,0.1,AND,
CH01879,0.1,1.65,BX,V1
CH01879,1.65,3.9,QV,V1
CH01879,3.9,5.0,BX,V1
CH01880,0.0,0.1,AND,
CH01880,0.1,1.65,BX,V1
CH01880,1.65,3.9,QV,V1
CH01880,3.9,5.5,BX,V1
CH01880,5.5,5.59,AND,
CH01881,0.0,1.45,BX,V1
CH01881,1.45,3.75,QV,V1
CH01881,3.75,5.2,BX,V1
CH01882,0.0,1.55,BX,V1
CH01882,1.55,3.95,QV,V1
CH01882,3.95,4.94,BX,V1
CH01883,0.0,1.55,BX,V1
CH01883,1.55,4.0,QV,V1
CH01883,4.0,5.51,BX,V1
CH01884,0.0,0.9,BX,V1
CH01884,0.9,3.4,QV,V1
CH01884,3.4,4.95,BX,V1
CH01884,4.95,5.1,AND,
CH01885,0.0,1.1,BX,V1
CH01885,1.1,3.6,QV,V1
CH01885,3.6,5.15,BX,V1
CH01885,5.15,5.38,AND,
CH01886,0.0,1.0,BX,V1
CH01886,1.0,3.45,QV,V1
CH01886,3.45,5.05,BX,V1
CH01886,5.05,5.5,AND,
CH01887,0.0,1.15,BX,V1
CH01887,1.15,3.75,QV,V1
CH01887,3.75,5.35,BX,V1
CH01887,5.35,6.27,AND,
CH01888,0.0,1.1,BX,V1
CH01888,1.1,3.55,QV,V1
CH01888,3.55,5.1,BX,V1
CH01888,5.1,5.93,AND,
CH01889,0.0,1.15,BX,V1
CH01889,1.15,3.45,QV,V1
CH01889,3.45,5.0,BX,V1
CH01889,5.0,5.52,AND,
CH01890,0.0,1.0,BX,V1
CH01890,1.0,3.1,QV,V1
CH01890,3.1,4.65,BX,V1
CH01890,4.65,5.54,AND,
CH01891,0.0,0.85,BX,V1
CH01891,0.85,2.85,QV,V1
CH01891,2.85,4.45,BX,V1
CH01891,4.45,5.82,AND,
CH01892,0.0,0.8,BX,V1
CH01892,0.8,2.65,QV,V1
CH01892,2.65,4.2,BX,V1
CH01892,4.2,5.52,AND,
CH01893,0.0,1.4,BX,V1
CH01893,1.4,3.1,QV,V1
CH01893,3.1,4.57,BX,V1
CH01894,0.0,0.85,BX,V1
CH01894,0.85,2.4,QV,V1
CH01894,2.4,3.95,BX,V1
CH01894,3.95,4.74,AND,
CH01895,0.0,0.65,BX,V1
CH01895,0.65,2.05,QV,V1
CH01895,2.05,3.6,BX,V1
CH01895,3.6,4.2,AND,
CH01896,0.0,1.2,BX,V1
CH01896,1.2,2.55,QV,V1
CH01896,2.55,4.1,BX,V1
CH01896,4.1,4.4,AND,
CH01897,0.0,1.4,BX,V1
CH01897,1.4,2.7,QV,V1
CH01897,2.7,4.25,BX,V1
CH01897,4.25,4.31,AND,
CH01898,0.0,0.9,BX,V1
CH01898,0.9,2.2,QV,V1
CH01898,2.2,3.75,BX,V1
CH01898,3.75,4.96,AND,
CH01899,0.0,1.25,BX,V1
CH01899,1.25,2.65,QV,V1
CH01899,2.65,4.15,BX,V1
CH01899,4.15,4.79,AND,
CH01900,0.0,0.9,BX,V1
CH01900,0.9,2.35,QV,V1
CH01900,2.35,3.9,BX,V1
CH01900,3.9,4.76,AND,
CH01901,0.0,1.1,BX,V1
CH01901,1.1,2.7,QV,V1
CH01901,2.7,4.25,BX,V1
CH01901,4.25,4.5,AND,
CH01902,0.0,1.25,BX,V1
CH01902,1.25,3.0,QV,V1
CH01902,3.0,4.5,BX,V1
CH01902,4.5,4.75,AND,
CH01903,0.0,0.85,BX,V1
CH01903,0.85,2.75,QV,V1
CH01903,2.75,4.3,BX,V1
CH01903,4.3,4.55,AND,
CH01904,0.0,1.4,BX,V1
CH01904,1.4,3.5,QV,V1
CH01904,3.5,5.0,BX,V1
CH01904,5.0,5.32,AND,
CH01905,0.0,1.45,BX,V1
CH01905,1.45,3.75,QV,V1
CH01905,3.75,5.07,BX,V1
CH01906,0.0,1.0,BX,V1
CH01906,1.0,3.5,QV,V1
CH01906,3.5,5.07,BX,V1
CH01907,0.0,1.15,BX,V1
CH01907,1.15,3.75,QV,V1
CH01907,3.75,5.25,BX,V1
CH01907,5.25,6.48,AND,
CH01908,0.0,1.5,BX,V1
CH01908,1.5,4.2,QV,V1
CH01908,4.2,5.22,BX,V1
CH01909,0.0,1.15,BX,V1
CH01909,1.15,3.8,QV,V1
CH01909,3.8,5.35,BX,V1
CH01909,5.35,5.95,AND,
CH01910,0.0,1.35,BX,V1
CH01910,1.35,3.95,QV,V1
CH01910,3.95,5.22,BX,V1
CH01911,0.0,1.35,BX,V1
CH01911,1.35,3.8,QV,V1
CH01911,3.8,5.35,BX,V1
CH01911,5.35,6.27,AND,
CH01912,0.0,0.1,AND,
CH01912,0.1,1.65,BX,V1
CH01912,1.65,3.95,QV,V1
CH01912,3.95,5.49,BX,V1
CH01913,0.0,1.4,BX,V1
CH01913,1.4,3.55,QV,V1
CH01913,3.55,4.81,BX,V1
CH01914,0.0,1.45,BX,V1
CH01914,1.45,3.5,QV,V1
CH01914,3.5,5.0,BX,V1
CH01914,5.0,5.55,AND,
CH01915,0.0,1.2,BX,V1
CH01915,1.2,3.1,QV,V1
CH01915,3.1,4.61,BX,V1
CH01916,0.0,1.2,BX,V1
CH01916,1.2,3.0,QV,V1
CH01916,3.0,4.41,BX,V1
CH01917,0.0,0.9,BX,V1
CH01917,0.9,2.65,QV,V1
CH01917,2.65,4.2,BX,V1
CH01917,4.2,5.53,AND,
CH01918,0.0,1.05,BX,V1
CH01918,1.05,2.8,QV,V1
CH01918,2.8,4.35,BX,V1
CH01918,4.35,5.18,AND,
CH01919,0.0,1.45,BX,V1
CH01919,1.45,3.25,QV,V1
CH01919,3.25,4.52,BX,V1
CH01920,0.0,1.45,BX,V1
CH01920,1.45,3.3,QV,V1
CH01920,3.3,4.69,BX,V1
CH01921,0.0,1.2,BX,V1
CH01921,1.2,3.2,QV,V1
CH01921,3.2,4.3,BX,V1
CH01921,4.3,4.5,QV,V4
CH01922,0.0,1.5,BX,V1
CH01922,1.5,2.45,QV,V1
CH01922,2.45,3.1,QV,V4
CH01922,3.1,3.65,QV,V1
CH01922,3.65,5.15,BX,V1
CH01922,5.15,5.8,AND,
CH01923,0.0,0.55,BX,V1
CH01923,0.55,1.25,QV,V4
CH01923,1.25,1.4,BX,V1
CH01923,1.4,3.7,QV,V1
CH01923,3.7,5.14,BX,V1
CH01924,0.0,1.0,BX,V1
CH01924,1.0,3.5,QV,V1
CH01924,3.5,5.05,BX,V1
CH01924,5.05,6.41,AND,
CH01925,0.0,1.2,BX,V1
CH01925,1.2,3.9,QV,V1
CH01925,3.9,5.45,BX,V1
CH01925,5.45,5.74,AND,
CH01926,0.0,0.95,BX,V1
CH01926,0.95,3.9,QV,V1
CH01926,3.9,5.45,BX,V1
CH01926,5.45,6.29,AND,
CH01927,0.0,0.15,AND,
CH01927,0.15,1.7,BX,V1
CH01927,1.7,4.75,QV,V1
CH01927,4.75,5.61,BX,V1
CH01928,0.0,0.8,BX,V1
CH01928,0.8,3.95,QV,V1
CH01928,3.95,5.5,BX,V1
CH01928,5.5,5.75,AND,
CH01929,0.0,1.4,BX,V1
CH01929,1.4,4.65,QV,V1
CH01929,4.65,5.74,BX,V1
CH01930,0.0,0.1,AND,
CH01930,0.1,1.6,BX,V1
CH01930,1.6,4.85,QV,V1
CH01930,4.85,6.35,BX,V1
CH01930,6.35,6.63,AND,
CH01931,0.0,1.35,BX,V1
CH01931,1.35,4.55,QV,V1
CH01931,4.55,6.1,BX,V1
CH01931,6.1,6.76,AND,
CH01932,0.0,1.3,BX,V1
CH01932,1.3,4.4,QV,V1
CH01932,4.4,5.95,BX,V1
CH01932,5.95,6.91,AND,
CH01933,0.0,1.15,BX,V1
CH01933,1.15,4.15,QV,V1
CH01933,4.15,5.65,BX,V1
CH01933,5.65,6.13,AND,
CH01934,0.0,0.05,AND,
CH01934,0.05,1.55,BX,V1
CH01934,1.55,4.45,QV,V1
CH01934,4.45,5.89,BX,V1
CH01935,0.0,1.45,BX,V1
CH01935,1.45,4.15,QV,V1
CH01935,4.15,5.7,BX,V1
CH01935,5.7,6.22,AND,
CH01936,0.0,1.25,BX,V1
CH01936,1.25,3.8,QV,V1
CH01936,3.8,5.3,BX,V1
CH01936,5.3,5.74,AND,
CH01937,0.0,0.1,AND,
CH01937,0.1,1.65,BX,V1
CH01937,1.65,4.0,QV,V1
CH01937,4.0,5.55,BX,V1
CH01937,5.55,5.86,AND,
CH01938,0.0,1.15,BX,V1
CH01938,1.15,3.35,QV,V1
CH01938,3.35,4.9,BX,V1
CH01938,4.9,5.82,AND,
CH01939,0.0,1.1,BX,V1
CH01939,1.1,3.15,QV,V1
CH01939,3.15,4.65,BX,V1
CH01939,4.65,4.86,AND,
CH01940,0.0,0.45,AND,
CH01940,0.45,1.95,BX,V1
CH01940,1.95,3.85,QV,V1
CH01940,3.85,4.65,BX,V1
CH01941,0.0,0.15,AND,
CH01941,0.15,1.7,BX,V1
CH01941,1.7,3.5,QV,V1
CH01941,3.5,5.05,BX,V1
CH01941,5.05,5.56,AND,
CH01942,0.0,0.35,AND,
CH01942,0.35,1.9,BX,V1
CH01942,1.9,3.6,QV,V1
CH01942,3.6,5.15,BX,V1
CH01942,5.15,5.54,AND,
CH01943,0.0,0.15,AND,
CH01943,0.15,1.7,BX,V1
CH01943,1.7,3.35,QV,V1
CH01943,3.35,4.9,BX,V1
CH01943,4.9,5.17,AND,
CH01944,0.0,0.05,AND,
CH01944,0.05,1.6,BX,V1
CH01944,1.6,3.15,QV,V1
CH01944,3.15,4.7,BX,V1
CH01944,4.7,5.43,AND,
CH01945,0.0,0.5,AND,
CH01945,0.5,2.05,BX,V1
CH01945,2.05,3.6,QV,V1
CH01945,3.6,4.58,BX,V1
CH01946,0.0,1.35,BX,V1
CH01946,1.35,2.95,QV,V1
CH01946,2.95,4.5,BX,V1
CH01946,4.5,4.65,AND,
CH01947,0.0,1.35,BX,V1
CH01947,1.35,2.95,QV,V1
CH01947,2.95,4.5,BX,V1
CH01947,4.5,5.21,AND,
CH01948,0.0,0.55,AND,
CH01948,0.55,2.1,BX,V1
CH01948,2.1,3.75,QV,V1
CH01948,3.75,5.3,BX,V1
CH01948,5.3,5.58,AND,
CH01949,0.0,1.5,BX,V1
CH01949,1.5,3.25,QV,V1
CH01949,3.25,4.8,BX,V1
CH01949,4.8,5.04,AND,
CH01950,0.0,1.2,BX,V1
CH01950,1.2,3.1,QV,V1
CH01950,3.1,4.48,BX,V1
CH01951,0.0,0.45,AND,
CH01951,0.45,2.0,BX,V1
CH01951,2.0,4.1,QV,V1
CH01951,4.1,5.31,BX,V1
CH01952,0.0,1.45,BX,V1
CH01952,1.45,3.75,QV,V1
CH01952,3.75,5.3,BX,V1
CH01952,5.3,5.76,AND,
CH01953,0.0,0.45,AND,
CH01953,0.45,2.0,BX,V1
CH01953,2.0,4.65,QV,V1
CH01953,4.65,5.07,BX,V1
CH01954,0.0,0.4,AND,
CH01954,0.4,1.95,BX,V1
CH01954,1.95,4.9,QV,V1
CH01954,4.9,6.15,BX,V1
CH01955,0.0,0.3,AND,
CH01955,0.3,1.85,BX,V1
CH01955,1.85,5.15,QV,V1
CH01955,5.15,6.71,BX,V1
CH01956,0.0,0.45,AND,
CH01956,0.45,1.95,BX,V1
CH01956,1.95,5.7,QV,V1
CH01956,5.7,7.19,BX,V1
CH01957,0.0,1.15,BX,V1
CH01957,1.15,5.35,QV,V1
CH01957,5.35,6.9,BX,V1
CH01957,6.9,7.33,AND,
CH01958,0.0,0.05,AND,
CH01958,0.05,1.6,BX,V1
CH01958,1.6,6.25,QV,V1
CH01958,6.25,7.44,BX,V1
CH01959,0.0,0.1,AND,
CH01959,0.1,1.65,BX,V1
CH01959,1.65,6.7,QV,V1
CH01959,6.7,7.89,BX,V1
CH01960,0.0,0.1,AND,
CH01960,0.1,1.65,BX,V1
CH01960,1.65,7.15,QV,V1
CH01960,7.15,8.14,BX,V1
CH01961,0.0,0.95,BX,V1
CH01961,0.95,6.8,QV,V1
CH01961,6.8,8.3,BX,V1
CH01961,8.3,8.66,AND,
CH01962,0.0,1.3,BX,V1
CH01962,1.3,7.35,QV,V1
CH01962,7.35,8.9,BX,V1
CH01962,8.9,9.36,AND,
CH01963,0.0,1.5,BX,V1
CH01963,1.5,7.65,QV,V1
CH01963,7.65,9.2,BX,V1
CH01963,9.2,9.44,AND,
CH01964,0.0,1.5,BX,V1
CH01964,1.5,7.65,QV,V1
CH01964,7.65,8.67,BX,V1
CH01965,0.0,1.4,BX,V1
CH01965,1.4,7.4,QV,V1
CH01965,7.4,8.9,BX,V1
CH01965,8.9,9.27,AND,
CH01966,0.0,1.35,BX,V1
CH01966,1.35,7.0,QV,V1
CH01966,7.0,8.55,BX,V1
CH01966,8.55,9.52,AND,
CH01967,0.0,1.45,BX,V1
CH01967,1.45,6.7,QV,V1
CH01967,6.7,7.99,BX,V1
CH01968,0.0,1.05,BX,V1
CH01968,1.05,5.8,QV,V1
CH01968,5.8,7.35,BX,V1
CH01968,7.35,7.89,AND,
CH01969,0.0,1.0,BX,V1
CH01969,1.0,5.3,QV,V1
CH01969,5.3,6.85,BX,V1
CH01969,6.85,7.78,AND,
CH01970,0.0,1.55,BX,V1
CH01970,1.55,5.3,QV,V1
CH01970,5.3,6.8,BX,V1
CH01970,6.8,6.89,AND,
CH01971,0.0,1.5,BX,V1
CH01971,1.5,4.7,QV,V1
CH01971,4.7,5.82,BX,V1
CH01972,0.0,1.35,BX,V1
CH01972,1.35,4.1,QV,V1
CH01972,4.1,5.6,BX,V1
CH01972,5.6,5.86,AND,
CH01973,0.0,0.1,AND,
CH01973,0.1,1.65,BX,V1
CH01973,1.65,4.0,QV,V1
CH01973,4.0,5.5,BX,V1
CH01973,5.5,6.26,AND,
CH01974,0.0,1.25,BX,V1
CH01974,1.25,3.3,QV,V1
CH01974,3.3,4.85,BX,V1
CH01974,4.85,5.34,AND,
CH01975,0.0,0.4,AND,
CH01975,0.4,1.95,BX,V1
CH01975,1.95,3.7,QV,V1
CH01975,3.7,5.2,BX,V1
CH01975,5.2,5.31,AND,
CH01976,0.0,0.05,AND,
CH01976,0.05,1.6,BX,V1
CH01976,1.6,3.1,QV,V1
CH01976,3.1,4.6,BX,V1
CH01976,4.6,4.75,AND,
CH01977,0.0,1.55,BX,V1
CH01977,1.55,2.9,QV,V1
CH01977,2.9,4.4,BX,V1
CH01977,4.4,5.3,AND,
CH01978,0.0,0.35,AND,
CH01978,0.35,1.9,BX,V1
CH01978,1.9,3.15,QV,V1
CH01978,3.15,3.77,BX,V1
CH01979,0.0,1.45,BX,V1
CH01979,1.45,2.6,QV,V1
CH01979,2.6,3.69,BX,V1
CH01980,0.0,1.45,BX,V1
CH01980,1.45,2.55,QV,V1
CH01980,2.55,4.05,BX,V1
CH01980,4.05,4.36,AND,
CH01981,0.0,1.55,BX,V1
CH01981,1.55,2.6,QV,V1
CH01981,2.6,4.15,BX,V1
CH01981,4.15,4.26,AND,
CH01982,0.0,1.5,BX,V1
CH01982,1.5,2.6,QV,V1
CH01982,2.6,4.1,BX,V1
CH01982,4.1,4.39,AND,
CH01983,0.0,0.05,AND,
CH01983,0.05,1.55,BX,V1
CH01983,1.55,2.65,QV,V1
CH01983,2.65,4.2,BX,V1
CH01983,4.2,4.71,AND,
CH01984,0.0,1.2,BX,V1
CH01984,1.2,2.35,QV,V1
CH01984,2.35,3.85,BX,V1
CH01984,3.85,4.54,AND,
CH01985,0.0,0.4,AND,
CH01985,0.4,1.95,BX,V1
CH01985,1.95,3.15,QV,V1
CH01985,3.15,4.31,BX,V1
CH01986,0.0,0.25,AND,
CH01986,0.25,1.75,BX,V1
CH01986,1.75,3.0,QV,V1
CH01986,3.0,4.5,BX,V1
CH01986,4.5,4.59,AND,
CH01987,0.0,1.2,BX,V1
CH01987,1.2,2.55,QV,V1
CH01987,2.55,4.05,BX,V1
CH01987,4.05,4.15,AND,
CH01988,0.0,0.95,BX,V1
CH01988,0.95,2.4,QV,V1
CH01988,2.4,3.9,BX,V1
CH01988,3.9,5.08,AND,
CH01989,0.0,0.25,AND,
CH01989,0.25,1.75,BX,V1
CH01989,1.75,3.3,QV,V1
CH01989,3.3,4.8,BX,V1
CH01989,4.8,4.91,AND,
CH01990,0.0,1.05,BX,V1
CH01990,1.05,2.75,QV,V1
CH01990,2.75,4.25,BX,V1
CH01990,4.25,5.17,AND,
CH01991,0.0,1.5,BX,V1
CH01991,1.5,3.3,QV,V1
CH01991,3.3,4.8,BX,V1
CH01991,4.8,5.21,AND,
CH01992,0.0,0.1,AND,
CH01992,0.1,1.6,BX,V1
CH01992,1.6,3.5,QV,V1
CH01992,3.5,5.05,BX,V1
CH01992,5.05,5.91,AND,
CH01993,0.0,1.2,BX,V1
CH01993,1.2,3.3,QV,V1
CH01993,3.3,4.8,BX,V1
CH01993,4.8,4.94,AND,
CH01994,0.0,0.05,AND,
CH01994,0.05,1.55,BX,V1
CH01994,1.55,3.85,QV,V1
CH01994,3.85,5.35,BX,V1
CH01994,5.35,6.07,AND,
CH01995,0.0,1.35,BX,V1
CH01995,1.35,3.8,QV,V1
CH01995,3.8,5.35,BX,V1
CH01995,5.35,6.28,AND,
CH01996,0.0,0.1,AND,
CH01996,0.1,1.6,BX,V1
CH01996,1.6,4.25,QV,V1
CH01996,4.25,5.75,BX,V1
CH01996,5.75,6.46,AND,
CH01997,0.0,0.9,BX,V1
CH01997,0.9,3.8,QV,V1
CH01997,3.8,5.3,BX,V1
CH01997,5.3,6.48,AND,
CH01998,0.0,0.15,AND,
CH01998,0.15,1.7,BX,V1
CH01998,1.7,4.8,QV,V1
CH01998,4.8,6.33,BX,V1
CH01999,0.0,0.3,AND,
CH01999,0.3,1.8,BX,V1
CH01999,1.8,5.1,QV,V1
CH01999,5.1,6.6,BX,V1
CH01999,6.6,6.94,AND,
CH02000,0.0,1.45,BX,V1
CH02000,1.45,4.9,QV,V1
CH02000,4.9,6.4,BX,V1
CH02000,6.4,6.95,AND,
CH02001,0.0,0.1,AND,
CH02001,0.1,1.65,BX,V1
CH02001,1.65,5.2,QV,V1
CH02001,5.2,6.6,BX,V1
CH02002,0.0,0.9,BX,V1
CH02002,0.9,4.45,QV,V1
CH02002,4.45,5.95,BX,V1
CH02002,5.95,7.21,AND,
CH02003,0.0,1.05,BX,V1
CH02003,1.05,4.65,QV,V1
CH02003,4.65,6.15,BX,V1
CH02003,6.15,6.32,AND,
CH02004,0.0,0.95,BX,V1
CH02004,0.95,4.45,QV,V1
CH02004,4.45,5.95,BX,V1
CH02004,5.95,6.92,AND,
CH02005,0.0,0.05,AND,
CH02005,0.05,1.55,BX,V1
CH02005,1.55,5.0,QV,V1
CH02005,5.0,6.33,BX,V1
CH02006,0.0,0.25,AND,
CH02006,0.25,1.8,BX,V1
CH02006,1.8,5.1,QV,V1
CH02006,5.1,6.6,BX,V1
CH02006,6.6,7.2,AND,
CH02007,0.0,1.5,BX,V1
CH02007,1.5,4.7,QV,V1
CH02007,4.7,6.1,BX,V1
CH02008,0.0,0.05,AND,
CH02008,0.05,1.6,BX,V1
CH02008,1.6,4.6,QV,V1
CH02008,4.6,5.65,BX,V1
CH02009,0.0,1.5,BX,V1
CH02009,1.5,4.35,QV,V1
CH02009,4.35,5.85,BX,V1
CH02009,5.85,6.37,AND,
CH02010,0.0,0.6,AND,
CH02010,0.6,2.15,BX,V2
CH02010,2.15,2.75,QV,V2
CH02010,2.75,4.32,BX,V2
CH02011,0.0,0.25,AND,
CH02011,0.25,1.8,BX,V2
CH02011,1.8,2.45,QV,V2
CH02011,2.45,4.0,BX,V2
CH02011,4.0,4.04,AND,
CH02012,0.0,0.2,AND,
CH02012,0.2,1.75,BX,V2
CH02012,1.75,2.45,QV,V2
CH02012,2.45,3.93,BX,V2
CH02013,0.0,0.75,AND,
CH02013,0.75,2.3,BX,V2
CH02013,2.3,3.1,QV,V2
CH02013,3.1,4.14,BX,V2
CH02014,0.0,0.3,AND,
CH02014,0.3,1.8,BX,V2
CH02014,1.8,2.75,QV,V2
CH02014,2.75,4.23,BX,V2
CH02015,0.0,0.85,AND,
CH02015,0.85,2.4,BX,V2
CH02015,2.4,3.45,QV,V2
CH02015,3.45,4.59,BX,V2
CH02016,0.0,0.1,AND,
CH02016,0.1,1.65,BX,V2
CH02016,1.65,2.85,QV,V2
CH02016,2.85,4.4,BX,V2
CH02016,4.4,4.74,AND,
CH02017,0.0,0.05,AND,
CH02017,0.05,1.6,BX,V2
CH02017,1.6,2.95,QV,V2
CH02017,2.95,4.52,BX,V2
CH02018,0.0,0.25,AND,
CH02018,0.25,1.8,BX,V2
CH02018,1.8,3.25,QV,V2
CH02018,3.25,4.8,BX,V2
CH02018,4.8,4.84,AND,
CH02019,0.0,0.3,AND,
CH02019,0.3,1.8,BX,V2
CH02019,1.8,3.4,QV,V2
CH02019,3.4,4.11,BX,V2
CH02020,0.0,0.2,AND,
CH02020,0.2,1.75,BX,V2
CH02020,1.75,3.45,QV,V2
CH02020,3.45,4.25,BX,V2
CH02021,0.0,0.1,AND,
CH02021,0.1,1.65,BX,V2
CH02021,1.65,3.35,QV,V2
CH02021,3.35,4.56,BX,V2
CH02022,0.0,0.1,AND,
CH02022,0.1,1.65,BX,V2
CH02022,1.65,3.4,QV,V2
CH02022,3.4,4.95,BX,V2
CH02022,4.95,5.21,AND,
CH02023,0.0,1.35,BX,V2
CH02023,1.35,3.05,QV,V2
CH02023,3.05,4.65,BX,V2
CH02023,4.65,4.88,AND,
CH02024,0.0,0.7,AND,
CH02024,0.7,2.2,BX,V2
CH02024,2.2,3.8,QV,V2
CH02024,3.8,5.0,BX,V2
CH02025,0.0,0.6,AND,
CH02025,0.6,2.15,BX,V2
CH02025,2.15,3.7,QV,V2
CH02025,3.7,4.4,BX,V2
CH02026,0.0,0.15,AND,
CH02026,0.15,1.65,BX,V2
CH02026,1.65,3.1,QV,V2
CH02026,3.1,4.65,BX,V2
CH02026,4.65,4.98,AND,
CH02027,0.0,0.35,AND,
CH02027,0.35,1.9,BX,V2
CH02027,1.9,3.25,QV,V2
CH02027,3.25,4.53,BX,V2
CH02028,0.0,0.05,AND,
CH02028,0.05,1.6,BX,V2
CH02028,1.6,2.85,QV,V2
CH02028,2.85,3.81,BX,V2
CH02029,0.0,0.15,AND,
CH02029,0.15,1.7,BX,V2
CH02029,1.7,2.9,QV,V2
CH02029,2.9,4.47,BX,V2
CH02030,0.0,1.5,BX,V2
CH02030,1.5,2.6,QV,V2
CH02030,2.6,4.15,BX,V2
CH02030,4.15,5.04,AND,
CH02031,0.0,1.45,BX,V2
CH02031,1.45,2.5,QV,V2
CH02031,2.5,4.05,BX,V2
CH02031,4.05,4.36,AND,
CH02032,0.0,0.55,AND,
CH02032,0.55,2.1,BX,V2
CH02032,2.1,3.1,QV,V2
CH02032,3.1,4.6,BX,V2
CH02032,4.6,4.82,AND,
CH02033,0.0,1.3,BX,V2
CH02033,1.3,2.3,QV,V2
CH02033,2.3,3.8,BX,V2
CH02033,3.8,3.97,AND,
CH02034,0.0,1.45,BX,V2
CH02034,1.45,2.45,QV,V2
CH02034,2.45,3.95,BX,V2
CH02034,3.95,4.21,AND,
CH02035,0.0,1.25,BX,V2
CH02035,1.25,2.25,QV,V2
CH02035,2.25,3.65,BX,V2
CH02036,0.0,1.35,BX,V2
CH02036,1.35,2.35,QV,V2
CH02036,2.35,3.9,BX,V2
CH02036,3.9,4.29,AND,
CH02037,0.0,0.4,AND,
CH02037,0.4,1.9,BX,V2
CH02037,1.9,2.95,QV,V2
CH02037,2.95,4.18,BX,V2
CH02038,0.0,1.4,BX,V2
CH02038,1.4,2.45,QV,V2
CH02038,2.45,3.95,BX,V2
CH02038,3.95,4.67,AND,
CH02039,0.0,0.3,AND,
CH02039,0.3,1.85,BX,V2
CH02039,1.85,2.95,QV,V2
CH02039,2.95,4.24,BX,V2
CH02040,0.0,1.15,BX,V2
CH02040,1.15,2.3,QV,V2
CH02040,2.3,3.85,BX,V2
CH02040,3.85,5.02,AND,
CH02041,0.0,1.3,BX,V2
CH02041,1.3,2.5,QV,V2
CH02041,2.5,4.05,BX,V2
CH02041,4.05,4.5,AND,
CH02042,0.0,0.5,AND,
CH02042,0.5,2.05,BX,V2
CH02042,2.05,3.3,QV,V2
CH02042,3.3,4.61,BX,V2
CH02043,0.0,0.05,AND,
CH02043,0.05,1.6,BX,V2
CH02043,1.6,2.85,QV,V2
CH02043,2.85,4.4,BX,V2
CH02043,4.4,4.7,AND,
CH02044,0.0,1.55,BX,V2
CH02044,1.55,2.85,QV,V2
CH02044,2.85,3.88,BX,V2
CH02045,0.0,0.45,AND,
CH02045,0.45,2.0,BX,V2
CH02045,2.0,3.35,QV,V2
CH02045,3.35,4.67,BX,V2
CH02046,0.0,0.2,AND,
CH02046,0.2,1.75,BX,V2
CH02046,1.75,3.05,QV,V2
CH02046,3.05,4.6,BX,V2
CH02046,4.6,5.18,AND,
CH02047,0.0,1.45,BX,V2
CH02047,1.45,2.85,QV,V2
CH02047,2.85,4.14,BX,V2
CH02048,0.0,0.6,AND,
CH02048,0.6,2.15,BX,V2
CH02048,2.15,3.55,QV,V2
CH02048,3.55,4.65,BX,V2
CH02049,0.0,1.55,BX,V2
CH02049,1.55,3.0,QV,V2
CH02049,3.0,4.55,BX,V2
CH02049,4.55,5.38,AND,
CH02050,0.0,0.15,AND,
CH02050,0.15,1.7,BX,V2
CH02050,1.7,3.15,QV,V2
CH02050,3.15,4.58,BX,V2
CH02051,0.0,1.35,BX,V2
CH02051,1.35,2.85,QV,V2
CH02051,2.85,4.4,BX,V2
CH02051,4.4,4.7,BX,V4
CH02051,4.7,5.35,QV,V4
CH02052,0.0,1.35,BX,V2
CH02052,1.35,2.7,QV,V2
CH02052,2.7,3.7,QV,V4
CH02052,3.7,4.45,BX,V2
CH02052,4.45,5.33,BX,V4
CH02053,0.0,0.15,BX,V4
CH02053,0.15,0.8,BX,V2
CH02053,0.8,1.9,QV,V4
CH02053,1.9,3.3,QV,V2
CH02053,3.3,4.85,BX,V2
CH02053,4.85,5.41,AND,
CH02054,0.0,0.1,QV,V4
CH02054,0.1,0.5,BX,V4
CH02054,0.5,2.05,BX,V2
CH02054,2.05,3.65,QV,V2
CH02054,3.65,4.71,BX,V2
CH02055,0.0,0.5,AND,
CH02055,0.5,2.05,BX,V2
CH02055,2.05,3.7,QV,V2
CH02055,3.7,4.22,BX,V2
CH02056,0.0,0.35,AND,
CH02056,0.35,1.9,BX,V2
CH02056,1.9,3.55,QV,V2
CH02056,3.55,4.32,BX,V2
CH02057,0.0,0.4,AND,
CH02057,0.4,2.0,BX,V2
CH02057,2.0,3.65,QV,V2
CH02057,3.65,4.49,BX,V2
CH02058,0.0,0.35,AND,
CH02058,0.35,1.9,BX,V2
CH02058,1.9,3.5,QV,V2
CH02058,3.5,4.66,BX,V2
CH02059,0.0,1.5,BX,V2
CH02059,1.5,3.05,QV,V2
CH02059,3.05,4.6,BX,V2
CH02059,4.6,5.45,AND,
CH02060,0.0,1.55,BX,V2
CH02060,1.55,3.05,QV,V2
CH02060,3.05,4.08,BX,V2
CH02061,0.0,0.6,AND,
CH02061,0.6,2.15,BX,V2
CH02061,2.15,3.55,QV,V2
CH02061,3.55,4.36,BX,V2
CH02062,0.0,0.55,AND,
CH02062,0.55,2.05,BX,V2
CH02062,2.05,3.4,QV,V2
CH02062,3.4,4.07,BX,V2
CH02063,0.0,0.7,AND,
CH02063,0.7,2.25,BX,V2
CH02063,2.25,3.5,QV,V2
CH02063,3.5,3.82,BX,V2
CH02064,0.0,0.7,AND,
CH02064,0.7,2.2,BX,V2
CH02064,2.2,3.4,QV,V2
CH02064,3.4,4.22,BX,V2
CH02065,0.0,0.7,AND,
CH02065,0.7,2.25,BX,V2
CH02065,2.25,3.35,QV,V2
CH02065,3.35,4.71,BX,V2
CH02066,0.0,0.4,AND,
CH02066,0.4,1.9,BX,V2
CH02066,1.9,3.0,QV,V2
CH02066,3.0,4.51,BX,V2
CH02067,0.0,0.6,AND,
CH02067,0.6,2.15,BX,V2
CH02067,2.15,3.2,QV,V2
CH02067,3.2,4.18,BX,V2
CH02068,0.0,0.1,AND,
CH02068,0.1,1.6,BX,V2
CH02068,1.6,2.6,QV,V2
CH02068,2.6,4.15,BX,V2
CH02068,4.15,4.36,AND,
CH02069,0.0,0.1,AND,
CH02069,0.1,1.6,BX,V2
CH02069,1.6,2.55,QV,V2
CH02069,2.55,4.1,BX,V2
CH02069,4.1,4.47,AND,
CH02070,0.0,0.35,AND,
CH02070,0.35,1.85,BX,V2
CH02070,1.85,2.8,QV,V2
CH02070,2.8,3.92,BX,V2
CH02071,0.0,0.45,AND,
CH02071,0.45,2.0,BX,V2
CH02071,2.0,2.9,QV,V2
CH02071,2.9,4.45,BX,V2
CH02071,4.45,4.77,AND,
CH02072,0.0,1.5,BX,V2
CH02072,1.5,2.4,QV,V2
CH02072,2.4,3.9,BX,V2
CH02072,3.9,4.29,AND,
CH02073,0.0,0.15,AND,
CH02073,0.15,1.7,BX,V2
CH02073,1.7,2.6,QV,V2
CH02073,2.6,3.84,BX,V2
CH02074,0.0,0.7,AND,
CH02074,0.7,2.2,BX,V2
CH02074,2.2,3.1,QV,V2
CH02074,3.1,4.6,BX,V2
CH02074,4.6,4.79,AND,
CH02075,0.0,1.35,BX,V2
CH02075,1.35,2.25,QV,V2
CH02075,2.25,3.64,BX,V2
CH02076,0.0,1.4,BX,V2
CH02076,1.4,2.3,QV,V2
CH02076,2.3,3.8,BX,V2
CH02076,3.8,4.82,AND,
CH02077,0.0,0.45,AND,
CH02077,0.45,1.95,BX,V2
CH02077,1.95,2.8,QV,V2
CH02077,2.8,4.24,BX,V2
CH02078,0.0,1.45,BX,V2
CH02078,1.45,2.25,QV,V2
CH02078,2.25,3.6,BX,V2
CH02079,0.0,0.3,AND,
CH02079,0.3,1.8,BX,V2
CH02079,1.8,2.6,QV,V2
CH02079,2.6,3.33,BX,V2
CH02080,0.0,0.3,AND,
CH02080,0.3,1.85,BX,V2
CH02080,1.85,2.6,QV,V2
CH02080,2.6,3.46,BX,V2
CH02081,0.0,0.6,AND,
CH02081,0.6,2.15,BX,V2
CH02081,2.15,2.9,QV,V2
CH02081,2.9,4.45,BX,V2
CH02081,4.45,4.62,AND,
CH02082,0.0,0.7,AND,
CH02082,0.7,2.25,BX,V2
CH02082,2.25,2.95,QV,V2
CH02082,2.95,4.28,BX,V2
CH02083,0.0,0.05,AND,
CH02083,0.05,1.55,BX,V2
CH02083,1.55,2.25,QV,V2
CH02083,2.25,3.75,BX,V2
CH02083,3.75,3.92,AND,
CH02084,0.0,1.45,BX,V2
CH02084,1.45,2.1,QV,V2
CH02084,2.1,3.65,BX,V2
CH02084,3.65,4.36,AND,
CH02085,0.0,1.5,BX,V2
CH02085,1.5,2.2,QV,V2
CH02085,2.2,3.7,BX,V2
CH02085,3.7,4.28,AND,
CH02086,0.0,1.4,BX,V2
CH02086,1.4,2.1,QV,V2
CH02086,2.1,3.65,BX,V2
CH02086,3.65,3.74,AND,
CH02087,0.0,0.2,AND,
CH02087,0.2,1.7,BX,V2
CH02087,1.7,2.45,QV,V2
CH02087,2.45,3.95,BX,V2
CH02087,3.95,4.06,AND,
CH02088,0.0,0.7,AND,
CH02088,0.7,2.25,BX,V2
CH02088,2.25,3.0,QV,V2
CH02088,3.0,4.5,BX,V2
CH02088,4.5,4.65,AND,
CH02089,0.0,0.55,AND,
CH02089,0.55,2.05,BX,V2
CH02089,2.05,2.85,QV,V2
CH02089,2.85,4.4,BX,V2
CH02089,4.4,4.48,AND,
CH02090,0.0,0.4,AND,
CH02090,0.4,1.95,BX,V2
CH02090,1.95,2.8,QV,V2
CH02090,2.8,3.71,BX,V2
CH02091,0.0,0.5,AND,
CH02091,0.5,2.05,BX,V2
CH02091,2.05,2.95,QV,V2
CH02091,2.95,3.58,BX,V2
CH02092,0.0,1.45,BX,V2
CH02092,1.45,2.4,QV,V2
CH02092,2.4,3.95,BX,V2
CH02092,3.95,4.25,AND,
CH02093,0.0,0.65,AND,
CH02093,0.65,2.2,BX,V2
CH02093,2.2,3.15,QV,V2
CH02093,3.15,3.93,BX,V2
CH02094,0.0,0.05,AND,
CH02094,0.05,1.6,BX,V2
CH02094,1.6,2.6,QV,V2
CH02094,2.6,3.75,BX,V2
CH02095,0.0,0.2,AND,
CH02095,0.2,1.75,BX,V2
CH02095,1.75,2.75,QV,V2
CH02095,2.75,4.3,BX,V2
CH02095,4.3,4.83,AND,
CH02096,0.0,0.05,AND,
CH02096,0.05,1.6,BX,V2
CH02096,1.6,2.6,QV,V2
CH02096,2.6,4.15,BX,V2
CH02096,4.15,4.2,AND,
CH02097,0.0,1.4,BX,V2
CH02097,1.4,2.4,QV,V2
CH02097,2.4,3.89,BX,V2
CH02098,0.0,1.5,BX,V2
CH02098,1.5,2.5,QV,V2
CH02098,2.5,3.57,BX,V2
CH02099,0.0,1.5,BX,V2
CH02099,1.5,2.4,QV,V2
CH02099,2.4,3.48,BX,V2
CH02100,0.0,0.75,AND,
CH02100,0.75,2.3,BX,V2
CH02100,2.3,3.2,QV,V2
CH02100,3.2,4.74,BX,V2
CH02101,0.0,0.35,AND,
CH02101,0.35,1.9,BX,V2
CH02101,1.9,2.8,QV,V2
CH02101,2.8,3.75,BX,V2
CH02102,0.0,0.35,AND,
CH02102,0.35,1.9,BX,V2
CH02102,1.9,2.8,QV,V2
CH02102,2.8,4.35,BX,V2
CH02102,4.35,4.72,AND,
CH02103,0.0,0.6,AND,
CH02103,0.6,2.15,BX,V2
CH02103,2.15,3.05,QV,V2
CH02103,3.05,4.46,BX,V2
CH02104,0.0,1.5,BX,V2
CH02104,1.5,2.45,QV,V2
CH02104,2.45,4.0,BX,V2
CH02104,4.0,4.25,AND,
CH02105,0.0,0.25,AND,
CH02105,0.25,1.8,BX,V2
CH02105,1.8,2.75,QV,V2
CH02105,2.75,4.23,BX,V2
CH02106,0.0,0.5,AND,
CH02106,0.5,2.05,BX,V2
CH02106,2.05,3.0,QV,V2
CH02106,3.0,4.12,BX,V2
CH02107,0.0,0.55,AND,
CH02107,0.55,2.1,BX,V2
CH02107,2.1,3.1,QV,V2
CH02107,3.1,4.65,BX,V2
CH02107,4.65,4.84,AND,
CH02108,0.0,0.35,AND,
CH02108,0.35,1.9,BX,V2
CH02108,1.9,2.9,QV,V2
CH02108,2.9,3.92,BX,V2
CH02109,0.0,0.25,AND,
CH02109,0.25,1.8,BX,V2
CH02109,1.8,2.85,QV,V2
CH02109,2.85,4.4,BX,V2
CH02109,4.4,4.82,AND,
CH02110,0.0,0.55,AND,
CH02110,0.55,2.1,BX,V2
CH02110,2.1,3.2,QV,V2
CH02110,3.2,4.02,BX,V2
CH02111,0.0,0.15,AND,
CH02111,0.15,1.7,BX,V2
CH02111,1.7,2.8,QV,V2
CH02111,2.8,3.81,BX,V2
CH02112,0.0,0.15,AND,
CH02112,0.15,1.7,BX,V2
CH02112,1.7,2.85,QV,V2
CH02112,2.85,4.4,BX,V2
CH02112,4.4,5.04,AND,
CH02113,0.0,0.85,AND,
CH02113,0.85,2.4,BX,V2
CH02113,2.4,3.6,QV,V2
CH02113,3.6,3.99,BX,V2
CH02114,0.0,0.45,AND,
CH02114,0.45,2.0,BX,V2
CH02114,2.0,3.25,QV,V2
CH02114,3.25,3.81,BX,V2
CH02115,0.0,0.25,AND,
CH02115,0.25,1.8,BX,V2
CH02115,1.8,3.1,QV,V2
CH02115,3.1,4.26,BX,V2
CH02116,0.0,0.7,AND,
CH02116,0.7,2.25,BX,V2
CH02116,2.25,3.65,QV,V2
CH02116,3.65,5.05,BX,V2
CH02117,0.0,0.5,AND,
CH02117,0.5,2.0,BX,V2
CH02117,2.0,3.5,QV,V2
CH02117,3.5,4.28,BX,V2
CH02118,0.0,0.05,AND,
CH02118,0.05,1.6,BX,V2
CH02118,1.6,3.15,QV,V2
CH02118,3.15,4.13,BX,V2
CH02119,0.0,0.9,AND,
CH02119,0.9,2.45,BX,V2
CH02119,2.45,4.05,QV,V2
CH02119,4.05,4.51,BX,V2
CH02120,0.0,0.3,AND,
CH02120,0.3,1.85,BX,V2
CH02120,1.85,3.55,QV,V2
CH02120,3.55,4.58,BX,V2
CH02121,0.0,0.9,AND,
CH02121,0.9,2.45,BX,V2
CH02121,2.45,4.2,QV,V2
CH02121,4.2,5.15,BX,V2
CH02122,0.0,1.5,BX,V2
CH02122,1.5,3.3,QV,V2
CH02122,3.3,4.85,BX,V2
CH02122,4.85,5.41,AND,
CH02123,0.0,1.55,BX,V2
CH02123,1.55,3.45,QV,V2
CH02123,3.45,4.73,BX,V2
CH02124,0.0,0.7,AND,
CH02124,0.7,2.2,BX,V2
CH02124,2.2,4.15,QV,V2
CH02124,4.15,4.76,BX,V2
CH02125,0.0,0.8,AND,
CH02125,0.8,2.35,BX,V2
CH02125,2.35,4.35,QV,V2
CH02125,4.35,5.42,BX,V2
CH02126,0.0,0.1,AND,
CH02126,0.1,1.6,BX,V2
CH02126,1.6,3.7,QV,V2
CH02126,3.7,5.25,BX,V2
CH02126,5.25,5.88,AND,
CH02127,0.0,0.4,AND,
CH02127,0.4,1.95,BX,V2
CH02127,1.95,4.15,QV,V2
CH02127,4.15,4.71,BX,V2
CH02128,0.0,0.3,AND,
CH02128,0.3,1.85,BX,V2
CH02128,1.85,4.15,QV,V2
CH02128,4.15,5.65,BX,V2
CH02128,5.65,5.75,AND,
CH02129,0.0,0.7,AND,
CH02129,0.7,2.25,BX,V2
CH02129,2.25,4.65,QV,V2
CH02129,4.65,5.06,BX,V2
CH02130,0.0,0.2,AND,
CH02130,0.2,1.75,BX,V2
CH02130,1.75,4.25,QV,V2
CH02130,4.25,5.55,BX,V2
CH02131,0.0,0.55,AND,
CH02131,0.55,2.1,BX,V2
CH02131,2.1,4.65,QV,V2
CH02131,4.65,5.98,BX,V2
CH02132,0.0,0.3,AND,
CH02132,0.3,1.85,BX,V2
CH02132,1.85,4.45,QV,V2
CH02132,4.45,5.63,BX,V2
CH02133,0.0,0.15,AND,
CH02133,0.15,1.7,BX,V2
CH02133,1.7,4.35,QV,V2
CH02133,4.35,5.9,BX,V2
CH02133,5.9,6.45,AND,
CH02134,0.0,0.25,AND,
CH02134,0.25,1.75,BX,V2
CH02134,1.75,4.35,QV,V2
CH02134,4.35,5.85,BX,V2
CH02134,5.85,6.18,AND,
CH02135,0.0,1.25,BX,V2
CH02135,1.25,3.8,QV,V2
CH02135,3.8,5.25,BX,V2
CH02136,0.0,0.4,AND,
CH02136,0.4,1.9,BX,V2
CH02136,1.9,4.4,QV,V2
CH02136,4.4,5.9,BX,V2
CH02136,5.9,6.31,AND,
CH02137,0.0,1.5,BX,V2
CH02137,1.5,3.9,QV,V2
CH02137,3.9,5.45,BX,V2
CH02137,5.45,6.15,AND,
CH02138,0.0,1.35,BX,V2
CH02138,1.35,3.7,QV,V2
CH02138,3.7,5.2,BX,V2
CH02138,5.2,5.56,AND,
CH02139,0.0,1.45,BX,V2
CH02139,1.45,3.7,QV,V2
CH02139,3.7,5.25,BX,V2
CH02139,5.25,5.59,AND,
CH02140,0.0,0.6,AND,
CH02140,0.6,2.1,BX,V2
CH02140,2.1,4.4,QV,V2
CH02140,4.4,4.82,BX,V2
CH02141,0.0,0.05,AND,
CH02141,0.05,1.6,BX,V2
CH02141,1.6,3.85,QV,V2
CH02141,3.85,4.69,BX,V2
CH02142,0.0,0.15,AND,
CH02142,0.15,1.65,BX,V2
CH02142,1.65,3.85,QV,V2
CH02142,3.85,4.72,BX,V2
CH02143,0.0,0.15,AND,
CH02143,0.15,1.7,BX,V2
CH02143,1.7,3.85,QV,V2
CH02143,3.85,4.92,BX,V2
CH02144,0.0,1.45,BX,V2
CH02144,1.45,3.6,QV,V2
CH02144,3.6,5.15,BX,V2
CH02144,5.15,5.22,AND,
CH02145,0.0,1.45,BX,V2
CH02145,1.45,3.6,QV,V2
CH02145,3.6,5.1,BX,V2
CH02145,5.1,5.16,AND,
CH02146,0.0,1.3,BX,V2
CH02146,1.3,3.45,QV,V2
CH02146,3.45,4.95,BX,V2
CH02146,4.95,6.02,AND,
CH02147,0.0,1.2,BX,V2
CH02147,1.2,3.25,QV,V2
CH02147,3.25,4.75,BX,V2
CH02147,4.75,5.06,AND,
CH02148,0.0,1.15,BX,V2
CH02148,1.15,3.1,QV,V2
CH02148,3.1,4.65,BX,V2
CH02148,4.65,5.78,AND,
CH02149,0.0,0.15,AND,
CH02149,0.15,1.65,BX,V2
CH02149,1.65,3.55,QV,V2
CH02149,3.55,4.87,BX,V2
CH02150,0.0,1.3,BX,V2
CH02150,1.3,3.1,QV,V2
CH02150,3.1,4.44,BX,V2
CH02151,0.0,1.5,BX,V2
CH02151,1.5,3.15,QV,V2
CH02151,3.15,4.7,BX,V2
CH02151,4.7,4.82,AND,
CH02152,0.0,1.35,BX,V2
CH02152,1.35,2.95,QV,V2
CH02152,2.95,4.45,BX,V2
CH02152,4.45,5.12,AND,
CH02153,0.0,0.35,AND,
CH02153,0.35,1.9,BX,V2
CH02153,1.9,3.35,QV,V2
CH02153,3.35,4.68,BX,V2
CH02154,0.0,0.25,AND,
CH02154,0.25,1.8,BX,V2
CH02154,1.8,3.2,QV,V2
CH02154,3.2,4.3,BX,V2
CH02155,0.0,1.5,BX,V2
CH02155,1.5,2.8,QV,V2
CH02155,2.8,4.0,BX,V2
CH02156,0.0,1.35,BX,V2
CH02156,1.35,2.55,QV,V2
CH02156,2.55,4.1,BX,V2
CH02156,4.1,4.25,AND,
CH02157,0.0,1.4,BX,V2
CH02157,1.4,2.55,QV,V2
CH02157,2.55,3.93,BX,V2
CH02158,0.0,0.2,AND,
CH02158,0.2,1.7,BX,V2
CH02158,1.7,2.75,QV,V2
CH02158,2.75,4.25,BX,V2
CH02158,4.25,4.75,AND,
CH02159,0.0,1.2,BX,V2
CH02159,1.2,2.2,QV,V2
CH02159,2.2,3.7,BX,V2
CH02159,3.7,4.01,AND,
CH02160,0.0,0.45,AND,
CH02160,0.45,1.95,BX,V2
CH02160,1.95,2.85,QV,V2
CH02160,2.85,3.87,BX,V2
CH02161,0.0,1.35,BX,V2
CH02161,1.35,2.2,QV,V2
CH02161,2.2,3.75,BX,V2
CH02161,3.75,4.42,AND,
CH02162,0.0,0.6,AND,
CH02162,0.6,2.15,BX,V2
CH02162,2.15,2.95,QV,V2
CH02162,2.95,4.17,BX,V2
CH02163,0.0,0.35,AND,
CH02163,0.35,1.85,BX,V2
CH02163,1.85,2.6,QV,V2
CH02163,2.6,3.91,BX,V2
CH02164,0.0,0.75,AND,
CH02164,0.75,2.3,BX,V2
CH02164,2.3,2.95,QV,V2
CH02164,2.95,4.0,BX,V2
CH02165,0.0,0.4,AND,
CH02165,0.4,1.9,BX,V2
CH02165,1.9,2.5,QV,V2
CH02165,2.5,3.28,BX,V2
CH02166,0.0,0.35,AND,
CH02166,0.35,1.9,BX,V2
CH02166,1.9,2.45,QV,V2
CH02166,2.45,3.95,BX,V2
CH02166,3.95,4.52,AND,
CH02167,0.0,0.1,AND,
CH02167,0.1,1.6,BX,V2
CH02167,1.6,2.15,QV,V2
CH02167,2.15,3.36,BX,V2
CH02168,0.0,0.2,AND,
CH02168,0.2,1.7,BX,V2
CH02168,1.7,2.15,QV,V2
CH02168,2.15,3.65,BX,V2
CH02168,3.65,4.44,AND,
CH02169,0.0,0.65,AND,
CH02169,0.65,2.15,BX,V2
CH02169,2.15,2.6,QV,V2
CH02169,2.6,4.1,BX,V2
CH02169,4.1,4.28,AND,
CH02170,0.0,0.1,AND,
CH02170,0.1,1.6,BX,V2
CH02170,1.6,2.0,QV,V2
CH02170,2.0,3.5,BX,V2
CH02170,3.5,4.26,AND,
CH02171,0.0,0.95,BX,V1
CH02171,0.95,2.8,QV,V1
CH02171,2.8,4.35,BX,V1
CH02171,4.35,4.73,AND,
CH02172,0.0,1.45,BX,V1
CH02172,1.45,3.5,QV,V1
CH02172,3.5,5.05,BX,V1
CH02172,5.05,5.34,AND,
CH02173,0.0,1.15,BX,V1
CH02173,1.15,3.35,QV,V1
CH02173,3.35,4.95,BX,V1
CH02173,4.95,5.67,AND,
CH02174,0.0,0.1,AND,
CH02174,0.1,1.65,BX,V1
CH02174,1.65,4.05,QV,V1
CH02174,4.05,5.6,BX,V1
CH02174,5.6,6.12,AND,
CH02175,0.0,0.85,BX,V1
CH02175,0.85,3.35,QV,V1
CH02175,3.35,4.9,BX,V1
CH02175,4.9,5.91,AND,
CH02176,0.0,1.2,BX,V1
CH02176,1.2,3.75,QV,V1
CH02176,3.75,5.28,BX,V1
CH02177,0.0,1.35,BX,V1
CH02177,1.35,3.95,QV,V1
CH02177,3.95,5.27,BX,V1
CH02178,0.0,1.05,BX,V1
CH02178,1.05,3.6,QV,V1
CH02178,3.6,5.22,BX,V1
CH02179,0.0,1.55,BX,V1
CH02179,1.55,4.05,QV,V1
CH02179,4.05,4.87,BX,V1
CH02180,0.0,1.15,BX,V1
CH02180,1.15,3.55,QV,V1
CH02180,3.55,5.15,BX,V1
CH02180,5.15,5.51,AND,
CH02181,0.0,1.25,BX,V1
CH02181,1.25,3.6,QV,V1
CH02181,3.6,5.15,BX,V1
CH02181,5.15,5.79,AND,
CH02182,0.0,1.4,BX,V1
CH02182,1.4,3.65,QV,V1
CH02182,3.65,5.04,BX,V1
CH02183,0.0,1.25,BX,V1
CH02183,1.25,3.45,QV,V1
CH02183,3.45,5.05,BX,V1
CH02183,5.05,5.13,AND,
CH02184,0.0,0.95,BX,V1
CH02184,0.95,3.1,QV,V1
CH02184,3.1,4.7,BX,V1
CH02184,4.7,5.38,AND,
CH02185,0.0,1.4,BX,V1
CH02185,1.4,3.6,QV,V1
CH02185,3.6,5.2,BX,V1
CH02185,5.2,5.35,AND,
CH02186,0.0,1.0,BX,V1
CH02186,1.0,3.25,QV,V1
CH02186,3.25,4.85,BX,V1
CH02186,4.85,5.5,AND,
CH02187,0.0,0.85,BX,V1
CH02187,0.85,3.15,QV,V1
CH02187,3.15,4.75,BX,V1
CH02187,4.75,5.79,AND,
CH02188,0.0,1.15,BX,V1
CH02188,1.15,3.65,QV,V1
CH02188,3.65,5.25,BX,V1
CH02188,5.25,5.73,AND,
CH02189,0.0,0.9,BX,V1
CH02189,0.9,3.5,QV,V1
CH02189,3.5,5.1,BX,V1
CH02189,5.1,5.7,AND,
CH02190,0.0,1.35,BX,V1
CH02190,1.35,4.15,QV,V1
CH02190,4.15,5.75,BX,V1
CH02190,5.75,6.41,AND,
CH02191,0.0,1.25,BX,V1
CH02191,1.25,4.25,QV,V1
CH02191,4.25,5.85,BX,V1
CH02191,5.85,6.21,AND,
CH02192,0.0,0.75,BX,V1
CH02192,0.75,3.9,QV,V1
CH02192,3.9,5.5,BX,V1
CH02192,5.5,6.22,AND,
CH02193,0.0,0.8,BX,V1
CH02193,0.8,4.0,QV,V1
CH02193,4.0,5.6,BX,V1
CH02193,5.6,6.47,AND,
CH02194,0.0,1.1,BX,V1
CH02194,1.1,4.35,QV,V1
CH02194,4.35,5.95,BX,V1
CH02194,5.95,6.75,AND,
CH02195,0.0,0.9,BX,V1
CH02195,0.9,4.15,QV,V1
CH02195,4.15,5.75,BX,V1
CH02195,5.75,5.96,AND,
CH02196,0.0,0.05,AND,
CH02196,0.05,1.7,BX,V1
CH02196,1.7,4.85,QV,V1
CH02196,4.85,6.45,BX,V1
CH02197,0.0,1.05,BX,V1
CH02197,1.05,4.1,QV,V1
CH02197,4.1,5.38,BX,V1
CH02198,0.0,1.1,BX,V1
CH02198,1.1,4.0,QV,V1
CH02198,4.0,5.6,BX,V1
CH02198,5.6,6.16,AND,
CH02199,0.0,1.6,BX,V1
CH02199,1.6,4.35,QV,V1
CH02199,4.35,5.13,BX,V1
CH02200,0.0,0.05,AND,
CH02200,0.05,1.7,BX,V1
CH02200,1.7,4.25,QV,V1
CH02200,4.25,5.3,BX,V1
CH02201,0.0,1.2,BX,V1
CH02201,1.2,3.6,QV,V1
CH02201,3.6,5.2,BX,V1
CH02201,5.2,5.95,AND,
CH02202,0.0,1.25,BX,V1
CH02202,1.25,3.55,QV,V1
CH02202,3.55,5.15,BX,V1
CH02202,5.15,6.13,AND,
CH02203,0.0,1.0,BX,V1
CH02203,1.0,3.2,QV,V1
CH02203,3.2,4.8,BX,V1
CH02203,4.8,5.47,AND,
CH02204,0.0,0.95,BX,V1
CH02204,0.95,3.05,QV,V1
CH02204,3.05,4.65,BX,V1
CH02204,4.65,5.55,AND,
CH02205,0.0,0.05,AND,
CH02205,0.05,1.65,BX,V1
CH02205,1.65,3.7,QV,V1
CH02205,3.7,5.3,BX,V1
CH02205,5.3,5.63,AND,
CH02206,0.0,1.25,BX,V1
CH02206,1.25,3.3,QV,V1
CH02206,3.3,4.9,BX,V1
CH02206,4.9,5.39,AND,
CH02207,0.0,1.05,BX,V1
CH02207,1.05,3.05,QV,V1
CH02207,3.05,4.49,BX,V1
CH02208,0.0,1.5,BX,V1
CH02208,1.5,3.5,QV,V1
CH02208,3.5,5.02,BX,V1
CH02209,0.0,0.9,BX,V1
CH02209,0.9,2.85,QV,V1
CH02209,2.85,4.45,BX,V1
CH02209,4.45,4.55,AND,
CH02210,0.0,0.7,BX,V1
CH02210,0.7,2.65,QV,V1
CH02210,2.65,4.2,BX,V1
CH02210,4.2,4.58,AND,
CH02211,0.0,1.25,BX,V1
CH02211,1.25,3.2,QV,V1
CH02211,3.2,4.75,BX,V1
CH02211,4.75,5.21,AND,
CH02212,0.0,1.5,BX,V1
CH02212,1.5,3.4,QV,V1
CH02212,3.4,4.95,BX,V1
CH02212,4.95,5.79,AND,
CH02213,0.0,1.05,BX,V1
CH02213,1.05,2.95,QV,V1
CH02213,2.95,4.5,BX,V1
CH02213,4.5,5.05,AND,
CH02214,0.0,0.8,BX,V1
CH02214,0.8,2.7,QV,V1
CH02214,2.7,4.25,BX,V1
CH02214,4.25,5.39,AND,
CH02215,0.0,1.35,BX,V1
CH02215,1.35,3.25,QV,V1
CH02215,3.25,4.75,BX,V1
CH02215,4.75,5.64,AND,
CH02216,0.0,0.7,BX,V1
CH02216,0.7,2.65,QV,V1
CH02216,2.65,4.15,BX,V1
CH02216,4.15,5.22,AND,
CH02217,0.0,0.85,BX,V1
CH02217,0.85,2.8,QV,V1
CH02217,2.8,4.35,BX,V1
CH02217,4.35,5.46,AND,
CH02218,0.0,0.7,BX,V1
CH02218,0.7,2.7,QV,V1
CH02218,2.7,4.25,BX,V1
CH02218,4.25,5.44,AND,
CH02219,0.0,0.85,BX,V1
CH02219,0.85,3.0,QV,V1
CH02219,3.0,4.5,BX,V1
CH02219,4.5,4.97,AND,
CH02220,0.0,0.6,BX,V1
CH02220,0.6,2.85,QV,V1
CH02220,2.85,4.35,BX,V1
CH02220,4.35,5.71,AND,
CH02221,0.0,1.35,BX,V1
CH02221,1.35,3.75,QV,V1
CH02221,3.75,5.15,BX,V1
CH02222,0.0,1.2,BX,V1
CH02222,1.2,3.75,QV,V1
CH02222,3.75,5.3,BX,V1
CH02222,5.3,5.43,AND,
CH02223,0.0,0.65,BX,V1
CH02223,0.65,3.4,QV,V1
CH02223,3.4,4.95,BX,V1
CH02223,4.95,6.3,AND,
CH02224,0.0,0.8,BX,V1
CH02224,0.8,3.7,QV,V1
CH02224,3.7,5.25,BX,V1
CH02224,5.25,6.11,AND,
CH02225,0.0,1.4,BX,V1
CH02225,1.4,4.45,QV,V1
CH02225,4.45,6.0,BX,V1
CH02225,6.0,6.49,AND,
CH02226,0.0,1.5,BX,V1
CH02226,1.5,4.7,QV,V1
CH02226,4.7,5.99,BX,V1
CH02227,0.0,1.5,BX,V1
CH02227,1.5,4.75,QV,V1
CH02227,4.75,6.3,BX,V1
CH02227,6.3,6.46,AND,
CH02228,0.0,1.15,BX,V1
CH02228,1.15,4.4,QV,V1
CH02228,4.4,5.95,BX,V1
CH02228,5.95,7.04,AND,
CH02229,0.0,1.25,BX,V1
CH02229,1.25,4.45,QV,V1
CH02229,4.45,5.95,BX,V1
CH02229,5.95,5.98,AND,
CH02230,0.0,1.25,BX,V1
CH02230,1.25,4.35,QV,V1
CH02230,4.35,5.82,BX,V1
CH02231,0.0,0.9,BX,V1
CH02231,0.9,3.8,QV,V1
CH02231,3.8,5.35,BX,V1
CH02231,5.35,5.95,AND,
CH02232,0.0,1.4,BX,V1
CH02232,1.4,4.15,QV,V1
CH02232,4.15,5.46,BX,V1
CH02233,0.0,0.1,AND,
CH02233,0.1,1.65,BX,V1
CH02233,1.65,4.2,QV,V1
CH02233,4.2,5.7,BX,V1
CH02233,5.7,5.73,AND,
CH02234,0.0,1.3,BX,V1
CH02234,1.3,3.7,QV,V1
CH02234,3.7,5.2,BX,V1
CH02234,5.2,6.1,AND,
CH02235,0.0,1.3,BX,V1
CH02235,1.3,3.55,QV,V1
CH02235,3.55,5.1,BX,V1
CH02235,5.1,5.52,AND,
CH02236,0.0,1.25,BX,V1
CH02236,1.25,3.35,QV,V1
CH02236,3.35,4.85,BX,V1
CH02236,4.85,5.13,AND,
CH02237,0.0,1.05,BX,V1
CH02237,1.05,3.1,QV,V1
CH02237,3.1,4.6,BX,V1
CH02237,4.6,5.66,AND,
CH02238,0.0,0.9,BX,V1
CH02238,0.9,2.85,QV,V1
CH02238,2.85,4.4,BX,V1
CH02238,4.4,5.13,AND,
CH02239,0.0,0.2,AND,
CH02239,0.2,1.75,BX,V1
CH02239,1.75,3.65,QV,V1
CH02239,3.65,4.83,BX,V1
CH02240,0.0,0.15,AND,
CH02240,0.15,1.7,BX,V1
CH02240,1.7,3.65,QV,V1
CH02240,3.65,4.45,BX,V1
CH02241,0.0,0.25,AND,
CH02241,0.25,1.75,BX,V1
CH02241,1.75,3.75,QV,V1
CH02241,3.75,4.88,BX,V1
CH02242,0.0,0.1,AND,
CH02242,0.1,1.65,BX,V1
CH02242,1.65,3.7,QV,V1
CH02242,3.7,3.85,BX,V1
CH02242,3.85,4.95,QV,V4
CH02242,4.95,5.25,BX,V1
CH02242,5.25,5.85,BX,V4
CH02243,0.0,1.2,BX,V1
CH02243,1.2,1.5,QV,V1
CH02243,1.5,2.55,QV,V4
CH02243,2.55,3.35,QV,V1
CH02243,3.35,4.9,BX,V1
CH02243,4.9,5.36,AND,
CH02244,0.0,1.0,QV,V4
CH02244,1.0,1.5,BX,V1
CH02244,1.5,3.8,QV,V1
CH02244,3.8,5.13,BX,V1
CH02245,0.0,1.5,BX,V1
CH02245,1.5,3.9,QV,V1
CH02245,3.9,5.4,BX,V1
CH02245,5.4,6.1,AND,
CH02246,0.0,1.15,BX,V1
CH02246,1.15,3.75,QV,V1
CH02246,3.75,5.25,BX,V1
CH02246,5.25,5.97,AND,
CH02247,0.0,1.45,BX,V1
CH02247,1.45,4.2,QV,V1
CH02247,4.2,5.7,BX,V1
CH02247,5.7,6.32,AND,
CH02248,0.0,1.15,BX,V1
CH02248,1.15,4.05,QV,V1
CH02248,4.05,5.6,BX,V1
CH02248,5.6,5.77,AND,
CH02249,0.0,1.25,BX,V1
CH02249,1.25,4.35,QV,V1
CH02249,4.35,5.85,BX,V1
CH02249,5.85,6.43,AND,
CH02250,0.0,1.2,BX,V1
CH02250,1.2,4.4,QV,V1
CH02250,4.4,5.9,BX,V1
CH02250,5.9,6.97,AND,
CH02251,0.0,0.2,AND,
CH02251,0.2,1.75,BX,V1
CH02251,1.75,5.1,QV,V1
CH02251,5.1,6.65,BX,V1
CH02251,6.65,6.68,AND,
CH02252,0.0,1.3,BX,V1
CH02252,1.3,4.65,QV,V1
CH02252,4.65,6.22,BX,V1
CH02253,0.0,1.25,BX,V1
CH02253,1.25,4.6,QV,V1
CH02253,4.6,6.1,BX,V1
CH02253,6.1,6.94,AND,
CH02254,0.0,1.15,BX,V1
CH02254,1.15,4.4,QV,V1
CH02254,4.4,5.95,BX,V1
CH02254,5.95,6.58,AND,
CH02255,0.0,1.3,BX,V1
CH02255,1.3,4.4,QV,V1
CH02255,4.4,5.73,BX,V1
CH02256,0.0,0.25,AND,
CH02256,0.25,1.8,BX,V1
CH02256,1.8,4.7,QV,V1
CH02256,4.7,5.82,BX,V1
CH02257,0.0,1.2,BX,V1
CH02257,1.2,3.9,QV,V1
CH02257,3.9,5.45,BX,V1
CH02257,5.45,5.63,AND,
CH02258,0.0,1.5,BX,V1
CH02258,1.5,3.95,QV,V1
CH02258,3.95,5.5,BX,V1
CH02258,5.5,5.69,AND,
CH02259,0.0,1.05,BX,V1
CH02259,1.05,3.25,QV,V1
CH02259,3.25,4.8,BX,V1
CH02259,4.8,5.77,AND,
CH02260,0.0,0.4,AND,
CH02260,0.4,1.95,BX,V1
CH02260,1.95,3.95,QV,V1
CH02260,3.95,4.69,BX,V1
CH02261,0.0,1.45,BX,V1
CH02261,1.45,3.25,QV,V1
CH02261,3.25,4.8,BX,V1
CH02261,4.8,5.54,AND,
CH02262,0.0,0.3,AND,
CH02262,0.3,1.85,BX,V1
CH02262,1.85,3.45,QV,V1
CH02262,3.45,5.0,BX,V1
CH02262,5.0,5.33,AND,
CH02263,0.0,1.2,BX,V1
CH02263,1.2,2.65,QV,V1
CH02263,2.65,4.2,BX,V1
CH02263,4.2,5.4,AND,
CH02264,0.0,1.4,BX,V1
CH02264,1.4,2.75,QV,V1
CH02264,2.75,4.3,BX,V1
CH02264,4.3,4.5,AND,
CH02265,0.0,0.5,AND,
CH02265,0.5,2.05,BX,V1
CH02265,2.05,3.3,QV,V1
CH02265,3.3,3.96,BX,V1
CH02266,0.0,1.35,BX,V1
CH02266,1.35,2.55,QV,V1
CH02266,2.55,4.1,BX,V1
CH02266,4.1,4.21,AND,
CH02267,0.0,0.5,AND,
CH02267,0.5,2.05,BX,V1
CH02267,2.05,3.25,QV,V1
CH02267,3.25,4.45,BX,V1
CH02268,0.0,0.4,AND,
CH02268,0.4,1.95,BX,V1
CH02268,1.95,3.1,QV,V1
CH02268,3.1,3.65,BX,V1
CH02269,0.0,0.35,AND,
CH02269,0.35,1.9,BX,V1
CH02269,1.9,3.1,QV,V1
CH02269,3.1,4.65,BX,V1
CH02269,4.65,5.07,AND,
CH02270,0.0,0.5,AND,
CH02270,0.5,2.05,BX,V1
CH02270,2.05,3.35,QV,V1
CH02270,3.35,4.03,BX,V1
CH02271,0.0,1.3,BX,V1
CH02271,1.3,2.65,QV,V1
CH02271,2.65,4.02,BX,V1
CH02272,0.0,0.05,AND,
CH02272,0.05,1.6,BX,V1
CH02272,1.6,3.1,QV,V1
CH02272,3.1,4.31,BX,V1
CH02273,0.0,1.45,BX,V1
CH02273,1.45,3.05,QV,V1
CH02273,3.05,4.11,BX,V1
CH02274,0.0,0.1,AND,
CH02274,0.1,1.7,BX,V1
CH02274,1.7,3.5,QV,V1
CH02274,3.5,4.25,BX,V1
CH02275,0.0,1.35,BX,V1
CH02275,1.35,3.35,QV,V1
CH02275,3.35,4.66,BX,V1
CH02276,0.0,0.25,AND,
CH02276,0.25,1.8,BX,V1
CH02276,1.8,4.05,QV,V1
CH02276,4.05,5.51,BX,V1
CH02277,0.0,0.4,AND,
CH02277,0.4,1.95,BX,V1
CH02277,1.95,4.45,QV,V1
CH02277,4.45,5.12,BX,V1
CH02278,0.0,1.5,BX,V1
CH02278,1.5,4.4,QV,V1
CH02278,4.4,5.95,BX,V1
CH02278,5.95,6.55,AND,
CH02279,0.0,0.1,AND,
CH02279,0.1,1.65,BX,V1
CH02279,1.65,4.85,QV,V1
CH02279,4.85,6.42,BX,V1
CH02280,0.0,0.2,AND,
CH02280,0.2,1.75,BX,V1
CH02280,1.75,5.35,QV,V1
CH02280,5.35,6.64,BX,V1
CH02281,0.0,1.5,BX,V1
CH02281,1.5,5.45,QV,V1
CH02281,5.45,7.05,BX,V1
CH02281,7.05,7.16,AND,
CH02282,0.0,1.3,BX,V1
CH02282,1.3,5.75,QV,V1
CH02282,5.75,7.35,BX,V1
CH02282,7.35,8.13,AND,
CH02283,0.0,1.25,BX,V1
CH02283,1.25,6.1,QV,V1
CH02283,6.1,7.65,BX,V1
CH02284,0.0,0.35,AND,
CH02284,0.35,1.9,BX,V1
CH02284,1.9,7.1,QV,V1
CH02284,7.1,7.54,BX,V1
CH02285,0.0,0.2,AND,
CH02285,0.2,1.75,BX,V1
CH02285,1.75,7.25,QV,V1
CH02285,7.25,8.85,BX,V1
CH02285,8.85,8.91,AND,
CH02286,0.0,0.3,AND,
CH02286,0.3,1.85,BX,V1
CH02286,1.85,7.6,QV,V1
CH02286,7.6,8.06,BX,V1
CH02287,0.0,1.4,BX,V1
CH02287,1.4,7.2,QV,V1
CH02287,7.2,8.11,BX,V1
CH02288,0.0,1.2,BX,V1
CH02288,1.2,6.95,QV,V1
CH02288,6.95,8.55,BX,V1
CH02288,8.55,9.3,AND,
CH02289,0.0,1.4,BX,V1
CH02289,1.4,6.95,QV,V1
CH02289,6.95,7.87,BX,V1
CH02290,0.0,1.45,BX,V1
CH02290,1.45,6.6,QV,V1
CH02290,6.6,8.02,BX,V1
CH02291,0.0,1.15,BX,V1
CH02291,1.15,5.8,QV,V1
CH02291,5.8,7.4,BX,V1
CH02291,7.4,8.19,AND,
CH02292,0.0,1.3,BX,V1
CH02292,1.3,5.4,QV,V1
CH02292,5.4,6.45,BX,V1
CH02293,0.0,1.1,BX,V1
CH02293,1.1,4.7,QV,V1
CH02293,4.7,6.25,BX,V1
CH02293,6.25,7.33,AND,
CH02294,0.0,0.1,AND,
CH02294,0.1,1.65,BX,V1
CH02294,1.65,4.75,QV,V1
CH02294,4.75,6.3,BX,V1
CH02294,6.3,6.76,AND,
CH02295,0.0,1.4,BX,V1
CH02295,1.4,4.05,QV,V1
CH02295,4.05,5.6,BX,V1
CH02295,5.6,5.63,AND,
CH02296,0.0,1.45,BX,V1
CH02296,1.45,3.75,QV,V1
CH02296,3.75,5.3,BX,V1
CH02296,5.3,5.81,AND,
CH02297,0.0,1.15,BX,V1
CH02297,1.15,3.1,QV,V1
CH02297,3.1,4.65,BX,V1
CH02297,4.65,4.71,AND,
CH02298,0.0,1.3,BX,V1
CH02298,1.3,3.0,QV,V1
CH02298,3.0,4.55,BX,V1
CH02298,4.55,4.74,AND,
CH02299,0.0,0.25,AND,
CH02299,0.25,1.8,BX,V1
CH02299,1.8,3.3,QV,V1
CH02299,3.3,4.67,BX,V1
CH02300,0.0,1.5,BX,V1
CH02300,1.5,2.85,QV,V1
CH02300,2.85,4.4,BX,V1
CH02300,4.4,5.14,AND,
CH02301,0.0,1.45,BX,V1
CH02301,1.45,2.7,QV,V1
CH02301,2.7,4.25,BX,V1
CH02301,4.25,4.77,AND,
CH02302,0.0,0.1,AND,
CH02302,0.1,1.65,BX,V1
CH02302,1.65,2.85,QV,V1
CH02302,2.85,4.4,BX,V1
CH02302,4.4,4.59,AND,
CH02303,0.0,0.15,AND,
CH02303,0.15,1.7,BX,V1
CH02303,1.7,2.85,QV,V1
CH02303,2.85,4.24,BX,V1
CH02304,0.0,1.4,BX,V1
CH02304,1.4,2.45,QV,V1
CH02304,2.45,4.0,BX,V1
CH02304,4.0,4.72,AND,
CH02305,0.0,0.2,AND,
CH02305,0.2,1.7,BX,V1
CH02305,1.7,2.8,QV,V1
CH02305,2.8,4.3,BX,V1
CH02305,4.3,4.72,AND,
CH02306,0.0,0.15,AND,
CH02306,0.15,1.7,BX,V1
CH02306,1.7,2.75,QV,V1
CH02306,2.75,3.92,BX,V1
CH02307,0.0,1.4,BX,V1
CH02307,1.4,2.45,QV,V1
CH02307,2.45,4.0,BX,V1
CH02307,4.0,4.63,AND,
CH02308,0.0,1.55,BX,V1
CH02308,1.55,2.6,QV,V1
CH02308,2.6,3.94,BX,V1
CH02309,0.0,0.1,AND,
CH02309,0.1,1.6,BX,V1
CH02309,1.6,2.7,QV,V1
CH02309,2.7,4.25,BX,V1
CH02309,4.25,4.53,AND,
CH02310,0.0,0.25,AND,
CH02310,0.25,1.75,BX,V1
CH02310,1.75,2.85,QV,V1
CH02310,2.85,4.4,BX,V1
CH02310,4.4,4.81,AND,
CH02311,0.0,1.3,BX,V1
CH02311,1.3,2.5,QV,V1
CH02311,2.5,3.84,BX,V1
CH02312,0.0,1.2,BX,V1
CH02312,1.2,2.45,QV,V1
CH02312,2.45,3.71,BX,V1
CH02313,0.0,1.4,BX,V1
CH02313,1.4,2.7,QV,V1
CH02313,2.7,4.25,BX,V1
CH02313,4.25,4.29,AND,
CH02314,0.0,1.4,BX,V1
CH02314,1.4,2.8,QV,V1
CH02314,2.8,4.2,BX,V1
CH02315,0.0,0.2,AND,
CH02315,0.2,1.7,BX,V1
CH02315,1.7,3.25,QV,V1
CH02315,3.25,4.1,BX,V1
CH02316,0.0,1.3,BX,V1
CH02316,1.3,2.95,QV,V1
CH02316,2.95,4.5,BX,V1
CH02316,4.5,4.87,AND,
CH02317,0.0,0.05,AND,
CH02317,0.05,1.55,BX,V1
CH02317,1.55,3.45,QV,V1
CH02317,3.45,4.95,BX,V1
CH02317,4.95,5.38,AND,
CH02318,0.0,0.15,AND,
CH02318,0.15,1.7,BX,V1
CH02318,1.7,3.8,QV,V1
CH02318,3.8,5.11,BX,V1
CH02319,0.0,1.2,BX,V1
CH02319,1.2,3.6,QV,V1
CH02319,3.6,5.1,BX,V1
CH02319,5.1,5.97,AND,
CH02320,0.0,1.0,BX,V1
CH02320,1.0,3.6,QV,V1
CH02320,3.6,5.15,BX,V1
CH02320,5.15,5.24,AND,
CH02321,0.0,1.0,BX,V1
CH02321,1.0,3.95,QV,V1
CH02321,3.95,5.5,BX,V1
CH02321,5.5,5.92,AND,
CH02322,0.0,0.15,AND,
CH02322,0.15,1.65,BX,V1
CH02322,1.65,4.95,QV,V1
CH02322,4.95,6.5,BX,V1
CH02322,6.5,6.57,AND,
CH02323,0.0,1.5,BX,V1
CH02323,1.5,5.0,QV,V1
CH02323,5.0,6.55,BX,V1
CH02323,6.55,7.13,AND,
CH02324,0.0,1.15,BX,V1
CH02324,1.15,4.9,QV,V1
CH02324,4.9,6.45,BX,V1
CH02324,6.45,6.78,AND,
CH02325,0.0,1.35,BX,V1
CH02325,1.35,5.35,QV,V1
CH02325,5.35,6.9,BX,V1
CH02325,6.9,7.06,AND,
CH02326,0.0,1.1,BX,V1
CH02326,1.1,5.2,QV,V1
CH02326,5.2,6.7,BX,V1
CH02326,6.7,7.18,AND,
CH02327,0.0,1.25,BX,V1
CH02327,1.25,5.35,QV,V1
CH02327,5.35,6.9,BX,V1
CH02327,6.9,7.05,AND,
CH02328,0.0,1.55,BX,V1
CH02328,1.55,5.7,QV,V1
CH02328,5.7,7.25,BX,V1
CH02328,7.25,7.67,AND,
CH02329,0.0,1.45,BX,V1
CH02329,1.45,5.45,QV,V1
CH02329,5.45,7.0,BX,V1
CH02329,7.0,7.58,AND,
CH02330,0.0,1.35,BX,V1
CH02330,1.35,5.2,QV,V1
CH02330,5.2,6.75,BX,V1
CH02330,6.75,7.23,AND,
CH02331,0.0,0.45,AND,
CH02331,0.45,2.0,BX,V1
CH02331,2.0,5.65,QV,V1
CH02331,5.65,6.99,BX,V1
CH02332,0.0,0.7,AND,
CH02332,0.7,2.25,BX,V2
CH02332,2.25,3.2,QV,V2
CH02332,3.2,4.51,BX,V2
CH02333,0.0,0.95,AND,
CH02333,0.95,2.45,BX,V2
CH02333,2.45,3.45,QV,V2
CH02333,3.45,4.73,BX,V2
CH02334,0.0,0.15,AND,
CH02334,0.15,1.65,BX,V2
CH02334,1.65,2.7,QV,V2
CH02334,2.7,4.25,BX,V2
CH02334,4.25,4.34,AND,
CH02335,0.0,0.05,AND,
CH02335,0.05,1.55,BX,V2
CH02335,1.55,2.65,QV,V2
CH02335,2.65,4.2,BX,V2
CH02335,4.2,4.77,AND,
CH02336,0.0,1.55,BX,V2
CH02336,1.55,2.7,QV,V2
CH02336,2.7,4.25,BX,V2
CH02336,4.25,4.84,AND,
CH02337,0.0,1.5,BX,V2
CH02337,1.5,2.75,QV,V2
CH02337,2.75,4.25,BX,V2
CH02337,4.25,4.54,AND,
CH02338,0.0,0.75,AND,
CH02338,0.75,2.3,BX,V2
CH02338,2.3,3.55,QV,V2
CH02338,3.55,3.95,BX,V2
CH02339,0.0,0.35,AND,
CH02339,0.35,1.9,BX,V2
CH02339,1.9,3.15,QV,V2
CH02339,3.15,4.7,BX,V2
CH02339,4.7,4.84,AND,
CH02340,0.0,1.5,BX,V2
CH02340,1.5,2.8,QV,V2
CH02340,2.8,4.3,BX,V2
CH02340,4.3,4.88,AND,
CH02341,0.0,0.25,AND,
CH02341,0.25,1.75,BX,V2
CH02341,1.75,3.05,QV,V2
CH02341,3.05,4.26,BX,V2
CH02342,0.0,0.75,AND,
CH02342,0.75,2.25,BX,V2
CH02342,2.25,3.5,QV,V2
CH02342,3.5,3.97,BX,V2
CH02343,0.0,0.25,AND,
CH02343,0.25,1.75,BX,V2
CH02343,1.75,2.95,QV,V2
CH02343,2.95,4.22,BX,V2
CH02344,0.0,0.65,AND,
CH02344,0.65,2.15,BX,V2
CH02344,2.15,3.35,QV,V2
CH02344,3.35,3.92,BX,V2
CH02345,0.0,0.55,AND,
CH02345,0.55,2.05,BX,V2
CH02345,2.05,3.2,QV,V2
CH02345,3.2,3.7,BX,V2
CH02346,0.0,0.6,AND,
CH02346,0.6,2.1,BX,V2
CH02346,2.1,3.25,QV,V2
CH02346,3.25,4.8,BX,V2
CH02346,4.8,5.07,AND,
CH02347,0.0,0.05,AND,
CH02347,0.05,1.55,BX,V2
CH02347,1.55,2.65,QV,V2
CH02347,2.65,3.59,BX,V2
CH02348,0.0,0.55,AND,
CH02348,0.55,2.1,BX,V2
CH02348,2.1,3.25,QV,V2
CH02348,3.25,3.65,BX,V2
CH02349,0.0,0.6,AND,
CH02349,0.6,2.1,BX,V2
CH02349,2.1,3.25,QV,V2
CH02349,3.25,4.75,BX,V2
CH02349,4.75,4.91,AND,
CH02350,0.0,0.55,AND,
CH02350,0.55,2.05,BX,V2
CH02350,2.05,3.2,QV,V2
CH02350,3.2,4.62,BX,V2
CH02351,0.0,0.1,AND,
CH02351,0.1,1.6,BX,V2
CH02351,1.6,2.75,QV,V2
CH02351,2.75,4.25,BX,V2
CH02351,4.25,4.33,AND,
CH02352,0.0,0.05,AND,
CH02352,0.05,1.55,BX,V2
CH02352,1.55,2.75,QV,V2
CH02352,2.75,4.25,BX,V2
CH02352,4.25,4.92,AND,
CH02353,0.0,0.4,AND,
CH02353,0.4,1.9,BX,V2
CH02353,1.9,3.15,QV,V2
CH02353,3.15,4.2,BX,V2
CH02354,0.0,0.6,AND,
CH02354,0.6,2.1,BX,V2
CH02354,2.1,3.35,QV,V2
CH02354,3.35,4.84,BX,V2
CH02355,0.0,1.45,BX,V2
CH02355,1.45,2.7,QV,V2
CH02355,2.7,4.2,BX,V2
CH02355,4.2,4.49,AND,
CH02356,0.0,1.55,BX,V2
CH02356,1.55,2.85,QV,V2
CH02356,2.85,4.27,BX,V2
CH02357,0.0,0.2,AND,
CH02357,0.2,1.7,BX,V2
CH02357,1.7,3.05,QV,V2
CH02357,3.05,4.24,BX,V2
CH02358,0.0,0.25,AND,
CH02358,0.25,1.8,BX,V2
CH02358,1.8,3.1,QV,V2
CH02358,3.1,4.65,BX,V2
CH02358,4.65,5.15,AND,
CH02359,0.0,0.45,AND,
CH02359,0.45,2.0,BX,V2
CH02359,2.0,3.35,QV,V2
CH02359,3.35,4.86,BX,V2
CH02360,0.0,1.4,BX,V2
CH02360,1.4,2.75,QV,V2
CH02360,2.75,4.07,BX,V2
CH02361,0.0,0.15,AND,
CH02361,0.15,1.65,BX,V2
CH02361,1.65,3.0,QV,V2
CH02361,3.0,4.55,BX,V2
CH02361,4.55,4.77,AND,
CH02362,0.0,0.45,AND,
CH02362,0.45,2.0,BX,V2
CH02362,2.0,3.35,QV,V2
CH02362,3.35,4.1,BX,V2
CH02363,0.0,1.4,BX,V2
CH02363,1.4,2.75,QV,V2
CH02363,2.75,4.1,BX,V2
CH02364,0.0,0.3,AND,
CH02364,0.3,1.85,BX,V2
CH02364,1.85,3.15,QV,V2
CH02364,3.15,4.65,BX,V2
CH02364,4.65,4.81,AND,
CH02365,0.0,0.35,AND,
CH02365,0.35,1.9,BX,V2
CH02365,1.9,3.15,QV,V2
CH02365,3.15,4.7,BX,V2
CH02365,4.7,4.73,AND,
CH02366,0.0,0.35,AND,
CH02366,0.35,1.9,BX,V2
CH02366,1.9,3.15,QV,V2
CH02366,3.15,4.7,BX,V2
CH02366,4.7,5.21,AND,
CH02367,0.0,0.45,AND,
CH02367,0.45,2.0,BX,V2
CH02367,2.0,3.2,QV,V2
CH02367,3.2,4.45,BX,V2
CH02368,0.0,1.4,BX,V2
CH02368,1.4,2.65,QV,V2
CH02368,2.65,3.83,BX,V2
CH02369,0.0,0.05,AND,
CH02369,0.05,1.6,BX,V2
CH02369,1.6,2.8,QV,V2
CH02369,2.8,4.35,BX,V2
CH02369,4.35,4.61,AND,
CH02370,0.0,1.5,BX,V2
CH02370,1.5,2.75,QV,V2
CH02370,2.75,3.79,BX,V2
CH02371,0.0,0.5,AND,
CH02371,0.5,2.05,BX,V2
CH02371,2.05,3.3,QV,V2
CH02371,3.3,4.67,BX,V2
CH02372,0.0,1.3,BX,V2
CH02372,1.3,2.4,QV,V2
CH02372,2.4,3.05,QV,V4
CH02372,3.05,4.15,BX,V2
CH02372,4.15,4.67,BX,V4
CH02373,0.0,0.3,BX,V4
CH02373,0.3,0.85,BX,V2
CH02373,0.85,1.55,QV,V4
CH02373,1.55,1.85,BX,V2
CH02373,1.85,3.2,QV,V2
CH02373,3.2,3.83,BX,V2
CH02374,0.0,1.55,BX,V2
CH02374,1.55,2.95,QV,V2
CH02374,2.95,4.5,BX,V2
CH02374,4.5,4.57,AND,
CH02375,0.0,0.7,AND,
CH02375,0.7,2.2,BX,V2
CH02375,2.2,3.65,QV,V2
CH02375,3.65,4.66,BX,V2
CH02376,0.0,1.5,BX,V2
CH02376,1.5,2.95,QV,V2
CH02376,2.95,4.45,BX,V2
CH02376,4.45,5.21,AND,
CH02377,0.0,0.5,AND,
CH02377,0.5,2.05,BX,V2
CH02377,2.05,3.55,QV,V2
CH02377,3.55,4.57,BX,V2
CH02378,0.0,1.35,BX,V2
CH02378,1.35,2.85,QV,V2
CH02378,2.85,4.4,BX,V2
CH02378,4.4,5.29,AND,
CH02379,0.0,0.25,AND,
CH02379,0.25,1.8,BX,V2
CH02379,1.8,3.3,QV,V2
CH02379,3.3,4.8,BX,V2
CH02379,4.8,4.98,AND,
CH02380,0.0,0.35,AND,
CH02380,0.35,1.9,BX,V2
CH02380,1.9,3.4,QV,V2
CH02380,3.4,4.3,BX,V2
CH02381,0.0,0.4,AND,
CH02381,0.4,1.95,BX,V2
CH02381,1.95,3.4,QV,V2
CH02381,3.4,4.11,BX,V2
CH02382,0.0,0.65,AND,
CH02382,0.65,2.15,BX,V2
CH02382,2.15,3.55,QV,V2
CH02382,3.55,4.19,BX,V2
CH02383,0.0,1.5,BX,V2
CH02383,1.5,2.8,QV,V2
CH02383,2.8,3.93,BX,V2
CH02384,0.0,0.05,AND,
CH02384,0.05,1.6,BX,V2
CH02384,1.6,2.8,QV,V2
CH02384,2.8,3.91,BX,V2
CH02385,0.0,0.65,AND,
CH02385,0.65,2.15,BX,V2
CH02385,2.15,3.35,QV,V2
CH02385,3.35,4.9,BX,V2
CH02385,4.9,5.02,AND,
CH02386,0.0,0.8,AND,
CH02386,0.8,2.3,BX,V2
CH02386,2.3,3.45,QV,V2
CH02386,3.45,4.95,BX,V2
CH02386,4.95,5.08,AND,
CH02387,0.0,0.2,AND,
CH02387,0.2,1.75,BX,V2
CH02387,1.75,2.85,QV,V2
CH02387,2.85,4.4,BX,V2
CH02387,4.4,4.89,AND,
CH02388,0.0,0.3,AND,
CH02388,0.3,1.8,BX,V2
CH02388,1.8,2.85,QV,V2
CH02388,2.85,4.4,BX,V2
CH02388,4.4,4.58,AND,
CH02389,0.0,0.9,AND,
CH02389,0.9,2.4,BX,V2
CH02389,2.4,3.45,QV,V2
CH02389,3.45,4.16,BX,V2
CH02390,0.0,0.3,AND,
CH02390,0.3,1.8,BX,V2
CH02390,1.8,2.8,QV,V2
CH02390,2.8,4.3,BX,V2
CH02390,4.3,4.97,AND,
CH02391,0.0,0.45,AND,
CH02391,0.45,2.0,BX,V2
CH02391,2.0,2.95,QV,V2
CH02391,2.95,3.98,BX,V2
CH02392,0.0,0.9,AND,
CH02392,0.9,2.4,BX,V2
CH02392,2.4,3.4,QV,V2
CH02392,3.4,4.11,BX,V2
CH02393,0.0,0.7,AND,
CH02393,0.7,2.25,BX,V2
CH02393,2.25,3.2,QV,V2
CH02393,3.2,4.54,BX,V2
CH02394,0.0,0.15,AND,
CH02394,0.15,1.7,BX,V2
CH02394,1.7,2.65,QV,V2
CH02394,2.65,4.15,BX,V2
CH02394,4.15,4.75,AND,
CH02395,0.0,0.75,AND,
CH02395,0.75,2.3,BX,V2
CH02395,2.3,3.25,QV,V2
CH02395,3.25,4.7,BX,V2
CH02396,0.0,1.5,BX,V2
CH02396,1.5,2.45,QV,V2
CH02396,2.45,3.95,BX,V2
CH02396,3.95,4.87,AND,
CH02397,0.0,1.55,BX,V2
CH02397,1.55,2.45,QV,V2
CH02397,2.45,3.95,BX,V2
CH02397,3.95,4.67,AND,
CH02398,0.0,1.4,BX,V2
CH02398,1.4,2.3,QV,V2
CH02398,2.3,3.8,BX,V2
CH02398,3.8,4.2,AND,
CH02399,0.0,0.6,AND,
CH02399,0.6,2.1,BX,V2
CH02399,2.1,3.0,QV,V2
CH02399,3.0,4.48,BX,V2
CH02400,0.0,0.4,AND,
CH02400,0.4,1.95,BX,V2
CH02400,1.95,2.75,QV,V2
CH02400,2.75,4.3,BX,V2
CH02400,4.3,4.84,AND,
CH02401,0.0,1.45,BX,V2
CH02401,1.45,2.25,QV,V2
CH02401,2.25,3.75,BX,V2
CH02401,3.75,4.37,AND,
CH02402,0.0,0.5,AND,
CH02402,0.5,2.0,BX,V2
CH02402,2.0,2.8,QV,V2
CH02402,2.8,4.3,BX,V2
CH02402,4.3,4.37,AND,
CH02403,0.0,0.7,AND,
CH02403,0.7,2.2,BX,V2
CH02403,2.2,2.95,QV,V2
CH02403,2.95,3.84,BX,V2
CH02404,0.0,1.45,BX,V2
CH02404,1.45,2.2,QV,V2
CH02404,2.2,3.44,BX,V2
CH02405,0.0,1.45,BX,V2
CH02405,1.45,2.2,QV,V2
CH02405,2.2,3.7,BX,V2
CH02405,3.7,4.11,AND,
CH02406,0.0,0.1,AND,
CH02406,0.1,1.6,BX,V2
CH02406,1.6,2.35,QV,V2
CH02406,2.35,3.9,BX,V2
CH02406,3.9,4.2,AND,
CH02407,0.0,0.15,AND,
CH02407,0.15,1.7,BX,V2
CH02407,1.7,2.45,QV,V2
CH02407,2.45,3.95,BX,V2
CH02407,3.95,4.3,AND,
CH02408,0.0,0.1,AND,
CH02408,0.1,1.6,BX,V2
CH02408,1.6,2.45,QV,V2
CH02408,2.45,3.95,BX,V2
CH02408,3.95,4.3,AND,
CH02409,0.0,0.35,AND,
CH02409,0.35,1.9,BX,V2
CH02409,1.9,2.75,QV,V2
CH02409,2.75,3.56,BX,V2
CH02410,0.0,1.4,BX,V2
CH02410,1.4,2.4,QV,V2
CH02410,2.4,3.9,BX,V2
CH02410,3.9,4.93,AND,
CH02411,0.0,0.35,AND,
CH02411,0.35,1.9,BX,V2
CH02411,1.9,2.95,QV,V2
CH02411,2.95,4.09,BX,V2
CH02412,0.0,0.65,AND,
CH02412,0.65,2.2,BX,V2
CH02412,2.2,3.35,QV,V2
CH02412,3.35,3.99,BX,V2
CH02413,0.0,0.15,AND,
CH02413,0.15,1.65,BX,V2
CH02413,1.65,2.9,QV,V2
CH02413,2.9,4.4,BX,V2
CH02413,4.4,4.79,AND,
CH02414,0.0,0.45,AND,
CH02414,0.45,2.0,BX,V2
CH02414,2.0,3.3,QV,V2
CH02414,3.3,4.49,BX,V2
CH02415,0.0,0.4,AND,
CH02415,0.4,1.95,BX,V2
CH02415,1.95,3.3,QV,V2
CH02415,3.3,4.37,BX,V2
CH02416,0.0,0.1,AND,
CH02416,0.1,1.65,BX,V2
CH02416,1.65,2.95,QV,V2
CH02416,2.95,4.5,BX,V2
CH02416,4.5,4.66,AND,
CH02417,0.0,0.3,AND,
CH02417,0.3,1.85,BX,V2
CH02417,1.85,3.1,QV,V2
CH02417,3.1,4.65,BX,V2
CH02417,4.65,5.01,AND,
CH02418,0.0,0.55,AND,
CH02418,0.55,2.05,BX,V2
CH02418,2.05,3.25,QV,V2
CH02418,3.25,3.94,BX,V2
CH02419,0.0,0.55,AND,
CH02419,0.55,2.05,BX,V2
CH02419,2.05,3.15,QV,V2
CH02419,3.15,4.7,BX,V2
CH02419,4.7,4.85,AND,
CH02420,0.0,0.25,AND,
CH02420,0.25,1.8,BX,V2
CH02420,1.8,2.8,QV,V2
CH02420,2.8,3.76,BX,V2
CH02421,0.0,0.45,AND,
CH02421,0.45,2.0,BX,V2
CH02421,2.0,2.85,QV,V2
CH02421,2.85,4.22,BX,V2
CH02422,0.0,0.8,AND,
CH02422,0.8,2.35,BX,V2
CH02422,2.35,3.15,QV,V2
CH02422,3.15,4.61,BX,V2
CH02423,0.0,1.55,BX,V2
CH02423,1.55,2.3,QV,V2
CH02423,2.3,3.83,BX,V2
CH02424,0.0,0.55,AND,
CH02424,0.55,2.1,BX,V2
CH02424,2.1,2.8,QV,V2
CH02424,2.8,4.35,BX,V2
CH02424,4.35,4.62,AND,
CH02425,0.0,0.2,AND,
CH02425,0.2,1.75,BX,V2
CH02425,1.75,2.45,QV,V2
CH02425,2.45,4.0,BX,V2
CH02425,4.0,4.03,AND,
CH02426,0.0,0.05,AND,
CH02426,0.05,1.6,BX,V2
CH02426,1.6,2.3,QV,V2
CH02426,2.3,3.9,BX,V2
CH02426,3.9,4.23,AND,
CH02427,0.0,1.5,BX,V2
CH02427,1.5,2.2,QV,V2
CH02427,2.2,3.76,BX,V2
CH02428,0.0,1.55,BX,V2
CH02428,1.55,2.3,QV,V2
CH02428,2.3,3.27,BX,V2
CH02429,0.0,0.6,AND,
CH02429,0.6,2.15,BX,V2
CH02429,2.15,2.9,QV,V2
CH02429,2.9,4.01,BX,V2
CH02430,0.0,0.7,AND,
CH02430,0.7,2.25,BX,V2
CH02430,2.25,3.05,QV,V2
CH02430,3.05,3.5,BX,V2
CH02431,0.0,0.65,AND,
CH02431,0.65,2.2,BX,V2
CH02431,2.2,3.05,QV,V2
CH02431,3.05,4.02,BX,V2
CH02432,0.0,0.3,AND,
CH02432,0.3,1.85,BX,V2
CH02432,1.85,2.75,QV,V2
CH02432,2.75,3.44,BX,V2
CH02433,0.0,0.7,AND,
CH02433,0.7,2.25,BX,V2
CH02433,2.25,3.2,QV,V2
CH02433,3.2,3.68,BX,V2
CH02434,0.0,0.6,AND,
CH02434,0.6,2.15,BX,V2
CH02434,2.15,3.15,QV,V2
CH02434,3.15,4.18,BX,V2
CH02435,0.0,0.8,AND,
CH02435,0.8,2.35,BX,V2
CH02435,2.35,3.4,QV,V2
CH02435,3.4,4.66,BX,V2
CH02436,0.0,0.85,AND,
CH02436,0.85,2.4,BX,V2
CH02436,2.4,3.5,QV,V2
CH02436,3.5,3.83,BX,V2
CH02437,0.0,0.6,AND,
CH02437,0.6,2.15,BX,V2
CH02437,2.15,3.3,QV,V2
CH02437,3.3,4.66,BX,V2
CH02438,0.0,0.8,AND,
CH02438,0.8,2.35,BX,V2
CH02438,2.35,3.6,QV,V2
CH02438,3.6,5.11,BX,V2
CH02439,0.0,0.75,AND,
CH02439,0.75,2.3,BX,V2
CH02439,2.3,3.6,QV,V2
CH02439,3.6,5.15,BX,V2
CH02439,5.15,5.23,AND,
CH02440,0.0,0.75,AND,
CH02440,0.75,2.25,BX,V2
CH02440,2.25,3.6,QV,V2
CH02440,3.6,4.29,BX,V2
CH02441,0.0,0.65,AND,
CH02441,0.65,2.2,BX,V2
CH02441,2.2,3.6,QV,V2
CH02441,3.6,4.94,BX,V2
CH02442,0.0,0.75,AND,
CH02442,0.75,2.3,BX,V2
CH02442,2.3,3.75,QV,V2
CH02442,3.75,4.32,BX,V2
CH02443,0.0,0.35,AND,
CH02443,0.35,1.9,BX,V2
CH02443,1.9,3.4,QV,V2
CH02443,3.4,4.9,BX,V2
CH02443,4.9,5.11,AND,
CH02444,0.0,0.4,AND,
CH02444,0.4,1.95,BX,V2
CH02444,1.95,3.55,QV,V2
CH02444,3.55,5.05,BX,V2
CH02444,5.05,5.53,AND,
CH02445,0.0,0.35,AND,
CH02445,0.35,1.9,BX,V2
CH02445,1.9,3.55,QV,V2
CH02445,3.55,5.05,BX,V2
CH02446,0.0,0.35,AND,
CH02446,0.35,1.85,BX,V2
CH02446,1.85,3.55,QV,V2
CH02446,3.55,4.37,BX,V2
CH02447,0.0,0.35,AND,
CH02447,0.35,1.85,BX,V2
CH02447,1.85,3.65,QV,V2
CH02447,3.65,5.01,BX,V2
CH02448,0.0,0.3,AND,
CH02448,0.3,1.8,BX,V2
CH02448,1.8,3.65,QV,V2
CH02448,3.65,4.54,BX,V2
CH02449,0.0,1.5,BX,V2
CH02449,1.5,3.45,QV,V2
CH02449,3.45,4.85,BX,V2
CH02450,0.0,0.35,AND,
CH02450,0.35,1.85,BX,V2
CH02450,1.85,3.8,QV,V2
CH02450,3.8,5.35,BX,V2
CH02450,5.35,5.94,AND,
CH02451,0.0,0.2,AND,
CH02451,0.2,1.7,BX,V2
CH02451,1.7,3.7,QV,V2
CH02451,3.7,5.25,BX,V2
CH02451,5.25,5.34,AND,
CH02452,0.0,0.25,AND,
CH02452,0.25,1.8,BX,V2
CH02452,1.8,3.85,QV,V2
CH02452,3.85,4.91,BX,V2
CH02453,0.0,0.5,AND,
CH02453,0.5,2.0,BX,V2
CH02453,2.0,4.05,QV,V2
CH02453,4.05,5.59,BX,V2
CH02454,0.0,0.6,AND,
CH02454,0.6,2.1,BX,V2
CH02454,2.1,4.15,QV,V2
CH02454,4.15,5.61,BX,V2
CH02455,0.0,0.7,AND,
CH02455,0.7,2.2,BX,V2
CH02455,2.2,4.2,QV,V2
CH02455,4.2,5.28,BX,V2
CH02456,0.0,0.25,AND,
CH02456,0.25,1.75,BX,V2
CH02456,1.75,3.7,QV,V2
CH02456,3.7,4.99,BX,V2
CH02457,0.0,1.25,BX,V2
CH02457,1.25,3.15,QV,V2
CH02457,3.15,4.47,BX,V2
CH02458,0.0,0.2,AND,
CH02458,0.2,1.7,BX,V2
CH02458,1.7,3.55,QV,V2
CH02458,3.55,5.05,BX,V2
CH02458,5.05,5.11,AND,
CH02459,0.0,0.05,AND,
CH02459,0.05,1.55,BX,V2
CH02459,1.55,3.35,QV,V2
CH02459,3.35,4.85,BX,V2
CH02459,4.85,5.45,AND,
CH02460,0.0,0.25,AND,
CH02460,0.25,1.75,BX,V2
CH02460,1.75,3.45,QV,V2
CH02460,3.45,4.21,BX,V2
CH02461,0.0,0.4,AND,
CH02461,0.4,1.9,BX,V2
CH02461,1.9,3.6,QV,V2
CH02461,3.6,5.1,BX,V2
CH02461,5.1,5.52,AND,
CH02462,0.0,0.05,AND,
CH02462,0.05,1.55,BX,V2
CH02462,1.55,3.3,QV,V2
CH02462,3.3,4.8,BX,V2
CH02462,4.8,5.0,AND,
CH02463,0.0,0.35,AND,
CH02463,0.35,1.9,BX,V2
CH02463,1.9,3.6,QV,V2
CH02463,3.6,5.17,BX,V2
CH02464,0.0,0.5,AND,
CH02464,0.5,2.0,BX,V2
CH02464,2.0,3.75,QV,V2
CH02464,3.75,5.08,BX,V2
CH02465,0.0,0.25,AND,
CH02465,0.25,1.75,BX,V2
CH02465,1.75,3.55,QV,V2
CH02465,3.55,4.73,BX,V2
CH02466,0.0,1.15,BX,V2
CH02466,1.15,3.0,QV,V2
CH02466,3.0,4.5,BX,V2
CH02466,4.5,5.63,AND,
CH02467,0.0,1.1,BX,V2
CH02467,1.1,2.95,QV,V2
CH02467,2.95,4.45,BX,V2
CH02467,4.45,4.58,AND,
CH02468,0.0,1.45,BX,V2
CH02468,1.45,3.35,QV,V2
CH02468,3.35,4.6,BX,V2
CH02469,0.0,0.5,AND,
CH02469,0.5,2.0,BX,V2
CH02469,2.0,3.9,QV,V2
CH02469,3.9,5.4,BX,V2
CH02469,5.4,5.55,AND,
CH02470,0.0,1.35,BX,V2
CH02470,1.35,3.15,QV,V2
CH02470,3.15,4.7,BX,V2
CH02470,4.7,5.64,AND,
CH02471,0.0,1.3,BX,V2
CH02471,1.3,3.1,QV,V2
CH02471,3.1,4.65,BX,V2
CH02471,4.65,5.41,AND,
CH02472,0.0,0.1,AND,
CH02472,0.1,1.6,BX,V2
CH02472,1.6,3.35,QV,V2
CH02472,3.35,4.85,BX,V2
CH02472,4.85,4.92,AND,
CH02473,0.0,1.2,BX,V2
CH02473,1.2,2.85,QV,V2
CH02473,2.85,4.35,BX,V2
CH02473,4.35,5.58,AND,
CH02474,0.0,1.45,BX,V2
CH02474,1.45,3.0,QV,V2
CH02474,3.0,4.43,BX,V2
CH02475,0.0,0.2,AND,
CH02475,0.2,1.7,BX,V2
CH02475,1.7,3.15,QV,V2
CH02475,3.15,4.65,BX,V2
CH02475,4.65,4.88,AND,
CH02476,0.0,0.15,AND,
CH02476,0.15,1.65,BX,V2
CH02476,1.65,3.05,QV,V2
CH02476,3.05,4.49,BX,V2
CH02477,0.0,0.45,AND,
CH02477,0.45,1.95,BX,V2
CH02477,1.95,3.25,QV,V2
CH02477,3.25,4.32,BX,V2
CH02478,0.0,0.6,AND,
CH02478,0.6,2.1,BX,V2
CH02478,2.1,3.3,QV,V2
CH02478,3.3,4.37,BX,V2
CH02479,0.0,1.25,BX,V2
CH02479,1.25,2.35,QV,V2
CH02479,2.35,3.58,BX,V2
CH02480,0.0,0.35,AND,
CH02480,0.35,1.85,BX,V2
CH02480,1.85,2.85,QV,V2
CH02480,2.85,4.36,BX,V2
CH02481,0.0,0.45,AND,
CH02481,0.45,1.95,BX,V2
CH02481,1.95,2.85,QV,V2
CH02481,2.85,3.68,BX,V2
CH02482,0.0,0.5,AND,
CH02482,0.5,2.0,BX,V2
CH02482,2.0,2.8,QV,V2
CH02482,2.8,4.3,BX,V2
CH02482,4.3,4.8,AND,
CH02483,0.0,0.6,AND,
CH02483,0.6,2.1,BX,V2
CH02483,2.1,2.85,QV,V2
CH02483,2.85,3.44,BX,V2
CH02484,0.0,0.45,AND,
CH02484,0.45,1.95,BX,V2
CH02484,1.95,2.65,QV,V2
CH02484,2.65,4.15,BX,V2
CH02484,4.15,4.21,AND,
CH02485,0.0,0.55,AND,
CH02485,0.55,2.15,BX,V2
CH02485,2.15,2.75,QV,V2
CH02485,2.75,3.77,BX,V2
CH02486,0.0,0.1,AND,
CH02486,0.1,1.65,BX,V2
CH02486,1.65,2.2,QV,V2
CH02486,2.2,3.56,BX,V2
CH02487,0.0,0.25,AND,
CH02487,0.25,1.75,BX,V2
CH02487,1.75,2.25,QV,V2
CH02487,2.25,3.08,BX,V2
CH02488,0.0,0.95,AND,
CH02488,0.95,2.5,BX,V2
CH02488,2.5,3.0,QV,V2
CH02488,3.0,4.32,BX,V2
CH02489,0.0,0.7,AND,
CH02489,0.7,2.2,BX,V2
CH02489,2.2,2.6,QV,V2
CH02489,2.6,3.81,BX,V2
CH02490,0.0,0.75,AND,
CH02490,0.75,2.25,BX,V2
CH02490,2.25,2.65,QV,V2
CH02490,2.65,3.06,BX,V2
CH02491,0.0,0.2,AND,
CH02491,0.2,1.7,BX,V2
CH02491,1.7,2.15,QV,V2
CH02491,2.15,3.65,BX,V2
CH02491,3.65,3.95,AND,
CH02492,0.0,0.55,AND,
CH02492,0.55,2.05,BX,V2
CH02492,2.05,2.45,QV,V2
CH02492,2.45,2.99,BX,V2
