X,Y,Z
7300.0,14300.0,881.0
7320.0,14300.0,880.7
7340.0,14300.0,880.5
7360.0,14300.0,880.3
7380.0,14300.0,880.1
7400.0,14300.0,879.9
7420.0,14300.0,879.8
7440.0,14300.0,879.6
7460.0,14300.0,879.5
7480.0,14300.0,879.4
7500.0,14300.0,879.4
7520.0,14300.0,879.4
7540.0,14300.0,879.4
7560.0,14300.0,879.4
7580.0,14300.0,879.4
7600.0,14300.0,879.4
7620.0,14300.0,879.5
7640.0,14300.0,879.6
7660.0,14300.0,879.6
7680.0,14300.0,879.7
7700.0,14300.0,879.7
7720.0,14300.0,879.8
7740.0,14300.0,879.8
7760.0,14300.0,879.8
7780.0,14300.0,879.9
7800.0,14300.0,879.9
7820.0,14300.0,879.9
7840.0,14300.0,880.0
7860.0,14300.0,880.0
7880.0,14300.0,880.1
7900.0,14300.0,880.1
7920.0,14300.0,880.2
7940.0,14300.0,880.3
7960.0,14300.0,880.3
7980.0,14300.0,880.4
8000.0,14300.0,880.4
8020.0,14300.0,880.4
8040.0,14300.0,880.4
8060.0,14300.0,880.3
8080.0,14300.0,880.2
8100.0,14300.0,880.1
8120.0,14300.0,879.8
8140.0,14300.0,879.5
8160.0,14300.0,879.1
8180.0,14300.0,878.6
8200.0,14300.0,878.1
8220.0,14300.0,877.5
8240.0,14300.0,876.8
8260.0,14300.0,876.1
8280.0,14300.0,875.3
8300.0,14300.0,874.6
8320.0,14300.0,873.9
8340.0,14300.0,873.2
8360.0,14300.0,872.5
8380.0,14300.0,872.0
8400.0,14300.0,871.6
8420.0,14300.0,871.3
8440.0,14300.0,871.2
8460.0,14300.0,871.2
8480.0,14300.0,871.4
8500.0,14300.0,871.9
8520.0,14300.0,872.5
8540.0,14300.0,873.3
8560.0,14300.0,874.2
8580.0,14300.0,875.3
8600.0,14300.0,876.5
8620.0,14300.0,877.8
8640.0,14300.0,879.1
8660.0,14300.0,880.4
8680.0,14300.0,881.7
8700.0,14300.0,882.9
7300.0,14320.0,881.4
7320.0,14320.0,881.1
7340.0,14320.0,880.8
7360.0,14320.0,880.5
7380.0,14320.0,880.2
7400.0,14320.0,879.9
7420.0,14320.0,879.7
7440.0,14320.0,879.4
7460.0,14320.0,879.2
7480.0,14320.0,879.1
7500.0,14320.0,878.9
7520.0,14320.0,878.8
7540.0,14320.0,878.7
7560.0,14320.0,878.7
7580.0,14320.0,878.6
7600.0,14320.0,878.6
7620.0,14320.0,878.6
7640.0,14320.0,878.5
7660.0,14320.0,878.5
7680.0,14320.0,878.5
7700.0,14320.0,878.4
7720.0,14320.0,878.4
7740.0,14320.0,878.3
7760.0,14320.0,878.3
7780.0,14320.0,878.3
7800.0,14320.0,878.2
7820.0,14320.0,878.2
7840.0,14320.0,878.2
7860.0,14320.0,878.2
7880.0,14320.0,878.3
7900.0,14320.0,878.3
7920.0,14320.0,878.4
7940.0,14320.0,878.5
7960.0,14320.0,878.7
7980.0,14320.0,878.8
8000.0,14320.0,879.0
8020.0,14320.0,879.1
8040.0,14320.0,879.2
8060.0,14320.0,879.3
8080.0,14320.0,879.4
8100.0,14320.0,879.4
8120.0,14320.0,879.3
8140.0,14320.0,879.2
8160.0,14320.0,879.0
8180.0,14320.0,878.7
8200.0,14320.0,878.3
8220.0,14320.0,877.9
8240.0,14320.0,877.3
8260.0,14320.0,876.7
8280.0,14320.0,876.1
8300.0,14320.0,875.4
8320.0,14320.0,874.8
8340.0,14320.0,874.1
8360.0,14320.0,873.5
8380.0,14320.0,873.0
8400.0,14320.0,872.5
8420.0,14320.0,872.2
8440.0,14320.0,872.1
8460.0,14320.0,872.1
8480.0,14320.0,872.3
8500.0,14320.0,872.6
8520.0,14320.0,873.2
8540.0,14320.0,873.9
8560.0,14320.0,874.8
8580.0,14320.0,875.9
8600.0,14320.0,877.1
8620.0,14320.0,878.3
8640.0,14320.0,879.6
8660.0,14320.0,881.0
8680.0,14320.0,882.2
8700.0,14320.0,883.4
7300.0,14340.0,882.2
7320.0,14340.0,881.8
7340.0,14340.0,881.4
7360.0,14340.0,881.1
7380.0,14340.0,880.7
7400.0,14340.0,880.3
7420.0,14340.0,880.0
7440.0,14340.0,879.6
7460.0,14340.0,879.4
7480.0,14340.0,879.1
7500.0,14340.0,878.9
7520.0,14340.0,878.7
7540.0,14340.0,878.5
7560.0,14340.0,878.4
7580.0,14340.0,878.2
7600.0,14340.0,878.1
7620.0,14340.0,878.0
7640.0,14340.0,877.9
7660.0,14340.0,877.7
7680.0,14340.0,877.6
7700.0,14340.0,877.5
7720.0,14340.0,877.4
7740.0,14340.0,877.3
7760.0,14340.0,877.1
7780.0,14340.0,877.0
7800.0,14340.0,876.9
7820.0,14340.0,876.9
7840.0,14340.0,876.8
7860.0,14340.0,876.8
7880.0,14340.0,876.8
7900.0,14340.0,876.9
7920.0,14340.0,877.0
7940.0,14340.0,877.2
7960.0,14340.0,877.4
7980.0,14340.0,877.6
8000.0,14340.0,877.8
8020.0,14340.0,878.1
8040.0,14340.0,878.3
8060.0,14340.0,878.6
8080.0,14340.0,878.8
8100.0,14340.0,879.0
8120.0,14340.0,879.1
8140.0,14340.0,879.1
8160.0,14340.0,879.1
8180.0,14340.0,878.9
8200.0,14340.0,878.7
8220.0,14340.0,878.4
8240.0,14340.0,878.0
8260.0,14340.0,877.5
8280.0,14340.0,877.0
8300.0,14340.0,876.4
8320.0,14340.0,875.8
8340.0,14340.0,875.2
8360.0,14340.0,874.6
8380.0,14340.0,874.0
8400.0,14340.0,873.6
8420.0,14340.0,873.3
8440.0,14340.0,873.0
8460.0,14340.0,873.0
8480.0,14340.0,873.1
8500.0,14340.0,873.4
8520.0,14340.0,873.9
8540.0,14340.0,874.6
8560.0,14340.0,875.5
8580.0,14340.0,876.5
8600.0,14340.0,877.6
8620.0,14340.0,878.8
8640.0,14340.0,880.1
8660.0,14340.0,881.4
8680.0,14340.0,882.7
8700.0,14340.0,883.9
7300.0,14360.0,883.4
7320.0,14360.0,883.0
7340.0,14360.0,882.5
7360.0,14360.0,882.0
7380.0,14360.0,881.6
7400.0,14360.0,881.1
7420.0,14360.0,880.7
7440.0,14360.0,880.3
7460.0,14360.0,879.9
7480.0,14360.0,879.6
7500.0,14360.0,879.2
7520.0,14360.0,878.9
7540.0,14360.0,878.7
7560.0,14360.0,878.5
7580.0,14360.0,878.2
7600.0,14360.0,878.0
7620.0,14360.0,877.8
7640.0,14360.0,877.6
7660.0,14360.0,877.4
7680.0,14360.0,877.2
7700.0,14360.0,877.0
7720.0,14360.0,876.8
7740.0,14360.0,876.6
7760.0,14360.0,876.4
7780.0,14360.0,876.2
7800.0,14360.0,876.0
7820.0,14360.0,875.9
7840.0,14360.0,875.8
7860.0,14360.0,875.8
7880.0,14360.0,875.8
7900.0,14360.0,875.9
7920.0,14360.0,876.0
7940.0,14360.0,876.2
7960.0,14360.0,876.4
7980.0,14360.0,876.7
8000.0,14360.0,877.0
8020.0,14360.0,877.4
8040.0,14360.0,877.7
8060.0,14360.0,878.1
8080.0,14360.0,878.4
8100.0,14360.0,878.7
8120.0,14360.0,879.0
8140.0,14360.0,879.2
8160.0,14360.0,879.3
8180.0,14360.0,879.3
8200.0,14360.0,879.2
8220.0,14360.0,879.1
8240.0,14360.0,878.8
8260.0,14360.0,878.4
8280.0,14360.0,877.9
8300.0,14360.0,877.4
8320.0,14360.0,876.9
8340.0,14360.0,876.3
8360.0,14360.0,875.7
8380.0,14360.0,875.2
8400.0,14360.0,874.7
8420.0,14360.0,874.4
8440.0,14360.0,874.1
8460.0,14360.0,874.0
8480.0,14360.0,874.1
8500.0,14360.0,874.3
8520.0,14360.0,874.7
8540.0,14360.0,875.3
8560.0,14360.0,876.1
8580.0,14360.0,877.1
8600.0,14360.0,878.2
8620.0,14360.0,879.3
8640.0,14360.0,880.6
8660.0,14360.0,881.9
8680.0,14360.0,883.2
8700.0,14360.0,884.4
7300.0,14380.0,885.0
7320.0,14380.0,884.5
7340.0,14380.0,883.9
7360.0,14380.0,883.4
7380.0,14380.0,882.9
7400.0,14380.0,882.3
7420.0,14380.0,881.8
7440.0,14380.0,881.3
7460.0,14380.0,880.9
7480.0,14380.0,880.4
7500.0,14380.0,880.0
7520.0,14380.0,879.6
7540.0,14380.0,879.3
7560.0,14380.0,879.0
7580.0,14380.0,878.7
7600.0,14380.0,878.4
7620.0,14380.0,878.1
7640.0,14380.0,877.8
7660.0,14380.0,877.5
7680.0,14380.0,877.2
7700.0,14380.0,876.9
7720.0,14380.0,876.6
7740.0,14380.0,876.3
7760.0,14380.0,876.1
7780.0,14380.0,875.8
7800.0,14380.0,875.6
7820.0,14380.0,875.4
7840.0,14380.0,875.3
7860.0,14380.0,875.2
7880.0,14380.0,875.2
7900.0,14380.0,875.2
7920.0,14380.0,875.4
7940.0,14380.0,875.6
7960.0,14380.0,875.8
7980.0,14380.0,876.2
8000.0,14380.0,876.5
8020.0,14380.0,877.0
8040.0,14380.0,877.4
8060.0,14380.0,877.9
8080.0,14380.0,878.4
8100.0,14380.0,878.8
8120.0,14380.0,879.2
8140.0,14380.0,879.5
8160.0,14380.0,879.8
8180.0,14380.0,879.9
8200.0,14380.0,879.9
8220.0,14380.0,879.9
8240.0,14380.0,879.7
8260.0,14380.0,879.4
8280.0,14380.0,879.1
8300.0,14380.0,878.6
8320.0,14380.0,878.1
8340.0,14380.0,877.5
8360.0,14380.0,877.0
8380.0,14380.0,876.4
8400.0,14380.0,876.0
8420.0,14380.0,875.6
8440.0,14380.0,875.3
8460.0,14380.0,875.1
8480.0,14380.0,875.1
8500.0,14380.0,875.3
8520.0,14380.0,875.6
8540.0,14380.0,876.2
8560.0,14380.0,876.9
8580.0,14380.0,877.8
8600.0,14380.0,878.8
8620.0,14380.0,879.9
8640.0,14380.0,881.2
8660.0,14380.0,882.4
8680.0,14380.0,883.7
8700.0,14380.0,884.9
7300.0,14400.0,886.9
7320.0,14400.0,886.4
7340.0,14400.0,885.8
7360.0,14400.0,885.2
7380.0,14400.0,884.6
7400.0,14400.0,884.0
7420.0,14400.0,883.4
7440.0,14400.0,882.8
7460.0,14400.0,882.3
7480.0,14400.0,881.7
7500.0,14400.0,881.2
7520.0,14400.0,880.8
7540.0,14400.0,880.3
7560.0,14400.0,879.9
7580.0,14400.0,879.5
7600.0,14400.0,879.1
7620.0,14400.0,878.7
7640.0,14400.0,878.4
7660.0,14400.0,878.0
7680.0,14400.0,877.6
7700.0,14400.0,877.2
7720.0,14400.0,876.9
7740.0,14400.0,876.5
7760.0,14400.0,876.1
7780.0,14400.0,875.8
7800.0,14400.0,875.5
7820.0,14400.0,875.3
7840.0,14400.0,875.1
7860.0,14400.0,875.0
7880.0,14400.0,875.0
7900.0,14400.0,875.0
7920.0,14400.0,875.1
7940.0,14400.0,875.3
7960.0,14400.0,875.6
7980.0,14400.0,876.0
8000.0,14400.0,876.5
8020.0,14400.0,877.0
8040.0,14400.0,877.5
8060.0,14400.0,878.1
8080.0,14400.0,878.6
8100.0,14400.0,879.2
8120.0,14400.0,879.7
8140.0,14400.0,880.1
8160.0,14400.0,880.4
8180.0,14400.0,880.7
8200.0,14400.0,880.9
8220.0,14400.0,880.9
8240.0,14400.0,880.8
8260.0,14400.0,880.6
8280.0,14400.0,880.3
8300.0,14400.0,879.9
8320.0,14400.0,879.5
8340.0,14400.0,878.9
8360.0,14400.0,878.4
8380.0,14400.0,877.9
8400.0,14400.0,877.3
8420.0,14400.0,876.9
8440.0,14400.0,876.6
8460.0,14400.0,876.4
8480.0,14400.0,876.3
8500.0,14400.0,876.4
8520.0,14400.0,876.7
8540.0,14400.0,877.1
8560.0,14400.0,877.8
8580.0,14400.0,878.6
8600.0,14400.0,879.6
8620.0,14400.0,880.7
8640.0,14400.0,881.9
8660.0,14400.0,883.1
8680.0,14400.0,884.3
8700.0,14400.0,885.6
7300.0,14420.0,889.2
7320.0,14420.0,888.6
7340.0,14420.0,888.0
7360.0,14420.0,887.3
7380.0,14420.0,886.7
7400.0,14420.0,886.0
7420.0,14420.0,885.3
7440.0,14420.0,884.7
7460.0,14420.0,884.0
7480.0,14420.0,883.4
7500.0,14420.0,882.9
7520.0,14420.0,882.3
7540.0,14420.0,881.8
7560.0,14420.0,881.3
7580.0,14420.0,880.8
7600.0,14420.0,880.3
7620.0,14420.0,879.8
7640.0,14420.0,879.3
7660.0,14420.0,878.9
7680.0,14420.0,878.4
7700.0,14420.0,878.0
7720.0,14420.0,877.5
7740.0,14420.0,877.1
7760.0,14420.0,876.7
7780.0,14420.0,876.3
7800.0,14420.0,875.9
7820.0,14420.0,875.6
7840.0,14420.0,875.4
7860.0,14420.0,875.3
7880.0,14420.0,875.2
7900.0,14420.0,875.2
7920.0,14420.0,875.3
7940.0,14420.0,875.5
7960.0,14420.0,875.9
7980.0,14420.0,876.3
8000.0,14420.0,876.7
8020.0,14420.0,877.3
8040.0,14420.0,877.9
8060.0,14420.0,878.5
8080.0,14420.0,879.2
8100.0,14420.0,879.8
8120.0,14420.0,880.4
8140.0,14420.0,880.9
8160.0,14420.0,881.4
8180.0,14420.0,881.7
8200.0,14420.0,882.0
8220.0,14420.0,882.1
8240.0,14420.0,882.1
8260.0,14420.0,882.0
8280.0,14420.0,881.8
8300.0,14420.0,881.4
8320.0,14420.0,881.0
8340.0,14420.0,880.5
8360.0,14420.0,880.0
8380.0,14420.0,879.4
8400.0,14420.0,878.9
8420.0,14420.0,878.4
8440.0,14420.0,878.0
8460.0,14420.0,877.8
8480.0,14420.0,877.7
8500.0,14420.0,877.7
8520.0,14420.0,877.9
8540.0,14420.0,878.3
8560.0,14420.0,878.9
8580.0,14420.0,879.6
8600.0,14420.0,880.5
8620.0,14420.0,881.6
8640.0,14420.0,882.7
8660.0,14420.0,883.9
8680.0,14420.0,885.2
8700.0,14420.0,886.4
7300.0,14440.0,891.8
7320.0,14440.0,891.2
7340.0,14440.0,890.5
7360.0,14440.0,889.8
7380.0,14440.0,889.1
7400.0,14440.0,888.4
7420.0,14440.0,887.6
7440.0,14440.0,886.9
7460.0,14440.0,886.2
7480.0,14440.0,885.5
7500.0,14440.0,884.9
7520.0,14440.0,884.2
7540.0,14440.0,883.6
7560.0,14440.0,883.0
7580.0,14440.0,882.4
7600.0,14440.0,881.8
7620.0,14440.0,881.3
7640.0,14440.0,880.7
7660.0,14440.0,880.2
7680.0,14440.0,879.6
7700.0,14440.0,879.1
7720.0,14440.0,878.5
7740.0,14440.0,878.0
7760.0,14440.0,877.5
7780.0,14440.0,877.1
7800.0,14440.0,876.7
7820.0,14440.0,876.3
7840.0,14440.0,876.1
7860.0,14440.0,875.9
7880.0,14440.0,875.8
7900.0,14440.0,875.8
7920.0,14440.0,875.9
7940.0,14440.0,876.1
7960.0,14440.0,876.5
7980.0,14440.0,876.9
8000.0,14440.0,877.4
8020.0,14440.0,878.0
8040.0,14440.0,878.6
8060.0,14440.0,879.3
8080.0,14440.0,880.0
8100.0,14440.0,880.7
8120.0,14440.0,881.4
8140.0,14440.0,882.0
8160.0,14440.0,882.6
8180.0,14440.0,883.0
8200.0,14440.0,883.3
8220.0,14440.0,883.5
8240.0,14440.0,883.6
8260.0,14440.0,883.6
8280.0,14440.0,883.4
8300.0,14440.0,883.1
8320.0,14440.0,882.7
8340.0,14440.0,882.2
8360.0,14440.0,881.7
8380.0,14440.0,881.2
8400.0,14440.0,880.6
8420.0,14440.0,880.1
8440.0,14440.0,879.7
8460.0,14440.0,879.4
8480.0,14440.0,879.2
8500.0,14440.0,879.2
8520.0,14440.0,879.3
8540.0,14440.0,879.7
8560.0,14440.0,880.2
8580.0,14440.0,880.9
8600.0,14440.0,881.7
8620.0,14440.0,882.7
8640.0,14440.0,883.8
8660.0,14440.0,885.0
8680.0,14440.0,886.2
8700.0,14440.0,887.4
7300.0,14460.0,894.6
7320.0,14460.0,894.0
7340.0,14460.0,893.3
7360.0,14460.0,892.6
7380.0,14460.0,891.8
7400.0,14460.0,891.0
7420.0,14460.0,890.3
7440.0,14460.0,889.5
7460.0,14460.0,888.7
7480.0,14460.0,887.9
7500.0,14460.0,887.2
7520.0,14460.0,886.5
7540.0,14460.0,885.8
7560.0,14460.0,885.1
7580.0,14460.0,884.4
7600.0,14460.0,883.7
7620.0,14460.0,883.1
7640.0,14460.0,882.4
7660.0,14460.0,881.8
7680.0,14460.0,881.2
7700.0,14460.0,880.5
7720.0,14460.0,879.9
7740.0,14460.0,879.3
7760.0,14460.0,878.8
7780.0,14460.0,878.3
7800.0,14460.0,877.8
7820.0,14460.0,877.4
7840.0,14460.0,877.1
7860.0,14460.0,876.9
7880.0,14460.0,876.8
7900.0,14460.0,876.8
7920.0,14460.0,876.9
7940.0,14460.0,877.1
7960.0,14460.0,877.4
7980.0,14460.0,877.9
8000.0,14460.0,878.4
8020.0,14460.0,879.0
8040.0,14460.0,879.7
8060.0,14460.0,880.5
8080.0,14460.0,881.2
8100.0,14460.0,882.0
8120.0,14460.0,882.7
8140.0,14460.0,883.4
8160.0,14460.0,884.0
8180.0,14460.0,884.5
8200.0,14460.0,884.9
8220.0,14460.0,885.2
8240.0,14460.0,885.3
8260.0,14460.0,885.3
8280.0,14460.0,885.2
8300.0,14460.0,884.9
8320.0,14460.0,884.6
8340.0,14460.0,884.1
8360.0,14460.0,883.6
8380.0,14460.0,883.1
8400.0,14460.0,882.5
8420.0,14460.0,882.0
8440.0,14460.0,881.6
8460.0,14460.0,881.2
8480.0,14460.0,881.0
8500.0,14460.0,880.9
8520.0,14460.0,881.0
8540.0,14460.0,881.3
8560.0,14460.0,881.7
8580.0,14460.0,882.4
8600.0,14460.0,883.2
8620.0,14460.0,884.1
8640.0,14460.0,885.2
8660.0,14460.0,886.3
8680.0,14460.0,887.5
8700.0,14460.0,888.7
7300.0,14480.0,897.5
7320.0,14480.0,896.9
7340.0,14480.0,896.2
7360.0,14480.0,895.5
7380.0,14480.0,894.7
7400.0,14480.0,893.9
7420.0,14480.0,893.1
7440.0,14480.0,892.3
7460.0,14480.0,891.5
7480.0,14480.0,890.6
7500.0,14480.0,889.8
7520.0,14480.0,889.0
7540.0,14480.0,888.2
7560.0,14480.0,887.4
7580.0,14480.0,886.7
7600.0,14480.0,885.9
7620.0,14480.0,885.2
7640.0,14480.0,884.4
7660.0,14480.0,883.7
7680.0,14480.0,883.0
7700.0,14480.0,882.3
7720.0,14480.0,881.6
7740.0,14480.0,880.9
7760.0,14480.0,880.3
7780.0,14480.0,879.7
7800.0,14480.0,879.2
7820.0,14480.0,878.8
7840.0,14480.0,878.5
7860.0,14480.0,878.2
7880.0,14480.0,878.1
7900.0,14480.0,878.0
7920.0,14480.0,878.1
7940.0,14480.0,878.4
7960.0,14480.0,878.7
7980.0,14480.0,879.2
8000.0,14480.0,879.7
8020.0,14480.0,880.4
8040.0,14480.0,881.1
8060.0,14480.0,881.9
8080.0,14480.0,882.7
8100.0,14480.0,883.5
8120.0,14480.0,884.3
8140.0,14480.0,885.0
8160.0,14480.0,885.7
8180.0,14480.0,886.2
8200.0,14480.0,886.7
8220.0,14480.0,887.0
8240.0,14480.0,887.2
8260.0,14480.0,887.3
8280.0,14480.0,887.2
8300.0,14480.0,887.0
8320.0,14480.0,886.6
8340.0,14480.0,886.2
8360.0,14480.0,885.7
8380.0,14480.0,885.2
8400.0,14480.0,884.6
8420.0,14480.0,884.1
8440.0,14480.0,883.7
8460.0,14480.0,883.3
8480.0,14480.0,883.0
8500.0,14480.0,882.9
8520.0,14480.0,883.0
8540.0,14480.0,883.2
8560.0,14480.0,883.6
8580.0,14480.0,884.1
8600.0,14480.0,884.9
8620.0,14480.0,885.8
8640.0,14480.0,886.8
8660.0,14480.0,887.9
8680.0,14480.0,889.1
8700.0,14480.0,890.3
7300.0,14500.0,900.6
7320.0,14500.0,900.0
7340.0,14500.0,899.3
7360.0,14500.0,898.6
7380.0,14500.0,897.8
7400.0,14500.0,897.0
7420.0,14500.0,896.2
7440.0,14500.0,895.3
7460.0,14500.0,894.4
7480.0,14500.0,893.5
7500.0,14500.0,892.6
7520.0,14500.0,891.8
7540.0,14500.0,890.9
7560.0,14500.0,890.0
7580.0,14500.0,889.2
7600.0,14500.0,888.3
7620.0,14500.0,887.5
7640.0,14500.0,886.7
7660.0,14500.0,885.8
7680.0,14500.0,885.0
7700.0,14500.0,884.3
7720.0,14500.0,883.5
7740.0,14500.0,882.8
7760.0,14500.0,882.1
7780.0,14500.0,881.5
7800.0,14500.0,880.9
7820.0,14500.0,880.4
7840.0,14500.0,880.1
7860.0,14500.0,879.8
7880.0,14500.0,879.6
7900.0,14500.0,879.6
7920.0,14500.0,879.7
7940.0,14500.0,879.9
7960.0,14500.0,880.3
7980.0,14500.0,880.7
8000.0,14500.0,881.3
8020.0,14500.0,882.0
8040.0,14500.0,882.7
8060.0,14500.0,883.6
8080.0,14500.0,884.4
8100.0,14500.0,885.2
8120.0,14500.0,886.1
8140.0,14500.0,886.9
8160.0,14500.0,887.6
8180.0,14500.0,888.2
8200.0,14500.0,888.7
8220.0,14500.0,889.1
8240.0,14500.0,889.3
8260.0,14500.0,889.4
8280.0,14500.0,889.3
8300.0,14500.0,889.2
8320.0,14500.0,888.9
8340.0,14500.0,888.5
8360.0,14500.0,888.0
8380.0,14500.0,887.5
8400.0,14500.0,886.9
8420.0,14500.0,886.4
8440.0,14500.0,885.9
8460.0,14500.0,885.6
8480.0,14500.0,885.3
8500.0,14500.0,885.1
8520.0,14500.0,885.1
8540.0,14500.0,885.3
8560.0,14500.0,885.7
8580.0,14500.0,886.2
8600.0,14500.0,886.9
8620.0,14500.0,887.8
8640.0,14500.0,888.8
8660.0,14500.0,889.9
8680.0,14500.0,891.0
8700.0,14500.0,892.2
7300.0,14520.0,903.6
7320.0,14520.0,903.1
7340.0,14520.0,902.4
7360.0,14520.0,901.7
7380.0,14520.0,901.0
7400.0,14520.0,900.1
7420.0,14520.0,899.3
7440.0,14520.0,898.4
7460.0,14520.0,897.5
7480.0,14520.0,896.5
7500.0,14520.0,895.6
7520.0,14520.0,894.6
7540.0,14520.0,893.7
7560.0,14520.0,892.8
7580.0,14520.0,891.8
7600.0,14520.0,890.9
7620.0,14520.0,890.0
7640.0,14520.0,889.0
7660.0,14520.0,888.1
7680.0,14520.0,887.2
7700.0,14520.0,886.4
7720.0,14520.0,885.6
7740.0,14520.0,884.8
7760.0,14520.0,884.0
7780.0,14520.0,883.4
7800.0,14520.0,882.8
7820.0,14520.0,882.3
7840.0,14520.0,881.8
7860.0,14520.0,881.6
7880.0,14520.0,881.4
7900.0,14520.0,881.4
7920.0,14520.0,881.4
7940.0,14520.0,881.7
7960.0,14520.0,882.0
7980.0,14520.0,882.5
8000.0,14520.0,883.1
8020.0,14520.0,883.8
8040.0,14520.0,884.6
8060.0,14520.0,885.5
8080.0,14520.0,886.3
8100.0,14520.0,887.2
8120.0,14520.0,888.1
8140.0,14520.0,888.9
8160.0,14520.0,889.6
8180.0,14520.0,890.3
8200.0,14520.0,890.8
8220.0,14520.0,891.3
8240.0,14520.0,891.5
8260.0,14520.0,891.7
8280.0,14520.0,891.7
8300.0,14520.0,891.5
8320.0,14520.0,891.2
8340.0,14520.0,890.9
8360.0,14520.0,890.4
8380.0,14520.0,889.9
8400.0,14520.0,889.4
8420.0,14520.0,888.9
8440.0,14520.0,888.4
8460.0,14520.0,888.1
8480.0,14520.0,887.8
8500.0,14520.0,887.6
8520.0,14520.0,887.6
8540.0,14520.0,887.8
8560.0,14520.0,888.1
8580.0,14520.0,888.6
8600.0,14520.0,889.3
8620.0,14520.0,890.1
8640.0,14520.0,891.1
8660.0,14520.0,892.1
8680.0,14520.0,893.3
8700.0,14520.0,894.4
7300.0,14540.0,906.5
7320.0,14540.0,906.1
7340.0,14540.0,905.5
7360.0,14540.0,904.8
7380.0,14540.0,904.1
7400.0,14540.0,903.3
7420.0,14540.0,902.4
7440.0,14540.0,901.5
7460.0,14540.0,900.5
7480.0,14540.0,899.6
7500.0,14540.0,898.6
7520.0,14540.0,897.6
7540.0,14540.0,896.6
7560.0,14540.0,895.6
7580.0,14540.0,894.5
7600.0,14540.0,893.5
7620.0,14540.0,892.5
7640.0,14540.0,891.5
7660.0,14540.0,890.5
7680.0,14540.0,889.5
7700.0,14540.0,888.6
7720.0,14540.0,887.7
7740.0,14540.0,886.8
7760.0,14540.0,886.1
7780.0,14540.0,885.3
7800.0,14540.0,884.7
7820.0,14540.0,884.2
7840.0,14540.0,883.7
7860.0,14540.0,883.4
7880.0,14540.0,883.3
7900.0,14540.0,883.2
7920.0,14540.0,883.3
7940.0,14540.0,883.6
7960.0,14540.0,884.0
7980.0,14540.0,884.5
8000.0,14540.0,885.1
8020.0,14540.0,885.8
8040.0,14540.0,886.7
8060.0,14540.0,887.5
8080.0,14540.0,888.4
8100.0,14540.0,889.3
8120.0,14540.0,890.2
8140.0,14540.0,891.1
8160.0,14540.0,891.9
8180.0,14540.0,892.6
8200.0,14540.0,893.1
8220.0,14540.0,893.6
8240.0,14540.0,893.9
8260.0,14540.0,894.1
8280.0,14540.0,894.1
8300.0,14540.0,894.0
8320.0,14540.0,893.8
8340.0,14540.0,893.4
8360.0,14540.0,893.0
8380.0,14540.0,892.6
8400.0,14540.0,892.1
8420.0,14540.0,891.6
8440.0,14540.0,891.1
8460.0,14540.0,890.8
8480.0,14540.0,890.5
8500.0,14540.0,890.3
8520.0,14540.0,890.3
8540.0,14540.0,890.4
8560.0,14540.0,890.8
8580.0,14540.0,891.2
8600.0,14540.0,891.9
8620.0,14540.0,892.7
8640.0,14540.0,893.6
8660.0,14540.0,894.7
8680.0,14540.0,895.8
8700.0,14540.0,897.0
7300.0,14560.0,909.3
7320.0,14560.0,908.9
7340.0,14560.0,908.4
7360.0,14560.0,907.7
7380.0,14560.0,907.0
7400.0,14560.0,906.3
7420.0,14560.0,905.4
7440.0,14560.0,904.5
7460.0,14560.0,903.6
7480.0,14560.0,902.6
7500.0,14560.0,901.6
7520.0,14560.0,900.5
7540.0,14560.0,899.4
7560.0,14560.0,898.3
7580.0,14560.0,897.2
7600.0,14560.0,896.1
7620.0,14560.0,895.0
7640.0,14560.0,894.0
7660.0,14560.0,892.9
7680.0,14560.0,891.8
7700.0,14560.0,890.8
7720.0,14560.0,889.9
7740.0,14560.0,888.9
7760.0,14560.0,888.1
7780.0,14560.0,887.3
7800.0,14560.0,886.7
7820.0,14560.0,886.1
7840.0,14560.0,885.7
7860.0,14560.0,885.4
7880.0,14560.0,885.2
7900.0,14560.0,885.2
7920.0,14560.0,885.3
7940.0,14560.0,885.6
7960.0,14560.0,886.0
7980.0,14560.0,886.5
8000.0,14560.0,887.2
8020.0,14560.0,887.9
8040.0,14560.0,888.8
8060.0,14560.0,889.7
8080.0,14560.0,890.6
8100.0,14560.0,891.6
8120.0,14560.0,892.5
8140.0,14560.0,893.4
8160.0,14560.0,894.2
8180.0,14560.0,894.9
8200.0,14560.0,895.5
8220.0,14560.0,896.0
8240.0,14560.0,896.4
8260.0,14560.0,896.6
8280.0,14560.0,896.6
8300.0,14560.0,896.6
8320.0,14560.0,896.4
8340.0,14560.0,896.1
8360.0,14560.0,895.7
8380.0,14560.0,895.3
8400.0,14560.0,894.8
8420.0,14560.0,894.4
8440.0,14560.0,894.0
8460.0,14560.0,893.6
8480.0,14560.0,893.4
8500.0,14560.0,893.2
8520.0,14560.0,893.2
8540.0,14560.0,893.4
8560.0,14560.0,893.7
8580.0,14560.0,894.2
8600.0,14560.0,894.8
8620.0,14560.0,895.6
8640.0,14560.0,896.5
8660.0,14560.0,897.6
8680.0,14560.0,898.7
8700.0,14560.0,899.9
7300.0,14580.0,911.8
7320.0,14580.0,911.5
7340.0,14580.0,911.0
7360.0,14580.0,910.5
7380.0,14580.0,909.8
7400.0,14580.0,909.1
7420.0,14580.0,908.3
7440.0,14580.0,907.4
7460.0,14580.0,906.4
7480.0,14580.0,905.4
7500.0,14580.0,904.4
7520.0,14580.0,903.3
7540.0,14580.0,902.2
7560.0,14580.0,901.0
7580.0,14580.0,899.9
7600.0,14580.0,898.7
7620.0,14580.0,897.5
7640.0,14580.0,896.3
7660.0,14580.0,895.2
7680.0,14580.0,894.1
7700.0,14580.0,893.0
7720.0,14580.0,891.9
7740.0,14580.0,891.0
7760.0,14580.0,890.1
7780.0,14580.0,889.3
7800.0,14580.0,888.6
7820.0,14580.0,888.0
7840.0,14580.0,887.6
7860.0,14580.0,887.3
7880.0,14580.0,887.1
7900.0,14580.0,887.1
7920.0,14580.0,887.3
7940.0,14580.0,887.6
7960.0,14580.0,888.0
7980.0,14580.0,888.6
8000.0,14580.0,889.3
8020.0,14580.0,890.1
8040.0,14580.0,891.0
8060.0,14580.0,891.9
8080.0,14580.0,892.9
8100.0,14580.0,893.9
8120.0,14580.0,894.8
8140.0,14580.0,895.8
8160.0,14580.0,896.6
8180.0,14580.0,897.4
8200.0,14580.0,898.0
8220.0,14580.0,898.5
8240.0,14580.0,898.9
8260.0,14580.0,899.1
8280.0,14580.0,899.3
8300.0,14580.0,899.2
8320.0,14580.0,899.1
8340.0,14580.0,898.8
8360.0,14580.0,898.5
8380.0,14580.0,898.1
8400.0,14580.0,897.7
8420.0,14580.0,897.3
8440.0,14580.0,896.9
8460.0,14580.0,896.6
8480.0,14580.0,896.4
8500.0,14580.0,896.3
8520.0,14580.0,896.3
8540.0,14580.0,896.5
8560.0,14580.0,896.8
8580.0,14580.0,897.3
8600.0,14580.0,898.0
8620.0,14580.0,898.8
8640.0,14580.0,899.7
8660.0,14580.0,900.7
8680.0,14580.0,901.8
8700.0,14580.0,903.0
7300.0,14600.0,913.9
7320.0,14600.0,913.7
7340.0,14600.0,913.3
7360.0,14600.0,912.9
7380.0,14600.0,912.3
7400.0,14600.0,911.6
7420.0,14600.0,910.9
7440.0,14600.0,910.0
7460.0,14600.0,909.1
7480.0,14600.0,908.1
7500.0,14600.0,907.0
7520.0,14600.0,905.9
7540.0,14600.0,904.8
7560.0,14600.0,903.6
7580.0,14600.0,902.3
7600.0,14600.0,901.1
7620.0,14600.0,899.8
7640.0,14600.0,898.6
7660.0,14600.0,897.3
7680.0,14600.0,896.1
7700.0,14600.0,895.0
7720.0,14600.0,893.9
7740.0,14600.0,892.9
7760.0,14600.0,891.9
7780.0,14600.0,891.1
7800.0,14600.0,890.4
7820.0,14600.0,889.8
7840.0,14600.0,889.4
7860.0,14600.0,889.1
7880.0,14600.0,888.9
7900.0,14600.0,889.0
7920.0,14600.0,889.1
7940.0,14600.0,889.5
7960.0,14600.0,890.0
7980.0,14600.0,890.6
8000.0,14600.0,891.3
8020.0,14600.0,892.2
8040.0,14600.0,893.1
8060.0,14600.0,894.1
8080.0,14600.0,895.1
8100.0,14600.0,896.2
8120.0,14600.0,897.2
8140.0,14600.0,898.1
8160.0,14600.0,899.0
8180.0,14600.0,899.8
8200.0,14600.0,900.5
8220.0,14600.0,901.0
8240.0,14600.0,901.5
8260.0,14600.0,901.7
8280.0,14600.0,901.9
8300.0,14600.0,901.9
8320.0,14600.0,901.8
8340.0,14600.0,901.6
8360.0,14600.0,901.3
8380.0,14600.0,901.0
8400.0,14600.0,900.7
8420.0,14600.0,900.3
8440.0,14600.0,900.0
8460.0,14600.0,899.7
8480.0,14600.0,899.6
8500.0,14600.0,899.5
8520.0,14600.0,899.6
8540.0,14600.0,899.8
8560.0,14600.0,900.1
8580.0,14600.0,900.6
8600.0,14600.0,901.3
8620.0,14600.0,902.1
8640.0,14600.0,903.0
8660.0,14600.0,904.1
8680.0,14600.0,905.2
8700.0,14600.0,906.4
7300.0,14620.0,915.7
7320.0,14620.0,915.5
7340.0,14620.0,915.3
7360.0,14620.0,914.9
7380.0,14620.0,914.4
7400.0,14620.0,913.8
7420.0,14620.0,913.1
7440.0,14620.0,912.3
7460.0,14620.0,911.4
7480.0,14620.0,910.5
7500.0,14620.0,909.4
7520.0,14620.0,908.3
7540.0,14620.0,907.1
7560.0,14620.0,905.8
7580.0,14620.0,904.5
7600.0,14620.0,903.2
7620.0,14620.0,901.9
7640.0,14620.0,900.6
7660.0,14620.0,899.3
7680.0,14620.0,898.0
7700.0,14620.0,896.8
7720.0,14620.0,895.6
7740.0,14620.0,894.5
7760.0,14620.0,893.6
7780.0,14620.0,892.7
7800.0,14620.0,892.0
7820.0,14620.0,891.4
7840.0,14620.0,890.9
7860.0,14620.0,890.7
7880.0,14620.0,890.6
7900.0,14620.0,890.6
7920.0,14620.0,890.9
7940.0,14620.0,891.3
7960.0,14620.0,891.8
7980.0,14620.0,892.5
8000.0,14620.0,893.3
8020.0,14620.0,894.2
8040.0,14620.0,895.2
8060.0,14620.0,896.2
8080.0,14620.0,897.3
8100.0,14620.0,898.4
8120.0,14620.0,899.4
8140.0,14620.0,900.4
8160.0,14620.0,901.4
8180.0,14620.0,902.2
8200.0,14620.0,902.9
8220.0,14620.0,903.5
8240.0,14620.0,904.0
8260.0,14620.0,904.3
8280.0,14620.0,904.5
8300.0,14620.0,904.6
8320.0,14620.0,904.5
8340.0,14620.0,904.4
8360.0,14620.0,904.2
8380.0,14620.0,903.9
8400.0,14620.0,903.6
8420.0,14620.0,903.3
8440.0,14620.0,903.1
8460.0,14620.0,902.9
8480.0,14620.0,902.8
8500.0,14620.0,902.8
8520.0,14620.0,902.9
8540.0,14620.0,903.1
8560.0,14620.0,903.5
8580.0,14620.0,904.1
8600.0,14620.0,904.8
8620.0,14620.0,905.6
8640.0,14620.0,906.6
8660.0,14620.0,907.6
8680.0,14620.0,908.7
8700.0,14620.0,909.9
7300.0,14640.0,916.9
7320.0,14640.0,916.9
7340.0,14640.0,916.7
7360.0,14640.0,916.5
7380.0,14640.0,916.1
7400.0,14640.0,915.6
7420.0,14640.0,915.0
7440.0,14640.0,914.2
7460.0,14640.0,913.4
7480.0,14640.0,912.5
7500.0,14640.0,911.4
7520.0,14640.0,910.3
7540.0,14640.0,909.1
7560.0,14640.0,907.8
7580.0,14640.0,906.5
7600.0,14640.0,905.1
7620.0,14640.0,903.7
7640.0,14640.0,902.3
7660.0,14640.0,900.9
7680.0,14640.0,899.6
7700.0,14640.0,898.3
7720.0,14640.0,897.1
7740.0,14640.0,895.9
7760.0,14640.0,894.9
7780.0,14640.0,894.0
7800.0,14640.0,893.3
7820.0,14640.0,892.7
7840.0,14640.0,892.3
7860.0,14640.0,892.0
7880.0,14640.0,892.0
7900.0,14640.0,892.1
7920.0,14640.0,892.4
7940.0,14640.0,892.8
7960.0,14640.0,893.4
7980.0,14640.0,894.2
8000.0,14640.0,895.1
8020.0,14640.0,896.1
8040.0,14640.0,897.1
8060.0,14640.0,898.2
8080.0,14640.0,899.4
8100.0,14640.0,900.5
8120.0,14640.0,901.6
8140.0,14640.0,902.7
8160.0,14640.0,903.6
8180.0,14640.0,904.5
8200.0,14640.0,905.3
8220.0,14640.0,905.9
8240.0,14640.0,906.4
8260.0,14640.0,906.8
8280.0,14640.0,907.0
8300.0,14640.0,907.2
8320.0,14640.0,907.2
8340.0,14640.0,907.1
8360.0,14640.0,906.9
8380.0,14640.0,906.8
8400.0,14640.0,906.5
8420.0,14640.0,906.3
8440.0,14640.0,906.2
8460.0,14640.0,906.0
8480.0,14640.0,906.0
8500.0,14640.0,906.1
8520.0,14640.0,906.3
8540.0,14640.0,906.6
8560.0,14640.0,907.0
8580.0,14640.0,907.6
8600.0,14640.0,908.4
8620.0,14640.0,909.2
8640.0,14640.0,910.2
8660.0,14640.0,911.3
8680.0,14640.0,912.4
8700.0,14640.0,913.6
7300.0,14660.0,917.6
7320.0,14660.0,917.7
7340.0,14660.0,917.7
7360.0,14660.0,917.6
7380.0,14660.0,917.3
7400.0,14660.0,916.9
7420.0,14660.0,916.4
7440.0,14660.0,915.7
7460.0,14660.0,915.0
7480.0,14660.0,914.0
7500.0,14660.0,913.0
7520.0,14660.0,911.9
7540.0,14660.0,910.7
7560.0,14660.0,909.4
7580.0,14660.0,908.0
7600.0,14660.0,906.6
7620.0,14660.0,905.1
7640.0,14660.0,903.7
7660.0,14660.0,902.2
7680.0,14660.0,900.8
7700.0,14660.0,899.5
7720.0,14660.0,898.2
7740.0,14660.0,897.0
7760.0,14660.0,896.0
7780.0,14660.0,895.1
7800.0,14660.0,894.3
7820.0,14660.0,893.7
7840.0,14660.0,893.3
7860.0,14660.0,893.1
7880.0,14660.0,893.1
7900.0,14660.0,893.2
7920.0,14660.0,893.6
7940.0,14660.0,894.1
7960.0,14660.0,894.8
7980.0,14660.0,895.7
8000.0,14660.0,896.6
8020.0,14660.0,897.7
8040.0,14660.0,898.8
8060.0,14660.0,900.0
8080.0,14660.0,901.2
8100.0,14660.0,902.4
8120.0,14660.0,903.6
8140.0,14660.0,904.7
8160.0,14660.0,905.7
8180.0,14660.0,906.7
8200.0,14660.0,907.5
8220.0,14660.0,908.2
8240.0,14660.0,908.7
8260.0,14660.0,909.2
8280.0,14660.0,909.5
8300.0,14660.0,909.6
8320.0,14660.0,909.7
8340.0,14660.0,909.7
8360.0,14660.0,909.6
8380.0,14660.0,909.5
8400.0,14660.0,909.4
8420.0,14660.0,909.3
8440.0,14660.0,909.2
8460.0,14660.0,909.1
8480.0,14660.0,909.2
8500.0,14660.0,909.3
8520.0,14660.0,909.6
8540.0,14660.0,910.0
8560.0,14660.0,910.5
8580.0,14660.0,911.2
8600.0,14660.0,911.9
8620.0,14660.0,912.8
8640.0,14660.0,913.8
8660.0,14660.0,914.9
8680.0,14660.0,916.1
8700.0,14660.0,917.3
7300.0,14680.0,917.8
7320.0,14680.0,918.0
7340.0,14680.0,918.1
7360.0,14680.0,918.1
7380.0,14680.0,918.0
7400.0,14680.0,917.7
7420.0,14680.0,917.3
7440.0,14680.0,916.7
7460.0,14680.0,916.0
7480.0,14680.0,915.2
7500.0,14680.0,914.2
7520.0,14680.0,913.1
7540.0,14680.0,911.9
7560.0,14680.0,910.6
7580.0,14680.0,909.2
7600.0,14680.0,907.7
7620.0,14680.0,906.2
7640.0,14680.0,904.7
7660.0,14680.0,903.2
7680.0,14680.0,901.7
7700.0,14680.0,900.3
7720.0,14680.0,899.0
7740.0,14680.0,897.8
7760.0,14680.0,896.7
7780.0,14680.0,895.7
7800.0,14680.0,895.0
7820.0,14680.0,894.4
7840.0,14680.0,894.0
7860.0,14680.0,893.8
7880.0,14680.0,893.9
7900.0,14680.0,894.1
7920.0,14680.0,894.5
7940.0,14680.0,895.1
7960.0,14680.0,895.9
7980.0,14680.0,896.8
8000.0,14680.0,897.9
8020.0,14680.0,899.0
8040.0,14680.0,900.3
8060.0,14680.0,901.6
8080.0,14680.0,902.8
8100.0,14680.0,904.1
8120.0,14680.0,905.4
8140.0,14680.0,906.6
8160.0,14680.0,907.7
8180.0,14680.0,908.7
8200.0,14680.0,909.5
8220.0,14680.0,910.3
8240.0,14680.0,910.9
8260.0,14680.0,911.4
8280.0,14680.0,911.7
8300.0,14680.0,912.0
8320.0,14680.0,912.1
8340.0,14680.0,912.2
8360.0,14680.0,912.2
8380.0,14680.0,912.2
8400.0,14680.0,912.1
8420.0,14680.0,912.1
8440.0,14680.0,912.1
8460.0,14680.0,912.1
8480.0,14680.0,912.3
8500.0,14680.0,912.5
8520.0,14680.0,912.9
8540.0,14680.0,913.3
8560.0,14680.0,913.9
8580.0,14680.0,914.6
8600.0,14680.0,915.5
8620.0,14680.0,916.4
8640.0,14680.0,917.4
8660.0,14680.0,918.6
8680.0,14680.0,919.7
8700.0,14680.0,921.0
7300.0,14700.0,917.4
7320.0,14700.0,917.8
7340.0,14700.0,918.0
7360.0,14700.0,918.1
7380.0,14700.0,918.1
7400.0,14700.0,918.0
7420.0,14700.0,917.7
7440.0,14700.0,917.3
7460.0,14700.0,916.6
7480.0,14700.0,915.9
7500.0,14700.0,914.9
7520.0,14700.0,913.9
7540.0,14700.0,912.7
7560.0,14700.0,911.4
7580.0,14700.0,909.9
7600.0,14700.0,908.5
7620.0,14700.0,906.9
7640.0,14700.0,905.3
7660.0,14700.0,903.8
7680.0,14700.0,902.3
7700.0,14700.0,900.8
7720.0,14700.0,899.4
7740.0,14700.0,898.1
7760.0,14700.0,897.0
7780.0,14700.0,896.1
7800.0,14700.0,895.3
7820.0,14700.0,894.7
7840.0,14700.0,894.3
7860.0,14700.0,894.2
7880.0,14700.0,894.3
7900.0,14700.0,894.6
7920.0,14700.0,895.1
7940.0,14700.0,895.8
7960.0,14700.0,896.6
7980.0,14700.0,897.7
8000.0,14700.0,898.8
8020.0,14700.0,900.1
8040.0,14700.0,901.4
8060.0,14700.0,902.8
8080.0,14700.0,904.2
8100.0,14700.0,905.6
8120.0,14700.0,906.9
8140.0,14700.0,908.2
8160.0,14700.0,909.4
8180.0,14700.0,910.4
8200.0,14700.0,911.4
8220.0,14700.0,912.2
8240.0,14700.0,912.9
8260.0,14700.0,913.4
8280.0,14700.0,913.8
8300.0,14700.0,914.1
8320.0,14700.0,914.4
8340.0,14700.0,914.5
8360.0,14700.0,914.6
8380.0,14700.0,914.6
8400.0,14700.0,914.7
8420.0,14700.0,914.7
8440.0,14700.0,914.8
8460.0,14700.0,915.0
8480.0,14700.0,915.2
8500.0,14700.0,915.5
8520.0,14700.0,916.0
8540.0,14700.0,916.5
8560.0,14700.0,917.2
8580.0,14700.0,918.0
8600.0,14700.0,918.9
8620.0,14700.0,919.9
8640.0,14700.0,920.9
8660.0,14700.0,922.1
8680.0,14700.0,923.3
8700.0,14700.0,924.5
7300.0,14720.0,916.5
7320.0,14720.0,917.0
7340.0,14720.0,917.4
7360.0,14720.0,917.6
7380.0,14720.0,917.8
7400.0,14720.0,917.8
7420.0,14720.0,917.6
7440.0,14720.0,917.3
7460.0,14720.0,916.8
7480.0,14720.0,916.1
7500.0,14720.0,915.2
7520.0,14720.0,914.2
7540.0,14720.0,913.0
7560.0,14720.0,911.7
7580.0,14720.0,910.3
7600.0,14720.0,908.8
7620.0,14720.0,907.2
7640.0,14720.0,905.6
7660.0,14720.0,904.0
7680.0,14720.0,902.4
7700.0,14720.0,900.9
7720.0,14720.0,899.4
7740.0,14720.0,898.1
7760.0,14720.0,897.0
7780.0,14720.0,896.0
7800.0,14720.0,895.2
7820.0,14720.0,894.6
7840.0,14720.0,894.3
7860.0,14720.0,894.2
7880.0,14720.0,894.3
7900.0,14720.0,894.7
7920.0,14720.0,895.3
7940.0,14720.0,896.0
7960.0,14720.0,897.0
7980.0,14720.0,898.2
8000.0,14720.0,899.4
8020.0,14720.0,900.8
8040.0,14720.0,902.3
8060.0,14720.0,903.8
8080.0,14720.0,905.3
8100.0,14720.0,906.7
8120.0,14720.0,908.2
8140.0,14720.0,909.5
8160.0,14720.0,910.8
8180.0,14720.0,911.9
8200.0,14720.0,912.9
8220.0,14720.0,913.8
8240.0,14720.0,914.6
8260.0,14720.0,915.2
8280.0,14720.0,915.7
8300.0,14720.0,916.1
8320.0,14720.0,916.4
8340.0,14720.0,916.6
8360.0,14720.0,916.7
8380.0,14720.0,916.9
8400.0,14720.0,917.0
8420.0,14720.0,917.2
8440.0,14720.0,917.3
8460.0,14720.0,917.6
8480.0,14720.0,917.9
8500.0,14720.0,918.4
8520.0,14720.0,918.9
8540.0,14720.0,919.5
8560.0,14720.0,920.3
8580.0,14720.0,921.1
8600.0,14720.0,922.1
8620.0,14720.0,923.1
8640.0,14720.0,924.3
8660.0,14720.0,925.5
8680.0,14720.0,926.7
8700.0,14720.0,927.9
7300.0,14740.0,915.0
7320.0,14740.0,915.6
7340.0,14740.0,916.2
7360.0,14740.0,916.6
7380.0,14740.0,916.9
7400.0,14740.0,917.0
7420.0,14740.0,917.0
7440.0,14740.0,916.8
7460.0,14740.0,916.4
7480.0,14740.0,915.8
7500.0,14740.0,915.0
7520.0,14740.0,914.1
7540.0,14740.0,912.9
7560.0,14740.0,911.6
7580.0,14740.0,910.2
7600.0,14740.0,908.7
7620.0,14740.0,907.1
7640.0,14740.0,905.4
7660.0,14740.0,903.8
7680.0,14740.0,902.1
7700.0,14740.0,900.5
7720.0,14740.0,899.1
7740.0,14740.0,897.7
7760.0,14740.0,896.5
7780.0,14740.0,895.5
7800.0,14740.0,894.7
7820.0,14740.0,894.2
7840.0,14740.0,893.9
7860.0,14740.0,893.8
7880.0,14740.0,894.0
7900.0,14740.0,894.4
7920.0,14740.0,895.1
7940.0,14740.0,896.0
7960.0,14740.0,897.0
7980.0,14740.0,898.3
8000.0,14740.0,899.7
8020.0,14740.0,901.2
8040.0,14740.0,902.7
8060.0,14740.0,904.4
8080.0,14740.0,906.0
8100.0,14740.0,907.6
8120.0,14740.0,909.1
8140.0,14740.0,910.6
8160.0,14740.0,911.9
8180.0,14740.0,913.2
8200.0,14740.0,914.3
8220.0,14740.0,915.2
8240.0,14740.0,916.0
8260.0,14740.0,916.7
8280.0,14740.0,917.3
8300.0,14740.0,917.8
8320.0,14740.0,918.1
8340.0,14740.0,918.4
8360.0,14740.0,918.7
8380.0,14740.0,918.9
8400.0,14740.0,919.1
8420.0,14740.0,919.4
8440.0,14740.0,919.6
8460.0,14740.0,920.0
8480.0,14740.0,920.4
8500.0,14740.0,920.9
8520.0,14740.0,921.6
8540.0,14740.0,922.3
8560.0,14740.0,923.1
8580.0,14740.0,924.1
8600.0,14740.0,925.1
8620.0,14740.0,926.2
8640.0,14740.0,927.4
8660.0,14740.0,928.6
8680.0,14740.0,929.8
8700.0,14740.0,931.1
7300.0,14760.0,913.1
7320.0,14760.0,913.9
7340.0,14760.0,914.6
7360.0,14760.0,915.1
7380.0,14760.0,915.6
7400.0,14760.0,915.9
7420.0,14760.0,916.0
7440.0,14760.0,915.9
7460.0,14760.0,915.6
7480.0,14760.0,915.1
7500.0,14760.0,914.4
7520.0,14760.0,913.5
7540.0,14760.0,912.4
7560.0,14760.0,911.1
7580.0,14760.0,909.7
7600.0,14760.0,908.2
7620.0,14760.0,906.6
7640.0,14760.0,904.9
7660.0,14760.0,903.2
7680.0,14760.0,901.5
7700.0,14760.0,899.9
7720.0,14760.0,898.3
7740.0,14760.0,896.9
7760.0,14760.0,895.7
7780.0,14760.0,894.7
7800.0,14760.0,893.9
7820.0,14760.0,893.4
7840.0,14760.0,893.1
7860.0,14760.0,893.0
7880.0,14760.0,893.3
7900.0,14760.0,893.8
7920.0,14760.0,894.5
7940.0,14760.0,895.5
7960.0,14760.0,896.7
7980.0,14760.0,898.1
8000.0,14760.0,899.6
8020.0,14760.0,901.2
8040.0,14760.0,902.9
8060.0,14760.0,904.6
8080.0,14760.0,906.4
8100.0,14760.0,908.1
8120.0,14760.0,909.7
8140.0,14760.0,911.3
8160.0,14760.0,912.8
8180.0,14760.0,914.1
8200.0,14760.0,915.3
8220.0,14760.0,916.3
8240.0,14760.0,917.2
8260.0,14760.0,918.0
8280.0,14760.0,918.7
8300.0,14760.0,919.2
8320.0,14760.0,919.6
8340.0,14760.0,920.0
8360.0,14760.0,920.3
8380.0,14760.0,920.6
8400.0,14760.0,921.0
8420.0,14760.0,921.3
8440.0,14760.0,921.7
8460.0,14760.0,922.1
8480.0,14760.0,922.6
8500.0,14760.0,923.3
8520.0,14760.0,924.0
8540.0,14760.0,924.8
8560.0,14760.0,925.7
8580.0,14760.0,926.7
8600.0,14760.0,927.8
8620.0,14760.0,929.0
8640.0,14760.0,930.2
8660.0,14760.0,931.4
8680.0,14760.0,932.7
8700.0,14760.0,933.9
7300.0,14780.0,910.8
7320.0,14780.0,911.7
7340.0,14780.0,912.5
7360.0,14780.0,913.2
7380.0,14780.0,913.8
7400.0,14780.0,914.3
7420.0,14780.0,914.5
7440.0,14780.0,914.6
7460.0,14780.0,914.4
7480.0,14780.0,914.0
7500.0,14780.0,913.4
7520.0,14780.0,912.6
7540.0,14780.0,911.5
7560.0,14780.0,910.3
7580.0,14780.0,908.9
7600.0,14780.0,907.4
7620.0,14780.0,905.7
7640.0,14780.0,904.0
7660.0,14780.0,902.3
7680.0,14780.0,900.5
7700.0,14780.0,898.9
7720.0,14780.0,897.3
7740.0,14780.0,895.9
7760.0,14780.0,894.6
7780.0,14780.0,893.6
7800.0,14780.0,892.8
7820.0,14780.0,892.2
7840.0,14780.0,891.9
7860.0,14780.0,891.9
7880.0,14780.0,892.2
7900.0,14780.0,892.8
7920.0,14780.0,893.6
7940.0,14780.0,894.7
7960.0,14780.0,896.0
7980.0,14780.0,897.5
8000.0,14780.0,899.1
8020.0,14780.0,900.9
8040.0,14780.0,902.7
8060.0,14780.0,904.6
8080.0,14780.0,906.4
8100.0,14780.0,908.3
8120.0,14780.0,910.1
8140.0,14780.0,911.7
8160.0,14780.0,913.3
8180.0,14780.0,914.7
8200.0,14780.0,916.0
8220.0,14780.0,917.2
8240.0,14780.0,918.2
8260.0,14780.0,919.0
8280.0,14780.0,919.8
8300.0,14780.0,920.4
8320.0,14780.0,920.9
8340.0,14780.0,921.3
8360.0,14780.0,921.7
8380.0,14780.0,922.1
8400.0,14780.0,922.5
8420.0,14780.0,922.9
8440.0,14780.0,923.4
8460.0,14780.0,923.9
8480.0,14780.0,924.6
8500.0,14780.0,925.3
8520.0,14780.0,926.1
8540.0,14780.0,927.0
8560.0,14780.0,927.9
8580.0,14780.0,929.0
8600.0,14780.0,930.2
8620.0,14780.0,931.4
8640.0,14780.0,932.6
8660.0,14780.0,933.9
8680.0,14780.0,935.2
8700.0,14780.0,936.5
7300.0,14800.0,908.1
7320.0,14800.0,909.2
7340.0,14800.0,910.1
7360.0,14800.0,911.0
7380.0,14800.0,911.7
7400.0,14800.0,912.3
7420.0,14800.0,912.7
7440.0,14800.0,912.9
7460.0,14800.0,912.9
7480.0,14800.0,912.6
7500.0,14800.0,912.1
7520.0,14800.0,911.3
7540.0,14800.0,910.3
7560.0,14800.0,909.1
7580.0,14800.0,907.8
7600.0,14800.0,906.2
7620.0,14800.0,904.6
7640.0,14800.0,902.8
7660.0,14800.0,901.1
7680.0,14800.0,899.3
7700.0,14800.0,897.6
7720.0,14800.0,896.0
7740.0,14800.0,894.5
7760.0,14800.0,893.2
7780.0,14800.0,892.1
7800.0,14800.0,891.3
7820.0,14800.0,890.8
7840.0,14800.0,890.5
7860.0,14800.0,890.5
7880.0,14800.0,890.9
7900.0,14800.0,891.5
7920.0,14800.0,892.4
7940.0,14800.0,893.6
7960.0,14800.0,895.0
7980.0,14800.0,896.6
8000.0,14800.0,898.3
8020.0,14800.0,900.2
8040.0,14800.0,902.2
8060.0,14800.0,904.2
8080.0,14800.0,906.2
8100.0,14800.0,908.2
8120.0,14800.0,910.1
8140.0,14800.0,911.9
8160.0,14800.0,913.5
8180.0,14800.0,915.1
8200.0,14800.0,916.5
8220.0,14800.0,917.7
8240.0,14800.0,918.8
8260.0,14800.0,919.8
8280.0,14800.0,920.6
8300.0,14800.0,921.3
8320.0,14800.0,921.9
8340.0,14800.0,922.4
8360.0,14800.0,922.9
8380.0,14800.0,923.3
8400.0,14800.0,923.8
8420.0,14800.0,924.3
8440.0,14800.0,924.9
8460.0,14800.0,925.5
8480.0,14800.0,926.2
8500.0,14800.0,926.9
8520.0,14800.0,927.8
8540.0,14800.0,928.8
8560.0,14800.0,929.8
8580.0,14800.0,931.0
8600.0,14800.0,932.2
8620.0,14800.0,933.4
8640.0,14800.0,934.7
8660.0,14800.0,936.0
8680.0,14800.0,937.3
8700.0,14800.0,938.6
7300.0,14820.0,905.2
7320.0,14820.0,906.4
7340.0,14820.0,907.5
7360.0,14820.0,908.5
7380.0,14820.0,909.4
7400.0,14820.0,910.1
7420.0,14820.0,910.6
7440.0,14820.0,911.0
7460.0,14820.0,911.0
7480.0,14820.0,910.9
7500.0,14820.0,910.4
7520.0,14820.0,909.8
7540.0,14820.0,908.8
7560.0,14820.0,907.7
7580.0,14820.0,906.4
7600.0,14820.0,904.8
7620.0,14820.0,903.2
7640.0,14820.0,901.4
7660.0,14820.0,899.6
7680.0,14820.0,897.8
7700.0,14820.0,896.1
7720.0,14820.0,894.4
7740.0,14820.0,892.9
7760.0,14820.0,891.6
7780.0,14820.0,890.5
7800.0,14820.0,889.6
7820.0,14820.0,889.1
7840.0,14820.0,888.8
7860.0,14820.0,888.9
7880.0,14820.0,889.3
7900.0,14820.0,890.0
7920.0,14820.0,890.9
7940.0,14820.0,892.2
7960.0,14820.0,893.7
7980.0,14820.0,895.4
8000.0,14820.0,897.3
8020.0,14820.0,899.3
8040.0,14820.0,901.4
8060.0,14820.0,903.5
8080.0,14820.0,905.6
8100.0,14820.0,907.7
8120.0,14820.0,909.8
8140.0,14820.0,911.7
8160.0,14820.0,913.5
8180.0,14820.0,915.2
8200.0,14820.0,916.7
8220.0,14820.0,918.0
8240.0,14820.0,919.2
8260.0,14820.0,920.2
8280.0,14820.0,921.1
8300.0,14820.0,921.9
8320.0,14820.0,922.6
8340.0,14820.0,923.2
8360.0,14820.0,923.7
8380.0,14820.0,924.3
8400.0,14820.0,924.8
8420.0,14820.0,925.4
8440.0,14820.0,926.0
8460.0,14820.0,926.7
8480.0,14820.0,927.4
8500.0,14820.0,928.3
8520.0,14820.0,929.2
8540.0,14820.0,930.3
8560.0,14820.0,931.4
8580.0,14820.0,932.6
8600.0,14820.0,933.8
8620.0,14820.0,935.1
8640.0,14820.0,936.4
8660.0,14820.0,937.8
8680.0,14820.0,939.1
8700.0,14820.0,940.4
7300.0,14840.0,902.2
7320.0,14840.0,903.5
7340.0,14840.0,904.7
7360.0,14840.0,905.8
7380.0,14840.0,906.9
7400.0,14840.0,907.7
7420.0,14840.0,908.4
7440.0,14840.0,908.8
7460.0,14840.0,909.0
7480.0,14840.0,909.0
7500.0,14840.0,908.6
7520.0,14840.0,908.0
7540.0,14840.0,907.2
7560.0,14840.0,906.1
7580.0,14840.0,904.8
7600.0,14840.0,903.3
7620.0,14840.0,901.6
7640.0,14840.0,899.8
7660.0,14840.0,898.0
7680.0,14840.0,896.2
7700.0,14840.0,894.4
7720.0,14840.0,892.7
7740.0,14840.0,891.2
7760.0,14840.0,889.8
7780.0,14840.0,888.7
7800.0,14840.0,887.8
7820.0,14840.0,887.2
7840.0,14840.0,887.0
7860.0,14840.0,887.1
7880.0,14840.0,887.5
7900.0,14840.0,888.2
7920.0,14840.0,889.2
7940.0,14840.0,890.6
7960.0,14840.0,892.2
7980.0,14840.0,894.0
8000.0,14840.0,896.0
8020.0,14840.0,898.1
8040.0,14840.0,900.3
8060.0,14840.0,902.6
8080.0,14840.0,904.8
8100.0,14840.0,907.1
8120.0,14840.0,909.2
8140.0,14840.0,911.3
8160.0,14840.0,913.2
8180.0,14840.0,915.0
8200.0,14840.0,916.6
8220.0,14840.0,918.1
8240.0,14840.0,919.3
8260.0,14840.0,920.4
8280.0,14840.0,921.4
8300.0,14840.0,922.3
8320.0,14840.0,923.0
8340.0,14840.0,923.7
8360.0,14840.0,924.3
8380.0,14840.0,924.9
8400.0,14840.0,925.5
8420.0,14840.0,926.2
8440.0,14840.0,926.9
8460.0,14840.0,927.6
8480.0,14840.0,928.4
8500.0,14840.0,929.3
8520.0,14840.0,930.3
8540.0,14840.0,931.4
8560.0,14840.0,932.6
8580.0,14840.0,933.8
8600.0,14840.0,935.1
8620.0,14840.0,936.4
8640.0,14840.0,937.7
8660.0,14840.0,939.1
8680.0,14840.0,940.4
8700.0,14840.0,941.7
7300.0,14860.0,899.1
7320.0,14860.0,900.5
7340.0,14860.0,901.9
7360.0,14860.0,903.1
7380.0,14860.0,904.3
7400.0,14860.0,905.2
7420.0,14860.0,906.0
7440.0,14860.0,906.6
7460.0,14860.0,906.9
7480.0,14860.0,906.9
7500.0,14860.0,906.7
7520.0,14860.0,906.2
7540.0,14860.0,905.4
7560.0,14860.0,904.3
7580.0,14860.0,903.1
7600.0,14860.0,901.6
7620.0,14860.0,899.9
7640.0,14860.0,898.1
7660.0,14860.0,896.3
7680.0,14860.0,894.4
7700.0,14860.0,892.6
7720.0,14860.0,890.9
7740.0,14860.0,889.3
7760.0,14860.0,887.9
7780.0,14860.0,886.7
7800.0,14860.0,885.9
7820.0,14860.0,885.3
7840.0,14860.0,885.0
7860.0,14860.0,885.1
7880.0,14860.0,885.5
7900.0,14860.0,886.3
7920.0,14860.0,887.4
7940.0,14860.0,888.8
7960.0,14860.0,890.5
7980.0,14860.0,892.4
8000.0,14860.0,894.5
8020.0,14860.0,896.7
8040.0,14860.0,899.0
8060.0,14860.0,901.4
8080.0,14860.0,903.8
8100.0,14860.0,906.2
8120.0,14860.0,908.5
8140.0,14860.0,910.7
8160.0,14860.0,912.7
8180.0,14860.0,914.6
8200.0,14860.0,916.3
8220.0,14860.0,917.9
8240.0,14860.0,919.2
8260.0,14860.0,920.4
8280.0,14860.0,921.5
8300.0,14860.0,922.4
8320.0,14860.0,923.3
8340.0,14860.0,924.0
8360.0,14860.0,924.7
8380.0,14860.0,925.4
8400.0,14860.0,926.0
8420.0,14860.0,926.7
8440.0,14860.0,927.4
8460.0,14860.0,928.2
8480.0,14860.0,929.1
8500.0,14860.0,930.1
8520.0,14860.0,931.1
8540.0,14860.0,932.2
8560.0,14860.0,933.4
8580.0,14860.0,934.7
8600.0,14860.0,936.0
8620.0,14860.0,937.3
8640.0,14860.0,938.7
8660.0,14860.0,940.0
8680.0,14860.0,941.3
8700.0,14860.0,942.6
7300.0,14880.0,896.1
7320.0,14880.0,897.6
7340.0,14880.0,899.0
7360.0,14880.0,900.4
7380.0,14880.0,901.7
7400.0,14880.0,902.8
7420.0,14880.0,903.7
7440.0,14880.0,904.3
7460.0,14880.0,904.7
7480.0,14880.0,904.9
7500.0,14880.0,904.7
7520.0,14880.0,904.3
7540.0,14880.0,903.5
7560.0,14880.0,902.5
7580.0,14880.0,901.3
7600.0,14880.0,899.8
7620.0,14880.0,898.2
7640.0,14880.0,896.4
7660.0,14880.0,894.5
7680.0,14880.0,892.7
7700.0,14880.0,890.8
7720.0,14880.0,889.0
7740.0,14880.0,887.4
7760.0,14880.0,886.0
7780.0,14880.0,884.8
7800.0,14880.0,883.9
7820.0,14880.0,883.3
7840.0,14880.0,883.0
7860.0,14880.0,883.1
7880.0,14880.0,883.5
7900.0,14880.0,884.3
7920.0,14880.0,885.5
7940.0,14880.0,886.9
7960.0,14880.0,888.7
7980.0,14880.0,890.6
8000.0,14880.0,892.8
8020.0,14880.0,895.2
8040.0,14880.0,897.6
8060.0,14880.0,900.1
8080.0,14880.0,902.6
8100.0,14880.0,905.1
8120.0,14880.0,907.5
8140.0,14880.0,909.8
8160.0,14880.0,912.0
8180.0,14880.0,914.0
8200.0,14880.0,915.8
8220.0,14880.0,917.5
8240.0,14880.0,919.0
8260.0,14880.0,920.3
8280.0,14880.0,921.4
8300.0,14880.0,922.4
8320.0,14880.0,923.3
8340.0,14880.0,924.1
8360.0,14880.0,924.9
8380.0,14880.0,925.6
8400.0,14880.0,926.3
8420.0,14880.0,927.0
8440.0,14880.0,927.8
8460.0,14880.0,928.6
8480.0,14880.0,929.5
8500.0,14880.0,930.5
8520.0,14880.0,931.6
8540.0,14880.0,932.7
8560.0,14880.0,933.9
8580.0,14880.0,935.2
8600.0,14880.0,936.5
8620.0,14880.0,937.8
8640.0,14880.0,939.2
8660.0,14880.0,940.5
8680.0,14880.0,941.8
8700.0,14880.0,943.0
7300.0,14900.0,893.3
7320.0,14900.0,894.8
7340.0,14900.0,896.4
7360.0,14900.0,897.8
7380.0,14900.0,899.2
7400.0,14900.0,900.4
7420.0,14900.0,901.3
7440.0,14900.0,902.1
7460.0,14900.0,902.6
7480.0,14900.0,902.8
7500.0,14900.0,902.8
7520.0,14900.0,902.4
7540.0,14900.0,901.7
7560.0,14900.0,900.8
7580.0,14900.0,899.5
7600.0,14900.0,898.1
7620.0,14900.0,896.5
7640.0,14900.0,894.7
7660.0,14900.0,892.8
7680.0,14900.0,890.9
7700.0,14900.0,889.0
7720.0,14900.0,887.2
7740.0,14900.0,885.5
7760.0,14900.0,884.1
7780.0,14900.0,882.8
7800.0,14900.0,881.9
7820.0,14900.0,881.3
7840.0,14900.0,881.0
7860.0,14900.0,881.1
7880.0,14900.0,881.5
7900.0,14900.0,882.4
7920.0,14900.0,883.5
7940.0,14900.0,885.0
7960.0,14900.0,886.8
7980.0,14900.0,888.9
8000.0,14900.0,891.1
8020.0,14900.0,893.6
8040.0,14900.0,896.1
8060.0,14900.0,898.7
8080.0,14900.0,901.3
8100.0,14900.0,903.9
8120.0,14900.0,906.5
8140.0,14900.0,908.9
8160.0,14900.0,911.2
8180.0,14900.0,913.3
8200.0,14900.0,915.2
8220.0,14900.0,917.0
8240.0,14900.0,918.5
8260.0,14900.0,919.9
8280.0,14900.0,921.1
8300.0,14900.0,922.2
8320.0,14900.0,923.2
8340.0,14900.0,924.0
8360.0,14900.0,924.8
8380.0,14900.0,925.6
8400.0,14900.0,926.3
8420.0,14900.0,927.1
8440.0,14900.0,927.9
8460.0,14900.0,928.8
8480.0,14900.0,929.7
8500.0,14900.0,930.7
8520.0,14900.0,931.8
8540.0,14900.0,932.9
8560.0,14900.0,934.1
8580.0,14900.0,935.4
8600.0,14900.0,936.7
8620.0,14900.0,938.0
8640.0,14900.0,939.3
8660.0,14900.0,940.6
8680.0,14900.0,941.9
8700.0,14900.0,943.1
7300.0,14920.0,890.7
7320.0,14920.0,892.3
7340.0,14920.0,893.9
7360.0,14920.0,895.4
7380.0,14920.0,896.9
7400.0,14920.0,898.1
7420.0,14920.0,899.2
7440.0,14920.0,900.0
7460.0,14920.0,900.6
7480.0,14920.0,900.9
7500.0,14920.0,900.9
7520.0,14920.0,900.6
7540.0,14920.0,900.0
7560.0,14920.0,899.1
7580.0,14920.0,897.9
7600.0,14920.0,896.4
7620.0,14920.0,894.8
7640.0,14920.0,893.0
7660.0,14920.0,891.1
7680.0,14920.0,889.2
7700.0,14920.0,887.3
7720.0,14920.0,885.5
7740.0,14920.0,883.8
7760.0,14920.0,882.3
7780.0,14920.0,881.0
7800.0,14920.0,880.0
7820.0,14920.0,879.4
7840.0,14920.0,879.1
7860.0,14920.0,879.1
7880.0,14920.0,879.6
7900.0,14920.0,880.4
7920.0,14920.0,881.6
7940.0,14920.0,883.1
7960.0,14920.0,885.0
7980.0,14920.0,887.1
8000.0,14920.0,889.4
8020.0,14920.0,891.9
8040.0,14920.0,894.5
8060.0,14920.0,897.3
8080.0,14920.0,900.0
8100.0,14920.0,902.7
8120.0,14920.0,905.3
8140.0,14920.0,907.8
8160.0,14920.0,910.2
8180.0,14920.0,912.4
8200.0,14920.0,914.5
8220.0,14920.0,916.3
8240.0,14920.0,918.0
8260.0,14920.0,919.5
8280.0,14920.0,920.7
8300.0,14920.0,921.9
8320.0,14920.0,922.9
8340.0,14920.0,923.8
8360.0,14920.0,924.7
8380.0,14920.0,925.5
8400.0,14920.0,926.3
8420.0,14920.0,927.0
8440.0,14920.0,927.9
8460.0,14920.0,928.7
8480.0,14920.0,929.6
8500.0,14920.0,930.6
8520.0,14920.0,931.7
8540.0,14920.0,932.8
8560.0,14920.0,934.0
8580.0,14920.0,935.3
8600.0,14920.0,936.6
8620.0,14920.0,937.9
8640.0,14920.0,939.2
8660.0,14920.0,940.4
8680.0,14920.0,941.7
8700.0,14920.0,942.9
7300.0,14940.0,888.4
7320.0,14940.0,890.1
7340.0,14940.0,891.7
7360.0,14940.0,893.3
7380.0,14940.0,894.8
7400.0,14940.0,896.1
7420.0,14940.0,897.3
7440.0,14940.0,898.2
7460.0,14940.0,898.8
7480.0,14940.0,899.2
7500.0,14940.0,899.2
7520.0,14940.0,899.0
7540.0,14940.0,898.4
7560.0,14940.0,897.5
7580.0,14940.0,896.3
7600.0,14940.0,894.9
7620.0,14940.0,893.3
7640.0,14940.0,891.5
7660.0,14940.0,889.6
7680.0,14940.0,887.7
7700.0,14940.0,885.8
7720.0,14940.0,883.9
7740.0,14940.0,882.2
7760.0,14940.0,880.6
7780.0,14940.0,879.3
7800.0,14940.0,878.3
7820.0,14940.0,877.6
7840.0,14940.0,877.3
7860.0,14940.0,877.3
7880.0,14940.0,877.8
7900.0,14940.0,878.6
7920.0,14940.0,879.8
7940.0,14940.0,881.3
7960.0,14940.0,883.2
7980.0,14940.0,885.4
8000.0,14940.0,887.7
8020.0,14940.0,890.3
8040.0,14940.0,893.0
8060.0,14940.0,895.8
8080.0,14940.0,898.6
8100.0,14940.0,901.4
8120.0,14940.0,904.1
8140.0,14940.0,906.7
8160.0,14940.0,909.2
8180.0,14940.0,911.5
8200.0,14940.0,913.7
8220.0,14940.0,915.6
8240.0,14940.0,917.4
8260.0,14940.0,918.9
8280.0,14940.0,920.3
8300.0,14940.0,921.5
8320.0,14940.0,922.6
8340.0,14940.0,923.5
8360.0,14940.0,924.4
8380.0,14940.0,925.2
8400.0,14940.0,926.0
8420.0,14940.0,926.8
8440.0,14940.0,927.7
8460.0,14940.0,928.5
8480.0,14940.0,929.4
8500.0,14940.0,930.4
8520.0,14940.0,931.5
8540.0,14940.0,932.6
8560.0,14940.0,933.7
8580.0,14940.0,934.9
8600.0,14940.0,936.2
8620.0,14940.0,937.4
8640.0,14940.0,938.7
8660.0,14940.0,939.9
8680.0,14940.0,941.1
8700.0,14940.0,942.3
7300.0,14960.0,886.6
7320.0,14960.0,888.3
7340.0,14960.0,889.9
7360.0,14960.0,891.6
7380.0,14960.0,893.1
7400.0,14960.0,894.5
7420.0,14960.0,895.6
7440.0,14960.0,896.6
7460.0,14960.0,897.3
7480.0,14960.0,897.7
7500.0,14960.0,897.8
7520.0,14960.0,897.5
7540.0,14960.0,897.0
7560.0,14960.0,896.1
7580.0,14960.0,895.0
7600.0,14960.0,893.6
7620.0,14960.0,892.0
7640.0,14960.0,890.2
7660.0,14960.0,888.3
7680.0,14960.0,886.3
7700.0,14960.0,884.4
7720.0,14960.0,882.5
7740.0,14960.0,880.7
7760.0,14960.0,879.2
7780.0,14960.0,877.8
7800.0,14960.0,876.8
7820.0,14960.0,876.1
7840.0,14960.0,875.7
7860.0,14960.0,875.7
7880.0,14960.0,876.2
7900.0,14960.0,877.0
7920.0,14960.0,878.2
7940.0,14960.0,879.7
7960.0,14960.0,881.6
7980.0,14960.0,883.8
8000.0,14960.0,886.2
8020.0,14960.0,888.8
8040.0,14960.0,891.5
8060.0,14960.0,894.4
8080.0,14960.0,897.3
8100.0,14960.0,900.1
8120.0,14960.0,902.9
8140.0,14960.0,905.7
8160.0,14960.0,908.2
8180.0,14960.0,910.6
8200.0,14960.0,912.8
8220.0,14960.0,914.9
8240.0,14960.0,916.7
8260.0,14960.0,918.3
8280.0,14960.0,919.8
8300.0,14960.0,921.0
8320.0,14960.0,922.2
8340.0,14960.0,923.2
8360.0,14960.0,924.1
8380.0,14960.0,924.9
8400.0,14960.0,925.8
8420.0,14960.0,926.6
8440.0,14960.0,927.4
8460.0,14960.0,928.2
8480.0,14960.0,929.1
8500.0,14960.0,930.1
8520.0,14960.0,931.1
8540.0,14960.0,932.1
8560.0,14960.0,933.2
8580.0,14960.0,934.4
8600.0,14960.0,935.6
8620.0,14960.0,936.8
8640.0,14960.0,938.0
8660.0,14960.0,939.1
8680.0,14960.0,940.3
8700.0,14960.0,941.4
7300.0,14980.0,885.2
7320.0,14980.0,886.9
7340.0,14980.0,888.6
7360.0,14980.0,890.2
7380.0,14980.0,891.7
7400.0,14980.0,893.1
7420.0,14980.0,894.4
7440.0,14980.0,895.3
7460.0,14980.0,896.0
7480.0,14980.0,896.5
7500.0,14980.0,896.6
7520.0,14980.0,896.4
7540.0,14980.0,895.8
7560.0,14980.0,895.0
7580.0,14980.0,893.9
7600.0,14980.0,892.5
7620.0,14980.0,890.9
7640.0,14980.0,889.1
7660.0,14980.0,887.2
7680.0,14980.0,885.2
7700.0,14980.0,883.2
7720.0,14980.0,881.3
7740.0,14980.0,879.5
7760.0,14980.0,877.9
7780.0,14980.0,876.6
7800.0,14980.0,875.5
7820.0,14980.0,874.7
7840.0,14980.0,874.4
7860.0,14980.0,874.4
7880.0,14980.0,874.8
7900.0,14980.0,875.5
7920.0,14980.0,876.7
7940.0,14980.0,878.3
7960.0,14980.0,880.1
7980.0,14980.0,882.3
8000.0,14980.0,884.8
8020.0,14980.0,887.4
8040.0,14980.0,890.2
8060.0,14980.0,893.1
8080.0,14980.0,896.0
8100.0,14980.0,898.9
8120.0,14980.0,901.8
8140.0,14980.0,904.6
8160.0,14980.0,907.2
8180.0,14980.0,909.7
8200.0,14980.0,912.0
8220.0,14980.0,914.1
8240.0,14980.0,916.0
8260.0,14980.0,917.7
8280.0,14980.0,919.2
8300.0,14980.0,920.6
8320.0,14980.0,921.7
8340.0,14980.0,922.8
8360.0,14980.0,923.7
8380.0,14980.0,924.6
8400.0,14980.0,925.4
8420.0,14980.0,926.2
8440.0,14980.0,927.0
8460.0,14980.0,927.8
8480.0,14980.0,928.7
8500.0,14980.0,929.6
8520.0,14980.0,930.6
8540.0,14980.0,931.6
8560.0,14980.0,932.6
8580.0,14980.0,933.7
8600.0,14980.0,934.8
8620.0,14980.0,935.9
8640.0,14980.0,937.0
8660.0,14980.0,938.1
8680.0,14980.0,939.2
8700.0,14980.0,940.2
7300.0,15000.0,884.3
7320.0,15000.0,886.0
7340.0,15000.0,887.6
7360.0,15000.0,889.3
7380.0,15000.0,890.8
7400.0,15000.0,892.2
7420.0,15000.0,893.4
7440.0,15000.0,894.4
7460.0,15000.0,895.1
7480.0,15000.0,895.5
7500.0,15000.0,895.7
7520.0,15000.0,895.5
7540.0,15000.0,894.9
7560.0,15000.0,894.1
7580.0,15000.0,893.0
7600.0,15000.0,891.6
7620.0,15000.0,890.0
7640.0,15000.0,888.2
7660.0,15000.0,886.3
7680.0,15000.0,884.3
7700.0,15000.0,882.3
7720.0,15000.0,880.4
7740.0,15000.0,878.6
7760.0,15000.0,877.0
7780.0,15000.0,875.6
7800.0,15000.0,874.5
7820.0,15000.0,873.7
7840.0,15000.0,873.3
7860.0,15000.0,873.2
7880.0,15000.0,873.6
7900.0,15000.0,874.4
7920.0,15000.0,875.5
7940.0,15000.0,877.1
7960.0,15000.0,878.9
7980.0,15000.0,881.1
8000.0,15000.0,883.5
8020.0,15000.0,886.2
8040.0,15000.0,889.0
8060.0,15000.0,891.9
8080.0,15000.0,894.9
8100.0,15000.0,897.9
8120.0,15000.0,900.8
8140.0,15000.0,903.6
8160.0,15000.0,906.3
8180.0,15000.0,908.9
8200.0,15000.0,911.3
8220.0,15000.0,913.4
8240.0,15000.0,915.4
8260.0,15000.0,917.1
8280.0,15000.0,918.7
8300.0,15000.0,920.1
8320.0,15000.0,921.3
8340.0,15000.0,922.4
8360.0,15000.0,923.4
8380.0,15000.0,924.2
8400.0,15000.0,925.1
8420.0,15000.0,925.9
8440.0,15000.0,926.6
8460.0,15000.0,927.4
8480.0,15000.0,928.2
8500.0,15000.0,929.1
8520.0,15000.0,930.0
8540.0,15000.0,930.9
8560.0,15000.0,931.9
8580.0,15000.0,932.9
8600.0,15000.0,933.9
8620.0,15000.0,934.9
8640.0,15000.0,936.0
8660.0,15000.0,937.0
8680.0,15000.0,937.9
8700.0,15000.0,938.9
7300.0,15020.0,883.9
7320.0,15020.0,885.5
7340.0,15020.0,887.2
7360.0,15020.0,888.8
7380.0,15020.0,890.3
7400.0,15020.0,891.7
7420.0,15020.0,892.9
7440.0,15020.0,893.8
7460.0,15020.0,894.5
7480.0,15020.0,895.0
7500.0,15020.0,895.1
7520.0,15020.0,894.9
7540.0,15020.0,894.3
7560.0,15020.0,893.5
7580.0,15020.0,892.4
7600.0,15020.0,891.0
7620.0,15020.0,889.4
7640.0,15020.0,887.6
7660.0,15020.0,885.7
7680.0,15020.0,883.7
7700.0,15020.0,881.7
7720.0,15020.0,879.8
7740.0,15020.0,878.0
7760.0,15020.0,876.3
7780.0,15020.0,874.9
7800.0,15020.0,873.8
7820.0,15020.0,873.0
7840.0,15020.0,872.5
7860.0,15020.0,872.4
7880.0,15020.0,872.8
7900.0,15020.0,873.5
7920.0,15020.0,874.6
7940.0,15020.0,876.1
7960.0,15020.0,878.0
7980.0,15020.0,880.1
8000.0,15020.0,882.5
8020.0,15020.0,885.2
8040.0,15020.0,888.0
8060.0,15020.0,890.9
8080.0,15020.0,893.9
8100.0,15020.0,896.9
8120.0,15020.0,899.9
8140.0,15020.0,902.8
8160.0,15020.0,905.5
8180.0,15020.0,908.1
8200.0,15020.0,910.6
8220.0,15020.0,912.8
8240.0,15020.0,914.8
8260.0,15020.0,916.6
8280.0,15020.0,918.2
8300.0,15020.0,919.7
8320.0,15020.0,920.9
8340.0,15020.0,922.0
8360.0,15020.0,923.0
8380.0,15020.0,923.9
8400.0,15020.0,924.7
8420.0,15020.0,925.5
8440.0,15020.0,926.3
8460.0,15020.0,927.0
8480.0,15020.0,927.8
8500.0,15020.0,928.5
8520.0,15020.0,929.4
8540.0,15020.0,930.2
8560.0,15020.0,931.1
8580.0,15020.0,932.0
8600.0,15020.0,932.9
8620.0,15020.0,933.8
8640.0,15020.0,934.8
8660.0,15020.0,935.7
8680.0,15020.0,936.5
8700.0,15020.0,937.4
7300.0,15040.0,884.0
7320.0,15040.0,885.6
7340.0,15040.0,887.2
7360.0,15040.0,888.8
7380.0,15040.0,890.3
7400.0,15040.0,891.6
7420.0,15040.0,892.7
7440.0,15040.0,893.7
7460.0,15040.0,894.3
7480.0,15040.0,894.7
7500.0,15040.0,894.8
7520.0,15040.0,894.5
7540.0,15040.0,894.0
7560.0,15040.0,893.2
7580.0,15040.0,892.0
7600.0,15040.0,890.6
7620.0,15040.0,889.0
7640.0,15040.0,887.2
7660.0,15040.0,885.3
7680.0,15040.0,883.3
7700.0,15040.0,881.4
7720.0,15040.0,879.4
7740.0,15040.0,877.6
7760.0,15040.0,875.9
7780.0,15040.0,874.5
7800.0,15040.0,873.3
7820.0,15040.0,872.5
7840.0,15040.0,872.0
7860.0,15040.0,871.9
7880.0,15040.0,872.2
7900.0,15040.0,872.9
7920.0,15040.0,874.0
7940.0,15040.0,875.5
7960.0,15040.0,877.3
7980.0,15040.0,879.4
8000.0,15040.0,881.8
8020.0,15040.0,884.4
8040.0,15040.0,887.2
8060.0,15040.0,890.2
8080.0,15040.0,893.2
8100.0,15040.0,896.2
8120.0,15040.0,899.1
8140.0,15040.0,902.1
8160.0,15040.0,904.8
8180.0,15040.0,907.5
8200.0,15040.0,910.0
8220.0,15040.0,912.2
8240.0,15040.0,914.3
8260.0,15040.0,916.2
8280.0,15040.0,917.8
8300.0,15040.0,919.3
8320.0,15040.0,920.6
8340.0,15040.0,921.7
8360.0,15040.0,922.7
8380.0,15040.0,923.6
8400.0,15040.0,924.5
8420.0,15040.0,925.2
8440.0,15040.0,925.9
8460.0,15040.0,926.6
8480.0,15040.0,927.3
8500.0,15040.0,928.0
8520.0,15040.0,928.7
8540.0,15040.0,929.5
8560.0,15040.0,930.3
8580.0,15040.0,931.1
8600.0,15040.0,931.9
8620.0,15040.0,932.7
8640.0,15040.0,933.5
8660.0,15040.0,934.3
8680.0,15040.0,935.0
8700.0,15040.0,935.8
7300.0,15060.0,884.6
7320.0,15060.0,886.2
7340.0,15060.0,887.7
7360.0,15060.0,889.2
7380.0,15060.0,890.6
7400.0,15060.0,891.9
7420.0,15060.0,893.0
7440.0,15060.0,893.8
7460.0,15060.0,894.4
7480.0,15060.0,894.8
7500.0,15060.0,894.8
7520.0,15060.0,894.5
7540.0,15060.0,893.9
7560.0,15060.0,893.1
7580.0,15060.0,891.9
7600.0,15060.0,890.5
7620.0,15060.0,888.9
7640.0,15060.0,887.1
7660.0,15060.0,885.2
7680.0,15060.0,883.2
7700.0,15060.0,881.2
7720.0,15060.0,879.3
7740.0,15060.0,877.5
7760.0,15060.0,875.8
7780.0,15060.0,874.4
7800.0,15060.0,873.2
7820.0,15060.0,872.4
7840.0,15060.0,871.9
7860.0,15060.0,871.7
7880.0,15060.0,872.0
7900.0,15060.0,872.7
7920.0,15060.0,873.7
7940.0,15060.0,875.1
7960.0,15060.0,876.9
7980.0,15060.0,879.0
8000.0,15060.0,881.3
8020.0,15060.0,883.9
8040.0,15060.0,886.7
8060.0,15060.0,889.6
8080.0,15060.0,892.6
8100.0,15060.0,895.6
8120.0,15060.0,898.6
8140.0,15060.0,901.5
8160.0,15060.0,904.3
8180.0,15060.0,907.0
8200.0,15060.0,909.5
8220.0,15060.0,911.8
8240.0,15060.0,913.9
8260.0,15060.0,915.8
8280.0,15060.0,917.5
8300.0,15060.0,919.0
8320.0,15060.0,920.3
8340.0,15060.0,921.5
8360.0,15060.0,922.5
8380.0,15060.0,923.4
8400.0,15060.0,924.2
8420.0,15060.0,924.9
8440.0,15060.0,925.6
8460.0,15060.0,926.3
8480.0,15060.0,926.9
8500.0,15060.0,927.5
8520.0,15060.0,928.2
8540.0,15060.0,928.8
8560.0,15060.0,929.5
8580.0,15060.0,930.1
8600.0,15060.0,930.8
8620.0,15060.0,931.5
8640.0,15060.0,932.2
8660.0,15060.0,932.8
8680.0,15060.0,933.5
8700.0,15060.0,934.1
7300.0,15080.0,885.7
7320.0,15080.0,887.2
7340.0,15080.0,888.6
7360.0,15080.0,890.1
7380.0,15080.0,891.4
7400.0,15080.0,892.6
7420.0,15080.0,893.6
7440.0,15080.0,894.3
7460.0,15080.0,894.9
7480.0,15080.0,895.1
7500.0,15080.0,895.1
7520.0,15080.0,894.8
7540.0,15080.0,894.2
7560.0,15080.0,893.3
7580.0,15080.0,892.1
7600.0,15080.0,890.7
7620.0,15080.0,889.0
7640.0,15080.0,887.2
7660.0,15080.0,885.3
7680.0,15080.0,883.4
7700.0,15080.0,881.4
7720.0,15080.0,879.5
7740.0,15080.0,877.6
7760.0,15080.0,876.0
7780.0,15080.0,874.6
7800.0,15080.0,873.4
7820.0,15080.0,872.5
7840.0,15080.0,872.0
7860.0,15080.0,871.9
7880.0,15080.0,872.1
7900.0,15080.0,872.7
7920.0,15080.0,873.7
7940.0,15080.0,875.1
7960.0,15080.0,876.8
7980.0,15080.0,878.8
8000.0,15080.0,881.1
8020.0,15080.0,883.7
8040.0,15080.0,886.4
8060.0,15080.0,889.3
8080.0,15080.0,892.2
8100.0,15080.0,895.2
8120.0,15080.0,898.2
8140.0,15080.0,901.1
8160.0,15080.0,903.9
8180.0,15080.0,906.6
8200.0,15080.0,909.1
8220.0,15080.0,911.4
8240.0,15080.0,913.6
8260.0,15080.0,915.5
8280.0,15080.0,917.2
8300.0,15080.0,918.8
8320.0,15080.0,920.1
8340.0,15080.0,921.3
8360.0,15080.0,922.4
8380.0,15080.0,923.3
8400.0,15080.0,924.1
8420.0,15080.0,924.8
8440.0,15080.0,925.4
8460.0,15080.0,926.0
8480.0,15080.0,926.5
8500.0,15080.0,927.1
8520.0,15080.0,927.6
8540.0,15080.0,928.2
8560.0,15080.0,928.7
8580.0,15080.0,929.2
8600.0,15080.0,929.8
8620.0,15080.0,930.3
8640.0,15080.0,930.9
8660.0,15080.0,931.4
8680.0,15080.0,931.9
8700.0,15080.0,932.4
7300.0,15100.0,887.2
7320.0,15100.0,888.6
7340.0,15100.0,890.0
7360.0,15100.0,891.3
7380.0,15100.0,892.5
7400.0,15100.0,893.6
7420.0,15100.0,894.5
7440.0,15100.0,895.1
7460.0,15100.0,895.6
7480.0,15100.0,895.8
7500.0,15100.0,895.7
7520.0,15100.0,895.3
7540.0,15100.0,894.6
7560.0,15100.0,893.6
7580.0,15100.0,892.4
7600.0,15100.0,891.0
7620.0,15100.0,889.4
7640.0,15100.0,887.6
7660.0,15100.0,885.7
7680.0,15100.0,883.7
7700.0,15100.0,881.7
7720.0,15100.0,879.8
7740.0,15100.0,878.0
7760.0,15100.0,876.4
7780.0,15100.0,875.0
7800.0,15100.0,873.8
7820.0,15100.0,873.0
7840.0,15100.0,872.4
7860.0,15100.0,872.3
7880.0,15100.0,872.5
7900.0,15100.0,873.0
7920.0,15100.0,874.0
7940.0,15100.0,875.3
7960.0,15100.0,877.0
7980.0,15100.0,879.0
8000.0,15100.0,881.2
8020.0,15100.0,883.7
8040.0,15100.0,886.4
8060.0,15100.0,889.2
8080.0,15100.0,892.1
8100.0,15100.0,895.0
8120.0,15100.0,898.0
8140.0,15100.0,900.9
8160.0,15100.0,903.7
8180.0,15100.0,906.3
8200.0,15100.0,908.9
8220.0,15100.0,911.2
8240.0,15100.0,913.4
8260.0,15100.0,915.3
8280.0,15100.0,917.1
8300.0,15100.0,918.6
8320.0,15100.0,920.0
8340.0,15100.0,921.2
8360.0,15100.0,922.3
8380.0,15100.0,923.2
8400.0,15100.0,924.0
8420.0,15100.0,924.6
8440.0,15100.0,925.2
8460.0,15100.0,925.8
8480.0,15100.0,926.3
8500.0,15100.0,926.7
8520.0,15100.0,927.1
8540.0,15100.0,927.6
8560.0,15100.0,928.0
8580.0,15100.0,928.4
8600.0,15100.0,928.8
8620.0,15100.0,929.2
8640.0,15100.0,929.6
8660.0,15100.0,929.9
8680.0,15100.0,930.3
8700.0,15100.0,930.7
7300.0,15120.0,889.0
7320.0,15120.0,890.3
7340.0,15120.0,891.6
7360.0,15120.0,892.8
7380.0,15120.0,893.9
7400.0,15120.0,894.9
7420.0,15120.0,895.7
7440.0,15120.0,896.2
7460.0,15120.0,896.5
7480.0,15120.0,896.6
7500.0,15120.0,896.4
7520.0,15120.0,896.0
7540.0,15120.0,895.2
7560.0,15120.0,894.2
7580.0,15120.0,893.0
7600.0,15120.0,891.5
7620.0,15120.0,889.9
7640.0,15120.0,888.1
7660.0,15120.0,886.2
7680.0,15120.0,884.2
7700.0,15120.0,882.3
7720.0,15120.0,880.4
7740.0,15120.0,878.6
7760.0,15120.0,877.0
7780.0,15120.0,875.6
7800.0,15120.0,874.5
7820.0,15120.0,873.6
7840.0,15120.0,873.1
7860.0,15120.0,872.9
7880.0,15120.0,873.1
7900.0,15120.0,873.7
7920.0,15120.0,874.6
7940.0,15120.0,875.9
7960.0,15120.0,877.5
7980.0,15120.0,879.4
8000.0,15120.0,881.6
8020.0,15120.0,884.0
8040.0,15120.0,886.6
8060.0,15120.0,889.3
8080.0,15120.0,892.2
8100.0,15120.0,895.1
8120.0,15120.0,897.9
8140.0,15120.0,900.8
8160.0,15120.0,903.6
8180.0,15120.0,906.2
8200.0,15120.0,908.7
8220.0,15120.0,911.1
8240.0,15120.0,913.2
8260.0,15120.0,915.2
8280.0,15120.0,917.0
8300.0,15120.0,918.6
8320.0,15120.0,920.0
8340.0,15120.0,921.2
8360.0,15120.0,922.3
8380.0,15120.0,923.2
8400.0,15120.0,923.9
8420.0,15120.0,924.6
8440.0,15120.0,925.1
8460.0,15120.0,925.6
8480.0,15120.0,926.0
8500.0,15120.0,926.4
8520.0,15120.0,926.7
8540.0,15120.0,927.0
8560.0,15120.0,927.3
8580.0,15120.0,927.6
8600.0,15120.0,927.8
8620.0,15120.0,928.1
8640.0,15120.0,928.3
8660.0,15120.0,928.5
8680.0,15120.0,928.7
8700.0,15120.0,929.0
7300.0,15140.0,891.2
7320.0,15140.0,892.4
7340.0,15140.0,893.6
7360.0,15140.0,894.7
7380.0,15140.0,895.6
7400.0,15140.0,896.4
7420.0,15140.0,897.1
7440.0,15140.0,897.5
7460.0,15140.0,897.7
7480.0,15140.0,897.7
7500.0,15140.0,897.4
7520.0,15140.0,896.8
7540.0,15140.0,896.0
7560.0,15140.0,894.9
7580.0,15140.0,893.6
7600.0,15140.0,892.2
7620.0,15140.0,890.5
7640.0,15140.0,888.7
7660.0,15140.0,886.8
7680.0,15140.0,884.9
7700.0,15140.0,883.0
7720.0,15140.0,881.1
7740.0,15140.0,879.4
7760.0,15140.0,877.8
7780.0,15140.0,876.5
7800.0,15140.0,875.4
7820.0,15140.0,874.5
7840.0,15140.0,874.0
7860.0,15140.0,873.8
7880.0,15140.0,874.0
7900.0,15140.0,874.5
7920.0,15140.0,875.4
7940.0,15140.0,876.6
7960.0,15140.0,878.2
7980.0,15140.0,880.0
8000.0,15140.0,882.2
8020.0,15140.0,884.5
8040.0,15140.0,887.0
8060.0,15140.0,889.7
8080.0,15140.0,892.4
8100.0,15140.0,895.3
8120.0,15140.0,898.1
8140.0,15140.0,900.9
8160.0,15140.0,903.6
8180.0,15140.0,906.2
8200.0,15140.0,908.7
8220.0,15140.0,911.1
8240.0,15140.0,913.2
8260.0,15140.0,915.2
8280.0,15140.0,917.0
8300.0,15140.0,918.6
8320.0,15140.0,920.0
8340.0,15140.0,921.2
8360.0,15140.0,922.3
8380.0,15140.0,923.2
8400.0,15140.0,923.9
8420.0,15140.0,924.6
8440.0,15140.0,925.1
8460.0,15140.0,925.5
8480.0,15140.0,925.9
8500.0,15140.0,926.2
8520.0,15140.0,926.4
8540.0,15140.0,926.6
8560.0,15140.0,926.7
8580.0,15140.0,926.9
8600.0,15140.0,927.0
8620.0,15140.0,927.0
8640.0,15140.0,927.1
8660.0,15140.0,927.2
8680.0,15140.0,927.2
8700.0,15140.0,927.3
7300.0,15160.0,893.6
7320.0,15160.0,894.7
7340.0,15160.0,895.7
7360.0,15160.0,896.7
7380.0,15160.0,897.5
7400.0,15160.0,898.2
7420.0,15160.0,898.7
7440.0,15160.0,898.9
7460.0,15160.0,899.0
7480.0,15160.0,898.9
7500.0,15160.0,898.4
7520.0,15160.0,897.8
7540.0,15160.0,896.9
7560.0,15160.0,895.8
7580.0,15160.0,894.4
7600.0,15160.0,892.9
7620.0,15160.0,891.2
7640.0,15160.0,889.4
7660.0,15160.0,887.6
7680.0,15160.0,885.7
7700.0,15160.0,883.8
7720.0,15160.0,882.0
7740.0,15160.0,880.3
7760.0,15160.0,878.8
7780.0,15160.0,877.5
7800.0,15160.0,876.4
7820.0,15160.0,875.6
7840.0,15160.0,875.1
7860.0,15160.0,874.9
7880.0,15160.0,875.1
7900.0,15160.0,875.6
7920.0,15160.0,876.5
7940.0,15160.0,877.7
7960.0,15160.0,879.1
7980.0,15160.0,880.9
8000.0,15160.0,883.0
8020.0,15160.0,885.2
8040.0,15160.0,887.7
8060.0,15160.0,890.2
8080.0,15160.0,892.9
8100.0,15160.0,895.6
8120.0,15160.0,898.4
8140.0,15160.0,901.1
8160.0,15160.0,903.8
8180.0,15160.0,906.4
8200.0,15160.0,908.8
8220.0,15160.0,911.1
8240.0,15160.0,913.3
8260.0,15160.0,915.2
8280.0,15160.0,917.0
8300.0,15160.0,918.6
8320.0,15160.0,920.0
8340.0,15160.0,921.3
8360.0,15160.0,922.3
8380.0,15160.0,923.3
8400.0,15160.0,924.0
8420.0,15160.0,924.6
8440.0,15160.0,925.1
8460.0,15160.0,925.5
8480.0,15160.0,925.8
8500.0,15160.0,926.0
8520.0,15160.0,926.1
8540.0,15160.0,926.2
8560.0,15160.0,926.2
8580.0,15160.0,926.2
8600.0,15160.0,926.1
8620.0,15160.0,926.1
8640.0,15160.0,926.0
8660.0,15160.0,925.9
8680.0,15160.0,925.8
8700.0,15160.0,925.7
7300.0,15180.0,896.2
7320.0,15180.0,897.1
7340.0,15180.0,898.0
7360.0,15180.0,898.8
7380.0,15180.0,899.5
7400.0,15180.0,900.0
7420.0,15180.0,900.3
7440.0,15180.0,900.5
7460.0,15180.0,900.4
7480.0,15180.0,900.1
7500.0,15180.0,899.6
7520.0,15180.0,898.8
7540.0,15180.0,897.8
7560.0,15180.0,896.7
7580.0,15180.0,895.3
7600.0,15180.0,893.7
7620.0,15180.0,892.0
7640.0,15180.0,890.2
7660.0,15180.0,888.4
7680.0,15180.0,886.5
7700.0,15180.0,884.7
7720.0,15180.0,883.0
7740.0,15180.0,881.3
7760.0,15180.0,879.9
7780.0,15180.0,878.6
7800.0,15180.0,877.6
7820.0,15180.0,876.8
7840.0,15180.0,876.4
7860.0,15180.0,876.2
7880.0,15180.0,876.4
7900.0,15180.0,876.9
7920.0,15180.0,877.7
7940.0,15180.0,878.9
7960.0,15180.0,880.3
7980.0,15180.0,882.0
8000.0,15180.0,884.0
8020.0,15180.0,886.1
8040.0,15180.0,888.5
8060.0,15180.0,891.0
8080.0,15180.0,893.5
8100.0,15180.0,896.2
8120.0,15180.0,898.8
8140.0,15180.0,901.5
8160.0,15180.0,904.1
8180.0,15180.0,906.6
8200.0,15180.0,909.0
8220.0,15180.0,911.2
8240.0,15180.0,913.4
8260.0,15180.0,915.3
8280.0,15180.0,917.1
8300.0,15180.0,918.7
8320.0,15180.0,920.1
8340.0,15180.0,921.4
8360.0,15180.0,922.4
8380.0,15180.0,923.3
8400.0,15180.0,924.1
8420.0,15180.0,924.7
8440.0,15180.0,925.1
8460.0,15180.0,925.5
8480.0,15180.0,925.7
8500.0,15180.0,925.8
8520.0,15180.0,925.9
8540.0,15180.0,925.8
8560.0,15180.0,925.7
8580.0,15180.0,925.6
8600.0,15180.0,925.4
8620.0,15180.0,925.1
8640.0,15180.0,924.9
8660.0,15180.0,924.6
8680.0,15180.0,924.3
8700.0,15180.0,924.1
7300.0,15200.0,898.8
7320.0,15200.0,899.7
7340.0,15200.0,900.4
7360.0,15200.0,901.0
7380.0,15200.0,901.6
7400.0,15200.0,901.9
7420.0,15200.0,902.1
7440.0,15200.0,902.1
7460.0,15200.0,901.9
7480.0,15200.0,901.4
7500.0,15200.0,900.8
7520.0,15200.0,899.9
7540.0,15200.0,898.8
7560.0,15200.0,897.6
7580.0,15200.0,896.1
7600.0,15200.0,894.5
7620.0,15200.0,892.8
7640.0,15200.0,891.1
7660.0,15200.0,889.2
7680.0,15200.0,887.4
7700.0,15200.0,885.7
7720.0,15200.0,884.0
7740.0,15200.0,882.4
7760.0,15200.0,881.0
7780.0,15200.0,879.8
7800.0,15200.0,878.8
7820.0,15200.0,878.1
7840.0,15200.0,877.7
7860.0,15200.0,877.6
7880.0,15200.0,877.8
7900.0,15200.0,878.3
7920.0,15200.0,879.1
7940.0,15200.0,880.2
7960.0,15200.0,881.6
7980.0,15200.0,883.3
8000.0,15200.0,885.1
8020.0,15200.0,887.2
8040.0,15200.0,889.4
8060.0,15200.0,891.8
8080.0,15200.0,894.3
8100.0,15200.0,896.8
8120.0,15200.0,899.4
8140.0,15200.0,901.9
8160.0,15200.0,904.4
8180.0,15200.0,906.8
8200.0,15200.0,909.2
8220.0,15200.0,911.4
8240.0,15200.0,913.5
8260.0,15200.0,915.4
8280.0,15200.0,917.2
8300.0,15200.0,918.8
8320.0,15200.0,920.2
8340.0,15200.0,921.4
8360.0,15200.0,922.5
8380.0,15200.0,923.4
8400.0,15200.0,924.1
8420.0,15200.0,924.7
8440.0,15200.0,925.2
8460.0,15200.0,925.5
8480.0,15200.0,925.6
8500.0,15200.0,925.7
8520.0,15200.0,925.6
8540.0,15200.0,925.5
8560.0,15200.0,925.3
8580.0,15200.0,925.0
8600.0,15200.0,924.6
8620.0,15200.0,924.3
8640.0,15200.0,923.8
8660.0,15200.0,923.4
8680.0,15200.0,923.0
8700.0,15200.0,922.6
7300.0,15220.0,901.5
7320.0,15220.0,902.2
7340.0,15220.0,902.8
7360.0,15220.0,903.3
7380.0,15220.0,903.6
7400.0,15220.0,903.8
7420.0,15220.0,903.8
7440.0,15220.0,903.7
7460.0,15220.0,903.3
7480.0,15220.0,902.7
7500.0,15220.0,902.0
7520.0,15220.0,901.0
7540.0,15220.0,899.8
7560.0,15220.0,898.5
7580.0,15220.0,897.0
7600.0,15220.0,895.4
7620.0,15220.0,893.7
7640.0,15220.0,891.9
7660.0,15220.0,890.1
7680.0,15220.0,888.3
7700.0,15220.0,886.6
7720.0,15220.0,885.0
7740.0,15220.0,883.5
7760.0,15220.0,882.2
7780.0,15220.0,881.1
7800.0,15220.0,880.2
7820.0,15220.0,879.5
7840.0,15220.0,879.2
7860.0,15220.0,879.1
7880.0,15220.0,879.3
7900.0,15220.0,879.8
7920.0,15220.0,880.6
7940.0,15220.0,881.7
7960.0,15220.0,883.1
7980.0,15220.0,884.6
8000.0,15220.0,886.4
8020.0,15220.0,888.4
8040.0,15220.0,890.5
8060.0,15220.0,892.8
8080.0,15220.0,895.1
8100.0,15220.0,897.6
8120.0,15220.0,900.0
8140.0,15220.0,902.4
8160.0,15220.0,904.8
8180.0,15220.0,907.2
8200.0,15220.0,909.4
8220.0,15220.0,911.6
8240.0,15220.0,913.6
8260.0,15220.0,915.5
8280.0,15220.0,917.2
8300.0,15220.0,918.8
8320.0,15220.0,920.2
8340.0,15220.0,921.5
8360.0,15220.0,922.5
8380.0,15220.0,923.4
8400.0,15220.0,924.2
8420.0,15220.0,924.7
8440.0,15220.0,925.2
8460.0,15220.0,925.4
8480.0,15220.0,925.6
8500.0,15220.0,925.5
8520.0,15220.0,925.4
8540.0,15220.0,925.2
8560.0,15220.0,924.9
8580.0,15220.0,924.4
8600.0,15220.0,924.0
8620.0,15220.0,923.4
8640.0,15220.0,922.9
8660.0,15220.0,922.3
8680.0,15220.0,921.7
8700.0,15220.0,921.1
7300.0,15240.0,904.2
7320.0,15240.0,904.7
7340.0,15240.0,905.1
7360.0,15240.0,905.5
7380.0,15240.0,905.7
7400.0,15240.0,905.7
7420.0,15240.0,905.5
7440.0,15240.0,905.2
7460.0,15240.0,904.7
7480.0,15240.0,904.0
7500.0,15240.0,903.1
7520.0,15240.0,902.0
7540.0,15240.0,900.8
7560.0,15240.0,899.3
7580.0,15240.0,897.8
7600.0,15240.0,896.2
7620.0,15240.0,894.4
7640.0,15240.0,892.7
7660.0,15240.0,890.9
7680.0,15240.0,889.2
7700.0,15240.0,887.6
7720.0,15240.0,886.0
7740.0,15240.0,884.6
7760.0,15240.0,883.4
7780.0,15240.0,882.3
7800.0,15240.0,881.5
7820.0,15240.0,881.0
7840.0,15240.0,880.7
7860.0,15240.0,880.7
7880.0,15240.0,880.9
7900.0,15240.0,881.4
7920.0,15240.0,882.2
7940.0,15240.0,883.3
7960.0,15240.0,884.6
7980.0,15240.0,886.1
8000.0,15240.0,887.8
8020.0,15240.0,889.7
8040.0,15240.0,891.7
8060.0,15240.0,893.9
8080.0,15240.0,896.1
8100.0,15240.0,898.4
8120.0,15240.0,900.7
8140.0,15240.0,903.0
8160.0,15240.0,905.3
8180.0,15240.0,907.5
8200.0,15240.0,909.7
8220.0,15240.0,911.8
8240.0,15240.0,913.7
8260.0,15240.0,915.6
8280.0,15240.0,917.3
8300.0,15240.0,918.8
8320.0,15240.0,920.2
8340.0,15240.0,921.4
8360.0,15240.0,922.5
8380.0,15240.0,923.4
8400.0,15240.0,924.1
8420.0,15240.0,924.7
8440.0,15240.0,925.1
8460.0,15240.0,925.3
8480.0,15240.0,925.4
8500.0,15240.0,925.4
8520.0,15240.0,925.2
8540.0,15240.0,924.9
8560.0,15240.0,924.4
8580.0,15240.0,923.9
8600.0,15240.0,923.3
8620.0,15240.0,922.6
8640.0,15240.0,921.9
8660.0,15240.0,921.2
8680.0,15240.0,920.4
8700.0,15240.0,919.7
7300.0,15260.0,906.7
7320.0,15260.0,907.1
7340.0,15260.0,907.4
7360.0,15260.0,907.6
7380.0,15260.0,907.6
7400.0,15260.0,907.5
7420.0,15260.0,907.2
7440.0,15260.0,906.7
7460.0,15260.0,906.0
7480.0,15260.0,905.2
7500.0,15260.0,904.2
7520.0,15260.0,903.0
7540.0,15260.0,901.6
7560.0,15260.0,900.2
7580.0,15260.0,898.6
7600.0,15260.0,896.9
7620.0,15260.0,895.2
7640.0,15260.0,893.4
7660.0,15260.0,891.7
7680.0,15260.0,890.1
7700.0,15260.0,888.5
7720.0,15260.0,887.0
7740.0,15260.0,885.7
7760.0,15260.0,884.6
7780.0,15260.0,883.6
7800.0,15260.0,882.9
7820.0,15260.0,882.4
7840.0,15260.0,882.2
7860.0,15260.0,882.3
7880.0,15260.0,882.5
7900.0,15260.0,883.1
7920.0,15260.0,883.9
7940.0,15260.0,884.9
7960.0,15260.0,886.2
7980.0,15260.0,887.6
8000.0,15260.0,889.3
8020.0,15260.0,891.0
8040.0,15260.0,893.0
8060.0,15260.0,895.0
8080.0,15260.0,897.1
8100.0,15260.0,899.2
8120.0,15260.0,901.4
8140.0,15260.0,903.6
8160.0,15260.0,905.7
8180.0,15260.0,907.9
8200.0,15260.0,909.9
8220.0,15260.0,911.9
8240.0,15260.0,913.8
8260.0,15260.0,915.6
8280.0,15260.0,917.2
8300.0,15260.0,918.7
8320.0,15260.0,920.1
8340.0,15260.0,921.3
8360.0,15260.0,922.4
8380.0,15260.0,923.3
8400.0,15260.0,924.0
8420.0,15260.0,924.6
8440.0,15260.0,925.0
8460.0,15260.0,925.2
8480.0,15260.0,925.2
8500.0,15260.0,925.1
8520.0,15260.0,924.9
8540.0,15260.0,924.5
8560.0,15260.0,924.0
8580.0,15260.0,923.4
8600.0,15260.0,922.6
8620.0,15260.0,921.8
8640.0,15260.0,921.0
8660.0,15260.0,920.1
8680.0,15260.0,919.2
8700.0,15260.0,918.3
7300.0,15280.0,909.1
7320.0,15280.0,909.4
7340.0,15280.0,909.5
7360.0,15280.0,909.5
7380.0,15280.0,909.4
7400.0,15280.0,909.1
7420.0,15280.0,908.7
7440.0,15280.0,908.0
7460.0,15280.0,907.2
7480.0,15280.0,906.3
7500.0,15280.0,905.1
7520.0,15280.0,903.9
7540.0,15280.0,902.4
7560.0,15280.0,900.9
7580.0,15280.0,899.3
7600.0,15280.0,897.6
7620.0,15280.0,895.9
7640.0,15280.0,894.1
7660.0,15280.0,892.5
7680.0,15280.0,890.9
7700.0,15280.0,889.4
7720.0,15280.0,888.0
7740.0,15280.0,886.8
7760.0,15280.0,885.7
7780.0,15280.0,884.9
7800.0,15280.0,884.3
7820.0,15280.0,883.9
7840.0,15280.0,883.7
7860.0,15280.0,883.8
7880.0,15280.0,884.2
7900.0,15280.0,884.8
7920.0,15280.0,885.6
7940.0,15280.0,886.6
7960.0,15280.0,887.8
7980.0,15280.0,889.2
8000.0,15280.0,890.7
8020.0,15280.0,892.4
8040.0,15280.0,894.2
8060.0,15280.0,896.1
8080.0,15280.0,898.1
8100.0,15280.0,900.1
8120.0,15280.0,902.1
8140.0,15280.0,904.2
8160.0,15280.0,906.2
8180.0,15280.0,908.2
8200.0,15280.0,910.1
8220.0,15280.0,912.0
8240.0,15280.0,913.8
8260.0,15280.0,915.5
8280.0,15280.0,917.1
8300.0,15280.0,918.6
8320.0,15280.0,919.9
8340.0,15280.0,921.1
8360.0,15280.0,922.1
8380.0,15280.0,923.0
8400.0,15280.0,923.8
8420.0,15280.0,924.3
8440.0,15280.0,924.7
8460.0,15280.0,924.9
8480.0,15280.0,925.0
8500.0,15280.0,924.8
8520.0,15280.0,924.5
8540.0,15280.0,924.1
8560.0,15280.0,923.5
8580.0,15280.0,922.8
8600.0,15280.0,921.9
8620.0,15280.0,921.0
8640.0,15280.0,920.0
8660.0,15280.0,919.0
8680.0,15280.0,918.0
8700.0,15280.0,916.9
7300.0,15300.0,911.4
7320.0,15300.0,911.4
7340.0,15300.0,911.4
7360.0,15300.0,911.3
7380.0,15300.0,911.0
7400.0,15300.0,910.6
7420.0,15300.0,910.0
7440.0,15300.0,909.3
7460.0,15300.0,908.3
7480.0,15300.0,907.2
7500.0,15300.0,906.0
7520.0,15300.0,904.6
7540.0,15300.0,903.1
7560.0,15300.0,901.5
7580.0,15300.0,899.9
7600.0,15300.0,898.2
7620.0,15300.0,896.5
7640.0,15300.0,894.8
7660.0,15300.0,893.2
7680.0,15300.0,891.6
7700.0,15300.0,890.2
7720.0,15300.0,888.9
7740.0,15300.0,887.8
7760.0,15300.0,886.8
7780.0,15300.0,886.1
7800.0,15300.0,885.6
7820.0,15300.0,885.3
7840.0,15300.0,885.2
7860.0,15300.0,885.4
7880.0,15300.0,885.8
7900.0,15300.0,886.4
7920.0,15300.0,887.2
7940.0,15300.0,888.2
7960.0,15300.0,889.4
7980.0,15300.0,890.7
8000.0,15300.0,892.2
8020.0,15300.0,893.8
8040.0,15300.0,895.5
8060.0,15300.0,897.2
8080.0,15300.0,899.1
8100.0,15300.0,900.9
8120.0,15300.0,902.8
8140.0,15300.0,904.7
8160.0,15300.0,906.6
8180.0,15300.0,908.5
8200.0,15300.0,910.3
8220.0,15300.0,912.0
8240.0,15300.0,913.7
8260.0,15300.0,915.3
8280.0,15300.0,916.8
8300.0,15300.0,918.3
8320.0,15300.0,919.6
8340.0,15300.0,920.7
8360.0,15300.0,921.8
8380.0,15300.0,922.6
8400.0,15300.0,923.4
8420.0,15300.0,923.9
8440.0,15300.0,924.3
8460.0,15300.0,924.5
8480.0,15300.0,924.5
8500.0,15300.0,924.4
8520.0,15300.0,924.1
8540.0,15300.0,923.6
8560.0,15300.0,922.9
8580.0,15300.0,922.1
8600.0,15300.0,921.2
8620.0,15300.0,920.2
8640.0,15300.0,919.1
8660.0,15300.0,917.9
8680.0,15300.0,916.8
8700.0,15300.0,915.6
7300.0,15320.0,913.4
7320.0,15320.0,913.4
7340.0,15320.0,913.2
7360.0,15320.0,912.9
7380.0,15320.0,912.5
7400.0,15320.0,911.9
7420.0,15320.0,911.2
7440.0,15320.0,910.3
7460.0,15320.0,909.3
7480.0,15320.0,908.1
7500.0,15320.0,906.8
7520.0,15320.0,905.3
7540.0,15320.0,903.7
7560.0,15320.0,902.1
7580.0,15320.0,900.4
7600.0,15320.0,898.7
7620.0,15320.0,897.0
7640.0,15320.0,895.4
7660.0,15320.0,893.8
7680.0,15320.0,892.3
7700.0,15320.0,891.0
7720.0,15320.0,889.8
7740.0,15320.0,888.7
7760.0,15320.0,887.9
7780.0,15320.0,887.3
7800.0,15320.0,886.9
7820.0,15320.0,886.7
7840.0,15320.0,886.7
7860.0,15320.0,886.9
7880.0,15320.0,887.4
7900.0,15320.0,888.0
7920.0,15320.0,888.9
7940.0,15320.0,889.8
7960.0,15320.0,891.0
7980.0,15320.0,892.3
8000.0,15320.0,893.7
8020.0,15320.0,895.2
8040.0,15320.0,896.7
8060.0,15320.0,898.4
8080.0,15320.0,900.0
8100.0,15320.0,901.7
8120.0,15320.0,903.5
8140.0,15320.0,905.2
8160.0,15320.0,906.9
8180.0,15320.0,908.6
8200.0,15320.0,910.3
8220.0,15320.0,912.0
8240.0,15320.0,913.5
8260.0,15320.0,915.1
8280.0,15320.0,916.5
8300.0,15320.0,917.8
8320.0,15320.0,919.1
8340.0,15320.0,920.2
8360.0,15320.0,921.2
8380.0,15320.0,922.1
8400.0,15320.0,922.8
8420.0,15320.0,923.4
8440.0,15320.0,923.8
8460.0,15320.0,924.0
8480.0,15320.0,924.0
8500.0,15320.0,923.8
8520.0,15320.0,923.5
8540.0,15320.0,923.0
8560.0,15320.0,922.3
8580.0,15320.0,921.4
8600.0,15320.0,920.4
8620.0,15320.0,919.3
8640.0,15320.0,918.1
8660.0,15320.0,916.9
8680.0,15320.0,915.6
8700.0,15320.0,914.3
7300.0,15340.0,915.2
7320.0,15340.0,915.1
7340.0,15340.0,914.8
7360.0,15340.0,914.4
7380.0,15340.0,913.8
7400.0,15340.0,913.1
7420.0,15340.0,912.3
7440.0,15340.0,911.3
7460.0,15340.0,910.1
7480.0,15340.0,908.8
7500.0,15340.0,907.4
7520.0,15340.0,905.9
7540.0,15340.0,904.3
7560.0,15340.0,902.6
7580.0,15340.0,900.9
7600.0,15340.0,899.2
7620.0,15340.0,897.5
7640.0,15340.0,895.9
7660.0,15340.0,894.4
7680.0,15340.0,893.0
7700.0,15340.0,891.7
7720.0,15340.0,890.6
7740.0,15340.0,889.7
7760.0,15340.0,888.9
7780.0,15340.0,888.4
7800.0,15340.0,888.1
7820.0,15340.0,888.0
7840.0,15340.0,888.1
7860.0,15340.0,888.4
7880.0,15340.0,888.9
7900.0,15340.0,889.6
7920.0,15340.0,890.4
7940.0,15340.0,891.4
7960.0,15340.0,892.5
7980.0,15340.0,893.8
8000.0,15340.0,895.1
8020.0,15340.0,896.5
8040.0,15340.0,897.9
8060.0,15340.0,899.4
8080.0,15340.0,900.9
8100.0,15340.0,902.5
8120.0,15340.0,904.1
8140.0,15340.0,905.6
8160.0,15340.0,907.2
8180.0,15340.0,908.8
8200.0,15340.0,910.3
8220.0,15340.0,911.8
8240.0,15340.0,913.2
8260.0,15340.0,914.7
8280.0,15340.0,916.0
8300.0,15340.0,917.3
8320.0,15340.0,918.5
8340.0,15340.0,919.6
8360.0,15340.0,920.6
8380.0,15340.0,921.4
8400.0,15340.0,922.1
8420.0,15340.0,922.7
8440.0,15340.0,923.1
8460.0,15340.0,923.3
8480.0,15340.0,923.3
8500.0,15340.0,923.1
8520.0,15340.0,922.8
8540.0,15340.0,922.2
8560.0,15340.0,921.5
8580.0,15340.0,920.6
8600.0,15340.0,919.6
8620.0,15340.0,918.4
8640.0,15340.0,917.2
8660.0,15340.0,915.8
8680.0,15340.0,914.4
8700.0,15340.0,913.0
7300.0,15360.0,916.9
7320.0,15360.0,916.6
7340.0,15360.0,916.1
7360.0,15360.0,915.6
7380.0,15360.0,914.9
7400.0,15360.0,914.1
7420.0,15360.0,913.2
7440.0,15360.0,912.1
7460.0,15360.0,910.8
7480.0,15360.0,909.4
7500.0,15360.0,908.0
7520.0,15360.0,906.4
7540.0,15360.0,904.7
7560.0,15360.0,903.0
7580.0,15360.0,901.3
7600.0,15360.0,899.6
7620.0,15360.0,898.0
7640.0,15360.0,896.4
7660.0,15360.0,894.9
7680.0,15360.0,893.6
7700.0,15360.0,892.4
7720.0,15360.0,891.4
7740.0,15360.0,890.6
7760.0,15360.0,889.9
7780.0,15360.0,889.5
7800.0,15360.0,889.3
7820.0,15360.0,889.3
7840.0,15360.0,889.5
7860.0,15360.0,889.9
7880.0,15360.0,890.4
7900.0,15360.0,891.1
7920.0,15360.0,892.0
7940.0,15360.0,892.9
7960.0,15360.0,894.0
7980.0,15360.0,895.2
8000.0,15360.0,896.4
8020.0,15360.0,897.7
8040.0,15360.0,899.0
8060.0,15360.0,900.4
8080.0,15360.0,901.8
8100.0,15360.0,903.2
8120.0,15360.0,904.6
8140.0,15360.0,906.0
8160.0,15360.0,907.4
8180.0,15360.0,908.8
8200.0,15360.0,910.1
8220.0,15360.0,911.5
8240.0,15360.0,912.8
8260.0,15360.0,914.1
8280.0,15360.0,915.4
8300.0,15360.0,916.6
8320.0,15360.0,917.7
8340.0,15360.0,918.7
8360.0,15360.0,919.7
8380.0,15360.0,920.5
8400.0,15360.0,921.2
8420.0,15360.0,921.8
8440.0,15360.0,922.2
8460.0,15360.0,922.4
8480.0,15360.0,922.4
8500.0,15360.0,922.3
8520.0,15360.0,921.9
8540.0,15360.0,921.4
8560.0,15360.0,920.7
8580.0,15360.0,919.7
8600.0,15360.0,918.7
8620.0,15360.0,917.5
8640.0,15360.0,916.1
8660.0,15360.0,914.7
8680.0,15360.0,913.2
8700.0,15360.0,911.7
7300.0,15380.0,918.3
7320.0,15380.0,917.9
7340.0,15380.0,917.3
7360.0,15380.0,916.7
7380.0,15380.0,915.9
7400.0,15380.0,915.0
7420.0,15380.0,913.9
7440.0,15380.0,912.7
7460.0,15380.0,911.4
7480.0,15380.0,910.0
7500.0,15380.0,908.4
7520.0,15380.0,906.8
7540.0,15380.0,905.1
7560.0,15380.0,903.4
7580.0,15380.0,901.7
7600.0,15380.0,900.0
7620.0,15380.0,898.4
7640.0,15380.0,896.9
7660.0,15380.0,895.4
7680.0,15380.0,894.2
7700.0,15380.0,893.1
7720.0,15380.0,892.2
7740.0,15380.0,891.4
7760.0,15380.0,890.9
7780.0,15380.0,890.6
7800.0,15380.0,890.5
7820.0,15380.0,890.5
7840.0,15380.0,890.8
7860.0,15380.0,891.2
7880.0,15380.0,891.8
7900.0,15380.0,892.6
7920.0,15380.0,893.4
7940.0,15380.0,894.4
7960.0,15380.0,895.4
7980.0,15380.0,896.5
8000.0,15380.0,897.7
8020.0,15380.0,898.8
8040.0,15380.0,900.1
8060.0,15380.0,901.3
8080.0,15380.0,902.5
8100.0,15380.0,903.8
8120.0,15380.0,905.0
8140.0,15380.0,906.2
8160.0,15380.0,907.4
8180.0,15380.0,908.7
8200.0,15380.0,909.9
8220.0,15380.0,911.1
8240.0,15380.0,912.3
8260.0,15380.0,913.4
8280.0,15380.0,914.6
8300.0,15380.0,915.7
8320.0,15380.0,916.7
8340.0,15380.0,917.7
8360.0,15380.0,918.6
8380.0,15380.0,919.5
8400.0,15380.0,920.2
8420.0,15380.0,920.7
8440.0,15380.0,921.1
8460.0,15380.0,921.4
8480.0,15380.0,921.4
8500.0,15380.0,921.3
8520.0,15380.0,920.9
8540.0,15380.0,920.4
8560.0,15380.0,919.7
8580.0,15380.0,918.8
8600.0,15380.0,917.7
8620.0,15380.0,916.4
8640.0,15380.0,915.1
8660.0,15380.0,913.6
8680.0,15380.0,912.1
8700.0,15380.0,910.5
7300.0,15400.0,919.5
7320.0,15400.0,919.0
7340.0,15400.0,918.3
7360.0,15400.0,917.6
7380.0,15400.0,916.7
7400.0,15400.0,915.7
7420.0,15400.0,914.6
7440.0,15400.0,913.3
7460.0,15400.0,911.9
7480.0,15400.0,910.4
7500.0,15400.0,908.8
7520.0,15400.0,907.2
7540.0,15400.0,905.5
7560.0,15400.0,903.7
7580.0,15400.0,902.0
7600.0,15400.0,900.4
7620.0,15400.0,898.8
7640.0,15400.0,897.3
7660.0,15400.0,896.0
7680.0,15400.0,894.8
7700.0,15400.0,893.7
7720.0,15400.0,892.9
7740.0,15400.0,892.3
7760.0,15400.0,891.8
7780.0,15400.0,891.6
7800.0,15400.0,891.6
7820.0,15400.0,891.7
7840.0,15400.0,892.0
7860.0,15400.0,892.5
7880.0,15400.0,893.2
7900.0,15400.0,893.9
7920.0,15400.0,894.8
7940.0,15400.0,895.7
7960.0,15400.0,896.7
7980.0,15400.0,897.7
8000.0,15400.0,898.8
8020.0,15400.0,899.9
8040.0,15400.0,901.0
8060.0,15400.0,902.1
8080.0,15400.0,903.2
8100.0,15400.0,904.2
8120.0,15400.0,905.3
8140.0,15400.0,906.3
8160.0,15400.0,907.4
8180.0,15400.0,908.4
8200.0,15400.0,909.5
8220.0,15400.0,910.5
8240.0,15400.0,911.6
8260.0,15400.0,912.6
8280.0,15400.0,913.6
8300.0,15400.0,914.7
8320.0,15400.0,915.6
8340.0,15400.0,916.6
8360.0,15400.0,917.4
8380.0,15400.0,918.2
8400.0,15400.0,918.9
8420.0,15400.0,919.5
8440.0,15400.0,919.9
8460.0,15400.0,920.1
8480.0,15400.0,920.2
8500.0,15400.0,920.1
8520.0,15400.0,919.8
8540.0,15400.0,919.3
8560.0,15400.0,918.6
8580.0,15400.0,917.7
8600.0,15400.0,916.6
8620.0,15400.0,915.3
8640.0,15400.0,913.9
8660.0,15400.0,912.4
8680.0,15400.0,910.9
8700.0,15400.0,909.3
7300.0,15420.0,920.6
7320.0,15420.0,920.0
7340.0,15420.0,919.2
7360.0,15420.0,918.4
7380.0,15420.0,917.4
7400.0,15420.0,916.3
7420.0,15420.0,915.1
7440.0,15420.0,913.8
7460.0,15420.0,912.3
7480.0,15420.0,910.8
7500.0,15420.0,909.2
7520.0,15420.0,907.5
7540.0,15420.0,905.8
7560.0,15420.0,904.1
7580.0,15420.0,902.4
7600.0,15420.0,900.8
7620.0,15420.0,899.2
7640.0,15420.0,897.8
7660.0,15420.0,896.5
7680.0,15420.0,895.4
7700.0,15420.0,894.4
7720.0,15420.0,893.7
7740.0,15420.0,893.1
7760.0,15420.0,892.8
7780.0,15420.0,892.6
7800.0,15420.0,892.6
7820.0,15420.0,892.9
7840.0,15420.0,893.2
7860.0,15420.0,893.8
7880.0,15420.0,894.4
7900.0,15420.0,895.2
7920.0,15420.0,896.1
7940.0,15420.0,897.0
7960.0,15420.0,897.9
7980.0,15420.0,898.9
8000.0,15420.0,899.9
8020.0,15420.0,900.8
8040.0,15420.0,901.8
8060.0,15420.0,902.7
8080.0,15420.0,903.7
8100.0,15420.0,904.6
8120.0,15420.0,905.5
8140.0,15420.0,906.3
8160.0,15420.0,907.2
8180.0,15420.0,908.1
8200.0,15420.0,909.0
8220.0,15420.0,909.9
8240.0,15420.0,910.7
8260.0,15420.0,911.7
8280.0,15420.0,912.6
8300.0,15420.0,913.5
8320.0,15420.0,914.4
8340.0,15420.0,915.2
8360.0,15420.0,916.0
8380.0,15420.0,916.8
8400.0,15420.0,917.5
8420.0,15420.0,918.0
8440.0,15420.0,918.4
8460.0,15420.0,918.7
8480.0,15420.0,918.8
8500.0,15420.0,918.8
8520.0,15420.0,918.5
8540.0,15420.0,918.0
8560.0,15420.0,917.3
8580.0,15420.0,916.5
8600.0,15420.0,915.4
8620.0,15420.0,914.2
8640.0,15420.0,912.8
8660.0,15420.0,911.3
8680.0,15420.0,909.7
8700.0,15420.0,908.1
7300.0,15440.0,921.6
7320.0,15440.0,920.8
7340.0,15440.0,920.0
7360.0,15440.0,919.0
7380.0,15440.0,918.0
7400.0,15440.0,916.8
7420.0,15440.0,915.5
7440.0,15440.0,914.2
7460.0,15440.0,912.7
7480.0,15440.0,911.1
7500.0,15440.0,909.5
7520.0,15440.0,907.8
7540.0,15440.0,906.1
7560.0,15440.0,904.4
7580.0,15440.0,902.8
7600.0,15440.0,901.2
7620.0,15440.0,899.7
7640.0,15440.0,898.3
7660.0,15440.0,897.1
7680.0,15440.0,896.0
7700.0,15440.0,895.1
7720.0,15440.0,894.4
7740.0,15440.0,894.0
7760.0,15440.0,893.7
7780.0,15440.0,893.6
7800.0,15440.0,893.7
7820.0,15440.0,894.0
7840.0,15440.0,894.4
7860.0,15440.0,895.0
7880.0,15440.0,895.6
7900.0,15440.0,896.4
7920.0,15440.0,897.2
7940.0,15440.0,898.1
7960.0,15440.0,899.0
7980.0,15440.0,899.9
8000.0,15440.0,900.8
8020.0,15440.0,901.7
8040.0,15440.0,902.5
8060.0,15440.0,903.3
8080.0,15440.0,904.1
8100.0,15440.0,904.8
8120.0,15440.0,905.5
8140.0,15440.0,906.2
8160.0,15440.0,906.9
8180.0,15440.0,907.6
8200.0,15440.0,908.3
8220.0,15440.0,909.0
8240.0,15440.0,909.8
8260.0,15440.0,910.5
8280.0,15440.0,911.3
8300.0,15440.0,912.1
8320.0,15440.0,912.9
8340.0,15440.0,913.7
8360.0,15440.0,914.5
8380.0,15440.0,915.2
8400.0,15440.0,915.9
8420.0,15440.0,916.4
8440.0,15440.0,916.9
8460.0,15440.0,917.2
8480.0,15440.0,917.3
8500.0,15440.0,917.3
8520.0,15440.0,917.0
8540.0,15440.0,916.6
8560.0,15440.0,916.0
8580.0,15440.0,915.1
8600.0,15440.0,914.1
8620.0,15440.0,912.9
8640.0,15440.0,911.6
8660.0,15440.0,910.1
8680.0,15440.0,908.5
8700.0,15440.0,906.9
7300.0,15460.0,922.5
7320.0,15460.0,921.6
7340.0,15460.0,920.6
7360.0,15460.0,919.6
7380.0,15460.0,918.5
7400.0,15460.0,917.3
7420.0,15460.0,916.0
7440.0,15460.0,914.5
7460.0,15460.0,913.0
7480.0,15460.0,911.4
7500.0,15460.0,909.8
7520.0,15460.0,908.1
7540.0,15460.0,906.4
7560.0,15460.0,904.8
7580.0,15460.0,903.2
7600.0,15460.0,901.6
7620.0,15460.0,900.2
7640.0,15460.0,898.8
7660.0,15460.0,897.7
7680.0,15460.0,896.7
7700.0,15460.0,895.9
7720.0,15460.0,895.3
7740.0,15460.0,894.8
7760.0,15460.0,894.6
7780.0,15460.0,894.6
7800.0,15460.0,894.7
7820.0,15460.0,895.0
7840.0,15460.0,895.5
7860.0,15460.0,896.1
7880.0,15460.0,896.8
7900.0,15460.0,897.5
7920.0,15460.0,898.3
7940.0,15460.0,899.1
7960.0,15460.0,900.0
7980.0,15460.0,900.8
8000.0,15460.0,901.6
8020.0,15460.0,902.3
8040.0,15460.0,903.0
8060.0,15460.0,903.7
8080.0,15460.0,904.3
8100.0,15460.0,904.9
8120.0,15460.0,905.4
8140.0,15460.0,906.0
8160.0,15460.0,906.5
8180.0,15460.0,907.0
8200.0,15460.0,907.5
8220.0,15460.0,908.1
8240.0,15460.0,908.7
8260.0,15460.0,909.3
8280.0,15460.0,910.0
8300.0,15460.0,910.7
8320.0,15460.0,911.4
8340.0,15460.0,912.1
8360.0,15460.0,912.8
8380.0,15460.0,913.5
8400.0,15460.0,914.1
8420.0,15460.0,914.7
8440.0,15460.0,915.1
8460.0,15460.0,915.4
8480.0,15460.0,915.6
8500.0,15460.0,915.6
8520.0,15460.0,915.4
8540.0,15460.0,915.1
8560.0,15460.0,914.5
8580.0,15460.0,913.7
8600.0,15460.0,912.8
8620.0,15460.0,911.7
8640.0,15460.0,910.4
8660.0,15460.0,908.9
8680.0,15460.0,907.4
8700.0,15460.0,905.8
7300.0,15480.0,923.3
7320.0,15480.0,922.3
7340.0,15480.0,921.3
7360.0,15480.0,920.2
7380.0,15480.0,919.0
7400.0,15480.0,917.7
7420.0,15480.0,916.3
7440.0,15480.0,914.9
7460.0,15480.0,913.4
7480.0,15480.0,911.8
7500.0,15480.0,910.1
7520.0,15480.0,908.5
7540.0,15480.0,906.8
7560.0,15480.0,905.2
7580.0,15480.0,903.6
7600.0,15480.0,902.1
7620.0,15480.0,900.7
7640.0,15480.0,899.4
7660.0,15480.0,898.3
7680.0,15480.0,897.4
7700.0,15480.0,896.6
7720.0,15480.0,896.1
7740.0,15480.0,895.7
7760.0,15480.0,895.5
7780.0,15480.0,895.6
7800.0,15480.0,895.7
7820.0,15480.0,896.1
7840.0,15480.0,896.6
7860.0,15480.0,897.1
7880.0,15480.0,897.8
7900.0,15480.0,898.5
7920.0,15480.0,899.3
7940.0,15480.0,900.1
7960.0,15480.0,900.8
7980.0,15480.0,901.6
8000.0,15480.0,902.2
8020.0,15480.0,902.9
8040.0,15480.0,903.4
8060.0,15480.0,904.0
8080.0,15480.0,904.4
8100.0,15480.0,904.8
8120.0,15480.0,905.2
8140.0,15480.0,905.6
8160.0,15480.0,905.9
8180.0,15480.0,906.3
8200.0,15480.0,906.6
8220.0,15480.0,907.0
8240.0,15480.0,907.5
8260.0,15480.0,908.0
8280.0,15480.0,908.5
8300.0,15480.0,909.1
8320.0,15480.0,909.7
8340.0,15480.0,910.3
8360.0,15480.0,911.0
8380.0,15480.0,911.6
8400.0,15480.0,912.2
8420.0,15480.0,912.8
8440.0,15480.0,913.2
8460.0,15480.0,913.6
8480.0,15480.0,913.8
8500.0,15480.0,913.9
8520.0,15480.0,913.7
8540.0,15480.0,913.4
8560.0,15480.0,913.0
8580.0,15480.0,912.3
8600.0,15480.0,911.4
8620.0,15480.0,910.3
8640.0,15480.0,909.1
8660.0,15480.0,907.7
8680.0,15480.0,906.3
8700.0,15480.0,904.7
7300.0,15500.0,924.0
7320.0,15500.0,923.0
7340.0,15500.0,921.9
7360.0,15500.0,920.7
7380.0,15500.0,919.4
7400.0,15500.0,918.1
7420.0,15500.0,916.7
7440.0,15500.0,915.2
7460.0,15500.0,913.7
7480.0,15500.0,912.1
7500.0,15500.0,910.5
7520.0,15500.0,908.9
7540.0,15500.0,907.2
7560.0,15500.0,905.6
7580.0,15500.0,904.1
7600.0,15500.0,902.6
7620.0,15500.0,901.3
7640.0,15500.0,900.1
7660.0,15500.0,899.0
7680.0,15500.0,898.1
7700.0,15500.0,897.5
7720.0,15500.0,896.9
7740.0,15500.0,896.6
7760.0,15500.0,896.5
7780.0,15500.0,896.5
7800.0,15500.0,896.7
7820.0,15500.0,897.1
7840.0,15500.0,897.6
7860.0,15500.0,898.1
7880.0,15500.0,898.8
7900.0,15500.0,899.5
7920.0,15500.0,900.2
7940.0,15500.0,900.9
7960.0,15500.0,901.5
7980.0,15500.0,902.2
8000.0,15500.0,902.8
8020.0,15500.0,903.3
8040.0,15500.0,903.7
8060.0,15500.0,904.1
8080.0,15500.0,904.4
8100.0,15500.0,904.6
8120.0,15500.0,904.9
8140.0,15500.0,905.0
8160.0,15500.0,905.2
8180.0,15500.0,905.4
8200.0,15500.0,905.6
8220.0,15500.0,905.9
8240.0,15500.0,906.1
8260.0,15500.0,906.5
8280.0,15500.0,906.9
8300.0,15500.0,907.4
8320.0,15500.0,907.9
8340.0,15500.0,908.4
8360.0,15500.0,909.0
8380.0,15500.0,909.6
8400.0,15500.0,910.2
8420.0,15500.0,910.7
8440.0,15500.0,911.2
8460.0,15500.0,911.6
8480.0,15500.0,911.9
8500.0,15500.0,912.0
8520.0,15500.0,911.9
8540.0,15500.0,911.7
8560.0,15500.0,911.3
8580.0,15500.0,910.7
8600.0,15500.0,909.9
8620.0,15500.0,909.0
8640.0,15500.0,907.8
8660.0,15500.0,906.5
8680.0,15500.0,905.1
8700.0,15500.0,903.7
7300.0,15520.0,924.8
7320.0,15520.0,923.6
7340.0,15520.0,922.4
7360.0,15520.0,921.2
7380.0,15520.0,919.9
7400.0,15520.0,918.5
7420.0,15520.0,917.1
7440.0,15520.0,915.6
7460.0,15520.0,914.1
7480.0,15520.0,912.5
7500.0,15520.0,910.9
7520.0,15520.0,909.3
7540.0,15520.0,907.7
7560.0,15520.0,906.1
7580.0,15520.0,904.6
7600.0,15520.0,903.2
7620.0,15520.0,901.9
7640.0,15520.0,900.8
7660.0,15520.0,899.8
7680.0,15520.0,898.9
7700.0,15520.0,898.3
7720.0,15520.0,897.8
7740.0,15520.0,897.5
7760.0,15520.0,897.4
7780.0,15520.0,897.5
7800.0,15520.0,897.7
7820.0,15520.0,898.1
7840.0,15520.0,898.5
7860.0,15520.0,899.0
7880.0,15520.0,899.6
7900.0,15520.0,900.3
7920.0,15520.0,900.9
7940.0,15520.0,901.5
7960.0,15520.0,902.1
7980.0,15520.0,902.7
8000.0,15520.0,903.1
8020.0,15520.0,903.5
8040.0,15520.0,903.8
8060.0,15520.0,904.0
8080.0,15520.0,904.2
8100.0,15520.0,904.3
8120.0,15520.0,904.4
8140.0,15520.0,904.4
8160.0,15520.0,904.4
8180.0,15520.0,904.4
8200.0,15520.0,904.5
8220.0,15520.0,904.6
8240.0,15520.0,904.7
8260.0,15520.0,904.9
8280.0,15520.0,905.2
8300.0,15520.0,905.6
8320.0,15520.0,906.0
8340.0,15520.0,906.5
8360.0,15520.0,907.0
8380.0,15520.0,907.5
8400.0,15520.0,908.1
8420.0,15520.0,908.6
8440.0,15520.0,909.1
8460.0,15520.0,909.5
8480.0,15520.0,909.8
8500.0,15520.0,910.0
8520.0,15520.0,910.0
8540.0,15520.0,909.9
8560.0,15520.0,909.6
8580.0,15520.0,909.1
8600.0,15520.0,908.4
8620.0,15520.0,907.6
8640.0,15520.0,906.5
8660.0,15520.0,905.4
8680.0,15520.0,904.1
8700.0,15520.0,902.7
7300.0,15540.0,925.6
7320.0,15540.0,924.3
7340.0,15540.0,923.0
7360.0,15540.0,921.7
7380.0,15540.0,920.4
7400.0,15540.0,919.0
7420.0,15540.0,917.5
7440.0,15540.0,916.0
7460.0,15540.0,914.4
7480.0,15540.0,912.9
7500.0,15540.0,911.3
7520.0,15540.0,909.7
7540.0,15540.0,908.2
7560.0,15540.0,906.6
7580.0,15540.0,905.2
7600.0,15540.0,903.8
7620.0,15540.0,902.6
7640.0,15540.0,901.5
7660.0,15540.0,900.6
7680.0,15540.0,899.8
7700.0,15540.0,899.2
7720.0,15540.0,898.7
7740.0,15540.0,898.5
7760.0,15540.0,898.4
7780.0,15540.0,898.4
7800.0,15540.0,898.6
7820.0,15540.0,899.0
7840.0,15540.0,899.4
7860.0,15540.0,899.9
7880.0,15540.0,900.4
7900.0,15540.0,901.0
7920.0,15540.0,901.6
7940.0,15540.0,902.1
7960.0,15540.0,902.6
7980.0,15540.0,903.0
8000.0,15540.0,903.3
8020.0,15540.0,903.6
8040.0,15540.0,903.8
8060.0,15540.0,903.8
8080.0,15540.0,903.9
8100.0,15540.0,903.8
8120.0,15540.0,903.7
8140.0,15540.0,903.6
8160.0,15540.0,903.4
8180.0,15540.0,903.3
8200.0,15540.0,903.2
8220.0,15540.0,903.2
8240.0,15540.0,903.2
8260.0,15540.0,903.3
8280.0,15540.0,903.4
8300.0,15540.0,903.7
8320.0,15540.0,904.0
8340.0,15540.0,904.4
8360.0,15540.0,904.9
8380.0,15540.0,905.4
8400.0,15540.0,905.9
8420.0,15540.0,906.5
8440.0,15540.0,907.0
8460.0,15540.0,907.4
8480.0,15540.0,907.7
8500.0,15540.0,908.0
8520.0,15540.0,908.1
8540.0,15540.0,908.0
8560.0,15540.0,907.8
8580.0,15540.0,907.4
8600.0,15540.0,906.9
8620.0,15540.0,906.1
8640.0,15540.0,905.2
8660.0,15540.0,904.2
8680.0,15540.0,903.0
8700.0,15540.0,901.8
7300.0,15560.0,926.4
7320.0,15560.0,925.1
7340.0,15560.0,923.7
7360.0,15560.0,922.3
7380.0,15560.0,920.9
7400.0,15560.0,919.4
7420.0,15560.0,917.9
7440.0,15560.0,916.4
7460.0,15560.0,914.9
7480.0,15560.0,913.3
7500.0,15560.0,911.7
7520.0,15560.0,910.2
7540.0,15560.0,908.7
7560.0,15560.0,907.2
7580.0,15560.0,905.8
7600.0,15560.0,904.5
7620.0,15560.0,903.3
7640.0,15560.0,902.3
7660.0,15560.0,901.4
7680.0,15560.0,900.6
7700.0,15560.0,900.0
7720.0,15560.0,899.6
7740.0,15560.0,899.4
7760.0,15560.0,899.3
7780.0,15560.0,899.3
7800.0,15560.0,899.5
7820.0,15560.0,899.8
7840.0,15560.0,900.2
7860.0,15560.0,900.6
7880.0,15560.0,901.1
7900.0,15560.0,901.6
7920.0,15560.0,902.1
7940.0,15560.0,902.5
7960.0,15560.0,902.9
7980.0,15560.0,903.2
8000.0,15560.0,903.4
8020.0,15560.0,903.5
8040.0,15560.0,903.5
8060.0,15560.0,903.5
8080.0,15560.0,903.4
8100.0,15560.0,903.2
8120.0,15560.0,902.9
8140.0,15560.0,902.6
8160.0,15560.0,902.4
8180.0,15560.0,902.1
8200.0,15560.0,901.9
8220.0,15560.0,901.7
8240.0,15560.0,901.6
8260.0,15560.0,901.5
8280.0,15560.0,901.6
8300.0,15560.0,901.8
8320.0,15560.0,902.0
8340.0,15560.0,902.3
8360.0,15560.0,902.8
8380.0,15560.0,903.2
8400.0,15560.0,903.7
8420.0,15560.0,904.2
8440.0,15560.0,904.7
8460.0,15560.0,905.2
8480.0,15560.0,905.6
8500.0,15560.0,905.9
8520.0,15560.0,906.1
8540.0,15560.0,906.1
8560.0,15560.0,906.0
8580.0,15560.0,905.7
8600.0,15560.0,905.3
8620.0,15560.0,904.7
8640.0,15560.0,904.0
8660.0,15560.0,903.1
8680.0,15560.0,902.0
8700.0,15560.0,900.9
7300.0,15580.0,927.3
7320.0,15580.0,925.8
7340.0,15580.0,924.4
7360.0,15580.0,922.9
7380.0,15580.0,921.4
7400.0,15580.0,919.9
7420.0,15580.0,918.4
7440.0,15580.0,916.9
7460.0,15580.0,915.3
7480.0,15580.0,913.7
7500.0,15580.0,912.2
7520.0,15580.0,910.7
7540.0,15580.0,909.2
7560.0,15580.0,907.8
7580.0,15580.0,906.4
7600.0,15580.0,905.2
7620.0,15580.0,904.0
7640.0,15580.0,903.0
7660.0,15580.0,902.2
7680.0,15580.0,901.4
7700.0,15580.0,900.9
7720.0,15580.0,900.5
7740.0,15580.0,900.2
7760.0,15580.0,900.1
7780.0,15580.0,900.2
7800.0,15580.0,900.3
7820.0,15580.0,900.6
7840.0,15580.0,900.9
7860.0,15580.0,901.3
7880.0,15580.0,901.7
7900.0,15580.0,902.1
7920.0,15580.0,902.4
7940.0,15580.0,902.7
7960.0,15580.0,903.0
7980.0,15580.0,903.2
8000.0,15580.0,903.3
8020.0,15580.0,903.3
8040.0,15580.0,903.2
8060.0,15580.0,903.0
8080.0,15580.0,902.7
8100.0,15580.0,902.4
8120.0,15580.0,902.0
8140.0,15580.0,901.6
8160.0,15580.0,901.2
8180.0,15580.0,900.8
8200.0,15580.0,900.4
8220.0,15580.0,900.1
8240.0,15580.0,899.9
8260.0,15580.0,899.8
8280.0,15580.0,899.7
8300.0,15580.0,899.8
8320.0,15580.0,900.0
8340.0,15580.0,900.2
8360.0,15580.0,900.6
8380.0,15580.0,901.0
8400.0,15580.0,901.5
8420.0,15580.0,902.0
8440.0,15580.0,902.5
8460.0,15580.0,903.0
8480.0,15580.0,903.4
8500.0,15580.0,903.8
8520.0,15580.0,904.1
8540.0,15580.0,904.2
8560.0,15580.0,904.2
8580.0,15580.0,904.0
8600.0,15580.0,903.7
8620.0,15580.0,903.3
8640.0,15580.0,902.7
8660.0,15580.0,901.9
8680.0,15580.0,901.1
8700.0,15580.0,900.1
7300.0,15600.0,928.2
7320.0,15600.0,926.6
7340.0,15600.0,925.1
7360.0,15600.0,923.5
7380.0,15600.0,922.0
7400.0,15600.0,920.4
7420.0,15600.0,918.9
7440.0,15600.0,917.3
7460.0,15600.0,915.7
7480.0,15600.0,914.2
7500.0,15600.0,912.7
7520.0,15600.0,911.2
7540.0,15600.0,909.7
7560.0,15600.0,908.3
7580.0,15600.0,907.0
7600.0,15600.0,905.8
7620.0,15600.0,904.7
7640.0,15600.0,903.8
7660.0,15600.0,902.9
7680.0,15600.0,902.2
7700.0,15600.0,901.7
7720.0,15600.0,901.3
7740.0,15600.0,901.1
7760.0,15600.0,900.9
7780.0,15600.0,900.9
7800.0,15600.0,901.1
7820.0,15600.0,901.2
7840.0,15600.0,901.5
7860.0,15600.0,901.8
7880.0,15600.0,902.1
7900.0,15600.0,902.4
7920.0,15600.0,902.6
7940.0,15600.0,902.8
7960.0,15600.0,903.0
7980.0,15600.0,903.0
8000.0,15600.0,903.0
8020.0,15600.0,902.9
8040.0,15600.0,902.6
8060.0,15600.0,902.3
8080.0,15600.0,901.9
8100.0,15600.0,901.5
8120.0,15600.0,901.0
8140.0,15600.0,900.4
8160.0,15600.0,899.9
8180.0,15600.0,899.4
8200.0,15600.0,898.9
8220.0,15600.0,898.5
8240.0,15600.0,898.2
8260.0,15600.0,898.0
8280.0,15600.0,897.8
8300.0,15600.0,897.8
8320.0,15600.0,897.9
8340.0,15600.0,898.1
8360.0,15600.0,898.4
8380.0,15600.0,898.8
8400.0,15600.0,899.3
8420.0,15600.0,899.8
8440.0,15600.0,900.3
8460.0,15600.0,900.8
8480.0,15600.0,901.3
8500.0,15600.0,901.7
8520.0,15600.0,902.0
8540.0,15600.0,902.3
8560.0,15600.0,902.4
8580.0,15600.0,902.3
8600.0,15600.0,902.2
8620.0,15600.0,901.9
8640.0,15600.0,901.4
8660.0,15600.0,900.8
8680.0,15600.0,900.1
8700.0,15600.0,899.3
7300.0,15620.0,929.1
7320.0,15620.0,927.5
7340.0,15620.0,925.8
7360.0,15620.0,924.2
7380.0,15620.0,922.6
7400.0,15620.0,921.0
7420.0,15620.0,919.4
7440.0,15620.0,917.8
7460.0,15620.0,916.2
7480.0,15620.0,914.6
7500.0,15620.0,913.1
7520.0,15620.0,911.6
7540.0,15620.0,910.2
7560.0,15620.0,908.8
7580.0,15620.0,907.6
7600.0,15620.0,906.4
7620.0,15620.0,905.4
7640.0,15620.0,904.4
7660.0,15620.0,903.6
7680.0,15620.0,903.0
7700.0,15620.0,902.4
7720.0,15620.0,902.0
7740.0,15620.0,901.8
7760.0,15620.0,901.6
7780.0,15620.0,901.6
7800.0,15620.0,901.7
7820.0,15620.0,901.8
7840.0,15620.0,902.0
7860.0,15620.0,902.2
7880.0,15620.0,902.4
7900.0,15620.0,902.6
7920.0,15620.0,902.7
7940.0,15620.0,902.8
7960.0,15620.0,902.8
7980.0,15620.0,902.7
8000.0,15620.0,902.6
8020.0,15620.0,902.3
8040.0,15620.0,901.9
8060.0,15620.0,901.5
8080.0,15620.0,901.0
8100.0,15620.0,900.4
8120.0,15620.0,899.8
8140.0,15620.0,899.1
8160.0,15620.0,898.5
8180.0,15620.0,897.9
8200.0,15620.0,897.3
8220.0,15620.0,896.8
8240.0,15620.0,896.4
8260.0,15620.0,896.1
8280.0,15620.0,895.9
8300.0,15620.0,895.8
8320.0,15620.0,895.9
8340.0,15620.0,896.0
8360.0,15620.0,896.3
8380.0,15620.0,896.7
8400.0,15620.0,897.1
8420.0,15620.0,897.6
8440.0,15620.0,898.1
8460.0,15620.0,898.6
8480.0,15620.0,899.2
8500.0,15620.0,899.6
8520.0,15620.0,900.0
8540.0,15620.0,900.3
8560.0,15620.0,900.6
8580.0,15620.0,900.6
8600.0,15620.0,900.6
8620.0,15620.0,900.5
8640.0,15620.0,900.2
8660.0,15620.0,899.8
8680.0,15620.0,899.2
8700.0,15620.0,898.6
7300.0,15640.0,930.1
7320.0,15640.0,928.4
7340.0,15640.0,926.6
7360.0,15640.0,924.9
7380.0,15640.0,923.2
7400.0,15640.0,921.5
7420.0,15640.0,919.9
7440.0,15640.0,918.2
7460.0,15640.0,916.6
7480.0,15640.0,915.0
7500.0,15640.0,913.5
7520.0,15640.0,912.0
7540.0,15640.0,910.6
7560.0,15640.0,909.3
7580.0,15640.0,908.1
7600.0,15640.0,906.9
7620.0,15640.0,905.9
7640.0,15640.0,905.0
7660.0,15640.0,904.2
7680.0,15640.0,903.6
7700.0,15640.0,903.1
7720.0,15640.0,902.7
7740.0,15640.0,902.4
7760.0,15640.0,902.2
7780.0,15640.0,902.2
7800.0,15640.0,902.2
7820.0,15640.0,902.2
7840.0,15640.0,902.3
7860.0,15640.0,902.4
7880.0,15640.0,902.5
7900.0,15640.0,902.6
7920.0,15640.0,902.6
7940.0,15640.0,902.6
7960.0,15640.0,902.5
7980.0,15640.0,902.3
8000.0,15640.0,902.0
8020.0,15640.0,901.6
8040.0,15640.0,901.1
8060.0,15640.0,900.5
8080.0,15640.0,899.9
8100.0,15640.0,899.2
8120.0,15640.0,898.5
8140.0,15640.0,897.8
8160.0,15640.0,897.1
8180.0,15640.0,896.4
8200.0,15640.0,895.7
8220.0,15640.0,895.1
8240.0,15640.0,894.7
8260.0,15640.0,894.3
8280.0,15640.0,894.0
8300.0,15640.0,893.9
8320.0,15640.0,893.9
8340.0,15640.0,894.0
8360.0,15640.0,894.2
8380.0,15640.0,894.6
8400.0,15640.0,895.0
8420.0,15640.0,895.5
8440.0,15640.0,896.0
8460.0,15640.0,896.5
8480.0,15640.0,897.1
8500.0,15640.0,897.6
8520.0,15640.0,898.1
8540.0,15640.0,898.5
8560.0,15640.0,898.8
8580.0,15640.0,899.0
8600.0,15640.0,899.1
8620.0,15640.0,899.1
8640.0,15640.0,898.9
8660.0,15640.0,898.7
8680.0,15640.0,898.4
8700.0,15640.0,897.9
7300.0,15660.0,931.1
7320.0,15660.0,929.3
7340.0,15660.0,927.4
7360.0,15660.0,925.6
7380.0,15660.0,923.8
7400.0,15660.0,922.1
7420.0,15660.0,920.3
7440.0,15660.0,918.6
7460.0,15660.0,917.0
7480.0,15660.0,915.4
7500.0,15660.0,913.8
7520.0,15660.0,912.4
7540.0,15660.0,911.0
7560.0,15660.0,909.7
7580.0,15660.0,908.4
7600.0,15660.0,907.3
7620.0,15660.0,906.3
7640.0,15660.0,905.5
7660.0,15660.0,904.7
7680.0,15660.0,904.1
7700.0,15660.0,903.6
7720.0,15660.0,903.2
7740.0,15660.0,902.9
7760.0,15660.0,902.7
7780.0,15660.0,902.5
7800.0,15660.0,902.5
7820.0,15660.0,902.5
7840.0,15660.0,902.5
7860.0,15660.0,902.5
7880.0,15660.0,902.5
7900.0,15660.0,902.4
7920.0,15660.0,902.4
7940.0,15660.0,902.2
7960.0,15660.0,902.0
7980.0,15660.0,901.6
8000.0,15660.0,901.2
8020.0,15660.0,900.7
8040.0,15660.0,900.1
8060.0,15660.0,899.5
8080.0,15660.0,898.7
8100.0,15660.0,898.0
8120.0,15660.0,897.1
8140.0,15660.0,896.3
8160.0,15660.0,895.5
8180.0,15660.0,894.8
8200.0,15660.0,894.1
8220.0,15660.0,893.4
8240.0,15660.0,892.9
8260.0,15660.0,892.5
8280.0,15660.0,892.2
8300.0,15660.0,892.0
8320.0,15660.0,892.0
8340.0,15660.0,892.0
8360.0,15660.0,892.2
8380.0,15660.0,892.5
8400.0,15660.0,892.9
8420.0,15660.0,893.4
8440.0,15660.0,893.9
8460.0,15660.0,894.5
8480.0,15660.0,895.1
8500.0,15660.0,895.6
8520.0,15660.0,896.1
8540.0,15660.0,896.6
8560.0,15660.0,897.0
8580.0,15660.0,897.3
8600.0,15660.0,897.6
8620.0,15660.0,897.7
8640.0,15660.0,897.7
8660.0,15660.0,897.7
8680.0,15660.0,897.5
8700.0,15660.0,897.3
7300.0,15680.0,932.1
7320.0,15680.0,930.2
7340.0,15680.0,928.2
7360.0,15680.0,926.3
7380.0,15680.0,924.4
7400.0,15680.0,922.6
7420.0,15680.0,920.8
7440.0,15680.0,919.0
7460.0,15680.0,917.3
7480.0,15680.0,915.6
7500.0,15680.0,914.1
7520.0,15680.0,912.6
7540.0,15680.0,911.2
7560.0,15680.0,909.9
7580.0,15680.0,908.7
7600.0,15680.0,907.6
7620.0,15680.0,906.6
7640.0,15680.0,905.8
7660.0,15680.0,905.0
7680.0,15680.0,904.4
7700.0,15680.0,903.9
7720.0,15680.0,903.5
7740.0,15680.0,903.2
7760.0,15680.0,902.9
7780.0,15680.0,902.8
7800.0,15680.0,902.7
7820.0,15680.0,902.6
7840.0,15680.0,902.5
7860.0,15680.0,902.4
7880.0,15680.0,902.3
7900.0,15680.0,902.1
7920.0,15680.0,901.9
7940.0,15680.0,901.7
7960.0,15680.0,901.3
7980.0,15680.0,900.9
8000.0,15680.0,900.3
8020.0,15680.0,899.7
8040.0,15680.0,899.0
8060.0,15680.0,898.3
8080.0,15680.0,897.4
8100.0,15680.0,896.6
8120.0,15680.0,895.7
8140.0,15680.0,894.8
8160.0,15680.0,894.0
8180.0,15680.0,893.2
8200.0,15680.0,892.4
8220.0,15680.0,891.7
8240.0,15680.0,891.2
8260.0,15680.0,890.7
8280.0,15680.0,890.4
8300.0,15680.0,890.2
8320.0,15680.0,890.1
8340.0,15680.0,890.1
8360.0,15680.0,890.3
8380.0,15680.0,890.6
8400.0,15680.0,891.0
8420.0,15680.0,891.4
8440.0,15680.0,892.0
8460.0,15680.0,892.5
8480.0,15680.0,893.1
8500.0,15680.0,893.7
8520.0,15680.0,894.3
8540.0,15680.0,894.8
8560.0,15680.0,895.3
8580.0,15680.0,895.8
8600.0,15680.0,896.1
8620.0,15680.0,896.4
8640.0,15680.0,896.6
8660.0,15680.0,896.6
8680.0,15680.0,896.7
8700.0,15680.0,896.6
7300.0,15700.0,933.2
7320.0,15700.0,931.1
7340.0,15700.0,929.0
7360.0,15700.0,927.0
7380.0,15700.0,925.0
7400.0,15700.0,923.0
7420.0,15700.0,921.1
7440.0,15700.0,919.3
7460.0,15700.0,917.5
7480.0,15700.0,915.8
7500.0,15700.0,914.2
7520.0,15700.0,912.7
7540.0,15700.0,911.3
7560.0,15700.0,910.0
7580.0,15700.0,908.8
7600.0,15700.0,907.7
7620.0,15700.0,906.7
7640.0,15700.0,905.9
7660.0,15700.0,905.2
7680.0,15700.0,904.5
7700.0,15700.0,904.0
7720.0,15700.0,903.6
7740.0,15700.0,903.3
7760.0,15700.0,903.0
7780.0,15700.0,902.8
7800.0,15700.0,902.6
7820.0,15700.0,902.5
7840.0,15700.0,902.3
7860.0,15700.0,902.1
7880.0,15700.0,901.9
7900.0,15700.0,901.7
7920.0,15700.0,901.4
7940.0,15700.0,901.0
7960.0,15700.0,900.5
7980.0,15700.0,900.0
8000.0,15700.0,899.3
8020.0,15700.0,898.6
8040.0,15700.0,897.8
8060.0,15700.0,897.0
8080.0,15700.0,896.1
8100.0,15700.0,895.2
8120.0,15700.0,894.2
8140.0,15700.0,893.3
8160.0,15700.0,892.4
8180.0,15700.0,891.5
8200.0,15700.0,890.8
8220.0,15700.0,890.1
8240.0,15700.0,889.5
8260.0,15700.0,889.0
8280.0,15700.0,888.6
8300.0,15700.0,888.4
8320.0,15700.0,888.3
8340.0,15700.0,888.4
8360.0,15700.0,888.5
8380.0,15700.0,888.8
8400.0,15700.0,889.2
8420.0,15700.0,889.6
8440.0,15700.0,890.1
8460.0,15700.0,890.7
8480.0,15700.0,891.3
8500.0,15700.0,891.9
8520.0,15700.0,892.6
8540.0,15700.0,893.2
8560.0,15700.0,893.7
8580.0,15700.0,894.2
8600.0,15700.0,894.7
8620.0,15700.0,895.1
8640.0,15700.0,895.4
8660.0,15700.0,895.6
8680.0,15700.0,895.8
8700.0,15700.0,895.9
